//*****************************************************************************
//
//! @file b_02_argb8888.h
//
//*****************************************************************************

//*****************************************************************************
//
// ${copyright}
//
// This is part of revision ${version} of the AmbiqSuite Development Package.
//
//*****************************************************************************

#ifndef B_02_ARGB8888__
#define B_02_ARGB8888__


const unsigned char b_02_argb8888[] = {
0xff, 0xff, 0xff, 0x00, 0xff, 0xff, 0xff, 0x00, 0xff, 0xff, 0xff, 0x00, 0xff, 0xff, 0xff,
0x00, 0xff, 0xff, 0xff, 0x00, 0xff, 0xff, 0xff, 0x00, 0xff, 0xff, 0xff, 0x00, 0xff, 0xff,
0xff, 0x00, 0xff, 0xff, 0xff, 0x00, 0xff, 0xff, 0xff, 0x00, 0xff, 0xff, 0xff, 0x00, 0xff,
0xff, 0xff, 0x00, 0xff, 0xff, 0xff, 0x00, 0xff, 0xff, 0xff, 0x00, 0xff, 0xff, 0xff, 0x00,
0xff, 0xff, 0xff, 0x00, 0xff, 0xff, 0xff, 0x00, 0xff, 0xff, 0xff, 0x00, 0xff, 0xff, 0xff,
0x00, 0xff, 0xff, 0xff, 0x00, 0xff, 0xff, 0xff, 0x00, 0xff, 0xff, 0xff, 0x00, 0xff, 0xff,
0xff, 0x00, 0xff, 0xff, 0xff, 0x00, 0xff, 0xff, 0xff, 0x00, 0xff, 0xff, 0xff, 0x00, 0xff,
0xff, 0xff, 0x00, 0xff, 0xff, 0xff, 0x00, 0xff, 0xff, 0xff, 0x00, 0xff, 0xff, 0xff, 0x00,
0xff, 0xff, 0xff, 0x00, 0xff, 0xff, 0xff, 0x00, 0xff, 0xff, 0xff, 0x00, 0xff, 0xff, 0xff,
0x00, 0xff, 0xff, 0xff, 0x00, 0xff, 0xff, 0xff, 0x00, 0xff, 0xff, 0xff, 0x00, 0xff, 0xff,
0xff, 0x00, 0xff, 0xff, 0xff, 0x00, 0xff, 0xff, 0xff, 0x00, 0xff, 0xff, 0xff, 0x00, 0xff,
0xff, 0xff, 0x00, 0xff, 0xff, 0xff, 0x00, 0xff, 0xff, 0xff, 0x00, 0xff, 0xff, 0xff, 0x00,
0xff, 0xff, 0xff, 0x00, 0xff, 0xff, 0xff, 0x00, 0xff, 0xff, 0xff, 0x00, 0xff, 0xff, 0xff,
0x00, 0xff, 0xff, 0xff, 0x00, 0xff, 0xff, 0xff, 0x00, 0xff, 0xff, 0xff, 0x00, 0xff, 0xff,
0xff, 0x00, 0xff, 0xff, 0xff, 0x00, 0xff, 0xff, 0xff, 0x00, 0xff, 0xff, 0xff, 0x00, 0xff,
0xff, 0xff, 0x00, 0xff, 0xff, 0xff, 0x00, 0xff, 0xff, 0xff, 0x00, 0xff, 0xff, 0xff, 0x00,
0xff, 0xff, 0xff, 0x00, 0xff, 0xff, 0xff, 0x00, 0xff, 0xff, 0xff, 0x00, 0xff, 0xff, 0xff,
0x00, 0xff, 0xff, 0xff, 0x00, 0xff, 0xff, 0xff, 0x00, 0xff, 0xff, 0xff, 0x00, 0xff, 0xff,
0xff, 0x00, 0xff, 0xff, 0xff, 0x00, 0xff, 0xff, 0xff, 0x00, 0xff, 0xff, 0xff, 0x00, 0xff,
0xff, 0xff, 0x00, 0xff, 0xff, 0xff, 0x00, 0xff, 0xff, 0xff, 0x00, 0xff, 0xff, 0xff, 0x00,
0xff, 0xff, 0xff, 0x00, 0xff, 0xff, 0xff, 0x00, 0xff, 0xff, 0xff, 0x00, 0xff, 0xff, 0xff,
0x00, 0xff, 0xff, 0xff, 0x00, 0xff, 0xff, 0xff, 0x00, 0xff, 0xff, 0xff, 0x00, 0xff, 0xff,
0xff, 0x00, 0xff, 0xff, 0xff, 0x00, 0xff, 0xff, 0xff, 0x00, 0xff, 0xff, 0xff, 0x00, 0xff,
0xff, 0xff, 0x00, 0xff, 0xff, 0xff, 0x00, 0xff, 0xff, 0xff, 0x00, 0xff, 0xff, 0xff, 0x00,
0xff, 0xff, 0xff, 0x00, 0xff, 0xff, 0xff, 0x00, 0xff, 0xff, 0xff, 0x00, 0xff, 0xff, 0xff,
0x00, 0xff, 0xff, 0xff, 0x00, 0xff, 0xff, 0xff, 0x00, 0xff, 0xff, 0xff, 0x00, 0xff, 0xff,
0xff, 0x00, 0xff, 0xff, 0xff, 0x00, 0xff, 0xff, 0xff, 0x00, 0xff, 0xff, 0xff, 0x00, 0xff,
0xff, 0xff, 0x00, 0xff, 0xff, 0xff, 0x00, 0xff, 0xff, 0xff, 0x00, 0xff, 0xff, 0xff, 0x00,
0xff, 0xff, 0xff, 0x00, 0xff, 0xff, 0xff, 0x00, 0xff, 0xff, 0xff, 0x00, 0xff, 0xff, 0xff,
0x00, 0xff, 0xff, 0xff, 0x00, 0xff, 0xff, 0xff, 0x00, 0xff, 0xff, 0xff, 0x00, 0xff, 0xff,
0xff, 0x00, 0xff, 0xff, 0xff, 0x00, 0xff, 0xff, 0xff, 0x00, 0xff, 0xff, 0xff, 0x00, 0xff,
0xff, 0xff, 0x00, 0xff, 0xff, 0xff, 0x00, 0xff, 0xff, 0xff, 0x00, 0xff, 0xff, 0xff, 0x00,
0xff, 0xff, 0xff, 0x00, 0xff, 0xff, 0xff, 0x00, 0xff, 0xff, 0xff, 0x00, 0xff, 0xff, 0xff,
0x00, 0xff, 0xff, 0xff, 0x00, 0xff, 0xff, 0xff, 0x00, 0xff, 0xff, 0xff, 0x00, 0xff, 0xff,
0xff, 0x00, 0xff, 0xff, 0xff, 0x00, 0xff, 0xff, 0xff, 0x00, 0xff, 0xff, 0xff, 0x00, 0xff,
0xff, 0xff, 0x00, 0xff, 0xff, 0xff, 0x00, 0xff, 0xff, 0xff, 0x00, 0xff, 0xff, 0xff, 0x00,
0xff, 0xff, 0xff, 0x00, 0xff, 0xff, 0xff, 0x00, 0xff, 0xff, 0xff, 0x00, 0xff, 0xff, 0xff,
0x00, 0xff, 0xff, 0xff, 0x00, 0xff, 0xff, 0xff, 0x00, 0xff, 0xff, 0xff, 0x00, 0xff, 0xff,
0xff, 0x00, 0xff, 0xff, 0xff, 0x00, 0xff, 0xff, 0xff, 0x00, 0xff, 0xff, 0xff, 0x00, 0xff,
0xff, 0xff, 0x00, 0xff, 0xff, 0xff, 0x00, 0xff, 0xff, 0xff, 0x00, 0xff, 0xff, 0xff, 0x00,
0xff, 0xff, 0xff, 0x00, 0xff, 0xff, 0xff, 0x00, 0xff, 0xff, 0xff, 0x00, 0xff, 0xff, 0xff,
0x00, 0xff, 0xff, 0xff, 0x00, 0xff, 0xff, 0xff, 0x00, 0xff, 0xff, 0xff, 0x00, 0xff, 0xff,
0xff, 0x00, 0xff, 0xff, 0xff, 0x00, 0xff, 0xff, 0xff, 0x00, 0xff, 0xff, 0xff, 0x00, 0xff,
0xff, 0xff, 0x00, 0xff, 0xff, 0xff, 0x00, 0xff, 0xff, 0xff, 0x00, 0xff, 0xff, 0xff, 0x00,
0xff, 0xff, 0xff, 0x00, 0xff, 0xff, 0xff, 0x00, 0xff, 0xff, 0xff, 0x00, 0xff, 0xff, 0xff,
0x00, 0xff, 0xff, 0xff, 0x00, 0xff, 0xff, 0xff, 0x00, 0xff, 0xff, 0xff, 0x00, 0xff, 0xff,
0xff, 0x00, 0xff, 0xff, 0xff, 0x00, 0xff, 0xff, 0xff, 0x00, 0xff, 0xff, 0xff, 0x00, 0xff,
0xff, 0xff, 0x00, 0xff, 0xff, 0xff, 0x00, 0xff, 0xff, 0xff, 0x00, 0xff, 0xff, 0xff, 0x00,
0xff, 0xff, 0xff, 0x00, 0xff, 0xff, 0xff, 0x00, 0xff, 0xff, 0xff, 0x00, 0xff, 0xff, 0xff,
0x00, 0xff, 0xff, 0xff, 0x00, 0xff, 0xff, 0xff, 0x00, 0xff, 0xff, 0xff, 0x00, 0xff, 0xff,
0xff, 0x00, 0xff, 0xff, 0xff, 0x00, 0xff, 0xff, 0xff, 0x00, 0xff, 0xff, 0xff, 0x00, 0xff,
0xff, 0xff, 0x00, 0xff, 0xff, 0xff, 0x00, 0xff, 0xff, 0xff, 0x00, 0xff, 0xff, 0xff, 0x00,
0xff, 0xff, 0xff, 0x00, 0xff, 0xff, 0xff, 0x00, 0xff, 0xff, 0xff, 0x00, 0xff, 0xff, 0xff,
0x00, 0xff, 0xff, 0xff, 0x00, 0xff, 0xff, 0xff, 0x00, 0xff, 0xff, 0xff, 0x00, 0xff, 0xff,
0xff, 0x00, 0xff, 0xff, 0xff, 0x00, 0xff, 0xff, 0xff, 0x00, 0xff, 0xff, 0xff, 0x00, 0xff,
0xff, 0xff, 0x00, 0xff, 0xff, 0xff, 0x00, 0xff, 0xff, 0xff, 0x00, 0xff, 0xff, 0xff, 0x00,
0xff, 0xff, 0xff, 0x00, 0xff, 0xff, 0xff, 0x00, 0xff, 0xff, 0xff, 0x00, 0xff, 0xff, 0xff,
0x00, 0xff, 0xff, 0xff, 0x00, 0xff, 0xff, 0xff, 0x00, 0xff, 0xff, 0xff, 0x00, 0xff, 0xff,
0xff, 0x00, 0xff, 0xff, 0xff, 0x00, 0xff, 0xff, 0xff, 0x00, 0xff, 0xff, 0xff, 0x00, 0xff,
0xff, 0xff, 0x00, 0xff, 0xff, 0xff, 0x00, 0xff, 0xff, 0xff, 0x00, 0xff, 0xff, 0xff, 0x00,
0xff, 0xff, 0xff, 0x00, 0xff, 0xff, 0xff, 0x00, 0xff, 0xff, 0xff, 0x00, 0xff, 0xff, 0xff,
0x00, 0xff, 0xff, 0xff, 0x00, 0xff, 0xff, 0xff, 0x00, 0xff, 0xff, 0xff, 0x00, 0xff, 0xff,
0xff, 0x00, 0xff, 0xff, 0xff, 0x00, 0xff, 0xff, 0xff, 0x00, 0xff, 0xff, 0xff, 0x00, 0xff,
0xff, 0xff, 0x00, 0xff, 0xff, 0xff, 0x00, 0xff, 0xff, 0xff, 0x00, 0xff, 0xff, 0xff, 0x00,
0xff, 0xff, 0xff, 0x00, 0xff, 0xff, 0xff, 0x00, 0xff, 0xff, 0xff, 0x00, 0xff, 0xff, 0xff,
0x00, 0xff, 0xff, 0xff, 0x00, 0xff, 0xff, 0xff, 0x00, 0xff, 0xff, 0xff, 0x00, 0xff, 0xff,
0xff, 0x00, 0xff, 0xff, 0xff, 0x00, 0xff, 0xff, 0xff, 0x00, 0xff, 0xff, 0xff, 0x00, 0xff,
0xff, 0xff, 0x00, 0xff, 0xff, 0xff, 0x00, 0xff, 0xff, 0xff, 0x00, 0xff, 0xff, 0xff, 0x00,
0xff, 0xff, 0xff, 0x00, 0xff, 0xff, 0xff, 0x00, 0xff, 0xff, 0xff, 0x00, 0xff, 0xff, 0xff,
0x00, 0xff, 0xff, 0xff, 0x00, 0xff, 0xff, 0xff, 0x00, 0xff, 0xff, 0xff, 0x00, 0xff, 0xff,
0xff, 0x00, 0xff, 0xff, 0xff, 0x00, 0xff, 0xff, 0xff, 0x00, 0xff, 0xff, 0xff, 0x00, 0xff,
0xff, 0xff, 0x00, 0xff, 0xff, 0xff, 0x00, 0xff, 0xff, 0xff, 0x00, 0xff, 0xff, 0xff, 0x00,
0xff, 0xff, 0xff, 0x00, 0xff, 0xff, 0xff, 0x00, 0xff, 0xff, 0xff, 0x00, 0xff, 0xff, 0xff,
0x00, 0xff, 0xff, 0xff, 0x00, 0xff, 0xff, 0xff, 0x00, 0xff, 0xff, 0xff, 0x00, 0xff, 0xff,
0xff, 0x00, 0xff, 0xff, 0xff, 0x00, 0xff, 0xff, 0xff, 0x00, 0xff, 0xff, 0xff, 0x00, 0xff,
0xff, 0xff, 0x00, 0xff, 0xff, 0xff, 0x00, 0xff, 0xff, 0xff, 0x00, 0xff, 0xff, 0xff, 0x00,
0xff, 0xff, 0xff, 0x00, 0xff, 0xff, 0xff, 0x00, 0xff, 0xff, 0xff, 0x00, 0xff, 0xff, 0xff,
0x00, 0xff, 0xff, 0xff, 0x00, 0xff, 0xff, 0xff, 0x00, 0xff, 0xff, 0xff, 0x00, 0xff, 0xff,
0xff, 0x00, 0xff, 0xff, 0xff, 0x00, 0xff, 0xff, 0xff, 0x00, 0xff, 0xff, 0xff, 0x00, 0xff,
0xff, 0xff, 0x00, 0xff, 0xff, 0xff, 0x00, 0xff, 0xff, 0xff, 0x00, 0xff, 0xff, 0xff, 0x00,
0xff, 0xff, 0xff, 0x00, 0xff, 0xff, 0xff, 0x00, 0xff, 0xff, 0xff, 0x00, 0xff, 0xff, 0xff,
0x00, 0xff, 0xff, 0xff, 0x00, 0xff, 0xff, 0xff, 0x00, 0xff, 0xff, 0xff, 0x00, 0xff, 0xff,
0xff, 0x00, 0xff, 0xff, 0xff, 0x00, 0xff, 0xff, 0xff, 0x00, 0xff, 0xff, 0xff, 0x00, 0xff,
0xff, 0xff, 0x00, 0xff, 0xff, 0xff, 0x00, 0xff, 0xff, 0xff, 0x00, 0xff, 0xff, 0xff, 0x00,
0xff, 0xff, 0xff, 0x00, 0xff, 0xff, 0xff, 0x00, 0xff, 0xff, 0xff, 0x00, 0xff, 0xff, 0xff,
0x00, 0xff, 0xff, 0xff, 0x00, 0xff, 0xff, 0xff, 0x00, 0xff, 0xff, 0xff, 0x00, 0xff, 0xff,
0xff, 0x00, 0xff, 0xff, 0xff, 0x00, 0xff, 0xff, 0xff, 0x00, 0xff, 0xff, 0xff, 0x00, 0xff,
0xff, 0xff, 0x00, 0xff, 0xff, 0xff, 0x00, 0xff, 0xff, 0xff, 0x00, 0xff, 0xff, 0xff, 0x00,
0xff, 0xff, 0xff, 0x00, 0xff, 0xff, 0xff, 0x00, 0xff, 0xff, 0xff, 0x00, 0xff, 0xff, 0xff,
0x00, 0xff, 0xff, 0xff, 0x00, 0xff, 0xff, 0xff, 0x00, 0xff, 0xff, 0xff, 0x00, 0xff, 0xff,
0xff, 0x00, 0xff, 0xff, 0xff, 0x00, 0xff, 0xff, 0xff, 0x00, 0xff, 0xff, 0xff, 0x00, 0xff,
0xff, 0xff, 0x00, 0xff, 0xff, 0xff, 0x00, 0xff, 0xff, 0xff, 0x00, 0xff, 0xff, 0xff, 0x00,
0xff, 0xff, 0xff, 0x00, 0xff, 0xff, 0xff, 0x00, 0xff, 0xff, 0xff, 0x00, 0xff, 0xff, 0xff,
0x00, 0xff, 0xff, 0xff, 0x00, 0xff, 0xff, 0xff, 0x00, 0xff, 0xff, 0xff, 0x00, 0xff, 0xff,
0xff, 0x00, 0xff, 0xff, 0xff, 0x00, 0xff, 0xff, 0xff, 0x00, 0xff, 0xff, 0xff, 0x00, 0xff,
0xff, 0xff, 0x00, 0xff, 0xff, 0xff, 0x00, 0xff, 0xff, 0xff, 0x00, 0xff, 0xff, 0xff, 0x00,
0xff, 0xff, 0xff, 0x00, 0xff, 0xff, 0xff, 0x00, 0xff, 0xff, 0xff, 0x00, 0xff, 0xff, 0xff,
0x00, 0xff, 0xff, 0xff, 0x00, 0xff, 0xff, 0xff, 0x00, 0xff, 0xff, 0xff, 0x00, 0xff, 0xff,
0xff, 0x00, 0xff, 0xff, 0xff, 0x00, 0xff, 0xff, 0xff, 0x00, 0xff, 0xff, 0xff, 0x00, 0xff,
0xff, 0xff, 0x00, 0xff, 0xff, 0xff, 0x00, 0xff, 0xff, 0xff, 0x00, 0xff, 0xff, 0xff, 0x00,
0xff, 0xff, 0xff, 0x00, 0xff, 0xff, 0xff, 0x00, 0xff, 0xff, 0xff, 0x00, 0xff, 0xff, 0xff,
0x00, 0xff, 0xff, 0xff, 0x00, 0xff, 0xff, 0xff, 0x00, 0xff, 0xff, 0xff, 0x00, 0xff, 0xff,
0xff, 0x00, 0xff, 0xff, 0xff, 0x00, 0xff, 0xff, 0xff, 0x00, 0xff, 0xff, 0xff, 0x00, 0xff,
0xff, 0xff, 0x00, 0xff, 0xff, 0xff, 0x00, 0xff, 0xff, 0xff, 0x00, 0xff, 0xff, 0xff, 0x00,
0xff, 0xff, 0xff, 0x00, 0xff, 0xff, 0xff, 0x00, 0xff, 0xff, 0xff, 0x00, 0xff, 0xff, 0xff,
0x00, 0xff, 0xff, 0xff, 0x00, 0xff, 0xff, 0xff, 0x00, 0xff, 0xff, 0xff, 0x00, 0xff, 0xff,
0xff, 0x00, 0xff, 0xff, 0xff, 0x00, 0xff, 0xff, 0xff, 0x00, 0xff, 0xff, 0xff, 0x00, 0xff,
0xff, 0xff, 0x00, 0xff, 0xff, 0xff, 0x00, 0xff, 0xff, 0xff, 0x00, 0xff, 0xff, 0xff, 0x00,
0xff, 0xff, 0xff, 0x00, 0xff, 0xff, 0xff, 0x00, 0xff, 0xff, 0xff, 0x00, 0xff, 0xff, 0xff,
0x00, 0xff, 0xff, 0xff, 0x00, 0xff, 0xff, 0xff, 0x00, 0xff, 0xff, 0xff, 0x00, 0xff, 0xff,
0xff, 0x00, 0xff, 0xff, 0xff, 0x00, 0xff, 0xff, 0xff, 0x00, 0xff, 0xff, 0xff, 0x00, 0xff,
0xff, 0xff, 0x00, 0xff, 0xff, 0xff, 0x00, 0xff, 0xff, 0xff, 0x00, 0xff, 0xff, 0xff, 0x00,
0xff, 0xff, 0xff, 0x00, 0xff, 0xff, 0xff, 0x00, 0xff, 0xff, 0xff, 0x00, 0xff, 0xff, 0xff,
0x00, 0xff, 0xff, 0xff, 0x00, 0xff, 0xff, 0xff, 0x00, 0xff, 0xff, 0xff, 0x00, 0xff, 0xff,
0xff, 0x00, 0xff, 0xff, 0xff, 0x00, 0xff, 0xff, 0xff, 0x00, 0xff, 0xff, 0xff, 0x00, 0xff,
0xff, 0xff, 0x00, 0xff, 0xff, 0xff, 0x00, 0xff, 0xff, 0xff, 0x00, 0xff, 0xff, 0xff, 0x00,
0xff, 0xff, 0xff, 0x00, 0xff, 0xff, 0xff, 0x00, 0xff, 0xff, 0xff, 0x00, 0xff, 0xff, 0xff,
0x00, 0xff, 0xff, 0xff, 0x00, 0xff, 0xff, 0xff, 0x00, 0xff, 0xff, 0xff, 0x00, 0xff, 0xff,
0xff, 0x00, 0xff, 0xff, 0xff, 0x00, 0xff, 0xff, 0xff, 0x00, 0xff, 0xff, 0xff, 0x00, 0xff,
0xff, 0xff, 0x00, 0xff, 0xff, 0xff, 0x00, 0xff, 0xff, 0xff, 0x00, 0xff, 0xff, 0xff, 0x00,
0xff, 0xff, 0xff, 0x00, 0xff, 0xff, 0xff, 0x00, 0xff, 0xff, 0xff, 0x00, 0xff, 0xff, 0xff,
0x00, 0xff, 0xff, 0xff, 0x00, 0xff, 0xff, 0xff, 0x00, 0xff, 0xff, 0xff, 0x00, 0xff, 0xff,
0xff, 0x00, 0xff, 0xff, 0xff, 0x00, 0xff, 0xff, 0xff, 0x00, 0xff, 0xff, 0xff, 0x00, 0xff,
0xff, 0xff, 0x00, 0xff, 0xff, 0xff, 0x00, 0xff, 0xff, 0xff, 0x00, 0xff, 0xff, 0xff, 0x00,
0xff, 0xff, 0xff, 0x00, 0xff, 0xff, 0xff, 0x00, 0xff, 0xff, 0xff, 0x00, 0xff, 0xff, 0xff,
0x00, 0xff, 0xff, 0xff, 0x00, 0xff, 0xff, 0xff, 0x00, 0xff, 0xff, 0xff, 0x00, 0xff, 0xff,
0xff, 0x00, 0xff, 0xff, 0xff, 0x00, 0xff, 0xff, 0xff, 0x00, 0xff, 0xff, 0xff, 0x00, 0xff,
0xff, 0xff, 0x00, 0xff, 0xff, 0xff, 0x00, 0xff, 0xff, 0xff, 0x00, 0xff, 0xff, 0xff, 0x00,
0xff, 0xff, 0xff, 0x00, 0xff, 0xff, 0xff, 0x00, 0xff, 0xff, 0xff, 0x00, 0xff, 0xff, 0xff,
0x00, 0xff, 0xff, 0xff, 0x00, 0xff, 0xff, 0xff, 0x00, 0xff, 0xff, 0xff, 0x00, 0xff, 0xff,
0xff, 0x00, 0xff, 0xff, 0xff, 0x00, 0xff, 0xff, 0xff, 0x00, 0xff, 0xff, 0xff, 0x00, 0xff,
0xff, 0xff, 0x00, 0xff, 0xff, 0xff, 0x00, 0xff, 0xff, 0xff, 0x00, 0xff, 0xff, 0xff, 0x00,
0xff, 0xff, 0xff, 0x00, 0xff, 0xff, 0xff, 0x00, 0xff, 0xff, 0xff, 0x00, 0xff, 0xff, 0xff,
0x00, 0xff, 0xff, 0xff, 0x00, 0xff, 0xff, 0xff, 0x00, 0xff, 0xff, 0xff, 0x00, 0xff, 0xff,
0xff, 0x00, 0xff, 0xff, 0xff, 0x00, 0xff, 0xff, 0xff, 0x00, 0xff, 0xff, 0xff, 0x00, 0xff,
0xff, 0xff, 0x00, 0xff, 0xff, 0xff, 0x00, 0xff, 0xff, 0xff, 0x00, 0xff, 0xff, 0xff, 0x00,
0xff, 0xff, 0xff, 0x00, 0xff, 0xff, 0xff, 0x00, 0xff, 0xff, 0xff, 0x00, 0xff, 0xff, 0xff,
0x00, 0xff, 0xff, 0xff, 0x00, 0xff, 0xff, 0xff, 0x00, 0xff, 0xff, 0xff, 0x00, 0xff, 0xff,
0xff, 0x00, 0xff, 0xff, 0xff, 0x00, 0xff, 0xff, 0xff, 0x00, 0xff, 0xff, 0xff, 0x00, 0xff,
0xff, 0xff, 0x00, 0xff, 0xff, 0xff, 0x00, 0xff, 0xff, 0xff, 0x00, 0xff, 0xff, 0xff, 0x00,
0xff, 0xff, 0xff, 0x00, 0xff, 0xff, 0xff, 0x00, 0xff, 0xff, 0xff, 0x00, 0xff, 0xff, 0xff,
0x00, 0xff, 0xff, 0xff, 0x00, 0xff, 0xff, 0xff, 0x00, 0xff, 0xff, 0xff, 0x00, 0xff, 0xff,
0xff, 0x00, 0xff, 0xff, 0xff, 0x00, 0xff, 0xff, 0xff, 0x00, 0xff, 0xff, 0xff, 0x00, 0xff,
0xff, 0xff, 0x00, 0xff, 0xff, 0xff, 0x00, 0xff, 0xff, 0xff, 0x00, 0xff, 0xff, 0xff, 0x00,
0xff, 0xff, 0xff, 0x00, 0xff, 0xff, 0xff, 0x00, 0xff, 0xff, 0xff, 0x00, 0xff, 0xff, 0xff,
0x00, 0xff, 0xff, 0xff, 0x00, 0xff, 0xff, 0xff, 0x00, 0xff, 0xff, 0xff, 0x00, 0xff, 0xff,
0xff, 0x00, 0xff, 0xff, 0xff, 0x00, 0xff, 0xff, 0xff, 0x00, 0xff, 0xff, 0xff, 0x00, 0xff,
0xff, 0xff, 0x00, 0xff, 0xff, 0xff, 0x00, 0xff, 0xff, 0xff, 0x00, 0xff, 0xff, 0xff, 0x00,
0xff, 0xff, 0xff, 0x00, 0xff, 0xff, 0xff, 0x00, 0xff, 0xff, 0xff, 0x00, 0xff, 0xff, 0xff,
0x00, 0xff, 0xff, 0xff, 0x00, 0xff, 0xff, 0xff, 0x00, 0xff, 0xff, 0xff, 0x00, 0xff, 0xff,
0xff, 0x00, 0xff, 0xff, 0xff, 0x00, 0xff, 0xff, 0xff, 0x00, 0xff, 0xff, 0xff, 0x00, 0xff,
0xff, 0xff, 0x00, 0xff, 0xff, 0xff, 0x00, 0xff, 0xff, 0xff, 0x00, 0xff, 0xff, 0xff, 0x00,
0xff, 0xff, 0xff, 0x00, 0xff, 0xff, 0xff, 0x00, 0xff, 0xff, 0xff, 0x00, 0xff, 0xff, 0xff,
0x00, 0xff, 0xff, 0xff, 0x00, 0xff, 0xff, 0xff, 0x00, 0xff, 0xff, 0xff, 0x00, 0xff, 0xff,
0xff, 0x00, 0xff, 0xff, 0xff, 0x00, 0xff, 0xff, 0xff, 0x00, 0xff, 0xff, 0xff, 0x00, 0xff,
0xff, 0xff, 0x00, 0xff, 0xff, 0xff, 0x00, 0xff, 0xff, 0xff, 0x00, 0xff, 0xff, 0xff, 0x00,
0xff, 0xff, 0xff, 0x00, 0xff, 0xff, 0xff, 0x00, 0xff, 0xff, 0xff, 0x00, 0xff, 0xff, 0xff,
0x00, 0xff, 0xff, 0xff, 0x00, 0xff, 0xff, 0xff, 0x00, 0xff, 0xff, 0xff, 0x00, 0xff, 0xff,
0xff, 0x00, 0xff, 0xff, 0xff, 0x00, 0xff, 0xff, 0xff, 0x00, 0xff, 0xff, 0xff, 0x00, 0xff,
0xff, 0xff, 0x00, 0xff, 0xff, 0xff, 0x00, 0xff, 0xff, 0xff, 0x00, 0xff, 0xff, 0xff, 0x00,
0xff, 0xff, 0xff, 0x00, 0xff, 0xff, 0xff, 0x00, 0xff, 0xff, 0xff, 0x00, 0xff, 0xff, 0xff,
0x00, 0xff, 0xff, 0xff, 0x00, 0xff, 0xff, 0xff, 0x00, 0xff, 0xff, 0xff, 0x00, 0xff, 0xff,
0xff, 0x00, 0xff, 0xff, 0xff, 0x00, 0xff, 0xff, 0xff, 0x00, 0xff, 0xff, 0xff, 0x00, 0xff,
0xff, 0xff, 0x00, 0xff, 0xff, 0xff, 0x00, 0xff, 0xff, 0xff, 0x00, 0xff, 0xff, 0xff, 0x00,
0xff, 0xff, 0xff, 0x00, 0xff, 0xff, 0xff, 0x00, 0xff, 0xff, 0xff, 0x00, 0xff, 0xff, 0xff,
0x00, 0xff, 0xff, 0xff, 0x00, 0xff, 0xff, 0xff, 0x00, 0xff, 0xff, 0xff, 0x00, 0xff, 0xff,
0xff, 0x00, 0xff, 0xff, 0xff, 0x00, 0xff, 0xff, 0xff, 0x00, 0xff, 0xff, 0xff, 0x00, 0xff,
0xff, 0xff, 0x00, 0xff, 0xff, 0xff, 0x00, 0xff, 0xff, 0xff, 0x00, 0xff, 0xff, 0xff, 0x00,
0xff, 0xff, 0xff, 0x00, 0xff, 0xff, 0xff, 0x00, 0xff, 0xff, 0xff, 0x00, 0xff, 0xff, 0xff,
0x00, 0xff, 0xff, 0xff, 0x00, 0xff, 0xff, 0xff, 0x00, 0xff, 0xff, 0xff, 0x00, 0xff, 0xff,
0xff, 0x00, 0xff, 0xff, 0xff, 0x00, 0xff, 0xff, 0xff, 0x00, 0xff, 0xff, 0xff, 0x00, 0xff,
0xff, 0xff, 0x00, 0xff, 0xff, 0xff, 0x00, 0xff, 0xff, 0xff, 0x00, 0xff, 0xff, 0xff, 0x00,
0xff, 0xff, 0xff, 0x00, 0xff, 0xff, 0xff, 0x00, 0xff, 0xff, 0xff, 0x00, 0xff, 0xff, 0xff,
0x00, 0xff, 0xff, 0xff, 0x00, 0xff, 0xff, 0xff, 0x00, 0xff, 0xff, 0xff, 0x00, 0xff, 0xff,
0xff, 0x00, 0xff, 0xff, 0xff, 0x00, 0xff, 0xff, 0xff, 0x00, 0xff, 0xff, 0xff, 0x00, 0xff,
0xff, 0xff, 0x00, 0xff, 0xff, 0xff, 0x00, 0xff, 0xff, 0xff, 0x00, 0xff, 0xff, 0xff, 0x00,
0xff, 0xff, 0xff, 0x00, 0xff, 0xff, 0xff, 0x00, 0xff, 0xff, 0xff, 0x00, 0xff, 0xff, 0xff,
0x00, 0xff, 0xff, 0xff, 0x00, 0xff, 0xff, 0xff, 0x00, 0xff, 0xff, 0xff, 0x00, 0xff, 0xff,
0xff, 0x00, 0xff, 0xff, 0xff, 0x00, 0xff, 0xff, 0xff, 0x00, 0xff, 0xff, 0xff, 0x00, 0xff,
0xff, 0xff, 0x00, 0xff, 0xff, 0xff, 0x00, 0xff, 0xff, 0xff, 0x00, 0xff, 0xff, 0xff, 0x00,
0xff, 0xff, 0xff, 0x00, 0xff, 0xff, 0xff, 0x00, 0xff, 0xff, 0xff, 0x00, 0xff, 0xff, 0xff,
0x00, 0xff, 0xff, 0xff, 0x00, 0xff, 0xff, 0xff, 0x00, 0xff, 0xff, 0xff, 0x00, 0xff, 0xff,
0xff, 0x00, 0xff, 0xff, 0xff, 0x00, 0xff, 0xff, 0xff, 0x00, 0xff, 0xff, 0xff, 0x00, 0xff,
0xff, 0xff, 0x00, 0xff, 0xff, 0xff, 0x00, 0xff, 0xff, 0xff, 0x00, 0xff, 0xff, 0xff, 0x00,
0xff, 0xff, 0xff, 0x00, 0xff, 0xff, 0xff, 0x00, 0xff, 0xff, 0xff, 0x00, 0xff, 0xff, 0xff,
0x00, 0xff, 0xff, 0xff, 0x00, 0xff, 0xff, 0xff, 0x00, 0xff, 0xff, 0xff, 0x00, 0xff, 0xff,
0xff, 0x00, 0xff, 0xff, 0xff, 0x00, 0xff, 0xff, 0xff, 0x00, 0xff, 0xff, 0xff, 0x00, 0xff,
0xff, 0xff, 0x00, 0xff, 0xff, 0xff, 0x00, 0xff, 0xff, 0xff, 0x00, 0xff, 0xff, 0xff, 0x00,
0xff, 0xff, 0xff, 0x00, 0xff, 0xff, 0xff, 0x00, 0xff, 0xff, 0xff, 0x00, 0xff, 0xff, 0xff,
0x00, 0xff, 0xff, 0xff, 0x00, 0xff, 0xff, 0xff, 0x00, 0xff, 0xff, 0xff, 0x00, 0xff, 0xff,
0xff, 0x00, 0xff, 0xff, 0xff, 0x00, 0xff, 0xff, 0xff, 0x00, 0xff, 0xff, 0xff, 0x00, 0xff,
0xff, 0xff, 0x00, 0xff, 0xff, 0xff, 0x00, 0xff, 0xff, 0xff, 0x00, 0xff, 0xff, 0xff, 0x00,
0xff, 0xff, 0xff, 0x00, 0xff, 0xff, 0xff, 0x00, 0xff, 0xff, 0xff, 0x00, 0xff, 0xff, 0xff,
0x00, 0xff, 0xff, 0xff, 0x00, 0xff, 0xff, 0xff, 0x00, 0xff, 0xff, 0xff, 0x00, 0xff, 0xff,
0xff, 0x00, 0xff, 0xff, 0xff, 0x00, 0xff, 0xff, 0xff, 0x00, 0xff, 0xff, 0xff, 0x00, 0xff,
0xff, 0xff, 0x00, 0xff, 0xff, 0xff, 0x00, 0xff, 0xff, 0xff, 0x00, 0xff, 0xff, 0xff, 0x00,
0xff, 0xff, 0xff, 0x00, 0xff, 0xff, 0xff, 0x00, 0xff, 0xff, 0xff, 0x00, 0xff, 0xff, 0xff,
0x00, 0xff, 0xff, 0xff, 0x00, 0xff, 0xff, 0xff, 0x00, 0xff, 0xff, 0xff, 0x00, 0xff, 0xff,
0xff, 0x00, 0xff, 0xff, 0xff, 0x00, 0xff, 0xff, 0xff, 0x00, 0xff, 0xff, 0xff, 0x00, 0xff,
0xff, 0xff, 0x00, 0xff, 0xff, 0xff, 0x00, 0xff, 0xff, 0xff, 0x00, 0xff, 0xff, 0xff, 0x00,
0xff, 0xff, 0xff, 0x00, 0xff, 0xff, 0xff, 0x00, 0xff, 0xff, 0xff, 0x00, 0xff, 0xff, 0xff,
0x00, 0xff, 0xff, 0xff, 0x00, 0xff, 0xff, 0xff, 0x00, 0xff, 0xff, 0xff, 0x00, 0xff, 0xff,
0xff, 0x00, 0xff, 0xff, 0xff, 0x00, 0xff, 0xff, 0xff, 0x00, 0xff, 0xff, 0xff, 0x00, 0xff,
0xff, 0xff, 0x00, 0xff, 0xff, 0xff, 0x00, 0xff, 0xff, 0xff, 0x00, 0xff, 0xff, 0xff, 0x00,
0xff, 0xff, 0xff, 0x00, 0xff, 0xff, 0xff, 0x00, 0xff, 0xff, 0xff, 0x00, 0xff, 0xff, 0xff,
0x00, 0xff, 0xff, 0xff, 0x00, 0xff, 0xff, 0xff, 0x00, 0xff, 0xff, 0xff, 0x00, 0xff, 0xff,
0xff, 0x00, 0xff, 0xff, 0xff, 0x00, 0xff, 0xff, 0xff, 0x00, 0xff, 0xff, 0xff, 0x00, 0xff,
0xff, 0xff, 0x00, 0xff, 0xff, 0xff, 0x00, 0xff, 0xff, 0xff, 0x00, 0xff, 0xff, 0xff, 0x00,
0xff, 0xff, 0xff, 0x00, 0xff, 0xff, 0xff, 0x00, 0xff, 0xff, 0xff, 0x00, 0xff, 0xff, 0xff,
0x00, 0xff, 0xff, 0xff, 0x00, 0xff, 0xff, 0xff, 0x00, 0xff, 0xff, 0xff, 0x00, 0xff, 0xff,
0xff, 0x00, 0xff, 0xff, 0xff, 0x00, 0xff, 0xff, 0xff, 0x00, 0xff, 0xff, 0xff, 0x00, 0xff,
0xff, 0xff, 0x00, 0xff, 0xff, 0xff, 0x00, 0xff, 0xff, 0xff, 0x00, 0xff, 0xff, 0xff, 0x00,
0xff, 0xff, 0xff, 0x00, 0xff, 0xff, 0xff, 0x00, 0xff, 0xff, 0xff, 0x00, 0xff, 0xff, 0xff,
0x00, 0xff, 0xff, 0xff, 0x00, 0xff, 0xff, 0xff, 0x00, 0xff, 0xff, 0xff, 0x00, 0xff, 0xff,
0xff, 0x00, 0xff, 0xff, 0xff, 0x00, 0xff, 0xff, 0xff, 0x00, 0xff, 0xff, 0xff, 0x00, 0xff,
0xff, 0xff, 0x00, 0xff, 0xff, 0xff, 0x00, 0xff, 0xff, 0xff, 0x00, 0xff, 0xff, 0xff, 0x00,
0xff, 0xff, 0xff, 0x00, 0xff, 0xff, 0xff, 0x00, 0xff, 0xff, 0xff, 0x00, 0xff, 0xff, 0xff,
0x00, 0xff, 0xff, 0xff, 0x00, 0xff, 0xff, 0xff, 0x00, 0xff, 0xff, 0xff, 0x00, 0xff, 0xff,
0xff, 0x00, 0xff, 0xff, 0xff, 0x00, 0xff, 0xff, 0xff, 0x00, 0xff, 0xff, 0xff, 0x00, 0xff,
0xff, 0xff, 0x00, 0xff, 0xff, 0xff, 0x00, 0xff, 0xff, 0xff, 0x00, 0xff, 0xff, 0xff, 0x00,
0xff, 0xff, 0xff, 0x00, 0xff, 0xff, 0xff, 0x00, 0xff, 0xff, 0xff, 0x00, 0xff, 0xff, 0xff,
0x00, 0xff, 0xff, 0xff, 0x00, 0xff, 0xff, 0xff, 0x00, 0xff, 0xff, 0xff, 0x00, 0xff, 0xff,
0xff, 0x00, 0xff, 0xff, 0xff, 0x00, 0xff, 0xff, 0xff, 0x00, 0xff, 0xff, 0xff, 0x00, 0xff,
0xff, 0xff, 0x00, 0xff, 0xff, 0xff, 0x00, 0xff, 0xff, 0xff, 0x00, 0xff, 0xff, 0xff, 0x00,
0xff, 0xff, 0xff, 0x00, 0xff, 0xff, 0xff, 0x00, 0xff, 0xff, 0xff, 0x00, 0xff, 0xff, 0xff,
0x00, 0xff, 0xff, 0xff, 0x00, 0xff, 0xff, 0xff, 0x00, 0xff, 0xff, 0xff, 0x00, 0xff, 0xff,
0xff, 0x00, 0xff, 0xff, 0xff, 0x00, 0xff, 0xff, 0xff, 0x00, 0xff, 0xff, 0xff, 0x00, 0xff,
0xff, 0xff, 0x00, 0xff, 0xff, 0xff, 0x00, 0xff, 0xff, 0xff, 0x00, 0xff, 0xff, 0xff, 0x00,
0xff, 0xff, 0xff, 0x00, 0xff, 0xff, 0xff, 0x00, 0xff, 0xff, 0xff, 0x00, 0xff, 0xff, 0xff,
0x00, 0xff, 0xff, 0xff, 0x00, 0xff, 0xff, 0xff, 0x00, 0xff, 0xff, 0xff, 0x00, 0xff, 0xff,
0xff, 0x00, 0xff, 0xff, 0xff, 0x00, 0xff, 0xff, 0xff, 0x00, 0xff, 0xff, 0xff, 0x00, 0xff,
0xff, 0xff, 0x00, 0xff, 0xff, 0xff, 0x00, 0xff, 0xff, 0xff, 0x00, 0xff, 0xff, 0xff, 0x00,
0xff, 0xff, 0xff, 0x00, 0xff, 0xff, 0xff, 0x00, 0xff, 0xff, 0xff, 0x00, 0xff, 0xff, 0xff,
0x00, 0xff, 0xff, 0xff, 0x00, 0xff, 0xff, 0xff, 0x00, 0xff, 0xff, 0xff, 0x00, 0xff, 0xff,
0xff, 0x00, 0xff, 0xff, 0xff, 0x00, 0xff, 0xff, 0xff, 0x00, 0xff, 0xff, 0xff, 0x00, 0xff,
0xff, 0xff, 0x00, 0xff, 0xff, 0xff, 0x00, 0xff, 0xff, 0xff, 0x00, 0xff, 0xff, 0xff, 0x00,
0xff, 0xff, 0xff, 0x00, 0xff, 0xff, 0xff, 0x00, 0xff, 0xff, 0xff, 0x00, 0xff, 0xff, 0xff,
0x00, 0xff, 0xff, 0xff, 0x00, 0xff, 0xff, 0xff, 0x00, 0xff, 0xff, 0xff, 0x00, 0xff, 0xff,
0xff, 0x00, 0xff, 0xff, 0xff, 0x00, 0xff, 0xff, 0xff, 0x00, 0xff, 0xff, 0xff, 0x00, 0xff,
0xff, 0xff, 0x00, 0xff, 0xff, 0xff, 0x00, 0xff, 0xff, 0xff, 0x00, 0xff, 0xff, 0xff, 0x00,
0xff, 0xff, 0xff, 0x00, 0xff, 0xff, 0xff, 0x00, 0xff, 0xff, 0xff, 0x00, 0xff, 0xff, 0xff,
0x00, 0xff, 0xff, 0xff, 0x00, 0xff, 0xff, 0xff, 0x00, 0xff, 0xff, 0xff, 0x00, 0xff, 0xff,
0xff, 0x00, 0xff, 0xff, 0xff, 0x00, 0xff, 0xff, 0xff, 0x00, 0xff, 0xff, 0xff, 0x00, 0xff,
0xff, 0xff, 0x00, 0xff, 0xff, 0xff, 0x00, 0xff, 0xff, 0xff, 0x00, 0xff, 0xff, 0xff, 0x00,
0xff, 0xff, 0xff, 0x00, 0xff, 0xff, 0xff, 0x00, 0xff, 0xff, 0xff, 0x00, 0xff, 0xff, 0xff,
0x00, 0xff, 0xff, 0xff, 0x00, 0xff, 0xff, 0xff, 0x00, 0xff, 0xff, 0xff, 0x00, 0xff, 0xff,
0xff, 0x00, 0xff, 0xff, 0xff, 0x00, 0xff, 0xff, 0xff, 0x00, 0xff, 0xff, 0xff, 0x00, 0xff,
0xff, 0xff, 0x00, 0xff, 0xff, 0xff, 0x00, 0xff, 0xff, 0xff, 0x00, 0xff, 0xff, 0xff, 0x00,
0xff, 0xff, 0xff, 0x00, 0xff, 0xff, 0xff, 0x00, 0xff, 0xff, 0xff, 0x00, 0xff, 0xff, 0xff,
0x00, 0xff, 0xff, 0xff, 0x00, 0xff, 0xff, 0xff, 0x00, 0xff, 0xff, 0xff, 0x00, 0xff, 0xff,
0xff, 0x00, 0xff, 0xff, 0xff, 0x00, 0xff, 0xff, 0xff, 0x00, 0xff, 0xff, 0xff, 0x00, 0xff,
0xff, 0xff, 0x00, 0xff, 0xff, 0xff, 0x00, 0xff, 0xff, 0xff, 0x00, 0xff, 0xff, 0xff, 0x00,
0xff, 0xff, 0xff, 0x00, 0xff, 0xff, 0xff, 0x00, 0xff, 0xff, 0xff, 0x00, 0xff, 0xff, 0xff,
0x00, 0xff, 0xff, 0xff, 0x00, 0xff, 0xff, 0xff, 0x00, 0xff, 0xff, 0xff, 0x00, 0xff, 0xff,
0xff, 0x00, 0xff, 0xff, 0xff, 0x00, 0xff, 0xff, 0xff, 0x00, 0xff, 0xff, 0xff, 0x00, 0xff,
0xff, 0xff, 0x00, 0xff, 0xff, 0xff, 0x00, 0xff, 0xff, 0xff, 0x00, 0xff, 0xff, 0xff, 0x00,
0xff, 0xff, 0xff, 0x00, 0xff, 0xff, 0xff, 0x00, 0xff, 0xff, 0xff, 0x00, 0xff, 0xff, 0xff,
0x00, 0xff, 0xff, 0xff, 0x00, 0xff, 0xff, 0xff, 0x00, 0xff, 0xff, 0xff, 0x00, 0xff, 0xff,
0xff, 0x00, 0xff, 0xff, 0xff, 0x00, 0xff, 0xff, 0xff, 0x00, 0xff, 0xff, 0xff, 0x00, 0xff,
0xff, 0xff, 0x00, 0xff, 0xff, 0xff, 0x00, 0xff, 0xff, 0xff, 0x00, 0xff, 0xff, 0xff, 0x00,
0xff, 0xff, 0xff, 0x00, 0xff, 0xff, 0xff, 0x00, 0xff, 0xff, 0xff, 0x00, 0xff, 0xff, 0xff,
0x00, 0xff, 0xff, 0xff, 0x00, 0xff, 0xff, 0xff, 0x00, 0xff, 0xff, 0xff, 0x00, 0xff, 0xff,
0xff, 0x00, 0xff, 0xff, 0xff, 0x00, 0xff, 0xff, 0xff, 0x00, 0xff, 0xff, 0xff, 0x00, 0xff,
0xff, 0xff, 0x00, 0xff, 0xff, 0xff, 0x00, 0xff, 0xff, 0xff, 0x00, 0xff, 0xff, 0xff, 0x00,
0xff, 0xff, 0xff, 0x00, 0xff, 0xff, 0xff, 0x00, 0xff, 0xff, 0xff, 0x00, 0xff, 0xff, 0xff,
0x00, 0xff, 0xff, 0xff, 0x00, 0xff, 0xff, 0xff, 0x00, 0xff, 0xff, 0xff, 0x00, 0xff, 0xff,
0xff, 0x00, 0xff, 0xff, 0xff, 0x00, 0xff, 0xff, 0xff, 0x00, 0xff, 0xff, 0xff, 0x00, 0xff,
0xff, 0xff, 0x00, 0xff, 0xff, 0xff, 0x00, 0xff, 0xff, 0xff, 0x00, 0xff, 0xff, 0xff, 0x00,
0xff, 0xff, 0xff, 0x00, 0xff, 0xff, 0xff, 0x00, 0xff, 0xff, 0xff, 0x00, 0xff, 0xff, 0xff,
0x00, 0xff, 0xff, 0xff, 0x00, 0xff, 0xff, 0xff, 0x00, 0xff, 0xff, 0xff, 0x00, 0xff, 0xff,
0xff, 0x00, 0xff, 0xff, 0xff, 0x00, 0xff, 0xff, 0xff, 0x00, 0xff, 0xff, 0xff, 0x00, 0xff,
0xff, 0xff, 0x00, 0xff, 0xff, 0xff, 0x00, 0xff, 0xff, 0xff, 0x00, 0xff, 0xff, 0xff, 0x00,
0xff, 0xff, 0xff, 0x00, 0xff, 0xff, 0xff, 0x00, 0xff, 0xff, 0xff, 0x00, 0xff, 0xff, 0xff,
0x00, 0xff, 0xff, 0xff, 0x00, 0xff, 0xff, 0xff, 0x00, 0xff, 0xff, 0xff, 0x00, 0xff, 0xff,
0xff, 0x00, 0xff, 0xff, 0xff, 0x00, 0xff, 0xff, 0xff, 0x00, 0xff, 0xff, 0xff, 0x00, 0xff,
0xff, 0xff, 0x00, 0xff, 0xff, 0xff, 0x00, 0xff, 0xff, 0xff, 0x00, 0xff, 0xff, 0xff, 0x00,
0xff, 0xff, 0xff, 0x00, 0xff, 0xff, 0xff, 0x00, 0xff, 0xff, 0xff, 0x00, 0xff, 0xff, 0xff,
0x00, 0xff, 0xff, 0xff, 0x00, 0xff, 0xff, 0xff, 0x00, 0xff, 0xff, 0xff, 0x00, 0xff, 0xff,
0xff, 0x00, 0xff, 0xff, 0xff, 0x00, 0xff, 0xff, 0xff, 0x00, 0xff, 0xff, 0xff, 0x00, 0xff,
0xff, 0xff, 0x00, 0xff, 0xff, 0xff, 0x00, 0xff, 0xff, 0xff, 0x00, 0xff, 0xff, 0xff, 0x00,
0xff, 0xff, 0xff, 0x00, 0xff, 0xff, 0xff, 0x00, 0xff, 0xff, 0xff, 0x00, 0xff, 0xff, 0xff,
0x00, 0xff, 0xff, 0xff, 0x00, 0xff, 0xff, 0xff, 0x00, 0xff, 0xff, 0xff, 0x00, 0xff, 0xff,
0xff, 0x00, 0xff, 0xff, 0xff, 0x00, 0xff, 0xff, 0xff, 0x00, 0xff, 0xff, 0xff, 0x00, 0xff,
0xff, 0xff, 0x00, 0xff, 0xff, 0xff, 0x00, 0xff, 0xff, 0xff, 0x00, 0xff, 0xff, 0xff, 0x00,
0xff, 0xff, 0xff, 0x00, 0xff, 0xff, 0xff, 0x00, 0xff, 0xff, 0xff, 0x00, 0xff, 0xff, 0xff,
0x00, 0xff, 0xff, 0xff, 0x00, 0xff, 0xff, 0xff, 0x00, 0xff, 0xff, 0xff, 0x00, 0xff, 0xff,
0xff, 0x00, 0xff, 0xff, 0xff, 0x00, 0xff, 0xff, 0xff, 0x00, 0xff, 0xff, 0xff, 0x00, 0xff,
0xff, 0xff, 0x00, 0xff, 0xff, 0xff, 0x00, 0xff, 0xff, 0xff, 0x00, 0xff, 0xff, 0xff, 0x00,
0xff, 0xff, 0xff, 0x00, 0xff, 0xff, 0xff, 0x00, 0xff, 0xff, 0xff, 0x00, 0xff, 0xff, 0xff,
0x00, 0xff, 0xff, 0xff, 0x00, 0xff, 0xff, 0xff, 0x00, 0xff, 0xff, 0xff, 0x00, 0xff, 0xff,
0xff, 0x00, 0xff, 0xff, 0xff, 0x00, 0xff, 0xff, 0xff, 0x00, 0xff, 0xff, 0xff, 0x00, 0xff,
0xff, 0xff, 0x00, 0xff, 0xff, 0xff, 0x00, 0xff, 0xff, 0xff, 0x00, 0xff, 0xff, 0xff, 0x00,
0xff, 0xff, 0xff, 0x00, 0xff, 0xff, 0xff, 0x00, 0xff, 0xff, 0xff, 0x00, 0xff, 0xff, 0xff,
0x00, 0xff, 0xff, 0xff, 0x00, 0xff, 0xff, 0xff, 0x00, 0xff, 0xff, 0xff, 0x00, 0xff, 0xff,
0xff, 0x00, 0xff, 0xff, 0xff, 0x00, 0xff, 0xff, 0xff, 0x00, 0xff, 0xff, 0xff, 0x00, 0xff,
0xff, 0xff, 0x00, 0xff, 0xff, 0xff, 0x00, 0xff, 0xff, 0xff, 0x00, 0xff, 0xff, 0xff, 0x00,
0xff, 0xff, 0xff, 0x00, 0xff, 0xff, 0xff, 0x00, 0xff, 0xff, 0xff, 0x00, 0xff, 0xff, 0xff,
0x00, 0xff, 0xff, 0xff, 0x00, 0xff, 0xff, 0xff, 0x00, 0xff, 0xff, 0xff, 0x00, 0xff, 0xff,
0xff, 0x00, 0xff, 0xff, 0xff, 0x00, 0xff, 0xff, 0xff, 0x00, 0xff, 0xff, 0xff, 0x00, 0xff,
0xff, 0xff, 0x00, 0xff, 0xff, 0xff, 0x00, 0xff, 0xff, 0xff, 0x00, 0xff, 0xff, 0xff, 0x00,
0xff, 0xff, 0xff, 0x00, 0xff, 0xff, 0xff, 0x00, 0xff, 0xff, 0xff, 0x00, 0xff, 0xff, 0xff,
0x00, 0xff, 0xff, 0xff, 0x00, 0xff, 0xff, 0xff, 0x00, 0xff, 0xff, 0xff, 0x00, 0xff, 0xff,
0xff, 0x00, 0xff, 0xff, 0xff, 0x00, 0xff, 0xff, 0xff, 0x00, 0xff, 0xff, 0xff, 0x00, 0xff,
0xff, 0xff, 0x00, 0xff, 0xff, 0xff, 0x00, 0xff, 0xff, 0xff, 0x00, 0xff, 0xff, 0xff, 0x00,
0xff, 0xff, 0xff, 0x00, 0xff, 0xff, 0xff, 0x00, 0xff, 0xff, 0xff, 0x00, 0xff, 0xff, 0xff,
0x00, 0xff, 0xff, 0xff, 0x00, 0xff, 0xff, 0xff, 0x00, 0xff, 0xff, 0xff, 0x00, 0xff, 0xff,
0xff, 0x00, 0xff, 0xff, 0xff, 0x00, 0xff, 0xff, 0xff, 0x00, 0xff, 0xff, 0xff, 0x00, 0xff,
0xff, 0xff, 0x00, 0xff, 0xff, 0xff, 0x00, 0xff, 0xff, 0xff, 0x00, 0xff, 0xff, 0xff, 0x00,
0xff, 0xff, 0xff, 0x00, 0xff, 0xff, 0xff, 0x00, 0xff, 0xff, 0xff, 0x00, 0xff, 0xff, 0xff,
0x00, 0xff, 0xff, 0xff, 0x00, 0xff, 0xff, 0xff, 0x00, 0x01, 0x01, 0x80, 0x00, 0x01, 0x01,
0x80, 0x00, 0x01, 0x01, 0x80, 0x00, 0x01, 0x01, 0x80, 0x00, 0x01, 0x01, 0x80, 0x00, 0x01,
0x01, 0x80, 0x00, 0x01, 0x01, 0x80, 0x00, 0x01, 0x01, 0x80, 0x00, 0x01, 0x01, 0x80, 0x00,
0x01, 0x01, 0x80, 0x00, 0x01, 0x01, 0x80, 0x00, 0x01, 0x01, 0x80, 0x00, 0x01, 0x00, 0x7e,
0x00, 0x00, 0x08, 0x84, 0x00, 0x1d, 0x5e, 0xdf, 0x00, 0x2b, 0x68, 0xfc, 0x00, 0x1c, 0x54,
0xc1, 0x00, 0x20, 0x59, 0xcc, 0x00, 0x25, 0x56, 0xcb, 0x00, 0x24, 0x60, 0xdc, 0x00, 0x28,
0x6d, 0xff, 0x00, 0x20, 0x54, 0xc8, 0x00, 0x27, 0x61, 0xdf, 0x00, 0x24, 0x6b, 0xf1, 0x00,
0x29, 0x6d, 0xf6, 0x00, 0x20, 0x67, 0xe4, 0x00, 0x29, 0x6c, 0xf5, 0x00, 0x21, 0x6a, 0xe7,
0x00, 0x2c, 0x74, 0xff, 0x00, 0x23, 0x58, 0xca, 0x00, 0x19, 0x40, 0xb8, 0x00, 0x2e, 0x73,
0xff, 0x00, 0x27, 0x69, 0xea, 0x00, 0x26, 0x65, 0xe1, 0x00, 0x2b, 0x72, 0xfa, 0x00, 0x29,
0x73, 0xfa, 0x00, 0x23, 0x5b, 0xe3, 0x00, 0x1b, 0x5c, 0xd9, 0x00, 0x2a, 0x6f, 0xfb, 0x00,
0x2b, 0x71, 0xfb, 0x00, 0x2b, 0x71, 0xf9, 0x00, 0x2a, 0x72, 0xfc, 0x00, 0x2b, 0x71, 0xfb,
0x1d, 0x2c, 0x71, 0xfc, 0x57, 0x2c, 0x72, 0xfd, 0x8b, 0x2c, 0x70, 0xfd, 0xa8, 0x2c, 0x70,
0xfe, 0xc4, 0x2d, 0x70, 0xff, 0xe6, 0x2d, 0x70, 0xff, 0xfa, 0x2d, 0x70, 0xff, 0xff, 0x2d,
0x70, 0xff, 0xff, 0x2d, 0x6f, 0xff, 0xff, 0x2d, 0x6f, 0xff, 0xff, 0x2d, 0x6e, 0xff, 0xff,
0x2d, 0x6e, 0xff, 0xff, 0x2d, 0x6e, 0xff, 0xff, 0x2d, 0x6e, 0xff, 0xff, 0x2d, 0x6d, 0xff,
0xff, 0x2d, 0x6d, 0xff, 0xff, 0x2d, 0x6d, 0xff, 0xff, 0x2d, 0x6d, 0xff, 0xff, 0x2d, 0x6b,
0xff, 0xf9, 0x2d, 0x6b, 0xfe, 0xe3, 0x2c, 0x6a, 0xfd, 0xc2, 0x2c, 0x6a, 0xfd, 0xa7, 0x2d,
0x69, 0xfd, 0x8a, 0x2a, 0x69, 0xfa, 0x55, 0x2a, 0x68, 0xfa, 0x1d, 0x2c, 0x67, 0xfc, 0x00,
0x2b, 0x67, 0xfa, 0x00, 0x2b, 0x67, 0xfa, 0x00, 0x22, 0x67, 0xf0, 0x00, 0x29, 0x63, 0xf8,
0x00, 0x28, 0x5e, 0xee, 0x00, 0x23, 0x4a, 0xbd, 0x00, 0x29, 0x62, 0xfb, 0x00, 0x28, 0x5b,
0xf1, 0x00, 0x21, 0x4a, 0xbe, 0x00, 0x2f, 0x65, 0xff, 0x00, 0x1f, 0x42, 0xb9, 0x00, 0x16,
0x3d, 0xba, 0x00, 0x25, 0x4a, 0xcb, 0x00, 0x26, 0x5b, 0xf9, 0x00, 0x28, 0x58, 0xef, 0x00,
0x2d, 0x5a, 0xf7, 0x00, 0x2c, 0x5b, 0xff, 0x00, 0x21, 0x46, 0xca, 0x00, 0x22, 0x41, 0xc0,
0x00, 0x27, 0x4b, 0xf0, 0x00, 0x22, 0x41, 0xc7, 0x00, 0x28, 0x4d, 0xe2, 0x00, 0x21, 0x3e,
0xca, 0x00, 0x12, 0x30, 0xbc, 0x00, 0x2c, 0x51, 0xfa, 0x00, 0x2b, 0x4f, 0xf9, 0x00, 0x2e,
0x50, 0xfe, 0x00, 0x1c, 0x40, 0xd9, 0x00, 0x00, 0x03, 0x0e, 0x00, 0x01, 0x00, 0x00, 0x00,
0x01, 0x01, 0x01, 0x00, 0x01, 0x01, 0x01, 0x00, 0x01, 0x01, 0x01, 0x00, 0x01, 0x01, 0x01,
0x00, 0x01, 0x01, 0x01, 0x00, 0x01, 0x01, 0x01, 0x00, 0x01, 0x01, 0x01, 0x00, 0x01, 0x01,
0x01, 0x00, 0x01, 0x01, 0x01, 0x00, 0x01, 0x01, 0x01, 0x00, 0x01, 0x01, 0x01, 0x00, 0x01,
0x01, 0x01, 0x00, 0xff, 0xff, 0xff, 0x00, 0xff, 0xff, 0xff, 0x00, 0xff, 0xff, 0xff, 0x00,
0xff, 0xff, 0xff, 0x00, 0xff, 0xff, 0xff, 0x00, 0xff, 0xff, 0xff, 0x00, 0xff, 0xff, 0xff,
0x00, 0xff, 0xff, 0xff, 0x00, 0xff, 0xff, 0xff, 0x00, 0xff, 0xff, 0xff, 0x00, 0xff, 0xff,
0xff, 0x00, 0xff, 0xff, 0xff, 0x00, 0xff, 0xff, 0xff, 0x00, 0xff, 0xff, 0xff, 0x00, 0xff,
0xff, 0xff, 0x00, 0xff, 0xff, 0xff, 0x00, 0xff, 0xff, 0xff, 0x00, 0x01, 0x01, 0x80, 0x00,
0x01, 0x01, 0x80, 0x00, 0x01, 0x01, 0x80, 0x00, 0x01, 0x01, 0x80, 0x00, 0x01, 0x01, 0x80,
0x00, 0x01, 0x01, 0x80, 0x00, 0x01, 0x01, 0x80, 0x00, 0x01, 0x01, 0x80, 0x00, 0x01, 0x01,
0x80, 0x00, 0x01, 0x01, 0x80, 0x00, 0x01, 0x01, 0x80, 0x00, 0x01, 0x01, 0x80, 0x00, 0x01,
0x00, 0x7e, 0x00, 0x00, 0x08, 0x84, 0x00, 0x1d, 0x5e, 0xdf, 0x00, 0x2b, 0x68, 0xfc, 0x00,
0x1c, 0x54, 0xc1, 0x00, 0x20, 0x59, 0xcc, 0x00, 0x25, 0x56, 0xcb, 0x00, 0x24, 0x60, 0xdc,
0x00, 0x28, 0x6d, 0xff, 0x00, 0x20, 0x54, 0xc8, 0x00, 0x27, 0x61, 0xdf, 0x00, 0x24, 0x6b,
0xf1, 0x00, 0x29, 0x6d, 0xf6, 0x00, 0x20, 0x67, 0xe4, 0x00, 0x29, 0x6c, 0xf5, 0x00, 0x21,
0x6a, 0xe7, 0x00, 0x2c, 0x74, 0xff, 0x00, 0x23, 0x58, 0xca, 0x00, 0x19, 0x40, 0xb8, 0x00,
0x2e, 0x73, 0xff, 0x00, 0x27, 0x69, 0xea, 0x00, 0x26, 0x65, 0xe1, 0x00, 0x2b, 0x72, 0xfa,
0x00, 0x29, 0x73, 0xfa, 0x00, 0x22, 0x5a, 0xe1, 0x00, 0x1a, 0x5b, 0xd7, 0x00, 0x2a, 0x6f,
0xfb, 0x0b, 0x2c, 0x72, 0xfc, 0x50, 0x2c, 0x72, 0xfc, 0x93, 0x2c, 0x72, 0xfe, 0xbe, 0x2d,
0x72, 0xff, 0xf1, 0x2d, 0x71, 0xff, 0xff, 0x2d, 0x71, 0xff, 0xff, 0x2d, 0x71, 0xff, 0xff,
0x2d, 0x70, 0xff, 0xff, 0x2d, 0x70, 0xff, 0xff, 0x2d, 0x6f, 0xff, 0xff, 0x2d, 0x6f, 0xff,
0xff, 0x2d, 0x6e, 0xff, 0xff, 0x2d, 0x6e, 0xff, 0xff, 0x2d, 0x6e, 0xff, 0xff, 0x2d, 0x6e,
0xff, 0xff, 0x2d, 0x6d, 0xff, 0xff, 0x2d, 0x6d, 0xff, 0xff, 0x2d, 0x6d, 0xff, 0xff, 0x2d,
0x6c, 0xff, 0xff, 0x2d, 0x6b, 0xff, 0xff, 0x2d, 0x6b, 0xff, 0xff, 0x2d, 0x6b, 0xff, 0xff,
0x2d, 0x6b, 0xff, 0xff, 0x2d, 0x6b, 0xff, 0xff, 0x2d, 0x6b, 0xff, 0xff, 0x2d, 0x6a, 0xff,
0xff, 0x2d, 0x6a, 0xff, 0xff, 0x2d, 0x69, 0xff, 0xff, 0x2d, 0x68, 0xff, 0xf0, 0x2d, 0x68,
0xfe, 0xbf, 0x2d, 0x67, 0xfd, 0x94, 0x2c, 0x67, 0xfb, 0x52, 0x23, 0x67, 0xf1, 0x0e, 0x29,
0x63, 0xf8, 0x00, 0x28, 0x5e, 0xed, 0x00, 0x23, 0x49, 0xbc, 0x00, 0x29, 0x62, 0xfb, 0x00,
0x28, 0x5b, 0xf1, 0x00, 0x21, 0x4a, 0xbe, 0x00, 0x2f, 0x65, 0xff, 0x00, 0x1f, 0x42, 0xb9,
0x00, 0x16, 0x3d, 0xba, 0x00, 0x25, 0x4a, 0xcb, 0x00, 0x26, 0x5b, 0xf9, 0x00, 0x28, 0x58,
0xef, 0x00, 0x2d, 0x5a, 0xf7, 0x00, 0x2c, 0x5b, 0xff, 0x00, 0x21, 0x46, 0xca, 0x00, 0x22,
0x41, 0xc0, 0x00, 0x27, 0x4b, 0xf0, 0x00, 0x22, 0x41, 0xc7, 0x00, 0x28, 0x4d, 0xe2, 0x00,
0x21, 0x3e, 0xca, 0x00, 0x12, 0x30, 0xbc, 0x00, 0x2c, 0x51, 0xfa, 0x00, 0x2b, 0x4f, 0xf9,
0x00, 0x2e, 0x50, 0xfe, 0x00, 0x1c, 0x40, 0xd9, 0x00, 0x00, 0x03, 0x0e, 0x00, 0x01, 0x00,
0x00, 0x00, 0x01, 0x01, 0x01, 0x00, 0x01, 0x01, 0x01, 0x00, 0x01, 0x01, 0x01, 0x00, 0x01,
0x01, 0x01, 0x00, 0x01, 0x01, 0x01, 0x00, 0x01, 0x01, 0x01, 0x00, 0x01, 0x01, 0x01, 0x00,
0x01, 0x01, 0x01, 0x00, 0x01, 0x01, 0x01, 0x00, 0x01, 0x01, 0x01, 0x00, 0x01, 0x01, 0x01,
0x00, 0x01, 0x01, 0x01, 0x00, 0xff, 0xff, 0xff, 0x00, 0xff, 0xff, 0xff, 0x00, 0xff, 0xff,
0xff, 0x00, 0xff, 0xff, 0xff, 0x00, 0xff, 0xff, 0xff, 0x00, 0xff, 0xff, 0xff, 0x00, 0xff,
0xff, 0xff, 0x00, 0xff, 0xff, 0xff, 0x00, 0xff, 0xff, 0xff, 0x00, 0xff, 0xff, 0xff, 0x00,
0xff, 0xff, 0xff, 0x00, 0xff, 0xff, 0xff, 0x00, 0xff, 0xff, 0xff, 0x00, 0xff, 0xff, 0xff,
0x00, 0xff, 0xff, 0xff, 0x00, 0xff, 0xff, 0xff, 0x00, 0xff, 0xff, 0xff, 0x00, 0x01, 0x01,
0x80, 0x00, 0x01, 0x01, 0x80, 0x00, 0x01, 0x01, 0x80, 0x00, 0x01, 0x01, 0x80, 0x00, 0x01,
0x01, 0x80, 0x00, 0x01, 0x01, 0x80, 0x00, 0x01, 0x01, 0x80, 0x00, 0x01, 0x01, 0x80, 0x00,
0x01, 0x01, 0x80, 0x00, 0x01, 0x01, 0x80, 0x00, 0x01, 0x01, 0x80, 0x00, 0x01, 0x01, 0x80,
0x00, 0x01, 0x00, 0x7e, 0x00, 0x00, 0x08, 0x84, 0x00, 0x1d, 0x5e, 0xdf, 0x00, 0x2b, 0x68,
0xfc, 0x00, 0x1c, 0x54, 0xc1, 0x00, 0x20, 0x59, 0xcc, 0x00, 0x25, 0x56, 0xcb, 0x00, 0x24,
0x60, 0xdc, 0x00, 0x28, 0x6d, 0xff, 0x00, 0x20, 0x54, 0xc8, 0x00, 0x27, 0x61, 0xdf, 0x00,
0x24, 0x6b, 0xf1, 0x00, 0x29, 0x6d, 0xf6, 0x00, 0x20, 0x67, 0xe4, 0x00, 0x29, 0x6c, 0xf5,
0x00, 0x21, 0x6a, 0xe7, 0x00, 0x2c, 0x74, 0xff, 0x00, 0x23, 0x58, 0xca, 0x00, 0x19, 0x40,
0xb8, 0x00, 0x2e, 0x73, 0xff, 0x00, 0x27, 0x69, 0xea, 0x00, 0x26, 0x65, 0xe0, 0x00, 0x2b,
0x72, 0xfa, 0x00, 0x28, 0x71, 0xf8, 0x06, 0x28, 0x66, 0xf1, 0x55, 0x26, 0x69, 0xef, 0xa0,
0x2c, 0x72, 0xfe, 0xdd, 0x2d, 0x72, 0xff, 0xff, 0x2d, 0x71, 0xff, 0xff, 0x2d, 0x71, 0xff,
0xff, 0x2d, 0x71, 0xff, 0xff, 0x2d, 0x70, 0xff, 0xff, 0x2d, 0x70, 0xff, 0xff, 0x2d, 0x6f,
0xff, 0xff, 0x2d, 0x6f, 0xff, 0xff, 0x2d, 0x6e, 0xff, 0xff, 0x2d, 0x6e, 0xff, 0xff, 0x2d,
0x6e, 0xff, 0xff, 0x2d, 0x6e, 0xff, 0xff, 0x2d, 0x6e, 0xff, 0xff, 0x2d, 0x6d, 0xff, 0xff,
0x2d, 0x6d, 0xff, 0xff, 0x2d, 0x6c, 0xff, 0xff, 0x2d, 0x6c, 0xff, 0xff, 0x2d, 0x6b, 0xff,
0xff, 0x2d, 0x6b, 0xff, 0xff, 0x2d, 0x6b, 0xff, 0xff, 0x2d, 0x6b, 0xff, 0xff, 0x2d, 0x6a,
0xff, 0xff, 0x2d, 0x6a, 0xff, 0xff, 0x2d, 0x6a, 0xff, 0xff, 0x2d, 0x69, 0xff, 0xff, 0x2d,
0x69, 0xff, 0xff, 0x2e, 0x68, 0xff, 0xff, 0x2e, 0x68, 0xff, 0xff, 0x2e, 0x68, 0xff, 0xff,
0x2e, 0x67, 0xff, 0xff, 0x2e, 0x67, 0xff, 0xff, 0x2e, 0x67, 0xff, 0xff, 0x2d, 0x67, 0xfd,
0xe0, 0x2c, 0x65, 0xfc, 0xa2, 0x2a, 0x60, 0xf2, 0x5c, 0x23, 0x4c, 0xc2, 0x0b, 0x29, 0x61,
0xfa, 0x00, 0x28, 0x5b, 0xf1, 0x00, 0x21, 0x4a, 0xbe, 0x00, 0x2f, 0x65, 0xff, 0x00, 0x1f,
0x42, 0xb9, 0x00, 0x16, 0x3d, 0xba, 0x00, 0x25, 0x4a, 0xcb, 0x00, 0x26, 0x5b, 0xf9, 0x00,
0x28, 0x58, 0xef, 0x00, 0x2d, 0x5a, 0xf7, 0x00, 0x2c, 0x5b, 0xff, 0x00, 0x21, 0x46, 0xca,
0x00, 0x22, 0x41, 0xc0, 0x00, 0x27, 0x4b, 0xf0, 0x00, 0x22, 0x41, 0xc7, 0x00, 0x28, 0x4d,
0xe2, 0x00, 0x21, 0x3e, 0xca, 0x00, 0x12, 0x30, 0xbc, 0x00, 0x2c, 0x51, 0xfa, 0x00, 0x2b,
0x4f, 0xf9, 0x00, 0x2e, 0x50, 0xfe, 0x00, 0x1c, 0x40, 0xd9, 0x00, 0x00, 0x03, 0x0e, 0x00,
0x01, 0x00, 0x00, 0x00, 0x01, 0x01, 0x01, 0x00, 0x01, 0x01, 0x01, 0x00, 0x01, 0x01, 0x01,
0x00, 0x01, 0x01, 0x01, 0x00, 0x01, 0x01, 0x01, 0x00, 0x01, 0x01, 0x01, 0x00, 0x01, 0x01,
0x01, 0x00, 0x01, 0x01, 0x01, 0x00, 0x01, 0x01, 0x01, 0x00, 0x01, 0x01, 0x01, 0x00, 0x01,
0x01, 0x01, 0x00, 0x01, 0x01, 0x01, 0x00, 0xff, 0xff, 0xff, 0x00, 0xff, 0xff, 0xff, 0x00,
0xff, 0xff, 0xff, 0x00, 0xff, 0xff, 0xff, 0x00, 0xff, 0xff, 0xff, 0x00, 0xff, 0xff, 0xff,
0x00, 0xff, 0xff, 0xff, 0x00, 0xff, 0xff, 0xff, 0x00, 0xff, 0xff, 0xff, 0x00, 0xff, 0xff,
0xff, 0x00, 0xff, 0xff, 0xff, 0x00, 0xff, 0xff, 0xff, 0x00, 0xff, 0xff, 0xff, 0x00, 0xff,
0xff, 0xff, 0x00, 0xff, 0xff, 0xff, 0x00, 0xff, 0xff, 0xff, 0x00, 0xff, 0xff, 0xff, 0x00,
0x01, 0x01, 0x80, 0x00, 0x01, 0x01, 0x80, 0x00, 0x01, 0x01, 0x80, 0x00, 0x01, 0x01, 0x80,
0x00, 0x01, 0x01, 0x80, 0x00, 0x01, 0x01, 0x80, 0x00, 0x01, 0x01, 0x80, 0x00, 0x01, 0x01,
0x80, 0x00, 0x01, 0x01, 0x80, 0x00, 0x01, 0x01, 0x80, 0x00, 0x01, 0x01, 0x80, 0x00, 0x01,
0x01, 0x80, 0x00, 0x01, 0x00, 0x7e, 0x00, 0x00, 0x08, 0x84, 0x00, 0x1d, 0x5e, 0xdf, 0x00,
0x2b, 0x68, 0xfc, 0x00, 0x1c, 0x54, 0xc1, 0x00, 0x20, 0x59, 0xcc, 0x00, 0x25, 0x56, 0xcb,
0x00, 0x24, 0x60, 0xdc, 0x00, 0x28, 0x6d, 0xff, 0x00, 0x20, 0x54, 0xc8, 0x00, 0x27, 0x61,
0xdf, 0x00, 0x24, 0x6b, 0xf1, 0x00, 0x29, 0x6d, 0xf6, 0x00, 0x20, 0x67, 0xe4, 0x00, 0x29,
0x6c, 0xf5, 0x00, 0x21, 0x6a, 0xe7, 0x00, 0x2c, 0x74, 0xff, 0x00, 0x23, 0x58, 0xca, 0x00,
0x19, 0x40, 0xb8, 0x00, 0x2e, 0x73, 0xff, 0x00, 0x27, 0x69, 0xeb, 0x00, 0x26, 0x66, 0xe3,
0x29, 0x2d, 0x73, 0xfd, 0x8b, 0x2c, 0x71, 0xfd, 0xd3, 0x2e, 0x73, 0xff, 0xff, 0x2e, 0x73,
0xff, 0xff, 0x2d, 0x71, 0xff, 0xff, 0x2d, 0x70, 0xff, 0xff, 0x2d, 0x70, 0xff, 0xff, 0x2d,
0x70, 0xff, 0xff, 0x2d, 0x70, 0xff, 0xff, 0x2d, 0x6f, 0xff, 0xff, 0x2d, 0x6e, 0xff, 0xff,
0x2d, 0x6e, 0xff, 0xff, 0x2d, 0x6e, 0xff, 0xff, 0x2d, 0x6e, 0xff, 0xff, 0x2d, 0x6e, 0xff,
0xff, 0x2d, 0x6d, 0xff, 0xff, 0x2d, 0x6d, 0xff, 0xff, 0x2d, 0x6c, 0xff, 0xff, 0x2d, 0x6c,
0xff, 0xff, 0x2d, 0x6b, 0xff, 0xff, 0x2d, 0x6b, 0xff, 0xff, 0x2d, 0x6b, 0xff, 0xff, 0x2d,
0x6b, 0xff, 0xff, 0x2d, 0x6b, 0xff, 0xff, 0x2d, 0x6a, 0xff, 0xff, 0x2d, 0x6a, 0xff, 0xff,
0x2d, 0x69, 0xff, 0xff, 0x2d, 0x69, 0xff, 0xff, 0x2e, 0x69, 0xff, 0xff, 0x2e, 0x68, 0xff,
0xff, 0x2e, 0x67, 0xff, 0xff, 0x2e, 0x67, 0xff, 0xff, 0x2e, 0x67, 0xff, 0xff, 0x2e, 0x67,
0xff, 0xff, 0x2e, 0x67, 0xff, 0xff, 0x2e, 0x66, 0xff, 0xff, 0x2e, 0x66, 0xff, 0xff, 0x2e,
0x65, 0xff, 0xff, 0x2e, 0x65, 0xff, 0xff, 0x2e, 0x65, 0xff, 0xff, 0x2d, 0x62, 0xfa, 0xda,
0x2c, 0x63, 0xfc, 0x94, 0x29, 0x5c, 0xf2, 0x37, 0x21, 0x49, 0xbc, 0x00, 0x2f, 0x65, 0xff,
0x00, 0x1f, 0x42, 0xb9, 0x00, 0x16, 0x3d, 0xba, 0x00, 0x25, 0x4a, 0xcb, 0x00, 0x26, 0x5b,
0xf9, 0x00, 0x28, 0x58, 0xef, 0x00, 0x2d, 0x5a, 0xf7, 0x00, 0x2c, 0x5b, 0xff, 0x00, 0x21,
0x46, 0xca, 0x00, 0x22, 0x41, 0xc0, 0x00, 0x27, 0x4b, 0xf0, 0x00, 0x22, 0x41, 0xc7, 0x00,
0x28, 0x4d, 0xe2, 0x00, 0x21, 0x3e, 0xca, 0x00, 0x12, 0x30, 0xbc, 0x00, 0x2c, 0x51, 0xfa,
0x00, 0x2b, 0x4f, 0xf9, 0x00, 0x2e, 0x50, 0xfe, 0x00, 0x1c, 0x40, 0xd9, 0x00, 0x00, 0x03,
0x0e, 0x00, 0x01, 0x00, 0x00, 0x00, 0x01, 0x01, 0x01, 0x00, 0x01, 0x01, 0x01, 0x00, 0x01,
0x01, 0x01, 0x00, 0x01, 0x01, 0x01, 0x00, 0x01, 0x01, 0x01, 0x00, 0x01, 0x01, 0x01, 0x00,
0x01, 0x01, 0x01, 0x00, 0x01, 0x01, 0x01, 0x00, 0x01, 0x01, 0x01, 0x00, 0x01, 0x01, 0x01,
0x00, 0x01, 0x01, 0x01, 0x00, 0x01, 0x01, 0x01, 0x00, 0xff, 0xff, 0xff, 0x00, 0xff, 0xff,
0xff, 0x00, 0xff, 0xff, 0xff, 0x00, 0xff, 0xff, 0xff, 0x00, 0xff, 0xff, 0xff, 0x00, 0xff,
0xff, 0xff, 0x00, 0xff, 0xff, 0xff, 0x00, 0xff, 0xff, 0xff, 0x00, 0xff, 0xff, 0xff, 0x00,
0xff, 0xff, 0xff, 0x00, 0xff, 0xff, 0xff, 0x00, 0xff, 0xff, 0xff, 0x00, 0xff, 0xff, 0xff,
0x00, 0xff, 0xff, 0xff, 0x00, 0xff, 0xff, 0xff, 0x00, 0xff, 0xff, 0xff, 0x00, 0xff, 0xff,
0xff, 0x00, 0x01, 0x01, 0x80, 0x00, 0x01, 0x01, 0x80, 0x00, 0x01, 0x01, 0x80, 0x00, 0x01,
0x01, 0x80, 0x00, 0x01, 0x01, 0x80, 0x00, 0x01, 0x01, 0x80, 0x00, 0x01, 0x01, 0x80, 0x00,
0x01, 0x01, 0x80, 0x00, 0x01, 0x01, 0x80, 0x00, 0x01, 0x01, 0x80, 0x00, 0x01, 0x01, 0x80,
0x00, 0x01, 0x01, 0x80, 0x00, 0x01, 0x00, 0x7e, 0x00, 0x00, 0x08, 0x84, 0x00, 0x1d, 0x5e,
0xdf, 0x00, 0x2b, 0x68, 0xfc, 0x00, 0x1c, 0x54, 0xc1, 0x00, 0x20, 0x59, 0xcc, 0x00, 0x25,
0x56, 0xcb, 0x00, 0x24, 0x60, 0xdc, 0x00, 0x28, 0x6d, 0xff, 0x00, 0x20, 0x54, 0xc8, 0x00,
0x27, 0x61, 0xdf, 0x00, 0x24, 0x6b, 0xf1, 0x00, 0x29, 0x6d, 0xf6, 0x00, 0x20, 0x67, 0xe4,
0x00, 0x29, 0x6c, 0xf5, 0x00, 0x21, 0x6a, 0xe7, 0x00, 0x2c, 0x74, 0xff, 0x00, 0x22, 0x56,
0xc7, 0x00, 0x18, 0x3d, 0xb5, 0x00, 0x2d, 0x72, 0xff, 0x43, 0x2c, 0x71, 0xfc, 0xa6, 0x2c,
0x71, 0xfd, 0xf4, 0x2d, 0x72, 0xff, 0xff, 0x2d, 0x71, 0xff, 0xff, 0x2d, 0x71, 0xff, 0xff,
0x2d, 0x70, 0xff, 0xff, 0x2d, 0x70, 0xff, 0xff, 0x2d, 0x70, 0xff, 0xff, 0x2d, 0x6f, 0xff,
0xff, 0x2d, 0x6e, 0xff, 0xff, 0x2d, 0x6e, 0xff, 0xff, 0x2d, 0x6e, 0xff, 0xff, 0x2d, 0x6e,
0xff, 0xff, 0x2d, 0x6e, 0xff, 0xff, 0x2d, 0x6d, 0xff, 0xff, 0x2d, 0x6d, 0xff, 0xff, 0x2d,
0x6d, 0xff, 0xff, 0x2d, 0x6c, 0xff, 0xff, 0x2d, 0x6b, 0xff, 0xff, 0x2d, 0x6b, 0xff, 0xff,
0x2d, 0x6b, 0xff, 0xff, 0x2d, 0x6b, 0xff, 0xff, 0x2d, 0x6b, 0xff, 0xff, 0x2d, 0x6a, 0xff,
0xff, 0x2d, 0x6a, 0xff, 0xff, 0x2d, 0x69, 0xff, 0xff, 0x2d, 0x69, 0xff, 0xff, 0x2e, 0x69,
0xff, 0xff, 0x2e, 0x68, 0xff, 0xff, 0x2e, 0x68, 0xff, 0xff, 0x2e, 0x67, 0xff, 0xff, 0x2e,
0x67, 0xff, 0xff, 0x2e, 0x67, 0xff, 0xff, 0x2e, 0x67, 0xff, 0xff, 0x2e, 0x66, 0xff, 0xff,
0x2e, 0x66, 0xff, 0xff, 0x2e, 0x66, 0xff, 0xff, 0x2e, 0x65, 0xff, 0xff, 0x2e, 0x64, 0xff,
0xff, 0x2e, 0x64, 0xff, 0xff, 0x2e, 0x64, 0xff, 0xff, 0x2e, 0x64, 0xff, 0xff, 0x2e, 0x64,
0xff, 0xff, 0x2e, 0x63, 0xff, 0xff, 0x2e, 0x62, 0xfd, 0xfc, 0x2a, 0x5c, 0xee, 0xb2, 0x2f,
0x64, 0xff, 0x58, 0x1e, 0x41, 0xb6, 0x00, 0x15, 0x3c, 0xb7, 0x00, 0x25, 0x4a, 0xca, 0x00,
0x26, 0x5b, 0xf9, 0x00, 0x28, 0x58, 0xef, 0x00, 0x2d, 0x5a, 0xf7, 0x00, 0x2c, 0x5b, 0xff,
0x00, 0x21, 0x46, 0xca, 0x00, 0x22, 0x41, 0xc0, 0x00, 0x27, 0x4b, 0xf0, 0x00, 0x22, 0x41,
0xc7, 0x00, 0x28, 0x4d, 0xe2, 0x00, 0x21, 0x3e, 0xca, 0x00, 0x12, 0x30, 0xbc, 0x00, 0x2c,
0x51, 0xfa, 0x00, 0x2b, 0x4f, 0xf9, 0x00, 0x2e, 0x50, 0xfe, 0x00, 0x1c, 0x40, 0xd9, 0x00,
0x00, 0x03, 0x0e, 0x00, 0x01, 0x00, 0x00, 0x00, 0x01, 0x01, 0x01, 0x00, 0x01, 0x01, 0x01,
0x00, 0x01, 0x01, 0x01, 0x00, 0x01, 0x01, 0x01, 0x00, 0x01, 0x01, 0x01, 0x00, 0x01, 0x01,
0x01, 0x00, 0x01, 0x01, 0x01, 0x00, 0x01, 0x01, 0x01, 0x00, 0x01, 0x01, 0x01, 0x00, 0x01,
0x01, 0x01, 0x00, 0x01, 0x01, 0x01, 0x00, 0x01, 0x01, 0x01, 0x00, 0xff, 0xff, 0xff, 0x00,
0xff, 0xff, 0xff, 0x00, 0xff, 0xff, 0xff, 0x00, 0xff, 0xff, 0xff, 0x00, 0xff, 0xff, 0xff,
0x00, 0xff, 0xff, 0xff, 0x00, 0xff, 0xff, 0xff, 0x00, 0xff, 0xff, 0xff, 0x00, 0xff, 0xff,
0xff, 0x00, 0xff, 0xff, 0xff, 0x00, 0xff, 0xff, 0xff, 0x00, 0xff, 0xff, 0xff, 0x00, 0xff,
0xff, 0xff, 0x00, 0xff, 0xff, 0xff, 0x00, 0xff, 0xff, 0xff, 0x00, 0xff, 0xff, 0xff, 0x00,
0xff, 0xff, 0xff, 0x00, 0x01, 0x01, 0x80, 0x00, 0x01, 0x01, 0x80, 0x00, 0x01, 0x01, 0x80,
0x00, 0x01, 0x01, 0x80, 0x00, 0x01, 0x01, 0x80, 0x00, 0x01, 0x01, 0x80, 0x00, 0x01, 0x01,
0x80, 0x00, 0x01, 0x01, 0x80, 0x00, 0x01, 0x01, 0x80, 0x00, 0x01, 0x01, 0x80, 0x00, 0x01,
0x01, 0x80, 0x00, 0x01, 0x01, 0x80, 0x00, 0x01, 0x00, 0x7e, 0x00, 0x00, 0x08, 0x84, 0x00,
0x1d, 0x5e, 0xdf, 0x00, 0x2b, 0x68, 0xfc, 0x00, 0x1c, 0x54, 0xc1, 0x00, 0x20, 0x59, 0xcc,
0x00, 0x25, 0x56, 0xcb, 0x00, 0x24, 0x60, 0xdc, 0x00, 0x28, 0x6d, 0xff, 0x00, 0x20, 0x54,
0xc8, 0x00, 0x27, 0x61, 0xdf, 0x00, 0x24, 0x6b, 0xf1, 0x00, 0x29, 0x6d, 0xf6, 0x00, 0x20,
0x67, 0xe4, 0x00, 0x29, 0x6c, 0xf5, 0x00, 0x20, 0x6a, 0xe6, 0x00, 0x2b, 0x72, 0xfb, 0x00,
0x28, 0x65, 0xe4, 0x45, 0x26, 0x61, 0xe5, 0xb0, 0x2d, 0x72, 0xff, 0xff, 0x2d, 0x72, 0xff,
0xff, 0x2d, 0x71, 0xff, 0xff, 0x2d, 0x70, 0xff, 0xff, 0x2d, 0x70, 0xff, 0xff, 0x2d, 0x6f,
0xff, 0xff, 0x2d, 0x6f, 0xff, 0xff, 0x2d, 0x6f, 0xff, 0xff, 0x2d, 0x6e, 0xff, 0xff, 0x2d,
0x6e, 0xff, 0xff, 0x2d, 0x6e, 0xff, 0xff, 0x2d, 0x6e, 0xff, 0xff, 0x2d, 0x6e, 0xff, 0xff,
0x2d, 0x6d, 0xff, 0xff, 0x2d, 0x6d, 0xff, 0xff, 0x2d, 0x6c, 0xff, 0xff, 0x2d, 0x6c, 0xff,
0xff, 0x2d, 0x6b, 0xff, 0xff, 0x2d, 0x6b, 0xff, 0xff, 0x2d, 0x6b, 0xff, 0xff, 0x2d, 0x6b,
0xff, 0xff, 0x2d, 0x6a, 0xff, 0xff, 0x2d, 0x6a, 0xff, 0xff, 0x2d, 0x6a, 0xff, 0xff, 0x2d,
0x69, 0xff, 0xff, 0x2d, 0x68, 0xff, 0xff, 0x2e, 0x68, 0xff, 0xff, 0x2e, 0x68, 0xff, 0xff,
0x2e, 0x67, 0xff, 0xff, 0x2e, 0x67, 0xff, 0xff, 0x2e, 0x67, 0xff, 0xff, 0x2e, 0x67, 0xff,
0xff, 0x2e, 0x67, 0xff, 0xff, 0x2e, 0x66, 0xff, 0xff, 0x2e, 0x66, 0xff, 0xff, 0x2e, 0x65,
0xff, 0xff, 0x2e, 0x65, 0xff, 0xff, 0x2e, 0x64, 0xff, 0xff, 0x2e, 0x64, 0xff, 0xff, 0x2e,
0x64, 0xff, 0xff, 0x2e, 0x64, 0xff, 0xff, 0x2e, 0x63, 0xff, 0xff, 0x2e, 0x63, 0xff, 0xff,
0x2e, 0x63, 0xff, 0xff, 0x2e, 0x62, 0xff, 0xff, 0x2e, 0x62, 0xff, 0xff, 0x2f, 0x62, 0xff,
0xff, 0x2f, 0x62, 0xff, 0xff, 0x2a, 0x59, 0xec, 0xc2, 0x1f, 0x4a, 0xd0, 0x61, 0x25, 0x4b,
0xce, 0x00, 0x25, 0x5a, 0xf8, 0x00, 0x28, 0x58, 0xef, 0x00, 0x2d, 0x5a, 0xf7, 0x00, 0x2c,
0x5b, 0xff, 0x00, 0x21, 0x46, 0xca, 0x00, 0x22, 0x41, 0xc0, 0x00, 0x27, 0x4b, 0xf0, 0x00,
0x22, 0x41, 0xc7, 0x00, 0x28, 0x4d, 0xe2, 0x00, 0x21, 0x3e, 0xca, 0x00, 0x12, 0x30, 0xbc,
0x00, 0x2c, 0x51, 0xfa, 0x00, 0x2b, 0x4f, 0xf9, 0x00, 0x2e, 0x50, 0xfe, 0x00, 0x1c, 0x40,
0xd9, 0x00, 0x00, 0x03, 0x0e, 0x00, 0x01, 0x00, 0x00, 0x00, 0x01, 0x01, 0x01, 0x00, 0x01,
0x01, 0x01, 0x00, 0x01, 0x01, 0x01, 0x00, 0x01, 0x01, 0x01, 0x00, 0x01, 0x01, 0x01, 0x00,
0x01, 0x01, 0x01, 0x00, 0x01, 0x01, 0x01, 0x00, 0x01, 0x01, 0x01, 0x00, 0x01, 0x01, 0x01,
0x00, 0x01, 0x01, 0x01, 0x00, 0x01, 0x01, 0x01, 0x00, 0x01, 0x01, 0x01, 0x00, 0xff, 0xff,
0xff, 0x00, 0xff, 0xff, 0xff, 0x00, 0xff, 0xff, 0xff, 0x00, 0xff, 0xff, 0xff, 0x00, 0xff,
0xff, 0xff, 0x00, 0xff, 0xff, 0xff, 0x00, 0xff, 0xff, 0xff, 0x00, 0xff, 0xff, 0xff, 0x00,
0xff, 0xff, 0xff, 0x00, 0xff, 0xff, 0xff, 0x00, 0xff, 0xff, 0xff, 0x00, 0xff, 0xff, 0xff,
0x00, 0xff, 0xff, 0xff, 0x00, 0xff, 0xff, 0xff, 0x00, 0xff, 0xff, 0xff, 0x00, 0xff, 0xff,
0xff, 0x00, 0xff, 0xff, 0xff, 0x00, 0x01, 0x01, 0x80, 0x00, 0x01, 0x01, 0x80, 0x00, 0x01,
0x01, 0x80, 0x00, 0x01, 0x01, 0x80, 0x00, 0x01, 0x01, 0x80, 0x00, 0x01, 0x01, 0x80, 0x00,
0x01, 0x01, 0x80, 0x00, 0x01, 0x01, 0x80, 0x00, 0x01, 0x01, 0x80, 0x00, 0x01, 0x01, 0x80,
0x00, 0x01, 0x01, 0x80, 0x00, 0x01, 0x01, 0x80, 0x00, 0x01, 0x00, 0x7e, 0x00, 0x00, 0x08,
0x84, 0x00, 0x1d, 0x5e, 0xdf, 0x00, 0x2b, 0x68, 0xfc, 0x00, 0x1c, 0x54, 0xc1, 0x00, 0x20,
0x59, 0xcc, 0x00, 0x25, 0x56, 0xcb, 0x00, 0x24, 0x60, 0xdc, 0x00, 0x28, 0x6d, 0xff, 0x00,
0x20, 0x54, 0xc8, 0x00, 0x27, 0x61, 0xdf, 0x00, 0x24, 0x6b, 0xf1, 0x00, 0x29, 0x6d, 0xf6,
0x00, 0x20, 0x67, 0xe4, 0x00, 0x29, 0x6b, 0xf4, 0x00, 0x24, 0x6c, 0xed, 0x2f, 0x2b, 0x71,
0xfb, 0xa8, 0x2e, 0x73, 0xff, 0xff, 0x2e, 0x74, 0xff, 0xff, 0x2d, 0x70, 0xff, 0xff, 0x2d,
0x70, 0xff, 0xff, 0x2d, 0x70, 0xff, 0xff, 0x2d, 0x6f, 0xff, 0xff, 0x2d, 0x6f, 0xff, 0xff,
0x2d, 0x6e, 0xff, 0xff, 0x2d, 0x6e, 0xff, 0xff, 0x2d, 0x6e, 0xff, 0xff, 0x2d, 0x6e, 0xff,
0xff, 0x2d, 0x6e, 0xff, 0xff, 0x2d, 0x6d, 0xff, 0xff, 0x2d, 0x6d, 0xff, 0xff, 0x2d, 0x6c,
0xff, 0xff, 0x2d, 0x6c, 0xff, 0xff, 0x2d, 0x6b, 0xff, 0xff, 0x2d, 0x6b, 0xff, 0xff, 0x2d,
0x6b, 0xff, 0xff, 0x2d, 0x6b, 0xff, 0xff, 0x2d, 0x6b, 0xff, 0xff, 0x2d, 0x6a, 0xff, 0xff,
0x2d, 0x6a, 0xff, 0xff, 0x2d, 0x69, 0xff, 0xff, 0x2d, 0x69, 0xff, 0xff, 0x2e, 0x68, 0xff,
0xff, 0x2e, 0x68, 0xff, 0xff, 0x2e, 0x67, 0xff, 0xff, 0x2e, 0x67, 0xff, 0xff, 0x2e, 0x67,
0xff, 0xff, 0x2e, 0x67, 0xff, 0xff, 0x2e, 0x67, 0xff, 0xff, 0x2e, 0x66, 0xff, 0xff, 0x2e,
0x66, 0xff, 0xff, 0x2e, 0x65, 0xff, 0xff, 0x2e, 0x65, 0xff, 0xff, 0x2e, 0x64, 0xff, 0xff,
0x2e, 0x64, 0xff, 0xff, 0x2e, 0x64, 0xff, 0xff, 0x2e, 0x64, 0xff, 0xff, 0x2e, 0x64, 0xff,
0xff, 0x2e, 0x63, 0xff, 0xff, 0x2e, 0x63, 0xff, 0xff, 0x2e, 0x62, 0xff, 0xff, 0x2e, 0x62,
0xff, 0xff, 0x2e, 0x61, 0xff, 0xff, 0x2e, 0x61, 0xff, 0xff, 0x2e, 0x60, 0xff, 0xff, 0x2e,
0x60, 0xff, 0xff, 0x2e, 0x60, 0xff, 0xff, 0x2f, 0x62, 0xff, 0xff, 0x2f, 0x60, 0xff, 0xff,
0x2e, 0x5e, 0xfc, 0xc0, 0x25, 0x59, 0xf3, 0x4b, 0x28, 0x58, 0xef, 0x00, 0x2d, 0x5a, 0xf7,
0x00, 0x2c, 0x5b, 0xff, 0x00, 0x21, 0x46, 0xca, 0x00, 0x22, 0x41, 0xc0, 0x00, 0x27, 0x4b,
0xf0, 0x00, 0x22, 0x41, 0xc7, 0x00, 0x28, 0x4d, 0xe2, 0x00, 0x21, 0x3e, 0xca, 0x00, 0x12,
0x30, 0xbc, 0x00, 0x2c, 0x51, 0xfa, 0x00, 0x2b, 0x4f, 0xf9, 0x00, 0x2e, 0x50, 0xfe, 0x00,
0x1c, 0x40, 0xd9, 0x00, 0x00, 0x03, 0x0e, 0x00, 0x01, 0x00, 0x00, 0x00, 0x01, 0x01, 0x01,
0x00, 0x01, 0x01, 0x01, 0x00, 0x01, 0x01, 0x01, 0x00, 0x01, 0x01, 0x01, 0x00, 0x01, 0x01,
0x01, 0x00, 0x01, 0x01, 0x01, 0x00, 0x01, 0x01, 0x01, 0x00, 0x01, 0x01, 0x01, 0x00, 0x01,
0x01, 0x01, 0x00, 0x01, 0x01, 0x01, 0x00, 0x01, 0x01, 0x01, 0x00, 0x01, 0x01, 0x01, 0x00,
0xff, 0xff, 0xff, 0x00, 0xff, 0xff, 0xff, 0x00, 0xff, 0xff, 0xff, 0x00, 0xff, 0xff, 0xff,
0x00, 0xff, 0xff, 0xff, 0x00, 0xff, 0xff, 0xff, 0x00, 0xff, 0xff, 0xff, 0x00, 0xff, 0xff,
0xff, 0x00, 0xff, 0xff, 0xff, 0x00, 0xff, 0xff, 0xff, 0x00, 0xff, 0xff, 0xff, 0x00, 0xff,
0xff, 0xff, 0x00, 0xff, 0xff, 0xff, 0x00, 0xff, 0xff, 0xff, 0x00, 0xff, 0xff, 0xff, 0x00,
0xff, 0xff, 0xff, 0x00, 0xff, 0xff, 0xff, 0x00, 0x01, 0x01, 0x80, 0x00, 0x01, 0x01, 0x80,
0x00, 0x01, 0x01, 0x80, 0x00, 0x01, 0x01, 0x80, 0x00, 0x01, 0x01, 0x80, 0x00, 0x01, 0x01,
0x80, 0x00, 0x01, 0x01, 0x80, 0x00, 0x01, 0x01, 0x80, 0x00, 0x01, 0x01, 0x80, 0x00, 0x01,
0x01, 0x80, 0x00, 0x01, 0x01, 0x80, 0x00, 0x01, 0x01, 0x80, 0x00, 0x01, 0x00, 0x7e, 0x00,
0x00, 0x08, 0x84, 0x00, 0x1d, 0x5e, 0xdf, 0x00, 0x2b, 0x68, 0xfc, 0x00, 0x1c, 0x54, 0xc1,
0x00, 0x20, 0x59, 0xcc, 0x00, 0x25, 0x56, 0xcb, 0x00, 0x24, 0x60, 0xdc, 0x00, 0x28, 0x6d,
0xff, 0x00, 0x20, 0x54, 0xc8, 0x00, 0x27, 0x61, 0xdf, 0x00, 0x24, 0x6b, 0xf1, 0x00, 0x29,
0x6d, 0xf6, 0x00, 0x20, 0x67, 0xe5, 0x09, 0x2a, 0x6e, 0xf9, 0x82, 0x2d, 0x71, 0xff, 0xf3,
0x2d, 0x71, 0xff, 0xff, 0x2d, 0x70, 0xff, 0xff, 0x2d, 0x70, 0xff, 0xff, 0x2d, 0x70, 0xff,
0xff, 0x2d, 0x6f, 0xff, 0xff, 0x2d, 0x6e, 0xff, 0xff, 0x2d, 0x6e, 0xff, 0xff, 0x2d, 0x6e,
0xff, 0xff, 0x2d, 0x6e, 0xff, 0xff, 0x2d, 0x6e, 0xff, 0xff, 0x2d, 0x6d, 0xff, 0xff, 0x2d,
0x6d, 0xff, 0xff, 0x2d, 0x6c, 0xff, 0xff, 0x2d, 0x6c, 0xff, 0xff, 0x2d, 0x6b, 0xff, 0xff,
0x2d, 0x6b, 0xff, 0xff, 0x2d, 0x6b, 0xff, 0xff, 0x2d, 0x6b, 0xff, 0xff, 0x2d, 0x6b, 0xff,
0xff, 0x2d, 0x6a, 0xff, 0xff, 0x2d, 0x6a, 0xff, 0xff, 0x2d, 0x69, 0xff, 0xff, 0x2d, 0x69,
0xff, 0xff, 0x2e, 0x69, 0xff, 0xff, 0x2e, 0x68, 0xff, 0xff, 0x2e, 0x67, 0xff, 0xff, 0x2e,
0x67, 0xff, 0xff, 0x2e, 0x67, 0xff, 0xff, 0x2e, 0x67, 0xff, 0xff, 0x2e, 0x67, 0xff, 0xff,
0x2e, 0x66, 0xff, 0xff, 0x2e, 0x66, 0xff, 0xff, 0x2e, 0x66, 0xff, 0xff, 0x2e, 0x65, 0xff,
0xff, 0x2e, 0x64, 0xff, 0xff, 0x2e, 0x64, 0xff, 0xff, 0x2e, 0x64, 0xff, 0xff, 0x2e, 0x64,
0xff, 0xff, 0x2e, 0x64, 0xff, 0xff, 0x2e, 0x63, 0xff, 0xff, 0x2e, 0x63, 0xff, 0xff, 0x2e,
0x62, 0xff, 0xff, 0x2e, 0x62, 0xff, 0xff, 0x2e, 0x62, 0xff, 0xff, 0x2e, 0x61, 0xff, 0xff,
0x2e, 0x60, 0xff, 0xff, 0x2e, 0x60, 0xff, 0xff, 0x2e, 0x60, 0xff, 0xff, 0x2e, 0x60, 0xff,
0xff, 0x2e, 0x60, 0xff, 0xff, 0x2e, 0x5f, 0xff, 0xff, 0x2e, 0x5f, 0xff, 0xff, 0x2e, 0x5f,
0xff, 0xff, 0x2e, 0x5f, 0xff, 0xff, 0x2e, 0x5d, 0xfe, 0xfe, 0x2d, 0x5c, 0xfa, 0xa2, 0x2c,
0x5a, 0xf9, 0x22, 0x2c, 0x5b, 0xff, 0x00, 0x21, 0x46, 0xca, 0x00, 0x22, 0x41, 0xc0, 0x00,
0x27, 0x4b, 0xf0, 0x00, 0x22, 0x41, 0xc7, 0x00, 0x28, 0x4d, 0xe2, 0x00, 0x21, 0x3e, 0xca,
0x00, 0x12, 0x30, 0xbc, 0x00, 0x2c, 0x51, 0xfa, 0x00, 0x2b, 0x4f, 0xf9, 0x00, 0x2e, 0x50,
0xfe, 0x00, 0x1c, 0x40, 0xd9, 0x00, 0x00, 0x03, 0x0e, 0x00, 0x01, 0x00, 0x00, 0x00, 0x01,
0x01, 0x01, 0x00, 0x01, 0x01, 0x01, 0x00, 0x01, 0x01, 0x01, 0x00, 0x01, 0x01, 0x01, 0x00,
0x01, 0x01, 0x01, 0x00, 0x01, 0x01, 0x01, 0x00, 0x01, 0x01, 0x01, 0x00, 0x01, 0x01, 0x01,
0x00, 0x01, 0x01, 0x01, 0x00, 0x01, 0x01, 0x01, 0x00, 0x01, 0x01, 0x01, 0x00, 0x01, 0x01,
0x01, 0x00, 0xff, 0xff, 0xff, 0x00, 0xff, 0xff, 0xff, 0x00, 0xff, 0xff, 0xff, 0x00, 0xff,
0xff, 0xff, 0x00, 0xff, 0xff, 0xff, 0x00, 0xff, 0xff, 0xff, 0x00, 0xff, 0xff, 0xff, 0x00,
0xff, 0xff, 0xff, 0x00, 0xff, 0xff, 0xff, 0x00, 0xff, 0xff, 0xff, 0x00, 0xff, 0xff, 0xff,
0x00, 0xff, 0xff, 0xff, 0x00, 0xff, 0xff, 0xff, 0x00, 0xff, 0xff, 0xff, 0x00, 0xff, 0xff,
0xff, 0x00, 0xff, 0xff, 0xff, 0x00, 0xff, 0xff, 0xff, 0x00, 0x01, 0x01, 0x80, 0x00, 0x01,
0x01, 0x80, 0x00, 0x01, 0x01, 0x80, 0x00, 0x01, 0x01, 0x80, 0x00, 0x01, 0x01, 0x80, 0x00,
0x01, 0x01, 0x80, 0x00, 0x01, 0x01, 0x80, 0x00, 0x01, 0x01, 0x80, 0x00, 0x01, 0x01, 0x80,
0x00, 0x01, 0x01, 0x80, 0x00, 0x01, 0x01, 0x80, 0x00, 0x01, 0x01, 0x80, 0x00, 0x01, 0x00,
0x7e, 0x00, 0x00, 0x08, 0x84, 0x00, 0x1d, 0x5e, 0xdf, 0x00, 0x2b, 0x68, 0xfc, 0x00, 0x1c,
0x54, 0xc1, 0x00, 0x20, 0x59, 0xcc, 0x00, 0x25, 0x56, 0xcb, 0x00, 0x24, 0x60, 0xdc, 0x00,
0x28, 0x6d, 0xff, 0x00, 0x20, 0x54, 0xc8, 0x00, 0x27, 0x61, 0xdf, 0x00, 0x24, 0x6b, 0xf0,
0x00, 0x2a, 0x6e, 0xf8, 0x48, 0x2b, 0x6f, 0xfb, 0xcc, 0x2d, 0x71, 0xff, 0xff, 0x2d, 0x70,
0xff, 0xff, 0x2d, 0x70, 0xff, 0xff, 0x2d, 0x6f, 0xff, 0xff, 0x2d, 0x6f, 0xff, 0xff, 0x2d,
0x6e, 0xff, 0xff, 0x2d, 0x6e, 0xff, 0xff, 0x2d, 0x6e, 0xff, 0xff, 0x2d, 0x6e, 0xff, 0xff,
0x2d, 0x6d, 0xff, 0xff, 0x2d, 0x6d, 0xff, 0xff, 0x2d, 0x6d, 0xff, 0xff, 0x2d, 0x6c, 0xff,
0xff, 0x2d, 0x6b, 0xff, 0xff, 0x2d, 0x6b, 0xff, 0xff, 0x2d, 0x6b, 0xff, 0xff, 0x2d, 0x6b,
0xff, 0xff, 0x2d, 0x6b, 0xff, 0xff, 0x2d, 0x6a, 0xff, 0xff, 0x2d, 0x6a, 0xff, 0xff, 0x2d,
0x6a, 0xff, 0xff, 0x2d, 0x69, 0xff, 0xff, 0x2d, 0x68, 0xff, 0xff, 0x2e, 0x68, 0xff, 0xff,
0x2e, 0x68, 0xff, 0xff, 0x2e, 0x67, 0xff, 0xff, 0x2e, 0x67, 0xff, 0xff, 0x2e, 0x67, 0xff,
0xff, 0x2e, 0x67, 0xff, 0xff, 0x2e, 0x67, 0xff, 0xff, 0x2e, 0x66, 0xff, 0xff, 0x2e, 0x66,
0xff, 0xff, 0x2e, 0x65, 0xff, 0xff, 0x2e, 0x64, 0xff, 0xff, 0x2e, 0x65, 0xff, 0xff, 0x2e,
0x64, 0xff, 0xff, 0x2e, 0x64, 0xff, 0xff, 0x2e, 0x64, 0xff, 0xff, 0x2e, 0x63, 0xff, 0xff,
0x2e, 0x63, 0xff, 0xff, 0x2e, 0x63, 0xff, 0xff, 0x2e, 0x62, 0xff, 0xff, 0x2e, 0x61, 0xff,
0xff, 0x2e, 0x61, 0xff, 0xff, 0x2e, 0x61, 0xff, 0xff, 0x2e, 0x60, 0xff, 0xff, 0x2e, 0x60,
0xff, 0xff, 0x2e, 0x60, 0xff, 0xff, 0x2e, 0x60, 0xff, 0xff, 0x2e, 0x60, 0xff, 0xff, 0x2e,
0x5f, 0xff, 0xff, 0x2e, 0x5f, 0xff, 0xff, 0x2e, 0x5e, 0xff, 0xff, 0x2e, 0x5e, 0xff, 0xff,
0x2e, 0x5d, 0xff, 0xff, 0x2e, 0x5d, 0xff, 0xff, 0x2e, 0x5d, 0xff, 0xff, 0x2e, 0x5c, 0xff,
0xff, 0x2e, 0x5c, 0xff, 0xe5, 0x2e, 0x5c, 0xff, 0x67, 0x20, 0x45, 0xc7, 0x00, 0x22, 0x40,
0xbe, 0x00, 0x27, 0x4b, 0xf0, 0x00, 0x22, 0x41, 0xc7, 0x00, 0x28, 0x4d, 0xe2, 0x00, 0x21,
0x3e, 0xca, 0x00, 0x12, 0x30, 0xbc, 0x00, 0x2c, 0x51, 0xfa, 0x00, 0x2b, 0x4f, 0xf9, 0x00,
0x2e, 0x50, 0xfe, 0x00, 0x1c, 0x40, 0xd9, 0x00, 0x00, 0x03, 0x0e, 0x00, 0x01, 0x00, 0x00,
0x00, 0x01, 0x01, 0x01, 0x00, 0x01, 0x01, 0x01, 0x00, 0x01, 0x01, 0x01, 0x00, 0x01, 0x01,
0x01, 0x00, 0x01, 0x01, 0x01, 0x00, 0x01, 0x01, 0x01, 0x00, 0x01, 0x01, 0x01, 0x00, 0x01,
0x01, 0x01, 0x00, 0x01, 0x01, 0x01, 0x00, 0x01, 0x01, 0x01, 0x00, 0x01, 0x01, 0x01, 0x00,
0x01, 0x01, 0x01, 0x00, 0xff, 0xff, 0xff, 0x00, 0xff, 0xff, 0xff, 0x00, 0xff, 0xff, 0xff,
0x00, 0xff, 0xff, 0xff, 0x00, 0xff, 0xff, 0xff, 0x00, 0xff, 0xff, 0xff, 0x00, 0xff, 0xff,
0xff, 0x00, 0xff, 0xff, 0xff, 0x00, 0xff, 0xff, 0xff, 0x00, 0xff, 0xff, 0xff, 0x00, 0xff,
0xff, 0xff, 0x00, 0xff, 0xff, 0xff, 0x00, 0xff, 0xff, 0xff, 0x00, 0xff, 0xff, 0xff, 0x00,
0xff, 0xff, 0xff, 0x00, 0xff, 0xff, 0xff, 0x00, 0xff, 0xff, 0xff, 0x00, 0x01, 0x01, 0x80,
0x00, 0x01, 0x01, 0x80, 0x00, 0x01, 0x01, 0x80, 0x00, 0x01, 0x01, 0x80, 0x00, 0x01, 0x01,
0x80, 0x00, 0x01, 0x01, 0x80, 0x00, 0x01, 0x01, 0x80, 0x00, 0x01, 0x01, 0x80, 0x00, 0x01,
0x01, 0x80, 0x00, 0x01, 0x01, 0x80, 0x00, 0x01, 0x01, 0x80, 0x00, 0x01, 0x01, 0x80, 0x00,
0x01, 0x00, 0x7e, 0x00, 0x00, 0x08, 0x84, 0x00, 0x1d, 0x5e, 0xdf, 0x00, 0x2b, 0x68, 0xfc,
0x00, 0x1c, 0x54, 0xc1, 0x00, 0x20, 0x59, 0xcc, 0x00, 0x25, 0x56, 0xcb, 0x00, 0x24, 0x60,
0xdc, 0x00, 0x28, 0x6d, 0xff, 0x00, 0x1f, 0x52, 0xc5, 0x00, 0x27, 0x60, 0xde, 0x07, 0x2a,
0x6f, 0xf9, 0x88, 0x2d, 0x70, 0xff, 0xf9, 0x2d, 0x70, 0xff, 0xff, 0x2d, 0x6f, 0xff, 0xff,
0x2d, 0x6f, 0xff, 0xff, 0x2d, 0x6e, 0xff, 0xff, 0x2d, 0x6e, 0xff, 0xff, 0x2d, 0x6e, 0xff,
0xff, 0x2d, 0x6e, 0xff, 0xff, 0x2d, 0x6e, 0xff, 0xff, 0x2d, 0x6d, 0xff, 0xff, 0x2d, 0x6d,
0xff, 0xff, 0x2d, 0x6c, 0xff, 0xff, 0x2d, 0x6c, 0xff, 0xff, 0x2d, 0x6b, 0xff, 0xff, 0x2d,
0x6b, 0xff, 0xff, 0x2d, 0x6b, 0xff, 0xff, 0x2d, 0x6b, 0xff, 0xff, 0x2d, 0x6b, 0xff, 0xff,
0x2d, 0x6a, 0xff, 0xff, 0x2d, 0x6a, 0xff, 0xff, 0x2d, 0x69, 0xff, 0xff, 0x2d, 0x69, 0xff,
0xff, 0x2e, 0x68, 0xff, 0xff, 0x2e, 0x68, 0xff, 0xff, 0x2e, 0x67, 0xff, 0xff, 0x2e, 0x67,
0xff, 0xff, 0x2e, 0x67, 0xff, 0xff, 0x2e, 0x67, 0xff, 0xff, 0x2e, 0x67, 0xff, 0xff, 0x2e,
0x66, 0xff, 0xff, 0x2e, 0x66, 0xff, 0xff, 0x2e, 0x65, 0xff, 0xff, 0x2e, 0x65, 0xff, 0xff,
0x2e, 0x64, 0xff, 0xff, 0x2e, 0x64, 0xff, 0xff, 0x2e, 0x64, 0xff, 0xff, 0x2e, 0x64, 0xff,
0xff, 0x2e, 0x64, 0xff, 0xff, 0x2e, 0x63, 0xff, 0xff, 0x2e, 0x63, 0xff, 0xff, 0x2e, 0x62,
0xff, 0xff, 0x2e, 0x62, 0xff, 0xff, 0x2e, 0x61, 0xff, 0xff, 0x2e, 0x61, 0xff, 0xff, 0x2e,
0x60, 0xff, 0xff, 0x2e, 0x60, 0xff, 0xff, 0x2e, 0x60, 0xff, 0xff, 0x2e, 0x60, 0xff, 0xff,
0x2e, 0x60, 0xff, 0xff, 0x2e, 0x5f, 0xff, 0xff, 0x2e, 0x5f, 0xff, 0xff, 0x2e, 0x5e, 0xff,
0xff, 0x2e, 0x5e, 0xff, 0xff, 0x2e, 0x5e, 0xff, 0xff, 0x2e, 0x5d, 0xff, 0xff, 0x2e, 0x5c,
0xff, 0xff, 0x2e, 0x5c, 0xff, 0xff, 0x2e, 0x5c, 0xff, 0xff, 0x2e, 0x5c, 0xff, 0xff, 0x2e,
0x5c, 0xff, 0xff, 0x2e, 0x5b, 0xff, 0xff, 0x2f, 0x5c, 0xff, 0xff, 0x29, 0x51, 0xe6, 0xa5,
0x24, 0x46, 0xcc, 0x16, 0x26, 0x4a, 0xed, 0x00, 0x22, 0x41, 0xc7, 0x00, 0x28, 0x4d, 0xe2,
0x00, 0x21, 0x3e, 0xca, 0x00, 0x12, 0x30, 0xbc, 0x00, 0x2c, 0x51, 0xfa, 0x00, 0x2b, 0x4f,
0xf9, 0x00, 0x2e, 0x50, 0xfe, 0x00, 0x1c, 0x40, 0xd9, 0x00, 0x00, 0x03, 0x0e, 0x00, 0x01,
0x00, 0x00, 0x00, 0x01, 0x01, 0x01, 0x00, 0x01, 0x01, 0x01, 0x00, 0x01, 0x01, 0x01, 0x00,
0x01, 0x01, 0x01, 0x00, 0x01, 0x01, 0x01, 0x00, 0x01, 0x01, 0x01, 0x00, 0x01, 0x01, 0x01,
0x00, 0x01, 0x01, 0x01, 0x00, 0x01, 0x01, 0x01, 0x00, 0x01, 0x01, 0x01, 0x00, 0x01, 0x01,
0x01, 0x00, 0x01, 0x01, 0x01, 0x00, 0xff, 0xff, 0xff, 0x00, 0xff, 0xff, 0xff, 0x00, 0xff,
0xff, 0xff, 0x00, 0xff, 0xff, 0xff, 0x00, 0xff, 0xff, 0xff, 0x00, 0xff, 0xff, 0xff, 0x00,
0xff, 0xff, 0xff, 0x00, 0xff, 0xff, 0xff, 0x00, 0xff, 0xff, 0xff, 0x00, 0xff, 0xff, 0xff,
0x00, 0xff, 0xff, 0xff, 0x00, 0xff, 0xff, 0xff, 0x00, 0xff, 0xff, 0xff, 0x00, 0xff, 0xff,
0xff, 0x00, 0xff, 0xff, 0xff, 0x00, 0xff, 0xff, 0xff, 0x00, 0xff, 0xff, 0xff, 0x00, 0x01,
0x01, 0x80, 0x00, 0x01, 0x01, 0x80, 0x00, 0x01, 0x01, 0x80, 0x00, 0x01, 0x01, 0x80, 0x00,
0x01, 0x01, 0x80, 0x00, 0x01, 0x01, 0x80, 0x00, 0x01, 0x01, 0x80, 0x00, 0x01, 0x01, 0x80,
0x00, 0x01, 0x01, 0x80, 0x00, 0x01, 0x01, 0x80, 0x00, 0x01, 0x01, 0x80, 0x00, 0x01, 0x01,
0x80, 0x00, 0x01, 0x00, 0x7e, 0x00, 0x00, 0x08, 0x84, 0x00, 0x1d, 0x5e, 0xdf, 0x00, 0x2b,
0x68, 0xfc, 0x00, 0x1c, 0x54, 0xc1, 0x00, 0x20, 0x59, 0xcc, 0x00, 0x25, 0x56, 0xcb, 0x00,
0x24, 0x60, 0xdc, 0x00, 0x27, 0x6b, 0xfc, 0x00, 0x25, 0x5f, 0xe1, 0x2e, 0x2a, 0x69, 0xf1,
0xc4, 0x2e, 0x71, 0xff, 0xff, 0x2d, 0x6f, 0xff, 0xff, 0x2d, 0x6e, 0xff, 0xff, 0x2d, 0x6f,
0xff, 0xff, 0x2d, 0x6e, 0xff, 0xff, 0x2d, 0x6e, 0xff, 0xff, 0x2d, 0x6e, 0xff, 0xff, 0x2d,
0x6d, 0xff, 0xff, 0x2d, 0x6d, 0xff, 0xff, 0x2d, 0x6c, 0xff, 0xff, 0x2d, 0x6c, 0xff, 0xff,
0x2d, 0x6b, 0xff, 0xff, 0x2d, 0x6b, 0xff, 0xff, 0x2d, 0x6b, 0xff, 0xff, 0x2d, 0x6b, 0xff,
0xff, 0x2d, 0x6b, 0xff, 0xff, 0x2d, 0x6a, 0xff, 0xff, 0x2d, 0x6a, 0xff, 0xff, 0x2d, 0x69,
0xff, 0xff, 0x2d, 0x69, 0xff, 0xff, 0x2e, 0x69, 0xff, 0xff, 0x2e, 0x68, 0xff, 0xff, 0x2e,
0x67, 0xff, 0xff, 0x2e, 0x67, 0xff, 0xff, 0x2e, 0x67, 0xff, 0xff, 0x2e, 0x67, 0xff, 0xff,
0x2e, 0x67, 0xff, 0xff, 0x2e, 0x66, 0xff, 0xff, 0x2e, 0x66, 0xff, 0xff, 0x2e, 0x65, 0xff,
0xff, 0x2e, 0x65, 0xff, 0xff, 0x2e, 0x64, 0xff, 0xff, 0x2e, 0x64, 0xff, 0xff, 0x2e, 0x64,
0xff, 0xff, 0x2e, 0x64, 0xff, 0xff, 0x2e, 0x64, 0xff, 0xff, 0x2e, 0x63, 0xff, 0xff, 0x2e,
0x63, 0xff, 0xff, 0x2e, 0x62, 0xff, 0xff, 0x2e, 0x62, 0xff, 0xff, 0x2e, 0x62, 0xff, 0xff,
0x2e, 0x61, 0xff, 0xff, 0x2e, 0x60, 0xff, 0xff, 0x2e, 0x60, 0xff, 0xff, 0x2e, 0x60, 0xff,
0xff, 0x2e, 0x60, 0xff, 0xff, 0x2e, 0x60, 0xff, 0xff, 0x2e, 0x5f, 0xff, 0xff, 0x2e, 0x5f,
0xff, 0xff, 0x2e, 0x5e, 0xff, 0xff, 0x2e, 0x5e, 0xff, 0xff, 0x2e, 0x5e, 0xff, 0xff, 0x2e,
0x5d, 0xff, 0xff, 0x2e, 0x5d, 0xff, 0xff, 0x2e, 0x5c, 0xff, 0xff, 0x2e, 0x5c, 0xff, 0xff,
0x2e, 0x5c, 0xff, 0xff, 0x2e, 0x5c, 0xff, 0xff, 0x2e, 0x5b, 0xff, 0xff, 0x2e, 0x5b, 0xff,
0xff, 0x2e, 0x5b, 0xff, 0xff, 0x2e, 0x5a, 0xff, 0xff, 0x2e, 0x59, 0xff, 0xff, 0x2f, 0x5b,
0xff, 0xff, 0x2d, 0x57, 0xf8, 0xd5, 0x28, 0x4d, 0xf1, 0x3c, 0x22, 0x41, 0xc5, 0x00, 0x28,
0x4d, 0xe1, 0x00, 0x21, 0x3e, 0xca, 0x00, 0x12, 0x30, 0xbc, 0x00, 0x2c, 0x51, 0xfa, 0x00,
0x2b, 0x4f, 0xf9, 0x00, 0x2e, 0x50, 0xfe, 0x00, 0x1c, 0x40, 0xd9, 0x00, 0x00, 0x03, 0x0e,
0x00, 0x01, 0x00, 0x00, 0x00, 0x01, 0x01, 0x01, 0x00, 0x01, 0x01, 0x01, 0x00, 0x01, 0x01,
0x01, 0x00, 0x01, 0x01, 0x01, 0x00, 0x01, 0x01, 0x01, 0x00, 0x01, 0x01, 0x01, 0x00, 0x01,
0x01, 0x01, 0x00, 0x01, 0x01, 0x01, 0x00, 0x01, 0x01, 0x01, 0x00, 0x01, 0x01, 0x01, 0x00,
0x01, 0x01, 0x01, 0x00, 0x01, 0x01, 0x01, 0x00, 0xff, 0xff, 0xff, 0x00, 0xff, 0xff, 0xff,
0x00, 0xff, 0xff, 0xff, 0x00, 0xff, 0xff, 0xff, 0x00, 0xff, 0xff, 0xff, 0x00, 0xff, 0xff,
0xff, 0x00, 0xff, 0xff, 0xff, 0x00, 0xff, 0xff, 0xff, 0x00, 0xff, 0xff, 0xff, 0x00, 0xff,
0xff, 0xff, 0x00, 0xff, 0xff, 0xff, 0x00, 0xff, 0xff, 0xff, 0x00, 0xff, 0xff, 0xff, 0x00,
0xff, 0xff, 0xff, 0x00, 0xff, 0xff, 0xff, 0x00, 0xff, 0xff, 0xff, 0x00, 0xff, 0xff, 0xff,
0x00, 0x01, 0x01, 0x80, 0x00, 0x01, 0x01, 0x80, 0x00, 0x01, 0x01, 0x80, 0x00, 0x01, 0x01,
0x80, 0x00, 0x01, 0x01, 0x80, 0x00, 0x01, 0x01, 0x80, 0x00, 0x01, 0x01, 0x80, 0x00, 0x01,
0x01, 0x80, 0x00, 0x01, 0x01, 0x80, 0x00, 0x01, 0x01, 0x80, 0x00, 0x01, 0x01, 0x80, 0x00,
0x01, 0x01, 0x80, 0x00, 0x01, 0x00, 0x7e, 0x00, 0x00, 0x08, 0x84, 0x00, 0x1d, 0x5e, 0xdf,
0x00, 0x2b, 0x68, 0xfc, 0x00, 0x1c, 0x54, 0xc1, 0x00, 0x20, 0x59, 0xcc, 0x00, 0x25, 0x56,
0xca, 0x00, 0x23, 0x5f, 0xdb, 0x00, 0x29, 0x6d, 0xfc, 0x58, 0x2d, 0x70, 0xff, 0xe8, 0x2d,
0x70, 0xff, 0xff, 0x2d, 0x6e, 0xff, 0xff, 0x2d, 0x6e, 0xff, 0xff, 0x2d, 0x6e, 0xff, 0xff,
0x2d, 0x6e, 0xff, 0xff, 0x2d, 0x6d, 0xff, 0xff, 0x2d, 0x6d, 0xff, 0xff, 0x2d, 0x6d, 0xff,
0xff, 0x2d, 0x6c, 0xff, 0xff, 0x2d, 0x6b, 0xff, 0xff, 0x2d, 0x6b, 0xff, 0xff, 0x2d, 0x6b,
0xff, 0xff, 0x2d, 0x6b, 0xff, 0xff, 0x2d, 0x6b, 0xff, 0xff, 0x2d, 0x6a, 0xff, 0xff, 0x2d,
0x6a, 0xff, 0xff, 0x2d, 0x69, 0xff, 0xff, 0x2d, 0x69, 0xff, 0xff, 0x2e, 0x69, 0xff, 0xff,
0x2e, 0x68, 0xff, 0xff, 0x2e, 0x68, 0xff, 0xff, 0x2e, 0x67, 0xff, 0xff, 0x2e, 0x67, 0xff,
0xff, 0x2e, 0x67, 0xff, 0xff, 0x2e, 0x67, 0xff, 0xff, 0x2e, 0x66, 0xff, 0xff, 0x2e, 0x66,
0xff, 0xff, 0x2e, 0x66, 0xff, 0xff, 0x2e, 0x65, 0xff, 0xff, 0x2e, 0x64, 0xff, 0xff, 0x2e,
0x64, 0xff, 0xff, 0x2e, 0x64, 0xff, 0xff, 0x2e, 0x64, 0xff, 0xff, 0x2e, 0x64, 0xff, 0xff,
0x2e, 0x63, 0xff, 0xff, 0x2e, 0x63, 0xff, 0xff, 0x2e, 0x62, 0xff, 0xff, 0x2e, 0x62, 0xff,
0xff, 0x2e, 0x62, 0xff, 0xff, 0x2e, 0x61, 0xff, 0xff, 0x2e, 0x61, 0xff, 0xff, 0x2e, 0x60,
0xff, 0xff, 0x2e, 0x60, 0xff, 0xff, 0x2e, 0x60, 0xff, 0xff, 0x2e, 0x60, 0xff, 0xff, 0x2e,
0x5f, 0xff, 0xff, 0x2e, 0x5f, 0xff, 0xff, 0x2e, 0x5f, 0xff, 0xff, 0x2e, 0x5e, 0xff, 0xff,
0x2e, 0x5e, 0xff, 0xff, 0x2e, 0x5d, 0xff, 0xff, 0x2e, 0x5d, 0xff, 0xff, 0x2e, 0x5c, 0xff,
0xff, 0x2e, 0x5c, 0xff, 0xff, 0x2e, 0x5c, 0xff, 0xff, 0x2e, 0x5c, 0xff, 0xff, 0x2e, 0x5c,
0xff, 0xff, 0x2e, 0x5b, 0xff, 0xff, 0x2e, 0x5b, 0xff, 0xff, 0x2e, 0x5a, 0xff, 0xff, 0x2e,
0x5a, 0xff, 0xff, 0x2e, 0x59, 0xff, 0xff, 0x2e, 0x59, 0xff, 0xff, 0x2e, 0x59, 0xff, 0xff,
0x2e, 0x58, 0xff, 0xff, 0x2e, 0x59, 0xff, 0xff, 0x2e, 0x59, 0xfe, 0xee, 0x24, 0x45, 0xcd,
0x5c, 0x28, 0x4d, 0xe3, 0x00, 0x21, 0x3e, 0xca, 0x00, 0x12, 0x30, 0xbc, 0x00, 0x2c, 0x51,
0xfa, 0x00, 0x2b, 0x4f, 0xf9, 0x00, 0x2e, 0x50, 0xfe, 0x00, 0x1c, 0x40, 0xd9, 0x00, 0x00,
0x03, 0x0e, 0x00, 0x01, 0x00, 0x00, 0x00, 0x01, 0x01, 0x01, 0x00, 0x01, 0x01, 0x01, 0x00,
0x01, 0x01, 0x01, 0x00, 0x01, 0x01, 0x01, 0x00, 0x01, 0x01, 0x01, 0x00, 0x01, 0x01, 0x01,
0x00, 0x01, 0x01, 0x01, 0x00, 0x01, 0x01, 0x01, 0x00, 0x01, 0x01, 0x01, 0x00, 0x01, 0x01,
0x01, 0x00, 0x01, 0x01, 0x01, 0x00, 0x01, 0x01, 0x01, 0x00, 0xff, 0xff, 0xff, 0x00, 0xff,
0xff, 0xff, 0x00, 0xff, 0xff, 0xff, 0x00, 0xff, 0xff, 0xff, 0x00, 0xff, 0xff, 0xff, 0x00,
0xff, 0xff, 0xff, 0x00, 0xff, 0xff, 0xff, 0x00, 0xff, 0xff, 0xff, 0x00, 0xff, 0xff, 0xff,
0x00, 0xff, 0xff, 0xff, 0x00, 0xff, 0xff, 0xff, 0x00, 0xff, 0xff, 0xff, 0x00, 0xff, 0xff,
0xff, 0x00, 0xff, 0xff, 0xff, 0x00, 0xff, 0xff, 0xff, 0x00, 0xff, 0xff, 0xff, 0x00, 0xff,
0xff, 0xff, 0x00, 0x01, 0x01, 0x80, 0x00, 0x01, 0x01, 0x80, 0x00, 0x01, 0x01, 0x80, 0x00,
0x01, 0x01, 0x80, 0x00, 0x01, 0x01, 0x80, 0x00, 0x01, 0x01, 0x80, 0x00, 0x01, 0x01, 0x80,
0x00, 0x01, 0x01, 0x80, 0x00, 0x01, 0x01, 0x80, 0x00, 0x01, 0x01, 0x80, 0x00, 0x01, 0x01,
0x80, 0x00, 0x01, 0x01, 0x80, 0x00, 0x01, 0x00, 0x7e, 0x00, 0x00, 0x08, 0x84, 0x00, 0x1d,
0x5e, 0xdf, 0x00, 0x2b, 0x68, 0xfc, 0x00, 0x1c, 0x54, 0xc1, 0x00, 0x20, 0x59, 0xcc, 0x00,
0x25, 0x57, 0xcd, 0x00, 0x27, 0x62, 0xe2, 0x7c, 0x2d, 0x70, 0xff, 0xfc, 0x2d, 0x6e, 0xff,
0xff, 0x2d, 0x6e, 0xff, 0xff, 0x2d, 0x6e, 0xff, 0xff, 0x2d, 0x6e, 0xff, 0xff, 0x2d, 0x6d,
0xff, 0xff, 0x2d, 0x6d, 0xff, 0xff, 0x2d, 0x6c, 0xff, 0xff, 0x2d, 0x6c, 0xff, 0xff, 0x2d,
0x6b, 0xff, 0xff, 0x2d, 0x6b, 0xff, 0xff, 0x2d, 0x6b, 0xff, 0xff, 0x2d, 0x6b, 0xff, 0xff,
0x2d, 0x6a, 0xff, 0xff, 0x2d, 0x6a, 0xff, 0xff, 0x2d, 0x6a, 0xff, 0xff, 0x2d, 0x69, 0xff,
0xff, 0x2d, 0x69, 0xff, 0xff, 0x2e, 0x68, 0xff, 0xff, 0x2e, 0x68, 0xff, 0xff, 0x2e, 0x67,
0xff, 0xff, 0x2e, 0x67, 0xff, 0xff, 0x2e, 0x67, 0xff, 0xff, 0x2e, 0x67, 0xff, 0xff, 0x2e,
0x67, 0xff, 0xff, 0x2e, 0x66, 0xff, 0xff, 0x2e, 0x66, 0xff, 0xff, 0x2e, 0x65, 0xff, 0xff,
0x2e, 0x65, 0xff, 0xff, 0x2e, 0x64, 0xff, 0xff, 0x2e, 0x64, 0xff, 0xff, 0x2e, 0x64, 0xff,
0xff, 0x2e, 0x64, 0xff, 0xff, 0x2e, 0x63, 0xff, 0xff, 0x2e, 0x63, 0xff, 0xff, 0x2e, 0x63,
0xff, 0xff, 0x2e, 0x62, 0xff, 0xff, 0x2e, 0x62, 0xff, 0xff, 0x2e, 0x61, 0xff, 0xff, 0x2e,
0x61, 0xff, 0xff, 0x2e, 0x60, 0xff, 0xff, 0x2e, 0x60, 0xff, 0xff, 0x2e, 0x60, 0xff, 0xff,
0x2e, 0x60, 0xff, 0xff, 0x2e, 0x60, 0xff, 0xff, 0x2e, 0x5f, 0xff, 0xff, 0x2e, 0x5f, 0xff,
0xff, 0x2e, 0x5e, 0xff, 0xff, 0x2e, 0x5e, 0xff, 0xff, 0x2e, 0x5e, 0xff, 0xff, 0x2e, 0x5d,
0xff, 0xff, 0x2e, 0x5c, 0xff, 0xff, 0x2e, 0x5c, 0xff, 0xff, 0x2e, 0x5c, 0xff, 0xff, 0x2e,
0x5c, 0xff, 0xff, 0x2e, 0x5c, 0xff, 0xff, 0x2e, 0x5b, 0xff, 0xff, 0x2e, 0x5b, 0xff, 0xff,
0x2e, 0x5a, 0xff, 0xff, 0x2e, 0x5a, 0xff, 0xff, 0x2e, 0x59, 0xff, 0xff, 0x2e, 0x59, 0xff,
0xff, 0x2e, 0x59, 0xff, 0xff, 0x2e, 0x59, 0xff, 0xff, 0x2e, 0x59, 0xff, 0xff, 0x2e, 0x58,
0xff, 0xff, 0x2e, 0x58, 0xff, 0xff, 0x2e, 0x57, 0xff, 0xff, 0x2e, 0x57, 0xff, 0xff, 0x2d,
0x55, 0xfb, 0xfc, 0x2f, 0x58, 0xfc, 0x75, 0x20, 0x3b, 0xc3, 0x00, 0x12, 0x2f, 0xba, 0x00,
0x2c, 0x51, 0xfa, 0x00, 0x2b, 0x4f, 0xf9, 0x00, 0x2e, 0x50, 0xfe, 0x00, 0x1c, 0x40, 0xd9,
0x00, 0x00, 0x03, 0x0e, 0x00, 0x01, 0x00, 0x00, 0x00, 0x01, 0x01, 0x01, 0x00, 0x01, 0x01,
0x01, 0x00, 0x01, 0x01, 0x01, 0x00, 0x01, 0x01, 0x01, 0x00, 0x01, 0x01, 0x01, 0x00, 0x01,
0x01, 0x01, 0x00, 0x01, 0x01, 0x01, 0x00, 0x01, 0x01, 0x01, 0x00, 0x01, 0x01, 0x01, 0x00,
0x01, 0x01, 0x01, 0x00, 0x01, 0x01, 0x01, 0x00, 0x01, 0x01, 0x01, 0x00, 0xff, 0xff, 0xff,
0x00, 0xff, 0xff, 0xff, 0x00, 0xff, 0xff, 0xff, 0x00, 0xff, 0xff, 0xff, 0x00, 0xff, 0xff,
0xff, 0x00, 0xff, 0xff, 0xff, 0x00, 0xff, 0xff, 0xff, 0x00, 0xff, 0xff, 0xff, 0x00, 0xff,
0xff, 0xff, 0x00, 0xff, 0xff, 0xff, 0x00, 0xff, 0xff, 0xff, 0x00, 0xff, 0xff, 0xff, 0x00,
0xff, 0xff, 0xff, 0x00, 0xff, 0xff, 0xff, 0x00, 0xff, 0xff, 0xff, 0x00, 0xff, 0xff, 0xff,
0x00, 0xff, 0xff, 0xff, 0x00, 0x01, 0x01, 0x80, 0x00, 0x01, 0x01, 0x80, 0x00, 0x01, 0x01,
0x80, 0x00, 0x01, 0x01, 0x80, 0x00, 0x01, 0x01, 0x80, 0x00, 0x01, 0x01, 0x80, 0x00, 0x01,
0x01, 0x80, 0x00, 0x01, 0x01, 0x80, 0x00, 0x01, 0x01, 0x80, 0x00, 0x01, 0x01, 0x80, 0x00,
0x01, 0x01, 0x80, 0x00, 0x01, 0x01, 0x80, 0x00, 0x01, 0x00, 0x7e, 0x00, 0x00, 0x08, 0x84,
0x00, 0x1d, 0x5e, 0xdf, 0x00, 0x2b, 0x68, 0xfc, 0x00, 0x1b, 0x53, 0xbe, 0x00, 0x1f, 0x55,
0xc2, 0x04, 0x2d, 0x6e, 0xfa, 0x9a, 0x2d, 0x6d, 0xfd, 0xff, 0x2d, 0x6e, 0xff, 0xff, 0x2d,
0x6e, 0xff, 0xff, 0x2d, 0x6d, 0xff, 0xff, 0x2d, 0x6d, 0xff, 0xff, 0x2d, 0x6c, 0xff, 0xff,
0x2d, 0x6c, 0xff, 0xff, 0x2d, 0x6b, 0xff, 0xff, 0x2d, 0x6b, 0xff, 0xff, 0x2d, 0x6b, 0xff,
0xff, 0x2d, 0x6b, 0xff, 0xff, 0x2d, 0x6b, 0xff, 0xff, 0x2d, 0x6a, 0xff, 0xff, 0x2d, 0x6a,
0xff, 0xff, 0x2d, 0x69, 0xff, 0xff, 0x2d, 0x69, 0xff, 0xff, 0x2e, 0x69, 0xff, 0xff, 0x2e,
0x68, 0xff, 0xff, 0x2e, 0x67, 0xff, 0xff, 0x2e, 0x67, 0xff, 0xff, 0x2e, 0x67, 0xff, 0xff,
0x2e, 0x67, 0xff, 0xff, 0x2e, 0x67, 0xff, 0xff, 0x2e, 0x66, 0xff, 0xff, 0x2e, 0x66, 0xff,
0xff, 0x2e, 0x65, 0xff, 0xff, 0x2e, 0x65, 0xff, 0xff, 0x2e, 0x64, 0xff, 0xff, 0x2e, 0x64,
0xff, 0xff, 0x2e, 0x64, 0xff, 0xff, 0x2e, 0x64, 0xff, 0xff, 0x2e, 0x64, 0xff, 0xff, 0x2e,
0x63, 0xff, 0xff, 0x2e, 0x63, 0xff, 0xff, 0x2e, 0x62, 0xff, 0xff, 0x2e, 0x62, 0xff, 0xff,
0x2e, 0x62, 0xff, 0xff, 0x2e, 0x61, 0xff, 0xff, 0x2e, 0x60, 0xff, 0xff, 0x2e, 0x60, 0xff,
0xff, 0x2e, 0x60, 0xff, 0xff, 0x2e, 0x60, 0xff, 0xff, 0x2e, 0x60, 0xff, 0xff, 0x2e, 0x5f,
0xff, 0xff, 0x2e, 0x5f, 0xff, 0xff, 0x2e, 0x5e, 0xff, 0xff, 0x2e, 0x5e, 0xff, 0xff, 0x2e,
0x5e, 0xff, 0xff, 0x2e, 0x5d, 0xff, 0xff, 0x2e, 0x5c, 0xff, 0xff, 0x2e, 0x5d, 0xff, 0xff,
0x2e, 0x5c, 0xff, 0xff, 0x2e, 0x5c, 0xff, 0xff, 0x2e, 0x5c, 0xff, 0xff, 0x2e, 0x5b, 0xff,
0xff, 0x2e, 0x5b, 0xff, 0xff, 0x2e, 0x5b, 0xff, 0xff, 0x2e, 0x5a, 0xff, 0xff, 0x2e, 0x59,
0xff, 0xff, 0x2e, 0x59, 0xff, 0xff, 0x2e, 0x59, 0xff, 0xff, 0x2e, 0x59, 0xff, 0xff, 0x2e,
0x59, 0xff, 0xff, 0x2e, 0x58, 0xff, 0xff, 0x2e, 0x58, 0xff, 0xff, 0x2e, 0x57, 0xff, 0xff,
0x2e, 0x57, 0xff, 0xff, 0x2e, 0x57, 0xff, 0xff, 0x2f, 0x56, 0xff, 0xff, 0x2f, 0x55, 0xff,
0xff, 0x2f, 0x56, 0xff, 0xff, 0x31, 0x59, 0xff, 0xff, 0x23, 0x41, 0xd3, 0x88, 0x13, 0x33,
0xc3, 0x00, 0x2c, 0x50, 0xf9, 0x00, 0x2b, 0x4f, 0xf9, 0x00, 0x2e, 0x50, 0xfe, 0x00, 0x1c,
0x40, 0xd9, 0x00, 0x00, 0x03, 0x0e, 0x00, 0x01, 0x00, 0x00, 0x00, 0x01, 0x01, 0x01, 0x00,
0x01, 0x01, 0x01, 0x00, 0x01, 0x01, 0x01, 0x00, 0x01, 0x01, 0x01, 0x00, 0x01, 0x01, 0x01,
0x00, 0x01, 0x01, 0x01, 0x00, 0x01, 0x01, 0x01, 0x00, 0x01, 0x01, 0x01, 0x00, 0x01, 0x01,
0x01, 0x00, 0x01, 0x01, 0x01, 0x00, 0x01, 0x01, 0x01, 0x00, 0x01, 0x01, 0x01, 0x00, 0xff,
0xff, 0xff, 0x00, 0xff, 0xff, 0xff, 0x00, 0xff, 0xff, 0xff, 0x00, 0xff, 0xff, 0xff, 0x00,
0xff, 0xff, 0xff, 0x00, 0xff, 0xff, 0xff, 0x00, 0xff, 0xff, 0xff, 0x00, 0xff, 0xff, 0xff,
0x00, 0xff, 0xff, 0xff, 0x00, 0xff, 0xff, 0xff, 0x00, 0xff, 0xff, 0xff, 0x00, 0xff, 0xff,
0xff, 0x00, 0xff, 0xff, 0xff, 0x00, 0xff, 0xff, 0xff, 0x00, 0xff, 0xff, 0xff, 0x00, 0xff,
0xff, 0xff, 0x00, 0xff, 0xff, 0xff, 0x00, 0x01, 0x01, 0x80, 0x00, 0x01, 0x01, 0x80, 0x00,
0x01, 0x01, 0x80, 0x00, 0x01, 0x01, 0x80, 0x00, 0x01, 0x01, 0x80, 0x00, 0x01, 0x01, 0x80,
0x00, 0x01, 0x01, 0x80, 0x00, 0x01, 0x01, 0x80, 0x00, 0x01, 0x01, 0x80, 0x00, 0x01, 0x01,
0x80, 0x00, 0x01, 0x01, 0x80, 0x00, 0x01, 0x01, 0x80, 0x00, 0x01, 0x00, 0x7e, 0x00, 0x00,
0x08, 0x84, 0x00, 0x1d, 0x5e, 0xdf, 0x00, 0x2a, 0x67, 0xf9, 0x00, 0x1f, 0x5b, 0xd3, 0x0c,
0x26, 0x61, 0xe0, 0xb1, 0x2f, 0x70, 0xff, 0xff, 0x2d, 0x6e, 0xff, 0xff, 0x2d, 0x6d, 0xff,
0xff, 0x2d, 0x6d, 0xff, 0xff, 0x2d, 0x6c, 0xff, 0xff, 0x2d, 0x6b, 0xff, 0xff, 0x2d, 0x6b,
0xff, 0xff, 0x2d, 0x6b, 0xff, 0xff, 0x2d, 0x6b, 0xff, 0xff, 0x2d, 0x6b, 0xff, 0xff, 0x2d,
0x6a, 0xff, 0xff, 0x2d, 0x6a, 0xff, 0xff, 0x2d, 0x69, 0xff, 0xff, 0x2d, 0x69, 0xff, 0xff,
0x2e, 0x69, 0xff, 0xff, 0x2e, 0x68, 0xff, 0xff, 0x2e, 0x67, 0xff, 0xff, 0x2e, 0x68, 0xff,
0xff, 0x2e, 0x67, 0xff, 0xff, 0x2e, 0x67, 0xff, 0xff, 0x2e, 0x67, 0xff, 0xff, 0x2e, 0x66,
0xff, 0xff, 0x2e, 0x66, 0xff, 0xff, 0x2e, 0x66, 0xff, 0xff, 0x2e, 0x65, 0xff, 0xff, 0x2e,
0x64, 0xff, 0xff, 0x2e, 0x64, 0xff, 0xff, 0x2e, 0x64, 0xff, 0xff, 0x2e, 0x64, 0xff, 0xff,
0x2e, 0x64, 0xff, 0xff, 0x2e, 0x63, 0xff, 0xff, 0x2e, 0x62, 0xff, 0xff, 0x2e, 0x62, 0xff,
0xff, 0x2e, 0x62, 0xff, 0xff, 0x2e, 0x61, 0xff, 0xff, 0x2e, 0x61, 0xff, 0xff, 0x2e, 0x60,
0xff, 0xff, 0x2e, 0x60, 0xff, 0xff, 0x2e, 0x60, 0xff, 0xff, 0x2e, 0x60, 0xff, 0xff, 0x2e,
0x60, 0xff, 0xff, 0x2e, 0x5f, 0xff, 0xff, 0x2e, 0x5f, 0xff, 0xff, 0x2e, 0x5f, 0xff, 0xff,
0x2e, 0x5e, 0xff, 0xff, 0x2e, 0x5d, 0xff, 0xff, 0x2e, 0x5d, 0xff, 0xff, 0x2e, 0x5d, 0xff,
0xff, 0x2e, 0x5c, 0xff, 0xff, 0x2e, 0x5c, 0xff, 0xff, 0x2e, 0x5c, 0xff, 0xff, 0x2e, 0x5c,
0xff, 0xff, 0x2e, 0x5c, 0xff, 0xff, 0x2e, 0x5b, 0xff, 0xff, 0x2e, 0x5b, 0xff, 0xff, 0x2e,
0x5a, 0xff, 0xff, 0x2e, 0x59, 0xff, 0xff, 0x2e, 0x59, 0xff, 0xff, 0x2e, 0x59, 0xff, 0xff,
0x2e, 0x59, 0xff, 0xff, 0x2e, 0x59, 0xff, 0xff, 0x2e, 0x58, 0xff, 0xff, 0x2e, 0x58, 0xff,
0xff, 0x2e, 0x57, 0xff, 0xff, 0x2e, 0x57, 0xff, 0xff, 0x2e, 0x57, 0xff, 0xff, 0x2e, 0x56,
0xff, 0xff, 0x2f, 0x56, 0xff, 0xff, 0x2f, 0x55, 0xff, 0xff, 0x2f, 0x55, 0xff, 0xff, 0x2f,
0x55, 0xff, 0xff, 0x2f, 0x55, 0xff, 0xff, 0x2f, 0x55, 0xff, 0xff, 0x2f, 0x54, 0xff, 0xff,
0x29, 0x4f, 0xf5, 0x93, 0x2a, 0x4d, 0xf4, 0x00, 0x2b, 0x4f, 0xf9, 0x00, 0x2e, 0x50, 0xfe,
0x00, 0x1c, 0x40, 0xd9, 0x00, 0x00, 0x03, 0x0e, 0x00, 0x01, 0x00, 0x00, 0x00, 0x01, 0x01,
0x01, 0x00, 0x01, 0x01, 0x01, 0x00, 0x01, 0x01, 0x01, 0x00, 0x01, 0x01, 0x01, 0x00, 0x01,
0x01, 0x01, 0x00, 0x01, 0x01, 0x01, 0x00, 0x01, 0x01, 0x01, 0x00, 0x01, 0x01, 0x01, 0x00,
0x01, 0x01, 0x01, 0x00, 0x01, 0x01, 0x01, 0x00, 0x01, 0x01, 0x01, 0x00, 0x01, 0x01, 0x01,
0x00, 0xff, 0xff, 0xff, 0x00, 0xff, 0xff, 0xff, 0x00, 0xff, 0xff, 0xff, 0x00, 0xff, 0xff,
0xff, 0x00, 0xff, 0xff, 0xff, 0x00, 0xff, 0xff, 0xff, 0x00, 0xff, 0xff, 0xff, 0x00, 0xff,
0xff, 0xff, 0x00, 0xff, 0xff, 0xff, 0x00, 0xff, 0xff, 0xff, 0x00, 0xff, 0xff, 0xff, 0x00,
0xff, 0xff, 0xff, 0x00, 0xff, 0xff, 0xff, 0x00, 0xff, 0xff, 0xff, 0x00, 0xff, 0xff, 0xff,
0x00, 0xff, 0xff, 0xff, 0x00, 0xff, 0xff, 0xff, 0x00, 0x01, 0x01, 0x80, 0x00, 0x01, 0x01,
0x80, 0x00, 0x01, 0x01, 0x80, 0x00, 0x01, 0x01, 0x80, 0x00, 0x01, 0x01, 0x80, 0x00, 0x01,
0x01, 0x80, 0x00, 0x01, 0x01, 0x80, 0x00, 0x01, 0x01, 0x80, 0x00, 0x01, 0x01, 0x80, 0x00,
0x01, 0x01, 0x80, 0x00, 0x01, 0x01, 0x80, 0x00, 0x01, 0x01, 0x80, 0x00, 0x01, 0x00, 0x7e,
0x00, 0x00, 0x08, 0x84, 0x00, 0x1d, 0x5e, 0xde, 0x00, 0x29, 0x66, 0xf6, 0x11, 0x2c, 0x6c,
0xfd, 0xbd, 0x2e, 0x6f, 0xff, 0xff, 0x2d, 0x6c, 0xff, 0xff, 0x2d, 0x6c, 0xff, 0xff, 0x2d,
0x6c, 0xff, 0xff, 0x2d, 0x6b, 0xff, 0xff, 0x2d, 0x6b, 0xff, 0xff, 0x2d, 0x6b, 0xff, 0xff,
0x2d, 0x6b, 0xff, 0xff, 0x2d, 0x6a, 0xff, 0xff, 0x2d, 0x6a, 0xff, 0xff, 0x2d, 0x6a, 0xff,
0xff, 0x2d, 0x69, 0xff, 0xff, 0x2d, 0x68, 0xff, 0xff, 0x2e, 0x68, 0xff, 0xff, 0x2e, 0x68,
0xff, 0xff, 0x2e, 0x67, 0xff, 0xff, 0x2e, 0x67, 0xff, 0xff, 0x2e, 0x67, 0xff, 0xff, 0x2e,
0x67, 0xff, 0xff, 0x2e, 0x67, 0xff, 0xff, 0x2e, 0x66, 0xff, 0xff, 0x2e, 0x66, 0xff, 0xff,
0x2e, 0x65, 0xff, 0xff, 0x2e, 0x64, 0xff, 0xff, 0x2e, 0x64, 0xff, 0xff, 0x2e, 0x64, 0xff,
0xff, 0x2e, 0x64, 0xff, 0xff, 0x2e, 0x64, 0xff, 0xff, 0x2e, 0x63, 0xff, 0xff, 0x2e, 0x63,
0xff, 0xff, 0x2c, 0x61, 0xff, 0xff, 0x23, 0x59, 0xff, 0xff, 0x24, 0x5a, 0xff, 0xff, 0x26,
0x5b, 0xff, 0xff, 0x25, 0x5a, 0xff, 0xff, 0x24, 0x59, 0xff, 0xff, 0x21, 0x56, 0xff, 0xff,
0x24, 0x58, 0xff, 0xff, 0x2a, 0x5d, 0xff, 0xff, 0x2d, 0x5f, 0xff, 0xff, 0x2e, 0x5f, 0xff,
0xff, 0x2e, 0x5f, 0xff, 0xff, 0x2e, 0x5e, 0xff, 0xff, 0x2e, 0x5e, 0xff, 0xff, 0x2e, 0x5d,
0xff, 0xff, 0x2e, 0x5d, 0xff, 0xff, 0x2e, 0x5c, 0xff, 0xff, 0x2e, 0x5c, 0xff, 0xff, 0x2e,
0x5c, 0xff, 0xff, 0x2e, 0x5c, 0xff, 0xff, 0x2e, 0x5c, 0xff, 0xff, 0x2e, 0x5b, 0xff, 0xff,
0x2e, 0x5b, 0xff, 0xff, 0x2e, 0x5a, 0xff, 0xff, 0x2e, 0x5a, 0xff, 0xff, 0x2e, 0x59, 0xff,
0xff, 0x2e, 0x59, 0xff, 0xff, 0x2e, 0x59, 0xff, 0xff, 0x2e, 0x59, 0xff, 0xff, 0x2e, 0x58,
0xff, 0xff, 0x2e, 0x58, 0xff, 0xff, 0x2e, 0x58, 0xff, 0xff, 0x2e, 0x57, 0xff, 0xff, 0x26,
0x50, 0xff, 0xff, 0x26, 0x50, 0xff, 0xff, 0x27, 0x50, 0xff, 0xff, 0x2f, 0x56, 0xff, 0xff,
0x2f, 0x55, 0xff, 0xff, 0x2f, 0x55, 0xff, 0xff, 0x2f, 0x55, 0xff, 0xff, 0x2f, 0x55, 0xff,
0xff, 0x2f, 0x54, 0xff, 0xff, 0x2f, 0x54, 0xff, 0xff, 0x2f, 0x53, 0xff, 0xff, 0x2f, 0x53,
0xff, 0xff, 0x30, 0x53, 0xff, 0xff, 0x2d, 0x50, 0xfc, 0x9b, 0x2b, 0x4f, 0xf8, 0x00, 0x2e,
0x50, 0xfe, 0x00, 0x1c, 0x40, 0xd9, 0x00, 0x00, 0x03, 0x0e, 0x00, 0x01, 0x00, 0x00, 0x00,
0x01, 0x01, 0x01, 0x00, 0x01, 0x01, 0x01, 0x00, 0x01, 0x01, 0x01, 0x00, 0x01, 0x01, 0x01,
0x00, 0x01, 0x01, 0x01, 0x00, 0x01, 0x01, 0x01, 0x00, 0x01, 0x01, 0x01, 0x00, 0x01, 0x01,
0x01, 0x00, 0x01, 0x01, 0x01, 0x00, 0x01, 0x01, 0x01, 0x00, 0x01, 0x01, 0x01, 0x00, 0x01,
0x01, 0x01, 0x00, 0xff, 0xff, 0xff, 0x00, 0xff, 0xff, 0xff, 0x00, 0xff, 0xff, 0xff, 0x00,
0xff, 0xff, 0xff, 0x00, 0xff, 0xff, 0xff, 0x00, 0xff, 0xff, 0xff, 0x00, 0xff, 0xff, 0xff,
0x00, 0xff, 0xff, 0xff, 0x00, 0xff, 0xff, 0xff, 0x00, 0xff, 0xff, 0xff, 0x00, 0xff, 0xff,
0xff, 0x00, 0xff, 0xff, 0xff, 0x00, 0xff, 0xff, 0xff, 0x00, 0xff, 0xff, 0xff, 0x00, 0xff,
0xff, 0xff, 0x00, 0xff, 0xff, 0xff, 0x00, 0xff, 0xff, 0xff, 0x00, 0x01, 0x00, 0x7d, 0x00,
0x01, 0x00, 0x7d, 0x00, 0x01, 0x00, 0x7d, 0x00, 0x01, 0x00, 0x7d, 0x00, 0x01, 0x00, 0x7d,
0x00, 0x01, 0x00, 0x7d, 0x00, 0x01, 0x00, 0x7d, 0x00, 0x01, 0x00, 0x7d, 0x00, 0x01, 0x00,
0x7d, 0x00, 0x01, 0x00, 0x7d, 0x00, 0x01, 0x00, 0x7d, 0x00, 0x01, 0x00, 0x7d, 0x00, 0x00,
0x00, 0x79, 0x00, 0x00, 0x03, 0x7e, 0x00, 0x1d, 0x5f, 0xdf, 0x10, 0x2e, 0x6c, 0xfe, 0xc0,
0x2d, 0x6d, 0xff, 0xff, 0x2d, 0x6c, 0xff, 0xff, 0x2d, 0x6b, 0xff, 0xff, 0x2d, 0x6b, 0xff,
0xff, 0x2d, 0x6b, 0xff, 0xff, 0x2d, 0x6b, 0xff, 0xff, 0x2d, 0x6b, 0xff, 0xff, 0x2d, 0x6a,
0xff, 0xff, 0x2d, 0x6a, 0xff, 0xff, 0x2d, 0x69, 0xff, 0xff, 0x2d, 0x69, 0xff, 0xff, 0x2e,
0x68, 0xff, 0xff, 0x2e, 0x68, 0xff, 0xff, 0x2e, 0x67, 0xff, 0xff, 0x2e, 0x67, 0xff, 0xff,
0x2e, 0x67, 0xff, 0xff, 0x2e, 0x67, 0xff, 0xff, 0x2e, 0x67, 0xff, 0xff, 0x2e, 0x66, 0xff,
0xff, 0x2e, 0x66, 0xff, 0xff, 0x2e, 0x65, 0xff, 0xff, 0x2e, 0x65, 0xff, 0xff, 0x2e, 0x64,
0xff, 0xff, 0x2e, 0x64, 0xff, 0xff, 0x2e, 0x64, 0xff, 0xff, 0x2e, 0x64, 0xff, 0xff, 0x2e,
0x64, 0xff, 0xff, 0x2e, 0x63, 0xff, 0xff, 0x2e, 0x63, 0xff, 0xff, 0x2f, 0x63, 0xff, 0xff,
0x28, 0x5d, 0xff, 0xff, 0x30, 0x63, 0xff, 0xff, 0x87, 0xa5, 0xff, 0xff, 0xb5, 0xc7, 0xff,
0xff, 0xc3, 0xd1, 0xff, 0xff, 0xbf, 0xce, 0xff, 0xff, 0xb1, 0xc3, 0xff, 0xff, 0x98, 0xb1,
0xff, 0xff, 0x67, 0x8b, 0xff, 0xff, 0x3a, 0x68, 0xff, 0xff, 0x26, 0x58, 0xff, 0xff, 0x23,
0x55, 0xff, 0xff, 0x22, 0x54, 0xff, 0xff, 0x27, 0x57, 0xff, 0xff, 0x2c, 0x5b, 0xff, 0xff,
0x2e, 0x5c, 0xff, 0xff, 0x2e, 0x5c, 0xff, 0xff, 0x2e, 0x5c, 0xff, 0xff, 0x2e, 0x5c, 0xff,
0xff, 0x2e, 0x5b, 0xff, 0xff, 0x2e, 0x5b, 0xff, 0xff, 0x2e, 0x5a, 0xff, 0xff, 0x2e, 0x5a,
0xff, 0xff, 0x2e, 0x59, 0xff, 0xff, 0x2e, 0x59, 0xff, 0xff, 0x2e, 0x59, 0xff, 0xff, 0x2e,
0x59, 0xff, 0xff, 0x2e, 0x59, 0xff, 0xff, 0x2c, 0x57, 0xff, 0xff, 0x24, 0x4f, 0xff, 0xff,
0x23, 0x4e, 0xff, 0xff, 0x26, 0x50, 0xff, 0xff, 0x2d, 0x56, 0xff, 0xff, 0x2b, 0x53, 0xff,
0xff, 0x94, 0xa8, 0xfe, 0xff, 0xc1, 0xcc, 0xfe, 0xff, 0x62, 0x7f, 0xff, 0xff, 0x21, 0x49,
0xff, 0xff, 0x2f, 0x55, 0xff, 0xff, 0x2f, 0x54, 0xff, 0xff, 0x2f, 0x54, 0xff, 0xff, 0x2f,
0x53, 0xff, 0xff, 0x2f, 0x53, 0xff, 0xff, 0x2f, 0x53, 0xff, 0xff, 0x2f, 0x52, 0xff, 0xff,
0x2f, 0x52, 0xff, 0xff, 0x2f, 0x52, 0xff, 0xff, 0x2f, 0x51, 0xff, 0xff, 0x2e, 0x50, 0xfd,
0x9e, 0x2e, 0x50, 0xfe, 0x01, 0x1c, 0x40, 0xd9, 0x00, 0x00, 0x03, 0x0e, 0x00, 0x01, 0x00,
0x00, 0x00, 0x01, 0x01, 0x01, 0x00, 0x01, 0x01, 0x01, 0x00, 0x01, 0x01, 0x01, 0x00, 0x01,
0x01, 0x01, 0x00, 0x01, 0x01, 0x01, 0x00, 0x01, 0x01, 0x01, 0x00, 0x01, 0x01, 0x01, 0x00,
0x01, 0x01, 0x01, 0x00, 0x01, 0x01, 0x01, 0x00, 0x01, 0x01, 0x01, 0x00, 0x01, 0x01, 0x01,
0x00, 0x01, 0x01, 0x01, 0x00, 0xff, 0xff, 0xff, 0x00, 0xff, 0xff, 0xff, 0x00, 0xff, 0xff,
0xff, 0x00, 0xff, 0xff, 0xff, 0x00, 0xff, 0xff, 0xff, 0x00, 0xff, 0xff, 0xff, 0x00, 0xff,
0xff, 0xff, 0x00, 0xff, 0xff, 0xff, 0x00, 0xff, 0xff, 0xff, 0x00, 0xff, 0xff, 0xff, 0x00,
0xff, 0xff, 0xff, 0x00, 0xff, 0xff, 0xff, 0x00, 0xff, 0xff, 0xff, 0x00, 0xff, 0xff, 0xff,
0x00, 0xff, 0xff, 0xff, 0x00, 0xff, 0xff, 0xff, 0x00, 0xff, 0xff, 0xff, 0x00, 0x01, 0x12,
0x91, 0x00, 0x01, 0x12, 0x91, 0x00, 0x01, 0x12, 0x91, 0x00, 0x01, 0x12, 0x91, 0x00, 0x01,
0x12, 0x91, 0x00, 0x01, 0x12, 0x91, 0x00, 0x01, 0x12, 0x91, 0x00, 0x01, 0x12, 0x91, 0x00,
0x01, 0x12, 0x91, 0x00, 0x01, 0x12, 0x91, 0x00, 0x01, 0x12, 0x91, 0x00, 0x01, 0x11, 0x90,
0x00, 0x07, 0x16, 0x98, 0x00, 0x0d, 0x22, 0xa5, 0x0b, 0x26, 0x65, 0xf1, 0xbb, 0x2e, 0x6d,
0xff, 0xff, 0x2d, 0x6b, 0xff, 0xff, 0x2d, 0x6b, 0xff, 0xff, 0x2d, 0x6b, 0xff, 0xff, 0x2d,
0x6b, 0xff, 0xff, 0x2d, 0x6a, 0xff, 0xff, 0x2d, 0x6a, 0xff, 0xff, 0x2d, 0x69, 0xff, 0xff,
0x2d, 0x69, 0xff, 0xff, 0x2e, 0x69, 0xff, 0xff, 0x2e, 0x68, 0xff, 0xff, 0x2e, 0x68, 0xff,
0xff, 0x2e, 0x67, 0xff, 0xff, 0x2e, 0x67, 0xff, 0xff, 0x2e, 0x67, 0xff, 0xff, 0x2e, 0x67,
0xff, 0xff, 0x2e, 0x66, 0xff, 0xff, 0x2e, 0x66, 0xff, 0xff, 0x2e, 0x65, 0xff, 0xff, 0x2e,
0x65, 0xff, 0xff, 0x2e, 0x64, 0xff, 0xff, 0x2e, 0x64, 0xff, 0xff, 0x2e, 0x64, 0xff, 0xff,
0x2e, 0x64, 0xff, 0xff, 0x2e, 0x64, 0xff, 0xff, 0x2e, 0x63, 0xff, 0xff, 0x2e, 0x63, 0xff,
0xff, 0x2e, 0x62, 0xff, 0xff, 0x2e, 0x62, 0xff, 0xff, 0x2e, 0x62, 0xff, 0xff, 0x28, 0x5d,
0xff, 0xff, 0x3e, 0x6d, 0xff, 0xff, 0xcc, 0xd8, 0xff, 0xff, 0xff, 0xff, 0xfe, 0xff, 0xff,
0xff, 0xfe, 0xff, 0xff, 0xff, 0xfe, 0xff, 0xff, 0xff, 0xfe, 0xff, 0xff, 0xff, 0xfe, 0xff,
0xff, 0xff, 0xfe, 0xff, 0xff, 0xff, 0xfe, 0xff, 0xea, 0xee, 0xfe, 0xff, 0xc4, 0xd1, 0xff,
0xff, 0xa9, 0xbc, 0xff, 0xff, 0x87, 0xa2, 0xff, 0xff, 0x53, 0x79, 0xff, 0xff, 0x2e, 0x5c,
0xff, 0xff, 0x23, 0x53, 0xff, 0xff, 0x21, 0x51, 0xff, 0xff, 0x25, 0x53, 0xff, 0xff, 0x2a,
0x58, 0xff, 0xff, 0x2d, 0x59, 0xff, 0xff, 0x2e, 0x59, 0xff, 0xff, 0x2e, 0x59, 0xff, 0xff,
0x2e, 0x59, 0xff, 0xff, 0x2e, 0x59, 0xff, 0xff, 0x2e, 0x59, 0xff, 0xff, 0x2e, 0x58, 0xff,
0xff, 0x2e, 0x58, 0xff, 0xff, 0x2c, 0x55, 0xff, 0xff, 0x38, 0x5f, 0xff, 0xff, 0xa6, 0xb7,
0xfe, 0xff, 0xa8, 0xb8, 0xfe, 0xff, 0x5c, 0x7b, 0xff, 0xff, 0x23, 0x4b, 0xff, 0xff, 0x22,
0x4a, 0xff, 0xff, 0xb4, 0xc2, 0xff, 0xff, 0xff, 0xff, 0xfe, 0xff, 0xf3, 0xf5, 0xfe, 0xff,
0x76, 0x8e, 0xff, 0xff, 0x22, 0x48, 0xff, 0xff, 0x2f, 0x53, 0xff, 0xff, 0x2f, 0x53, 0xff,
0xff, 0x2f, 0x52, 0xff, 0xff, 0x2f, 0x52, 0xff, 0xff, 0x2f, 0x51, 0xff, 0xff, 0x2f, 0x51,
0xff, 0xff, 0x2f, 0x51, 0xff, 0xff, 0x2f, 0x51, 0xff, 0xff, 0x2f, 0x51, 0xff, 0xff, 0x2f,
0x50, 0xff, 0xff, 0x2f, 0x51, 0xff, 0x9e, 0x1c, 0x40, 0xd8, 0x00, 0x00, 0x01, 0x09, 0x00,
0x01, 0x00, 0x00, 0x00, 0x01, 0x00, 0x00, 0x00, 0x01, 0x00, 0x00, 0x00, 0x01, 0x00, 0x00,
0x00, 0x01, 0x00, 0x00, 0x00, 0x01, 0x00, 0x00, 0x00, 0x01, 0x00, 0x00, 0x00, 0x01, 0x00,
0x00, 0x00, 0x01, 0x00, 0x00, 0x00, 0x01, 0x00, 0x00, 0x00, 0x01, 0x00, 0x00, 0x00, 0x01,
0x00, 0x00, 0x00, 0x01, 0x00, 0x00, 0x00, 0xff, 0xff, 0xff, 0x00, 0xff, 0xff, 0xff, 0x00,
0xff, 0xff, 0xff, 0x00, 0xff, 0xff, 0xff, 0x00, 0xff, 0xff, 0xff, 0x00, 0xff, 0xff, 0xff,
0x00, 0xff, 0xff, 0xff, 0x00, 0xff, 0xff, 0xff, 0x00, 0xff, 0xff, 0xff, 0x00, 0xff, 0xff,
0xff, 0x00, 0xff, 0xff, 0xff, 0x00, 0xff, 0xff, 0xff, 0x00, 0xff, 0xff, 0xff, 0x00, 0xff,
0xff, 0xff, 0x00, 0xff, 0xff, 0xff, 0x00, 0xff, 0xff, 0xff, 0x00, 0xff, 0xff, 0xff, 0x00,
0x01, 0x41, 0xc1, 0x00, 0x01, 0x41, 0xc1, 0x00, 0x01, 0x41, 0xc1, 0x00, 0x01, 0x41, 0xc1,
0x00, 0x01, 0x41, 0xc1, 0x00, 0x01, 0x41, 0xc1, 0x00, 0x01, 0x41, 0xc1, 0x00, 0x01, 0x41,
0xc1, 0x00, 0x01, 0x41, 0xc1, 0x00, 0x01, 0x41, 0xc1, 0x00, 0x01, 0x41, 0xc2, 0x00, 0x00,
0x3f, 0xbc, 0x00, 0x19, 0x59, 0xe4, 0x02, 0x31, 0x71, 0xff, 0xac, 0x2e, 0x6c, 0xff, 0xff,
0x2d, 0x6b, 0xff, 0xff, 0x2d, 0x6b, 0xff, 0xff, 0x2d, 0x6a, 0xff, 0xff, 0x2d, 0x6a, 0xff,
0xff, 0x2d, 0x6a, 0xff, 0xff, 0x2d, 0x69, 0xff, 0xff, 0x2e, 0x68, 0xff, 0xff, 0x2e, 0x68,
0xff, 0xff, 0x2e, 0x68, 0xff, 0xff, 0x2e, 0x67, 0xff, 0xff, 0x2e, 0x67, 0xff, 0xff, 0x2e,
0x67, 0xff, 0xff, 0x2e, 0x67, 0xff, 0xff, 0x2e, 0x66, 0xff, 0xff, 0x2e, 0x66, 0xff, 0xff,
0x2e, 0x66, 0xff, 0xff, 0x2e, 0x65, 0xff, 0xff, 0x2e, 0x64, 0xff, 0xff, 0x2e, 0x64, 0xff,
0xff, 0x2e, 0x64, 0xff, 0xff, 0x2e, 0x64, 0xff, 0xff, 0x2e, 0x64, 0xff, 0xff, 0x2e, 0x63,
0xff, 0xff, 0x2e, 0x63, 0xff, 0xff, 0x2e, 0x62, 0xff, 0xff, 0x2e, 0x62, 0xff, 0xff, 0x2e,
0x61, 0xff, 0xff, 0x2e, 0x61, 0xff, 0xff, 0x2e, 0x61, 0xff, 0xff, 0x2d, 0x5f, 0xff, 0xff,
0x29, 0x5c, 0xff, 0xff, 0xc7, 0xd4, 0xff, 0xff, 0xff, 0xff, 0xfe, 0xff, 0xfe, 0xfe, 0xfe,
0xff, 0xfe, 0xfe, 0xfe, 0xff, 0xff, 0xff, 0xfe, 0xff, 0xff, 0xff, 0xfe, 0xff, 0xfe, 0xfe,
0xfe, 0xff, 0xfe, 0xfe, 0xfe, 0xff, 0xff, 0xff, 0xfe, 0xff, 0xff, 0xff, 0xfe, 0xff, 0xff,
0xff, 0xfe, 0xff, 0xff, 0xff, 0xfe, 0xff, 0xff, 0xff, 0xfe, 0xff, 0xfd, 0xfd, 0xfe, 0xff,
0xd7, 0xdf, 0xfe, 0xff, 0xb2, 0xc2, 0xff, 0xff, 0x93, 0xaa, 0xff, 0xff, 0x62, 0x83, 0xff,
0xff, 0x3b, 0x64, 0xff, 0xff, 0x27, 0x53, 0xff, 0xff, 0x23, 0x50, 0xff, 0xff, 0x22, 0x4f,
0xff, 0xff, 0x26, 0x52, 0xff, 0xff, 0x2c, 0x56, 0xff, 0xff, 0x2e, 0x57, 0xff, 0xff, 0x2e,
0x57, 0xff, 0xff, 0x2e, 0x57, 0xff, 0xff, 0x2a, 0x53, 0xff, 0xff, 0x40, 0x64, 0xff, 0xff,
0xf4, 0xf6, 0xfe, 0xff, 0xff, 0xff, 0xfe, 0xff, 0xff, 0xff, 0xfe, 0xff, 0xb5, 0xc2, 0xfe,
0xff, 0x48, 0x69, 0xff, 0xff, 0x24, 0x4b, 0xff, 0xff, 0x99, 0xaa, 0xff, 0xff, 0xff, 0xff,
0xfe, 0xff, 0xfa, 0xfb, 0xfe, 0xff, 0x71, 0x89, 0xff, 0xff, 0x22, 0x47, 0xff, 0xff, 0x30,
0x52, 0xff, 0xff, 0x2f, 0x51, 0xff, 0xff, 0x2f, 0x51, 0xff, 0xff, 0x2f, 0x51, 0xff, 0xff,
0x2f, 0x51, 0xff, 0xff, 0x2f, 0x50, 0xff, 0xff, 0x2f, 0x50, 0xff, 0xff, 0x2f, 0x4f, 0xff,
0xff, 0x2f, 0x4f, 0xff, 0xff, 0x31, 0x50, 0xff, 0xff, 0x24, 0x44, 0xe4, 0x95, 0x04, 0x09,
0x1f, 0x00, 0x02, 0x04, 0x0f, 0x00, 0x01, 0x05, 0x0f, 0x00, 0x01, 0x05, 0x10, 0x00, 0x01,
0x05, 0x10, 0x00, 0x01, 0x05, 0x10, 0x00, 0x01, 0x05, 0x10, 0x00, 0x01, 0x05, 0x10, 0x00,
0x01, 0x05, 0x10, 0x00, 0x01, 0x05, 0x10, 0x00, 0x01, 0x05, 0x10, 0x00, 0x01, 0x05, 0x10,
0x00, 0x01, 0x05, 0x10, 0x00, 0x01, 0x05, 0x10, 0x00, 0xff, 0xff, 0xff, 0x00, 0xff, 0xff,
0xff, 0x00, 0xff, 0xff, 0xff, 0x00, 0xff, 0xff, 0xff, 0x00, 0xff, 0xff, 0xff, 0x00, 0xff,
0xff, 0xff, 0x00, 0xff, 0xff, 0xff, 0x00, 0xff, 0xff, 0xff, 0x00, 0xff, 0xff, 0xff, 0x00,
0xff, 0xff, 0xff, 0x00, 0xff, 0xff, 0xff, 0x00, 0xff, 0xff, 0xff, 0x00, 0xff, 0xff, 0xff,
0x00, 0xff, 0xff, 0xff, 0x00, 0xff, 0xff, 0xff, 0x00, 0xff, 0xff, 0xff, 0x00, 0xff, 0xff,
0xff, 0x00, 0x01, 0x56, 0xc7, 0x00, 0x01, 0x56, 0xc7, 0x00, 0x01, 0x56, 0xc7, 0x00, 0x01,
0x56, 0xc7, 0x00, 0x01, 0x56, 0xc7, 0x00, 0x01, 0x56, 0xc7, 0x00, 0x01, 0x56, 0xc7, 0x00,
0x01, 0x56, 0xc7, 0x00, 0x01, 0x56, 0xc7, 0x00, 0x01, 0x56, 0xc7, 0x00, 0x00, 0x55, 0xc5,
0x00, 0x0d, 0x54, 0xd2, 0x00, 0x25, 0x62, 0xf2, 0x93, 0x2e, 0x6c, 0xff, 0xff, 0x2d, 0x6b,
0xff, 0xff, 0x2d, 0x6a, 0xff, 0xff, 0x2d, 0x6a, 0xff, 0xff, 0x2d, 0x69, 0xff, 0xff, 0x2d,
0x69, 0xff, 0xff, 0x2e, 0x68, 0xff, 0xff, 0x2e, 0x68, 0xff, 0xff, 0x2e, 0x67, 0xff, 0xff,
0x2e, 0x67, 0xff, 0xff, 0x2e, 0x67, 0xff, 0xff, 0x2e, 0x67, 0xff, 0xff, 0x2e, 0x67, 0xff,
0xff, 0x2e, 0x66, 0xff, 0xff, 0x2e, 0x66, 0xff, 0xff, 0x2e, 0x65, 0xff, 0xff, 0x2e, 0x65,
0xff, 0xff, 0x2e, 0x64, 0xff, 0xff, 0x2e, 0x64, 0xff, 0xff, 0x2e, 0x64, 0xff, 0xff, 0x2e,
0x64, 0xff, 0xff, 0x2e, 0x63, 0xff, 0xff, 0x2e, 0x63, 0xff, 0xff, 0x2e, 0x63, 0xff, 0xff,
0x2e, 0x62, 0xff, 0xff, 0x2e, 0x62, 0xff, 0xff, 0x2e, 0x61, 0xff, 0xff, 0x2e, 0x61, 0xff,
0xff, 0x2e, 0x60, 0xff, 0xff, 0x2e, 0x60, 0xff, 0xff, 0x2e, 0x60, 0xff, 0xff, 0x24, 0x58,
0xff, 0xff, 0x6e, 0x90, 0xff, 0xff, 0xff, 0xff, 0xfe, 0xff, 0xff, 0xff, 0xfe, 0xff, 0xfe,
0xfe, 0xfe, 0xff, 0xff, 0xff, 0xfe, 0xff, 0xff, 0xff, 0xfe, 0xff, 0xff, 0xff, 0xfe, 0xff,
0xff, 0xff, 0xfe, 0xff, 0xff, 0xff, 0xfe, 0xff, 0xfe, 0xfe, 0xfe, 0xff, 0xfe, 0xfe, 0xfe,
0xff, 0xfe, 0xfe, 0xfe, 0xff, 0xfe, 0xfe, 0xfe, 0xff, 0xfe, 0xfe, 0xfe, 0xff, 0xff, 0xff,
0xfe, 0xff, 0xff, 0xff, 0xfe, 0xff, 0xff, 0xff, 0xfe, 0xff, 0xff, 0xff, 0xfe, 0xff, 0xff,
0xff, 0xfe, 0xff, 0xea, 0xee, 0xfe, 0xff, 0xc6, 0xd1, 0xff, 0xff, 0xaa, 0xbb, 0xff, 0xff,
0x89, 0xa0, 0xff, 0xff, 0x57, 0x78, 0xff, 0xff, 0x31, 0x59, 0xff, 0xff, 0x24, 0x4e, 0xff,
0xff, 0x22, 0x4c, 0xff, 0xff, 0x24, 0x4c, 0xff, 0xff, 0x2a, 0x51, 0xff, 0xff, 0x2a, 0x51,
0xff, 0xff, 0x49, 0x6a, 0xff, 0xff, 0x8d, 0xa1, 0xff, 0xff, 0xe3, 0xe8, 0xfe, 0xff, 0xff,
0xff, 0xfe, 0xff, 0xee, 0xf0, 0xfe, 0xff, 0x69, 0x83, 0xff, 0xff, 0x14, 0x3c, 0xff, 0xff,
0x8a, 0x9e, 0xff, 0xff, 0xff, 0xff, 0xfe, 0xff, 0xed, 0xf0, 0xfe, 0xff, 0x48, 0x66, 0xff,
0xff, 0x29, 0x4c, 0xff, 0xff, 0x2f, 0x51, 0xff, 0xff, 0x2f, 0x50, 0xff, 0xff, 0x2f, 0x50,
0xff, 0xff, 0x2f, 0x50, 0xff, 0xff, 0x2f, 0x4f, 0xff, 0xff, 0x2f, 0x4e, 0xff, 0xff, 0x2f,
0x4e, 0xff, 0xff, 0x2f, 0x4e, 0xff, 0xff, 0x2f, 0x4e, 0xff, 0xff, 0x2f, 0x4e, 0xff, 0xff,
0x2d, 0x49, 0xed, 0x80, 0x0a, 0x35, 0xc5, 0x00, 0x00, 0x31, 0xc4, 0x00, 0x01, 0x33, 0xc9,
0x00, 0x01, 0x33, 0xc9, 0x00, 0x01, 0x33, 0xc9, 0x00, 0x01, 0x33, 0xc9, 0x00, 0x01, 0x33,
0xc9, 0x00, 0x01, 0x33, 0xc9, 0x00, 0x01, 0x33, 0xc9, 0x00, 0x01, 0x33, 0xc9, 0x00, 0x01,
0x33, 0xc9, 0x00, 0x01, 0x33, 0xc9, 0x00, 0x01, 0x33, 0xc9, 0x00, 0xff, 0xff, 0xff, 0x00,
0xff, 0xff, 0xff, 0x00, 0xff, 0xff, 0xff, 0x00, 0xff, 0xff, 0xff, 0x00, 0xff, 0xff, 0xff,
0x00, 0xff, 0xff, 0xff, 0x00, 0xff, 0xff, 0xff, 0x00, 0xff, 0xff, 0xff, 0x00, 0xff, 0xff,
0xff, 0x00, 0xff, 0xff, 0xff, 0x00, 0xff, 0xff, 0xff, 0x00, 0xff, 0xff, 0xff, 0x00, 0xff,
0xff, 0xff, 0x00, 0xff, 0xff, 0xff, 0x00, 0xff, 0xff, 0xff, 0x00, 0xff, 0xff, 0xff, 0x00,
0xff, 0xff, 0xff, 0x00, 0x00, 0x5f, 0xc9, 0x00, 0x00, 0x5f, 0xc9, 0x00, 0x00, 0x5f, 0xc9,
0x00, 0x00, 0x5f, 0xc9, 0x00, 0x00, 0x5f, 0xc9, 0x00, 0x00, 0x5f, 0xc9, 0x00, 0x00, 0x5f,
0xc9, 0x00, 0x00, 0x5f, 0xc9, 0x00, 0x00, 0x5f, 0xc9, 0x00, 0x00, 0x5e, 0xc8, 0x00, 0x04,
0x64, 0xce, 0x00, 0x22, 0x6d, 0xf2, 0x70, 0x30, 0x6b, 0xff, 0xff, 0x2d, 0x69, 0xff, 0xff,
0x2d, 0x69, 0xff, 0xff, 0x2d, 0x69, 0xff, 0xff, 0x2e, 0x69, 0xff, 0xff, 0x2e, 0x68, 0xff,
0xff, 0x2e, 0x67, 0xff, 0xff, 0x2e, 0x67, 0xff, 0xff, 0x2e, 0x67, 0xff, 0xff, 0x2e, 0x67,
0xff, 0xff, 0x2e, 0x67, 0xff, 0xff, 0x2e, 0x66, 0xff, 0xff, 0x2e, 0x66, 0xff, 0xff, 0x2e,
0x66, 0xff, 0xff, 0x2e, 0x65, 0xff, 0xff, 0x2e, 0x64, 0xff, 0xff, 0x2e, 0x64, 0xff, 0xff,
0x2e, 0x64, 0xff, 0xff, 0x2e, 0x64, 0xff, 0xff, 0x2e, 0x64, 0xff, 0xff, 0x2e, 0x63, 0xff,
0xff, 0x2e, 0x63, 0xff, 0xff, 0x2e, 0x62, 0xff, 0xff, 0x2e, 0x62, 0xff, 0xff, 0x2e, 0x62,
0xff, 0xff, 0x2e, 0x61, 0xff, 0xff, 0x2e, 0x60, 0xff, 0xff, 0x2e, 0x60, 0xff, 0xff, 0x2e,
0x60, 0xff, 0xff, 0x2e, 0x60, 0xff, 0xff, 0x2e, 0x60, 0xff, 0xff, 0x2d, 0x5f, 0xff, 0xff,
0x27, 0x59, 0xff, 0xff, 0xc6, 0xd3, 0xff, 0xff, 0xff, 0xff, 0xfe, 0xff, 0xfe, 0xfe, 0xfe,
0xff, 0xff, 0xff, 0xfe, 0xff, 0xbd, 0xcc, 0xff, 0xff, 0x58, 0x7d, 0xff, 0xff, 0x57, 0x7c,
0xff, 0xff, 0x7a, 0x98, 0xff, 0xff, 0xf0, 0xf3, 0xfe, 0xff, 0xff, 0xff, 0xfe, 0xff, 0xfe,
0xfe, 0xfe, 0xff, 0xfe, 0xfe, 0xfe, 0xff, 0xfe, 0xfe, 0xfe, 0xff, 0xfe, 0xfe, 0xfe, 0xff,
0xfe, 0xfe, 0xfe, 0xff, 0xfe, 0xfe, 0xfe, 0xff, 0xfe, 0xfe, 0xfe, 0xff, 0xfe, 0xfe, 0xfe,
0xff, 0xff, 0xff, 0xfe, 0xff, 0xff, 0xff, 0xfe, 0xff, 0xff, 0xff, 0xfe, 0xff, 0xff, 0xff,
0xfe, 0xff, 0xff, 0xff, 0xfe, 0xff, 0xfe, 0xfe, 0xfe, 0xff, 0xdd, 0xe3, 0xfe, 0xff, 0xba,
0xc7, 0xff, 0xff, 0xa0, 0xb1, 0xff, 0xff, 0x76, 0x8f, 0xff, 0xff, 0x47, 0x68, 0xff, 0xff,
0x29, 0x50, 0xff, 0xff, 0x1d, 0x45, 0xff, 0xff, 0x1b, 0x43, 0xff, 0xff, 0x38, 0x5a, 0xff,
0xff, 0x9b, 0xac, 0xff, 0xff, 0xff, 0xff, 0xfe, 0xff, 0xf8, 0xf9, 0xfe, 0xff, 0x63, 0x7d,
0xff, 0xff, 0x17, 0x3e, 0xff, 0xff, 0xaa, 0xb7, 0xff, 0xff, 0xff, 0xff, 0xfe, 0xff, 0xae,
0xbb, 0xff, 0xff, 0x23, 0x46, 0xff, 0xff, 0x2f, 0x50, 0xff, 0xff, 0x2f, 0x4f, 0xff, 0xff,
0x2f, 0x4f, 0xff, 0xff, 0x2f, 0x4e, 0xff, 0xff, 0x2f, 0x4e, 0xff, 0xff, 0x2f, 0x4e, 0xff,
0xff, 0x2f, 0x4e, 0xff, 0xff, 0x2f, 0x4d, 0xff, 0xff, 0x2f, 0x4d, 0xff, 0xff, 0x2f, 0x4d,
0xff, 0xff, 0x31, 0x4e, 0xff, 0xfe, 0x23, 0x46, 0xf4, 0x63, 0x06, 0x1c, 0x6c, 0x00, 0x00,
0x11, 0x45, 0x00, 0x01, 0x12, 0x45, 0x00, 0x01, 0x12, 0x45, 0x00, 0x01, 0x12, 0x45, 0x00,
0x01, 0x12, 0x45, 0x00, 0x01, 0x12, 0x45, 0x00, 0x01, 0x12, 0x45, 0x00, 0x01, 0x12, 0x45,
0x00, 0x01, 0x12, 0x45, 0x00, 0x01, 0x12, 0x45, 0x00, 0x01, 0x12, 0x45, 0x00, 0xff, 0xff,
0xff, 0x00, 0xff, 0xff, 0xff, 0x00, 0xff, 0xff, 0xff, 0x00, 0xff, 0xff, 0xff, 0x00, 0xff,
0xff, 0xff, 0x00, 0xff, 0xff, 0xff, 0x00, 0xff, 0xff, 0xff, 0x00, 0xff, 0xff, 0xff, 0x00,
0xff, 0xff, 0xff, 0x00, 0xff, 0xff, 0xff, 0x00, 0xff, 0xff, 0xff, 0x00, 0xff, 0xff, 0xff,
0x00, 0xff, 0xff, 0xff, 0x00, 0xff, 0xff, 0xff, 0x00, 0xff, 0xff, 0xff, 0x00, 0xff, 0xff,
0xff, 0x00, 0xff, 0xff, 0xff, 0x00, 0x08, 0x45, 0xc9, 0x00, 0x08, 0x45, 0xc9, 0x00, 0x08,
0x45, 0xc9, 0x00, 0x08, 0x45, 0xc9, 0x00, 0x08, 0x45, 0xc9, 0x00, 0x08, 0x45, 0xc9, 0x00,
0x08, 0x45, 0xc9, 0x00, 0x08, 0x45, 0xc9, 0x00, 0x08, 0x45, 0xca, 0x00, 0x07, 0x42, 0xc5,
0x00, 0x1b, 0x58, 0xe6, 0x4a, 0x30, 0x6c, 0xff, 0xf7, 0x2d, 0x69, 0xff, 0xff, 0x2e, 0x68,
0xff, 0xff, 0x2e, 0x68, 0xff, 0xff, 0x2e, 0x68, 0xff, 0xff, 0x2e, 0x67, 0xff, 0xff, 0x2e,
0x67, 0xff, 0xff, 0x2e, 0x67, 0xff, 0xff, 0x2e, 0x67, 0xff, 0xff, 0x2e, 0x67, 0xff, 0xff,
0x2e, 0x66, 0xff, 0xff, 0x2e, 0x66, 0xff, 0xff, 0x2e, 0x65, 0xff, 0xff, 0x2e, 0x64, 0xff,
0xff, 0x2e, 0x65, 0xff, 0xff, 0x2e, 0x64, 0xff, 0xff, 0x2e, 0x64, 0xff, 0xff, 0x2e, 0x64,
0xff, 0xff, 0x2e, 0x63, 0xff, 0xff, 0x2e, 0x63, 0xff, 0xff, 0x2e, 0x62, 0xff, 0xff, 0x2e,
0x62, 0xff, 0xff, 0x2e, 0x62, 0xff, 0xff, 0x2e, 0x61, 0xff, 0xff, 0x2e, 0x60, 0xff, 0xff,
0x2e, 0x60, 0xff, 0xff, 0x2e, 0x60, 0xff, 0xff, 0x2e, 0x60, 0xff, 0xff, 0x2e, 0x60, 0xff,
0xff, 0x2e, 0x5f, 0xff, 0xff, 0x2e, 0x5f, 0xff, 0xff, 0x2e, 0x5f, 0xff, 0xff, 0x2b, 0x5c,
0xff, 0xff, 0x35, 0x63, 0xff, 0xff, 0xe6, 0xeb, 0xfe, 0xff, 0xff, 0xff, 0xfe, 0xff, 0xff,
0xff, 0xfe, 0xff, 0xfb, 0xfb, 0xfe, 0xff, 0x4a, 0x72, 0xff, 0xff, 0x1e, 0x4f, 0xff, 0xff,
0x25, 0x54, 0xff, 0xff, 0x1d, 0x4e, 0xff, 0xff, 0xc1, 0xce, 0xff, 0xff, 0xff, 0xff, 0xfe,
0xff, 0xfe, 0xfe, 0xfe, 0xff, 0xfe, 0xfe, 0xfe, 0xff, 0xfe, 0xfe, 0xfe, 0xff, 0xfe, 0xfe,
0xfe, 0xff, 0xfe, 0xfe, 0xfe, 0xff, 0xfe, 0xfe, 0xfe, 0xff, 0xfe, 0xfe, 0xfe, 0xff, 0xfe,
0xfe, 0xfe, 0xff, 0xfe, 0xfe, 0xfe, 0xff, 0xfe, 0xfe, 0xfe, 0xff, 0xfe, 0xfe, 0xfe, 0xff,
0xfe, 0xfe, 0xfe, 0xff, 0xfe, 0xfe, 0xfe, 0xff, 0xff, 0xff, 0xfe, 0xff, 0xff, 0xff, 0xfe,
0xff, 0xff, 0xff, 0xfe, 0xff, 0xff, 0xff, 0xfe, 0xff, 0xff, 0xff, 0xfe, 0xff, 0xf4, 0xf6,
0xfe, 0xff, 0xc9, 0xd3, 0xff, 0xff, 0x9b, 0xac, 0xff, 0xff, 0x4a, 0x69, 0xff, 0xff, 0x1d,
0x43, 0xff, 0xff, 0x21, 0x46, 0xff, 0xff, 0x8f, 0xa2, 0xff, 0xff, 0xff, 0xff, 0xfe, 0xff,
0xeb, 0xee, 0xfe, 0xff, 0x36, 0x56, 0xff, 0xff, 0x43, 0x61, 0xff, 0xff, 0xf4, 0xf6, 0xfe,
0xff, 0xef, 0xf2, 0xfe, 0xff, 0x3f, 0x5c, 0xff, 0xff, 0x2b, 0x4b, 0xff, 0xff, 0x2f, 0x4e,
0xff, 0xff, 0x2f, 0x4e, 0xff, 0xff, 0x2f, 0x4e, 0xff, 0xff, 0x2f, 0x4e, 0xff, 0xff, 0x2f,
0x4d, 0xff, 0xff, 0x2f, 0x4d, 0xff, 0xff, 0x2f, 0x4c, 0xff, 0xff, 0x2f, 0x4c, 0xff, 0xff,
0x2f, 0x4b, 0xff, 0xff, 0x2f, 0x4b, 0xff, 0xff, 0x33, 0x4d, 0xff, 0xf2, 0x18, 0x29, 0x8f,
0x3e, 0x00, 0x16, 0x59, 0x00, 0x01, 0x17, 0x5c, 0x00, 0x01, 0x17, 0x5c, 0x00, 0x01, 0x17,
0x5c, 0x00, 0x01, 0x17, 0x5c, 0x00, 0x01, 0x17, 0x5c, 0x00, 0x01, 0x17, 0x5c, 0x00, 0x01,
0x17, 0x5c, 0x00, 0x01, 0x17, 0x5c, 0x00, 0x01, 0x17, 0x5c, 0x00, 0x01, 0x17, 0x5c, 0x00,
0xff, 0xff, 0xff, 0x00, 0xff, 0xff, 0xff, 0x00, 0xff, 0xff, 0xff, 0x00, 0xff, 0xff, 0xff,
0x00, 0xff, 0xff, 0xff, 0x00, 0xff, 0xff, 0xff, 0x00, 0xff, 0xff, 0xff, 0x00, 0xff, 0xff,
0xff, 0x00, 0xff, 0xff, 0xff, 0x00, 0xff, 0xff, 0xff, 0x00, 0xff, 0xff, 0xff, 0x00, 0xff,
0xff, 0xff, 0x00, 0xff, 0xff, 0xff, 0x00, 0xff, 0xff, 0xff, 0x00, 0xff, 0xff, 0xff, 0x00,
0xff, 0xff, 0xff, 0x00, 0xff, 0xff, 0xff, 0x00, 0x27, 0x58, 0xde, 0x00, 0x27, 0x58, 0xde,
0x00, 0x27, 0x58, 0xde, 0x00, 0x27, 0x58, 0xde, 0x00, 0x27, 0x58, 0xde, 0x00, 0x27, 0x58,
0xde, 0x00, 0x27, 0x58, 0xde, 0x00, 0x27, 0x58, 0xde, 0x00, 0x26, 0x56, 0xdb, 0x00, 0x27,
0x5d, 0xea, 0x21, 0x2d, 0x69, 0xff, 0xe4, 0x2e, 0x69, 0xff, 0xff, 0x2e, 0x68, 0xff, 0xff,
0x2e, 0x67, 0xff, 0xff, 0x2e, 0x67, 0xff, 0xff, 0x2e, 0x67, 0xff, 0xff, 0x2e, 0x67, 0xff,
0xff, 0x2e, 0x67, 0xff, 0xff, 0x2e, 0x66, 0xff, 0xff, 0x2e, 0x66, 0xff, 0xff, 0x2e, 0x65,
0xff, 0xff, 0x2e, 0x65, 0xff, 0xff, 0x2e, 0x64, 0xff, 0xff, 0x2e, 0x64, 0xff, 0xff, 0x2e,
0x64, 0xff, 0xff, 0x2e, 0x64, 0xff, 0xff, 0x2e, 0x64, 0xff, 0xff, 0x2e, 0x63, 0xff, 0xff,
0x2e, 0x63, 0xff, 0xff, 0x2e, 0x62, 0xff, 0xff, 0x2e, 0x61, 0xff, 0xff, 0x2e, 0x61, 0xff,
0xff, 0x2e, 0x61, 0xff, 0xff, 0x2e, 0x60, 0xff, 0xff, 0x2e, 0x60, 0xff, 0xff, 0x2e, 0x60,
0xff, 0xff, 0x2e, 0x60, 0xff, 0xff, 0x2e, 0x60, 0xff, 0xff, 0x2e, 0x5f, 0xff, 0xff, 0x2e,
0x5f, 0xff, 0xff, 0x2e, 0x5e, 0xff, 0xff, 0x2e, 0x5e, 0xff, 0xff, 0x2e, 0x5d, 0xff, 0xff,
0x27, 0x58, 0xff, 0xff, 0x50, 0x77, 0xff, 0xff, 0xfa, 0xfc, 0xfe, 0xff, 0xff, 0xff, 0xfe,
0xff, 0xff, 0xff, 0xfe, 0xff, 0xdb, 0xe3, 0xfe, 0xff, 0x2f, 0x5c, 0xff, 0xff, 0x2c, 0x59,
0xff, 0xff, 0x2e, 0x5a, 0xff, 0xff, 0x27, 0x54, 0xff, 0xff, 0x51, 0x75, 0xff, 0xff, 0xf2,
0xf5, 0xfe, 0xff, 0xff, 0xff, 0xfe, 0xff, 0xff, 0xff, 0xfe, 0xff, 0xfe, 0xfe, 0xfe, 0xff,
0xfe, 0xfe, 0xfe, 0xff, 0xfe, 0xfe, 0xfe, 0xff, 0xfe, 0xfe, 0xfe, 0xff, 0xfe, 0xfe, 0xfe,
0xff, 0xfe, 0xfe, 0xfe, 0xff, 0xfe, 0xfe, 0xfe, 0xff, 0xfe, 0xfe, 0xfe, 0xff, 0xfe, 0xfe,
0xfe, 0xff, 0xfe, 0xfe, 0xfe, 0xff, 0xfe, 0xfe, 0xfe, 0xff, 0xfe, 0xfe, 0xfe, 0xff, 0xfe,
0xfe, 0xfe, 0xff, 0xfe, 0xfe, 0xfe, 0xff, 0xfe, 0xfe, 0xfe, 0xff, 0xfe, 0xfe, 0xfe, 0xff,
0xff, 0xff, 0xfe, 0xff, 0xff, 0xff, 0xfe, 0xff, 0xff, 0xff, 0xfe, 0xff, 0xf0, 0xf3, 0xfe,
0xff, 0x8f, 0xa1, 0xff, 0xff, 0x24, 0x47, 0xff, 0xff, 0x25, 0x48, 0xff, 0xff, 0xbb, 0xc5,
0xff, 0xff, 0xff, 0xff, 0xfe, 0xff, 0x9b, 0xab, 0xff, 0xff, 0x14, 0x38, 0xff, 0xff, 0xab,
0xb8, 0xff, 0xff, 0xff, 0xff, 0xfe, 0xff, 0x61, 0x78, 0xff, 0xff, 0x26, 0x46, 0xff, 0xff,
0x2f, 0x4e, 0xff, 0xff, 0x2f, 0x4d, 0xff, 0xff, 0x2f, 0x4d, 0xff, 0xff, 0x2f, 0x4c, 0xff,
0xff, 0x2f, 0x4c, 0xff, 0xff, 0x2f, 0x4c, 0xff, 0xff, 0x2f, 0x4b, 0xff, 0xff, 0x2f, 0x4a,
0xff, 0xff, 0x2f, 0x4a, 0xff, 0xff, 0x2f, 0x4a, 0xff, 0xff, 0x30, 0x4a, 0xff, 0xff, 0x2e,
0x4b, 0xff, 0xdb, 0x0e, 0x41, 0xe2, 0x18, 0x00, 0x41, 0xd3, 0x00, 0x01, 0x43, 0xdc, 0x00,
0x01, 0x42, 0xdc, 0x00, 0x01, 0x42, 0xdc, 0x00, 0x01, 0x42, 0xdc, 0x00, 0x01, 0x42, 0xdc,
0x00, 0x01, 0x42, 0xdc, 0x00, 0x01, 0x42, 0xdc, 0x00, 0x01, 0x42, 0xdc, 0x00, 0x01, 0x42,
0xdc, 0x00, 0xff, 0xff, 0xff, 0x00, 0xff, 0xff, 0xff, 0x00, 0xff, 0xff, 0xff, 0x00, 0xff,
0xff, 0xff, 0x00, 0xff, 0xff, 0xff, 0x00, 0xff, 0xff, 0xff, 0x00, 0xff, 0xff, 0xff, 0x00,
0xff, 0xff, 0xff, 0x00, 0xff, 0xff, 0xff, 0x00, 0xff, 0xff, 0xff, 0x00, 0xff, 0xff, 0xff,
0x00, 0xff, 0xff, 0xff, 0x00, 0xff, 0xff, 0xff, 0x00, 0xff, 0xff, 0xff, 0x00, 0xff, 0xff,
0xff, 0x00, 0xff, 0xff, 0xff, 0x00, 0xff, 0xff, 0xff, 0x00, 0x29, 0x51, 0xdc, 0x00, 0x29,
0x51, 0xdc, 0x00, 0x29, 0x51, 0xdc, 0x00, 0x29, 0x51, 0xdc, 0x00, 0x29, 0x51, 0xdc, 0x00,
0x29, 0x51, 0xdc, 0x00, 0x29, 0x51, 0xdc, 0x00, 0x29, 0x51, 0xdb, 0x00, 0x2a, 0x57, 0xe1,
0x01, 0x2f, 0x66, 0xf9, 0xb9, 0x2e, 0x68, 0xff, 0xff, 0x2e, 0x67, 0xff, 0xff, 0x2e, 0x67,
0xff, 0xff, 0x2e, 0x67, 0xff, 0xff, 0x2e, 0x67, 0xff, 0xff, 0x2e, 0x66, 0xff, 0xff, 0x2e,
0x66, 0xff, 0xff, 0x2e, 0x65, 0xff, 0xff, 0x2e, 0x65, 0xff, 0xff, 0x2e, 0x64, 0xff, 0xff,
0x2e, 0x64, 0xff, 0xff, 0x2e, 0x64, 0xff, 0xff, 0x2e, 0x64, 0xff, 0xff, 0x2e, 0x64, 0xff,
0xff, 0x2e, 0x63, 0xff, 0xff, 0x2e, 0x63, 0xff, 0xff, 0x2e, 0x62, 0xff, 0xff, 0x2e, 0x62,
0xff, 0xff, 0x2e, 0x61, 0xff, 0xff, 0x2e, 0x61, 0xff, 0xff, 0x2e, 0x60, 0xff, 0xff, 0x2e,
0x60, 0xff, 0xff, 0x2e, 0x60, 0xff, 0xff, 0x2e, 0x60, 0xff, 0xff, 0x2e, 0x60, 0xff, 0xff,
0x2e, 0x5f, 0xff, 0xff, 0x2e, 0x5f, 0xff, 0xff, 0x2e, 0x5e, 0xff, 0xff, 0x2e, 0x5e, 0xff,
0xff, 0x2e, 0x5e, 0xff, 0xff, 0x2e, 0x5d, 0xff, 0xff, 0x2e, 0x5c, 0xff, 0xff, 0x2e, 0x5c,
0xff, 0xff, 0x22, 0x53, 0xff, 0xff, 0x7e, 0x9a, 0xff, 0xff, 0xff, 0xff, 0xfe, 0xff, 0xfe,
0xfe, 0xfe, 0xff, 0xff, 0xff, 0xfe, 0xff, 0xa0, 0xb4, 0xff, 0xff, 0x22, 0x50, 0xff, 0xff,
0x2e, 0x5a, 0xff, 0xff, 0x2e, 0x59, 0xff, 0xff, 0x2e, 0x59, 0xff, 0xff, 0x25, 0x51, 0xff,
0xff, 0x5a, 0x7b, 0xff, 0xff, 0xba, 0xc8, 0xff, 0xff, 0xf7, 0xf8, 0xfe, 0xff, 0xff, 0xff,
0xfe, 0xff, 0xff, 0xff, 0xfe, 0xff, 0xff, 0xff, 0xfe, 0xff, 0xff, 0xff, 0xfe, 0xff, 0xff,
0xff, 0xfe, 0xff, 0xfe, 0xfe, 0xfe, 0xff, 0xfe, 0xfe, 0xfe, 0xff, 0xfe, 0xfe, 0xfe, 0xff,
0xfe, 0xfe, 0xfe, 0xff, 0xfe, 0xfe, 0xfe, 0xff, 0xfe, 0xfe, 0xfe, 0xff, 0xfe, 0xfe, 0xfe,
0xff, 0xfe, 0xfe, 0xfe, 0xff, 0xfe, 0xfe, 0xfe, 0xff, 0xfe, 0xfe, 0xfe, 0xff, 0xff, 0xff,
0xfe, 0xff, 0xff, 0xff, 0xfe, 0xff, 0xff, 0xff, 0xfe, 0xff, 0xfe, 0xfe, 0xfe, 0xff, 0xff,
0xff, 0xfe, 0xff, 0xff, 0xff, 0xfe, 0xff, 0x91, 0xa2, 0xff, 0xff, 0x1d, 0x40, 0xff, 0xff,
0x51, 0x6b, 0xff, 0xff, 0xfe, 0xfe, 0xfe, 0xff, 0xe4, 0xe8, 0xfe, 0xff, 0x2f, 0x4e, 0xff,
0xff, 0x4c, 0x66, 0xff, 0xff, 0xa4, 0xb1, 0xff, 0xff, 0x42, 0x5d, 0xff, 0xff, 0x2c, 0x4a,
0xff, 0xff, 0x2f, 0x4d, 0xff, 0xff, 0x2f, 0x4c, 0xff, 0xff, 0x2f, 0x4b, 0xff, 0xff, 0x2f,
0x4b, 0xff, 0xff, 0x2f, 0x4b, 0xff, 0xff, 0x2f, 0x4a, 0xff, 0xff, 0x2f, 0x4a, 0xff, 0xff,
0x2f, 0x4a, 0xff, 0xff, 0x2f, 0x4a, 0xff, 0xff, 0x2f, 0x49, 0xff, 0xff, 0x2f, 0x49, 0xff,
0xff, 0x31, 0x49, 0xff, 0xff, 0x29, 0x48, 0xf6, 0xab, 0x15, 0x39, 0xbe, 0x00, 0x10, 0x31,
0x9d, 0x00, 0x10, 0x31, 0x9d, 0x00, 0x10, 0x31, 0x9d, 0x00, 0x10, 0x31, 0x9d, 0x00, 0x10,
0x31, 0x9d, 0x00, 0x10, 0x31, 0x9d, 0x00, 0x10, 0x31, 0x9d, 0x00, 0x10, 0x31, 0x9d, 0x00,
0x10, 0x31, 0x9d, 0x00, 0xff, 0xff, 0xff, 0x00, 0xff, 0xff, 0xff, 0x00, 0xff, 0xff, 0xff,
0x00, 0xff, 0xff, 0xff, 0x00, 0xff, 0xff, 0xff, 0x00, 0xff, 0xff, 0xff, 0x00, 0xff, 0xff,
0xff, 0x00, 0xff, 0xff, 0xff, 0x00, 0xff, 0xff, 0xff, 0x00, 0xff, 0xff, 0xff, 0x00, 0xff,
0xff, 0xff, 0x00, 0xff, 0xff, 0xff, 0x00, 0xff, 0xff, 0xff, 0x00, 0xff, 0xff, 0xff, 0x00,
0xff, 0xff, 0xff, 0x00, 0xff, 0xff, 0xff, 0x00, 0xff, 0xff, 0xff, 0x00, 0x03, 0x21, 0x95,
0x00, 0x03, 0x21, 0x95, 0x00, 0x03, 0x21, 0x95, 0x00, 0x03, 0x21, 0x95, 0x00, 0x03, 0x21,
0x95, 0x00, 0x03, 0x21, 0x95, 0x00, 0x03, 0x21, 0x95, 0x00, 0x03, 0x1f, 0x90, 0x00, 0x21,
0x4c, 0xdd, 0x76, 0x30, 0x6b, 0xff, 0xff, 0x2e, 0x67, 0xff, 0xff, 0x2e, 0x67, 0xff, 0xff,
0x2e, 0x66, 0xff, 0xff, 0x2e, 0x66, 0xff, 0xff, 0x2e, 0x66, 0xff, 0xff, 0x2e, 0x65, 0xff,
0xff, 0x2e, 0x64, 0xff, 0xff, 0x2e, 0x64, 0xff, 0xff, 0x2e, 0x64, 0xff, 0xff, 0x2e, 0x64,
0xff, 0xff, 0x2e, 0x64, 0xff, 0xff, 0x2e, 0x63, 0xff, 0xff, 0x2e, 0x63, 0xff, 0xff, 0x2e,
0x62, 0xff, 0xff, 0x2e, 0x62, 0xff, 0xff, 0x2e, 0x62, 0xff, 0xff, 0x2e, 0x61, 0xff, 0xff,
0x2e, 0x60, 0xff, 0xff, 0x2e, 0x60, 0xff, 0xff, 0x2e, 0x60, 0xff, 0xff, 0x2e, 0x60, 0xff,
0xff, 0x2e, 0x60, 0xff, 0xff, 0x2e, 0x5f, 0xff, 0xff, 0x2e, 0x5f, 0xff, 0xff, 0x2e, 0x5f,
0xff, 0xff, 0x2e, 0x5e, 0xff, 0xff, 0x2e, 0x5d, 0xff, 0xff, 0x2e, 0x5d, 0xff, 0xff, 0x2e,
0x5d, 0xff, 0xff, 0x2e, 0x5c, 0xff, 0xff, 0x2e, 0x5c, 0xff, 0xff, 0x2e, 0x5c, 0xff, 0xff,
0x2e, 0x5b, 0xff, 0xff, 0x24, 0x53, 0xff, 0xff, 0xb4, 0xc4, 0xff, 0xff, 0xff, 0xff, 0xfe,
0xff, 0xfe, 0xfe, 0xfe, 0xff, 0xff, 0xff, 0xfe, 0xff, 0x69, 0x88, 0xff, 0xff, 0x24, 0x51,
0xff, 0xff, 0x2e, 0x59, 0xff, 0xff, 0x2e, 0x59, 0xff, 0xff, 0x2e, 0x58, 0xff, 0xff, 0x2e,
0x58, 0xff, 0xff, 0x25, 0x51, 0xff, 0xff, 0x26, 0x51, 0xff, 0xff, 0x4a, 0x6d, 0xff, 0xff,
0x6f, 0x8a, 0xff, 0xff, 0x89, 0x9f, 0xff, 0xff, 0xb8, 0xc5, 0xff, 0xff, 0xe8, 0xec, 0xfe,
0xff, 0xff, 0xff, 0xfe, 0xff, 0xff, 0xff, 0xfe, 0xff, 0xff, 0xff, 0xfe, 0xff, 0xff, 0xff,
0xfe, 0xff, 0xff, 0xff, 0xfe, 0xff, 0xfe, 0xfe, 0xfe, 0xff, 0xfe, 0xfe, 0xfe, 0xff, 0xfe,
0xfe, 0xfe, 0xff, 0xfe, 0xfe, 0xfe, 0xff, 0xfe, 0xfe, 0xfe, 0xff, 0xff, 0xff, 0xfe, 0xff,
0xf6, 0xf7, 0xfe, 0xff, 0xe8, 0xeb, 0xfe, 0xff, 0xff, 0xff, 0xfe, 0xff, 0xff, 0xff, 0xfe,
0xff, 0xfe, 0xfe, 0xfe, 0xff, 0xff, 0xff, 0xfe, 0xff, 0xf3, 0xf5, 0xfe, 0xff, 0x3e, 0x5b,
0xff, 0xff, 0x29, 0x49, 0xff, 0xff, 0xd5, 0xdb, 0xfe, 0xff, 0xff, 0xff, 0xfe, 0xff, 0x6f,
0x84, 0xff, 0xff, 0x20, 0x40, 0xff, 0xff, 0x24, 0x43, 0xff, 0xff, 0x2c, 0x4a, 0xff, 0xff,
0x2f, 0x4c, 0xff, 0xff, 0x2f, 0x4b, 0xff, 0xff, 0x2f, 0x4b, 0xff, 0xff, 0x2f, 0x4a, 0xff,
0xff, 0x2f, 0x4a, 0xff, 0xff, 0x2f, 0x4a, 0xff, 0xff, 0x2f, 0x4a, 0xff, 0xff, 0x2f, 0x4a,
0xff, 0xff, 0x2f, 0x49, 0xff, 0xff, 0x2f, 0x49, 0xff, 0xff, 0x2f, 0x48, 0xff, 0xff, 0x2f,
0x48, 0xff, 0xff, 0x2f, 0x47, 0xff, 0xff, 0x33, 0x4b, 0xff, 0xff, 0x1e, 0x2b, 0xab, 0x68,
0x00, 0x00, 0x31, 0x00, 0x00, 0x00, 0x34, 0x00, 0x00, 0x00, 0x33, 0x00, 0x00, 0x00, 0x33,
0x00, 0x00, 0x00, 0x33, 0x00, 0x00, 0x00, 0x33, 0x00, 0x00, 0x00, 0x33, 0x00, 0x00, 0x00,
0x33, 0x00, 0x00, 0x00, 0x33, 0x00, 0xff, 0xff, 0xff, 0x00, 0xff, 0xff, 0xff, 0x00, 0xff,
0xff, 0xff, 0x00, 0xff, 0xff, 0xff, 0x00, 0xff, 0xff, 0xff, 0x00, 0xff, 0xff, 0xff, 0x00,
0xff, 0xff, 0xff, 0x00, 0xff, 0xff, 0xff, 0x00, 0xff, 0xff, 0xff, 0x00, 0xff, 0xff, 0xff,
0x00, 0xff, 0xff, 0xff, 0x00, 0xff, 0xff, 0xff, 0x00, 0xff, 0xff, 0xff, 0x00, 0xff, 0xff,
0xff, 0x00, 0xff, 0xff, 0xff, 0x00, 0xff, 0xff, 0xff, 0x00, 0xff, 0xff, 0xff, 0x00, 0x03,
0x2b, 0x9d, 0x00, 0x03, 0x2b, 0x9d, 0x00, 0x03, 0x2b, 0x9d, 0x00, 0x03, 0x2b, 0x9d, 0x00,
0x03, 0x2b, 0x9d, 0x00, 0x04, 0x2b, 0x9d, 0x00, 0x02, 0x2a, 0x96, 0x00, 0x11, 0x46, 0xbd,
0x32, 0x2f, 0x6a, 0xfd, 0xf1, 0x2e, 0x66, 0xff, 0xff, 0x2e, 0x66, 0xff, 0xff, 0x2e, 0x66,
0xff, 0xff, 0x2e, 0x65, 0xff, 0xff, 0x2e, 0x65, 0xff, 0xff, 0x2e, 0x64, 0xff, 0xff, 0x2e,
0x64, 0xff, 0xff, 0x2e, 0x64, 0xff, 0xff, 0x2e, 0x64, 0xff, 0xff, 0x2e, 0x63, 0xff, 0xff,
0x2e, 0x63, 0xff, 0xff, 0x2e, 0x63, 0xff, 0xff, 0x2e, 0x62, 0xff, 0xff, 0x2e, 0x62, 0xff,
0xff, 0x2e, 0x61, 0xff, 0xff, 0x2e, 0x61, 0xff, 0xff, 0x2e, 0x60, 0xff, 0xff, 0x2e, 0x60,
0xff, 0xff, 0x2e, 0x60, 0xff, 0xff, 0x2e, 0x60, 0xff, 0xff, 0x2e, 0x60, 0xff, 0xff, 0x2e,
0x5f, 0xff, 0xff, 0x2e, 0x5f, 0xff, 0xff, 0x2e, 0x5e, 0xff, 0xff, 0x2e, 0x5e, 0xff, 0xff,
0x2e, 0x5d, 0xff, 0xff, 0x2e, 0x5d, 0xff, 0xff, 0x2e, 0x5c, 0xff, 0xff, 0x2e, 0x5c, 0xff,
0xff, 0x2e, 0x5c, 0xff, 0xff, 0x2e, 0x5c, 0xff, 0xff, 0x2e, 0x5c, 0xff, 0xff, 0x2e, 0x5b,
0xff, 0xff, 0x2d, 0x59, 0xff, 0xff, 0x2e, 0x5a, 0xff, 0xff, 0xd8, 0xe0, 0xfe, 0xff, 0xff,
0xff, 0xfe, 0xff, 0xff, 0xff, 0xfe, 0xff, 0xfb, 0xfc, 0xfe, 0xff, 0x4d, 0x72, 0xff, 0xff,
0x27, 0x53, 0xff, 0xff, 0x2e, 0x58, 0xff, 0xff, 0x2e, 0x58, 0xff, 0xff, 0x2e, 0x57, 0xff,
0xff, 0x2e, 0x57, 0xff, 0xff, 0x2e, 0x57, 0xff, 0xff, 0x2e, 0x55, 0xff, 0xff, 0x29, 0x51,
0xff, 0xff, 0x24, 0x4d, 0xff, 0xff, 0x22, 0x4b, 0xff, 0xff, 0x26, 0x4d, 0xff, 0xff, 0x3a,
0x5d, 0xff, 0xff, 0x5e, 0x7b, 0xff, 0xff, 0x7e, 0x94, 0xff, 0xff, 0xa2, 0xb2, 0xff, 0xff,
0xd7, 0xde, 0xfe, 0xff, 0xfb, 0xfb, 0xfe, 0xff, 0xff, 0xff, 0xfe, 0xff, 0xff, 0xff, 0xfe,
0xff, 0xff, 0xff, 0xfe, 0xff, 0xff, 0xff, 0xfe, 0xff, 0xff, 0xff, 0xfe, 0xff, 0xd3, 0xda,
0xff, 0xff, 0x4e, 0x6b, 0xff, 0xff, 0x37, 0x56, 0xff, 0xff, 0x68, 0x7f, 0xff, 0xff, 0xda,
0xdf, 0xff, 0xff, 0xff, 0xff, 0xfe, 0xff, 0xfe, 0xfe, 0xfe, 0xff, 0xff, 0xff, 0xfe, 0xff,
0x77, 0x8b, 0xff, 0xff, 0x17, 0x39, 0xff, 0xff, 0xa0, 0xae, 0xff, 0xff, 0xff, 0xff, 0xfe,
0xff, 0x9a, 0xa8, 0xff, 0xff, 0x22, 0x41, 0xff, 0xff, 0x2f, 0x4b, 0xff, 0xff, 0x2f, 0x4b,
0xff, 0xff, 0x2f, 0x4a, 0xff, 0xff, 0x2f, 0x4a, 0xff, 0xff, 0x2f, 0x4a, 0xff, 0xff, 0x2f,
0x4a, 0xff, 0xff, 0x2f, 0x4a, 0xff, 0xff, 0x2f, 0x49, 0xff, 0xff, 0x2f, 0x49, 0xff, 0xff,
0x2f, 0x48, 0xff, 0xff, 0x2f, 0x48, 0xff, 0xff, 0x2f, 0x47, 0xff, 0xff, 0x2f, 0x47, 0xff,
0xff, 0x2f, 0x47, 0xff, 0xff, 0x2f, 0x47, 0xff, 0xff, 0x2f, 0x47, 0xff, 0xff, 0x2d, 0x43,
0xfc, 0xea, 0x12, 0x1a, 0x87, 0x25, 0x0c, 0x11, 0x67, 0x00, 0x0c, 0x12, 0x68, 0x00, 0x0c,
0x12, 0x68, 0x00, 0x0c, 0x12, 0x68, 0x00, 0x0c, 0x12, 0x68, 0x00, 0x0c, 0x12, 0x68, 0x00,
0x0c, 0x12, 0x68, 0x00, 0x0c, 0x12, 0x68, 0x00, 0xff, 0xff, 0xff, 0x00, 0xff, 0xff, 0xff,
0x00, 0xff, 0xff, 0xff, 0x00, 0xff, 0xff, 0xff, 0x00, 0xff, 0xff, 0xff, 0x00, 0xff, 0xff,
0xff, 0x00, 0xff, 0xff, 0xff, 0x00, 0xff, 0xff, 0xff, 0x00, 0xff, 0xff, 0xff, 0x00, 0xff,
0xff, 0xff, 0x00, 0xff, 0xff, 0xff, 0x00, 0xff, 0xff, 0xff, 0x00, 0xff, 0xff, 0xff, 0x00,
0xff, 0xff, 0xff, 0x00, 0xff, 0xff, 0xff, 0x00, 0xff, 0xff, 0xff, 0x00, 0xff, 0xff, 0xff,
0x00, 0x22, 0x43, 0xc4, 0x00, 0x22, 0x43, 0xc4, 0x00, 0x22, 0x43, 0xc4, 0x00, 0x22, 0x43,
0xc4, 0x00, 0x22, 0x43, 0xc4, 0x00, 0x22, 0x42, 0xc4, 0x00, 0x25, 0x4a, 0xd4, 0x02, 0x2d,
0x60, 0xf9, 0xc0, 0x2f, 0x67, 0xff, 0xff, 0x2e, 0x65, 0xff, 0xff, 0x2e, 0x65, 0xff, 0xff,
0x2e, 0x64, 0xff, 0xff, 0x2e, 0x64, 0xff, 0xff, 0x2e, 0x64, 0xff, 0xff, 0x2e, 0x64, 0xff,
0xff, 0x2e, 0x64, 0xff, 0xff, 0x2e, 0x63, 0xff, 0xff, 0x2e, 0x62, 0xff, 0xff, 0x2e, 0x62,
0xff, 0xff, 0x2e, 0x62, 0xff, 0xff, 0x2e, 0x61, 0xff, 0xff, 0x2e, 0x61, 0xff, 0xff, 0x2e,
0x60, 0xff, 0xff, 0x2e, 0x60, 0xff, 0xff, 0x2e, 0x60, 0xff, 0xff, 0x2e, 0x60, 0xff, 0xff,
0x2e, 0x60, 0xff, 0xff, 0x2e, 0x5f, 0xff, 0xff, 0x2e, 0x5f, 0xff, 0xff, 0x2e, 0x5e, 0xff,
0xff, 0x2e, 0x5e, 0xff, 0xff, 0x2e, 0x5d, 0xff, 0xff, 0x2e, 0x5d, 0xff, 0xff, 0x2e, 0x5c,
0xff, 0xff, 0x2e, 0x5c, 0xff, 0xff, 0x2e, 0x5c, 0xff, 0xff, 0x2e, 0x5c, 0xff, 0xff, 0x2e,
0x5b, 0xff, 0xff, 0x2e, 0x5b, 0xff, 0xff, 0x2e, 0x5b, 0xff, 0xff, 0x2e, 0x5a, 0xff, 0xff,
0x2e, 0x5a, 0xff, 0xff, 0x2a, 0x57, 0xff, 0xff, 0x3c, 0x64, 0xff, 0xff, 0xed, 0xf1, 0xfe,
0xff, 0xff, 0xff, 0xfe, 0xff, 0xff, 0xff, 0xfe, 0xff, 0xe6, 0xeb, 0xfe, 0xff, 0x37, 0x5f,
0xff, 0xff, 0x2b, 0x55, 0xff, 0xff, 0x2e, 0x57, 0xff, 0xff, 0x2e, 0x56, 0xff, 0xff, 0x2f,
0x56, 0xff, 0xff, 0x2f, 0x55, 0xff, 0xff, 0x2f, 0x55, 0xff, 0xff, 0x2f, 0x55, 0xff, 0xff,
0x2f, 0x55, 0xff, 0xff, 0x2f, 0x54, 0xff, 0xff, 0x2f, 0x54, 0xff, 0xff, 0x2f, 0x53, 0xff,
0xff, 0x2c, 0x51, 0xff, 0xff, 0x26, 0x4c, 0xff, 0xff, 0x23, 0x49, 0xff, 0xff, 0x22, 0x48,
0xff, 0xff, 0x2f, 0x52, 0xff, 0xff, 0x51, 0x6d, 0xff, 0xff, 0x73, 0x8a, 0xff, 0xff, 0x8c,
0x9f, 0xff, 0xff, 0xad, 0xba, 0xff, 0xff, 0xb4, 0xc0, 0xff, 0xff, 0x88, 0x9a, 0xff, 0xff,
0x3a, 0x58, 0xff, 0xff, 0x25, 0x47, 0xff, 0xff, 0x2c, 0x4c, 0xff, 0xff, 0x1a, 0x3c, 0xff,
0xff, 0x76, 0x8a, 0xff, 0xff, 0xff, 0xff, 0xfe, 0xff, 0xfe, 0xfe, 0xfe, 0xff, 0xff, 0xff,
0xfe, 0xff, 0x9a, 0xa8, 0xff, 0xff, 0x15, 0x36, 0xff, 0xff, 0x91, 0xa1, 0xff, 0xff, 0xff,
0xff, 0xfe, 0xff, 0xa7, 0xb2, 0xfe, 0xff, 0x24, 0x41, 0xff, 0xff, 0x2f, 0x4a, 0xff, 0xff,
0x2f, 0x4a, 0xff, 0xff, 0x2f, 0x4a, 0xff, 0xff, 0x2f, 0x4a, 0xff, 0xff, 0x2f, 0x49, 0xff,
0xff, 0x2f, 0x49, 0xff, 0xff, 0x2f, 0x48, 0xff, 0xff, 0x2f, 0x48, 0xff, 0xff, 0x2f, 0x47,
0xff, 0xff, 0x2f, 0x47, 0xff, 0xff, 0x2f, 0x47, 0xff, 0xff, 0x2f, 0x47, 0xff, 0xff, 0x2f,
0x46, 0xff, 0xff, 0x2f, 0x46, 0xff, 0xff, 0x2f, 0x46, 0xff, 0xff, 0x2f, 0x45, 0xff, 0xff,
0x30, 0x46, 0xff, 0xff, 0x30, 0x43, 0xfd, 0xae, 0x2c, 0x36, 0xea, 0x00, 0x2c, 0x36, 0xe9,
0x00, 0x2c, 0x36, 0xea, 0x00, 0x2c, 0x36, 0xea, 0x00, 0x2c, 0x36, 0xea, 0x00, 0x2c, 0x36,
0xea, 0x00, 0x2c, 0x36, 0xea, 0x00, 0x2c, 0x36, 0xea, 0x00, 0xff, 0xff, 0xff, 0x00, 0xff,
0xff, 0xff, 0x00, 0xff, 0xff, 0xff, 0x00, 0xff, 0xff, 0xff, 0x00, 0xff, 0xff, 0xff, 0x00,
0xff, 0xff, 0xff, 0x00, 0xff, 0xff, 0xff, 0x00, 0xff, 0xff, 0xff, 0x00, 0xff, 0xff, 0xff,
0x00, 0xff, 0xff, 0xff, 0x00, 0xff, 0xff, 0xff, 0x00, 0xff, 0xff, 0xff, 0x00, 0xff, 0xff,
0xff, 0x00, 0xff, 0xff, 0xff, 0x00, 0xff, 0xff, 0xff, 0x00, 0xff, 0xff, 0xff, 0x00, 0xff,
0xff, 0xff, 0x00, 0x18, 0x37, 0x8b, 0x00, 0x18, 0x37, 0x8b, 0x00, 0x18, 0x37, 0x8b, 0x00,
0x18, 0x37, 0x8b, 0x00, 0x18, 0x37, 0x8b, 0x00, 0x18, 0x36, 0x8a, 0x00, 0x24, 0x4e, 0xc5,
0x71, 0x30, 0x69, 0xff, 0xff, 0x2e, 0x64, 0xff, 0xff, 0x2e, 0x64, 0xff, 0xff, 0x2e, 0x64,
0xff, 0xff, 0x2e, 0x64, 0xff, 0xff, 0x2e, 0x63, 0xff, 0xff, 0x2e, 0x63, 0xff, 0xff, 0x2e,
0x63, 0xff, 0xff, 0x2e, 0x62, 0xff, 0xff, 0x2e, 0x62, 0xff, 0xff, 0x2e, 0x61, 0xff, 0xff,
0x2e, 0x61, 0xff, 0xff, 0x2e, 0x60, 0xff, 0xff, 0x2e, 0x60, 0xff, 0xff, 0x2e, 0x60, 0xff,
0xff, 0x2e, 0x60, 0xff, 0xff, 0x2e, 0x60, 0xff, 0xff, 0x2e, 0x5f, 0xff, 0xff, 0x2e, 0x5f,
0xff, 0xff, 0x2e, 0x5e, 0xff, 0xff, 0x2e, 0x5e, 0xff, 0xff, 0x2e, 0x5d, 0xff, 0xff, 0x2e,
0x5d, 0xff, 0xff, 0x2e, 0x5d, 0xff, 0xff, 0x2e, 0x5c, 0xff, 0xff, 0x2e, 0x5c, 0xff, 0xff,
0x2e, 0x5c, 0xff, 0xff, 0x2e, 0x5c, 0xff, 0xff, 0x2e, 0x5b, 0xff, 0xff, 0x2e, 0x5b, 0xff,
0xff, 0x2e, 0x5a, 0xff, 0xff, 0x2e, 0x5a, 0xff, 0xff, 0x2e, 0x59, 0xff, 0xff, 0x2e, 0x59,
0xff, 0xff, 0x2e, 0x59, 0xff, 0xff, 0x25, 0x52, 0xff, 0xff, 0x63, 0x83, 0xff, 0xff, 0xff,
0xff, 0xfe, 0xff, 0xfe, 0xfe, 0xfe, 0xff, 0xff, 0xff, 0xfe, 0xff, 0xb6, 0xc5, 0xff, 0xff,
0x24, 0x4f, 0xff, 0xff, 0x2e, 0x56, 0xff, 0xff, 0x2f, 0x56, 0xff, 0xff, 0x2f, 0x55, 0xff,
0xff, 0x2f, 0x55, 0xff, 0xff, 0x2f, 0x55, 0xff, 0xff, 0x2f, 0x55, 0xff, 0xff, 0x2f, 0x54,
0xff, 0xff, 0x2f, 0x54, 0xff, 0xff, 0x2f, 0x53, 0xff, 0xff, 0x2f, 0x53, 0xff, 0xff, 0x2f,
0x53, 0xff, 0xff, 0x2f, 0x52, 0xff, 0xff, 0x2f, 0x52, 0xff, 0xff, 0x2f, 0x51, 0xff, 0xff,
0x2f, 0x51, 0xff, 0xff, 0x2d, 0x4f, 0xff, 0xff, 0x28, 0x4b, 0xff, 0xff, 0x24, 0x47, 0xff,
0xff, 0x22, 0x45, 0xff, 0xff, 0x24, 0x47, 0xff, 0xff, 0x25, 0x47, 0xff, 0xff, 0x23, 0x45,
0xff, 0xff, 0x2c, 0x4b, 0xff, 0xff, 0x2f, 0x4e, 0xff, 0xff, 0x2f, 0x4e, 0xff, 0xff, 0x23,
0x43, 0xff, 0xff, 0x7d, 0x8f, 0xff, 0xff, 0xff, 0xff, 0xfe, 0xff, 0xfe, 0xfe, 0xfe, 0xff,
0xff, 0xff, 0xfe, 0xff, 0x96, 0xa4, 0xff, 0xff, 0x16, 0x36, 0xff, 0xff, 0xa5, 0xb1, 0xff,
0xff, 0xff, 0xff, 0xfe, 0xff, 0xa9, 0xb4, 0xff, 0xff, 0x23, 0x3f, 0xff, 0xff, 0x2f, 0x4a,
0xff, 0xff, 0x2f, 0x49, 0xff, 0xff, 0x2f, 0x49, 0xff, 0xff, 0x2f, 0x48, 0xff, 0xff, 0x2f,
0x48, 0xff, 0xff, 0x2f, 0x48, 0xff, 0xff, 0x2f, 0x47, 0xff, 0xff, 0x2f, 0x47, 0xff, 0xff,
0x2f, 0x47, 0xff, 0xff, 0x2f, 0x47, 0xff, 0xff, 0x2f, 0x46, 0xff, 0xff, 0x2f, 0x46, 0xff,
0xff, 0x2f, 0x45, 0xff, 0xff, 0x2f, 0x45, 0xff, 0xff, 0x2f, 0x45, 0xff, 0xff, 0x2f, 0x44,
0xff, 0xff, 0x2f, 0x44, 0xff, 0xff, 0x2f, 0x44, 0xff, 0xff, 0x2e, 0x3b, 0xf1, 0x5b, 0x2e,
0x36, 0xe7, 0x00, 0x2e, 0x38, 0xeb, 0x00, 0x2e, 0x38, 0xeb, 0x00, 0x2e, 0x38, 0xeb, 0x00,
0x2e, 0x38, 0xeb, 0x00, 0x2e, 0x38, 0xeb, 0x00, 0x2e, 0x38, 0xeb, 0x00, 0xff, 0xff, 0xff,
0x00, 0xff, 0xff, 0xff, 0x00, 0xff, 0xff, 0xff, 0x00, 0xff, 0xff, 0xff, 0x00, 0xff, 0xff,
0xff, 0x00, 0xff, 0xff, 0xff, 0x00, 0xff, 0xff, 0xff, 0x00, 0xff, 0xff, 0xff, 0x00, 0xff,
0xff, 0xff, 0x00, 0xff, 0xff, 0xff, 0x00, 0xff, 0xff, 0xff, 0x00, 0xff, 0xff, 0xff, 0x00,
0xff, 0xff, 0xff, 0x00, 0xff, 0xff, 0xff, 0x00, 0xff, 0xff, 0xff, 0x00, 0xff, 0xff, 0xff,
0x00, 0xff, 0xff, 0xff, 0x00, 0x10, 0x4f, 0xdb, 0x00, 0x10, 0x4f, 0xdb, 0x00, 0x10, 0x4f,
0xdb, 0x00, 0x10, 0x4f, 0xdb, 0x00, 0x0f, 0x4d, 0xd9, 0x00, 0x17, 0x55, 0xe7, 0x19, 0x30,
0x67, 0xff, 0xe6, 0x2e, 0x64, 0xff, 0xff, 0x2e, 0x64, 0xff, 0xff, 0x2e, 0x64, 0xff, 0xff,
0x2e, 0x63, 0xff, 0xff, 0x2e, 0x63, 0xff, 0xff, 0x2e, 0x62, 0xff, 0xff, 0x2e, 0x62, 0xff,
0xff, 0x2e, 0x61, 0xff, 0xff, 0x2e, 0x61, 0xff, 0xff, 0x2e, 0x61, 0xff, 0xff, 0x2e, 0x60,
0xff, 0xff, 0x2e, 0x60, 0xff, 0xff, 0x2e, 0x60, 0xff, 0xff, 0x2e, 0x60, 0xff, 0xff, 0x2e,
0x5f, 0xff, 0xff, 0x2e, 0x5f, 0xff, 0xff, 0x2e, 0x5e, 0xff, 0xff, 0x2e, 0x5e, 0xff, 0xff,
0x2e, 0x5e, 0xff, 0xff, 0x2e, 0x5d, 0xff, 0xff, 0x2e, 0x5d, 0xff, 0xff, 0x2e, 0x5c, 0xff,
0xff, 0x2e, 0x5c, 0xff, 0xff, 0x2e, 0x5c, 0xff, 0xff, 0x2e, 0x5c, 0xff, 0xff, 0x2e, 0x5b,
0xff, 0xff, 0x2e, 0x5b, 0xff, 0xff, 0x2e, 0x5a, 0xff, 0xff, 0x2e, 0x5a, 0xff, 0xff, 0x2e,
0x5a, 0xff, 0xff, 0x2e, 0x59, 0xff, 0xff, 0x2e, 0x59, 0xff, 0xff, 0x2e, 0x59, 0xff, 0xff,
0x2e, 0x59, 0xff, 0xff, 0x2e, 0x58, 0xff, 0xff, 0x22, 0x4e, 0xff, 0xff, 0x9b, 0xaf, 0xff,
0xff, 0xff, 0xff, 0xfe, 0xff, 0xfe, 0xfe, 0xfe, 0xff, 0xff, 0xff, 0xfe, 0xff, 0x7f, 0x97,
0xff, 0xff, 0x23, 0x4c, 0xff, 0xff, 0x2f, 0x55, 0xff, 0xff, 0x2f, 0x55, 0xff, 0xff, 0x2f,
0x55, 0xff, 0xff, 0x2f, 0x54, 0xff, 0xff, 0x2f, 0x54, 0xff, 0xff, 0x2f, 0x53, 0xff, 0xff,
0x2f, 0x53, 0xff, 0xff, 0x2f, 0x53, 0xff, 0xff, 0x2f, 0x52, 0xff, 0xff, 0x2f, 0x52, 0xff,
0xff, 0x2f, 0x51, 0xff, 0xff, 0x2f, 0x51, 0xff, 0xff, 0x2f, 0x51, 0xff, 0xff, 0x2f, 0x51,
0xff, 0xff, 0x2f, 0x50, 0xff, 0xff, 0x2f, 0x50, 0xff, 0xff, 0x2f, 0x50, 0xff, 0xff, 0x2f,
0x4f, 0xff, 0xff, 0x2f, 0x4f, 0xff, 0xff, 0x2f, 0x4e, 0xff, 0xff, 0x2f, 0x4e, 0xff, 0xff,
0x2f, 0x4e, 0xff, 0xff, 0x2f, 0x4e, 0xff, 0xff, 0x2f, 0x4d, 0xff, 0xff, 0x2f, 0x4d, 0xff,
0xff, 0x25, 0x44, 0xff, 0xff, 0xb6, 0xc0, 0xff, 0xff, 0xff, 0xff, 0xfe, 0xff, 0xfe, 0xfe,
0xfe, 0xff, 0xff, 0xff, 0xfe, 0xff, 0x73, 0x86, 0xff, 0xff, 0x19, 0x37, 0xff, 0xff, 0x9a,
0xa7, 0xff, 0xff, 0xfc, 0xfc, 0xfe, 0xff, 0x7d, 0x8d, 0xff, 0xff, 0x24, 0x3f, 0xff, 0xff,
0x2f, 0x49, 0xff, 0xff, 0x2f, 0x48, 0xff, 0xff, 0x2f, 0x48, 0xff, 0xff, 0x2f, 0x47, 0xff,
0xff, 0x2f, 0x47, 0xff, 0xff, 0x2f, 0x47, 0xff, 0xff, 0x2f, 0x47, 0xff, 0xff, 0x2f, 0x46,
0xff, 0xff, 0x2f, 0x46, 0xff, 0xff, 0x2f, 0x45, 0xff, 0xff, 0x2f, 0x45, 0xff, 0xff, 0x2f,
0x45, 0xff, 0xff, 0x2f, 0x44, 0xff, 0xff, 0x2f, 0x44, 0xff, 0xff, 0x2f, 0x43, 0xff, 0xff,
0x2f, 0x43, 0xff, 0xff, 0x30, 0x43, 0xff, 0xff, 0x30, 0x43, 0xff, 0xff, 0x30, 0x43, 0xfe,
0xd5, 0x1d, 0x28, 0xcd, 0x09, 0x17, 0x1f, 0xba, 0x00, 0x17, 0x1f, 0xbd, 0x00, 0x17, 0x1f,
0xbd, 0x00, 0x17, 0x1f, 0xbd, 0x00, 0x17, 0x1f, 0xbd, 0x00, 0x17, 0x1f, 0xbd, 0x00, 0xff,
0xff, 0xff, 0x00, 0xff, 0xff, 0xff, 0x00, 0xff, 0xff, 0xff, 0x00, 0xff, 0xff, 0xff, 0x00,
0xff, 0xff, 0xff, 0x00, 0xff, 0xff, 0xff, 0x00, 0xff, 0xff, 0xff, 0x00, 0xff, 0xff, 0xff,
0x00, 0xff, 0xff, 0xff, 0x00, 0xff, 0xff, 0xff, 0x00, 0xff, 0xff, 0xff, 0x00, 0xff, 0xff,
0xff, 0x00, 0xff, 0xff, 0xff, 0x00, 0xff, 0xff, 0xff, 0x00, 0xff, 0xff, 0xff, 0x00, 0xff,
0xff, 0xff, 0x00, 0xff, 0xff, 0xff, 0x00, 0x27, 0x59, 0xee, 0x00, 0x27, 0x59, 0xee, 0x00,
0x27, 0x59, 0xee, 0x00, 0x27, 0x59, 0xee, 0x00, 0x26, 0x59, 0xec, 0x00, 0x29, 0x5e, 0xf6,
0x92, 0x2e, 0x64, 0xff, 0xff, 0x2e, 0x63, 0xff, 0xff, 0x2e, 0x63, 0xff, 0xff, 0x2e, 0x62,
0xff, 0xff, 0x2e, 0x62, 0xff, 0xff, 0x2e, 0x62, 0xff, 0xff, 0x2e, 0x61, 0xff, 0xff, 0x2e,
0x61, 0xff, 0xff, 0x2e, 0x60, 0xff, 0xff, 0x2e, 0x60, 0xff, 0xff, 0x2e, 0x60, 0xff, 0xff,
0x2e, 0x60, 0xff, 0xff, 0x2e, 0x5f, 0xff, 0xff, 0x2e, 0x5f, 0xff, 0xff, 0x2e, 0x5f, 0xff,
0xff, 0x2e, 0x5e, 0xff, 0xff, 0x2e, 0x5e, 0xff, 0xff, 0x2e, 0x5d, 0xff, 0xff, 0x2e, 0x5d,
0xff, 0xff, 0x2e, 0x5c, 0xff, 0xff, 0x2e, 0x5c, 0xff, 0xff, 0x2e, 0x5c, 0xff, 0xff, 0x2e,
0x5c, 0xff, 0xff, 0x2e, 0x5b, 0xff, 0xff, 0x2e, 0x5b, 0xff, 0xff, 0x2e, 0x5b, 0xff, 0xff,
0x2e, 0x5a, 0xff, 0xff, 0x2e, 0x5a, 0xff, 0xff, 0x2e, 0x59, 0xff, 0xff, 0x2e, 0x59, 0xff,
0xff, 0x2e, 0x59, 0xff, 0xff, 0x2e, 0x59, 0xff, 0xff, 0x2e, 0x58, 0xff, 0xff, 0x2e, 0x58,
0xff, 0xff, 0x2e, 0x57, 0xff, 0xff, 0x2d, 0x56, 0xff, 0xff, 0x29, 0x52, 0xff, 0xff, 0xcb,
0xd5, 0xfe, 0xff, 0xff, 0xff, 0xfe, 0xff, 0xff, 0xff, 0xfe, 0xff, 0xfe, 0xfe, 0xfe, 0xff,
0x59, 0x77, 0xff, 0xff, 0x27, 0x4e, 0xff, 0xff, 0x2f, 0x54, 0xff, 0xff, 0x2f, 0x54, 0xff,
0xff, 0x2f, 0x54, 0xff, 0xff, 0x2f, 0x53, 0xff, 0xff, 0x2f, 0x53, 0xff, 0xff, 0x2f, 0x52,
0xff, 0xff, 0x2f, 0x52, 0xff, 0xff, 0x2f, 0x51, 0xff, 0xff, 0x2f, 0x51, 0xff, 0xff, 0x2f,
0x51, 0xff, 0xff, 0x2f, 0x51, 0xff, 0xff, 0x2f, 0x50, 0xff, 0xff, 0x2f, 0x50, 0xff, 0xff,
0x2f, 0x50, 0xff, 0xff, 0x2f, 0x4f, 0xff, 0xff, 0x2f, 0x4f, 0xff, 0xff, 0x2f, 0x4e, 0xff,
0xff, 0x2f, 0x4e, 0xff, 0xff, 0x2f, 0x4e, 0xff, 0xff, 0x2f, 0x4e, 0xff, 0xff, 0x2f, 0x4d,
0xff, 0xff, 0x2f, 0x4d, 0xff, 0xff, 0x2f, 0x4d, 0xff, 0xff, 0x2f, 0x4c, 0xff, 0xff, 0x2c,
0x49, 0xff, 0xff, 0x3c, 0x56, 0xff, 0xff, 0xeb, 0xee, 0xfe, 0xff, 0xff, 0xff, 0xfe, 0xff,
0xff, 0xff, 0xfe, 0xff, 0xf8, 0xf9, 0xfe, 0xff, 0x4c, 0x63, 0xff, 0xff, 0x27, 0x42, 0xff,
0xff, 0x39, 0x52, 0xff, 0xff, 0x52, 0x68, 0xff, 0xff, 0x30, 0x49, 0xff, 0xff, 0x2e, 0x47,
0xff, 0xff, 0x2f, 0x47, 0xff, 0xff, 0x2f, 0x47, 0xff, 0xff, 0x2f, 0x47, 0xff, 0xff, 0x2f,
0x47, 0xff, 0xff, 0x2f, 0x46, 0xff, 0xff, 0x2f, 0x46, 0xff, 0xff, 0x2f, 0x46, 0xff, 0xff,
0x2f, 0x45, 0xff, 0xff, 0x2f, 0x45, 0xff, 0xff, 0x2f, 0x44, 0xff, 0xff, 0x2f, 0x44, 0xff,
0xff, 0x2f, 0x43, 0xff, 0xff, 0x2f, 0x43, 0xff, 0xff, 0x30, 0x43, 0xff, 0xff, 0x30, 0x43,
0xff, 0xff, 0x30, 0x43, 0xff, 0xff, 0x30, 0x42, 0xff, 0xff, 0x30, 0x42, 0xff, 0xff, 0x31,
0x43, 0xff, 0xff, 0x26, 0x2e, 0xe0, 0x78, 0x20, 0x1f, 0xc9, 0x00, 0x21, 0x21, 0xcc, 0x00,
0x21, 0x21, 0xcc, 0x00, 0x21, 0x21, 0xcc, 0x00, 0x21, 0x21, 0xcc, 0x00, 0x21, 0x21, 0xcc,
0x00, 0xff, 0xff, 0xff, 0x00, 0xff, 0xff, 0xff, 0x00, 0xff, 0xff, 0xff, 0x00, 0xff, 0xff,
0xff, 0x00, 0xff, 0xff, 0xff, 0x00, 0xff, 0xff, 0xff, 0x00, 0xff, 0xff, 0xff, 0x00, 0xff,
0xff, 0xff, 0x00, 0xff, 0xff, 0xff, 0x00, 0xff, 0xff, 0xff, 0x00, 0xff, 0xff, 0xff, 0x00,
0xff, 0xff, 0xff, 0x00, 0xff, 0xff, 0xff, 0x00, 0xff, 0xff, 0xff, 0x00, 0xff, 0xff, 0xff,
0x00, 0xff, 0xff, 0xff, 0x00, 0xff, 0xff, 0xff, 0x00, 0x2f, 0x61, 0xfc, 0x00, 0x2f, 0x61,
0xfc, 0x00, 0x2f, 0x61, 0xfc, 0x00, 0x2f, 0x61, 0xfc, 0x00, 0x2f, 0x61, 0xfc, 0x27, 0x2f,
0x64, 0xff, 0xf2, 0x2e, 0x62, 0xff, 0xff, 0x2e, 0x62, 0xff, 0xff, 0x2e, 0x62, 0xff, 0xff,
0x2e, 0x61, 0xff, 0xff, 0x2e, 0x61, 0xff, 0xff, 0x2e, 0x60, 0xff, 0xff, 0x2e, 0x60, 0xff,
0xff, 0x2e, 0x60, 0xff, 0xff, 0x2e, 0x60, 0xff, 0xff, 0x2e, 0x5f, 0xff, 0xff, 0x2e, 0x5f,
0xff, 0xff, 0x2e, 0x5f, 0xff, 0xff, 0x2e, 0x5e, 0xff, 0xff, 0x2e, 0x5e, 0xff, 0xff, 0x2e,
0x5d, 0xff, 0xff, 0x2e, 0x5d, 0xff, 0xff, 0x2e, 0x5d, 0xff, 0xff, 0x2e, 0x5c, 0xff, 0xff,
0x2e, 0x5c, 0xff, 0xff, 0x2e, 0x5c, 0xff, 0xff, 0x2e, 0x5c, 0xff, 0xff, 0x2e, 0x5b, 0xff,
0xff, 0x2e, 0x5b, 0xff, 0xff, 0x2e, 0x5a, 0xff, 0xff, 0x2e, 0x5a, 0xff, 0xff, 0x2e, 0x59,
0xff, 0xff, 0x2e, 0x59, 0xff, 0xff, 0x2e, 0x59, 0xff, 0xff, 0x2e, 0x59, 0xff, 0xff, 0x2e,
0x58, 0xff, 0xff, 0x2e, 0x58, 0xff, 0xff, 0x2e, 0x58, 0xff, 0xff, 0x2e, 0x57, 0xff, 0xff,
0x2e, 0x57, 0xff, 0xff, 0x2e, 0x56, 0xff, 0xff, 0x2c, 0x54, 0xff, 0xff, 0x34, 0x5a, 0xff,
0xff, 0xe1, 0xe7, 0xfe, 0xff, 0xff, 0xff, 0xfe, 0xff, 0xff, 0xff, 0xfe, 0xff, 0xf3, 0xf5,
0xfe, 0xff, 0x43, 0x65, 0xff, 0xff, 0x2a, 0x50, 0xff, 0xff, 0x2f, 0x53, 0xff, 0xff, 0x2f,
0x53, 0xff, 0xff, 0x2f, 0x52, 0xff, 0xff, 0x2f, 0x52, 0xff, 0xff, 0x2f, 0x52, 0xff, 0xff,
0x2f, 0x51, 0xff, 0xff, 0x2f, 0x51, 0xff, 0xff, 0x2f, 0x51, 0xff, 0xff, 0x2f, 0x51, 0xff,
0xff, 0x2f, 0x50, 0xff, 0xff, 0x2f, 0x50, 0xff, 0xff, 0x2f, 0x4f, 0xff, 0xff, 0x2f, 0x4f,
0xff, 0xff, 0x2f, 0x4e, 0xff, 0xff, 0x2f, 0x4e, 0xff, 0xff, 0x2f, 0x4e, 0xff, 0xff, 0x2f,
0x4e, 0xff, 0xff, 0x2f, 0x4e, 0xff, 0xff, 0x2f, 0x4d, 0xff, 0xff, 0x2f, 0x4d, 0xff, 0xff,
0x2f, 0x4c, 0xff, 0xff, 0x2f, 0x4c, 0xff, 0xff, 0x2f, 0x4b, 0xff, 0xff, 0x2f, 0x4b, 0xff,
0xff, 0x28, 0x44, 0xff, 0xff, 0x51, 0x68, 0xff, 0xff, 0xfc, 0xfd, 0xfe, 0xff, 0xff, 0xff,
0xfe, 0xff, 0xff, 0xff, 0xfe, 0xff, 0xe4, 0xe7, 0xfe, 0xff, 0x36, 0x4f, 0xff, 0xff, 0x2d,
0x46, 0xff, 0xff, 0x2d, 0x46, 0xff, 0xff, 0x28, 0x41, 0xff, 0xff, 0x2e, 0x46, 0xff, 0xff,
0x2f, 0x47, 0xff, 0xff, 0x2f, 0x47, 0xff, 0xff, 0x2f, 0x47, 0xff, 0xff, 0x2f, 0x46, 0xff,
0xff, 0x2f, 0x46, 0xff, 0xff, 0x2f, 0x45, 0xff, 0xff, 0x2f, 0x45, 0xff, 0xff, 0x2f, 0x44,
0xff, 0xff, 0x2f, 0x44, 0xff, 0xff, 0x2f, 0x44, 0xff, 0xff, 0x2f, 0x43, 0xff, 0xff, 0x30,
0x43, 0xff, 0xff, 0x30, 0x43, 0xff, 0xff, 0x30, 0x43, 0xff, 0xff, 0x30, 0x42, 0xff, 0xff,
0x30, 0x42, 0xff, 0xff, 0x30, 0x41, 0xff, 0xff, 0x30, 0x41, 0xff, 0xff, 0x30, 0x41, 0xff,
0xff, 0x30, 0x40, 0xff, 0xff, 0x30, 0x40, 0xff, 0xe0, 0x27, 0x35, 0xf5, 0x10, 0x28, 0x35,
0xf7, 0x00, 0x28, 0x35, 0xf8, 0x00, 0x28, 0x35, 0xf8, 0x00, 0x28, 0x35, 0xf8, 0x00, 0x28,
0x35, 0xf8, 0x00, 0xff, 0xff, 0xff, 0x00, 0xff, 0xff, 0xff, 0x00, 0xff, 0xff, 0xff, 0x00,
0xff, 0xff, 0xff, 0x00, 0xff, 0xff, 0xff, 0x00, 0xff, 0xff, 0xff, 0x00, 0xff, 0xff, 0xff,
0x00, 0xff, 0xff, 0xff, 0x00, 0xff, 0xff, 0xff, 0x00, 0xff, 0xff, 0xff, 0x00, 0xff, 0xff,
0xff, 0x00, 0xff, 0xff, 0xff, 0x00, 0xff, 0xff, 0xff, 0x00, 0xff, 0xff, 0xff, 0x00, 0xff,
0xff, 0xff, 0x00, 0xff, 0xff, 0xff, 0x00, 0xff, 0xff, 0xff, 0x00, 0x2c, 0x5f, 0xfb, 0x00,
0x2c, 0x5f, 0xfb, 0x00, 0x2c, 0x5f, 0xfb, 0x00, 0x2c, 0x5f, 0xfa, 0x00, 0x2d, 0x61, 0xfd,
0x9a, 0x2e, 0x62, 0xff, 0xff, 0x2e, 0x61, 0xff, 0xff, 0x2e, 0x61, 0xff, 0xff, 0x2e, 0x61,
0xff, 0xff, 0x2e, 0x60, 0xff, 0xff, 0x2e, 0x60, 0xff, 0xff, 0x2e, 0x60, 0xff, 0xff, 0x2e,
0x60, 0xff, 0xff, 0x2e, 0x5f, 0xff, 0xff, 0x2e, 0x5f, 0xff, 0xff, 0x2e, 0x5e, 0xff, 0xff,
0x2e, 0x5e, 0xff, 0xff, 0x2e, 0x5e, 0xff, 0xff, 0x2e, 0x5d, 0xff, 0xff, 0x2e, 0x5d, 0xff,
0xff, 0x2e, 0x5c, 0xff, 0xff, 0x2e, 0x5c, 0xff, 0xff, 0x2e, 0x5c, 0xff, 0xff, 0x2e, 0x5c,
0xff, 0xff, 0x2e, 0x5b, 0xff, 0xff, 0x2e, 0x5b, 0xff, 0xff, 0x2e, 0x5a, 0xff, 0xff, 0x2e,
0x5a, 0xff, 0xff, 0x2e, 0x59, 0xff, 0xff, 0x2e, 0x59, 0xff, 0xff, 0x2e, 0x59, 0xff, 0xff,
0x2e, 0x59, 0xff, 0xff, 0x2e, 0x59, 0xff, 0xff, 0x2e, 0x58, 0xff, 0xff, 0x2e, 0x58, 0xff,
0xff, 0x2e, 0x57, 0xff, 0xff, 0x2e, 0x57, 0xff, 0xff, 0x2e, 0x56, 0xff, 0xff, 0x2e, 0x56,
0xff, 0xff, 0x2f, 0x56, 0xff, 0xff, 0x2f, 0x55, 0xff, 0xff, 0x29, 0x51, 0xff, 0xff, 0x4a,
0x6b, 0xff, 0xff, 0xf7, 0xf8, 0xfe, 0xff, 0xff, 0xff, 0xfe, 0xff, 0xff, 0xff, 0xfe, 0xff,
0xd2, 0xda, 0xfe, 0xff, 0x2d, 0x51, 0xff, 0xff, 0x2e, 0x52, 0xff, 0xff, 0x2f, 0x52, 0xff,
0xff, 0x2f, 0x52, 0xff, 0xff, 0x2f, 0x51, 0xff, 0xff, 0x2f, 0x51, 0xff, 0xff, 0x2f, 0x51,
0xff, 0xff, 0x2f, 0x51, 0xff, 0xff, 0x2f, 0x50, 0xff, 0xff, 0x2f, 0x50, 0xff, 0xff, 0x2f,
0x50, 0xff, 0xff, 0x2f, 0x4f, 0xff, 0xff, 0x2f, 0x4f, 0xff, 0xff, 0x2f, 0x4e, 0xff, 0xff,
0x2f, 0x4e, 0xff, 0xff, 0x2f, 0x4e, 0xff, 0xff, 0x2f, 0x4e, 0xff, 0xff, 0x2f, 0x4d, 0xff,
0xff, 0x2f, 0x4d, 0xff, 0xff, 0x2f, 0x4c, 0xff, 0xff, 0x2f, 0x4c, 0xff, 0xff, 0x2f, 0x4c,
0xff, 0xff, 0x2f, 0x4b, 0xff, 0xff, 0x2f, 0x4b, 0xff, 0xff, 0x2f, 0x4a, 0xff, 0xff, 0x2f,
0x4a, 0xff, 0xff, 0x24, 0x40, 0xff, 0xff, 0x72, 0x84, 0xff, 0xff, 0xff, 0xff, 0xfe, 0xff,
0xfe, 0xfe, 0xfe, 0xff, 0xff, 0xff, 0xfe, 0xff, 0xcf, 0xd5, 0xfe, 0xff, 0x2b, 0x44, 0xff,
0xff, 0x2e, 0x46, 0xff, 0xff, 0x2f, 0x47, 0xff, 0xff, 0x2f, 0x47, 0xff, 0xff, 0x2f, 0x47,
0xff, 0xff, 0x2f, 0x46, 0xff, 0xff, 0x2f, 0x46, 0xff, 0xff, 0x2f, 0x45, 0xff, 0xff, 0x2f,
0x45, 0xff, 0xff, 0x2f, 0x45, 0xff, 0xff, 0x2f, 0x44, 0xff, 0xff, 0x2f, 0x44, 0xff, 0xff,
0x2f, 0x43, 0xff, 0xff, 0x30, 0x43, 0xff, 0xff, 0x30, 0x43, 0xff, 0xff, 0x30, 0x43, 0xff,
0xff, 0x30, 0x42, 0xff, 0xff, 0x30, 0x42, 0xff, 0xff, 0x30, 0x42, 0xff, 0xff, 0x30, 0x41,
0xff, 0xff, 0x30, 0x41, 0xff, 0xff, 0x30, 0x40, 0xff, 0xff, 0x30, 0x40, 0xff, 0xff, 0x30,
0x3f, 0xff, 0xff, 0x30, 0x3f, 0xff, 0xff, 0x32, 0x40, 0xff, 0xff, 0x25, 0x38, 0xea, 0x7b,
0x13, 0x2c, 0xc3, 0x00, 0x14, 0x2d, 0xc5, 0x00, 0x14, 0x2d, 0xc5, 0x00, 0x14, 0x2d, 0xc5,
0x00, 0x14, 0x2d, 0xc5, 0x00, 0xff, 0xff, 0xff, 0x00, 0xff, 0xff, 0xff, 0x00, 0xff, 0xff,
0xff, 0x00, 0xff, 0xff, 0xff, 0x00, 0xff, 0xff, 0xff, 0x00, 0xff, 0xff, 0xff, 0x00, 0xff,
0xff, 0xff, 0x00, 0xff, 0xff, 0xff, 0x00, 0xff, 0xff, 0xff, 0x00, 0xff, 0xff, 0xff, 0x00,
0xff, 0xff, 0xff, 0x00, 0xff, 0xff, 0xff, 0x00, 0xff, 0xff, 0xff, 0x00, 0xff, 0xff, 0xff,
0x00, 0xff, 0xff, 0xff, 0x00, 0xff, 0xff, 0xff, 0x00, 0xff, 0xff, 0xff, 0x00, 0x2d, 0x58,
0xf1, 0x00, 0x2d, 0x58, 0xf1, 0x00, 0x2d, 0x58, 0xf0, 0x00, 0x2d, 0x5a, 0xf4, 0x23, 0x2e,
0x61, 0xfe, 0xf0, 0x2e, 0x61, 0xff, 0xff, 0x2e, 0x60, 0xff, 0xff, 0x2e, 0x60, 0xff, 0xff,
0x2e, 0x60, 0xff, 0xff, 0x2e, 0x60, 0xff, 0xff, 0x2e, 0x5f, 0xff, 0xff, 0x2e, 0x5f, 0xff,
0xff, 0x2e, 0x5e, 0xff, 0xff, 0x2e, 0x5e, 0xff, 0xff, 0x2e, 0x5e, 0xff, 0xff, 0x2e, 0x5d,
0xff, 0xff, 0x2e, 0x5d, 0xff, 0xff, 0x2e, 0x5c, 0xff, 0xff, 0x2e, 0x5c, 0xff, 0xff, 0x2e,
0x5c, 0xff, 0xff, 0x2e, 0x5c, 0xff, 0xff, 0x2e, 0x5b, 0xff, 0xff, 0x2e, 0x5b, 0xff, 0xff,
0x2e, 0x5b, 0xff, 0xff, 0x2e, 0x5a, 0xff, 0xff, 0x2e, 0x5a, 0xff, 0xff, 0x2e, 0x59, 0xff,
0xff, 0x2e, 0x59, 0xff, 0xff, 0x2e, 0x59, 0xff, 0xff, 0x2e, 0x59, 0xff, 0xff, 0x2e, 0x58,
0xff, 0xff, 0x2e, 0x58, 0xff, 0xff, 0x2e, 0x57, 0xff, 0xff, 0x2e, 0x57, 0xff, 0xff, 0x2e,
0x57, 0xff, 0xff, 0x2e, 0x56, 0xff, 0xff, 0x2f, 0x56, 0xff, 0xff, 0x2f, 0x55, 0xff, 0xff,
0x2f, 0x55, 0xff, 0xff, 0x2f, 0x55, 0xff, 0xff, 0x2f, 0x55, 0xff, 0xff, 0x24, 0x4b, 0xff,
0xff, 0x78, 0x90, 0xff, 0xff, 0xff, 0xff, 0xfe, 0xff, 0xfe, 0xfe, 0xfe, 0xff, 0xff, 0xff,
0xfe, 0xff, 0x9e, 0xae, 0xff, 0xff, 0x22, 0x47, 0xff, 0xff, 0x2f, 0x52, 0xff, 0xff, 0x2f,
0x51, 0xff, 0xff, 0x2f, 0x51, 0xff, 0xff, 0x2f, 0x51, 0xff, 0xff, 0x2f, 0x50, 0xff, 0xff,
0x2f, 0x50, 0xff, 0xff, 0x2f, 0x50, 0xff, 0xff, 0x2f, 0x4f, 0xff, 0xff, 0x2f, 0x4f, 0xff,
0xff, 0x2f, 0x4e, 0xff, 0xff, 0x2f, 0x4e, 0xff, 0xff, 0x2f, 0x4e, 0xff, 0xff, 0x2f, 0x4e,
0xff, 0xff, 0x2f, 0x4d, 0xff, 0xff, 0x2f, 0x4d, 0xff, 0xff, 0x2f, 0x4d, 0xff, 0xff, 0x2f,
0x4c, 0xff, 0xff, 0x2f, 0x4c, 0xff, 0xff, 0x2f, 0x4b, 0xff, 0xff, 0x2f, 0x4b, 0xff, 0xff,
0x2f, 0x4a, 0xff, 0xff, 0x2f, 0x4a, 0xff, 0xff, 0x2f, 0x4a, 0xff, 0xff, 0x2f, 0x4a, 0xff,
0xff, 0x2f, 0x49, 0xff, 0xff, 0x24, 0x40, 0xff, 0xff, 0xb0, 0xba, 0xff, 0xff, 0xff, 0xff,
0xfe, 0xff, 0xfe, 0xfe, 0xfe, 0xff, 0xff, 0xff, 0xfe, 0xff, 0xa3, 0xae, 0xff, 0xff, 0x23,
0x3d, 0xff, 0xff, 0x2f, 0x47, 0xff, 0xff, 0x2f, 0x46, 0xff, 0xff, 0x2f, 0x46, 0xff, 0xff,
0x2f, 0x46, 0xff, 0xff, 0x2f, 0x45, 0xff, 0xff, 0x2f, 0x45, 0xff, 0xff, 0x2f, 0x44, 0xff,
0xff, 0x2f, 0x44, 0xff, 0xff, 0x2f, 0x43, 0xff, 0xff, 0x2f, 0x43, 0xff, 0xff, 0x30, 0x43,
0xff, 0xff, 0x30, 0x43, 0xff, 0xff, 0x30, 0x42, 0xff, 0xff, 0x30, 0x42, 0xff, 0xff, 0x30,
0x42, 0xff, 0xff, 0x30, 0x41, 0xff, 0xff, 0x30, 0x41, 0xff, 0xff, 0x30, 0x40, 0xff, 0xff,
0x30, 0x40, 0xff, 0xff, 0x30, 0x40, 0xff, 0xff, 0x30, 0x3f, 0xff, 0xff, 0x30, 0x3f, 0xff,
0xff, 0x30, 0x3f, 0xff, 0xff, 0x30, 0x3f, 0xff, 0xff, 0x31, 0x3f, 0xff, 0xff, 0x2c, 0x3b,
0xf1, 0xd8, 0x20, 0x31, 0xc6, 0x08, 0x20, 0x31, 0xc6, 0x00, 0x20, 0x31, 0xc6, 0x00, 0x20,
0x31, 0xc6, 0x00, 0x20, 0x31, 0xc6, 0x00, 0xff, 0xff, 0xff, 0x00, 0xff, 0xff, 0xff, 0x00,
0xff, 0xff, 0xff, 0x00, 0xff, 0xff, 0xff, 0x00, 0xff, 0xff, 0xff, 0x00, 0xff, 0xff, 0xff,
0x00, 0xff, 0xff, 0xff, 0x00, 0xff, 0xff, 0xff, 0x00, 0xff, 0xff, 0xff, 0x00, 0xff, 0xff,
0xff, 0x00, 0xff, 0xff, 0xff, 0x00, 0xff, 0xff, 0xff, 0x00, 0xff, 0xff, 0xff, 0x00, 0xff,
0xff, 0xff, 0x00, 0xff, 0xff, 0xff, 0x00, 0xff, 0xff, 0xff, 0x00, 0xff, 0xff, 0xff, 0x00,
0x2b, 0x5b, 0xf2, 0x00, 0x2b, 0x5b, 0xf2, 0x00, 0x2b, 0x5a, 0xf1, 0x00, 0x2d, 0x5e, 0xf9,
0x8c, 0x2e, 0x60, 0xff, 0xff, 0x2e, 0x60, 0xff, 0xff, 0x2e, 0x60, 0xff, 0xff, 0x2e, 0x5f,
0xff, 0xff, 0x2e, 0x5f, 0xff, 0xff, 0x2e, 0x5f, 0xff, 0xff, 0x2e, 0x5e, 0xff, 0xff, 0x2e,
0x5e, 0xff, 0xff, 0x2e, 0x5d, 0xff, 0xff, 0x2e, 0x5d, 0xff, 0xff, 0x2e, 0x5c, 0xff, 0xff,
0x2e, 0x5c, 0xff, 0xff, 0x2e, 0x5c, 0xff, 0xff, 0x2e, 0x5c, 0xff, 0xff, 0x2e, 0x5c, 0xff,
0xff, 0x2e, 0x5b, 0xff, 0xff, 0x2e, 0x5b, 0xff, 0xff, 0x2e, 0x5a, 0xff, 0xff, 0x2e, 0x5a,
0xff, 0xff, 0x2e, 0x59, 0xff, 0xff, 0x2e, 0x59, 0xff, 0xff, 0x2e, 0x59, 0xff, 0xff, 0x2e,
0x59, 0xff, 0xff, 0x2e, 0x58, 0xff, 0xff, 0x2e, 0x58, 0xff, 0xff, 0x2e, 0x58, 0xff, 0xff,
0x2e, 0x57, 0xff, 0xff, 0x2e, 0x57, 0xff, 0xff, 0x2e, 0x56, 0xff, 0xff, 0x2f, 0x56, 0xff,
0xff, 0x2f, 0x55, 0xff, 0xff, 0x2f, 0x55, 0xff, 0xff, 0x2f, 0x55, 0xff, 0xff, 0x2f, 0x55,
0xff, 0xff, 0x2f, 0x54, 0xff, 0xff, 0x2f, 0x54, 0xff, 0xff, 0x2f, 0x54, 0xff, 0xff, 0x24,
0x4a, 0xff, 0xff, 0xae, 0xbc, 0xff, 0xff, 0xff, 0xff, 0xfe, 0xff, 0xfe, 0xfe, 0xfe, 0xff,
0xff, 0xff, 0xfe, 0xff, 0x6a, 0x83, 0xff, 0xff, 0x25, 0x48, 0xff, 0xff, 0x2f, 0x51, 0xff,
0xff, 0x2f, 0x51, 0xff, 0xff, 0x2f, 0x50, 0xff, 0xff, 0x2f, 0x50, 0xff, 0xff, 0x2f, 0x4f,
0xff, 0xff, 0x2f, 0x4f, 0xff, 0xff, 0x2f, 0x4e, 0xff, 0xff, 0x2f, 0x4e, 0xff, 0xff, 0x2f,
0x4e, 0xff, 0xff, 0x2f, 0x4e, 0xff, 0xff, 0x2f, 0x4d, 0xff, 0xff, 0x2f, 0x4d, 0xff, 0xff,
0x2f, 0x4d, 0xff, 0xff, 0x2f, 0x4c, 0xff, 0xff, 0x2f, 0x4c, 0xff, 0xff, 0x2f, 0x4b, 0xff,
0xff, 0x2f, 0x4b, 0xff, 0xff, 0x2f, 0x4b, 0xff, 0xff, 0x2f, 0x4a, 0xff, 0xff, 0x2f, 0x4a,
0xff, 0xff, 0x2f, 0x4a, 0xff, 0xff, 0x2f, 0x4a, 0xff, 0xff, 0x2f, 0x49, 0xff, 0xff, 0x2f,
0x49, 0xff, 0xff, 0x2d, 0x46, 0xff, 0xff, 0x34, 0x4c, 0xff, 0xff, 0xe0, 0xe4, 0xfe, 0xff,
0xff, 0xff, 0xfe, 0xff, 0xff, 0xff, 0xfe, 0xff, 0xff, 0xff, 0xfe, 0xff, 0x6a, 0x7b, 0xff,
0xff, 0x25, 0x3d, 0xff, 0xff, 0x2f, 0x46, 0xff, 0xff, 0x2f, 0x45, 0xff, 0xff, 0x2f, 0x45,
0xff, 0xff, 0x2f, 0x44, 0xff, 0xff, 0x2f, 0x44, 0xff, 0xff, 0x2f, 0x44, 0xff, 0xff, 0x2f,
0x43, 0xff, 0xff, 0x30, 0x43, 0xff, 0xff, 0x30, 0x43, 0xff, 0xff, 0x30, 0x43, 0xff, 0xff,
0x30, 0x42, 0xff, 0xff, 0x30, 0x42, 0xff, 0xff, 0x30, 0x41, 0xff, 0xff, 0x30, 0x41, 0xff,
0xff, 0x30, 0x41, 0xff, 0xff, 0x30, 0x40, 0xff, 0xff, 0x30, 0x40, 0xff, 0xff, 0x30, 0x3f,
0xff, 0xff, 0x30, 0x3f, 0xff, 0xff, 0x30, 0x3f, 0xff, 0xff, 0x30, 0x3f, 0xff, 0xff, 0x30,
0x3e, 0xff, 0xff, 0x30, 0x3e, 0xff, 0xff, 0x30, 0x3d, 0xff, 0xff, 0x30, 0x3d, 0xff, 0xff,
0x31, 0x3e, 0xff, 0xff, 0x2f, 0x38, 0xfc, 0x66, 0x2c, 0x31, 0xf1, 0x00, 0x2c, 0x32, 0xf2,
0x00, 0x2c, 0x32, 0xf2, 0x00, 0x2c, 0x32, 0xf2, 0x00, 0xff, 0xff, 0xff, 0x00, 0xff, 0xff,
0xff, 0x00, 0xff, 0xff, 0xff, 0x00, 0xff, 0xff, 0xff, 0x00, 0xff, 0xff, 0xff, 0x00, 0xff,
0xff, 0xff, 0x00, 0xff, 0xff, 0xff, 0x00, 0xff, 0xff, 0xff, 0x00, 0xff, 0xff, 0xff, 0x00,
0xff, 0xff, 0xff, 0x00, 0xff, 0xff, 0xff, 0x00, 0xff, 0xff, 0xff, 0x00, 0xff, 0xff, 0xff,
0x00, 0xff, 0xff, 0xff, 0x00, 0xff, 0xff, 0xff, 0x00, 0xff, 0xff, 0xff, 0x00, 0xff, 0xff,
0xff, 0x00, 0x16, 0x4f, 0xde, 0x00, 0x16, 0x4f, 0xdd, 0x00, 0x18, 0x50, 0xe0, 0x0c, 0x2c,
0x5f, 0xfd, 0xde, 0x2e, 0x60, 0xff, 0xff, 0x2e, 0x5f, 0xff, 0xff, 0x2e, 0x5f, 0xff, 0xff,
0x2e, 0x5e, 0xff, 0xff, 0x2e, 0x5e, 0xff, 0xff, 0x2e, 0x5d, 0xff, 0xff, 0x2e, 0x5d, 0xff,
0xff, 0x2e, 0x5d, 0xff, 0xff, 0x2e, 0x5c, 0xff, 0xff, 0x2e, 0x5c, 0xff, 0xff, 0x2e, 0x5c,
0xff, 0xff, 0x2e, 0x5c, 0xff, 0xff, 0x2e, 0x5b, 0xff, 0xff, 0x2e, 0x5b, 0xff, 0xff, 0x2e,
0x5a, 0xff, 0xff, 0x2e, 0x5a, 0xff, 0xff, 0x2e, 0x5a, 0xff, 0xff, 0x2e, 0x59, 0xff, 0xff,
0x2e, 0x59, 0xff, 0xff, 0x2e, 0x59, 0xff, 0xff, 0x2e, 0x59, 0xff, 0xff, 0x2e, 0x58, 0xff,
0xff, 0x2e, 0x58, 0xff, 0xff, 0x2e, 0x57, 0xff, 0xff, 0x2e, 0x57, 0xff, 0xff, 0x2e, 0x56,
0xff, 0xff, 0x2e, 0x56, 0xff, 0xff, 0x2f, 0x56, 0xff, 0xff, 0x2f, 0x55, 0xff, 0xff, 0x2f,
0x55, 0xff, 0xff, 0x2f, 0x55, 0xff, 0xff, 0x2f, 0x55, 0xff, 0xff, 0x2f, 0x54, 0xff, 0xff,
0x2f, 0x54, 0xff, 0xff, 0x2f, 0x53, 0xff, 0xff, 0x2f, 0x53, 0xff, 0xff, 0x2e, 0x51, 0xff,
0xff, 0x2d, 0x51, 0xff, 0xff, 0xd3, 0xdb, 0xfe, 0xff, 0xff, 0xff, 0xfe, 0xff, 0xff, 0xff,
0xfe, 0xff, 0xfb, 0xfc, 0xfe, 0xff, 0x50, 0x6d, 0xff, 0xff, 0x28, 0x4b, 0xff, 0xff, 0x2f,
0x50, 0xff, 0xff, 0x2f, 0x4f, 0xff, 0xff, 0x2f, 0x4f, 0xff, 0xff, 0x2f, 0x4f, 0xff, 0xff,
0x2f, 0x4e, 0xff, 0xff, 0x2f, 0x4e, 0xff, 0xff, 0x2f, 0x4e, 0xff, 0xff, 0x2f, 0x4e, 0xff,
0xff, 0x2f, 0x4d, 0xff, 0xff, 0x2f, 0x4d, 0xff, 0xff, 0x2f, 0x4c, 0xff, 0xff, 0x2f, 0x4c,
0xff, 0xff, 0x2f, 0x4c, 0xff, 0xff, 0x2f, 0x4b, 0xff, 0xff, 0x2f, 0x4b, 0xff, 0xff, 0x2f,
0x4a, 0xff, 0xff, 0x2f, 0x4a, 0xff, 0xff, 0x2f, 0x4a, 0xff, 0xff, 0x2f, 0x4a, 0xff, 0xff,
0x2f, 0x49, 0xff, 0xff, 0x2f, 0x49, 0xff, 0xff, 0x2f, 0x48, 0xff, 0xff, 0x2f, 0x48, 0xff,
0xff, 0x2f, 0x48, 0xff, 0xff, 0x29, 0x42, 0xff, 0xff, 0x49, 0x5e, 0xff, 0xff, 0xf8, 0xf8,
0xfe, 0xff, 0xff, 0xff, 0xfe, 0xff, 0xff, 0xff, 0xfe, 0xff, 0xf0, 0xf2, 0xfe, 0xff, 0x40,
0x54, 0xff, 0xff, 0x2b, 0x41, 0xff, 0xff, 0x2f, 0x45, 0xff, 0xff, 0x2f, 0x44, 0xff, 0xff,
0x2f, 0x44, 0xff, 0xff, 0x2f, 0x43, 0xff, 0xff, 0x30, 0x43, 0xff, 0xff, 0x30, 0x43, 0xff,
0xff, 0x30, 0x43, 0xff, 0xff, 0x30, 0x42, 0xff, 0xff, 0x30, 0x42, 0xff, 0xff, 0x30, 0x41,
0xff, 0xff, 0x30, 0x41, 0xff, 0xff, 0x30, 0x41, 0xff, 0xff, 0x30, 0x40, 0xff, 0xff, 0x30,
0x40, 0xff, 0xff, 0x30, 0x3f, 0xff, 0xff, 0x30, 0x3f, 0xff, 0xff, 0x30, 0x3f, 0xff, 0xff,
0x30, 0x3f, 0xff, 0xff, 0x30, 0x3e, 0xff, 0xff, 0x30, 0x3e, 0xff, 0xff, 0x30, 0x3e, 0xff,
0xff, 0x30, 0x3d, 0xff, 0xff, 0x30, 0x3d, 0xff, 0xff, 0x30, 0x3c, 0xff, 0xff, 0x30, 0x3c,
0xff, 0xff, 0x30, 0x3d, 0xff, 0xff, 0x30, 0x3a, 0xfc, 0xbb, 0x30, 0x35, 0xf1, 0x00, 0x2f,
0x35, 0xf1, 0x00, 0x2f, 0x35, 0xf1, 0x00, 0x2f, 0x35, 0xf1, 0x00, 0xff, 0xff, 0xff, 0x00,
0xff, 0xff, 0xff, 0x00, 0xff, 0xff, 0xff, 0x00, 0xff, 0xff, 0xff, 0x00, 0xff, 0xff, 0xff,
0x00, 0xff, 0xff, 0xff, 0x00, 0xff, 0xff, 0xff, 0x00, 0xff, 0xff, 0xff, 0x00, 0xff, 0xff,
0xff, 0x00, 0xff, 0xff, 0xff, 0x00, 0xff, 0xff, 0xff, 0x00, 0xff, 0xff, 0xff, 0x00, 0xff,
0xff, 0xff, 0x00, 0xff, 0xff, 0xff, 0x00, 0xff, 0xff, 0xff, 0x00, 0xff, 0xff, 0xff, 0x00,
0xff, 0xff, 0xff, 0x00, 0x18, 0x5a, 0xd3, 0x00, 0x17, 0x59, 0xd0, 0x00, 0x23, 0x5c, 0xe8,
0x67, 0x2f, 0x5f, 0xff, 0xff, 0x2e, 0x5f, 0xff, 0xff, 0x2e, 0x5e, 0xff, 0xff, 0x2e, 0x5e,
0xff, 0xff, 0x2e, 0x5d, 0xff, 0xff, 0x2e, 0x5d, 0xff, 0xff, 0x2e, 0x5c, 0xff, 0xff, 0x2e,
0x5c, 0xff, 0xff, 0x2e, 0x5c, 0xff, 0xff, 0x2e, 0x5c, 0xff, 0xff, 0x2e, 0x5b, 0xff, 0xff,
0x2e, 0x5b, 0xff, 0xff, 0x2e, 0x5b, 0xff, 0xff, 0x2e, 0x5a, 0xff, 0xff, 0x2e, 0x5a, 0xff,
0xff, 0x2e, 0x59, 0xff, 0xff, 0x2e, 0x59, 0xff, 0xff, 0x2e, 0x59, 0xff, 0xff, 0x2e, 0x59,
0xff, 0xff, 0x2e, 0x58, 0xff, 0xff, 0x2e, 0x58, 0xff, 0xff, 0x2e, 0x57, 0xff, 0xff, 0x2e,
0x57, 0xff, 0xff, 0x2e, 0x57, 0xff, 0xff, 0x2e, 0x56, 0xff, 0xff, 0x2f, 0x56, 0xff, 0xff,
0x2f, 0x55, 0xff, 0xff, 0x2f, 0x55, 0xff, 0xff, 0x2f, 0x55, 0xff, 0xff, 0x2f, 0x55, 0xff,
0xff, 0x2f, 0x54, 0xff, 0xff, 0x2f, 0x54, 0xff, 0xff, 0x2f, 0x53, 0xff, 0xff, 0x2f, 0x53,
0xff, 0xff, 0x2f, 0x53, 0xff, 0xff, 0x2f, 0x52, 0xff, 0xff, 0x2f, 0x52, 0xff, 0xff, 0x2c,
0x4f, 0xff, 0xff, 0x38, 0x59, 0xff, 0xff, 0xe8, 0xec, 0xfe, 0xff, 0xff, 0xff, 0xfe, 0xff,
0xff, 0xff, 0xfe, 0xff, 0xeb, 0xee, 0xfe, 0xff, 0x3b, 0x5a, 0xff, 0xff, 0x2c, 0x4c, 0xff,
0xff, 0x2f, 0x4f, 0xff, 0xff, 0x2f, 0x4e, 0xff, 0xff, 0x2f, 0x4e, 0xff, 0xff, 0x2f, 0x4e,
0xff, 0xff, 0x2f, 0x4e, 0xff, 0xff, 0x2f, 0x4d, 0xff, 0xff, 0x2f, 0x4d, 0xff, 0xff, 0x2f,
0x4d, 0xff, 0xff, 0x2f, 0x4c, 0xff, 0xff, 0x2f, 0x4c, 0xff, 0xff, 0x2f, 0x4b, 0xff, 0xff,
0x2f, 0x4b, 0xff, 0xff, 0x2f, 0x4a, 0xff, 0xff, 0x2f, 0x4a, 0xff, 0xff, 0x2f, 0x4a, 0xff,
0xff, 0x2f, 0x4a, 0xff, 0xff, 0x2f, 0x49, 0xff, 0xff, 0x2f, 0x49, 0xff, 0xff, 0x2f, 0x49,
0xff, 0xff, 0x2f, 0x48, 0xff, 0xff, 0x2f, 0x48, 0xff, 0xff, 0x2f, 0x47, 0xff, 0xff, 0x2f,
0x47, 0xff, 0xff, 0x2f, 0x47, 0xff, 0xff, 0x26, 0x3e, 0xff, 0xff, 0x60, 0x72, 0xff, 0xff,
0xff, 0xff, 0xfe, 0xff, 0xff, 0xff, 0xfe, 0xff, 0xff, 0xff, 0xfe, 0xff, 0xdb, 0xde, 0xfe,
0xff, 0x30, 0x46, 0xff, 0xff, 0x2d, 0x42, 0xff, 0xff, 0x2f, 0x43, 0xff, 0xff, 0x2f, 0x43,
0xff, 0xff, 0x30, 0x43, 0xff, 0xff, 0x30, 0x43, 0xff, 0xff, 0x30, 0x42, 0xff, 0xff, 0x30,
0x42, 0xff, 0xff, 0x30, 0x42, 0xff, 0xff, 0x30, 0x41, 0xff, 0xff, 0x30, 0x41, 0xff, 0xff,
0x30, 0x40, 0xff, 0xff, 0x30, 0x40, 0xff, 0xff, 0x30, 0x3f, 0xff, 0xff, 0x30, 0x3f, 0xff,
0xff, 0x30, 0x3f, 0xff, 0xff, 0x30, 0x3f, 0xff, 0xff, 0x30, 0x3f, 0xff, 0xff, 0x30, 0x3e,
0xff, 0xff, 0x30, 0x3e, 0xff, 0xff, 0x30, 0x3d, 0xff, 0xff, 0x30, 0x3d, 0xff, 0xff, 0x30,
0x3c, 0xff, 0xff, 0x30, 0x3c, 0xff, 0xff, 0x30, 0x3c, 0xff, 0xff, 0x30, 0x3c, 0xff, 0xff,
0x30, 0x3b, 0xff, 0xff, 0x30, 0x3b, 0xff, 0xff, 0x31, 0x3c, 0xff, 0xfa, 0x1f, 0x26, 0xe6,
0x33, 0x19, 0x1e, 0xdc, 0x00, 0x19, 0x1f, 0xde, 0x00, 0x19, 0x1f, 0xde, 0x00, 0xff, 0xff,
0xff, 0x00, 0xff, 0xff, 0xff, 0x00, 0xff, 0xff, 0xff, 0x00, 0xff, 0xff, 0xff, 0x00, 0xff,
0xff, 0xff, 0x00, 0xff, 0xff, 0xff, 0x00, 0xff, 0xff, 0xff, 0x00, 0xff, 0xff, 0xff, 0x00,
0xff, 0xff, 0xff, 0x00, 0xff, 0xff, 0xff, 0x00, 0xff, 0xff, 0xff, 0x00, 0xff, 0xff, 0xff,
0x00, 0xff, 0xff, 0xff, 0x00, 0xff, 0xff, 0xff, 0x00, 0xff, 0xff, 0xff, 0x00, 0xff, 0xff,
0xff, 0x00, 0xff, 0xff, 0xff, 0x00, 0x2c, 0x5d, 0xf7, 0x00, 0x2c, 0x5d, 0xf7, 0x00, 0x2d,
0x5e, 0xfd, 0xb3, 0x2e, 0x5e, 0xff, 0xff, 0x2e, 0x5d, 0xff, 0xff, 0x2e, 0x5d, 0xff, 0xff,
0x2e, 0x5c, 0xff, 0xff, 0x2e, 0x5c, 0xff, 0xff, 0x2e, 0x5c, 0xff, 0xff, 0x2e, 0x5c, 0xff,
0xff, 0x2e, 0x5b, 0xff, 0xff, 0x2e, 0x5b, 0xff, 0xff, 0x2e, 0x5b, 0xff, 0xff, 0x2e, 0x5a,
0xff, 0xff, 0x2e, 0x5a, 0xff, 0xff, 0x2e, 0x59, 0xff, 0xff, 0x2e, 0x59, 0xff, 0xff, 0x2e,
0x59, 0xff, 0xff, 0x2e, 0x59, 0xff, 0xff, 0x2e, 0x58, 0xff, 0xff, 0x2e, 0x58, 0xff, 0xff,
0x2e, 0x58, 0xff, 0xff, 0x2e, 0x57, 0xff, 0xff, 0x2e, 0x57, 0xff, 0xff, 0x2e, 0x56, 0xff,
0xff, 0x2f, 0x56, 0xff, 0xff, 0x2f, 0x55, 0xff, 0xff, 0x2f, 0x55, 0xff, 0xff, 0x2f, 0x55,
0xff, 0xff, 0x2f, 0x55, 0xff, 0xff, 0x2f, 0x54, 0xff, 0xff, 0x2f, 0x54, 0xff, 0xff, 0x2f,
0x54, 0xff, 0xff, 0x2f, 0x53, 0xff, 0xff, 0x2f, 0x53, 0xff, 0xff, 0x2f, 0x52, 0xff, 0xff,
0x2f, 0x52, 0xff, 0xff, 0x2f, 0x51, 0xff, 0xff, 0x2f, 0x51, 0xff, 0xff, 0x2f, 0x51, 0xff,
0xff, 0x28, 0x4a, 0xff, 0xff, 0x56, 0x71, 0xff, 0xff, 0xfc, 0xfc, 0xfe, 0xff, 0xff, 0xff,
0xfe, 0xff, 0xff, 0xff, 0xfe, 0xff, 0xc1, 0xcb, 0xff, 0xff, 0x27, 0x48, 0xff, 0xff, 0x2f,
0x4e, 0xff, 0xff, 0x2f, 0x4e, 0xff, 0xff, 0x2f, 0x4e, 0xff, 0xff, 0x2f, 0x4d, 0xff, 0xff,
0x2f, 0x4d, 0xff, 0xff, 0x2f, 0x4d, 0xff, 0xff, 0x2f, 0x4c, 0xff, 0xff, 0x2f, 0x4c, 0xff,
0xff, 0x2f, 0x4b, 0xff, 0xff, 0x2f, 0x4b, 0xff, 0xff, 0x2f, 0x4a, 0xff, 0xff, 0x2f, 0x4a,
0xff, 0xff, 0x2f, 0x4a, 0xff, 0xff, 0x2f, 0x4a, 0xff, 0xff, 0x2f, 0x4a, 0xff, 0xff, 0x2f,
0x49, 0xff, 0xff, 0x2f, 0x49, 0xff, 0xff, 0x2f, 0x48, 0xff, 0xff, 0x2f, 0x48, 0xff, 0xff,
0x2f, 0x47, 0xff, 0xff, 0x2f, 0x47, 0xff, 0xff, 0x2f, 0x47, 0xff, 0xff, 0x2f, 0x47, 0xff,
0xff, 0x2f, 0x46, 0xff, 0xff, 0x2f, 0x46, 0xff, 0xff, 0x22, 0x3b, 0xff, 0xff, 0x91, 0x9c,
0xff, 0xff, 0xff, 0xff, 0xfe, 0xff, 0xfe, 0xfe, 0xfe, 0xff, 0xff, 0xff, 0xfe, 0xff, 0xbd,
0xc4, 0xff, 0xff, 0x26, 0x3b, 0xff, 0xff, 0x2f, 0x43, 0xff, 0xff, 0x30, 0x43, 0xff, 0xff,
0x30, 0x43, 0xff, 0xff, 0x30, 0x42, 0xff, 0xff, 0x30, 0x42, 0xff, 0xff, 0x30, 0x41, 0xff,
0xff, 0x30, 0x41, 0xff, 0xff, 0x30, 0x40, 0xff, 0xff, 0x30, 0x40, 0xff, 0xff, 0x30, 0x40,
0xff, 0xff, 0x30, 0x3f, 0xff, 0xff, 0x30, 0x3f, 0xff, 0xff, 0x30, 0x3f, 0xff, 0xff, 0x30,
0x3f, 0xff, 0xff, 0x30, 0x3e, 0xff, 0xff, 0x30, 0x3e, 0xff, 0xff, 0x30, 0x3d, 0xff, 0xff,
0x30, 0x3d, 0xff, 0xff, 0x30, 0x3d, 0xff, 0xff, 0x30, 0x3c, 0xff, 0xff, 0x30, 0x3c, 0xff,
0xff, 0x30, 0x3c, 0xff, 0xff, 0x30, 0x3c, 0xff, 0xff, 0x30, 0x3b, 0xff, 0xff, 0x30, 0x3b,
0xff, 0xff, 0x30, 0x3a, 0xff, 0xff, 0x30, 0x3a, 0xff, 0xff, 0x30, 0x3a, 0xff, 0xff, 0x2d,
0x37, 0xfb, 0x8e, 0x2a, 0x34, 0xf7, 0x00, 0x2a, 0x34, 0xf7, 0x00, 0x2a, 0x34, 0xf7, 0x00,
0xff, 0xff, 0xff, 0x00, 0xff, 0xff, 0xff, 0x00, 0xff, 0xff, 0xff, 0x00, 0xff, 0xff, 0xff,
0x00, 0xff, 0xff, 0xff, 0x00, 0xff, 0xff, 0xff, 0x00, 0xff, 0xff, 0xff, 0x00, 0xff, 0xff,
0xff, 0x00, 0xff, 0xff, 0xff, 0x00, 0xff, 0xff, 0xff, 0x00, 0xff, 0xff, 0xff, 0x00, 0xff,
0xff, 0xff, 0x00, 0xff, 0xff, 0xff, 0x00, 0xff, 0xff, 0xff, 0x00, 0xff, 0xff, 0xff, 0x00,
0xff, 0xff, 0xff, 0x00, 0xff, 0xff, 0xff, 0x00, 0x2b, 0x5d, 0xfb, 0x00, 0x2b, 0x5d, 0xfb,
0x20, 0x2e, 0x5d, 0xff, 0xf2, 0x2e, 0x5d, 0xff, 0xff, 0x2e, 0x5c, 0xff, 0xff, 0x2e, 0x5c,
0xff, 0xff, 0x2e, 0x5c, 0xff, 0xff, 0x2e, 0x5c, 0xff, 0xff, 0x2e, 0x5b, 0xff, 0xff, 0x2e,
0x5b, 0xff, 0xff, 0x2e, 0x5a, 0xff, 0xff, 0x2e, 0x5a, 0xff, 0xff, 0x2e, 0x59, 0xff, 0xff,
0x2e, 0x59, 0xff, 0xff, 0x2e, 0x59, 0xff, 0xff, 0x2e, 0x59, 0xff, 0xff, 0x2e, 0x58, 0xff,
0xff, 0x2e, 0x58, 0xff, 0xff, 0x2e, 0x58, 0xff, 0xff, 0x2e, 0x57, 0xff, 0xff, 0x2e, 0x57,
0xff, 0xff, 0x2e, 0x56, 0xff, 0xff, 0x2e, 0x56, 0xff, 0xff, 0x2f, 0x56, 0xff, 0xff, 0x2f,
0x55, 0xff, 0xff, 0x2f, 0x55, 0xff, 0xff, 0x2f, 0x55, 0xff, 0xff, 0x2f, 0x55, 0xff, 0xff,
0x2f, 0x54, 0xff, 0xff, 0x2f, 0x54, 0xff, 0xff, 0x2f, 0x53, 0xff, 0xff, 0x2f, 0x53, 0xff,
0xff, 0x2f, 0x52, 0xff, 0xff, 0x2f, 0x52, 0xff, 0xff, 0x2f, 0x52, 0xff, 0xff, 0x2f, 0x51,
0xff, 0xff, 0x2f, 0x51, 0xff, 0xff, 0x2f, 0x51, 0xff, 0xff, 0x2f, 0x51, 0xff, 0xff, 0x2f,
0x50, 0xff, 0xff, 0x23, 0x45, 0xff, 0xff, 0x89, 0x9c, 0xff, 0xff, 0xff, 0xff, 0xfe, 0xff,
0xfe, 0xfe, 0xfe, 0xff, 0xff, 0xff, 0xfe, 0xff, 0x8a, 0x9c, 0xff, 0xff, 0x23, 0x43, 0xff,
0xff, 0x2f, 0x4e, 0xff, 0xff, 0x2f, 0x4d, 0xff, 0xff, 0x2f, 0x4d, 0xff, 0xff, 0x2f, 0x4c,
0xff, 0xff, 0x2f, 0x4c, 0xff, 0xff, 0x2f, 0x4b, 0xff, 0xff, 0x2f, 0x4b, 0xff, 0xff, 0x2f,
0x4b, 0xff, 0xff, 0x2f, 0x4a, 0xff, 0xff, 0x2f, 0x4a, 0xff, 0xff, 0x2f, 0x4a, 0xff, 0xff,
0x2f, 0x4a, 0xff, 0xff, 0x2f, 0x49, 0xff, 0xff, 0x2f, 0x49, 0xff, 0xff, 0x2f, 0x48, 0xff,
0xff, 0x2f, 0x48, 0xff, 0xff, 0x2f, 0x48, 0xff, 0xff, 0x2f, 0x47, 0xff, 0xff, 0x2f, 0x47,
0xff, 0xff, 0x2f, 0x47, 0xff, 0xff, 0x2f, 0x47, 0xff, 0xff, 0x2f, 0x46, 0xff, 0xff, 0x2f,
0x46, 0xff, 0xff, 0x2f, 0x45, 0xff, 0xff, 0x2e, 0x44, 0xff, 0xff, 0x29, 0x3f, 0xff, 0xff,
0xc8, 0xce, 0xff, 0xff, 0xff, 0xff, 0xfe, 0xff, 0xfe, 0xfe, 0xfe, 0xff, 0xff, 0xff, 0xfe,
0xff, 0x88, 0x93, 0xff, 0xff, 0x24, 0x38, 0xff, 0xff, 0x30, 0x42, 0xff, 0xff, 0x30, 0x42,
0xff, 0xff, 0x30, 0x41, 0xff, 0xff, 0x30, 0x41, 0xff, 0xff, 0x30, 0x41, 0xff, 0xff, 0x30,
0x40, 0xff, 0xff, 0x30, 0x40, 0xff, 0xff, 0x30, 0x3f, 0xff, 0xff, 0x30, 0x3f, 0xff, 0xff,
0x30, 0x3f, 0xff, 0xff, 0x30, 0x3f, 0xff, 0xff, 0x30, 0x3e, 0xff, 0xff, 0x30, 0x3e, 0xff,
0xff, 0x30, 0x3e, 0xff, 0xff, 0x30, 0x3d, 0xff, 0xff, 0x30, 0x3d, 0xff, 0xff, 0x30, 0x3c,
0xff, 0xff, 0x30, 0x3c, 0xff, 0xff, 0x30, 0x3c, 0xff, 0xff, 0x30, 0x3c, 0xff, 0xff, 0x30,
0x3b, 0xff, 0xff, 0x30, 0x3b, 0xff, 0xff, 0x30, 0x3a, 0xff, 0xff, 0x30, 0x3a, 0xff, 0xff,
0x30, 0x3a, 0xff, 0xff, 0x30, 0x39, 0xff, 0xff, 0x30, 0x39, 0xff, 0xff, 0x30, 0x38, 0xff,
0xff, 0x2f, 0x38, 0xfe, 0xcd, 0x2e, 0x36, 0xfa, 0x02, 0x2e, 0x36, 0xfa, 0x00, 0x2e, 0x36,
0xfa, 0x00, 0xff, 0xff, 0xff, 0x00, 0xff, 0xff, 0xff, 0x00, 0xff, 0xff, 0xff, 0x00, 0xff,
0xff, 0xff, 0x00, 0xff, 0xff, 0xff, 0x00, 0xff, 0xff, 0xff, 0x00, 0xff, 0xff, 0xff, 0x00,
0xff, 0xff, 0xff, 0x00, 0xff, 0xff, 0xff, 0x00, 0xff, 0xff, 0xff, 0x00, 0xff, 0xff, 0xff,
0x00, 0xff, 0xff, 0xff, 0x00, 0xff, 0xff, 0xff, 0x00, 0xff, 0xff, 0xff, 0x00, 0xff, 0xff,
0xff, 0x00, 0xff, 0xff, 0xff, 0x00, 0xff, 0xff, 0xff, 0x00, 0x27, 0x5a, 0xf6, 0x00, 0x2b,
0x5c, 0xfb, 0x75, 0x2f, 0x5c, 0xff, 0xff, 0x2e, 0x5c, 0xff, 0xff, 0x2e, 0x5c, 0xff, 0xff,
0x2e, 0x5b, 0xff, 0xff, 0x2e, 0x5b, 0xff, 0xff, 0x2e, 0x5b, 0xff, 0xff, 0x2e, 0x5a, 0xff,
0xff, 0x2e, 0x5a, 0xff, 0xff, 0x2e, 0x59, 0xff, 0xff, 0x2e, 0x59, 0xff, 0xff, 0x2e, 0x59,
0xff, 0xff, 0x2e, 0x59, 0xff, 0xff, 0x2e, 0x58, 0xff, 0xff, 0x2e, 0x58, 0xff, 0xff, 0x2e,
0x57, 0xff, 0xff, 0x2e, 0x57, 0xff, 0xff, 0x2e, 0x57, 0xff, 0xff, 0x2e, 0x56, 0xff, 0xff,
0x2f, 0x56, 0xff, 0xff, 0x2f, 0x55, 0xff, 0xff, 0x2f, 0x55, 0xff, 0xff, 0x2f, 0x55, 0xff,
0xff, 0x2f, 0x55, 0xff, 0xff, 0x2f, 0x54, 0xff, 0xff, 0x2f, 0x54, 0xff, 0xff, 0x2f, 0x53,
0xff, 0xff, 0x2f, 0x53, 0xff, 0xff, 0x2f, 0x53, 0xff, 0xff, 0x2f, 0x52, 0xff, 0xff, 0x2f,
0x52, 0xff, 0xff, 0x2f, 0x51, 0xff, 0xff, 0x2f, 0x51, 0xff, 0xff, 0x2f, 0x51, 0xff, 0xff,
0x2f, 0x51, 0xff, 0xff, 0x2f, 0x50, 0xff, 0xff, 0x2f, 0x50, 0xff, 0xff, 0x2f, 0x50, 0xff,
0xff, 0x2f, 0x4f, 0xff, 0xff, 0x27, 0x48, 0xff, 0xff, 0xc2, 0xcb, 0xff, 0xff, 0xff, 0xff,
0xfe, 0xff, 0xff, 0xff, 0xfe, 0xff, 0xff, 0xff, 0xfe, 0xff, 0x5e, 0x75, 0xff, 0xff, 0x26,
0x45, 0xff, 0xff, 0x2f, 0x4c, 0xff, 0xff, 0x2f, 0x4c, 0xff, 0xff, 0x2f, 0x4c, 0xff, 0xff,
0x2f, 0x4b, 0xff, 0xff, 0x2f, 0x4b, 0xff, 0xff, 0x2f, 0x4a, 0xff, 0xff, 0x2f, 0x4a, 0xff,
0xff, 0x2f, 0x4a, 0xff, 0xff, 0x2f, 0x4a, 0xff, 0xff, 0x2f, 0x49, 0xff, 0xff, 0x2f, 0x49,
0xff, 0xff, 0x2f, 0x49, 0xff, 0xff, 0x2f, 0x48, 0xff, 0xff, 0x2f, 0x48, 0xff, 0xff, 0x2f,
0x47, 0xff, 0xff, 0x2f, 0x47, 0xff, 0xff, 0x2f, 0x47, 0xff, 0xff, 0x2f, 0x47, 0xff, 0xff,
0x2f, 0x46, 0xff, 0xff, 0x2f, 0x46, 0xff, 0xff, 0x2f, 0x45, 0xff, 0xff, 0x2f, 0x45, 0xff,
0xff, 0x2f, 0x45, 0xff, 0xff, 0x2f, 0x44, 0xff, 0xff, 0x2b, 0x40, 0xff, 0xff, 0x3f, 0x52,
0xff, 0xff, 0xef, 0xf0, 0xfe, 0xff, 0xff, 0xff, 0xfe, 0xff, 0xff, 0xff, 0xfe, 0xff, 0xfc,
0xfc, 0xfe, 0xff, 0x56, 0x65, 0xff, 0xff, 0x29, 0x3b, 0xff, 0xff, 0x30, 0x41, 0xff, 0xff,
0x30, 0x41, 0xff, 0xff, 0x30, 0x40, 0xff, 0xff, 0x30, 0x40, 0xff, 0xff, 0x30, 0x3f, 0xff,
0xff, 0x30, 0x3f, 0xff, 0xff, 0x30, 0x3f, 0xff, 0xff, 0x30, 0x3f, 0xff, 0xff, 0x30, 0x3e,
0xff, 0xff, 0x30, 0x3e, 0xff, 0xff, 0x30, 0x3e, 0xff, 0xff, 0x30, 0x3d, 0xff, 0xff, 0x30,
0x3d, 0xff, 0xff, 0x30, 0x3c, 0xff, 0xff, 0x30, 0x3c, 0xff, 0xff, 0x30, 0x3c, 0xff, 0xff,
0x30, 0x3c, 0xff, 0xff, 0x30, 0x3b, 0xff, 0xff, 0x30, 0x3b, 0xff, 0xff, 0x30, 0x3b, 0xff,
0xff, 0x30, 0x3a, 0xff, 0xff, 0x30, 0x3a, 0xff, 0xff, 0x30, 0x39, 0xff, 0xff, 0x30, 0x39,
0xff, 0xff, 0x30, 0x38, 0xff, 0xff, 0x30, 0x38, 0xff, 0xff, 0x30, 0x38, 0xff, 0xff, 0x30,
0x38, 0xff, 0xff, 0x30, 0x38, 0xff, 0xfe, 0x2b, 0x35, 0xf5, 0x3c, 0x28, 0x32, 0xf0, 0x00,
0x28, 0x32, 0xf1, 0x00, 0xff, 0xff, 0xff, 0x00, 0xff, 0xff, 0xff, 0x00, 0xff, 0xff, 0xff,
0x00, 0xff, 0xff, 0xff, 0x00, 0xff, 0xff, 0xff, 0x00, 0xff, 0xff, 0xff, 0x00, 0xff, 0xff,
0xff, 0x00, 0xff, 0xff, 0xff, 0x00, 0xff, 0xff, 0xff, 0x00, 0xff, 0xff, 0xff, 0x00, 0xff,
0xff, 0xff, 0x00, 0xff, 0xff, 0xff, 0x00, 0xff, 0xff, 0xff, 0x00, 0xff, 0xff, 0xff, 0x00,
0xff, 0xff, 0xff, 0x00, 0xff, 0xff, 0xff, 0x00, 0xff, 0xff, 0xff, 0x00, 0x29, 0x59, 0xf8,
0x00, 0x2c, 0x5b, 0xfc, 0xad, 0x2e, 0x5c, 0xff, 0xff, 0x2e, 0x5b, 0xff, 0xff, 0x2e, 0x5b,
0xff, 0xff, 0x2e, 0x5a, 0xff, 0xff, 0x2e, 0x5a, 0xff, 0xff, 0x2e, 0x59, 0xff, 0xff, 0x2e,
0x59, 0xff, 0xff, 0x2e, 0x59, 0xff, 0xff, 0x2e, 0x59, 0xff, 0xff, 0x2e, 0x58, 0xff, 0xff,
0x2e, 0x58, 0xff, 0xff, 0x2e, 0x58, 0xff, 0xff, 0x2e, 0x57, 0xff, 0xff, 0x2e, 0x57, 0xff,
0xff, 0x2e, 0x56, 0xff, 0xff, 0x2f, 0x56, 0xff, 0xff, 0x2f, 0x55, 0xff, 0xff, 0x2f, 0x55,
0xff, 0xff, 0x2f, 0x55, 0xff, 0xff, 0x2f, 0x55, 0xff, 0xff, 0x2f, 0x54, 0xff, 0xff, 0x2f,
0x54, 0xff, 0xff, 0x2f, 0x54, 0xff, 0xff, 0x2f, 0x53, 0xff, 0xff, 0x2f, 0x53, 0xff, 0xff,
0x2f, 0x52, 0xff, 0xff, 0x2f, 0x52, 0xff, 0xff, 0x2f, 0x51, 0xff, 0xff, 0x2f, 0x51, 0xff,
0xff, 0x2f, 0x51, 0xff, 0xff, 0x2f, 0x51, 0xff, 0xff, 0x2f, 0x50, 0xff, 0xff, 0x2f, 0x50,
0xff, 0xff, 0x2f, 0x50, 0xff, 0xff, 0x2f, 0x4f, 0xff, 0xff, 0x2f, 0x4f, 0xff, 0xff, 0x2f,
0x4e, 0xff, 0xff, 0x2d, 0x4c, 0xff, 0xff, 0x32, 0x50, 0xff, 0xff, 0xde, 0xe2, 0xfe, 0xff,
0xff, 0xff, 0xfe, 0xff, 0xff, 0xff, 0xfe, 0xff, 0xf6, 0xf7, 0xfe, 0xff, 0x47, 0x61, 0xff,
0xff, 0x2a, 0x47, 0xff, 0xff, 0x2f, 0x4b, 0xff, 0xff, 0x2f, 0x4b, 0xff, 0xff, 0x2f, 0x4a,
0xff, 0xff, 0x2f, 0x4a, 0xff, 0xff, 0x2f, 0x4a, 0xff, 0xff, 0x2f, 0x4a, 0xff, 0xff, 0x2f,
0x49, 0xff, 0xff, 0x2f, 0x49, 0xff, 0xff, 0x2f, 0x49, 0xff, 0xff, 0x2f, 0x48, 0xff, 0xff,
0x2f, 0x48, 0xff, 0xff, 0x2f, 0x47, 0xff, 0xff, 0x2f, 0x47, 0xff, 0xff, 0x2f, 0x47, 0xff,
0xff, 0x2f, 0x47, 0xff, 0xff, 0x2f, 0x46, 0xff, 0xff, 0x2f, 0x46, 0xff, 0xff, 0x2f, 0x46,
0xff, 0xff, 0x2f, 0x45, 0xff, 0xff, 0x2f, 0x45, 0xff, 0xff, 0x2f, 0x44, 0xff, 0xff, 0x2f,
0x44, 0xff, 0xff, 0x2f, 0x43, 0xff, 0xff, 0x2f, 0x43, 0xff, 0xff, 0x28, 0x3d, 0xff, 0xff,
0x54, 0x64, 0xff, 0xff, 0xfd, 0xfd, 0xfe, 0xff, 0xff, 0xff, 0xfe, 0xff, 0xff, 0xff, 0xfe,
0xff, 0xe7, 0xe9, 0xfe, 0xff, 0x39, 0x49, 0xff, 0xff, 0x2d, 0x3d, 0xff, 0xff, 0x30, 0x40,
0xff, 0xff, 0x30, 0x40, 0xff, 0xff, 0x30, 0x3f, 0xff, 0xff, 0x30, 0x3f, 0xff, 0xff, 0x30,
0x3f, 0xff, 0xff, 0x30, 0x3f, 0xff, 0xff, 0x30, 0x3e, 0xff, 0xff, 0x30, 0x3e, 0xff, 0xff,
0x30, 0x3d, 0xff, 0xff, 0x30, 0x3d, 0xff, 0xff, 0x30, 0x3c, 0xff, 0xff, 0x30, 0x3c, 0xff,
0xff, 0x30, 0x3c, 0xff, 0xff, 0x30, 0x3c, 0xff, 0xff, 0x30, 0x3b, 0xff, 0xff, 0x30, 0x3b,
0xff, 0xff, 0x30, 0x3b, 0xff, 0xff, 0x30, 0x3a, 0xff, 0xff, 0x30, 0x3a, 0xff, 0xff, 0x30,
0x39, 0xff, 0xff, 0x30, 0x39, 0xff, 0xff, 0x30, 0x39, 0xff, 0xff, 0x30, 0x38, 0xff, 0xff,
0x30, 0x38, 0xff, 0xff, 0x30, 0x38, 0xff, 0xff, 0x30, 0x38, 0xff, 0xff, 0x30, 0x37, 0xff,
0xff, 0x30, 0x37, 0xff, 0xff, 0x31, 0x37, 0xff, 0xff, 0x2b, 0x31, 0xf7, 0x89, 0x25, 0x2b,
0xee, 0x00, 0x26, 0x2b, 0xef, 0x00, 0xff, 0xff, 0xff, 0x00, 0xff, 0xff, 0xff, 0x00, 0xff,
0xff, 0xff, 0x00, 0xff, 0xff, 0xff, 0x00, 0xff, 0xff, 0xff, 0x00, 0xff, 0xff, 0xff, 0x00,
0xff, 0xff, 0xff, 0x00, 0xff, 0xff, 0xff, 0x00, 0xff, 0xff, 0xff, 0x00, 0xff, 0xff, 0xff,
0x00, 0xff, 0xff, 0xff, 0x00, 0xff, 0xff, 0xff, 0x00, 0xff, 0xff, 0xff, 0x00, 0xff, 0xff,
0xff, 0x00, 0xff, 0xff, 0xff, 0x00, 0xff, 0xff, 0xff, 0x00, 0xff, 0xff, 0xff, 0x00, 0x17,
0x53, 0xd0, 0x0d, 0x2d, 0x5b, 0xfc, 0xe2, 0x2e, 0x5a, 0xff, 0xff, 0x2e, 0x5a, 0xff, 0xff,
0x2e, 0x59, 0xff, 0xff, 0x2e, 0x59, 0xff, 0xff, 0x2e, 0x59, 0xff, 0xff, 0x2e, 0x59, 0xff,
0xff, 0x2e, 0x58, 0xff, 0xff, 0x2e, 0x58, 0xff, 0xff, 0x2e, 0x58, 0xff, 0xff, 0x2e, 0x57,
0xff, 0xff, 0x2e, 0x57, 0xff, 0xff, 0x2e, 0x56, 0xff, 0xff, 0x2f, 0x56, 0xff, 0xff, 0x2f,
0x56, 0xff, 0xff, 0x2f, 0x55, 0xff, 0xff, 0x2f, 0x55, 0xff, 0xff, 0x2f, 0x55, 0xff, 0xff,
0x2f, 0x55, 0xff, 0xff, 0x2f, 0x54, 0xff, 0xff, 0x2f, 0x54, 0xff, 0xff, 0x2f, 0x53, 0xff,
0xff, 0x2f, 0x53, 0xff, 0xff, 0x2f, 0x52, 0xff, 0xff, 0x2f, 0x52, 0xff, 0xff, 0x2f, 0x52,
0xff, 0xff, 0x2f, 0x51, 0xff, 0xff, 0x2f, 0x51, 0xff, 0xff, 0x2f, 0x51, 0xff, 0xff, 0x2f,
0x51, 0xff, 0xff, 0x2f, 0x50, 0xff, 0xff, 0x2f, 0x50, 0xff, 0xff, 0x2f, 0x4f, 0xff, 0xff,
0x2d, 0x4d, 0xff, 0xff, 0x2b, 0x4b, 0xff, 0xff, 0x2a, 0x4a, 0xff, 0xff, 0x2c, 0x4b, 0xff,
0xff, 0x2f, 0x4e, 0xff, 0xff, 0x2b, 0x4a, 0xff, 0xff, 0x41, 0x5c, 0xff, 0xff, 0xf2, 0xf3,
0xfe, 0xff, 0xff, 0xff, 0xfe, 0xff, 0xff, 0xff, 0xfe, 0xff, 0xda, 0xdf, 0xfe, 0xff, 0x30,
0x4c, 0xff, 0xff, 0x2d, 0x49, 0xff, 0xff, 0x2f, 0x4a, 0xff, 0xff, 0x2f, 0x4a, 0xff, 0xff,
0x2f, 0x4a, 0xff, 0xff, 0x2f, 0x4a, 0xff, 0xff, 0x2f, 0x49, 0xff, 0xff, 0x2f, 0x49, 0xff,
0xff, 0x2f, 0x48, 0xff, 0xff, 0x2f, 0x48, 0xff, 0xff, 0x2f, 0x47, 0xff, 0xff, 0x2f, 0x47,
0xff, 0xff, 0x2f, 0x47, 0xff, 0xff, 0x2f, 0x47, 0xff, 0xff, 0x2f, 0x46, 0xff, 0xff, 0x2f,
0x46, 0xff, 0xff, 0x2f, 0x46, 0xff, 0xff, 0x2f, 0x45, 0xff, 0xff, 0x2f, 0x45, 0xff, 0xff,
0x2f, 0x44, 0xff, 0xff, 0x2f, 0x44, 0xff, 0xff, 0x2f, 0x44, 0xff, 0xff, 0x2f, 0x43, 0xff,
0xff, 0x30, 0x43, 0xff, 0xff, 0x30, 0x43, 0xff, 0xff, 0x30, 0x43, 0xff, 0xff, 0x25, 0x38,
0xff, 0xff, 0x71, 0x7d, 0xff, 0xff, 0xff, 0xff, 0xfe, 0xff, 0xfe, 0xfe, 0xfe, 0xff, 0xff,
0xff, 0xfe, 0xff, 0xd3, 0xd6, 0xfe, 0xff, 0x2d, 0x3d, 0xff, 0xff, 0x2f, 0x3e, 0xff, 0xff,
0x30, 0x3f, 0xff, 0xff, 0x30, 0x3f, 0xff, 0xff, 0x30, 0x3f, 0xff, 0xff, 0x30, 0x3e, 0xff,
0xff, 0x30, 0x3e, 0xff, 0xff, 0x30, 0x3e, 0xff, 0xff, 0x30, 0x3d, 0xff, 0xff, 0x30, 0x3d,
0xff, 0xff, 0x30, 0x3c, 0xff, 0xff, 0x30, 0x3c, 0xff, 0xff, 0x30, 0x3c, 0xff, 0xff, 0x30,
0x3c, 0xff, 0xff, 0x30, 0x3b, 0xff, 0xff, 0x30, 0x3b, 0xff, 0xff, 0x30, 0x3a, 0xff, 0xff,
0x30, 0x3a, 0xff, 0xff, 0x30, 0x3a, 0xff, 0xff, 0x30, 0x39, 0xff, 0xff, 0x30, 0x39, 0xff,
0xff, 0x30, 0x38, 0xff, 0xff, 0x30, 0x38, 0xff, 0xff, 0x30, 0x38, 0xff, 0xff, 0x30, 0x38,
0xff, 0xff, 0x30, 0x37, 0xff, 0xff, 0x30, 0x37, 0xff, 0xff, 0x30, 0x37, 0xff, 0xff, 0x30,
0x36, 0xff, 0xff, 0x30, 0x36, 0xff, 0xff, 0x31, 0x36, 0xff, 0xff, 0x2a, 0x2f, 0xde, 0xb7,
0x16, 0x19, 0x79, 0x00, 0x16, 0x19, 0x78, 0x00, 0xff, 0xff, 0xff, 0x00, 0xff, 0xff, 0xff,
0x00, 0xff, 0xff, 0xff, 0x00, 0xff, 0xff, 0xff, 0x00, 0xff, 0xff, 0xff, 0x00, 0xff, 0xff,
0xff, 0x00, 0xff, 0xff, 0xff, 0x00, 0xff, 0xff, 0xff, 0x00, 0xff, 0xff, 0xff, 0x00, 0xff,
0xff, 0xff, 0x00, 0xff, 0xff, 0xff, 0x00, 0xff, 0xff, 0xff, 0x00, 0xff, 0xff, 0xff, 0x00,
0xff, 0xff, 0xff, 0x00, 0xff, 0xff, 0xff, 0x00, 0xff, 0xff, 0xff, 0x00, 0xff, 0xff, 0xff,
0x00, 0x21, 0x42, 0xdd, 0x45, 0x2f, 0x5b, 0xff, 0xff, 0x2e, 0x59, 0xff, 0xff, 0x2e, 0x59,
0xff, 0xff, 0x2e, 0x59, 0xff, 0xff, 0x2e, 0x59, 0xff, 0xff, 0x2e, 0x58, 0xff, 0xff, 0x2e,
0x58, 0xff, 0xff, 0x2e, 0x57, 0xff, 0xff, 0x2e, 0x57, 0xff, 0xff, 0x2e, 0x57, 0xff, 0xff,
0x2e, 0x56, 0xff, 0xff, 0x2f, 0x56, 0xff, 0xff, 0x2f, 0x55, 0xff, 0xff, 0x2f, 0x55, 0xff,
0xff, 0x2f, 0x55, 0xff, 0xff, 0x2f, 0x55, 0xff, 0xff, 0x2f, 0x54, 0xff, 0xff, 0x2f, 0x54,
0xff, 0xff, 0x2f, 0x53, 0xff, 0xff, 0x2f, 0x53, 0xff, 0xff, 0x2f, 0x53, 0xff, 0xff, 0x2f,
0x52, 0xff, 0xff, 0x2f, 0x52, 0xff, 0xff, 0x2f, 0x51, 0xff, 0xff, 0x2f, 0x51, 0xff, 0xff,
0x2f, 0x51, 0xff, 0xff, 0x2f, 0x51, 0xff, 0xff, 0x2f, 0x50, 0xff, 0xff, 0x2f, 0x50, 0xff,
0xff, 0x2f, 0x50, 0xff, 0xff, 0x2f, 0x4f, 0xff, 0xff, 0x2a, 0x4a, 0xff, 0xff, 0x24, 0x45,
0xff, 0xff, 0x30, 0x4f, 0xff, 0xff, 0x3b, 0x58, 0xff, 0xff, 0x45, 0x60, 0xff, 0xff, 0x39,
0x56, 0xff, 0xff, 0x2d, 0x4b, 0xff, 0xff, 0x25, 0x44, 0xff, 0xff, 0x6c, 0x80, 0xff, 0xff,
0xff, 0xff, 0xfe, 0xff, 0xfe, 0xfe, 0xfe, 0xff, 0xff, 0xff, 0xfe, 0xff, 0xa7, 0xb3, 0xff,
0xff, 0x23, 0x40, 0xff, 0xff, 0x2f, 0x4a, 0xff, 0xff, 0x2f, 0x4a, 0xff, 0xff, 0x2f, 0x49,
0xff, 0xff, 0x2f, 0x49, 0xff, 0xff, 0x2f, 0x49, 0xff, 0xff, 0x2f, 0x48, 0xff, 0xff, 0x2f,
0x48, 0xff, 0xff, 0x2f, 0x47, 0xff, 0xff, 0x2f, 0x47, 0xff, 0xff, 0x2f, 0x47, 0xff, 0xff,
0x2f, 0x47, 0xff, 0xff, 0x2f, 0x46, 0xff, 0xff, 0x2f, 0x46, 0xff, 0xff, 0x2f, 0x45, 0xff,
0xff, 0x2f, 0x45, 0xff, 0xff, 0x2f, 0x45, 0xff, 0xff, 0x2f, 0x44, 0xff, 0xff, 0x2f, 0x44,
0xff, 0xff, 0x2f, 0x43, 0xff, 0xff, 0x2f, 0x43, 0xff, 0xff, 0x30, 0x43, 0xff, 0xff, 0x30,
0x43, 0xff, 0xff, 0x30, 0x42, 0xff, 0xff, 0x30, 0x42, 0xff, 0xff, 0x30, 0x42, 0xff, 0xff,
0x24, 0x36, 0xff, 0xff, 0xa4, 0xab, 0xff, 0xff, 0xff, 0xff, 0xfe, 0xff, 0xfe, 0xfe, 0xfe,
0xff, 0xff, 0xff, 0xfe, 0xff, 0xab, 0xb1, 0xff, 0xff, 0x25, 0x34, 0xff, 0xff, 0x30, 0x3f,
0xff, 0xff, 0x30, 0x3e, 0xff, 0xff, 0x30, 0x3e, 0xff, 0xff, 0x30, 0x3e, 0xff, 0xff, 0x30,
0x3d, 0xff, 0xff, 0x30, 0x3d, 0xff, 0xff, 0x30, 0x3c, 0xff, 0xff, 0x30, 0x3c, 0xff, 0xff,
0x30, 0x3c, 0xff, 0xff, 0x30, 0x3c, 0xff, 0xff, 0x30, 0x3b, 0xff, 0xff, 0x30, 0x3b, 0xff,
0xff, 0x30, 0x3b, 0xff, 0xff, 0x30, 0x3a, 0xff, 0xff, 0x30, 0x3a, 0xff, 0xff, 0x30, 0x39,
0xff, 0xff, 0x30, 0x39, 0xff, 0xff, 0x30, 0x38, 0xff, 0xff, 0x30, 0x38, 0xff, 0xff, 0x30,
0x38, 0xff, 0xff, 0x30, 0x38, 0xff, 0xff, 0x30, 0x37, 0xff, 0xff, 0x30, 0x37, 0xff, 0xff,
0x30, 0x37, 0xff, 0xff, 0x30, 0x36, 0xff, 0xff, 0x30, 0x36, 0xff, 0xff, 0x30, 0x35, 0xff,
0xff, 0x30, 0x35, 0xff, 0xff, 0x30, 0x35, 0xff, 0xff, 0x30, 0x35, 0xff, 0xff, 0x2f, 0x33,
0xfb, 0xec, 0x20, 0x23, 0xd3, 0x14, 0x1f, 0x22, 0xcf, 0x00, 0xff, 0xff, 0xff, 0x00, 0xff,
0xff, 0xff, 0x00, 0xff, 0xff, 0xff, 0x00, 0xff, 0xff, 0xff, 0x00, 0xff, 0xff, 0xff, 0x00,
0xff, 0xff, 0xff, 0x00, 0xff, 0xff, 0xff, 0x00, 0xff, 0xff, 0xff, 0x00, 0xff, 0xff, 0xff,
0x00, 0xff, 0xff, 0xff, 0x00, 0xff, 0xff, 0xff, 0x00, 0xff, 0xff, 0xff, 0x00, 0xff, 0xff,
0xff, 0x00, 0xff, 0xff, 0xff, 0x00, 0xff, 0xff, 0xff, 0x00, 0xff, 0xff, 0xff, 0x00, 0xff,
0xff, 0xff, 0x00, 0x2e, 0x59, 0xff, 0x83, 0x2e, 0x59, 0xff, 0xff, 0x2e, 0x59, 0xff, 0xff,
0x2e, 0x58, 0xff, 0xff, 0x2e, 0x58, 0xff, 0xff, 0x2e, 0x57, 0xff, 0xff, 0x2e, 0x57, 0xff,
0xff, 0x2e, 0x57, 0xff, 0xff, 0x2e, 0x56, 0xff, 0xff, 0x2f, 0x56, 0xff, 0xff, 0x2f, 0x55,
0xff, 0xff, 0x2f, 0x55, 0xff, 0xff, 0x2f, 0x55, 0xff, 0xff, 0x2f, 0x55, 0xff, 0xff, 0x2f,
0x54, 0xff, 0xff, 0x2f, 0x54, 0xff, 0xff, 0x2f, 0x54, 0xff, 0xff, 0x2f, 0x53, 0xff, 0xff,
0x2f, 0x53, 0xff, 0xff, 0x2f, 0x52, 0xff, 0xff, 0x2f, 0x52, 0xff, 0xff, 0x2f, 0x51, 0xff,
0xff, 0x2f, 0x51, 0xff, 0xff, 0x2f, 0x51, 0xff, 0xff, 0x2f, 0x51, 0xff, 0xff, 0x2f, 0x50,
0xff, 0xff, 0x2f, 0x50, 0xff, 0xff, 0x2f, 0x50, 0xff, 0xff, 0x2f, 0x4f, 0xff, 0xff, 0x2f,
0x4f, 0xff, 0xff, 0x2d, 0x4d, 0xff, 0xff, 0x24, 0x45, 0xff, 0xff, 0x43, 0x5f, 0xff, 0xff,
0xa1, 0xaf, 0xff, 0xff, 0xda, 0xdf, 0xfe, 0xff, 0xef, 0xf1, 0xfe, 0xff, 0xfb, 0xfb, 0xfe,
0xff, 0xec, 0xef, 0xfe, 0xff, 0x4a, 0x63, 0xff, 0xff, 0x1e, 0x3d, 0xff, 0xff, 0xa8, 0xb3,
0xff, 0xff, 0xff, 0xff, 0xfe, 0xff, 0xfe, 0xfe, 0xfe, 0xff, 0xff, 0xff, 0xfe, 0xff, 0x71,
0x83, 0xff, 0xff, 0x24, 0x40, 0xff, 0xff, 0x2f, 0x49, 0xff, 0xff, 0x2f, 0x49, 0xff, 0xff,
0x2f, 0x48, 0xff, 0xff, 0x2f, 0x48, 0xff, 0xff, 0x2f, 0x47, 0xff, 0xff, 0x2f, 0x47, 0xff,
0xff, 0x2f, 0x47, 0xff, 0xff, 0x2f, 0x47, 0xff, 0xff, 0x2f, 0x46, 0xff, 0xff, 0x2f, 0x46,
0xff, 0xff, 0x2f, 0x46, 0xff, 0xff, 0x2f, 0x45, 0xff, 0xff, 0x2f, 0x45, 0xff, 0xff, 0x2f,
0x44, 0xff, 0xff, 0x2f, 0x44, 0xff, 0xff, 0x2f, 0x43, 0xff, 0xff, 0x2f, 0x43, 0xff, 0xff,
0x30, 0x43, 0xff, 0xff, 0x30, 0x43, 0xff, 0xff, 0x30, 0x42, 0xff, 0xff, 0x30, 0x42, 0xff,
0xff, 0x30, 0x42, 0xff, 0xff, 0x30, 0x41, 0xff, 0xff, 0x30, 0x41, 0xff, 0xff, 0x2f, 0x3f,
0xff, 0xff, 0x2f, 0x40, 0xff, 0xff, 0xd5, 0xd8, 0xfe, 0xff, 0xff, 0xff, 0xfe, 0xff, 0xfe,
0xfe, 0xfe, 0xff, 0xff, 0xff, 0xfe, 0xff, 0x74, 0x7e, 0xff, 0xff, 0x25, 0x34, 0xff, 0xff,
0x30, 0x3e, 0xff, 0xff, 0x30, 0x3d, 0xff, 0xff, 0x30, 0x3d, 0xff, 0xff, 0x30, 0x3c, 0xff,
0xff, 0x30, 0x3c, 0xff, 0xff, 0x30, 0x3c, 0xff, 0xff, 0x30, 0x3c, 0xff, 0xff, 0x30, 0x3b,
0xff, 0xff, 0x30, 0x3b, 0xff, 0xff, 0x30, 0x3b, 0xff, 0xff, 0x30, 0x3a, 0xff, 0xff, 0x30,
0x3a, 0xff, 0xff, 0x30, 0x39, 0xff, 0xff, 0x30, 0x39, 0xff, 0xff, 0x30, 0x39, 0xff, 0xff,
0x30, 0x38, 0xff, 0xff, 0x30, 0x38, 0xff, 0xff, 0x30, 0x38, 0xff, 0xff, 0x30, 0x38, 0xff,
0xff, 0x30, 0x37, 0xff, 0xff, 0x30, 0x37, 0xff, 0xff, 0x30, 0x36, 0xff, 0xff, 0x30, 0x36,
0xff, 0xff, 0x30, 0x35, 0xff, 0xff, 0x30, 0x35, 0xff, 0xff, 0x30, 0x35, 0xff, 0xff, 0x30,
0x35, 0xff, 0xff, 0x30, 0x34, 0xff, 0xff, 0x30, 0x34, 0xff, 0xff, 0x30, 0x34, 0xff, 0xff,
0x30, 0x34, 0xff, 0xff, 0x2d, 0x31, 0xff, 0x50, 0x2a, 0x2e, 0xfb, 0x00, 0xff, 0xff, 0xff,
0x00, 0xff, 0xff, 0xff, 0x00, 0xff, 0xff, 0xff, 0x00, 0xff, 0xff, 0xff, 0x00, 0xff, 0xff,
0xff, 0x00, 0xff, 0xff, 0xff, 0x00, 0xff, 0xff, 0xff, 0x00, 0xff, 0xff, 0xff, 0x00, 0xff,
0xff, 0xff, 0x00, 0xff, 0xff, 0xff, 0x00, 0xff, 0xff, 0xff, 0x00, 0xff, 0xff, 0xff, 0x00,
0xff, 0xff, 0xff, 0x00, 0xff, 0xff, 0xff, 0x00, 0xff, 0xff, 0xff, 0x00, 0xff, 0xff, 0xff,
0x00, 0xff, 0xff, 0xff, 0x00, 0x2c, 0x56, 0xfb, 0xa4, 0x2f, 0x58, 0xff, 0xff, 0x2e, 0x58,
0xff, 0xff, 0x2e, 0x57, 0xff, 0xff, 0x2e, 0x57, 0xff, 0xff, 0x2e, 0x56, 0xff, 0xff, 0x2f,
0x56, 0xff, 0xff, 0x2f, 0x55, 0xff, 0xff, 0x2f, 0x55, 0xff, 0xff, 0x2f, 0x55, 0xff, 0xff,
0x2f, 0x55, 0xff, 0xff, 0x2f, 0x54, 0xff, 0xff, 0x2f, 0x54, 0xff, 0xff, 0x2f, 0x54, 0xff,
0xff, 0x2f, 0x53, 0xff, 0xff, 0x2f, 0x53, 0xff, 0xff, 0x2f, 0x52, 0xff, 0xff, 0x2f, 0x52,
0xff, 0xff, 0x2f, 0x52, 0xff, 0xff, 0x2f, 0x51, 0xff, 0xff, 0x2f, 0x51, 0xff, 0xff, 0x2f,
0x51, 0xff, 0xff, 0x2f, 0x51, 0xff, 0xff, 0x2f, 0x50, 0xff, 0xff, 0x2f, 0x50, 0xff, 0xff,
0x2f, 0x4f, 0xff, 0xff, 0x2f, 0x4f, 0xff, 0xff, 0x2f, 0x4e, 0xff, 0xff, 0x2f, 0x4f, 0xff,
0xff, 0x2b, 0x4b, 0xff, 0xff, 0x2a, 0x49, 0xff, 0xff, 0x93, 0xa3, 0xff, 0xff, 0xf2, 0xf4,
0xfe, 0xff, 0xff, 0xff, 0xfe, 0xff, 0xff, 0xff, 0xfe, 0xff, 0xf3, 0xf4, 0xfe, 0xff, 0xe3,
0xe7, 0xfe, 0xff, 0xac, 0xb7, 0xff, 0xff, 0x36, 0x51, 0xff, 0xff, 0x2a, 0x46, 0xff, 0xff,
0xd3, 0xd8, 0xfe, 0xff, 0xff, 0xff, 0xfe, 0xff, 0xff, 0xff, 0xfe, 0xff, 0xfd, 0xfd, 0xfe,
0xff, 0x53, 0x69, 0xff, 0xff, 0x28, 0x42, 0xff, 0xff, 0x2f, 0x48, 0xff, 0xff, 0x2f, 0x47,
0xff, 0xff, 0x2f, 0x47, 0xff, 0xff, 0x2f, 0x47, 0xff, 0xff, 0x2f, 0x47, 0xff, 0xff, 0x2f,
0x46, 0xff, 0xff, 0x2f, 0x46, 0xff, 0xff, 0x2f, 0x46, 0xff, 0xff, 0x2f, 0x45, 0xff, 0xff,
0x2f, 0x45, 0xff, 0xff, 0x2f, 0x44, 0xff, 0xff, 0x2f, 0x44, 0xff, 0xff, 0x2f, 0x44, 0xff,
0xff, 0x2f, 0x43, 0xff, 0xff, 0x30, 0x43, 0xff, 0xff, 0x30, 0x43, 0xff, 0xff, 0x30, 0x43,
0xff, 0xff, 0x30, 0x42, 0xff, 0xff, 0x30, 0x42, 0xff, 0xff, 0x30, 0x41, 0xff, 0xff, 0x30,
0x41, 0xff, 0xff, 0x30, 0x40, 0xff, 0xff, 0x30, 0x40, 0xff, 0xff, 0x30, 0x40, 0xff, 0xff,
0x2b, 0x3b, 0xff, 0xff, 0x45, 0x52, 0xff, 0xff, 0xf4, 0xf4, 0xfe, 0xff, 0xff, 0xff, 0xfe,
0xff, 0xff, 0xff, 0xfe, 0xff, 0xf5, 0xf6, 0xfe, 0xff, 0x47, 0x53, 0xff, 0xff, 0x2b, 0x38,
0xff, 0xff, 0x30, 0x3d, 0xff, 0xff, 0x30, 0x3c, 0xff, 0xff, 0x30, 0x3c, 0xff, 0xff, 0x30,
0x3c, 0xff, 0xff, 0x30, 0x3c, 0xff, 0xff, 0x30, 0x3b, 0xff, 0xff, 0x30, 0x3b, 0xff, 0xff,
0x30, 0x3a, 0xff, 0xff, 0x30, 0x3a, 0xff, 0xff, 0x30, 0x3a, 0xff, 0xff, 0x30, 0x39, 0xff,
0xff, 0x30, 0x39, 0xff, 0xff, 0x30, 0x38, 0xff, 0xff, 0x30, 0x38, 0xff, 0xff, 0x30, 0x38,
0xff, 0xff, 0x30, 0x38, 0xff, 0xff, 0x30, 0x37, 0xff, 0xff, 0x30, 0x37, 0xff, 0xff, 0x30,
0x36, 0xff, 0xff, 0x30, 0x36, 0xff, 0xff, 0x30, 0x36, 0xff, 0xff, 0x30, 0x35, 0xff, 0xff,
0x30, 0x35, 0xff, 0xff, 0x30, 0x35, 0xff, 0xff, 0x30, 0x35, 0xff, 0xff, 0x30, 0x34, 0xff,
0xff, 0x30, 0x34, 0xff, 0xff, 0x30, 0x33, 0xff, 0xff, 0x30, 0x33, 0xff, 0xff, 0x30, 0x33,
0xff, 0xff, 0x31, 0x33, 0xff, 0xff, 0x2c, 0x2c, 0xf8, 0x88, 0x26, 0x27, 0xef, 0x00, 0xff,
0xff, 0xff, 0x00, 0xff, 0xff, 0xff, 0x00, 0xff, 0xff, 0xff, 0x00, 0xff, 0xff, 0xff, 0x00,
0xff, 0xff, 0xff, 0x00, 0xff, 0xff, 0xff, 0x00, 0xff, 0xff, 0xff, 0x00, 0xff, 0xff, 0xff,
0x00, 0xff, 0xff, 0xff, 0x00, 0xff, 0xff, 0xff, 0x00, 0xff, 0xff, 0xff, 0x00, 0xff, 0xff,
0xff, 0x00, 0xff, 0xff, 0xff, 0x00, 0xff, 0xff, 0xff, 0x00, 0xff, 0xff, 0xff, 0x00, 0xff,
0xff, 0xff, 0x00, 0xff, 0xff, 0xff, 0x00, 0x2a, 0x4f, 0xf4, 0xc0, 0x2f, 0x58, 0xff, 0xff,
0x2e, 0x56, 0xff, 0xff, 0x2e, 0x56, 0xff, 0xff, 0x2f, 0x56, 0xff, 0xff, 0x2f, 0x55, 0xff,
0xff, 0x2f, 0x55, 0xff, 0xff, 0x2f, 0x55, 0xff, 0xff, 0x2f, 0x55, 0xff, 0xff, 0x2f, 0x54,
0xff, 0xff, 0x2f, 0x54, 0xff, 0xff, 0x2f, 0x53, 0xff, 0xff, 0x2f, 0x53, 0xff, 0xff, 0x2f,
0x53, 0xff, 0xff, 0x2f, 0x52, 0xff, 0xff, 0x2f, 0x52, 0xff, 0xff, 0x2f, 0x51, 0xff, 0xff,
0x2f, 0x51, 0xff, 0xff, 0x2f, 0x51, 0xff, 0xff, 0x2f, 0x51, 0xff, 0xff, 0x2f, 0x50, 0xff,
0xff, 0x2f, 0x50, 0xff, 0xff, 0x2f, 0x50, 0xff, 0xff, 0x2f, 0x4f, 0xff, 0xff, 0x2f, 0x4f,
0xff, 0xff, 0x2f, 0x4e, 0xff, 0xff, 0x2f, 0x4e, 0xff, 0xff, 0x2f, 0x4e, 0xff, 0xff, 0x2c,
0x4b, 0xff, 0xff, 0x2d, 0x4b, 0xff, 0xff, 0xb8, 0xc2, 0xff, 0xff, 0xff, 0xff, 0xfe, 0xff,
0xff, 0xff, 0xfe, 0xff, 0xa3, 0xaf, 0xff, 0xff, 0x51, 0x69, 0xff, 0xff, 0x39, 0x53, 0xff,
0xff, 0x2d, 0x48, 0xff, 0xff, 0x20, 0x3d, 0xff, 0xff, 0x26, 0x42, 0xff, 0xff, 0x37, 0x51,
0xff, 0xff, 0xe8, 0xeb, 0xfe, 0xff, 0xff, 0xff, 0xfe, 0xff, 0xff, 0xff, 0xfe, 0xff, 0xef,
0xf1, 0xfe, 0xff, 0x3f, 0x56, 0xff, 0xff, 0x2b, 0x44, 0xff, 0xff, 0x2f, 0x47, 0xff, 0xff,
0x2f, 0x47, 0xff, 0xff, 0x2f, 0x47, 0xff, 0xff, 0x2f, 0x46, 0xff, 0xff, 0x2f, 0x46, 0xff,
0xff, 0x2f, 0x45, 0xff, 0xff, 0x2f, 0x45, 0xff, 0xff, 0x2f, 0x45, 0xff, 0xff, 0x2f, 0x44,
0xff, 0xff, 0x2f, 0x44, 0xff, 0xff, 0x2f, 0x43, 0xff, 0xff, 0x30, 0x43, 0xff, 0xff, 0x30,
0x43, 0xff, 0xff, 0x30, 0x43, 0xff, 0xff, 0x30, 0x42, 0xff, 0xff, 0x30, 0x42, 0xff, 0xff,
0x30, 0x41, 0xff, 0xff, 0x30, 0x41, 0xff, 0xff, 0x30, 0x41, 0xff, 0xff, 0x30, 0x40, 0xff,
0xff, 0x30, 0x40, 0xff, 0xff, 0x30, 0x3f, 0xff, 0xff, 0x30, 0x3f, 0xff, 0xff, 0x30, 0x3f,
0xff, 0xff, 0x28, 0x38, 0xff, 0xff, 0x58, 0x64, 0xff, 0xff, 0xfe, 0xfe, 0xfe, 0xff, 0xff,
0xff, 0xfe, 0xff, 0xff, 0xff, 0xfe, 0xff, 0xdf, 0xe1, 0xfe, 0xff, 0x34, 0x40, 0xff, 0xff,
0x2e, 0x3a, 0xff, 0xff, 0x30, 0x3c, 0xff, 0xff, 0x30, 0x3c, 0xff, 0xff, 0x30, 0x3b, 0xff,
0xff, 0x30, 0x3b, 0xff, 0xff, 0x30, 0x3a, 0xff, 0xff, 0x30, 0x3a, 0xff, 0xff, 0x30, 0x3a,
0xff, 0xff, 0x30, 0x39, 0xff, 0xff, 0x30, 0x39, 0xff, 0xff, 0x30, 0x38, 0xff, 0xff, 0x30,
0x38, 0xff, 0xff, 0x30, 0x38, 0xff, 0xff, 0x30, 0x38, 0xff, 0xff, 0x30, 0x37, 0xff, 0xff,
0x30, 0x37, 0xff, 0xff, 0x30, 0x37, 0xff, 0xff, 0x30, 0x36, 0xff, 0xff, 0x30, 0x36, 0xff,
0xff, 0x30, 0x35, 0xff, 0xff, 0x30, 0x35, 0xff, 0xff, 0x30, 0x35, 0xff, 0xff, 0x30, 0x35,
0xff, 0xff, 0x30, 0x34, 0xff, 0xff, 0x30, 0x34, 0xff, 0xff, 0x30, 0x33, 0xff, 0xff, 0x30,
0x33, 0xff, 0xff, 0x30, 0x33, 0xff, 0xff, 0x30, 0x32, 0xff, 0xff, 0x30, 0x32, 0xff, 0xff,
0x30, 0x31, 0xff, 0xff, 0x30, 0x31, 0xff, 0xff, 0x30, 0x31, 0xfc, 0xa6, 0x30, 0x30, 0xf6,
0x00, 0xff, 0xff, 0xff, 0x00, 0xff, 0xff, 0xff, 0x00, 0xff, 0xff, 0xff, 0x00, 0xff, 0xff,
0xff, 0x00, 0xff, 0xff, 0xff, 0x00, 0xff, 0xff, 0xff, 0x00, 0xff, 0xff, 0xff, 0x00, 0xff,
0xff, 0xff, 0x00, 0xff, 0xff, 0xff, 0x00, 0xff, 0xff, 0xff, 0x00, 0xff, 0xff, 0xff, 0x00,
0xff, 0xff, 0xff, 0x00, 0xff, 0xff, 0xff, 0x00, 0xff, 0xff, 0xff, 0x00, 0xff, 0xff, 0xff,
0x00, 0xff, 0xff, 0xff, 0x00, 0xff, 0xff, 0xff, 0x00, 0x2d, 0x57, 0xfd, 0xe3, 0x2f, 0x56,
0xff, 0xff, 0x2f, 0x55, 0xff, 0xff, 0x2f, 0x55, 0xff, 0xff, 0x2f, 0x55, 0xff, 0xff, 0x2f,
0x55, 0xff, 0xff, 0x2f, 0x54, 0xff, 0xff, 0x2f, 0x54, 0xff, 0xff, 0x2f, 0x54, 0xff, 0xff,
0x2f, 0x53, 0xff, 0xff, 0x2f, 0x53, 0xff, 0xff, 0x2f, 0x52, 0xff, 0xff, 0x2f, 0x52, 0xff,
0xff, 0x2f, 0x51, 0xff, 0xff, 0x2f, 0x51, 0xff, 0xff, 0x2f, 0x51, 0xff, 0xff, 0x2f, 0x51,
0xff, 0xff, 0x2f, 0x50, 0xff, 0xff, 0x2f, 0x50, 0xff, 0xff, 0x2f, 0x50, 0xff, 0xff, 0x2f,
0x4f, 0xff, 0xff, 0x2f, 0x4f, 0xff, 0xff, 0x2f, 0x4e, 0xff, 0xff, 0x2f, 0x4e, 0xff, 0xff,
0x2f, 0x4e, 0xff, 0xff, 0x2f, 0x4e, 0xff, 0xff, 0x2f, 0x4d, 0xff, 0xff, 0x2e, 0x4d, 0xff,
0xff, 0x25, 0x44, 0xff, 0xff, 0xac, 0xb8, 0xff, 0xff, 0xff, 0xff, 0xfe, 0xff, 0xe9, 0xec,
0xfe, 0xff, 0x5c, 0x72, 0xff, 0xff, 0x1a, 0x38, 0xff, 0xff, 0x25, 0x42, 0xff, 0xff, 0x3f,
0x58, 0xff, 0xff, 0x54, 0x6a, 0xff, 0xff, 0x50, 0x66, 0xff, 0xff, 0x37, 0x50, 0xff, 0xff,
0x5c, 0x70, 0xff, 0xff, 0xfc, 0xfc, 0xfe, 0xff, 0xff, 0xff, 0xfe, 0xff, 0xff, 0xff, 0xfe,
0xff, 0xc9, 0xcf, 0xff, 0xff, 0x2a, 0x42, 0xff, 0xff, 0x2e, 0x46, 0xff, 0xff, 0x2f, 0x46,
0xff, 0xff, 0x2f, 0x46, 0xff, 0xff, 0x2f, 0x45, 0xff, 0xff, 0x2f, 0x45, 0xff, 0xff, 0x2f,
0x45, 0xff, 0xff, 0x2f, 0x44, 0xff, 0xff, 0x2f, 0x44, 0xff, 0xff, 0x2f, 0x43, 0xff, 0xff,
0x2f, 0x43, 0xff, 0xff, 0x30, 0x43, 0xff, 0xff, 0x30, 0x43, 0xff, 0xff, 0x30, 0x42, 0xff,
0xff, 0x30, 0x42, 0xff, 0xff, 0x30, 0x42, 0xff, 0xff, 0x30, 0x41, 0xff, 0xff, 0x30, 0x41,
0xff, 0xff, 0x30, 0x40, 0xff, 0xff, 0x30, 0x40, 0xff, 0xff, 0x30, 0x3f, 0xff, 0xff, 0x30,
0x3f, 0xff, 0xff, 0x30, 0x3f, 0xff, 0xff, 0x30, 0x3f, 0xff, 0xff, 0x30, 0x3e, 0xff, 0xff,
0x30, 0x3e, 0xff, 0xff, 0x24, 0x33, 0xff, 0xff, 0x7b, 0x84, 0xff, 0xff, 0xff, 0xff, 0xfe,
0xff, 0xfe, 0xfe, 0xfe, 0xff, 0xff, 0xff, 0xfe, 0xff, 0xc8, 0xca, 0xff, 0xff, 0x29, 0x35,
0xff, 0xff, 0x30, 0x3b, 0xff, 0xff, 0x30, 0x3b, 0xff, 0xff, 0x30, 0x3b, 0xff, 0xff, 0x30,
0x3a, 0xff, 0xff, 0x30, 0x3a, 0xff, 0xff, 0x30, 0x39, 0xff, 0xff, 0x30, 0x39, 0xff, 0xff,
0x30, 0x38, 0xff, 0xff, 0x30, 0x38, 0xff, 0xff, 0x30, 0x38, 0xff, 0xff, 0x30, 0x38, 0xff,
0xff, 0x30, 0x38, 0xff, 0xff, 0x30, 0x37, 0xff, 0xff, 0x30, 0x37, 0xff, 0xff, 0x30, 0x36,
0xff, 0xff, 0x30, 0x36, 0xff, 0xff, 0x30, 0x35, 0xff, 0xff, 0x30, 0x35, 0xff, 0xff, 0x30,
0x35, 0xff, 0xff, 0x30, 0x35, 0xff, 0xff, 0x30, 0x34, 0xff, 0xff, 0x30, 0x34, 0xff, 0xff,
0x30, 0x34, 0xff, 0xff, 0x30, 0x33, 0xff, 0xff, 0x30, 0x33, 0xff, 0xff, 0x30, 0x32, 0xff,
0xff, 0x30, 0x32, 0xff, 0xff, 0x30, 0x31, 0xff, 0xff, 0x30, 0x31, 0xff, 0xff, 0x30, 0x31,
0xff, 0xff, 0x31, 0x31, 0xff, 0xff, 0x31, 0x31, 0xff, 0xff, 0x30, 0x30, 0xfe, 0xc4, 0x2e,
0x2d, 0xf9, 0x07, 0xff, 0xff, 0xff, 0x00, 0xff, 0xff, 0xff, 0x00, 0xff, 0xff, 0xff, 0x00,
0xff, 0xff, 0xff, 0x00, 0xff, 0xff, 0xff, 0x00, 0xff, 0xff, 0xff, 0x00, 0xff, 0xff, 0xff,
0x00, 0xff, 0xff, 0xff, 0x00, 0xff, 0xff, 0xff, 0x00, 0xff, 0xff, 0xff, 0x00, 0xff, 0xff,
0xff, 0x00, 0xff, 0xff, 0xff, 0x00, 0xff, 0xff, 0xff, 0x00, 0xff, 0xff, 0xff, 0x00, 0xff,
0xff, 0xff, 0x00, 0xff, 0xff, 0xff, 0x00, 0xff, 0xff, 0xff, 0x00, 0x2e, 0x55, 0xfe, 0xf9,
0x2f, 0x55, 0xff, 0xff, 0x2f, 0x55, 0xff, 0xff, 0x2f, 0x54, 0xff, 0xff, 0x2f, 0x54, 0xff,
0xff, 0x2f, 0x54, 0xff, 0xff, 0x2f, 0x53, 0xff, 0xff, 0x2f, 0x53, 0xff, 0xff, 0x2f, 0x52,
0xff, 0xff, 0x2f, 0x52, 0xff, 0xff, 0x2f, 0x52, 0xff, 0xff, 0x2f, 0x51, 0xff, 0xff, 0x2f,
0x51, 0xff, 0xff, 0x2f, 0x51, 0xff, 0xff, 0x2f, 0x51, 0xff, 0xff, 0x2f, 0x50, 0xff, 0xff,
0x2f, 0x50, 0xff, 0xff, 0x2f, 0x4f, 0xff, 0xff, 0x2f, 0x4f, 0xff, 0xff, 0x2f, 0x4e, 0xff,
0xff, 0x2f, 0x4e, 0xff, 0xff, 0x2f, 0x4e, 0xff, 0xff, 0x2f, 0x4e, 0xff, 0xff, 0x2f, 0x4d,
0xff, 0xff, 0x2f, 0x4d, 0xff, 0xff, 0x2f, 0x4d, 0xff, 0xff, 0x2f, 0x4c, 0xff, 0xff, 0x25,
0x44, 0xff, 0xff, 0x6a, 0x7e, 0xff, 0xff, 0xff, 0xff, 0xfe, 0xff, 0xf1, 0xf3, 0xfe, 0xff,
0x50, 0x67, 0xff, 0xff, 0x17, 0x35, 0xff, 0xff, 0x66, 0x79, 0xff, 0xff, 0xd0, 0xd7, 0xfe,
0xff, 0xf2, 0xf3, 0xfe, 0xff, 0xfd, 0xfd, 0xfe, 0xff, 0xfa, 0xfa, 0xfe, 0xff, 0xed, 0xef,
0xfe, 0xff, 0xed, 0xef, 0xfe, 0xff, 0xff, 0xff, 0xfe, 0xff, 0xfe, 0xfe, 0xfe, 0xff, 0xff,
0xff, 0xfe, 0xff, 0x94, 0xa0, 0xff, 0xff, 0x22, 0x3b, 0xff, 0xff, 0x2f, 0x46, 0xff, 0xff,
0x2f, 0x45, 0xff, 0xff, 0x2f, 0x45, 0xff, 0xff, 0x2f, 0x44, 0xff, 0xff, 0x2f, 0x44, 0xff,
0xff, 0x2f, 0x43, 0xff, 0xff, 0x2f, 0x43, 0xff, 0xff, 0x30, 0x43, 0xff, 0xff, 0x30, 0x43,
0xff, 0xff, 0x30, 0x42, 0xff, 0xff, 0x30, 0x42, 0xff, 0xff, 0x30, 0x42, 0xff, 0xff, 0x30,
0x41, 0xff, 0xff, 0x30, 0x41, 0xff, 0xff, 0x30, 0x40, 0xff, 0xff, 0x30, 0x40, 0xff, 0xff,
0x30, 0x40, 0xff, 0xff, 0x30, 0x3f, 0xff, 0xff, 0x30, 0x3f, 0xff, 0xff, 0x30, 0x3f, 0xff,
0xff, 0x30, 0x3f, 0xff, 0xff, 0x30, 0x3e, 0xff, 0xff, 0x30, 0x3e, 0xff, 0xff, 0x30, 0x3d,
0xff, 0xff, 0x30, 0x3d, 0xff, 0xff, 0x25, 0x32, 0xff, 0xff, 0xb1, 0xb6, 0xff, 0xff, 0xff,
0xff, 0xfe, 0xff, 0xfe, 0xfe, 0xfe, 0xff, 0xff, 0xff, 0xfe, 0xff, 0x96, 0x9c, 0xff, 0xff,
0x23, 0x2f, 0xff, 0xff, 0x30, 0x3a, 0xff, 0xff, 0x30, 0x3a, 0xff, 0xff, 0x30, 0x39, 0xff,
0xff, 0x30, 0x39, 0xff, 0xff, 0x30, 0x39, 0xff, 0xff, 0x30, 0x38, 0xff, 0xff, 0x30, 0x38,
0xff, 0xff, 0x30, 0x38, 0xff, 0xff, 0x30, 0x38, 0xff, 0xff, 0x30, 0x37, 0xff, 0xff, 0x30,
0x37, 0xff, 0xff, 0x30, 0x36, 0xff, 0xff, 0x30, 0x36, 0xff, 0xff, 0x30, 0x35, 0xff, 0xff,
0x30, 0x35, 0xff, 0xff, 0x30, 0x35, 0xff, 0xff, 0x30, 0x35, 0xff, 0xff, 0x30, 0x35, 0xff,
0xff, 0x30, 0x34, 0xff, 0xff, 0x30, 0x34, 0xff, 0xff, 0x30, 0x33, 0xff, 0xff, 0x30, 0x33,
0xff, 0xff, 0x30, 0x32, 0xff, 0xff, 0x30, 0x32, 0xff, 0xff, 0x30, 0x32, 0xff, 0xff, 0x30,
0x31, 0xff, 0xff, 0x30, 0x31, 0xff, 0xff, 0x31, 0x31, 0xff, 0xff, 0x31, 0x31, 0xff, 0xff,
0x31, 0x30, 0xff, 0xff, 0x31, 0x30, 0xff, 0xff, 0x32, 0x30, 0xff, 0xff, 0x30, 0x2d, 0xfc,
0xe7, 0x1e, 0x1b, 0xdc, 0x24, 0xff, 0xff, 0xff, 0x00, 0xff, 0xff, 0xff, 0x00, 0xff, 0xff,
0xff, 0x00, 0xff, 0xff, 0xff, 0x00, 0xff, 0xff, 0xff, 0x00, 0xff, 0xff, 0xff, 0x00, 0xff,
0xff, 0xff, 0x00, 0xff, 0xff, 0xff, 0x00, 0xff, 0xff, 0xff, 0x00, 0xff, 0xff, 0xff, 0x00,
0xff, 0xff, 0xff, 0x00, 0xff, 0xff, 0xff, 0x00, 0xff, 0xff, 0xff, 0x00, 0xff, 0xff, 0xff,
0x00, 0xff, 0xff, 0xff, 0x00, 0xff, 0xff, 0xff, 0x00, 0xff, 0xff, 0xff, 0x00, 0x30, 0x55,
0xff, 0xff, 0x2f, 0x54, 0xff, 0xff, 0x2f, 0x54, 0xff, 0xff, 0x2f, 0x53, 0xff, 0xff, 0x2f,
0x53, 0xff, 0xff, 0x2f, 0x53, 0xff, 0xff, 0x2f, 0x52, 0xff, 0xff, 0x2f, 0x52, 0xff, 0xff,
0x2f, 0x51, 0xff, 0xff, 0x2f, 0x51, 0xff, 0xff, 0x2f, 0x51, 0xff, 0xff, 0x2f, 0x51, 0xff,
0xff, 0x2f, 0x50, 0xff, 0xff, 0x2f, 0x50, 0xff, 0xff, 0x2f, 0x4f, 0xff, 0xff, 0x2f, 0x4f,
0xff, 0xff, 0x2f, 0x4f, 0xff, 0xff, 0x2f, 0x4e, 0xff, 0xff, 0x2f, 0x4e, 0xff, 0xff, 0x2f,
0x4e, 0xff, 0xff, 0x2f, 0x4e, 0xff, 0xff, 0x2f, 0x4d, 0xff, 0xff, 0x2f, 0x4d, 0xff, 0xff,
0x2f, 0x4c, 0xff, 0xff, 0x2f, 0x4c, 0xff, 0xff, 0x2f, 0x4c, 0xff, 0xff, 0x2e, 0x4a, 0xff,
0xff, 0x2c, 0x48, 0xff, 0xff, 0xd5, 0xda, 0xfe, 0xff, 0xff, 0xff, 0xfe, 0xff, 0x75, 0x87,
0xff, 0xff, 0x17, 0x35, 0xff, 0xff, 0x79, 0x8a, 0xff, 0xff, 0xfc, 0xfc, 0xfe, 0xff, 0xff,
0xff, 0xfe, 0xff, 0xff, 0xff, 0xfe, 0xff, 0xff, 0xff, 0xfe, 0xff, 0xff, 0xff, 0xfe, 0xff,
0xff, 0xff, 0xfe, 0xff, 0xff, 0xff, 0xfe, 0xff, 0xfe, 0xfe, 0xfe, 0xff, 0xff, 0xff, 0xfe,
0xff, 0xff, 0xff, 0xfe, 0xff, 0x64, 0x75, 0xff, 0xff, 0x25, 0x3c, 0xff, 0xff, 0x2f, 0x45,
0xff, 0xff, 0x2f, 0x44, 0xff, 0xff, 0x2f, 0x44, 0xff, 0xff, 0x2f, 0x43, 0xff, 0xff, 0x30,
0x43, 0xff, 0xff, 0x30, 0x43, 0xff, 0xff, 0x30, 0x43, 0xff, 0xff, 0x30, 0x42, 0xff, 0xff,
0x30, 0x42, 0xff, 0xff, 0x30, 0x41, 0xff, 0xff, 0x30, 0x41, 0xff, 0xff, 0x30, 0x41, 0xff,
0xff, 0x30, 0x40, 0xff, 0xff, 0x30, 0x40, 0xff, 0xff, 0x30, 0x3f, 0xff, 0xff, 0x30, 0x3f,
0xff, 0xff, 0x30, 0x3f, 0xff, 0xff, 0x30, 0x3f, 0xff, 0xff, 0x30, 0x3e, 0xff, 0xff, 0x30,
0x3e, 0xff, 0xff, 0x30, 0x3e, 0xff, 0xff, 0x30, 0x3d, 0xff, 0xff, 0x30, 0x3d, 0xff, 0xff,
0x30, 0x3c, 0xff, 0xff, 0x2e, 0x3a, 0xff, 0xff, 0x36, 0x41, 0xff, 0xff, 0xe2, 0xe3, 0xfe,
0xff, 0xff, 0xff, 0xfe, 0xff, 0xff, 0xff, 0xfe, 0xff, 0xfe, 0xfe, 0xfe, 0xff, 0x61, 0x68,
0xff, 0xff, 0x27, 0x31, 0xff, 0xff, 0x30, 0x39, 0xff, 0xff, 0x30, 0x39, 0xff, 0xff, 0x30,
0x38, 0xff, 0xff, 0x30, 0x38, 0xff, 0xff, 0x30, 0x38, 0xff, 0xff, 0x30, 0x38, 0xff, 0xff,
0x30, 0x37, 0xff, 0xff, 0x30, 0x37, 0xff, 0xff, 0x30, 0x37, 0xff, 0xff, 0x30, 0x36, 0xff,
0xff, 0x30, 0x36, 0xff, 0xff, 0x30, 0x35, 0xff, 0xff, 0x30, 0x35, 0xff, 0xff, 0x30, 0x35,
0xff, 0xff, 0x30, 0x35, 0xff, 0xff, 0x30, 0x34, 0xff, 0xff, 0x30, 0x34, 0xff, 0xff, 0x30,
0x33, 0xff, 0xff, 0x30, 0x33, 0xff, 0xff, 0x30, 0x33, 0xff, 0xff, 0x30, 0x32, 0xff, 0xff,
0x30, 0x32, 0xff, 0xff, 0x30, 0x31, 0xff, 0xff, 0x30, 0x31, 0xff, 0xff, 0x30, 0x31, 0xff,
0xff, 0x31, 0x31, 0xff, 0xff, 0x31, 0x30, 0xff, 0xff, 0x31, 0x30, 0xff, 0xff, 0x31, 0x30,
0xff, 0xff, 0x31, 0x2f, 0xff, 0xff, 0x31, 0x2f, 0xff, 0xff, 0x31, 0x2e, 0xff, 0xff, 0x31,
0x2e, 0xff, 0xfc, 0x2d, 0x29, 0xf7, 0x47, 0xff, 0xff, 0xff, 0x00, 0xff, 0xff, 0xff, 0x00,
0xff, 0xff, 0xff, 0x00, 0xff, 0xff, 0xff, 0x00, 0xff, 0xff, 0xff, 0x00, 0xff, 0xff, 0xff,
0x00, 0xff, 0xff, 0xff, 0x00, 0xff, 0xff, 0xff, 0x00, 0xff, 0xff, 0xff, 0x00, 0xff, 0xff,
0xff, 0x00, 0xff, 0xff, 0xff, 0x00, 0xff, 0xff, 0xff, 0x00, 0xff, 0xff, 0xff, 0x00, 0xff,
0xff, 0xff, 0x00, 0xff, 0xff, 0xff, 0x00, 0xff, 0xff, 0xff, 0x00, 0xff, 0xff, 0xff, 0x00,
0x2f, 0x54, 0xff, 0xff, 0x2f, 0x53, 0xff, 0xff, 0x2f, 0x53, 0xff, 0xff, 0x2f, 0x52, 0xff,
0xff, 0x2f, 0x52, 0xff, 0xff, 0x2f, 0x51, 0xff, 0xff, 0x2f, 0x51, 0xff, 0xff, 0x2f, 0x51,
0xff, 0xff, 0x2f, 0x51, 0xff, 0xff, 0x2f, 0x50, 0xff, 0xff, 0x2f, 0x50, 0xff, 0xff, 0x2f,
0x50, 0xff, 0xff, 0x2f, 0x4f, 0xff, 0xff, 0x2f, 0x4f, 0xff, 0xff, 0x2f, 0x4e, 0xff, 0xff,
0x2f, 0x4e, 0xff, 0xff, 0x2f, 0x4e, 0xff, 0xff, 0x2f, 0x4e, 0xff, 0xff, 0x2f, 0x4d, 0xff,
0xff, 0x2f, 0x4d, 0xff, 0xff, 0x2f, 0x4c, 0xff, 0xff, 0x2f, 0x4c, 0xff, 0xff, 0x2f, 0x4c,
0xff, 0xff, 0x2f, 0x4b, 0xff, 0xff, 0x2f, 0x4b, 0xff, 0xff, 0x2f, 0x4a, 0xff, 0xff, 0x28,
0x44, 0xff, 0xff, 0x54, 0x6a, 0xff, 0xff, 0xfd, 0xfd, 0xfe, 0xff, 0xdb, 0xe0, 0xfe, 0xff,
0x2a, 0x44, 0xff, 0xff, 0x3f, 0x57, 0xff, 0xff, 0xf2, 0xf3, 0xfe, 0xff, 0xff, 0xff, 0xfe,
0xff, 0xfe, 0xfe, 0xfe, 0xff, 0xff, 0xff, 0xfe, 0xff, 0xff, 0xff, 0xfe, 0xff, 0xff, 0xff,
0xfe, 0xff, 0xff, 0xff, 0xfe, 0xff, 0xfe, 0xfe, 0xfe, 0xff, 0xfe, 0xfe, 0xfe, 0xff, 0xff,
0xff, 0xfe, 0xff, 0xfa, 0xfb, 0xfe, 0xff, 0x4d, 0x60, 0xff, 0xff, 0x29, 0x3e, 0xff, 0xff,
0x2f, 0x43, 0xff, 0xff, 0x2f, 0x43, 0xff, 0xff, 0x30, 0x43, 0xff, 0xff, 0x30, 0x43, 0xff,
0xff, 0x30, 0x42, 0xff, 0xff, 0x30, 0x42, 0xff, 0xff, 0x30, 0x42, 0xff, 0xff, 0x30, 0x41,
0xff, 0xff, 0x30, 0x41, 0xff, 0xff, 0x30, 0x40, 0xff, 0xff, 0x30, 0x40, 0xff, 0xff, 0x30,
0x3f, 0xff, 0xff, 0x30, 0x3f, 0xff, 0xff, 0x30, 0x3f, 0xff, 0xff, 0x30, 0x3f, 0xff, 0xff,
0x30, 0x3e, 0xff, 0xff, 0x30, 0x3e, 0xff, 0xff, 0x30, 0x3e, 0xff, 0xff, 0x30, 0x3d, 0xff,
0xff, 0x30, 0x3d, 0xff, 0xff, 0x30, 0x3c, 0xff, 0xff, 0x30, 0x3c, 0xff, 0xff, 0x30, 0x3c,
0xff, 0xff, 0x30, 0x3c, 0xff, 0xff, 0x2a, 0x36, 0xff, 0xff, 0x4c, 0x56, 0xff, 0xff, 0xf9,
0xfa, 0xfe, 0xff, 0xff, 0xff, 0xfe, 0xff, 0xff, 0xff, 0xfe, 0xff, 0xed, 0xed, 0xfe, 0xff,
0x3d, 0x45, 0xff, 0xff, 0x2c, 0x35, 0xff, 0xff, 0x30, 0x38, 0xff, 0xff, 0x30, 0x38, 0xff,
0xff, 0x30, 0x38, 0xff, 0xff, 0x30, 0x37, 0xff, 0xff, 0x30, 0x37, 0xff, 0xff, 0x30, 0x37,
0xff, 0xff, 0x30, 0x36, 0xff, 0xff, 0x30, 0x36, 0xff, 0xff, 0x30, 0x35, 0xff, 0xff, 0x30,
0x35, 0xff, 0xff, 0x30, 0x35, 0xff, 0xff, 0x30, 0x35, 0xff, 0xff, 0x30, 0x34, 0xff, 0xff,
0x30, 0x34, 0xff, 0xff, 0x30, 0x34, 0xff, 0xff, 0x30, 0x33, 0xff, 0xff, 0x30, 0x33, 0xff,
0xff, 0x30, 0x32, 0xff, 0xff, 0x30, 0x32, 0xff, 0xff, 0x30, 0x31, 0xff, 0xff, 0x30, 0x31,
0xff, 0xff, 0x30, 0x31, 0xff, 0xff, 0x31, 0x31, 0xff, 0xff, 0x31, 0x30, 0xff, 0xff, 0x31,
0x30, 0xff, 0xff, 0x31, 0x30, 0xff, 0xff, 0x31, 0x2f, 0xff, 0xff, 0x31, 0x2f, 0xff, 0xff,
0x31, 0x2e, 0xff, 0xff, 0x31, 0x2e, 0xff, 0xff, 0x31, 0x2e, 0xff, 0xff, 0x31, 0x2d, 0xff,
0xff, 0x31, 0x2d, 0xff, 0xff, 0x2a, 0x27, 0xf3, 0x64, 0xff, 0xff, 0xff, 0x00, 0xff, 0xff,
0xff, 0x00, 0xff, 0xff, 0xff, 0x00, 0xff, 0xff, 0xff, 0x00, 0xff, 0xff, 0xff, 0x00, 0xff,
0xff, 0xff, 0x00, 0xff, 0xff, 0xff, 0x00, 0xff, 0xff, 0xff, 0x00, 0xff, 0xff, 0xff, 0x00,
0xff, 0xff, 0xff, 0x00, 0xff, 0xff, 0xff, 0x00, 0xff, 0xff, 0xff, 0x00, 0xff, 0xff, 0xff,
0x00, 0xff, 0xff, 0xff, 0x00, 0xff, 0xff, 0xff, 0x00, 0xff, 0xff, 0xff, 0x00, 0xff, 0xff,
0xff, 0x00, 0x2f, 0x52, 0xff, 0xff, 0x2f, 0x52, 0xff, 0xff, 0x2f, 0x51, 0xff, 0xff, 0x2f,
0x51, 0xff, 0xff, 0x2f, 0x51, 0xff, 0xff, 0x2f, 0x51, 0xff, 0xff, 0x2f, 0x51, 0xff, 0xff,
0x2f, 0x50, 0xff, 0xff, 0x2f, 0x50, 0xff, 0xff, 0x2f, 0x4f, 0xff, 0xff, 0x2f, 0x4f, 0xff,
0xff, 0x2f, 0x4e, 0xff, 0xff, 0x2f, 0x4e, 0xff, 0xff, 0x2f, 0x4e, 0xff, 0xff, 0x2f, 0x4e,
0xff, 0xff, 0x2f, 0x4d, 0xff, 0xff, 0x2f, 0x4d, 0xff, 0xff, 0x2f, 0x4d, 0xff, 0xff, 0x2f,
0x4c, 0xff, 0xff, 0x2f, 0x4c, 0xff, 0xff, 0x2f, 0x4b, 0xff, 0xff, 0x2f, 0x4b, 0xff, 0xff,
0x2f, 0x4a, 0xff, 0xff, 0x2f, 0x4a, 0xff, 0xff, 0x2f, 0x4a, 0xff, 0xff, 0x2f, 0x4a, 0xff,
0xff, 0x23, 0x3e, 0xff, 0xff, 0x96, 0xa4, 0xff, 0xff, 0xff, 0xff, 0xfe, 0xff, 0x86, 0x95,
0xff, 0xff, 0x16, 0x32, 0xff, 0xff, 0x9b, 0xa7, 0xff, 0xff, 0xff, 0xff, 0xfe, 0xff, 0xfe,
0xfe, 0xfe, 0xff, 0xfe, 0xfe, 0xfe, 0xff, 0xff, 0xff, 0xfe, 0xff, 0xdd, 0xe1, 0xfe, 0xff,
0xa3, 0xad, 0xff, 0xff, 0xbd, 0xc4, 0xff, 0xff, 0xff, 0xff, 0xfe, 0xff, 0xfe, 0xfe, 0xfe,
0xff, 0xff, 0xff, 0xfe, 0xff, 0xe6, 0xe9, 0xfe, 0xff, 0x38, 0x4b, 0xff, 0xff, 0x2d, 0x40,
0xff, 0xff, 0x30, 0x43, 0xff, 0xff, 0x30, 0x42, 0xff, 0xff, 0x30, 0x42, 0xff, 0xff, 0x30,
0x42, 0xff, 0xff, 0x30, 0x41, 0xff, 0xff, 0x30, 0x41, 0xff, 0xff, 0x30, 0x40, 0xff, 0xff,
0x30, 0x40, 0xff, 0xff, 0x30, 0x40, 0xff, 0xff, 0x30, 0x3f, 0xff, 0xff, 0x30, 0x3f, 0xff,
0xff, 0x30, 0x3f, 0xff, 0xff, 0x30, 0x3f, 0xff, 0xff, 0x30, 0x3e, 0xff, 0xff, 0x30, 0x3e,
0xff, 0xff, 0x30, 0x3d, 0xff, 0xff, 0x30, 0x3d, 0xff, 0xff, 0x30, 0x3c, 0xff, 0xff, 0x30,
0x3c, 0xff, 0xff, 0x30, 0x3c, 0xff, 0xff, 0x30, 0x3c, 0xff, 0xff, 0x30, 0x3b, 0xff, 0xff,
0x30, 0x3b, 0xff, 0xff, 0x30, 0x3b, 0xff, 0xff, 0x26, 0x31, 0xff, 0xff, 0x65, 0x6d, 0xff,
0xff, 0xff, 0xff, 0xfe, 0xff, 0xff, 0xff, 0xfe, 0xff, 0xff, 0xff, 0xfe, 0xff, 0xd9, 0xda,
0xfe, 0xff, 0x30, 0x38, 0xff, 0xff, 0x2e, 0x36, 0xff, 0xff, 0x30, 0x38, 0xff, 0xff, 0x30,
0x37, 0xff, 0xff, 0x30, 0x37, 0xff, 0xff, 0x30, 0x36, 0xff, 0xff, 0x30, 0x36, 0xff, 0xff,
0x30, 0x35, 0xff, 0xff, 0x30, 0x35, 0xff, 0xff, 0x30, 0x35, 0xff, 0xff, 0x30, 0x35, 0xff,
0xff, 0x30, 0x34, 0xff, 0xff, 0x30, 0x34, 0xff, 0xff, 0x30, 0x34, 0xff, 0xff, 0x30, 0x33,
0xff, 0xff, 0x30, 0x33, 0xff, 0xff, 0x30, 0x32, 0xff, 0xff, 0x30, 0x32, 0xff, 0xff, 0x30,
0x32, 0xff, 0xff, 0x30, 0x31, 0xff, 0xff, 0x30, 0x31, 0xff, 0xff, 0x31, 0x31, 0xff, 0xff,
0x31, 0x31, 0xff, 0xff, 0x31, 0x30, 0xff, 0xff, 0x31, 0x30, 0xff, 0xff, 0x31, 0x2f, 0xff,
0xff, 0x31, 0x2f, 0xff, 0xff, 0x31, 0x2f, 0xff, 0xff, 0x31, 0x2e, 0xff, 0xff, 0x31, 0x2e,
0xff, 0xff, 0x31, 0x2d, 0xff, 0xff, 0x31, 0x2d, 0xff, 0xff, 0x31, 0x2d, 0xff, 0xff, 0x31,
0x2d, 0xff, 0xff, 0x31, 0x2c, 0xff, 0xff, 0x31, 0x2c, 0xff, 0x73, 0xff, 0xff, 0xff, 0x00,
0xff, 0xff, 0xff, 0x00, 0xff, 0xff, 0xff, 0x00, 0xff, 0xff, 0xff, 0x00, 0xff, 0xff, 0xff,
0x00, 0xff, 0xff, 0xff, 0x00, 0xff, 0xff, 0xff, 0x00, 0xff, 0xff, 0xff, 0x00, 0xff, 0xff,
0xff, 0x00, 0xff, 0xff, 0xff, 0x00, 0xff, 0xff, 0xff, 0x00, 0xff, 0xff, 0xff, 0x00, 0xff,
0xff, 0xff, 0x00, 0xff, 0xff, 0xff, 0x00, 0xff, 0xff, 0xff, 0x00, 0xff, 0xff, 0xff, 0x00,
0xff, 0xff, 0xff, 0x00, 0x2f, 0x51, 0xff, 0xff, 0x2f, 0x51, 0xff, 0xff, 0x2f, 0x51, 0xff,
0xff, 0x2f, 0x51, 0xff, 0xff, 0x2f, 0x50, 0xff, 0xff, 0x2f, 0x50, 0xff, 0xff, 0x2f, 0x4f,
0xff, 0xff, 0x2f, 0x4f, 0xff, 0xff, 0x2f, 0x4e, 0xff, 0xff, 0x2f, 0x4e, 0xff, 0xff, 0x2f,
0x4e, 0xff, 0xff, 0x2f, 0x4e, 0xff, 0xff, 0x2f, 0x4e, 0xff, 0xff, 0x2f, 0x4d, 0xff, 0xff,
0x2f, 0x4d, 0xff, 0xff, 0x2f, 0x4c, 0xff, 0xff, 0x2f, 0x4c, 0xff, 0xff, 0x2f, 0x4b, 0xff,
0xff, 0x2f, 0x4b, 0xff, 0xff, 0x2f, 0x4b, 0xff, 0xff, 0x2f, 0x4a, 0xff, 0xff, 0x2f, 0x4a,
0xff, 0xff, 0x2f, 0x4a, 0xff, 0xff, 0x2f, 0x4a, 0xff, 0xff, 0x2f, 0x49, 0xff, 0xff, 0x2e,
0x48, 0xff, 0xff, 0x27, 0x42, 0xff, 0xff, 0xc8, 0xce, 0xfe, 0xff, 0xff, 0xff, 0xfe, 0xff,
0x5c, 0x6f, 0xff, 0xff, 0x22, 0x3c, 0xff, 0xff, 0xd1, 0xd6, 0xfe, 0xff, 0xff, 0xff, 0xfe,
0xff, 0xfe, 0xfe, 0xfe, 0xff, 0xfe, 0xfe, 0xfe, 0xff, 0x7e, 0x8b, 0xff, 0xff, 0x2c, 0x42,
0xff, 0xff, 0x18, 0x30, 0xff, 0xff, 0xa9, 0xb2, 0xff, 0xff, 0xff, 0xff, 0xfe, 0xff, 0xfe,
0xfe, 0xfe, 0xff, 0xff, 0xff, 0xfe, 0xff, 0xb9, 0xbf, 0xff, 0xff, 0x27, 0x3a, 0xff, 0xff,
0x30, 0x42, 0xff, 0xff, 0x30, 0x42, 0xff, 0xff, 0x30, 0x41, 0xff, 0xff, 0x30, 0x41, 0xff,
0xff, 0x30, 0x41, 0xff, 0xff, 0x30, 0x40, 0xff, 0xff, 0x30, 0x40, 0xff, 0xff, 0x30, 0x3f,
0xff, 0xff, 0x30, 0x3f, 0xff, 0xff, 0x30, 0x3f, 0xff, 0xff, 0x30, 0x3f, 0xff, 0xff, 0x30,
0x3e, 0xff, 0xff, 0x30, 0x3e, 0xff, 0xff, 0x30, 0x3d, 0xff, 0xff, 0x30, 0x3d, 0xff, 0xff,
0x30, 0x3d, 0xff, 0xff, 0x30, 0x3c, 0xff, 0xff, 0x30, 0x3c, 0xff, 0xff, 0x30, 0x3c, 0xff,
0xff, 0x30, 0x3c, 0xff, 0xff, 0x30, 0x3b, 0xff, 0xff, 0x30, 0x3b, 0xff, 0xff, 0x30, 0x3a,
0xff, 0xff, 0x30, 0x3a, 0xff, 0xff, 0x30, 0x3a, 0xff, 0xff, 0x23, 0x2d, 0xff, 0xff, 0x9b,
0x9f, 0xff, 0xff, 0xff, 0xff, 0xfe, 0xff, 0xfe, 0xfe, 0xfe, 0xff, 0xff, 0xff, 0xfe, 0xff,
0xbb, 0xbd, 0xff, 0xff, 0x27, 0x2e, 0xff, 0xff, 0x30, 0x37, 0xff, 0xff, 0x30, 0x36, 0xff,
0xff, 0x30, 0x36, 0xff, 0xff, 0x30, 0x36, 0xff, 0xff, 0x30, 0x35, 0xff, 0xff, 0x30, 0x35,
0xff, 0xff, 0x30, 0x35, 0xff, 0xff, 0x30, 0x35, 0xff, 0xff, 0x30, 0x34, 0xff, 0xff, 0x30,
0x34, 0xff, 0xff, 0x30, 0x33, 0xff, 0xff, 0x30, 0x33, 0xff, 0xff, 0x30, 0x33, 0xff, 0xff,
0x30, 0x32, 0xff, 0xff, 0x30, 0x32, 0xff, 0xff, 0x30, 0x31, 0xff, 0xff, 0x30, 0x31, 0xff,
0xff, 0x30, 0x31, 0xff, 0xff, 0x31, 0x31, 0xff, 0xff, 0x31, 0x30, 0xff, 0xff, 0x31, 0x30,
0xff, 0xff, 0x31, 0x2f, 0xff, 0xff, 0x31, 0x2f, 0xff, 0xff, 0x31, 0x2f, 0xff, 0xff, 0x31,
0x2e, 0xff, 0xff, 0x31, 0x2e, 0xff, 0xff, 0x31, 0x2d, 0xff, 0xff, 0x31, 0x2d, 0xff, 0xff,
0x31, 0x2d, 0xff, 0xff, 0x31, 0x2d, 0xff, 0xff, 0x31, 0x2c, 0xff, 0xff, 0x31, 0x2c, 0xff,
0xff, 0x31, 0x2c, 0xff, 0xff, 0x31, 0x2c, 0xff, 0xff, 0x2a, 0x24, 0xf6, 0x7f, 0xff, 0xff,
0xff, 0x00, 0xff, 0xff, 0xff, 0x00, 0xff, 0xff, 0xff, 0x00, 0xff, 0xff, 0xff, 0x00, 0xff,
0xff, 0xff, 0x00, 0xff, 0xff, 0xff, 0x00, 0xff, 0xff, 0xff, 0x00, 0xff, 0xff, 0xff, 0x00,
0xff, 0xff, 0xff, 0x00, 0xff, 0xff, 0xff, 0x00, 0xff, 0xff, 0xff, 0x00, 0xff, 0xff, 0xff,
0x00, 0xff, 0xff, 0xff, 0x00, 0xff, 0xff, 0xff, 0x00, 0xff, 0xff, 0xff, 0x00, 0xff, 0xff,
0xff, 0x00, 0xff, 0xff, 0xff, 0x00, 0x2f, 0x51, 0xff, 0xff, 0x2f, 0x50, 0xff, 0xff, 0x2f,
0x50, 0xff, 0xff, 0x2f, 0x50, 0xff, 0xff, 0x2f, 0x4f, 0xff, 0xff, 0x2f, 0x4f, 0xff, 0xff,
0x2f, 0x4e, 0xff, 0xff, 0x2f, 0x4e, 0xff, 0xff, 0x2f, 0x4e, 0xff, 0xff, 0x2f, 0x4e, 0xff,
0xff, 0x2f, 0x4d, 0xff, 0xff, 0x2f, 0x4d, 0xff, 0xff, 0x2f, 0x4c, 0xff, 0xff, 0x2f, 0x4c,
0xff, 0xff, 0x2f, 0x4c, 0xff, 0xff, 0x2f, 0x4b, 0xff, 0xff, 0x2f, 0x4b, 0xff, 0xff, 0x2f,
0x4a, 0xff, 0xff, 0x2f, 0x4a, 0xff, 0xff, 0x2f, 0x4a, 0xff, 0xff, 0x2f, 0x4a, 0xff, 0xff,
0x2f, 0x49, 0xff, 0xff, 0x2f, 0x49, 0xff, 0xff, 0x2f, 0x49, 0xff, 0xff, 0x2f, 0x48, 0xff,
0xff, 0x2c, 0x45, 0xff, 0xff, 0x32, 0x4a, 0xff, 0xff, 0xe5, 0xe8, 0xfe, 0xff, 0xff, 0xff,
0xfe, 0xff, 0x4f, 0x63, 0xff, 0xff, 0x2b, 0x42, 0xff, 0xff, 0xda, 0xde, 0xfe, 0xff, 0xff,
0xff, 0xfe, 0xff, 0xff, 0xff, 0xfe, 0xff, 0xf7, 0xf7, 0xfe, 0xff, 0x3e, 0x51, 0xff, 0xff,
0x24, 0x3a, 0xff, 0xff, 0x2e, 0x42, 0xff, 0xff, 0xd5, 0xd8, 0xfe, 0xff, 0xff, 0xff, 0xfe,
0xff, 0xfe, 0xfe, 0xfe, 0xff, 0xff, 0xff, 0xfe, 0xff, 0x81, 0x8b, 0xff, 0xff, 0x24, 0x37,
0xff, 0xff, 0x30, 0x41, 0xff, 0xff, 0x30, 0x41, 0xff, 0xff, 0x30, 0x40, 0xff, 0xff, 0x30,
0x40, 0xff, 0xff, 0x30, 0x3f, 0xff, 0xff, 0x30, 0x3f, 0xff, 0xff, 0x30, 0x3f, 0xff, 0xff,
0x30, 0x3f, 0xff, 0xff, 0x30, 0x3e, 0xff, 0xff, 0x30, 0x3e, 0xff, 0xff, 0x30, 0x3e, 0xff,
0xff, 0x30, 0x3d, 0xff, 0xff, 0x30, 0x3d, 0xff, 0xff, 0x30, 0x3c, 0xff, 0xff, 0x30, 0x3c,
0xff, 0xff, 0x30, 0x3c, 0xff, 0xff, 0x30, 0x3c, 0xff, 0xff, 0x30, 0x3b, 0xff, 0xff, 0x30,
0x3b, 0xff, 0xff, 0x30, 0x3a, 0xff, 0xff, 0x30, 0x3a, 0xff, 0xff, 0x30, 0x3a, 0xff, 0xff,
0x30, 0x39, 0xff, 0xff, 0x30, 0x39, 0xff, 0xff, 0x2f, 0x38, 0xff, 0xff, 0x2d, 0x35, 0xff,
0xff, 0xd0, 0xd1, 0xfe, 0xff, 0xff, 0xff, 0xfe, 0xff, 0xfe, 0xfe, 0xfe, 0xff, 0xff, 0xff,
0xfe, 0xff, 0x85, 0x89, 0xff, 0xff, 0x24, 0x2b, 0xff, 0xff, 0x30, 0x36, 0xff, 0xff, 0x30,
0x35, 0xff, 0xff, 0x30, 0x35, 0xff, 0xff, 0x30, 0x35, 0xff, 0xff, 0x30, 0x35, 0xff, 0xff,
0x30, 0x34, 0xff, 0xff, 0x30, 0x34, 0xff, 0xff, 0x30, 0x34, 0xff, 0xff, 0x30, 0x33, 0xff,
0xff, 0x30, 0x33, 0xff, 0xff, 0x30, 0x32, 0xff, 0xff, 0x30, 0x32, 0xff, 0xff, 0x30, 0x31,
0xff, 0xff, 0x30, 0x31, 0xff, 0xff, 0x30, 0x31, 0xff, 0xff, 0x31, 0x31, 0xff, 0xff, 0x31,
0x30, 0xff, 0xff, 0x31, 0x30, 0xff, 0xff, 0x31, 0x30, 0xff, 0xff, 0x31, 0x2f, 0xff, 0xff,
0x31, 0x2f, 0xff, 0xff, 0x31, 0x2e, 0xff, 0xff, 0x31, 0x2e, 0xff, 0xff, 0x31, 0x2d, 0xff,
0xff, 0x31, 0x2d, 0xff, 0xff, 0x31, 0x2d, 0xff, 0xff, 0x31, 0x2d, 0xff, 0xff, 0x31, 0x2d,
0xff, 0xff, 0x31, 0x2c, 0xff, 0xff, 0x31, 0x2c, 0xff, 0xff, 0x31, 0x2b, 0xff, 0xff, 0x31,
0x2b, 0xff, 0xff, 0x31, 0x2a, 0xff, 0xff, 0x31, 0x2a, 0xff, 0xff, 0x30, 0x2a, 0xfe, 0x88,
0xff, 0xff, 0xff, 0x00, 0xff, 0xff, 0xff, 0x00, 0xff, 0xff, 0xff, 0x00, 0xff, 0xff, 0xff,
0x00, 0xff, 0xff, 0xff, 0x00, 0xff, 0xff, 0xff, 0x00, 0xff, 0xff, 0xff, 0x00, 0xff, 0xff,
0xff, 0x00, 0xff, 0xff, 0xff, 0x00, 0xff, 0xff, 0xff, 0x00, 0xff, 0xff, 0xff, 0x00, 0xff,
0xff, 0xff, 0x00, 0xff, 0xff, 0xff, 0x00, 0xff, 0xff, 0xff, 0x00, 0xff, 0xff, 0xff, 0x00,
0xff, 0xff, 0xff, 0x00, 0xff, 0xff, 0xff, 0x00, 0x2f, 0x50, 0xff, 0xff, 0x2f, 0x4f, 0xff,
0xff, 0x2f, 0x4f, 0xff, 0xff, 0x2f, 0x4e, 0xff, 0xff, 0x2f, 0x4e, 0xff, 0xff, 0x2f, 0x4e,
0xff, 0xff, 0x2f, 0x4e, 0xff, 0xff, 0x2f, 0x4d, 0xff, 0xff, 0x2f, 0x4d, 0xff, 0xff, 0x2f,
0x4d, 0xff, 0xff, 0x2f, 0x4c, 0xff, 0xff, 0x2f, 0x4c, 0xff, 0xff, 0x2f, 0x4b, 0xff, 0xff,
0x2f, 0x4b, 0xff, 0xff, 0x2f, 0x4a, 0xff, 0xff, 0x2f, 0x4a, 0xff, 0xff, 0x2f, 0x4a, 0xff,
0xff, 0x2f, 0x4a, 0xff, 0xff, 0x2f, 0x49, 0xff, 0xff, 0x2f, 0x49, 0xff, 0xff, 0x2f, 0x49,
0xff, 0xff, 0x2f, 0x48, 0xff, 0xff, 0x2f, 0x48, 0xff, 0xff, 0x2f, 0x47, 0xff, 0xff, 0x2f,
0x48, 0xff, 0xff, 0x21, 0x3a, 0xff, 0xff, 0x8a, 0x97, 0xff, 0xff, 0xff, 0xff, 0xfe, 0xff,
0xdc, 0xe0, 0xfe, 0xff, 0x31, 0x48, 0xff, 0xff, 0x2b, 0x41, 0xff, 0xff, 0xd8, 0xdc, 0xfe,
0xff, 0xff, 0xff, 0xfe, 0xff, 0xff, 0xff, 0xfe, 0xff, 0xfd, 0xfd, 0xfe, 0xff, 0x7c, 0x89,
0xff, 0xff, 0x1e, 0x32, 0xff, 0xff, 0x36, 0x48, 0xff, 0xff, 0xeb, 0xec, 0xfe, 0xff, 0xff,
0xff, 0xfe, 0xff, 0xff, 0xff, 0xfe, 0xff, 0xfe, 0xfe, 0xfe, 0xff, 0x59, 0x67, 0xff, 0xff,
0x28, 0x39, 0xff, 0xff, 0x30, 0x40, 0xff, 0xff, 0x30, 0x3f, 0xff, 0xff, 0x30, 0x3f, 0xff,
0xff, 0x30, 0x3f, 0xff, 0xff, 0x30, 0x3f, 0xff, 0xff, 0x30, 0x3f, 0xff, 0xff, 0x30, 0x3e,
0xff, 0xff, 0x30, 0x3e, 0xff, 0xff, 0x30, 0x3d, 0xff, 0xff, 0x30, 0x3d, 0xff, 0xff, 0x30,
0x3c, 0xff, 0xff, 0x30, 0x3c, 0xff, 0xff, 0x30, 0x3c, 0xff, 0xff, 0x30, 0x3c, 0xff, 0xff,
0x30, 0x3b, 0xff, 0xff, 0x30, 0x3b, 0xff, 0xff, 0x30, 0x3b, 0xff, 0xff, 0x30, 0x3a, 0xff,
0xff, 0x30, 0x3a, 0xff, 0xff, 0x30, 0x39, 0xff, 0xff, 0x30, 0x39, 0xff, 0xff, 0x30, 0x38,
0xff, 0xff, 0x30, 0x38, 0xff, 0xff, 0x30, 0x38, 0xff, 0xff, 0x2c, 0x34, 0xff, 0xff, 0x41,
0x48, 0xff, 0xff, 0xf0, 0xf1, 0xfe, 0xff, 0xff, 0xff, 0xfe, 0xff, 0xff, 0xff, 0xfe, 0xff,
0xf9, 0xf9, 0xfe, 0xff, 0x51, 0x55, 0xff, 0xff, 0x29, 0x2f, 0xff, 0xff, 0x30, 0x35, 0xff,
0xff, 0x30, 0x35, 0xff, 0xff, 0x30, 0x34, 0xff, 0xff, 0x30, 0x34, 0xff, 0xff, 0x30, 0x34,
0xff, 0xff, 0x30, 0x33, 0xff, 0xff, 0x30, 0x33, 0xff, 0xff, 0x30, 0x32, 0xff, 0xff, 0x30,
0x32, 0xff, 0xff, 0x30, 0x31, 0xff, 0xff, 0x30, 0x31, 0xff, 0xff, 0x30, 0x31, 0xff, 0xff,
0x31, 0x31, 0xff, 0xff, 0x31, 0x31, 0xff, 0xff, 0x31, 0x30, 0xff, 0xff, 0x31, 0x30, 0xff,
0xff, 0x31, 0x2f, 0xff, 0xff, 0x31, 0x2f, 0xff, 0xff, 0x31, 0x2e, 0xff, 0xff, 0x31, 0x2e,
0xff, 0xff, 0x31, 0x2e, 0xff, 0xff, 0x31, 0x2d, 0xff, 0xff, 0x31, 0x2d, 0xff, 0xff, 0x31,
0x2d, 0xff, 0xff, 0x31, 0x2d, 0xff, 0xff, 0x31, 0x2c, 0xff, 0xff, 0x31, 0x2c, 0xff, 0xff,
0x31, 0x2b, 0xff, 0xff, 0x31, 0x2b, 0xff, 0xff, 0x31, 0x2b, 0xff, 0xff, 0x31, 0x2a, 0xff,
0xff, 0x31, 0x2a, 0xff, 0xff, 0x31, 0x2a, 0xff, 0xff, 0x31, 0x2a, 0xff, 0xff, 0x31, 0x29,
0xfe, 0x8e, 0xff, 0xff, 0xff, 0x00, 0xff, 0xff, 0xff, 0x00, 0xff, 0xff, 0xff, 0x00, 0xff,
0xff, 0xff, 0x00, 0xff, 0xff, 0xff, 0x00, 0xff, 0xff, 0xff, 0x00, 0xff, 0xff, 0xff, 0x00,
0xff, 0xff, 0xff, 0x00, 0xff, 0xff, 0xff, 0x00, 0xff, 0xff, 0xff, 0x00, 0xff, 0xff, 0xff,
0x00, 0xff, 0xff, 0xff, 0x00, 0xff, 0xff, 0xff, 0x00, 0xff, 0xff, 0xff, 0x00, 0xff, 0xff,
0xff, 0x00, 0xff, 0xff, 0xff, 0x00, 0xff, 0xff, 0xff, 0x00, 0x2f, 0x4e, 0xff, 0xff, 0x2f,
0x4e, 0xff, 0xff, 0x2f, 0x4e, 0xff, 0xff, 0x2f, 0x4e, 0xff, 0xff, 0x2f, 0x4d, 0xff, 0xff,
0x2f, 0x4d, 0xff, 0xff, 0x2f, 0x4d, 0xff, 0xff, 0x2f, 0x4c, 0xff, 0xff, 0x2f, 0x4c, 0xff,
0xff, 0x2f, 0x4b, 0xff, 0xff, 0x2f, 0x4b, 0xff, 0xff, 0x2f, 0x4b, 0xff, 0xff, 0x2f, 0x4a,
0xff, 0xff, 0x2f, 0x4a, 0xff, 0xff, 0x2f, 0x4a, 0xff, 0xff, 0x2f, 0x4a, 0xff, 0xff, 0x2f,
0x49, 0xff, 0xff, 0x2f, 0x49, 0xff, 0xff, 0x2f, 0x48, 0xff, 0xff, 0x2f, 0x48, 0xff, 0xff,
0x2f, 0x47, 0xff, 0xff, 0x2f, 0x47, 0xff, 0xff, 0x2f, 0x47, 0xff, 0xff, 0x2f, 0x47, 0xff,
0xff, 0x28, 0x40, 0xff, 0xff, 0x52, 0x65, 0xff, 0xff, 0xf3, 0xf5, 0xfe, 0xff, 0xff, 0xff,
0xfe, 0xff, 0x62, 0x72, 0xff, 0xff, 0x1b, 0x32, 0xff, 0xff, 0x44, 0x57, 0xff, 0xff, 0xeb,
0xee, 0xfe, 0xff, 0xff, 0xff, 0xfe, 0xff, 0xfe, 0xfe, 0xfe, 0xff, 0xff, 0xff, 0xfe, 0xff,
0xfd, 0xfd, 0xfe, 0xff, 0xa8, 0xb0, 0xff, 0xff, 0x73, 0x7f, 0xff, 0xff, 0xfe, 0xfe, 0xfe,
0xff, 0xff, 0xff, 0xfe, 0xff, 0xff, 0xff, 0xfe, 0xff, 0xf2, 0xf3, 0xfe, 0xff, 0x42, 0x51,
0xff, 0xff, 0x2c, 0x3b, 0xff, 0xff, 0x30, 0x3f, 0xff, 0xff, 0x30, 0x3f, 0xff, 0xff, 0x30,
0x3f, 0xff, 0xff, 0x30, 0x3e, 0xff, 0xff, 0x30, 0x3e, 0xff, 0xff, 0x30, 0x3d, 0xff, 0xff,
0x30, 0x3d, 0xff, 0xff, 0x30, 0x3c, 0xff, 0xff, 0x30, 0x3c, 0xff, 0xff, 0x30, 0x3c, 0xff,
0xff, 0x30, 0x3c, 0xff, 0xff, 0x30, 0x3c, 0xff, 0xff, 0x30, 0x3b, 0xff, 0xff, 0x30, 0x3b,
0xff, 0xff, 0x30, 0x3a, 0xff, 0xff, 0x30, 0x3a, 0xff, 0xff, 0x30, 0x39, 0xff, 0xff, 0x2b,
0x34, 0xff, 0xff, 0x27, 0x30, 0xff, 0xff, 0x26, 0x2e, 0xff, 0xff, 0x26, 0x2e, 0xff, 0xff,
0x27, 0x2f, 0xff, 0xff, 0x29, 0x31, 0xff, 0xff, 0x2c, 0x33, 0xff, 0xff, 0x27, 0x2e, 0xff,
0xff, 0x57, 0x5c, 0xff, 0xff, 0xfe, 0xfe, 0xfe, 0xff, 0xff, 0xff, 0xfe, 0xff, 0xff, 0xff,
0xfe, 0xff, 0xe3, 0xe4, 0xfe, 0xff, 0x36, 0x3a, 0xff, 0xff, 0x2e, 0x32, 0xff, 0xff, 0x30,
0x34, 0xff, 0xff, 0x30, 0x34, 0xff, 0xff, 0x30, 0x33, 0xff, 0xff, 0x30, 0x33, 0xff, 0xff,
0x30, 0x32, 0xff, 0xff, 0x30, 0x32, 0xff, 0xff, 0x30, 0x32, 0xff, 0xff, 0x30, 0x31, 0xff,
0xff, 0x30, 0x31, 0xff, 0xff, 0x31, 0x31, 0xff, 0xff, 0x31, 0x31, 0xff, 0xff, 0x31, 0x30,
0xff, 0xff, 0x31, 0x30, 0xff, 0xff, 0x31, 0x2f, 0xff, 0xff, 0x31, 0x2f, 0xff, 0xff, 0x31,
0x2f, 0xff, 0xff, 0x31, 0x2e, 0xff, 0xff, 0x31, 0x2e, 0xff, 0xff, 0x31, 0x2d, 0xff, 0xff,
0x31, 0x2d, 0xff, 0xff, 0x31, 0x2d, 0xff, 0xff, 0x31, 0x2d, 0xff, 0xff, 0x31, 0x2c, 0xff,
0xff, 0x31, 0x2c, 0xff, 0xff, 0x31, 0x2c, 0xff, 0xff, 0x31, 0x2b, 0xff, 0xff, 0x31, 0x2b,
0xff, 0xff, 0x31, 0x2a, 0xff, 0xff, 0x31, 0x2a, 0xff, 0xff, 0x31, 0x2a, 0xff, 0xff, 0x31,
0x2a, 0xff, 0xff, 0x31, 0x29, 0xff, 0xff, 0x31, 0x29, 0xff, 0xff, 0x31, 0x28, 0xff, 0xff,
0x31, 0x28, 0xff, 0x91, 0xff, 0xff, 0xff, 0x00, 0xff, 0xff, 0xff, 0x00, 0xff, 0xff, 0xff,
0x00, 0xff, 0xff, 0xff, 0x00, 0xff, 0xff, 0xff, 0x00, 0xff, 0xff, 0xff, 0x00, 0xff, 0xff,
0xff, 0x00, 0xff, 0xff, 0xff, 0x00, 0xff, 0xff, 0xff, 0x00, 0xff, 0xff, 0xff, 0x00, 0xff,
0xff, 0xff, 0x00, 0xff, 0xff, 0xff, 0x00, 0xff, 0xff, 0xff, 0x00, 0xff, 0xff, 0xff, 0x00,
0xff, 0xff, 0xff, 0x00, 0xff, 0xff, 0xff, 0x00, 0xff, 0xff, 0xff, 0x00, 0x2f, 0x4e, 0xff,
0xff, 0x2f, 0x4e, 0xff, 0xff, 0x2f, 0x4d, 0xff, 0xff, 0x2f, 0x4d, 0xff, 0xff, 0x2f, 0x4c,
0xff, 0xff, 0x2f, 0x4c, 0xff, 0xff, 0x2f, 0x4c, 0xff, 0xff, 0x2f, 0x4b, 0xff, 0xff, 0x2f,
0x4b, 0xff, 0xff, 0x2f, 0x4a, 0xff, 0xff, 0x2f, 0x4a, 0xff, 0xff, 0x2f, 0x4a, 0xff, 0xff,
0x2f, 0x4a, 0xff, 0xff, 0x2f, 0x49, 0xff, 0xff, 0x2f, 0x49, 0xff, 0xff, 0x2f, 0x49, 0xff,
0xff, 0x2f, 0x48, 0xff, 0xff, 0x2f, 0x48, 0xff, 0xff, 0x2f, 0x47, 0xff, 0xff, 0x2f, 0x47,
0xff, 0xff, 0x2f, 0x47, 0xff, 0xff, 0x2f, 0x47, 0xff, 0xff, 0x2f, 0x46, 0xff, 0xff, 0x2f,
0x45, 0xff, 0xff, 0x26, 0x3d, 0xff, 0xff, 0xbf, 0xc5, 0xfe, 0xff, 0xff, 0xff, 0xfe, 0xff,
0x92, 0x9d, 0xff, 0xff, 0x1d, 0x33, 0xff, 0xff, 0x4a, 0x5c, 0xff, 0xff, 0xda, 0xde, 0xfe,
0xff, 0xff, 0xff, 0xfe, 0xff, 0xfe, 0xfe, 0xfe, 0xff, 0xfe, 0xfe, 0xfe, 0xff, 0xfe, 0xfe,
0xfe, 0xff, 0xff, 0xff, 0xfe, 0xff, 0xff, 0xff, 0xfe, 0xff, 0xfb, 0xfb, 0xfe, 0xff, 0xfe,
0xfe, 0xfe, 0xff, 0xfe, 0xfe, 0xfe, 0xff, 0xff, 0xff, 0xfe, 0xff, 0xcb, 0xcf, 0xff, 0xff,
0x2b, 0x3a, 0xff, 0xff, 0x2f, 0x3e, 0xff, 0xff, 0x30, 0x3e, 0xff, 0xff, 0x30, 0x3e, 0xff,
0xff, 0x30, 0x3e, 0xff, 0xff, 0x30, 0x3d, 0xff, 0xff, 0x30, 0x3d, 0xff, 0xff, 0x30, 0x3c,
0xff, 0xff, 0x30, 0x3c, 0xff, 0xff, 0x30, 0x3c, 0xff, 0xff, 0x30, 0x3c, 0xff, 0xff, 0x30,
0x3b, 0xff, 0xff, 0x30, 0x3b, 0xff, 0xff, 0x30, 0x3a, 0xff, 0xff, 0x30, 0x3a, 0xff, 0xff,
0x30, 0x3a, 0xff, 0xff, 0x30, 0x3a, 0xff, 0xff, 0x2c, 0x35, 0xff, 0xff, 0x28, 0x30, 0xff,
0xff, 0x49, 0x50, 0xff, 0xff, 0x62, 0x68, 0xff, 0xff, 0x71, 0x76, 0xff, 0xff, 0x6e, 0x73,
0xff, 0xff, 0x62, 0x67, 0xff, 0xff, 0x52, 0x57, 0xff, 0xff, 0x40, 0x46, 0xff, 0xff, 0x24,
0x2a, 0xff, 0xff, 0x74, 0x78, 0xff, 0xff, 0xff, 0xff, 0xfe, 0xff, 0xfe, 0xfe, 0xfe, 0xff,
0xff, 0xff, 0xfe, 0xff, 0xc9, 0xca, 0xff, 0xff, 0x2a, 0x2e, 0xff, 0xff, 0x2f, 0x33, 0xff,
0xff, 0x30, 0x33, 0xff, 0xff, 0x30, 0x33, 0xff, 0xff, 0x30, 0x32, 0xff, 0xff, 0x30, 0x32,
0xff, 0xff, 0x30, 0x31, 0xff, 0xff, 0x30, 0x31, 0xff, 0xff, 0x30, 0x31, 0xff, 0xff, 0x31,
0x31, 0xff, 0xff, 0x31, 0x30, 0xff, 0xff, 0x31, 0x30, 0xff, 0xff, 0x31, 0x30, 0xff, 0xff,
0x31, 0x2f, 0xff, 0xff, 0x31, 0x2f, 0xff, 0xff, 0x31, 0x2e, 0xff, 0xff, 0x31, 0x2e, 0xff,
0xff, 0x31, 0x2d, 0xff, 0xff, 0x31, 0x2d, 0xff, 0xff, 0x31, 0x2d, 0xff, 0xff, 0x31, 0x2d,
0xff, 0xff, 0x31, 0x2c, 0xff, 0xff, 0x31, 0x2c, 0xff, 0xff, 0x31, 0x2c, 0xff, 0xff, 0x31,
0x2b, 0xff, 0xff, 0x31, 0x2b, 0xff, 0xff, 0x31, 0x2a, 0xff, 0xff, 0x31, 0x2a, 0xff, 0xff,
0x31, 0x2a, 0xff, 0xff, 0x31, 0x2a, 0xff, 0xff, 0x31, 0x29, 0xff, 0xff, 0x31, 0x29, 0xff,
0xff, 0x31, 0x29, 0xff, 0xff, 0x31, 0x28, 0xff, 0xff, 0x31, 0x28, 0xff, 0xff, 0x31, 0x27,
0xff, 0xff, 0x31, 0x27, 0xff, 0x91, 0xff, 0xff, 0xff, 0x00, 0xff, 0xff, 0xff, 0x00, 0xff,
0xff, 0xff, 0x00, 0xff, 0xff, 0xff, 0x00, 0xff, 0xff, 0xff, 0x00, 0xff, 0xff, 0xff, 0x00,
0xff, 0xff, 0xff, 0x00, 0xff, 0xff, 0xff, 0x00, 0xff, 0xff, 0xff, 0x00, 0xff, 0xff, 0xff,
0x00, 0xff, 0xff, 0xff, 0x00, 0xff, 0xff, 0xff, 0x00, 0xff, 0xff, 0xff, 0x00, 0xff, 0xff,
0xff, 0x00, 0xff, 0xff, 0xff, 0x00, 0xff, 0xff, 0xff, 0x00, 0xff, 0xff, 0xff, 0x00, 0x2f,
0x4d, 0xff, 0xff, 0x2f, 0x4d, 0xff, 0xff, 0x2f, 0x4c, 0xff, 0xff, 0x2f, 0x4c, 0xff, 0xff,
0x2f, 0x4b, 0xff, 0xff, 0x2f, 0x4b, 0xff, 0xff, 0x2f, 0x4a, 0xff, 0xff, 0x2f, 0x4a, 0xff,
0xff, 0x2f, 0x4a, 0xff, 0xff, 0x2f, 0x4a, 0xff, 0xff, 0x2f, 0x49, 0xff, 0xff, 0x2f, 0x49,
0xff, 0xff, 0x2f, 0x49, 0xff, 0xff, 0x2f, 0x48, 0xff, 0xff, 0x2f, 0x48, 0xff, 0xff, 0x2f,
0x47, 0xff, 0xff, 0x2f, 0x47, 0xff, 0xff, 0x2f, 0x47, 0xff, 0xff, 0x2f, 0x47, 0xff, 0xff,
0x2f, 0x46, 0xff, 0xff, 0x2f, 0x46, 0xff, 0xff, 0x2f, 0x46, 0xff, 0xff, 0x2f, 0x45, 0xff,
0xff, 0x28, 0x3e, 0xff, 0xff, 0x58, 0x69, 0xff, 0xff, 0xfd, 0xfd, 0xfe, 0xff, 0xe6, 0xe8,
0xfe, 0xff, 0x32, 0x46, 0xff, 0xff, 0x2f, 0x43, 0xff, 0xff, 0xdc, 0xdf, 0xfe, 0xff, 0xff,
0xff, 0xfe, 0xff, 0xfe, 0xfe, 0xfe, 0xff, 0xff, 0xff, 0xfe, 0xff, 0xff, 0xff, 0xfe, 0xff,
0xff, 0xff, 0xfe, 0xff, 0xff, 0xff, 0xfe, 0xff, 0xfe, 0xfe, 0xfe, 0xff, 0xff, 0xff, 0xfe,
0xff, 0xfe, 0xfe, 0xfe, 0xff, 0xfe, 0xfe, 0xfe, 0xff, 0xff, 0xff, 0xfe, 0xff, 0x97, 0x9e,
0xff, 0xff, 0x23, 0x32, 0xff, 0xff, 0x30, 0x3e, 0xff, 0xff, 0x30, 0x3d, 0xff, 0xff, 0x30,
0x3d, 0xff, 0xff, 0x30, 0x3c, 0xff, 0xff, 0x30, 0x3c, 0xff, 0xff, 0x30, 0x3c, 0xff, 0xff,
0x30, 0x3c, 0xff, 0xff, 0x30, 0x3b, 0xff, 0xff, 0x30, 0x3b, 0xff, 0xff, 0x30, 0x3b, 0xff,
0xff, 0x30, 0x3a, 0xff, 0xff, 0x30, 0x3a, 0xff, 0xff, 0x30, 0x39, 0xff, 0xff, 0x30, 0x39,
0xff, 0xff, 0x30, 0x39, 0xff, 0xff, 0x2b, 0x33, 0xff, 0xff, 0x35, 0x3d, 0xff, 0xff, 0xa4,
0xa8, 0xff, 0xff, 0xf5, 0xf5, 0xfe, 0xff, 0xff, 0xff, 0xfe, 0xff, 0xff, 0xff, 0xfe, 0xff,
0xff, 0xff, 0xfe, 0xff, 0xff, 0xff, 0xfe, 0xff, 0xfb, 0xfb, 0xfe, 0xff, 0xef, 0xef, 0xfe,
0xff, 0xd1, 0xd2, 0xfe, 0xff, 0xe4, 0xe5, 0xff, 0xff, 0xfe, 0xfe, 0xfe, 0xff, 0xfe, 0xfe,
0xfe, 0xff, 0xff, 0xff, 0xfe, 0xff, 0x9a, 0x9b, 0xff, 0xff, 0x24, 0x27, 0xff, 0xff, 0x30,
0x32, 0xff, 0xff, 0x30, 0x32, 0xff, 0xff, 0x30, 0x31, 0xff, 0xff, 0x30, 0x31, 0xff, 0xff,
0x30, 0x31, 0xff, 0xff, 0x31, 0x31, 0xff, 0xff, 0x31, 0x30, 0xff, 0xff, 0x31, 0x30, 0xff,
0xff, 0x31, 0x30, 0xff, 0xff, 0x31, 0x2f, 0xff, 0xff, 0x31, 0x2f, 0xff, 0xff, 0x31, 0x2e,
0xff, 0xff, 0x31, 0x2e, 0xff, 0xff, 0x31, 0x2e, 0xff, 0xff, 0x31, 0x2d, 0xff, 0xff, 0x31,
0x2d, 0xff, 0xff, 0x31, 0x2d, 0xff, 0xff, 0x31, 0x2d, 0xff, 0xff, 0x31, 0x2c, 0xff, 0xff,
0x31, 0x2c, 0xff, 0xff, 0x31, 0x2b, 0xff, 0xff, 0x31, 0x2b, 0xff, 0xff, 0x31, 0x2a, 0xff,
0xff, 0x31, 0x2a, 0xff, 0xff, 0x31, 0x2a, 0xff, 0xff, 0x31, 0x2a, 0xff, 0xff, 0x31, 0x29,
0xff, 0xff, 0x31, 0x29, 0xff, 0xff, 0x31, 0x29, 0xff, 0xff, 0x31, 0x28, 0xff, 0xff, 0x31,
0x28, 0xff, 0xff, 0x31, 0x27, 0xff, 0xff, 0x31, 0x27, 0xff, 0xff, 0x31, 0x27, 0xff, 0xff,
0x31, 0x26, 0xff, 0xff, 0x31, 0x26, 0xfe, 0x8f, 0xff, 0xff, 0xff, 0x00, 0xff, 0xff, 0xff,
0x00, 0xff, 0xff, 0xff, 0x00, 0xff, 0xff, 0xff, 0x00, 0xff, 0xff, 0xff, 0x00, 0xff, 0xff,
0xff, 0x00, 0xff, 0xff, 0xff, 0x00, 0xff, 0xff, 0xff, 0x00, 0xff, 0xff, 0xff, 0x00, 0xff,
0xff, 0xff, 0x00, 0xff, 0xff, 0xff, 0x00, 0xff, 0xff, 0xff, 0x00, 0xff, 0xff, 0xff, 0x00,
0xff, 0xff, 0xff, 0x00, 0xff, 0xff, 0xff, 0x00, 0xff, 0xff, 0xff, 0x00, 0xff, 0xff, 0xff,
0x00, 0x2f, 0x4c, 0xff, 0xff, 0x2f, 0x4b, 0xff, 0xff, 0x2f, 0x4b, 0xff, 0xff, 0x2f, 0x4a,
0xff, 0xff, 0x2f, 0x4a, 0xff, 0xff, 0x2f, 0x4a, 0xff, 0xff, 0x2f, 0x4a, 0xff, 0xff, 0x2f,
0x4a, 0xff, 0xff, 0x2f, 0x49, 0xff, 0xff, 0x2f, 0x49, 0xff, 0xff, 0x2f, 0x48, 0xff, 0xff,
0x2f, 0x48, 0xff, 0xff, 0x2f, 0x47, 0xff, 0xff, 0x2f, 0x47, 0xff, 0xff, 0x2f, 0x47, 0xff,
0xff, 0x2f, 0x47, 0xff, 0xff, 0x2f, 0x47, 0xff, 0xff, 0x2f, 0x46, 0xff, 0xff, 0x2f, 0x46,
0xff, 0xff, 0x2f, 0x45, 0xff, 0xff, 0x2f, 0x45, 0xff, 0xff, 0x2f, 0x44, 0xff, 0xff, 0x2f,
0x44, 0xff, 0xff, 0x23, 0x38, 0xff, 0xff, 0x9a, 0xa4, 0xff, 0xff, 0xff, 0xff, 0xfe, 0xff,
0x95, 0x9e, 0xff, 0xff, 0x18, 0x2c, 0xff, 0xff, 0x95, 0x9e, 0xff, 0xff, 0xff, 0xff, 0xfe,
0xff, 0xfe, 0xfe, 0xfe, 0xff, 0xfe, 0xfe, 0xfe, 0xff, 0xff, 0xff, 0xfe, 0xff, 0xe2, 0xe4,
0xfe, 0xff, 0xe4, 0xe6, 0xfe, 0xff, 0xfb, 0xfb, 0xfe, 0xff, 0xff, 0xff, 0xfe, 0xff, 0xfe,
0xfe, 0xfe, 0xff, 0xfe, 0xfe, 0xfe, 0xff, 0xff, 0xff, 0xfe, 0xff, 0xff, 0xff, 0xfe, 0xff,
0x67, 0x71, 0xff, 0xff, 0x26, 0x34, 0xff, 0xff, 0x30, 0x3c, 0xff, 0xff, 0x30, 0x3c, 0xff,
0xff, 0x30, 0x3c, 0xff, 0xff, 0x30, 0x3c, 0xff, 0xff, 0x30, 0x3c, 0xff, 0xff, 0x30, 0x3b,
0xff, 0xff, 0x30, 0x3b, 0xff, 0xff, 0x30, 0x3a, 0xff, 0xff, 0x30, 0x3a, 0xff, 0xff, 0x30,
0x39, 0xff, 0xff, 0x30, 0x39, 0xff, 0xff, 0x30, 0x39, 0xff, 0xff, 0x30, 0x38, 0xff, 0xff,
0x30, 0x38, 0xff, 0xff, 0x2d, 0x35, 0xff, 0xff, 0x32, 0x39, 0xff, 0xff, 0xc9, 0xcb, 0xff,
0xff, 0xff, 0xff, 0xfe, 0xff, 0xff, 0xff, 0xfe, 0xff, 0xff, 0xff, 0xfe, 0xff, 0xff, 0xff,
0xfe, 0xff, 0xff, 0xff, 0xfe, 0xff, 0xff, 0xff, 0xfe, 0xff, 0xff, 0xff, 0xfe, 0xff, 0xff,
0xff, 0xfe, 0xff, 0xff, 0xff, 0xfe, 0xff, 0xff, 0xff, 0xfe, 0xff, 0xfe, 0xfe, 0xfe, 0xff,
0xfe, 0xfe, 0xfe, 0xff, 0xff, 0xff, 0xfe, 0xff, 0x78, 0x7a, 0xff, 0xff, 0x22, 0x23, 0xff,
0xff, 0x30, 0x32, 0xff, 0xff, 0x30, 0x31, 0xff, 0xff, 0x31, 0x31, 0xff, 0xff, 0x31, 0x31,
0xff, 0xff, 0x31, 0x30, 0xff, 0xff, 0x31, 0x30, 0xff, 0xff, 0x31, 0x2f, 0xff, 0xff, 0x31,
0x2f, 0xff, 0xff, 0x31, 0x2f, 0xff, 0xff, 0x31, 0x2e, 0xff, 0xff, 0x31, 0x2e, 0xff, 0xff,
0x31, 0x2d, 0xff, 0xff, 0x31, 0x2d, 0xff, 0xff, 0x31, 0x2d, 0xff, 0xff, 0x31, 0x2d, 0xff,
0xff, 0x31, 0x2c, 0xff, 0xff, 0x31, 0x2c, 0xff, 0xff, 0x31, 0x2c, 0xff, 0xff, 0x31, 0x2b,
0xff, 0xff, 0x31, 0x2b, 0xff, 0xff, 0x31, 0x2a, 0xff, 0xff, 0x31, 0x2a, 0xff, 0xff, 0x31,
0x2a, 0xff, 0xff, 0x31, 0x2a, 0xff, 0xff, 0x31, 0x29, 0xff, 0xff, 0x31, 0x29, 0xff, 0xff,
0x31, 0x28, 0xff, 0xff, 0x31, 0x28, 0xff, 0xff, 0x31, 0x28, 0xff, 0xff, 0x31, 0x27, 0xff,
0xff, 0x31, 0x27, 0xff, 0xff, 0x31, 0x26, 0xff, 0xff, 0x31, 0x26, 0xff, 0xff, 0x31, 0x26,
0xff, 0xff, 0x31, 0x26, 0xff, 0xff, 0x31, 0x25, 0xff, 0x8a, 0xff, 0xff, 0xff, 0x00, 0xff,
0xff, 0xff, 0x00, 0xff, 0xff, 0xff, 0x00, 0xff, 0xff, 0xff, 0x00, 0xff, 0xff, 0xff, 0x00,
0xff, 0xff, 0xff, 0x00, 0xff, 0xff, 0xff, 0x00, 0xff, 0xff, 0xff, 0x00, 0xff, 0xff, 0xff,
0x00, 0xff, 0xff, 0xff, 0x00, 0xff, 0xff, 0xff, 0x00, 0xff, 0xff, 0xff, 0x00, 0xff, 0xff,
0xff, 0x00, 0xff, 0xff, 0xff, 0x00, 0xff, 0xff, 0xff, 0x00, 0xff, 0xff, 0xff, 0x00, 0xff,
0xff, 0xff, 0x00, 0x2f, 0x4b, 0xff, 0xff, 0x2f, 0x4a, 0xff, 0xff, 0x2f, 0x4a, 0xff, 0xff,
0x2f, 0x4a, 0xff, 0xff, 0x2f, 0x4a, 0xff, 0xff, 0x2f, 0x49, 0xff, 0xff, 0x2f, 0x49, 0xff,
0xff, 0x2f, 0x48, 0xff, 0xff, 0x2f, 0x48, 0xff, 0xff, 0x2f, 0x48, 0xff, 0xff, 0x2f, 0x47,
0xff, 0xff, 0x2f, 0x47, 0xff, 0xff, 0x2f, 0x47, 0xff, 0xff, 0x2f, 0x47, 0xff, 0xff, 0x2f,
0x46, 0xff, 0xff, 0x2f, 0x46, 0xff, 0xff, 0x2f, 0x45, 0xff, 0xff, 0x2f, 0x45, 0xff, 0xff,
0x2f, 0x45, 0xff, 0xff, 0x2f, 0x44, 0xff, 0xff, 0x2f, 0x44, 0xff, 0xff, 0x2f, 0x43, 0xff,
0xff, 0x2f, 0x43, 0xff, 0xff, 0x26, 0x3a, 0xff, 0xff, 0xb3, 0xba, 0xfe, 0xff, 0xff, 0xff,
0xfe, 0xff, 0x70, 0x7c, 0xff, 0xff, 0x27, 0x39, 0xff, 0xff, 0xdd, 0xe0, 0xfe, 0xff, 0xff,
0xff, 0xfe, 0xff, 0xfe, 0xfe, 0xfe, 0xff, 0xff, 0xff, 0xfe, 0xff, 0x99, 0xa1, 0xff, 0xff,
0x30, 0x3f, 0xff, 0xff, 0x37, 0x45, 0xff, 0xff, 0x4d, 0x59, 0xff, 0xff, 0x8e, 0x96, 0xff,
0xff, 0xfd, 0xfd, 0xfe, 0xff, 0xff, 0xff, 0xfe, 0xff, 0xff, 0xff, 0xfe, 0xff, 0xfa, 0xfa,
0xfe, 0xff, 0x4e, 0x58, 0xff, 0xff, 0x2a, 0x36, 0xff, 0xff, 0x30, 0x3c, 0xff, 0xff, 0x30,
0x3c, 0xff, 0xff, 0x30, 0x3b, 0xff, 0xff, 0x30, 0x3b, 0xff, 0xff, 0x30, 0x3a, 0xff, 0xff,
0x30, 0x3a, 0xff, 0xff, 0x30, 0x3a, 0xff, 0xff, 0x30, 0x39, 0xff, 0xff, 0x30, 0x39, 0xff,
0xff, 0x30, 0x38, 0xff, 0xff, 0x30, 0x38, 0xff, 0xff, 0x30, 0x38, 0xff, 0xff, 0x30, 0x38,
0xff, 0xff, 0x30, 0x37, 0xff, 0xff, 0x24, 0x2c, 0xff, 0xff, 0x84, 0x88, 0xff, 0xff, 0xff,
0xff, 0xfe, 0xff, 0xfe, 0xfe, 0xfe, 0xff, 0xff, 0xff, 0xfe, 0xff, 0xff, 0xff, 0xfe, 0xff,
0xe4, 0xe5, 0xfe, 0xff, 0xe6, 0xe6, 0xfe, 0xff, 0xfa, 0xfb, 0xfe, 0xff, 0xff, 0xff, 0xfe,
0xff, 0xff, 0xff, 0xfe, 0xff, 0xff, 0xff, 0xfe, 0xff, 0xfe, 0xfe, 0xfe, 0xff, 0xfe, 0xfe,
0xfe, 0xff, 0xfe, 0xfe, 0xfe, 0xff, 0xff, 0xff, 0xfe, 0xff, 0xb5, 0xb6, 0xff, 0xff, 0x2c,
0x2d, 0xff, 0xff, 0x29, 0x29, 0xff, 0xff, 0x31, 0x31, 0xff, 0xff, 0x31, 0x30, 0xff, 0xff,
0x31, 0x30, 0xff, 0xff, 0x31, 0x2f, 0xff, 0xff, 0x31, 0x2f, 0xff, 0xff, 0x31, 0x2e, 0xff,
0xff, 0x31, 0x2e, 0xff, 0xff, 0x31, 0x2d, 0xff, 0xff, 0x31, 0x2d, 0xff, 0xff, 0x31, 0x2d,
0xff, 0xff, 0x31, 0x2d, 0xff, 0xff, 0x31, 0x2c, 0xff, 0xff, 0x31, 0x2c, 0xff, 0xff, 0x31,
0x2c, 0xff, 0xff, 0x31, 0x2b, 0xff, 0xff, 0x31, 0x2b, 0xff, 0xff, 0x31, 0x2a, 0xff, 0xff,
0x31, 0x2a, 0xff, 0xff, 0x31, 0x2a, 0xff, 0xff, 0x31, 0x2a, 0xff, 0xff, 0x31, 0x29, 0xff,
0xff, 0x31, 0x29, 0xff, 0xff, 0x31, 0x29, 0xff, 0xff, 0x31, 0x28, 0xff, 0xff, 0x31, 0x28,
0xff, 0xff, 0x31, 0x27, 0xff, 0xff, 0x31, 0x27, 0xff, 0xff, 0x31, 0x26, 0xff, 0xff, 0x31,
0x26, 0xff, 0xff, 0x31, 0x26, 0xff, 0xff, 0x31, 0x26, 0xff, 0xff, 0x31, 0x26, 0xff, 0xff,
0x31, 0x25, 0xff, 0xff, 0x31, 0x25, 0xff, 0xff, 0x2e, 0x21, 0xf8, 0x83, 0xff, 0xff, 0xff,
0x00, 0xff, 0xff, 0xff, 0x00, 0xff, 0xff, 0xff, 0x00, 0xff, 0xff, 0xff, 0x00, 0xff, 0xff,
0xff, 0x00, 0xff, 0xff, 0xff, 0x00, 0xff, 0xff, 0xff, 0x00, 0xff, 0xff, 0xff, 0x00, 0xff,
0xff, 0xff, 0x00, 0xff, 0xff, 0xff, 0x00, 0xff, 0xff, 0xff, 0x00, 0xff, 0xff, 0xff, 0x00,
0xff, 0xff, 0xff, 0x00, 0xff, 0xff, 0xff, 0x00, 0xff, 0xff, 0xff, 0x00, 0xff, 0xff, 0xff,
0x00, 0xff, 0xff, 0xff, 0x00, 0x2f, 0x4a, 0xff, 0xff, 0x2f, 0x4a, 0xff, 0xff, 0x2f, 0x49,
0xff, 0xff, 0x2f, 0x49, 0xff, 0xff, 0x2f, 0x49, 0xff, 0xff, 0x2f, 0x48, 0xff, 0xff, 0x2f,
0x48, 0xff, 0xff, 0x2f, 0x47, 0xff, 0xff, 0x2f, 0x47, 0xff, 0xff, 0x2f, 0x47, 0xff, 0xff,
0x2f, 0x47, 0xff, 0xff, 0x2f, 0x46, 0xff, 0xff, 0x2f, 0x46, 0xff, 0xff, 0x2f, 0x45, 0xff,
0xff, 0x2f, 0x45, 0xff, 0xff, 0x2f, 0x45, 0xff, 0xff, 0x2f, 0x44, 0xff, 0xff, 0x2f, 0x44,
0xff, 0xff, 0x2f, 0x43, 0xff, 0xff, 0x2f, 0x43, 0xff, 0xff, 0x30, 0x43, 0xff, 0xff, 0x30,
0x43, 0xff, 0xff, 0x30, 0x42, 0xff, 0xff, 0x27, 0x3a, 0xff, 0xff, 0xbc, 0xc2, 0xfe, 0xff,
0xff, 0xff, 0xfe, 0xff, 0x63, 0x6f, 0xff, 0xff, 0x32, 0x43, 0xff, 0xff, 0xeb, 0xed, 0xfe,
0xff, 0xff, 0xff, 0xfe, 0xff, 0xff, 0xff, 0xfe, 0xff, 0xf3, 0xf4, 0xfe, 0xff, 0x3e, 0x4c,
0xff, 0xff, 0x28, 0x37, 0xff, 0xff, 0x2d, 0x3c, 0xff, 0xff, 0x1e, 0x2d, 0xff, 0xff, 0x69,
0x72, 0xff, 0xff, 0xff, 0xff, 0xfe, 0xff, 0xfe, 0xfe, 0xfe, 0xff, 0xff, 0xff, 0xfe, 0xff,
0xe4, 0xe5, 0xfe, 0xff, 0x37, 0x42, 0xff, 0xff, 0x2d, 0x39, 0xff, 0xff, 0x30, 0x3b, 0xff,
0xff, 0x30, 0x3b, 0xff, 0xff, 0x30, 0x3a, 0xff, 0xff, 0x30, 0x3a, 0xff, 0xff, 0x30, 0x39,
0xff, 0xff, 0x30, 0x39, 0xff, 0xff, 0x30, 0x38, 0xff, 0xff, 0x30, 0x38, 0xff, 0xff, 0x30,
0x38, 0xff, 0xff, 0x30, 0x38, 0xff, 0xff, 0x30, 0x37, 0xff, 0xff, 0x30, 0x37, 0xff, 0xff,
0x30, 0x37, 0xff, 0xff, 0x2e, 0x34, 0xff, 0xff, 0x31, 0x37, 0xff, 0xff, 0xda, 0xdb, 0xfe,
0xff, 0xff, 0xff, 0xfe, 0xff, 0xfe, 0xfe, 0xfe, 0xff, 0xf5, 0xf5, 0xfe, 0xff, 0x74, 0x76,
0xff, 0xff, 0x33, 0x37, 0xff, 0xff, 0x38, 0x3b, 0xff, 0xff, 0x50, 0x53, 0xff, 0xff, 0x80,
0x82, 0xff, 0xff, 0xbc, 0xbd, 0xff, 0xff, 0xe9, 0xe9, 0xfe, 0xff, 0xff, 0xff, 0xfe, 0xff,
0xff, 0xff, 0xfe, 0xff, 0xfe, 0xfe, 0xfe, 0xff, 0xfe, 0xfe, 0xfe, 0xff, 0xff, 0xff, 0xfe,
0xff, 0xcb, 0xcb, 0xff, 0xff, 0x49, 0x48, 0xff, 0xff, 0x27, 0x25, 0xff, 0xff, 0x31, 0x2f,
0xff, 0xff, 0x31, 0x2f, 0xff, 0xff, 0x31, 0x2e, 0xff, 0xff, 0x30, 0x2d, 0xff, 0xff, 0x30,
0x2d, 0xff, 0xff, 0x31, 0x2d, 0xff, 0xff, 0x31, 0x2d, 0xff, 0xff, 0x31, 0x2d, 0xff, 0xff,
0x31, 0x2c, 0xff, 0xff, 0x31, 0x2c, 0xff, 0xff, 0x31, 0x2b, 0xff, 0xff, 0x31, 0x2b, 0xff,
0xff, 0x31, 0x2a, 0xff, 0xff, 0x31, 0x2a, 0xff, 0xff, 0x31, 0x2a, 0xff, 0xff, 0x31, 0x2a,
0xff, 0xff, 0x31, 0x2a, 0xff, 0xff, 0x31, 0x29, 0xff, 0xff, 0x31, 0x29, 0xff, 0xff, 0x31,
0x28, 0xff, 0xff, 0x31, 0x28, 0xff, 0xff, 0x31, 0x27, 0xff, 0xff, 0x31, 0x27, 0xff, 0xff,
0x31, 0x27, 0xff, 0xff, 0x31, 0x26, 0xff, 0xff, 0x31, 0x26, 0xff, 0xff, 0x31, 0x26, 0xff,
0xff, 0x31, 0x26, 0xff, 0xff, 0x31, 0x25, 0xff, 0xff, 0x31, 0x25, 0xff, 0xff, 0x31, 0x24,
0xff, 0xff, 0x31, 0x24, 0xff, 0xff, 0x31, 0x24, 0xff, 0xff, 0x30, 0x21, 0xfc, 0x79, 0xff,
0xff, 0xff, 0x00, 0xff, 0xff, 0xff, 0x00, 0xff, 0xff, 0xff, 0x00, 0xff, 0xff, 0xff, 0x00,
0xff, 0xff, 0xff, 0x00, 0xff, 0xff, 0xff, 0x00, 0xff, 0xff, 0xff, 0x00, 0xff, 0xff, 0xff,
0x00, 0xff, 0xff, 0xff, 0x00, 0xff, 0xff, 0xff, 0x00, 0xff, 0xff, 0xff, 0x00, 0xff, 0xff,
0xff, 0x00, 0xff, 0xff, 0xff, 0x00, 0xff, 0xff, 0xff, 0x00, 0xff, 0xff, 0xff, 0x00, 0xff,
0xff, 0xff, 0x00, 0xff, 0xff, 0xff, 0x00, 0x2f, 0x49, 0xff, 0xff, 0x2f, 0x49, 0xff, 0xff,
0x2f, 0x48, 0xff, 0xff, 0x2f, 0x48, 0xff, 0xff, 0x2f, 0x47, 0xff, 0xff, 0x2f, 0x47, 0xff,
0xff, 0x2f, 0x47, 0xff, 0xff, 0x2f, 0x47, 0xff, 0xff, 0x2f, 0x46, 0xff, 0xff, 0x2f, 0x46,
0xff, 0xff, 0x2f, 0x46, 0xff, 0xff, 0x2f, 0x45, 0xff, 0xff, 0x2f, 0x45, 0xff, 0xff, 0x2f,
0x44, 0xff, 0xff, 0x2f, 0x44, 0xff, 0xff, 0x2f, 0x43, 0xff, 0xff, 0x2f, 0x43, 0xff, 0xff,
0x30, 0x43, 0xff, 0xff, 0x30, 0x43, 0xff, 0xff, 0x30, 0x43, 0xff, 0xff, 0x30, 0x42, 0xff,
0xff, 0x30, 0x42, 0xff, 0xff, 0x30, 0x41, 0xff, 0xff, 0x27, 0x39, 0xff, 0xff, 0xbb, 0xc1,
0xfe, 0xff, 0xff, 0xff, 0xfe, 0xff, 0x68, 0x74, 0xff, 0xff, 0x31, 0x40, 0xff, 0xff, 0xe9,
0xeb, 0xfe, 0xff, 0xff, 0xff, 0xfe, 0xff, 0xff, 0xff, 0xfe, 0xff, 0xf5, 0xf6, 0xfe, 0xff,
0x44, 0x50, 0xff, 0xff, 0x22, 0x30, 0xff, 0xff, 0x2b, 0x38, 0xff, 0xff, 0x23, 0x30, 0xff,
0xff, 0xa9, 0xad, 0xff, 0xff, 0xff, 0xff, 0xfe, 0xff, 0xfe, 0xfe, 0xfe, 0xff, 0xff, 0xff,
0xfe, 0xff, 0xb4, 0xb8, 0xff, 0xff, 0x26, 0x31, 0xff, 0xff, 0x30, 0x3a, 0xff, 0xff, 0x30,
0x3a, 0xff, 0xff, 0x30, 0x39, 0xff, 0xff, 0x30, 0x39, 0xff, 0xff, 0x30, 0x38, 0xff, 0xff,
0x30, 0x38, 0xff, 0xff, 0x30, 0x38, 0xff, 0xff, 0x30, 0x38, 0xff, 0xff, 0x30, 0x38, 0xff,
0xff, 0x30, 0x37, 0xff, 0xff, 0x30, 0x37, 0xff, 0xff, 0x30, 0x36, 0xff, 0xff, 0x30, 0x36,
0xff, 0xff, 0x30, 0x35, 0xff, 0xff, 0x2b, 0x30, 0xff, 0xff, 0x44, 0x48, 0xff, 0xff, 0xf4,
0xf4, 0xfe, 0xff, 0xff, 0xff, 0xfe, 0xff, 0xff, 0xff, 0xfe, 0xff, 0xb5, 0xb6, 0xff, 0xff,
0x1e, 0x22, 0xff, 0xff, 0x2d, 0x30, 0xff, 0xff, 0x2d, 0x30, 0xff, 0xff, 0x29, 0x2b, 0xff,
0xff, 0x24, 0x26, 0xff, 0xff, 0x27, 0x28, 0xff, 0xff, 0x3a, 0x3b, 0xff, 0xff, 0x8b, 0x8b,
0xff, 0xff, 0xe4, 0xe4, 0xfe, 0xff, 0xff, 0xff, 0xfe, 0xff, 0xff, 0xff, 0xfe, 0xff, 0xff,
0xff, 0xfe, 0xff, 0xff, 0xff, 0xfe, 0xff, 0xeb, 0xeb, 0xfe, 0xff, 0x59, 0x57, 0xff, 0xff,
0x27, 0x24, 0xff, 0xff, 0x31, 0x2e, 0xff, 0xff, 0x30, 0x2c, 0xff, 0xff, 0x2d, 0x28, 0xff,
0xff, 0x2a, 0x26, 0xff, 0xff, 0x30, 0x2b, 0xff, 0xff, 0x31, 0x2c, 0xff, 0xff, 0x31, 0x2b,
0xff, 0xff, 0x31, 0x2b, 0xff, 0xff, 0x31, 0x2b, 0xff, 0xff, 0x31, 0x2a, 0xff, 0xff, 0x31,
0x2a, 0xff, 0xff, 0x31, 0x2a, 0xff, 0xff, 0x31, 0x2a, 0xff, 0xff, 0x31, 0x29, 0xff, 0xff,
0x31, 0x29, 0xff, 0xff, 0x31, 0x28, 0xff, 0xff, 0x31, 0x28, 0xff, 0xff, 0x31, 0x28, 0xff,
0xff, 0x31, 0x27, 0xff, 0xff, 0x31, 0x27, 0xff, 0xff, 0x31, 0x26, 0xff, 0xff, 0x31, 0x26,
0xff, 0xff, 0x31, 0x26, 0xff, 0xff, 0x31, 0x26, 0xff, 0xff, 0x31, 0x25, 0xff, 0xff, 0x31,
0x25, 0xff, 0xff, 0x31, 0x24, 0xff, 0xff, 0x31, 0x24, 0xff, 0xff, 0x31, 0x24, 0xff, 0xff,
0x31, 0x23, 0xff, 0xff, 0x31, 0x23, 0xff, 0xff, 0x31, 0x23, 0xff, 0xff, 0x30, 0x21, 0xfd,
0x6d, 0xff, 0xff, 0xff, 0x00, 0xff, 0xff, 0xff, 0x00, 0xff, 0xff, 0xff, 0x00, 0xff, 0xff,
0xff, 0x00, 0xff, 0xff, 0xff, 0x00, 0xff, 0xff, 0xff, 0x00, 0xff, 0xff, 0xff, 0x00, 0xff,
0xff, 0xff, 0x00, 0xff, 0xff, 0xff, 0x00, 0xff, 0xff, 0xff, 0x00, 0xff, 0xff, 0xff, 0x00,
0xff, 0xff, 0xff, 0x00, 0xff, 0xff, 0xff, 0x00, 0xff, 0xff, 0xff, 0x00, 0xff, 0xff, 0xff,
0x00, 0xff, 0xff, 0xff, 0x00, 0xff, 0xff, 0xff, 0x00, 0x2f, 0x48, 0xff, 0xff, 0x2f, 0x47,
0xff, 0xff, 0x2f, 0x47, 0xff, 0xff, 0x2f, 0x47, 0xff, 0xff, 0x2f, 0x47, 0xff, 0xff, 0x2f,
0x47, 0xff, 0xff, 0x2f, 0x46, 0xff, 0xff, 0x2f, 0x46, 0xff, 0xff, 0x2f, 0x45, 0xff, 0xff,
0x2f, 0x45, 0xff, 0xff, 0x2f, 0x44, 0xff, 0xff, 0x2f, 0x44, 0xff, 0xff, 0x2f, 0x44, 0xff,
0xff, 0x2f, 0x43, 0xff, 0xff, 0x30, 0x43, 0xff, 0xff, 0x30, 0x43, 0xff, 0xff, 0x30, 0x43,
0xff, 0xff, 0x30, 0x42, 0xff, 0xff, 0x30, 0x42, 0xff, 0xff, 0x30, 0x41, 0xff, 0xff, 0x30,
0x41, 0xff, 0xff, 0x30, 0x41, 0xff, 0xff, 0x30, 0x40, 0xff, 0xff, 0x26, 0x36, 0xff, 0xff,
0xb1, 0xb7, 0xfe, 0xff, 0xff, 0xff, 0xfe, 0xff, 0x7d, 0x86, 0xff, 0xff, 0x21, 0x31, 0xff,
0xff, 0xd0, 0xd3, 0xfe, 0xff, 0xff, 0xff, 0xfe, 0xff, 0xfe, 0xfe, 0xfe, 0xff, 0xff, 0xff,
0xfe, 0xff, 0xbc, 0xc0, 0xff, 0xff, 0x55, 0x5e, 0xff, 0xff, 0x41, 0x4c, 0xff, 0xff, 0x2c,
0x38, 0xff, 0xff, 0xd2, 0xd4, 0xfe, 0xff, 0xff, 0xff, 0xfe, 0xff, 0xfe, 0xfe, 0xfe, 0xff,
0xff, 0xff, 0xfe, 0xff, 0x7e, 0x85, 0xff, 0xff, 0x24, 0x2e, 0xff, 0xff, 0x30, 0x39, 0xff,
0xff, 0x30, 0x39, 0xff, 0xff, 0x30, 0x38, 0xff, 0xff, 0x30, 0x38, 0xff, 0xff, 0x30, 0x38,
0xff, 0xff, 0x30, 0x38, 0xff, 0xff, 0x30, 0x37, 0xff, 0xff, 0x30, 0x37, 0xff, 0xff, 0x30,
0x36, 0xff, 0xff, 0x30, 0x36, 0xff, 0xff, 0x30, 0x36, 0xff, 0xff, 0x30, 0x35, 0xff, 0xff,
0x30, 0x35, 0xff, 0xff, 0x30, 0x35, 0xff, 0xff, 0x2b, 0x30, 0xff, 0xff, 0x45, 0x48, 0xff,
0xff, 0xf4, 0xf5, 0xfe, 0xff, 0xff, 0xff, 0xfe, 0xff, 0xff, 0xff, 0xfe, 0xff, 0xb5, 0xb6,
0xff, 0xff, 0x22, 0x24, 0xff, 0xff, 0x30, 0x31, 0xff, 0xff, 0x30, 0x31, 0xff, 0xff, 0x30,
0x31, 0xff, 0xff, 0x30, 0x31, 0xff, 0xff, 0x30, 0x30, 0xff, 0xff, 0x2d, 0x2c, 0xff, 0xff,
0x25, 0x24, 0xff, 0xff, 0x38, 0x37, 0xff, 0xff, 0xa3, 0xa1, 0xff, 0xff, 0xfb, 0xfb, 0xfe,
0xff, 0xff, 0xff, 0xfe, 0xff, 0xfe, 0xfe, 0xfe, 0xff, 0xff, 0xff, 0xfe, 0xff, 0xee, 0xee,
0xfe, 0xff, 0x51, 0x4d, 0xff, 0xff, 0x29, 0x25, 0xff, 0xff, 0x2c, 0x27, 0xff, 0xff, 0xa7,
0xa5, 0xfe, 0xff, 0x9b, 0x98, 0xff, 0xff, 0x28, 0x22, 0xff, 0xff, 0x31, 0x2a, 0xff, 0xff,
0x31, 0x2a, 0xff, 0xff, 0x31, 0x2a, 0xff, 0xff, 0x31, 0x2a, 0xff, 0xff, 0x31, 0x2a, 0xff,
0xff, 0x31, 0x29, 0xff, 0xff, 0x31, 0x29, 0xff, 0xff, 0x31, 0x28, 0xff, 0xff, 0x31, 0x28,
0xff, 0xff, 0x31, 0x28, 0xff, 0xff, 0x31, 0x27, 0xff, 0xff, 0x31, 0x27, 0xff, 0xff, 0x31,
0x26, 0xff, 0xff, 0x31, 0x26, 0xff, 0xff, 0x31, 0x26, 0xff, 0xff, 0x31, 0x26, 0xff, 0xff,
0x31, 0x25, 0xff, 0xff, 0x31, 0x25, 0xff, 0xff, 0x31, 0x25, 0xff, 0xff, 0x31, 0x24, 0xff,
0xff, 0x31, 0x24, 0xff, 0xff, 0x31, 0x23, 0xff, 0xff, 0x31, 0x23, 0xff, 0xff, 0x31, 0x23,
0xff, 0xff, 0x31, 0x23, 0xff, 0xff, 0x31, 0x22, 0xff, 0xff, 0x32, 0x22, 0xff, 0xff, 0x22,
0x17, 0xe4, 0x5b, 0xff, 0xff, 0xff, 0x00, 0xff, 0xff, 0xff, 0x00, 0xff, 0xff, 0xff, 0x00,
0xff, 0xff, 0xff, 0x00, 0xff, 0xff, 0xff, 0x00, 0xff, 0xff, 0xff, 0x00, 0xff, 0xff, 0xff,
0x00, 0xff, 0xff, 0xff, 0x00, 0xff, 0xff, 0xff, 0x00, 0xff, 0xff, 0xff, 0x00, 0xff, 0xff,
0xff, 0x00, 0xff, 0xff, 0xff, 0x00, 0xff, 0xff, 0xff, 0x00, 0xff, 0xff, 0xff, 0x00, 0xff,
0xff, 0xff, 0x00, 0xff, 0xff, 0xff, 0x00, 0xff, 0xff, 0xff, 0x00, 0x2f, 0x47, 0xff, 0xfd,
0x2f, 0x47, 0xff, 0xff, 0x2f, 0x47, 0xff, 0xff, 0x2f, 0x46, 0xff, 0xff, 0x2f, 0x46, 0xff,
0xff, 0x2f, 0x45, 0xff, 0xff, 0x2f, 0x45, 0xff, 0xff, 0x2f, 0x45, 0xff, 0xff, 0x2f, 0x44,
0xff, 0xff, 0x2f, 0x44, 0xff, 0xff, 0x2f, 0x43, 0xff, 0xff, 0x30, 0x43, 0xff, 0xff, 0x30,
0x43, 0xff, 0xff, 0x30, 0x43, 0xff, 0xff, 0x30, 0x42, 0xff, 0xff, 0x30, 0x42, 0xff, 0xff,
0x30, 0x42, 0xff, 0xff, 0x30, 0x41, 0xff, 0xff, 0x30, 0x41, 0xff, 0xff, 0x30, 0x40, 0xff,
0xff, 0x30, 0x40, 0xff, 0xff, 0x30, 0x3f, 0xff, 0xff, 0x30, 0x3f, 0xff, 0xff, 0x24, 0x34,
0xff, 0xff, 0xa1, 0xa8, 0xfe, 0xff, 0xff, 0xff, 0xfe, 0xff, 0x9a, 0xa1, 0xff, 0xff, 0x1a,
0x29, 0xff, 0xff, 0x72, 0x7a, 0xff, 0xff, 0xfc, 0xfc, 0xfe, 0xff, 0xfe, 0xfe, 0xfe, 0xff,
0xfe, 0xfe, 0xfe, 0xff, 0xff, 0xff, 0xfe, 0xff, 0xff, 0xff, 0xfe, 0xff, 0xf1, 0xf2, 0xfe,
0xff, 0xd3, 0xd6, 0xfe, 0xff, 0xf5, 0xf5, 0xfe, 0xff, 0xff, 0xff, 0xfe, 0xff, 0xff, 0xff,
0xfe, 0xff, 0xff, 0xff, 0xfe, 0xff, 0x5b, 0x62, 0xff, 0xff, 0x28, 0x30, 0xff, 0xff, 0x30,
0x38, 0xff, 0xff, 0x30, 0x38, 0xff, 0xff, 0x30, 0x38, 0xff, 0xff, 0x30, 0x37, 0xff, 0xff,
0x30, 0x37, 0xff, 0xff, 0x30, 0x37, 0xff, 0xff, 0x30, 0x36, 0xff, 0xff, 0x30, 0x36, 0xff,
0xff, 0x30, 0x35, 0xff, 0xff, 0x30, 0x35, 0xff, 0xff, 0x30, 0x35, 0xff, 0xff, 0x30, 0x35,
0xff, 0xff, 0x30, 0x34, 0xff, 0xff, 0x30, 0x34, 0xff, 0xff, 0x2d, 0x31, 0xff, 0xff, 0x36,
0x39, 0xff, 0xff, 0xe4, 0xe5, 0xfe, 0xff, 0xff, 0xff, 0xfe, 0xff, 0xff, 0xff, 0xfe, 0xff,
0xf3, 0xf4, 0xfe, 0xff, 0x5a, 0x5b, 0xff, 0xff, 0x25, 0x26, 0xff, 0xff, 0x31, 0x31, 0xff,
0xff, 0x31, 0x30, 0xff, 0xff, 0x31, 0x30, 0xff, 0xff, 0x31, 0x30, 0xff, 0xff, 0x31, 0x2f,
0xff, 0xff, 0x31, 0x2f, 0xff, 0xff, 0x2d, 0x2a, 0xff, 0xff, 0x24, 0x20, 0xff, 0xff, 0x65,
0x62, 0xff, 0xff, 0xe7, 0xe7, 0xfe, 0xff, 0xff, 0xff, 0xfe, 0xff, 0xfe, 0xfe, 0xfe, 0xff,
0xff, 0xff, 0xfe, 0xff, 0xd9, 0xd8, 0xfe, 0xff, 0x31, 0x2c, 0xff, 0xff, 0x29, 0x23, 0xff,
0xff, 0xd2, 0xd0, 0xfe, 0xff, 0xff, 0xff, 0xfe, 0xff, 0x5e, 0x59, 0xff, 0xff, 0x29, 0x22,
0xff, 0xff, 0x31, 0x2a, 0xff, 0xff, 0x31, 0x29, 0xff, 0xff, 0x31, 0x29, 0xff, 0xff, 0x31,
0x29, 0xff, 0xff, 0x31, 0x28, 0xff, 0xff, 0x31, 0x28, 0xff, 0xff, 0x31, 0x27, 0xff, 0xff,
0x31, 0x27, 0xff, 0xff, 0x31, 0x26, 0xff, 0xff, 0x31, 0x26, 0xff, 0xff, 0x31, 0x26, 0xff,
0xff, 0x31, 0x26, 0xff, 0xff, 0x31, 0x26, 0xff, 0xff, 0x31, 0x25, 0xff, 0xff, 0x31, 0x25,
0xff, 0xff, 0x31, 0x24, 0xff, 0xff, 0x31, 0x24, 0xff, 0xff, 0x31, 0x23, 0xff, 0xff, 0x31,
0x23, 0xff, 0xff, 0x31, 0x23, 0xff, 0xff, 0x31, 0x23, 0xff, 0xff, 0x31, 0x22, 0xff, 0xff,
0x31, 0x22, 0xff, 0xff, 0x31, 0x22, 0xff, 0xff, 0x31, 0x21, 0xff, 0xff, 0x31, 0x21, 0xff,
0xf8, 0x30, 0x1e, 0xfb, 0x3c, 0xff, 0xff, 0xff, 0x00, 0xff, 0xff, 0xff, 0x00, 0xff, 0xff,
0xff, 0x00, 0xff, 0xff, 0xff, 0x00, 0xff, 0xff, 0xff, 0x00, 0xff, 0xff, 0xff, 0x00, 0xff,
0xff, 0xff, 0x00, 0xff, 0xff, 0xff, 0x00, 0xff, 0xff, 0xff, 0x00, 0xff, 0xff, 0xff, 0x00,
0xff, 0xff, 0xff, 0x00, 0xff, 0xff, 0xff, 0x00, 0xff, 0xff, 0xff, 0x00, 0xff, 0xff, 0xff,
0x00, 0xff, 0xff, 0xff, 0x00, 0xff, 0xff, 0xff, 0x00, 0xff, 0xff, 0xff, 0x00, 0x2f, 0x46,
0xff, 0xf2, 0x2f, 0x46, 0xff, 0xff, 0x2f, 0x46, 0xff, 0xff, 0x2f, 0x45, 0xff, 0xff, 0x2f,
0x45, 0xff, 0xff, 0x2f, 0x44, 0xff, 0xff, 0x2f, 0x44, 0xff, 0xff, 0x2f, 0x43, 0xff, 0xff,
0x2f, 0x43, 0xff, 0xff, 0x30, 0x43, 0xff, 0xff, 0x30, 0x43, 0xff, 0xff, 0x30, 0x43, 0xff,
0xff, 0x30, 0x42, 0xff, 0xff, 0x30, 0x42, 0xff, 0xff, 0x30, 0x41, 0xff, 0xff, 0x30, 0x41,
0xff, 0xff, 0x30, 0x40, 0xff, 0xff, 0x30, 0x40, 0xff, 0xff, 0x30, 0x40, 0xff, 0xff, 0x30,
0x3f, 0xff, 0xff, 0x30, 0x3f, 0xff, 0xff, 0x30, 0x3f, 0xff, 0xff, 0x30, 0x3e, 0xff, 0xff,
0x23, 0x32, 0xff, 0xff, 0x9a, 0xa0, 0xff, 0xff, 0xff, 0xff, 0xfe, 0xff, 0xba, 0xbe, 0xff,
0xff, 0x24, 0x31, 0xff, 0xff, 0x30, 0x3c, 0xff, 0xff, 0xe4, 0xe5, 0xfe, 0xff, 0xff, 0xff,
0xfe, 0xff, 0xfe, 0xfe, 0xfe, 0xff, 0xfe, 0xfe, 0xfe, 0xff, 0xff, 0xff, 0xfe, 0xff, 0xff,
0xff, 0xfe, 0xff, 0xff, 0xff, 0xfe, 0xff, 0xff, 0xff, 0xfe, 0xff, 0xfe, 0xfe, 0xfe, 0xff,
0xff, 0xff, 0xfe, 0xff, 0xf6, 0xf7, 0xfe, 0xff, 0x48, 0x4f, 0xff, 0xff, 0x2b, 0x33, 0xff,
0xff, 0x30, 0x38, 0xff, 0xff, 0x30, 0x37, 0xff, 0xff, 0x30, 0x37, 0xff, 0xff, 0x30, 0x36,
0xff, 0xff, 0x30, 0x36, 0xff, 0xff, 0x30, 0x35, 0xff, 0xff, 0x30, 0x35, 0xff, 0xff, 0x30,
0x35, 0xff, 0xff, 0x30, 0x35, 0xff, 0xff, 0x30, 0x34, 0xff, 0xff, 0x30, 0x34, 0xff, 0xff,
0x30, 0x34, 0xff, 0xff, 0x30, 0x33, 0xff, 0xff, 0x30, 0x33, 0xff, 0xff, 0x30, 0x32, 0xff,
0xff, 0x24, 0x26, 0xff, 0xff, 0x9d, 0x9e, 0xff, 0xff, 0xff, 0xff, 0xfe, 0xff, 0xfe, 0xfe,
0xfe, 0xff, 0xff, 0xff, 0xfe, 0xff, 0xe8, 0xe8, 0xfe, 0xff, 0x4a, 0x49, 0xff, 0xff, 0x29,
0x28, 0xff, 0xff, 0x31, 0x30, 0xff, 0xff, 0x31, 0x2f, 0xff, 0xff, 0x31, 0x2e, 0xff, 0xff,
0x31, 0x2e, 0xff, 0xff, 0x31, 0x2e, 0xff, 0xff, 0x31, 0x2d, 0xff, 0xff, 0x31, 0x2d, 0xff,
0xff, 0x25, 0x21, 0xff, 0xff, 0x48, 0x45, 0xff, 0xff, 0xe3, 0xe2, 0xfe, 0xff, 0xff, 0xff,
0xfe, 0xff, 0xfe, 0xfe, 0xfe, 0xff, 0xff, 0xff, 0xfe, 0xff, 0x8a, 0x86, 0xff, 0xff, 0x1a,
0x13, 0xff, 0xff, 0x86, 0x82, 0xff, 0xff, 0xff, 0xff, 0xfe, 0xff, 0xb4, 0xb2, 0xfe, 0xff,
0x26, 0x1d, 0xff, 0xff, 0x31, 0x29, 0xff, 0xff, 0x31, 0x28, 0xff, 0xff, 0x31, 0x28, 0xff,
0xff, 0x31, 0x27, 0xff, 0xff, 0x31, 0x27, 0xff, 0xff, 0x31, 0x27, 0xff, 0xff, 0x31, 0x26,
0xff, 0xff, 0x31, 0x26, 0xff, 0xff, 0x31, 0x26, 0xff, 0xff, 0x31, 0x26, 0xff, 0xff, 0x31,
0x25, 0xff, 0xff, 0x31, 0x25, 0xff, 0xff, 0x31, 0x24, 0xff, 0xff, 0x31, 0x24, 0xff, 0xff,
0x31, 0x23, 0xff, 0xff, 0x31, 0x23, 0xff, 0xff, 0x31, 0x23, 0xff, 0xff, 0x31, 0x23, 0xff,
0xff, 0x31, 0x23, 0xff, 0xff, 0x31, 0x22, 0xff, 0xff, 0x31, 0x22, 0xff, 0xff, 0x31, 0x21,
0xff, 0xff, 0x31, 0x21, 0xff, 0xff, 0x31, 0x20, 0xff, 0xff, 0x31, 0x20, 0xff, 0xff, 0x31,
0x20, 0xff, 0xe1, 0x32, 0x1e, 0xff, 0x1d, 0xff, 0xff, 0xff, 0x00, 0xff, 0xff, 0xff, 0x00,
0xff, 0xff, 0xff, 0x00, 0xff, 0xff, 0xff, 0x00, 0xff, 0xff, 0xff, 0x00, 0xff, 0xff, 0xff,
0x00, 0xff, 0xff, 0xff, 0x00, 0xff, 0xff, 0xff, 0x00, 0xff, 0xff, 0xff, 0x00, 0xff, 0xff,
0xff, 0x00, 0xff, 0xff, 0xff, 0x00, 0xff, 0xff, 0xff, 0x00, 0xff, 0xff, 0xff, 0x00, 0xff,
0xff, 0xff, 0x00, 0xff, 0xff, 0xff, 0x00, 0xff, 0xff, 0xff, 0x00, 0xff, 0xff, 0xff, 0x00,
0x2f, 0x45, 0xff, 0xdf, 0x2f, 0x45, 0xff, 0xff, 0x2f, 0x44, 0xff, 0xff, 0x2f, 0x44, 0xff,
0xff, 0x2f, 0x44, 0xff, 0xff, 0x2f, 0x43, 0xff, 0xff, 0x30, 0x43, 0xff, 0xff, 0x30, 0x43,
0xff, 0xff, 0x30, 0x43, 0xff, 0xff, 0x30, 0x42, 0xff, 0xff, 0x30, 0x42, 0xff, 0xff, 0x30,
0x41, 0xff, 0xff, 0x30, 0x41, 0xff, 0xff, 0x30, 0x41, 0xff, 0xff, 0x30, 0x40, 0xff, 0xff,
0x30, 0x40, 0xff, 0xff, 0x30, 0x3f, 0xff, 0xff, 0x30, 0x3f, 0xff, 0xff, 0x30, 0x3f, 0xff,
0xff, 0x30, 0x3f, 0xff, 0xff, 0x30, 0x3e, 0xff, 0xff, 0x30, 0x3e, 0xff, 0xff, 0x30, 0x3d,
0xff, 0xff, 0x24, 0x32, 0xff, 0xff, 0xa3, 0xa8, 0xff, 0xff, 0xff, 0xff, 0xfe, 0xff, 0x9f,
0xa4, 0xff, 0xff, 0x1d, 0x2a, 0xff, 0xff, 0x55, 0x5e, 0xff, 0xff, 0xf5, 0xf5, 0xfe, 0xff,
0xff, 0xff, 0xfe, 0xff, 0xfe, 0xfe, 0xfe, 0xff, 0xff, 0xff, 0xfe, 0xff, 0xff, 0xff, 0xfe,
0xff, 0xff, 0xff, 0xfe, 0xff, 0xfe, 0xfe, 0xfe, 0xff, 0xfe, 0xfe, 0xfe, 0xff, 0xfe, 0xfe,
0xfe, 0xff, 0xff, 0xff, 0xfe, 0xff, 0xdd, 0xdd, 0xfe, 0xff, 0x33, 0x3a, 0xff, 0xff, 0x2e,
0x35, 0xff, 0xff, 0x30, 0x36, 0xff, 0xff, 0x30, 0x36, 0xff, 0xff, 0x30, 0x35, 0xff, 0xff,
0x30, 0x35, 0xff, 0xff, 0x30, 0x35, 0xff, 0xff, 0x30, 0x35, 0xff, 0xff, 0x30, 0x35, 0xff,
0xff, 0x30, 0x34, 0xff, 0xff, 0x30, 0x34, 0xff, 0xff, 0x30, 0x33, 0xff, 0xff, 0x30, 0x33,
0xff, 0xff, 0x30, 0x32, 0xff, 0xff, 0x30, 0x32, 0xff, 0xff, 0x30, 0x32, 0xff, 0xff, 0x30,
0x31, 0xff, 0xff, 0x2a, 0x2b, 0xff, 0xff, 0x45, 0x45, 0xff, 0xff, 0xf0, 0xf0, 0xfe, 0xff,
0xff, 0xff, 0xfe, 0xff, 0xfe, 0xfe, 0xfe, 0xff, 0xff, 0xff, 0xfe, 0xff, 0xdb, 0xda, 0xfe,
0xff, 0x39, 0x37, 0xff, 0xff, 0x2c, 0x2a, 0xff, 0xff, 0x31, 0x2e, 0xff, 0xff, 0x31, 0x2d,
0xff, 0xff, 0x31, 0x2d, 0xff, 0xff, 0x31, 0x2d, 0xff, 0xff, 0x31, 0x2d, 0xff, 0xff, 0x31,
0x2c, 0xff, 0xff, 0x31, 0x2c, 0xff, 0xff, 0x24, 0x1f, 0xff, 0xff, 0x60, 0x5b, 0xff, 0xff,
0xfd, 0xfd, 0xfe, 0xff, 0xff, 0xff, 0xfe, 0xff, 0xff, 0xff, 0xfe, 0xff, 0xda, 0xd9, 0xfe,
0xff, 0x29, 0x21, 0xff, 0xff, 0x55, 0x4f, 0xff, 0xff, 0xfe, 0xff, 0xfe, 0xff, 0xea, 0xe9,
0xfe, 0xff, 0x3c, 0x34, 0xff, 0xff, 0x2e, 0x24, 0xff, 0xff, 0x31, 0x27, 0xff, 0xff, 0x31,
0x27, 0xff, 0xff, 0x31, 0x26, 0xff, 0xff, 0x31, 0x26, 0xff, 0xff, 0x31, 0x26, 0xff, 0xff,
0x31, 0x26, 0xff, 0xff, 0x31, 0x25, 0xff, 0xff, 0x31, 0x25, 0xff, 0xff, 0x31, 0x25, 0xff,
0xff, 0x31, 0x24, 0xff, 0xff, 0x31, 0x24, 0xff, 0xff, 0x31, 0x23, 0xff, 0xff, 0x31, 0x23,
0xff, 0xff, 0x31, 0x23, 0xff, 0xff, 0x31, 0x23, 0xff, 0xff, 0x31, 0x22, 0xff, 0xff, 0x31,
0x22, 0xff, 0xff, 0x31, 0x21, 0xff, 0xff, 0x31, 0x21, 0xff, 0xff, 0x31, 0x21, 0xff, 0xff,
0x31, 0x20, 0xff, 0xff, 0x31, 0x20, 0xff, 0xff, 0x31, 0x1f, 0xff, 0xff, 0x32, 0x1f, 0xff,
0xff, 0x2d, 0x1c, 0xf4, 0xbf, 0x22, 0x14, 0xd4, 0x05, 0xff, 0xff, 0xff, 0x00, 0xff, 0xff,
0xff, 0x00, 0xff, 0xff, 0xff, 0x00, 0xff, 0xff, 0xff, 0x00, 0xff, 0xff, 0xff, 0x00, 0xff,
0xff, 0xff, 0x00, 0xff, 0xff, 0xff, 0x00, 0xff, 0xff, 0xff, 0x00, 0xff, 0xff, 0xff, 0x00,
0xff, 0xff, 0xff, 0x00, 0xff, 0xff, 0xff, 0x00, 0xff, 0xff, 0xff, 0x00, 0xff, 0xff, 0xff,
0x00, 0xff, 0xff, 0xff, 0x00, 0xff, 0xff, 0xff, 0x00, 0xff, 0xff, 0xff, 0x00, 0xff, 0xff,
0xff, 0x00, 0x2f, 0x44, 0xfe, 0xc3, 0x2f, 0x44, 0xff, 0xff, 0x2f, 0x43, 0xff, 0xff, 0x30,
0x43, 0xff, 0xff, 0x30, 0x43, 0xff, 0xff, 0x30, 0x43, 0xff, 0xff, 0x30, 0x42, 0xff, 0xff,
0x30, 0x42, 0xff, 0xff, 0x30, 0x41, 0xff, 0xff, 0x30, 0x41, 0xff, 0xff, 0x30, 0x41, 0xff,
0xff, 0x30, 0x40, 0xff, 0xff, 0x30, 0x40, 0xff, 0xff, 0x30, 0x3f, 0xff, 0xff, 0x30, 0x3f,
0xff, 0xff, 0x30, 0x3f, 0xff, 0xff, 0x30, 0x3f, 0xff, 0xff, 0x30, 0x3e, 0xff, 0xff, 0x30,
0x3e, 0xff, 0xff, 0x30, 0x3e, 0xff, 0xff, 0x30, 0x3d, 0xff, 0xff, 0x30, 0x3d, 0xff, 0xff,
0x30, 0x3c, 0xff, 0xff, 0x27, 0x33, 0xff, 0xff, 0xbb, 0xbf, 0xfe, 0xff, 0xff, 0xff, 0xfe,
0xff, 0x69, 0x71, 0xff, 0xff, 0x21, 0x2c, 0xff, 0xff, 0xc8, 0xcb, 0xff, 0xff, 0xff, 0xff,
0xfe, 0xff, 0xfe, 0xfe, 0xfe, 0xff, 0xff, 0xff, 0xfe, 0xff, 0xf5, 0xf5, 0xfe, 0xff, 0xd9,
0xdb, 0xfe, 0xff, 0xea, 0xeb, 0xfe, 0xff, 0xfd, 0xfd, 0xfe, 0xff, 0xfe, 0xfe, 0xfe, 0xff,
0xfe, 0xfe, 0xfe, 0xff, 0xff, 0xff, 0xfe, 0xff, 0xa8, 0xab, 0xff, 0xff, 0x24, 0x2b, 0xff,
0xff, 0x30, 0x36, 0xff, 0xff, 0x30, 0x35, 0xff, 0xff, 0x30, 0x35, 0xff, 0xff, 0x30, 0x35,
0xff, 0xff, 0x30, 0x35, 0xff, 0xff, 0x30, 0x34, 0xff, 0xff, 0x30, 0x34, 0xff, 0xff, 0x30,
0x33, 0xff, 0xff, 0x30, 0x33, 0xff, 0xff, 0x30, 0x33, 0xff, 0xff, 0x30, 0x32, 0xff, 0xff,
0x30, 0x32, 0xff, 0xff, 0x30, 0x31, 0xff, 0xff, 0x30, 0x31, 0xff, 0xff, 0x30, 0x31, 0xff,
0xff, 0x31, 0x31, 0xff, 0xff, 0x31, 0x30, 0xff, 0xff, 0x27, 0x25, 0xff, 0xff, 0x6c, 0x6b,
0xff, 0xff, 0xfd, 0xfd, 0xfe, 0xff, 0xff, 0xff, 0xfe, 0xff, 0xfe, 0xfe, 0xfe, 0xff, 0xff,
0xff, 0xfe, 0xff, 0xba, 0xb9, 0xff, 0xff, 0x29, 0x24, 0xff, 0xff, 0x30, 0x2c, 0xff, 0xff,
0x31, 0x2d, 0xff, 0xff, 0x31, 0x2d, 0xff, 0xff, 0x31, 0x2c, 0xff, 0xff, 0x31, 0x2c, 0xff,
0xff, 0x31, 0x2b, 0xff, 0xff, 0x31, 0x2b, 0xff, 0xff, 0x30, 0x29, 0xff, 0xff, 0x2f, 0x27,
0xff, 0xff, 0xd4, 0xd3, 0xfe, 0xff, 0xff, 0xff, 0xfe, 0xff, 0xff, 0xff, 0xfe, 0xff, 0xf2,
0xf2, 0xfe, 0xff, 0x40, 0x38, 0xff, 0xff, 0x3e, 0x36, 0xff, 0xff, 0xf3, 0xf2, 0xfe, 0xff,
0xff, 0xff, 0xfe, 0xff, 0x61, 0x59, 0xff, 0xff, 0x28, 0x1d, 0xff, 0xff, 0x31, 0x26, 0xff,
0xff, 0x31, 0x26, 0xff, 0xff, 0x31, 0x26, 0xff, 0xff, 0x31, 0x26, 0xff, 0xff, 0x31, 0x25,
0xff, 0xff, 0x31, 0x25, 0xff, 0xff, 0x31, 0x24, 0xff, 0xff, 0x31, 0x24, 0xff, 0xff, 0x31,
0x23, 0xff, 0xff, 0x31, 0x23, 0xff, 0xff, 0x31, 0x23, 0xff, 0xff, 0x31, 0x23, 0xff, 0xff,
0x31, 0x22, 0xff, 0xff, 0x31, 0x22, 0xff, 0xff, 0x31, 0x22, 0xff, 0xff, 0x31, 0x21, 0xff,
0xff, 0x31, 0x21, 0xff, 0xff, 0x31, 0x20, 0xff, 0xff, 0x31, 0x20, 0xff, 0xff, 0x31, 0x1f,
0xff, 0xff, 0x31, 0x1f, 0xff, 0xff, 0x31, 0x1f, 0xff, 0xff, 0x31, 0x1f, 0xff, 0xff, 0x32,
0x1f, 0xff, 0xff, 0x2c, 0x1b, 0xf8, 0xa5, 0x23, 0x15, 0xe9, 0x00, 0xff, 0xff, 0xff, 0x00,
0xff, 0xff, 0xff, 0x00, 0xff, 0xff, 0xff, 0x00, 0xff, 0xff, 0xff, 0x00, 0xff, 0xff, 0xff,
0x00, 0xff, 0xff, 0xff, 0x00, 0xff, 0xff, 0xff, 0x00, 0xff, 0xff, 0xff, 0x00, 0xff, 0xff,
0xff, 0x00, 0xff, 0xff, 0xff, 0x00, 0xff, 0xff, 0xff, 0x00, 0xff, 0xff, 0xff, 0x00, 0xff,
0xff, 0xff, 0x00, 0xff, 0xff, 0xff, 0x00, 0xff, 0xff, 0xff, 0x00, 0xff, 0xff, 0xff, 0x00,
0xff, 0xff, 0xff, 0x00, 0x2c, 0x3e, 0xf5, 0xa9, 0x30, 0x44, 0xff, 0xff, 0x30, 0x43, 0xff,
0xff, 0x30, 0x42, 0xff, 0xff, 0x30, 0x42, 0xff, 0xff, 0x30, 0x42, 0xff, 0xff, 0x30, 0x41,
0xff, 0xff, 0x30, 0x41, 0xff, 0xff, 0x30, 0x40, 0xff, 0xff, 0x30, 0x40, 0xff, 0xff, 0x30,
0x3f, 0xff, 0xff, 0x30, 0x3f, 0xff, 0xff, 0x30, 0x3f, 0xff, 0xff, 0x30, 0x3f, 0xff, 0xff,
0x30, 0x3f, 0xff, 0xff, 0x30, 0x3e, 0xff, 0xff, 0x30, 0x3e, 0xff, 0xff, 0x30, 0x3d, 0xff,
0xff, 0x30, 0x3d, 0xff, 0xff, 0x30, 0x3c, 0xff, 0xff, 0x30, 0x3c, 0xff, 0xff, 0x30, 0x3c,
0xff, 0xff, 0x2f, 0x3a, 0xff, 0xff, 0x31, 0x3c, 0xff, 0xff, 0xdb, 0xdd, 0xfe, 0xff, 0xf6,
0xf7, 0xfe, 0xff, 0x3b, 0x45, 0xff, 0xff, 0x43, 0x4c, 0xff, 0xff, 0xf6, 0xf6, 0xfe, 0xff,
0xff, 0xff, 0xfe, 0xff, 0xff, 0xff, 0xfe, 0xff, 0xf9, 0xfa, 0xfe, 0xff, 0x62, 0x68, 0xff,
0xff, 0x29, 0x32, 0xff, 0xff, 0x42, 0x48, 0xff, 0xff, 0xe6, 0xe7, 0xfe, 0xff, 0xff, 0xff,
0xfe, 0xff, 0xfe, 0xfe, 0xfe, 0xff, 0xff, 0xff, 0xfe, 0xff, 0x6f, 0x73, 0xff, 0xff, 0x25,
0x2b, 0xff, 0xff, 0x30, 0x35, 0xff, 0xff, 0x30, 0x35, 0xff, 0xff, 0x30, 0x34, 0xff, 0xff,
0x30, 0x34, 0xff, 0xff, 0x30, 0x34, 0xff, 0xff, 0x30, 0x33, 0xff, 0xff, 0x30, 0x33, 0xff,
0xff, 0x30, 0x32, 0xff, 0xff, 0x30, 0x32, 0xff, 0xff, 0x30, 0x31, 0xff, 0xff, 0x30, 0x31,
0xff, 0xff, 0x30, 0x31, 0xff, 0xff, 0x31, 0x31, 0xff, 0xff, 0x31, 0x31, 0xff, 0xff, 0x31,
0x30, 0xff, 0xff, 0x31, 0x30, 0xff, 0xff, 0x31, 0x2f, 0xff, 0xff, 0x31, 0x2e, 0xff, 0xff,
0x25, 0x22, 0xff, 0xff, 0x7e, 0x7c, 0xff, 0xff, 0xfd, 0xfd, 0xfe, 0xff, 0xfe, 0xfe, 0xfe,
0xff, 0xff, 0xff, 0xfe, 0xff, 0xff, 0xff, 0xfe, 0xff, 0x6d, 0x6a, 0xff, 0xff, 0x28, 0x23,
0xff, 0xff, 0x31, 0x2c, 0xff, 0xff, 0x31, 0x2b, 0xff, 0xff, 0x31, 0x2b, 0xff, 0xff, 0x31,
0x2a, 0xff, 0xff, 0x31, 0x2a, 0xff, 0xff, 0x31, 0x2a, 0xff, 0xff, 0x31, 0x2a, 0xff, 0xff,
0x25, 0x1c, 0xff, 0xff, 0xa7, 0xa3, 0xff, 0xff, 0xff, 0xff, 0xfe, 0xff, 0xff, 0xff, 0xfe,
0xff, 0xff, 0xff, 0xfe, 0xff, 0x5a, 0x52, 0xff, 0xff, 0x2f, 0x25, 0xff, 0xff, 0xe2, 0xe0,
0xfe, 0xff, 0xff, 0xff, 0xfe, 0xff, 0x76, 0x6e, 0xff, 0xff, 0x26, 0x1b, 0xff, 0xff, 0x31,
0x26, 0xff, 0xff, 0x31, 0x25, 0xff, 0xff, 0x31, 0x25, 0xff, 0xff, 0x31, 0x24, 0xff, 0xff,
0x31, 0x24, 0xff, 0xff, 0x31, 0x23, 0xff, 0xff, 0x31, 0x23, 0xff, 0xff, 0x31, 0x23, 0xff,
0xff, 0x31, 0x23, 0xff, 0xff, 0x31, 0x23, 0xff, 0xff, 0x31, 0x22, 0xff, 0xff, 0x31, 0x22,
0xff, 0xff, 0x31, 0x21, 0xff, 0xff, 0x31, 0x21, 0xff, 0xff, 0x31, 0x20, 0xff, 0xff, 0x31,
0x20, 0xff, 0xff, 0x31, 0x20, 0xff, 0xff, 0x31, 0x1f, 0xff, 0xff, 0x31, 0x1f, 0xff, 0xff,
0x31, 0x1f, 0xff, 0xff, 0x31, 0x1f, 0xff, 0xff, 0x31, 0x1e, 0xff, 0xff, 0x32, 0x1e, 0xff,
0xff, 0x32, 0x1e, 0xff, 0xff, 0x30, 0x1a, 0xfb, 0x8a, 0x2d, 0x17, 0xf7, 0x00, 0xff, 0xff,
0xff, 0x00, 0xff, 0xff, 0xff, 0x00, 0xff, 0xff, 0xff, 0x00, 0xff, 0xff, 0xff, 0x00, 0xff,
0xff, 0xff, 0x00, 0xff, 0xff, 0xff, 0x00, 0xff, 0xff, 0xff, 0x00, 0xff, 0xff, 0xff, 0x00,
0xff, 0xff, 0xff, 0x00, 0xff, 0xff, 0xff, 0x00, 0xff, 0xff, 0xff, 0x00, 0xff, 0xff, 0xff,
0x00, 0xff, 0xff, 0xff, 0x00, 0xff, 0xff, 0xff, 0x00, 0xff, 0xff, 0xff, 0x00, 0xff, 0xff,
0xff, 0x00, 0xff, 0xff, 0xff, 0x00, 0x2b, 0x3d, 0xf3, 0x90, 0x31, 0x43, 0xff, 0xff, 0x30,
0x42, 0xff, 0xff, 0x30, 0x41, 0xff, 0xff, 0x30, 0x41, 0xff, 0xff, 0x30, 0x40, 0xff, 0xff,
0x30, 0x40, 0xff, 0xff, 0x30, 0x40, 0xff, 0xff, 0x30, 0x3f, 0xff, 0xff, 0x30, 0x3f, 0xff,
0xff, 0x30, 0x3f, 0xff, 0xff, 0x30, 0x3f, 0xff, 0xff, 0x30, 0x3e, 0xff, 0xff, 0x30, 0x3e,
0xff, 0xff, 0x30, 0x3d, 0xff, 0xff, 0x30, 0x3d, 0xff, 0xff, 0x30, 0x3c, 0xff, 0xff, 0x30,
0x3c, 0xff, 0xff, 0x30, 0x3c, 0xff, 0xff, 0x30, 0x3c, 0xff, 0xff, 0x30, 0x3c, 0xff, 0xff,
0x30, 0x3b, 0xff, 0xff, 0x2c, 0x37, 0xff, 0xff, 0x3c, 0x46, 0xff, 0xff, 0xf2, 0xf3, 0xfe,
0xff, 0xe1, 0xe2, 0xfe, 0xff, 0x29, 0x33, 0xff, 0xff, 0x64, 0x6b, 0xff, 0xff, 0xff, 0xff,
0xfe, 0xff, 0xff, 0xfe, 0xfe, 0xff, 0xff, 0xff, 0xfe, 0xff, 0xc1, 0xc3, 0xff, 0xff, 0x23,
0x2b, 0xff, 0xff, 0x28, 0x2f, 0xff, 0xff, 0x43, 0x49, 0xff, 0xff, 0xf3, 0xf4, 0xfe, 0xff,
0xff, 0xff, 0xfe, 0xff, 0xff, 0xff, 0xfe, 0xff, 0xfc, 0xfc, 0xfe, 0xff, 0x50, 0x55, 0xff,
0xff, 0x2a, 0x2e, 0xff, 0xff, 0x30, 0x34, 0xff, 0xff, 0x30, 0x34, 0xff, 0xff, 0x30, 0x33,
0xff, 0xff, 0x30, 0x33, 0xff, 0xff, 0x30, 0x32, 0xff, 0xff, 0x30, 0x32, 0xff, 0xff, 0x30,
0x32, 0xff, 0xff, 0x30, 0x31, 0xff, 0xff, 0x30, 0x31, 0xff, 0xff, 0x31, 0x31, 0xff, 0xff,
0x31, 0x31, 0xff, 0xff, 0x31, 0x30, 0xff, 0xff, 0x31, 0x30, 0xff, 0xff, 0x31, 0x2f, 0xff,
0xff, 0x31, 0x2f, 0xff, 0xff, 0x31, 0x2f, 0xff, 0xff, 0x31, 0x2e, 0xff, 0xff, 0x31, 0x2e,
0xff, 0xff, 0x30, 0x2c, 0xff, 0xff, 0x22, 0x1e, 0xff, 0xff, 0x93, 0x91, 0xff, 0xff, 0xff,
0xff, 0xfe, 0xff, 0xfe, 0xfe, 0xfe, 0xff, 0xff, 0xff, 0xfe, 0xff, 0xcd, 0xcc, 0xff, 0xff,
0x2c, 0x26, 0xff, 0xff, 0x30, 0x29, 0xff, 0xff, 0x31, 0x2a, 0xff, 0xff, 0x31, 0x2a, 0xff,
0xff, 0x31, 0x2a, 0xff, 0xff, 0x31, 0x2a, 0xff, 0xff, 0x31, 0x29, 0xff, 0xff, 0x31, 0x29,
0xff, 0xff, 0x25, 0x1c, 0xff, 0xff, 0xa3, 0x9f, 0xff, 0xff, 0xff, 0xff, 0xfe, 0xff, 0xff,
0xff, 0xfe, 0xff, 0xff, 0xff, 0xfe, 0xff, 0x5f, 0x57, 0xff, 0xff, 0x2e, 0x23, 0xff, 0xff,
0xe1, 0xe0, 0xfe, 0xff, 0xff, 0xff, 0xfe, 0xff, 0x73, 0x6b, 0xff, 0xff, 0x26, 0x1a, 0xff,
0xff, 0x31, 0x24, 0xff, 0xff, 0x31, 0x24, 0xff, 0xff, 0x31, 0x24, 0xff, 0xff, 0x31, 0x23,
0xff, 0xff, 0x31, 0x23, 0xff, 0xff, 0x31, 0x23, 0xff, 0xff, 0x31, 0x23, 0xff, 0xff, 0x31,
0x22, 0xff, 0xff, 0x31, 0x22, 0xff, 0xff, 0x31, 0x21, 0xff, 0xff, 0x31, 0x21, 0xff, 0xff,
0x31, 0x21, 0xff, 0xff, 0x31, 0x20, 0xff, 0xff, 0x31, 0x20, 0xff, 0xff, 0x31, 0x1f, 0xff,
0xff, 0x31, 0x1f, 0xff, 0xff, 0x31, 0x1f, 0xff, 0xff, 0x31, 0x1f, 0xff, 0xff, 0x31, 0x1e,
0xff, 0xff, 0x32, 0x1e, 0xff, 0xff, 0x32, 0x1d, 0xff, 0xff, 0x32, 0x1d, 0xff, 0xff, 0x32,
0x1d, 0xff, 0xff, 0x32, 0x1c, 0xff, 0xff, 0x31, 0x1b, 0xfd, 0x58, 0x31, 0x1a, 0xfb, 0x00,
0xff, 0xff, 0xff, 0x00, 0xff, 0xff, 0xff, 0x00, 0xff, 0xff, 0xff, 0x00, 0xff, 0xff, 0xff,
0x00, 0xff, 0xff, 0xff, 0x00, 0xff, 0xff, 0xff, 0x00, 0xff, 0xff, 0xff, 0x00, 0xff, 0xff,
0xff, 0x00, 0xff, 0xff, 0xff, 0x00, 0xff, 0xff, 0xff, 0x00, 0xff, 0xff, 0xff, 0x00, 0xff,
0xff, 0xff, 0x00, 0xff, 0xff, 0xff, 0x00, 0xff, 0xff, 0xff, 0x00, 0xff, 0xff, 0xff, 0x00,
0xff, 0xff, 0xff, 0x00, 0xff, 0xff, 0xff, 0x00, 0x28, 0x38, 0xec, 0x60, 0x31, 0x42, 0xff,
0xff, 0x30, 0x40, 0xff, 0xff, 0x30, 0x40, 0xff, 0xff, 0x30, 0x40, 0xff, 0xff, 0x30, 0x3f,
0xff, 0xff, 0x30, 0x3f, 0xff, 0xff, 0x30, 0x3f, 0xff, 0xff, 0x30, 0x3f, 0xff, 0xff, 0x30,
0x3e, 0xff, 0xff, 0x30, 0x3e, 0xff, 0xff, 0x30, 0x3e, 0xff, 0xff, 0x30, 0x3d, 0xff, 0xff,
0x30, 0x3d, 0xff, 0xff, 0x30, 0x3c, 0xff, 0xff, 0x30, 0x3c, 0xff, 0xff, 0x30, 0x3c, 0xff,
0xff, 0x30, 0x3c, 0xff, 0xff, 0x30, 0x3b, 0xff, 0xff, 0x30, 0x3b, 0xff, 0xff, 0x30, 0x3a,
0xff, 0xff, 0x30, 0x3a, 0xff, 0xff, 0x2c, 0x36, 0xff, 0xff, 0x3c, 0x45, 0xff, 0xff, 0xf0,
0xf1, 0xfe, 0xff, 0xe7, 0xe8, 0xfe, 0xff, 0x2c, 0x34, 0xff, 0xff, 0x62, 0x68, 0xff, 0xff,
0xff, 0xff, 0xfe, 0xff, 0xff, 0xfe, 0xfe, 0xff, 0xff, 0xff, 0xfe, 0xff, 0xc9, 0xcb, 0xff,
0xff, 0x2b, 0x31, 0xff, 0xff, 0x1c, 0x22, 0xff, 0xff, 0x73, 0x77, 0xff, 0xff, 0xff, 0xff,
0xfe, 0xff, 0xfe, 0xfe, 0xfe, 0xff, 0xff, 0xff, 0xfe, 0xff, 0xe7, 0xe8, 0xfe, 0xff, 0x39,
0x3d, 0xff, 0xff, 0x2d, 0x31, 0xff, 0xff, 0x30, 0x33, 0xff, 0xff, 0x30, 0x33, 0xff, 0xff,
0x30, 0x32, 0xff, 0xff, 0x30, 0x32, 0xff, 0xff, 0x30, 0x31, 0xff, 0xff, 0x30, 0x31, 0xff,
0xff, 0x30, 0x31, 0xff, 0xff, 0x31, 0x31, 0xff, 0xff, 0x31, 0x30, 0xff, 0xff, 0x31, 0x30,
0xff, 0xff, 0x31, 0x2f, 0xff, 0xff, 0x31, 0x2f, 0xff, 0xff, 0x31, 0x2f, 0xff, 0xff, 0x31,
0x2e, 0xff, 0xff, 0x31, 0x2e, 0xff, 0xff, 0x31, 0x2d, 0xff, 0xff, 0x31, 0x2d, 0xff, 0xff,
0x31, 0x2d, 0xff, 0xff, 0x30, 0x2c, 0xff, 0xff, 0x21, 0x1b, 0xff, 0xff, 0x7e, 0x7b, 0xff,
0xff, 0xff, 0xff, 0xfe, 0xff, 0xfe, 0xfe, 0xfe, 0xff, 0xff, 0xff, 0xfe, 0xff, 0xe3, 0xe2,
0xfe, 0xff, 0x37, 0x30, 0xff, 0xff, 0x2e, 0x27, 0xff, 0xff, 0x31, 0x2a, 0xff, 0xff, 0x31,
0x29, 0xff, 0xff, 0x31, 0x29, 0xff, 0xff, 0x31, 0x28, 0xff, 0xff, 0x31, 0x28, 0xff, 0xff,
0x31, 0x27, 0xff, 0xff, 0x29, 0x1f, 0xff, 0xff, 0xc2, 0xbf, 0xff, 0xff, 0xff, 0xff, 0xfe,
0xff, 0xff, 0xff, 0xfe, 0xff, 0xfc, 0xfc, 0xfe, 0xff, 0x50, 0x47, 0xff, 0xff, 0x39, 0x2e,
0xff, 0xff, 0xf0, 0xef, 0xfe, 0xff, 0xff, 0xff, 0xfe, 0xff, 0x5e, 0x54, 0xff, 0xff, 0x29,
0x1b, 0xff, 0xff, 0x31, 0x23, 0xff, 0xff, 0x31, 0x23, 0xff, 0xff, 0x31, 0x23, 0xff, 0xff,
0x31, 0x23, 0xff, 0xff, 0x31, 0x22, 0xff, 0xff, 0x31, 0x22, 0xff, 0xff, 0x31, 0x21, 0xff,
0xff, 0x31, 0x21, 0xff, 0xff, 0x31, 0x21, 0xff, 0xff, 0x31, 0x20, 0xff, 0xff, 0x31, 0x20,
0xff, 0xff, 0x31, 0x1f, 0xff, 0xff, 0x31, 0x1f, 0xff, 0xff, 0x31, 0x1f, 0xff, 0xff, 0x31,
0x1f, 0xff, 0xff, 0x31, 0x1e, 0xff, 0xff, 0x32, 0x1e, 0xff, 0xff, 0x32, 0x1e, 0xff, 0xff,
0x32, 0x1d, 0xff, 0xff, 0x32, 0x1d, 0xff, 0xff, 0x32, 0x1c, 0xff, 0xff, 0x32, 0x1c, 0xff,
0xff, 0x32, 0x1b, 0xff, 0xff, 0x32, 0x1b, 0xfe, 0xf4, 0x28, 0x17, 0xf4, 0x1e, 0x27, 0x16,
0xf3, 0x00, 0xff, 0xff, 0xff, 0x00, 0xff, 0xff, 0xff, 0x00, 0xff, 0xff, 0xff, 0x00, 0xff,
0xff, 0xff, 0x00, 0xff, 0xff, 0xff, 0x00, 0xff, 0xff, 0xff, 0x00, 0xff, 0xff, 0xff, 0x00,
0xff, 0xff, 0xff, 0x00, 0xff, 0xff, 0xff, 0x00, 0xff, 0xff, 0xff, 0x00, 0xff, 0xff, 0xff,
0x00, 0xff, 0xff, 0xff, 0x00, 0xff, 0xff, 0xff, 0x00, 0xff, 0xff, 0xff, 0x00, 0xff, 0xff,
0xff, 0x00, 0xff, 0xff, 0xff, 0x00, 0xff, 0xff, 0xff, 0x00, 0x1f, 0x29, 0xdc, 0x1f, 0x30,
0x40, 0xfe, 0xf5, 0x30, 0x40, 0xff, 0xff, 0x30, 0x3f, 0xff, 0xff, 0x30, 0x3f, 0xff, 0xff,
0x30, 0x3f, 0xff, 0xff, 0x30, 0x3f, 0xff, 0xff, 0x30, 0x3e, 0xff, 0xff, 0x30, 0x3e, 0xff,
0xff, 0x30, 0x3d, 0xff, 0xff, 0x30, 0x3d, 0xff, 0xff, 0x30, 0x3c, 0xff, 0xff, 0x30, 0x3c,
0xff, 0xff, 0x30, 0x3c, 0xff, 0xff, 0x30, 0x3c, 0xff, 0xff, 0x30, 0x3b, 0xff, 0xff, 0x30,
0x3b, 0xff, 0xff, 0x30, 0x3b, 0xff, 0xff, 0x30, 0x3a, 0xff, 0xff, 0x30, 0x3a, 0xff, 0xff,
0x30, 0x39, 0xff, 0xff, 0x30, 0x39, 0xff, 0xff, 0x2f, 0x37, 0xff, 0xff, 0x2f, 0x37, 0xff,
0xff, 0xd7, 0xd9, 0xfe, 0xff, 0xfd, 0xfd, 0xfe, 0xff, 0x4a, 0x50, 0xff, 0xff, 0x3d, 0x44,
0xff, 0xff, 0xf4, 0xf4, 0xfe, 0xff, 0xff, 0xff, 0xfe, 0xff, 0xfe, 0xfe, 0xfe, 0xff, 0xff,
0xff, 0xfe, 0xff, 0xc2, 0xc3, 0xff, 0xff, 0x41, 0x46, 0xff, 0xff, 0xa9, 0xaa, 0xff, 0xff,
0xff, 0xff, 0xfe, 0xff, 0xfe, 0xfe, 0xfe, 0xff, 0xff, 0xff, 0xfe, 0xff, 0xb7, 0xb8, 0xff,
0xff, 0x26, 0x29, 0xff, 0xff, 0x30, 0x32, 0xff, 0xff, 0x30, 0x32, 0xff, 0xff, 0x30, 0x31,
0xff, 0xff, 0x30, 0x31, 0xff, 0xff, 0x30, 0x31, 0xff, 0xff, 0x31, 0x31, 0xff, 0xff, 0x31,
0x30, 0xff, 0xff, 0x31, 0x30, 0xff, 0xff, 0x31, 0x30, 0xff, 0xff, 0x31, 0x2f, 0xff, 0xff,
0x31, 0x2f, 0xff, 0xff, 0x31, 0x2e, 0xff, 0xff, 0x31, 0x2e, 0xff, 0xff, 0x31, 0x2d, 0xff,
0xff, 0x31, 0x2d, 0xff, 0xff, 0x31, 0x2d, 0xff, 0xff, 0x31, 0x2d, 0xff, 0xff, 0x31, 0x2d,
0xff, 0xff, 0x2f, 0x2a, 0xff, 0xff, 0x25, 0x1f, 0xff, 0xff, 0x6f, 0x6b, 0xff, 0xff, 0xf7,
0xf7, 0xfe, 0xff, 0xff, 0xff, 0xfe, 0xff, 0xfe, 0xfe, 0xfe, 0xff, 0xff, 0xff, 0xfe, 0xff,
0xc9, 0xc7, 0xff, 0xff, 0x2c, 0x24, 0xff, 0xff, 0x30, 0x28, 0xff, 0xff, 0x31, 0x29, 0xff,
0xff, 0x31, 0x28, 0xff, 0xff, 0x31, 0x28, 0xff, 0xff, 0x31, 0x27, 0xff, 0xff, 0x31, 0x27,
0xff, 0xff, 0x2e, 0x23, 0xff, 0xff, 0x3e, 0x34, 0xff, 0xff, 0xec, 0xeb, 0xfe, 0xff, 0xff,
0xff, 0xfe, 0xff, 0xff, 0xff, 0xfe, 0xff, 0xec, 0xeb, 0xfe, 0xff, 0x38, 0x2c, 0xff, 0xff,
0x4b, 0x3f, 0xff, 0xff, 0xfc, 0xfc, 0xfe, 0xff, 0xf0, 0xef, 0xfe, 0xff, 0x40, 0x33, 0xff,
0xff, 0x2d, 0x1f, 0xff, 0xff, 0x31, 0x23, 0xff, 0xff, 0x31, 0x23, 0xff, 0xff, 0x31, 0x22,
0xff, 0xff, 0x31, 0x22, 0xff, 0xff, 0x31, 0x21, 0xff, 0xff, 0x31, 0x21, 0xff, 0xff, 0x31,
0x20, 0xff, 0xff, 0x31, 0x20, 0xff, 0xff, 0x31, 0x1f, 0xff, 0xff, 0x31, 0x1f, 0xff, 0xff,
0x31, 0x1f, 0xff, 0xff, 0x31, 0x1f, 0xff, 0xff, 0x31, 0x1f, 0xff, 0xff, 0x31, 0x1e, 0xff,
0xff, 0x32, 0x1e, 0xff, 0xff, 0x32, 0x1d, 0xff, 0xff, 0x32, 0x1d, 0xff, 0xff, 0x32, 0x1c,
0xff, 0xff, 0x32, 0x1c, 0xff, 0xff, 0x32, 0x1c, 0xff, 0xff, 0x32, 0x1b, 0xff, 0xff, 0x32,
0x1b, 0xff, 0xff, 0x32, 0x1b, 0xff, 0xff, 0x30, 0x18, 0xfd, 0xc5, 0x26, 0x0f, 0xf0, 0x00,
0x26, 0x0f, 0xf0, 0x00, 0xff, 0xff, 0xff, 0x00, 0xff, 0xff, 0xff, 0x00, 0xff, 0xff, 0xff,
0x00, 0xff, 0xff, 0xff, 0x00, 0xff, 0xff, 0xff, 0x00, 0xff, 0xff, 0xff, 0x00, 0xff, 0xff,
0xff, 0x00, 0xff, 0xff, 0xff, 0x00, 0xff, 0xff, 0xff, 0x00, 0xff, 0xff, 0xff, 0x00, 0xff,
0xff, 0xff, 0x00, 0xff, 0xff, 0xff, 0x00, 0xff, 0xff, 0xff, 0x00, 0xff, 0xff, 0xff, 0x00,
0xff, 0xff, 0xff, 0x00, 0xff, 0xff, 0xff, 0x00, 0xff, 0xff, 0xff, 0x00, 0x29, 0x39, 0xf7,
0x00, 0x2f, 0x3e, 0xfd, 0xc1, 0x30, 0x3f, 0xff, 0xff, 0x30, 0x3f, 0xff, 0xff, 0x30, 0x3e,
0xff, 0xff, 0x30, 0x3e, 0xff, 0xff, 0x30, 0x3d, 0xff, 0xff, 0x30, 0x3d, 0xff, 0xff, 0x30,
0x3c, 0xff, 0xff, 0x30, 0x3c, 0xff, 0xff, 0x30, 0x3c, 0xff, 0xff, 0x30, 0x3c, 0xff, 0xff,
0x30, 0x3c, 0xff, 0xff, 0x30, 0x3b, 0xff, 0xff, 0x30, 0x3b, 0xff, 0xff, 0x30, 0x3a, 0xff,
0xff, 0x30, 0x3a, 0xff, 0xff, 0x30, 0x39, 0xff, 0xff, 0x30, 0x39, 0xff, 0xff, 0x30, 0x39,
0xff, 0xff, 0x30, 0x38, 0xff, 0xff, 0x30, 0x38, 0xff, 0xff, 0x30, 0x38, 0xff, 0xff, 0x25,
0x2d, 0xff, 0xff, 0xb6, 0xb8, 0xfe, 0xff, 0xff, 0xff, 0xfe, 0xff, 0x7b, 0x7f, 0xff, 0xff,
0x1c, 0x23, 0xff, 0xff, 0xc2, 0xc4, 0xff, 0xff, 0xff, 0xff, 0xfe, 0xff, 0xfe, 0xfe, 0xfe,
0xff, 0xfe, 0xfe, 0xfe, 0xff, 0xff, 0xff, 0xfe, 0xff, 0xf5, 0xf5, 0xfe, 0xff, 0xf5, 0xf5,
0xfe, 0xff, 0xfe, 0xfe, 0xfe, 0xff, 0xfe, 0xfe, 0xfe, 0xff, 0xff, 0xff, 0xfe, 0xff, 0x7e,
0x7f, 0xff, 0xff, 0x24, 0x26, 0xff, 0xff, 0x30, 0x31, 0xff, 0xff, 0x30, 0x31, 0xff, 0xff,
0x31, 0x31, 0xff, 0xff, 0x31, 0x31, 0xff, 0xff, 0x31, 0x30, 0xff, 0xff, 0x31, 0x30, 0xff,
0xff, 0x31, 0x2f, 0xff, 0xff, 0x31, 0x2f, 0xff, 0xff, 0x31, 0x2e, 0xff, 0xff, 0x31, 0x2e,
0xff, 0xff, 0x31, 0x2e, 0xff, 0xff, 0x31, 0x2d, 0xff, 0xff, 0x31, 0x2d, 0xff, 0xff, 0x31,
0x2d, 0xff, 0xff, 0x31, 0x2d, 0xff, 0xff, 0x31, 0x2c, 0xff, 0xff, 0x31, 0x2c, 0xff, 0xff,
0x2d, 0x27, 0xff, 0xff, 0x29, 0x23, 0xff, 0xff, 0x8b, 0x87, 0xff, 0xff, 0xfe, 0xfe, 0xfe,
0xff, 0xff, 0xff, 0xfe, 0xff, 0xfe, 0xfe, 0xfe, 0xff, 0xff, 0xff, 0xfe, 0xff, 0xf9, 0xf9,
0xfe, 0xff, 0x59, 0x52, 0xff, 0xff, 0x2a, 0x20, 0xff, 0xff, 0x31, 0x28, 0xff, 0xff, 0x31,
0x27, 0xff, 0xff, 0x31, 0x27, 0xff, 0xff, 0x31, 0x27, 0xff, 0xff, 0x31, 0x26, 0xff, 0xff,
0x31, 0x26, 0xff, 0xff, 0x28, 0x1c, 0xff, 0xff, 0x5d, 0x53, 0xff, 0xff, 0xff, 0xff, 0xfe,
0xff, 0xff, 0xff, 0xfe, 0xff, 0xff, 0xff, 0xfe, 0xff, 0xd6, 0xd4, 0xfe, 0xff, 0x26, 0x18,
0xff, 0xff, 0x64, 0x59, 0xff, 0xff, 0xff, 0xff, 0xfe, 0xff, 0xcb, 0xc7, 0xfe, 0xff, 0x2a,
0x1c, 0xff, 0xff, 0x30, 0x21, 0xff, 0xff, 0x31, 0x22, 0xff, 0xff, 0x31, 0x21, 0xff, 0xff,
0x31, 0x21, 0xff, 0xff, 0x31, 0x20, 0xff, 0xff, 0x31, 0x20, 0xff, 0xff, 0x31, 0x20, 0xff,
0xff, 0x31, 0x1f, 0xff, 0xff, 0x31, 0x1f, 0xff, 0xff, 0x31, 0x1f, 0xff, 0xff, 0x31, 0x1f,
0xff, 0xff, 0x31, 0x1e, 0xff, 0xff, 0x32, 0x1e, 0xff, 0xff, 0x32, 0x1d, 0xff, 0xff, 0x32,
0x1d, 0xff, 0xff, 0x32, 0x1d, 0xff, 0xff, 0x32, 0x1c, 0xff, 0xff, 0x32, 0x1c, 0xff, 0xff,
0x32, 0x1b, 0xff, 0xff, 0x32, 0x1b, 0xff, 0xff, 0x32, 0x1b, 0xff, 0xff, 0x32, 0x1b, 0xff,
0xff, 0x32, 0x1a, 0xff, 0xff, 0x33, 0x1b, 0xff, 0xff, 0x2a, 0x13, 0xf4, 0x9b, 0x1e, 0x08,
0xe4, 0x00, 0x1f, 0x08, 0xe5, 0x00, 0xff, 0xff, 0xff, 0x00, 0xff, 0xff, 0xff, 0x00, 0xff,
0xff, 0xff, 0x00, 0xff, 0xff, 0xff, 0x00, 0xff, 0xff, 0xff, 0x00, 0xff, 0xff, 0xff, 0x00,
0xff, 0xff, 0xff, 0x00, 0xff, 0xff, 0xff, 0x00, 0xff, 0xff, 0xff, 0x00, 0xff, 0xff, 0xff,
0x00, 0xff, 0xff, 0xff, 0x00, 0xff, 0xff, 0xff, 0x00, 0xff, 0xff, 0xff, 0x00, 0xff, 0xff,
0xff, 0x00, 0xff, 0xff, 0xff, 0x00, 0xff, 0xff, 0xff, 0x00, 0xff, 0xff, 0xff, 0x00, 0x2d,
0x3d, 0xf5, 0x00, 0x2f, 0x3d, 0xfb, 0x8f, 0x30, 0x3e, 0xff, 0xff, 0x30, 0x3d, 0xff, 0xff,
0x30, 0x3d, 0xff, 0xff, 0x30, 0x3d, 0xff, 0xff, 0x30, 0x3c, 0xff, 0xff, 0x30, 0x3c, 0xff,
0xff, 0x30, 0x3c, 0xff, 0xff, 0x30, 0x3c, 0xff, 0xff, 0x30, 0x3b, 0xff, 0xff, 0x30, 0x3b,
0xff, 0xff, 0x30, 0x3a, 0xff, 0xff, 0x30, 0x3a, 0xff, 0xff, 0x30, 0x3a, 0xff, 0xff, 0x30,
0x39, 0xff, 0xff, 0x30, 0x39, 0xff, 0xff, 0x30, 0x38, 0xff, 0xff, 0x30, 0x38, 0xff, 0xff,
0x30, 0x38, 0xff, 0xff, 0x30, 0x38, 0xff, 0xff, 0x30, 0x37, 0xff, 0xff, 0x30, 0x37, 0xff,
0xff, 0x25, 0x2c, 0xff, 0xff, 0x78, 0x7c, 0xff, 0xff, 0xff, 0xff, 0xfe, 0xff, 0xd0, 0xd1,
0xfe, 0xff, 0x26, 0x2b, 0xff, 0xff, 0x44, 0x49, 0xff, 0xff, 0xea, 0xea, 0xfe, 0xff, 0xff,
0xff, 0xfe, 0xff, 0xff, 0xff, 0xfe, 0xff, 0xfe, 0xfe, 0xfe, 0xff, 0xff, 0xff, 0xfe, 0xff,
0xff, 0xff, 0xfe, 0xff, 0xfe, 0xfe, 0xfe, 0xff, 0xff, 0xff, 0xfe, 0xff, 0xff, 0xff, 0xfe,
0xff, 0x5b, 0x5c, 0xff, 0xff, 0x28, 0x29, 0xff, 0xff, 0x31, 0x31, 0xff, 0xff, 0x31, 0x30,
0xff, 0xff, 0x31, 0x30, 0xff, 0xff, 0x31, 0x2f, 0xff, 0xff, 0x31, 0x2f, 0xff, 0xff, 0x31,
0x2f, 0xff, 0xff, 0x31, 0x2e, 0xff, 0xff, 0x31, 0x2e, 0xff, 0xff, 0x31, 0x2d, 0xff, 0xff,
0x31, 0x2d, 0xff, 0xff, 0x31, 0x2d, 0xff, 0xff, 0x31, 0x2d, 0xff, 0xff, 0x31, 0x2c, 0xff,
0xff, 0x31, 0x2c, 0xff, 0xff, 0x31, 0x2c, 0xff, 0xff, 0x31, 0x2b, 0xff, 0xff, 0x2c, 0x25,
0xff, 0xff, 0x30, 0x2a, 0xff, 0xff, 0xac, 0xaa, 0xff, 0xff, 0xff, 0xff, 0xfe, 0xff, 0xff,
0xff, 0xfe, 0xff, 0xfe, 0xfe, 0xfe, 0xff, 0xff, 0xff, 0xfe, 0xff, 0xfe, 0xfe, 0xfe, 0xff,
0x80, 0x7b, 0xff, 0xff, 0x25, 0x1b, 0xff, 0xff, 0x31, 0x27, 0xff, 0xff, 0x31, 0x27, 0xff,
0xff, 0x31, 0x26, 0xff, 0xff, 0x31, 0x26, 0xff, 0xff, 0x31, 0x26, 0xff, 0xff, 0x31, 0x26,
0xff, 0xff, 0x31, 0x25, 0xff, 0xff, 0x26, 0x19, 0xff, 0xff, 0xa4, 0x9f, 0xff, 0xff, 0xff,
0xff, 0xfe, 0xff, 0xfe, 0xfe, 0xfe, 0xff, 0xff, 0xff, 0xfe, 0xff, 0x9a, 0x93, 0xff, 0xff,
0x19, 0x09, 0xff, 0xff, 0x99, 0x92, 0xff, 0xff, 0xff, 0xff, 0xfe, 0xff, 0xa4, 0x9d, 0xff,
0xff, 0x25, 0x14, 0xff, 0xff, 0x31, 0x21, 0xff, 0xff, 0x31, 0x21, 0xff, 0xff, 0x31, 0x20,
0xff, 0xff, 0x31, 0x20, 0xff, 0xff, 0x31, 0x1f, 0xff, 0xff, 0x31, 0x1f, 0xff, 0xff, 0x31,
0x1f, 0xff, 0xff, 0x31, 0x1f, 0xff, 0xff, 0x31, 0x1e, 0xff, 0xff, 0x32, 0x1e, 0xff, 0xff,
0x32, 0x1e, 0xff, 0xff, 0x32, 0x1d, 0xff, 0xff, 0x32, 0x1d, 0xff, 0xff, 0x32, 0x1c, 0xff,
0xff, 0x32, 0x1c, 0xff, 0xff, 0x32, 0x1b, 0xff, 0xff, 0x32, 0x1b, 0xff, 0xff, 0x32, 0x1b,
0xff, 0xff, 0x32, 0x1b, 0xff, 0xff, 0x32, 0x1b, 0xff, 0xff, 0x32, 0x1a, 0xff, 0xff, 0x32,
0x1a, 0xff, 0xff, 0x32, 0x19, 0xff, 0xff, 0x34, 0x1a, 0xff, 0xff, 0x29, 0x14, 0xef, 0x60,
0x1e, 0x0e, 0xdb, 0x00, 0x1e, 0x0e, 0xdd, 0x00, 0xff, 0xff, 0xff, 0x00, 0xff, 0xff, 0xff,
0x00, 0xff, 0xff, 0xff, 0x00, 0xff, 0xff, 0xff, 0x00, 0xff, 0xff, 0xff, 0x00, 0xff, 0xff,
0xff, 0x00, 0xff, 0xff, 0xff, 0x00, 0xff, 0xff, 0xff, 0x00, 0xff, 0xff, 0xff, 0x00, 0xff,
0xff, 0xff, 0x00, 0xff, 0xff, 0xff, 0x00, 0xff, 0xff, 0xff, 0x00, 0xff, 0xff, 0xff, 0x00,
0xff, 0xff, 0xff, 0x00, 0xff, 0xff, 0xff, 0x00, 0xff, 0xff, 0xff, 0x00, 0xff, 0xff, 0xff,
0x00, 0x2e, 0x3d, 0xfa, 0x00, 0x2e, 0x3d, 0xfb, 0x3f, 0x30, 0x3d, 0xff, 0xfe, 0x30, 0x3c,
0xff, 0xff, 0x30, 0x3c, 0xff, 0xff, 0x30, 0x3c, 0xff, 0xff, 0x30, 0x3c, 0xff, 0xff, 0x30,
0x3b, 0xff, 0xff, 0x30, 0x3b, 0xff, 0xff, 0x30, 0x3b, 0xff, 0xff, 0x30, 0x3a, 0xff, 0xff,
0x30, 0x3a, 0xff, 0xff, 0x30, 0x39, 0xff, 0xff, 0x30, 0x39, 0xff, 0xff, 0x30, 0x38, 0xff,
0xff, 0x30, 0x38, 0xff, 0xff, 0x30, 0x38, 0xff, 0xff, 0x30, 0x38, 0xff, 0xff, 0x30, 0x37,
0xff, 0xff, 0x30, 0x37, 0xff, 0xff, 0x30, 0x37, 0xff, 0xff, 0x30, 0x36, 0xff, 0xff, 0x30,
0x36, 0xff, 0xff, 0x2e, 0x34, 0xff, 0xff, 0x2c, 0x32, 0xff, 0xff, 0xd2, 0xd3, 0xfe, 0xff,
0xff, 0xff, 0xfe, 0xff, 0x89, 0x8b, 0xff, 0xff, 0x19, 0x1d, 0xff, 0xff, 0x4f, 0x52, 0xff,
0xff, 0xd3, 0xd4, 0xfe, 0xff, 0xff, 0xff, 0xfe, 0xff, 0xff, 0xff, 0xfe, 0xff, 0xff, 0xff,
0xfe, 0xff, 0xfe, 0xfe, 0xfe, 0xff, 0xfe, 0xfe, 0xfe, 0xff, 0xff, 0xff, 0xfe, 0xff, 0xf6,
0xf6, 0xfe, 0xff, 0x49, 0x48, 0xff, 0xff, 0x2c, 0x2b, 0xff, 0xff, 0x31, 0x30, 0xff, 0xff,
0x31, 0x2f, 0xff, 0xff, 0x31, 0x2f, 0xff, 0xff, 0x31, 0x2e, 0xff, 0xff, 0x32, 0x2f, 0xff,
0xff, 0x2d, 0x2a, 0xff, 0xff, 0x26, 0x22, 0xff, 0xff, 0x25, 0x21, 0xff, 0xff, 0x28, 0x24,
0xff, 0xff, 0x2c, 0x27, 0xff, 0xff, 0x2f, 0x2a, 0xff, 0xff, 0x31, 0x2c, 0xff, 0xff, 0x31,
0x2b, 0xff, 0xff, 0x31, 0x2b, 0xff, 0xff, 0x31, 0x2b, 0xff, 0xff, 0x2d, 0x26, 0xff, 0xff,
0x32, 0x2b, 0xff, 0xff, 0xc0, 0xbe, 0xff, 0xff, 0xff, 0xff, 0xfe, 0xff, 0xff, 0xff, 0xfe,
0xff, 0xfe, 0xfe, 0xfe, 0xff, 0xff, 0xff, 0xfe, 0xff, 0xfb, 0xfb, 0xfe, 0xff, 0x80, 0x7a,
0xff, 0xff, 0x24, 0x1a, 0xff, 0xff, 0x30, 0x26, 0xff, 0xff, 0x31, 0x26, 0xff, 0xff, 0x31,
0x26, 0xff, 0xff, 0x31, 0x26, 0xff, 0xff, 0x31, 0x26, 0xff, 0xff, 0x31, 0x25, 0xff, 0xff,
0x31, 0x25, 0xff, 0xff, 0x2d, 0x20, 0xff, 0xff, 0x40, 0x34, 0xff, 0xff, 0xf0, 0xef, 0xfe,
0xff, 0xff, 0xff, 0xfe, 0xff, 0xff, 0xff, 0xfe, 0xff, 0xf6, 0xf5, 0xfe, 0xff, 0x4a, 0x3d,
0xff, 0xff, 0x27, 0x18, 0xff, 0xff, 0xd8, 0xd5, 0xfe, 0xff, 0xff, 0xff, 0xfe, 0xff, 0x58,
0x4b, 0xff, 0xff, 0x2a, 0x18, 0xff, 0xff, 0x31, 0x20, 0xff, 0xff, 0x31, 0x1f, 0xff, 0xff,
0x31, 0x1f, 0xff, 0xff, 0x31, 0x1f, 0xff, 0xff, 0x31, 0x1f, 0xff, 0xff, 0x31, 0x1f, 0xff,
0xff, 0x31, 0x1e, 0xff, 0xff, 0x32, 0x1e, 0xff, 0xff, 0x32, 0x1d, 0xff, 0xff, 0x32, 0x1d,
0xff, 0xff, 0x32, 0x1c, 0xff, 0xff, 0x32, 0x1c, 0xff, 0xff, 0x32, 0x1c, 0xff, 0xff, 0x32,
0x1b, 0xff, 0xff, 0x32, 0x1b, 0xff, 0xff, 0x32, 0x1b, 0xff, 0xff, 0x32, 0x1b, 0xff, 0xff,
0x32, 0x1a, 0xff, 0xff, 0x32, 0x1a, 0xff, 0xff, 0x32, 0x19, 0xff, 0xff, 0x32, 0x19, 0xff,
0xff, 0x32, 0x18, 0xff, 0xff, 0x33, 0x18, 0xff, 0xff, 0x30, 0x17, 0xfb, 0xeb, 0x20, 0x0d,
0xd4, 0x15, 0x20, 0x0d, 0xd3, 0x00, 0x20, 0x0d, 0xd3, 0x00, 0xff, 0xff, 0xff, 0x00, 0xff,
0xff, 0xff, 0x00, 0xff, 0xff, 0xff, 0x00, 0xff, 0xff, 0xff, 0x00, 0xff, 0xff, 0xff, 0x00,
0xff, 0xff, 0xff, 0x00, 0xff, 0xff, 0xff, 0x00, 0xff, 0xff, 0xff, 0x00, 0xff, 0xff, 0xff,
0x00, 0xff, 0xff, 0xff, 0x00, 0xff, 0xff, 0xff, 0x00, 0xff, 0xff, 0xff, 0x00, 0xff, 0xff,
0xff, 0x00, 0xff, 0xff, 0xff, 0x00, 0xff, 0xff, 0xff, 0x00, 0xff, 0xff, 0xff, 0x00, 0xff,
0xff, 0xff, 0x00, 0x2b, 0x36, 0xf4, 0x00, 0x2a, 0x36, 0xf4, 0x01, 0x2f, 0x3a, 0xfc, 0xcb,
0x30, 0x3c, 0xff, 0xff, 0x30, 0x3c, 0xff, 0xff, 0x30, 0x3b, 0xff, 0xff, 0x30, 0x3b, 0xff,
0xff, 0x30, 0x3a, 0xff, 0xff, 0x30, 0x3a, 0xff, 0xff, 0x30, 0x39, 0xff, 0xff, 0x30, 0x39,
0xff, 0xff, 0x30, 0x38, 0xff, 0xff, 0x30, 0x38, 0xff, 0xff, 0x30, 0x38, 0xff, 0xff, 0x30,
0x38, 0xff, 0xff, 0x30, 0x38, 0xff, 0xff, 0x30, 0x37, 0xff, 0xff, 0x30, 0x37, 0xff, 0xff,
0x30, 0x36, 0xff, 0xff, 0x30, 0x36, 0xff, 0xff, 0x30, 0x35, 0xff, 0xff, 0x30, 0x35, 0xff,
0xff, 0x30, 0x35, 0xff, 0xff, 0x30, 0x35, 0xff, 0xff, 0x26, 0x2b, 0xff, 0xff, 0x62, 0x65,
0xff, 0xff, 0xf9, 0xf9, 0xfe, 0xff, 0xff, 0xff, 0xfe, 0xff, 0x7c, 0x7e, 0xff, 0xff, 0x1d,
0x20, 0xff, 0xff, 0x2a, 0x2b, 0xff, 0xff, 0x6b, 0x6c, 0xff, 0xff, 0xb5, 0xb6, 0xff, 0xff,
0xe7, 0xe7, 0xfe, 0xff, 0xfe, 0xfe, 0xfe, 0xff, 0xfe, 0xfe, 0xfe, 0xff, 0xff, 0xff, 0xfe,
0xff, 0xd1, 0xd1, 0xfe, 0xff, 0x30, 0x2d, 0xff, 0xff, 0x30, 0x2d, 0xff, 0xff, 0x31, 0x2e,
0xff, 0xff, 0x31, 0x2e, 0xff, 0xff, 0x31, 0x2e, 0xff, 0xff, 0x31, 0x2d, 0xff, 0xff, 0x2d,
0x29, 0xff, 0xff, 0x4c, 0x48, 0xff, 0xff, 0xaa, 0xa8, 0xfe, 0xff, 0x92, 0x8f, 0xff, 0xff,
0x60, 0x5c, 0xff, 0xff, 0x4a, 0x45, 0xff, 0xff, 0x35, 0x2f, 0xff, 0xff, 0x25, 0x1f, 0xff,
0xff, 0x26, 0x1f, 0xff, 0xff, 0x2a, 0x23, 0xff, 0xff, 0x2b, 0x24, 0xff, 0xff, 0x2a, 0x22,
0xff, 0xff, 0xb0, 0xae, 0xff, 0xff, 0xff, 0xff, 0xfe, 0xff, 0xfe, 0xfe, 0xfe, 0xff, 0xfe,
0xfe, 0xfe, 0xff, 0xff, 0xff, 0xfe, 0xff, 0xf5, 0xf4, 0xfe, 0xff, 0x6e, 0x66, 0xff, 0xff,
0x23, 0x18, 0xff, 0xff, 0x30, 0x25, 0xff, 0xff, 0x31, 0x26, 0xff, 0xff, 0x31, 0x26, 0xff,
0xff, 0x31, 0x25, 0xff, 0xff, 0x31, 0x25, 0xff, 0xff, 0x31, 0x24, 0xff, 0xff, 0x31, 0x24,
0xff, 0xff, 0x31, 0x24, 0xff, 0xff, 0x26, 0x17, 0xff, 0xff, 0x72, 0x69, 0xff, 0xff, 0xff,
0xff, 0xfe, 0xff, 0xfe, 0xfe, 0xfe, 0xff, 0xff, 0xff, 0xfe, 0xff, 0xd1, 0xcd, 0xfe, 0xff,
0x2b, 0x1b, 0xff, 0xff, 0x2f, 0x1f, 0xff, 0xff, 0xbd, 0xb8, 0xfe, 0xff, 0xae, 0xa7, 0xfe,
0xff, 0x2a, 0x18, 0xff, 0xff, 0x31, 0x1f, 0xff, 0xff, 0x31, 0x1f, 0xff, 0xff, 0x31, 0x1f,
0xff, 0xff, 0x31, 0x1f, 0xff, 0xff, 0x31, 0x1e, 0xff, 0xff, 0x32, 0x1e, 0xff, 0xff, 0x32,
0x1d, 0xff, 0xff, 0x32, 0x1d, 0xff, 0xff, 0x32, 0x1d, 0xff, 0xff, 0x32, 0x1c, 0xff, 0xff,
0x32, 0x1c, 0xff, 0xff, 0x32, 0x1b, 0xff, 0xff, 0x32, 0x1b, 0xff, 0xff, 0x32, 0x1b, 0xff,
0xff, 0x32, 0x1b, 0xff, 0xff, 0x32, 0x1a, 0xff, 0xff, 0x32, 0x1a, 0xff, 0xff, 0x32, 0x19,
0xff, 0xff, 0x32, 0x19, 0xff, 0xff, 0x32, 0x19, 0xff, 0xff, 0x32, 0x18, 0xff, 0xff, 0x32,
0x18, 0xff, 0xff, 0x32, 0x18, 0xff, 0xff, 0x33, 0x18, 0xff, 0xff, 0x2f, 0x14, 0xfb, 0xaf,
0x22, 0x0b, 0xe7, 0x00, 0x22, 0x0b, 0xe6, 0x00, 0x22, 0x0b, 0xe7, 0x00, 0xff, 0xff, 0xff,
0x00, 0xff, 0xff, 0xff, 0x00, 0xff, 0xff, 0xff, 0x00, 0xff, 0xff, 0xff, 0x00, 0xff, 0xff,
0xff, 0x00, 0xff, 0xff, 0xff, 0x00, 0xff, 0xff, 0xff, 0x00, 0xff, 0xff, 0xff, 0x00, 0xff,
0xff, 0xff, 0x00, 0xff, 0xff, 0xff, 0x00, 0xff, 0xff, 0xff, 0x00, 0xff, 0xff, 0xff, 0x00,
0xff, 0xff, 0xff, 0x00, 0xff, 0xff, 0xff, 0x00, 0xff, 0xff, 0xff, 0x00, 0xff, 0xff, 0xff,
0x00, 0xff, 0xff, 0xff, 0x00, 0x2a, 0x2f, 0xeb, 0x00, 0x29, 0x2e, 0xea, 0x00, 0x2d, 0x36,
0xf7, 0x85, 0x31, 0x3c, 0xff, 0xff, 0x30, 0x3a, 0xff, 0xff, 0x30, 0x3a, 0xff, 0xff, 0x30,
0x39, 0xff, 0xff, 0x30, 0x39, 0xff, 0xff, 0x30, 0x39, 0xff, 0xff, 0x30, 0x38, 0xff, 0xff,
0x30, 0x38, 0xff, 0xff, 0x30, 0x38, 0xff, 0xff, 0x30, 0x38, 0xff, 0xff, 0x30, 0x37, 0xff,
0xff, 0x30, 0x37, 0xff, 0xff, 0x30, 0x36, 0xff, 0xff, 0x30, 0x36, 0xff, 0xff, 0x30, 0x36,
0xff, 0xff, 0x30, 0x35, 0xff, 0xff, 0x30, 0x35, 0xff, 0xff, 0x30, 0x35, 0xff, 0xff, 0x30,
0x35, 0xff, 0xff, 0x30, 0x34, 0xff, 0xff, 0x30, 0x34, 0xff, 0xff, 0x30, 0x33, 0xff, 0xff,
0x23, 0x26, 0xff, 0xff, 0x84, 0x85, 0xff, 0xff, 0xff, 0xff, 0xfe, 0xff, 0xff, 0xff, 0xfe,
0xff, 0xab, 0xab, 0xff, 0xff, 0x43, 0x44, 0xff, 0xff, 0x1f, 0x20, 0xff, 0xff, 0x1e, 0x1d,
0xff, 0xff, 0x75, 0x75, 0xff, 0xff, 0xff, 0xff, 0xfe, 0xff, 0xfe, 0xfe, 0xfe, 0xff, 0xff,
0xff, 0xfe, 0xff, 0xa4, 0xa3, 0xff, 0xff, 0x24, 0x21, 0xff, 0xff, 0x31, 0x2e, 0xff, 0xff,
0x31, 0x2d, 0xff, 0xff, 0x31, 0x2d, 0xff, 0xff, 0x31, 0x2d, 0xff, 0xff, 0x31, 0x2d, 0xff,
0xff, 0x26, 0x21, 0xff, 0xff, 0x7e, 0x7b, 0xff, 0xff, 0xff, 0xff, 0xfe, 0xff, 0xff, 0xff,
0xfe, 0xff, 0xff, 0xff, 0xfe, 0xff, 0xfb, 0xfb, 0xfe, 0xff, 0xdf, 0xdd, 0xfe, 0xff, 0xaa,
0xa8, 0xfe, 0xff, 0x72, 0x6d, 0xff, 0xff, 0x54, 0x4e, 0xff, 0xff, 0x39, 0x31, 0xff, 0xff,
0x72, 0x6c, 0xff, 0xff, 0xff, 0xff, 0xfe, 0xff, 0xff, 0xff, 0xfe, 0xff, 0xfe, 0xfe, 0xfe,
0xff, 0xff, 0xff, 0xfe, 0xff, 0xf5, 0xf5, 0xfe, 0xff, 0x63, 0x5b, 0xff, 0xff, 0x23, 0x18,
0xff, 0xff, 0x31, 0x26, 0xff, 0xff, 0x31, 0x25, 0xff, 0xff, 0x31, 0x25, 0xff, 0xff, 0x31,
0x24, 0xff, 0xff, 0x31, 0x24, 0xff, 0xff, 0x31, 0x24, 0xff, 0xff, 0x31, 0x23, 0xff, 0xff,
0x31, 0x23, 0xff, 0xff, 0x30, 0x22, 0xff, 0xff, 0x2d, 0x1e, 0xff, 0xff, 0xcc, 0xc9, 0xff,
0xff, 0xff, 0xff, 0xfe, 0xff, 0xfe, 0xfe, 0xfe, 0xff, 0xff, 0xff, 0xfe, 0xff, 0x88, 0x7e,
0xff, 0xff, 0x25, 0x13, 0xff, 0xff, 0x30, 0x1f, 0xff, 0xff, 0x31, 0x1f, 0xff, 0xff, 0x2e,
0x1b, 0xff, 0xff, 0x30, 0x1e, 0xff, 0xff, 0x31, 0x1f, 0xff, 0xff, 0x31, 0x1e, 0xff, 0xff,
0x32, 0x1e, 0xff, 0xff, 0x32, 0x1e, 0xff, 0xff, 0x32, 0x1d, 0xff, 0xff, 0x32, 0x1d, 0xff,
0xff, 0x32, 0x1c, 0xff, 0xff, 0x32, 0x1c, 0xff, 0xff, 0x32, 0x1b, 0xff, 0xff, 0x32, 0x1b,
0xff, 0xff, 0x32, 0x1b, 0xff, 0xff, 0x32, 0x1b, 0xff, 0xff, 0x32, 0x1a, 0xff, 0xff, 0x32,
0x1a, 0xff, 0xff, 0x32, 0x1a, 0xff, 0xff, 0x32, 0x19, 0xff, 0xff, 0x32, 0x19, 0xff, 0xff,
0x32, 0x18, 0xff, 0xff, 0x32, 0x18, 0xff, 0xff, 0x32, 0x18, 0xff, 0xff, 0x32, 0x18, 0xff,
0xff, 0x32, 0x17, 0xff, 0xff, 0x32, 0x17, 0xff, 0xff, 0x32, 0x17, 0xff, 0xff, 0x2f, 0x12,
0xf9, 0x70, 0x2d, 0x10, 0xf4, 0x00, 0x2e, 0x11, 0xf5, 0x00, 0x2e, 0x11, 0xf5, 0x00, 0xff,
0xff, 0xff, 0x00, 0xff, 0xff, 0xff, 0x00, 0xff, 0xff, 0xff, 0x00, 0xff, 0xff, 0xff, 0x00,
0xff, 0xff, 0xff, 0x00, 0xff, 0xff, 0xff, 0x00, 0xff, 0xff, 0xff, 0x00, 0xff, 0xff, 0xff,
0x00, 0xff, 0xff, 0xff, 0x00, 0xff, 0xff, 0xff, 0x00, 0xff, 0xff, 0xff, 0x00, 0xff, 0xff,
0xff, 0x00, 0xff, 0xff, 0xff, 0x00, 0xff, 0xff, 0xff, 0x00, 0xff, 0xff, 0xff, 0x00, 0xff,
0xff, 0xff, 0x00, 0xff, 0xff, 0xff, 0x00, 0x2b, 0x2e, 0xf3, 0x00, 0x2b, 0x2e, 0xf2, 0x00,
0x2c, 0x30, 0xf4, 0x24, 0x2f, 0x39, 0xfe, 0xf2, 0x30, 0x39, 0xff, 0xff, 0x30, 0x39, 0xff,
0xff, 0x30, 0x38, 0xff, 0xff, 0x30, 0x38, 0xff, 0xff, 0x30, 0x38, 0xff, 0xff, 0x30, 0x38,
0xff, 0xff, 0x30, 0x37, 0xff, 0xff, 0x30, 0x37, 0xff, 0xff, 0x30, 0x37, 0xff, 0xff, 0x30,
0x36, 0xff, 0xff, 0x30, 0x36, 0xff, 0xff, 0x30, 0x35, 0xff, 0xff, 0x30, 0x35, 0xff, 0xff,
0x30, 0x35, 0xff, 0xff, 0x30, 0x35, 0xff, 0xff, 0x30, 0x34, 0xff, 0xff, 0x30, 0x34, 0xff,
0xff, 0x30, 0x33, 0xff, 0xff, 0x30, 0x33, 0xff, 0xff, 0x30, 0x33, 0xff, 0xff, 0x30, 0x32,
0xff, 0xff, 0x2f, 0x31, 0xff, 0xff, 0x25, 0x27, 0xff, 0xff, 0x7e, 0x7f, 0xff, 0xff, 0xef,
0xef, 0xfe, 0xff, 0xff, 0xff, 0xfe, 0xff, 0xf7, 0xf7, 0xfe, 0xff, 0x66, 0x65, 0xff, 0xff,
0x20, 0x1e, 0xff, 0xff, 0x64, 0x63, 0xff, 0xff, 0xff, 0xff, 0xfe, 0xff, 0xff, 0xff, 0xfe,
0xff, 0xff, 0xff, 0xfe, 0xff, 0xbc, 0xba, 0xff, 0xff, 0x23, 0x1f, 0xff, 0xff, 0x29, 0x25,
0xff, 0xff, 0x2f, 0x2a, 0xff, 0xff, 0x31, 0x2c, 0xff, 0xff, 0x31, 0x2c, 0xff, 0xff, 0x31,
0x2c, 0xff, 0xff, 0x30, 0x2a, 0xff, 0xff, 0x33, 0x2c, 0xff, 0xff, 0x6f, 0x6a, 0xff, 0xff,
0xae, 0xac, 0xfe, 0xff, 0xd2, 0xd0, 0xfe, 0xff, 0xe9, 0xe8, 0xfe, 0xff, 0xff, 0xff, 0xfe,
0xff, 0xff, 0xff, 0xfe, 0xff, 0xff, 0xff, 0xfe, 0xff, 0xff, 0xff, 0xfe, 0xff, 0xef, 0xef,
0xfe, 0xff, 0xf5, 0xf4, 0xfe, 0xff, 0xff, 0xff, 0xfe, 0xff, 0xfe, 0xfe, 0xfe, 0xff, 0xff,
0xff, 0xfe, 0xff, 0xfc, 0xfc, 0xfe, 0xff, 0x6f, 0x68, 0xff, 0xff, 0x23, 0x17, 0xff, 0xff,
0x31, 0x25, 0xff, 0xff, 0x31, 0x25, 0xff, 0xff, 0x31, 0x24, 0xff, 0xff, 0x31, 0x24, 0xff,
0xff, 0x31, 0x23, 0xff, 0xff, 0x31, 0x23, 0xff, 0xff, 0x31, 0x23, 0xff, 0xff, 0x31, 0x23,
0xff, 0xff, 0x31, 0x22, 0xff, 0xff, 0x29, 0x19, 0xff, 0xff, 0x53, 0x46, 0xff, 0xff, 0xfd,
0xfd, 0xfe, 0xff, 0xff, 0xff, 0xfe, 0xff, 0xff, 0xff, 0xfe, 0xff, 0xef, 0xee, 0xfe, 0xff,
0x40, 0x30, 0xff, 0xff, 0x2d, 0x1a, 0xff, 0xff, 0x31, 0x1f, 0xff, 0xff, 0x30, 0x1d, 0xff,
0xff, 0x30, 0x1d, 0xff, 0xff, 0x32, 0x1e, 0xff, 0xff, 0x32, 0x1e, 0xff, 0xff, 0x32, 0x1d,
0xff, 0xff, 0x32, 0x1d, 0xff, 0xff, 0x32, 0x1c, 0xff, 0xff, 0x32, 0x1c, 0xff, 0xff, 0x32,
0x1b, 0xff, 0xff, 0x32, 0x1b, 0xff, 0xff, 0x32, 0x1b, 0xff, 0xff, 0x32, 0x1b, 0xff, 0xff,
0x32, 0x1b, 0xff, 0xff, 0x32, 0x1a, 0xff, 0xff, 0x32, 0x1a, 0xff, 0xff, 0x32, 0x19, 0xff,
0xff, 0x32, 0x19, 0xff, 0xff, 0x32, 0x18, 0xff, 0xff, 0x32, 0x18, 0xff, 0xff, 0x32, 0x18,
0xff, 0xff, 0x32, 0x18, 0xff, 0xff, 0x32, 0x18, 0xff, 0xff, 0x32, 0x17, 0xff, 0xff, 0x32,
0x17, 0xff, 0xff, 0x32, 0x16, 0xff, 0xff, 0x32, 0x16, 0xff, 0xff, 0x31, 0x15, 0xff, 0xeb,
0x1f, 0x0b, 0xea, 0x17, 0x1c, 0x09, 0xe6, 0x00, 0x1d, 0x09, 0xe7, 0x00, 0x1d, 0x09, 0xe7,
0x00, 0xff, 0xff, 0xff, 0x00, 0xff, 0xff, 0xff, 0x00, 0xff, 0xff, 0xff, 0x00, 0xff, 0xff,
0xff, 0x00, 0xff, 0xff, 0xff, 0x00, 0xff, 0xff, 0xff, 0x00, 0xff, 0xff, 0xff, 0x00, 0xff,
0xff, 0xff, 0x00, 0xff, 0xff, 0xff, 0x00, 0xff, 0xff, 0xff, 0x00, 0xff, 0xff, 0xff, 0x00,
0xff, 0xff, 0xff, 0x00, 0xff, 0xff, 0xff, 0x00, 0xff, 0xff, 0xff, 0x00, 0xff, 0xff, 0xff,
0x00, 0xff, 0xff, 0xff, 0x00, 0xff, 0xff, 0xff, 0x00, 0x2a, 0x2f, 0xf2, 0x00, 0x2a, 0x30,
0xf2, 0x00, 0x29, 0x2f, 0xf1, 0x00, 0x2f, 0x37, 0xfd, 0xa9, 0x30, 0x38, 0xff, 0xff, 0x30,
0x38, 0xff, 0xff, 0x30, 0x38, 0xff, 0xff, 0x30, 0x38, 0xff, 0xff, 0x30, 0x37, 0xff, 0xff,
0x30, 0x37, 0xff, 0xff, 0x30, 0x36, 0xff, 0xff, 0x30, 0x36, 0xff, 0xff, 0x30, 0x35, 0xff,
0xff, 0x30, 0x35, 0xff, 0xff, 0x30, 0x35, 0xff, 0xff, 0x30, 0x35, 0xff, 0xff, 0x30, 0x34,
0xff, 0xff, 0x30, 0x34, 0xff, 0xff, 0x30, 0x34, 0xff, 0xff, 0x30, 0x33, 0xff, 0xff, 0x30,
0x33, 0xff, 0xff, 0x30, 0x32, 0xff, 0xff, 0x30, 0x32, 0xff, 0xff, 0x30, 0x31, 0xff, 0xff,
0x30, 0x31, 0xff, 0xff, 0x30, 0x31, 0xff, 0xff, 0x30, 0x30, 0xff, 0xff, 0x26, 0x26, 0xff,
0xff, 0x43, 0x42, 0xff, 0xff, 0xaa, 0xa9, 0xfe, 0xff, 0xe7, 0xe7, 0xfe, 0xff, 0x9d, 0x9c,
0xff, 0xff, 0x22, 0x20, 0xff, 0xff, 0x44, 0x41, 0xff, 0xff, 0xf3, 0xf3, 0xfe, 0xff, 0xff,
0xff, 0xfe, 0xff, 0xfe, 0xfe, 0xfe, 0xff, 0xfe, 0xfe, 0xfe, 0xff, 0x9d, 0x9b, 0xff, 0xff,
0x4c, 0x48, 0xff, 0xff, 0x36, 0x31, 0xff, 0xff, 0x27, 0x21, 0xff, 0xff, 0x25, 0x1f, 0xff,
0xff, 0x29, 0x22, 0xff, 0xff, 0x2c, 0x25, 0xff, 0xff, 0x2e, 0x27, 0xff, 0xff, 0x27, 0x1f,
0xff, 0xff, 0x26, 0x1e, 0xff, 0xff, 0x2d, 0x25, 0xff, 0xff, 0x39, 0x31, 0xff, 0xff, 0x5d,
0x56, 0xff, 0xff, 0x91, 0x8c, 0xff, 0xff, 0xc1, 0xbe, 0xfe, 0xff, 0xdc, 0xda, 0xfe, 0xff,
0xfa, 0xf9, 0xfe, 0xff, 0xff, 0xff, 0xfe, 0xff, 0xfe, 0xfe, 0xfe, 0xff, 0xfe, 0xfe, 0xfe,
0xff, 0xff, 0xff, 0xfe, 0xff, 0x8e, 0x87, 0xff, 0xff, 0x23, 0x16, 0xff, 0xff, 0x31, 0x24,
0xff, 0xff, 0x31, 0x24, 0xff, 0xff, 0x31, 0x23, 0xff, 0xff, 0x31, 0x23, 0xff, 0xff, 0x31,
0x23, 0xff, 0xff, 0x31, 0x23, 0xff, 0xff, 0x31, 0x23, 0xff, 0xff, 0x31, 0x22, 0xff, 0xff,
0x31, 0x22, 0xff, 0xff, 0x31, 0x21, 0xff, 0xff, 0x26, 0x15, 0xff, 0xff, 0xa2, 0x9b, 0xff,
0xff, 0xff, 0xff, 0xfe, 0xff, 0xfe, 0xfe, 0xfe, 0xff, 0xff, 0xff, 0xfe, 0xff, 0xb8, 0xb2,
0xff, 0xff, 0x27, 0x14, 0xff, 0xff, 0x31, 0x1e, 0xff, 0xff, 0x31, 0x1e, 0xff, 0xff, 0x32,
0x1e, 0xff, 0xff, 0x32, 0x1d, 0xff, 0xff, 0x32, 0x1d, 0xff, 0xff, 0x32, 0x1c, 0xff, 0xff,
0x32, 0x1c, 0xff, 0xff, 0x32, 0x1c, 0xff, 0xff, 0x32, 0x1b, 0xff, 0xff, 0x32, 0x1b, 0xff,
0xff, 0x32, 0x1b, 0xff, 0xff, 0x32, 0x1b, 0xff, 0xff, 0x32, 0x1a, 0xff, 0xff, 0x32, 0x1a,
0xff, 0xff, 0x32, 0x19, 0xff, 0xff, 0x32, 0x19, 0xff, 0xff, 0x32, 0x19, 0xff, 0xff, 0x32,
0x18, 0xff, 0xff, 0x32, 0x18, 0xff, 0xff, 0x32, 0x18, 0xff, 0xff, 0x32, 0x18, 0xff, 0xff,
0x32, 0x17, 0xff, 0xff, 0x32, 0x17, 0xff, 0xff, 0x32, 0x16, 0xff, 0xff, 0x32, 0x16, 0xff,
0xff, 0x32, 0x16, 0xff, 0xff, 0x32, 0x15, 0xff, 0xff, 0x33, 0x15, 0xff, 0xff, 0x2e, 0x12,
0xeb, 0xa6, 0x27, 0x0f, 0xd2, 0x00, 0x27, 0x0f, 0xd2, 0x00, 0x27, 0x0f, 0xd2, 0x00, 0x27,
0x0f, 0xd2, 0x00, 0xff, 0xff, 0xff, 0x00, 0xff, 0xff, 0xff, 0x00, 0xff, 0xff, 0xff, 0x00,
0xff, 0xff, 0xff, 0x00, 0xff, 0xff, 0xff, 0x00, 0xff, 0xff, 0xff, 0x00, 0xff, 0xff, 0xff,
0x00, 0xff, 0xff, 0xff, 0x00, 0xff, 0xff, 0xff, 0x00, 0xff, 0xff, 0xff, 0x00, 0xff, 0xff,
0xff, 0x00, 0xff, 0xff, 0xff, 0x00, 0xff, 0xff, 0xff, 0x00, 0xff, 0xff, 0xff, 0x00, 0xff,
0xff, 0xff, 0x00, 0xff, 0xff, 0xff, 0x00, 0xff, 0xff, 0xff, 0x00, 0x1f, 0x23, 0xde, 0x00,
0x1f, 0x23, 0xde, 0x00, 0x1f, 0x23, 0xdd, 0x00, 0x23, 0x28, 0xe5, 0x46, 0x31, 0x38, 0xff,
0xfd, 0x30, 0x37, 0xff, 0xff, 0x30, 0x37, 0xff, 0xff, 0x30, 0x36, 0xff, 0xff, 0x30, 0x36,
0xff, 0xff, 0x30, 0x35, 0xff, 0xff, 0x30, 0x35, 0xff, 0xff, 0x30, 0x35, 0xff, 0xff, 0x30,
0x35, 0xff, 0xff, 0x30, 0x35, 0xff, 0xff, 0x30, 0x34, 0xff, 0xff, 0x30, 0x34, 0xff, 0xff,
0x30, 0x33, 0xff, 0xff, 0x30, 0x33, 0xff, 0xff, 0x30, 0x32, 0xff, 0xff, 0x30, 0x32, 0xff,
0xff, 0x30, 0x32, 0xff, 0xff, 0x30, 0x31, 0xff, 0xff, 0x30, 0x31, 0xff, 0xff, 0x31, 0x31,
0xff, 0xff, 0x31, 0x31, 0xff, 0xff, 0x31, 0x30, 0xff, 0xff, 0x31, 0x30, 0xff, 0xff, 0x31,
0x2f, 0xff, 0xff, 0x2c, 0x2a, 0xff, 0xff, 0x28, 0x25, 0xff, 0xff, 0x38, 0x35, 0xff, 0xff,
0x33, 0x30, 0xff, 0xff, 0x30, 0x2c, 0xff, 0xff, 0x29, 0x25, 0xff, 0xff, 0xbd, 0xbc, 0xff,
0xff, 0xff, 0xff, 0xfe, 0xff, 0xfe, 0xfe, 0xfe, 0xff, 0xff, 0xff, 0xfe, 0xff, 0xff, 0xff,
0xfe, 0xff, 0xfa, 0xfa, 0xfe, 0xff, 0xdf, 0xde, 0xfe, 0xff, 0xb5, 0xb2, 0xff, 0xff, 0x84,
0x80, 0xff, 0xff, 0x5c, 0x56, 0xff, 0xff, 0x47, 0x40, 0xff, 0xff, 0x30, 0x28, 0xff, 0xff,
0x25, 0x1c, 0xff, 0xff, 0x27, 0x1e, 0xff, 0xff, 0x2a, 0x20, 0xff, 0xff, 0x2b, 0x21, 0xff,
0xff, 0x28, 0x1e, 0xff, 0xff, 0x25, 0x1a, 0xff, 0xff, 0x29, 0x1e, 0xff, 0xff, 0x28, 0x1d,
0xff, 0xff, 0x92, 0x8c, 0xff, 0xff, 0xff, 0xff, 0xfe, 0xff, 0xfe, 0xfe, 0xfe, 0xff, 0xff,
0xff, 0xfe, 0xff, 0xc8, 0xc4, 0xff, 0xff, 0x28, 0x1a, 0xff, 0xff, 0x2f, 0x22, 0xff, 0xff,
0x31, 0x23, 0xff, 0xff, 0x31, 0x23, 0xff, 0xff, 0x31, 0x23, 0xff, 0xff, 0x31, 0x23, 0xff,
0xff, 0x31, 0x22, 0xff, 0xff, 0x31, 0x22, 0xff, 0xff, 0x31, 0x21, 0xff, 0xff, 0x31, 0x21,
0xff, 0xff, 0x31, 0x21, 0xff, 0xff, 0x2c, 0x1a, 0xff, 0xff, 0x44, 0x34, 0xff, 0xff, 0xf4,
0xf4, 0xfe, 0xff, 0xff, 0xff, 0xfe, 0xff, 0xff, 0xff, 0xfe, 0xff, 0xfb, 0xfb, 0xfe, 0xff,
0x5a, 0x4b, 0xff, 0xff, 0x29, 0x15, 0xff, 0xff, 0x32, 0x1e, 0xff, 0xff, 0x32, 0x1d, 0xff,
0xff, 0x32, 0x1d, 0xff, 0xff, 0x32, 0x1c, 0xff, 0xff, 0x32, 0x1c, 0xff, 0xff, 0x32, 0x1b,
0xff, 0xff, 0x32, 0x1b, 0xff, 0xff, 0x32, 0x1b, 0xff, 0xff, 0x32, 0x1b, 0xff, 0xff, 0x32,
0x1a, 0xff, 0xff, 0x32, 0x1a, 0xff, 0xff, 0x32, 0x1a, 0xff, 0xff, 0x32, 0x19, 0xff, 0xff,
0x32, 0x19, 0xff, 0xff, 0x32, 0x18, 0xff, 0xff, 0x32, 0x18, 0xff, 0xff, 0x32, 0x18, 0xff,
0xff, 0x32, 0x18, 0xff, 0xff, 0x32, 0x17, 0xff, 0xff, 0x32, 0x17, 0xff, 0xff, 0x32, 0x16,
0xff, 0xff, 0x32, 0x16, 0xff, 0xff, 0x32, 0x16, 0xff, 0xff, 0x32, 0x15, 0xff, 0xff, 0x32,
0x15, 0xff, 0xff, 0x32, 0x14, 0xff, 0xff, 0x32, 0x14, 0xff, 0xff, 0x33, 0x15, 0xff, 0xff,
0x27, 0x0f, 0xc5, 0x4d, 0x1c, 0x0a, 0x8d, 0x00, 0x1c, 0x0a, 0x8e, 0x00, 0x1c, 0x0a, 0x8e,
0x00, 0x1c, 0x0a, 0x8e, 0x00, 0xff, 0xff, 0xff, 0x00, 0xff, 0xff, 0xff, 0x00, 0xff, 0xff,
0xff, 0x00, 0xff, 0xff, 0xff, 0x00, 0xff, 0xff, 0xff, 0x00, 0xff, 0xff, 0xff, 0x00, 0xff,
0xff, 0xff, 0x00, 0xff, 0xff, 0xff, 0x00, 0xff, 0xff, 0xff, 0x00, 0xff, 0xff, 0xff, 0x00,
0xff, 0xff, 0xff, 0x00, 0xff, 0xff, 0xff, 0x00, 0xff, 0xff, 0xff, 0x00, 0xff, 0xff, 0xff,
0x00, 0xff, 0xff, 0xff, 0x00, 0xff, 0xff, 0xff, 0x00, 0xff, 0xff, 0xff, 0x00, 0x28, 0x2d,
0xed, 0x00, 0x28, 0x2d, 0xed, 0x00, 0x27, 0x2d, 0xed, 0x00, 0x28, 0x2e, 0xef, 0x00, 0x2f,
0x35, 0xfd, 0xbe, 0x30, 0x36, 0xff, 0xff, 0x30, 0x36, 0xff, 0xff, 0x30, 0x35, 0xff, 0xff,
0x30, 0x35, 0xff, 0xff, 0x30, 0x35, 0xff, 0xff, 0x30, 0x35, 0xff, 0xff, 0x30, 0x34, 0xff,
0xff, 0x30, 0x34, 0xff, 0xff, 0x30, 0x33, 0xff, 0xff, 0x30, 0x33, 0xff, 0xff, 0x30, 0x33,
0xff, 0xff, 0x30, 0x32, 0xff, 0xff, 0x30, 0x32, 0xff, 0xff, 0x30, 0x31, 0xff, 0xff, 0x30,
0x31, 0xff, 0xff, 0x30, 0x31, 0xff, 0xff, 0x31, 0x31, 0xff, 0xff, 0x31, 0x30, 0xff, 0xff,
0x31, 0x30, 0xff, 0xff, 0x31, 0x30, 0xff, 0xff, 0x31, 0x2f, 0xff, 0xff, 0x31, 0x2f, 0xff,
0xff, 0x31, 0x2e, 0xff, 0xff, 0x31, 0x2e, 0xff, 0xff, 0x31, 0x2d, 0xff, 0xff, 0x2e, 0x2a,
0xff, 0xff, 0x30, 0x2c, 0xff, 0xff, 0x31, 0x2d, 0xff, 0xff, 0x2b, 0x26, 0xff, 0xff, 0x48,
0x44, 0xff, 0xff, 0xe8, 0xe7, 0xfe, 0xff, 0xff, 0xff, 0xfe, 0xff, 0xfe, 0xfe, 0xfe, 0xff,
0xfe, 0xfe, 0xfe, 0xff, 0xff, 0xff, 0xfe, 0xff, 0xff, 0xff, 0xfe, 0xff, 0xff, 0xff, 0xfe,
0xff, 0xff, 0xff, 0xfe, 0xff, 0xff, 0xff, 0xfe, 0xff, 0xf4, 0xf4, 0xfe, 0xff, 0xd4, 0xd2,
0xfe, 0xff, 0x9e, 0x9a, 0xff, 0xff, 0x69, 0x62, 0xff, 0xff, 0x4f, 0x47, 0xff, 0xff, 0x3b,
0x31, 0xff, 0xff, 0x29, 0x1d, 0xff, 0xff, 0x25, 0x19, 0xff, 0xff, 0x28, 0x1c, 0xff, 0xff,
0x1f, 0x13, 0xff, 0xff, 0xae, 0xa9, 0xff, 0xff, 0xff, 0xff, 0xfe, 0xff, 0xff, 0xff, 0xfe,
0xff, 0xfd, 0xfc, 0xfe, 0xff, 0x63, 0x58, 0xff, 0xff, 0x27, 0x18, 0xff, 0xff, 0x31, 0x23,
0xff, 0xff, 0x31, 0x23, 0xff, 0xff, 0x31, 0x22, 0xff, 0xff, 0x31, 0x22, 0xff, 0xff, 0x31,
0x21, 0xff, 0xff, 0x31, 0x21, 0xff, 0xff, 0x31, 0x21, 0xff, 0xff, 0x31, 0x20, 0xff, 0xff,
0x31, 0x20, 0xff, 0xff, 0x31, 0x20, 0xff, 0xff, 0x25, 0x12, 0xff, 0xff, 0x90, 0x86, 0xff,
0xff, 0xff, 0xff, 0xfe, 0xff, 0xfe, 0xfe, 0xfe, 0xff, 0xff, 0xff, 0xfe, 0xff, 0xd2, 0xcd,
0xfe, 0xff, 0x2d, 0x17, 0xff, 0xff, 0x31, 0x1c, 0xff, 0xff, 0x32, 0x1c, 0xff, 0xff, 0x32,
0x1c, 0xff, 0xff, 0x32, 0x1b, 0xff, 0xff, 0x32, 0x1b, 0xff, 0xff, 0x32, 0x1b, 0xff, 0xff,
0x32, 0x1b, 0xff, 0xff, 0x32, 0x1b, 0xff, 0xff, 0x32, 0x1a, 0xff, 0xff, 0x32, 0x1a, 0xff,
0xff, 0x32, 0x19, 0xff, 0xff, 0x32, 0x19, 0xff, 0xff, 0x32, 0x18, 0xff, 0xff, 0x32, 0x18,
0xff, 0xff, 0x32, 0x18, 0xff, 0xff, 0x32, 0x18, 0xff, 0xff, 0x32, 0x17, 0xff, 0xff, 0x32,
0x17, 0xff, 0xff, 0x32, 0x17, 0xff, 0xff, 0x32, 0x16, 0xff, 0xff, 0x32, 0x16, 0xff, 0xff,
0x32, 0x15, 0xff, 0xff, 0x32, 0x15, 0xff, 0xff, 0x32, 0x14, 0xff, 0xff, 0x32, 0x14, 0xff,
0xff, 0x32, 0x14, 0xff, 0xff, 0x32, 0x14, 0xff, 0xff, 0x32, 0x14, 0xff, 0xff, 0x31, 0x11,
0xfb, 0xc9, 0x2f, 0x0b, 0xf2, 0x01, 0x30, 0x0c, 0xf8, 0x00, 0x30, 0x0c, 0xf8, 0x00, 0x30,
0x0c, 0xf8, 0x00, 0x30, 0x0c, 0xf8, 0x00, 0xff, 0xff, 0xff, 0x00, 0xff, 0xff, 0xff, 0x00,
0xff, 0xff, 0xff, 0x00, 0xff, 0xff, 0xff, 0x00, 0xff, 0xff, 0xff, 0x00, 0xff, 0xff, 0xff,
0x00, 0xff, 0xff, 0xff, 0x00, 0xff, 0xff, 0xff, 0x00, 0xff, 0xff, 0xff, 0x00, 0xff, 0xff,
0xff, 0x00, 0xff, 0xff, 0xff, 0x00, 0xff, 0xff, 0xff, 0x00, 0xff, 0xff, 0xff, 0x00, 0xff,
0xff, 0xff, 0x00, 0xff, 0xff, 0xff, 0x00, 0xff, 0xff, 0xff, 0x00, 0xff, 0xff, 0xff, 0x00,
0x33, 0x38, 0xff, 0x00, 0x33, 0x38, 0xff, 0x00, 0x33, 0x38, 0xff, 0x00, 0x33, 0x38, 0xff,
0x00, 0x33, 0x38, 0xff, 0x58, 0x31, 0x36, 0xff, 0xff, 0x30, 0x35, 0xff, 0xff, 0x30, 0x35,
0xff, 0xff, 0x30, 0x34, 0xff, 0xff, 0x30, 0x34, 0xff, 0xff, 0x30, 0x34, 0xff, 0xff, 0x30,
0x33, 0xff, 0xff, 0x30, 0x33, 0xff, 0xff, 0x30, 0x32, 0xff, 0xff, 0x30, 0x32, 0xff, 0xff,
0x30, 0x31, 0xff, 0xff, 0x30, 0x31, 0xff, 0xff, 0x30, 0x31, 0xff, 0xff, 0x31, 0x31, 0xff,
0xff, 0x31, 0x31, 0xff, 0xff, 0x31, 0x30, 0xff, 0xff, 0x31, 0x30, 0xff, 0xff, 0x31, 0x2f,
0xff, 0xff, 0x31, 0x2f, 0xff, 0xff, 0x31, 0x2e, 0xff, 0xff, 0x31, 0x2e, 0xff, 0xff, 0x31,
0x2e, 0xff, 0xff, 0x31, 0x2d, 0xff, 0xff, 0x31, 0x2d, 0xff, 0xff, 0x31, 0x2d, 0xff, 0xff,
0x31, 0x2d, 0xff, 0xff, 0x31, 0x2c, 0xff, 0xff, 0x31, 0x2c, 0xff, 0xff, 0x31, 0x2b, 0xff,
0xff, 0x23, 0x1d, 0xff, 0xff, 0x76, 0x71, 0xff, 0xff, 0xff, 0xff, 0xfe, 0xff, 0xfe, 0xfe,
0xfe, 0xff, 0xfe, 0xfe, 0xfe, 0xff, 0xff, 0xff, 0xfe, 0xff, 0xff, 0xff, 0xfe, 0xff, 0xff,
0xff, 0xfe, 0xff, 0xfe, 0xfe, 0xfe, 0xff, 0xff, 0xff, 0xfe, 0xff, 0xff, 0xff, 0xfe, 0xff,
0xff, 0xff, 0xfe, 0xff, 0xff, 0xff, 0xfe, 0xff, 0xff, 0xff, 0xfe, 0xff, 0xf9, 0xf9, 0xfe,
0xff, 0xe7, 0xe5, 0xfe, 0xff, 0xbe, 0xbb, 0xff, 0xff, 0x8b, 0x85, 0xff, 0xff, 0x5f, 0x55,
0xff, 0xff, 0x4a, 0x3f, 0xff, 0xff, 0xda, 0xd8, 0xfe, 0xff, 0xff, 0xff, 0xfe, 0xff, 0xff,
0xff, 0xfe, 0xff, 0xec, 0xeb, 0xfe, 0xff, 0x3b, 0x2d, 0xff, 0xff, 0x2e, 0x1e, 0xff, 0xff,
0x31, 0x22, 0xff, 0xff, 0x31, 0x22, 0xff, 0xff, 0x31, 0x21, 0xff, 0xff, 0x31, 0x21, 0xff,
0xff, 0x31, 0x20, 0xff, 0xff, 0x31, 0x20, 0xff, 0xff, 0x31, 0x1f, 0xff, 0xff, 0x31, 0x1f,
0xff, 0xff, 0x31, 0x1f, 0xff, 0xff, 0x2c, 0x19, 0xff, 0xff, 0x40, 0x2f, 0xff, 0xff, 0xf1,
0xef, 0xfe, 0xff, 0xff, 0xff, 0xfe, 0xff, 0xfe, 0xfe, 0xfe, 0xff, 0xfe, 0xff, 0xfe, 0xff,
0x74, 0x65, 0xff, 0xff, 0x27, 0x10, 0xff, 0xff, 0x32, 0x1c, 0xff, 0xff, 0x32, 0x1b, 0xff,
0xff, 0x32, 0x1b, 0xff, 0xff, 0x32, 0x1b, 0xff, 0xff, 0x32, 0x1b, 0xff, 0xff, 0x32, 0x1a,
0xff, 0xff, 0x32, 0x1a, 0xff, 0xff, 0x32, 0x19, 0xff, 0xff, 0x32, 0x19, 0xff, 0xff, 0x32,
0x18, 0xff, 0xff, 0x32, 0x18, 0xff, 0xff, 0x32, 0x18, 0xff, 0xff, 0x32, 0x18, 0xff, 0xff,
0x32, 0x18, 0xff, 0xff, 0x32, 0x17, 0xff, 0xff, 0x32, 0x17, 0xff, 0xff, 0x32, 0x16, 0xff,
0xff, 0x32, 0x16, 0xff, 0xff, 0x32, 0x15, 0xff, 0xff, 0x32, 0x15, 0xff, 0xff, 0x32, 0x15,
0xff, 0xff, 0x32, 0x14, 0xff, 0xff, 0x32, 0x14, 0xff, 0xff, 0x32, 0x14, 0xff, 0xff, 0x32,
0x14, 0xff, 0xff, 0x32, 0x13, 0xff, 0xff, 0x32, 0x13, 0xff, 0xff, 0x33, 0x13, 0xff, 0xff,
0x32, 0x11, 0xfc, 0x6e, 0x2f, 0x0e, 0xf6, 0x00, 0x2f, 0x0e, 0xf6, 0x00, 0x2f, 0x0e, 0xf6,
0x00, 0x2f, 0x0e, 0xf6, 0x00, 0x2f, 0x0e, 0xf6, 0x00, 0xff, 0xff, 0xff, 0x00, 0xff, 0xff,
0xff, 0x00, 0xff, 0xff, 0xff, 0x00, 0xff, 0xff, 0xff, 0x00, 0xff, 0xff, 0xff, 0x00, 0xff,
0xff, 0xff, 0x00, 0xff, 0xff, 0xff, 0x00, 0xff, 0xff, 0xff, 0x00, 0xff, 0xff, 0xff, 0x00,
0xff, 0xff, 0xff, 0x00, 0xff, 0xff, 0xff, 0x00, 0xff, 0xff, 0xff, 0x00, 0xff, 0xff, 0xff,
0x00, 0xff, 0xff, 0xff, 0x00, 0xff, 0xff, 0xff, 0x00, 0xff, 0xff, 0xff, 0x00, 0xff, 0xff,
0xff, 0x00, 0x19, 0x1a, 0xc1, 0x00, 0x19, 0x1a, 0xc1, 0x00, 0x19, 0x1a, 0xc1, 0x00, 0x19,
0x1a, 0xc1, 0x00, 0x18, 0x1a, 0xbe, 0x01, 0x2a, 0x2e, 0xf1, 0xc7, 0x31, 0x35, 0xff, 0xff,
0x30, 0x34, 0xff, 0xff, 0x30, 0x33, 0xff, 0xff, 0x30, 0x33, 0xff, 0xff, 0x30, 0x32, 0xff,
0xff, 0x30, 0x32, 0xff, 0xff, 0x30, 0x32, 0xff, 0xff, 0x30, 0x31, 0xff, 0xff, 0x30, 0x31,
0xff, 0xff, 0x31, 0x31, 0xff, 0xff, 0x31, 0x31, 0xff, 0xff, 0x31, 0x30, 0xff, 0xff, 0x31,
0x30, 0xff, 0xff, 0x31, 0x2f, 0xff, 0xff, 0x31, 0x2f, 0xff, 0xff, 0x31, 0x2f, 0xff, 0xff,
0x31, 0x2e, 0xff, 0xff, 0x31, 0x2e, 0xff, 0xff, 0x31, 0x2d, 0xff, 0xff, 0x31, 0x2d, 0xff,
0xff, 0x31, 0x2d, 0xff, 0xff, 0x31, 0x2d, 0xff, 0xff, 0x31, 0x2c, 0xff, 0xff, 0x31, 0x2c,
0xff, 0xff, 0x31, 0x2b, 0xff, 0xff, 0x31, 0x2b, 0xff, 0xff, 0x31, 0x2a, 0xff, 0xff, 0x31,
0x2a, 0xff, 0xff, 0x2b, 0x24, 0xff, 0xff, 0x49, 0x42, 0xff, 0xff, 0xf7, 0xf7, 0xfe, 0xff,
0xff, 0xff, 0xfe, 0xff, 0xfe, 0xfe, 0xfe, 0xff, 0xea, 0xe9, 0xfe, 0xff, 0xe0, 0xdf, 0xfe,
0xff, 0xfa, 0xfa, 0xfe, 0xff, 0xff, 0xff, 0xfe, 0xff, 0xff, 0xff, 0xfe, 0xff, 0xff, 0xff,
0xfe, 0xff, 0xff, 0xff, 0xfe, 0xff, 0xff, 0xff, 0xfe, 0xff, 0xff, 0xff, 0xfe, 0xff, 0xff,
0xff, 0xfe, 0xff, 0xff, 0xff, 0xfe, 0xff, 0xff, 0xff, 0xfe, 0xff, 0xff, 0xff, 0xfe, 0xff,
0xff, 0xff, 0xfe, 0xff, 0xf6, 0xf6, 0xfe, 0xff, 0xfd, 0xfc, 0xfe, 0xff, 0xfe, 0xfe, 0xfe,
0xff, 0xff, 0xff, 0xfe, 0xff, 0xec, 0xeb, 0xfe, 0xff, 0x3d, 0x2e, 0xff, 0xff, 0x2d, 0x1d,
0xff, 0xff, 0x31, 0x21, 0xff, 0xff, 0x31, 0x20, 0xff, 0xff, 0x31, 0x20, 0xff, 0xff, 0x31,
0x20, 0xff, 0xff, 0x31, 0x1f, 0xff, 0xff, 0x31, 0x1f, 0xff, 0xff, 0x31, 0x1f, 0xff, 0xff,
0x31, 0x1f, 0xff, 0xff, 0x31, 0x1e, 0xff, 0xff, 0x26, 0x11, 0xff, 0xff, 0x97, 0x8c, 0xff,
0xff, 0xff, 0xff, 0xfe, 0xff, 0xfe, 0xfe, 0xfe, 0xff, 0xff, 0xff, 0xfe, 0xff, 0xda, 0xd6,
0xfe, 0xff, 0x30, 0x19, 0xff, 0xff, 0x30, 0x19, 0xff, 0xff, 0x32, 0x1b, 0xff, 0xff, 0x32,
0x1b, 0xff, 0xff, 0x32, 0x1a, 0xff, 0xff, 0x32, 0x1a, 0xff, 0xff, 0x32, 0x1a, 0xff, 0xff,
0x32, 0x19, 0xff, 0xff, 0x32, 0x19, 0xff, 0xff, 0x32, 0x18, 0xff, 0xff, 0x32, 0x18, 0xff,
0xff, 0x32, 0x18, 0xff, 0xff, 0x32, 0x18, 0xff, 0xff, 0x32, 0x17, 0xff, 0xff, 0x32, 0x17,
0xff, 0xff, 0x32, 0x16, 0xff, 0xff, 0x32, 0x16, 0xff, 0xff, 0x32, 0x16, 0xff, 0xff, 0x32,
0x15, 0xff, 0xff, 0x32, 0x15, 0xff, 0xff, 0x32, 0x14, 0xff, 0xff, 0x32, 0x14, 0xff, 0xff,
0x32, 0x14, 0xff, 0xff, 0x32, 0x14, 0xff, 0xff, 0x32, 0x13, 0xff, 0xff, 0x32, 0x13, 0xff,
0xff, 0x32, 0x13, 0xff, 0xff, 0x32, 0x12, 0xff, 0xff, 0x33, 0x12, 0xff, 0xff, 0x2d, 0x10,
0xf2, 0xda, 0x0e, 0x05, 0x77, 0x0a, 0x0d, 0x05, 0x6f, 0x00, 0x0d, 0x05, 0x70, 0x00, 0x0d,
0x05, 0x70, 0x00, 0x0d, 0x05, 0x70, 0x00, 0x0d, 0x05, 0x70, 0x00, 0xff, 0xff, 0xff, 0x00,
0xff, 0xff, 0xff, 0x00, 0xff, 0xff, 0xff, 0x00, 0xff, 0xff, 0xff, 0x00, 0xff, 0xff, 0xff,
0x00, 0xff, 0xff, 0xff, 0x00, 0xff, 0xff, 0xff, 0x00, 0xff, 0xff, 0xff, 0x00, 0xff, 0xff,
0xff, 0x00, 0xff, 0xff, 0xff, 0x00, 0xff, 0xff, 0xff, 0x00, 0xff, 0xff, 0xff, 0x00, 0xff,
0xff, 0xff, 0x00, 0xff, 0xff, 0xff, 0x00, 0xff, 0xff, 0xff, 0x00, 0xff, 0xff, 0xff, 0x00,
0xff, 0xff, 0xff, 0x00, 0x00, 0x00, 0x63, 0x00, 0x00, 0x00, 0x63, 0x00, 0x00, 0x00, 0x63,
0x00, 0x00, 0x00, 0x63, 0x00, 0x00, 0x00, 0x5c, 0x00, 0x14, 0x15, 0xa5, 0x5d, 0x32, 0x35,
0xfd, 0xff, 0x30, 0x33, 0xff, 0xff, 0x30, 0x32, 0xff, 0xff, 0x30, 0x32, 0xff, 0xff, 0x30,
0x31, 0xff, 0xff, 0x30, 0x31, 0xff, 0xff, 0x31, 0x31, 0xff, 0xff, 0x31, 0x31, 0xff, 0xff,
0x31, 0x30, 0xff, 0xff, 0x31, 0x30, 0xff, 0xff, 0x31, 0x2f, 0xff, 0xff, 0x31, 0x2f, 0xff,
0xff, 0x31, 0x2f, 0xff, 0xff, 0x31, 0x2e, 0xff, 0xff, 0x31, 0x2e, 0xff, 0xff, 0x31, 0x2d,
0xff, 0xff, 0x31, 0x2d, 0xff, 0xff, 0x31, 0x2d, 0xff, 0xff, 0x31, 0x2d, 0xff, 0xff, 0x31,
0x2c, 0xff, 0xff, 0x31, 0x2c, 0xff, 0xff, 0x31, 0x2c, 0xff, 0xff, 0x31, 0x2b, 0xff, 0xff,
0x31, 0x2b, 0xff, 0xff, 0x31, 0x2a, 0xff, 0xff, 0x31, 0x2a, 0xff, 0xff, 0x31, 0x2a, 0xff,
0xff, 0x31, 0x2a, 0xff, 0xff, 0x2e, 0x26, 0xff, 0xff, 0x3b, 0x33, 0xff, 0xff, 0xe9, 0xe8,
0xfe, 0xff, 0xff, 0xff, 0xfe, 0xff, 0xff, 0xff, 0xfe, 0xff, 0xa4, 0x9f, 0xff, 0xff, 0x2b,
0x20, 0xff, 0xff, 0x50, 0x47, 0xff, 0xff, 0x82, 0x7c, 0xff, 0xff, 0xbb, 0xb7, 0xff, 0xff,
0xdb, 0xd8, 0xfe, 0xff, 0xf0, 0xef, 0xfe, 0xff, 0xff, 0xff, 0xfe, 0xff, 0xff, 0xff, 0xfe,
0xff, 0xff, 0xff, 0xfe, 0xff, 0xff, 0xff, 0xfe, 0xff, 0xff, 0xff, 0xfe, 0xff, 0xfe, 0xfe,
0xfe, 0xff, 0xff, 0xff, 0xfe, 0xff, 0xff, 0xff, 0xfe, 0xff, 0xff, 0xff, 0xfe, 0xff, 0xfe,
0xfe, 0xfe, 0xff, 0xff, 0xff, 0xfe, 0xff, 0xfc, 0xfc, 0xfe, 0xff, 0x5c, 0x4f, 0xff, 0xff,
0x29, 0x17, 0xff, 0xff, 0x31, 0x20, 0xff, 0xff, 0x31, 0x1f, 0xff, 0xff, 0x31, 0x1f, 0xff,
0xff, 0x31, 0x1f, 0xff, 0xff, 0x31, 0x1f, 0xff, 0xff, 0x31, 0x1e, 0xff, 0xff, 0x32, 0x1e,
0xff, 0xff, 0x32, 0x1e, 0xff, 0xff, 0x2a, 0x15, 0xff, 0xff, 0x4b, 0x39, 0xff, 0xff, 0xf7,
0xf6, 0xfe, 0xff, 0xff, 0xff, 0xfe, 0xff, 0xfe, 0xfe, 0xfe, 0xff, 0xff, 0xff, 0xfe, 0xff,
0x76, 0x67, 0xff, 0xff, 0x27, 0x0f, 0xff, 0xff, 0x32, 0x1b, 0xff, 0xff, 0x32, 0x1a, 0xff,
0xff, 0x32, 0x1a, 0xff, 0xff, 0x32, 0x19, 0xff, 0xff, 0x32, 0x19, 0xff, 0xff, 0x32, 0x18,
0xff, 0xff, 0x32, 0x18, 0xff, 0xff, 0x32, 0x18, 0xff, 0xff, 0x32, 0x18, 0xff, 0xff, 0x32,
0x17, 0xff, 0xff, 0x32, 0x17, 0xff, 0xff, 0x32, 0x17, 0xff, 0xff, 0x32, 0x16, 0xff, 0xff,
0x32, 0x16, 0xff, 0xff, 0x32, 0x15, 0xff, 0xff, 0x32, 0x15, 0xff, 0xff, 0x32, 0x14, 0xff,
0xff, 0x32, 0x14, 0xff, 0xff, 0x32, 0x14, 0xff, 0xff, 0x32, 0x14, 0xff, 0xff, 0x32, 0x14,
0xff, 0xff, 0x32, 0x13, 0xff, 0xff, 0x32, 0x13, 0xff, 0xff, 0x32, 0x12, 0xff, 0xff, 0x32,
0x12, 0xff, 0xff, 0x32, 0x11, 0xff, 0xff, 0x32, 0x11, 0xff, 0xff, 0x35, 0x12, 0xff, 0xff,
0x18, 0x08, 0xcb, 0x75, 0x00, 0x00, 0x92, 0x00, 0x00, 0x00, 0x97, 0x00, 0x00, 0x00, 0x97,
0x00, 0x00, 0x00, 0x97, 0x00, 0x00, 0x00, 0x97, 0x00, 0x00, 0x00, 0x97, 0x00, 0xff, 0xff,
0xff, 0x00, 0xff, 0xff, 0xff, 0x00, 0xff, 0xff, 0xff, 0x00, 0xff, 0xff, 0xff, 0x00, 0xff,
0xff, 0xff, 0x00, 0xff, 0xff, 0xff, 0x00, 0xff, 0xff, 0xff, 0x00, 0xff, 0xff, 0xff, 0x00,
0xff, 0xff, 0xff, 0x00, 0xff, 0xff, 0xff, 0x00, 0xff, 0xff, 0xff, 0x00, 0xff, 0xff, 0xff,
0x00, 0xff, 0xff, 0xff, 0x00, 0xff, 0xff, 0xff, 0x00, 0xff, 0xff, 0xff, 0x00, 0xff, 0xff,
0xff, 0x00, 0xff, 0xff, 0xff, 0x00, 0x0d, 0x0e, 0x4b, 0x00, 0x0d, 0x0e, 0x4b, 0x00, 0x0d,
0x0e, 0x4b, 0x00, 0x0d, 0x0e, 0x4b, 0x00, 0x0c, 0x0d, 0x4a, 0x00, 0x0f, 0x10, 0x57, 0x01,
0x2e, 0x30, 0xf2, 0xc7, 0x31, 0x32, 0xff, 0xff, 0x30, 0x31, 0xff, 0xff, 0x30, 0x31, 0xff,
0xff, 0x31, 0x31, 0xff, 0xff, 0x31, 0x30, 0xff, 0xff, 0x31, 0x30, 0xff, 0xff, 0x31, 0x30,
0xff, 0xff, 0x31, 0x2f, 0xff, 0xff, 0x31, 0x2f, 0xff, 0xff, 0x31, 0x2e, 0xff, 0xff, 0x31,
0x2e, 0xff, 0xff, 0x31, 0x2e, 0xff, 0xff, 0x31, 0x2d, 0xff, 0xff, 0x31, 0x2d, 0xff, 0xff,
0x31, 0x2d, 0xff, 0xff, 0x31, 0x2d, 0xff, 0xff, 0x31, 0x2c, 0xff, 0xff, 0x31, 0x2c, 0xff,
0xff, 0x31, 0x2b, 0xff, 0xff, 0x31, 0x2b, 0xff, 0xff, 0x31, 0x2a, 0xff, 0xff, 0x31, 0x2a,
0xff, 0xff, 0x31, 0x2a, 0xff, 0xff, 0x31, 0x2a, 0xff, 0xff, 0x31, 0x29, 0xff, 0xff, 0x31,
0x29, 0xff, 0xff, 0x31, 0x29, 0xff, 0xff, 0x2f, 0x26, 0xff, 0xff, 0x34, 0x2b, 0xff, 0xff,
0xdc, 0xda, 0xfe, 0xff, 0xff, 0xff, 0xfe, 0xff, 0xff, 0xff, 0xfe, 0xff, 0xc7, 0xc4, 0xff,
0xff, 0x28, 0x1d, 0xff, 0xff, 0x2a, 0x1e, 0xff, 0xff, 0x25, 0x19, 0xff, 0xff, 0x28, 0x1c,
0xff, 0xff, 0x33, 0x27, 0xff, 0xff, 0x42, 0x36, 0xff, 0xff, 0x64, 0x5a, 0xff, 0xff, 0x99,
0x93, 0xff, 0xff, 0xca, 0xc6, 0xff, 0xff, 0xe1, 0xde, 0xfe, 0xff, 0xf8, 0xf8, 0xfe, 0xff,
0xff, 0xff, 0xfe, 0xff, 0xff, 0xff, 0xfe, 0xff, 0xff, 0xff, 0xfe, 0xff, 0xff, 0xff, 0xfe,
0xff, 0xfe, 0xfe, 0xfe, 0xff, 0xfe, 0xfe, 0xfe, 0xff, 0xff, 0xff, 0xfe, 0xff, 0xa0, 0x98,
0xff, 0xff, 0x25, 0x13, 0xff, 0xff, 0x31, 0x1f, 0xff, 0xff, 0x31, 0x1f, 0xff, 0xff, 0x31,
0x1f, 0xff, 0xff, 0x31, 0x1e, 0xff, 0xff, 0x32, 0x1e, 0xff, 0xff, 0x32, 0x1d, 0xff, 0xff,
0x32, 0x1d, 0xff, 0xff, 0x31, 0x1b, 0xff, 0xff, 0x29, 0x12, 0xff, 0xff, 0xb9, 0xb1, 0xff,
0xff, 0xff, 0xff, 0xfe, 0xff, 0xfe, 0xfe, 0xfe, 0xff, 0xff, 0xff, 0xfe, 0xff, 0xd1, 0xcc,
0xfe, 0xff, 0x2d, 0x15, 0xff, 0xff, 0x31, 0x18, 0xff, 0xff, 0x32, 0x19, 0xff, 0xff, 0x32,
0x19, 0xff, 0xff, 0x32, 0x18, 0xff, 0xff, 0x32, 0x18, 0xff, 0xff, 0x32, 0x18, 0xff, 0xff,
0x32, 0x18, 0xff, 0xff, 0x32, 0x18, 0xff, 0xff, 0x32, 0x17, 0xff, 0xff, 0x32, 0x17, 0xff,
0xff, 0x32, 0x16, 0xff, 0xff, 0x32, 0x16, 0xff, 0xff, 0x32, 0x15, 0xff, 0xff, 0x32, 0x15,
0xff, 0xff, 0x32, 0x15, 0xff, 0xff, 0x32, 0x14, 0xff, 0xff, 0x32, 0x14, 0xff, 0xff, 0x32,
0x14, 0xff, 0xff, 0x32, 0x14, 0xff, 0xff, 0x32, 0x13, 0xff, 0xff, 0x32, 0x13, 0xff, 0xff,
0x32, 0x12, 0xff, 0xff, 0x32, 0x12, 0xff, 0xff, 0x32, 0x12, 0xff, 0xff, 0x32, 0x11, 0xff,
0xff, 0x32, 0x11, 0xff, 0xff, 0x32, 0x10, 0xff, 0xff, 0x32, 0x10, 0xff, 0xff, 0x34, 0x10,
0xff, 0xd8, 0x20, 0x0a, 0xd3, 0x0a, 0x1a, 0x08, 0xc1, 0x00, 0x1a, 0x08, 0xc4, 0x00, 0x1a,
0x08, 0xc4, 0x00, 0x1a, 0x08, 0xc4, 0x00, 0x1a, 0x08, 0xc4, 0x00, 0x1a, 0x08, 0xc4, 0x00,
0xff, 0xff, 0xff, 0x00, 0xff, 0xff, 0xff, 0x00, 0xff, 0xff, 0xff, 0x00, 0xff, 0xff, 0xff,
0x00, 0xff, 0xff, 0xff, 0x00, 0xff, 0xff, 0xff, 0x00, 0xff, 0xff, 0xff, 0x00, 0xff, 0xff,
0xff, 0x00, 0xff, 0xff, 0xff, 0x00, 0xff, 0xff, 0xff, 0x00, 0xff, 0xff, 0xff, 0x00, 0xff,
0xff, 0xff, 0x00, 0xff, 0xff, 0xff, 0x00, 0xff, 0xff, 0xff, 0x00, 0xff, 0xff, 0xff, 0x00,
0xff, 0xff, 0xff, 0x00, 0xff, 0xff, 0xff, 0x00, 0x2f, 0x31, 0xff, 0x00, 0x2f, 0x31, 0xff,
0x00, 0x2f, 0x31, 0xff, 0x00, 0x2f, 0x31, 0xff, 0x00, 0x2f, 0x31, 0xff, 0x00, 0x2e, 0x30,
0xff, 0x00, 0x2e, 0x30, 0xff, 0x4d, 0x31, 0x31, 0xff, 0xfd, 0x31, 0x30, 0xff, 0xff, 0x31,
0x30, 0xff, 0xff, 0x31, 0x30, 0xff, 0xff, 0x31, 0x2f, 0xff, 0xff, 0x31, 0x2f, 0xff, 0xff,
0x31, 0x2e, 0xff, 0xff, 0x31, 0x2e, 0xff, 0xff, 0x31, 0x2e, 0xff, 0xff, 0x31, 0x2d, 0xff,
0xff, 0x31, 0x2d, 0xff, 0xff, 0x31, 0x2d, 0xff, 0xff, 0x31, 0x2d, 0xff, 0xff, 0x31, 0x2c,
0xff, 0xff, 0x31, 0x2c, 0xff, 0xff, 0x31, 0x2b, 0xff, 0xff, 0x31, 0x2b, 0xff, 0xff, 0x31,
0x2b, 0xff, 0xff, 0x31, 0x2a, 0xff, 0xff, 0x31, 0x2a, 0xff, 0xff, 0x31, 0x2a, 0xff, 0xff,
0x31, 0x2a, 0xff, 0xff, 0x31, 0x29, 0xff, 0xff, 0x31, 0x29, 0xff, 0xff, 0x31, 0x28, 0xff,
0xff, 0x31, 0x28, 0xff, 0xff, 0x31, 0x27, 0xff, 0xff, 0x30, 0x26, 0xff, 0xff, 0x2c, 0x20,
0xff, 0xff, 0xcc, 0xc9, 0xff, 0xff, 0xff, 0xff, 0xfe, 0xff, 0xff, 0xff, 0xfe, 0xff, 0xed,
0xec, 0xfe, 0xff, 0x3f, 0x34, 0xff, 0xff, 0x2d, 0x21, 0xff, 0xff, 0x31, 0x24, 0xff, 0xff,
0x31, 0x23, 0xff, 0xff, 0x2f, 0x21, 0xff, 0xff, 0x2d, 0x1e, 0xff, 0xff, 0x28, 0x19, 0xff,
0xff, 0x25, 0x16, 0xff, 0xff, 0x2b, 0x1c, 0xff, 0xff, 0x36, 0x27, 0xff, 0xff, 0x4e, 0x41,
0xff, 0xff, 0x7d, 0x73, 0xff, 0xff, 0xa4, 0x9c, 0xff, 0xff, 0xc0, 0xba, 0xff, 0xff, 0xf0,
0xef, 0xfe, 0xff, 0xff, 0xff, 0xfe, 0xff, 0xfe, 0xfe, 0xfe, 0xff, 0xff, 0xff, 0xfe, 0xff,
0xd7, 0xd3, 0xfe, 0xff, 0x2d, 0x1a, 0xff, 0xff, 0x30, 0x1d, 0xff, 0xff, 0x32, 0x1e, 0xff,
0xff, 0x32, 0x1d, 0xff, 0xff, 0x32, 0x1d, 0xff, 0xff, 0x32, 0x1d, 0xff, 0xff, 0x32, 0x1c,
0xff, 0xff, 0x32, 0x1c, 0xff, 0xff, 0x26, 0x0d, 0xff, 0xff, 0x7b, 0x6d, 0xff, 0xff, 0xff,
0xff, 0xfe, 0xff, 0xfe, 0xfe, 0xfe, 0xff, 0xff, 0xff, 0xfe, 0xff, 0xfa, 0xf9, 0xfe, 0xff,
0x5c, 0x48, 0xff, 0xff, 0x2a, 0x0f, 0xff, 0xff, 0x32, 0x19, 0xff, 0xff, 0x32, 0x18, 0xff,
0xff, 0x32, 0x18, 0xff, 0xff, 0x32, 0x18, 0xff, 0xff, 0x32, 0x18, 0xff, 0xff, 0x32, 0x17,
0xff, 0xff, 0x32, 0x17, 0xff, 0xff, 0x32, 0x16, 0xff, 0xff, 0x32, 0x16, 0xff, 0xff, 0x32,
0x16, 0xff, 0xff, 0x32, 0x15, 0xff, 0xff, 0x32, 0x15, 0xff, 0xff, 0x32, 0x14, 0xff, 0xff,
0x32, 0x14, 0xff, 0xff, 0x32, 0x14, 0xff, 0xff, 0x32, 0x14, 0xff, 0xff, 0x32, 0x13, 0xff,
0xff, 0x32, 0x13, 0xff, 0xff, 0x32, 0x12, 0xff, 0xff, 0x32, 0x12, 0xff, 0xff, 0x32, 0x12,
0xff, 0xff, 0x32, 0x11, 0xff, 0xff, 0x32, 0x11, 0xff, 0xff, 0x32, 0x10, 0xff, 0xff, 0x32,
0x10, 0xff, 0xff, 0x32, 0x10, 0xff, 0xff, 0x32, 0x10, 0xff, 0xff, 0x33, 0x10, 0xfe, 0xff,
0x28, 0x0a, 0xdb, 0x5e, 0x28, 0x08, 0xd9, 0x00, 0x29, 0x09, 0xdd, 0x00, 0x29, 0x09, 0xdc,
0x00, 0x29, 0x09, 0xdc, 0x00, 0x29, 0x09, 0xdc, 0x00, 0x29, 0x09, 0xdc, 0x00, 0x29, 0x09,
0xdc, 0x00, 0xff, 0xff, 0xff, 0x00, 0xff, 0xff, 0xff, 0x00, 0xff, 0xff, 0xff, 0x00, 0xff,
0xff, 0xff, 0x00, 0xff, 0xff, 0xff, 0x00, 0xff, 0xff, 0xff, 0x00, 0xff, 0xff, 0xff, 0x00,
0xff, 0xff, 0xff, 0x00, 0xff, 0xff, 0xff, 0x00, 0xff, 0xff, 0xff, 0x00, 0xff, 0xff, 0xff,
0x00, 0xff, 0xff, 0xff, 0x00, 0xff, 0xff, 0xff, 0x00, 0xff, 0xff, 0xff, 0x00, 0xff, 0xff,
0xff, 0x00, 0xff, 0xff, 0xff, 0x00, 0xff, 0xff, 0xff, 0x00, 0x15, 0x14, 0x8e, 0x00, 0x15,
0x14, 0x8e, 0x00, 0x15, 0x14, 0x8e, 0x00, 0x15, 0x14, 0x8e, 0x00, 0x15, 0x14, 0x8e, 0x00,
0x15, 0x14, 0x8e, 0x00, 0x14, 0x14, 0x8d, 0x00, 0x29, 0x28, 0xd8, 0xb1, 0x33, 0x31, 0xff,
0xff, 0x31, 0x2f, 0xff, 0xff, 0x31, 0x2f, 0xff, 0xff, 0x31, 0x2e, 0xff, 0xff, 0x31, 0x2e,
0xff, 0xff, 0x31, 0x2d, 0xff, 0xff, 0x31, 0x2d, 0xff, 0xff, 0x31, 0x2d, 0xff, 0xff, 0x31,
0x2d, 0xff, 0xff, 0x31, 0x2c, 0xff, 0xff, 0x31, 0x2c, 0xff, 0xff, 0x31, 0x2c, 0xff, 0xff,
0x31, 0x2b, 0xff, 0xff, 0x31, 0x2b, 0xff, 0xff, 0x31, 0x2a, 0xff, 0xff, 0x31, 0x2a, 0xff,
0xff, 0x31, 0x2a, 0xff, 0xff, 0x31, 0x2a, 0xff, 0xff, 0x31, 0x29, 0xff, 0xff, 0x31, 0x29,
0xff, 0xff, 0x31, 0x28, 0xff, 0xff, 0x31, 0x28, 0xff, 0xff, 0x31, 0x28, 0xff, 0xff, 0x31,
0x27, 0xff, 0xff, 0x31, 0x27, 0xff, 0xff, 0x31, 0x26, 0xff, 0xff, 0x31, 0x26, 0xff, 0xff,
0x26, 0x1a, 0xff, 0xff, 0xa9, 0xa4, 0xff, 0xff, 0xff, 0xff, 0xfe, 0xff, 0xff, 0xff, 0xfe,
0xff, 0xfb, 0xfa, 0xfe, 0xff, 0x50, 0x45, 0xff, 0xff, 0x2b, 0x1d, 0xff, 0xff, 0x31, 0x23,
0xff, 0xff, 0x31, 0x23, 0xff, 0xff, 0x31, 0x23, 0xff, 0xff, 0x31, 0x23, 0xff, 0xff, 0x31,
0x22, 0xff, 0xff, 0x31, 0x22, 0xff, 0xff, 0x30, 0x20, 0xff, 0xff, 0x2f, 0x1e, 0xff, 0xff,
0x2b, 0x1a, 0xff, 0xff, 0x26, 0x14, 0xff, 0xff, 0x25, 0x13, 0xff, 0xff, 0x26, 0x13, 0xff,
0xff, 0x48, 0x38, 0xff, 0xff, 0xce, 0xca, 0xff, 0xff, 0xff, 0xff, 0xfe, 0xff, 0xff, 0xff,
0xfe, 0xff, 0xa8, 0x9f, 0xff, 0xff, 0x2b, 0x16, 0xff, 0xff, 0x32, 0x1c, 0xff, 0xff, 0x32,
0x1d, 0xff, 0xff, 0x32, 0x1c, 0xff, 0xff, 0x32, 0x1c, 0xff, 0xff, 0x32, 0x1b, 0xff, 0xff,
0x32, 0x1c, 0xff, 0xff, 0x29, 0x10, 0xff, 0xff, 0x50, 0x3d, 0xff, 0xff, 0xf4, 0xf3, 0xfe,
0xff, 0xff, 0xff, 0xfe, 0xff, 0xfe, 0xfe, 0xfe, 0xff, 0xff, 0xff, 0xfe, 0xff, 0xa7, 0x9c,
0xff, 0xff, 0x26, 0x0b, 0xff, 0xff, 0x32, 0x18, 0xff, 0xff, 0x32, 0x18, 0xff, 0xff, 0x32,
0x18, 0xff, 0xff, 0x32, 0x17, 0xff, 0xff, 0x32, 0x17, 0xff, 0xff, 0x32, 0x16, 0xff, 0xff,
0x32, 0x16, 0xff, 0xff, 0x32, 0x16, 0xff, 0xff, 0x32, 0x15, 0xff, 0xff, 0x32, 0x15, 0xff,
0xff, 0x32, 0x14, 0xff, 0xff, 0x32, 0x14, 0xff, 0xff, 0x32, 0x14, 0xff, 0xff, 0x32, 0x14,
0xff, 0xff, 0x32, 0x13, 0xff, 0xff, 0x32, 0x13, 0xff, 0xff, 0x32, 0x13, 0xff, 0xff, 0x32,
0x12, 0xff, 0xff, 0x32, 0x12, 0xff, 0xff, 0x32, 0x11, 0xff, 0xff, 0x32, 0x11, 0xff, 0xff,
0x32, 0x11, 0xff, 0xff, 0x32, 0x10, 0xff, 0xff, 0x32, 0x10, 0xff, 0xff, 0x32, 0x10, 0xff,
0xff, 0x32, 0x10, 0xff, 0xff, 0x32, 0x0f, 0xff, 0xff, 0x33, 0x0f, 0xff, 0xff, 0x2d, 0x0c,
0xec, 0xbc, 0x0f, 0x01, 0x66, 0x00, 0x0c, 0x00, 0x5c, 0x00, 0x0d, 0x00, 0x5d, 0x00, 0x0d,
0x00, 0x5d, 0x00, 0x0d, 0x00, 0x5d, 0x00, 0x0d, 0x00, 0x5d, 0x00, 0x0d, 0x00, 0x5d, 0x00,
0x0d, 0x00, 0x5d, 0x00, 0xff, 0xff, 0xff, 0x00, 0xff, 0xff, 0xff, 0x00, 0xff, 0xff, 0xff,
0x00, 0xff, 0xff, 0xff, 0x00, 0xff, 0xff, 0xff, 0x00, 0xff, 0xff, 0xff, 0x00, 0xff, 0xff,
0xff, 0x00, 0xff, 0xff, 0xff, 0x00, 0xff, 0xff, 0xff, 0x00, 0xff, 0xff, 0xff, 0x00, 0xff,
0xff, 0xff, 0x00, 0xff, 0xff, 0xff, 0x00, 0xff, 0xff, 0xff, 0x00, 0xff, 0xff, 0xff, 0x00,
0xff, 0xff, 0xff, 0x00, 0xff, 0xff, 0xff, 0x00, 0xff, 0xff, 0xff, 0x00, 0x0d, 0x0d, 0x8b,
0x00, 0x0d, 0x0d, 0x8b, 0x00, 0x0d, 0x0d, 0x8b, 0x00, 0x0d, 0x0d, 0x8b, 0x00, 0x0d, 0x0d,
0x8b, 0x00, 0x0d, 0x0d, 0x8b, 0x00, 0x0c, 0x0c, 0x8a, 0x00, 0x17, 0x17, 0xbe, 0x2f, 0x31,
0x2e, 0xfd, 0xf1, 0x32, 0x2e, 0xff, 0xff, 0x31, 0x2d, 0xff, 0xff, 0x31, 0x2d, 0xff, 0xff,
0x31, 0x2d, 0xff, 0xff, 0x31, 0x2d, 0xff, 0xff, 0x31, 0x2d, 0xff, 0xff, 0x31, 0x2c, 0xff,
0xff, 0x31, 0x2c, 0xff, 0xff, 0x31, 0x2b, 0xff, 0xff, 0x31, 0x2b, 0xff, 0xff, 0x31, 0x2a,
0xff, 0xff, 0x31, 0x2a, 0xff, 0xff, 0x31, 0x2a, 0xff, 0xff, 0x31, 0x2a, 0xff, 0xff, 0x31,
0x29, 0xff, 0xff, 0x31, 0x29, 0xff, 0xff, 0x31, 0x29, 0xff, 0xff, 0x31, 0x28, 0xff, 0xff,
0x31, 0x28, 0xff, 0xff, 0x31, 0x27, 0xff, 0xff, 0x31, 0x27, 0xff, 0xff, 0x31, 0x26, 0xff,
0xff, 0x31, 0x26, 0xff, 0xff, 0x31, 0x26, 0xff, 0xff, 0x31, 0x26, 0xff, 0xff, 0x31, 0x25,
0xff, 0xff, 0x26, 0x19, 0xff, 0xff, 0x7d, 0x75, 0xff, 0xff, 0xff, 0xff, 0xfe, 0xff, 0xff,
0xff, 0xfe, 0xff, 0xff, 0xff, 0xfe, 0xff, 0x68, 0x5e, 0xff, 0xff, 0x28, 0x19, 0xff, 0xff,
0x31, 0x23, 0xff, 0xff, 0x31, 0x22, 0xff, 0xff, 0x31, 0x22, 0xff, 0xff, 0x31, 0x21, 0xff,
0xff, 0x31, 0x21, 0xff, 0xff, 0x31, 0x21, 0xff, 0xff, 0x31, 0x20, 0xff, 0xff, 0x31, 0x20,
0xff, 0xff, 0x31, 0x1f, 0xff, 0xff, 0x31, 0x1f, 0xff, 0xff, 0x31, 0x1f, 0xff, 0xff, 0x31,
0x1f, 0xff, 0xff, 0x28, 0x14, 0xff, 0xff, 0x3d, 0x2a, 0xff, 0xff, 0x9e, 0x95, 0xff, 0xff,
0x8c, 0x80, 0xff, 0xff, 0x31, 0x1c, 0xff, 0xff, 0x30, 0x1a, 0xff, 0xff, 0x32, 0x1c, 0xff,
0xff, 0x32, 0x1c, 0xff, 0xff, 0x32, 0x1b, 0xff, 0xff, 0x32, 0x1b, 0xff, 0xff, 0x32, 0x1b,
0xff, 0xff, 0x2c, 0x14, 0xff, 0xff, 0x36, 0x1f, 0xff, 0xff, 0xd7, 0xd3, 0xff, 0xff, 0xff,
0xff, 0xfe, 0xff, 0xfe, 0xfe, 0xfe, 0xff, 0xff, 0xff, 0xfe, 0xff, 0xe1, 0xdd, 0xfe, 0xff,
0x36, 0x1d, 0xff, 0xff, 0x2e, 0x13, 0xff, 0xff, 0x32, 0x17, 0xff, 0xff, 0x32, 0x17, 0xff,
0xff, 0x32, 0x17, 0xff, 0xff, 0x32, 0x16, 0xff, 0xff, 0x32, 0x16, 0xff, 0xff, 0x32, 0x15,
0xff, 0xff, 0x32, 0x15, 0xff, 0xff, 0x32, 0x15, 0xff, 0xff, 0x32, 0x14, 0xff, 0xff, 0x32,
0x14, 0xff, 0xff, 0x32, 0x14, 0xff, 0xff, 0x32, 0x14, 0xff, 0xff, 0x32, 0x13, 0xff, 0xff,
0x32, 0x13, 0xff, 0xff, 0x32, 0x12, 0xff, 0xff, 0x32, 0x12, 0xff, 0xff, 0x32, 0x11, 0xff,
0xff, 0x32, 0x11, 0xff, 0xff, 0x32, 0x11, 0xff, 0xff, 0x32, 0x10, 0xff, 0xff, 0x32, 0x10,
0xff, 0xff, 0x32, 0x10, 0xff, 0xff, 0x32, 0x10, 0xff, 0xff, 0x32, 0x0f, 0xff, 0xff, 0x32,
0x0f, 0xff, 0xff, 0x32, 0x0e, 0xff, 0xff, 0x32, 0x0e, 0xff, 0xff, 0x35, 0x0e, 0xff, 0xf3,
0x22, 0x05, 0xe2, 0x35, 0x15, 0x01, 0xc1, 0x00, 0x16, 0x01, 0xc7, 0x00, 0x16, 0x01, 0xc6,
0x00, 0x16, 0x01, 0xc6, 0x00, 0x16, 0x01, 0xc6, 0x00, 0x16, 0x01, 0xc6, 0x00, 0x16, 0x01,
0xc6, 0x00, 0x16, 0x01, 0xc6, 0x00, 0xff, 0xff, 0xff, 0x00, 0xff, 0xff, 0xff, 0x00, 0xff,
0xff, 0xff, 0x00, 0xff, 0xff, 0xff, 0x00, 0xff, 0xff, 0xff, 0x00, 0xff, 0xff, 0xff, 0x00,
0xff, 0xff, 0xff, 0x00, 0xff, 0xff, 0xff, 0x00, 0xff, 0xff, 0xff, 0x00, 0xff, 0xff, 0xff,
0x00, 0xff, 0xff, 0xff, 0x00, 0xff, 0xff, 0xff, 0x00, 0xff, 0xff, 0xff, 0x00, 0xff, 0xff,
0xff, 0x00, 0xff, 0xff, 0xff, 0x00, 0xff, 0xff, 0xff, 0x00, 0xff, 0xff, 0xff, 0x00, 0x20,
0x1a, 0xe7, 0x00, 0x20, 0x1a, 0xe7, 0x00, 0x20, 0x1a, 0xe7, 0x00, 0x20, 0x1a, 0xe7, 0x00,
0x20, 0x1a, 0xe7, 0x00, 0x20, 0x1a, 0xe7, 0x00, 0x1f, 0x1a, 0xe7, 0x00, 0x1f, 0x19, 0xe1,
0x00, 0x2d, 0x29, 0xf9, 0x81, 0x31, 0x2e, 0xff, 0xff, 0x31, 0x2d, 0xff, 0xff, 0x31, 0x2d,
0xff, 0xff, 0x31, 0x2c, 0xff, 0xff, 0x31, 0x2c, 0xff, 0xff, 0x31, 0x2b, 0xff, 0xff, 0x31,
0x2b, 0xff, 0xff, 0x31, 0x2b, 0xff, 0xff, 0x31, 0x2a, 0xff, 0xff, 0x31, 0x2a, 0xff, 0xff,
0x31, 0x2a, 0xff, 0xff, 0x31, 0x2a, 0xff, 0xff, 0x31, 0x29, 0xff, 0xff, 0x31, 0x29, 0xff,
0xff, 0x31, 0x28, 0xff, 0xff, 0x31, 0x28, 0xff, 0xff, 0x31, 0x27, 0xff, 0xff, 0x31, 0x27,
0xff, 0xff, 0x31, 0x27, 0xff, 0xff, 0x31, 0x26, 0xff, 0xff, 0x31, 0x26, 0xff, 0xff, 0x31,
0x26, 0xff, 0xff, 0x31, 0x26, 0xff, 0xff, 0x31, 0x25, 0xff, 0xff, 0x31, 0x25, 0xff, 0xff,
0x31, 0x24, 0xff, 0xff, 0x2a, 0x1d, 0xff, 0xff, 0x52, 0x46, 0xff, 0xff, 0xfa, 0xfa, 0xfe,
0xff, 0xff, 0xff, 0xfe, 0xff, 0xff, 0xff, 0xfe, 0xff, 0x95, 0x8e, 0xff, 0xff, 0x25, 0x15,
0xff, 0xff, 0x31, 0x22, 0xff, 0xff, 0x31, 0x21, 0xff, 0xff, 0x31, 0x21, 0xff, 0xff, 0x31,
0x20, 0xff, 0xff, 0x31, 0x20, 0xff, 0xff, 0x31, 0x20, 0xff, 0xff, 0x31, 0x1f, 0xff, 0xff,
0x31, 0x1f, 0xff, 0xff, 0x31, 0x1f, 0xff, 0xff, 0x31, 0x1f, 0xff, 0xff, 0x32, 0x1e, 0xff,
0xff, 0x32, 0x1e, 0xff, 0xff, 0x33, 0x1e, 0xff, 0xff, 0x2f, 0x19, 0xff, 0xff, 0x26, 0x0f,
0xff, 0xff, 0x27, 0x10, 0xff, 0xff, 0x31, 0x1a, 0xff, 0xff, 0x32, 0x1c, 0xff, 0xff, 0x32,
0x1b, 0xff, 0xff, 0x32, 0x1b, 0xff, 0xff, 0x32, 0x1b, 0xff, 0xff, 0x32, 0x1b, 0xff, 0xff,
0x2d, 0x14, 0xff, 0xff, 0x2d, 0x14, 0xff, 0xff, 0xb6, 0xad, 0xff, 0xff, 0xff, 0xff, 0xfe,
0xff, 0xfe, 0xfe, 0xfe, 0xff, 0xff, 0xff, 0xfe, 0xff, 0xfb, 0xfa, 0xfe, 0xff, 0x64, 0x4f,
0xff, 0xff, 0x28, 0x0c, 0xff, 0xff, 0x32, 0x17, 0xff, 0xff, 0x32, 0x16, 0xff, 0xff, 0x32,
0x16, 0xff, 0xff, 0x32, 0x15, 0xff, 0xff, 0x32, 0x15, 0xff, 0xff, 0x32, 0x15, 0xff, 0xff,
0x32, 0x14, 0xff, 0xff, 0x32, 0x14, 0xff, 0xff, 0x32, 0x14, 0xff, 0xff, 0x32, 0x14, 0xff,
0xff, 0x32, 0x13, 0xff, 0xff, 0x32, 0x13, 0xff, 0xff, 0x32, 0x12, 0xff, 0xff, 0x32, 0x12,
0xff, 0xff, 0x32, 0x12, 0xff, 0xff, 0x32, 0x11, 0xff, 0xff, 0x32, 0x11, 0xff, 0xff, 0x32,
0x10, 0xff, 0xff, 0x32, 0x10, 0xff, 0xff, 0x32, 0x10, 0xff, 0xff, 0x32, 0x10, 0xff, 0xff,
0x32, 0x0f, 0xff, 0xff, 0x32, 0x0f, 0xff, 0xff, 0x32, 0x0f, 0xff, 0xff, 0x32, 0x0e, 0xff,
0xff, 0x32, 0x0e, 0xff, 0xff, 0x32, 0x0d, 0xff, 0xff, 0x34, 0x0e, 0xff, 0xff, 0x26, 0x0a,
0xc5, 0x84, 0x18, 0x04, 0x87, 0x00, 0x1a, 0x05, 0x8a, 0x00, 0x1a, 0x05, 0x8a, 0x00, 0x1a,
0x05, 0x8a, 0x00, 0x1a, 0x05, 0x8a, 0x00, 0x1a, 0x05, 0x8a, 0x00, 0x1a, 0x05, 0x8a, 0x00,
0x1a, 0x05, 0x8a, 0x00, 0x1a, 0x05, 0x8a, 0x00, 0xff, 0xff, 0xff, 0x00, 0xff, 0xff, 0xff,
0x00, 0xff, 0xff, 0xff, 0x00, 0xff, 0xff, 0xff, 0x00, 0xff, 0xff, 0xff, 0x00, 0xff, 0xff,
0xff, 0x00, 0xff, 0xff, 0xff, 0x00, 0xff, 0xff, 0xff, 0x00, 0xff, 0xff, 0xff, 0x00, 0xff,
0xff, 0xff, 0x00, 0xff, 0xff, 0xff, 0x00, 0xff, 0xff, 0xff, 0x00, 0xff, 0xff, 0xff, 0x00,
0xff, 0xff, 0xff, 0x00, 0xff, 0xff, 0xff, 0x00, 0xff, 0xff, 0xff, 0x00, 0xff, 0xff, 0xff,
0x00, 0x2f, 0x23, 0xf4, 0x00, 0x2f, 0x23, 0xf4, 0x00, 0x2f, 0x23, 0xf4, 0x00, 0x2f, 0x23,
0xf4, 0x00, 0x2f, 0x23, 0xf4, 0x00, 0x2f, 0x23, 0xf4, 0x00, 0x2f, 0x23, 0xf4, 0x00, 0x2f,
0x23, 0xf3, 0x00, 0x2f, 0x22, 0xf1, 0x08, 0x33, 0x2a, 0xfe, 0xc9, 0x32, 0x2d, 0xff, 0xff,
0x31, 0x2b, 0xff, 0xff, 0x31, 0x2b, 0xff, 0xff, 0x31, 0x2b, 0xff, 0xff, 0x31, 0x2a, 0xff,
0xff, 0x31, 0x2a, 0xff, 0xff, 0x31, 0x2a, 0xff, 0xff, 0x31, 0x2a, 0xff, 0xff, 0x31, 0x29,
0xff, 0xff, 0x31, 0x29, 0xff, 0xff, 0x31, 0x28, 0xff, 0xff, 0x31, 0x28, 0xff, 0xff, 0x31,
0x28, 0xff, 0xff, 0x31, 0x27, 0xff, 0xff, 0x31, 0x27, 0xff, 0xff, 0x31, 0x26, 0xff, 0xff,
0x31, 0x26, 0xff, 0xff, 0x31, 0x26, 0xff, 0xff, 0x31, 0x26, 0xff, 0xff, 0x31, 0x25, 0xff,
0xff, 0x31, 0x25, 0xff, 0xff, 0x31, 0x24, 0xff, 0xff, 0x31, 0x24, 0xff, 0xff, 0x31, 0x24,
0xff, 0xff, 0x31, 0x23, 0xff, 0xff, 0x2e, 0x20, 0xff, 0xff, 0x39, 0x2b, 0xff, 0xff, 0xea,
0xe9, 0xfe, 0xff, 0xff, 0xff, 0xfe, 0xff, 0xff, 0xff, 0xfe, 0xff, 0xae, 0xa7, 0xff, 0xff,
0x25, 0x14, 0xff, 0xff, 0x31, 0x20, 0xff, 0xff, 0x31, 0x20, 0xff, 0xff, 0x31, 0x20, 0xff,
0xff, 0x31, 0x1f, 0xff, 0xff, 0x31, 0x1f, 0xff, 0xff, 0x31, 0x1f, 0xff, 0xff, 0x31, 0x1f,
0xff, 0xff, 0x31, 0x1e, 0xff, 0xff, 0x32, 0x1e, 0xff, 0xff, 0x32, 0x1d, 0xff, 0xff, 0x32,
0x1d, 0xff, 0xff, 0x32, 0x1d, 0xff, 0xff, 0x32, 0x1c, 0xff, 0xff, 0x32, 0x1c, 0xff, 0xff,
0x32, 0x1b, 0xff, 0xff, 0x32, 0x1b, 0xff, 0xff, 0x32, 0x1b, 0xff, 0xff, 0x32, 0x1b, 0xff,
0xff, 0x32, 0x1a, 0xff, 0xff, 0x32, 0x1a, 0xff, 0xff, 0x33, 0x1a, 0xff, 0xff, 0x2b, 0x11,
0xff, 0xff, 0x30, 0x17, 0xff, 0xff, 0xb0, 0xa5, 0xff, 0xff, 0xff, 0xff, 0xfe, 0xff, 0xfe,
0xfe, 0xfe, 0xff, 0xff, 0xff, 0xfe, 0xff, 0xff, 0xff, 0xfe, 0xff, 0x94, 0x85, 0xff, 0xff,
0x26, 0x09, 0xff, 0xff, 0x32, 0x16, 0xff, 0xff, 0x32, 0x16, 0xff, 0xff, 0x32, 0x15, 0xff,
0xff, 0x32, 0x15, 0xff, 0xff, 0x32, 0x14, 0xff, 0xff, 0x32, 0x14, 0xff, 0xff, 0x32, 0x14,
0xff, 0xff, 0x32, 0x14, 0xff, 0xff, 0x32, 0x13, 0xff, 0xff, 0x32, 0x13, 0xff, 0xff, 0x32,
0x13, 0xff, 0xff, 0x32, 0x12, 0xff, 0xff, 0x32, 0x12, 0xff, 0xff, 0x32, 0x11, 0xff, 0xff,
0x32, 0x11, 0xff, 0xff, 0x32, 0x10, 0xff, 0xff, 0x32, 0x10, 0xff, 0xff, 0x32, 0x10, 0xff,
0xff, 0x32, 0x10, 0xff, 0xff, 0x32, 0x10, 0xff, 0xff, 0x32, 0x0f, 0xff, 0xff, 0x32, 0x0f,
0xff, 0xff, 0x32, 0x0e, 0xff, 0xff, 0x32, 0x0e, 0xff, 0xff, 0x32, 0x0d, 0xff, 0xff, 0x32,
0x0d, 0xff, 0xff, 0x32, 0x0d, 0xff, 0xff, 0x32, 0x0d, 0xff, 0xff, 0x34, 0x0d, 0xff, 0xcc,
0x21, 0x08, 0xb5, 0x08, 0x14, 0x05, 0x71, 0x00, 0x15, 0x06, 0x71, 0x00, 0x15, 0x06, 0x71,
0x00, 0x15, 0x06, 0x71, 0x00, 0x15, 0x06, 0x71, 0x00, 0x15, 0x06, 0x71, 0x00, 0x15, 0x06,
0x71, 0x00, 0x15, 0x06, 0x71, 0x00, 0x15, 0x06, 0x71, 0x00, 0xff, 0xff, 0xff, 0x00, 0xff,
0xff, 0xff, 0x00, 0xff, 0xff, 0xff, 0x00, 0xff, 0xff, 0xff, 0x00, 0xff, 0xff, 0xff, 0x00,
0xff, 0xff, 0xff, 0x00, 0xff, 0xff, 0xff, 0x00, 0xff, 0xff, 0xff, 0x00, 0xff, 0xff, 0xff,
0x00, 0xff, 0xff, 0xff, 0x00, 0xff, 0xff, 0xff, 0x00, 0xff, 0xff, 0xff, 0x00, 0xff, 0xff,
0xff, 0x00, 0xff, 0xff, 0xff, 0x00, 0xff, 0xff, 0xff, 0x00, 0xff, 0xff, 0xff, 0x00, 0xff,
0xff, 0xff, 0x00, 0x22, 0x03, 0xda, 0x00, 0x22, 0x03, 0xda, 0x00, 0x22, 0x03, 0xda, 0x00,
0x22, 0x03, 0xda, 0x00, 0x22, 0x03, 0xda, 0x00, 0x22, 0x03, 0xda, 0x00, 0x22, 0x03, 0xda,
0x00, 0x22, 0x03, 0xda, 0x00, 0x22, 0x02, 0xd8, 0x00, 0x22, 0x11, 0xe7, 0x30, 0x2f, 0x2b,
0xff, 0xec, 0x32, 0x2b, 0xff, 0xff, 0x31, 0x2a, 0xff, 0xff, 0x31, 0x2a, 0xff, 0xff, 0x31,
0x2a, 0xff, 0xff, 0x31, 0x29, 0xff, 0xff, 0x31, 0x29, 0xff, 0xff, 0x31, 0x29, 0xff, 0xff,
0x31, 0x28, 0xff, 0xff, 0x31, 0x28, 0xff, 0xff, 0x31, 0x27, 0xff, 0xff, 0x31, 0x27, 0xff,
0xff, 0x31, 0x26, 0xff, 0xff, 0x31, 0x26, 0xff, 0xff, 0x31, 0x26, 0xff, 0xff, 0x31, 0x26,
0xff, 0xff, 0x31, 0x25, 0xff, 0xff, 0x31, 0x25, 0xff, 0xff, 0x31, 0x25, 0xff, 0xff, 0x31,
0x24, 0xff, 0xff, 0x31, 0x24, 0xff, 0xff, 0x31, 0x23, 0xff, 0xff, 0x31, 0x23, 0xff, 0xff,
0x31, 0x23, 0xff, 0xff, 0x31, 0x23, 0xff, 0xff, 0x30, 0x22, 0xff, 0xff, 0x2b, 0x1b, 0xff,
0xff, 0xb4, 0xae, 0xff, 0xff, 0xff, 0xff, 0xfe, 0xff, 0xff, 0xff, 0xfe, 0xff, 0x77, 0x6c,
0xff, 0xff, 0x27, 0x15, 0xff, 0xff, 0x31, 0x1f, 0xff, 0xff, 0x31, 0x1f, 0xff, 0xff, 0x31,
0x1f, 0xff, 0xff, 0x31, 0x1f, 0xff, 0xff, 0x31, 0x1e, 0xff, 0xff, 0x32, 0x1e, 0xff, 0xff,
0x32, 0x1e, 0xff, 0xff, 0x32, 0x1d, 0xff, 0xff, 0x32, 0x1d, 0xff, 0xff, 0x32, 0x1c, 0xff,
0xff, 0x32, 0x1c, 0xff, 0xff, 0x32, 0x1b, 0xff, 0xff, 0x32, 0x1b, 0xff, 0xff, 0x32, 0x1b,
0xff, 0xff, 0x32, 0x1b, 0xff, 0xff, 0x32, 0x1b, 0xff, 0xff, 0x32, 0x1a, 0xff, 0xff, 0x32,
0x1a, 0xff, 0xff, 0x32, 0x19, 0xff, 0xff, 0x32, 0x19, 0xff, 0xff, 0x27, 0x0b, 0xff, 0xff,
0x3d, 0x24, 0xff, 0xff, 0xbe, 0xb6, 0xff, 0xff, 0xff, 0xff, 0xfe, 0xff, 0xfe, 0xfe, 0xfe,
0xff, 0xfe, 0xfe, 0xfe, 0xff, 0xff, 0xff, 0xfe, 0xff, 0xb5, 0xaa, 0xff, 0xff, 0x2a, 0x0c,
0xff, 0xff, 0x30, 0x13, 0xff, 0xff, 0x32, 0x15, 0xff, 0xff, 0x32, 0x15, 0xff, 0xff, 0x32,
0x14, 0xff, 0xff, 0x32, 0x14, 0xff, 0xff, 0x32, 0x14, 0xff, 0xff, 0x32, 0x14, 0xff, 0xff,
0x32, 0x13, 0xff, 0xff, 0x32, 0x13, 0xff, 0xff, 0x32, 0x12, 0xff, 0xff, 0x32, 0x12, 0xff,
0xff, 0x32, 0x11, 0xff, 0xff, 0x32, 0x11, 0xff, 0xff, 0x32, 0x11, 0xff, 0xff, 0x32, 0x10,
0xff, 0xff, 0x32, 0x10, 0xff, 0xff, 0x32, 0x10, 0xff, 0xff, 0x32, 0x10, 0xff, 0xff, 0x32,
0x0f, 0xff, 0xff, 0x32, 0x0f, 0xff, 0xff, 0x32, 0x0e, 0xff, 0xff, 0x32, 0x0e, 0xff, 0xff,
0x32, 0x0e, 0xff, 0xff, 0x32, 0x0d, 0xff, 0xff, 0x32, 0x0d, 0xff, 0xff, 0x32, 0x0d, 0xff,
0xff, 0x32, 0x0d, 0xff, 0xff, 0x33, 0x0c, 0xff, 0xff, 0x32, 0x0c, 0xfe, 0xf1, 0x1a, 0x05,
0xe2, 0x36, 0x14, 0x02, 0xe3, 0x00, 0x17, 0x03, 0xec, 0x00, 0x17, 0x02, 0xec, 0x00, 0x17,
0x02, 0xec, 0x00, 0x17, 0x02, 0xec, 0x00, 0x17, 0x02, 0xec, 0x00, 0x17, 0x02, 0xec, 0x00,
0x17, 0x02, 0xec, 0x00, 0x17, 0x02, 0xec, 0x00, 0x17, 0x02, 0xec, 0x00, 0xff, 0xff, 0xff,
0x00, 0xff, 0xff, 0xff, 0x00, 0xff, 0xff, 0xff, 0x00, 0xff, 0xff, 0xff, 0x00, 0xff, 0xff,
0xff, 0x00, 0xff, 0xff, 0xff, 0x00, 0xff, 0xff, 0xff, 0x00, 0xff, 0xff, 0xff, 0x00, 0xff,
0xff, 0xff, 0x00, 0xff, 0xff, 0xff, 0x00, 0xff, 0xff, 0xff, 0x00, 0xff, 0xff, 0xff, 0x00,
0xff, 0xff, 0xff, 0x00, 0xff, 0xff, 0xff, 0x00, 0xff, 0xff, 0xff, 0x00, 0xff, 0xff, 0xff,
0x00, 0xff, 0xff, 0xff, 0x00, 0x00, 0x00, 0x8d, 0x00, 0x00, 0x00, 0x8d, 0x00, 0x00, 0x00,
0x8d, 0x00, 0x00, 0x00, 0x8d, 0x00, 0x00, 0x00, 0x8d, 0x00, 0x00, 0x00, 0x8d, 0x00, 0x00,
0x00, 0x8d, 0x00, 0x00, 0x00, 0x8d, 0x00, 0x00, 0x00, 0x8e, 0x00, 0x00, 0x00, 0x8b, 0x00,
0x1b, 0x17, 0xb4, 0x58, 0x32, 0x2b, 0xfa, 0xfb, 0x31, 0x2a, 0xff, 0xff, 0x31, 0x29, 0xff,
0xff, 0x31, 0x29, 0xff, 0xff, 0x31, 0x28, 0xff, 0xff, 0x31, 0x28, 0xff, 0xff, 0x31, 0x27,
0xff, 0xff, 0x31, 0x27, 0xff, 0xff, 0x31, 0x27, 0xff, 0xff, 0x31, 0x26, 0xff, 0xff, 0x31,
0x26, 0xff, 0xff, 0x31, 0x26, 0xff, 0xff, 0x31, 0x26, 0xff, 0xff, 0x31, 0x25, 0xff, 0xff,
0x31, 0x25, 0xff, 0xff, 0x31, 0x24, 0xff, 0xff, 0x31, 0x24, 0xff, 0xff, 0x31, 0x23, 0xff,
0xff, 0x31, 0x23, 0xff, 0xff, 0x31, 0x23, 0xff, 0xff, 0x31, 0x23, 0xff, 0xff, 0x31, 0x22,
0xff, 0xff, 0x31, 0x22, 0xff, 0xff, 0x31, 0x22, 0xff, 0xff, 0x31, 0x21, 0xff, 0xff, 0x2f,
0x1e, 0xff, 0xff, 0x37, 0x27, 0xff, 0xff, 0x74, 0x69, 0xff, 0xff, 0x63, 0x56, 0xff, 0xff,
0x2e, 0x1c, 0xff, 0xff, 0x30, 0x1e, 0xff, 0xff, 0x31, 0x1f, 0xff, 0xff, 0x31, 0x1f, 0xff,
0xff, 0x32, 0x1e, 0xff, 0xff, 0x32, 0x1e, 0xff, 0xff, 0x32, 0x1d, 0xff, 0xff, 0x32, 0x1d,
0xff, 0xff, 0x32, 0x1c, 0xff, 0xff, 0x32, 0x1c, 0xff, 0xff, 0x32, 0x1c, 0xff, 0xff, 0x32,
0x1b, 0xff, 0xff, 0x32, 0x1b, 0xff, 0xff, 0x32, 0x1b, 0xff, 0xff, 0x32, 0x1b, 0xff, 0xff,
0x32, 0x1a, 0xff, 0xff, 0x32, 0x1a, 0xff, 0xff, 0x32, 0x19, 0xff, 0xff, 0x32, 0x19, 0xff,
0xff, 0x32, 0x19, 0xff, 0xff, 0x2e, 0x14, 0xff, 0xff, 0x24, 0x08, 0xff, 0xff, 0x5b, 0x47,
0xff, 0xff, 0xda, 0xd5, 0xff, 0xff, 0xff, 0xff, 0xfe, 0xff, 0xfe, 0xfe, 0xfe, 0xff, 0xfe,
0xfe, 0xfe, 0xff, 0xff, 0xff, 0xfe, 0xff, 0xc6, 0xbe, 0xff, 0xff, 0x32, 0x15, 0xff, 0xff,
0x2e, 0x10, 0xff, 0xff, 0x32, 0x15, 0xff, 0xff, 0x32, 0x14, 0xff, 0xff, 0x32, 0x14, 0xff,
0xff, 0x32, 0x14, 0xff, 0xff, 0x32, 0x13, 0xff, 0xff, 0x32, 0x13, 0xff, 0xff, 0x32, 0x12,
0xff, 0xff, 0x32, 0x12, 0xff, 0xff, 0x32, 0x12, 0xff, 0xff, 0x32, 0x11, 0xff, 0xff, 0x32,
0x11, 0xff, 0xff, 0x32, 0x10, 0xff, 0xff, 0x32, 0x10, 0xff, 0xff, 0x32, 0x10, 0xff, 0xff,
0x32, 0x10, 0xff, 0xff, 0x32, 0x0f, 0xff, 0xff, 0x32, 0x0f, 0xff, 0xff, 0x32, 0x0e, 0xff,
0xff, 0x32, 0x0e, 0xff, 0xff, 0x32, 0x0e, 0xff, 0xff, 0x32, 0x0d, 0xff, 0xff, 0x32, 0x0d,
0xff, 0xff, 0x32, 0x0d, 0xff, 0xff, 0x32, 0x0d, 0xff, 0xff, 0x32, 0x0c, 0xff, 0xff, 0x32,
0x0c, 0xff, 0xff, 0x32, 0x0b, 0xff, 0xff, 0x34, 0x0b, 0xff, 0xff, 0x2f, 0x08, 0xf4, 0x6b,
0x14, 0x00, 0xce, 0x00, 0x12, 0x01, 0xcc, 0x00, 0x13, 0x01, 0xcd, 0x00, 0x13, 0x01, 0xcd,
0x00, 0x13, 0x01, 0xcd, 0x00, 0x13, 0x01, 0xcd, 0x00, 0x13, 0x01, 0xcd, 0x00, 0x13, 0x01,
0xcd, 0x00, 0x13, 0x01, 0xcd, 0x00, 0x13, 0x01, 0xcd, 0x00, 0x13, 0x01, 0xcd, 0x00, 0xff,
0xff, 0xff, 0x00, 0xff, 0xff, 0xff, 0x00, 0xff, 0xff, 0xff, 0x00, 0xff, 0xff, 0xff, 0x00,
0xff, 0xff, 0xff, 0x00, 0xff, 0xff, 0xff, 0x00, 0xff, 0xff, 0xff, 0x00, 0xff, 0xff, 0xff,
0x00, 0xff, 0xff, 0xff, 0x00, 0xff, 0xff, 0xff, 0x00, 0xff, 0xff, 0xff, 0x00, 0xff, 0xff,
0xff, 0x00, 0xff, 0xff, 0xff, 0x00, 0xff, 0xff, 0xff, 0x00, 0xff, 0xff, 0xff, 0x00, 0xff,
0xff, 0xff, 0x00, 0xff, 0xff, 0xff, 0x00, 0x01, 0x01, 0x00, 0x00, 0x01, 0x01, 0x00, 0x00,
0x01, 0x01, 0x00, 0x00, 0x01, 0x01, 0x00, 0x00, 0x01, 0x01, 0x00, 0x00, 0x01, 0x01, 0x00,
0x00, 0x01, 0x01, 0x00, 0x00, 0x01, 0x01, 0x00, 0x00, 0x01, 0x01, 0x00, 0x00, 0x00, 0x00,
0x00, 0x00, 0x02, 0x02, 0x09, 0x00, 0x2b, 0x25, 0xf0, 0x75, 0x34, 0x2a, 0xff, 0xff, 0x31,
0x28, 0xff, 0xff, 0x31, 0x27, 0xff, 0xff, 0x31, 0x27, 0xff, 0xff, 0x31, 0x27, 0xff, 0xff,
0x31, 0x26, 0xff, 0xff, 0x31, 0x26, 0xff, 0xff, 0x31, 0x26, 0xff, 0xff, 0x31, 0x26, 0xff,
0xff, 0x31, 0x25, 0xff, 0xff, 0x31, 0x25, 0xff, 0xff, 0x31, 0x24, 0xff, 0xff, 0x31, 0x24,
0xff, 0xff, 0x31, 0x24, 0xff, 0xff, 0x31, 0x23, 0xff, 0xff, 0x31, 0x23, 0xff, 0xff, 0x31,
0x23, 0xff, 0xff, 0x31, 0x23, 0xff, 0xff, 0x31, 0x22, 0xff, 0xff, 0x31, 0x22, 0xff, 0xff,
0x31, 0x21, 0xff, 0xff, 0x31, 0x21, 0xff, 0xff, 0x31, 0x20, 0xff, 0xff, 0x31, 0x20, 0xff,
0xff, 0x31, 0x20, 0xff, 0xff, 0x2f, 0x1d, 0xff, 0xff, 0x26, 0x14, 0xff, 0xff, 0x28, 0x15,
0xff, 0xff, 0x31, 0x1e, 0xff, 0xff, 0x32, 0x1e, 0xff, 0xff, 0x32, 0x1e, 0xff, 0xff, 0x32,
0x1d, 0xff, 0xff, 0x32, 0x1d, 0xff, 0xff, 0x32, 0x1d, 0xff, 0xff, 0x32, 0x1c, 0xff, 0xff,
0x32, 0x1c, 0xff, 0xff, 0x32, 0x1b, 0xff, 0xff, 0x32, 0x1b, 0xff, 0xff, 0x32, 0x1b, 0xff,
0xff, 0x32, 0x1b, 0xff, 0xff, 0x32, 0x1a, 0xff, 0xff, 0x32, 0x1a, 0xff, 0xff, 0x32, 0x19,
0xff, 0xff, 0x32, 0x19, 0xff, 0xff, 0x32, 0x19, 0xff, 0xff, 0x32, 0x18, 0xff, 0xff, 0x33,
0x19, 0xff, 0xff, 0x2a, 0x0e, 0xff, 0xff, 0x38, 0x1f, 0xff, 0xff, 0x93, 0x84, 0xff, 0xff,
0xfa, 0xf9, 0xfe, 0xff, 0xff, 0xff, 0xfe, 0xff, 0xfe, 0xfe, 0xfe, 0xff, 0xff, 0xff, 0xfe,
0xff, 0xff, 0xff, 0xfe, 0xff, 0xc7, 0xbf, 0xff, 0xff, 0x37, 0x1a, 0xff, 0xff, 0x2d, 0x0d,
0xff, 0xff, 0x32, 0x14, 0xff, 0xff, 0x32, 0x14, 0xff, 0xff, 0x32, 0x13, 0xff, 0xff, 0x32,
0x13, 0xff, 0xff, 0x32, 0x12, 0xff, 0xff, 0x32, 0x12, 0xff, 0xff, 0x32, 0x12, 0xff, 0xff,
0x32, 0x11, 0xff, 0xff, 0x32, 0x11, 0xff, 0xff, 0x32, 0x10, 0xff, 0xff, 0x32, 0x10, 0xff,
0xff, 0x32, 0x10, 0xff, 0xff, 0x32, 0x10, 0xff, 0xff, 0x32, 0x0f, 0xff, 0xff, 0x32, 0x0f,
0xff, 0xff, 0x32, 0x0f, 0xff, 0xff, 0x32, 0x0e, 0xff, 0xff, 0x32, 0x0e, 0xff, 0xff, 0x32,
0x0d, 0xff, 0xff, 0x32, 0x0d, 0xff, 0xff, 0x32, 0x0d, 0xff, 0xff, 0x32, 0x0d, 0xff, 0xff,
0x32, 0x0c, 0xff, 0xff, 0x32, 0x0c, 0xff, 0xff, 0x33, 0x0c, 0xff, 0xff, 0x33, 0x0b, 0xff,
0xff, 0x33, 0x0b, 0xff, 0xff, 0x35, 0x0b, 0xff, 0xff, 0x2a, 0x08, 0xf1, 0x9d, 0x0b, 0x02,
0xba, 0x00, 0x0c, 0x01, 0xba, 0x00, 0x0d, 0x01, 0xbb, 0x00, 0x0d, 0x01, 0xbb, 0x00, 0x0d,
0x01, 0xbb, 0x00, 0x0d, 0x01, 0xbb, 0x00, 0x0d, 0x01, 0xbb, 0x00, 0x0d, 0x01, 0xbb, 0x00,
0x0d, 0x01, 0xbb, 0x00, 0x0d, 0x01, 0xbb, 0x00, 0x0d, 0x01, 0xbb, 0x00, 0x0d, 0x01, 0xbb,
0x00, 0xff, 0xff, 0xff, 0x00, 0xff, 0xff, 0xff, 0x00, 0xff, 0xff, 0xff, 0x00, 0xff, 0xff,
0xff, 0x00, 0xff, 0xff, 0xff, 0x00, 0xff, 0xff, 0xff, 0x00, 0xff, 0xff, 0xff, 0x00, 0xff,
0xff, 0xff, 0x00, 0xff, 0xff, 0xff, 0x00, 0xff, 0xff, 0xff, 0x00, 0xff, 0xff, 0xff, 0x00,
0xff, 0xff, 0xff, 0x00, 0xff, 0xff, 0xff, 0x00, 0xff, 0xff, 0xff, 0x00, 0xff, 0xff, 0xff,
0x00, 0xff, 0xff, 0xff, 0x00, 0xff, 0xff, 0xff, 0x00, 0x01, 0x01, 0x01, 0x00, 0x01, 0x01,
0x01, 0x00, 0x01, 0x01, 0x01, 0x00, 0x01, 0x01, 0x01, 0x00, 0x01, 0x01, 0x01, 0x00, 0x01,
0x01, 0x01, 0x00, 0x01, 0x01, 0x01, 0x00, 0x01, 0x01, 0x01, 0x00, 0x01, 0x01, 0x01, 0x00,
0x00, 0x00, 0x00, 0x00, 0x02, 0x02, 0x0c, 0x00, 0x1d, 0x19, 0xa8, 0x00, 0x28, 0x20, 0xcd,
0x88, 0x32, 0x27, 0xff, 0xff, 0x31, 0x27, 0xff, 0xff, 0x31, 0x26, 0xff, 0xff, 0x31, 0x26,
0xff, 0xff, 0x31, 0x26, 0xff, 0xff, 0x31, 0x25, 0xff, 0xff, 0x31, 0x25, 0xff, 0xff, 0x31,
0x25, 0xff, 0xff, 0x31, 0x24, 0xff, 0xff, 0x31, 0x24, 0xff, 0xff, 0x31, 0x23, 0xff, 0xff,
0x31, 0x23, 0xff, 0xff, 0x31, 0x23, 0xff, 0xff, 0x31, 0x23, 0xff, 0xff, 0x31, 0x22, 0xff,
0xff, 0x31, 0x22, 0xff, 0xff, 0x31, 0x21, 0xff, 0xff, 0x31, 0x21, 0xff, 0xff, 0x31, 0x21,
0xff, 0xff, 0x31, 0x20, 0xff, 0xff, 0x31, 0x20, 0xff, 0xff, 0x31, 0x1f, 0xff, 0xff, 0x31,
0x1f, 0xff, 0xff, 0x31, 0x1f, 0xff, 0xff, 0x31, 0x1f, 0xff, 0xff, 0x31, 0x1e, 0xff, 0xff,
0x32, 0x1e, 0xff, 0xff, 0x32, 0x1d, 0xff, 0xff, 0x32, 0x1d, 0xff, 0xff, 0x32, 0x1d, 0xff,
0xff, 0x32, 0x1c, 0xff, 0xff, 0x32, 0x1c, 0xff, 0xff, 0x32, 0x1b, 0xff, 0xff, 0x32, 0x1b,
0xff, 0xff, 0x32, 0x1b, 0xff, 0xff, 0x32, 0x1b, 0xff, 0xff, 0x32, 0x1a, 0xff, 0xff, 0x32,
0x1a, 0xff, 0xff, 0x32, 0x1a, 0xff, 0xff, 0x32, 0x19, 0xff, 0xff, 0x32, 0x19, 0xff, 0xff,
0x32, 0x18, 0xff, 0xff, 0x32, 0x18, 0xff, 0xff, 0x32, 0x18, 0xff, 0xff, 0x32, 0x18, 0xff,
0xff, 0x2c, 0x10, 0xff, 0xff, 0x4f, 0x38, 0xff, 0xff, 0xd6, 0xd1, 0xff, 0xff, 0xff, 0xff,
0xfe, 0xff, 0xff, 0xff, 0xfe, 0xff, 0xfe, 0xfe, 0xfe, 0xff, 0xff, 0xff, 0xfe, 0xff, 0xff,
0xff, 0xfe, 0xff, 0xb4, 0xaa, 0xff, 0xff, 0x34, 0x16, 0xff, 0xff, 0x2c, 0x0d, 0xff, 0xff,
0x32, 0x14, 0xff, 0xff, 0x32, 0x13, 0xff, 0xff, 0x32, 0x13, 0xff, 0xff, 0x32, 0x12, 0xff,
0xff, 0x32, 0x12, 0xff, 0xff, 0x32, 0x11, 0xff, 0xff, 0x32, 0x11, 0xff, 0xff, 0x32, 0x11,
0xff, 0xff, 0x32, 0x10, 0xff, 0xff, 0x32, 0x10, 0xff, 0xff, 0x32, 0x10, 0xff, 0xff, 0x32,
0x10, 0xff, 0xff, 0x32, 0x0f, 0xff, 0xff, 0x32, 0x0f, 0xff, 0xff, 0x32, 0x0e, 0xff, 0xff,
0x32, 0x0e, 0xff, 0xff, 0x32, 0x0d, 0xff, 0xff, 0x32, 0x0d, 0xff, 0xff, 0x32, 0x0d, 0xff,
0xff, 0x32, 0x0d, 0xff, 0xff, 0x32, 0x0d, 0xff, 0xff, 0x32, 0x0c, 0xff, 0xff, 0x33, 0x0c,
0xff, 0xff, 0x33, 0x0b, 0xff, 0xff, 0x33, 0x0b, 0xff, 0xff, 0x33, 0x0a, 0xff, 0xff, 0x33,
0x0a, 0xff, 0xff, 0x35, 0x0a, 0xff, 0xff, 0x32, 0x08, 0xf9, 0xc4, 0x0b, 0x02, 0x9c, 0x0a,
0x00, 0x01, 0x82, 0x00, 0x00, 0x01, 0x85, 0x00, 0x00, 0x01, 0x85, 0x00, 0x00, 0x01, 0x85,
0x00, 0x00, 0x01, 0x85, 0x00, 0x00, 0x01, 0x85, 0x00, 0x00, 0x01, 0x85, 0x00, 0x00, 0x01,
0x85, 0x00, 0x00, 0x01, 0x85, 0x00, 0x00, 0x01, 0x85, 0x00, 0x00, 0x01, 0x85, 0x00, 0x00,
0x01, 0x85, 0x00, 0xff, 0xff, 0xff, 0x00, 0xff, 0xff, 0xff, 0x00, 0xff, 0xff, 0xff, 0x00,
0xff, 0xff, 0xff, 0x00, 0xff, 0xff, 0xff, 0x00, 0xff, 0xff, 0xff, 0x00, 0xff, 0xff, 0xff,
0x00, 0xff, 0xff, 0xff, 0x00, 0xff, 0xff, 0xff, 0x00, 0xff, 0xff, 0xff, 0x00, 0xff, 0xff,
0xff, 0x00, 0xff, 0xff, 0xff, 0x00, 0xff, 0xff, 0xff, 0x00, 0xff, 0xff, 0xff, 0x00, 0xff,
0xff, 0xff, 0x00, 0xff, 0xff, 0xff, 0x00, 0xff, 0xff, 0xff, 0x00, 0x01, 0x01, 0x01, 0x00,
0x01, 0x01, 0x01, 0x00, 0x01, 0x01, 0x01, 0x00, 0x01, 0x01, 0x01, 0x00, 0x01, 0x01, 0x01,
0x00, 0x01, 0x01, 0x01, 0x00, 0x01, 0x01, 0x01, 0x00, 0x01, 0x01, 0x01, 0x00, 0x01, 0x01,
0x01, 0x00, 0x01, 0x01, 0x01, 0x00, 0x01, 0x01, 0x00, 0x00, 0x00, 0x00, 0x00, 0x00, 0x00,
0x00, 0x28, 0x00, 0x23, 0x1c, 0xf0, 0x92, 0x33, 0x28, 0xff, 0xff, 0x31, 0x26, 0xff, 0xff,
0x31, 0x25, 0xff, 0xff, 0x31, 0x25, 0xff, 0xff, 0x31, 0x24, 0xff, 0xff, 0x31, 0x24, 0xff,
0xff, 0x31, 0x23, 0xff, 0xff, 0x31, 0x23, 0xff, 0xff, 0x31, 0x23, 0xff, 0xff, 0x31, 0x23,
0xff, 0xff, 0x31, 0x22, 0xff, 0xff, 0x31, 0x22, 0xff, 0xff, 0x31, 0x22, 0xff, 0xff, 0x31,
0x21, 0xff, 0xff, 0x31, 0x21, 0xff, 0xff, 0x31, 0x20, 0xff, 0xff, 0x31, 0x20, 0xff, 0xff,
0x31, 0x1f, 0xff, 0xff, 0x31, 0x1f, 0xff, 0xff, 0x31, 0x1f, 0xff, 0xff, 0x31, 0x1f, 0xff,
0xff, 0x31, 0x1e, 0xff, 0xff, 0x32, 0x1e, 0xff, 0xff, 0x32, 0x1e, 0xff, 0xff, 0x32, 0x1d,
0xff, 0xff, 0x32, 0x1d, 0xff, 0xff, 0x32, 0x1c, 0xff, 0xff, 0x32, 0x1c, 0xff, 0xff, 0x32,
0x1c, 0xff, 0xff, 0x32, 0x1b, 0xff, 0xff, 0x32, 0x1b, 0xff, 0xff, 0x32, 0x1b, 0xff, 0xff,
0x32, 0x1b, 0xff, 0xff, 0x32, 0x1a, 0xff, 0xff, 0x32, 0x1a, 0xff, 0xff, 0x32, 0x19, 0xff,
0xff, 0x32, 0x19, 0xff, 0xff, 0x32, 0x18, 0xff, 0xff, 0x32, 0x18, 0xff, 0xff, 0x32, 0x18,
0xff, 0xff, 0x32, 0x18, 0xff, 0xff, 0x32, 0x17, 0xff, 0xff, 0x32, 0x17, 0xff, 0xff, 0x30,
0x14, 0xff, 0xff, 0x34, 0x18, 0xff, 0xff, 0xd7, 0xd2, 0xfe, 0xff, 0xff, 0xff, 0xfe, 0xff,
0xfe, 0xfe, 0xfe, 0xff, 0xfe, 0xff, 0xfe, 0xff, 0xff, 0xff, 0xfe, 0xff, 0xf7, 0xf6, 0xfe,
0xff, 0x90, 0x80, 0xff, 0xff, 0x2a, 0x0b, 0xff, 0xff, 0x2e, 0x0e, 0xff, 0xff, 0x32, 0x13,
0xff, 0xff, 0x32, 0x12, 0xff, 0xff, 0x32, 0x12, 0xff, 0xff, 0x32, 0x11, 0xff, 0xff, 0x32,
0x11, 0xff, 0xff, 0x32, 0x11, 0xff, 0xff, 0x32, 0x10, 0xff, 0xff, 0x32, 0x10, 0xff, 0xff,
0x32, 0x10, 0xff, 0xff, 0x32, 0x10, 0xff, 0xff, 0x32, 0x0f, 0xff, 0xff, 0x32, 0x0f, 0xff,
0xff, 0x32, 0x0e, 0xff, 0xff, 0x32, 0x0e, 0xff, 0xff, 0x32, 0x0e, 0xff, 0xff, 0x32, 0x0d,
0xff, 0xff, 0x32, 0x0d, 0xff, 0xff, 0x32, 0x0d, 0xff, 0xff, 0x32, 0x0d, 0xff, 0xff, 0x32,
0x0c, 0xff, 0xff, 0x33, 0x0c, 0xff, 0xff, 0x33, 0x0b, 0xff, 0xff, 0x33, 0x0b, 0xff, 0xff,
0x33, 0x0a, 0xff, 0xff, 0x33, 0x0a, 0xff, 0xff, 0x33, 0x0a, 0xff, 0xff, 0x33, 0x09, 0xff,
0xff, 0x34, 0x09, 0xff, 0xff, 0x2f, 0x08, 0xf8, 0xda, 0x1c, 0x04, 0xdc, 0x1f, 0x01, 0x01,
0x98, 0x00, 0x01, 0x01, 0x95, 0x00, 0x01, 0x01, 0x96, 0x00, 0x01, 0x01, 0x96, 0x00, 0x01,
0x01, 0x96, 0x00, 0x01, 0x01, 0x96, 0x00, 0x01, 0x01, 0x96, 0x00, 0x01, 0x01, 0x96, 0x00,
0x01, 0x01, 0x96, 0x00, 0x01, 0x01, 0x96, 0x00, 0x01, 0x01, 0x96, 0x00, 0x01, 0x01, 0x96,
0x00, 0x01, 0x01, 0x96, 0x00, 0xff, 0xff, 0xff, 0x00, 0xff, 0xff, 0xff, 0x00, 0xff, 0xff,
0xff, 0x00, 0xff, 0xff, 0xff, 0x00, 0xff, 0xff, 0xff, 0x00, 0xff, 0xff, 0xff, 0x00, 0xff,
0xff, 0xff, 0x00, 0xff, 0xff, 0xff, 0x00, 0xff, 0xff, 0xff, 0x00, 0xff, 0xff, 0xff, 0x00,
0xff, 0xff, 0xff, 0x00, 0xff, 0xff, 0xff, 0x00, 0xff, 0xff, 0xff, 0x00, 0xff, 0xff, 0xff,
0x00, 0xff, 0xff, 0xff, 0x00, 0xff, 0xff, 0xff, 0x00, 0xff, 0xff, 0xff, 0x00, 0x01, 0x01,
0x01, 0x00, 0x01, 0x01, 0x01, 0x00, 0x01, 0x01, 0x01, 0x00, 0x01, 0x01, 0x01, 0x00, 0x01,
0x01, 0x01, 0x00, 0x01, 0x01, 0x01, 0x00, 0x01, 0x01, 0x01, 0x00, 0x01, 0x01, 0x01, 0x00,
0x01, 0x01, 0x01, 0x00, 0x01, 0x01, 0x01, 0x00, 0x01, 0x01, 0x01, 0x00, 0x01, 0x01, 0x00,
0x00, 0x00, 0x00, 0x2b, 0x00, 0x17, 0x12, 0xdb, 0x00, 0x31, 0x22, 0xfb, 0x98, 0x31, 0x25,
0xff, 0xff, 0x31, 0x24, 0xff, 0xff, 0x31, 0x24, 0xff, 0xff, 0x31, 0x23, 0xff, 0xff, 0x31,
0x23, 0xff, 0xff, 0x31, 0x23, 0xff, 0xff, 0x31, 0x23, 0xff, 0xff, 0x31, 0x22, 0xff, 0xff,
0x31, 0x22, 0xff, 0xff, 0x31, 0x21, 0xff, 0xff, 0x31, 0x21, 0xff, 0xff, 0x31, 0x20, 0xff,
0xff, 0x31, 0x20, 0xff, 0xff, 0x31, 0x20, 0xff, 0xff, 0x31, 0x1f, 0xff, 0xff, 0x31, 0x1f,
0xff, 0xff, 0x31, 0x1f, 0xff, 0xff, 0x31, 0x1f, 0xff, 0xff, 0x32, 0x1e, 0xff, 0xff, 0x32,
0x1e, 0xff, 0xff, 0x32, 0x1d, 0xff, 0xff, 0x32, 0x1d, 0xff, 0xff, 0x32, 0x1c, 0xff, 0xff,
0x32, 0x1c, 0xff, 0xff, 0x32, 0x1c, 0xff, 0xff, 0x32, 0x1b, 0xff, 0xff, 0x32, 0x1b, 0xff,
0xff, 0x32, 0x1b, 0xff, 0xff, 0x32, 0x1b, 0xff, 0xff, 0x32, 0x1a, 0xff, 0xff, 0x32, 0x1a,
0xff, 0xff, 0x32, 0x19, 0xff, 0xff, 0x32, 0x19, 0xff, 0xff, 0x32, 0x19, 0xff, 0xff, 0x32,
0x18, 0xff, 0xff, 0x32, 0x18, 0xff, 0xff, 0x32, 0x18, 0xff, 0xff, 0x32, 0x18, 0xff, 0xff,
0x32, 0x17, 0xff, 0xff, 0x32, 0x17, 0xff, 0xff, 0x32, 0x16, 0xff, 0xff, 0x32, 0x16, 0xff,
0xff, 0x2f, 0x12, 0xff, 0xff, 0x3b, 0x1f, 0xff, 0xff, 0xee, 0xec, 0xfe, 0xff, 0xff, 0xff,
0xfe, 0xff, 0xff, 0xff, 0xfe, 0xff, 0xff, 0xff, 0xfe, 0xff, 0xce, 0xc6, 0xff, 0xff, 0x5d,
0x45, 0xff, 0xff, 0x24, 0x03, 0xff, 0xff, 0x31, 0x11, 0xff, 0xff, 0x32, 0x12, 0xff, 0xff,
0x32, 0x12, 0xff, 0xff, 0x32, 0x11, 0xff, 0xff, 0x32, 0x11, 0xff, 0xff, 0x32, 0x10, 0xff,
0xff, 0x32, 0x10, 0xff, 0xff, 0x32, 0x10, 0xff, 0xff, 0x32, 0x10, 0xff, 0xff, 0x32, 0x0f,
0xff, 0xff, 0x32, 0x0f, 0xff, 0xff, 0x32, 0x0f, 0xff, 0xff, 0x32, 0x0e, 0xff, 0xff, 0x32,
0x0e, 0xff, 0xff, 0x32, 0x0d, 0xff, 0xff, 0x32, 0x0d, 0xff, 0xff, 0x32, 0x0d, 0xff, 0xff,
0x32, 0x0d, 0xff, 0xff, 0x32, 0x0c, 0xff, 0xff, 0x32, 0x0c, 0xff, 0xff, 0x33, 0x0b, 0xff,
0xff, 0x33, 0x0b, 0xff, 0xff, 0x33, 0x0b, 0xff, 0xff, 0x33, 0x0a, 0xff, 0xff, 0x33, 0x0a,
0xff, 0xff, 0x33, 0x09, 0xff, 0xff, 0x33, 0x09, 0xff, 0xff, 0x33, 0x09, 0xff, 0xff, 0x33,
0x09, 0xff, 0xff, 0x35, 0x09, 0xff, 0xe5, 0x23, 0x03, 0xe8, 0x30, 0x00, 0x01, 0xbb, 0x00,
0x01, 0x01, 0xc3, 0x00, 0x01, 0x01, 0xc3, 0x00, 0x01, 0x01, 0xc3, 0x00, 0x01, 0x01, 0xc3,
0x00, 0x01, 0x01, 0xc3, 0x00, 0x01, 0x01, 0xc3, 0x00, 0x01, 0x01, 0xc3, 0x00, 0x01, 0x01,
0xc3, 0x00, 0x01, 0x01, 0xc3, 0x00, 0x01, 0x01, 0xc3, 0x00, 0x01, 0x01, 0xc3, 0x00, 0x01,
0x01, 0xc3, 0x00, 0x01, 0x01, 0xc3, 0x00, 0xff, 0xff, 0xff, 0x00, 0xff, 0xff, 0xff, 0x00,
0xff, 0xff, 0xff, 0x00, 0xff, 0xff, 0xff, 0x00, 0xff, 0xff, 0xff, 0x00, 0xff, 0xff, 0xff,
0x00, 0xff, 0xff, 0xff, 0x00, 0xff, 0xff, 0xff, 0x00, 0xff, 0xff, 0xff, 0x00, 0xff, 0xff,
0xff, 0x00, 0xff, 0xff, 0xff, 0x00, 0xff, 0xff, 0xff, 0x00, 0xff, 0xff, 0xff, 0x00, 0xff,
0xff, 0xff, 0x00, 0xff, 0xff, 0xff, 0x00, 0xff, 0xff, 0xff, 0x00, 0xff, 0xff, 0xff, 0x00,
0x01, 0x01, 0x01, 0x00, 0x01, 0x01, 0x01, 0x00, 0x01, 0x01, 0x01, 0x00, 0x01, 0x01, 0x01,
0x00, 0x01, 0x01, 0x01, 0x00, 0x01, 0x01, 0x01, 0x00, 0x01, 0x01, 0x01, 0x00, 0x01, 0x01,
0x01, 0x00, 0x01, 0x01, 0x01, 0x00, 0x01, 0x01, 0x01, 0x00, 0x01, 0x01, 0x01, 0x00, 0x01,
0x01, 0x00, 0x00, 0x00, 0x00, 0x2c, 0x00, 0x19, 0x12, 0xdc, 0x00, 0x2c, 0x1c, 0xf3, 0x00,
0x2e, 0x21, 0xfb, 0x9a, 0x32, 0x23, 0xff, 0xff, 0x31, 0x23, 0xff, 0xff, 0x31, 0x23, 0xff,
0xff, 0x31, 0x22, 0xff, 0xff, 0x31, 0x22, 0xff, 0xff, 0x31, 0x21, 0xff, 0xff, 0x31, 0x21,
0xff, 0xff, 0x31, 0x21, 0xff, 0xff, 0x31, 0x20, 0xff, 0xff, 0x31, 0x20, 0xff, 0xff, 0x31,
0x1f, 0xff, 0xff, 0x31, 0x1f, 0xff, 0xff, 0x31, 0x1f, 0xff, 0xff, 0x31, 0x1f, 0xff, 0xff,
0x31, 0x1e, 0xff, 0xff, 0x32, 0x1e, 0xff, 0xff, 0x32, 0x1d, 0xff, 0xff, 0x32, 0x1d, 0xff,
0xff, 0x32, 0x1d, 0xff, 0xff, 0x32, 0x1c, 0xff, 0xff, 0x32, 0x1c, 0xff, 0xff, 0x32, 0x1b,
0xff, 0xff, 0x32, 0x1b, 0xff, 0xff, 0x32, 0x1b, 0xff, 0xff, 0x32, 0x1b, 0xff, 0xff, 0x32,
0x1a, 0xff, 0xff, 0x32, 0x1a, 0xff, 0xff, 0x32, 0x1a, 0xff, 0xff, 0x32, 0x19, 0xff, 0xff,
0x32, 0x19, 0xff, 0xff, 0x32, 0x18, 0xff, 0xff, 0x32, 0x18, 0xff, 0xff, 0x32, 0x18, 0xff,
0xff, 0x32, 0x18, 0xff, 0xff, 0x32, 0x17, 0xff, 0xff, 0x32, 0x17, 0xff, 0xff, 0x32, 0x16,
0xff, 0xff, 0x32, 0x16, 0xff, 0xff, 0x32, 0x16, 0xff, 0xff, 0x32, 0x15, 0xff, 0xff, 0x32,
0x15, 0xff, 0xff, 0x32, 0x14, 0xff, 0xff, 0x2a, 0x0b, 0xff, 0xff, 0x79, 0x65, 0xff, 0xff,
0xe4, 0xe0, 0xfe, 0xff, 0xd3, 0xcc, 0xfe, 0xff, 0x8a, 0x78, 0xff, 0xff, 0x30, 0x10, 0xff,
0xff, 0x28, 0x07, 0xff, 0xff, 0x32, 0x12, 0xff, 0xff, 0x32, 0x11, 0xff, 0xff, 0x32, 0x11,
0xff, 0xff, 0x32, 0x11, 0xff, 0xff, 0x32, 0x10, 0xff, 0xff, 0x32, 0x10, 0xff, 0xff, 0x32,
0x10, 0xff, 0xff, 0x32, 0x10, 0xff, 0xff, 0x32, 0x0f, 0xff, 0xff, 0x32, 0x0f, 0xff, 0xff,
0x32, 0x0e, 0xff, 0xff, 0x32, 0x0e, 0xff, 0xff, 0x32, 0x0d, 0xff, 0xff, 0x32, 0x0d, 0xff,
0xff, 0x32, 0x0d, 0xff, 0xff, 0x32, 0x0d, 0xff, 0xff, 0x32, 0x0c, 0xff, 0xff, 0x32, 0x0c,
0xff, 0xff, 0x33, 0x0c, 0xff, 0xff, 0x33, 0x0b, 0xff, 0xff, 0x33, 0x0b, 0xff, 0xff, 0x33,
0x0a, 0xff, 0xff, 0x33, 0x0a, 0xff, 0xff, 0x33, 0x0a, 0xff, 0xff, 0x33, 0x09, 0xff, 0xff,
0x33, 0x09, 0xff, 0xff, 0x33, 0x09, 0xff, 0xff, 0x33, 0x09, 0xff, 0xff, 0x33, 0x08, 0xff,
0xff, 0x33, 0x08, 0xff, 0xe8, 0x33, 0x07, 0xff, 0x3b, 0x23, 0x02, 0xe8, 0x00, 0x00, 0x01,
0xbe, 0x00, 0x01, 0x01, 0xc0, 0x00, 0x01, 0x01, 0xc0, 0x00, 0x01, 0x01, 0xc0, 0x00, 0x01,
0x01, 0xc0, 0x00, 0x01, 0x01, 0xc0, 0x00, 0x01, 0x01, 0xc0, 0x00, 0x01, 0x01, 0xc0, 0x00,
0x01, 0x01, 0xc0, 0x00, 0x01, 0x01, 0xc0, 0x00, 0x01, 0x01, 0xc0, 0x00, 0x01, 0x01, 0xc0,
0x00, 0x01, 0x01, 0xc0, 0x00, 0x01, 0x01, 0xc0, 0x00, 0xff, 0xff, 0xff, 0x00, 0xff, 0xff,
0xff, 0x00, 0xff, 0xff, 0xff, 0x00, 0xff, 0xff, 0xff, 0x00, 0xff, 0xff, 0xff, 0x00, 0xff,
0xff, 0xff, 0x00, 0xff, 0xff, 0xff, 0x00, 0xff, 0xff, 0xff, 0x00, 0xff, 0xff, 0xff, 0x00,
0xff, 0xff, 0xff, 0x00, 0xff, 0xff, 0xff, 0x00, 0xff, 0xff, 0xff, 0x00, 0xff, 0xff, 0xff,
0x00, 0xff, 0xff, 0xff, 0x00, 0xff, 0xff, 0xff, 0x00, 0xff, 0xff, 0xff, 0x00, 0xff, 0xff,
0xff, 0x00, 0x01, 0x01, 0x01, 0x00, 0x01, 0x01, 0x01, 0x00, 0x01, 0x01, 0x01, 0x00, 0x01,
0x01, 0x01, 0x00, 0x01, 0x01, 0x01, 0x00, 0x01, 0x01, 0x01, 0x00, 0x01, 0x01, 0x01, 0x00,
0x01, 0x01, 0x01, 0x00, 0x01, 0x01, 0x01, 0x00, 0x01, 0x01, 0x01, 0x00, 0x01, 0x01, 0x01,
0x00, 0x01, 0x01, 0x00, 0x00, 0x00, 0x00, 0x2c, 0x00, 0x19, 0x12, 0xdc, 0x00, 0x2c, 0x1c,
0xf3, 0x00, 0x2a, 0x1f, 0xf5, 0x00, 0x30, 0x21, 0xfc, 0x9c, 0x31, 0x22, 0xff, 0xff, 0x31,
0x22, 0xff, 0xff, 0x31, 0x21, 0xff, 0xff, 0x31, 0x21, 0xff, 0xff, 0x31, 0x20, 0xff, 0xff,
0x31, 0x20, 0xff, 0xff, 0x31, 0x1f, 0xff, 0xff, 0x31, 0x1f, 0xff, 0xff, 0x31, 0x1f, 0xff,
0xff, 0x31, 0x1f, 0xff, 0xff, 0x31, 0x1e, 0xff, 0xff, 0x32, 0x1e, 0xff, 0xff, 0x32, 0x1e,
0xff, 0xff, 0x32, 0x1d, 0xff, 0xff, 0x32, 0x1d, 0xff, 0xff, 0x32, 0x1c, 0xff, 0xff, 0x32,
0x1c, 0xff, 0xff, 0x32, 0x1c, 0xff, 0xff, 0x32, 0x1b, 0xff, 0xff, 0x32, 0x1b, 0xff, 0xff,
0x32, 0x1b, 0xff, 0xff, 0x32, 0x1b, 0xff, 0xff, 0x32, 0x1a, 0xff, 0xff, 0x32, 0x1a, 0xff,
0xff, 0x32, 0x19, 0xff, 0xff, 0x32, 0x19, 0xff, 0xff, 0x32, 0x18, 0xff, 0xff, 0x32, 0x18,
0xff, 0xff, 0x32, 0x18, 0xff, 0xff, 0x32, 0x18, 0xff, 0xff, 0x32, 0x17, 0xff, 0xff, 0x32,
0x17, 0xff, 0xff, 0x32, 0x17, 0xff, 0xff, 0x32, 0x16, 0xff, 0xff, 0x32, 0x16, 0xff, 0xff,
0x32, 0x15, 0xff, 0xff, 0x32, 0x15, 0xff, 0xff, 0x32, 0x15, 0xff, 0xff, 0x32, 0x14, 0xff,
0xff, 0x32, 0x14, 0xff, 0xff, 0x32, 0x14, 0xff, 0xff, 0x32, 0x14, 0xff, 0xff, 0x2b, 0x0b,
0xff, 0xff, 0x39, 0x1b, 0xff, 0xff, 0x32, 0x12, 0xff, 0xff, 0x26, 0x04, 0xff, 0xff, 0x30,
0x0f, 0xff, 0xff, 0x32, 0x11, 0xff, 0xff, 0x32, 0x11, 0xff, 0xff, 0x32, 0x10, 0xff, 0xff,
0x32, 0x10, 0xff, 0xff, 0x32, 0x10, 0xff, 0xff, 0x32, 0x10, 0xff, 0xff, 0x32, 0x0f, 0xff,
0xff, 0x32, 0x0f, 0xff, 0xff, 0x32, 0x0e, 0xff, 0xff, 0x32, 0x0e, 0xff, 0xff, 0x32, 0x0e,
0xff, 0xff, 0x32, 0x0d, 0xff, 0xff, 0x32, 0x0d, 0xff, 0xff, 0x32, 0x0d, 0xff, 0xff, 0x32,
0x0d, 0xff, 0xff, 0x32, 0x0c, 0xff, 0xff, 0x33, 0x0c, 0xff, 0xff, 0x33, 0x0b, 0xff, 0xff,
0x33, 0x0b, 0xff, 0xff, 0x33, 0x0a, 0xff, 0xff, 0x33, 0x0a, 0xff, 0xff, 0x33, 0x0a, 0xff,
0xff, 0x33, 0x09, 0xff, 0xff, 0x33, 0x09, 0xff, 0xff, 0x33, 0x09, 0xff, 0xff, 0x33, 0x09,
0xff, 0xff, 0x33, 0x08, 0xff, 0xff, 0x33, 0x08, 0xff, 0xff, 0x33, 0x07, 0xff, 0xff, 0x33,
0x07, 0xff, 0xe7, 0x33, 0x06, 0xfd, 0x3e, 0x33, 0x07, 0xff, 0x00, 0x23, 0x02, 0xe8, 0x00,
0x00, 0x01, 0xbe, 0x00, 0x01, 0x01, 0xc0, 0x00, 0x01, 0x01, 0xc0, 0x00, 0x01, 0x01, 0xc0,
0x00, 0x01, 0x01, 0xc0, 0x00, 0x01, 0x01, 0xc0, 0x00, 0x01, 0x01, 0xc0, 0x00, 0x01, 0x01,
0xc0, 0x00, 0x01, 0x01, 0xc0, 0x00, 0x01, 0x01, 0xc0, 0x00, 0x01, 0x01, 0xc0, 0x00, 0x01,
0x01, 0xc0, 0x00, 0x01, 0x01, 0xc0, 0x00, 0x01, 0x01, 0xc0, 0x00, 0xff, 0xff, 0xff, 0x00,
0xff, 0xff, 0xff, 0x00, 0xff, 0xff, 0xff, 0x00, 0xff, 0xff, 0xff, 0x00, 0xff, 0xff, 0xff,
0x00, 0xff, 0xff, 0xff, 0x00, 0xff, 0xff, 0xff, 0x00, 0xff, 0xff, 0xff, 0x00, 0xff, 0xff,
0xff, 0x00, 0xff, 0xff, 0xff, 0x00, 0xff, 0xff, 0xff, 0x00, 0xff, 0xff, 0xff, 0x00, 0xff,
0xff, 0xff, 0x00, 0xff, 0xff, 0xff, 0x00, 0xff, 0xff, 0xff, 0x00, 0xff, 0xff, 0xff, 0x00,
0xff, 0xff, 0xff, 0x00, 0x01, 0x01, 0x01, 0x00, 0x01, 0x01, 0x01, 0x00, 0x01, 0x01, 0x01,
0x00, 0x01, 0x01, 0x01, 0x00, 0x01, 0x01, 0x01, 0x00, 0x01, 0x01, 0x01, 0x00, 0x01, 0x01,
0x01, 0x00, 0x01, 0x01, 0x01, 0x00, 0x01, 0x01, 0x01, 0x00, 0x01, 0x01, 0x01, 0x00, 0x01,
0x01, 0x01, 0x00, 0x01, 0x01, 0x00, 0x00, 0x00, 0x00, 0x2c, 0x00, 0x19, 0x12, 0xdc, 0x00,
0x2c, 0x1c, 0xf3, 0x00, 0x2a, 0x1f, 0xf5, 0x00, 0x2e, 0x1d, 0xf6, 0x00, 0x30, 0x20, 0xfb,
0x99, 0x32, 0x21, 0xff, 0xff, 0x31, 0x20, 0xff, 0xff, 0x31, 0x20, 0xff, 0xff, 0x31, 0x1f,
0xff, 0xff, 0x31, 0x1f, 0xff, 0xff, 0x31, 0x1f, 0xff, 0xff, 0x31, 0x1f, 0xff, 0xff, 0x32,
0x1e, 0xff, 0xff, 0x32, 0x1e, 0xff, 0xff, 0x32, 0x1d, 0xff, 0xff, 0x32, 0x1d, 0xff, 0xff,
0x32, 0x1c, 0xff, 0xff, 0x32, 0x1c, 0xff, 0xff, 0x32, 0x1c, 0xff, 0xff, 0x32, 0x1b, 0xff,
0xff, 0x32, 0x1b, 0xff, 0xff, 0x32, 0x1b, 0xff, 0xff, 0x32, 0x1b, 0xff, 0xff, 0x32, 0x1a,
0xff, 0xff, 0x32, 0x1a, 0xff, 0xff, 0x32, 0x19, 0xff, 0xff, 0x32, 0x19, 0xff, 0xff, 0x32,
0x19, 0xff, 0xff, 0x32, 0x18, 0xff, 0xff, 0x32, 0x18, 0xff, 0xff, 0x32, 0x18, 0xff, 0xff,
0x32, 0x18, 0xff, 0xff, 0x32, 0x17, 0xff, 0xff, 0x32, 0x17, 0xff, 0xff, 0x32, 0x16, 0xff,
0xff, 0x32, 0x16, 0xff, 0xff, 0x32, 0x15, 0xff, 0xff, 0x32, 0x15, 0xff, 0xff, 0x32, 0x15,
0xff, 0xff, 0x32, 0x14, 0xff, 0xff, 0x32, 0x14, 0xff, 0xff, 0x32, 0x14, 0xff, 0xff, 0x32,
0x14, 0xff, 0xff, 0x32, 0x13, 0xff, 0xff, 0x32, 0x13, 0xff, 0xff, 0x32, 0x12, 0xff, 0xff,
0x32, 0x12, 0xff, 0xff, 0x2f, 0x0e, 0xff, 0xff, 0x30, 0x0f, 0xff, 0xff, 0x32, 0x11, 0xff,
0xff, 0x32, 0x10, 0xff, 0xff, 0x32, 0x10, 0xff, 0xff, 0x32, 0x10, 0xff, 0xff, 0x32, 0x10,
0xff, 0xff, 0x32, 0x0f, 0xff, 0xff, 0x32, 0x0f, 0xff, 0xff, 0x32, 0x0e, 0xff, 0xff, 0x32,
0x0e, 0xff, 0xff, 0x32, 0x0e, 0xff, 0xff, 0x32, 0x0d, 0xff, 0xff, 0x32, 0x0d, 0xff, 0xff,
0x32, 0x0d, 0xff, 0xff, 0x32, 0x0d, 0xff, 0xff, 0x32, 0x0c, 0xff, 0xff, 0x32, 0x0c, 0xff,
0xff, 0x33, 0x0b, 0xff, 0xff, 0x33, 0x0b, 0xff, 0xff, 0x33, 0x0b, 0xff, 0xff, 0x33, 0x0a,
0xff, 0xff, 0x33, 0x0a, 0xff, 0xff, 0x33, 0x09, 0xff, 0xff, 0x33, 0x09, 0xff, 0xff, 0x33,
0x09, 0xff, 0xff, 0x33, 0x09, 0xff, 0xff, 0x33, 0x08, 0xff, 0xff, 0x33, 0x08, 0xff, 0xff,
0x33, 0x08, 0xff, 0xff, 0x33, 0x07, 0xff, 0xff, 0x34, 0x07, 0xff, 0xff, 0x34, 0x06, 0xff,
0xe0, 0x32, 0x05, 0xfd, 0x39, 0x32, 0x06, 0xfd, 0x00, 0x33, 0x07, 0xff, 0x00, 0x23, 0x02,
0xe8, 0x00, 0x00, 0x01, 0xbe, 0x00, 0x01, 0x01, 0xc0, 0x00, 0x01, 0x01, 0xc0, 0x00, 0x01,
0x01, 0xc0, 0x00, 0x01, 0x01, 0xc0, 0x00, 0x01, 0x01, 0xc0, 0x00, 0x01, 0x01, 0xc0, 0x00,
0x01, 0x01, 0xc0, 0x00, 0x01, 0x01, 0xc0, 0x00, 0x01, 0x01, 0xc0, 0x00, 0x01, 0x01, 0xc0,
0x00, 0x01, 0x01, 0xc0, 0x00, 0x01, 0x01, 0xc0, 0x00, 0x01, 0x01, 0xc0, 0x00, 0xff, 0xff,
0xff, 0x00, 0xff, 0xff, 0xff, 0x00, 0xff, 0xff, 0xff, 0x00, 0xff, 0xff, 0xff, 0x00, 0xff,
0xff, 0xff, 0x00, 0xff, 0xff, 0xff, 0x00, 0xff, 0xff, 0xff, 0x00, 0xff, 0xff, 0xff, 0x00,
0xff, 0xff, 0xff, 0x00, 0xff, 0xff, 0xff, 0x00, 0xff, 0xff, 0xff, 0x00, 0xff, 0xff, 0xff,
0x00, 0xff, 0xff, 0xff, 0x00, 0xff, 0xff, 0xff, 0x00, 0xff, 0xff, 0xff, 0x00, 0xff, 0xff,
0xff, 0x00, 0xff, 0xff, 0xff, 0x00, 0x01, 0x01, 0x01, 0x00, 0x01, 0x01, 0x01, 0x00, 0x01,
0x01, 0x01, 0x00, 0x01, 0x01, 0x01, 0x00, 0x01, 0x01, 0x01, 0x00, 0x01, 0x01, 0x01, 0x00,
0x01, 0x01, 0x01, 0x00, 0x01, 0x01, 0x01, 0x00, 0x01, 0x01, 0x01, 0x00, 0x01, 0x01, 0x01,
0x00, 0x01, 0x01, 0x01, 0x00, 0x01, 0x01, 0x00, 0x00, 0x00, 0x00, 0x2c, 0x00, 0x19, 0x12,
0xdc, 0x00, 0x2c, 0x1c, 0xf3, 0x00, 0x2a, 0x1f, 0xf5, 0x00, 0x2e, 0x1e, 0xf7, 0x00, 0x2b,
0x1a, 0xee, 0x00, 0x2a, 0x17, 0xe7, 0x8d, 0x32, 0x20, 0xff, 0xff, 0x31, 0x1f, 0xff, 0xff,
0x31, 0x1f, 0xff, 0xff, 0x32, 0x1e, 0xff, 0xff, 0x32, 0x1e, 0xff, 0xff, 0x32, 0x1d, 0xff,
0xff, 0x32, 0x1d, 0xff, 0xff, 0x32, 0x1d, 0xff, 0xff, 0x32, 0x1c, 0xff, 0xff, 0x32, 0x1c,
0xff, 0xff, 0x32, 0x1b, 0xff, 0xff, 0x32, 0x1b, 0xff, 0xff, 0x32, 0x1b, 0xff, 0xff, 0x32,
0x1b, 0xff, 0xff, 0x32, 0x1a, 0xff, 0xff, 0x32, 0x1a, 0xff, 0xff, 0x32, 0x19, 0xff, 0xff,
0x32, 0x19, 0xff, 0xff, 0x32, 0x19, 0xff, 0xff, 0x32, 0x18, 0xff, 0xff, 0x32, 0x18, 0xff,
0xff, 0x32, 0x18, 0xff, 0xff, 0x32, 0x18, 0xff, 0xff, 0x32, 0x17, 0xff, 0xff, 0x32, 0x17,
0xff, 0xff, 0x32, 0x16, 0xff, 0xff, 0x32, 0x16, 0xff, 0xff, 0x32, 0x16, 0xff, 0xff, 0x32,
0x15, 0xff, 0xff, 0x32, 0x15, 0xff, 0xff, 0x32, 0x14, 0xff, 0xff, 0x32, 0x14, 0xff, 0xff,
0x32, 0x14, 0xff, 0xff, 0x32, 0x14, 0xff, 0xff, 0x32, 0x13, 0xff, 0xff, 0x32, 0x13, 0xff,
0xff, 0x32, 0x13, 0xff, 0xff, 0x32, 0x12, 0xff, 0xff, 0x32, 0x12, 0xff, 0xff, 0x32, 0x11,
0xff, 0xff, 0x32, 0x11, 0xff, 0xff, 0x32, 0x10, 0xff, 0xff, 0x32, 0x10, 0xff, 0xff, 0x32,
0x10, 0xff, 0xff, 0x32, 0x10, 0xff, 0xff, 0x32, 0x0f, 0xff, 0xff, 0x32, 0x0f, 0xff, 0xff,
0x32, 0x0f, 0xff, 0xff, 0x32, 0x0e, 0xff, 0xff, 0x32, 0x0e, 0xff, 0xff, 0x32, 0x0d, 0xff,
0xff, 0x32, 0x0d, 0xff, 0xff, 0x32, 0x0d, 0xff, 0xff, 0x32, 0x0d, 0xff, 0xff, 0x32, 0x0c,
0xff, 0xff, 0x32, 0x0c, 0xff, 0xff, 0x33, 0x0c, 0xff, 0xff, 0x33, 0x0b, 0xff, 0xff, 0x33,
0x0b, 0xff, 0xff, 0x33, 0x0a, 0xff, 0xff, 0x33, 0x0a, 0xff, 0xff, 0x33, 0x09, 0xff, 0xff,
0x33, 0x09, 0xff, 0xff, 0x33, 0x09, 0xff, 0xff, 0x33, 0x09, 0xff, 0xff, 0x33, 0x09, 0xff,
0xff, 0x33, 0x08, 0xff, 0xff, 0x33, 0x08, 0xff, 0xff, 0x33, 0x07, 0xff, 0xff, 0x33, 0x07,
0xff, 0xff, 0x33, 0x06, 0xff, 0xff, 0x34, 0x06, 0xff, 0xff, 0x2d, 0x05, 0xea, 0xd2, 0x2a,
0x02, 0xe9, 0x2b, 0x33, 0x05, 0xfd, 0x00, 0x32, 0x06, 0xfd, 0x00, 0x33, 0x07, 0xff, 0x00,
0x23, 0x02, 0xe8, 0x00, 0x00, 0x01, 0xbe, 0x00, 0x01, 0x01, 0xc0, 0x00, 0x01, 0x01, 0xc0,
0x00, 0x01, 0x01, 0xc0, 0x00, 0x01, 0x01, 0xc0, 0x00, 0x01, 0x01, 0xc0, 0x00, 0x01, 0x01,
0xc0, 0x00, 0x01, 0x01, 0xc0, 0x00, 0x01, 0x01, 0xc0, 0x00, 0x01, 0x01, 0xc0, 0x00, 0x01,
0x01, 0xc0, 0x00, 0x01, 0x01, 0xc0, 0x00, 0x01, 0x01, 0xc0, 0x00, 0x01, 0x01, 0xc0, 0x00,
0xff, 0xff, 0xff, 0x00, 0xff, 0xff, 0xff, 0x00, 0xff, 0xff, 0xff, 0x00, 0xff, 0xff, 0xff,
0x00, 0xff, 0xff, 0xff, 0x00, 0xff, 0xff, 0xff, 0x00, 0xff, 0xff, 0xff, 0x00, 0xff, 0xff,
0xff, 0x00, 0xff, 0xff, 0xff, 0x00, 0xff, 0xff, 0xff, 0x00, 0xff, 0xff, 0xff, 0x00, 0xff,
0xff, 0xff, 0x00, 0xff, 0xff, 0xff, 0x00, 0xff, 0xff, 0xff, 0x00, 0xff, 0xff, 0xff, 0x00,
0xff, 0xff, 0xff, 0x00, 0xff, 0xff, 0xff, 0x00, 0x01, 0x01, 0x01, 0x00, 0x01, 0x01, 0x01,
0x00, 0x01, 0x01, 0x01, 0x00, 0x01, 0x01, 0x01, 0x00, 0x01, 0x01, 0x01, 0x00, 0x01, 0x01,
0x01, 0x00, 0x01, 0x01, 0x01, 0x00, 0x01, 0x01, 0x01, 0x00, 0x01, 0x01, 0x01, 0x00, 0x01,
0x01, 0x01, 0x00, 0x01, 0x01, 0x01, 0x00, 0x01, 0x01, 0x00, 0x00, 0x00, 0x00, 0x2c, 0x00,
0x19, 0x12, 0xdc, 0x00, 0x2c, 0x1c, 0xf3, 0x00, 0x2a, 0x1f, 0xf5, 0x00, 0x2e, 0x1e, 0xf8,
0x00, 0x2a, 0x19, 0xe9, 0x00, 0x22, 0x10, 0xcb, 0x00, 0x30, 0x1f, 0xfc, 0x78, 0x31, 0x1e,
0xfb, 0xfd, 0x32, 0x1e, 0xff, 0xff, 0x32, 0x1d, 0xff, 0xff, 0x32, 0x1d, 0xff, 0xff, 0x32,
0x1c, 0xff, 0xff, 0x32, 0x1c, 0xff, 0xff, 0x32, 0x1c, 0xff, 0xff, 0x32, 0x1b, 0xff, 0xff,
0x32, 0x1b, 0xff, 0xff, 0x32, 0x1b, 0xff, 0xff, 0x32, 0x1a, 0xff, 0xff, 0x32, 0x1a, 0xff,
0xff, 0x32, 0x1a, 0xff, 0xff, 0x32, 0x19, 0xff, 0xff, 0x32, 0x19, 0xff, 0xff, 0x32, 0x18,
0xff, 0xff, 0x32, 0x18, 0xff, 0xff, 0x32, 0x18, 0xff, 0xff, 0x32, 0x18, 0xff, 0xff, 0x32,
0x17, 0xff, 0xff, 0x32, 0x17, 0xff, 0xff, 0x32, 0x17, 0xff, 0xff, 0x32, 0x16, 0xff, 0xff,
0x32, 0x16, 0xff, 0xff, 0x32, 0x15, 0xff, 0xff, 0x32, 0x15, 0xff, 0xff, 0x32, 0x14, 0xff,
0xff, 0x32, 0x14, 0xff, 0xff, 0x32, 0x14, 0xff, 0xff, 0x32, 0x14, 0xff, 0xff, 0x32, 0x14,
0xff, 0xff, 0x32, 0x13, 0xff, 0xff, 0x32, 0x13, 0xff, 0xff, 0x32, 0x12, 0xff, 0xff, 0x32,
0x12, 0xff, 0xff, 0x32, 0x11, 0xff, 0xff, 0x32, 0x11, 0xff, 0xff, 0x32, 0x11, 0xff, 0xff,
0x32, 0x10, 0xff, 0xff, 0x32, 0x10, 0xff, 0xff, 0x32, 0x10, 0xff, 0xff, 0x32, 0x10, 0xff,
0xff, 0x32, 0x0f, 0xff, 0xff, 0x32, 0x0f, 0xff, 0xff, 0x32, 0x0e, 0xff, 0xff, 0x32, 0x0e,
0xff, 0xff, 0x32, 0x0d, 0xff, 0xff, 0x32, 0x0d, 0xff, 0xff, 0x32, 0x0d, 0xff, 0xff, 0x32,
0x0d, 0xff, 0xff, 0x32, 0x0d, 0xff, 0xff, 0x32, 0x0c, 0xff, 0xff, 0x33, 0x0c, 0xff, 0xff,
0x33, 0x0b, 0xff, 0xff, 0x33, 0x0b, 0xff, 0xff, 0x33, 0x0a, 0xff, 0xff, 0x33, 0x0a, 0xff,
0xff, 0x33, 0x0a, 0xff, 0xff, 0x33, 0x09, 0xff, 0xff, 0x33, 0x09, 0xff, 0xff, 0x33, 0x09,
0xff, 0xff, 0x33, 0x09, 0xff, 0xff, 0x33, 0x08, 0xff, 0xff, 0x33, 0x08, 0xff, 0xff, 0x33,
0x07, 0xff, 0xff, 0x33, 0x07, 0xff, 0xff, 0x33, 0x06, 0xff, 0xff, 0x33, 0x06, 0xff, 0xff,
0x33, 0x06, 0xff, 0xff, 0x34, 0x06, 0xff, 0xff, 0x32, 0x04, 0xfe, 0xb6, 0x23, 0x02, 0xc4,
0x17, 0x20, 0x01, 0xd0, 0x00, 0x34, 0x05, 0xff, 0x00, 0x32, 0x06, 0xfd, 0x00, 0x33, 0x07,
0xff, 0x00, 0x23, 0x02, 0xe8, 0x00, 0x00, 0x01, 0xbe, 0x00, 0x01, 0x01, 0xc0, 0x00, 0x01,
0x01, 0xc0, 0x00, 0x01, 0x01, 0xc0, 0x00, 0x01, 0x01, 0xc0, 0x00, 0x01, 0x01, 0xc0, 0x00,
0x01, 0x01, 0xc0, 0x00, 0x01, 0x01, 0xc0, 0x00, 0x01, 0x01, 0xc0, 0x00, 0x01, 0x01, 0xc0,
0x00, 0x01, 0x01, 0xc0, 0x00, 0x01, 0x01, 0xc0, 0x00, 0x01, 0x01, 0xc0, 0x00, 0x01, 0x01,
0xc0, 0x00, 0xff, 0xff, 0xff, 0x00, 0xff, 0xff, 0xff, 0x00, 0xff, 0xff, 0xff, 0x00, 0xff,
0xff, 0xff, 0x00, 0xff, 0xff, 0xff, 0x00, 0xff, 0xff, 0xff, 0x00, 0xff, 0xff, 0xff, 0x00,
0xff, 0xff, 0xff, 0x00, 0xff, 0xff, 0xff, 0x00, 0xff, 0xff, 0xff, 0x00, 0xff, 0xff, 0xff,
0x00, 0xff, 0xff, 0xff, 0x00, 0xff, 0xff, 0xff, 0x00, 0xff, 0xff, 0xff, 0x00, 0xff, 0xff,
0xff, 0x00, 0xff, 0xff, 0xff, 0x00, 0xff, 0xff, 0xff, 0x00, 0x01, 0x01, 0x01, 0x00, 0x01,
0x01, 0x01, 0x00, 0x01, 0x01, 0x01, 0x00, 0x01, 0x01, 0x01, 0x00, 0x01, 0x01, 0x01, 0x00,
0x01, 0x01, 0x01, 0x00, 0x01, 0x01, 0x01, 0x00, 0x01, 0x01, 0x01, 0x00, 0x01, 0x01, 0x01,
0x00, 0x01, 0x01, 0x01, 0x00, 0x01, 0x01, 0x01, 0x00, 0x01, 0x01, 0x00, 0x00, 0x00, 0x00,
0x2c, 0x00, 0x19, 0x12, 0xdc, 0x00, 0x2c, 0x1c, 0xf3, 0x00, 0x2a, 0x1f, 0xf5, 0x00, 0x2e,
0x1e, 0xf8, 0x00, 0x2a, 0x19, 0xea, 0x00, 0x24, 0x12, 0xd2, 0x00, 0x28, 0x1b, 0xe1, 0x00,
0x27, 0x17, 0xcd, 0x5c, 0x33, 0x1c, 0xff, 0xed, 0x33, 0x1c, 0xff, 0xff, 0x32, 0x1c, 0xff,
0xff, 0x32, 0x1b, 0xff, 0xff, 0x32, 0x1b, 0xff, 0xff, 0x32, 0x1b, 0xff, 0xff, 0x32, 0x1b,
0xff, 0xff, 0x32, 0x1a, 0xff, 0xff, 0x32, 0x1a, 0xff, 0xff, 0x32, 0x19, 0xff, 0xff, 0x32,
0x19, 0xff, 0xff, 0x32, 0x18, 0xff, 0xff, 0x32, 0x18, 0xff, 0xff, 0x32, 0x18, 0xff, 0xff,
0x32, 0x18, 0xff, 0xff, 0x32, 0x18, 0xff, 0xff, 0x32, 0x17, 0xff, 0xff, 0x32, 0x17, 0xff,
0xff, 0x32, 0x16, 0xff, 0xff, 0x32, 0x16, 0xff, 0xff, 0x32, 0x15, 0xff, 0xff, 0x32, 0x15,
0xff, 0xff, 0x32, 0x15, 0xff, 0xff, 0x32, 0x14, 0xff, 0xff, 0x32, 0x14, 0xff, 0xff, 0x32,
0x14, 0xff, 0xff, 0x32, 0x14, 0xff, 0xff, 0x32, 0x13, 0xff, 0xff, 0x32, 0x13, 0xff, 0xff,
0x32, 0x12, 0xff, 0xff, 0x32, 0x12, 0xff, 0xff, 0x32, 0x11, 0xff, 0xff, 0x32, 0x11, 0xff,
0xff, 0x32, 0x11, 0xff, 0xff, 0x32, 0x10, 0xff, 0xff, 0x32, 0x10, 0xff, 0xff, 0x32, 0x10,
0xff, 0xff, 0x32, 0x10, 0xff, 0xff, 0x32, 0x0f, 0xff, 0xff, 0x32, 0x0f, 0xff, 0xff, 0x32,
0x0e, 0xff, 0xff, 0x32, 0x0e, 0xff, 0xff, 0x32, 0x0e, 0xff, 0xff, 0x32, 0x0d, 0xff, 0xff,
0x32, 0x0d, 0xff, 0xff, 0x32, 0x0d, 0xff, 0xff, 0x32, 0x0d, 0xff, 0xff, 0x32, 0x0c, 0xff,
0xff, 0x32, 0x0c, 0xff, 0xff, 0x33, 0x0b, 0xff, 0xff, 0x33, 0x0b, 0xff, 0xff, 0x33, 0x0b,
0xff, 0xff, 0x33, 0x0a, 0xff, 0xff, 0x33, 0x0a, 0xff, 0xff, 0x33, 0x09, 0xff, 0xff, 0x33,
0x09, 0xff, 0xff, 0x33, 0x09, 0xff, 0xff, 0x33, 0x09, 0xff, 0xff, 0x33, 0x08, 0xff, 0xff,
0x33, 0x08, 0xff, 0xff, 0x33, 0x07, 0xff, 0xff, 0x33, 0x07, 0xff, 0xff, 0x33, 0x07, 0xff,
0xff, 0x33, 0x06, 0xff, 0xff, 0x33, 0x06, 0xff, 0xff, 0x33, 0x06, 0xff, 0xff, 0x33, 0x06,
0xff, 0xff, 0x33, 0x05, 0xff, 0xff, 0x30, 0x04, 0xfb, 0x8c, 0x2c, 0x02, 0xf9, 0x03, 0x23,
0x02, 0xc5, 0x00, 0x21, 0x01, 0xd3, 0x00, 0x34, 0x05, 0xff, 0x00, 0x32, 0x06, 0xfd, 0x00,
0x33, 0x07, 0xff, 0x00, 0x23, 0x02, 0xe8, 0x00, 0x00, 0x01, 0xbe, 0x00, 0x01, 0x01, 0xc0,
0x00, 0x01, 0x01, 0xc0, 0x00, 0x01, 0x01, 0xc0, 0x00, 0x01, 0x01, 0xc0, 0x00, 0x01, 0x01,
0xc0, 0x00, 0x01, 0x01, 0xc0, 0x00, 0x01, 0x01, 0xc0, 0x00, 0x01, 0x01, 0xc0, 0x00, 0x01,
0x01, 0xc0, 0x00, 0x01, 0x01, 0xc0, 0x00, 0x01, 0x01, 0xc0, 0x00, 0x01, 0x01, 0xc0, 0x00,
0x01, 0x01, 0xc0, 0x00, 0xff, 0xff, 0xff, 0x00, 0xff, 0xff, 0xff, 0x00, 0xff, 0xff, 0xff,
0x00, 0xff, 0xff, 0xff, 0x00, 0xff, 0xff, 0xff, 0x00, 0xff, 0xff, 0xff, 0x00, 0xff, 0xff,
0xff, 0x00, 0xff, 0xff, 0xff, 0x00, 0xff, 0xff, 0xff, 0x00, 0xff, 0xff, 0xff, 0x00, 0xff,
0xff, 0xff, 0x00, 0xff, 0xff, 0xff, 0x00, 0xff, 0xff, 0xff, 0x00, 0xff, 0xff, 0xff, 0x00,
0xff, 0xff, 0xff, 0x00, 0xff, 0xff, 0xff, 0x00, 0xff, 0xff, 0xff, 0x00, 0x01, 0x01, 0x01,
0x00, 0x01, 0x01, 0x01, 0x00, 0x01, 0x01, 0x01, 0x00, 0x01, 0x01, 0x01, 0x00, 0x01, 0x01,
0x01, 0x00, 0x01, 0x01, 0x01, 0x00, 0x01, 0x01, 0x01, 0x00, 0x01, 0x01, 0x01, 0x00, 0x01,
0x01, 0x01, 0x00, 0x01, 0x01, 0x01, 0x00, 0x01, 0x01, 0x01, 0x00, 0x01, 0x01, 0x00, 0x00,
0x00, 0x00, 0x2c, 0x00, 0x19, 0x12, 0xdc, 0x00, 0x2c, 0x1c, 0xf3, 0x00, 0x2a, 0x1f, 0xf5,
0x00, 0x2e, 0x1e, 0xf8, 0x00, 0x2a, 0x19, 0xea, 0x00, 0x24, 0x12, 0xd2, 0x00, 0x28, 0x1b,
0xe0, 0x00, 0x24, 0x13, 0xc6, 0x00, 0x2e, 0x15, 0xfa, 0x38, 0x2f, 0x1a, 0xf9, 0xd0, 0x33,
0x1c, 0xff, 0xff, 0x32, 0x1b, 0xff, 0xff, 0x32, 0x1a, 0xff, 0xff, 0x32, 0x1a, 0xff, 0xff,
0x32, 0x19, 0xff, 0xff, 0x32, 0x19, 0xff, 0xff, 0x32, 0x19, 0xff, 0xff, 0x32, 0x18, 0xff,
0xff, 0x32, 0x18, 0xff, 0xff, 0x32, 0x18, 0xff, 0xff, 0x32, 0x18, 0xff, 0xff, 0x32, 0x17,
0xff, 0xff, 0x32, 0x17, 0xff, 0xff, 0x32, 0x16, 0xff, 0xff, 0x32, 0x16, 0xff, 0xff, 0x32,
0x16, 0xff, 0xff, 0x32, 0x15, 0xff, 0xff, 0x32, 0x15, 0xff, 0xff, 0x32, 0x14, 0xff, 0xff,
0x32, 0x14, 0xff, 0xff, 0x32, 0x14, 0xff, 0xff, 0x32, 0x14, 0xff, 0xff, 0x32, 0x13, 0xff,
0xff, 0x32, 0x13, 0xff, 0xff, 0x32, 0x12, 0xff, 0xff, 0x32, 0x12, 0xff, 0xff, 0x32, 0x12,
0xff, 0xff, 0x32, 0x11, 0xff, 0xff, 0x32, 0x11, 0xff, 0xff, 0x32, 0x10, 0xff, 0xff, 0x32,
0x10, 0xff, 0xff, 0x32, 0x10, 0xff, 0xff, 0x32, 0x10, 0xff, 0xff, 0x32, 0x0f, 0xff, 0xff,
0x32, 0x0f, 0xff, 0xff, 0x32, 0x0f, 0xff, 0xff, 0x32, 0x0e, 0xff, 0xff, 0x32, 0x0e, 0xff,
0xff, 0x32, 0x0d, 0xff, 0xff, 0x32, 0x0d, 0xff, 0xff, 0x32, 0x0d, 0xff, 0xff, 0x32, 0x0d,
0xff, 0xff, 0x32, 0x0c, 0xff, 0xff, 0x32, 0x0c, 0xff, 0xff, 0x33, 0x0b, 0xff, 0xff, 0x33,
0x0b, 0xff, 0xff, 0x33, 0x0b, 0xff, 0xff, 0x33, 0x0a, 0xff, 0xff, 0x33, 0x0a, 0xff, 0xff,
0x33, 0x09, 0xff, 0xff, 0x33, 0x09, 0xff, 0xff, 0x33, 0x09, 0xff, 0xff, 0x33, 0x09, 0xff,
0xff, 0x33, 0x08, 0xff, 0xff, 0x33, 0x08, 0xff, 0xff, 0x33, 0x08, 0xff, 0xff, 0x33, 0x07,
0xff, 0xff, 0x33, 0x07, 0xff, 0xff, 0x33, 0x06, 0xff, 0xff, 0x33, 0x06, 0xff, 0xff, 0x33,
0x06, 0xff, 0xff, 0x33, 0x06, 0xff, 0xff, 0x33, 0x05, 0xff, 0xff, 0x33, 0x05, 0xff, 0xff,
0x32, 0x04, 0xff, 0xe5, 0x30, 0x03, 0xf9, 0x5c, 0x2c, 0x02, 0xf4, 0x00, 0x2c, 0x02, 0xf9,
0x00, 0x23, 0x02, 0xc5, 0x00, 0x21, 0x01, 0xd3, 0x00, 0x34, 0x05, 0xff, 0x00, 0x32, 0x06,
0xfd, 0x00, 0x33, 0x07, 0xff, 0x00, 0x23, 0x02, 0xe8, 0x00, 0x00, 0x01, 0xbe, 0x00, 0x01,
0x01, 0xc0, 0x00, 0x01, 0x01, 0xc0, 0x00, 0x01, 0x01, 0xc0, 0x00, 0x01, 0x01, 0xc0, 0x00,
0x01, 0x01, 0xc0, 0x00, 0x01, 0x01, 0xc0, 0x00, 0x01, 0x01, 0xc0, 0x00, 0x01, 0x01, 0xc0,
0x00, 0x01, 0x01, 0xc0, 0x00, 0x01, 0x01, 0xc0, 0x00, 0x01, 0x01, 0xc0, 0x00, 0x01, 0x01,
0xc0, 0x00, 0x01, 0x01, 0xc0, 0x00, 0xff, 0xff, 0xff, 0x00, 0xff, 0xff, 0xff, 0x00, 0xff,
0xff, 0xff, 0x00, 0xff, 0xff, 0xff, 0x00, 0xff, 0xff, 0xff, 0x00, 0xff, 0xff, 0xff, 0x00,
0xff, 0xff, 0xff, 0x00, 0xff, 0xff, 0xff, 0x00, 0xff, 0xff, 0xff, 0x00, 0xff, 0xff, 0xff,
0x00, 0xff, 0xff, 0xff, 0x00, 0xff, 0xff, 0xff, 0x00, 0xff, 0xff, 0xff, 0x00, 0xff, 0xff,
0xff, 0x00, 0xff, 0xff, 0xff, 0x00, 0xff, 0xff, 0xff, 0x00, 0xff, 0xff, 0xff, 0x00, 0x01,
0x01, 0x01, 0x00, 0x01, 0x01, 0x01, 0x00, 0x01, 0x01, 0x01, 0x00, 0x01, 0x01, 0x01, 0x00,
0x01, 0x01, 0x01, 0x00, 0x01, 0x01, 0x01, 0x00, 0x01, 0x01, 0x01, 0x00, 0x01, 0x01, 0x01,
0x00, 0x01, 0x01, 0x01, 0x00, 0x01, 0x01, 0x01, 0x00, 0x01, 0x01, 0x01, 0x00, 0x01, 0x01,
0x00, 0x00, 0x00, 0x00, 0x2c, 0x00, 0x19, 0x12, 0xdc, 0x00, 0x2c, 0x1c, 0xf3, 0x00, 0x2a,
0x1f, 0xf5, 0x00, 0x2e, 0x1e, 0xf8, 0x00, 0x2a, 0x19, 0xea, 0x00, 0x24, 0x12, 0xd2, 0x00,
0x28, 0x1b, 0xe0, 0x00, 0x25, 0x13, 0xc8, 0x00, 0x2a, 0x13, 0xf4, 0x00, 0x1f, 0x12, 0xe4,
0x10, 0x2c, 0x17, 0xeb, 0x9e, 0x32, 0x1a, 0xfe, 0xff, 0x32, 0x19, 0xff, 0xff, 0x32, 0x19,
0xff, 0xff, 0x32, 0x18, 0xff, 0xff, 0x32, 0x18, 0xff, 0xff, 0x32, 0x18, 0xff, 0xff, 0x32,
0x18, 0xff, 0xff, 0x32, 0x17, 0xff, 0xff, 0x32, 0x17, 0xff, 0xff, 0x32, 0x16, 0xff, 0xff,
0x32, 0x16, 0xff, 0xff, 0x32, 0x16, 0xff, 0xff, 0x32, 0x15, 0xff, 0xff, 0x32, 0x15, 0xff,
0xff, 0x32, 0x14, 0xff, 0xff, 0x32, 0x14, 0xff, 0xff, 0x32, 0x14, 0xff, 0xff, 0x32, 0x14,
0xff, 0xff, 0x32, 0x13, 0xff, 0xff, 0x32, 0x13, 0xff, 0xff, 0x32, 0x13, 0xff, 0xff, 0x32,
0x12, 0xff, 0xff, 0x32, 0x12, 0xff, 0xff, 0x32, 0x11, 0xff, 0xff, 0x32, 0x11, 0xff, 0xff,
0x32, 0x11, 0xff, 0xff, 0x32, 0x10, 0xff, 0xff, 0x32, 0x10, 0xff, 0xff, 0x32, 0x10, 0xff,
0xff, 0x32, 0x10, 0xff, 0xff, 0x32, 0x0f, 0xff, 0xff, 0x32, 0x0f, 0xff, 0xff, 0x32, 0x0e,
0xff, 0xff, 0x32, 0x0e, 0xff, 0xff, 0x32, 0x0d, 0xff, 0xff, 0x32, 0x0d, 0xff, 0xff, 0x32,
0x0d, 0xff, 0xff, 0x32, 0x0d, 0xff, 0xff, 0x32, 0x0c, 0xff, 0xff, 0x32, 0x0c, 0xff, 0xff,
0x33, 0x0c, 0xff, 0xff, 0x33, 0x0b, 0xff, 0xff, 0x33, 0x0b, 0xff, 0xff, 0x33, 0x0a, 0xff,
0xff, 0x33, 0x0a, 0xff, 0xff, 0x33, 0x0a, 0xff, 0xff, 0x33, 0x09, 0xff, 0xff, 0x33, 0x09,
0xff, 0xff, 0x33, 0x09, 0xff, 0xff, 0x33, 0x09, 0xff, 0xff, 0x33, 0x08, 0xff, 0xff, 0x33,
0x08, 0xff, 0xff, 0x33, 0x07, 0xff, 0xff, 0x33, 0x07, 0xff, 0xff, 0x33, 0x06, 0xff, 0xff,
0x33, 0x06, 0xff, 0xff, 0x33, 0x06, 0xff, 0xff, 0x33, 0x06, 0xff, 0xff, 0x33, 0x05, 0xff,
0xff, 0x33, 0x05, 0xff, 0xff, 0x33, 0x05, 0xff, 0xff, 0x33, 0x04, 0xff, 0xff, 0x31, 0x03,
0xf9, 0xb4, 0x27, 0x03, 0xe4, 0x27, 0x2c, 0x02, 0xf7, 0x00, 0x2c, 0x02, 0xf5, 0x00, 0x2c,
0x02, 0xf9, 0x00, 0x23, 0x02, 0xc5, 0x00, 0x21, 0x01, 0xd3, 0x00, 0x34, 0x05, 0xff, 0x00,
0x32, 0x06, 0xfd, 0x00, 0x33, 0x07, 0xff, 0x00, 0x23, 0x02, 0xe8, 0x00, 0x00, 0x01, 0xbe,
0x00, 0x01, 0x01, 0xc0, 0x00, 0x01, 0x01, 0xc0, 0x00, 0x01, 0x01, 0xc0, 0x00, 0x01, 0x01,
0xc0, 0x00, 0x01, 0x01, 0xc0, 0x00, 0x01, 0x01, 0xc0, 0x00, 0x01, 0x01, 0xc0, 0x00, 0x01,
0x01, 0xc0, 0x00, 0x01, 0x01, 0xc0, 0x00, 0x01, 0x01, 0xc0, 0x00, 0x01, 0x01, 0xc0, 0x00,
0x01, 0x01, 0xc0, 0x00, 0x01, 0x01, 0xc0, 0x00, 0xff, 0xff, 0xff, 0x00, 0xff, 0xff, 0xff,
0x00, 0xff, 0xff, 0xff, 0x00, 0xff, 0xff, 0xff, 0x00, 0xff, 0xff, 0xff, 0x00, 0xff, 0xff,
0xff, 0x00, 0xff, 0xff, 0xff, 0x00, 0xff, 0xff, 0xff, 0x00, 0xff, 0xff, 0xff, 0x00, 0xff,
0xff, 0xff, 0x00, 0xff, 0xff, 0xff, 0x00, 0xff, 0xff, 0xff, 0x00, 0xff, 0xff, 0xff, 0x00,
0xff, 0xff, 0xff, 0x00, 0xff, 0xff, 0xff, 0x00, 0xff, 0xff, 0xff, 0x00, 0xff, 0xff, 0xff,
0x00, 0x01, 0x01, 0x01, 0x00, 0x01, 0x01, 0x01, 0x00, 0x01, 0x01, 0x01, 0x00, 0x01, 0x01,
0x01, 0x00, 0x01, 0x01, 0x01, 0x00, 0x01, 0x01, 0x01, 0x00, 0x01, 0x01, 0x01, 0x00, 0x01,
0x01, 0x01, 0x00, 0x01, 0x01, 0x01, 0x00, 0x01, 0x01, 0x01, 0x00, 0x01, 0x01, 0x01, 0x00,
0x01, 0x01, 0x00, 0x00, 0x00, 0x00, 0x2c, 0x00, 0x19, 0x12, 0xdc, 0x00, 0x2c, 0x1c, 0xf3,
0x00, 0x2a, 0x1f, 0xf5, 0x00, 0x2e, 0x1e, 0xf8, 0x00, 0x2a, 0x19, 0xea, 0x00, 0x24, 0x12,
0xd2, 0x00, 0x28, 0x1b, 0xe0, 0x00, 0x25, 0x13, 0xc8, 0x00, 0x2b, 0x13, 0xf5, 0x00, 0x1e,
0x12, 0xe5, 0x00, 0x20, 0x11, 0xb7, 0x00, 0x2b, 0x14, 0xec, 0x60, 0x32, 0x17, 0xff, 0xe0,
0x33, 0x18, 0xff, 0xff, 0x32, 0x18, 0xff, 0xff, 0x32, 0x17, 0xff, 0xff, 0x32, 0x17, 0xff,
0xff, 0x32, 0x17, 0xff, 0xff, 0x32, 0x16, 0xff, 0xff, 0x32, 0x16, 0xff, 0xff, 0x32, 0x15,
0xff, 0xff, 0x32, 0x15, 0xff, 0xff, 0x32, 0x15, 0xff, 0xff, 0x32, 0x14, 0xff, 0xff, 0x32,
0x14, 0xff, 0xff, 0x32, 0x14, 0xff, 0xff, 0x32, 0x14, 0xff, 0xff, 0x32, 0x13, 0xff, 0xff,
0x32, 0x13, 0xff, 0xff, 0x32, 0x12, 0xff, 0xff, 0x32, 0x12, 0xff, 0xff, 0x32, 0x11, 0xff,
0xff, 0x32, 0x11, 0xff, 0xff, 0x32, 0x11, 0xff, 0xff, 0x32, 0x10, 0xff, 0xff, 0x32, 0x10,
0xff, 0xff, 0x32, 0x10, 0xff, 0xff, 0x32, 0x10, 0xff, 0xff, 0x32, 0x0f, 0xff, 0xff, 0x32,
0x0f, 0xff, 0xff, 0x32, 0x0e, 0xff, 0xff, 0x32, 0x0e, 0xff, 0xff, 0x32, 0x0e, 0xff, 0xff,
0x32, 0x0d, 0xff, 0xff, 0x32, 0x0d, 0xff, 0xff, 0x32, 0x0d, 0xff, 0xff, 0x32, 0x0d, 0xff,
0xff, 0x32, 0x0c, 0xff, 0xff, 0x33, 0x0c, 0xff, 0xff, 0x33, 0x0b, 0xff, 0xff, 0x33, 0x0b,
0xff, 0xff, 0x33, 0x0a, 0xff, 0xff, 0x33, 0x0a, 0xff, 0xff, 0x33, 0x0a, 0xff, 0xff, 0x33,
0x09, 0xff, 0xff, 0x33, 0x09, 0xff, 0xff, 0x33, 0x09, 0xff, 0xff, 0x33, 0x09, 0xff, 0xff,
0x33, 0x08, 0xff, 0xff, 0x33, 0x08, 0xff, 0xff, 0x33, 0x07, 0xff, 0xff, 0x33, 0x07, 0xff,
0xff, 0x33, 0x07, 0xff, 0xff, 0x33, 0x06, 0xff, 0xff, 0x33, 0x06, 0xff, 0xff, 0x33, 0x06,
0xff, 0xff, 0x33, 0x06, 0xff, 0xff, 0x33, 0x05, 0xff, 0xff, 0x33, 0x05, 0xff, 0xff, 0x33,
0x04, 0xff, 0xff, 0x34, 0x04, 0xff, 0xff, 0x31, 0x03, 0xf3, 0xe6, 0x30, 0x02, 0xf1, 0x6f,
0x2e, 0x02, 0xef, 0x00, 0x23, 0x02, 0xda, 0x00, 0x2d, 0x02, 0xf8, 0x00, 0x2c, 0x02, 0xf5,
0x00, 0x2c, 0x02, 0xf9, 0x00, 0x23, 0x02, 0xc5, 0x00, 0x21, 0x01, 0xd3, 0x00, 0x34, 0x05,
0xff, 0x00, 0x32, 0x06, 0xfd, 0x00, 0x33, 0x07, 0xff, 0x00, 0x23, 0x02, 0xe8, 0x00, 0x00,
0x01, 0xbe, 0x00, 0x01, 0x01, 0xc0, 0x00, 0x01, 0x01, 0xc0, 0x00, 0x01, 0x01, 0xc0, 0x00,
0x01, 0x01, 0xc0, 0x00, 0x01, 0x01, 0xc0, 0x00, 0x01, 0x01, 0xc0, 0x00, 0x01, 0x01, 0xc0,
0x00, 0x01, 0x01, 0xc0, 0x00, 0x01, 0x01, 0xc0, 0x00, 0x01, 0x01, 0xc0, 0x00, 0x01, 0x01,
0xc0, 0x00, 0x01, 0x01, 0xc0, 0x00, 0x01, 0x01, 0xc0, 0x00, 0xff, 0xff, 0xff, 0x00, 0xff,
0xff, 0xff, 0x00, 0xff, 0xff, 0xff, 0x00, 0xff, 0xff, 0xff, 0x00, 0xff, 0xff, 0xff, 0x00,
0xff, 0xff, 0xff, 0x00, 0xff, 0xff, 0xff, 0x00, 0xff, 0xff, 0xff, 0x00, 0xff, 0xff, 0xff,
0x00, 0xff, 0xff, 0xff, 0x00, 0xff, 0xff, 0xff, 0x00, 0xff, 0xff, 0xff, 0x00, 0xff, 0xff,
0xff, 0x00, 0xff, 0xff, 0xff, 0x00, 0xff, 0xff, 0xff, 0x00, 0xff, 0xff, 0xff, 0x00, 0xff,
0xff, 0xff, 0x00, 0x01, 0x01, 0x01, 0x00, 0x01, 0x01, 0x01, 0x00, 0x01, 0x01, 0x01, 0x00,
0x01, 0x01, 0x01, 0x00, 0x01, 0x01, 0x01, 0x00, 0x01, 0x01, 0x01, 0x00, 0x01, 0x01, 0x01,
0x00, 0x01, 0x01, 0x01, 0x00, 0x01, 0x01, 0x01, 0x00, 0x01, 0x01, 0x01, 0x00, 0x01, 0x01,
0x01, 0x00, 0x01, 0x01, 0x00, 0x00, 0x00, 0x00, 0x2c, 0x00, 0x19, 0x12, 0xdc, 0x00, 0x2c,
0x1c, 0xf3, 0x00, 0x2a, 0x1f, 0xf5, 0x00, 0x2e, 0x1e, 0xf8, 0x00, 0x2a, 0x19, 0xea, 0x00,
0x24, 0x12, 0xd2, 0x00, 0x28, 0x1b, 0xe0, 0x00, 0x25, 0x13, 0xc8, 0x00, 0x2b, 0x13, 0xf5,
0x00, 0x1e, 0x12, 0xe5, 0x00, 0x21, 0x12, 0xba, 0x00, 0x28, 0x0f, 0xe4, 0x00, 0x29, 0x11,
0xe7, 0x1e, 0x2d, 0x15, 0xe6, 0xa0, 0x32, 0x17, 0xff, 0xff, 0x33, 0x17, 0xff, 0xff, 0x32,
0x16, 0xff, 0xff, 0x32, 0x15, 0xff, 0xff, 0x32, 0x15, 0xff, 0xff, 0x32, 0x15, 0xff, 0xff,
0x32, 0x14, 0xff, 0xff, 0x32, 0x14, 0xff, 0xff, 0x32, 0x14, 0xff, 0xff, 0x32, 0x14, 0xff,
0xff, 0x32, 0x13, 0xff, 0xff, 0x32, 0x13, 0xff, 0xff, 0x32, 0x12, 0xff, 0xff, 0x32, 0x12,
0xff, 0xff, 0x32, 0x12, 0xff, 0xff, 0x32, 0x11, 0xff, 0xff, 0x32, 0x11, 0xff, 0xff, 0x32,
0x10, 0xff, 0xff, 0x32, 0x10, 0xff, 0xff, 0x32, 0x10, 0xff, 0xff, 0x32, 0x10, 0xff, 0xff,
0x32, 0x0f, 0xff, 0xff, 0x32, 0x0f, 0xff, 0xff, 0x32, 0x0f, 0xff, 0xff, 0x32, 0x0e, 0xff,
0xff, 0x32, 0x0e, 0xff, 0xff, 0x32, 0x0d, 0xff, 0xff, 0x32, 0x0d, 0xff, 0xff, 0x32, 0x0d,
0xff, 0xff, 0x32, 0x0d, 0xff, 0xff, 0x32, 0x0c, 0xff, 0xff, 0x32, 0x0c, 0xff, 0xff, 0x33,
0x0b, 0xff, 0xff, 0x33, 0x0b, 0xff, 0xff, 0x33, 0x0b, 0xff, 0xff, 0x33, 0x0a, 0xff, 0xff,
0x33, 0x0a, 0xff, 0xff, 0x33, 0x09, 0xff, 0xff, 0x33, 0x09, 0xff, 0xff, 0x33, 0x09, 0xff,
0xff, 0x33, 0x09, 0xff, 0xff, 0x33, 0x08, 0xff, 0xff, 0x33, 0x08, 0xff, 0xff, 0x33, 0x08,
0xff, 0xff, 0x33, 0x07, 0xff, 0xff, 0x33, 0x07, 0xff, 0xff, 0x33, 0x06, 0xff, 0xff, 0x33,
0x06, 0xff, 0xff, 0x33, 0x06, 0xff, 0xff, 0x33, 0x06, 0xff, 0xff, 0x33, 0x05, 0xff, 0xff,
0x33, 0x05, 0xff, 0xff, 0x33, 0x04, 0xff, 0xff, 0x33, 0x04, 0xff, 0xff, 0x33, 0x04, 0xff,
0xff, 0x33, 0x03, 0xfc, 0xfd, 0x2f, 0x02, 0xfa, 0xa1, 0x25, 0x01, 0xc9, 0x22, 0x2b, 0x01,
0xd9, 0x00, 0x2f, 0x02, 0xf2, 0x00, 0x24, 0x02, 0xdc, 0x00, 0x2d, 0x02, 0xf8, 0x00, 0x2c,
0x02, 0xf5, 0x00, 0x2c, 0x02, 0xf9, 0x00, 0x23, 0x02, 0xc5, 0x00, 0x21, 0x01, 0xd3, 0x00,
0x34, 0x05, 0xff, 0x00, 0x32, 0x06, 0xfd, 0x00, 0x33, 0x07, 0xff, 0x00, 0x23, 0x02, 0xe8,
0x00, 0x00, 0x01, 0xbe, 0x00, 0x01, 0x01, 0xc0, 0x00, 0x01, 0x01, 0xc0, 0x00, 0x01, 0x01,
0xc0, 0x00, 0x01, 0x01, 0xc0, 0x00, 0x01, 0x01, 0xc0, 0x00, 0x01, 0x01, 0xc0, 0x00, 0x01,
0x01, 0xc0, 0x00, 0x01, 0x01, 0xc0, 0x00, 0x01, 0x01, 0xc0, 0x00, 0x01, 0x01, 0xc0, 0x00,
0x01, 0x01, 0xc0, 0x00, 0x01, 0x01, 0xc0, 0x00, 0x01, 0x01, 0xc0, 0x00, 0xff, 0xff, 0xff,
0x00, 0xff, 0xff, 0xff, 0x00, 0xff, 0xff, 0xff, 0x00, 0xff, 0xff, 0xff, 0x00, 0xff, 0xff,
0xff, 0x00, 0xff, 0xff, 0xff, 0x00, 0xff, 0xff, 0xff, 0x00, 0xff, 0xff, 0xff, 0x00, 0xff,
0xff, 0xff, 0x00, 0xff, 0xff, 0xff, 0x00, 0xff, 0xff, 0xff, 0x00, 0xff, 0xff, 0xff, 0x00,
0xff, 0xff, 0xff, 0x00, 0xff, 0xff, 0xff, 0x00, 0xff, 0xff, 0xff, 0x00, 0xff, 0xff, 0xff,
0x00, 0xff, 0xff, 0xff, 0x00, 0x01, 0x01, 0x01, 0x00, 0x01, 0x01, 0x01, 0x00, 0x01, 0x01,
0x01, 0x00, 0x01, 0x01, 0x01, 0x00, 0x01, 0x01, 0x01, 0x00, 0x01, 0x01, 0x01, 0x00, 0x01,
0x01, 0x01, 0x00, 0x01, 0x01, 0x01, 0x00, 0x01, 0x01, 0x01, 0x00, 0x01, 0x01, 0x01, 0x00,
0x01, 0x01, 0x01, 0x00, 0x01, 0x01, 0x00, 0x00, 0x00, 0x00, 0x2c, 0x00, 0x19, 0x12, 0xdc,
0x00, 0x2c, 0x1c, 0xf3, 0x00, 0x2a, 0x1f, 0xf5, 0x00, 0x2e, 0x1e, 0xf8, 0x00, 0x2a, 0x19,
0xea, 0x00, 0x24, 0x12, 0xd2, 0x00, 0x28, 0x1b, 0xe0, 0x00, 0x25, 0x13, 0xc8, 0x00, 0x2b,
0x13, 0xf5, 0x00, 0x1e, 0x12, 0xe5, 0x00, 0x21, 0x12, 0xba, 0x00, 0x29, 0x10, 0xe7, 0x00,
0x25, 0x10, 0xd7, 0x00, 0x24, 0x11, 0xc8, 0x00, 0x2e, 0x13, 0xf7, 0x52, 0x30, 0x13, 0xf3,
0xc6, 0x32, 0x15, 0xff, 0xff, 0x32, 0x14, 0xff, 0xff, 0x32, 0x14, 0xff, 0xff, 0x32, 0x14,
0xff, 0xff, 0x32, 0x14, 0xff, 0xff, 0x32, 0x13, 0xff, 0xff, 0x32, 0x13, 0xff, 0xff, 0x32,
0x13, 0xff, 0xff, 0x32, 0x12, 0xff, 0xff, 0x32, 0x12, 0xff, 0xff, 0x32, 0x11, 0xff, 0xff,
0x32, 0x11, 0xff, 0xff, 0x32, 0x10, 0xff, 0xff, 0x32, 0x10, 0xff, 0xff, 0x32, 0x10, 0xff,
0xff, 0x32, 0x10, 0xff, 0xff, 0x32, 0x10, 0xff, 0xff, 0x32, 0x0f, 0xff, 0xff, 0x32, 0x0f,
0xff, 0xff, 0x32, 0x0e, 0xff, 0xff, 0x32, 0x0e, 0xff, 0xff, 0x32, 0x0d, 0xff, 0xff, 0x32,
0x0d, 0xff, 0xff, 0x32, 0x0d, 0xff, 0xff, 0x32, 0x0d, 0xff, 0xff, 0x32, 0x0c, 0xff, 0xff,
0x32, 0x0c, 0xff, 0xff, 0x33, 0x0c, 0xff, 0xff, 0x33, 0x0b, 0xff, 0xff, 0x33, 0x0b, 0xff,
0xff, 0x33, 0x0a, 0xff, 0xff, 0x33, 0x0a, 0xff, 0xff, 0x33, 0x09, 0xff, 0xff, 0x33, 0x09,
0xff, 0xff, 0x33, 0x09, 0xff, 0xff, 0x33, 0x09, 0xff, 0xff, 0x33, 0x09, 0xff, 0xff, 0x33,
0x08, 0xff, 0xff, 0x33, 0x08, 0xff, 0xff, 0x33, 0x07, 0xff, 0xff, 0x33, 0x07, 0xff, 0xff,
0x33, 0x06, 0xff, 0xff, 0x33, 0x06, 0xff, 0xff, 0x33, 0x06, 0xff, 0xff, 0x33, 0x06, 0xff,
0xff, 0x33, 0x05, 0xff, 0xff, 0x33, 0x05, 0xff, 0xff, 0x33, 0x05, 0xff, 0xff, 0x33, 0x04,
0xff, 0xff, 0x33, 0x04, 0xff, 0xff, 0x33, 0x03, 0xff, 0xff, 0x34, 0x03, 0xff, 0xff, 0x34,
0x02, 0xff, 0xbd, 0x29, 0x01, 0xd0, 0x48, 0x23, 0x01, 0xdd, 0x00, 0x23, 0x01, 0xca, 0x00,
0x2c, 0x01, 0xdb, 0x00, 0x2f, 0x02, 0xf2, 0x00, 0x24, 0x02, 0xdc, 0x00, 0x2d, 0x02, 0xf8,
0x00, 0x2c, 0x02, 0xf5, 0x00, 0x2c, 0x02, 0xf9, 0x00, 0x23, 0x02, 0xc5, 0x00, 0x21, 0x01,
0xd3, 0x00, 0x34, 0x05, 0xff, 0x00, 0x32, 0x06, 0xfd, 0x00, 0x33, 0x07, 0xff, 0x00, 0x23,
0x02, 0xe8, 0x00, 0x00, 0x01, 0xbe, 0x00, 0x01, 0x01, 0xc0, 0x00, 0x01, 0x01, 0xc0, 0x00,
0x01, 0x01, 0xc0, 0x00, 0x01, 0x01, 0xc0, 0x00, 0x01, 0x01, 0xc0, 0x00, 0x01, 0x01, 0xc0,
0x00, 0x01, 0x01, 0xc0, 0x00, 0x01, 0x01, 0xc0, 0x00, 0x01, 0x01, 0xc0, 0x00, 0x01, 0x01,
0xc0, 0x00, 0x01, 0x01, 0xc0, 0x00, 0x01, 0x01, 0xc0, 0x00, 0x01, 0x01, 0xc0, 0x00, 0xff,
0xff, 0xff, 0x00, 0xff, 0xff, 0xff, 0x00, 0xff, 0xff, 0xff, 0x00, 0xff, 0xff, 0xff, 0x00,
0xff, 0xff, 0xff, 0x00, 0xff, 0xff, 0xff, 0x00, 0xff, 0xff, 0xff, 0x00, 0xff, 0xff, 0xff,
0x00, 0xff, 0xff, 0xff, 0x00, 0xff, 0xff, 0xff, 0x00, 0xff, 0xff, 0xff, 0x00, 0xff, 0xff,
0xff, 0x00, 0xff, 0xff, 0xff, 0x00, 0xff, 0xff, 0xff, 0x00, 0xff, 0xff, 0xff, 0x00, 0xff,
0xff, 0xff, 0x00, 0xff, 0xff, 0xff, 0x00, 0x01, 0x01, 0x01, 0x00, 0x01, 0x01, 0x01, 0x00,
0x01, 0x01, 0x01, 0x00, 0x01, 0x01, 0x01, 0x00, 0x01, 0x01, 0x01, 0x00, 0x01, 0x01, 0x01,
0x00, 0x01, 0x01, 0x01, 0x00, 0x01, 0x01, 0x01, 0x00, 0x01, 0x01, 0x01, 0x00, 0x01, 0x01,
0x01, 0x00, 0x01, 0x01, 0x01, 0x00, 0x01, 0x01, 0x00, 0x00, 0x00, 0x00, 0x2c, 0x00, 0x19,
0x12, 0xdc, 0x00, 0x2c, 0x1c, 0xf3, 0x00, 0x2a, 0x1f, 0xf5, 0x00, 0x2e, 0x1e, 0xf8, 0x00,
0x2a, 0x19, 0xea, 0x00, 0x24, 0x12, 0xd2, 0x00, 0x28, 0x1b, 0xe0, 0x00, 0x25, 0x13, 0xc8,
0x00, 0x2b, 0x13, 0xf5, 0x00, 0x1e, 0x12, 0xe5, 0x00, 0x21, 0x12, 0xba, 0x00, 0x29, 0x10,
0xe7, 0x00, 0x26, 0x10, 0xd9, 0x00, 0x25, 0x11, 0xcc, 0x00, 0x2c, 0x11, 0xed, 0x00, 0x29,
0x0d, 0xdb, 0x03, 0x31, 0x14, 0xff, 0x6e, 0x32, 0x14, 0xfe, 0xd2, 0x32, 0x14, 0xff, 0xff,
0x32, 0x13, 0xff, 0xff, 0x32, 0x13, 0xff, 0xff, 0x32, 0x12, 0xff, 0xff, 0x32, 0x12, 0xff,
0xff, 0x32, 0x11, 0xff, 0xff, 0x32, 0x11, 0xff, 0xff, 0x32, 0x11, 0xff, 0xff, 0x32, 0x10,
0xff, 0xff, 0x32, 0x10, 0xff, 0xff, 0x32, 0x10, 0xff, 0xff, 0x32, 0x10, 0xff, 0xff, 0x32,
0x0f, 0xff, 0xff, 0x32, 0x0f, 0xff, 0xff, 0x32, 0x0e, 0xff, 0xff, 0x32, 0x0e, 0xff, 0xff,
0x32, 0x0e, 0xff, 0xff, 0x32, 0x0d, 0xff, 0xff, 0x32, 0x0d, 0xff, 0xff, 0x32, 0x0d, 0xff,
0xff, 0x32, 0x0d, 0xff, 0xff, 0x32, 0x0c, 0xff, 0xff, 0x33, 0x0c, 0xff, 0xff, 0x33, 0x0b,
0xff, 0xff, 0x33, 0x0b, 0xff, 0xff, 0x33, 0x0a, 0xff, 0xff, 0x33, 0x0a, 0xff, 0xff, 0x33,
0x0a, 0xff, 0xff, 0x33, 0x09, 0xff, 0xff, 0x33, 0x09, 0xff, 0xff, 0x33, 0x09, 0xff, 0xff,
0x33, 0x09, 0xff, 0xff, 0x33, 0x08, 0xff, 0xff, 0x33, 0x08, 0xff, 0xff, 0x33, 0x07, 0xff,
0xff, 0x33, 0x07, 0xff, 0xff, 0x33, 0x07, 0xff, 0xff, 0x33, 0x06, 0xff, 0xff, 0x33, 0x06,
0xff, 0xff, 0x33, 0x06, 0xff, 0xff, 0x33, 0x06, 0xff, 0xff, 0x33, 0x05, 0xff, 0xff, 0x33,
0x05, 0xff, 0xff, 0x33, 0x04, 0xff, 0xff, 0x33, 0x04, 0xff, 0xff, 0x33, 0x03, 0xff, 0xff,
0x34, 0x03, 0xff, 0xff, 0x34, 0x03, 0xff, 0xff, 0x30, 0x02, 0xf2, 0xc1, 0x2b, 0x01, 0xda,
0x5e, 0x33, 0x01, 0xff, 0x00, 0x27, 0x01, 0xc9, 0x00, 0x24, 0x01, 0xdb, 0x00, 0x23, 0x01,
0xcb, 0x00, 0x2c, 0x01, 0xdb, 0x00, 0x2f, 0x02, 0xf2, 0x00, 0x24, 0x02, 0xdc, 0x00, 0x2d,
0x02, 0xf8, 0x00, 0x2c, 0x02, 0xf5, 0x00, 0x2c, 0x02, 0xf9, 0x00, 0x23, 0x02, 0xc5, 0x00,
0x21, 0x01, 0xd3, 0x00, 0x34, 0x05, 0xff, 0x00, 0x32, 0x06, 0xfd, 0x00, 0x33, 0x07, 0xff,
0x00, 0x23, 0x02, 0xe8, 0x00, 0x00, 0x01, 0xbe, 0x00, 0x01, 0x01, 0xc0, 0x00, 0x01, 0x01,
0xc0, 0x00, 0x01, 0x01, 0xc0, 0x00, 0x01, 0x01, 0xc0, 0x00, 0x01, 0x01, 0xc0, 0x00, 0x01,
0x01, 0xc0, 0x00, 0x01, 0x01, 0xc0, 0x00, 0x01, 0x01, 0xc0, 0x00, 0x01, 0x01, 0xc0, 0x00,
0x01, 0x01, 0xc0, 0x00, 0x01, 0x01, 0xc0, 0x00, 0x01, 0x01, 0xc0, 0x00, 0x01, 0x01, 0xc0,
0x00, 0xff, 0xff, 0xff, 0x00, 0xff, 0xff, 0xff, 0x00, 0xff, 0xff, 0xff, 0x00, 0xff, 0xff,
0xff, 0x00, 0xff, 0xff, 0xff, 0x00, 0xff, 0xff, 0xff, 0x00, 0xff, 0xff, 0xff, 0x00, 0xff,
0xff, 0xff, 0x00, 0xff, 0xff, 0xff, 0x00, 0xff, 0xff, 0xff, 0x00, 0xff, 0xff, 0xff, 0x00,
0xff, 0xff, 0xff, 0x00, 0xff, 0xff, 0xff, 0x00, 0xff, 0xff, 0xff, 0x00, 0xff, 0xff, 0xff,
0x00, 0xff, 0xff, 0xff, 0x00, 0xff, 0xff, 0xff, 0x00, 0x01, 0x01, 0x01, 0x00, 0x01, 0x01,
0x01, 0x00, 0x01, 0x01, 0x01, 0x00, 0x01, 0x01, 0x01, 0x00, 0x01, 0x01, 0x01, 0x00, 0x01,
0x01, 0x01, 0x00, 0x01, 0x01, 0x01, 0x00, 0x01, 0x01, 0x01, 0x00, 0x01, 0x01, 0x01, 0x00,
0x01, 0x01, 0x01, 0x00, 0x01, 0x01, 0x01, 0x00, 0x01, 0x01, 0x00, 0x00, 0x00, 0x00, 0x2c,
0x00, 0x19, 0x12, 0xdc, 0x00, 0x2c, 0x1c, 0xf3, 0x00, 0x2a, 0x1f, 0xf5, 0x00, 0x2e, 0x1e,
0xf8, 0x00, 0x2a, 0x19, 0xea, 0x00, 0x24, 0x12, 0xd2, 0x00, 0x28, 0x1b, 0xe0, 0x00, 0x25,
0x13, 0xc8, 0x00, 0x2b, 0x13, 0xf5, 0x00, 0x1e, 0x12, 0xe5, 0x00, 0x21, 0x12, 0xba, 0x00,
0x29, 0x10, 0xe7, 0x00, 0x26, 0x10, 0xd9, 0x00, 0x25, 0x11, 0xcc, 0x00, 0x2c, 0x11, 0xee,
0x00, 0x29, 0x0d, 0xdc, 0x00, 0x31, 0x13, 0xff, 0x00, 0x31, 0x13, 0xfd, 0x08, 0x31, 0x11,
0xfd, 0x6f, 0x31, 0x11, 0xfd, 0xc9, 0x32, 0x11, 0xff, 0xff, 0x32, 0x11, 0xff, 0xff, 0x32,
0x11, 0xff, 0xff, 0x32, 0x10, 0xff, 0xff, 0x32, 0x10, 0xff, 0xff, 0x32, 0x10, 0xff, 0xff,
0x32, 0x10, 0xff, 0xff, 0x32, 0x0f, 0xff, 0xff, 0x32, 0x0f, 0xff, 0xff, 0x32, 0x0e, 0xff,
0xff, 0x32, 0x0e, 0xff, 0xff, 0x32, 0x0e, 0xff, 0xff, 0x32, 0x0d, 0xff, 0xff, 0x32, 0x0d,
0xff, 0xff, 0x32, 0x0d, 0xff, 0xff, 0x32, 0x0d, 0xff, 0xff, 0x32, 0x0c, 0xff, 0xff, 0x32,
0x0c, 0xff, 0xff, 0x33, 0x0b, 0xff, 0xff, 0x33, 0x0b, 0xff, 0xff, 0x33, 0x0b, 0xff, 0xff,
0x33, 0x0a, 0xff, 0xff, 0x33, 0x0a, 0xff, 0xff, 0x33, 0x09, 0xff, 0xff, 0x33, 0x09, 0xff,
0xff, 0x33, 0x09, 0xff, 0xff, 0x33, 0x09, 0xff, 0xff, 0x33, 0x08, 0xff, 0xff, 0x33, 0x08,
0xff, 0xff, 0x33, 0x07, 0xff, 0xff, 0x33, 0x07, 0xff, 0xff, 0x33, 0x07, 0xff, 0xff, 0x33,
0x06, 0xff, 0xff, 0x33, 0x06, 0xff, 0xff, 0x33, 0x06, 0xff, 0xff, 0x33, 0x06, 0xff, 0xff,
0x33, 0x05, 0xff, 0xff, 0x33, 0x05, 0xff, 0xff, 0x33, 0x04, 0xff, 0xff, 0x33, 0x04, 0xff,
0xff, 0x33, 0x04, 0xff, 0xff, 0x33, 0x03, 0xff, 0xff, 0x33, 0x03, 0xff, 0xff, 0x33, 0x02,
0xfe, 0xfd, 0x2f, 0x02, 0xf6, 0xb2, 0x33, 0x01, 0xff, 0x57, 0x2c, 0x01, 0xdc, 0x00, 0x22,
0x01, 0xad, 0x00, 0x34, 0x01, 0xff, 0x00, 0x27, 0x01, 0xca, 0x00, 0x24, 0x01, 0xdc, 0x00,
0x23, 0x01, 0xcb, 0x00, 0x2c, 0x01, 0xdb, 0x00, 0x2f, 0x02, 0xf2, 0x00, 0x24, 0x02, 0xdc,
0x00, 0x2d, 0x02, 0xf8, 0x00, 0x2c, 0x02, 0xf5, 0x00, 0x2c, 0x02, 0xf9, 0x00, 0x23, 0x02,
0xc5, 0x00, 0x21, 0x01, 0xd3, 0x00, 0x34, 0x05, 0xff, 0x00, 0x32, 0x06, 0xfd, 0x00, 0x33,
0x07, 0xff, 0x00, 0x23, 0x02, 0xe8, 0x00, 0x00, 0x01, 0xbe, 0x00, 0x01, 0x01, 0xc0, 0x00,
0x01, 0x01, 0xc0, 0x00, 0x01, 0x01, 0xc0, 0x00, 0x01, 0x01, 0xc0, 0x00, 0x01, 0x01, 0xc0,
0x00, 0x01, 0x01, 0xc0, 0x00, 0x01, 0x01, 0xc0, 0x00, 0x01, 0x01, 0xc0, 0x00, 0x01, 0x01,
0xc0, 0x00, 0x01, 0x01, 0xc0, 0x00, 0x01, 0x01, 0xc0, 0x00, 0x01, 0x01, 0xc0, 0x00, 0x01,
0x01, 0xc0, 0x00, 0xff, 0xff, 0xff, 0x00, 0xff, 0xff, 0xff, 0x00, 0xff, 0xff, 0xff, 0x00,
0xff, 0xff, 0xff, 0x00, 0xff, 0xff, 0xff, 0x00, 0xff, 0xff, 0xff, 0x00, 0xff, 0xff, 0xff,
0x00, 0xff, 0xff, 0xff, 0x00, 0xff, 0xff, 0xff, 0x00, 0xff, 0xff, 0xff, 0x00, 0xff, 0xff,
0xff, 0x00, 0xff, 0xff, 0xff, 0x00, 0xff, 0xff, 0xff, 0x00, 0xff, 0xff, 0xff, 0x00, 0xff,
0xff, 0xff, 0x00, 0xff, 0xff, 0xff, 0x00, 0xff, 0xff, 0xff, 0x00, 0x01, 0x01, 0x01, 0x00,
0x01, 0x01, 0x01, 0x00, 0x01, 0x01, 0x01, 0x00, 0x01, 0x01, 0x01, 0x00, 0x01, 0x01, 0x01,
0x00, 0x01, 0x01, 0x01, 0x00, 0x01, 0x01, 0x01, 0x00, 0x01, 0x01, 0x01, 0x00, 0x01, 0x01,
0x01, 0x00, 0x01, 0x01, 0x01, 0x00, 0x01, 0x01, 0x01, 0x00, 0x01, 0x01, 0x00, 0x00, 0x00,
0x00, 0x2c, 0x00, 0x19, 0x12, 0xdc, 0x00, 0x2c, 0x1c, 0xf3, 0x00, 0x2a, 0x1f, 0xf5, 0x00,
0x2e, 0x1e, 0xf8, 0x00, 0x2a, 0x19, 0xea, 0x00, 0x24, 0x12, 0xd2, 0x00, 0x28, 0x1b, 0xe0,
0x00, 0x25, 0x13, 0xc8, 0x00, 0x2b, 0x13, 0xf5, 0x00, 0x1e, 0x12, 0xe5, 0x00, 0x21, 0x12,
0xba, 0x00, 0x29, 0x10, 0xe7, 0x00, 0x26, 0x10, 0xd9, 0x00, 0x25, 0x11, 0xcc, 0x00, 0x2c,
0x11, 0xee, 0x00, 0x29, 0x0d, 0xdc, 0x00, 0x31, 0x13, 0xff, 0x00, 0x31, 0x13, 0xfd, 0x00,
0x31, 0x11, 0xfd, 0x00, 0x28, 0x0d, 0xef, 0x01, 0x2c, 0x0e, 0xf5, 0x59, 0x31, 0x0f, 0xf9,
0xad, 0x32, 0x10, 0xfd, 0xf4, 0x32, 0x10, 0xff, 0xff, 0x32, 0x0f, 0xff, 0xff, 0x32, 0x0f,
0xff, 0xff, 0x32, 0x0f, 0xff, 0xff, 0x32, 0x0e, 0xff, 0xff, 0x32, 0x0e, 0xff, 0xff, 0x32,
0x0d, 0xff, 0xff, 0x32, 0x0d, 0xff, 0xff, 0x32, 0x0d, 0xff, 0xff, 0x32, 0x0d, 0xff, 0xff,
0x32, 0x0c, 0xff, 0xff, 0x32, 0x0c, 0xff, 0xff, 0x33, 0x0b, 0xff, 0xff, 0x33, 0x0b, 0xff,
0xff, 0x33, 0x0b, 0xff, 0xff, 0x33, 0x0a, 0xff, 0xff, 0x33, 0x0a, 0xff, 0xff, 0x33, 0x09,
0xff, 0xff, 0x33, 0x09, 0xff, 0xff, 0x33, 0x09, 0xff, 0xff, 0x33, 0x09, 0xff, 0xff, 0x33,
0x08, 0xff, 0xff, 0x33, 0x08, 0xff, 0xff, 0x33, 0x08, 0xff, 0xff, 0x33, 0x07, 0xff, 0xff,
0x33, 0x07, 0xff, 0xff, 0x33, 0x06, 0xff, 0xff, 0x33, 0x06, 0xff, 0xff, 0x33, 0x06, 0xff,
0xff, 0x33, 0x06, 0xff, 0xff, 0x33, 0x05, 0xff, 0xff, 0x33, 0x05, 0xff, 0xff, 0x33, 0x04,
0xff, 0xff, 0x33, 0x04, 0xff, 0xff, 0x33, 0x04, 0xff, 0xff, 0x33, 0x03, 0xff, 0xff, 0x33,
0x03, 0xff, 0xff, 0x33, 0x02, 0xff, 0xff, 0x32, 0x02, 0xfd, 0xdc, 0x31, 0x01, 0xfd, 0x96,
0x2f, 0x01, 0xf7, 0x38, 0x24, 0x01, 0xdc, 0x00, 0x33, 0x01, 0xff, 0x00, 0x2c, 0x01, 0xde,
0x00, 0x23, 0x01, 0xb2, 0x00, 0x34, 0x01, 0xff, 0x00, 0x27, 0x01, 0xca, 0x00, 0x24, 0x01,
0xdc, 0x00, 0x23, 0x01, 0xcb, 0x00, 0x2c, 0x01, 0xdb, 0x00, 0x2f, 0x02, 0xf2, 0x00, 0x24,
0x02, 0xdc, 0x00, 0x2d, 0x02, 0xf8, 0x00, 0x2c, 0x02, 0xf5, 0x00, 0x2c, 0x02, 0xf9, 0x00,
0x23, 0x02, 0xc5, 0x00, 0x21, 0x01, 0xd3, 0x00, 0x34, 0x05, 0xff, 0x00, 0x32, 0x06, 0xfd,
0x00, 0x33, 0x07, 0xff, 0x00, 0x23, 0x02, 0xe8, 0x00, 0x00, 0x01, 0xbe, 0x00, 0x01, 0x01,
0xc0, 0x00, 0x01, 0x01, 0xc0, 0x00, 0x01, 0x01, 0xc0, 0x00, 0x01, 0x01, 0xc0, 0x00, 0x01,
0x01, 0xc0, 0x00, 0x01, 0x01, 0xc0, 0x00, 0x01, 0x01, 0xc0, 0x00, 0x01, 0x01, 0xc0, 0x00,
0x01, 0x01, 0xc0, 0x00, 0x01, 0x01, 0xc0, 0x00, 0x01, 0x01, 0xc0, 0x00, 0x01, 0x01, 0xc0,
0x00, 0x01, 0x01, 0xc0, 0x00, 0xff, 0xff, 0xff, 0x00, 0xff, 0xff, 0xff, 0x00, 0xff, 0xff,
0xff, 0x00, 0xff, 0xff, 0xff, 0x00, 0xff, 0xff, 0xff, 0x00, 0xff, 0xff, 0xff, 0x00, 0xff,
0xff, 0xff, 0x00, 0xff, 0xff, 0xff, 0x00, 0xff, 0xff, 0xff, 0x00, 0xff, 0xff, 0xff, 0x00,
0xff, 0xff, 0xff, 0x00, 0xff, 0xff, 0xff, 0x00, 0xff, 0xff, 0xff, 0x00, 0xff, 0xff, 0xff,
0x00, 0xff, 0xff, 0xff, 0x00, 0xff, 0xff, 0xff, 0x00, 0xff, 0xff, 0xff, 0x00, 0x01, 0x01,
0x01, 0x00, 0x01, 0x01, 0x01, 0x00, 0x01, 0x01, 0x01, 0x00, 0x01, 0x01, 0x01, 0x00, 0x01,
0x01, 0x01, 0x00, 0x01, 0x01, 0x01, 0x00, 0x01, 0x01, 0x01, 0x00, 0x01, 0x01, 0x01, 0x00,
0x01, 0x01, 0x01, 0x00, 0x01, 0x01, 0x01, 0x00, 0x01, 0x01, 0x01, 0x00, 0x01, 0x01, 0x00,
0x00, 0x00, 0x00, 0x2c, 0x00, 0x19, 0x12, 0xdc, 0x00, 0x2c, 0x1c, 0xf3, 0x00, 0x2a, 0x1f,
0xf5, 0x00, 0x2e, 0x1e, 0xf8, 0x00, 0x2a, 0x19, 0xea, 0x00, 0x24, 0x12, 0xd2, 0x00, 0x28,
0x1b, 0xe0, 0x00, 0x25, 0x13, 0xc8, 0x00, 0x2b, 0x13, 0xf5, 0x00, 0x1e, 0x12, 0xe5, 0x00,
0x21, 0x12, 0xba, 0x00, 0x29, 0x10, 0xe7, 0x00, 0x26, 0x10, 0xd9, 0x00, 0x25, 0x11, 0xcc,
0x00, 0x2c, 0x11, 0xee, 0x00, 0x29, 0x0d, 0xdc, 0x00, 0x31, 0x13, 0xff, 0x00, 0x31, 0x13,
0xfd, 0x00, 0x31, 0x11, 0xfd, 0x00, 0x28, 0x0d, 0xef, 0x00, 0x2a, 0x0d, 0xf0, 0x00, 0x2b,
0x0d, 0xe3, 0x00, 0x2c, 0x0b, 0xe6, 0x27, 0x32, 0x0d, 0xfe, 0x81, 0x32, 0x0e, 0xfe, 0xbf,
0x32, 0x0e, 0xff, 0xfb, 0x32, 0x0e, 0xff, 0xff, 0x32, 0x0d, 0xff, 0xff, 0x32, 0x0d, 0xff,
0xff, 0x32, 0x0d, 0xff, 0xff, 0x32, 0x0c, 0xff, 0xff, 0x32, 0x0c, 0xff, 0xff, 0x33, 0x0c,
0xff, 0xff, 0x33, 0x0b, 0xff, 0xff, 0x33, 0x0b, 0xff, 0xff, 0x33, 0x0a, 0xff, 0xff, 0x33,
0x0a, 0xff, 0xff, 0x33, 0x0a, 0xff, 0xff, 0x33, 0x09, 0xff, 0xff, 0x33, 0x09, 0xff, 0xff,
0x33, 0x09, 0xff, 0xff, 0x33, 0x09, 0xff, 0xff, 0x33, 0x08, 0xff, 0xff, 0x33, 0x08, 0xff,
0xff, 0x33, 0x07, 0xff, 0xff, 0x33, 0x07, 0xff, 0xff, 0x33, 0x06, 0xff, 0xff, 0x33, 0x06,
0xff, 0xff, 0x33, 0x06, 0xff, 0xff, 0x33, 0x06, 0xff, 0xff, 0x33, 0x05, 0xff, 0xff, 0x33,
0x05, 0xff, 0xff, 0x33, 0x05, 0xff, 0xff, 0x33, 0x04, 0xff, 0xff, 0x33, 0x04, 0xff, 0xff,
0x34, 0x03, 0xff, 0xff, 0x33, 0x03, 0xff, 0xff, 0x33, 0x02, 0xff, 0xff, 0x32, 0x02, 0xfe,
0xe2, 0x32, 0x02, 0xfd, 0xa4, 0x30, 0x01, 0xf9, 0x5f, 0x27, 0x01, 0xea, 0x0d, 0x2f, 0x01,
0xfb, 0x00, 0x2f, 0x01, 0xf6, 0x00, 0x25, 0x01, 0xdd, 0x00, 0x33, 0x01, 0xff, 0x00, 0x2c,
0x01, 0xde, 0x00, 0x23, 0x01, 0xb2, 0x00, 0x34, 0x01, 0xff, 0x00, 0x27, 0x01, 0xca, 0x00,
0x24, 0x01, 0xdc, 0x00, 0x23, 0x01, 0xcb, 0x00, 0x2c, 0x01, 0xdb, 0x00, 0x2f, 0x02, 0xf2,
0x00, 0x24, 0x02, 0xdc, 0x00, 0x2d, 0x02, 0xf8, 0x00, 0x2c, 0x02, 0xf5, 0x00, 0x2c, 0x02,
0xf9, 0x00, 0x23, 0x02, 0xc5, 0x00, 0x21, 0x01, 0xd3, 0x00, 0x34, 0x05, 0xff, 0x00, 0x32,
0x06, 0xfd, 0x00, 0x33, 0x07, 0xff, 0x00, 0x23, 0x02, 0xe8, 0x00, 0x00, 0x01, 0xbe, 0x00,
0x01, 0x01, 0xc0, 0x00, 0x01, 0x01, 0xc0, 0x00, 0x01, 0x01, 0xc0, 0x00, 0x01, 0x01, 0xc0,
0x00, 0x01, 0x01, 0xc0, 0x00, 0x01, 0x01, 0xc0, 0x00, 0x01, 0x01, 0xc0, 0x00, 0x01, 0x01,
0xc0, 0x00, 0x01, 0x01, 0xc0, 0x00, 0x01, 0x01, 0xc0, 0x00, 0x01, 0x01, 0xc0, 0x00, 0x01,
0x01, 0xc0, 0x00, 0x01, 0x01, 0xc0, 0x00, 0xff, 0xff, 0xff, 0x00, 0xff, 0xff, 0xff, 0x00,
0xff, 0xff, 0xff, 0x00, 0xff, 0xff, 0xff, 0x00, 0xff, 0xff, 0xff, 0x00, 0xff, 0xff, 0xff,
0x00, 0xff, 0xff, 0xff, 0x00, 0xff, 0xff, 0xff, 0x00, 0xff, 0xff, 0xff, 0x00, 0xff, 0xff,
0xff, 0x00, 0xff, 0xff, 0xff, 0x00, 0xff, 0xff, 0xff, 0x00, 0xff, 0xff, 0xff, 0x00, 0xff,
0xff, 0xff, 0x00, 0xff, 0xff, 0xff, 0x00, 0xff, 0xff, 0xff, 0x00, 0xff, 0xff, 0xff, 0x00,
0x01, 0x01, 0x01, 0x00, 0x01, 0x01, 0x01, 0x00, 0x01, 0x01, 0x01, 0x00, 0x01, 0x01, 0x01,
0x00, 0x01, 0x01, 0x01, 0x00, 0x01, 0x01, 0x01, 0x00, 0x01, 0x01, 0x01, 0x00, 0x01, 0x01,
0x01, 0x00, 0x01, 0x01, 0x01, 0x00, 0x01, 0x01, 0x01, 0x00, 0x01, 0x01, 0x01, 0x00, 0x01,
0x01, 0x00, 0x00, 0x00, 0x00, 0x2c, 0x00, 0x19, 0x12, 0xdc, 0x00, 0x2c, 0x1c, 0xf3, 0x00,
0x2a, 0x1f, 0xf5, 0x00, 0x2e, 0x1e, 0xf8, 0x00, 0x2a, 0x19, 0xea, 0x00, 0x24, 0x12, 0xd2,
0x00, 0x28, 0x1b, 0xe0, 0x00, 0x25, 0x13, 0xc8, 0x00, 0x2b, 0x13, 0xf5, 0x00, 0x1e, 0x12,
0xe5, 0x00, 0x21, 0x12, 0xba, 0x00, 0x29, 0x10, 0xe7, 0x00, 0x26, 0x10, 0xd9, 0x00, 0x25,
0x11, 0xcc, 0x00, 0x2c, 0x11, 0xee, 0x00, 0x29, 0x0d, 0xdc, 0x00, 0x31, 0x13, 0xff, 0x00,
0x31, 0x13, 0xfd, 0x00, 0x31, 0x11, 0xfd, 0x00, 0x28, 0x0d, 0xef, 0x00, 0x2a, 0x0d, 0xf1,
0x00, 0x2b, 0x0d, 0xe3, 0x00, 0x2b, 0x0a, 0xe2, 0x00, 0x31, 0x0c, 0xfd, 0x00, 0x31, 0x0e,
0xfd, 0x00, 0x30, 0x0b, 0xfb, 0x2e, 0x30, 0x0a, 0xf9, 0x7c, 0x32, 0x0c, 0xff, 0xad, 0x31,
0x0c, 0xfa, 0xdf, 0x32, 0x0c, 0xff, 0xff, 0x33, 0x0b, 0xff, 0xff, 0x34, 0x0b, 0xff, 0xff,
0x33, 0x0b, 0xff, 0xff, 0x33, 0x0a, 0xff, 0xff, 0x33, 0x0a, 0xff, 0xff, 0x33, 0x09, 0xff,
0xff, 0x33, 0x09, 0xff, 0xff, 0x33, 0x09, 0xff, 0xff, 0x33, 0x09, 0xff, 0xff, 0x33, 0x08,
0xff, 0xff, 0x33, 0x08, 0xff, 0xff, 0x33, 0x07, 0xff, 0xff, 0x33, 0x07, 0xff, 0xff, 0x33,
0x07, 0xff, 0xff, 0x33, 0x06, 0xff, 0xff, 0x33, 0x06, 0xff, 0xff, 0x33, 0x06, 0xff, 0xff,
0x33, 0x06, 0xff, 0xff, 0x33, 0x05, 0xff, 0xff, 0x33, 0x05, 0xff, 0xff, 0x33, 0x04, 0xff,
0xff, 0x33, 0x04, 0xff, 0xff, 0x33, 0x04, 0xff, 0xff, 0x33, 0x03, 0xff, 0xff, 0x33, 0x03,
0xfd, 0xf3, 0x30, 0x02, 0xf5, 0xc1, 0x33, 0x01, 0xfe, 0x96, 0x2e, 0x01, 0xf4, 0x56, 0x2b,
0x01, 0xf2, 0x0f, 0x30, 0x01, 0xfb, 0x00, 0x2f, 0x01, 0xf7, 0x00, 0x26, 0x01, 0xe8, 0x00,
0x2f, 0x01, 0xfb, 0x00, 0x2f, 0x01, 0xf6, 0x00, 0x25, 0x01, 0xdd, 0x00, 0x33, 0x01, 0xff,
0x00, 0x2c, 0x01, 0xde, 0x00, 0x23, 0x01, 0xb2, 0x00, 0x34, 0x01, 0xff, 0x00, 0x27, 0x01,
0xca, 0x00, 0x24, 0x01, 0xdc, 0x00, 0x23, 0x01, 0xcb, 0x00, 0x2c, 0x01, 0xdb, 0x00, 0x2f,
0x02, 0xf2, 0x00, 0x24, 0x02, 0xdc, 0x00, 0x2d, 0x02, 0xf8, 0x00, 0x2c, 0x02, 0xf5, 0x00,
0x2c, 0x02, 0xf9, 0x00, 0x23, 0x02, 0xc5, 0x00, 0x21, 0x01, 0xd3, 0x00, 0x34, 0x05, 0xff,
0x00, 0x32, 0x06, 0xfd, 0x00, 0x33, 0x07, 0xff, 0x00, 0x23, 0x02, 0xe8, 0x00, 0x00, 0x01,
0xbe, 0x00, 0x01, 0x01, 0xc0, 0x00, 0x01, 0x01, 0xc0, 0x00, 0x01, 0x01, 0xc0, 0x00, 0x01,
0x01, 0xc0, 0x00, 0x01, 0x01, 0xc0, 0x00, 0x01, 0x01, 0xc0, 0x00, 0x01, 0x01, 0xc0, 0x00,
0x01, 0x01, 0xc0, 0x00, 0x01, 0x01, 0xc0, 0x00, 0x01, 0x01, 0xc0, 0x00, 0x01, 0x01, 0xc0,
0x00, 0x01, 0x01, 0xc0, 0x00, 0x01, 0x01, 0xc0, 0x00, 0xff, 0xff, 0xff, 0x00, 0xff, 0xff,
0xff, 0x00, 0xff, 0xff, 0xff, 0x00, 0xff, 0xff, 0xff, 0x00, 0xff, 0xff, 0xff, 0x00, 0xff,
0xff, 0xff, 0x00, 0xff, 0xff, 0xff, 0x00, 0xff, 0xff, 0xff, 0x00, 0xff, 0xff, 0xff, 0x00,
0xff, 0xff, 0xff, 0x00, 0xff, 0xff, 0xff, 0x00, 0xff, 0xff, 0xff, 0x00, 0xff, 0xff, 0xff,
0x00, 0xff, 0xff, 0xff, 0x00, 0xff, 0xff, 0xff, 0x00, 0xff, 0xff, 0xff, 0x00, 0xff, 0xff,
0xff, 0x00, 0x01, 0x01, 0x01, 0x00, 0x01, 0x01, 0x01, 0x00, 0x01, 0x01, 0x01, 0x00, 0x01,
0x01, 0x01, 0x00, 0x01, 0x01, 0x01, 0x00, 0x01, 0x01, 0x01, 0x00, 0x01, 0x01, 0x01, 0x00,
0x01, 0x01, 0x01, 0x00, 0x01, 0x01, 0x01, 0x00, 0x01, 0x01, 0x01, 0x00, 0x01, 0x01, 0x01,
0x00, 0x01, 0x01, 0x00, 0x00, 0x00, 0x00, 0x2c, 0x00, 0x19, 0x12, 0xdc, 0x00, 0x2c, 0x1c,
0xf3, 0x00, 0x2a, 0x1f, 0xf5, 0x00, 0x2e, 0x1e, 0xf8, 0x00, 0x2a, 0x19, 0xea, 0x00, 0x24,
0x12, 0xd2, 0x00, 0x28, 0x1b, 0xe0, 0x00, 0x25, 0x13, 0xc8, 0x00, 0x2b, 0x13, 0xf5, 0x00,
0x1e, 0x12, 0xe5, 0x00, 0x21, 0x12, 0xba, 0x00, 0x29, 0x10, 0xe7, 0x00, 0x26, 0x10, 0xd9,
0x00, 0x25, 0x11, 0xcc, 0x00, 0x2c, 0x11, 0xee, 0x00, 0x29, 0x0d, 0xdc, 0x00, 0x31, 0x13,
0xff, 0x00, 0x31, 0x13, 0xfd, 0x00, 0x31, 0x11, 0xfd, 0x00, 0x28, 0x0d, 0xef, 0x00, 0x2a,
0x0d, 0xf1, 0x00, 0x2b, 0x0d, 0xe3, 0x00, 0x2b, 0x0a, 0xe3, 0x00, 0x31, 0x0c, 0xfd, 0x00,
0x31, 0x0e, 0xfd, 0x00, 0x2f, 0x0a, 0xfa, 0x00, 0x2d, 0x08, 0xf2, 0x00, 0x32, 0x0b, 0xff,
0x00, 0x26, 0x08, 0xc4, 0x0c, 0x2e, 0x09, 0xf3, 0x40, 0x2c, 0x09, 0xec, 0x7d, 0x2e, 0x09,
0xe8, 0x9f, 0x32, 0x09, 0xfe, 0xbb, 0x33, 0x09, 0xfe, 0xdf, 0x33, 0x09, 0xff, 0xf8, 0x34,
0x09, 0xff, 0xff, 0x33, 0x08, 0xff, 0xff, 0x33, 0x08, 0xff, 0xff, 0x33, 0x08, 0xff, 0xff,
0x33, 0x07, 0xff, 0xff, 0x33, 0x07, 0xff, 0xff, 0x33, 0x06, 0xff, 0xff, 0x33, 0x06, 0xff,
0xff, 0x33, 0x06, 0xff, 0xff, 0x33, 0x06, 0xff, 0xff, 0x33, 0x05, 0xff, 0xff, 0x33, 0x05,
0xff, 0xff, 0x33, 0x05, 0xff, 0xff, 0x33, 0x04, 0xff, 0xfd, 0x32, 0x04, 0xfe, 0xe8, 0x33,
0x03, 0xfe, 0xc6, 0x32, 0x03, 0xfe, 0xa9, 0x33, 0x02, 0xfe, 0x8c, 0x33, 0x01, 0xff, 0x5a,
0x2f, 0x01, 0xe8, 0x20, 0x24, 0x01, 0xd1, 0x00, 0x32, 0x01, 0xfc, 0x00, 0x2d, 0x01, 0xf0,
0x00, 0x2a, 0x01, 0xf0, 0x00, 0x30, 0x01, 0xfc, 0x00, 0x2f, 0x01, 0xf7, 0x00, 0x26, 0x01,
0xe8, 0x00, 0x2f, 0x01, 0xfb, 0x00, 0x2f, 0x01, 0xf6, 0x00, 0x25, 0x01, 0xdd, 0x00, 0x33,
0x01, 0xff, 0x00, 0x2c, 0x01, 0xde, 0x00, 0x23, 0x01, 0xb2, 0x00, 0x34, 0x01, 0xff, 0x00,
0x27, 0x01, 0xca, 0x00, 0x24, 0x01, 0xdc, 0x00, 0x23, 0x01, 0xcb, 0x00, 0x2c, 0x01, 0xdb,
0x00, 0x2f, 0x02, 0xf2, 0x00, 0x24, 0x02, 0xdc, 0x00, 0x2d, 0x02, 0xf8, 0x00, 0x2c, 0x02,
0xf5, 0x00, 0x2c, 0x02, 0xf9, 0x00, 0x23, 0x02, 0xc5, 0x00, 0x21, 0x01, 0xd3, 0x00, 0x34,
0x05, 0xff, 0x00, 0x32, 0x06, 0xfd, 0x00, 0x33, 0x07, 0xff, 0x00, 0x23, 0x02, 0xe8, 0x00,
0x00, 0x01, 0xbe, 0x00, 0x01, 0x01, 0xc0, 0x00, 0x01, 0x01, 0xc0, 0x00, 0x01, 0x01, 0xc0,
0x00, 0x01, 0x01, 0xc0, 0x00, 0x01, 0x01, 0xc0, 0x00, 0x01, 0x01, 0xc0, 0x00, 0x01, 0x01,
0xc0, 0x00, 0x01, 0x01, 0xc0, 0x00, 0x01, 0x01, 0xc0, 0x00, 0x01, 0x01, 0xc0, 0x00, 0x01,
0x01, 0xc0, 0x00, 0x01, 0x01, 0xc0, 0x00, 0x01, 0x01, 0xc0, 0x00, 0xff, 0xff, 0xff, 0x00,
0xff, 0xff, 0xff, 0x00, 0xff, 0xff, 0xff, 0x00, 0xff, 0xff, 0xff, 0x00, 0xff, 0xff, 0xff,
0x00, 0xff, 0xff, 0xff, 0x00, 0xff, 0xff, 0xff, 0x00, 0xff, 0xff, 0xff, 0x00, 0xff, 0xff,
0xff, 0x00, 0xff, 0xff, 0xff, 0x00, 0xff, 0xff, 0xff, 0x00, 0xff, 0xff, 0xff, 0x00, 0xff,
0xff, 0xff, 0x00, 0xff, 0xff, 0xff, 0x00, 0xff, 0xff, 0xff, 0x00, 0xff, 0xff, 0xff, 0x00,
0xff, 0xff, 0xff, 0x00, 0x01, 0x01, 0x01, 0x00, 0x01, 0x01, 0x01, 0x00, 0x01, 0x01, 0x01,
0x00, 0x01, 0x01, 0x01, 0x00, 0x01, 0x01, 0x01, 0x00, 0x01, 0x01, 0x01, 0x00, 0x01, 0x01,
0x01, 0x00, 0x01, 0x01, 0x01, 0x00, 0x01, 0x01, 0x01, 0x00, 0x01, 0x01, 0x01, 0x00, 0x01,
0x01, 0x01, 0x00, 0x01, 0x01, 0x00, 0x00, 0x00, 0x00, 0x2c, 0x00, 0x19, 0x12, 0xdc, 0x00,
0x2c, 0x1c, 0xf3, 0x00, 0x2a, 0x1f, 0xf5, 0x00, 0x2e, 0x1e, 0xf8, 0x00, 0x2a, 0x19, 0xea,
0x00, 0x24, 0x12, 0xd2, 0x00, 0x28, 0x1b, 0xe0, 0x00, 0x25, 0x13, 0xc8, 0x00, 0x2b, 0x13,
0xf5, 0x00, 0x1e, 0x12, 0xe5, 0x00, 0x21, 0x12, 0xba, 0x00, 0x29, 0x10, 0xe7, 0x00, 0x26,
0x10, 0xd9, 0x00, 0x25, 0x11, 0xcc, 0x00, 0x2c, 0x11, 0xee, 0x00, 0x29, 0x0d, 0xdc, 0x00,
0x31, 0x13, 0xff, 0x00, 0x31, 0x13, 0xfd, 0x00, 0x31, 0x11, 0xfd, 0x00, 0x28, 0x0d, 0xef,
0x00, 0x2a, 0x0d, 0xf1, 0x00, 0x2b, 0x0d, 0xe3, 0x00, 0x2b, 0x0a, 0xe3, 0x00, 0x31, 0x0c,
0xfd, 0x00, 0x31, 0x0e, 0xfd, 0x00, 0x2f, 0x0a, 0xfa, 0x00, 0x2d, 0x08, 0xf3, 0x00, 0x32,
0x0b, 0xff, 0x00, 0x25, 0x08, 0xbe, 0x00, 0x2d, 0x08, 0xef, 0x00, 0x23, 0x07, 0xd5, 0x00,
0x26, 0x07, 0xc0, 0x00, 0x2f, 0x06, 0xfa, 0x02, 0x32, 0x08, 0xfd, 0x1c, 0x32, 0x07, 0xf9,
0x3e, 0x2a, 0x06, 0xd6, 0x5f, 0x34, 0x07, 0xff, 0x70, 0x2f, 0x06, 0xf4, 0x7e, 0x32, 0x06,
0xfd, 0x88, 0x33, 0x06, 0xff, 0x90, 0x33, 0x06, 0xff, 0x92, 0x33, 0x06, 0xff, 0x92, 0x33,
0x05, 0xff, 0x92, 0x33, 0x05, 0xff, 0x91, 0x33, 0x04, 0xfe, 0x8a, 0x2f, 0x03, 0xf9, 0x81,
0x33, 0x04, 0xfe, 0x74, 0x2f, 0x03, 0xfa, 0x65, 0x2f, 0x02, 0xfb, 0x48, 0x29, 0x02, 0xf3,
0x25, 0x34, 0x02, 0xfd, 0x09, 0x31, 0x02, 0xfc, 0x00, 0x32, 0x01, 0xfd, 0x00, 0x33, 0x01,
0xff, 0x00, 0x2e, 0x01, 0xe6, 0x00, 0x24, 0x01, 0xd0, 0x00, 0x32, 0x01, 0xfc, 0x00, 0x2d,
0x01, 0xf1, 0x00, 0x2a, 0x01, 0xf0, 0x00, 0x30, 0x01, 0xfc, 0x00, 0x2f, 0x01, 0xf7, 0x00,
0x26, 0x01, 0xe8, 0x00, 0x2f, 0x01, 0xfb, 0x00, 0x2f, 0x01, 0xf6, 0x00, 0x25, 0x01, 0xdd,
0x00, 0x33, 0x01, 0xff, 0x00, 0x2c, 0x01, 0xde, 0x00, 0x23, 0x01, 0xb2, 0x00, 0x34, 0x01,
0xff, 0x00, 0x27, 0x01, 0xca, 0x00, 0x24, 0x01, 0xdc, 0x00, 0x23, 0x01, 0xcb, 0x00, 0x2c,
0x01, 0xdb, 0x00, 0x2f, 0x02, 0xf2, 0x00, 0x24, 0x02, 0xdc, 0x00, 0x2d, 0x02, 0xf8, 0x00,
0x2c, 0x02, 0xf5, 0x00, 0x2c, 0x02, 0xf9, 0x00, 0x23, 0x02, 0xc5, 0x00, 0x21, 0x01, 0xd3,
0x00, 0x34, 0x05, 0xff, 0x00, 0x32, 0x06, 0xfd, 0x00, 0x33, 0x07, 0xff, 0x00, 0x23, 0x02,
0xe8, 0x00, 0x00, 0x01, 0xbe, 0x00, 0x01, 0x01, 0xc0, 0x00, 0x01, 0x01, 0xc0, 0x00, 0x01,
0x01, 0xc0, 0x00, 0x01, 0x01, 0xc0, 0x00, 0x01, 0x01, 0xc0, 0x00, 0x01, 0x01, 0xc0, 0x00,
0x01, 0x01, 0xc0, 0x00, 0x01, 0x01, 0xc0, 0x00, 0x01, 0x01, 0xc0, 0x00, 0x01, 0x01, 0xc0,
0x00, 0x01, 0x01, 0xc0, 0x00, 0x01, 0x01, 0xc0, 0x00, 0x01, 0x01, 0xc0, 0x00, 0xff, 0xff,
0xff, 0x00, 0xff, 0xff, 0xff, 0x00, 0xff, 0xff, 0xff, 0x00, 0xff, 0xff, 0xff, 0x00, 0xff,
0xff, 0xff, 0x00, 0xff, 0xff, 0xff, 0x00, 0xff, 0xff, 0xff, 0x00, 0xff, 0xff, 0xff, 0x00,
0xff, 0xff, 0xff, 0x00, 0xff, 0xff, 0xff, 0x00, 0xff, 0xff, 0xff, 0x00, 0xff, 0xff, 0xff,
0x00, 0xff, 0xff, 0xff, 0x00, 0xff, 0xff, 0xff, 0x00, 0xff, 0xff, 0xff, 0x00, 0xff, 0xff,
0xff, 0x00, 0xff, 0xff, 0xff, 0x00, 0xff, 0xff, 0xff, 0x00, 0xff, 0xff, 0xff, 0x00, 0xff,
0xff, 0xff, 0x00, 0xff, 0xff, 0xff, 0x00, 0xff, 0xff, 0xff, 0x00, 0xff, 0xff, 0xff, 0x00,
0xff, 0xff, 0xff, 0x00, 0xff, 0xff, 0xff, 0x00, 0xff, 0xff, 0xff, 0x00, 0xff, 0xff, 0xff,
0x00, 0xff, 0xff, 0xff, 0x00, 0xff, 0xff, 0xff, 0x00, 0xff, 0xff, 0xff, 0x00, 0xff, 0xff,
0xff, 0x00, 0xff, 0xff, 0xff, 0x00, 0xff, 0xff, 0xff, 0x00, 0xff, 0xff, 0xff, 0x00, 0xff,
0xff, 0xff, 0x00, 0xff, 0xff, 0xff, 0x00, 0xff, 0xff, 0xff, 0x00, 0xff, 0xff, 0xff, 0x00,
0xff, 0xff, 0xff, 0x00, 0xff, 0xff, 0xff, 0x00, 0xff, 0xff, 0xff, 0x00, 0xff, 0xff, 0xff,
0x00, 0xff, 0xff, 0xff, 0x00, 0xff, 0xff, 0xff, 0x00, 0xff, 0xff, 0xff, 0x00, 0xff, 0xff,
0xff, 0x00, 0xff, 0xff, 0xff, 0x00, 0xff, 0xff, 0xff, 0x00, 0xff, 0xff, 0xff, 0x00, 0xff,
0xff, 0xff, 0x00, 0xff, 0xff, 0xff, 0x00, 0xff, 0xff, 0xff, 0x00, 0xff, 0xff, 0xff, 0x00,
0xff, 0xff, 0xff, 0x00, 0xff, 0xff, 0xff, 0x00, 0xff, 0xff, 0xff, 0x00, 0xff, 0xff, 0xff,
0x00, 0xff, 0xff, 0xff, 0x00, 0xff, 0xff, 0xff, 0x00, 0xff, 0xff, 0xff, 0x00, 0xff, 0xff,
0xff, 0x00, 0xff, 0xff, 0xff, 0x00, 0xff, 0xff, 0xff, 0x00, 0xff, 0xff, 0xff, 0x00, 0xff,
0xff, 0xff, 0x00, 0xff, 0xff, 0xff, 0x00, 0xff, 0xff, 0xff, 0x00, 0xff, 0xff, 0xff, 0x00,
0xff, 0xff, 0xff, 0x00, 0xff, 0xff, 0xff, 0x00, 0xff, 0xff, 0xff, 0x00, 0xff, 0xff, 0xff,
0x00, 0xff, 0xff, 0xff, 0x00, 0xff, 0xff, 0xff, 0x00, 0xff, 0xff, 0xff, 0x00, 0xff, 0xff,
0xff, 0x00, 0xff, 0xff, 0xff, 0x00, 0xff, 0xff, 0xff, 0x00, 0xff, 0xff, 0xff, 0x00, 0xff,
0xff, 0xff, 0x00, 0xff, 0xff, 0xff, 0x00, 0xff, 0xff, 0xff, 0x00, 0xff, 0xff, 0xff, 0x00,
0xff, 0xff, 0xff, 0x00, 0xff, 0xff, 0xff, 0x00, 0xff, 0xff, 0xff, 0x00, 0xff, 0xff, 0xff,
0x00, 0xff, 0xff, 0xff, 0x00, 0xff, 0xff, 0xff, 0x00, 0xff, 0xff, 0xff, 0x00, 0xff, 0xff,
0xff, 0x00, 0xff, 0xff, 0xff, 0x00, 0xff, 0xff, 0xff, 0x00, 0xff, 0xff, 0xff, 0x00, 0xff,
0xff, 0xff, 0x00, 0xff, 0xff, 0xff, 0x00, 0xff, 0xff, 0xff, 0x00, 0xff, 0xff, 0xff, 0x00,
0xff, 0xff, 0xff, 0x00, 0xff, 0xff, 0xff, 0x00, 0xff, 0xff, 0xff, 0x00, 0xff, 0xff, 0xff,
0x00, 0xff, 0xff, 0xff, 0x00, 0xff, 0xff, 0xff, 0x00, 0xff, 0xff, 0xff, 0x00, 0xff, 0xff,
0xff, 0x00, 0xff, 0xff, 0xff, 0x00, 0xff, 0xff, 0xff, 0x00, 0xff, 0xff, 0xff, 0x00, 0xff,
0xff, 0xff, 0x00, 0xff, 0xff, 0xff, 0x00, 0xff, 0xff, 0xff, 0x00, 0xff, 0xff, 0xff, 0x00,
0xff, 0xff, 0xff, 0x00, 0xff, 0xff, 0xff, 0x00, 0xff, 0xff, 0xff, 0x00, 0xff, 0xff, 0xff,
0x00, 0xff, 0xff, 0xff, 0x00, 0xff, 0xff, 0xff, 0x00, 0xff, 0xff, 0xff, 0x00, 0xff, 0xff,
0xff, 0x00, 0xff, 0xff, 0xff, 0x00, 0xff, 0xff, 0xff, 0x00, 0xff, 0xff, 0xff, 0x00, 0xff,
0xff, 0xff, 0x00, 0xff, 0xff, 0xff, 0x00, 0xff, 0xff, 0xff, 0x00, 0xff, 0xff, 0xff, 0x00,
0xff, 0xff, 0xff, 0x00, 0xff, 0xff, 0xff, 0x00, 0xff, 0xff, 0xff, 0x00, 0xff, 0xff, 0xff,
0x00, 0xff, 0xff, 0xff, 0x00, 0xff, 0xff, 0xff, 0x00, 0xff, 0xff, 0xff, 0x00, 0xff, 0xff,
0xff, 0x00, 0xff, 0xff, 0xff, 0x00, 0xff, 0xff, 0xff, 0x00, 0xff, 0xff, 0xff, 0x00, 0xff,
0xff, 0xff, 0x00, 0xff, 0xff, 0xff, 0x00, 0xff, 0xff, 0xff, 0x00, 0xff, 0xff, 0xff, 0x00,
0xff, 0xff, 0xff, 0x00, 0xff, 0xff, 0xff, 0x00, 0xff, 0xff, 0xff, 0x00, 0xff, 0xff, 0xff,
0x00, 0xff, 0xff, 0xff, 0x00, 0xff, 0xff, 0xff, 0x00, 0xff, 0xff, 0xff, 0x00, 0xff, 0xff,
0xff, 0x00, 0xff, 0xff, 0xff, 0x00, 0xff, 0xff, 0xff, 0x00, 0xff, 0xff, 0xff, 0x00, 0xff,
0xff, 0xff, 0x00, 0xff, 0xff, 0xff, 0x00, 0xff, 0xff, 0xff, 0x00, 0xff, 0xff, 0xff, 0x00,
0xff, 0xff, 0xff, 0x00, 0xff, 0xff, 0xff, 0x00, 0xff, 0xff, 0xff, 0x00, 0xff, 0xff, 0xff,
0x00, 0xff, 0xff, 0xff, 0x00, 0xff, 0xff, 0xff, 0x00, 0xff, 0xff, 0xff, 0x00, 0xff, 0xff,
0xff, 0x00, 0xff, 0xff, 0xff, 0x00, 0xff, 0xff, 0xff, 0x00, 0xff, 0xff, 0xff, 0x00, 0xff,
0xff, 0xff, 0x00, 0xff, 0xff, 0xff, 0x00, 0xff, 0xff, 0xff, 0x00, 0xff, 0xff, 0xff, 0x00,
0xff, 0xff, 0xff, 0x00, 0xff, 0xff, 0xff, 0x00, 0xff, 0xff, 0xff, 0x00, 0xff, 0xff, 0xff,
0x00, 0xff, 0xff, 0xff, 0x00, 0xff, 0xff, 0xff, 0x00, 0xff, 0xff, 0xff, 0x00, 0xff, 0xff,
0xff, 0x00, 0xff, 0xff, 0xff, 0x00, 0xff, 0xff, 0xff, 0x00, 0xff, 0xff, 0xff, 0x00, 0xff,
0xff, 0xff, 0x00, 0xff, 0xff, 0xff, 0x00, 0xff, 0xff, 0xff, 0x00, 0xff, 0xff, 0xff, 0x00,
0xff, 0xff, 0xff, 0x00, 0xff, 0xff, 0xff, 0x00, 0xff, 0xff, 0xff, 0x00, 0xff, 0xff, 0xff,
0x00, 0xff, 0xff, 0xff, 0x00, 0xff, 0xff, 0xff, 0x00, 0xff, 0xff, 0xff, 0x00, 0xff, 0xff,
0xff, 0x00, 0xff, 0xff, 0xff, 0x00, 0xff, 0xff, 0xff, 0x00, 0xff, 0xff, 0xff, 0x00, 0xff,
0xff, 0xff, 0x00, 0xff, 0xff, 0xff, 0x00, 0xff, 0xff, 0xff, 0x00, 0xff, 0xff, 0xff, 0x00,
0xff, 0xff, 0xff, 0x00, 0xff, 0xff, 0xff, 0x00, 0xff, 0xff, 0xff, 0x00, 0xff, 0xff, 0xff,
0x00, 0xff, 0xff, 0xff, 0x00, 0xff, 0xff, 0xff, 0x00, 0xff, 0xff, 0xff, 0x00, 0xff, 0xff,
0xff, 0x00, 0xff, 0xff, 0xff, 0x00, 0xff, 0xff, 0xff, 0x00, 0xff, 0xff, 0xff, 0x00, 0xff,
0xff, 0xff, 0x00, 0xff, 0xff, 0xff, 0x00, 0xff, 0xff, 0xff, 0x00, 0xff, 0xff, 0xff, 0x00,
0xff, 0xff, 0xff, 0x00, 0xff, 0xff, 0xff, 0x00, 0xff, 0xff, 0xff, 0x00, 0xff, 0xff, 0xff,
0x00, 0xff, 0xff, 0xff, 0x00, 0xff, 0xff, 0xff, 0x00, 0xff, 0xff, 0xff, 0x00, 0xff, 0xff,
0xff, 0x00, 0xff, 0xff, 0xff, 0x00, 0xff, 0xff, 0xff, 0x00, 0xff, 0xff, 0xff, 0x00, 0xff,
0xff, 0xff, 0x00, 0xff, 0xff, 0xff, 0x00, 0xff, 0xff, 0xff, 0x00, 0xff, 0xff, 0xff, 0x00,
0xff, 0xff, 0xff, 0x00, 0xff, 0xff, 0xff, 0x00, 0xff, 0xff, 0xff, 0x00, 0xff, 0xff, 0xff,
0x00, 0xff, 0xff, 0xff, 0x00, 0xff, 0xff, 0xff, 0x00, 0xff, 0xff, 0xff, 0x00, 0xff, 0xff,
0xff, 0x00, 0xff, 0xff, 0xff, 0x00, 0xff, 0xff, 0xff, 0x00, 0xff, 0xff, 0xff, 0x00, 0xff,
0xff, 0xff, 0x00, 0xff, 0xff, 0xff, 0x00, 0xff, 0xff, 0xff, 0x00, 0xff, 0xff, 0xff, 0x00,
0xff, 0xff, 0xff, 0x00, 0xff, 0xff, 0xff, 0x00, 0xff, 0xff, 0xff, 0x00, 0xff, 0xff, 0xff,
0x00, 0xff, 0xff, 0xff, 0x00, 0xff, 0xff, 0xff, 0x00, 0xff, 0xff, 0xff, 0x00, 0xff, 0xff,
0xff, 0x00, 0xff, 0xff, 0xff, 0x00, 0xff, 0xff, 0xff, 0x00, 0xff, 0xff, 0xff, 0x00, 0xff,
0xff, 0xff, 0x00, 0xff, 0xff, 0xff, 0x00, 0xff, 0xff, 0xff, 0x00, 0xff, 0xff, 0xff, 0x00,
0xff, 0xff, 0xff, 0x00, 0xff, 0xff, 0xff, 0x00, 0xff, 0xff, 0xff, 0x00, 0xff, 0xff, 0xff,
0x00, 0xff, 0xff, 0xff, 0x00, 0xff, 0xff, 0xff, 0x00, 0xff, 0xff, 0xff, 0x00, 0xff, 0xff,
0xff, 0x00, 0xff, 0xff, 0xff, 0x00, 0xff, 0xff, 0xff, 0x00, 0xff, 0xff, 0xff, 0x00, 0xff,
0xff, 0xff, 0x00, 0xff, 0xff, 0xff, 0x00, 0xff, 0xff, 0xff, 0x00, 0xff, 0xff, 0xff, 0x00,
0xff, 0xff, 0xff, 0x00, 0xff, 0xff, 0xff, 0x00, 0xff, 0xff, 0xff, 0x00, 0xff, 0xff, 0xff,
0x00, 0xff, 0xff, 0xff, 0x00, 0xff, 0xff, 0xff, 0x00, 0xff, 0xff, 0xff, 0x00, 0xff, 0xff,
0xff, 0x00, 0xff, 0xff, 0xff, 0x00, 0xff, 0xff, 0xff, 0x00, 0xff, 0xff, 0xff, 0x00, 0xff,
0xff, 0xff, 0x00, 0xff, 0xff, 0xff, 0x00, 0xff, 0xff, 0xff, 0x00, 0xff, 0xff, 0xff, 0x00,
0xff, 0xff, 0xff, 0x00, 0xff, 0xff, 0xff, 0x00, 0xff, 0xff, 0xff, 0x00, 0xff, 0xff, 0xff,
0x00, 0xff, 0xff, 0xff, 0x00, 0xff, 0xff, 0xff, 0x00, 0xff, 0xff, 0xff, 0x00, 0xff, 0xff,
0xff, 0x00, 0xff, 0xff, 0xff, 0x00, 0xff, 0xff, 0xff, 0x00, 0xff, 0xff, 0xff, 0x00, 0xff,
0xff, 0xff, 0x00, 0xff, 0xff, 0xff, 0x00, 0xff, 0xff, 0xff, 0x00, 0xff, 0xff, 0xff, 0x00,
0xff, 0xff, 0xff, 0x00, 0xff, 0xff, 0xff, 0x00, 0xff, 0xff, 0xff, 0x00, 0xff, 0xff, 0xff,
0x00, 0xff, 0xff, 0xff, 0x00, 0xff, 0xff, 0xff, 0x00, 0xff, 0xff, 0xff, 0x00, 0xff, 0xff,
0xff, 0x00, 0xff, 0xff, 0xff, 0x00, 0xff, 0xff, 0xff, 0x00, 0xff, 0xff, 0xff, 0x00, 0xff,
0xff, 0xff, 0x00, 0xff, 0xff, 0xff, 0x00, 0xff, 0xff, 0xff, 0x00, 0xff, 0xff, 0xff, 0x00,
0xff, 0xff, 0xff, 0x00, 0xff, 0xff, 0xff, 0x00, 0xff, 0xff, 0xff, 0x00, 0xff, 0xff, 0xff,
0x00, 0xff, 0xff, 0xff, 0x00, 0xff, 0xff, 0xff, 0x00, 0xff, 0xff, 0xff, 0x00, 0xff, 0xff,
0xff, 0x00, 0xff, 0xff, 0xff, 0x00, 0xff, 0xff, 0xff, 0x00, 0xff, 0xff, 0xff, 0x00, 0xff,
0xff, 0xff, 0x00, 0xff, 0xff, 0xff, 0x00, 0xff, 0xff, 0xff, 0x00, 0xff, 0xff, 0xff, 0x00,
0xff, 0xff, 0xff, 0x00, 0xff, 0xff, 0xff, 0x00, 0xff, 0xff, 0xff, 0x00, 0xff, 0xff, 0xff,
0x00, 0xff, 0xff, 0xff, 0x00, 0xff, 0xff, 0xff, 0x00, 0xff, 0xff, 0xff, 0x00, 0xff, 0xff,
0xff, 0x00, 0xff, 0xff, 0xff, 0x00, 0xff, 0xff, 0xff, 0x00, 0xff, 0xff, 0xff, 0x00, 0xff,
0xff, 0xff, 0x00, 0xff, 0xff, 0xff, 0x00, 0xff, 0xff, 0xff, 0x00, 0xff, 0xff, 0xff, 0x00,
0xff, 0xff, 0xff, 0x00, 0xff, 0xff, 0xff, 0x00, 0xff, 0xff, 0xff, 0x00, 0xff, 0xff, 0xff,
0x00, 0xff, 0xff, 0xff, 0x00, 0xff, 0xff, 0xff, 0x00, 0xff, 0xff, 0xff, 0x00, 0xff, 0xff,
0xff, 0x00, 0xff, 0xff, 0xff, 0x00, 0xff, 0xff, 0xff, 0x00, 0xff, 0xff, 0xff, 0x00, 0xff,
0xff, 0xff, 0x00, 0xff, 0xff, 0xff, 0x00, 0xff, 0xff, 0xff, 0x00, 0xff, 0xff, 0xff, 0x00,
0xff, 0xff, 0xff, 0x00, 0xff, 0xff, 0xff, 0x00, 0xff, 0xff, 0xff, 0x00, 0xff, 0xff, 0xff,
0x00, 0xff, 0xff, 0xff, 0x00, 0xff, 0xff, 0xff, 0x00, 0xff, 0xff, 0xff, 0x00, 0xff, 0xff,
0xff, 0x00, 0xff, 0xff, 0xff, 0x00, 0xff, 0xff, 0xff, 0x00, 0xff, 0xff, 0xff, 0x00, 0xff,
0xff, 0xff, 0x00, 0xff, 0xff, 0xff, 0x00, 0xff, 0xff, 0xff, 0x00, 0xff, 0xff, 0xff, 0x00,
0xff, 0xff, 0xff, 0x00, 0xff, 0xff, 0xff, 0x00, 0xff, 0xff, 0xff, 0x00, 0xff, 0xff, 0xff,
0x00, 0xff, 0xff, 0xff, 0x00, 0xff, 0xff, 0xff, 0x00, 0xff, 0xff, 0xff, 0x00, 0xff, 0xff,
0xff, 0x00, 0xff, 0xff, 0xff, 0x00, 0xff, 0xff, 0xff, 0x00, 0xff, 0xff, 0xff, 0x00, 0xff,
0xff, 0xff, 0x00, 0xff, 0xff, 0xff, 0x00, 0xff, 0xff, 0xff, 0x00, 0xff, 0xff, 0xff, 0x00,
0xff, 0xff, 0xff, 0x00, 0xff, 0xff, 0xff, 0x00, 0xff, 0xff, 0xff, 0x00, 0xff, 0xff, 0xff,
0x00, 0xff, 0xff, 0xff, 0x00, 0xff, 0xff, 0xff, 0x00, 0xff, 0xff, 0xff, 0x00, 0xff, 0xff,
0xff, 0x00, 0xff, 0xff, 0xff, 0x00, 0xff, 0xff, 0xff, 0x00, 0xff, 0xff, 0xff, 0x00, 0xff,
0xff, 0xff, 0x00, 0xff, 0xff, 0xff, 0x00, 0xff, 0xff, 0xff, 0x00, 0xff, 0xff, 0xff, 0x00,
0xff, 0xff, 0xff, 0x00, 0xff, 0xff, 0xff, 0x00, 0xff, 0xff, 0xff, 0x00, 0xff, 0xff, 0xff,
0x00, 0xff, 0xff, 0xff, 0x00, 0xff, 0xff, 0xff, 0x00, 0xff, 0xff, 0xff, 0x00, 0xff, 0xff,
0xff, 0x00, 0xff, 0xff, 0xff, 0x00, 0xff, 0xff, 0xff, 0x00, 0xff, 0xff, 0xff, 0x00, 0xff,
0xff, 0xff, 0x00, 0xff, 0xff, 0xff, 0x00, 0xff, 0xff, 0xff, 0x00, 0xff, 0xff, 0xff, 0x00,
0xff, 0xff, 0xff, 0x00, 0xff, 0xff, 0xff, 0x00, 0xff, 0xff, 0xff, 0x00, 0xff, 0xff, 0xff,
0x00, 0xff, 0xff, 0xff, 0x00, 0xff, 0xff, 0xff, 0x00, 0xff, 0xff, 0xff, 0x00, 0xff, 0xff,
0xff, 0x00, 0xff, 0xff, 0xff, 0x00, 0xff, 0xff, 0xff, 0x00, 0xff, 0xff, 0xff, 0x00, 0xff,
0xff, 0xff, 0x00, 0xff, 0xff, 0xff, 0x00, 0xff, 0xff, 0xff, 0x00, 0xff, 0xff, 0xff, 0x00,
0xff, 0xff, 0xff, 0x00, 0xff, 0xff, 0xff, 0x00, 0xff, 0xff, 0xff, 0x00, 0xff, 0xff, 0xff,
0x00, 0xff, 0xff, 0xff, 0x00, 0xff, 0xff, 0xff, 0x00, 0xff, 0xff, 0xff, 0x00, 0xff, 0xff,
0xff, 0x00, 0xff, 0xff, 0xff, 0x00, 0xff, 0xff, 0xff, 0x00, 0xff, 0xff, 0xff, 0x00, 0xff,
0xff, 0xff, 0x00, 0xff, 0xff, 0xff, 0x00, 0xff, 0xff, 0xff, 0x00, 0xff, 0xff, 0xff, 0x00,
0xff, 0xff, 0xff, 0x00, 0xff, 0xff, 0xff, 0x00, 0xff, 0xff, 0xff, 0x00, 0xff, 0xff, 0xff,
0x00, 0xff, 0xff, 0xff, 0x00, 0xff, 0xff, 0xff, 0x00, 0xff, 0xff, 0xff, 0x00, 0xff, 0xff,
0xff, 0x00, 0xff, 0xff, 0xff, 0x00, 0xff, 0xff, 0xff, 0x00, 0xff, 0xff, 0xff, 0x00, 0xff,
0xff, 0xff, 0x00, 0xff, 0xff, 0xff, 0x00, 0xff, 0xff, 0xff, 0x00, 0xff, 0xff, 0xff, 0x00,
0xff, 0xff, 0xff, 0x00, 0xff, 0xff, 0xff, 0x00, 0xff, 0xff, 0xff, 0x00, 0xff, 0xff, 0xff,
0x00, 0xff, 0xff, 0xff, 0x00, 0xff, 0xff, 0xff, 0x00, 0xff, 0xff, 0xff, 0x00, 0xff, 0xff,
0xff, 0x00, 0xff, 0xff, 0xff, 0x00, 0xff, 0xff, 0xff, 0x00, 0xff, 0xff, 0xff, 0x00, 0xff,
0xff, 0xff, 0x00, 0xff, 0xff, 0xff, 0x00, 0xff, 0xff, 0xff, 0x00, 0xff, 0xff, 0xff, 0x00,
0xff, 0xff, 0xff, 0x00, 0xff, 0xff, 0xff, 0x00, 0xff, 0xff, 0xff, 0x00, 0xff, 0xff, 0xff,
0x00, 0xff, 0xff, 0xff, 0x00, 0xff, 0xff, 0xff, 0x00, 0xff, 0xff, 0xff, 0x00, 0xff, 0xff,
0xff, 0x00, 0xff, 0xff, 0xff, 0x00, 0xff, 0xff, 0xff, 0x00, 0xff, 0xff, 0xff, 0x00, 0xff,
0xff, 0xff, 0x00, 0xff, 0xff, 0xff, 0x00, 0xff, 0xff, 0xff, 0x00, 0xff, 0xff, 0xff, 0x00,
0xff, 0xff, 0xff, 0x00, 0xff, 0xff, 0xff, 0x00, 0xff, 0xff, 0xff, 0x00, 0xff, 0xff, 0xff,
0x00, 0xff, 0xff, 0xff, 0x00, 0xff, 0xff, 0xff, 0x00, 0xff, 0xff, 0xff, 0x00, 0xff, 0xff,
0xff, 0x00, 0xff, 0xff, 0xff, 0x00, 0xff, 0xff, 0xff, 0x00, 0xff, 0xff, 0xff, 0x00, 0xff,
0xff, 0xff, 0x00, 0xff, 0xff, 0xff, 0x00, 0xff, 0xff, 0xff, 0x00, 0xff, 0xff, 0xff, 0x00,
0xff, 0xff, 0xff, 0x00, 0xff, 0xff, 0xff, 0x00, 0xff, 0xff, 0xff, 0x00, 0xff, 0xff, 0xff,
0x00, 0xff, 0xff, 0xff, 0x00, 0xff, 0xff, 0xff, 0x00, 0xff, 0xff, 0xff, 0x00, 0xff, 0xff,
0xff, 0x00, 0xff, 0xff, 0xff, 0x00, 0xff, 0xff, 0xff, 0x00, 0xff, 0xff, 0xff, 0x00, 0xff,
0xff, 0xff, 0x00, 0xff, 0xff, 0xff, 0x00, 0xff, 0xff, 0xff, 0x00, 0xff, 0xff, 0xff, 0x00,
0xff, 0xff, 0xff, 0x00, 0xff, 0xff, 0xff, 0x00, 0xff, 0xff, 0xff, 0x00, 0xff, 0xff, 0xff,
0x00, 0xff, 0xff, 0xff, 0x00, 0xff, 0xff, 0xff, 0x00, 0xff, 0xff, 0xff, 0x00, 0xff, 0xff,
0xff, 0x00, 0xff, 0xff, 0xff, 0x00, 0xff, 0xff, 0xff, 0x00, 0xff, 0xff, 0xff, 0x00, 0xff,
0xff, 0xff, 0x00, 0xff, 0xff, 0xff, 0x00, 0xff, 0xff, 0xff, 0x00, 0xff, 0xff, 0xff, 0x00,
0xff, 0xff, 0xff, 0x00, 0xff, 0xff, 0xff, 0x00, 0xff, 0xff, 0xff, 0x00, 0xff, 0xff, 0xff,
0x00, 0xff, 0xff, 0xff, 0x00, 0xff, 0xff, 0xff, 0x00, 0xff, 0xff, 0xff, 0x00, 0xff, 0xff,
0xff, 0x00, 0xff, 0xff, 0xff, 0x00, 0xff, 0xff, 0xff, 0x00, 0xff, 0xff, 0xff, 0x00, 0xff,
0xff, 0xff, 0x00, 0xff, 0xff, 0xff, 0x00, 0xff, 0xff, 0xff, 0x00, 0xff, 0xff, 0xff, 0x00,
0xff, 0xff, 0xff, 0x00, 0xff, 0xff, 0xff, 0x00, 0xff, 0xff, 0xff, 0x00, 0xff, 0xff, 0xff,
0x00, 0xff, 0xff, 0xff, 0x00, 0xff, 0xff, 0xff, 0x00, 0xff, 0xff, 0xff, 0x00, 0xff, 0xff,
0xff, 0x00, 0xff, 0xff, 0xff, 0x00, 0xff, 0xff, 0xff, 0x00, 0xff, 0xff, 0xff, 0x00, 0xff,
0xff, 0xff, 0x00, 0xff, 0xff, 0xff, 0x00, 0xff, 0xff, 0xff, 0x00, 0xff, 0xff, 0xff, 0x00,
0xff, 0xff, 0xff, 0x00, 0xff, 0xff, 0xff, 0x00, 0xff, 0xff, 0xff, 0x00, 0xff, 0xff, 0xff,
0x00, 0xff, 0xff, 0xff, 0x00, 0xff, 0xff, 0xff, 0x00, 0xff, 0xff, 0xff, 0x00, 0xff, 0xff,
0xff, 0x00, 0xff, 0xff, 0xff, 0x00, 0xff, 0xff, 0xff, 0x00, 0xff, 0xff, 0xff, 0x00, 0xff,
0xff, 0xff, 0x00, 0xff, 0xff, 0xff, 0x00, 0xff, 0xff, 0xff, 0x00, 0xff, 0xff, 0xff, 0x00,
0xff, 0xff, 0xff, 0x00, 0xff, 0xff, 0xff, 0x00, 0xff, 0xff, 0xff, 0x00, 0xff, 0xff, 0xff,
0x00, 0xff, 0xff, 0xff, 0x00, 0xff, 0xff, 0xff, 0x00, 0xff, 0xff, 0xff, 0x00, 0xff, 0xff,
0xff, 0x00, 0xff, 0xff, 0xff, 0x00, 0xff, 0xff, 0xff, 0x00, 0xff, 0xff, 0xff, 0x00, 0xff,
0xff, 0xff, 0x00, 0xff, 0xff, 0xff, 0x00, 0xff, 0xff, 0xff, 0x00, 0xff, 0xff, 0xff, 0x00,
0xff, 0xff, 0xff, 0x00, 0xff, 0xff, 0xff, 0x00, 0xff, 0xff, 0xff, 0x00, 0xff, 0xff, 0xff,
0x00, 0xff, 0xff, 0xff, 0x00, 0xff, 0xff, 0xff, 0x00, 0xff, 0xff, 0xff, 0x00, 0xff, 0xff,
0xff, 0x00, 0xff, 0xff, 0xff, 0x00, 0xff, 0xff, 0xff, 0x00, 0xff, 0xff, 0xff, 0x00, 0xff,
0xff, 0xff, 0x00, 0xff, 0xff, 0xff, 0x00, 0xff, 0xff, 0xff, 0x00, 0xff, 0xff, 0xff, 0x00,
0xff, 0xff, 0xff, 0x00, 0xff, 0xff, 0xff, 0x00, 0xff, 0xff, 0xff, 0x00, 0xff, 0xff, 0xff,
0x00, 0xff, 0xff, 0xff, 0x00, 0xff, 0xff, 0xff, 0x00, 0xff, 0xff, 0xff, 0x00, 0xff, 0xff,
0xff, 0x00, 0xff, 0xff, 0xff, 0x00, 0xff, 0xff, 0xff, 0x00, 0xff, 0xff, 0xff, 0x00, 0xff,
0xff, 0xff, 0x00, 0xff, 0xff, 0xff, 0x00, 0xff, 0xff, 0xff, 0x00, 0xff, 0xff, 0xff, 0x00,
0xff, 0xff, 0xff, 0x00, 0xff, 0xff, 0xff, 0x00, 0xff, 0xff, 0xff, 0x00, 0xff, 0xff, 0xff,
0x00, 0xff, 0xff, 0xff, 0x00, 0xff, 0xff, 0xff, 0x00, 0xff, 0xff, 0xff, 0x00, 0xff, 0xff,
0xff, 0x00, 0xff, 0xff, 0xff, 0x00, 0xff, 0xff, 0xff, 0x00, 0xff, 0xff, 0xff, 0x00, 0xff,
0xff, 0xff, 0x00, 0xff, 0xff, 0xff, 0x00, 0xff, 0xff, 0xff, 0x00, 0xff, 0xff, 0xff, 0x00,
0xff, 0xff, 0xff, 0x00, 0xff, 0xff, 0xff, 0x00, 0xff, 0xff, 0xff, 0x00, 0xff, 0xff, 0xff,
0x00, 0xff, 0xff, 0xff, 0x00, 0xff, 0xff, 0xff, 0x00, 0xff, 0xff, 0xff, 0x00, 0xff, 0xff,
0xff, 0x00, 0xff, 0xff, 0xff, 0x00, 0xff, 0xff, 0xff, 0x00, 0xff, 0xff, 0xff, 0x00, 0xff,
0xff, 0xff, 0x00, 0xff, 0xff, 0xff, 0x00, 0xff, 0xff, 0xff, 0x00, 0xff, 0xff, 0xff, 0x00,
0xff, 0xff, 0xff, 0x00, 0xff, 0xff, 0xff, 0x00, 0xff, 0xff, 0xff, 0x00, 0xff, 0xff, 0xff,
0x00, 0xff, 0xff, 0xff, 0x00, 0xff, 0xff, 0xff, 0x00, 0xff, 0xff, 0xff, 0x00, 0xff, 0xff,
0xff, 0x00, 0xff, 0xff, 0xff, 0x00, 0xff, 0xff, 0xff, 0x00, 0xff, 0xff, 0xff, 0x00, 0xff,
0xff, 0xff, 0x00, 0xff, 0xff, 0xff, 0x00, 0xff, 0xff, 0xff, 0x00, 0xff, 0xff, 0xff, 0x00,
0xff, 0xff, 0xff, 0x00, 0xff, 0xff, 0xff, 0x00, 0xff, 0xff, 0xff, 0x00, 0xff, 0xff, 0xff,
0x00, 0xff, 0xff, 0xff, 0x00, 0xff, 0xff, 0xff, 0x00, 0xff, 0xff, 0xff, 0x00, 0xff, 0xff,
0xff, 0x00, 0xff, 0xff, 0xff, 0x00, 0xff, 0xff, 0xff, 0x00, 0xff, 0xff, 0xff, 0x00, 0xff,
0xff, 0xff, 0x00, 0xff, 0xff, 0xff, 0x00, 0xff, 0xff, 0xff, 0x00, 0xff, 0xff, 0xff, 0x00,
0xff, 0xff, 0xff, 0x00, 0xff, 0xff, 0xff, 0x00, 0xff, 0xff, 0xff, 0x00, 0xff, 0xff, 0xff,
0x00, 0xff, 0xff, 0xff, 0x00, 0xff, 0xff, 0xff, 0x00, 0xff, 0xff, 0xff, 0x00, 0xff, 0xff,
0xff, 0x00, 0xff, 0xff, 0xff, 0x00, 0xff, 0xff, 0xff, 0x00, 0xff, 0xff, 0xff, 0x00, 0xff,
0xff, 0xff, 0x00, 0xff, 0xff, 0xff, 0x00, 0xff, 0xff, 0xff, 0x00, 0xff, 0xff, 0xff, 0x00,
0xff, 0xff, 0xff, 0x00, 0xff, 0xff, 0xff, 0x00, 0xff, 0xff, 0xff, 0x00, 0xff, 0xff, 0xff,
0x00, 0xff, 0xff, 0xff, 0x00, 0xff, 0xff, 0xff, 0x00, 0xff, 0xff, 0xff, 0x00, 0xff, 0xff,
0xff, 0x00, 0xff, 0xff, 0xff, 0x00, 0xff, 0xff, 0xff, 0x00, 0xff, 0xff, 0xff, 0x00, 0xff,
0xff, 0xff, 0x00, 0xff, 0xff, 0xff, 0x00, 0xff, 0xff, 0xff, 0x00, 0xff, 0xff, 0xff, 0x00,
0xff, 0xff, 0xff, 0x00, 0xff, 0xff, 0xff, 0x00, 0xff, 0xff, 0xff, 0x00, 0xff, 0xff, 0xff,
0x00, 0xff, 0xff, 0xff, 0x00, 0xff, 0xff, 0xff, 0x00, 0xff, 0xff, 0xff, 0x00, 0xff, 0xff,
0xff, 0x00, 0xff, 0xff, 0xff, 0x00, 0xff, 0xff, 0xff, 0x00, 0xff, 0xff, 0xff, 0x00, 0xff,
0xff, 0xff, 0x00, 0xff, 0xff, 0xff, 0x00, 0xff, 0xff, 0xff, 0x00, 0xff, 0xff, 0xff, 0x00,
0xff, 0xff, 0xff, 0x00, 0xff, 0xff, 0xff, 0x00, 0xff, 0xff, 0xff, 0x00, 0xff, 0xff, 0xff,
0x00, 0xff, 0xff, 0xff, 0x00, 0xff, 0xff, 0xff, 0x00, 0xff, 0xff, 0xff, 0x00, 0xff, 0xff,
0xff, 0x00, 0xff, 0xff, 0xff, 0x00, 0xff, 0xff, 0xff, 0x00, 0xff, 0xff, 0xff, 0x00, 0xff,
0xff, 0xff, 0x00, 0xff, 0xff, 0xff, 0x00, 0xff, 0xff, 0xff, 0x00, 0xff, 0xff, 0xff, 0x00,
0xff, 0xff, 0xff, 0x00, 0xff, 0xff, 0xff, 0x00, 0xff, 0xff, 0xff, 0x00, 0xff, 0xff, 0xff,
0x00, 0xff, 0xff, 0xff, 0x00, 0xff, 0xff, 0xff, 0x00, 0xff, 0xff, 0xff, 0x00, 0xff, 0xff,
0xff, 0x00, 0xff, 0xff, 0xff, 0x00, 0xff, 0xff, 0xff, 0x00, 0xff, 0xff, 0xff, 0x00, 0xff,
0xff, 0xff, 0x00, 0xff, 0xff, 0xff, 0x00, 0xff, 0xff, 0xff, 0x00, 0xff, 0xff, 0xff, 0x00,
0xff, 0xff, 0xff, 0x00, 0xff, 0xff, 0xff, 0x00, 0xff, 0xff, 0xff, 0x00, 0xff, 0xff, 0xff,
0x00, 0xff, 0xff, 0xff, 0x00, 0xff, 0xff, 0xff, 0x00, 0xff, 0xff, 0xff, 0x00, 0xff, 0xff,
0xff, 0x00, 0xff, 0xff, 0xff, 0x00, 0xff, 0xff, 0xff, 0x00, 0xff, 0xff, 0xff, 0x00, 0xff,
0xff, 0xff, 0x00, 0xff, 0xff, 0xff, 0x00, 0xff, 0xff, 0xff, 0x00, 0xff, 0xff, 0xff, 0x00,
0xff, 0xff, 0xff, 0x00, 0xff, 0xff, 0xff, 0x00, 0xff, 0xff, 0xff, 0x00, 0xff, 0xff, 0xff,
0x00, 0xff, 0xff, 0xff, 0x00, 0xff, 0xff, 0xff, 0x00, 0xff, 0xff, 0xff, 0x00, 0xff, 0xff,
0xff, 0x00, 0xff, 0xff, 0xff, 0x00, 0xff, 0xff, 0xff, 0x00, 0xff, 0xff, 0xff, 0x00, 0xff,
0xff, 0xff, 0x00, 0xff, 0xff, 0xff, 0x00, 0xff, 0xff, 0xff, 0x00, 0xff, 0xff, 0xff, 0x00,
0xff, 0xff, 0xff, 0x00, 0xff, 0xff, 0xff, 0x00, 0xff, 0xff, 0xff, 0x00, 0xff, 0xff, 0xff,
0x00, 0xff, 0xff, 0xff, 0x00, 0xff, 0xff, 0xff, 0x00, 0xff, 0xff, 0xff, 0x00, 0xff, 0xff,
0xff, 0x00, 0xff, 0xff, 0xff, 0x00, 0xff, 0xff, 0xff, 0x00, 0xff, 0xff, 0xff, 0x00, 0xff,
0xff, 0xff, 0x00, 0xff, 0xff, 0xff, 0x00, 0xff, 0xff, 0xff, 0x00, 0xff, 0xff, 0xff, 0x00,
0xff, 0xff, 0xff, 0x00, 0xff, 0xff, 0xff, 0x00, 0xff, 0xff, 0xff, 0x00, 0xff, 0xff, 0xff,
0x00, 0xff, 0xff, 0xff, 0x00, 0xff, 0xff, 0xff, 0x00, 0xff, 0xff, 0xff, 0x00, 0xff, 0xff,
0xff, 0x00, 0xff, 0xff, 0xff, 0x00, 0xff, 0xff, 0xff, 0x00, 0xff, 0xff, 0xff, 0x00, 0xff,
0xff, 0xff, 0x00, 0xff, 0xff, 0xff, 0x00, 0xff, 0xff, 0xff, 0x00, 0xff, 0xff, 0xff, 0x00,
0xff, 0xff, 0xff, 0x00, 0xff, 0xff, 0xff, 0x00, 0xff, 0xff, 0xff, 0x00, 0xff, 0xff, 0xff,
0x00, 0xff, 0xff, 0xff, 0x00, 0xff, 0xff, 0xff, 0x00, 0xff, 0xff, 0xff, 0x00, 0xff, 0xff,
0xff, 0x00, 0xff, 0xff, 0xff, 0x00, 0xff, 0xff, 0xff, 0x00, 0xff, 0xff, 0xff, 0x00, 0xff,
0xff, 0xff, 0x00, 0xff, 0xff, 0xff, 0x00, 0xff, 0xff, 0xff, 0x00, 0xff, 0xff, 0xff, 0x00,
0xff, 0xff, 0xff, 0x00, 0xff, 0xff, 0xff, 0x00, 0xff, 0xff, 0xff, 0x00, 0xff, 0xff, 0xff,
0x00, 0xff, 0xff, 0xff, 0x00, 0xff, 0xff, 0xff, 0x00, 0xff, 0xff, 0xff, 0x00, 0xff, 0xff,
0xff, 0x00, 0xff, 0xff, 0xff, 0x00, 0xff, 0xff, 0xff, 0x00, 0xff, 0xff, 0xff, 0x00, 0xff,
0xff, 0xff, 0x00, 0xff, 0xff, 0xff, 0x00, 0xff, 0xff, 0xff, 0x00, 0xff, 0xff, 0xff, 0x00,
0xff, 0xff, 0xff, 0x00, 0xff, 0xff, 0xff, 0x00, 0xff, 0xff, 0xff, 0x00, 0xff, 0xff, 0xff,
0x00, 0xff, 0xff, 0xff, 0x00, 0xff, 0xff, 0xff, 0x00, 0xff, 0xff, 0xff, 0x00, 0xff, 0xff,
0xff, 0x00, 0xff, 0xff, 0xff, 0x00, 0xff, 0xff, 0xff, 0x00, 0xff, 0xff, 0xff, 0x00, 0xff,
0xff, 0xff, 0x00, 0xff, 0xff, 0xff, 0x00, 0xff, 0xff, 0xff, 0x00, 0xff, 0xff, 0xff, 0x00,
0xff, 0xff, 0xff, 0x00, 0xff, 0xff, 0xff, 0x00, 0xff, 0xff, 0xff, 0x00, 0xff, 0xff, 0xff,
0x00, 0xff, 0xff, 0xff, 0x00, 0xff, 0xff, 0xff, 0x00, 0xff, 0xff, 0xff, 0x00, 0xff, 0xff,
0xff, 0x00, 0xff, 0xff, 0xff, 0x00, 0xff, 0xff, 0xff, 0x00, 0xff, 0xff, 0xff, 0x00, 0xff,
0xff, 0xff, 0x00, 0xff, 0xff, 0xff, 0x00, 0xff, 0xff, 0xff, 0x00, 0xff, 0xff, 0xff, 0x00,
0xff, 0xff, 0xff, 0x00, 0xff, 0xff, 0xff, 0x00, 0xff, 0xff, 0xff, 0x00, 0xff, 0xff, 0xff,
0x00, 0xff, 0xff, 0xff, 0x00, 0xff, 0xff, 0xff, 0x00, 0xff, 0xff, 0xff, 0x00, 0xff, 0xff,
0xff, 0x00, 0xff, 0xff, 0xff, 0x00, 0xff, 0xff, 0xff, 0x00, 0xff, 0xff, 0xff, 0x00, 0xff,
0xff, 0xff, 0x00, 0xff, 0xff, 0xff, 0x00, 0xff, 0xff, 0xff, 0x00, 0xff, 0xff, 0xff, 0x00,
0xff, 0xff, 0xff, 0x00, 0xff, 0xff, 0xff, 0x00, 0xff, 0xff, 0xff, 0x00, 0xff, 0xff, 0xff,
0x00, 0xff, 0xff, 0xff, 0x00, 0xff, 0xff, 0xff, 0x00, 0xff, 0xff, 0xff, 0x00, 0xff, 0xff,
0xff, 0x00, 0xff, 0xff, 0xff, 0x00, 0xff, 0xff, 0xff, 0x00, 0xff, 0xff, 0xff, 0x00, 0xff,
0xff, 0xff, 0x00, 0xff, 0xff, 0xff, 0x00, 0xff, 0xff, 0xff, 0x00, 0xff, 0xff, 0xff, 0x00,
0xff, 0xff, 0xff, 0x00, 0xff, 0xff, 0xff, 0x00, 0xff, 0xff, 0xff, 0x00, 0xff, 0xff, 0xff,
0x00, 0xff, 0xff, 0xff, 0x00, 0xff, 0xff, 0xff, 0x00, 0xff, 0xff, 0xff, 0x00, 0xff, 0xff,
0xff, 0x00, 0xff, 0xff, 0xff, 0x00, 0xff, 0xff, 0xff, 0x00, 0xff, 0xff, 0xff, 0x00, 0xff,
0xff, 0xff, 0x00, 0xff, 0xff, 0xff, 0x00, 0xff, 0xff, 0xff, 0x00, 0xff, 0xff, 0xff, 0x00,
0xff, 0xff, 0xff, 0x00, 0xff, 0xff, 0xff, 0x00, 0xff, 0xff, 0xff, 0x00, 0xff, 0xff, 0xff,
0x00, 0xff, 0xff, 0xff, 0x00, 0xff, 0xff, 0xff, 0x00, 0xff, 0xff, 0xff, 0x00, 0xff, 0xff,
0xff, 0x00, 0xff, 0xff, 0xff, 0x00, 0xff, 0xff, 0xff, 0x00, 0xff, 0xff, 0xff, 0x00, 0xff,
0xff, 0xff, 0x00, 0xff, 0xff, 0xff, 0x00, 0xff, 0xff, 0xff, 0x00, 0xff, 0xff, 0xff, 0x00,
0xff, 0xff, 0xff, 0x00, 0xff, 0xff, 0xff, 0x00, 0xff, 0xff, 0xff, 0x00, 0xff, 0xff, 0xff,
0x00, 0xff, 0xff, 0xff, 0x00, 0xff, 0xff, 0xff, 0x00, 0xff, 0xff, 0xff, 0x00, 0xff, 0xff,
0xff, 0x00, 0xff, 0xff, 0xff, 0x00, 0xff, 0xff, 0xff, 0x00, 0xff, 0xff, 0xff, 0x00, 0xff,
0xff, 0xff, 0x00, 0xff, 0xff, 0xff, 0x00, 0xff, 0xff, 0xff, 0x00, 0xff, 0xff, 0xff, 0x00,
0xff, 0xff, 0xff, 0x00, 0xff, 0xff, 0xff, 0x00, 0xff, 0xff, 0xff, 0x00, 0xff, 0xff, 0xff,
0x00, 0xff, 0xff, 0xff, 0x00, 0xff, 0xff, 0xff, 0x00, 0xff, 0xff, 0xff, 0x00, 0xff, 0xff,
0xff, 0x00, 0xff, 0xff, 0xff, 0x00, 0xff, 0xff, 0xff, 0x00, 0xff, 0xff, 0xff, 0x00, 0xff,
0xff, 0xff, 0x00, 0xff, 0xff, 0xff, 0x00, 0xff, 0xff, 0xff, 0x00, 0xff, 0xff, 0xff, 0x00,
0xff, 0xff, 0xff, 0x00, 0xff, 0xff, 0xff, 0x00, 0xff, 0xff, 0xff, 0x00, 0xff, 0xff, 0xff,
0x00, 0xff, 0xff, 0xff, 0x00, 0xff, 0xff, 0xff, 0x00, 0xff, 0xff, 0xff, 0x00, 0xff, 0xff,
0xff, 0x00, 0xff, 0xff, 0xff, 0x00, 0xff, 0xff, 0xff, 0x00, 0xff, 0xff, 0xff, 0x00, 0xff,
0xff, 0xff, 0x00, 0xff, 0xff, 0xff, 0x00, 0xff, 0xff, 0xff, 0x00, 0xff, 0xff, 0xff, 0x00,
0xff, 0xff, 0xff, 0x00, 0xff, 0xff, 0xff, 0x00, 0xff, 0xff, 0xff, 0x00, 0xff, 0xff, 0xff,
0x00, 0xff, 0xff, 0xff, 0x00, 0xff, 0xff, 0xff, 0x00, 0xff, 0xff, 0xff, 0x00, 0xff, 0xff,
0xff, 0x00, 0xff, 0xff, 0xff, 0x00, 0xff, 0xff, 0xff, 0x00, 0xff, 0xff, 0xff, 0x00, 0xff,
0xff, 0xff, 0x00, 0xff, 0xff, 0xff, 0x00, 0xff, 0xff, 0xff, 0x00, 0xff, 0xff, 0xff, 0x00,
0xff, 0xff, 0xff, 0x00, 0xff, 0xff, 0xff, 0x00, 0xff, 0xff, 0xff, 0x00, 0xff, 0xff, 0xff,
0x00, 0xff, 0xff, 0xff, 0x00, 0xff, 0xff, 0xff, 0x00, 0xff, 0xff, 0xff, 0x00, 0xff, 0xff,
0xff, 0x00, 0xff, 0xff, 0xff, 0x00, 0xff, 0xff, 0xff, 0x00, 0xff, 0xff, 0xff, 0x00, 0xff,
0xff, 0xff, 0x00, 0xff, 0xff, 0xff, 0x00, 0xff, 0xff, 0xff, 0x00, 0xff, 0xff, 0xff, 0x00,
0xff, 0xff, 0xff, 0x00, 0xff, 0xff, 0xff, 0x00, 0xff, 0xff, 0xff, 0x00, 0xff, 0xff, 0xff,
0x00
};

const int b_02_argb8888_length = 65536;

#endif    // B_02_ARGB8888__
