//*****************************************************************************
//
//! @file b_06_argb8888.h
//
//*****************************************************************************

//*****************************************************************************
//
// ${copyright}
//
// This is part of revision ${version} of the AmbiqSuite Development Package.
//
//*****************************************************************************

#ifndef B_06_ARGB8888__
#define B_06_ARGB8888__


const unsigned char b_06_argb8888[] = {
0xff, 0xff, 0xff, 0x00, 0xff, 0xff, 0xff, 0x00, 0xff, 0xff, 0xff, 0x00, 0xff, 0xff, 0xff,
0x00, 0xff, 0xff, 0xff, 0x00, 0xff, 0xff, 0xff, 0x00, 0xff, 0xff, 0xff, 0x00, 0xff, 0xff,
0xff, 0x00, 0xff, 0xff, 0xff, 0x00, 0xff, 0xff, 0xff, 0x00, 0xff, 0xff, 0xff, 0x00, 0xff,
0xff, 0xff, 0x00, 0xff, 0xff, 0xff, 0x00, 0xff, 0xff, 0xff, 0x00, 0xff, 0xff, 0xff, 0x00,
0xff, 0xff, 0xff, 0x00, 0xff, 0xff, 0xff, 0x00, 0xff, 0xff, 0xff, 0x00, 0xff, 0xff, 0xff,
0x00, 0xff, 0xff, 0xff, 0x00, 0xff, 0xff, 0xff, 0x00, 0xff, 0xff, 0xff, 0x00, 0xff, 0xff,
0xff, 0x00, 0xff, 0xff, 0xff, 0x00, 0xff, 0xff, 0xff, 0x00, 0xff, 0xff, 0xff, 0x00, 0xff,
0xff, 0xff, 0x00, 0xff, 0xff, 0xff, 0x00, 0xff, 0xff, 0xff, 0x00, 0xff, 0xff, 0xff, 0x00,
0xff, 0xff, 0xff, 0x00, 0xff, 0xff, 0xff, 0x00, 0xff, 0xff, 0xff, 0x00, 0xff, 0xff, 0xff,
0x00, 0xff, 0xff, 0xff, 0x00, 0xff, 0xff, 0xff, 0x00, 0xff, 0xff, 0xff, 0x00, 0xff, 0xff,
0xff, 0x00, 0xff, 0xff, 0xff, 0x00, 0xff, 0xff, 0xff, 0x00, 0xff, 0xff, 0xff, 0x00, 0xff,
0xff, 0xff, 0x00, 0xff, 0xff, 0xff, 0x00, 0xff, 0xff, 0xff, 0x00, 0xff, 0xff, 0xff, 0x00,
0xff, 0xff, 0xff, 0x00, 0xff, 0xff, 0xff, 0x00, 0xff, 0xff, 0xff, 0x00, 0xff, 0xff, 0xff,
0x00, 0xff, 0xff, 0xff, 0x00, 0xff, 0xff, 0xff, 0x00, 0xff, 0xff, 0xff, 0x00, 0xff, 0xff,
0xff, 0x00, 0xff, 0xff, 0xff, 0x00, 0xff, 0xff, 0xff, 0x00, 0xff, 0xff, 0xff, 0x00, 0xff,
0xff, 0xff, 0x00, 0xff, 0xff, 0xff, 0x00, 0xff, 0xff, 0xff, 0x00, 0xff, 0xff, 0xff, 0x00,
0xff, 0xff, 0xff, 0x00, 0xff, 0xff, 0xff, 0x00, 0xff, 0xff, 0xff, 0x00, 0xff, 0xff, 0xff,
0x00, 0xff, 0xff, 0xff, 0x00, 0xff, 0xff, 0xff, 0x00, 0xff, 0xff, 0xff, 0x00, 0xff, 0xff,
0xff, 0x00, 0xff, 0xff, 0xff, 0x00, 0xff, 0xff, 0xff, 0x00, 0xff, 0xff, 0xff, 0x00, 0xff,
0xff, 0xff, 0x00, 0xff, 0xff, 0xff, 0x00, 0xff, 0xff, 0xff, 0x00, 0xff, 0xff, 0xff, 0x00,
0xff, 0xff, 0xff, 0x00, 0xff, 0xff, 0xff, 0x00, 0xff, 0xff, 0xff, 0x00, 0xff, 0xff, 0xff,
0x00, 0xff, 0xff, 0xff, 0x00, 0xff, 0xff, 0xff, 0x00, 0xff, 0xff, 0xff, 0x00, 0xff, 0xff,
0xff, 0x00, 0xff, 0xff, 0xff, 0x00, 0xff, 0xff, 0xff, 0x00, 0xff, 0xff, 0xff, 0x00, 0xff,
0xff, 0xff, 0x00, 0xff, 0xff, 0xff, 0x00, 0xff, 0xff, 0xff, 0x00, 0xff, 0xff, 0xff, 0x00,
0xff, 0xff, 0xff, 0x00, 0xff, 0xff, 0xff, 0x00, 0xff, 0xff, 0xff, 0x00, 0xff, 0xff, 0xff,
0x00, 0xff, 0xff, 0xff, 0x00, 0xff, 0xff, 0xff, 0x00, 0xff, 0xff, 0xff, 0x00, 0xff, 0xff,
0xff, 0x00, 0xff, 0xff, 0xff, 0x00, 0xff, 0xff, 0xff, 0x00, 0xff, 0xff, 0xff, 0x00, 0xff,
0xff, 0xff, 0x00, 0xff, 0xff, 0xff, 0x00, 0xff, 0xff, 0xff, 0x00, 0xff, 0xff, 0xff, 0x00,
0xff, 0xff, 0xff, 0x00, 0xff, 0xff, 0xff, 0x00, 0xff, 0xff, 0xff, 0x00, 0xff, 0xff, 0xff,
0x00, 0xff, 0xff, 0xff, 0x00, 0xff, 0xff, 0xff, 0x00, 0xff, 0xff, 0xff, 0x00, 0xff, 0xff,
0xff, 0x00, 0xff, 0xff, 0xff, 0x00, 0xff, 0xff, 0xff, 0x00, 0xff, 0xff, 0xff, 0x00, 0xff,
0xff, 0xff, 0x00, 0xff, 0xff, 0xff, 0x00, 0xff, 0xff, 0xff, 0x00, 0xff, 0xff, 0xff, 0x00,
0xff, 0xff, 0xff, 0x00, 0xff, 0xff, 0xff, 0x00, 0xff, 0xff, 0xff, 0x00, 0xff, 0xff, 0xff,
0x00, 0xff, 0xff, 0xff, 0x00, 0xff, 0xff, 0xff, 0x00, 0xff, 0xff, 0xff, 0x00, 0xff, 0xff,
0xff, 0x00, 0xff, 0xff, 0xff, 0x00, 0xff, 0xff, 0xff, 0x00, 0xff, 0xff, 0xff, 0x00, 0xff,
0xff, 0xff, 0x00, 0xff, 0xff, 0xff, 0x00, 0xff, 0xff, 0xff, 0x00, 0xff, 0xff, 0xff, 0x00,
0xff, 0xff, 0xff, 0x00, 0xff, 0xff, 0xff, 0x00, 0xff, 0xff, 0xff, 0x00, 0xff, 0xff, 0xff,
0x00, 0xff, 0xff, 0xff, 0x00, 0xff, 0xff, 0xff, 0x00, 0xff, 0xff, 0xff, 0x00, 0xff, 0xff,
0xff, 0x00, 0xff, 0xff, 0xff, 0x00, 0xff, 0xff, 0xff, 0x00, 0xff, 0xff, 0xff, 0x00, 0xff,
0xff, 0xff, 0x00, 0xff, 0xff, 0xff, 0x00, 0xff, 0xff, 0xff, 0x00, 0xff, 0xff, 0xff, 0x00,
0xff, 0xff, 0xff, 0x00, 0xff, 0xff, 0xff, 0x00, 0xff, 0xff, 0xff, 0x00, 0xff, 0xff, 0xff,
0x00, 0xff, 0xff, 0xff, 0x00, 0xff, 0xff, 0xff, 0x00, 0xff, 0xff, 0xff, 0x00, 0xff, 0xff,
0xff, 0x00, 0xff, 0xff, 0xff, 0x00, 0xff, 0xff, 0xff, 0x00, 0xff, 0xff, 0xff, 0x00, 0xff,
0xff, 0xff, 0x00, 0xff, 0xff, 0xff, 0x00, 0xff, 0xff, 0xff, 0x00, 0xff, 0xff, 0xff, 0x00,
0xff, 0xff, 0xff, 0x00, 0xff, 0xff, 0xff, 0x00, 0xff, 0xff, 0xff, 0x00, 0xff, 0xff, 0xff,
0x00, 0xff, 0xff, 0xff, 0x00, 0xff, 0xff, 0xff, 0x00, 0xff, 0xff, 0xff, 0x00, 0xff, 0xff,
0xff, 0x00, 0xff, 0xff, 0xff, 0x00, 0xff, 0xff, 0xff, 0x00, 0xff, 0xff, 0xff, 0x00, 0xff,
0xff, 0xff, 0x00, 0xff, 0xff, 0xff, 0x00, 0xff, 0xff, 0xff, 0x00, 0xff, 0xff, 0xff, 0x00,
0xff, 0xff, 0xff, 0x00, 0xff, 0xff, 0xff, 0x00, 0xff, 0xff, 0xff, 0x00, 0xff, 0xff, 0xff,
0x00, 0xff, 0xff, 0xff, 0x00, 0xff, 0xff, 0xff, 0x00, 0xff, 0xff, 0xff, 0x00, 0xff, 0xff,
0xff, 0x00, 0xff, 0xff, 0xff, 0x00, 0xff, 0xff, 0xff, 0x00, 0xff, 0xff, 0xff, 0x00, 0xff,
0xff, 0xff, 0x00, 0xff, 0xff, 0xff, 0x00, 0xff, 0xff, 0xff, 0x00, 0xff, 0xff, 0xff, 0x00,
0xff, 0xff, 0xff, 0x00, 0xff, 0xff, 0xff, 0x00, 0xff, 0xff, 0xff, 0x00, 0xff, 0xff, 0xff,
0x00, 0xff, 0xff, 0xff, 0x00, 0xff, 0xff, 0xff, 0x00, 0xff, 0xff, 0xff, 0x00, 0xff, 0xff,
0xff, 0x00, 0xff, 0xff, 0xff, 0x00, 0xff, 0xff, 0xff, 0x00, 0xff, 0xff, 0xff, 0x00, 0xff,
0xff, 0xff, 0x00, 0xff, 0xff, 0xff, 0x00, 0xff, 0xff, 0xff, 0x00, 0xff, 0xff, 0xff, 0x00,
0xff, 0xff, 0xff, 0x00, 0xff, 0xff, 0xff, 0x00, 0xff, 0xff, 0xff, 0x00, 0xff, 0xff, 0xff,
0x00, 0xff, 0xff, 0xff, 0x00, 0xff, 0xff, 0xff, 0x00, 0xff, 0xff, 0xff, 0x00, 0xff, 0xff,
0xff, 0x00, 0xff, 0xff, 0xff, 0x00, 0xff, 0xff, 0xff, 0x00, 0xff, 0xff, 0xff, 0x00, 0xff,
0xff, 0xff, 0x00, 0xff, 0xff, 0xff, 0x00, 0xff, 0xff, 0xff, 0x00, 0xff, 0xff, 0xff, 0x00,
0xff, 0xff, 0xff, 0x00, 0xff, 0xff, 0xff, 0x00, 0xff, 0xff, 0xff, 0x00, 0xff, 0xff, 0xff,
0x00, 0xff, 0xff, 0xff, 0x00, 0xff, 0xff, 0xff, 0x00, 0xff, 0xff, 0xff, 0x00, 0xff, 0xff,
0xff, 0x00, 0xff, 0xff, 0xff, 0x00, 0xff, 0xff, 0xff, 0x00, 0xff, 0xff, 0xff, 0x00, 0xff,
0xff, 0xff, 0x00, 0xff, 0xff, 0xff, 0x00, 0xff, 0xff, 0xff, 0x00, 0xff, 0xff, 0xff, 0x00,
0xff, 0xff, 0xff, 0x00, 0xff, 0xff, 0xff, 0x00, 0xff, 0xff, 0xff, 0x00, 0xff, 0xff, 0xff,
0x00, 0xff, 0xff, 0xff, 0x00, 0xff, 0xff, 0xff, 0x00, 0xff, 0xff, 0xff, 0x00, 0xff, 0xff,
0xff, 0x00, 0xff, 0xff, 0xff, 0x00, 0xff, 0xff, 0xff, 0x00, 0xff, 0xff, 0xff, 0x00, 0xff,
0xff, 0xff, 0x00, 0xff, 0xff, 0xff, 0x00, 0xff, 0xff, 0xff, 0x00, 0xff, 0xff, 0xff, 0x00,
0xff, 0xff, 0xff, 0x00, 0xff, 0xff, 0xff, 0x00, 0xff, 0xff, 0xff, 0x00, 0xff, 0xff, 0xff,
0x00, 0xff, 0xff, 0xff, 0x00, 0xff, 0xff, 0xff, 0x00, 0xff, 0xff, 0xff, 0x00, 0xff, 0xff,
0xff, 0x00, 0xff, 0xff, 0xff, 0x00, 0xff, 0xff, 0xff, 0x00, 0xff, 0xff, 0xff, 0x00, 0xff,
0xff, 0xff, 0x00, 0xff, 0xff, 0xff, 0x00, 0xff, 0xff, 0xff, 0x00, 0xff, 0xff, 0xff, 0x00,
0xff, 0xff, 0xff, 0x00, 0xff, 0xff, 0xff, 0x00, 0xff, 0xff, 0xff, 0x00, 0xff, 0xff, 0xff,
0x00, 0xff, 0xff, 0xff, 0x00, 0xff, 0xff, 0xff, 0x00, 0xff, 0xff, 0xff, 0x00, 0xff, 0xff,
0xff, 0x00, 0xff, 0xff, 0xff, 0x00, 0xff, 0xff, 0xff, 0x00, 0xff, 0xff, 0xff, 0x00, 0xff,
0xff, 0xff, 0x00, 0xff, 0xff, 0xff, 0x00, 0xff, 0xff, 0xff, 0x00, 0xff, 0xff, 0xff, 0x00,
0xff, 0xff, 0xff, 0x00, 0xff, 0xff, 0xff, 0x00, 0xff, 0xff, 0xff, 0x00, 0xff, 0xff, 0xff,
0x00, 0xff, 0xff, 0xff, 0x00, 0xff, 0xff, 0xff, 0x00, 0xff, 0xff, 0xff, 0x00, 0xff, 0xff,
0xff, 0x00, 0xff, 0xff, 0xff, 0x00, 0xff, 0xff, 0xff, 0x00, 0xff, 0xff, 0xff, 0x00, 0xff,
0xff, 0xff, 0x00, 0xff, 0xff, 0xff, 0x00, 0xff, 0xff, 0xff, 0x00, 0xff, 0xff, 0xff, 0x00,
0xff, 0xff, 0xff, 0x00, 0xff, 0xff, 0xff, 0x00, 0xff, 0xff, 0xff, 0x00, 0xff, 0xff, 0xff,
0x00, 0xff, 0xff, 0xff, 0x00, 0xff, 0xff, 0xff, 0x00, 0xff, 0xff, 0xff, 0x00, 0xff, 0xff,
0xff, 0x00, 0xff, 0xff, 0xff, 0x00, 0xff, 0xff, 0xff, 0x00, 0xff, 0xff, 0xff, 0x00, 0xff,
0xff, 0xff, 0x00, 0xff, 0xff, 0xff, 0x00, 0xff, 0xff, 0xff, 0x00, 0xff, 0xff, 0xff, 0x00,
0xff, 0xff, 0xff, 0x00, 0xff, 0xff, 0xff, 0x00, 0xff, 0xff, 0xff, 0x00, 0xff, 0xff, 0xff,
0x00, 0xff, 0xff, 0xff, 0x00, 0xff, 0xff, 0xff, 0x00, 0xff, 0xff, 0xff, 0x00, 0xff, 0xff,
0xff, 0x00, 0xff, 0xff, 0xff, 0x00, 0xff, 0xff, 0xff, 0x00, 0xff, 0xff, 0xff, 0x00, 0xff,
0xff, 0xff, 0x00, 0xff, 0xff, 0xff, 0x00, 0xff, 0xff, 0xff, 0x00, 0xff, 0xff, 0xff, 0x00,
0xff, 0xff, 0xff, 0x00, 0xff, 0xff, 0xff, 0x00, 0xff, 0xff, 0xff, 0x00, 0xff, 0xff, 0xff,
0x00, 0xff, 0xff, 0xff, 0x00, 0xff, 0xff, 0xff, 0x00, 0xff, 0xff, 0xff, 0x00, 0xff, 0xff,
0xff, 0x00, 0xff, 0xff, 0xff, 0x00, 0xff, 0xff, 0xff, 0x00, 0xff, 0xff, 0xff, 0x00, 0xff,
0xff, 0xff, 0x00, 0xff, 0xff, 0xff, 0x00, 0xff, 0xff, 0xff, 0x00, 0xff, 0xff, 0xff, 0x00,
0xff, 0xff, 0xff, 0x00, 0xff, 0xff, 0xff, 0x00, 0xff, 0xff, 0xff, 0x00, 0xff, 0xff, 0xff,
0x00, 0xff, 0xff, 0xff, 0x00, 0xff, 0xff, 0xff, 0x00, 0xff, 0xff, 0xff, 0x00, 0xff, 0xff,
0xff, 0x00, 0xff, 0xff, 0xff, 0x00, 0xff, 0xff, 0xff, 0x00, 0xff, 0xff, 0xff, 0x00, 0xff,
0xff, 0xff, 0x00, 0xff, 0xff, 0xff, 0x00, 0xff, 0xff, 0xff, 0x00, 0xff, 0xff, 0xff, 0x00,
0xff, 0xff, 0xff, 0x00, 0xff, 0xff, 0xff, 0x00, 0xff, 0xff, 0xff, 0x00, 0xff, 0xff, 0xff,
0x00, 0xff, 0xff, 0xff, 0x00, 0xff, 0xff, 0xff, 0x00, 0xff, 0xff, 0xff, 0x00, 0xff, 0xff,
0xff, 0x00, 0xff, 0xff, 0xff, 0x00, 0xff, 0xff, 0xff, 0x00, 0xff, 0xff, 0xff, 0x00, 0xff,
0xff, 0xff, 0x00, 0xff, 0xff, 0xff, 0x00, 0xff, 0xff, 0xff, 0x00, 0xff, 0xff, 0xff, 0x00,
0xff, 0xff, 0xff, 0x00, 0xff, 0xff, 0xff, 0x00, 0xff, 0xff, 0xff, 0x00, 0xff, 0xff, 0xff,
0x00, 0xff, 0xff, 0xff, 0x00, 0xff, 0xff, 0xff, 0x00, 0xff, 0xff, 0xff, 0x00, 0xff, 0xff,
0xff, 0x00, 0xff, 0xff, 0xff, 0x00, 0xff, 0xff, 0xff, 0x00, 0xff, 0xff, 0xff, 0x00, 0xff,
0xff, 0xff, 0x00, 0xff, 0xff, 0xff, 0x00, 0xff, 0xff, 0xff, 0x00, 0xff, 0xff, 0xff, 0x00,
0xff, 0xff, 0xff, 0x00, 0xff, 0xff, 0xff, 0x00, 0xff, 0xff, 0xff, 0x00, 0xff, 0xff, 0xff,
0x00, 0xff, 0xff, 0xff, 0x00, 0xff, 0xff, 0xff, 0x00, 0xff, 0xff, 0xff, 0x00, 0xff, 0xff,
0xff, 0x00, 0xff, 0xff, 0xff, 0x00, 0xff, 0xff, 0xff, 0x00, 0xff, 0xff, 0xff, 0x00, 0xff,
0xff, 0xff, 0x00, 0xff, 0xff, 0xff, 0x00, 0xff, 0xff, 0xff, 0x00, 0xff, 0xff, 0xff, 0x00,
0xff, 0xff, 0xff, 0x00, 0xff, 0xff, 0xff, 0x00, 0xff, 0xff, 0xff, 0x00, 0xff, 0xff, 0xff,
0x00, 0xff, 0xff, 0xff, 0x00, 0xff, 0xff, 0xff, 0x00, 0xff, 0xff, 0xff, 0x00, 0xff, 0xff,
0xff, 0x00, 0xff, 0xff, 0xff, 0x00, 0xff, 0xff, 0xff, 0x00, 0xff, 0xff, 0xff, 0x00, 0xff,
0xff, 0xff, 0x00, 0xff, 0xff, 0xff, 0x00, 0xff, 0xff, 0xff, 0x00, 0xff, 0xff, 0xff, 0x00,
0xff, 0xff, 0xff, 0x00, 0xff, 0xff, 0xff, 0x00, 0xff, 0xff, 0xff, 0x00, 0xff, 0xff, 0xff,
0x00, 0xff, 0xff, 0xff, 0x00, 0xff, 0xff, 0xff, 0x00, 0xff, 0xff, 0xff, 0x00, 0xff, 0xff,
0xff, 0x00, 0xff, 0xff, 0xff, 0x00, 0xff, 0xff, 0xff, 0x00, 0xff, 0xff, 0xff, 0x00, 0xff,
0xff, 0xff, 0x00, 0xff, 0xff, 0xff, 0x00, 0xff, 0xff, 0xff, 0x00, 0xff, 0xff, 0xff, 0x00,
0xff, 0xff, 0xff, 0x00, 0xff, 0xff, 0xff, 0x00, 0xff, 0xff, 0xff, 0x00, 0xff, 0xff, 0xff,
0x00, 0xff, 0xff, 0xff, 0x00, 0xff, 0xff, 0xff, 0x00, 0xff, 0xff, 0xff, 0x00, 0xff, 0xff,
0xff, 0x00, 0xff, 0xff, 0xff, 0x00, 0xff, 0xff, 0xff, 0x00, 0xff, 0xff, 0xff, 0x00, 0xff,
0xff, 0xff, 0x00, 0xff, 0xff, 0xff, 0x00, 0xff, 0xff, 0xff, 0x00, 0xff, 0xff, 0xff, 0x00,
0xff, 0xff, 0xff, 0x00, 0xff, 0xff, 0xff, 0x00, 0xff, 0xff, 0xff, 0x00, 0xff, 0xff, 0xff,
0x00, 0xff, 0xff, 0xff, 0x00, 0xff, 0xff, 0xff, 0x00, 0xff, 0xff, 0xff, 0x00, 0xff, 0xff,
0xff, 0x00, 0xff, 0xff, 0xff, 0x00, 0xff, 0xff, 0xff, 0x00, 0xff, 0xff, 0xff, 0x00, 0xff,
0xff, 0xff, 0x00, 0xff, 0xff, 0xff, 0x00, 0xff, 0xff, 0xff, 0x00, 0xff, 0xff, 0xff, 0x00,
0xff, 0xff, 0xff, 0x00, 0xff, 0xff, 0xff, 0x00, 0xff, 0xff, 0xff, 0x00, 0xff, 0xff, 0xff,
0x00, 0xff, 0xff, 0xff, 0x00, 0xff, 0xff, 0xff, 0x00, 0xff, 0xff, 0xff, 0x00, 0xff, 0xff,
0xff, 0x00, 0xff, 0xff, 0xff, 0x00, 0xff, 0xff, 0xff, 0x00, 0xff, 0xff, 0xff, 0x00, 0xff,
0xff, 0xff, 0x00, 0xff, 0xff, 0xff, 0x00, 0xff, 0xff, 0xff, 0x00, 0xff, 0xff, 0xff, 0x00,
0xff, 0xff, 0xff, 0x00, 0xff, 0xff, 0xff, 0x00, 0xff, 0xff, 0xff, 0x00, 0xff, 0xff, 0xff,
0x00, 0xff, 0xff, 0xff, 0x00, 0xff, 0xff, 0xff, 0x00, 0xff, 0xff, 0xff, 0x00, 0xff, 0xff,
0xff, 0x00, 0xff, 0xff, 0xff, 0x00, 0xff, 0xff, 0xff, 0x00, 0xff, 0xff, 0xff, 0x00, 0xff,
0xff, 0xff, 0x00, 0xff, 0xff, 0xff, 0x00, 0xff, 0xff, 0xff, 0x00, 0xff, 0xff, 0xff, 0x00,
0xff, 0xff, 0xff, 0x00, 0xff, 0xff, 0xff, 0x00, 0xff, 0xff, 0xff, 0x00, 0xff, 0xff, 0xff,
0x00, 0xff, 0xff, 0xff, 0x00, 0xff, 0xff, 0xff, 0x00, 0xff, 0xff, 0xff, 0x00, 0xff, 0xff,
0xff, 0x00, 0xff, 0xff, 0xff, 0x00, 0xff, 0xff, 0xff, 0x00, 0xff, 0xff, 0xff, 0x00, 0xff,
0xff, 0xff, 0x00, 0xff, 0xff, 0xff, 0x00, 0xff, 0xff, 0xff, 0x00, 0xff, 0xff, 0xff, 0x00,
0xff, 0xff, 0xff, 0x00, 0xff, 0xff, 0xff, 0x00, 0xff, 0xff, 0xff, 0x00, 0xff, 0xff, 0xff,
0x00, 0xff, 0xff, 0xff, 0x00, 0xff, 0xff, 0xff, 0x00, 0xff, 0xff, 0xff, 0x00, 0xff, 0xff,
0xff, 0x00, 0xff, 0xff, 0xff, 0x00, 0xff, 0xff, 0xff, 0x00, 0xff, 0xff, 0xff, 0x00, 0xff,
0xff, 0xff, 0x00, 0xff, 0xff, 0xff, 0x00, 0xff, 0xff, 0xff, 0x00, 0xff, 0xff, 0xff, 0x00,
0xff, 0xff, 0xff, 0x00, 0xff, 0xff, 0xff, 0x00, 0xff, 0xff, 0xff, 0x00, 0xff, 0xff, 0xff,
0x00, 0xff, 0xff, 0xff, 0x00, 0xff, 0xff, 0xff, 0x00, 0xff, 0xff, 0xff, 0x00, 0xff, 0xff,
0xff, 0x00, 0xff, 0xff, 0xff, 0x00, 0xff, 0xff, 0xff, 0x00, 0xff, 0xff, 0xff, 0x00, 0xff,
0xff, 0xff, 0x00, 0xff, 0xff, 0xff, 0x00, 0xff, 0xff, 0xff, 0x00, 0xff, 0xff, 0xff, 0x00,
0xff, 0xff, 0xff, 0x00, 0xff, 0xff, 0xff, 0x00, 0xff, 0xff, 0xff, 0x00, 0xff, 0xff, 0xff,
0x00, 0xff, 0xff, 0xff, 0x00, 0xff, 0xff, 0xff, 0x00, 0xff, 0xff, 0xff, 0x00, 0xff, 0xff,
0xff, 0x00, 0xff, 0xff, 0xff, 0x00, 0xff, 0xff, 0xff, 0x00, 0xff, 0xff, 0xff, 0x00, 0xff,
0xff, 0xff, 0x00, 0xff, 0xff, 0xff, 0x00, 0xff, 0xff, 0xff, 0x00, 0xff, 0xff, 0xff, 0x00,
0xff, 0xff, 0xff, 0x00, 0xff, 0xff, 0xff, 0x00, 0xff, 0xff, 0xff, 0x00, 0xff, 0xff, 0xff,
0x00, 0xff, 0xff, 0xff, 0x00, 0xff, 0xff, 0xff, 0x00, 0xff, 0xff, 0xff, 0x00, 0xff, 0xff,
0xff, 0x00, 0xff, 0xff, 0xff, 0x00, 0xff, 0xff, 0xff, 0x00, 0xff, 0xff, 0xff, 0x00, 0xff,
0xff, 0xff, 0x00, 0xff, 0xff, 0xff, 0x00, 0xff, 0xff, 0xff, 0x00, 0xff, 0xff, 0xff, 0x00,
0xff, 0xff, 0xff, 0x00, 0xff, 0xff, 0xff, 0x00, 0xff, 0xff, 0xff, 0x00, 0xff, 0xff, 0xff,
0x00, 0xff, 0xff, 0xff, 0x00, 0xff, 0xff, 0xff, 0x00, 0xff, 0xff, 0xff, 0x00, 0xff, 0xff,
0xff, 0x00, 0xff, 0xff, 0xff, 0x00, 0xff, 0xff, 0xff, 0x00, 0xff, 0xff, 0xff, 0x00, 0xff,
0xff, 0xff, 0x00, 0xff, 0xff, 0xff, 0x00, 0xff, 0xff, 0xff, 0x00, 0xff, 0xff, 0xff, 0x00,
0xff, 0xff, 0xff, 0x00, 0xff, 0xff, 0xff, 0x00, 0xff, 0xff, 0xff, 0x00, 0xff, 0xff, 0xff,
0x00, 0xff, 0xff, 0xff, 0x00, 0xff, 0xff, 0xff, 0x00, 0xff, 0xff, 0xff, 0x00, 0xff, 0xff,
0xff, 0x00, 0xff, 0xff, 0xff, 0x00, 0xff, 0xff, 0xff, 0x00, 0xff, 0xff, 0xff, 0x00, 0xff,
0xff, 0xff, 0x00, 0xff, 0xff, 0xff, 0x00, 0xff, 0xff, 0xff, 0x00, 0xff, 0xff, 0xff, 0x00,
0xff, 0xff, 0xff, 0x00, 0xff, 0xff, 0xff, 0x00, 0xff, 0xff, 0xff, 0x00, 0xff, 0xff, 0xff,
0x00, 0xff, 0xff, 0xff, 0x00, 0xff, 0xff, 0xff, 0x00, 0xff, 0xff, 0xff, 0x00, 0xff, 0xff,
0xff, 0x00, 0xff, 0xff, 0xff, 0x00, 0xff, 0xff, 0xff, 0x00, 0xff, 0xff, 0xff, 0x00, 0xff,
0xff, 0xff, 0x00, 0xff, 0xff, 0xff, 0x00, 0xff, 0xff, 0xff, 0x00, 0xff, 0xff, 0xff, 0x00,
0xff, 0xff, 0xff, 0x00, 0xff, 0xff, 0xff, 0x00, 0xff, 0xff, 0xff, 0x00, 0xff, 0xff, 0xff,
0x00, 0xff, 0xff, 0xff, 0x00, 0xff, 0xff, 0xff, 0x00, 0xff, 0xff, 0xff, 0x00, 0xff, 0xff,
0xff, 0x00, 0xff, 0xff, 0xff, 0x00, 0xff, 0xff, 0xff, 0x00, 0xff, 0xff, 0xff, 0x00, 0xff,
0xff, 0xff, 0x00, 0xff, 0xff, 0xff, 0x00, 0xff, 0xff, 0xff, 0x00, 0xff, 0xff, 0xff, 0x00,
0xff, 0xff, 0xff, 0x00, 0xff, 0xff, 0xff, 0x00, 0xff, 0xff, 0xff, 0x00, 0xff, 0xff, 0xff,
0x00, 0xff, 0xff, 0xff, 0x00, 0xff, 0xff, 0xff, 0x00, 0xff, 0xff, 0xff, 0x00, 0xff, 0xff,
0xff, 0x00, 0xff, 0xff, 0xff, 0x00, 0xff, 0xff, 0xff, 0x00, 0xff, 0xff, 0xff, 0x00, 0xff,
0xff, 0xff, 0x00, 0xff, 0xff, 0xff, 0x00, 0xff, 0xff, 0xff, 0x00, 0xff, 0xff, 0xff, 0x00,
0xff, 0xff, 0xff, 0x00, 0xff, 0xff, 0xff, 0x00, 0xff, 0xff, 0xff, 0x00, 0xff, 0xff, 0xff,
0x00, 0xff, 0xff, 0xff, 0x00, 0xff, 0xff, 0xff, 0x00, 0xff, 0xff, 0xff, 0x00, 0xff, 0xff,
0xff, 0x00, 0xff, 0xff, 0xff, 0x00, 0xff, 0xff, 0xff, 0x00, 0xff, 0xff, 0xff, 0x00, 0xff,
0xff, 0xff, 0x00, 0xff, 0xff, 0xff, 0x00, 0xff, 0xff, 0xff, 0x00, 0xff, 0xff, 0xff, 0x00,
0xff, 0xff, 0xff, 0x00, 0xff, 0xff, 0xff, 0x00, 0xff, 0xff, 0xff, 0x00, 0xff, 0xff, 0xff,
0x00, 0xff, 0xff, 0xff, 0x00, 0xff, 0xff, 0xff, 0x00, 0xff, 0xff, 0xff, 0x00, 0xff, 0xff,
0xff, 0x00, 0xff, 0xff, 0xff, 0x00, 0xff, 0xff, 0xff, 0x00, 0xff, 0xff, 0xff, 0x00, 0xff,
0xff, 0xff, 0x00, 0xff, 0xff, 0xff, 0x00, 0xff, 0xff, 0xff, 0x00, 0xff, 0xff, 0xff, 0x00,
0xff, 0xff, 0xff, 0x00, 0xff, 0xff, 0xff, 0x00, 0xff, 0xff, 0xff, 0x00, 0xff, 0xff, 0xff,
0x00, 0xff, 0xff, 0xff, 0x00, 0xff, 0xff, 0xff, 0x00, 0xff, 0xff, 0xff, 0x00, 0xff, 0xff,
0xff, 0x00, 0xff, 0xff, 0xff, 0x00, 0xff, 0xff, 0xff, 0x00, 0xff, 0xff, 0xff, 0x00, 0xff,
0xff, 0xff, 0x00, 0xff, 0xff, 0xff, 0x00, 0xff, 0xff, 0xff, 0x00, 0xff, 0xff, 0xff, 0x00,
0xff, 0xff, 0xff, 0x00, 0xff, 0xff, 0xff, 0x00, 0xff, 0xff, 0xff, 0x00, 0xff, 0xff, 0xff,
0x00, 0xff, 0xff, 0xff, 0x00, 0xff, 0xff, 0xff, 0x00, 0xff, 0xff, 0xff, 0x00, 0xff, 0xff,
0xff, 0x00, 0xff, 0xff, 0xff, 0x00, 0xff, 0xff, 0xff, 0x00, 0xff, 0xff, 0xff, 0x00, 0xff,
0xff, 0xff, 0x00, 0xff, 0xff, 0xff, 0x00, 0xff, 0xff, 0xff, 0x00, 0xff, 0xff, 0xff, 0x00,
0xff, 0xff, 0xff, 0x00, 0xff, 0xff, 0xff, 0x00, 0xff, 0xff, 0xff, 0x00, 0xff, 0xff, 0xff,
0x00, 0xff, 0xff, 0xff, 0x00, 0xff, 0xff, 0xff, 0x00, 0xff, 0xff, 0xff, 0x00, 0xff, 0xff,
0xff, 0x00, 0xff, 0xff, 0xff, 0x00, 0xff, 0xff, 0xff, 0x00, 0xff, 0xff, 0xff, 0x00, 0xff,
0xff, 0xff, 0x00, 0xff, 0xff, 0xff, 0x00, 0xff, 0xff, 0xff, 0x00, 0xff, 0xff, 0xff, 0x00,
0xff, 0xff, 0xff, 0x00, 0xff, 0xff, 0xff, 0x00, 0xff, 0xff, 0xff, 0x00, 0xff, 0xff, 0xff,
0x00, 0xff, 0xff, 0xff, 0x00, 0xff, 0xff, 0xff, 0x00, 0xff, 0xff, 0xff, 0x00, 0xff, 0xff,
0xff, 0x00, 0xff, 0xff, 0xff, 0x00, 0xff, 0xff, 0xff, 0x00, 0xff, 0xff, 0xff, 0x00, 0xff,
0xff, 0xff, 0x00, 0xff, 0xff, 0xff, 0x00, 0xff, 0xff, 0xff, 0x00, 0xff, 0xff, 0xff, 0x00,
0xff, 0xff, 0xff, 0x00, 0xff, 0xff, 0xff, 0x00, 0xff, 0xff, 0xff, 0x00, 0xff, 0xff, 0xff,
0x00, 0xff, 0xff, 0xff, 0x00, 0xff, 0xff, 0xff, 0x00, 0xff, 0xff, 0xff, 0x00, 0xff, 0xff,
0xff, 0x00, 0xff, 0xff, 0xff, 0x00, 0xff, 0xff, 0xff, 0x00, 0xff, 0xff, 0xff, 0x00, 0xff,
0xff, 0xff, 0x00, 0xff, 0xff, 0xff, 0x00, 0xff, 0xff, 0xff, 0x00, 0xff, 0xff, 0xff, 0x00,
0xff, 0xff, 0xff, 0x00, 0xff, 0xff, 0xff, 0x00, 0xff, 0xff, 0xff, 0x00, 0xff, 0xff, 0xff,
0x00, 0xff, 0xff, 0xff, 0x00, 0xff, 0xff, 0xff, 0x00, 0xff, 0xff, 0xff, 0x00, 0xff, 0xff,
0xff, 0x00, 0xff, 0xff, 0xff, 0x00, 0xff, 0xff, 0xff, 0x00, 0xff, 0xff, 0xff, 0x00, 0xff,
0xff, 0xff, 0x00, 0xff, 0xff, 0xff, 0x00, 0xff, 0xff, 0xff, 0x00, 0xff, 0xff, 0xff, 0x00,
0xff, 0xff, 0xff, 0x00, 0xff, 0xff, 0xff, 0x00, 0xff, 0xff, 0xff, 0x00, 0xff, 0xff, 0xff,
0x00, 0xff, 0xff, 0xff, 0x00, 0xff, 0xff, 0xff, 0x00, 0xff, 0xff, 0xff, 0x00, 0xff, 0xff,
0xff, 0x00, 0xff, 0xff, 0xff, 0x00, 0xff, 0xff, 0xff, 0x00, 0xff, 0xff, 0xff, 0x00, 0xff,
0xff, 0xff, 0x00, 0xff, 0xff, 0xff, 0x00, 0xff, 0xff, 0xff, 0x00, 0xff, 0xff, 0xff, 0x00,
0xff, 0xff, 0xff, 0x00, 0xff, 0xff, 0xff, 0x00, 0xff, 0xff, 0xff, 0x00, 0xff, 0xff, 0xff,
0x00, 0xff, 0xff, 0xff, 0x00, 0xff, 0xff, 0xff, 0x00, 0xff, 0xff, 0xff, 0x00, 0xff, 0xff,
0xff, 0x00, 0xff, 0xff, 0xff, 0x00, 0xff, 0xff, 0xff, 0x00, 0xff, 0xff, 0xff, 0x00, 0xff,
0xff, 0xff, 0x00, 0xff, 0xff, 0xff, 0x00, 0xff, 0xff, 0xff, 0x00, 0xff, 0xff, 0xff, 0x00,
0xff, 0xff, 0xff, 0x00, 0xff, 0xff, 0xff, 0x00, 0xff, 0xff, 0xff, 0x00, 0xff, 0xff, 0xff,
0x00, 0xff, 0xff, 0xff, 0x00, 0xff, 0xff, 0xff, 0x00, 0xff, 0xff, 0xff, 0x00, 0xff, 0xff,
0xff, 0x00, 0xff, 0xff, 0xff, 0x00, 0xff, 0xff, 0xff, 0x00, 0xff, 0xff, 0xff, 0x00, 0xff,
0xff, 0xff, 0x00, 0xff, 0xff, 0xff, 0x00, 0xff, 0xff, 0xff, 0x00, 0xff, 0xff, 0xff, 0x00,
0xff, 0xff, 0xff, 0x00, 0xff, 0xff, 0xff, 0x00, 0xff, 0xff, 0xff, 0x00, 0xff, 0xff, 0xff,
0x00, 0xff, 0xff, 0xff, 0x00, 0xff, 0xff, 0xff, 0x00, 0xff, 0xff, 0xff, 0x00, 0xff, 0xff,
0xff, 0x00, 0xff, 0xff, 0xff, 0x00, 0xff, 0xff, 0xff, 0x00, 0xff, 0xff, 0xff, 0x00, 0xff,
0xff, 0xff, 0x00, 0xff, 0xff, 0xff, 0x00, 0xff, 0xff, 0xff, 0x00, 0xff, 0xff, 0xff, 0x00,
0xff, 0xff, 0xff, 0x00, 0xff, 0xff, 0xff, 0x00, 0xff, 0xff, 0xff, 0x00, 0xff, 0xff, 0xff,
0x00, 0xff, 0xff, 0xff, 0x00, 0xff, 0xff, 0xff, 0x00, 0xff, 0xff, 0xff, 0x00, 0xff, 0xff,
0xff, 0x00, 0xff, 0xff, 0xff, 0x00, 0xff, 0xff, 0xff, 0x00, 0xff, 0xff, 0xff, 0x00, 0xff,
0xff, 0xff, 0x00, 0xff, 0xff, 0xff, 0x00, 0xff, 0xff, 0xff, 0x00, 0xff, 0xff, 0xff, 0x00,
0xff, 0xff, 0xff, 0x00, 0xff, 0xff, 0xff, 0x00, 0xff, 0xff, 0xff, 0x00, 0xff, 0xff, 0xff,
0x00, 0xff, 0xff, 0xff, 0x00, 0xff, 0xff, 0xff, 0x00, 0xff, 0xff, 0xff, 0x00, 0xff, 0xff,
0xff, 0x00, 0xff, 0xff, 0xff, 0x00, 0xff, 0xff, 0xff, 0x00, 0xff, 0xff, 0xff, 0x00, 0xff,
0xff, 0xff, 0x00, 0xff, 0xff, 0xff, 0x00, 0xff, 0xff, 0xff, 0x00, 0xff, 0xff, 0xff, 0x00,
0xff, 0xff, 0xff, 0x00, 0xff, 0xff, 0xff, 0x00, 0xff, 0xff, 0xff, 0x00, 0xff, 0xff, 0xff,
0x00, 0xff, 0xff, 0xff, 0x00, 0xff, 0xff, 0xff, 0x00, 0xff, 0xff, 0xff, 0x00, 0xff, 0xff,
0xff, 0x00, 0xff, 0xff, 0xff, 0x00, 0xff, 0xff, 0xff, 0x00, 0xff, 0xff, 0xff, 0x00, 0xff,
0xff, 0xff, 0x00, 0xff, 0xff, 0xff, 0x00, 0xff, 0xff, 0xff, 0x00, 0xff, 0xff, 0xff, 0x00,
0xff, 0xff, 0xff, 0x00, 0xff, 0xff, 0xff, 0x00, 0xff, 0xff, 0xff, 0x00, 0xff, 0xff, 0xff,
0x00, 0xff, 0xff, 0xff, 0x00, 0xff, 0xff, 0xff, 0x00, 0xff, 0xff, 0xff, 0x00, 0xff, 0xff,
0xff, 0x00, 0xff, 0xff, 0xff, 0x00, 0xff, 0xff, 0xff, 0x00, 0xff, 0xff, 0xff, 0x00, 0xff,
0xff, 0xff, 0x00, 0xff, 0xff, 0xff, 0x00, 0xff, 0xff, 0xff, 0x00, 0xff, 0xff, 0xff, 0x00,
0xff, 0xff, 0xff, 0x00, 0xff, 0xff, 0xff, 0x00, 0xff, 0xff, 0xff, 0x00, 0xff, 0xff, 0xff,
0x00, 0xff, 0xff, 0xff, 0x00, 0xff, 0xff, 0xff, 0x00, 0xff, 0xff, 0xff, 0x00, 0xff, 0xff,
0xff, 0x00, 0xff, 0xff, 0xff, 0x00, 0xff, 0xff, 0xff, 0x00, 0xff, 0xff, 0xff, 0x00, 0xff,
0xff, 0xff, 0x00, 0xff, 0xff, 0xff, 0x00, 0xff, 0xff, 0xff, 0x00, 0xff, 0xff, 0xff, 0x00,
0xff, 0xff, 0xff, 0x00, 0xff, 0xff, 0xff, 0x00, 0xff, 0xff, 0xff, 0x00, 0xff, 0xff, 0xff,
0x00, 0xff, 0xff, 0xff, 0x00, 0xff, 0xff, 0xff, 0x00, 0xff, 0xff, 0xff, 0x00, 0xff, 0xff,
0xff, 0x00, 0xff, 0xff, 0xff, 0x00, 0xff, 0xff, 0xff, 0x00, 0xff, 0xff, 0xff, 0x00, 0xff,
0xff, 0xff, 0x00, 0xff, 0xff, 0xff, 0x00, 0xff, 0xff, 0xff, 0x00, 0xff, 0xff, 0xff, 0x00,
0xff, 0xff, 0xff, 0x00, 0xff, 0xff, 0xff, 0x00, 0xff, 0xff, 0xff, 0x00, 0xff, 0xff, 0xff,
0x00, 0xff, 0xff, 0xff, 0x00, 0xff, 0xff, 0xff, 0x00, 0xff, 0xff, 0xff, 0x00, 0xff, 0xff,
0xff, 0x00, 0xff, 0xff, 0xff, 0x00, 0xff, 0xff, 0xff, 0x00, 0xff, 0xff, 0xff, 0x00, 0xff,
0xff, 0xff, 0x00, 0xff, 0xff, 0xff, 0x00, 0xff, 0xff, 0xff, 0x00, 0xff, 0xff, 0xff, 0x00,
0xff, 0xff, 0xff, 0x00, 0xff, 0xff, 0xff, 0x00, 0xff, 0xff, 0xff, 0x00, 0xff, 0xff, 0xff,
0x00, 0xff, 0xff, 0xff, 0x00, 0xff, 0xff, 0xff, 0x00, 0xff, 0xff, 0xff, 0x00, 0xff, 0xff,
0xff, 0x00, 0xff, 0xff, 0xff, 0x00, 0xff, 0xff, 0xff, 0x00, 0xff, 0xff, 0xff, 0x00, 0xff,
0xff, 0xff, 0x00, 0xff, 0xff, 0xff, 0x00, 0xff, 0xff, 0xff, 0x00, 0xff, 0xff, 0xff, 0x00,
0xff, 0xff, 0xff, 0x00, 0xff, 0xff, 0xff, 0x00, 0xff, 0xff, 0xff, 0x00, 0xff, 0xff, 0xff,
0x00, 0xff, 0xff, 0xff, 0x00, 0xff, 0xff, 0xff, 0x00, 0xff, 0xff, 0xff, 0x00, 0xff, 0xff,
0xff, 0x00, 0xff, 0xff, 0xff, 0x00, 0xff, 0xff, 0xff, 0x00, 0xff, 0xff, 0xff, 0x00, 0xff,
0xff, 0xff, 0x00, 0xff, 0xff, 0xff, 0x00, 0xff, 0xff, 0xff, 0x00, 0xff, 0xff, 0xff, 0x00,
0xff, 0xff, 0xff, 0x00, 0xff, 0xff, 0xff, 0x00, 0xff, 0xff, 0xff, 0x00, 0xff, 0xff, 0xff,
0x00, 0xff, 0xff, 0xff, 0x00, 0xff, 0xff, 0xff, 0x00, 0xff, 0xff, 0xff, 0x00, 0xff, 0xff,
0xff, 0x00, 0xff, 0xff, 0xff, 0x00, 0xff, 0xff, 0xff, 0x00, 0xff, 0xff, 0xff, 0x00, 0xff,
0xff, 0xff, 0x00, 0xff, 0xff, 0xff, 0x00, 0xff, 0xff, 0xff, 0x00, 0xff, 0xff, 0xff, 0x00,
0xff, 0xff, 0xff, 0x00, 0xff, 0xff, 0xff, 0x00, 0xff, 0xff, 0xff, 0x00, 0xff, 0xff, 0xff,
0x00, 0xff, 0xff, 0xff, 0x00, 0xff, 0xff, 0xff, 0x00, 0xff, 0xff, 0xff, 0x00, 0xff, 0xff,
0xff, 0x00, 0xff, 0xff, 0xff, 0x00, 0xff, 0xff, 0xff, 0x00, 0xff, 0xff, 0xff, 0x00, 0xff,
0xff, 0xff, 0x00, 0xff, 0xff, 0xff, 0x00, 0xff, 0xff, 0xff, 0x00, 0xff, 0xff, 0xff, 0x00,
0xff, 0xff, 0xff, 0x00, 0xff, 0xff, 0xff, 0x00, 0xff, 0xff, 0xff, 0x00, 0xff, 0xff, 0xff,
0x00, 0xff, 0xff, 0xff, 0x00, 0xff, 0xff, 0xff, 0x00, 0xff, 0xff, 0xff, 0x00, 0xff, 0xff,
0xff, 0x00, 0xff, 0xff, 0xff, 0x00, 0xff, 0xff, 0xff, 0x00, 0xff, 0xff, 0xff, 0x00, 0xff,
0xff, 0xff, 0x00, 0xff, 0xff, 0xff, 0x00, 0xff, 0xff, 0xff, 0x00, 0xff, 0xff, 0xff, 0x00,
0xff, 0xff, 0xff, 0x00, 0xff, 0xff, 0xff, 0x00, 0xff, 0xff, 0xff, 0x00, 0xff, 0xff, 0xff,
0x00, 0xff, 0xff, 0xff, 0x00, 0xff, 0xff, 0xff, 0x00, 0xff, 0xff, 0xff, 0x00, 0xff, 0xff,
0xff, 0x00, 0xff, 0xff, 0xff, 0x00, 0xff, 0xff, 0xff, 0x00, 0xff, 0xff, 0xff, 0x00, 0xff,
0xff, 0xff, 0x00, 0xff, 0xff, 0xff, 0x00, 0xff, 0xff, 0xff, 0x00, 0xff, 0xff, 0xff, 0x00,
0xff, 0xff, 0xff, 0x00, 0xff, 0xff, 0xff, 0x00, 0xff, 0xff, 0xff, 0x00, 0xff, 0xff, 0xff,
0x00, 0xff, 0xff, 0xff, 0x00, 0xff, 0xff, 0xff, 0x00, 0xff, 0xff, 0xff, 0x00, 0xff, 0xff,
0xff, 0x00, 0xff, 0xff, 0xff, 0x00, 0xff, 0xff, 0xff, 0x00, 0xff, 0xff, 0xff, 0x00, 0xff,
0xff, 0xff, 0x00, 0x01, 0x01, 0xab, 0x00, 0x01, 0x01, 0xab, 0x00, 0x01, 0x01, 0xab, 0x00,
0x01, 0x01, 0xab, 0x00, 0x01, 0x01, 0xab, 0x00, 0x01, 0x01, 0xab, 0x00, 0x01, 0x01, 0xab,
0x00, 0x01, 0x01, 0xab, 0x00, 0x01, 0x01, 0xab, 0x00, 0x01, 0x01, 0xab, 0x00, 0x01, 0x01,
0xab, 0x00, 0x01, 0x01, 0xab, 0x00, 0x01, 0x01, 0xaa, 0x00, 0x01, 0x01, 0xae, 0x00, 0x01,
0x01, 0xec, 0x00, 0x01, 0x01, 0xfa, 0x00, 0x01, 0x01, 0xf9, 0x00, 0x01, 0x01, 0xf9, 0x00,
0x01, 0x01, 0xd3, 0x00, 0x01, 0x01, 0xe6, 0x00, 0x01, 0x01, 0xe0, 0x00, 0x01, 0x01, 0xf0,
0x00, 0x01, 0x01, 0xe8, 0x00, 0x01, 0x01, 0xf3, 0x00, 0x01, 0x01, 0xec, 0x00, 0x01, 0x01,
0xf2, 0x00, 0x01, 0x01, 0xf9, 0x00, 0x01, 0x01, 0xcb, 0x00, 0x01, 0x01, 0xda, 0x00, 0x01,
0x01, 0xde, 0x00, 0x01, 0x01, 0xfa, 0x00, 0x01, 0x01, 0xfa, 0x00, 0x01, 0x01, 0xf4, 0x00,
0x01, 0x01, 0xe8, 0x00, 0x01, 0x01, 0xf5, 0x00, 0x01, 0x01, 0xf5, 0x00, 0x01, 0x01, 0xee,
0x00, 0x01, 0x01, 0xf4, 0x00, 0x01, 0x01, 0xfb, 0x00, 0x01, 0x01, 0xfa, 0x00, 0x01, 0x01,
0xf9, 0x00, 0x01, 0x01, 0xf6, 0x00, 0x01, 0x01, 0xf9, 0x00, 0x01, 0x01, 0xf7, 0x00, 0x01,
0x01, 0xec, 0x00, 0x01, 0x01, 0xf8, 0x07, 0x01, 0x01, 0xf3, 0x18, 0x01, 0x01, 0xf9, 0x3f,
0x01, 0x01, 0xfb, 0x6c, 0x02, 0x02, 0xfb, 0x95, 0x02, 0x02, 0xfa, 0xba, 0x02, 0x02, 0xfb,
0xd1, 0x02, 0x02, 0xfb, 0xdc, 0x02, 0x02, 0xfb, 0xdc, 0x02, 0x02, 0xfb, 0xdc, 0x02, 0x02,
0xfa, 0xdc, 0x02, 0x02, 0xfa, 0xdc, 0x02, 0x02, 0xfa, 0xdc, 0x02, 0x02, 0xfa, 0xdc, 0x02,
0x02, 0xf9, 0xdc, 0x02, 0x02, 0xf9, 0xdc, 0x02, 0x02, 0xf9, 0xcf, 0x02, 0x02, 0xf6, 0xb7,
0x02, 0x02, 0xf7, 0x92, 0x01, 0x01, 0xf6, 0x69, 0x01, 0x01, 0xf1, 0x3c, 0x01, 0x01, 0xe6,
0x17, 0x01, 0x01, 0xf4, 0x06, 0x01, 0x01, 0xb7, 0x00, 0x01, 0x01, 0xeb, 0x00, 0x01, 0x01,
0xf8, 0x00, 0x01, 0x01, 0xdc, 0x00, 0x01, 0x01, 0xe8, 0x00, 0x01, 0x01, 0xfc, 0x00, 0x01,
0x01, 0xcc, 0x00, 0x01, 0x01, 0xc6, 0x00, 0x01, 0x01, 0xf9, 0x00, 0x01, 0x01, 0xf1, 0x00,
0x01, 0x01, 0xf1, 0x00, 0x01, 0x01, 0xee, 0x00, 0x01, 0x01, 0xeb, 0x00, 0x01, 0x01, 0xf0,
0x00, 0x01, 0x01, 0xf1, 0x00, 0x01, 0x01, 0xee, 0x00, 0x01, 0x01, 0xea, 0x00, 0x01, 0x01,
0xe2, 0x00, 0x01, 0x01, 0xea, 0x00, 0x01, 0x01, 0xed, 0x00, 0x01, 0x01, 0xea, 0x00, 0x01,
0x01, 0xdd, 0x00, 0x01, 0x01, 0xb3, 0x00, 0x01, 0x01, 0xe5, 0x00, 0x01, 0x01, 0xea, 0x00,
0x01, 0x01, 0xdf, 0x00, 0x01, 0x01, 0xe9, 0x00, 0x01, 0x01, 0xea, 0x00, 0x01, 0x01, 0xea,
0x00, 0x01, 0x01, 0xe9, 0x00, 0x01, 0x01, 0xeb, 0x00, 0x01, 0x01, 0xd4, 0x00, 0x01, 0x01,
0x81, 0x00, 0x01, 0x01, 0x7f, 0x00, 0x01, 0x01, 0x80, 0x00, 0x01, 0x01, 0x80, 0x00, 0x01,
0x01, 0x80, 0x00, 0x01, 0x01, 0x80, 0x00, 0x01, 0x01, 0x80, 0x00, 0x01, 0x01, 0x80, 0x00,
0x01, 0x01, 0x80, 0x00, 0x01, 0x01, 0x80, 0x00, 0x01, 0x01, 0x80, 0x00, 0x01, 0x01, 0x80,
0x00, 0x01, 0x01, 0x80, 0x00, 0xff, 0xff, 0xff, 0x00, 0xff, 0xff, 0xff, 0x00, 0xff, 0xff,
0xff, 0x00, 0xff, 0xff, 0xff, 0x00, 0xff, 0xff, 0xff, 0x00, 0xff, 0xff, 0xff, 0x00, 0xff,
0xff, 0xff, 0x00, 0xff, 0xff, 0xff, 0x00, 0xff, 0xff, 0xff, 0x00, 0xff, 0xff, 0xff, 0x00,
0xff, 0xff, 0xff, 0x00, 0xff, 0xff, 0xff, 0x00, 0xff, 0xff, 0xff, 0x00, 0xff, 0xff, 0xff,
0x00, 0xff, 0xff, 0xff, 0x00, 0x01, 0x01, 0xab, 0x00, 0x01, 0x01, 0xab, 0x00, 0x01, 0x01,
0xab, 0x00, 0x01, 0x01, 0xab, 0x00, 0x01, 0x01, 0xab, 0x00, 0x01, 0x01, 0xab, 0x00, 0x01,
0x01, 0xab, 0x00, 0x01, 0x01, 0xab, 0x00, 0x01, 0x01, 0xab, 0x00, 0x01, 0x01, 0xab, 0x00,
0x01, 0x01, 0xab, 0x00, 0x01, 0x01, 0xab, 0x00, 0x01, 0x01, 0xaa, 0x00, 0x01, 0x01, 0xae,
0x00, 0x01, 0x01, 0xec, 0x00, 0x01, 0x01, 0xfa, 0x00, 0x01, 0x01, 0xf9, 0x00, 0x01, 0x01,
0xf9, 0x00, 0x01, 0x01, 0xd3, 0x00, 0x01, 0x01, 0xe6, 0x00, 0x01, 0x01, 0xe0, 0x00, 0x01,
0x01, 0xf0, 0x00, 0x01, 0x01, 0xe8, 0x00, 0x01, 0x01, 0xf3, 0x00, 0x01, 0x01, 0xec, 0x00,
0x01, 0x01, 0xf2, 0x00, 0x01, 0x01, 0xf9, 0x00, 0x01, 0x01, 0xcb, 0x00, 0x01, 0x01, 0xda,
0x00, 0x01, 0x01, 0xde, 0x00, 0x01, 0x01, 0xfa, 0x00, 0x01, 0x01, 0xfa, 0x00, 0x01, 0x01,
0xf4, 0x00, 0x01, 0x01, 0xe8, 0x00, 0x01, 0x01, 0xf5, 0x00, 0x01, 0x01, 0xf5, 0x00, 0x01,
0x01, 0xee, 0x00, 0x01, 0x01, 0xf4, 0x00, 0x01, 0x01, 0xfb, 0x00, 0x01, 0x01, 0xfa, 0x00,
0x01, 0x01, 0xf9, 0x00, 0x01, 0x01, 0xf6, 0x0a, 0x01, 0x01, 0xf9, 0x34, 0x01, 0x01, 0xfa,
0x7c, 0x02, 0x02, 0xf8, 0xbd, 0x02, 0x02, 0xfb, 0xd9, 0x02, 0x02, 0xfb, 0xef, 0x02, 0x02,
0xfc, 0xff, 0x02, 0x02, 0xfb, 0xff, 0x02, 0x02, 0xfb, 0xff, 0x02, 0x02, 0xfb, 0xff, 0x02,
0x02, 0xfb, 0xff, 0x02, 0x02, 0xfa, 0xff, 0x02, 0x02, 0xfa, 0xff, 0x02, 0x02, 0xfa, 0xff,
0x02, 0x02, 0xfa, 0xff, 0x02, 0x02, 0xfa, 0xff, 0x02, 0x02, 0xf9, 0xff, 0x02, 0x02, 0xf9,
0xff, 0x02, 0x02, 0xf9, 0xff, 0x02, 0x02, 0xf9, 0xff, 0x02, 0x02, 0xf9, 0xff, 0x02, 0x02,
0xf9, 0xff, 0x02, 0x02, 0xf8, 0xff, 0x02, 0x02, 0xf8, 0xff, 0x02, 0x02, 0xf8, 0xff, 0x02,
0x02, 0xf6, 0xee, 0x02, 0x02, 0xf7, 0xd8, 0x02, 0x02, 0xe7, 0xbb, 0x01, 0x01, 0xf3, 0x7b,
0x01, 0x01, 0xf8, 0x34, 0x01, 0x01, 0xdd, 0x0a, 0x01, 0x01, 0xe8, 0x00, 0x01, 0x01, 0xfc,
0x00, 0x01, 0x01, 0xcc, 0x00, 0x01, 0x01, 0xc6, 0x00, 0x01, 0x01, 0xf9, 0x00, 0x01, 0x01,
0xf1, 0x00, 0x01, 0x01, 0xf1, 0x00, 0x01, 0x01, 0xee, 0x00, 0x01, 0x01, 0xeb, 0x00, 0x01,
0x01, 0xf0, 0x00, 0x01, 0x01, 0xf1, 0x00, 0x01, 0x01, 0xee, 0x00, 0x01, 0x01, 0xea, 0x00,
0x01, 0x01, 0xe2, 0x00, 0x01, 0x01, 0xea, 0x00, 0x01, 0x01, 0xed, 0x00, 0x01, 0x01, 0xea,
0x00, 0x01, 0x01, 0xdd, 0x00, 0x01, 0x01, 0xb3, 0x00, 0x01, 0x01, 0xe5, 0x00, 0x01, 0x01,
0xea, 0x00, 0x01, 0x01, 0xdf, 0x00, 0x01, 0x01, 0xe9, 0x00, 0x01, 0x01, 0xea, 0x00, 0x01,
0x01, 0xea, 0x00, 0x01, 0x01, 0xe9, 0x00, 0x01, 0x01, 0xeb, 0x00, 0x01, 0x01, 0xd4, 0x00,
0x01, 0x01, 0x81, 0x00, 0x01, 0x01, 0x7f, 0x00, 0x01, 0x01, 0x80, 0x00, 0x01, 0x01, 0x80,
0x00, 0x01, 0x01, 0x80, 0x00, 0x01, 0x01, 0x80, 0x00, 0x01, 0x01, 0x80, 0x00, 0x01, 0x01,
0x80, 0x00, 0x01, 0x01, 0x80, 0x00, 0x01, 0x01, 0x80, 0x00, 0x01, 0x01, 0x80, 0x00, 0x01,
0x01, 0x80, 0x00, 0x01, 0x01, 0x80, 0x00, 0xff, 0xff, 0xff, 0x00, 0xff, 0xff, 0xff, 0x00,
0xff, 0xff, 0xff, 0x00, 0xff, 0xff, 0xff, 0x00, 0xff, 0xff, 0xff, 0x00, 0xff, 0xff, 0xff,
0x00, 0xff, 0xff, 0xff, 0x00, 0xff, 0xff, 0xff, 0x00, 0xff, 0xff, 0xff, 0x00, 0xff, 0xff,
0xff, 0x00, 0xff, 0xff, 0xff, 0x00, 0xff, 0xff, 0xff, 0x00, 0xff, 0xff, 0xff, 0x00, 0xff,
0xff, 0xff, 0x00, 0xff, 0xff, 0xff, 0x00, 0x01, 0x01, 0xab, 0x00, 0x01, 0x01, 0xab, 0x00,
0x01, 0x01, 0xab, 0x00, 0x01, 0x01, 0xab, 0x00, 0x01, 0x01, 0xab, 0x00, 0x01, 0x01, 0xab,
0x00, 0x01, 0x01, 0xab, 0x00, 0x01, 0x01, 0xab, 0x00, 0x01, 0x01, 0xab, 0x00, 0x01, 0x01,
0xab, 0x00, 0x01, 0x01, 0xab, 0x00, 0x01, 0x01, 0xab, 0x00, 0x01, 0x01, 0xaa, 0x00, 0x01,
0x01, 0xae, 0x00, 0x01, 0x01, 0xec, 0x00, 0x01, 0x01, 0xfa, 0x00, 0x01, 0x01, 0xf9, 0x00,
0x01, 0x01, 0xf9, 0x00, 0x01, 0x01, 0xd3, 0x00, 0x01, 0x01, 0xe6, 0x00, 0x01, 0x01, 0xe0,
0x00, 0x01, 0x01, 0xf0, 0x00, 0x01, 0x01, 0xe8, 0x00, 0x01, 0x01, 0xf3, 0x00, 0x01, 0x01,
0xec, 0x00, 0x01, 0x01, 0xf2, 0x00, 0x01, 0x01, 0xf9, 0x00, 0x01, 0x01, 0xcb, 0x00, 0x01,
0x01, 0xda, 0x00, 0x01, 0x01, 0xde, 0x00, 0x01, 0x01, 0xfa, 0x00, 0x01, 0x01, 0xfa, 0x00,
0x01, 0x01, 0xf4, 0x00, 0x01, 0x01, 0xe8, 0x00, 0x01, 0x01, 0xf5, 0x00, 0x01, 0x01, 0xf5,
0x00, 0x01, 0x01, 0xed, 0x00, 0x01, 0x01, 0xf4, 0x00, 0x01, 0x01, 0xfb, 0x12, 0x01, 0x01,
0xfb, 0x60, 0x02, 0x02, 0xfb, 0xb3, 0x02, 0x02, 0xfc, 0xdf, 0x02, 0x02, 0xfc, 0xff, 0x02,
0x02, 0xfc, 0xff, 0x02, 0x02, 0xfc, 0xff, 0x02, 0x02, 0xfb, 0xff, 0x02, 0x02, 0xfb, 0xff,
0x02, 0x02, 0xfb, 0xff, 0x02, 0x02, 0xfb, 0xff, 0x02, 0x02, 0xfa, 0xff, 0x02, 0x02, 0xfa,
0xff, 0x02, 0x02, 0xfa, 0xff, 0x02, 0x02, 0xfa, 0xff, 0x02, 0x02, 0xfa, 0xff, 0x02, 0x02,
0xf9, 0xff, 0x02, 0x02, 0xf9, 0xff, 0x02, 0x02, 0xf9, 0xff, 0x02, 0x02, 0xf9, 0xff, 0x02,
0x02, 0xf9, 0xff, 0x02, 0x02, 0xf8, 0xff, 0x02, 0x02, 0xf8, 0xff, 0x02, 0x02, 0xf8, 0xff,
0x02, 0x02, 0xf8, 0xff, 0x02, 0x02, 0xf8, 0xff, 0x02, 0x02, 0xf7, 0xff, 0x02, 0x02, 0xf7,
0xff, 0x02, 0x02, 0xf7, 0xff, 0x02, 0x02, 0xf7, 0xff, 0x02, 0x02, 0xfa, 0xff, 0x02, 0x02,
0xf7, 0xff, 0x02, 0x02, 0xf7, 0xff, 0x02, 0x02, 0xf2, 0xdf, 0x02, 0x02, 0xf3, 0xb5, 0x01,
0x01, 0xfb, 0x64, 0x01, 0x01, 0xcc, 0x15, 0x01, 0x01, 0xc4, 0x00, 0x01, 0x01, 0xf9, 0x00,
0x01, 0x01, 0xf1, 0x00, 0x01, 0x01, 0xf1, 0x00, 0x01, 0x01, 0xee, 0x00, 0x01, 0x01, 0xeb,
0x00, 0x01, 0x01, 0xf0, 0x00, 0x01, 0x01, 0xf1, 0x00, 0x01, 0x01, 0xee, 0x00, 0x01, 0x01,
0xea, 0x00, 0x01, 0x01, 0xe2, 0x00, 0x01, 0x01, 0xea, 0x00, 0x01, 0x01, 0xed, 0x00, 0x01,
0x01, 0xea, 0x00, 0x01, 0x01, 0xdd, 0x00, 0x01, 0x01, 0xb3, 0x00, 0x01, 0x01, 0xe5, 0x00,
0x01, 0x01, 0xea, 0x00, 0x01, 0x01, 0xdf, 0x00, 0x01, 0x01, 0xe9, 0x00, 0x01, 0x01, 0xea,
0x00, 0x01, 0x01, 0xea, 0x00, 0x01, 0x01, 0xe9, 0x00, 0x01, 0x01, 0xeb, 0x00, 0x01, 0x01,
0xd4, 0x00, 0x01, 0x01, 0x81, 0x00, 0x01, 0x01, 0x7f, 0x00, 0x01, 0x01, 0x80, 0x00, 0x01,
0x01, 0x80, 0x00, 0x01, 0x01, 0x80, 0x00, 0x01, 0x01, 0x80, 0x00, 0x01, 0x01, 0x80, 0x00,
0x01, 0x01, 0x80, 0x00, 0x01, 0x01, 0x80, 0x00, 0x01, 0x01, 0x80, 0x00, 0x01, 0x01, 0x80,
0x00, 0x01, 0x01, 0x80, 0x00, 0x01, 0x01, 0x80, 0x00, 0xff, 0xff, 0xff, 0x00, 0xff, 0xff,
0xff, 0x00, 0xff, 0xff, 0xff, 0x00, 0xff, 0xff, 0xff, 0x00, 0xff, 0xff, 0xff, 0x00, 0xff,
0xff, 0xff, 0x00, 0xff, 0xff, 0xff, 0x00, 0xff, 0xff, 0xff, 0x00, 0xff, 0xff, 0xff, 0x00,
0xff, 0xff, 0xff, 0x00, 0xff, 0xff, 0xff, 0x00, 0xff, 0xff, 0xff, 0x00, 0xff, 0xff, 0xff,
0x00, 0xff, 0xff, 0xff, 0x00, 0xff, 0xff, 0xff, 0x00, 0x01, 0x01, 0xab, 0x00, 0x01, 0x01,
0xab, 0x00, 0x01, 0x01, 0xab, 0x00, 0x01, 0x01, 0xab, 0x00, 0x01, 0x01, 0xab, 0x00, 0x01,
0x01, 0xab, 0x00, 0x01, 0x01, 0xab, 0x00, 0x01, 0x01, 0xab, 0x00, 0x01, 0x01, 0xab, 0x00,
0x01, 0x01, 0xab, 0x00, 0x01, 0x01, 0xab, 0x00, 0x01, 0x01, 0xab, 0x00, 0x01, 0x01, 0xaa,
0x00, 0x01, 0x01, 0xae, 0x00, 0x01, 0x01, 0xec, 0x00, 0x01, 0x01, 0xfa, 0x00, 0x01, 0x01,
0xf9, 0x00, 0x01, 0x01, 0xf9, 0x00, 0x01, 0x01, 0xd3, 0x00, 0x01, 0x01, 0xe6, 0x00, 0x01,
0x01, 0xe0, 0x00, 0x01, 0x01, 0xf0, 0x00, 0x01, 0x01, 0xe8, 0x00, 0x01, 0x01, 0xf3, 0x00,
0x01, 0x01, 0xec, 0x00, 0x01, 0x01, 0xf2, 0x00, 0x01, 0x01, 0xf9, 0x00, 0x01, 0x01, 0xcb,
0x00, 0x01, 0x01, 0xda, 0x00, 0x01, 0x01, 0xde, 0x00, 0x01, 0x01, 0xfa, 0x00, 0x01, 0x01,
0xfa, 0x00, 0x01, 0x01, 0xf4, 0x00, 0x01, 0x01, 0xe8, 0x00, 0x01, 0x01, 0xf5, 0x00, 0x01,
0x01, 0xf4, 0x04, 0x01, 0x01, 0xf4, 0x55, 0x02, 0x02, 0xf8, 0xa1, 0x02, 0x02, 0xfc, 0xe2,
0x02, 0x02, 0xfc, 0xff, 0x02, 0x02, 0xfc, 0xff, 0x02, 0x02, 0xfc, 0xff, 0x02, 0x02, 0xfb,
0xff, 0x02, 0x02, 0xfb, 0xff, 0x02, 0x02, 0xfb, 0xff, 0x02, 0x02, 0xfb, 0xff, 0x02, 0x02,
0xfb, 0xff, 0x02, 0x02, 0xfa, 0xff, 0x02, 0x02, 0xfa, 0xff, 0x02, 0x02, 0xfa, 0xff, 0x02,
0x02, 0xfa, 0xff, 0x02, 0x02, 0xfa, 0xff, 0x02, 0x02, 0xf9, 0xff, 0x02, 0x02, 0xf9, 0xff,
0x02, 0x02, 0xf9, 0xff, 0x02, 0x02, 0xf9, 0xff, 0x02, 0x02, 0xf9, 0xff, 0x02, 0x02, 0xf8,
0xff, 0x02, 0x02, 0xf8, 0xff, 0x02, 0x02, 0xf8, 0xff, 0x02, 0x02, 0xf8, 0xff, 0x02, 0x02,
0xf7, 0xff, 0x02, 0x02, 0xf7, 0xff, 0x02, 0x02, 0xf7, 0xff, 0x02, 0x02, 0xf7, 0xff, 0x02,
0x02, 0xf7, 0xff, 0x02, 0x02, 0xf6, 0xff, 0x02, 0x02, 0xf6, 0xff, 0x02, 0x02, 0xf6, 0xff,
0x02, 0x02, 0xf6, 0xff, 0x02, 0x02, 0xf6, 0xff, 0x02, 0x02, 0xf7, 0xff, 0x02, 0x02, 0xf6,
0xff, 0x02, 0x02, 0xf7, 0xff, 0x02, 0x02, 0xed, 0xe6, 0x02, 0x02, 0xe9, 0xa4, 0x01, 0x01,
0xf4, 0x5e, 0x01, 0x01, 0xf1, 0x0a, 0x01, 0x01, 0xf1, 0x00, 0x01, 0x01, 0xee, 0x00, 0x01,
0x01, 0xeb, 0x00, 0x01, 0x01, 0xf0, 0x00, 0x01, 0x01, 0xf1, 0x00, 0x01, 0x01, 0xee, 0x00,
0x01, 0x01, 0xea, 0x00, 0x01, 0x01, 0xe2, 0x00, 0x01, 0x01, 0xea, 0x00, 0x01, 0x01, 0xed,
0x00, 0x01, 0x01, 0xea, 0x00, 0x01, 0x01, 0xdd, 0x00, 0x01, 0x01, 0xb3, 0x00, 0x01, 0x01,
0xe5, 0x00, 0x01, 0x01, 0xea, 0x00, 0x01, 0x01, 0xdf, 0x00, 0x01, 0x01, 0xe9, 0x00, 0x01,
0x01, 0xea, 0x00, 0x01, 0x01, 0xea, 0x00, 0x01, 0x01, 0xe9, 0x00, 0x01, 0x01, 0xeb, 0x00,
0x01, 0x01, 0xd4, 0x00, 0x01, 0x01, 0x81, 0x00, 0x01, 0x01, 0x7f, 0x00, 0x01, 0x01, 0x80,
0x00, 0x01, 0x01, 0x80, 0x00, 0x01, 0x01, 0x80, 0x00, 0x01, 0x01, 0x80, 0x00, 0x01, 0x01,
0x80, 0x00, 0x01, 0x01, 0x80, 0x00, 0x01, 0x01, 0x80, 0x00, 0x01, 0x01, 0x80, 0x00, 0x01,
0x01, 0x80, 0x00, 0x01, 0x01, 0x80, 0x00, 0x01, 0x01, 0x80, 0x00, 0xff, 0xff, 0xff, 0x00,
0xff, 0xff, 0xff, 0x00, 0xff, 0xff, 0xff, 0x00, 0xff, 0xff, 0xff, 0x00, 0xff, 0xff, 0xff,
0x00, 0xff, 0xff, 0xff, 0x00, 0xff, 0xff, 0xff, 0x00, 0xff, 0xff, 0xff, 0x00, 0xff, 0xff,
0xff, 0x00, 0xff, 0xff, 0xff, 0x00, 0xff, 0xff, 0xff, 0x00, 0xff, 0xff, 0xff, 0x00, 0xff,
0xff, 0xff, 0x00, 0xff, 0xff, 0xff, 0x00, 0xff, 0xff, 0xff, 0x00, 0x01, 0x01, 0xab, 0x00,
0x01, 0x01, 0xab, 0x00, 0x01, 0x01, 0xab, 0x00, 0x01, 0x01, 0xab, 0x00, 0x01, 0x01, 0xab,
0x00, 0x01, 0x01, 0xab, 0x00, 0x01, 0x01, 0xab, 0x00, 0x01, 0x01, 0xab, 0x00, 0x01, 0x01,
0xab, 0x00, 0x01, 0x01, 0xab, 0x00, 0x01, 0x01, 0xab, 0x00, 0x01, 0x01, 0xab, 0x00, 0x01,
0x01, 0xaa, 0x00, 0x01, 0x01, 0xae, 0x00, 0x01, 0x01, 0xec, 0x00, 0x01, 0x01, 0xfa, 0x00,
0x01, 0x01, 0xf9, 0x00, 0x01, 0x01, 0xf9, 0x00, 0x01, 0x01, 0xd3, 0x00, 0x01, 0x01, 0xe6,
0x00, 0x01, 0x01, 0xe0, 0x00, 0x01, 0x01, 0xf0, 0x00, 0x01, 0x01, 0xe8, 0x00, 0x01, 0x01,
0xf3, 0x00, 0x01, 0x01, 0xec, 0x00, 0x01, 0x01, 0xf2, 0x00, 0x01, 0x01, 0xf9, 0x00, 0x01,
0x01, 0xcb, 0x00, 0x01, 0x01, 0xda, 0x00, 0x01, 0x01, 0xde, 0x00, 0x01, 0x01, 0xfa, 0x00,
0x01, 0x01, 0xfa, 0x00, 0x01, 0x01, 0xf4, 0x00, 0x01, 0x01, 0xe9, 0x1b, 0x02, 0x02, 0xfa,
0x81, 0x02, 0x02, 0xfa, 0xcf, 0x02, 0x02, 0xfd, 0xff, 0x02, 0x02, 0xfc, 0xff, 0x02, 0x02,
0xfc, 0xff, 0x02, 0x02, 0xfb, 0xff, 0x02, 0x02, 0xfb, 0xff, 0x02, 0x02, 0xfb, 0xff, 0x02,
0x02, 0xfb, 0xff, 0x02, 0x02, 0xfa, 0xff, 0x02, 0x02, 0xfa, 0xff, 0x02, 0x02, 0xfa, 0xff,
0x02, 0x02, 0xfa, 0xff, 0x02, 0x02, 0xfa, 0xff, 0x02, 0x02, 0xf9, 0xff, 0x02, 0x02, 0xf9,
0xff, 0x02, 0x02, 0xf9, 0xff, 0x02, 0x02, 0xf9, 0xff, 0x02, 0x02, 0xf9, 0xff, 0x02, 0x02,
0xf8, 0xff, 0x02, 0x02, 0xf8, 0xff, 0x02, 0x02, 0xf8, 0xff, 0x02, 0x02, 0xf8, 0xff, 0x02,
0x02, 0xf8, 0xff, 0x02, 0x02, 0xf7, 0xff, 0x02, 0x02, 0xf7, 0xff, 0x02, 0x02, 0xf7, 0xff,
0x02, 0x02, 0xf7, 0xff, 0x02, 0x02, 0xf7, 0xff, 0x02, 0x02, 0xf7, 0xff, 0x02, 0x02, 0xf7,
0xff, 0x02, 0x02, 0xf6, 0xff, 0x02, 0x02, 0xf6, 0xff, 0x02, 0x02, 0xf6, 0xff, 0x02, 0x02,
0xf6, 0xff, 0x02, 0x02, 0xf6, 0xff, 0x02, 0x02, 0xf6, 0xff, 0x02, 0x02, 0xf5, 0xff, 0x02,
0x02, 0xf5, 0xff, 0x02, 0x02, 0xf5, 0xff, 0x02, 0x02, 0xf6, 0xff, 0x02, 0x02, 0xf7, 0xff,
0x02, 0x02, 0xf4, 0xff, 0x02, 0x02, 0xf4, 0xd7, 0x02, 0x02, 0xf2, 0x8c, 0x01, 0x01, 0xef,
0x2a, 0x01, 0x01, 0xeb, 0x00, 0x01, 0x01, 0xf0, 0x00, 0x01, 0x01, 0xf1, 0x00, 0x01, 0x01,
0xee, 0x00, 0x01, 0x01, 0xea, 0x00, 0x01, 0x01, 0xe2, 0x00, 0x01, 0x01, 0xea, 0x00, 0x01,
0x01, 0xed, 0x00, 0x01, 0x01, 0xea, 0x00, 0x01, 0x01, 0xdd, 0x00, 0x01, 0x01, 0xb3, 0x00,
0x01, 0x01, 0xe5, 0x00, 0x01, 0x01, 0xea, 0x00, 0x01, 0x01, 0xdf, 0x00, 0x01, 0x01, 0xe9,
0x00, 0x01, 0x01, 0xea, 0x00, 0x01, 0x01, 0xea, 0x00, 0x01, 0x01, 0xe9, 0x00, 0x01, 0x01,
0xeb, 0x00, 0x01, 0x01, 0xd4, 0x00, 0x01, 0x01, 0x81, 0x00, 0x01, 0x01, 0x7f, 0x00, 0x01,
0x01, 0x80, 0x00, 0x01, 0x01, 0x80, 0x00, 0x01, 0x01, 0x80, 0x00, 0x01, 0x01, 0x80, 0x00,
0x01, 0x01, 0x80, 0x00, 0x01, 0x01, 0x80, 0x00, 0x01, 0x01, 0x80, 0x00, 0x01, 0x01, 0x80,
0x00, 0x01, 0x01, 0x80, 0x00, 0x01, 0x01, 0x80, 0x00, 0x01, 0x01, 0x80, 0x00, 0xff, 0xff,
0xff, 0x00, 0xff, 0xff, 0xff, 0x00, 0xff, 0xff, 0xff, 0x00, 0xff, 0xff, 0xff, 0x00, 0xff,
0xff, 0xff, 0x00, 0xff, 0xff, 0xff, 0x00, 0xff, 0xff, 0xff, 0x00, 0xff, 0xff, 0xff, 0x00,
0xff, 0xff, 0xff, 0x00, 0xff, 0xff, 0xff, 0x00, 0xff, 0xff, 0xff, 0x00, 0xff, 0xff, 0xff,
0x00, 0xff, 0xff, 0xff, 0x00, 0xff, 0xff, 0xff, 0x00, 0xff, 0xff, 0xff, 0x00, 0x01, 0x01,
0xab, 0x00, 0x01, 0x01, 0xab, 0x00, 0x01, 0x01, 0xab, 0x00, 0x01, 0x01, 0xab, 0x00, 0x01,
0x01, 0xab, 0x00, 0x01, 0x01, 0xab, 0x00, 0x01, 0x01, 0xab, 0x00, 0x01, 0x01, 0xab, 0x00,
0x01, 0x01, 0xab, 0x00, 0x01, 0x01, 0xab, 0x00, 0x01, 0x01, 0xab, 0x00, 0x01, 0x01, 0xab,
0x00, 0x01, 0x01, 0xaa, 0x00, 0x01, 0x01, 0xae, 0x00, 0x01, 0x01, 0xec, 0x00, 0x01, 0x01,
0xfa, 0x00, 0x01, 0x01, 0xf9, 0x00, 0x01, 0x01, 0xf9, 0x00, 0x01, 0x01, 0xd3, 0x00, 0x01,
0x01, 0xe6, 0x00, 0x01, 0x01, 0xe0, 0x00, 0x01, 0x01, 0xf0, 0x00, 0x01, 0x01, 0xe8, 0x00,
0x01, 0x01, 0xf3, 0x00, 0x01, 0x01, 0xec, 0x00, 0x01, 0x01, 0xf2, 0x00, 0x01, 0x01, 0xf9,
0x00, 0x01, 0x01, 0xcb, 0x00, 0x01, 0x01, 0xda, 0x00, 0x01, 0x01, 0xdd, 0x00, 0x01, 0x01,
0xfa, 0x00, 0x01, 0x01, 0xfa, 0x2b, 0x02, 0x02, 0xfa, 0x98, 0x02, 0x02, 0xfa, 0xeb, 0x02,
0x02, 0xfd, 0xff, 0x02, 0x02, 0xfc, 0xff, 0x02, 0x02, 0xfb, 0xff, 0x02, 0x02, 0xfb, 0xff,
0x02, 0x02, 0xfb, 0xff, 0x02, 0x02, 0xfb, 0xff, 0x02, 0x02, 0xfa, 0xff, 0x02, 0x02, 0xfb,
0xff, 0x02, 0x02, 0xfa, 0xff, 0x02, 0x02, 0xfa, 0xff, 0x02, 0x02, 0xfa, 0xff, 0x02, 0x02,
0xf9, 0xff, 0x02, 0x02, 0xfa, 0xff, 0x02, 0x02, 0xf9, 0xff, 0x02, 0x02, 0xf9, 0xff, 0x02,
0x02, 0xf9, 0xff, 0x02, 0x02, 0xf9, 0xff, 0x02, 0x02, 0xf9, 0xff, 0x02, 0x02, 0xf8, 0xff,
0x02, 0x02, 0xf8, 0xff, 0x02, 0x02, 0xf8, 0xff, 0x02, 0x02, 0xf8, 0xff, 0x02, 0x02, 0xf8,
0xff, 0x02, 0x02, 0xf7, 0xff, 0x02, 0x02, 0xf7, 0xff, 0x02, 0x02, 0xf7, 0xff, 0x02, 0x02,
0xf7, 0xff, 0x02, 0x02, 0xf7, 0xff, 0x02, 0x02, 0xf6, 0xff, 0x02, 0x02, 0xf6, 0xff, 0x02,
0x02, 0xf6, 0xff, 0x02, 0x02, 0xf6, 0xff, 0x02, 0x02, 0xf6, 0xff, 0x02, 0x02, 0xf6, 0xff,
0x02, 0x02, 0xf5, 0xff, 0x02, 0x02, 0xf5, 0xff, 0x02, 0x02, 0xf5, 0xff, 0x02, 0x02, 0xf5,
0xff, 0x02, 0x02, 0xf4, 0xff, 0x02, 0x02, 0xf4, 0xff, 0x02, 0x02, 0xf4, 0xff, 0x02, 0x02,
0xf4, 0xff, 0x02, 0x02, 0xf4, 0xff, 0x02, 0x02, 0xf4, 0xff, 0x02, 0x02, 0xf4, 0xff, 0x02,
0x02, 0xf3, 0xf6, 0x02, 0x02, 0xf1, 0xa8, 0x01, 0x01, 0xf1, 0x42, 0x01, 0x01, 0xf1, 0x00,
0x01, 0x01, 0xee, 0x00, 0x01, 0x01, 0xea, 0x00, 0x01, 0x01, 0xe2, 0x00, 0x01, 0x01, 0xea,
0x00, 0x01, 0x01, 0xed, 0x00, 0x01, 0x01, 0xea, 0x00, 0x01, 0x01, 0xdd, 0x00, 0x01, 0x01,
0xb3, 0x00, 0x01, 0x01, 0xe5, 0x00, 0x01, 0x01, 0xea, 0x00, 0x01, 0x01, 0xdf, 0x00, 0x01,
0x01, 0xe9, 0x00, 0x01, 0x01, 0xea, 0x00, 0x01, 0x01, 0xea, 0x00, 0x01, 0x01, 0xe9, 0x00,
0x01, 0x01, 0xeb, 0x00, 0x01, 0x01, 0xd4, 0x00, 0x01, 0x01, 0x81, 0x00, 0x01, 0x01, 0x7f,
0x00, 0x01, 0x01, 0x80, 0x00, 0x01, 0x01, 0x80, 0x00, 0x01, 0x01, 0x80, 0x00, 0x01, 0x01,
0x80, 0x00, 0x01, 0x01, 0x80, 0x00, 0x01, 0x01, 0x80, 0x00, 0x01, 0x01, 0x80, 0x00, 0x01,
0x01, 0x80, 0x00, 0x01, 0x01, 0x80, 0x00, 0x01, 0x01, 0x80, 0x00, 0x01, 0x01, 0x80, 0x00,
0xff, 0xff, 0xff, 0x00, 0xff, 0xff, 0xff, 0x00, 0xff, 0xff, 0xff, 0x00, 0xff, 0xff, 0xff,
0x00, 0xff, 0xff, 0xff, 0x00, 0xff, 0xff, 0xff, 0x00, 0xff, 0xff, 0xff, 0x00, 0xff, 0xff,
0xff, 0x00, 0xff, 0xff, 0xff, 0x00, 0xff, 0xff, 0xff, 0x00, 0xff, 0xff, 0xff, 0x00, 0xff,
0xff, 0xff, 0x00, 0xff, 0xff, 0xff, 0x00, 0xff, 0xff, 0xff, 0x00, 0xff, 0xff, 0xff, 0x00,
0x01, 0x01, 0xab, 0x00, 0x01, 0x01, 0xab, 0x00, 0x01, 0x01, 0xab, 0x00, 0x01, 0x01, 0xab,
0x00, 0x01, 0x01, 0xab, 0x00, 0x01, 0x01, 0xab, 0x00, 0x01, 0x01, 0xab, 0x00, 0x01, 0x01,
0xab, 0x00, 0x01, 0x01, 0xab, 0x00, 0x01, 0x01, 0xab, 0x00, 0x01, 0x01, 0xab, 0x00, 0x01,
0x01, 0xab, 0x00, 0x01, 0x01, 0xaa, 0x00, 0x01, 0x01, 0xae, 0x00, 0x01, 0x01, 0xec, 0x00,
0x01, 0x01, 0xfa, 0x00, 0x01, 0x01, 0xf9, 0x00, 0x01, 0x01, 0xf9, 0x00, 0x01, 0x01, 0xd3,
0x00, 0x01, 0x01, 0xe6, 0x00, 0x01, 0x01, 0xe0, 0x00, 0x01, 0x01, 0xf0, 0x00, 0x01, 0x01,
0xe8, 0x00, 0x01, 0x01, 0xf3, 0x00, 0x01, 0x01, 0xec, 0x00, 0x01, 0x01, 0xf2, 0x00, 0x01,
0x01, 0xf9, 0x00, 0x01, 0x01, 0xc9, 0x00, 0x01, 0x01, 0xd9, 0x00, 0x01, 0x01, 0xe1, 0x24,
0x02, 0x02, 0xfc, 0x8b, 0x02, 0x02, 0xfc, 0xf3, 0x02, 0x02, 0xfc, 0xff, 0x02, 0x02, 0xfc,
0xff, 0x02, 0x02, 0xfb, 0xff, 0x02, 0x02, 0xfb, 0xff, 0x02, 0x02, 0xfb, 0xff, 0x02, 0x02,
0xfb, 0xff, 0x02, 0x02, 0xfb, 0xff, 0x02, 0x02, 0xfa, 0xff, 0x02, 0x02, 0xfa, 0xff, 0x02,
0x02, 0xfa, 0xff, 0x02, 0x02, 0xfa, 0xff, 0x02, 0x02, 0xfa, 0xff, 0x02, 0x02, 0xf9, 0xff,
0x02, 0x02, 0xf9, 0xff, 0x02, 0x02, 0xf9, 0xff, 0x02, 0x02, 0xf9, 0xff, 0x02, 0x02, 0xf9,
0xff, 0x02, 0x02, 0xf8, 0xff, 0x02, 0x02, 0xf8, 0xff, 0x02, 0x02, 0xf8, 0xff, 0x02, 0x02,
0xf8, 0xff, 0x02, 0x02, 0xf8, 0xff, 0x02, 0x02, 0xf7, 0xff, 0x02, 0x02, 0xf7, 0xff, 0x02,
0x02, 0xf7, 0xff, 0x02, 0x02, 0xf7, 0xff, 0x02, 0x02, 0xf7, 0xff, 0x02, 0x02, 0xf6, 0xff,
0x02, 0x02, 0xf6, 0xff, 0x02, 0x02, 0xf6, 0xff, 0x02, 0x02, 0xf6, 0xff, 0x02, 0x02, 0xf6,
0xff, 0x02, 0x02, 0xf6, 0xff, 0x02, 0x02, 0xf5, 0xff, 0x02, 0x02, 0xf5, 0xff, 0x02, 0x02,
0xf5, 0xff, 0x02, 0x02, 0xf5, 0xff, 0x02, 0x02, 0xf5, 0xff, 0x02, 0x02, 0xf4, 0xff, 0x02,
0x02, 0xf4, 0xff, 0x02, 0x02, 0xf4, 0xff, 0x02, 0x02, 0xf4, 0xff, 0x02, 0x02, 0xf4, 0xff,
0x02, 0x02, 0xf4, 0xff, 0x02, 0x02, 0xf3, 0xff, 0x02, 0x02, 0xf3, 0xff, 0x02, 0x02, 0xf3,
0xff, 0x02, 0x02, 0xf3, 0xff, 0x02, 0x02, 0xf3, 0xff, 0x02, 0x02, 0xf2, 0xff, 0x02, 0x02,
0xf2, 0xa3, 0x01, 0x01, 0xef, 0x3a, 0x01, 0x01, 0xea, 0x00, 0x01, 0x01, 0xe2, 0x00, 0x01,
0x01, 0xea, 0x00, 0x01, 0x01, 0xed, 0x00, 0x01, 0x01, 0xea, 0x00, 0x01, 0x01, 0xdd, 0x00,
0x01, 0x01, 0xb3, 0x00, 0x01, 0x01, 0xe5, 0x00, 0x01, 0x01, 0xea, 0x00, 0x01, 0x01, 0xdf,
0x00, 0x01, 0x01, 0xe9, 0x00, 0x01, 0x01, 0xea, 0x00, 0x01, 0x01, 0xea, 0x00, 0x01, 0x01,
0xe9, 0x00, 0x01, 0x01, 0xeb, 0x00, 0x01, 0x01, 0xd4, 0x00, 0x01, 0x01, 0x81, 0x00, 0x01,
0x01, 0x7f, 0x00, 0x01, 0x01, 0x80, 0x00, 0x01, 0x01, 0x80, 0x00, 0x01, 0x01, 0x80, 0x00,
0x01, 0x01, 0x80, 0x00, 0x01, 0x01, 0x80, 0x00, 0x01, 0x01, 0x80, 0x00, 0x01, 0x01, 0x80,
0x00, 0x01, 0x01, 0x80, 0x00, 0x01, 0x01, 0x80, 0x00, 0x01, 0x01, 0x80, 0x00, 0x01, 0x01,
0x80, 0x00, 0xff, 0xff, 0xff, 0x00, 0xff, 0xff, 0xff, 0x00, 0xff, 0xff, 0xff, 0x00, 0xff,
0xff, 0xff, 0x00, 0xff, 0xff, 0xff, 0x00, 0xff, 0xff, 0xff, 0x00, 0xff, 0xff, 0xff, 0x00,
0xff, 0xff, 0xff, 0x00, 0xff, 0xff, 0xff, 0x00, 0xff, 0xff, 0xff, 0x00, 0xff, 0xff, 0xff,
0x00, 0xff, 0xff, 0xff, 0x00, 0xff, 0xff, 0xff, 0x00, 0xff, 0xff, 0xff, 0x00, 0xff, 0xff,
0xff, 0x00, 0x01, 0x01, 0xab, 0x00, 0x01, 0x01, 0xab, 0x00, 0x01, 0x01, 0xab, 0x00, 0x01,
0x01, 0xab, 0x00, 0x01, 0x01, 0xab, 0x00, 0x01, 0x01, 0xab, 0x00, 0x01, 0x01, 0xab, 0x00,
0x01, 0x01, 0xab, 0x00, 0x01, 0x01, 0xab, 0x00, 0x01, 0x01, 0xab, 0x00, 0x01, 0x01, 0xab,
0x00, 0x01, 0x01, 0xab, 0x00, 0x01, 0x01, 0xaa, 0x00, 0x01, 0x01, 0xae, 0x00, 0x01, 0x01,
0xec, 0x00, 0x01, 0x01, 0xfa, 0x00, 0x01, 0x01, 0xf9, 0x00, 0x01, 0x01, 0xf9, 0x00, 0x01,
0x01, 0xd3, 0x00, 0x01, 0x01, 0xe6, 0x00, 0x01, 0x01, 0xe0, 0x00, 0x01, 0x01, 0xf0, 0x00,
0x01, 0x01, 0xe8, 0x00, 0x01, 0x01, 0xf3, 0x00, 0x01, 0x01, 0xec, 0x00, 0x01, 0x01, 0xf2,
0x00, 0x01, 0x01, 0xf7, 0x00, 0x01, 0x01, 0xd7, 0x12, 0x02, 0x02, 0xe5, 0x76, 0x02, 0x02,
0xfc, 0xed, 0x02, 0x02, 0xfc, 0xff, 0x02, 0x02, 0xfb, 0xff, 0x02, 0x02, 0xfb, 0xff, 0x02,
0x02, 0xfb, 0xff, 0x02, 0x02, 0xfb, 0xff, 0x02, 0x02, 0xfb, 0xff, 0x02, 0x02, 0xfa, 0xff,
0x02, 0x02, 0xfa, 0xff, 0x02, 0x02, 0xfa, 0xff, 0x02, 0x02, 0xfa, 0xff, 0x02, 0x02, 0xfa,
0xff, 0x02, 0x02, 0xf9, 0xff, 0x02, 0x02, 0xf9, 0xff, 0x02, 0x02, 0xf9, 0xff, 0x02, 0x02,
0xf9, 0xff, 0x02, 0x02, 0xf9, 0xff, 0x02, 0x02, 0xf8, 0xff, 0x02, 0x02, 0xf8, 0xff, 0x02,
0x02, 0xf8, 0xff, 0x02, 0x02, 0xf8, 0xff, 0x02, 0x02, 0xf8, 0xff, 0x02, 0x02, 0xf7, 0xff,
0x02, 0x02, 0xf7, 0xff, 0x02, 0x02, 0xf7, 0xff, 0x02, 0x02, 0xf7, 0xff, 0x02, 0x02, 0xf7,
0xff, 0x02, 0x02, 0xf6, 0xff, 0x02, 0x02, 0xf6, 0xff, 0x02, 0x02, 0xf6, 0xff, 0x02, 0x02,
0xf6, 0xff, 0x02, 0x02, 0xf6, 0xff, 0x02, 0x02, 0xf6, 0xff, 0x02, 0x02, 0xf6, 0xff, 0x02,
0x02, 0xf5, 0xff, 0x02, 0x02, 0xf5, 0xff, 0x02, 0x02, 0xf5, 0xff, 0x02, 0x02, 0xf5, 0xff,
0x02, 0x02, 0xf5, 0xff, 0x02, 0x02, 0xf4, 0xff, 0x02, 0x02, 0xf4, 0xff, 0x02, 0x02, 0xf4,
0xff, 0x02, 0x02, 0xf4, 0xff, 0x02, 0x02, 0xf4, 0xff, 0x02, 0x02, 0xf3, 0xff, 0x02, 0x02,
0xf3, 0xff, 0x02, 0x02, 0xf3, 0xff, 0x02, 0x02, 0xf3, 0xff, 0x02, 0x02, 0xf3, 0xff, 0x02,
0x02, 0xf2, 0xff, 0x02, 0x02, 0xf2, 0xff, 0x02, 0x02, 0xf2, 0xff, 0x02, 0x02, 0xf2, 0xff,
0x02, 0x02, 0xf2, 0xff, 0x02, 0x02, 0xf1, 0xfd, 0x02, 0x02, 0xf0, 0x95, 0x01, 0x01, 0xe3,
0x2a, 0x01, 0x01, 0xea, 0x00, 0x01, 0x01, 0xed, 0x00, 0x01, 0x01, 0xea, 0x00, 0x01, 0x01,
0xdd, 0x00, 0x01, 0x01, 0xb3, 0x00, 0x01, 0x01, 0xe5, 0x00, 0x01, 0x01, 0xea, 0x00, 0x01,
0x01, 0xdf, 0x00, 0x01, 0x01, 0xe9, 0x00, 0x01, 0x01, 0xea, 0x00, 0x01, 0x01, 0xea, 0x00,
0x01, 0x01, 0xe9, 0x00, 0x01, 0x01, 0xeb, 0x00, 0x01, 0x01, 0xd4, 0x00, 0x01, 0x01, 0x81,
0x00, 0x01, 0x01, 0x7f, 0x00, 0x01, 0x01, 0x80, 0x00, 0x01, 0x01, 0x80, 0x00, 0x01, 0x01,
0x80, 0x00, 0x01, 0x01, 0x80, 0x00, 0x01, 0x01, 0x80, 0x00, 0x01, 0x01, 0x80, 0x00, 0x01,
0x01, 0x80, 0x00, 0x01, 0x01, 0x80, 0x00, 0x01, 0x01, 0x80, 0x00, 0x01, 0x01, 0x80, 0x00,
0x01, 0x01, 0x80, 0x00, 0xff, 0xff, 0xff, 0x00, 0xff, 0xff, 0xff, 0x00, 0xff, 0xff, 0xff,
0x00, 0xff, 0xff, 0xff, 0x00, 0xff, 0xff, 0xff, 0x00, 0xff, 0xff, 0xff, 0x00, 0xff, 0xff,
0xff, 0x00, 0xff, 0xff, 0xff, 0x00, 0xff, 0xff, 0xff, 0x00, 0xff, 0xff, 0xff, 0x00, 0xff,
0xff, 0xff, 0x00, 0xff, 0xff, 0xff, 0x00, 0xff, 0xff, 0xff, 0x00, 0xff, 0xff, 0xff, 0x00,
0xff, 0xff, 0xff, 0x00, 0x01, 0x01, 0xab, 0x00, 0x01, 0x01, 0xab, 0x00, 0x01, 0x01, 0xab,
0x00, 0x01, 0x01, 0xab, 0x00, 0x01, 0x01, 0xab, 0x00, 0x01, 0x01, 0xab, 0x00, 0x01, 0x01,
0xab, 0x00, 0x01, 0x01, 0xab, 0x00, 0x01, 0x01, 0xab, 0x00, 0x01, 0x01, 0xab, 0x00, 0x01,
0x01, 0xab, 0x00, 0x01, 0x01, 0xab, 0x00, 0x01, 0x01, 0xaa, 0x00, 0x01, 0x01, 0xae, 0x00,
0x01, 0x01, 0xec, 0x00, 0x01, 0x01, 0xfa, 0x00, 0x01, 0x01, 0xf9, 0x00, 0x01, 0x01, 0xf9,
0x00, 0x01, 0x01, 0xd3, 0x00, 0x01, 0x01, 0xe6, 0x00, 0x01, 0x01, 0xe0, 0x00, 0x01, 0x01,
0xf0, 0x00, 0x01, 0x01, 0xe8, 0x00, 0x01, 0x01, 0xf3, 0x00, 0x01, 0x01, 0xec, 0x00, 0x01,
0x01, 0xf2, 0x00, 0x01, 0x01, 0xf4, 0x40, 0x02, 0x02, 0xfd, 0xd3, 0x02, 0x02, 0xfd, 0xff,
0x02, 0x02, 0xfb, 0xff, 0x02, 0x02, 0xfb, 0xff, 0x02, 0x02, 0xfb, 0xff, 0x02, 0x02, 0xfb,
0xff, 0x02, 0x02, 0xfa, 0xff, 0x02, 0x02, 0xfa, 0xff, 0x02, 0x02, 0xfa, 0xff, 0x02, 0x02,
0xfa, 0xff, 0x02, 0x02, 0xfa, 0xff, 0x02, 0x02, 0xf9, 0xff, 0x02, 0x02, 0xf9, 0xff, 0x02,
0x02, 0xf9, 0xff, 0x02, 0x02, 0xf9, 0xff, 0x02, 0x02, 0xf9, 0xff, 0x02, 0x02, 0xf8, 0xff,
0x02, 0x02, 0xf8, 0xff, 0x02, 0x02, 0xf8, 0xff, 0x02, 0x02, 0xf8, 0xff, 0x02, 0x02, 0xf8,
0xff, 0x02, 0x02, 0xf8, 0xff, 0x02, 0x02, 0xf7, 0xff, 0x02, 0x02, 0xf7, 0xff, 0x02, 0x02,
0xf7, 0xff, 0x02, 0x02, 0xf7, 0xff, 0x02, 0x02, 0xf7, 0xff, 0x02, 0x02, 0xf6, 0xff, 0x02,
0x02, 0xf6, 0xff, 0x02, 0x02, 0xf6, 0xff, 0x02, 0x02, 0xf6, 0xff, 0x02, 0x02, 0xf6, 0xff,
0x02, 0x02, 0xf6, 0xff, 0x02, 0x02, 0xf5, 0xff, 0x02, 0x02, 0xf5, 0xff, 0x02, 0x02, 0xf5,
0xff, 0x02, 0x02, 0xf5, 0xff, 0x02, 0x02, 0xf5, 0xff, 0x02, 0x02, 0xf4, 0xff, 0x02, 0x02,
0xf4, 0xff, 0x02, 0x02, 0xf4, 0xff, 0x02, 0x02, 0xf4, 0xff, 0x02, 0x02, 0xf4, 0xff, 0x02,
0x02, 0xf3, 0xff, 0x02, 0x02, 0xf3, 0xff, 0x02, 0x02, 0xf3, 0xff, 0x02, 0x02, 0xf3, 0xff,
0x02, 0x02, 0xf3, 0xff, 0x02, 0x02, 0xf2, 0xff, 0x02, 0x02, 0xf2, 0xff, 0x02, 0x02, 0xf2,
0xff, 0x02, 0x02, 0xf2, 0xff, 0x02, 0x02, 0xf2, 0xff, 0x02, 0x02, 0xf1, 0xff, 0x02, 0x02,
0xf1, 0xff, 0x02, 0x02, 0xf1, 0xff, 0x02, 0x02, 0xf1, 0xff, 0x02, 0x02, 0xf1, 0xff, 0x02,
0x02, 0xf0, 0xef, 0x01, 0x01, 0xed, 0x64, 0x01, 0x01, 0xed, 0x04, 0x01, 0x01, 0xea, 0x00,
0x01, 0x01, 0xdd, 0x00, 0x01, 0x01, 0xb3, 0x00, 0x01, 0x01, 0xe5, 0x00, 0x01, 0x01, 0xea,
0x00, 0x01, 0x01, 0xdf, 0x00, 0x01, 0x01, 0xe9, 0x00, 0x01, 0x01, 0xea, 0x00, 0x01, 0x01,
0xea, 0x00, 0x01, 0x01, 0xe9, 0x00, 0x01, 0x01, 0xeb, 0x00, 0x01, 0x01, 0xd4, 0x00, 0x01,
0x01, 0x81, 0x00, 0x01, 0x01, 0x7f, 0x00, 0x01, 0x01, 0x80, 0x00, 0x01, 0x01, 0x80, 0x00,
0x01, 0x01, 0x80, 0x00, 0x01, 0x01, 0x80, 0x00, 0x01, 0x01, 0x80, 0x00, 0x01, 0x01, 0x80,
0x00, 0x01, 0x01, 0x80, 0x00, 0x01, 0x01, 0x80, 0x00, 0x01, 0x01, 0x80, 0x00, 0x01, 0x01,
0x80, 0x00, 0x01, 0x01, 0x80, 0x00, 0xff, 0xff, 0xff, 0x00, 0xff, 0xff, 0xff, 0x00, 0xff,
0xff, 0xff, 0x00, 0xff, 0xff, 0xff, 0x00, 0xff, 0xff, 0xff, 0x00, 0xff, 0xff, 0xff, 0x00,
0xff, 0xff, 0xff, 0x00, 0xff, 0xff, 0xff, 0x00, 0xff, 0xff, 0xff, 0x00, 0xff, 0xff, 0xff,
0x00, 0xff, 0xff, 0xff, 0x00, 0xff, 0xff, 0xff, 0x00, 0xff, 0xff, 0xff, 0x00, 0xff, 0xff,
0xff, 0x00, 0xff, 0xff, 0xff, 0x00, 0x01, 0x01, 0xab, 0x00, 0x01, 0x01, 0xab, 0x00, 0x01,
0x01, 0xab, 0x00, 0x01, 0x01, 0xab, 0x00, 0x01, 0x01, 0xab, 0x00, 0x01, 0x01, 0xab, 0x00,
0x01, 0x01, 0xab, 0x00, 0x01, 0x01, 0xab, 0x00, 0x01, 0x01, 0xab, 0x00, 0x01, 0x01, 0xab,
0x00, 0x01, 0x01, 0xab, 0x00, 0x01, 0x01, 0xab, 0x00, 0x01, 0x01, 0xaa, 0x00, 0x01, 0x01,
0xae, 0x00, 0x01, 0x01, 0xec, 0x00, 0x01, 0x01, 0xfa, 0x00, 0x01, 0x01, 0xf9, 0x00, 0x01,
0x01, 0xf9, 0x00, 0x01, 0x01, 0xd3, 0x00, 0x01, 0x01, 0xe6, 0x00, 0x01, 0x01, 0xe0, 0x00,
0x01, 0x01, 0xf0, 0x00, 0x01, 0x01, 0xe8, 0x00, 0x01, 0x01, 0xf3, 0x00, 0x01, 0x01, 0xed,
0x15, 0x02, 0x02, 0xf8, 0x9a, 0x02, 0x02, 0xfb, 0xff, 0x02, 0x02, 0xfb, 0xff, 0x02, 0x02,
0xfb, 0xff, 0x02, 0x02, 0xfb, 0xff, 0x02, 0x02, 0xfa, 0xff, 0x02, 0x02, 0xfa, 0xff, 0x02,
0x02, 0xfa, 0xff, 0x02, 0x02, 0xfa, 0xff, 0x02, 0x02, 0xfa, 0xff, 0x02, 0x02, 0xf9, 0xff,
0x02, 0x02, 0xf9, 0xff, 0x02, 0x02, 0xf9, 0xff, 0x02, 0x02, 0xf9, 0xff, 0x02, 0x02, 0xf9,
0xff, 0x02, 0x02, 0xf9, 0xff, 0x02, 0x02, 0xf8, 0xff, 0x02, 0x02, 0xf8, 0xff, 0x02, 0x02,
0xf8, 0xff, 0x02, 0x02, 0xf8, 0xff, 0x02, 0x02, 0xf8, 0xff, 0x02, 0x02, 0xf7, 0xff, 0x02,
0x02, 0xf7, 0xff, 0x02, 0x02, 0xf7, 0xff, 0x02, 0x02, 0xf7, 0xff, 0x02, 0x02, 0xf6, 0xff,
0x02, 0x02, 0xf6, 0xff, 0x02, 0x02, 0xf6, 0xff, 0x02, 0x02, 0xf6, 0xff, 0x02, 0x02, 0xf6,
0xff, 0x02, 0x02, 0xf6, 0xff, 0x02, 0x02, 0xf6, 0xff, 0x02, 0x02, 0xf5, 0xff, 0x02, 0x02,
0xf5, 0xff, 0x02, 0x02, 0xf5, 0xff, 0x02, 0x02, 0xf5, 0xff, 0x02, 0x02, 0xf5, 0xff, 0x02,
0x02, 0xf4, 0xff, 0x02, 0x02, 0xf4, 0xff, 0x02, 0x02, 0xf4, 0xff, 0x02, 0x02, 0xf4, 0xff,
0x02, 0x02, 0xf4, 0xff, 0x02, 0x02, 0xf3, 0xff, 0x02, 0x02, 0xf3, 0xff, 0x02, 0x02, 0xf3,
0xff, 0x02, 0x02, 0xf3, 0xff, 0x02, 0x02, 0xf3, 0xff, 0x02, 0x02, 0xf3, 0xff, 0x02, 0x02,
0xf2, 0xff, 0x02, 0x02, 0xf2, 0xff, 0x02, 0x02, 0xf2, 0xff, 0x02, 0x02, 0xf2, 0xff, 0x02,
0x02, 0xf2, 0xff, 0x02, 0x02, 0xf1, 0xff, 0x02, 0x02, 0xf1, 0xff, 0x02, 0x02, 0xf1, 0xff,
0x02, 0x02, 0xf1, 0xff, 0x02, 0x02, 0xf1, 0xff, 0x02, 0x02, 0xf1, 0xff, 0x02, 0x02, 0xf0,
0xff, 0x02, 0x02, 0xf0, 0xff, 0x02, 0x02, 0xf0, 0xff, 0x02, 0x02, 0xef, 0xbe, 0x01, 0x01,
0xeb, 0x26, 0x01, 0x01, 0xdd, 0x00, 0x01, 0x01, 0xb3, 0x00, 0x01, 0x01, 0xe5, 0x00, 0x01,
0x01, 0xea, 0x00, 0x01, 0x01, 0xdf, 0x00, 0x01, 0x01, 0xe9, 0x00, 0x01, 0x01, 0xea, 0x00,
0x01, 0x01, 0xea, 0x00, 0x01, 0x01, 0xe9, 0x00, 0x01, 0x01, 0xeb, 0x00, 0x01, 0x01, 0xd4,
0x00, 0x01, 0x01, 0x81, 0x00, 0x01, 0x01, 0x7f, 0x00, 0x01, 0x01, 0x80, 0x00, 0x01, 0x01,
0x80, 0x00, 0x01, 0x01, 0x80, 0x00, 0x01, 0x01, 0x80, 0x00, 0x01, 0x01, 0x80, 0x00, 0x01,
0x01, 0x80, 0x00, 0x01, 0x01, 0x80, 0x00, 0x01, 0x01, 0x80, 0x00, 0x01, 0x01, 0x80, 0x00,
0x01, 0x01, 0x80, 0x00, 0x01, 0x01, 0x80, 0x00, 0xff, 0xff, 0xff, 0x00, 0xff, 0xff, 0xff,
0x00, 0xff, 0xff, 0xff, 0x00, 0xff, 0xff, 0xff, 0x00, 0xff, 0xff, 0xff, 0x00, 0xff, 0xff,
0xff, 0x00, 0xff, 0xff, 0xff, 0x00, 0xff, 0xff, 0xff, 0x00, 0xff, 0xff, 0xff, 0x00, 0xff,
0xff, 0xff, 0x00, 0xff, 0xff, 0xff, 0x00, 0xff, 0xff, 0xff, 0x00, 0xff, 0xff, 0xff, 0x00,
0xff, 0xff, 0xff, 0x00, 0xff, 0xff, 0xff, 0x00, 0x01, 0x01, 0xab, 0x00, 0x01, 0x01, 0xab,
0x00, 0x01, 0x01, 0xab, 0x00, 0x01, 0x01, 0xab, 0x00, 0x01, 0x01, 0xab, 0x00, 0x01, 0x01,
0xab, 0x00, 0x01, 0x01, 0xab, 0x00, 0x01, 0x01, 0xab, 0x00, 0x01, 0x01, 0xab, 0x00, 0x01,
0x01, 0xab, 0x00, 0x01, 0x01, 0xab, 0x00, 0x01, 0x01, 0xab, 0x00, 0x01, 0x01, 0xaa, 0x00,
0x01, 0x01, 0xae, 0x00, 0x01, 0x01, 0xec, 0x00, 0x01, 0x01, 0xfa, 0x00, 0x01, 0x01, 0xf9,
0x00, 0x01, 0x01, 0xf9, 0x00, 0x01, 0x01, 0xd3, 0x00, 0x01, 0x01, 0xe6, 0x00, 0x01, 0x01,
0xe0, 0x00, 0x01, 0x01, 0xf0, 0x00, 0x01, 0x01, 0xe7, 0x00, 0x01, 0x01, 0xf5, 0x3f, 0x02,
0x02, 0xfb, 0xdd, 0x02, 0x02, 0xfb, 0xff, 0x02, 0x02, 0xfb, 0xff, 0x02, 0x02, 0xfa, 0xff,
0x02, 0x02, 0xfa, 0xff, 0x02, 0x02, 0xfa, 0xff, 0x02, 0x02, 0xfa, 0xff, 0x02, 0x02, 0xfa,
0xff, 0x02, 0x02, 0xfa, 0xff, 0x02, 0x02, 0xf9, 0xff, 0x02, 0x02, 0xf9, 0xff, 0x02, 0x02,
0xf9, 0xff, 0x02, 0x02, 0xf9, 0xff, 0x02, 0x02, 0xf8, 0xff, 0x02, 0x02, 0xf8, 0xff, 0x02,
0x02, 0xf8, 0xff, 0x02, 0x02, 0xf8, 0xff, 0x02, 0x02, 0xf8, 0xff, 0x02, 0x02, 0xf7, 0xff,
0x02, 0x02, 0xf7, 0xff, 0x02, 0x02, 0xf7, 0xff, 0x02, 0x02, 0xf7, 0xff, 0x02, 0x02, 0xf7,
0xff, 0x02, 0x02, 0xf6, 0xff, 0x02, 0x02, 0xf6, 0xff, 0x02, 0x02, 0xf6, 0xff, 0x02, 0x02,
0xf6, 0xff, 0x02, 0x02, 0xf6, 0xff, 0x02, 0x02, 0xf6, 0xff, 0x02, 0x02, 0xf6, 0xff, 0x02,
0x02, 0xf5, 0xff, 0x02, 0x02, 0xf5, 0xff, 0x02, 0x02, 0xf5, 0xff, 0x02, 0x02, 0xf5, 0xff,
0x02, 0x02, 0xf5, 0xff, 0x02, 0x02, 0xf4, 0xff, 0x02, 0x02, 0xf4, 0xff, 0x02, 0x02, 0xf4,
0xff, 0x02, 0x02, 0xf4, 0xff, 0x02, 0x02, 0xf4, 0xff, 0x02, 0x02, 0xf4, 0xff, 0x02, 0x02,
0xf3, 0xff, 0x02, 0x02, 0xf3, 0xff, 0x02, 0x02, 0xf3, 0xff, 0x02, 0x02, 0xf3, 0xff, 0x02,
0x02, 0xf3, 0xff, 0x02, 0x02, 0xf2, 0xff, 0x02, 0x02, 0xf2, 0xff, 0x02, 0x02, 0xf2, 0xff,
0x02, 0x02, 0xf2, 0xff, 0x02, 0x02, 0xf1, 0xff, 0x02, 0x02, 0xf1, 0xff, 0x02, 0x02, 0xf1,
0xff, 0x02, 0x02, 0xf1, 0xff, 0x02, 0x02, 0xf1, 0xff, 0x02, 0x02, 0xf1, 0xff, 0x02, 0x02,
0xf1, 0xff, 0x02, 0x02, 0xf0, 0xff, 0x02, 0x02, 0xf0, 0xff, 0x02, 0x02, 0xf0, 0xff, 0x02,
0x02, 0xf0, 0xff, 0x02, 0x02, 0xf0, 0xff, 0x02, 0x02, 0xef, 0xff, 0x02, 0x02, 0xef, 0xff,
0x02, 0x02, 0xf0, 0xee, 0x01, 0x01, 0xe1, 0x57, 0x01, 0x01, 0xb1, 0x00, 0x01, 0x01, 0xe5,
0x00, 0x01, 0x01, 0xea, 0x00, 0x01, 0x01, 0xdf, 0x00, 0x01, 0x01, 0xe9, 0x00, 0x01, 0x01,
0xea, 0x00, 0x01, 0x01, 0xea, 0x00, 0x01, 0x01, 0xe9, 0x00, 0x01, 0x01, 0xeb, 0x00, 0x01,
0x01, 0xd4, 0x00, 0x01, 0x01, 0x81, 0x00, 0x01, 0x01, 0x7f, 0x00, 0x01, 0x01, 0x80, 0x00,
0x01, 0x01, 0x80, 0x00, 0x01, 0x01, 0x80, 0x00, 0x01, 0x01, 0x80, 0x00, 0x01, 0x01, 0x80,
0x00, 0x01, 0x01, 0x80, 0x00, 0x01, 0x01, 0x80, 0x00, 0x01, 0x01, 0x80, 0x00, 0x01, 0x01,
0x80, 0x00, 0x01, 0x01, 0x80, 0x00, 0x01, 0x01, 0x80, 0x00, 0xff, 0xff, 0xff, 0x00, 0xff,
0xff, 0xff, 0x00, 0xff, 0xff, 0xff, 0x00, 0xff, 0xff, 0xff, 0x00, 0xff, 0xff, 0xff, 0x00,
0xff, 0xff, 0xff, 0x00, 0xff, 0xff, 0xff, 0x00, 0xff, 0xff, 0xff, 0x00, 0xff, 0xff, 0xff,
0x00, 0xff, 0xff, 0xff, 0x00, 0xff, 0xff, 0xff, 0x00, 0xff, 0xff, 0xff, 0x00, 0xff, 0xff,
0xff, 0x00, 0xff, 0xff, 0xff, 0x00, 0xff, 0xff, 0xff, 0x00, 0x01, 0x01, 0xab, 0x00, 0x01,
0x01, 0xab, 0x00, 0x01, 0x01, 0xab, 0x00, 0x01, 0x01, 0xab, 0x00, 0x01, 0x01, 0xab, 0x00,
0x01, 0x01, 0xab, 0x00, 0x01, 0x01, 0xab, 0x00, 0x01, 0x01, 0xab, 0x00, 0x01, 0x01, 0xab,
0x00, 0x01, 0x01, 0xab, 0x00, 0x01, 0x01, 0xab, 0x00, 0x01, 0x01, 0xab, 0x00, 0x01, 0x01,
0xaa, 0x00, 0x01, 0x01, 0xae, 0x00, 0x01, 0x01, 0xec, 0x00, 0x01, 0x01, 0xfa, 0x00, 0x01,
0x01, 0xf9, 0x00, 0x01, 0x01, 0xf9, 0x00, 0x01, 0x01, 0xd3, 0x00, 0x01, 0x01, 0xe6, 0x00,
0x01, 0x01, 0xdf, 0x00, 0x01, 0x01, 0xf1, 0x00, 0x01, 0x01, 0xf0, 0x7a, 0x02, 0x02, 0xfc,
0xfc, 0x02, 0x02, 0xfb, 0xff, 0x02, 0x02, 0xfa, 0xff, 0x02, 0x02, 0xfa, 0xff, 0x02, 0x02,
0xfa, 0xff, 0x02, 0x02, 0xfa, 0xff, 0x02, 0x02, 0xfa, 0xff, 0x02, 0x02, 0xf9, 0xff, 0x02,
0x02, 0xf9, 0xff, 0x02, 0x02, 0xf9, 0xff, 0x02, 0x02, 0xf9, 0xff, 0x02, 0x02, 0xf9, 0xff,
0x02, 0x02, 0xf8, 0xff, 0x02, 0x02, 0xf8, 0xff, 0x02, 0x02, 0xf8, 0xff, 0x02, 0x02, 0xf8,
0xff, 0x02, 0x02, 0xf8, 0xff, 0x02, 0x02, 0xf7, 0xff, 0x02, 0x02, 0xf7, 0xff, 0x02, 0x02,
0xf7, 0xff, 0x02, 0x02, 0xf7, 0xff, 0x02, 0x02, 0xf7, 0xff, 0x02, 0x02, 0xf6, 0xff, 0x02,
0x02, 0xf6, 0xff, 0x02, 0x02, 0xf6, 0xff, 0x02, 0x02, 0xf6, 0xff, 0x02, 0x02, 0xf6, 0xff,
0x02, 0x02, 0xf6, 0xff, 0x02, 0x02, 0xf6, 0xff, 0x02, 0x02, 0xf5, 0xff, 0x02, 0x02, 0xf5,
0xff, 0x02, 0x02, 0xf5, 0xff, 0x02, 0x02, 0xf5, 0xff, 0x02, 0x02, 0xf5, 0xff, 0x02, 0x02,
0xf4, 0xff, 0x02, 0x02, 0xf4, 0xff, 0x02, 0x02, 0xf4, 0xff, 0x02, 0x02, 0xf4, 0xff, 0x02,
0x02, 0xf3, 0xff, 0x02, 0x02, 0xf3, 0xff, 0x02, 0x02, 0xf3, 0xff, 0x02, 0x02, 0xf3, 0xff,
0x02, 0x02, 0xf3, 0xff, 0x02, 0x02, 0xf2, 0xff, 0x02, 0x02, 0xf2, 0xff, 0x02, 0x02, 0xf2,
0xff, 0x02, 0x02, 0xf2, 0xff, 0x02, 0x02, 0xf2, 0xff, 0x02, 0x02, 0xf2, 0xff, 0x02, 0x02,
0xf1, 0xff, 0x02, 0x02, 0xf1, 0xff, 0x02, 0x02, 0xf1, 0xff, 0x02, 0x02, 0xf1, 0xff, 0x02,
0x02, 0xf1, 0xff, 0x02, 0x02, 0xf1, 0xff, 0x02, 0x02, 0xf0, 0xff, 0x02, 0x02, 0xf0, 0xff,
0x02, 0x02, 0xf0, 0xff, 0x02, 0x02, 0xf0, 0xff, 0x02, 0x02, 0xf0, 0xff, 0x02, 0x02, 0xf0,
0xff, 0x02, 0x02, 0xef, 0xff, 0x02, 0x02, 0xef, 0xff, 0x02, 0x02, 0xef, 0xff, 0x02, 0x02,
0xef, 0xff, 0x02, 0x02, 0xef, 0xff, 0x02, 0x02, 0xed, 0xff, 0x02, 0x02, 0xdf, 0x8e, 0x01,
0x01, 0xe2, 0x01, 0x01, 0x01, 0xea, 0x00, 0x01, 0x01, 0xdf, 0x00, 0x01, 0x01, 0xe9, 0x00,
0x01, 0x01, 0xea, 0x00, 0x01, 0x01, 0xea, 0x00, 0x01, 0x01, 0xe9, 0x00, 0x01, 0x01, 0xeb,
0x00, 0x01, 0x01, 0xd4, 0x00, 0x01, 0x01, 0x81, 0x00, 0x01, 0x01, 0x7f, 0x00, 0x01, 0x01,
0x80, 0x00, 0x01, 0x01, 0x80, 0x00, 0x01, 0x01, 0x80, 0x00, 0x01, 0x01, 0x80, 0x00, 0x01,
0x01, 0x80, 0x00, 0x01, 0x01, 0x80, 0x00, 0x01, 0x01, 0x80, 0x00, 0x01, 0x01, 0x80, 0x00,
0x01, 0x01, 0x80, 0x00, 0x01, 0x01, 0x80, 0x00, 0x01, 0x01, 0x80, 0x00, 0xff, 0xff, 0xff,
0x00, 0xff, 0xff, 0xff, 0x00, 0xff, 0xff, 0xff, 0x00, 0xff, 0xff, 0xff, 0x00, 0xff, 0xff,
0xff, 0x00, 0xff, 0xff, 0xff, 0x00, 0xff, 0xff, 0xff, 0x00, 0xff, 0xff, 0xff, 0x00, 0xff,
0xff, 0xff, 0x00, 0xff, 0xff, 0xff, 0x00, 0xff, 0xff, 0xff, 0x00, 0xff, 0xff, 0xff, 0x00,
0xff, 0xff, 0xff, 0x00, 0xff, 0xff, 0xff, 0x00, 0xff, 0xff, 0xff, 0x00, 0x01, 0x01, 0xab,
0x00, 0x01, 0x01, 0xab, 0x00, 0x01, 0x01, 0xab, 0x00, 0x01, 0x01, 0xab, 0x00, 0x01, 0x01,
0xab, 0x00, 0x01, 0x01, 0xab, 0x00, 0x01, 0x01, 0xab, 0x00, 0x01, 0x01, 0xab, 0x00, 0x01,
0x01, 0xab, 0x00, 0x01, 0x01, 0xab, 0x00, 0x01, 0x01, 0xab, 0x00, 0x01, 0x01, 0xab, 0x00,
0x01, 0x01, 0xaa, 0x00, 0x01, 0x01, 0xae, 0x00, 0x01, 0x01, 0xec, 0x00, 0x01, 0x01, 0xfa,
0x00, 0x01, 0x01, 0xf9, 0x00, 0x01, 0x01, 0xf9, 0x00, 0x01, 0x01, 0xd3, 0x00, 0x01, 0x01,
0xe5, 0x00, 0x01, 0x01, 0xdf, 0x0f, 0x02, 0x02, 0xfb, 0xae, 0x02, 0x02, 0xfb, 0xff, 0x02,
0x02, 0xfa, 0xff, 0x02, 0x02, 0xfa, 0xff, 0x02, 0x02, 0xfa, 0xff, 0x02, 0x02, 0xfa, 0xff,
0x02, 0x02, 0xf9, 0xff, 0x02, 0x02, 0xf9, 0xff, 0x02, 0x02, 0xf9, 0xff, 0x02, 0x02, 0xf9,
0xff, 0x02, 0x02, 0xf9, 0xff, 0x02, 0x02, 0xf8, 0xff, 0x02, 0x02, 0xf8, 0xff, 0x02, 0x02,
0xf8, 0xff, 0x02, 0x02, 0xf8, 0xff, 0x02, 0x02, 0xf8, 0xff, 0x02, 0x02, 0xf8, 0xff, 0x02,
0x02, 0xf7, 0xff, 0x02, 0x02, 0xf7, 0xff, 0x02, 0x02, 0xf7, 0xff, 0x02, 0x02, 0xf7, 0xff,
0x02, 0x02, 0xf7, 0xff, 0x02, 0x02, 0xf6, 0xff, 0x02, 0x02, 0xf6, 0xff, 0x02, 0x02, 0xf6,
0xff, 0x02, 0x02, 0xf6, 0xff, 0x02, 0x02, 0xf6, 0xff, 0x02, 0x02, 0xf6, 0xff, 0x02, 0x02,
0xf5, 0xff, 0x02, 0x02, 0xf5, 0xff, 0x02, 0x02, 0xf5, 0xff, 0x02, 0x02, 0xf5, 0xff, 0x02,
0x02, 0xf4, 0xff, 0x02, 0x02, 0xf4, 0xff, 0x02, 0x02, 0xf4, 0xff, 0x02, 0x02, 0xf4, 0xff,
0x02, 0x02, 0xf4, 0xff, 0x02, 0x02, 0xf3, 0xff, 0x02, 0x02, 0xf3, 0xff, 0x02, 0x02, 0xf3,
0xff, 0x02, 0x02, 0xf3, 0xff, 0x02, 0x02, 0xf3, 0xff, 0x02, 0x02, 0xf3, 0xff, 0x02, 0x02,
0xf2, 0xff, 0x02, 0x02, 0xf2, 0xff, 0x02, 0x02, 0xf2, 0xff, 0x02, 0x02, 0xf2, 0xff, 0x02,
0x02, 0xf2, 0xff, 0x02, 0x02, 0xf1, 0xff, 0x02, 0x02, 0xf1, 0xff, 0x02, 0x02, 0xf1, 0xff,
0x02, 0x02, 0xf1, 0xff, 0x02, 0x02, 0xf1, 0xff, 0x02, 0x02, 0xf1, 0xff, 0x02, 0x02, 0xf1,
0xff, 0x02, 0x02, 0xf0, 0xff, 0x02, 0x02, 0xf0, 0xff, 0x02, 0x02, 0xf0, 0xff, 0x02, 0x02,
0xf0, 0xff, 0x02, 0x02, 0xef, 0xff, 0x02, 0x02, 0xef, 0xff, 0x02, 0x02, 0xef, 0xff, 0x02,
0x02, 0xef, 0xff, 0x02, 0x02, 0xef, 0xff, 0x02, 0x02, 0xee, 0xff, 0x02, 0x02, 0xee, 0xff,
0x02, 0x02, 0xee, 0xff, 0x02, 0x02, 0xee, 0xff, 0x02, 0x02, 0xee, 0xff, 0x02, 0x02, 0xf1,
0xff, 0x01, 0x01, 0xe9, 0xb4, 0x01, 0x01, 0xeb, 0x0e, 0x01, 0x01, 0xdf, 0x00, 0x01, 0x01,
0xe9, 0x00, 0x01, 0x01, 0xea, 0x00, 0x01, 0x01, 0xea, 0x00, 0x01, 0x01, 0xe9, 0x00, 0x01,
0x01, 0xeb, 0x00, 0x01, 0x01, 0xd4, 0x00, 0x01, 0x01, 0x81, 0x00, 0x01, 0x01, 0x7f, 0x00,
0x01, 0x01, 0x80, 0x00, 0x01, 0x01, 0x80, 0x00, 0x01, 0x01, 0x80, 0x00, 0x01, 0x01, 0x80,
0x00, 0x01, 0x01, 0x80, 0x00, 0x01, 0x01, 0x80, 0x00, 0x01, 0x01, 0x80, 0x00, 0x01, 0x01,
0x80, 0x00, 0x01, 0x01, 0x80, 0x00, 0x01, 0x01, 0x80, 0x00, 0x01, 0x01, 0x80, 0x00, 0xff,
0xff, 0xff, 0x00, 0xff, 0xff, 0xff, 0x00, 0xff, 0xff, 0xff, 0x00, 0xff, 0xff, 0xff, 0x00,
0xff, 0xff, 0xff, 0x00, 0xff, 0xff, 0xff, 0x00, 0xff, 0xff, 0xff, 0x00, 0xff, 0xff, 0xff,
0x00, 0xff, 0xff, 0xff, 0x00, 0xff, 0xff, 0xff, 0x00, 0xff, 0xff, 0xff, 0x00, 0xff, 0xff,
0xff, 0x00, 0xff, 0xff, 0xff, 0x00, 0xff, 0xff, 0xff, 0x00, 0xff, 0xff, 0xff, 0x00, 0x01,
0x01, 0xab, 0x00, 0x01, 0x01, 0xab, 0x00, 0x01, 0x01, 0xab, 0x00, 0x01, 0x01, 0xab, 0x00,
0x01, 0x01, 0xab, 0x00, 0x01, 0x01, 0xab, 0x00, 0x01, 0x01, 0xab, 0x00, 0x01, 0x01, 0xab,
0x00, 0x01, 0x01, 0xab, 0x00, 0x01, 0x01, 0xab, 0x00, 0x01, 0x01, 0xab, 0x00, 0x01, 0x01,
0xab, 0x00, 0x01, 0x01, 0xaa, 0x00, 0x01, 0x01, 0xae, 0x00, 0x01, 0x01, 0xec, 0x00, 0x01,
0x01, 0xfa, 0x00, 0x01, 0x01, 0xf9, 0x00, 0x01, 0x01, 0xf9, 0x00, 0x01, 0x01, 0xcf, 0x00,
0x01, 0x01, 0xf0, 0x29, 0x02, 0x02, 0xf4, 0xd2, 0x02, 0x02, 0xfc, 0xff, 0x02, 0x02, 0xfa,
0xff, 0x02, 0x02, 0xfa, 0xff, 0x02, 0x02, 0xf9, 0xff, 0x02, 0x02, 0xf9, 0xff, 0x02, 0x02,
0xf9, 0xff, 0x02, 0x02, 0xf9, 0xff, 0x02, 0x02, 0xf9, 0xff, 0x02, 0x02, 0xf8, 0xff, 0x02,
0x02, 0xf8, 0xff, 0x02, 0x02, 0xf8, 0xff, 0x02, 0x02, 0xf8, 0xff, 0x02, 0x02, 0xf8, 0xff,
0x02, 0x02, 0xf7, 0xff, 0x02, 0x02, 0xf7, 0xff, 0x02, 0x02, 0xf7, 0xff, 0x02, 0x02, 0xf7,
0xff, 0x02, 0x02, 0xf7, 0xff, 0x02, 0x02, 0xf6, 0xff, 0x02, 0x02, 0xf6, 0xff, 0x02, 0x02,
0xf6, 0xff, 0x02, 0x02, 0xf6, 0xff, 0x02, 0x02, 0xf6, 0xff, 0x02, 0x02, 0xf6, 0xff, 0x02,
0x02, 0xf6, 0xff, 0x02, 0x02, 0xf5, 0xff, 0x02, 0x02, 0xf5, 0xff, 0x02, 0x02, 0xf5, 0xff,
0x02, 0x02, 0xf5, 0xff, 0x02, 0x02, 0xf5, 0xff, 0x02, 0x02, 0xf4, 0xff, 0x02, 0x02, 0xf4,
0xff, 0x02, 0x02, 0xf4, 0xff, 0x02, 0x02, 0xf4, 0xff, 0x02, 0x02, 0xf4, 0xff, 0x02, 0x02,
0xf3, 0xff, 0x02, 0x02, 0xf3, 0xff, 0x02, 0x02, 0xf3, 0xff, 0x02, 0x02, 0xf3, 0xff, 0x02,
0x02, 0xf3, 0xff, 0x02, 0x02, 0xf3, 0xff, 0x02, 0x02, 0xf2, 0xff, 0x02, 0x02, 0xf2, 0xff,
0x02, 0x02, 0xf2, 0xff, 0x02, 0x02, 0xf2, 0xff, 0x02, 0x02, 0xf2, 0xff, 0x02, 0x02, 0xf1,
0xff, 0x02, 0x02, 0xf1, 0xff, 0x02, 0x02, 0xf1, 0xff, 0x02, 0x02, 0xf1, 0xff, 0x02, 0x02,
0xf1, 0xff, 0x02, 0x02, 0xf1, 0xff, 0x02, 0x02, 0xf0, 0xff, 0x02, 0x02, 0xf0, 0xff, 0x02,
0x02, 0xf0, 0xff, 0x02, 0x02, 0xf0, 0xff, 0x02, 0x02, 0xef, 0xff, 0x02, 0x02, 0xef, 0xff,
0x02, 0x02, 0xef, 0xff, 0x02, 0x02, 0xef, 0xff, 0x02, 0x02, 0xef, 0xff, 0x02, 0x02, 0xef,
0xff, 0x02, 0x02, 0xee, 0xff, 0x02, 0x02, 0xee, 0xff, 0x02, 0x02, 0xee, 0xff, 0x02, 0x02,
0xee, 0xff, 0x02, 0x02, 0xee, 0xff, 0x02, 0x02, 0xed, 0xff, 0x02, 0x02, 0xed, 0xff, 0x02,
0x02, 0xed, 0xff, 0x02, 0x02, 0xee, 0xff, 0x02, 0x02, 0xec, 0xce, 0x01, 0x01, 0xe1, 0x20,
0x01, 0x01, 0xe9, 0x00, 0x01, 0x01, 0xea, 0x00, 0x01, 0x01, 0xea, 0x00, 0x01, 0x01, 0xe9,
0x00, 0x01, 0x01, 0xeb, 0x00, 0x01, 0x01, 0xd4, 0x00, 0x01, 0x01, 0x81, 0x00, 0x01, 0x01,
0x7f, 0x00, 0x01, 0x01, 0x80, 0x00, 0x01, 0x01, 0x80, 0x00, 0x01, 0x01, 0x80, 0x00, 0x01,
0x01, 0x80, 0x00, 0x01, 0x01, 0x80, 0x00, 0x01, 0x01, 0x80, 0x00, 0x01, 0x01, 0x80, 0x00,
0x01, 0x01, 0x80, 0x00, 0x01, 0x01, 0x80, 0x00, 0x01, 0x01, 0x80, 0x00, 0x01, 0x01, 0x80,
0x00, 0xff, 0xff, 0xff, 0x00, 0xff, 0xff, 0xff, 0x00, 0xff, 0xff, 0xff, 0x00, 0xff, 0xff,
0xff, 0x00, 0xff, 0xff, 0xff, 0x00, 0xff, 0xff, 0xff, 0x00, 0xff, 0xff, 0xff, 0x00, 0xff,
0xff, 0xff, 0x00, 0xff, 0xff, 0xff, 0x00, 0xff, 0xff, 0xff, 0x00, 0xff, 0xff, 0xff, 0x00,
0xff, 0xff, 0xff, 0x00, 0xff, 0xff, 0xff, 0x00, 0xff, 0xff, 0xff, 0x00, 0xff, 0xff, 0xff,
0x00, 0x01, 0x01, 0xab, 0x00, 0x01, 0x01, 0xab, 0x00, 0x01, 0x01, 0xab, 0x00, 0x01, 0x01,
0xab, 0x00, 0x01, 0x01, 0xab, 0x00, 0x01, 0x01, 0xab, 0x00, 0x01, 0x01, 0xab, 0x00, 0x01,
0x01, 0xab, 0x00, 0x01, 0x01, 0xab, 0x00, 0x01, 0x01, 0xab, 0x00, 0x01, 0x01, 0xab, 0x00,
0x01, 0x01, 0xab, 0x00, 0x01, 0x01, 0xaa, 0x00, 0x01, 0x01, 0xae, 0x00, 0x01, 0x01, 0xec,
0x00, 0x01, 0x01, 0xfa, 0x00, 0x01, 0x01, 0xf9, 0x00, 0x01, 0x01, 0xf8, 0x00, 0x01, 0x01,
0xe1, 0x3b, 0x02, 0x02, 0xf9, 0xde, 0x02, 0x02, 0xfb, 0xff, 0x02, 0x02, 0xf9, 0xff, 0x02,
0x02, 0xf9, 0xff, 0x02, 0x02, 0xf9, 0xff, 0x02, 0x02, 0xf9, 0xff, 0x02, 0x02, 0xf9, 0xff,
0x02, 0x02, 0xf8, 0xff, 0x02, 0x02, 0xf8, 0xff, 0x02, 0x02, 0xf8, 0xff, 0x02, 0x02, 0xf8,
0xff, 0x02, 0x02, 0xf8, 0xff, 0x02, 0x02, 0xf7, 0xff, 0x02, 0x02, 0xf7, 0xff, 0x02, 0x02,
0xf7, 0xff, 0x02, 0x02, 0xf7, 0xff, 0x02, 0x02, 0xf7, 0xff, 0x02, 0x02, 0xf6, 0xff, 0x02,
0x02, 0xf7, 0xff, 0x02, 0x02, 0xf6, 0xff, 0x02, 0x02, 0xf6, 0xff, 0x02, 0x02, 0xf6, 0xff,
0x02, 0x02, 0xf6, 0xff, 0x02, 0x02, 0xf6, 0xff, 0x02, 0x02, 0xf6, 0xff, 0x02, 0x02, 0xf5,
0xff, 0x02, 0x02, 0xf5, 0xff, 0x02, 0x02, 0xf5, 0xff, 0x02, 0x02, 0xf5, 0xff, 0x02, 0x02,
0xf5, 0xff, 0x02, 0x02, 0xf4, 0xff, 0x02, 0x02, 0xf4, 0xff, 0x02, 0x02, 0xf4, 0xff, 0x02,
0x02, 0xf4, 0xff, 0x02, 0x02, 0xf4, 0xff, 0x02, 0x02, 0xf3, 0xff, 0x02, 0x02, 0xf3, 0xff,
0x02, 0x02, 0xf3, 0xff, 0x02, 0x02, 0xf3, 0xff, 0x02, 0x02, 0xf3, 0xff, 0x02, 0x02, 0xf2,
0xff, 0x02, 0x02, 0xf2, 0xff, 0x02, 0x02, 0xf2, 0xff, 0x02, 0x02, 0xf2, 0xff, 0x02, 0x02,
0xf1, 0xff, 0x02, 0x02, 0xf1, 0xff, 0x02, 0x02, 0xf1, 0xff, 0x02, 0x02, 0xf1, 0xff, 0x02,
0x02, 0xf1, 0xff, 0x02, 0x02, 0xf1, 0xff, 0x02, 0x02, 0xf1, 0xff, 0x02, 0x02, 0xf1, 0xff,
0x02, 0x02, 0xf0, 0xff, 0x02, 0x02, 0xf0, 0xff, 0x02, 0x02, 0xf0, 0xff, 0x02, 0x02, 0xf0,
0xff, 0x02, 0x02, 0xf0, 0xff, 0x02, 0x02, 0xef, 0xff, 0x02, 0x02, 0xef, 0xff, 0x02, 0x02,
0xef, 0xff, 0x02, 0x02, 0xef, 0xff, 0x02, 0x02, 0xef, 0xff, 0x02, 0x02, 0xee, 0xff, 0x02,
0x02, 0xee, 0xff, 0x02, 0x02, 0xee, 0xff, 0x02, 0x02, 0xee, 0xff, 0x02, 0x02, 0xee, 0xff,
0x02, 0x02, 0xed, 0xff, 0x02, 0x02, 0xed, 0xff, 0x02, 0x02, 0xed, 0xff, 0x03, 0x03, 0xed,
0xff, 0x03, 0x03, 0xed, 0xff, 0x03, 0x03, 0xec, 0xff, 0x03, 0x03, 0xec, 0xff, 0x03, 0x03,
0xeb, 0xd4, 0x01, 0x01, 0xe9, 0x29, 0x01, 0x01, 0xea, 0x00, 0x01, 0x01, 0xea, 0x00, 0x01,
0x01, 0xe9, 0x00, 0x01, 0x01, 0xeb, 0x00, 0x01, 0x01, 0xd4, 0x00, 0x01, 0x01, 0x81, 0x00,
0x01, 0x01, 0x7f, 0x00, 0x01, 0x01, 0x80, 0x00, 0x01, 0x01, 0x80, 0x00, 0x01, 0x01, 0x80,
0x00, 0x01, 0x01, 0x80, 0x00, 0x01, 0x01, 0x80, 0x00, 0x01, 0x01, 0x80, 0x00, 0x01, 0x01,
0x80, 0x00, 0x01, 0x01, 0x80, 0x00, 0x01, 0x01, 0x80, 0x00, 0x01, 0x01, 0x80, 0x00, 0x01,
0x01, 0x80, 0x00, 0xff, 0xff, 0xff, 0x00, 0xff, 0xff, 0xff, 0x00, 0xff, 0xff, 0xff, 0x00,
0xff, 0xff, 0xff, 0x00, 0xff, 0xff, 0xff, 0x00, 0xff, 0xff, 0xff, 0x00, 0xff, 0xff, 0xff,
0x00, 0xff, 0xff, 0xff, 0x00, 0xff, 0xff, 0xff, 0x00, 0xff, 0xff, 0xff, 0x00, 0xff, 0xff,
0xff, 0x00, 0xff, 0xff, 0xff, 0x00, 0xff, 0xff, 0xff, 0x00, 0xff, 0xff, 0xff, 0x00, 0xff,
0xff, 0xff, 0x00, 0x01, 0x01, 0xab, 0x00, 0x01, 0x01, 0xab, 0x00, 0x01, 0x01, 0xab, 0x00,
0x01, 0x01, 0xab, 0x00, 0x01, 0x01, 0xab, 0x00, 0x01, 0x01, 0xab, 0x00, 0x01, 0x01, 0xab,
0x00, 0x01, 0x01, 0xab, 0x00, 0x01, 0x01, 0xab, 0x00, 0x01, 0x01, 0xab, 0x00, 0x01, 0x01,
0xab, 0x00, 0x01, 0x01, 0xab, 0x00, 0x01, 0x01, 0xaa, 0x00, 0x01, 0x01, 0xae, 0x00, 0x01,
0x01, 0xec, 0x00, 0x01, 0x01, 0xfa, 0x00, 0x01, 0x01, 0xf9, 0x00, 0x01, 0x01, 0xf8, 0x48,
0x02, 0x02, 0xfb, 0xeb, 0x02, 0x02, 0xfa, 0xff, 0x02, 0x02, 0xf9, 0xff, 0x02, 0x02, 0xf9,
0xff, 0x02, 0x02, 0xf9, 0xff, 0x02, 0x02, 0xf8, 0xff, 0x02, 0x02, 0xf9, 0xff, 0x02, 0x02,
0xf8, 0xff, 0x02, 0x02, 0xf8, 0xff, 0x02, 0x02, 0xf8, 0xff, 0x02, 0x02, 0xf8, 0xff, 0x02,
0x02, 0xf8, 0xff, 0x02, 0x02, 0xf7, 0xff, 0x02, 0x02, 0xf7, 0xff, 0x02, 0x02, 0xf7, 0xff,
0x02, 0x02, 0xf7, 0xff, 0x02, 0x02, 0xf7, 0xff, 0x02, 0x02, 0xf6, 0xff, 0x02, 0x02, 0xf6,
0xff, 0x02, 0x02, 0xf6, 0xff, 0x02, 0x02, 0xf6, 0xff, 0x02, 0x02, 0xf6, 0xff, 0x02, 0x02,
0xf6, 0xff, 0x02, 0x02, 0xf5, 0xff, 0x02, 0x02, 0xf5, 0xff, 0x02, 0x02, 0xf5, 0xff, 0x02,
0x02, 0xf5, 0xff, 0x02, 0x02, 0xf4, 0xff, 0x02, 0x02, 0xf4, 0xff, 0x02, 0x02, 0xf4, 0xff,
0x02, 0x02, 0xf4, 0xff, 0x02, 0x02, 0xf4, 0xff, 0x02, 0x02, 0xf3, 0xff, 0x02, 0x02, 0xf3,
0xff, 0x02, 0x02, 0xf3, 0xff, 0x02, 0x02, 0xf3, 0xff, 0x02, 0x02, 0xf3, 0xff, 0x02, 0x02,
0xf2, 0xff, 0x02, 0x02, 0xf2, 0xff, 0x02, 0x02, 0xf2, 0xff, 0x02, 0x02, 0xf2, 0xff, 0x02,
0x02, 0xf2, 0xff, 0x02, 0x02, 0xf2, 0xff, 0x02, 0x02, 0xf2, 0xff, 0x02, 0x02, 0xf1, 0xff,
0x02, 0x02, 0xf1, 0xff, 0x02, 0x02, 0xf1, 0xff, 0x02, 0x02, 0xf1, 0xff, 0x02, 0x02, 0xf1,
0xff, 0x02, 0x02, 0xf1, 0xff, 0x02, 0x02, 0xf0, 0xff, 0x02, 0x02, 0xf0, 0xff, 0x02, 0x02,
0xf0, 0xff, 0x02, 0x02, 0xf0, 0xff, 0x02, 0x02, 0xf0, 0xff, 0x02, 0x02, 0xef, 0xff, 0x02,
0x02, 0xef, 0xff, 0x02, 0x02, 0xef, 0xff, 0x02, 0x02, 0xef, 0xff, 0x02, 0x02, 0xef, 0xff,
0x02, 0x02, 0xee, 0xff, 0x02, 0x02, 0xee, 0xff, 0x02, 0x02, 0xee, 0xff, 0x02, 0x02, 0xee,
0xff, 0x02, 0x02, 0xed, 0xff, 0x02, 0x02, 0xed, 0xff, 0x02, 0x02, 0xed, 0xff, 0x02, 0x02,
0xed, 0xff, 0x03, 0x03, 0xed, 0xff, 0x03, 0x03, 0xec, 0xff, 0x03, 0x03, 0xec, 0xff, 0x03,
0x03, 0xec, 0xff, 0x03, 0x03, 0xec, 0xff, 0x03, 0x03, 0xec, 0xff, 0x03, 0x03, 0xec, 0xff,
0x03, 0x03, 0xec, 0xff, 0x03, 0x03, 0xeb, 0xdb, 0x01, 0x01, 0xeb, 0x2f, 0x01, 0x01, 0xea,
0x00, 0x01, 0x01, 0xe9, 0x00, 0x01, 0x01, 0xeb, 0x00, 0x01, 0x01, 0xd4, 0x00, 0x01, 0x01,
0x81, 0x00, 0x01, 0x01, 0x7f, 0x00, 0x01, 0x01, 0x80, 0x00, 0x01, 0x01, 0x80, 0x00, 0x01,
0x01, 0x80, 0x00, 0x01, 0x01, 0x80, 0x00, 0x01, 0x01, 0x80, 0x00, 0x01, 0x01, 0x80, 0x00,
0x01, 0x01, 0x80, 0x00, 0x01, 0x01, 0x80, 0x00, 0x01, 0x01, 0x80, 0x00, 0x01, 0x01, 0x80,
0x00, 0x01, 0x01, 0x80, 0x00, 0xff, 0xff, 0xff, 0x00, 0xff, 0xff, 0xff, 0x00, 0xff, 0xff,
0xff, 0x00, 0xff, 0xff, 0xff, 0x00, 0xff, 0xff, 0xff, 0x00, 0xff, 0xff, 0xff, 0x00, 0xff,
0xff, 0xff, 0x00, 0xff, 0xff, 0xff, 0x00, 0xff, 0xff, 0xff, 0x00, 0xff, 0xff, 0xff, 0x00,
0xff, 0xff, 0xff, 0x00, 0xff, 0xff, 0xff, 0x00, 0xff, 0xff, 0xff, 0x00, 0xff, 0xff, 0xff,
0x00, 0xff, 0xff, 0xff, 0x00, 0x01, 0x01, 0xab, 0x00, 0x01, 0x01, 0xab, 0x00, 0x01, 0x01,
0xab, 0x00, 0x01, 0x01, 0xab, 0x00, 0x01, 0x01, 0xab, 0x00, 0x01, 0x01, 0xab, 0x00, 0x01,
0x01, 0xab, 0x00, 0x01, 0x01, 0xab, 0x00, 0x01, 0x01, 0xab, 0x00, 0x01, 0x01, 0xab, 0x00,
0x01, 0x01, 0xab, 0x00, 0x01, 0x01, 0xab, 0x00, 0x01, 0x01, 0xaa, 0x00, 0x01, 0x01, 0xae,
0x00, 0x01, 0x01, 0xec, 0x00, 0x01, 0x01, 0xfa, 0x00, 0x01, 0x01, 0xf9, 0x5a, 0x02, 0x02,
0xf9, 0xf2, 0x02, 0x02, 0xf9, 0xff, 0x02, 0x02, 0xf9, 0xff, 0x02, 0x02, 0xf9, 0xff, 0x02,
0x02, 0xf9, 0xff, 0x02, 0x02, 0xf8, 0xff, 0x02, 0x02, 0xf8, 0xff, 0x02, 0x02, 0xf8, 0xff,
0x02, 0x02, 0xf8, 0xff, 0x02, 0x02, 0xf8, 0xff, 0x02, 0x02, 0xf7, 0xff, 0x02, 0x02, 0xf7,
0xff, 0x02, 0x02, 0xf7, 0xff, 0x02, 0x02, 0xf7, 0xff, 0x02, 0x02, 0xf7, 0xff, 0x02, 0x02,
0xf6, 0xff, 0x02, 0x02, 0xf6, 0xff, 0x02, 0x02, 0xf6, 0xff, 0x02, 0x02, 0xf6, 0xff, 0x02,
0x02, 0xf6, 0xff, 0x02, 0x02, 0xf6, 0xff, 0x02, 0x02, 0xf6, 0xff, 0x02, 0x02, 0xf5, 0xff,
0x02, 0x02, 0xf5, 0xff, 0x02, 0x02, 0xf5, 0xff, 0x02, 0x02, 0xf4, 0xff, 0x02, 0x02, 0xf5,
0xff, 0x02, 0x02, 0xf4, 0xff, 0x02, 0x02, 0xf4, 0xff, 0x02, 0x02, 0xf4, 0xff, 0x02, 0x02,
0xf3, 0xff, 0x02, 0x02, 0xf4, 0xff, 0x02, 0x02, 0xf3, 0xff, 0x02, 0x02, 0xf3, 0xff, 0x02,
0x02, 0xf3, 0xff, 0x02, 0x02, 0xf3, 0xff, 0x02, 0x02, 0xf3, 0xff, 0x02, 0x02, 0xf2, 0xff,
0x02, 0x02, 0xf2, 0xff, 0x02, 0x02, 0xf2, 0xff, 0x02, 0x02, 0xf2, 0xff, 0x02, 0x02, 0xf2,
0xff, 0x02, 0x02, 0xf1, 0xff, 0x02, 0x02, 0xf1, 0xff, 0x02, 0x02, 0xf1, 0xff, 0x02, 0x02,
0xf1, 0xff, 0x02, 0x02, 0xf1, 0xff, 0x02, 0x02, 0xf1, 0xff, 0x02, 0x02, 0xf0, 0xff, 0x02,
0x02, 0xf0, 0xff, 0x02, 0x02, 0xf0, 0xff, 0x02, 0x02, 0xf0, 0xff, 0x02, 0x02, 0xf0, 0xff,
0x02, 0x02, 0xef, 0xff, 0x02, 0x02, 0xef, 0xff, 0x02, 0x02, 0xef, 0xff, 0x02, 0x02, 0xef,
0xff, 0x02, 0x02, 0xee, 0xff, 0x02, 0x02, 0xee, 0xff, 0x02, 0x02, 0xee, 0xff, 0x02, 0x02,
0xee, 0xff, 0x02, 0x02, 0xee, 0xff, 0x02, 0x02, 0xed, 0xff, 0x02, 0x02, 0xed, 0xff, 0x02,
0x02, 0xed, 0xff, 0x02, 0x02, 0xed, 0xff, 0x03, 0x03, 0xed, 0xff, 0x03, 0x03, 0xec, 0xff,
0x03, 0x03, 0xed, 0xff, 0x03, 0x03, 0xec, 0xff, 0x03, 0x03, 0xec, 0xff, 0x03, 0x03, 0xec,
0xff, 0x03, 0x03, 0xeb, 0xff, 0x03, 0x03, 0xec, 0xff, 0x03, 0x03, 0xeb, 0xff, 0x03, 0x03,
0xeb, 0xff, 0x03, 0x03, 0xeb, 0xff, 0x03, 0x03, 0xeb, 0xff, 0x03, 0x03, 0xeb, 0xe0, 0x01,
0x01, 0xea, 0x3c, 0x01, 0x01, 0xe9, 0x00, 0x01, 0x01, 0xeb, 0x00, 0x01, 0x01, 0xd4, 0x00,
0x01, 0x01, 0x81, 0x00, 0x01, 0x01, 0x7f, 0x00, 0x01, 0x01, 0x80, 0x00, 0x01, 0x01, 0x80,
0x00, 0x01, 0x01, 0x80, 0x00, 0x01, 0x01, 0x80, 0x00, 0x01, 0x01, 0x80, 0x00, 0x01, 0x01,
0x80, 0x00, 0x01, 0x01, 0x80, 0x00, 0x01, 0x01, 0x80, 0x00, 0x01, 0x01, 0x80, 0x00, 0x01,
0x01, 0x80, 0x00, 0x01, 0x01, 0x80, 0x00, 0xff, 0xff, 0xff, 0x00, 0xff, 0xff, 0xff, 0x00,
0xff, 0xff, 0xff, 0x00, 0xff, 0xff, 0xff, 0x00, 0xff, 0xff, 0xff, 0x00, 0xff, 0xff, 0xff,
0x00, 0xff, 0xff, 0xff, 0x00, 0xff, 0xff, 0xff, 0x00, 0xff, 0xff, 0xff, 0x00, 0xff, 0xff,
0xff, 0x00, 0xff, 0xff, 0xff, 0x00, 0xff, 0xff, 0xff, 0x00, 0xff, 0xff, 0xff, 0x00, 0xff,
0xff, 0xff, 0x00, 0xff, 0xff, 0xff, 0x00, 0x01, 0x01, 0xab, 0x00, 0x01, 0x01, 0xab, 0x00,
0x01, 0x01, 0xab, 0x00, 0x01, 0x01, 0xab, 0x00, 0x01, 0x01, 0xab, 0x00, 0x01, 0x01, 0xab,
0x00, 0x01, 0x01, 0xab, 0x00, 0x01, 0x01, 0xab, 0x00, 0x01, 0x01, 0xab, 0x00, 0x01, 0x01,
0xab, 0x00, 0x01, 0x01, 0xab, 0x00, 0x01, 0x01, 0xab, 0x00, 0x01, 0x01, 0xaa, 0x00, 0x01,
0x01, 0xae, 0x00, 0x01, 0x01, 0xec, 0x00, 0x01, 0x01, 0xfa, 0x4c, 0x02, 0x02, 0xf9, 0xf5,
0x02, 0x02, 0xf9, 0xff, 0x02, 0x02, 0xf9, 0xff, 0x02, 0x02, 0xf8, 0xff, 0x02, 0x02, 0xf8,
0xff, 0x02, 0x02, 0xf8, 0xff, 0x02, 0x02, 0xf8, 0xff, 0x02, 0x02, 0xf8, 0xff, 0x02, 0x02,
0xf7, 0xff, 0x02, 0x02, 0xf7, 0xff, 0x02, 0x02, 0xf7, 0xff, 0x02, 0x02, 0xf7, 0xff, 0x02,
0x02, 0xf7, 0xff, 0x02, 0x02, 0xf6, 0xff, 0x02, 0x02, 0xf6, 0xff, 0x02, 0x02, 0xf6, 0xff,
0x02, 0x02, 0xf6, 0xff, 0x02, 0x02, 0xf6, 0xff, 0x02, 0x02, 0xf6, 0xff, 0x02, 0x02, 0xf6,
0xff, 0x02, 0x02, 0xf5, 0xff, 0x02, 0x02, 0xf5, 0xff, 0x02, 0x02, 0xf5, 0xff, 0x02, 0x02,
0xf5, 0xff, 0x02, 0x02, 0xf5, 0xff, 0x02, 0x02, 0xf4, 0xff, 0x02, 0x02, 0xf4, 0xff, 0x02,
0x02, 0xf4, 0xff, 0x02, 0x02, 0xf4, 0xff, 0x02, 0x02, 0xf4, 0xff, 0x02, 0x02, 0xf3, 0xff,
0x02, 0x02, 0xf3, 0xff, 0x02, 0x02, 0xf3, 0xff, 0x02, 0x02, 0xf3, 0xff, 0x02, 0x02, 0xf3,
0xff, 0x02, 0x02, 0xf2, 0xff, 0x02, 0x02, 0xf2, 0xff, 0x02, 0x02, 0xf2, 0xff, 0x02, 0x02,
0xf2, 0xff, 0x02, 0x02, 0xf2, 0xff, 0x02, 0x02, 0xf1, 0xff, 0x02, 0x02, 0xf1, 0xff, 0x02,
0x02, 0xf1, 0xff, 0x02, 0x02, 0xf1, 0xff, 0x02, 0x02, 0xf1, 0xff, 0x02, 0x02, 0xf1, 0xff,
0x02, 0x02, 0xf0, 0xff, 0x02, 0x02, 0xf0, 0xff, 0x02, 0x02, 0xf0, 0xff, 0x02, 0x02, 0xf0,
0xff, 0x02, 0x02, 0xf0, 0xff, 0x02, 0x02, 0xef, 0xff, 0x02, 0x02, 0xef, 0xff, 0x02, 0x02,
0xef, 0xff, 0x02, 0x02, 0xef, 0xff, 0x02, 0x02, 0xef, 0xff, 0x02, 0x02, 0xef, 0xff, 0x02,
0x02, 0xee, 0xff, 0x02, 0x02, 0xee, 0xff, 0x02, 0x02, 0xee, 0xff, 0x02, 0x02, 0xee, 0xff,
0x02, 0x02, 0xee, 0xff, 0x02, 0x02, 0xed, 0xff, 0x02, 0x02, 0xed, 0xff, 0x02, 0x02, 0xed,
0xff, 0x03, 0x03, 0xed, 0xff, 0x03, 0x03, 0xed, 0xff, 0x03, 0x03, 0xec, 0xff, 0x03, 0x03,
0xec, 0xff, 0x03, 0x03, 0xec, 0xff, 0x03, 0x03, 0xec, 0xff, 0x03, 0x03, 0xec, 0xff, 0x03,
0x03, 0xeb, 0xff, 0x03, 0x03, 0xeb, 0xff, 0x03, 0x03, 0xeb, 0xff, 0x03, 0x03, 0xeb, 0xff,
0x03, 0x03, 0xeb, 0xff, 0x03, 0x03, 0xeb, 0xff, 0x03, 0x03, 0xea, 0xff, 0x03, 0x03, 0xea,
0xff, 0x03, 0x03, 0xea, 0xe3, 0x01, 0x01, 0xe9, 0x33, 0x01, 0x01, 0xeb, 0x00, 0x01, 0x01,
0xd4, 0x00, 0x01, 0x01, 0x81, 0x00, 0x01, 0x01, 0x7f, 0x00, 0x01, 0x01, 0x80, 0x00, 0x01,
0x01, 0x80, 0x00, 0x01, 0x01, 0x80, 0x00, 0x01, 0x01, 0x80, 0x00, 0x01, 0x01, 0x80, 0x00,
0x01, 0x01, 0x80, 0x00, 0x01, 0x01, 0x80, 0x00, 0x01, 0x01, 0x80, 0x00, 0x01, 0x01, 0x80,
0x00, 0x01, 0x01, 0x80, 0x00, 0x01, 0x01, 0x80, 0x00, 0xff, 0xff, 0xff, 0x00, 0xff, 0xff,
0xff, 0x00, 0xff, 0xff, 0xff, 0x00, 0xff, 0xff, 0xff, 0x00, 0xff, 0xff, 0xff, 0x00, 0xff,
0xff, 0xff, 0x00, 0xff, 0xff, 0xff, 0x00, 0xff, 0xff, 0xff, 0x00, 0xff, 0xff, 0xff, 0x00,
0xff, 0xff, 0xff, 0x00, 0xff, 0xff, 0xff, 0x00, 0xff, 0xff, 0xff, 0x00, 0xff, 0xff, 0xff,
0x00, 0xff, 0xff, 0xff, 0x00, 0xff, 0xff, 0xff, 0x00, 0x01, 0x01, 0xa8, 0x00, 0x01, 0x01,
0xa8, 0x00, 0x01, 0x01, 0xa8, 0x00, 0x01, 0x01, 0xa8, 0x00, 0x01, 0x01, 0xa8, 0x00, 0x01,
0x01, 0xa8, 0x00, 0x01, 0x01, 0xa8, 0x00, 0x01, 0x01, 0xa8, 0x00, 0x01, 0x01, 0xa8, 0x00,
0x01, 0x01, 0xa8, 0x00, 0x01, 0x01, 0xa8, 0x00, 0x01, 0x01, 0xa8, 0x00, 0x01, 0x01, 0xa6,
0x00, 0x01, 0x01, 0xa9, 0x00, 0x01, 0x01, 0xed, 0x44, 0x02, 0x02, 0xfb, 0xf2, 0x02, 0x02,
0xf8, 0xff, 0x02, 0x02, 0xf8, 0xff, 0x02, 0x02, 0xf8, 0xff, 0x02, 0x02, 0xf8, 0xff, 0x02,
0x02, 0xf8, 0xff, 0x02, 0x02, 0xf7, 0xff, 0x02, 0x02, 0xf7, 0xff, 0x02, 0x02, 0xf7, 0xff,
0x02, 0x02, 0xf7, 0xff, 0x02, 0x02, 0xf7, 0xff, 0x02, 0x02, 0xf7, 0xff, 0x02, 0x02, 0xf6,
0xff, 0x02, 0x02, 0xf6, 0xff, 0x02, 0x02, 0xf6, 0xff, 0x02, 0x02, 0xf6, 0xff, 0x02, 0x02,
0xf6, 0xff, 0x02, 0x02, 0xf6, 0xff, 0x02, 0x02, 0xf5, 0xff, 0x02, 0x02, 0xf5, 0xff, 0x02,
0x02, 0xf5, 0xff, 0x02, 0x02, 0xf5, 0xff, 0x02, 0x02, 0xf5, 0xff, 0x02, 0x02, 0xf4, 0xff,
0x02, 0x02, 0xf4, 0xff, 0x02, 0x02, 0xf4, 0xff, 0x02, 0x02, 0xf4, 0xff, 0x02, 0x02, 0xf4,
0xff, 0x02, 0x02, 0xf3, 0xff, 0x02, 0x02, 0xf3, 0xff, 0x02, 0x02, 0xf3, 0xff, 0x02, 0x02,
0xf3, 0xff, 0x02, 0x02, 0xf3, 0xff, 0x02, 0x02, 0xf2, 0xff, 0x02, 0x02, 0xf2, 0xff, 0x02,
0x02, 0xf2, 0xff, 0x02, 0x02, 0xf2, 0xff, 0x02, 0x02, 0xf2, 0xff, 0x02, 0x02, 0xf1, 0xff,
0x02, 0x02, 0xf1, 0xff, 0x02, 0x02, 0xf1, 0xff, 0x02, 0x02, 0xf1, 0xff, 0x02, 0x02, 0xf1,
0xff, 0x02, 0x02, 0xf1, 0xff, 0x02, 0x02, 0xf1, 0xff, 0x02, 0x02, 0xf0, 0xff, 0x02, 0x02,
0xf0, 0xff, 0x02, 0x02, 0xf0, 0xff, 0x02, 0x02, 0xf0, 0xff, 0x02, 0x02, 0xf0, 0xff, 0x02,
0x02, 0xef, 0xff, 0x02, 0x02, 0xef, 0xff, 0x02, 0x02, 0xef, 0xff, 0x02, 0x02, 0xef, 0xff,
0x02, 0x02, 0xef, 0xff, 0x02, 0x02, 0xee, 0xff, 0x02, 0x02, 0xee, 0xff, 0x02, 0x02, 0xee,
0xff, 0x02, 0x02, 0xee, 0xff, 0x02, 0x02, 0xee, 0xff, 0x02, 0x02, 0xed, 0xff, 0x02, 0x02,
0xed, 0xff, 0x02, 0x02, 0xed, 0xff, 0x03, 0x03, 0xed, 0xff, 0x03, 0x03, 0xed, 0xff, 0x03,
0x03, 0xec, 0xff, 0x03, 0x03, 0xec, 0xff, 0x03, 0x03, 0xec, 0xff, 0x03, 0x03, 0xec, 0xff,
0x03, 0x03, 0xec, 0xff, 0x03, 0x03, 0xeb, 0xff, 0x03, 0x03, 0xeb, 0xff, 0x03, 0x03, 0xeb,
0xff, 0x03, 0x03, 0xeb, 0xff, 0x03, 0x03, 0xeb, 0xff, 0x03, 0x03, 0xeb, 0xff, 0x03, 0x03,
0xea, 0xff, 0x03, 0x03, 0xea, 0xff, 0x03, 0x03, 0xea, 0xff, 0x03, 0x03, 0xea, 0xff, 0x03,
0x03, 0xea, 0xff, 0x03, 0x03, 0xea, 0xff, 0x03, 0x03, 0xe9, 0xe3, 0x01, 0x01, 0xeb, 0x30,
0x01, 0x01, 0xd4, 0x00, 0x01, 0x01, 0x81, 0x00, 0x01, 0x01, 0x7f, 0x00, 0x01, 0x01, 0x80,
0x00, 0x01, 0x01, 0x80, 0x00, 0x01, 0x01, 0x80, 0x00, 0x01, 0x01, 0x80, 0x00, 0x01, 0x01,
0x80, 0x00, 0x01, 0x01, 0x80, 0x00, 0x01, 0x01, 0x80, 0x00, 0x01, 0x01, 0x80, 0x00, 0x01,
0x01, 0x80, 0x00, 0x01, 0x01, 0x80, 0x00, 0x01, 0x01, 0x80, 0x00, 0xff, 0xff, 0xff, 0x00,
0xff, 0xff, 0xff, 0x00, 0xff, 0xff, 0xff, 0x00, 0xff, 0xff, 0xff, 0x00, 0xff, 0xff, 0xff,
0x00, 0xff, 0xff, 0xff, 0x00, 0xff, 0xff, 0xff, 0x00, 0xff, 0xff, 0xff, 0x00, 0xff, 0xff,
0xff, 0x00, 0xff, 0xff, 0xff, 0x00, 0xff, 0xff, 0xff, 0x00, 0xff, 0xff, 0xff, 0x00, 0xff,
0xff, 0xff, 0x00, 0xff, 0xff, 0xff, 0x00, 0xff, 0xff, 0xff, 0x00, 0x01, 0x01, 0xc7, 0x00,
0x01, 0x01, 0xc7, 0x00, 0x01, 0x01, 0xc7, 0x00, 0x01, 0x01, 0xc7, 0x00, 0x01, 0x01, 0xc7,
0x00, 0x01, 0x01, 0xc7, 0x00, 0x01, 0x01, 0xc7, 0x00, 0x01, 0x01, 0xc7, 0x00, 0x01, 0x01,
0xc7, 0x00, 0x01, 0x01, 0xc7, 0x00, 0x01, 0x01, 0xc7, 0x00, 0x01, 0x01, 0xc6, 0x00, 0x01,
0x01, 0xc7, 0x00, 0x01, 0x01, 0xd3, 0x3a, 0x02, 0x02, 0xf5, 0xeb, 0x02, 0x02, 0xf9, 0xff,
0x02, 0x02, 0xf8, 0xff, 0x02, 0x02, 0xf8, 0xff, 0x02, 0x02, 0xf8, 0xff, 0x02, 0x02, 0xf7,
0xff, 0x02, 0x02, 0xf7, 0xff, 0x02, 0x02, 0xf7, 0xff, 0x02, 0x02, 0xf7, 0xff, 0x02, 0x02,
0xf6, 0xff, 0x02, 0x02, 0xf6, 0xff, 0x02, 0x02, 0xf6, 0xff, 0x02, 0x02, 0xf6, 0xff, 0x02,
0x02, 0xf6, 0xff, 0x02, 0x02, 0xf6, 0xff, 0x02, 0x02, 0xf6, 0xff, 0x02, 0x02, 0xf5, 0xff,
0x02, 0x02, 0xf5, 0xff, 0x02, 0x02, 0xf5, 0xff, 0x02, 0x02, 0xf5, 0xff, 0x02, 0x02, 0xf5,
0xff, 0x02, 0x02, 0xf4, 0xff, 0x02, 0x02, 0xf4, 0xff, 0x02, 0x02, 0xf4, 0xff, 0x02, 0x02,
0xf4, 0xff, 0x02, 0x02, 0xf4, 0xff, 0x02, 0x02, 0xf3, 0xff, 0x02, 0x02, 0xf3, 0xff, 0x02,
0x02, 0xf3, 0xff, 0x02, 0x02, 0xf3, 0xff, 0x02, 0x02, 0xf3, 0xff, 0x02, 0x02, 0xf2, 0xff,
0x02, 0x02, 0xf2, 0xff, 0x02, 0x02, 0xf2, 0xff, 0x02, 0x02, 0xf2, 0xff, 0x02, 0x02, 0xf2,
0xff, 0x02, 0x02, 0xf2, 0xff, 0x02, 0x02, 0xf1, 0xff, 0x02, 0x02, 0xf1, 0xff, 0x02, 0x02,
0xf1, 0xff, 0x02, 0x02, 0xf1, 0xff, 0x02, 0x02, 0xf1, 0xff, 0x02, 0x02, 0xf1, 0xff, 0x02,
0x02, 0xf0, 0xff, 0x02, 0x02, 0xf0, 0xff, 0x02, 0x02, 0xf0, 0xff, 0x02, 0x02, 0xf0, 0xff,
0x02, 0x02, 0xef, 0xff, 0x02, 0x02, 0xef, 0xff, 0x02, 0x02, 0xef, 0xff, 0x02, 0x02, 0xef,
0xff, 0x02, 0x02, 0xef, 0xff, 0x02, 0x02, 0xee, 0xff, 0x02, 0x02, 0xee, 0xff, 0x02, 0x02,
0xee, 0xff, 0x02, 0x02, 0xee, 0xff, 0x02, 0x02, 0xee, 0xff, 0x02, 0x02, 0xee, 0xff, 0x02,
0x02, 0xed, 0xff, 0x02, 0x02, 0xed, 0xff, 0x02, 0x02, 0xed, 0xff, 0x03, 0x03, 0xed, 0xff,
0x03, 0x03, 0xed, 0xff, 0x03, 0x03, 0xec, 0xff, 0x03, 0x03, 0xec, 0xff, 0x03, 0x03, 0xec,
0xff, 0x03, 0x03, 0xec, 0xff, 0x03, 0x03, 0xec, 0xff, 0x03, 0x03, 0xeb, 0xff, 0x03, 0x03,
0xeb, 0xff, 0x03, 0x03, 0xeb, 0xff, 0x03, 0x03, 0xeb, 0xff, 0x03, 0x03, 0xeb, 0xff, 0x03,
0x03, 0xeb, 0xff, 0x03, 0x03, 0xeb, 0xff, 0x03, 0x03, 0xea, 0xff, 0x03, 0x03, 0xea, 0xff,
0x03, 0x03, 0xea, 0xff, 0x03, 0x03, 0xea, 0xff, 0x03, 0x03, 0xea, 0xff, 0x03, 0x03, 0xe9,
0xff, 0x03, 0x03, 0xe9, 0xff, 0x03, 0x03, 0xe9, 0xff, 0x03, 0x03, 0xe9, 0xff, 0x03, 0x03,
0xec, 0xdd, 0x01, 0x01, 0xd3, 0x2a, 0x01, 0x01, 0x7b, 0x00, 0x01, 0x01, 0x79, 0x00, 0x01,
0x01, 0x7b, 0x00, 0x01, 0x01, 0x7b, 0x00, 0x01, 0x01, 0x7b, 0x00, 0x01, 0x01, 0x7b, 0x00,
0x01, 0x01, 0x7b, 0x00, 0x01, 0x01, 0x7b, 0x00, 0x01, 0x01, 0x7b, 0x00, 0x01, 0x01, 0x7b,
0x00, 0x01, 0x01, 0x7b, 0x00, 0x01, 0x01, 0x7b, 0x00, 0x01, 0x01, 0x7b, 0x00, 0xff, 0xff,
0xff, 0x00, 0xff, 0xff, 0xff, 0x00, 0xff, 0xff, 0xff, 0x00, 0xff, 0xff, 0xff, 0x00, 0xff,
0xff, 0xff, 0x00, 0xff, 0xff, 0xff, 0x00, 0xff, 0xff, 0xff, 0x00, 0xff, 0xff, 0xff, 0x00,
0xff, 0xff, 0xff, 0x00, 0xff, 0xff, 0xff, 0x00, 0xff, 0xff, 0xff, 0x00, 0xff, 0xff, 0xff,
0x00, 0xff, 0xff, 0xff, 0x00, 0xff, 0xff, 0xff, 0x00, 0xff, 0xff, 0xff, 0x00, 0x01, 0x01,
0xdd, 0x00, 0x01, 0x01, 0xdd, 0x00, 0x01, 0x01, 0xdd, 0x00, 0x01, 0x01, 0xdd, 0x00, 0x01,
0x01, 0xdd, 0x00, 0x01, 0x01, 0xdd, 0x00, 0x01, 0x01, 0xdd, 0x00, 0x01, 0x01, 0xdd, 0x00,
0x01, 0x01, 0xdd, 0x00, 0x01, 0x01, 0xdd, 0x00, 0x01, 0x01, 0xdd, 0x00, 0x01, 0x01, 0xdf,
0x00, 0x01, 0x01, 0xec, 0x1c, 0x02, 0x02, 0xfd, 0xe5, 0x02, 0x02, 0xf8, 0xff, 0x02, 0x02,
0xf7, 0xff, 0x02, 0x02, 0xf7, 0xff, 0x02, 0x02, 0xf7, 0xff, 0x02, 0x02, 0xf7, 0xff, 0x02,
0x02, 0xf7, 0xff, 0x02, 0x02, 0xf6, 0xff, 0x02, 0x02, 0xf6, 0xff, 0x02, 0x02, 0xf6, 0xff,
0x02, 0x02, 0xf6, 0xff, 0x02, 0x02, 0xf6, 0xff, 0x02, 0x02, 0xf6, 0xff, 0x02, 0x02, 0xf6,
0xff, 0x02, 0x02, 0xf5, 0xff, 0x02, 0x02, 0xf5, 0xff, 0x02, 0x02, 0xf5, 0xff, 0x02, 0x02,
0xf5, 0xff, 0x02, 0x02, 0xf5, 0xff, 0x02, 0x02, 0xf4, 0xff, 0x02, 0x02, 0xf4, 0xff, 0x02,
0x02, 0xf4, 0xff, 0x02, 0x02, 0xf4, 0xff, 0x02, 0x02, 0xf4, 0xff, 0x02, 0x02, 0xf4, 0xff,
0x02, 0x02, 0xf3, 0xff, 0x02, 0x02, 0xf3, 0xff, 0x02, 0x02, 0xf3, 0xff, 0x02, 0x02, 0xf3,
0xff, 0x02, 0x02, 0xf3, 0xff, 0x02, 0x02, 0xf2, 0xff, 0x02, 0x02, 0xf2, 0xff, 0x02, 0x02,
0xf2, 0xff, 0x02, 0x02, 0xf2, 0xff, 0x02, 0x02, 0xf1, 0xff, 0x02, 0x02, 0xf1, 0xff, 0x02,
0x02, 0xf1, 0xff, 0x02, 0x02, 0xf1, 0xff, 0x02, 0x02, 0xf1, 0xff, 0x02, 0x02, 0xf1, 0xff,
0x02, 0x02, 0xf1, 0xff, 0x02, 0x02, 0xf0, 0xff, 0x02, 0x02, 0xf0, 0xff, 0x02, 0x02, 0xf0,
0xff, 0x02, 0x02, 0xf0, 0xff, 0x02, 0x02, 0xf0, 0xff, 0x02, 0x02, 0xef, 0xff, 0x02, 0x02,
0xef, 0xff, 0x02, 0x02, 0xef, 0xff, 0x02, 0x02, 0xef, 0xff, 0x02, 0x02, 0xef, 0xff, 0x02,
0x02, 0xee, 0xff, 0x02, 0x02, 0xee, 0xff, 0x02, 0x02, 0xee, 0xff, 0x02, 0x02, 0xee, 0xff,
0x02, 0x02, 0xee, 0xff, 0x02, 0x02, 0xed, 0xff, 0x02, 0x02, 0xed, 0xff, 0x02, 0x02, 0xed,
0xff, 0x02, 0x02, 0xed, 0xff, 0x03, 0x03, 0xed, 0xff, 0x03, 0x03, 0xed, 0xff, 0x03, 0x03,
0xec, 0xff, 0x03, 0x03, 0xec, 0xff, 0x03, 0x03, 0xec, 0xff, 0x03, 0x03, 0xec, 0xff, 0x03,
0x03, 0xec, 0xff, 0x03, 0x03, 0xeb, 0xff, 0x03, 0x03, 0xeb, 0xff, 0x03, 0x03, 0xeb, 0xff,
0x03, 0x03, 0xeb, 0xff, 0x03, 0x03, 0xeb, 0xff, 0x03, 0x03, 0xeb, 0xff, 0x03, 0x03, 0xea,
0xff, 0x03, 0x03, 0xea, 0xff, 0x03, 0x03, 0xea, 0xff, 0x03, 0x03, 0xea, 0xff, 0x03, 0x03,
0xe9, 0xff, 0x03, 0x03, 0xe9, 0xff, 0x03, 0x03, 0xe9, 0xff, 0x03, 0x03, 0xe9, 0xff, 0x03,
0x03, 0xe9, 0xff, 0x03, 0x03, 0xe9, 0xff, 0x03, 0x03, 0xe8, 0xff, 0x03, 0x03, 0xe8, 0xff,
0x03, 0x03, 0xea, 0xff, 0x03, 0x03, 0xe0, 0xd9, 0x01, 0x01, 0xb1, 0x13, 0x01, 0x01, 0xa9,
0x00, 0x01, 0x01, 0xab, 0x00, 0x01, 0x01, 0xab, 0x00, 0x01, 0x01, 0xab, 0x00, 0x01, 0x01,
0xab, 0x00, 0x01, 0x01, 0xab, 0x00, 0x01, 0x01, 0xab, 0x00, 0x01, 0x01, 0xab, 0x00, 0x01,
0x01, 0xab, 0x00, 0x01, 0x01, 0xab, 0x00, 0x01, 0x01, 0xab, 0x00, 0x01, 0x01, 0xab, 0x00,
0xff, 0xff, 0xff, 0x00, 0xff, 0xff, 0xff, 0x00, 0xff, 0xff, 0xff, 0x00, 0xff, 0xff, 0xff,
0x00, 0xff, 0xff, 0xff, 0x00, 0xff, 0xff, 0xff, 0x00, 0xff, 0xff, 0xff, 0x00, 0xff, 0xff,
0xff, 0x00, 0xff, 0xff, 0xff, 0x00, 0xff, 0xff, 0xff, 0x00, 0xff, 0xff, 0xff, 0x00, 0xff,
0xff, 0xff, 0x00, 0xff, 0xff, 0xff, 0x00, 0xff, 0xff, 0xff, 0x00, 0xff, 0xff, 0xff, 0x00,
0x01, 0x01, 0xc8, 0x00, 0x01, 0x01, 0xc8, 0x00, 0x01, 0x01, 0xc8, 0x00, 0x01, 0x01, 0xc8,
0x00, 0x01, 0x01, 0xc8, 0x00, 0x01, 0x01, 0xc8, 0x00, 0x01, 0x01, 0xc8, 0x00, 0x01, 0x01,
0xc8, 0x00, 0x01, 0x01, 0xc8, 0x00, 0x01, 0x01, 0xc8, 0x00, 0x01, 0x01, 0xc3, 0x00, 0x01,
0x01, 0xd0, 0x09, 0x02, 0x02, 0xf8, 0xca, 0x02, 0x02, 0xf8, 0xff, 0x02, 0x02, 0xf7, 0xff,
0x02, 0x02, 0xf7, 0xff, 0x02, 0x02, 0xf7, 0xff, 0x02, 0x02, 0xf7, 0xff, 0x02, 0x02, 0xf6,
0xff, 0x02, 0x02, 0xf6, 0xff, 0x02, 0x02, 0xf6, 0xff, 0x02, 0x02, 0xf6, 0xff, 0x02, 0x02,
0xf6, 0xff, 0x02, 0x02, 0xf6, 0xff, 0x02, 0x02, 0xf6, 0xff, 0x02, 0x02, 0xf5, 0xff, 0x02,
0x02, 0xf5, 0xff, 0x02, 0x02, 0xf5, 0xff, 0x02, 0x02, 0xf5, 0xff, 0x02, 0x02, 0xf5, 0xff,
0x02, 0x02, 0xf4, 0xff, 0x02, 0x02, 0xf4, 0xff, 0x02, 0x02, 0xf4, 0xff, 0x02, 0x02, 0xf4,
0xff, 0x02, 0x02, 0xf4, 0xff, 0x02, 0x02, 0xf3, 0xff, 0x02, 0x02, 0xf3, 0xff, 0x02, 0x02,
0xf3, 0xff, 0x02, 0x02, 0xf3, 0xff, 0x02, 0x02, 0xf2, 0xff, 0x02, 0x02, 0xf2, 0xff, 0x02,
0x02, 0xf2, 0xff, 0x02, 0x02, 0xf2, 0xff, 0x02, 0x02, 0xf2, 0xff, 0x01, 0x01, 0xf1, 0xff,
0x00, 0x00, 0xf1, 0xff, 0x00, 0x00, 0xf1, 0xff, 0x00, 0x00, 0xf0, 0xff, 0x00, 0x00, 0xf0,
0xff, 0x00, 0x00, 0xf0, 0xff, 0x00, 0x00, 0xf0, 0xff, 0x00, 0x00, 0xf0, 0xff, 0x00, 0x00,
0xf0, 0xff, 0x00, 0x00, 0xf0, 0xff, 0x00, 0x00, 0xf0, 0xff, 0x00, 0x00, 0xef, 0xff, 0x00,
0x00, 0xef, 0xff, 0x00, 0x00, 0xef, 0xff, 0x00, 0x00, 0xef, 0xff, 0x00, 0x00, 0xef, 0xff,
0x00, 0x00, 0xef, 0xff, 0x00, 0x00, 0xee, 0xff, 0x00, 0x00, 0xee, 0xff, 0x00, 0x00, 0xee,
0xff, 0x00, 0x00, 0xee, 0xff, 0x00, 0x00, 0xee, 0xff, 0x00, 0x00, 0xed, 0xff, 0x00, 0x00,
0xed, 0xff, 0x00, 0x00, 0xed, 0xff, 0x00, 0x00, 0xed, 0xff, 0x02, 0x02, 0xed, 0xff, 0x03,
0x03, 0xed, 0xff, 0x03, 0x03, 0xec, 0xff, 0x03, 0x03, 0xec, 0xff, 0x03, 0x03, 0xec, 0xff,
0x03, 0x03, 0xec, 0xff, 0x03, 0x03, 0xeb, 0xff, 0x03, 0x03, 0xeb, 0xff, 0x03, 0x03, 0xeb,
0xff, 0x03, 0x03, 0xeb, 0xff, 0x03, 0x03, 0xeb, 0xff, 0x03, 0x03, 0xeb, 0xff, 0x03, 0x03,
0xeb, 0xff, 0x03, 0x03, 0xea, 0xff, 0x03, 0x03, 0xea, 0xff, 0x03, 0x03, 0xea, 0xff, 0x03,
0x03, 0xea, 0xff, 0x03, 0x03, 0xea, 0xff, 0x03, 0x03, 0xe9, 0xff, 0x03, 0x03, 0xe9, 0xff,
0x03, 0x03, 0xe9, 0xff, 0x03, 0x03, 0xe9, 0xff, 0x03, 0x03, 0xe9, 0xff, 0x03, 0x03, 0xe8,
0xff, 0x03, 0x03, 0xe8, 0xff, 0x03, 0x03, 0xe8, 0xff, 0x03, 0x03, 0xe8, 0xff, 0x03, 0x03,
0xe8, 0xff, 0x03, 0x03, 0xe7, 0xff, 0x03, 0x03, 0xe9, 0xff, 0x03, 0x03, 0xeb, 0xbd, 0x01,
0x01, 0xdd, 0x04, 0x01, 0x01, 0xda, 0x00, 0x01, 0x01, 0xdb, 0x00, 0x01, 0x01, 0xda, 0x00,
0x01, 0x01, 0xda, 0x00, 0x01, 0x01, 0xda, 0x00, 0x01, 0x01, 0xda, 0x00, 0x01, 0x01, 0xda,
0x00, 0x01, 0x01, 0xda, 0x00, 0x01, 0x01, 0xda, 0x00, 0x01, 0x01, 0xda, 0x00, 0x01, 0x01,
0xda, 0x00, 0xff, 0xff, 0xff, 0x00, 0xff, 0xff, 0xff, 0x00, 0xff, 0xff, 0xff, 0x00, 0xff,
0xff, 0xff, 0x00, 0xff, 0xff, 0xff, 0x00, 0xff, 0xff, 0xff, 0x00, 0xff, 0xff, 0xff, 0x00,
0xff, 0xff, 0xff, 0x00, 0xff, 0xff, 0xff, 0x00, 0xff, 0xff, 0xff, 0x00, 0xff, 0xff, 0xff,
0x00, 0xff, 0xff, 0xff, 0x00, 0xff, 0xff, 0xff, 0x00, 0xff, 0xff, 0xff, 0x00, 0xff, 0xff,
0xff, 0x00, 0x01, 0x01, 0xd4, 0x00, 0x01, 0x01, 0xd4, 0x00, 0x01, 0x01, 0xd4, 0x00, 0x01,
0x01, 0xd4, 0x00, 0x01, 0x01, 0xd4, 0x00, 0x01, 0x01, 0xd4, 0x00, 0x01, 0x01, 0xd4, 0x00,
0x01, 0x01, 0xd4, 0x00, 0x01, 0x01, 0xd3, 0x00, 0x01, 0x01, 0xd3, 0x00, 0x01, 0x01, 0xe3,
0x00, 0x02, 0x02, 0xf3, 0xa7, 0x02, 0x02, 0xf7, 0xff, 0x02, 0x02, 0xf7, 0xff, 0x02, 0x02,
0xf7, 0xff, 0x02, 0x02, 0xf7, 0xff, 0x02, 0x02, 0xf6, 0xff, 0x02, 0x02, 0xf6, 0xff, 0x02,
0x02, 0xf6, 0xff, 0x02, 0x02, 0xf6, 0xff, 0x02, 0x02, 0xf6, 0xff, 0x02, 0x02, 0xf6, 0xff,
0x02, 0x02, 0xf5, 0xff, 0x02, 0x02, 0xf5, 0xff, 0x02, 0x02, 0xf5, 0xff, 0x02, 0x02, 0xf5,
0xff, 0x02, 0x02, 0xf5, 0xff, 0x02, 0x02, 0xf4, 0xff, 0x02, 0x02, 0xf4, 0xff, 0x02, 0x02,
0xf4, 0xff, 0x02, 0x02, 0xf4, 0xff, 0x02, 0x02, 0xf4, 0xff, 0x02, 0x02, 0xf3, 0xff, 0x02,
0x02, 0xf3, 0xff, 0x02, 0x02, 0xf3, 0xff, 0x02, 0x02, 0xf3, 0xff, 0x02, 0x02, 0xf3, 0xff,
0x02, 0x02, 0xf2, 0xff, 0x02, 0x02, 0xf2, 0xff, 0x02, 0x02, 0xf2, 0xff, 0x02, 0x02, 0xf2,
0xff, 0x02, 0x02, 0xf2, 0xff, 0x01, 0x01, 0xf1, 0xff, 0x00, 0x00, 0xf1, 0xff, 0x00, 0x00,
0xf1, 0xff, 0x0d, 0x0d, 0xf2, 0xff, 0x1f, 0x1f, 0xf3, 0xff, 0x30, 0x30, 0xf4, 0xff, 0x34,
0x34, 0xf4, 0xff, 0x30, 0x30, 0xf3, 0xff, 0x28, 0x28, 0xf2, 0xff, 0x1e, 0x1e, 0xf2, 0xff,
0x14, 0x14, 0xf1, 0xff, 0x11, 0x11, 0xf1, 0xff, 0x0f, 0x0f, 0xf0, 0xff, 0x0d, 0x0d, 0xf0,
0xff, 0x0d, 0x0d, 0xf0, 0xff, 0x0d, 0x0d, 0xf0, 0xff, 0x0e, 0x0e, 0xef, 0xff, 0x0f, 0x0f,
0xef, 0xff, 0x11, 0x11, 0xef, 0xff, 0x12, 0x12, 0xef, 0xff, 0x13, 0x13, 0xef, 0xff, 0x15,
0x15, 0xef, 0xff, 0x16, 0x16, 0xef, 0xff, 0x14, 0x14, 0xee, 0xff, 0x12, 0x12, 0xee, 0xff,
0x0f, 0x0f, 0xee, 0xff, 0x0a, 0x0a, 0xed, 0xff, 0x02, 0x02, 0xec, 0xff, 0x00, 0x00, 0xeb,
0xff, 0x00, 0x00, 0xeb, 0xff, 0x02, 0x02, 0xec, 0xff, 0x03, 0x03, 0xec, 0xff, 0x03, 0x03,
0xeb, 0xff, 0x03, 0x03, 0xeb, 0xff, 0x03, 0x03, 0xeb, 0xff, 0x03, 0x03, 0xeb, 0xff, 0x03,
0x03, 0xeb, 0xff, 0x03, 0x03, 0xeb, 0xff, 0x03, 0x03, 0xea, 0xff, 0x03, 0x03, 0xea, 0xff,
0x03, 0x03, 0xea, 0xff, 0x03, 0x03, 0xea, 0xff, 0x03, 0x03, 0xea, 0xff, 0x03, 0x03, 0xea,
0xff, 0x03, 0x03, 0xe9, 0xff, 0x03, 0x03, 0xe9, 0xff, 0x03, 0x03, 0xe9, 0xff, 0x03, 0x03,
0xe9, 0xff, 0x03, 0x03, 0xe9, 0xff, 0x03, 0x03, 0xe8, 0xff, 0x03, 0x03, 0xe8, 0xff, 0x03,
0x03, 0xe8, 0xff, 0x03, 0x03, 0xe8, 0xff, 0x03, 0x03, 0xe8, 0xff, 0x03, 0x03, 0xe7, 0xff,
0x03, 0x03, 0xe7, 0xff, 0x03, 0x03, 0xe7, 0xff, 0x03, 0x03, 0xe7, 0xff, 0x03, 0x03, 0xe7,
0xff, 0x02, 0x02, 0xe3, 0x96, 0x01, 0x01, 0xd4, 0x00, 0x01, 0x01, 0xd4, 0x00, 0x01, 0x01,
0xd4, 0x00, 0x01, 0x01, 0xd4, 0x00, 0x01, 0x01, 0xd4, 0x00, 0x01, 0x01, 0xd4, 0x00, 0x01,
0x01, 0xd4, 0x00, 0x01, 0x01, 0xd4, 0x00, 0x01, 0x01, 0xd4, 0x00, 0x01, 0x01, 0xd4, 0x00,
0x01, 0x01, 0xd4, 0x00, 0xff, 0xff, 0xff, 0x00, 0xff, 0xff, 0xff, 0x00, 0xff, 0xff, 0xff,
0x00, 0xff, 0xff, 0xff, 0x00, 0xff, 0xff, 0xff, 0x00, 0xff, 0xff, 0xff, 0x00, 0xff, 0xff,
0xff, 0x00, 0xff, 0xff, 0xff, 0x00, 0xff, 0xff, 0xff, 0x00, 0xff, 0xff, 0xff, 0x00, 0xff,
0xff, 0xff, 0x00, 0xff, 0xff, 0xff, 0x00, 0xff, 0xff, 0xff, 0x00, 0xff, 0xff, 0xff, 0x00,
0xff, 0xff, 0xff, 0x00, 0x01, 0x01, 0x31, 0x00, 0x01, 0x01, 0x31, 0x00, 0x01, 0x01, 0x31,
0x00, 0x01, 0x01, 0x31, 0x00, 0x01, 0x01, 0x31, 0x00, 0x01, 0x01, 0x31, 0x00, 0x01, 0x01,
0x31, 0x00, 0x01, 0x01, 0x31, 0x00, 0x01, 0x01, 0x31, 0x00, 0x01, 0x01, 0x25, 0x00, 0x01,
0x01, 0xbf, 0x69, 0x02, 0x02, 0xff, 0xff, 0x02, 0x02, 0xf6, 0xff, 0x02, 0x02, 0xf6, 0xff,
0x02, 0x02, 0xf6, 0xff, 0x02, 0x02, 0xf6, 0xff, 0x02, 0x02, 0xf6, 0xff, 0x02, 0x02, 0xf6,
0xff, 0x02, 0x02, 0xf6, 0xff, 0x02, 0x02, 0xf5, 0xff, 0x02, 0x02, 0xf5, 0xff, 0x02, 0x02,
0xf5, 0xff, 0x02, 0x02, 0xf5, 0xff, 0x02, 0x02, 0xf5, 0xff, 0x02, 0x02, 0xf4, 0xff, 0x02,
0x02, 0xf4, 0xff, 0x02, 0x02, 0xf4, 0xff, 0x02, 0x02, 0xf4, 0xff, 0x02, 0x02, 0xf4, 0xff,
0x02, 0x02, 0xf3, 0xff, 0x02, 0x02, 0xf3, 0xff, 0x02, 0x02, 0xf3, 0xff, 0x02, 0x02, 0xf3,
0xff, 0x02, 0x02, 0xf3, 0xff, 0x02, 0x02, 0xf2, 0xff, 0x02, 0x02, 0xf2, 0xff, 0x02, 0x02,
0xf2, 0xff, 0x02, 0x02, 0xf2, 0xff, 0x02, 0x02, 0xf2, 0xff, 0x02, 0x02, 0xf2, 0xff, 0x02,
0x02, 0xf1, 0xff, 0x01, 0x01, 0xf1, 0xff, 0x00, 0x00, 0xf0, 0xff, 0x3f, 0x3f, 0xf5, 0xff,
0xb9, 0xb9, 0xfb, 0xff, 0xe0, 0xe0, 0xfd, 0xff, 0xf3, 0xf3, 0xfe, 0xff, 0xfd, 0xfd, 0xff,
0xff, 0xfe, 0xfe, 0xff, 0xff, 0xfc, 0xfc, 0xff, 0xff, 0xf7, 0xf7, 0xff, 0xff, 0xf2, 0xf2,
0xfe, 0xff, 0xec, 0xec, 0xfe, 0xff, 0xe7, 0xe7, 0xfe, 0xff, 0xe3, 0xe3, 0xfd, 0xff, 0xe1,
0xe1, 0xfd, 0xff, 0xe0, 0xe0, 0xfd, 0xff, 0xe0, 0xe0, 0xfd, 0xff, 0xe2, 0xe2, 0xfd, 0xff,
0xe4, 0xe4, 0xfd, 0xff, 0xe7, 0xe7, 0xfe, 0xff, 0xea, 0xea, 0xfe, 0xff, 0xeb, 0xeb, 0xfe,
0xff, 0xed, 0xed, 0xfe, 0xff, 0xed, 0xed, 0xfe, 0xff, 0xec, 0xec, 0xfe, 0xff, 0xe9, 0xe9,
0xfe, 0xff, 0xe3, 0xe3, 0xfd, 0xff, 0xd9, 0xd9, 0xfc, 0xff, 0xcb, 0xcb, 0xfb, 0xff, 0xa3,
0xa3, 0xf8, 0xff, 0x3c, 0x3c, 0xf0, 0xff, 0x00, 0x00, 0xea, 0xff, 0x03, 0x03, 0xeb, 0xff,
0x03, 0x03, 0xeb, 0xff, 0x03, 0x03, 0xeb, 0xff, 0x03, 0x03, 0xeb, 0xff, 0x03, 0x03, 0xeb,
0xff, 0x03, 0x03, 0xea, 0xff, 0x03, 0x03, 0xea, 0xff, 0x03, 0x03, 0xea, 0xff, 0x03, 0x03,
0xea, 0xff, 0x03, 0x03, 0xea, 0xff, 0x03, 0x03, 0xe9, 0xff, 0x03, 0x03, 0xe9, 0xff, 0x03,
0x03, 0xe9, 0xff, 0x03, 0x03, 0xe9, 0xff, 0x03, 0x03, 0xe9, 0xff, 0x03, 0x03, 0xe8, 0xff,
0x03, 0x03, 0xe8, 0xff, 0x03, 0x03, 0xe8, 0xff, 0x03, 0x03, 0xe8, 0xff, 0x03, 0x03, 0xe8,
0xff, 0x03, 0x03, 0xe7, 0xff, 0x03, 0x03, 0xe7, 0xff, 0x03, 0x03, 0xe7, 0xff, 0x03, 0x03,
0xe7, 0xff, 0x03, 0x03, 0xe6, 0xff, 0x03, 0x03, 0xe6, 0xff, 0x03, 0x03, 0xe6, 0xff, 0x03,
0x03, 0xe6, 0xff, 0x03, 0x03, 0xe7, 0xff, 0x02, 0x02, 0xdf, 0x5a, 0x01, 0x01, 0xda, 0x00,
0x01, 0x01, 0xdf, 0x00, 0x01, 0x01, 0xdf, 0x00, 0x01, 0x01, 0xdf, 0x00, 0x01, 0x01, 0xdf,
0x00, 0x01, 0x01, 0xdf, 0x00, 0x01, 0x01, 0xdf, 0x00, 0x01, 0x01, 0xdf, 0x00, 0x01, 0x01,
0xdf, 0x00, 0x01, 0x01, 0xdf, 0x00, 0xff, 0xff, 0xff, 0x00, 0xff, 0xff, 0xff, 0x00, 0xff,
0xff, 0xff, 0x00, 0xff, 0xff, 0xff, 0x00, 0xff, 0xff, 0xff, 0x00, 0xff, 0xff, 0xff, 0x00,
0xff, 0xff, 0xff, 0x00, 0xff, 0xff, 0xff, 0x00, 0xff, 0xff, 0xff, 0x00, 0xff, 0xff, 0xff,
0x00, 0xff, 0xff, 0xff, 0x00, 0xff, 0xff, 0xff, 0x00, 0xff, 0xff, 0xff, 0x00, 0xff, 0xff,
0xff, 0x00, 0xff, 0xff, 0xff, 0x00, 0x01, 0x01, 0x5b, 0x00, 0x01, 0x01, 0x5b, 0x00, 0x01,
0x01, 0x5b, 0x00, 0x01, 0x01, 0x5b, 0x00, 0x01, 0x01, 0x5b, 0x00, 0x01, 0x01, 0x5b, 0x00,
0x01, 0x01, 0x5b, 0x00, 0x01, 0x01, 0x5b, 0x00, 0x01, 0x01, 0x59, 0x00, 0x01, 0x01, 0xb9,
0x2f, 0x02, 0x02, 0xf5, 0xf9, 0x02, 0x02, 0xf7, 0xff, 0x02, 0x02, 0xf6, 0xff, 0x02, 0x02,
0xf6, 0xff, 0x02, 0x02, 0xf6, 0xff, 0x02, 0x02, 0xf6, 0xff, 0x02, 0x02, 0xf5, 0xff, 0x02,
0x02, 0xf5, 0xff, 0x02, 0x02, 0xf5, 0xff, 0x02, 0x02, 0xf5, 0xff, 0x02, 0x02, 0xf5, 0xff,
0x02, 0x02, 0xf4, 0xff, 0x02, 0x02, 0xf4, 0xff, 0x02, 0x02, 0xf4, 0xff, 0x02, 0x02, 0xf4,
0xff, 0x02, 0x02, 0xf4, 0xff, 0x02, 0x02, 0xf3, 0xff, 0x02, 0x02, 0xf3, 0xff, 0x02, 0x02,
0xf3, 0xff, 0x02, 0x02, 0xf3, 0xff, 0x02, 0x02, 0xf3, 0xff, 0x02, 0x02, 0xf2, 0xff, 0x02,
0x02, 0xf2, 0xff, 0x02, 0x02, 0xf2, 0xff, 0x02, 0x02, 0xf2, 0xff, 0x02, 0x02, 0xf2, 0xff,
0x02, 0x02, 0xf1, 0xff, 0x02, 0x02, 0xf1, 0xff, 0x02, 0x02, 0xf1, 0xff, 0x02, 0x02, 0xf1,
0xff, 0x01, 0x01, 0xf1, 0xff, 0x00, 0x00, 0xf0, 0xff, 0x7d, 0x7d, 0xf8, 0xff, 0xfc, 0xfc,
0xff, 0xff, 0xff, 0xff, 0xff, 0xff, 0xff, 0xff, 0xff, 0xff, 0xff, 0xff, 0xff, 0xff, 0xff,
0xff, 0xff, 0xff, 0xff, 0xff, 0xff, 0xff, 0xff, 0xff, 0xff, 0xff, 0xff, 0xff, 0xff, 0xff,
0xff, 0xff, 0xff, 0xff, 0xff, 0xff, 0xff, 0xff, 0xff, 0xff, 0xff, 0xff, 0xff, 0xff, 0xff,
0xff, 0xff, 0xff, 0xff, 0xff, 0xff, 0xff, 0xff, 0xff, 0xff, 0xff, 0xff, 0xff, 0xff, 0xff,
0xff, 0xff, 0xff, 0xff, 0xff, 0xff, 0xff, 0xff, 0xff, 0xff, 0xff, 0xff, 0xff, 0xff, 0xff,
0xff, 0xff, 0xff, 0xff, 0xff, 0xff, 0xff, 0xff, 0xff, 0xff, 0xff, 0xff, 0xff, 0xff, 0xff,
0xff, 0xff, 0xff, 0xff, 0xff, 0xff, 0xff, 0xff, 0xff, 0xff, 0xff, 0xff, 0xff, 0xff, 0xff,
0xff, 0xff, 0xff, 0xff, 0xff, 0xfa, 0xfa, 0xff, 0xff, 0x57, 0x57, 0xf2, 0xff, 0x00, 0x00,
0xea, 0xff, 0x03, 0x03, 0xeb, 0xff, 0x03, 0x03, 0xea, 0xff, 0x03, 0x03, 0xea, 0xff, 0x03,
0x03, 0xea, 0xff, 0x03, 0x03, 0xea, 0xff, 0x03, 0x03, 0xe9, 0xff, 0x03, 0x03, 0xe9, 0xff,
0x03, 0x03, 0xe9, 0xff, 0x03, 0x03, 0xe9, 0xff, 0x03, 0x03, 0xe9, 0xff, 0x03, 0x03, 0xe9,
0xff, 0x03, 0x03, 0xe8, 0xff, 0x03, 0x03, 0xe8, 0xff, 0x03, 0x03, 0xe8, 0xff, 0x03, 0x03,
0xe8, 0xff, 0x03, 0x03, 0xe8, 0xff, 0x03, 0x03, 0xe7, 0xff, 0x03, 0x03, 0xe7, 0xff, 0x03,
0x03, 0xe7, 0xff, 0x03, 0x03, 0xe7, 0xff, 0x03, 0x03, 0xe7, 0xff, 0x03, 0x03, 0xe6, 0xff,
0x03, 0x03, 0xe6, 0xff, 0x03, 0x03, 0xe6, 0xff, 0x03, 0x03, 0xe6, 0xff, 0x03, 0x03, 0xe6,
0xff, 0x03, 0x03, 0xe6, 0xff, 0x03, 0x03, 0xe5, 0xff, 0x03, 0x03, 0xe6, 0xf3, 0x01, 0x01,
0xdd, 0x26, 0x01, 0x01, 0xcc, 0x00, 0x01, 0x01, 0xcd, 0x00, 0x01, 0x01, 0xcd, 0x00, 0x01,
0x01, 0xcd, 0x00, 0x01, 0x01, 0xcd, 0x00, 0x01, 0x01, 0xcd, 0x00, 0x01, 0x01, 0xcd, 0x00,
0x01, 0x01, 0xcd, 0x00, 0x01, 0x01, 0xcd, 0x00, 0xff, 0xff, 0xff, 0x00, 0xff, 0xff, 0xff,
0x00, 0xff, 0xff, 0xff, 0x00, 0xff, 0xff, 0xff, 0x00, 0xff, 0xff, 0xff, 0x00, 0xff, 0xff,
0xff, 0x00, 0xff, 0xff, 0xff, 0x00, 0xff, 0xff, 0xff, 0x00, 0xff, 0xff, 0xff, 0x00, 0xff,
0xff, 0xff, 0x00, 0xff, 0xff, 0xff, 0x00, 0xff, 0xff, 0xff, 0x00, 0xff, 0xff, 0xff, 0x00,
0xff, 0xff, 0xff, 0x00, 0xff, 0xff, 0xff, 0x00, 0x01, 0x01, 0x4e, 0x00, 0x01, 0x01, 0x4e,
0x00, 0x01, 0x01, 0x4e, 0x00, 0x01, 0x01, 0x4e, 0x00, 0x01, 0x01, 0x4e, 0x00, 0x01, 0x01,
0x4e, 0x00, 0x01, 0x01, 0x4e, 0x00, 0x01, 0x01, 0x49, 0x00, 0x01, 0x01, 0x62, 0x08, 0x02,
0x02, 0xe6, 0xd1, 0x02, 0x02, 0xfb, 0xff, 0x02, 0x02, 0xf6, 0xff, 0x02, 0x02, 0xf6, 0xff,
0x02, 0x02, 0xf6, 0xff, 0x02, 0x02, 0xf5, 0xff, 0x02, 0x02, 0xf5, 0xff, 0x02, 0x02, 0xf5,
0xff, 0x02, 0x02, 0xf5, 0xff, 0x02, 0x02, 0xf4, 0xff, 0x02, 0x02, 0xf4, 0xff, 0x02, 0x02,
0xf4, 0xff, 0x02, 0x02, 0xf4, 0xff, 0x02, 0x02, 0xf4, 0xff, 0x02, 0x02, 0xf3, 0xff, 0x02,
0x02, 0xf3, 0xff, 0x02, 0x02, 0xf3, 0xff, 0x02, 0x02, 0xf3, 0xff, 0x02, 0x02, 0xf3, 0xff,
0x02, 0x02, 0xf2, 0xff, 0x02, 0x02, 0xf2, 0xff, 0x02, 0x02, 0xf2, 0xff, 0x02, 0x02, 0xf2,
0xff, 0x02, 0x02, 0xf2, 0xff, 0x02, 0x02, 0xf1, 0xff, 0x01, 0x01, 0xf1, 0xff, 0x00, 0x00,
0xf1, 0xff, 0x00, 0x00, 0xf1, 0xff, 0x02, 0x02, 0xf1, 0xff, 0x02, 0x02, 0xf1, 0xff, 0x02,
0x02, 0xf1, 0xff, 0x00, 0x00, 0xef, 0xff, 0x65, 0x65, 0xf6, 0xff, 0xff, 0xff, 0xff, 0xff,
0xff, 0xff, 0xff, 0xff, 0xfe, 0xfe, 0xff, 0xff, 0xfe, 0xfe, 0xff, 0xff, 0xfe, 0xfe, 0xff,
0xff, 0xfe, 0xfe, 0xff, 0xff, 0xfe, 0xfe, 0xff, 0xff, 0xfe, 0xfe, 0xff, 0xff, 0xfe, 0xfe,
0xff, 0xff, 0xfe, 0xfe, 0xff, 0xff, 0xfe, 0xfe, 0xff, 0xff, 0xfe, 0xfe, 0xff, 0xff, 0xfe,
0xfe, 0xff, 0xff, 0xfe, 0xfe, 0xff, 0xff, 0xfe, 0xfe, 0xff, 0xff, 0xfe, 0xfe, 0xff, 0xff,
0xfe, 0xfe, 0xff, 0xff, 0xfe, 0xfe, 0xff, 0xff, 0xfe, 0xfe, 0xff, 0xff, 0xfe, 0xfe, 0xff,
0xff, 0xfe, 0xfe, 0xff, 0xff, 0xfe, 0xfe, 0xff, 0xff, 0xfe, 0xfe, 0xff, 0xff, 0xfe, 0xfe,
0xff, 0xff, 0xfe, 0xfe, 0xff, 0xff, 0xfe, 0xfe, 0xff, 0xff, 0xfe, 0xfe, 0xff, 0xff, 0xfe,
0xfe, 0xff, 0xff, 0xfe, 0xfe, 0xff, 0xff, 0xff, 0xff, 0xff, 0xff, 0xdd, 0xdd, 0xfc, 0xff,
0x0e, 0x0e, 0xeb, 0xff, 0x01, 0x01, 0xea, 0xff, 0x03, 0x03, 0xea, 0xff, 0x03, 0x03, 0xea,
0xff, 0x00, 0x00, 0xe9, 0xff, 0x00, 0x00, 0xe8, 0xff, 0x00, 0x00, 0xe9, 0xff, 0x02, 0x02,
0xe9, 0xff, 0x03, 0x03, 0xe9, 0xff, 0x03, 0x03, 0xe8, 0xff, 0x03, 0x03, 0xe8, 0xff, 0x03,
0x03, 0xe8, 0xff, 0x03, 0x03, 0xe8, 0xff, 0x03, 0x03, 0xe8, 0xff, 0x03, 0x03, 0xe7, 0xff,
0x03, 0x03, 0xe7, 0xff, 0x03, 0x03, 0xe7, 0xff, 0x03, 0x03, 0xe7, 0xff, 0x03, 0x03, 0xe7,
0xff, 0x03, 0x03, 0xe6, 0xff, 0x03, 0x03, 0xe6, 0xff, 0x03, 0x03, 0xe6, 0xff, 0x03, 0x03,
0xe6, 0xff, 0x03, 0x03, 0xe6, 0xff, 0x03, 0x03, 0xe6, 0xff, 0x03, 0x03, 0xe6, 0xff, 0x03,
0x03, 0xe5, 0xff, 0x03, 0x03, 0xe5, 0xff, 0x03, 0x03, 0xe5, 0xff, 0x03, 0x03, 0xe8, 0xff,
0x03, 0x03, 0xdb, 0xc4, 0x01, 0x01, 0x21, 0x04, 0x01, 0x01, 0x04, 0x00, 0x01, 0x01, 0x06,
0x00, 0x01, 0x01, 0x06, 0x00, 0x01, 0x01, 0x06, 0x00, 0x01, 0x01, 0x06, 0x00, 0x01, 0x01,
0x06, 0x00, 0x01, 0x01, 0x06, 0x00, 0x01, 0x01, 0x06, 0x00, 0xff, 0xff, 0xff, 0x00, 0xff,
0xff, 0xff, 0x00, 0xff, 0xff, 0xff, 0x00, 0xff, 0xff, 0xff, 0x00, 0xff, 0xff, 0xff, 0x00,
0xff, 0xff, 0xff, 0x00, 0xff, 0xff, 0xff, 0x00, 0xff, 0xff, 0xff, 0x00, 0xff, 0xff, 0xff,
0x00, 0xff, 0xff, 0xff, 0x00, 0xff, 0xff, 0xff, 0x00, 0xff, 0xff, 0xff, 0x00, 0xff, 0xff,
0xff, 0x00, 0xff, 0xff, 0xff, 0x00, 0xff, 0xff, 0xff, 0x00, 0x01, 0x01, 0xc0, 0x00, 0x01,
0x01, 0xc0, 0x00, 0x01, 0x01, 0xc0, 0x00, 0x01, 0x01, 0xc0, 0x00, 0x01, 0x01, 0xc0, 0x00,
0x01, 0x01, 0xc0, 0x00, 0x01, 0x01, 0xc0, 0x00, 0x01, 0x01, 0xbb, 0x00, 0x02, 0x02, 0xdb,
0x7d, 0x02, 0x02, 0xfc, 0xff, 0x02, 0x02, 0xf5, 0xff, 0x02, 0x02, 0xf5, 0xff, 0x02, 0x02,
0xf5, 0xff, 0x02, 0x02, 0xf5, 0xff, 0x02, 0x02, 0xf5, 0xff, 0x02, 0x02, 0xf4, 0xff, 0x02,
0x02, 0xf5, 0xff, 0x02, 0x02, 0xf4, 0xff, 0x02, 0x02, 0xf4, 0xff, 0x02, 0x02, 0xf4, 0xff,
0x02, 0x02, 0xf3, 0xff, 0x02, 0x02, 0xf4, 0xff, 0x02, 0x02, 0xf3, 0xff, 0x02, 0x02, 0xf3,
0xff, 0x02, 0x02, 0xf3, 0xff, 0x02, 0x02, 0xf2, 0xff, 0x02, 0x02, 0xf3, 0xff, 0x02, 0x02,
0xf2, 0xff, 0x02, 0x02, 0xf2, 0xff, 0x02, 0x02, 0xf2, 0xff, 0x00, 0x00, 0xf2, 0xff, 0x00,
0x00, 0xf1, 0xff, 0x00, 0x00, 0xf0, 0xff, 0x00, 0x00, 0xf0, 0xff, 0x00, 0x00, 0xf1, 0xff,
0x1a, 0x1a, 0xf2, 0xff, 0x26, 0x26, 0xf3, 0xff, 0x01, 0x01, 0xf0, 0xff, 0x02, 0x02, 0xf0,
0xff, 0x00, 0x00, 0xf0, 0xff, 0x21, 0x21, 0xf2, 0xff, 0xe9, 0xe9, 0xfe, 0xff, 0xff, 0xff,
0xff, 0xff, 0xfe, 0xfe, 0xff, 0xff, 0xfe, 0xfe, 0xff, 0xff, 0xfe, 0xfe, 0xff, 0xff, 0xfe,
0xfe, 0xff, 0xff, 0xfe, 0xfe, 0xff, 0xff, 0xfe, 0xfe, 0xff, 0xff, 0xfe, 0xfe, 0xff, 0xff,
0xfe, 0xfe, 0xff, 0xff, 0xfe, 0xfe, 0xff, 0xff, 0xfe, 0xfe, 0xff, 0xff, 0xfe, 0xfe, 0xff,
0xff, 0xfe, 0xfe, 0xff, 0xff, 0xfe, 0xfe, 0xff, 0xff, 0xfe, 0xfe, 0xff, 0xff, 0xfe, 0xfe,
0xff, 0xff, 0xfe, 0xfe, 0xff, 0xff, 0xfe, 0xfe, 0xff, 0xff, 0xfe, 0xfe, 0xff, 0xff, 0xfe,
0xfe, 0xff, 0xff, 0xfe, 0xfe, 0xff, 0xff, 0xfe, 0xfe, 0xff, 0xff, 0xfe, 0xfe, 0xff, 0xff,
0xfe, 0xfe, 0xff, 0xff, 0xfe, 0xfe, 0xff, 0xff, 0xfe, 0xfe, 0xff, 0xff, 0xfe, 0xfe, 0xff,
0xff, 0xfe, 0xfe, 0xff, 0xff, 0xfe, 0xfe, 0xff, 0xff, 0xff, 0xff, 0xff, 0xff, 0xff, 0xff,
0xff, 0xff, 0x66, 0x66, 0xf2, 0xff, 0x00, 0x00, 0xe8, 0xff, 0x03, 0x03, 0xe9, 0xff, 0x03,
0x03, 0xe9, 0xff, 0x10, 0x10, 0xea, 0xff, 0x2c, 0x2c, 0xed, 0xff, 0x11, 0x11, 0xea, 0xff,
0x00, 0x00, 0xe8, 0xff, 0x00, 0x00, 0xe7, 0xff, 0x00, 0x00, 0xe7, 0xff, 0x00, 0x00, 0xe7,
0xff, 0x02, 0x02, 0xe7, 0xff, 0x03, 0x03, 0xe7, 0xff, 0x03, 0x03, 0xe7, 0xff, 0x03, 0x03,
0xe7, 0xff, 0x03, 0x03, 0xe7, 0xff, 0x03, 0x03, 0xe6, 0xff, 0x03, 0x03, 0xe6, 0xff, 0x03,
0x03, 0xe6, 0xff, 0x03, 0x03, 0xe6, 0xff, 0x03, 0x03, 0xe6, 0xff, 0x03, 0x03, 0xe6, 0xff,
0x03, 0x03, 0xe6, 0xff, 0x03, 0x03, 0xe6, 0xff, 0x03, 0x03, 0xe5, 0xff, 0x03, 0x03, 0xe5,
0xff, 0x03, 0x03, 0xe5, 0xff, 0x03, 0x03, 0xe5, 0xff, 0x03, 0x03, 0xe5, 0xff, 0x03, 0x03,
0xe4, 0xff, 0x03, 0x03, 0xe8, 0xff, 0x02, 0x02, 0xa1, 0x69, 0x01, 0x01, 0x87, 0x00, 0x01,
0x01, 0x89, 0x00, 0x01, 0x01, 0x89, 0x00, 0x01, 0x01, 0x89, 0x00, 0x01, 0x01, 0x89, 0x00,
0x01, 0x01, 0x89, 0x00, 0x01, 0x01, 0x89, 0x00, 0x01, 0x01, 0x89, 0x00, 0xff, 0xff, 0xff,
0x00, 0xff, 0xff, 0xff, 0x00, 0xff, 0xff, 0xff, 0x00, 0xff, 0xff, 0xff, 0x00, 0xff, 0xff,
0xff, 0x00, 0xff, 0xff, 0xff, 0x00, 0xff, 0xff, 0xff, 0x00, 0xff, 0xff, 0xff, 0x00, 0xff,
0xff, 0xff, 0x00, 0xff, 0xff, 0xff, 0x00, 0xff, 0xff, 0xff, 0x00, 0xff, 0xff, 0xff, 0x00,
0xff, 0xff, 0xff, 0x00, 0xff, 0xff, 0xff, 0x00, 0xff, 0xff, 0xff, 0x00, 0x01, 0x01, 0xe8,
0x00, 0x01, 0x01, 0xe8, 0x00, 0x01, 0x01, 0xe8, 0x00, 0x01, 0x01, 0xe8, 0x00, 0x01, 0x01,
0xe8, 0x00, 0x01, 0x01, 0xe8, 0x00, 0x01, 0x01, 0xe5, 0x00, 0x01, 0x01, 0xf0, 0x38, 0x02,
0x02, 0xfb, 0xfb, 0x02, 0x02, 0xf5, 0xff, 0x02, 0x02, 0xf5, 0xff, 0x02, 0x02, 0xf5, 0xff,
0x02, 0x02, 0xf5, 0xff, 0x02, 0x02, 0xf5, 0xff, 0x02, 0x02, 0xf4, 0xff, 0x02, 0x02, 0xf4,
0xff, 0x02, 0x02, 0xf4, 0xff, 0x02, 0x02, 0xf4, 0xff, 0x02, 0x02, 0xf4, 0xff, 0x02, 0x02,
0xf3, 0xff, 0x02, 0x02, 0xf3, 0xff, 0x02, 0x02, 0xf3, 0xff, 0x02, 0x02, 0xf3, 0xff, 0x02,
0x02, 0xf3, 0xff, 0x02, 0x02, 0xf2, 0xff, 0x02, 0x02, 0xf2, 0xff, 0x02, 0x02, 0xf2, 0xff,
0x00, 0x00, 0xf1, 0xff, 0x00, 0x00, 0xf1, 0xff, 0x00, 0x00, 0xf0, 0xff, 0x04, 0x04, 0xf1,
0xff, 0x30, 0x30, 0xf4, 0xff, 0x71, 0x71, 0xf7, 0xff, 0x9b, 0x9b, 0xfa, 0xff, 0xbd, 0xbd,
0xfc, 0xff, 0xee, 0xee, 0xfe, 0xff, 0xd1, 0xd1, 0xfd, 0xff, 0x05, 0x05, 0xf0, 0xff, 0x01,
0x01, 0xf0, 0xff, 0x00, 0x00, 0xee, 0xff, 0x7a, 0x7a, 0xf7, 0xff, 0xff, 0xff, 0xff, 0xff,
0xfe, 0xfe, 0xff, 0xff, 0xfe, 0xfe, 0xff, 0xff, 0xfe, 0xfe, 0xff, 0xff, 0xfe, 0xfe, 0xff,
0xff, 0xfe, 0xfe, 0xff, 0xff, 0xfe, 0xfe, 0xff, 0xff, 0xfe, 0xfe, 0xff, 0xff, 0xfe, 0xfe,
0xff, 0xff, 0xfe, 0xfe, 0xff, 0xff, 0xfe, 0xfe, 0xff, 0xff, 0xfe, 0xfe, 0xff, 0xff, 0xfe,
0xfe, 0xff, 0xff, 0xfe, 0xfe, 0xff, 0xff, 0xfe, 0xfe, 0xff, 0xff, 0xfe, 0xfe, 0xff, 0xff,
0xfe, 0xfe, 0xff, 0xff, 0xfe, 0xfe, 0xff, 0xff, 0xfe, 0xfe, 0xff, 0xff, 0xfe, 0xfe, 0xff,
0xff, 0xfe, 0xfe, 0xff, 0xff, 0xfe, 0xfe, 0xff, 0xff, 0xfe, 0xfe, 0xff, 0xff, 0xfe, 0xfe,
0xff, 0xff, 0xfe, 0xfe, 0xff, 0xff, 0xfe, 0xfe, 0xff, 0xff, 0xfe, 0xfe, 0xff, 0xff, 0xfe,
0xfe, 0xff, 0xff, 0xfe, 0xfe, 0xff, 0xff, 0xfe, 0xfe, 0xff, 0xff, 0xfe, 0xfe, 0xff, 0xff,
0xff, 0xff, 0xff, 0xff, 0xb2, 0xb2, 0xf8, 0xff, 0x00, 0x00, 0xe8, 0xff, 0x00, 0x00, 0xe9,
0xff, 0x0e, 0x0e, 0xea, 0xff, 0xcc, 0xcc, 0xfb, 0xff, 0xfa, 0xfa, 0xff, 0xff, 0xe3, 0xe3,
0xfc, 0xff, 0xba, 0xba, 0xf9, 0xff, 0x9a, 0x9a, 0xf6, 0xff, 0x6f, 0x6f, 0xf2, 0xff, 0x2c,
0x2c, 0xeb, 0xff, 0x00, 0x00, 0xe6, 0xff, 0x00, 0x00, 0xe5, 0xff, 0x00, 0x00, 0xe6, 0xff,
0x03, 0x03, 0xe7, 0xff, 0x03, 0x03, 0xe6, 0xff, 0x03, 0x03, 0xe6, 0xff, 0x03, 0x03, 0xe6,
0xff, 0x03, 0x03, 0xe6, 0xff, 0x03, 0x03, 0xe6, 0xff, 0x03, 0x03, 0xe6, 0xff, 0x03, 0x03,
0xe5, 0xff, 0x03, 0x03, 0xe5, 0xff, 0x03, 0x03, 0xe5, 0xff, 0x03, 0x03, 0xe5, 0xff, 0x03,
0x03, 0xe5, 0xff, 0x03, 0x03, 0xe4, 0xff, 0x03, 0x03, 0xe4, 0xff, 0x03, 0x03, 0xe4, 0xff,
0x03, 0x03, 0xe4, 0xff, 0x03, 0x03, 0xe3, 0xff, 0x03, 0x03, 0xef, 0xf3, 0x02, 0x02, 0xca,
0x2b, 0x01, 0x01, 0xb2, 0x00, 0x01, 0x01, 0xb5, 0x00, 0x01, 0x01, 0xb5, 0x00, 0x01, 0x01,
0xb5, 0x00, 0x01, 0x01, 0xb5, 0x00, 0x01, 0x01, 0xb5, 0x00, 0x01, 0x01, 0xb5, 0x00, 0xff,
0xff, 0xff, 0x00, 0xff, 0xff, 0xff, 0x00, 0xff, 0xff, 0xff, 0x00, 0xff, 0xff, 0xff, 0x00,
0xff, 0xff, 0xff, 0x00, 0xff, 0xff, 0xff, 0x00, 0xff, 0xff, 0xff, 0x00, 0xff, 0xff, 0xff,
0x00, 0xff, 0xff, 0xff, 0x00, 0xff, 0xff, 0xff, 0x00, 0xff, 0xff, 0xff, 0x00, 0xff, 0xff,
0xff, 0x00, 0xff, 0xff, 0xff, 0x00, 0xff, 0xff, 0xff, 0x00, 0xff, 0xff, 0xff, 0x00, 0x01,
0x01, 0xd4, 0x00, 0x01, 0x01, 0xd4, 0x00, 0x01, 0x01, 0xd4, 0x00, 0x01, 0x01, 0xd4, 0x00,
0x01, 0x01, 0xd4, 0x00, 0x01, 0x01, 0xd3, 0x00, 0x01, 0x01, 0xd4, 0x06, 0x02, 0x02, 0xef,
0xbb, 0x02, 0x02, 0xf6, 0xff, 0x02, 0x02, 0xf5, 0xff, 0x02, 0x02, 0xf5, 0xff, 0x02, 0x02,
0xf4, 0xff, 0x02, 0x02, 0xf4, 0xff, 0x02, 0x02, 0xf4, 0xff, 0x02, 0x02, 0xf4, 0xff, 0x02,
0x02, 0xf4, 0xff, 0x02, 0x02, 0xf3, 0xff, 0x02, 0x02, 0xf3, 0xff, 0x02, 0x02, 0xf3, 0xff,
0x02, 0x02, 0xf3, 0xff, 0x02, 0x02, 0xf3, 0xff, 0x02, 0x02, 0xf2, 0xff, 0x02, 0x02, 0xf2,
0xff, 0x02, 0x02, 0xf2, 0xff, 0x01, 0x01, 0xf2, 0xff, 0x00, 0x00, 0xf1, 0xff, 0x00, 0x00,
0xf0, 0xff, 0x1b, 0x1b, 0xf3, 0xff, 0x56, 0x56, 0xf6, 0xff, 0x8a, 0x8a, 0xf8, 0xff, 0xd1,
0xd1, 0xfd, 0xff, 0xfc, 0xfc, 0xff, 0xff, 0xff, 0xff, 0xff, 0xff, 0xff, 0xff, 0xff, 0xff,
0xff, 0xff, 0xff, 0xff, 0xff, 0xff, 0xff, 0xff, 0xf9, 0xf9, 0xff, 0xff, 0x24, 0x24, 0xf2,
0xff, 0x00, 0x00, 0xef, 0xff, 0x00, 0x00, 0xee, 0xff, 0xb6, 0xb6, 0xfa, 0xff, 0xff, 0xff,
0xff, 0xff, 0xfe, 0xfe, 0xff, 0xff, 0xfe, 0xfe, 0xff, 0xff, 0xfe, 0xfe, 0xff, 0xff, 0xfe,
0xfe, 0xff, 0xff, 0xfe, 0xfe, 0xff, 0xff, 0xfe, 0xfe, 0xff, 0xff, 0xfe, 0xfe, 0xff, 0xff,
0xfe, 0xfe, 0xff, 0xff, 0xfe, 0xfe, 0xff, 0xff, 0xfe, 0xfe, 0xff, 0xff, 0xfe, 0xfe, 0xff,
0xff, 0xfe, 0xfe, 0xff, 0xff, 0xfe, 0xfe, 0xff, 0xff, 0xfe, 0xfe, 0xff, 0xff, 0xfe, 0xfe,
0xff, 0xff, 0xfe, 0xfe, 0xff, 0xff, 0xfe, 0xfe, 0xff, 0xff, 0xfe, 0xfe, 0xff, 0xff, 0xfe,
0xfe, 0xff, 0xff, 0xfe, 0xfe, 0xff, 0xff, 0xfe, 0xfe, 0xff, 0xff, 0xfe, 0xfe, 0xff, 0xff,
0xfe, 0xfe, 0xff, 0xff, 0xfe, 0xfe, 0xff, 0xff, 0xfe, 0xfe, 0xff, 0xff, 0xfe, 0xfe, 0xff,
0xff, 0xfe, 0xfe, 0xff, 0xff, 0xfe, 0xfe, 0xff, 0xff, 0xfe, 0xfe, 0xff, 0xff, 0xfe, 0xfe,
0xff, 0xff, 0xff, 0xff, 0xff, 0xff, 0xdb, 0xdb, 0xfc, 0xff, 0x09, 0x09, 0xe9, 0xff, 0x00,
0x00, 0xe7, 0xff, 0x17, 0x17, 0xea, 0xff, 0xf0, 0xf0, 0xfe, 0xff, 0xff, 0xff, 0xff, 0xff,
0xff, 0xff, 0xff, 0xff, 0xff, 0xff, 0xff, 0xff, 0xff, 0xff, 0xff, 0xff, 0xff, 0xff, 0xff,
0xff, 0xfa, 0xfa, 0xff, 0xff, 0xbc, 0xbc, 0xf9, 0xff, 0x6f, 0x6f, 0xf1, 0xff, 0x27, 0x27,
0xea, 0xff, 0x00, 0x00, 0xe4, 0xff, 0x00, 0x00, 0xe6, 0xff, 0x03, 0x03, 0xe6, 0xff, 0x03,
0x03, 0xe6, 0xff, 0x03, 0x03, 0xe5, 0xff, 0x03, 0x03, 0xe5, 0xff, 0x03, 0x03, 0xe5, 0xff,
0x03, 0x03, 0xe5, 0xff, 0x03, 0x03, 0xe5, 0xff, 0x03, 0x03, 0xe4, 0xff, 0x03, 0x03, 0xe4,
0xff, 0x03, 0x03, 0xe4, 0xff, 0x03, 0x03, 0xe4, 0xff, 0x03, 0x03, 0xe4, 0xff, 0x03, 0x03,
0xe3, 0xff, 0x03, 0x03, 0xe3, 0xff, 0x03, 0x03, 0xe3, 0xff, 0x03, 0x03, 0xe4, 0xff, 0x02,
0x02, 0xdb, 0xa5, 0x01, 0x01, 0xd4, 0x00, 0x01, 0x01, 0xd4, 0x00, 0x01, 0x01, 0xd4, 0x00,
0x01, 0x01, 0xd4, 0x00, 0x01, 0x01, 0xd4, 0x00, 0x01, 0x01, 0xd4, 0x00, 0x01, 0x01, 0xd4,
0x00, 0xff, 0xff, 0xff, 0x00, 0xff, 0xff, 0xff, 0x00, 0xff, 0xff, 0xff, 0x00, 0xff, 0xff,
0xff, 0x00, 0xff, 0xff, 0xff, 0x00, 0xff, 0xff, 0xff, 0x00, 0xff, 0xff, 0xff, 0x00, 0xff,
0xff, 0xff, 0x00, 0xff, 0xff, 0xff, 0x00, 0xff, 0xff, 0xff, 0x00, 0xff, 0xff, 0xff, 0x00,
0xff, 0xff, 0xff, 0x00, 0xff, 0xff, 0xff, 0x00, 0xff, 0xff, 0xff, 0x00, 0xff, 0xff, 0xff,
0x00, 0x01, 0x01, 0xc8, 0x00, 0x01, 0x01, 0xc8, 0x00, 0x01, 0x01, 0xc8, 0x00, 0x01, 0x01,
0xc8, 0x00, 0x01, 0x01, 0xc8, 0x00, 0x01, 0x01, 0xc9, 0x00, 0x02, 0x02, 0xe7, 0x5c, 0x02,
0x02, 0xf7, 0xff, 0x02, 0x02, 0xf4, 0xff, 0x02, 0x02, 0xf4, 0xff, 0x02, 0x02, 0xf4, 0xff,
0x02, 0x02, 0xf4, 0xff, 0x02, 0x02, 0xf4, 0xff, 0x02, 0x02, 0xf3, 0xff, 0x02, 0x02, 0xf3,
0xff, 0x02, 0x02, 0xf3, 0xff, 0x02, 0x02, 0xf3, 0xff, 0x02, 0x02, 0xf3, 0xff, 0x02, 0x02,
0xf2, 0xff, 0x02, 0x02, 0xf2, 0xff, 0x02, 0x02, 0xf2, 0xff, 0x02, 0x02, 0xf2, 0xff, 0x02,
0x02, 0xf2, 0xff, 0x00, 0x00, 0xf1, 0xff, 0x00, 0x00, 0xf1, 0xff, 0x46, 0x46, 0xf5, 0xff,
0x92, 0x92, 0xf9, 0xff, 0xe9, 0xe9, 0xfe, 0xff, 0xff, 0xff, 0xff, 0xff, 0xff, 0xff, 0xff,
0xff, 0xff, 0xff, 0xff, 0xff, 0xff, 0xff, 0xff, 0xff, 0xfe, 0xfe, 0xff, 0xff, 0xfe, 0xfe,
0xff, 0xff, 0xfe, 0xfe, 0xff, 0xff, 0xff, 0xff, 0xff, 0xff, 0xff, 0xff, 0xff, 0xff, 0x46,
0x46, 0xf3, 0xff, 0x00, 0x00, 0xee, 0xff, 0x04, 0x04, 0xef, 0xff, 0xd2, 0xd2, 0xfc, 0xff,
0xff, 0xff, 0xff, 0xff, 0xfe, 0xfe, 0xff, 0xff, 0xfe, 0xfe, 0xff, 0xff, 0xfe, 0xfe, 0xff,
0xff, 0xfe, 0xfe, 0xff, 0xff, 0xfe, 0xfe, 0xff, 0xff, 0xfe, 0xfe, 0xff, 0xff, 0xfe, 0xfe,
0xff, 0xff, 0xfe, 0xfe, 0xff, 0xff, 0xfe, 0xfe, 0xff, 0xff, 0xfe, 0xfe, 0xff, 0xff, 0xfe,
0xfe, 0xff, 0xff, 0xfe, 0xfe, 0xff, 0xff, 0xfe, 0xfe, 0xff, 0xff, 0xfe, 0xfe, 0xff, 0xff,
0xfe, 0xfe, 0xff, 0xff, 0xfe, 0xfe, 0xff, 0xff, 0xfe, 0xfe, 0xff, 0xff, 0xfe, 0xfe, 0xff,
0xff, 0xfe, 0xfe, 0xff, 0xff, 0xfe, 0xfe, 0xff, 0xff, 0xfe, 0xfe, 0xff, 0xff, 0xfe, 0xfe,
0xff, 0xff, 0xfe, 0xfe, 0xff, 0xff, 0xfe, 0xfe, 0xff, 0xff, 0xfe, 0xfe, 0xff, 0xff, 0xfe,
0xfe, 0xff, 0xff, 0xfe, 0xfe, 0xff, 0xff, 0xfe, 0xfe, 0xff, 0xff, 0xfe, 0xfe, 0xff, 0xff,
0xfe, 0xfe, 0xff, 0xff, 0xff, 0xff, 0xff, 0xff, 0xf2, 0xf2, 0xfe, 0xff, 0x1e, 0x1e, 0xea,
0xff, 0x00, 0x00, 0xe7, 0xff, 0x23, 0x23, 0xeb, 0xff, 0xf5, 0xf5, 0xfe, 0xff, 0xff, 0xff,
0xff, 0xff, 0xfe, 0xfe, 0xff, 0xff, 0xfe, 0xfe, 0xff, 0xff, 0xfe, 0xfe, 0xff, 0xff, 0xfe,
0xfe, 0xff, 0xff, 0xff, 0xff, 0xff, 0xff, 0xff, 0xff, 0xff, 0xff, 0xff, 0xff, 0xff, 0xff,
0xf0, 0xf0, 0xfe, 0xff, 0x84, 0x84, 0xf3, 0xff, 0x0d, 0x0d, 0xe6, 0xff, 0x00, 0x00, 0xe4,
0xff, 0x03, 0x03, 0xe5, 0xff, 0x03, 0x03, 0xe5, 0xff, 0x03, 0x03, 0xe5, 0xff, 0x03, 0x03,
0xe5, 0xff, 0x03, 0x03, 0xe4, 0xff, 0x03, 0x03, 0xe4, 0xff, 0x03, 0x03, 0xe4, 0xff, 0x03,
0x03, 0xe4, 0xff, 0x03, 0x03, 0xe4, 0xff, 0x03, 0x03, 0xe3, 0xff, 0x03, 0x03, 0xe3, 0xff,
0x03, 0x03, 0xe3, 0xff, 0x03, 0x03, 0xe3, 0xff, 0x03, 0x03, 0xe3, 0xff, 0x03, 0x03, 0xe2,
0xff, 0x03, 0x03, 0xe4, 0xff, 0x02, 0x02, 0xde, 0x45, 0x01, 0x01, 0xda, 0x00, 0x01, 0x01,
0xdb, 0x00, 0x01, 0x01, 0xdb, 0x00, 0x01, 0x01, 0xdb, 0x00, 0x01, 0x01, 0xdb, 0x00, 0x01,
0x01, 0xdb, 0x00, 0xff, 0xff, 0xff, 0x00, 0xff, 0xff, 0xff, 0x00, 0xff, 0xff, 0xff, 0x00,
0xff, 0xff, 0xff, 0x00, 0xff, 0xff, 0xff, 0x00, 0xff, 0xff, 0xff, 0x00, 0xff, 0xff, 0xff,
0x00, 0xff, 0xff, 0xff, 0x00, 0xff, 0xff, 0xff, 0x00, 0xff, 0xff, 0xff, 0x00, 0xff, 0xff,
0xff, 0x00, 0xff, 0xff, 0xff, 0x00, 0xff, 0xff, 0xff, 0x00, 0xff, 0xff, 0xff, 0x00, 0xff,
0xff, 0xff, 0x00, 0x01, 0x01, 0x5f, 0x00, 0x01, 0x01, 0x5f, 0x00, 0x01, 0x01, 0x5f, 0x00,
0x01, 0x01, 0x5f, 0x00, 0x01, 0x01, 0x5d, 0x00, 0x01, 0x01, 0x6d, 0x13, 0x02, 0x02, 0xed,
0xd9, 0x02, 0x02, 0xf7, 0xff, 0x02, 0x02, 0xf4, 0xff, 0x02, 0x02, 0xf4, 0xff, 0x02, 0x02,
0xf4, 0xff, 0x02, 0x02, 0xf3, 0xff, 0x02, 0x02, 0xf3, 0xff, 0x02, 0x02, 0xf3, 0xff, 0x02,
0x02, 0xf3, 0xff, 0x02, 0x02, 0xf3, 0xff, 0x02, 0x02, 0xf2, 0xff, 0x02, 0x02, 0xf2, 0xff,
0x02, 0x02, 0xf2, 0xff, 0x02, 0x02, 0xf2, 0xff, 0x02, 0x02, 0xf1, 0xff, 0x02, 0x02, 0xf1,
0xff, 0x01, 0x01, 0xf1, 0xff, 0x2c, 0x2c, 0xf3, 0xff, 0xb2, 0xb2, 0xfb, 0xff, 0xff, 0xff,
0xff, 0xff, 0xff, 0xff, 0xff, 0xff, 0xff, 0xff, 0xff, 0xff, 0xfe, 0xfe, 0xff, 0xff, 0xfe,
0xfe, 0xff, 0xff, 0xfe, 0xfe, 0xff, 0xff, 0xfe, 0xfe, 0xff, 0xff, 0xfe, 0xfe, 0xff, 0xff,
0xfe, 0xfe, 0xff, 0xff, 0xfe, 0xfe, 0xff, 0xff, 0xfe, 0xfe, 0xff, 0xff, 0xff, 0xff, 0xff,
0xff, 0x59, 0x59, 0xf4, 0xff, 0x00, 0x00, 0xed, 0xff, 0x10, 0x10, 0xef, 0xff, 0xe6, 0xe6,
0xfe, 0xff, 0xff, 0xff, 0xff, 0xff, 0xfe, 0xfe, 0xff, 0xff, 0xfe, 0xfe, 0xff, 0xff, 0xfe,
0xfe, 0xff, 0xff, 0xfe, 0xfe, 0xff, 0xff, 0xfe, 0xfe, 0xff, 0xff, 0xfe, 0xfe, 0xff, 0xff,
0xfe, 0xfe, 0xff, 0xff, 0xfe, 0xfe, 0xff, 0xff, 0xfe, 0xfe, 0xff, 0xff, 0xfe, 0xfe, 0xff,
0xff, 0xfe, 0xfe, 0xff, 0xff, 0xfe, 0xfe, 0xff, 0xff, 0xfe, 0xfe, 0xff, 0xff, 0xfe, 0xfe,
0xff, 0xff, 0xfe, 0xfe, 0xff, 0xff, 0xfe, 0xfe, 0xff, 0xff, 0xfe, 0xfe, 0xff, 0xff, 0xfe,
0xfe, 0xff, 0xff, 0xfe, 0xfe, 0xff, 0xff, 0xfe, 0xfe, 0xff, 0xff, 0xfe, 0xfe, 0xff, 0xff,
0xfe, 0xfe, 0xff, 0xff, 0xfe, 0xfe, 0xff, 0xff, 0xfe, 0xfe, 0xff, 0xff, 0xfe, 0xfe, 0xff,
0xff, 0xfe, 0xfe, 0xff, 0xff, 0xfe, 0xfe, 0xff, 0xff, 0xfe, 0xfe, 0xff, 0xff, 0xfe, 0xfe,
0xff, 0xff, 0xfe, 0xfe, 0xff, 0xff, 0xff, 0xff, 0xff, 0xff, 0xfd, 0xfd, 0xff, 0xff, 0x34,
0x34, 0xec, 0xff, 0x00, 0x00, 0xe5, 0xff, 0x23, 0x23, 0xea, 0xff, 0xf4, 0xf4, 0xfe, 0xff,
0xff, 0xff, 0xff, 0xff, 0xfe, 0xfe, 0xff, 0xff, 0xfe, 0xfe, 0xff, 0xff, 0xfe, 0xfe, 0xff,
0xff, 0xfe, 0xfe, 0xff, 0xff, 0xfe, 0xfe, 0xff, 0xff, 0xfe, 0xfe, 0xff, 0xff, 0xfe, 0xfe,
0xff, 0xff, 0xff, 0xff, 0xff, 0xff, 0xff, 0xff, 0xff, 0xff, 0xbb, 0xbb, 0xf8, 0xff, 0x09,
0x09, 0xe5, 0xff, 0x02, 0x02, 0xe4, 0xff, 0x03, 0x03, 0xe4, 0xff, 0x03, 0x03, 0xe4, 0xff,
0x03, 0x03, 0xe4, 0xff, 0x03, 0x03, 0xe4, 0xff, 0x03, 0x03, 0xe4, 0xff, 0x03, 0x03, 0xe3,
0xff, 0x03, 0x03, 0xe3, 0xff, 0x03, 0x03, 0xe3, 0xff, 0x03, 0x03, 0xe3, 0xff, 0x03, 0x03,
0xe3, 0xff, 0x03, 0x03, 0xe2, 0xff, 0x03, 0x03, 0xe2, 0xff, 0x03, 0x03, 0xe2, 0xff, 0x03,
0x03, 0xe2, 0xff, 0x03, 0x03, 0xe2, 0xff, 0x03, 0x03, 0xe0, 0xc1, 0x01, 0x01, 0xde, 0x06,
0x01, 0x01, 0xde, 0x00, 0x01, 0x01, 0xde, 0x00, 0x01, 0x01, 0xde, 0x00, 0x01, 0x01, 0xde,
0x00, 0x01, 0x01, 0xde, 0x00, 0xff, 0xff, 0xff, 0x00, 0xff, 0xff, 0xff, 0x00, 0xff, 0xff,
0xff, 0x00, 0xff, 0xff, 0xff, 0x00, 0xff, 0xff, 0xff, 0x00, 0xff, 0xff, 0xff, 0x00, 0xff,
0xff, 0xff, 0x00, 0xff, 0xff, 0xff, 0x00, 0xff, 0xff, 0xff, 0x00, 0xff, 0xff, 0xff, 0x00,
0xff, 0xff, 0xff, 0x00, 0xff, 0xff, 0xff, 0x00, 0xff, 0xff, 0xff, 0x00, 0xff, 0xff, 0xff,
0x00, 0xff, 0xff, 0xff, 0x00, 0x01, 0x01, 0xe8, 0x00, 0x01, 0x01, 0xe8, 0x00, 0x01, 0x01,
0xe8, 0x00, 0x01, 0x01, 0xe8, 0x00, 0x01, 0x01, 0xe7, 0x00, 0x02, 0x02, 0xf0, 0x80, 0x02,
0x02, 0xf5, 0xff, 0x02, 0x02, 0xf3, 0xff, 0x02, 0x02, 0xf3, 0xff, 0x02, 0x02, 0xf3, 0xff,
0x02, 0x02, 0xf3, 0xff, 0x02, 0x02, 0xf3, 0xff, 0x02, 0x02, 0xf3, 0xff, 0x02, 0x02, 0xf2,
0xff, 0x02, 0x02, 0xf2, 0xff, 0x02, 0x02, 0xf2, 0xff, 0x02, 0x02, 0xf2, 0xff, 0x02, 0x02,
0xf1, 0xff, 0x02, 0x02, 0xf1, 0xff, 0x02, 0x02, 0xf1, 0xff, 0x02, 0x02, 0xf1, 0xff, 0x02,
0x02, 0xf1, 0xff, 0x00, 0x00, 0xf0, 0xff, 0x97, 0x97, 0xf9, 0xff, 0xff, 0xff, 0xff, 0xff,
0xff, 0xff, 0xff, 0xff, 0xfe, 0xfe, 0xff, 0xff, 0xfe, 0xfe, 0xff, 0xff, 0xfe, 0xfe, 0xff,
0xff, 0xfe, 0xfe, 0xff, 0xff, 0xfe, 0xfe, 0xff, 0xff, 0xfe, 0xfe, 0xff, 0xff, 0xfe, 0xfe,
0xff, 0xff, 0xfe, 0xfe, 0xff, 0xff, 0xfe, 0xfe, 0xff, 0xff, 0xfe, 0xfe, 0xff, 0xff, 0xff,
0xff, 0xff, 0xff, 0x68, 0x68, 0xf5, 0xff, 0x00, 0x00, 0xec, 0xff, 0x1d, 0x1d, 0xef, 0xff,
0xf2, 0xf2, 0xfe, 0xff, 0xff, 0xff, 0xff, 0xff, 0xfe, 0xfe, 0xff, 0xff, 0xfe, 0xfe, 0xff,
0xff, 0xfe, 0xfe, 0xff, 0xff, 0xfe, 0xfe, 0xff, 0xff, 0xfe, 0xfe, 0xff, 0xff, 0xfe, 0xfe,
0xff, 0xff, 0xfe, 0xfe, 0xff, 0xff, 0xfe, 0xfe, 0xff, 0xff, 0xfe, 0xfe, 0xff, 0xff, 0xfe,
0xfe, 0xff, 0xff, 0xfe, 0xfe, 0xff, 0xff, 0xfe, 0xfe, 0xff, 0xff, 0xfe, 0xfe, 0xff, 0xff,
0xfe, 0xfe, 0xff, 0xff, 0xfe, 0xfe, 0xff, 0xff, 0xfe, 0xfe, 0xff, 0xff, 0xfe, 0xfe, 0xff,
0xff, 0xfe, 0xfe, 0xff, 0xff, 0xfe, 0xfe, 0xff, 0xff, 0xfe, 0xfe, 0xff, 0xff, 0xfe, 0xfe,
0xff, 0xff, 0xfe, 0xfe, 0xff, 0xff, 0xfe, 0xfe, 0xff, 0xff, 0xfe, 0xfe, 0xff, 0xff, 0xfe,
0xfe, 0xff, 0xff, 0xfe, 0xfe, 0xff, 0xff, 0xfe, 0xfe, 0xff, 0xff, 0xfe, 0xfe, 0xff, 0xff,
0xfe, 0xfe, 0xff, 0xff, 0xfe, 0xfe, 0xff, 0xff, 0xff, 0xff, 0xff, 0xff, 0xff, 0xff, 0xff,
0xff, 0x46, 0x46, 0xed, 0xff, 0x00, 0x00, 0xe5, 0xff, 0x22, 0x22, 0xea, 0xff, 0xf4, 0xf4,
0xfe, 0xff, 0xff, 0xff, 0xff, 0xff, 0xfe, 0xfe, 0xff, 0xff, 0xfe, 0xfe, 0xff, 0xff, 0xfe,
0xfe, 0xff, 0xff, 0xfe, 0xfe, 0xff, 0xff, 0xfe, 0xfe, 0xff, 0xff, 0xfe, 0xfe, 0xff, 0xff,
0xfe, 0xfe, 0xff, 0xff, 0xfe, 0xfe, 0xff, 0xff, 0xfe, 0xfe, 0xff, 0xff, 0xff, 0xff, 0xff,
0xff, 0x76, 0x76, 0xf1, 0xff, 0x00, 0x00, 0xe2, 0xff, 0x03, 0x03, 0xe4, 0xff, 0x03, 0x03,
0xe3, 0xff, 0x03, 0x03, 0xe3, 0xff, 0x03, 0x03, 0xe3, 0xff, 0x03, 0x03, 0xe3, 0xff, 0x03,
0x03, 0xe3, 0xff, 0x03, 0x03, 0xe3, 0xff, 0x03, 0x03, 0xe2, 0xff, 0x03, 0x03, 0xe2, 0xff,
0x03, 0x03, 0xe2, 0xff, 0x03, 0x03, 0xe2, 0xff, 0x03, 0x03, 0xe2, 0xff, 0x03, 0x03, 0xe1,
0xff, 0x03, 0x03, 0xe1, 0xff, 0x03, 0x03, 0xe1, 0xff, 0x03, 0x03, 0xe1, 0xff, 0x02, 0x02,
0xe0, 0x60, 0x01, 0x01, 0xdf, 0x00, 0x01, 0x01, 0xdf, 0x00, 0x01, 0x01, 0xdf, 0x00, 0x01,
0x01, 0xdf, 0x00, 0x01, 0x01, 0xdf, 0x00, 0xff, 0xff, 0xff, 0x00, 0xff, 0xff, 0xff, 0x00,
0xff, 0xff, 0xff, 0x00, 0xff, 0xff, 0xff, 0x00, 0xff, 0xff, 0xff, 0x00, 0xff, 0xff, 0xff,
0x00, 0xff, 0xff, 0xff, 0x00, 0xff, 0xff, 0xff, 0x00, 0xff, 0xff, 0xff, 0x00, 0xff, 0xff,
0xff, 0x00, 0xff, 0xff, 0xff, 0x00, 0xff, 0xff, 0xff, 0x00, 0xff, 0xff, 0xff, 0x00, 0xff,
0xff, 0xff, 0x00, 0xff, 0xff, 0xff, 0x00, 0x01, 0x01, 0xed, 0x00, 0x01, 0x01, 0xed, 0x00,
0x01, 0x01, 0xed, 0x00, 0x01, 0x01, 0xed, 0x00, 0x01, 0x01, 0xeb, 0x12, 0x02, 0x02, 0xf3,
0xe0, 0x02, 0x02, 0xf3, 0xff, 0x02, 0x02, 0xf3, 0xff, 0x02, 0x02, 0xf3, 0xff, 0x02, 0x02,
0xf3, 0xff, 0x02, 0x02, 0xf2, 0xff, 0x02, 0x02, 0xf2, 0xff, 0x02, 0x02, 0xf2, 0xff, 0x02,
0x02, 0xf2, 0xff, 0x02, 0x02, 0xf2, 0xff, 0x02, 0x02, 0xf1, 0xff, 0x02, 0x02, 0xf1, 0xff,
0x02, 0x02, 0xf1, 0xff, 0x02, 0x02, 0xf1, 0xff, 0x02, 0x02, 0xf1, 0xff, 0x02, 0x02, 0xf1,
0xff, 0x02, 0x02, 0xf0, 0xff, 0x00, 0x00, 0xef, 0xff, 0xb2, 0xb2, 0xfb, 0xff, 0xff, 0xff,
0xff, 0xff, 0xfe, 0xfe, 0xff, 0xff, 0xfe, 0xfe, 0xff, 0xff, 0xfe, 0xfe, 0xff, 0xff, 0xfe,
0xfe, 0xff, 0xff, 0xfe, 0xfe, 0xff, 0xff, 0xfe, 0xfe, 0xff, 0xff, 0xfe, 0xfe, 0xff, 0xff,
0xfe, 0xfe, 0xff, 0xff, 0xfe, 0xfe, 0xff, 0xff, 0xfe, 0xfe, 0xff, 0xff, 0xfe, 0xfe, 0xff,
0xff, 0xff, 0xff, 0xff, 0xff, 0x74, 0x74, 0xf5, 0xff, 0x00, 0x00, 0xeb, 0xff, 0x2b, 0x2b,
0xf0, 0xff, 0xf9, 0xf9, 0xff, 0xff, 0xff, 0xff, 0xff, 0xff, 0xfe, 0xfe, 0xff, 0xff, 0xfe,
0xfe, 0xff, 0xff, 0xfe, 0xfe, 0xff, 0xff, 0xfe, 0xfe, 0xff, 0xff, 0xfe, 0xfe, 0xff, 0xff,
0xfe, 0xfe, 0xff, 0xff, 0xfe, 0xfe, 0xff, 0xff, 0xfe, 0xfe, 0xff, 0xff, 0xfe, 0xfe, 0xff,
0xff, 0xfe, 0xfe, 0xff, 0xff, 0xfe, 0xfe, 0xff, 0xff, 0xfe, 0xfe, 0xff, 0xff, 0xfe, 0xfe,
0xff, 0xff, 0xfe, 0xfe, 0xff, 0xff, 0xfe, 0xfe, 0xff, 0xff, 0xfe, 0xfe, 0xff, 0xff, 0xfe,
0xfe, 0xff, 0xff, 0xfe, 0xfe, 0xff, 0xff, 0xfe, 0xfe, 0xff, 0xff, 0xfe, 0xfe, 0xff, 0xff,
0xfe, 0xfe, 0xff, 0xff, 0xfe, 0xfe, 0xff, 0xff, 0xfe, 0xfe, 0xff, 0xff, 0xfe, 0xfe, 0xff,
0xff, 0xfe, 0xfe, 0xff, 0xff, 0xfe, 0xfe, 0xff, 0xff, 0xfe, 0xfe, 0xff, 0xff, 0xfe, 0xfe,
0xff, 0xff, 0xfe, 0xfe, 0xff, 0xff, 0xfe, 0xfe, 0xff, 0xff, 0xfe, 0xfe, 0xff, 0xff, 0xff,
0xff, 0xff, 0xff, 0x5a, 0x5a, 0xef, 0xff, 0x00, 0x00, 0xe4, 0xff, 0x22, 0x22, 0xe9, 0xff,
0xf4, 0xf4, 0xfe, 0xff, 0xff, 0xff, 0xff, 0xff, 0xfe, 0xfe, 0xff, 0xff, 0xfe, 0xfe, 0xff,
0xff, 0xfe, 0xfe, 0xff, 0xff, 0xfe, 0xfe, 0xff, 0xff, 0xfe, 0xfe, 0xff, 0xff, 0xfe, 0xfe,
0xff, 0xff, 0xfe, 0xfe, 0xff, 0xff, 0xfe, 0xfe, 0xff, 0xff, 0xfe, 0xfe, 0xff, 0xff, 0xff,
0xff, 0xff, 0xff, 0xcd, 0xcd, 0xfa, 0xff, 0x02, 0x02, 0xe3, 0xff, 0x02, 0x02, 0xe3, 0xff,
0x03, 0x03, 0xe3, 0xff, 0x03, 0x03, 0xe3, 0xff, 0x03, 0x03, 0xe3, 0xff, 0x03, 0x03, 0xe2,
0xff, 0x03, 0x03, 0xe2, 0xff, 0x03, 0x03, 0xe2, 0xff, 0x03, 0x03, 0xe2, 0xff, 0x03, 0x03,
0xe2, 0xff, 0x03, 0x03, 0xe1, 0xff, 0x03, 0x03, 0xe1, 0xff, 0x03, 0x03, 0xe1, 0xff, 0x03,
0x03, 0xe1, 0xff, 0x03, 0x03, 0xe1, 0xff, 0x03, 0x03, 0xe0, 0xff, 0x03, 0x03, 0xe0, 0xff,
0x02, 0x02, 0xe0, 0xc8, 0x01, 0x01, 0xdd, 0x02, 0x01, 0x01, 0xde, 0x00, 0x01, 0x01, 0xde,
0x00, 0x01, 0x01, 0xde, 0x00, 0x01, 0x01, 0xde, 0x00, 0xff, 0xff, 0xff, 0x00, 0xff, 0xff,
0xff, 0x00, 0xff, 0xff, 0xff, 0x00, 0xff, 0xff, 0xff, 0x00, 0xff, 0xff, 0xff, 0x00, 0xff,
0xff, 0xff, 0x00, 0xff, 0xff, 0xff, 0x00, 0xff, 0xff, 0xff, 0x00, 0xff, 0xff, 0xff, 0x00,
0xff, 0xff, 0xff, 0x00, 0xff, 0xff, 0xff, 0x00, 0xff, 0xff, 0xff, 0x00, 0xff, 0xff, 0xff,
0x00, 0xff, 0xff, 0xff, 0x00, 0xff, 0xff, 0xff, 0x00, 0x01, 0x01, 0x74, 0x00, 0x01, 0x01,
0x74, 0x00, 0x01, 0x01, 0x75, 0x00, 0x01, 0x01, 0x72, 0x00, 0x02, 0x02, 0xbf, 0x7b, 0x02,
0x02, 0xfa, 0xff, 0x02, 0x02, 0xf3, 0xff, 0x02, 0x02, 0xf2, 0xff, 0x02, 0x02, 0xf2, 0xff,
0x02, 0x02, 0xf2, 0xff, 0x02, 0x02, 0xf2, 0xff, 0x02, 0x02, 0xf2, 0xff, 0x02, 0x02, 0xf1,
0xff, 0x02, 0x02, 0xf1, 0xff, 0x02, 0x02, 0xf1, 0xff, 0x02, 0x02, 0xf1, 0xff, 0x02, 0x02,
0xf1, 0xff, 0x02, 0x02, 0xf1, 0xff, 0x02, 0x02, 0xf1, 0xff, 0x02, 0x02, 0xf0, 0xff, 0x02,
0x02, 0xf0, 0xff, 0x01, 0x01, 0xf0, 0xff, 0x00, 0x00, 0xf0, 0xff, 0xbf, 0xbf, 0xfb, 0xff,
0xff, 0xff, 0xff, 0xff, 0xfe, 0xfe, 0xff, 0xff, 0xfe, 0xfe, 0xff, 0xff, 0xfe, 0xfe, 0xff,
0xff, 0xfe, 0xfe, 0xff, 0xff, 0xfe, 0xfe, 0xff, 0xff, 0xfe, 0xfe, 0xff, 0xff, 0xfe, 0xfe,
0xff, 0xff, 0xfe, 0xfe, 0xff, 0xff, 0xfe, 0xfe, 0xff, 0xff, 0xfe, 0xfe, 0xff, 0xff, 0xfe,
0xfe, 0xff, 0xff, 0xff, 0xff, 0xff, 0xff, 0x7f, 0x7f, 0xf6, 0xff, 0x00, 0x00, 0xeb, 0xff,
0x37, 0x37, 0xf0, 0xff, 0xff, 0xff, 0xff, 0xff, 0xff, 0xff, 0xff, 0xff, 0xfe, 0xfe, 0xff,
0xff, 0xfe, 0xfe, 0xff, 0xff, 0xfe, 0xfe, 0xff, 0xff, 0xfe, 0xfe, 0xff, 0xff, 0xfe, 0xfe,
0xff, 0xff, 0xfe, 0xfe, 0xff, 0xff, 0xfe, 0xfe, 0xff, 0xff, 0xfe, 0xfe, 0xff, 0xff, 0xfe,
0xfe, 0xff, 0xff, 0xfe, 0xfe, 0xff, 0xff, 0xfe, 0xfe, 0xff, 0xff, 0xfe, 0xfe, 0xff, 0xff,
0xfe, 0xfe, 0xff, 0xff, 0xfe, 0xfe, 0xff, 0xff, 0xfe, 0xfe, 0xff, 0xff, 0xfe, 0xfe, 0xff,
0xff, 0xfe, 0xfe, 0xff, 0xff, 0xfe, 0xfe, 0xff, 0xff, 0xfe, 0xfe, 0xff, 0xff, 0xfe, 0xfe,
0xff, 0xff, 0xfe, 0xfe, 0xff, 0xff, 0xfe, 0xfe, 0xff, 0xff, 0xfe, 0xfe, 0xff, 0xff, 0xfe,
0xfe, 0xff, 0xff, 0xfe, 0xfe, 0xff, 0xff, 0xfe, 0xfe, 0xff, 0xff, 0xfe, 0xfe, 0xff, 0xff,
0xfe, 0xfe, 0xff, 0xff, 0xfe, 0xfe, 0xff, 0xff, 0xfe, 0xfe, 0xff, 0xff, 0xfe, 0xfe, 0xff,
0xff, 0xff, 0xff, 0xff, 0xff, 0x6c, 0x6c, 0xf1, 0xff, 0x00, 0x00, 0xe4, 0xff, 0x22, 0x22,
0xe9, 0xff, 0xf4, 0xf4, 0xfe, 0xff, 0xff, 0xff, 0xff, 0xff, 0xfe, 0xfe, 0xff, 0xff, 0xfe,
0xfe, 0xff, 0xff, 0xfe, 0xfe, 0xff, 0xff, 0xfe, 0xfe, 0xff, 0xff, 0xfe, 0xfe, 0xff, 0xff,
0xfe, 0xfe, 0xff, 0xff, 0xfe, 0xfe, 0xff, 0xff, 0xfe, 0xfe, 0xff, 0xff, 0xfe, 0xfe, 0xff,
0xff, 0xff, 0xff, 0xff, 0xff, 0xd8, 0xd8, 0xfb, 0xff, 0x09, 0x09, 0xe4, 0xff, 0x00, 0x00,
0xe3, 0xff, 0x03, 0x03, 0xe3, 0xff, 0x03, 0x03, 0xe2, 0xff, 0x03, 0x03, 0xe2, 0xff, 0x03,
0x03, 0xe2, 0xff, 0x03, 0x03, 0xe2, 0xff, 0x03, 0x03, 0xe2, 0xff, 0x03, 0x03, 0xe1, 0xff,
0x03, 0x03, 0xe1, 0xff, 0x03, 0x03, 0xe1, 0xff, 0x03, 0x03, 0xe1, 0xff, 0x03, 0x03, 0xe0,
0xff, 0x03, 0x03, 0xe0, 0xff, 0x03, 0x03, 0xe0, 0xff, 0x03, 0x03, 0xe0, 0xff, 0x03, 0x03,
0xe0, 0xff, 0x03, 0x03, 0xe0, 0xff, 0x02, 0x02, 0xdb, 0x53, 0x01, 0x01, 0xd7, 0x00, 0x01,
0x01, 0xd7, 0x00, 0x01, 0x01, 0xd7, 0x00, 0x01, 0x01, 0xd7, 0x00, 0xff, 0xff, 0xff, 0x00,
0xff, 0xff, 0xff, 0x00, 0xff, 0xff, 0xff, 0x00, 0xff, 0xff, 0xff, 0x00, 0xff, 0xff, 0xff,
0x00, 0xff, 0xff, 0xff, 0x00, 0xff, 0xff, 0xff, 0x00, 0xff, 0xff, 0xff, 0x00, 0xff, 0xff,
0xff, 0x00, 0xff, 0xff, 0xff, 0x00, 0xff, 0xff, 0xff, 0x00, 0xff, 0xff, 0xff, 0x00, 0xff,
0xff, 0xff, 0x00, 0xff, 0xff, 0xff, 0x00, 0xff, 0xff, 0xff, 0x00, 0x01, 0x01, 0xc9, 0x00,
0x01, 0x01, 0xc9, 0x00, 0x01, 0x01, 0xc9, 0x00, 0x01, 0x01, 0xcb, 0x05, 0x02, 0x02, 0xe7,
0xd2, 0x02, 0x02, 0xf4, 0xff, 0x02, 0x02, 0xf2, 0xff, 0x02, 0x02, 0xf2, 0xff, 0x02, 0x02,
0xf2, 0xff, 0x02, 0x02, 0xf1, 0xff, 0x02, 0x02, 0xf1, 0xff, 0x02, 0x02, 0xf1, 0xff, 0x02,
0x02, 0xf1, 0xff, 0x02, 0x02, 0xf1, 0xff, 0x02, 0x02, 0xf1, 0xff, 0x02, 0x02, 0xf1, 0xff,
0x02, 0x02, 0xf0, 0xff, 0x02, 0x02, 0xf0, 0xff, 0x02, 0x02, 0xf0, 0xff, 0x02, 0x02, 0xf0,
0xff, 0x02, 0x02, 0xf0, 0xff, 0x01, 0x01, 0xef, 0xff, 0x00, 0x00, 0xef, 0xff, 0xbf, 0xbf,
0xfb, 0xff, 0xff, 0xff, 0xff, 0xff, 0xfe, 0xfe, 0xff, 0xff, 0xfe, 0xfe, 0xff, 0xff, 0xfe,
0xfe, 0xff, 0xff, 0xfe, 0xfe, 0xff, 0xff, 0xfe, 0xfe, 0xff, 0xff, 0xfe, 0xfe, 0xff, 0xff,
0xfe, 0xfe, 0xff, 0xff, 0xfe, 0xfe, 0xff, 0xff, 0xfe, 0xfe, 0xff, 0xff, 0xfe, 0xfe, 0xff,
0xff, 0xfe, 0xfe, 0xff, 0xff, 0xff, 0xff, 0xff, 0xff, 0x8f, 0x8f, 0xf7, 0xff, 0x00, 0x00,
0xea, 0xff, 0x41, 0x41, 0xf1, 0xff, 0xff, 0xff, 0xff, 0xff, 0xff, 0xff, 0xff, 0xff, 0xfe,
0xfe, 0xff, 0xff, 0xfe, 0xfe, 0xff, 0xff, 0xfe, 0xfe, 0xff, 0xff, 0xfe, 0xfe, 0xff, 0xff,
0xfe, 0xfe, 0xff, 0xff, 0xfe, 0xfe, 0xff, 0xff, 0xfe, 0xfe, 0xff, 0xff, 0xfe, 0xfe, 0xff,
0xff, 0xfe, 0xfe, 0xff, 0xff, 0xfe, 0xfe, 0xff, 0xff, 0xfe, 0xfe, 0xff, 0xff, 0xfe, 0xfe,
0xff, 0xff, 0xfe, 0xfe, 0xff, 0xff, 0xfe, 0xfe, 0xff, 0xff, 0xfe, 0xfe, 0xff, 0xff, 0xfe,
0xfe, 0xff, 0xff, 0xfe, 0xfe, 0xff, 0xff, 0xfe, 0xfe, 0xff, 0xff, 0xfe, 0xfe, 0xff, 0xff,
0xfe, 0xfe, 0xff, 0xff, 0xfe, 0xfe, 0xff, 0xff, 0xfe, 0xfe, 0xff, 0xff, 0xfe, 0xfe, 0xff,
0xff, 0xfe, 0xfe, 0xff, 0xff, 0xfe, 0xfe, 0xff, 0xff, 0xfe, 0xfe, 0xff, 0xff, 0xfe, 0xfe,
0xff, 0xff, 0xfe, 0xfe, 0xff, 0xff, 0xfe, 0xfe, 0xff, 0xff, 0xfe, 0xfe, 0xff, 0xff, 0xfe,
0xfe, 0xff, 0xff, 0xff, 0xff, 0xff, 0xff, 0x7c, 0x7c, 0xf2, 0xff, 0x00, 0x00, 0xe3, 0xff,
0x22, 0x22, 0xe8, 0xff, 0xf4, 0xf4, 0xfe, 0xff, 0xff, 0xff, 0xff, 0xff, 0xfe, 0xfe, 0xff,
0xff, 0xfe, 0xfe, 0xff, 0xff, 0xfe, 0xfe, 0xff, 0xff, 0xfe, 0xfe, 0xff, 0xff, 0xfe, 0xfe,
0xff, 0xff, 0xfe, 0xfe, 0xff, 0xff, 0xfe, 0xfe, 0xff, 0xff, 0xfe, 0xfe, 0xff, 0xff, 0xfe,
0xfe, 0xff, 0xff, 0xff, 0xff, 0xff, 0xff, 0xd3, 0xd3, 0xfa, 0xff, 0x06, 0x06, 0xe3, 0xff,
0x00, 0x00, 0xe2, 0xff, 0x03, 0x03, 0xe2, 0xff, 0x03, 0x03, 0xe2, 0xff, 0x03, 0x03, 0xe1,
0xff, 0x03, 0x03, 0xe1, 0xff, 0x03, 0x03, 0xe1, 0xff, 0x03, 0x03, 0xe1, 0xff, 0x03, 0x03,
0xe1, 0xff, 0x03, 0x03, 0xe0, 0xff, 0x03, 0x03, 0xe0, 0xff, 0x03, 0x03, 0xe0, 0xff, 0x03,
0x03, 0xe0, 0xff, 0x03, 0x03, 0xe0, 0xff, 0x03, 0x03, 0xe0, 0xff, 0x03, 0x03, 0xe0, 0xff,
0x03, 0x03, 0xdf, 0xff, 0x03, 0x03, 0xe0, 0xff, 0x02, 0x02, 0xdb, 0xb2, 0x01, 0x01, 0xd4,
0x00, 0x01, 0x01, 0xd5, 0x00, 0x01, 0x01, 0xd5, 0x00, 0x01, 0x01, 0xd5, 0x00, 0xff, 0xff,
0xff, 0x00, 0xff, 0xff, 0xff, 0x00, 0xff, 0xff, 0xff, 0x00, 0xff, 0xff, 0xff, 0x00, 0xff,
0xff, 0xff, 0x00, 0xff, 0xff, 0xff, 0x00, 0xff, 0xff, 0xff, 0x00, 0xff, 0xff, 0xff, 0x00,
0xff, 0xff, 0xff, 0x00, 0xff, 0xff, 0xff, 0x00, 0xff, 0xff, 0xff, 0x00, 0xff, 0xff, 0xff,
0x00, 0xff, 0xff, 0xff, 0x00, 0xff, 0xff, 0xff, 0x00, 0xff, 0xff, 0xff, 0x00, 0x01, 0x01,
0xec, 0x00, 0x01, 0x01, 0xec, 0x00, 0x01, 0x01, 0xeb, 0x00, 0x01, 0x01, 0xee, 0x5d, 0x02,
0x02, 0xf4, 0xff, 0x02, 0x02, 0xf2, 0xff, 0x02, 0x02, 0xf1, 0xff, 0x02, 0x02, 0xf1, 0xff,
0x02, 0x02, 0xf1, 0xff, 0x02, 0x02, 0xf1, 0xff, 0x02, 0x02, 0xf1, 0xff, 0x02, 0x02, 0xf1,
0xff, 0x02, 0x02, 0xf1, 0xff, 0x02, 0x02, 0xf0, 0xff, 0x02, 0x02, 0xf0, 0xff, 0x02, 0x02,
0xf0, 0xff, 0x02, 0x02, 0xf0, 0xff, 0x02, 0x02, 0xf0, 0xff, 0x02, 0x02, 0xef, 0xff, 0x02,
0x02, 0xef, 0xff, 0x02, 0x02, 0xef, 0xff, 0x02, 0x02, 0xef, 0xff, 0x00, 0x00, 0xee, 0xff,
0xaf, 0xaf, 0xfa, 0xff, 0xff, 0xff, 0xff, 0xff, 0xfe, 0xfe, 0xff, 0xff, 0xfe, 0xfe, 0xff,
0xff, 0xfe, 0xfe, 0xff, 0xff, 0xfe, 0xfe, 0xff, 0xff, 0xfe, 0xfe, 0xff, 0xff, 0xfe, 0xfe,
0xff, 0xff, 0xfe, 0xfe, 0xff, 0xff, 0xfe, 0xfe, 0xff, 0xff, 0xfe, 0xfe, 0xff, 0xff, 0xfe,
0xfe, 0xff, 0xff, 0xfe, 0xfe, 0xff, 0xff, 0xff, 0xff, 0xff, 0xff, 0xa0, 0xa0, 0xf8, 0xff,
0x00, 0x00, 0xe9, 0xff, 0x4c, 0x4c, 0xf1, 0xff, 0xff, 0xff, 0xff, 0xff, 0xff, 0xff, 0xff,
0xff, 0xfe, 0xfe, 0xff, 0xff, 0xfe, 0xfe, 0xff, 0xff, 0xfe, 0xfe, 0xff, 0xff, 0xfe, 0xfe,
0xff, 0xff, 0xfe, 0xfe, 0xff, 0xff, 0xfe, 0xfe, 0xff, 0xff, 0xfe, 0xfe, 0xff, 0xff, 0xfe,
0xfe, 0xff, 0xff, 0xfe, 0xfe, 0xff, 0xff, 0xfe, 0xfe, 0xff, 0xff, 0xfe, 0xfe, 0xff, 0xff,
0xfe, 0xfe, 0xff, 0xff, 0xfe, 0xfe, 0xff, 0xff, 0xfe, 0xfe, 0xff, 0xff, 0xfe, 0xfe, 0xff,
0xff, 0xfe, 0xfe, 0xff, 0xff, 0xfe, 0xfe, 0xff, 0xff, 0xfe, 0xfe, 0xff, 0xff, 0xfe, 0xfe,
0xff, 0xff, 0xfe, 0xfe, 0xff, 0xff, 0xfe, 0xfe, 0xff, 0xff, 0xfe, 0xfe, 0xff, 0xff, 0xfe,
0xfe, 0xff, 0xff, 0xfe, 0xfe, 0xff, 0xff, 0xfe, 0xfe, 0xff, 0xff, 0xfe, 0xfe, 0xff, 0xff,
0xfe, 0xfe, 0xff, 0xff, 0xfe, 0xfe, 0xff, 0xff, 0xfe, 0xfe, 0xff, 0xff, 0xfe, 0xfe, 0xff,
0xff, 0xfe, 0xfe, 0xff, 0xff, 0xff, 0xff, 0xff, 0xff, 0x86, 0x86, 0xf3, 0xff, 0x00, 0x00,
0xe3, 0xff, 0x22, 0x22, 0xe8, 0xff, 0xf4, 0xf4, 0xfe, 0xff, 0xff, 0xff, 0xff, 0xff, 0xfe,
0xfe, 0xff, 0xff, 0xfe, 0xfe, 0xff, 0xff, 0xfe, 0xfe, 0xff, 0xff, 0xfe, 0xfe, 0xff, 0xff,
0xfe, 0xfe, 0xff, 0xff, 0xfe, 0xfe, 0xff, 0xff, 0xfe, 0xfe, 0xff, 0xff, 0xfe, 0xfe, 0xff,
0xff, 0xfe, 0xfe, 0xff, 0xff, 0xff, 0xff, 0xff, 0xff, 0xc5, 0xc5, 0xf8, 0xff, 0x00, 0x00,
0xe1, 0xff, 0x02, 0x02, 0xe1, 0xff, 0x03, 0x03, 0xe1, 0xff, 0x03, 0x03, 0xe1, 0xff, 0x03,
0x03, 0xe1, 0xff, 0x03, 0x03, 0xe1, 0xff, 0x03, 0x03, 0xe1, 0xff, 0x03, 0x03, 0xe0, 0xff,
0x03, 0x03, 0xe0, 0xff, 0x03, 0x03, 0xe0, 0xff, 0x03, 0x03, 0xe0, 0xff, 0x03, 0x03, 0xe0,
0xff, 0x03, 0x03, 0xe0, 0xff, 0x03, 0x03, 0xe0, 0xff, 0x03, 0x03, 0xdf, 0xff, 0x03, 0x03,
0xdf, 0xff, 0x03, 0x03, 0xdf, 0xff, 0x03, 0x03, 0xdf, 0xff, 0x03, 0x03, 0xdf, 0xf7, 0x02,
0x02, 0xde, 0x2e, 0x01, 0x01, 0xdf, 0x00, 0x01, 0x01, 0xdf, 0x00, 0x01, 0x01, 0xdf, 0x00,
0xff, 0xff, 0xff, 0x00, 0xff, 0xff, 0xff, 0x00, 0xff, 0xff, 0xff, 0x00, 0xff, 0xff, 0xff,
0x00, 0xff, 0xff, 0xff, 0x00, 0xff, 0xff, 0xff, 0x00, 0xff, 0xff, 0xff, 0x00, 0xff, 0xff,
0xff, 0x00, 0xff, 0xff, 0xff, 0x00, 0xff, 0xff, 0xff, 0x00, 0xff, 0xff, 0xff, 0x00, 0xff,
0xff, 0xff, 0x00, 0xff, 0xff, 0xff, 0x00, 0xff, 0xff, 0xff, 0x00, 0xff, 0xff, 0xff, 0x00,
0x01, 0x01, 0xe2, 0x00, 0x01, 0x01, 0xe2, 0x00, 0x01, 0x01, 0xe3, 0x00, 0x02, 0x02, 0xf0,
0xb1, 0x02, 0x02, 0xf2, 0xff, 0x02, 0x02, 0xf1, 0xff, 0x02, 0x02, 0xf1, 0xff, 0x02, 0x02,
0xf1, 0xff, 0x02, 0x02, 0xf1, 0xff, 0x02, 0x02, 0xf1, 0xff, 0x02, 0x02, 0xf1, 0xff, 0x02,
0x02, 0xf0, 0xff, 0x02, 0x02, 0xf0, 0xff, 0x02, 0x02, 0xf0, 0xff, 0x02, 0x02, 0xf0, 0xff,
0x02, 0x02, 0xef, 0xff, 0x02, 0x02, 0xef, 0xff, 0x02, 0x02, 0xef, 0xff, 0x02, 0x02, 0xef,
0xff, 0x02, 0x02, 0xef, 0xff, 0x02, 0x02, 0xee, 0xff, 0x02, 0x02, 0xee, 0xff, 0x00, 0x00,
0xed, 0xff, 0x89, 0x89, 0xf7, 0xff, 0xff, 0xff, 0xff, 0xff, 0xfe, 0xfe, 0xff, 0xff, 0xfe,
0xfe, 0xff, 0xff, 0xfe, 0xfe, 0xff, 0xff, 0xfe, 0xfe, 0xff, 0xff, 0xfe, 0xfe, 0xff, 0xff,
0xfe, 0xfe, 0xff, 0xff, 0xfe, 0xfe, 0xff, 0xff, 0xfe, 0xfe, 0xff, 0xff, 0xfe, 0xfe, 0xff,
0xff, 0xfe, 0xfe, 0xff, 0xff, 0xfe, 0xfe, 0xff, 0xff, 0xff, 0xff, 0xff, 0xff, 0xad, 0xad,
0xf9, 0xff, 0x00, 0x00, 0xe9, 0xff, 0x56, 0x56, 0xf2, 0xff, 0xff, 0xff, 0xff, 0xff, 0xfe,
0xfe, 0xff, 0xff, 0xfe, 0xfe, 0xff, 0xff, 0xfe, 0xfe, 0xff, 0xff, 0xfe, 0xfe, 0xff, 0xff,
0xfe, 0xfe, 0xff, 0xff, 0xfe, 0xfe, 0xff, 0xff, 0xfe, 0xfe, 0xff, 0xff, 0xfe, 0xfe, 0xff,
0xff, 0xfe, 0xfe, 0xff, 0xff, 0xfe, 0xfe, 0xff, 0xff, 0xfe, 0xfe, 0xff, 0xff, 0xfe, 0xfe,
0xff, 0xff, 0xfe, 0xfe, 0xff, 0xff, 0xfe, 0xfe, 0xff, 0xff, 0xfe, 0xfe, 0xff, 0xff, 0xfe,
0xfe, 0xff, 0xff, 0xfe, 0xfe, 0xff, 0xff, 0xfe, 0xfe, 0xff, 0xff, 0xfe, 0xfe, 0xff, 0xff,
0xfe, 0xfe, 0xff, 0xff, 0xfe, 0xfe, 0xff, 0xff, 0xfe, 0xfe, 0xff, 0xff, 0xfe, 0xfe, 0xff,
0xff, 0xfe, 0xfe, 0xff, 0xff, 0xfe, 0xfe, 0xff, 0xff, 0xfe, 0xfe, 0xff, 0xff, 0xfe, 0xfe,
0xff, 0xff, 0xfe, 0xfe, 0xff, 0xff, 0xfe, 0xfe, 0xff, 0xff, 0xfe, 0xfe, 0xff, 0xff, 0xfe,
0xfe, 0xff, 0xff, 0xfe, 0xfe, 0xff, 0xff, 0xff, 0xff, 0xff, 0xff, 0x8c, 0x8c, 0xf3, 0xff,
0x00, 0x00, 0xe2, 0xff, 0x21, 0x21, 0xe7, 0xff, 0xf3, 0xf3, 0xfe, 0xff, 0xff, 0xff, 0xff,
0xff, 0xfe, 0xfe, 0xff, 0xff, 0xfe, 0xfe, 0xff, 0xff, 0xfe, 0xfe, 0xff, 0xff, 0xfe, 0xfe,
0xff, 0xff, 0xfe, 0xfe, 0xff, 0xff, 0xfe, 0xfe, 0xff, 0xff, 0xfe, 0xfe, 0xff, 0xff, 0xfe,
0xfe, 0xff, 0xff, 0xfe, 0xfe, 0xff, 0xff, 0xff, 0xff, 0xff, 0xff, 0x97, 0x97, 0xf3, 0xff,
0x00, 0x00, 0xdf, 0xff, 0x03, 0x03, 0xe1, 0xff, 0x03, 0x03, 0xe1, 0xff, 0x03, 0x03, 0xe1,
0xff, 0x03, 0x03, 0xe1, 0xff, 0x03, 0x03, 0xe0, 0xff, 0x03, 0x03, 0xe0, 0xff, 0x03, 0x03,
0xe0, 0xff, 0x03, 0x03, 0xe0, 0xff, 0x03, 0x03, 0xe0, 0xff, 0x03, 0x03, 0xe0, 0xff, 0x03,
0x03, 0xdf, 0xff, 0x03, 0x03, 0xdf, 0xff, 0x03, 0x03, 0xdf, 0xff, 0x03, 0x03, 0xdf, 0xff,
0x03, 0x03, 0xdf, 0xff, 0x03, 0x03, 0xde, 0xff, 0x03, 0x03, 0xde, 0xff, 0x03, 0x03, 0xde,
0xff, 0x02, 0x02, 0xdb, 0x8d, 0x01, 0x01, 0xd5, 0x00, 0x01, 0x01, 0xd5, 0x00, 0x01, 0x01,
0xd5, 0x00, 0xff, 0xff, 0xff, 0x00, 0xff, 0xff, 0xff, 0x00, 0xff, 0xff, 0xff, 0x00, 0xff,
0xff, 0xff, 0x00, 0xff, 0xff, 0xff, 0x00, 0xff, 0xff, 0xff, 0x00, 0xff, 0xff, 0xff, 0x00,
0xff, 0xff, 0xff, 0x00, 0xff, 0xff, 0xff, 0x00, 0xff, 0xff, 0xff, 0x00, 0xff, 0xff, 0xff,
0x00, 0xff, 0xff, 0xff, 0x00, 0xff, 0xff, 0xff, 0x00, 0xff, 0xff, 0xff, 0x00, 0xff, 0xff,
0xff, 0x00, 0x01, 0x01, 0xc8, 0x00, 0x01, 0x01, 0xc7, 0x00, 0x01, 0x01, 0xcd, 0x20, 0x02,
0x02, 0xef, 0xf1, 0x02, 0x02, 0xf2, 0xff, 0x02, 0x02, 0xf1, 0xff, 0x02, 0x02, 0xf1, 0xff,
0x02, 0x02, 0xf1, 0xff, 0x02, 0x02, 0xf0, 0xff, 0x02, 0x02, 0xf0, 0xff, 0x02, 0x02, 0xf0,
0xff, 0x02, 0x02, 0xf0, 0xff, 0x02, 0x02, 0xef, 0xff, 0x02, 0x02, 0xef, 0xff, 0x02, 0x02,
0xef, 0xff, 0x02, 0x02, 0xef, 0xff, 0x02, 0x02, 0xef, 0xff, 0x02, 0x02, 0xee, 0xff, 0x02,
0x02, 0xef, 0xff, 0x02, 0x02, 0xee, 0xff, 0x02, 0x02, 0xee, 0xff, 0x02, 0x02, 0xee, 0xff,
0x00, 0x00, 0xec, 0xff, 0x52, 0x52, 0xf3, 0xff, 0xff, 0xff, 0xff, 0xff, 0xff, 0xff, 0xff,
0xff, 0xfe, 0xfe, 0xff, 0xff, 0xfe, 0xfe, 0xff, 0xff, 0xfe, 0xfe, 0xff, 0xff, 0xfe, 0xfe,
0xff, 0xff, 0xfe, 0xfe, 0xff, 0xff, 0xfe, 0xfe, 0xff, 0xff, 0xfe, 0xfe, 0xff, 0xff, 0xfe,
0xfe, 0xff, 0xff, 0xfe, 0xfe, 0xff, 0xff, 0xfe, 0xfe, 0xff, 0xff, 0xff, 0xff, 0xff, 0xff,
0xb8, 0xb8, 0xfa, 0xff, 0x00, 0x00, 0xe9, 0xff, 0x5f, 0x5f, 0xf2, 0xff, 0xff, 0xff, 0xff,
0xff, 0xfe, 0xfe, 0xff, 0xff, 0xfe, 0xfe, 0xff, 0xff, 0xfe, 0xfe, 0xff, 0xff, 0xfe, 0xfe,
0xff, 0xff, 0xfe, 0xfe, 0xff, 0xff, 0xfe, 0xfe, 0xff, 0xff, 0xfe, 0xfe, 0xff, 0xff, 0xfe,
0xfe, 0xff, 0xff, 0xfe, 0xfe, 0xff, 0xff, 0xfe, 0xfe, 0xff, 0xff, 0xfe, 0xfe, 0xff, 0xff,
0xfe, 0xfe, 0xff, 0xff, 0xfe, 0xfe, 0xff, 0xff, 0xfe, 0xfe, 0xff, 0xff, 0xfe, 0xfe, 0xff,
0xff, 0xfe, 0xfe, 0xff, 0xff, 0xfe, 0xfe, 0xff, 0xff, 0xfe, 0xfe, 0xff, 0xff, 0xfe, 0xfe,
0xff, 0xff, 0xfe, 0xfe, 0xff, 0xff, 0xfe, 0xfe, 0xff, 0xff, 0xfe, 0xfe, 0xff, 0xff, 0xfe,
0xfe, 0xff, 0xff, 0xfe, 0xfe, 0xff, 0xff, 0xfe, 0xfe, 0xff, 0xff, 0xfe, 0xfe, 0xff, 0xff,
0xfe, 0xfe, 0xff, 0xff, 0xfe, 0xfe, 0xff, 0xff, 0xfe, 0xfe, 0xff, 0xff, 0xfe, 0xfe, 0xff,
0xff, 0xfe, 0xfe, 0xff, 0xff, 0xfe, 0xfe, 0xff, 0xff, 0xff, 0xff, 0xff, 0xff, 0x92, 0x92,
0xf3, 0xff, 0x00, 0x00, 0xe2, 0xff, 0x21, 0x21, 0xe6, 0xff, 0xf3, 0xf3, 0xfe, 0xff, 0xff,
0xff, 0xff, 0xff, 0xfe, 0xfe, 0xff, 0xff, 0xfe, 0xfe, 0xff, 0xff, 0xfe, 0xfe, 0xff, 0xff,
0xfe, 0xfe, 0xff, 0xff, 0xfe, 0xfe, 0xff, 0xff, 0xfe, 0xfe, 0xff, 0xff, 0xfe, 0xfe, 0xff,
0xff, 0xfe, 0xfe, 0xff, 0xff, 0xff, 0xff, 0xff, 0xff, 0xff, 0xff, 0xff, 0xff, 0x52, 0x52,
0xea, 0xff, 0x00, 0x00, 0xdf, 0xff, 0x03, 0x03, 0xe1, 0xff, 0x03, 0x03, 0xe0, 0xff, 0x03,
0x03, 0xe0, 0xff, 0x03, 0x03, 0xe0, 0xff, 0x03, 0x03, 0xe0, 0xff, 0x03, 0x03, 0xe0, 0xff,
0x03, 0x03, 0xe0, 0xff, 0x03, 0x03, 0xe0, 0xff, 0x03, 0x03, 0xdf, 0xff, 0x03, 0x03, 0xdf,
0xff, 0x03, 0x03, 0xdf, 0xff, 0x03, 0x03, 0xdf, 0xff, 0x03, 0x03, 0xdf, 0xff, 0x03, 0x03,
0xde, 0xff, 0x03, 0x03, 0xde, 0xff, 0x03, 0x03, 0xde, 0xff, 0x03, 0x03, 0xde, 0xff, 0x03,
0x03, 0xde, 0xff, 0x03, 0x03, 0xd9, 0xd0, 0x01, 0x01, 0xcc, 0x04, 0x01, 0x01, 0xcd, 0x00,
0x01, 0x01, 0xcd, 0x00, 0xff, 0xff, 0xff, 0x00, 0xff, 0xff, 0xff, 0x00, 0xff, 0xff, 0xff,
0x00, 0xff, 0xff, 0xff, 0x00, 0xff, 0xff, 0xff, 0x00, 0xff, 0xff, 0xff, 0x00, 0xff, 0xff,
0xff, 0x00, 0xff, 0xff, 0xff, 0x00, 0xff, 0xff, 0xff, 0x00, 0xff, 0xff, 0xff, 0x00, 0xff,
0xff, 0xff, 0x00, 0xff, 0xff, 0xff, 0x00, 0xff, 0xff, 0xff, 0x00, 0xff, 0xff, 0xff, 0x00,
0xff, 0xff, 0xff, 0x00, 0x01, 0x01, 0xf6, 0x00, 0x01, 0x01, 0xf6, 0x00, 0x02, 0x02, 0xf3,
0x85, 0x02, 0x02, 0xf1, 0xff, 0x02, 0x02, 0xf1, 0xff, 0x02, 0x02, 0xf1, 0xff, 0x02, 0x02,
0xf0, 0xff, 0x02, 0x02, 0xf0, 0xff, 0x02, 0x02, 0xf0, 0xff, 0x02, 0x02, 0xf0, 0xff, 0x02,
0x02, 0xf0, 0xff, 0x02, 0x02, 0xef, 0xff, 0x02, 0x02, 0xef, 0xff, 0x02, 0x02, 0xef, 0xff,
0x02, 0x02, 0xef, 0xff, 0x02, 0x02, 0xef, 0xff, 0x02, 0x02, 0xee, 0xff, 0x02, 0x02, 0xee,
0xff, 0x02, 0x02, 0xee, 0xff, 0x02, 0x02, 0xee, 0xff, 0x02, 0x02, 0xee, 0xff, 0x02, 0x02,
0xed, 0xff, 0x00, 0x00, 0xed, 0xff, 0x19, 0x19, 0xef, 0xff, 0xef, 0xef, 0xfe, 0xff, 0xff,
0xff, 0xff, 0xff, 0xfe, 0xfe, 0xff, 0xff, 0xfe, 0xfe, 0xff, 0xff, 0xfe, 0xfe, 0xff, 0xff,
0xfe, 0xfe, 0xff, 0xff, 0xfe, 0xfe, 0xff, 0xff, 0xfe, 0xfe, 0xff, 0xff, 0xfe, 0xfe, 0xff,
0xff, 0xfe, 0xfe, 0xff, 0xff, 0xfe, 0xfe, 0xff, 0xff, 0xfe, 0xfe, 0xff, 0xff, 0xff, 0xff,
0xff, 0xff, 0xc1, 0xc1, 0xfa, 0xff, 0x00, 0x00, 0xe8, 0xff, 0x67, 0x67, 0xf2, 0xff, 0xff,
0xff, 0xff, 0xff, 0xfe, 0xfe, 0xff, 0xff, 0xfe, 0xfe, 0xff, 0xff, 0xfe, 0xfe, 0xff, 0xff,
0xfe, 0xfe, 0xff, 0xff, 0xfe, 0xfe, 0xff, 0xff, 0xfe, 0xfe, 0xff, 0xff, 0xfe, 0xfe, 0xff,
0xff, 0xfe, 0xfe, 0xff, 0xff, 0xfe, 0xfe, 0xff, 0xff, 0xfe, 0xfe, 0xff, 0xff, 0xfe, 0xfe,
0xff, 0xff, 0xfe, 0xfe, 0xff, 0xff, 0xfe, 0xfe, 0xff, 0xff, 0xfe, 0xfe, 0xff, 0xff, 0xfe,
0xfe, 0xff, 0xff, 0xfe, 0xfe, 0xff, 0xff, 0xfe, 0xfe, 0xff, 0xff, 0xfe, 0xfe, 0xff, 0xff,
0xfe, 0xfe, 0xff, 0xff, 0xfe, 0xfe, 0xff, 0xff, 0xfe, 0xfe, 0xff, 0xff, 0xfe, 0xfe, 0xff,
0xff, 0xfe, 0xfe, 0xff, 0xff, 0xfe, 0xfe, 0xff, 0xff, 0xfe, 0xfe, 0xff, 0xff, 0xfe, 0xfe,
0xff, 0xff, 0xfe, 0xfe, 0xff, 0xff, 0xfe, 0xfe, 0xff, 0xff, 0xfe, 0xfe, 0xff, 0xff, 0xfe,
0xfe, 0xff, 0xff, 0xfe, 0xfe, 0xff, 0xff, 0xfe, 0xfe, 0xff, 0xff, 0xff, 0xff, 0xff, 0xff,
0x97, 0x97, 0xf4, 0xff, 0x00, 0x00, 0xe1, 0xff, 0x21, 0x21, 0xe6, 0xff, 0xf3, 0xf3, 0xfe,
0xff, 0xff, 0xff, 0xff, 0xff, 0xfe, 0xfe, 0xff, 0xff, 0xfe, 0xfe, 0xff, 0xff, 0xfe, 0xfe,
0xff, 0xff, 0xfe, 0xfe, 0xff, 0xff, 0xfe, 0xfe, 0xff, 0xff, 0xfe, 0xfe, 0xff, 0xff, 0xfe,
0xfe, 0xff, 0xff, 0xfe, 0xfe, 0xff, 0xff, 0xff, 0xff, 0xff, 0xff, 0xed, 0xed, 0xfd, 0xff,
0x17, 0x17, 0xe3, 0xff, 0x00, 0x00, 0xdf, 0xff, 0x03, 0x03, 0xe0, 0xff, 0x03, 0x03, 0xe0,
0xff, 0x03, 0x03, 0xe0, 0xff, 0x03, 0x03, 0xe0, 0xff, 0x03, 0x03, 0xe0, 0xff, 0x03, 0x03,
0xdf, 0xff, 0x03, 0x03, 0xdf, 0xff, 0x03, 0x03, 0xdf, 0xff, 0x03, 0x03, 0xdf, 0xff, 0x03,
0x03, 0xdf, 0xff, 0x03, 0x03, 0xde, 0xff, 0x03, 0x03, 0xde, 0xff, 0x03, 0x03, 0xde, 0xff,
0x03, 0x03, 0xde, 0xff, 0x03, 0x03, 0xdd, 0xff, 0x03, 0x03, 0xdd, 0xff, 0x03, 0x03, 0xdd,
0xff, 0x03, 0x03, 0xdd, 0xff, 0x03, 0x03, 0xde, 0xff, 0x02, 0x02, 0xd9, 0x45, 0x01, 0x01,
0xd5, 0x00, 0x01, 0x01, 0xd6, 0x00, 0xff, 0xff, 0xff, 0x00, 0xff, 0xff, 0xff, 0x00, 0xff,
0xff, 0xff, 0x00, 0xff, 0xff, 0xff, 0x00, 0xff, 0xff, 0xff, 0x00, 0xff, 0xff, 0xff, 0x00,
0xff, 0xff, 0xff, 0x00, 0xff, 0xff, 0xff, 0x00, 0xff, 0xff, 0xff, 0x00, 0xff, 0xff, 0xff,
0x00, 0xff, 0xff, 0xff, 0x00, 0xff, 0xff, 0xff, 0x00, 0xff, 0xff, 0xff, 0x00, 0xff, 0xff,
0xff, 0x00, 0xff, 0xff, 0xff, 0x00, 0x01, 0x01, 0xcb, 0x00, 0x01, 0x01, 0xce, 0x01, 0x02,
0x02, 0xed, 0xd1, 0x02, 0x02, 0xf1, 0xff, 0x02, 0x02, 0xf0, 0xff, 0x02, 0x02, 0xf0, 0xff,
0x02, 0x02, 0xf0, 0xff, 0x02, 0x02, 0xf0, 0xff, 0x02, 0x02, 0xef, 0xff, 0x02, 0x02, 0xef,
0xff, 0x02, 0x02, 0xef, 0xff, 0x02, 0x02, 0xef, 0xff, 0x02, 0x02, 0xef, 0xff, 0x02, 0x02,
0xee, 0xff, 0x02, 0x02, 0xee, 0xff, 0x02, 0x02, 0xee, 0xff, 0x02, 0x02, 0xee, 0xff, 0x02,
0x02, 0xee, 0xff, 0x02, 0x02, 0xed, 0xff, 0x02, 0x02, 0xed, 0xff, 0x02, 0x02, 0xed, 0xff,
0x03, 0x03, 0xed, 0xff, 0x01, 0x01, 0xed, 0xff, 0x02, 0x02, 0xec, 0xff, 0xcd, 0xcd, 0xfc,
0xff, 0xff, 0xff, 0xff, 0xff, 0xfe, 0xfe, 0xff, 0xff, 0xfe, 0xfe, 0xff, 0xff, 0xfe, 0xfe,
0xff, 0xff, 0xfe, 0xfe, 0xff, 0xff, 0xfe, 0xfe, 0xff, 0xff, 0xfe, 0xfe, 0xff, 0xff, 0xfe,
0xfe, 0xff, 0xff, 0xfe, 0xfe, 0xff, 0xff, 0xfe, 0xfe, 0xff, 0xff, 0xfe, 0xfe, 0xff, 0xff,
0xff, 0xff, 0xff, 0xff, 0xc8, 0xc8, 0xfb, 0xff, 0x00, 0x00, 0xe8, 0xff, 0x6e, 0x6e, 0xf3,
0xff, 0xff, 0xff, 0xff, 0xff, 0xfe, 0xfe, 0xff, 0xff, 0xfe, 0xfe, 0xff, 0xff, 0xfe, 0xfe,
0xff, 0xff, 0xfe, 0xfe, 0xff, 0xff, 0xfe, 0xfe, 0xff, 0xff, 0xfe, 0xfe, 0xff, 0xff, 0xfe,
0xfe, 0xff, 0xff, 0xfe, 0xfe, 0xff, 0xff, 0xfe, 0xfe, 0xff, 0xff, 0xfe, 0xfe, 0xff, 0xff,
0xfe, 0xfe, 0xff, 0xff, 0xfe, 0xfe, 0xff, 0xff, 0xfe, 0xfe, 0xff, 0xff, 0xfe, 0xfe, 0xff,
0xff, 0xfe, 0xfe, 0xff, 0xff, 0xfe, 0xfe, 0xff, 0xff, 0xfe, 0xfe, 0xff, 0xff, 0xfe, 0xfe,
0xff, 0xff, 0xfe, 0xfe, 0xff, 0xff, 0xfe, 0xfe, 0xff, 0xff, 0xfe, 0xfe, 0xff, 0xff, 0xfe,
0xfe, 0xff, 0xff, 0xfe, 0xfe, 0xff, 0xff, 0xfe, 0xfe, 0xff, 0xff, 0xfe, 0xfe, 0xff, 0xff,
0xfe, 0xfe, 0xff, 0xff, 0xfe, 0xfe, 0xff, 0xff, 0xfe, 0xfe, 0xff, 0xff, 0xfe, 0xfe, 0xff,
0xff, 0xfe, 0xfe, 0xff, 0xff, 0xfe, 0xfe, 0xff, 0xff, 0xfe, 0xfe, 0xff, 0xff, 0xff, 0xff,
0xff, 0xff, 0x9c, 0x9c, 0xf4, 0xff, 0x00, 0x00, 0xe0, 0xff, 0x21, 0x21, 0xe6, 0xff, 0xf3,
0xf3, 0xfe, 0xff, 0xff, 0xff, 0xff, 0xff, 0xfe, 0xfe, 0xff, 0xff, 0xfe, 0xfe, 0xff, 0xff,
0xfe, 0xfe, 0xff, 0xff, 0xfe, 0xfe, 0xff, 0xff, 0xfe, 0xfe, 0xff, 0xff, 0xfe, 0xfe, 0xff,
0xff, 0xfe, 0xfe, 0xff, 0xff, 0xfe, 0xfe, 0xff, 0xff, 0xff, 0xff, 0xff, 0xff, 0xcc, 0xcc,
0xf9, 0xff, 0x02, 0x02, 0xe0, 0xff, 0x01, 0x01, 0xe0, 0xff, 0x03, 0x03, 0xe0, 0xff, 0x03,
0x03, 0xe0, 0xff, 0x03, 0x03, 0xdf, 0xff, 0x03, 0x03, 0xdf, 0xff, 0x03, 0x03, 0xdf, 0xff,
0x03, 0x03, 0xdf, 0xff, 0x03, 0x03, 0xde, 0xff, 0x03, 0x03, 0xde, 0xff, 0x03, 0x03, 0xde,
0xff, 0x03, 0x03, 0xde, 0xff, 0x03, 0x03, 0xde, 0xff, 0x03, 0x03, 0xdd, 0xff, 0x03, 0x03,
0xdd, 0xff, 0x03, 0x03, 0xdd, 0xff, 0x03, 0x03, 0xdd, 0xff, 0x03, 0x03, 0xdd, 0xff, 0x03,
0x03, 0xdc, 0xff, 0x03, 0x03, 0xdc, 0xff, 0x03, 0x03, 0xdd, 0xff, 0x02, 0x02, 0xd7, 0xa8,
0x01, 0x01, 0xd0, 0x00, 0x01, 0x01, 0xd0, 0x00, 0xff, 0xff, 0xff, 0x00, 0xff, 0xff, 0xff,
0x00, 0xff, 0xff, 0xff, 0x00, 0xff, 0xff, 0xff, 0x00, 0xff, 0xff, 0xff, 0x00, 0xff, 0xff,
0xff, 0x00, 0xff, 0xff, 0xff, 0x00, 0xff, 0xff, 0xff, 0x00, 0xff, 0xff, 0xff, 0x00, 0xff,
0xff, 0xff, 0x00, 0xff, 0xff, 0xff, 0x00, 0xff, 0xff, 0xff, 0x00, 0xff, 0xff, 0xff, 0x00,
0xff, 0xff, 0xff, 0x00, 0xff, 0xff, 0xff, 0x00, 0x01, 0x01, 0x84, 0x00, 0x01, 0x01, 0x8d,
0x1c, 0x02, 0x02, 0xe9, 0xf2, 0x02, 0x02, 0xf2, 0xff, 0x02, 0x02, 0xf0, 0xff, 0x02, 0x02,
0xef, 0xff, 0x02, 0x02, 0xef, 0xff, 0x02, 0x02, 0xef, 0xff, 0x02, 0x02, 0xef, 0xff, 0x02,
0x02, 0xef, 0xff, 0x02, 0x02, 0xee, 0xff, 0x02, 0x02, 0xee, 0xff, 0x02, 0x02, 0xee, 0xff,
0x02, 0x02, 0xee, 0xff, 0x02, 0x02, 0xee, 0xff, 0x02, 0x02, 0xed, 0xff, 0x02, 0x02, 0xed,
0xff, 0x02, 0x02, 0xed, 0xff, 0x03, 0x03, 0xed, 0xff, 0x03, 0x03, 0xed, 0xff, 0x03, 0x03,
0xec, 0xff, 0x03, 0x03, 0xec, 0xff, 0x03, 0x03, 0xec, 0xff, 0x00, 0x00, 0xeb, 0xff, 0x8c,
0x8c, 0xf7, 0xff, 0xff, 0xff, 0xff, 0xff, 0xfe, 0xfe, 0xff, 0xff, 0xfe, 0xfe, 0xff, 0xff,
0xfe, 0xfe, 0xff, 0xff, 0xfe, 0xfe, 0xff, 0xff, 0xfe, 0xfe, 0xff, 0xff, 0xfe, 0xfe, 0xff,
0xff, 0xfe, 0xfe, 0xff, 0xff, 0xfe, 0xfe, 0xff, 0xff, 0xfe, 0xfe, 0xff, 0xff, 0xfe, 0xfe,
0xff, 0xff, 0xff, 0xff, 0xff, 0xff, 0xcd, 0xcd, 0xfb, 0xff, 0x00, 0x00, 0xe8, 0xff, 0x74,
0x74, 0xf3, 0xff, 0xff, 0xff, 0xff, 0xff, 0xfe, 0xfe, 0xff, 0xff, 0xfe, 0xfe, 0xff, 0xff,
0xfe, 0xfe, 0xff, 0xff, 0xfe, 0xfe, 0xff, 0xff, 0xfe, 0xfe, 0xff, 0xff, 0xfe, 0xfe, 0xff,
0xff, 0xfe, 0xfe, 0xff, 0xff, 0xfe, 0xfe, 0xff, 0xff, 0xfe, 0xfe, 0xff, 0xff, 0xfe, 0xfe,
0xff, 0xff, 0xfe, 0xfe, 0xff, 0xff, 0xfe, 0xfe, 0xff, 0xff, 0xfe, 0xfe, 0xff, 0xff, 0xfe,
0xfe, 0xff, 0xff, 0xfe, 0xfe, 0xff, 0xff, 0xfe, 0xfe, 0xff, 0xff, 0xfe, 0xfe, 0xff, 0xff,
0xfe, 0xfe, 0xff, 0xff, 0xfe, 0xfe, 0xff, 0xff, 0xfe, 0xfe, 0xff, 0xff, 0xfe, 0xfe, 0xff,
0xff, 0xfe, 0xfe, 0xff, 0xff, 0xfe, 0xfe, 0xff, 0xff, 0xfe, 0xfe, 0xff, 0xff, 0xfe, 0xfe,
0xff, 0xff, 0xfe, 0xfe, 0xff, 0xff, 0xfe, 0xfe, 0xff, 0xff, 0xfe, 0xfe, 0xff, 0xff, 0xfe,
0xfe, 0xff, 0xff, 0xfe, 0xfe, 0xff, 0xff, 0xfe, 0xfe, 0xff, 0xff, 0xfe, 0xfe, 0xff, 0xff,
0xff, 0xff, 0xff, 0xff, 0xa0, 0xa0, 0xf4, 0xff, 0x00, 0x00, 0xe0, 0xff, 0x20, 0x20, 0xe6,
0xff, 0xf3, 0xf3, 0xfe, 0xff, 0xff, 0xff, 0xff, 0xff, 0xfe, 0xfe, 0xff, 0xff, 0xfe, 0xfe,
0xff, 0xff, 0xfe, 0xfe, 0xff, 0xff, 0xfe, 0xfe, 0xff, 0xff, 0xfe, 0xfe, 0xff, 0xff, 0xfe,
0xfe, 0xff, 0xff, 0xfe, 0xfe, 0xff, 0xff, 0xfe, 0xfe, 0xff, 0xff, 0xff, 0xff, 0xff, 0xff,
0x8f, 0x8f, 0xf1, 0xff, 0x00, 0x00, 0xde, 0xff, 0x03, 0x03, 0xdf, 0xff, 0x03, 0x03, 0xdf,
0xff, 0x03, 0x03, 0xdf, 0xff, 0x03, 0x03, 0xdf, 0xff, 0x03, 0x03, 0xdf, 0xff, 0x03, 0x03,
0xdf, 0xff, 0x03, 0x03, 0xde, 0xff, 0x03, 0x03, 0xde, 0xff, 0x03, 0x03, 0xde, 0xff, 0x03,
0x03, 0xde, 0xff, 0x03, 0x03, 0xde, 0xff, 0x03, 0x03, 0xdd, 0xff, 0x03, 0x03, 0xdd, 0xff,
0x03, 0x03, 0xdd, 0xff, 0x03, 0x03, 0xdd, 0xff, 0x03, 0x03, 0xdd, 0xff, 0x03, 0x03, 0xdc,
0xff, 0x03, 0x03, 0xdc, 0xff, 0x03, 0x03, 0xdc, 0xff, 0x03, 0x03, 0xdc, 0xff, 0x03, 0x03,
0xdc, 0xdb, 0x01, 0x01, 0xd9, 0x04, 0x01, 0x01, 0xd9, 0x00, 0xff, 0xff, 0xff, 0x00, 0xff,
0xff, 0xff, 0x00, 0xff, 0xff, 0xff, 0x00, 0xff, 0xff, 0xff, 0x00, 0xff, 0xff, 0xff, 0x00,
0xff, 0xff, 0xff, 0x00, 0xff, 0xff, 0xff, 0x00, 0xff, 0xff, 0xff, 0x00, 0xff, 0xff, 0xff,
0x00, 0xff, 0xff, 0xff, 0x00, 0xff, 0xff, 0xff, 0x00, 0xff, 0xff, 0xff, 0x00, 0xff, 0xff,
0xff, 0x00, 0xff, 0xff, 0xff, 0x00, 0xff, 0xff, 0xff, 0x00, 0x01, 0x01, 0xf4, 0x00, 0x01,
0x01, 0xf6, 0x65, 0x02, 0x02, 0xf0, 0xff, 0x02, 0x02, 0xef, 0xff, 0x02, 0x02, 0xef, 0xff,
0x02, 0x02, 0xef, 0xff, 0x02, 0x02, 0xef, 0xff, 0x02, 0x02, 0xef, 0xff, 0x02, 0x02, 0xee,
0xff, 0x02, 0x02, 0xee, 0xff, 0x02, 0x02, 0xee, 0xff, 0x02, 0x02, 0xee, 0xff, 0x02, 0x02,
0xee, 0xff, 0x02, 0x02, 0xed, 0xff, 0x02, 0x02, 0xed, 0xff, 0x02, 0x02, 0xed, 0xff, 0x03,
0x03, 0xed, 0xff, 0x03, 0x03, 0xed, 0xff, 0x03, 0x03, 0xec, 0xff, 0x03, 0x03, 0xec, 0xff,
0x03, 0x03, 0xec, 0xff, 0x03, 0x03, 0xec, 0xff, 0x03, 0x03, 0xec, 0xff, 0x00, 0x00, 0xea,
0xff, 0x30, 0x30, 0xef, 0xff, 0xf9, 0xf9, 0xff, 0xff, 0xff, 0xff, 0xff, 0xff, 0xfe, 0xfe,
0xff, 0xff, 0xfe, 0xfe, 0xff, 0xff, 0xfe, 0xfe, 0xff, 0xff, 0xfe, 0xfe, 0xff, 0xff, 0xfe,
0xfe, 0xff, 0xff, 0xfe, 0xfe, 0xff, 0xff, 0xfe, 0xfe, 0xff, 0xff, 0xfe, 0xfe, 0xff, 0xff,
0xfe, 0xfe, 0xff, 0xff, 0xff, 0xff, 0xff, 0xff, 0xd2, 0xd2, 0xfb, 0xff, 0x00, 0x00, 0xe8,
0xff, 0x79, 0x79, 0xf3, 0xff, 0xff, 0xff, 0xff, 0xff, 0xfe, 0xfe, 0xff, 0xff, 0xfe, 0xfe,
0xff, 0xff, 0xfe, 0xfe, 0xff, 0xff, 0xfe, 0xfe, 0xff, 0xff, 0xfe, 0xfe, 0xff, 0xff, 0xfe,
0xfe, 0xff, 0xff, 0xfe, 0xfe, 0xff, 0xff, 0xfe, 0xfe, 0xff, 0xff, 0xfe, 0xfe, 0xff, 0xff,
0xfe, 0xfe, 0xff, 0xff, 0xfe, 0xfe, 0xff, 0xff, 0xfe, 0xfe, 0xff, 0xff, 0xfe, 0xfe, 0xff,
0xff, 0xfe, 0xfe, 0xff, 0xff, 0xfe, 0xfe, 0xff, 0xff, 0xfe, 0xfe, 0xff, 0xff, 0xfe, 0xfe,
0xff, 0xff, 0xfe, 0xfe, 0xff, 0xff, 0xfe, 0xfe, 0xff, 0xff, 0xfe, 0xfe, 0xff, 0xff, 0xfe,
0xfe, 0xff, 0xff, 0xfe, 0xfe, 0xff, 0xff, 0xfe, 0xfe, 0xff, 0xff, 0xfe, 0xfe, 0xff, 0xff,
0xfe, 0xfe, 0xff, 0xff, 0xfe, 0xfe, 0xff, 0xff, 0xfe, 0xfe, 0xff, 0xff, 0xfe, 0xfe, 0xff,
0xff, 0xfe, 0xfe, 0xff, 0xff, 0xfe, 0xfe, 0xff, 0xff, 0xfe, 0xfe, 0xff, 0xff, 0xfe, 0xfe,
0xff, 0xff, 0xff, 0xff, 0xff, 0xff, 0xa4, 0xa4, 0xf5, 0xff, 0x00, 0x00, 0xe0, 0xff, 0x20,
0x20, 0xe5, 0xff, 0xf3, 0xf3, 0xfe, 0xff, 0xff, 0xff, 0xff, 0xff, 0xfe, 0xfe, 0xff, 0xff,
0xfe, 0xfe, 0xff, 0xff, 0xfe, 0xfe, 0xff, 0xff, 0xfe, 0xfe, 0xff, 0xff, 0xfe, 0xfe, 0xff,
0xff, 0xfe, 0xfe, 0xff, 0xff, 0xfe, 0xfe, 0xff, 0xff, 0xff, 0xff, 0xff, 0xff, 0xfc, 0xfc,
0xff, 0xff, 0x39, 0x39, 0xe6, 0xff, 0x00, 0x00, 0xdd, 0xff, 0x03, 0x03, 0xdf, 0xff, 0x03,
0x03, 0xdf, 0xff, 0x03, 0x03, 0xdf, 0xff, 0x03, 0x03, 0xde, 0xff, 0x03, 0x03, 0xde, 0xff,
0x03, 0x03, 0xde, 0xff, 0x03, 0x03, 0xde, 0xff, 0x03, 0x03, 0xde, 0xff, 0x03, 0x03, 0xdd,
0xff, 0x03, 0x03, 0xdd, 0xff, 0x03, 0x03, 0xdd, 0xff, 0x03, 0x03, 0xdd, 0xff, 0x03, 0x03,
0xdd, 0xff, 0x03, 0x03, 0xdc, 0xff, 0x03, 0x03, 0xdc, 0xff, 0x03, 0x03, 0xdc, 0xff, 0x03,
0x03, 0xdc, 0xff, 0x03, 0x03, 0xdc, 0xff, 0x03, 0x03, 0xdb, 0xff, 0x03, 0x03, 0xdb, 0xff,
0x03, 0x03, 0xdb, 0xf9, 0x02, 0x02, 0xd8, 0x2b, 0x01, 0x01, 0xd7, 0x00, 0xff, 0xff, 0xff,
0x00, 0xff, 0xff, 0xff, 0x00, 0xff, 0xff, 0xff, 0x00, 0xff, 0xff, 0xff, 0x00, 0xff, 0xff,
0xff, 0x00, 0xff, 0xff, 0xff, 0x00, 0xff, 0xff, 0xff, 0x00, 0xff, 0xff, 0xff, 0x00, 0xff,
0xff, 0xff, 0x00, 0xff, 0xff, 0xff, 0x00, 0xff, 0xff, 0xff, 0x00, 0xff, 0xff, 0xff, 0x00,
0xff, 0xff, 0xff, 0x00, 0xff, 0xff, 0xff, 0x00, 0xff, 0xff, 0xff, 0x00, 0x01, 0x01, 0xee,
0x00, 0x02, 0x02, 0xef, 0xaf, 0x02, 0x02, 0xef, 0xff, 0x02, 0x02, 0xef, 0xff, 0x02, 0x02,
0xef, 0xff, 0x02, 0x02, 0xee, 0xff, 0x02, 0x02, 0xee, 0xff, 0x02, 0x02, 0xee, 0xff, 0x02,
0x02, 0xee, 0xff, 0x02, 0x02, 0xee, 0xff, 0x02, 0x02, 0xed, 0xff, 0x02, 0x02, 0xed, 0xff,
0x02, 0x02, 0xed, 0xff, 0x03, 0x03, 0xed, 0xff, 0x03, 0x03, 0xec, 0xff, 0x03, 0x03, 0xec,
0xff, 0x03, 0x03, 0xec, 0xff, 0x03, 0x03, 0xec, 0xff, 0x03, 0x03, 0xec, 0xff, 0x03, 0x03,
0xeb, 0xff, 0x03, 0x03, 0xeb, 0xff, 0x03, 0x03, 0xeb, 0xff, 0x03, 0x03, 0xeb, 0xff, 0x00,
0x00, 0xeb, 0xff, 0x06, 0x06, 0xeb, 0xff, 0xda, 0xda, 0xfc, 0xff, 0xff, 0xff, 0xff, 0xff,
0xfe, 0xfe, 0xff, 0xff, 0xfe, 0xfe, 0xff, 0xff, 0xfe, 0xfe, 0xff, 0xff, 0xfe, 0xfe, 0xff,
0xff, 0xfe, 0xfe, 0xff, 0xff, 0xfe, 0xfe, 0xff, 0xff, 0xfe, 0xfe, 0xff, 0xff, 0xfe, 0xfe,
0xff, 0xff, 0xfe, 0xfe, 0xff, 0xff, 0xff, 0xff, 0xff, 0xff, 0xd6, 0xd6, 0xfb, 0xff, 0x00,
0x00, 0xe7, 0xff, 0x7e, 0x7e, 0xf3, 0xff, 0xff, 0xff, 0xff, 0xff, 0xfe, 0xfe, 0xff, 0xff,
0xfe, 0xfe, 0xff, 0xff, 0xfe, 0xfe, 0xff, 0xff, 0xfe, 0xfe, 0xff, 0xff, 0xfe, 0xfe, 0xff,
0xff, 0xfe, 0xfe, 0xff, 0xff, 0xfe, 0xfe, 0xff, 0xff, 0xfe, 0xfe, 0xff, 0xff, 0xfe, 0xfe,
0xff, 0xff, 0xfe, 0xfe, 0xff, 0xff, 0xfe, 0xfe, 0xff, 0xff, 0xfe, 0xfe, 0xff, 0xff, 0xfe,
0xfe, 0xff, 0xff, 0xfe, 0xfe, 0xff, 0xff, 0xfe, 0xfe, 0xff, 0xff, 0xfe, 0xfe, 0xff, 0xff,
0xfe, 0xfe, 0xff, 0xff, 0xfe, 0xfe, 0xff, 0xff, 0xfe, 0xfe, 0xff, 0xff, 0xfe, 0xfe, 0xff,
0xff, 0xfe, 0xfe, 0xff, 0xff, 0xfe, 0xfe, 0xff, 0xff, 0xfe, 0xfe, 0xff, 0xff, 0xfe, 0xfe,
0xff, 0xff, 0xfe, 0xfe, 0xff, 0xff, 0xfe, 0xfe, 0xff, 0xff, 0xfe, 0xfe, 0xff, 0xff, 0xfe,
0xfe, 0xff, 0xff, 0xfe, 0xfe, 0xff, 0xff, 0xfe, 0xfe, 0xff, 0xff, 0xfe, 0xfe, 0xff, 0xff,
0xfe, 0xfe, 0xff, 0xff, 0xff, 0xff, 0xff, 0xff, 0xa8, 0xa8, 0xf5, 0xff, 0x00, 0x00, 0xdf,
0xff, 0x20, 0x20, 0xe5, 0xff, 0xf3, 0xf3, 0xfe, 0xff, 0xff, 0xff, 0xff, 0xff, 0xfe, 0xfe,
0xff, 0xff, 0xfe, 0xfe, 0xff, 0xff, 0xfe, 0xfe, 0xff, 0xff, 0xfe, 0xfe, 0xff, 0xff, 0xfe,
0xfe, 0xff, 0xff, 0xfe, 0xfe, 0xff, 0xff, 0xfe, 0xfe, 0xff, 0xff, 0xff, 0xff, 0xff, 0xff,
0xe1, 0xe1, 0xfc, 0xff, 0x0b, 0x0b, 0xe0, 0xff, 0x00, 0x00, 0xde, 0xff, 0x03, 0x03, 0xde,
0xff, 0x03, 0x03, 0xde, 0xff, 0x03, 0x03, 0xde, 0xff, 0x03, 0x03, 0xde, 0xff, 0x03, 0x03,
0xde, 0xff, 0x03, 0x03, 0xdd, 0xff, 0x03, 0x03, 0xdd, 0xff, 0x03, 0x03, 0xdd, 0xff, 0x03,
0x03, 0xdd, 0xff, 0x03, 0x03, 0xdd, 0xff, 0x03, 0x03, 0xdc, 0xff, 0x03, 0x03, 0xdc, 0xff,
0x03, 0x03, 0xdc, 0xff, 0x03, 0x03, 0xdc, 0xff, 0x03, 0x03, 0xdc, 0xff, 0x03, 0x03, 0xdb,
0xff, 0x03, 0x03, 0xdb, 0xff, 0x03, 0x03, 0xdb, 0xff, 0x03, 0x03, 0xdb, 0xff, 0x03, 0x03,
0xdb, 0xff, 0x03, 0x03, 0xdb, 0xff, 0x02, 0x02, 0xdb, 0x73, 0x02, 0x02, 0xde, 0x00, 0xff,
0xff, 0xff, 0x00, 0xff, 0xff, 0xff, 0x00, 0xff, 0xff, 0xff, 0x00, 0xff, 0xff, 0xff, 0x00,
0xff, 0xff, 0xff, 0x00, 0xff, 0xff, 0xff, 0x00, 0xff, 0xff, 0xff, 0x00, 0xff, 0xff, 0xff,
0x00, 0xff, 0xff, 0xff, 0x00, 0xff, 0xff, 0xff, 0x00, 0xff, 0xff, 0xff, 0x00, 0xff, 0xff,
0xff, 0x00, 0xff, 0xff, 0xff, 0x00, 0xff, 0xff, 0xff, 0x00, 0xff, 0xff, 0xff, 0x00, 0x01,
0x01, 0xec, 0x03, 0x02, 0x02, 0xee, 0xd6, 0x02, 0x02, 0xee, 0xff, 0x02, 0x02, 0xee, 0xff,
0x02, 0x02, 0xee, 0xff, 0x02, 0x02, 0xee, 0xff, 0x02, 0x02, 0xee, 0xff, 0x02, 0x02, 0xed,
0xff, 0x02, 0x02, 0xed, 0xff, 0x02, 0x02, 0xed, 0xff, 0x02, 0x02, 0xed, 0xff, 0x03, 0x03,
0xed, 0xff, 0x03, 0x03, 0xec, 0xff, 0x03, 0x03, 0xec, 0xff, 0x03, 0x03, 0xec, 0xff, 0x03,
0x03, 0xec, 0xff, 0x03, 0x03, 0xec, 0xff, 0x03, 0x03, 0xeb, 0xff, 0x03, 0x03, 0xeb, 0xff,
0x03, 0x03, 0xeb, 0xff, 0x03, 0x03, 0xeb, 0xff, 0x03, 0x03, 0xeb, 0xff, 0x03, 0x03, 0xeb,
0xff, 0x02, 0x02, 0xea, 0xff, 0x00, 0x00, 0xe9, 0xff, 0xa9, 0xa9, 0xf8, 0xff, 0xff, 0xff,
0xff, 0xff, 0xfe, 0xfe, 0xff, 0xff, 0xfe, 0xfe, 0xff, 0xff, 0xfe, 0xfe, 0xff, 0xff, 0xfe,
0xfe, 0xff, 0xff, 0xfe, 0xfe, 0xff, 0xff, 0xfe, 0xfe, 0xff, 0xff, 0xfe, 0xfe, 0xff, 0xff,
0xfe, 0xfe, 0xff, 0xff, 0xfe, 0xfe, 0xff, 0xff, 0xff, 0xff, 0xff, 0xff, 0xd9, 0xd9, 0xfc,
0xff, 0x00, 0x00, 0xe7, 0xff, 0x80, 0x80, 0xf3, 0xff, 0xff, 0xff, 0xff, 0xff, 0xfe, 0xfe,
0xff, 0xff, 0xfe, 0xfe, 0xff, 0xff, 0xfe, 0xfe, 0xff, 0xff, 0xfe, 0xfe, 0xff, 0xff, 0xfe,
0xfe, 0xff, 0xff, 0xfe, 0xfe, 0xff, 0xff, 0xfe, 0xfe, 0xff, 0xff, 0xfe, 0xfe, 0xff, 0xff,
0xfe, 0xfe, 0xff, 0xff, 0xfe, 0xfe, 0xff, 0xff, 0xfe, 0xfe, 0xff, 0xff, 0xfe, 0xfe, 0xff,
0xff, 0xfe, 0xfe, 0xff, 0xff, 0xfe, 0xfe, 0xff, 0xff, 0xfe, 0xfe, 0xff, 0xff, 0xfe, 0xfe,
0xff, 0xff, 0xfe, 0xfe, 0xff, 0xff, 0xfe, 0xfe, 0xff, 0xff, 0xfe, 0xfe, 0xff, 0xff, 0xfe,
0xfe, 0xff, 0xff, 0xfe, 0xfe, 0xff, 0xff, 0xfe, 0xfe, 0xff, 0xff, 0xfe, 0xfe, 0xff, 0xff,
0xfe, 0xfe, 0xff, 0xff, 0xfe, 0xfe, 0xff, 0xff, 0xfe, 0xfe, 0xff, 0xff, 0xfe, 0xfe, 0xff,
0xff, 0xfe, 0xfe, 0xff, 0xff, 0xfe, 0xfe, 0xff, 0xff, 0xfe, 0xfe, 0xff, 0xff, 0xfe, 0xfe,
0xff, 0xff, 0xfe, 0xfe, 0xff, 0xff, 0xff, 0xff, 0xff, 0xff, 0xac, 0xac, 0xf5, 0xff, 0x00,
0x00, 0xdf, 0xff, 0x20, 0x20, 0xe4, 0xff, 0xf3, 0xf3, 0xfe, 0xff, 0xff, 0xff, 0xff, 0xff,
0xfe, 0xfe, 0xff, 0xff, 0xfe, 0xfe, 0xff, 0xff, 0xfe, 0xfe, 0xff, 0xff, 0xfe, 0xfe, 0xff,
0xff, 0xfe, 0xfe, 0xff, 0xff, 0xfe, 0xfe, 0xff, 0xff, 0xfe, 0xfe, 0xff, 0xff, 0xff, 0xff,
0xff, 0xff, 0xba, 0xba, 0xf6, 0xff, 0x00, 0x00, 0xdd, 0xff, 0x02, 0x02, 0xde, 0xff, 0x03,
0x03, 0xde, 0xff, 0x03, 0x03, 0xde, 0xff, 0x03, 0x03, 0xdd, 0xff, 0x03, 0x03, 0xdd, 0xff,
0x03, 0x03, 0xdd, 0xff, 0x03, 0x03, 0xdd, 0xff, 0x03, 0x03, 0xdd, 0xff, 0x03, 0x03, 0xdc,
0xff, 0x03, 0x03, 0xdc, 0xff, 0x03, 0x03, 0xdc, 0xff, 0x03, 0x03, 0xdc, 0xff, 0x03, 0x03,
0xdc, 0xff, 0x03, 0x03, 0xdb, 0xff, 0x03, 0x03, 0xdb, 0xff, 0x03, 0x03, 0xdb, 0xff, 0x03,
0x03, 0xdb, 0xff, 0x03, 0x03, 0xdb, 0xff, 0x03, 0x03, 0xdb, 0xff, 0x03, 0x03, 0xdb, 0xff,
0x03, 0x03, 0xda, 0xff, 0x03, 0x03, 0xdb, 0xff, 0x02, 0x02, 0xd5, 0xb8, 0x01, 0x01, 0xbb,
0x00, 0xff, 0xff, 0xff, 0x00, 0xff, 0xff, 0xff, 0x00, 0xff, 0xff, 0xff, 0x00, 0xff, 0xff,
0xff, 0x00, 0xff, 0xff, 0xff, 0x00, 0xff, 0xff, 0xff, 0x00, 0xff, 0xff, 0xff, 0x00, 0xff,
0xff, 0xff, 0x00, 0xff, 0xff, 0xff, 0x00, 0xff, 0xff, 0xff, 0x00, 0xff, 0xff, 0xff, 0x00,
0xff, 0xff, 0xff, 0x00, 0xff, 0xff, 0xff, 0x00, 0xff, 0xff, 0xff, 0x00, 0xff, 0xff, 0xff,
0x00, 0x01, 0x01, 0xeb, 0x15, 0x02, 0x02, 0xee, 0xee, 0x02, 0x02, 0xee, 0xff, 0x02, 0x02,
0xee, 0xff, 0x02, 0x02, 0xed, 0xff, 0x02, 0x02, 0xed, 0xff, 0x02, 0x02, 0xed, 0xff, 0x02,
0x02, 0xed, 0xff, 0x03, 0x03, 0xed, 0xff, 0x03, 0x03, 0xec, 0xff, 0x03, 0x03, 0xec, 0xff,
0x03, 0x03, 0xec, 0xff, 0x03, 0x03, 0xec, 0xff, 0x03, 0x03, 0xec, 0xff, 0x03, 0x03, 0xec,
0xff, 0x03, 0x03, 0xeb, 0xff, 0x03, 0x03, 0xeb, 0xff, 0x03, 0x03, 0xeb, 0xff, 0x03, 0x03,
0xeb, 0xff, 0x03, 0x03, 0xeb, 0xff, 0x03, 0x03, 0xeb, 0xff, 0x03, 0x03, 0xea, 0xff, 0x03,
0x03, 0xea, 0xff, 0x03, 0x03, 0xea, 0xff, 0x00, 0x00, 0xe9, 0xff, 0x58, 0x58, 0xf1, 0xff,
0xff, 0xff, 0xff, 0xff, 0xfe, 0xfe, 0xff, 0xff, 0xfe, 0xfe, 0xff, 0xff, 0xfe, 0xfe, 0xff,
0xff, 0xfe, 0xfe, 0xff, 0xff, 0xfe, 0xfe, 0xff, 0xff, 0xfe, 0xfe, 0xff, 0xff, 0xfe, 0xfe,
0xff, 0xff, 0xfe, 0xfe, 0xff, 0xff, 0xfe, 0xfe, 0xff, 0xff, 0xff, 0xff, 0xff, 0xff, 0xdb,
0xdb, 0xfc, 0xff, 0x00, 0x00, 0xe6, 0xff, 0x82, 0x82, 0xf3, 0xff, 0xff, 0xff, 0xff, 0xff,
0xfe, 0xfe, 0xff, 0xff, 0xfe, 0xfe, 0xff, 0xff, 0xfe, 0xfe, 0xff, 0xff, 0xfe, 0xfe, 0xff,
0xff, 0xfe, 0xfe, 0xff, 0xff, 0xff, 0xff, 0xff, 0xff, 0xff, 0xff, 0xff, 0xff, 0xff, 0xff,
0xff, 0xff, 0xff, 0xff, 0xff, 0xff, 0xff, 0xff, 0xff, 0xff, 0xff, 0xff, 0xff, 0xff, 0xfe,
0xfe, 0xff, 0xff, 0xfe, 0xfe, 0xff, 0xff, 0xfe, 0xfe, 0xff, 0xff, 0xfe, 0xfe, 0xff, 0xff,
0xfe, 0xfe, 0xff, 0xff, 0xfe, 0xfe, 0xff, 0xff, 0xfe, 0xfe, 0xff, 0xff, 0xfe, 0xfe, 0xff,
0xff, 0xfe, 0xfe, 0xff, 0xff, 0xfe, 0xfe, 0xff, 0xff, 0xff, 0xff, 0xff, 0xff, 0xff, 0xff,
0xff, 0xff, 0xff, 0xff, 0xff, 0xff, 0xff, 0xff, 0xff, 0xff, 0xff, 0xff, 0xff, 0xff, 0xfe,
0xfe, 0xff, 0xff, 0xfe, 0xfe, 0xff, 0xff, 0xfe, 0xfe, 0xff, 0xff, 0xfe, 0xfe, 0xff, 0xff,
0xfe, 0xfe, 0xff, 0xff, 0xfe, 0xfe, 0xff, 0xff, 0xff, 0xff, 0xff, 0xff, 0xaf, 0xaf, 0xf5,
0xff, 0x00, 0x00, 0xde, 0xff, 0x1f, 0x1f, 0xe4, 0xff, 0xf3, 0xf3, 0xfe, 0xff, 0xff, 0xff,
0xff, 0xff, 0xfe, 0xfe, 0xff, 0xff, 0xfe, 0xfe, 0xff, 0xff, 0xfe, 0xfe, 0xff, 0xff, 0xfe,
0xfe, 0xff, 0xff, 0xfe, 0xfe, 0xff, 0xff, 0xfe, 0xfe, 0xff, 0xff, 0xfe, 0xfe, 0xff, 0xff,
0xff, 0xff, 0xff, 0xff, 0x6d, 0x6d, 0xec, 0xff, 0x00, 0x00, 0xdc, 0xff, 0x03, 0x03, 0xde,
0xff, 0x03, 0x03, 0xdd, 0xff, 0x03, 0x03, 0xdd, 0xff, 0x03, 0x03, 0xdd, 0xff, 0x03, 0x03,
0xdd, 0xff, 0x03, 0x03, 0xdd, 0xff, 0x03, 0x03, 0xdc, 0xff, 0x03, 0x03, 0xdc, 0xff, 0x03,
0x03, 0xdc, 0xff, 0x03, 0x03, 0xdc, 0xff, 0x03, 0x03, 0xdb, 0xff, 0x03, 0x03, 0xdb, 0xff,
0x03, 0x03, 0xdb, 0xff, 0x03, 0x03, 0xdb, 0xff, 0x03, 0x03, 0xdb, 0xff, 0x03, 0x03, 0xdb,
0xff, 0x03, 0x03, 0xdb, 0xff, 0x03, 0x03, 0xda, 0xff, 0x03, 0x03, 0xda, 0xff, 0x03, 0x03,
0xda, 0xff, 0x03, 0x03, 0xda, 0xff, 0x03, 0x03, 0xdd, 0xff, 0x03, 0x03, 0xca, 0xd9, 0x01,
0x01, 0x78, 0x05, 0xff, 0xff, 0xff, 0x00, 0xff, 0xff, 0xff, 0x00, 0xff, 0xff, 0xff, 0x00,
0xff, 0xff, 0xff, 0x00, 0xff, 0xff, 0xff, 0x00, 0xff, 0xff, 0xff, 0x00, 0xff, 0xff, 0xff,
0x00, 0xff, 0xff, 0xff, 0x00, 0xff, 0xff, 0xff, 0x00, 0xff, 0xff, 0xff, 0x00, 0xff, 0xff,
0xff, 0x00, 0xff, 0xff, 0xff, 0x00, 0xff, 0xff, 0xff, 0x00, 0xff, 0xff, 0xff, 0x00, 0xff,
0xff, 0xff, 0x00, 0x01, 0x01, 0x98, 0x3b, 0x02, 0x02, 0xf1, 0xff, 0x02, 0x02, 0xee, 0xff,
0x02, 0x02, 0xed, 0xff, 0x02, 0x02, 0xed, 0xff, 0x03, 0x03, 0xed, 0xff, 0x03, 0x03, 0xed,
0xff, 0x03, 0x03, 0xec, 0xff, 0x03, 0x03, 0xec, 0xff, 0x03, 0x03, 0xec, 0xff, 0x03, 0x03,
0xec, 0xff, 0x03, 0x03, 0xeb, 0xff, 0x03, 0x03, 0xeb, 0xff, 0x03, 0x03, 0xeb, 0xff, 0x03,
0x03, 0xeb, 0xff, 0x03, 0x03, 0xeb, 0xff, 0x03, 0x03, 0xeb, 0xff, 0x03, 0x03, 0xeb, 0xff,
0x03, 0x03, 0xea, 0xff, 0x03, 0x03, 0xea, 0xff, 0x03, 0x03, 0xea, 0xff, 0x03, 0x03, 0xea,
0xff, 0x03, 0x03, 0xea, 0xff, 0x03, 0x03, 0xe9, 0xff, 0x00, 0x00, 0xe9, 0xff, 0x1c, 0x1c,
0xec, 0xff, 0xf1, 0xf1, 0xfe, 0xff, 0xff, 0xff, 0xff, 0xff, 0xfe, 0xfe, 0xff, 0xff, 0xfe,
0xfe, 0xff, 0xff, 0xfe, 0xfe, 0xff, 0xff, 0xfe, 0xfe, 0xff, 0xff, 0xfe, 0xfe, 0xff, 0xff,
0xfe, 0xfe, 0xff, 0xff, 0xfe, 0xfe, 0xff, 0xff, 0xfe, 0xfe, 0xff, 0xff, 0xff, 0xff, 0xff,
0xff, 0xdc, 0xdc, 0xfc, 0xff, 0x00, 0x00, 0xe5, 0xff, 0x84, 0x84, 0xf3, 0xff, 0xff, 0xff,
0xff, 0xff, 0xfe, 0xfe, 0xff, 0xff, 0xfe, 0xfe, 0xff, 0xff, 0xfe, 0xfe, 0xff, 0xff, 0xfe,
0xfe, 0xff, 0xff, 0xfe, 0xfe, 0xff, 0xff, 0x9e, 0x9e, 0xf5, 0xff, 0x84, 0x84, 0xf2, 0xff,
0x88, 0x88, 0xf3, 0xff, 0x86, 0x86, 0xf2, 0xff, 0x91, 0x91, 0xf4, 0xff, 0xf7, 0xf7, 0xfe,
0xff, 0xff, 0xff, 0xff, 0xff, 0xfe, 0xfe, 0xff, 0xff, 0xfe, 0xfe, 0xff, 0xff, 0xfe, 0xfe,
0xff, 0xff, 0xfe, 0xfe, 0xff, 0xff, 0xfe, 0xfe, 0xff, 0xff, 0xfe, 0xfe, 0xff, 0xff, 0xfe,
0xfe, 0xff, 0xff, 0xfe, 0xfe, 0xff, 0xff, 0xff, 0xff, 0xff, 0xff, 0xbe, 0xbe, 0xf8, 0xff,
0x84, 0x84, 0xf1, 0xff, 0x88, 0x88, 0xf1, 0xff, 0x86, 0x86, 0xf0, 0xff, 0x91, 0x91, 0xf2,
0xff, 0xf9, 0xf9, 0xfe, 0xff, 0xff, 0xff, 0xff, 0xff, 0xfe, 0xfe, 0xff, 0xff, 0xfe, 0xfe,
0xff, 0xff, 0xfe, 0xfe, 0xff, 0xff, 0xfe, 0xfe, 0xff, 0xff, 0xff, 0xff, 0xff, 0xff, 0xb2,
0xb2, 0xf6, 0xff, 0x00, 0x00, 0xde, 0xff, 0x1f, 0x1f, 0xe3, 0xff, 0xf2, 0xf2, 0xfe, 0xff,
0xff, 0xff, 0xff, 0xff, 0xfe, 0xfe, 0xff, 0xff, 0xfe, 0xfe, 0xff, 0xff, 0xfe, 0xfe, 0xff,
0xff, 0xfe, 0xfe, 0xff, 0xff, 0xfe, 0xfe, 0xff, 0xff, 0xfe, 0xfe, 0xff, 0xff, 0xff, 0xff,
0xff, 0xff, 0xf7, 0xf7, 0xfe, 0xff, 0x25, 0x25, 0xe2, 0xff, 0x00, 0x00, 0xdc, 0xff, 0x03,
0x03, 0xdd, 0xff, 0x03, 0x03, 0xdd, 0xff, 0x03, 0x03, 0xdd, 0xff, 0x03, 0x03, 0xdc, 0xff,
0x03, 0x03, 0xdc, 0xff, 0x03, 0x03, 0xdc, 0xff, 0x03, 0x03, 0xdc, 0xff, 0x03, 0x03, 0xdb,
0xff, 0x03, 0x03, 0xdb, 0xff, 0x03, 0x03, 0xdb, 0xff, 0x03, 0x03, 0xdb, 0xff, 0x03, 0x03,
0xdb, 0xff, 0x03, 0x03, 0xdb, 0xff, 0x03, 0x03, 0xdb, 0xff, 0x03, 0x03, 0xda, 0xff, 0x03,
0x03, 0xda, 0xff, 0x03, 0x03, 0xda, 0xff, 0x03, 0x03, 0xda, 0xff, 0x03, 0x03, 0xda, 0xff,
0x03, 0x03, 0xd9, 0xff, 0x03, 0x03, 0xd9, 0xff, 0x03, 0x03, 0xd9, 0xff, 0x03, 0x03, 0xd9,
0xf0, 0x01, 0x01, 0xcf, 0x16, 0xff, 0xff, 0xff, 0x00, 0xff, 0xff, 0xff, 0x00, 0xff, 0xff,
0xff, 0x00, 0xff, 0xff, 0xff, 0x00, 0xff, 0xff, 0xff, 0x00, 0xff, 0xff, 0xff, 0x00, 0xff,
0xff, 0xff, 0x00, 0xff, 0xff, 0xff, 0x00, 0xff, 0xff, 0xff, 0x00, 0xff, 0xff, 0xff, 0x00,
0xff, 0xff, 0xff, 0x00, 0xff, 0xff, 0xff, 0x00, 0xff, 0xff, 0xff, 0x00, 0xff, 0xff, 0xff,
0x00, 0xff, 0xff, 0xff, 0x00, 0x01, 0x01, 0xe2, 0x68, 0x02, 0x02, 0xee, 0xff, 0x03, 0x03,
0xed, 0xff, 0x03, 0x03, 0xec, 0xff, 0x03, 0x03, 0xec, 0xff, 0x03, 0x03, 0xec, 0xff, 0x03,
0x03, 0xec, 0xff, 0x03, 0x03, 0xec, 0xff, 0x03, 0x03, 0xeb, 0xff, 0x03, 0x03, 0xeb, 0xff,
0x03, 0x03, 0xeb, 0xff, 0x03, 0x03, 0xeb, 0xff, 0x03, 0x03, 0xeb, 0xff, 0x03, 0x03, 0xeb,
0xff, 0x03, 0x03, 0xeb, 0xff, 0x03, 0x03, 0xea, 0xff, 0x03, 0x03, 0xea, 0xff, 0x03, 0x03,
0xea, 0xff, 0x03, 0x03, 0xea, 0xff, 0x03, 0x03, 0xea, 0xff, 0x03, 0x03, 0xe9, 0xff, 0x03,
0x03, 0xe9, 0xff, 0x03, 0x03, 0xe9, 0xff, 0x03, 0x03, 0xe9, 0xff, 0x02, 0x02, 0xe9, 0xff,
0x01, 0x01, 0xe8, 0xff, 0xc6, 0xc6, 0xfa, 0xff, 0xff, 0xff, 0xff, 0xff, 0xfe, 0xfe, 0xff,
0xff, 0xfe, 0xfe, 0xff, 0xff, 0xfe, 0xfe, 0xff, 0xff, 0xfe, 0xfe, 0xff, 0xff, 0xfe, 0xfe,
0xff, 0xff, 0xfe, 0xfe, 0xff, 0xff, 0xfe, 0xfe, 0xff, 0xff, 0xfe, 0xfe, 0xff, 0xff, 0xff,
0xff, 0xff, 0xff, 0xdd, 0xdd, 0xfc, 0xff, 0x00, 0x00, 0xe5, 0xff, 0x85, 0x85, 0xf3, 0xff,
0xff, 0xff, 0xff, 0xff, 0xfe, 0xfe, 0xff, 0xff, 0xfe, 0xfe, 0xff, 0xff, 0xfe, 0xfe, 0xff,
0xff, 0xfe, 0xfe, 0xff, 0xff, 0xff, 0xff, 0xff, 0xff, 0x99, 0x99, 0xf5, 0xff, 0x00, 0x00,
0xe2, 0xff, 0x00, 0x00, 0xe2, 0xff, 0x00, 0x00, 0xe2, 0xff, 0x00, 0x00, 0xe1, 0xff, 0x95,
0x95, 0xf4, 0xff, 0xff, 0xff, 0xff, 0xff, 0xfe, 0xfe, 0xff, 0xff, 0xfe, 0xfe, 0xff, 0xff,
0xfe, 0xfe, 0xff, 0xff, 0xfe, 0xfe, 0xff, 0xff, 0xfe, 0xfe, 0xff, 0xff, 0xfe, 0xfe, 0xff,
0xff, 0xfe, 0xfe, 0xff, 0xff, 0xff, 0xff, 0xff, 0xff, 0xe4, 0xe4, 0xfc, 0xff, 0x15, 0x15,
0xe3, 0xff, 0x00, 0x00, 0xdf, 0xff, 0x00, 0x00, 0xdf, 0xff, 0x00, 0x00, 0xdd, 0xff, 0x63,
0x63, 0xec, 0xff, 0xfe, 0xfe, 0xff, 0xff, 0xfe, 0xfe, 0xff, 0xff, 0xfe, 0xfe, 0xff, 0xff,
0xfe, 0xfe, 0xff, 0xff, 0xfe, 0xfe, 0xff, 0xff, 0xfe, 0xfe, 0xff, 0xff, 0xff, 0xff, 0xff,
0xff, 0xb4, 0xb4, 0xf6, 0xff, 0x00, 0x00, 0xdd, 0xff, 0x1f, 0x1f, 0xe3, 0xff, 0xf2, 0xf2,
0xfe, 0xff, 0xff, 0xff, 0xff, 0xff, 0xfe, 0xfe, 0xff, 0xff, 0xfe, 0xfe, 0xff, 0xff, 0xfe,
0xfe, 0xff, 0xff, 0xfe, 0xfe, 0xff, 0xff, 0xfe, 0xfe, 0xff, 0xff, 0xfe, 0xfe, 0xff, 0xff,
0xff, 0xff, 0xff, 0xff, 0xc5, 0xc5, 0xf8, 0xff, 0x01, 0x01, 0xdc, 0xff, 0x01, 0x01, 0xdc,
0xff, 0x03, 0x03, 0xdc, 0xff, 0x03, 0x03, 0xdc, 0xff, 0x03, 0x03, 0xdc, 0xff, 0x03, 0x03,
0xdc, 0xff, 0x03, 0x03, 0xdc, 0xff, 0x03, 0x03, 0xdb, 0xff, 0x03, 0x03, 0xdb, 0xff, 0x03,
0x03, 0xdb, 0xff, 0x03, 0x03, 0xdb, 0xff, 0x03, 0x03, 0xdb, 0xff, 0x03, 0x03, 0xdb, 0xff,
0x03, 0x03, 0xdb, 0xff, 0x03, 0x03, 0xda, 0xff, 0x03, 0x03, 0xda, 0xff, 0x03, 0x03, 0xda,
0xff, 0x03, 0x03, 0xda, 0xff, 0x03, 0x03, 0xd9, 0xff, 0x03, 0x03, 0xd9, 0xff, 0x03, 0x03,
0xd9, 0xff, 0x03, 0x03, 0xd9, 0xff, 0x03, 0x03, 0xd9, 0xff, 0x03, 0x03, 0xd8, 0xff, 0x03,
0x03, 0xd8, 0xff, 0x02, 0x02, 0xd6, 0x3f, 0xff, 0xff, 0xff, 0x00, 0xff, 0xff, 0xff, 0x00,
0xff, 0xff, 0xff, 0x00, 0xff, 0xff, 0xff, 0x00, 0xff, 0xff, 0xff, 0x00, 0xff, 0xff, 0xff,
0x00, 0xff, 0xff, 0xff, 0x00, 0xff, 0xff, 0xff, 0x00, 0xff, 0xff, 0xff, 0x00, 0xff, 0xff,
0xff, 0x00, 0xff, 0xff, 0xff, 0x00, 0xff, 0xff, 0xff, 0x00, 0xff, 0xff, 0xff, 0x00, 0xff,
0xff, 0xff, 0x00, 0xff, 0xff, 0xff, 0x00, 0x02, 0x02, 0xe6, 0x91, 0x03, 0x03, 0xed, 0xff,
0x03, 0x03, 0xec, 0xff, 0x03, 0x03, 0xec, 0xff, 0x03, 0x03, 0xec, 0xff, 0x03, 0x03, 0xec,
0xff, 0x03, 0x03, 0xeb, 0xff, 0x03, 0x03, 0xeb, 0xff, 0x03, 0x03, 0xeb, 0xff, 0x03, 0x03,
0xeb, 0xff, 0x03, 0x03, 0xeb, 0xff, 0x03, 0x03, 0xeb, 0xff, 0x03, 0x03, 0xeb, 0xff, 0x03,
0x03, 0xea, 0xff, 0x03, 0x03, 0xea, 0xff, 0x03, 0x03, 0xea, 0xff, 0x03, 0x03, 0xea, 0xff,
0x03, 0x03, 0xe9, 0xff, 0x03, 0x03, 0xe9, 0xff, 0x03, 0x03, 0xe9, 0xff, 0x03, 0x03, 0xe9,
0xff, 0x03, 0x03, 0xe9, 0xff, 0x03, 0x03, 0xe8, 0xff, 0x03, 0x03, 0xe8, 0xff, 0x03, 0x03,
0xe8, 0xff, 0x00, 0x00, 0xe7, 0xff, 0x90, 0x90, 0xf5, 0xff, 0xff, 0xff, 0xff, 0xff, 0xfe,
0xfe, 0xff, 0xff, 0xfe, 0xfe, 0xff, 0xff, 0xfe, 0xfe, 0xff, 0xff, 0xfe, 0xfe, 0xff, 0xff,
0xfe, 0xfe, 0xff, 0xff, 0xfe, 0xfe, 0xff, 0xff, 0xfe, 0xfe, 0xff, 0xff, 0xfe, 0xfe, 0xff,
0xff, 0xff, 0xff, 0xff, 0xff, 0xde, 0xde, 0xfc, 0xff, 0x00, 0x00, 0xe5, 0xff, 0x87, 0x87,
0xf3, 0xff, 0xff, 0xff, 0xff, 0xff, 0xfe, 0xfe, 0xff, 0xff, 0xfe, 0xfe, 0xff, 0xff, 0xfe,
0xfe, 0xff, 0xff, 0xfe, 0xfe, 0xff, 0xff, 0xff, 0xff, 0xff, 0xff, 0xff, 0xff, 0xff, 0xff,
0x38, 0x38, 0xea, 0xff, 0x00, 0x00, 0xe2, 0xff, 0x03, 0x03, 0xe4, 0xff, 0x00, 0x00, 0xe2,
0xff, 0x33, 0x33, 0xe9, 0xff, 0xfc, 0xfc, 0xff, 0xff, 0xff, 0xff, 0xff, 0xff, 0xfe, 0xfe,
0xff, 0xff, 0xfe, 0xfe, 0xff, 0xff, 0xfe, 0xfe, 0xff, 0xff, 0xfe, 0xfe, 0xff, 0xff, 0xfe,
0xfe, 0xff, 0xff, 0xfe, 0xfe, 0xff, 0xff, 0xff, 0xff, 0xff, 0xff, 0x78, 0x78, 0xef, 0xff,
0x00, 0x00, 0xdf, 0xff, 0x03, 0x03, 0xe1, 0xff, 0x00, 0x00, 0xe0, 0xff, 0x1a, 0x1a, 0xe3,
0xff, 0xf1, 0xf1, 0xfd, 0xff, 0xff, 0xff, 0xff, 0xff, 0xfe, 0xfe, 0xff, 0xff, 0xfe, 0xfe,
0xff, 0xff, 0xfe, 0xfe, 0xff, 0xff, 0xfe, 0xfe, 0xff, 0xff, 0xfe, 0xfe, 0xff, 0xff, 0xff,
0xff, 0xff, 0xff, 0xb6, 0xb6, 0xf6, 0xff, 0x00, 0x00, 0xdc, 0xff, 0x1f, 0x1f, 0xe2, 0xff,
0xf2, 0xf2, 0xfe, 0xff, 0xff, 0xff, 0xff, 0xff, 0xfe, 0xfe, 0xff, 0xff, 0xfe, 0xfe, 0xff,
0xff, 0xfe, 0xfe, 0xff, 0xff, 0xfe, 0xfe, 0xff, 0xff, 0xfe, 0xfe, 0xff, 0xff, 0xfe, 0xfe,
0xff, 0xff, 0xff, 0xff, 0xff, 0xff, 0x98, 0x98, 0xf1, 0xff, 0x00, 0x00, 0xda, 0xff, 0x03,
0x03, 0xdc, 0xff, 0x03, 0x03, 0xdc, 0xff, 0x03, 0x03, 0xdc, 0xff, 0x03, 0x03, 0xdb, 0xff,
0x03, 0x03, 0xdb, 0xff, 0x03, 0x03, 0xdb, 0xff, 0x03, 0x03, 0xdb, 0xff, 0x03, 0x03, 0xdb,
0xff, 0x03, 0x03, 0xdb, 0xff, 0x03, 0x03, 0xdb, 0xff, 0x03, 0x03, 0xda, 0xff, 0x03, 0x03,
0xda, 0xff, 0x03, 0x03, 0xda, 0xff, 0x03, 0x03, 0xda, 0xff, 0x03, 0x03, 0xd9, 0xff, 0x03,
0x03, 0xd9, 0xff, 0x03, 0x03, 0xd9, 0xff, 0x03, 0x03, 0xd9, 0xff, 0x03, 0x03, 0xd9, 0xff,
0x03, 0x03, 0xd8, 0xff, 0x03, 0x03, 0xd8, 0xff, 0x03, 0x03, 0xd8, 0xff, 0x03, 0x03, 0xd8,
0xff, 0x03, 0x03, 0xdb, 0xff, 0x02, 0x02, 0xc4, 0x6e, 0xff, 0xff, 0xff, 0x00, 0xff, 0xff,
0xff, 0x00, 0xff, 0xff, 0xff, 0x00, 0xff, 0xff, 0xff, 0x00, 0xff, 0xff, 0xff, 0x00, 0xff,
0xff, 0xff, 0x00, 0xff, 0xff, 0xff, 0x00, 0xff, 0xff, 0xff, 0x00, 0xff, 0xff, 0xff, 0x00,
0xff, 0xff, 0xff, 0x00, 0xff, 0xff, 0xff, 0x00, 0xff, 0xff, 0xff, 0x00, 0xff, 0xff, 0xff,
0x00, 0xff, 0xff, 0xff, 0x00, 0xff, 0xff, 0xff, 0x00, 0x03, 0x03, 0xed, 0xb1, 0x03, 0x03,
0xec, 0xff, 0x03, 0x03, 0xec, 0xff, 0x03, 0x03, 0xec, 0xff, 0x03, 0x03, 0xeb, 0xff, 0x03,
0x03, 0xeb, 0xff, 0x03, 0x03, 0xeb, 0xff, 0x03, 0x03, 0xeb, 0xff, 0x03, 0x03, 0xeb, 0xff,
0x03, 0x03, 0xeb, 0xff, 0x03, 0x03, 0xea, 0xff, 0x03, 0x03, 0xea, 0xff, 0x03, 0x03, 0xea,
0xff, 0x03, 0x03, 0xea, 0xff, 0x03, 0x03, 0xe9, 0xff, 0x03, 0x03, 0xea, 0xff, 0x03, 0x03,
0xe9, 0xff, 0x03, 0x03, 0xe9, 0xff, 0x03, 0x03, 0xe9, 0xff, 0x03, 0x03, 0xe8, 0xff, 0x03,
0x03, 0xe9, 0xff, 0x03, 0x03, 0xe8, 0xff, 0x03, 0x03, 0xe8, 0xff, 0x03, 0x03, 0xe8, 0xff,
0x03, 0x03, 0xe7, 0xff, 0x00, 0x00, 0xe6, 0xff, 0x3a, 0x3a, 0xec, 0xff, 0xfb, 0xfb, 0xff,
0xff, 0xff, 0xff, 0xff, 0xff, 0xfe, 0xfe, 0xff, 0xff, 0xfe, 0xfe, 0xff, 0xff, 0xfe, 0xfe,
0xff, 0xff, 0xfe, 0xfe, 0xff, 0xff, 0xfe, 0xfe, 0xff, 0xff, 0xfe, 0xfe, 0xff, 0xff, 0xfe,
0xfe, 0xff, 0xff, 0xff, 0xff, 0xff, 0xff, 0xde, 0xde, 0xfc, 0xff, 0x00, 0x00, 0xe5, 0xff,
0x88, 0x88, 0xf3, 0xff, 0xff, 0xff, 0xff, 0xff, 0xfe, 0xfe, 0xff, 0xff, 0xfe, 0xfe, 0xff,
0xff, 0xfe, 0xfe, 0xff, 0xff, 0xfe, 0xfe, 0xff, 0xff, 0xfe, 0xfe, 0xff, 0xff, 0xff, 0xff,
0xff, 0xff, 0xc2, 0xc2, 0xf9, 0xff, 0x09, 0x09, 0xe3, 0xff, 0x01, 0x01, 0xe3, 0xff, 0x02,
0x02, 0xe3, 0xff, 0x00, 0x00, 0xe1, 0xff, 0xa3, 0xa3, 0xf4, 0xff, 0xff, 0xff, 0xff, 0xff,
0xfe, 0xfe, 0xff, 0xff, 0xfe, 0xfe, 0xff, 0xff, 0xfe, 0xfe, 0xff, 0xff, 0xfe, 0xfe, 0xff,
0xff, 0xfe, 0xfe, 0xff, 0xff, 0xff, 0xff, 0xff, 0xff, 0xea, 0xea, 0xfd, 0xff, 0x1e, 0x1e,
0xe4, 0xff, 0x00, 0x00, 0xdf, 0xff, 0x02, 0x02, 0xe0, 0xff, 0x00, 0x00, 0xde, 0xff, 0x91,
0x91, 0xf2, 0xff, 0xff, 0xff, 0xff, 0xff, 0xfe, 0xfe, 0xff, 0xff, 0xfe, 0xfe, 0xff, 0xff,
0xfe, 0xfe, 0xff, 0xff, 0xfe, 0xfe, 0xff, 0xff, 0xfe, 0xfe, 0xff, 0xff, 0xfe, 0xfe, 0xff,
0xff, 0xff, 0xff, 0xff, 0xff, 0xb8, 0xb8, 0xf6, 0xff, 0x00, 0x00, 0xdc, 0xff, 0x1e, 0x1e,
0xe2, 0xff, 0xf2, 0xf2, 0xfe, 0xff, 0xff, 0xff, 0xff, 0xff, 0xfe, 0xfe, 0xff, 0xff, 0xfe,
0xfe, 0xff, 0xff, 0xfe, 0xfe, 0xff, 0xff, 0xfe, 0xfe, 0xff, 0xff, 0xfe, 0xfe, 0xff, 0xff,
0xff, 0xff, 0xff, 0xff, 0xff, 0xff, 0xff, 0xff, 0x5e, 0x5e, 0xe9, 0xff, 0x00, 0x00, 0xda,
0xff, 0x03, 0x03, 0xdc, 0xff, 0x03, 0x03, 0xdb, 0xff, 0x03, 0x03, 0xdb, 0xff, 0x03, 0x03,
0xdb, 0xff, 0x03, 0x03, 0xdb, 0xff, 0x03, 0x03, 0xdb, 0xff, 0x03, 0x03, 0xdb, 0xff, 0x03,
0x03, 0xdb, 0xff, 0x03, 0x03, 0xda, 0xff, 0x03, 0x03, 0xda, 0xff, 0x03, 0x03, 0xda, 0xff,
0x03, 0x03, 0xda, 0xff, 0x03, 0x03, 0xda, 0xff, 0x03, 0x03, 0xd9, 0xff, 0x03, 0x03, 0xd9,
0xff, 0x03, 0x03, 0xd9, 0xff, 0x03, 0x03, 0xd9, 0xff, 0x03, 0x03, 0xd9, 0xff, 0x03, 0x03,
0xd8, 0xff, 0x03, 0x03, 0xd8, 0xff, 0x03, 0x03, 0xd8, 0xff, 0x03, 0x03, 0xd8, 0xff, 0x03,
0x03, 0xd8, 0xff, 0x03, 0x03, 0xd8, 0xff, 0x02, 0x02, 0xd0, 0x98, 0xff, 0xff, 0xff, 0x00,
0xff, 0xff, 0xff, 0x00, 0xff, 0xff, 0xff, 0x00, 0xff, 0xff, 0xff, 0x00, 0xff, 0xff, 0xff,
0x00, 0xff, 0xff, 0xff, 0x00, 0xff, 0xff, 0xff, 0x00, 0xff, 0xff, 0xff, 0x00, 0xff, 0xff,
0xff, 0x00, 0xff, 0xff, 0xff, 0x00, 0xff, 0xff, 0xff, 0x00, 0xff, 0xff, 0xff, 0x00, 0xff,
0xff, 0xff, 0x00, 0xff, 0xff, 0xff, 0x00, 0xff, 0xff, 0xff, 0x00, 0x02, 0x02, 0xeb, 0xc7,
0x03, 0x03, 0xeb, 0xff, 0x03, 0x03, 0xeb, 0xff, 0x03, 0x03, 0xeb, 0xff, 0x03, 0x03, 0xeb,
0xff, 0x03, 0x03, 0xeb, 0xff, 0x03, 0x03, 0xeb, 0xff, 0x03, 0x03, 0xeb, 0xff, 0x03, 0x03,
0xea, 0xff, 0x03, 0x03, 0xea, 0xff, 0x03, 0x03, 0xea, 0xff, 0x03, 0x03, 0xea, 0xff, 0x03,
0x03, 0xea, 0xff, 0x03, 0x03, 0xe9, 0xff, 0x03, 0x03, 0xe9, 0xff, 0x03, 0x03, 0xe9, 0xff,
0x03, 0x03, 0xe9, 0xff, 0x03, 0x03, 0xe9, 0xff, 0x03, 0x03, 0xe8, 0xff, 0x03, 0x03, 0xe8,
0xff, 0x03, 0x03, 0xe8, 0xff, 0x03, 0x03, 0xe8, 0xff, 0x03, 0x03, 0xe8, 0xff, 0x03, 0x03,
0xe7, 0xff, 0x03, 0x03, 0xe7, 0xff, 0x02, 0x02, 0xe7, 0xff, 0x01, 0x01, 0xe6, 0xff, 0xc6,
0xc6, 0xfa, 0xff, 0xff, 0xff, 0xff, 0xff, 0xfe, 0xfe, 0xff, 0xff, 0xfe, 0xfe, 0xff, 0xff,
0xfe, 0xfe, 0xff, 0xff, 0xfe, 0xfe, 0xff, 0xff, 0xfe, 0xfe, 0xff, 0xff, 0xfe, 0xfe, 0xff,
0xff, 0xfe, 0xfe, 0xff, 0xff, 0xff, 0xff, 0xff, 0xff, 0xdc, 0xdc, 0xfc, 0xff, 0x00, 0x00,
0xe4, 0xff, 0x89, 0x89, 0xf3, 0xff, 0xff, 0xff, 0xff, 0xff, 0xfe, 0xfe, 0xff, 0xff, 0xfe,
0xfe, 0xff, 0xff, 0xfe, 0xfe, 0xff, 0xff, 0xfe, 0xfe, 0xff, 0xff, 0xfe, 0xfe, 0xff, 0xff,
0xff, 0xff, 0xff, 0xff, 0xff, 0xff, 0xff, 0xff, 0x62, 0x62, 0xed, 0xff, 0x00, 0x00, 0xe0,
0xff, 0x03, 0x03, 0xe2, 0xff, 0x00, 0x00, 0xe1, 0xff, 0x3a, 0x3a, 0xe9, 0xff, 0xff, 0xff,
0xff, 0xff, 0xff, 0xff, 0xff, 0xff, 0xfe, 0xfe, 0xff, 0xff, 0xfe, 0xfe, 0xff, 0xff, 0xfe,
0xfe, 0xff, 0xff, 0xfe, 0xfe, 0xff, 0xff, 0xff, 0xff, 0xff, 0xff, 0x80, 0x80, 0xef, 0xff,
0x00, 0x00, 0xde, 0xff, 0x03, 0x03, 0xe0, 0xff, 0x00, 0x00, 0xde, 0xff, 0x3c, 0x3c, 0xe7,
0xff, 0xfd, 0xfd, 0xff, 0xff, 0xff, 0xff, 0xff, 0xff, 0xfe, 0xfe, 0xff, 0xff, 0xfe, 0xfe,
0xff, 0xff, 0xfe, 0xfe, 0xff, 0xff, 0xfe, 0xfe, 0xff, 0xff, 0xfe, 0xfe, 0xff, 0xff, 0xfe,
0xfe, 0xff, 0xff, 0xff, 0xff, 0xff, 0xff, 0xba, 0xba, 0xf6, 0xff, 0x00, 0x00, 0xdc, 0xff,
0x1e, 0x1e, 0xe1, 0xff, 0xf2, 0xf2, 0xfd, 0xff, 0xff, 0xff, 0xff, 0xff, 0xfe, 0xfe, 0xff,
0xff, 0xfe, 0xfe, 0xff, 0xff, 0xfe, 0xfe, 0xff, 0xff, 0xfe, 0xfe, 0xff, 0xff, 0xfe, 0xfe,
0xff, 0xff, 0xff, 0xff, 0xff, 0xff, 0xec, 0xec, 0xfc, 0xff, 0x18, 0x18, 0xde, 0xff, 0x00,
0x00, 0xda, 0xff, 0x03, 0x03, 0xdb, 0xff, 0x03, 0x03, 0xdb, 0xff, 0x03, 0x03, 0xdb, 0xff,
0x03, 0x03, 0xdb, 0xff, 0x03, 0x03, 0xdb, 0xff, 0x03, 0x03, 0xda, 0xff, 0x03, 0x03, 0xda,
0xff, 0x03, 0x03, 0xda, 0xff, 0x03, 0x03, 0xda, 0xff, 0x03, 0x03, 0xda, 0xff, 0x03, 0x03,
0xd9, 0xff, 0x03, 0x03, 0xd9, 0xff, 0x03, 0x03, 0xd9, 0xff, 0x03, 0x03, 0xd9, 0xff, 0x03,
0x03, 0xd9, 0xff, 0x03, 0x03, 0xd8, 0xff, 0x03, 0x03, 0xd8, 0xff, 0x03, 0x03, 0xd8, 0xff,
0x03, 0x03, 0xd8, 0xff, 0x03, 0x03, 0xd8, 0xff, 0x03, 0x03, 0xd7, 0xff, 0x03, 0x03, 0xd7,
0xff, 0x03, 0x03, 0xd7, 0xff, 0x03, 0x03, 0xd7, 0xff, 0x02, 0x02, 0xd7, 0xbd, 0xff, 0xff,
0xff, 0x00, 0xff, 0xff, 0xff, 0x00, 0xff, 0xff, 0xff, 0x00, 0xff, 0xff, 0xff, 0x00, 0xff,
0xff, 0xff, 0x00, 0xff, 0xff, 0xff, 0x00, 0xff, 0xff, 0xff, 0x00, 0xff, 0xff, 0xff, 0x00,
0xff, 0xff, 0xff, 0x00, 0xff, 0xff, 0xff, 0x00, 0xff, 0xff, 0xff, 0x00, 0xff, 0xff, 0xff,
0x00, 0xff, 0xff, 0xff, 0x00, 0xff, 0xff, 0xff, 0x00, 0xff, 0xff, 0xff, 0x00, 0x02, 0x02,
0xeb, 0xd4, 0x03, 0x03, 0xeb, 0xff, 0x03, 0x03, 0xeb, 0xff, 0x03, 0x03, 0xeb, 0xff, 0x03,
0x03, 0xeb, 0xff, 0x03, 0x03, 0xea, 0xff, 0x03, 0x03, 0xea, 0xff, 0x03, 0x03, 0xea, 0xff,
0x03, 0x03, 0xea, 0xff, 0x03, 0x03, 0xea, 0xff, 0x03, 0x03, 0xe9, 0xff, 0x03, 0x03, 0xe9,
0xff, 0x03, 0x03, 0xe9, 0xff, 0x03, 0x03, 0xe9, 0xff, 0x03, 0x03, 0xe9, 0xff, 0x03, 0x03,
0xe8, 0xff, 0x03, 0x03, 0xe8, 0xff, 0x03, 0x03, 0xe8, 0xff, 0x03, 0x03, 0xe8, 0xff, 0x03,
0x03, 0xe8, 0xff, 0x03, 0x03, 0xe7, 0xff, 0x03, 0x03, 0xe7, 0xff, 0x03, 0x03, 0xe7, 0xff,
0x03, 0x03, 0xe7, 0xff, 0x03, 0x03, 0xe7, 0xff, 0x03, 0x03, 0xe6, 0xff, 0x00, 0x00, 0xe4,
0xff, 0x8e, 0x8e, 0xf4, 0xff, 0xff, 0xff, 0xff, 0xff, 0xfe, 0xfe, 0xff, 0xff, 0xfe, 0xfe,
0xff, 0xff, 0xfe, 0xfe, 0xff, 0xff, 0xfe, 0xfe, 0xff, 0xff, 0xfe, 0xfe, 0xff, 0xff, 0xfe,
0xfe, 0xff, 0xff, 0xfe, 0xfe, 0xff, 0xff, 0xff, 0xff, 0xff, 0xff, 0xdb, 0xdb, 0xfb, 0xff,
0x00, 0x00, 0xe3, 0xff, 0x89, 0x89, 0xf3, 0xff, 0xff, 0xff, 0xff, 0xff, 0xfe, 0xfe, 0xff,
0xff, 0xfe, 0xfe, 0xff, 0xff, 0xfe, 0xfe, 0xff, 0xff, 0xfe, 0xfe, 0xff, 0xff, 0xfe, 0xfe,
0xff, 0xff, 0xfe, 0xfe, 0xff, 0xff, 0xff, 0xff, 0xff, 0xff, 0xdf, 0xdf, 0xfb, 0xff, 0x18,
0x18, 0xe4, 0xff, 0x01, 0x01, 0xe1, 0xff, 0x02, 0x02, 0xe1, 0xff, 0x00, 0x00, 0xe0, 0xff,
0xa4, 0xa4, 0xf4, 0xff, 0xff, 0xff, 0xff, 0xff, 0xfe, 0xfe, 0xff, 0xff, 0xfe, 0xfe, 0xff,
0xff, 0xfe, 0xfe, 0xff, 0xff, 0xff, 0xff, 0xff, 0xff, 0xee, 0xee, 0xfd, 0xff, 0x1f, 0x1f,
0xe4, 0xff, 0x00, 0x00, 0xdf, 0xff, 0x02, 0x02, 0xdf, 0xff, 0x05, 0x05, 0xdf, 0xff, 0xbb,
0xbb, 0xf7, 0xff, 0xff, 0xff, 0xff, 0xff, 0xfe, 0xfe, 0xff, 0xff, 0xfe, 0xfe, 0xff, 0xff,
0xfe, 0xfe, 0xff, 0xff, 0xfe, 0xfe, 0xff, 0xff, 0xfe, 0xfe, 0xff, 0xff, 0xfe, 0xfe, 0xff,
0xff, 0xfe, 0xfe, 0xff, 0xff, 0xff, 0xff, 0xff, 0xff, 0xbb, 0xbb, 0xf6, 0xff, 0x00, 0x00,
0xdb, 0xff, 0x1e, 0x1e, 0xe1, 0xff, 0xf2, 0xf2, 0xfd, 0xff, 0xff, 0xff, 0xff, 0xff, 0xfe,
0xfe, 0xff, 0xff, 0xfe, 0xfe, 0xff, 0xff, 0xfe, 0xfe, 0xff, 0xff, 0xfe, 0xfe, 0xff, 0xff,
0xfe, 0xfe, 0xff, 0xff, 0xff, 0xff, 0xff, 0xff, 0xb5, 0xb5, 0xf5, 0xff, 0x00, 0x00, 0xd9,
0xff, 0x02, 0x02, 0xdb, 0xff, 0x03, 0x03, 0xdb, 0xff, 0x03, 0x03, 0xdb, 0xff, 0x03, 0x03,
0xda, 0xff, 0x03, 0x03, 0xda, 0xff, 0x03, 0x03, 0xda, 0xff, 0x03, 0x03, 0xda, 0xff, 0x03,
0x03, 0xd9, 0xff, 0x03, 0x03, 0xd9, 0xff, 0x03, 0x03, 0xd9, 0xff, 0x03, 0x03, 0xd9, 0xff,
0x03, 0x03, 0xd9, 0xff, 0x03, 0x03, 0xd8, 0xff, 0x03, 0x03, 0xd8, 0xff, 0x03, 0x03, 0xd8,
0xff, 0x03, 0x03, 0xd8, 0xff, 0x03, 0x03, 0xd8, 0xff, 0x03, 0x03, 0xd7, 0xff, 0x03, 0x03,
0xd7, 0xff, 0x03, 0x03, 0xd7, 0xff, 0x03, 0x03, 0xd7, 0xff, 0x03, 0x03, 0xd7, 0xff, 0x03,
0x03, 0xd6, 0xff, 0x03, 0x03, 0xd6, 0xff, 0x03, 0x03, 0xd6, 0xff, 0x03, 0x03, 0xd6, 0xd7,
0xff, 0xff, 0xff, 0x00, 0xff, 0xff, 0xff, 0x00, 0xff, 0xff, 0xff, 0x00, 0xff, 0xff, 0xff,
0x00, 0xff, 0xff, 0xff, 0x00, 0xff, 0xff, 0xff, 0x00, 0xff, 0xff, 0xff, 0x00, 0xff, 0xff,
0xff, 0x00, 0xff, 0xff, 0xff, 0x00, 0xff, 0xff, 0xff, 0x00, 0xff, 0xff, 0xff, 0x00, 0xff,
0xff, 0xff, 0x00, 0xff, 0xff, 0xff, 0x00, 0xff, 0xff, 0xff, 0x00, 0xff, 0xff, 0xff, 0x00,
0x03, 0x03, 0xeb, 0xdb, 0x03, 0x03, 0xeb, 0xff, 0x03, 0x03, 0xea, 0xff, 0x03, 0x03, 0xea,
0xff, 0x03, 0x03, 0xea, 0xff, 0x03, 0x03, 0xea, 0xff, 0x03, 0x03, 0xea, 0xff, 0x03, 0x03,
0xe9, 0xff, 0x03, 0x03, 0xe9, 0xff, 0x03, 0x03, 0xe9, 0xff, 0x03, 0x03, 0xe9, 0xff, 0x03,
0x03, 0xe9, 0xff, 0x03, 0x03, 0xe8, 0xff, 0x03, 0x03, 0xe8, 0xff, 0x03, 0x03, 0xe8, 0xff,
0x03, 0x03, 0xe8, 0xff, 0x03, 0x03, 0xe8, 0xff, 0x03, 0x03, 0xe7, 0xff, 0x03, 0x03, 0xe7,
0xff, 0x03, 0x03, 0xe7, 0xff, 0x03, 0x03, 0xe7, 0xff, 0x03, 0x03, 0xe7, 0xff, 0x03, 0x03,
0xe6, 0xff, 0x03, 0x03, 0xe6, 0xff, 0x03, 0x03, 0xe6, 0xff, 0x03, 0x03, 0xe6, 0xff, 0x00,
0x00, 0xe5, 0xff, 0x48, 0x48, 0xed, 0xff, 0xff, 0xff, 0xff, 0xff, 0xff, 0xff, 0xff, 0xff,
0xfe, 0xfe, 0xff, 0xff, 0xfe, 0xfe, 0xff, 0xff, 0xfe, 0xfe, 0xff, 0xff, 0xfe, 0xfe, 0xff,
0xff, 0xfe, 0xfe, 0xff, 0xff, 0xfe, 0xfe, 0xff, 0xff, 0xff, 0xff, 0xff, 0xff, 0xda, 0xda,
0xfb, 0xff, 0x00, 0x00, 0xe3, 0xff, 0x89, 0x89, 0xf2, 0xff, 0xff, 0xff, 0xff, 0xff, 0xfe,
0xfe, 0xff, 0xff, 0xfe, 0xfe, 0xff, 0xff, 0xfe, 0xfe, 0xff, 0xff, 0xfe, 0xfe, 0xff, 0xff,
0xfe, 0xfe, 0xff, 0xff, 0xfe, 0xfe, 0xff, 0xff, 0xfe, 0xfe, 0xff, 0xff, 0xff, 0xff, 0xff,
0xff, 0x7c, 0x7c, 0xf0, 0xff, 0x00, 0x00, 0xdf, 0xff, 0x03, 0x03, 0xe1, 0xff, 0x00, 0x00,
0xdf, 0xff, 0x31, 0x31, 0xe6, 0xff, 0xff, 0xff, 0xff, 0xff, 0xff, 0xff, 0xff, 0xff, 0xfe,
0xfe, 0xff, 0xff, 0xfe, 0xfe, 0xff, 0xff, 0xff, 0xff, 0xff, 0xff, 0x7c, 0x7c, 0xef, 0xff,
0x00, 0x00, 0xde, 0xff, 0x03, 0x03, 0xdf, 0xff, 0x00, 0x00, 0xdd, 0xff, 0x53, 0x53, 0xe9,
0xff, 0xff, 0xff, 0xff, 0xff, 0xff, 0xff, 0xff, 0xff, 0xfe, 0xfe, 0xff, 0xff, 0xfe, 0xfe,
0xff, 0xff, 0xfe, 0xfe, 0xff, 0xff, 0xfe, 0xfe, 0xff, 0xff, 0xfe, 0xfe, 0xff, 0xff, 0xfe,
0xfe, 0xff, 0xff, 0xfe, 0xfe, 0xff, 0xff, 0xff, 0xff, 0xff, 0xff, 0xbc, 0xbc, 0xf6, 0xff,
0x00, 0x00, 0xdb, 0xff, 0x1e, 0x1e, 0xe0, 0xff, 0xf2, 0xf2, 0xfd, 0xff, 0xff, 0xff, 0xff,
0xff, 0xfe, 0xfe, 0xff, 0xff, 0xfe, 0xfe, 0xff, 0xff, 0xfe, 0xfe, 0xff, 0xff, 0xfe, 0xfe,
0xff, 0xff, 0xfe, 0xfe, 0xff, 0xff, 0xff, 0xff, 0xff, 0xff, 0x8a, 0x8a, 0xef, 0xff, 0x00,
0x00, 0xd9, 0xff, 0x03, 0x03, 0xda, 0xff, 0x03, 0x03, 0xda, 0xff, 0x03, 0x03, 0xda, 0xff,
0x03, 0x03, 0xda, 0xff, 0x03, 0x03, 0xda, 0xff, 0x03, 0x03, 0xd9, 0xff, 0x03, 0x03, 0xd9,
0xff, 0x03, 0x03, 0xd9, 0xff, 0x03, 0x03, 0xd9, 0xff, 0x03, 0x03, 0xd9, 0xff, 0x03, 0x03,
0xd9, 0xff, 0x03, 0x03, 0xd8, 0xff, 0x03, 0x03, 0xd8, 0xff, 0x03, 0x03, 0xd8, 0xff, 0x03,
0x03, 0xd8, 0xff, 0x03, 0x03, 0xd8, 0xff, 0x03, 0x03, 0xd7, 0xff, 0x03, 0x03, 0xd7, 0xff,
0x03, 0x03, 0xd7, 0xff, 0x03, 0x03, 0xd7, 0xff, 0x03, 0x03, 0xd7, 0xff, 0x03, 0x03, 0xd6,
0xff, 0x03, 0x03, 0xd6, 0xff, 0x03, 0x03, 0xd6, 0xff, 0x03, 0x03, 0xd6, 0xff, 0x03, 0x03,
0xd6, 0xe9, 0xff, 0xff, 0xff, 0x00, 0xff, 0xff, 0xff, 0x00, 0xff, 0xff, 0xff, 0x00, 0xff,
0xff, 0xff, 0x00, 0xff, 0xff, 0xff, 0x00, 0xff, 0xff, 0xff, 0x00, 0xff, 0xff, 0xff, 0x00,
0xff, 0xff, 0xff, 0x00, 0xff, 0xff, 0xff, 0x00, 0xff, 0xff, 0xff, 0x00, 0xff, 0xff, 0xff,
0x00, 0xff, 0xff, 0xff, 0x00, 0xff, 0xff, 0xff, 0x00, 0xff, 0xff, 0xff, 0x00, 0xff, 0xff,
0xff, 0x00, 0x03, 0x03, 0xea, 0xdc, 0x03, 0x03, 0xea, 0xff, 0x03, 0x03, 0xea, 0xff, 0x03,
0x03, 0xea, 0xff, 0x03, 0x03, 0xea, 0xff, 0x03, 0x03, 0xe9, 0xff, 0x03, 0x03, 0xe9, 0xff,
0x03, 0x03, 0xe9, 0xff, 0x03, 0x03, 0xe9, 0xff, 0x03, 0x03, 0xe9, 0xff, 0x03, 0x03, 0xe8,
0xff, 0x03, 0x03, 0xe8, 0xff, 0x03, 0x03, 0xe8, 0xff, 0x03, 0x03, 0xe8, 0xff, 0x03, 0x03,
0xe8, 0xff, 0x03, 0x03, 0xe7, 0xff, 0x03, 0x03, 0xe7, 0xff, 0x03, 0x03, 0xe7, 0xff, 0x03,
0x03, 0xe7, 0xff, 0x03, 0x03, 0xe7, 0xff, 0x03, 0x03, 0xe6, 0xff, 0x03, 0x03, 0xe6, 0xff,
0x03, 0x03, 0xe6, 0xff, 0x03, 0x03, 0xe6, 0xff, 0x03, 0x03, 0xe6, 0xff, 0x03, 0x03, 0xe6,
0xff, 0x01, 0x01, 0xe5, 0xff, 0x09, 0x09, 0xe6, 0xff, 0xd9, 0xd9, 0xfb, 0xff, 0xff, 0xff,
0xff, 0xff, 0xfe, 0xfe, 0xff, 0xff, 0xfe, 0xfe, 0xff, 0xff, 0xfe, 0xfe, 0xff, 0xff, 0xfe,
0xfe, 0xff, 0xff, 0xfe, 0xfe, 0xff, 0xff, 0xfe, 0xfe, 0xff, 0xff, 0xff, 0xff, 0xff, 0xff,
0xd8, 0xd8, 0xfb, 0xff, 0x00, 0x00, 0xe2, 0xff, 0x8a, 0x8a, 0xf2, 0xff, 0xff, 0xff, 0xff,
0xff, 0xfe, 0xfe, 0xff, 0xff, 0xfe, 0xfe, 0xff, 0xff, 0xfe, 0xfe, 0xff, 0xff, 0xfe, 0xfe,
0xff, 0xff, 0xfe, 0xfe, 0xff, 0xff, 0xfe, 0xfe, 0xff, 0xff, 0xfe, 0xfe, 0xff, 0xff, 0xff,
0xff, 0xff, 0xff, 0xee, 0xee, 0xfd, 0xff, 0x25, 0x25, 0xe5, 0xff, 0x00, 0x00, 0xdf, 0xff,
0x02, 0x02, 0xe0, 0xff, 0x02, 0x02, 0xdf, 0xff, 0xb4, 0xb4, 0xf6, 0xff, 0xff, 0xff, 0xff,
0xff, 0xfe, 0xfe, 0xff, 0xff, 0xff, 0xff, 0xff, 0xff, 0xf0, 0xf0, 0xfd, 0xff, 0x18, 0x18,
0xe2, 0xff, 0x00, 0x00, 0xde, 0xff, 0x01, 0x01, 0xde, 0xff, 0x10, 0x10, 0xe0, 0xff, 0xd1,
0xd1, 0xf9, 0xff, 0xff, 0xff, 0xff, 0xff, 0xfe, 0xfe, 0xff, 0xff, 0xfe, 0xfe, 0xff, 0xff,
0xfe, 0xfe, 0xff, 0xff, 0xfe, 0xfe, 0xff, 0xff, 0xfe, 0xfe, 0xff, 0xff, 0xfe, 0xfe, 0xff,
0xff, 0xfe, 0xfe, 0xff, 0xff, 0xfe, 0xfe, 0xff, 0xff, 0xff, 0xff, 0xff, 0xff, 0xbd, 0xbd,
0xf6, 0xff, 0x00, 0x00, 0xda, 0xff, 0x1e, 0x1e, 0xe0, 0xff, 0xf2, 0xf2, 0xfd, 0xff, 0xff,
0xff, 0xff, 0xff, 0xfe, 0xfe, 0xff, 0xff, 0xfe, 0xfe, 0xff, 0xff, 0xfe, 0xfe, 0xff, 0xff,
0xfe, 0xfe, 0xff, 0xff, 0xff, 0xff, 0xff, 0xff, 0xff, 0xff, 0xff, 0xff, 0x46, 0x46, 0xe4,
0xff, 0x00, 0x00, 0xd8, 0xff, 0x03, 0x03, 0xda, 0xff, 0x03, 0x03, 0xda, 0xff, 0x03, 0x03,
0xda, 0xff, 0x03, 0x03, 0xd9, 0xff, 0x03, 0x03, 0xd9, 0xff, 0x03, 0x03, 0xd9, 0xff, 0x03,
0x03, 0xd9, 0xff, 0x03, 0x03, 0xd9, 0xff, 0x03, 0x03, 0xd8, 0xff, 0x03, 0x03, 0xd8, 0xff,
0x03, 0x03, 0xd8, 0xff, 0x03, 0x03, 0xd8, 0xff, 0x03, 0x03, 0xd8, 0xff, 0x03, 0x03, 0xd7,
0xff, 0x03, 0x03, 0xd7, 0xff, 0x03, 0x03, 0xd7, 0xff, 0x03, 0x03, 0xd7, 0xff, 0x03, 0x03,
0xd7, 0xff, 0x03, 0x03, 0xd6, 0xff, 0x03, 0x03, 0xd6, 0xff, 0x03, 0x03, 0xd6, 0xff, 0x03,
0x03, 0xd6, 0xff, 0x03, 0x03, 0xd6, 0xff, 0x03, 0x03, 0xd5, 0xff, 0x03, 0x03, 0xd5, 0xff,
0x03, 0x03, 0xd5, 0xee, 0xff, 0xff, 0xff, 0x00, 0xff, 0xff, 0xff, 0x00, 0xff, 0xff, 0xff,
0x00, 0xff, 0xff, 0xff, 0x00, 0xff, 0xff, 0xff, 0x00, 0xff, 0xff, 0xff, 0x00, 0xff, 0xff,
0xff, 0x00, 0xff, 0xff, 0xff, 0x00, 0xff, 0xff, 0xff, 0x00, 0xff, 0xff, 0xff, 0x00, 0xff,
0xff, 0xff, 0x00, 0xff, 0xff, 0xff, 0x00, 0xff, 0xff, 0xff, 0x00, 0xff, 0xff, 0xff, 0x00,
0xff, 0xff, 0xff, 0x00, 0x03, 0x03, 0xea, 0xdc, 0x03, 0x03, 0xea, 0xff, 0x03, 0x03, 0xe9,
0xff, 0x03, 0x03, 0xe9, 0xff, 0x03, 0x03, 0xe9, 0xff, 0x03, 0x03, 0xe9, 0xff, 0x03, 0x03,
0xe9, 0xff, 0x03, 0x03, 0xe8, 0xff, 0x03, 0x03, 0xe8, 0xff, 0x03, 0x03, 0xe8, 0xff, 0x03,
0x03, 0xe8, 0xff, 0x03, 0x03, 0xe8, 0xff, 0x03, 0x03, 0xe7, 0xff, 0x03, 0x03, 0xe7, 0xff,
0x03, 0x03, 0xe7, 0xff, 0x03, 0x03, 0xe7, 0xff, 0x03, 0x03, 0xe6, 0xff, 0x03, 0x03, 0xe6,
0xff, 0x03, 0x03, 0xe6, 0xff, 0x03, 0x03, 0xe6, 0xff, 0x03, 0x03, 0xe6, 0xff, 0x03, 0x03,
0xe6, 0xff, 0x03, 0x03, 0xe6, 0xff, 0x03, 0x03, 0xe5, 0xff, 0x03, 0x03, 0xe5, 0xff, 0x03,
0x03, 0xe5, 0xff, 0x03, 0x03, 0xe5, 0xff, 0x00, 0x00, 0xe3, 0xff, 0x90, 0x90, 0xf3, 0xff,
0xff, 0xff, 0xff, 0xff, 0xfe, 0xfe, 0xff, 0xff, 0xfe, 0xfe, 0xff, 0xff, 0xfe, 0xfe, 0xff,
0xff, 0xfe, 0xfe, 0xff, 0xff, 0xfe, 0xfe, 0xff, 0xff, 0xfe, 0xfe, 0xff, 0xff, 0xff, 0xff,
0xff, 0xff, 0xd5, 0xd5, 0xfb, 0xff, 0x00, 0x00, 0xe1, 0xff, 0x8b, 0x8b, 0xf2, 0xff, 0xff,
0xff, 0xff, 0xff, 0xfe, 0xfe, 0xff, 0xff, 0xfe, 0xfe, 0xff, 0xff, 0xfe, 0xfe, 0xff, 0xff,
0xfe, 0xfe, 0xff, 0xff, 0xfe, 0xfe, 0xff, 0xff, 0xfe, 0xfe, 0xff, 0xff, 0xfe, 0xfe, 0xff,
0xff, 0xfe, 0xfe, 0xff, 0xff, 0xff, 0xff, 0xff, 0xff, 0x93, 0x93, 0xf2, 0xff, 0x00, 0x00,
0xde, 0xff, 0x03, 0x03, 0xe0, 0xff, 0x00, 0x00, 0xde, 0xff, 0x3d, 0x3d, 0xe7, 0xff, 0xff,
0xff, 0xff, 0xff, 0xff, 0xff, 0xff, 0xff, 0xff, 0xff, 0xff, 0xff, 0x87, 0x87, 0xf0, 0xff,
0x00, 0x00, 0xdd, 0xff, 0x03, 0x03, 0xde, 0xff, 0x00, 0x00, 0xdb, 0xff, 0x6e, 0x6e, 0xec,
0xff, 0xff, 0xff, 0xff, 0xff, 0xfe, 0xfe, 0xff, 0xff, 0xfe, 0xfe, 0xff, 0xff, 0xfe, 0xfe,
0xff, 0xff, 0xfe, 0xfe, 0xff, 0xff, 0xfe, 0xfe, 0xff, 0xff, 0xfe, 0xfe, 0xff, 0xff, 0xfe,
0xfe, 0xff, 0xff, 0xfe, 0xfe, 0xff, 0xff, 0xfe, 0xfe, 0xff, 0xff, 0xff, 0xff, 0xff, 0xff,
0xbf, 0xbf, 0xf6, 0xff, 0x00, 0x00, 0xd9, 0xff, 0x1d, 0x1d, 0xdf, 0xff, 0xf2, 0xf2, 0xfd,
0xff, 0xff, 0xff, 0xff, 0xff, 0xfe, 0xfe, 0xff, 0xff, 0xfe, 0xfe, 0xff, 0xff, 0xfe, 0xfe,
0xff, 0xff, 0xfe, 0xfe, 0xff, 0xff, 0xff, 0xff, 0xff, 0xff, 0xde, 0xde, 0xfa, 0xff, 0x0b,
0x0b, 0xdb, 0xff, 0x01, 0x01, 0xd9, 0xff, 0x03, 0x03, 0xd9, 0xff, 0x03, 0x03, 0xd9, 0xff,
0x03, 0x03, 0xd9, 0xff, 0x03, 0x03, 0xd9, 0xff, 0x03, 0x03, 0xd8, 0xff, 0x03, 0x03, 0xd8,
0xff, 0x03, 0x03, 0xd8, 0xff, 0x03, 0x03, 0xd8, 0xff, 0x03, 0x03, 0xd8, 0xff, 0x03, 0x03,
0xd8, 0xff, 0x03, 0x03, 0xd7, 0xff, 0x03, 0x03, 0xd7, 0xff, 0x03, 0x03, 0xd7, 0xff, 0x03,
0x03, 0xd7, 0xff, 0x03, 0x03, 0xd7, 0xff, 0x03, 0x03, 0xd6, 0xff, 0x03, 0x03, 0xd6, 0xff,
0x03, 0x03, 0xd6, 0xff, 0x03, 0x03, 0xd6, 0xff, 0x03, 0x03, 0xd6, 0xff, 0x03, 0x03, 0xd5,
0xff, 0x03, 0x03, 0xd5, 0xff, 0x03, 0x03, 0xd5, 0xff, 0x03, 0x03, 0xd5, 0xff, 0x03, 0x03,
0xd5, 0xff, 0x03, 0x03, 0xd5, 0xed, 0xff, 0xff, 0xff, 0x00, 0xff, 0xff, 0xff, 0x00, 0xff,
0xff, 0xff, 0x00, 0xff, 0xff, 0xff, 0x00, 0xff, 0xff, 0xff, 0x00, 0xff, 0xff, 0xff, 0x00,
0xff, 0xff, 0xff, 0x00, 0xff, 0xff, 0xff, 0x00, 0xff, 0xff, 0xff, 0x00, 0xff, 0xff, 0xff,
0x00, 0xff, 0xff, 0xff, 0x00, 0xff, 0xff, 0xff, 0x00, 0xff, 0xff, 0xff, 0x00, 0xff, 0xff,
0xff, 0x00, 0xff, 0xff, 0xff, 0x00, 0x03, 0x03, 0xe9, 0xdc, 0x03, 0x03, 0xe9, 0xff, 0x03,
0x03, 0xe9, 0xff, 0x03, 0x03, 0xe9, 0xff, 0x03, 0x03, 0xe8, 0xff, 0x03, 0x03, 0xe8, 0xff,
0x03, 0x03, 0xe8, 0xff, 0x03, 0x03, 0xe8, 0xff, 0x03, 0x03, 0xe8, 0xff, 0x03, 0x03, 0xe7,
0xff, 0x03, 0x03, 0xe7, 0xff, 0x03, 0x03, 0xe7, 0xff, 0x03, 0x03, 0xe7, 0xff, 0x03, 0x03,
0xe7, 0xff, 0x03, 0x03, 0xe6, 0xff, 0x03, 0x03, 0xe6, 0xff, 0x03, 0x03, 0xe6, 0xff, 0x03,
0x03, 0xe6, 0xff, 0x03, 0x03, 0xe6, 0xff, 0x03, 0x03, 0xe6, 0xff, 0x03, 0x03, 0xe6, 0xff,
0x03, 0x03, 0xe5, 0xff, 0x03, 0x03, 0xe5, 0xff, 0x03, 0x03, 0xe5, 0xff, 0x03, 0x03, 0xe5,
0xff, 0x03, 0x03, 0xe5, 0xff, 0x03, 0x03, 0xe4, 0xff, 0x00, 0x00, 0xe3, 0xff, 0x5d, 0x5d,
0xee, 0xff, 0xff, 0xff, 0xff, 0xff, 0xfe, 0xfe, 0xff, 0xff, 0xfe, 0xfe, 0xff, 0xff, 0xfe,
0xfe, 0xff, 0xff, 0xfe, 0xfe, 0xff, 0xff, 0xfe, 0xfe, 0xff, 0xff, 0xfe, 0xfe, 0xff, 0xff,
0xff, 0xff, 0xff, 0xff, 0xd2, 0xd2, 0xfa, 0xff, 0x00, 0x00, 0xe1, 0xff, 0x8a, 0x8a, 0xf2,
0xff, 0xff, 0xff, 0xff, 0xff, 0xfe, 0xfe, 0xff, 0xff, 0xfe, 0xfe, 0xff, 0xff, 0xfe, 0xfe,
0xff, 0xff, 0xfe, 0xfe, 0xff, 0xff, 0xfe, 0xfe, 0xff, 0xff, 0xfe, 0xfe, 0xff, 0xff, 0xfe,
0xfe, 0xff, 0xff, 0xfe, 0xfe, 0xff, 0xff, 0xff, 0xff, 0xff, 0xff, 0xfb, 0xfb, 0xff, 0xff,
0x41, 0x41, 0xe8, 0xff, 0x00, 0x00, 0xde, 0xff, 0x01, 0x01, 0xdf, 0xff, 0x07, 0x07, 0xdf,
0xff, 0xcc, 0xcc, 0xf9, 0xff, 0xff, 0xff, 0xff, 0xff, 0xf7, 0xf7, 0xfe, 0xff, 0x21, 0x21,
0xe2, 0xff, 0x00, 0x00, 0xdd, 0xff, 0x00, 0x00, 0xdd, 0xff, 0x1f, 0x1f, 0xe1, 0xff, 0xe6,
0xe6, 0xfc, 0xff, 0xff, 0xff, 0xff, 0xff, 0xfe, 0xfe, 0xff, 0xff, 0xfe, 0xfe, 0xff, 0xff,
0xfe, 0xfe, 0xff, 0xff, 0xfe, 0xfe, 0xff, 0xff, 0xfe, 0xfe, 0xff, 0xff, 0xfe, 0xfe, 0xff,
0xff, 0xfe, 0xfe, 0xff, 0xff, 0xfe, 0xfe, 0xff, 0xff, 0xfe, 0xfe, 0xff, 0xff, 0xff, 0xff,
0xff, 0xff, 0xbf, 0xbf, 0xf6, 0xff, 0x00, 0x00, 0xd9, 0xff, 0x1d, 0x1d, 0xdf, 0xff, 0xf1,
0xf1, 0xfd, 0xff, 0xff, 0xff, 0xff, 0xff, 0xfe, 0xfe, 0xff, 0xff, 0xfe, 0xfe, 0xff, 0xff,
0xfe, 0xfe, 0xff, 0xff, 0xfe, 0xfe, 0xff, 0xff, 0xff, 0xff, 0xff, 0xff, 0x95, 0x95, 0xef,
0xff, 0x00, 0x00, 0xd7, 0xff, 0x03, 0x03, 0xd9, 0xff, 0x03, 0x03, 0xd9, 0xff, 0x03, 0x03,
0xd9, 0xff, 0x03, 0x03, 0xd8, 0xff, 0x03, 0x03, 0xd8, 0xff, 0x03, 0x03, 0xd8, 0xff, 0x03,
0x03, 0xd8, 0xff, 0x03, 0x03, 0xd8, 0xff, 0x03, 0x03, 0xd7, 0xff, 0x03, 0x03, 0xd7, 0xff,
0x03, 0x03, 0xd7, 0xff, 0x03, 0x03, 0xd7, 0xff, 0x03, 0x03, 0xd7, 0xff, 0x03, 0x03, 0xd6,
0xff, 0x03, 0x03, 0xd6, 0xff, 0x03, 0x03, 0xd6, 0xff, 0x03, 0x03, 0xd6, 0xff, 0x03, 0x03,
0xd6, 0xff, 0x03, 0x03, 0xd5, 0xff, 0x03, 0x03, 0xd5, 0xff, 0x03, 0x03, 0xd5, 0xff, 0x03,
0x03, 0xd5, 0xff, 0x03, 0x03, 0xd5, 0xff, 0x03, 0x03, 0xd5, 0xff, 0x03, 0x03, 0xd5, 0xff,
0x03, 0x03, 0xd4, 0xff, 0x03, 0x03, 0xd4, 0xed, 0xff, 0xff, 0xff, 0x00, 0xff, 0xff, 0xff,
0x00, 0xff, 0xff, 0xff, 0x00, 0xff, 0xff, 0xff, 0x00, 0xff, 0xff, 0xff, 0x00, 0xff, 0xff,
0xff, 0x00, 0xff, 0xff, 0xff, 0x00, 0xff, 0xff, 0xff, 0x00, 0xff, 0xff, 0xff, 0x00, 0xff,
0xff, 0xff, 0x00, 0xff, 0xff, 0xff, 0x00, 0xff, 0xff, 0xff, 0x00, 0xff, 0xff, 0xff, 0x00,
0xff, 0xff, 0xff, 0x00, 0xff, 0xff, 0xff, 0x00, 0x03, 0x03, 0xe8, 0xdc, 0x03, 0x03, 0xe8,
0xff, 0x03, 0x03, 0xe8, 0xff, 0x03, 0x03, 0xe8, 0xff, 0x03, 0x03, 0xe8, 0xff, 0x03, 0x03,
0xe8, 0xff, 0x03, 0x03, 0xe7, 0xff, 0x03, 0x03, 0xe7, 0xff, 0x03, 0x03, 0xe7, 0xff, 0x03,
0x03, 0xe7, 0xff, 0x03, 0x03, 0xe7, 0xff, 0x03, 0x03, 0xe6, 0xff, 0x03, 0x03, 0xe6, 0xff,
0x03, 0x03, 0xe6, 0xff, 0x03, 0x03, 0xe6, 0xff, 0x03, 0x03, 0xe6, 0xff, 0x03, 0x03, 0xe6,
0xff, 0x03, 0x03, 0xe6, 0xff, 0x03, 0x03, 0xe5, 0xff, 0x03, 0x03, 0xe5, 0xff, 0x03, 0x03,
0xe5, 0xff, 0x03, 0x03, 0xe5, 0xff, 0x03, 0x03, 0xe5, 0xff, 0x03, 0x03, 0xe4, 0xff, 0x03,
0x03, 0xe4, 0xff, 0x03, 0x03, 0xe4, 0xff, 0x03, 0x03, 0xe4, 0xff, 0x00, 0x00, 0xe3, 0xff,
0x2c, 0x2c, 0xe8, 0xff, 0xfa, 0xfa, 0xff, 0xff, 0xff, 0xff, 0xff, 0xff, 0xfe, 0xfe, 0xff,
0xff, 0xfe, 0xfe, 0xff, 0xff, 0xfe, 0xfe, 0xff, 0xff, 0xfe, 0xfe, 0xff, 0xff, 0xfe, 0xfe,
0xff, 0xff, 0xff, 0xff, 0xff, 0xff, 0xcf, 0xcf, 0xf9, 0xff, 0x00, 0x00, 0xdf, 0xff, 0x8a,
0x8a, 0xf1, 0xff, 0xff, 0xff, 0xff, 0xff, 0xfe, 0xfe, 0xff, 0xff, 0xfe, 0xfe, 0xff, 0xff,
0xfe, 0xfe, 0xff, 0xff, 0xfe, 0xfe, 0xff, 0xff, 0xfe, 0xfe, 0xff, 0xff, 0xfe, 0xfe, 0xff,
0xff, 0xfe, 0xfe, 0xff, 0xff, 0xfe, 0xfe, 0xff, 0xff, 0xfe, 0xfe, 0xff, 0xff, 0xff, 0xff,
0xff, 0xff, 0xbf, 0xbf, 0xf7, 0xff, 0x02, 0x02, 0xde, 0xff, 0x02, 0x02, 0xdf, 0xff, 0x00,
0x00, 0xdd, 0xff, 0x4f, 0x4f, 0xe8, 0xff, 0xff, 0xff, 0xff, 0xff, 0x96, 0x96, 0xf2, 0xff,
0x00, 0x00, 0xdc, 0xff, 0x02, 0x02, 0xdd, 0xff, 0x00, 0x00, 0xdb, 0xff, 0x9f, 0x9f, 0xf2,
0xff, 0xff, 0xff, 0xff, 0xff, 0xfe, 0xfe, 0xff, 0xff, 0xfe, 0xfe, 0xff, 0xff, 0xfe, 0xfe,
0xff, 0xff, 0xfe, 0xfe, 0xff, 0xff, 0xfe, 0xfe, 0xff, 0xff, 0xfe, 0xfe, 0xff, 0xff, 0xfe,
0xfe, 0xff, 0xff, 0xfe, 0xfe, 0xff, 0xff, 0xfe, 0xfe, 0xff, 0xff, 0xfe, 0xfe, 0xff, 0xff,
0xff, 0xff, 0xff, 0xff, 0xbf, 0xbf, 0xf6, 0xff, 0x00, 0x00, 0xd9, 0xff, 0x1d, 0x1d, 0xde,
0xff, 0xf1, 0xf1, 0xfd, 0xff, 0xff, 0xff, 0xff, 0xff, 0xfe, 0xfe, 0xff, 0xff, 0xfe, 0xfe,
0xff, 0xff, 0xfe, 0xfe, 0xff, 0xff, 0xfe, 0xfe, 0xff, 0xff, 0xff, 0xff, 0xff, 0xff, 0x5f,
0x5f, 0xe7, 0xff, 0x00, 0x00, 0xd7, 0xff, 0x03, 0x03, 0xd9, 0xff, 0x03, 0x03, 0xd8, 0xff,
0x03, 0x03, 0xd8, 0xff, 0x03, 0x03, 0xd8, 0xff, 0x03, 0x03, 0xd8, 0xff, 0x03, 0x03, 0xd8,
0xff, 0x03, 0x03, 0xd7, 0xff, 0x03, 0x03, 0xd7, 0xff, 0x03, 0x03, 0xd7, 0xff, 0x03, 0x03,
0xd7, 0xff, 0x03, 0x03, 0xd7, 0xff, 0x03, 0x03, 0xd6, 0xff, 0x03, 0x03, 0xd6, 0xff, 0x03,
0x03, 0xd6, 0xff, 0x03, 0x03, 0xd6, 0xff, 0x03, 0x03, 0xd5, 0xff, 0x03, 0x03, 0xd5, 0xff,
0x03, 0x03, 0xd5, 0xff, 0x03, 0x03, 0xd5, 0xff, 0x03, 0x03, 0xd5, 0xff, 0x03, 0x03, 0xd5,
0xff, 0x03, 0x03, 0xd5, 0xff, 0x03, 0x03, 0xd4, 0xff, 0x03, 0x03, 0xd4, 0xff, 0x03, 0x03,
0xd4, 0xff, 0x03, 0x03, 0xd4, 0xff, 0x03, 0x03, 0xd4, 0xed, 0xff, 0xff, 0xff, 0x00, 0xff,
0xff, 0xff, 0x00, 0xff, 0xff, 0xff, 0x00, 0xff, 0xff, 0xff, 0x00, 0xff, 0xff, 0xff, 0x00,
0xff, 0xff, 0xff, 0x00, 0xff, 0xff, 0xff, 0x00, 0xff, 0xff, 0xff, 0x00, 0xff, 0xff, 0xff,
0x00, 0xff, 0xff, 0xff, 0x00, 0xff, 0xff, 0xff, 0x00, 0xff, 0xff, 0xff, 0x00, 0xff, 0xff,
0xff, 0x00, 0xff, 0xff, 0xff, 0x00, 0xff, 0xff, 0xff, 0x00, 0x03, 0x03, 0xe8, 0xdb, 0x03,
0x03, 0xe8, 0xff, 0x03, 0x03, 0xe8, 0xff, 0x03, 0x03, 0xe8, 0xff, 0x03, 0x03, 0xe7, 0xff,
0x03, 0x03, 0xe7, 0xff, 0x03, 0x03, 0xe7, 0xff, 0x03, 0x03, 0xe7, 0xff, 0x03, 0x03, 0xe6,
0xff, 0x03, 0x03, 0xe6, 0xff, 0x03, 0x03, 0xe6, 0xff, 0x03, 0x03, 0xe6, 0xff, 0x03, 0x03,
0xe6, 0xff, 0x03, 0x03, 0xe6, 0xff, 0x03, 0x03, 0xe6, 0xff, 0x03, 0x03, 0xe5, 0xff, 0x03,
0x03, 0xe5, 0xff, 0x03, 0x03, 0xe5, 0xff, 0x03, 0x03, 0xe5, 0xff, 0x03, 0x03, 0xe5, 0xff,
0x03, 0x03, 0xe4, 0xff, 0x03, 0x03, 0xe4, 0xff, 0x03, 0x03, 0xe4, 0xff, 0x03, 0x03, 0xe4,
0xff, 0x03, 0x03, 0xe4, 0xff, 0x03, 0x03, 0xe3, 0xff, 0x03, 0x03, 0xe3, 0xff, 0x01, 0x01,
0xe3, 0xff, 0x02, 0x02, 0xe3, 0xff, 0xca, 0xca, 0xf9, 0xff, 0xff, 0xff, 0xff, 0xff, 0xfe,
0xfe, 0xff, 0xff, 0xfe, 0xfe, 0xff, 0xff, 0xfe, 0xfe, 0xff, 0xff, 0xfe, 0xfe, 0xff, 0xff,
0xfe, 0xfe, 0xff, 0xff, 0xff, 0xff, 0xff, 0xff, 0xcc, 0xcc, 0xf9, 0xff, 0x00, 0x00, 0xdf,
0xff, 0x89, 0x89, 0xf1, 0xff, 0xff, 0xff, 0xff, 0xff, 0xfe, 0xfe, 0xff, 0xff, 0xfe, 0xfe,
0xff, 0xff, 0xfe, 0xfe, 0xff, 0xff, 0xfe, 0xfe, 0xff, 0xff, 0xfe, 0xfe, 0xff, 0xff, 0xfe,
0xfe, 0xff, 0xff, 0xff, 0xff, 0xff, 0xff, 0xff, 0xff, 0xff, 0xff, 0xff, 0xff, 0xff, 0xff,
0xff, 0xff, 0xff, 0xff, 0xff, 0xff, 0xff, 0xff, 0x63, 0x63, 0xeb, 0xff, 0x00, 0x00, 0xdc,
0xff, 0x01, 0x01, 0xde, 0xff, 0x0d, 0x0d, 0xdf, 0xff, 0xd7, 0xd7, 0xfa, 0xff, 0x30, 0x30,
0xe3, 0xff, 0x00, 0x00, 0xdc, 0xff, 0x00, 0x00, 0xdb, 0xff, 0x3b, 0x3b, 0xe5, 0xff, 0xfc,
0xfc, 0xff, 0xff, 0xff, 0xff, 0xff, 0xff, 0xff, 0xff, 0xff, 0xff, 0xff, 0xff, 0xff, 0xff,
0xff, 0xff, 0xff, 0xff, 0xfe, 0xfe, 0xff, 0xff, 0xfe, 0xfe, 0xff, 0xff, 0xfe, 0xfe, 0xff,
0xff, 0xfe, 0xfe, 0xff, 0xff, 0xfe, 0xfe, 0xff, 0xff, 0xfe, 0xfe, 0xff, 0xff, 0xfe, 0xfe,
0xff, 0xff, 0xff, 0xff, 0xff, 0xff, 0xbe, 0xbe, 0xf6, 0xff, 0x00, 0x00, 0xd8, 0xff, 0x1d,
0x1d, 0xde, 0xff, 0xf1, 0xf1, 0xfd, 0xff, 0xff, 0xff, 0xff, 0xff, 0xfe, 0xfe, 0xff, 0xff,
0xfe, 0xfe, 0xff, 0xff, 0xfe, 0xfe, 0xff, 0xff, 0xff, 0xff, 0xff, 0xff, 0xfb, 0xfb, 0xfe,
0xff, 0x2f, 0x2f, 0xdf, 0xff, 0x00, 0x00, 0xd7, 0xff, 0x03, 0x03, 0xd8, 0xff, 0x03, 0x03,
0xd8, 0xff, 0x03, 0x03, 0xd8, 0xff, 0x03, 0x03, 0xd7, 0xff, 0x03, 0x03, 0xd7, 0xff, 0x03,
0x03, 0xd7, 0xff, 0x03, 0x03, 0xd7, 0xff, 0x03, 0x03, 0xd6, 0xff, 0x03, 0x03, 0xd6, 0xff,
0x03, 0x03, 0xd6, 0xff, 0x03, 0x03, 0xd6, 0xff, 0x03, 0x03, 0xd6, 0xff, 0x03, 0x03, 0xd5,
0xff, 0x03, 0x03, 0xd5, 0xff, 0x03, 0x03, 0xd5, 0xff, 0x03, 0x03, 0xd5, 0xff, 0x03, 0x03,
0xd5, 0xff, 0x03, 0x03, 0xd5, 0xff, 0x03, 0x03, 0xd5, 0xff, 0x03, 0x03, 0xd4, 0xff, 0x03,
0x03, 0xd4, 0xff, 0x03, 0x03, 0xd4, 0xff, 0x03, 0x03, 0xd4, 0xff, 0x03, 0x03, 0xd4, 0xff,
0x03, 0x03, 0xd3, 0xff, 0x03, 0x03, 0xd3, 0xff, 0x03, 0x03, 0xd3, 0xed, 0xff, 0xff, 0xff,
0x00, 0xff, 0xff, 0xff, 0x00, 0xff, 0xff, 0xff, 0x00, 0xff, 0xff, 0xff, 0x00, 0xff, 0xff,
0xff, 0x00, 0xff, 0xff, 0xff, 0x00, 0xff, 0xff, 0xff, 0x00, 0xff, 0xff, 0xff, 0x00, 0xff,
0xff, 0xff, 0x00, 0xff, 0xff, 0xff, 0x00, 0xff, 0xff, 0xff, 0x00, 0xff, 0xff, 0xff, 0x00,
0xff, 0xff, 0xff, 0x00, 0xff, 0xff, 0xff, 0x00, 0xff, 0xff, 0xff, 0x00, 0x03, 0x03, 0xe8,
0xd9, 0x03, 0x03, 0xe7, 0xff, 0x03, 0x03, 0xe7, 0xff, 0x03, 0x03, 0xe7, 0xff, 0x03, 0x03,
0xe7, 0xff, 0x03, 0x03, 0xe6, 0xff, 0x03, 0x03, 0xe6, 0xff, 0x03, 0x03, 0xe6, 0xff, 0x03,
0x03, 0xe6, 0xff, 0x03, 0x03, 0xe6, 0xff, 0x03, 0x03, 0xe6, 0xff, 0x03, 0x03, 0xe6, 0xff,
0x03, 0x03, 0xe5, 0xff, 0x03, 0x03, 0xe5, 0xff, 0x03, 0x03, 0xe5, 0xff, 0x03, 0x03, 0xe5,
0xff, 0x03, 0x03, 0xe5, 0xff, 0x03, 0x03, 0xe4, 0xff, 0x03, 0x03, 0xe4, 0xff, 0x03, 0x03,
0xe4, 0xff, 0x03, 0x03, 0xe4, 0xff, 0x03, 0x03, 0xe4, 0xff, 0x03, 0x03, 0xe3, 0xff, 0x03,
0x03, 0xe3, 0xff, 0x03, 0x03, 0xe3, 0xff, 0x03, 0x03, 0xe3, 0xff, 0x03, 0x03, 0xe3, 0xff,
0x03, 0x03, 0xe2, 0xff, 0x00, 0x00, 0xe0, 0xff, 0x85, 0x85, 0xf1, 0xff, 0xff, 0xff, 0xff,
0xff, 0xfe, 0xfe, 0xff, 0xff, 0xfe, 0xfe, 0xff, 0xff, 0xfe, 0xfe, 0xff, 0xff, 0xfe, 0xfe,
0xff, 0xff, 0xfe, 0xfe, 0xff, 0xff, 0xff, 0xff, 0xff, 0xff, 0xc7, 0xc7, 0xf8, 0xff, 0x00,
0x00, 0xde, 0xff, 0x89, 0x89, 0xf1, 0xff, 0xff, 0xff, 0xff, 0xff, 0xfe, 0xfe, 0xff, 0xff,
0xfe, 0xfe, 0xff, 0xff, 0xfe, 0xfe, 0xff, 0xff, 0xfe, 0xfe, 0xff, 0xff, 0xfe, 0xfe, 0xff,
0xff, 0xfe, 0xfe, 0xff, 0xff, 0xf6, 0xf6, 0xfe, 0xff, 0xf4, 0xf4, 0xfe, 0xff, 0xf4, 0xf4,
0xfe, 0xff, 0xf4, 0xf4, 0xfe, 0xff, 0xf6, 0xf6, 0xfe, 0xff, 0xc8, 0xc8, 0xf8, 0xff, 0x0b,
0x0b, 0xde, 0xff, 0x01, 0x01, 0xdd, 0xff, 0x00, 0x00, 0xdd, 0xff, 0x1f, 0x1f, 0xe1, 0xff,
0x07, 0x07, 0xde, 0xff, 0x02, 0x02, 0xdd, 0xff, 0x02, 0x02, 0xdb, 0xff, 0xaa, 0xaa, 0xf4,
0xff, 0xf7, 0xf7, 0xfe, 0xff, 0xf4, 0xf4, 0xfe, 0xff, 0xf4, 0xf4, 0xfe, 0xff, 0xf4, 0xf4,
0xfe, 0xff, 0xf5, 0xf5, 0xfe, 0xff, 0xfd, 0xfd, 0xff, 0xff, 0xfe, 0xfe, 0xff, 0xff, 0xfe,
0xfe, 0xff, 0xff, 0xfe, 0xfe, 0xff, 0xff, 0xfe, 0xfe, 0xff, 0xff, 0xfe, 0xfe, 0xff, 0xff,
0xfe, 0xfe, 0xff, 0xff, 0xff, 0xff, 0xff, 0xff, 0xbe, 0xbe, 0xf6, 0xff, 0x00, 0x00, 0xd8,
0xff, 0x1d, 0x1d, 0xdd, 0xff, 0xf1, 0xf1, 0xfd, 0xff, 0xff, 0xff, 0xff, 0xff, 0xfe, 0xfe,
0xff, 0xff, 0xfe, 0xfe, 0xff, 0xff, 0xfe, 0xfe, 0xff, 0xff, 0xff, 0xff, 0xff, 0xff, 0xc9,
0xc9, 0xf7, 0xff, 0x03, 0x03, 0xd7, 0xff, 0x01, 0x01, 0xd7, 0xff, 0x03, 0x03, 0xd7, 0xff,
0x03, 0x03, 0xd7, 0xff, 0x03, 0x03, 0xd7, 0xff, 0x03, 0x03, 0xd7, 0xff, 0x03, 0x03, 0xd7,
0xff, 0x03, 0x03, 0xd6, 0xff, 0x03, 0x03, 0xd6, 0xff, 0x03, 0x03, 0xd6, 0xff, 0x03, 0x03,
0xd6, 0xff, 0x03, 0x03, 0xd6, 0xff, 0x03, 0x03, 0xd5, 0xff, 0x03, 0x03, 0xd5, 0xff, 0x03,
0x03, 0xd5, 0xff, 0x03, 0x03, 0xd5, 0xff, 0x03, 0x03, 0xd5, 0xff, 0x03, 0x03, 0xd5, 0xff,
0x03, 0x03, 0xd5, 0xff, 0x03, 0x03, 0xd4, 0xff, 0x03, 0x03, 0xd4, 0xff, 0x03, 0x03, 0xd4,
0xff, 0x03, 0x03, 0xd4, 0xff, 0x03, 0x03, 0xd4, 0xff, 0x03, 0x03, 0xd3, 0xff, 0x03, 0x03,
0xd3, 0xff, 0x03, 0x03, 0xd3, 0xff, 0x03, 0x03, 0xd3, 0xff, 0x03, 0x03, 0xd3, 0xed, 0xff,
0xff, 0xff, 0x00, 0xff, 0xff, 0xff, 0x00, 0xff, 0xff, 0xff, 0x00, 0xff, 0xff, 0xff, 0x00,
0xff, 0xff, 0xff, 0x00, 0xff, 0xff, 0xff, 0x00, 0xff, 0xff, 0xff, 0x00, 0xff, 0xff, 0xff,
0x00, 0xff, 0xff, 0xff, 0x00, 0xff, 0xff, 0xff, 0x00, 0xff, 0xff, 0xff, 0x00, 0xff, 0xff,
0xff, 0x00, 0xff, 0xff, 0xff, 0x00, 0xff, 0xff, 0xff, 0x00, 0xff, 0xff, 0xff, 0x00, 0x03,
0x03, 0xe7, 0xd7, 0x03, 0x03, 0xe7, 0xff, 0x03, 0x03, 0xe7, 0xff, 0x03, 0x03, 0xe6, 0xff,
0x03, 0x03, 0xe6, 0xff, 0x03, 0x03, 0xe6, 0xff, 0x03, 0x03, 0xe6, 0xff, 0x03, 0x03, 0xe6,
0xff, 0x03, 0x03, 0xe6, 0xff, 0x03, 0x03, 0xe6, 0xff, 0x03, 0x03, 0xe5, 0xff, 0x03, 0x03,
0xe5, 0xff, 0x03, 0x03, 0xe5, 0xff, 0x03, 0x03, 0xe5, 0xff, 0x03, 0x03, 0xe4, 0xff, 0x03,
0x03, 0xe4, 0xff, 0x03, 0x03, 0xe4, 0xff, 0x03, 0x03, 0xe4, 0xff, 0x03, 0x03, 0xe4, 0xff,
0x03, 0x03, 0xe3, 0xff, 0x03, 0x03, 0xe3, 0xff, 0x03, 0x03, 0xe3, 0xff, 0x03, 0x03, 0xe3,
0xff, 0x03, 0x03, 0xe3, 0xff, 0x03, 0x03, 0xe2, 0xff, 0x03, 0x03, 0xe2, 0xff, 0x03, 0x03,
0xe2, 0xff, 0x03, 0x03, 0xe2, 0xff, 0x00, 0x00, 0xe0, 0xff, 0x59, 0x59, 0xec, 0xff, 0xff,
0xff, 0xff, 0xff, 0xfe, 0xfe, 0xff, 0xff, 0xfe, 0xfe, 0xff, 0xff, 0xfe, 0xfe, 0xff, 0xff,
0xfe, 0xfe, 0xff, 0xff, 0xfe, 0xfe, 0xff, 0xff, 0xff, 0xff, 0xff, 0xff, 0xc2, 0xc2, 0xf8,
0xff, 0x00, 0x00, 0xdd, 0xff, 0x89, 0x89, 0xf1, 0xff, 0xff, 0xff, 0xff, 0xff, 0xfe, 0xfe,
0xff, 0xff, 0xfe, 0xfe, 0xff, 0xff, 0xfe, 0xfe, 0xff, 0xff, 0xfe, 0xfe, 0xff, 0xff, 0xff,
0xff, 0xff, 0xff, 0xfb, 0xfb, 0xff, 0xff, 0x48, 0x48, 0xe7, 0xff, 0x1f, 0x1f, 0xe1, 0xff,
0x22, 0x22, 0xe2, 0xff, 0x22, 0x22, 0xe2, 0xff, 0x22, 0x22, 0xe2, 0xff, 0x25, 0x25, 0xe2,
0xff, 0x09, 0x09, 0xde, 0xff, 0x02, 0x02, 0xdd, 0xff, 0x03, 0x03, 0xdd, 0xff, 0x00, 0x00,
0xdc, 0xff, 0x02, 0x02, 0xdc, 0xff, 0x03, 0x03, 0xdc, 0xff, 0x04, 0x04, 0xdc, 0xff, 0x21,
0x21, 0xe0, 0xff, 0x22, 0x22, 0xe0, 0xff, 0x22, 0x22, 0xe0, 0xff, 0x22, 0x22, 0xe0, 0xff,
0x1f, 0x1f, 0xdf, 0xff, 0x32, 0x32, 0xe2, 0xff, 0xef, 0xef, 0xfd, 0xff, 0xff, 0xff, 0xff,
0xff, 0xfe, 0xfe, 0xff, 0xff, 0xfe, 0xfe, 0xff, 0xff, 0xfe, 0xfe, 0xff, 0xff, 0xfe, 0xfe,
0xff, 0xff, 0xfe, 0xfe, 0xff, 0xff, 0xff, 0xff, 0xff, 0xff, 0xbe, 0xbe, 0xf5, 0xff, 0x00,
0x00, 0xd7, 0xff, 0x1c, 0x1c, 0xdd, 0xff, 0xf1, 0xf1, 0xfd, 0xff, 0xff, 0xff, 0xff, 0xff,
0xfe, 0xfe, 0xff, 0xff, 0xfe, 0xfe, 0xff, 0xff, 0xfe, 0xfe, 0xff, 0xff, 0xff, 0xff, 0xff,
0xff, 0x80, 0x80, 0xeb, 0xff, 0x00, 0x00, 0xd5, 0xff, 0x03, 0x03, 0xd7, 0xff, 0x03, 0x03,
0xd7, 0xff, 0x03, 0x03, 0xd7, 0xff, 0x03, 0x03, 0xd6, 0xff, 0x03, 0x03, 0xd6, 0xff, 0x03,
0x03, 0xd6, 0xff, 0x03, 0x03, 0xd6, 0xff, 0x03, 0x03, 0xd6, 0xff, 0x03, 0x03, 0xd6, 0xff,
0x03, 0x03, 0xd5, 0xff, 0x03, 0x03, 0xd5, 0xff, 0x03, 0x03, 0xd5, 0xff, 0x03, 0x03, 0xd5,
0xff, 0x03, 0x03, 0xd5, 0xff, 0x03, 0x03, 0xd5, 0xff, 0x03, 0x03, 0xd4, 0xff, 0x03, 0x03,
0xd4, 0xff, 0x03, 0x03, 0xd4, 0xff, 0x03, 0x03, 0xd4, 0xff, 0x03, 0x03, 0xd3, 0xff, 0x03,
0x03, 0xd3, 0xff, 0x03, 0x03, 0xd3, 0xff, 0x03, 0x03, 0xd3, 0xff, 0x03, 0x03, 0xd3, 0xff,
0x03, 0x03, 0xd2, 0xff, 0x03, 0x03, 0xd2, 0xff, 0x03, 0x03, 0xd2, 0xff, 0x03, 0x03, 0xd2,
0xed, 0xff, 0xff, 0xff, 0x00, 0xff, 0xff, 0xff, 0x00, 0xff, 0xff, 0xff, 0x00, 0xff, 0xff,
0xff, 0x00, 0xff, 0xff, 0xff, 0x00, 0xff, 0xff, 0xff, 0x00, 0xff, 0xff, 0xff, 0x00, 0xff,
0xff, 0xff, 0x00, 0xff, 0xff, 0xff, 0x00, 0xff, 0xff, 0xff, 0x00, 0xff, 0xff, 0xff, 0x00,
0xff, 0xff, 0xff, 0x00, 0xff, 0xff, 0xff, 0x00, 0xff, 0xff, 0xff, 0x00, 0xff, 0xff, 0xff,
0x00, 0x02, 0x02, 0xe6, 0xd2, 0x03, 0x03, 0xe6, 0xff, 0x03, 0x03, 0xe6, 0xff, 0x03, 0x03,
0xe6, 0xff, 0x03, 0x03, 0xe6, 0xff, 0x03, 0x03, 0xe6, 0xff, 0x03, 0x03, 0xe6, 0xff, 0x03,
0x03, 0xe5, 0xff, 0x03, 0x03, 0xe5, 0xff, 0x03, 0x03, 0xe5, 0xff, 0x03, 0x03, 0xe5, 0xff,
0x03, 0x03, 0xe4, 0xff, 0x03, 0x03, 0xe4, 0xff, 0x03, 0x03, 0xe4, 0xff, 0x03, 0x03, 0xe4,
0xff, 0x03, 0x03, 0xe4, 0xff, 0x03, 0x03, 0xe3, 0xff, 0x03, 0x03, 0xe3, 0xff, 0x03, 0x03,
0xe3, 0xff, 0x03, 0x03, 0xe3, 0xff, 0x03, 0x03, 0xe3, 0xff, 0x03, 0x03, 0xe2, 0xff, 0x03,
0x03, 0xe2, 0xff, 0x03, 0x03, 0xe2, 0xff, 0x03, 0x03, 0xe2, 0xff, 0x03, 0x03, 0xe2, 0xff,
0x03, 0x03, 0xe2, 0xff, 0x03, 0x03, 0xe1, 0xff, 0x00, 0x00, 0xe0, 0xff, 0x2a, 0x2a, 0xe6,
0xff, 0xf9, 0xf9, 0xff, 0xff, 0xff, 0xff, 0xff, 0xff, 0xfe, 0xfe, 0xff, 0xff, 0xfe, 0xfe,
0xff, 0xff, 0xfe, 0xfe, 0xff, 0xff, 0xfe, 0xfe, 0xff, 0xff, 0xff, 0xff, 0xff, 0xff, 0xbd,
0xbd, 0xf7, 0xff, 0x00, 0x00, 0xdc, 0xff, 0x88, 0x88, 0xf0, 0xff, 0xff, 0xff, 0xff, 0xff,
0xfe, 0xfe, 0xff, 0xff, 0xfe, 0xfe, 0xff, 0xff, 0xfe, 0xfe, 0xff, 0xff, 0xfe, 0xfe, 0xff,
0xff, 0xff, 0xff, 0xff, 0xff, 0xfa, 0xfa, 0xff, 0xff, 0x20, 0x20, 0xe2, 0xff, 0x00, 0x00,
0xda, 0xff, 0x00, 0x00, 0xdb, 0xff, 0x00, 0x00, 0xdb, 0xff, 0x00, 0x00, 0xdb, 0xff, 0x00,
0x00, 0xdb, 0xff, 0x00, 0x00, 0xdb, 0xff, 0x00, 0x00, 0xdc, 0xff, 0x03, 0x03, 0xdc, 0xff,
0x03, 0x03, 0xdc, 0xff, 0x03, 0x03, 0xdc, 0xff, 0x02, 0x02, 0xdb, 0xff, 0x00, 0x00, 0xda,
0xff, 0x00, 0x00, 0xd9, 0xff, 0x00, 0x00, 0xd9, 0xff, 0x00, 0x00, 0xd9, 0xff, 0x00, 0x00,
0xd9, 0xff, 0x00, 0x00, 0xd7, 0xff, 0x06, 0x06, 0xdb, 0xff, 0xec, 0xec, 0xfd, 0xff, 0xff,
0xff, 0xff, 0xff, 0xfe, 0xfe, 0xff, 0xff, 0xfe, 0xfe, 0xff, 0xff, 0xfe, 0xfe, 0xff, 0xff,
0xfe, 0xfe, 0xff, 0xff, 0xfe, 0xfe, 0xff, 0xff, 0xff, 0xff, 0xff, 0xff, 0xbd, 0xbd, 0xf5,
0xff, 0x00, 0x00, 0xd6, 0xff, 0x1c, 0x1c, 0xdc, 0xff, 0xf1, 0xf1, 0xfd, 0xff, 0xff, 0xff,
0xff, 0xff, 0xfe, 0xfe, 0xff, 0xff, 0xfe, 0xfe, 0xff, 0xff, 0xff, 0xff, 0xff, 0xff, 0xff,
0xff, 0xff, 0xff, 0x52, 0x52, 0xe4, 0xff, 0x00, 0x00, 0xd5, 0xff, 0x03, 0x03, 0xd7, 0xff,
0x03, 0x03, 0xd6, 0xff, 0x03, 0x03, 0xd6, 0xff, 0x03, 0x03, 0xd6, 0xff, 0x03, 0x03, 0xd6,
0xff, 0x03, 0x03, 0xd5, 0xff, 0x03, 0x03, 0xd5, 0xff, 0x03, 0x03, 0xd5, 0xff, 0x03, 0x03,
0xd5, 0xff, 0x03, 0x03, 0xd5, 0xff, 0x03, 0x03, 0xd5, 0xff, 0x03, 0x03, 0xd5, 0xff, 0x03,
0x03, 0xd4, 0xff, 0x03, 0x03, 0xd4, 0xff, 0x03, 0x03, 0xd4, 0xff, 0x03, 0x03, 0xd4, 0xff,
0x03, 0x03, 0xd4, 0xff, 0x03, 0x03, 0xd3, 0xff, 0x03, 0x03, 0xd3, 0xff, 0x03, 0x03, 0xd3,
0xff, 0x03, 0x03, 0xd3, 0xff, 0x03, 0x03, 0xd3, 0xff, 0x03, 0x03, 0xd2, 0xff, 0x03, 0x03,
0xd2, 0xff, 0x03, 0x03, 0xd2, 0xff, 0x03, 0x03, 0xd2, 0xff, 0x03, 0x03, 0xd2, 0xff, 0x03,
0x03, 0xd1, 0xec, 0xff, 0xff, 0xff, 0x00, 0xff, 0xff, 0xff, 0x00, 0xff, 0xff, 0xff, 0x00,
0xff, 0xff, 0xff, 0x00, 0xff, 0xff, 0xff, 0x00, 0xff, 0xff, 0xff, 0x00, 0xff, 0xff, 0xff,
0x00, 0xff, 0xff, 0xff, 0x00, 0xff, 0xff, 0xff, 0x00, 0xff, 0xff, 0xff, 0x00, 0xff, 0xff,
0xff, 0x00, 0xff, 0xff, 0xff, 0x00, 0xff, 0xff, 0xff, 0x00, 0xff, 0xff, 0xff, 0x00, 0xff,
0xff, 0xff, 0x00, 0x02, 0x02, 0xe6, 0xcb, 0x03, 0x03, 0xe6, 0xff, 0x03, 0x03, 0xe6, 0xff,
0x03, 0x03, 0xe6, 0xff, 0x03, 0x03, 0xe6, 0xff, 0x03, 0x03, 0xe5, 0xff, 0x03, 0x03, 0xe5,
0xff, 0x03, 0x03, 0xe5, 0xff, 0x03, 0x03, 0xe5, 0xff, 0x03, 0x03, 0xe5, 0xff, 0x03, 0x03,
0xe4, 0xff, 0x03, 0x03, 0xe4, 0xff, 0x03, 0x03, 0xe4, 0xff, 0x03, 0x03, 0xe4, 0xff, 0x03,
0x03, 0xe4, 0xff, 0x03, 0x03, 0xe3, 0xff, 0x03, 0x03, 0xe3, 0xff, 0x03, 0x03, 0xe3, 0xff,
0x03, 0x03, 0xe3, 0xff, 0x03, 0x03, 0xe3, 0xff, 0x03, 0x03, 0xe2, 0xff, 0x03, 0x03, 0xe2,
0xff, 0x03, 0x03, 0xe2, 0xff, 0x03, 0x03, 0xe2, 0xff, 0x03, 0x03, 0xe2, 0xff, 0x03, 0x03,
0xe1, 0xff, 0x03, 0x03, 0xe1, 0xff, 0x03, 0x03, 0xe1, 0xff, 0x01, 0x01, 0xe1, 0xff, 0x04,
0x04, 0xe0, 0xff, 0xca, 0xca, 0xf9, 0xff, 0xff, 0xff, 0xff, 0xff, 0xfe, 0xfe, 0xff, 0xff,
0xfe, 0xfe, 0xff, 0xff, 0xfe, 0xfe, 0xff, 0xff, 0xfe, 0xfe, 0xff, 0xff, 0xff, 0xff, 0xff,
0xff, 0xb8, 0xb8, 0xf6, 0xff, 0x00, 0x00, 0xdc, 0xff, 0x86, 0x86, 0xf0, 0xff, 0xff, 0xff,
0xff, 0xff, 0xfe, 0xfe, 0xff, 0xff, 0xfe, 0xfe, 0xff, 0xff, 0xfe, 0xfe, 0xff, 0xff, 0xfe,
0xfe, 0xff, 0xff, 0xff, 0xff, 0xff, 0xff, 0xfd, 0xfd, 0xff, 0xff, 0xc1, 0xc1, 0xf7, 0xff,
0xb3, 0xb3, 0xf5, 0xff, 0xb4, 0xb4, 0xf5, 0xff, 0xb4, 0xb4, 0xf5, 0xff, 0xb4, 0xb4, 0xf5,
0xff, 0xb5, 0xb5, 0xf5, 0xff, 0xb6, 0xb6, 0xf5, 0xff, 0x36, 0x36, 0xe3, 0xff, 0x01, 0x01,
0xda, 0xff, 0x03, 0x03, 0xdc, 0xff, 0x01, 0x01, 0xda, 0xff, 0x1b, 0x1b, 0xdf, 0xff, 0xae,
0xae, 0xf4, 0xff, 0xb5, 0xb5, 0xf4, 0xff, 0xb4, 0xb4, 0xf4, 0xff, 0xb4, 0xb4, 0xf4, 0xff,
0xb4, 0xb4, 0xf4, 0xff, 0xb3, 0xb3, 0xf4, 0xff, 0xba, 0xba, 0xf5, 0xff, 0xf9, 0xf9, 0xfe,
0xff, 0xff, 0xff, 0xff, 0xff, 0xfe, 0xfe, 0xff, 0xff, 0xfe, 0xfe, 0xff, 0xff, 0xfe, 0xfe,
0xff, 0xff, 0xfe, 0xfe, 0xff, 0xff, 0xfe, 0xfe, 0xff, 0xff, 0xff, 0xff, 0xff, 0xff, 0xbc,
0xbc, 0xf5, 0xff, 0x00, 0x00, 0xd6, 0xff, 0x1c, 0x1c, 0xdc, 0xff, 0xf1, 0xf1, 0xfd, 0xff,
0xff, 0xff, 0xff, 0xff, 0xfe, 0xfe, 0xff, 0xff, 0xfe, 0xfe, 0xff, 0xff, 0xff, 0xff, 0xff,
0xff, 0xf1, 0xf1, 0xfd, 0xff, 0x1e, 0x1e, 0xdb, 0xff, 0x00, 0x00, 0xd5, 0xff, 0x03, 0x03,
0xd6, 0xff, 0x03, 0x03, 0xd6, 0xff, 0x03, 0x03, 0xd5, 0xff, 0x03, 0x03, 0xd6, 0xff, 0x03,
0x03, 0xd5, 0xff, 0x03, 0x03, 0xd5, 0xff, 0x03, 0x03, 0xd5, 0xff, 0x03, 0x03, 0xd5, 0xff,
0x03, 0x03, 0xd5, 0xff, 0x03, 0x03, 0xd5, 0xff, 0x03, 0x03, 0xd4, 0xff, 0x03, 0x03, 0xd4,
0xff, 0x03, 0x03, 0xd4, 0xff, 0x03, 0x03, 0xd4, 0xff, 0x03, 0x03, 0xd4, 0xff, 0x03, 0x03,
0xd3, 0xff, 0x03, 0x03, 0xd3, 0xff, 0x03, 0x03, 0xd3, 0xff, 0x03, 0x03, 0xd3, 0xff, 0x03,
0x03, 0xd3, 0xff, 0x03, 0x03, 0xd2, 0xff, 0x03, 0x03, 0xd2, 0xff, 0x03, 0x03, 0xd2, 0xff,
0x03, 0x03, 0xd2, 0xff, 0x03, 0x03, 0xd2, 0xff, 0x03, 0x03, 0xd1, 0xff, 0x03, 0x03, 0xd1,
0xff, 0x03, 0x03, 0xd1, 0xdf, 0xff, 0xff, 0xff, 0x00, 0xff, 0xff, 0xff, 0x00, 0xff, 0xff,
0xff, 0x00, 0xff, 0xff, 0xff, 0x00, 0xff, 0xff, 0xff, 0x00, 0xff, 0xff, 0xff, 0x00, 0xff,
0xff, 0xff, 0x00, 0xff, 0xff, 0xff, 0x00, 0xff, 0xff, 0xff, 0x00, 0xff, 0xff, 0xff, 0x00,
0xff, 0xff, 0xff, 0x00, 0xff, 0xff, 0xff, 0x00, 0xff, 0xff, 0xff, 0x00, 0xff, 0xff, 0xff,
0x00, 0xff, 0xff, 0xff, 0x00, 0x02, 0x02, 0xe4, 0xc2, 0x03, 0x03, 0xe6, 0xff, 0x03, 0x03,
0xe5, 0xff, 0x03, 0x03, 0xe5, 0xff, 0x03, 0x03, 0xe5, 0xff, 0x03, 0x03, 0xe5, 0xff, 0x03,
0x03, 0xe5, 0xff, 0x03, 0x03, 0xe4, 0xff, 0x03, 0x03, 0xe4, 0xff, 0x03, 0x03, 0xe4, 0xff,
0x03, 0x03, 0xe4, 0xff, 0x03, 0x03, 0xe4, 0xff, 0x03, 0x03, 0xe3, 0xff, 0x03, 0x03, 0xe3,
0xff, 0x03, 0x03, 0xe3, 0xff, 0x03, 0x03, 0xe3, 0xff, 0x03, 0x03, 0xe3, 0xff, 0x03, 0x03,
0xe2, 0xff, 0x03, 0x03, 0xe2, 0xff, 0x03, 0x03, 0xe2, 0xff, 0x03, 0x03, 0xe2, 0xff, 0x03,
0x03, 0xe2, 0xff, 0x03, 0x03, 0xe1, 0xff, 0x03, 0x03, 0xe1, 0xff, 0x03, 0x03, 0xe1, 0xff,
0x03, 0x03, 0xe1, 0xff, 0x03, 0x03, 0xe0, 0xff, 0x03, 0x03, 0xe0, 0xff, 0x03, 0x03, 0xe0,
0xff, 0x00, 0x00, 0xde, 0xff, 0x86, 0x86, 0xf1, 0xff, 0xff, 0xff, 0xff, 0xff, 0xfe, 0xfe,
0xff, 0xff, 0xfe, 0xfe, 0xff, 0xff, 0xfe, 0xfe, 0xff, 0xff, 0xfe, 0xfe, 0xff, 0xff, 0xff,
0xff, 0xff, 0xff, 0xb0, 0xb0, 0xf5, 0xff, 0x00, 0x00, 0xdb, 0xff, 0x84, 0x84, 0xef, 0xff,
0xff, 0xff, 0xff, 0xff, 0xfe, 0xfe, 0xff, 0xff, 0xfe, 0xfe, 0xff, 0xff, 0xfe, 0xfe, 0xff,
0xff, 0xfe, 0xfe, 0xff, 0xff, 0xfe, 0xfe, 0xff, 0xff, 0xfe, 0xfe, 0xff, 0xff, 0xff, 0xff,
0xff, 0xff, 0xff, 0xff, 0xff, 0xff, 0xff, 0xff, 0xff, 0xff, 0xff, 0xff, 0xff, 0xff, 0xff,
0xff, 0xff, 0xff, 0xff, 0xff, 0xff, 0xff, 0xff, 0xff, 0xff, 0xff, 0x53, 0x53, 0xe7, 0xff,
0x00, 0x00, 0xd9, 0xff, 0x03, 0x03, 0xdb, 0xff, 0x00, 0x00, 0xda, 0xff, 0x28, 0x28, 0xe0,
0xff, 0xff, 0xff, 0xff, 0xff, 0xff, 0xff, 0xff, 0xff, 0xff, 0xff, 0xff, 0xff, 0xff, 0xff,
0xff, 0xff, 0xff, 0xff, 0xff, 0xff, 0xff, 0xff, 0xff, 0xff, 0xff, 0xff, 0xff, 0xff, 0xff,
0xff, 0xff, 0xff, 0xfe, 0xfe, 0xff, 0xff, 0xfe, 0xfe, 0xff, 0xff, 0xfe, 0xfe, 0xff, 0xff,
0xfe, 0xfe, 0xff, 0xff, 0xfe, 0xfe, 0xff, 0xff, 0xfe, 0xfe, 0xff, 0xff, 0xff, 0xff, 0xff,
0xff, 0xba, 0xba, 0xf5, 0xff, 0x00, 0x00, 0xd5, 0xff, 0x1c, 0x1c, 0xdb, 0xff, 0xf1, 0xf1,
0xfd, 0xff, 0xff, 0xff, 0xff, 0xff, 0xfe, 0xfe, 0xff, 0xff, 0xfe, 0xfe, 0xff, 0xff, 0xff,
0xff, 0xff, 0xff, 0xaf, 0xaf, 0xf2, 0xff, 0x00, 0x00, 0xd4, 0xff, 0x02, 0x02, 0xd5, 0xff,
0x03, 0x03, 0xd6, 0xff, 0x03, 0x03, 0xd5, 0xff, 0x03, 0x03, 0xd5, 0xff, 0x03, 0x03, 0xd5,
0xff, 0x03, 0x03, 0xd5, 0xff, 0x03, 0x03, 0xd5, 0xff, 0x03, 0x03, 0xd5, 0xff, 0x03, 0x03,
0xd4, 0xff, 0x03, 0x03, 0xd4, 0xff, 0x03, 0x03, 0xd4, 0xff, 0x03, 0x03, 0xd4, 0xff, 0x03,
0x03, 0xd3, 0xff, 0x03, 0x03, 0xd3, 0xff, 0x03, 0x03, 0xd3, 0xff, 0x03, 0x03, 0xd3, 0xff,
0x03, 0x03, 0xd3, 0xff, 0x03, 0x03, 0xd2, 0xff, 0x03, 0x03, 0xd2, 0xff, 0x03, 0x03, 0xd2,
0xff, 0x03, 0x03, 0xd2, 0xff, 0x03, 0x03, 0xd2, 0xff, 0x03, 0x03, 0xd1, 0xff, 0x03, 0x03,
0xd1, 0xff, 0x03, 0x03, 0xd1, 0xff, 0x03, 0x03, 0xd1, 0xff, 0x03, 0x03, 0xd1, 0xff, 0x03,
0x03, 0xd0, 0xff, 0x02, 0x02, 0xd0, 0xcb, 0xff, 0xff, 0xff, 0x00, 0xff, 0xff, 0xff, 0x00,
0xff, 0xff, 0xff, 0x00, 0xff, 0xff, 0xff, 0x00, 0xff, 0xff, 0xff, 0x00, 0xff, 0xff, 0xff,
0x00, 0xff, 0xff, 0xff, 0x00, 0xff, 0xff, 0xff, 0x00, 0xff, 0xff, 0xff, 0x00, 0xff, 0xff,
0xff, 0x00, 0xff, 0xff, 0xff, 0x00, 0xff, 0xff, 0xff, 0x00, 0xff, 0xff, 0xff, 0x00, 0xff,
0xff, 0xff, 0x00, 0xff, 0xff, 0xff, 0x00, 0x03, 0x03, 0xe4, 0xb5, 0x03, 0x03, 0xe5, 0xff,
0x03, 0x03, 0xe5, 0xff, 0x03, 0x03, 0xe5, 0xff, 0x03, 0x03, 0xe4, 0xff, 0x03, 0x03, 0xe4,
0xff, 0x03, 0x03, 0xe4, 0xff, 0x03, 0x03, 0xe4, 0xff, 0x03, 0x03, 0xe4, 0xff, 0x03, 0x03,
0xe3, 0xff, 0x03, 0x03, 0xe3, 0xff, 0x03, 0x03, 0xe3, 0xff, 0x03, 0x03, 0xe3, 0xff, 0x03,
0x03, 0xe3, 0xff, 0x03, 0x03, 0xe2, 0xff, 0x03, 0x03, 0xe2, 0xff, 0x03, 0x03, 0xe2, 0xff,
0x03, 0x03, 0xe2, 0xff, 0x03, 0x03, 0xe2, 0xff, 0x03, 0x03, 0xe1, 0xff, 0x03, 0x03, 0xe1,
0xff, 0x03, 0x03, 0xe1, 0xff, 0x03, 0x03, 0xe1, 0xff, 0x03, 0x03, 0xe1, 0xff, 0x03, 0x03,
0xe0, 0xff, 0x03, 0x03, 0xe0, 0xff, 0x03, 0x03, 0xe0, 0xff, 0x03, 0x03, 0xe0, 0xff, 0x03,
0x03, 0xe0, 0xff, 0x00, 0x00, 0xde, 0xff, 0x5d, 0x5d, 0xeb, 0xff, 0xff, 0xff, 0xff, 0xff,
0xfe, 0xfe, 0xff, 0xff, 0xfe, 0xfe, 0xff, 0xff, 0xfe, 0xfe, 0xff, 0xff, 0xfe, 0xfe, 0xff,
0xff, 0xff, 0xff, 0xff, 0xff, 0xa8, 0xa8, 0xf4, 0xff, 0x00, 0x00, 0xda, 0xff, 0x82, 0x82,
0xef, 0xff, 0xff, 0xff, 0xff, 0xff, 0xfe, 0xfe, 0xff, 0xff, 0xfe, 0xfe, 0xff, 0xff, 0xfe,
0xfe, 0xff, 0xff, 0xfe, 0xfe, 0xff, 0xff, 0xff, 0xff, 0xff, 0xff, 0xfd, 0xfd, 0xff, 0xff,
0xbe, 0xbe, 0xf6, 0xff, 0xb0, 0xb0, 0xf4, 0xff, 0xb1, 0xb1, 0xf4, 0xff, 0xb1, 0xb1, 0xf4,
0xff, 0xb1, 0xb1, 0xf4, 0xff, 0xb2, 0xb2, 0xf4, 0xff, 0xb2, 0xb2, 0xf4, 0xff, 0x36, 0x36,
0xe3, 0xff, 0x01, 0x01, 0xda, 0xff, 0x03, 0x03, 0xdb, 0xff, 0x01, 0x01, 0xda, 0xff, 0x1b,
0x1b, 0xde, 0xff, 0xab, 0xab, 0xf3, 0xff, 0xb2, 0xb2, 0xf4, 0xff, 0xb1, 0xb1, 0xf3, 0xff,
0xb1, 0xb1, 0xf3, 0xff, 0xb1, 0xb1, 0xf4, 0xff, 0xb0, 0xb0, 0xf3, 0xff, 0xb7, 0xb7, 0xf4,
0xff, 0xf9, 0xf9, 0xfe, 0xff, 0xff, 0xff, 0xff, 0xff, 0xfe, 0xfe, 0xff, 0xff, 0xfe, 0xfe,
0xff, 0xff, 0xfe, 0xfe, 0xff, 0xff, 0xfe, 0xfe, 0xff, 0xff, 0xfe, 0xfe, 0xff, 0xff, 0xff,
0xff, 0xff, 0xff, 0xb9, 0xb9, 0xf4, 0xff, 0x00, 0x00, 0xd5, 0xff, 0x1c, 0x1c, 0xdb, 0xff,
0xf0, 0xf0, 0xfd, 0xff, 0xff, 0xff, 0xff, 0xff, 0xfe, 0xfe, 0xff, 0xff, 0xfe, 0xfe, 0xff,
0xff, 0xff, 0xff, 0xff, 0xff, 0x71, 0x71, 0xe8, 0xff, 0x00, 0x00, 0xd3, 0xff, 0x03, 0x03,
0xd5, 0xff, 0x03, 0x03, 0xd5, 0xff, 0x03, 0x03, 0xd5, 0xff, 0x03, 0x03, 0xd5, 0xff, 0x03,
0x03, 0xd5, 0xff, 0x03, 0x03, 0xd4, 0xff, 0x03, 0x03, 0xd4, 0xff, 0x03, 0x03, 0xd4, 0xff,
0x03, 0x03, 0xd4, 0xff, 0x03, 0x03, 0xd4, 0xff, 0x03, 0x03, 0xd4, 0xff, 0x03, 0x03, 0xd3,
0xff, 0x03, 0x03, 0xd3, 0xff, 0x03, 0x03, 0xd3, 0xff, 0x03, 0x03, 0xd3, 0xff, 0x03, 0x03,
0xd3, 0xff, 0x03, 0x03, 0xd2, 0xff, 0x03, 0x03, 0xd2, 0xff, 0x03, 0x03, 0xd2, 0xff, 0x03,
0x03, 0xd2, 0xff, 0x03, 0x03, 0xd2, 0xff, 0x03, 0x03, 0xd1, 0xff, 0x03, 0x03, 0xd1, 0xff,
0x03, 0x03, 0xd1, 0xff, 0x03, 0x03, 0xd1, 0xff, 0x03, 0x03, 0xd1, 0xff, 0x03, 0x03, 0xd0,
0xff, 0x03, 0x03, 0xd0, 0xff, 0x02, 0x02, 0xd0, 0xb2, 0xff, 0xff, 0xff, 0x00, 0xff, 0xff,
0xff, 0x00, 0xff, 0xff, 0xff, 0x00, 0xff, 0xff, 0xff, 0x00, 0xff, 0xff, 0xff, 0x00, 0xff,
0xff, 0xff, 0x00, 0xff, 0xff, 0xff, 0x00, 0xff, 0xff, 0xff, 0x00, 0xff, 0xff, 0xff, 0x00,
0xff, 0xff, 0xff, 0x00, 0xff, 0xff, 0xff, 0x00, 0xff, 0xff, 0xff, 0x00, 0xff, 0xff, 0xff,
0x00, 0xff, 0xff, 0xff, 0x00, 0xff, 0xff, 0xff, 0x00, 0x03, 0x03, 0xe9, 0xa0, 0x03, 0x03,
0xe4, 0xff, 0x03, 0x03, 0xe4, 0xff, 0x03, 0x03, 0xe4, 0xff, 0x03, 0x03, 0xe4, 0xff, 0x03,
0x03, 0xe4, 0xff, 0x03, 0x03, 0xe4, 0xff, 0x03, 0x03, 0xe3, 0xff, 0x03, 0x03, 0xe3, 0xff,
0x03, 0x03, 0xe3, 0xff, 0x03, 0x03, 0xe3, 0xff, 0x03, 0x03, 0xe3, 0xff, 0x03, 0x03, 0xe2,
0xff, 0x03, 0x03, 0xe2, 0xff, 0x03, 0x03, 0xe2, 0xff, 0x03, 0x03, 0xe2, 0xff, 0x03, 0x03,
0xe2, 0xff, 0x03, 0x03, 0xe1, 0xff, 0x03, 0x03, 0xe1, 0xff, 0x03, 0x03, 0xe1, 0xff, 0x03,
0x03, 0xe1, 0xff, 0x03, 0x03, 0xe1, 0xff, 0x03, 0x03, 0xe0, 0xff, 0x03, 0x03, 0xe0, 0xff,
0x03, 0x03, 0xe0, 0xff, 0x03, 0x03, 0xe0, 0xff, 0x03, 0x03, 0xe0, 0xff, 0x03, 0x03, 0xe0,
0xff, 0x03, 0x03, 0xdf, 0xff, 0x00, 0x00, 0xde, 0xff, 0x2e, 0x2e, 0xe5, 0xff, 0xfa, 0xfa,
0xff, 0xff, 0xff, 0xff, 0xff, 0xff, 0xfe, 0xfe, 0xff, 0xff, 0xfe, 0xfe, 0xff, 0xff, 0xfe,
0xfe, 0xff, 0xff, 0xff, 0xff, 0xff, 0xff, 0xa0, 0xa0, 0xf3, 0xff, 0x00, 0x00, 0xd9, 0xff,
0x80, 0x80, 0xee, 0xff, 0xff, 0xff, 0xff, 0xff, 0xfe, 0xfe, 0xff, 0xff, 0xfe, 0xfe, 0xff,
0xff, 0xfe, 0xfe, 0xff, 0xff, 0xfe, 0xfe, 0xff, 0xff, 0xff, 0xff, 0xff, 0xff, 0xfa, 0xfa,
0xff, 0xff, 0x1d, 0x1d, 0xdf, 0xff, 0x00, 0x00, 0xd7, 0xff, 0x00, 0x00, 0xd8, 0xff, 0x00,
0x00, 0xd8, 0xff, 0x00, 0x00, 0xd8, 0xff, 0x00, 0x00, 0xd8, 0xff, 0x00, 0x00, 0xd8, 0xff,
0x00, 0x00, 0xda, 0xff, 0x03, 0x03, 0xda, 0xff, 0x03, 0x03, 0xda, 0xff, 0x03, 0x03, 0xda,
0xff, 0x00, 0x00, 0xd9, 0xff, 0x00, 0x00, 0xd7, 0xff, 0x00, 0x00, 0xd6, 0xff, 0x00, 0x00,
0xd6, 0xff, 0x00, 0x00, 0xd6, 0xff, 0x00, 0x00, 0xd6, 0xff, 0x00, 0x00, 0xd4, 0xff, 0x03,
0x03, 0xd8, 0xff, 0xec, 0xec, 0xfc, 0xff, 0xff, 0xff, 0xff, 0xff, 0xfe, 0xfe, 0xff, 0xff,
0xfe, 0xfe, 0xff, 0xff, 0xfe, 0xfe, 0xff, 0xff, 0xfe, 0xfe, 0xff, 0xff, 0xfe, 0xfe, 0xff,
0xff, 0xff, 0xff, 0xff, 0xff, 0xb7, 0xb7, 0xf4, 0xff, 0x00, 0x00, 0xd3, 0xff, 0x1c, 0x1c,
0xda, 0xff, 0xf0, 0xf0, 0xfd, 0xff, 0xff, 0xff, 0xff, 0xff, 0xfe, 0xfe, 0xff, 0xff, 0xff,
0xff, 0xff, 0xff, 0xff, 0xff, 0xff, 0xff, 0x44, 0x44, 0xe0, 0xff, 0x00, 0x00, 0xd3, 0xff,
0x03, 0x03, 0xd5, 0xff, 0x03, 0x03, 0xd5, 0xff, 0x03, 0x03, 0xd5, 0xff, 0x03, 0x03, 0xd4,
0xff, 0x03, 0x03, 0xd4, 0xff, 0x03, 0x03, 0xd4, 0xff, 0x03, 0x03, 0xd4, 0xff, 0x03, 0x03,
0xd4, 0xff, 0x03, 0x03, 0xd3, 0xff, 0x03, 0x03, 0xd3, 0xff, 0x03, 0x03, 0xd3, 0xff, 0x03,
0x03, 0xd3, 0xff, 0x03, 0x03, 0xd3, 0xff, 0x03, 0x03, 0xd2, 0xff, 0x03, 0x03, 0xd2, 0xff,
0x03, 0x03, 0xd2, 0xff, 0x03, 0x03, 0xd2, 0xff, 0x03, 0x03, 0xd2, 0xff, 0x03, 0x03, 0xd1,
0xff, 0x03, 0x03, 0xd1, 0xff, 0x03, 0x03, 0xd1, 0xff, 0x03, 0x03, 0xd1, 0xff, 0x03, 0x03,
0xd1, 0xff, 0x03, 0x03, 0xd0, 0xff, 0x03, 0x03, 0xd0, 0xff, 0x03, 0x03, 0xd0, 0xff, 0x03,
0x03, 0xd0, 0xff, 0x03, 0x03, 0xd0, 0xff, 0x02, 0x02, 0xcf, 0x8e, 0xff, 0xff, 0xff, 0x00,
0xff, 0xff, 0xff, 0x00, 0xff, 0xff, 0xff, 0x00, 0xff, 0xff, 0xff, 0x00, 0xff, 0xff, 0xff,
0x00, 0xff, 0xff, 0xff, 0x00, 0xff, 0xff, 0xff, 0x00, 0xff, 0xff, 0xff, 0x00, 0xff, 0xff,
0xff, 0x00, 0xff, 0xff, 0xff, 0x00, 0xff, 0xff, 0xff, 0x00, 0xff, 0xff, 0xff, 0x00, 0xff,
0xff, 0xff, 0x00, 0xff, 0xff, 0xff, 0x00, 0xff, 0xff, 0xff, 0x00, 0x02, 0x02, 0xc0, 0x85,
0x03, 0x03, 0xe9, 0xff, 0x03, 0x03, 0xe4, 0xff, 0x03, 0x03, 0xe4, 0xff, 0x03, 0x03, 0xe3,
0xff, 0x03, 0x03, 0xe3, 0xff, 0x03, 0x03, 0xe3, 0xff, 0x03, 0x03, 0xe3, 0xff, 0x03, 0x03,
0xe3, 0xff, 0x03, 0x03, 0xe2, 0xff, 0x03, 0x03, 0xe2, 0xff, 0x03, 0x03, 0xe2, 0xff, 0x03,
0x03, 0xe2, 0xff, 0x03, 0x03, 0xe2, 0xff, 0x03, 0x03, 0xe1, 0xff, 0x03, 0x03, 0xe1, 0xff,
0x03, 0x03, 0xe1, 0xff, 0x03, 0x03, 0xe1, 0xff, 0x03, 0x03, 0xe0, 0xff, 0x03, 0x03, 0xe0,
0xff, 0x03, 0x03, 0xe0, 0xff, 0x03, 0x03, 0xe0, 0xff, 0x03, 0x03, 0xe0, 0xff, 0x03, 0x03,
0xe0, 0xff, 0x03, 0x03, 0xe0, 0xff, 0x03, 0x03, 0xdf, 0xff, 0x03, 0x03, 0xdf, 0xff, 0x03,
0x03, 0xdf, 0xff, 0x03, 0x03, 0xdf, 0xff, 0x01, 0x01, 0xdf, 0xff, 0x04, 0x04, 0xde, 0xff,
0xcb, 0xcb, 0xf9, 0xff, 0xff, 0xff, 0xff, 0xff, 0xfe, 0xfe, 0xff, 0xff, 0xfe, 0xfe, 0xff,
0xff, 0xfe, 0xfe, 0xff, 0xff, 0xff, 0xff, 0xff, 0xff, 0x98, 0x98, 0xf1, 0xff, 0x00, 0x00,
0xd9, 0xff, 0x7c, 0x7c, 0xed, 0xff, 0xff, 0xff, 0xff, 0xff, 0xfe, 0xfe, 0xff, 0xff, 0xfe,
0xfe, 0xff, 0xff, 0xfe, 0xfe, 0xff, 0xff, 0xfe, 0xfe, 0xff, 0xff, 0xff, 0xff, 0xff, 0xff,
0xfb, 0xfb, 0xff, 0xff, 0x58, 0x58, 0xe7, 0xff, 0x32, 0x32, 0xe2, 0xff, 0x35, 0x35, 0xe2,
0xff, 0x35, 0x35, 0xe2, 0xff, 0x35, 0x35, 0xe2, 0xff, 0x35, 0x35, 0xe2, 0xff, 0x37, 0x37,
0xe2, 0xff, 0x12, 0x12, 0xdc, 0xff, 0x02, 0x02, 0xd9, 0xff, 0x03, 0x03, 0xda, 0xff, 0x02,
0x02, 0xd9, 0xff, 0x0a, 0x0a, 0xda, 0xff, 0x33, 0x33, 0xe0, 0xff, 0x36, 0x36, 0xe1, 0xff,
0x35, 0x35, 0xe1, 0xff, 0x35, 0x35, 0xe0, 0xff, 0x35, 0x35, 0xe0, 0xff, 0x33, 0x33, 0xdf,
0xff, 0x44, 0x44, 0xe2, 0xff, 0xf0, 0xf0, 0xfd, 0xff, 0xff, 0xff, 0xff, 0xff, 0xfe, 0xfe,
0xff, 0xff, 0xfe, 0xfe, 0xff, 0xff, 0xfe, 0xfe, 0xff, 0xff, 0xfe, 0xfe, 0xff, 0xff, 0xfe,
0xfe, 0xff, 0xff, 0xff, 0xff, 0xff, 0xff, 0xb4, 0xb4, 0xf3, 0xff, 0x00, 0x00, 0xd3, 0xff,
0x1b, 0x1b, 0xda, 0xff, 0xf0, 0xf0, 0xfd, 0xff, 0xff, 0xff, 0xff, 0xff, 0xfe, 0xfe, 0xff,
0xff, 0xff, 0xff, 0xff, 0xff, 0xe1, 0xe1, 0xfa, 0xff, 0x0e, 0x0e, 0xd6, 0xff, 0x01, 0x01,
0xd4, 0xff, 0x03, 0x03, 0xd4, 0xff, 0x03, 0x03, 0xd4, 0xff, 0x03, 0x03, 0xd4, 0xff, 0x03,
0x03, 0xd4, 0xff, 0x03, 0x03, 0xd4, 0xff, 0x03, 0x03, 0xd3, 0xff, 0x03, 0x03, 0xd3, 0xff,
0x03, 0x03, 0xd3, 0xff, 0x03, 0x03, 0xd3, 0xff, 0x03, 0x03, 0xd3, 0xff, 0x03, 0x03, 0xd2,
0xff, 0x03, 0x03, 0xd2, 0xff, 0x03, 0x03, 0xd2, 0xff, 0x03, 0x03, 0xd2, 0xff, 0x03, 0x03,
0xd2, 0xff, 0x03, 0x03, 0xd1, 0xff, 0x03, 0x03, 0xd1, 0xff, 0x03, 0x03, 0xd1, 0xff, 0x03,
0x03, 0xd1, 0xff, 0x03, 0x03, 0xd1, 0xff, 0x03, 0x03, 0xd0, 0xff, 0x03, 0x03, 0xd0, 0xff,
0x03, 0x03, 0xd0, 0xff, 0x03, 0x03, 0xd0, 0xff, 0x03, 0x03, 0xd0, 0xff, 0x03, 0x03, 0xd0,
0xff, 0x03, 0x03, 0xd0, 0xff, 0x03, 0x03, 0xcf, 0xff, 0x03, 0x03, 0xcc, 0x64, 0xff, 0xff,
0xff, 0x00, 0xff, 0xff, 0xff, 0x00, 0xff, 0xff, 0xff, 0x00, 0xff, 0xff, 0xff, 0x00, 0xff,
0xff, 0xff, 0x00, 0xff, 0xff, 0xff, 0x00, 0xff, 0xff, 0xff, 0x00, 0xff, 0xff, 0xff, 0x00,
0xff, 0xff, 0xff, 0x00, 0xff, 0xff, 0xff, 0x00, 0xff, 0xff, 0xff, 0x00, 0xff, 0xff, 0xff,
0x00, 0xff, 0xff, 0xff, 0x00, 0xff, 0xff, 0xff, 0x00, 0xff, 0xff, 0xff, 0x00, 0x03, 0x03,
0xd5, 0x67, 0x03, 0x03, 0xe5, 0xff, 0x03, 0x03, 0xe3, 0xff, 0x03, 0x03, 0xe3, 0xff, 0x03,
0x03, 0xe3, 0xff, 0x03, 0x03, 0xe3, 0xff, 0x03, 0x03, 0xe2, 0xff, 0x03, 0x03, 0xe2, 0xff,
0x03, 0x03, 0xe2, 0xff, 0x03, 0x03, 0xe2, 0xff, 0x03, 0x03, 0xe2, 0xff, 0x03, 0x03, 0xe1,
0xff, 0x03, 0x03, 0xe1, 0xff, 0x03, 0x03, 0xe1, 0xff, 0x03, 0x03, 0xe1, 0xff, 0x03, 0x03,
0xe1, 0xff, 0x03, 0x03, 0xe0, 0xff, 0x03, 0x03, 0xe0, 0xff, 0x03, 0x03, 0xe0, 0xff, 0x03,
0x03, 0xe0, 0xff, 0x03, 0x03, 0xe0, 0xff, 0x03, 0x03, 0xe0, 0xff, 0x03, 0x03, 0xe0, 0xff,
0x03, 0x03, 0xdf, 0xff, 0x03, 0x03, 0xdf, 0xff, 0x03, 0x03, 0xdf, 0xff, 0x03, 0x03, 0xdf,
0xff, 0x03, 0x03, 0xdf, 0xff, 0x03, 0x03, 0xde, 0xff, 0x03, 0x03, 0xde, 0xff, 0x00, 0x00,
0xdc, 0xff, 0x81, 0x81, 0xef, 0xff, 0xff, 0xff, 0xff, 0xff, 0xfe, 0xfe, 0xff, 0xff, 0xfe,
0xfe, 0xff, 0xff, 0xfe, 0xfe, 0xff, 0xff, 0xff, 0xff, 0xff, 0xff, 0x8f, 0x8f, 0xf0, 0xff,
0x00, 0x00, 0xd8, 0xff, 0x75, 0x75, 0xec, 0xff, 0xff, 0xff, 0xff, 0xff, 0xfe, 0xfe, 0xff,
0xff, 0xfe, 0xfe, 0xff, 0xff, 0xfe, 0xfe, 0xff, 0xff, 0xfe, 0xfe, 0xff, 0xff, 0xfe, 0xfe,
0xff, 0xff, 0xfe, 0xfe, 0xff, 0xff, 0xff, 0xff, 0xff, 0xff, 0xff, 0xff, 0xff, 0xff, 0xff,
0xff, 0xff, 0xff, 0xff, 0xff, 0xff, 0xff, 0xff, 0xff, 0xff, 0xff, 0xff, 0xff, 0xff, 0xff,
0xff, 0xff, 0xff, 0xff, 0x4c, 0x4c, 0xe4, 0xff, 0x00, 0x00, 0xd7, 0xff, 0x03, 0x03, 0xd9,
0xff, 0x00, 0x00, 0xd8, 0xff, 0x25, 0x25, 0xde, 0xff, 0xf6, 0xf6, 0xfe, 0xff, 0xff, 0xff,
0xff, 0xff, 0xff, 0xff, 0xff, 0xff, 0xff, 0xff, 0xff, 0xff, 0xff, 0xff, 0xff, 0xff, 0xff,
0xff, 0xff, 0xff, 0xff, 0xff, 0xff, 0xff, 0xfe, 0xfe, 0xff, 0xff, 0xfe, 0xfe, 0xff, 0xff,
0xfe, 0xfe, 0xff, 0xff, 0xfe, 0xfe, 0xff, 0xff, 0xfe, 0xfe, 0xff, 0xff, 0xfe, 0xfe, 0xff,
0xff, 0xfe, 0xfe, 0xff, 0xff, 0xff, 0xff, 0xff, 0xff, 0xb2, 0xb2, 0xf2, 0xff, 0x00, 0x00,
0xd2, 0xff, 0x1b, 0x1b, 0xd9, 0xff, 0xf0, 0xf0, 0xfd, 0xff, 0xff, 0xff, 0xff, 0xff, 0xfe,
0xfe, 0xff, 0xff, 0xff, 0xff, 0xff, 0xff, 0x99, 0x99, 0xee, 0xff, 0x00, 0x00, 0xd2, 0xff,
0x03, 0x03, 0xd4, 0xff, 0x03, 0x03, 0xd4, 0xff, 0x03, 0x03, 0xd4, 0xff, 0x03, 0x03, 0xd3,
0xff, 0x03, 0x03, 0xd3, 0xff, 0x03, 0x03, 0xd3, 0xff, 0x03, 0x03, 0xd3, 0xff, 0x03, 0x03,
0xd3, 0xff, 0x03, 0x03, 0xd2, 0xff, 0x03, 0x03, 0xd2, 0xff, 0x03, 0x03, 0xd2, 0xff, 0x03,
0x03, 0xd2, 0xff, 0x03, 0x03, 0xd2, 0xff, 0x03, 0x03, 0xd1, 0xff, 0x03, 0x03, 0xd1, 0xff,
0x03, 0x03, 0xd1, 0xff, 0x03, 0x03, 0xd1, 0xff, 0x03, 0x03, 0xd1, 0xff, 0x03, 0x03, 0xd0,
0xff, 0x03, 0x03, 0xd0, 0xff, 0x03, 0x03, 0xd0, 0xff, 0x03, 0x03, 0xd0, 0xff, 0x03, 0x03,
0xd0, 0xff, 0x03, 0x03, 0xd0, 0xff, 0x03, 0x03, 0xd0, 0xff, 0x03, 0x03, 0xcf, 0xff, 0x03,
0x03, 0xcf, 0xff, 0x03, 0x03, 0xcf, 0xff, 0x03, 0x03, 0xd2, 0xff, 0x02, 0x02, 0x85, 0x3a,
0xff, 0xff, 0xff, 0x00, 0xff, 0xff, 0xff, 0x00, 0xff, 0xff, 0xff, 0x00, 0xff, 0xff, 0xff,
0x00, 0xff, 0xff, 0xff, 0x00, 0xff, 0xff, 0xff, 0x00, 0xff, 0xff, 0xff, 0x00, 0xff, 0xff,
0xff, 0x00, 0xff, 0xff, 0xff, 0x00, 0xff, 0xff, 0xff, 0x00, 0xff, 0xff, 0xff, 0x00, 0xff,
0xff, 0xff, 0x00, 0xff, 0xff, 0xff, 0x00, 0xff, 0xff, 0xff, 0x00, 0xff, 0xff, 0xff, 0x00,
0x02, 0x02, 0xde, 0x40, 0x03, 0x03, 0xe3, 0xff, 0x03, 0x03, 0xe3, 0xff, 0x03, 0x03, 0xe2,
0xff, 0x03, 0x03, 0xe2, 0xff, 0x03, 0x03, 0xe2, 0xff, 0x03, 0x03, 0xe2, 0xff, 0x03, 0x03,
0xe2, 0xff, 0x03, 0x03, 0xe1, 0xff, 0x03, 0x03, 0xe1, 0xff, 0x03, 0x03, 0xe1, 0xff, 0x03,
0x03, 0xe1, 0xff, 0x03, 0x03, 0xe1, 0xff, 0x03, 0x03, 0xe0, 0xff, 0x03, 0x03, 0xe0, 0xff,
0x03, 0x03, 0xe0, 0xff, 0x03, 0x03, 0xe0, 0xff, 0x03, 0x03, 0xe0, 0xff, 0x03, 0x03, 0xe0,
0xff, 0x03, 0x03, 0xe0, 0xff, 0x03, 0x03, 0xdf, 0xff, 0x03, 0x03, 0xdf, 0xff, 0x03, 0x03,
0xdf, 0xff, 0x03, 0x03, 0xdf, 0xff, 0x03, 0x03, 0xdf, 0xff, 0x03, 0x03, 0xde, 0xff, 0x03,
0x03, 0xde, 0xff, 0x03, 0x03, 0xde, 0xff, 0x03, 0x03, 0xde, 0xff, 0x03, 0x03, 0xdd, 0xff,
0x00, 0x00, 0xdc, 0xff, 0x3f, 0x3f, 0xe5, 0xff, 0xff, 0xff, 0xff, 0xff, 0xff, 0xff, 0xff,
0xff, 0xfe, 0xfe, 0xff, 0xff, 0xfe, 0xfe, 0xff, 0xff, 0xff, 0xff, 0xff, 0xff, 0x85, 0x85,
0xee, 0xff, 0x00, 0x00, 0xd8, 0xff, 0x6f, 0x6f, 0xeb, 0xff, 0xff, 0xff, 0xff, 0xff, 0xfe,
0xfe, 0xff, 0xff, 0xfe, 0xfe, 0xff, 0xff, 0xfe, 0xfe, 0xff, 0xff, 0xfe, 0xfe, 0xff, 0xff,
0xfe, 0xfe, 0xff, 0xff, 0xfe, 0xfe, 0xff, 0xff, 0xff, 0xff, 0xff, 0xff, 0xff, 0xff, 0xff,
0xff, 0xff, 0xff, 0xff, 0xff, 0xff, 0xff, 0xff, 0xff, 0xff, 0xff, 0xff, 0xff, 0xff, 0xff,
0xff, 0xff, 0xff, 0xff, 0xff, 0xff, 0x4d, 0x4d, 0xe4, 0xff, 0x00, 0x00, 0xd7, 0xff, 0x03,
0x03, 0xd9, 0xff, 0x00, 0x00, 0xd7, 0xff, 0x25, 0x25, 0xdd, 0xff, 0xf7, 0xf7, 0xfe, 0xff,
0xff, 0xff, 0xff, 0xff, 0xff, 0xff, 0xff, 0xff, 0xff, 0xff, 0xff, 0xff, 0xff, 0xff, 0xff,
0xff, 0xff, 0xff, 0xff, 0xff, 0xff, 0xff, 0xff, 0xff, 0xfe, 0xfe, 0xff, 0xff, 0xfe, 0xfe,
0xff, 0xff, 0xfe, 0xfe, 0xff, 0xff, 0xfe, 0xfe, 0xff, 0xff, 0xfe, 0xfe, 0xff, 0xff, 0xfe,
0xfe, 0xff, 0xff, 0xfe, 0xfe, 0xff, 0xff, 0xff, 0xff, 0xff, 0xff, 0xaf, 0xaf, 0xf2, 0xff,
0x00, 0x00, 0xd2, 0xff, 0x1b, 0x1b, 0xd9, 0xff, 0xf0, 0xf0, 0xfd, 0xff, 0xff, 0xff, 0xff,
0xff, 0xff, 0xff, 0xff, 0xff, 0xff, 0xff, 0xff, 0xff, 0x4b, 0x4b, 0xe0, 0xff, 0x00, 0x00,
0xd2, 0xff, 0x03, 0x03, 0xd4, 0xff, 0x03, 0x03, 0xd3, 0xff, 0x03, 0x03, 0xd3, 0xff, 0x03,
0x03, 0xd3, 0xff, 0x03, 0x03, 0xd3, 0xff, 0x03, 0x03, 0xd2, 0xff, 0x03, 0x03, 0xd2, 0xff,
0x03, 0x03, 0xd2, 0xff, 0x03, 0x03, 0xd2, 0xff, 0x03, 0x03, 0xd2, 0xff, 0x03, 0x03, 0xd2,
0xff, 0x03, 0x03, 0xd1, 0xff, 0x03, 0x03, 0xd1, 0xff, 0x03, 0x03, 0xd1, 0xff, 0x03, 0x03,
0xd1, 0xff, 0x03, 0x03, 0xd0, 0xff, 0x03, 0x03, 0xd0, 0xff, 0x03, 0x03, 0xd0, 0xff, 0x03,
0x03, 0xd0, 0xff, 0x03, 0x03, 0xd0, 0xff, 0x03, 0x03, 0xd0, 0xff, 0x03, 0x03, 0xd0, 0xff,
0x03, 0x03, 0xcf, 0xff, 0x03, 0x03, 0xcf, 0xff, 0x03, 0x03, 0xcf, 0xff, 0x03, 0x03, 0xcf,
0xff, 0x03, 0x03, 0xcf, 0xff, 0x03, 0x03, 0xcf, 0xff, 0x04, 0x04, 0xce, 0xef, 0x02, 0x02,
0xc1, 0x16, 0xff, 0xff, 0xff, 0x00, 0xff, 0xff, 0xff, 0x00, 0xff, 0xff, 0xff, 0x00, 0xff,
0xff, 0xff, 0x00, 0xff, 0xff, 0xff, 0x00, 0xff, 0xff, 0xff, 0x00, 0xff, 0xff, 0xff, 0x00,
0xff, 0xff, 0xff, 0x00, 0xff, 0xff, 0xff, 0x00, 0xff, 0xff, 0xff, 0x00, 0xff, 0xff, 0xff,
0x00, 0xff, 0xff, 0xff, 0x00, 0xff, 0xff, 0xff, 0x00, 0xff, 0xff, 0xff, 0x00, 0xff, 0xff,
0xff, 0x00, 0x01, 0x01, 0xe0, 0x1b, 0x03, 0x03, 0xe2, 0xf3, 0x03, 0x03, 0xe2, 0xff, 0x03,
0x03, 0xe2, 0xff, 0x03, 0x03, 0xe2, 0xff, 0x03, 0x03, 0xe2, 0xff, 0x03, 0x03, 0xe1, 0xff,
0x03, 0x03, 0xe1, 0xff, 0x03, 0x03, 0xe1, 0xff, 0x03, 0x03, 0xe1, 0xff, 0x03, 0x03, 0xe0,
0xff, 0x03, 0x03, 0xe0, 0xff, 0x03, 0x03, 0xe0, 0xff, 0x03, 0x03, 0xe0, 0xff, 0x03, 0x03,
0xe0, 0xff, 0x03, 0x03, 0xe0, 0xff, 0x03, 0x03, 0xe0, 0xff, 0x03, 0x03, 0xdf, 0xff, 0x03,
0x03, 0xdf, 0xff, 0x03, 0x03, 0xdf, 0xff, 0x03, 0x03, 0xdf, 0xff, 0x03, 0x03, 0xdf, 0xff,
0x03, 0x03, 0xde, 0xff, 0x03, 0x03, 0xde, 0xff, 0x03, 0x03, 0xde, 0xff, 0x03, 0x03, 0xde,
0xff, 0x03, 0x03, 0xde, 0xff, 0x03, 0x03, 0xdd, 0xff, 0x03, 0x03, 0xdd, 0xff, 0x03, 0x03,
0xdd, 0xff, 0x00, 0x00, 0xdc, 0xff, 0x1e, 0x1e, 0xe0, 0xff, 0xf4, 0xf4, 0xfe, 0xff, 0xff,
0xff, 0xff, 0xff, 0xfe, 0xfe, 0xff, 0xff, 0xfe, 0xfe, 0xff, 0xff, 0xff, 0xff, 0xff, 0xff,
0x7e, 0x7e, 0xed, 0xff, 0x00, 0x00, 0xd7, 0xff, 0x68, 0x68, 0xea, 0xff, 0xff, 0xff, 0xff,
0xff, 0xfe, 0xfe, 0xff, 0xff, 0xfe, 0xfe, 0xff, 0xff, 0xfe, 0xfe, 0xff, 0xff, 0xfe, 0xfe,
0xff, 0xff, 0xfe, 0xfe, 0xff, 0xff, 0xfe, 0xfe, 0xff, 0xff, 0xfe, 0xfe, 0xff, 0xff, 0xfe,
0xfe, 0xff, 0xff, 0xfe, 0xfe, 0xff, 0xff, 0xfe, 0xfe, 0xff, 0xff, 0xfe, 0xfe, 0xff, 0xff,
0xff, 0xff, 0xff, 0xff, 0xff, 0xff, 0xff, 0xff, 0x4c, 0x4c, 0xe4, 0xff, 0x00, 0x00, 0xd6,
0xff, 0x03, 0x03, 0xd8, 0xff, 0x00, 0x00, 0xd7, 0xff, 0x25, 0x25, 0xdd, 0xff, 0xf5, 0xf5,
0xfe, 0xff, 0xff, 0xff, 0xff, 0xff, 0xfe, 0xfe, 0xff, 0xff, 0xfe, 0xfe, 0xff, 0xff, 0xfe,
0xfe, 0xff, 0xff, 0xfe, 0xfe, 0xff, 0xff, 0xfe, 0xfe, 0xff, 0xff, 0xfe, 0xfe, 0xff, 0xff,
0xfe, 0xfe, 0xff, 0xff, 0xfe, 0xfe, 0xff, 0xff, 0xfe, 0xfe, 0xff, 0xff, 0xfe, 0xfe, 0xff,
0xff, 0xfe, 0xfe, 0xff, 0xff, 0xfe, 0xfe, 0xff, 0xff, 0xff, 0xff, 0xff, 0xff, 0xab, 0xab,
0xf1, 0xff, 0x00, 0x00, 0xd2, 0xff, 0x1b, 0x1b, 0xd8, 0xff, 0xf0, 0xf0, 0xfd, 0xff, 0xff,
0xff, 0xff, 0xff, 0xff, 0xff, 0xff, 0xff, 0xf8, 0xf8, 0xfe, 0xff, 0x24, 0x24, 0xd9, 0xff,
0x00, 0x00, 0xd2, 0xff, 0x03, 0x03, 0xd3, 0xff, 0x03, 0x03, 0xd3, 0xff, 0x03, 0x03, 0xd3,
0xff, 0x03, 0x03, 0xd2, 0xff, 0x03, 0x03, 0xd2, 0xff, 0x03, 0x03, 0xd2, 0xff, 0x03, 0x03,
0xd2, 0xff, 0x03, 0x03, 0xd2, 0xff, 0x03, 0x03, 0xd1, 0xff, 0x03, 0x03, 0xd1, 0xff, 0x03,
0x03, 0xd1, 0xff, 0x03, 0x03, 0xd1, 0xff, 0x03, 0x03, 0xd0, 0xff, 0x03, 0x03, 0xd0, 0xff,
0x03, 0x03, 0xd0, 0xff, 0x03, 0x03, 0xd0, 0xff, 0x03, 0x03, 0xd0, 0xff, 0x03, 0x03, 0xd0,
0xff, 0x03, 0x03, 0xd0, 0xff, 0x03, 0x03, 0xcf, 0xff, 0x03, 0x03, 0xcf, 0xff, 0x03, 0x03,
0xcf, 0xff, 0x03, 0x03, 0xcf, 0xff, 0x03, 0x03, 0xcf, 0xff, 0x03, 0x03, 0xce, 0xff, 0x04,
0x04, 0xce, 0xff, 0x04, 0x04, 0xce, 0xff, 0x04, 0x04, 0xce, 0xff, 0x04, 0x04, 0xce, 0xd9,
0x02, 0x02, 0xcb, 0x05, 0xff, 0xff, 0xff, 0x00, 0xff, 0xff, 0xff, 0x00, 0xff, 0xff, 0xff,
0x00, 0xff, 0xff, 0xff, 0x00, 0xff, 0xff, 0xff, 0x00, 0xff, 0xff, 0xff, 0x00, 0xff, 0xff,
0xff, 0x00, 0xff, 0xff, 0xff, 0x00, 0xff, 0xff, 0xff, 0x00, 0xff, 0xff, 0xff, 0x00, 0xff,
0xff, 0xff, 0x00, 0xff, 0xff, 0xff, 0x00, 0xff, 0xff, 0xff, 0x00, 0xff, 0xff, 0xff, 0x00,
0xff, 0xff, 0xff, 0x00, 0x01, 0x01, 0xd8, 0x07, 0x03, 0x03, 0xe0, 0xdd, 0x03, 0x03, 0xe2,
0xff, 0x03, 0x03, 0xe1, 0xff, 0x03, 0x03, 0xe1, 0xff, 0x03, 0x03, 0xe1, 0xff, 0x03, 0x03,
0xe1, 0xff, 0x03, 0x03, 0xe0, 0xff, 0x03, 0x03, 0xe0, 0xff, 0x03, 0x03, 0xe0, 0xff, 0x03,
0x03, 0xe0, 0xff, 0x03, 0x03, 0xe0, 0xff, 0x03, 0x03, 0xe0, 0xff, 0x03, 0x03, 0xe0, 0xff,
0x03, 0x03, 0xdf, 0xff, 0x03, 0x03, 0xdf, 0xff, 0x03, 0x03, 0xdf, 0xff, 0x03, 0x03, 0xdf,
0xff, 0x03, 0x03, 0xdf, 0xff, 0x03, 0x03, 0xde, 0xff, 0x03, 0x03, 0xde, 0xff, 0x03, 0x03,
0xde, 0xff, 0x03, 0x03, 0xde, 0xff, 0x03, 0x03, 0xde, 0xff, 0x03, 0x03, 0xdd, 0xff, 0x03,
0x03, 0xdd, 0xff, 0x03, 0x03, 0xdd, 0xff, 0x03, 0x03, 0xdd, 0xff, 0x03, 0x03, 0xdd, 0xff,
0x03, 0x03, 0xdd, 0xff, 0x02, 0x02, 0xdc, 0xff, 0x02, 0x02, 0xdb, 0xff, 0xc3, 0xc3, 0xf7,
0xff, 0xff, 0xff, 0xff, 0xff, 0xfe, 0xfe, 0xff, 0xff, 0xfe, 0xfe, 0xff, 0xff, 0xff, 0xff,
0xff, 0xff, 0x79, 0x79, 0xec, 0xff, 0x00, 0x00, 0xd7, 0xff, 0x62, 0x62, 0xe9, 0xff, 0xff,
0xff, 0xff, 0xff, 0xfe, 0xfe, 0xff, 0xff, 0xfe, 0xfe, 0xff, 0xff, 0xfe, 0xfe, 0xff, 0xff,
0xfe, 0xfe, 0xff, 0xff, 0xfe, 0xfe, 0xff, 0xff, 0xfe, 0xfe, 0xff, 0xff, 0xfe, 0xfe, 0xff,
0xff, 0xfe, 0xfe, 0xff, 0xff, 0xfe, 0xfe, 0xff, 0xff, 0xfe, 0xfe, 0xff, 0xff, 0xfe, 0xfe,
0xff, 0xff, 0xff, 0xff, 0xff, 0xff, 0xff, 0xff, 0xff, 0xff, 0x4c, 0x4c, 0xe4, 0xff, 0x00,
0x00, 0xd6, 0xff, 0x03, 0x03, 0xd7, 0xff, 0x00, 0x00, 0xd6, 0xff, 0x25, 0x25, 0xdc, 0xff,
0xf5, 0xf5, 0xfe, 0xff, 0xff, 0xff, 0xff, 0xff, 0xfe, 0xfe, 0xff, 0xff, 0xfe, 0xfe, 0xff,
0xff, 0xfe, 0xfe, 0xff, 0xff, 0xfe, 0xfe, 0xff, 0xff, 0xfe, 0xfe, 0xff, 0xff, 0xfe, 0xfe,
0xff, 0xff, 0xfe, 0xfe, 0xff, 0xff, 0xfe, 0xfe, 0xff, 0xff, 0xfe, 0xfe, 0xff, 0xff, 0xfe,
0xfe, 0xff, 0xff, 0xfe, 0xfe, 0xff, 0xff, 0xfe, 0xfe, 0xff, 0xff, 0xff, 0xff, 0xff, 0xff,
0xa8, 0xa8, 0xf0, 0xff, 0x00, 0x00, 0xd1, 0xff, 0x1b, 0x1b, 0xd8, 0xff, 0xf0, 0xf0, 0xfd,
0xff, 0xff, 0xff, 0xff, 0xff, 0xff, 0xff, 0xff, 0xff, 0xcf, 0xcf, 0xf7, 0xff, 0x06, 0x06,
0xd3, 0xff, 0x01, 0x01, 0xd2, 0xff, 0x03, 0x03, 0xd2, 0xff, 0x03, 0x03, 0xd2, 0xff, 0x03,
0x03, 0xd2, 0xff, 0x03, 0x03, 0xd2, 0xff, 0x03, 0x03, 0xd2, 0xff, 0x03, 0x03, 0xd1, 0xff,
0x03, 0x03, 0xd1, 0xff, 0x03, 0x03, 0xd1, 0xff, 0x03, 0x03, 0xd1, 0xff, 0x03, 0x03, 0xd1,
0xff, 0x03, 0x03, 0xd0, 0xff, 0x03, 0x03, 0xd0, 0xff, 0x03, 0x03, 0xd0, 0xff, 0x03, 0x03,
0xd0, 0xff, 0x03, 0x03, 0xd0, 0xff, 0x03, 0x03, 0xd0, 0xff, 0x03, 0x03, 0xd0, 0xff, 0x03,
0x03, 0xcf, 0xff, 0x03, 0x03, 0xcf, 0xff, 0x03, 0x03, 0xcf, 0xff, 0x03, 0x03, 0xcf, 0xff,
0x03, 0x03, 0xcf, 0xff, 0x03, 0x03, 0xce, 0xff, 0x04, 0x04, 0xce, 0xff, 0x04, 0x04, 0xce,
0xff, 0x04, 0x04, 0xce, 0xff, 0x04, 0x04, 0xce, 0xff, 0x04, 0x04, 0xcd, 0xff, 0x03, 0x03,
0xd0, 0xc0, 0x02, 0x02, 0xd0, 0x00, 0xff, 0xff, 0xff, 0x00, 0xff, 0xff, 0xff, 0x00, 0xff,
0xff, 0xff, 0x00, 0xff, 0xff, 0xff, 0x00, 0xff, 0xff, 0xff, 0x00, 0xff, 0xff, 0xff, 0x00,
0xff, 0xff, 0xff, 0x00, 0xff, 0xff, 0xff, 0x00, 0xff, 0xff, 0xff, 0x00, 0xff, 0xff, 0xff,
0x00, 0xff, 0xff, 0xff, 0x00, 0xff, 0xff, 0xff, 0x00, 0xff, 0xff, 0xff, 0x00, 0xff, 0xff,
0xff, 0x00, 0xff, 0xff, 0xff, 0x00, 0x01, 0x01, 0xd8, 0x00, 0x02, 0x02, 0xdf, 0xc3, 0x03,
0x03, 0xe1, 0xff, 0x03, 0x03, 0xe1, 0xff, 0x03, 0x03, 0xe1, 0xff, 0x03, 0x03, 0xe0, 0xff,
0x03, 0x03, 0xe0, 0xff, 0x03, 0x03, 0xe0, 0xff, 0x03, 0x03, 0xe0, 0xff, 0x03, 0x03, 0xe0,
0xff, 0x03, 0x03, 0xe0, 0xff, 0x03, 0x03, 0xe0, 0xff, 0x03, 0x03, 0xdf, 0xff, 0x03, 0x03,
0xdf, 0xff, 0x03, 0x03, 0xdf, 0xff, 0x03, 0x03, 0xdf, 0xff, 0x03, 0x03, 0xde, 0xff, 0x03,
0x03, 0xde, 0xff, 0x03, 0x03, 0xde, 0xff, 0x03, 0x03, 0xde, 0xff, 0x03, 0x03, 0xde, 0xff,
0x03, 0x03, 0xdd, 0xff, 0x03, 0x03, 0xdd, 0xff, 0x03, 0x03, 0xdd, 0xff, 0x03, 0x03, 0xdd,
0xff, 0x03, 0x03, 0xdd, 0xff, 0x03, 0x03, 0xdc, 0xff, 0x03, 0x03, 0xdc, 0xff, 0x03, 0x03,
0xdc, 0xff, 0x03, 0x03, 0xdc, 0xff, 0x03, 0x03, 0xdc, 0xff, 0x00, 0x00, 0xd9, 0xff, 0x6e,
0x6e, 0xeb, 0xff, 0xff, 0xff, 0xff, 0xff, 0xfe, 0xfe, 0xff, 0xff, 0xfe, 0xfe, 0xff, 0xff,
0xff, 0xff, 0xff, 0xff, 0x74, 0x74, 0xeb, 0xff, 0x00, 0x00, 0xd6, 0xff, 0x5a, 0x5a, 0xe7,
0xff, 0xff, 0xff, 0xff, 0xff, 0xfe, 0xfe, 0xff, 0xff, 0xfe, 0xfe, 0xff, 0xff, 0xfe, 0xfe,
0xff, 0xff, 0xfe, 0xfe, 0xff, 0xff, 0xfe, 0xfe, 0xff, 0xff, 0xfe, 0xfe, 0xff, 0xff, 0xfe,
0xfe, 0xff, 0xff, 0xfe, 0xfe, 0xff, 0xff, 0xfe, 0xfe, 0xff, 0xff, 0xfe, 0xfe, 0xff, 0xff,
0xfe, 0xfe, 0xff, 0xff, 0xff, 0xff, 0xff, 0xff, 0xff, 0xff, 0xff, 0xff, 0x4b, 0x4b, 0xe3,
0xff, 0x00, 0x00, 0xd5, 0xff, 0x02, 0x02, 0xd7, 0xff, 0x00, 0x00, 0xd6, 0xff, 0x24, 0x24,
0xdc, 0xff, 0xf5, 0xf5, 0xfe, 0xff, 0xff, 0xff, 0xff, 0xff, 0xfe, 0xfe, 0xff, 0xff, 0xfe,
0xfe, 0xff, 0xff, 0xfe, 0xfe, 0xff, 0xff, 0xfe, 0xfe, 0xff, 0xff, 0xfe, 0xfe, 0xff, 0xff,
0xfe, 0xfe, 0xff, 0xff, 0xfe, 0xfe, 0xff, 0xff, 0xfe, 0xfe, 0xff, 0xff, 0xfe, 0xfe, 0xff,
0xff, 0xfe, 0xfe, 0xff, 0xff, 0xfe, 0xfe, 0xff, 0xff, 0xfe, 0xfe, 0xff, 0xff, 0xff, 0xff,
0xff, 0xff, 0xa4, 0xa4, 0xef, 0xff, 0x00, 0x00, 0xd0, 0xff, 0x1b, 0x1b, 0xd7, 0xff, 0xf0,
0xf0, 0xfd, 0xff, 0xff, 0xff, 0xff, 0xff, 0xff, 0xff, 0xff, 0xff, 0x7f, 0x7f, 0xe8, 0xff,
0x00, 0x00, 0xcf, 0xff, 0x03, 0x03, 0xd2, 0xff, 0x03, 0x03, 0xd2, 0xff, 0x03, 0x03, 0xd2,
0xff, 0x03, 0x03, 0xd1, 0xff, 0x03, 0x03, 0xd1, 0xff, 0x03, 0x03, 0xd1, 0xff, 0x03, 0x03,
0xd1, 0xff, 0x03, 0x03, 0xd1, 0xff, 0x03, 0x03, 0xd0, 0xff, 0x03, 0x03, 0xd0, 0xff, 0x03,
0x03, 0xd0, 0xff, 0x03, 0x03, 0xd0, 0xff, 0x03, 0x03, 0xd0, 0xff, 0x03, 0x03, 0xd0, 0xff,
0x03, 0x03, 0xd0, 0xff, 0x03, 0x03, 0xcf, 0xff, 0x03, 0x03, 0xcf, 0xff, 0x03, 0x03, 0xcf,
0xff, 0x03, 0x03, 0xcf, 0xff, 0x03, 0x03, 0xce, 0xff, 0x03, 0x03, 0xce, 0xff, 0x04, 0x04,
0xce, 0xff, 0x04, 0x04, 0xce, 0xff, 0x04, 0x04, 0xce, 0xff, 0x04, 0x04, 0xcd, 0xff, 0x04,
0x04, 0xcd, 0xff, 0x04, 0x04, 0xcd, 0xff, 0x04, 0x04, 0xcd, 0xff, 0x04, 0x04, 0xd3, 0xff,
0x03, 0x03, 0xa0, 0x84, 0x02, 0x02, 0x72, 0x00, 0xff, 0xff, 0xff, 0x00, 0xff, 0xff, 0xff,
0x00, 0xff, 0xff, 0xff, 0x00, 0xff, 0xff, 0xff, 0x00, 0xff, 0xff, 0xff, 0x00, 0xff, 0xff,
0xff, 0x00, 0xff, 0xff, 0xff, 0x00, 0xff, 0xff, 0xff, 0x00, 0xff, 0xff, 0xff, 0x00, 0xff,
0xff, 0xff, 0x00, 0xff, 0xff, 0xff, 0x00, 0xff, 0xff, 0xff, 0x00, 0xff, 0xff, 0xff, 0x00,
0xff, 0xff, 0xff, 0x00, 0xff, 0xff, 0xff, 0x00, 0x01, 0x01, 0xe0, 0x00, 0x02, 0x02, 0xe1,
0x84, 0x03, 0x03, 0xe1, 0xff, 0x03, 0x03, 0xe0, 0xff, 0x03, 0x03, 0xe0, 0xff, 0x03, 0x03,
0xe0, 0xff, 0x03, 0x03, 0xe0, 0xff, 0x03, 0x03, 0xe0, 0xff, 0x03, 0x03, 0xe0, 0xff, 0x03,
0x03, 0xdf, 0xff, 0x03, 0x03, 0xdf, 0xff, 0x03, 0x03, 0xdf, 0xff, 0x03, 0x03, 0xdf, 0xff,
0x03, 0x03, 0xde, 0xff, 0x03, 0x03, 0xde, 0xff, 0x03, 0x03, 0xde, 0xff, 0x03, 0x03, 0xde,
0xff, 0x03, 0x03, 0xde, 0xff, 0x03, 0x03, 0xdd, 0xff, 0x03, 0x03, 0xdd, 0xff, 0x03, 0x03,
0xdd, 0xff, 0x03, 0x03, 0xdd, 0xff, 0x03, 0x03, 0xdd, 0xff, 0x03, 0x03, 0xdc, 0xff, 0x03,
0x03, 0xdc, 0xff, 0x03, 0x03, 0xdc, 0xff, 0x03, 0x03, 0xdc, 0xff, 0x03, 0x03, 0xdc, 0xff,
0x03, 0x03, 0xdc, 0xff, 0x03, 0x03, 0xdb, 0xff, 0x03, 0x03, 0xdb, 0xff, 0x00, 0x00, 0xda,
0xff, 0x31, 0x31, 0xe2, 0xff, 0xfe, 0xfe, 0xff, 0xff, 0xff, 0xff, 0xff, 0xff, 0xfe, 0xfe,
0xff, 0xff, 0xff, 0xff, 0xff, 0xff, 0x6e, 0x6e, 0xea, 0xff, 0x00, 0x00, 0xd6, 0xff, 0x52,
0x52, 0xe5, 0xff, 0xff, 0xff, 0xff, 0xff, 0xff, 0xff, 0xff, 0xff, 0xfe, 0xfe, 0xff, 0xff,
0xfe, 0xfe, 0xff, 0xff, 0xfe, 0xfe, 0xff, 0xff, 0xfe, 0xfe, 0xff, 0xff, 0xfe, 0xfe, 0xff,
0xff, 0xfe, 0xfe, 0xff, 0xff, 0xfe, 0xfe, 0xff, 0xff, 0xfe, 0xfe, 0xff, 0xff, 0xfe, 0xfe,
0xff, 0xff, 0xfe, 0xfe, 0xff, 0xff, 0xff, 0xff, 0xff, 0xff, 0xff, 0xff, 0xff, 0xff, 0x48,
0x48, 0xe2, 0xff, 0x00, 0x00, 0xd4, 0xff, 0x00, 0x00, 0xd5, 0xff, 0x00, 0x00, 0xd4, 0xff,
0x20, 0x20, 0xdb, 0xff, 0xf5, 0xf5, 0xfe, 0xff, 0xff, 0xff, 0xff, 0xff, 0xfe, 0xfe, 0xff,
0xff, 0xfe, 0xfe, 0xff, 0xff, 0xfe, 0xfe, 0xff, 0xff, 0xfe, 0xfe, 0xff, 0xff, 0xfe, 0xfe,
0xff, 0xff, 0xfe, 0xfe, 0xff, 0xff, 0xfe, 0xfe, 0xff, 0xff, 0xfe, 0xfe, 0xff, 0xff, 0xfe,
0xfe, 0xff, 0xff, 0xfe, 0xfe, 0xff, 0xff, 0xfe, 0xfe, 0xff, 0xff, 0xfe, 0xfe, 0xff, 0xff,
0xff, 0xff, 0xff, 0xff, 0x9f, 0x9f, 0xef, 0xff, 0x00, 0x00, 0xd0, 0xff, 0x1a, 0x1a, 0xd7,
0xff, 0xf0, 0xf0, 0xfd, 0xff, 0xff, 0xff, 0xff, 0xff, 0xff, 0xff, 0xff, 0xff, 0x3b, 0x3b,
0xdc, 0xff, 0x00, 0x00, 0xd0, 0xff, 0x03, 0x03, 0xd2, 0xff, 0x03, 0x03, 0xd1, 0xff, 0x03,
0x03, 0xd1, 0xff, 0x03, 0x03, 0xd1, 0xff, 0x03, 0x03, 0xd1, 0xff, 0x03, 0x03, 0xd0, 0xff,
0x03, 0x03, 0xd0, 0xff, 0x03, 0x03, 0xd0, 0xff, 0x03, 0x03, 0xd0, 0xff, 0x03, 0x03, 0xd0,
0xff, 0x03, 0x03, 0xd0, 0xff, 0x03, 0x03, 0xd0, 0xff, 0x03, 0x03, 0xcf, 0xff, 0x03, 0x03,
0xcf, 0xff, 0x03, 0x03, 0xcf, 0xff, 0x03, 0x03, 0xcf, 0xff, 0x03, 0x03, 0xcf, 0xff, 0x03,
0x03, 0xce, 0xff, 0x04, 0x04, 0xce, 0xff, 0x04, 0x04, 0xce, 0xff, 0x04, 0x04, 0xce, 0xff,
0x04, 0x04, 0xce, 0xff, 0x04, 0x04, 0xcd, 0xff, 0x04, 0x04, 0xcd, 0xff, 0x04, 0x04, 0xcd,
0xff, 0x04, 0x04, 0xcd, 0xff, 0x04, 0x04, 0xcd, 0xff, 0x04, 0x04, 0xcc, 0xff, 0x04, 0x04,
0xcf, 0xff, 0x02, 0x02, 0xa1, 0x3b, 0x02, 0x02, 0x87, 0x00, 0xff, 0xff, 0xff, 0x00, 0xff,
0xff, 0xff, 0x00, 0xff, 0xff, 0xff, 0x00, 0xff, 0xff, 0xff, 0x00, 0xff, 0xff, 0xff, 0x00,
0xff, 0xff, 0xff, 0x00, 0xff, 0xff, 0xff, 0x00, 0xff, 0xff, 0xff, 0x00, 0xff, 0xff, 0xff,
0x00, 0xff, 0xff, 0xff, 0x00, 0xff, 0xff, 0xff, 0x00, 0xff, 0xff, 0xff, 0x00, 0xff, 0xff,
0xff, 0x00, 0xff, 0xff, 0xff, 0x00, 0xff, 0xff, 0xff, 0x00, 0x02, 0x02, 0xd4, 0x00, 0x02,
0x02, 0xd5, 0x36, 0x03, 0x03, 0xdf, 0xfc, 0x03, 0x03, 0xe0, 0xff, 0x03, 0x03, 0xe0, 0xff,
0x03, 0x03, 0xe0, 0xff, 0x03, 0x03, 0xe0, 0xff, 0x03, 0x03, 0xdf, 0xff, 0x03, 0x03, 0xdf,
0xff, 0x03, 0x03, 0xdf, 0xff, 0x03, 0x03, 0xdf, 0xff, 0x03, 0x03, 0xdf, 0xff, 0x03, 0x03,
0xde, 0xff, 0x03, 0x03, 0xde, 0xff, 0x03, 0x03, 0xde, 0xff, 0x03, 0x03, 0xde, 0xff, 0x03,
0x03, 0xde, 0xff, 0x03, 0x03, 0xdd, 0xff, 0x03, 0x03, 0xdd, 0xff, 0x03, 0x03, 0xdd, 0xff,
0x03, 0x03, 0xdd, 0xff, 0x03, 0x03, 0xdd, 0xff, 0x03, 0x03, 0xdc, 0xff, 0x03, 0x03, 0xdc,
0xff, 0x03, 0x03, 0xdc, 0xff, 0x03, 0x03, 0xdc, 0xff, 0x03, 0x03, 0xdc, 0xff, 0x03, 0x03,
0xdb, 0xff, 0x03, 0x03, 0xdb, 0xff, 0x03, 0x03, 0xdb, 0xff, 0x03, 0x03, 0xdb, 0xff, 0x00,
0x00, 0xda, 0xff, 0x0e, 0x0e, 0xdc, 0xff, 0xe2, 0xe2, 0xfb, 0xff, 0xff, 0xff, 0xff, 0xff,
0xfe, 0xfe, 0xff, 0xff, 0xff, 0xff, 0xff, 0xff, 0x68, 0x68, 0xe9, 0xff, 0x00, 0x00, 0xd5,
0xff, 0x49, 0x49, 0xe4, 0xff, 0xff, 0xff, 0xff, 0xff, 0xff, 0xff, 0xff, 0xff, 0xfe, 0xfe,
0xff, 0xff, 0xfe, 0xfe, 0xff, 0xff, 0xfe, 0xfe, 0xff, 0xff, 0xfe, 0xfe, 0xff, 0xff, 0xfe,
0xfe, 0xff, 0xff, 0xfe, 0xfe, 0xff, 0xff, 0xfe, 0xfe, 0xff, 0xff, 0xfe, 0xfe, 0xff, 0xff,
0xfe, 0xfe, 0xff, 0xff, 0xfe, 0xfe, 0xff, 0xff, 0xfe, 0xfe, 0xff, 0xff, 0xfe, 0xfe, 0xff,
0xff, 0xd5, 0xd5, 0xf8, 0xff, 0xc1, 0xc1, 0xf5, 0xff, 0xc4, 0xc4, 0xf5, 0xff, 0xc2, 0xc2,
0xf5, 0xff, 0xcc, 0xcc, 0xf7, 0xff, 0xfc, 0xfc, 0xff, 0xff, 0xfe, 0xfe, 0xff, 0xff, 0xfe,
0xfe, 0xff, 0xff, 0xfe, 0xfe, 0xff, 0xff, 0xfe, 0xfe, 0xff, 0xff, 0xfe, 0xfe, 0xff, 0xff,
0xfe, 0xfe, 0xff, 0xff, 0xfe, 0xfe, 0xff, 0xff, 0xfe, 0xfe, 0xff, 0xff, 0xfe, 0xfe, 0xff,
0xff, 0xfe, 0xfe, 0xff, 0xff, 0xfe, 0xfe, 0xff, 0xff, 0xfe, 0xfe, 0xff, 0xff, 0xfe, 0xfe,
0xff, 0xff, 0xff, 0xff, 0xff, 0xff, 0x9b, 0x9b, 0xed, 0xff, 0x00, 0x00, 0xcf, 0xff, 0x1a,
0x1a, 0xd6, 0xff, 0xf0, 0xf0, 0xfc, 0xff, 0xff, 0xff, 0xff, 0xff, 0xf1, 0xf1, 0xfd, 0xff,
0x1a, 0x1a, 0xd6, 0xff, 0x00, 0x00, 0xd0, 0xff, 0x03, 0x03, 0xd1, 0xff, 0x03, 0x03, 0xd1,
0xff, 0x03, 0x03, 0xd0, 0xff, 0x03, 0x03, 0xd0, 0xff, 0x03, 0x03, 0xd0, 0xff, 0x03, 0x03,
0xd0, 0xff, 0x03, 0x03, 0xd0, 0xff, 0x03, 0x03, 0xd0, 0xff, 0x03, 0x03, 0xd0, 0xff, 0x03,
0x03, 0xd0, 0xff, 0x03, 0x03, 0xcf, 0xff, 0x03, 0x03, 0xcf, 0xff, 0x03, 0x03, 0xcf, 0xff,
0x03, 0x03, 0xcf, 0xff, 0x03, 0x03, 0xcf, 0xff, 0x04, 0x04, 0xce, 0xff, 0x04, 0x04, 0xce,
0xff, 0x04, 0x04, 0xce, 0xff, 0x04, 0x04, 0xce, 0xff, 0x04, 0x04, 0xce, 0xff, 0x04, 0x04,
0xcd, 0xff, 0x04, 0x04, 0xcd, 0xff, 0x04, 0x04, 0xcd, 0xff, 0x04, 0x04, 0xcd, 0xff, 0x04,
0x04, 0xcd, 0xff, 0x04, 0x04, 0xcc, 0xff, 0x04, 0x04, 0xcc, 0xff, 0x04, 0x04, 0xcc, 0xff,
0x04, 0x04, 0xcb, 0xe7, 0x02, 0x02, 0xbc, 0x0d, 0x02, 0x02, 0xbc, 0x00, 0xff, 0xff, 0xff,
0x00, 0xff, 0xff, 0xff, 0x00, 0xff, 0xff, 0xff, 0x00, 0xff, 0xff, 0xff, 0x00, 0xff, 0xff,
0xff, 0x00, 0xff, 0xff, 0xff, 0x00, 0xff, 0xff, 0xff, 0x00, 0xff, 0xff, 0xff, 0x00, 0xff,
0xff, 0xff, 0x00, 0xff, 0xff, 0xff, 0x00, 0xff, 0xff, 0xff, 0x00, 0xff, 0xff, 0xff, 0x00,
0xff, 0xff, 0xff, 0x00, 0xff, 0xff, 0xff, 0x00, 0xff, 0xff, 0xff, 0x00, 0x01, 0x01, 0xbb,
0x00, 0x01, 0x01, 0xbd, 0x06, 0x03, 0x03, 0xdd, 0xdf, 0x03, 0x03, 0xe0, 0xff, 0x03, 0x03,
0xdf, 0xff, 0x03, 0x03, 0xdf, 0xff, 0x03, 0x03, 0xdf, 0xff, 0x03, 0x03, 0xdf, 0xff, 0x03,
0x03, 0xdf, 0xff, 0x03, 0x03, 0xde, 0xff, 0x03, 0x03, 0xde, 0xff, 0x03, 0x03, 0xde, 0xff,
0x03, 0x03, 0xde, 0xff, 0x03, 0x03, 0xde, 0xff, 0x03, 0x03, 0xdd, 0xff, 0x03, 0x03, 0xdd,
0xff, 0x03, 0x03, 0xdd, 0xff, 0x03, 0x03, 0xdd, 0xff, 0x03, 0x03, 0xdd, 0xff, 0x03, 0x03,
0xdc, 0xff, 0x03, 0x03, 0xdc, 0xff, 0x03, 0x03, 0xdc, 0xff, 0x03, 0x03, 0xdc, 0xff, 0x03,
0x03, 0xdc, 0xff, 0x03, 0x03, 0xdb, 0xff, 0x03, 0x03, 0xdb, 0xff, 0x03, 0x03, 0xdb, 0xff,
0x03, 0x03, 0xdb, 0xff, 0x03, 0x03, 0xdb, 0xff, 0x03, 0x03, 0xdb, 0xff, 0x03, 0x03, 0xdb,
0xff, 0x03, 0x03, 0xda, 0xff, 0x00, 0x00, 0xd8, 0xff, 0x90, 0x90, 0xef, 0xff, 0xff, 0xff,
0xff, 0xff, 0xfe, 0xfe, 0xff, 0xff, 0xff, 0xff, 0xff, 0xff, 0x62, 0x62, 0xe7, 0xff, 0x00,
0x00, 0xd5, 0xff, 0x40, 0x40, 0xe2, 0xff, 0xff, 0xff, 0xff, 0xff, 0xff, 0xff, 0xff, 0xff,
0xfe, 0xfe, 0xff, 0xff, 0xfe, 0xfe, 0xff, 0xff, 0xfe, 0xfe, 0xff, 0xff, 0xfe, 0xfe, 0xff,
0xff, 0xfe, 0xfe, 0xff, 0xff, 0xfe, 0xfe, 0xff, 0xff, 0xfe, 0xfe, 0xff, 0xff, 0xfe, 0xfe,
0xff, 0xff, 0xfe, 0xfe, 0xff, 0xff, 0xfe, 0xfe, 0xff, 0xff, 0xfe, 0xfe, 0xff, 0xff, 0xfe,
0xfe, 0xff, 0xff, 0xff, 0xff, 0xff, 0xff, 0xff, 0xff, 0xff, 0xff, 0xff, 0xff, 0xff, 0xff,
0xff, 0xff, 0xff, 0xff, 0xff, 0xff, 0xff, 0xff, 0xfe, 0xfe, 0xff, 0xff, 0xfe, 0xfe, 0xff,
0xff, 0xfe, 0xfe, 0xff, 0xff, 0xfe, 0xfe, 0xff, 0xff, 0xfe, 0xfe, 0xff, 0xff, 0xfe, 0xfe,
0xff, 0xff, 0xfe, 0xfe, 0xff, 0xff, 0xfe, 0xfe, 0xff, 0xff, 0xfe, 0xfe, 0xff, 0xff, 0xfe,
0xfe, 0xff, 0xff, 0xfe, 0xfe, 0xff, 0xff, 0xfe, 0xfe, 0xff, 0xff, 0xfe, 0xfe, 0xff, 0xff,
0xfe, 0xfe, 0xff, 0xff, 0xff, 0xff, 0xff, 0xff, 0x95, 0x95, 0xec, 0xff, 0x00, 0x00, 0xcf,
0xff, 0x1a, 0x1a, 0xd6, 0xff, 0xef, 0xef, 0xfc, 0xff, 0xff, 0xff, 0xff, 0xff, 0xb8, 0xb8,
0xf2, 0xff, 0x01, 0x01, 0xd0, 0xff, 0x02, 0x02, 0xd0, 0xff, 0x03, 0x03, 0xd1, 0xff, 0x03,
0x03, 0xd0, 0xff, 0x03, 0x03, 0xd0, 0xff, 0x03, 0x03, 0xd0, 0xff, 0x03, 0x03, 0xd0, 0xff,
0x03, 0x03, 0xd0, 0xff, 0x03, 0x03, 0xd0, 0xff, 0x03, 0x03, 0xcf, 0xff, 0x03, 0x03, 0xcf,
0xff, 0x03, 0x03, 0xcf, 0xff, 0x03, 0x03, 0xcf, 0xff, 0x03, 0x03, 0xce, 0xff, 0x03, 0x03,
0xce, 0xff, 0x04, 0x04, 0xce, 0xff, 0x04, 0x04, 0xce, 0xff, 0x04, 0x04, 0xce, 0xff, 0x04,
0x04, 0xcd, 0xff, 0x04, 0x04, 0xcd, 0xff, 0x04, 0x04, 0xcd, 0xff, 0x04, 0x04, 0xcd, 0xff,
0x04, 0x04, 0xcd, 0xff, 0x04, 0x04, 0xcc, 0xff, 0x04, 0x04, 0xcc, 0xff, 0x04, 0x04, 0xcc,
0xff, 0x04, 0x04, 0xcc, 0xff, 0x04, 0x04, 0xcc, 0xff, 0x04, 0x04, 0xcb, 0xff, 0x04, 0x04,
0xcc, 0xff, 0x04, 0x04, 0xcc, 0xc2, 0x02, 0x02, 0xc8, 0x00, 0x02, 0x02, 0xc9, 0x00, 0xff,
0xff, 0xff, 0x00, 0xff, 0xff, 0xff, 0x00, 0xff, 0xff, 0xff, 0x00, 0xff, 0xff, 0xff, 0x00,
0xff, 0xff, 0xff, 0x00, 0xff, 0xff, 0xff, 0x00, 0xff, 0xff, 0xff, 0x00, 0xff, 0xff, 0xff,
0x00, 0xff, 0xff, 0xff, 0x00, 0xff, 0xff, 0xff, 0x00, 0xff, 0xff, 0xff, 0x00, 0xff, 0xff,
0xff, 0x00, 0xff, 0xff, 0xff, 0x00, 0xff, 0xff, 0xff, 0x00, 0xff, 0xff, 0xff, 0x00, 0x01,
0x01, 0xd6, 0x00, 0x01, 0x01, 0xd5, 0x00, 0x02, 0x02, 0xdb, 0xa9, 0x03, 0x03, 0xe0, 0xff,
0x03, 0x03, 0xdf, 0xff, 0x03, 0x03, 0xdf, 0xff, 0x03, 0x03, 0xde, 0xff, 0x03, 0x03, 0xde,
0xff, 0x03, 0x03, 0xde, 0xff, 0x03, 0x03, 0xde, 0xff, 0x03, 0x03, 0xde, 0xff, 0x03, 0x03,
0xdd, 0xff, 0x03, 0x03, 0xdd, 0xff, 0x03, 0x03, 0xdd, 0xff, 0x03, 0x03, 0xdd, 0xff, 0x03,
0x03, 0xdd, 0xff, 0x03, 0x03, 0xdc, 0xff, 0x03, 0x03, 0xdc, 0xff, 0x03, 0x03, 0xdc, 0xff,
0x03, 0x03, 0xdc, 0xff, 0x03, 0x03, 0xdc, 0xff, 0x03, 0x03, 0xdb, 0xff, 0x03, 0x03, 0xdb,
0xff, 0x03, 0x03, 0xdb, 0xff, 0x03, 0x03, 0xdb, 0xff, 0x03, 0x03, 0xdb, 0xff, 0x03, 0x03,
0xdb, 0xff, 0x03, 0x03, 0xdb, 0xff, 0x03, 0x03, 0xda, 0xff, 0x03, 0x03, 0xda, 0xff, 0x03,
0x03, 0xda, 0xff, 0x03, 0x03, 0xda, 0xff, 0x00, 0x00, 0xd8, 0xff, 0x34, 0x34, 0xe1, 0xff,
0xfa, 0xfa, 0xfe, 0xff, 0xff, 0xff, 0xff, 0xff, 0xff, 0xff, 0xff, 0xff, 0x5b, 0x5b, 0xe6,
0xff, 0x00, 0x00, 0xd4, 0xff, 0x38, 0x38, 0xe0, 0xff, 0xff, 0xff, 0xff, 0xff, 0xff, 0xff,
0xff, 0xff, 0xfe, 0xfe, 0xff, 0xff, 0xfe, 0xfe, 0xff, 0xff, 0xfe, 0xfe, 0xff, 0xff, 0xfe,
0xfe, 0xff, 0xff, 0xfe, 0xfe, 0xff, 0xff, 0xfe, 0xfe, 0xff, 0xff, 0xfe, 0xfe, 0xff, 0xff,
0xfe, 0xfe, 0xff, 0xff, 0xfe, 0xfe, 0xff, 0xff, 0xfe, 0xfe, 0xff, 0xff, 0xfe, 0xfe, 0xff,
0xff, 0xfe, 0xfe, 0xff, 0xff, 0xfe, 0xfe, 0xff, 0xff, 0xfe, 0xfe, 0xff, 0xff, 0xfe, 0xfe,
0xff, 0xff, 0xfe, 0xfe, 0xff, 0xff, 0xfe, 0xfe, 0xff, 0xff, 0xfe, 0xfe, 0xff, 0xff, 0xfe,
0xfe, 0xff, 0xff, 0xfe, 0xfe, 0xff, 0xff, 0xfe, 0xfe, 0xff, 0xff, 0xfe, 0xfe, 0xff, 0xff,
0xfe, 0xfe, 0xff, 0xff, 0xfe, 0xfe, 0xff, 0xff, 0xfe, 0xfe, 0xff, 0xff, 0xfe, 0xfe, 0xff,
0xff, 0xfe, 0xfe, 0xff, 0xff, 0xfe, 0xfe, 0xff, 0xff, 0xfe, 0xfe, 0xff, 0xff, 0xfe, 0xfe,
0xff, 0xff, 0xfe, 0xfe, 0xff, 0xff, 0xff, 0xff, 0xff, 0xff, 0x8f, 0x8f, 0xeb, 0xff, 0x00,
0x00, 0xcd, 0xff, 0x1a, 0x1a, 0xd5, 0xff, 0xef, 0xef, 0xfc, 0xff, 0xff, 0xff, 0xff, 0xff,
0x68, 0x68, 0xe3, 0xff, 0x00, 0x00, 0xcd, 0xff, 0x03, 0x03, 0xd0, 0xff, 0x03, 0x03, 0xd0,
0xff, 0x03, 0x03, 0xd0, 0xff, 0x03, 0x03, 0xd0, 0xff, 0x03, 0x03, 0xd0, 0xff, 0x03, 0x03,
0xcf, 0xff, 0x03, 0x03, 0xcf, 0xff, 0x03, 0x03, 0xcf, 0xff, 0x03, 0x03, 0xcf, 0xff, 0x03,
0x03, 0xcf, 0xff, 0x03, 0x03, 0xce, 0xff, 0x04, 0x04, 0xce, 0xff, 0x04, 0x04, 0xce, 0xff,
0x04, 0x04, 0xce, 0xff, 0x04, 0x04, 0xce, 0xff, 0x04, 0x04, 0xce, 0xff, 0x04, 0x04, 0xcd,
0xff, 0x04, 0x04, 0xcd, 0xff, 0x04, 0x04, 0xcd, 0xff, 0x04, 0x04, 0xcd, 0xff, 0x04, 0x04,
0xcd, 0xff, 0x04, 0x04, 0xcc, 0xff, 0x04, 0x04, 0xcc, 0xff, 0x04, 0x04, 0xcc, 0xff, 0x04,
0x04, 0xcc, 0xff, 0x04, 0x04, 0xcc, 0xff, 0x04, 0x04, 0xcb, 0xff, 0x04, 0x04, 0xcb, 0xff,
0x04, 0x04, 0xcc, 0xff, 0x03, 0x03, 0xb7, 0x78, 0x02, 0x02, 0xad, 0x00, 0x02, 0x02, 0xae,
0x00, 0xff, 0xff, 0xff, 0x00, 0xff, 0xff, 0xff, 0x00, 0xff, 0xff, 0xff, 0x00, 0xff, 0xff,
0xff, 0x00, 0xff, 0xff, 0xff, 0x00, 0xff, 0xff, 0xff, 0x00, 0xff, 0xff, 0xff, 0x00, 0xff,
0xff, 0xff, 0x00, 0xff, 0xff, 0xff, 0x00, 0xff, 0xff, 0xff, 0x00, 0xff, 0xff, 0xff, 0x00,
0xff, 0xff, 0xff, 0x00, 0xff, 0xff, 0xff, 0x00, 0xff, 0xff, 0xff, 0x00, 0xff, 0xff, 0xff,
0x00, 0x01, 0x01, 0xcc, 0x00, 0x01, 0x01, 0xcb, 0x00, 0x02, 0x02, 0xd2, 0x40, 0x03, 0x03,
0xdf, 0xfe, 0x03, 0x03, 0xde, 0xff, 0x03, 0x03, 0xde, 0xff, 0x03, 0x03, 0xde, 0xff, 0x03,
0x03, 0xde, 0xff, 0x03, 0x03, 0xde, 0xff, 0x03, 0x03, 0xdd, 0xff, 0x03, 0x03, 0xdd, 0xff,
0x03, 0x03, 0xdd, 0xff, 0x03, 0x03, 0xdd, 0xff, 0x03, 0x03, 0xdd, 0xff, 0x03, 0x03, 0xdc,
0xff, 0x03, 0x03, 0xdc, 0xff, 0x03, 0x03, 0xdc, 0xff, 0x03, 0x03, 0xdc, 0xff, 0x03, 0x03,
0xdc, 0xff, 0x03, 0x03, 0xdb, 0xff, 0x03, 0x03, 0xdb, 0xff, 0x03, 0x03, 0xdb, 0xff, 0x03,
0x03, 0xdb, 0xff, 0x03, 0x03, 0xdb, 0xff, 0x03, 0x03, 0xdb, 0xff, 0x03, 0x03, 0xda, 0xff,
0x03, 0x03, 0xda, 0xff, 0x03, 0x03, 0xda, 0xff, 0x03, 0x03, 0xda, 0xff, 0x03, 0x03, 0xda,
0xff, 0x03, 0x03, 0xd9, 0xff, 0x03, 0x03, 0xd9, 0xff, 0x01, 0x01, 0xd9, 0xff, 0x04, 0x04,
0xd9, 0xff, 0xd7, 0xd7, 0xf9, 0xff, 0xff, 0xff, 0xff, 0xff, 0xff, 0xff, 0xff, 0xff, 0x54,
0x54, 0xe5, 0xff, 0x00, 0x00, 0xd5, 0xff, 0x2e, 0x2e, 0xde, 0xff, 0xfb, 0xfb, 0xff, 0xff,
0xff, 0xff, 0xff, 0xff, 0xfe, 0xfe, 0xff, 0xff, 0xfe, 0xfe, 0xff, 0xff, 0xfe, 0xfe, 0xff,
0xff, 0xfe, 0xfe, 0xff, 0xff, 0xfe, 0xfe, 0xff, 0xff, 0xfe, 0xfe, 0xff, 0xff, 0xfe, 0xfe,
0xff, 0xff, 0xfe, 0xfe, 0xff, 0xff, 0xfe, 0xfe, 0xff, 0xff, 0xfe, 0xfe, 0xff, 0xff, 0xfe,
0xfe, 0xff, 0xff, 0xfe, 0xfe, 0xff, 0xff, 0xfe, 0xfe, 0xff, 0xff, 0xfe, 0xfe, 0xff, 0xff,
0xfe, 0xfe, 0xff, 0xff, 0xfe, 0xfe, 0xff, 0xff, 0xfe, 0xfe, 0xff, 0xff, 0xfe, 0xfe, 0xff,
0xff, 0xfe, 0xfe, 0xff, 0xff, 0xfe, 0xfe, 0xff, 0xff, 0xfe, 0xfe, 0xff, 0xff, 0xfe, 0xfe,
0xff, 0xff, 0xfe, 0xfe, 0xff, 0xff, 0xfe, 0xfe, 0xff, 0xff, 0xfe, 0xfe, 0xff, 0xff, 0xfe,
0xfe, 0xff, 0xff, 0xfe, 0xfe, 0xff, 0xff, 0xfe, 0xfe, 0xff, 0xff, 0xfe, 0xfe, 0xff, 0xff,
0xfe, 0xfe, 0xff, 0xff, 0xfe, 0xfe, 0xff, 0xff, 0xff, 0xff, 0xff, 0xff, 0x89, 0x89, 0xea,
0xff, 0x00, 0x00, 0xcd, 0xff, 0x1a, 0x1a, 0xd5, 0xff, 0xf3, 0xf3, 0xfd, 0xff, 0xf7, 0xf7,
0xfe, 0xff, 0x21, 0x21, 0xd6, 0xff, 0x00, 0x00, 0xcf, 0xff, 0x03, 0x03, 0xd0, 0xff, 0x03,
0x03, 0xd0, 0xff, 0x03, 0x03, 0xd0, 0xff, 0x03, 0x03, 0xcf, 0xff, 0x03, 0x03, 0xcf, 0xff,
0x03, 0x03, 0xcf, 0xff, 0x03, 0x03, 0xcf, 0xff, 0x03, 0x03, 0xcf, 0xff, 0x04, 0x04, 0xce,
0xff, 0x04, 0x04, 0xce, 0xff, 0x04, 0x04, 0xce, 0xff, 0x04, 0x04, 0xce, 0xff, 0x04, 0x04,
0xce, 0xff, 0x04, 0x04, 0xcd, 0xff, 0x04, 0x04, 0xcd, 0xff, 0x04, 0x04, 0xcd, 0xff, 0x04,
0x04, 0xcd, 0xff, 0x04, 0x04, 0xcd, 0xff, 0x04, 0x04, 0xcc, 0xff, 0x04, 0x04, 0xcc, 0xff,
0x04, 0x04, 0xcc, 0xff, 0x04, 0x04, 0xcc, 0xff, 0x04, 0x04, 0xcc, 0xff, 0x04, 0x04, 0xcb,
0xff, 0x04, 0x04, 0xcb, 0xff, 0x04, 0x04, 0xcb, 0xff, 0x04, 0x04, 0xcb, 0xff, 0x04, 0x04,
0xcb, 0xff, 0x04, 0x04, 0xcc, 0xf2, 0x01, 0x01, 0x74, 0x1f, 0x01, 0x01, 0x5b, 0x00, 0x01,
0x01, 0x5c, 0x00, 0xff, 0xff, 0xff, 0x00, 0xff, 0xff, 0xff, 0x00, 0xff, 0xff, 0xff, 0x00,
0xff, 0xff, 0xff, 0x00, 0xff, 0xff, 0xff, 0x00, 0xff, 0xff, 0xff, 0x00, 0xff, 0xff, 0xff,
0x00, 0xff, 0xff, 0xff, 0x00, 0xff, 0xff, 0xff, 0x00, 0xff, 0xff, 0xff, 0x00, 0xff, 0xff,
0xff, 0x00, 0xff, 0xff, 0xff, 0x00, 0xff, 0xff, 0xff, 0x00, 0xff, 0xff, 0xff, 0x00, 0xff,
0xff, 0xff, 0x00, 0x01, 0x01, 0xda, 0x00, 0x01, 0x01, 0xda, 0x00, 0x01, 0x01, 0xd9, 0x00,
0x02, 0x02, 0xdd, 0xc8, 0x03, 0x03, 0xde, 0xff, 0x03, 0x03, 0xde, 0xff, 0x03, 0x03, 0xdd,
0xff, 0x03, 0x03, 0xdd, 0xff, 0x03, 0x03, 0xdd, 0xff, 0x03, 0x03, 0xdd, 0xff, 0x03, 0x03,
0xdd, 0xff, 0x03, 0x03, 0xdc, 0xff, 0x03, 0x03, 0xdc, 0xff, 0x03, 0x03, 0xdc, 0xff, 0x03,
0x03, 0xdc, 0xff, 0x03, 0x03, 0xdb, 0xff, 0x03, 0x03, 0xdb, 0xff, 0x03, 0x03, 0xdb, 0xff,
0x03, 0x03, 0xdb, 0xff, 0x03, 0x03, 0xdb, 0xff, 0x03, 0x03, 0xdb, 0xff, 0x03, 0x03, 0xdb,
0xff, 0x03, 0x03, 0xda, 0xff, 0x03, 0x03, 0xda, 0xff, 0x03, 0x03, 0xda, 0xff, 0x03, 0x03,
0xda, 0xff, 0x03, 0x03, 0xda, 0xff, 0x03, 0x03, 0xd9, 0xff, 0x03, 0x03, 0xd9, 0xff, 0x03,
0x03, 0xd9, 0xff, 0x03, 0x03, 0xd9, 0xff, 0x03, 0x03, 0xd9, 0xff, 0x03, 0x03, 0xd8, 0xff,
0x00, 0x00, 0xd6, 0xff, 0x86, 0x86, 0xec, 0xff, 0xff, 0xff, 0xff, 0xff, 0xff, 0xff, 0xff,
0xff, 0x4d, 0x4d, 0xe3, 0xff, 0x00, 0x00, 0xd4, 0xff, 0x25, 0x25, 0xdc, 0xff, 0xf5, 0xf5,
0xfe, 0xff, 0xff, 0xff, 0xff, 0xff, 0xfe, 0xfe, 0xff, 0xff, 0xfe, 0xfe, 0xff, 0xff, 0xfe,
0xfe, 0xff, 0xff, 0xfe, 0xfe, 0xff, 0xff, 0xfe, 0xfe, 0xff, 0xff, 0xfe, 0xfe, 0xff, 0xff,
0xfe, 0xfe, 0xff, 0xff, 0xfe, 0xfe, 0xff, 0xff, 0xfe, 0xfe, 0xff, 0xff, 0xfe, 0xfe, 0xff,
0xff, 0xfe, 0xfe, 0xff, 0xff, 0xfe, 0xfe, 0xff, 0xff, 0xfe, 0xfe, 0xff, 0xff, 0xfe, 0xfe,
0xff, 0xff, 0xfe, 0xfe, 0xff, 0xff, 0xfe, 0xfe, 0xff, 0xff, 0xfe, 0xfe, 0xff, 0xff, 0xfe,
0xfe, 0xff, 0xff, 0xfe, 0xfe, 0xff, 0xff, 0xfe, 0xfe, 0xff, 0xff, 0xfe, 0xfe, 0xff, 0xff,
0xfe, 0xfe, 0xff, 0xff, 0xfe, 0xfe, 0xff, 0xff, 0xfe, 0xfe, 0xff, 0xff, 0xfe, 0xfe, 0xff,
0xff, 0xfe, 0xfe, 0xff, 0xff, 0xfe, 0xfe, 0xff, 0xff, 0xfe, 0xfe, 0xff, 0xff, 0xfe, 0xfe,
0xff, 0xff, 0xfe, 0xfe, 0xff, 0xff, 0xfe, 0xfe, 0xff, 0xff, 0xff, 0xff, 0xff, 0xff, 0x81,
0x81, 0xe8, 0xff, 0x00, 0x00, 0xcc, 0xff, 0x1a, 0x1a, 0xd4, 0xff, 0xf8, 0xf8, 0xfe, 0xff,
0xd8, 0xd8, 0xf8, 0xff, 0x04, 0x04, 0xd0, 0xff, 0x01, 0x01, 0xcf, 0xff, 0x03, 0x03, 0xcf,
0xff, 0x03, 0x03, 0xcf, 0xff, 0x03, 0x03, 0xcf, 0xff, 0x03, 0x03, 0xcf, 0xff, 0x03, 0x03,
0xcf, 0xff, 0x04, 0x04, 0xce, 0xff, 0x04, 0x04, 0xce, 0xff, 0x04, 0x04, 0xce, 0xff, 0x04,
0x04, 0xce, 0xff, 0x04, 0x04, 0xce, 0xff, 0x04, 0x04, 0xcd, 0xff, 0x04, 0x04, 0xcd, 0xff,
0x04, 0x04, 0xcd, 0xff, 0x04, 0x04, 0xcd, 0xff, 0x04, 0x04, 0xcd, 0xff, 0x04, 0x04, 0xcc,
0xff, 0x04, 0x04, 0xcc, 0xff, 0x04, 0x04, 0xcc, 0xff, 0x04, 0x04, 0xcc, 0xff, 0x04, 0x04,
0xcc, 0xff, 0x04, 0x04, 0xcb, 0xff, 0x04, 0x04, 0xcb, 0xff, 0x04, 0x04, 0xcb, 0xff, 0x04,
0x04, 0xcb, 0xff, 0x04, 0x04, 0xcb, 0xff, 0x04, 0x04, 0xca, 0xff, 0x04, 0x04, 0xca, 0xff,
0x04, 0x04, 0xcb, 0xff, 0x03, 0x03, 0xc6, 0xb5, 0x01, 0x01, 0xbd, 0x00, 0x01, 0x01, 0xbf,
0x00, 0x01, 0x01, 0xc0, 0x00, 0xff, 0xff, 0xff, 0x00, 0xff, 0xff, 0xff, 0x00, 0xff, 0xff,
0xff, 0x00, 0xff, 0xff, 0xff, 0x00, 0xff, 0xff, 0xff, 0x00, 0xff, 0xff, 0xff, 0x00, 0xff,
0xff, 0xff, 0x00, 0xff, 0xff, 0xff, 0x00, 0xff, 0xff, 0xff, 0x00, 0xff, 0xff, 0xff, 0x00,
0xff, 0xff, 0xff, 0x00, 0xff, 0xff, 0xff, 0x00, 0xff, 0xff, 0xff, 0x00, 0xff, 0xff, 0xff,
0x00, 0xff, 0xff, 0xff, 0x00, 0x01, 0x01, 0xd8, 0x00, 0x01, 0x01, 0xd8, 0x00, 0x01, 0x01,
0xd8, 0x00, 0x02, 0x02, 0xdb, 0x7d, 0x03, 0x03, 0xde, 0xff, 0x03, 0x03, 0xdd, 0xff, 0x03,
0x03, 0xdd, 0xff, 0x03, 0x03, 0xdd, 0xff, 0x03, 0x03, 0xdc, 0xff, 0x03, 0x03, 0xdc, 0xff,
0x03, 0x03, 0xdc, 0xff, 0x03, 0x03, 0xdc, 0xff, 0x03, 0x03, 0xdc, 0xff, 0x03, 0x03, 0xdb,
0xff, 0x03, 0x03, 0xdb, 0xff, 0x03, 0x03, 0xdb, 0xff, 0x03, 0x03, 0xdb, 0xff, 0x03, 0x03,
0xdb, 0xff, 0x03, 0x03, 0xdb, 0xff, 0x03, 0x03, 0xdb, 0xff, 0x03, 0x03, 0xda, 0xff, 0x03,
0x03, 0xda, 0xff, 0x03, 0x03, 0xda, 0xff, 0x03, 0x03, 0xda, 0xff, 0x03, 0x03, 0xda, 0xff,
0x03, 0x03, 0xd9, 0xff, 0x03, 0x03, 0xd9, 0xff, 0x03, 0x03, 0xd9, 0xff, 0x03, 0x03, 0xd9,
0xff, 0x03, 0x03, 0xd9, 0xff, 0x03, 0x03, 0xd8, 0xff, 0x03, 0x03, 0xd8, 0xff, 0x03, 0x03,
0xd8, 0xff, 0x00, 0x00, 0xd7, 0xff, 0x1f, 0x1f, 0xdc, 0xff, 0xf4, 0xf4, 0xfe, 0xff, 0xff,
0xff, 0xff, 0xff, 0x45, 0x45, 0xe2, 0xff, 0x00, 0x00, 0xd4, 0xff, 0x1a, 0x1a, 0xda, 0xff,
0xf0, 0xf0, 0xfd, 0xff, 0xff, 0xff, 0xff, 0xff, 0xfe, 0xfe, 0xff, 0xff, 0xfe, 0xfe, 0xff,
0xff, 0xfe, 0xfe, 0xff, 0xff, 0xfe, 0xfe, 0xff, 0xff, 0xfe, 0xfe, 0xff, 0xff, 0xfe, 0xfe,
0xff, 0xff, 0xfe, 0xfe, 0xff, 0xff, 0xfe, 0xfe, 0xff, 0xff, 0xfe, 0xfe, 0xff, 0xff, 0xfe,
0xfe, 0xff, 0xff, 0xfe, 0xfe, 0xff, 0xff, 0xfe, 0xfe, 0xff, 0xff, 0xfe, 0xfe, 0xff, 0xff,
0xfe, 0xfe, 0xff, 0xff, 0xfe, 0xfe, 0xff, 0xff, 0xfe, 0xfe, 0xff, 0xff, 0xfe, 0xfe, 0xff,
0xff, 0xfe, 0xfe, 0xff, 0xff, 0xfe, 0xfe, 0xff, 0xff, 0xfe, 0xfe, 0xff, 0xff, 0xfe, 0xfe,
0xff, 0xff, 0xfe, 0xfe, 0xff, 0xff, 0xfe, 0xfe, 0xff, 0xff, 0xfe, 0xfe, 0xff, 0xff, 0xfe,
0xfe, 0xff, 0xff, 0xfe, 0xfe, 0xff, 0xff, 0xfe, 0xfe, 0xff, 0xff, 0xfe, 0xfe, 0xff, 0xff,
0xfe, 0xfe, 0xff, 0xff, 0xfe, 0xfe, 0xff, 0xff, 0xfe, 0xfe, 0xff, 0xff, 0xff, 0xff, 0xff,
0xff, 0x74, 0x74, 0xe5, 0xff, 0x00, 0x00, 0xcc, 0xff, 0x19, 0x19, 0xd4, 0xff, 0xfd, 0xfd,
0xff, 0xff, 0xa6, 0xa6, 0xee, 0xff, 0x00, 0x00, 0xcd, 0xff, 0x03, 0x03, 0xcf, 0xff, 0x03,
0x03, 0xcf, 0xff, 0x03, 0x03, 0xcf, 0xff, 0x03, 0x03, 0xce, 0xff, 0x04, 0x04, 0xce, 0xff,
0x04, 0x04, 0xce, 0xff, 0x04, 0x04, 0xce, 0xff, 0x04, 0x04, 0xce, 0xff, 0x04, 0x04, 0xcd,
0xff, 0x04, 0x04, 0xcd, 0xff, 0x04, 0x04, 0xcd, 0xff, 0x04, 0x04, 0xcd, 0xff, 0x04, 0x04,
0xcd, 0xff, 0x04, 0x04, 0xcc, 0xff, 0x04, 0x04, 0xcc, 0xff, 0x04, 0x04, 0xcc, 0xff, 0x04,
0x04, 0xcc, 0xff, 0x04, 0x04, 0xcc, 0xff, 0x04, 0x04, 0xcb, 0xff, 0x04, 0x04, 0xcb, 0xff,
0x04, 0x04, 0xcb, 0xff, 0x04, 0x04, 0xcb, 0xff, 0x04, 0x04, 0xcb, 0xff, 0x04, 0x04, 0xca,
0xff, 0x04, 0x04, 0xca, 0xff, 0x04, 0x04, 0xca, 0xff, 0x04, 0x04, 0xca, 0xff, 0x04, 0x04,
0xca, 0xff, 0x04, 0x04, 0xca, 0xff, 0x03, 0x03, 0xce, 0x73, 0x02, 0x02, 0xcf, 0x00, 0x02,
0x02, 0xcf, 0x00, 0x02, 0x02, 0xcf, 0x00, 0xff, 0xff, 0xff, 0x00, 0xff, 0xff, 0xff, 0x00,
0xff, 0xff, 0xff, 0x00, 0xff, 0xff, 0xff, 0x00, 0xff, 0xff, 0xff, 0x00, 0xff, 0xff, 0xff,
0x00, 0xff, 0xff, 0xff, 0x00, 0xff, 0xff, 0xff, 0x00, 0xff, 0xff, 0xff, 0x00, 0xff, 0xff,
0xff, 0x00, 0xff, 0xff, 0xff, 0x00, 0xff, 0xff, 0xff, 0x00, 0xff, 0xff, 0xff, 0x00, 0xff,
0xff, 0xff, 0x00, 0xff, 0xff, 0xff, 0x00, 0x01, 0x01, 0xd5, 0x00, 0x01, 0x01, 0xd5, 0x00,
0x01, 0x01, 0xd5, 0x00, 0x01, 0x01, 0xd6, 0x1a, 0x03, 0x03, 0xdc, 0xeb, 0x03, 0x03, 0xdc,
0xff, 0x03, 0x03, 0xdc, 0xff, 0x03, 0x03, 0xdc, 0xff, 0x03, 0x03, 0xdc, 0xff, 0x03, 0x03,
0xdc, 0xff, 0x03, 0x03, 0xdb, 0xff, 0x03, 0x03, 0xdb, 0xff, 0x03, 0x03, 0xdb, 0xff, 0x03,
0x03, 0xdb, 0xff, 0x03, 0x03, 0xdb, 0xff, 0x03, 0x03, 0xdb, 0xff, 0x03, 0x03, 0xdb, 0xff,
0x03, 0x03, 0xda, 0xff, 0x03, 0x03, 0xda, 0xff, 0x03, 0x03, 0xda, 0xff, 0x03, 0x03, 0xda,
0xff, 0x03, 0x03, 0xda, 0xff, 0x03, 0x03, 0xd9, 0xff, 0x03, 0x03, 0xd9, 0xff, 0x03, 0x03,
0xd9, 0xff, 0x03, 0x03, 0xd9, 0xff, 0x03, 0x03, 0xd8, 0xff, 0x03, 0x03, 0xd8, 0xff, 0x03,
0x03, 0xd8, 0xff, 0x03, 0x03, 0xd8, 0xff, 0x03, 0x03, 0xd8, 0xff, 0x03, 0x03, 0xd7, 0xff,
0x03, 0x03, 0xd7, 0xff, 0x02, 0x02, 0xd7, 0xff, 0x00, 0x00, 0xd6, 0xff, 0xb7, 0xb7, 0xf4,
0xff, 0xff, 0xff, 0xff, 0xff, 0x39, 0x39, 0xdf, 0xff, 0x00, 0x00, 0xd4, 0xff, 0x11, 0x11,
0xd8, 0xff, 0xe7, 0xe7, 0xfb, 0xff, 0xff, 0xff, 0xff, 0xff, 0xfe, 0xfe, 0xff, 0xff, 0xfe,
0xfe, 0xff, 0xff, 0xfe, 0xfe, 0xff, 0xff, 0xfe, 0xfe, 0xff, 0xff, 0xfe, 0xfe, 0xff, 0xff,
0xfe, 0xfe, 0xff, 0xff, 0xfe, 0xfe, 0xff, 0xff, 0xfe, 0xfe, 0xff, 0xff, 0xfe, 0xfe, 0xff,
0xff, 0xfe, 0xfe, 0xff, 0xff, 0xfe, 0xfe, 0xff, 0xff, 0xfe, 0xfe, 0xff, 0xff, 0xfe, 0xfe,
0xff, 0xff, 0xfe, 0xfe, 0xff, 0xff, 0xfe, 0xfe, 0xff, 0xff, 0xfe, 0xfe, 0xff, 0xff, 0xfe,
0xfe, 0xff, 0xff, 0xfe, 0xfe, 0xff, 0xff, 0xfe, 0xfe, 0xff, 0xff, 0xfe, 0xfe, 0xff, 0xff,
0xfe, 0xfe, 0xff, 0xff, 0xfe, 0xfe, 0xff, 0xff, 0xfe, 0xfe, 0xff, 0xff, 0xfe, 0xfe, 0xff,
0xff, 0xfe, 0xfe, 0xff, 0xff, 0xfe, 0xfe, 0xff, 0xff, 0xfe, 0xfe, 0xff, 0xff, 0xfe, 0xfe,
0xff, 0xff, 0xfe, 0xfe, 0xff, 0xff, 0xfe, 0xfe, 0xff, 0xff, 0xfe, 0xfe, 0xff, 0xff, 0xff,
0xff, 0xff, 0xff, 0x64, 0x64, 0xe2, 0xff, 0x00, 0x00, 0xcb, 0xff, 0x1a, 0x1a, 0xd3, 0xff,
0xf8, 0xf8, 0xfe, 0xff, 0x52, 0x52, 0xde, 0xff, 0x00, 0x00, 0xcc, 0xff, 0x03, 0x03, 0xce,
0xff, 0x04, 0x04, 0xce, 0xff, 0x04, 0x04, 0xce, 0xff, 0x04, 0x04, 0xce, 0xff, 0x04, 0x04,
0xce, 0xff, 0x04, 0x04, 0xcd, 0xff, 0x04, 0x04, 0xcd, 0xff, 0x04, 0x04, 0xcd, 0xff, 0x04,
0x04, 0xcd, 0xff, 0x04, 0x04, 0xcd, 0xff, 0x04, 0x04, 0xcc, 0xff, 0x04, 0x04, 0xcc, 0xff,
0x04, 0x04, 0xcc, 0xff, 0x04, 0x04, 0xcc, 0xff, 0x04, 0x04, 0xcc, 0xff, 0x04, 0x04, 0xcc,
0xff, 0x04, 0x04, 0xcb, 0xff, 0x04, 0x04, 0xcb, 0xff, 0x04, 0x04, 0xcb, 0xff, 0x04, 0x04,
0xcb, 0xff, 0x04, 0x04, 0xca, 0xff, 0x04, 0x04, 0xca, 0xff, 0x04, 0x04, 0xca, 0xff, 0x04,
0x04, 0xca, 0xff, 0x04, 0x04, 0xca, 0xff, 0x04, 0x04, 0xca, 0xff, 0x04, 0x04, 0xca, 0xff,
0x04, 0x04, 0xca, 0xff, 0x04, 0x04, 0xc7, 0xea, 0x01, 0x01, 0x8e, 0x17, 0x01, 0x01, 0x88,
0x00, 0x01, 0x01, 0x89, 0x00, 0x01, 0x01, 0x89, 0x00, 0xff, 0xff, 0xff, 0x00, 0xff, 0xff,
0xff, 0x00, 0xff, 0xff, 0xff, 0x00, 0xff, 0xff, 0xff, 0x00, 0xff, 0xff, 0xff, 0x00, 0xff,
0xff, 0xff, 0x00, 0xff, 0xff, 0xff, 0x00, 0xff, 0xff, 0xff, 0x00, 0xff, 0xff, 0xff, 0x00,
0xff, 0xff, 0xff, 0x00, 0xff, 0xff, 0xff, 0x00, 0xff, 0xff, 0xff, 0x00, 0xff, 0xff, 0xff,
0x00, 0xff, 0xff, 0xff, 0x00, 0xff, 0xff, 0xff, 0x00, 0x01, 0x01, 0xd9, 0x00, 0x01, 0x01,
0xd9, 0x00, 0x01, 0x01, 0xd9, 0x00, 0x01, 0x01, 0xd9, 0x00, 0x02, 0x02, 0xdc, 0x99, 0x03,
0x03, 0xdc, 0xff, 0x03, 0x03, 0xdc, 0xff, 0x03, 0x03, 0xdb, 0xff, 0x03, 0x03, 0xdb, 0xff,
0x03, 0x03, 0xdb, 0xff, 0x03, 0x03, 0xdb, 0xff, 0x03, 0x03, 0xdb, 0xff, 0x03, 0x03, 0xdb,
0xff, 0x03, 0x03, 0xdb, 0xff, 0x03, 0x03, 0xda, 0xff, 0x03, 0x03, 0xda, 0xff, 0x03, 0x03,
0xda, 0xff, 0x03, 0x03, 0xda, 0xff, 0x03, 0x03, 0xda, 0xff, 0x03, 0x03, 0xd9, 0xff, 0x03,
0x03, 0xd9, 0xff, 0x03, 0x03, 0xd9, 0xff, 0x03, 0x03, 0xd9, 0xff, 0x03, 0x03, 0xd9, 0xff,
0x03, 0x03, 0xd8, 0xff, 0x03, 0x03, 0xd8, 0xff, 0x03, 0x03, 0xd8, 0xff, 0x03, 0x03, 0xd8,
0xff, 0x03, 0x03, 0xd8, 0xff, 0x03, 0x03, 0xd7, 0xff, 0x03, 0x03, 0xd7, 0xff, 0x03, 0x03,
0xd7, 0xff, 0x03, 0x03, 0xd7, 0xff, 0x03, 0x03, 0xd7, 0xff, 0x00, 0x00, 0xd5, 0xff, 0x3a,
0x3a, 0xdf, 0xff, 0xf7, 0xf7, 0xfe, 0xff, 0x2e, 0x2e, 0xdd, 0xff, 0x00, 0x00, 0xd4, 0xff,
0x0a, 0x0a, 0xd6, 0xff, 0xda, 0xda, 0xf9, 0xff, 0xff, 0xff, 0xff, 0xff, 0xfe, 0xfe, 0xff,
0xff, 0xfe, 0xfe, 0xff, 0xff, 0xfe, 0xfe, 0xff, 0xff, 0xfe, 0xfe, 0xff, 0xff, 0xfe, 0xfe,
0xff, 0xff, 0xfe, 0xfe, 0xff, 0xff, 0xfe, 0xfe, 0xff, 0xff, 0xfe, 0xfe, 0xff, 0xff, 0xfe,
0xfe, 0xff, 0xff, 0xfe, 0xfe, 0xff, 0xff, 0xfe, 0xfe, 0xff, 0xff, 0xfe, 0xfe, 0xff, 0xff,
0xfe, 0xfe, 0xff, 0xff, 0xfe, 0xfe, 0xff, 0xff, 0xfe, 0xfe, 0xff, 0xff, 0xfe, 0xfe, 0xff,
0xff, 0xfe, 0xfe, 0xff, 0xff, 0xfe, 0xfe, 0xff, 0xff, 0xfe, 0xfe, 0xff, 0xff, 0xfe, 0xfe,
0xff, 0xff, 0xfe, 0xfe, 0xff, 0xff, 0xfe, 0xfe, 0xff, 0xff, 0xfe, 0xfe, 0xff, 0xff, 0xfe,
0xfe, 0xff, 0xff, 0xfe, 0xfe, 0xff, 0xff, 0xfe, 0xfe, 0xff, 0xff, 0xfe, 0xfe, 0xff, 0xff,
0xfe, 0xfe, 0xff, 0xff, 0xfe, 0xfe, 0xff, 0xff, 0xfe, 0xfe, 0xff, 0xff, 0xff, 0xff, 0xff,
0xff, 0xff, 0xff, 0xff, 0xff, 0x50, 0x50, 0xde, 0xff, 0x00, 0x00, 0xcc, 0xff, 0x1f, 0x1f,
0xd4, 0xff, 0xd9, 0xd9, 0xf8, 0xff, 0x17, 0x17, 0xd2, 0xff, 0x00, 0x00, 0xcd, 0xff, 0x04,
0x04, 0xce, 0xff, 0x04, 0x04, 0xce, 0xff, 0x04, 0x04, 0xce, 0xff, 0x04, 0x04, 0xcd, 0xff,
0x04, 0x04, 0xcd, 0xff, 0x04, 0x04, 0xcd, 0xff, 0x04, 0x04, 0xcd, 0xff, 0x04, 0x04, 0xcd,
0xff, 0x04, 0x04, 0xcc, 0xff, 0x04, 0x04, 0xcc, 0xff, 0x04, 0x04, 0xcc, 0xff, 0x04, 0x04,
0xcc, 0xff, 0x04, 0x04, 0xcc, 0xff, 0x04, 0x04, 0xcb, 0xff, 0x04, 0x04, 0xcb, 0xff, 0x04,
0x04, 0xcb, 0xff, 0x04, 0x04, 0xcb, 0xff, 0x04, 0x04, 0xca, 0xff, 0x04, 0x04, 0xca, 0xff,
0x04, 0x04, 0xca, 0xff, 0x04, 0x04, 0xca, 0xff, 0x04, 0x04, 0xca, 0xff, 0x04, 0x04, 0xca,
0xff, 0x04, 0x04, 0xca, 0xff, 0x04, 0x04, 0xc9, 0xff, 0x04, 0x04, 0xc9, 0xff, 0x04, 0x04,
0xc9, 0xff, 0x04, 0x04, 0xcd, 0xff, 0x03, 0x03, 0xb1, 0xa0, 0x01, 0x01, 0x79, 0x00, 0x01,
0x01, 0x78, 0x00, 0x01, 0x01, 0x78, 0x00, 0x01, 0x01, 0x78, 0x00, 0xff, 0xff, 0xff, 0x00,
0xff, 0xff, 0xff, 0x00, 0xff, 0xff, 0xff, 0x00, 0xff, 0xff, 0xff, 0x00, 0xff, 0xff, 0xff,
0x00, 0xff, 0xff, 0xff, 0x00, 0xff, 0xff, 0xff, 0x00, 0xff, 0xff, 0xff, 0x00, 0xff, 0xff,
0xff, 0x00, 0xff, 0xff, 0xff, 0x00, 0xff, 0xff, 0xff, 0x00, 0xff, 0xff, 0xff, 0x00, 0xff,
0xff, 0xff, 0x00, 0xff, 0xff, 0xff, 0x00, 0xff, 0xff, 0xff, 0x00, 0x01, 0x01, 0xbe, 0x00,
0x01, 0x01, 0xbe, 0x00, 0x01, 0x01, 0xbe, 0x00, 0x01, 0x01, 0xbc, 0x00, 0x01, 0x01, 0xc4,
0x31, 0x03, 0x03, 0xdc, 0xf9, 0x03, 0x03, 0xdb, 0xff, 0x03, 0x03, 0xdb, 0xff, 0x03, 0x03,
0xdb, 0xff, 0x03, 0x03, 0xdb, 0xff, 0x03, 0x03, 0xdb, 0xff, 0x03, 0x03, 0xda, 0xff, 0x03,
0x03, 0xda, 0xff, 0x03, 0x03, 0xda, 0xff, 0x03, 0x03, 0xda, 0xff, 0x03, 0x03, 0xda, 0xff,
0x03, 0x03, 0xd9, 0xff, 0x03, 0x03, 0xd9, 0xff, 0x03, 0x03, 0xd9, 0xff, 0x03, 0x03, 0xd9,
0xff, 0x03, 0x03, 0xd9, 0xff, 0x03, 0x03, 0xd8, 0xff, 0x03, 0x03, 0xd8, 0xff, 0x03, 0x03,
0xd8, 0xff, 0x03, 0x03, 0xd8, 0xff, 0x03, 0x03, 0xd8, 0xff, 0x03, 0x03, 0xd8, 0xff, 0x03,
0x03, 0xd7, 0xff, 0x03, 0x03, 0xd7, 0xff, 0x03, 0x03, 0xd7, 0xff, 0x03, 0x03, 0xd7, 0xff,
0x03, 0x03, 0xd7, 0xff, 0x03, 0x03, 0xd6, 0xff, 0x03, 0x03, 0xd6, 0xff, 0x02, 0x02, 0xd6,
0xff, 0x00, 0x00, 0xd5, 0xff, 0xa5, 0xa5, 0xf1, 0xff, 0x28, 0x28, 0xdb, 0xff, 0x00, 0x00,
0xd4, 0xff, 0x02, 0x02, 0xd5, 0xff, 0xcd, 0xcd, 0xf7, 0xff, 0xff, 0xff, 0xff, 0xff, 0xfe,
0xfe, 0xff, 0xff, 0xfe, 0xfe, 0xff, 0xff, 0xfe, 0xfe, 0xff, 0xff, 0xfe, 0xfe, 0xff, 0xff,
0xfe, 0xfe, 0xff, 0xff, 0xfe, 0xfe, 0xff, 0xff, 0xfe, 0xfe, 0xff, 0xff, 0xfe, 0xfe, 0xff,
0xff, 0xfe, 0xfe, 0xff, 0xff, 0xfe, 0xfe, 0xff, 0xff, 0xfe, 0xfe, 0xff, 0xff, 0xfe, 0xfe,
0xff, 0xff, 0xfe, 0xfe, 0xff, 0xff, 0xfe, 0xfe, 0xff, 0xff, 0xfe, 0xfe, 0xff, 0xff, 0xfe,
0xfe, 0xff, 0xff, 0xfe, 0xfe, 0xff, 0xff, 0xfe, 0xfe, 0xff, 0xff, 0xfe, 0xfe, 0xff, 0xff,
0xfe, 0xfe, 0xff, 0xff, 0xfe, 0xfe, 0xff, 0xff, 0xfe, 0xfe, 0xff, 0xff, 0xfe, 0xfe, 0xff,
0xff, 0xfe, 0xfe, 0xff, 0xff, 0xfe, 0xfe, 0xff, 0xff, 0xfe, 0xfe, 0xff, 0xff, 0xfe, 0xfe,
0xff, 0xff, 0xfe, 0xfe, 0xff, 0xff, 0xfe, 0xfe, 0xff, 0xff, 0xfe, 0xfe, 0xff, 0xff, 0xff,
0xff, 0xff, 0xff, 0xff, 0xff, 0xff, 0xff, 0x3e, 0x3e, 0xdb, 0xff, 0x00, 0x00, 0xcb, 0xff,
0x24, 0x24, 0xd4, 0xff, 0xb9, 0xb9, 0xf2, 0xff, 0x05, 0x05, 0xce, 0xff, 0x03, 0x03, 0xcd,
0xff, 0x04, 0x04, 0xcd, 0xff, 0x04, 0x04, 0xcd, 0xff, 0x04, 0x04, 0xcd, 0xff, 0x04, 0x04,
0xcd, 0xff, 0x04, 0x04, 0xcd, 0xff, 0x04, 0x04, 0xcc, 0xff, 0x04, 0x04, 0xcc, 0xff, 0x04,
0x04, 0xcc, 0xff, 0x04, 0x04, 0xcc, 0xff, 0x04, 0x04, 0xcc, 0xff, 0x04, 0x04, 0xcb, 0xff,
0x04, 0x04, 0xcb, 0xff, 0x04, 0x04, 0xcb, 0xff, 0x04, 0x04, 0xcb, 0xff, 0x04, 0x04, 0xcb,
0xff, 0x04, 0x04, 0xca, 0xff, 0x04, 0x04, 0xca, 0xff, 0x04, 0x04, 0xca, 0xff, 0x04, 0x04,
0xca, 0xff, 0x04, 0x04, 0xca, 0xff, 0x04, 0x04, 0xca, 0xff, 0x04, 0x04, 0xca, 0xff, 0x04,
0x04, 0xc9, 0xff, 0x04, 0x04, 0xc9, 0xff, 0x04, 0x04, 0xc9, 0xff, 0x04, 0x04, 0xc9, 0xff,
0x04, 0x04, 0xc9, 0xff, 0x04, 0x04, 0xc7, 0xfe, 0x02, 0x02, 0xad, 0x41, 0x01, 0x01, 0xa3,
0x00, 0x01, 0x01, 0xa3, 0x00, 0x01, 0x01, 0xa3, 0x00, 0x01, 0x01, 0xa3, 0x00, 0xff, 0xff,
0xff, 0x00, 0xff, 0xff, 0xff, 0x00, 0xff, 0xff, 0xff, 0x00, 0xff, 0xff, 0xff, 0x00, 0xff,
0xff, 0xff, 0x00, 0xff, 0xff, 0xff, 0x00, 0xff, 0xff, 0xff, 0x00, 0xff, 0xff, 0xff, 0x00,
0xff, 0xff, 0xff, 0x00, 0xff, 0xff, 0xff, 0x00, 0xff, 0xff, 0xff, 0x00, 0xff, 0xff, 0xff,
0x00, 0xff, 0xff, 0xff, 0x00, 0xff, 0xff, 0xff, 0x00, 0xff, 0xff, 0xff, 0x00, 0x01, 0x01,
0xd1, 0x00, 0x01, 0x01, 0xd1, 0x00, 0x01, 0x01, 0xd1, 0x00, 0x01, 0x01, 0xd1, 0x00, 0x01,
0x01, 0xd1, 0x00, 0x02, 0x02, 0xd9, 0xad, 0x03, 0x03, 0xdb, 0xff, 0x03, 0x03, 0xdb, 0xff,
0x03, 0x03, 0xda, 0xff, 0x03, 0x03, 0xda, 0xff, 0x03, 0x03, 0xda, 0xff, 0x03, 0x03, 0xda,
0xff, 0x03, 0x03, 0xda, 0xff, 0x03, 0x03, 0xd9, 0xff, 0x03, 0x03, 0xd9, 0xff, 0x03, 0x03,
0xd9, 0xff, 0x03, 0x03, 0xd9, 0xff, 0x03, 0x03, 0xd9, 0xff, 0x03, 0x03, 0xd8, 0xff, 0x03,
0x03, 0xd8, 0xff, 0x03, 0x03, 0xd8, 0xff, 0x03, 0x03, 0xd8, 0xff, 0x03, 0x03, 0xd8, 0xff,
0x03, 0x03, 0xd7, 0xff, 0x03, 0x03, 0xd7, 0xff, 0x03, 0x03, 0xd7, 0xff, 0x03, 0x03, 0xd7,
0xff, 0x03, 0x03, 0xd7, 0xff, 0x03, 0x03, 0xd6, 0xff, 0x03, 0x03, 0xd6, 0xff, 0x03, 0x03,
0xd6, 0xff, 0x03, 0x03, 0xd6, 0xff, 0x03, 0x03, 0xd6, 0xff, 0x03, 0x03, 0xd5, 0xff, 0x03,
0x03, 0xd5, 0xff, 0x01, 0x01, 0xd5, 0xff, 0x15, 0x15, 0xd8, 0xff, 0x0c, 0x0c, 0xd7, 0xff,
0x01, 0x01, 0xd5, 0xff, 0x00, 0x00, 0xd3, 0xff, 0xbd, 0xbd, 0xf4, 0xff, 0xff, 0xff, 0xff,
0xff, 0xfe, 0xfe, 0xff, 0xff, 0xfe, 0xfe, 0xff, 0xff, 0xfe, 0xfe, 0xff, 0xff, 0xfe, 0xfe,
0xff, 0xff, 0xfe, 0xfe, 0xff, 0xff, 0xfe, 0xfe, 0xff, 0xff, 0xfe, 0xfe, 0xff, 0xff, 0xfe,
0xfe, 0xff, 0xff, 0xfe, 0xfe, 0xff, 0xff, 0xfe, 0xfe, 0xff, 0xff, 0xfe, 0xfe, 0xff, 0xff,
0xfe, 0xfe, 0xff, 0xff, 0xfe, 0xfe, 0xff, 0xff, 0xfe, 0xfe, 0xff, 0xff, 0xfe, 0xfe, 0xff,
0xff, 0xfe, 0xfe, 0xff, 0xff, 0xfe, 0xfe, 0xff, 0xff, 0xfe, 0xfe, 0xff, 0xff, 0xfe, 0xfe,
0xff, 0xff, 0xfe, 0xfe, 0xff, 0xff, 0xfe, 0xfe, 0xff, 0xff, 0xfe, 0xfe, 0xff, 0xff, 0xfe,
0xfe, 0xff, 0xff, 0xfe, 0xfe, 0xff, 0xff, 0xfe, 0xfe, 0xff, 0xff, 0xfe, 0xfe, 0xff, 0xff,
0xfe, 0xfe, 0xff, 0xff, 0xfe, 0xfe, 0xff, 0xff, 0xfe, 0xfe, 0xff, 0xff, 0xfe, 0xfe, 0xff,
0xff, 0xff, 0xff, 0xff, 0xff, 0xfa, 0xfa, 0xfe, 0xff, 0x2e, 0x2e, 0xd7, 0xff, 0x00, 0x00,
0xcb, 0xff, 0x29, 0x29, 0xd5, 0xff, 0x79, 0x79, 0xe5, 0xff, 0x00, 0x00, 0xcb, 0xff, 0x04,
0x04, 0xcd, 0xff, 0x04, 0x04, 0xcd, 0xff, 0x04, 0x04, 0xcd, 0xff, 0x04, 0x04, 0xcc, 0xff,
0x04, 0x04, 0xcc, 0xff, 0x04, 0x04, 0xcc, 0xff, 0x04, 0x04, 0xcc, 0xff, 0x04, 0x04, 0xcc,
0xff, 0x04, 0x04, 0xcb, 0xff, 0x04, 0x04, 0xcb, 0xff, 0x04, 0x04, 0xcb, 0xff, 0x04, 0x04,
0xcb, 0xff, 0x04, 0x04, 0xcb, 0xff, 0x04, 0x04, 0xca, 0xff, 0x04, 0x04, 0xca, 0xff, 0x04,
0x04, 0xca, 0xff, 0x04, 0x04, 0xca, 0xff, 0x04, 0x04, 0xca, 0xff, 0x04, 0x04, 0xca, 0xff,
0x04, 0x04, 0xca, 0xff, 0x04, 0x04, 0xc9, 0xff, 0x04, 0x04, 0xc9, 0xff, 0x04, 0x04, 0xc9,
0xff, 0x04, 0x04, 0xc9, 0xff, 0x04, 0x04, 0xc8, 0xff, 0x04, 0x04, 0xc8, 0xff, 0x04, 0x04,
0xc8, 0xff, 0x04, 0x04, 0xc9, 0xff, 0x03, 0x03, 0xc3, 0xbe, 0x01, 0x01, 0x9b, 0x00, 0x01,
0x01, 0x9a, 0x00, 0x01, 0x01, 0x9a, 0x00, 0x01, 0x01, 0x9a, 0x00, 0x01, 0x01, 0x9a, 0x00,
0xff, 0xff, 0xff, 0x00, 0xff, 0xff, 0xff, 0x00, 0xff, 0xff, 0xff, 0x00, 0xff, 0xff, 0xff,
0x00, 0xff, 0xff, 0xff, 0x00, 0xff, 0xff, 0xff, 0x00, 0xff, 0xff, 0xff, 0x00, 0xff, 0xff,
0xff, 0x00, 0xff, 0xff, 0xff, 0x00, 0xff, 0xff, 0xff, 0x00, 0xff, 0xff, 0xff, 0x00, 0xff,
0xff, 0xff, 0x00, 0xff, 0xff, 0xff, 0x00, 0xff, 0xff, 0xff, 0x00, 0xff, 0xff, 0xff, 0x00,
0x01, 0x01, 0xd8, 0x00, 0x01, 0x01, 0xd8, 0x00, 0x01, 0x01, 0xd8, 0x00, 0x01, 0x01, 0xd8,
0x00, 0x01, 0x01, 0xd8, 0x00, 0x02, 0x02, 0xd9, 0x3f, 0x03, 0x03, 0xda, 0xff, 0x03, 0x03,
0xda, 0xff, 0x03, 0x03, 0xda, 0xff, 0x03, 0x03, 0xda, 0xff, 0x03, 0x03, 0xd9, 0xff, 0x03,
0x03, 0xd9, 0xff, 0x03, 0x03, 0xd9, 0xff, 0x03, 0x03, 0xd9, 0xff, 0x03, 0x03, 0xd9, 0xff,
0x03, 0x03, 0xd8, 0xff, 0x03, 0x03, 0xd8, 0xff, 0x03, 0x03, 0xd8, 0xff, 0x03, 0x03, 0xd8,
0xff, 0x03, 0x03, 0xd8, 0xff, 0x03, 0x03, 0xd7, 0xff, 0x03, 0x03, 0xd7, 0xff, 0x03, 0x03,
0xd7, 0xff, 0x03, 0x03, 0xd7, 0xff, 0x03, 0x03, 0xd7, 0xff, 0x03, 0x03, 0xd6, 0xff, 0x03,
0x03, 0xd6, 0xff, 0x03, 0x03, 0xd6, 0xff, 0x03, 0x03, 0xd6, 0xff, 0x03, 0x03, 0xd6, 0xff,
0x03, 0x03, 0xd6, 0xff, 0x03, 0x03, 0xd5, 0xff, 0x03, 0x03, 0xd5, 0xff, 0x03, 0x03, 0xd5,
0xff, 0x03, 0x03, 0xd5, 0xff, 0x03, 0x03, 0xd5, 0xff, 0x00, 0x00, 0xd4, 0xff, 0x01, 0x01,
0xd4, 0xff, 0x03, 0x03, 0xd4, 0xff, 0x00, 0x00, 0xd2, 0xff, 0xa8, 0xa8, 0xf1, 0xff, 0xff,
0xff, 0xff, 0xff, 0xfe, 0xfe, 0xff, 0xff, 0xfe, 0xfe, 0xff, 0xff, 0xfe, 0xfe, 0xff, 0xff,
0xfe, 0xfe, 0xff, 0xff, 0xfe, 0xfe, 0xff, 0xff, 0xfe, 0xfe, 0xff, 0xff, 0xfe, 0xfe, 0xff,
0xff, 0xfe, 0xfe, 0xff, 0xff, 0xfe, 0xfe, 0xff, 0xff, 0xfe, 0xfe, 0xff, 0xff, 0xfe, 0xfe,
0xff, 0xff, 0xfe, 0xfe, 0xff, 0xff, 0xfe, 0xfe, 0xff, 0xff, 0xfe, 0xfe, 0xff, 0xff, 0xfe,
0xfe, 0xff, 0xff, 0xfe, 0xfe, 0xff, 0xff, 0xfe, 0xfe, 0xff, 0xff, 0xfe, 0xfe, 0xff, 0xff,
0xfe, 0xfe, 0xff, 0xff, 0xfe, 0xfe, 0xff, 0xff, 0xfe, 0xfe, 0xff, 0xff, 0xfe, 0xfe, 0xff,
0xff, 0xfe, 0xfe, 0xff, 0xff, 0xfe, 0xfe, 0xff, 0xff, 0xfe, 0xfe, 0xff, 0xff, 0xfe, 0xfe,
0xff, 0xff, 0xfe, 0xfe, 0xff, 0xff, 0xfe, 0xfe, 0xff, 0xff, 0xfe, 0xfe, 0xff, 0xff, 0xfe,
0xfe, 0xff, 0xff, 0xff, 0xff, 0xff, 0xff, 0xef, 0xef, 0xfc, 0xff, 0x1a, 0x1a, 0xd2, 0xff,
0x00, 0x00, 0xcb, 0xff, 0x1a, 0x1a, 0xd1, 0xff, 0x27, 0x27, 0xd4, 0xff, 0x01, 0x01, 0xcc,
0xff, 0x04, 0x04, 0xcc, 0xff, 0x04, 0x04, 0xcc, 0xff, 0x04, 0x04, 0xcc, 0xff, 0x04, 0x04,
0xcc, 0xff, 0x04, 0x04, 0xcc, 0xff, 0x04, 0x04, 0xcb, 0xff, 0x04, 0x04, 0xcb, 0xff, 0x04,
0x04, 0xcb, 0xff, 0x04, 0x04, 0xcb, 0xff, 0x04, 0x04, 0xcb, 0xff, 0x04, 0x04, 0xca, 0xff,
0x04, 0x04, 0xca, 0xff, 0x04, 0x04, 0xca, 0xff, 0x04, 0x04, 0xca, 0xff, 0x04, 0x04, 0xca,
0xff, 0x04, 0x04, 0xca, 0xff, 0x04, 0x04, 0xca, 0xff, 0x04, 0x04, 0xc9, 0xff, 0x04, 0x04,
0xc9, 0xff, 0x04, 0x04, 0xc9, 0xff, 0x04, 0x04, 0xc9, 0xff, 0x04, 0x04, 0xc9, 0xff, 0x04,
0x04, 0xc8, 0xff, 0x04, 0x04, 0xc8, 0xff, 0x04, 0x04, 0xc8, 0xff, 0x04, 0x04, 0xc8, 0xff,
0x04, 0x04, 0xc8, 0xff, 0x04, 0x04, 0xc7, 0xff, 0x02, 0x02, 0xc7, 0x58, 0x01, 0x01, 0xcb,
0x00, 0x01, 0x01, 0xcc, 0x00, 0x01, 0x01, 0xcc, 0x00, 0x01, 0x01, 0xcc, 0x00, 0x01, 0x01,
0xcc, 0x00, 0xff, 0xff, 0xff, 0x00, 0xff, 0xff, 0xff, 0x00, 0xff, 0xff, 0xff, 0x00, 0xff,
0xff, 0xff, 0x00, 0xff, 0xff, 0xff, 0x00, 0xff, 0xff, 0xff, 0x00, 0xff, 0xff, 0xff, 0x00,
0xff, 0xff, 0xff, 0x00, 0xff, 0xff, 0xff, 0x00, 0xff, 0xff, 0xff, 0x00, 0xff, 0xff, 0xff,
0x00, 0xff, 0xff, 0xff, 0x00, 0xff, 0xff, 0xff, 0x00, 0xff, 0xff, 0xff, 0x00, 0xff, 0xff,
0xff, 0x00, 0x01, 0x01, 0xd8, 0x00, 0x01, 0x01, 0xd8, 0x00, 0x01, 0x01, 0xd8, 0x00, 0x01,
0x01, 0xd8, 0x00, 0x01, 0x01, 0xd8, 0x00, 0x01, 0x01, 0xd8, 0x00, 0x02, 0x02, 0xd9, 0xa6,
0x03, 0x03, 0xda, 0xff, 0x03, 0x03, 0xda, 0xff, 0x03, 0x03, 0xd9, 0xff, 0x03, 0x03, 0xd9,
0xff, 0x03, 0x03, 0xd9, 0xff, 0x03, 0x03, 0xd9, 0xff, 0x03, 0x03, 0xd9, 0xff, 0x03, 0x03,
0xd8, 0xff, 0x03, 0x03, 0xd8, 0xff, 0x03, 0x03, 0xd8, 0xff, 0x03, 0x03, 0xd8, 0xff, 0x03,
0x03, 0xd8, 0xff, 0x03, 0x03, 0xd7, 0xff, 0x03, 0x03, 0xd7, 0xff, 0x03, 0x03, 0xd7, 0xff,
0x03, 0x03, 0xd7, 0xff, 0x03, 0x03, 0xd7, 0xff, 0x03, 0x03, 0xd6, 0xff, 0x03, 0x03, 0xd6,
0xff, 0x03, 0x03, 0xd6, 0xff, 0x03, 0x03, 0xd6, 0xff, 0x03, 0x03, 0xd6, 0xff, 0x03, 0x03,
0xd5, 0xff, 0x03, 0x03, 0xd5, 0xff, 0x03, 0x03, 0xd5, 0xff, 0x03, 0x03, 0xd5, 0xff, 0x03,
0x03, 0xd5, 0xff, 0x03, 0x03, 0xd5, 0xff, 0x03, 0x03, 0xd4, 0xff, 0x03, 0x03, 0xd4, 0xff,
0x03, 0x03, 0xd4, 0xff, 0x03, 0x03, 0xd4, 0xff, 0x00, 0x00, 0xd1, 0xff, 0x90, 0x90, 0xec,
0xff, 0xff, 0xff, 0xff, 0xff, 0xfe, 0xfe, 0xff, 0xff, 0xfe, 0xfe, 0xff, 0xff, 0xfe, 0xfe,
0xff, 0xff, 0xfe, 0xfe, 0xff, 0xff, 0xfe, 0xfe, 0xff, 0xff, 0xfe, 0xfe, 0xff, 0xff, 0xfe,
0xfe, 0xff, 0xff, 0xfe, 0xfe, 0xff, 0xff, 0xfe, 0xfe, 0xff, 0xff, 0xfe, 0xfe, 0xff, 0xff,
0xfe, 0xfe, 0xff, 0xff, 0xfe, 0xfe, 0xff, 0xff, 0xfe, 0xfe, 0xff, 0xff, 0xfe, 0xfe, 0xff,
0xff, 0xfe, 0xfe, 0xff, 0xff, 0xfe, 0xfe, 0xff, 0xff, 0xfe, 0xfe, 0xff, 0xff, 0xfe, 0xfe,
0xff, 0xff, 0xfe, 0xfe, 0xff, 0xff, 0xfe, 0xfe, 0xff, 0xff, 0xfe, 0xfe, 0xff, 0xff, 0xfe,
0xfe, 0xff, 0xff, 0xfe, 0xfe, 0xff, 0xff, 0xfe, 0xfe, 0xff, 0xff, 0xfe, 0xfe, 0xff, 0xff,
0xfe, 0xfe, 0xff, 0xff, 0xfe, 0xfe, 0xff, 0xff, 0xfe, 0xfe, 0xff, 0xff, 0xfe, 0xfe, 0xff,
0xff, 0xfe, 0xfe, 0xff, 0xff, 0xff, 0xff, 0xff, 0xff, 0xdc, 0xdc, 0xf8, 0xff, 0x0c, 0x0c,
0xcf, 0xff, 0x01, 0x01, 0xcc, 0xff, 0x04, 0x04, 0xcd, 0xff, 0x03, 0x03, 0xcc, 0xff, 0x04,
0x04, 0xcc, 0xff, 0x04, 0x04, 0xcc, 0xff, 0x04, 0x04, 0xcc, 0xff, 0x04, 0x04, 0xcb, 0xff,
0x04, 0x04, 0xcb, 0xff, 0x04, 0x04, 0xcb, 0xff, 0x04, 0x04, 0xcb, 0xff, 0x04, 0x04, 0xcb,
0xff, 0x04, 0x04, 0xca, 0xff, 0x04, 0x04, 0xca, 0xff, 0x04, 0x04, 0xca, 0xff, 0x04, 0x04,
0xca, 0xff, 0x04, 0x04, 0xca, 0xff, 0x04, 0x04, 0xca, 0xff, 0x04, 0x04, 0xca, 0xff, 0x04,
0x04, 0xca, 0xff, 0x04, 0x04, 0xc9, 0xff, 0x04, 0x04, 0xc9, 0xff, 0x04, 0x04, 0xc9, 0xff,
0x04, 0x04, 0xc9, 0xff, 0x04, 0x04, 0xc9, 0xff, 0x04, 0x04, 0xc8, 0xff, 0x04, 0x04, 0xc8,
0xff, 0x04, 0x04, 0xc8, 0xff, 0x04, 0x04, 0xc8, 0xff, 0x04, 0x04, 0xc8, 0xff, 0x04, 0x04,
0xc7, 0xff, 0x04, 0x04, 0xc7, 0xff, 0x04, 0x04, 0xc7, 0xbf, 0x01, 0x01, 0xc6, 0x04, 0x01,
0x01, 0xc6, 0x00, 0x01, 0x01, 0xc6, 0x00, 0x01, 0x01, 0xc6, 0x00, 0x01, 0x01, 0xc6, 0x00,
0x01, 0x01, 0xc6, 0x00, 0xff, 0xff, 0xff, 0x00, 0xff, 0xff, 0xff, 0x00, 0xff, 0xff, 0xff,
0x00, 0xff, 0xff, 0xff, 0x00, 0xff, 0xff, 0xff, 0x00, 0xff, 0xff, 0xff, 0x00, 0xff, 0xff,
0xff, 0x00, 0xff, 0xff, 0xff, 0x00, 0xff, 0xff, 0xff, 0x00, 0xff, 0xff, 0xff, 0x00, 0xff,
0xff, 0xff, 0x00, 0xff, 0xff, 0xff, 0x00, 0xff, 0xff, 0xff, 0x00, 0xff, 0xff, 0xff, 0x00,
0xff, 0xff, 0xff, 0x00, 0x01, 0x01, 0xd4, 0x00, 0x01, 0x01, 0xd4, 0x00, 0x01, 0x01, 0xd4,
0x00, 0x01, 0x01, 0xd4, 0x00, 0x01, 0x01, 0xd4, 0x00, 0x01, 0x01, 0xd4, 0x00, 0x02, 0x02,
0xd6, 0x36, 0x03, 0x03, 0xda, 0xfd, 0x03, 0x03, 0xd9, 0xff, 0x03, 0x03, 0xd9, 0xff, 0x03,
0x03, 0xd9, 0xff, 0x03, 0x03, 0xd8, 0xff, 0x03, 0x03, 0xd8, 0xff, 0x03, 0x03, 0xd8, 0xff,
0x03, 0x03, 0xd8, 0xff, 0x03, 0x03, 0xd8, 0xff, 0x03, 0x03, 0xd7, 0xff, 0x03, 0x03, 0xd7,
0xff, 0x03, 0x03, 0xd7, 0xff, 0x03, 0x03, 0xd7, 0xff, 0x03, 0x03, 0xd7, 0xff, 0x03, 0x03,
0xd6, 0xff, 0x03, 0x03, 0xd6, 0xff, 0x03, 0x03, 0xd6, 0xff, 0x03, 0x03, 0xd6, 0xff, 0x03,
0x03, 0xd6, 0xff, 0x03, 0x03, 0xd5, 0xff, 0x03, 0x03, 0xd5, 0xff, 0x03, 0x03, 0xd5, 0xff,
0x03, 0x03, 0xd5, 0xff, 0x03, 0x03, 0xd5, 0xff, 0x03, 0x03, 0xd5, 0xff, 0x03, 0x03, 0xd5,
0xff, 0x03, 0x03, 0xd4, 0xff, 0x03, 0x03, 0xd4, 0xff, 0x03, 0x03, 0xd4, 0xff, 0x03, 0x03,
0xd3, 0xff, 0x03, 0x03, 0xd4, 0xff, 0x03, 0x03, 0xd3, 0xff, 0x00, 0x00, 0xd0, 0xff, 0x7b,
0x7b, 0xe8, 0xff, 0xff, 0xff, 0xff, 0xff, 0xfe, 0xfe, 0xff, 0xff, 0xfe, 0xfe, 0xff, 0xff,
0xfe, 0xfe, 0xff, 0xff, 0xfe, 0xfe, 0xff, 0xff, 0xfe, 0xfe, 0xff, 0xff, 0xfe, 0xfe, 0xff,
0xff, 0xfe, 0xfe, 0xff, 0xff, 0xfe, 0xfe, 0xff, 0xff, 0xfe, 0xfe, 0xff, 0xff, 0xfe, 0xfe,
0xff, 0xff, 0xfe, 0xfe, 0xff, 0xff, 0xfe, 0xfe, 0xff, 0xff, 0xfe, 0xfe, 0xff, 0xff, 0xfe,
0xfe, 0xff, 0xff, 0xfe, 0xfe, 0xff, 0xff, 0xfe, 0xfe, 0xff, 0xff, 0xfe, 0xfe, 0xff, 0xff,
0xfe, 0xfe, 0xff, 0xff, 0xfe, 0xfe, 0xff, 0xff, 0xfe, 0xfe, 0xff, 0xff, 0xfe, 0xfe, 0xff,
0xff, 0xfe, 0xfe, 0xff, 0xff, 0xfe, 0xfe, 0xff, 0xff, 0xfe, 0xfe, 0xff, 0xff, 0xfe, 0xfe,
0xff, 0xff, 0xfe, 0xfe, 0xff, 0xff, 0xfe, 0xfe, 0xff, 0xff, 0xfe, 0xfe, 0xff, 0xff, 0xfe,
0xfe, 0xff, 0xff, 0xfe, 0xfe, 0xff, 0xff, 0xff, 0xff, 0xff, 0xff, 0xc3, 0xc3, 0xf3, 0xff,
0x01, 0x01, 0xcb, 0xff, 0x03, 0x03, 0xcc, 0xff, 0x04, 0x04, 0xcc, 0xff, 0x04, 0x04, 0xcc,
0xff, 0x04, 0x04, 0xcc, 0xff, 0x04, 0x04, 0xcc, 0xff, 0x04, 0x04, 0xcb, 0xff, 0x04, 0x04,
0xcb, 0xff, 0x04, 0x04, 0xcb, 0xff, 0x04, 0x04, 0xcb, 0xff, 0x04, 0x04, 0xcb, 0xff, 0x04,
0x04, 0xca, 0xff, 0x04, 0x04, 0xca, 0xff, 0x04, 0x04, 0xca, 0xff, 0x04, 0x04, 0xca, 0xff,
0x04, 0x04, 0xca, 0xff, 0x04, 0x04, 0xca, 0xff, 0x04, 0x04, 0xc9, 0xff, 0x04, 0x04, 0xc9,
0xff, 0x04, 0x04, 0xc9, 0xff, 0x04, 0x04, 0xc9, 0xff, 0x04, 0x04, 0xc8, 0xff, 0x04, 0x04,
0xc8, 0xff, 0x04, 0x04, 0xc8, 0xff, 0x04, 0x04, 0xc8, 0xff, 0x04, 0x04, 0xc8, 0xff, 0x04,
0x04, 0xc7, 0xff, 0x04, 0x04, 0xc7, 0xff, 0x04, 0x04, 0xc7, 0xff, 0x04, 0x04, 0xc7, 0xff,
0x04, 0x04, 0xc7, 0xff, 0x04, 0x04, 0xc8, 0xff, 0x02, 0x02, 0xc5, 0x48, 0x01, 0x01, 0xc1,
0x00, 0x01, 0x01, 0xc1, 0x00, 0x01, 0x01, 0xc1, 0x00, 0x01, 0x01, 0xc1, 0x00, 0x01, 0x01,
0xc1, 0x00, 0x01, 0x01, 0xc1, 0x00, 0xff, 0xff, 0xff, 0x00, 0xff, 0xff, 0xff, 0x00, 0xff,
0xff, 0xff, 0x00, 0xff, 0xff, 0xff, 0x00, 0xff, 0xff, 0xff, 0x00, 0xff, 0xff, 0xff, 0x00,
0xff, 0xff, 0xff, 0x00, 0xff, 0xff, 0xff, 0x00, 0xff, 0xff, 0xff, 0x00, 0xff, 0xff, 0xff,
0x00, 0xff, 0xff, 0xff, 0x00, 0xff, 0xff, 0xff, 0x00, 0xff, 0xff, 0xff, 0x00, 0xff, 0xff,
0xff, 0x00, 0xff, 0xff, 0xff, 0x00, 0x01, 0x01, 0xc9, 0x00, 0x01, 0x01, 0xc9, 0x00, 0x01,
0x01, 0xc9, 0x00, 0x01, 0x01, 0xc9, 0x00, 0x01, 0x01, 0xc9, 0x00, 0x01, 0x01, 0xc9, 0x00,
0x01, 0x01, 0xc7, 0x00, 0x02, 0x02, 0xd2, 0x9d, 0x03, 0x03, 0xd9, 0xff, 0x03, 0x03, 0xd8,
0xff, 0x03, 0x03, 0xd8, 0xff, 0x03, 0x03, 0xd8, 0xff, 0x03, 0x03, 0xd7, 0xff, 0x03, 0x03,
0xd7, 0xff, 0x03, 0x03, 0xd7, 0xff, 0x03, 0x03, 0xd7, 0xff, 0x03, 0x03, 0xd7, 0xff, 0x03,
0x03, 0xd6, 0xff, 0x03, 0x03, 0xd6, 0xff, 0x03, 0x03, 0xd6, 0xff, 0x03, 0x03, 0xd6, 0xff,
0x03, 0x03, 0xd6, 0xff, 0x03, 0x03, 0xd5, 0xff, 0x03, 0x03, 0xd5, 0xff, 0x03, 0x03, 0xd5,
0xff, 0x03, 0x03, 0xd5, 0xff, 0x03, 0x03, 0xd5, 0xff, 0x03, 0x03, 0xd5, 0xff, 0x03, 0x03,
0xd5, 0xff, 0x03, 0x03, 0xd5, 0xff, 0x03, 0x03, 0xd4, 0xff, 0x03, 0x03, 0xd4, 0xff, 0x03,
0x03, 0xd4, 0xff, 0x03, 0x03, 0xd4, 0xff, 0x03, 0x03, 0xd4, 0xff, 0x03, 0x03, 0xd3, 0xff,
0x03, 0x03, 0xd3, 0xff, 0x03, 0x03, 0xd3, 0xff, 0x03, 0x03, 0xd3, 0xff, 0x00, 0x00, 0xd0,
0xff, 0x6b, 0x6b, 0xe5, 0xff, 0xff, 0xff, 0xff, 0xff, 0xfe, 0xfe, 0xff, 0xff, 0xfe, 0xfe,
0xff, 0xff, 0xfe, 0xfe, 0xff, 0xff, 0xfe, 0xfe, 0xff, 0xff, 0xfe, 0xfe, 0xff, 0xff, 0xfe,
0xfe, 0xff, 0xff, 0xfe, 0xfe, 0xff, 0xff, 0xfe, 0xfe, 0xff, 0xff, 0xfe, 0xfe, 0xff, 0xff,
0xfe, 0xfe, 0xff, 0xff, 0xfe, 0xfe, 0xff, 0xff, 0xfe, 0xfe, 0xff, 0xff, 0xfe, 0xfe, 0xff,
0xff, 0xfe, 0xfe, 0xff, 0xff, 0xfe, 0xfe, 0xff, 0xff, 0xfe, 0xfe, 0xff, 0xff, 0xfe, 0xfe,
0xff, 0xff, 0xfe, 0xfe, 0xff, 0xff, 0xfe, 0xfe, 0xff, 0xff, 0xfe, 0xfe, 0xff, 0xff, 0xfe,
0xfe, 0xff, 0xff, 0xfe, 0xfe, 0xff, 0xff, 0xfe, 0xfe, 0xff, 0xff, 0xfe, 0xfe, 0xff, 0xff,
0xfe, 0xfe, 0xff, 0xff, 0xfe, 0xfe, 0xff, 0xff, 0xfe, 0xfe, 0xff, 0xff, 0xfe, 0xfe, 0xff,
0xff, 0xfe, 0xfe, 0xff, 0xff, 0xfe, 0xfe, 0xff, 0xff, 0xff, 0xff, 0xff, 0xff, 0xad, 0xad,
0xef, 0xff, 0x00, 0x00, 0xca, 0xff, 0x04, 0x04, 0xcc, 0xff, 0x04, 0x04, 0xcc, 0xff, 0x04,
0x04, 0xcb, 0xff, 0x04, 0x04, 0xcb, 0xff, 0x04, 0x04, 0xcb, 0xff, 0x04, 0x04, 0xcb, 0xff,
0x04, 0x04, 0xcb, 0xff, 0x04, 0x04, 0xca, 0xff, 0x04, 0x04, 0xca, 0xff, 0x04, 0x04, 0xca,
0xff, 0x04, 0x04, 0xca, 0xff, 0x04, 0x04, 0xca, 0xff, 0x04, 0x04, 0xca, 0xff, 0x04, 0x04,
0xc9, 0xff, 0x04, 0x04, 0xc9, 0xff, 0x04, 0x04, 0xc9, 0xff, 0x04, 0x04, 0xc9, 0xff, 0x04,
0x04, 0xc8, 0xff, 0x04, 0x04, 0xc9, 0xff, 0x04, 0x04, 0xc8, 0xff, 0x04, 0x04, 0xc8, 0xff,
0x04, 0x04, 0xc8, 0xff, 0x04, 0x04, 0xc7, 0xff, 0x04, 0x04, 0xc8, 0xff, 0x04, 0x04, 0xc7,
0xff, 0x04, 0x04, 0xc7, 0xff, 0x04, 0x04, 0xc7, 0xff, 0x04, 0x04, 0xc6, 0xff, 0x04, 0x04,
0xc7, 0xff, 0x04, 0x04, 0xcb, 0xff, 0x03, 0x03, 0xaa, 0xaf, 0x01, 0x01, 0x54, 0x02, 0x01,
0x01, 0x54, 0x00, 0x01, 0x01, 0x54, 0x00, 0x01, 0x01, 0x54, 0x00, 0x01, 0x01, 0x54, 0x00,
0x01, 0x01, 0x54, 0x00, 0x01, 0x01, 0x54, 0x00, 0xff, 0xff, 0xff, 0x00, 0xff, 0xff, 0xff,
0x00, 0xff, 0xff, 0xff, 0x00, 0xff, 0xff, 0xff, 0x00, 0xff, 0xff, 0xff, 0x00, 0xff, 0xff,
0xff, 0x00, 0xff, 0xff, 0xff, 0x00, 0xff, 0xff, 0xff, 0x00, 0xff, 0xff, 0xff, 0x00, 0xff,
0xff, 0xff, 0x00, 0xff, 0xff, 0xff, 0x00, 0xff, 0xff, 0xff, 0x00, 0xff, 0xff, 0xff, 0x00,
0xff, 0xff, 0xff, 0x00, 0xff, 0xff, 0xff, 0x00, 0x01, 0x01, 0xcc, 0x00, 0x01, 0x01, 0xcc,
0x00, 0x01, 0x01, 0xcc, 0x00, 0x01, 0x01, 0xcc, 0x00, 0x01, 0x01, 0xcc, 0x00, 0x01, 0x01,
0xcc, 0x00, 0x01, 0x01, 0xcb, 0x00, 0x02, 0x02, 0xd0, 0x2d, 0x03, 0x03, 0xd8, 0xf7, 0x03,
0x03, 0xd8, 0xff, 0x03, 0x03, 0xd7, 0xff, 0x03, 0x03, 0xd7, 0xff, 0x03, 0x03, 0xd7, 0xff,
0x03, 0x03, 0xd7, 0xff, 0x03, 0x03, 0xd7, 0xff, 0x03, 0x03, 0xd7, 0xff, 0x03, 0x03, 0xd6,
0xff, 0x03, 0x03, 0xd6, 0xff, 0x03, 0x03, 0xd6, 0xff, 0x03, 0x03, 0xd6, 0xff, 0x03, 0x03,
0xd6, 0xff, 0x03, 0x03, 0xd5, 0xff, 0x03, 0x03, 0xd5, 0xff, 0x03, 0x03, 0xd5, 0xff, 0x03,
0x03, 0xd5, 0xff, 0x03, 0x03, 0xd5, 0xff, 0x03, 0x03, 0xd5, 0xff, 0x03, 0x03, 0xd4, 0xff,
0x03, 0x03, 0xd4, 0xff, 0x03, 0x03, 0xd4, 0xff, 0x03, 0x03, 0xd4, 0xff, 0x03, 0x03, 0xd4,
0xff, 0x03, 0x03, 0xd3, 0xff, 0x03, 0x03, 0xd3, 0xff, 0x03, 0x03, 0xd3, 0xff, 0x03, 0x03,
0xd3, 0xff, 0x03, 0x03, 0xd3, 0xff, 0x03, 0x03, 0xd2, 0xff, 0x03, 0x03, 0xd2, 0xff, 0x00,
0x00, 0xd0, 0xff, 0x59, 0x59, 0xe2, 0xff, 0xff, 0xff, 0xff, 0xff, 0xfe, 0xfe, 0xff, 0xff,
0xfe, 0xfe, 0xff, 0xff, 0xfe, 0xfe, 0xff, 0xff, 0xfe, 0xfe, 0xff, 0xff, 0xfe, 0xfe, 0xff,
0xff, 0xfe, 0xfe, 0xff, 0xff, 0xfe, 0xfe, 0xff, 0xff, 0xfe, 0xfe, 0xff, 0xff, 0xfe, 0xfe,
0xff, 0xff, 0xfe, 0xfe, 0xff, 0xff, 0xfe, 0xfe, 0xff, 0xff, 0xfe, 0xfe, 0xff, 0xff, 0xfe,
0xfe, 0xff, 0xff, 0xfe, 0xfe, 0xff, 0xff, 0xfe, 0xfe, 0xff, 0xff, 0xfe, 0xfe, 0xff, 0xff,
0xfe, 0xfe, 0xff, 0xff, 0xfe, 0xfe, 0xff, 0xff, 0xfe, 0xfe, 0xff, 0xff, 0xfe, 0xfe, 0xff,
0xff, 0xfe, 0xfe, 0xff, 0xff, 0xfe, 0xfe, 0xff, 0xff, 0xfe, 0xfe, 0xff, 0xff, 0xfe, 0xfe,
0xff, 0xff, 0xfe, 0xfe, 0xff, 0xff, 0xfe, 0xfe, 0xff, 0xff, 0xfe, 0xfe, 0xff, 0xff, 0xfe,
0xfe, 0xff, 0xff, 0xfe, 0xfe, 0xff, 0xff, 0xfe, 0xfe, 0xff, 0xff, 0xff, 0xff, 0xff, 0xff,
0x9a, 0x9a, 0xea, 0xff, 0x00, 0x00, 0xc8, 0xff, 0x04, 0x04, 0xcb, 0xff, 0x04, 0x04, 0xcb,
0xff, 0x04, 0x04, 0xcb, 0xff, 0x04, 0x04, 0xcb, 0xff, 0x04, 0x04, 0xca, 0xff, 0x04, 0x04,
0xca, 0xff, 0x04, 0x04, 0xca, 0xff, 0x04, 0x04, 0xca, 0xff, 0x04, 0x04, 0xca, 0xff, 0x04,
0x04, 0xca, 0xff, 0x04, 0x04, 0xca, 0xff, 0x04, 0x04, 0xc9, 0xff, 0x04, 0x04, 0xc9, 0xff,
0x04, 0x04, 0xc9, 0xff, 0x04, 0x04, 0xc9, 0xff, 0x04, 0x04, 0xc9, 0xff, 0x04, 0x04, 0xc8,
0xff, 0x04, 0x04, 0xc8, 0xff, 0x04, 0x04, 0xc8, 0xff, 0x04, 0x04, 0xc8, 0xff, 0x04, 0x04,
0xc8, 0xff, 0x04, 0x04, 0xc7, 0xff, 0x04, 0x04, 0xc7, 0xff, 0x04, 0x04, 0xc7, 0xff, 0x04,
0x04, 0xc7, 0xff, 0x04, 0x04, 0xc7, 0xff, 0x04, 0x04, 0xc6, 0xff, 0x04, 0x04, 0xc6, 0xff,
0x04, 0x04, 0xc6, 0xff, 0x04, 0x04, 0xc7, 0xfb, 0x02, 0x02, 0xb5, 0x35, 0x01, 0x01, 0x9f,
0x00, 0x01, 0x01, 0xa0, 0x00, 0x01, 0x01, 0xa0, 0x00, 0x01, 0x01, 0xa0, 0x00, 0x01, 0x01,
0xa0, 0x00, 0x01, 0x01, 0xa0, 0x00, 0x01, 0x01, 0xa0, 0x00, 0xff, 0xff, 0xff, 0x00, 0xff,
0xff, 0xff, 0x00, 0xff, 0xff, 0xff, 0x00, 0xff, 0xff, 0xff, 0x00, 0xff, 0xff, 0xff, 0x00,
0xff, 0xff, 0xff, 0x00, 0xff, 0xff, 0xff, 0x00, 0xff, 0xff, 0xff, 0x00, 0xff, 0xff, 0xff,
0x00, 0xff, 0xff, 0xff, 0x00, 0xff, 0xff, 0xff, 0x00, 0xff, 0xff, 0xff, 0x00, 0xff, 0xff,
0xff, 0x00, 0xff, 0xff, 0xff, 0x00, 0xff, 0xff, 0xff, 0x00, 0x01, 0x01, 0xcc, 0x00, 0x01,
0x01, 0xcc, 0x00, 0x01, 0x01, 0xcc, 0x00, 0x01, 0x01, 0xcc, 0x00, 0x01, 0x01, 0xcc, 0x00,
0x01, 0x01, 0xcc, 0x00, 0x01, 0x01, 0xcc, 0x00, 0x01, 0x01, 0xcb, 0x00, 0x02, 0x02, 0xd2,
0x79, 0x03, 0x03, 0xd8, 0xff, 0x03, 0x03, 0xd7, 0xff, 0x03, 0x03, 0xd7, 0xff, 0x03, 0x03,
0xd7, 0xff, 0x03, 0x03, 0xd6, 0xff, 0x03, 0x03, 0xd6, 0xff, 0x03, 0x03, 0xd6, 0xff, 0x03,
0x03, 0xd6, 0xff, 0x03, 0x03, 0xd6, 0xff, 0x03, 0x03, 0xd5, 0xff, 0x03, 0x03, 0xd5, 0xff,
0x03, 0x03, 0xd5, 0xff, 0x03, 0x03, 0xd5, 0xff, 0x03, 0x03, 0xd5, 0xff, 0x03, 0x03, 0xd5,
0xff, 0x03, 0x03, 0xd4, 0xff, 0x03, 0x03, 0xd4, 0xff, 0x03, 0x03, 0xd4, 0xff, 0x03, 0x03,
0xd4, 0xff, 0x03, 0x03, 0xd4, 0xff, 0x03, 0x03, 0xd3, 0xff, 0x03, 0x03, 0xd3, 0xff, 0x03,
0x03, 0xd3, 0xff, 0x03, 0x03, 0xd3, 0xff, 0x03, 0x03, 0xd3, 0xff, 0x03, 0x03, 0xd2, 0xff,
0x03, 0x03, 0xd2, 0xff, 0x03, 0x03, 0xd2, 0xff, 0x03, 0x03, 0xd2, 0xff, 0x03, 0x03, 0xd2,
0xff, 0x00, 0x00, 0xd0, 0xff, 0x3c, 0x3c, 0xdc, 0xff, 0xff, 0xff, 0xff, 0xff, 0xff, 0xff,
0xff, 0xff, 0xfe, 0xfe, 0xff, 0xff, 0xfe, 0xfe, 0xff, 0xff, 0xfe, 0xfe, 0xff, 0xff, 0xfe,
0xfe, 0xff, 0xff, 0xfe, 0xfe, 0xff, 0xff, 0xfe, 0xfe, 0xff, 0xff, 0xfe, 0xfe, 0xff, 0xff,
0xfe, 0xfe, 0xff, 0xff, 0xfe, 0xfe, 0xff, 0xff, 0xfe, 0xfe, 0xff, 0xff, 0xfe, 0xfe, 0xff,
0xff, 0xfe, 0xfe, 0xff, 0xff, 0xfe, 0xfe, 0xff, 0xff, 0xfe, 0xfe, 0xff, 0xff, 0xfe, 0xfe,
0xff, 0xff, 0xfe, 0xfe, 0xff, 0xff, 0xfe, 0xfe, 0xff, 0xff, 0xfe, 0xfe, 0xff, 0xff, 0xfe,
0xfe, 0xff, 0xff, 0xfe, 0xfe, 0xff, 0xff, 0xfe, 0xfe, 0xff, 0xff, 0xfe, 0xfe, 0xff, 0xff,
0xfe, 0xfe, 0xff, 0xff, 0xfe, 0xfe, 0xff, 0xff, 0xfe, 0xfe, 0xff, 0xff, 0xfe, 0xfe, 0xff,
0xff, 0xfe, 0xfe, 0xff, 0xff, 0xfe, 0xfe, 0xff, 0xff, 0xfe, 0xfe, 0xff, 0xff, 0xff, 0xff,
0xff, 0xff, 0x72, 0x72, 0xe2, 0xff, 0x00, 0x00, 0xc8, 0xff, 0x04, 0x04, 0xcb, 0xff, 0x04,
0x04, 0xca, 0xff, 0x04, 0x04, 0xca, 0xff, 0x04, 0x04, 0xca, 0xff, 0x04, 0x04, 0xca, 0xff,
0x04, 0x04, 0xca, 0xff, 0x04, 0x04, 0xca, 0xff, 0x04, 0x04, 0xca, 0xff, 0x04, 0x04, 0xc9,
0xff, 0x04, 0x04, 0xc9, 0xff, 0x04, 0x04, 0xc9, 0xff, 0x04, 0x04, 0xc9, 0xff, 0x04, 0x04,
0xc9, 0xff, 0x04, 0x04, 0xc8, 0xff, 0x04, 0x04, 0xc8, 0xff, 0x04, 0x04, 0xc8, 0xff, 0x04,
0x04, 0xc8, 0xff, 0x04, 0x04, 0xc8, 0xff, 0x04, 0x04, 0xc7, 0xff, 0x04, 0x04, 0xc7, 0xff,
0x04, 0x04, 0xc7, 0xff, 0x04, 0x04, 0xc7, 0xff, 0x04, 0x04, 0xc7, 0xff, 0x04, 0x04, 0xc6,
0xff, 0x04, 0x04, 0xc6, 0xff, 0x04, 0x04, 0xc6, 0xff, 0x04, 0x04, 0xc6, 0xff, 0x04, 0x04,
0xc6, 0xff, 0x04, 0x04, 0xc6, 0xff, 0x03, 0x03, 0xc2, 0x81, 0x01, 0x01, 0xbc, 0x00, 0x01,
0x01, 0xbe, 0x00, 0x01, 0x01, 0xbe, 0x00, 0x01, 0x01, 0xbe, 0x00, 0x01, 0x01, 0xbe, 0x00,
0x01, 0x01, 0xbe, 0x00, 0x01, 0x01, 0xbe, 0x00, 0x01, 0x01, 0xbe, 0x00, 0xff, 0xff, 0xff,
0x00, 0xff, 0xff, 0xff, 0x00, 0xff, 0xff, 0xff, 0x00, 0xff, 0xff, 0xff, 0x00, 0xff, 0xff,
0xff, 0x00, 0xff, 0xff, 0xff, 0x00, 0xff, 0xff, 0xff, 0x00, 0xff, 0xff, 0xff, 0x00, 0xff,
0xff, 0xff, 0x00, 0xff, 0xff, 0xff, 0x00, 0xff, 0xff, 0xff, 0x00, 0xff, 0xff, 0xff, 0x00,
0xff, 0xff, 0xff, 0x00, 0xff, 0xff, 0xff, 0x00, 0xff, 0xff, 0xff, 0x00, 0x01, 0x01, 0xc8,
0x00, 0x01, 0x01, 0xc8, 0x00, 0x01, 0x01, 0xc8, 0x00, 0x01, 0x01, 0xc8, 0x00, 0x01, 0x01,
0xc8, 0x00, 0x01, 0x01, 0xc8, 0x00, 0x01, 0x01, 0xc8, 0x00, 0x01, 0x01, 0xc7, 0x00, 0x01,
0x01, 0xca, 0x0c, 0x03, 0x03, 0xd7, 0xdb, 0x03, 0x03, 0xd6, 0xff, 0x03, 0x03, 0xd6, 0xff,
0x03, 0x03, 0xd6, 0xff, 0x03, 0x03, 0xd6, 0xff, 0x03, 0x03, 0xd6, 0xff, 0x03, 0x03, 0xd5,
0xff, 0x03, 0x03, 0xd5, 0xff, 0x03, 0x03, 0xd5, 0xff, 0x03, 0x03, 0xd5, 0xff, 0x03, 0x03,
0xd5, 0xff, 0x03, 0x03, 0xd5, 0xff, 0x03, 0x03, 0xd5, 0xff, 0x03, 0x03, 0xd4, 0xff, 0x03,
0x03, 0xd4, 0xff, 0x03, 0x03, 0xd4, 0xff, 0x03, 0x03, 0xd4, 0xff, 0x03, 0x03, 0xd4, 0xff,
0x03, 0x03, 0xd3, 0xff, 0x03, 0x03, 0xd3, 0xff, 0x03, 0x03, 0xd3, 0xff, 0x03, 0x03, 0xd3,
0xff, 0x03, 0x03, 0xd3, 0xff, 0x03, 0x03, 0xd2, 0xff, 0x03, 0x03, 0xd2, 0xff, 0x03, 0x03,
0xd2, 0xff, 0x03, 0x03, 0xd2, 0xff, 0x03, 0x03, 0xd2, 0xff, 0x03, 0x03, 0xd1, 0xff, 0x03,
0x03, 0xd1, 0xff, 0x01, 0x01, 0xd0, 0xff, 0x0f, 0x0f, 0xd3, 0xff, 0xdf, 0xdf, 0xfa, 0xff,
0xff, 0xff, 0xff, 0xff, 0xff, 0xff, 0xff, 0xff, 0xfe, 0xfe, 0xff, 0xff, 0xfe, 0xfe, 0xff,
0xff, 0xfe, 0xfe, 0xff, 0xff, 0xfe, 0xfe, 0xff, 0xff, 0xfe, 0xfe, 0xff, 0xff, 0xfe, 0xfe,
0xff, 0xff, 0xfe, 0xfe, 0xff, 0xff, 0xfe, 0xfe, 0xff, 0xff, 0xfe, 0xfe, 0xff, 0xff, 0xfe,
0xfe, 0xff, 0xff, 0xfe, 0xfe, 0xff, 0xff, 0xfe, 0xfe, 0xff, 0xff, 0xfe, 0xfe, 0xff, 0xff,
0xfe, 0xfe, 0xff, 0xff, 0xfe, 0xfe, 0xff, 0xff, 0xfe, 0xfe, 0xff, 0xff, 0xfe, 0xfe, 0xff,
0xff, 0xfe, 0xfe, 0xff, 0xff, 0xfe, 0xfe, 0xff, 0xff, 0xfe, 0xfe, 0xff, 0xff, 0xfe, 0xfe,
0xff, 0xff, 0xfe, 0xfe, 0xff, 0xff, 0xfe, 0xfe, 0xff, 0xff, 0xfe, 0xfe, 0xff, 0xff, 0xfe,
0xfe, 0xff, 0xff, 0xfe, 0xfe, 0xff, 0xff, 0xff, 0xff, 0xff, 0xff, 0xff, 0xff, 0xff, 0xff,
0xf5, 0xf5, 0xfd, 0xff, 0x28, 0x28, 0xd2, 0xff, 0x00, 0x00, 0xc9, 0xff, 0x04, 0x04, 0xca,
0xff, 0x04, 0x04, 0xca, 0xff, 0x04, 0x04, 0xca, 0xff, 0x04, 0x04, 0xca, 0xff, 0x04, 0x04,
0xca, 0xff, 0x04, 0x04, 0xc9, 0xff, 0x04, 0x04, 0xc9, 0xff, 0x04, 0x04, 0xc9, 0xff, 0x04,
0x04, 0xc9, 0xff, 0x04, 0x04, 0xc9, 0xff, 0x04, 0x04, 0xc8, 0xff, 0x04, 0x04, 0xc8, 0xff,
0x04, 0x04, 0xc8, 0xff, 0x04, 0x04, 0xc8, 0xff, 0x04, 0x04, 0xc8, 0xff, 0x04, 0x04, 0xc7,
0xff, 0x04, 0x04, 0xc7, 0xff, 0x04, 0x04, 0xc7, 0xff, 0x04, 0x04, 0xc7, 0xff, 0x04, 0x04,
0xc7, 0xff, 0x04, 0x04, 0xc6, 0xff, 0x04, 0x04, 0xc6, 0xff, 0x04, 0x04, 0xc6, 0xff, 0x04,
0x04, 0xc6, 0xff, 0x04, 0x04, 0xc6, 0xff, 0x04, 0x04, 0xc5, 0xff, 0x04, 0x04, 0xc5, 0xff,
0x04, 0x04, 0xc5, 0xff, 0x04, 0x04, 0xc5, 0xdd, 0x02, 0x02, 0xc2, 0x0d, 0x01, 0x01, 0xc2,
0x00, 0x01, 0x01, 0xc2, 0x00, 0x01, 0x01, 0xc2, 0x00, 0x01, 0x01, 0xc2, 0x00, 0x01, 0x01,
0xc2, 0x00, 0x01, 0x01, 0xc2, 0x00, 0x01, 0x01, 0xc2, 0x00, 0x01, 0x01, 0xc2, 0x00, 0xff,
0xff, 0xff, 0x00, 0xff, 0xff, 0xff, 0x00, 0xff, 0xff, 0xff, 0x00, 0xff, 0xff, 0xff, 0x00,
0xff, 0xff, 0xff, 0x00, 0xff, 0xff, 0xff, 0x00, 0xff, 0xff, 0xff, 0x00, 0xff, 0xff, 0xff,
0x00, 0xff, 0xff, 0xff, 0x00, 0xff, 0xff, 0xff, 0x00, 0xff, 0xff, 0xff, 0x00, 0xff, 0xff,
0xff, 0x00, 0xff, 0xff, 0xff, 0x00, 0xff, 0xff, 0xff, 0x00, 0xff, 0xff, 0xff, 0x00, 0x01,
0x01, 0xca, 0x00, 0x01, 0x01, 0xca, 0x00, 0x01, 0x01, 0xca, 0x00, 0x01, 0x01, 0xca, 0x00,
0x01, 0x01, 0xca, 0x00, 0x01, 0x01, 0xca, 0x00, 0x01, 0x01, 0xca, 0x00, 0x01, 0x01, 0xca,
0x00, 0x01, 0x01, 0xca, 0x00, 0x01, 0x01, 0xcc, 0x3c, 0x03, 0x03, 0xd6, 0xff, 0x03, 0x03,
0xd6, 0xff, 0x03, 0x03, 0xd5, 0xff, 0x03, 0x03, 0xd5, 0xff, 0x03, 0x03, 0xd5, 0xff, 0x03,
0x03, 0xd5, 0xff, 0x03, 0x03, 0xd5, 0xff, 0x03, 0x03, 0xd5, 0xff, 0x03, 0x03, 0xd5, 0xff,
0x03, 0x03, 0xd4, 0xff, 0x03, 0x03, 0xd4, 0xff, 0x03, 0x03, 0xd4, 0xff, 0x03, 0x03, 0xd4,
0xff, 0x03, 0x03, 0xd4, 0xff, 0x03, 0x03, 0xd3, 0xff, 0x03, 0x03, 0xd3, 0xff, 0x03, 0x03,
0xd3, 0xff, 0x03, 0x03, 0xd3, 0xff, 0x03, 0x03, 0xd2, 0xff, 0x03, 0x03, 0xd2, 0xff, 0x03,
0x03, 0xd2, 0xff, 0x03, 0x03, 0xd2, 0xff, 0x03, 0x03, 0xd2, 0xff, 0x03, 0x03, 0xd1, 0xff,
0x03, 0x03, 0xd1, 0xff, 0x03, 0x03, 0xd1, 0xff, 0x03, 0x03, 0xd1, 0xff, 0x03, 0x03, 0xd1,
0xff, 0x03, 0x03, 0xd1, 0xff, 0x03, 0x03, 0xd0, 0xff, 0x00, 0x00, 0xce, 0xff, 0x39, 0x39,
0xda, 0xff, 0xbf, 0xbf, 0xf3, 0xff, 0xef, 0xef, 0xfc, 0xff, 0xff, 0xff, 0xff, 0xff, 0xff,
0xff, 0xff, 0xff, 0xff, 0xff, 0xff, 0xff, 0xff, 0xff, 0xff, 0xff, 0xff, 0xff, 0xff, 0xff,
0xff, 0xff, 0xff, 0xff, 0xff, 0xff, 0xff, 0xff, 0xff, 0xff, 0xff, 0xff, 0xff, 0xff, 0xff,
0xff, 0xfe, 0xfe, 0xff, 0xff, 0xfe, 0xfe, 0xff, 0xff, 0xfe, 0xfe, 0xff, 0xff, 0xfe, 0xfe,
0xff, 0xff, 0xfe, 0xfe, 0xff, 0xff, 0xfe, 0xfe, 0xff, 0xff, 0xfe, 0xfe, 0xff, 0xff, 0xfe,
0xfe, 0xff, 0xff, 0xff, 0xff, 0xff, 0xff, 0xff, 0xff, 0xff, 0xff, 0xff, 0xff, 0xff, 0xff,
0xff, 0xff, 0xff, 0xff, 0xff, 0xff, 0xff, 0xff, 0xff, 0xff, 0xff, 0xff, 0xff, 0xff, 0xff,
0xff, 0xff, 0xff, 0xff, 0xff, 0xff, 0xff, 0xff, 0xff, 0xf3, 0xf3, 0xfd, 0xff, 0xc9, 0xc9,
0xf4, 0xff, 0x49, 0x49, 0xd9, 0xff, 0x00, 0x00, 0xc8, 0xff, 0x04, 0x04, 0xca, 0xff, 0x04,
0x04, 0xca, 0xff, 0x04, 0x04, 0xca, 0xff, 0x04, 0x04, 0xc9, 0xff, 0x04, 0x04, 0xc9, 0xff,
0x04, 0x04, 0xc9, 0xff, 0x04, 0x04, 0xc9, 0xff, 0x04, 0x04, 0xc9, 0xff, 0x04, 0x04, 0xc8,
0xff, 0x04, 0x04, 0xc8, 0xff, 0x04, 0x04, 0xc8, 0xff, 0x04, 0x04, 0xc8, 0xff, 0x04, 0x04,
0xc8, 0xff, 0x04, 0x04, 0xc7, 0xff, 0x04, 0x04, 0xc7, 0xff, 0x04, 0x04, 0xc7, 0xff, 0x04,
0x04, 0xc7, 0xff, 0x04, 0x04, 0xc7, 0xff, 0x04, 0x04, 0xc6, 0xff, 0x04, 0x04, 0xc6, 0xff,
0x04, 0x04, 0xc6, 0xff, 0x04, 0x04, 0xc6, 0xff, 0x04, 0x04, 0xc6, 0xff, 0x04, 0x04, 0xc5,
0xff, 0x04, 0x04, 0xc5, 0xff, 0x04, 0x04, 0xc5, 0xff, 0x04, 0x04, 0xc5, 0xff, 0x04, 0x04,
0xc5, 0xff, 0x04, 0x04, 0xc5, 0xff, 0x02, 0x02, 0xc4, 0x3f, 0x01, 0x01, 0xc2, 0x00, 0x01,
0x01, 0xc3, 0x00, 0x01, 0x01, 0xc3, 0x00, 0x01, 0x01, 0xc3, 0x00, 0x01, 0x01, 0xc3, 0x00,
0x01, 0x01, 0xc3, 0x00, 0x01, 0x01, 0xc3, 0x00, 0x01, 0x01, 0xc3, 0x00, 0x01, 0x01, 0xc3,
0x00, 0xff, 0xff, 0xff, 0x00, 0xff, 0xff, 0xff, 0x00, 0xff, 0xff, 0xff, 0x00, 0xff, 0xff,
0xff, 0x00, 0xff, 0xff, 0xff, 0x00, 0xff, 0xff, 0xff, 0x00, 0xff, 0xff, 0xff, 0x00, 0xff,
0xff, 0xff, 0x00, 0xff, 0xff, 0xff, 0x00, 0xff, 0xff, 0xff, 0x00, 0xff, 0xff, 0xff, 0x00,
0xff, 0xff, 0xff, 0x00, 0xff, 0xff, 0xff, 0x00, 0xff, 0xff, 0xff, 0x00, 0xff, 0xff, 0xff,
0x00, 0x01, 0x01, 0xd2, 0x00, 0x01, 0x01, 0xd2, 0x00, 0x01, 0x01, 0xd2, 0x00, 0x01, 0x01,
0xd2, 0x00, 0x01, 0x01, 0xd2, 0x00, 0x01, 0x01, 0xd2, 0x00, 0x01, 0x01, 0xd2, 0x00, 0x01,
0x01, 0xd2, 0x00, 0x01, 0x01, 0xd2, 0x00, 0x01, 0x01, 0xd2, 0x00, 0x02, 0x02, 0xe0, 0x80,
0x03, 0x03, 0xd9, 0xff, 0x03, 0x03, 0xd4, 0xff, 0x03, 0x03, 0xd5, 0xff, 0x03, 0x03, 0xd5,
0xff, 0x03, 0x03, 0xd5, 0xff, 0x03, 0x03, 0xd4, 0xff, 0x03, 0x03, 0xd4, 0xff, 0x03, 0x03,
0xd4, 0xff, 0x03, 0x03, 0xd4, 0xff, 0x03, 0x03, 0xd4, 0xff, 0x03, 0x03, 0xd3, 0xff, 0x03,
0x03, 0xd3, 0xff, 0x03, 0x03, 0xd3, 0xff, 0x03, 0x03, 0xd3, 0xff, 0x03, 0x03, 0xd3, 0xff,
0x03, 0x03, 0xd2, 0xff, 0x03, 0x03, 0xd2, 0xff, 0x03, 0x03, 0xd2, 0xff, 0x03, 0x03, 0xd2,
0xff, 0x03, 0x03, 0xd2, 0xff, 0x03, 0x03, 0xd1, 0xff, 0x03, 0x03, 0xd1, 0xff, 0x03, 0x03,
0xd1, 0xff, 0x03, 0x03, 0xd1, 0xff, 0x03, 0x03, 0xd1, 0xff, 0x03, 0x03, 0xd0, 0xff, 0x03,
0x03, 0xd0, 0xff, 0x03, 0x03, 0xd0, 0xff, 0x03, 0x03, 0xd0, 0xff, 0x03, 0x03, 0xd0, 0xff,
0x00, 0x00, 0xce, 0xff, 0x00, 0x00, 0xce, 0xff, 0x1d, 0x1d, 0xd4, 0xff, 0x5d, 0x5d, 0xe0,
0xff, 0x9b, 0x9b, 0xec, 0xff, 0xc4, 0xc4, 0xf4, 0xff, 0xd5, 0xd5, 0xf7, 0xff, 0xe2, 0xe2,
0xfa, 0xff, 0xef, 0xef, 0xfc, 0xff, 0xfa, 0xfa, 0xfe, 0xff, 0xff, 0xff, 0xff, 0xff, 0xff,
0xff, 0xff, 0xff, 0xff, 0xff, 0xff, 0xff, 0xff, 0xff, 0xff, 0xff, 0xff, 0xff, 0xff, 0xff,
0xff, 0xff, 0xff, 0xff, 0xff, 0xff, 0xff, 0xff, 0xff, 0xff, 0xff, 0xff, 0xff, 0xff, 0xff,
0xff, 0xff, 0xff, 0xff, 0xff, 0xff, 0xff, 0xff, 0xff, 0xff, 0xff, 0xff, 0xff, 0xfb, 0xfb,
0xfe, 0xff, 0xf0, 0xf0, 0xfc, 0xff, 0xe4, 0xe4, 0xfa, 0xff, 0xd6, 0xd6, 0xf7, 0xff, 0xc6,
0xc6, 0xf3, 0xff, 0xa1, 0xa1, 0xeb, 0xff, 0x61, 0x61, 0xde, 0xff, 0x22, 0x22, 0xd0, 0xff,
0x02, 0x02, 0xca, 0xff, 0x00, 0x00, 0xc8, 0xff, 0x04, 0x04, 0xca, 0xff, 0x04, 0x04, 0xca,
0xff, 0x04, 0x04, 0xc9, 0xff, 0x04, 0x04, 0xc9, 0xff, 0x04, 0x04, 0xc9, 0xff, 0x04, 0x04,
0xc9, 0xff, 0x04, 0x04, 0xc9, 0xff, 0x04, 0x04, 0xc8, 0xff, 0x04, 0x04, 0xc8, 0xff, 0x04,
0x04, 0xc8, 0xff, 0x04, 0x04, 0xc8, 0xff, 0x04, 0x04, 0xc8, 0xff, 0x04, 0x04, 0xc7, 0xff,
0x04, 0x04, 0xc7, 0xff, 0x04, 0x04, 0xc7, 0xff, 0x04, 0x04, 0xc7, 0xff, 0x04, 0x04, 0xc7,
0xff, 0x04, 0x04, 0xc6, 0xff, 0x04, 0x04, 0xc6, 0xff, 0x04, 0x04, 0xc6, 0xff, 0x04, 0x04,
0xc6, 0xff, 0x04, 0x04, 0xc5, 0xff, 0x04, 0x04, 0xc5, 0xff, 0x04, 0x04, 0xc5, 0xff, 0x04,
0x04, 0xc5, 0xff, 0x04, 0x04, 0xc5, 0xff, 0x04, 0x04, 0xc5, 0xff, 0x04, 0x04, 0xc5, 0xff,
0x04, 0x04, 0xc5, 0xff, 0x03, 0x03, 0xc1, 0x8a, 0x01, 0x01, 0xbb, 0x00, 0x01, 0x01, 0xbc,
0x00, 0x01, 0x01, 0xbc, 0x00, 0x01, 0x01, 0xbc, 0x00, 0x01, 0x01, 0xbc, 0x00, 0x01, 0x01,
0xbc, 0x00, 0x01, 0x01, 0xbc, 0x00, 0x01, 0x01, 0xbc, 0x00, 0x01, 0x01, 0xbc, 0x00, 0x01,
0x01, 0xbc, 0x00, 0xff, 0xff, 0xff, 0x00, 0xff, 0xff, 0xff, 0x00, 0xff, 0xff, 0xff, 0x00,
0xff, 0xff, 0xff, 0x00, 0xff, 0xff, 0xff, 0x00, 0xff, 0xff, 0xff, 0x00, 0xff, 0xff, 0xff,
0x00, 0xff, 0xff, 0xff, 0x00, 0xff, 0xff, 0xff, 0x00, 0xff, 0xff, 0xff, 0x00, 0xff, 0xff,
0xff, 0x00, 0xff, 0xff, 0xff, 0x00, 0xff, 0xff, 0xff, 0x00, 0xff, 0xff, 0xff, 0x00, 0xff,
0xff, 0xff, 0x00, 0x01, 0x01, 0x6a, 0x00, 0x01, 0x01, 0x6a, 0x00, 0x01, 0x01, 0x6a, 0x00,
0x01, 0x01, 0x6a, 0x00, 0x01, 0x01, 0x6a, 0x00, 0x01, 0x01, 0x6a, 0x00, 0x01, 0x01, 0x6a,
0x00, 0x01, 0x01, 0x6a, 0x00, 0x01, 0x01, 0x6a, 0x00, 0x01, 0x01, 0x69, 0x00, 0x01, 0x01,
0x69, 0x02, 0x02, 0x02, 0xbb, 0xb7, 0x03, 0x03, 0xdc, 0xff, 0x03, 0x03, 0xd4, 0xff, 0x03,
0x03, 0xd4, 0xff, 0x03, 0x03, 0xd4, 0xff, 0x03, 0x03, 0xd4, 0xff, 0x03, 0x03, 0xd4, 0xff,
0x03, 0x03, 0xd3, 0xff, 0x03, 0x03, 0xd3, 0xff, 0x03, 0x03, 0xd3, 0xff, 0x03, 0x03, 0xd3,
0xff, 0x03, 0x03, 0xd3, 0xff, 0x03, 0x03, 0xd2, 0xff, 0x03, 0x03, 0xd2, 0xff, 0x03, 0x03,
0xd2, 0xff, 0x03, 0x03, 0xd2, 0xff, 0x03, 0x03, 0xd2, 0xff, 0x03, 0x03, 0xd2, 0xff, 0x03,
0x03, 0xd1, 0xff, 0x03, 0x03, 0xd1, 0xff, 0x03, 0x03, 0xd1, 0xff, 0x03, 0x03, 0xd1, 0xff,
0x03, 0x03, 0xd1, 0xff, 0x03, 0x03, 0xd0, 0xff, 0x03, 0x03, 0xd0, 0xff, 0x03, 0x03, 0xd0,
0xff, 0x03, 0x03, 0xd0, 0xff, 0x03, 0x03, 0xd0, 0xff, 0x03, 0x03, 0xd0, 0xff, 0x03, 0x03,
0xcf, 0xff, 0x03, 0x03, 0xcf, 0xff, 0x02, 0x02, 0xcf, 0xff, 0x00, 0x00, 0xce, 0xff, 0x00,
0x00, 0xcc, 0xff, 0x00, 0x00, 0xcc, 0xff, 0x00, 0x00, 0xcd, 0xff, 0x08, 0x08, 0xcf, 0xff,
0x0f, 0x0f, 0xd0, 0xff, 0x1a, 0x1a, 0xd2, 0xff, 0x2d, 0x2d, 0xd5, 0xff, 0x3d, 0x3d, 0xd8,
0xff, 0x4c, 0x4c, 0xdb, 0xff, 0x59, 0x59, 0xde, 0xff, 0x63, 0x63, 0xe0, 0xff, 0x6a, 0x6a,
0xe1, 0xff, 0x6d, 0x6d, 0xe2, 0xff, 0x6d, 0x6d, 0xe2, 0xff, 0x6a, 0x6a, 0xe1, 0xff, 0x64,
0x64, 0xdf, 0xff, 0x5b, 0x5b, 0xdd, 0xff, 0x4d, 0x4d, 0xda, 0xff, 0x3f, 0x3f, 0xd8, 0xff,
0x2f, 0x2f, 0xd4, 0xff, 0x1c, 0x1c, 0xd0, 0xff, 0x10, 0x10, 0xcd, 0xff, 0x09, 0x09, 0xcb,
0xff, 0x00, 0x00, 0xc9, 0xff, 0x00, 0x00, 0xc7, 0xff, 0x00, 0x00, 0xc7, 0xff, 0x00, 0x00,
0xc9, 0xff, 0x02, 0x02, 0xc9, 0xff, 0x04, 0x04, 0xc9, 0xff, 0x04, 0x04, 0xc9, 0xff, 0x04,
0x04, 0xc9, 0xff, 0x04, 0x04, 0xc9, 0xff, 0x04, 0x04, 0xc9, 0xff, 0x04, 0x04, 0xc8, 0xff,
0x04, 0x04, 0xc8, 0xff, 0x04, 0x04, 0xc8, 0xff, 0x04, 0x04, 0xc8, 0xff, 0x04, 0x04, 0xc8,
0xff, 0x04, 0x04, 0xc7, 0xff, 0x04, 0x04, 0xc7, 0xff, 0x04, 0x04, 0xc7, 0xff, 0x04, 0x04,
0xc7, 0xff, 0x04, 0x04, 0xc7, 0xff, 0x04, 0x04, 0xc6, 0xff, 0x04, 0x04, 0xc6, 0xff, 0x04,
0x04, 0xc6, 0xff, 0x04, 0x04, 0xc6, 0xff, 0x04, 0x04, 0xc6, 0xff, 0x04, 0x04, 0xc5, 0xff,
0x04, 0x04, 0xc5, 0xff, 0x04, 0x04, 0xc5, 0xff, 0x04, 0x04, 0xc5, 0xff, 0x04, 0x04, 0xc5,
0xff, 0x04, 0x04, 0xc5, 0xff, 0x04, 0x04, 0xc5, 0xff, 0x04, 0x04, 0xc4, 0xff, 0x04, 0x04,
0xc4, 0xff, 0x04, 0x04, 0xc4, 0xcd, 0x01, 0x01, 0xba, 0x07, 0x01, 0x01, 0xb7, 0x00, 0x01,
0x01, 0xb8, 0x00, 0x01, 0x01, 0xb8, 0x00, 0x01, 0x01, 0xb8, 0x00, 0x01, 0x01, 0xb8, 0x00,
0x01, 0x01, 0xb8, 0x00, 0x01, 0x01, 0xb8, 0x00, 0x01, 0x01, 0xb8, 0x00, 0x01, 0x01, 0xb8,
0x00, 0x01, 0x01, 0xb8, 0x00, 0xff, 0xff, 0xff, 0x00, 0xff, 0xff, 0xff, 0x00, 0xff, 0xff,
0xff, 0x00, 0xff, 0xff, 0xff, 0x00, 0xff, 0xff, 0xff, 0x00, 0xff, 0xff, 0xff, 0x00, 0xff,
0xff, 0xff, 0x00, 0xff, 0xff, 0xff, 0x00, 0xff, 0xff, 0xff, 0x00, 0xff, 0xff, 0xff, 0x00,
0xff, 0xff, 0xff, 0x00, 0xff, 0xff, 0xff, 0x00, 0xff, 0xff, 0xff, 0x00, 0xff, 0xff, 0xff,
0x00, 0xff, 0xff, 0xff, 0x00, 0x01, 0x01, 0x00, 0x00, 0x01, 0x01, 0x00, 0x00, 0x01, 0x01,
0x00, 0x00, 0x01, 0x01, 0x00, 0x00, 0x01, 0x01, 0x00, 0x00, 0x01, 0x01, 0x00, 0x00, 0x01,
0x01, 0x00, 0x00, 0x01, 0x01, 0x00, 0x00, 0x01, 0x01, 0x00, 0x00, 0x01, 0x01, 0x00, 0x00,
0x01, 0x01, 0x00, 0x00, 0x01, 0x01, 0x8b, 0x0d, 0x03, 0x03, 0xd6, 0xcd, 0x03, 0x03, 0xd5,
0xff, 0x03, 0x03, 0xd4, 0xff, 0x03, 0x03, 0xd3, 0xff, 0x03, 0x03, 0xd3, 0xff, 0x03, 0x03,
0xd3, 0xff, 0x03, 0x03, 0xd3, 0xff, 0x03, 0x03, 0xd3, 0xff, 0x03, 0x03, 0xd2, 0xff, 0x03,
0x03, 0xd2, 0xff, 0x03, 0x03, 0xd2, 0xff, 0x03, 0x03, 0xd2, 0xff, 0x03, 0x03, 0xd2, 0xff,
0x03, 0x03, 0xd1, 0xff, 0x03, 0x03, 0xd1, 0xff, 0x03, 0x03, 0xd1, 0xff, 0x03, 0x03, 0xd1,
0xff, 0x03, 0x03, 0xd1, 0xff, 0x03, 0x03, 0xd0, 0xff, 0x03, 0x03, 0xd0, 0xff, 0x03, 0x03,
0xd0, 0xff, 0x03, 0x03, 0xd0, 0xff, 0x03, 0x03, 0xd0, 0xff, 0x03, 0x03, 0xd0, 0xff, 0x03,
0x03, 0xd0, 0xff, 0x03, 0x03, 0xcf, 0xff, 0x03, 0x03, 0xcf, 0xff, 0x03, 0x03, 0xcf, 0xff,
0x03, 0x03, 0xcf, 0xff, 0x03, 0x03, 0xcf, 0xff, 0x03, 0x03, 0xce, 0xff, 0x04, 0x04, 0xce,
0xff, 0x04, 0x04, 0xce, 0xff, 0x04, 0x04, 0xce, 0xff, 0x03, 0x03, 0xcd, 0xff, 0x01, 0x01,
0xcd, 0xff, 0x00, 0x00, 0xcd, 0xff, 0x00, 0x00, 0xcc, 0xff, 0x00, 0x00, 0xcb, 0xff, 0x00,
0x00, 0xcb, 0xff, 0x00, 0x00, 0xca, 0xff, 0x00, 0x00, 0xca, 0xff, 0x00, 0x00, 0xc9, 0xff,
0x00, 0x00, 0xc9, 0xff, 0x00, 0x00, 0xc9, 0xff, 0x00, 0x00, 0xc9, 0xff, 0x00, 0x00, 0xc8,
0xff, 0x00, 0x00, 0xc8, 0xff, 0x00, 0x00, 0xc8, 0xff, 0x00, 0x00, 0xc8, 0xff, 0x00, 0x00,
0xc8, 0xff, 0x00, 0x00, 0xc8, 0xff, 0x00, 0x00, 0xc9, 0xff, 0x00, 0x00, 0xc9, 0xff, 0x01,
0x01, 0xc9, 0xff, 0x03, 0x03, 0xca, 0xff, 0x04, 0x04, 0xc9, 0xff, 0x04, 0x04, 0xc9, 0xff,
0x04, 0x04, 0xc9, 0xff, 0x04, 0x04, 0xc9, 0xff, 0x04, 0x04, 0xc9, 0xff, 0x04, 0x04, 0xc9,
0xff, 0x04, 0x04, 0xc8, 0xff, 0x04, 0x04, 0xc8, 0xff, 0x04, 0x04, 0xc8, 0xff, 0x04, 0x04,
0xc8, 0xff, 0x04, 0x04, 0xc8, 0xff, 0x04, 0x04, 0xc7, 0xff, 0x04, 0x04, 0xc7, 0xff, 0x04,
0x04, 0xc7, 0xff, 0x04, 0x04, 0xc7, 0xff, 0x04, 0x04, 0xc7, 0xff, 0x04, 0x04, 0xc6, 0xff,
0x04, 0x04, 0xc6, 0xff, 0x04, 0x04, 0xc6, 0xff, 0x04, 0x04, 0xc6, 0xff, 0x04, 0x04, 0xc6,
0xff, 0x04, 0x04, 0xc5, 0xff, 0x04, 0x04, 0xc5, 0xff, 0x04, 0x04, 0xc5, 0xff, 0x04, 0x04,
0xc5, 0xff, 0x04, 0x04, 0xc5, 0xff, 0x04, 0x04, 0xc5, 0xff, 0x04, 0x04, 0xc5, 0xff, 0x04,
0x04, 0xc4, 0xff, 0x04, 0x04, 0xc4, 0xff, 0x04, 0x04, 0xc4, 0xff, 0x04, 0x04, 0xc4, 0xff,
0x04, 0x04, 0xc2, 0xe7, 0x01, 0x01, 0xbc, 0x1d, 0x01, 0x01, 0xba, 0x00, 0x01, 0x01, 0xba,
0x00, 0x01, 0x01, 0xba, 0x00, 0x01, 0x01, 0xba, 0x00, 0x01, 0x01, 0xba, 0x00, 0x01, 0x01,
0xba, 0x00, 0x01, 0x01, 0xba, 0x00, 0x01, 0x01, 0xba, 0x00, 0x01, 0x01, 0xba, 0x00, 0x01,
0x01, 0xba, 0x00, 0x01, 0x01, 0xba, 0x00, 0xff, 0xff, 0xff, 0x00, 0xff, 0xff, 0xff, 0x00,
0xff, 0xff, 0xff, 0x00, 0xff, 0xff, 0xff, 0x00, 0xff, 0xff, 0xff, 0x00, 0xff, 0xff, 0xff,
0x00, 0xff, 0xff, 0xff, 0x00, 0xff, 0xff, 0xff, 0x00, 0xff, 0xff, 0xff, 0x00, 0xff, 0xff,
0xff, 0x00, 0xff, 0xff, 0xff, 0x00, 0xff, 0xff, 0xff, 0x00, 0xff, 0xff, 0xff, 0x00, 0xff,
0xff, 0xff, 0x00, 0xff, 0xff, 0xff, 0x00, 0x01, 0x01, 0x01, 0x00, 0x01, 0x01, 0x01, 0x00,
0x01, 0x01, 0x01, 0x00, 0x01, 0x01, 0x01, 0x00, 0x01, 0x01, 0x01, 0x00, 0x01, 0x01, 0x01,
0x00, 0x01, 0x01, 0x01, 0x00, 0x01, 0x01, 0x01, 0x00, 0x01, 0x01, 0x01, 0x00, 0x01, 0x01,
0x01, 0x00, 0x01, 0x01, 0x01, 0x00, 0x01, 0x01, 0x0b, 0x00, 0x01, 0x01, 0x70, 0x1b, 0x03,
0x03, 0xdf, 0xde, 0x03, 0x03, 0xd3, 0xff, 0x03, 0x03, 0xd3, 0xff, 0x03, 0x03, 0xd3, 0xff,
0x03, 0x03, 0xd2, 0xff, 0x03, 0x03, 0xd2, 0xff, 0x03, 0x03, 0xd2, 0xff, 0x03, 0x03, 0xd2,
0xff, 0x03, 0x03, 0xd2, 0xff, 0x03, 0x03, 0xd1, 0xff, 0x03, 0x03, 0xd1, 0xff, 0x03, 0x03,
0xd1, 0xff, 0x03, 0x03, 0xd1, 0xff, 0x03, 0x03, 0xd1, 0xff, 0x03, 0x03, 0xd1, 0xff, 0x03,
0x03, 0xd0, 0xff, 0x03, 0x03, 0xd0, 0xff, 0x03, 0x03, 0xd0, 0xff, 0x03, 0x03, 0xd0, 0xff,
0x03, 0x03, 0xd0, 0xff, 0x03, 0x03, 0xd0, 0xff, 0x03, 0x03, 0xcf, 0xff, 0x03, 0x03, 0xcf,
0xff, 0x03, 0x03, 0xcf, 0xff, 0x03, 0x03, 0xcf, 0xff, 0x03, 0x03, 0xcf, 0xff, 0x03, 0x03,
0xcf, 0xff, 0x04, 0x04, 0xce, 0xff, 0x04, 0x04, 0xce, 0xff, 0x04, 0x04, 0xce, 0xff, 0x04,
0x04, 0xce, 0xff, 0x04, 0x04, 0xce, 0xff, 0x04, 0x04, 0xcd, 0xff, 0x04, 0x04, 0xcd, 0xff,
0x04, 0x04, 0xcd, 0xff, 0x04, 0x04, 0xcd, 0xff, 0x04, 0x04, 0xcc, 0xff, 0x04, 0x04, 0xcc,
0xff, 0x04, 0x04, 0xcc, 0xff, 0x04, 0x04, 0xcc, 0xff, 0x04, 0x04, 0xcc, 0xff, 0x04, 0x04,
0xcb, 0xff, 0x04, 0x04, 0xcb, 0xff, 0x04, 0x04, 0xcb, 0xff, 0x04, 0x04, 0xcb, 0xff, 0x04,
0x04, 0xcb, 0xff, 0x04, 0x04, 0xca, 0xff, 0x04, 0x04, 0xca, 0xff, 0x04, 0x04, 0xca, 0xff,
0x04, 0x04, 0xca, 0xff, 0x04, 0x04, 0xca, 0xff, 0x04, 0x04, 0xca, 0xff, 0x04, 0x04, 0xca,
0xff, 0x04, 0x04, 0xc9, 0xff, 0x04, 0x04, 0xc9, 0xff, 0x04, 0x04, 0xc9, 0xff, 0x04, 0x04,
0xc9, 0xff, 0x04, 0x04, 0xc9, 0xff, 0x04, 0x04, 0xc8, 0xff, 0x04, 0x04, 0xc8, 0xff, 0x04,
0x04, 0xc8, 0xff, 0x04, 0x04, 0xc8, 0xff, 0x04, 0x04, 0xc8, 0xff, 0x04, 0x04, 0xc7, 0xff,
0x04, 0x04, 0xc7, 0xff, 0x04, 0x04, 0xc7, 0xff, 0x04, 0x04, 0xc7, 0xff, 0x04, 0x04, 0xc7,
0xff, 0x04, 0x04, 0xc6, 0xff, 0x04, 0x04, 0xc6, 0xff, 0x04, 0x04, 0xc6, 0xff, 0x04, 0x04,
0xc6, 0xff, 0x04, 0x04, 0xc6, 0xff, 0x04, 0x04, 0xc5, 0xff, 0x04, 0x04, 0xc5, 0xff, 0x04,
0x04, 0xc5, 0xff, 0x04, 0x04, 0xc5, 0xff, 0x04, 0x04, 0xc5, 0xff, 0x04, 0x04, 0xc5, 0xff,
0x04, 0x04, 0xc5, 0xff, 0x04, 0x04, 0xc4, 0xff, 0x04, 0x04, 0xc4, 0xff, 0x04, 0x04, 0xc4,
0xff, 0x04, 0x04, 0xc4, 0xff, 0x04, 0x04, 0xc4, 0xff, 0x04, 0x04, 0xc3, 0xff, 0x04, 0x04,
0xc6, 0xfc, 0x02, 0x02, 0xb0, 0x41, 0x01, 0x01, 0x81, 0x00, 0x01, 0x01, 0x83, 0x00, 0x01,
0x01, 0x83, 0x00, 0x01, 0x01, 0x83, 0x00, 0x01, 0x01, 0x83, 0x00, 0x01, 0x01, 0x83, 0x00,
0x01, 0x01, 0x83, 0x00, 0x01, 0x01, 0x83, 0x00, 0x01, 0x01, 0x83, 0x00, 0x01, 0x01, 0x83,
0x00, 0x01, 0x01, 0x83, 0x00, 0x01, 0x01, 0x83, 0x00, 0xff, 0xff, 0xff, 0x00, 0xff, 0xff,
0xff, 0x00, 0xff, 0xff, 0xff, 0x00, 0xff, 0xff, 0xff, 0x00, 0xff, 0xff, 0xff, 0x00, 0xff,
0xff, 0xff, 0x00, 0xff, 0xff, 0xff, 0x00, 0xff, 0xff, 0xff, 0x00, 0xff, 0xff, 0xff, 0x00,
0xff, 0xff, 0xff, 0x00, 0xff, 0xff, 0xff, 0x00, 0xff, 0xff, 0xff, 0x00, 0xff, 0xff, 0xff,
0x00, 0xff, 0xff, 0xff, 0x00, 0xff, 0xff, 0xff, 0x00, 0x01, 0x01, 0x01, 0x00, 0x01, 0x01,
0x01, 0x00, 0x01, 0x01, 0x01, 0x00, 0x01, 0x01, 0x01, 0x00, 0x01, 0x01, 0x01, 0x00, 0x01,
0x01, 0x01, 0x00, 0x01, 0x01, 0x01, 0x00, 0x01, 0x01, 0x01, 0x00, 0x01, 0x01, 0x01, 0x00,
0x01, 0x01, 0x01, 0x00, 0x01, 0x01, 0x01, 0x00, 0x01, 0x01, 0x00, 0x00, 0x01, 0x01, 0x65,
0x00, 0x01, 0x01, 0xdd, 0x2d, 0x03, 0x03, 0xd2, 0xdb, 0x03, 0x03, 0xd3, 0xff, 0x03, 0x03,
0xd2, 0xff, 0x03, 0x03, 0xd2, 0xff, 0x03, 0x03, 0xd2, 0xff, 0x03, 0x03, 0xd2, 0xff, 0x03,
0x03, 0xd2, 0xff, 0x03, 0x03, 0xd1, 0xff, 0x03, 0x03, 0xd1, 0xff, 0x03, 0x03, 0xd1, 0xff,
0x03, 0x03, 0xd1, 0xff, 0x03, 0x03, 0xd1, 0xff, 0x03, 0x03, 0xd0, 0xff, 0x03, 0x03, 0xd0,
0xff, 0x03, 0x03, 0xd0, 0xff, 0x03, 0x03, 0xd0, 0xff, 0x03, 0x03, 0xd0, 0xff, 0x03, 0x03,
0xd0, 0xff, 0x03, 0x03, 0xcf, 0xff, 0x03, 0x03, 0xcf, 0xff, 0x03, 0x03, 0xcf, 0xff, 0x03,
0x03, 0xcf, 0xff, 0x03, 0x03, 0xce, 0xff, 0x03, 0x03, 0xce, 0xff, 0x04, 0x04, 0xce, 0xff,
0x04, 0x04, 0xce, 0xff, 0x04, 0x04, 0xce, 0xff, 0x04, 0x04, 0xcd, 0xff, 0x04, 0x04, 0xcd,
0xff, 0x04, 0x04, 0xcd, 0xff, 0x04, 0x04, 0xcd, 0xff, 0x04, 0x04, 0xcd, 0xff, 0x04, 0x04,
0xcc, 0xff, 0x04, 0x04, 0xcc, 0xff, 0x04, 0x04, 0xcc, 0xff, 0x04, 0x04, 0xcc, 0xff, 0x04,
0x04, 0xcc, 0xff, 0x04, 0x04, 0xcc, 0xff, 0x04, 0x04, 0xcc, 0xff, 0x04, 0x04, 0xcb, 0xff,
0x04, 0x04, 0xcb, 0xff, 0x04, 0x04, 0xcb, 0xff, 0x04, 0x04, 0xcb, 0xff, 0x04, 0x04, 0xcb,
0xff, 0x04, 0x04, 0xca, 0xff, 0x04, 0x04, 0xca, 0xff, 0x04, 0x04, 0xca, 0xff, 0x04, 0x04,
0xca, 0xff, 0x04, 0x04, 0xca, 0xff, 0x04, 0x04, 0xca, 0xff, 0x04, 0x04, 0xc9, 0xff, 0x04,
0x04, 0xc9, 0xff, 0x04, 0x04, 0xc9, 0xff, 0x04, 0x04, 0xc9, 0xff, 0x04, 0x04, 0xc9, 0xff,
0x04, 0x04, 0xc8, 0xff, 0x04, 0x04, 0xc8, 0xff, 0x04, 0x04, 0xc8, 0xff, 0x04, 0x04, 0xc8,
0xff, 0x04, 0x04, 0xc7, 0xff, 0x04, 0x04, 0xc7, 0xff, 0x04, 0x04, 0xc7, 0xff, 0x04, 0x04,
0xc7, 0xff, 0x04, 0x04, 0xc7, 0xff, 0x04, 0x04, 0xc6, 0xff, 0x04, 0x04, 0xc6, 0xff, 0x04,
0x04, 0xc6, 0xff, 0x04, 0x04, 0xc6, 0xff, 0x04, 0x04, 0xc6, 0xff, 0x04, 0x04, 0xc5, 0xff,
0x04, 0x04, 0xc5, 0xff, 0x04, 0x04, 0xc5, 0xff, 0x04, 0x04, 0xc5, 0xff, 0x04, 0x04, 0xc5,
0xff, 0x04, 0x04, 0xc5, 0xff, 0x04, 0x04, 0xc5, 0xff, 0x04, 0x04, 0xc5, 0xff, 0x04, 0x04,
0xc4, 0xff, 0x04, 0x04, 0xc4, 0xff, 0x04, 0x04, 0xc4, 0xff, 0x04, 0x04, 0xc4, 0xff, 0x04,
0x04, 0xc4, 0xff, 0x04, 0x04, 0xc3, 0xff, 0x04, 0x04, 0xc3, 0xff, 0x04, 0x04, 0xc5, 0xff,
0x03, 0x03, 0xbe, 0x6c, 0x01, 0x01, 0xab, 0x00, 0x01, 0x01, 0x9f, 0x00, 0x01, 0x01, 0x9f,
0x00, 0x01, 0x01, 0x9f, 0x00, 0x01, 0x01, 0x9f, 0x00, 0x01, 0x01, 0x9f, 0x00, 0x01, 0x01,
0x9f, 0x00, 0x01, 0x01, 0x9f, 0x00, 0x01, 0x01, 0x9f, 0x00, 0x01, 0x01, 0x9f, 0x00, 0x01,
0x01, 0x9f, 0x00, 0x01, 0x01, 0x9f, 0x00, 0x01, 0x01, 0x9f, 0x00, 0xff, 0xff, 0xff, 0x00,
0xff, 0xff, 0xff, 0x00, 0xff, 0xff, 0xff, 0x00, 0xff, 0xff, 0xff, 0x00, 0xff, 0xff, 0xff,
0x00, 0xff, 0xff, 0xff, 0x00, 0xff, 0xff, 0xff, 0x00, 0xff, 0xff, 0xff, 0x00, 0xff, 0xff,
0xff, 0x00, 0xff, 0xff, 0xff, 0x00, 0xff, 0xff, 0xff, 0x00, 0xff, 0xff, 0xff, 0x00, 0xff,
0xff, 0xff, 0x00, 0xff, 0xff, 0xff, 0x00, 0xff, 0xff, 0xff, 0x00, 0x01, 0x01, 0x01, 0x00,
0x01, 0x01, 0x01, 0x00, 0x01, 0x01, 0x01, 0x00, 0x01, 0x01, 0x01, 0x00, 0x01, 0x01, 0x01,
0x00, 0x01, 0x01, 0x01, 0x00, 0x01, 0x01, 0x01, 0x00, 0x01, 0x01, 0x01, 0x00, 0x01, 0x01,
0x01, 0x00, 0x01, 0x01, 0x01, 0x00, 0x01, 0x01, 0x01, 0x00, 0x01, 0x01, 0x00, 0x00, 0x01,
0x01, 0x67, 0x00, 0x01, 0x01, 0xdc, 0x00, 0x01, 0x01, 0xd1, 0x2d, 0x03, 0x03, 0xd2, 0xde,
0x03, 0x03, 0xd2, 0xff, 0x03, 0x03, 0xd2, 0xff, 0x03, 0x03, 0xd1, 0xff, 0x03, 0x03, 0xd1,
0xff, 0x03, 0x03, 0xd1, 0xff, 0x03, 0x03, 0xd1, 0xff, 0x03, 0x03, 0xd1, 0xff, 0x03, 0x03,
0xd0, 0xff, 0x03, 0x03, 0xd0, 0xff, 0x03, 0x03, 0xd0, 0xff, 0x03, 0x03, 0xd0, 0xff, 0x03,
0x03, 0xd0, 0xff, 0x03, 0x03, 0xd0, 0xff, 0x03, 0x03, 0xd0, 0xff, 0x03, 0x03, 0xcf, 0xff,
0x03, 0x03, 0xcf, 0xff, 0x03, 0x03, 0xcf, 0xff, 0x03, 0x03, 0xce, 0xff, 0x03, 0x03, 0xcf,
0xff, 0x04, 0x04, 0xce, 0xff, 0x04, 0x04, 0xce, 0xff, 0x04, 0x04, 0xce, 0xff, 0x04, 0x04,
0xce, 0xff, 0x04, 0x04, 0xce, 0xff, 0x04, 0x04, 0xcd, 0xff, 0x04, 0x04, 0xcd, 0xff, 0x04,
0x04, 0xcd, 0xff, 0x04, 0x04, 0xcd, 0xff, 0x04, 0x04, 0xcd, 0xff, 0x04, 0x04, 0xcc, 0xff,
0x04, 0x04, 0xcc, 0xff, 0x04, 0x04, 0xcc, 0xff, 0x04, 0x04, 0xcc, 0xff, 0x04, 0x04, 0xcc,
0xff, 0x04, 0x04, 0xcb, 0xff, 0x04, 0x04, 0xcb, 0xff, 0x04, 0x04, 0xcb, 0xff, 0x04, 0x04,
0xcb, 0xff, 0x04, 0x04, 0xcb, 0xff, 0x04, 0x04, 0xca, 0xff, 0x04, 0x04, 0xca, 0xff, 0x04,
0x04, 0xca, 0xff, 0x04, 0x04, 0xca, 0xff, 0x04, 0x04, 0xca, 0xff, 0x04, 0x04, 0xca, 0xff,
0x04, 0x04, 0xc9, 0xff, 0x04, 0x04, 0xc9, 0xff, 0x04, 0x04, 0xc9, 0xff, 0x04, 0x04, 0xc9,
0xff, 0x04, 0x04, 0xc8, 0xff, 0x04, 0x04, 0xc8, 0xff, 0x04, 0x04, 0xc8, 0xff, 0x04, 0x04,
0xc8, 0xff, 0x04, 0x04, 0xc8, 0xff, 0x04, 0x04, 0xc7, 0xff, 0x04, 0x04, 0xc8, 0xff, 0x04,
0x04, 0xc7, 0xff, 0x04, 0x04, 0xc7, 0xff, 0x04, 0x04, 0xc7, 0xff, 0x04, 0x04, 0xc6, 0xff,
0x04, 0x04, 0xc7, 0xff, 0x04, 0x04, 0xc6, 0xff, 0x04, 0x04, 0xc6, 0xff, 0x04, 0x04, 0xc6,
0xff, 0x04, 0x04, 0xc5, 0xff, 0x04, 0x04, 0xc6, 0xff, 0x04, 0x04, 0xc5, 0xff, 0x04, 0x04,
0xc5, 0xff, 0x04, 0x04, 0xc5, 0xff, 0x04, 0x04, 0xc5, 0xff, 0x04, 0x04, 0xc5, 0xff, 0x04,
0x04, 0xc5, 0xff, 0x04, 0x04, 0xc4, 0xff, 0x04, 0x04, 0xc4, 0xff, 0x04, 0x04, 0xc4, 0xff,
0x04, 0x04, 0xc4, 0xff, 0x04, 0x04, 0xc4, 0xff, 0x04, 0x04, 0xc3, 0xff, 0x04, 0x04, 0xc3,
0xff, 0x04, 0x04, 0xc3, 0xff, 0x04, 0x04, 0xc3, 0xff, 0x04, 0x04, 0xc3, 0xff, 0x03, 0x03,
0xbe, 0x7c, 0x01, 0x01, 0xb4, 0x00, 0x01, 0x01, 0xa7, 0x00, 0x01, 0x01, 0xaa, 0x00, 0x01,
0x01, 0xaa, 0x00, 0x01, 0x01, 0xaa, 0x00, 0x01, 0x01, 0xaa, 0x00, 0x01, 0x01, 0xaa, 0x00,
0x01, 0x01, 0xaa, 0x00, 0x01, 0x01, 0xaa, 0x00, 0x01, 0x01, 0xaa, 0x00, 0x01, 0x01, 0xaa,
0x00, 0x01, 0x01, 0xaa, 0x00, 0x01, 0x01, 0xaa, 0x00, 0x01, 0x01, 0xaa, 0x00, 0xff, 0xff,
0xff, 0x00, 0xff, 0xff, 0xff, 0x00, 0xff, 0xff, 0xff, 0x00, 0xff, 0xff, 0xff, 0x00, 0xff,
0xff, 0xff, 0x00, 0xff, 0xff, 0xff, 0x00, 0xff, 0xff, 0xff, 0x00, 0xff, 0xff, 0xff, 0x00,
0xff, 0xff, 0xff, 0x00, 0xff, 0xff, 0xff, 0x00, 0xff, 0xff, 0xff, 0x00, 0xff, 0xff, 0xff,
0x00, 0xff, 0xff, 0xff, 0x00, 0xff, 0xff, 0xff, 0x00, 0xff, 0xff, 0xff, 0x00, 0x01, 0x01,
0x01, 0x00, 0x01, 0x01, 0x01, 0x00, 0x01, 0x01, 0x01, 0x00, 0x01, 0x01, 0x01, 0x00, 0x01,
0x01, 0x01, 0x00, 0x01, 0x01, 0x01, 0x00, 0x01, 0x01, 0x01, 0x00, 0x01, 0x01, 0x01, 0x00,
0x01, 0x01, 0x01, 0x00, 0x01, 0x01, 0x01, 0x00, 0x01, 0x01, 0x01, 0x00, 0x01, 0x01, 0x00,
0x00, 0x01, 0x01, 0x67, 0x00, 0x01, 0x01, 0xdc, 0x00, 0x01, 0x01, 0xd2, 0x00, 0x01, 0x01,
0xd1, 0x2f, 0x03, 0x03, 0xd1, 0xe0, 0x03, 0x03, 0xd1, 0xff, 0x03, 0x03, 0xd1, 0xff, 0x03,
0x03, 0xd0, 0xff, 0x03, 0x03, 0xd0, 0xff, 0x03, 0x03, 0xd0, 0xff, 0x03, 0x03, 0xd0, 0xff,
0x03, 0x03, 0xd0, 0xff, 0x03, 0x03, 0xd0, 0xff, 0x03, 0x03, 0xd0, 0xff, 0x03, 0x03, 0xd0,
0xff, 0x03, 0x03, 0xcf, 0xff, 0x03, 0x03, 0xcf, 0xff, 0x03, 0x03, 0xcf, 0xff, 0x03, 0x03,
0xcf, 0xff, 0x03, 0x03, 0xcf, 0xff, 0x04, 0x04, 0xce, 0xff, 0x04, 0x04, 0xce, 0xff, 0x04,
0x04, 0xce, 0xff, 0x04, 0x04, 0xce, 0xff, 0x04, 0x04, 0xce, 0xff, 0x04, 0x04, 0xcd, 0xff,
0x04, 0x04, 0xcd, 0xff, 0x04, 0x04, 0xcd, 0xff, 0x04, 0x04, 0xcd, 0xff, 0x04, 0x04, 0xcd,
0xff, 0x04, 0x04, 0xcc, 0xff, 0x04, 0x04, 0xcc, 0xff, 0x04, 0x04, 0xcc, 0xff, 0x04, 0x04,
0xcc, 0xff, 0x04, 0x04, 0xcc, 0xff, 0x04, 0x04, 0xcb, 0xff, 0x04, 0x04, 0xcb, 0xff, 0x04,
0x04, 0xcb, 0xff, 0x04, 0x04, 0xcb, 0xff, 0x04, 0x04, 0xca, 0xff, 0x04, 0x04, 0xca, 0xff,
0x04, 0x04, 0xca, 0xff, 0x04, 0x04, 0xca, 0xff, 0x04, 0x04, 0xca, 0xff, 0x04, 0x04, 0xca,
0xff, 0x04, 0x04, 0xca, 0xff, 0x04, 0x04, 0xc9, 0xff, 0x04, 0x04, 0xc9, 0xff, 0x04, 0x04,
0xc9, 0xff, 0x04, 0x04, 0xc9, 0xff, 0x04, 0x04, 0xc9, 0xff, 0x04, 0x04, 0xc9, 0xff, 0x04,
0x04, 0xc8, 0xff, 0x04, 0x04, 0xc8, 0xff, 0x04, 0x04, 0xc8, 0xff, 0x04, 0x04, 0xc8, 0xff,
0x04, 0x04, 0xc8, 0xff, 0x04, 0x04, 0xc7, 0xff, 0x04, 0x04, 0xc7, 0xff, 0x04, 0x04, 0xc7,
0xff, 0x04, 0x04, 0xc7, 0xff, 0x04, 0x04, 0xc7, 0xff, 0x04, 0x04, 0xc6, 0xff, 0x04, 0x04,
0xc6, 0xff, 0x04, 0x04, 0xc6, 0xff, 0x04, 0x04, 0xc6, 0xff, 0x04, 0x04, 0xc6, 0xff, 0x04,
0x04, 0xc5, 0xff, 0x04, 0x04, 0xc5, 0xff, 0x04, 0x04, 0xc5, 0xff, 0x04, 0x04, 0xc5, 0xff,
0x04, 0x04, 0xc5, 0xff, 0x04, 0x04, 0xc5, 0xff, 0x04, 0x04, 0xc4, 0xff, 0x04, 0x04, 0xc4,
0xff, 0x04, 0x04, 0xc4, 0xff, 0x04, 0x04, 0xc4, 0xff, 0x04, 0x04, 0xc3, 0xff, 0x04, 0x04,
0xc3, 0xff, 0x04, 0x04, 0xc3, 0xff, 0x04, 0x04, 0xc3, 0xff, 0x04, 0x04, 0xc3, 0xff, 0x04,
0x04, 0xc2, 0xff, 0x04, 0x04, 0xc3, 0xff, 0x04, 0x04, 0xc4, 0xff, 0x03, 0x03, 0xb9, 0x8a,
0x01, 0x01, 0x88, 0x00, 0x01, 0x01, 0x83, 0x00, 0x01, 0x01, 0x83, 0x00, 0x01, 0x01, 0x83,
0x00, 0x01, 0x01, 0x83, 0x00, 0x01, 0x01, 0x83, 0x00, 0x01, 0x01, 0x83, 0x00, 0x01, 0x01,
0x83, 0x00, 0x01, 0x01, 0x83, 0x00, 0x01, 0x01, 0x83, 0x00, 0x01, 0x01, 0x83, 0x00, 0x01,
0x01, 0x83, 0x00, 0x01, 0x01, 0x83, 0x00, 0x01, 0x01, 0x83, 0x00, 0x01, 0x01, 0x83, 0x00,
0xff, 0xff, 0xff, 0x00, 0xff, 0xff, 0xff, 0x00, 0xff, 0xff, 0xff, 0x00, 0xff, 0xff, 0xff,
0x00, 0xff, 0xff, 0xff, 0x00, 0xff, 0xff, 0xff, 0x00, 0xff, 0xff, 0xff, 0x00, 0xff, 0xff,
0xff, 0x00, 0xff, 0xff, 0xff, 0x00, 0xff, 0xff, 0xff, 0x00, 0xff, 0xff, 0xff, 0x00, 0xff,
0xff, 0xff, 0x00, 0xff, 0xff, 0xff, 0x00, 0xff, 0xff, 0xff, 0x00, 0xff, 0xff, 0xff, 0x00,
0x01, 0x01, 0x01, 0x00, 0x01, 0x01, 0x01, 0x00, 0x01, 0x01, 0x01, 0x00, 0x01, 0x01, 0x01,
0x00, 0x01, 0x01, 0x01, 0x00, 0x01, 0x01, 0x01, 0x00, 0x01, 0x01, 0x01, 0x00, 0x01, 0x01,
0x01, 0x00, 0x01, 0x01, 0x01, 0x00, 0x01, 0x01, 0x01, 0x00, 0x01, 0x01, 0x01, 0x00, 0x01,
0x01, 0x00, 0x00, 0x01, 0x01, 0x67, 0x00, 0x01, 0x01, 0xdc, 0x00, 0x01, 0x01, 0xd2, 0x00,
0x01, 0x01, 0xd0, 0x00, 0x01, 0x01, 0xd0, 0x3b, 0x03, 0x03, 0xd1, 0xe0, 0x03, 0x03, 0xd0,
0xff, 0x03, 0x03, 0xd0, 0xff, 0x03, 0x03, 0xd0, 0xff, 0x03, 0x03, 0xd0, 0xff, 0x03, 0x03,
0xd0, 0xff, 0x03, 0x03, 0xd0, 0xff, 0x03, 0x03, 0xcf, 0xff, 0x03, 0x03, 0xcf, 0xff, 0x03,
0x03, 0xcf, 0xff, 0x03, 0x03, 0xcf, 0xff, 0x03, 0x03, 0xcf, 0xff, 0x04, 0x04, 0xce, 0xff,
0x04, 0x04, 0xce, 0xff, 0x04, 0x04, 0xce, 0xff, 0x04, 0x04, 0xce, 0xff, 0x04, 0x04, 0xce,
0xff, 0x04, 0x04, 0xcd, 0xff, 0x04, 0x04, 0xcd, 0xff, 0x04, 0x04, 0xcd, 0xff, 0x04, 0x04,
0xcd, 0xff, 0x04, 0x04, 0xcd, 0xff, 0x04, 0x04, 0xcc, 0xff, 0x04, 0x04, 0xcc, 0xff, 0x04,
0x04, 0xcc, 0xff, 0x04, 0x04, 0xcc, 0xff, 0x04, 0x04, 0xcc, 0xff, 0x04, 0x04, 0xcb, 0xff,
0x04, 0x04, 0xcb, 0xff, 0x04, 0x04, 0xcb, 0xff, 0x04, 0x04, 0xcb, 0xff, 0x04, 0x04, 0xcb,
0xff, 0x04, 0x04, 0xcb, 0xff, 0x04, 0x04, 0xca, 0xff, 0x04, 0x04, 0xca, 0xff, 0x04, 0x04,
0xca, 0xff, 0x04, 0x04, 0xca, 0xff, 0x04, 0x04, 0xca, 0xff, 0x04, 0x04, 0xca, 0xff, 0x04,
0x04, 0xc9, 0xff, 0x04, 0x04, 0xc9, 0xff, 0x04, 0x04, 0xc9, 0xff, 0x04, 0x04, 0xc9, 0xff,
0x04, 0x04, 0xc9, 0xff, 0x04, 0x04, 0xc8, 0xff, 0x04, 0x04, 0xc8, 0xff, 0x04, 0x04, 0xc8,
0xff, 0x04, 0x04, 0xc8, 0xff, 0x04, 0x04, 0xc8, 0xff, 0x04, 0x04, 0xc7, 0xff, 0x04, 0x04,
0xc7, 0xff, 0x04, 0x04, 0xc7, 0xff, 0x04, 0x04, 0xc7, 0xff, 0x04, 0x04, 0xc7, 0xff, 0x04,
0x04, 0xc6, 0xff, 0x04, 0x04, 0xc6, 0xff, 0x04, 0x04, 0xc6, 0xff, 0x04, 0x04, 0xc6, 0xff,
0x04, 0x04, 0xc6, 0xff, 0x04, 0x04, 0xc5, 0xff, 0x04, 0x04, 0xc5, 0xff, 0x04, 0x04, 0xc5,
0xff, 0x04, 0x04, 0xc5, 0xff, 0x04, 0x04, 0xc5, 0xff, 0x04, 0x04, 0xc5, 0xff, 0x04, 0x04,
0xc5, 0xff, 0x04, 0x04, 0xc4, 0xff, 0x04, 0x04, 0xc4, 0xff, 0x04, 0x04, 0xc4, 0xff, 0x04,
0x04, 0xc4, 0xff, 0x04, 0x04, 0xc4, 0xff, 0x04, 0x04, 0xc3, 0xff, 0x04, 0x04, 0xc3, 0xff,
0x04, 0x04, 0xc3, 0xff, 0x04, 0x04, 0xc3, 0xff, 0x04, 0x04, 0xc3, 0xff, 0x04, 0x04, 0xc2,
0xff, 0x04, 0x04, 0xc2, 0xff, 0x04, 0x04, 0xc3, 0xff, 0x03, 0x03, 0xbf, 0x96, 0x01, 0x01,
0xb1, 0x00, 0x01, 0x01, 0x84, 0x00, 0x01, 0x01, 0x7e, 0x00, 0x01, 0x01, 0x7f, 0x00, 0x01,
0x01, 0x7f, 0x00, 0x01, 0x01, 0x7f, 0x00, 0x01, 0x01, 0x7f, 0x00, 0x01, 0x01, 0x7f, 0x00,
0x01, 0x01, 0x7f, 0x00, 0x01, 0x01, 0x7f, 0x00, 0x01, 0x01, 0x7f, 0x00, 0x01, 0x01, 0x7f,
0x00, 0x01, 0x01, 0x7f, 0x00, 0x01, 0x01, 0x7f, 0x00, 0x01, 0x01, 0x7f, 0x00, 0x01, 0x01,
0x7f, 0x00, 0xff, 0xff, 0xff, 0x00, 0xff, 0xff, 0xff, 0x00, 0xff, 0xff, 0xff, 0x00, 0xff,
0xff, 0xff, 0x00, 0xff, 0xff, 0xff, 0x00, 0xff, 0xff, 0xff, 0x00, 0xff, 0xff, 0xff, 0x00,
0xff, 0xff, 0xff, 0x00, 0xff, 0xff, 0xff, 0x00, 0xff, 0xff, 0xff, 0x00, 0xff, 0xff, 0xff,
0x00, 0xff, 0xff, 0xff, 0x00, 0xff, 0xff, 0xff, 0x00, 0xff, 0xff, 0xff, 0x00, 0xff, 0xff,
0xff, 0x00, 0x01, 0x01, 0x01, 0x00, 0x01, 0x01, 0x01, 0x00, 0x01, 0x01, 0x01, 0x00, 0x01,
0x01, 0x01, 0x00, 0x01, 0x01, 0x01, 0x00, 0x01, 0x01, 0x01, 0x00, 0x01, 0x01, 0x01, 0x00,
0x01, 0x01, 0x01, 0x00, 0x01, 0x01, 0x01, 0x00, 0x01, 0x01, 0x01, 0x00, 0x01, 0x01, 0x01,
0x00, 0x01, 0x01, 0x00, 0x00, 0x01, 0x01, 0x67, 0x00, 0x01, 0x01, 0xdc, 0x00, 0x01, 0x01,
0xd2, 0x00, 0x01, 0x01, 0xd0, 0x00, 0x01, 0x01, 0xd0, 0x00, 0x01, 0x01, 0xd0, 0x31, 0x03,
0x03, 0xd0, 0xde, 0x03, 0x03, 0xd0, 0xff, 0x03, 0x03, 0xd0, 0xff, 0x03, 0x03, 0xcf, 0xff,
0x03, 0x03, 0xcf, 0xff, 0x03, 0x03, 0xcf, 0xff, 0x03, 0x03, 0xcf, 0xff, 0x03, 0x03, 0xcf,
0xff, 0x03, 0x03, 0xce, 0xff, 0x04, 0x04, 0xce, 0xff, 0x04, 0x04, 0xce, 0xff, 0x04, 0x04,
0xce, 0xff, 0x04, 0x04, 0xce, 0xff, 0x04, 0x04, 0xcd, 0xff, 0x04, 0x04, 0xcd, 0xff, 0x04,
0x04, 0xcd, 0xff, 0x04, 0x04, 0xcd, 0xff, 0x04, 0x04, 0xcd, 0xff, 0x04, 0x04, 0xcc, 0xff,
0x04, 0x04, 0xcc, 0xff, 0x04, 0x04, 0xcc, 0xff, 0x04, 0x04, 0xcc, 0xff, 0x04, 0x04, 0xcc,
0xff, 0x04, 0x04, 0xcc, 0xff, 0x04, 0x04, 0xcb, 0xff, 0x04, 0x04, 0xcb, 0xff, 0x04, 0x04,
0xcb, 0xff, 0x04, 0x04, 0xcb, 0xff, 0x04, 0x04, 0xcb, 0xff, 0x04, 0x04, 0xca, 0xff, 0x04,
0x04, 0xca, 0xff, 0x04, 0x04, 0xca, 0xff, 0x04, 0x04, 0xca, 0xff, 0x04, 0x04, 0xca, 0xff,
0x04, 0x04, 0xca, 0xff, 0x04, 0x04, 0xc9, 0xff, 0x04, 0x04, 0xc9, 0xff, 0x04, 0x04, 0xc9,
0xff, 0x04, 0x04, 0xc9, 0xff, 0x04, 0x04, 0xc9, 0xff, 0x04, 0x04, 0xc8, 0xff, 0x04, 0x04,
0xc8, 0xff, 0x04, 0x04, 0xc8, 0xff, 0x04, 0x04, 0xc8, 0xff, 0x04, 0x04, 0xc8, 0xff, 0x04,
0x04, 0xc7, 0xff, 0x04, 0x04, 0xc7, 0xff, 0x04, 0x04, 0xc7, 0xff, 0x04, 0x04, 0xc7, 0xff,
0x04, 0x04, 0xc7, 0xff, 0x04, 0x04, 0xc6, 0xff, 0x04, 0x04, 0xc6, 0xff, 0x04, 0x04, 0xc6,
0xff, 0x04, 0x04, 0xc6, 0xff, 0x04, 0x04, 0xc6, 0xff, 0x04, 0x04, 0xc5, 0xff, 0x04, 0x04,
0xc5, 0xff, 0x04, 0x04, 0xc5, 0xff, 0x04, 0x04, 0xc5, 0xff, 0x04, 0x04, 0xc5, 0xff, 0x04,
0x04, 0xc5, 0xff, 0x04, 0x04, 0xc5, 0xff, 0x04, 0x04, 0xc4, 0xff, 0x04, 0x04, 0xc4, 0xff,
0x04, 0x04, 0xc4, 0xff, 0x04, 0x04, 0xc4, 0xff, 0x04, 0x04, 0xc4, 0xff, 0x04, 0x04, 0xc3,
0xff, 0x04, 0x04, 0xc3, 0xff, 0x04, 0x04, 0xc3, 0xff, 0x04, 0x04, 0xc3, 0xff, 0x04, 0x04,
0xc3, 0xff, 0x04, 0x04, 0xc2, 0xff, 0x04, 0x04, 0xc2, 0xff, 0x04, 0x04, 0xc2, 0xff, 0x04,
0x04, 0xc2, 0xff, 0x04, 0x04, 0xc2, 0xff, 0x03, 0x03, 0xb8, 0x86, 0x01, 0x01, 0xb6, 0x00,
0x01, 0x01, 0xb2, 0x00, 0x01, 0x01, 0x85, 0x00, 0x01, 0x01, 0x7f, 0x00, 0x01, 0x01, 0x80,
0x00, 0x01, 0x01, 0x80, 0x00, 0x01, 0x01, 0x80, 0x00, 0x01, 0x01, 0x80, 0x00, 0x01, 0x01,
0x80, 0x00, 0x01, 0x01, 0x80, 0x00, 0x01, 0x01, 0x80, 0x00, 0x01, 0x01, 0x80, 0x00, 0x01,
0x01, 0x80, 0x00, 0x01, 0x01, 0x80, 0x00, 0x01, 0x01, 0x80, 0x00, 0x01, 0x01, 0x80, 0x00,
0x01, 0x01, 0x80, 0x00, 0xff, 0xff, 0xff, 0x00, 0xff, 0xff, 0xff, 0x00, 0xff, 0xff, 0xff,
0x00, 0xff, 0xff, 0xff, 0x00, 0xff, 0xff, 0xff, 0x00, 0xff, 0xff, 0xff, 0x00, 0xff, 0xff,
0xff, 0x00, 0xff, 0xff, 0xff, 0x00, 0xff, 0xff, 0xff, 0x00, 0xff, 0xff, 0xff, 0x00, 0xff,
0xff, 0xff, 0x00, 0xff, 0xff, 0xff, 0x00, 0xff, 0xff, 0xff, 0x00, 0xff, 0xff, 0xff, 0x00,
0xff, 0xff, 0xff, 0x00, 0x01, 0x01, 0x01, 0x00, 0x01, 0x01, 0x01, 0x00, 0x01, 0x01, 0x01,
0x00, 0x01, 0x01, 0x01, 0x00, 0x01, 0x01, 0x01, 0x00, 0x01, 0x01, 0x01, 0x00, 0x01, 0x01,
0x01, 0x00, 0x01, 0x01, 0x01, 0x00, 0x01, 0x01, 0x01, 0x00, 0x01, 0x01, 0x01, 0x00, 0x01,
0x01, 0x01, 0x00, 0x01, 0x01, 0x00, 0x00, 0x01, 0x01, 0x67, 0x00, 0x01, 0x01, 0xdc, 0x00,
0x01, 0x01, 0xd2, 0x00, 0x01, 0x01, 0xd0, 0x00, 0x01, 0x01, 0xd0, 0x00, 0x01, 0x01, 0xd0,
0x00, 0x01, 0x01, 0xcf, 0x2d, 0x03, 0x03, 0xcf, 0xd7, 0x03, 0x03, 0xcf, 0xff, 0x03, 0x03,
0xcf, 0xff, 0x03, 0x03, 0xcf, 0xff, 0x03, 0x03, 0xce, 0xff, 0x04, 0x04, 0xce, 0xff, 0x04,
0x04, 0xce, 0xff, 0x04, 0x04, 0xce, 0xff, 0x04, 0x04, 0xce, 0xff, 0x04, 0x04, 0xce, 0xff,
0x04, 0x04, 0xcd, 0xff, 0x04, 0x04, 0xcd, 0xff, 0x04, 0x04, 0xcd, 0xff, 0x04, 0x04, 0xcd,
0xff, 0x04, 0x04, 0xcd, 0xff, 0x04, 0x04, 0xcc, 0xff, 0x04, 0x04, 0xcc, 0xff, 0x04, 0x04,
0xcc, 0xff, 0x04, 0x04, 0xcc, 0xff, 0x04, 0x04, 0xcc, 0xff, 0x04, 0x04, 0xcb, 0xff, 0x04,
0x04, 0xcb, 0xff, 0x04, 0x04, 0xcb, 0xff, 0x04, 0x04, 0xcb, 0xff, 0x04, 0x04, 0xca, 0xff,
0x04, 0x04, 0xca, 0xff, 0x04, 0x04, 0xca, 0xff, 0x04, 0x04, 0xca, 0xff, 0x04, 0x04, 0xca,
0xff, 0x04, 0x04, 0xca, 0xff, 0x04, 0x04, 0xca, 0xff, 0x04, 0x04, 0xc9, 0xff, 0x04, 0x04,
0xc9, 0xff, 0x04, 0x04, 0xc9, 0xff, 0x04, 0x04, 0xc9, 0xff, 0x04, 0x04, 0xc9, 0xff, 0x04,
0x04, 0xc8, 0xff, 0x04, 0x04, 0xc8, 0xff, 0x04, 0x04, 0xc8, 0xff, 0x04, 0x04, 0xc8, 0xff,
0x04, 0x04, 0xc8, 0xff, 0x04, 0x04, 0xc8, 0xff, 0x04, 0x04, 0xc7, 0xff, 0x04, 0x04, 0xc7,
0xff, 0x04, 0x04, 0xc7, 0xff, 0x04, 0x04, 0xc7, 0xff, 0x04, 0x04, 0xc7, 0xff, 0x04, 0x04,
0xc6, 0xff, 0x04, 0x04, 0xc6, 0xff, 0x04, 0x04, 0xc6, 0xff, 0x04, 0x04, 0xc6, 0xff, 0x04,
0x04, 0xc6, 0xff, 0x04, 0x04, 0xc5, 0xff, 0x04, 0x04, 0xc5, 0xff, 0x04, 0x04, 0xc5, 0xff,
0x04, 0x04, 0xc5, 0xff, 0x04, 0x04, 0xc5, 0xff, 0x04, 0x04, 0xc5, 0xff, 0x04, 0x04, 0xc4,
0xff, 0x04, 0x04, 0xc4, 0xff, 0x04, 0x04, 0xc4, 0xff, 0x04, 0x04, 0xc4, 0xff, 0x04, 0x04,
0xc3, 0xff, 0x04, 0x04, 0xc3, 0xff, 0x04, 0x04, 0xc3, 0xff, 0x04, 0x04, 0xc3, 0xff, 0x04,
0x04, 0xc3, 0xff, 0x04, 0x04, 0xc3, 0xff, 0x04, 0x04, 0xc2, 0xff, 0x04, 0x04, 0xc2, 0xff,
0x04, 0x04, 0xc2, 0xff, 0x04, 0x04, 0xc2, 0xff, 0x04, 0x04, 0xc2, 0xff, 0x04, 0x04, 0xc1,
0xff, 0x04, 0x04, 0xc1, 0xfd, 0x03, 0x03, 0xc1, 0x74, 0x02, 0x02, 0xae, 0x00, 0x01, 0x01,
0xb6, 0x00, 0x01, 0x01, 0xb2, 0x00, 0x01, 0x01, 0x85, 0x00, 0x01, 0x01, 0x7f, 0x00, 0x01,
0x01, 0x80, 0x00, 0x01, 0x01, 0x80, 0x00, 0x01, 0x01, 0x80, 0x00, 0x01, 0x01, 0x80, 0x00,
0x01, 0x01, 0x80, 0x00, 0x01, 0x01, 0x80, 0x00, 0x01, 0x01, 0x80, 0x00, 0x01, 0x01, 0x80,
0x00, 0x01, 0x01, 0x80, 0x00, 0x01, 0x01, 0x80, 0x00, 0x01, 0x01, 0x80, 0x00, 0x01, 0x01,
0x80, 0x00, 0x01, 0x01, 0x80, 0x00, 0xff, 0xff, 0xff, 0x00, 0xff, 0xff, 0xff, 0x00, 0xff,
0xff, 0xff, 0x00, 0xff, 0xff, 0xff, 0x00, 0xff, 0xff, 0xff, 0x00, 0xff, 0xff, 0xff, 0x00,
0xff, 0xff, 0xff, 0x00, 0xff, 0xff, 0xff, 0x00, 0xff, 0xff, 0xff, 0x00, 0xff, 0xff, 0xff,
0x00, 0xff, 0xff, 0xff, 0x00, 0xff, 0xff, 0xff, 0x00, 0xff, 0xff, 0xff, 0x00, 0xff, 0xff,
0xff, 0x00, 0xff, 0xff, 0xff, 0x00, 0x01, 0x01, 0x01, 0x00, 0x01, 0x01, 0x01, 0x00, 0x01,
0x01, 0x01, 0x00, 0x01, 0x01, 0x01, 0x00, 0x01, 0x01, 0x01, 0x00, 0x01, 0x01, 0x01, 0x00,
0x01, 0x01, 0x01, 0x00, 0x01, 0x01, 0x01, 0x00, 0x01, 0x01, 0x01, 0x00, 0x01, 0x01, 0x01,
0x00, 0x01, 0x01, 0x01, 0x00, 0x01, 0x01, 0x00, 0x00, 0x01, 0x01, 0x67, 0x00, 0x01, 0x01,
0xdc, 0x00, 0x01, 0x01, 0xd2, 0x00, 0x01, 0x01, 0xd0, 0x00, 0x01, 0x01, 0xd0, 0x00, 0x01,
0x01, 0xd0, 0x00, 0x01, 0x01, 0xce, 0x00, 0x01, 0x01, 0xc8, 0x23, 0x03, 0x03, 0xcd, 0xd0,
0x03, 0x03, 0xcf, 0xff, 0x04, 0x04, 0xce, 0xff, 0x04, 0x04, 0xce, 0xff, 0x04, 0x04, 0xce,
0xff, 0x04, 0x04, 0xce, 0xff, 0x04, 0x04, 0xcd, 0xff, 0x04, 0x04, 0xcd, 0xff, 0x04, 0x04,
0xcd, 0xff, 0x04, 0x04, 0xcd, 0xff, 0x04, 0x04, 0xcc, 0xff, 0x04, 0x04, 0xcc, 0xff, 0x04,
0x04, 0xcc, 0xff, 0x04, 0x04, 0xcc, 0xff, 0x04, 0x04, 0xcc, 0xff, 0x04, 0x04, 0xcb, 0xff,
0x04, 0x04, 0xcb, 0xff, 0x04, 0x04, 0xcb, 0xff, 0x04, 0x04, 0xcb, 0xff, 0x04, 0x04, 0xcb,
0xff, 0x04, 0x04, 0xcb, 0xff, 0x04, 0x04, 0xca, 0xff, 0x04, 0x04, 0xca, 0xff, 0x04, 0x04,
0xca, 0xff, 0x04, 0x04, 0xca, 0xff, 0x04, 0x04, 0xca, 0xff, 0x04, 0x04, 0xca, 0xff, 0x04,
0x04, 0xc9, 0xff, 0x04, 0x04, 0xc9, 0xff, 0x04, 0x04, 0xc9, 0xff, 0x04, 0x04, 0xc9, 0xff,
0x04, 0x04, 0xc9, 0xff, 0x04, 0x04, 0xc9, 0xff, 0x04, 0x04, 0xc8, 0xff, 0x04, 0x04, 0xc8,
0xff, 0x04, 0x04, 0xc8, 0xff, 0x04, 0x04, 0xc8, 0xff, 0x04, 0x04, 0xc8, 0xff, 0x04, 0x04,
0xc7, 0xff, 0x04, 0x04, 0xc7, 0xff, 0x04, 0x04, 0xc7, 0xff, 0x04, 0x04, 0xc7, 0xff, 0x04,
0x04, 0xc7, 0xff, 0x04, 0x04, 0xc6, 0xff, 0x04, 0x04, 0xc6, 0xff, 0x04, 0x04, 0xc6, 0xff,
0x04, 0x04, 0xc6, 0xff, 0x04, 0x04, 0xc5, 0xff, 0x04, 0x04, 0xc5, 0xff, 0x04, 0x04, 0xc5,
0xff, 0x04, 0x04, 0xc5, 0xff, 0x04, 0x04, 0xc5, 0xff, 0x04, 0x04, 0xc5, 0xff, 0x04, 0x04,
0xc5, 0xff, 0x04, 0x04, 0xc4, 0xff, 0x04, 0x04, 0xc4, 0xff, 0x04, 0x04, 0xc4, 0xff, 0x04,
0x04, 0xc4, 0xff, 0x04, 0x04, 0xc4, 0xff, 0x04, 0x04, 0xc3, 0xff, 0x04, 0x04, 0xc3, 0xff,
0x04, 0x04, 0xc3, 0xff, 0x04, 0x04, 0xc3, 0xff, 0x04, 0x04, 0xc3, 0xff, 0x04, 0x04, 0xc2,
0xff, 0x04, 0x04, 0xc2, 0xff, 0x04, 0x04, 0xc2, 0xff, 0x04, 0x04, 0xc2, 0xff, 0x04, 0x04,
0xc2, 0xff, 0x04, 0x04, 0xc1, 0xff, 0x04, 0x04, 0xc1, 0xff, 0x04, 0x04, 0xc2, 0xff, 0x04,
0x04, 0xc1, 0xf3, 0x02, 0x02, 0xbd, 0x62, 0x02, 0x02, 0xbe, 0x00, 0x02, 0x02, 0xaf, 0x00,
0x01, 0x01, 0xb6, 0x00, 0x01, 0x01, 0xb2, 0x00, 0x01, 0x01, 0x85, 0x00, 0x01, 0x01, 0x7f,
0x00, 0x01, 0x01, 0x80, 0x00, 0x01, 0x01, 0x80, 0x00, 0x01, 0x01, 0x80, 0x00, 0x01, 0x01,
0x80, 0x00, 0x01, 0x01, 0x80, 0x00, 0x01, 0x01, 0x80, 0x00, 0x01, 0x01, 0x80, 0x00, 0x01,
0x01, 0x80, 0x00, 0x01, 0x01, 0x80, 0x00, 0x01, 0x01, 0x80, 0x00, 0x01, 0x01, 0x80, 0x00,
0x01, 0x01, 0x80, 0x00, 0x01, 0x01, 0x80, 0x00, 0xff, 0xff, 0xff, 0x00, 0xff, 0xff, 0xff,
0x00, 0xff, 0xff, 0xff, 0x00, 0xff, 0xff, 0xff, 0x00, 0xff, 0xff, 0xff, 0x00, 0xff, 0xff,
0xff, 0x00, 0xff, 0xff, 0xff, 0x00, 0xff, 0xff, 0xff, 0x00, 0xff, 0xff, 0xff, 0x00, 0xff,
0xff, 0xff, 0x00, 0xff, 0xff, 0xff, 0x00, 0xff, 0xff, 0xff, 0x00, 0xff, 0xff, 0xff, 0x00,
0xff, 0xff, 0xff, 0x00, 0xff, 0xff, 0xff, 0x00, 0x01, 0x01, 0x01, 0x00, 0x01, 0x01, 0x01,
0x00, 0x01, 0x01, 0x01, 0x00, 0x01, 0x01, 0x01, 0x00, 0x01, 0x01, 0x01, 0x00, 0x01, 0x01,
0x01, 0x00, 0x01, 0x01, 0x01, 0x00, 0x01, 0x01, 0x01, 0x00, 0x01, 0x01, 0x01, 0x00, 0x01,
0x01, 0x01, 0x00, 0x01, 0x01, 0x01, 0x00, 0x01, 0x01, 0x00, 0x00, 0x01, 0x01, 0x67, 0x00,
0x01, 0x01, 0xdc, 0x00, 0x01, 0x01, 0xd2, 0x00, 0x01, 0x01, 0xd0, 0x00, 0x01, 0x01, 0xd0,
0x00, 0x01, 0x01, 0xd0, 0x00, 0x01, 0x01, 0xcf, 0x00, 0x01, 0x01, 0xc4, 0x00, 0x01, 0x01,
0xc9, 0x0f, 0x03, 0x03, 0xcd, 0xb4, 0x04, 0x04, 0xce, 0xff, 0x04, 0x04, 0xcd, 0xff, 0x04,
0x04, 0xcd, 0xff, 0x04, 0x04, 0xcd, 0xff, 0x04, 0x04, 0xcd, 0xff, 0x04, 0x04, 0xcd, 0xff,
0x04, 0x04, 0xcc, 0xff, 0x04, 0x04, 0xcc, 0xff, 0x04, 0x04, 0xcc, 0xff, 0x04, 0x04, 0xcc,
0xff, 0x04, 0x04, 0xcc, 0xff, 0x04, 0x04, 0xcb, 0xff, 0x04, 0x04, 0xcb, 0xff, 0x04, 0x04,
0xcb, 0xff, 0x04, 0x04, 0xcb, 0xff, 0x04, 0x04, 0xcb, 0xff, 0x04, 0x04, 0xca, 0xff, 0x04,
0x04, 0xca, 0xff, 0x04, 0x04, 0xca, 0xff, 0x04, 0x04, 0xca, 0xff, 0x04, 0x04, 0xca, 0xff,
0x04, 0x04, 0xca, 0xff, 0x04, 0x04, 0xca, 0xff, 0x04, 0x04, 0xc9, 0xff, 0x04, 0x04, 0xc9,
0xff, 0x04, 0x04, 0xc9, 0xff, 0x04, 0x04, 0xc9, 0xff, 0x04, 0x04, 0xc8, 0xff, 0x04, 0x04,
0xc8, 0xff, 0x04, 0x04, 0xc8, 0xff, 0x04, 0x04, 0xc8, 0xff, 0x04, 0x04, 0xc8, 0xff, 0x04,
0x04, 0xc7, 0xff, 0x04, 0x04, 0xc7, 0xff, 0x04, 0x04, 0xc7, 0xff, 0x04, 0x04, 0xc7, 0xff,
0x04, 0x04, 0xc7, 0xff, 0x04, 0x04, 0xc6, 0xff, 0x04, 0x04, 0xc6, 0xff, 0x04, 0x04, 0xc6,
0xff, 0x04, 0x04, 0xc6, 0xff, 0x04, 0x04, 0xc6, 0xff, 0x04, 0x04, 0xc6, 0xff, 0x04, 0x04,
0xc5, 0xff, 0x04, 0x04, 0xc5, 0xff, 0x04, 0x04, 0xc5, 0xff, 0x04, 0x04, 0xc5, 0xff, 0x04,
0x04, 0xc5, 0xff, 0x04, 0x04, 0xc5, 0xff, 0x04, 0x04, 0xc5, 0xff, 0x04, 0x04, 0xc4, 0xff,
0x04, 0x04, 0xc4, 0xff, 0x04, 0x04, 0xc4, 0xff, 0x04, 0x04, 0xc4, 0xff, 0x04, 0x04, 0xc4,
0xff, 0x04, 0x04, 0xc3, 0xff, 0x04, 0x04, 0xc3, 0xff, 0x04, 0x04, 0xc3, 0xff, 0x04, 0x04,
0xc3, 0xff, 0x04, 0x04, 0xc3, 0xff, 0x04, 0x04, 0xc2, 0xff, 0x04, 0x04, 0xc2, 0xff, 0x04,
0x04, 0xc2, 0xff, 0x04, 0x04, 0xc2, 0xff, 0x04, 0x04, 0xc2, 0xff, 0x04, 0x04, 0xc1, 0xff,
0x04, 0x04, 0xc1, 0xff, 0x04, 0x04, 0xc1, 0xff, 0x04, 0x04, 0xc1, 0xff, 0x04, 0x04, 0xbd,
0xdc, 0x02, 0x02, 0xba, 0x37, 0x01, 0x01, 0xbc, 0x00, 0x02, 0x02, 0xbf, 0x00, 0x02, 0x02,
0xaf, 0x00, 0x01, 0x01, 0xb6, 0x00, 0x01, 0x01, 0xb2, 0x00, 0x01, 0x01, 0x85, 0x00, 0x01,
0x01, 0x7f, 0x00, 0x01, 0x01, 0x80, 0x00, 0x01, 0x01, 0x80, 0x00, 0x01, 0x01, 0x80, 0x00,
0x01, 0x01, 0x80, 0x00, 0x01, 0x01, 0x80, 0x00, 0x01, 0x01, 0x80, 0x00, 0x01, 0x01, 0x80,
0x00, 0x01, 0x01, 0x80, 0x00, 0x01, 0x01, 0x80, 0x00, 0x01, 0x01, 0x80, 0x00, 0x01, 0x01,
0x80, 0x00, 0x01, 0x01, 0x80, 0x00, 0x01, 0x01, 0x80, 0x00, 0xff, 0xff, 0xff, 0x00, 0xff,
0xff, 0xff, 0x00, 0xff, 0xff, 0xff, 0x00, 0xff, 0xff, 0xff, 0x00, 0xff, 0xff, 0xff, 0x00,
0xff, 0xff, 0xff, 0x00, 0xff, 0xff, 0xff, 0x00, 0xff, 0xff, 0xff, 0x00, 0xff, 0xff, 0xff,
0x00, 0xff, 0xff, 0xff, 0x00, 0xff, 0xff, 0xff, 0x00, 0xff, 0xff, 0xff, 0x00, 0xff, 0xff,
0xff, 0x00, 0xff, 0xff, 0xff, 0x00, 0xff, 0xff, 0xff, 0x00, 0x01, 0x01, 0x01, 0x00, 0x01,
0x01, 0x01, 0x00, 0x01, 0x01, 0x01, 0x00, 0x01, 0x01, 0x01, 0x00, 0x01, 0x01, 0x01, 0x00,
0x01, 0x01, 0x01, 0x00, 0x01, 0x01, 0x01, 0x00, 0x01, 0x01, 0x01, 0x00, 0x01, 0x01, 0x01,
0x00, 0x01, 0x01, 0x01, 0x00, 0x01, 0x01, 0x01, 0x00, 0x01, 0x01, 0x00, 0x00, 0x01, 0x01,
0x67, 0x00, 0x01, 0x01, 0xdc, 0x00, 0x01, 0x01, 0xd2, 0x00, 0x01, 0x01, 0xd0, 0x00, 0x01,
0x01, 0xd0, 0x00, 0x01, 0x01, 0xd0, 0x00, 0x01, 0x01, 0xcf, 0x00, 0x01, 0x01, 0xc5, 0x00,
0x01, 0x01, 0xc9, 0x00, 0x02, 0x02, 0xc9, 0x01, 0x03, 0x03, 0xcb, 0x88, 0x04, 0x04, 0xcd,
0xff, 0x04, 0x04, 0xcd, 0xff, 0x04, 0x04, 0xcc, 0xff, 0x04, 0x04, 0xcc, 0xff, 0x04, 0x04,
0xcc, 0xff, 0x04, 0x04, 0xcc, 0xff, 0x04, 0x04, 0xcc, 0xff, 0x04, 0x04, 0xcc, 0xff, 0x04,
0x04, 0xcb, 0xff, 0x04, 0x04, 0xcb, 0xff, 0x04, 0x04, 0xcb, 0xff, 0x04, 0x04, 0xcb, 0xff,
0x04, 0x04, 0xcb, 0xff, 0x04, 0x04, 0xca, 0xff, 0x04, 0x04, 0xca, 0xff, 0x04, 0x04, 0xca,
0xff, 0x04, 0x04, 0xca, 0xff, 0x04, 0x04, 0xca, 0xff, 0x04, 0x04, 0xca, 0xff, 0x04, 0x04,
0xc9, 0xff, 0x04, 0x04, 0xc9, 0xff, 0x04, 0x04, 0xc9, 0xff, 0x04, 0x04, 0xc9, 0xff, 0x04,
0x04, 0xc8, 0xff, 0x04, 0x04, 0xc8, 0xff, 0x04, 0x04, 0xc8, 0xff, 0x04, 0x04, 0xc8, 0xff,
0x04, 0x04, 0xc8, 0xff, 0x04, 0x04, 0xc8, 0xff, 0x04, 0x04, 0xc7, 0xff, 0x04, 0x04, 0xc7,
0xff, 0x04, 0x04, 0xc7, 0xff, 0x04, 0x04, 0xc7, 0xff, 0x04, 0x04, 0xc7, 0xff, 0x04, 0x04,
0xc6, 0xff, 0x04, 0x04, 0xc6, 0xff, 0x04, 0x04, 0xc6, 0xff, 0x04, 0x04, 0xc6, 0xff, 0x04,
0x04, 0xc6, 0xff, 0x04, 0x04, 0xc5, 0xff, 0x04, 0x04, 0xc5, 0xff, 0x04, 0x04, 0xc5, 0xff,
0x04, 0x04, 0xc5, 0xff, 0x04, 0x04, 0xc5, 0xff, 0x04, 0x04, 0xc5, 0xff, 0x04, 0x04, 0xc5,
0xff, 0x04, 0x04, 0xc4, 0xff, 0x04, 0x04, 0xc4, 0xff, 0x04, 0x04, 0xc4, 0xff, 0x04, 0x04,
0xc4, 0xff, 0x04, 0x04, 0xc4, 0xff, 0x04, 0x04, 0xc3, 0xff, 0x04, 0x04, 0xc3, 0xff, 0x04,
0x04, 0xc3, 0xff, 0x04, 0x04, 0xc3, 0xff, 0x04, 0x04, 0xc3, 0xff, 0x04, 0x04, 0xc2, 0xff,
0x04, 0x04, 0xc2, 0xff, 0x04, 0x04, 0xc2, 0xff, 0x04, 0x04, 0xc2, 0xff, 0x04, 0x04, 0xc2,
0xff, 0x04, 0x04, 0xc1, 0xff, 0x04, 0x04, 0xc1, 0xff, 0x04, 0x04, 0xc1, 0xff, 0x04, 0x04,
0xc1, 0xff, 0x04, 0x04, 0xc1, 0xff, 0x04, 0x04, 0xc1, 0xff, 0x03, 0x03, 0xb6, 0xb8, 0x02,
0x02, 0x92, 0x16, 0x02, 0x02, 0xba, 0x00, 0x02, 0x02, 0xbc, 0x00, 0x02, 0x02, 0xbf, 0x00,
0x02, 0x02, 0xaf, 0x00, 0x01, 0x01, 0xb6, 0x00, 0x01, 0x01, 0xb2, 0x00, 0x01, 0x01, 0x85,
0x00, 0x01, 0x01, 0x7f, 0x00, 0x01, 0x01, 0x80, 0x00, 0x01, 0x01, 0x80, 0x00, 0x01, 0x01,
0x80, 0x00, 0x01, 0x01, 0x80, 0x00, 0x01, 0x01, 0x80, 0x00, 0x01, 0x01, 0x80, 0x00, 0x01,
0x01, 0x80, 0x00, 0x01, 0x01, 0x80, 0x00, 0x01, 0x01, 0x80, 0x00, 0x01, 0x01, 0x80, 0x00,
0x01, 0x01, 0x80, 0x00, 0x01, 0x01, 0x80, 0x00, 0x01, 0x01, 0x80, 0x00, 0xff, 0xff, 0xff,
0x00, 0xff, 0xff, 0xff, 0x00, 0xff, 0xff, 0xff, 0x00, 0xff, 0xff, 0xff, 0x00, 0xff, 0xff,
0xff, 0x00, 0xff, 0xff, 0xff, 0x00, 0xff, 0xff, 0xff, 0x00, 0xff, 0xff, 0xff, 0x00, 0xff,
0xff, 0xff, 0x00, 0xff, 0xff, 0xff, 0x00, 0xff, 0xff, 0xff, 0x00, 0xff, 0xff, 0xff, 0x00,
0xff, 0xff, 0xff, 0x00, 0xff, 0xff, 0xff, 0x00, 0xff, 0xff, 0xff, 0x00, 0x01, 0x01, 0x01,
0x00, 0x01, 0x01, 0x01, 0x00, 0x01, 0x01, 0x01, 0x00, 0x01, 0x01, 0x01, 0x00, 0x01, 0x01,
0x01, 0x00, 0x01, 0x01, 0x01, 0x00, 0x01, 0x01, 0x01, 0x00, 0x01, 0x01, 0x01, 0x00, 0x01,
0x01, 0x01, 0x00, 0x01, 0x01, 0x01, 0x00, 0x01, 0x01, 0x01, 0x00, 0x01, 0x01, 0x00, 0x00,
0x01, 0x01, 0x67, 0x00, 0x01, 0x01, 0xdc, 0x00, 0x01, 0x01, 0xd2, 0x00, 0x01, 0x01, 0xd0,
0x00, 0x01, 0x01, 0xd0, 0x00, 0x01, 0x01, 0xd0, 0x00, 0x01, 0x01, 0xcf, 0x00, 0x01, 0x01,
0xc5, 0x00, 0x01, 0x01, 0xc9, 0x00, 0x02, 0x02, 0xc9, 0x00, 0x02, 0x02, 0xcb, 0x00, 0x03,
0x03, 0xca, 0x50, 0x04, 0x04, 0xcd, 0xea, 0x04, 0x04, 0xcd, 0xff, 0x04, 0x04, 0xcc, 0xff,
0x04, 0x04, 0xcb, 0xff, 0x04, 0x04, 0xcb, 0xff, 0x04, 0x04, 0xcb, 0xff, 0x04, 0x04, 0xcb,
0xff, 0x04, 0x04, 0xcb, 0xff, 0x04, 0x04, 0xca, 0xff, 0x04, 0x04, 0xca, 0xff, 0x04, 0x04,
0xca, 0xff, 0x04, 0x04, 0xca, 0xff, 0x04, 0x04, 0xca, 0xff, 0x04, 0x04, 0xca, 0xff, 0x04,
0x04, 0xca, 0xff, 0x04, 0x04, 0xc9, 0xff, 0x04, 0x04, 0xc9, 0xff, 0x04, 0x04, 0xc9, 0xff,
0x04, 0x04, 0xc9, 0xff, 0x04, 0x04, 0xc9, 0xff, 0x04, 0x04, 0xc8, 0xff, 0x04, 0x04, 0xc8,
0xff, 0x04, 0x04, 0xc8, 0xff, 0x04, 0x04, 0xc8, 0xff, 0x04, 0x04, 0xc8, 0xff, 0x04, 0x04,
0xc8, 0xff, 0x04, 0x04, 0xc7, 0xff, 0x04, 0x04, 0xc7, 0xff, 0x04, 0x04, 0xc7, 0xff, 0x04,
0x04, 0xc7, 0xff, 0x04, 0x04, 0xc7, 0xff, 0x04, 0x04, 0xc6, 0xff, 0x04, 0x04, 0xc6, 0xff,
0x04, 0x04, 0xc6, 0xff, 0x04, 0x04, 0xc6, 0xff, 0x04, 0x04, 0xc6, 0xff, 0x04, 0x04, 0xc5,
0xff, 0x04, 0x04, 0xc5, 0xff, 0x04, 0x04, 0xc5, 0xff, 0x04, 0x04, 0xc5, 0xff, 0x04, 0x04,
0xc5, 0xff, 0x04, 0x04, 0xc5, 0xff, 0x04, 0x04, 0xc4, 0xff, 0x04, 0x04, 0xc4, 0xff, 0x04,
0x04, 0xc4, 0xff, 0x04, 0x04, 0xc4, 0xff, 0x04, 0x04, 0xc3, 0xff, 0x04, 0x04, 0xc3, 0xff,
0x04, 0x04, 0xc3, 0xff, 0x04, 0x04, 0xc3, 0xff, 0x04, 0x04, 0xc3, 0xff, 0x04, 0x04, 0xc3,
0xff, 0x04, 0x04, 0xc2, 0xff, 0x04, 0x04, 0xc2, 0xff, 0x04, 0x04, 0xc2, 0xff, 0x04, 0x04,
0xc2, 0xff, 0x04, 0x04, 0xc2, 0xff, 0x04, 0x04, 0xc1, 0xff, 0x04, 0x04, 0xc1, 0xff, 0x04,
0x04, 0xc1, 0xff, 0x04, 0x04, 0xc1, 0xff, 0x04, 0x04, 0xc1, 0xff, 0x04, 0x04, 0xc0, 0xff,
0x04, 0x04, 0xc1, 0xff, 0x04, 0x04, 0xbf, 0xf7, 0x03, 0x03, 0xbf, 0x71, 0x02, 0x02, 0xa8,
0x02, 0x02, 0x02, 0x8d, 0x00, 0x02, 0x02, 0xbb, 0x00, 0x02, 0x02, 0xbc, 0x00, 0x02, 0x02,
0xbf, 0x00, 0x02, 0x02, 0xaf, 0x00, 0x01, 0x01, 0xb6, 0x00, 0x01, 0x01, 0xb2, 0x00, 0x01,
0x01, 0x85, 0x00, 0x01, 0x01, 0x7f, 0x00, 0x01, 0x01, 0x80, 0x00, 0x01, 0x01, 0x80, 0x00,
0x01, 0x01, 0x80, 0x00, 0x01, 0x01, 0x80, 0x00, 0x01, 0x01, 0x80, 0x00, 0x01, 0x01, 0x80,
0x00, 0x01, 0x01, 0x80, 0x00, 0x01, 0x01, 0x80, 0x00, 0x01, 0x01, 0x80, 0x00, 0x01, 0x01,
0x80, 0x00, 0x01, 0x01, 0x80, 0x00, 0x01, 0x01, 0x80, 0x00, 0x01, 0x01, 0x80, 0x00, 0xff,
0xff, 0xff, 0x00, 0xff, 0xff, 0xff, 0x00, 0xff, 0xff, 0xff, 0x00, 0xff, 0xff, 0xff, 0x00,
0xff, 0xff, 0xff, 0x00, 0xff, 0xff, 0xff, 0x00, 0xff, 0xff, 0xff, 0x00, 0xff, 0xff, 0xff,
0x00, 0xff, 0xff, 0xff, 0x00, 0xff, 0xff, 0xff, 0x00, 0xff, 0xff, 0xff, 0x00, 0xff, 0xff,
0xff, 0x00, 0xff, 0xff, 0xff, 0x00, 0xff, 0xff, 0xff, 0x00, 0xff, 0xff, 0xff, 0x00, 0x01,
0x01, 0x01, 0x00, 0x01, 0x01, 0x01, 0x00, 0x01, 0x01, 0x01, 0x00, 0x01, 0x01, 0x01, 0x00,
0x01, 0x01, 0x01, 0x00, 0x01, 0x01, 0x01, 0x00, 0x01, 0x01, 0x01, 0x00, 0x01, 0x01, 0x01,
0x00, 0x01, 0x01, 0x01, 0x00, 0x01, 0x01, 0x01, 0x00, 0x01, 0x01, 0x01, 0x00, 0x01, 0x01,
0x00, 0x00, 0x01, 0x01, 0x67, 0x00, 0x01, 0x01, 0xdc, 0x00, 0x01, 0x01, 0xd2, 0x00, 0x01,
0x01, 0xd0, 0x00, 0x01, 0x01, 0xd0, 0x00, 0x01, 0x01, 0xd0, 0x00, 0x01, 0x01, 0xcf, 0x00,
0x01, 0x01, 0xc5, 0x00, 0x01, 0x01, 0xc9, 0x00, 0x02, 0x02, 0xc9, 0x00, 0x02, 0x02, 0xcb,
0x00, 0x03, 0x03, 0xcd, 0x00, 0x01, 0x01, 0xad, 0x21, 0x04, 0x04, 0xba, 0xb6, 0x04, 0x04,
0xce, 0xff, 0x04, 0x04, 0xcb, 0xff, 0x04, 0x04, 0xcb, 0xff, 0x04, 0x04, 0xcb, 0xff, 0x04,
0x04, 0xca, 0xff, 0x04, 0x04, 0xca, 0xff, 0x04, 0x04, 0xca, 0xff, 0x04, 0x04, 0xca, 0xff,
0x04, 0x04, 0xca, 0xff, 0x04, 0x04, 0xca, 0xff, 0x04, 0x04, 0xc9, 0xff, 0x04, 0x04, 0xc9,
0xff, 0x04, 0x04, 0xc9, 0xff, 0x04, 0x04, 0xc9, 0xff, 0x04, 0x04, 0xc9, 0xff, 0x04, 0x04,
0xc9, 0xff, 0x04, 0x04, 0xc8, 0xff, 0x04, 0x04, 0xc8, 0xff, 0x04, 0x04, 0xc8, 0xff, 0x04,
0x04, 0xc8, 0xff, 0x04, 0x04, 0xc8, 0xff, 0x04, 0x04, 0xc7, 0xff, 0x04, 0x04, 0xc7, 0xff,
0x04, 0x04, 0xc7, 0xff, 0x04, 0x04, 0xc7, 0xff, 0x04, 0x04, 0xc6, 0xff, 0x04, 0x04, 0xc6,
0xff, 0x04, 0x04, 0xc6, 0xff, 0x04, 0x04, 0xc6, 0xff, 0x04, 0x04, 0xc6, 0xff, 0x04, 0x04,
0xc5, 0xff, 0x04, 0x04, 0xc5, 0xff, 0x04, 0x04, 0xc5, 0xff, 0x04, 0x04, 0xc5, 0xff, 0x04,
0x04, 0xc5, 0xff, 0x04, 0x04, 0xc5, 0xff, 0x04, 0x04, 0xc5, 0xff, 0x04, 0x04, 0xc4, 0xff,
0x04, 0x04, 0xc4, 0xff, 0x04, 0x04, 0xc4, 0xff, 0x04, 0x04, 0xc4, 0xff, 0x04, 0x04, 0xc4,
0xff, 0x04, 0x04, 0xc3, 0xff, 0x04, 0x04, 0xc3, 0xff, 0x04, 0x04, 0xc3, 0xff, 0x04, 0x04,
0xc3, 0xff, 0x04, 0x04, 0xc3, 0xff, 0x04, 0x04, 0xc2, 0xff, 0x04, 0x04, 0xc2, 0xff, 0x04,
0x04, 0xc2, 0xff, 0x04, 0x04, 0xc2, 0xff, 0x04, 0x04, 0xc2, 0xff, 0x04, 0x04, 0xc1, 0xff,
0x04, 0x04, 0xc1, 0xff, 0x04, 0x04, 0xc1, 0xff, 0x04, 0x04, 0xc1, 0xff, 0x04, 0x04, 0xc1,
0xff, 0x04, 0x04, 0xc0, 0xff, 0x04, 0x04, 0xc0, 0xff, 0x04, 0x04, 0xc0, 0xff, 0x04, 0x04,
0xc0, 0xff, 0x03, 0x03, 0xbe, 0xc6, 0x02, 0x02, 0xb9, 0x2f, 0x02, 0x02, 0xbc, 0x00, 0x02,
0x02, 0xa9, 0x00, 0x02, 0x02, 0x8e, 0x00, 0x02, 0x02, 0xbb, 0x00, 0x02, 0x02, 0xbc, 0x00,
0x02, 0x02, 0xbf, 0x00, 0x02, 0x02, 0xaf, 0x00, 0x01, 0x01, 0xb6, 0x00, 0x01, 0x01, 0xb2,
0x00, 0x01, 0x01, 0x85, 0x00, 0x01, 0x01, 0x7f, 0x00, 0x01, 0x01, 0x80, 0x00, 0x01, 0x01,
0x80, 0x00, 0x01, 0x01, 0x80, 0x00, 0x01, 0x01, 0x80, 0x00, 0x01, 0x01, 0x80, 0x00, 0x01,
0x01, 0x80, 0x00, 0x01, 0x01, 0x80, 0x00, 0x01, 0x01, 0x80, 0x00, 0x01, 0x01, 0x80, 0x00,
0x01, 0x01, 0x80, 0x00, 0x01, 0x01, 0x80, 0x00, 0x01, 0x01, 0x80, 0x00, 0x01, 0x01, 0x80,
0x00, 0xff, 0xff, 0xff, 0x00, 0xff, 0xff, 0xff, 0x00, 0xff, 0xff, 0xff, 0x00, 0xff, 0xff,
0xff, 0x00, 0xff, 0xff, 0xff, 0x00, 0xff, 0xff, 0xff, 0x00, 0xff, 0xff, 0xff, 0x00, 0xff,
0xff, 0xff, 0x00, 0xff, 0xff, 0xff, 0x00, 0xff, 0xff, 0xff, 0x00, 0xff, 0xff, 0xff, 0x00,
0xff, 0xff, 0xff, 0x00, 0xff, 0xff, 0xff, 0x00, 0xff, 0xff, 0xff, 0x00, 0xff, 0xff, 0xff,
0x00, 0x01, 0x01, 0x01, 0x00, 0x01, 0x01, 0x01, 0x00, 0x01, 0x01, 0x01, 0x00, 0x01, 0x01,
0x01, 0x00, 0x01, 0x01, 0x01, 0x00, 0x01, 0x01, 0x01, 0x00, 0x01, 0x01, 0x01, 0x00, 0x01,
0x01, 0x01, 0x00, 0x01, 0x01, 0x01, 0x00, 0x01, 0x01, 0x01, 0x00, 0x01, 0x01, 0x01, 0x00,
0x01, 0x01, 0x00, 0x00, 0x01, 0x01, 0x67, 0x00, 0x01, 0x01, 0xdc, 0x00, 0x01, 0x01, 0xd2,
0x00, 0x01, 0x01, 0xd0, 0x00, 0x01, 0x01, 0xd0, 0x00, 0x01, 0x01, 0xd0, 0x00, 0x01, 0x01,
0xcf, 0x00, 0x01, 0x01, 0xc5, 0x00, 0x01, 0x01, 0xc9, 0x00, 0x02, 0x02, 0xc9, 0x00, 0x02,
0x02, 0xcb, 0x00, 0x03, 0x03, 0xce, 0x00, 0x01, 0x01, 0xa1, 0x00, 0x02, 0x02, 0xb0, 0x02,
0x03, 0x03, 0xc8, 0x5e, 0x04, 0x04, 0xca, 0xec, 0x04, 0x04, 0xca, 0xff, 0x04, 0x04, 0xca,
0xff, 0x04, 0x04, 0xca, 0xff, 0x04, 0x04, 0xca, 0xff, 0x04, 0x04, 0xca, 0xff, 0x04, 0x04,
0xca, 0xff, 0x04, 0x04, 0xc9, 0xff, 0x04, 0x04, 0xc9, 0xff, 0x04, 0x04, 0xc9, 0xff, 0x04,
0x04, 0xc9, 0xff, 0x04, 0x04, 0xc8, 0xff, 0x04, 0x04, 0xc8, 0xff, 0x04, 0x04, 0xc8, 0xff,
0x04, 0x04, 0xc8, 0xff, 0x04, 0x04, 0xc8, 0xff, 0x04, 0x04, 0xc7, 0xff, 0x04, 0x04, 0xc7,
0xff, 0x04, 0x04, 0xc7, 0xff, 0x04, 0x04, 0xc7, 0xff, 0x04, 0x04, 0xc7, 0xff, 0x04, 0x04,
0xc7, 0xff, 0x04, 0x04, 0xc6, 0xff, 0x04, 0x04, 0xc6, 0xff, 0x04, 0x04, 0xc6, 0xff, 0x04,
0x04, 0xc6, 0xff, 0x04, 0x04, 0xc6, 0xff, 0x04, 0x04, 0xc5, 0xff, 0x04, 0x04, 0xc5, 0xff,
0x04, 0x04, 0xc5, 0xff, 0x04, 0x04, 0xc5, 0xff, 0x04, 0x04, 0xc5, 0xff, 0x04, 0x04, 0xc5,
0xff, 0x04, 0x04, 0xc5, 0xff, 0x04, 0x04, 0xc4, 0xff, 0x04, 0x04, 0xc4, 0xff, 0x04, 0x04,
0xc4, 0xff, 0x04, 0x04, 0xc4, 0xff, 0x04, 0x04, 0xc4, 0xff, 0x04, 0x04, 0xc3, 0xff, 0x04,
0x04, 0xc3, 0xff, 0x04, 0x04, 0xc3, 0xff, 0x04, 0x04, 0xc3, 0xff, 0x04, 0x04, 0xc3, 0xff,
0x04, 0x04, 0xc2, 0xff, 0x04, 0x04, 0xc2, 0xff, 0x04, 0x04, 0xc2, 0xff, 0x04, 0x04, 0xc2,
0xff, 0x04, 0x04, 0xc1, 0xff, 0x04, 0x04, 0xc1, 0xff, 0x04, 0x04, 0xc1, 0xff, 0x04, 0x04,
0xc1, 0xff, 0x04, 0x04, 0xc1, 0xff, 0x04, 0x04, 0xc0, 0xff, 0x04, 0x04, 0xc0, 0xff, 0x04,
0x04, 0xc0, 0xff, 0x04, 0x04, 0xc0, 0xff, 0x04, 0x04, 0xc1, 0xff, 0x04, 0x04, 0xbf, 0xee,
0x03, 0x03, 0xbb, 0x65, 0x02, 0x02, 0xaf, 0x07, 0x02, 0x02, 0xb8, 0x00, 0x02, 0x02, 0xbc,
0x00, 0x02, 0x02, 0xa9, 0x00, 0x02, 0x02, 0x8e, 0x00, 0x02, 0x02, 0xbb, 0x00, 0x02, 0x02,
0xbc, 0x00, 0x02, 0x02, 0xbf, 0x00, 0x02, 0x02, 0xaf, 0x00, 0x01, 0x01, 0xb6, 0x00, 0x01,
0x01, 0xb2, 0x00, 0x01, 0x01, 0x85, 0x00, 0x01, 0x01, 0x7f, 0x00, 0x01, 0x01, 0x80, 0x00,
0x01, 0x01, 0x80, 0x00, 0x01, 0x01, 0x80, 0x00, 0x01, 0x01, 0x80, 0x00, 0x01, 0x01, 0x80,
0x00, 0x01, 0x01, 0x80, 0x00, 0x01, 0x01, 0x80, 0x00, 0x01, 0x01, 0x80, 0x00, 0x01, 0x01,
0x80, 0x00, 0x01, 0x01, 0x80, 0x00, 0x01, 0x01, 0x80, 0x00, 0x01, 0x01, 0x80, 0x00, 0x01,
0x01, 0x80, 0x00, 0xff, 0xff, 0xff, 0x00, 0xff, 0xff, 0xff, 0x00, 0xff, 0xff, 0xff, 0x00,
0xff, 0xff, 0xff, 0x00, 0xff, 0xff, 0xff, 0x00, 0xff, 0xff, 0xff, 0x00, 0xff, 0xff, 0xff,
0x00, 0xff, 0xff, 0xff, 0x00, 0xff, 0xff, 0xff, 0x00, 0xff, 0xff, 0xff, 0x00, 0xff, 0xff,
0xff, 0x00, 0xff, 0xff, 0xff, 0x00, 0xff, 0xff, 0xff, 0x00, 0xff, 0xff, 0xff, 0x00, 0xff,
0xff, 0xff, 0x00, 0x01, 0x01, 0x01, 0x00, 0x01, 0x01, 0x01, 0x00, 0x01, 0x01, 0x01, 0x00,
0x01, 0x01, 0x01, 0x00, 0x01, 0x01, 0x01, 0x00, 0x01, 0x01, 0x01, 0x00, 0x01, 0x01, 0x01,
0x00, 0x01, 0x01, 0x01, 0x00, 0x01, 0x01, 0x01, 0x00, 0x01, 0x01, 0x01, 0x00, 0x01, 0x01,
0x01, 0x00, 0x01, 0x01, 0x00, 0x00, 0x01, 0x01, 0x67, 0x00, 0x01, 0x01, 0xdc, 0x00, 0x01,
0x01, 0xd2, 0x00, 0x01, 0x01, 0xd0, 0x00, 0x01, 0x01, 0xd0, 0x00, 0x01, 0x01, 0xd0, 0x00,
0x01, 0x01, 0xcf, 0x00, 0x01, 0x01, 0xc5, 0x00, 0x01, 0x01, 0xc9, 0x00, 0x02, 0x02, 0xc9,
0x00, 0x02, 0x02, 0xcb, 0x00, 0x03, 0x03, 0xce, 0x00, 0x01, 0x01, 0xa3, 0x00, 0x02, 0x02,
0xb1, 0x00, 0x02, 0x02, 0xc2, 0x00, 0x02, 0x02, 0xc5, 0x28, 0x03, 0x03, 0xc9, 0x96, 0x04,
0x04, 0xca, 0xff, 0x04, 0x04, 0xca, 0xff, 0x04, 0x04, 0xc9, 0xff, 0x04, 0x04, 0xc9, 0xff,
0x04, 0x04, 0xc9, 0xff, 0x04, 0x04, 0xc9, 0xff, 0x04, 0x04, 0xc8, 0xff, 0x04, 0x04, 0xc9,
0xff, 0x04, 0x04, 0xc8, 0xff, 0x04, 0x04, 0xc8, 0xff, 0x04, 0x04, 0xc8, 0xff, 0x04, 0x04,
0xc8, 0xff, 0x04, 0x04, 0xc8, 0xff, 0x04, 0x04, 0xc7, 0xff, 0x04, 0x04, 0xc7, 0xff, 0x04,
0x04, 0xc7, 0xff, 0x04, 0x04, 0xc7, 0xff, 0x04, 0x04, 0xc7, 0xff, 0x04, 0x04, 0xc6, 0xff,
0x04, 0x04, 0xc6, 0xff, 0x04, 0x04, 0xc6, 0xff, 0x04, 0x04, 0xc6, 0xff, 0x04, 0x04, 0xc6,
0xff, 0x04, 0x04, 0xc5, 0xff, 0x04, 0x04, 0xc5, 0xff, 0x04, 0x04, 0xc5, 0xff, 0x04, 0x04,
0xc5, 0xff, 0x04, 0x04, 0xc5, 0xff, 0x04, 0x04, 0xc5, 0xff, 0x04, 0x04, 0xc4, 0xff, 0x04,
0x04, 0xc4, 0xff, 0x04, 0x04, 0xc4, 0xff, 0x04, 0x04, 0xc4, 0xff, 0x04, 0x04, 0xc3, 0xff,
0x04, 0x04, 0xc3, 0xff, 0x04, 0x04, 0xc3, 0xff, 0x04, 0x04, 0xc3, 0xff, 0x04, 0x04, 0xc3,
0xff, 0x04, 0x04, 0xc2, 0xff, 0x04, 0x04, 0xc2, 0xff, 0x04, 0x04, 0xc2, 0xff, 0x04, 0x04,
0xc2, 0xff, 0x04, 0x04, 0xc2, 0xff, 0x04, 0x04, 0xc1, 0xff, 0x04, 0x04, 0xc2, 0xff, 0x04,
0x04, 0xc1, 0xff, 0x04, 0x04, 0xc1, 0xff, 0x04, 0x04, 0xc1, 0xff, 0x04, 0x04, 0xc0, 0xff,
0x04, 0x04, 0xc1, 0xff, 0x04, 0x04, 0xc0, 0xff, 0x04, 0x04, 0xc0, 0xff, 0x04, 0x04, 0xc0,
0xff, 0x04, 0x04, 0xc0, 0xff, 0x04, 0x04, 0xbe, 0xfb, 0x03, 0x03, 0xb7, 0x92, 0x02, 0x02,
0xba, 0x29, 0x02, 0x02, 0xb8, 0x00, 0x02, 0x02, 0xae, 0x00, 0x02, 0x02, 0xb8, 0x00, 0x02,
0x02, 0xbc, 0x00, 0x02, 0x02, 0xa9, 0x00, 0x02, 0x02, 0x8e, 0x00, 0x02, 0x02, 0xbb, 0x00,
0x02, 0x02, 0xbc, 0x00, 0x02, 0x02, 0xbf, 0x00, 0x02, 0x02, 0xaf, 0x00, 0x01, 0x01, 0xb6,
0x00, 0x01, 0x01, 0xb2, 0x00, 0x01, 0x01, 0x85, 0x00, 0x01, 0x01, 0x7f, 0x00, 0x01, 0x01,
0x80, 0x00, 0x01, 0x01, 0x80, 0x00, 0x01, 0x01, 0x80, 0x00, 0x01, 0x01, 0x80, 0x00, 0x01,
0x01, 0x80, 0x00, 0x01, 0x01, 0x80, 0x00, 0x01, 0x01, 0x80, 0x00, 0x01, 0x01, 0x80, 0x00,
0x01, 0x01, 0x80, 0x00, 0x01, 0x01, 0x80, 0x00, 0x01, 0x01, 0x80, 0x00, 0x01, 0x01, 0x80,
0x00, 0x01, 0x01, 0x80, 0x00, 0xff, 0xff, 0xff, 0x00, 0xff, 0xff, 0xff, 0x00, 0xff, 0xff,
0xff, 0x00, 0xff, 0xff, 0xff, 0x00, 0xff, 0xff, 0xff, 0x00, 0xff, 0xff, 0xff, 0x00, 0xff,
0xff, 0xff, 0x00, 0xff, 0xff, 0xff, 0x00, 0xff, 0xff, 0xff, 0x00, 0xff, 0xff, 0xff, 0x00,
0xff, 0xff, 0xff, 0x00, 0xff, 0xff, 0xff, 0x00, 0xff, 0xff, 0xff, 0x00, 0xff, 0xff, 0xff,
0x00, 0xff, 0xff, 0xff, 0x00, 0x01, 0x01, 0x01, 0x00, 0x01, 0x01, 0x01, 0x00, 0x01, 0x01,
0x01, 0x00, 0x01, 0x01, 0x01, 0x00, 0x01, 0x01, 0x01, 0x00, 0x01, 0x01, 0x01, 0x00, 0x01,
0x01, 0x01, 0x00, 0x01, 0x01, 0x01, 0x00, 0x01, 0x01, 0x01, 0x00, 0x01, 0x01, 0x01, 0x00,
0x01, 0x01, 0x01, 0x00, 0x01, 0x01, 0x00, 0x00, 0x01, 0x01, 0x67, 0x00, 0x01, 0x01, 0xdc,
0x00, 0x01, 0x01, 0xd2, 0x00, 0x01, 0x01, 0xd0, 0x00, 0x01, 0x01, 0xd0, 0x00, 0x01, 0x01,
0xd0, 0x00, 0x01, 0x01, 0xcf, 0x00, 0x01, 0x01, 0xc5, 0x00, 0x01, 0x01, 0xc9, 0x00, 0x02,
0x02, 0xc9, 0x00, 0x02, 0x02, 0xcb, 0x00, 0x03, 0x03, 0xce, 0x00, 0x01, 0x01, 0xa3, 0x00,
0x02, 0x02, 0xb1, 0x00, 0x02, 0x02, 0xc3, 0x00, 0x02, 0x02, 0xc4, 0x00, 0x02, 0x02, 0xc8,
0x00, 0x03, 0x03, 0xc7, 0x40, 0x03, 0x03, 0xc5, 0xb0, 0x04, 0x04, 0xca, 0xff, 0x04, 0x04,
0xc9, 0xff, 0x04, 0x04, 0xc9, 0xff, 0x04, 0x04, 0xc8, 0xff, 0x04, 0x04, 0xc8, 0xff, 0x04,
0x04, 0xc8, 0xff, 0x04, 0x04, 0xc8, 0xff, 0x04, 0x04, 0xc8, 0xff, 0x04, 0x04, 0xc7, 0xff,
0x04, 0x04, 0xc7, 0xff, 0x04, 0x04, 0xc7, 0xff, 0x04, 0x04, 0xc7, 0xff, 0x04, 0x04, 0xc7,
0xff, 0x04, 0x04, 0xc6, 0xff, 0x04, 0x04, 0xc6, 0xff, 0x04, 0x04, 0xc6, 0xff, 0x04, 0x04,
0xc6, 0xff, 0x04, 0x04, 0xc5, 0xff, 0x04, 0x04, 0xc5, 0xff, 0x04, 0x04, 0xc5, 0xff, 0x04,
0x04, 0xc5, 0xff, 0x04, 0x04, 0xc5, 0xff, 0x04, 0x04, 0xc5, 0xff, 0x04, 0x04, 0xc5, 0xff,
0x04, 0x04, 0xc4, 0xff, 0x04, 0x04, 0xc4, 0xff, 0x04, 0x04, 0xc4, 0xff, 0x04, 0x04, 0xc4,
0xff, 0x04, 0x04, 0xc3, 0xff, 0x04, 0x04, 0xc4, 0xff, 0x04, 0x04, 0xc3, 0xff, 0x04, 0x04,
0xc3, 0xff, 0x04, 0x04, 0xc3, 0xff, 0x04, 0x04, 0xc3, 0xff, 0x04, 0x04, 0xc3, 0xff, 0x04,
0x04, 0xc2, 0xff, 0x04, 0x04, 0xc2, 0xff, 0x04, 0x04, 0xc2, 0xff, 0x04, 0x04, 0xc2, 0xff,
0x04, 0x04, 0xc2, 0xff, 0x04, 0x04, 0xc1, 0xff, 0x04, 0x04, 0xc1, 0xff, 0x04, 0x04, 0xc1,
0xff, 0x04, 0x04, 0xc1, 0xff, 0x04, 0x04, 0xc1, 0xff, 0x04, 0x04, 0xc0, 0xff, 0x04, 0x04,
0xc0, 0xff, 0x04, 0x04, 0xc0, 0xff, 0x04, 0x04, 0xc0, 0xff, 0x04, 0x04, 0xc0, 0xff, 0x04,
0x04, 0xbf, 0xff, 0x03, 0x03, 0xbe, 0xa1, 0x03, 0x03, 0xb3, 0x38, 0x02, 0x02, 0xa1, 0x00,
0x02, 0x02, 0xba, 0x00, 0x02, 0x02, 0xb8, 0x00, 0x02, 0x02, 0xae, 0x00, 0x02, 0x02, 0xb8,
0x00, 0x02, 0x02, 0xbc, 0x00, 0x02, 0x02, 0xa9, 0x00, 0x02, 0x02, 0x8e, 0x00, 0x02, 0x02,
0xbb, 0x00, 0x02, 0x02, 0xbc, 0x00, 0x02, 0x02, 0xbf, 0x00, 0x02, 0x02, 0xaf, 0x00, 0x01,
0x01, 0xb6, 0x00, 0x01, 0x01, 0xb2, 0x00, 0x01, 0x01, 0x85, 0x00, 0x01, 0x01, 0x7f, 0x00,
0x01, 0x01, 0x80, 0x00, 0x01, 0x01, 0x80, 0x00, 0x01, 0x01, 0x80, 0x00, 0x01, 0x01, 0x80,
0x00, 0x01, 0x01, 0x80, 0x00, 0x01, 0x01, 0x80, 0x00, 0x01, 0x01, 0x80, 0x00, 0x01, 0x01,
0x80, 0x00, 0x01, 0x01, 0x80, 0x00, 0x01, 0x01, 0x80, 0x00, 0x01, 0x01, 0x80, 0x00, 0x01,
0x01, 0x80, 0x00, 0x01, 0x01, 0x80, 0x00, 0xff, 0xff, 0xff, 0x00, 0xff, 0xff, 0xff, 0x00,
0xff, 0xff, 0xff, 0x00, 0xff, 0xff, 0xff, 0x00, 0xff, 0xff, 0xff, 0x00, 0xff, 0xff, 0xff,
0x00, 0xff, 0xff, 0xff, 0x00, 0xff, 0xff, 0xff, 0x00, 0xff, 0xff, 0xff, 0x00, 0xff, 0xff,
0xff, 0x00, 0xff, 0xff, 0xff, 0x00, 0xff, 0xff, 0xff, 0x00, 0xff, 0xff, 0xff, 0x00, 0xff,
0xff, 0xff, 0x00, 0xff, 0xff, 0xff, 0x00, 0x01, 0x01, 0x01, 0x00, 0x01, 0x01, 0x01, 0x00,
0x01, 0x01, 0x01, 0x00, 0x01, 0x01, 0x01, 0x00, 0x01, 0x01, 0x01, 0x00, 0x01, 0x01, 0x01,
0x00, 0x01, 0x01, 0x01, 0x00, 0x01, 0x01, 0x01, 0x00, 0x01, 0x01, 0x01, 0x00, 0x01, 0x01,
0x01, 0x00, 0x01, 0x01, 0x01, 0x00, 0x01, 0x01, 0x00, 0x00, 0x01, 0x01, 0x67, 0x00, 0x01,
0x01, 0xdc, 0x00, 0x01, 0x01, 0xd2, 0x00, 0x01, 0x01, 0xd0, 0x00, 0x01, 0x01, 0xd0, 0x00,
0x01, 0x01, 0xd0, 0x00, 0x01, 0x01, 0xcf, 0x00, 0x01, 0x01, 0xc5, 0x00, 0x01, 0x01, 0xc9,
0x00, 0x02, 0x02, 0xc9, 0x00, 0x02, 0x02, 0xcb, 0x00, 0x03, 0x03, 0xce, 0x00, 0x01, 0x01,
0xa3, 0x00, 0x02, 0x02, 0xb1, 0x00, 0x02, 0x02, 0xc3, 0x00, 0x02, 0x02, 0xc4, 0x00, 0x02,
0x02, 0xc8, 0x00, 0x02, 0x02, 0xc5, 0x00, 0x02, 0x02, 0xbf, 0x00, 0x03, 0x03, 0xc5, 0x55,
0x04, 0x04, 0xc6, 0xb9, 0x04, 0x04, 0xca, 0xff, 0x04, 0x04, 0xc8, 0xff, 0x04, 0x04, 0xc8,
0xff, 0x04, 0x04, 0xc7, 0xff, 0x04, 0x04, 0xc7, 0xff, 0x04, 0x04, 0xc7, 0xff, 0x04, 0x04,
0xc7, 0xff, 0x04, 0x04, 0xc7, 0xff, 0x04, 0x04, 0xc6, 0xff, 0x04, 0x04, 0xc6, 0xff, 0x04,
0x04, 0xc6, 0xff, 0x04, 0x04, 0xc6, 0xff, 0x04, 0x04, 0xc6, 0xff, 0x04, 0x04, 0xc5, 0xff,
0x04, 0x04, 0xc5, 0xff, 0x04, 0x04, 0xc5, 0xff, 0x04, 0x04, 0xc5, 0xff, 0x04, 0x04, 0xc5,
0xff, 0x04, 0x04, 0xc5, 0xff, 0x04, 0x04, 0xc5, 0xff, 0x04, 0x04, 0xc4, 0xff, 0x04, 0x04,
0xc4, 0xff, 0x04, 0x04, 0xc4, 0xff, 0x04, 0x04, 0xc4, 0xff, 0x04, 0x04, 0xc4, 0xff, 0x04,
0x04, 0xc3, 0xff, 0x04, 0x04, 0xc3, 0xff, 0x04, 0x04, 0xc3, 0xff, 0x04, 0x04, 0xc3, 0xff,
0x04, 0x04, 0xc3, 0xff, 0x04, 0x04, 0xc2, 0xff, 0x04, 0x04, 0xc2, 0xff, 0x04, 0x04, 0xc2,
0xff, 0x04, 0x04, 0xc2, 0xff, 0x04, 0x04, 0xc2, 0xff, 0x04, 0x04, 0xc1, 0xff, 0x04, 0x04,
0xc1, 0xff, 0x04, 0x04, 0xc1, 0xff, 0x04, 0x04, 0xc1, 0xff, 0x04, 0x04, 0xc1, 0xff, 0x04,
0x04, 0xc0, 0xff, 0x04, 0x04, 0xc0, 0xff, 0x04, 0x04, 0xc0, 0xff, 0x04, 0x04, 0xc0, 0xff,
0x04, 0x04, 0xc1, 0xff, 0x04, 0x04, 0xc2, 0xff, 0x04, 0x04, 0xbf, 0xf6, 0x04, 0x04, 0xbd,
0xa8, 0x02, 0x02, 0xbd, 0x40, 0x02, 0x02, 0xbb, 0x00, 0x02, 0x02, 0xb1, 0x00, 0x02, 0x02,
0xa2, 0x00, 0x02, 0x02, 0xba, 0x00, 0x02, 0x02, 0xb8, 0x00, 0x02, 0x02, 0xae, 0x00, 0x02,
0x02, 0xb8, 0x00, 0x02, 0x02, 0xbc, 0x00, 0x02, 0x02, 0xa9, 0x00, 0x02, 0x02, 0x8e, 0x00,
0x02, 0x02, 0xbb, 0x00, 0x02, 0x02, 0xbc, 0x00, 0x02, 0x02, 0xbf, 0x00, 0x02, 0x02, 0xaf,
0x00, 0x01, 0x01, 0xb6, 0x00, 0x01, 0x01, 0xb2, 0x00, 0x01, 0x01, 0x85, 0x00, 0x01, 0x01,
0x7f, 0x00, 0x01, 0x01, 0x80, 0x00, 0x01, 0x01, 0x80, 0x00, 0x01, 0x01, 0x80, 0x00, 0x01,
0x01, 0x80, 0x00, 0x01, 0x01, 0x80, 0x00, 0x01, 0x01, 0x80, 0x00, 0x01, 0x01, 0x80, 0x00,
0x01, 0x01, 0x80, 0x00, 0x01, 0x01, 0x80, 0x00, 0x01, 0x01, 0x80, 0x00, 0x01, 0x01, 0x80,
0x00, 0x01, 0x01, 0x80, 0x00, 0x01, 0x01, 0x80, 0x00, 0xff, 0xff, 0xff, 0x00, 0xff, 0xff,
0xff, 0x00, 0xff, 0xff, 0xff, 0x00, 0xff, 0xff, 0xff, 0x00, 0xff, 0xff, 0xff, 0x00, 0xff,
0xff, 0xff, 0x00, 0xff, 0xff, 0xff, 0x00, 0xff, 0xff, 0xff, 0x00, 0xff, 0xff, 0xff, 0x00,
0xff, 0xff, 0xff, 0x00, 0xff, 0xff, 0xff, 0x00, 0xff, 0xff, 0xff, 0x00, 0xff, 0xff, 0xff,
0x00, 0xff, 0xff, 0xff, 0x00, 0xff, 0xff, 0xff, 0x00, 0x01, 0x01, 0x01, 0x00, 0x01, 0x01,
0x01, 0x00, 0x01, 0x01, 0x01, 0x00, 0x01, 0x01, 0x01, 0x00, 0x01, 0x01, 0x01, 0x00, 0x01,
0x01, 0x01, 0x00, 0x01, 0x01, 0x01, 0x00, 0x01, 0x01, 0x01, 0x00, 0x01, 0x01, 0x01, 0x00,
0x01, 0x01, 0x01, 0x00, 0x01, 0x01, 0x01, 0x00, 0x01, 0x01, 0x00, 0x00, 0x01, 0x01, 0x67,
0x00, 0x01, 0x01, 0xdc, 0x00, 0x01, 0x01, 0xd2, 0x00, 0x01, 0x01, 0xd0, 0x00, 0x01, 0x01,
0xd0, 0x00, 0x01, 0x01, 0xd0, 0x00, 0x01, 0x01, 0xcf, 0x00, 0x01, 0x01, 0xc5, 0x00, 0x01,
0x01, 0xc9, 0x00, 0x02, 0x02, 0xc9, 0x00, 0x02, 0x02, 0xcb, 0x00, 0x03, 0x03, 0xce, 0x00,
0x01, 0x01, 0xa3, 0x00, 0x02, 0x02, 0xb1, 0x00, 0x02, 0x02, 0xc3, 0x00, 0x02, 0x02, 0xc4,
0x00, 0x02, 0x02, 0xc8, 0x00, 0x02, 0x02, 0xc5, 0x00, 0x02, 0x02, 0xbf, 0x00, 0x03, 0x03,
0xc3, 0x00, 0x03, 0x03, 0xba, 0x00, 0x03, 0x03, 0xa2, 0x47, 0x03, 0x03, 0xc8, 0xa5, 0x04,
0x04, 0xc6, 0xf0, 0x04, 0x04, 0xc9, 0xff, 0x04, 0x04, 0xc8, 0xff, 0x04, 0x04, 0xc6, 0xff,
0x04, 0x04, 0xc6, 0xff, 0x04, 0x04, 0xc6, 0xff, 0x04, 0x04, 0xc6, 0xff, 0x04, 0x04, 0xc6,
0xff, 0x04, 0x04, 0xc6, 0xff, 0x04, 0x04, 0xc5, 0xff, 0x04, 0x04, 0xc5, 0xff, 0x04, 0x04,
0xc5, 0xff, 0x04, 0x04, 0xc5, 0xff, 0x04, 0x04, 0xc5, 0xff, 0x04, 0x04, 0xc5, 0xff, 0x04,
0x04, 0xc4, 0xff, 0x04, 0x04, 0xc4, 0xff, 0x04, 0x04, 0xc4, 0xff, 0x04, 0x04, 0xc4, 0xff,
0x04, 0x04, 0xc4, 0xff, 0x04, 0x04, 0xc3, 0xff, 0x04, 0x04, 0xc3, 0xff, 0x04, 0x04, 0xc3,
0xff, 0x04, 0x04, 0xc3, 0xff, 0x04, 0x04, 0xc3, 0xff, 0x04, 0x04, 0xc2, 0xff, 0x04, 0x04,
0xc2, 0xff, 0x04, 0x04, 0xc2, 0xff, 0x04, 0x04, 0xc2, 0xff, 0x04, 0x04, 0xc2, 0xff, 0x04,
0x04, 0xc1, 0xff, 0x04, 0x04, 0xc1, 0xff, 0x04, 0x04, 0xc1, 0xff, 0x04, 0x04, 0xc1, 0xff,
0x04, 0x04, 0xc1, 0xff, 0x04, 0x04, 0xc0, 0xff, 0x04, 0x04, 0xc0, 0xff, 0x04, 0x04, 0xc0,
0xff, 0x04, 0x04, 0xc0, 0xff, 0x04, 0x04, 0xc0, 0xff, 0x04, 0x04, 0xc1, 0xff, 0x04, 0x04,
0xbf, 0xff, 0x04, 0x04, 0xba, 0xd9, 0x03, 0x03, 0xad, 0x8e, 0x03, 0x03, 0xbe, 0x2b, 0x03,
0x03, 0xba, 0x00, 0x02, 0x02, 0xbc, 0x00, 0x02, 0x02, 0xbb, 0x00, 0x02, 0x02, 0xb1, 0x00,
0x02, 0x02, 0xa2, 0x00, 0x02, 0x02, 0xba, 0x00, 0x02, 0x02, 0xb8, 0x00, 0x02, 0x02, 0xae,
0x00, 0x02, 0x02, 0xb8, 0x00, 0x02, 0x02, 0xbc, 0x00, 0x02, 0x02, 0xa9, 0x00, 0x02, 0x02,
0x8e, 0x00, 0x02, 0x02, 0xbb, 0x00, 0x02, 0x02, 0xbc, 0x00, 0x02, 0x02, 0xbf, 0x00, 0x02,
0x02, 0xaf, 0x00, 0x01, 0x01, 0xb6, 0x00, 0x01, 0x01, 0xb2, 0x00, 0x01, 0x01, 0x85, 0x00,
0x01, 0x01, 0x7f, 0x00, 0x01, 0x01, 0x80, 0x00, 0x01, 0x01, 0x80, 0x00, 0x01, 0x01, 0x80,
0x00, 0x01, 0x01, 0x80, 0x00, 0x01, 0x01, 0x80, 0x00, 0x01, 0x01, 0x80, 0x00, 0x01, 0x01,
0x80, 0x00, 0x01, 0x01, 0x80, 0x00, 0x01, 0x01, 0x80, 0x00, 0x01, 0x01, 0x80, 0x00, 0x01,
0x01, 0x80, 0x00, 0x01, 0x01, 0x80, 0x00, 0x01, 0x01, 0x80, 0x00, 0xff, 0xff, 0xff, 0x00,
0xff, 0xff, 0xff, 0x00, 0xff, 0xff, 0xff, 0x00, 0xff, 0xff, 0xff, 0x00, 0xff, 0xff, 0xff,
0x00, 0xff, 0xff, 0xff, 0x00, 0xff, 0xff, 0xff, 0x00, 0xff, 0xff, 0xff, 0x00, 0xff, 0xff,
0xff, 0x00, 0xff, 0xff, 0xff, 0x00, 0xff, 0xff, 0xff, 0x00, 0xff, 0xff, 0xff, 0x00, 0xff,
0xff, 0xff, 0x00, 0xff, 0xff, 0xff, 0x00, 0xff, 0xff, 0xff, 0x00, 0x01, 0x01, 0x01, 0x00,
0x01, 0x01, 0x01, 0x00, 0x01, 0x01, 0x01, 0x00, 0x01, 0x01, 0x01, 0x00, 0x01, 0x01, 0x01,
0x00, 0x01, 0x01, 0x01, 0x00, 0x01, 0x01, 0x01, 0x00, 0x01, 0x01, 0x01, 0x00, 0x01, 0x01,
0x01, 0x00, 0x01, 0x01, 0x01, 0x00, 0x01, 0x01, 0x01, 0x00, 0x01, 0x01, 0x00, 0x00, 0x01,
0x01, 0x67, 0x00, 0x01, 0x01, 0xdc, 0x00, 0x01, 0x01, 0xd2, 0x00, 0x01, 0x01, 0xd0, 0x00,
0x01, 0x01, 0xd0, 0x00, 0x01, 0x01, 0xd0, 0x00, 0x01, 0x01, 0xcf, 0x00, 0x01, 0x01, 0xc5,
0x00, 0x01, 0x01, 0xc9, 0x00, 0x02, 0x02, 0xc9, 0x00, 0x02, 0x02, 0xcb, 0x00, 0x03, 0x03,
0xce, 0x00, 0x01, 0x01, 0xa3, 0x00, 0x02, 0x02, 0xb1, 0x00, 0x02, 0x02, 0xc3, 0x00, 0x02,
0x02, 0xc4, 0x00, 0x02, 0x02, 0xc8, 0x00, 0x02, 0x02, 0xc5, 0x00, 0x02, 0x02, 0xbf, 0x00,
0x03, 0x03, 0xc3, 0x00, 0x03, 0x03, 0xb9, 0x00, 0x02, 0x02, 0x94, 0x00, 0x02, 0x02, 0xc6,
0x00, 0x02, 0x02, 0xc1, 0x22, 0x03, 0x03, 0xb6, 0x81, 0x03, 0x03, 0xbd, 0xc2, 0x04, 0x04,
0xc7, 0xff, 0x04, 0x04, 0xc6, 0xff, 0x04, 0x04, 0xc6, 0xff, 0x04, 0x04, 0xc5, 0xff, 0x04,
0x04, 0xc5, 0xff, 0x04, 0x04, 0xc5, 0xff, 0x04, 0x04, 0xc5, 0xff, 0x04, 0x04, 0xc5, 0xff,
0x04, 0x04, 0xc5, 0xff, 0x04, 0x04, 0xc4, 0xff, 0x04, 0x04, 0xc4, 0xff, 0x04, 0x04, 0xc4,
0xff, 0x04, 0x04, 0xc4, 0xff, 0x04, 0x04, 0xc4, 0xff, 0x04, 0x04, 0xc3, 0xff, 0x04, 0x04,
0xc3, 0xff, 0x04, 0x04, 0xc3, 0xff, 0x04, 0x04, 0xc3, 0xff, 0x04, 0x04, 0xc3, 0xff, 0x04,
0x04, 0xc2, 0xff, 0x04, 0x04, 0xc2, 0xff, 0x04, 0x04, 0xc2, 0xff, 0x04, 0x04, 0xc2, 0xff,
0x04, 0x04, 0xc2, 0xff, 0x04, 0x04, 0xc2, 0xff, 0x04, 0x04, 0xc1, 0xff, 0x04, 0x04, 0xc1,
0xff, 0x04, 0x04, 0xc1, 0xff, 0x04, 0x04, 0xc1, 0xff, 0x04, 0x04, 0xc1, 0xff, 0x04, 0x04,
0xc0, 0xff, 0x04, 0x04, 0xc0, 0xff, 0x04, 0x04, 0xc0, 0xff, 0x04, 0x04, 0xc0, 0xff, 0x04,
0x04, 0xc0, 0xff, 0x04, 0x04, 0xc3, 0xff, 0x04, 0x04, 0xbe, 0xe8, 0x03, 0x03, 0xb3, 0xa6,
0x03, 0x03, 0xb8, 0x60, 0x02, 0x02, 0x8e, 0x0b, 0x02, 0x02, 0x90, 0x00, 0x03, 0x03, 0xc0,
0x00, 0x03, 0x03, 0xba, 0x00, 0x02, 0x02, 0xbc, 0x00, 0x02, 0x02, 0xbb, 0x00, 0x02, 0x02,
0xb1, 0x00, 0x02, 0x02, 0xa2, 0x00, 0x02, 0x02, 0xba, 0x00, 0x02, 0x02, 0xb8, 0x00, 0x02,
0x02, 0xae, 0x00, 0x02, 0x02, 0xb8, 0x00, 0x02, 0x02, 0xbc, 0x00, 0x02, 0x02, 0xa9, 0x00,
0x02, 0x02, 0x8e, 0x00, 0x02, 0x02, 0xbb, 0x00, 0x02, 0x02, 0xbc, 0x00, 0x02, 0x02, 0xbf,
0x00, 0x02, 0x02, 0xaf, 0x00, 0x01, 0x01, 0xb6, 0x00, 0x01, 0x01, 0xb2, 0x00, 0x01, 0x01,
0x85, 0x00, 0x01, 0x01, 0x7f, 0x00, 0x01, 0x01, 0x80, 0x00, 0x01, 0x01, 0x80, 0x00, 0x01,
0x01, 0x80, 0x00, 0x01, 0x01, 0x80, 0x00, 0x01, 0x01, 0x80, 0x00, 0x01, 0x01, 0x80, 0x00,
0x01, 0x01, 0x80, 0x00, 0x01, 0x01, 0x80, 0x00, 0x01, 0x01, 0x80, 0x00, 0x01, 0x01, 0x80,
0x00, 0x01, 0x01, 0x80, 0x00, 0x01, 0x01, 0x80, 0x00, 0x01, 0x01, 0x80, 0x00, 0xff, 0xff,
0xff, 0x00, 0xff, 0xff, 0xff, 0x00, 0xff, 0xff, 0xff, 0x00, 0xff, 0xff, 0xff, 0x00, 0xff,
0xff, 0xff, 0x00, 0xff, 0xff, 0xff, 0x00, 0xff, 0xff, 0xff, 0x00, 0xff, 0xff, 0xff, 0x00,
0xff, 0xff, 0xff, 0x00, 0xff, 0xff, 0xff, 0x00, 0xff, 0xff, 0xff, 0x00, 0xff, 0xff, 0xff,
0x00, 0xff, 0xff, 0xff, 0x00, 0xff, 0xff, 0xff, 0x00, 0xff, 0xff, 0xff, 0x00, 0x01, 0x01,
0x01, 0x00, 0x01, 0x01, 0x01, 0x00, 0x01, 0x01, 0x01, 0x00, 0x01, 0x01, 0x01, 0x00, 0x01,
0x01, 0x01, 0x00, 0x01, 0x01, 0x01, 0x00, 0x01, 0x01, 0x01, 0x00, 0x01, 0x01, 0x01, 0x00,
0x01, 0x01, 0x01, 0x00, 0x01, 0x01, 0x01, 0x00, 0x01, 0x01, 0x01, 0x00, 0x01, 0x01, 0x00,
0x00, 0x01, 0x01, 0x67, 0x00, 0x01, 0x01, 0xdc, 0x00, 0x01, 0x01, 0xd2, 0x00, 0x01, 0x01,
0xd0, 0x00, 0x01, 0x01, 0xd0, 0x00, 0x01, 0x01, 0xd0, 0x00, 0x01, 0x01, 0xcf, 0x00, 0x01,
0x01, 0xc5, 0x00, 0x01, 0x01, 0xc9, 0x00, 0x02, 0x02, 0xc9, 0x00, 0x02, 0x02, 0xcb, 0x00,
0x03, 0x03, 0xce, 0x00, 0x01, 0x01, 0xa3, 0x00, 0x02, 0x02, 0xb1, 0x00, 0x02, 0x02, 0xc3,
0x00, 0x02, 0x02, 0xc4, 0x00, 0x02, 0x02, 0xc8, 0x00, 0x02, 0x02, 0xc5, 0x00, 0x02, 0x02,
0xbf, 0x00, 0x03, 0x03, 0xc3, 0x00, 0x03, 0x03, 0xb9, 0x00, 0x02, 0x02, 0x96, 0x00, 0x02,
0x02, 0xc6, 0x00, 0x02, 0x02, 0xc3, 0x00, 0x02, 0x02, 0x9c, 0x00, 0x02, 0x02, 0xad, 0x00,
0x03, 0x03, 0xc6, 0x37, 0x04, 0x04, 0xc2, 0x96, 0x04, 0x04, 0xc4, 0xd1, 0x04, 0x04, 0xc5,
0xf4, 0x04, 0x04, 0xc5, 0xff, 0x04, 0x04, 0xc5, 0xff, 0x04, 0x04, 0xc4, 0xff, 0x04, 0x04,
0xc4, 0xff, 0x04, 0x04, 0xc4, 0xff, 0x04, 0x04, 0xc4, 0xff, 0x04, 0x04, 0xc4, 0xff, 0x04,
0x04, 0xc4, 0xff, 0x04, 0x04, 0xc3, 0xff, 0x04, 0x04, 0xc3, 0xff, 0x04, 0x04, 0xc3, 0xff,
0x04, 0x04, 0xc3, 0xff, 0x04, 0x04, 0xc3, 0xff, 0x04, 0x04, 0xc2, 0xff, 0x04, 0x04, 0xc2,
0xff, 0x04, 0x04, 0xc2, 0xff, 0x04, 0x04, 0xc2, 0xff, 0x04, 0x04, 0xc2, 0xff, 0x04, 0x04,
0xc1, 0xff, 0x04, 0x04, 0xc1, 0xff, 0x04, 0x04, 0xc1, 0xff, 0x04, 0x04, 0xc1, 0xff, 0x04,
0x04, 0xc1, 0xff, 0x04, 0x04, 0xc0, 0xff, 0x04, 0x04, 0xc0, 0xff, 0x04, 0x04, 0xc0, 0xff,
0x04, 0x04, 0xc0, 0xff, 0x04, 0x04, 0xc0, 0xff, 0x04, 0x04, 0xbf, 0xff, 0x04, 0x04, 0xbf,
0xe1, 0x04, 0x04, 0xbc, 0xb8, 0x03, 0x03, 0xa4, 0x68, 0x02, 0x02, 0xb6, 0x17, 0x02, 0x02,
0x9a, 0x00, 0x03, 0x03, 0xb6, 0x00, 0x02, 0x02, 0x8a, 0x00, 0x02, 0x02, 0x93, 0x00, 0x03,
0x03, 0xc0, 0x00, 0x03, 0x03, 0xba, 0x00, 0x02, 0x02, 0xbc, 0x00, 0x02, 0x02, 0xbb, 0x00,
0x02, 0x02, 0xb1, 0x00, 0x02, 0x02, 0xa2, 0x00, 0x02, 0x02, 0xba, 0x00, 0x02, 0x02, 0xb8,
0x00, 0x02, 0x02, 0xae, 0x00, 0x02, 0x02, 0xb8, 0x00, 0x02, 0x02, 0xbc, 0x00, 0x02, 0x02,
0xa9, 0x00, 0x02, 0x02, 0x8e, 0x00, 0x02, 0x02, 0xbb, 0x00, 0x02, 0x02, 0xbc, 0x00, 0x02,
0x02, 0xbf, 0x00, 0x02, 0x02, 0xaf, 0x00, 0x01, 0x01, 0xb6, 0x00, 0x01, 0x01, 0xb2, 0x00,
0x01, 0x01, 0x85, 0x00, 0x01, 0x01, 0x7f, 0x00, 0x01, 0x01, 0x80, 0x00, 0x01, 0x01, 0x80,
0x00, 0x01, 0x01, 0x80, 0x00, 0x01, 0x01, 0x80, 0x00, 0x01, 0x01, 0x80, 0x00, 0x01, 0x01,
0x80, 0x00, 0x01, 0x01, 0x80, 0x00, 0x01, 0x01, 0x80, 0x00, 0x01, 0x01, 0x80, 0x00, 0x01,
0x01, 0x80, 0x00, 0x01, 0x01, 0x80, 0x00, 0x01, 0x01, 0x80, 0x00, 0x01, 0x01, 0x80, 0x00,
0xff, 0xff, 0xff, 0x00, 0xff, 0xff, 0xff, 0x00, 0xff, 0xff, 0xff, 0x00, 0xff, 0xff, 0xff,
0x00, 0xff, 0xff, 0xff, 0x00, 0xff, 0xff, 0xff, 0x00, 0xff, 0xff, 0xff, 0x00, 0xff, 0xff,
0xff, 0x00, 0xff, 0xff, 0xff, 0x00, 0xff, 0xff, 0xff, 0x00, 0xff, 0xff, 0xff, 0x00, 0xff,
0xff, 0xff, 0x00, 0xff, 0xff, 0xff, 0x00, 0xff, 0xff, 0xff, 0x00, 0xff, 0xff, 0xff, 0x00,
0x01, 0x01, 0x01, 0x00, 0x01, 0x01, 0x01, 0x00, 0x01, 0x01, 0x01, 0x00, 0x01, 0x01, 0x01,
0x00, 0x01, 0x01, 0x01, 0x00, 0x01, 0x01, 0x01, 0x00, 0x01, 0x01, 0x01, 0x00, 0x01, 0x01,
0x01, 0x00, 0x01, 0x01, 0x01, 0x00, 0x01, 0x01, 0x01, 0x00, 0x01, 0x01, 0x01, 0x00, 0x01,
0x01, 0x00, 0x00, 0x01, 0x01, 0x67, 0x00, 0x01, 0x01, 0xdc, 0x00, 0x01, 0x01, 0xd2, 0x00,
0x01, 0x01, 0xd0, 0x00, 0x01, 0x01, 0xd0, 0x00, 0x01, 0x01, 0xd0, 0x00, 0x01, 0x01, 0xcf,
0x00, 0x01, 0x01, 0xc5, 0x00, 0x01, 0x01, 0xc9, 0x00, 0x02, 0x02, 0xc9, 0x00, 0x02, 0x02,
0xcb, 0x00, 0x03, 0x03, 0xce, 0x00, 0x01, 0x01, 0xa3, 0x00, 0x02, 0x02, 0xb1, 0x00, 0x02,
0x02, 0xc3, 0x00, 0x02, 0x02, 0xc4, 0x00, 0x02, 0x02, 0xc8, 0x00, 0x02, 0x02, 0xc5, 0x00,
0x02, 0x02, 0xbf, 0x00, 0x03, 0x03, 0xc3, 0x00, 0x03, 0x03, 0xb9, 0x00, 0x02, 0x02, 0x96,
0x00, 0x02, 0x02, 0xc6, 0x00, 0x02, 0x02, 0xc3, 0x00, 0x02, 0x02, 0x9e, 0x00, 0x02, 0x02,
0xae, 0x00, 0x03, 0x03, 0xc6, 0x00, 0x03, 0x03, 0xbc, 0x00, 0x03, 0x03, 0xbf, 0x02, 0x03,
0x03, 0xc0, 0x21, 0x03, 0x03, 0xc4, 0x5f, 0x04, 0x04, 0xc4, 0xa9, 0x04, 0x04, 0xc4, 0xd0,
0x04, 0x04, 0xc4, 0xe8, 0x04, 0x04, 0xc4, 0xff, 0x04, 0x04, 0xc3, 0xff, 0x04, 0x04, 0xc3,
0xff, 0x04, 0x04, 0xc5, 0xff, 0x04, 0x04, 0xc3, 0xff, 0x04, 0x04, 0xc2, 0xff, 0x04, 0x04,
0xc2, 0xff, 0x04, 0x04, 0xc2, 0xff, 0x04, 0x04, 0xc2, 0xff, 0x04, 0x04, 0xc2, 0xff, 0x04,
0x04, 0xc1, 0xff, 0x04, 0x04, 0xc1, 0xff, 0x04, 0x04, 0xc1, 0xff, 0x04, 0x04, 0xc1, 0xff,
0x04, 0x04, 0xc1, 0xff, 0x04, 0x04, 0xc1, 0xff, 0x04, 0x04, 0xc0, 0xff, 0x04, 0x04, 0xc0,
0xff, 0x04, 0x04, 0xc0, 0xff, 0x04, 0x04, 0xc0, 0xff, 0x04, 0x04, 0xbf, 0xf1, 0x04, 0x04,
0xbf, 0xda, 0x04, 0x04, 0xbf, 0xbf, 0x04, 0x04, 0xbe, 0x80, 0x03, 0x03, 0xbe, 0x37, 0x02,
0x02, 0xba, 0x0c, 0x03, 0x03, 0xb8, 0x00, 0x02, 0x02, 0x88, 0x00, 0x02, 0x02, 0xb7, 0x00,
0x02, 0x02, 0x9c, 0x00, 0x03, 0x03, 0xb6, 0x00, 0x02, 0x02, 0x8b, 0x00, 0x02, 0x02, 0x93,
0x00, 0x03, 0x03, 0xc0, 0x00, 0x03, 0x03, 0xba, 0x00, 0x02, 0x02, 0xbc, 0x00, 0x02, 0x02,
0xbb, 0x00, 0x02, 0x02, 0xb1, 0x00, 0x02, 0x02, 0xa2, 0x00, 0x02, 0x02, 0xba, 0x00, 0x02,
0x02, 0xb8, 0x00, 0x02, 0x02, 0xae, 0x00, 0x02, 0x02, 0xb8, 0x00, 0x02, 0x02, 0xbc, 0x00,
0x02, 0x02, 0xa9, 0x00, 0x02, 0x02, 0x8e, 0x00, 0x02, 0x02, 0xbb, 0x00, 0x02, 0x02, 0xbc,
0x00, 0x02, 0x02, 0xbf, 0x00, 0x02, 0x02, 0xaf, 0x00, 0x01, 0x01, 0xb6, 0x00, 0x01, 0x01,
0xb2, 0x00, 0x01, 0x01, 0x85, 0x00, 0x01, 0x01, 0x7f, 0x00, 0x01, 0x01, 0x80, 0x00, 0x01,
0x01, 0x80, 0x00, 0x01, 0x01, 0x80, 0x00, 0x01, 0x01, 0x80, 0x00, 0x01, 0x01, 0x80, 0x00,
0x01, 0x01, 0x80, 0x00, 0x01, 0x01, 0x80, 0x00, 0x01, 0x01, 0x80, 0x00, 0x01, 0x01, 0x80,
0x00, 0x01, 0x01, 0x80, 0x00, 0x01, 0x01, 0x80, 0x00, 0x01, 0x01, 0x80, 0x00, 0x01, 0x01,
0x80, 0x00, 0xff, 0xff, 0xff, 0x00, 0xff, 0xff, 0xff, 0x00, 0xff, 0xff, 0xff, 0x00, 0xff,
0xff, 0xff, 0x00, 0xff, 0xff, 0xff, 0x00, 0xff, 0xff, 0xff, 0x00, 0xff, 0xff, 0xff, 0x00,
0xff, 0xff, 0xff, 0x00, 0xff, 0xff, 0xff, 0x00, 0xff, 0xff, 0xff, 0x00, 0xff, 0xff, 0xff,
0x00, 0xff, 0xff, 0xff, 0x00, 0xff, 0xff, 0xff, 0x00, 0xff, 0xff, 0xff, 0x00, 0xff, 0xff,
0xff, 0x00, 0x01, 0x01, 0x01, 0x00, 0x01, 0x01, 0x01, 0x00, 0x01, 0x01, 0x01, 0x00, 0x01,
0x01, 0x01, 0x00, 0x01, 0x01, 0x01, 0x00, 0x01, 0x01, 0x01, 0x00, 0x01, 0x01, 0x01, 0x00,
0x01, 0x01, 0x01, 0x00, 0x01, 0x01, 0x01, 0x00, 0x01, 0x01, 0x01, 0x00, 0x01, 0x01, 0x01,
0x00, 0x01, 0x01, 0x00, 0x00, 0x01, 0x01, 0x67, 0x00, 0x01, 0x01, 0xdc, 0x00, 0x01, 0x01,
0xd2, 0x00, 0x01, 0x01, 0xd0, 0x00, 0x01, 0x01, 0xd0, 0x00, 0x01, 0x01, 0xd0, 0x00, 0x01,
0x01, 0xcf, 0x00, 0x01, 0x01, 0xc5, 0x00, 0x01, 0x01, 0xc9, 0x00, 0x02, 0x02, 0xc9, 0x00,
0x02, 0x02, 0xcb, 0x00, 0x03, 0x03, 0xce, 0x00, 0x01, 0x01, 0xa3, 0x00, 0x02, 0x02, 0xb1,
0x00, 0x02, 0x02, 0xc3, 0x00, 0x02, 0x02, 0xc4, 0x00, 0x02, 0x02, 0xc8, 0x00, 0x02, 0x02,
0xc5, 0x00, 0x02, 0x02, 0xbf, 0x00, 0x03, 0x03, 0xc3, 0x00, 0x03, 0x03, 0xb9, 0x00, 0x02,
0x02, 0x96, 0x00, 0x02, 0x02, 0xc6, 0x00, 0x02, 0x02, 0xc3, 0x00, 0x02, 0x02, 0x9e, 0x00,
0x02, 0x02, 0xae, 0x00, 0x03, 0x03, 0xc6, 0x00, 0x03, 0x03, 0xbc, 0x00, 0x03, 0x03, 0xbf,
0x00, 0x03, 0x03, 0xbf, 0x00, 0x02, 0x02, 0xc4, 0x00, 0x03, 0x03, 0xc3, 0x00, 0x03, 0x03,
0xc3, 0x02, 0x03, 0x03, 0xc3, 0x10, 0x02, 0x02, 0xc1, 0x33, 0x03, 0x03, 0xc1, 0x63, 0x04,
0x04, 0xc3, 0x8e, 0x03, 0x03, 0xb6, 0xb5, 0x03, 0x03, 0xc0, 0xd1, 0x04, 0x04, 0xc2, 0xe7,
0x04, 0x04, 0xc2, 0xed, 0x04, 0x04, 0xc2, 0xed, 0x04, 0x04, 0xc1, 0xed, 0x04, 0x04, 0xc1,
0xed, 0x04, 0x04, 0xc1, 0xed, 0x04, 0x04, 0xc1, 0xed, 0x04, 0x04, 0xc1, 0xed, 0x04, 0x04,
0xc0, 0xed, 0x04, 0x04, 0xc0, 0xea, 0x04, 0x04, 0xc0, 0xd6, 0x04, 0x04, 0xbf, 0xbe, 0x04,
0x04, 0xbd, 0x9a, 0x04, 0x04, 0xbb, 0x6f, 0x03, 0x03, 0xbd, 0x42, 0x03, 0x03, 0xbd, 0x1a,
0x02, 0x02, 0xbd, 0x07, 0x02, 0x02, 0xbd, 0x00, 0x03, 0x03, 0xbe, 0x00, 0x03, 0x03, 0xbe,
0x00, 0x02, 0x02, 0xba, 0x00, 0x03, 0x03, 0xb8, 0x00, 0x02, 0x02, 0x8b, 0x00, 0x02, 0x02,
0xb7, 0x00, 0x02, 0x02, 0x9c, 0x00, 0x03, 0x03, 0xb6, 0x00, 0x02, 0x02, 0x8b, 0x00, 0x02,
0x02, 0x93, 0x00, 0x03, 0x03, 0xc0, 0x00, 0x03, 0x03, 0xba, 0x00, 0x02, 0x02, 0xbc, 0x00,
0x02, 0x02, 0xbb, 0x00, 0x02, 0x02, 0xb1, 0x00, 0x02, 0x02, 0xa2, 0x00, 0x02, 0x02, 0xba,
0x00, 0x02, 0x02, 0xb8, 0x00, 0x02, 0x02, 0xae, 0x00, 0x02, 0x02, 0xb8, 0x00, 0x02, 0x02,
0xbc, 0x00, 0x02, 0x02, 0xa9, 0x00, 0x02, 0x02, 0x8e, 0x00, 0x02, 0x02, 0xbb, 0x00, 0x02,
0x02, 0xbc, 0x00, 0x02, 0x02, 0xbf, 0x00, 0x02, 0x02, 0xaf, 0x00, 0x01, 0x01, 0xb6, 0x00,
0x01, 0x01, 0xb2, 0x00, 0x01, 0x01, 0x85, 0x00, 0x01, 0x01, 0x7f, 0x00, 0x01, 0x01, 0x80,
0x00, 0x01, 0x01, 0x80, 0x00, 0x01, 0x01, 0x80, 0x00, 0x01, 0x01, 0x80, 0x00, 0x01, 0x01,
0x80, 0x00, 0x01, 0x01, 0x80, 0x00, 0x01, 0x01, 0x80, 0x00, 0x01, 0x01, 0x80, 0x00, 0x01,
0x01, 0x80, 0x00, 0x01, 0x01, 0x80, 0x00, 0x01, 0x01, 0x80, 0x00, 0x01, 0x01, 0x80, 0x00,
0x01, 0x01, 0x80, 0x00, 0xff, 0xff, 0xff, 0x00, 0xff, 0xff, 0xff, 0x00, 0xff, 0xff, 0xff,
0x00, 0xff, 0xff, 0xff, 0x00, 0xff, 0xff, 0xff, 0x00, 0xff, 0xff, 0xff, 0x00, 0xff, 0xff,
0xff, 0x00, 0xff, 0xff, 0xff, 0x00, 0xff, 0xff, 0xff, 0x00, 0xff, 0xff, 0xff, 0x00, 0xff,
0xff, 0xff, 0x00, 0xff, 0xff, 0xff, 0x00, 0xff, 0xff, 0xff, 0x00, 0xff, 0xff, 0xff, 0x00,
0xff, 0xff, 0xff, 0x00, 0xff, 0xff, 0xff, 0x00, 0xff, 0xff, 0xff, 0x00, 0xff, 0xff, 0xff,
0x00, 0xff, 0xff, 0xff, 0x00, 0xff, 0xff, 0xff, 0x00, 0xff, 0xff, 0xff, 0x00, 0xff, 0xff,
0xff, 0x00, 0xff, 0xff, 0xff, 0x00, 0xff, 0xff, 0xff, 0x00, 0xff, 0xff, 0xff, 0x00, 0xff,
0xff, 0xff, 0x00, 0xff, 0xff, 0xff, 0x00, 0xff, 0xff, 0xff, 0x00, 0xff, 0xff, 0xff, 0x00,
0xff, 0xff, 0xff, 0x00, 0xff, 0xff, 0xff, 0x00, 0xff, 0xff, 0xff, 0x00, 0xff, 0xff, 0xff,
0x00, 0xff, 0xff, 0xff, 0x00, 0xff, 0xff, 0xff, 0x00, 0xff, 0xff, 0xff, 0x00, 0xff, 0xff,
0xff, 0x00, 0xff, 0xff, 0xff, 0x00, 0xff, 0xff, 0xff, 0x00, 0xff, 0xff, 0xff, 0x00, 0xff,
0xff, 0xff, 0x00, 0xff, 0xff, 0xff, 0x00, 0xff, 0xff, 0xff, 0x00, 0xff, 0xff, 0xff, 0x00,
0xff, 0xff, 0xff, 0x00, 0xff, 0xff, 0xff, 0x00, 0xff, 0xff, 0xff, 0x00, 0xff, 0xff, 0xff,
0x00, 0xff, 0xff, 0xff, 0x00, 0xff, 0xff, 0xff, 0x00, 0xff, 0xff, 0xff, 0x00, 0xff, 0xff,
0xff, 0x00, 0xff, 0xff, 0xff, 0x00, 0xff, 0xff, 0xff, 0x00, 0xff, 0xff, 0xff, 0x00, 0xff,
0xff, 0xff, 0x00, 0xff, 0xff, 0xff, 0x00, 0xff, 0xff, 0xff, 0x00, 0xff, 0xff, 0xff, 0x00,
0xff, 0xff, 0xff, 0x00, 0xff, 0xff, 0xff, 0x00, 0xff, 0xff, 0xff, 0x00, 0xff, 0xff, 0xff,
0x00, 0xff, 0xff, 0xff, 0x00, 0xff, 0xff, 0xff, 0x00, 0xff, 0xff, 0xff, 0x00, 0xff, 0xff,
0xff, 0x00, 0xff, 0xff, 0xff, 0x00, 0xff, 0xff, 0xff, 0x00, 0xff, 0xff, 0xff, 0x00, 0xff,
0xff, 0xff, 0x00, 0xff, 0xff, 0xff, 0x00, 0xff, 0xff, 0xff, 0x00, 0xff, 0xff, 0xff, 0x00,
0xff, 0xff, 0xff, 0x00, 0xff, 0xff, 0xff, 0x00, 0xff, 0xff, 0xff, 0x00, 0xff, 0xff, 0xff,
0x00, 0xff, 0xff, 0xff, 0x00, 0xff, 0xff, 0xff, 0x00, 0xff, 0xff, 0xff, 0x00, 0xff, 0xff,
0xff, 0x00, 0xff, 0xff, 0xff, 0x00, 0xff, 0xff, 0xff, 0x00, 0xff, 0xff, 0xff, 0x00, 0xff,
0xff, 0xff, 0x00, 0xff, 0xff, 0xff, 0x00, 0xff, 0xff, 0xff, 0x00, 0xff, 0xff, 0xff, 0x00,
0xff, 0xff, 0xff, 0x00, 0xff, 0xff, 0xff, 0x00, 0xff, 0xff, 0xff, 0x00, 0xff, 0xff, 0xff,
0x00, 0xff, 0xff, 0xff, 0x00, 0xff, 0xff, 0xff, 0x00, 0xff, 0xff, 0xff, 0x00, 0xff, 0xff,
0xff, 0x00, 0xff, 0xff, 0xff, 0x00, 0xff, 0xff, 0xff, 0x00, 0xff, 0xff, 0xff, 0x00, 0xff,
0xff, 0xff, 0x00, 0xff, 0xff, 0xff, 0x00, 0xff, 0xff, 0xff, 0x00, 0xff, 0xff, 0xff, 0x00,
0xff, 0xff, 0xff, 0x00, 0xff, 0xff, 0xff, 0x00, 0xff, 0xff, 0xff, 0x00, 0xff, 0xff, 0xff,
0x00, 0xff, 0xff, 0xff, 0x00, 0xff, 0xff, 0xff, 0x00, 0xff, 0xff, 0xff, 0x00, 0xff, 0xff,
0xff, 0x00, 0xff, 0xff, 0xff, 0x00, 0xff, 0xff, 0xff, 0x00, 0xff, 0xff, 0xff, 0x00, 0xff,
0xff, 0xff, 0x00, 0xff, 0xff, 0xff, 0x00, 0xff, 0xff, 0xff, 0x00, 0xff, 0xff, 0xff, 0x00,
0xff, 0xff, 0xff, 0x00, 0xff, 0xff, 0xff, 0x00, 0xff, 0xff, 0xff, 0x00, 0xff, 0xff, 0xff,
0x00, 0xff, 0xff, 0xff, 0x00, 0xff, 0xff, 0xff, 0x00, 0xff, 0xff, 0xff, 0x00, 0xff, 0xff,
0xff, 0x00, 0xff, 0xff, 0xff, 0x00, 0xff, 0xff, 0xff, 0x00, 0xff, 0xff, 0xff, 0x00, 0xff,
0xff, 0xff, 0x00, 0xff, 0xff, 0xff, 0x00, 0xff, 0xff, 0xff, 0x00, 0xff, 0xff, 0xff, 0x00,
0xff, 0xff, 0xff, 0x00, 0xff, 0xff, 0xff, 0x00, 0xff, 0xff, 0xff, 0x00, 0xff, 0xff, 0xff,
0x00, 0xff, 0xff, 0xff, 0x00, 0xff, 0xff, 0xff, 0x00, 0xff, 0xff, 0xff, 0x00, 0xff, 0xff,
0xff, 0x00, 0xff, 0xff, 0xff, 0x00, 0xff, 0xff, 0xff, 0x00, 0xff, 0xff, 0xff, 0x00, 0xff,
0xff, 0xff, 0x00, 0xff, 0xff, 0xff, 0x00, 0xff, 0xff, 0xff, 0x00, 0xff, 0xff, 0xff, 0x00,
0xff, 0xff, 0xff, 0x00, 0xff, 0xff, 0xff, 0x00, 0xff, 0xff, 0xff, 0x00, 0xff, 0xff, 0xff,
0x00, 0xff, 0xff, 0xff, 0x00, 0xff, 0xff, 0xff, 0x00, 0xff, 0xff, 0xff, 0x00, 0xff, 0xff,
0xff, 0x00, 0xff, 0xff, 0xff, 0x00, 0xff, 0xff, 0xff, 0x00, 0xff, 0xff, 0xff, 0x00, 0xff,
0xff, 0xff, 0x00, 0xff, 0xff, 0xff, 0x00, 0xff, 0xff, 0xff, 0x00, 0xff, 0xff, 0xff, 0x00,
0xff, 0xff, 0xff, 0x00, 0xff, 0xff, 0xff, 0x00, 0xff, 0xff, 0xff, 0x00, 0xff, 0xff, 0xff,
0x00, 0xff, 0xff, 0xff, 0x00, 0xff, 0xff, 0xff, 0x00, 0xff, 0xff, 0xff, 0x00, 0xff, 0xff,
0xff, 0x00, 0xff, 0xff, 0xff, 0x00, 0xff, 0xff, 0xff, 0x00, 0xff, 0xff, 0xff, 0x00, 0xff,
0xff, 0xff, 0x00, 0xff, 0xff, 0xff, 0x00, 0xff, 0xff, 0xff, 0x00, 0xff, 0xff, 0xff, 0x00,
0xff, 0xff, 0xff, 0x00, 0xff, 0xff, 0xff, 0x00, 0xff, 0xff, 0xff, 0x00, 0xff, 0xff, 0xff,
0x00, 0xff, 0xff, 0xff, 0x00, 0xff, 0xff, 0xff, 0x00, 0xff, 0xff, 0xff, 0x00, 0xff, 0xff,
0xff, 0x00, 0xff, 0xff, 0xff, 0x00, 0xff, 0xff, 0xff, 0x00, 0xff, 0xff, 0xff, 0x00, 0xff,
0xff, 0xff, 0x00, 0xff, 0xff, 0xff, 0x00, 0xff, 0xff, 0xff, 0x00, 0xff, 0xff, 0xff, 0x00,
0xff, 0xff, 0xff, 0x00, 0xff, 0xff, 0xff, 0x00, 0xff, 0xff, 0xff, 0x00, 0xff, 0xff, 0xff,
0x00, 0xff, 0xff, 0xff, 0x00, 0xff, 0xff, 0xff, 0x00, 0xff, 0xff, 0xff, 0x00, 0xff, 0xff,
0xff, 0x00, 0xff, 0xff, 0xff, 0x00, 0xff, 0xff, 0xff, 0x00, 0xff, 0xff, 0xff, 0x00, 0xff,
0xff, 0xff, 0x00, 0xff, 0xff, 0xff, 0x00, 0xff, 0xff, 0xff, 0x00, 0xff, 0xff, 0xff, 0x00,
0xff, 0xff, 0xff, 0x00, 0xff, 0xff, 0xff, 0x00, 0xff, 0xff, 0xff, 0x00, 0xff, 0xff, 0xff,
0x00, 0xff, 0xff, 0xff, 0x00, 0xff, 0xff, 0xff, 0x00, 0xff, 0xff, 0xff, 0x00, 0xff, 0xff,
0xff, 0x00, 0xff, 0xff, 0xff, 0x00, 0xff, 0xff, 0xff, 0x00, 0xff, 0xff, 0xff, 0x00, 0xff,
0xff, 0xff, 0x00, 0xff, 0xff, 0xff, 0x00, 0xff, 0xff, 0xff, 0x00, 0xff, 0xff, 0xff, 0x00,
0xff, 0xff, 0xff, 0x00, 0xff, 0xff, 0xff, 0x00, 0xff, 0xff, 0xff, 0x00, 0xff, 0xff, 0xff,
0x00, 0xff, 0xff, 0xff, 0x00, 0xff, 0xff, 0xff, 0x00, 0xff, 0xff, 0xff, 0x00, 0xff, 0xff,
0xff, 0x00, 0xff, 0xff, 0xff, 0x00, 0xff, 0xff, 0xff, 0x00, 0xff, 0xff, 0xff, 0x00, 0xff,
0xff, 0xff, 0x00, 0xff, 0xff, 0xff, 0x00, 0xff, 0xff, 0xff, 0x00, 0xff, 0xff, 0xff, 0x00,
0xff, 0xff, 0xff, 0x00, 0xff, 0xff, 0xff, 0x00, 0xff, 0xff, 0xff, 0x00, 0xff, 0xff, 0xff,
0x00, 0xff, 0xff, 0xff, 0x00, 0xff, 0xff, 0xff, 0x00, 0xff, 0xff, 0xff, 0x00, 0xff, 0xff,
0xff, 0x00, 0xff, 0xff, 0xff, 0x00, 0xff, 0xff, 0xff, 0x00, 0xff, 0xff, 0xff, 0x00, 0xff,
0xff, 0xff, 0x00, 0xff, 0xff, 0xff, 0x00, 0xff, 0xff, 0xff, 0x00, 0xff, 0xff, 0xff, 0x00,
0xff, 0xff, 0xff, 0x00, 0xff, 0xff, 0xff, 0x00, 0xff, 0xff, 0xff, 0x00, 0xff, 0xff, 0xff,
0x00, 0xff, 0xff, 0xff, 0x00, 0xff, 0xff, 0xff, 0x00, 0xff, 0xff, 0xff, 0x00, 0xff, 0xff,
0xff, 0x00, 0xff, 0xff, 0xff, 0x00, 0xff, 0xff, 0xff, 0x00, 0xff, 0xff, 0xff, 0x00, 0xff,
0xff, 0xff, 0x00, 0xff, 0xff, 0xff, 0x00, 0xff, 0xff, 0xff, 0x00, 0xff, 0xff, 0xff, 0x00,
0xff, 0xff, 0xff, 0x00, 0xff, 0xff, 0xff, 0x00, 0xff, 0xff, 0xff, 0x00, 0xff, 0xff, 0xff,
0x00, 0xff, 0xff, 0xff, 0x00, 0xff, 0xff, 0xff, 0x00, 0xff, 0xff, 0xff, 0x00, 0xff, 0xff,
0xff, 0x00, 0xff, 0xff, 0xff, 0x00, 0xff, 0xff, 0xff, 0x00, 0xff, 0xff, 0xff, 0x00, 0xff,
0xff, 0xff, 0x00, 0xff, 0xff, 0xff, 0x00, 0xff, 0xff, 0xff, 0x00, 0xff, 0xff, 0xff, 0x00,
0xff, 0xff, 0xff, 0x00, 0xff, 0xff, 0xff, 0x00, 0xff, 0xff, 0xff, 0x00, 0xff, 0xff, 0xff,
0x00, 0xff, 0xff, 0xff, 0x00, 0xff, 0xff, 0xff, 0x00, 0xff, 0xff, 0xff, 0x00, 0xff, 0xff,
0xff, 0x00, 0xff, 0xff, 0xff, 0x00, 0xff, 0xff, 0xff, 0x00, 0xff, 0xff, 0xff, 0x00, 0xff,
0xff, 0xff, 0x00, 0xff, 0xff, 0xff, 0x00, 0xff, 0xff, 0xff, 0x00, 0xff, 0xff, 0xff, 0x00,
0xff, 0xff, 0xff, 0x00, 0xff, 0xff, 0xff, 0x00, 0xff, 0xff, 0xff, 0x00, 0xff, 0xff, 0xff,
0x00, 0xff, 0xff, 0xff, 0x00, 0xff, 0xff, 0xff, 0x00, 0xff, 0xff, 0xff, 0x00, 0xff, 0xff,
0xff, 0x00, 0xff, 0xff, 0xff, 0x00, 0xff, 0xff, 0xff, 0x00, 0xff, 0xff, 0xff, 0x00, 0xff,
0xff, 0xff, 0x00, 0xff, 0xff, 0xff, 0x00, 0xff, 0xff, 0xff, 0x00, 0xff, 0xff, 0xff, 0x00,
0xff, 0xff, 0xff, 0x00, 0xff, 0xff, 0xff, 0x00, 0xff, 0xff, 0xff, 0x00, 0xff, 0xff, 0xff,
0x00, 0xff, 0xff, 0xff, 0x00, 0xff, 0xff, 0xff, 0x00, 0xff, 0xff, 0xff, 0x00, 0xff, 0xff,
0xff, 0x00, 0xff, 0xff, 0xff, 0x00, 0xff, 0xff, 0xff, 0x00, 0xff, 0xff, 0xff, 0x00, 0xff,
0xff, 0xff, 0x00, 0xff, 0xff, 0xff, 0x00, 0xff, 0xff, 0xff, 0x00, 0xff, 0xff, 0xff, 0x00,
0xff, 0xff, 0xff, 0x00, 0xff, 0xff, 0xff, 0x00, 0xff, 0xff, 0xff, 0x00, 0xff, 0xff, 0xff,
0x00, 0xff, 0xff, 0xff, 0x00, 0xff, 0xff, 0xff, 0x00, 0xff, 0xff, 0xff, 0x00, 0xff, 0xff,
0xff, 0x00, 0xff, 0xff, 0xff, 0x00, 0xff, 0xff, 0xff, 0x00, 0xff, 0xff, 0xff, 0x00, 0xff,
0xff, 0xff, 0x00, 0xff, 0xff, 0xff, 0x00, 0xff, 0xff, 0xff, 0x00, 0xff, 0xff, 0xff, 0x00,
0xff, 0xff, 0xff, 0x00, 0xff, 0xff, 0xff, 0x00, 0xff, 0xff, 0xff, 0x00, 0xff, 0xff, 0xff,
0x00, 0xff, 0xff, 0xff, 0x00, 0xff, 0xff, 0xff, 0x00, 0xff, 0xff, 0xff, 0x00, 0xff, 0xff,
0xff, 0x00, 0xff, 0xff, 0xff, 0x00, 0xff, 0xff, 0xff, 0x00, 0xff, 0xff, 0xff, 0x00, 0xff,
0xff, 0xff, 0x00, 0xff, 0xff, 0xff, 0x00, 0xff, 0xff, 0xff, 0x00, 0xff, 0xff, 0xff, 0x00,
0xff, 0xff, 0xff, 0x00, 0xff, 0xff, 0xff, 0x00, 0xff, 0xff, 0xff, 0x00, 0xff, 0xff, 0xff,
0x00, 0xff, 0xff, 0xff, 0x00, 0xff, 0xff, 0xff, 0x00, 0xff, 0xff, 0xff, 0x00, 0xff, 0xff,
0xff, 0x00, 0xff, 0xff, 0xff, 0x00, 0xff, 0xff, 0xff, 0x00, 0xff, 0xff, 0xff, 0x00, 0xff,
0xff, 0xff, 0x00, 0xff, 0xff, 0xff, 0x00, 0xff, 0xff, 0xff, 0x00, 0xff, 0xff, 0xff, 0x00,
0xff, 0xff, 0xff, 0x00, 0xff, 0xff, 0xff, 0x00, 0xff, 0xff, 0xff, 0x00, 0xff, 0xff, 0xff,
0x00, 0xff, 0xff, 0xff, 0x00, 0xff, 0xff, 0xff, 0x00, 0xff, 0xff, 0xff, 0x00, 0xff, 0xff,
0xff, 0x00, 0xff, 0xff, 0xff, 0x00, 0xff, 0xff, 0xff, 0x00, 0xff, 0xff, 0xff, 0x00, 0xff,
0xff, 0xff, 0x00, 0xff, 0xff, 0xff, 0x00, 0xff, 0xff, 0xff, 0x00, 0xff, 0xff, 0xff, 0x00,
0xff, 0xff, 0xff, 0x00, 0xff, 0xff, 0xff, 0x00, 0xff, 0xff, 0xff, 0x00, 0xff, 0xff, 0xff,
0x00, 0xff, 0xff, 0xff, 0x00, 0xff, 0xff, 0xff, 0x00, 0xff, 0xff, 0xff, 0x00, 0xff, 0xff,
0xff, 0x00, 0xff, 0xff, 0xff, 0x00, 0xff, 0xff, 0xff, 0x00, 0xff, 0xff, 0xff, 0x00, 0xff,
0xff, 0xff, 0x00, 0xff, 0xff, 0xff, 0x00, 0xff, 0xff, 0xff, 0x00, 0xff, 0xff, 0xff, 0x00,
0xff, 0xff, 0xff, 0x00, 0xff, 0xff, 0xff, 0x00, 0xff, 0xff, 0xff, 0x00, 0xff, 0xff, 0xff,
0x00, 0xff, 0xff, 0xff, 0x00, 0xff, 0xff, 0xff, 0x00, 0xff, 0xff, 0xff, 0x00, 0xff, 0xff,
0xff, 0x00, 0xff, 0xff, 0xff, 0x00, 0xff, 0xff, 0xff, 0x00, 0xff, 0xff, 0xff, 0x00, 0xff,
0xff, 0xff, 0x00, 0xff, 0xff, 0xff, 0x00, 0xff, 0xff, 0xff, 0x00, 0xff, 0xff, 0xff, 0x00,
0xff, 0xff, 0xff, 0x00, 0xff, 0xff, 0xff, 0x00, 0xff, 0xff, 0xff, 0x00, 0xff, 0xff, 0xff,
0x00, 0xff, 0xff, 0xff, 0x00, 0xff, 0xff, 0xff, 0x00, 0xff, 0xff, 0xff, 0x00, 0xff, 0xff,
0xff, 0x00, 0xff, 0xff, 0xff, 0x00, 0xff, 0xff, 0xff, 0x00, 0xff, 0xff, 0xff, 0x00, 0xff,
0xff, 0xff, 0x00, 0xff, 0xff, 0xff, 0x00, 0xff, 0xff, 0xff, 0x00, 0xff, 0xff, 0xff, 0x00,
0xff, 0xff, 0xff, 0x00, 0xff, 0xff, 0xff, 0x00, 0xff, 0xff, 0xff, 0x00, 0xff, 0xff, 0xff,
0x00, 0xff, 0xff, 0xff, 0x00, 0xff, 0xff, 0xff, 0x00, 0xff, 0xff, 0xff, 0x00, 0xff, 0xff,
0xff, 0x00, 0xff, 0xff, 0xff, 0x00, 0xff, 0xff, 0xff, 0x00, 0xff, 0xff, 0xff, 0x00, 0xff,
0xff, 0xff, 0x00, 0xff, 0xff, 0xff, 0x00, 0xff, 0xff, 0xff, 0x00, 0xff, 0xff, 0xff, 0x00,
0xff, 0xff, 0xff, 0x00, 0xff, 0xff, 0xff, 0x00, 0xff, 0xff, 0xff, 0x00, 0xff, 0xff, 0xff,
0x00, 0xff, 0xff, 0xff, 0x00, 0xff, 0xff, 0xff, 0x00, 0xff, 0xff, 0xff, 0x00, 0xff, 0xff,
0xff, 0x00, 0xff, 0xff, 0xff, 0x00, 0xff, 0xff, 0xff, 0x00, 0xff, 0xff, 0xff, 0x00, 0xff,
0xff, 0xff, 0x00, 0xff, 0xff, 0xff, 0x00, 0xff, 0xff, 0xff, 0x00, 0xff, 0xff, 0xff, 0x00,
0xff, 0xff, 0xff, 0x00, 0xff, 0xff, 0xff, 0x00, 0xff, 0xff, 0xff, 0x00, 0xff, 0xff, 0xff,
0x00, 0xff, 0xff, 0xff, 0x00, 0xff, 0xff, 0xff, 0x00, 0xff, 0xff, 0xff, 0x00, 0xff, 0xff,
0xff, 0x00, 0xff, 0xff, 0xff, 0x00, 0xff, 0xff, 0xff, 0x00, 0xff, 0xff, 0xff, 0x00, 0xff,
0xff, 0xff, 0x00, 0xff, 0xff, 0xff, 0x00, 0xff, 0xff, 0xff, 0x00, 0xff, 0xff, 0xff, 0x00,
0xff, 0xff, 0xff, 0x00, 0xff, 0xff, 0xff, 0x00, 0xff, 0xff, 0xff, 0x00, 0xff, 0xff, 0xff,
0x00, 0xff, 0xff, 0xff, 0x00, 0xff, 0xff, 0xff, 0x00, 0xff, 0xff, 0xff, 0x00, 0xff, 0xff,
0xff, 0x00, 0xff, 0xff, 0xff, 0x00, 0xff, 0xff, 0xff, 0x00, 0xff, 0xff, 0xff, 0x00, 0xff,
0xff, 0xff, 0x00, 0xff, 0xff, 0xff, 0x00, 0xff, 0xff, 0xff, 0x00, 0xff, 0xff, 0xff, 0x00,
0xff, 0xff, 0xff, 0x00, 0xff, 0xff, 0xff, 0x00, 0xff, 0xff, 0xff, 0x00, 0xff, 0xff, 0xff,
0x00, 0xff, 0xff, 0xff, 0x00, 0xff, 0xff, 0xff, 0x00, 0xff, 0xff, 0xff, 0x00, 0xff, 0xff,
0xff, 0x00, 0xff, 0xff, 0xff, 0x00, 0xff, 0xff, 0xff, 0x00, 0xff, 0xff, 0xff, 0x00, 0xff,
0xff, 0xff, 0x00, 0xff, 0xff, 0xff, 0x00, 0xff, 0xff, 0xff, 0x00, 0xff, 0xff, 0xff, 0x00,
0xff, 0xff, 0xff, 0x00, 0xff, 0xff, 0xff, 0x00, 0xff, 0xff, 0xff, 0x00, 0xff, 0xff, 0xff,
0x00, 0xff, 0xff, 0xff, 0x00, 0xff, 0xff, 0xff, 0x00, 0xff, 0xff, 0xff, 0x00, 0xff, 0xff,
0xff, 0x00, 0xff, 0xff, 0xff, 0x00, 0xff, 0xff, 0xff, 0x00, 0xff, 0xff, 0xff, 0x00, 0xff,
0xff, 0xff, 0x00, 0xff, 0xff, 0xff, 0x00, 0xff, 0xff, 0xff, 0x00, 0xff, 0xff, 0xff, 0x00,
0xff, 0xff, 0xff, 0x00, 0xff, 0xff, 0xff, 0x00, 0xff, 0xff, 0xff, 0x00, 0xff, 0xff, 0xff,
0x00, 0xff, 0xff, 0xff, 0x00, 0xff, 0xff, 0xff, 0x00, 0xff, 0xff, 0xff, 0x00, 0xff, 0xff,
0xff, 0x00, 0xff, 0xff, 0xff, 0x00, 0xff, 0xff, 0xff, 0x00, 0xff, 0xff, 0xff, 0x00, 0xff,
0xff, 0xff, 0x00, 0xff, 0xff, 0xff, 0x00, 0xff, 0xff, 0xff, 0x00, 0xff, 0xff, 0xff, 0x00,
0xff, 0xff, 0xff, 0x00, 0xff, 0xff, 0xff, 0x00, 0xff, 0xff, 0xff, 0x00, 0xff, 0xff, 0xff,
0x00, 0xff, 0xff, 0xff, 0x00, 0xff, 0xff, 0xff, 0x00, 0xff, 0xff, 0xff, 0x00, 0xff, 0xff,
0xff, 0x00, 0xff, 0xff, 0xff, 0x00, 0xff, 0xff, 0xff, 0x00, 0xff, 0xff, 0xff, 0x00, 0xff,
0xff, 0xff, 0x00, 0xff, 0xff, 0xff, 0x00, 0xff, 0xff, 0xff, 0x00, 0xff, 0xff, 0xff, 0x00,
0xff, 0xff, 0xff, 0x00, 0xff, 0xff, 0xff, 0x00, 0xff, 0xff, 0xff, 0x00, 0xff, 0xff, 0xff,
0x00, 0xff, 0xff, 0xff, 0x00, 0xff, 0xff, 0xff, 0x00, 0xff, 0xff, 0xff, 0x00, 0xff, 0xff,
0xff, 0x00, 0xff, 0xff, 0xff, 0x00, 0xff, 0xff, 0xff, 0x00, 0xff, 0xff, 0xff, 0x00, 0xff,
0xff, 0xff, 0x00, 0xff, 0xff, 0xff, 0x00, 0xff, 0xff, 0xff, 0x00, 0xff, 0xff, 0xff, 0x00,
0xff, 0xff, 0xff, 0x00, 0xff, 0xff, 0xff, 0x00, 0xff, 0xff, 0xff, 0x00, 0xff, 0xff, 0xff,
0x00, 0xff, 0xff, 0xff, 0x00, 0xff, 0xff, 0xff, 0x00, 0xff, 0xff, 0xff, 0x00, 0xff, 0xff,
0xff, 0x00, 0xff, 0xff, 0xff, 0x00, 0xff, 0xff, 0xff, 0x00, 0xff, 0xff, 0xff, 0x00, 0xff,
0xff, 0xff, 0x00, 0xff, 0xff, 0xff, 0x00, 0xff, 0xff, 0xff, 0x00, 0xff, 0xff, 0xff, 0x00,
0xff, 0xff, 0xff, 0x00, 0xff, 0xff, 0xff, 0x00, 0xff, 0xff, 0xff, 0x00, 0xff, 0xff, 0xff,
0x00, 0xff, 0xff, 0xff, 0x00, 0xff, 0xff, 0xff, 0x00, 0xff, 0xff, 0xff, 0x00, 0xff, 0xff,
0xff, 0x00, 0xff, 0xff, 0xff, 0x00, 0xff, 0xff, 0xff, 0x00, 0xff, 0xff, 0xff, 0x00, 0xff,
0xff, 0xff, 0x00, 0xff, 0xff, 0xff, 0x00, 0xff, 0xff, 0xff, 0x00, 0xff, 0xff, 0xff, 0x00,
0xff, 0xff, 0xff, 0x00, 0xff, 0xff, 0xff, 0x00, 0xff, 0xff, 0xff, 0x00, 0xff, 0xff, 0xff,
0x00, 0xff, 0xff, 0xff, 0x00, 0xff, 0xff, 0xff, 0x00, 0xff, 0xff, 0xff, 0x00, 0xff, 0xff,
0xff, 0x00, 0xff, 0xff, 0xff, 0x00, 0xff, 0xff, 0xff, 0x00, 0xff, 0xff, 0xff, 0x00, 0xff,
0xff, 0xff, 0x00, 0xff, 0xff, 0xff, 0x00, 0xff, 0xff, 0xff, 0x00, 0xff, 0xff, 0xff, 0x00,
0xff, 0xff, 0xff, 0x00, 0xff, 0xff, 0xff, 0x00, 0xff, 0xff, 0xff, 0x00, 0xff, 0xff, 0xff,
0x00, 0xff, 0xff, 0xff, 0x00, 0xff, 0xff, 0xff, 0x00, 0xff, 0xff, 0xff, 0x00, 0xff, 0xff,
0xff, 0x00, 0xff, 0xff, 0xff, 0x00, 0xff, 0xff, 0xff, 0x00, 0xff, 0xff, 0xff, 0x00, 0xff,
0xff, 0xff, 0x00, 0xff, 0xff, 0xff, 0x00, 0xff, 0xff, 0xff, 0x00, 0xff, 0xff, 0xff, 0x00,
0xff, 0xff, 0xff, 0x00, 0xff, 0xff, 0xff, 0x00, 0xff, 0xff, 0xff, 0x00, 0xff, 0xff, 0xff,
0x00, 0xff, 0xff, 0xff, 0x00, 0xff, 0xff, 0xff, 0x00, 0xff, 0xff, 0xff, 0x00, 0xff, 0xff,
0xff, 0x00, 0xff, 0xff, 0xff, 0x00, 0xff, 0xff, 0xff, 0x00, 0xff, 0xff, 0xff, 0x00, 0xff,
0xff, 0xff, 0x00, 0xff, 0xff, 0xff, 0x00, 0xff, 0xff, 0xff, 0x00, 0xff, 0xff, 0xff, 0x00,
0xff, 0xff, 0xff, 0x00, 0xff, 0xff, 0xff, 0x00, 0xff, 0xff, 0xff, 0x00, 0xff, 0xff, 0xff,
0x00, 0xff, 0xff, 0xff, 0x00, 0xff, 0xff, 0xff, 0x00, 0xff, 0xff, 0xff, 0x00, 0xff, 0xff,
0xff, 0x00, 0xff, 0xff, 0xff, 0x00, 0xff, 0xff, 0xff, 0x00, 0xff, 0xff, 0xff, 0x00, 0xff,
0xff, 0xff, 0x00, 0xff, 0xff, 0xff, 0x00, 0xff, 0xff, 0xff, 0x00, 0xff, 0xff, 0xff, 0x00,
0xff, 0xff, 0xff, 0x00, 0xff, 0xff, 0xff, 0x00, 0xff, 0xff, 0xff, 0x00, 0xff, 0xff, 0xff,
0x00, 0xff, 0xff, 0xff, 0x00, 0xff, 0xff, 0xff, 0x00, 0xff, 0xff, 0xff, 0x00, 0xff, 0xff,
0xff, 0x00, 0xff, 0xff, 0xff, 0x00, 0xff, 0xff, 0xff, 0x00, 0xff, 0xff, 0xff, 0x00, 0xff,
0xff, 0xff, 0x00, 0xff, 0xff, 0xff, 0x00, 0xff, 0xff, 0xff, 0x00, 0xff, 0xff, 0xff, 0x00,
0xff, 0xff, 0xff, 0x00, 0xff, 0xff, 0xff, 0x00, 0xff, 0xff, 0xff, 0x00, 0xff, 0xff, 0xff,
0x00, 0xff, 0xff, 0xff, 0x00, 0xff, 0xff, 0xff, 0x00, 0xff, 0xff, 0xff, 0x00, 0xff, 0xff,
0xff, 0x00, 0xff, 0xff, 0xff, 0x00, 0xff, 0xff, 0xff, 0x00, 0xff, 0xff, 0xff, 0x00, 0xff,
0xff, 0xff, 0x00, 0xff, 0xff, 0xff, 0x00, 0xff, 0xff, 0xff, 0x00, 0xff, 0xff, 0xff, 0x00,
0xff, 0xff, 0xff, 0x00, 0xff, 0xff, 0xff, 0x00, 0xff, 0xff, 0xff, 0x00, 0xff, 0xff, 0xff,
0x00, 0xff, 0xff, 0xff, 0x00, 0xff, 0xff, 0xff, 0x00, 0xff, 0xff, 0xff, 0x00, 0xff, 0xff,
0xff, 0x00, 0xff, 0xff, 0xff, 0x00, 0xff, 0xff, 0xff, 0x00, 0xff, 0xff, 0xff, 0x00, 0xff,
0xff, 0xff, 0x00, 0xff, 0xff, 0xff, 0x00, 0xff, 0xff, 0xff, 0x00, 0xff, 0xff, 0xff, 0x00,
0xff, 0xff, 0xff, 0x00, 0xff, 0xff, 0xff, 0x00, 0xff, 0xff, 0xff, 0x00, 0xff, 0xff, 0xff,
0x00, 0xff, 0xff, 0xff, 0x00, 0xff, 0xff, 0xff, 0x00, 0xff, 0xff, 0xff, 0x00, 0xff, 0xff,
0xff, 0x00, 0xff, 0xff, 0xff, 0x00, 0xff, 0xff, 0xff, 0x00, 0xff, 0xff, 0xff, 0x00, 0xff,
0xff, 0xff, 0x00, 0xff, 0xff, 0xff, 0x00, 0xff, 0xff, 0xff, 0x00, 0xff, 0xff, 0xff, 0x00,
0xff, 0xff, 0xff, 0x00, 0xff, 0xff, 0xff, 0x00, 0xff, 0xff, 0xff, 0x00, 0xff, 0xff, 0xff,
0x00, 0xff, 0xff, 0xff, 0x00, 0xff, 0xff, 0xff, 0x00, 0xff, 0xff, 0xff, 0x00, 0xff, 0xff,
0xff, 0x00, 0xff, 0xff, 0xff, 0x00, 0xff, 0xff, 0xff, 0x00, 0xff, 0xff, 0xff, 0x00, 0xff,
0xff, 0xff, 0x00, 0xff, 0xff, 0xff, 0x00, 0xff, 0xff, 0xff, 0x00, 0xff, 0xff, 0xff, 0x00,
0xff, 0xff, 0xff, 0x00, 0xff, 0xff, 0xff, 0x00, 0xff, 0xff, 0xff, 0x00, 0xff, 0xff, 0xff,
0x00, 0xff, 0xff, 0xff, 0x00, 0xff, 0xff, 0xff, 0x00, 0xff, 0xff, 0xff, 0x00, 0xff, 0xff,
0xff, 0x00, 0xff, 0xff, 0xff, 0x00, 0xff, 0xff, 0xff, 0x00, 0xff, 0xff, 0xff, 0x00, 0xff,
0xff, 0xff, 0x00, 0xff, 0xff, 0xff, 0x00, 0xff, 0xff, 0xff, 0x00, 0xff, 0xff, 0xff, 0x00,
0xff, 0xff, 0xff, 0x00, 0xff, 0xff, 0xff, 0x00, 0xff, 0xff, 0xff, 0x00, 0xff, 0xff, 0xff,
0x00, 0xff, 0xff, 0xff, 0x00, 0xff, 0xff, 0xff, 0x00, 0xff, 0xff, 0xff, 0x00, 0xff, 0xff,
0xff, 0x00, 0xff, 0xff, 0xff, 0x00, 0xff, 0xff, 0xff, 0x00, 0xff, 0xff, 0xff, 0x00, 0xff,
0xff, 0xff, 0x00, 0xff, 0xff, 0xff, 0x00, 0xff, 0xff, 0xff, 0x00, 0xff, 0xff, 0xff, 0x00,
0xff, 0xff, 0xff, 0x00, 0xff, 0xff, 0xff, 0x00, 0xff, 0xff, 0xff, 0x00, 0xff, 0xff, 0xff,
0x00, 0xff, 0xff, 0xff, 0x00, 0xff, 0xff, 0xff, 0x00, 0xff, 0xff, 0xff, 0x00, 0xff, 0xff,
0xff, 0x00, 0xff, 0xff, 0xff, 0x00, 0xff, 0xff, 0xff, 0x00, 0xff, 0xff, 0xff, 0x00, 0xff,
0xff, 0xff, 0x00, 0xff, 0xff, 0xff, 0x00, 0xff, 0xff, 0xff, 0x00, 0xff, 0xff, 0xff, 0x00,
0xff, 0xff, 0xff, 0x00, 0xff, 0xff, 0xff, 0x00, 0xff, 0xff, 0xff, 0x00, 0xff, 0xff, 0xff,
0x00, 0xff, 0xff, 0xff, 0x00, 0xff, 0xff, 0xff, 0x00, 0xff, 0xff, 0xff, 0x00, 0xff, 0xff,
0xff, 0x00, 0xff, 0xff, 0xff, 0x00, 0xff, 0xff, 0xff, 0x00, 0xff, 0xff, 0xff, 0x00, 0xff,
0xff, 0xff, 0x00, 0xff, 0xff, 0xff, 0x00, 0xff, 0xff, 0xff, 0x00, 0xff, 0xff, 0xff, 0x00,
0xff, 0xff, 0xff, 0x00, 0xff, 0xff, 0xff, 0x00, 0xff, 0xff, 0xff, 0x00, 0xff, 0xff, 0xff,
0x00, 0xff, 0xff, 0xff, 0x00, 0xff, 0xff, 0xff, 0x00, 0xff, 0xff, 0xff, 0x00, 0xff, 0xff,
0xff, 0x00, 0xff, 0xff, 0xff, 0x00, 0xff, 0xff, 0xff, 0x00, 0xff, 0xff, 0xff, 0x00, 0xff,
0xff, 0xff, 0x00, 0xff, 0xff, 0xff, 0x00, 0xff, 0xff, 0xff, 0x00, 0xff, 0xff, 0xff, 0x00,
0xff, 0xff, 0xff, 0x00, 0xff, 0xff, 0xff, 0x00, 0xff, 0xff, 0xff, 0x00, 0xff, 0xff, 0xff,
0x00, 0xff, 0xff, 0xff, 0x00, 0xff, 0xff, 0xff, 0x00, 0xff, 0xff, 0xff, 0x00, 0xff, 0xff,
0xff, 0x00, 0xff, 0xff, 0xff, 0x00, 0xff, 0xff, 0xff, 0x00, 0xff, 0xff, 0xff, 0x00, 0xff,
0xff, 0xff, 0x00, 0xff, 0xff, 0xff, 0x00, 0xff, 0xff, 0xff, 0x00, 0xff, 0xff, 0xff, 0x00,
0xff, 0xff, 0xff, 0x00, 0xff, 0xff, 0xff, 0x00, 0xff, 0xff, 0xff, 0x00, 0xff, 0xff, 0xff,
0x00, 0xff, 0xff, 0xff, 0x00, 0xff, 0xff, 0xff, 0x00, 0xff, 0xff, 0xff, 0x00, 0xff, 0xff,
0xff, 0x00, 0xff, 0xff, 0xff, 0x00, 0xff, 0xff, 0xff, 0x00, 0xff, 0xff, 0xff, 0x00, 0xff,
0xff, 0xff, 0x00, 0xff, 0xff, 0xff, 0x00, 0xff, 0xff, 0xff, 0x00, 0xff, 0xff, 0xff, 0x00,
0xff, 0xff, 0xff, 0x00, 0xff, 0xff, 0xff, 0x00, 0xff, 0xff, 0xff, 0x00, 0xff, 0xff, 0xff,
0x00, 0xff, 0xff, 0xff, 0x00, 0xff, 0xff, 0xff, 0x00, 0xff, 0xff, 0xff, 0x00, 0xff, 0xff,
0xff, 0x00, 0xff, 0xff, 0xff, 0x00, 0xff, 0xff, 0xff, 0x00, 0xff, 0xff, 0xff, 0x00, 0xff,
0xff, 0xff, 0x00, 0xff, 0xff, 0xff, 0x00, 0xff, 0xff, 0xff, 0x00, 0xff, 0xff, 0xff, 0x00,
0xff, 0xff, 0xff, 0x00, 0xff, 0xff, 0xff, 0x00, 0xff, 0xff, 0xff, 0x00, 0xff, 0xff, 0xff,
0x00, 0xff, 0xff, 0xff, 0x00, 0xff, 0xff, 0xff, 0x00, 0xff, 0xff, 0xff, 0x00, 0xff, 0xff,
0xff, 0x00, 0xff, 0xff, 0xff, 0x00, 0xff, 0xff, 0xff, 0x00, 0xff, 0xff, 0xff, 0x00, 0xff,
0xff, 0xff, 0x00, 0xff, 0xff, 0xff, 0x00, 0xff, 0xff, 0xff, 0x00, 0xff, 0xff, 0xff, 0x00,
0xff, 0xff, 0xff, 0x00, 0xff, 0xff, 0xff, 0x00, 0xff, 0xff, 0xff, 0x00, 0xff, 0xff, 0xff,
0x00, 0xff, 0xff, 0xff, 0x00, 0xff, 0xff, 0xff, 0x00, 0xff, 0xff, 0xff, 0x00, 0xff, 0xff,
0xff, 0x00, 0xff, 0xff, 0xff, 0x00, 0xff, 0xff, 0xff, 0x00, 0xff, 0xff, 0xff, 0x00, 0xff,
0xff, 0xff, 0x00, 0xff, 0xff, 0xff, 0x00, 0xff, 0xff, 0xff, 0x00, 0xff, 0xff, 0xff, 0x00,
0xff, 0xff, 0xff, 0x00, 0xff, 0xff, 0xff, 0x00, 0xff, 0xff, 0xff, 0x00, 0xff, 0xff, 0xff,
0x00, 0xff, 0xff, 0xff, 0x00, 0xff, 0xff, 0xff, 0x00, 0xff, 0xff, 0xff, 0x00, 0xff, 0xff,
0xff, 0x00, 0xff, 0xff, 0xff, 0x00, 0xff, 0xff, 0xff, 0x00, 0xff, 0xff, 0xff, 0x00, 0xff,
0xff, 0xff, 0x00, 0xff, 0xff, 0xff, 0x00, 0xff, 0xff, 0xff, 0x00, 0xff, 0xff, 0xff, 0x00,
0xff, 0xff, 0xff, 0x00, 0xff, 0xff, 0xff, 0x00, 0xff, 0xff, 0xff, 0x00, 0xff, 0xff, 0xff,
0x00
};

const int b_06_argb8888_length = 65536;

#endif    // B_06_ARGB8888__
