//*****************************************************************************
//
//! @file b_07_argb8888.h
//
//*****************************************************************************

//*****************************************************************************
//
// ${copyright}
//
// This is part of revision ${version} of the AmbiqSuite Development Package.
//
//*****************************************************************************

#ifndef B_07_ARGB8888__
#define B_07_ARGB8888__


const unsigned char b_07_argb8888[] = {
0xff, 0xff, 0xff, 0x00, 0xff, 0xff, 0xff, 0x00, 0xff, 0xff, 0xff, 0x00, 0xff, 0xff, 0xff,
0x00, 0xff, 0xff, 0xff, 0x00, 0xff, 0xff, 0xff, 0x00, 0xff, 0xff, 0xff, 0x00, 0xff, 0xff,
0xff, 0x00, 0xff, 0xff, 0xff, 0x00, 0xff, 0xff, 0xff, 0x00, 0xff, 0xff, 0xff, 0x00, 0xff,
0xff, 0xff, 0x00, 0xff, 0xff, 0xff, 0x00, 0xff, 0xff, 0xff, 0x00, 0xff, 0xff, 0xff, 0x00,
0xff, 0xff, 0xff, 0x00, 0xff, 0xff, 0xff, 0x00, 0xff, 0xff, 0xff, 0x00, 0xff, 0xff, 0xff,
0x00, 0xff, 0xff, 0xff, 0x00, 0xff, 0xff, 0xff, 0x00, 0xff, 0xff, 0xff, 0x00, 0xff, 0xff,
0xff, 0x00, 0xff, 0xff, 0xff, 0x00, 0xff, 0xff, 0xff, 0x00, 0xff, 0xff, 0xff, 0x00, 0xff,
0xff, 0xff, 0x00, 0xff, 0xff, 0xff, 0x00, 0xff, 0xff, 0xff, 0x00, 0xff, 0xff, 0xff, 0x00,
0xff, 0xff, 0xff, 0x00, 0xff, 0xff, 0xff, 0x00, 0xff, 0xff, 0xff, 0x00, 0xff, 0xff, 0xff,
0x00, 0xff, 0xff, 0xff, 0x00, 0xff, 0xff, 0xff, 0x00, 0xff, 0xff, 0xff, 0x00, 0xff, 0xff,
0xff, 0x00, 0xff, 0xff, 0xff, 0x00, 0xff, 0xff, 0xff, 0x00, 0xff, 0xff, 0xff, 0x00, 0xff,
0xff, 0xff, 0x00, 0xff, 0xff, 0xff, 0x00, 0xff, 0xff, 0xff, 0x00, 0xff, 0xff, 0xff, 0x00,
0xff, 0xff, 0xff, 0x00, 0xff, 0xff, 0xff, 0x00, 0xff, 0xff, 0xff, 0x00, 0xff, 0xff, 0xff,
0x00, 0xff, 0xff, 0xff, 0x00, 0xff, 0xff, 0xff, 0x00, 0xff, 0xff, 0xff, 0x00, 0xff, 0xff,
0xff, 0x00, 0xff, 0xff, 0xff, 0x00, 0xff, 0xff, 0xff, 0x00, 0xff, 0xff, 0xff, 0x00, 0xff,
0xff, 0xff, 0x00, 0xff, 0xff, 0xff, 0x00, 0xff, 0xff, 0xff, 0x00, 0xff, 0xff, 0xff, 0x00,
0xff, 0xff, 0xff, 0x00, 0xff, 0xff, 0xff, 0x00, 0xff, 0xff, 0xff, 0x00, 0xff, 0xff, 0xff,
0x00, 0xff, 0xff, 0xff, 0x00, 0xff, 0xff, 0xff, 0x00, 0xff, 0xff, 0xff, 0x00, 0xff, 0xff,
0xff, 0x00, 0xff, 0xff, 0xff, 0x00, 0xff, 0xff, 0xff, 0x00, 0xff, 0xff, 0xff, 0x00, 0xff,
0xff, 0xff, 0x00, 0xff, 0xff, 0xff, 0x00, 0xff, 0xff, 0xff, 0x00, 0xff, 0xff, 0xff, 0x00,
0xff, 0xff, 0xff, 0x00, 0xff, 0xff, 0xff, 0x00, 0xff, 0xff, 0xff, 0x00, 0xff, 0xff, 0xff,
0x00, 0xff, 0xff, 0xff, 0x00, 0xff, 0xff, 0xff, 0x00, 0xff, 0xff, 0xff, 0x00, 0xff, 0xff,
0xff, 0x00, 0xff, 0xff, 0xff, 0x00, 0xff, 0xff, 0xff, 0x00, 0xff, 0xff, 0xff, 0x00, 0xff,
0xff, 0xff, 0x00, 0xff, 0xff, 0xff, 0x00, 0xff, 0xff, 0xff, 0x00, 0xff, 0xff, 0xff, 0x00,
0xff, 0xff, 0xff, 0x00, 0xff, 0xff, 0xff, 0x00, 0xff, 0xff, 0xff, 0x00, 0xff, 0xff, 0xff,
0x00, 0xff, 0xff, 0xff, 0x00, 0xff, 0xff, 0xff, 0x00, 0xff, 0xff, 0xff, 0x00, 0xff, 0xff,
0xff, 0x00, 0xff, 0xff, 0xff, 0x00, 0xff, 0xff, 0xff, 0x00, 0xff, 0xff, 0xff, 0x00, 0xff,
0xff, 0xff, 0x00, 0xff, 0xff, 0xff, 0x00, 0xff, 0xff, 0xff, 0x00, 0xff, 0xff, 0xff, 0x00,
0xff, 0xff, 0xff, 0x00, 0xff, 0xff, 0xff, 0x00, 0xff, 0xff, 0xff, 0x00, 0xff, 0xff, 0xff,
0x00, 0xff, 0xff, 0xff, 0x00, 0xff, 0xff, 0xff, 0x00, 0xff, 0xff, 0xff, 0x00, 0xff, 0xff,
0xff, 0x00, 0xff, 0xff, 0xff, 0x00, 0xff, 0xff, 0xff, 0x00, 0xff, 0xff, 0xff, 0x00, 0xff,
0xff, 0xff, 0x00, 0xff, 0xff, 0xff, 0x00, 0xff, 0xff, 0xff, 0x00, 0xff, 0xff, 0xff, 0x00,
0xff, 0xff, 0xff, 0x00, 0xff, 0xff, 0xff, 0x00, 0xff, 0xff, 0xff, 0x00, 0xff, 0xff, 0xff,
0x00, 0xff, 0xff, 0xff, 0x00, 0xff, 0xff, 0xff, 0x00, 0xff, 0xff, 0xff, 0x00, 0xff, 0xff,
0xff, 0x00, 0xff, 0xff, 0xff, 0x00, 0xff, 0xff, 0xff, 0x00, 0xff, 0xff, 0xff, 0x00, 0xff,
0xff, 0xff, 0x00, 0xff, 0xff, 0xff, 0x00, 0xff, 0xff, 0xff, 0x00, 0xff, 0xff, 0xff, 0x00,
0xff, 0xff, 0xff, 0x00, 0xff, 0xff, 0xff, 0x00, 0xff, 0xff, 0xff, 0x00, 0xff, 0xff, 0xff,
0x00, 0xff, 0xff, 0xff, 0x00, 0xff, 0xff, 0xff, 0x00, 0xff, 0xff, 0xff, 0x00, 0xff, 0xff,
0xff, 0x00, 0xff, 0xff, 0xff, 0x00, 0xff, 0xff, 0xff, 0x00, 0xff, 0xff, 0xff, 0x00, 0xff,
0xff, 0xff, 0x00, 0xff, 0xff, 0xff, 0x00, 0xff, 0xff, 0xff, 0x00, 0xff, 0xff, 0xff, 0x00,
0xff, 0xff, 0xff, 0x00, 0xff, 0xff, 0xff, 0x00, 0xff, 0xff, 0xff, 0x00, 0xff, 0xff, 0xff,
0x00, 0xff, 0xff, 0xff, 0x00, 0xff, 0xff, 0xff, 0x00, 0xff, 0xff, 0xff, 0x00, 0xff, 0xff,
0xff, 0x00, 0xff, 0xff, 0xff, 0x00, 0xff, 0xff, 0xff, 0x00, 0xff, 0xff, 0xff, 0x00, 0xff,
0xff, 0xff, 0x00, 0xff, 0xff, 0xff, 0x00, 0xff, 0xff, 0xff, 0x00, 0xff, 0xff, 0xff, 0x00,
0xff, 0xff, 0xff, 0x00, 0xff, 0xff, 0xff, 0x00, 0xff, 0xff, 0xff, 0x00, 0xff, 0xff, 0xff,
0x00, 0xff, 0xff, 0xff, 0x00, 0xff, 0xff, 0xff, 0x00, 0xff, 0xff, 0xff, 0x00, 0xff, 0xff,
0xff, 0x00, 0xff, 0xff, 0xff, 0x00, 0xff, 0xff, 0xff, 0x00, 0xff, 0xff, 0xff, 0x00, 0xff,
0xff, 0xff, 0x00, 0xff, 0xff, 0xff, 0x00, 0xff, 0xff, 0xff, 0x00, 0xff, 0xff, 0xff, 0x00,
0xff, 0xff, 0xff, 0x00, 0xff, 0xff, 0xff, 0x00, 0xff, 0xff, 0xff, 0x00, 0xff, 0xff, 0xff,
0x00, 0xff, 0xff, 0xff, 0x00, 0xff, 0xff, 0xff, 0x00, 0xff, 0xff, 0xff, 0x00, 0xff, 0xff,
0xff, 0x00, 0xff, 0xff, 0xff, 0x00, 0xff, 0xff, 0xff, 0x00, 0xff, 0xff, 0xff, 0x00, 0xff,
0xff, 0xff, 0x00, 0xff, 0xff, 0xff, 0x00, 0xff, 0xff, 0xff, 0x00, 0xff, 0xff, 0xff, 0x00,
0xff, 0xff, 0xff, 0x00, 0xff, 0xff, 0xff, 0x00, 0xff, 0xff, 0xff, 0x00, 0xff, 0xff, 0xff,
0x00, 0xff, 0xff, 0xff, 0x00, 0xff, 0xff, 0xff, 0x00, 0xff, 0xff, 0xff, 0x00, 0xff, 0xff,
0xff, 0x00, 0xff, 0xff, 0xff, 0x00, 0xff, 0xff, 0xff, 0x00, 0xff, 0xff, 0xff, 0x00, 0xff,
0xff, 0xff, 0x00, 0xff, 0xff, 0xff, 0x00, 0xff, 0xff, 0xff, 0x00, 0xff, 0xff, 0xff, 0x00,
0xff, 0xff, 0xff, 0x00, 0xff, 0xff, 0xff, 0x00, 0xff, 0xff, 0xff, 0x00, 0xff, 0xff, 0xff,
0x00, 0xff, 0xff, 0xff, 0x00, 0xff, 0xff, 0xff, 0x00, 0xff, 0xff, 0xff, 0x00, 0xff, 0xff,
0xff, 0x00, 0xff, 0xff, 0xff, 0x00, 0xff, 0xff, 0xff, 0x00, 0xff, 0xff, 0xff, 0x00, 0xff,
0xff, 0xff, 0x00, 0xff, 0xff, 0xff, 0x00, 0xff, 0xff, 0xff, 0x00, 0xff, 0xff, 0xff, 0x00,
0xff, 0xff, 0xff, 0x00, 0xff, 0xff, 0xff, 0x00, 0xff, 0xff, 0xff, 0x00, 0xff, 0xff, 0xff,
0x00, 0xff, 0xff, 0xff, 0x00, 0xff, 0xff, 0xff, 0x00, 0xff, 0xff, 0xff, 0x00, 0xff, 0xff,
0xff, 0x00, 0xff, 0xff, 0xff, 0x00, 0xff, 0xff, 0xff, 0x00, 0xff, 0xff, 0xff, 0x00, 0xff,
0xff, 0xff, 0x00, 0xff, 0xff, 0xff, 0x00, 0xff, 0xff, 0xff, 0x00, 0xff, 0xff, 0xff, 0x00,
0xff, 0xff, 0xff, 0x00, 0xff, 0xff, 0xff, 0x00, 0xff, 0xff, 0xff, 0x00, 0xff, 0xff, 0xff,
0x00, 0xff, 0xff, 0xff, 0x00, 0xff, 0xff, 0xff, 0x00, 0xff, 0xff, 0xff, 0x00, 0xff, 0xff,
0xff, 0x00, 0xff, 0xff, 0xff, 0x00, 0xff, 0xff, 0xff, 0x00, 0xff, 0xff, 0xff, 0x00, 0xff,
0xff, 0xff, 0x00, 0xff, 0xff, 0xff, 0x00, 0xff, 0xff, 0xff, 0x00, 0xff, 0xff, 0xff, 0x00,
0xff, 0xff, 0xff, 0x00, 0xff, 0xff, 0xff, 0x00, 0xff, 0xff, 0xff, 0x00, 0xff, 0xff, 0xff,
0x00, 0xff, 0xff, 0xff, 0x00, 0xff, 0xff, 0xff, 0x00, 0xff, 0xff, 0xff, 0x00, 0xff, 0xff,
0xff, 0x00, 0xff, 0xff, 0xff, 0x00, 0xff, 0xff, 0xff, 0x00, 0xff, 0xff, 0xff, 0x00, 0xff,
0xff, 0xff, 0x00, 0xff, 0xff, 0xff, 0x00, 0xff, 0xff, 0xff, 0x00, 0xff, 0xff, 0xff, 0x00,
0xff, 0xff, 0xff, 0x00, 0xff, 0xff, 0xff, 0x00, 0xff, 0xff, 0xff, 0x00, 0xff, 0xff, 0xff,
0x00, 0xff, 0xff, 0xff, 0x00, 0xff, 0xff, 0xff, 0x00, 0xff, 0xff, 0xff, 0x00, 0xff, 0xff,
0xff, 0x00, 0xff, 0xff, 0xff, 0x00, 0xff, 0xff, 0xff, 0x00, 0xff, 0xff, 0xff, 0x00, 0xff,
0xff, 0xff, 0x00, 0xff, 0xff, 0xff, 0x00, 0xff, 0xff, 0xff, 0x00, 0xff, 0xff, 0xff, 0x00,
0xff, 0xff, 0xff, 0x00, 0xff, 0xff, 0xff, 0x00, 0xff, 0xff, 0xff, 0x00, 0xff, 0xff, 0xff,
0x00, 0xff, 0xff, 0xff, 0x00, 0xff, 0xff, 0xff, 0x00, 0xff, 0xff, 0xff, 0x00, 0xff, 0xff,
0xff, 0x00, 0xff, 0xff, 0xff, 0x00, 0xff, 0xff, 0xff, 0x00, 0xff, 0xff, 0xff, 0x00, 0xff,
0xff, 0xff, 0x00, 0xff, 0xff, 0xff, 0x00, 0xff, 0xff, 0xff, 0x00, 0xff, 0xff, 0xff, 0x00,
0xff, 0xff, 0xff, 0x00, 0xff, 0xff, 0xff, 0x00, 0xff, 0xff, 0xff, 0x00, 0xff, 0xff, 0xff,
0x00, 0xff, 0xff, 0xff, 0x00, 0xff, 0xff, 0xff, 0x00, 0xff, 0xff, 0xff, 0x00, 0xff, 0xff,
0xff, 0x00, 0xff, 0xff, 0xff, 0x00, 0xff, 0xff, 0xff, 0x00, 0xff, 0xff, 0xff, 0x00, 0xff,
0xff, 0xff, 0x00, 0xff, 0xff, 0xff, 0x00, 0xff, 0xff, 0xff, 0x00, 0xff, 0xff, 0xff, 0x00,
0xff, 0xff, 0xff, 0x00, 0xff, 0xff, 0xff, 0x00, 0xff, 0xff, 0xff, 0x00, 0xff, 0xff, 0xff,
0x00, 0xff, 0xff, 0xff, 0x00, 0xff, 0xff, 0xff, 0x00, 0xff, 0xff, 0xff, 0x00, 0xff, 0xff,
0xff, 0x00, 0xff, 0xff, 0xff, 0x00, 0xff, 0xff, 0xff, 0x00, 0xff, 0xff, 0xff, 0x00, 0xff,
0xff, 0xff, 0x00, 0xff, 0xff, 0xff, 0x00, 0xff, 0xff, 0xff, 0x00, 0xff, 0xff, 0xff, 0x00,
0xff, 0xff, 0xff, 0x00, 0xff, 0xff, 0xff, 0x00, 0xff, 0xff, 0xff, 0x00, 0xff, 0xff, 0xff,
0x00, 0xff, 0xff, 0xff, 0x00, 0xff, 0xff, 0xff, 0x00, 0xff, 0xff, 0xff, 0x00, 0xff, 0xff,
0xff, 0x00, 0xff, 0xff, 0xff, 0x00, 0xff, 0xff, 0xff, 0x00, 0xff, 0xff, 0xff, 0x00, 0xff,
0xff, 0xff, 0x00, 0xff, 0xff, 0xff, 0x00, 0xff, 0xff, 0xff, 0x00, 0xff, 0xff, 0xff, 0x00,
0xff, 0xff, 0xff, 0x00, 0xff, 0xff, 0xff, 0x00, 0xff, 0xff, 0xff, 0x00, 0xff, 0xff, 0xff,
0x00, 0xff, 0xff, 0xff, 0x00, 0xff, 0xff, 0xff, 0x00, 0xff, 0xff, 0xff, 0x00, 0xff, 0xff,
0xff, 0x00, 0xff, 0xff, 0xff, 0x00, 0xff, 0xff, 0xff, 0x00, 0xff, 0xff, 0xff, 0x00, 0xff,
0xff, 0xff, 0x00, 0xff, 0xff, 0xff, 0x00, 0xff, 0xff, 0xff, 0x00, 0xff, 0xff, 0xff, 0x00,
0xff, 0xff, 0xff, 0x00, 0xff, 0xff, 0xff, 0x00, 0xff, 0xff, 0xff, 0x00, 0xff, 0xff, 0xff,
0x00, 0xff, 0xff, 0xff, 0x00, 0xff, 0xff, 0xff, 0x00, 0xff, 0xff, 0xff, 0x00, 0xff, 0xff,
0xff, 0x00, 0xff, 0xff, 0xff, 0x00, 0xff, 0xff, 0xff, 0x00, 0xff, 0xff, 0xff, 0x00, 0xff,
0xff, 0xff, 0x00, 0xff, 0xff, 0xff, 0x00, 0xff, 0xff, 0xff, 0x00, 0xff, 0xff, 0xff, 0x00,
0xff, 0xff, 0xff, 0x00, 0xff, 0xff, 0xff, 0x00, 0xff, 0xff, 0xff, 0x00, 0xff, 0xff, 0xff,
0x00, 0xff, 0xff, 0xff, 0x00, 0xff, 0xff, 0xff, 0x00, 0xff, 0xff, 0xff, 0x00, 0xff, 0xff,
0xff, 0x00, 0xff, 0xff, 0xff, 0x00, 0xff, 0xff, 0xff, 0x00, 0xff, 0xff, 0xff, 0x00, 0xff,
0xff, 0xff, 0x00, 0xff, 0xff, 0xff, 0x00, 0xff, 0xff, 0xff, 0x00, 0xff, 0xff, 0xff, 0x00,
0xff, 0xff, 0xff, 0x00, 0xff, 0xff, 0xff, 0x00, 0xff, 0xff, 0xff, 0x00, 0xff, 0xff, 0xff,
0x00, 0xff, 0xff, 0xff, 0x00, 0xff, 0xff, 0xff, 0x00, 0xff, 0xff, 0xff, 0x00, 0xff, 0xff,
0xff, 0x00, 0xff, 0xff, 0xff, 0x00, 0xff, 0xff, 0xff, 0x00, 0xff, 0xff, 0xff, 0x00, 0xff,
0xff, 0xff, 0x00, 0xff, 0xff, 0xff, 0x00, 0xff, 0xff, 0xff, 0x00, 0xff, 0xff, 0xff, 0x00,
0xff, 0xff, 0xff, 0x00, 0xff, 0xff, 0xff, 0x00, 0xff, 0xff, 0xff, 0x00, 0xff, 0xff, 0xff,
0x00, 0xff, 0xff, 0xff, 0x00, 0xff, 0xff, 0xff, 0x00, 0xff, 0xff, 0xff, 0x00, 0xff, 0xff,
0xff, 0x00, 0xff, 0xff, 0xff, 0x00, 0xff, 0xff, 0xff, 0x00, 0xff, 0xff, 0xff, 0x00, 0xff,
0xff, 0xff, 0x00, 0xff, 0xff, 0xff, 0x00, 0xff, 0xff, 0xff, 0x00, 0xff, 0xff, 0xff, 0x00,
0xff, 0xff, 0xff, 0x00, 0xff, 0xff, 0xff, 0x00, 0xff, 0xff, 0xff, 0x00, 0xff, 0xff, 0xff,
0x00, 0xff, 0xff, 0xff, 0x00, 0xff, 0xff, 0xff, 0x00, 0xff, 0xff, 0xff, 0x00, 0xff, 0xff,
0xff, 0x00, 0xff, 0xff, 0xff, 0x00, 0xff, 0xff, 0xff, 0x00, 0xff, 0xff, 0xff, 0x00, 0xff,
0xff, 0xff, 0x00, 0xff, 0xff, 0xff, 0x00, 0xff, 0xff, 0xff, 0x00, 0xff, 0xff, 0xff, 0x00,
0xff, 0xff, 0xff, 0x00, 0xff, 0xff, 0xff, 0x00, 0xff, 0xff, 0xff, 0x00, 0xff, 0xff, 0xff,
0x00, 0xff, 0xff, 0xff, 0x00, 0xff, 0xff, 0xff, 0x00, 0xff, 0xff, 0xff, 0x00, 0xff, 0xff,
0xff, 0x00, 0xff, 0xff, 0xff, 0x00, 0xff, 0xff, 0xff, 0x00, 0xff, 0xff, 0xff, 0x00, 0xff,
0xff, 0xff, 0x00, 0xff, 0xff, 0xff, 0x00, 0xff, 0xff, 0xff, 0x00, 0xff, 0xff, 0xff, 0x00,
0xff, 0xff, 0xff, 0x00, 0xff, 0xff, 0xff, 0x00, 0xff, 0xff, 0xff, 0x00, 0xff, 0xff, 0xff,
0x00, 0xff, 0xff, 0xff, 0x00, 0xff, 0xff, 0xff, 0x00, 0xff, 0xff, 0xff, 0x00, 0xff, 0xff,
0xff, 0x00, 0xff, 0xff, 0xff, 0x00, 0xff, 0xff, 0xff, 0x00, 0xff, 0xff, 0xff, 0x00, 0xff,
0xff, 0xff, 0x00, 0xff, 0xff, 0xff, 0x00, 0xff, 0xff, 0xff, 0x00, 0xff, 0xff, 0xff, 0x00,
0xff, 0xff, 0xff, 0x00, 0xff, 0xff, 0xff, 0x00, 0xff, 0xff, 0xff, 0x00, 0xff, 0xff, 0xff,
0x00, 0xff, 0xff, 0xff, 0x00, 0xff, 0xff, 0xff, 0x00, 0xff, 0xff, 0xff, 0x00, 0xff, 0xff,
0xff, 0x00, 0xff, 0xff, 0xff, 0x00, 0xff, 0xff, 0xff, 0x00, 0xff, 0xff, 0xff, 0x00, 0xff,
0xff, 0xff, 0x00, 0xff, 0xff, 0xff, 0x00, 0xff, 0xff, 0xff, 0x00, 0xff, 0xff, 0xff, 0x00,
0xff, 0xff, 0xff, 0x00, 0xff, 0xff, 0xff, 0x00, 0xff, 0xff, 0xff, 0x00, 0xff, 0xff, 0xff,
0x00, 0xff, 0xff, 0xff, 0x00, 0xff, 0xff, 0xff, 0x00, 0xff, 0xff, 0xff, 0x00, 0xff, 0xff,
0xff, 0x00, 0xff, 0xff, 0xff, 0x00, 0xff, 0xff, 0xff, 0x00, 0xff, 0xff, 0xff, 0x00, 0xff,
0xff, 0xff, 0x00, 0xff, 0xff, 0xff, 0x00, 0xff, 0xff, 0xff, 0x00, 0xff, 0xff, 0xff, 0x00,
0xff, 0xff, 0xff, 0x00, 0xff, 0xff, 0xff, 0x00, 0xff, 0xff, 0xff, 0x00, 0xff, 0xff, 0xff,
0x00, 0xff, 0xff, 0xff, 0x00, 0xff, 0xff, 0xff, 0x00, 0xff, 0xff, 0xff, 0x00, 0xff, 0xff,
0xff, 0x00, 0xff, 0xff, 0xff, 0x00, 0xff, 0xff, 0xff, 0x00, 0xff, 0xff, 0xff, 0x00, 0xff,
0xff, 0xff, 0x00, 0xff, 0xff, 0xff, 0x00, 0xff, 0xff, 0xff, 0x00, 0xff, 0xff, 0xff, 0x00,
0xff, 0xff, 0xff, 0x00, 0xff, 0xff, 0xff, 0x00, 0xff, 0xff, 0xff, 0x00, 0xff, 0xff, 0xff,
0x00, 0xff, 0xff, 0xff, 0x00, 0xff, 0xff, 0xff, 0x00, 0xff, 0xff, 0xff, 0x00, 0xff, 0xff,
0xff, 0x00, 0xff, 0xff, 0xff, 0x00, 0xff, 0xff, 0xff, 0x00, 0xff, 0xff, 0xff, 0x00, 0xff,
0xff, 0xff, 0x00, 0xff, 0xff, 0xff, 0x00, 0xff, 0xff, 0xff, 0x00, 0xff, 0xff, 0xff, 0x00,
0xff, 0xff, 0xff, 0x00, 0xff, 0xff, 0xff, 0x00, 0xff, 0xff, 0xff, 0x00, 0xff, 0xff, 0xff,
0x00, 0xff, 0xff, 0xff, 0x00, 0xff, 0xff, 0xff, 0x00, 0xff, 0xff, 0xff, 0x00, 0xff, 0xff,
0xff, 0x00, 0xff, 0xff, 0xff, 0x00, 0xff, 0xff, 0xff, 0x00, 0xff, 0xff, 0xff, 0x00, 0xff,
0xff, 0xff, 0x00, 0xff, 0xff, 0xff, 0x00, 0xff, 0xff, 0xff, 0x00, 0xff, 0xff, 0xff, 0x00,
0xff, 0xff, 0xff, 0x00, 0xff, 0xff, 0xff, 0x00, 0xff, 0xff, 0xff, 0x00, 0xff, 0xff, 0xff,
0x00, 0xff, 0xff, 0xff, 0x00, 0xff, 0xff, 0xff, 0x00, 0xff, 0xff, 0xff, 0x00, 0xff, 0xff,
0xff, 0x00, 0xff, 0xff, 0xff, 0x00, 0xff, 0xff, 0xff, 0x00, 0xff, 0xff, 0xff, 0x00, 0xff,
0xff, 0xff, 0x00, 0xff, 0xff, 0xff, 0x00, 0xff, 0xff, 0xff, 0x00, 0xff, 0xff, 0xff, 0x00,
0xff, 0xff, 0xff, 0x00, 0xff, 0xff, 0xff, 0x00, 0xff, 0xff, 0xff, 0x00, 0xff, 0xff, 0xff,
0x00, 0xff, 0xff, 0xff, 0x00, 0xff, 0xff, 0xff, 0x00, 0xff, 0xff, 0xff, 0x00, 0xff, 0xff,
0xff, 0x00, 0xff, 0xff, 0xff, 0x00, 0xff, 0xff, 0xff, 0x00, 0xff, 0xff, 0xff, 0x00, 0xff,
0xff, 0xff, 0x00, 0xff, 0xff, 0xff, 0x00, 0xff, 0xff, 0xff, 0x00, 0xff, 0xff, 0xff, 0x00,
0xff, 0xff, 0xff, 0x00, 0xff, 0xff, 0xff, 0x00, 0xff, 0xff, 0xff, 0x00, 0xff, 0xff, 0xff,
0x00, 0xff, 0xff, 0xff, 0x00, 0xff, 0xff, 0xff, 0x00, 0xff, 0xff, 0xff, 0x00, 0xff, 0xff,
0xff, 0x00, 0xff, 0xff, 0xff, 0x00, 0xff, 0xff, 0xff, 0x00, 0xff, 0xff, 0xff, 0x00, 0xff,
0xff, 0xff, 0x00, 0xff, 0xff, 0xff, 0x00, 0xff, 0xff, 0xff, 0x00, 0xff, 0xff, 0xff, 0x00,
0xff, 0xff, 0xff, 0x00, 0xff, 0xff, 0xff, 0x00, 0xff, 0xff, 0xff, 0x00, 0xff, 0xff, 0xff,
0x00, 0xff, 0xff, 0xff, 0x00, 0xff, 0xff, 0xff, 0x00, 0xff, 0xff, 0xff, 0x00, 0xff, 0xff,
0xff, 0x00, 0xff, 0xff, 0xff, 0x00, 0xff, 0xff, 0xff, 0x00, 0xff, 0xff, 0xff, 0x00, 0xff,
0xff, 0xff, 0x00, 0xff, 0xff, 0xff, 0x00, 0xff, 0xff, 0xff, 0x00, 0xff, 0xff, 0xff, 0x00,
0xff, 0xff, 0xff, 0x00, 0xff, 0xff, 0xff, 0x00, 0xff, 0xff, 0xff, 0x00, 0xff, 0xff, 0xff,
0x00, 0xff, 0xff, 0xff, 0x00, 0xff, 0xff, 0xff, 0x00, 0xff, 0xff, 0xff, 0x00, 0xff, 0xff,
0xff, 0x00, 0xff, 0xff, 0xff, 0x00, 0xff, 0xff, 0xff, 0x00, 0xff, 0xff, 0xff, 0x00, 0xff,
0xff, 0xff, 0x00, 0xff, 0xff, 0xff, 0x00, 0xff, 0xff, 0xff, 0x00, 0xff, 0xff, 0xff, 0x00,
0xff, 0xff, 0xff, 0x00, 0xff, 0xff, 0xff, 0x00, 0xff, 0xff, 0xff, 0x00, 0xff, 0xff, 0xff,
0x00, 0xff, 0xff, 0xff, 0x00, 0xff, 0xff, 0xff, 0x00, 0xff, 0xff, 0xff, 0x00, 0xff, 0xff,
0xff, 0x00, 0xff, 0xff, 0xff, 0x00, 0xff, 0xff, 0xff, 0x00, 0xff, 0xff, 0xff, 0x00, 0xff,
0xff, 0xff, 0x00, 0xff, 0xff, 0xff, 0x00, 0xff, 0xff, 0xff, 0x00, 0xff, 0xff, 0xff, 0x00,
0xff, 0xff, 0xff, 0x00, 0xff, 0xff, 0xff, 0x00, 0xff, 0xff, 0xff, 0x00, 0xff, 0xff, 0xff,
0x00, 0xff, 0xff, 0xff, 0x00, 0xff, 0xff, 0xff, 0x00, 0xff, 0xff, 0xff, 0x00, 0xff, 0xff,
0xff, 0x00, 0xff, 0xff, 0xff, 0x00, 0xff, 0xff, 0xff, 0x00, 0xff, 0xff, 0xff, 0x00, 0xff,
0xff, 0xff, 0x00, 0xff, 0xff, 0xff, 0x00, 0xff, 0xff, 0xff, 0x00, 0xff, 0xff, 0xff, 0x00,
0xff, 0xff, 0xff, 0x00, 0xff, 0xff, 0xff, 0x00, 0xff, 0xff, 0xff, 0x00, 0xff, 0xff, 0xff,
0x00, 0xff, 0xff, 0xff, 0x00, 0xff, 0xff, 0xff, 0x00, 0xff, 0xff, 0xff, 0x00, 0xff, 0xff,
0xff, 0x00, 0xff, 0xff, 0xff, 0x00, 0xff, 0xff, 0xff, 0x00, 0xff, 0xff, 0xff, 0x00, 0xff,
0xff, 0xff, 0x00, 0xff, 0xff, 0xff, 0x00, 0xff, 0xff, 0xff, 0x00, 0xff, 0xff, 0xff, 0x00,
0xff, 0xff, 0xff, 0x00, 0xff, 0xff, 0xff, 0x00, 0xff, 0xff, 0xff, 0x00, 0xff, 0xff, 0xff,
0x00, 0xff, 0xff, 0xff, 0x00, 0xff, 0xff, 0xff, 0x00, 0xff, 0xff, 0xff, 0x00, 0xff, 0xff,
0xff, 0x00, 0xff, 0xff, 0xff, 0x00, 0xff, 0xff, 0xff, 0x00, 0xff, 0xff, 0xff, 0x00, 0xff,
0xff, 0xff, 0x00, 0xff, 0xff, 0xff, 0x00, 0xff, 0xff, 0xff, 0x00, 0xff, 0xff, 0xff, 0x00,
0xff, 0xff, 0xff, 0x00, 0xff, 0xff, 0xff, 0x00, 0xff, 0xff, 0xff, 0x00, 0xff, 0xff, 0xff,
0x00, 0xff, 0xff, 0xff, 0x00, 0xff, 0xff, 0xff, 0x00, 0xff, 0xff, 0xff, 0x00, 0xff, 0xff,
0xff, 0x00, 0xff, 0xff, 0xff, 0x00, 0xff, 0xff, 0xff, 0x00, 0xff, 0xff, 0xff, 0x00, 0xff,
0xff, 0xff, 0x00, 0xff, 0xff, 0xff, 0x00, 0xff, 0xff, 0xff, 0x00, 0xff, 0xff, 0xff, 0x00,
0xff, 0xff, 0xff, 0x00, 0xff, 0xff, 0xff, 0x00, 0xff, 0xff, 0xff, 0x00, 0xff, 0xff, 0xff,
0x00, 0xff, 0xff, 0xff, 0x00, 0xff, 0xff, 0xff, 0x00, 0xff, 0xff, 0xff, 0x00, 0xff, 0xff,
0xff, 0x00, 0xff, 0xff, 0xff, 0x00, 0xff, 0xff, 0xff, 0x00, 0xff, 0xff, 0xff, 0x00, 0xff,
0xff, 0xff, 0x00, 0xff, 0xff, 0xff, 0x00, 0xff, 0xff, 0xff, 0x00, 0xff, 0xff, 0xff, 0x00,
0xff, 0xff, 0xff, 0x00, 0xff, 0xff, 0xff, 0x00, 0xff, 0xff, 0xff, 0x00, 0xff, 0xff, 0xff,
0x00, 0xff, 0xff, 0xff, 0x00, 0xff, 0xff, 0xff, 0x00, 0xff, 0xff, 0xff, 0x00, 0xff, 0xff,
0xff, 0x00, 0xff, 0xff, 0xff, 0x00, 0xff, 0xff, 0xff, 0x00, 0xff, 0xff, 0xff, 0x00, 0xff,
0xff, 0xff, 0x00, 0xff, 0xff, 0xff, 0x00, 0xff, 0xff, 0xff, 0x00, 0xff, 0xff, 0xff, 0x00,
0xff, 0xff, 0xff, 0x00, 0xff, 0xff, 0xff, 0x00, 0xff, 0xff, 0xff, 0x00, 0xff, 0xff, 0xff,
0x00, 0xff, 0xff, 0xff, 0x00, 0xff, 0xff, 0xff, 0x00, 0xff, 0xff, 0xff, 0x00, 0xff, 0xff,
0xff, 0x00, 0xff, 0xff, 0xff, 0x00, 0xff, 0xff, 0xff, 0x00, 0xff, 0xff, 0xff, 0x00, 0xff,
0xff, 0xff, 0x00, 0xff, 0xff, 0xff, 0x00, 0xff, 0xff, 0xff, 0x00, 0xff, 0xff, 0xff, 0x00,
0xff, 0xff, 0xff, 0x00, 0xff, 0xff, 0xff, 0x00, 0xff, 0xff, 0xff, 0x00, 0xff, 0xff, 0xff,
0x00, 0xff, 0xff, 0xff, 0x00, 0xff, 0xff, 0xff, 0x00, 0xff, 0xff, 0xff, 0x00, 0xff, 0xff,
0xff, 0x00, 0xff, 0xff, 0xff, 0x00, 0xff, 0xff, 0xff, 0x00, 0xff, 0xff, 0xff, 0x00, 0xff,
0xff, 0xff, 0x00, 0xff, 0xff, 0xff, 0x00, 0xff, 0xff, 0xff, 0x00, 0xff, 0xff, 0xff, 0x00,
0xff, 0xff, 0xff, 0x00, 0xff, 0xff, 0xff, 0x00, 0xff, 0xff, 0xff, 0x00, 0xff, 0xff, 0xff,
0x00, 0xff, 0xff, 0xff, 0x00, 0xff, 0xff, 0xff, 0x00, 0xff, 0xff, 0xff, 0x00, 0xff, 0xff,
0xff, 0x00, 0xff, 0xff, 0xff, 0x00, 0xff, 0xff, 0xff, 0x00, 0xff, 0xff, 0xff, 0x00, 0xff,
0xff, 0xff, 0x00, 0xff, 0xff, 0xff, 0x00, 0xff, 0xff, 0xff, 0x00, 0xff, 0xff, 0xff, 0x00,
0xff, 0xff, 0xff, 0x00, 0xff, 0xff, 0xff, 0x00, 0xff, 0xff, 0xff, 0x00, 0xff, 0xff, 0xff,
0x00, 0xff, 0xff, 0xff, 0x00, 0xff, 0xff, 0xff, 0x00, 0xff, 0xff, 0xff, 0x00, 0xff, 0xff,
0xff, 0x00, 0xff, 0xff, 0xff, 0x00, 0xff, 0xff, 0xff, 0x00, 0xff, 0xff, 0xff, 0x00, 0xff,
0xff, 0xff, 0x00, 0xff, 0xff, 0xff, 0x00, 0xff, 0xff, 0xff, 0x00, 0xff, 0xff, 0xff, 0x00,
0xff, 0xff, 0xff, 0x00, 0xff, 0xff, 0xff, 0x00, 0xff, 0xff, 0xff, 0x00, 0xff, 0xff, 0xff,
0x00, 0xff, 0xff, 0xff, 0x00, 0xff, 0xff, 0xff, 0x00, 0xff, 0xff, 0xff, 0x00, 0xff, 0xff,
0xff, 0x00, 0xff, 0xff, 0xff, 0x00, 0xff, 0xff, 0xff, 0x00, 0xff, 0xff, 0xff, 0x00, 0xff,
0xff, 0xff, 0x00, 0xff, 0xff, 0xff, 0x00, 0xff, 0xff, 0xff, 0x00, 0xff, 0xff, 0xff, 0x00,
0xff, 0xff, 0xff, 0x00, 0xff, 0xff, 0xff, 0x00, 0xff, 0xff, 0xff, 0x00, 0xff, 0xff, 0xff,
0x00, 0xff, 0xff, 0xff, 0x00, 0xff, 0xff, 0xff, 0x00, 0xff, 0xff, 0xff, 0x00, 0xff, 0xff,
0xff, 0x00, 0xff, 0xff, 0xff, 0x00, 0xff, 0xff, 0xff, 0x00, 0xff, 0xff, 0xff, 0x00, 0xff,
0xff, 0xff, 0x00, 0xff, 0xff, 0xff, 0x00, 0xff, 0xff, 0xff, 0x00, 0xff, 0xff, 0xff, 0x00,
0xff, 0xff, 0xff, 0x00, 0xff, 0xff, 0xff, 0x00, 0xff, 0xff, 0xff, 0x00, 0xff, 0xff, 0xff,
0x00, 0xff, 0xff, 0xff, 0x00, 0xff, 0xff, 0xff, 0x00, 0xff, 0xff, 0xff, 0x00, 0xff, 0xff,
0xff, 0x00, 0xff, 0xff, 0xff, 0x00, 0xff, 0xff, 0xff, 0x00, 0xff, 0xff, 0xff, 0x00, 0xff,
0xff, 0xff, 0x00, 0xff, 0xff, 0xff, 0x00, 0xff, 0xff, 0xff, 0x00, 0xff, 0xff, 0xff, 0x00,
0xff, 0xff, 0xff, 0x00, 0xff, 0xff, 0xff, 0x00, 0xff, 0xff, 0xff, 0x00, 0xff, 0xff, 0xff,
0x00, 0xff, 0xff, 0xff, 0x00, 0xff, 0xff, 0xff, 0x00, 0xff, 0xff, 0xff, 0x00, 0xff, 0xff,
0xff, 0x00, 0xff, 0xff, 0xff, 0x00, 0xff, 0xff, 0xff, 0x00, 0xff, 0xff, 0xff, 0x00, 0xff,
0xff, 0xff, 0x00, 0xff, 0xff, 0xff, 0x00, 0xff, 0xff, 0xff, 0x00, 0xff, 0xff, 0xff, 0x00,
0xff, 0xff, 0xff, 0x00, 0xff, 0xff, 0xff, 0x00, 0xff, 0xff, 0xff, 0x00, 0xff, 0xff, 0xff,
0x00, 0xff, 0xff, 0xff, 0x00, 0xff, 0xff, 0xff, 0x00, 0xff, 0xff, 0xff, 0x00, 0xff, 0xff,
0xff, 0x00, 0xff, 0xff, 0xff, 0x00, 0xff, 0xff, 0xff, 0x00, 0xff, 0xff, 0xff, 0x00, 0xff,
0xff, 0xff, 0x00, 0xff, 0xff, 0xff, 0x00, 0xff, 0xff, 0xff, 0x00, 0xff, 0xff, 0xff, 0x00,
0xff, 0xff, 0xff, 0x00, 0xff, 0xff, 0xff, 0x00, 0xff, 0xff, 0xff, 0x00, 0xff, 0xff, 0xff,
0x00, 0xff, 0xff, 0xff, 0x00, 0xff, 0xff, 0xff, 0x00, 0xff, 0xff, 0xff, 0x00, 0xff, 0xff,
0xff, 0x00, 0xff, 0xff, 0xff, 0x00, 0xff, 0xff, 0xff, 0x00, 0xff, 0xff, 0xff, 0x00, 0xff,
0xff, 0xff, 0x00, 0xff, 0xff, 0xff, 0x00, 0xff, 0xff, 0xff, 0x00, 0xff, 0xff, 0xff, 0x00,
0xff, 0xff, 0xff, 0x00, 0xff, 0xff, 0xff, 0x00, 0xff, 0xff, 0xff, 0x00, 0xff, 0xff, 0xff,
0x00, 0xff, 0xff, 0xff, 0x00, 0xff, 0xff, 0xff, 0x00, 0xff, 0xff, 0xff, 0x00, 0xff, 0xff,
0xff, 0x00, 0xff, 0xff, 0xff, 0x00, 0xff, 0xff, 0xff, 0x00, 0xff, 0xff, 0xff, 0x00, 0xff,
0xff, 0xff, 0x00, 0xff, 0xff, 0xff, 0x00, 0xff, 0xff, 0xff, 0x00, 0xff, 0xff, 0xff, 0x00,
0xff, 0xff, 0xff, 0x00, 0xff, 0xff, 0xff, 0x00, 0xff, 0xff, 0xff, 0x00, 0xff, 0xff, 0xff,
0x00, 0xff, 0xff, 0xff, 0x00, 0xff, 0xff, 0xff, 0x00, 0xff, 0xff, 0xff, 0x00, 0xff, 0xff,
0xff, 0x00, 0xff, 0xff, 0xff, 0x00, 0xff, 0xff, 0xff, 0x00, 0xff, 0xff, 0xff, 0x00, 0xff,
0xff, 0xff, 0x00, 0xff, 0xff, 0xff, 0x00, 0xff, 0xff, 0xff, 0x00, 0xff, 0xff, 0xff, 0x00,
0xff, 0xff, 0xff, 0x00, 0xff, 0xff, 0xff, 0x00, 0xff, 0xff, 0xff, 0x00, 0xff, 0xff, 0xff,
0x00, 0xff, 0xff, 0xff, 0x00, 0xff, 0xff, 0xff, 0x00, 0xff, 0xff, 0xff, 0x00, 0xff, 0xff,
0xff, 0x00, 0xff, 0xff, 0xff, 0x00, 0xff, 0xff, 0xff, 0x00, 0xff, 0xff, 0xff, 0x00, 0xff,
0xff, 0xff, 0x00, 0xff, 0xff, 0xff, 0x00, 0xff, 0xff, 0xff, 0x00, 0xff, 0xff, 0xff, 0x00,
0xff, 0xff, 0xff, 0x00, 0xff, 0xff, 0xff, 0x00, 0xff, 0xff, 0xff, 0x00, 0xff, 0xff, 0xff,
0x00, 0xff, 0xff, 0xff, 0x00, 0xff, 0xff, 0xff, 0x00, 0xff, 0xff, 0xff, 0x00, 0xff, 0xff,
0xff, 0x00, 0xff, 0xff, 0xff, 0x00, 0xff, 0xff, 0xff, 0x00, 0xff, 0xff, 0xff, 0x00, 0xff,
0xff, 0xff, 0x00, 0xff, 0xff, 0xff, 0x00, 0xff, 0xff, 0xff, 0x00, 0xff, 0xff, 0xff, 0x00,
0xff, 0xff, 0xff, 0x00, 0xff, 0xff, 0xff, 0x00, 0xff, 0xff, 0xff, 0x00, 0xff, 0xff, 0xff,
0x00, 0xff, 0xff, 0xff, 0x00, 0xff, 0xff, 0xff, 0x00, 0xff, 0xff, 0xff, 0x00, 0xff, 0xff,
0xff, 0x00, 0xff, 0xff, 0xff, 0x00, 0xff, 0xff, 0xff, 0x00, 0xff, 0xff, 0xff, 0x00, 0xff,
0xff, 0xff, 0x00, 0xff, 0xff, 0xff, 0x00, 0xff, 0xff, 0xff, 0x00, 0xff, 0xff, 0xff, 0x00,
0xff, 0xff, 0xff, 0x00, 0xff, 0xff, 0xff, 0x00, 0xff, 0xff, 0xff, 0x00, 0xff, 0xff, 0xff,
0x00, 0xff, 0xff, 0xff, 0x00, 0xff, 0xff, 0xff, 0x00, 0xff, 0xff, 0xff, 0x00, 0xff, 0xff,
0xff, 0x00, 0xff, 0xff, 0xff, 0x00, 0xff, 0xff, 0xff, 0x00, 0xff, 0xff, 0xff, 0x00, 0xff,
0xff, 0xff, 0x00, 0xff, 0xff, 0xff, 0x00, 0xff, 0xff, 0xff, 0x00, 0xff, 0xff, 0xff, 0x00,
0xff, 0xff, 0xff, 0x00, 0xff, 0xff, 0xff, 0x00, 0xff, 0xff, 0xff, 0x00, 0xff, 0xff, 0xff,
0x00, 0xff, 0xff, 0xff, 0x00, 0xff, 0xff, 0xff, 0x00, 0xff, 0xff, 0xff, 0x00, 0xff, 0xff,
0xff, 0x00, 0xff, 0xff, 0xff, 0x00, 0xff, 0xff, 0xff, 0x00, 0xff, 0xff, 0xff, 0x00, 0xff,
0xff, 0xff, 0x00, 0xff, 0xff, 0xff, 0x00, 0xff, 0xff, 0xff, 0x00, 0xff, 0xff, 0xff, 0x00,
0xff, 0xff, 0xff, 0x00, 0xff, 0xff, 0xff, 0x00, 0xff, 0xff, 0xff, 0x00, 0xff, 0xff, 0xff,
0x00, 0xff, 0xff, 0xff, 0x00, 0xff, 0xff, 0xff, 0x00, 0xff, 0xff, 0xff, 0x00, 0xff, 0xff,
0xff, 0x00, 0xff, 0xff, 0xff, 0x00, 0xff, 0xff, 0xff, 0x00, 0xff, 0xff, 0xff, 0x00, 0xff,
0xff, 0xff, 0x00, 0xff, 0xff, 0xff, 0x00, 0xff, 0xff, 0xff, 0x00, 0xff, 0xff, 0xff, 0x00,
0xff, 0xff, 0xff, 0x00, 0xff, 0xff, 0xff, 0x00, 0xff, 0xff, 0xff, 0x00, 0xff, 0xff, 0xff,
0x00, 0xff, 0xff, 0xff, 0x00, 0xff, 0xff, 0xff, 0x00, 0xff, 0xff, 0xff, 0x00, 0xff, 0xff,
0xff, 0x00, 0xff, 0xff, 0xff, 0x00, 0xff, 0xff, 0xff, 0x00, 0xff, 0xff, 0xff, 0x00, 0xff,
0xff, 0xff, 0x00, 0xff, 0xff, 0xff, 0x00, 0xff, 0xff, 0xff, 0x00, 0xff, 0xff, 0xff, 0x00,
0xff, 0xff, 0xff, 0x00, 0xff, 0xff, 0xff, 0x00, 0xff, 0xff, 0xff, 0x00, 0xff, 0xff, 0xff,
0x00, 0xff, 0xff, 0xff, 0x00, 0xff, 0xff, 0xff, 0x00, 0xff, 0xff, 0xff, 0x00, 0xff, 0xff,
0xff, 0x00, 0xff, 0xff, 0xff, 0x00, 0xff, 0xff, 0xff, 0x00, 0xff, 0xff, 0xff, 0x00, 0xff,
0xff, 0xff, 0x00, 0xff, 0xff, 0xff, 0x00, 0xff, 0xff, 0xff, 0x00, 0xff, 0xff, 0xff, 0x00,
0xff, 0xff, 0xff, 0x00, 0xff, 0xff, 0xff, 0x00, 0xff, 0xff, 0xff, 0x00, 0xff, 0xff, 0xff,
0x00, 0xff, 0xff, 0xff, 0x00, 0xff, 0xff, 0xff, 0x00, 0xff, 0xff, 0xff, 0x00, 0xff, 0xff,
0xff, 0x00, 0xff, 0xff, 0xff, 0x00, 0xff, 0xff, 0xff, 0x00, 0xff, 0xff, 0xff, 0x00, 0xff,
0xff, 0xff, 0x00, 0xff, 0xff, 0xff, 0x00, 0xff, 0xff, 0xff, 0x00, 0xff, 0xff, 0xff, 0x00,
0xff, 0xff, 0xff, 0x00, 0xff, 0xff, 0xff, 0x00, 0xff, 0xff, 0xff, 0x00, 0xff, 0xff, 0xff,
0x00, 0xff, 0xff, 0xff, 0x00, 0xff, 0xff, 0xff, 0x00, 0xff, 0xff, 0xff, 0x00, 0xff, 0xff,
0xff, 0x00, 0xff, 0xff, 0xff, 0x00, 0xff, 0xff, 0xff, 0x00, 0xff, 0xff, 0xff, 0x00, 0xff,
0xff, 0xff, 0x00, 0xff, 0xff, 0xff, 0x00, 0xff, 0xff, 0xff, 0x00, 0xff, 0xff, 0xff, 0x00,
0xff, 0xff, 0xff, 0x00, 0xff, 0xff, 0xff, 0x00, 0xff, 0xff, 0xff, 0x00, 0xff, 0xff, 0xff,
0x00, 0xff, 0xff, 0xff, 0x00, 0xff, 0xff, 0xff, 0x00, 0xff, 0xff, 0xff, 0x00, 0xff, 0xff,
0xff, 0x00, 0xff, 0xff, 0xff, 0x00, 0xff, 0xff, 0xff, 0x00, 0xff, 0xff, 0xff, 0x00, 0xff,
0xff, 0xff, 0x00, 0xff, 0xff, 0xff, 0x00, 0xff, 0xff, 0xff, 0x00, 0xff, 0xff, 0xff, 0x00,
0xff, 0xff, 0xff, 0x00, 0xff, 0xff, 0xff, 0x00, 0xff, 0xff, 0xff, 0x00, 0xff, 0xff, 0xff,
0x00, 0xff, 0xff, 0xff, 0x00, 0xff, 0xff, 0xff, 0x00, 0xff, 0xff, 0xff, 0x00, 0xff, 0xff,
0xff, 0x00, 0xff, 0xff, 0xff, 0x00, 0xff, 0xff, 0xff, 0x00, 0xff, 0xff, 0xff, 0x00, 0xff,
0xff, 0xff, 0x00, 0xff, 0xff, 0xff, 0x00, 0xff, 0xff, 0xff, 0x00, 0xff, 0xff, 0xff, 0x00,
0xff, 0xff, 0xff, 0x00, 0xff, 0xff, 0xff, 0x00, 0xff, 0xff, 0xff, 0x00, 0xff, 0xff, 0xff,
0x00, 0xff, 0xff, 0xff, 0x00, 0xff, 0xff, 0xff, 0x00, 0xff, 0xff, 0xff, 0x00, 0xff, 0xff,
0xff, 0x00, 0xff, 0xff, 0xff, 0x00, 0xff, 0xff, 0xff, 0x00, 0xff, 0xff, 0xff, 0x00, 0xff,
0xff, 0xff, 0x00, 0xff, 0xff, 0xff, 0x00, 0xff, 0xff, 0xff, 0x00, 0xff, 0xff, 0xff, 0x00,
0xff, 0xff, 0xff, 0x00, 0xff, 0xff, 0xff, 0x00, 0xff, 0xff, 0xff, 0x00, 0xff, 0xff, 0xff,
0x00, 0xff, 0xff, 0xff, 0x00, 0xff, 0xff, 0xff, 0x00, 0xff, 0xff, 0xff, 0x00, 0xff, 0xff,
0xff, 0x00, 0xff, 0xff, 0xff, 0x00, 0xff, 0xff, 0xff, 0x00, 0xff, 0xff, 0xff, 0x00, 0xff,
0xff, 0xff, 0x00, 0xff, 0xff, 0xff, 0x00, 0xff, 0xff, 0xff, 0x00, 0xff, 0xff, 0xff, 0x00,
0xff, 0xff, 0xff, 0x00, 0xff, 0xff, 0xff, 0x00, 0xff, 0xff, 0xff, 0x00, 0xff, 0xff, 0xff,
0x00, 0xff, 0xff, 0xff, 0x00, 0xff, 0xff, 0xff, 0x00, 0xff, 0xff, 0xff, 0x00, 0xff, 0xff,
0xff, 0x00, 0xff, 0xff, 0xff, 0x00, 0xff, 0xff, 0xff, 0x00, 0xff, 0xff, 0xff, 0x00, 0xff,
0xff, 0xff, 0x00, 0xff, 0xff, 0xff, 0x00, 0xff, 0xff, 0xff, 0x00, 0xff, 0xff, 0xff, 0x00,
0xff, 0xff, 0xff, 0x00, 0xff, 0xff, 0xff, 0x00, 0xff, 0xff, 0xff, 0x00, 0xff, 0xff, 0xff,
0x00, 0xff, 0xff, 0xff, 0x00, 0xff, 0xff, 0xff, 0x00, 0xff, 0xff, 0xff, 0x00, 0xff, 0xff,
0xff, 0x00, 0xff, 0xff, 0xff, 0x00, 0xff, 0xff, 0xff, 0x00, 0xff, 0xff, 0xff, 0x00, 0xff,
0xff, 0xff, 0x00, 0xff, 0xff, 0xff, 0x00, 0xff, 0xff, 0xff, 0x00, 0xff, 0xff, 0xff, 0x00,
0xff, 0xff, 0xff, 0x00, 0xff, 0xff, 0xff, 0x00, 0xff, 0xff, 0xff, 0x00, 0xff, 0xff, 0xff,
0x00, 0xff, 0xff, 0xff, 0x00, 0xff, 0xff, 0xff, 0x00, 0xff, 0xff, 0xff, 0x00, 0xff, 0xff,
0xff, 0x00, 0xff, 0xff, 0xff, 0x00, 0xff, 0xff, 0xff, 0x00, 0xff, 0xff, 0xff, 0x00, 0xff,
0xff, 0xff, 0x00, 0xff, 0xff, 0xff, 0x00, 0xff, 0xff, 0xff, 0x00, 0xff, 0xff, 0xff, 0x00,
0xff, 0xff, 0xff, 0x00, 0xff, 0xff, 0xff, 0x00, 0xff, 0xff, 0xff, 0x00, 0xff, 0xff, 0xff,
0x00, 0xff, 0xff, 0xff, 0x00, 0xff, 0xff, 0xff, 0x00, 0xab, 0x56, 0xab, 0x00, 0xab, 0x56,
0xab, 0x00, 0xab, 0x56, 0xab, 0x00, 0xab, 0x56, 0xab, 0x00, 0xab, 0x56, 0xab, 0x00, 0xab,
0x56, 0xab, 0x00, 0xab, 0x56, 0xab, 0x00, 0xab, 0x56, 0xab, 0x00, 0xab, 0x56, 0xab, 0x00,
0xab, 0x56, 0xab, 0x00, 0xab, 0x56, 0xab, 0x00, 0xab, 0x56, 0xab, 0x00, 0xa8, 0x55, 0xaa,
0x00, 0xba, 0x5b, 0xae, 0x00, 0xea, 0x71, 0xbf, 0x00, 0xe8, 0x74, 0xc3, 0x00, 0xea, 0x74,
0xc3, 0x00, 0xdd, 0x6e, 0xb7, 0x00, 0xad, 0x57, 0x8c, 0x00, 0xe3, 0x69, 0xbf, 0x00, 0xe2,
0x6c, 0xbc, 0x00, 0xe4, 0x71, 0xc0, 0x00, 0xdb, 0x65, 0xc0, 0x00, 0xe4, 0x6e, 0xc2, 0x00,
0xe4, 0x6b, 0xc2, 0x00, 0xe4, 0x6c, 0xc2, 0x00, 0xe0, 0x6d, 0xbb, 0x00, 0xb1, 0x59, 0x93,
0x00, 0xe2, 0x69, 0xbf, 0x00, 0xe1, 0x67, 0xbb, 0x00, 0xea, 0x75, 0xc1, 0x00, 0xe9, 0x72,
0xc0, 0x00, 0xe4, 0x71, 0xbe, 0x00, 0xe4, 0x70, 0xbe, 0x00, 0xe6, 0x70, 0xbd, 0x00, 0xe5,
0x6f, 0xc1, 0x00, 0xe1, 0x6a, 0xc2, 0x00, 0xe9, 0x74, 0xc1, 0x00, 0xea, 0x73, 0xc1, 0x00,
0xe9, 0x73, 0xc1, 0x00, 0xe8, 0x74, 0xc0, 0x00, 0xe8, 0x73, 0xbe, 0x00, 0xe9, 0x74, 0xc2,
0x00, 0xdf, 0x66, 0xc1, 0x00, 0xe5, 0x72, 0xc0, 0x10, 0xe5, 0x6e, 0xbe, 0x28, 0xe9, 0x73,
0xc2, 0x3e, 0xea, 0x74, 0xc3, 0x67, 0xea, 0x75, 0xc2, 0x92, 0xea, 0x75, 0xc3, 0xb6, 0xea,
0x75, 0xc3, 0xd0, 0xea, 0x75, 0xc3, 0xdc, 0xea, 0x75, 0xc3, 0xdc, 0xea, 0x75, 0xc3, 0xdc,
0xea, 0x75, 0xc3, 0xdc, 0xea, 0x75, 0xc3, 0xdc, 0xea, 0x75, 0xc3, 0xdc, 0xea, 0x75, 0xc3,
0xdc, 0xea, 0x75, 0xc3, 0xdc, 0xea, 0x75, 0xc3, 0xdc, 0xe9, 0x74, 0xc2, 0xcd, 0xe8, 0x74,
0xc1, 0xb2, 0xea, 0x75, 0xc4, 0x8e, 0xe8, 0x74, 0xbf, 0x61, 0xe4, 0x72, 0xbd, 0x3b, 0xdd,
0x6e, 0xbf, 0x26, 0xe1, 0x6d, 0xbd, 0x0e, 0xaf, 0x58, 0x90, 0x00, 0xed, 0x77, 0xc4, 0x00,
0xeb, 0x76, 0xc1, 0x00, 0xcd, 0x55, 0xb0, 0x00, 0xe6, 0x71, 0xc1, 0x00, 0xe1, 0x6a, 0xbf,
0x00, 0xc0, 0x54, 0xa3, 0x00, 0xe0, 0x70, 0xb9, 0x00, 0xe8, 0x73, 0xc1, 0x00, 0xe5, 0x6f,
0xbe, 0x00, 0xe8, 0x71, 0xc2, 0x00, 0xe1, 0x6b, 0xc2, 0x00, 0xe5, 0x6c, 0xc0, 0x00, 0xea,
0x74, 0xc0, 0x00, 0xe9, 0x72, 0xbf, 0x00, 0xe7, 0x71, 0xc1, 0x00, 0xda, 0x63, 0xba, 0x00,
0xd5, 0x5c, 0xb4, 0x00, 0xec, 0x76, 0xc2, 0x00, 0xe6, 0x6d, 0xc2, 0x00, 0xe0, 0x69, 0xc0,
0x00, 0xd1, 0x69, 0xab, 0x00, 0xd7, 0x67, 0xb3, 0x00, 0xe5, 0x6f, 0xc2, 0x00, 0xd9, 0x6a,
0xbc, 0x00, 0xe5, 0x6f, 0xbf, 0x00, 0xe9, 0x75, 0xc2, 0x00, 0xe9, 0x74, 0xc2, 0x00, 0xe9,
0x75, 0xc3, 0x00, 0xec, 0x76, 0xc3, 0x00, 0xdf, 0x68, 0xbb, 0x00, 0x86, 0x08, 0x84, 0x00,
0x7e, 0x00, 0x7f, 0x00, 0x80, 0x01, 0x80, 0x00, 0x80, 0x01, 0x80, 0x00, 0x80, 0x01, 0x80,
0x00, 0x80, 0x01, 0x80, 0x00, 0x80, 0x01, 0x80, 0x00, 0x80, 0x01, 0x80, 0x00, 0x80, 0x01,
0x80, 0x00, 0x80, 0x01, 0x80, 0x00, 0x80, 0x01, 0x80, 0x00, 0x80, 0x01, 0x80, 0x00, 0x80,
0x01, 0x80, 0x00, 0xff, 0xff, 0xff, 0x00, 0xff, 0xff, 0xff, 0x00, 0xff, 0xff, 0xff, 0x00,
0xff, 0xff, 0xff, 0x00, 0xff, 0xff, 0xff, 0x00, 0xff, 0xff, 0xff, 0x00, 0xff, 0xff, 0xff,
0x00, 0xff, 0xff, 0xff, 0x00, 0xff, 0xff, 0xff, 0x00, 0xff, 0xff, 0xff, 0x00, 0xff, 0xff,
0xff, 0x00, 0xff, 0xff, 0xff, 0x00, 0xff, 0xff, 0xff, 0x00, 0xff, 0xff, 0xff, 0x00, 0xff,
0xff, 0xff, 0x00, 0xff, 0xff, 0xff, 0x00, 0xff, 0xff, 0xff, 0x00, 0xab, 0x56, 0xab, 0x00,
0xab, 0x56, 0xab, 0x00, 0xab, 0x56, 0xab, 0x00, 0xab, 0x56, 0xab, 0x00, 0xab, 0x56, 0xab,
0x00, 0xab, 0x56, 0xab, 0x00, 0xab, 0x56, 0xab, 0x00, 0xab, 0x56, 0xab, 0x00, 0xab, 0x56,
0xab, 0x00, 0xab, 0x56, 0xab, 0x00, 0xab, 0x56, 0xab, 0x00, 0xab, 0x56, 0xab, 0x00, 0xa8,
0x55, 0xaa, 0x00, 0xba, 0x5b, 0xae, 0x00, 0xea, 0x71, 0xbf, 0x00, 0xe8, 0x74, 0xc3, 0x00,
0xea, 0x74, 0xc3, 0x00, 0xdd, 0x6e, 0xb7, 0x00, 0xad, 0x57, 0x8c, 0x00, 0xe3, 0x69, 0xbf,
0x00, 0xe2, 0x6c, 0xbc, 0x00, 0xe4, 0x71, 0xc0, 0x00, 0xdb, 0x65, 0xc0, 0x00, 0xe4, 0x6e,
0xc2, 0x00, 0xe4, 0x6b, 0xc2, 0x00, 0xe4, 0x6c, 0xc2, 0x00, 0xe0, 0x6d, 0xbb, 0x00, 0xb1,
0x59, 0x93, 0x00, 0xe2, 0x69, 0xbf, 0x00, 0xe1, 0x67, 0xbb, 0x00, 0xea, 0x75, 0xc1, 0x00,
0xe9, 0x72, 0xc0, 0x00, 0xe4, 0x71, 0xbe, 0x00, 0xe4, 0x70, 0xbe, 0x00, 0xe6, 0x70, 0xbd,
0x00, 0xe5, 0x6f, 0xc1, 0x00, 0xe1, 0x6a, 0xc2, 0x00, 0xe9, 0x74, 0xc1, 0x00, 0xea, 0x73,
0xc1, 0x00, 0xe9, 0x73, 0xc1, 0x00, 0xe8, 0x74, 0xc1, 0x13, 0xe8, 0x73, 0xbf, 0x34, 0xea,
0x74, 0xc3, 0x6d, 0xe7, 0x71, 0xc2, 0xb4, 0xe9, 0x74, 0xc3, 0xe7, 0xea, 0x75, 0xc3, 0xfa,
0xea, 0x75, 0xc3, 0xff, 0xea, 0x75, 0xc3, 0xff, 0xea, 0x75, 0xc3, 0xff, 0xea, 0x75, 0xc3,
0xff, 0xea, 0x75, 0xc3, 0xff, 0xea, 0x75, 0xc3, 0xff, 0xea, 0x75, 0xc3, 0xff, 0xea, 0x75,
0xc3, 0xff, 0xea, 0x75, 0xc3, 0xff, 0xea, 0x75, 0xc3, 0xff, 0xea, 0x75, 0xc3, 0xff, 0xea,
0x75, 0xc3, 0xff, 0xea, 0x75, 0xc3, 0xff, 0xea, 0x75, 0xc3, 0xff, 0xea, 0x75, 0xc3, 0xff,
0xea, 0x75, 0xc3, 0xff, 0xea, 0x75, 0xc3, 0xff, 0xea, 0x75, 0xc3, 0xff, 0xea, 0x75, 0xc3,
0xff, 0xea, 0x75, 0xc3, 0xf8, 0xe8, 0x74, 0xc1, 0xe4, 0xdb, 0x6e, 0xb6, 0xaf, 0xea, 0x75,
0xc2, 0x68, 0xeb, 0x76, 0xc2, 0x33, 0xd0, 0x58, 0xb1, 0x12, 0xe6, 0x71, 0xc1, 0x00, 0xe1,
0x69, 0xbf, 0x00, 0xbf, 0x53, 0xa2, 0x00, 0xe0, 0x70, 0xb9, 0x00, 0xe8, 0x73, 0xc1, 0x00,
0xe5, 0x6f, 0xbe, 0x00, 0xe8, 0x71, 0xc2, 0x00, 0xe1, 0x6b, 0xc2, 0x00, 0xe5, 0x6c, 0xc0,
0x00, 0xea, 0x74, 0xc0, 0x00, 0xe9, 0x72, 0xbf, 0x00, 0xe7, 0x71, 0xc1, 0x00, 0xda, 0x63,
0xba, 0x00, 0xd5, 0x5c, 0xb4, 0x00, 0xec, 0x76, 0xc2, 0x00, 0xe6, 0x6d, 0xc2, 0x00, 0xe0,
0x69, 0xc0, 0x00, 0xd1, 0x69, 0xab, 0x00, 0xd7, 0x67, 0xb3, 0x00, 0xe5, 0x6f, 0xc2, 0x00,
0xd9, 0x6a, 0xbc, 0x00, 0xe5, 0x6f, 0xbf, 0x00, 0xe9, 0x75, 0xc2, 0x00, 0xe9, 0x74, 0xc2,
0x00, 0xe9, 0x75, 0xc3, 0x00, 0xec, 0x76, 0xc3, 0x00, 0xdf, 0x68, 0xbb, 0x00, 0x86, 0x08,
0x84, 0x00, 0x7e, 0x00, 0x7f, 0x00, 0x80, 0x01, 0x80, 0x00, 0x80, 0x01, 0x80, 0x00, 0x80,
0x01, 0x80, 0x00, 0x80, 0x01, 0x80, 0x00, 0x80, 0x01, 0x80, 0x00, 0x80, 0x01, 0x80, 0x00,
0x80, 0x01, 0x80, 0x00, 0x80, 0x01, 0x80, 0x00, 0x80, 0x01, 0x80, 0x00, 0x80, 0x01, 0x80,
0x00, 0x80, 0x01, 0x80, 0x00, 0xff, 0xff, 0xff, 0x00, 0xff, 0xff, 0xff, 0x00, 0xff, 0xff,
0xff, 0x00, 0xff, 0xff, 0xff, 0x00, 0xff, 0xff, 0xff, 0x00, 0xff, 0xff, 0xff, 0x00, 0xff,
0xff, 0xff, 0x00, 0xff, 0xff, 0xff, 0x00, 0xff, 0xff, 0xff, 0x00, 0xff, 0xff, 0xff, 0x00,
0xff, 0xff, 0xff, 0x00, 0xff, 0xff, 0xff, 0x00, 0xff, 0xff, 0xff, 0x00, 0xff, 0xff, 0xff,
0x00, 0xff, 0xff, 0xff, 0x00, 0xff, 0xff, 0xff, 0x00, 0xff, 0xff, 0xff, 0x00, 0xab, 0x56,
0xab, 0x00, 0xab, 0x56, 0xab, 0x00, 0xab, 0x56, 0xab, 0x00, 0xab, 0x56, 0xab, 0x00, 0xab,
0x56, 0xab, 0x00, 0xab, 0x56, 0xab, 0x00, 0xab, 0x56, 0xab, 0x00, 0xab, 0x56, 0xab, 0x00,
0xab, 0x56, 0xab, 0x00, 0xab, 0x56, 0xab, 0x00, 0xab, 0x56, 0xab, 0x00, 0xab, 0x56, 0xab,
0x00, 0xa8, 0x55, 0xaa, 0x00, 0xba, 0x5b, 0xae, 0x00, 0xea, 0x71, 0xbf, 0x00, 0xe8, 0x74,
0xc3, 0x00, 0xea, 0x74, 0xc3, 0x00, 0xdd, 0x6e, 0xb7, 0x00, 0xad, 0x57, 0x8c, 0x00, 0xe3,
0x69, 0xbf, 0x00, 0xe2, 0x6c, 0xbc, 0x00, 0xe4, 0x71, 0xc0, 0x00, 0xdb, 0x65, 0xc0, 0x00,
0xe4, 0x6e, 0xc2, 0x00, 0xe4, 0x6b, 0xc2, 0x00, 0xe4, 0x6c, 0xc2, 0x00, 0xe0, 0x6d, 0xbb,
0x00, 0xb1, 0x59, 0x93, 0x00, 0xe2, 0x69, 0xbf, 0x00, 0xe1, 0x67, 0xbb, 0x00, 0xea, 0x75,
0xc1, 0x00, 0xe9, 0x72, 0xc0, 0x00, 0xe4, 0x71, 0xbe, 0x00, 0xe4, 0x70, 0xbe, 0x00, 0xe6,
0x70, 0xbd, 0x00, 0xe5, 0x6f, 0xc1, 0x00, 0xe0, 0x69, 0xc2, 0x00, 0xe9, 0x74, 0xc1, 0x19,
0xea, 0x74, 0xc2, 0x4b, 0xea, 0x74, 0xc2, 0xa3, 0xea, 0x75, 0xc3, 0xe8, 0xea, 0x75, 0xc3,
0xff, 0xea, 0x75, 0xc3, 0xff, 0xeb, 0x76, 0xc3, 0xff, 0xea, 0x75, 0xc3, 0xff, 0xea, 0x75,
0xc3, 0xff, 0xea, 0x75, 0xc3, 0xff, 0xea, 0x75, 0xc3, 0xff, 0xea, 0x75, 0xc3, 0xff, 0xea,
0x75, 0xc3, 0xff, 0xea, 0x75, 0xc3, 0xff, 0xea, 0x75, 0xc3, 0xff, 0xea, 0x75, 0xc3, 0xff,
0xea, 0x75, 0xc3, 0xff, 0xea, 0x75, 0xc3, 0xff, 0xea, 0x75, 0xc3, 0xff, 0xea, 0x75, 0xc3,
0xff, 0xea, 0x75, 0xc3, 0xff, 0xea, 0x75, 0xc3, 0xff, 0xea, 0x75, 0xc3, 0xff, 0xea, 0x75,
0xc3, 0xff, 0xea, 0x75, 0xc3, 0xff, 0xea, 0x75, 0xc3, 0xff, 0xea, 0x75, 0xc3, 0xff, 0xea,
0x75, 0xc3, 0xff, 0xea, 0x75, 0xc3, 0xff, 0xea, 0x75, 0xc3, 0xff, 0xed, 0x76, 0xc5, 0xff,
0xea, 0x75, 0xc3, 0xff, 0xea, 0x75, 0xc3, 0xff, 0xe8, 0x72, 0xc2, 0xe7, 0xea, 0x76, 0xc4,
0xa1, 0xe3, 0x6b, 0xc0, 0x49, 0xc5, 0x58, 0xa7, 0x19, 0xe0, 0x70, 0xb9, 0x00, 0xe8, 0x73,
0xc1, 0x00, 0xe5, 0x6f, 0xbe, 0x00, 0xe8, 0x71, 0xc2, 0x00, 0xe1, 0x6b, 0xc2, 0x00, 0xe5,
0x6c, 0xc0, 0x00, 0xea, 0x74, 0xc0, 0x00, 0xe9, 0x72, 0xbf, 0x00, 0xe7, 0x71, 0xc1, 0x00,
0xda, 0x63, 0xba, 0x00, 0xd5, 0x5c, 0xb4, 0x00, 0xec, 0x76, 0xc2, 0x00, 0xe6, 0x6d, 0xc2,
0x00, 0xe0, 0x69, 0xc0, 0x00, 0xd1, 0x69, 0xab, 0x00, 0xd7, 0x67, 0xb3, 0x00, 0xe5, 0x6f,
0xc2, 0x00, 0xd9, 0x6a, 0xbc, 0x00, 0xe5, 0x6f, 0xbf, 0x00, 0xe9, 0x75, 0xc2, 0x00, 0xe9,
0x74, 0xc2, 0x00, 0xe9, 0x75, 0xc3, 0x00, 0xec, 0x76, 0xc3, 0x00, 0xdf, 0x68, 0xbb, 0x00,
0x86, 0x08, 0x84, 0x00, 0x7e, 0x00, 0x7f, 0x00, 0x80, 0x01, 0x80, 0x00, 0x80, 0x01, 0x80,
0x00, 0x80, 0x01, 0x80, 0x00, 0x80, 0x01, 0x80, 0x00, 0x80, 0x01, 0x80, 0x00, 0x80, 0x01,
0x80, 0x00, 0x80, 0x01, 0x80, 0x00, 0x80, 0x01, 0x80, 0x00, 0x80, 0x01, 0x80, 0x00, 0x80,
0x01, 0x80, 0x00, 0x80, 0x01, 0x80, 0x00, 0xff, 0xff, 0xff, 0x00, 0xff, 0xff, 0xff, 0x00,
0xff, 0xff, 0xff, 0x00, 0xff, 0xff, 0xff, 0x00, 0xff, 0xff, 0xff, 0x00, 0xff, 0xff, 0xff,
0x00, 0xff, 0xff, 0xff, 0x00, 0xff, 0xff, 0xff, 0x00, 0xff, 0xff, 0xff, 0x00, 0xff, 0xff,
0xff, 0x00, 0xff, 0xff, 0xff, 0x00, 0xff, 0xff, 0xff, 0x00, 0xff, 0xff, 0xff, 0x00, 0xff,
0xff, 0xff, 0x00, 0xff, 0xff, 0xff, 0x00, 0xff, 0xff, 0xff, 0x00, 0xff, 0xff, 0xff, 0x00,
0xab, 0x56, 0xab, 0x00, 0xab, 0x56, 0xab, 0x00, 0xab, 0x56, 0xab, 0x00, 0xab, 0x56, 0xab,
0x00, 0xab, 0x56, 0xab, 0x00, 0xab, 0x56, 0xab, 0x00, 0xab, 0x56, 0xab, 0x00, 0xab, 0x56,
0xab, 0x00, 0xab, 0x56, 0xab, 0x00, 0xab, 0x56, 0xab, 0x00, 0xab, 0x56, 0xab, 0x00, 0xab,
0x56, 0xab, 0x00, 0xa8, 0x55, 0xaa, 0x00, 0xba, 0x5b, 0xae, 0x00, 0xea, 0x71, 0xbf, 0x00,
0xe8, 0x74, 0xc3, 0x00, 0xea, 0x74, 0xc3, 0x00, 0xdd, 0x6e, 0xb7, 0x00, 0xad, 0x57, 0x8c,
0x00, 0xe3, 0x69, 0xbf, 0x00, 0xe2, 0x6c, 0xbc, 0x00, 0xe4, 0x71, 0xc0, 0x00, 0xdb, 0x65,
0xc0, 0x00, 0xe4, 0x6e, 0xc2, 0x00, 0xe4, 0x6b, 0xc2, 0x00, 0xe4, 0x6c, 0xc2, 0x00, 0xe0,
0x6d, 0xbb, 0x00, 0xb1, 0x59, 0x93, 0x00, 0xe2, 0x69, 0xbf, 0x00, 0xe1, 0x67, 0xbb, 0x00,
0xea, 0x75, 0xc1, 0x00, 0xe9, 0x72, 0xc0, 0x00, 0xe4, 0x71, 0xbe, 0x00, 0xe4, 0x70, 0xbe,
0x00, 0xe6, 0x6f, 0xbd, 0x08, 0xe7, 0x72, 0xc2, 0x3e, 0xe6, 0x70, 0xc3, 0x9f, 0xea, 0x75,
0xc3, 0xee, 0xea, 0x75, 0xc3, 0xff, 0xea, 0x75, 0xc3, 0xff, 0xea, 0x75, 0xc3, 0xff, 0xea,
0x75, 0xc3, 0xff, 0xea, 0x75, 0xc3, 0xff, 0xea, 0x75, 0xc3, 0xff, 0xea, 0x75, 0xc3, 0xff,
0xea, 0x75, 0xc3, 0xff, 0xea, 0x75, 0xc3, 0xff, 0xea, 0x75, 0xc3, 0xff, 0xea, 0x75, 0xc3,
0xff, 0xea, 0x75, 0xc3, 0xff, 0xea, 0x75, 0xc3, 0xff, 0xea, 0x75, 0xc3, 0xff, 0xea, 0x75,
0xc3, 0xff, 0xea, 0x75, 0xc3, 0xff, 0xea, 0x75, 0xc3, 0xff, 0xea, 0x75, 0xc3, 0xff, 0xea,
0x75, 0xc3, 0xff, 0xea, 0x75, 0xc3, 0xff, 0xea, 0x75, 0xc3, 0xff, 0xea, 0x75, 0xc3, 0xff,
0xea, 0x75, 0xc3, 0xff, 0xea, 0x75, 0xc3, 0xff, 0xea, 0x75, 0xc3, 0xff, 0xea, 0x75, 0xc3,
0xff, 0xea, 0x75, 0xc3, 0xff, 0xea, 0x75, 0xc3, 0xff, 0xea, 0x75, 0xc3, 0xff, 0xea, 0x75,
0xc3, 0xff, 0xea, 0x75, 0xc3, 0xff, 0xea, 0x75, 0xc3, 0xff, 0xeb, 0x76, 0xc3, 0xff, 0xea,
0x75, 0xc3, 0xff, 0xea, 0x75, 0xc3, 0xff, 0xe8, 0x74, 0xc1, 0xee, 0xe9, 0x74, 0xc2, 0xa3,
0xe7, 0x73, 0xc0, 0x40, 0xe5, 0x6f, 0xbe, 0x0c, 0xe8, 0x71, 0xc2, 0x00, 0xe1, 0x6b, 0xc2,
0x00, 0xe5, 0x6c, 0xc0, 0x00, 0xea, 0x74, 0xc0, 0x00, 0xe9, 0x72, 0xbf, 0x00, 0xe7, 0x71,
0xc1, 0x00, 0xda, 0x63, 0xba, 0x00, 0xd5, 0x5c, 0xb4, 0x00, 0xec, 0x76, 0xc2, 0x00, 0xe6,
0x6d, 0xc2, 0x00, 0xe0, 0x69, 0xc0, 0x00, 0xd1, 0x69, 0xab, 0x00, 0xd7, 0x67, 0xb3, 0x00,
0xe5, 0x6f, 0xc2, 0x00, 0xd9, 0x6a, 0xbc, 0x00, 0xe5, 0x6f, 0xbf, 0x00, 0xe9, 0x75, 0xc2,
0x00, 0xe9, 0x74, 0xc2, 0x00, 0xe9, 0x75, 0xc3, 0x00, 0xec, 0x76, 0xc3, 0x00, 0xdf, 0x68,
0xbb, 0x00, 0x86, 0x08, 0x84, 0x00, 0x7e, 0x00, 0x7f, 0x00, 0x80, 0x01, 0x80, 0x00, 0x80,
0x01, 0x80, 0x00, 0x80, 0x01, 0x80, 0x00, 0x80, 0x01, 0x80, 0x00, 0x80, 0x01, 0x80, 0x00,
0x80, 0x01, 0x80, 0x00, 0x80, 0x01, 0x80, 0x00, 0x80, 0x01, 0x80, 0x00, 0x80, 0x01, 0x80,
0x00, 0x80, 0x01, 0x80, 0x00, 0x80, 0x01, 0x80, 0x00, 0xff, 0xff, 0xff, 0x00, 0xff, 0xff,
0xff, 0x00, 0xff, 0xff, 0xff, 0x00, 0xff, 0xff, 0xff, 0x00, 0xff, 0xff, 0xff, 0x00, 0xff,
0xff, 0xff, 0x00, 0xff, 0xff, 0xff, 0x00, 0xff, 0xff, 0xff, 0x00, 0xff, 0xff, 0xff, 0x00,
0xff, 0xff, 0xff, 0x00, 0xff, 0xff, 0xff, 0x00, 0xff, 0xff, 0xff, 0x00, 0xff, 0xff, 0xff,
0x00, 0xff, 0xff, 0xff, 0x00, 0xff, 0xff, 0xff, 0x00, 0xff, 0xff, 0xff, 0x00, 0xff, 0xff,
0xff, 0x00, 0xab, 0x56, 0xab, 0x00, 0xab, 0x56, 0xab, 0x00, 0xab, 0x56, 0xab, 0x00, 0xab,
0x56, 0xab, 0x00, 0xab, 0x56, 0xab, 0x00, 0xab, 0x56, 0xab, 0x00, 0xab, 0x56, 0xab, 0x00,
0xab, 0x56, 0xab, 0x00, 0xab, 0x56, 0xab, 0x00, 0xab, 0x56, 0xab, 0x00, 0xab, 0x56, 0xab,
0x00, 0xab, 0x56, 0xab, 0x00, 0xa8, 0x55, 0xaa, 0x00, 0xba, 0x5b, 0xae, 0x00, 0xea, 0x71,
0xbf, 0x00, 0xe8, 0x74, 0xc3, 0x00, 0xea, 0x74, 0xc3, 0x00, 0xdd, 0x6e, 0xb7, 0x00, 0xad,
0x57, 0x8c, 0x00, 0xe3, 0x69, 0xbf, 0x00, 0xe2, 0x6c, 0xbc, 0x00, 0xe4, 0x71, 0xc0, 0x00,
0xdb, 0x65, 0xc0, 0x00, 0xe4, 0x6e, 0xc2, 0x00, 0xe4, 0x6b, 0xc2, 0x00, 0xe4, 0x6c, 0xc2,
0x00, 0xe0, 0x6d, 0xbb, 0x00, 0xb1, 0x59, 0x93, 0x00, 0xe2, 0x69, 0xbf, 0x00, 0xe1, 0x67,
0xbb, 0x00, 0xea, 0x75, 0xc1, 0x00, 0xe9, 0x72, 0xc0, 0x00, 0xe4, 0x72, 0xbe, 0x18, 0xe6,
0x73, 0xc1, 0x64, 0xe9, 0x73, 0xc2, 0xd5, 0xea, 0x76, 0xc3, 0xff, 0xeb, 0x76, 0xc3, 0xff,
0xea, 0x75, 0xc3, 0xff, 0xea, 0x75, 0xc3, 0xff, 0xea, 0x75, 0xc3, 0xff, 0xea, 0x75, 0xc3,
0xff, 0xea, 0x75, 0xc3, 0xff, 0xea, 0x75, 0xc3, 0xff, 0xea, 0x75, 0xc3, 0xff, 0xea, 0x75,
0xc3, 0xff, 0xea, 0x75, 0xc3, 0xff, 0xea, 0x75, 0xc3, 0xff, 0xea, 0x75, 0xc3, 0xff, 0xea,
0x75, 0xc3, 0xff, 0xea, 0x75, 0xc3, 0xff, 0xea, 0x75, 0xc3, 0xff, 0xea, 0x75, 0xc3, 0xff,
0xea, 0x75, 0xc3, 0xff, 0xea, 0x75, 0xc3, 0xff, 0xea, 0x75, 0xc3, 0xff, 0xea, 0x75, 0xc3,
0xff, 0xea, 0x75, 0xc3, 0xff, 0xea, 0x75, 0xc3, 0xff, 0xea, 0x75, 0xc3, 0xff, 0xea, 0x75,
0xc3, 0xff, 0xea, 0x75, 0xc3, 0xff, 0xea, 0x75, 0xc3, 0xff, 0xea, 0x75, 0xc3, 0xff, 0xea,
0x75, 0xc3, 0xff, 0xea, 0x75, 0xc3, 0xff, 0xea, 0x75, 0xc3, 0xff, 0xea, 0x75, 0xc3, 0xff,
0xea, 0x75, 0xc3, 0xff, 0xea, 0x75, 0xc3, 0xff, 0xea, 0x75, 0xc3, 0xff, 0xea, 0x75, 0xc3,
0xff, 0xea, 0x75, 0xc3, 0xff, 0xea, 0x75, 0xc3, 0xff, 0xeb, 0x75, 0xc3, 0xff, 0xea, 0x75,
0xc3, 0xff, 0xea, 0x75, 0xc3, 0xff, 0xe9, 0x74, 0xc3, 0xdb, 0xe9, 0x74, 0xc3, 0x6e, 0xe2,
0x6c, 0xc2, 0x1f, 0xe5, 0x6c, 0xc0, 0x00, 0xea, 0x74, 0xc0, 0x00, 0xe9, 0x72, 0xbf, 0x00,
0xe7, 0x71, 0xc1, 0x00, 0xda, 0x63, 0xba, 0x00, 0xd5, 0x5c, 0xb4, 0x00, 0xec, 0x76, 0xc2,
0x00, 0xe6, 0x6d, 0xc2, 0x00, 0xe0, 0x69, 0xc0, 0x00, 0xd1, 0x69, 0xab, 0x00, 0xd7, 0x67,
0xb3, 0x00, 0xe5, 0x6f, 0xc2, 0x00, 0xd9, 0x6a, 0xbc, 0x00, 0xe5, 0x6f, 0xbf, 0x00, 0xe9,
0x75, 0xc2, 0x00, 0xe9, 0x74, 0xc2, 0x00, 0xe9, 0x75, 0xc3, 0x00, 0xec, 0x76, 0xc3, 0x00,
0xdf, 0x68, 0xbb, 0x00, 0x86, 0x08, 0x84, 0x00, 0x7e, 0x00, 0x7f, 0x00, 0x80, 0x01, 0x80,
0x00, 0x80, 0x01, 0x80, 0x00, 0x80, 0x01, 0x80, 0x00, 0x80, 0x01, 0x80, 0x00, 0x80, 0x01,
0x80, 0x00, 0x80, 0x01, 0x80, 0x00, 0x80, 0x01, 0x80, 0x00, 0x80, 0x01, 0x80, 0x00, 0x80,
0x01, 0x80, 0x00, 0x80, 0x01, 0x80, 0x00, 0x80, 0x01, 0x80, 0x00, 0xff, 0xff, 0xff, 0x00,
0xff, 0xff, 0xff, 0x00, 0xff, 0xff, 0xff, 0x00, 0xff, 0xff, 0xff, 0x00, 0xff, 0xff, 0xff,
0x00, 0xff, 0xff, 0xff, 0x00, 0xff, 0xff, 0xff, 0x00, 0xff, 0xff, 0xff, 0x00, 0xff, 0xff,
0xff, 0x00, 0xff, 0xff, 0xff, 0x00, 0xff, 0xff, 0xff, 0x00, 0xff, 0xff, 0xff, 0x00, 0xff,
0xff, 0xff, 0x00, 0xff, 0xff, 0xff, 0x00, 0xff, 0xff, 0xff, 0x00, 0xff, 0xff, 0xff, 0x00,
0xff, 0xff, 0xff, 0x00, 0xab, 0x56, 0xab, 0x00, 0xab, 0x56, 0xab, 0x00, 0xab, 0x56, 0xab,
0x00, 0xab, 0x56, 0xab, 0x00, 0xab, 0x56, 0xab, 0x00, 0xab, 0x56, 0xab, 0x00, 0xab, 0x56,
0xab, 0x00, 0xab, 0x56, 0xab, 0x00, 0xab, 0x56, 0xab, 0x00, 0xab, 0x56, 0xab, 0x00, 0xab,
0x56, 0xab, 0x00, 0xab, 0x56, 0xab, 0x00, 0xa8, 0x55, 0xaa, 0x00, 0xba, 0x5b, 0xae, 0x00,
0xea, 0x71, 0xbf, 0x00, 0xe8, 0x74, 0xc3, 0x00, 0xea, 0x74, 0xc3, 0x00, 0xdd, 0x6e, 0xb7,
0x00, 0xad, 0x57, 0x8c, 0x00, 0xe3, 0x69, 0xbf, 0x00, 0xe2, 0x6c, 0xbc, 0x00, 0xe4, 0x71,
0xc0, 0x00, 0xdb, 0x65, 0xc0, 0x00, 0xe4, 0x6e, 0xc2, 0x00, 0xe4, 0x6b, 0xc2, 0x00, 0xe4,
0x6c, 0xc2, 0x00, 0xe0, 0x6d, 0xbb, 0x00, 0xb1, 0x59, 0x93, 0x00, 0xe2, 0x69, 0xbf, 0x00,
0xe0, 0x66, 0xbb, 0x00, 0xea, 0x75, 0xc1, 0x1b, 0xe9, 0x73, 0xc2, 0x79, 0xea, 0x75, 0xc3,
0xea, 0xea, 0x75, 0xc3, 0xff, 0xea, 0x75, 0xc3, 0xff, 0xea, 0x75, 0xc3, 0xff, 0xea, 0x75,
0xc3, 0xff, 0xea, 0x75, 0xc3, 0xff, 0xea, 0x75, 0xc3, 0xff, 0xea, 0x75, 0xc3, 0xff, 0xea,
0x75, 0xc3, 0xff, 0xea, 0x75, 0xc3, 0xff, 0xea, 0x75, 0xc3, 0xff, 0xea, 0x75, 0xc3, 0xff,
0xea, 0x75, 0xc3, 0xff, 0xea, 0x75, 0xc3, 0xff, 0xea, 0x75, 0xc3, 0xff, 0xea, 0x75, 0xc3,
0xff, 0xea, 0x75, 0xc3, 0xff, 0xea, 0x75, 0xc3, 0xff, 0xea, 0x75, 0xc3, 0xff, 0xea, 0x75,
0xc3, 0xff, 0xea, 0x75, 0xc3, 0xff, 0xea, 0x75, 0xc3, 0xff, 0xea, 0x75, 0xc3, 0xff, 0xea,
0x75, 0xc3, 0xff, 0xea, 0x75, 0xc3, 0xff, 0xea, 0x75, 0xc3, 0xff, 0xea, 0x75, 0xc3, 0xff,
0xea, 0x75, 0xc3, 0xff, 0xea, 0x75, 0xc3, 0xff, 0xea, 0x75, 0xc3, 0xff, 0xea, 0x75, 0xc3,
0xff, 0xea, 0x75, 0xc3, 0xff, 0xea, 0x75, 0xc3, 0xff, 0xea, 0x75, 0xc3, 0xff, 0xea, 0x75,
0xc3, 0xff, 0xea, 0x75, 0xc3, 0xff, 0xea, 0x75, 0xc3, 0xff, 0xea, 0x75, 0xc3, 0xff, 0xea,
0x75, 0xc3, 0xff, 0xea, 0x75, 0xc3, 0xff, 0xea, 0x75, 0xc3, 0xff, 0xea, 0x75, 0xc3, 0xff,
0xea, 0x75, 0xc3, 0xff, 0xea, 0x75, 0xc3, 0xff, 0xea, 0x75, 0xc3, 0xff, 0xea, 0x75, 0xc3,
0xff, 0xe9, 0x74, 0xc3, 0xf2, 0xe9, 0x73, 0xc2, 0x90, 0xe9, 0x73, 0xc0, 0x25, 0xe9, 0x72,
0xbf, 0x00, 0xe7, 0x71, 0xc1, 0x00, 0xda, 0x63, 0xba, 0x00, 0xd5, 0x5c, 0xb4, 0x00, 0xec,
0x76, 0xc2, 0x00, 0xe6, 0x6d, 0xc2, 0x00, 0xe0, 0x69, 0xc0, 0x00, 0xd1, 0x69, 0xab, 0x00,
0xd7, 0x67, 0xb3, 0x00, 0xe5, 0x6f, 0xc2, 0x00, 0xd9, 0x6a, 0xbc, 0x00, 0xe5, 0x6f, 0xbf,
0x00, 0xe9, 0x75, 0xc2, 0x00, 0xe9, 0x74, 0xc2, 0x00, 0xe9, 0x75, 0xc3, 0x00, 0xec, 0x76,
0xc3, 0x00, 0xdf, 0x68, 0xbb, 0x00, 0x86, 0x08, 0x84, 0x00, 0x7e, 0x00, 0x7f, 0x00, 0x80,
0x01, 0x80, 0x00, 0x80, 0x01, 0x80, 0x00, 0x80, 0x01, 0x80, 0x00, 0x80, 0x01, 0x80, 0x00,
0x80, 0x01, 0x80, 0x00, 0x80, 0x01, 0x80, 0x00, 0x80, 0x01, 0x80, 0x00, 0x80, 0x01, 0x80,
0x00, 0x80, 0x01, 0x80, 0x00, 0x80, 0x01, 0x80, 0x00, 0x80, 0x01, 0x80, 0x00, 0xff, 0xff,
0xff, 0x00, 0xff, 0xff, 0xff, 0x00, 0xff, 0xff, 0xff, 0x00, 0xff, 0xff, 0xff, 0x00, 0xff,
0xff, 0xff, 0x00, 0xff, 0xff, 0xff, 0x00, 0xff, 0xff, 0xff, 0x00, 0xff, 0xff, 0xff, 0x00,
0xff, 0xff, 0xff, 0x00, 0xff, 0xff, 0xff, 0x00, 0xff, 0xff, 0xff, 0x00, 0xff, 0xff, 0xff,
0x00, 0xff, 0xff, 0xff, 0x00, 0xff, 0xff, 0xff, 0x00, 0xff, 0xff, 0xff, 0x00, 0xff, 0xff,
0xff, 0x00, 0xff, 0xff, 0xff, 0x00, 0xab, 0x56, 0xab, 0x00, 0xab, 0x56, 0xab, 0x00, 0xab,
0x56, 0xab, 0x00, 0xab, 0x56, 0xab, 0x00, 0xab, 0x56, 0xab, 0x00, 0xab, 0x56, 0xab, 0x00,
0xab, 0x56, 0xab, 0x00, 0xab, 0x56, 0xab, 0x00, 0xab, 0x56, 0xab, 0x00, 0xab, 0x56, 0xab,
0x00, 0xab, 0x56, 0xab, 0x00, 0xab, 0x56, 0xab, 0x00, 0xa8, 0x55, 0xaa, 0x00, 0xba, 0x5b,
0xae, 0x00, 0xea, 0x71, 0xbf, 0x00, 0xe8, 0x74, 0xc3, 0x00, 0xea, 0x74, 0xc3, 0x00, 0xdd,
0x6e, 0xb7, 0x00, 0xad, 0x57, 0x8c, 0x00, 0xe3, 0x69, 0xbf, 0x00, 0xe2, 0x6c, 0xbc, 0x00,
0xe4, 0x71, 0xc0, 0x00, 0xdb, 0x65, 0xc0, 0x00, 0xe4, 0x6e, 0xc2, 0x00, 0xe4, 0x6b, 0xc2,
0x00, 0xe4, 0x6c, 0xc2, 0x00, 0xe0, 0x6d, 0xbb, 0x00, 0xae, 0x57, 0x91, 0x00, 0xe4, 0x6b,
0xc0, 0x13, 0xe3, 0x6b, 0xbe, 0x75, 0xeb, 0x76, 0xc3, 0xed, 0xea, 0x75, 0xc3, 0xff, 0xea,
0x75, 0xc3, 0xff, 0xea, 0x75, 0xc3, 0xff, 0xea, 0x75, 0xc3, 0xff, 0xea, 0x75, 0xc3, 0xff,
0xea, 0x75, 0xc3, 0xff, 0xea, 0x75, 0xc3, 0xff, 0xea, 0x75, 0xc3, 0xff, 0xea, 0x75, 0xc3,
0xff, 0xea, 0x75, 0xc3, 0xff, 0xea, 0x75, 0xc3, 0xff, 0xea, 0x75, 0xc3, 0xff, 0xea, 0x75,
0xc3, 0xff, 0xea, 0x75, 0xc3, 0xff, 0xea, 0x75, 0xc3, 0xff, 0xea, 0x75, 0xc3, 0xff, 0xea,
0x75, 0xc3, 0xff, 0xea, 0x75, 0xc3, 0xff, 0xea, 0x75, 0xc3, 0xff, 0xea, 0x75, 0xc3, 0xff,
0xea, 0x75, 0xc3, 0xff, 0xea, 0x75, 0xc3, 0xff, 0xea, 0x75, 0xc3, 0xff, 0xea, 0x75, 0xc3,
0xff, 0xea, 0x75, 0xc3, 0xff, 0xea, 0x75, 0xc3, 0xff, 0xea, 0x75, 0xc3, 0xff, 0xea, 0x75,
0xc3, 0xff, 0xea, 0x75, 0xc3, 0xff, 0xea, 0x75, 0xc3, 0xff, 0xea, 0x75, 0xc3, 0xff, 0xea,
0x75, 0xc3, 0xff, 0xea, 0x75, 0xc3, 0xff, 0xea, 0x75, 0xc3, 0xff, 0xea, 0x75, 0xc3, 0xff,
0xea, 0x75, 0xc3, 0xff, 0xea, 0x75, 0xc3, 0xff, 0xea, 0x75, 0xc3, 0xff, 0xea, 0x75, 0xc3,
0xff, 0xea, 0x75, 0xc3, 0xff, 0xea, 0x75, 0xc3, 0xff, 0xea, 0x75, 0xc3, 0xff, 0xea, 0x75,
0xc3, 0xff, 0xea, 0x75, 0xc3, 0xff, 0xea, 0x75, 0xc3, 0xff, 0xea, 0x75, 0xc3, 0xff, 0xea,
0x75, 0xc3, 0xff, 0xea, 0x75, 0xc3, 0xff, 0xea, 0x75, 0xc3, 0xff, 0xea, 0x75, 0xc3, 0xf5,
0xea, 0x74, 0xc1, 0x90, 0xe7, 0x72, 0xc1, 0x20, 0xda, 0x63, 0xba, 0x00, 0xd4, 0x5b, 0xb4,
0x00, 0xec, 0x76, 0xc2, 0x00, 0xe6, 0x6d, 0xc2, 0x00, 0xe0, 0x69, 0xc0, 0x00, 0xd1, 0x69,
0xab, 0x00, 0xd7, 0x67, 0xb3, 0x00, 0xe5, 0x6f, 0xc2, 0x00, 0xd9, 0x6a, 0xbc, 0x00, 0xe5,
0x6f, 0xbf, 0x00, 0xe9, 0x75, 0xc2, 0x00, 0xe9, 0x74, 0xc2, 0x00, 0xe9, 0x75, 0xc3, 0x00,
0xec, 0x76, 0xc3, 0x00, 0xdf, 0x68, 0xbb, 0x00, 0x86, 0x08, 0x84, 0x00, 0x7e, 0x00, 0x7f,
0x00, 0x80, 0x01, 0x80, 0x00, 0x80, 0x01, 0x80, 0x00, 0x80, 0x01, 0x80, 0x00, 0x80, 0x01,
0x80, 0x00, 0x80, 0x01, 0x80, 0x00, 0x80, 0x01, 0x80, 0x00, 0x80, 0x01, 0x80, 0x00, 0x80,
0x01, 0x80, 0x00, 0x80, 0x01, 0x80, 0x00, 0x80, 0x01, 0x80, 0x00, 0x80, 0x01, 0x80, 0x00,
0xff, 0xff, 0xff, 0x00, 0xff, 0xff, 0xff, 0x00, 0xff, 0xff, 0xff, 0x00, 0xff, 0xff, 0xff,
0x00, 0xff, 0xff, 0xff, 0x00, 0xff, 0xff, 0xff, 0x00, 0xff, 0xff, 0xff, 0x00, 0xff, 0xff,
0xff, 0x00, 0xff, 0xff, 0xff, 0x00, 0xff, 0xff, 0xff, 0x00, 0xff, 0xff, 0xff, 0x00, 0xff,
0xff, 0xff, 0x00, 0xff, 0xff, 0xff, 0x00, 0xff, 0xff, 0xff, 0x00, 0xff, 0xff, 0xff, 0x00,
0xff, 0xff, 0xff, 0x00, 0xff, 0xff, 0xff, 0x00, 0xab, 0x56, 0xab, 0x00, 0xab, 0x56, 0xab,
0x00, 0xab, 0x56, 0xab, 0x00, 0xab, 0x56, 0xab, 0x00, 0xab, 0x56, 0xab, 0x00, 0xab, 0x56,
0xab, 0x00, 0xab, 0x56, 0xab, 0x00, 0xab, 0x56, 0xab, 0x00, 0xab, 0x56, 0xab, 0x00, 0xab,
0x56, 0xab, 0x00, 0xab, 0x56, 0xab, 0x00, 0xab, 0x56, 0xab, 0x00, 0xa8, 0x55, 0xaa, 0x00,
0xba, 0x5b, 0xae, 0x00, 0xea, 0x71, 0xbf, 0x00, 0xe8, 0x74, 0xc3, 0x00, 0xea, 0x74, 0xc3,
0x00, 0xdd, 0x6e, 0xb7, 0x00, 0xad, 0x57, 0x8c, 0x00, 0xe3, 0x69, 0xbf, 0x00, 0xe2, 0x6c,
0xbc, 0x00, 0xe4, 0x71, 0xc0, 0x00, 0xdb, 0x65, 0xc0, 0x00, 0xe4, 0x6e, 0xc2, 0x00, 0xe4,
0x6b, 0xc2, 0x00, 0xe4, 0x6b, 0xc2, 0x00, 0xe2, 0x6e, 0xbd, 0x01, 0xbf, 0x5f, 0x9f, 0x57,
0xec, 0x76, 0xc5, 0xe1, 0xea, 0x75, 0xc3, 0xff, 0xea, 0x75, 0xc3, 0xff, 0xea, 0x75, 0xc3,
0xff, 0xea, 0x75, 0xc3, 0xff, 0xea, 0x75, 0xc3, 0xff, 0xea, 0x75, 0xc3, 0xff, 0xea, 0x75,
0xc3, 0xff, 0xea, 0x75, 0xc3, 0xff, 0xea, 0x75, 0xc3, 0xff, 0xea, 0x75, 0xc3, 0xff, 0xea,
0x75, 0xc3, 0xff, 0xea, 0x75, 0xc3, 0xff, 0xea, 0x75, 0xc3, 0xff, 0xea, 0x75, 0xc3, 0xff,
0xea, 0x75, 0xc3, 0xff, 0xea, 0x75, 0xc3, 0xff, 0xea, 0x75, 0xc3, 0xff, 0xea, 0x75, 0xc3,
0xff, 0xea, 0x75, 0xc3, 0xff, 0xea, 0x75, 0xc3, 0xff, 0xea, 0x75, 0xc3, 0xff, 0xea, 0x75,
0xc3, 0xff, 0xea, 0x75, 0xc3, 0xff, 0xea, 0x75, 0xc3, 0xff, 0xea, 0x75, 0xc3, 0xff, 0xea,
0x75, 0xc3, 0xff, 0xea, 0x75, 0xc3, 0xff, 0xea, 0x75, 0xc3, 0xff, 0xea, 0x75, 0xc3, 0xff,
0xea, 0x75, 0xc3, 0xff, 0xea, 0x75, 0xc3, 0xff, 0xea, 0x75, 0xc3, 0xff, 0xea, 0x75, 0xc3,
0xff, 0xea, 0x75, 0xc3, 0xff, 0xea, 0x75, 0xc3, 0xff, 0xea, 0x75, 0xc3, 0xff, 0xea, 0x75,
0xc3, 0xff, 0xea, 0x75, 0xc3, 0xff, 0xea, 0x75, 0xc3, 0xff, 0xea, 0x75, 0xc3, 0xff, 0xea,
0x75, 0xc3, 0xff, 0xea, 0x75, 0xc3, 0xff, 0xea, 0x75, 0xc3, 0xff, 0xea, 0x75, 0xc3, 0xff,
0xea, 0x75, 0xc3, 0xff, 0xea, 0x75, 0xc3, 0xff, 0xea, 0x75, 0xc3, 0xff, 0xea, 0x75, 0xc3,
0xff, 0xea, 0x75, 0xc3, 0xff, 0xea, 0x75, 0xc3, 0xff, 0xea, 0x75, 0xc3, 0xff, 0xea, 0x75,
0xc3, 0xff, 0xea, 0x75, 0xc3, 0xff, 0xeb, 0x76, 0xc4, 0xf0, 0xdf, 0x69, 0xbc, 0x76, 0xd8,
0x60, 0xb6, 0x0e, 0xec, 0x75, 0xc2, 0x00, 0xe6, 0x6d, 0xc2, 0x00, 0xe0, 0x69, 0xc0, 0x00,
0xd1, 0x69, 0xab, 0x00, 0xd7, 0x67, 0xb3, 0x00, 0xe5, 0x6f, 0xc2, 0x00, 0xd9, 0x6a, 0xbc,
0x00, 0xe5, 0x6f, 0xbf, 0x00, 0xe9, 0x75, 0xc2, 0x00, 0xe9, 0x74, 0xc2, 0x00, 0xe9, 0x75,
0xc3, 0x00, 0xec, 0x76, 0xc3, 0x00, 0xdf, 0x68, 0xbb, 0x00, 0x86, 0x08, 0x84, 0x00, 0x7e,
0x00, 0x7f, 0x00, 0x80, 0x01, 0x80, 0x00, 0x80, 0x01, 0x80, 0x00, 0x80, 0x01, 0x80, 0x00,
0x80, 0x01, 0x80, 0x00, 0x80, 0x01, 0x80, 0x00, 0x80, 0x01, 0x80, 0x00, 0x80, 0x01, 0x80,
0x00, 0x80, 0x01, 0x80, 0x00, 0x80, 0x01, 0x80, 0x00, 0x80, 0x01, 0x80, 0x00, 0x80, 0x01,
0x80, 0x00, 0xff, 0xff, 0xff, 0x00, 0xff, 0xff, 0xff, 0x00, 0xff, 0xff, 0xff, 0x00, 0xff,
0xff, 0xff, 0x00, 0xff, 0xff, 0xff, 0x00, 0xff, 0xff, 0xff, 0x00, 0xff, 0xff, 0xff, 0x00,
0xff, 0xff, 0xff, 0x00, 0xff, 0xff, 0xff, 0x00, 0xff, 0xff, 0xff, 0x00, 0xff, 0xff, 0xff,
0x00, 0xff, 0xff, 0xff, 0x00, 0xff, 0xff, 0xff, 0x00, 0xff, 0xff, 0xff, 0x00, 0xff, 0xff,
0xff, 0x00, 0xff, 0xff, 0xff, 0x00, 0xff, 0xff, 0xff, 0x00, 0xab, 0x56, 0xab, 0x00, 0xab,
0x56, 0xab, 0x00, 0xab, 0x56, 0xab, 0x00, 0xab, 0x56, 0xab, 0x00, 0xab, 0x56, 0xab, 0x00,
0xab, 0x56, 0xab, 0x00, 0xab, 0x56, 0xab, 0x00, 0xab, 0x56, 0xab, 0x00, 0xab, 0x56, 0xab,
0x00, 0xab, 0x56, 0xab, 0x00, 0xab, 0x56, 0xab, 0x00, 0xab, 0x56, 0xab, 0x00, 0xa8, 0x55,
0xaa, 0x00, 0xba, 0x5b, 0xae, 0x00, 0xea, 0x71, 0xbf, 0x00, 0xe8, 0x74, 0xc3, 0x00, 0xea,
0x74, 0xc3, 0x00, 0xdd, 0x6e, 0xb7, 0x00, 0xad, 0x57, 0x8c, 0x00, 0xe3, 0x69, 0xbf, 0x00,
0xe2, 0x6c, 0xbc, 0x00, 0xe4, 0x71, 0xc0, 0x00, 0xdb, 0x65, 0xc0, 0x00, 0xe4, 0x6e, 0xc2,
0x00, 0xe4, 0x6a, 0xc2, 0x00, 0xe5, 0x6d, 0xc2, 0x2d, 0xe9, 0x73, 0xc3, 0xb9, 0xec, 0x76,
0xc5, 0xff, 0xea, 0x75, 0xc3, 0xff, 0xea, 0x75, 0xc3, 0xff, 0xea, 0x75, 0xc3, 0xff, 0xea,
0x75, 0xc3, 0xff, 0xea, 0x75, 0xc3, 0xff, 0xea, 0x75, 0xc3, 0xff, 0xea, 0x75, 0xc3, 0xff,
0xea, 0x75, 0xc3, 0xff, 0xea, 0x75, 0xc3, 0xff, 0xea, 0x75, 0xc3, 0xff, 0xea, 0x75, 0xc3,
0xff, 0xea, 0x75, 0xc3, 0xff, 0xea, 0x75, 0xc3, 0xff, 0xea, 0x75, 0xc3, 0xff, 0xea, 0x75,
0xc3, 0xff, 0xea, 0x75, 0xc3, 0xff, 0xea, 0x75, 0xc3, 0xff, 0xea, 0x75, 0xc3, 0xff, 0xea,
0x75, 0xc3, 0xff, 0xea, 0x75, 0xc3, 0xff, 0xea, 0x75, 0xc3, 0xff, 0xea, 0x75, 0xc3, 0xff,
0xea, 0x75, 0xc3, 0xff, 0xea, 0x75, 0xc3, 0xff, 0xea, 0x75, 0xc3, 0xff, 0xea, 0x75, 0xc3,
0xff, 0xea, 0x75, 0xc3, 0xff, 0xea, 0x75, 0xc3, 0xff, 0xea, 0x75, 0xc3, 0xff, 0xea, 0x75,
0xc3, 0xff, 0xea, 0x75, 0xc3, 0xff, 0xea, 0x75, 0xc3, 0xff, 0xea, 0x75, 0xc3, 0xff, 0xea,
0x75, 0xc3, 0xff, 0xea, 0x75, 0xc3, 0xff, 0xea, 0x75, 0xc3, 0xff, 0xea, 0x75, 0xc3, 0xff,
0xea, 0x75, 0xc3, 0xff, 0xea, 0x75, 0xc3, 0xff, 0xea, 0x75, 0xc3, 0xff, 0xea, 0x75, 0xc3,
0xff, 0xea, 0x75, 0xc3, 0xff, 0xea, 0x75, 0xc3, 0xff, 0xea, 0x75, 0xc3, 0xff, 0xea, 0x75,
0xc3, 0xff, 0xea, 0x75, 0xc3, 0xff, 0xea, 0x75, 0xc3, 0xff, 0xea, 0x75, 0xc3, 0xff, 0xea,
0x75, 0xc3, 0xff, 0xea, 0x75, 0xc3, 0xff, 0xea, 0x75, 0xc3, 0xff, 0xea, 0x75, 0xc3, 0xff,
0xea, 0x75, 0xc3, 0xff, 0xea, 0x75, 0xc3, 0xff, 0xea, 0x75, 0xc3, 0xff, 0xea, 0x75, 0xc3,
0xff, 0xe9, 0x74, 0xc2, 0xd6, 0xe9, 0x74, 0xc1, 0x40, 0xe6, 0x6d, 0xc2, 0x00, 0xe0, 0x69,
0xc0, 0x00, 0xd1, 0x69, 0xab, 0x00, 0xd7, 0x67, 0xb3, 0x00, 0xe5, 0x6f, 0xc2, 0x00, 0xd9,
0x6a, 0xbc, 0x00, 0xe5, 0x6f, 0xbf, 0x00, 0xe9, 0x75, 0xc2, 0x00, 0xe9, 0x74, 0xc2, 0x00,
0xe9, 0x75, 0xc3, 0x00, 0xec, 0x76, 0xc3, 0x00, 0xdf, 0x68, 0xbb, 0x00, 0x86, 0x08, 0x84,
0x00, 0x7e, 0x00, 0x7f, 0x00, 0x80, 0x01, 0x80, 0x00, 0x80, 0x01, 0x80, 0x00, 0x80, 0x01,
0x80, 0x00, 0x80, 0x01, 0x80, 0x00, 0x80, 0x01, 0x80, 0x00, 0x80, 0x01, 0x80, 0x00, 0x80,
0x01, 0x80, 0x00, 0x80, 0x01, 0x80, 0x00, 0x80, 0x01, 0x80, 0x00, 0x80, 0x01, 0x80, 0x00,
0x80, 0x01, 0x80, 0x00, 0xff, 0xff, 0xff, 0x00, 0xff, 0xff, 0xff, 0x00, 0xff, 0xff, 0xff,
0x00, 0xff, 0xff, 0xff, 0x00, 0xff, 0xff, 0xff, 0x00, 0xff, 0xff, 0xff, 0x00, 0xff, 0xff,
0xff, 0x00, 0xff, 0xff, 0xff, 0x00, 0xff, 0xff, 0xff, 0x00, 0xff, 0xff, 0xff, 0x00, 0xff,
0xff, 0xff, 0x00, 0xff, 0xff, 0xff, 0x00, 0xff, 0xff, 0xff, 0x00, 0xff, 0xff, 0xff, 0x00,
0xff, 0xff, 0xff, 0x00, 0xff, 0xff, 0xff, 0x00, 0xff, 0xff, 0xff, 0x00, 0xab, 0x56, 0xab,
0x00, 0xab, 0x56, 0xab, 0x00, 0xab, 0x56, 0xab, 0x00, 0xab, 0x56, 0xab, 0x00, 0xab, 0x56,
0xab, 0x00, 0xab, 0x56, 0xab, 0x00, 0xab, 0x56, 0xab, 0x00, 0xab, 0x56, 0xab, 0x00, 0xab,
0x56, 0xab, 0x00, 0xab, 0x56, 0xab, 0x00, 0xab, 0x56, 0xab, 0x00, 0xab, 0x56, 0xab, 0x00,
0xa8, 0x55, 0xaa, 0x00, 0xba, 0x5b, 0xae, 0x00, 0xea, 0x71, 0xbf, 0x00, 0xe8, 0x74, 0xc3,
0x00, 0xea, 0x74, 0xc3, 0x00, 0xdd, 0x6e, 0xb7, 0x00, 0xad, 0x57, 0x8c, 0x00, 0xe3, 0x69,
0xbf, 0x00, 0xe2, 0x6c, 0xbc, 0x00, 0xe4, 0x71, 0xc0, 0x00, 0xdb, 0x64, 0xc0, 0x00, 0xe5,
0x6f, 0xc2, 0x03, 0xe6, 0x6f, 0xc3, 0x6e, 0xea, 0x75, 0xc3, 0xf6, 0xea, 0x75, 0xc3, 0xff,
0xea, 0x75, 0xc3, 0xff, 0xea, 0x75, 0xc3, 0xff, 0xea, 0x75, 0xc3, 0xff, 0xea, 0x75, 0xc3,
0xff, 0xea, 0x75, 0xc3, 0xff, 0xea, 0x75, 0xc3, 0xff, 0xea, 0x75, 0xc3, 0xff, 0xea, 0x75,
0xc3, 0xff, 0xea, 0x75, 0xc3, 0xff, 0xea, 0x75, 0xc3, 0xff, 0xea, 0x75, 0xc3, 0xff, 0xea,
0x75, 0xc3, 0xff, 0xea, 0x75, 0xc3, 0xff, 0xea, 0x75, 0xc3, 0xff, 0xea, 0x75, 0xc3, 0xff,
0xea, 0x75, 0xc3, 0xff, 0xea, 0x75, 0xc3, 0xff, 0xea, 0x75, 0xc3, 0xff, 0xea, 0x75, 0xc3,
0xff, 0xea, 0x75, 0xc3, 0xff, 0xea, 0x75, 0xc3, 0xff, 0xea, 0x75, 0xc3, 0xff, 0xea, 0x75,
0xc3, 0xff, 0xea, 0x75, 0xc3, 0xff, 0xea, 0x75, 0xc3, 0xff, 0xea, 0x75, 0xc3, 0xff, 0xea,
0x75, 0xc3, 0xff, 0xea, 0x75, 0xc3, 0xff, 0xea, 0x75, 0xc3, 0xff, 0xea, 0x75, 0xc3, 0xff,
0xea, 0x75, 0xc3, 0xff, 0xea, 0x75, 0xc3, 0xff, 0xea, 0x75, 0xc3, 0xff, 0xea, 0x75, 0xc3,
0xff, 0xea, 0x75, 0xc3, 0xff, 0xea, 0x75, 0xc3, 0xff, 0xea, 0x75, 0xc3, 0xff, 0xea, 0x75,
0xc3, 0xff, 0xea, 0x75, 0xc3, 0xff, 0xea, 0x75, 0xc3, 0xff, 0xea, 0x75, 0xc3, 0xff, 0xea,
0x75, 0xc3, 0xff, 0xea, 0x75, 0xc3, 0xff, 0xea, 0x75, 0xc3, 0xff, 0xea, 0x75, 0xc3, 0xff,
0xea, 0x75, 0xc3, 0xff, 0xea, 0x75, 0xc3, 0xff, 0xea, 0x75, 0xc3, 0xff, 0xea, 0x75, 0xc3,
0xff, 0xea, 0x75, 0xc3, 0xff, 0xea, 0x75, 0xc3, 0xff, 0xea, 0x75, 0xc3, 0xff, 0xea, 0x75,
0xc3, 0xff, 0xea, 0x75, 0xc3, 0xff, 0xea, 0x75, 0xc3, 0xff, 0xea, 0x75, 0xc3, 0xff, 0xea,
0x75, 0xc3, 0xff, 0xea, 0x75, 0xc3, 0xff, 0xeb, 0x76, 0xc3, 0xff, 0xe7, 0x6f, 0xc3, 0x8c,
0xe1, 0x6b, 0xc0, 0x0c, 0xd0, 0x68, 0xaa, 0x00, 0xd7, 0x67, 0xb3, 0x00, 0xe5, 0x6f, 0xc2,
0x00, 0xd9, 0x6a, 0xbc, 0x00, 0xe5, 0x6f, 0xbf, 0x00, 0xe9, 0x75, 0xc2, 0x00, 0xe9, 0x74,
0xc2, 0x00, 0xe9, 0x75, 0xc3, 0x00, 0xec, 0x76, 0xc3, 0x00, 0xdf, 0x68, 0xbb, 0x00, 0x86,
0x08, 0x84, 0x00, 0x7e, 0x00, 0x7f, 0x00, 0x80, 0x01, 0x80, 0x00, 0x80, 0x01, 0x80, 0x00,
0x80, 0x01, 0x80, 0x00, 0x80, 0x01, 0x80, 0x00, 0x80, 0x01, 0x80, 0x00, 0x80, 0x01, 0x80,
0x00, 0x80, 0x01, 0x80, 0x00, 0x80, 0x01, 0x80, 0x00, 0x80, 0x01, 0x80, 0x00, 0x80, 0x01,
0x80, 0x00, 0x80, 0x01, 0x80, 0x00, 0xff, 0xff, 0xff, 0x00, 0xff, 0xff, 0xff, 0x00, 0xff,
0xff, 0xff, 0x00, 0xff, 0xff, 0xff, 0x00, 0xff, 0xff, 0xff, 0x00, 0xff, 0xff, 0xff, 0x00,
0xff, 0xff, 0xff, 0x00, 0xff, 0xff, 0xff, 0x00, 0xff, 0xff, 0xff, 0x00, 0xff, 0xff, 0xff,
0x00, 0xff, 0xff, 0xff, 0x00, 0xff, 0xff, 0xff, 0x00, 0xff, 0xff, 0xff, 0x00, 0xff, 0xff,
0xff, 0x00, 0xff, 0xff, 0xff, 0x00, 0xff, 0xff, 0xff, 0x00, 0xff, 0xff, 0xff, 0x00, 0xab,
0x56, 0xab, 0x00, 0xab, 0x56, 0xab, 0x00, 0xab, 0x56, 0xab, 0x00, 0xab, 0x56, 0xab, 0x00,
0xab, 0x56, 0xab, 0x00, 0xab, 0x56, 0xab, 0x00, 0xab, 0x56, 0xab, 0x00, 0xab, 0x56, 0xab,
0x00, 0xab, 0x56, 0xab, 0x00, 0xab, 0x56, 0xab, 0x00, 0xab, 0x56, 0xab, 0x00, 0xab, 0x56,
0xab, 0x00, 0xa8, 0x55, 0xaa, 0x00, 0xba, 0x5b, 0xae, 0x00, 0xea, 0x71, 0xbf, 0x00, 0xe8,
0x74, 0xc3, 0x00, 0xea, 0x74, 0xc3, 0x00, 0xdd, 0x6e, 0xb7, 0x00, 0xad, 0x57, 0x8c, 0x00,
0xe3, 0x69, 0xbf, 0x00, 0xe2, 0x6c, 0xbc, 0x00, 0xe3, 0x71, 0xc0, 0x00, 0xdd, 0x66, 0xc0,
0x21, 0xe9, 0x74, 0xc3, 0xb8, 0xea, 0x75, 0xc3, 0xff, 0xea, 0x75, 0xc3, 0xff, 0xea, 0x75,
0xc3, 0xff, 0xea, 0x75, 0xc3, 0xff, 0xea, 0x75, 0xc3, 0xff, 0xea, 0x75, 0xc3, 0xff, 0xea,
0x75, 0xc3, 0xff, 0xea, 0x75, 0xc3, 0xff, 0xea, 0x75, 0xc3, 0xff, 0xea, 0x75, 0xc3, 0xff,
0xea, 0x75, 0xc3, 0xff, 0xea, 0x75, 0xc3, 0xff, 0xea, 0x75, 0xc3, 0xff, 0xea, 0x75, 0xc3,
0xff, 0xea, 0x75, 0xc3, 0xff, 0xea, 0x75, 0xc3, 0xff, 0xea, 0x75, 0xc3, 0xff, 0xea, 0x75,
0xc3, 0xff, 0xea, 0x75, 0xc3, 0xff, 0xea, 0x75, 0xc3, 0xff, 0xea, 0x75, 0xc3, 0xff, 0xea,
0x75, 0xc3, 0xff, 0xea, 0x75, 0xc3, 0xff, 0xea, 0x75, 0xc3, 0xff, 0xea, 0x75, 0xc3, 0xff,
0xea, 0x75, 0xc3, 0xff, 0xea, 0x75, 0xc3, 0xff, 0xea, 0x75, 0xc3, 0xff, 0xea, 0x75, 0xc3,
0xff, 0xea, 0x75, 0xc3, 0xff, 0xea, 0x75, 0xc3, 0xff, 0xea, 0x75, 0xc3, 0xff, 0xea, 0x75,
0xc3, 0xff, 0xea, 0x75, 0xc3, 0xff, 0xea, 0x75, 0xc3, 0xff, 0xea, 0x75, 0xc3, 0xff, 0xea,
0x75, 0xc3, 0xff, 0xea, 0x75, 0xc3, 0xff, 0xea, 0x75, 0xc3, 0xff, 0xea, 0x75, 0xc3, 0xff,
0xea, 0x75, 0xc3, 0xff, 0xea, 0x75, 0xc3, 0xff, 0xea, 0x75, 0xc3, 0xff, 0xea, 0x75, 0xc3,
0xff, 0xea, 0x75, 0xc3, 0xff, 0xea, 0x75, 0xc3, 0xff, 0xea, 0x75, 0xc3, 0xff, 0xea, 0x75,
0xc3, 0xff, 0xea, 0x75, 0xc3, 0xff, 0xea, 0x75, 0xc3, 0xff, 0xea, 0x75, 0xc3, 0xff, 0xea,
0x75, 0xc3, 0xff, 0xea, 0x75, 0xc3, 0xff, 0xea, 0x75, 0xc3, 0xff, 0xea, 0x75, 0xc3, 0xff,
0xea, 0x75, 0xc3, 0xff, 0xea, 0x75, 0xc3, 0xff, 0xea, 0x75, 0xc3, 0xff, 0xea, 0x75, 0xc3,
0xff, 0xea, 0x75, 0xc3, 0xff, 0xea, 0x75, 0xc3, 0xff, 0xea, 0x75, 0xc3, 0xff, 0xea, 0x75,
0xc4, 0xff, 0xeb, 0x76, 0xc3, 0xca, 0xd3, 0x69, 0xae, 0x27, 0xd7, 0x67, 0xb4, 0x00, 0xe5,
0x6f, 0xc2, 0x00, 0xd9, 0x6a, 0xbc, 0x00, 0xe5, 0x6f, 0xbf, 0x00, 0xe9, 0x75, 0xc2, 0x00,
0xe9, 0x74, 0xc2, 0x00, 0xe9, 0x75, 0xc3, 0x00, 0xec, 0x76, 0xc3, 0x00, 0xdf, 0x68, 0xbb,
0x00, 0x86, 0x08, 0x84, 0x00, 0x7e, 0x00, 0x7f, 0x00, 0x80, 0x01, 0x80, 0x00, 0x80, 0x01,
0x80, 0x00, 0x80, 0x01, 0x80, 0x00, 0x80, 0x01, 0x80, 0x00, 0x80, 0x01, 0x80, 0x00, 0x80,
0x01, 0x80, 0x00, 0x80, 0x01, 0x80, 0x00, 0x80, 0x01, 0x80, 0x00, 0x80, 0x01, 0x80, 0x00,
0x80, 0x01, 0x80, 0x00, 0x80, 0x01, 0x80, 0x00, 0xff, 0xff, 0xff, 0x00, 0xff, 0xff, 0xff,
0x00, 0xff, 0xff, 0xff, 0x00, 0xff, 0xff, 0xff, 0x00, 0xff, 0xff, 0xff, 0x00, 0xff, 0xff,
0xff, 0x00, 0xff, 0xff, 0xff, 0x00, 0xff, 0xff, 0xff, 0x00, 0xff, 0xff, 0xff, 0x00, 0xff,
0xff, 0xff, 0x00, 0xff, 0xff, 0xff, 0x00, 0xff, 0xff, 0xff, 0x00, 0xff, 0xff, 0xff, 0x00,
0xff, 0xff, 0xff, 0x00, 0xff, 0xff, 0xff, 0x00, 0xff, 0xff, 0xff, 0x00, 0xff, 0xff, 0xff,
0x00, 0xab, 0x56, 0xab, 0x00, 0xab, 0x56, 0xab, 0x00, 0xab, 0x56, 0xab, 0x00, 0xab, 0x56,
0xab, 0x00, 0xab, 0x56, 0xab, 0x00, 0xab, 0x56, 0xab, 0x00, 0xab, 0x56, 0xab, 0x00, 0xab,
0x56, 0xab, 0x00, 0xab, 0x56, 0xab, 0x00, 0xab, 0x56, 0xab, 0x00, 0xab, 0x56, 0xab, 0x00,
0xab, 0x56, 0xab, 0x00, 0xa8, 0x55, 0xaa, 0x00, 0xba, 0x5b, 0xae, 0x00, 0xea, 0x71, 0xbf,
0x00, 0xe8, 0x74, 0xc3, 0x00, 0xea, 0x74, 0xc3, 0x00, 0xdd, 0x6e, 0xb7, 0x00, 0xad, 0x57,
0x8c, 0x00, 0xe3, 0x69, 0xbf, 0x00, 0xe1, 0x6c, 0xbb, 0x00, 0xe6, 0x73, 0xc1, 0x48, 0xe8,
0x74, 0xc2, 0xe9, 0xeb, 0x75, 0xc3, 0xff, 0xea, 0x75, 0xc3, 0xff, 0xea, 0x75, 0xc3, 0xff,
0xea, 0x75, 0xc3, 0xff, 0xea, 0x75, 0xc3, 0xff, 0xea, 0x75, 0xc3, 0xff, 0xea, 0x75, 0xc3,
0xff, 0xea, 0x75, 0xc3, 0xff, 0xea, 0x75, 0xc3, 0xff, 0xea, 0x75, 0xc3, 0xff, 0xea, 0x75,
0xc3, 0xff, 0xea, 0x75, 0xc3, 0xff, 0xea, 0x75, 0xc3, 0xff, 0xea, 0x75, 0xc3, 0xff, 0xea,
0x75, 0xc3, 0xff, 0xea, 0x75, 0xc3, 0xff, 0xea, 0x75, 0xc3, 0xff, 0xea, 0x75, 0xc3, 0xff,
0xea, 0x75, 0xc3, 0xff, 0xea, 0x75, 0xc3, 0xff, 0xea, 0x75, 0xc3, 0xff, 0xea, 0x75, 0xc3,
0xff, 0xea, 0x75, 0xc3, 0xff, 0xea, 0x75, 0xc3, 0xff, 0xea, 0x75, 0xc3, 0xff, 0xea, 0x75,
0xc3, 0xff, 0xea, 0x75, 0xc3, 0xff, 0xea, 0x75, 0xc3, 0xff, 0xea, 0x75, 0xc3, 0xff, 0xea,
0x75, 0xc3, 0xff, 0xea, 0x75, 0xc3, 0xff, 0xea, 0x75, 0xc3, 0xff, 0xea, 0x75, 0xc3, 0xff,
0xea, 0x75, 0xc3, 0xff, 0xea, 0x75, 0xc3, 0xff, 0xea, 0x75, 0xc3, 0xff, 0xea, 0x75, 0xc3,
0xff, 0xea, 0x75, 0xc3, 0xff, 0xea, 0x75, 0xc3, 0xff, 0xea, 0x75, 0xc3, 0xff, 0xea, 0x75,
0xc3, 0xff, 0xea, 0x75, 0xc3, 0xff, 0xea, 0x75, 0xc3, 0xff, 0xea, 0x75, 0xc3, 0xff, 0xea,
0x75, 0xc3, 0xff, 0xea, 0x75, 0xc3, 0xff, 0xea, 0x75, 0xc3, 0xff, 0xea, 0x75, 0xc3, 0xff,
0xea, 0x75, 0xc3, 0xff, 0xea, 0x75, 0xc3, 0xff, 0xea, 0x75, 0xc3, 0xff, 0xea, 0x75, 0xc3,
0xff, 0xea, 0x75, 0xc3, 0xff, 0xea, 0x75, 0xc3, 0xff, 0xea, 0x75, 0xc3, 0xff, 0xea, 0x75,
0xc3, 0xff, 0xea, 0x75, 0xc3, 0xff, 0xea, 0x75, 0xc3, 0xff, 0xea, 0x75, 0xc3, 0xff, 0xea,
0x75, 0xc3, 0xff, 0xea, 0x75, 0xc3, 0xff, 0xea, 0x75, 0xc3, 0xff, 0xea, 0x75, 0xc3, 0xff,
0xea, 0x75, 0xc3, 0xff, 0xeb, 0x75, 0xc3, 0xff, 0xe9, 0x75, 0xc1, 0xec, 0xe3, 0x6e, 0xbe,
0x49, 0xe3, 0x6e, 0xc0, 0x00, 0xd9, 0x6a, 0xbc, 0x00, 0xe5, 0x6f, 0xbf, 0x00, 0xe9, 0x75,
0xc2, 0x00, 0xe9, 0x74, 0xc2, 0x00, 0xe9, 0x75, 0xc3, 0x00, 0xec, 0x76, 0xc3, 0x00, 0xdf,
0x68, 0xbb, 0x00, 0x86, 0x08, 0x84, 0x00, 0x7e, 0x00, 0x7f, 0x00, 0x80, 0x01, 0x80, 0x00,
0x80, 0x01, 0x80, 0x00, 0x80, 0x01, 0x80, 0x00, 0x80, 0x01, 0x80, 0x00, 0x80, 0x01, 0x80,
0x00, 0x80, 0x01, 0x80, 0x00, 0x80, 0x01, 0x80, 0x00, 0x80, 0x01, 0x80, 0x00, 0x80, 0x01,
0x80, 0x00, 0x80, 0x01, 0x80, 0x00, 0x80, 0x01, 0x80, 0x00, 0xff, 0xff, 0xff, 0x00, 0xff,
0xff, 0xff, 0x00, 0xff, 0xff, 0xff, 0x00, 0xff, 0xff, 0xff, 0x00, 0xff, 0xff, 0xff, 0x00,
0xff, 0xff, 0xff, 0x00, 0xff, 0xff, 0xff, 0x00, 0xff, 0xff, 0xff, 0x00, 0xff, 0xff, 0xff,
0x00, 0xff, 0xff, 0xff, 0x00, 0xff, 0xff, 0xff, 0x00, 0xff, 0xff, 0xff, 0x00, 0xff, 0xff,
0xff, 0x00, 0xff, 0xff, 0xff, 0x00, 0xff, 0xff, 0xff, 0x00, 0xff, 0xff, 0xff, 0x00, 0xff,
0xff, 0xff, 0x00, 0xab, 0x56, 0xab, 0x00, 0xab, 0x56, 0xab, 0x00, 0xab, 0x56, 0xab, 0x00,
0xab, 0x56, 0xab, 0x00, 0xab, 0x56, 0xab, 0x00, 0xab, 0x56, 0xab, 0x00, 0xab, 0x56, 0xab,
0x00, 0xab, 0x56, 0xab, 0x00, 0xab, 0x56, 0xab, 0x00, 0xab, 0x56, 0xab, 0x00, 0xab, 0x56,
0xab, 0x00, 0xab, 0x56, 0xab, 0x00, 0xa8, 0x55, 0xaa, 0x00, 0xba, 0x5b, 0xae, 0x00, 0xea,
0x71, 0xbf, 0x00, 0xe8, 0x74, 0xc3, 0x00, 0xea, 0x74, 0xc3, 0x00, 0xdd, 0x6e, 0xb7, 0x00,
0xad, 0x57, 0x8c, 0x00, 0xe3, 0x6a, 0xbf, 0x00, 0xe3, 0x6e, 0xbe, 0x73, 0xeb, 0x76, 0xc4,
0xff, 0xea, 0x75, 0xc3, 0xff, 0xea, 0x75, 0xc3, 0xff, 0xea, 0x75, 0xc3, 0xff, 0xea, 0x75,
0xc3, 0xff, 0xea, 0x75, 0xc3, 0xff, 0xea, 0x75, 0xc3, 0xff, 0xea, 0x75, 0xc3, 0xff, 0xea,
0x75, 0xc3, 0xff, 0xea, 0x75, 0xc3, 0xff, 0xea, 0x75, 0xc3, 0xff, 0xea, 0x75, 0xc3, 0xff,
0xea, 0x75, 0xc3, 0xff, 0xea, 0x75, 0xc3, 0xff, 0xea, 0x75, 0xc3, 0xff, 0xea, 0x75, 0xc3,
0xff, 0xea, 0x75, 0xc3, 0xff, 0xea, 0x75, 0xc3, 0xff, 0xea, 0x75, 0xc3, 0xff, 0xea, 0x75,
0xc3, 0xff, 0xea, 0x75, 0xc3, 0xff, 0xea, 0x75, 0xc3, 0xff, 0xea, 0x75, 0xc3, 0xff, 0xea,
0x75, 0xc3, 0xff, 0xea, 0x75, 0xc3, 0xff, 0xea, 0x75, 0xc3, 0xff, 0xea, 0x75, 0xc3, 0xff,
0xea, 0x75, 0xc3, 0xff, 0xea, 0x75, 0xc3, 0xff, 0xea, 0x75, 0xc3, 0xff, 0xea, 0x75, 0xc3,
0xff, 0xea, 0x75, 0xc3, 0xff, 0xea, 0x75, 0xc3, 0xff, 0xea, 0x75, 0xc3, 0xff, 0xea, 0x75,
0xc3, 0xff, 0xea, 0x75, 0xc3, 0xff, 0xea, 0x75, 0xc3, 0xff, 0xea, 0x75, 0xc3, 0xff, 0xea,
0x75, 0xc3, 0xff, 0xea, 0x75, 0xc3, 0xff, 0xea, 0x75, 0xc3, 0xff, 0xea, 0x75, 0xc3, 0xff,
0xea, 0x75, 0xc3, 0xff, 0xea, 0x75, 0xc3, 0xff, 0xea, 0x75, 0xc3, 0xff, 0xea, 0x75, 0xc3,
0xff, 0xea, 0x75, 0xc3, 0xff, 0xea, 0x75, 0xc3, 0xff, 0xea, 0x75, 0xc3, 0xff, 0xea, 0x75,
0xc3, 0xff, 0xea, 0x75, 0xc3, 0xff, 0xea, 0x75, 0xc3, 0xff, 0xea, 0x75, 0xc3, 0xff, 0xea,
0x75, 0xc3, 0xff, 0xea, 0x75, 0xc3, 0xff, 0xea, 0x75, 0xc3, 0xff, 0xea, 0x75, 0xc3, 0xff,
0xea, 0x75, 0xc3, 0xff, 0xea, 0x75, 0xc3, 0xff, 0xea, 0x75, 0xc3, 0xff, 0xea, 0x75, 0xc3,
0xff, 0xea, 0x75, 0xc3, 0xff, 0xea, 0x75, 0xc3, 0xff, 0xea, 0x75, 0xc3, 0xff, 0xea, 0x75,
0xc3, 0xff, 0xea, 0x75, 0xc3, 0xff, 0xea, 0x75, 0xc3, 0xff, 0xeb, 0x75, 0xc3, 0xff, 0xea,
0x74, 0xc3, 0xfd, 0xe9, 0x74, 0xc2, 0x6b, 0xd7, 0x69, 0xbb, 0x00, 0xe5, 0x6f, 0xbf, 0x00,
0xe9, 0x75, 0xc2, 0x00, 0xe9, 0x74, 0xc2, 0x00, 0xe9, 0x75, 0xc3, 0x00, 0xec, 0x76, 0xc3,
0x00, 0xdf, 0x68, 0xbb, 0x00, 0x86, 0x08, 0x84, 0x00, 0x7e, 0x00, 0x7f, 0x00, 0x80, 0x01,
0x80, 0x00, 0x80, 0x01, 0x80, 0x00, 0x80, 0x01, 0x80, 0x00, 0x80, 0x01, 0x80, 0x00, 0x80,
0x01, 0x80, 0x00, 0x80, 0x01, 0x80, 0x00, 0x80, 0x01, 0x80, 0x00, 0x80, 0x01, 0x80, 0x00,
0x80, 0x01, 0x80, 0x00, 0x80, 0x01, 0x80, 0x00, 0x80, 0x01, 0x80, 0x00, 0xff, 0xff, 0xff,
0x00, 0xff, 0xff, 0xff, 0x00, 0xff, 0xff, 0xff, 0x00, 0xff, 0xff, 0xff, 0x00, 0xff, 0xff,
0xff, 0x00, 0xff, 0xff, 0xff, 0x00, 0xff, 0xff, 0xff, 0x00, 0xff, 0xff, 0xff, 0x00, 0xff,
0xff, 0xff, 0x00, 0xff, 0xff, 0xff, 0x00, 0xff, 0xff, 0xff, 0x00, 0xff, 0xff, 0xff, 0x00,
0xff, 0xff, 0xff, 0x00, 0xff, 0xff, 0xff, 0x00, 0xff, 0xff, 0xff, 0x00, 0xff, 0xff, 0xff,
0x00, 0xff, 0xff, 0xff, 0x00, 0xab, 0x56, 0xab, 0x00, 0xab, 0x56, 0xab, 0x00, 0xab, 0x56,
0xab, 0x00, 0xab, 0x56, 0xab, 0x00, 0xab, 0x56, 0xab, 0x00, 0xab, 0x56, 0xab, 0x00, 0xab,
0x56, 0xab, 0x00, 0xab, 0x56, 0xab, 0x00, 0xab, 0x56, 0xab, 0x00, 0xab, 0x56, 0xab, 0x00,
0xab, 0x56, 0xab, 0x00, 0xab, 0x56, 0xab, 0x00, 0xa8, 0x55, 0xaa, 0x00, 0xba, 0x5b, 0xae,
0x00, 0xea, 0x71, 0xbf, 0x00, 0xe8, 0x74, 0xc3, 0x00, 0xea, 0x74, 0xc3, 0x00, 0xdc, 0x6e,
0xb6, 0x00, 0xa9, 0x55, 0x89, 0x07, 0xed, 0x76, 0xc6, 0x99, 0xea, 0x75, 0xc3, 0xff, 0xea,
0x75, 0xc3, 0xff, 0xea, 0x75, 0xc3, 0xff, 0xea, 0x75, 0xc3, 0xff, 0xea, 0x75, 0xc3, 0xff,
0xea, 0x75, 0xc3, 0xff, 0xea, 0x75, 0xc3, 0xff, 0xea, 0x75, 0xc3, 0xff, 0xea, 0x75, 0xc3,
0xff, 0xea, 0x75, 0xc3, 0xff, 0xea, 0x75, 0xc3, 0xff, 0xea, 0x75, 0xc3, 0xff, 0xea, 0x75,
0xc3, 0xff, 0xea, 0x75, 0xc3, 0xff, 0xea, 0x75, 0xc3, 0xff, 0xea, 0x75, 0xc3, 0xff, 0xea,
0x75, 0xc3, 0xff, 0xea, 0x75, 0xc3, 0xff, 0xea, 0x75, 0xc3, 0xff, 0xea, 0x75, 0xc3, 0xff,
0xea, 0x75, 0xc3, 0xff, 0xea, 0x75, 0xc3, 0xff, 0xea, 0x75, 0xc3, 0xff, 0xea, 0x75, 0xc3,
0xff, 0xea, 0x75, 0xc3, 0xff, 0xea, 0x75, 0xc3, 0xff, 0xea, 0x75, 0xc3, 0xff, 0xea, 0x75,
0xc3, 0xff, 0xea, 0x75, 0xc3, 0xff, 0xea, 0x75, 0xc3, 0xff, 0xea, 0x75, 0xc3, 0xff, 0xea,
0x75, 0xc3, 0xff, 0xea, 0x75, 0xc3, 0xff, 0xea, 0x75, 0xc3, 0xff, 0xea, 0x75, 0xc3, 0xff,
0xea, 0x75, 0xc3, 0xff, 0xea, 0x75, 0xc3, 0xff, 0xea, 0x75, 0xc3, 0xff, 0xea, 0x75, 0xc3,
0xff, 0xea, 0x75, 0xc3, 0xff, 0xea, 0x75, 0xc3, 0xff, 0xea, 0x75, 0xc3, 0xff, 0xea, 0x75,
0xc3, 0xff, 0xea, 0x75, 0xc3, 0xff, 0xea, 0x75, 0xc3, 0xff, 0xea, 0x75, 0xc3, 0xff, 0xea,
0x75, 0xc3, 0xff, 0xea, 0x75, 0xc3, 0xff, 0xea, 0x75, 0xc3, 0xff, 0xea, 0x75, 0xc3, 0xff,
0xea, 0x75, 0xc3, 0xff, 0xea, 0x75, 0xc3, 0xff, 0xea, 0x75, 0xc3, 0xff, 0xea, 0x75, 0xc3,
0xff, 0xea, 0x75, 0xc3, 0xff, 0xea, 0x75, 0xc3, 0xff, 0xea, 0x75, 0xc3, 0xff, 0xea, 0x75,
0xc3, 0xff, 0xea, 0x75, 0xc3, 0xff, 0xea, 0x75, 0xc3, 0xff, 0xea, 0x75, 0xc3, 0xff, 0xea,
0x75, 0xc3, 0xff, 0xea, 0x75, 0xc3, 0xff, 0xea, 0x75, 0xc3, 0xff, 0xea, 0x75, 0xc3, 0xff,
0xea, 0x75, 0xc3, 0xff, 0xea, 0x75, 0xc3, 0xff, 0xea, 0x75, 0xc3, 0xff, 0xea, 0x75, 0xc3,
0xff, 0xea, 0x75, 0xc3, 0xff, 0xeb, 0x76, 0xc4, 0xff, 0xe1, 0x6e, 0xbe, 0x86, 0xe6, 0x70,
0xc0, 0x00, 0xe9, 0x75, 0xc2, 0x00, 0xe9, 0x74, 0xc2, 0x00, 0xe9, 0x75, 0xc3, 0x00, 0xec,
0x76, 0xc3, 0x00, 0xdf, 0x68, 0xbb, 0x00, 0x86, 0x08, 0x84, 0x00, 0x7e, 0x00, 0x7f, 0x00,
0x80, 0x01, 0x80, 0x00, 0x80, 0x01, 0x80, 0x00, 0x80, 0x01, 0x80, 0x00, 0x80, 0x01, 0x80,
0x00, 0x80, 0x01, 0x80, 0x00, 0x80, 0x01, 0x80, 0x00, 0x80, 0x01, 0x80, 0x00, 0x80, 0x01,
0x80, 0x00, 0x80, 0x01, 0x80, 0x00, 0x80, 0x01, 0x80, 0x00, 0x80, 0x01, 0x80, 0x00, 0xff,
0xff, 0xff, 0x00, 0xff, 0xff, 0xff, 0x00, 0xff, 0xff, 0xff, 0x00, 0xff, 0xff, 0xff, 0x00,
0xff, 0xff, 0xff, 0x00, 0xff, 0xff, 0xff, 0x00, 0xff, 0xff, 0xff, 0x00, 0xff, 0xff, 0xff,
0x00, 0xff, 0xff, 0xff, 0x00, 0xff, 0xff, 0xff, 0x00, 0xff, 0xff, 0xff, 0x00, 0xff, 0xff,
0xff, 0x00, 0xff, 0xff, 0xff, 0x00, 0xff, 0xff, 0xff, 0x00, 0xff, 0xff, 0xff, 0x00, 0xff,
0xff, 0xff, 0x00, 0xff, 0xff, 0xff, 0x00, 0xab, 0x56, 0xab, 0x00, 0xab, 0x56, 0xab, 0x00,
0xab, 0x56, 0xab, 0x00, 0xab, 0x56, 0xab, 0x00, 0xab, 0x56, 0xab, 0x00, 0xab, 0x56, 0xab,
0x00, 0xab, 0x56, 0xab, 0x00, 0xab, 0x56, 0xab, 0x00, 0xab, 0x56, 0xab, 0x00, 0xab, 0x56,
0xab, 0x00, 0xab, 0x56, 0xab, 0x00, 0xab, 0x56, 0xab, 0x00, 0xa8, 0x55, 0xaa, 0x00, 0xba,
0x5b, 0xae, 0x00, 0xea, 0x71, 0xbf, 0x00, 0xe8, 0x74, 0xc3, 0x00, 0xe9, 0x74, 0xc2, 0x00,
0xe4, 0x71, 0xbd, 0x10, 0xd8, 0x6c, 0xb3, 0xb6, 0xec, 0x76, 0xc5, 0xff, 0xea, 0x75, 0xc3,
0xff, 0xea, 0x75, 0xc3, 0xff, 0xea, 0x75, 0xc3, 0xff, 0xea, 0x75, 0xc3, 0xff, 0xea, 0x75,
0xc3, 0xff, 0xea, 0x75, 0xc3, 0xff, 0xea, 0x75, 0xc3, 0xff, 0xea, 0x75, 0xc3, 0xff, 0xea,
0x75, 0xc3, 0xff, 0xea, 0x75, 0xc3, 0xff, 0xea, 0x75, 0xc3, 0xff, 0xea, 0x75, 0xc3, 0xff,
0xea, 0x75, 0xc3, 0xff, 0xea, 0x75, 0xc3, 0xff, 0xea, 0x75, 0xc3, 0xff, 0xea, 0x75, 0xc3,
0xff, 0xea, 0x75, 0xc3, 0xff, 0xea, 0x75, 0xc3, 0xff, 0xea, 0x75, 0xc3, 0xff, 0xea, 0x75,
0xc3, 0xff, 0xea, 0x75, 0xc3, 0xff, 0xea, 0x75, 0xc3, 0xff, 0xea, 0x75, 0xc3, 0xff, 0xea,
0x75, 0xc3, 0xff, 0xea, 0x75, 0xc3, 0xff, 0xea, 0x75, 0xc3, 0xff, 0xea, 0x75, 0xc3, 0xff,
0xea, 0x75, 0xc3, 0xff, 0xea, 0x75, 0xc3, 0xff, 0xea, 0x75, 0xc3, 0xff, 0xea, 0x75, 0xc3,
0xff, 0xea, 0x75, 0xc3, 0xff, 0xea, 0x75, 0xc3, 0xff, 0xea, 0x75, 0xc3, 0xff, 0xea, 0x75,
0xc3, 0xff, 0xea, 0x75, 0xc3, 0xff, 0xea, 0x75, 0xc3, 0xff, 0xea, 0x75, 0xc3, 0xff, 0xea,
0x75, 0xc3, 0xff, 0xea, 0x75, 0xc3, 0xff, 0xea, 0x75, 0xc3, 0xff, 0xea, 0x75, 0xc3, 0xff,
0xea, 0x75, 0xc3, 0xff, 0xea, 0x75, 0xc3, 0xff, 0xea, 0x75, 0xc3, 0xff, 0xea, 0x75, 0xc3,
0xff, 0xea, 0x75, 0xc3, 0xff, 0xea, 0x75, 0xc3, 0xff, 0xea, 0x75, 0xc3, 0xff, 0xea, 0x75,
0xc3, 0xff, 0xea, 0x75, 0xc3, 0xff, 0xea, 0x75, 0xc3, 0xff, 0xea, 0x75, 0xc3, 0xff, 0xea,
0x75, 0xc3, 0xff, 0xea, 0x75, 0xc3, 0xff, 0xea, 0x75, 0xc3, 0xff, 0xea, 0x75, 0xc3, 0xff,
0xea, 0x75, 0xc3, 0xff, 0xea, 0x75, 0xc3, 0xff, 0xea, 0x75, 0xc3, 0xff, 0xea, 0x75, 0xc3,
0xff, 0xea, 0x75, 0xc3, 0xff, 0xea, 0x75, 0xc3, 0xff, 0xea, 0x75, 0xc3, 0xff, 0xea, 0x75,
0xc3, 0xff, 0xea, 0x75, 0xc3, 0xff, 0xea, 0x75, 0xc3, 0xff, 0xea, 0x75, 0xc3, 0xff, 0xea,
0x75, 0xc3, 0xff, 0xea, 0x75, 0xc3, 0xff, 0xea, 0x75, 0xc3, 0xff, 0xeb, 0x75, 0xc3, 0xff,
0xe9, 0x74, 0xc2, 0x98, 0xe9, 0x74, 0xc2, 0x01, 0xe9, 0x74, 0xc2, 0x00, 0xe9, 0x75, 0xc3,
0x00, 0xec, 0x76, 0xc3, 0x00, 0xdf, 0x68, 0xbb, 0x00, 0x86, 0x08, 0x84, 0x00, 0x7e, 0x00,
0x7f, 0x00, 0x80, 0x01, 0x80, 0x00, 0x80, 0x01, 0x80, 0x00, 0x80, 0x01, 0x80, 0x00, 0x80,
0x01, 0x80, 0x00, 0x80, 0x01, 0x80, 0x00, 0x80, 0x01, 0x80, 0x00, 0x80, 0x01, 0x80, 0x00,
0x80, 0x01, 0x80, 0x00, 0x80, 0x01, 0x80, 0x00, 0x80, 0x01, 0x80, 0x00, 0x80, 0x01, 0x80,
0x00, 0xff, 0xff, 0xff, 0x00, 0xff, 0xff, 0xff, 0x00, 0xff, 0xff, 0xff, 0x00, 0xff, 0xff,
0xff, 0x00, 0xff, 0xff, 0xff, 0x00, 0xff, 0xff, 0xff, 0x00, 0xff, 0xff, 0xff, 0x00, 0xff,
0xff, 0xff, 0x00, 0xff, 0xff, 0xff, 0x00, 0xff, 0xff, 0xff, 0x00, 0xff, 0xff, 0xff, 0x00,
0xff, 0xff, 0xff, 0x00, 0xff, 0xff, 0xff, 0x00, 0xff, 0xff, 0xff, 0x00, 0xff, 0xff, 0xff,
0x00, 0xff, 0xff, 0xff, 0x00, 0xff, 0xff, 0xff, 0x00, 0xab, 0x56, 0xab, 0x00, 0xab, 0x56,
0xab, 0x00, 0xab, 0x56, 0xab, 0x00, 0xab, 0x56, 0xab, 0x00, 0xab, 0x56, 0xab, 0x00, 0xab,
0x56, 0xab, 0x00, 0xab, 0x56, 0xab, 0x00, 0xab, 0x56, 0xab, 0x00, 0xab, 0x56, 0xab, 0x00,
0xab, 0x56, 0xab, 0x00, 0xab, 0x56, 0xab, 0x00, 0xab, 0x56, 0xab, 0x00, 0xa8, 0x55, 0xaa,
0x00, 0xba, 0x5b, 0xae, 0x00, 0xea, 0x71, 0xbf, 0x00, 0xe8, 0x74, 0xc2, 0x00, 0xe9, 0x74,
0xc2, 0x16, 0xea, 0x75, 0xc3, 0xc8, 0xed, 0x76, 0xc6, 0xff, 0xea, 0x75, 0xc3, 0xff, 0xea,
0x75, 0xc3, 0xff, 0xea, 0x75, 0xc3, 0xff, 0xea, 0x75, 0xc3, 0xff, 0xea, 0x75, 0xc3, 0xff,
0xea, 0x75, 0xc3, 0xff, 0xea, 0x75, 0xc3, 0xff, 0xea, 0x75, 0xc3, 0xff, 0xea, 0x75, 0xc3,
0xff, 0xea, 0x75, 0xc3, 0xff, 0xea, 0x75, 0xc3, 0xff, 0xea, 0x75, 0xc3, 0xff, 0xea, 0x75,
0xc3, 0xff, 0xea, 0x75, 0xc3, 0xff, 0xea, 0x73, 0xc2, 0xff, 0xe9, 0x72, 0xc2, 0xff, 0xe9,
0x71, 0xc1, 0xff, 0xe9, 0x71, 0xc1, 0xff, 0xe9, 0x71, 0xc1, 0xff, 0xe9, 0x71, 0xc1, 0xff,
0xe9, 0x71, 0xc1, 0xff, 0xe9, 0x71, 0xc1, 0xff, 0xe9, 0x71, 0xc1, 0xff, 0xe9, 0x71, 0xc1,
0xff, 0xe9, 0x71, 0xc1, 0xff, 0xe9, 0x71, 0xc1, 0xff, 0xe9, 0x71, 0xc1, 0xff, 0xe9, 0x71,
0xc1, 0xff, 0xe9, 0x71, 0xc1, 0xff, 0xe9, 0x71, 0xc1, 0xff, 0xe9, 0x71, 0xc1, 0xff, 0xe9,
0x71, 0xc1, 0xff, 0xe9, 0x71, 0xc1, 0xff, 0xe9, 0x71, 0xc1, 0xff, 0xe9, 0x71, 0xc1, 0xff,
0xe9, 0x71, 0xc1, 0xff, 0xe9, 0x71, 0xc1, 0xff, 0xe9, 0x71, 0xc1, 0xff, 0xe9, 0x71, 0xc1,
0xff, 0xe9, 0x71, 0xc1, 0xff, 0xe9, 0x71, 0xc1, 0xff, 0xe9, 0x71, 0xc1, 0xff, 0xe9, 0x71,
0xc1, 0xff, 0xe9, 0x71, 0xc1, 0xff, 0xe9, 0x71, 0xc1, 0xff, 0xe9, 0x71, 0xc1, 0xff, 0xe9,
0x71, 0xc1, 0xff, 0xe9, 0x71, 0xc1, 0xff, 0xe9, 0x71, 0xc1, 0xff, 0xe9, 0x71, 0xc1, 0xff,
0xe9, 0x71, 0xc1, 0xff, 0xe9, 0x71, 0xc1, 0xff, 0xe9, 0x71, 0xc1, 0xff, 0xe9, 0x71, 0xc1,
0xff, 0xe9, 0x71, 0xc1, 0xff, 0xe9, 0x71, 0xc1, 0xff, 0xe9, 0x71, 0xc1, 0xff, 0xe9, 0x71,
0xc1, 0xff, 0xea, 0x73, 0xc2, 0xff, 0xea, 0x75, 0xc3, 0xff, 0xea, 0x75, 0xc3, 0xff, 0xea,
0x75, 0xc3, 0xff, 0xea, 0x75, 0xc3, 0xff, 0xea, 0x75, 0xc3, 0xff, 0xea, 0x75, 0xc3, 0xff,
0xea, 0x75, 0xc3, 0xff, 0xea, 0x75, 0xc3, 0xff, 0xea, 0x75, 0xc3, 0xff, 0xea, 0x75, 0xc3,
0xff, 0xea, 0x75, 0xc3, 0xff, 0xea, 0x75, 0xc3, 0xff, 0xea, 0x75, 0xc3, 0xff, 0xea, 0x75,
0xc3, 0xff, 0xea, 0x75, 0xc3, 0xff, 0xea, 0x75, 0xc3, 0xa1, 0xe9, 0x74, 0xc2, 0x03, 0xe9,
0x75, 0xc3, 0x00, 0xec, 0x76, 0xc3, 0x00, 0xdf, 0x68, 0xbb, 0x00, 0x86, 0x08, 0x84, 0x00,
0x7e, 0x00, 0x7f, 0x00, 0x80, 0x01, 0x80, 0x00, 0x80, 0x01, 0x80, 0x00, 0x80, 0x01, 0x80,
0x00, 0x80, 0x01, 0x80, 0x00, 0x80, 0x01, 0x80, 0x00, 0x80, 0x01, 0x80, 0x00, 0x80, 0x01,
0x80, 0x00, 0x80, 0x01, 0x80, 0x00, 0x80, 0x01, 0x80, 0x00, 0x80, 0x01, 0x80, 0x00, 0x80,
0x01, 0x80, 0x00, 0xff, 0xff, 0xff, 0x00, 0xff, 0xff, 0xff, 0x00, 0xff, 0xff, 0xff, 0x00,
0xff, 0xff, 0xff, 0x00, 0xff, 0xff, 0xff, 0x00, 0xff, 0xff, 0xff, 0x00, 0xff, 0xff, 0xff,
0x00, 0xff, 0xff, 0xff, 0x00, 0xff, 0xff, 0xff, 0x00, 0xff, 0xff, 0xff, 0x00, 0xff, 0xff,
0xff, 0x00, 0xff, 0xff, 0xff, 0x00, 0xff, 0xff, 0xff, 0x00, 0xff, 0xff, 0xff, 0x00, 0xff,
0xff, 0xff, 0x00, 0xff, 0xff, 0xff, 0x00, 0xff, 0xff, 0xff, 0x00, 0xab, 0x56, 0xab, 0x00,
0xab, 0x56, 0xab, 0x00, 0xab, 0x56, 0xab, 0x00, 0xab, 0x56, 0xab, 0x00, 0xab, 0x56, 0xab,
0x00, 0xab, 0x56, 0xab, 0x00, 0xab, 0x56, 0xab, 0x00, 0xab, 0x56, 0xab, 0x00, 0xab, 0x56,
0xab, 0x00, 0xab, 0x56, 0xab, 0x00, 0xab, 0x56, 0xab, 0x00, 0xab, 0x56, 0xab, 0x00, 0xa8,
0x55, 0xaa, 0x00, 0xba, 0x5b, 0xae, 0x00, 0xea, 0x71, 0xbf, 0x00, 0xe9, 0x74, 0xc2, 0x17,
0xea, 0x75, 0xc3, 0xcf, 0xea, 0x75, 0xc3, 0xff, 0xea, 0x75, 0xc3, 0xff, 0xea, 0x75, 0xc3,
0xff, 0xea, 0x75, 0xc3, 0xff, 0xea, 0x75, 0xc3, 0xff, 0xea, 0x75, 0xc3, 0xff, 0xea, 0x75,
0xc3, 0xff, 0xea, 0x75, 0xc3, 0xff, 0xea, 0x75, 0xc3, 0xff, 0xea, 0x75, 0xc3, 0xff, 0xea,
0x75, 0xc3, 0xff, 0xea, 0x75, 0xc3, 0xff, 0xea, 0x75, 0xc3, 0xff, 0xea, 0x75, 0xc3, 0xff,
0xe9, 0x70, 0xc1, 0xff, 0xe9, 0x6e, 0xc0, 0xff, 0xeb, 0x7a, 0xc5, 0xff, 0xec, 0x84, 0xc9,
0xff, 0xed, 0x86, 0xca, 0xff, 0xed, 0x86, 0xca, 0xff, 0xed, 0x86, 0xca, 0xff, 0xed, 0x86,
0xca, 0xff, 0xed, 0x86, 0xca, 0xff, 0xed, 0x86, 0xca, 0xff, 0xed, 0x86, 0xca, 0xff, 0xed,
0x86, 0xca, 0xff, 0xed, 0x86, 0xca, 0xff, 0xed, 0x86, 0xca, 0xff, 0xed, 0x86, 0xca, 0xff,
0xed, 0x86, 0xca, 0xff, 0xed, 0x86, 0xca, 0xff, 0xed, 0x86, 0xca, 0xff, 0xed, 0x86, 0xca,
0xff, 0xed, 0x86, 0xca, 0xff, 0xed, 0x86, 0xca, 0xff, 0xed, 0x86, 0xca, 0xff, 0xed, 0x86,
0xca, 0xff, 0xed, 0x86, 0xca, 0xff, 0xed, 0x86, 0xca, 0xff, 0xed, 0x86, 0xca, 0xff, 0xed,
0x86, 0xca, 0xff, 0xed, 0x86, 0xca, 0xff, 0xed, 0x86, 0xca, 0xff, 0xed, 0x86, 0xca, 0xff,
0xed, 0x86, 0xca, 0xff, 0xed, 0x86, 0xca, 0xff, 0xed, 0x86, 0xca, 0xff, 0xed, 0x86, 0xca,
0xff, 0xed, 0x86, 0xca, 0xff, 0xed, 0x86, 0xca, 0xff, 0xed, 0x86, 0xca, 0xff, 0xed, 0x86,
0xca, 0xff, 0xed, 0x86, 0xca, 0xff, 0xed, 0x86, 0xca, 0xff, 0xed, 0x86, 0xca, 0xff, 0xed,
0x86, 0xca, 0xff, 0xed, 0x86, 0xca, 0xff, 0xed, 0x86, 0xca, 0xff, 0xed, 0x86, 0xca, 0xff,
0xec, 0x85, 0xca, 0xff, 0xeb, 0x7c, 0xc6, 0xff, 0xe9, 0x6f, 0xc0, 0xff, 0xe9, 0x6f, 0xc0,
0xff, 0xea, 0x75, 0xc3, 0xff, 0xea, 0x75, 0xc3, 0xff, 0xea, 0x75, 0xc3, 0xff, 0xea, 0x75,
0xc3, 0xff, 0xea, 0x75, 0xc3, 0xff, 0xea, 0x75, 0xc3, 0xff, 0xea, 0x75, 0xc3, 0xff, 0xea,
0x75, 0xc3, 0xff, 0xea, 0x75, 0xc3, 0xff, 0xea, 0x75, 0xc3, 0xff, 0xea, 0x75, 0xc3, 0xff,
0xea, 0x75, 0xc3, 0xff, 0xea, 0x75, 0xc3, 0xff, 0xea, 0x75, 0xc3, 0xff, 0xea, 0x75, 0xc3,
0xa6, 0xe9, 0x75, 0xc3, 0x04, 0xec, 0x76, 0xc3, 0x00, 0xdf, 0x68, 0xbb, 0x00, 0x86, 0x08,
0x84, 0x00, 0x7e, 0x00, 0x7f, 0x00, 0x80, 0x01, 0x80, 0x00, 0x80, 0x01, 0x80, 0x00, 0x80,
0x01, 0x80, 0x00, 0x80, 0x01, 0x80, 0x00, 0x80, 0x01, 0x80, 0x00, 0x80, 0x01, 0x80, 0x00,
0x80, 0x01, 0x80, 0x00, 0x80, 0x01, 0x80, 0x00, 0x80, 0x01, 0x80, 0x00, 0x80, 0x01, 0x80,
0x00, 0x80, 0x01, 0x80, 0x00, 0xff, 0xff, 0xff, 0x00, 0xff, 0xff, 0xff, 0x00, 0xff, 0xff,
0xff, 0x00, 0xff, 0xff, 0xff, 0x00, 0xff, 0xff, 0xff, 0x00, 0xff, 0xff, 0xff, 0x00, 0xff,
0xff, 0xff, 0x00, 0xff, 0xff, 0xff, 0x00, 0xff, 0xff, 0xff, 0x00, 0xff, 0xff, 0xff, 0x00,
0xff, 0xff, 0xff, 0x00, 0xff, 0xff, 0xff, 0x00, 0xff, 0xff, 0xff, 0x00, 0xff, 0xff, 0xff,
0x00, 0xff, 0xff, 0xff, 0x00, 0xff, 0xff, 0xff, 0x00, 0xff, 0xff, 0xff, 0x00, 0xaa, 0x56,
0xab, 0x00, 0xaa, 0x56, 0xab, 0x00, 0xaa, 0x56, 0xab, 0x00, 0xaa, 0x56, 0xab, 0x00, 0xaa,
0x56, 0xab, 0x00, 0xaa, 0x56, 0xab, 0x00, 0xaa, 0x56, 0xab, 0x00, 0xaa, 0x56, 0xab, 0x00,
0xaa, 0x56, 0xab, 0x00, 0xaa, 0x56, 0xab, 0x00, 0xaa, 0x56, 0xab, 0x00, 0xaa, 0x56, 0xab,
0x00, 0xa7, 0x55, 0xaa, 0x00, 0xb9, 0x5a, 0xae, 0x00, 0xea, 0x71, 0xbf, 0x14, 0xea, 0x75,
0xc3, 0xce, 0xea, 0x75, 0xc3, 0xff, 0xea, 0x75, 0xc3, 0xff, 0xea, 0x75, 0xc3, 0xff, 0xea,
0x75, 0xc3, 0xff, 0xea, 0x75, 0xc3, 0xff, 0xea, 0x75, 0xc3, 0xff, 0xea, 0x75, 0xc3, 0xff,
0xea, 0x75, 0xc3, 0xff, 0xea, 0x75, 0xc3, 0xff, 0xea, 0x75, 0xc3, 0xff, 0xea, 0x75, 0xc3,
0xff, 0xea, 0x75, 0xc3, 0xff, 0xea, 0x75, 0xc3, 0xff, 0xea, 0x74, 0xc2, 0xff, 0xe9, 0x6f,
0xc0, 0xff, 0xed, 0x8b, 0xcd, 0xff, 0xf6, 0xc2, 0xe5, 0xff, 0xfc, 0xed, 0xf7, 0xff, 0xfe,
0xf8, 0xfc, 0xff, 0xfe, 0xf9, 0xfd, 0xff, 0xfe, 0xf9, 0xfd, 0xff, 0xfe, 0xf9, 0xfd, 0xff,
0xfe, 0xf9, 0xfd, 0xff, 0xfe, 0xf9, 0xfd, 0xff, 0xfe, 0xf9, 0xfd, 0xff, 0xfe, 0xf9, 0xfd,
0xff, 0xfe, 0xf9, 0xfd, 0xff, 0xfe, 0xf9, 0xfd, 0xff, 0xfe, 0xf9, 0xfd, 0xff, 0xfe, 0xf9,
0xfd, 0xff, 0xfe, 0xf9, 0xfd, 0xff, 0xfe, 0xf9, 0xfd, 0xff, 0xfe, 0xf9, 0xfd, 0xff, 0xfe,
0xf9, 0xfd, 0xff, 0xfe, 0xf9, 0xfd, 0xff, 0xfe, 0xf9, 0xfd, 0xff, 0xfe, 0xf9, 0xfd, 0xff,
0xfe, 0xf9, 0xfd, 0xff, 0xfe, 0xf9, 0xfd, 0xff, 0xfe, 0xf9, 0xfd, 0xff, 0xfe, 0xf9, 0xfd,
0xff, 0xfe, 0xf9, 0xfd, 0xff, 0xfe, 0xf9, 0xfd, 0xff, 0xfe, 0xf9, 0xfd, 0xff, 0xfe, 0xf9,
0xfd, 0xff, 0xfe, 0xf9, 0xfd, 0xff, 0xfe, 0xf9, 0xfd, 0xff, 0xfe, 0xf9, 0xfd, 0xff, 0xfe,
0xf9, 0xfd, 0xff, 0xfe, 0xf9, 0xfd, 0xff, 0xfe, 0xf9, 0xfd, 0xff, 0xfe, 0xf9, 0xfd, 0xff,
0xfe, 0xf9, 0xfd, 0xff, 0xfe, 0xf9, 0xfd, 0xff, 0xfe, 0xf9, 0xfd, 0xff, 0xfe, 0xf9, 0xfd,
0xff, 0xfe, 0xf9, 0xfd, 0xff, 0xfe, 0xf9, 0xfd, 0xff, 0xfe, 0xf9, 0xfd, 0xff, 0xfe, 0xf9,
0xfd, 0xff, 0xfe, 0xf9, 0xfc, 0xff, 0xfd, 0xf0, 0xf9, 0xff, 0xf8, 0xcc, 0xe9, 0xff, 0xef,
0x93, 0xd0, 0xff, 0xe9, 0x70, 0xc1, 0xff, 0xea, 0x73, 0xc2, 0xff, 0xea, 0x75, 0xc3, 0xff,
0xea, 0x75, 0xc3, 0xff, 0xea, 0x75, 0xc3, 0xff, 0xea, 0x75, 0xc3, 0xff, 0xea, 0x75, 0xc3,
0xff, 0xea, 0x75, 0xc3, 0xff, 0xea, 0x75, 0xc3, 0xff, 0xea, 0x75, 0xc3, 0xff, 0xea, 0x75,
0xc3, 0xff, 0xea, 0x75, 0xc3, 0xff, 0xea, 0x75, 0xc3, 0xff, 0xea, 0x75, 0xc3, 0xff, 0xea,
0x75, 0xc3, 0xff, 0xea, 0x75, 0xc3, 0xa8, 0xec, 0x76, 0xc3, 0x04, 0xdf, 0x68, 0xbb, 0x00,
0x86, 0x08, 0x84, 0x00, 0x7e, 0x00, 0x7f, 0x00, 0x80, 0x01, 0x80, 0x00, 0x80, 0x01, 0x80,
0x00, 0x80, 0x01, 0x80, 0x00, 0x80, 0x01, 0x80, 0x00, 0x80, 0x01, 0x80, 0x00, 0x80, 0x01,
0x80, 0x00, 0x80, 0x01, 0x80, 0x00, 0x80, 0x01, 0x80, 0x00, 0x80, 0x01, 0x80, 0x00, 0x80,
0x01, 0x80, 0x00, 0x80, 0x01, 0x80, 0x00, 0xff, 0xff, 0xff, 0x00, 0xff, 0xff, 0xff, 0x00,
0xff, 0xff, 0xff, 0x00, 0xff, 0xff, 0xff, 0x00, 0xff, 0xff, 0xff, 0x00, 0xff, 0xff, 0xff,
0x00, 0xff, 0xff, 0xff, 0x00, 0xff, 0xff, 0xff, 0x00, 0xff, 0xff, 0xff, 0x00, 0xff, 0xff,
0xff, 0x00, 0xff, 0xff, 0xff, 0x00, 0xff, 0xff, 0xff, 0x00, 0xff, 0xff, 0xff, 0x00, 0xff,
0xff, 0xff, 0x00, 0xff, 0xff, 0xff, 0x00, 0xff, 0xff, 0xff, 0x00, 0xff, 0xff, 0xff, 0x00,
0xaf, 0x57, 0xac, 0x00, 0xaf, 0x57, 0xac, 0x00, 0xaf, 0x57, 0xac, 0x00, 0xaf, 0x57, 0xac,
0x00, 0xaf, 0x57, 0xac, 0x00, 0xaf, 0x57, 0xac, 0x00, 0xaf, 0x57, 0xac, 0x00, 0xaf, 0x57,
0xac, 0x00, 0xaf, 0x57, 0xac, 0x00, 0xaf, 0x57, 0xac, 0x00, 0xaf, 0x57, 0xac, 0x00, 0xaf,
0x57, 0xac, 0x00, 0xac, 0x56, 0xac, 0x00, 0xbe, 0x5e, 0xb0, 0x0d, 0xeb, 0x74, 0xc2, 0xc5,
0xea, 0x75, 0xc3, 0xff, 0xea, 0x75, 0xc3, 0xff, 0xea, 0x75, 0xc3, 0xff, 0xea, 0x75, 0xc3,
0xff, 0xea, 0x75, 0xc3, 0xff, 0xea, 0x75, 0xc3, 0xff, 0xea, 0x75, 0xc3, 0xff, 0xea, 0x75,
0xc3, 0xff, 0xea, 0x75, 0xc3, 0xff, 0xea, 0x75, 0xc3, 0xff, 0xea, 0x75, 0xc3, 0xff, 0xea,
0x75, 0xc3, 0xff, 0xea, 0x75, 0xc3, 0xff, 0xea, 0x73, 0xc2, 0xff, 0xe9, 0x70, 0xc1, 0xff,
0xf4, 0xb4, 0xdf, 0xff, 0xff, 0xfc, 0xfe, 0xff, 0xff, 0xff, 0xff, 0xff, 0xff, 0xff, 0xff,
0xff, 0xff, 0xff, 0xff, 0xff, 0xff, 0xff, 0xff, 0xff, 0xff, 0xff, 0xff, 0xff, 0xff, 0xff,
0xff, 0xff, 0xff, 0xff, 0xff, 0xff, 0xff, 0xff, 0xff, 0xff, 0xff, 0xff, 0xff, 0xff, 0xff,
0xff, 0xff, 0xff, 0xff, 0xff, 0xff, 0xff, 0xff, 0xff, 0xff, 0xff, 0xff, 0xff, 0xff, 0xff,
0xff, 0xff, 0xff, 0xff, 0xff, 0xff, 0xff, 0xff, 0xff, 0xff, 0xff, 0xff, 0xff, 0xff, 0xff,
0xff, 0xff, 0xff, 0xff, 0xff, 0xff, 0xff, 0xff, 0xff, 0xff, 0xff, 0xff, 0xff, 0xff, 0xff,
0xff, 0xff, 0xff, 0xff, 0xff, 0xff, 0xff, 0xff, 0xff, 0xff, 0xff, 0xff, 0xff, 0xff, 0xff,
0xff, 0xff, 0xff, 0xff, 0xff, 0xff, 0xff, 0xff, 0xff, 0xff, 0xff, 0xff, 0xff, 0xff, 0xff,
0xff, 0xff, 0xff, 0xff, 0xff, 0xff, 0xff, 0xff, 0xff, 0xff, 0xff, 0xff, 0xff, 0xff, 0xff,
0xff, 0xff, 0xff, 0xff, 0xff, 0xff, 0xff, 0xff, 0xff, 0xff, 0xff, 0xff, 0xff, 0xff, 0xff,
0xff, 0xff, 0xff, 0xff, 0xff, 0xff, 0xff, 0xff, 0xff, 0xff, 0xff, 0xff, 0xff, 0xff, 0xff,
0xff, 0xff, 0xff, 0xff, 0xff, 0xff, 0xff, 0xff, 0xff, 0xff, 0xff, 0xff, 0xff, 0xff, 0xff,
0xff, 0xff, 0xff, 0xff, 0xff, 0xff, 0xff, 0xff, 0xff, 0xff, 0xff, 0xff, 0xff, 0xff, 0xff,
0xff, 0xff, 0xff, 0xff, 0xff, 0xf6, 0xc4, 0xe5, 0xff, 0xea, 0x75, 0xc3, 0xff, 0xea, 0x72,
0xc2, 0xff, 0xea, 0x75, 0xc3, 0xff, 0xea, 0x75, 0xc3, 0xff, 0xea, 0x75, 0xc3, 0xff, 0xea,
0x75, 0xc3, 0xff, 0xea, 0x75, 0xc3, 0xff, 0xea, 0x75, 0xc3, 0xff, 0xea, 0x75, 0xc3, 0xff,
0xea, 0x75, 0xc3, 0xff, 0xea, 0x75, 0xc3, 0xff, 0xea, 0x75, 0xc3, 0xff, 0xea, 0x75, 0xc3,
0xff, 0xea, 0x75, 0xc3, 0xff, 0xea, 0x75, 0xc3, 0xff, 0xec, 0x77, 0xc4, 0xa4, 0xdf, 0x68,
0xbb, 0x01, 0x84, 0x06, 0x83, 0x00, 0x7c, 0x00, 0x7e, 0x00, 0x7e, 0x00, 0x7f, 0x00, 0x7e,
0x00, 0x7f, 0x00, 0x7e, 0x00, 0x7f, 0x00, 0x7e, 0x00, 0x7f, 0x00, 0x7e, 0x00, 0x7f, 0x00,
0x7e, 0x00, 0x7f, 0x00, 0x7e, 0x00, 0x7f, 0x00, 0x7e, 0x00, 0x7f, 0x00, 0x7e, 0x00, 0x7f,
0x00, 0x7e, 0x00, 0x7f, 0x00, 0x7e, 0x00, 0x7f, 0x00, 0xff, 0xff, 0xff, 0x00, 0xff, 0xff,
0xff, 0x00, 0xff, 0xff, 0xff, 0x00, 0xff, 0xff, 0xff, 0x00, 0xff, 0xff, 0xff, 0x00, 0xff,
0xff, 0xff, 0x00, 0xff, 0xff, 0xff, 0x00, 0xff, 0xff, 0xff, 0x00, 0xff, 0xff, 0xff, 0x00,
0xff, 0xff, 0xff, 0x00, 0xff, 0xff, 0xff, 0x00, 0xff, 0xff, 0xff, 0x00, 0xff, 0xff, 0xff,
0x00, 0xff, 0xff, 0xff, 0x00, 0xff, 0xff, 0xff, 0x00, 0xff, 0xff, 0xff, 0x00, 0xff, 0xff,
0xff, 0x00, 0xde, 0x62, 0xbf, 0x00, 0xde, 0x62, 0xbf, 0x00, 0xde, 0x62, 0xbf, 0x00, 0xde,
0x62, 0xbf, 0x00, 0xde, 0x62, 0xbf, 0x00, 0xde, 0x62, 0xbf, 0x00, 0xde, 0x62, 0xbf, 0x00,
0xde, 0x62, 0xbf, 0x00, 0xde, 0x62, 0xbf, 0x00, 0xde, 0x62, 0xbf, 0x00, 0xdf, 0x62, 0xbf,
0x00, 0xdc, 0x60, 0xbf, 0x00, 0xdf, 0x67, 0xbf, 0x03, 0xe7, 0x75, 0xc2, 0xb1, 0xea, 0x75,
0xc3, 0xff, 0xea, 0x75, 0xc3, 0xff, 0xea, 0x75, 0xc3, 0xff, 0xea, 0x75, 0xc3, 0xff, 0xea,
0x75, 0xc3, 0xff, 0xea, 0x75, 0xc3, 0xff, 0xea, 0x75, 0xc3, 0xff, 0xea, 0x75, 0xc3, 0xff,
0xea, 0x75, 0xc3, 0xff, 0xea, 0x75, 0xc3, 0xff, 0xea, 0x75, 0xc3, 0xff, 0xea, 0x75, 0xc3,
0xff, 0xea, 0x75, 0xc3, 0xff, 0xea, 0x75, 0xc3, 0xff, 0xe9, 0x70, 0xc1, 0xff, 0xf5, 0xbd,
0xe2, 0xff, 0xff, 0xff, 0xff, 0xff, 0xff, 0xff, 0xff, 0xff, 0xff, 0xff, 0xff, 0xff, 0xff,
0xff, 0xff, 0xff, 0xff, 0xff, 0xff, 0xff, 0xff, 0xff, 0xff, 0xff, 0xff, 0xff, 0xff, 0xff,
0xff, 0xff, 0xff, 0xff, 0xff, 0xff, 0xff, 0xff, 0xff, 0xff, 0xff, 0xff, 0xff, 0xff, 0xff,
0xff, 0xff, 0xff, 0xff, 0xff, 0xff, 0xff, 0xff, 0xff, 0xff, 0xff, 0xff, 0xff, 0xff, 0xff,
0xff, 0xff, 0xff, 0xff, 0xff, 0xff, 0xff, 0xff, 0xff, 0xff, 0xff, 0xff, 0xff, 0xff, 0xff,
0xff, 0xff, 0xff, 0xff, 0xff, 0xff, 0xff, 0xff, 0xff, 0xff, 0xff, 0xff, 0xff, 0xff, 0xff,
0xff, 0xff, 0xff, 0xff, 0xff, 0xff, 0xff, 0xff, 0xff, 0xff, 0xff, 0xff, 0xff, 0xff, 0xff,
0xff, 0xff, 0xff, 0xff, 0xff, 0xff, 0xff, 0xff, 0xff, 0xff, 0xff, 0xff, 0xff, 0xff, 0xff,
0xff, 0xff, 0xff, 0xff, 0xff, 0xff, 0xff, 0xff, 0xff, 0xff, 0xff, 0xff, 0xff, 0xff, 0xff,
0xff, 0xff, 0xff, 0xff, 0xff, 0xff, 0xff, 0xff, 0xff, 0xff, 0xff, 0xff, 0xff, 0xff, 0xff,
0xff, 0xff, 0xff, 0xff, 0xff, 0xff, 0xff, 0xff, 0xff, 0xff, 0xff, 0xff, 0xff, 0xff, 0xff,
0xff, 0xff, 0xff, 0xff, 0xff, 0xff, 0xff, 0xff, 0xff, 0xff, 0xff, 0xff, 0xff, 0xff, 0xff,
0xff, 0xff, 0xff, 0xff, 0xff, 0xff, 0xff, 0xff, 0xff, 0xff, 0xff, 0xff, 0xff, 0xff, 0xff,
0xff, 0xff, 0xff, 0xff, 0xff, 0xff, 0xff, 0xff, 0xff, 0xff, 0xff, 0xf8, 0xd2, 0xeb, 0xff,
0xea, 0x71, 0xc1, 0xff, 0xea, 0x74, 0xc3, 0xff, 0xea, 0x75, 0xc3, 0xff, 0xea, 0x75, 0xc3,
0xff, 0xea, 0x75, 0xc3, 0xff, 0xea, 0x75, 0xc3, 0xff, 0xea, 0x75, 0xc3, 0xff, 0xea, 0x75,
0xc3, 0xff, 0xea, 0x75, 0xc3, 0xff, 0xea, 0x75, 0xc3, 0xff, 0xea, 0x75, 0xc3, 0xff, 0xea,
0x75, 0xc3, 0xff, 0xea, 0x75, 0xc3, 0xff, 0xea, 0x75, 0xc3, 0xff, 0xec, 0x78, 0xc4, 0xff,
0xe1, 0x6b, 0xbd, 0x95, 0x8e, 0x10, 0x88, 0x00, 0x84, 0x06, 0x82, 0x00, 0x86, 0x07, 0x83,
0x00, 0x86, 0x07, 0x83, 0x00, 0x86, 0x07, 0x83, 0x00, 0x86, 0x07, 0x83, 0x00, 0x86, 0x07,
0x83, 0x00, 0x86, 0x07, 0x83, 0x00, 0x86, 0x07, 0x83, 0x00, 0x86, 0x07, 0x83, 0x00, 0x86,
0x07, 0x83, 0x00, 0x86, 0x07, 0x83, 0x00, 0x86, 0x07, 0x83, 0x00, 0xff, 0xff, 0xff, 0x00,
0xff, 0xff, 0xff, 0x00, 0xff, 0xff, 0xff, 0x00, 0xff, 0xff, 0xff, 0x00, 0xff, 0xff, 0xff,
0x00, 0xff, 0xff, 0xff, 0x00, 0xff, 0xff, 0xff, 0x00, 0xff, 0xff, 0xff, 0x00, 0xff, 0xff,
0xff, 0x00, 0xff, 0xff, 0xff, 0x00, 0xff, 0xff, 0xff, 0x00, 0xff, 0xff, 0xff, 0x00, 0xff,
0xff, 0xff, 0x00, 0xff, 0xff, 0xff, 0x00, 0xff, 0xff, 0xff, 0x00, 0xff, 0xff, 0xff, 0x00,
0xff, 0xff, 0xff, 0x00, 0xd0, 0x50, 0xc1, 0x00, 0xd0, 0x50, 0xc1, 0x00, 0xd0, 0x50, 0xc1,
0x00, 0xd0, 0x50, 0xc1, 0x00, 0xd0, 0x50, 0xc1, 0x00, 0xd0, 0x50, 0xc1, 0x00, 0xd0, 0x50,
0xc1, 0x00, 0xd0, 0x50, 0xc1, 0x00, 0xd0, 0x50, 0xc1, 0x00, 0xd0, 0x50, 0xc1, 0x00, 0xce,
0x4e, 0xc1, 0x00, 0xd9, 0x5c, 0xc0, 0x00, 0xea, 0x72, 0xc3, 0x91, 0xeb, 0x76, 0xc3, 0xff,
0xea, 0x75, 0xc3, 0xff, 0xea, 0x75, 0xc3, 0xff, 0xea, 0x75, 0xc3, 0xff, 0xea, 0x75, 0xc3,
0xff, 0xea, 0x75, 0xc3, 0xff, 0xea, 0x75, 0xc3, 0xff, 0xea, 0x75, 0xc3, 0xff, 0xea, 0x75,
0xc3, 0xff, 0xea, 0x75, 0xc3, 0xff, 0xea, 0x75, 0xc3, 0xff, 0xea, 0x75, 0xc3, 0xff, 0xea,
0x75, 0xc3, 0xff, 0xea, 0x75, 0xc3, 0xff, 0xe9, 0x6e, 0xc0, 0xff, 0xf0, 0x9b, 0xd4, 0xff,
0xff, 0xff, 0xff, 0xff, 0xff, 0xff, 0xff, 0xff, 0xff, 0xff, 0xff, 0xff, 0xff, 0xff, 0xff,
0xff, 0xff, 0xff, 0xff, 0xff, 0xff, 0xff, 0xff, 0xff, 0xff, 0xff, 0xff, 0xff, 0xff, 0xff,
0xff, 0xff, 0xff, 0xff, 0xff, 0xff, 0xff, 0xff, 0xff, 0xff, 0xff, 0xff, 0xff, 0xff, 0xff,
0xff, 0xff, 0xff, 0xff, 0xff, 0xff, 0xff, 0xff, 0xff, 0xff, 0xff, 0xff, 0xff, 0xff, 0xff,
0xff, 0xff, 0xff, 0xff, 0xff, 0xff, 0xff, 0xff, 0xff, 0xff, 0xff, 0xff, 0xff, 0xff, 0xff,
0xff, 0xff, 0xff, 0xff, 0xff, 0xff, 0xff, 0xff, 0xff, 0xff, 0xff, 0xff, 0xff, 0xff, 0xff,
0xff, 0xff, 0xff, 0xff, 0xff, 0xff, 0xff, 0xff, 0xff, 0xff, 0xff, 0xff, 0xff, 0xff, 0xff,
0xff, 0xff, 0xff, 0xff, 0xff, 0xff, 0xff, 0xff, 0xff, 0xff, 0xff, 0xff, 0xff, 0xff, 0xff,
0xff, 0xff, 0xff, 0xff, 0xff, 0xff, 0xff, 0xff, 0xff, 0xff, 0xff, 0xff, 0xff, 0xff, 0xff,
0xff, 0xff, 0xff, 0xff, 0xff, 0xff, 0xff, 0xff, 0xff, 0xff, 0xff, 0xff, 0xff, 0xff, 0xff,
0xff, 0xff, 0xff, 0xff, 0xff, 0xff, 0xff, 0xff, 0xff, 0xff, 0xff, 0xff, 0xff, 0xff, 0xff,
0xff, 0xff, 0xff, 0xff, 0xff, 0xff, 0xff, 0xff, 0xff, 0xff, 0xff, 0xff, 0xff, 0xff, 0xff,
0xff, 0xff, 0xff, 0xff, 0xff, 0xff, 0xff, 0xff, 0xff, 0xff, 0xff, 0xff, 0xff, 0xff, 0xff,
0xff, 0xff, 0xff, 0xff, 0xff, 0xff, 0xff, 0xff, 0xff, 0xff, 0xff, 0xff, 0xff, 0xff, 0xff,
0xff, 0xff, 0xf4, 0xb2, 0xde, 0xff, 0xe9, 0x6e, 0xc0, 0xff, 0xea, 0x75, 0xc3, 0xff, 0xea,
0x75, 0xc3, 0xff, 0xea, 0x75, 0xc3, 0xff, 0xea, 0x75, 0xc3, 0xff, 0xea, 0x75, 0xc3, 0xff,
0xea, 0x75, 0xc3, 0xff, 0xea, 0x75, 0xc3, 0xff, 0xea, 0x75, 0xc3, 0xff, 0xea, 0x75, 0xc3,
0xff, 0xea, 0x75, 0xc3, 0xff, 0xea, 0x75, 0xc3, 0xff, 0xea, 0x75, 0xc3, 0xff, 0xea, 0x75,
0xc3, 0xff, 0xea, 0x75, 0xc4, 0xff, 0xe1, 0x6a, 0xbc, 0x77, 0xcf, 0x51, 0xa8, 0x00, 0xcf,
0x4f, 0xa8, 0x00, 0xcf, 0x50, 0xa8, 0x00, 0xcf, 0x50, 0xa8, 0x00, 0xcf, 0x50, 0xa8, 0x00,
0xcf, 0x50, 0xa8, 0x00, 0xcf, 0x50, 0xa8, 0x00, 0xcf, 0x50, 0xa8, 0x00, 0xcf, 0x50, 0xa8,
0x00, 0xcf, 0x50, 0xa8, 0x00, 0xcf, 0x50, 0xa8, 0x00, 0xcf, 0x50, 0xa8, 0x00, 0xff, 0xff,
0xff, 0x00, 0xff, 0xff, 0xff, 0x00, 0xff, 0xff, 0xff, 0x00, 0xff, 0xff, 0xff, 0x00, 0xff,
0xff, 0xff, 0x00, 0xff, 0xff, 0xff, 0x00, 0xff, 0xff, 0xff, 0x00, 0xff, 0xff, 0xff, 0x00,
0xff, 0xff, 0xff, 0x00, 0xff, 0xff, 0xff, 0x00, 0xff, 0xff, 0xff, 0x00, 0xff, 0xff, 0xff,
0x00, 0xff, 0xff, 0xff, 0x00, 0xff, 0xff, 0xff, 0x00, 0xff, 0xff, 0xff, 0x00, 0xff, 0xff,
0xff, 0x00, 0xff, 0xff, 0xff, 0x00, 0xd2, 0x4e, 0xc7, 0x00, 0xd2, 0x4e, 0xc7, 0x00, 0xd2,
0x4e, 0xc7, 0x00, 0xd2, 0x4e, 0xc7, 0x00, 0xd2, 0x4e, 0xc7, 0x00, 0xd2, 0x4e, 0xc7, 0x00,
0xd2, 0x4e, 0xc7, 0x00, 0xd2, 0x4e, 0xc7, 0x00, 0xd2, 0x4e, 0xc8, 0x00, 0xd1, 0x4d, 0xc6,
0x00, 0xc3, 0x46, 0xbd, 0x00, 0xd8, 0x60, 0xc0, 0x68, 0xed, 0x78, 0xc3, 0xff, 0xea, 0x75,
0xc3, 0xff, 0xea, 0x75, 0xc3, 0xff, 0xea, 0x75, 0xc3, 0xff, 0xea, 0x75, 0xc3, 0xff, 0xea,
0x75, 0xc3, 0xff, 0xea, 0x75, 0xc3, 0xff, 0xea, 0x75, 0xc3, 0xff, 0xea, 0x75, 0xc3, 0xff,
0xea, 0x75, 0xc3, 0xff, 0xea, 0x75, 0xc3, 0xff, 0xea, 0x75, 0xc3, 0xff, 0xea, 0x75, 0xc3,
0xff, 0xea, 0x75, 0xc3, 0xff, 0xea, 0x73, 0xc2, 0xff, 0xea, 0x76, 0xc4, 0xff, 0xfb, 0xe5,
0xf4, 0xff, 0xff, 0xff, 0xff, 0xff, 0xff, 0xff, 0xff, 0xff, 0xff, 0xff, 0xff, 0xff, 0xff,
0xff, 0xff, 0xff, 0xff, 0xff, 0xff, 0xff, 0xff, 0xff, 0xff, 0xff, 0xff, 0xff, 0xff, 0xff,
0xff, 0xff, 0xff, 0xff, 0xff, 0xff, 0xff, 0xff, 0xff, 0xff, 0xff, 0xff, 0xff, 0xff, 0xff,
0xff, 0xff, 0xff, 0xff, 0xff, 0xff, 0xff, 0xff, 0xff, 0xff, 0xff, 0xff, 0xff, 0xff, 0xff,
0xff, 0xff, 0xff, 0xff, 0xff, 0xff, 0xff, 0xff, 0xff, 0xff, 0xff, 0xff, 0xff, 0xff, 0xff,
0xff, 0xff, 0xff, 0xff, 0xff, 0xff, 0xff, 0xff, 0xff, 0xff, 0xff, 0xff, 0xff, 0xff, 0xff,
0xff, 0xff, 0xff, 0xff, 0xff, 0xff, 0xff, 0xff, 0xff, 0xff, 0xff, 0xff, 0xff, 0xff, 0xff,
0xff, 0xff, 0xff, 0xff, 0xff, 0xff, 0xff, 0xff, 0xff, 0xff, 0xff, 0xff, 0xff, 0xff, 0xff,
0xff, 0xff, 0xff, 0xff, 0xff, 0xff, 0xff, 0xff, 0xff, 0xff, 0xff, 0xff, 0xff, 0xff, 0xff,
0xff, 0xff, 0xff, 0xff, 0xff, 0xff, 0xff, 0xff, 0xff, 0xff, 0xff, 0xff, 0xff, 0xff, 0xff,
0xff, 0xff, 0xff, 0xff, 0xff, 0xff, 0xff, 0xff, 0xff, 0xff, 0xff, 0xff, 0xff, 0xff, 0xff,
0xff, 0xff, 0xff, 0xff, 0xff, 0xff, 0xff, 0xff, 0xff, 0xff, 0xff, 0xff, 0xff, 0xff, 0xff,
0xff, 0xff, 0xff, 0xff, 0xff, 0xff, 0xff, 0xff, 0xff, 0xff, 0xff, 0xff, 0xff, 0xff, 0xff,
0xff, 0xff, 0xff, 0xff, 0xff, 0xff, 0xff, 0xff, 0xff, 0xff, 0xff, 0xff, 0xff, 0xff, 0xff,
0xff, 0xff, 0xff, 0xff, 0xfd, 0xf1, 0xf9, 0xff, 0xeb, 0x7a, 0xc5, 0xff, 0xea, 0x73, 0xc2,
0xff, 0xea, 0x75, 0xc3, 0xff, 0xea, 0x75, 0xc3, 0xff, 0xea, 0x75, 0xc3, 0xff, 0xea, 0x75,
0xc3, 0xff, 0xea, 0x75, 0xc3, 0xff, 0xea, 0x75, 0xc3, 0xff, 0xea, 0x75, 0xc3, 0xff, 0xea,
0x75, 0xc3, 0xff, 0xea, 0x75, 0xc3, 0xff, 0xea, 0x75, 0xc3, 0xff, 0xea, 0x75, 0xc3, 0xff,
0xea, 0x75, 0xc3, 0xff, 0xea, 0x75, 0xc3, 0xff, 0xec, 0x77, 0xc4, 0xff, 0xe4, 0x6b, 0xbb,
0x50, 0xd6, 0x56, 0xab, 0x00, 0xd6, 0x57, 0xab, 0x00, 0xd6, 0x57, 0xab, 0x00, 0xd6, 0x57,
0xab, 0x00, 0xd6, 0x57, 0xab, 0x00, 0xd6, 0x57, 0xab, 0x00, 0xd6, 0x57, 0xab, 0x00, 0xd6,
0x57, 0xab, 0x00, 0xd6, 0x57, 0xab, 0x00, 0xd6, 0x57, 0xab, 0x00, 0xd6, 0x57, 0xab, 0x00,
0xff, 0xff, 0xff, 0x00, 0xff, 0xff, 0xff, 0x00, 0xff, 0xff, 0xff, 0x00, 0xff, 0xff, 0xff,
0x00, 0xff, 0xff, 0xff, 0x00, 0xff, 0xff, 0xff, 0x00, 0xff, 0xff, 0xff, 0x00, 0xff, 0xff,
0xff, 0x00, 0xff, 0xff, 0xff, 0x00, 0xff, 0xff, 0xff, 0x00, 0xff, 0xff, 0xff, 0x00, 0xff,
0xff, 0xff, 0x00, 0xff, 0xff, 0xff, 0x00, 0xff, 0xff, 0xff, 0x00, 0xff, 0xff, 0xff, 0x00,
0xff, 0xff, 0xff, 0x00, 0xff, 0xff, 0xff, 0x00, 0x63, 0x2e, 0x50, 0x00, 0x63, 0x2e, 0x50,
0x00, 0x63, 0x2e, 0x50, 0x00, 0x63, 0x2e, 0x50, 0x00, 0x63, 0x2e, 0x50, 0x00, 0x63, 0x2e,
0x50, 0x00, 0x63, 0x2e, 0x50, 0x00, 0x63, 0x2e, 0x50, 0x00, 0x62, 0x2d, 0x4f, 0x00, 0x67,
0x2f, 0x53, 0x00, 0xd9, 0x69, 0xb2, 0x3b, 0xed, 0x77, 0xc5, 0xfc, 0xea, 0x75, 0xc3, 0xff,
0xea, 0x75, 0xc3, 0xff, 0xea, 0x75, 0xc3, 0xff, 0xea, 0x75, 0xc3, 0xff, 0xea, 0x75, 0xc3,
0xff, 0xea, 0x75, 0xc3, 0xff, 0xea, 0x75, 0xc3, 0xff, 0xea, 0x75, 0xc3, 0xff, 0xea, 0x75,
0xc3, 0xff, 0xea, 0x75, 0xc3, 0xff, 0xea, 0x75, 0xc3, 0xff, 0xea, 0x75, 0xc3, 0xff, 0xea,
0x75, 0xc3, 0xff, 0xea, 0x75, 0xc3, 0xff, 0xe9, 0x70, 0xc1, 0xff, 0xee, 0x8e, 0xce, 0xff,
0xff, 0xff, 0xff, 0xff, 0xff, 0xff, 0xff, 0xff, 0xff, 0xff, 0xff, 0xff, 0xff, 0xff, 0xff,
0xff, 0xff, 0xff, 0xff, 0xff, 0xff, 0xff, 0xff, 0xff, 0xff, 0xff, 0xff, 0xff, 0xff, 0xff,
0xff, 0xff, 0xff, 0xff, 0xff, 0xff, 0xff, 0xff, 0xff, 0xff, 0xff, 0xff, 0xff, 0xff, 0xff,
0xff, 0xff, 0xff, 0xff, 0xff, 0xff, 0xff, 0xff, 0xff, 0xff, 0xff, 0xff, 0xff, 0xff, 0xff,
0xff, 0xff, 0xff, 0xff, 0xff, 0xff, 0xff, 0xff, 0xff, 0xff, 0xff, 0xff, 0xff, 0xff, 0xff,
0xff, 0xff, 0xff, 0xff, 0xff, 0xff, 0xff, 0xff, 0xff, 0xff, 0xff, 0xff, 0xff, 0xff, 0xff,
0xff, 0xff, 0xff, 0xff, 0xff, 0xff, 0xff, 0xff, 0xff, 0xff, 0xff, 0xff, 0xff, 0xff, 0xff,
0xff, 0xff, 0xff, 0xff, 0xff, 0xff, 0xff, 0xff, 0xff, 0xff, 0xff, 0xff, 0xff, 0xff, 0xff,
0xff, 0xff, 0xff, 0xff, 0xff, 0xff, 0xff, 0xff, 0xff, 0xff, 0xff, 0xff, 0xff, 0xff, 0xff,
0xff, 0xff, 0xff, 0xff, 0xff, 0xff, 0xff, 0xff, 0xff, 0xff, 0xff, 0xff, 0xff, 0xff, 0xff,
0xff, 0xff, 0xff, 0xff, 0xff, 0xff, 0xff, 0xff, 0xff, 0xff, 0xff, 0xff, 0xff, 0xff, 0xff,
0xff, 0xff, 0xff, 0xff, 0xff, 0xff, 0xff, 0xff, 0xff, 0xff, 0xff, 0xff, 0xff, 0xff, 0xff,
0xff, 0xff, 0xff, 0xff, 0xff, 0xff, 0xff, 0xff, 0xff, 0xff, 0xff, 0xff, 0xff, 0xff, 0xff,
0xff, 0xff, 0xff, 0xff, 0xff, 0xff, 0xff, 0xff, 0xff, 0xff, 0xff, 0xff, 0xff, 0xff, 0xff,
0xff, 0xff, 0xff, 0xff, 0xff, 0xff, 0xff, 0xff, 0xff, 0xff, 0xf1, 0x9e, 0xd5, 0xff, 0xe9,
0x6e, 0xc0, 0xff, 0xea, 0x75, 0xc3, 0xff, 0xea, 0x75, 0xc3, 0xff, 0xea, 0x75, 0xc3, 0xff,
0xea, 0x75, 0xc3, 0xff, 0xea, 0x75, 0xc3, 0xff, 0xea, 0x75, 0xc3, 0xff, 0xea, 0x75, 0xc3,
0xff, 0xea, 0x75, 0xc3, 0xff, 0xea, 0x75, 0xc3, 0xff, 0xea, 0x75, 0xc3, 0xff, 0xea, 0x75,
0xc3, 0xff, 0xea, 0x75, 0xc3, 0xff, 0xea, 0x75, 0xc3, 0xff, 0xea, 0x75, 0xc3, 0xff, 0xea,
0x75, 0xc3, 0xee, 0xe4, 0x69, 0xbc, 0x27, 0xe4, 0x64, 0xbb, 0x00, 0xe4, 0x64, 0xba, 0x00,
0xe4, 0x64, 0xba, 0x00, 0xe4, 0x64, 0xba, 0x00, 0xe4, 0x64, 0xba, 0x00, 0xe4, 0x64, 0xba,
0x00, 0xe4, 0x64, 0xba, 0x00, 0xe4, 0x64, 0xba, 0x00, 0xe4, 0x64, 0xba, 0x00, 0xe4, 0x64,
0xba, 0x00, 0xff, 0xff, 0xff, 0x00, 0xff, 0xff, 0xff, 0x00, 0xff, 0xff, 0xff, 0x00, 0xff,
0xff, 0xff, 0x00, 0xff, 0xff, 0xff, 0x00, 0xff, 0xff, 0xff, 0x00, 0xff, 0xff, 0xff, 0x00,
0xff, 0xff, 0xff, 0x00, 0xff, 0xff, 0xff, 0x00, 0xff, 0xff, 0xff, 0x00, 0xff, 0xff, 0xff,
0x00, 0xff, 0xff, 0xff, 0x00, 0xff, 0xff, 0xff, 0x00, 0xff, 0xff, 0xff, 0x00, 0xff, 0xff,
0xff, 0x00, 0xff, 0xff, 0xff, 0x00, 0xff, 0xff, 0xff, 0x00, 0x52, 0x2d, 0x41, 0x00, 0x52,
0x2d, 0x41, 0x00, 0x52, 0x2d, 0x41, 0x00, 0x52, 0x2d, 0x41, 0x00, 0x52, 0x2d, 0x41, 0x00,
0x52, 0x2d, 0x41, 0x00, 0x52, 0x2d, 0x41, 0x00, 0x52, 0x2c, 0x41, 0x00, 0x52, 0x2c, 0x41,
0x00, 0x6e, 0x38, 0x59, 0x14, 0xe2, 0x71, 0xbc, 0xe2, 0xed, 0x77, 0xc5, 0xff, 0xea, 0x75,
0xc3, 0xff, 0xea, 0x75, 0xc3, 0xff, 0xea, 0x75, 0xc3, 0xff, 0xea, 0x75, 0xc3, 0xff, 0xea,
0x75, 0xc3, 0xff, 0xea, 0x75, 0xc3, 0xff, 0xea, 0x75, 0xc3, 0xff, 0xea, 0x75, 0xc3, 0xff,
0xea, 0x75, 0xc3, 0xff, 0xea, 0x75, 0xc3, 0xff, 0xea, 0x75, 0xc3, 0xff, 0xea, 0x75, 0xc3,
0xff, 0xea, 0x75, 0xc3, 0xff, 0xea, 0x75, 0xc3, 0xff, 0xe9, 0x6e, 0xc0, 0xff, 0xf0, 0x9d,
0xd5, 0xff, 0xff, 0xff, 0xff, 0xff, 0xff, 0xff, 0xff, 0xff, 0xff, 0xff, 0xff, 0xff, 0xff,
0xff, 0xff, 0xff, 0xff, 0xff, 0xff, 0xff, 0xff, 0xff, 0xff, 0xff, 0xff, 0xff, 0xff, 0xff,
0xff, 0xff, 0xff, 0xff, 0xff, 0xff, 0xff, 0xff, 0xff, 0xff, 0xff, 0xff, 0xff, 0xff, 0xff,
0xff, 0xff, 0xff, 0xff, 0xff, 0xff, 0xff, 0xff, 0xff, 0xff, 0xff, 0xff, 0xff, 0xff, 0xff,
0xff, 0xff, 0xff, 0xff, 0xff, 0xff, 0xff, 0xff, 0xff, 0xff, 0xff, 0xff, 0xff, 0xff, 0xff,
0xff, 0xff, 0xff, 0xff, 0xff, 0xff, 0xff, 0xff, 0xff, 0xff, 0xff, 0xff, 0xff, 0xff, 0xff,
0xff, 0xff, 0xff, 0xff, 0xff, 0xff, 0xff, 0xff, 0xff, 0xff, 0xff, 0xff, 0xff, 0xff, 0xff,
0xff, 0xff, 0xff, 0xff, 0xff, 0xff, 0xff, 0xff, 0xff, 0xff, 0xff, 0xff, 0xff, 0xff, 0xff,
0xff, 0xff, 0xff, 0xff, 0xff, 0xff, 0xff, 0xff, 0xff, 0xff, 0xff, 0xff, 0xff, 0xff, 0xff,
0xff, 0xff, 0xff, 0xff, 0xff, 0xff, 0xff, 0xff, 0xff, 0xff, 0xff, 0xff, 0xff, 0xff, 0xff,
0xff, 0xff, 0xff, 0xff, 0xff, 0xff, 0xff, 0xff, 0xff, 0xff, 0xff, 0xff, 0xff, 0xff, 0xff,
0xff, 0xff, 0xff, 0xff, 0xff, 0xff, 0xff, 0xff, 0xff, 0xff, 0xff, 0xff, 0xff, 0xff, 0xff,
0xff, 0xff, 0xff, 0xff, 0xff, 0xff, 0xff, 0xff, 0xff, 0xff, 0xff, 0xff, 0xff, 0xff, 0xff,
0xff, 0xff, 0xff, 0xff, 0xff, 0xff, 0xff, 0xff, 0xff, 0xff, 0xff, 0xff, 0xff, 0xff, 0xff,
0xff, 0xff, 0xff, 0xff, 0xff, 0xff, 0xff, 0xff, 0xff, 0xff, 0xff, 0xff, 0xf5, 0xbe, 0xe3,
0xff, 0xe9, 0x6c, 0xbf, 0xff, 0xea, 0x75, 0xc3, 0xff, 0xea, 0x75, 0xc3, 0xff, 0xea, 0x75,
0xc3, 0xff, 0xea, 0x75, 0xc3, 0xff, 0xea, 0x75, 0xc3, 0xff, 0xea, 0x75, 0xc3, 0xff, 0xea,
0x75, 0xc3, 0xff, 0xea, 0x75, 0xc3, 0xff, 0xea, 0x75, 0xc3, 0xff, 0xea, 0x75, 0xc3, 0xff,
0xea, 0x75, 0xc3, 0xff, 0xea, 0x75, 0xc3, 0xff, 0xea, 0x75, 0xc3, 0xff, 0xea, 0x75, 0xc3,
0xff, 0xea, 0x75, 0xc3, 0xff, 0xea, 0x74, 0xc3, 0xce, 0xe4, 0x66, 0xc2, 0x07, 0xf0, 0x6b,
0xcd, 0x00, 0xf2, 0x6c, 0xce, 0x00, 0xf2, 0x6c, 0xce, 0x00, 0xf2, 0x6c, 0xce, 0x00, 0xf2,
0x6c, 0xce, 0x00, 0xf2, 0x6c, 0xce, 0x00, 0xf2, 0x6c, 0xce, 0x00, 0xf2, 0x6c, 0xce, 0x00,
0xf2, 0x6c, 0xce, 0x00, 0xff, 0xff, 0xff, 0x00, 0xff, 0xff, 0xff, 0x00, 0xff, 0xff, 0xff,
0x00, 0xff, 0xff, 0xff, 0x00, 0xff, 0xff, 0xff, 0x00, 0xff, 0xff, 0xff, 0x00, 0xff, 0xff,
0xff, 0x00, 0xff, 0xff, 0xff, 0x00, 0xff, 0xff, 0xff, 0x00, 0xff, 0xff, 0xff, 0x00, 0xff,
0xff, 0xff, 0x00, 0xff, 0xff, 0xff, 0x00, 0xff, 0xff, 0xff, 0x00, 0xff, 0xff, 0xff, 0x00,
0xff, 0xff, 0xff, 0x00, 0xff, 0xff, 0xff, 0x00, 0xff, 0xff, 0xff, 0x00, 0x33, 0x0e, 0x2e,
0x00, 0x33, 0x0e, 0x2e, 0x00, 0x33, 0x0e, 0x2e, 0x00, 0x33, 0x0e, 0x2e, 0x00, 0x33, 0x0e,
0x2e, 0x00, 0x33, 0x0e, 0x2e, 0x00, 0x33, 0x0e, 0x2e, 0x00, 0x32, 0x0e, 0x2c, 0x00, 0x42,
0x17, 0x39, 0x00, 0xec, 0x75, 0xc3, 0xa8, 0xee, 0x77, 0xc7, 0xff, 0xea, 0x75, 0xc3, 0xff,
0xea, 0x75, 0xc3, 0xff, 0xea, 0x75, 0xc3, 0xff, 0xea, 0x75, 0xc3, 0xff, 0xea, 0x75, 0xc3,
0xff, 0xea, 0x75, 0xc3, 0xff, 0xea, 0x75, 0xc3, 0xff, 0xea, 0x75, 0xc3, 0xff, 0xea, 0x75,
0xc3, 0xff, 0xea, 0x75, 0xc3, 0xff, 0xea, 0x75, 0xc3, 0xff, 0xea, 0x75, 0xc3, 0xff, 0xea,
0x75, 0xc3, 0xff, 0xea, 0x75, 0xc3, 0xff, 0xea, 0x75, 0xc3, 0xff, 0xe9, 0x6e, 0xc0, 0xff,
0xf2, 0xa7, 0xd9, 0xff, 0xff, 0xff, 0xff, 0xff, 0xff, 0xff, 0xff, 0xff, 0xff, 0xff, 0xff,
0xff, 0xff, 0xff, 0xff, 0xff, 0xff, 0xff, 0xff, 0xff, 0xff, 0xff, 0xff, 0xff, 0xfe, 0xf9,
0xfd, 0xff, 0xf5, 0xbb, 0xe1, 0xff, 0xf4, 0xb5, 0xdf, 0xff, 0xf4, 0xb6, 0xdf, 0xff, 0xf4,
0xb6, 0xdf, 0xff, 0xf4, 0xb6, 0xdf, 0xff, 0xf4, 0xb6, 0xdf, 0xff, 0xf4, 0xb6, 0xdf, 0xff,
0xf4, 0xb6, 0xdf, 0xff, 0xf4, 0xb6, 0xdf, 0xff, 0xf4, 0xb6, 0xdf, 0xff, 0xf4, 0xb6, 0xdf,
0xff, 0xf4, 0xb6, 0xdf, 0xff, 0xf4, 0xb6, 0xdf, 0xff, 0xf4, 0xb6, 0xdf, 0xff, 0xf4, 0xb6,
0xdf, 0xff, 0xf4, 0xb6, 0xdf, 0xff, 0xf4, 0xb6, 0xdf, 0xff, 0xf4, 0xb6, 0xdf, 0xff, 0xf4,
0xb6, 0xdf, 0xff, 0xf4, 0xb6, 0xdf, 0xff, 0xf4, 0xb6, 0xdf, 0xff, 0xf4, 0xb6, 0xdf, 0xff,
0xf4, 0xb6, 0xdf, 0xff, 0xf4, 0xb6, 0xdf, 0xff, 0xf4, 0xb6, 0xdf, 0xff, 0xf4, 0xb6, 0xdf,
0xff, 0xf4, 0xb6, 0xdf, 0xff, 0xf4, 0xb6, 0xdf, 0xff, 0xf4, 0xb6, 0xdf, 0xff, 0xf4, 0xb6,
0xdf, 0xff, 0xf4, 0xb6, 0xdf, 0xff, 0xf4, 0xb6, 0xdf, 0xff, 0xf4, 0xb6, 0xdf, 0xff, 0xf4,
0xb6, 0xdf, 0xff, 0xf4, 0xb6, 0xdf, 0xff, 0xf4, 0xb6, 0xdf, 0xff, 0xf4, 0xb6, 0xdf, 0xff,
0xf4, 0xb6, 0xdf, 0xff, 0xf4, 0xb6, 0xdf, 0xff, 0xf4, 0xb5, 0xdf, 0xff, 0xf5, 0xba, 0xe1,
0xff, 0xfe, 0xf8, 0xfc, 0xff, 0xff, 0xff, 0xff, 0xff, 0xff, 0xff, 0xff, 0xff, 0xff, 0xff,
0xff, 0xff, 0xff, 0xff, 0xff, 0xff, 0xff, 0xff, 0xff, 0xff, 0xff, 0xff, 0xff, 0xff, 0xf7,
0xc8, 0xe7, 0xff, 0xe9, 0x6e, 0xc0, 0xff, 0xea, 0x75, 0xc3, 0xff, 0xea, 0x75, 0xc3, 0xff,
0xea, 0x75, 0xc3, 0xff, 0xea, 0x75, 0xc3, 0xff, 0xea, 0x75, 0xc3, 0xff, 0xea, 0x75, 0xc3,
0xff, 0xea, 0x75, 0xc3, 0xff, 0xea, 0x75, 0xc3, 0xff, 0xea, 0x75, 0xc3, 0xff, 0xea, 0x75,
0xc3, 0xff, 0xea, 0x75, 0xc3, 0xff, 0xea, 0x75, 0xc3, 0xff, 0xea, 0x75, 0xc3, 0xff, 0xea,
0x75, 0xc3, 0xff, 0xea, 0x75, 0xc3, 0xff, 0xec, 0x76, 0xc5, 0xff, 0xe0, 0x6f, 0xbb, 0x91,
0x74, 0x37, 0x63, 0x00, 0x6c, 0x33, 0x5b, 0x00, 0x6c, 0x34, 0x5c, 0x00, 0x6c, 0x34, 0x5c,
0x00, 0x6c, 0x34, 0x5c, 0x00, 0x6c, 0x34, 0x5c, 0x00, 0x6c, 0x34, 0x5c, 0x00, 0x6c, 0x34,
0x5c, 0x00, 0x6c, 0x34, 0x5c, 0x00, 0xff, 0xff, 0xff, 0x00, 0xff, 0xff, 0xff, 0x00, 0xff,
0xff, 0xff, 0x00, 0xff, 0xff, 0xff, 0x00, 0xff, 0xff, 0xff, 0x00, 0xff, 0xff, 0xff, 0x00,
0xff, 0xff, 0xff, 0x00, 0xff, 0xff, 0xff, 0x00, 0xff, 0xff, 0xff, 0x00, 0xff, 0xff, 0xff,
0x00, 0xff, 0xff, 0xff, 0x00, 0xff, 0xff, 0xff, 0x00, 0xff, 0xff, 0xff, 0x00, 0xff, 0xff,
0xff, 0x00, 0xff, 0xff, 0xff, 0x00, 0xff, 0xff, 0xff, 0x00, 0xff, 0xff, 0xff, 0x00, 0x81,
0x08, 0x7f, 0x00, 0x81, 0x08, 0x7f, 0x00, 0x81, 0x08, 0x7f, 0x00, 0x81, 0x08, 0x7f, 0x00,
0x81, 0x08, 0x7f, 0x00, 0x81, 0x08, 0x7f, 0x00, 0x81, 0x08, 0x7f, 0x00, 0x7d, 0x06, 0x7c,
0x00, 0xb0, 0x3a, 0x9d, 0x59, 0xee, 0x79, 0xc5, 0xff, 0xea, 0x75, 0xc3, 0xff, 0xea, 0x75,
0xc3, 0xff, 0xea, 0x75, 0xc3, 0xff, 0xea, 0x75, 0xc3, 0xff, 0xea, 0x75, 0xc3, 0xff, 0xea,
0x75, 0xc3, 0xff, 0xea, 0x75, 0xc3, 0xff, 0xea, 0x75, 0xc3, 0xff, 0xea, 0x75, 0xc3, 0xff,
0xea, 0x75, 0xc3, 0xff, 0xea, 0x75, 0xc3, 0xff, 0xea, 0x75, 0xc3, 0xff, 0xea, 0x75, 0xc3,
0xff, 0xea, 0x75, 0xc3, 0xff, 0xea, 0x75, 0xc3, 0xff, 0xea, 0x75, 0xc3, 0xff, 0xe9, 0x6e,
0xc0, 0xff, 0xf2, 0xa7, 0xd9, 0xff, 0xff, 0xff, 0xff, 0xff, 0xff, 0xff, 0xff, 0xff, 0xff,
0xff, 0xff, 0xff, 0xff, 0xff, 0xff, 0xff, 0xff, 0xff, 0xff, 0xff, 0xff, 0xff, 0xff, 0xff,
0xfd, 0xf2, 0xfa, 0xff, 0xea, 0x76, 0xc4, 0xff, 0xe9, 0x6a, 0xbe, 0xff, 0xe9, 0x6c, 0xbf,
0xff, 0xe9, 0x6c, 0xbf, 0xff, 0xe9, 0x6c, 0xbf, 0xff, 0xe9, 0x6c, 0xbf, 0xff, 0xe9, 0x6c,
0xbf, 0xff, 0xe9, 0x6c, 0xbf, 0xff, 0xe9, 0x6c, 0xbf, 0xff, 0xe9, 0x6c, 0xbf, 0xff, 0xe9,
0x6c, 0xbf, 0xff, 0xe9, 0x6c, 0xbf, 0xff, 0xe9, 0x6c, 0xbf, 0xff, 0xe9, 0x6c, 0xbf, 0xff,
0xe9, 0x6c, 0xbf, 0xff, 0xe9, 0x6c, 0xbf, 0xff, 0xe9, 0x6c, 0xbf, 0xff, 0xe9, 0x6c, 0xbf,
0xff, 0xe9, 0x6c, 0xbf, 0xff, 0xe9, 0x6c, 0xbf, 0xff, 0xe9, 0x6c, 0xbf, 0xff, 0xe9, 0x6c,
0xbf, 0xff, 0xe9, 0x6c, 0xbf, 0xff, 0xe9, 0x6c, 0xbf, 0xff, 0xe9, 0x6c, 0xbf, 0xff, 0xe9,
0x6c, 0xbf, 0xff, 0xe9, 0x6c, 0xbf, 0xff, 0xe9, 0x6c, 0xbf, 0xff, 0xe9, 0x6c, 0xbf, 0xff,
0xe9, 0x6c, 0xbf, 0xff, 0xe9, 0x6c, 0xbf, 0xff, 0xe9, 0x6c, 0xbf, 0xff, 0xe9, 0x6c, 0xbf,
0xff, 0xe9, 0x6c, 0xbf, 0xff, 0xe9, 0x6c, 0xbf, 0xff, 0xe9, 0x6c, 0xbf, 0xff, 0xe9, 0x6c,
0xbf, 0xff, 0xe9, 0x6c, 0xbf, 0xff, 0xe9, 0x6c, 0xbf, 0xff, 0xe9, 0x6a, 0xbe, 0xff, 0xea,
0x74, 0xc2, 0xff, 0xfd, 0xf0, 0xf9, 0xff, 0xff, 0xff, 0xff, 0xff, 0xff, 0xff, 0xff, 0xff,
0xff, 0xff, 0xff, 0xff, 0xff, 0xff, 0xff, 0xff, 0xff, 0xff, 0xff, 0xff, 0xff, 0xff, 0xff,
0xff, 0xf7, 0xc8, 0xe7, 0xff, 0xe9, 0x6e, 0xc0, 0xff, 0xea, 0x75, 0xc3, 0xff, 0xea, 0x75,
0xc3, 0xff, 0xea, 0x75, 0xc3, 0xff, 0xea, 0x75, 0xc3, 0xff, 0xea, 0x75, 0xc3, 0xff, 0xea,
0x75, 0xc3, 0xff, 0xea, 0x75, 0xc3, 0xff, 0xea, 0x75, 0xc3, 0xff, 0xea, 0x75, 0xc3, 0xff,
0xea, 0x75, 0xc3, 0xff, 0xea, 0x75, 0xc3, 0xff, 0xea, 0x75, 0xc3, 0xff, 0xea, 0x75, 0xc3,
0xff, 0xea, 0x75, 0xc3, 0xff, 0xea, 0x75, 0xc3, 0xff, 0xeb, 0x76, 0xc4, 0xff, 0xee, 0x77,
0xc6, 0xfd, 0x61, 0x30, 0x50, 0x41, 0x18, 0x0d, 0x13, 0x00, 0x1b, 0x0f, 0x15, 0x00, 0x1b,
0x0f, 0x15, 0x00, 0x1b, 0x0f, 0x15, 0x00, 0x1b, 0x0f, 0x15, 0x00, 0x1b, 0x0f, 0x15, 0x00,
0x1b, 0x0f, 0x15, 0x00, 0x1b, 0x0f, 0x15, 0x00, 0xff, 0xff, 0xff, 0x00, 0xff, 0xff, 0xff,
0x00, 0xff, 0xff, 0xff, 0x00, 0xff, 0xff, 0xff, 0x00, 0xff, 0xff, 0xff, 0x00, 0xff, 0xff,
0xff, 0x00, 0xff, 0xff, 0xff, 0x00, 0xff, 0xff, 0xff, 0x00, 0xff, 0xff, 0xff, 0x00, 0xff,
0xff, 0xff, 0x00, 0xff, 0xff, 0xff, 0x00, 0xff, 0xff, 0xff, 0x00, 0xff, 0xff, 0xff, 0x00,
0xff, 0xff, 0xff, 0x00, 0xff, 0xff, 0xff, 0x00, 0xff, 0xff, 0xff, 0x00, 0xff, 0xff, 0xff,
0x00, 0xde, 0x68, 0xb6, 0x00, 0xde, 0x68, 0xb6, 0x00, 0xde, 0x68, 0xb6, 0x00, 0xde, 0x68,
0xb6, 0x00, 0xde, 0x68, 0xb6, 0x00, 0xde, 0x68, 0xb6, 0x00, 0xde, 0x68, 0xb6, 0x00, 0xe0,
0x69, 0xba, 0x1a, 0xed, 0x77, 0xc5, 0xee, 0xeb, 0x76, 0xc3, 0xff, 0xea, 0x75, 0xc3, 0xff,
0xea, 0x75, 0xc3, 0xff, 0xea, 0x75, 0xc3, 0xff, 0xea, 0x75, 0xc3, 0xff, 0xea, 0x75, 0xc3,
0xff, 0xea, 0x75, 0xc3, 0xff, 0xea, 0x75, 0xc3, 0xff, 0xea, 0x75, 0xc3, 0xff, 0xea, 0x75,
0xc3, 0xff, 0xea, 0x75, 0xc3, 0xff, 0xea, 0x75, 0xc3, 0xff, 0xea, 0x75, 0xc3, 0xff, 0xea,
0x75, 0xc3, 0xff, 0xea, 0x75, 0xc3, 0xff, 0xea, 0x75, 0xc3, 0xff, 0xea, 0x75, 0xc3, 0xff,
0xe9, 0x6e, 0xc0, 0xff, 0xf2, 0xa7, 0xd9, 0xff, 0xff, 0xff, 0xff, 0xff, 0xff, 0xff, 0xff,
0xff, 0xff, 0xff, 0xff, 0xff, 0xff, 0xff, 0xff, 0xff, 0xff, 0xff, 0xff, 0xff, 0xff, 0xff,
0xff, 0xff, 0xfd, 0xf3, 0xfa, 0xff, 0xeb, 0x7e, 0xc7, 0xff, 0xea, 0x73, 0xc2, 0xff, 0xea,
0x75, 0xc3, 0xff, 0xea, 0x75, 0xc3, 0xff, 0xea, 0x75, 0xc3, 0xff, 0xea, 0x75, 0xc3, 0xff,
0xea, 0x75, 0xc3, 0xff, 0xea, 0x75, 0xc3, 0xff, 0xea, 0x75, 0xc3, 0xff, 0xea, 0x75, 0xc3,
0xff, 0xea, 0x75, 0xc3, 0xff, 0xea, 0x75, 0xc3, 0xff, 0xea, 0x75, 0xc3, 0xff, 0xea, 0x75,
0xc3, 0xff, 0xea, 0x75, 0xc3, 0xff, 0xea, 0x75, 0xc3, 0xff, 0xea, 0x75, 0xc3, 0xff, 0xea,
0x75, 0xc3, 0xff, 0xea, 0x75, 0xc3, 0xff, 0xea, 0x75, 0xc3, 0xff, 0xea, 0x75, 0xc3, 0xff,
0xea, 0x75, 0xc3, 0xff, 0xea, 0x75, 0xc3, 0xff, 0xea, 0x75, 0xc3, 0xff, 0xea, 0x75, 0xc3,
0xff, 0xea, 0x75, 0xc3, 0xff, 0xea, 0x75, 0xc3, 0xff, 0xea, 0x75, 0xc3, 0xff, 0xea, 0x75,
0xc3, 0xff, 0xea, 0x75, 0xc3, 0xff, 0xea, 0x75, 0xc3, 0xff, 0xea, 0x75, 0xc3, 0xff, 0xea,
0x75, 0xc3, 0xff, 0xea, 0x75, 0xc3, 0xff, 0xea, 0x75, 0xc3, 0xff, 0xea, 0x75, 0xc3, 0xff,
0xea, 0x75, 0xc3, 0xff, 0xea, 0x75, 0xc3, 0xff, 0xea, 0x75, 0xc3, 0xff, 0xea, 0x73, 0xc2,
0xff, 0xeb, 0x7c, 0xc6, 0xff, 0xfd, 0xf1, 0xf9, 0xff, 0xff, 0xff, 0xff, 0xff, 0xff, 0xff,
0xff, 0xff, 0xff, 0xff, 0xff, 0xff, 0xff, 0xff, 0xff, 0xff, 0xff, 0xff, 0xff, 0xff, 0xff,
0xff, 0xff, 0xff, 0xf7, 0xc8, 0xe7, 0xff, 0xe9, 0x6e, 0xc0, 0xff, 0xea, 0x75, 0xc3, 0xff,
0xea, 0x75, 0xc3, 0xff, 0xea, 0x75, 0xc3, 0xff, 0xea, 0x75, 0xc3, 0xff, 0xea, 0x75, 0xc3,
0xff, 0xea, 0x75, 0xc3, 0xff, 0xea, 0x75, 0xc3, 0xff, 0xea, 0x75, 0xc3, 0xff, 0xea, 0x75,
0xc3, 0xff, 0xea, 0x75, 0xc3, 0xff, 0xea, 0x75, 0xc3, 0xff, 0xea, 0x75, 0xc3, 0xff, 0xea,
0x75, 0xc3, 0xff, 0xea, 0x75, 0xc3, 0xff, 0xea, 0x75, 0xc3, 0xff, 0xea, 0x75, 0xc3, 0xff,
0xec, 0x76, 0xc5, 0xff, 0xed, 0x77, 0xc5, 0xd9, 0xce, 0x5a, 0xac, 0x07, 0xc0, 0x4c, 0xa4,
0x00, 0xc2, 0x4c, 0xa4, 0x00, 0xc2, 0x4c, 0xa4, 0x00, 0xc2, 0x4c, 0xa4, 0x00, 0xc2, 0x4c,
0xa4, 0x00, 0xc2, 0x4c, 0xa4, 0x00, 0xc2, 0x4c, 0xa4, 0x00, 0xff, 0xff, 0xff, 0x00, 0xff,
0xff, 0xff, 0x00, 0xff, 0xff, 0xff, 0x00, 0xff, 0xff, 0xff, 0x00, 0xff, 0xff, 0xff, 0x00,
0xff, 0xff, 0xff, 0x00, 0xff, 0xff, 0xff, 0x00, 0xff, 0xff, 0xff, 0x00, 0xff, 0xff, 0xff,
0x00, 0xff, 0xff, 0xff, 0x00, 0xff, 0xff, 0xff, 0x00, 0xff, 0xff, 0xff, 0x00, 0xff, 0xff,
0xff, 0x00, 0xff, 0xff, 0xff, 0x00, 0xff, 0xff, 0xff, 0x00, 0xff, 0xff, 0xff, 0x00, 0xff,
0xff, 0xff, 0x00, 0xd2, 0x66, 0xa8, 0x00, 0xd2, 0x66, 0xa8, 0x00, 0xd2, 0x66, 0xa8, 0x00,
0xd2, 0x66, 0xa8, 0x00, 0xd2, 0x66, 0xa8, 0x00, 0xd2, 0x65, 0xa8, 0x00, 0xd3, 0x66, 0xa6,
0x00, 0xe7, 0x74, 0xbc, 0xa3, 0xeb, 0x76, 0xc5, 0xff, 0xea, 0x75, 0xc3, 0xff, 0xea, 0x75,
0xc3, 0xff, 0xea, 0x75, 0xc3, 0xff, 0xea, 0x75, 0xc3, 0xff, 0xea, 0x75, 0xc3, 0xff, 0xea,
0x75, 0xc3, 0xff, 0xea, 0x75, 0xc3, 0xff, 0xea, 0x75, 0xc3, 0xff, 0xea, 0x75, 0xc3, 0xff,
0xea, 0x75, 0xc3, 0xff, 0xea, 0x75, 0xc3, 0xff, 0xea, 0x75, 0xc3, 0xff, 0xea, 0x75, 0xc3,
0xff, 0xea, 0x75, 0xc3, 0xff, 0xea, 0x75, 0xc3, 0xff, 0xea, 0x75, 0xc3, 0xff, 0xea, 0x75,
0xc3, 0xff, 0xe9, 0x6e, 0xc0, 0xff, 0xf2, 0xa7, 0xd9, 0xff, 0xff, 0xff, 0xff, 0xff, 0xff,
0xff, 0xff, 0xff, 0xff, 0xff, 0xff, 0xff, 0xff, 0xff, 0xff, 0xff, 0xff, 0xff, 0xff, 0xff,
0xff, 0xff, 0xff, 0xff, 0xfd, 0xf3, 0xfa, 0xff, 0xeb, 0x7e, 0xc7, 0xff, 0xea, 0x73, 0xc2,
0xff, 0xea, 0x75, 0xc3, 0xff, 0xea, 0x75, 0xc3, 0xff, 0xea, 0x75, 0xc3, 0xff, 0xea, 0x75,
0xc3, 0xff, 0xea, 0x75, 0xc3, 0xff, 0xea, 0x75, 0xc3, 0xff, 0xea, 0x75, 0xc3, 0xff, 0xea,
0x75, 0xc3, 0xff, 0xea, 0x75, 0xc3, 0xff, 0xea, 0x75, 0xc3, 0xff, 0xea, 0x75, 0xc3, 0xff,
0xea, 0x75, 0xc3, 0xff, 0xea, 0x75, 0xc3, 0xff, 0xea, 0x75, 0xc3, 0xff, 0xea, 0x75, 0xc3,
0xff, 0xea, 0x75, 0xc3, 0xff, 0xea, 0x75, 0xc3, 0xff, 0xea, 0x75, 0xc3, 0xff, 0xea, 0x75,
0xc3, 0xff, 0xea, 0x75, 0xc3, 0xff, 0xea, 0x75, 0xc3, 0xff, 0xea, 0x75, 0xc3, 0xff, 0xea,
0x75, 0xc3, 0xff, 0xea, 0x75, 0xc3, 0xff, 0xea, 0x75, 0xc3, 0xff, 0xea, 0x75, 0xc3, 0xff,
0xea, 0x75, 0xc3, 0xff, 0xea, 0x75, 0xc3, 0xff, 0xea, 0x75, 0xc3, 0xff, 0xea, 0x75, 0xc3,
0xff, 0xea, 0x75, 0xc3, 0xff, 0xea, 0x75, 0xc3, 0xff, 0xea, 0x75, 0xc3, 0xff, 0xea, 0x75,
0xc3, 0xff, 0xea, 0x75, 0xc3, 0xff, 0xea, 0x75, 0xc3, 0xff, 0xea, 0x75, 0xc3, 0xff, 0xea,
0x73, 0xc2, 0xff, 0xeb, 0x7c, 0xc6, 0xff, 0xfd, 0xf1, 0xf9, 0xff, 0xff, 0xff, 0xff, 0xff,
0xff, 0xff, 0xff, 0xff, 0xff, 0xff, 0xff, 0xff, 0xff, 0xff, 0xff, 0xff, 0xff, 0xff, 0xff,
0xff, 0xff, 0xff, 0xff, 0xff, 0xf7, 0xc8, 0xe7, 0xff, 0xe9, 0x6e, 0xc0, 0xff, 0xea, 0x75,
0xc3, 0xff, 0xea, 0x75, 0xc3, 0xff, 0xea, 0x75, 0xc3, 0xff, 0xea, 0x75, 0xc3, 0xff, 0xea,
0x75, 0xc3, 0xff, 0xea, 0x75, 0xc3, 0xff, 0xea, 0x75, 0xc3, 0xff, 0xea, 0x75, 0xc3, 0xff,
0xea, 0x75, 0xc3, 0xff, 0xea, 0x75, 0xc3, 0xff, 0xea, 0x75, 0xc3, 0xff, 0xea, 0x75, 0xc3,
0xff, 0xea, 0x75, 0xc3, 0xff, 0xea, 0x75, 0xc3, 0xff, 0xea, 0x75, 0xc3, 0xff, 0xea, 0x75,
0xc3, 0xff, 0xea, 0x75, 0xc3, 0xff, 0xef, 0x79, 0xc6, 0xff, 0xd1, 0x59, 0xb3, 0x84, 0xb3,
0x3b, 0x9e, 0x00, 0xb6, 0x3c, 0xa1, 0x00, 0xb6, 0x3c, 0xa1, 0x00, 0xb6, 0x3c, 0xa1, 0x00,
0xb6, 0x3c, 0xa1, 0x00, 0xb6, 0x3c, 0xa1, 0x00, 0xb6, 0x3c, 0xa1, 0x00, 0xff, 0xff, 0xff,
0x00, 0xff, 0xff, 0xff, 0x00, 0xff, 0xff, 0xff, 0x00, 0xff, 0xff, 0xff, 0x00, 0xff, 0xff,
0xff, 0x00, 0xff, 0xff, 0xff, 0x00, 0xff, 0xff, 0xff, 0x00, 0xff, 0xff, 0xff, 0x00, 0xff,
0xff, 0xff, 0x00, 0xff, 0xff, 0xff, 0x00, 0xff, 0xff, 0xff, 0x00, 0xff, 0xff, 0xff, 0x00,
0xff, 0xff, 0xff, 0x00, 0xff, 0xff, 0xff, 0x00, 0xff, 0xff, 0xff, 0x00, 0xff, 0xff, 0xff,
0x00, 0xff, 0xff, 0xff, 0x00, 0xd7, 0x55, 0xc7, 0x00, 0xd7, 0x55, 0xc7, 0x00, 0xd7, 0x55,
0xc7, 0x00, 0xd7, 0x55, 0xc7, 0x00, 0xd7, 0x55, 0xc7, 0x00, 0xd3, 0x53, 0xc5, 0x00, 0xd4,
0x59, 0xc1, 0x3e, 0xeb, 0x77, 0xc3, 0xff, 0xea, 0x75, 0xc3, 0xff, 0xea, 0x75, 0xc3, 0xff,
0xea, 0x75, 0xc3, 0xff, 0xea, 0x75, 0xc3, 0xff, 0xea, 0x75, 0xc3, 0xff, 0xea, 0x75, 0xc3,
0xff, 0xea, 0x75, 0xc3, 0xff, 0xea, 0x75, 0xc3, 0xff, 0xea, 0x75, 0xc3, 0xff, 0xea, 0x75,
0xc3, 0xff, 0xea, 0x75, 0xc3, 0xff, 0xea, 0x75, 0xc3, 0xff, 0xea, 0x75, 0xc3, 0xff, 0xea,
0x75, 0xc3, 0xff, 0xea, 0x75, 0xc3, 0xff, 0xea, 0x75, 0xc3, 0xff, 0xea, 0x75, 0xc3, 0xff,
0xea, 0x75, 0xc3, 0xff, 0xe9, 0x6e, 0xc0, 0xff, 0xf2, 0xa7, 0xd9, 0xff, 0xff, 0xff, 0xff,
0xff, 0xff, 0xff, 0xff, 0xff, 0xff, 0xff, 0xff, 0xff, 0xff, 0xff, 0xff, 0xff, 0xff, 0xff,
0xff, 0xff, 0xff, 0xff, 0xff, 0xff, 0xfd, 0xf3, 0xfa, 0xff, 0xeb, 0x7e, 0xc7, 0xff, 0xea,
0x73, 0xc2, 0xff, 0xea, 0x75, 0xc3, 0xff, 0xea, 0x75, 0xc3, 0xff, 0xea, 0x75, 0xc3, 0xff,
0xea, 0x75, 0xc3, 0xff, 0xea, 0x75, 0xc3, 0xff, 0xea, 0x75, 0xc3, 0xff, 0xea, 0x75, 0xc3,
0xff, 0xea, 0x75, 0xc3, 0xff, 0xea, 0x75, 0xc3, 0xff, 0xea, 0x75, 0xc3, 0xff, 0xea, 0x75,
0xc3, 0xff, 0xea, 0x75, 0xc3, 0xff, 0xea, 0x75, 0xc3, 0xff, 0xea, 0x75, 0xc3, 0xff, 0xea,
0x75, 0xc3, 0xff, 0xea, 0x75, 0xc3, 0xff, 0xea, 0x75, 0xc3, 0xff, 0xea, 0x75, 0xc3, 0xff,
0xea, 0x75, 0xc3, 0xff, 0xea, 0x75, 0xc3, 0xff, 0xea, 0x75, 0xc3, 0xff, 0xea, 0x75, 0xc3,
0xff, 0xea, 0x75, 0xc3, 0xff, 0xea, 0x75, 0xc3, 0xff, 0xea, 0x75, 0xc3, 0xff, 0xea, 0x75,
0xc3, 0xff, 0xea, 0x75, 0xc3, 0xff, 0xea, 0x75, 0xc3, 0xff, 0xea, 0x75, 0xc3, 0xff, 0xea,
0x75, 0xc3, 0xff, 0xea, 0x75, 0xc3, 0xff, 0xea, 0x75, 0xc3, 0xff, 0xea, 0x75, 0xc3, 0xff,
0xea, 0x75, 0xc3, 0xff, 0xea, 0x75, 0xc3, 0xff, 0xea, 0x75, 0xc3, 0xff, 0xea, 0x75, 0xc3,
0xff, 0xea, 0x73, 0xc2, 0xff, 0xeb, 0x7c, 0xc6, 0xff, 0xfd, 0xf1, 0xf9, 0xff, 0xff, 0xff,
0xff, 0xff, 0xff, 0xff, 0xff, 0xff, 0xff, 0xff, 0xff, 0xff, 0xff, 0xff, 0xff, 0xff, 0xff,
0xff, 0xff, 0xff, 0xff, 0xff, 0xff, 0xff, 0xf7, 0xc8, 0xe7, 0xff, 0xe9, 0x6e, 0xc0, 0xff,
0xea, 0x75, 0xc3, 0xff, 0xea, 0x75, 0xc3, 0xff, 0xea, 0x75, 0xc3, 0xff, 0xea, 0x75, 0xc3,
0xff, 0xea, 0x75, 0xc3, 0xff, 0xea, 0x75, 0xc3, 0xff, 0xea, 0x75, 0xc3, 0xff, 0xea, 0x75,
0xc3, 0xff, 0xea, 0x75, 0xc3, 0xff, 0xea, 0x75, 0xc3, 0xff, 0xea, 0x75, 0xc3, 0xff, 0xea,
0x75, 0xc3, 0xff, 0xea, 0x75, 0xc3, 0xff, 0xea, 0x75, 0xc3, 0xff, 0xea, 0x75, 0xc3, 0xff,
0xea, 0x75, 0xc3, 0xff, 0xea, 0x75, 0xc3, 0xff, 0xea, 0x75, 0xc3, 0xff, 0xee, 0x78, 0xc5,
0xf2, 0xe8, 0x77, 0xc0, 0x20, 0xe5, 0x76, 0xbc, 0x00, 0xe5, 0x76, 0xbd, 0x00, 0xe5, 0x76,
0xbd, 0x00, 0xe5, 0x76, 0xbd, 0x00, 0xe5, 0x76, 0xbd, 0x00, 0xe5, 0x76, 0xbd, 0x00, 0xff,
0xff, 0xff, 0x00, 0xff, 0xff, 0xff, 0x00, 0xff, 0xff, 0xff, 0x00, 0xff, 0xff, 0xff, 0x00,
0xff, 0xff, 0xff, 0x00, 0xff, 0xff, 0xff, 0x00, 0xff, 0xff, 0xff, 0x00, 0xff, 0xff, 0xff,
0x00, 0xff, 0xff, 0xff, 0x00, 0xff, 0xff, 0xff, 0x00, 0xff, 0xff, 0xff, 0x00, 0xff, 0xff,
0xff, 0x00, 0xff, 0xff, 0xff, 0x00, 0xff, 0xff, 0xff, 0x00, 0xff, 0xff, 0xff, 0x00, 0xff,
0xff, 0xff, 0x00, 0xff, 0xff, 0xff, 0x00, 0x7f, 0x3b, 0x6c, 0x00, 0x7f, 0x3b, 0x6c, 0x00,
0x7f, 0x3b, 0x6c, 0x00, 0x7f, 0x3b, 0x6c, 0x00, 0x7e, 0x3a, 0x6c, 0x00, 0x90, 0x44, 0x7a,
0x06, 0xe8, 0x74, 0xc0, 0xcf, 0xeb, 0x76, 0xc4, 0xff, 0xea, 0x75, 0xc3, 0xff, 0xea, 0x75,
0xc3, 0xff, 0xea, 0x75, 0xc3, 0xff, 0xea, 0x75, 0xc3, 0xff, 0xea, 0x75, 0xc3, 0xff, 0xea,
0x75, 0xc3, 0xff, 0xea, 0x75, 0xc3, 0xff, 0xea, 0x75, 0xc3, 0xff, 0xea, 0x75, 0xc3, 0xff,
0xea, 0x75, 0xc3, 0xff, 0xea, 0x75, 0xc3, 0xff, 0xea, 0x75, 0xc3, 0xff, 0xea, 0x75, 0xc3,
0xff, 0xea, 0x75, 0xc3, 0xff, 0xea, 0x75, 0xc3, 0xff, 0xea, 0x75, 0xc3, 0xff, 0xea, 0x75,
0xc3, 0xff, 0xea, 0x75, 0xc3, 0xff, 0xe9, 0x6e, 0xc0, 0xff, 0xf2, 0xa7, 0xd9, 0xff, 0xff,
0xff, 0xff, 0xff, 0xff, 0xff, 0xff, 0xff, 0xff, 0xff, 0xff, 0xff, 0xff, 0xff, 0xff, 0xff,
0xff, 0xff, 0xff, 0xff, 0xff, 0xff, 0xff, 0xff, 0xfd, 0xf3, 0xfa, 0xff, 0xeb, 0x7e, 0xc7,
0xff, 0xea, 0x73, 0xc2, 0xff, 0xea, 0x75, 0xc3, 0xff, 0xea, 0x75, 0xc3, 0xff, 0xea, 0x75,
0xc3, 0xff, 0xea, 0x75, 0xc3, 0xff, 0xea, 0x75, 0xc3, 0xff, 0xea, 0x75, 0xc3, 0xff, 0xea,
0x75, 0xc3, 0xff, 0xea, 0x75, 0xc3, 0xff, 0xea, 0x75, 0xc3, 0xff, 0xea, 0x75, 0xc3, 0xff,
0xea, 0x75, 0xc3, 0xff, 0xea, 0x75, 0xc3, 0xff, 0xea, 0x75, 0xc3, 0xff, 0xea, 0x75, 0xc3,
0xff, 0xea, 0x75, 0xc3, 0xff, 0xea, 0x75, 0xc3, 0xff, 0xea, 0x75, 0xc3, 0xff, 0xea, 0x75,
0xc3, 0xff, 0xea, 0x75, 0xc3, 0xff, 0xea, 0x75, 0xc3, 0xff, 0xea, 0x75, 0xc3, 0xff, 0xea,
0x75, 0xc3, 0xff, 0xea, 0x75, 0xc3, 0xff, 0xea, 0x75, 0xc3, 0xff, 0xea, 0x75, 0xc3, 0xff,
0xea, 0x75, 0xc3, 0xff, 0xea, 0x75, 0xc3, 0xff, 0xea, 0x75, 0xc3, 0xff, 0xea, 0x75, 0xc3,
0xff, 0xea, 0x75, 0xc3, 0xff, 0xea, 0x75, 0xc3, 0xff, 0xea, 0x75, 0xc3, 0xff, 0xea, 0x75,
0xc3, 0xff, 0xea, 0x75, 0xc3, 0xff, 0xea, 0x75, 0xc3, 0xff, 0xea, 0x75, 0xc3, 0xff, 0xea,
0x75, 0xc3, 0xff, 0xea, 0x73, 0xc2, 0xff, 0xeb, 0x7c, 0xc6, 0xff, 0xfd, 0xf1, 0xf9, 0xff,
0xff, 0xff, 0xff, 0xff, 0xff, 0xff, 0xff, 0xff, 0xff, 0xff, 0xff, 0xff, 0xff, 0xff, 0xff,
0xff, 0xff, 0xff, 0xff, 0xff, 0xff, 0xff, 0xff, 0xff, 0xf7, 0xc8, 0xe7, 0xff, 0xe9, 0x6e,
0xc0, 0xff, 0xea, 0x75, 0xc3, 0xff, 0xea, 0x75, 0xc3, 0xff, 0xea, 0x75, 0xc3, 0xff, 0xea,
0x75, 0xc3, 0xff, 0xea, 0x75, 0xc3, 0xff, 0xea, 0x75, 0xc3, 0xff, 0xea, 0x75, 0xc3, 0xff,
0xea, 0x75, 0xc3, 0xff, 0xea, 0x75, 0xc3, 0xff, 0xea, 0x75, 0xc3, 0xff, 0xea, 0x75, 0xc3,
0xff, 0xea, 0x75, 0xc3, 0xff, 0xea, 0x75, 0xc3, 0xff, 0xea, 0x75, 0xc3, 0xff, 0xea, 0x75,
0xc3, 0xff, 0xea, 0x75, 0xc3, 0xff, 0xea, 0x75, 0xc3, 0xff, 0xea, 0x75, 0xc3, 0xff, 0xea,
0x75, 0xc3, 0xff, 0xe9, 0x74, 0xc0, 0xad, 0xe7, 0x72, 0xbb, 0x00, 0xe7, 0x72, 0xbc, 0x00,
0xe7, 0x72, 0xbc, 0x00, 0xe7, 0x72, 0xbc, 0x00, 0xe7, 0x72, 0xbc, 0x00, 0xe7, 0x72, 0xbc,
0x00, 0xff, 0xff, 0xff, 0x00, 0xff, 0xff, 0xff, 0x00, 0xff, 0xff, 0xff, 0x00, 0xff, 0xff,
0xff, 0x00, 0xff, 0xff, 0xff, 0x00, 0xff, 0xff, 0xff, 0x00, 0xff, 0xff, 0xff, 0x00, 0xff,
0xff, 0xff, 0x00, 0xff, 0xff, 0xff, 0x00, 0xff, 0xff, 0xff, 0x00, 0xff, 0xff, 0xff, 0x00,
0xff, 0xff, 0xff, 0x00, 0xff, 0xff, 0xff, 0x00, 0xff, 0xff, 0xff, 0x00, 0xff, 0xff, 0xff,
0x00, 0xff, 0xff, 0xff, 0x00, 0xff, 0xff, 0xff, 0x00, 0xb5, 0x49, 0xa5, 0x00, 0xb5, 0x49,
0xa5, 0x00, 0xb5, 0x49, 0xa5, 0x00, 0xb5, 0x49, 0xa5, 0x00, 0xb4, 0x48, 0xa5, 0x00, 0xc1,
0x54, 0xac, 0x56, 0xeb, 0x76, 0xc3, 0xff, 0xea, 0x75, 0xc3, 0xff, 0xea, 0x75, 0xc3, 0xff,
0xea, 0x75, 0xc3, 0xff, 0xea, 0x75, 0xc3, 0xff, 0xea, 0x75, 0xc3, 0xff, 0xea, 0x75, 0xc3,
0xff, 0xea, 0x75, 0xc3, 0xff, 0xea, 0x75, 0xc3, 0xff, 0xea, 0x75, 0xc3, 0xff, 0xea, 0x75,
0xc3, 0xff, 0xea, 0x75, 0xc3, 0xff, 0xea, 0x75, 0xc3, 0xff, 0xea, 0x75, 0xc3, 0xff, 0xea,
0x75, 0xc3, 0xff, 0xea, 0x75, 0xc3, 0xff, 0xea, 0x75, 0xc3, 0xff, 0xea, 0x75, 0xc3, 0xff,
0xea, 0x75, 0xc3, 0xff, 0xea, 0x75, 0xc3, 0xff, 0xe9, 0x6e, 0xc0, 0xff, 0xf2, 0xa7, 0xd9,
0xff, 0xff, 0xff, 0xff, 0xff, 0xff, 0xff, 0xff, 0xff, 0xff, 0xff, 0xff, 0xff, 0xff, 0xff,
0xff, 0xff, 0xff, 0xff, 0xff, 0xff, 0xff, 0xff, 0xff, 0xff, 0xfd, 0xf3, 0xfa, 0xff, 0xeb,
0x7e, 0xc7, 0xff, 0xea, 0x73, 0xc2, 0xff, 0xea, 0x75, 0xc3, 0xff, 0xea, 0x75, 0xc3, 0xff,
0xea, 0x75, 0xc3, 0xff, 0xea, 0x75, 0xc3, 0xff, 0xea, 0x75, 0xc3, 0xff, 0xea, 0x75, 0xc3,
0xff, 0xea, 0x75, 0xc3, 0xff, 0xea, 0x75, 0xc3, 0xff, 0xea, 0x75, 0xc3, 0xff, 0xea, 0x75,
0xc3, 0xff, 0xea, 0x75, 0xc3, 0xff, 0xea, 0x75, 0xc3, 0xff, 0xea, 0x75, 0xc3, 0xff, 0xea,
0x75, 0xc3, 0xff, 0xea, 0x75, 0xc3, 0xff, 0xea, 0x75, 0xc3, 0xff, 0xea, 0x75, 0xc3, 0xff,
0xea, 0x75, 0xc3, 0xff, 0xea, 0x75, 0xc3, 0xff, 0xea, 0x75, 0xc3, 0xff, 0xea, 0x75, 0xc3,
0xff, 0xea, 0x75, 0xc3, 0xff, 0xea, 0x75, 0xc3, 0xff, 0xea, 0x75, 0xc3, 0xff, 0xea, 0x75,
0xc3, 0xff, 0xea, 0x75, 0xc3, 0xff, 0xea, 0x75, 0xc3, 0xff, 0xea, 0x75, 0xc3, 0xff, 0xea,
0x75, 0xc3, 0xff, 0xea, 0x75, 0xc3, 0xff, 0xea, 0x75, 0xc3, 0xff, 0xea, 0x75, 0xc3, 0xff,
0xea, 0x75, 0xc3, 0xff, 0xea, 0x75, 0xc3, 0xff, 0xea, 0x75, 0xc3, 0xff, 0xea, 0x75, 0xc3,
0xff, 0xea, 0x75, 0xc3, 0xff, 0xea, 0x73, 0xc2, 0xff, 0xeb, 0x7c, 0xc6, 0xff, 0xfd, 0xf1,
0xf9, 0xff, 0xff, 0xff, 0xff, 0xff, 0xff, 0xff, 0xff, 0xff, 0xff, 0xff, 0xff, 0xff, 0xff,
0xff, 0xff, 0xff, 0xff, 0xff, 0xff, 0xff, 0xff, 0xff, 0xff, 0xff, 0xf7, 0xc8, 0xe7, 0xff,
0xe9, 0x6e, 0xc0, 0xff, 0xea, 0x75, 0xc3, 0xff, 0xea, 0x75, 0xc3, 0xff, 0xea, 0x75, 0xc3,
0xff, 0xea, 0x75, 0xc3, 0xff, 0xea, 0x75, 0xc3, 0xff, 0xea, 0x75, 0xc3, 0xff, 0xea, 0x75,
0xc3, 0xff, 0xea, 0x75, 0xc3, 0xff, 0xea, 0x75, 0xc3, 0xff, 0xea, 0x75, 0xc3, 0xff, 0xea,
0x75, 0xc3, 0xff, 0xea, 0x75, 0xc3, 0xff, 0xea, 0x75, 0xc3, 0xff, 0xea, 0x75, 0xc3, 0xff,
0xea, 0x75, 0xc3, 0xff, 0xea, 0x75, 0xc3, 0xff, 0xea, 0x75, 0xc3, 0xff, 0xea, 0x75, 0xc3,
0xff, 0xea, 0x75, 0xc3, 0xff, 0xea, 0x75, 0xc3, 0xfa, 0xea, 0x75, 0xc2, 0x30, 0xe9, 0x75,
0xc1, 0x00, 0xe9, 0x75, 0xc1, 0x00, 0xe9, 0x75, 0xc1, 0x00, 0xe9, 0x75, 0xc1, 0x00, 0xe9,
0x75, 0xc1, 0x00, 0xff, 0xff, 0xff, 0x00, 0xff, 0xff, 0xff, 0x00, 0xff, 0xff, 0xff, 0x00,
0xff, 0xff, 0xff, 0x00, 0xff, 0xff, 0xff, 0x00, 0xff, 0xff, 0xff, 0x00, 0xff, 0xff, 0xff,
0x00, 0xff, 0xff, 0xff, 0x00, 0xff, 0xff, 0xff, 0x00, 0xff, 0xff, 0xff, 0x00, 0xff, 0xff,
0xff, 0x00, 0xff, 0xff, 0xff, 0x00, 0xff, 0xff, 0xff, 0x00, 0xff, 0xff, 0xff, 0x00, 0xff,
0xff, 0xff, 0x00, 0xff, 0xff, 0xff, 0x00, 0xff, 0xff, 0xff, 0x00, 0xf6, 0x76, 0xc7, 0x00,
0xf6, 0x76, 0xc7, 0x00, 0xf6, 0x76, 0xc7, 0x00, 0xf6, 0x76, 0xc7, 0x00, 0xf0, 0x73, 0xc3,
0x0a, 0xee, 0x77, 0xc5, 0xdd, 0xea, 0x75, 0xc3, 0xff, 0xea, 0x75, 0xc3, 0xff, 0xea, 0x75,
0xc3, 0xff, 0xea, 0x75, 0xc3, 0xff, 0xea, 0x75, 0xc3, 0xff, 0xea, 0x75, 0xc3, 0xff, 0xea,
0x75, 0xc3, 0xff, 0xea, 0x75, 0xc3, 0xff, 0xea, 0x75, 0xc3, 0xff, 0xea, 0x75, 0xc3, 0xff,
0xea, 0x75, 0xc3, 0xff, 0xea, 0x75, 0xc3, 0xff, 0xea, 0x75, 0xc3, 0xff, 0xea, 0x75, 0xc3,
0xff, 0xea, 0x75, 0xc3, 0xff, 0xea, 0x75, 0xc3, 0xff, 0xea, 0x75, 0xc3, 0xff, 0xea, 0x75,
0xc3, 0xff, 0xea, 0x75, 0xc3, 0xff, 0xea, 0x75, 0xc3, 0xff, 0xe9, 0x6e, 0xc0, 0xff, 0xf2,
0xa7, 0xd9, 0xff, 0xff, 0xff, 0xff, 0xff, 0xff, 0xff, 0xff, 0xff, 0xff, 0xff, 0xff, 0xff,
0xff, 0xff, 0xff, 0xff, 0xff, 0xff, 0xff, 0xff, 0xff, 0xff, 0xff, 0xff, 0xfd, 0xf3, 0xfa,
0xff, 0xeb, 0x7e, 0xc7, 0xff, 0xea, 0x73, 0xc2, 0xff, 0xea, 0x75, 0xc3, 0xff, 0xea, 0x75,
0xc3, 0xff, 0xea, 0x75, 0xc3, 0xff, 0xea, 0x75, 0xc3, 0xff, 0xea, 0x75, 0xc3, 0xff, 0xea,
0x75, 0xc3, 0xff, 0xea, 0x75, 0xc3, 0xff, 0xea, 0x75, 0xc3, 0xff, 0xea, 0x75, 0xc3, 0xff,
0xea, 0x75, 0xc3, 0xff, 0xea, 0x75, 0xc3, 0xff, 0xea, 0x75, 0xc3, 0xff, 0xea, 0x75, 0xc3,
0xff, 0xea, 0x75, 0xc3, 0xff, 0xea, 0x75, 0xc3, 0xff, 0xea, 0x75, 0xc3, 0xff, 0xea, 0x75,
0xc3, 0xff, 0xea, 0x75, 0xc3, 0xff, 0xea, 0x75, 0xc3, 0xff, 0xea, 0x75, 0xc3, 0xff, 0xea,
0x75, 0xc3, 0xff, 0xea, 0x75, 0xc3, 0xff, 0xea, 0x75, 0xc3, 0xff, 0xea, 0x75, 0xc3, 0xff,
0xea, 0x75, 0xc3, 0xff, 0xea, 0x75, 0xc3, 0xff, 0xea, 0x75, 0xc3, 0xff, 0xea, 0x75, 0xc3,
0xff, 0xea, 0x75, 0xc3, 0xff, 0xea, 0x75, 0xc3, 0xff, 0xea, 0x75, 0xc3, 0xff, 0xea, 0x75,
0xc3, 0xff, 0xea, 0x75, 0xc3, 0xff, 0xea, 0x75, 0xc3, 0xff, 0xea, 0x75, 0xc3, 0xff, 0xea,
0x75, 0xc3, 0xff, 0xea, 0x75, 0xc3, 0xff, 0xea, 0x73, 0xc2, 0xff, 0xeb, 0x7c, 0xc6, 0xff,
0xfd, 0xf1, 0xf9, 0xff, 0xff, 0xff, 0xff, 0xff, 0xff, 0xff, 0xff, 0xff, 0xff, 0xff, 0xff,
0xff, 0xff, 0xff, 0xff, 0xff, 0xff, 0xff, 0xff, 0xff, 0xff, 0xff, 0xff, 0xff, 0xf7, 0xc8,
0xe7, 0xff, 0xe9, 0x6e, 0xc0, 0xff, 0xea, 0x75, 0xc3, 0xff, 0xea, 0x75, 0xc3, 0xff, 0xea,
0x75, 0xc3, 0xff, 0xea, 0x75, 0xc3, 0xff, 0xea, 0x75, 0xc3, 0xff, 0xea, 0x75, 0xc3, 0xff,
0xea, 0x75, 0xc3, 0xff, 0xea, 0x75, 0xc3, 0xff, 0xea, 0x75, 0xc3, 0xff, 0xea, 0x75, 0xc3,
0xff, 0xea, 0x75, 0xc3, 0xff, 0xea, 0x75, 0xc3, 0xff, 0xea, 0x75, 0xc3, 0xff, 0xea, 0x75,
0xc3, 0xff, 0xea, 0x75, 0xc3, 0xff, 0xea, 0x75, 0xc3, 0xff, 0xea, 0x75, 0xc3, 0xff, 0xea,
0x75, 0xc3, 0xff, 0xea, 0x75, 0xc3, 0xff, 0xea, 0x75, 0xc3, 0xff, 0xe9, 0x75, 0xc2, 0xb6,
0xe9, 0x75, 0xc1, 0x00, 0xe9, 0x75, 0xc1, 0x00, 0xe9, 0x75, 0xc1, 0x00, 0xe9, 0x75, 0xc1,
0x00, 0xe9, 0x75, 0xc1, 0x00, 0xff, 0xff, 0xff, 0x00, 0xff, 0xff, 0xff, 0x00, 0xff, 0xff,
0xff, 0x00, 0xff, 0xff, 0xff, 0x00, 0xff, 0xff, 0xff, 0x00, 0xff, 0xff, 0xff, 0x00, 0xff,
0xff, 0xff, 0x00, 0xff, 0xff, 0xff, 0x00, 0xff, 0xff, 0xff, 0x00, 0xff, 0xff, 0xff, 0x00,
0xff, 0xff, 0xff, 0x00, 0xff, 0xff, 0xff, 0x00, 0xff, 0xff, 0xff, 0x00, 0xff, 0xff, 0xff,
0x00, 0xff, 0xff, 0xff, 0x00, 0xff, 0xff, 0xff, 0x00, 0xff, 0xff, 0xff, 0x00, 0xa9, 0x44,
0x99, 0x00, 0xa9, 0x44, 0x99, 0x00, 0xa9, 0x44, 0x99, 0x00, 0xa8, 0x42, 0x99, 0x00, 0xd4,
0x60, 0xb7, 0x57, 0xed, 0x78, 0xc5, 0xff, 0xea, 0x75, 0xc3, 0xff, 0xea, 0x75, 0xc3, 0xff,
0xea, 0x75, 0xc3, 0xff, 0xea, 0x75, 0xc3, 0xff, 0xea, 0x75, 0xc3, 0xff, 0xea, 0x75, 0xc3,
0xff, 0xea, 0x75, 0xc3, 0xff, 0xea, 0x75, 0xc3, 0xff, 0xea, 0x75, 0xc3, 0xff, 0xea, 0x75,
0xc3, 0xff, 0xea, 0x75, 0xc3, 0xff, 0xea, 0x75, 0xc3, 0xff, 0xea, 0x75, 0xc3, 0xff, 0xea,
0x75, 0xc3, 0xff, 0xea, 0x75, 0xc3, 0xff, 0xea, 0x75, 0xc3, 0xff, 0xea, 0x75, 0xc3, 0xff,
0xea, 0x75, 0xc3, 0xff, 0xea, 0x75, 0xc3, 0xff, 0xea, 0x75, 0xc3, 0xff, 0xe9, 0x6e, 0xc0,
0xff, 0xf2, 0xa7, 0xd9, 0xff, 0xff, 0xff, 0xff, 0xff, 0xff, 0xff, 0xff, 0xff, 0xff, 0xff,
0xff, 0xff, 0xff, 0xff, 0xff, 0xff, 0xff, 0xff, 0xff, 0xff, 0xff, 0xff, 0xff, 0xff, 0xfd,
0xf3, 0xfa, 0xff, 0xeb, 0x7e, 0xc7, 0xff, 0xea, 0x73, 0xc2, 0xff, 0xea, 0x75, 0xc3, 0xff,
0xea, 0x75, 0xc3, 0xff, 0xea, 0x75, 0xc3, 0xff, 0xea, 0x75, 0xc3, 0xff, 0xea, 0x75, 0xc3,
0xff, 0xea, 0x75, 0xc3, 0xff, 0xea, 0x75, 0xc3, 0xff, 0xea, 0x75, 0xc3, 0xff, 0xea, 0x75,
0xc3, 0xff, 0xea, 0x75, 0xc3, 0xff, 0xea, 0x75, 0xc3, 0xff, 0xea, 0x75, 0xc3, 0xff, 0xea,
0x75, 0xc3, 0xff, 0xea, 0x75, 0xc3, 0xff, 0xea, 0x75, 0xc3, 0xff, 0xea, 0x75, 0xc3, 0xff,
0xea, 0x75, 0xc3, 0xff, 0xea, 0x75, 0xc3, 0xff, 0xea, 0x75, 0xc3, 0xff, 0xea, 0x75, 0xc3,
0xff, 0xea, 0x75, 0xc3, 0xff, 0xea, 0x75, 0xc3, 0xff, 0xea, 0x75, 0xc3, 0xff, 0xea, 0x75,
0xc3, 0xff, 0xea, 0x75, 0xc3, 0xff, 0xea, 0x75, 0xc3, 0xff, 0xea, 0x75, 0xc3, 0xff, 0xea,
0x75, 0xc3, 0xff, 0xea, 0x75, 0xc3, 0xff, 0xea, 0x75, 0xc3, 0xff, 0xea, 0x75, 0xc3, 0xff,
0xea, 0x75, 0xc3, 0xff, 0xea, 0x75, 0xc3, 0xff, 0xea, 0x75, 0xc3, 0xff, 0xea, 0x75, 0xc3,
0xff, 0xea, 0x75, 0xc3, 0xff, 0xea, 0x75, 0xc3, 0xff, 0xea, 0x73, 0xc2, 0xff, 0xeb, 0x7c,
0xc6, 0xff, 0xfd, 0xf1, 0xf9, 0xff, 0xff, 0xff, 0xff, 0xff, 0xff, 0xff, 0xff, 0xff, 0xff,
0xff, 0xff, 0xff, 0xff, 0xff, 0xff, 0xff, 0xff, 0xff, 0xff, 0xff, 0xff, 0xff, 0xff, 0xff,
0xf7, 0xc8, 0xe7, 0xff, 0xe9, 0x6e, 0xc0, 0xff, 0xea, 0x75, 0xc3, 0xff, 0xea, 0x75, 0xc3,
0xff, 0xea, 0x75, 0xc3, 0xff, 0xea, 0x75, 0xc3, 0xff, 0xea, 0x75, 0xc3, 0xff, 0xea, 0x75,
0xc3, 0xff, 0xea, 0x75, 0xc3, 0xff, 0xea, 0x75, 0xc3, 0xff, 0xea, 0x75, 0xc3, 0xff, 0xea,
0x75, 0xc3, 0xff, 0xea, 0x75, 0xc3, 0xff, 0xea, 0x75, 0xc3, 0xff, 0xea, 0x75, 0xc3, 0xff,
0xea, 0x75, 0xc3, 0xff, 0xea, 0x75, 0xc3, 0xff, 0xea, 0x75, 0xc3, 0xff, 0xea, 0x75, 0xc3,
0xff, 0xea, 0x75, 0xc3, 0xff, 0xea, 0x75, 0xc3, 0xff, 0xea, 0x75, 0xc3, 0xff, 0xea, 0x75,
0xc3, 0xf8, 0xe6, 0x71, 0xc2, 0x2a, 0xe4, 0x6f, 0xc1, 0x00, 0xe4, 0x6f, 0xc1, 0x00, 0xe4,
0x6f, 0xc1, 0x00, 0xe4, 0x6f, 0xc1, 0x00, 0xff, 0xff, 0xff, 0x00, 0xff, 0xff, 0xff, 0x00,
0xff, 0xff, 0xff, 0x00, 0xff, 0xff, 0xff, 0x00, 0xff, 0xff, 0xff, 0x00, 0xff, 0xff, 0xff,
0x00, 0xff, 0xff, 0xff, 0x00, 0xff, 0xff, 0xff, 0x00, 0xff, 0xff, 0xff, 0x00, 0xff, 0xff,
0xff, 0x00, 0xff, 0xff, 0xff, 0x00, 0xff, 0xff, 0xff, 0x00, 0xff, 0xff, 0xff, 0x00, 0xff,
0xff, 0xff, 0x00, 0xff, 0xff, 0xff, 0x00, 0xff, 0xff, 0xff, 0x00, 0xff, 0xff, 0xff, 0x00,
0xae, 0x52, 0x93, 0x00, 0xae, 0x52, 0x93, 0x00, 0xad, 0x52, 0x93, 0x00, 0xad, 0x52, 0x93,
0x07, 0xda, 0x6c, 0xb7, 0xd5, 0xed, 0x76, 0xc5, 0xff, 0xea, 0x75, 0xc3, 0xff, 0xea, 0x75,
0xc3, 0xff, 0xea, 0x75, 0xc3, 0xff, 0xea, 0x75, 0xc3, 0xff, 0xea, 0x75, 0xc3, 0xff, 0xea,
0x75, 0xc3, 0xff, 0xea, 0x75, 0xc3, 0xff, 0xea, 0x75, 0xc3, 0xff, 0xea, 0x75, 0xc3, 0xff,
0xea, 0x75, 0xc3, 0xff, 0xea, 0x75, 0xc3, 0xff, 0xea, 0x75, 0xc3, 0xff, 0xea, 0x75, 0xc3,
0xff, 0xea, 0x75, 0xc3, 0xff, 0xea, 0x75, 0xc3, 0xff, 0xea, 0x75, 0xc3, 0xff, 0xea, 0x75,
0xc3, 0xff, 0xea, 0x75, 0xc3, 0xff, 0xea, 0x75, 0xc3, 0xff, 0xea, 0x75, 0xc3, 0xff, 0xe9,
0x6e, 0xc0, 0xff, 0xf2, 0xa7, 0xd9, 0xff, 0xff, 0xff, 0xff, 0xff, 0xff, 0xff, 0xff, 0xff,
0xff, 0xff, 0xff, 0xff, 0xff, 0xff, 0xff, 0xff, 0xff, 0xff, 0xff, 0xff, 0xff, 0xff, 0xff,
0xff, 0xfd, 0xf3, 0xfa, 0xff, 0xeb, 0x7e, 0xc7, 0xff, 0xea, 0x73, 0xc2, 0xff, 0xea, 0x75,
0xc3, 0xff, 0xea, 0x75, 0xc3, 0xff, 0xea, 0x75, 0xc3, 0xff, 0xea, 0x75, 0xc3, 0xff, 0xea,
0x75, 0xc3, 0xff, 0xea, 0x75, 0xc3, 0xff, 0xea, 0x75, 0xc3, 0xff, 0xea, 0x75, 0xc3, 0xff,
0xea, 0x75, 0xc3, 0xff, 0xea, 0x75, 0xc3, 0xff, 0xea, 0x75, 0xc3, 0xff, 0xea, 0x75, 0xc3,
0xff, 0xea, 0x75, 0xc3, 0xff, 0xea, 0x75, 0xc3, 0xff, 0xea, 0x75, 0xc3, 0xff, 0xea, 0x75,
0xc3, 0xff, 0xea, 0x75, 0xc3, 0xff, 0xea, 0x75, 0xc3, 0xff, 0xe9, 0x71, 0xc1, 0xff, 0xea,
0x75, 0xc3, 0xff, 0xea, 0x75, 0xc3, 0xff, 0xea, 0x75, 0xc3, 0xff, 0xea, 0x75, 0xc3, 0xff,
0xea, 0x75, 0xc3, 0xff, 0xea, 0x75, 0xc3, 0xff, 0xea, 0x75, 0xc3, 0xff, 0xea, 0x75, 0xc3,
0xff, 0xea, 0x75, 0xc3, 0xff, 0xea, 0x75, 0xc3, 0xff, 0xea, 0x75, 0xc3, 0xff, 0xea, 0x75,
0xc3, 0xff, 0xea, 0x75, 0xc3, 0xff, 0xea, 0x75, 0xc3, 0xff, 0xea, 0x75, 0xc3, 0xff, 0xea,
0x75, 0xc3, 0xff, 0xea, 0x75, 0xc3, 0xff, 0xea, 0x75, 0xc3, 0xff, 0xea, 0x73, 0xc2, 0xff,
0xeb, 0x7c, 0xc6, 0xff, 0xfd, 0xf1, 0xf9, 0xff, 0xff, 0xff, 0xff, 0xff, 0xff, 0xff, 0xff,
0xff, 0xff, 0xff, 0xff, 0xff, 0xff, 0xff, 0xff, 0xff, 0xff, 0xff, 0xff, 0xff, 0xff, 0xff,
0xff, 0xff, 0xf7, 0xc8, 0xe7, 0xff, 0xe9, 0x6e, 0xc0, 0xff, 0xea, 0x75, 0xc3, 0xff, 0xea,
0x75, 0xc3, 0xff, 0xea, 0x75, 0xc3, 0xff, 0xea, 0x75, 0xc3, 0xff, 0xea, 0x75, 0xc3, 0xff,
0xea, 0x75, 0xc3, 0xff, 0xea, 0x75, 0xc3, 0xff, 0xea, 0x75, 0xc3, 0xff, 0xea, 0x75, 0xc3,
0xff, 0xea, 0x75, 0xc3, 0xff, 0xea, 0x75, 0xc3, 0xff, 0xea, 0x75, 0xc3, 0xff, 0xea, 0x75,
0xc3, 0xff, 0xea, 0x75, 0xc3, 0xff, 0xea, 0x75, 0xc3, 0xff, 0xea, 0x75, 0xc3, 0xff, 0xea,
0x75, 0xc3, 0xff, 0xea, 0x75, 0xc3, 0xff, 0xea, 0x75, 0xc3, 0xff, 0xea, 0x75, 0xc3, 0xff,
0xec, 0x76, 0xc3, 0xff, 0xe0, 0x6f, 0xbf, 0xa6, 0xc7, 0x61, 0xb5, 0x00, 0xc8, 0x62, 0xb5,
0x00, 0xc8, 0x62, 0xb5, 0x00, 0xc8, 0x62, 0xb5, 0x00, 0xff, 0xff, 0xff, 0x00, 0xff, 0xff,
0xff, 0x00, 0xff, 0xff, 0xff, 0x00, 0xff, 0xff, 0xff, 0x00, 0xff, 0xff, 0xff, 0x00, 0xff,
0xff, 0xff, 0x00, 0xff, 0xff, 0xff, 0x00, 0xff, 0xff, 0xff, 0x00, 0xff, 0xff, 0xff, 0x00,
0xff, 0xff, 0xff, 0x00, 0xff, 0xff, 0xff, 0x00, 0xff, 0xff, 0xff, 0x00, 0xff, 0xff, 0xff,
0x00, 0xff, 0xff, 0xff, 0x00, 0xff, 0xff, 0xff, 0x00, 0xff, 0xff, 0xff, 0x00, 0xff, 0xff,
0xff, 0x00, 0xdd, 0x5e, 0xc7, 0x00, 0xdd, 0x5e, 0xc7, 0x00, 0xdc, 0x5d, 0xc7, 0x00, 0xe3,
0x65, 0xc8, 0x40, 0xed, 0x77, 0xc5, 0xff, 0xea, 0x75, 0xc3, 0xff, 0xea, 0x75, 0xc3, 0xff,
0xea, 0x75, 0xc3, 0xff, 0xea, 0x75, 0xc3, 0xff, 0xea, 0x75, 0xc3, 0xff, 0xea, 0x75, 0xc3,
0xff, 0xea, 0x75, 0xc3, 0xff, 0xea, 0x75, 0xc3, 0xff, 0xea, 0x75, 0xc3, 0xff, 0xea, 0x75,
0xc3, 0xff, 0xea, 0x75, 0xc3, 0xff, 0xea, 0x75, 0xc3, 0xff, 0xea, 0x75, 0xc3, 0xff, 0xea,
0x75, 0xc3, 0xff, 0xea, 0x75, 0xc3, 0xff, 0xea, 0x75, 0xc3, 0xff, 0xea, 0x75, 0xc3, 0xff,
0xea, 0x75, 0xc3, 0xff, 0xea, 0x75, 0xc3, 0xff, 0xea, 0x75, 0xc3, 0xff, 0xea, 0x75, 0xc3,
0xff, 0xe9, 0x6e, 0xc0, 0xff, 0xf2, 0xa7, 0xd9, 0xff, 0xff, 0xff, 0xff, 0xff, 0xff, 0xff,
0xff, 0xff, 0xff, 0xff, 0xff, 0xff, 0xff, 0xff, 0xff, 0xff, 0xff, 0xff, 0xff, 0xff, 0xff,
0xff, 0xff, 0xff, 0xfd, 0xf3, 0xfa, 0xff, 0xeb, 0x7e, 0xc7, 0xff, 0xea, 0x73, 0xc2, 0xff,
0xea, 0x75, 0xc3, 0xff, 0xea, 0x75, 0xc3, 0xff, 0xea, 0x75, 0xc3, 0xff, 0xea, 0x75, 0xc3,
0xff, 0xea, 0x75, 0xc3, 0xff, 0xea, 0x75, 0xc3, 0xff, 0xea, 0x75, 0xc3, 0xff, 0xea, 0x75,
0xc3, 0xff, 0xea, 0x75, 0xc3, 0xff, 0xea, 0x75, 0xc3, 0xff, 0xea, 0x75, 0xc3, 0xff, 0xea,
0x75, 0xc3, 0xff, 0xea, 0x75, 0xc3, 0xff, 0xea, 0x75, 0xc3, 0xff, 0xea, 0x75, 0xc3, 0xff,
0xea, 0x75, 0xc3, 0xff, 0xea, 0x75, 0xc3, 0xff, 0xe9, 0x72, 0xc2, 0xff, 0xed, 0x85, 0xca,
0xff, 0xea, 0x72, 0xc2, 0xff, 0xea, 0x74, 0xc3, 0xff, 0xea, 0x75, 0xc3, 0xff, 0xea, 0x75,
0xc3, 0xff, 0xea, 0x75, 0xc3, 0xff, 0xea, 0x75, 0xc3, 0xff, 0xea, 0x75, 0xc3, 0xff, 0xea,
0x75, 0xc3, 0xff, 0xea, 0x75, 0xc3, 0xff, 0xea, 0x75, 0xc3, 0xff, 0xea, 0x75, 0xc3, 0xff,
0xea, 0x75, 0xc3, 0xff, 0xea, 0x75, 0xc3, 0xff, 0xea, 0x75, 0xc3, 0xff, 0xea, 0x75, 0xc3,
0xff, 0xea, 0x75, 0xc3, 0xff, 0xea, 0x75, 0xc3, 0xff, 0xea, 0x75, 0xc3, 0xff, 0xea, 0x73,
0xc2, 0xff, 0xeb, 0x7c, 0xc6, 0xff, 0xfd, 0xf1, 0xf9, 0xff, 0xff, 0xff, 0xff, 0xff, 0xff,
0xff, 0xff, 0xff, 0xff, 0xff, 0xff, 0xff, 0xff, 0xff, 0xff, 0xff, 0xff, 0xff, 0xff, 0xff,
0xff, 0xff, 0xff, 0xff, 0xf7, 0xc8, 0xe7, 0xff, 0xe9, 0x6e, 0xc0, 0xff, 0xea, 0x75, 0xc3,
0xff, 0xea, 0x75, 0xc3, 0xff, 0xea, 0x75, 0xc3, 0xff, 0xea, 0x75, 0xc3, 0xff, 0xea, 0x75,
0xc3, 0xff, 0xea, 0x75, 0xc3, 0xff, 0xea, 0x75, 0xc3, 0xff, 0xea, 0x75, 0xc3, 0xff, 0xea,
0x75, 0xc3, 0xff, 0xea, 0x75, 0xc3, 0xff, 0xea, 0x75, 0xc3, 0xff, 0xea, 0x75, 0xc3, 0xff,
0xea, 0x75, 0xc3, 0xff, 0xea, 0x75, 0xc3, 0xff, 0xea, 0x75, 0xc3, 0xff, 0xea, 0x75, 0xc3,
0xff, 0xea, 0x75, 0xc3, 0xff, 0xea, 0x75, 0xc3, 0xff, 0xea, 0x75, 0xc3, 0xff, 0xea, 0x75,
0xc3, 0xff, 0xea, 0x75, 0xc3, 0xff, 0xea, 0x75, 0xc3, 0xed, 0xe3, 0x71, 0xbd, 0x13, 0xe2,
0x71, 0xbc, 0x00, 0xe2, 0x71, 0xbc, 0x00, 0xe2, 0x71, 0xbc, 0x00, 0xff, 0xff, 0xff, 0x00,
0xff, 0xff, 0xff, 0x00, 0xff, 0xff, 0xff, 0x00, 0xff, 0xff, 0xff, 0x00, 0xff, 0xff, 0xff,
0x00, 0xff, 0xff, 0xff, 0x00, 0xff, 0xff, 0xff, 0x00, 0xff, 0xff, 0xff, 0x00, 0xff, 0xff,
0xff, 0x00, 0xff, 0xff, 0xff, 0x00, 0xff, 0xff, 0xff, 0x00, 0xff, 0xff, 0xff, 0x00, 0xff,
0xff, 0xff, 0x00, 0xff, 0xff, 0xff, 0x00, 0xff, 0xff, 0xff, 0x00, 0xff, 0xff, 0xff, 0x00,
0xff, 0xff, 0xff, 0x00, 0xe2, 0x69, 0xc0, 0x00, 0xe2, 0x69, 0xc0, 0x00, 0xe2, 0x68, 0xc0,
0x01, 0xe8, 0x72, 0xc2, 0xb0, 0xea, 0x76, 0xc3, 0xff, 0xea, 0x75, 0xc3, 0xff, 0xea, 0x75,
0xc3, 0xff, 0xea, 0x75, 0xc3, 0xff, 0xea, 0x75, 0xc3, 0xff, 0xea, 0x75, 0xc3, 0xff, 0xea,
0x75, 0xc3, 0xff, 0xea, 0x75, 0xc3, 0xff, 0xea, 0x75, 0xc3, 0xff, 0xea, 0x75, 0xc3, 0xff,
0xea, 0x75, 0xc3, 0xff, 0xea, 0x75, 0xc3, 0xff, 0xea, 0x75, 0xc3, 0xff, 0xea, 0x75, 0xc3,
0xff, 0xea, 0x75, 0xc3, 0xff, 0xea, 0x75, 0xc3, 0xff, 0xea, 0x75, 0xc3, 0xff, 0xea, 0x75,
0xc3, 0xff, 0xea, 0x75, 0xc3, 0xff, 0xea, 0x75, 0xc3, 0xff, 0xea, 0x75, 0xc3, 0xff, 0xea,
0x75, 0xc3, 0xff, 0xe9, 0x6e, 0xc0, 0xff, 0xf2, 0xa7, 0xd9, 0xff, 0xff, 0xff, 0xff, 0xff,
0xff, 0xff, 0xff, 0xff, 0xff, 0xff, 0xff, 0xff, 0xff, 0xff, 0xff, 0xff, 0xff, 0xff, 0xff,
0xff, 0xff, 0xff, 0xff, 0xff, 0xfd, 0xf3, 0xfa, 0xff, 0xeb, 0x7e, 0xc7, 0xff, 0xea, 0x73,
0xc2, 0xff, 0xea, 0x75, 0xc3, 0xff, 0xea, 0x75, 0xc3, 0xff, 0xea, 0x75, 0xc3, 0xff, 0xea,
0x75, 0xc3, 0xff, 0xea, 0x75, 0xc3, 0xff, 0xea, 0x75, 0xc3, 0xff, 0xea, 0x75, 0xc3, 0xff,
0xea, 0x75, 0xc3, 0xff, 0xea, 0x75, 0xc3, 0xff, 0xea, 0x75, 0xc3, 0xff, 0xea, 0x75, 0xc3,
0xff, 0xea, 0x75, 0xc3, 0xff, 0xea, 0x75, 0xc3, 0xff, 0xea, 0x75, 0xc3, 0xff, 0xea, 0x75,
0xc3, 0xff, 0xea, 0x75, 0xc3, 0xff, 0xe9, 0x6d, 0xbf, 0xff, 0xf0, 0x9c, 0xd4, 0xff, 0xfe,
0xf5, 0xfb, 0xff, 0xf2, 0xac, 0xdb, 0xff, 0xe9, 0x6c, 0xbf, 0xff, 0xea, 0x74, 0xc3, 0xff,
0xea, 0x75, 0xc3, 0xff, 0xea, 0x75, 0xc3, 0xff, 0xea, 0x75, 0xc3, 0xff, 0xea, 0x75, 0xc3,
0xff, 0xea, 0x75, 0xc3, 0xff, 0xea, 0x75, 0xc3, 0xff, 0xea, 0x75, 0xc3, 0xff, 0xea, 0x75,
0xc3, 0xff, 0xea, 0x75, 0xc3, 0xff, 0xea, 0x75, 0xc3, 0xff, 0xea, 0x75, 0xc3, 0xff, 0xea,
0x75, 0xc3, 0xff, 0xea, 0x75, 0xc3, 0xff, 0xea, 0x75, 0xc3, 0xff, 0xea, 0x75, 0xc3, 0xff,
0xea, 0x73, 0xc2, 0xff, 0xeb, 0x7c, 0xc6, 0xff, 0xfd, 0xf1, 0xf9, 0xff, 0xff, 0xff, 0xff,
0xff, 0xff, 0xff, 0xff, 0xff, 0xff, 0xff, 0xff, 0xff, 0xff, 0xff, 0xff, 0xff, 0xff, 0xff,
0xff, 0xff, 0xff, 0xff, 0xff, 0xff, 0xf7, 0xc8, 0xe7, 0xff, 0xe9, 0x6e, 0xc0, 0xff, 0xea,
0x75, 0xc3, 0xff, 0xea, 0x75, 0xc3, 0xff, 0xea, 0x75, 0xc3, 0xff, 0xea, 0x75, 0xc3, 0xff,
0xea, 0x75, 0xc3, 0xff, 0xea, 0x75, 0xc3, 0xff, 0xea, 0x75, 0xc3, 0xff, 0xea, 0x75, 0xc3,
0xff, 0xea, 0x75, 0xc3, 0xff, 0xea, 0x75, 0xc3, 0xff, 0xea, 0x75, 0xc3, 0xff, 0xea, 0x75,
0xc3, 0xff, 0xea, 0x75, 0xc3, 0xff, 0xea, 0x75, 0xc3, 0xff, 0xea, 0x75, 0xc3, 0xff, 0xea,
0x75, 0xc3, 0xff, 0xea, 0x75, 0xc3, 0xff, 0xea, 0x75, 0xc3, 0xff, 0xea, 0x75, 0xc3, 0xff,
0xea, 0x75, 0xc3, 0xff, 0xea, 0x75, 0xc3, 0xff, 0xeb, 0x76, 0xc3, 0xff, 0xe7, 0x71, 0xc1,
0x77, 0xe2, 0x6c, 0xbe, 0x00, 0xe3, 0x6d, 0xbe, 0x00, 0xe3, 0x6d, 0xbe, 0x00, 0xff, 0xff,
0xff, 0x00, 0xff, 0xff, 0xff, 0x00, 0xff, 0xff, 0xff, 0x00, 0xff, 0xff, 0xff, 0x00, 0xff,
0xff, 0xff, 0x00, 0xff, 0xff, 0xff, 0x00, 0xff, 0xff, 0xff, 0x00, 0xff, 0xff, 0xff, 0x00,
0xff, 0xff, 0xff, 0x00, 0xff, 0xff, 0xff, 0x00, 0xff, 0xff, 0xff, 0x00, 0xff, 0xff, 0xff,
0x00, 0xff, 0xff, 0xff, 0x00, 0xff, 0xff, 0xff, 0x00, 0xff, 0xff, 0xff, 0x00, 0xff, 0xff,
0xff, 0x00, 0xff, 0xff, 0xff, 0x00, 0xb6, 0x3d, 0x9e, 0x00, 0xb4, 0x3c, 0x9d, 0x00, 0xbe,
0x46, 0xa4, 0x20, 0xe9, 0x74, 0xc3, 0xfa, 0xea, 0x75, 0xc3, 0xff, 0xea, 0x75, 0xc3, 0xff,
0xea, 0x75, 0xc3, 0xff, 0xea, 0x75, 0xc3, 0xff, 0xea, 0x75, 0xc3, 0xff, 0xea, 0x75, 0xc3,
0xff, 0xea, 0x75, 0xc3, 0xff, 0xea, 0x75, 0xc3, 0xff, 0xea, 0x75, 0xc3, 0xff, 0xea, 0x75,
0xc3, 0xff, 0xea, 0x75, 0xc3, 0xff, 0xea, 0x75, 0xc3, 0xff, 0xea, 0x75, 0xc3, 0xff, 0xea,
0x75, 0xc3, 0xff, 0xea, 0x75, 0xc3, 0xff, 0xea, 0x75, 0xc3, 0xff, 0xea, 0x75, 0xc3, 0xff,
0xea, 0x75, 0xc3, 0xff, 0xea, 0x75, 0xc3, 0xff, 0xea, 0x75, 0xc3, 0xff, 0xea, 0x75, 0xc3,
0xff, 0xea, 0x75, 0xc3, 0xff, 0xe9, 0x6e, 0xc0, 0xff, 0xf2, 0xa7, 0xd9, 0xff, 0xff, 0xff,
0xff, 0xff, 0xff, 0xff, 0xff, 0xff, 0xff, 0xff, 0xff, 0xff, 0xff, 0xff, 0xff, 0xff, 0xff,
0xff, 0xff, 0xff, 0xff, 0xff, 0xff, 0xff, 0xfd, 0xf3, 0xfa, 0xff, 0xeb, 0x7e, 0xc7, 0xff,
0xea, 0x73, 0xc2, 0xff, 0xea, 0x75, 0xc3, 0xff, 0xea, 0x75, 0xc3, 0xff, 0xea, 0x75, 0xc3,
0xff, 0xea, 0x75, 0xc3, 0xff, 0xea, 0x75, 0xc3, 0xff, 0xea, 0x75, 0xc3, 0xff, 0xea, 0x75,
0xc3, 0xff, 0xea, 0x75, 0xc3, 0xff, 0xea, 0x75, 0xc3, 0xff, 0xea, 0x75, 0xc3, 0xff, 0xea,
0x75, 0xc3, 0xff, 0xea, 0x75, 0xc3, 0xff, 0xea, 0x75, 0xc3, 0xff, 0xea, 0x75, 0xc3, 0xff,
0xea, 0x75, 0xc3, 0xff, 0xe9, 0x6d, 0xbf, 0xff, 0xf0, 0x9b, 0xd3, 0xff, 0xff, 0xfb, 0xfd,
0xff, 0xff, 0xff, 0xff, 0xff, 0xff, 0xff, 0xff, 0xff, 0xf2, 0xab, 0xda, 0xff, 0xe9, 0x6c,
0xbf, 0xff, 0xea, 0x74, 0xc3, 0xff, 0xea, 0x75, 0xc3, 0xff, 0xea, 0x75, 0xc3, 0xff, 0xea,
0x75, 0xc3, 0xff, 0xea, 0x75, 0xc3, 0xff, 0xea, 0x75, 0xc3, 0xff, 0xea, 0x75, 0xc3, 0xff,
0xea, 0x75, 0xc3, 0xff, 0xea, 0x75, 0xc3, 0xff, 0xea, 0x75, 0xc3, 0xff, 0xea, 0x75, 0xc3,
0xff, 0xea, 0x75, 0xc3, 0xff, 0xea, 0x75, 0xc3, 0xff, 0xea, 0x75, 0xc3, 0xff, 0xea, 0x75,
0xc3, 0xff, 0xea, 0x73, 0xc2, 0xff, 0xeb, 0x7c, 0xc6, 0xff, 0xfd, 0xf1, 0xf9, 0xff, 0xff,
0xff, 0xff, 0xff, 0xff, 0xff, 0xff, 0xff, 0xff, 0xff, 0xff, 0xff, 0xff, 0xff, 0xff, 0xff,
0xff, 0xff, 0xff, 0xff, 0xff, 0xff, 0xff, 0xff, 0xf7, 0xc8, 0xe7, 0xff, 0xe9, 0x6e, 0xc0,
0xff, 0xea, 0x75, 0xc3, 0xff, 0xea, 0x75, 0xc3, 0xff, 0xea, 0x75, 0xc3, 0xff, 0xea, 0x75,
0xc3, 0xff, 0xea, 0x75, 0xc3, 0xff, 0xea, 0x75, 0xc3, 0xff, 0xea, 0x75, 0xc3, 0xff, 0xea,
0x75, 0xc3, 0xff, 0xea, 0x75, 0xc3, 0xff, 0xea, 0x75, 0xc3, 0xff, 0xea, 0x75, 0xc3, 0xff,
0xea, 0x75, 0xc3, 0xff, 0xea, 0x75, 0xc3, 0xff, 0xea, 0x75, 0xc3, 0xff, 0xea, 0x75, 0xc3,
0xff, 0xea, 0x75, 0xc3, 0xff, 0xea, 0x75, 0xc3, 0xff, 0xea, 0x75, 0xc3, 0xff, 0xea, 0x75,
0xc3, 0xff, 0xea, 0x75, 0xc3, 0xff, 0xea, 0x75, 0xc3, 0xff, 0xeb, 0x75, 0xc3, 0xff, 0xe5,
0x72, 0xc1, 0xd2, 0xc8, 0x64, 0xb4, 0x01, 0xc7, 0x64, 0xb4, 0x00, 0xc7, 0x64, 0xb4, 0x00,
0xff, 0xff, 0xff, 0x00, 0xff, 0xff, 0xff, 0x00, 0xff, 0xff, 0xff, 0x00, 0xff, 0xff, 0xff,
0x00, 0xff, 0xff, 0xff, 0x00, 0xff, 0xff, 0xff, 0x00, 0xff, 0xff, 0xff, 0x00, 0xff, 0xff,
0xff, 0x00, 0xff, 0xff, 0xff, 0x00, 0xff, 0xff, 0xff, 0x00, 0xff, 0xff, 0xff, 0x00, 0xff,
0xff, 0xff, 0x00, 0xff, 0xff, 0xff, 0x00, 0xff, 0xff, 0xff, 0x00, 0xff, 0xff, 0xff, 0x00,
0xff, 0xff, 0xff, 0x00, 0xff, 0xff, 0xff, 0x00, 0xe1, 0x70, 0xb9, 0x00, 0xe1, 0x70, 0xb8,
0x00, 0xe5, 0x72, 0xbc, 0x64, 0xea, 0x75, 0xc4, 0xff, 0xea, 0x75, 0xc3, 0xff, 0xea, 0x75,
0xc3, 0xff, 0xea, 0x75, 0xc3, 0xff, 0xea, 0x75, 0xc3, 0xff, 0xea, 0x75, 0xc3, 0xff, 0xea,
0x75, 0xc3, 0xff, 0xea, 0x75, 0xc3, 0xff, 0xea, 0x75, 0xc3, 0xff, 0xea, 0x75, 0xc3, 0xff,
0xea, 0x75, 0xc3, 0xff, 0xea, 0x75, 0xc3, 0xff, 0xea, 0x75, 0xc3, 0xff, 0xea, 0x75, 0xc3,
0xff, 0xea, 0x75, 0xc3, 0xff, 0xea, 0x75, 0xc3, 0xff, 0xea, 0x75, 0xc3, 0xff, 0xea, 0x75,
0xc3, 0xff, 0xea, 0x75, 0xc3, 0xff, 0xea, 0x75, 0xc3, 0xff, 0xea, 0x75, 0xc3, 0xff, 0xea,
0x75, 0xc3, 0xff, 0xea, 0x75, 0xc3, 0xff, 0xe9, 0x6e, 0xc0, 0xff, 0xf2, 0xa7, 0xd9, 0xff,
0xff, 0xff, 0xff, 0xff, 0xff, 0xff, 0xff, 0xff, 0xff, 0xff, 0xff, 0xff, 0xff, 0xff, 0xff,
0xff, 0xff, 0xff, 0xff, 0xff, 0xff, 0xff, 0xff, 0xff, 0xfd, 0xf3, 0xfa, 0xff, 0xeb, 0x7e,
0xc7, 0xff, 0xea, 0x73, 0xc2, 0xff, 0xea, 0x75, 0xc3, 0xff, 0xea, 0x75, 0xc3, 0xff, 0xea,
0x75, 0xc3, 0xff, 0xea, 0x75, 0xc3, 0xff, 0xea, 0x75, 0xc3, 0xff, 0xea, 0x75, 0xc3, 0xff,
0xea, 0x75, 0xc3, 0xff, 0xea, 0x75, 0xc3, 0xff, 0xea, 0x75, 0xc3, 0xff, 0xea, 0x75, 0xc3,
0xff, 0xea, 0x75, 0xc3, 0xff, 0xea, 0x75, 0xc3, 0xff, 0xea, 0x75, 0xc3, 0xff, 0xea, 0x75,
0xc3, 0xff, 0xe9, 0x6d, 0xbf, 0xff, 0xf0, 0x9b, 0xd3, 0xff, 0xff, 0xfb, 0xfd, 0xff, 0xff,
0xff, 0xff, 0xff, 0xff, 0xff, 0xff, 0xff, 0xff, 0xff, 0xff, 0xff, 0xff, 0xff, 0xff, 0xff,
0xf2, 0xab, 0xda, 0xff, 0xe9, 0x6c, 0xbf, 0xff, 0xea, 0x74, 0xc3, 0xff, 0xea, 0x75, 0xc3,
0xff, 0xea, 0x75, 0xc3, 0xff, 0xea, 0x75, 0xc3, 0xff, 0xea, 0x75, 0xc3, 0xff, 0xea, 0x75,
0xc3, 0xff, 0xea, 0x75, 0xc3, 0xff, 0xea, 0x75, 0xc3, 0xff, 0xea, 0x75, 0xc3, 0xff, 0xea,
0x75, 0xc3, 0xff, 0xea, 0x75, 0xc3, 0xff, 0xea, 0x75, 0xc3, 0xff, 0xea, 0x75, 0xc3, 0xff,
0xea, 0x75, 0xc3, 0xff, 0xea, 0x73, 0xc2, 0xff, 0xeb, 0x7c, 0xc6, 0xff, 0xfd, 0xf1, 0xf9,
0xff, 0xff, 0xff, 0xff, 0xff, 0xff, 0xff, 0xff, 0xff, 0xff, 0xff, 0xff, 0xff, 0xff, 0xff,
0xff, 0xff, 0xff, 0xff, 0xff, 0xff, 0xff, 0xff, 0xff, 0xff, 0xf7, 0xc8, 0xe7, 0xff, 0xe9,
0x6e, 0xc0, 0xff, 0xea, 0x75, 0xc3, 0xff, 0xea, 0x75, 0xc3, 0xff, 0xea, 0x75, 0xc3, 0xff,
0xea, 0x75, 0xc3, 0xff, 0xea, 0x75, 0xc3, 0xff, 0xea, 0x75, 0xc3, 0xff, 0xea, 0x75, 0xc3,
0xff, 0xea, 0x75, 0xc3, 0xff, 0xea, 0x75, 0xc3, 0xff, 0xea, 0x75, 0xc3, 0xff, 0xea, 0x75,
0xc3, 0xff, 0xea, 0x75, 0xc3, 0xff, 0xea, 0x75, 0xc3, 0xff, 0xea, 0x75, 0xc3, 0xff, 0xea,
0x75, 0xc3, 0xff, 0xea, 0x75, 0xc3, 0xff, 0xea, 0x75, 0xc3, 0xff, 0xea, 0x75, 0xc3, 0xff,
0xea, 0x75, 0xc3, 0xff, 0xea, 0x75, 0xc3, 0xff, 0xea, 0x75, 0xc3, 0xff, 0xea, 0x75, 0xc3,
0xff, 0xea, 0x75, 0xc3, 0xf9, 0xe6, 0x70, 0xbe, 0x2b, 0xe6, 0x70, 0xbd, 0x00, 0xe6, 0x70,
0xbd, 0x00, 0xff, 0xff, 0xff, 0x00, 0xff, 0xff, 0xff, 0x00, 0xff, 0xff, 0xff, 0x00, 0xff,
0xff, 0xff, 0x00, 0xff, 0xff, 0xff, 0x00, 0xff, 0xff, 0xff, 0x00, 0xff, 0xff, 0xff, 0x00,
0xff, 0xff, 0xff, 0x00, 0xff, 0xff, 0xff, 0x00, 0xff, 0xff, 0xff, 0x00, 0xff, 0xff, 0xff,
0x00, 0xff, 0xff, 0xff, 0x00, 0xff, 0xff, 0xff, 0x00, 0xff, 0xff, 0xff, 0x00, 0xff, 0xff,
0xff, 0x00, 0xff, 0xff, 0xff, 0x00, 0xff, 0xff, 0xff, 0x00, 0xe1, 0x71, 0xbb, 0x00, 0xe1,
0x71, 0xbc, 0x03, 0xe9, 0x75, 0xc2, 0xc9, 0xea, 0x75, 0xc3, 0xff, 0xea, 0x75, 0xc3, 0xff,
0xea, 0x75, 0xc3, 0xff, 0xea, 0x75, 0xc3, 0xff, 0xea, 0x75, 0xc3, 0xff, 0xea, 0x75, 0xc3,
0xff, 0xea, 0x75, 0xc3, 0xff, 0xea, 0x75, 0xc3, 0xff, 0xea, 0x75, 0xc3, 0xff, 0xea, 0x75,
0xc3, 0xff, 0xea, 0x75, 0xc3, 0xff, 0xea, 0x75, 0xc3, 0xff, 0xea, 0x75, 0xc3, 0xff, 0xea,
0x75, 0xc3, 0xff, 0xea, 0x75, 0xc3, 0xff, 0xea, 0x75, 0xc3, 0xff, 0xea, 0x75, 0xc3, 0xff,
0xea, 0x75, 0xc3, 0xff, 0xea, 0x75, 0xc3, 0xff, 0xea, 0x75, 0xc3, 0xff, 0xea, 0x75, 0xc3,
0xff, 0xea, 0x75, 0xc3, 0xff, 0xea, 0x75, 0xc3, 0xff, 0xe9, 0x6e, 0xc0, 0xff, 0xf2, 0xa7,
0xd9, 0xff, 0xff, 0xff, 0xff, 0xff, 0xff, 0xff, 0xff, 0xff, 0xff, 0xff, 0xff, 0xff, 0xff,
0xff, 0xff, 0xff, 0xff, 0xff, 0xff, 0xff, 0xff, 0xff, 0xff, 0xff, 0xfd, 0xf3, 0xfa, 0xff,
0xeb, 0x7e, 0xc7, 0xff, 0xea, 0x73, 0xc2, 0xff, 0xea, 0x75, 0xc3, 0xff, 0xea, 0x75, 0xc3,
0xff, 0xea, 0x75, 0xc3, 0xff, 0xea, 0x75, 0xc3, 0xff, 0xea, 0x75, 0xc3, 0xff, 0xea, 0x75,
0xc3, 0xff, 0xea, 0x75, 0xc3, 0xff, 0xea, 0x75, 0xc3, 0xff, 0xea, 0x75, 0xc3, 0xff, 0xea,
0x75, 0xc3, 0xff, 0xea, 0x75, 0xc3, 0xff, 0xea, 0x75, 0xc3, 0xff, 0xea, 0x75, 0xc3, 0xff,
0xe9, 0x6d, 0xbf, 0xff, 0xf0, 0x9b, 0xd3, 0xff, 0xff, 0xfb, 0xfd, 0xff, 0xff, 0xff, 0xff,
0xff, 0xff, 0xff, 0xff, 0xff, 0xff, 0xff, 0xff, 0xff, 0xff, 0xff, 0xff, 0xff, 0xff, 0xff,
0xff, 0xff, 0xff, 0xff, 0xff, 0xff, 0xf2, 0xab, 0xda, 0xff, 0xe9, 0x6c, 0xbf, 0xff, 0xea,
0x74, 0xc3, 0xff, 0xea, 0x75, 0xc3, 0xff, 0xea, 0x75, 0xc3, 0xff, 0xea, 0x75, 0xc3, 0xff,
0xea, 0x75, 0xc3, 0xff, 0xea, 0x75, 0xc3, 0xff, 0xea, 0x75, 0xc3, 0xff, 0xea, 0x75, 0xc3,
0xff, 0xea, 0x75, 0xc3, 0xff, 0xea, 0x75, 0xc3, 0xff, 0xea, 0x75, 0xc3, 0xff, 0xea, 0x75,
0xc3, 0xff, 0xea, 0x75, 0xc3, 0xff, 0xea, 0x73, 0xc2, 0xff, 0xeb, 0x7c, 0xc6, 0xff, 0xfd,
0xf1, 0xf9, 0xff, 0xff, 0xff, 0xff, 0xff, 0xff, 0xff, 0xff, 0xff, 0xff, 0xff, 0xff, 0xff,
0xff, 0xff, 0xff, 0xff, 0xff, 0xff, 0xff, 0xff, 0xff, 0xff, 0xff, 0xff, 0xf7, 0xc8, 0xe7,
0xff, 0xe9, 0x6e, 0xc0, 0xff, 0xea, 0x75, 0xc3, 0xff, 0xea, 0x75, 0xc3, 0xff, 0xea, 0x75,
0xc3, 0xff, 0xea, 0x75, 0xc3, 0xff, 0xea, 0x75, 0xc3, 0xff, 0xea, 0x75, 0xc3, 0xff, 0xea,
0x75, 0xc3, 0xff, 0xea, 0x75, 0xc3, 0xff, 0xea, 0x75, 0xc3, 0xff, 0xea, 0x75, 0xc3, 0xff,
0xea, 0x75, 0xc3, 0xff, 0xea, 0x75, 0xc3, 0xff, 0xea, 0x75, 0xc3, 0xff, 0xea, 0x75, 0xc3,
0xff, 0xea, 0x75, 0xc3, 0xff, 0xea, 0x75, 0xc3, 0xff, 0xea, 0x75, 0xc3, 0xff, 0xea, 0x75,
0xc3, 0xff, 0xea, 0x75, 0xc3, 0xff, 0xea, 0x75, 0xc3, 0xff, 0xea, 0x75, 0xc3, 0xff, 0xea,
0x75, 0xc3, 0xff, 0xea, 0x75, 0xc4, 0xff, 0xe8, 0x74, 0xbc, 0x8c, 0xe2, 0x71, 0xb0, 0x00,
0xe2, 0x71, 0xb1, 0x00, 0xff, 0xff, 0xff, 0x00, 0xff, 0xff, 0xff, 0x00, 0xff, 0xff, 0xff,
0x00, 0xff, 0xff, 0xff, 0x00, 0xff, 0xff, 0xff, 0x00, 0xff, 0xff, 0xff, 0x00, 0xff, 0xff,
0xff, 0x00, 0xff, 0xff, 0xff, 0x00, 0xff, 0xff, 0xff, 0x00, 0xff, 0xff, 0xff, 0x00, 0xff,
0xff, 0xff, 0x00, 0xff, 0xff, 0xff, 0x00, 0xff, 0xff, 0xff, 0x00, 0xff, 0xff, 0xff, 0x00,
0xff, 0xff, 0xff, 0x00, 0xff, 0xff, 0xff, 0x00, 0xff, 0xff, 0xff, 0x00, 0x77, 0x3b, 0x60,
0x00, 0x8a, 0x45, 0x71, 0x23, 0xe8, 0x74, 0xc2, 0xfa, 0xeb, 0x75, 0xc4, 0xff, 0xea, 0x75,
0xc3, 0xff, 0xea, 0x75, 0xc3, 0xff, 0xea, 0x75, 0xc3, 0xff, 0xea, 0x75, 0xc3, 0xff, 0xea,
0x75, 0xc3, 0xff, 0xea, 0x75, 0xc3, 0xff, 0xea, 0x75, 0xc3, 0xff, 0xea, 0x75, 0xc3, 0xff,
0xea, 0x75, 0xc3, 0xff, 0xea, 0x75, 0xc3, 0xff, 0xea, 0x75, 0xc3, 0xff, 0xea, 0x75, 0xc3,
0xff, 0xea, 0x75, 0xc3, 0xff, 0xea, 0x75, 0xc3, 0xff, 0xea, 0x75, 0xc3, 0xff, 0xea, 0x75,
0xc3, 0xff, 0xea, 0x75, 0xc3, 0xff, 0xea, 0x75, 0xc3, 0xff, 0xea, 0x75, 0xc3, 0xff, 0xea,
0x75, 0xc3, 0xff, 0xea, 0x75, 0xc3, 0xff, 0xea, 0x75, 0xc3, 0xff, 0xe9, 0x6e, 0xc0, 0xff,
0xf2, 0xa7, 0xd9, 0xff, 0xff, 0xff, 0xff, 0xff, 0xff, 0xff, 0xff, 0xff, 0xff, 0xff, 0xff,
0xff, 0xff, 0xff, 0xff, 0xff, 0xff, 0xff, 0xff, 0xff, 0xff, 0xff, 0xff, 0xff, 0xfd, 0xf3,
0xfa, 0xff, 0xeb, 0x7e, 0xc7, 0xff, 0xea, 0x73, 0xc2, 0xff, 0xea, 0x75, 0xc3, 0xff, 0xea,
0x75, 0xc3, 0xff, 0xea, 0x75, 0xc3, 0xff, 0xea, 0x75, 0xc3, 0xff, 0xea, 0x75, 0xc3, 0xff,
0xea, 0x75, 0xc3, 0xff, 0xea, 0x75, 0xc3, 0xff, 0xea, 0x75, 0xc3, 0xff, 0xea, 0x75, 0xc3,
0xff, 0xea, 0x75, 0xc3, 0xff, 0xea, 0x75, 0xc3, 0xff, 0xea, 0x75, 0xc3, 0xff, 0xe9, 0x6d,
0xbf, 0xff, 0xf0, 0x9b, 0xd3, 0xff, 0xff, 0xfb, 0xfd, 0xff, 0xff, 0xff, 0xff, 0xff, 0xff,
0xff, 0xff, 0xff, 0xff, 0xff, 0xff, 0xff, 0xff, 0xff, 0xff, 0xff, 0xff, 0xff, 0xff, 0xff,
0xff, 0xff, 0xff, 0xff, 0xff, 0xff, 0xff, 0xff, 0xff, 0xff, 0xff, 0xff, 0xf2, 0xab, 0xda,
0xff, 0xe9, 0x6c, 0xbf, 0xff, 0xea, 0x74, 0xc3, 0xff, 0xea, 0x75, 0xc3, 0xff, 0xea, 0x75,
0xc3, 0xff, 0xea, 0x75, 0xc3, 0xff, 0xea, 0x75, 0xc3, 0xff, 0xea, 0x75, 0xc3, 0xff, 0xea,
0x75, 0xc3, 0xff, 0xea, 0x75, 0xc3, 0xff, 0xea, 0x75, 0xc3, 0xff, 0xea, 0x75, 0xc3, 0xff,
0xea, 0x75, 0xc3, 0xff, 0xea, 0x75, 0xc3, 0xff, 0xea, 0x73, 0xc2, 0xff, 0xeb, 0x7c, 0xc6,
0xff, 0xfd, 0xf1, 0xf9, 0xff, 0xff, 0xff, 0xff, 0xff, 0xff, 0xff, 0xff, 0xff, 0xff, 0xff,
0xff, 0xff, 0xff, 0xff, 0xff, 0xff, 0xff, 0xff, 0xff, 0xff, 0xff, 0xff, 0xff, 0xff, 0xf7,
0xc8, 0xe7, 0xff, 0xe9, 0x6e, 0xc0, 0xff, 0xea, 0x75, 0xc3, 0xff, 0xea, 0x75, 0xc3, 0xff,
0xea, 0x75, 0xc3, 0xff, 0xea, 0x75, 0xc3, 0xff, 0xea, 0x75, 0xc3, 0xff, 0xea, 0x75, 0xc3,
0xff, 0xea, 0x75, 0xc3, 0xff, 0xea, 0x75, 0xc3, 0xff, 0xea, 0x75, 0xc3, 0xff, 0xea, 0x75,
0xc3, 0xff, 0xea, 0x75, 0xc3, 0xff, 0xea, 0x75, 0xc3, 0xff, 0xea, 0x75, 0xc3, 0xff, 0xea,
0x75, 0xc3, 0xff, 0xea, 0x75, 0xc3, 0xff, 0xea, 0x75, 0xc3, 0xff, 0xea, 0x75, 0xc3, 0xff,
0xea, 0x75, 0xc3, 0xff, 0xea, 0x75, 0xc3, 0xff, 0xea, 0x75, 0xc3, 0xff, 0xea, 0x75, 0xc3,
0xff, 0xea, 0x75, 0xc3, 0xff, 0xea, 0x75, 0xc3, 0xff, 0xe9, 0x75, 0xc2, 0xd2, 0xe5, 0x72,
0xbf, 0x01, 0xe6, 0x72, 0xbf, 0x00, 0xff, 0xff, 0xff, 0x00, 0xff, 0xff, 0xff, 0x00, 0xff,
0xff, 0xff, 0x00, 0xff, 0xff, 0xff, 0x00, 0xff, 0xff, 0xff, 0x00, 0xff, 0xff, 0xff, 0x00,
0xff, 0xff, 0xff, 0x00, 0xff, 0xff, 0xff, 0x00, 0xff, 0xff, 0xff, 0x00, 0xff, 0xff, 0xff,
0x00, 0xff, 0xff, 0xff, 0x00, 0xff, 0xff, 0xff, 0x00, 0xff, 0xff, 0xff, 0x00, 0xff, 0xff,
0xff, 0x00, 0xff, 0xff, 0xff, 0x00, 0xff, 0xff, 0xff, 0x00, 0xff, 0xff, 0xff, 0x00, 0xe4,
0x6e, 0xba, 0x00, 0xe5, 0x70, 0xbd, 0x52, 0xea, 0x75, 0xc3, 0xff, 0xea, 0x75, 0xc3, 0xff,
0xea, 0x75, 0xc3, 0xff, 0xea, 0x75, 0xc3, 0xff, 0xea, 0x75, 0xc3, 0xff, 0xea, 0x75, 0xc3,
0xff, 0xea, 0x75, 0xc3, 0xff, 0xea, 0x75, 0xc3, 0xff, 0xea, 0x75, 0xc3, 0xff, 0xea, 0x75,
0xc3, 0xff, 0xea, 0x75, 0xc3, 0xff, 0xea, 0x75, 0xc3, 0xff, 0xea, 0x75, 0xc3, 0xff, 0xea,
0x75, 0xc3, 0xff, 0xea, 0x75, 0xc3, 0xff, 0xea, 0x75, 0xc3, 0xff, 0xea, 0x75, 0xc3, 0xff,
0xea, 0x75, 0xc3, 0xff, 0xea, 0x75, 0xc3, 0xff, 0xea, 0x75, 0xc3, 0xff, 0xea, 0x75, 0xc3,
0xff, 0xea, 0x75, 0xc3, 0xff, 0xea, 0x75, 0xc3, 0xff, 0xea, 0x75, 0xc3, 0xff, 0xe9, 0x6e,
0xc0, 0xff, 0xf2, 0xa7, 0xd9, 0xff, 0xff, 0xff, 0xff, 0xff, 0xff, 0xff, 0xff, 0xff, 0xff,
0xff, 0xff, 0xff, 0xff, 0xff, 0xff, 0xff, 0xff, 0xff, 0xff, 0xff, 0xff, 0xff, 0xff, 0xff,
0xfd, 0xf3, 0xfa, 0xff, 0xeb, 0x7e, 0xc7, 0xff, 0xea, 0x73, 0xc2, 0xff, 0xea, 0x75, 0xc3,
0xff, 0xea, 0x75, 0xc3, 0xff, 0xea, 0x75, 0xc3, 0xff, 0xea, 0x75, 0xc3, 0xff, 0xea, 0x75,
0xc3, 0xff, 0xea, 0x75, 0xc3, 0xff, 0xea, 0x75, 0xc3, 0xff, 0xea, 0x75, 0xc3, 0xff, 0xea,
0x75, 0xc3, 0xff, 0xea, 0x75, 0xc3, 0xff, 0xea, 0x75, 0xc3, 0xff, 0xe9, 0x6d, 0xbf, 0xff,
0xf0, 0x9b, 0xd3, 0xff, 0xff, 0xfb, 0xfd, 0xff, 0xff, 0xff, 0xff, 0xff, 0xff, 0xff, 0xff,
0xff, 0xff, 0xff, 0xff, 0xff, 0xff, 0xff, 0xff, 0xff, 0xff, 0xff, 0xff, 0xff, 0xff, 0xff,
0xff, 0xff, 0xff, 0xff, 0xff, 0xff, 0xff, 0xff, 0xff, 0xff, 0xff, 0xff, 0xff, 0xff, 0xff,
0xff, 0xff, 0xff, 0xf2, 0xab, 0xda, 0xff, 0xe9, 0x6c, 0xbf, 0xff, 0xea, 0x74, 0xc3, 0xff,
0xea, 0x75, 0xc3, 0xff, 0xea, 0x75, 0xc3, 0xff, 0xea, 0x75, 0xc3, 0xff, 0xea, 0x75, 0xc3,
0xff, 0xea, 0x75, 0xc3, 0xff, 0xea, 0x75, 0xc3, 0xff, 0xea, 0x75, 0xc3, 0xff, 0xea, 0x75,
0xc3, 0xff, 0xea, 0x75, 0xc3, 0xff, 0xea, 0x75, 0xc3, 0xff, 0xea, 0x73, 0xc2, 0xff, 0xeb,
0x7c, 0xc6, 0xff, 0xfd, 0xf1, 0xf9, 0xff, 0xff, 0xff, 0xff, 0xff, 0xff, 0xff, 0xff, 0xff,
0xff, 0xff, 0xff, 0xff, 0xff, 0xff, 0xff, 0xff, 0xff, 0xff, 0xff, 0xff, 0xff, 0xff, 0xff,
0xff, 0xf7, 0xc8, 0xe7, 0xff, 0xe9, 0x6e, 0xc0, 0xff, 0xea, 0x75, 0xc3, 0xff, 0xea, 0x75,
0xc3, 0xff, 0xea, 0x75, 0xc3, 0xff, 0xea, 0x75, 0xc3, 0xff, 0xea, 0x75, 0xc3, 0xff, 0xea,
0x75, 0xc3, 0xff, 0xea, 0x75, 0xc3, 0xff, 0xea, 0x75, 0xc3, 0xff, 0xea, 0x75, 0xc3, 0xff,
0xea, 0x75, 0xc3, 0xff, 0xea, 0x75, 0xc3, 0xff, 0xea, 0x75, 0xc3, 0xff, 0xea, 0x75, 0xc3,
0xff, 0xea, 0x75, 0xc3, 0xff, 0xea, 0x75, 0xc3, 0xff, 0xea, 0x75, 0xc3, 0xff, 0xea, 0x75,
0xc3, 0xff, 0xea, 0x75, 0xc3, 0xff, 0xea, 0x75, 0xc3, 0xff, 0xea, 0x75, 0xc3, 0xff, 0xea,
0x75, 0xc3, 0xff, 0xea, 0x75, 0xc3, 0xff, 0xea, 0x75, 0xc3, 0xff, 0xea, 0x75, 0xc3, 0xf3,
0xe9, 0x70, 0xc2, 0x1c, 0xe8, 0x70, 0xc2, 0x00, 0xff, 0xff, 0xff, 0x00, 0xff, 0xff, 0xff,
0x00, 0xff, 0xff, 0xff, 0x00, 0xff, 0xff, 0xff, 0x00, 0xff, 0xff, 0xff, 0x00, 0xff, 0xff,
0xff, 0x00, 0xff, 0xff, 0xff, 0x00, 0xff, 0xff, 0xff, 0x00, 0xff, 0xff, 0xff, 0x00, 0xff,
0xff, 0xff, 0x00, 0xff, 0xff, 0xff, 0x00, 0xff, 0xff, 0xff, 0x00, 0xff, 0xff, 0xff, 0x00,
0xff, 0xff, 0xff, 0x00, 0xff, 0xff, 0xff, 0x00, 0xff, 0xff, 0xff, 0x00, 0xff, 0xff, 0xff,
0x00, 0xe9, 0x73, 0xc2, 0x00, 0xea, 0x75, 0xc3, 0xa1, 0xea, 0x75, 0xc3, 0xff, 0xea, 0x75,
0xc3, 0xff, 0xea, 0x75, 0xc3, 0xff, 0xea, 0x75, 0xc3, 0xff, 0xea, 0x75, 0xc3, 0xff, 0xea,
0x75, 0xc3, 0xff, 0xea, 0x75, 0xc3, 0xff, 0xea, 0x75, 0xc3, 0xff, 0xea, 0x75, 0xc3, 0xff,
0xea, 0x75, 0xc3, 0xff, 0xea, 0x75, 0xc3, 0xff, 0xea, 0x75, 0xc3, 0xff, 0xea, 0x75, 0xc3,
0xff, 0xea, 0x75, 0xc3, 0xff, 0xea, 0x75, 0xc3, 0xff, 0xea, 0x75, 0xc3, 0xff, 0xea, 0x75,
0xc3, 0xff, 0xea, 0x75, 0xc3, 0xff, 0xea, 0x75, 0xc3, 0xff, 0xea, 0x75, 0xc3, 0xff, 0xea,
0x75, 0xc3, 0xff, 0xea, 0x75, 0xc3, 0xff, 0xea, 0x75, 0xc3, 0xff, 0xea, 0x75, 0xc3, 0xff,
0xe9, 0x6e, 0xc0, 0xff, 0xf2, 0xa7, 0xd9, 0xff, 0xff, 0xff, 0xff, 0xff, 0xff, 0xff, 0xff,
0xff, 0xff, 0xff, 0xff, 0xff, 0xff, 0xff, 0xff, 0xff, 0xff, 0xff, 0xff, 0xff, 0xff, 0xff,
0xff, 0xff, 0xfd, 0xf3, 0xfa, 0xff, 0xeb, 0x7e, 0xc7, 0xff, 0xea, 0x73, 0xc2, 0xff, 0xea,
0x75, 0xc3, 0xff, 0xea, 0x75, 0xc3, 0xff, 0xea, 0x75, 0xc3, 0xff, 0xea, 0x75, 0xc3, 0xff,
0xea, 0x75, 0xc3, 0xff, 0xea, 0x75, 0xc3, 0xff, 0xea, 0x75, 0xc3, 0xff, 0xea, 0x75, 0xc3,
0xff, 0xea, 0x75, 0xc3, 0xff, 0xea, 0x75, 0xc3, 0xff, 0xe9, 0x6d, 0xbf, 0xff, 0xf0, 0x9b,
0xd3, 0xff, 0xff, 0xfb, 0xfd, 0xff, 0xff, 0xff, 0xff, 0xff, 0xff, 0xff, 0xff, 0xff, 0xff,
0xff, 0xff, 0xff, 0xff, 0xff, 0xff, 0xff, 0xff, 0xff, 0xff, 0xff, 0xff, 0xff, 0xff, 0xff,
0xff, 0xff, 0xff, 0xff, 0xff, 0xff, 0xff, 0xff, 0xff, 0xff, 0xff, 0xff, 0xff, 0xff, 0xff,
0xff, 0xff, 0xff, 0xff, 0xff, 0xff, 0xff, 0xff, 0xff, 0xf2, 0xab, 0xda, 0xff, 0xe9, 0x6c,
0xbf, 0xff, 0xea, 0x74, 0xc3, 0xff, 0xea, 0x75, 0xc3, 0xff, 0xea, 0x75, 0xc3, 0xff, 0xea,
0x75, 0xc3, 0xff, 0xea, 0x75, 0xc3, 0xff, 0xea, 0x75, 0xc3, 0xff, 0xea, 0x75, 0xc3, 0xff,
0xea, 0x75, 0xc3, 0xff, 0xea, 0x75, 0xc3, 0xff, 0xea, 0x75, 0xc3, 0xff, 0xea, 0x73, 0xc2,
0xff, 0xeb, 0x7c, 0xc6, 0xff, 0xfd, 0xf1, 0xf9, 0xff, 0xff, 0xff, 0xff, 0xff, 0xff, 0xff,
0xff, 0xff, 0xff, 0xff, 0xff, 0xff, 0xff, 0xff, 0xff, 0xff, 0xff, 0xff, 0xff, 0xff, 0xff,
0xff, 0xff, 0xff, 0xf7, 0xc8, 0xe7, 0xff, 0xe9, 0x6e, 0xc0, 0xff, 0xea, 0x75, 0xc3, 0xff,
0xea, 0x75, 0xc3, 0xff, 0xea, 0x75, 0xc3, 0xff, 0xea, 0x75, 0xc3, 0xff, 0xea, 0x75, 0xc3,
0xff, 0xea, 0x75, 0xc3, 0xff, 0xea, 0x75, 0xc3, 0xff, 0xea, 0x75, 0xc3, 0xff, 0xea, 0x75,
0xc3, 0xff, 0xea, 0x75, 0xc3, 0xff, 0xea, 0x75, 0xc3, 0xff, 0xea, 0x75, 0xc3, 0xff, 0xea,
0x75, 0xc3, 0xff, 0xea, 0x75, 0xc3, 0xff, 0xea, 0x75, 0xc3, 0xff, 0xea, 0x75, 0xc3, 0xff,
0xea, 0x75, 0xc3, 0xff, 0xea, 0x75, 0xc3, 0xff, 0xea, 0x75, 0xc3, 0xff, 0xea, 0x75, 0xc3,
0xff, 0xea, 0x75, 0xc3, 0xff, 0xea, 0x75, 0xc3, 0xff, 0xea, 0x75, 0xc3, 0xff, 0xea, 0x75,
0xc3, 0xff, 0xe8, 0x74, 0xc3, 0x62, 0xe8, 0x74, 0xc3, 0x00, 0xff, 0xff, 0xff, 0x00, 0xff,
0xff, 0xff, 0x00, 0xff, 0xff, 0xff, 0x00, 0xff, 0xff, 0xff, 0x00, 0xff, 0xff, 0xff, 0x00,
0xff, 0xff, 0xff, 0x00, 0xff, 0xff, 0xff, 0x00, 0xff, 0xff, 0xff, 0x00, 0xff, 0xff, 0xff,
0x00, 0xff, 0xff, 0xff, 0x00, 0xff, 0xff, 0xff, 0x00, 0xff, 0xff, 0xff, 0x00, 0xff, 0xff,
0xff, 0x00, 0xff, 0xff, 0xff, 0x00, 0xff, 0xff, 0xff, 0x00, 0xff, 0xff, 0xff, 0x00, 0xff,
0xff, 0xff, 0x00, 0xe9, 0x74, 0xbf, 0x0a, 0xea, 0x75, 0xc2, 0xe0, 0xea, 0x75, 0xc3, 0xff,
0xea, 0x75, 0xc3, 0xff, 0xea, 0x75, 0xc3, 0xff, 0xea, 0x75, 0xc3, 0xff, 0xea, 0x75, 0xc3,
0xff, 0xea, 0x75, 0xc3, 0xff, 0xea, 0x75, 0xc3, 0xff, 0xea, 0x75, 0xc3, 0xff, 0xea, 0x75,
0xc3, 0xff, 0xea, 0x75, 0xc3, 0xff, 0xea, 0x75, 0xc3, 0xff, 0xea, 0x75, 0xc3, 0xff, 0xea,
0x75, 0xc3, 0xff, 0xea, 0x75, 0xc3, 0xff, 0xea, 0x75, 0xc3, 0xff, 0xea, 0x75, 0xc3, 0xff,
0xea, 0x75, 0xc3, 0xff, 0xea, 0x75, 0xc3, 0xff, 0xea, 0x75, 0xc3, 0xff, 0xea, 0x75, 0xc3,
0xff, 0xea, 0x75, 0xc3, 0xff, 0xea, 0x75, 0xc3, 0xff, 0xea, 0x75, 0xc3, 0xff, 0xea, 0x75,
0xc3, 0xff, 0xe9, 0x6e, 0xc0, 0xff, 0xf2, 0xa7, 0xd9, 0xff, 0xff, 0xff, 0xff, 0xff, 0xff,
0xff, 0xff, 0xff, 0xff, 0xff, 0xff, 0xff, 0xff, 0xff, 0xff, 0xff, 0xff, 0xff, 0xff, 0xff,
0xff, 0xff, 0xff, 0xff, 0xfd, 0xf3, 0xfa, 0xff, 0xeb, 0x7e, 0xc7, 0xff, 0xea, 0x73, 0xc2,
0xff, 0xea, 0x75, 0xc3, 0xff, 0xea, 0x75, 0xc3, 0xff, 0xea, 0x75, 0xc3, 0xff, 0xea, 0x75,
0xc3, 0xff, 0xea, 0x75, 0xc3, 0xff, 0xea, 0x75, 0xc3, 0xff, 0xea, 0x75, 0xc3, 0xff, 0xea,
0x75, 0xc3, 0xff, 0xea, 0x75, 0xc3, 0xff, 0xe9, 0x6d, 0xbf, 0xff, 0xf0, 0x9b, 0xd3, 0xff,
0xff, 0xfb, 0xfd, 0xff, 0xff, 0xff, 0xff, 0xff, 0xff, 0xff, 0xff, 0xff, 0xff, 0xff, 0xff,
0xff, 0xff, 0xff, 0xff, 0xff, 0xff, 0xff, 0xff, 0xff, 0xff, 0xff, 0xff, 0xff, 0xff, 0xff,
0xff, 0xff, 0xff, 0xff, 0xff, 0xff, 0xff, 0xff, 0xff, 0xff, 0xff, 0xff, 0xff, 0xff, 0xff,
0xff, 0xff, 0xff, 0xff, 0xff, 0xff, 0xff, 0xff, 0xff, 0xff, 0xff, 0xff, 0xff, 0xff, 0xff,
0xf2, 0xab, 0xda, 0xff, 0xe9, 0x6c, 0xbf, 0xff, 0xea, 0x74, 0xc3, 0xff, 0xea, 0x75, 0xc3,
0xff, 0xea, 0x75, 0xc3, 0xff, 0xea, 0x75, 0xc3, 0xff, 0xea, 0x75, 0xc3, 0xff, 0xea, 0x75,
0xc3, 0xff, 0xea, 0x75, 0xc3, 0xff, 0xea, 0x75, 0xc3, 0xff, 0xea, 0x75, 0xc3, 0xff, 0xea,
0x73, 0xc2, 0xff, 0xeb, 0x7c, 0xc6, 0xff, 0xfd, 0xf1, 0xf9, 0xff, 0xff, 0xff, 0xff, 0xff,
0xff, 0xff, 0xff, 0xff, 0xff, 0xff, 0xff, 0xff, 0xff, 0xff, 0xff, 0xff, 0xff, 0xff, 0xff,
0xff, 0xff, 0xff, 0xff, 0xff, 0xf7, 0xc8, 0xe7, 0xff, 0xe9, 0x6e, 0xc0, 0xff, 0xea, 0x75,
0xc3, 0xff, 0xea, 0x75, 0xc3, 0xff, 0xea, 0x75, 0xc3, 0xff, 0xea, 0x75, 0xc3, 0xff, 0xea,
0x75, 0xc3, 0xff, 0xea, 0x75, 0xc3, 0xff, 0xea, 0x75, 0xc3, 0xff, 0xea, 0x75, 0xc3, 0xff,
0xea, 0x75, 0xc3, 0xff, 0xea, 0x75, 0xc3, 0xff, 0xea, 0x75, 0xc3, 0xff, 0xea, 0x75, 0xc3,
0xff, 0xea, 0x75, 0xc3, 0xff, 0xea, 0x75, 0xc3, 0xff, 0xea, 0x75, 0xc3, 0xff, 0xea, 0x75,
0xc3, 0xff, 0xea, 0x75, 0xc3, 0xff, 0xea, 0x75, 0xc3, 0xff, 0xea, 0x75, 0xc3, 0xff, 0xea,
0x75, 0xc3, 0xff, 0xea, 0x75, 0xc3, 0xff, 0xea, 0x75, 0xc3, 0xff, 0xea, 0x75, 0xc3, 0xff,
0xea, 0x75, 0xc3, 0xff, 0xe9, 0x74, 0xc2, 0xad, 0xe5, 0x72, 0xbd, 0x00, 0xff, 0xff, 0xff,
0x00, 0xff, 0xff, 0xff, 0x00, 0xff, 0xff, 0xff, 0x00, 0xff, 0xff, 0xff, 0x00, 0xff, 0xff,
0xff, 0x00, 0xff, 0xff, 0xff, 0x00, 0xff, 0xff, 0xff, 0x00, 0xff, 0xff, 0xff, 0x00, 0xff,
0xff, 0xff, 0x00, 0xff, 0xff, 0xff, 0x00, 0xff, 0xff, 0xff, 0x00, 0xff, 0xff, 0xff, 0x00,
0xff, 0xff, 0xff, 0x00, 0xff, 0xff, 0xff, 0x00, 0xff, 0xff, 0xff, 0x00, 0xff, 0xff, 0xff,
0x00, 0xff, 0xff, 0xff, 0x00, 0xeb, 0x75, 0xc3, 0x25, 0xea, 0x75, 0xc3, 0xfa, 0xea, 0x75,
0xc3, 0xff, 0xea, 0x75, 0xc3, 0xff, 0xea, 0x75, 0xc3, 0xff, 0xea, 0x75, 0xc3, 0xff, 0xea,
0x75, 0xc3, 0xff, 0xea, 0x75, 0xc3, 0xff, 0xea, 0x75, 0xc3, 0xff, 0xea, 0x75, 0xc3, 0xff,
0xea, 0x75, 0xc3, 0xff, 0xea, 0x75, 0xc3, 0xff, 0xea, 0x75, 0xc3, 0xff, 0xea, 0x75, 0xc3,
0xff, 0xea, 0x75, 0xc3, 0xff, 0xea, 0x75, 0xc3, 0xff, 0xea, 0x75, 0xc3, 0xff, 0xea, 0x75,
0xc3, 0xff, 0xea, 0x75, 0xc3, 0xff, 0xea, 0x75, 0xc3, 0xff, 0xea, 0x75, 0xc3, 0xff, 0xea,
0x75, 0xc3, 0xff, 0xea, 0x75, 0xc3, 0xff, 0xea, 0x75, 0xc3, 0xff, 0xea, 0x75, 0xc3, 0xff,
0xea, 0x75, 0xc3, 0xff, 0xe9, 0x6e, 0xc0, 0xff, 0xf2, 0xa7, 0xd9, 0xff, 0xff, 0xff, 0xff,
0xff, 0xff, 0xff, 0xff, 0xff, 0xff, 0xff, 0xff, 0xff, 0xff, 0xff, 0xff, 0xff, 0xff, 0xff,
0xff, 0xff, 0xff, 0xff, 0xff, 0xff, 0xfd, 0xf3, 0xfa, 0xff, 0xeb, 0x7e, 0xc7, 0xff, 0xea,
0x73, 0xc2, 0xff, 0xea, 0x75, 0xc3, 0xff, 0xea, 0x75, 0xc3, 0xff, 0xea, 0x75, 0xc3, 0xff,
0xea, 0x75, 0xc3, 0xff, 0xea, 0x75, 0xc3, 0xff, 0xea, 0x75, 0xc3, 0xff, 0xea, 0x75, 0xc3,
0xff, 0xea, 0x75, 0xc3, 0xff, 0xe9, 0x6d, 0xbf, 0xff, 0xf0, 0x9b, 0xd3, 0xff, 0xff, 0xfb,
0xfd, 0xff, 0xff, 0xff, 0xff, 0xff, 0xff, 0xff, 0xff, 0xff, 0xff, 0xff, 0xff, 0xff, 0xff,
0xff, 0xff, 0xff, 0xff, 0xff, 0xff, 0xff, 0xff, 0xff, 0xff, 0xff, 0xff, 0xff, 0xff, 0xff,
0xff, 0xff, 0xff, 0xff, 0xff, 0xff, 0xff, 0xff, 0xff, 0xff, 0xff, 0xff, 0xff, 0xff, 0xff,
0xff, 0xff, 0xff, 0xff, 0xff, 0xff, 0xff, 0xff, 0xff, 0xff, 0xff, 0xff, 0xff, 0xff, 0xff,
0xff, 0xff, 0xff, 0xff, 0xff, 0xff, 0xf2, 0xab, 0xda, 0xff, 0xe9, 0x6c, 0xbf, 0xff, 0xea,
0x74, 0xc3, 0xff, 0xea, 0x75, 0xc3, 0xff, 0xea, 0x75, 0xc3, 0xff, 0xea, 0x75, 0xc3, 0xff,
0xea, 0x75, 0xc3, 0xff, 0xea, 0x75, 0xc3, 0xff, 0xea, 0x75, 0xc3, 0xff, 0xea, 0x75, 0xc3,
0xff, 0xea, 0x73, 0xc2, 0xff, 0xeb, 0x7c, 0xc6, 0xff, 0xfd, 0xf1, 0xf9, 0xff, 0xff, 0xff,
0xff, 0xff, 0xff, 0xff, 0xff, 0xff, 0xff, 0xff, 0xff, 0xff, 0xff, 0xff, 0xff, 0xff, 0xff,
0xff, 0xff, 0xff, 0xff, 0xff, 0xff, 0xff, 0xf7, 0xc8, 0xe7, 0xff, 0xe9, 0x6e, 0xc0, 0xff,
0xea, 0x75, 0xc3, 0xff, 0xea, 0x75, 0xc3, 0xff, 0xea, 0x75, 0xc3, 0xff, 0xea, 0x75, 0xc3,
0xff, 0xea, 0x75, 0xc3, 0xff, 0xea, 0x75, 0xc3, 0xff, 0xea, 0x75, 0xc3, 0xff, 0xea, 0x75,
0xc3, 0xff, 0xea, 0x75, 0xc3, 0xff, 0xea, 0x75, 0xc3, 0xff, 0xea, 0x75, 0xc3, 0xff, 0xea,
0x75, 0xc3, 0xff, 0xea, 0x75, 0xc3, 0xff, 0xea, 0x75, 0xc3, 0xff, 0xea, 0x75, 0xc3, 0xff,
0xea, 0x75, 0xc3, 0xff, 0xea, 0x75, 0xc3, 0xff, 0xea, 0x75, 0xc3, 0xff, 0xea, 0x75, 0xc3,
0xff, 0xea, 0x75, 0xc3, 0xff, 0xea, 0x75, 0xc3, 0xff, 0xea, 0x75, 0xc3, 0xff, 0xea, 0x75,
0xc3, 0xff, 0xee, 0x77, 0xc6, 0xff, 0xd7, 0x6c, 0xb3, 0xd4, 0x79, 0x3d, 0x65, 0x02, 0xff,
0xff, 0xff, 0x00, 0xff, 0xff, 0xff, 0x00, 0xff, 0xff, 0xff, 0x00, 0xff, 0xff, 0xff, 0x00,
0xff, 0xff, 0xff, 0x00, 0xff, 0xff, 0xff, 0x00, 0xff, 0xff, 0xff, 0x00, 0xff, 0xff, 0xff,
0x00, 0xff, 0xff, 0xff, 0x00, 0xff, 0xff, 0xff, 0x00, 0xff, 0xff, 0xff, 0x00, 0xff, 0xff,
0xff, 0x00, 0xff, 0xff, 0xff, 0x00, 0xff, 0xff, 0xff, 0x00, 0xff, 0xff, 0xff, 0x00, 0xff,
0xff, 0xff, 0x00, 0xff, 0xff, 0xff, 0x00, 0xaf, 0x58, 0x92, 0x3c, 0xed, 0x76, 0xc5, 0xff,
0xea, 0x75, 0xc3, 0xff, 0xea, 0x75, 0xc3, 0xff, 0xea, 0x75, 0xc3, 0xff, 0xea, 0x75, 0xc3,
0xff, 0xea, 0x75, 0xc3, 0xff, 0xea, 0x75, 0xc3, 0xff, 0xea, 0x75, 0xc3, 0xff, 0xea, 0x75,
0xc3, 0xff, 0xea, 0x75, 0xc3, 0xff, 0xea, 0x75, 0xc3, 0xff, 0xea, 0x75, 0xc3, 0xff, 0xea,
0x75, 0xc3, 0xff, 0xea, 0x75, 0xc3, 0xff, 0xea, 0x75, 0xc3, 0xff, 0xea, 0x75, 0xc3, 0xff,
0xea, 0x75, 0xc3, 0xff, 0xea, 0x75, 0xc3, 0xff, 0xea, 0x75, 0xc3, 0xff, 0xea, 0x75, 0xc3,
0xff, 0xea, 0x75, 0xc3, 0xff, 0xea, 0x75, 0xc3, 0xff, 0xea, 0x75, 0xc3, 0xff, 0xea, 0x75,
0xc3, 0xff, 0xea, 0x75, 0xc3, 0xff, 0xe9, 0x6e, 0xc0, 0xff, 0xf2, 0xa7, 0xd9, 0xff, 0xff,
0xff, 0xff, 0xff, 0xff, 0xff, 0xff, 0xff, 0xff, 0xff, 0xff, 0xff, 0xff, 0xff, 0xff, 0xff,
0xff, 0xff, 0xff, 0xff, 0xff, 0xff, 0xff, 0xff, 0xfd, 0xf3, 0xfa, 0xff, 0xeb, 0x7e, 0xc7,
0xff, 0xea, 0x73, 0xc2, 0xff, 0xea, 0x75, 0xc3, 0xff, 0xea, 0x75, 0xc3, 0xff, 0xea, 0x75,
0xc3, 0xff, 0xea, 0x75, 0xc3, 0xff, 0xea, 0x75, 0xc3, 0xff, 0xea, 0x75, 0xc3, 0xff, 0xea,
0x75, 0xc3, 0xff, 0xe9, 0x6d, 0xbf, 0xff, 0xf0, 0x9b, 0xd3, 0xff, 0xff, 0xfb, 0xfd, 0xff,
0xff, 0xff, 0xff, 0xff, 0xff, 0xff, 0xff, 0xff, 0xff, 0xff, 0xff, 0xff, 0xff, 0xff, 0xff,
0xff, 0xff, 0xff, 0xff, 0xff, 0xff, 0xff, 0xff, 0xff, 0xff, 0xff, 0xff, 0xff, 0xff, 0xff,
0xff, 0xff, 0xff, 0xff, 0xff, 0xff, 0xff, 0xff, 0xff, 0xff, 0xff, 0xff, 0xff, 0xff, 0xff,
0xff, 0xff, 0xff, 0xff, 0xff, 0xff, 0xff, 0xff, 0xff, 0xff, 0xff, 0xff, 0xff, 0xff, 0xff,
0xff, 0xff, 0xff, 0xff, 0xff, 0xff, 0xff, 0xff, 0xff, 0xff, 0xff, 0xff, 0xf2, 0xab, 0xda,
0xff, 0xe9, 0x6c, 0xbf, 0xff, 0xea, 0x74, 0xc3, 0xff, 0xea, 0x75, 0xc3, 0xff, 0xea, 0x75,
0xc3, 0xff, 0xea, 0x75, 0xc3, 0xff, 0xea, 0x75, 0xc3, 0xff, 0xea, 0x75, 0xc3, 0xff, 0xea,
0x75, 0xc3, 0xff, 0xea, 0x73, 0xc2, 0xff, 0xeb, 0x7c, 0xc6, 0xff, 0xfd, 0xf1, 0xf9, 0xff,
0xff, 0xff, 0xff, 0xff, 0xff, 0xff, 0xff, 0xff, 0xff, 0xff, 0xff, 0xff, 0xff, 0xff, 0xff,
0xff, 0xff, 0xff, 0xff, 0xff, 0xff, 0xff, 0xff, 0xff, 0xf7, 0xc8, 0xe7, 0xff, 0xe9, 0x6e,
0xc0, 0xff, 0xea, 0x75, 0xc3, 0xff, 0xea, 0x75, 0xc3, 0xff, 0xea, 0x75, 0xc3, 0xff, 0xea,
0x75, 0xc3, 0xff, 0xea, 0x75, 0xc3, 0xff, 0xea, 0x75, 0xc3, 0xff, 0xea, 0x75, 0xc3, 0xff,
0xea, 0x75, 0xc3, 0xff, 0xea, 0x75, 0xc3, 0xff, 0xea, 0x75, 0xc3, 0xff, 0xea, 0x75, 0xc3,
0xff, 0xea, 0x75, 0xc3, 0xff, 0xea, 0x75, 0xc3, 0xff, 0xea, 0x75, 0xc3, 0xff, 0xea, 0x75,
0xc3, 0xff, 0xea, 0x75, 0xc3, 0xff, 0xea, 0x75, 0xc3, 0xff, 0xea, 0x75, 0xc3, 0xff, 0xea,
0x75, 0xc3, 0xff, 0xea, 0x75, 0xc3, 0xff, 0xea, 0x75, 0xc3, 0xff, 0xea, 0x75, 0xc3, 0xff,
0xea, 0x75, 0xc3, 0xff, 0xeb, 0x76, 0xc3, 0xff, 0xe8, 0x74, 0xc2, 0xec, 0xcb, 0x66, 0xb6,
0x12, 0xff, 0xff, 0xff, 0x00, 0xff, 0xff, 0xff, 0x00, 0xff, 0xff, 0xff, 0x00, 0xff, 0xff,
0xff, 0x00, 0xff, 0xff, 0xff, 0x00, 0xff, 0xff, 0xff, 0x00, 0xff, 0xff, 0xff, 0x00, 0xff,
0xff, 0xff, 0x00, 0xff, 0xff, 0xff, 0x00, 0xff, 0xff, 0xff, 0x00, 0xff, 0xff, 0xff, 0x00,
0xff, 0xff, 0xff, 0x00, 0xff, 0xff, 0xff, 0x00, 0xff, 0xff, 0xff, 0x00, 0xff, 0xff, 0xff,
0x00, 0xff, 0xff, 0xff, 0x00, 0xff, 0xff, 0xff, 0x00, 0xd5, 0x6a, 0xb5, 0x61, 0xeb, 0x76,
0xc4, 0xff, 0xea, 0x75, 0xc3, 0xff, 0xea, 0x75, 0xc3, 0xff, 0xea, 0x75, 0xc3, 0xff, 0xea,
0x75, 0xc3, 0xff, 0xea, 0x75, 0xc3, 0xff, 0xea, 0x75, 0xc3, 0xff, 0xea, 0x75, 0xc3, 0xff,
0xea, 0x75, 0xc3, 0xff, 0xea, 0x75, 0xc3, 0xff, 0xea, 0x75, 0xc3, 0xff, 0xea, 0x75, 0xc3,
0xff, 0xea, 0x75, 0xc3, 0xff, 0xea, 0x75, 0xc3, 0xff, 0xea, 0x75, 0xc3, 0xff, 0xea, 0x75,
0xc3, 0xff, 0xea, 0x75, 0xc3, 0xff, 0xea, 0x75, 0xc3, 0xff, 0xea, 0x75, 0xc3, 0xff, 0xea,
0x75, 0xc3, 0xff, 0xea, 0x75, 0xc3, 0xff, 0xea, 0x75, 0xc3, 0xff, 0xea, 0x75, 0xc3, 0xff,
0xea, 0x75, 0xc3, 0xff, 0xea, 0x75, 0xc3, 0xff, 0xe9, 0x6e, 0xc0, 0xff, 0xf2, 0xa7, 0xd9,
0xff, 0xff, 0xff, 0xff, 0xff, 0xff, 0xff, 0xff, 0xff, 0xff, 0xff, 0xff, 0xff, 0xff, 0xff,
0xff, 0xff, 0xff, 0xff, 0xff, 0xff, 0xff, 0xff, 0xff, 0xff, 0xfd, 0xf3, 0xfa, 0xff, 0xeb,
0x7e, 0xc7, 0xff, 0xea, 0x73, 0xc2, 0xff, 0xea, 0x75, 0xc3, 0xff, 0xea, 0x75, 0xc3, 0xff,
0xea, 0x75, 0xc3, 0xff, 0xea, 0x75, 0xc3, 0xff, 0xea, 0x75, 0xc3, 0xff, 0xea, 0x75, 0xc3,
0xff, 0xe9, 0x6e, 0xc0, 0xff, 0xf0, 0x9c, 0xd4, 0xff, 0xff, 0xfc, 0xfe, 0xff, 0xff, 0xff,
0xff, 0xff, 0xff, 0xff, 0xff, 0xff, 0xff, 0xff, 0xff, 0xff, 0xff, 0xff, 0xff, 0xff, 0xff,
0xff, 0xff, 0xff, 0xff, 0xff, 0xff, 0xff, 0xff, 0xff, 0xff, 0xff, 0xff, 0xff, 0xff, 0xff,
0xff, 0xff, 0xff, 0xff, 0xff, 0xff, 0xff, 0xff, 0xff, 0xff, 0xff, 0xff, 0xff, 0xff, 0xff,
0xff, 0xff, 0xff, 0xff, 0xff, 0xff, 0xff, 0xff, 0xff, 0xff, 0xff, 0xff, 0xff, 0xff, 0xff,
0xff, 0xff, 0xff, 0xff, 0xff, 0xff, 0xff, 0xff, 0xff, 0xff, 0xff, 0xff, 0xff, 0xff, 0xff,
0xff, 0xff, 0xff, 0xf2, 0xac, 0xdb, 0xff, 0xe9, 0x6d, 0xc0, 0xff, 0xea, 0x75, 0xc3, 0xff,
0xea, 0x75, 0xc3, 0xff, 0xea, 0x75, 0xc3, 0xff, 0xea, 0x75, 0xc3, 0xff, 0xea, 0x75, 0xc3,
0xff, 0xea, 0x75, 0xc3, 0xff, 0xea, 0x73, 0xc2, 0xff, 0xeb, 0x7c, 0xc6, 0xff, 0xfd, 0xf1,
0xf9, 0xff, 0xff, 0xff, 0xff, 0xff, 0xff, 0xff, 0xff, 0xff, 0xff, 0xff, 0xff, 0xff, 0xff,
0xff, 0xff, 0xff, 0xff, 0xff, 0xff, 0xff, 0xff, 0xff, 0xff, 0xff, 0xf7, 0xc8, 0xe7, 0xff,
0xe9, 0x6e, 0xc0, 0xff, 0xea, 0x75, 0xc3, 0xff, 0xea, 0x75, 0xc3, 0xff, 0xea, 0x75, 0xc3,
0xff, 0xea, 0x75, 0xc3, 0xff, 0xea, 0x75, 0xc3, 0xff, 0xea, 0x75, 0xc3, 0xff, 0xea, 0x75,
0xc3, 0xff, 0xea, 0x75, 0xc3, 0xff, 0xea, 0x75, 0xc3, 0xff, 0xea, 0x75, 0xc3, 0xff, 0xea,
0x75, 0xc3, 0xff, 0xea, 0x75, 0xc3, 0xff, 0xea, 0x75, 0xc3, 0xff, 0xea, 0x75, 0xc3, 0xff,
0xea, 0x75, 0xc3, 0xff, 0xea, 0x75, 0xc3, 0xff, 0xea, 0x75, 0xc3, 0xff, 0xea, 0x75, 0xc3,
0xff, 0xea, 0x75, 0xc3, 0xff, 0xea, 0x75, 0xc3, 0xff, 0xea, 0x75, 0xc3, 0xff, 0xea, 0x75,
0xc3, 0xff, 0xea, 0x75, 0xc3, 0xff, 0xea, 0x75, 0xc3, 0xff, 0xea, 0x75, 0xc3, 0xfe, 0xe7,
0x75, 0xc1, 0x38, 0xff, 0xff, 0xff, 0x00, 0xff, 0xff, 0xff, 0x00, 0xff, 0xff, 0xff, 0x00,
0xff, 0xff, 0xff, 0x00, 0xff, 0xff, 0xff, 0x00, 0xff, 0xff, 0xff, 0x00, 0xff, 0xff, 0xff,
0x00, 0xff, 0xff, 0xff, 0x00, 0xff, 0xff, 0xff, 0x00, 0xff, 0xff, 0xff, 0x00, 0xff, 0xff,
0xff, 0x00, 0xff, 0xff, 0xff, 0x00, 0xff, 0xff, 0xff, 0x00, 0xff, 0xff, 0xff, 0x00, 0xff,
0xff, 0xff, 0x00, 0xff, 0xff, 0xff, 0x00, 0xff, 0xff, 0xff, 0x00, 0xe4, 0x72, 0xc1, 0x8c,
0xeb, 0x75, 0xc3, 0xff, 0xea, 0x75, 0xc3, 0xff, 0xea, 0x75, 0xc3, 0xff, 0xea, 0x75, 0xc3,
0xff, 0xea, 0x75, 0xc3, 0xff, 0xea, 0x75, 0xc3, 0xff, 0xea, 0x75, 0xc3, 0xff, 0xea, 0x75,
0xc3, 0xff, 0xea, 0x75, 0xc3, 0xff, 0xea, 0x75, 0xc3, 0xff, 0xea, 0x75, 0xc3, 0xff, 0xea,
0x75, 0xc3, 0xff, 0xea, 0x75, 0xc3, 0xff, 0xea, 0x75, 0xc3, 0xff, 0xea, 0x75, 0xc3, 0xff,
0xea, 0x75, 0xc3, 0xff, 0xea, 0x75, 0xc3, 0xff, 0xea, 0x75, 0xc3, 0xff, 0xea, 0x75, 0xc3,
0xff, 0xea, 0x75, 0xc3, 0xff, 0xea, 0x75, 0xc3, 0xff, 0xea, 0x75, 0xc3, 0xff, 0xea, 0x75,
0xc3, 0xff, 0xea, 0x75, 0xc3, 0xff, 0xea, 0x75, 0xc3, 0xff, 0xe9, 0x6e, 0xc0, 0xff, 0xf2,
0xa7, 0xd9, 0xff, 0xff, 0xff, 0xff, 0xff, 0xff, 0xff, 0xff, 0xff, 0xff, 0xff, 0xff, 0xff,
0xff, 0xff, 0xff, 0xff, 0xff, 0xff, 0xff, 0xff, 0xff, 0xff, 0xff, 0xff, 0xfd, 0xf3, 0xfa,
0xff, 0xeb, 0x7e, 0xc7, 0xff, 0xea, 0x73, 0xc2, 0xff, 0xea, 0x75, 0xc3, 0xff, 0xea, 0x75,
0xc3, 0xff, 0xea, 0x75, 0xc3, 0xff, 0xea, 0x75, 0xc3, 0xff, 0xea, 0x75, 0xc3, 0xff, 0xe9,
0x72, 0xc1, 0xff, 0xf0, 0x9c, 0xd4, 0xff, 0xff, 0xfc, 0xfe, 0xff, 0xff, 0xff, 0xff, 0xff,
0xff, 0xff, 0xff, 0xff, 0xff, 0xff, 0xff, 0xff, 0xff, 0xff, 0xff, 0xff, 0xff, 0xff, 0xff,
0xff, 0xff, 0xff, 0xff, 0xff, 0xff, 0xff, 0xff, 0xff, 0xff, 0xff, 0xff, 0xff, 0xff, 0xff,
0xff, 0xff, 0xff, 0xff, 0xff, 0xff, 0xff, 0xff, 0xff, 0xff, 0xff, 0xff, 0xff, 0xff, 0xff,
0xff, 0xff, 0xff, 0xff, 0xff, 0xff, 0xff, 0xff, 0xff, 0xff, 0xff, 0xff, 0xff, 0xff, 0xff,
0xff, 0xff, 0xff, 0xff, 0xff, 0xff, 0xff, 0xff, 0xff, 0xff, 0xff, 0xff, 0xff, 0xff, 0xff,
0xff, 0xff, 0xff, 0xff, 0xff, 0xff, 0xff, 0xff, 0xff, 0xf3, 0xab, 0xdb, 0xff, 0xea, 0x71,
0xc1, 0xff, 0xea, 0x75, 0xc3, 0xff, 0xea, 0x75, 0xc3, 0xff, 0xea, 0x75, 0xc3, 0xff, 0xea,
0x75, 0xc3, 0xff, 0xea, 0x75, 0xc3, 0xff, 0xea, 0x73, 0xc2, 0xff, 0xeb, 0x7c, 0xc6, 0xff,
0xfd, 0xf1, 0xf9, 0xff, 0xff, 0xff, 0xff, 0xff, 0xff, 0xff, 0xff, 0xff, 0xff, 0xff, 0xff,
0xff, 0xff, 0xff, 0xff, 0xff, 0xff, 0xff, 0xff, 0xff, 0xff, 0xff, 0xff, 0xff, 0xf7, 0xc8,
0xe7, 0xff, 0xe9, 0x6e, 0xc0, 0xff, 0xea, 0x75, 0xc3, 0xff, 0xea, 0x75, 0xc3, 0xff, 0xea,
0x75, 0xc3, 0xff, 0xea, 0x75, 0xc3, 0xff, 0xea, 0x75, 0xc3, 0xff, 0xea, 0x75, 0xc3, 0xff,
0xea, 0x75, 0xc3, 0xff, 0xea, 0x75, 0xc3, 0xff, 0xea, 0x75, 0xc3, 0xff, 0xea, 0x75, 0xc3,
0xff, 0xea, 0x75, 0xc3, 0xff, 0xea, 0x75, 0xc3, 0xff, 0xea, 0x75, 0xc3, 0xff, 0xea, 0x75,
0xc3, 0xff, 0xea, 0x75, 0xc3, 0xff, 0xea, 0x75, 0xc3, 0xff, 0xea, 0x75, 0xc3, 0xff, 0xea,
0x75, 0xc3, 0xff, 0xea, 0x75, 0xc3, 0xff, 0xea, 0x75, 0xc3, 0xff, 0xea, 0x75, 0xc3, 0xff,
0xea, 0x75, 0xc3, 0xff, 0xea, 0x75, 0xc3, 0xff, 0xea, 0x75, 0xc3, 0xff, 0xeb, 0x76, 0xc4,
0xff, 0xdf, 0x69, 0xbc, 0x68, 0xff, 0xff, 0xff, 0x00, 0xff, 0xff, 0xff, 0x00, 0xff, 0xff,
0xff, 0x00, 0xff, 0xff, 0xff, 0x00, 0xff, 0xff, 0xff, 0x00, 0xff, 0xff, 0xff, 0x00, 0xff,
0xff, 0xff, 0x00, 0xff, 0xff, 0xff, 0x00, 0xff, 0xff, 0xff, 0x00, 0xff, 0xff, 0xff, 0x00,
0xff, 0xff, 0xff, 0x00, 0xff, 0xff, 0xff, 0x00, 0xff, 0xff, 0xff, 0x00, 0xff, 0xff, 0xff,
0x00, 0xff, 0xff, 0xff, 0x00, 0xff, 0xff, 0xff, 0x00, 0xff, 0xff, 0xff, 0x00, 0xeb, 0x76,
0xc3, 0xae, 0xea, 0x75, 0xc3, 0xff, 0xea, 0x75, 0xc3, 0xff, 0xea, 0x75, 0xc3, 0xff, 0xea,
0x75, 0xc3, 0xff, 0xea, 0x75, 0xc3, 0xff, 0xea, 0x75, 0xc3, 0xff, 0xea, 0x75, 0xc3, 0xff,
0xea, 0x75, 0xc3, 0xff, 0xea, 0x75, 0xc3, 0xff, 0xea, 0x75, 0xc3, 0xff, 0xea, 0x75, 0xc3,
0xff, 0xea, 0x75, 0xc3, 0xff, 0xea, 0x75, 0xc3, 0xff, 0xea, 0x75, 0xc3, 0xff, 0xea, 0x75,
0xc3, 0xff, 0xea, 0x75, 0xc3, 0xff, 0xea, 0x75, 0xc3, 0xff, 0xea, 0x75, 0xc3, 0xff, 0xea,
0x75, 0xc3, 0xff, 0xea, 0x75, 0xc3, 0xff, 0xea, 0x75, 0xc3, 0xff, 0xea, 0x75, 0xc3, 0xff,
0xea, 0x75, 0xc3, 0xff, 0xea, 0x75, 0xc3, 0xff, 0xea, 0x75, 0xc3, 0xff, 0xe9, 0x6e, 0xc0,
0xff, 0xf2, 0xa7, 0xd9, 0xff, 0xff, 0xff, 0xff, 0xff, 0xff, 0xff, 0xff, 0xff, 0xff, 0xff,
0xff, 0xff, 0xff, 0xff, 0xff, 0xff, 0xff, 0xff, 0xff, 0xff, 0xff, 0xff, 0xff, 0xff, 0xfd,
0xf3, 0xfa, 0xff, 0xeb, 0x7e, 0xc7, 0xff, 0xea, 0x73, 0xc2, 0xff, 0xea, 0x75, 0xc3, 0xff,
0xea, 0x75, 0xc3, 0xff, 0xea, 0x75, 0xc3, 0xff, 0xea, 0x75, 0xc3, 0xff, 0xea, 0x75, 0xc3,
0xff, 0xea, 0x75, 0xc3, 0xff, 0xee, 0x8e, 0xce, 0xff, 0xef, 0x94, 0xd0, 0xff, 0xee, 0x91,
0xcf, 0xff, 0xee, 0x91, 0xcf, 0xff, 0xee, 0x91, 0xcf, 0xff, 0xee, 0x8c, 0xce, 0xff, 0xfa,
0xdd, 0xf1, 0xff, 0xff, 0xff, 0xff, 0xff, 0xff, 0xff, 0xff, 0xff, 0xff, 0xff, 0xff, 0xff,
0xff, 0xff, 0xff, 0xff, 0xff, 0xff, 0xff, 0xff, 0xff, 0xff, 0xff, 0xff, 0xff, 0xff, 0xff,
0xff, 0xff, 0xff, 0xff, 0xff, 0xff, 0xff, 0xff, 0xff, 0xff, 0xff, 0xff, 0xff, 0xff, 0xff,
0xff, 0xff, 0xfc, 0xeb, 0xf6, 0xff, 0xee, 0x92, 0xcf, 0xff, 0xee, 0x91, 0xcf, 0xff, 0xee,
0x91, 0xcf, 0xff, 0xee, 0x91, 0xcf, 0xff, 0xef, 0x93, 0xd0, 0xff, 0xef, 0x92, 0xd0, 0xff,
0xea, 0x76, 0xc4, 0xff, 0xea, 0x75, 0xc3, 0xff, 0xea, 0x75, 0xc3, 0xff, 0xea, 0x75, 0xc3,
0xff, 0xea, 0x75, 0xc3, 0xff, 0xea, 0x75, 0xc3, 0xff, 0xea, 0x73, 0xc2, 0xff, 0xeb, 0x7c,
0xc6, 0xff, 0xfd, 0xf1, 0xf9, 0xff, 0xff, 0xff, 0xff, 0xff, 0xff, 0xff, 0xff, 0xff, 0xff,
0xff, 0xff, 0xff, 0xff, 0xff, 0xff, 0xff, 0xff, 0xff, 0xff, 0xff, 0xff, 0xff, 0xff, 0xff,
0xf7, 0xc8, 0xe7, 0xff, 0xe9, 0x6e, 0xc0, 0xff, 0xea, 0x75, 0xc3, 0xff, 0xea, 0x75, 0xc3,
0xff, 0xea, 0x75, 0xc3, 0xff, 0xea, 0x75, 0xc3, 0xff, 0xea, 0x75, 0xc3, 0xff, 0xea, 0x75,
0xc3, 0xff, 0xea, 0x75, 0xc3, 0xff, 0xea, 0x75, 0xc3, 0xff, 0xea, 0x75, 0xc3, 0xff, 0xea,
0x75, 0xc3, 0xff, 0xea, 0x75, 0xc3, 0xff, 0xea, 0x75, 0xc3, 0xff, 0xea, 0x75, 0xc3, 0xff,
0xea, 0x75, 0xc3, 0xff, 0xea, 0x75, 0xc3, 0xff, 0xea, 0x75, 0xc3, 0xff, 0xea, 0x75, 0xc3,
0xff, 0xea, 0x75, 0xc3, 0xff, 0xea, 0x75, 0xc3, 0xff, 0xea, 0x75, 0xc3, 0xff, 0xea, 0x75,
0xc3, 0xff, 0xea, 0x75, 0xc3, 0xff, 0xea, 0x75, 0xc3, 0xff, 0xea, 0x75, 0xc3, 0xff, 0xeb,
0x76, 0xc3, 0xff, 0xe4, 0x6f, 0xbf, 0x95, 0xff, 0xff, 0xff, 0x00, 0xff, 0xff, 0xff, 0x00,
0xff, 0xff, 0xff, 0x00, 0xff, 0xff, 0xff, 0x00, 0xff, 0xff, 0xff, 0x00, 0xff, 0xff, 0xff,
0x00, 0xff, 0xff, 0xff, 0x00, 0xff, 0xff, 0xff, 0x00, 0xff, 0xff, 0xff, 0x00, 0xff, 0xff,
0xff, 0x00, 0xff, 0xff, 0xff, 0x00, 0xff, 0xff, 0xff, 0x00, 0xff, 0xff, 0xff, 0x00, 0xff,
0xff, 0xff, 0x00, 0xff, 0xff, 0xff, 0x00, 0xff, 0xff, 0xff, 0x00, 0xff, 0xff, 0xff, 0x00,
0xe9, 0x74, 0xc2, 0xc6, 0xea, 0x75, 0xc3, 0xff, 0xea, 0x75, 0xc3, 0xff, 0xea, 0x75, 0xc3,
0xff, 0xea, 0x75, 0xc3, 0xff, 0xea, 0x75, 0xc3, 0xff, 0xea, 0x75, 0xc3, 0xff, 0xea, 0x75,
0xc3, 0xff, 0xea, 0x75, 0xc3, 0xff, 0xea, 0x75, 0xc3, 0xff, 0xea, 0x75, 0xc3, 0xff, 0xea,
0x75, 0xc3, 0xff, 0xea, 0x75, 0xc3, 0xff, 0xea, 0x75, 0xc3, 0xff, 0xea, 0x75, 0xc3, 0xff,
0xea, 0x75, 0xc3, 0xff, 0xea, 0x75, 0xc3, 0xff, 0xea, 0x75, 0xc3, 0xff, 0xea, 0x75, 0xc3,
0xff, 0xea, 0x75, 0xc3, 0xff, 0xea, 0x75, 0xc3, 0xff, 0xea, 0x75, 0xc3, 0xff, 0xea, 0x75,
0xc3, 0xff, 0xea, 0x75, 0xc3, 0xff, 0xea, 0x75, 0xc3, 0xff, 0xea, 0x75, 0xc3, 0xff, 0xe9,
0x6e, 0xc0, 0xff, 0xf2, 0xa7, 0xd9, 0xff, 0xff, 0xff, 0xff, 0xff, 0xff, 0xff, 0xff, 0xff,
0xff, 0xff, 0xff, 0xff, 0xff, 0xff, 0xff, 0xff, 0xff, 0xff, 0xff, 0xff, 0xff, 0xff, 0xff,
0xff, 0xfd, 0xf3, 0xfa, 0xff, 0xeb, 0x7e, 0xc7, 0xff, 0xea, 0x73, 0xc2, 0xff, 0xea, 0x75,
0xc3, 0xff, 0xea, 0x75, 0xc3, 0xff, 0xea, 0x75, 0xc3, 0xff, 0xea, 0x75, 0xc3, 0xff, 0xea,
0x75, 0xc3, 0xff, 0xea, 0x75, 0xc3, 0xff, 0xe9, 0x71, 0xc1, 0xff, 0xe9, 0x70, 0xc1, 0xff,
0xe9, 0x70, 0xc1, 0xff, 0xe9, 0x70, 0xc1, 0xff, 0xe9, 0x70, 0xc1, 0xff, 0xe8, 0x69, 0xbf,
0xff, 0xf9, 0xd2, 0xec, 0xff, 0xff, 0xff, 0xff, 0xff, 0xff, 0xff, 0xff, 0xff, 0xff, 0xff,
0xff, 0xff, 0xff, 0xff, 0xff, 0xff, 0xff, 0xff, 0xff, 0xff, 0xff, 0xff, 0xff, 0xff, 0xff,
0xff, 0xff, 0xff, 0xff, 0xff, 0xff, 0xff, 0xff, 0xff, 0xff, 0xff, 0xff, 0xff, 0xff, 0xff,
0xff, 0xff, 0xff, 0xff, 0xfb, 0xe5, 0xf4, 0xff, 0xe9, 0x71, 0xc1, 0xff, 0xe9, 0x6f, 0xc0,
0xff, 0xe9, 0x70, 0xc1, 0xff, 0xe9, 0x70, 0xc1, 0xff, 0xe9, 0x70, 0xc1, 0xff, 0xe9, 0x71,
0xc1, 0xff, 0xea, 0x75, 0xc3, 0xff, 0xea, 0x75, 0xc3, 0xff, 0xea, 0x75, 0xc3, 0xff, 0xea,
0x75, 0xc3, 0xff, 0xea, 0x75, 0xc3, 0xff, 0xea, 0x75, 0xc3, 0xff, 0xea, 0x73, 0xc2, 0xff,
0xeb, 0x7c, 0xc6, 0xff, 0xfd, 0xf1, 0xf9, 0xff, 0xff, 0xff, 0xff, 0xff, 0xff, 0xff, 0xff,
0xff, 0xff, 0xff, 0xff, 0xff, 0xff, 0xff, 0xff, 0xff, 0xff, 0xff, 0xff, 0xff, 0xff, 0xff,
0xff, 0xff, 0xf7, 0xc8, 0xe7, 0xff, 0xe9, 0x6e, 0xc0, 0xff, 0xea, 0x75, 0xc3, 0xff, 0xea,
0x75, 0xc3, 0xff, 0xea, 0x75, 0xc3, 0xff, 0xea, 0x75, 0xc3, 0xff, 0xea, 0x75, 0xc3, 0xff,
0xea, 0x75, 0xc3, 0xff, 0xea, 0x75, 0xc3, 0xff, 0xea, 0x75, 0xc3, 0xff, 0xea, 0x75, 0xc3,
0xff, 0xea, 0x75, 0xc3, 0xff, 0xea, 0x75, 0xc3, 0xff, 0xea, 0x75, 0xc3, 0xff, 0xea, 0x75,
0xc3, 0xff, 0xea, 0x75, 0xc3, 0xff, 0xea, 0x75, 0xc3, 0xff, 0xea, 0x75, 0xc3, 0xff, 0xea,
0x75, 0xc3, 0xff, 0xea, 0x75, 0xc3, 0xff, 0xea, 0x75, 0xc3, 0xff, 0xea, 0x75, 0xc3, 0xff,
0xea, 0x75, 0xc3, 0xff, 0xea, 0x75, 0xc3, 0xff, 0xea, 0x75, 0xc3, 0xff, 0xea, 0x75, 0xc3,
0xff, 0xea, 0x75, 0xc4, 0xff, 0xe7, 0x74, 0xbe, 0xb9, 0xff, 0xff, 0xff, 0x00, 0xff, 0xff,
0xff, 0x00, 0xff, 0xff, 0xff, 0x00, 0xff, 0xff, 0xff, 0x00, 0xff, 0xff, 0xff, 0x00, 0xff,
0xff, 0xff, 0x00, 0xff, 0xff, 0xff, 0x00, 0xff, 0xff, 0xff, 0x00, 0xff, 0xff, 0xff, 0x00,
0xff, 0xff, 0xff, 0x00, 0xff, 0xff, 0xff, 0x00, 0xff, 0xff, 0xff, 0x00, 0xff, 0xff, 0xff,
0x00, 0xff, 0xff, 0xff, 0x00, 0xff, 0xff, 0xff, 0x00, 0xff, 0xff, 0xff, 0x00, 0xff, 0xff,
0xff, 0x00, 0xea, 0x75, 0xc3, 0xd3, 0xea, 0x75, 0xc3, 0xff, 0xea, 0x75, 0xc3, 0xff, 0xea,
0x75, 0xc3, 0xff, 0xea, 0x75, 0xc3, 0xff, 0xea, 0x75, 0xc3, 0xff, 0xea, 0x75, 0xc3, 0xff,
0xea, 0x75, 0xc3, 0xff, 0xea, 0x75, 0xc3, 0xff, 0xea, 0x75, 0xc3, 0xff, 0xea, 0x75, 0xc3,
0xff, 0xea, 0x75, 0xc3, 0xff, 0xea, 0x75, 0xc3, 0xff, 0xea, 0x75, 0xc3, 0xff, 0xea, 0x75,
0xc3, 0xff, 0xea, 0x75, 0xc3, 0xff, 0xea, 0x75, 0xc3, 0xff, 0xea, 0x75, 0xc3, 0xff, 0xea,
0x75, 0xc3, 0xff, 0xea, 0x75, 0xc3, 0xff, 0xea, 0x75, 0xc3, 0xff, 0xea, 0x75, 0xc3, 0xff,
0xea, 0x75, 0xc3, 0xff, 0xea, 0x75, 0xc3, 0xff, 0xea, 0x75, 0xc3, 0xff, 0xea, 0x75, 0xc3,
0xff, 0xe9, 0x6e, 0xc0, 0xff, 0xf2, 0xa7, 0xd9, 0xff, 0xff, 0xff, 0xff, 0xff, 0xff, 0xff,
0xff, 0xff, 0xff, 0xff, 0xff, 0xff, 0xff, 0xff, 0xff, 0xff, 0xff, 0xff, 0xff, 0xff, 0xff,
0xff, 0xff, 0xff, 0xfd, 0xf3, 0xfa, 0xff, 0xeb, 0x7e, 0xc7, 0xff, 0xea, 0x73, 0xc2, 0xff,
0xea, 0x75, 0xc3, 0xff, 0xea, 0x75, 0xc3, 0xff, 0xea, 0x75, 0xc3, 0xff, 0xea, 0x75, 0xc3,
0xff, 0xea, 0x75, 0xc3, 0xff, 0xea, 0x75, 0xc3, 0xff, 0xea, 0x75, 0xc3, 0xff, 0xea, 0x75,
0xc3, 0xff, 0xea, 0x75, 0xc3, 0xff, 0xea, 0x75, 0xc3, 0xff, 0xea, 0x75, 0xc3, 0xff, 0xe9,
0x6f, 0xc1, 0xff, 0xf9, 0xd4, 0xed, 0xff, 0xff, 0xff, 0xff, 0xff, 0xff, 0xff, 0xff, 0xff,
0xff, 0xff, 0xff, 0xff, 0xff, 0xff, 0xff, 0xff, 0xff, 0xff, 0xff, 0xff, 0xff, 0xff, 0xff,
0xff, 0xff, 0xff, 0xff, 0xff, 0xff, 0xff, 0xff, 0xff, 0xff, 0xff, 0xff, 0xff, 0xff, 0xff,
0xff, 0xff, 0xff, 0xff, 0xff, 0xff, 0xfb, 0xe6, 0xf4, 0xff, 0xea, 0x76, 0xc3, 0xff, 0xea,
0x74, 0xc2, 0xff, 0xea, 0x75, 0xc3, 0xff, 0xea, 0x75, 0xc3, 0xff, 0xea, 0x75, 0xc3, 0xff,
0xea, 0x75, 0xc3, 0xff, 0xea, 0x75, 0xc3, 0xff, 0xea, 0x75, 0xc3, 0xff, 0xea, 0x75, 0xc3,
0xff, 0xea, 0x75, 0xc3, 0xff, 0xea, 0x75, 0xc3, 0xff, 0xea, 0x75, 0xc3, 0xff, 0xea, 0x73,
0xc2, 0xff, 0xeb, 0x7c, 0xc6, 0xff, 0xfd, 0xf1, 0xf9, 0xff, 0xff, 0xff, 0xff, 0xff, 0xff,
0xff, 0xff, 0xff, 0xff, 0xff, 0xff, 0xff, 0xff, 0xff, 0xff, 0xff, 0xff, 0xff, 0xff, 0xff,
0xff, 0xff, 0xff, 0xff, 0xf7, 0xc8, 0xe7, 0xff, 0xe9, 0x6e, 0xc0, 0xff, 0xea, 0x75, 0xc3,
0xff, 0xea, 0x75, 0xc3, 0xff, 0xea, 0x75, 0xc3, 0xff, 0xea, 0x75, 0xc3, 0xff, 0xea, 0x75,
0xc3, 0xff, 0xea, 0x75, 0xc3, 0xff, 0xea, 0x75, 0xc3, 0xff, 0xea, 0x75, 0xc3, 0xff, 0xea,
0x75, 0xc3, 0xff, 0xea, 0x75, 0xc3, 0xff, 0xea, 0x75, 0xc3, 0xff, 0xea, 0x75, 0xc3, 0xff,
0xea, 0x75, 0xc3, 0xff, 0xea, 0x75, 0xc3, 0xff, 0xea, 0x75, 0xc3, 0xff, 0xea, 0x75, 0xc3,
0xff, 0xea, 0x75, 0xc3, 0xff, 0xea, 0x75, 0xc3, 0xff, 0xea, 0x75, 0xc3, 0xff, 0xea, 0x75,
0xc3, 0xff, 0xea, 0x75, 0xc3, 0xff, 0xea, 0x75, 0xc3, 0xff, 0xea, 0x75, 0xc3, 0xff, 0xea,
0x75, 0xc3, 0xff, 0xea, 0x75, 0xc3, 0xff, 0xeb, 0x75, 0xc4, 0xc9, 0xff, 0xff, 0xff, 0x00,
0xff, 0xff, 0xff, 0x00, 0xff, 0xff, 0xff, 0x00, 0xff, 0xff, 0xff, 0x00, 0xff, 0xff, 0xff,
0x00, 0xff, 0xff, 0xff, 0x00, 0xff, 0xff, 0xff, 0x00, 0xff, 0xff, 0xff, 0x00, 0xff, 0xff,
0xff, 0x00, 0xff, 0xff, 0xff, 0x00, 0xff, 0xff, 0xff, 0x00, 0xff, 0xff, 0xff, 0x00, 0xff,
0xff, 0xff, 0x00, 0xff, 0xff, 0xff, 0x00, 0xff, 0xff, 0xff, 0x00, 0xff, 0xff, 0xff, 0x00,
0xff, 0xff, 0xff, 0x00, 0xea, 0x75, 0xc3, 0xdb, 0xea, 0x75, 0xc3, 0xff, 0xea, 0x75, 0xc3,
0xff, 0xea, 0x75, 0xc3, 0xff, 0xea, 0x75, 0xc3, 0xff, 0xea, 0x75, 0xc3, 0xff, 0xea, 0x75,
0xc3, 0xff, 0xea, 0x75, 0xc3, 0xff, 0xea, 0x75, 0xc3, 0xff, 0xea, 0x75, 0xc3, 0xff, 0xea,
0x75, 0xc3, 0xff, 0xea, 0x75, 0xc3, 0xff, 0xea, 0x75, 0xc3, 0xff, 0xea, 0x75, 0xc3, 0xff,
0xea, 0x75, 0xc3, 0xff, 0xea, 0x75, 0xc3, 0xff, 0xea, 0x75, 0xc3, 0xff, 0xea, 0x75, 0xc3,
0xff, 0xea, 0x75, 0xc3, 0xff, 0xea, 0x75, 0xc3, 0xff, 0xea, 0x75, 0xc3, 0xff, 0xea, 0x75,
0xc3, 0xff, 0xea, 0x75, 0xc3, 0xff, 0xea, 0x75, 0xc3, 0xff, 0xea, 0x75, 0xc3, 0xff, 0xea,
0x75, 0xc3, 0xff, 0xe9, 0x6e, 0xc0, 0xff, 0xf2, 0xa7, 0xd9, 0xff, 0xff, 0xff, 0xff, 0xff,
0xff, 0xff, 0xff, 0xff, 0xff, 0xff, 0xff, 0xff, 0xff, 0xff, 0xff, 0xff, 0xff, 0xff, 0xff,
0xff, 0xff, 0xff, 0xff, 0xff, 0xfd, 0xf3, 0xfa, 0xff, 0xeb, 0x7e, 0xc7, 0xff, 0xea, 0x73,
0xc2, 0xff, 0xea, 0x75, 0xc3, 0xff, 0xea, 0x75, 0xc3, 0xff, 0xea, 0x75, 0xc3, 0xff, 0xea,
0x75, 0xc3, 0xff, 0xea, 0x75, 0xc3, 0xff, 0xea, 0x75, 0xc3, 0xff, 0xea, 0x75, 0xc3, 0xff,
0xea, 0x75, 0xc3, 0xff, 0xea, 0x75, 0xc3, 0xff, 0xea, 0x75, 0xc3, 0xff, 0xea, 0x75, 0xc3,
0xff, 0xe9, 0x6f, 0xc1, 0xff, 0xf9, 0xd4, 0xed, 0xff, 0xff, 0xff, 0xff, 0xff, 0xff, 0xff,
0xff, 0xff, 0xff, 0xff, 0xff, 0xff, 0xff, 0xff, 0xff, 0xff, 0xff, 0xff, 0xff, 0xff, 0xff,
0xff, 0xff, 0xff, 0xff, 0xff, 0xff, 0xff, 0xff, 0xff, 0xff, 0xff, 0xff, 0xff, 0xff, 0xff,
0xff, 0xff, 0xff, 0xff, 0xff, 0xff, 0xff, 0xff, 0xfb, 0xe6, 0xf4, 0xff, 0xea, 0x76, 0xc3,
0xff, 0xea, 0x74, 0xc2, 0xff, 0xea, 0x75, 0xc3, 0xff, 0xea, 0x75, 0xc3, 0xff, 0xea, 0x75,
0xc3, 0xff, 0xea, 0x75, 0xc3, 0xff, 0xea, 0x75, 0xc3, 0xff, 0xea, 0x75, 0xc3, 0xff, 0xea,
0x75, 0xc3, 0xff, 0xea, 0x75, 0xc3, 0xff, 0xea, 0x75, 0xc3, 0xff, 0xea, 0x75, 0xc3, 0xff,
0xea, 0x73, 0xc2, 0xff, 0xeb, 0x7c, 0xc6, 0xff, 0xfd, 0xf1, 0xf9, 0xff, 0xff, 0xff, 0xff,
0xff, 0xff, 0xff, 0xff, 0xff, 0xff, 0xff, 0xff, 0xff, 0xff, 0xff, 0xff, 0xff, 0xff, 0xff,
0xff, 0xff, 0xff, 0xff, 0xff, 0xff, 0xf7, 0xc8, 0xe7, 0xff, 0xe9, 0x6e, 0xc0, 0xff, 0xea,
0x75, 0xc3, 0xff, 0xea, 0x75, 0xc3, 0xff, 0xea, 0x75, 0xc3, 0xff, 0xea, 0x75, 0xc3, 0xff,
0xea, 0x75, 0xc3, 0xff, 0xea, 0x75, 0xc3, 0xff, 0xea, 0x75, 0xc3, 0xff, 0xea, 0x75, 0xc3,
0xff, 0xea, 0x75, 0xc3, 0xff, 0xea, 0x75, 0xc3, 0xff, 0xea, 0x75, 0xc3, 0xff, 0xea, 0x75,
0xc3, 0xff, 0xea, 0x75, 0xc3, 0xff, 0xea, 0x75, 0xc3, 0xff, 0xea, 0x75, 0xc3, 0xff, 0xea,
0x75, 0xc3, 0xff, 0xea, 0x75, 0xc3, 0xff, 0xea, 0x75, 0xc3, 0xff, 0xea, 0x75, 0xc3, 0xff,
0xea, 0x75, 0xc3, 0xff, 0xea, 0x75, 0xc3, 0xff, 0xea, 0x75, 0xc3, 0xff, 0xea, 0x75, 0xc3,
0xff, 0xea, 0x75, 0xc3, 0xff, 0xec, 0x76, 0xc5, 0xff, 0xe0, 0x70, 0xba, 0xd3, 0xff, 0xff,
0xff, 0x00, 0xff, 0xff, 0xff, 0x00, 0xff, 0xff, 0xff, 0x00, 0xff, 0xff, 0xff, 0x00, 0xff,
0xff, 0xff, 0x00, 0xff, 0xff, 0xff, 0x00, 0xff, 0xff, 0xff, 0x00, 0xff, 0xff, 0xff, 0x00,
0xff, 0xff, 0xff, 0x00, 0xff, 0xff, 0xff, 0x00, 0xff, 0xff, 0xff, 0x00, 0xff, 0xff, 0xff,
0x00, 0xff, 0xff, 0xff, 0x00, 0xff, 0xff, 0xff, 0x00, 0xff, 0xff, 0xff, 0x00, 0xff, 0xff,
0xff, 0x00, 0xff, 0xff, 0xff, 0x00, 0xea, 0x75, 0xc3, 0xdc, 0xea, 0x75, 0xc3, 0xff, 0xea,
0x75, 0xc3, 0xff, 0xea, 0x75, 0xc3, 0xff, 0xea, 0x75, 0xc3, 0xff, 0xea, 0x75, 0xc3, 0xff,
0xea, 0x75, 0xc3, 0xff, 0xea, 0x75, 0xc3, 0xff, 0xea, 0x75, 0xc3, 0xff, 0xea, 0x75, 0xc3,
0xff, 0xea, 0x75, 0xc3, 0xff, 0xea, 0x75, 0xc3, 0xff, 0xea, 0x75, 0xc3, 0xff, 0xea, 0x75,
0xc3, 0xff, 0xea, 0x75, 0xc3, 0xff, 0xea, 0x75, 0xc3, 0xff, 0xea, 0x75, 0xc3, 0xff, 0xea,
0x75, 0xc3, 0xff, 0xea, 0x75, 0xc3, 0xff, 0xea, 0x75, 0xc3, 0xff, 0xea, 0x75, 0xc3, 0xff,
0xea, 0x75, 0xc3, 0xff, 0xea, 0x75, 0xc3, 0xff, 0xea, 0x75, 0xc3, 0xff, 0xea, 0x75, 0xc3,
0xff, 0xea, 0x75, 0xc3, 0xff, 0xe9, 0x6e, 0xc0, 0xff, 0xf2, 0xa7, 0xd9, 0xff, 0xff, 0xff,
0xff, 0xff, 0xff, 0xff, 0xff, 0xff, 0xff, 0xff, 0xff, 0xff, 0xff, 0xff, 0xff, 0xff, 0xff,
0xff, 0xff, 0xff, 0xff, 0xff, 0xff, 0xff, 0xfd, 0xf3, 0xfa, 0xff, 0xeb, 0x7e, 0xc7, 0xff,
0xea, 0x73, 0xc2, 0xff, 0xea, 0x75, 0xc3, 0xff, 0xea, 0x75, 0xc3, 0xff, 0xea, 0x75, 0xc3,
0xff, 0xea, 0x75, 0xc3, 0xff, 0xea, 0x75, 0xc3, 0xff, 0xea, 0x75, 0xc3, 0xff, 0xea, 0x75,
0xc3, 0xff, 0xea, 0x75, 0xc3, 0xff, 0xea, 0x75, 0xc3, 0xff, 0xea, 0x75, 0xc3, 0xff, 0xea,
0x75, 0xc3, 0xff, 0xe9, 0x6f, 0xc1, 0xff, 0xf9, 0xd4, 0xed, 0xff, 0xff, 0xff, 0xff, 0xff,
0xff, 0xff, 0xff, 0xff, 0xff, 0xff, 0xff, 0xff, 0xff, 0xff, 0xff, 0xff, 0xff, 0xff, 0xff,
0xff, 0xff, 0xff, 0xff, 0xff, 0xff, 0xff, 0xff, 0xff, 0xff, 0xff, 0xff, 0xff, 0xff, 0xff,
0xff, 0xff, 0xff, 0xff, 0xff, 0xff, 0xff, 0xff, 0xff, 0xff, 0xfb, 0xe6, 0xf4, 0xff, 0xea,
0x76, 0xc3, 0xff, 0xea, 0x74, 0xc2, 0xff, 0xea, 0x75, 0xc3, 0xff, 0xea, 0x75, 0xc3, 0xff,
0xea, 0x75, 0xc3, 0xff, 0xea, 0x75, 0xc3, 0xff, 0xea, 0x75, 0xc3, 0xff, 0xea, 0x75, 0xc3,
0xff, 0xea, 0x75, 0xc3, 0xff, 0xea, 0x75, 0xc3, 0xff, 0xea, 0x75, 0xc3, 0xff, 0xea, 0x75,
0xc3, 0xff, 0xea, 0x73, 0xc2, 0xff, 0xeb, 0x7c, 0xc6, 0xff, 0xfd, 0xf1, 0xf9, 0xff, 0xff,
0xff, 0xff, 0xff, 0xff, 0xff, 0xff, 0xff, 0xff, 0xff, 0xff, 0xff, 0xff, 0xff, 0xff, 0xff,
0xff, 0xff, 0xff, 0xff, 0xff, 0xff, 0xff, 0xff, 0xf7, 0xc8, 0xe7, 0xff, 0xe9, 0x6e, 0xc0,
0xff, 0xea, 0x75, 0xc3, 0xff, 0xea, 0x75, 0xc3, 0xff, 0xea, 0x75, 0xc3, 0xff, 0xea, 0x75,
0xc3, 0xff, 0xea, 0x75, 0xc3, 0xff, 0xea, 0x75, 0xc3, 0xff, 0xea, 0x75, 0xc3, 0xff, 0xea,
0x75, 0xc3, 0xff, 0xea, 0x75, 0xc3, 0xff, 0xea, 0x75, 0xc3, 0xff, 0xea, 0x75, 0xc3, 0xff,
0xea, 0x75, 0xc3, 0xff, 0xea, 0x75, 0xc3, 0xff, 0xea, 0x75, 0xc3, 0xff, 0xea, 0x75, 0xc3,
0xff, 0xea, 0x75, 0xc3, 0xff, 0xea, 0x75, 0xc3, 0xff, 0xea, 0x75, 0xc3, 0xff, 0xea, 0x75,
0xc3, 0xff, 0xea, 0x75, 0xc3, 0xff, 0xea, 0x75, 0xc3, 0xff, 0xea, 0x75, 0xc3, 0xff, 0xea,
0x75, 0xc3, 0xff, 0xea, 0x75, 0xc3, 0xff, 0xea, 0x75, 0xc3, 0xff, 0xe7, 0x74, 0xc1, 0xdb,
0xff, 0xff, 0xff, 0x00, 0xff, 0xff, 0xff, 0x00, 0xff, 0xff, 0xff, 0x00, 0xff, 0xff, 0xff,
0x00, 0xff, 0xff, 0xff, 0x00, 0xff, 0xff, 0xff, 0x00, 0xff, 0xff, 0xff, 0x00, 0xff, 0xff,
0xff, 0x00, 0xff, 0xff, 0xff, 0x00, 0xff, 0xff, 0xff, 0x00, 0xff, 0xff, 0xff, 0x00, 0xff,
0xff, 0xff, 0x00, 0xff, 0xff, 0xff, 0x00, 0xff, 0xff, 0xff, 0x00, 0xff, 0xff, 0xff, 0x00,
0xff, 0xff, 0xff, 0x00, 0xff, 0xff, 0xff, 0x00, 0xea, 0x75, 0xc3, 0xdc, 0xea, 0x75, 0xc3,
0xff, 0xea, 0x75, 0xc3, 0xff, 0xea, 0x75, 0xc3, 0xff, 0xea, 0x75, 0xc3, 0xff, 0xea, 0x75,
0xc3, 0xff, 0xea, 0x75, 0xc3, 0xff, 0xea, 0x75, 0xc3, 0xff, 0xea, 0x75, 0xc3, 0xff, 0xea,
0x75, 0xc3, 0xff, 0xea, 0x75, 0xc3, 0xff, 0xea, 0x75, 0xc3, 0xff, 0xea, 0x75, 0xc3, 0xff,
0xea, 0x75, 0xc3, 0xff, 0xea, 0x75, 0xc3, 0xff, 0xea, 0x75, 0xc3, 0xff, 0xea, 0x75, 0xc3,
0xff, 0xea, 0x75, 0xc3, 0xff, 0xea, 0x75, 0xc3, 0xff, 0xea, 0x75, 0xc3, 0xff, 0xea, 0x75,
0xc3, 0xff, 0xea, 0x75, 0xc3, 0xff, 0xea, 0x75, 0xc3, 0xff, 0xea, 0x75, 0xc3, 0xff, 0xea,
0x75, 0xc3, 0xff, 0xea, 0x75, 0xc3, 0xff, 0xe9, 0x6e, 0xc0, 0xff, 0xf2, 0xa7, 0xd9, 0xff,
0xff, 0xff, 0xff, 0xff, 0xff, 0xff, 0xff, 0xff, 0xff, 0xff, 0xff, 0xff, 0xff, 0xff, 0xff,
0xff, 0xff, 0xff, 0xff, 0xff, 0xff, 0xff, 0xff, 0xff, 0xfd, 0xf3, 0xfa, 0xff, 0xeb, 0x7e,
0xc7, 0xff, 0xea, 0x73, 0xc2, 0xff, 0xea, 0x75, 0xc3, 0xff, 0xea, 0x75, 0xc3, 0xff, 0xea,
0x75, 0xc3, 0xff, 0xea, 0x75, 0xc3, 0xff, 0xea, 0x75, 0xc3, 0xff, 0xea, 0x75, 0xc3, 0xff,
0xea, 0x75, 0xc3, 0xff, 0xea, 0x75, 0xc3, 0xff, 0xea, 0x75, 0xc3, 0xff, 0xea, 0x75, 0xc3,
0xff, 0xea, 0x75, 0xc3, 0xff, 0xe9, 0x6f, 0xc1, 0xff, 0xf9, 0xd4, 0xed, 0xff, 0xff, 0xff,
0xff, 0xff, 0xff, 0xff, 0xff, 0xff, 0xff, 0xff, 0xff, 0xff, 0xff, 0xff, 0xff, 0xff, 0xff,
0xff, 0xff, 0xff, 0xff, 0xff, 0xff, 0xff, 0xff, 0xff, 0xff, 0xff, 0xff, 0xff, 0xff, 0xff,
0xff, 0xff, 0xff, 0xff, 0xff, 0xff, 0xff, 0xff, 0xff, 0xff, 0xff, 0xff, 0xfb, 0xe6, 0xf4,
0xff, 0xea, 0x76, 0xc3, 0xff, 0xea, 0x74, 0xc2, 0xff, 0xea, 0x75, 0xc3, 0xff, 0xea, 0x75,
0xc3, 0xff, 0xea, 0x75, 0xc3, 0xff, 0xea, 0x75, 0xc3, 0xff, 0xea, 0x75, 0xc3, 0xff, 0xea,
0x75, 0xc3, 0xff, 0xea, 0x75, 0xc3, 0xff, 0xea, 0x75, 0xc3, 0xff, 0xea, 0x75, 0xc3, 0xff,
0xea, 0x75, 0xc3, 0xff, 0xea, 0x73, 0xc2, 0xff, 0xeb, 0x7c, 0xc6, 0xff, 0xfd, 0xf1, 0xf9,
0xff, 0xff, 0xff, 0xff, 0xff, 0xff, 0xff, 0xff, 0xff, 0xff, 0xff, 0xff, 0xff, 0xff, 0xff,
0xff, 0xff, 0xff, 0xff, 0xff, 0xff, 0xff, 0xff, 0xff, 0xff, 0xf7, 0xc8, 0xe7, 0xff, 0xe9,
0x6e, 0xc0, 0xff, 0xea, 0x75, 0xc3, 0xff, 0xea, 0x75, 0xc3, 0xff, 0xea, 0x75, 0xc3, 0xff,
0xea, 0x75, 0xc3, 0xff, 0xea, 0x75, 0xc3, 0xff, 0xea, 0x75, 0xc3, 0xff, 0xea, 0x75, 0xc3,
0xff, 0xea, 0x75, 0xc3, 0xff, 0xea, 0x75, 0xc3, 0xff, 0xea, 0x75, 0xc3, 0xff, 0xea, 0x75,
0xc3, 0xff, 0xea, 0x75, 0xc3, 0xff, 0xea, 0x75, 0xc3, 0xff, 0xea, 0x75, 0xc3, 0xff, 0xea,
0x75, 0xc3, 0xff, 0xea, 0x75, 0xc3, 0xff, 0xea, 0x75, 0xc3, 0xff, 0xea, 0x75, 0xc3, 0xff,
0xea, 0x75, 0xc3, 0xff, 0xea, 0x75, 0xc3, 0xff, 0xea, 0x75, 0xc3, 0xff, 0xea, 0x75, 0xc3,
0xff, 0xea, 0x75, 0xc3, 0xff, 0xea, 0x75, 0xc3, 0xff, 0xea, 0x75, 0xc3, 0xff, 0xea, 0x75,
0xc3, 0xe0, 0xff, 0xff, 0xff, 0x00, 0xff, 0xff, 0xff, 0x00, 0xff, 0xff, 0xff, 0x00, 0xff,
0xff, 0xff, 0x00, 0xff, 0xff, 0xff, 0x00, 0xff, 0xff, 0xff, 0x00, 0xff, 0xff, 0xff, 0x00,
0xff, 0xff, 0xff, 0x00, 0xff, 0xff, 0xff, 0x00, 0xff, 0xff, 0xff, 0x00, 0xff, 0xff, 0xff,
0x00, 0xff, 0xff, 0xff, 0x00, 0xff, 0xff, 0xff, 0x00, 0xff, 0xff, 0xff, 0x00, 0xff, 0xff,
0xff, 0x00, 0xff, 0xff, 0xff, 0x00, 0xff, 0xff, 0xff, 0x00, 0xea, 0x75, 0xc3, 0xdc, 0xea,
0x75, 0xc3, 0xff, 0xea, 0x75, 0xc3, 0xff, 0xea, 0x75, 0xc3, 0xff, 0xea, 0x75, 0xc3, 0xff,
0xea, 0x75, 0xc3, 0xff, 0xea, 0x75, 0xc3, 0xff, 0xea, 0x75, 0xc3, 0xff, 0xea, 0x75, 0xc3,
0xff, 0xea, 0x75, 0xc3, 0xff, 0xea, 0x75, 0xc3, 0xff, 0xea, 0x75, 0xc3, 0xff, 0xea, 0x75,
0xc3, 0xff, 0xea, 0x75, 0xc3, 0xff, 0xea, 0x75, 0xc3, 0xff, 0xea, 0x75, 0xc3, 0xff, 0xea,
0x75, 0xc3, 0xff, 0xea, 0x75, 0xc3, 0xff, 0xea, 0x75, 0xc3, 0xff, 0xea, 0x75, 0xc3, 0xff,
0xea, 0x75, 0xc3, 0xff, 0xea, 0x75, 0xc3, 0xff, 0xea, 0x75, 0xc3, 0xff, 0xea, 0x75, 0xc3,
0xff, 0xea, 0x75, 0xc3, 0xff, 0xea, 0x75, 0xc3, 0xff, 0xe9, 0x6e, 0xc0, 0xff, 0xf2, 0xa7,
0xd9, 0xff, 0xff, 0xff, 0xff, 0xff, 0xff, 0xff, 0xff, 0xff, 0xff, 0xff, 0xff, 0xff, 0xff,
0xff, 0xff, 0xff, 0xff, 0xff, 0xff, 0xff, 0xff, 0xff, 0xff, 0xff, 0xfd, 0xf3, 0xfa, 0xff,
0xeb, 0x7e, 0xc7, 0xff, 0xea, 0x73, 0xc2, 0xff, 0xea, 0x75, 0xc3, 0xff, 0xea, 0x75, 0xc3,
0xff, 0xea, 0x75, 0xc3, 0xff, 0xea, 0x75, 0xc3, 0xff, 0xea, 0x75, 0xc3, 0xff, 0xea, 0x75,
0xc3, 0xff, 0xea, 0x75, 0xc3, 0xff, 0xea, 0x75, 0xc3, 0xff, 0xea, 0x75, 0xc3, 0xff, 0xea,
0x75, 0xc3, 0xff, 0xea, 0x75, 0xc3, 0xff, 0xe9, 0x6f, 0xc1, 0xff, 0xf9, 0xd4, 0xed, 0xff,
0xff, 0xff, 0xff, 0xff, 0xff, 0xff, 0xff, 0xff, 0xff, 0xff, 0xff, 0xff, 0xff, 0xff, 0xff,
0xff, 0xff, 0xff, 0xff, 0xff, 0xff, 0xff, 0xff, 0xff, 0xff, 0xff, 0xff, 0xff, 0xff, 0xff,
0xff, 0xff, 0xff, 0xff, 0xff, 0xff, 0xff, 0xff, 0xff, 0xff, 0xff, 0xff, 0xff, 0xff, 0xfb,
0xe6, 0xf4, 0xff, 0xea, 0x76, 0xc3, 0xff, 0xea, 0x74, 0xc2, 0xff, 0xea, 0x75, 0xc3, 0xff,
0xea, 0x75, 0xc3, 0xff, 0xea, 0x75, 0xc3, 0xff, 0xea, 0x75, 0xc3, 0xff, 0xea, 0x75, 0xc3,
0xff, 0xea, 0x75, 0xc3, 0xff, 0xea, 0x75, 0xc3, 0xff, 0xea, 0x75, 0xc3, 0xff, 0xea, 0x75,
0xc3, 0xff, 0xea, 0x75, 0xc3, 0xff, 0xea, 0x73, 0xc2, 0xff, 0xeb, 0x7c, 0xc6, 0xff, 0xfd,
0xf1, 0xf9, 0xff, 0xff, 0xff, 0xff, 0xff, 0xff, 0xff, 0xff, 0xff, 0xff, 0xff, 0xff, 0xff,
0xff, 0xff, 0xff, 0xff, 0xff, 0xff, 0xff, 0xff, 0xff, 0xff, 0xff, 0xff, 0xf7, 0xc8, 0xe7,
0xff, 0xe9, 0x6e, 0xc0, 0xff, 0xea, 0x75, 0xc3, 0xff, 0xea, 0x75, 0xc3, 0xff, 0xea, 0x75,
0xc3, 0xff, 0xea, 0x75, 0xc3, 0xff, 0xea, 0x75, 0xc3, 0xff, 0xea, 0x75, 0xc3, 0xff, 0xea,
0x75, 0xc3, 0xff, 0xea, 0x75, 0xc3, 0xff, 0xea, 0x75, 0xc3, 0xff, 0xea, 0x75, 0xc3, 0xff,
0xea, 0x75, 0xc3, 0xff, 0xea, 0x75, 0xc3, 0xff, 0xea, 0x75, 0xc3, 0xff, 0xea, 0x75, 0xc3,
0xff, 0xea, 0x75, 0xc3, 0xff, 0xea, 0x75, 0xc3, 0xff, 0xea, 0x75, 0xc3, 0xff, 0xea, 0x75,
0xc3, 0xff, 0xea, 0x75, 0xc3, 0xff, 0xea, 0x75, 0xc3, 0xff, 0xea, 0x75, 0xc3, 0xff, 0xea,
0x75, 0xc3, 0xff, 0xea, 0x75, 0xc3, 0xff, 0xea, 0x75, 0xc3, 0xff, 0xea, 0x75, 0xc3, 0xff,
0xea, 0x75, 0xc3, 0xe3, 0xff, 0xff, 0xff, 0x00, 0xff, 0xff, 0xff, 0x00, 0xff, 0xff, 0xff,
0x00, 0xff, 0xff, 0xff, 0x00, 0xff, 0xff, 0xff, 0x00, 0xff, 0xff, 0xff, 0x00, 0xff, 0xff,
0xff, 0x00, 0xff, 0xff, 0xff, 0x00, 0xff, 0xff, 0xff, 0x00, 0xff, 0xff, 0xff, 0x00, 0xff,
0xff, 0xff, 0x00, 0xff, 0xff, 0xff, 0x00, 0xff, 0xff, 0xff, 0x00, 0xff, 0xff, 0xff, 0x00,
0xff, 0xff, 0xff, 0x00, 0xff, 0xff, 0xff, 0x00, 0xff, 0xff, 0xff, 0x00, 0xea, 0x75, 0xc3,
0xdc, 0xea, 0x75, 0xc3, 0xff, 0xea, 0x75, 0xc3, 0xff, 0xea, 0x75, 0xc3, 0xff, 0xea, 0x75,
0xc3, 0xff, 0xea, 0x75, 0xc3, 0xff, 0xea, 0x75, 0xc3, 0xff, 0xea, 0x75, 0xc3, 0xff, 0xea,
0x75, 0xc3, 0xff, 0xea, 0x75, 0xc3, 0xff, 0xea, 0x75, 0xc3, 0xff, 0xea, 0x75, 0xc3, 0xff,
0xea, 0x75, 0xc3, 0xff, 0xea, 0x75, 0xc3, 0xff, 0xea, 0x75, 0xc3, 0xff, 0xea, 0x75, 0xc3,
0xff, 0xea, 0x75, 0xc3, 0xff, 0xea, 0x75, 0xc3, 0xff, 0xea, 0x75, 0xc3, 0xff, 0xea, 0x75,
0xc3, 0xff, 0xea, 0x75, 0xc3, 0xff, 0xea, 0x75, 0xc3, 0xff, 0xea, 0x75, 0xc3, 0xff, 0xea,
0x75, 0xc3, 0xff, 0xea, 0x75, 0xc3, 0xff, 0xea, 0x75, 0xc3, 0xff, 0xe9, 0x6e, 0xc0, 0xff,
0xf2, 0xa7, 0xd9, 0xff, 0xff, 0xff, 0xff, 0xff, 0xff, 0xff, 0xff, 0xff, 0xff, 0xff, 0xff,
0xff, 0xff, 0xff, 0xff, 0xff, 0xff, 0xff, 0xff, 0xff, 0xff, 0xff, 0xff, 0xff, 0xfd, 0xf3,
0xfa, 0xff, 0xeb, 0x7e, 0xc7, 0xff, 0xea, 0x73, 0xc2, 0xff, 0xea, 0x75, 0xc3, 0xff, 0xea,
0x75, 0xc3, 0xff, 0xea, 0x75, 0xc3, 0xff, 0xea, 0x75, 0xc3, 0xff, 0xea, 0x75, 0xc3, 0xff,
0xea, 0x75, 0xc3, 0xff, 0xea, 0x75, 0xc3, 0xff, 0xea, 0x75, 0xc3, 0xff, 0xea, 0x75, 0xc3,
0xff, 0xea, 0x75, 0xc3, 0xff, 0xea, 0x75, 0xc3, 0xff, 0xe9, 0x6f, 0xc1, 0xff, 0xf9, 0xd4,
0xed, 0xff, 0xff, 0xff, 0xff, 0xff, 0xff, 0xff, 0xff, 0xff, 0xff, 0xff, 0xff, 0xff, 0xff,
0xff, 0xff, 0xff, 0xff, 0xff, 0xff, 0xff, 0xff, 0xff, 0xff, 0xff, 0xff, 0xff, 0xff, 0xff,
0xff, 0xff, 0xff, 0xff, 0xff, 0xff, 0xff, 0xff, 0xff, 0xff, 0xff, 0xff, 0xff, 0xff, 0xff,
0xff, 0xfb, 0xe6, 0xf4, 0xff, 0xea, 0x76, 0xc3, 0xff, 0xea, 0x74, 0xc2, 0xff, 0xea, 0x75,
0xc3, 0xff, 0xea, 0x75, 0xc3, 0xff, 0xea, 0x75, 0xc3, 0xff, 0xea, 0x75, 0xc3, 0xff, 0xea,
0x75, 0xc3, 0xff, 0xea, 0x75, 0xc3, 0xff, 0xea, 0x75, 0xc3, 0xff, 0xea, 0x75, 0xc3, 0xff,
0xea, 0x75, 0xc3, 0xff, 0xea, 0x75, 0xc3, 0xff, 0xea, 0x73, 0xc2, 0xff, 0xeb, 0x7c, 0xc6,
0xff, 0xfd, 0xf1, 0xf9, 0xff, 0xff, 0xff, 0xff, 0xff, 0xff, 0xff, 0xff, 0xff, 0xff, 0xff,
0xff, 0xff, 0xff, 0xff, 0xff, 0xff, 0xff, 0xff, 0xff, 0xff, 0xff, 0xff, 0xff, 0xff, 0xf7,
0xc8, 0xe7, 0xff, 0xe9, 0x6e, 0xc0, 0xff, 0xea, 0x75, 0xc3, 0xff, 0xea, 0x75, 0xc3, 0xff,
0xea, 0x75, 0xc3, 0xff, 0xea, 0x75, 0xc3, 0xff, 0xea, 0x75, 0xc3, 0xff, 0xea, 0x75, 0xc3,
0xff, 0xea, 0x75, 0xc3, 0xff, 0xea, 0x75, 0xc3, 0xff, 0xea, 0x75, 0xc3, 0xff, 0xea, 0x75,
0xc3, 0xff, 0xea, 0x75, 0xc3, 0xff, 0xea, 0x75, 0xc3, 0xff, 0xea, 0x75, 0xc3, 0xff, 0xea,
0x75, 0xc3, 0xff, 0xea, 0x75, 0xc3, 0xff, 0xea, 0x75, 0xc3, 0xff, 0xea, 0x75, 0xc3, 0xff,
0xea, 0x75, 0xc3, 0xff, 0xea, 0x75, 0xc3, 0xff, 0xea, 0x75, 0xc3, 0xff, 0xea, 0x75, 0xc3,
0xff, 0xea, 0x75, 0xc3, 0xff, 0xea, 0x75, 0xc3, 0xff, 0xea, 0x75, 0xc3, 0xff, 0xea, 0x75,
0xc3, 0xff, 0xea, 0x75, 0xc3, 0xe5, 0xff, 0xff, 0xff, 0x00, 0xff, 0xff, 0xff, 0x00, 0xff,
0xff, 0xff, 0x00, 0xff, 0xff, 0xff, 0x00, 0xff, 0xff, 0xff, 0x00, 0xff, 0xff, 0xff, 0x00,
0xff, 0xff, 0xff, 0x00, 0xff, 0xff, 0xff, 0x00, 0xff, 0xff, 0xff, 0x00, 0xff, 0xff, 0xff,
0x00, 0xff, 0xff, 0xff, 0x00, 0xff, 0xff, 0xff, 0x00, 0xff, 0xff, 0xff, 0x00, 0xff, 0xff,
0xff, 0x00, 0xff, 0xff, 0xff, 0x00, 0xff, 0xff, 0xff, 0x00, 0xff, 0xff, 0xff, 0x00, 0xea,
0x75, 0xc3, 0xdb, 0xea, 0x75, 0xc3, 0xff, 0xea, 0x75, 0xc3, 0xff, 0xea, 0x75, 0xc3, 0xff,
0xea, 0x75, 0xc3, 0xff, 0xea, 0x75, 0xc3, 0xff, 0xea, 0x75, 0xc3, 0xff, 0xea, 0x75, 0xc3,
0xff, 0xea, 0x75, 0xc3, 0xff, 0xea, 0x75, 0xc3, 0xff, 0xea, 0x75, 0xc3, 0xff, 0xea, 0x75,
0xc3, 0xff, 0xea, 0x75, 0xc3, 0xff, 0xea, 0x75, 0xc3, 0xff, 0xea, 0x75, 0xc3, 0xff, 0xea,
0x75, 0xc3, 0xff, 0xea, 0x75, 0xc3, 0xff, 0xea, 0x75, 0xc3, 0xff, 0xea, 0x75, 0xc3, 0xff,
0xea, 0x75, 0xc3, 0xff, 0xea, 0x75, 0xc3, 0xff, 0xea, 0x75, 0xc3, 0xff, 0xea, 0x75, 0xc3,
0xff, 0xea, 0x75, 0xc3, 0xff, 0xea, 0x75, 0xc3, 0xff, 0xea, 0x75, 0xc3, 0xff, 0xe9, 0x6e,
0xc0, 0xff, 0xf2, 0xa7, 0xd9, 0xff, 0xff, 0xff, 0xff, 0xff, 0xff, 0xff, 0xff, 0xff, 0xff,
0xff, 0xff, 0xff, 0xff, 0xff, 0xff, 0xff, 0xff, 0xff, 0xff, 0xff, 0xff, 0xff, 0xff, 0xff,
0xfd, 0xf3, 0xfa, 0xff, 0xeb, 0x7e, 0xc7, 0xff, 0xea, 0x73, 0xc2, 0xff, 0xea, 0x75, 0xc3,
0xff, 0xea, 0x75, 0xc3, 0xff, 0xea, 0x75, 0xc3, 0xff, 0xea, 0x75, 0xc3, 0xff, 0xea, 0x75,
0xc3, 0xff, 0xea, 0x75, 0xc3, 0xff, 0xea, 0x75, 0xc3, 0xff, 0xea, 0x75, 0xc3, 0xff, 0xea,
0x75, 0xc3, 0xff, 0xea, 0x75, 0xc3, 0xff, 0xea, 0x75, 0xc3, 0xff, 0xe9, 0x6f, 0xc1, 0xff,
0xf9, 0xd4, 0xed, 0xff, 0xff, 0xff, 0xff, 0xff, 0xff, 0xff, 0xff, 0xff, 0xff, 0xff, 0xff,
0xff, 0xff, 0xff, 0xff, 0xff, 0xff, 0xff, 0xff, 0xff, 0xff, 0xff, 0xff, 0xff, 0xff, 0xff,
0xff, 0xff, 0xff, 0xff, 0xff, 0xff, 0xff, 0xff, 0xff, 0xff, 0xff, 0xff, 0xff, 0xff, 0xff,
0xff, 0xff, 0xff, 0xfb, 0xe6, 0xf4, 0xff, 0xea, 0x76, 0xc3, 0xff, 0xea, 0x74, 0xc2, 0xff,
0xea, 0x75, 0xc3, 0xff, 0xea, 0x75, 0xc3, 0xff, 0xea, 0x75, 0xc3, 0xff, 0xea, 0x75, 0xc3,
0xff, 0xea, 0x75, 0xc3, 0xff, 0xea, 0x75, 0xc3, 0xff, 0xea, 0x75, 0xc3, 0xff, 0xea, 0x75,
0xc3, 0xff, 0xea, 0x75, 0xc3, 0xff, 0xea, 0x75, 0xc3, 0xff, 0xea, 0x73, 0xc2, 0xff, 0xeb,
0x7c, 0xc6, 0xff, 0xfd, 0xf1, 0xf9, 0xff, 0xff, 0xff, 0xff, 0xff, 0xff, 0xff, 0xff, 0xff,
0xff, 0xff, 0xff, 0xff, 0xff, 0xff, 0xff, 0xff, 0xff, 0xff, 0xff, 0xff, 0xff, 0xff, 0xff,
0xff, 0xf7, 0xc8, 0xe7, 0xff, 0xe9, 0x6e, 0xc0, 0xff, 0xea, 0x75, 0xc3, 0xff, 0xea, 0x75,
0xc3, 0xff, 0xea, 0x75, 0xc3, 0xff, 0xea, 0x75, 0xc3, 0xff, 0xea, 0x75, 0xc3, 0xff, 0xea,
0x75, 0xc3, 0xff, 0xea, 0x75, 0xc3, 0xff, 0xea, 0x75, 0xc3, 0xff, 0xea, 0x75, 0xc3, 0xff,
0xea, 0x75, 0xc3, 0xff, 0xea, 0x75, 0xc3, 0xff, 0xea, 0x75, 0xc3, 0xff, 0xea, 0x75, 0xc3,
0xff, 0xea, 0x75, 0xc3, 0xff, 0xea, 0x75, 0xc3, 0xff, 0xea, 0x75, 0xc3, 0xff, 0xea, 0x75,
0xc3, 0xff, 0xea, 0x75, 0xc3, 0xff, 0xea, 0x75, 0xc3, 0xff, 0xea, 0x75, 0xc3, 0xff, 0xea,
0x75, 0xc3, 0xff, 0xea, 0x75, 0xc3, 0xff, 0xea, 0x75, 0xc3, 0xff, 0xea, 0x75, 0xc3, 0xff,
0xea, 0x75, 0xc3, 0xff, 0xea, 0x75, 0xc3, 0xe3, 0xff, 0xff, 0xff, 0x00, 0xff, 0xff, 0xff,
0x00, 0xff, 0xff, 0xff, 0x00, 0xff, 0xff, 0xff, 0x00, 0xff, 0xff, 0xff, 0x00, 0xff, 0xff,
0xff, 0x00, 0xff, 0xff, 0xff, 0x00, 0xff, 0xff, 0xff, 0x00, 0xff, 0xff, 0xff, 0x00, 0xff,
0xff, 0xff, 0x00, 0xff, 0xff, 0xff, 0x00, 0xff, 0xff, 0xff, 0x00, 0xff, 0xff, 0xff, 0x00,
0xff, 0xff, 0xff, 0x00, 0xff, 0xff, 0xff, 0x00, 0xff, 0xff, 0xff, 0x00, 0xff, 0xff, 0xff,
0x00, 0xea, 0x75, 0xc3, 0xd9, 0xea, 0x75, 0xc3, 0xff, 0xea, 0x75, 0xc3, 0xff, 0xea, 0x75,
0xc3, 0xff, 0xea, 0x75, 0xc3, 0xff, 0xea, 0x75, 0xc3, 0xff, 0xea, 0x75, 0xc3, 0xff, 0xea,
0x75, 0xc3, 0xff, 0xea, 0x75, 0xc3, 0xff, 0xea, 0x75, 0xc3, 0xff, 0xea, 0x75, 0xc3, 0xff,
0xea, 0x75, 0xc3, 0xff, 0xea, 0x75, 0xc3, 0xff, 0xea, 0x75, 0xc3, 0xff, 0xea, 0x75, 0xc3,
0xff, 0xea, 0x75, 0xc3, 0xff, 0xea, 0x75, 0xc3, 0xff, 0xea, 0x75, 0xc3, 0xff, 0xea, 0x75,
0xc3, 0xff, 0xea, 0x75, 0xc3, 0xff, 0xea, 0x75, 0xc3, 0xff, 0xea, 0x75, 0xc3, 0xff, 0xea,
0x75, 0xc3, 0xff, 0xea, 0x75, 0xc3, 0xff, 0xea, 0x75, 0xc3, 0xff, 0xea, 0x75, 0xc3, 0xff,
0xe9, 0x6e, 0xc0, 0xff, 0xf2, 0xa7, 0xd9, 0xff, 0xff, 0xff, 0xff, 0xff, 0xff, 0xff, 0xff,
0xff, 0xff, 0xff, 0xff, 0xff, 0xff, 0xff, 0xff, 0xff, 0xff, 0xff, 0xff, 0xff, 0xff, 0xff,
0xff, 0xff, 0xfd, 0xf3, 0xfa, 0xff, 0xeb, 0x7e, 0xc7, 0xff, 0xea, 0x73, 0xc2, 0xff, 0xea,
0x75, 0xc3, 0xff, 0xea, 0x75, 0xc3, 0xff, 0xea, 0x75, 0xc3, 0xff, 0xea, 0x75, 0xc3, 0xff,
0xea, 0x75, 0xc3, 0xff, 0xea, 0x75, 0xc3, 0xff, 0xea, 0x75, 0xc3, 0xff, 0xea, 0x75, 0xc3,
0xff, 0xea, 0x75, 0xc3, 0xff, 0xea, 0x75, 0xc3, 0xff, 0xea, 0x75, 0xc3, 0xff, 0xe9, 0x6f,
0xc1, 0xff, 0xf9, 0xd4, 0xed, 0xff, 0xff, 0xff, 0xff, 0xff, 0xff, 0xff, 0xff, 0xff, 0xff,
0xff, 0xff, 0xff, 0xff, 0xff, 0xff, 0xff, 0xff, 0xff, 0xff, 0xff, 0xff, 0xff, 0xff, 0xff,
0xff, 0xff, 0xff, 0xff, 0xff, 0xff, 0xff, 0xff, 0xff, 0xff, 0xff, 0xff, 0xff, 0xff, 0xff,
0xff, 0xff, 0xff, 0xff, 0xff, 0xfb, 0xe6, 0xf4, 0xff, 0xea, 0x76, 0xc3, 0xff, 0xea, 0x74,
0xc2, 0xff, 0xea, 0x75, 0xc3, 0xff, 0xea, 0x75, 0xc3, 0xff, 0xea, 0x75, 0xc3, 0xff, 0xea,
0x75, 0xc3, 0xff, 0xea, 0x75, 0xc3, 0xff, 0xea, 0x75, 0xc3, 0xff, 0xea, 0x75, 0xc3, 0xff,
0xea, 0x75, 0xc3, 0xff, 0xea, 0x75, 0xc3, 0xff, 0xea, 0x75, 0xc3, 0xff, 0xea, 0x73, 0xc2,
0xff, 0xeb, 0x7c, 0xc6, 0xff, 0xfd, 0xf1, 0xf9, 0xff, 0xff, 0xff, 0xff, 0xff, 0xff, 0xff,
0xff, 0xff, 0xff, 0xff, 0xff, 0xff, 0xff, 0xff, 0xff, 0xff, 0xff, 0xff, 0xff, 0xff, 0xff,
0xff, 0xff, 0xff, 0xf7, 0xc8, 0xe7, 0xff, 0xe9, 0x6e, 0xc0, 0xff, 0xea, 0x75, 0xc3, 0xff,
0xea, 0x75, 0xc3, 0xff, 0xea, 0x75, 0xc3, 0xff, 0xea, 0x75, 0xc3, 0xff, 0xea, 0x75, 0xc3,
0xff, 0xea, 0x75, 0xc3, 0xff, 0xea, 0x75, 0xc3, 0xff, 0xea, 0x75, 0xc3, 0xff, 0xea, 0x75,
0xc3, 0xff, 0xea, 0x75, 0xc3, 0xff, 0xea, 0x75, 0xc3, 0xff, 0xea, 0x75, 0xc3, 0xff, 0xea,
0x75, 0xc3, 0xff, 0xea, 0x75, 0xc3, 0xff, 0xea, 0x75, 0xc3, 0xff, 0xea, 0x75, 0xc3, 0xff,
0xea, 0x75, 0xc3, 0xff, 0xea, 0x75, 0xc3, 0xff, 0xea, 0x75, 0xc3, 0xff, 0xea, 0x75, 0xc3,
0xff, 0xea, 0x75, 0xc3, 0xff, 0xea, 0x75, 0xc3, 0xff, 0xea, 0x75, 0xc3, 0xff, 0xea, 0x75,
0xc3, 0xff, 0xea, 0x75, 0xc3, 0xff, 0xea, 0x75, 0xc3, 0xe1, 0xff, 0xff, 0xff, 0x00, 0xff,
0xff, 0xff, 0x00, 0xff, 0xff, 0xff, 0x00, 0xff, 0xff, 0xff, 0x00, 0xff, 0xff, 0xff, 0x00,
0xff, 0xff, 0xff, 0x00, 0xff, 0xff, 0xff, 0x00, 0xff, 0xff, 0xff, 0x00, 0xff, 0xff, 0xff,
0x00, 0xff, 0xff, 0xff, 0x00, 0xff, 0xff, 0xff, 0x00, 0xff, 0xff, 0xff, 0x00, 0xff, 0xff,
0xff, 0x00, 0xff, 0xff, 0xff, 0x00, 0xff, 0xff, 0xff, 0x00, 0xff, 0xff, 0xff, 0x00, 0xff,
0xff, 0xff, 0x00, 0xea, 0x75, 0xc3, 0xd6, 0xea, 0x75, 0xc3, 0xff, 0xea, 0x75, 0xc3, 0xff,
0xea, 0x75, 0xc3, 0xff, 0xea, 0x75, 0xc3, 0xff, 0xea, 0x75, 0xc3, 0xff, 0xea, 0x75, 0xc3,
0xff, 0xea, 0x75, 0xc3, 0xff, 0xea, 0x75, 0xc3, 0xff, 0xea, 0x75, 0xc3, 0xff, 0xea, 0x75,
0xc3, 0xff, 0xea, 0x75, 0xc3, 0xff, 0xea, 0x75, 0xc3, 0xff, 0xea, 0x75, 0xc3, 0xff, 0xea,
0x75, 0xc3, 0xff, 0xea, 0x75, 0xc3, 0xff, 0xea, 0x75, 0xc3, 0xff, 0xea, 0x75, 0xc3, 0xff,
0xea, 0x75, 0xc3, 0xff, 0xea, 0x75, 0xc3, 0xff, 0xea, 0x75, 0xc3, 0xff, 0xea, 0x75, 0xc3,
0xff, 0xea, 0x75, 0xc3, 0xff, 0xea, 0x75, 0xc3, 0xff, 0xea, 0x75, 0xc3, 0xff, 0xea, 0x75,
0xc3, 0xff, 0xe9, 0x6e, 0xc0, 0xff, 0xf2, 0xa7, 0xd9, 0xff, 0xff, 0xff, 0xff, 0xff, 0xff,
0xff, 0xff, 0xff, 0xff, 0xff, 0xff, 0xff, 0xff, 0xff, 0xff, 0xff, 0xff, 0xff, 0xff, 0xff,
0xff, 0xff, 0xff, 0xff, 0xfd, 0xf3, 0xfa, 0xff, 0xeb, 0x7e, 0xc7, 0xff, 0xea, 0x73, 0xc2,
0xff, 0xea, 0x75, 0xc3, 0xff, 0xea, 0x75, 0xc3, 0xff, 0xea, 0x75, 0xc3, 0xff, 0xea, 0x75,
0xc3, 0xff, 0xea, 0x75, 0xc3, 0xff, 0xea, 0x75, 0xc3, 0xff, 0xea, 0x75, 0xc3, 0xff, 0xea,
0x75, 0xc3, 0xff, 0xea, 0x75, 0xc3, 0xff, 0xea, 0x75, 0xc3, 0xff, 0xea, 0x75, 0xc3, 0xff,
0xe9, 0x6f, 0xc1, 0xff, 0xf9, 0xd4, 0xed, 0xff, 0xff, 0xff, 0xff, 0xff, 0xff, 0xff, 0xff,
0xff, 0xff, 0xff, 0xff, 0xff, 0xff, 0xff, 0xff, 0xff, 0xff, 0xff, 0xff, 0xff, 0xff, 0xff,
0xff, 0xff, 0xff, 0xff, 0xff, 0xff, 0xff, 0xff, 0xff, 0xff, 0xff, 0xff, 0xff, 0xff, 0xff,
0xff, 0xff, 0xff, 0xff, 0xff, 0xff, 0xff, 0xfb, 0xe6, 0xf4, 0xff, 0xea, 0x76, 0xc3, 0xff,
0xea, 0x74, 0xc2, 0xff, 0xea, 0x75, 0xc3, 0xff, 0xea, 0x75, 0xc3, 0xff, 0xea, 0x75, 0xc3,
0xff, 0xea, 0x75, 0xc3, 0xff, 0xea, 0x75, 0xc3, 0xff, 0xea, 0x75, 0xc3, 0xff, 0xea, 0x75,
0xc3, 0xff, 0xea, 0x75, 0xc3, 0xff, 0xea, 0x75, 0xc3, 0xff, 0xea, 0x75, 0xc3, 0xff, 0xea,
0x73, 0xc2, 0xff, 0xeb, 0x7c, 0xc6, 0xff, 0xfd, 0xf1, 0xf9, 0xff, 0xff, 0xff, 0xff, 0xff,
0xff, 0xff, 0xff, 0xff, 0xff, 0xff, 0xff, 0xff, 0xff, 0xff, 0xff, 0xff, 0xff, 0xff, 0xff,
0xff, 0xff, 0xff, 0xff, 0xff, 0xf7, 0xc8, 0xe7, 0xff, 0xe9, 0x6e, 0xc0, 0xff, 0xea, 0x75,
0xc3, 0xff, 0xea, 0x75, 0xc3, 0xff, 0xea, 0x75, 0xc3, 0xff, 0xea, 0x75, 0xc3, 0xff, 0xea,
0x75, 0xc3, 0xff, 0xea, 0x75, 0xc3, 0xff, 0xea, 0x75, 0xc3, 0xff, 0xea, 0x75, 0xc3, 0xff,
0xea, 0x75, 0xc3, 0xff, 0xea, 0x75, 0xc3, 0xff, 0xea, 0x75, 0xc3, 0xff, 0xea, 0x75, 0xc3,
0xff, 0xea, 0x75, 0xc3, 0xff, 0xea, 0x75, 0xc3, 0xff, 0xea, 0x75, 0xc3, 0xff, 0xea, 0x75,
0xc3, 0xff, 0xea, 0x75, 0xc3, 0xff, 0xea, 0x75, 0xc3, 0xff, 0xea, 0x75, 0xc3, 0xff, 0xea,
0x75, 0xc3, 0xff, 0xea, 0x75, 0xc3, 0xff, 0xea, 0x75, 0xc3, 0xff, 0xea, 0x75, 0xc3, 0xff,
0xea, 0x75, 0xc3, 0xff, 0xea, 0x75, 0xc3, 0xff, 0xea, 0x75, 0xc3, 0xdc, 0xff, 0xff, 0xff,
0x00, 0xff, 0xff, 0xff, 0x00, 0xff, 0xff, 0xff, 0x00, 0xff, 0xff, 0xff, 0x00, 0xff, 0xff,
0xff, 0x00, 0xff, 0xff, 0xff, 0x00, 0xff, 0xff, 0xff, 0x00, 0xff, 0xff, 0xff, 0x00, 0xff,
0xff, 0xff, 0x00, 0xff, 0xff, 0xff, 0x00, 0xff, 0xff, 0xff, 0x00, 0xff, 0xff, 0xff, 0x00,
0xff, 0xff, 0xff, 0x00, 0xff, 0xff, 0xff, 0x00, 0xff, 0xff, 0xff, 0x00, 0xff, 0xff, 0xff,
0x00, 0xff, 0xff, 0xff, 0x00, 0xea, 0x75, 0xc3, 0xd1, 0xea, 0x75, 0xc3, 0xff, 0xea, 0x75,
0xc3, 0xff, 0xea, 0x75, 0xc3, 0xff, 0xea, 0x75, 0xc3, 0xff, 0xea, 0x75, 0xc3, 0xff, 0xea,
0x75, 0xc3, 0xff, 0xea, 0x75, 0xc3, 0xff, 0xea, 0x75, 0xc3, 0xff, 0xea, 0x75, 0xc3, 0xff,
0xea, 0x75, 0xc3, 0xff, 0xea, 0x75, 0xc3, 0xff, 0xea, 0x75, 0xc3, 0xff, 0xea, 0x75, 0xc3,
0xff, 0xea, 0x75, 0xc3, 0xff, 0xea, 0x75, 0xc3, 0xff, 0xea, 0x75, 0xc3, 0xff, 0xea, 0x75,
0xc3, 0xff, 0xea, 0x75, 0xc3, 0xff, 0xea, 0x75, 0xc3, 0xff, 0xea, 0x75, 0xc3, 0xff, 0xea,
0x75, 0xc3, 0xff, 0xea, 0x75, 0xc3, 0xff, 0xea, 0x75, 0xc3, 0xff, 0xea, 0x75, 0xc3, 0xff,
0xea, 0x75, 0xc3, 0xff, 0xe9, 0x6e, 0xc0, 0xff, 0xf2, 0xa7, 0xd9, 0xff, 0xff, 0xff, 0xff,
0xff, 0xff, 0xff, 0xff, 0xff, 0xff, 0xff, 0xff, 0xff, 0xff, 0xff, 0xff, 0xff, 0xff, 0xff,
0xff, 0xff, 0xff, 0xff, 0xff, 0xff, 0xfd, 0xf3, 0xfa, 0xff, 0xeb, 0x7e, 0xc7, 0xff, 0xea,
0x73, 0xc2, 0xff, 0xea, 0x75, 0xc3, 0xff, 0xea, 0x75, 0xc3, 0xff, 0xea, 0x75, 0xc3, 0xff,
0xea, 0x75, 0xc3, 0xff, 0xea, 0x75, 0xc3, 0xff, 0xea, 0x75, 0xc3, 0xff, 0xea, 0x75, 0xc3,
0xff, 0xea, 0x75, 0xc3, 0xff, 0xea, 0x75, 0xc3, 0xff, 0xea, 0x75, 0xc3, 0xff, 0xea, 0x75,
0xc3, 0xff, 0xe9, 0x6f, 0xc1, 0xff, 0xfa, 0xd8, 0xef, 0xff, 0xff, 0xff, 0xff, 0xff, 0xff,
0xff, 0xff, 0xff, 0xff, 0xff, 0xff, 0xff, 0xff, 0xff, 0xff, 0xff, 0xff, 0xff, 0xff, 0xff,
0xff, 0xff, 0xff, 0xff, 0xff, 0xff, 0xff, 0xff, 0xff, 0xff, 0xff, 0xff, 0xff, 0xff, 0xff,
0xff, 0xff, 0xff, 0xff, 0xff, 0xff, 0xff, 0xff, 0xff, 0xfc, 0xeb, 0xf6, 0xff, 0xea, 0x76,
0xc3, 0xff, 0xea, 0x74, 0xc2, 0xff, 0xea, 0x75, 0xc3, 0xff, 0xea, 0x75, 0xc3, 0xff, 0xea,
0x75, 0xc3, 0xff, 0xea, 0x75, 0xc3, 0xff, 0xea, 0x75, 0xc3, 0xff, 0xea, 0x75, 0xc3, 0xff,
0xea, 0x75, 0xc3, 0xff, 0xea, 0x75, 0xc3, 0xff, 0xea, 0x75, 0xc3, 0xff, 0xea, 0x75, 0xc3,
0xff, 0xea, 0x73, 0xc2, 0xff, 0xeb, 0x7c, 0xc6, 0xff, 0xfd, 0xf1, 0xf9, 0xff, 0xff, 0xff,
0xff, 0xff, 0xff, 0xff, 0xff, 0xff, 0xff, 0xff, 0xff, 0xff, 0xff, 0xff, 0xff, 0xff, 0xff,
0xff, 0xff, 0xff, 0xff, 0xff, 0xff, 0xff, 0xf7, 0xc8, 0xe7, 0xff, 0xe9, 0x6e, 0xc0, 0xff,
0xea, 0x75, 0xc3, 0xff, 0xea, 0x75, 0xc3, 0xff, 0xea, 0x75, 0xc3, 0xff, 0xea, 0x75, 0xc3,
0xff, 0xea, 0x75, 0xc3, 0xff, 0xea, 0x75, 0xc3, 0xff, 0xea, 0x75, 0xc3, 0xff, 0xea, 0x75,
0xc3, 0xff, 0xea, 0x75, 0xc3, 0xff, 0xea, 0x75, 0xc3, 0xff, 0xea, 0x75, 0xc3, 0xff, 0xea,
0x75, 0xc3, 0xff, 0xea, 0x75, 0xc3, 0xff, 0xea, 0x75, 0xc3, 0xff, 0xea, 0x75, 0xc3, 0xff,
0xea, 0x75, 0xc3, 0xff, 0xea, 0x75, 0xc3, 0xff, 0xea, 0x75, 0xc3, 0xff, 0xea, 0x75, 0xc3,
0xff, 0xea, 0x75, 0xc3, 0xff, 0xea, 0x75, 0xc3, 0xff, 0xea, 0x75, 0xc3, 0xff, 0xea, 0x75,
0xc3, 0xff, 0xea, 0x75, 0xc3, 0xff, 0xea, 0x75, 0xc3, 0xff, 0xea, 0x75, 0xc2, 0xd6, 0xff,
0xff, 0xff, 0x00, 0xff, 0xff, 0xff, 0x00, 0xff, 0xff, 0xff, 0x00, 0xff, 0xff, 0xff, 0x00,
0xff, 0xff, 0xff, 0x00, 0xff, 0xff, 0xff, 0x00, 0xff, 0xff, 0xff, 0x00, 0xff, 0xff, 0xff,
0x00, 0xff, 0xff, 0xff, 0x00, 0xff, 0xff, 0xff, 0x00, 0xff, 0xff, 0xff, 0x00, 0xff, 0xff,
0xff, 0x00, 0xff, 0xff, 0xff, 0x00, 0xff, 0xff, 0xff, 0x00, 0xff, 0xff, 0xff, 0x00, 0xff,
0xff, 0xff, 0x00, 0xff, 0xff, 0xff, 0x00, 0xea, 0x75, 0xc3, 0xcb, 0xea, 0x75, 0xc3, 0xff,
0xea, 0x75, 0xc3, 0xff, 0xea, 0x75, 0xc3, 0xff, 0xea, 0x75, 0xc3, 0xff, 0xea, 0x75, 0xc3,
0xff, 0xea, 0x75, 0xc3, 0xff, 0xea, 0x75, 0xc3, 0xff, 0xea, 0x75, 0xc3, 0xff, 0xea, 0x75,
0xc3, 0xff, 0xea, 0x75, 0xc3, 0xff, 0xea, 0x75, 0xc3, 0xff, 0xea, 0x75, 0xc3, 0xff, 0xea,
0x75, 0xc3, 0xff, 0xea, 0x75, 0xc3, 0xff, 0xea, 0x75, 0xc3, 0xff, 0xea, 0x75, 0xc3, 0xff,
0xea, 0x75, 0xc3, 0xff, 0xea, 0x75, 0xc3, 0xff, 0xea, 0x75, 0xc3, 0xff, 0xea, 0x75, 0xc3,
0xff, 0xea, 0x75, 0xc3, 0xff, 0xea, 0x75, 0xc3, 0xff, 0xea, 0x75, 0xc3, 0xff, 0xea, 0x75,
0xc3, 0xff, 0xea, 0x75, 0xc3, 0xff, 0xe9, 0x6e, 0xc0, 0xff, 0xf2, 0xa7, 0xd9, 0xff, 0xff,
0xff, 0xff, 0xff, 0xff, 0xff, 0xff, 0xff, 0xff, 0xff, 0xff, 0xff, 0xff, 0xff, 0xff, 0xff,
0xff, 0xff, 0xff, 0xff, 0xff, 0xff, 0xff, 0xff, 0xfd, 0xf3, 0xfa, 0xff, 0xeb, 0x7e, 0xc7,
0xff, 0xea, 0x73, 0xc2, 0xff, 0xea, 0x75, 0xc3, 0xff, 0xea, 0x75, 0xc3, 0xff, 0xea, 0x75,
0xc3, 0xff, 0xea, 0x75, 0xc3, 0xff, 0xea, 0x75, 0xc3, 0xff, 0xea, 0x75, 0xc3, 0xff, 0xea,
0x75, 0xc3, 0xff, 0xea, 0x75, 0xc3, 0xff, 0xea, 0x75, 0xc3, 0xff, 0xea, 0x75, 0xc3, 0xff,
0xea, 0x75, 0xc3, 0xff, 0xe9, 0x70, 0xc2, 0xff, 0xf6, 0xbe, 0xe3, 0xff, 0xfa, 0xdf, 0xf1,
0xff, 0xfa, 0xdf, 0xf1, 0xff, 0xfa, 0xdf, 0xf1, 0xff, 0xfa, 0xdf, 0xf1, 0xff, 0xfa, 0xdf,
0xf1, 0xff, 0xfa, 0xdf, 0xf1, 0xff, 0xfa, 0xdf, 0xf1, 0xff, 0xfa, 0xdf, 0xf1, 0xff, 0xfa,
0xdf, 0xf1, 0xff, 0xfa, 0xdf, 0xf1, 0xff, 0xfa, 0xdf, 0xf1, 0xff, 0xf7, 0xcc, 0xe9, 0xff,
0xea, 0x76, 0xc3, 0xff, 0xea, 0x74, 0xc2, 0xff, 0xea, 0x75, 0xc3, 0xff, 0xea, 0x75, 0xc3,
0xff, 0xea, 0x75, 0xc3, 0xff, 0xea, 0x75, 0xc3, 0xff, 0xea, 0x75, 0xc3, 0xff, 0xea, 0x75,
0xc3, 0xff, 0xea, 0x75, 0xc3, 0xff, 0xea, 0x75, 0xc3, 0xff, 0xea, 0x75, 0xc3, 0xff, 0xea,
0x75, 0xc3, 0xff, 0xea, 0x73, 0xc2, 0xff, 0xeb, 0x7c, 0xc6, 0xff, 0xfd, 0xf1, 0xf9, 0xff,
0xff, 0xff, 0xff, 0xff, 0xff, 0xff, 0xff, 0xff, 0xff, 0xff, 0xff, 0xff, 0xff, 0xff, 0xff,
0xff, 0xff, 0xff, 0xff, 0xff, 0xff, 0xff, 0xff, 0xff, 0xf7, 0xc8, 0xe7, 0xff, 0xe9, 0x6e,
0xc0, 0xff, 0xea, 0x75, 0xc3, 0xff, 0xea, 0x75, 0xc3, 0xff, 0xea, 0x75, 0xc3, 0xff, 0xea,
0x75, 0xc3, 0xff, 0xea, 0x75, 0xc3, 0xff, 0xea, 0x75, 0xc3, 0xff, 0xea, 0x75, 0xc3, 0xff,
0xea, 0x75, 0xc3, 0xff, 0xea, 0x75, 0xc3, 0xff, 0xea, 0x75, 0xc3, 0xff, 0xea, 0x75, 0xc3,
0xff, 0xea, 0x75, 0xc3, 0xff, 0xea, 0x75, 0xc3, 0xff, 0xea, 0x75, 0xc3, 0xff, 0xea, 0x75,
0xc3, 0xff, 0xea, 0x75, 0xc3, 0xff, 0xea, 0x75, 0xc3, 0xff, 0xea, 0x75, 0xc3, 0xff, 0xea,
0x75, 0xc3, 0xff, 0xea, 0x75, 0xc3, 0xff, 0xea, 0x75, 0xc3, 0xff, 0xea, 0x75, 0xc3, 0xff,
0xea, 0x75, 0xc3, 0xff, 0xea, 0x75, 0xc3, 0xff, 0xea, 0x75, 0xc3, 0xff, 0xea, 0x75, 0xc3,
0xcd, 0xff, 0xff, 0xff, 0x00, 0xff, 0xff, 0xff, 0x00, 0xff, 0xff, 0xff, 0x00, 0xff, 0xff,
0xff, 0x00, 0xff, 0xff, 0xff, 0x00, 0xff, 0xff, 0xff, 0x00, 0xff, 0xff, 0xff, 0x00, 0xff,
0xff, 0xff, 0x00, 0xff, 0xff, 0xff, 0x00, 0xff, 0xff, 0xff, 0x00, 0xff, 0xff, 0xff, 0x00,
0xff, 0xff, 0xff, 0x00, 0xff, 0xff, 0xff, 0x00, 0xff, 0xff, 0xff, 0x00, 0xff, 0xff, 0xff,
0x00, 0xff, 0xff, 0xff, 0x00, 0xff, 0xff, 0xff, 0x00, 0xe8, 0x72, 0xc1, 0xc1, 0xea, 0x75,
0xc3, 0xff, 0xea, 0x75, 0xc3, 0xff, 0xea, 0x75, 0xc3, 0xff, 0xea, 0x75, 0xc3, 0xff, 0xea,
0x75, 0xc3, 0xff, 0xea, 0x75, 0xc3, 0xff, 0xea, 0x75, 0xc3, 0xff, 0xea, 0x75, 0xc3, 0xff,
0xea, 0x75, 0xc3, 0xff, 0xea, 0x75, 0xc3, 0xff, 0xea, 0x75, 0xc3, 0xff, 0xea, 0x75, 0xc3,
0xff, 0xea, 0x75, 0xc3, 0xff, 0xea, 0x75, 0xc3, 0xff, 0xea, 0x75, 0xc3, 0xff, 0xea, 0x75,
0xc3, 0xff, 0xea, 0x75, 0xc3, 0xff, 0xea, 0x75, 0xc3, 0xff, 0xea, 0x75, 0xc3, 0xff, 0xea,
0x75, 0xc3, 0xff, 0xea, 0x75, 0xc3, 0xff, 0xea, 0x75, 0xc3, 0xff, 0xea, 0x75, 0xc3, 0xff,
0xea, 0x75, 0xc3, 0xff, 0xea, 0x75, 0xc3, 0xff, 0xe9, 0x6e, 0xc0, 0xff, 0xf2, 0xa7, 0xd9,
0xff, 0xff, 0xff, 0xff, 0xff, 0xff, 0xff, 0xff, 0xff, 0xff, 0xff, 0xff, 0xff, 0xff, 0xff,
0xff, 0xff, 0xff, 0xff, 0xff, 0xff, 0xff, 0xff, 0xff, 0xff, 0xfd, 0xf3, 0xfa, 0xff, 0xeb,
0x7e, 0xc7, 0xff, 0xea, 0x73, 0xc2, 0xff, 0xea, 0x75, 0xc3, 0xff, 0xea, 0x75, 0xc3, 0xff,
0xea, 0x75, 0xc3, 0xff, 0xea, 0x75, 0xc3, 0xff, 0xea, 0x75, 0xc3, 0xff, 0xea, 0x75, 0xc3,
0xff, 0xea, 0x75, 0xc3, 0xff, 0xea, 0x75, 0xc3, 0xff, 0xea, 0x75, 0xc3, 0xff, 0xea, 0x75,
0xc3, 0xff, 0xea, 0x75, 0xc3, 0xff, 0xea, 0x75, 0xc3, 0xff, 0xea, 0x73, 0xc2, 0xff, 0xea,
0x72, 0xc2, 0xff, 0xea, 0x72, 0xc2, 0xff, 0xea, 0x72, 0xc2, 0xff, 0xea, 0x72, 0xc2, 0xff,
0xea, 0x72, 0xc2, 0xff, 0xea, 0x72, 0xc2, 0xff, 0xea, 0x72, 0xc2, 0xff, 0xea, 0x72, 0xc2,
0xff, 0xea, 0x72, 0xc2, 0xff, 0xea, 0x72, 0xc2, 0xff, 0xea, 0x72, 0xc2, 0xff, 0xea, 0x73,
0xc2, 0xff, 0xea, 0x75, 0xc3, 0xff, 0xea, 0x75, 0xc3, 0xff, 0xea, 0x75, 0xc3, 0xff, 0xea,
0x75, 0xc3, 0xff, 0xea, 0x75, 0xc3, 0xff, 0xea, 0x75, 0xc3, 0xff, 0xea, 0x75, 0xc3, 0xff,
0xea, 0x75, 0xc3, 0xff, 0xea, 0x75, 0xc3, 0xff, 0xea, 0x75, 0xc3, 0xff, 0xea, 0x75, 0xc3,
0xff, 0xea, 0x75, 0xc3, 0xff, 0xea, 0x73, 0xc2, 0xff, 0xeb, 0x7c, 0xc6, 0xff, 0xfd, 0xf1,
0xf9, 0xff, 0xff, 0xff, 0xff, 0xff, 0xff, 0xff, 0xff, 0xff, 0xff, 0xff, 0xff, 0xff, 0xff,
0xff, 0xff, 0xff, 0xff, 0xff, 0xff, 0xff, 0xff, 0xff, 0xff, 0xff, 0xf7, 0xc8, 0xe7, 0xff,
0xe9, 0x6e, 0xc0, 0xff, 0xea, 0x75, 0xc3, 0xff, 0xea, 0x75, 0xc3, 0xff, 0xea, 0x75, 0xc3,
0xff, 0xea, 0x75, 0xc3, 0xff, 0xea, 0x75, 0xc3, 0xff, 0xea, 0x75, 0xc3, 0xff, 0xea, 0x75,
0xc3, 0xff, 0xea, 0x75, 0xc3, 0xff, 0xea, 0x75, 0xc3, 0xff, 0xea, 0x75, 0xc3, 0xff, 0xea,
0x75, 0xc3, 0xff, 0xea, 0x75, 0xc3, 0xff, 0xea, 0x75, 0xc3, 0xff, 0xea, 0x75, 0xc3, 0xff,
0xea, 0x75, 0xc3, 0xff, 0xea, 0x75, 0xc3, 0xff, 0xea, 0x75, 0xc3, 0xff, 0xea, 0x75, 0xc3,
0xff, 0xea, 0x75, 0xc3, 0xff, 0xea, 0x75, 0xc3, 0xff, 0xea, 0x75, 0xc3, 0xff, 0xea, 0x75,
0xc3, 0xff, 0xea, 0x75, 0xc3, 0xff, 0xea, 0x75, 0xc3, 0xff, 0xea, 0x75, 0xc3, 0xff, 0xe8,
0x74, 0xc0, 0xc3, 0xff, 0xff, 0xff, 0x00, 0xff, 0xff, 0xff, 0x00, 0xff, 0xff, 0xff, 0x00,
0xff, 0xff, 0xff, 0x00, 0xff, 0xff, 0xff, 0x00, 0xff, 0xff, 0xff, 0x00, 0xff, 0xff, 0xff,
0x00, 0xff, 0xff, 0xff, 0x00, 0xff, 0xff, 0xff, 0x00, 0xff, 0xff, 0xff, 0x00, 0xff, 0xff,
0xff, 0x00, 0xff, 0xff, 0xff, 0x00, 0xff, 0xff, 0xff, 0x00, 0xff, 0xff, 0xff, 0x00, 0xff,
0xff, 0xff, 0x00, 0xff, 0xff, 0xff, 0x00, 0xff, 0xff, 0xff, 0x00, 0xea, 0x74, 0xc2, 0xb2,
0xea, 0x75, 0xc3, 0xff, 0xea, 0x75, 0xc3, 0xff, 0xea, 0x75, 0xc3, 0xff, 0xea, 0x75, 0xc3,
0xff, 0xea, 0x75, 0xc3, 0xff, 0xea, 0x75, 0xc3, 0xff, 0xea, 0x75, 0xc3, 0xff, 0xea, 0x75,
0xc3, 0xff, 0xea, 0x75, 0xc3, 0xff, 0xea, 0x75, 0xc3, 0xff, 0xea, 0x75, 0xc3, 0xff, 0xea,
0x75, 0xc3, 0xff, 0xea, 0x75, 0xc3, 0xff, 0xea, 0x75, 0xc3, 0xff, 0xea, 0x75, 0xc3, 0xff,
0xea, 0x75, 0xc3, 0xff, 0xea, 0x75, 0xc3, 0xff, 0xea, 0x75, 0xc3, 0xff, 0xea, 0x75, 0xc3,
0xff, 0xea, 0x75, 0xc3, 0xff, 0xea, 0x75, 0xc3, 0xff, 0xea, 0x75, 0xc3, 0xff, 0xea, 0x75,
0xc3, 0xff, 0xea, 0x75, 0xc3, 0xff, 0xea, 0x75, 0xc3, 0xff, 0xe9, 0x6e, 0xc0, 0xff, 0xf2,
0xa7, 0xd9, 0xff, 0xff, 0xff, 0xff, 0xff, 0xff, 0xff, 0xff, 0xff, 0xff, 0xff, 0xff, 0xff,
0xff, 0xff, 0xff, 0xff, 0xff, 0xff, 0xff, 0xff, 0xff, 0xff, 0xff, 0xff, 0xfd, 0xf3, 0xfa,
0xff, 0xeb, 0x7e, 0xc7, 0xff, 0xea, 0x73, 0xc2, 0xff, 0xea, 0x75, 0xc3, 0xff, 0xea, 0x75,
0xc3, 0xff, 0xea, 0x75, 0xc3, 0xff, 0xea, 0x75, 0xc3, 0xff, 0xea, 0x75, 0xc3, 0xff, 0xea,
0x75, 0xc3, 0xff, 0xea, 0x75, 0xc3, 0xff, 0xea, 0x75, 0xc3, 0xff, 0xea, 0x75, 0xc3, 0xff,
0xea, 0x75, 0xc3, 0xff, 0xea, 0x75, 0xc3, 0xff, 0xea, 0x75, 0xc3, 0xff, 0xea, 0x75, 0xc3,
0xff, 0xea, 0x74, 0xc3, 0xff, 0xea, 0x74, 0xc3, 0xff, 0xea, 0x74, 0xc3, 0xff, 0xea, 0x74,
0xc3, 0xff, 0xea, 0x74, 0xc3, 0xff, 0xea, 0x74, 0xc3, 0xff, 0xea, 0x74, 0xc3, 0xff, 0xea,
0x74, 0xc3, 0xff, 0xea, 0x74, 0xc3, 0xff, 0xea, 0x74, 0xc3, 0xff, 0xea, 0x74, 0xc3, 0xff,
0xea, 0x74, 0xc3, 0xff, 0xea, 0x75, 0xc3, 0xff, 0xea, 0x75, 0xc3, 0xff, 0xea, 0x75, 0xc3,
0xff, 0xea, 0x75, 0xc3, 0xff, 0xea, 0x75, 0xc3, 0xff, 0xea, 0x75, 0xc3, 0xff, 0xea, 0x75,
0xc3, 0xff, 0xea, 0x75, 0xc3, 0xff, 0xea, 0x75, 0xc3, 0xff, 0xea, 0x75, 0xc3, 0xff, 0xea,
0x75, 0xc3, 0xff, 0xea, 0x75, 0xc3, 0xff, 0xea, 0x73, 0xc2, 0xff, 0xeb, 0x7c, 0xc6, 0xff,
0xfd, 0xf1, 0xf9, 0xff, 0xff, 0xff, 0xff, 0xff, 0xff, 0xff, 0xff, 0xff, 0xff, 0xff, 0xff,
0xff, 0xff, 0xff, 0xff, 0xff, 0xff, 0xff, 0xff, 0xff, 0xff, 0xff, 0xff, 0xff, 0xf7, 0xc8,
0xe7, 0xff, 0xe9, 0x6e, 0xc0, 0xff, 0xea, 0x75, 0xc3, 0xff, 0xea, 0x75, 0xc3, 0xff, 0xea,
0x75, 0xc3, 0xff, 0xea, 0x75, 0xc3, 0xff, 0xea, 0x75, 0xc3, 0xff, 0xea, 0x75, 0xc3, 0xff,
0xea, 0x75, 0xc3, 0xff, 0xea, 0x75, 0xc3, 0xff, 0xea, 0x75, 0xc3, 0xff, 0xea, 0x75, 0xc3,
0xff, 0xea, 0x75, 0xc3, 0xff, 0xea, 0x75, 0xc3, 0xff, 0xea, 0x75, 0xc3, 0xff, 0xea, 0x75,
0xc3, 0xff, 0xea, 0x75, 0xc3, 0xff, 0xea, 0x75, 0xc3, 0xff, 0xea, 0x75, 0xc3, 0xff, 0xea,
0x75, 0xc3, 0xff, 0xea, 0x75, 0xc3, 0xff, 0xea, 0x75, 0xc3, 0xff, 0xea, 0x75, 0xc3, 0xff,
0xea, 0x75, 0xc3, 0xff, 0xea, 0x75, 0xc3, 0xff, 0xea, 0x75, 0xc3, 0xff, 0xea, 0x75, 0xc3,
0xff, 0xe8, 0x74, 0xc0, 0xad, 0xff, 0xff, 0xff, 0x00, 0xff, 0xff, 0xff, 0x00, 0xff, 0xff,
0xff, 0x00, 0xff, 0xff, 0xff, 0x00, 0xff, 0xff, 0xff, 0x00, 0xff, 0xff, 0xff, 0x00, 0xff,
0xff, 0xff, 0x00, 0xff, 0xff, 0xff, 0x00, 0xff, 0xff, 0xff, 0x00, 0xff, 0xff, 0xff, 0x00,
0xff, 0xff, 0xff, 0x00, 0xff, 0xff, 0xff, 0x00, 0xff, 0xff, 0xff, 0x00, 0xff, 0xff, 0xff,
0x00, 0xff, 0xff, 0xff, 0x00, 0xff, 0xff, 0xff, 0x00, 0xff, 0xff, 0xff, 0x00, 0xee, 0x77,
0xc6, 0x9d, 0xe9, 0x75, 0xc3, 0xff, 0xea, 0x75, 0xc3, 0xff, 0xea, 0x75, 0xc3, 0xff, 0xea,
0x75, 0xc3, 0xff, 0xea, 0x75, 0xc3, 0xff, 0xea, 0x75, 0xc3, 0xff, 0xea, 0x75, 0xc3, 0xff,
0xea, 0x75, 0xc3, 0xff, 0xea, 0x75, 0xc3, 0xff, 0xea, 0x75, 0xc3, 0xff, 0xea, 0x75, 0xc3,
0xff, 0xea, 0x75, 0xc3, 0xff, 0xea, 0x75, 0xc3, 0xff, 0xea, 0x75, 0xc3, 0xff, 0xea, 0x75,
0xc3, 0xff, 0xea, 0x75, 0xc3, 0xff, 0xea, 0x75, 0xc3, 0xff, 0xea, 0x75, 0xc3, 0xff, 0xea,
0x75, 0xc3, 0xff, 0xea, 0x75, 0xc3, 0xff, 0xea, 0x75, 0xc3, 0xff, 0xea, 0x75, 0xc3, 0xff,
0xea, 0x75, 0xc3, 0xff, 0xea, 0x75, 0xc3, 0xff, 0xea, 0x75, 0xc3, 0xff, 0xe9, 0x6e, 0xc0,
0xff, 0xf2, 0xa7, 0xd9, 0xff, 0xff, 0xff, 0xff, 0xff, 0xff, 0xff, 0xff, 0xff, 0xff, 0xff,
0xff, 0xff, 0xff, 0xff, 0xff, 0xff, 0xff, 0xff, 0xff, 0xff, 0xff, 0xff, 0xff, 0xff, 0xfd,
0xf3, 0xfa, 0xff, 0xeb, 0x7e, 0xc7, 0xff, 0xea, 0x73, 0xc2, 0xff, 0xea, 0x75, 0xc3, 0xff,
0xea, 0x75, 0xc3, 0xff, 0xea, 0x75, 0xc3, 0xff, 0xea, 0x75, 0xc3, 0xff, 0xea, 0x75, 0xc3,
0xff, 0xea, 0x75, 0xc3, 0xff, 0xea, 0x75, 0xc3, 0xff, 0xea, 0x75, 0xc3, 0xff, 0xea, 0x75,
0xc3, 0xff, 0xea, 0x75, 0xc3, 0xff, 0xea, 0x75, 0xc3, 0xff, 0xea, 0x75, 0xc3, 0xff, 0xea,
0x75, 0xc3, 0xff, 0xea, 0x75, 0xc3, 0xff, 0xea, 0x75, 0xc3, 0xff, 0xea, 0x75, 0xc3, 0xff,
0xea, 0x75, 0xc3, 0xff, 0xea, 0x75, 0xc3, 0xff, 0xea, 0x75, 0xc3, 0xff, 0xea, 0x75, 0xc3,
0xff, 0xea, 0x75, 0xc3, 0xff, 0xea, 0x75, 0xc3, 0xff, 0xea, 0x75, 0xc3, 0xff, 0xea, 0x75,
0xc3, 0xff, 0xea, 0x75, 0xc3, 0xff, 0xea, 0x75, 0xc3, 0xff, 0xea, 0x75, 0xc3, 0xff, 0xea,
0x75, 0xc3, 0xff, 0xea, 0x75, 0xc3, 0xff, 0xea, 0x75, 0xc3, 0xff, 0xea, 0x75, 0xc3, 0xff,
0xea, 0x75, 0xc3, 0xff, 0xea, 0x75, 0xc3, 0xff, 0xea, 0x75, 0xc3, 0xff, 0xea, 0x75, 0xc3,
0xff, 0xea, 0x75, 0xc3, 0xff, 0xea, 0x75, 0xc3, 0xff, 0xea, 0x73, 0xc2, 0xff, 0xeb, 0x7c,
0xc6, 0xff, 0xfd, 0xf1, 0xf9, 0xff, 0xff, 0xff, 0xff, 0xff, 0xff, 0xff, 0xff, 0xff, 0xff,
0xff, 0xff, 0xff, 0xff, 0xff, 0xff, 0xff, 0xff, 0xff, 0xff, 0xff, 0xff, 0xff, 0xff, 0xff,
0xf7, 0xc8, 0xe7, 0xff, 0xe9, 0x6e, 0xc0, 0xff, 0xea, 0x75, 0xc3, 0xff, 0xea, 0x75, 0xc3,
0xff, 0xea, 0x75, 0xc3, 0xff, 0xea, 0x75, 0xc3, 0xff, 0xea, 0x75, 0xc3, 0xff, 0xea, 0x75,
0xc3, 0xff, 0xea, 0x75, 0xc3, 0xff, 0xea, 0x75, 0xc3, 0xff, 0xea, 0x75, 0xc3, 0xff, 0xea,
0x75, 0xc3, 0xff, 0xea, 0x75, 0xc3, 0xff, 0xea, 0x75, 0xc3, 0xff, 0xea, 0x75, 0xc3, 0xff,
0xea, 0x75, 0xc3, 0xff, 0xea, 0x75, 0xc3, 0xff, 0xea, 0x75, 0xc3, 0xff, 0xea, 0x75, 0xc3,
0xff, 0xea, 0x75, 0xc3, 0xff, 0xea, 0x75, 0xc3, 0xff, 0xea, 0x75, 0xc3, 0xff, 0xea, 0x75,
0xc3, 0xff, 0xea, 0x75, 0xc3, 0xff, 0xea, 0x75, 0xc3, 0xff, 0xea, 0x75, 0xc3, 0xff, 0xea,
0x75, 0xc3, 0xff, 0xed, 0x76, 0xc5, 0x88, 0xff, 0xff, 0xff, 0x00, 0xff, 0xff, 0xff, 0x00,
0xff, 0xff, 0xff, 0x00, 0xff, 0xff, 0xff, 0x00, 0xff, 0xff, 0xff, 0x00, 0xff, 0xff, 0xff,
0x00, 0xff, 0xff, 0xff, 0x00, 0xff, 0xff, 0xff, 0x00, 0xff, 0xff, 0xff, 0x00, 0xff, 0xff,
0xff, 0x00, 0xff, 0xff, 0xff, 0x00, 0xff, 0xff, 0xff, 0x00, 0xff, 0xff, 0xff, 0x00, 0xff,
0xff, 0xff, 0x00, 0xff, 0xff, 0xff, 0x00, 0xff, 0xff, 0xff, 0x00, 0xff, 0xff, 0xff, 0x00,
0xc2, 0x60, 0xa2, 0x81, 0xef, 0x78, 0xc7, 0xff, 0xea, 0x75, 0xc3, 0xff, 0xea, 0x75, 0xc3,
0xff, 0xea, 0x75, 0xc3, 0xff, 0xea, 0x75, 0xc3, 0xff, 0xea, 0x75, 0xc3, 0xff, 0xea, 0x75,
0xc3, 0xff, 0xea, 0x75, 0xc3, 0xff, 0xea, 0x75, 0xc3, 0xff, 0xea, 0x75, 0xc3, 0xff, 0xea,
0x75, 0xc3, 0xff, 0xea, 0x75, 0xc3, 0xff, 0xea, 0x75, 0xc3, 0xff, 0xea, 0x75, 0xc3, 0xff,
0xea, 0x75, 0xc3, 0xff, 0xea, 0x75, 0xc3, 0xff, 0xea, 0x75, 0xc3, 0xff, 0xea, 0x75, 0xc3,
0xff, 0xea, 0x75, 0xc3, 0xff, 0xea, 0x75, 0xc3, 0xff, 0xea, 0x75, 0xc3, 0xff, 0xea, 0x75,
0xc3, 0xff, 0xea, 0x75, 0xc3, 0xff, 0xea, 0x75, 0xc3, 0xff, 0xea, 0x75, 0xc3, 0xff, 0xe9,
0x6e, 0xc0, 0xff, 0xf2, 0xa7, 0xd9, 0xff, 0xff, 0xff, 0xff, 0xff, 0xff, 0xff, 0xff, 0xff,
0xff, 0xff, 0xff, 0xff, 0xff, 0xff, 0xff, 0xff, 0xff, 0xff, 0xff, 0xff, 0xff, 0xff, 0xff,
0xff, 0xfd, 0xf3, 0xfa, 0xff, 0xeb, 0x7e, 0xc7, 0xff, 0xea, 0x73, 0xc2, 0xff, 0xea, 0x75,
0xc3, 0xff, 0xea, 0x75, 0xc3, 0xff, 0xea, 0x75, 0xc3, 0xff, 0xea, 0x75, 0xc3, 0xff, 0xea,
0x75, 0xc3, 0xff, 0xea, 0x75, 0xc3, 0xff, 0xea, 0x75, 0xc3, 0xff, 0xea, 0x75, 0xc3, 0xff,
0xea, 0x75, 0xc3, 0xff, 0xea, 0x75, 0xc3, 0xff, 0xea, 0x75, 0xc3, 0xff, 0xea, 0x75, 0xc3,
0xff, 0xea, 0x75, 0xc3, 0xff, 0xea, 0x75, 0xc3, 0xff, 0xea, 0x75, 0xc3, 0xff, 0xea, 0x75,
0xc3, 0xff, 0xea, 0x75, 0xc3, 0xff, 0xea, 0x75, 0xc3, 0xff, 0xea, 0x75, 0xc3, 0xff, 0xea,
0x75, 0xc3, 0xff, 0xea, 0x75, 0xc3, 0xff, 0xea, 0x75, 0xc3, 0xff, 0xea, 0x75, 0xc3, 0xff,
0xea, 0x75, 0xc3, 0xff, 0xea, 0x75, 0xc3, 0xff, 0xea, 0x75, 0xc3, 0xff, 0xea, 0x75, 0xc3,
0xff, 0xea, 0x75, 0xc3, 0xff, 0xea, 0x75, 0xc3, 0xff, 0xea, 0x75, 0xc3, 0xff, 0xea, 0x75,
0xc3, 0xff, 0xea, 0x75, 0xc3, 0xff, 0xea, 0x75, 0xc3, 0xff, 0xea, 0x75, 0xc3, 0xff, 0xea,
0x75, 0xc3, 0xff, 0xea, 0x75, 0xc3, 0xff, 0xea, 0x75, 0xc3, 0xff, 0xea, 0x73, 0xc2, 0xff,
0xeb, 0x7c, 0xc6, 0xff, 0xfd, 0xf1, 0xf9, 0xff, 0xff, 0xff, 0xff, 0xff, 0xff, 0xff, 0xff,
0xff, 0xff, 0xff, 0xff, 0xff, 0xff, 0xff, 0xff, 0xff, 0xff, 0xff, 0xff, 0xff, 0xff, 0xff,
0xff, 0xff, 0xf7, 0xc8, 0xe7, 0xff, 0xe9, 0x6e, 0xc0, 0xff, 0xea, 0x75, 0xc3, 0xff, 0xea,
0x75, 0xc3, 0xff, 0xea, 0x75, 0xc3, 0xff, 0xea, 0x75, 0xc3, 0xff, 0xea, 0x75, 0xc3, 0xff,
0xea, 0x75, 0xc3, 0xff, 0xea, 0x75, 0xc3, 0xff, 0xea, 0x75, 0xc3, 0xff, 0xea, 0x75, 0xc3,
0xff, 0xea, 0x75, 0xc3, 0xff, 0xea, 0x75, 0xc3, 0xff, 0xea, 0x75, 0xc3, 0xff, 0xea, 0x75,
0xc3, 0xff, 0xea, 0x75, 0xc3, 0xff, 0xea, 0x75, 0xc3, 0xff, 0xea, 0x75, 0xc3, 0xff, 0xea,
0x75, 0xc3, 0xff, 0xea, 0x75, 0xc3, 0xff, 0xea, 0x75, 0xc3, 0xff, 0xea, 0x75, 0xc3, 0xff,
0xea, 0x75, 0xc3, 0xff, 0xea, 0x75, 0xc3, 0xff, 0xea, 0x75, 0xc3, 0xff, 0xea, 0x75, 0xc3,
0xff, 0xeb, 0x76, 0xc4, 0xff, 0xd2, 0x69, 0xaf, 0x5e, 0xff, 0xff, 0xff, 0x00, 0xff, 0xff,
0xff, 0x00, 0xff, 0xff, 0xff, 0x00, 0xff, 0xff, 0xff, 0x00, 0xff, 0xff, 0xff, 0x00, 0xff,
0xff, 0xff, 0x00, 0xff, 0xff, 0xff, 0x00, 0xff, 0xff, 0xff, 0x00, 0xff, 0xff, 0xff, 0x00,
0xff, 0xff, 0xff, 0x00, 0xff, 0xff, 0xff, 0x00, 0xff, 0xff, 0xff, 0x00, 0xff, 0xff, 0xff,
0x00, 0xff, 0xff, 0xff, 0x00, 0xff, 0xff, 0xff, 0x00, 0xff, 0xff, 0xff, 0x00, 0xff, 0xff,
0xff, 0x00, 0xe0, 0x70, 0xba, 0x5f, 0xeb, 0x76, 0xc4, 0xff, 0xea, 0x75, 0xc3, 0xff, 0xea,
0x75, 0xc3, 0xff, 0xea, 0x75, 0xc3, 0xff, 0xea, 0x75, 0xc3, 0xff, 0xea, 0x75, 0xc3, 0xff,
0xea, 0x75, 0xc3, 0xff, 0xea, 0x75, 0xc3, 0xff, 0xea, 0x75, 0xc3, 0xff, 0xea, 0x75, 0xc3,
0xff, 0xea, 0x75, 0xc3, 0xff, 0xea, 0x75, 0xc3, 0xff, 0xea, 0x75, 0xc3, 0xff, 0xea, 0x75,
0xc3, 0xff, 0xea, 0x75, 0xc3, 0xff, 0xea, 0x75, 0xc3, 0xff, 0xea, 0x75, 0xc3, 0xff, 0xea,
0x75, 0xc3, 0xff, 0xea, 0x75, 0xc3, 0xff, 0xea, 0x75, 0xc3, 0xff, 0xea, 0x75, 0xc3, 0xff,
0xea, 0x75, 0xc3, 0xff, 0xea, 0x75, 0xc3, 0xff, 0xea, 0x75, 0xc3, 0xff, 0xea, 0x75, 0xc3,
0xff, 0xe9, 0x6e, 0xc0, 0xff, 0xf2, 0xa7, 0xd9, 0xff, 0xff, 0xff, 0xff, 0xff, 0xff, 0xff,
0xff, 0xff, 0xff, 0xff, 0xff, 0xff, 0xff, 0xff, 0xff, 0xff, 0xff, 0xff, 0xff, 0xff, 0xff,
0xff, 0xff, 0xff, 0xfd, 0xf3, 0xfa, 0xff, 0xeb, 0x7e, 0xc7, 0xff, 0xea, 0x73, 0xc2, 0xff,
0xea, 0x75, 0xc3, 0xff, 0xea, 0x75, 0xc3, 0xff, 0xea, 0x75, 0xc3, 0xff, 0xea, 0x75, 0xc3,
0xff, 0xea, 0x75, 0xc3, 0xff, 0xea, 0x75, 0xc3, 0xff, 0xea, 0x75, 0xc3, 0xff, 0xea, 0x75,
0xc3, 0xff, 0xea, 0x75, 0xc3, 0xff, 0xea, 0x75, 0xc3, 0xff, 0xea, 0x75, 0xc3, 0xff, 0xea,
0x75, 0xc3, 0xff, 0xea, 0x75, 0xc3, 0xff, 0xea, 0x75, 0xc3, 0xff, 0xea, 0x75, 0xc3, 0xff,
0xea, 0x75, 0xc3, 0xff, 0xea, 0x75, 0xc3, 0xff, 0xea, 0x75, 0xc3, 0xff, 0xea, 0x75, 0xc3,
0xff, 0xea, 0x75, 0xc3, 0xff, 0xea, 0x75, 0xc3, 0xff, 0xea, 0x75, 0xc3, 0xff, 0xea, 0x75,
0xc3, 0xff, 0xea, 0x75, 0xc3, 0xff, 0xea, 0x75, 0xc3, 0xff, 0xea, 0x75, 0xc3, 0xff, 0xea,
0x75, 0xc3, 0xff, 0xea, 0x75, 0xc3, 0xff, 0xea, 0x75, 0xc3, 0xff, 0xea, 0x75, 0xc3, 0xff,
0xea, 0x75, 0xc3, 0xff, 0xea, 0x75, 0xc3, 0xff, 0xea, 0x75, 0xc3, 0xff, 0xea, 0x75, 0xc3,
0xff, 0xea, 0x75, 0xc3, 0xff, 0xea, 0x75, 0xc3, 0xff, 0xea, 0x75, 0xc3, 0xff, 0xea, 0x73,
0xc2, 0xff, 0xeb, 0x7c, 0xc6, 0xff, 0xfd, 0xf1, 0xf9, 0xff, 0xff, 0xff, 0xff, 0xff, 0xff,
0xff, 0xff, 0xff, 0xff, 0xff, 0xff, 0xff, 0xff, 0xff, 0xff, 0xff, 0xff, 0xff, 0xff, 0xff,
0xff, 0xff, 0xff, 0xff, 0xf7, 0xc8, 0xe7, 0xff, 0xe9, 0x6e, 0xc0, 0xff, 0xea, 0x75, 0xc3,
0xff, 0xea, 0x75, 0xc3, 0xff, 0xea, 0x75, 0xc3, 0xff, 0xea, 0x75, 0xc3, 0xff, 0xea, 0x75,
0xc3, 0xff, 0xea, 0x75, 0xc3, 0xff, 0xea, 0x75, 0xc3, 0xff, 0xea, 0x75, 0xc3, 0xff, 0xea,
0x75, 0xc3, 0xff, 0xea, 0x75, 0xc3, 0xff, 0xea, 0x75, 0xc3, 0xff, 0xea, 0x75, 0xc3, 0xff,
0xea, 0x75, 0xc3, 0xff, 0xea, 0x75, 0xc3, 0xff, 0xea, 0x75, 0xc3, 0xff, 0xea, 0x75, 0xc3,
0xff, 0xea, 0x75, 0xc3, 0xff, 0xea, 0x75, 0xc3, 0xff, 0xea, 0x75, 0xc3, 0xff, 0xea, 0x75,
0xc3, 0xff, 0xea, 0x75, 0xc3, 0xff, 0xea, 0x75, 0xc3, 0xff, 0xea, 0x75, 0xc3, 0xff, 0xea,
0x75, 0xc3, 0xff, 0xed, 0x77, 0xc6, 0xfd, 0x9f, 0x4f, 0x84, 0x32, 0xff, 0xff, 0xff, 0x00,
0xff, 0xff, 0xff, 0x00, 0xff, 0xff, 0xff, 0x00, 0xff, 0xff, 0xff, 0x00, 0xff, 0xff, 0xff,
0x00, 0xff, 0xff, 0xff, 0x00, 0xff, 0xff, 0xff, 0x00, 0xff, 0xff, 0xff, 0x00, 0xff, 0xff,
0xff, 0x00, 0xff, 0xff, 0xff, 0x00, 0xff, 0xff, 0xff, 0x00, 0xff, 0xff, 0xff, 0x00, 0xff,
0xff, 0xff, 0x00, 0xff, 0xff, 0xff, 0x00, 0xff, 0xff, 0xff, 0x00, 0xff, 0xff, 0xff, 0x00,
0xff, 0xff, 0xff, 0x00, 0xeb, 0x75, 0xc1, 0x3e, 0xea, 0x75, 0xc3, 0xff, 0xea, 0x75, 0xc3,
0xff, 0xea, 0x75, 0xc3, 0xff, 0xea, 0x75, 0xc3, 0xff, 0xea, 0x75, 0xc3, 0xff, 0xea, 0x75,
0xc3, 0xff, 0xea, 0x75, 0xc3, 0xff, 0xea, 0x75, 0xc3, 0xff, 0xea, 0x75, 0xc3, 0xff, 0xea,
0x75, 0xc3, 0xff, 0xea, 0x75, 0xc3, 0xff, 0xea, 0x75, 0xc3, 0xff, 0xea, 0x75, 0xc3, 0xff,
0xea, 0x75, 0xc3, 0xff, 0xea, 0x75, 0xc3, 0xff, 0xea, 0x75, 0xc3, 0xff, 0xea, 0x75, 0xc3,
0xff, 0xea, 0x75, 0xc3, 0xff, 0xea, 0x75, 0xc3, 0xff, 0xea, 0x75, 0xc3, 0xff, 0xea, 0x75,
0xc3, 0xff, 0xea, 0x75, 0xc3, 0xff, 0xea, 0x75, 0xc3, 0xff, 0xea, 0x75, 0xc3, 0xff, 0xea,
0x75, 0xc3, 0xff, 0xe9, 0x6e, 0xc0, 0xff, 0xf2, 0xa7, 0xd9, 0xff, 0xff, 0xff, 0xff, 0xff,
0xff, 0xff, 0xff, 0xff, 0xff, 0xff, 0xff, 0xff, 0xff, 0xff, 0xff, 0xff, 0xff, 0xff, 0xff,
0xff, 0xff, 0xff, 0xff, 0xff, 0xfd, 0xf3, 0xfa, 0xff, 0xeb, 0x7e, 0xc7, 0xff, 0xea, 0x73,
0xc2, 0xff, 0xea, 0x75, 0xc3, 0xff, 0xea, 0x75, 0xc3, 0xff, 0xea, 0x75, 0xc3, 0xff, 0xea,
0x75, 0xc3, 0xff, 0xea, 0x75, 0xc3, 0xff, 0xea, 0x75, 0xc3, 0xff, 0xea, 0x75, 0xc3, 0xff,
0xea, 0x75, 0xc3, 0xff, 0xea, 0x75, 0xc3, 0xff, 0xea, 0x75, 0xc3, 0xff, 0xea, 0x75, 0xc3,
0xff, 0xea, 0x75, 0xc3, 0xff, 0xea, 0x75, 0xc3, 0xff, 0xea, 0x75, 0xc3, 0xff, 0xea, 0x75,
0xc3, 0xff, 0xea, 0x75, 0xc3, 0xff, 0xea, 0x75, 0xc3, 0xff, 0xea, 0x75, 0xc3, 0xff, 0xea,
0x75, 0xc3, 0xff, 0xea, 0x75, 0xc3, 0xff, 0xea, 0x75, 0xc3, 0xff, 0xea, 0x75, 0xc3, 0xff,
0xea, 0x75, 0xc3, 0xff, 0xea, 0x75, 0xc3, 0xff, 0xea, 0x75, 0xc3, 0xff, 0xea, 0x75, 0xc3,
0xff, 0xea, 0x75, 0xc3, 0xff, 0xea, 0x75, 0xc3, 0xff, 0xea, 0x75, 0xc3, 0xff, 0xea, 0x75,
0xc3, 0xff, 0xea, 0x75, 0xc3, 0xff, 0xea, 0x75, 0xc3, 0xff, 0xea, 0x75, 0xc3, 0xff, 0xea,
0x75, 0xc3, 0xff, 0xea, 0x75, 0xc3, 0xff, 0xea, 0x75, 0xc3, 0xff, 0xea, 0x75, 0xc3, 0xff,
0xea, 0x73, 0xc2, 0xff, 0xeb, 0x7c, 0xc6, 0xff, 0xfd, 0xf1, 0xf9, 0xff, 0xff, 0xff, 0xff,
0xff, 0xff, 0xff, 0xff, 0xff, 0xff, 0xff, 0xff, 0xff, 0xff, 0xff, 0xff, 0xff, 0xff, 0xff,
0xff, 0xff, 0xff, 0xff, 0xff, 0xff, 0xf7, 0xc8, 0xe7, 0xff, 0xe9, 0x6e, 0xc0, 0xff, 0xea,
0x75, 0xc3, 0xff, 0xea, 0x75, 0xc3, 0xff, 0xea, 0x75, 0xc3, 0xff, 0xea, 0x75, 0xc3, 0xff,
0xea, 0x75, 0xc3, 0xff, 0xea, 0x75, 0xc3, 0xff, 0xea, 0x75, 0xc3, 0xff, 0xea, 0x75, 0xc3,
0xff, 0xea, 0x75, 0xc3, 0xff, 0xea, 0x75, 0xc3, 0xff, 0xea, 0x75, 0xc3, 0xff, 0xea, 0x75,
0xc3, 0xff, 0xea, 0x75, 0xc3, 0xff, 0xea, 0x75, 0xc3, 0xff, 0xea, 0x75, 0xc3, 0xff, 0xea,
0x75, 0xc3, 0xff, 0xea, 0x75, 0xc3, 0xff, 0xea, 0x75, 0xc3, 0xff, 0xea, 0x75, 0xc3, 0xff,
0xea, 0x75, 0xc3, 0xff, 0xea, 0x75, 0xc3, 0xff, 0xea, 0x75, 0xc3, 0xff, 0xea, 0x75, 0xc3,
0xff, 0xea, 0x75, 0xc3, 0xff, 0xe8, 0x74, 0xc2, 0xea, 0xd5, 0x6a, 0xbe, 0x11, 0xff, 0xff,
0xff, 0x00, 0xff, 0xff, 0xff, 0x00, 0xff, 0xff, 0xff, 0x00, 0xff, 0xff, 0xff, 0x00, 0xff,
0xff, 0xff, 0x00, 0xff, 0xff, 0xff, 0x00, 0xff, 0xff, 0xff, 0x00, 0xff, 0xff, 0xff, 0x00,
0xff, 0xff, 0xff, 0x00, 0xff, 0xff, 0xff, 0x00, 0xff, 0xff, 0xff, 0x00, 0xff, 0xff, 0xff,
0x00, 0xff, 0xff, 0xff, 0x00, 0xff, 0xff, 0xff, 0x00, 0xff, 0xff, 0xff, 0x00, 0xff, 0xff,
0xff, 0x00, 0xff, 0xff, 0xff, 0x00, 0xe9, 0x73, 0xc2, 0x2a, 0xea, 0x75, 0xc3, 0xfc, 0xea,
0x75, 0xc3, 0xff, 0xea, 0x75, 0xc3, 0xff, 0xea, 0x75, 0xc3, 0xff, 0xea, 0x75, 0xc3, 0xff,
0xea, 0x75, 0xc3, 0xff, 0xea, 0x75, 0xc3, 0xff, 0xea, 0x75, 0xc3, 0xff, 0xea, 0x75, 0xc3,
0xff, 0xea, 0x75, 0xc3, 0xff, 0xea, 0x75, 0xc3, 0xff, 0xea, 0x75, 0xc3, 0xff, 0xea, 0x75,
0xc3, 0xff, 0xea, 0x75, 0xc3, 0xff, 0xea, 0x75, 0xc3, 0xff, 0xea, 0x75, 0xc3, 0xff, 0xea,
0x75, 0xc3, 0xff, 0xea, 0x75, 0xc3, 0xff, 0xea, 0x75, 0xc3, 0xff, 0xea, 0x75, 0xc3, 0xff,
0xea, 0x75, 0xc3, 0xff, 0xea, 0x75, 0xc3, 0xff, 0xea, 0x75, 0xc3, 0xff, 0xea, 0x75, 0xc3,
0xff, 0xea, 0x75, 0xc3, 0xff, 0xe9, 0x6e, 0xc0, 0xff, 0xf2, 0xa7, 0xd9, 0xff, 0xff, 0xff,
0xff, 0xff, 0xff, 0xff, 0xff, 0xff, 0xff, 0xff, 0xff, 0xff, 0xff, 0xff, 0xff, 0xff, 0xff,
0xff, 0xff, 0xff, 0xff, 0xff, 0xff, 0xff, 0xfd, 0xf3, 0xfa, 0xff, 0xeb, 0x7e, 0xc7, 0xff,
0xea, 0x73, 0xc2, 0xff, 0xea, 0x75, 0xc3, 0xff, 0xea, 0x75, 0xc3, 0xff, 0xea, 0x75, 0xc3,
0xff, 0xea, 0x75, 0xc3, 0xff, 0xea, 0x75, 0xc3, 0xff, 0xea, 0x75, 0xc3, 0xff, 0xea, 0x75,
0xc3, 0xff, 0xea, 0x75, 0xc3, 0xff, 0xea, 0x75, 0xc3, 0xff, 0xea, 0x75, 0xc3, 0xff, 0xea,
0x75, 0xc3, 0xff, 0xea, 0x75, 0xc3, 0xff, 0xea, 0x75, 0xc3, 0xff, 0xea, 0x75, 0xc3, 0xff,
0xea, 0x75, 0xc3, 0xff, 0xea, 0x75, 0xc3, 0xff, 0xea, 0x75, 0xc3, 0xff, 0xea, 0x75, 0xc3,
0xff, 0xea, 0x75, 0xc3, 0xff, 0xea, 0x75, 0xc3, 0xff, 0xea, 0x75, 0xc3, 0xff, 0xea, 0x75,
0xc3, 0xff, 0xea, 0x75, 0xc3, 0xff, 0xea, 0x75, 0xc3, 0xff, 0xea, 0x75, 0xc3, 0xff, 0xea,
0x75, 0xc3, 0xff, 0xea, 0x75, 0xc3, 0xff, 0xea, 0x75, 0xc3, 0xff, 0xea, 0x75, 0xc3, 0xff,
0xea, 0x75, 0xc3, 0xff, 0xea, 0x75, 0xc3, 0xff, 0xea, 0x75, 0xc3, 0xff, 0xea, 0x75, 0xc3,
0xff, 0xea, 0x75, 0xc3, 0xff, 0xea, 0x75, 0xc3, 0xff, 0xea, 0x75, 0xc3, 0xff, 0xea, 0x75,
0xc3, 0xff, 0xea, 0x73, 0xc2, 0xff, 0xeb, 0x7c, 0xc6, 0xff, 0xfd, 0xf1, 0xf9, 0xff, 0xff,
0xff, 0xff, 0xff, 0xff, 0xff, 0xff, 0xff, 0xff, 0xff, 0xff, 0xff, 0xff, 0xff, 0xff, 0xff,
0xff, 0xff, 0xff, 0xff, 0xff, 0xff, 0xff, 0xff, 0xf7, 0xc8, 0xe7, 0xff, 0xe9, 0x6e, 0xc0,
0xff, 0xea, 0x75, 0xc3, 0xff, 0xea, 0x75, 0xc3, 0xff, 0xea, 0x75, 0xc3, 0xff, 0xea, 0x75,
0xc3, 0xff, 0xea, 0x75, 0xc3, 0xff, 0xea, 0x75, 0xc3, 0xff, 0xea, 0x75, 0xc3, 0xff, 0xea,
0x75, 0xc3, 0xff, 0xea, 0x75, 0xc3, 0xff, 0xea, 0x75, 0xc3, 0xff, 0xea, 0x75, 0xc3, 0xff,
0xea, 0x75, 0xc3, 0xff, 0xea, 0x75, 0xc3, 0xff, 0xea, 0x75, 0xc3, 0xff, 0xea, 0x75, 0xc3,
0xff, 0xea, 0x75, 0xc3, 0xff, 0xea, 0x75, 0xc3, 0xff, 0xea, 0x75, 0xc3, 0xff, 0xea, 0x75,
0xc3, 0xff, 0xea, 0x75, 0xc3, 0xff, 0xea, 0x75, 0xc3, 0xff, 0xea, 0x75, 0xc3, 0xff, 0xea,
0x75, 0xc3, 0xff, 0xea, 0x75, 0xc3, 0xff, 0xea, 0x74, 0xc2, 0xd4, 0xe8, 0x6e, 0xbb, 0x03,
0xff, 0xff, 0xff, 0x00, 0xff, 0xff, 0xff, 0x00, 0xff, 0xff, 0xff, 0x00, 0xff, 0xff, 0xff,
0x00, 0xff, 0xff, 0xff, 0x00, 0xff, 0xff, 0xff, 0x00, 0xff, 0xff, 0xff, 0x00, 0xff, 0xff,
0xff, 0x00, 0xff, 0xff, 0xff, 0x00, 0xff, 0xff, 0xff, 0x00, 0xff, 0xff, 0xff, 0x00, 0xff,
0xff, 0xff, 0x00, 0xff, 0xff, 0xff, 0x00, 0xff, 0xff, 0xff, 0x00, 0xff, 0xff, 0xff, 0x00,
0xff, 0xff, 0xff, 0x00, 0xff, 0xff, 0xff, 0x00, 0xdc, 0x65, 0xc2, 0x12, 0xe9, 0x74, 0xc3,
0xec, 0xea, 0x75, 0xc3, 0xff, 0xea, 0x75, 0xc3, 0xff, 0xea, 0x75, 0xc3, 0xff, 0xea, 0x75,
0xc3, 0xff, 0xea, 0x75, 0xc3, 0xff, 0xea, 0x75, 0xc3, 0xff, 0xea, 0x75, 0xc3, 0xff, 0xea,
0x75, 0xc3, 0xff, 0xea, 0x75, 0xc3, 0xff, 0xea, 0x75, 0xc3, 0xff, 0xea, 0x75, 0xc3, 0xff,
0xea, 0x75, 0xc3, 0xff, 0xea, 0x75, 0xc3, 0xff, 0xea, 0x75, 0xc3, 0xff, 0xea, 0x75, 0xc3,
0xff, 0xea, 0x75, 0xc3, 0xff, 0xea, 0x75, 0xc3, 0xff, 0xea, 0x75, 0xc3, 0xff, 0xea, 0x75,
0xc3, 0xff, 0xea, 0x75, 0xc3, 0xff, 0xea, 0x75, 0xc3, 0xff, 0xea, 0x75, 0xc3, 0xff, 0xea,
0x75, 0xc3, 0xff, 0xea, 0x75, 0xc3, 0xff, 0xe9, 0x6e, 0xc0, 0xff, 0xf2, 0xa7, 0xd9, 0xff,
0xff, 0xff, 0xff, 0xff, 0xff, 0xff, 0xff, 0xff, 0xff, 0xff, 0xff, 0xff, 0xff, 0xff, 0xff,
0xff, 0xff, 0xff, 0xff, 0xff, 0xff, 0xff, 0xff, 0xff, 0xfd, 0xf3, 0xfa, 0xff, 0xeb, 0x7e,
0xc7, 0xff, 0xea, 0x73, 0xc2, 0xff, 0xea, 0x75, 0xc3, 0xff, 0xea, 0x75, 0xc3, 0xff, 0xea,
0x75, 0xc3, 0xff, 0xea, 0x75, 0xc3, 0xff, 0xea, 0x75, 0xc3, 0xff, 0xea, 0x75, 0xc3, 0xff,
0xea, 0x75, 0xc3, 0xff, 0xea, 0x75, 0xc3, 0xff, 0xea, 0x75, 0xc3, 0xff, 0xea, 0x75, 0xc3,
0xff, 0xea, 0x75, 0xc3, 0xff, 0xea, 0x75, 0xc3, 0xff, 0xea, 0x75, 0xc3, 0xff, 0xea, 0x75,
0xc3, 0xff, 0xea, 0x75, 0xc3, 0xff, 0xea, 0x75, 0xc3, 0xff, 0xea, 0x75, 0xc3, 0xff, 0xea,
0x75, 0xc3, 0xff, 0xea, 0x75, 0xc3, 0xff, 0xea, 0x75, 0xc3, 0xff, 0xea, 0x75, 0xc3, 0xff,
0xea, 0x75, 0xc3, 0xff, 0xea, 0x75, 0xc3, 0xff, 0xea, 0x75, 0xc3, 0xff, 0xea, 0x75, 0xc3,
0xff, 0xea, 0x75, 0xc3, 0xff, 0xea, 0x75, 0xc3, 0xff, 0xea, 0x75, 0xc3, 0xff, 0xea, 0x75,
0xc3, 0xff, 0xea, 0x75, 0xc3, 0xff, 0xea, 0x75, 0xc3, 0xff, 0xea, 0x75, 0xc3, 0xff, 0xea,
0x75, 0xc3, 0xff, 0xea, 0x75, 0xc3, 0xff, 0xea, 0x75, 0xc3, 0xff, 0xea, 0x75, 0xc3, 0xff,
0xea, 0x75, 0xc3, 0xff, 0xea, 0x73, 0xc2, 0xff, 0xeb, 0x7c, 0xc6, 0xff, 0xfd, 0xf1, 0xf9,
0xff, 0xff, 0xff, 0xff, 0xff, 0xff, 0xff, 0xff, 0xff, 0xff, 0xff, 0xff, 0xff, 0xff, 0xff,
0xff, 0xff, 0xff, 0xff, 0xff, 0xff, 0xff, 0xff, 0xff, 0xff, 0xf7, 0xc8, 0xe7, 0xff, 0xe9,
0x6e, 0xc0, 0xff, 0xea, 0x75, 0xc3, 0xff, 0xea, 0x75, 0xc3, 0xff, 0xea, 0x75, 0xc3, 0xff,
0xea, 0x75, 0xc3, 0xff, 0xea, 0x75, 0xc3, 0xff, 0xea, 0x75, 0xc3, 0xff, 0xea, 0x75, 0xc3,
0xff, 0xea, 0x75, 0xc3, 0xff, 0xea, 0x75, 0xc3, 0xff, 0xea, 0x75, 0xc3, 0xff, 0xea, 0x75,
0xc3, 0xff, 0xea, 0x75, 0xc3, 0xff, 0xea, 0x75, 0xc3, 0xff, 0xea, 0x75, 0xc3, 0xff, 0xea,
0x75, 0xc3, 0xff, 0xea, 0x75, 0xc3, 0xff, 0xea, 0x75, 0xc3, 0xff, 0xea, 0x75, 0xc3, 0xff,
0xea, 0x75, 0xc3, 0xff, 0xea, 0x75, 0xc3, 0xff, 0xea, 0x75, 0xc3, 0xff, 0xea, 0x75, 0xc3,
0xff, 0xea, 0x75, 0xc3, 0xff, 0xea, 0x75, 0xc3, 0xff, 0xe9, 0x74, 0xc2, 0xb4, 0xe4, 0x6b,
0xc0, 0x00, 0xff, 0xff, 0xff, 0x00, 0xff, 0xff, 0xff, 0x00, 0xff, 0xff, 0xff, 0x00, 0xff,
0xff, 0xff, 0x00, 0xff, 0xff, 0xff, 0x00, 0xff, 0xff, 0xff, 0x00, 0xff, 0xff, 0xff, 0x00,
0xff, 0xff, 0xff, 0x00, 0xff, 0xff, 0xff, 0x00, 0xff, 0xff, 0xff, 0x00, 0xff, 0xff, 0xff,
0x00, 0xff, 0xff, 0xff, 0x00, 0xff, 0xff, 0xff, 0x00, 0xff, 0xff, 0xff, 0x00, 0xff, 0xff,
0xff, 0x00, 0xff, 0xff, 0xff, 0x00, 0xff, 0xff, 0xff, 0x00, 0xe4, 0x6d, 0xc1, 0x00, 0xe9,
0x73, 0xc2, 0xba, 0xea, 0x75, 0xc3, 0xff, 0xea, 0x75, 0xc3, 0xff, 0xea, 0x75, 0xc3, 0xff,
0xea, 0x75, 0xc3, 0xff, 0xea, 0x75, 0xc3, 0xff, 0xea, 0x75, 0xc3, 0xff, 0xea, 0x75, 0xc3,
0xff, 0xea, 0x75, 0xc3, 0xff, 0xea, 0x75, 0xc3, 0xff, 0xea, 0x75, 0xc3, 0xff, 0xea, 0x75,
0xc3, 0xff, 0xea, 0x75, 0xc3, 0xff, 0xea, 0x75, 0xc3, 0xff, 0xea, 0x75, 0xc3, 0xff, 0xea,
0x75, 0xc3, 0xff, 0xea, 0x75, 0xc3, 0xff, 0xea, 0x75, 0xc3, 0xff, 0xea, 0x75, 0xc3, 0xff,
0xea, 0x75, 0xc3, 0xff, 0xea, 0x75, 0xc3, 0xff, 0xea, 0x75, 0xc3, 0xff, 0xea, 0x75, 0xc3,
0xff, 0xea, 0x75, 0xc3, 0xff, 0xea, 0x75, 0xc3, 0xff, 0xe9, 0x6e, 0xc0, 0xff, 0xf2, 0xa7,
0xd9, 0xff, 0xff, 0xff, 0xff, 0xff, 0xff, 0xff, 0xff, 0xff, 0xff, 0xff, 0xff, 0xff, 0xff,
0xff, 0xff, 0xff, 0xff, 0xff, 0xff, 0xff, 0xff, 0xff, 0xff, 0xff, 0xfd, 0xf3, 0xfa, 0xff,
0xeb, 0x7e, 0xc7, 0xff, 0xea, 0x73, 0xc2, 0xff, 0xea, 0x75, 0xc3, 0xff, 0xea, 0x75, 0xc3,
0xff, 0xea, 0x75, 0xc3, 0xff, 0xea, 0x75, 0xc3, 0xff, 0xea, 0x75, 0xc3, 0xff, 0xea, 0x75,
0xc3, 0xff, 0xea, 0x75, 0xc3, 0xff, 0xea, 0x75, 0xc3, 0xff, 0xea, 0x75, 0xc3, 0xff, 0xea,
0x75, 0xc3, 0xff, 0xea, 0x75, 0xc3, 0xff, 0xea, 0x75, 0xc3, 0xff, 0xea, 0x75, 0xc3, 0xff,
0xea, 0x75, 0xc3, 0xff, 0xea, 0x75, 0xc3, 0xff, 0xea, 0x75, 0xc3, 0xff, 0xea, 0x75, 0xc3,
0xff, 0xea, 0x75, 0xc3, 0xff, 0xea, 0x75, 0xc3, 0xff, 0xea, 0x75, 0xc3, 0xff, 0xea, 0x75,
0xc3, 0xff, 0xea, 0x75, 0xc3, 0xff, 0xea, 0x75, 0xc3, 0xff, 0xea, 0x75, 0xc3, 0xff, 0xea,
0x75, 0xc3, 0xff, 0xea, 0x75, 0xc3, 0xff, 0xea, 0x75, 0xc3, 0xff, 0xea, 0x75, 0xc3, 0xff,
0xea, 0x75, 0xc3, 0xff, 0xea, 0x75, 0xc3, 0xff, 0xea, 0x75, 0xc3, 0xff, 0xea, 0x75, 0xc3,
0xff, 0xea, 0x75, 0xc3, 0xff, 0xea, 0x75, 0xc3, 0xff, 0xea, 0x75, 0xc3, 0xff, 0xea, 0x75,
0xc3, 0xff, 0xea, 0x75, 0xc3, 0xff, 0xea, 0x73, 0xc2, 0xff, 0xeb, 0x7c, 0xc6, 0xff, 0xfd,
0xf1, 0xf9, 0xff, 0xff, 0xff, 0xff, 0xff, 0xff, 0xff, 0xff, 0xff, 0xff, 0xff, 0xff, 0xff,
0xff, 0xff, 0xff, 0xff, 0xff, 0xff, 0xff, 0xff, 0xff, 0xff, 0xff, 0xff, 0xf7, 0xc8, 0xe7,
0xff, 0xe9, 0x6e, 0xc0, 0xff, 0xea, 0x75, 0xc3, 0xff, 0xea, 0x75, 0xc3, 0xff, 0xea, 0x75,
0xc3, 0xff, 0xea, 0x75, 0xc3, 0xff, 0xea, 0x75, 0xc3, 0xff, 0xea, 0x75, 0xc3, 0xff, 0xea,
0x75, 0xc3, 0xff, 0xea, 0x75, 0xc3, 0xff, 0xea, 0x75, 0xc3, 0xff, 0xea, 0x75, 0xc3, 0xff,
0xea, 0x75, 0xc3, 0xff, 0xea, 0x75, 0xc3, 0xff, 0xea, 0x75, 0xc3, 0xff, 0xea, 0x75, 0xc3,
0xff, 0xea, 0x75, 0xc3, 0xff, 0xea, 0x75, 0xc3, 0xff, 0xea, 0x75, 0xc3, 0xff, 0xea, 0x75,
0xc3, 0xff, 0xea, 0x75, 0xc3, 0xff, 0xea, 0x75, 0xc3, 0xff, 0xea, 0x75, 0xc3, 0xff, 0xea,
0x75, 0xc3, 0xff, 0xea, 0x75, 0xc3, 0xff, 0xf2, 0x79, 0xca, 0xff, 0xaa, 0x50, 0x8f, 0x71,
0x6c, 0x2f, 0x5d, 0x00, 0xff, 0xff, 0xff, 0x00, 0xff, 0xff, 0xff, 0x00, 0xff, 0xff, 0xff,
0x00, 0xff, 0xff, 0xff, 0x00, 0xff, 0xff, 0xff, 0x00, 0xff, 0xff, 0xff, 0x00, 0xff, 0xff,
0xff, 0x00, 0xff, 0xff, 0xff, 0x00, 0xff, 0xff, 0xff, 0x00, 0xff, 0xff, 0xff, 0x00, 0xff,
0xff, 0xff, 0x00, 0xff, 0xff, 0xff, 0x00, 0xff, 0xff, 0xff, 0x00, 0xff, 0xff, 0xff, 0x00,
0xff, 0xff, 0xff, 0x00, 0xff, 0xff, 0xff, 0x00, 0xff, 0xff, 0xff, 0x00, 0xed, 0x77, 0xc2,
0x00, 0xec, 0x77, 0xc2, 0x6d, 0xea, 0x75, 0xc3, 0xff, 0xea, 0x75, 0xc3, 0xff, 0xea, 0x75,
0xc3, 0xff, 0xea, 0x75, 0xc3, 0xff, 0xea, 0x75, 0xc3, 0xff, 0xea, 0x75, 0xc3, 0xff, 0xea,
0x75, 0xc3, 0xff, 0xea, 0x75, 0xc3, 0xff, 0xea, 0x75, 0xc3, 0xff, 0xea, 0x75, 0xc3, 0xff,
0xea, 0x75, 0xc3, 0xff, 0xea, 0x75, 0xc3, 0xff, 0xea, 0x75, 0xc3, 0xff, 0xea, 0x75, 0xc3,
0xff, 0xea, 0x75, 0xc3, 0xff, 0xea, 0x75, 0xc3, 0xff, 0xea, 0x75, 0xc3, 0xff, 0xea, 0x75,
0xc3, 0xff, 0xea, 0x75, 0xc3, 0xff, 0xea, 0x75, 0xc3, 0xff, 0xea, 0x75, 0xc3, 0xff, 0xea,
0x75, 0xc3, 0xff, 0xea, 0x75, 0xc3, 0xff, 0xea, 0x75, 0xc3, 0xff, 0xe9, 0x6e, 0xc0, 0xff,
0xf2, 0xa7, 0xd9, 0xff, 0xff, 0xff, 0xff, 0xff, 0xff, 0xff, 0xff, 0xff, 0xff, 0xff, 0xff,
0xff, 0xff, 0xff, 0xff, 0xff, 0xff, 0xff, 0xff, 0xff, 0xff, 0xff, 0xff, 0xff, 0xfd, 0xf3,
0xfa, 0xff, 0xea, 0x7b, 0xc6, 0xff, 0xe9, 0x70, 0xc0, 0xff, 0xe9, 0x72, 0xc2, 0xff, 0xe9,
0x72, 0xc2, 0xff, 0xe9, 0x72, 0xc2, 0xff, 0xe9, 0x72, 0xc2, 0xff, 0xe9, 0x72, 0xc2, 0xff,
0xe9, 0x72, 0xc2, 0xff, 0xe9, 0x72, 0xc2, 0xff, 0xe9, 0x72, 0xc2, 0xff, 0xe9, 0x72, 0xc2,
0xff, 0xe9, 0x72, 0xc2, 0xff, 0xe9, 0x72, 0xc2, 0xff, 0xe9, 0x72, 0xc2, 0xff, 0xe9, 0x72,
0xc2, 0xff, 0xe9, 0x72, 0xc2, 0xff, 0xe9, 0x72, 0xc2, 0xff, 0xe9, 0x72, 0xc2, 0xff, 0xe9,
0x72, 0xc2, 0xff, 0xe9, 0x72, 0xc2, 0xff, 0xe9, 0x72, 0xc2, 0xff, 0xe9, 0x72, 0xc2, 0xff,
0xe9, 0x72, 0xc2, 0xff, 0xe9, 0x72, 0xc2, 0xff, 0xe9, 0x72, 0xc2, 0xff, 0xe9, 0x72, 0xc2,
0xff, 0xe9, 0x72, 0xc2, 0xff, 0xe9, 0x72, 0xc2, 0xff, 0xe9, 0x72, 0xc2, 0xff, 0xe9, 0x72,
0xc2, 0xff, 0xe9, 0x72, 0xc2, 0xff, 0xe9, 0x72, 0xc2, 0xff, 0xe9, 0x72, 0xc2, 0xff, 0xe9,
0x72, 0xc2, 0xff, 0xe9, 0x72, 0xc2, 0xff, 0xe9, 0x72, 0xc2, 0xff, 0xe9, 0x72, 0xc2, 0xff,
0xe9, 0x72, 0xc2, 0xff, 0xe9, 0x72, 0xc2, 0xff, 0xe9, 0x70, 0xc0, 0xff, 0xea, 0x79, 0xc5,
0xff, 0xfd, 0xf1, 0xf9, 0xff, 0xff, 0xff, 0xff, 0xff, 0xff, 0xff, 0xff, 0xff, 0xff, 0xff,
0xff, 0xff, 0xff, 0xff, 0xff, 0xff, 0xff, 0xff, 0xff, 0xff, 0xff, 0xff, 0xff, 0xff, 0xf7,
0xc8, 0xe7, 0xff, 0xe9, 0x6e, 0xc0, 0xff, 0xea, 0x75, 0xc3, 0xff, 0xea, 0x75, 0xc3, 0xff,
0xea, 0x75, 0xc3, 0xff, 0xea, 0x75, 0xc3, 0xff, 0xea, 0x75, 0xc3, 0xff, 0xea, 0x75, 0xc3,
0xff, 0xea, 0x75, 0xc3, 0xff, 0xea, 0x75, 0xc3, 0xff, 0xea, 0x75, 0xc3, 0xff, 0xea, 0x75,
0xc3, 0xff, 0xea, 0x75, 0xc3, 0xff, 0xea, 0x75, 0xc3, 0xff, 0xea, 0x75, 0xc3, 0xff, 0xea,
0x75, 0xc3, 0xff, 0xea, 0x75, 0xc3, 0xff, 0xea, 0x75, 0xc3, 0xff, 0xea, 0x75, 0xc3, 0xff,
0xea, 0x75, 0xc3, 0xff, 0xea, 0x75, 0xc3, 0xff, 0xea, 0x75, 0xc3, 0xff, 0xea, 0x75, 0xc3,
0xff, 0xea, 0x75, 0xc3, 0xff, 0xea, 0x75, 0xc3, 0xff, 0xea, 0x75, 0xc3, 0xfa, 0xb3, 0x39,
0xa0, 0x2b, 0xa2, 0x29, 0x95, 0x00, 0xff, 0xff, 0xff, 0x00, 0xff, 0xff, 0xff, 0x00, 0xff,
0xff, 0xff, 0x00, 0xff, 0xff, 0xff, 0x00, 0xff, 0xff, 0xff, 0x00, 0xff, 0xff, 0xff, 0x00,
0xff, 0xff, 0xff, 0x00, 0xff, 0xff, 0xff, 0x00, 0xff, 0xff, 0xff, 0x00, 0xff, 0xff, 0xff,
0x00, 0xff, 0xff, 0xff, 0x00, 0xff, 0xff, 0xff, 0x00, 0xff, 0xff, 0xff, 0x00, 0xff, 0xff,
0xff, 0x00, 0xff, 0xff, 0xff, 0x00, 0xff, 0xff, 0xff, 0x00, 0xff, 0xff, 0xff, 0x00, 0xd5,
0x5f, 0xb3, 0x00, 0xd9, 0x63, 0xb6, 0x30, 0xea, 0x75, 0xc3, 0xff, 0xea, 0x75, 0xc3, 0xff,
0xea, 0x75, 0xc3, 0xff, 0xea, 0x75, 0xc3, 0xff, 0xea, 0x75, 0xc3, 0xff, 0xea, 0x75, 0xc3,
0xff, 0xea, 0x75, 0xc3, 0xff, 0xea, 0x75, 0xc3, 0xff, 0xea, 0x75, 0xc3, 0xff, 0xea, 0x75,
0xc3, 0xff, 0xea, 0x75, 0xc3, 0xff, 0xea, 0x75, 0xc3, 0xff, 0xea, 0x75, 0xc3, 0xff, 0xea,
0x75, 0xc3, 0xff, 0xea, 0x75, 0xc3, 0xff, 0xea, 0x75, 0xc3, 0xff, 0xea, 0x75, 0xc3, 0xff,
0xea, 0x75, 0xc3, 0xff, 0xea, 0x75, 0xc3, 0xff, 0xea, 0x75, 0xc3, 0xff, 0xea, 0x75, 0xc3,
0xff, 0xea, 0x75, 0xc3, 0xff, 0xea, 0x75, 0xc3, 0xff, 0xea, 0x75, 0xc3, 0xff, 0xe9, 0x6e,
0xc0, 0xff, 0xf2, 0xa7, 0xd9, 0xff, 0xff, 0xff, 0xff, 0xff, 0xff, 0xff, 0xff, 0xff, 0xff,
0xff, 0xff, 0xff, 0xff, 0xff, 0xff, 0xff, 0xff, 0xff, 0xff, 0xff, 0xff, 0xff, 0xff, 0xff,
0xfd, 0xf4, 0xfb, 0xff, 0xed, 0x8c, 0xcd, 0xff, 0xec, 0x83, 0xc9, 0xff, 0xec, 0x84, 0xca,
0xff, 0xec, 0x84, 0xca, 0xff, 0xec, 0x84, 0xca, 0xff, 0xec, 0x84, 0xca, 0xff, 0xec, 0x84,
0xca, 0xff, 0xec, 0x84, 0xca, 0xff, 0xec, 0x84, 0xca, 0xff, 0xec, 0x84, 0xca, 0xff, 0xec,
0x84, 0xca, 0xff, 0xec, 0x84, 0xca, 0xff, 0xec, 0x84, 0xca, 0xff, 0xec, 0x84, 0xca, 0xff,
0xec, 0x84, 0xca, 0xff, 0xec, 0x84, 0xca, 0xff, 0xec, 0x84, 0xca, 0xff, 0xec, 0x84, 0xca,
0xff, 0xec, 0x84, 0xca, 0xff, 0xec, 0x84, 0xca, 0xff, 0xec, 0x84, 0xca, 0xff, 0xec, 0x84,
0xca, 0xff, 0xec, 0x84, 0xca, 0xff, 0xec, 0x84, 0xca, 0xff, 0xec, 0x84, 0xca, 0xff, 0xec,
0x84, 0xca, 0xff, 0xec, 0x84, 0xca, 0xff, 0xec, 0x84, 0xca, 0xff, 0xec, 0x84, 0xca, 0xff,
0xec, 0x84, 0xca, 0xff, 0xec, 0x84, 0xca, 0xff, 0xec, 0x84, 0xca, 0xff, 0xec, 0x84, 0xca,
0xff, 0xec, 0x84, 0xca, 0xff, 0xec, 0x84, 0xca, 0xff, 0xec, 0x84, 0xca, 0xff, 0xec, 0x84,
0xca, 0xff, 0xec, 0x84, 0xca, 0xff, 0xec, 0x84, 0xca, 0xff, 0xec, 0x83, 0xc9, 0xff, 0xed,
0x8b, 0xcc, 0xff, 0xfd, 0xf3, 0xfa, 0xff, 0xff, 0xff, 0xff, 0xff, 0xff, 0xff, 0xff, 0xff,
0xff, 0xff, 0xff, 0xff, 0xff, 0xff, 0xff, 0xff, 0xff, 0xff, 0xff, 0xff, 0xff, 0xff, 0xff,
0xff, 0xf7, 0xc8, 0xe7, 0xff, 0xe9, 0x6e, 0xc0, 0xff, 0xea, 0x75, 0xc3, 0xff, 0xea, 0x75,
0xc3, 0xff, 0xea, 0x75, 0xc3, 0xff, 0xea, 0x75, 0xc3, 0xff, 0xea, 0x75, 0xc3, 0xff, 0xea,
0x75, 0xc3, 0xff, 0xea, 0x75, 0xc3, 0xff, 0xea, 0x75, 0xc3, 0xff, 0xea, 0x75, 0xc3, 0xff,
0xea, 0x75, 0xc3, 0xff, 0xea, 0x75, 0xc3, 0xff, 0xea, 0x75, 0xc3, 0xff, 0xea, 0x75, 0xc3,
0xff, 0xea, 0x75, 0xc3, 0xff, 0xea, 0x75, 0xc3, 0xff, 0xea, 0x75, 0xc3, 0xff, 0xea, 0x75,
0xc3, 0xff, 0xea, 0x75, 0xc3, 0xff, 0xea, 0x75, 0xc3, 0xff, 0xea, 0x75, 0xc3, 0xff, 0xea,
0x75, 0xc3, 0xff, 0xea, 0x75, 0xc3, 0xff, 0xea, 0x75, 0xc3, 0xff, 0xe8, 0x73, 0xc2, 0xdd,
0xd5, 0x5f, 0xb6, 0x06, 0xd5, 0x5e, 0xb5, 0x00, 0xff, 0xff, 0xff, 0x00, 0xff, 0xff, 0xff,
0x00, 0xff, 0xff, 0xff, 0x00, 0xff, 0xff, 0xff, 0x00, 0xff, 0xff, 0xff, 0x00, 0xff, 0xff,
0xff, 0x00, 0xff, 0xff, 0xff, 0x00, 0xff, 0xff, 0xff, 0x00, 0xff, 0xff, 0xff, 0x00, 0xff,
0xff, 0xff, 0x00, 0xff, 0xff, 0xff, 0x00, 0xff, 0xff, 0xff, 0x00, 0xff, 0xff, 0xff, 0x00,
0xff, 0xff, 0xff, 0x00, 0xff, 0xff, 0xff, 0x00, 0xff, 0xff, 0xff, 0x00, 0xff, 0xff, 0xff,
0x00, 0xdd, 0x60, 0xb4, 0x00, 0xe0, 0x62, 0xb6, 0x0c, 0xeb, 0x74, 0xc3, 0xe2, 0xea, 0x75,
0xc3, 0xff, 0xea, 0x75, 0xc3, 0xff, 0xea, 0x75, 0xc3, 0xff, 0xea, 0x75, 0xc3, 0xff, 0xea,
0x75, 0xc3, 0xff, 0xea, 0x75, 0xc3, 0xff, 0xea, 0x75, 0xc3, 0xff, 0xea, 0x75, 0xc3, 0xff,
0xea, 0x75, 0xc3, 0xff, 0xea, 0x75, 0xc3, 0xff, 0xea, 0x75, 0xc3, 0xff, 0xea, 0x75, 0xc3,
0xff, 0xea, 0x75, 0xc3, 0xff, 0xea, 0x75, 0xc3, 0xff, 0xea, 0x75, 0xc3, 0xff, 0xea, 0x75,
0xc3, 0xff, 0xea, 0x75, 0xc3, 0xff, 0xea, 0x75, 0xc3, 0xff, 0xea, 0x75, 0xc3, 0xff, 0xea,
0x75, 0xc3, 0xff, 0xea, 0x75, 0xc3, 0xff, 0xea, 0x75, 0xc3, 0xff, 0xea, 0x75, 0xc3, 0xff,
0xe9, 0x6e, 0xc0, 0xff, 0xf2, 0xa7, 0xd9, 0xff, 0xff, 0xff, 0xff, 0xff, 0xff, 0xff, 0xff,
0xff, 0xff, 0xff, 0xff, 0xff, 0xff, 0xff, 0xff, 0xff, 0xff, 0xff, 0xff, 0xff, 0xff, 0xff,
0xff, 0xff, 0xff, 0xfe, 0xff, 0xff, 0xfe, 0xf9, 0xfc, 0xff, 0xfe, 0xf8, 0xfc, 0xff, 0xfe,
0xf8, 0xfc, 0xff, 0xfe, 0xf8, 0xfc, 0xff, 0xfe, 0xf8, 0xfc, 0xff, 0xfe, 0xf8, 0xfc, 0xff,
0xfe, 0xf8, 0xfc, 0xff, 0xfe, 0xf8, 0xfc, 0xff, 0xfe, 0xf8, 0xfc, 0xff, 0xfe, 0xf8, 0xfc,
0xff, 0xfe, 0xf8, 0xfc, 0xff, 0xfe, 0xf8, 0xfc, 0xff, 0xfe, 0xf8, 0xfc, 0xff, 0xfe, 0xf8,
0xfc, 0xff, 0xfe, 0xf8, 0xfc, 0xff, 0xfe, 0xf8, 0xfc, 0xff, 0xfe, 0xf8, 0xfc, 0xff, 0xfe,
0xf8, 0xfc, 0xff, 0xfe, 0xf8, 0xfc, 0xff, 0xfe, 0xf8, 0xfc, 0xff, 0xfe, 0xf8, 0xfc, 0xff,
0xfe, 0xf8, 0xfc, 0xff, 0xfe, 0xf8, 0xfc, 0xff, 0xfe, 0xf8, 0xfc, 0xff, 0xfe, 0xf8, 0xfc,
0xff, 0xfe, 0xf8, 0xfc, 0xff, 0xfe, 0xf8, 0xfc, 0xff, 0xfe, 0xf8, 0xfc, 0xff, 0xfe, 0xf8,
0xfc, 0xff, 0xfe, 0xf8, 0xfc, 0xff, 0xfe, 0xf8, 0xfc, 0xff, 0xfe, 0xf8, 0xfc, 0xff, 0xfe,
0xf8, 0xfc, 0xff, 0xfe, 0xf8, 0xfc, 0xff, 0xfe, 0xf8, 0xfc, 0xff, 0xfe, 0xf8, 0xfc, 0xff,
0xfe, 0xf8, 0xfc, 0xff, 0xfe, 0xf8, 0xfc, 0xff, 0xfe, 0xf8, 0xfc, 0xff, 0xfe, 0xf8, 0xfc,
0xff, 0xfe, 0xf9, 0xfc, 0xff, 0xff, 0xfe, 0xff, 0xff, 0xff, 0xff, 0xff, 0xff, 0xff, 0xff,
0xff, 0xff, 0xff, 0xff, 0xff, 0xff, 0xff, 0xff, 0xff, 0xff, 0xff, 0xff, 0xff, 0xff, 0xff,
0xff, 0xff, 0xff, 0xf7, 0xc8, 0xe7, 0xff, 0xe9, 0x6e, 0xc0, 0xff, 0xea, 0x75, 0xc3, 0xff,
0xea, 0x75, 0xc3, 0xff, 0xea, 0x75, 0xc3, 0xff, 0xea, 0x75, 0xc3, 0xff, 0xea, 0x75, 0xc3,
0xff, 0xea, 0x75, 0xc3, 0xff, 0xea, 0x75, 0xc3, 0xff, 0xea, 0x75, 0xc3, 0xff, 0xea, 0x75,
0xc3, 0xff, 0xea, 0x75, 0xc3, 0xff, 0xea, 0x75, 0xc3, 0xff, 0xea, 0x75, 0xc3, 0xff, 0xea,
0x75, 0xc3, 0xff, 0xea, 0x75, 0xc3, 0xff, 0xea, 0x75, 0xc3, 0xff, 0xea, 0x75, 0xc3, 0xff,
0xea, 0x75, 0xc3, 0xff, 0xea, 0x75, 0xc3, 0xff, 0xea, 0x75, 0xc3, 0xff, 0xea, 0x75, 0xc3,
0xff, 0xea, 0x75, 0xc3, 0xff, 0xea, 0x75, 0xc3, 0xff, 0xea, 0x75, 0xc3, 0xff, 0xef, 0x78,
0xc6, 0xb0, 0xf2, 0x7c, 0xc5, 0x00, 0xf3, 0x7c, 0xc5, 0x00, 0xff, 0xff, 0xff, 0x00, 0xff,
0xff, 0xff, 0x00, 0xff, 0xff, 0xff, 0x00, 0xff, 0xff, 0xff, 0x00, 0xff, 0xff, 0xff, 0x00,
0xff, 0xff, 0xff, 0x00, 0xff, 0xff, 0xff, 0x00, 0xff, 0xff, 0xff, 0x00, 0xff, 0xff, 0xff,
0x00, 0xff, 0xff, 0xff, 0x00, 0xff, 0xff, 0xff, 0x00, 0xff, 0xff, 0xff, 0x00, 0xff, 0xff,
0xff, 0x00, 0xff, 0xff, 0xff, 0x00, 0xff, 0xff, 0xff, 0x00, 0xff, 0xff, 0xff, 0x00, 0xff,
0xff, 0xff, 0x00, 0xe1, 0x6f, 0xb8, 0x00, 0xe0, 0x6e, 0xb7, 0x00, 0xe2, 0x71, 0xbc, 0x86,
0xea, 0x75, 0xc4, 0xff, 0xea, 0x75, 0xc3, 0xff, 0xea, 0x75, 0xc3, 0xff, 0xea, 0x75, 0xc3,
0xff, 0xea, 0x75, 0xc3, 0xff, 0xea, 0x75, 0xc3, 0xff, 0xea, 0x75, 0xc3, 0xff, 0xea, 0x75,
0xc3, 0xff, 0xea, 0x75, 0xc3, 0xff, 0xea, 0x75, 0xc3, 0xff, 0xea, 0x75, 0xc3, 0xff, 0xea,
0x75, 0xc3, 0xff, 0xea, 0x75, 0xc3, 0xff, 0xea, 0x75, 0xc3, 0xff, 0xea, 0x75, 0xc3, 0xff,
0xea, 0x75, 0xc3, 0xff, 0xea, 0x75, 0xc3, 0xff, 0xea, 0x75, 0xc3, 0xff, 0xea, 0x75, 0xc3,
0xff, 0xea, 0x75, 0xc3, 0xff, 0xea, 0x75, 0xc3, 0xff, 0xea, 0x75, 0xc3, 0xff, 0xea, 0x75,
0xc3, 0xff, 0xe9, 0x6e, 0xc0, 0xff, 0xf2, 0xa7, 0xd9, 0xff, 0xff, 0xff, 0xff, 0xff, 0xff,
0xff, 0xff, 0xff, 0xff, 0xff, 0xff, 0xff, 0xff, 0xff, 0xff, 0xff, 0xff, 0xff, 0xff, 0xff,
0xff, 0xff, 0xff, 0xff, 0xff, 0xff, 0xff, 0xff, 0xff, 0xff, 0xff, 0xff, 0xff, 0xff, 0xff,
0xff, 0xff, 0xff, 0xff, 0xff, 0xff, 0xff, 0xff, 0xff, 0xff, 0xff, 0xff, 0xff, 0xff, 0xff,
0xff, 0xff, 0xff, 0xff, 0xff, 0xff, 0xff, 0xff, 0xff, 0xff, 0xff, 0xff, 0xff, 0xff, 0xff,
0xff, 0xff, 0xff, 0xff, 0xff, 0xff, 0xff, 0xff, 0xff, 0xff, 0xff, 0xff, 0xff, 0xff, 0xff,
0xff, 0xff, 0xff, 0xff, 0xff, 0xff, 0xff, 0xff, 0xff, 0xff, 0xff, 0xff, 0xff, 0xff, 0xff,
0xff, 0xff, 0xff, 0xff, 0xff, 0xff, 0xff, 0xff, 0xff, 0xff, 0xff, 0xff, 0xff, 0xff, 0xff,
0xff, 0xff, 0xff, 0xff, 0xff, 0xff, 0xff, 0xff, 0xff, 0xff, 0xff, 0xff, 0xff, 0xff, 0xff,
0xff, 0xff, 0xff, 0xff, 0xff, 0xff, 0xff, 0xff, 0xff, 0xff, 0xff, 0xff, 0xff, 0xff, 0xff,
0xff, 0xff, 0xff, 0xff, 0xff, 0xff, 0xff, 0xff, 0xff, 0xff, 0xff, 0xff, 0xff, 0xff, 0xff,
0xff, 0xff, 0xff, 0xff, 0xff, 0xff, 0xff, 0xff, 0xff, 0xff, 0xff, 0xff, 0xff, 0xff, 0xff,
0xff, 0xff, 0xff, 0xff, 0xff, 0xff, 0xff, 0xff, 0xff, 0xff, 0xff, 0xff, 0xff, 0xff, 0xff,
0xff, 0xff, 0xff, 0xff, 0xff, 0xff, 0xff, 0xff, 0xff, 0xff, 0xff, 0xff, 0xff, 0xff, 0xff,
0xff, 0xff, 0xff, 0xff, 0xff, 0xff, 0xff, 0xff, 0xff, 0xff, 0xff, 0xff, 0xff, 0xff, 0xff,
0xff, 0xff, 0xff, 0xff, 0xff, 0xf7, 0xc8, 0xe7, 0xff, 0xe9, 0x6e, 0xc0, 0xff, 0xea, 0x75,
0xc3, 0xff, 0xea, 0x75, 0xc3, 0xff, 0xea, 0x75, 0xc3, 0xff, 0xea, 0x75, 0xc3, 0xff, 0xea,
0x75, 0xc3, 0xff, 0xea, 0x75, 0xc3, 0xff, 0xea, 0x75, 0xc3, 0xff, 0xea, 0x75, 0xc3, 0xff,
0xea, 0x75, 0xc3, 0xff, 0xea, 0x75, 0xc3, 0xff, 0xea, 0x75, 0xc3, 0xff, 0xea, 0x75, 0xc3,
0xff, 0xea, 0x75, 0xc3, 0xff, 0xea, 0x75, 0xc3, 0xff, 0xea, 0x75, 0xc3, 0xff, 0xea, 0x75,
0xc3, 0xff, 0xea, 0x75, 0xc3, 0xff, 0xea, 0x75, 0xc3, 0xff, 0xea, 0x75, 0xc3, 0xff, 0xea,
0x75, 0xc3, 0xff, 0xea, 0x75, 0xc3, 0xff, 0xea, 0x75, 0xc3, 0xff, 0xec, 0x76, 0xc4, 0xff,
0xc9, 0x64, 0xa7, 0x55, 0xbd, 0x5e, 0x9c, 0x00, 0xbd, 0x5e, 0x9d, 0x00, 0xff, 0xff, 0xff,
0x00, 0xff, 0xff, 0xff, 0x00, 0xff, 0xff, 0xff, 0x00, 0xff, 0xff, 0xff, 0x00, 0xff, 0xff,
0xff, 0x00, 0xff, 0xff, 0xff, 0x00, 0xff, 0xff, 0xff, 0x00, 0xff, 0xff, 0xff, 0x00, 0xff,
0xff, 0xff, 0x00, 0xff, 0xff, 0xff, 0x00, 0xff, 0xff, 0xff, 0x00, 0xff, 0xff, 0xff, 0x00,
0xff, 0xff, 0xff, 0x00, 0xff, 0xff, 0xff, 0x00, 0xff, 0xff, 0xff, 0x00, 0xff, 0xff, 0xff,
0x00, 0xff, 0xff, 0xff, 0x00, 0xcd, 0x66, 0xb6, 0x00, 0xcc, 0x66, 0xb5, 0x00, 0xd4, 0x6a,
0xb9, 0x2f, 0xeb, 0x75, 0xc4, 0xff, 0xea, 0x75, 0xc3, 0xff, 0xea, 0x75, 0xc3, 0xff, 0xea,
0x75, 0xc3, 0xff, 0xea, 0x75, 0xc3, 0xff, 0xea, 0x75, 0xc3, 0xff, 0xea, 0x75, 0xc3, 0xff,
0xea, 0x75, 0xc3, 0xff, 0xea, 0x75, 0xc3, 0xff, 0xea, 0x75, 0xc3, 0xff, 0xea, 0x75, 0xc3,
0xff, 0xea, 0x75, 0xc3, 0xff, 0xea, 0x75, 0xc3, 0xff, 0xea, 0x75, 0xc3, 0xff, 0xea, 0x75,
0xc3, 0xff, 0xea, 0x75, 0xc3, 0xff, 0xea, 0x75, 0xc3, 0xff, 0xea, 0x75, 0xc3, 0xff, 0xea,
0x75, 0xc3, 0xff, 0xea, 0x75, 0xc3, 0xff, 0xea, 0x75, 0xc3, 0xff, 0xea, 0x75, 0xc3, 0xff,
0xea, 0x75, 0xc3, 0xff, 0xe9, 0x6e, 0xc0, 0xff, 0xf2, 0xa7, 0xd9, 0xff, 0xff, 0xff, 0xff,
0xff, 0xff, 0xff, 0xff, 0xff, 0xff, 0xff, 0xff, 0xff, 0xff, 0xff, 0xff, 0xff, 0xff, 0xff,
0xff, 0xff, 0xff, 0xff, 0xff, 0xff, 0xff, 0xff, 0xff, 0xff, 0xff, 0xff, 0xff, 0xff, 0xff,
0xff, 0xff, 0xff, 0xff, 0xff, 0xff, 0xff, 0xff, 0xff, 0xff, 0xff, 0xff, 0xff, 0xff, 0xff,
0xff, 0xff, 0xff, 0xff, 0xff, 0xff, 0xff, 0xff, 0xff, 0xff, 0xff, 0xff, 0xff, 0xff, 0xff,
0xff, 0xff, 0xff, 0xff, 0xff, 0xff, 0xff, 0xff, 0xff, 0xff, 0xff, 0xff, 0xff, 0xff, 0xff,
0xff, 0xff, 0xff, 0xff, 0xff, 0xff, 0xff, 0xff, 0xff, 0xff, 0xff, 0xff, 0xff, 0xff, 0xff,
0xff, 0xff, 0xff, 0xff, 0xff, 0xff, 0xff, 0xff, 0xff, 0xff, 0xff, 0xff, 0xff, 0xff, 0xff,
0xff, 0xff, 0xff, 0xff, 0xff, 0xff, 0xff, 0xff, 0xff, 0xff, 0xff, 0xff, 0xff, 0xff, 0xff,
0xff, 0xff, 0xff, 0xff, 0xff, 0xff, 0xff, 0xff, 0xff, 0xff, 0xff, 0xff, 0xff, 0xff, 0xff,
0xff, 0xff, 0xff, 0xff, 0xff, 0xff, 0xff, 0xff, 0xff, 0xff, 0xff, 0xff, 0xff, 0xff, 0xff,
0xff, 0xff, 0xff, 0xff, 0xff, 0xff, 0xff, 0xff, 0xff, 0xff, 0xff, 0xff, 0xff, 0xff, 0xff,
0xff, 0xff, 0xff, 0xff, 0xff, 0xff, 0xff, 0xff, 0xff, 0xff, 0xff, 0xff, 0xff, 0xff, 0xff,
0xff, 0xff, 0xff, 0xff, 0xff, 0xff, 0xff, 0xff, 0xff, 0xff, 0xff, 0xff, 0xff, 0xff, 0xff,
0xff, 0xff, 0xff, 0xff, 0xff, 0xff, 0xff, 0xff, 0xff, 0xff, 0xff, 0xff, 0xff, 0xff, 0xff,
0xff, 0xff, 0xff, 0xff, 0xff, 0xff, 0xff, 0xf7, 0xc8, 0xe7, 0xff, 0xe9, 0x6e, 0xc0, 0xff,
0xea, 0x75, 0xc3, 0xff, 0xea, 0x75, 0xc3, 0xff, 0xea, 0x75, 0xc3, 0xff, 0xea, 0x75, 0xc3,
0xff, 0xea, 0x75, 0xc3, 0xff, 0xea, 0x75, 0xc3, 0xff, 0xea, 0x75, 0xc3, 0xff, 0xea, 0x75,
0xc3, 0xff, 0xea, 0x75, 0xc3, 0xff, 0xea, 0x75, 0xc3, 0xff, 0xea, 0x75, 0xc3, 0xff, 0xea,
0x75, 0xc3, 0xff, 0xea, 0x75, 0xc3, 0xff, 0xea, 0x75, 0xc3, 0xff, 0xea, 0x75, 0xc3, 0xff,
0xea, 0x75, 0xc3, 0xff, 0xea, 0x75, 0xc3, 0xff, 0xea, 0x75, 0xc3, 0xff, 0xea, 0x75, 0xc3,
0xff, 0xea, 0x75, 0xc3, 0xff, 0xea, 0x75, 0xc3, 0xff, 0xeb, 0x76, 0xc4, 0xff, 0xe5, 0x71,
0xc1, 0xe9, 0x9b, 0x31, 0x91, 0x0e, 0x90, 0x29, 0x88, 0x00, 0x91, 0x2a, 0x89, 0x00, 0xff,
0xff, 0xff, 0x00, 0xff, 0xff, 0xff, 0x00, 0xff, 0xff, 0xff, 0x00, 0xff, 0xff, 0xff, 0x00,
0xff, 0xff, 0xff, 0x00, 0xff, 0xff, 0xff, 0x00, 0xff, 0xff, 0xff, 0x00, 0xff, 0xff, 0xff,
0x00, 0xff, 0xff, 0xff, 0x00, 0xff, 0xff, 0xff, 0x00, 0xff, 0xff, 0xff, 0x00, 0xff, 0xff,
0xff, 0x00, 0xff, 0xff, 0xff, 0x00, 0xff, 0xff, 0xff, 0x00, 0xff, 0xff, 0xff, 0x00, 0xff,
0xff, 0xff, 0x00, 0xff, 0xff, 0xff, 0x00, 0xe7, 0x74, 0xc3, 0x00, 0xe7, 0x74, 0xc3, 0x00,
0xe6, 0x73, 0xc3, 0x06, 0xe9, 0x75, 0xc3, 0xcf, 0xea, 0x75, 0xc3, 0xff, 0xea, 0x75, 0xc3,
0xff, 0xea, 0x75, 0xc3, 0xff, 0xea, 0x75, 0xc3, 0xff, 0xea, 0x75, 0xc3, 0xff, 0xea, 0x75,
0xc3, 0xff, 0xea, 0x75, 0xc3, 0xff, 0xea, 0x75, 0xc3, 0xff, 0xea, 0x75, 0xc3, 0xff, 0xea,
0x75, 0xc3, 0xff, 0xea, 0x75, 0xc3, 0xff, 0xea, 0x75, 0xc3, 0xff, 0xea, 0x75, 0xc3, 0xff,
0xea, 0x75, 0xc3, 0xff, 0xea, 0x75, 0xc3, 0xff, 0xea, 0x75, 0xc3, 0xff, 0xea, 0x75, 0xc3,
0xff, 0xea, 0x75, 0xc3, 0xff, 0xea, 0x75, 0xc3, 0xff, 0xea, 0x75, 0xc3, 0xff, 0xea, 0x75,
0xc3, 0xff, 0xea, 0x75, 0xc3, 0xff, 0xe9, 0x6e, 0xc0, 0xff, 0xf2, 0xa7, 0xd9, 0xff, 0xff,
0xff, 0xff, 0xff, 0xff, 0xff, 0xff, 0xff, 0xff, 0xff, 0xff, 0xff, 0xff, 0xff, 0xff, 0xff,
0xff, 0xff, 0xff, 0xff, 0xff, 0xff, 0xff, 0xff, 0xff, 0xff, 0xff, 0xff, 0xff, 0xff, 0xff,
0xff, 0xff, 0xff, 0xff, 0xff, 0xff, 0xff, 0xff, 0xff, 0xff, 0xff, 0xff, 0xff, 0xff, 0xff,
0xff, 0xff, 0xff, 0xff, 0xff, 0xff, 0xff, 0xff, 0xff, 0xff, 0xff, 0xff, 0xff, 0xff, 0xff,
0xff, 0xff, 0xff, 0xff, 0xff, 0xff, 0xff, 0xff, 0xff, 0xff, 0xff, 0xff, 0xff, 0xff, 0xff,
0xff, 0xff, 0xff, 0xff, 0xff, 0xff, 0xff, 0xff, 0xff, 0xff, 0xff, 0xff, 0xff, 0xff, 0xff,
0xff, 0xff, 0xff, 0xff, 0xff, 0xff, 0xff, 0xff, 0xff, 0xff, 0xff, 0xff, 0xff, 0xff, 0xff,
0xff, 0xff, 0xff, 0xff, 0xff, 0xff, 0xff, 0xff, 0xff, 0xff, 0xff, 0xff, 0xff, 0xff, 0xff,
0xff, 0xff, 0xff, 0xff, 0xff, 0xff, 0xff, 0xff, 0xff, 0xff, 0xff, 0xff, 0xff, 0xff, 0xff,
0xff, 0xff, 0xff, 0xff, 0xff, 0xff, 0xff, 0xff, 0xff, 0xff, 0xff, 0xff, 0xff, 0xff, 0xff,
0xff, 0xff, 0xff, 0xff, 0xff, 0xff, 0xff, 0xff, 0xff, 0xff, 0xff, 0xff, 0xff, 0xff, 0xff,
0xff, 0xff, 0xff, 0xff, 0xff, 0xff, 0xff, 0xff, 0xff, 0xff, 0xff, 0xff, 0xff, 0xff, 0xff,
0xff, 0xff, 0xff, 0xff, 0xff, 0xff, 0xff, 0xff, 0xff, 0xff, 0xff, 0xff, 0xff, 0xff, 0xff,
0xff, 0xff, 0xff, 0xff, 0xff, 0xff, 0xff, 0xff, 0xff, 0xff, 0xff, 0xff, 0xff, 0xff, 0xff,
0xff, 0xff, 0xff, 0xff, 0xff, 0xff, 0xff, 0xff, 0xff, 0xf7, 0xc8, 0xe7, 0xff, 0xe9, 0x6e,
0xc0, 0xff, 0xea, 0x75, 0xc3, 0xff, 0xea, 0x75, 0xc3, 0xff, 0xea, 0x75, 0xc3, 0xff, 0xea,
0x75, 0xc3, 0xff, 0xea, 0x75, 0xc3, 0xff, 0xea, 0x75, 0xc3, 0xff, 0xea, 0x75, 0xc3, 0xff,
0xea, 0x75, 0xc3, 0xff, 0xea, 0x75, 0xc3, 0xff, 0xea, 0x75, 0xc3, 0xff, 0xea, 0x75, 0xc3,
0xff, 0xea, 0x75, 0xc3, 0xff, 0xea, 0x75, 0xc3, 0xff, 0xea, 0x75, 0xc3, 0xff, 0xea, 0x75,
0xc3, 0xff, 0xea, 0x75, 0xc3, 0xff, 0xea, 0x75, 0xc3, 0xff, 0xea, 0x75, 0xc3, 0xff, 0xea,
0x75, 0xc3, 0xff, 0xea, 0x75, 0xc3, 0xff, 0xea, 0x75, 0xc3, 0xff, 0xeb, 0x75, 0xc4, 0xff,
0xeb, 0x76, 0xc5, 0xb6, 0xdf, 0x6f, 0xc1, 0x00, 0xe0, 0x6f, 0xc2, 0x00, 0xe0, 0x6f, 0xc2,
0x00, 0xff, 0xff, 0xff, 0x00, 0xff, 0xff, 0xff, 0x00, 0xff, 0xff, 0xff, 0x00, 0xff, 0xff,
0xff, 0x00, 0xff, 0xff, 0xff, 0x00, 0xff, 0xff, 0xff, 0x00, 0xff, 0xff, 0xff, 0x00, 0xff,
0xff, 0xff, 0x00, 0xff, 0xff, 0xff, 0x00, 0xff, 0xff, 0xff, 0x00, 0xff, 0xff, 0xff, 0x00,
0xff, 0xff, 0xff, 0x00, 0xff, 0xff, 0xff, 0x00, 0xff, 0xff, 0xff, 0x00, 0xff, 0xff, 0xff,
0x00, 0xff, 0xff, 0xff, 0x00, 0xff, 0xff, 0xff, 0x00, 0xe1, 0x71, 0xbc, 0x00, 0xe1, 0x71,
0xbc, 0x00, 0xe0, 0x71, 0xbc, 0x00, 0xe4, 0x72, 0xbe, 0x5c, 0xea, 0x75, 0xc3, 0xff, 0xea,
0x75, 0xc3, 0xff, 0xea, 0x75, 0xc3, 0xff, 0xea, 0x75, 0xc3, 0xff, 0xea, 0x75, 0xc3, 0xff,
0xea, 0x75, 0xc3, 0xff, 0xea, 0x75, 0xc3, 0xff, 0xea, 0x75, 0xc3, 0xff, 0xea, 0x75, 0xc3,
0xff, 0xea, 0x75, 0xc3, 0xff, 0xea, 0x75, 0xc3, 0xff, 0xea, 0x75, 0xc3, 0xff, 0xea, 0x75,
0xc3, 0xff, 0xea, 0x75, 0xc3, 0xff, 0xea, 0x75, 0xc3, 0xff, 0xea, 0x75, 0xc3, 0xff, 0xea,
0x75, 0xc3, 0xff, 0xea, 0x75, 0xc3, 0xff, 0xea, 0x75, 0xc3, 0xff, 0xea, 0x75, 0xc3, 0xff,
0xea, 0x75, 0xc3, 0xff, 0xea, 0x75, 0xc3, 0xff, 0xe9, 0x6e, 0xc0, 0xff, 0xf2, 0xa7, 0xd9,
0xff, 0xff, 0xff, 0xff, 0xff, 0xff, 0xff, 0xff, 0xff, 0xff, 0xff, 0xff, 0xff, 0xff, 0xff,
0xff, 0xff, 0xff, 0xff, 0xff, 0xff, 0xff, 0xff, 0xff, 0xff, 0xff, 0xff, 0xff, 0xff, 0xff,
0xff, 0xff, 0xff, 0xff, 0xff, 0xff, 0xff, 0xff, 0xff, 0xff, 0xff, 0xff, 0xff, 0xff, 0xff,
0xff, 0xff, 0xff, 0xff, 0xff, 0xff, 0xff, 0xff, 0xff, 0xff, 0xff, 0xff, 0xff, 0xff, 0xff,
0xff, 0xff, 0xff, 0xff, 0xff, 0xff, 0xff, 0xff, 0xff, 0xff, 0xff, 0xff, 0xff, 0xff, 0xff,
0xff, 0xff, 0xff, 0xff, 0xff, 0xff, 0xff, 0xff, 0xff, 0xff, 0xff, 0xff, 0xff, 0xff, 0xff,
0xff, 0xff, 0xff, 0xff, 0xff, 0xff, 0xff, 0xff, 0xff, 0xff, 0xff, 0xff, 0xff, 0xff, 0xff,
0xff, 0xff, 0xff, 0xff, 0xff, 0xff, 0xff, 0xff, 0xff, 0xff, 0xff, 0xff, 0xff, 0xff, 0xff,
0xff, 0xff, 0xff, 0xff, 0xff, 0xff, 0xff, 0xff, 0xff, 0xff, 0xff, 0xff, 0xff, 0xff, 0xff,
0xff, 0xff, 0xff, 0xff, 0xff, 0xff, 0xff, 0xff, 0xff, 0xff, 0xff, 0xff, 0xff, 0xff, 0xff,
0xff, 0xff, 0xff, 0xff, 0xff, 0xff, 0xff, 0xff, 0xff, 0xff, 0xff, 0xff, 0xff, 0xff, 0xff,
0xff, 0xff, 0xff, 0xff, 0xff, 0xff, 0xff, 0xff, 0xff, 0xff, 0xff, 0xff, 0xff, 0xff, 0xff,
0xff, 0xff, 0xff, 0xff, 0xff, 0xff, 0xff, 0xff, 0xff, 0xff, 0xff, 0xff, 0xff, 0xff, 0xff,
0xff, 0xff, 0xff, 0xff, 0xff, 0xff, 0xff, 0xff, 0xff, 0xff, 0xff, 0xff, 0xff, 0xff, 0xff,
0xff, 0xff, 0xff, 0xff, 0xff, 0xff, 0xff, 0xff, 0xff, 0xff, 0xff, 0xf7, 0xc8, 0xe7, 0xff,
0xe9, 0x6e, 0xc0, 0xff, 0xea, 0x75, 0xc3, 0xff, 0xea, 0x75, 0xc3, 0xff, 0xea, 0x75, 0xc3,
0xff, 0xea, 0x75, 0xc3, 0xff, 0xea, 0x75, 0xc3, 0xff, 0xea, 0x75, 0xc3, 0xff, 0xea, 0x75,
0xc3, 0xff, 0xea, 0x75, 0xc3, 0xff, 0xea, 0x75, 0xc3, 0xff, 0xea, 0x75, 0xc3, 0xff, 0xea,
0x75, 0xc3, 0xff, 0xea, 0x75, 0xc3, 0xff, 0xea, 0x75, 0xc3, 0xff, 0xea, 0x75, 0xc3, 0xff,
0xea, 0x75, 0xc3, 0xff, 0xea, 0x75, 0xc3, 0xff, 0xea, 0x75, 0xc3, 0xff, 0xea, 0x75, 0xc3,
0xff, 0xea, 0x75, 0xc3, 0xff, 0xea, 0x75, 0xc3, 0xff, 0xea, 0x75, 0xc3, 0xff, 0xe9, 0x75,
0xc2, 0xfe, 0xce, 0x65, 0xad, 0x4d, 0xcc, 0x63, 0xab, 0x00, 0xcc, 0x64, 0xab, 0x00, 0xcc,
0x64, 0xab, 0x00, 0xff, 0xff, 0xff, 0x00, 0xff, 0xff, 0xff, 0x00, 0xff, 0xff, 0xff, 0x00,
0xff, 0xff, 0xff, 0x00, 0xff, 0xff, 0xff, 0x00, 0xff, 0xff, 0xff, 0x00, 0xff, 0xff, 0xff,
0x00, 0xff, 0xff, 0xff, 0x00, 0xff, 0xff, 0xff, 0x00, 0xff, 0xff, 0xff, 0x00, 0xff, 0xff,
0xff, 0x00, 0xff, 0xff, 0xff, 0x00, 0xff, 0xff, 0xff, 0x00, 0xff, 0xff, 0xff, 0x00, 0xff,
0xff, 0xff, 0x00, 0xff, 0xff, 0xff, 0x00, 0xff, 0xff, 0xff, 0x00, 0xdd, 0x6f, 0xae, 0x00,
0xdd, 0x6f, 0xae, 0x00, 0xdd, 0x6f, 0xae, 0x00, 0xdf, 0x6f, 0xb2, 0x13, 0xeb, 0x76, 0xc3,
0xec, 0xea, 0x75, 0xc3, 0xff, 0xea, 0x75, 0xc3, 0xff, 0xea, 0x75, 0xc3, 0xff, 0xea, 0x75,
0xc3, 0xff, 0xea, 0x75, 0xc3, 0xff, 0xea, 0x75, 0xc3, 0xff, 0xea, 0x75, 0xc3, 0xff, 0xea,
0x75, 0xc3, 0xff, 0xea, 0x75, 0xc3, 0xff, 0xea, 0x75, 0xc3, 0xff, 0xea, 0x75, 0xc3, 0xff,
0xea, 0x75, 0xc3, 0xff, 0xea, 0x75, 0xc3, 0xff, 0xea, 0x75, 0xc3, 0xff, 0xea, 0x75, 0xc3,
0xff, 0xea, 0x75, 0xc3, 0xff, 0xea, 0x75, 0xc3, 0xff, 0xea, 0x75, 0xc3, 0xff, 0xea, 0x75,
0xc3, 0xff, 0xea, 0x75, 0xc3, 0xff, 0xea, 0x75, 0xc3, 0xff, 0xe9, 0x6e, 0xc0, 0xff, 0xf2,
0xa7, 0xd9, 0xff, 0xff, 0xff, 0xff, 0xff, 0xff, 0xff, 0xff, 0xff, 0xff, 0xff, 0xff, 0xff,
0xff, 0xff, 0xff, 0xff, 0xff, 0xff, 0xff, 0xff, 0xff, 0xff, 0xff, 0xff, 0xff, 0xff, 0xff,
0xff, 0xff, 0xff, 0xff, 0xff, 0xff, 0xff, 0xff, 0xff, 0xff, 0xff, 0xff, 0xff, 0xff, 0xff,
0xff, 0xff, 0xff, 0xff, 0xff, 0xff, 0xff, 0xff, 0xff, 0xff, 0xff, 0xff, 0xff, 0xff, 0xff,
0xff, 0xff, 0xff, 0xff, 0xff, 0xff, 0xff, 0xff, 0xff, 0xff, 0xff, 0xff, 0xff, 0xff, 0xff,
0xff, 0xff, 0xff, 0xff, 0xff, 0xff, 0xff, 0xff, 0xff, 0xff, 0xff, 0xff, 0xff, 0xff, 0xff,
0xff, 0xff, 0xff, 0xff, 0xff, 0xff, 0xff, 0xff, 0xff, 0xff, 0xff, 0xff, 0xff, 0xff, 0xff,
0xff, 0xff, 0xff, 0xff, 0xff, 0xff, 0xff, 0xff, 0xff, 0xff, 0xff, 0xff, 0xff, 0xff, 0xff,
0xff, 0xff, 0xff, 0xff, 0xff, 0xff, 0xff, 0xff, 0xff, 0xff, 0xff, 0xff, 0xff, 0xff, 0xff,
0xff, 0xff, 0xff, 0xff, 0xff, 0xff, 0xff, 0xff, 0xff, 0xff, 0xff, 0xff, 0xff, 0xff, 0xff,
0xff, 0xff, 0xff, 0xff, 0xff, 0xff, 0xff, 0xff, 0xff, 0xff, 0xff, 0xff, 0xff, 0xff, 0xff,
0xff, 0xff, 0xff, 0xff, 0xff, 0xff, 0xff, 0xff, 0xff, 0xff, 0xff, 0xff, 0xff, 0xff, 0xff,
0xff, 0xff, 0xff, 0xff, 0xff, 0xff, 0xff, 0xff, 0xff, 0xff, 0xff, 0xff, 0xff, 0xff, 0xff,
0xff, 0xff, 0xff, 0xff, 0xff, 0xff, 0xff, 0xff, 0xff, 0xff, 0xff, 0xff, 0xff, 0xff, 0xff,
0xff, 0xff, 0xff, 0xff, 0xff, 0xff, 0xff, 0xff, 0xff, 0xff, 0xff, 0xff, 0xff, 0xf7, 0xc8,
0xe7, 0xff, 0xe9, 0x6e, 0xc0, 0xff, 0xea, 0x75, 0xc3, 0xff, 0xea, 0x75, 0xc3, 0xff, 0xea,
0x75, 0xc3, 0xff, 0xea, 0x75, 0xc3, 0xff, 0xea, 0x75, 0xc3, 0xff, 0xea, 0x75, 0xc3, 0xff,
0xea, 0x75, 0xc3, 0xff, 0xea, 0x75, 0xc3, 0xff, 0xea, 0x75, 0xc3, 0xff, 0xea, 0x75, 0xc3,
0xff, 0xea, 0x75, 0xc3, 0xff, 0xea, 0x75, 0xc3, 0xff, 0xea, 0x75, 0xc3, 0xff, 0xea, 0x75,
0xc3, 0xff, 0xea, 0x75, 0xc3, 0xff, 0xea, 0x75, 0xc3, 0xff, 0xea, 0x75, 0xc3, 0xff, 0xea,
0x75, 0xc3, 0xff, 0xea, 0x75, 0xc3, 0xff, 0xea, 0x75, 0xc3, 0xff, 0xed, 0x77, 0xc6, 0xff,
0xdb, 0x6e, 0xb6, 0xdf, 0x6a, 0x35, 0x59, 0x06, 0x63, 0x31, 0x53, 0x00, 0x63, 0x32, 0x53,
0x00, 0x63, 0x32, 0x53, 0x00, 0xff, 0xff, 0xff, 0x00, 0xff, 0xff, 0xff, 0x00, 0xff, 0xff,
0xff, 0x00, 0xff, 0xff, 0xff, 0x00, 0xff, 0xff, 0xff, 0x00, 0xff, 0xff, 0xff, 0x00, 0xff,
0xff, 0xff, 0x00, 0xff, 0xff, 0xff, 0x00, 0xff, 0xff, 0xff, 0x00, 0xff, 0xff, 0xff, 0x00,
0xff, 0xff, 0xff, 0x00, 0xff, 0xff, 0xff, 0x00, 0xff, 0xff, 0xff, 0x00, 0xff, 0xff, 0xff,
0x00, 0xff, 0xff, 0xff, 0x00, 0xff, 0xff, 0xff, 0x00, 0xff, 0xff, 0xff, 0x00, 0xdf, 0x6d,
0xbf, 0x00, 0xdf, 0x6d, 0xbf, 0x00, 0xdf, 0x6d, 0xbf, 0x00, 0xde, 0x6d, 0xbf, 0x00, 0xe1,
0x70, 0xc0, 0x7e, 0xea, 0x75, 0xc3, 0xff, 0xea, 0x75, 0xc3, 0xff, 0xea, 0x75, 0xc3, 0xff,
0xea, 0x75, 0xc3, 0xff, 0xea, 0x75, 0xc3, 0xff, 0xea, 0x75, 0xc3, 0xff, 0xea, 0x75, 0xc3,
0xff, 0xea, 0x75, 0xc3, 0xff, 0xea, 0x75, 0xc3, 0xff, 0xea, 0x75, 0xc3, 0xff, 0xea, 0x75,
0xc3, 0xff, 0xea, 0x75, 0xc3, 0xff, 0xea, 0x75, 0xc3, 0xff, 0xea, 0x75, 0xc3, 0xff, 0xea,
0x75, 0xc3, 0xff, 0xea, 0x75, 0xc3, 0xff, 0xea, 0x75, 0xc3, 0xff, 0xea, 0x75, 0xc3, 0xff,
0xea, 0x75, 0xc3, 0xff, 0xea, 0x75, 0xc3, 0xff, 0xea, 0x75, 0xc3, 0xff, 0xe9, 0x6e, 0xc0,
0xff, 0xf2, 0xa7, 0xd9, 0xff, 0xff, 0xff, 0xff, 0xff, 0xff, 0xff, 0xff, 0xff, 0xff, 0xff,
0xff, 0xff, 0xff, 0xff, 0xff, 0xff, 0xff, 0xff, 0xff, 0xff, 0xff, 0xff, 0xff, 0xff, 0xff,
0xff, 0xff, 0xff, 0xff, 0xff, 0xff, 0xff, 0xff, 0xff, 0xff, 0xff, 0xff, 0xff, 0xff, 0xff,
0xff, 0xff, 0xff, 0xff, 0xff, 0xff, 0xff, 0xff, 0xff, 0xff, 0xff, 0xff, 0xff, 0xff, 0xff,
0xff, 0xff, 0xff, 0xff, 0xff, 0xff, 0xff, 0xff, 0xff, 0xff, 0xff, 0xff, 0xff, 0xff, 0xff,
0xff, 0xff, 0xff, 0xff, 0xff, 0xff, 0xff, 0xff, 0xff, 0xff, 0xff, 0xff, 0xff, 0xff, 0xff,
0xff, 0xff, 0xff, 0xff, 0xff, 0xff, 0xff, 0xff, 0xff, 0xff, 0xff, 0xff, 0xff, 0xff, 0xff,
0xfd, 0xf0, 0xf9, 0xff, 0xf9, 0xd6, 0xed, 0xff, 0xf6, 0xc5, 0xe6, 0xff, 0xf8, 0xd2, 0xec,
0xff, 0xfc, 0xec, 0xf7, 0xff, 0xff, 0xff, 0xff, 0xff, 0xff, 0xff, 0xff, 0xff, 0xff, 0xff,
0xff, 0xff, 0xff, 0xff, 0xff, 0xff, 0xff, 0xff, 0xff, 0xff, 0xff, 0xff, 0xff, 0xff, 0xff,
0xff, 0xff, 0xff, 0xff, 0xff, 0xff, 0xff, 0xff, 0xff, 0xff, 0xff, 0xff, 0xff, 0xff, 0xff,
0xff, 0xff, 0xff, 0xff, 0xff, 0xff, 0xff, 0xff, 0xff, 0xff, 0xff, 0xff, 0xff, 0xff, 0xff,
0xff, 0xff, 0xff, 0xff, 0xff, 0xff, 0xff, 0xff, 0xff, 0xff, 0xff, 0xff, 0xff, 0xff, 0xff,
0xff, 0xff, 0xff, 0xff, 0xff, 0xff, 0xff, 0xff, 0xff, 0xff, 0xff, 0xff, 0xff, 0xff, 0xff,
0xff, 0xff, 0xff, 0xff, 0xff, 0xff, 0xff, 0xff, 0xff, 0xff, 0xff, 0xff, 0xff, 0xff, 0xff,
0xf7, 0xc8, 0xe7, 0xff, 0xe9, 0x6e, 0xc0, 0xff, 0xea, 0x75, 0xc3, 0xff, 0xea, 0x75, 0xc3,
0xff, 0xea, 0x75, 0xc3, 0xff, 0xea, 0x75, 0xc3, 0xff, 0xea, 0x75, 0xc3, 0xff, 0xea, 0x75,
0xc3, 0xff, 0xea, 0x75, 0xc3, 0xff, 0xea, 0x75, 0xc3, 0xff, 0xea, 0x75, 0xc3, 0xff, 0xea,
0x75, 0xc3, 0xff, 0xea, 0x75, 0xc3, 0xff, 0xea, 0x75, 0xc3, 0xff, 0xea, 0x75, 0xc3, 0xff,
0xea, 0x75, 0xc3, 0xff, 0xea, 0x75, 0xc3, 0xff, 0xea, 0x75, 0xc3, 0xff, 0xea, 0x75, 0xc3,
0xff, 0xea, 0x75, 0xc3, 0xff, 0xea, 0x75, 0xc3, 0xff, 0xea, 0x75, 0xc3, 0xff, 0xef, 0x77,
0xc8, 0xff, 0xda, 0x6d, 0xb5, 0x8a, 0x97, 0x4c, 0x7c, 0x00, 0x98, 0x4c, 0x7d, 0x00, 0x98,
0x4c, 0x7d, 0x00, 0x98, 0x4c, 0x7d, 0x00, 0xff, 0xff, 0xff, 0x00, 0xff, 0xff, 0xff, 0x00,
0xff, 0xff, 0xff, 0x00, 0xff, 0xff, 0xff, 0x00, 0xff, 0xff, 0xff, 0x00, 0xff, 0xff, 0xff,
0x00, 0xff, 0xff, 0xff, 0x00, 0xff, 0xff, 0xff, 0x00, 0xff, 0xff, 0xff, 0x00, 0xff, 0xff,
0xff, 0x00, 0xff, 0xff, 0xff, 0x00, 0xff, 0xff, 0xff, 0x00, 0xff, 0xff, 0xff, 0x00, 0xff,
0xff, 0xff, 0x00, 0xff, 0xff, 0xff, 0x00, 0xff, 0xff, 0xff, 0x00, 0xff, 0xff, 0xff, 0x00,
0xd1, 0x60, 0xb7, 0x00, 0xd1, 0x60, 0xb7, 0x00, 0xd1, 0x60, 0xb7, 0x00, 0xd1, 0x5f, 0xb7,
0x00, 0xd6, 0x63, 0xb9, 0x1e, 0xea, 0x75, 0xc3, 0xf9, 0xea, 0x75, 0xc3, 0xff, 0xea, 0x75,
0xc3, 0xff, 0xea, 0x75, 0xc3, 0xff, 0xea, 0x75, 0xc3, 0xff, 0xea, 0x75, 0xc3, 0xff, 0xea,
0x75, 0xc3, 0xff, 0xea, 0x75, 0xc3, 0xff, 0xea, 0x75, 0xc3, 0xff, 0xea, 0x75, 0xc3, 0xff,
0xea, 0x75, 0xc3, 0xff, 0xea, 0x75, 0xc3, 0xff, 0xea, 0x75, 0xc3, 0xff, 0xea, 0x75, 0xc3,
0xff, 0xea, 0x75, 0xc3, 0xff, 0xea, 0x75, 0xc3, 0xff, 0xea, 0x75, 0xc3, 0xff, 0xea, 0x75,
0xc3, 0xff, 0xea, 0x75, 0xc3, 0xff, 0xea, 0x75, 0xc3, 0xff, 0xea, 0x75, 0xc3, 0xff, 0xe9,
0x6e, 0xc0, 0xff, 0xf2, 0xa7, 0xd9, 0xff, 0xff, 0xff, 0xff, 0xff, 0xff, 0xff, 0xff, 0xff,
0xff, 0xff, 0xff, 0xff, 0xff, 0xff, 0xff, 0xff, 0xff, 0xff, 0xff, 0xff, 0xff, 0xff, 0xff,
0xff, 0xff, 0xff, 0xff, 0xff, 0xff, 0xff, 0xff, 0xff, 0xff, 0xff, 0xff, 0xff, 0xff, 0xff,
0xff, 0xff, 0xff, 0xff, 0xff, 0xff, 0xff, 0xff, 0xff, 0xff, 0xff, 0xff, 0xff, 0xff, 0xff,
0xff, 0xff, 0xff, 0xff, 0xff, 0xff, 0xff, 0xff, 0xff, 0xff, 0xff, 0xff, 0xff, 0xff, 0xff,
0xff, 0xff, 0xff, 0xff, 0xff, 0xff, 0xff, 0xff, 0xff, 0xff, 0xff, 0xff, 0xff, 0xff, 0xff,
0xff, 0xff, 0xff, 0xff, 0xff, 0xff, 0xff, 0xff, 0xff, 0xff, 0xff, 0xff, 0xff, 0xf7, 0xc8,
0xe7, 0xff, 0xeb, 0x7b, 0xc6, 0xff, 0xe9, 0x6f, 0xc0, 0xff, 0xe9, 0x6d, 0xc0, 0xff, 0xe9,
0x6f, 0xc0, 0xff, 0xea, 0x77, 0xc4, 0xff, 0xf4, 0xb8, 0xe0, 0xff, 0xff, 0xff, 0xff, 0xff,
0xff, 0xff, 0xff, 0xff, 0xff, 0xff, 0xff, 0xff, 0xff, 0xff, 0xff, 0xff, 0xff, 0xff, 0xff,
0xff, 0xff, 0xff, 0xff, 0xff, 0xff, 0xff, 0xff, 0xff, 0xff, 0xff, 0xff, 0xff, 0xff, 0xff,
0xff, 0xff, 0xff, 0xff, 0xff, 0xff, 0xff, 0xff, 0xff, 0xff, 0xff, 0xff, 0xff, 0xff, 0xff,
0xff, 0xff, 0xff, 0xff, 0xff, 0xff, 0xff, 0xff, 0xff, 0xff, 0xff, 0xff, 0xff, 0xff, 0xff,
0xff, 0xff, 0xff, 0xff, 0xff, 0xff, 0xff, 0xff, 0xff, 0xff, 0xff, 0xff, 0xff, 0xff, 0xff,
0xff, 0xff, 0xff, 0xff, 0xff, 0xff, 0xff, 0xff, 0xff, 0xff, 0xff, 0xff, 0xff, 0xff, 0xff,
0xff, 0xff, 0xf7, 0xc8, 0xe7, 0xff, 0xe9, 0x6e, 0xc0, 0xff, 0xea, 0x75, 0xc3, 0xff, 0xea,
0x75, 0xc3, 0xff, 0xea, 0x75, 0xc3, 0xff, 0xea, 0x75, 0xc3, 0xff, 0xea, 0x75, 0xc3, 0xff,
0xea, 0x75, 0xc3, 0xff, 0xea, 0x75, 0xc3, 0xff, 0xea, 0x75, 0xc3, 0xff, 0xea, 0x75, 0xc3,
0xff, 0xea, 0x75, 0xc3, 0xff, 0xea, 0x75, 0xc3, 0xff, 0xea, 0x75, 0xc3, 0xff, 0xea, 0x75,
0xc3, 0xff, 0xea, 0x75, 0xc3, 0xff, 0xea, 0x75, 0xc3, 0xff, 0xea, 0x75, 0xc3, 0xff, 0xea,
0x75, 0xc3, 0xff, 0xea, 0x75, 0xc3, 0xff, 0xea, 0x75, 0xc3, 0xff, 0xec, 0x76, 0xc5, 0xff,
0xe3, 0x71, 0xbd, 0xf3, 0x8e, 0x46, 0x76, 0x19, 0x8e, 0x45, 0x75, 0x00, 0x8f, 0x46, 0x76,
0x00, 0x8f, 0x46, 0x76, 0x00, 0x8f, 0x46, 0x76, 0x00, 0xff, 0xff, 0xff, 0x00, 0xff, 0xff,
0xff, 0x00, 0xff, 0xff, 0xff, 0x00, 0xff, 0xff, 0xff, 0x00, 0xff, 0xff, 0xff, 0x00, 0xff,
0xff, 0xff, 0x00, 0xff, 0xff, 0xff, 0x00, 0xff, 0xff, 0xff, 0x00, 0xff, 0xff, 0xff, 0x00,
0xff, 0xff, 0xff, 0x00, 0xff, 0xff, 0xff, 0x00, 0xff, 0xff, 0xff, 0x00, 0xff, 0xff, 0xff,
0x00, 0xff, 0xff, 0xff, 0x00, 0xff, 0xff, 0xff, 0x00, 0xff, 0xff, 0xff, 0x00, 0xff, 0xff,
0xff, 0x00, 0xe6, 0x6d, 0xbb, 0x00, 0xe6, 0x6d, 0xbb, 0x00, 0xe6, 0x6d, 0xbb, 0x00, 0xe6,
0x6d, 0xbb, 0x00, 0xe6, 0x6d, 0xbb, 0x00, 0xe9, 0x72, 0xc1, 0x93, 0xea, 0x75, 0xc3, 0xff,
0xea, 0x75, 0xc3, 0xff, 0xea, 0x75, 0xc3, 0xff, 0xea, 0x75, 0xc3, 0xff, 0xea, 0x75, 0xc3,
0xff, 0xea, 0x75, 0xc3, 0xff, 0xea, 0x75, 0xc3, 0xff, 0xea, 0x75, 0xc3, 0xff, 0xea, 0x75,
0xc3, 0xff, 0xea, 0x75, 0xc3, 0xff, 0xea, 0x75, 0xc3, 0xff, 0xea, 0x75, 0xc3, 0xff, 0xea,
0x75, 0xc3, 0xff, 0xea, 0x75, 0xc3, 0xff, 0xea, 0x75, 0xc3, 0xff, 0xea, 0x75, 0xc3, 0xff,
0xea, 0x75, 0xc3, 0xff, 0xea, 0x75, 0xc3, 0xff, 0xea, 0x75, 0xc3, 0xff, 0xea, 0x75, 0xc3,
0xff, 0xe9, 0x6e, 0xc0, 0xff, 0xf2, 0xa7, 0xd9, 0xff, 0xff, 0xff, 0xff, 0xff, 0xff, 0xff,
0xff, 0xff, 0xff, 0xff, 0xff, 0xff, 0xff, 0xff, 0xff, 0xff, 0xff, 0xff, 0xff, 0xff, 0xff,
0xff, 0xff, 0xff, 0xff, 0xff, 0xff, 0xff, 0xff, 0xff, 0xff, 0xff, 0xff, 0xff, 0xff, 0xff,
0xff, 0xff, 0xff, 0xff, 0xff, 0xff, 0xff, 0xff, 0xff, 0xff, 0xff, 0xff, 0xff, 0xff, 0xff,
0xff, 0xff, 0xff, 0xff, 0xff, 0xff, 0xff, 0xff, 0xff, 0xff, 0xff, 0xff, 0xff, 0xff, 0xff,
0xff, 0xff, 0xff, 0xff, 0xff, 0xff, 0xff, 0xff, 0xff, 0xff, 0xff, 0xff, 0xff, 0xff, 0xff,
0xff, 0xff, 0xff, 0xff, 0xff, 0xff, 0xff, 0xff, 0xff, 0xff, 0xff, 0xf7, 0xc4, 0xe5, 0xff,
0xe9, 0x6e, 0xc0, 0xff, 0xe9, 0x72, 0xc2, 0xff, 0xea, 0x75, 0xc3, 0xff, 0xea, 0x75, 0xc3,
0xff, 0xea, 0x75, 0xc3, 0xff, 0xea, 0x72, 0xc2, 0xff, 0xe9, 0x6c, 0xbf, 0xff, 0xf3, 0xaf,
0xdc, 0xff, 0xff, 0xff, 0xff, 0xff, 0xff, 0xff, 0xff, 0xff, 0xff, 0xff, 0xff, 0xff, 0xff,
0xff, 0xff, 0xff, 0xff, 0xff, 0xff, 0xff, 0xff, 0xff, 0xff, 0xff, 0xff, 0xff, 0xff, 0xff,
0xff, 0xff, 0xff, 0xff, 0xff, 0xff, 0xff, 0xff, 0xff, 0xff, 0xff, 0xff, 0xff, 0xff, 0xff,
0xff, 0xff, 0xff, 0xff, 0xff, 0xff, 0xff, 0xff, 0xff, 0xff, 0xff, 0xff, 0xff, 0xff, 0xff,
0xff, 0xff, 0xff, 0xff, 0xff, 0xff, 0xff, 0xff, 0xff, 0xff, 0xff, 0xff, 0xff, 0xff, 0xff,
0xff, 0xff, 0xff, 0xff, 0xff, 0xff, 0xff, 0xff, 0xff, 0xff, 0xff, 0xff, 0xff, 0xff, 0xff,
0xff, 0xff, 0xff, 0xff, 0xf7, 0xc8, 0xe7, 0xff, 0xe9, 0x6e, 0xc0, 0xff, 0xea, 0x75, 0xc3,
0xff, 0xea, 0x75, 0xc3, 0xff, 0xea, 0x75, 0xc3, 0xff, 0xea, 0x75, 0xc3, 0xff, 0xea, 0x75,
0xc3, 0xff, 0xea, 0x75, 0xc3, 0xff, 0xea, 0x75, 0xc3, 0xff, 0xea, 0x75, 0xc3, 0xff, 0xea,
0x75, 0xc3, 0xff, 0xea, 0x75, 0xc3, 0xff, 0xea, 0x75, 0xc3, 0xff, 0xea, 0x75, 0xc3, 0xff,
0xea, 0x75, 0xc3, 0xff, 0xea, 0x75, 0xc3, 0xff, 0xea, 0x75, 0xc3, 0xff, 0xea, 0x75, 0xc3,
0xff, 0xea, 0x75, 0xc3, 0xff, 0xea, 0x75, 0xc3, 0xff, 0xea, 0x75, 0xc3, 0xff, 0xeb, 0x75,
0xc4, 0xff, 0xe6, 0x72, 0xbe, 0xa8, 0xc7, 0x61, 0xa1, 0x00, 0xc5, 0x60, 0x9f, 0x00, 0xc5,
0x60, 0x9f, 0x00, 0xc5, 0x60, 0x9f, 0x00, 0xc5, 0x60, 0x9f, 0x00, 0xff, 0xff, 0xff, 0x00,
0xff, 0xff, 0xff, 0x00, 0xff, 0xff, 0xff, 0x00, 0xff, 0xff, 0xff, 0x00, 0xff, 0xff, 0xff,
0x00, 0xff, 0xff, 0xff, 0x00, 0xff, 0xff, 0xff, 0x00, 0xff, 0xff, 0xff, 0x00, 0xff, 0xff,
0xff, 0x00, 0xff, 0xff, 0xff, 0x00, 0xff, 0xff, 0xff, 0x00, 0xff, 0xff, 0xff, 0x00, 0xff,
0xff, 0xff, 0x00, 0xff, 0xff, 0xff, 0x00, 0xff, 0xff, 0xff, 0x00, 0xff, 0xff, 0xff, 0x00,
0xff, 0xff, 0xff, 0x00, 0xe9, 0x73, 0xc2, 0x00, 0xe9, 0x73, 0xc2, 0x00, 0xe9, 0x73, 0xc2,
0x00, 0xe9, 0x73, 0xc2, 0x00, 0xe9, 0x73, 0xc2, 0x00, 0xe9, 0x73, 0xc1, 0x20, 0xea, 0x75,
0xc3, 0xf8, 0xea, 0x75, 0xc3, 0xff, 0xea, 0x75, 0xc3, 0xff, 0xea, 0x75, 0xc3, 0xff, 0xea,
0x75, 0xc3, 0xff, 0xea, 0x75, 0xc3, 0xff, 0xea, 0x75, 0xc3, 0xff, 0xea, 0x75, 0xc3, 0xff,
0xea, 0x75, 0xc3, 0xff, 0xea, 0x75, 0xc3, 0xff, 0xea, 0x75, 0xc3, 0xff, 0xea, 0x75, 0xc3,
0xff, 0xea, 0x75, 0xc3, 0xff, 0xea, 0x75, 0xc3, 0xff, 0xea, 0x75, 0xc3, 0xff, 0xea, 0x75,
0xc3, 0xff, 0xea, 0x75, 0xc3, 0xff, 0xea, 0x75, 0xc3, 0xff, 0xea, 0x75, 0xc3, 0xff, 0xea,
0x75, 0xc3, 0xff, 0xe9, 0x6e, 0xc0, 0xff, 0xf2, 0xa7, 0xd9, 0xff, 0xff, 0xff, 0xff, 0xff,
0xff, 0xff, 0xff, 0xff, 0xff, 0xff, 0xff, 0xff, 0xff, 0xff, 0xff, 0xff, 0xff, 0xff, 0xff,
0xff, 0xff, 0xff, 0xff, 0xff, 0xff, 0xff, 0xff, 0xff, 0xff, 0xff, 0xff, 0xff, 0xff, 0xff,
0xff, 0xff, 0xff, 0xff, 0xff, 0xff, 0xff, 0xff, 0xff, 0xff, 0xff, 0xff, 0xff, 0xff, 0xff,
0xff, 0xff, 0xff, 0xff, 0xff, 0xff, 0xff, 0xff, 0xff, 0xff, 0xff, 0xff, 0xff, 0xff, 0xff,
0xff, 0xff, 0xff, 0xff, 0xff, 0xff, 0xff, 0xff, 0xff, 0xff, 0xff, 0xff, 0xff, 0xff, 0xff,
0xff, 0xff, 0xff, 0xff, 0xff, 0xff, 0xff, 0xff, 0xff, 0xfc, 0xec, 0xf7, 0xff, 0xea, 0x76,
0xc3, 0xff, 0xea, 0x72, 0xc2, 0xff, 0xea, 0x75, 0xc3, 0xff, 0xea, 0x75, 0xc3, 0xff, 0xea,
0x75, 0xc3, 0xff, 0xea, 0x75, 0xc3, 0xff, 0xea, 0x75, 0xc3, 0xff, 0xea, 0x73, 0xc2, 0xff,
0xe9, 0x71, 0xc1, 0xff, 0xfa, 0xde, 0xf1, 0xff, 0xff, 0xff, 0xff, 0xff, 0xff, 0xff, 0xff,
0xff, 0xff, 0xff, 0xff, 0xff, 0xff, 0xff, 0xff, 0xff, 0xff, 0xff, 0xff, 0xff, 0xff, 0xff,
0xff, 0xff, 0xff, 0xff, 0xff, 0xff, 0xff, 0xff, 0xff, 0xff, 0xff, 0xff, 0xff, 0xff, 0xff,
0xff, 0xff, 0xff, 0xff, 0xff, 0xff, 0xff, 0xff, 0xff, 0xff, 0xff, 0xff, 0xff, 0xff, 0xff,
0xff, 0xff, 0xff, 0xff, 0xff, 0xff, 0xff, 0xff, 0xff, 0xff, 0xff, 0xff, 0xff, 0xff, 0xff,
0xff, 0xff, 0xff, 0xff, 0xff, 0xff, 0xff, 0xff, 0xff, 0xff, 0xff, 0xff, 0xff, 0xff, 0xff,
0xff, 0xff, 0xff, 0xff, 0xff, 0xff, 0xf7, 0xc8, 0xe7, 0xff, 0xe9, 0x6e, 0xc0, 0xff, 0xea,
0x75, 0xc3, 0xff, 0xea, 0x75, 0xc3, 0xff, 0xea, 0x75, 0xc3, 0xff, 0xea, 0x75, 0xc3, 0xff,
0xea, 0x75, 0xc3, 0xff, 0xea, 0x75, 0xc3, 0xff, 0xea, 0x75, 0xc3, 0xff, 0xea, 0x75, 0xc3,
0xff, 0xea, 0x75, 0xc3, 0xff, 0xea, 0x75, 0xc3, 0xff, 0xea, 0x75, 0xc3, 0xff, 0xea, 0x75,
0xc3, 0xff, 0xea, 0x75, 0xc3, 0xff, 0xea, 0x75, 0xc3, 0xff, 0xea, 0x75, 0xc3, 0xff, 0xea,
0x75, 0xc3, 0xff, 0xea, 0x75, 0xc3, 0xff, 0xea, 0x75, 0xc3, 0xff, 0xea, 0x75, 0xc3, 0xff,
0xea, 0x75, 0xc3, 0xf7, 0xea, 0x72, 0xc0, 0x25, 0xed, 0x73, 0xc3, 0x00, 0xee, 0x73, 0xc3,
0x00, 0xee, 0x73, 0xc3, 0x00, 0xee, 0x73, 0xc3, 0x00, 0xee, 0x73, 0xc3, 0x00, 0xff, 0xff,
0xff, 0x00, 0xff, 0xff, 0xff, 0x00, 0xff, 0xff, 0xff, 0x00, 0xff, 0xff, 0xff, 0x00, 0xff,
0xff, 0xff, 0x00, 0xff, 0xff, 0xff, 0x00, 0xff, 0xff, 0xff, 0x00, 0xff, 0xff, 0xff, 0x00,
0xff, 0xff, 0xff, 0x00, 0xff, 0xff, 0xff, 0x00, 0xff, 0xff, 0xff, 0x00, 0xff, 0xff, 0xff,
0x00, 0xff, 0xff, 0xff, 0x00, 0xff, 0xff, 0xff, 0x00, 0xff, 0xff, 0xff, 0x00, 0xff, 0xff,
0xff, 0x00, 0xff, 0xff, 0xff, 0x00, 0xe8, 0x73, 0xc0, 0x00, 0xe8, 0x73, 0xc0, 0x00, 0xe8,
0x73, 0xc0, 0x00, 0xe8, 0x73, 0xc0, 0x00, 0xe8, 0x73, 0xc0, 0x00, 0xe8, 0x73, 0xbf, 0x00,
0xea, 0x75, 0xc1, 0x91, 0xea, 0x75, 0xc3, 0xff, 0xea, 0x75, 0xc3, 0xff, 0xea, 0x75, 0xc3,
0xff, 0xea, 0x75, 0xc3, 0xff, 0xea, 0x75, 0xc3, 0xff, 0xea, 0x75, 0xc3, 0xff, 0xea, 0x75,
0xc3, 0xff, 0xea, 0x75, 0xc3, 0xff, 0xea, 0x75, 0xc3, 0xff, 0xea, 0x75, 0xc3, 0xff, 0xea,
0x75, 0xc3, 0xff, 0xea, 0x75, 0xc3, 0xff, 0xea, 0x75, 0xc3, 0xff, 0xea, 0x75, 0xc3, 0xff,
0xea, 0x75, 0xc3, 0xff, 0xea, 0x75, 0xc3, 0xff, 0xea, 0x75, 0xc3, 0xff, 0xea, 0x75, 0xc3,
0xff, 0xea, 0x75, 0xc3, 0xff, 0xe9, 0x6e, 0xc0, 0xff, 0xf2, 0xa7, 0xd9, 0xff, 0xff, 0xff,
0xff, 0xff, 0xff, 0xff, 0xff, 0xff, 0xff, 0xff, 0xff, 0xff, 0xff, 0xff, 0xff, 0xff, 0xff,
0xff, 0xff, 0xff, 0xff, 0xff, 0xff, 0xff, 0xff, 0xff, 0xff, 0xff, 0xff, 0xff, 0xff, 0xff,
0xff, 0xff, 0xff, 0xff, 0xff, 0xff, 0xff, 0xff, 0xff, 0xff, 0xff, 0xff, 0xff, 0xff, 0xff,
0xff, 0xff, 0xff, 0xff, 0xff, 0xff, 0xff, 0xff, 0xff, 0xff, 0xff, 0xff, 0xff, 0xff, 0xff,
0xff, 0xff, 0xff, 0xff, 0xff, 0xff, 0xff, 0xff, 0xff, 0xff, 0xff, 0xff, 0xff, 0xff, 0xff,
0xff, 0xff, 0xff, 0xff, 0xff, 0xff, 0xff, 0xff, 0xff, 0xff, 0xff, 0xf7, 0xc5, 0xe6, 0xff,
0xe9, 0x6d, 0xbf, 0xff, 0xea, 0x75, 0xc3, 0xff, 0xea, 0x75, 0xc3, 0xff, 0xea, 0x75, 0xc3,
0xff, 0xea, 0x75, 0xc3, 0xff, 0xea, 0x75, 0xc3, 0xff, 0xea, 0x75, 0xc3, 0xff, 0xea, 0x75,
0xc3, 0xff, 0xe9, 0x6d, 0xbf, 0xff, 0xf1, 0xa4, 0xd8, 0xff, 0xff, 0xff, 0xff, 0xff, 0xff,
0xff, 0xff, 0xff, 0xff, 0xff, 0xff, 0xff, 0xff, 0xff, 0xff, 0xff, 0xff, 0xff, 0xff, 0xff,
0xff, 0xff, 0xff, 0xff, 0xff, 0xff, 0xff, 0xff, 0xff, 0xff, 0xff, 0xff, 0xff, 0xff, 0xff,
0xff, 0xff, 0xff, 0xff, 0xff, 0xff, 0xff, 0xff, 0xff, 0xff, 0xff, 0xff, 0xff, 0xff, 0xff,
0xff, 0xff, 0xff, 0xff, 0xff, 0xff, 0xff, 0xff, 0xff, 0xff, 0xff, 0xff, 0xff, 0xff, 0xff,
0xff, 0xff, 0xff, 0xff, 0xff, 0xff, 0xff, 0xff, 0xff, 0xff, 0xff, 0xff, 0xff, 0xff, 0xff,
0xff, 0xff, 0xff, 0xff, 0xff, 0xff, 0xff, 0xff, 0xf7, 0xc8, 0xe7, 0xff, 0xe9, 0x6e, 0xc0,
0xff, 0xea, 0x75, 0xc3, 0xff, 0xea, 0x75, 0xc3, 0xff, 0xea, 0x75, 0xc3, 0xff, 0xea, 0x75,
0xc3, 0xff, 0xea, 0x75, 0xc3, 0xff, 0xea, 0x75, 0xc3, 0xff, 0xea, 0x75, 0xc3, 0xff, 0xea,
0x75, 0xc3, 0xff, 0xea, 0x75, 0xc3, 0xff, 0xea, 0x75, 0xc3, 0xff, 0xea, 0x75, 0xc3, 0xff,
0xea, 0x75, 0xc3, 0xff, 0xea, 0x75, 0xc3, 0xff, 0xea, 0x75, 0xc3, 0xff, 0xea, 0x75, 0xc3,
0xff, 0xea, 0x75, 0xc3, 0xff, 0xea, 0x75, 0xc3, 0xff, 0xea, 0x75, 0xc3, 0xff, 0xeb, 0x76,
0xc4, 0xff, 0xf0, 0x77, 0xc8, 0xa7, 0xef, 0x74, 0xc6, 0x00, 0xef, 0x75, 0xc6, 0x00, 0xef,
0x75, 0xc6, 0x00, 0xef, 0x75, 0xc6, 0x00, 0xef, 0x75, 0xc6, 0x00, 0xef, 0x75, 0xc6, 0x00,
0xff, 0xff, 0xff, 0x00, 0xff, 0xff, 0xff, 0x00, 0xff, 0xff, 0xff, 0x00, 0xff, 0xff, 0xff,
0x00, 0xff, 0xff, 0xff, 0x00, 0xff, 0xff, 0xff, 0x00, 0xff, 0xff, 0xff, 0x00, 0xff, 0xff,
0xff, 0x00, 0xff, 0xff, 0xff, 0x00, 0xff, 0xff, 0xff, 0x00, 0xff, 0xff, 0xff, 0x00, 0xff,
0xff, 0xff, 0x00, 0xff, 0xff, 0xff, 0x00, 0xff, 0xff, 0xff, 0x00, 0xff, 0xff, 0xff, 0x00,
0xff, 0xff, 0xff, 0x00, 0xff, 0xff, 0xff, 0x00, 0xe0, 0x6a, 0xb8, 0x00, 0xe0, 0x6a, 0xb8,
0x00, 0xe0, 0x6a, 0xb8, 0x00, 0xe0, 0x6a, 0xb8, 0x00, 0xe0, 0x6a, 0xb8, 0x00, 0xe0, 0x6a,
0xb8, 0x00, 0xe1, 0x6a, 0xba, 0x1e, 0xe9, 0x74, 0xc3, 0xf6, 0xea, 0x75, 0xc3, 0xff, 0xea,
0x75, 0xc3, 0xff, 0xea, 0x75, 0xc3, 0xff, 0xea, 0x75, 0xc3, 0xff, 0xea, 0x75, 0xc3, 0xff,
0xea, 0x75, 0xc3, 0xff, 0xea, 0x75, 0xc3, 0xff, 0xea, 0x75, 0xc3, 0xff, 0xea, 0x75, 0xc3,
0xff, 0xea, 0x75, 0xc3, 0xff, 0xea, 0x75, 0xc3, 0xff, 0xea, 0x75, 0xc3, 0xff, 0xea, 0x75,
0xc3, 0xff, 0xea, 0x75, 0xc3, 0xff, 0xea, 0x75, 0xc3, 0xff, 0xea, 0x75, 0xc3, 0xff, 0xea,
0x75, 0xc3, 0xff, 0xea, 0x75, 0xc3, 0xff, 0xe9, 0x6e, 0xc0, 0xff, 0xf2, 0xa7, 0xd9, 0xff,
0xff, 0xff, 0xff, 0xff, 0xff, 0xff, 0xff, 0xff, 0xff, 0xff, 0xff, 0xff, 0xff, 0xff, 0xff,
0xff, 0xff, 0xff, 0xff, 0xff, 0xff, 0xff, 0xff, 0xff, 0xff, 0xff, 0xff, 0xff, 0xff, 0xff,
0xff, 0xff, 0xff, 0xff, 0xff, 0xff, 0xff, 0xff, 0xff, 0xff, 0xff, 0xff, 0xff, 0xff, 0xff,
0xff, 0xff, 0xff, 0xff, 0xff, 0xff, 0xff, 0xff, 0xff, 0xff, 0xff, 0xff, 0xff, 0xff, 0xff,
0xff, 0xff, 0xff, 0xff, 0xff, 0xff, 0xff, 0xff, 0xff, 0xff, 0xff, 0xff, 0xff, 0xff, 0xff,
0xff, 0xff, 0xff, 0xff, 0xff, 0xff, 0xff, 0xff, 0xff, 0xff, 0xff, 0xff, 0xff, 0xf3, 0xac,
0xdb, 0xff, 0xe9, 0x6d, 0xbf, 0xff, 0xea, 0x75, 0xc3, 0xff, 0xea, 0x75, 0xc3, 0xff, 0xea,
0x75, 0xc3, 0xff, 0xea, 0x75, 0xc3, 0xff, 0xea, 0x75, 0xc3, 0xff, 0xea, 0x75, 0xc3, 0xff,
0xea, 0x75, 0xc3, 0xff, 0xe9, 0x6f, 0xc0, 0xff, 0xef, 0x92, 0xd0, 0xff, 0xff, 0xff, 0xff,
0xff, 0xff, 0xff, 0xff, 0xff, 0xff, 0xff, 0xff, 0xff, 0xff, 0xff, 0xff, 0xff, 0xff, 0xff,
0xff, 0xff, 0xff, 0xff, 0xff, 0xff, 0xff, 0xff, 0xff, 0xff, 0xff, 0xff, 0xff, 0xff, 0xff,
0xff, 0xff, 0xff, 0xff, 0xff, 0xff, 0xff, 0xff, 0xff, 0xff, 0xff, 0xff, 0xff, 0xff, 0xff,
0xff, 0xff, 0xff, 0xff, 0xff, 0xff, 0xff, 0xff, 0xff, 0xff, 0xff, 0xff, 0xff, 0xff, 0xff,
0xff, 0xff, 0xff, 0xff, 0xff, 0xff, 0xff, 0xff, 0xff, 0xff, 0xff, 0xff, 0xff, 0xff, 0xff,
0xff, 0xff, 0xff, 0xff, 0xff, 0xff, 0xff, 0xff, 0xff, 0xff, 0xf7, 0xc8, 0xe7, 0xff, 0xe9,
0x6e, 0xc0, 0xff, 0xea, 0x75, 0xc3, 0xff, 0xea, 0x75, 0xc3, 0xff, 0xea, 0x75, 0xc3, 0xff,
0xea, 0x75, 0xc3, 0xff, 0xea, 0x75, 0xc3, 0xff, 0xea, 0x75, 0xc3, 0xff, 0xea, 0x75, 0xc3,
0xff, 0xea, 0x75, 0xc3, 0xff, 0xea, 0x75, 0xc3, 0xff, 0xea, 0x75, 0xc3, 0xff, 0xea, 0x75,
0xc3, 0xff, 0xea, 0x75, 0xc3, 0xff, 0xea, 0x75, 0xc3, 0xff, 0xea, 0x75, 0xc3, 0xff, 0xea,
0x75, 0xc3, 0xff, 0xea, 0x75, 0xc3, 0xff, 0xea, 0x75, 0xc3, 0xff, 0xec, 0x76, 0xc4, 0xff,
0xe2, 0x71, 0xbc, 0xf3, 0xad, 0x56, 0x91, 0x1f, 0xa9, 0x54, 0x8e, 0x00, 0xaa, 0x55, 0x8e,
0x00, 0xaa, 0x55, 0x8e, 0x00, 0xaa, 0x55, 0x8e, 0x00, 0xaa, 0x55, 0x8e, 0x00, 0xaa, 0x55,
0x8e, 0x00, 0xff, 0xff, 0xff, 0x00, 0xff, 0xff, 0xff, 0x00, 0xff, 0xff, 0xff, 0x00, 0xff,
0xff, 0xff, 0x00, 0xff, 0xff, 0xff, 0x00, 0xff, 0xff, 0xff, 0x00, 0xff, 0xff, 0xff, 0x00,
0xff, 0xff, 0xff, 0x00, 0xff, 0xff, 0xff, 0x00, 0xff, 0xff, 0xff, 0x00, 0xff, 0xff, 0xff,
0x00, 0xff, 0xff, 0xff, 0x00, 0xff, 0xff, 0xff, 0x00, 0xff, 0xff, 0xff, 0x00, 0xff, 0xff,
0xff, 0x00, 0xff, 0xff, 0xff, 0x00, 0xff, 0xff, 0xff, 0x00, 0xcd, 0x52, 0xc1, 0x00, 0xcd,
0x52, 0xc1, 0x00, 0xcd, 0x52, 0xc1, 0x00, 0xcd, 0x52, 0xc1, 0x00, 0xcd, 0x52, 0xc1, 0x00,
0xcd, 0x52, 0xc1, 0x00, 0xcb, 0x51, 0xc1, 0x00, 0xe2, 0x6c, 0xc3, 0x81, 0xeb, 0x76, 0xc3,
0xff, 0xea, 0x75, 0xc3, 0xff, 0xea, 0x75, 0xc3, 0xff, 0xea, 0x75, 0xc3, 0xff, 0xea, 0x75,
0xc3, 0xff, 0xea, 0x75, 0xc3, 0xff, 0xea, 0x75, 0xc3, 0xff, 0xea, 0x75, 0xc3, 0xff, 0xea,
0x75, 0xc3, 0xff, 0xea, 0x75, 0xc3, 0xff, 0xea, 0x75, 0xc3, 0xff, 0xea, 0x75, 0xc3, 0xff,
0xea, 0x75, 0xc3, 0xff, 0xea, 0x75, 0xc3, 0xff, 0xea, 0x75, 0xc3, 0xff, 0xea, 0x75, 0xc3,
0xff, 0xea, 0x75, 0xc3, 0xff, 0xea, 0x75, 0xc3, 0xff, 0xe9, 0x6e, 0xc0, 0xff, 0xf2, 0xa7,
0xd9, 0xff, 0xff, 0xff, 0xff, 0xff, 0xff, 0xff, 0xff, 0xff, 0xff, 0xff, 0xff, 0xff, 0xff,
0xff, 0xff, 0xff, 0xff, 0xff, 0xff, 0xff, 0xff, 0xff, 0xff, 0xff, 0xff, 0xff, 0xff, 0xff,
0xff, 0xff, 0xff, 0xff, 0xff, 0xff, 0xff, 0xff, 0xff, 0xff, 0xff, 0xff, 0xff, 0xff, 0xff,
0xff, 0xff, 0xff, 0xff, 0xff, 0xff, 0xff, 0xff, 0xff, 0xff, 0xff, 0xff, 0xff, 0xff, 0xff,
0xff, 0xff, 0xff, 0xff, 0xff, 0xff, 0xff, 0xff, 0xff, 0xff, 0xff, 0xff, 0xff, 0xff, 0xff,
0xff, 0xff, 0xff, 0xff, 0xff, 0xff, 0xff, 0xff, 0xff, 0xff, 0xff, 0xff, 0xff, 0xff, 0xff,
0xf4, 0xb6, 0xe0, 0xff, 0xe9, 0x6d, 0xbf, 0xff, 0xea, 0x75, 0xc3, 0xff, 0xea, 0x75, 0xc3,
0xff, 0xea, 0x75, 0xc3, 0xff, 0xea, 0x75, 0xc3, 0xff, 0xea, 0x75, 0xc3, 0xff, 0xea, 0x75,
0xc3, 0xff, 0xea, 0x75, 0xc3, 0xff, 0xe9, 0x6e, 0xc0, 0xff, 0xf0, 0x97, 0xd2, 0xff, 0xff,
0xff, 0xff, 0xff, 0xff, 0xff, 0xff, 0xff, 0xff, 0xff, 0xff, 0xff, 0xff, 0xff, 0xff, 0xff,
0xff, 0xff, 0xff, 0xff, 0xff, 0xff, 0xff, 0xff, 0xff, 0xff, 0xff, 0xff, 0xff, 0xff, 0xff,
0xff, 0xff, 0xff, 0xff, 0xff, 0xff, 0xff, 0xff, 0xff, 0xff, 0xff, 0xff, 0xff, 0xff, 0xff,
0xff, 0xff, 0xff, 0xff, 0xff, 0xff, 0xff, 0xff, 0xff, 0xff, 0xff, 0xff, 0xff, 0xff, 0xff,
0xff, 0xff, 0xff, 0xff, 0xff, 0xff, 0xff, 0xff, 0xff, 0xff, 0xff, 0xff, 0xff, 0xff, 0xff,
0xff, 0xff, 0xff, 0xff, 0xff, 0xff, 0xff, 0xff, 0xff, 0xff, 0xff, 0xff, 0xf7, 0xc8, 0xe7,
0xff, 0xe9, 0x6e, 0xc0, 0xff, 0xea, 0x75, 0xc3, 0xff, 0xea, 0x75, 0xc3, 0xff, 0xea, 0x75,
0xc3, 0xff, 0xea, 0x75, 0xc3, 0xff, 0xea, 0x75, 0xc3, 0xff, 0xea, 0x75, 0xc3, 0xff, 0xea,
0x75, 0xc3, 0xff, 0xea, 0x75, 0xc3, 0xff, 0xea, 0x75, 0xc3, 0xff, 0xea, 0x75, 0xc3, 0xff,
0xea, 0x75, 0xc3, 0xff, 0xea, 0x75, 0xc3, 0xff, 0xea, 0x75, 0xc3, 0xff, 0xea, 0x75, 0xc3,
0xff, 0xea, 0x75, 0xc3, 0xff, 0xea, 0x75, 0xc3, 0xff, 0xea, 0x75, 0xc3, 0xff, 0xee, 0x77,
0xc6, 0xff, 0xd6, 0x6b, 0xb0, 0x8d, 0x78, 0x3b, 0x60, 0x00, 0x76, 0x3a, 0x5f, 0x00, 0x76,
0x3a, 0x5f, 0x00, 0x76, 0x3a, 0x5f, 0x00, 0x76, 0x3a, 0x5f, 0x00, 0x76, 0x3a, 0x5f, 0x00,
0x76, 0x3a, 0x5f, 0x00, 0xff, 0xff, 0xff, 0x00, 0xff, 0xff, 0xff, 0x00, 0xff, 0xff, 0xff,
0x00, 0xff, 0xff, 0xff, 0x00, 0xff, 0xff, 0xff, 0x00, 0xff, 0xff, 0xff, 0x00, 0xff, 0xff,
0xff, 0x00, 0xff, 0xff, 0xff, 0x00, 0xff, 0xff, 0xff, 0x00, 0xff, 0xff, 0xff, 0x00, 0xff,
0xff, 0xff, 0x00, 0xff, 0xff, 0xff, 0x00, 0xff, 0xff, 0xff, 0x00, 0xff, 0xff, 0xff, 0x00,
0xff, 0xff, 0xff, 0x00, 0xff, 0xff, 0xff, 0x00, 0xff, 0xff, 0xff, 0x00, 0xe4, 0x74, 0xb7,
0x00, 0xe4, 0x74, 0xb7, 0x00, 0xe4, 0x74, 0xb7, 0x00, 0xe4, 0x74, 0xb7, 0x00, 0xe4, 0x74,
0xb7, 0x00, 0xe4, 0x74, 0xb7, 0x00, 0xe4, 0x74, 0xb7, 0x00, 0xe4, 0x73, 0xb8, 0x12, 0xea,
0x75, 0xc2, 0xe6, 0xea, 0x75, 0xc3, 0xff, 0xea, 0x75, 0xc3, 0xff, 0xea, 0x75, 0xc3, 0xff,
0xea, 0x75, 0xc3, 0xff, 0xea, 0x75, 0xc3, 0xff, 0xea, 0x75, 0xc3, 0xff, 0xea, 0x75, 0xc3,
0xff, 0xea, 0x75, 0xc3, 0xff, 0xea, 0x75, 0xc3, 0xff, 0xea, 0x75, 0xc3, 0xff, 0xea, 0x75,
0xc3, 0xff, 0xea, 0x75, 0xc3, 0xff, 0xea, 0x75, 0xc3, 0xff, 0xea, 0x75, 0xc3, 0xff, 0xea,
0x75, 0xc3, 0xff, 0xea, 0x75, 0xc3, 0xff, 0xea, 0x75, 0xc3, 0xff, 0xe9, 0x6e, 0xc0, 0xff,
0xf2, 0xa7, 0xd9, 0xff, 0xff, 0xff, 0xff, 0xff, 0xff, 0xff, 0xff, 0xff, 0xff, 0xff, 0xff,
0xff, 0xff, 0xff, 0xff, 0xff, 0xff, 0xff, 0xff, 0xff, 0xff, 0xff, 0xff, 0xff, 0xff, 0xff,
0xff, 0xff, 0xff, 0xff, 0xff, 0xff, 0xff, 0xff, 0xff, 0xff, 0xff, 0xff, 0xff, 0xff, 0xff,
0xff, 0xff, 0xff, 0xff, 0xff, 0xff, 0xff, 0xff, 0xff, 0xff, 0xff, 0xff, 0xff, 0xff, 0xff,
0xff, 0xff, 0xff, 0xff, 0xff, 0xff, 0xff, 0xff, 0xff, 0xff, 0xff, 0xff, 0xff, 0xff, 0xff,
0xff, 0xff, 0xff, 0xff, 0xff, 0xff, 0xff, 0xff, 0xff, 0xff, 0xff, 0xff, 0xff, 0xff, 0xff,
0xff, 0xff, 0xfa, 0xdc, 0xf0, 0xff, 0xe9, 0x6f, 0xc0, 0xff, 0xea, 0x75, 0xc3, 0xff, 0xea,
0x75, 0xc3, 0xff, 0xea, 0x75, 0xc3, 0xff, 0xea, 0x75, 0xc3, 0xff, 0xea, 0x75, 0xc3, 0xff,
0xea, 0x75, 0xc3, 0xff, 0xea, 0x75, 0xc3, 0xff, 0xe9, 0x6c, 0xbf, 0xff, 0xf6, 0xc1, 0xe4,
0xff, 0xff, 0xff, 0xff, 0xff, 0xff, 0xff, 0xff, 0xff, 0xff, 0xff, 0xff, 0xff, 0xff, 0xff,
0xff, 0xff, 0xff, 0xff, 0xff, 0xff, 0xff, 0xff, 0xff, 0xff, 0xff, 0xff, 0xff, 0xff, 0xff,
0xff, 0xff, 0xff, 0xff, 0xff, 0xff, 0xff, 0xff, 0xff, 0xff, 0xff, 0xff, 0xff, 0xff, 0xff,
0xff, 0xff, 0xff, 0xff, 0xff, 0xff, 0xff, 0xff, 0xff, 0xff, 0xff, 0xff, 0xff, 0xff, 0xff,
0xff, 0xff, 0xff, 0xff, 0xff, 0xff, 0xff, 0xff, 0xff, 0xff, 0xff, 0xff, 0xff, 0xff, 0xff,
0xff, 0xff, 0xff, 0xff, 0xff, 0xff, 0xff, 0xff, 0xff, 0xff, 0xff, 0xff, 0xff, 0xff, 0xf7,
0xc8, 0xe7, 0xff, 0xe9, 0x6e, 0xc0, 0xff, 0xea, 0x75, 0xc3, 0xff, 0xea, 0x75, 0xc3, 0xff,
0xea, 0x75, 0xc3, 0xff, 0xea, 0x75, 0xc3, 0xff, 0xea, 0x75, 0xc3, 0xff, 0xea, 0x75, 0xc3,
0xff, 0xea, 0x75, 0xc3, 0xff, 0xea, 0x75, 0xc3, 0xff, 0xea, 0x75, 0xc3, 0xff, 0xea, 0x75,
0xc3, 0xff, 0xea, 0x75, 0xc3, 0xff, 0xea, 0x75, 0xc3, 0xff, 0xea, 0x75, 0xc3, 0xff, 0xea,
0x75, 0xc3, 0xff, 0xea, 0x75, 0xc3, 0xff, 0xea, 0x75, 0xc3, 0xff, 0xea, 0x75, 0xc3, 0xff,
0xe9, 0x75, 0xc3, 0xe0, 0xe5, 0x74, 0xba, 0x0b, 0xef, 0x78, 0xbf, 0x00, 0xef, 0x78, 0xc0,
0x00, 0xef, 0x78, 0xbf, 0x00, 0xef, 0x78, 0xbf, 0x00, 0xef, 0x78, 0xbf, 0x00, 0xef, 0x78,
0xbf, 0x00, 0xef, 0x78, 0xbf, 0x00, 0xff, 0xff, 0xff, 0x00, 0xff, 0xff, 0xff, 0x00, 0xff,
0xff, 0xff, 0x00, 0xff, 0xff, 0xff, 0x00, 0xff, 0xff, 0xff, 0x00, 0xff, 0xff, 0xff, 0x00,
0xff, 0xff, 0xff, 0x00, 0xff, 0xff, 0xff, 0x00, 0xff, 0xff, 0xff, 0x00, 0xff, 0xff, 0xff,
0x00, 0xff, 0xff, 0xff, 0x00, 0xff, 0xff, 0xff, 0x00, 0xff, 0xff, 0xff, 0x00, 0xff, 0xff,
0xff, 0x00, 0xff, 0xff, 0xff, 0x00, 0xff, 0xff, 0xff, 0x00, 0xff, 0xff, 0xff, 0x00, 0xe2,
0x69, 0xbd, 0x00, 0xe2, 0x69, 0xbd, 0x00, 0xe2, 0x69, 0xbd, 0x00, 0xe2, 0x69, 0xbd, 0x00,
0xe2, 0x69, 0xbd, 0x00, 0xe2, 0x69, 0xbd, 0x00, 0xe2, 0x69, 0xbd, 0x00, 0xe2, 0x68, 0xbd,
0x00, 0xe5, 0x6d, 0xc0, 0x55, 0xea, 0x76, 0xc3, 0xff, 0xea, 0x75, 0xc3, 0xff, 0xea, 0x75,
0xc3, 0xff, 0xea, 0x75, 0xc3, 0xff, 0xea, 0x75, 0xc3, 0xff, 0xea, 0x75, 0xc3, 0xff, 0xea,
0x75, 0xc3, 0xff, 0xea, 0x75, 0xc3, 0xff, 0xea, 0x75, 0xc3, 0xff, 0xea, 0x75, 0xc3, 0xff,
0xea, 0x75, 0xc3, 0xff, 0xea, 0x75, 0xc3, 0xff, 0xea, 0x75, 0xc3, 0xff, 0xea, 0x75, 0xc3,
0xff, 0xea, 0x75, 0xc3, 0xff, 0xea, 0x75, 0xc3, 0xff, 0xea, 0x75, 0xc3, 0xff, 0xe9, 0x6e,
0xc0, 0xff, 0xf2, 0xa7, 0xd9, 0xff, 0xff, 0xff, 0xff, 0xff, 0xff, 0xff, 0xff, 0xff, 0xff,
0xff, 0xff, 0xff, 0xff, 0xff, 0xff, 0xff, 0xff, 0xff, 0xff, 0xff, 0xff, 0xff, 0xff, 0xff,
0xff, 0xff, 0xff, 0xff, 0xff, 0xff, 0xff, 0xff, 0xff, 0xff, 0xff, 0xff, 0xff, 0xff, 0xff,
0xff, 0xff, 0xff, 0xff, 0xff, 0xff, 0xff, 0xff, 0xff, 0xff, 0xff, 0xff, 0xff, 0xff, 0xff,
0xff, 0xff, 0xff, 0xff, 0xff, 0xff, 0xff, 0xff, 0xff, 0xff, 0xff, 0xff, 0xff, 0xff, 0xff,
0xff, 0xff, 0xff, 0xff, 0xff, 0xff, 0xff, 0xff, 0xff, 0xff, 0xff, 0xff, 0xff, 0xff, 0xff,
0xff, 0xff, 0xff, 0xff, 0xfe, 0xfb, 0xfd, 0xff, 0xef, 0x96, 0xd1, 0xff, 0xe9, 0x6c, 0xbf,
0xff, 0xea, 0x75, 0xc3, 0xff, 0xea, 0x75, 0xc3, 0xff, 0xea, 0x75, 0xc3, 0xff, 0xea, 0x75,
0xc3, 0xff, 0xea, 0x75, 0xc3, 0xff, 0xe9, 0x6d, 0xc0, 0xff, 0xed, 0x88, 0xcb, 0xff, 0xfe,
0xf9, 0xfc, 0xff, 0xff, 0xff, 0xff, 0xff, 0xff, 0xff, 0xff, 0xff, 0xff, 0xff, 0xff, 0xff,
0xff, 0xff, 0xff, 0xff, 0xff, 0xff, 0xff, 0xff, 0xff, 0xff, 0xff, 0xff, 0xff, 0xff, 0xff,
0xff, 0xff, 0xff, 0xff, 0xff, 0xff, 0xff, 0xff, 0xff, 0xff, 0xff, 0xff, 0xff, 0xff, 0xff,
0xff, 0xff, 0xff, 0xff, 0xff, 0xff, 0xff, 0xff, 0xff, 0xff, 0xff, 0xff, 0xff, 0xff, 0xff,
0xff, 0xff, 0xff, 0xff, 0xff, 0xff, 0xff, 0xff, 0xff, 0xff, 0xff, 0xff, 0xff, 0xff, 0xff,
0xff, 0xff, 0xff, 0xff, 0xff, 0xff, 0xff, 0xff, 0xff, 0xff, 0xff, 0xff, 0xff, 0xff, 0xff,
0xff, 0xf7, 0xc8, 0xe7, 0xff, 0xe9, 0x6e, 0xc0, 0xff, 0xea, 0x75, 0xc3, 0xff, 0xea, 0x75,
0xc3, 0xff, 0xea, 0x75, 0xc3, 0xff, 0xea, 0x75, 0xc3, 0xff, 0xea, 0x75, 0xc3, 0xff, 0xea,
0x75, 0xc3, 0xff, 0xea, 0x75, 0xc3, 0xff, 0xea, 0x75, 0xc3, 0xff, 0xea, 0x75, 0xc3, 0xff,
0xea, 0x75, 0xc3, 0xff, 0xea, 0x75, 0xc3, 0xff, 0xea, 0x75, 0xc3, 0xff, 0xea, 0x75, 0xc3,
0xff, 0xea, 0x75, 0xc3, 0xff, 0xea, 0x75, 0xc3, 0xff, 0xea, 0x75, 0xc3, 0xff, 0xeb, 0x75,
0xc4, 0xff, 0xe5, 0x70, 0xbc, 0x54, 0xdf, 0x6c, 0xb7, 0x00, 0xdf, 0x6d, 0xb8, 0x00, 0xdf,
0x6d, 0xb8, 0x00, 0xdf, 0x6d, 0xb8, 0x00, 0xdf, 0x6d, 0xb8, 0x00, 0xdf, 0x6d, 0xb8, 0x00,
0xdf, 0x6d, 0xb8, 0x00, 0xdf, 0x6d, 0xb8, 0x00, 0xff, 0xff, 0xff, 0x00, 0xff, 0xff, 0xff,
0x00, 0xff, 0xff, 0xff, 0x00, 0xff, 0xff, 0xff, 0x00, 0xff, 0xff, 0xff, 0x00, 0xff, 0xff,
0xff, 0x00, 0xff, 0xff, 0xff, 0x00, 0xff, 0xff, 0xff, 0x00, 0xff, 0xff, 0xff, 0x00, 0xff,
0xff, 0xff, 0x00, 0xff, 0xff, 0xff, 0x00, 0xff, 0xff, 0xff, 0x00, 0xff, 0xff, 0xff, 0x00,
0xff, 0xff, 0xff, 0x00, 0xff, 0xff, 0xff, 0x00, 0xff, 0xff, 0xff, 0x00, 0xff, 0xff, 0xff,
0x00, 0xe2, 0x69, 0xb8, 0x00, 0xe2, 0x69, 0xb8, 0x00, 0xe2, 0x69, 0xb8, 0x00, 0xe2, 0x69,
0xb8, 0x00, 0xe2, 0x69, 0xb8, 0x00, 0xe2, 0x69, 0xb8, 0x00, 0xe2, 0x69, 0xb8, 0x00, 0xe2,
0x69, 0xb8, 0x00, 0xe3, 0x6a, 0xb9, 0x00, 0xe9, 0x73, 0xc2, 0xb1, 0xea, 0x75, 0xc3, 0xff,
0xea, 0x75, 0xc3, 0xff, 0xea, 0x75, 0xc3, 0xff, 0xea, 0x75, 0xc3, 0xff, 0xea, 0x75, 0xc3,
0xff, 0xea, 0x75, 0xc3, 0xff, 0xea, 0x75, 0xc3, 0xff, 0xea, 0x75, 0xc3, 0xff, 0xea, 0x75,
0xc3, 0xff, 0xea, 0x75, 0xc3, 0xff, 0xea, 0x75, 0xc3, 0xff, 0xea, 0x75, 0xc3, 0xff, 0xea,
0x75, 0xc3, 0xff, 0xea, 0x75, 0xc3, 0xff, 0xea, 0x75, 0xc3, 0xff, 0xea, 0x75, 0xc3, 0xff,
0xe9, 0x6e, 0xc0, 0xff, 0xf2, 0xa7, 0xd9, 0xff, 0xff, 0xff, 0xff, 0xff, 0xff, 0xff, 0xff,
0xff, 0xff, 0xff, 0xff, 0xff, 0xff, 0xff, 0xff, 0xff, 0xff, 0xff, 0xff, 0xff, 0xff, 0xff,
0xff, 0xff, 0xff, 0xff, 0xff, 0xff, 0xff, 0xff, 0xff, 0xff, 0xff, 0xff, 0xff, 0xff, 0xff,
0xff, 0xff, 0xff, 0xff, 0xff, 0xff, 0xff, 0xff, 0xff, 0xff, 0xff, 0xff, 0xff, 0xff, 0xff,
0xff, 0xff, 0xff, 0xff, 0xff, 0xff, 0xff, 0xff, 0xff, 0xff, 0xff, 0xff, 0xff, 0xff, 0xff,
0xff, 0xff, 0xff, 0xff, 0xff, 0xff, 0xff, 0xff, 0xff, 0xff, 0xff, 0xff, 0xff, 0xff, 0xff,
0xff, 0xff, 0xff, 0xff, 0xff, 0xff, 0xff, 0xff, 0xff, 0xff, 0xfd, 0xf0, 0xf9, 0xff, 0xee,
0x8d, 0xce, 0xff, 0xe9, 0x6c, 0xbf, 0xff, 0xe9, 0x6f, 0xc0, 0xff, 0xe9, 0x71, 0xc1, 0xff,
0xe9, 0x70, 0xc1, 0xff, 0xe9, 0x6c, 0xbf, 0xff, 0xed, 0x84, 0xca, 0xff, 0xfb, 0xe4, 0xf3,
0xff, 0xff, 0xff, 0xff, 0xff, 0xff, 0xff, 0xff, 0xff, 0xff, 0xff, 0xff, 0xff, 0xff, 0xff,
0xff, 0xff, 0xff, 0xff, 0xff, 0xff, 0xff, 0xff, 0xff, 0xff, 0xff, 0xff, 0xff, 0xff, 0xff,
0xff, 0xff, 0xff, 0xff, 0xff, 0xff, 0xff, 0xff, 0xff, 0xff, 0xff, 0xff, 0xff, 0xff, 0xff,
0xff, 0xff, 0xff, 0xff, 0xff, 0xff, 0xff, 0xff, 0xff, 0xff, 0xff, 0xff, 0xff, 0xff, 0xff,
0xff, 0xff, 0xff, 0xff, 0xff, 0xff, 0xff, 0xff, 0xff, 0xff, 0xff, 0xff, 0xff, 0xff, 0xff,
0xff, 0xff, 0xff, 0xff, 0xff, 0xff, 0xff, 0xff, 0xff, 0xff, 0xff, 0xff, 0xff, 0xff, 0xff,
0xff, 0xff, 0xff, 0xf7, 0xc9, 0xe7, 0xff, 0xe9, 0x6e, 0xc0, 0xff, 0xea, 0x75, 0xc3, 0xff,
0xea, 0x75, 0xc3, 0xff, 0xea, 0x75, 0xc3, 0xff, 0xea, 0x75, 0xc3, 0xff, 0xea, 0x75, 0xc3,
0xff, 0xea, 0x75, 0xc3, 0xff, 0xea, 0x75, 0xc3, 0xff, 0xea, 0x75, 0xc3, 0xff, 0xea, 0x75,
0xc3, 0xff, 0xea, 0x75, 0xc3, 0xff, 0xea, 0x75, 0xc3, 0xff, 0xea, 0x75, 0xc3, 0xff, 0xea,
0x75, 0xc3, 0xff, 0xea, 0x75, 0xc3, 0xff, 0xea, 0x75, 0xc3, 0xff, 0xea, 0x75, 0xc3, 0xff,
0xe9, 0x74, 0xc3, 0xac, 0xe3, 0x6e, 0xc0, 0x00, 0xe4, 0x6e, 0xc0, 0x00, 0xe4, 0x6e, 0xc0,
0x00, 0xe4, 0x6e, 0xc0, 0x00, 0xe4, 0x6e, 0xc0, 0x00, 0xe4, 0x6e, 0xc0, 0x00, 0xe4, 0x6e,
0xc0, 0x00, 0xe4, 0x6e, 0xc0, 0x00, 0xe4, 0x6e, 0xc0, 0x00, 0xff, 0xff, 0xff, 0x00, 0xff,
0xff, 0xff, 0x00, 0xff, 0xff, 0xff, 0x00, 0xff, 0xff, 0xff, 0x00, 0xff, 0xff, 0xff, 0x00,
0xff, 0xff, 0xff, 0x00, 0xff, 0xff, 0xff, 0x00, 0xff, 0xff, 0xff, 0x00, 0xff, 0xff, 0xff,
0x00, 0xff, 0xff, 0xff, 0x00, 0xff, 0xff, 0xff, 0x00, 0xff, 0xff, 0xff, 0x00, 0xff, 0xff,
0xff, 0x00, 0xff, 0xff, 0xff, 0x00, 0xff, 0xff, 0xff, 0x00, 0xff, 0xff, 0xff, 0x00, 0xff,
0xff, 0xff, 0x00, 0xea, 0x69, 0xc5, 0x00, 0xea, 0x69, 0xc5, 0x00, 0xea, 0x69, 0xc5, 0x00,
0xea, 0x69, 0xc5, 0x00, 0xea, 0x69, 0xc5, 0x00, 0xea, 0x69, 0xc5, 0x00, 0xea, 0x69, 0xc5,
0x00, 0xea, 0x69, 0xc5, 0x00, 0xea, 0x68, 0xc5, 0x00, 0xeb, 0x6c, 0xc6, 0x1a, 0xf1, 0x79,
0xc9, 0xe8, 0xeb, 0x75, 0xc4, 0xff, 0xea, 0x75, 0xc3, 0xff, 0xea, 0x75, 0xc3, 0xff, 0xea,
0x75, 0xc3, 0xff, 0xea, 0x75, 0xc3, 0xff, 0xea, 0x75, 0xc3, 0xff, 0xea, 0x75, 0xc3, 0xff,
0xea, 0x75, 0xc3, 0xff, 0xea, 0x75, 0xc3, 0xff, 0xea, 0x75, 0xc3, 0xff, 0xea, 0x75, 0xc3,
0xff, 0xea, 0x75, 0xc3, 0xff, 0xea, 0x75, 0xc3, 0xff, 0xea, 0x75, 0xc3, 0xff, 0xea, 0x75,
0xc3, 0xff, 0xe9, 0x6e, 0xc0, 0xff, 0xf1, 0xa0, 0xd6, 0xff, 0xff, 0xff, 0xff, 0xff, 0xff,
0xff, 0xff, 0xff, 0xff, 0xff, 0xff, 0xff, 0xff, 0xff, 0xff, 0xff, 0xff, 0xff, 0xff, 0xff,
0xff, 0xff, 0xff, 0xff, 0xff, 0xff, 0xff, 0xff, 0xff, 0xff, 0xff, 0xff, 0xff, 0xff, 0xff,
0xff, 0xff, 0xff, 0xff, 0xff, 0xff, 0xff, 0xff, 0xff, 0xff, 0xff, 0xff, 0xff, 0xff, 0xff,
0xff, 0xff, 0xff, 0xff, 0xff, 0xff, 0xff, 0xff, 0xff, 0xff, 0xff, 0xff, 0xff, 0xff, 0xff,
0xff, 0xff, 0xff, 0xff, 0xff, 0xff, 0xff, 0xff, 0xff, 0xff, 0xff, 0xff, 0xff, 0xff, 0xff,
0xff, 0xff, 0xff, 0xff, 0xff, 0xff, 0xff, 0xff, 0xff, 0xff, 0xff, 0xff, 0xff, 0xff, 0xff,
0xff, 0xfe, 0xfa, 0xfd, 0xff, 0xf5, 0xbc, 0xe2, 0xff, 0xee, 0x8f, 0xcf, 0xff, 0xed, 0x8a,
0xcc, 0xff, 0xee, 0x8d, 0xce, 0xff, 0xf3, 0xb2, 0xde, 0xff, 0xfe, 0xf5, 0xfb, 0xff, 0xff,
0xff, 0xff, 0xff, 0xff, 0xff, 0xff, 0xff, 0xff, 0xff, 0xff, 0xff, 0xff, 0xff, 0xff, 0xff,
0xff, 0xff, 0xff, 0xff, 0xff, 0xff, 0xff, 0xff, 0xff, 0xff, 0xff, 0xff, 0xff, 0xff, 0xff,
0xff, 0xff, 0xff, 0xff, 0xff, 0xff, 0xff, 0xff, 0xff, 0xff, 0xff, 0xff, 0xff, 0xff, 0xff,
0xff, 0xff, 0xff, 0xff, 0xff, 0xff, 0xff, 0xff, 0xff, 0xff, 0xff, 0xff, 0xff, 0xff, 0xff,
0xff, 0xff, 0xff, 0xff, 0xff, 0xff, 0xff, 0xff, 0xff, 0xff, 0xff, 0xff, 0xff, 0xff, 0xff,
0xff, 0xff, 0xff, 0xff, 0xff, 0xff, 0xff, 0xff, 0xff, 0xff, 0xff, 0xff, 0xff, 0xff, 0xff,
0xff, 0xff, 0xff, 0xff, 0xff, 0xf6, 0xc2, 0xe4, 0xff, 0xe9, 0x6d, 0xbf, 0xff, 0xea, 0x75,
0xc3, 0xff, 0xea, 0x75, 0xc3, 0xff, 0xea, 0x75, 0xc3, 0xff, 0xea, 0x75, 0xc3, 0xff, 0xea,
0x75, 0xc3, 0xff, 0xea, 0x75, 0xc3, 0xff, 0xea, 0x75, 0xc3, 0xff, 0xea, 0x75, 0xc3, 0xff,
0xea, 0x75, 0xc3, 0xff, 0xea, 0x75, 0xc3, 0xff, 0xea, 0x75, 0xc3, 0xff, 0xea, 0x75, 0xc3,
0xff, 0xea, 0x75, 0xc3, 0xff, 0xea, 0x75, 0xc3, 0xff, 0xea, 0x75, 0xc3, 0xff, 0xea, 0x75,
0xc3, 0xe4, 0xe4, 0x73, 0xbf, 0x13, 0xe3, 0x72, 0xc0, 0x00, 0xe3, 0x72, 0xc0, 0x00, 0xe3,
0x72, 0xc0, 0x00, 0xe3, 0x72, 0xc0, 0x00, 0xe3, 0x72, 0xc0, 0x00, 0xe3, 0x72, 0xc0, 0x00,
0xe3, 0x72, 0xc0, 0x00, 0xe3, 0x72, 0xc0, 0x00, 0xe3, 0x72, 0xc0, 0x00, 0xff, 0xff, 0xff,
0x00, 0xff, 0xff, 0xff, 0x00, 0xff, 0xff, 0xff, 0x00, 0xff, 0xff, 0xff, 0x00, 0xff, 0xff,
0xff, 0x00, 0xff, 0xff, 0xff, 0x00, 0xff, 0xff, 0xff, 0x00, 0xff, 0xff, 0xff, 0x00, 0xff,
0xff, 0xff, 0x00, 0xff, 0xff, 0xff, 0x00, 0xff, 0xff, 0xff, 0x00, 0xff, 0xff, 0xff, 0x00,
0xff, 0xff, 0xff, 0x00, 0xff, 0xff, 0xff, 0x00, 0xff, 0xff, 0xff, 0x00, 0xff, 0xff, 0xff,
0x00, 0xff, 0xff, 0xff, 0x00, 0xc1, 0x60, 0x9c, 0x00, 0xc1, 0x60, 0x9c, 0x00, 0xc1, 0x60,
0x9c, 0x00, 0xc1, 0x60, 0x9c, 0x00, 0xc1, 0x60, 0x9c, 0x00, 0xc1, 0x60, 0x9c, 0x00, 0xc1,
0x60, 0x9c, 0x00, 0xc1, 0x60, 0x9c, 0x00, 0xc1, 0x60, 0x9c, 0x00, 0xc1, 0x60, 0x9b, 0x00,
0xc5, 0x63, 0xa2, 0x43, 0xe8, 0x74, 0xc2, 0xfd, 0xeb, 0x75, 0xc4, 0xff, 0xea, 0x75, 0xc3,
0xff, 0xea, 0x75, 0xc3, 0xff, 0xea, 0x75, 0xc3, 0xff, 0xea, 0x75, 0xc3, 0xff, 0xea, 0x75,
0xc3, 0xff, 0xea, 0x75, 0xc3, 0xff, 0xea, 0x75, 0xc3, 0xff, 0xea, 0x75, 0xc3, 0xff, 0xea,
0x75, 0xc3, 0xff, 0xea, 0x75, 0xc3, 0xff, 0xea, 0x75, 0xc3, 0xff, 0xea, 0x75, 0xc3, 0xff,
0xea, 0x75, 0xc3, 0xff, 0xe9, 0x70, 0xc1, 0xff, 0xee, 0x90, 0xcf, 0xff, 0xff, 0xff, 0xff,
0xff, 0xff, 0xff, 0xff, 0xff, 0xff, 0xff, 0xff, 0xff, 0xff, 0xff, 0xff, 0xff, 0xff, 0xff,
0xff, 0xff, 0xff, 0xff, 0xff, 0xff, 0xff, 0xff, 0xff, 0xff, 0xff, 0xff, 0xff, 0xff, 0xff,
0xff, 0xff, 0xff, 0xff, 0xff, 0xff, 0xff, 0xff, 0xff, 0xff, 0xff, 0xff, 0xff, 0xff, 0xff,
0xff, 0xff, 0xff, 0xff, 0xff, 0xff, 0xff, 0xff, 0xff, 0xff, 0xff, 0xff, 0xff, 0xff, 0xff,
0xff, 0xff, 0xff, 0xff, 0xff, 0xff, 0xff, 0xff, 0xff, 0xff, 0xff, 0xff, 0xff, 0xff, 0xff,
0xff, 0xff, 0xff, 0xff, 0xff, 0xff, 0xff, 0xff, 0xff, 0xff, 0xff, 0xff, 0xff, 0xff, 0xff,
0xff, 0xff, 0xff, 0xff, 0xff, 0xff, 0xff, 0xff, 0xff, 0xff, 0xff, 0xff, 0xff, 0xff, 0xff,
0xff, 0xfb, 0xfd, 0xff, 0xff, 0xff, 0xff, 0xff, 0xff, 0xff, 0xff, 0xff, 0xff, 0xff, 0xff,
0xff, 0xff, 0xff, 0xff, 0xff, 0xff, 0xff, 0xff, 0xff, 0xff, 0xff, 0xff, 0xff, 0xff, 0xff,
0xff, 0xff, 0xff, 0xff, 0xff, 0xff, 0xff, 0xff, 0xff, 0xff, 0xff, 0xff, 0xff, 0xff, 0xff,
0xff, 0xff, 0xff, 0xff, 0xff, 0xff, 0xff, 0xff, 0xff, 0xff, 0xff, 0xff, 0xff, 0xff, 0xff,
0xff, 0xff, 0xff, 0xff, 0xff, 0xff, 0xff, 0xff, 0xff, 0xff, 0xff, 0xff, 0xff, 0xff, 0xff,
0xff, 0xff, 0xff, 0xff, 0xff, 0xff, 0xff, 0xff, 0xff, 0xff, 0xff, 0xff, 0xff, 0xff, 0xff,
0xff, 0xff, 0xff, 0xff, 0xff, 0xff, 0xff, 0xff, 0xff, 0xff, 0xff, 0xff, 0xff, 0xff, 0xff,
0xff, 0xff, 0xff, 0xff, 0xff, 0xff, 0xff, 0xf1, 0xa4, 0xd7, 0xff, 0xe9, 0x6e, 0xc0, 0xff,
0xea, 0x75, 0xc3, 0xff, 0xea, 0x75, 0xc3, 0xff, 0xea, 0x75, 0xc3, 0xff, 0xea, 0x75, 0xc3,
0xff, 0xea, 0x75, 0xc3, 0xff, 0xea, 0x75, 0xc3, 0xff, 0xea, 0x75, 0xc3, 0xff, 0xea, 0x75,
0xc3, 0xff, 0xea, 0x75, 0xc3, 0xff, 0xea, 0x75, 0xc3, 0xff, 0xea, 0x75, 0xc3, 0xff, 0xea,
0x75, 0xc3, 0xff, 0xea, 0x75, 0xc3, 0xff, 0xea, 0x75, 0xc3, 0xff, 0xeb, 0x76, 0xc4, 0xfe,
0xe3, 0x72, 0xbd, 0x49, 0xda, 0x6f, 0xb6, 0x00, 0xdb, 0x6f, 0xb7, 0x00, 0xdb, 0x6f, 0xb7,
0x00, 0xdb, 0x6f, 0xb7, 0x00, 0xdb, 0x6f, 0xb7, 0x00, 0xdb, 0x6f, 0xb7, 0x00, 0xdb, 0x6f,
0xb7, 0x00, 0xdb, 0x6f, 0xb7, 0x00, 0xdb, 0x6f, 0xb7, 0x00, 0xdb, 0x6f, 0xb7, 0x00, 0xff,
0xff, 0xff, 0x00, 0xff, 0xff, 0xff, 0x00, 0xff, 0xff, 0xff, 0x00, 0xff, 0xff, 0xff, 0x00,
0xff, 0xff, 0xff, 0x00, 0xff, 0xff, 0xff, 0x00, 0xff, 0xff, 0xff, 0x00, 0xff, 0xff, 0xff,
0x00, 0xff, 0xff, 0xff, 0x00, 0xff, 0xff, 0xff, 0x00, 0xff, 0xff, 0xff, 0x00, 0xff, 0xff,
0xff, 0x00, 0xff, 0xff, 0xff, 0x00, 0xff, 0xff, 0xff, 0x00, 0xff, 0xff, 0xff, 0x00, 0xff,
0xff, 0xff, 0x00, 0xff, 0xff, 0xff, 0x00, 0x05, 0x03, 0x04, 0x00, 0x05, 0x03, 0x04, 0x00,
0x05, 0x03, 0x04, 0x00, 0x05, 0x03, 0x04, 0x00, 0x05, 0x03, 0x04, 0x00, 0x05, 0x03, 0x04,
0x00, 0x05, 0x03, 0x04, 0x00, 0x05, 0x03, 0x04, 0x00, 0x05, 0x03, 0x04, 0x00, 0x04, 0x02,
0x03, 0x00, 0x14, 0x09, 0x11, 0x00, 0xdd, 0x6d, 0xb8, 0x6b, 0xf2, 0x79, 0xca, 0xff, 0xea,
0x75, 0xc3, 0xff, 0xea, 0x75, 0xc3, 0xff, 0xea, 0x75, 0xc3, 0xff, 0xea, 0x75, 0xc3, 0xff,
0xea, 0x75, 0xc3, 0xff, 0xea, 0x75, 0xc3, 0xff, 0xea, 0x75, 0xc3, 0xff, 0xea, 0x75, 0xc3,
0xff, 0xea, 0x75, 0xc3, 0xff, 0xea, 0x75, 0xc3, 0xff, 0xea, 0x75, 0xc3, 0xff, 0xea, 0x75,
0xc3, 0xff, 0xea, 0x75, 0xc3, 0xff, 0xea, 0x73, 0xc2, 0xff, 0xeb, 0x7a, 0xc5, 0xff, 0xfc,
0xed, 0xf7, 0xff, 0xff, 0xff, 0xff, 0xff, 0xff, 0xff, 0xff, 0xff, 0xff, 0xff, 0xff, 0xff,
0xff, 0xff, 0xff, 0xff, 0xff, 0xff, 0xff, 0xff, 0xff, 0xff, 0xff, 0xff, 0xff, 0xff, 0xff,
0xff, 0xff, 0xff, 0xff, 0xff, 0xff, 0xff, 0xff, 0xff, 0xff, 0xff, 0xff, 0xff, 0xff, 0xff,
0xff, 0xff, 0xff, 0xff, 0xff, 0xff, 0xff, 0xff, 0xff, 0xff, 0xff, 0xff, 0xff, 0xff, 0xff,
0xff, 0xff, 0xff, 0xff, 0xff, 0xff, 0xff, 0xff, 0xff, 0xff, 0xff, 0xff, 0xff, 0xff, 0xff,
0xff, 0xff, 0xff, 0xff, 0xff, 0xff, 0xff, 0xff, 0xff, 0xff, 0xff, 0xff, 0xff, 0xff, 0xff,
0xff, 0xff, 0xff, 0xff, 0xff, 0xff, 0xff, 0xff, 0xff, 0xff, 0xff, 0xff, 0xff, 0xff, 0xff,
0xff, 0xff, 0xff, 0xff, 0xff, 0xff, 0xff, 0xff, 0xff, 0xff, 0xff, 0xff, 0xff, 0xff, 0xff,
0xff, 0xff, 0xff, 0xff, 0xff, 0xff, 0xff, 0xff, 0xff, 0xff, 0xff, 0xff, 0xff, 0xff, 0xff,
0xff, 0xff, 0xff, 0xff, 0xff, 0xff, 0xff, 0xff, 0xff, 0xff, 0xff, 0xff, 0xff, 0xff, 0xff,
0xff, 0xff, 0xff, 0xff, 0xff, 0xff, 0xff, 0xff, 0xff, 0xff, 0xff, 0xff, 0xff, 0xff, 0xff,
0xff, 0xff, 0xff, 0xff, 0xff, 0xff, 0xff, 0xff, 0xff, 0xff, 0xff, 0xff, 0xff, 0xff, 0xff,
0xff, 0xff, 0xff, 0xff, 0xff, 0xff, 0xff, 0xff, 0xff, 0xff, 0xff, 0xff, 0xff, 0xff, 0xff,
0xff, 0xff, 0xff, 0xff, 0xff, 0xff, 0xff, 0xff, 0xff, 0xff, 0xff, 0xff, 0xff, 0xff, 0xff,
0xff, 0xff, 0xff, 0xff, 0xff, 0xfe, 0xf5, 0xfb, 0xff, 0xec, 0x7e, 0xc7, 0xff, 0xea, 0x73,
0xc2, 0xff, 0xea, 0x75, 0xc3, 0xff, 0xea, 0x75, 0xc3, 0xff, 0xea, 0x75, 0xc3, 0xff, 0xea,
0x75, 0xc3, 0xff, 0xea, 0x75, 0xc3, 0xff, 0xea, 0x75, 0xc3, 0xff, 0xea, 0x75, 0xc3, 0xff,
0xea, 0x75, 0xc3, 0xff, 0xea, 0x75, 0xc3, 0xff, 0xea, 0x75, 0xc3, 0xff, 0xea, 0x75, 0xc3,
0xff, 0xea, 0x75, 0xc3, 0xff, 0xea, 0x75, 0xc3, 0xff, 0xeb, 0x76, 0xc4, 0xff, 0xed, 0x76,
0xc4, 0x85, 0xe6, 0x70, 0xbe, 0x00, 0xe6, 0x70, 0xbe, 0x00, 0xe6, 0x70, 0xbe, 0x00, 0xe6,
0x70, 0xbe, 0x00, 0xe6, 0x70, 0xbe, 0x00, 0xe6, 0x70, 0xbe, 0x00, 0xe6, 0x70, 0xbe, 0x00,
0xe6, 0x70, 0xbe, 0x00, 0xe6, 0x70, 0xbe, 0x00, 0xe6, 0x70, 0xbe, 0x00, 0xe6, 0x70, 0xbe,
0x00, 0xff, 0xff, 0xff, 0x00, 0xff, 0xff, 0xff, 0x00, 0xff, 0xff, 0xff, 0x00, 0xff, 0xff,
0xff, 0x00, 0xff, 0xff, 0xff, 0x00, 0xff, 0xff, 0xff, 0x00, 0xff, 0xff, 0xff, 0x00, 0xff,
0xff, 0xff, 0x00, 0xff, 0xff, 0xff, 0x00, 0xff, 0xff, 0xff, 0x00, 0xff, 0xff, 0xff, 0x00,
0xff, 0xff, 0xff, 0x00, 0xff, 0xff, 0xff, 0x00, 0xff, 0xff, 0xff, 0x00, 0xff, 0xff, 0xff,
0x00, 0xff, 0xff, 0xff, 0x00, 0xff, 0xff, 0xff, 0x00, 0x00, 0x00, 0x00, 0x00, 0x00, 0x00,
0x00, 0x00, 0x00, 0x00, 0x00, 0x00, 0x00, 0x00, 0x00, 0x00, 0x00, 0x00, 0x00, 0x00, 0x00,
0x00, 0x00, 0x00, 0x00, 0x00, 0x00, 0x00, 0x00, 0x00, 0x00, 0x00, 0x00, 0x00, 0x00, 0x00,
0x00, 0x00, 0x00, 0x00, 0x02, 0x01, 0x02, 0x00, 0x36, 0x1b, 0x2d, 0x00, 0xbb, 0x5d, 0x99,
0x88, 0xf2, 0x79, 0xca, 0xff, 0xea, 0x75, 0xc3, 0xff, 0xea, 0x75, 0xc3, 0xff, 0xea, 0x75,
0xc3, 0xff, 0xea, 0x75, 0xc3, 0xff, 0xea, 0x75, 0xc3, 0xff, 0xea, 0x75, 0xc3, 0xff, 0xea,
0x75, 0xc3, 0xff, 0xea, 0x75, 0xc3, 0xff, 0xea, 0x75, 0xc3, 0xff, 0xea, 0x75, 0xc3, 0xff,
0xea, 0x75, 0xc3, 0xff, 0xea, 0x75, 0xc3, 0xff, 0xea, 0x75, 0xc3, 0xff, 0xe9, 0x6d, 0xc0,
0xff, 0xf2, 0xa6, 0xd8, 0xff, 0xff, 0xff, 0xff, 0xff, 0xff, 0xff, 0xff, 0xff, 0xff, 0xff,
0xff, 0xff, 0xff, 0xff, 0xff, 0xff, 0xff, 0xff, 0xff, 0xff, 0xff, 0xff, 0xff, 0xff, 0xff,
0xff, 0xff, 0xff, 0xff, 0xff, 0xff, 0xff, 0xff, 0xff, 0xff, 0xff, 0xff, 0xff, 0xff, 0xff,
0xff, 0xff, 0xff, 0xff, 0xff, 0xff, 0xff, 0xff, 0xff, 0xff, 0xff, 0xff, 0xff, 0xff, 0xff,
0xff, 0xff, 0xff, 0xff, 0xff, 0xff, 0xff, 0xff, 0xff, 0xff, 0xff, 0xff, 0xff, 0xff, 0xff,
0xff, 0xff, 0xff, 0xff, 0xff, 0xff, 0xff, 0xff, 0xff, 0xff, 0xff, 0xff, 0xff, 0xff, 0xff,
0xff, 0xff, 0xff, 0xff, 0xff, 0xff, 0xff, 0xff, 0xff, 0xff, 0xff, 0xff, 0xff, 0xff, 0xff,
0xff, 0xff, 0xff, 0xff, 0xff, 0xff, 0xff, 0xff, 0xff, 0xff, 0xff, 0xff, 0xff, 0xff, 0xff,
0xff, 0xff, 0xff, 0xff, 0xff, 0xff, 0xff, 0xff, 0xff, 0xff, 0xff, 0xff, 0xff, 0xff, 0xff,
0xff, 0xff, 0xff, 0xff, 0xff, 0xff, 0xff, 0xff, 0xff, 0xff, 0xff, 0xff, 0xff, 0xff, 0xff,
0xff, 0xff, 0xff, 0xff, 0xff, 0xff, 0xff, 0xff, 0xff, 0xff, 0xff, 0xff, 0xff, 0xff, 0xff,
0xff, 0xff, 0xff, 0xff, 0xff, 0xff, 0xff, 0xff, 0xff, 0xff, 0xff, 0xff, 0xff, 0xff, 0xff,
0xff, 0xff, 0xff, 0xff, 0xff, 0xff, 0xff, 0xff, 0xff, 0xff, 0xff, 0xff, 0xff, 0xff, 0xff,
0xff, 0xff, 0xff, 0xff, 0xff, 0xff, 0xff, 0xff, 0xff, 0xff, 0xff, 0xff, 0xff, 0xff, 0xff,
0xff, 0xff, 0xff, 0xff, 0xff, 0xff, 0xff, 0xf6, 0xc0, 0xe4, 0xff, 0xe9, 0x6e, 0xc0, 0xff,
0xea, 0x75, 0xc3, 0xff, 0xea, 0x75, 0xc3, 0xff, 0xea, 0x75, 0xc3, 0xff, 0xea, 0x75, 0xc3,
0xff, 0xea, 0x75, 0xc3, 0xff, 0xea, 0x75, 0xc3, 0xff, 0xea, 0x75, 0xc3, 0xff, 0xea, 0x75,
0xc3, 0xff, 0xea, 0x75, 0xc3, 0xff, 0xea, 0x75, 0xc3, 0xff, 0xea, 0x75, 0xc3, 0xff, 0xea,
0x75, 0xc3, 0xff, 0xea, 0x75, 0xc3, 0xff, 0xee, 0x79, 0xc5, 0xff, 0xdf, 0x67, 0xbb, 0xb1,
0x9a, 0x19, 0x8f, 0x00, 0x99, 0x16, 0x8d, 0x00, 0x9a, 0x17, 0x8e, 0x00, 0x9a, 0x17, 0x8e,
0x00, 0x9a, 0x17, 0x8e, 0x00, 0x9a, 0x17, 0x8e, 0x00, 0x9a, 0x17, 0x8e, 0x00, 0x9a, 0x17,
0x8e, 0x00, 0x9a, 0x17, 0x8e, 0x00, 0x9a, 0x17, 0x8e, 0x00, 0x9a, 0x17, 0x8e, 0x00, 0x9a,
0x17, 0x8e, 0x00, 0xff, 0xff, 0xff, 0x00, 0xff, 0xff, 0xff, 0x00, 0xff, 0xff, 0xff, 0x00,
0xff, 0xff, 0xff, 0x00, 0xff, 0xff, 0xff, 0x00, 0xff, 0xff, 0xff, 0x00, 0xff, 0xff, 0xff,
0x00, 0xff, 0xff, 0xff, 0x00, 0xff, 0xff, 0xff, 0x00, 0xff, 0xff, 0xff, 0x00, 0xff, 0xff,
0xff, 0x00, 0xff, 0xff, 0xff, 0x00, 0xff, 0xff, 0xff, 0x00, 0xff, 0xff, 0xff, 0x00, 0xff,
0xff, 0xff, 0x00, 0xff, 0xff, 0xff, 0x00, 0xff, 0xff, 0xff, 0x00, 0x01, 0x01, 0x01, 0x00,
0x01, 0x01, 0x01, 0x00, 0x01, 0x01, 0x01, 0x00, 0x01, 0x01, 0x01, 0x00, 0x01, 0x01, 0x01,
0x00, 0x01, 0x01, 0x01, 0x00, 0x01, 0x01, 0x01, 0x00, 0x01, 0x01, 0x01, 0x00, 0x01, 0x01,
0x01, 0x00, 0x01, 0x01, 0x01, 0x00, 0x00, 0x01, 0x00, 0x00, 0x00, 0x00, 0x00, 0x00, 0xa1,
0x4d, 0x7f, 0x00, 0xf4, 0x79, 0xcb, 0x97, 0xea, 0x75, 0xc3, 0xff, 0xea, 0x75, 0xc3, 0xff,
0xea, 0x75, 0xc3, 0xff, 0xea, 0x75, 0xc3, 0xff, 0xea, 0x75, 0xc3, 0xff, 0xea, 0x75, 0xc3,
0xff, 0xea, 0x75, 0xc3, 0xff, 0xea, 0x75, 0xc3, 0xff, 0xea, 0x75, 0xc3, 0xff, 0xea, 0x75,
0xc3, 0xff, 0xea, 0x75, 0xc3, 0xff, 0xea, 0x75, 0xc3, 0xff, 0xea, 0x75, 0xc3, 0xff, 0xea,
0x74, 0xc3, 0xff, 0xea, 0x72, 0xc2, 0xff, 0xf8, 0xcf, 0xeb, 0xff, 0xff, 0xff, 0xff, 0xff,
0xff, 0xff, 0xff, 0xff, 0xff, 0xff, 0xff, 0xff, 0xff, 0xff, 0xff, 0xff, 0xff, 0xff, 0xff,
0xff, 0xff, 0xff, 0xff, 0xff, 0xff, 0xff, 0xff, 0xff, 0xff, 0xff, 0xff, 0xff, 0xff, 0xff,
0xff, 0xff, 0xff, 0xff, 0xff, 0xff, 0xff, 0xff, 0xff, 0xff, 0xff, 0xff, 0xff, 0xff, 0xff,
0xff, 0xff, 0xff, 0xff, 0xff, 0xff, 0xff, 0xff, 0xff, 0xff, 0xff, 0xff, 0xff, 0xff, 0xff,
0xff, 0xff, 0xff, 0xff, 0xff, 0xff, 0xff, 0xff, 0xff, 0xff, 0xff, 0xff, 0xff, 0xff, 0xff,
0xff, 0xff, 0xff, 0xff, 0xff, 0xff, 0xff, 0xff, 0xff, 0xff, 0xff, 0xff, 0xff, 0xff, 0xff,
0xff, 0xff, 0xff, 0xff, 0xff, 0xff, 0xff, 0xff, 0xff, 0xff, 0xff, 0xff, 0xff, 0xff, 0xff,
0xff, 0xff, 0xff, 0xff, 0xff, 0xff, 0xff, 0xff, 0xff, 0xff, 0xff, 0xff, 0xff, 0xff, 0xff,
0xff, 0xff, 0xff, 0xff, 0xff, 0xff, 0xff, 0xff, 0xff, 0xff, 0xff, 0xff, 0xff, 0xff, 0xff,
0xff, 0xff, 0xff, 0xff, 0xff, 0xff, 0xff, 0xff, 0xff, 0xff, 0xff, 0xff, 0xff, 0xff, 0xff,
0xff, 0xff, 0xff, 0xff, 0xff, 0xff, 0xff, 0xff, 0xff, 0xff, 0xff, 0xff, 0xff, 0xff, 0xff,
0xff, 0xff, 0xff, 0xff, 0xff, 0xff, 0xff, 0xff, 0xff, 0xff, 0xff, 0xff, 0xff, 0xff, 0xff,
0xff, 0xff, 0xff, 0xff, 0xff, 0xff, 0xff, 0xff, 0xff, 0xff, 0xff, 0xff, 0xff, 0xff, 0xff,
0xff, 0xff, 0xff, 0xff, 0xff, 0xfa, 0xde, 0xf1, 0xff, 0xea, 0x75, 0xc3, 0xff, 0xea, 0x73,
0xc2, 0xff, 0xea, 0x75, 0xc3, 0xff, 0xea, 0x75, 0xc3, 0xff, 0xea, 0x75, 0xc3, 0xff, 0xea,
0x75, 0xc3, 0xff, 0xea, 0x75, 0xc3, 0xff, 0xea, 0x75, 0xc3, 0xff, 0xea, 0x75, 0xc3, 0xff,
0xea, 0x75, 0xc3, 0xff, 0xea, 0x75, 0xc3, 0xff, 0xea, 0x75, 0xc3, 0xff, 0xea, 0x75, 0xc3,
0xff, 0xea, 0x75, 0xc3, 0xff, 0xeb, 0x76, 0xc4, 0xff, 0xe7, 0x75, 0xc2, 0xce, 0xc1, 0x5a,
0xb0, 0x0c, 0x91, 0x27, 0x93, 0x00, 0x90, 0x26, 0x92, 0x00, 0x91, 0x27, 0x93, 0x00, 0x91,
0x27, 0x93, 0x00, 0x91, 0x27, 0x93, 0x00, 0x91, 0x27, 0x93, 0x00, 0x91, 0x27, 0x93, 0x00,
0x91, 0x27, 0x93, 0x00, 0x91, 0x27, 0x93, 0x00, 0x91, 0x27, 0x93, 0x00, 0x91, 0x27, 0x93,
0x00, 0x91, 0x27, 0x93, 0x00, 0xff, 0xff, 0xff, 0x00, 0xff, 0xff, 0xff, 0x00, 0xff, 0xff,
0xff, 0x00, 0xff, 0xff, 0xff, 0x00, 0xff, 0xff, 0xff, 0x00, 0xff, 0xff, 0xff, 0x00, 0xff,
0xff, 0xff, 0x00, 0xff, 0xff, 0xff, 0x00, 0xff, 0xff, 0xff, 0x00, 0xff, 0xff, 0xff, 0x00,
0xff, 0xff, 0xff, 0x00, 0xff, 0xff, 0xff, 0x00, 0xff, 0xff, 0xff, 0x00, 0xff, 0xff, 0xff,
0x00, 0xff, 0xff, 0xff, 0x00, 0xff, 0xff, 0xff, 0x00, 0xff, 0xff, 0xff, 0x00, 0x01, 0x01,
0x01, 0x00, 0x01, 0x01, 0x01, 0x00, 0x01, 0x01, 0x01, 0x00, 0x01, 0x01, 0x01, 0x00, 0x01,
0x01, 0x01, 0x00, 0x01, 0x01, 0x01, 0x00, 0x01, 0x01, 0x01, 0x00, 0x01, 0x01, 0x01, 0x00,
0x01, 0x01, 0x01, 0x00, 0x01, 0x01, 0x01, 0x00, 0x00, 0x01, 0x01, 0x00, 0x00, 0x00, 0x00,
0x00, 0xa4, 0x4f, 0x82, 0x00, 0xf1, 0x77, 0xca, 0x00, 0xea, 0x75, 0xc3, 0x9f, 0xea, 0x75,
0xc3, 0xff, 0xea, 0x75, 0xc3, 0xff, 0xea, 0x75, 0xc3, 0xff, 0xea, 0x75, 0xc3, 0xff, 0xea,
0x75, 0xc3, 0xff, 0xea, 0x75, 0xc3, 0xff, 0xea, 0x75, 0xc3, 0xff, 0xea, 0x75, 0xc3, 0xff,
0xea, 0x75, 0xc3, 0xff, 0xea, 0x75, 0xc3, 0xff, 0xea, 0x75, 0xc3, 0xff, 0xea, 0x75, 0xc3,
0xff, 0xea, 0x75, 0xc3, 0xff, 0xea, 0x72, 0xc2, 0xff, 0xea, 0x75, 0xc3, 0xff, 0xf7, 0xca,
0xe8, 0xff, 0xff, 0xff, 0xff, 0xff, 0xff, 0xff, 0xff, 0xff, 0xff, 0xff, 0xff, 0xff, 0xff,
0xff, 0xff, 0xff, 0xff, 0xff, 0xff, 0xff, 0xff, 0xff, 0xff, 0xff, 0xff, 0xff, 0xff, 0xff,
0xff, 0xff, 0xff, 0xff, 0xff, 0xff, 0xff, 0xff, 0xff, 0xff, 0xff, 0xff, 0xff, 0xff, 0xff,
0xff, 0xff, 0xff, 0xff, 0xff, 0xff, 0xff, 0xff, 0xff, 0xff, 0xff, 0xff, 0xff, 0xff, 0xff,
0xff, 0xff, 0xff, 0xff, 0xff, 0xff, 0xff, 0xff, 0xff, 0xff, 0xff, 0xff, 0xff, 0xff, 0xff,
0xff, 0xff, 0xff, 0xff, 0xff, 0xff, 0xff, 0xff, 0xff, 0xff, 0xff, 0xff, 0xff, 0xff, 0xff,
0xff, 0xff, 0xff, 0xff, 0xff, 0xff, 0xff, 0xff, 0xff, 0xff, 0xff, 0xff, 0xff, 0xff, 0xff,
0xff, 0xff, 0xff, 0xff, 0xff, 0xff, 0xff, 0xff, 0xff, 0xff, 0xff, 0xff, 0xff, 0xff, 0xff,
0xff, 0xff, 0xff, 0xff, 0xff, 0xff, 0xff, 0xff, 0xff, 0xff, 0xff, 0xff, 0xff, 0xff, 0xff,
0xff, 0xff, 0xff, 0xff, 0xff, 0xff, 0xff, 0xff, 0xff, 0xff, 0xff, 0xff, 0xff, 0xff, 0xff,
0xff, 0xff, 0xff, 0xff, 0xff, 0xff, 0xff, 0xff, 0xff, 0xff, 0xff, 0xff, 0xff, 0xff, 0xff,
0xff, 0xff, 0xff, 0xff, 0xff, 0xff, 0xff, 0xff, 0xff, 0xff, 0xff, 0xff, 0xff, 0xff, 0xff,
0xff, 0xff, 0xff, 0xff, 0xff, 0xff, 0xff, 0xff, 0xff, 0xff, 0xff, 0xff, 0xff, 0xff, 0xff,
0xff, 0xff, 0xff, 0xf9, 0xd8, 0xee, 0xff, 0xeb, 0x7c, 0xc6, 0xff, 0xe9, 0x71, 0xc1, 0xff,
0xea, 0x75, 0xc3, 0xff, 0xea, 0x75, 0xc3, 0xff, 0xea, 0x75, 0xc3, 0xff, 0xea, 0x75, 0xc3,
0xff, 0xea, 0x75, 0xc3, 0xff, 0xea, 0x75, 0xc3, 0xff, 0xea, 0x75, 0xc3, 0xff, 0xea, 0x75,
0xc3, 0xff, 0xea, 0x75, 0xc3, 0xff, 0xea, 0x75, 0xc3, 0xff, 0xea, 0x75, 0xc3, 0xff, 0xea,
0x75, 0xc3, 0xff, 0xea, 0x75, 0xc3, 0xff, 0xef, 0x7a, 0xc6, 0xdf, 0xe1, 0x71, 0xbf, 0x1d,
0xab, 0x5a, 0xac, 0x00, 0xae, 0x5e, 0xaf, 0x00, 0xaf, 0x5f, 0xaf, 0x00, 0xaf, 0x5f, 0xaf,
0x00, 0xaf, 0x5f, 0xaf, 0x00, 0xaf, 0x5f, 0xaf, 0x00, 0xaf, 0x5f, 0xaf, 0x00, 0xaf, 0x5f,
0xaf, 0x00, 0xaf, 0x5f, 0xaf, 0x00, 0xaf, 0x5f, 0xaf, 0x00, 0xaf, 0x5f, 0xaf, 0x00, 0xaf,
0x5f, 0xaf, 0x00, 0xaf, 0x5f, 0xaf, 0x00, 0xff, 0xff, 0xff, 0x00, 0xff, 0xff, 0xff, 0x00,
0xff, 0xff, 0xff, 0x00, 0xff, 0xff, 0xff, 0x00, 0xff, 0xff, 0xff, 0x00, 0xff, 0xff, 0xff,
0x00, 0xff, 0xff, 0xff, 0x00, 0xff, 0xff, 0xff, 0x00, 0xff, 0xff, 0xff, 0x00, 0xff, 0xff,
0xff, 0x00, 0xff, 0xff, 0xff, 0x00, 0xff, 0xff, 0xff, 0x00, 0xff, 0xff, 0xff, 0x00, 0xff,
0xff, 0xff, 0x00, 0xff, 0xff, 0xff, 0x00, 0xff, 0xff, 0xff, 0x00, 0xff, 0xff, 0xff, 0x00,
0x01, 0x01, 0x01, 0x00, 0x01, 0x01, 0x01, 0x00, 0x01, 0x01, 0x01, 0x00, 0x01, 0x01, 0x01,
0x00, 0x01, 0x01, 0x01, 0x00, 0x01, 0x01, 0x01, 0x00, 0x01, 0x01, 0x01, 0x00, 0x01, 0x01,
0x01, 0x00, 0x01, 0x01, 0x01, 0x00, 0x01, 0x01, 0x01, 0x00, 0x00, 0x01, 0x01, 0x00, 0x00,
0x00, 0x00, 0x00, 0xa4, 0x4f, 0x82, 0x00, 0xf1, 0x77, 0xca, 0x00, 0xe9, 0x73, 0xc2, 0x01,
0xea, 0x75, 0xc3, 0xa3, 0xea, 0x75, 0xc3, 0xff, 0xea, 0x75, 0xc3, 0xff, 0xea, 0x75, 0xc3,
0xff, 0xea, 0x75, 0xc3, 0xff, 0xea, 0x75, 0xc3, 0xff, 0xea, 0x75, 0xc3, 0xff, 0xea, 0x75,
0xc3, 0xff, 0xea, 0x75, 0xc3, 0xff, 0xea, 0x75, 0xc3, 0xff, 0xea, 0x75, 0xc3, 0xff, 0xea,
0x75, 0xc3, 0xff, 0xea, 0x75, 0xc3, 0xff, 0xea, 0x75, 0xc3, 0xff, 0xea, 0x73, 0xc2, 0xff,
0xe9, 0x6f, 0xc0, 0xff, 0xf0, 0x9c, 0xd4, 0xff, 0xfa, 0xdc, 0xf0, 0xff, 0xfd, 0xf1, 0xf9,
0xff, 0xfe, 0xfb, 0xfd, 0xff, 0xff, 0xfd, 0xfe, 0xff, 0xff, 0xfd, 0xfe, 0xff, 0xff, 0xfd,
0xfe, 0xff, 0xff, 0xfd, 0xfe, 0xff, 0xff, 0xfd, 0xfe, 0xff, 0xff, 0xfd, 0xfe, 0xff, 0xff,
0xfd, 0xfe, 0xff, 0xff, 0xfd, 0xfe, 0xff, 0xff, 0xfd, 0xfe, 0xff, 0xff, 0xfd, 0xfe, 0xff,
0xff, 0xfd, 0xfe, 0xff, 0xff, 0xfd, 0xfe, 0xff, 0xff, 0xfd, 0xfe, 0xff, 0xff, 0xfd, 0xfe,
0xff, 0xff, 0xfd, 0xfe, 0xff, 0xff, 0xfd, 0xfe, 0xff, 0xff, 0xfd, 0xfe, 0xff, 0xff, 0xfd,
0xfe, 0xff, 0xff, 0xfd, 0xfe, 0xff, 0xff, 0xfd, 0xfe, 0xff, 0xff, 0xfd, 0xfe, 0xff, 0xff,
0xfd, 0xfe, 0xff, 0xff, 0xfd, 0xfe, 0xff, 0xff, 0xfd, 0xfe, 0xff, 0xff, 0xfd, 0xfe, 0xff,
0xff, 0xfd, 0xfe, 0xff, 0xff, 0xfd, 0xfe, 0xff, 0xff, 0xfd, 0xfe, 0xff, 0xff, 0xfd, 0xfe,
0xff, 0xff, 0xfd, 0xfe, 0xff, 0xff, 0xfd, 0xfe, 0xff, 0xff, 0xfd, 0xfe, 0xff, 0xff, 0xfd,
0xfe, 0xff, 0xff, 0xfd, 0xfe, 0xff, 0xff, 0xfd, 0xfe, 0xff, 0xff, 0xfd, 0xfe, 0xff, 0xff,
0xfd, 0xfe, 0xff, 0xff, 0xfd, 0xfe, 0xff, 0xff, 0xfd, 0xfe, 0xff, 0xff, 0xfd, 0xfe, 0xff,
0xff, 0xfd, 0xfe, 0xff, 0xff, 0xfc, 0xfe, 0xff, 0xfd, 0xf3, 0xfa, 0xff, 0xfb, 0xe2, 0xf3,
0xff, 0xf2, 0xa9, 0xda, 0xff, 0xe9, 0x72, 0xc2, 0xff, 0xea, 0x72, 0xc2, 0xff, 0xea, 0x75,
0xc3, 0xff, 0xea, 0x75, 0xc3, 0xff, 0xea, 0x75, 0xc3, 0xff, 0xea, 0x75, 0xc3, 0xff, 0xea,
0x75, 0xc3, 0xff, 0xea, 0x75, 0xc3, 0xff, 0xea, 0x75, 0xc3, 0xff, 0xea, 0x75, 0xc3, 0xff,
0xea, 0x75, 0xc3, 0xff, 0xea, 0x75, 0xc3, 0xff, 0xea, 0x75, 0xc3, 0xff, 0xea, 0x75, 0xc3,
0xff, 0xeb, 0x76, 0xc3, 0xff, 0xea, 0x75, 0xc4, 0xe8, 0xab, 0x30, 0x9d, 0x2c, 0x95, 0x1c,
0x8e, 0x00, 0x8b, 0x17, 0x8b, 0x00, 0x8b, 0x17, 0x8b, 0x00, 0x8b, 0x17, 0x8b, 0x00, 0x8b,
0x17, 0x8b, 0x00, 0x8b, 0x17, 0x8b, 0x00, 0x8b, 0x17, 0x8b, 0x00, 0x8b, 0x17, 0x8b, 0x00,
0x8b, 0x17, 0x8b, 0x00, 0x8b, 0x17, 0x8b, 0x00, 0x8b, 0x17, 0x8b, 0x00, 0x8b, 0x17, 0x8b,
0x00, 0x8b, 0x17, 0x8b, 0x00, 0x8b, 0x17, 0x8b, 0x00, 0xff, 0xff, 0xff, 0x00, 0xff, 0xff,
0xff, 0x00, 0xff, 0xff, 0xff, 0x00, 0xff, 0xff, 0xff, 0x00, 0xff, 0xff, 0xff, 0x00, 0xff,
0xff, 0xff, 0x00, 0xff, 0xff, 0xff, 0x00, 0xff, 0xff, 0xff, 0x00, 0xff, 0xff, 0xff, 0x00,
0xff, 0xff, 0xff, 0x00, 0xff, 0xff, 0xff, 0x00, 0xff, 0xff, 0xff, 0x00, 0xff, 0xff, 0xff,
0x00, 0xff, 0xff, 0xff, 0x00, 0xff, 0xff, 0xff, 0x00, 0xff, 0xff, 0xff, 0x00, 0xff, 0xff,
0xff, 0x00, 0x01, 0x01, 0x01, 0x00, 0x01, 0x01, 0x01, 0x00, 0x01, 0x01, 0x01, 0x00, 0x01,
0x01, 0x01, 0x00, 0x01, 0x01, 0x01, 0x00, 0x01, 0x01, 0x01, 0x00, 0x01, 0x01, 0x01, 0x00,
0x01, 0x01, 0x01, 0x00, 0x01, 0x01, 0x01, 0x00, 0x01, 0x01, 0x01, 0x00, 0x00, 0x01, 0x01,
0x00, 0x00, 0x00, 0x00, 0x00, 0xa4, 0x4f, 0x82, 0x00, 0xf1, 0x77, 0xca, 0x00, 0xe9, 0x73,
0xc2, 0x00, 0xea, 0x74, 0xc2, 0x01, 0xea, 0x75, 0xc3, 0xa5, 0xea, 0x75, 0xc3, 0xff, 0xea,
0x75, 0xc3, 0xff, 0xea, 0x75, 0xc3, 0xff, 0xea, 0x75, 0xc3, 0xff, 0xea, 0x75, 0xc3, 0xff,
0xea, 0x75, 0xc3, 0xff, 0xea, 0x75, 0xc3, 0xff, 0xea, 0x75, 0xc3, 0xff, 0xea, 0x75, 0xc3,
0xff, 0xea, 0x75, 0xc3, 0xff, 0xea, 0x75, 0xc3, 0xff, 0xea, 0x75, 0xc3, 0xff, 0xea, 0x75,
0xc3, 0xff, 0xea, 0x75, 0xc3, 0xff, 0xe9, 0x6f, 0xc0, 0xff, 0xea, 0x72, 0xc2, 0xff, 0xeb,
0x7d, 0xc7, 0xff, 0xed, 0x89, 0xcc, 0xff, 0xee, 0x8d, 0xce, 0xff, 0xee, 0x8d, 0xcd, 0xff,
0xee, 0x8d, 0xcd, 0xff, 0xee, 0x8d, 0xcd, 0xff, 0xee, 0x8d, 0xcd, 0xff, 0xee, 0x8d, 0xcd,
0xff, 0xee, 0x8d, 0xcd, 0xff, 0xee, 0x8d, 0xcd, 0xff, 0xee, 0x8d, 0xcd, 0xff, 0xee, 0x8d,
0xcd, 0xff, 0xee, 0x8d, 0xcd, 0xff, 0xee, 0x8d, 0xcd, 0xff, 0xee, 0x8d, 0xcd, 0xff, 0xee,
0x8d, 0xcd, 0xff, 0xee, 0x8d, 0xcd, 0xff, 0xee, 0x8d, 0xcd, 0xff, 0xee, 0x8d, 0xcd, 0xff,
0xee, 0x8d, 0xcd, 0xff, 0xee, 0x8d, 0xcd, 0xff, 0xee, 0x8d, 0xcd, 0xff, 0xee, 0x8d, 0xcd,
0xff, 0xee, 0x8d, 0xcd, 0xff, 0xee, 0x8d, 0xcd, 0xff, 0xee, 0x8d, 0xcd, 0xff, 0xee, 0x8d,
0xcd, 0xff, 0xee, 0x8d, 0xcd, 0xff, 0xee, 0x8d, 0xcd, 0xff, 0xee, 0x8d, 0xcd, 0xff, 0xee,
0x8d, 0xcd, 0xff, 0xee, 0x8d, 0xcd, 0xff, 0xee, 0x8d, 0xcd, 0xff, 0xee, 0x8d, 0xcd, 0xff,
0xee, 0x8d, 0xcd, 0xff, 0xee, 0x8d, 0xcd, 0xff, 0xee, 0x8d, 0xcd, 0xff, 0xee, 0x8d, 0xcd,
0xff, 0xee, 0x8d, 0xcd, 0xff, 0xee, 0x8d, 0xcd, 0xff, 0xee, 0x8d, 0xcd, 0xff, 0xee, 0x8d,
0xcd, 0xff, 0xee, 0x8d, 0xce, 0xff, 0xed, 0x8b, 0xcc, 0xff, 0xeb, 0x7f, 0xc7, 0xff, 0xea,
0x74, 0xc3, 0xff, 0xe9, 0x6e, 0xc0, 0xff, 0xea, 0x74, 0xc3, 0xff, 0xea, 0x75, 0xc3, 0xff,
0xea, 0x75, 0xc3, 0xff, 0xea, 0x75, 0xc3, 0xff, 0xea, 0x75, 0xc3, 0xff, 0xea, 0x75, 0xc3,
0xff, 0xea, 0x75, 0xc3, 0xff, 0xea, 0x75, 0xc3, 0xff, 0xea, 0x75, 0xc3, 0xff, 0xea, 0x75,
0xc3, 0xff, 0xea, 0x75, 0xc3, 0xff, 0xea, 0x75, 0xc3, 0xff, 0xea, 0x75, 0xc3, 0xff, 0xeb,
0x76, 0xc4, 0xff, 0xea, 0x76, 0xc3, 0xe9, 0xe1, 0x6c, 0xba, 0x33, 0x8e, 0x0f, 0x8c, 0x00,
0x77, 0x00, 0x7a, 0x00, 0x7e, 0x00, 0x7e, 0x00, 0x7e, 0x00, 0x7e, 0x00, 0x7e, 0x00, 0x7e,
0x00, 0x7e, 0x00, 0x7e, 0x00, 0x7e, 0x00, 0x7e, 0x00, 0x7e, 0x00, 0x7e, 0x00, 0x7e, 0x00,
0x7e, 0x00, 0x7e, 0x00, 0x7e, 0x00, 0x7e, 0x00, 0x7e, 0x00, 0x7e, 0x00, 0x7e, 0x00, 0x7e,
0x00, 0x7e, 0x00, 0x7e, 0x00, 0x7e, 0x00, 0x7e, 0x00, 0x7e, 0x00, 0xff, 0xff, 0xff, 0x00,
0xff, 0xff, 0xff, 0x00, 0xff, 0xff, 0xff, 0x00, 0xff, 0xff, 0xff, 0x00, 0xff, 0xff, 0xff,
0x00, 0xff, 0xff, 0xff, 0x00, 0xff, 0xff, 0xff, 0x00, 0xff, 0xff, 0xff, 0x00, 0xff, 0xff,
0xff, 0x00, 0xff, 0xff, 0xff, 0x00, 0xff, 0xff, 0xff, 0x00, 0xff, 0xff, 0xff, 0x00, 0xff,
0xff, 0xff, 0x00, 0xff, 0xff, 0xff, 0x00, 0xff, 0xff, 0xff, 0x00, 0xff, 0xff, 0xff, 0x00,
0xff, 0xff, 0xff, 0x00, 0x01, 0x01, 0x01, 0x00, 0x01, 0x01, 0x01, 0x00, 0x01, 0x01, 0x01,
0x00, 0x01, 0x01, 0x01, 0x00, 0x01, 0x01, 0x01, 0x00, 0x01, 0x01, 0x01, 0x00, 0x01, 0x01,
0x01, 0x00, 0x01, 0x01, 0x01, 0x00, 0x01, 0x01, 0x01, 0x00, 0x01, 0x01, 0x01, 0x00, 0x00,
0x01, 0x01, 0x00, 0x00, 0x00, 0x00, 0x00, 0xa4, 0x4f, 0x82, 0x00, 0xf1, 0x77, 0xca, 0x00,
0xe9, 0x73, 0xc2, 0x00, 0xea, 0x74, 0xc2, 0x00, 0xe9, 0x74, 0xc3, 0x02, 0xea, 0x75, 0xc3,
0xa5, 0xea, 0x75, 0xc3, 0xff, 0xea, 0x75, 0xc3, 0xff, 0xea, 0x75, 0xc3, 0xff, 0xea, 0x75,
0xc3, 0xff, 0xea, 0x75, 0xc3, 0xff, 0xea, 0x75, 0xc3, 0xff, 0xea, 0x75, 0xc3, 0xff, 0xea,
0x75, 0xc3, 0xff, 0xea, 0x75, 0xc3, 0xff, 0xea, 0x75, 0xc3, 0xff, 0xea, 0x75, 0xc3, 0xff,
0xea, 0x75, 0xc3, 0xff, 0xea, 0x75, 0xc3, 0xff, 0xea, 0x75, 0xc3, 0xff, 0xea, 0x74, 0xc3,
0xff, 0xea, 0x73, 0xc2, 0xff, 0xe9, 0x71, 0xc1, 0xff, 0xe9, 0x70, 0xc1, 0xff, 0xe9, 0x70,
0xc1, 0xff, 0xe9, 0x70, 0xc1, 0xff, 0xe9, 0x70, 0xc1, 0xff, 0xe9, 0x70, 0xc1, 0xff, 0xe9,
0x70, 0xc1, 0xff, 0xe9, 0x70, 0xc1, 0xff, 0xe9, 0x70, 0xc1, 0xff, 0xe9, 0x70, 0xc1, 0xff,
0xe9, 0x70, 0xc1, 0xff, 0xe9, 0x70, 0xc1, 0xff, 0xe9, 0x70, 0xc1, 0xff, 0xe9, 0x70, 0xc1,
0xff, 0xe9, 0x70, 0xc1, 0xff, 0xe9, 0x70, 0xc1, 0xff, 0xe9, 0x70, 0xc1, 0xff, 0xe9, 0x70,
0xc1, 0xff, 0xe9, 0x70, 0xc1, 0xff, 0xe9, 0x70, 0xc1, 0xff, 0xe9, 0x70, 0xc1, 0xff, 0xe9,
0x70, 0xc1, 0xff, 0xe9, 0x70, 0xc1, 0xff, 0xe9, 0x70, 0xc1, 0xff, 0xe9, 0x70, 0xc1, 0xff,
0xe9, 0x70, 0xc1, 0xff, 0xe9, 0x70, 0xc1, 0xff, 0xe9, 0x70, 0xc1, 0xff, 0xe9, 0x70, 0xc1,
0xff, 0xe9, 0x70, 0xc1, 0xff, 0xe9, 0x70, 0xc1, 0xff, 0xe9, 0x70, 0xc1, 0xff, 0xe9, 0x70,
0xc1, 0xff, 0xe9, 0x70, 0xc1, 0xff, 0xe9, 0x70, 0xc1, 0xff, 0xe9, 0x70, 0xc1, 0xff, 0xe9,
0x70, 0xc1, 0xff, 0xe9, 0x70, 0xc1, 0xff, 0xe9, 0x70, 0xc1, 0xff, 0xe9, 0x70, 0xc1, 0xff,
0xe9, 0x70, 0xc1, 0xff, 0xe9, 0x70, 0xc1, 0xff, 0xe9, 0x71, 0xc1, 0xff, 0xea, 0x72, 0xc2,
0xff, 0xea, 0x74, 0xc3, 0xff, 0xea, 0x75, 0xc3, 0xff, 0xea, 0x75, 0xc3, 0xff, 0xea, 0x75,
0xc3, 0xff, 0xea, 0x75, 0xc3, 0xff, 0xea, 0x75, 0xc3, 0xff, 0xea, 0x75, 0xc3, 0xff, 0xea,
0x75, 0xc3, 0xff, 0xea, 0x75, 0xc3, 0xff, 0xea, 0x75, 0xc3, 0xff, 0xea, 0x75, 0xc3, 0xff,
0xea, 0x75, 0xc3, 0xff, 0xea, 0x75, 0xc3, 0xff, 0xea, 0x75, 0xc3, 0xff, 0xeb, 0x76, 0xc4,
0xff, 0xe6, 0x71, 0xc1, 0xe5, 0xe2, 0x6c, 0xb8, 0x31, 0xde, 0x6a, 0xb7, 0x00, 0x93, 0x14,
0x8f, 0x00, 0x7c, 0x00, 0x7d, 0x00, 0x80, 0x01, 0x80, 0x00, 0x80, 0x01, 0x80, 0x00, 0x80,
0x01, 0x80, 0x00, 0x80, 0x01, 0x80, 0x00, 0x80, 0x01, 0x80, 0x00, 0x80, 0x01, 0x80, 0x00,
0x80, 0x01, 0x80, 0x00, 0x80, 0x01, 0x80, 0x00, 0x80, 0x01, 0x80, 0x00, 0x80, 0x01, 0x80,
0x00, 0x80, 0x01, 0x80, 0x00, 0x80, 0x01, 0x80, 0x00, 0x80, 0x01, 0x80, 0x00, 0xff, 0xff,
0xff, 0x00, 0xff, 0xff, 0xff, 0x00, 0xff, 0xff, 0xff, 0x00, 0xff, 0xff, 0xff, 0x00, 0xff,
0xff, 0xff, 0x00, 0xff, 0xff, 0xff, 0x00, 0xff, 0xff, 0xff, 0x00, 0xff, 0xff, 0xff, 0x00,
0xff, 0xff, 0xff, 0x00, 0xff, 0xff, 0xff, 0x00, 0xff, 0xff, 0xff, 0x00, 0xff, 0xff, 0xff,
0x00, 0xff, 0xff, 0xff, 0x00, 0xff, 0xff, 0xff, 0x00, 0xff, 0xff, 0xff, 0x00, 0xff, 0xff,
0xff, 0x00, 0xff, 0xff, 0xff, 0x00, 0x01, 0x01, 0x01, 0x00, 0x01, 0x01, 0x01, 0x00, 0x01,
0x01, 0x01, 0x00, 0x01, 0x01, 0x01, 0x00, 0x01, 0x01, 0x01, 0x00, 0x01, 0x01, 0x01, 0x00,
0x01, 0x01, 0x01, 0x00, 0x01, 0x01, 0x01, 0x00, 0x01, 0x01, 0x01, 0x00, 0x01, 0x01, 0x01,
0x00, 0x00, 0x01, 0x01, 0x00, 0x00, 0x00, 0x00, 0x00, 0xa4, 0x4f, 0x82, 0x00, 0xf1, 0x77,
0xca, 0x00, 0xe9, 0x73, 0xc2, 0x00, 0xea, 0x74, 0xc2, 0x00, 0xe9, 0x74, 0xc3, 0x00, 0xe9,
0x74, 0xc2, 0x01, 0xea, 0x74, 0xc3, 0x9e, 0xeb, 0x75, 0xc4, 0xff, 0xea, 0x75, 0xc3, 0xff,
0xea, 0x75, 0xc3, 0xff, 0xea, 0x75, 0xc3, 0xff, 0xea, 0x75, 0xc3, 0xff, 0xea, 0x75, 0xc3,
0xff, 0xea, 0x75, 0xc3, 0xff, 0xea, 0x75, 0xc3, 0xff, 0xea, 0x75, 0xc3, 0xff, 0xea, 0x75,
0xc3, 0xff, 0xea, 0x75, 0xc3, 0xff, 0xea, 0x75, 0xc3, 0xff, 0xea, 0x75, 0xc3, 0xff, 0xea,
0x75, 0xc3, 0xff, 0xea, 0x75, 0xc3, 0xff, 0xea, 0x75, 0xc3, 0xff, 0xea, 0x75, 0xc3, 0xff,
0xea, 0x75, 0xc3, 0xff, 0xea, 0x75, 0xc3, 0xff, 0xea, 0x75, 0xc3, 0xff, 0xea, 0x75, 0xc3,
0xff, 0xea, 0x75, 0xc3, 0xff, 0xea, 0x75, 0xc3, 0xff, 0xea, 0x75, 0xc3, 0xff, 0xea, 0x75,
0xc3, 0xff, 0xea, 0x75, 0xc3, 0xff, 0xea, 0x75, 0xc3, 0xff, 0xea, 0x75, 0xc3, 0xff, 0xea,
0x75, 0xc3, 0xff, 0xea, 0x75, 0xc3, 0xff, 0xea, 0x75, 0xc3, 0xff, 0xea, 0x75, 0xc3, 0xff,
0xea, 0x75, 0xc3, 0xff, 0xea, 0x75, 0xc3, 0xff, 0xea, 0x75, 0xc3, 0xff, 0xea, 0x75, 0xc3,
0xff, 0xea, 0x75, 0xc3, 0xff, 0xea, 0x75, 0xc3, 0xff, 0xea, 0x75, 0xc3, 0xff, 0xea, 0x75,
0xc3, 0xff, 0xea, 0x75, 0xc3, 0xff, 0xea, 0x75, 0xc3, 0xff, 0xea, 0x75, 0xc3, 0xff, 0xea,
0x75, 0xc3, 0xff, 0xea, 0x75, 0xc3, 0xff, 0xea, 0x75, 0xc3, 0xff, 0xea, 0x75, 0xc3, 0xff,
0xea, 0x75, 0xc3, 0xff, 0xea, 0x75, 0xc3, 0xff, 0xea, 0x75, 0xc3, 0xff, 0xea, 0x75, 0xc3,
0xff, 0xea, 0x75, 0xc3, 0xff, 0xea, 0x75, 0xc3, 0xff, 0xea, 0x75, 0xc3, 0xff, 0xea, 0x75,
0xc3, 0xff, 0xea, 0x75, 0xc3, 0xff, 0xea, 0x75, 0xc3, 0xff, 0xea, 0x75, 0xc3, 0xff, 0xea,
0x75, 0xc3, 0xff, 0xea, 0x75, 0xc3, 0xff, 0xea, 0x75, 0xc3, 0xff, 0xea, 0x75, 0xc3, 0xff,
0xea, 0x75, 0xc3, 0xff, 0xea, 0x75, 0xc3, 0xff, 0xea, 0x75, 0xc3, 0xff, 0xea, 0x75, 0xc3,
0xff, 0xea, 0x75, 0xc3, 0xff, 0xea, 0x75, 0xc3, 0xff, 0xea, 0x75, 0xc3, 0xff, 0xea, 0x75,
0xc3, 0xff, 0xea, 0x75, 0xc3, 0xff, 0xea, 0x75, 0xc3, 0xff, 0xea, 0x75, 0xc3, 0xff, 0xec,
0x77, 0xc5, 0xd9, 0xd8, 0x64, 0xb8, 0x27, 0xd9, 0x62, 0xb1, 0x00, 0xe0, 0x6c, 0xb8, 0x00,
0x93, 0x14, 0x8f, 0x00, 0x7c, 0x00, 0x7d, 0x00, 0x80, 0x01, 0x80, 0x00, 0x80, 0x01, 0x80,
0x00, 0x80, 0x01, 0x80, 0x00, 0x80, 0x01, 0x80, 0x00, 0x80, 0x01, 0x80, 0x00, 0x80, 0x01,
0x80, 0x00, 0x80, 0x01, 0x80, 0x00, 0x80, 0x01, 0x80, 0x00, 0x80, 0x01, 0x80, 0x00, 0x80,
0x01, 0x80, 0x00, 0x80, 0x01, 0x80, 0x00, 0x80, 0x01, 0x80, 0x00, 0x80, 0x01, 0x80, 0x00,
0xff, 0xff, 0xff, 0x00, 0xff, 0xff, 0xff, 0x00, 0xff, 0xff, 0xff, 0x00, 0xff, 0xff, 0xff,
0x00, 0xff, 0xff, 0xff, 0x00, 0xff, 0xff, 0xff, 0x00, 0xff, 0xff, 0xff, 0x00, 0xff, 0xff,
0xff, 0x00, 0xff, 0xff, 0xff, 0x00, 0xff, 0xff, 0xff, 0x00, 0xff, 0xff, 0xff, 0x00, 0xff,
0xff, 0xff, 0x00, 0xff, 0xff, 0xff, 0x00, 0xff, 0xff, 0xff, 0x00, 0xff, 0xff, 0xff, 0x00,
0xff, 0xff, 0xff, 0x00, 0xff, 0xff, 0xff, 0x00, 0x01, 0x01, 0x01, 0x00, 0x01, 0x01, 0x01,
0x00, 0x01, 0x01, 0x01, 0x00, 0x01, 0x01, 0x01, 0x00, 0x01, 0x01, 0x01, 0x00, 0x01, 0x01,
0x01, 0x00, 0x01, 0x01, 0x01, 0x00, 0x01, 0x01, 0x01, 0x00, 0x01, 0x01, 0x01, 0x00, 0x01,
0x01, 0x01, 0x00, 0x00, 0x01, 0x01, 0x00, 0x00, 0x00, 0x00, 0x00, 0xa4, 0x4f, 0x82, 0x00,
0xf1, 0x77, 0xca, 0x00, 0xe9, 0x73, 0xc2, 0x00, 0xea, 0x74, 0xc2, 0x00, 0xe9, 0x74, 0xc3,
0x00, 0xe9, 0x75, 0xc2, 0x00, 0xe9, 0x71, 0xc0, 0x00, 0xe4, 0x72, 0xbd, 0x8b, 0xea, 0x75,
0xc3, 0xff, 0xea, 0x75, 0xc3, 0xff, 0xea, 0x75, 0xc3, 0xff, 0xea, 0x75, 0xc3, 0xff, 0xea,
0x75, 0xc3, 0xff, 0xea, 0x75, 0xc3, 0xff, 0xea, 0x75, 0xc3, 0xff, 0xea, 0x75, 0xc3, 0xff,
0xea, 0x75, 0xc3, 0xff, 0xea, 0x75, 0xc3, 0xff, 0xea, 0x75, 0xc3, 0xff, 0xea, 0x75, 0xc3,
0xff, 0xea, 0x75, 0xc3, 0xff, 0xea, 0x75, 0xc3, 0xff, 0xea, 0x75, 0xc3, 0xff, 0xea, 0x75,
0xc3, 0xff, 0xea, 0x75, 0xc3, 0xff, 0xea, 0x75, 0xc3, 0xff, 0xea, 0x75, 0xc3, 0xff, 0xea,
0x75, 0xc3, 0xff, 0xea, 0x75, 0xc3, 0xff, 0xea, 0x75, 0xc3, 0xff, 0xea, 0x75, 0xc3, 0xff,
0xea, 0x75, 0xc3, 0xff, 0xea, 0x75, 0xc3, 0xff, 0xea, 0x75, 0xc3, 0xff, 0xea, 0x75, 0xc3,
0xff, 0xea, 0x75, 0xc3, 0xff, 0xea, 0x75, 0xc3, 0xff, 0xea, 0x75, 0xc3, 0xff, 0xea, 0x75,
0xc3, 0xff, 0xea, 0x75, 0xc3, 0xff, 0xea, 0x75, 0xc3, 0xff, 0xea, 0x75, 0xc3, 0xff, 0xea,
0x75, 0xc3, 0xff, 0xea, 0x75, 0xc3, 0xff, 0xea, 0x75, 0xc3, 0xff, 0xea, 0x75, 0xc3, 0xff,
0xea, 0x75, 0xc3, 0xff, 0xea, 0x75, 0xc3, 0xff, 0xea, 0x75, 0xc3, 0xff, 0xea, 0x75, 0xc3,
0xff, 0xea, 0x75, 0xc3, 0xff, 0xea, 0x75, 0xc3, 0xff, 0xea, 0x75, 0xc3, 0xff, 0xea, 0x75,
0xc3, 0xff, 0xea, 0x75, 0xc3, 0xff, 0xea, 0x75, 0xc3, 0xff, 0xea, 0x75, 0xc3, 0xff, 0xea,
0x75, 0xc3, 0xff, 0xea, 0x75, 0xc3, 0xff, 0xea, 0x75, 0xc3, 0xff, 0xea, 0x75, 0xc3, 0xff,
0xea, 0x75, 0xc3, 0xff, 0xea, 0x75, 0xc3, 0xff, 0xea, 0x75, 0xc3, 0xff, 0xea, 0x75, 0xc3,
0xff, 0xea, 0x75, 0xc3, 0xff, 0xea, 0x75, 0xc3, 0xff, 0xea, 0x75, 0xc3, 0xff, 0xea, 0x75,
0xc3, 0xff, 0xea, 0x75, 0xc3, 0xff, 0xea, 0x75, 0xc3, 0xff, 0xea, 0x75, 0xc3, 0xff, 0xea,
0x75, 0xc3, 0xff, 0xea, 0x75, 0xc3, 0xff, 0xea, 0x75, 0xc3, 0xff, 0xea, 0x75, 0xc3, 0xff,
0xea, 0x75, 0xc3, 0xff, 0xea, 0x75, 0xc3, 0xff, 0xeb, 0x76, 0xc3, 0xff, 0xe7, 0x71, 0xc2,
0xc3, 0xe7, 0x71, 0xc0, 0x18, 0xd8, 0x64, 0xb9, 0x00, 0xd9, 0x62, 0xb1, 0x00, 0xe0, 0x6c,
0xb8, 0x00, 0x93, 0x14, 0x8f, 0x00, 0x7c, 0x00, 0x7d, 0x00, 0x80, 0x01, 0x80, 0x00, 0x80,
0x01, 0x80, 0x00, 0x80, 0x01, 0x80, 0x00, 0x80, 0x01, 0x80, 0x00, 0x80, 0x01, 0x80, 0x00,
0x80, 0x01, 0x80, 0x00, 0x80, 0x01, 0x80, 0x00, 0x80, 0x01, 0x80, 0x00, 0x80, 0x01, 0x80,
0x00, 0x80, 0x01, 0x80, 0x00, 0x80, 0x01, 0x80, 0x00, 0x80, 0x01, 0x80, 0x00, 0x80, 0x01,
0x80, 0x00, 0xff, 0xff, 0xff, 0x00, 0xff, 0xff, 0xff, 0x00, 0xff, 0xff, 0xff, 0x00, 0xff,
0xff, 0xff, 0x00, 0xff, 0xff, 0xff, 0x00, 0xff, 0xff, 0xff, 0x00, 0xff, 0xff, 0xff, 0x00,
0xff, 0xff, 0xff, 0x00, 0xff, 0xff, 0xff, 0x00, 0xff, 0xff, 0xff, 0x00, 0xff, 0xff, 0xff,
0x00, 0xff, 0xff, 0xff, 0x00, 0xff, 0xff, 0xff, 0x00, 0xff, 0xff, 0xff, 0x00, 0xff, 0xff,
0xff, 0x00, 0xff, 0xff, 0xff, 0x00, 0xff, 0xff, 0xff, 0x00, 0x01, 0x01, 0x01, 0x00, 0x01,
0x01, 0x01, 0x00, 0x01, 0x01, 0x01, 0x00, 0x01, 0x01, 0x01, 0x00, 0x01, 0x01, 0x01, 0x00,
0x01, 0x01, 0x01, 0x00, 0x01, 0x01, 0x01, 0x00, 0x01, 0x01, 0x01, 0x00, 0x01, 0x01, 0x01,
0x00, 0x01, 0x01, 0x01, 0x00, 0x00, 0x01, 0x01, 0x00, 0x00, 0x00, 0x00, 0x00, 0xa4, 0x4f,
0x82, 0x00, 0xf1, 0x77, 0xca, 0x00, 0xe9, 0x73, 0xc2, 0x00, 0xea, 0x74, 0xc2, 0x00, 0xe9,
0x74, 0xc3, 0x00, 0xe9, 0x75, 0xc3, 0x00, 0xe9, 0x72, 0xc0, 0x00, 0xd7, 0x6b, 0xb4, 0x00,
0xe7, 0x73, 0xc2, 0x6e, 0xea, 0x74, 0xc3, 0xfa, 0xea, 0x75, 0xc3, 0xff, 0xea, 0x75, 0xc3,
0xff, 0xea, 0x75, 0xc3, 0xff, 0xea, 0x75, 0xc3, 0xff, 0xea, 0x75, 0xc3, 0xff, 0xea, 0x75,
0xc3, 0xff, 0xea, 0x75, 0xc3, 0xff, 0xea, 0x75, 0xc3, 0xff, 0xea, 0x75, 0xc3, 0xff, 0xea,
0x75, 0xc3, 0xff, 0xea, 0x75, 0xc3, 0xff, 0xea, 0x75, 0xc3, 0xff, 0xea, 0x75, 0xc3, 0xff,
0xea, 0x75, 0xc3, 0xff, 0xea, 0x75, 0xc3, 0xff, 0xea, 0x75, 0xc3, 0xff, 0xea, 0x75, 0xc3,
0xff, 0xea, 0x75, 0xc3, 0xff, 0xea, 0x75, 0xc3, 0xff, 0xea, 0x75, 0xc3, 0xff, 0xea, 0x75,
0xc3, 0xff, 0xea, 0x75, 0xc3, 0xff, 0xea, 0x75, 0xc3, 0xff, 0xea, 0x75, 0xc3, 0xff, 0xea,
0x75, 0xc3, 0xff, 0xea, 0x75, 0xc3, 0xff, 0xea, 0x75, 0xc3, 0xff, 0xea, 0x75, 0xc3, 0xff,
0xea, 0x75, 0xc3, 0xff, 0xea, 0x75, 0xc3, 0xff, 0xea, 0x75, 0xc3, 0xff, 0xea, 0x75, 0xc3,
0xff, 0xea, 0x75, 0xc3, 0xff, 0xea, 0x75, 0xc3, 0xff, 0xea, 0x75, 0xc3, 0xff, 0xea, 0x75,
0xc3, 0xff, 0xea, 0x75, 0xc3, 0xff, 0xea, 0x75, 0xc3, 0xff, 0xea, 0x75, 0xc3, 0xff, 0xea,
0x75, 0xc3, 0xff, 0xea, 0x75, 0xc3, 0xff, 0xea, 0x75, 0xc3, 0xff, 0xea, 0x75, 0xc3, 0xff,
0xea, 0x75, 0xc3, 0xff, 0xea, 0x75, 0xc3, 0xff, 0xea, 0x75, 0xc3, 0xff, 0xea, 0x75, 0xc3,
0xff, 0xea, 0x75, 0xc3, 0xff, 0xea, 0x75, 0xc3, 0xff, 0xea, 0x75, 0xc3, 0xff, 0xea, 0x75,
0xc3, 0xff, 0xea, 0x75, 0xc3, 0xff, 0xea, 0x75, 0xc3, 0xff, 0xea, 0x75, 0xc3, 0xff, 0xea,
0x75, 0xc3, 0xff, 0xea, 0x75, 0xc3, 0xff, 0xea, 0x75, 0xc3, 0xff, 0xea, 0x75, 0xc3, 0xff,
0xea, 0x75, 0xc3, 0xff, 0xea, 0x75, 0xc3, 0xff, 0xea, 0x75, 0xc3, 0xff, 0xea, 0x75, 0xc3,
0xff, 0xea, 0x75, 0xc3, 0xff, 0xea, 0x75, 0xc3, 0xff, 0xea, 0x75, 0xc3, 0xff, 0xea, 0x75,
0xc3, 0xff, 0xea, 0x75, 0xc3, 0xff, 0xeb, 0x76, 0xc4, 0xff, 0xe8, 0x74, 0xc1, 0xa2, 0xe0,
0x6b, 0xbf, 0x07, 0xe6, 0x6f, 0xbf, 0x00, 0xd9, 0x65, 0xb9, 0x00, 0xd9, 0x62, 0xb1, 0x00,
0xe0, 0x6c, 0xb8, 0x00, 0x93, 0x14, 0x8f, 0x00, 0x7c, 0x00, 0x7d, 0x00, 0x80, 0x01, 0x80,
0x00, 0x80, 0x01, 0x80, 0x00, 0x80, 0x01, 0x80, 0x00, 0x80, 0x01, 0x80, 0x00, 0x80, 0x01,
0x80, 0x00, 0x80, 0x01, 0x80, 0x00, 0x80, 0x01, 0x80, 0x00, 0x80, 0x01, 0x80, 0x00, 0x80,
0x01, 0x80, 0x00, 0x80, 0x01, 0x80, 0x00, 0x80, 0x01, 0x80, 0x00, 0x80, 0x01, 0x80, 0x00,
0x80, 0x01, 0x80, 0x00, 0xff, 0xff, 0xff, 0x00, 0xff, 0xff, 0xff, 0x00, 0xff, 0xff, 0xff,
0x00, 0xff, 0xff, 0xff, 0x00, 0xff, 0xff, 0xff, 0x00, 0xff, 0xff, 0xff, 0x00, 0xff, 0xff,
0xff, 0x00, 0xff, 0xff, 0xff, 0x00, 0xff, 0xff, 0xff, 0x00, 0xff, 0xff, 0xff, 0x00, 0xff,
0xff, 0xff, 0x00, 0xff, 0xff, 0xff, 0x00, 0xff, 0xff, 0xff, 0x00, 0xff, 0xff, 0xff, 0x00,
0xff, 0xff, 0xff, 0x00, 0xff, 0xff, 0xff, 0x00, 0xff, 0xff, 0xff, 0x00, 0x01, 0x01, 0x01,
0x00, 0x01, 0x01, 0x01, 0x00, 0x01, 0x01, 0x01, 0x00, 0x01, 0x01, 0x01, 0x00, 0x01, 0x01,
0x01, 0x00, 0x01, 0x01, 0x01, 0x00, 0x01, 0x01, 0x01, 0x00, 0x01, 0x01, 0x01, 0x00, 0x01,
0x01, 0x01, 0x00, 0x01, 0x01, 0x01, 0x00, 0x00, 0x01, 0x01, 0x00, 0x00, 0x00, 0x00, 0x00,
0xa4, 0x4f, 0x82, 0x00, 0xf1, 0x77, 0xca, 0x00, 0xe9, 0x73, 0xc2, 0x00, 0xea, 0x74, 0xc2,
0x00, 0xe9, 0x74, 0xc3, 0x00, 0xe9, 0x75, 0xc3, 0x00, 0xe9, 0x72, 0xc0, 0x00, 0xd8, 0x6c,
0xb5, 0x00, 0xe2, 0x6e, 0xc1, 0x00, 0xe6, 0x71, 0xc1, 0x48, 0xea, 0x75, 0xc2, 0xe6, 0xea,
0x75, 0xc3, 0xff, 0xea, 0x75, 0xc3, 0xff, 0xea, 0x75, 0xc3, 0xff, 0xea, 0x75, 0xc3, 0xff,
0xea, 0x75, 0xc3, 0xff, 0xea, 0x75, 0xc3, 0xff, 0xea, 0x75, 0xc3, 0xff, 0xea, 0x75, 0xc3,
0xff, 0xea, 0x75, 0xc3, 0xff, 0xea, 0x75, 0xc3, 0xff, 0xea, 0x75, 0xc3, 0xff, 0xea, 0x75,
0xc3, 0xff, 0xea, 0x75, 0xc3, 0xff, 0xea, 0x75, 0xc3, 0xff, 0xea, 0x75, 0xc3, 0xff, 0xea,
0x75, 0xc3, 0xff, 0xea, 0x75, 0xc3, 0xff, 0xea, 0x75, 0xc3, 0xff, 0xea, 0x75, 0xc3, 0xff,
0xea, 0x75, 0xc3, 0xff, 0xea, 0x75, 0xc3, 0xff, 0xea, 0x75, 0xc3, 0xff, 0xea, 0x75, 0xc3,
0xff, 0xea, 0x75, 0xc3, 0xff, 0xea, 0x75, 0xc3, 0xff, 0xea, 0x75, 0xc3, 0xff, 0xea, 0x75,
0xc3, 0xff, 0xea, 0x75, 0xc3, 0xff, 0xea, 0x75, 0xc3, 0xff, 0xea, 0x75, 0xc3, 0xff, 0xea,
0x75, 0xc3, 0xff, 0xea, 0x75, 0xc3, 0xff, 0xea, 0x75, 0xc3, 0xff, 0xea, 0x75, 0xc3, 0xff,
0xea, 0x75, 0xc3, 0xff, 0xea, 0x75, 0xc3, 0xff, 0xea, 0x75, 0xc3, 0xff, 0xea, 0x75, 0xc3,
0xff, 0xea, 0x75, 0xc3, 0xff, 0xea, 0x75, 0xc3, 0xff, 0xea, 0x75, 0xc3, 0xff, 0xea, 0x75,
0xc3, 0xff, 0xea, 0x75, 0xc3, 0xff, 0xea, 0x75, 0xc3, 0xff, 0xea, 0x75, 0xc3, 0xff, 0xea,
0x75, 0xc3, 0xff, 0xea, 0x75, 0xc3, 0xff, 0xea, 0x75, 0xc3, 0xff, 0xea, 0x75, 0xc3, 0xff,
0xea, 0x75, 0xc3, 0xff, 0xea, 0x75, 0xc3, 0xff, 0xea, 0x75, 0xc3, 0xff, 0xea, 0x75, 0xc3,
0xff, 0xea, 0x75, 0xc3, 0xff, 0xea, 0x75, 0xc3, 0xff, 0xea, 0x75, 0xc3, 0xff, 0xea, 0x75,
0xc3, 0xff, 0xea, 0x75, 0xc3, 0xff, 0xea, 0x75, 0xc3, 0xff, 0xea, 0x75, 0xc3, 0xff, 0xea,
0x75, 0xc3, 0xff, 0xea, 0x75, 0xc3, 0xff, 0xea, 0x75, 0xc3, 0xff, 0xea, 0x75, 0xc3, 0xff,
0xeb, 0x76, 0xc4, 0xff, 0xeb, 0x75, 0xc4, 0xf5, 0xd8, 0x6b, 0xb5, 0x72, 0xda, 0x6d, 0xb8,
0x00, 0xe0, 0x6c, 0xbf, 0x00, 0xe6, 0x70, 0xbf, 0x00, 0xd9, 0x65, 0xb9, 0x00, 0xd9, 0x62,
0xb1, 0x00, 0xe0, 0x6c, 0xb8, 0x00, 0x93, 0x14, 0x8f, 0x00, 0x7c, 0x00, 0x7d, 0x00, 0x80,
0x01, 0x80, 0x00, 0x80, 0x01, 0x80, 0x00, 0x80, 0x01, 0x80, 0x00, 0x80, 0x01, 0x80, 0x00,
0x80, 0x01, 0x80, 0x00, 0x80, 0x01, 0x80, 0x00, 0x80, 0x01, 0x80, 0x00, 0x80, 0x01, 0x80,
0x00, 0x80, 0x01, 0x80, 0x00, 0x80, 0x01, 0x80, 0x00, 0x80, 0x01, 0x80, 0x00, 0x80, 0x01,
0x80, 0x00, 0x80, 0x01, 0x80, 0x00, 0xff, 0xff, 0xff, 0x00, 0xff, 0xff, 0xff, 0x00, 0xff,
0xff, 0xff, 0x00, 0xff, 0xff, 0xff, 0x00, 0xff, 0xff, 0xff, 0x00, 0xff, 0xff, 0xff, 0x00,
0xff, 0xff, 0xff, 0x00, 0xff, 0xff, 0xff, 0x00, 0xff, 0xff, 0xff, 0x00, 0xff, 0xff, 0xff,
0x00, 0xff, 0xff, 0xff, 0x00, 0xff, 0xff, 0xff, 0x00, 0xff, 0xff, 0xff, 0x00, 0xff, 0xff,
0xff, 0x00, 0xff, 0xff, 0xff, 0x00, 0xff, 0xff, 0xff, 0x00, 0xff, 0xff, 0xff, 0x00, 0x01,
0x01, 0x01, 0x00, 0x01, 0x01, 0x01, 0x00, 0x01, 0x01, 0x01, 0x00, 0x01, 0x01, 0x01, 0x00,
0x01, 0x01, 0x01, 0x00, 0x01, 0x01, 0x01, 0x00, 0x01, 0x01, 0x01, 0x00, 0x01, 0x01, 0x01,
0x00, 0x01, 0x01, 0x01, 0x00, 0x01, 0x01, 0x01, 0x00, 0x00, 0x01, 0x01, 0x00, 0x00, 0x00,
0x00, 0x00, 0xa4, 0x4f, 0x82, 0x00, 0xf1, 0x77, 0xca, 0x00, 0xe9, 0x73, 0xc2, 0x00, 0xea,
0x74, 0xc2, 0x00, 0xe9, 0x74, 0xc3, 0x00, 0xe9, 0x75, 0xc3, 0x00, 0xe9, 0x72, 0xc0, 0x00,
0xd8, 0x6c, 0xb5, 0x00, 0xe3, 0x6e, 0xc2, 0x00, 0xe4, 0x70, 0xbd, 0x00, 0xe7, 0x73, 0xbe,
0x20, 0xea, 0x74, 0xc3, 0xc3, 0xee, 0x77, 0xc6, 0xff, 0xea, 0x75, 0xc3, 0xff, 0xea, 0x75,
0xc3, 0xff, 0xea, 0x75, 0xc3, 0xff, 0xea, 0x75, 0xc3, 0xff, 0xea, 0x75, 0xc3, 0xff, 0xea,
0x75, 0xc3, 0xff, 0xea, 0x75, 0xc3, 0xff, 0xea, 0x75, 0xc3, 0xff, 0xea, 0x75, 0xc3, 0xff,
0xea, 0x75, 0xc3, 0xff, 0xea, 0x75, 0xc3, 0xff, 0xea, 0x75, 0xc3, 0xff, 0xea, 0x75, 0xc3,
0xff, 0xea, 0x75, 0xc3, 0xff, 0xea, 0x75, 0xc3, 0xff, 0xea, 0x75, 0xc3, 0xff, 0xea, 0x75,
0xc3, 0xff, 0xea, 0x75, 0xc3, 0xff, 0xea, 0x75, 0xc3, 0xff, 0xea, 0x75, 0xc3, 0xff, 0xea,
0x75, 0xc3, 0xff, 0xea, 0x75, 0xc3, 0xff, 0xea, 0x75, 0xc3, 0xff, 0xea, 0x75, 0xc3, 0xff,
0xea, 0x75, 0xc3, 0xff, 0xea, 0x75, 0xc3, 0xff, 0xea, 0x75, 0xc3, 0xff, 0xea, 0x75, 0xc3,
0xff, 0xea, 0x75, 0xc3, 0xff, 0xea, 0x75, 0xc3, 0xff, 0xea, 0x75, 0xc3, 0xff, 0xea, 0x75,
0xc3, 0xff, 0xea, 0x75, 0xc3, 0xff, 0xea, 0x75, 0xc3, 0xff, 0xea, 0x75, 0xc3, 0xff, 0xea,
0x75, 0xc3, 0xff, 0xea, 0x75, 0xc3, 0xff, 0xea, 0x75, 0xc3, 0xff, 0xea, 0x75, 0xc3, 0xff,
0xea, 0x75, 0xc3, 0xff, 0xea, 0x75, 0xc3, 0xff, 0xea, 0x75, 0xc3, 0xff, 0xea, 0x75, 0xc3,
0xff, 0xea, 0x75, 0xc3, 0xff, 0xea, 0x75, 0xc3, 0xff, 0xea, 0x75, 0xc3, 0xff, 0xea, 0x75,
0xc3, 0xff, 0xea, 0x75, 0xc3, 0xff, 0xea, 0x75, 0xc3, 0xff, 0xea, 0x75, 0xc3, 0xff, 0xea,
0x75, 0xc3, 0xff, 0xea, 0x75, 0xc3, 0xff, 0xea, 0x75, 0xc3, 0xff, 0xea, 0x75, 0xc3, 0xff,
0xea, 0x75, 0xc3, 0xff, 0xea, 0x75, 0xc3, 0xff, 0xea, 0x75, 0xc3, 0xff, 0xea, 0x75, 0xc3,
0xff, 0xea, 0x75, 0xc3, 0xff, 0xea, 0x75, 0xc3, 0xff, 0xea, 0x75, 0xc3, 0xff, 0xeb, 0x76,
0xc4, 0xff, 0xe9, 0x75, 0xc3, 0xd1, 0xe2, 0x6a, 0xbc, 0x36, 0xcc, 0x62, 0xab, 0x00, 0xd7,
0x6c, 0xb6, 0x00, 0xe1, 0x6c, 0xc0, 0x00, 0xe6, 0x70, 0xbf, 0x00, 0xd9, 0x65, 0xb9, 0x00,
0xd9, 0x62, 0xb1, 0x00, 0xe0, 0x6c, 0xb8, 0x00, 0x93, 0x14, 0x8f, 0x00, 0x7c, 0x00, 0x7d,
0x00, 0x80, 0x01, 0x80, 0x00, 0x80, 0x01, 0x80, 0x00, 0x80, 0x01, 0x80, 0x00, 0x80, 0x01,
0x80, 0x00, 0x80, 0x01, 0x80, 0x00, 0x80, 0x01, 0x80, 0x00, 0x80, 0x01, 0x80, 0x00, 0x80,
0x01, 0x80, 0x00, 0x80, 0x01, 0x80, 0x00, 0x80, 0x01, 0x80, 0x00, 0x80, 0x01, 0x80, 0x00,
0x80, 0x01, 0x80, 0x00, 0x80, 0x01, 0x80, 0x00, 0xff, 0xff, 0xff, 0x00, 0xff, 0xff, 0xff,
0x00, 0xff, 0xff, 0xff, 0x00, 0xff, 0xff, 0xff, 0x00, 0xff, 0xff, 0xff, 0x00, 0xff, 0xff,
0xff, 0x00, 0xff, 0xff, 0xff, 0x00, 0xff, 0xff, 0xff, 0x00, 0xff, 0xff, 0xff, 0x00, 0xff,
0xff, 0xff, 0x00, 0xff, 0xff, 0xff, 0x00, 0xff, 0xff, 0xff, 0x00, 0xff, 0xff, 0xff, 0x00,
0xff, 0xff, 0xff, 0x00, 0xff, 0xff, 0xff, 0x00, 0xff, 0xff, 0xff, 0x00, 0xff, 0xff, 0xff,
0x00, 0x01, 0x01, 0x01, 0x00, 0x01, 0x01, 0x01, 0x00, 0x01, 0x01, 0x01, 0x00, 0x01, 0x01,
0x01, 0x00, 0x01, 0x01, 0x01, 0x00, 0x01, 0x01, 0x01, 0x00, 0x01, 0x01, 0x01, 0x00, 0x01,
0x01, 0x01, 0x00, 0x01, 0x01, 0x01, 0x00, 0x01, 0x01, 0x01, 0x00, 0x00, 0x01, 0x01, 0x00,
0x00, 0x00, 0x00, 0x00, 0xa4, 0x4f, 0x82, 0x00, 0xf1, 0x77, 0xca, 0x00, 0xe9, 0x73, 0xc2,
0x00, 0xea, 0x74, 0xc2, 0x00, 0xe9, 0x74, 0xc3, 0x00, 0xe9, 0x75, 0xc3, 0x00, 0xe9, 0x72,
0xc0, 0x00, 0xd8, 0x6c, 0xb5, 0x00, 0xe3, 0x6e, 0xc2, 0x00, 0xe4, 0x70, 0xbd, 0x00, 0xe7,
0x73, 0xbe, 0x00, 0xe3, 0x6d, 0xbe, 0x04, 0xcc, 0x65, 0xaa, 0x84, 0xec, 0x76, 0xc5, 0xf7,
0xeb, 0x75, 0xc3, 0xff, 0xea, 0x75, 0xc3, 0xff, 0xea, 0x75, 0xc3, 0xff, 0xea, 0x75, 0xc3,
0xff, 0xea, 0x75, 0xc3, 0xff, 0xea, 0x75, 0xc3, 0xff, 0xea, 0x75, 0xc3, 0xff, 0xea, 0x75,
0xc3, 0xff, 0xea, 0x75, 0xc3, 0xff, 0xea, 0x75, 0xc3, 0xff, 0xea, 0x75, 0xc3, 0xff, 0xea,
0x75, 0xc3, 0xff, 0xea, 0x75, 0xc3, 0xff, 0xea, 0x75, 0xc3, 0xff, 0xea, 0x75, 0xc3, 0xff,
0xea, 0x75, 0xc3, 0xff, 0xea, 0x75, 0xc3, 0xff, 0xea, 0x75, 0xc3, 0xff, 0xea, 0x75, 0xc3,
0xff, 0xea, 0x75, 0xc3, 0xff, 0xea, 0x75, 0xc3, 0xff, 0xea, 0x75, 0xc3, 0xff, 0xea, 0x75,
0xc3, 0xff, 0xea, 0x75, 0xc3, 0xff, 0xea, 0x75, 0xc3, 0xff, 0xea, 0x75, 0xc3, 0xff, 0xea,
0x75, 0xc3, 0xff, 0xea, 0x75, 0xc3, 0xff, 0xea, 0x75, 0xc3, 0xff, 0xea, 0x75, 0xc3, 0xff,
0xea, 0x75, 0xc3, 0xff, 0xea, 0x75, 0xc3, 0xff, 0xea, 0x75, 0xc3, 0xff, 0xea, 0x75, 0xc3,
0xff, 0xea, 0x75, 0xc3, 0xff, 0xea, 0x75, 0xc3, 0xff, 0xea, 0x75, 0xc3, 0xff, 0xea, 0x75,
0xc3, 0xff, 0xea, 0x75, 0xc3, 0xff, 0xea, 0x75, 0xc3, 0xff, 0xea, 0x75, 0xc3, 0xff, 0xea,
0x75, 0xc3, 0xff, 0xea, 0x75, 0xc3, 0xff, 0xea, 0x75, 0xc3, 0xff, 0xea, 0x75, 0xc3, 0xff,
0xea, 0x75, 0xc3, 0xff, 0xea, 0x75, 0xc3, 0xff, 0xea, 0x75, 0xc3, 0xff, 0xea, 0x75, 0xc3,
0xff, 0xea, 0x75, 0xc3, 0xff, 0xea, 0x75, 0xc3, 0xff, 0xea, 0x75, 0xc3, 0xff, 0xea, 0x75,
0xc3, 0xff, 0xea, 0x75, 0xc3, 0xff, 0xea, 0x75, 0xc3, 0xff, 0xea, 0x75, 0xc3, 0xff, 0xea,
0x75, 0xc3, 0xff, 0xea, 0x75, 0xc3, 0xff, 0xea, 0x75, 0xc3, 0xff, 0xe9, 0x75, 0xc3, 0xfa,
0xe7, 0x70, 0xc0, 0x93, 0xdb, 0x6c, 0xbc, 0x09, 0xdf, 0x68, 0xba, 0x00, 0xce, 0x63, 0xac,
0x00, 0xd8, 0x6c, 0xb6, 0x00, 0xe1, 0x6c, 0xc0, 0x00, 0xe6, 0x70, 0xbf, 0x00, 0xd9, 0x65,
0xb9, 0x00, 0xd9, 0x62, 0xb1, 0x00, 0xe0, 0x6c, 0xb8, 0x00, 0x93, 0x14, 0x8f, 0x00, 0x7c,
0x00, 0x7d, 0x00, 0x80, 0x01, 0x80, 0x00, 0x80, 0x01, 0x80, 0x00, 0x80, 0x01, 0x80, 0x00,
0x80, 0x01, 0x80, 0x00, 0x80, 0x01, 0x80, 0x00, 0x80, 0x01, 0x80, 0x00, 0x80, 0x01, 0x80,
0x00, 0x80, 0x01, 0x80, 0x00, 0x80, 0x01, 0x80, 0x00, 0x80, 0x01, 0x80, 0x00, 0x80, 0x01,
0x80, 0x00, 0x80, 0x01, 0x80, 0x00, 0x80, 0x01, 0x80, 0x00, 0xff, 0xff, 0xff, 0x00, 0xff,
0xff, 0xff, 0x00, 0xff, 0xff, 0xff, 0x00, 0xff, 0xff, 0xff, 0x00, 0xff, 0xff, 0xff, 0x00,
0xff, 0xff, 0xff, 0x00, 0xff, 0xff, 0xff, 0x00, 0xff, 0xff, 0xff, 0x00, 0xff, 0xff, 0xff,
0x00, 0xff, 0xff, 0xff, 0x00, 0xff, 0xff, 0xff, 0x00, 0xff, 0xff, 0xff, 0x00, 0xff, 0xff,
0xff, 0x00, 0xff, 0xff, 0xff, 0x00, 0xff, 0xff, 0xff, 0x00, 0xff, 0xff, 0xff, 0x00, 0xff,
0xff, 0xff, 0x00, 0x01, 0x01, 0x01, 0x00, 0x01, 0x01, 0x01, 0x00, 0x01, 0x01, 0x01, 0x00,
0x01, 0x01, 0x01, 0x00, 0x01, 0x01, 0x01, 0x00, 0x01, 0x01, 0x01, 0x00, 0x01, 0x01, 0x01,
0x00, 0x01, 0x01, 0x01, 0x00, 0x01, 0x01, 0x01, 0x00, 0x01, 0x01, 0x01, 0x00, 0x00, 0x01,
0x01, 0x00, 0x00, 0x00, 0x00, 0x00, 0xa4, 0x4f, 0x82, 0x00, 0xf1, 0x77, 0xca, 0x00, 0xe9,
0x73, 0xc2, 0x00, 0xea, 0x74, 0xc2, 0x00, 0xe9, 0x74, 0xc3, 0x00, 0xe9, 0x75, 0xc3, 0x00,
0xe9, 0x72, 0xc0, 0x00, 0xd8, 0x6c, 0xb5, 0x00, 0xe3, 0x6e, 0xc2, 0x00, 0xe4, 0x70, 0xbd,
0x00, 0xe8, 0x74, 0xbf, 0x00, 0xe0, 0x6c, 0xbb, 0x00, 0xa8, 0x51, 0x8f, 0x00, 0xe2, 0x6a,
0xc5, 0x38, 0xe6, 0x73, 0xc2, 0xcd, 0xeb, 0x75, 0xc4, 0xff, 0xea, 0x75, 0xc3, 0xff, 0xea,
0x75, 0xc3, 0xff, 0xea, 0x75, 0xc3, 0xff, 0xea, 0x75, 0xc3, 0xff, 0xea, 0x75, 0xc3, 0xff,
0xea, 0x75, 0xc3, 0xff, 0xea, 0x75, 0xc3, 0xff, 0xea, 0x75, 0xc3, 0xff, 0xea, 0x75, 0xc3,
0xff, 0xea, 0x75, 0xc3, 0xff, 0xea, 0x75, 0xc3, 0xff, 0xea, 0x75, 0xc3, 0xff, 0xea, 0x75,
0xc3, 0xff, 0xea, 0x75, 0xc3, 0xff, 0xea, 0x75, 0xc3, 0xff, 0xea, 0x75, 0xc3, 0xff, 0xea,
0x75, 0xc3, 0xff, 0xea, 0x75, 0xc3, 0xff, 0xea, 0x75, 0xc3, 0xff, 0xea, 0x75, 0xc3, 0xff,
0xea, 0x75, 0xc3, 0xff, 0xea, 0x75, 0xc3, 0xff, 0xea, 0x75, 0xc3, 0xff, 0xea, 0x75, 0xc3,
0xff, 0xea, 0x75, 0xc3, 0xff, 0xea, 0x75, 0xc3, 0xff, 0xea, 0x75, 0xc3, 0xff, 0xea, 0x75,
0xc3, 0xff, 0xea, 0x75, 0xc3, 0xff, 0xea, 0x75, 0xc3, 0xff, 0xea, 0x75, 0xc3, 0xff, 0xea,
0x75, 0xc3, 0xff, 0xea, 0x75, 0xc3, 0xff, 0xea, 0x75, 0xc3, 0xff, 0xea, 0x75, 0xc3, 0xff,
0xea, 0x75, 0xc3, 0xff, 0xea, 0x75, 0xc3, 0xff, 0xea, 0x75, 0xc3, 0xff, 0xea, 0x75, 0xc3,
0xff, 0xea, 0x75, 0xc3, 0xff, 0xea, 0x75, 0xc3, 0xff, 0xea, 0x75, 0xc3, 0xff, 0xea, 0x75,
0xc3, 0xff, 0xea, 0x75, 0xc3, 0xff, 0xea, 0x75, 0xc3, 0xff, 0xea, 0x75, 0xc3, 0xff, 0xea,
0x75, 0xc3, 0xff, 0xea, 0x75, 0xc3, 0xff, 0xea, 0x75, 0xc3, 0xff, 0xea, 0x75, 0xc3, 0xff,
0xea, 0x75, 0xc3, 0xff, 0xea, 0x75, 0xc3, 0xff, 0xea, 0x75, 0xc3, 0xff, 0xea, 0x75, 0xc3,
0xff, 0xeb, 0x75, 0xc4, 0xff, 0xeb, 0x75, 0xc3, 0xff, 0xeb, 0x76, 0xc4, 0xca, 0xdf, 0x6a,
0xbb, 0x3c, 0xde, 0x64, 0xb8, 0x00, 0xdc, 0x6d, 0xbd, 0x00, 0xdf, 0x68, 0xba, 0x00, 0xce,
0x63, 0xac, 0x00, 0xd8, 0x6c, 0xb6, 0x00, 0xe1, 0x6c, 0xc0, 0x00, 0xe6, 0x70, 0xbf, 0x00,
0xd9, 0x65, 0xb9, 0x00, 0xd9, 0x62, 0xb1, 0x00, 0xe0, 0x6c, 0xb8, 0x00, 0x93, 0x14, 0x8f,
0x00, 0x7c, 0x00, 0x7d, 0x00, 0x80, 0x01, 0x80, 0x00, 0x80, 0x01, 0x80, 0x00, 0x80, 0x01,
0x80, 0x00, 0x80, 0x01, 0x80, 0x00, 0x80, 0x01, 0x80, 0x00, 0x80, 0x01, 0x80, 0x00, 0x80,
0x01, 0x80, 0x00, 0x80, 0x01, 0x80, 0x00, 0x80, 0x01, 0x80, 0x00, 0x80, 0x01, 0x80, 0x00,
0x80, 0x01, 0x80, 0x00, 0x80, 0x01, 0x80, 0x00, 0x80, 0x01, 0x80, 0x00, 0xff, 0xff, 0xff,
0x00, 0xff, 0xff, 0xff, 0x00, 0xff, 0xff, 0xff, 0x00, 0xff, 0xff, 0xff, 0x00, 0xff, 0xff,
0xff, 0x00, 0xff, 0xff, 0xff, 0x00, 0xff, 0xff, 0xff, 0x00, 0xff, 0xff, 0xff, 0x00, 0xff,
0xff, 0xff, 0x00, 0xff, 0xff, 0xff, 0x00, 0xff, 0xff, 0xff, 0x00, 0xff, 0xff, 0xff, 0x00,
0xff, 0xff, 0xff, 0x00, 0xff, 0xff, 0xff, 0x00, 0xff, 0xff, 0xff, 0x00, 0xff, 0xff, 0xff,
0x00, 0xff, 0xff, 0xff, 0x00, 0x01, 0x01, 0x01, 0x00, 0x01, 0x01, 0x01, 0x00, 0x01, 0x01,
0x01, 0x00, 0x01, 0x01, 0x01, 0x00, 0x01, 0x01, 0x01, 0x00, 0x01, 0x01, 0x01, 0x00, 0x01,
0x01, 0x01, 0x00, 0x01, 0x01, 0x01, 0x00, 0x01, 0x01, 0x01, 0x00, 0x01, 0x01, 0x01, 0x00,
0x00, 0x01, 0x01, 0x00, 0x00, 0x00, 0x00, 0x00, 0xa4, 0x4f, 0x82, 0x00, 0xf1, 0x77, 0xca,
0x00, 0xe9, 0x73, 0xc2, 0x00, 0xea, 0x74, 0xc2, 0x00, 0xe9, 0x74, 0xc3, 0x00, 0xe9, 0x75,
0xc3, 0x00, 0xe9, 0x72, 0xc0, 0x00, 0xd8, 0x6c, 0xb5, 0x00, 0xe3, 0x6e, 0xc2, 0x00, 0xe4,
0x70, 0xbd, 0x00, 0xe8, 0x74, 0xbf, 0x00, 0xe0, 0x6c, 0xbb, 0x00, 0xad, 0x53, 0x93, 0x00,
0xda, 0x63, 0xc3, 0x00, 0xdb, 0x6d, 0xbc, 0x06, 0xeb, 0x75, 0xc1, 0x78, 0xea, 0x75, 0xc2,
0xe9, 0xeb, 0x75, 0xc4, 0xff, 0xea, 0x75, 0xc3, 0xff, 0xea, 0x75, 0xc3, 0xff, 0xea, 0x75,
0xc3, 0xff, 0xea, 0x75, 0xc3, 0xff, 0xea, 0x75, 0xc3, 0xff, 0xea, 0x75, 0xc3, 0xff, 0xea,
0x75, 0xc3, 0xff, 0xea, 0x75, 0xc3, 0xff, 0xea, 0x75, 0xc3, 0xff, 0xea, 0x75, 0xc3, 0xff,
0xea, 0x75, 0xc3, 0xff, 0xea, 0x75, 0xc3, 0xff, 0xea, 0x75, 0xc3, 0xff, 0xea, 0x75, 0xc3,
0xff, 0xea, 0x75, 0xc3, 0xff, 0xea, 0x75, 0xc3, 0xff, 0xea, 0x75, 0xc3, 0xff, 0xea, 0x75,
0xc3, 0xff, 0xea, 0x75, 0xc3, 0xff, 0xea, 0x75, 0xc3, 0xff, 0xea, 0x75, 0xc3, 0xff, 0xea,
0x75, 0xc3, 0xff, 0xea, 0x75, 0xc3, 0xff, 0xea, 0x75, 0xc3, 0xff, 0xea, 0x75, 0xc3, 0xff,
0xea, 0x75, 0xc3, 0xff, 0xea, 0x75, 0xc3, 0xff, 0xea, 0x75, 0xc3, 0xff, 0xea, 0x75, 0xc3,
0xff, 0xea, 0x75, 0xc3, 0xff, 0xea, 0x75, 0xc3, 0xff, 0xea, 0x75, 0xc3, 0xff, 0xea, 0x75,
0xc3, 0xff, 0xea, 0x75, 0xc3, 0xff, 0xea, 0x75, 0xc3, 0xff, 0xea, 0x75, 0xc3, 0xff, 0xea,
0x75, 0xc3, 0xff, 0xea, 0x75, 0xc3, 0xff, 0xea, 0x75, 0xc3, 0xff, 0xea, 0x75, 0xc3, 0xff,
0xea, 0x75, 0xc3, 0xff, 0xea, 0x75, 0xc3, 0xff, 0xea, 0x75, 0xc3, 0xff, 0xea, 0x75, 0xc3,
0xff, 0xea, 0x75, 0xc3, 0xff, 0xea, 0x75, 0xc3, 0xff, 0xea, 0x75, 0xc3, 0xff, 0xea, 0x75,
0xc3, 0xff, 0xea, 0x75, 0xc3, 0xff, 0xea, 0x75, 0xc3, 0xff, 0xea, 0x75, 0xc3, 0xff, 0xeb,
0x75, 0xc4, 0xff, 0xe6, 0x73, 0xbf, 0xe2, 0xe6, 0x73, 0xbf, 0x6e, 0xea, 0x74, 0xc2, 0x03,
0xde, 0x68, 0xbb, 0x00, 0xde, 0x64, 0xb8, 0x00, 0xdc, 0x6d, 0xbd, 0x00, 0xdf, 0x68, 0xba,
0x00, 0xce, 0x63, 0xac, 0x00, 0xd8, 0x6c, 0xb6, 0x00, 0xe1, 0x6c, 0xc0, 0x00, 0xe6, 0x70,
0xbf, 0x00, 0xd9, 0x65, 0xb9, 0x00, 0xd9, 0x62, 0xb1, 0x00, 0xe0, 0x6c, 0xb8, 0x00, 0x93,
0x14, 0x8f, 0x00, 0x7c, 0x00, 0x7d, 0x00, 0x80, 0x01, 0x80, 0x00, 0x80, 0x01, 0x80, 0x00,
0x80, 0x01, 0x80, 0x00, 0x80, 0x01, 0x80, 0x00, 0x80, 0x01, 0x80, 0x00, 0x80, 0x01, 0x80,
0x00, 0x80, 0x01, 0x80, 0x00, 0x80, 0x01, 0x80, 0x00, 0x80, 0x01, 0x80, 0x00, 0x80, 0x01,
0x80, 0x00, 0x80, 0x01, 0x80, 0x00, 0x80, 0x01, 0x80, 0x00, 0x80, 0x01, 0x80, 0x00, 0xff,
0xff, 0xff, 0x00, 0xff, 0xff, 0xff, 0x00, 0xff, 0xff, 0xff, 0x00, 0xff, 0xff, 0xff, 0x00,
0xff, 0xff, 0xff, 0x00, 0xff, 0xff, 0xff, 0x00, 0xff, 0xff, 0xff, 0x00, 0xff, 0xff, 0xff,
0x00, 0xff, 0xff, 0xff, 0x00, 0xff, 0xff, 0xff, 0x00, 0xff, 0xff, 0xff, 0x00, 0xff, 0xff,
0xff, 0x00, 0xff, 0xff, 0xff, 0x00, 0xff, 0xff, 0xff, 0x00, 0xff, 0xff, 0xff, 0x00, 0xff,
0xff, 0xff, 0x00, 0xff, 0xff, 0xff, 0x00, 0x01, 0x01, 0x01, 0x00, 0x01, 0x01, 0x01, 0x00,
0x01, 0x01, 0x01, 0x00, 0x01, 0x01, 0x01, 0x00, 0x01, 0x01, 0x01, 0x00, 0x01, 0x01, 0x01,
0x00, 0x01, 0x01, 0x01, 0x00, 0x01, 0x01, 0x01, 0x00, 0x01, 0x01, 0x01, 0x00, 0x01, 0x01,
0x01, 0x00, 0x00, 0x01, 0x01, 0x00, 0x00, 0x00, 0x00, 0x00, 0xa4, 0x4f, 0x82, 0x00, 0xf1,
0x77, 0xca, 0x00, 0xe9, 0x73, 0xc2, 0x00, 0xea, 0x74, 0xc2, 0x00, 0xe9, 0x74, 0xc3, 0x00,
0xe9, 0x75, 0xc3, 0x00, 0xe9, 0x72, 0xc0, 0x00, 0xd8, 0x6c, 0xb5, 0x00, 0xe3, 0x6e, 0xc2,
0x00, 0xe4, 0x70, 0xbd, 0x00, 0xe8, 0x74, 0xbf, 0x00, 0xe0, 0x6c, 0xbb, 0x00, 0xad, 0x53,
0x93, 0x00, 0xdb, 0x64, 0xc3, 0x00, 0xdb, 0x6d, 0xbc, 0x00, 0xe9, 0x74, 0xbe, 0x00, 0xe7,
0x74, 0xbd, 0x1b, 0xe6, 0x73, 0xc2, 0x9e, 0xea, 0x75, 0xc3, 0xf3, 0xea, 0x75, 0xc3, 0xff,
0xea, 0x75, 0xc3, 0xff, 0xea, 0x75, 0xc3, 0xff, 0xea, 0x75, 0xc3, 0xff, 0xea, 0x75, 0xc3,
0xff, 0xea, 0x75, 0xc3, 0xff, 0xea, 0x75, 0xc3, 0xff, 0xea, 0x75, 0xc3, 0xff, 0xea, 0x75,
0xc3, 0xff, 0xea, 0x75, 0xc3, 0xff, 0xea, 0x75, 0xc3, 0xff, 0xea, 0x75, 0xc3, 0xff, 0xea,
0x75, 0xc3, 0xff, 0xea, 0x75, 0xc3, 0xff, 0xea, 0x75, 0xc3, 0xff, 0xea, 0x75, 0xc3, 0xff,
0xea, 0x75, 0xc3, 0xff, 0xea, 0x75, 0xc3, 0xff, 0xea, 0x75, 0xc3, 0xff, 0xea, 0x75, 0xc3,
0xff, 0xea, 0x75, 0xc3, 0xff, 0xea, 0x75, 0xc3, 0xff, 0xea, 0x75, 0xc3, 0xff, 0xea, 0x75,
0xc3, 0xff, 0xea, 0x75, 0xc3, 0xff, 0xea, 0x75, 0xc3, 0xff, 0xea, 0x75, 0xc3, 0xff, 0xea,
0x75, 0xc3, 0xff, 0xea, 0x75, 0xc3, 0xff, 0xea, 0x75, 0xc3, 0xff, 0xea, 0x75, 0xc3, 0xff,
0xea, 0x75, 0xc3, 0xff, 0xea, 0x75, 0xc3, 0xff, 0xea, 0x75, 0xc3, 0xff, 0xea, 0x75, 0xc3,
0xff, 0xea, 0x75, 0xc3, 0xff, 0xea, 0x75, 0xc3, 0xff, 0xea, 0x75, 0xc3, 0xff, 0xea, 0x75,
0xc3, 0xff, 0xea, 0x75, 0xc3, 0xff, 0xea, 0x75, 0xc3, 0xff, 0xea, 0x75, 0xc3, 0xff, 0xea,
0x75, 0xc3, 0xff, 0xea, 0x75, 0xc3, 0xff, 0xea, 0x75, 0xc3, 0xff, 0xea, 0x75, 0xc3, 0xff,
0xea, 0x75, 0xc3, 0xff, 0xea, 0x75, 0xc3, 0xff, 0xea, 0x75, 0xc3, 0xff, 0xea, 0x75, 0xc3,
0xe8, 0xeb, 0x74, 0xc3, 0x8a, 0xcd, 0x66, 0xa6, 0x11, 0xdc, 0x6d, 0xb7, 0x00, 0xec, 0x75,
0xc3, 0x00, 0xde, 0x68, 0xbb, 0x00, 0xde, 0x64, 0xb8, 0x00, 0xdc, 0x6d, 0xbd, 0x00, 0xdf,
0x68, 0xba, 0x00, 0xce, 0x63, 0xac, 0x00, 0xd8, 0x6c, 0xb6, 0x00, 0xe1, 0x6c, 0xc0, 0x00,
0xe6, 0x70, 0xbf, 0x00, 0xd9, 0x65, 0xb9, 0x00, 0xd9, 0x62, 0xb1, 0x00, 0xe0, 0x6c, 0xb8,
0x00, 0x93, 0x14, 0x8f, 0x00, 0x7c, 0x00, 0x7d, 0x00, 0x80, 0x01, 0x80, 0x00, 0x80, 0x01,
0x80, 0x00, 0x80, 0x01, 0x80, 0x00, 0x80, 0x01, 0x80, 0x00, 0x80, 0x01, 0x80, 0x00, 0x80,
0x01, 0x80, 0x00, 0x80, 0x01, 0x80, 0x00, 0x80, 0x01, 0x80, 0x00, 0x80, 0x01, 0x80, 0x00,
0x80, 0x01, 0x80, 0x00, 0x80, 0x01, 0x80, 0x00, 0x80, 0x01, 0x80, 0x00, 0x80, 0x01, 0x80,
0x00, 0xff, 0xff, 0xff, 0x00, 0xff, 0xff, 0xff, 0x00, 0xff, 0xff, 0xff, 0x00, 0xff, 0xff,
0xff, 0x00, 0xff, 0xff, 0xff, 0x00, 0xff, 0xff, 0xff, 0x00, 0xff, 0xff, 0xff, 0x00, 0xff,
0xff, 0xff, 0x00, 0xff, 0xff, 0xff, 0x00, 0xff, 0xff, 0xff, 0x00, 0xff, 0xff, 0xff, 0x00,
0xff, 0xff, 0xff, 0x00, 0xff, 0xff, 0xff, 0x00, 0xff, 0xff, 0xff, 0x00, 0xff, 0xff, 0xff,
0x00, 0xff, 0xff, 0xff, 0x00, 0xff, 0xff, 0xff, 0x00, 0x01, 0x01, 0x01, 0x00, 0x01, 0x01,
0x01, 0x00, 0x01, 0x01, 0x01, 0x00, 0x01, 0x01, 0x01, 0x00, 0x01, 0x01, 0x01, 0x00, 0x01,
0x01, 0x01, 0x00, 0x01, 0x01, 0x01, 0x00, 0x01, 0x01, 0x01, 0x00, 0x01, 0x01, 0x01, 0x00,
0x01, 0x01, 0x01, 0x00, 0x00, 0x01, 0x01, 0x00, 0x00, 0x00, 0x00, 0x00, 0xa4, 0x4f, 0x82,
0x00, 0xf1, 0x77, 0xca, 0x00, 0xe9, 0x73, 0xc2, 0x00, 0xea, 0x74, 0xc2, 0x00, 0xe9, 0x74,
0xc3, 0x00, 0xe9, 0x75, 0xc3, 0x00, 0xe9, 0x72, 0xc0, 0x00, 0xd8, 0x6c, 0xb5, 0x00, 0xe3,
0x6e, 0xc2, 0x00, 0xe4, 0x70, 0xbd, 0x00, 0xe8, 0x74, 0xbf, 0x00, 0xe0, 0x6c, 0xbb, 0x00,
0xad, 0x53, 0x93, 0x00, 0xdb, 0x64, 0xc3, 0x00, 0xdb, 0x6d, 0xbc, 0x00, 0xe9, 0x74, 0xbe,
0x00, 0xe8, 0x74, 0xbe, 0x00, 0xd8, 0x6c, 0xbc, 0x00, 0xe6, 0x71, 0xc0, 0x29, 0xe7, 0x74,
0xc1, 0xa7, 0xea, 0x75, 0xc3, 0xf1, 0xeb, 0x75, 0xc4, 0xff, 0xea, 0x75, 0xc3, 0xff, 0xea,
0x75, 0xc3, 0xff, 0xea, 0x75, 0xc3, 0xff, 0xea, 0x75, 0xc3, 0xff, 0xea, 0x75, 0xc3, 0xff,
0xea, 0x75, 0xc3, 0xff, 0xea, 0x75, 0xc3, 0xff, 0xea, 0x75, 0xc3, 0xff, 0xea, 0x75, 0xc3,
0xff, 0xea, 0x75, 0xc3, 0xff, 0xea, 0x75, 0xc3, 0xff, 0xea, 0x75, 0xc3, 0xff, 0xea, 0x75,
0xc3, 0xff, 0xea, 0x75, 0xc3, 0xff, 0xea, 0x75, 0xc3, 0xff, 0xea, 0x75, 0xc3, 0xff, 0xea,
0x75, 0xc3, 0xff, 0xea, 0x75, 0xc3, 0xff, 0xea, 0x75, 0xc3, 0xff, 0xea, 0x75, 0xc3, 0xff,
0xea, 0x75, 0xc3, 0xff, 0xea, 0x75, 0xc3, 0xff, 0xea, 0x75, 0xc3, 0xff, 0xea, 0x75, 0xc3,
0xff, 0xea, 0x75, 0xc3, 0xff, 0xea, 0x75, 0xc3, 0xff, 0xea, 0x75, 0xc3, 0xff, 0xea, 0x75,
0xc3, 0xff, 0xea, 0x75, 0xc3, 0xff, 0xea, 0x75, 0xc3, 0xff, 0xea, 0x75, 0xc3, 0xff, 0xea,
0x75, 0xc3, 0xff, 0xea, 0x75, 0xc3, 0xff, 0xea, 0x75, 0xc3, 0xff, 0xea, 0x75, 0xc3, 0xff,
0xea, 0x75, 0xc3, 0xff, 0xea, 0x75, 0xc3, 0xff, 0xea, 0x75, 0xc3, 0xff, 0xea, 0x75, 0xc3,
0xff, 0xea, 0x75, 0xc3, 0xff, 0xea, 0x75, 0xc3, 0xff, 0xea, 0x75, 0xc3, 0xff, 0xeb, 0x76,
0xc4, 0xff, 0xeb, 0x76, 0xc4, 0xff, 0xe8, 0x74, 0xc2, 0xe3, 0xe8, 0x73, 0xc0, 0x8c, 0xe9,
0x72, 0xc2, 0x16, 0xe9, 0x72, 0xc1, 0x00, 0xcc, 0x66, 0xa5, 0x00, 0xdc, 0x6d, 0xb7, 0x00,
0xec, 0x75, 0xc3, 0x00, 0xde, 0x68, 0xbb, 0x00, 0xde, 0x64, 0xb8, 0x00, 0xdc, 0x6d, 0xbd,
0x00, 0xdf, 0x68, 0xba, 0x00, 0xce, 0x63, 0xac, 0x00, 0xd8, 0x6c, 0xb6, 0x00, 0xe1, 0x6c,
0xc0, 0x00, 0xe6, 0x70, 0xbf, 0x00, 0xd9, 0x65, 0xb9, 0x00, 0xd9, 0x62, 0xb1, 0x00, 0xe0,
0x6c, 0xb8, 0x00, 0x93, 0x14, 0x8f, 0x00, 0x7c, 0x00, 0x7d, 0x00, 0x80, 0x01, 0x80, 0x00,
0x80, 0x01, 0x80, 0x00, 0x80, 0x01, 0x80, 0x00, 0x80, 0x01, 0x80, 0x00, 0x80, 0x01, 0x80,
0x00, 0x80, 0x01, 0x80, 0x00, 0x80, 0x01, 0x80, 0x00, 0x80, 0x01, 0x80, 0x00, 0x80, 0x01,
0x80, 0x00, 0x80, 0x01, 0x80, 0x00, 0x80, 0x01, 0x80, 0x00, 0x80, 0x01, 0x80, 0x00, 0x80,
0x01, 0x80, 0x00, 0xff, 0xff, 0xff, 0x00, 0xff, 0xff, 0xff, 0x00, 0xff, 0xff, 0xff, 0x00,
0xff, 0xff, 0xff, 0x00, 0xff, 0xff, 0xff, 0x00, 0xff, 0xff, 0xff, 0x00, 0xff, 0xff, 0xff,
0x00, 0xff, 0xff, 0xff, 0x00, 0xff, 0xff, 0xff, 0x00, 0xff, 0xff, 0xff, 0x00, 0xff, 0xff,
0xff, 0x00, 0xff, 0xff, 0xff, 0x00, 0xff, 0xff, 0xff, 0x00, 0xff, 0xff, 0xff, 0x00, 0xff,
0xff, 0xff, 0x00, 0xff, 0xff, 0xff, 0x00, 0xff, 0xff, 0xff, 0x00, 0x01, 0x01, 0x01, 0x00,
0x01, 0x01, 0x01, 0x00, 0x01, 0x01, 0x01, 0x00, 0x01, 0x01, 0x01, 0x00, 0x01, 0x01, 0x01,
0x00, 0x01, 0x01, 0x01, 0x00, 0x01, 0x01, 0x01, 0x00, 0x01, 0x01, 0x01, 0x00, 0x01, 0x01,
0x01, 0x00, 0x01, 0x01, 0x01, 0x00, 0x00, 0x01, 0x01, 0x00, 0x00, 0x00, 0x00, 0x00, 0xa4,
0x4f, 0x82, 0x00, 0xf1, 0x77, 0xca, 0x00, 0xe9, 0x73, 0xc2, 0x00, 0xea, 0x74, 0xc2, 0x00,
0xe9, 0x74, 0xc3, 0x00, 0xe9, 0x75, 0xc3, 0x00, 0xe9, 0x72, 0xc0, 0x00, 0xd8, 0x6c, 0xb5,
0x00, 0xe3, 0x6e, 0xc2, 0x00, 0xe4, 0x70, 0xbd, 0x00, 0xe8, 0x74, 0xbf, 0x00, 0xe0, 0x6c,
0xbb, 0x00, 0xad, 0x53, 0x93, 0x00, 0xdb, 0x64, 0xc3, 0x00, 0xdb, 0x6d, 0xbc, 0x00, 0xe9,
0x74, 0xbe, 0x00, 0xe8, 0x74, 0xbe, 0x00, 0xd9, 0x6c, 0xbc, 0x00, 0xe5, 0x70, 0xbf, 0x00,
0xe3, 0x70, 0xbe, 0x00, 0xcb, 0x65, 0xb0, 0x23, 0xe0, 0x70, 0xbb, 0x96, 0xe9, 0x75, 0xc4,
0xe3, 0xec, 0x76, 0xc4, 0xff, 0xec, 0x76, 0xc5, 0xff, 0xea, 0x75, 0xc3, 0xff, 0xea, 0x75,
0xc3, 0xff, 0xea, 0x75, 0xc3, 0xff, 0xea, 0x75, 0xc3, 0xff, 0xea, 0x75, 0xc3, 0xff, 0xea,
0x75, 0xc3, 0xff, 0xea, 0x75, 0xc3, 0xff, 0xea, 0x75, 0xc3, 0xff, 0xea, 0x75, 0xc3, 0xff,
0xea, 0x75, 0xc3, 0xff, 0xea, 0x75, 0xc3, 0xff, 0xea, 0x75, 0xc3, 0xff, 0xea, 0x75, 0xc3,
0xff, 0xea, 0x75, 0xc3, 0xff, 0xea, 0x75, 0xc3, 0xff, 0xea, 0x75, 0xc3, 0xff, 0xea, 0x75,
0xc3, 0xff, 0xea, 0x75, 0xc3, 0xff, 0xea, 0x75, 0xc3, 0xff, 0xea, 0x75, 0xc3, 0xff, 0xea,
0x75, 0xc3, 0xff, 0xea, 0x75, 0xc3, 0xff, 0xea, 0x75, 0xc3, 0xff, 0xea, 0x75, 0xc3, 0xff,
0xea, 0x75, 0xc3, 0xff, 0xea, 0x75, 0xc3, 0xff, 0xea, 0x75, 0xc3, 0xff, 0xea, 0x75, 0xc3,
0xff, 0xea, 0x75, 0xc3, 0xff, 0xea, 0x75, 0xc3, 0xff, 0xea, 0x75, 0xc3, 0xff, 0xea, 0x75,
0xc3, 0xff, 0xea, 0x75, 0xc3, 0xff, 0xea, 0x75, 0xc3, 0xff, 0xea, 0x75, 0xc3, 0xff, 0xea,
0x75, 0xc3, 0xff, 0xeb, 0x75, 0xc3, 0xff, 0xed, 0x77, 0xc5, 0xff, 0xe9, 0x75, 0xc2, 0xff,
0xe3, 0x71, 0xbd, 0xcf, 0xe8, 0x74, 0xc0, 0x6e, 0xde, 0x6e, 0xbe, 0x0f, 0xe1, 0x6f, 0xbc,
0x00, 0xe9, 0x73, 0xc2, 0x00, 0xe9, 0x72, 0xc1, 0x00, 0xcc, 0x66, 0xa5, 0x00, 0xdc, 0x6d,
0xb7, 0x00, 0xec, 0x75, 0xc3, 0x00, 0xde, 0x68, 0xbb, 0x00, 0xde, 0x64, 0xb8, 0x00, 0xdc,
0x6d, 0xbd, 0x00, 0xdf, 0x68, 0xba, 0x00, 0xce, 0x63, 0xac, 0x00, 0xd8, 0x6c, 0xb6, 0x00,
0xe1, 0x6c, 0xc0, 0x00, 0xe6, 0x70, 0xbf, 0x00, 0xd9, 0x65, 0xb9, 0x00, 0xd9, 0x62, 0xb1,
0x00, 0xe0, 0x6c, 0xb8, 0x00, 0x93, 0x14, 0x8f, 0x00, 0x7c, 0x00, 0x7d, 0x00, 0x80, 0x01,
0x80, 0x00, 0x80, 0x01, 0x80, 0x00, 0x80, 0x01, 0x80, 0x00, 0x80, 0x01, 0x80, 0x00, 0x80,
0x01, 0x80, 0x00, 0x80, 0x01, 0x80, 0x00, 0x80, 0x01, 0x80, 0x00, 0x80, 0x01, 0x80, 0x00,
0x80, 0x01, 0x80, 0x00, 0x80, 0x01, 0x80, 0x00, 0x80, 0x01, 0x80, 0x00, 0x80, 0x01, 0x80,
0x00, 0x80, 0x01, 0x80, 0x00, 0xff, 0xff, 0xff, 0x00, 0xff, 0xff, 0xff, 0x00, 0xff, 0xff,
0xff, 0x00, 0xff, 0xff, 0xff, 0x00, 0xff, 0xff, 0xff, 0x00, 0xff, 0xff, 0xff, 0x00, 0xff,
0xff, 0xff, 0x00, 0xff, 0xff, 0xff, 0x00, 0xff, 0xff, 0xff, 0x00, 0xff, 0xff, 0xff, 0x00,
0xff, 0xff, 0xff, 0x00, 0xff, 0xff, 0xff, 0x00, 0xff, 0xff, 0xff, 0x00, 0xff, 0xff, 0xff,
0x00, 0xff, 0xff, 0xff, 0x00, 0xff, 0xff, 0xff, 0x00, 0xff, 0xff, 0xff, 0x00, 0x01, 0x01,
0x01, 0x00, 0x01, 0x01, 0x01, 0x00, 0x01, 0x01, 0x01, 0x00, 0x01, 0x01, 0x01, 0x00, 0x01,
0x01, 0x01, 0x00, 0x01, 0x01, 0x01, 0x00, 0x01, 0x01, 0x01, 0x00, 0x01, 0x01, 0x01, 0x00,
0x01, 0x01, 0x01, 0x00, 0x01, 0x01, 0x01, 0x00, 0x00, 0x01, 0x01, 0x00, 0x00, 0x00, 0x00,
0x00, 0xa4, 0x4f, 0x82, 0x00, 0xf1, 0x77, 0xca, 0x00, 0xe9, 0x73, 0xc2, 0x00, 0xea, 0x74,
0xc2, 0x00, 0xe9, 0x74, 0xc3, 0x00, 0xe9, 0x75, 0xc3, 0x00, 0xe9, 0x72, 0xc0, 0x00, 0xd8,
0x6c, 0xb5, 0x00, 0xe3, 0x6e, 0xc2, 0x00, 0xe4, 0x70, 0xbd, 0x00, 0xe8, 0x74, 0xbf, 0x00,
0xe0, 0x6c, 0xbb, 0x00, 0xad, 0x53, 0x93, 0x00, 0xdb, 0x64, 0xc3, 0x00, 0xdb, 0x6d, 0xbc,
0x00, 0xe9, 0x74, 0xbe, 0x00, 0xe8, 0x74, 0xbe, 0x00, 0xd9, 0x6c, 0xbc, 0x00, 0xe5, 0x70,
0xbf, 0x00, 0xe4, 0x71, 0xbf, 0x00, 0xc4, 0x61, 0xaa, 0x00, 0xd6, 0x6c, 0xb4, 0x00, 0xdf,
0x6e, 0xbf, 0x10, 0xe2, 0x6e, 0xbb, 0x66, 0xdf, 0x6f, 0xb9, 0xc5, 0xeb, 0x75, 0xc4, 0xf3,
0xeb, 0x75, 0xc4, 0xff, 0xea, 0x75, 0xc3, 0xff, 0xea, 0x75, 0xc3, 0xff, 0xea, 0x75, 0xc3,
0xff, 0xea, 0x75, 0xc3, 0xff, 0xea, 0x75, 0xc3, 0xff, 0xea, 0x75, 0xc3, 0xff, 0xea, 0x75,
0xc3, 0xff, 0xea, 0x75, 0xc3, 0xff, 0xea, 0x75, 0xc3, 0xff, 0xea, 0x75, 0xc3, 0xff, 0xea,
0x75, 0xc3, 0xff, 0xea, 0x75, 0xc3, 0xff, 0xea, 0x75, 0xc3, 0xff, 0xea, 0x75, 0xc3, 0xff,
0xea, 0x75, 0xc3, 0xff, 0xea, 0x75, 0xc3, 0xff, 0xea, 0x75, 0xc3, 0xff, 0xea, 0x75, 0xc3,
0xff, 0xea, 0x75, 0xc3, 0xff, 0xea, 0x75, 0xc3, 0xff, 0xea, 0x75, 0xc3, 0xff, 0xea, 0x75,
0xc3, 0xff, 0xea, 0x75, 0xc3, 0xff, 0xea, 0x75, 0xc3, 0xff, 0xea, 0x75, 0xc3, 0xff, 0xea,
0x75, 0xc3, 0xff, 0xea, 0x75, 0xc3, 0xff, 0xea, 0x75, 0xc3, 0xff, 0xea, 0x75, 0xc3, 0xff,
0xea, 0x75, 0xc3, 0xff, 0xea, 0x75, 0xc3, 0xff, 0xea, 0x75, 0xc3, 0xff, 0xeb, 0x76, 0xc4,
0xff, 0xeb, 0x76, 0xc4, 0xff, 0xe7, 0x73, 0xc1, 0xdf, 0xde, 0x6f, 0xb9, 0xa4, 0xda, 0x6b,
0xb5, 0x3a, 0xc6, 0x62, 0xa5, 0x02, 0xdf, 0x70, 0xb8, 0x00, 0xdf, 0x6f, 0xbf, 0x00, 0xe1,
0x6f, 0xbc, 0x00, 0xe9, 0x73, 0xc2, 0x00, 0xe9, 0x72, 0xc1, 0x00, 0xcc, 0x66, 0xa5, 0x00,
0xdc, 0x6d, 0xb7, 0x00, 0xec, 0x75, 0xc3, 0x00, 0xde, 0x68, 0xbb, 0x00, 0xde, 0x64, 0xb8,
0x00, 0xdc, 0x6d, 0xbd, 0x00, 0xdf, 0x68, 0xba, 0x00, 0xce, 0x63, 0xac, 0x00, 0xd8, 0x6c,
0xb6, 0x00, 0xe1, 0x6c, 0xc0, 0x00, 0xe6, 0x70, 0xbf, 0x00, 0xd9, 0x65, 0xb9, 0x00, 0xd9,
0x62, 0xb1, 0x00, 0xe0, 0x6c, 0xb8, 0x00, 0x93, 0x14, 0x8f, 0x00, 0x7c, 0x00, 0x7d, 0x00,
0x80, 0x01, 0x80, 0x00, 0x80, 0x01, 0x80, 0x00, 0x80, 0x01, 0x80, 0x00, 0x80, 0x01, 0x80,
0x00, 0x80, 0x01, 0x80, 0x00, 0x80, 0x01, 0x80, 0x00, 0x80, 0x01, 0x80, 0x00, 0x80, 0x01,
0x80, 0x00, 0x80, 0x01, 0x80, 0x00, 0x80, 0x01, 0x80, 0x00, 0x80, 0x01, 0x80, 0x00, 0x80,
0x01, 0x80, 0x00, 0x80, 0x01, 0x80, 0x00, 0xff, 0xff, 0xff, 0x00, 0xff, 0xff, 0xff, 0x00,
0xff, 0xff, 0xff, 0x00, 0xff, 0xff, 0xff, 0x00, 0xff, 0xff, 0xff, 0x00, 0xff, 0xff, 0xff,
0x00, 0xff, 0xff, 0xff, 0x00, 0xff, 0xff, 0xff, 0x00, 0xff, 0xff, 0xff, 0x00, 0xff, 0xff,
0xff, 0x00, 0xff, 0xff, 0xff, 0x00, 0xff, 0xff, 0xff, 0x00, 0xff, 0xff, 0xff, 0x00, 0xff,
0xff, 0xff, 0x00, 0xff, 0xff, 0xff, 0x00, 0xff, 0xff, 0xff, 0x00, 0xff, 0xff, 0xff, 0x00,
0x01, 0x01, 0x01, 0x00, 0x01, 0x01, 0x01, 0x00, 0x01, 0x01, 0x01, 0x00, 0x01, 0x01, 0x01,
0x00, 0x01, 0x01, 0x01, 0x00, 0x01, 0x01, 0x01, 0x00, 0x01, 0x01, 0x01, 0x00, 0x01, 0x01,
0x01, 0x00, 0x01, 0x01, 0x01, 0x00, 0x01, 0x01, 0x01, 0x00, 0x00, 0x01, 0x01, 0x00, 0x00,
0x00, 0x00, 0x00, 0xa4, 0x4f, 0x82, 0x00, 0xf1, 0x77, 0xca, 0x00, 0xe9, 0x73, 0xc2, 0x00,
0xea, 0x74, 0xc2, 0x00, 0xe9, 0x74, 0xc3, 0x00, 0xe9, 0x75, 0xc3, 0x00, 0xe9, 0x72, 0xc0,
0x00, 0xd8, 0x6c, 0xb5, 0x00, 0xe3, 0x6e, 0xc2, 0x00, 0xe4, 0x70, 0xbd, 0x00, 0xe8, 0x74,
0xbf, 0x00, 0xe0, 0x6c, 0xbb, 0x00, 0xad, 0x53, 0x93, 0x00, 0xdb, 0x64, 0xc3, 0x00, 0xdb,
0x6d, 0xbc, 0x00, 0xe9, 0x74, 0xbe, 0x00, 0xe8, 0x74, 0xbe, 0x00, 0xd9, 0x6c, 0xbc, 0x00,
0xe5, 0x70, 0xbf, 0x00, 0xe4, 0x71, 0xbf, 0x00, 0xc5, 0x62, 0xab, 0x00, 0xd7, 0x6c, 0xb5,
0x00, 0xe1, 0x6e, 0xc0, 0x00, 0xce, 0x62, 0xa9, 0x00, 0xbb, 0x5b, 0x9b, 0x00, 0xeb, 0x72,
0xc3, 0x20, 0xe7, 0x73, 0xc0, 0x79, 0xe8, 0x74, 0xc1, 0xc7, 0xea, 0x75, 0xc3, 0xeb, 0xea,
0x75, 0xc3, 0xff, 0xea, 0x75, 0xc3, 0xff, 0xea, 0x75, 0xc3, 0xff, 0xea, 0x75, 0xc3, 0xff,
0xea, 0x75, 0xc3, 0xff, 0xea, 0x75, 0xc3, 0xff, 0xea, 0x75, 0xc3, 0xff, 0xea, 0x75, 0xc3,
0xff, 0xea, 0x75, 0xc3, 0xff, 0xea, 0x75, 0xc3, 0xff, 0xea, 0x75, 0xc3, 0xff, 0xea, 0x75,
0xc3, 0xff, 0xea, 0x75, 0xc3, 0xff, 0xea, 0x75, 0xc3, 0xff, 0xea, 0x75, 0xc3, 0xff, 0xea,
0x75, 0xc3, 0xff, 0xea, 0x75, 0xc3, 0xff, 0xea, 0x75, 0xc3, 0xff, 0xea, 0x75, 0xc3, 0xff,
0xea, 0x75, 0xc3, 0xff, 0xea, 0x75, 0xc3, 0xff, 0xea, 0x75, 0xc3, 0xff, 0xea, 0x75, 0xc3,
0xff, 0xea, 0x75, 0xc3, 0xff, 0xea, 0x75, 0xc3, 0xff, 0xea, 0x75, 0xc3, 0xff, 0xea, 0x75,
0xc3, 0xff, 0xea, 0x75, 0xc3, 0xff, 0xea, 0x75, 0xc3, 0xf9, 0xea, 0x75, 0xc3, 0xd7, 0xdf,
0x70, 0xba, 0xa4, 0xdd, 0x6d, 0xb4, 0x48, 0xdb, 0x67, 0xb8, 0x0a, 0xb1, 0x57, 0x95, 0x00,
0xdb, 0x6b, 0xb6, 0x00, 0xc6, 0x62, 0xa5, 0x00, 0xe0, 0x70, 0xb9, 0x00, 0xdf, 0x6f, 0xbf,
0x00, 0xe1, 0x6f, 0xbc, 0x00, 0xe9, 0x73, 0xc2, 0x00, 0xe9, 0x72, 0xc1, 0x00, 0xcc, 0x66,
0xa5, 0x00, 0xdc, 0x6d, 0xb7, 0x00, 0xec, 0x75, 0xc3, 0x00, 0xde, 0x68, 0xbb, 0x00, 0xde,
0x64, 0xb8, 0x00, 0xdc, 0x6d, 0xbd, 0x00, 0xdf, 0x68, 0xba, 0x00, 0xce, 0x63, 0xac, 0x00,
0xd8, 0x6c, 0xb6, 0x00, 0xe1, 0x6c, 0xc0, 0x00, 0xe6, 0x70, 0xbf, 0x00, 0xd9, 0x65, 0xb9,
0x00, 0xd9, 0x62, 0xb1, 0x00, 0xe0, 0x6c, 0xb8, 0x00, 0x93, 0x14, 0x8f, 0x00, 0x7c, 0x00,
0x7d, 0x00, 0x80, 0x01, 0x80, 0x00, 0x80, 0x01, 0x80, 0x00, 0x80, 0x01, 0x80, 0x00, 0x80,
0x01, 0x80, 0x00, 0x80, 0x01, 0x80, 0x00, 0x80, 0x01, 0x80, 0x00, 0x80, 0x01, 0x80, 0x00,
0x80, 0x01, 0x80, 0x00, 0x80, 0x01, 0x80, 0x00, 0x80, 0x01, 0x80, 0x00, 0x80, 0x01, 0x80,
0x00, 0x80, 0x01, 0x80, 0x00, 0x80, 0x01, 0x80, 0x00, 0xff, 0xff, 0xff, 0x00, 0xff, 0xff,
0xff, 0x00, 0xff, 0xff, 0xff, 0x00, 0xff, 0xff, 0xff, 0x00, 0xff, 0xff, 0xff, 0x00, 0xff,
0xff, 0xff, 0x00, 0xff, 0xff, 0xff, 0x00, 0xff, 0xff, 0xff, 0x00, 0xff, 0xff, 0xff, 0x00,
0xff, 0xff, 0xff, 0x00, 0xff, 0xff, 0xff, 0x00, 0xff, 0xff, 0xff, 0x00, 0xff, 0xff, 0xff,
0x00, 0xff, 0xff, 0xff, 0x00, 0xff, 0xff, 0xff, 0x00, 0xff, 0xff, 0xff, 0x00, 0xff, 0xff,
0xff, 0x00, 0x01, 0x01, 0x01, 0x00, 0x01, 0x01, 0x01, 0x00, 0x01, 0x01, 0x01, 0x00, 0x01,
0x01, 0x01, 0x00, 0x01, 0x01, 0x01, 0x00, 0x01, 0x01, 0x01, 0x00, 0x01, 0x01, 0x01, 0x00,
0x01, 0x01, 0x01, 0x00, 0x01, 0x01, 0x01, 0x00, 0x01, 0x01, 0x01, 0x00, 0x00, 0x01, 0x01,
0x00, 0x00, 0x00, 0x00, 0x00, 0xa4, 0x4f, 0x82, 0x00, 0xf1, 0x77, 0xca, 0x00, 0xe9, 0x73,
0xc2, 0x00, 0xea, 0x74, 0xc2, 0x00, 0xe9, 0x74, 0xc3, 0x00, 0xe9, 0x75, 0xc3, 0x00, 0xe9,
0x72, 0xc0, 0x00, 0xd8, 0x6c, 0xb5, 0x00, 0xe3, 0x6e, 0xc2, 0x00, 0xe4, 0x70, 0xbd, 0x00,
0xe8, 0x74, 0xbf, 0x00, 0xe0, 0x6c, 0xbb, 0x00, 0xad, 0x53, 0x93, 0x00, 0xdb, 0x64, 0xc3,
0x00, 0xdb, 0x6d, 0xbc, 0x00, 0xe9, 0x74, 0xbe, 0x00, 0xe8, 0x74, 0xbe, 0x00, 0xd9, 0x6c,
0xbc, 0x00, 0xe5, 0x70, 0xbf, 0x00, 0xe4, 0x71, 0xbf, 0x00, 0xc5, 0x62, 0xab, 0x00, 0xd7,
0x6c, 0xb5, 0x00, 0xe1, 0x6e, 0xc0, 0x00, 0xcf, 0x63, 0xaa, 0x00, 0xbc, 0x5c, 0x9c, 0x00,
0xea, 0x72, 0xc3, 0x00, 0xe2, 0x6f, 0xba, 0x00, 0xe3, 0x72, 0xbb, 0x00, 0xe9, 0x74, 0xbe,
0x15, 0xe9, 0x73, 0xc2, 0x52, 0xea, 0x74, 0xc2, 0x9d, 0xea, 0x75, 0xc3, 0xcb, 0xea, 0x75,
0xc3, 0xe4, 0xea, 0x75, 0xc3, 0xfd, 0xea, 0x75, 0xc3, 0xff, 0xea, 0x75, 0xc3, 0xff, 0xeb,
0x76, 0xc4, 0xff, 0xeb, 0x75, 0xc4, 0xff, 0xea, 0x75, 0xc3, 0xff, 0xea, 0x75, 0xc3, 0xff,
0xea, 0x75, 0xc3, 0xff, 0xea, 0x75, 0xc3, 0xff, 0xea, 0x75, 0xc3, 0xff, 0xea, 0x75, 0xc3,
0xff, 0xea, 0x75, 0xc3, 0xff, 0xea, 0x75, 0xc3, 0xff, 0xea, 0x75, 0xc3, 0xff, 0xea, 0x75,
0xc3, 0xff, 0xea, 0x75, 0xc3, 0xff, 0xea, 0x75, 0xc3, 0xff, 0xea, 0x75, 0xc3, 0xff, 0xea,
0x75, 0xc3, 0xff, 0xea, 0x75, 0xc3, 0xff, 0xea, 0x75, 0xc3, 0xeb, 0xea, 0x75, 0xc3, 0xd4,
0xe9, 0x75, 0xc2, 0xb1, 0xe9, 0x74, 0xc2, 0x6c, 0xe9, 0x75, 0xc3, 0x28, 0xe6, 0x6e, 0xbf,
0x05, 0xd2, 0x68, 0xaf, 0x00, 0xd4, 0x67, 0xab, 0x00, 0xdc, 0x67, 0xb9, 0x00, 0xb3, 0x58,
0x97, 0x00, 0xdb, 0x6b, 0xb6, 0x00, 0xc6, 0x62, 0xa5, 0x00, 0xe0, 0x70, 0xb9, 0x00, 0xdf,
0x6f, 0xbf, 0x00, 0xe1, 0x6f, 0xbc, 0x00, 0xe9, 0x73, 0xc2, 0x00, 0xe9, 0x72, 0xc1, 0x00,
0xcc, 0x66, 0xa5, 0x00, 0xdc, 0x6d, 0xb7, 0x00, 0xec, 0x75, 0xc3, 0x00, 0xde, 0x68, 0xbb,
0x00, 0xde, 0x64, 0xb8, 0x00, 0xdc, 0x6d, 0xbd, 0x00, 0xdf, 0x68, 0xba, 0x00, 0xce, 0x63,
0xac, 0x00, 0xd8, 0x6c, 0xb6, 0x00, 0xe1, 0x6c, 0xc0, 0x00, 0xe6, 0x70, 0xbf, 0x00, 0xd9,
0x65, 0xb9, 0x00, 0xd9, 0x62, 0xb1, 0x00, 0xe0, 0x6c, 0xb8, 0x00, 0x93, 0x14, 0x8f, 0x00,
0x7c, 0x00, 0x7d, 0x00, 0x80, 0x01, 0x80, 0x00, 0x80, 0x01, 0x80, 0x00, 0x80, 0x01, 0x80,
0x00, 0x80, 0x01, 0x80, 0x00, 0x80, 0x01, 0x80, 0x00, 0x80, 0x01, 0x80, 0x00, 0x80, 0x01,
0x80, 0x00, 0x80, 0x01, 0x80, 0x00, 0x80, 0x01, 0x80, 0x00, 0x80, 0x01, 0x80, 0x00, 0x80,
0x01, 0x80, 0x00, 0x80, 0x01, 0x80, 0x00, 0x80, 0x01, 0x80, 0x00, 0xff, 0xff, 0xff, 0x00,
0xff, 0xff, 0xff, 0x00, 0xff, 0xff, 0xff, 0x00, 0xff, 0xff, 0xff, 0x00, 0xff, 0xff, 0xff,
0x00, 0xff, 0xff, 0xff, 0x00, 0xff, 0xff, 0xff, 0x00, 0xff, 0xff, 0xff, 0x00, 0xff, 0xff,
0xff, 0x00, 0xff, 0xff, 0xff, 0x00, 0xff, 0xff, 0xff, 0x00, 0xff, 0xff, 0xff, 0x00, 0xff,
0xff, 0xff, 0x00, 0xff, 0xff, 0xff, 0x00, 0xff, 0xff, 0xff, 0x00, 0xff, 0xff, 0xff, 0x00,
0xff, 0xff, 0xff, 0x00, 0x01, 0x01, 0x01, 0x00, 0x01, 0x01, 0x01, 0x00, 0x01, 0x01, 0x01,
0x00, 0x01, 0x01, 0x01, 0x00, 0x01, 0x01, 0x01, 0x00, 0x01, 0x01, 0x01, 0x00, 0x01, 0x01,
0x01, 0x00, 0x01, 0x01, 0x01, 0x00, 0x01, 0x01, 0x01, 0x00, 0x01, 0x01, 0x01, 0x00, 0x00,
0x01, 0x01, 0x00, 0x00, 0x00, 0x00, 0x00, 0xa4, 0x4f, 0x82, 0x00, 0xf1, 0x77, 0xca, 0x00,
0xe9, 0x73, 0xc2, 0x00, 0xea, 0x74, 0xc2, 0x00, 0xe9, 0x74, 0xc3, 0x00, 0xe9, 0x75, 0xc3,
0x00, 0xe9, 0x72, 0xc0, 0x00, 0xd8, 0x6c, 0xb5, 0x00, 0xe3, 0x6e, 0xc2, 0x00, 0xe4, 0x70,
0xbd, 0x00, 0xe8, 0x74, 0xbf, 0x00, 0xe0, 0x6c, 0xbb, 0x00, 0xad, 0x53, 0x93, 0x00, 0xdb,
0x64, 0xc3, 0x00, 0xdb, 0x6d, 0xbc, 0x00, 0xe9, 0x74, 0xbe, 0x00, 0xe8, 0x74, 0xbe, 0x00,
0xd9, 0x6c, 0xbc, 0x00, 0xe5, 0x70, 0xbf, 0x00, 0xe4, 0x71, 0xbf, 0x00, 0xc5, 0x62, 0xab,
0x00, 0xd7, 0x6c, 0xb5, 0x00, 0xe1, 0x6e, 0xc0, 0x00, 0xcf, 0x63, 0xaa, 0x00, 0xbc, 0x5c,
0x9c, 0x00, 0xea, 0x72, 0xc3, 0x00, 0xe2, 0x6f, 0xba, 0x00, 0xe3, 0x72, 0xbb, 0x00, 0xe9,
0x74, 0xbe, 0x00, 0xe9, 0x72, 0xc2, 0x00, 0xe9, 0x73, 0xc1, 0x00, 0xe9, 0x75, 0xc1, 0x00,
0xe9, 0x74, 0xc2, 0x0d, 0xe8, 0x74, 0xc2, 0x2d, 0xe9, 0x74, 0xc2, 0x5c, 0xea, 0x75, 0xc2,
0x8a, 0xe4, 0x72, 0xbe, 0xb2, 0xe7, 0x73, 0xc0, 0xc6, 0xea, 0x75, 0xc4, 0xd1, 0xea, 0x75,
0xc3, 0xda, 0xea, 0x75, 0xc3, 0xe1, 0xea, 0x75, 0xc3, 0xe5, 0xea, 0x75, 0xc3, 0xe4, 0xea,
0x75, 0xc3, 0xe4, 0xea, 0x75, 0xc3, 0xe5, 0xea, 0x75, 0xc3, 0xe2, 0xea, 0x75, 0xc3, 0xdb,
0xea, 0x75, 0xc3, 0xd3, 0xe9, 0x75, 0xc2, 0xc8, 0xe9, 0x73, 0xc1, 0xb9, 0xe9, 0x74, 0xc1,
0x94, 0xe9, 0x74, 0xc1, 0x68, 0xea, 0x74, 0xc2, 0x38, 0xe6, 0x73, 0xbf, 0x13, 0xe9, 0x73,
0xc3, 0x04, 0xe8, 0x74, 0xbf, 0x00, 0xe8, 0x73, 0xc1, 0x00, 0xe9, 0x75, 0xc3, 0x00, 0xe6,
0x6e, 0xbf, 0x00, 0xd3, 0x69, 0xb0, 0x00, 0xd5, 0x68, 0xac, 0x00, 0xdc, 0x67, 0xb9, 0x00,
0xb3, 0x58, 0x97, 0x00, 0xdb, 0x6b, 0xb6, 0x00, 0xc6, 0x62, 0xa5, 0x00, 0xe0, 0x70, 0xb9,
0x00, 0xdf, 0x6f, 0xbf, 0x00, 0xe1, 0x6f, 0xbc, 0x00, 0xe9, 0x73, 0xc2, 0x00, 0xe9, 0x72,
0xc1, 0x00, 0xcc, 0x66, 0xa5, 0x00, 0xdc, 0x6d, 0xb7, 0x00, 0xec, 0x75, 0xc3, 0x00, 0xde,
0x68, 0xbb, 0x00, 0xde, 0x64, 0xb8, 0x00, 0xdc, 0x6d, 0xbd, 0x00, 0xdf, 0x68, 0xba, 0x00,
0xce, 0x63, 0xac, 0x00, 0xd8, 0x6c, 0xb6, 0x00, 0xe1, 0x6c, 0xc0, 0x00, 0xe6, 0x70, 0xbf,
0x00, 0xd9, 0x65, 0xb9, 0x00, 0xd9, 0x62, 0xb1, 0x00, 0xe0, 0x6c, 0xb8, 0x00, 0x93, 0x14,
0x8f, 0x00, 0x7c, 0x00, 0x7d, 0x00, 0x80, 0x01, 0x80, 0x00, 0x80, 0x01, 0x80, 0x00, 0x80,
0x01, 0x80, 0x00, 0x80, 0x01, 0x80, 0x00, 0x80, 0x01, 0x80, 0x00, 0x80, 0x01, 0x80, 0x00,
0x80, 0x01, 0x80, 0x00, 0x80, 0x01, 0x80, 0x00, 0x80, 0x01, 0x80, 0x00, 0x80, 0x01, 0x80,
0x00, 0x80, 0x01, 0x80, 0x00, 0x80, 0x01, 0x80, 0x00, 0x80, 0x01, 0x80, 0x00, 0xff, 0xff,
0xff, 0x00, 0xff, 0xff, 0xff, 0x00, 0xff, 0xff, 0xff, 0x00, 0xff, 0xff, 0xff, 0x00, 0xff,
0xff, 0xff, 0x00, 0xff, 0xff, 0xff, 0x00, 0xff, 0xff, 0xff, 0x00, 0xff, 0xff, 0xff, 0x00,
0xff, 0xff, 0xff, 0x00, 0xff, 0xff, 0xff, 0x00, 0xff, 0xff, 0xff, 0x00, 0xff, 0xff, 0xff,
0x00, 0xff, 0xff, 0xff, 0x00, 0xff, 0xff, 0xff, 0x00, 0xff, 0xff, 0xff, 0x00, 0xff, 0xff,
0xff, 0x00, 0xff, 0xff, 0xff, 0x00, 0xff, 0xff, 0xff, 0x00, 0xff, 0xff, 0xff, 0x00, 0xff,
0xff, 0xff, 0x00, 0xff, 0xff, 0xff, 0x00, 0xff, 0xff, 0xff, 0x00, 0xff, 0xff, 0xff, 0x00,
0xff, 0xff, 0xff, 0x00, 0xff, 0xff, 0xff, 0x00, 0xff, 0xff, 0xff, 0x00, 0xff, 0xff, 0xff,
0x00, 0xff, 0xff, 0xff, 0x00, 0xff, 0xff, 0xff, 0x00, 0xff, 0xff, 0xff, 0x00, 0xff, 0xff,
0xff, 0x00, 0xff, 0xff, 0xff, 0x00, 0xff, 0xff, 0xff, 0x00, 0xff, 0xff, 0xff, 0x00, 0xff,
0xff, 0xff, 0x00, 0xff, 0xff, 0xff, 0x00, 0xff, 0xff, 0xff, 0x00, 0xff, 0xff, 0xff, 0x00,
0xff, 0xff, 0xff, 0x00, 0xff, 0xff, 0xff, 0x00, 0xff, 0xff, 0xff, 0x00, 0xff, 0xff, 0xff,
0x00, 0xff, 0xff, 0xff, 0x00, 0xff, 0xff, 0xff, 0x00, 0xff, 0xff, 0xff, 0x00, 0xff, 0xff,
0xff, 0x00, 0xff, 0xff, 0xff, 0x00, 0xff, 0xff, 0xff, 0x00, 0xff, 0xff, 0xff, 0x00, 0xff,
0xff, 0xff, 0x00, 0xff, 0xff, 0xff, 0x00, 0xff, 0xff, 0xff, 0x00, 0xff, 0xff, 0xff, 0x00,
0xff, 0xff, 0xff, 0x00, 0xff, 0xff, 0xff, 0x00, 0xff, 0xff, 0xff, 0x00, 0xff, 0xff, 0xff,
0x00, 0xff, 0xff, 0xff, 0x00, 0xff, 0xff, 0xff, 0x00, 0xff, 0xff, 0xff, 0x00, 0xff, 0xff,
0xff, 0x00, 0xff, 0xff, 0xff, 0x00, 0xff, 0xff, 0xff, 0x00, 0xff, 0xff, 0xff, 0x00, 0xff,
0xff, 0xff, 0x00, 0xff, 0xff, 0xff, 0x00, 0xff, 0xff, 0xff, 0x00, 0xff, 0xff, 0xff, 0x00,
0xff, 0xff, 0xff, 0x00, 0xff, 0xff, 0xff, 0x00, 0xff, 0xff, 0xff, 0x00, 0xff, 0xff, 0xff,
0x00, 0xff, 0xff, 0xff, 0x00, 0xff, 0xff, 0xff, 0x00, 0xff, 0xff, 0xff, 0x00, 0xff, 0xff,
0xff, 0x00, 0xff, 0xff, 0xff, 0x00, 0xff, 0xff, 0xff, 0x00, 0xff, 0xff, 0xff, 0x00, 0xff,
0xff, 0xff, 0x00, 0xff, 0xff, 0xff, 0x00, 0xff, 0xff, 0xff, 0x00, 0xff, 0xff, 0xff, 0x00,
0xff, 0xff, 0xff, 0x00, 0xff, 0xff, 0xff, 0x00, 0xff, 0xff, 0xff, 0x00, 0xff, 0xff, 0xff,
0x00, 0xff, 0xff, 0xff, 0x00, 0xff, 0xff, 0xff, 0x00, 0xff, 0xff, 0xff, 0x00, 0xff, 0xff,
0xff, 0x00, 0xff, 0xff, 0xff, 0x00, 0xff, 0xff, 0xff, 0x00, 0xff, 0xff, 0xff, 0x00, 0xff,
0xff, 0xff, 0x00, 0xff, 0xff, 0xff, 0x00, 0xff, 0xff, 0xff, 0x00, 0xff, 0xff, 0xff, 0x00,
0xff, 0xff, 0xff, 0x00, 0xff, 0xff, 0xff, 0x00, 0xff, 0xff, 0xff, 0x00, 0xff, 0xff, 0xff,
0x00, 0xff, 0xff, 0xff, 0x00, 0xff, 0xff, 0xff, 0x00, 0xff, 0xff, 0xff, 0x00, 0xff, 0xff,
0xff, 0x00, 0xff, 0xff, 0xff, 0x00, 0xff, 0xff, 0xff, 0x00, 0xff, 0xff, 0xff, 0x00, 0xff,
0xff, 0xff, 0x00, 0xff, 0xff, 0xff, 0x00, 0xff, 0xff, 0xff, 0x00, 0xff, 0xff, 0xff, 0x00,
0xff, 0xff, 0xff, 0x00, 0xff, 0xff, 0xff, 0x00, 0xff, 0xff, 0xff, 0x00, 0xff, 0xff, 0xff,
0x00, 0xff, 0xff, 0xff, 0x00, 0xff, 0xff, 0xff, 0x00, 0xff, 0xff, 0xff, 0x00, 0xff, 0xff,
0xff, 0x00, 0xff, 0xff, 0xff, 0x00, 0xff, 0xff, 0xff, 0x00, 0xff, 0xff, 0xff, 0x00, 0xff,
0xff, 0xff, 0x00, 0xff, 0xff, 0xff, 0x00, 0xff, 0xff, 0xff, 0x00, 0xff, 0xff, 0xff, 0x00,
0xff, 0xff, 0xff, 0x00, 0xff, 0xff, 0xff, 0x00, 0xff, 0xff, 0xff, 0x00, 0xff, 0xff, 0xff,
0x00, 0xff, 0xff, 0xff, 0x00, 0xff, 0xff, 0xff, 0x00, 0xff, 0xff, 0xff, 0x00, 0xff, 0xff,
0xff, 0x00, 0xff, 0xff, 0xff, 0x00, 0xff, 0xff, 0xff, 0x00, 0xff, 0xff, 0xff, 0x00, 0xff,
0xff, 0xff, 0x00, 0xff, 0xff, 0xff, 0x00, 0xff, 0xff, 0xff, 0x00, 0xff, 0xff, 0xff, 0x00,
0xff, 0xff, 0xff, 0x00, 0xff, 0xff, 0xff, 0x00, 0xff, 0xff, 0xff, 0x00, 0xff, 0xff, 0xff,
0x00, 0xff, 0xff, 0xff, 0x00, 0xff, 0xff, 0xff, 0x00, 0xff, 0xff, 0xff, 0x00, 0xff, 0xff,
0xff, 0x00, 0xff, 0xff, 0xff, 0x00, 0xff, 0xff, 0xff, 0x00, 0xff, 0xff, 0xff, 0x00, 0xff,
0xff, 0xff, 0x00, 0xff, 0xff, 0xff, 0x00, 0xff, 0xff, 0xff, 0x00, 0xff, 0xff, 0xff, 0x00,
0xff, 0xff, 0xff, 0x00, 0xff, 0xff, 0xff, 0x00, 0xff, 0xff, 0xff, 0x00, 0xff, 0xff, 0xff,
0x00, 0xff, 0xff, 0xff, 0x00, 0xff, 0xff, 0xff, 0x00, 0xff, 0xff, 0xff, 0x00, 0xff, 0xff,
0xff, 0x00, 0xff, 0xff, 0xff, 0x00, 0xff, 0xff, 0xff, 0x00, 0xff, 0xff, 0xff, 0x00, 0xff,
0xff, 0xff, 0x00, 0xff, 0xff, 0xff, 0x00, 0xff, 0xff, 0xff, 0x00, 0xff, 0xff, 0xff, 0x00,
0xff, 0xff, 0xff, 0x00, 0xff, 0xff, 0xff, 0x00, 0xff, 0xff, 0xff, 0x00, 0xff, 0xff, 0xff,
0x00, 0xff, 0xff, 0xff, 0x00, 0xff, 0xff, 0xff, 0x00, 0xff, 0xff, 0xff, 0x00, 0xff, 0xff,
0xff, 0x00, 0xff, 0xff, 0xff, 0x00, 0xff, 0xff, 0xff, 0x00, 0xff, 0xff, 0xff, 0x00, 0xff,
0xff, 0xff, 0x00, 0xff, 0xff, 0xff, 0x00, 0xff, 0xff, 0xff, 0x00, 0xff, 0xff, 0xff, 0x00,
0xff, 0xff, 0xff, 0x00, 0xff, 0xff, 0xff, 0x00, 0xff, 0xff, 0xff, 0x00, 0xff, 0xff, 0xff,
0x00, 0xff, 0xff, 0xff, 0x00, 0xff, 0xff, 0xff, 0x00, 0xff, 0xff, 0xff, 0x00, 0xff, 0xff,
0xff, 0x00, 0xff, 0xff, 0xff, 0x00, 0xff, 0xff, 0xff, 0x00, 0xff, 0xff, 0xff, 0x00, 0xff,
0xff, 0xff, 0x00, 0xff, 0xff, 0xff, 0x00, 0xff, 0xff, 0xff, 0x00, 0xff, 0xff, 0xff, 0x00,
0xff, 0xff, 0xff, 0x00, 0xff, 0xff, 0xff, 0x00, 0xff, 0xff, 0xff, 0x00, 0xff, 0xff, 0xff,
0x00, 0xff, 0xff, 0xff, 0x00, 0xff, 0xff, 0xff, 0x00, 0xff, 0xff, 0xff, 0x00, 0xff, 0xff,
0xff, 0x00, 0xff, 0xff, 0xff, 0x00, 0xff, 0xff, 0xff, 0x00, 0xff, 0xff, 0xff, 0x00, 0xff,
0xff, 0xff, 0x00, 0xff, 0xff, 0xff, 0x00, 0xff, 0xff, 0xff, 0x00, 0xff, 0xff, 0xff, 0x00,
0xff, 0xff, 0xff, 0x00, 0xff, 0xff, 0xff, 0x00, 0xff, 0xff, 0xff, 0x00, 0xff, 0xff, 0xff,
0x00, 0xff, 0xff, 0xff, 0x00, 0xff, 0xff, 0xff, 0x00, 0xff, 0xff, 0xff, 0x00, 0xff, 0xff,
0xff, 0x00, 0xff, 0xff, 0xff, 0x00, 0xff, 0xff, 0xff, 0x00, 0xff, 0xff, 0xff, 0x00, 0xff,
0xff, 0xff, 0x00, 0xff, 0xff, 0xff, 0x00, 0xff, 0xff, 0xff, 0x00, 0xff, 0xff, 0xff, 0x00,
0xff, 0xff, 0xff, 0x00, 0xff, 0xff, 0xff, 0x00, 0xff, 0xff, 0xff, 0x00, 0xff, 0xff, 0xff,
0x00, 0xff, 0xff, 0xff, 0x00, 0xff, 0xff, 0xff, 0x00, 0xff, 0xff, 0xff, 0x00, 0xff, 0xff,
0xff, 0x00, 0xff, 0xff, 0xff, 0x00, 0xff, 0xff, 0xff, 0x00, 0xff, 0xff, 0xff, 0x00, 0xff,
0xff, 0xff, 0x00, 0xff, 0xff, 0xff, 0x00, 0xff, 0xff, 0xff, 0x00, 0xff, 0xff, 0xff, 0x00,
0xff, 0xff, 0xff, 0x00, 0xff, 0xff, 0xff, 0x00, 0xff, 0xff, 0xff, 0x00, 0xff, 0xff, 0xff,
0x00, 0xff, 0xff, 0xff, 0x00, 0xff, 0xff, 0xff, 0x00, 0xff, 0xff, 0xff, 0x00, 0xff, 0xff,
0xff, 0x00, 0xff, 0xff, 0xff, 0x00, 0xff, 0xff, 0xff, 0x00, 0xff, 0xff, 0xff, 0x00, 0xff,
0xff, 0xff, 0x00, 0xff, 0xff, 0xff, 0x00, 0xff, 0xff, 0xff, 0x00, 0xff, 0xff, 0xff, 0x00,
0xff, 0xff, 0xff, 0x00, 0xff, 0xff, 0xff, 0x00, 0xff, 0xff, 0xff, 0x00, 0xff, 0xff, 0xff,
0x00, 0xff, 0xff, 0xff, 0x00, 0xff, 0xff, 0xff, 0x00, 0xff, 0xff, 0xff, 0x00, 0xff, 0xff,
0xff, 0x00, 0xff, 0xff, 0xff, 0x00, 0xff, 0xff, 0xff, 0x00, 0xff, 0xff, 0xff, 0x00, 0xff,
0xff, 0xff, 0x00, 0xff, 0xff, 0xff, 0x00, 0xff, 0xff, 0xff, 0x00, 0xff, 0xff, 0xff, 0x00,
0xff, 0xff, 0xff, 0x00, 0xff, 0xff, 0xff, 0x00, 0xff, 0xff, 0xff, 0x00, 0xff, 0xff, 0xff,
0x00, 0xff, 0xff, 0xff, 0x00, 0xff, 0xff, 0xff, 0x00, 0xff, 0xff, 0xff, 0x00, 0xff, 0xff,
0xff, 0x00, 0xff, 0xff, 0xff, 0x00, 0xff, 0xff, 0xff, 0x00, 0xff, 0xff, 0xff, 0x00, 0xff,
0xff, 0xff, 0x00, 0xff, 0xff, 0xff, 0x00, 0xff, 0xff, 0xff, 0x00, 0xff, 0xff, 0xff, 0x00,
0xff, 0xff, 0xff, 0x00, 0xff, 0xff, 0xff, 0x00, 0xff, 0xff, 0xff, 0x00, 0xff, 0xff, 0xff,
0x00, 0xff, 0xff, 0xff, 0x00, 0xff, 0xff, 0xff, 0x00, 0xff, 0xff, 0xff, 0x00, 0xff, 0xff,
0xff, 0x00, 0xff, 0xff, 0xff, 0x00, 0xff, 0xff, 0xff, 0x00, 0xff, 0xff, 0xff, 0x00, 0xff,
0xff, 0xff, 0x00, 0xff, 0xff, 0xff, 0x00, 0xff, 0xff, 0xff, 0x00, 0xff, 0xff, 0xff, 0x00,
0xff, 0xff, 0xff, 0x00, 0xff, 0xff, 0xff, 0x00, 0xff, 0xff, 0xff, 0x00, 0xff, 0xff, 0xff,
0x00, 0xff, 0xff, 0xff, 0x00, 0xff, 0xff, 0xff, 0x00, 0xff, 0xff, 0xff, 0x00, 0xff, 0xff,
0xff, 0x00, 0xff, 0xff, 0xff, 0x00, 0xff, 0xff, 0xff, 0x00, 0xff, 0xff, 0xff, 0x00, 0xff,
0xff, 0xff, 0x00, 0xff, 0xff, 0xff, 0x00, 0xff, 0xff, 0xff, 0x00, 0xff, 0xff, 0xff, 0x00,
0xff, 0xff, 0xff, 0x00, 0xff, 0xff, 0xff, 0x00, 0xff, 0xff, 0xff, 0x00, 0xff, 0xff, 0xff,
0x00, 0xff, 0xff, 0xff, 0x00, 0xff, 0xff, 0xff, 0x00, 0xff, 0xff, 0xff, 0x00, 0xff, 0xff,
0xff, 0x00, 0xff, 0xff, 0xff, 0x00, 0xff, 0xff, 0xff, 0x00, 0xff, 0xff, 0xff, 0x00, 0xff,
0xff, 0xff, 0x00, 0xff, 0xff, 0xff, 0x00, 0xff, 0xff, 0xff, 0x00, 0xff, 0xff, 0xff, 0x00,
0xff, 0xff, 0xff, 0x00, 0xff, 0xff, 0xff, 0x00, 0xff, 0xff, 0xff, 0x00, 0xff, 0xff, 0xff,
0x00, 0xff, 0xff, 0xff, 0x00, 0xff, 0xff, 0xff, 0x00, 0xff, 0xff, 0xff, 0x00, 0xff, 0xff,
0xff, 0x00, 0xff, 0xff, 0xff, 0x00, 0xff, 0xff, 0xff, 0x00, 0xff, 0xff, 0xff, 0x00, 0xff,
0xff, 0xff, 0x00, 0xff, 0xff, 0xff, 0x00, 0xff, 0xff, 0xff, 0x00, 0xff, 0xff, 0xff, 0x00,
0xff, 0xff, 0xff, 0x00, 0xff, 0xff, 0xff, 0x00, 0xff, 0xff, 0xff, 0x00, 0xff, 0xff, 0xff,
0x00, 0xff, 0xff, 0xff, 0x00, 0xff, 0xff, 0xff, 0x00, 0xff, 0xff, 0xff, 0x00, 0xff, 0xff,
0xff, 0x00, 0xff, 0xff, 0xff, 0x00, 0xff, 0xff, 0xff, 0x00, 0xff, 0xff, 0xff, 0x00, 0xff,
0xff, 0xff, 0x00, 0xff, 0xff, 0xff, 0x00, 0xff, 0xff, 0xff, 0x00, 0xff, 0xff, 0xff, 0x00,
0xff, 0xff, 0xff, 0x00, 0xff, 0xff, 0xff, 0x00, 0xff, 0xff, 0xff, 0x00, 0xff, 0xff, 0xff,
0x00, 0xff, 0xff, 0xff, 0x00, 0xff, 0xff, 0xff, 0x00, 0xff, 0xff, 0xff, 0x00, 0xff, 0xff,
0xff, 0x00, 0xff, 0xff, 0xff, 0x00, 0xff, 0xff, 0xff, 0x00, 0xff, 0xff, 0xff, 0x00, 0xff,
0xff, 0xff, 0x00, 0xff, 0xff, 0xff, 0x00, 0xff, 0xff, 0xff, 0x00, 0xff, 0xff, 0xff, 0x00,
0xff, 0xff, 0xff, 0x00, 0xff, 0xff, 0xff, 0x00, 0xff, 0xff, 0xff, 0x00, 0xff, 0xff, 0xff,
0x00, 0xff, 0xff, 0xff, 0x00, 0xff, 0xff, 0xff, 0x00, 0xff, 0xff, 0xff, 0x00, 0xff, 0xff,
0xff, 0x00, 0xff, 0xff, 0xff, 0x00, 0xff, 0xff, 0xff, 0x00, 0xff, 0xff, 0xff, 0x00, 0xff,
0xff, 0xff, 0x00, 0xff, 0xff, 0xff, 0x00, 0xff, 0xff, 0xff, 0x00, 0xff, 0xff, 0xff, 0x00,
0xff, 0xff, 0xff, 0x00, 0xff, 0xff, 0xff, 0x00, 0xff, 0xff, 0xff, 0x00, 0xff, 0xff, 0xff,
0x00, 0xff, 0xff, 0xff, 0x00, 0xff, 0xff, 0xff, 0x00, 0xff, 0xff, 0xff, 0x00, 0xff, 0xff,
0xff, 0x00, 0xff, 0xff, 0xff, 0x00, 0xff, 0xff, 0xff, 0x00, 0xff, 0xff, 0xff, 0x00, 0xff,
0xff, 0xff, 0x00, 0xff, 0xff, 0xff, 0x00, 0xff, 0xff, 0xff, 0x00, 0xff, 0xff, 0xff, 0x00,
0xff, 0xff, 0xff, 0x00, 0xff, 0xff, 0xff, 0x00, 0xff, 0xff, 0xff, 0x00, 0xff, 0xff, 0xff,
0x00, 0xff, 0xff, 0xff, 0x00, 0xff, 0xff, 0xff, 0x00, 0xff, 0xff, 0xff, 0x00, 0xff, 0xff,
0xff, 0x00, 0xff, 0xff, 0xff, 0x00, 0xff, 0xff, 0xff, 0x00, 0xff, 0xff, 0xff, 0x00, 0xff,
0xff, 0xff, 0x00, 0xff, 0xff, 0xff, 0x00, 0xff, 0xff, 0xff, 0x00, 0xff, 0xff, 0xff, 0x00,
0xff, 0xff, 0xff, 0x00, 0xff, 0xff, 0xff, 0x00, 0xff, 0xff, 0xff, 0x00, 0xff, 0xff, 0xff,
0x00, 0xff, 0xff, 0xff, 0x00, 0xff, 0xff, 0xff, 0x00, 0xff, 0xff, 0xff, 0x00, 0xff, 0xff,
0xff, 0x00, 0xff, 0xff, 0xff, 0x00, 0xff, 0xff, 0xff, 0x00, 0xff, 0xff, 0xff, 0x00, 0xff,
0xff, 0xff, 0x00, 0xff, 0xff, 0xff, 0x00, 0xff, 0xff, 0xff, 0x00, 0xff, 0xff, 0xff, 0x00,
0xff, 0xff, 0xff, 0x00, 0xff, 0xff, 0xff, 0x00, 0xff, 0xff, 0xff, 0x00, 0xff, 0xff, 0xff,
0x00, 0xff, 0xff, 0xff, 0x00, 0xff, 0xff, 0xff, 0x00, 0xff, 0xff, 0xff, 0x00, 0xff, 0xff,
0xff, 0x00, 0xff, 0xff, 0xff, 0x00, 0xff, 0xff, 0xff, 0x00, 0xff, 0xff, 0xff, 0x00, 0xff,
0xff, 0xff, 0x00, 0xff, 0xff, 0xff, 0x00, 0xff, 0xff, 0xff, 0x00, 0xff, 0xff, 0xff, 0x00,
0xff, 0xff, 0xff, 0x00, 0xff, 0xff, 0xff, 0x00, 0xff, 0xff, 0xff, 0x00, 0xff, 0xff, 0xff,
0x00, 0xff, 0xff, 0xff, 0x00, 0xff, 0xff, 0xff, 0x00, 0xff, 0xff, 0xff, 0x00, 0xff, 0xff,
0xff, 0x00, 0xff, 0xff, 0xff, 0x00, 0xff, 0xff, 0xff, 0x00, 0xff, 0xff, 0xff, 0x00, 0xff,
0xff, 0xff, 0x00, 0xff, 0xff, 0xff, 0x00, 0xff, 0xff, 0xff, 0x00, 0xff, 0xff, 0xff, 0x00,
0xff, 0xff, 0xff, 0x00, 0xff, 0xff, 0xff, 0x00, 0xff, 0xff, 0xff, 0x00, 0xff, 0xff, 0xff,
0x00, 0xff, 0xff, 0xff, 0x00, 0xff, 0xff, 0xff, 0x00, 0xff, 0xff, 0xff, 0x00, 0xff, 0xff,
0xff, 0x00, 0xff, 0xff, 0xff, 0x00, 0xff, 0xff, 0xff, 0x00, 0xff, 0xff, 0xff, 0x00, 0xff,
0xff, 0xff, 0x00, 0xff, 0xff, 0xff, 0x00, 0xff, 0xff, 0xff, 0x00, 0xff, 0xff, 0xff, 0x00,
0xff, 0xff, 0xff, 0x00, 0xff, 0xff, 0xff, 0x00, 0xff, 0xff, 0xff, 0x00, 0xff, 0xff, 0xff,
0x00, 0xff, 0xff, 0xff, 0x00, 0xff, 0xff, 0xff, 0x00, 0xff, 0xff, 0xff, 0x00, 0xff, 0xff,
0xff, 0x00, 0xff, 0xff, 0xff, 0x00, 0xff, 0xff, 0xff, 0x00, 0xff, 0xff, 0xff, 0x00, 0xff,
0xff, 0xff, 0x00, 0xff, 0xff, 0xff, 0x00, 0xff, 0xff, 0xff, 0x00, 0xff, 0xff, 0xff, 0x00,
0xff, 0xff, 0xff, 0x00, 0xff, 0xff, 0xff, 0x00, 0xff, 0xff, 0xff, 0x00, 0xff, 0xff, 0xff,
0x00, 0xff, 0xff, 0xff, 0x00, 0xff, 0xff, 0xff, 0x00, 0xff, 0xff, 0xff, 0x00, 0xff, 0xff,
0xff, 0x00, 0xff, 0xff, 0xff, 0x00, 0xff, 0xff, 0xff, 0x00, 0xff, 0xff, 0xff, 0x00, 0xff,
0xff, 0xff, 0x00, 0xff, 0xff, 0xff, 0x00, 0xff, 0xff, 0xff, 0x00, 0xff, 0xff, 0xff, 0x00,
0xff, 0xff, 0xff, 0x00, 0xff, 0xff, 0xff, 0x00, 0xff, 0xff, 0xff, 0x00, 0xff, 0xff, 0xff,
0x00, 0xff, 0xff, 0xff, 0x00, 0xff, 0xff, 0xff, 0x00, 0xff, 0xff, 0xff, 0x00, 0xff, 0xff,
0xff, 0x00, 0xff, 0xff, 0xff, 0x00, 0xff, 0xff, 0xff, 0x00, 0xff, 0xff, 0xff, 0x00, 0xff,
0xff, 0xff, 0x00, 0xff, 0xff, 0xff, 0x00, 0xff, 0xff, 0xff, 0x00, 0xff, 0xff, 0xff, 0x00,
0xff, 0xff, 0xff, 0x00, 0xff, 0xff, 0xff, 0x00, 0xff, 0xff, 0xff, 0x00, 0xff, 0xff, 0xff,
0x00, 0xff, 0xff, 0xff, 0x00, 0xff, 0xff, 0xff, 0x00, 0xff, 0xff, 0xff, 0x00, 0xff, 0xff,
0xff, 0x00, 0xff, 0xff, 0xff, 0x00, 0xff, 0xff, 0xff, 0x00, 0xff, 0xff, 0xff, 0x00, 0xff,
0xff, 0xff, 0x00, 0xff, 0xff, 0xff, 0x00, 0xff, 0xff, 0xff, 0x00, 0xff, 0xff, 0xff, 0x00,
0xff, 0xff, 0xff, 0x00, 0xff, 0xff, 0xff, 0x00, 0xff, 0xff, 0xff, 0x00, 0xff, 0xff, 0xff,
0x00, 0xff, 0xff, 0xff, 0x00, 0xff, 0xff, 0xff, 0x00, 0xff, 0xff, 0xff, 0x00, 0xff, 0xff,
0xff, 0x00, 0xff, 0xff, 0xff, 0x00, 0xff, 0xff, 0xff, 0x00, 0xff, 0xff, 0xff, 0x00, 0xff,
0xff, 0xff, 0x00, 0xff, 0xff, 0xff, 0x00, 0xff, 0xff, 0xff, 0x00, 0xff, 0xff, 0xff, 0x00,
0xff, 0xff, 0xff, 0x00, 0xff, 0xff, 0xff, 0x00, 0xff, 0xff, 0xff, 0x00, 0xff, 0xff, 0xff,
0x00, 0xff, 0xff, 0xff, 0x00, 0xff, 0xff, 0xff, 0x00, 0xff, 0xff, 0xff, 0x00, 0xff, 0xff,
0xff, 0x00, 0xff, 0xff, 0xff, 0x00, 0xff, 0xff, 0xff, 0x00, 0xff, 0xff, 0xff, 0x00, 0xff,
0xff, 0xff, 0x00, 0xff, 0xff, 0xff, 0x00, 0xff, 0xff, 0xff, 0x00, 0xff, 0xff, 0xff, 0x00,
0xff, 0xff, 0xff, 0x00, 0xff, 0xff, 0xff, 0x00, 0xff, 0xff, 0xff, 0x00, 0xff, 0xff, 0xff,
0x00, 0xff, 0xff, 0xff, 0x00, 0xff, 0xff, 0xff, 0x00, 0xff, 0xff, 0xff, 0x00, 0xff, 0xff,
0xff, 0x00, 0xff, 0xff, 0xff, 0x00, 0xff, 0xff, 0xff, 0x00, 0xff, 0xff, 0xff, 0x00, 0xff,
0xff, 0xff, 0x00, 0xff, 0xff, 0xff, 0x00, 0xff, 0xff, 0xff, 0x00, 0xff, 0xff, 0xff, 0x00,
0xff, 0xff, 0xff, 0x00, 0xff, 0xff, 0xff, 0x00, 0xff, 0xff, 0xff, 0x00, 0xff, 0xff, 0xff,
0x00, 0xff, 0xff, 0xff, 0x00, 0xff, 0xff, 0xff, 0x00, 0xff, 0xff, 0xff, 0x00, 0xff, 0xff,
0xff, 0x00, 0xff, 0xff, 0xff, 0x00, 0xff, 0xff, 0xff, 0x00, 0xff, 0xff, 0xff, 0x00, 0xff,
0xff, 0xff, 0x00, 0xff, 0xff, 0xff, 0x00, 0xff, 0xff, 0xff, 0x00, 0xff, 0xff, 0xff, 0x00,
0xff, 0xff, 0xff, 0x00, 0xff, 0xff, 0xff, 0x00, 0xff, 0xff, 0xff, 0x00, 0xff, 0xff, 0xff,
0x00, 0xff, 0xff, 0xff, 0x00, 0xff, 0xff, 0xff, 0x00, 0xff, 0xff, 0xff, 0x00, 0xff, 0xff,
0xff, 0x00, 0xff, 0xff, 0xff, 0x00, 0xff, 0xff, 0xff, 0x00, 0xff, 0xff, 0xff, 0x00, 0xff,
0xff, 0xff, 0x00, 0xff, 0xff, 0xff, 0x00, 0xff, 0xff, 0xff, 0x00, 0xff, 0xff, 0xff, 0x00,
0xff, 0xff, 0xff, 0x00, 0xff, 0xff, 0xff, 0x00, 0xff, 0xff, 0xff, 0x00, 0xff, 0xff, 0xff,
0x00, 0xff, 0xff, 0xff, 0x00, 0xff, 0xff, 0xff, 0x00, 0xff, 0xff, 0xff, 0x00, 0xff, 0xff,
0xff, 0x00, 0xff, 0xff, 0xff, 0x00, 0xff, 0xff, 0xff, 0x00, 0xff, 0xff, 0xff, 0x00, 0xff,
0xff, 0xff, 0x00, 0xff, 0xff, 0xff, 0x00, 0xff, 0xff, 0xff, 0x00, 0xff, 0xff, 0xff, 0x00,
0xff, 0xff, 0xff, 0x00, 0xff, 0xff, 0xff, 0x00, 0xff, 0xff, 0xff, 0x00, 0xff, 0xff, 0xff,
0x00, 0xff, 0xff, 0xff, 0x00, 0xff, 0xff, 0xff, 0x00, 0xff, 0xff, 0xff, 0x00, 0xff, 0xff,
0xff, 0x00, 0xff, 0xff, 0xff, 0x00, 0xff, 0xff, 0xff, 0x00, 0xff, 0xff, 0xff, 0x00, 0xff,
0xff, 0xff, 0x00, 0xff, 0xff, 0xff, 0x00, 0xff, 0xff, 0xff, 0x00, 0xff, 0xff, 0xff, 0x00,
0xff, 0xff, 0xff, 0x00, 0xff, 0xff, 0xff, 0x00, 0xff, 0xff, 0xff, 0x00, 0xff, 0xff, 0xff,
0x00, 0xff, 0xff, 0xff, 0x00, 0xff, 0xff, 0xff, 0x00, 0xff, 0xff, 0xff, 0x00, 0xff, 0xff,
0xff, 0x00, 0xff, 0xff, 0xff, 0x00, 0xff, 0xff, 0xff, 0x00, 0xff, 0xff, 0xff, 0x00, 0xff,
0xff, 0xff, 0x00, 0xff, 0xff, 0xff, 0x00, 0xff, 0xff, 0xff, 0x00, 0xff, 0xff, 0xff, 0x00,
0xff, 0xff, 0xff, 0x00, 0xff, 0xff, 0xff, 0x00, 0xff, 0xff, 0xff, 0x00, 0xff, 0xff, 0xff,
0x00, 0xff, 0xff, 0xff, 0x00, 0xff, 0xff, 0xff, 0x00, 0xff, 0xff, 0xff, 0x00, 0xff, 0xff,
0xff, 0x00, 0xff, 0xff, 0xff, 0x00, 0xff, 0xff, 0xff, 0x00, 0xff, 0xff, 0xff, 0x00, 0xff,
0xff, 0xff, 0x00, 0xff, 0xff, 0xff, 0x00, 0xff, 0xff, 0xff, 0x00, 0xff, 0xff, 0xff, 0x00,
0xff, 0xff, 0xff, 0x00, 0xff, 0xff, 0xff, 0x00, 0xff, 0xff, 0xff, 0x00, 0xff, 0xff, 0xff,
0x00, 0xff, 0xff, 0xff, 0x00, 0xff, 0xff, 0xff, 0x00, 0xff, 0xff, 0xff, 0x00, 0xff, 0xff,
0xff, 0x00, 0xff, 0xff, 0xff, 0x00, 0xff, 0xff, 0xff, 0x00, 0xff, 0xff, 0xff, 0x00, 0xff,
0xff, 0xff, 0x00, 0xff, 0xff, 0xff, 0x00, 0xff, 0xff, 0xff, 0x00, 0xff, 0xff, 0xff, 0x00,
0xff, 0xff, 0xff, 0x00, 0xff, 0xff, 0xff, 0x00, 0xff, 0xff, 0xff, 0x00, 0xff, 0xff, 0xff,
0x00, 0xff, 0xff, 0xff, 0x00, 0xff, 0xff, 0xff, 0x00, 0xff, 0xff, 0xff, 0x00, 0xff, 0xff,
0xff, 0x00, 0xff, 0xff, 0xff, 0x00, 0xff, 0xff, 0xff, 0x00, 0xff, 0xff, 0xff, 0x00, 0xff,
0xff, 0xff, 0x00, 0xff, 0xff, 0xff, 0x00, 0xff, 0xff, 0xff, 0x00, 0xff, 0xff, 0xff, 0x00,
0xff, 0xff, 0xff, 0x00, 0xff, 0xff, 0xff, 0x00, 0xff, 0xff, 0xff, 0x00, 0xff, 0xff, 0xff,
0x00, 0xff, 0xff, 0xff, 0x00, 0xff, 0xff, 0xff, 0x00, 0xff, 0xff, 0xff, 0x00, 0xff, 0xff,
0xff, 0x00, 0xff, 0xff, 0xff, 0x00, 0xff, 0xff, 0xff, 0x00, 0xff, 0xff, 0xff, 0x00, 0xff,
0xff, 0xff, 0x00, 0xff, 0xff, 0xff, 0x00, 0xff, 0xff, 0xff, 0x00, 0xff, 0xff, 0xff, 0x00,
0xff, 0xff, 0xff, 0x00, 0xff, 0xff, 0xff, 0x00, 0xff, 0xff, 0xff, 0x00, 0xff, 0xff, 0xff,
0x00, 0xff, 0xff, 0xff, 0x00, 0xff, 0xff, 0xff, 0x00, 0xff, 0xff, 0xff, 0x00, 0xff, 0xff,
0xff, 0x00, 0xff, 0xff, 0xff, 0x00, 0xff, 0xff, 0xff, 0x00, 0xff, 0xff, 0xff, 0x00, 0xff,
0xff, 0xff, 0x00, 0xff, 0xff, 0xff, 0x00, 0xff, 0xff, 0xff, 0x00, 0xff, 0xff, 0xff, 0x00,
0xff, 0xff, 0xff, 0x00, 0xff, 0xff, 0xff, 0x00, 0xff, 0xff, 0xff, 0x00, 0xff, 0xff, 0xff,
0x00, 0xff, 0xff, 0xff, 0x00, 0xff, 0xff, 0xff, 0x00, 0xff, 0xff, 0xff, 0x00, 0xff, 0xff,
0xff, 0x00, 0xff, 0xff, 0xff, 0x00, 0xff, 0xff, 0xff, 0x00, 0xff, 0xff, 0xff, 0x00, 0xff,
0xff, 0xff, 0x00, 0xff, 0xff, 0xff, 0x00, 0xff, 0xff, 0xff, 0x00, 0xff, 0xff, 0xff, 0x00,
0xff, 0xff, 0xff, 0x00, 0xff, 0xff, 0xff, 0x00, 0xff, 0xff, 0xff, 0x00, 0xff, 0xff, 0xff,
0x00, 0xff, 0xff, 0xff, 0x00, 0xff, 0xff, 0xff, 0x00, 0xff, 0xff, 0xff, 0x00, 0xff, 0xff,
0xff, 0x00, 0xff, 0xff, 0xff, 0x00, 0xff, 0xff, 0xff, 0x00, 0xff, 0xff, 0xff, 0x00, 0xff,
0xff, 0xff, 0x00, 0xff, 0xff, 0xff, 0x00, 0xff, 0xff, 0xff, 0x00, 0xff, 0xff, 0xff, 0x00,
0xff, 0xff, 0xff, 0x00, 0xff, 0xff, 0xff, 0x00, 0xff, 0xff, 0xff, 0x00, 0xff, 0xff, 0xff,
0x00, 0xff, 0xff, 0xff, 0x00, 0xff, 0xff, 0xff, 0x00, 0xff, 0xff, 0xff, 0x00, 0xff, 0xff,
0xff, 0x00, 0xff, 0xff, 0xff, 0x00, 0xff, 0xff, 0xff, 0x00, 0xff, 0xff, 0xff, 0x00, 0xff,
0xff, 0xff, 0x00, 0xff, 0xff, 0xff, 0x00, 0xff, 0xff, 0xff, 0x00, 0xff, 0xff, 0xff, 0x00,
0xff, 0xff, 0xff, 0x00, 0xff, 0xff, 0xff, 0x00, 0xff, 0xff, 0xff, 0x00, 0xff, 0xff, 0xff,
0x00, 0xff, 0xff, 0xff, 0x00, 0xff, 0xff, 0xff, 0x00, 0xff, 0xff, 0xff, 0x00, 0xff, 0xff,
0xff, 0x00, 0xff, 0xff, 0xff, 0x00, 0xff, 0xff, 0xff, 0x00, 0xff, 0xff, 0xff, 0x00, 0xff,
0xff, 0xff, 0x00, 0xff, 0xff, 0xff, 0x00, 0xff, 0xff, 0xff, 0x00, 0xff, 0xff, 0xff, 0x00,
0xff, 0xff, 0xff, 0x00, 0xff, 0xff, 0xff, 0x00, 0xff, 0xff, 0xff, 0x00, 0xff, 0xff, 0xff,
0x00, 0xff, 0xff, 0xff, 0x00, 0xff, 0xff, 0xff, 0x00, 0xff, 0xff, 0xff, 0x00, 0xff, 0xff,
0xff, 0x00, 0xff, 0xff, 0xff, 0x00, 0xff, 0xff, 0xff, 0x00, 0xff, 0xff, 0xff, 0x00, 0xff,
0xff, 0xff, 0x00, 0xff, 0xff, 0xff, 0x00, 0xff, 0xff, 0xff, 0x00, 0xff, 0xff, 0xff, 0x00,
0xff, 0xff, 0xff, 0x00, 0xff, 0xff, 0xff, 0x00, 0xff, 0xff, 0xff, 0x00, 0xff, 0xff, 0xff,
0x00, 0xff, 0xff, 0xff, 0x00, 0xff, 0xff, 0xff, 0x00, 0xff, 0xff, 0xff, 0x00, 0xff, 0xff,
0xff, 0x00, 0xff, 0xff, 0xff, 0x00, 0xff, 0xff, 0xff, 0x00, 0xff, 0xff, 0xff, 0x00, 0xff,
0xff, 0xff, 0x00, 0xff, 0xff, 0xff, 0x00, 0xff, 0xff, 0xff, 0x00, 0xff, 0xff, 0xff, 0x00,
0xff, 0xff, 0xff, 0x00, 0xff, 0xff, 0xff, 0x00, 0xff, 0xff, 0xff, 0x00, 0xff, 0xff, 0xff,
0x00, 0xff, 0xff, 0xff, 0x00, 0xff, 0xff, 0xff, 0x00, 0xff, 0xff, 0xff, 0x00, 0xff, 0xff,
0xff, 0x00, 0xff, 0xff, 0xff, 0x00, 0xff, 0xff, 0xff, 0x00, 0xff, 0xff, 0xff, 0x00, 0xff,
0xff, 0xff, 0x00, 0xff, 0xff, 0xff, 0x00, 0xff, 0xff, 0xff, 0x00, 0xff, 0xff, 0xff, 0x00,
0xff, 0xff, 0xff, 0x00, 0xff, 0xff, 0xff, 0x00, 0xff, 0xff, 0xff, 0x00, 0xff, 0xff, 0xff,
0x00, 0xff, 0xff, 0xff, 0x00, 0xff, 0xff, 0xff, 0x00, 0xff, 0xff, 0xff, 0x00, 0xff, 0xff,
0xff, 0x00, 0xff, 0xff, 0xff, 0x00, 0xff, 0xff, 0xff, 0x00, 0xff, 0xff, 0xff, 0x00, 0xff,
0xff, 0xff, 0x00, 0xff, 0xff, 0xff, 0x00, 0xff, 0xff, 0xff, 0x00, 0xff, 0xff, 0xff, 0x00,
0xff, 0xff, 0xff, 0x00, 0xff, 0xff, 0xff, 0x00, 0xff, 0xff, 0xff, 0x00, 0xff, 0xff, 0xff,
0x00, 0xff, 0xff, 0xff, 0x00, 0xff, 0xff, 0xff, 0x00, 0xff, 0xff, 0xff, 0x00, 0xff, 0xff,
0xff, 0x00, 0xff, 0xff, 0xff, 0x00, 0xff, 0xff, 0xff, 0x00, 0xff, 0xff, 0xff, 0x00, 0xff,
0xff, 0xff, 0x00, 0xff, 0xff, 0xff, 0x00, 0xff, 0xff, 0xff, 0x00, 0xff, 0xff, 0xff, 0x00,
0xff, 0xff, 0xff, 0x00, 0xff, 0xff, 0xff, 0x00, 0xff, 0xff, 0xff, 0x00, 0xff, 0xff, 0xff,
0x00, 0xff, 0xff, 0xff, 0x00, 0xff, 0xff, 0xff, 0x00, 0xff, 0xff, 0xff, 0x00, 0xff, 0xff,
0xff, 0x00, 0xff, 0xff, 0xff, 0x00, 0xff, 0xff, 0xff, 0x00, 0xff, 0xff, 0xff, 0x00, 0xff,
0xff, 0xff, 0x00, 0xff, 0xff, 0xff, 0x00, 0xff, 0xff, 0xff, 0x00, 0xff, 0xff, 0xff, 0x00,
0xff, 0xff, 0xff, 0x00, 0xff, 0xff, 0xff, 0x00, 0xff, 0xff, 0xff, 0x00, 0xff, 0xff, 0xff,
0x00, 0xff, 0xff, 0xff, 0x00, 0xff, 0xff, 0xff, 0x00, 0xff, 0xff, 0xff, 0x00, 0xff, 0xff,
0xff, 0x00, 0xff, 0xff, 0xff, 0x00, 0xff, 0xff, 0xff, 0x00, 0xff, 0xff, 0xff, 0x00, 0xff,
0xff, 0xff, 0x00, 0xff, 0xff, 0xff, 0x00, 0xff, 0xff, 0xff, 0x00, 0xff, 0xff, 0xff, 0x00,
0xff, 0xff, 0xff, 0x00, 0xff, 0xff, 0xff, 0x00, 0xff, 0xff, 0xff, 0x00, 0xff, 0xff, 0xff,
0x00, 0xff, 0xff, 0xff, 0x00, 0xff, 0xff, 0xff, 0x00, 0xff, 0xff, 0xff, 0x00, 0xff, 0xff,
0xff, 0x00, 0xff, 0xff, 0xff, 0x00, 0xff, 0xff, 0xff, 0x00, 0xff, 0xff, 0xff, 0x00, 0xff,
0xff, 0xff, 0x00, 0xff, 0xff, 0xff, 0x00, 0xff, 0xff, 0xff, 0x00, 0xff, 0xff, 0xff, 0x00,
0xff, 0xff, 0xff, 0x00, 0xff, 0xff, 0xff, 0x00, 0xff, 0xff, 0xff, 0x00, 0xff, 0xff, 0xff,
0x00, 0xff, 0xff, 0xff, 0x00, 0xff, 0xff, 0xff, 0x00, 0xff, 0xff, 0xff, 0x00, 0xff, 0xff,
0xff, 0x00, 0xff, 0xff, 0xff, 0x00, 0xff, 0xff, 0xff, 0x00, 0xff, 0xff, 0xff, 0x00, 0xff,
0xff, 0xff, 0x00, 0xff, 0xff, 0xff, 0x00, 0xff, 0xff, 0xff, 0x00, 0xff, 0xff, 0xff, 0x00,
0xff, 0xff, 0xff, 0x00, 0xff, 0xff, 0xff, 0x00, 0xff, 0xff, 0xff, 0x00, 0xff, 0xff, 0xff,
0x00, 0xff, 0xff, 0xff, 0x00, 0xff, 0xff, 0xff, 0x00, 0xff, 0xff, 0xff, 0x00, 0xff, 0xff,
0xff, 0x00, 0xff, 0xff, 0xff, 0x00, 0xff, 0xff, 0xff, 0x00, 0xff, 0xff, 0xff, 0x00, 0xff,
0xff, 0xff, 0x00, 0xff, 0xff, 0xff, 0x00, 0xff, 0xff, 0xff, 0x00, 0xff, 0xff, 0xff, 0x00,
0xff, 0xff, 0xff, 0x00, 0xff, 0xff, 0xff, 0x00, 0xff, 0xff, 0xff, 0x00, 0xff, 0xff, 0xff,
0x00, 0xff, 0xff, 0xff, 0x00, 0xff, 0xff, 0xff, 0x00, 0xff, 0xff, 0xff, 0x00, 0xff, 0xff,
0xff, 0x00, 0xff, 0xff, 0xff, 0x00, 0xff, 0xff, 0xff, 0x00, 0xff, 0xff, 0xff, 0x00, 0xff,
0xff, 0xff, 0x00, 0xff, 0xff, 0xff, 0x00, 0xff, 0xff, 0xff, 0x00, 0xff, 0xff, 0xff, 0x00,
0xff, 0xff, 0xff, 0x00, 0xff, 0xff, 0xff, 0x00, 0xff, 0xff, 0xff, 0x00, 0xff, 0xff, 0xff,
0x00, 0xff, 0xff, 0xff, 0x00, 0xff, 0xff, 0xff, 0x00, 0xff, 0xff, 0xff, 0x00, 0xff, 0xff,
0xff, 0x00, 0xff, 0xff, 0xff, 0x00, 0xff, 0xff, 0xff, 0x00, 0xff, 0xff, 0xff, 0x00, 0xff,
0xff, 0xff, 0x00, 0xff, 0xff, 0xff, 0x00, 0xff, 0xff, 0xff, 0x00, 0xff, 0xff, 0xff, 0x00,
0xff, 0xff, 0xff, 0x00, 0xff, 0xff, 0xff, 0x00, 0xff, 0xff, 0xff, 0x00, 0xff, 0xff, 0xff,
0x00, 0xff, 0xff, 0xff, 0x00, 0xff, 0xff, 0xff, 0x00, 0xff, 0xff, 0xff, 0x00, 0xff, 0xff,
0xff, 0x00, 0xff, 0xff, 0xff, 0x00, 0xff, 0xff, 0xff, 0x00, 0xff, 0xff, 0xff, 0x00, 0xff,
0xff, 0xff, 0x00, 0xff, 0xff, 0xff, 0x00, 0xff, 0xff, 0xff, 0x00, 0xff, 0xff, 0xff, 0x00,
0xff, 0xff, 0xff, 0x00, 0xff, 0xff, 0xff, 0x00, 0xff, 0xff, 0xff, 0x00, 0xff, 0xff, 0xff,
0x00, 0xff, 0xff, 0xff, 0x00, 0xff, 0xff, 0xff, 0x00, 0xff, 0xff, 0xff, 0x00, 0xff, 0xff,
0xff, 0x00, 0xff, 0xff, 0xff, 0x00, 0xff, 0xff, 0xff, 0x00, 0xff, 0xff, 0xff, 0x00, 0xff,
0xff, 0xff, 0x00, 0xff, 0xff, 0xff, 0x00, 0xff, 0xff, 0xff, 0x00, 0xff, 0xff, 0xff, 0x00,
0xff, 0xff, 0xff, 0x00, 0xff, 0xff, 0xff, 0x00, 0xff, 0xff, 0xff, 0x00, 0xff, 0xff, 0xff,
0x00, 0xff, 0xff, 0xff, 0x00, 0xff, 0xff, 0xff, 0x00, 0xff, 0xff, 0xff, 0x00, 0xff, 0xff,
0xff, 0x00, 0xff, 0xff, 0xff, 0x00, 0xff, 0xff, 0xff, 0x00, 0xff, 0xff, 0xff, 0x00, 0xff,
0xff, 0xff, 0x00, 0xff, 0xff, 0xff, 0x00, 0xff, 0xff, 0xff, 0x00, 0xff, 0xff, 0xff, 0x00,
0xff, 0xff, 0xff, 0x00, 0xff, 0xff, 0xff, 0x00, 0xff, 0xff, 0xff, 0x00, 0xff, 0xff, 0xff,
0x00
};

const int b_07_argb8888_length = 65536;

#endif    // B_07_ARGB8888__
