//*****************************************************************************
//
//! @file b_08_argb8888.h
//
//*****************************************************************************

//*****************************************************************************
//
// ${copyright}
//
// This is part of revision ${version} of the AmbiqSuite Development Package.
//
//*****************************************************************************

#ifndef B_08_ARGB8888__
#define B_08_ARGB8888__


const unsigned char b_08_argb8888[] = {
0xff, 0xff, 0xff, 0x00, 0xff, 0xff, 0xff, 0x00, 0xff, 0xff, 0xff, 0x00, 0xff, 0xff, 0xff,
0x00, 0xff, 0xff, 0xff, 0x00, 0xff, 0xff, 0xff, 0x00, 0xff, 0xff, 0xff, 0x00, 0xff, 0xff,
0xff, 0x00, 0xff, 0xff, 0xff, 0x00, 0xff, 0xff, 0xff, 0x00, 0xff, 0xff, 0xff, 0x00, 0xff,
0xff, 0xff, 0x00, 0xff, 0xff, 0xff, 0x00, 0xff, 0xff, 0xff, 0x00, 0xff, 0xff, 0xff, 0x00,
0xff, 0xff, 0xff, 0x00, 0xff, 0xff, 0xff, 0x00, 0xff, 0xff, 0xff, 0x00, 0xff, 0xff, 0xff,
0x00, 0xff, 0xff, 0xff, 0x00, 0xff, 0xff, 0xff, 0x00, 0xff, 0xff, 0xff, 0x00, 0xff, 0xff,
0xff, 0x00, 0xff, 0xff, 0xff, 0x00, 0xff, 0xff, 0xff, 0x00, 0xff, 0xff, 0xff, 0x00, 0xff,
0xff, 0xff, 0x00, 0xff, 0xff, 0xff, 0x00, 0xff, 0xff, 0xff, 0x00, 0xff, 0xff, 0xff, 0x00,
0xff, 0xff, 0xff, 0x00, 0xff, 0xff, 0xff, 0x00, 0xff, 0xff, 0xff, 0x00, 0xff, 0xff, 0xff,
0x00, 0xff, 0xff, 0xff, 0x00, 0xff, 0xff, 0xff, 0x00, 0xff, 0xff, 0xff, 0x00, 0xff, 0xff,
0xff, 0x00, 0xff, 0xff, 0xff, 0x00, 0xff, 0xff, 0xff, 0x00, 0xff, 0xff, 0xff, 0x00, 0xff,
0xff, 0xff, 0x00, 0xff, 0xff, 0xff, 0x00, 0xff, 0xff, 0xff, 0x00, 0xff, 0xff, 0xff, 0x00,
0xff, 0xff, 0xff, 0x00, 0xff, 0xff, 0xff, 0x00, 0xff, 0xff, 0xff, 0x00, 0xff, 0xff, 0xff,
0x00, 0xff, 0xff, 0xff, 0x00, 0xff, 0xff, 0xff, 0x00, 0xff, 0xff, 0xff, 0x00, 0xff, 0xff,
0xff, 0x00, 0xff, 0xff, 0xff, 0x00, 0xff, 0xff, 0xff, 0x00, 0xff, 0xff, 0xff, 0x00, 0xff,
0xff, 0xff, 0x00, 0xff, 0xff, 0xff, 0x00, 0xff, 0xff, 0xff, 0x00, 0xff, 0xff, 0xff, 0x00,
0xff, 0xff, 0xff, 0x00, 0xff, 0xff, 0xff, 0x00, 0xff, 0xff, 0xff, 0x00, 0xff, 0xff, 0xff,
0x00, 0xff, 0xff, 0xff, 0x00, 0xff, 0xff, 0xff, 0x00, 0xff, 0xff, 0xff, 0x00, 0xff, 0xff,
0xff, 0x00, 0xff, 0xff, 0xff, 0x00, 0xff, 0xff, 0xff, 0x00, 0xff, 0xff, 0xff, 0x00, 0xff,
0xff, 0xff, 0x00, 0xff, 0xff, 0xff, 0x00, 0xff, 0xff, 0xff, 0x00, 0xff, 0xff, 0xff, 0x00,
0xff, 0xff, 0xff, 0x00, 0xff, 0xff, 0xff, 0x00, 0xff, 0xff, 0xff, 0x00, 0xff, 0xff, 0xff,
0x00, 0xff, 0xff, 0xff, 0x00, 0xff, 0xff, 0xff, 0x00, 0xff, 0xff, 0xff, 0x00, 0xff, 0xff,
0xff, 0x00, 0xff, 0xff, 0xff, 0x00, 0xff, 0xff, 0xff, 0x00, 0xff, 0xff, 0xff, 0x00, 0xff,
0xff, 0xff, 0x00, 0xff, 0xff, 0xff, 0x00, 0xff, 0xff, 0xff, 0x00, 0xff, 0xff, 0xff, 0x00,
0xff, 0xff, 0xff, 0x00, 0xff, 0xff, 0xff, 0x00, 0xff, 0xff, 0xff, 0x00, 0xff, 0xff, 0xff,
0x00, 0xff, 0xff, 0xff, 0x00, 0xff, 0xff, 0xff, 0x00, 0xff, 0xff, 0xff, 0x00, 0xff, 0xff,
0xff, 0x00, 0xff, 0xff, 0xff, 0x00, 0xff, 0xff, 0xff, 0x00, 0xff, 0xff, 0xff, 0x00, 0xff,
0xff, 0xff, 0x00, 0xff, 0xff, 0xff, 0x00, 0xff, 0xff, 0xff, 0x00, 0xff, 0xff, 0xff, 0x00,
0xff, 0xff, 0xff, 0x00, 0xff, 0xff, 0xff, 0x00, 0xff, 0xff, 0xff, 0x00, 0xff, 0xff, 0xff,
0x00, 0xff, 0xff, 0xff, 0x00, 0xff, 0xff, 0xff, 0x00, 0xff, 0xff, 0xff, 0x00, 0xff, 0xff,
0xff, 0x00, 0xff, 0xff, 0xff, 0x00, 0xff, 0xff, 0xff, 0x00, 0xff, 0xff, 0xff, 0x00, 0xff,
0xff, 0xff, 0x00, 0xff, 0xff, 0xff, 0x00, 0xff, 0xff, 0xff, 0x00, 0xff, 0xff, 0xff, 0x00,
0xff, 0xff, 0xff, 0x00, 0xff, 0xff, 0xff, 0x00, 0xff, 0xff, 0xff, 0x00, 0xff, 0xff, 0xff,
0x00, 0xff, 0xff, 0xff, 0x00, 0xff, 0xff, 0xff, 0x00, 0xff, 0xff, 0xff, 0x00, 0xff, 0xff,
0xff, 0x00, 0xff, 0xff, 0xff, 0x00, 0xff, 0xff, 0xff, 0x00, 0xff, 0xff, 0xff, 0x00, 0xff,
0xff, 0xff, 0x00, 0xff, 0xff, 0xff, 0x00, 0xff, 0xff, 0xff, 0x00, 0xff, 0xff, 0xff, 0x00,
0xff, 0xff, 0xff, 0x00, 0xff, 0xff, 0xff, 0x00, 0xff, 0xff, 0xff, 0x00, 0xff, 0xff, 0xff,
0x00, 0xff, 0xff, 0xff, 0x00, 0xff, 0xff, 0xff, 0x00, 0xff, 0xff, 0xff, 0x00, 0xff, 0xff,
0xff, 0x00, 0xff, 0xff, 0xff, 0x00, 0xff, 0xff, 0xff, 0x00, 0xff, 0xff, 0xff, 0x00, 0xff,
0xff, 0xff, 0x00, 0xff, 0xff, 0xff, 0x00, 0xff, 0xff, 0xff, 0x00, 0xff, 0xff, 0xff, 0x00,
0xff, 0xff, 0xff, 0x00, 0xff, 0xff, 0xff, 0x00, 0xff, 0xff, 0xff, 0x00, 0xff, 0xff, 0xff,
0x00, 0xff, 0xff, 0xff, 0x00, 0xff, 0xff, 0xff, 0x00, 0xff, 0xff, 0xff, 0x00, 0xff, 0xff,
0xff, 0x00, 0xff, 0xff, 0xff, 0x00, 0xff, 0xff, 0xff, 0x00, 0xff, 0xff, 0xff, 0x00, 0xff,
0xff, 0xff, 0x00, 0xff, 0xff, 0xff, 0x00, 0xff, 0xff, 0xff, 0x00, 0xff, 0xff, 0xff, 0x00,
0xff, 0xff, 0xff, 0x00, 0xff, 0xff, 0xff, 0x00, 0xff, 0xff, 0xff, 0x00, 0xff, 0xff, 0xff,
0x00, 0xff, 0xff, 0xff, 0x00, 0xff, 0xff, 0xff, 0x00, 0xff, 0xff, 0xff, 0x00, 0xff, 0xff,
0xff, 0x00, 0xff, 0xff, 0xff, 0x00, 0xff, 0xff, 0xff, 0x00, 0xff, 0xff, 0xff, 0x00, 0xff,
0xff, 0xff, 0x00, 0xff, 0xff, 0xff, 0x00, 0xff, 0xff, 0xff, 0x00, 0xff, 0xff, 0xff, 0x00,
0xff, 0xff, 0xff, 0x00, 0xff, 0xff, 0xff, 0x00, 0xff, 0xff, 0xff, 0x00, 0xff, 0xff, 0xff,
0x00, 0xff, 0xff, 0xff, 0x00, 0xff, 0xff, 0xff, 0x00, 0xff, 0xff, 0xff, 0x00, 0xff, 0xff,
0xff, 0x00, 0xff, 0xff, 0xff, 0x00, 0xff, 0xff, 0xff, 0x00, 0xff, 0xff, 0xff, 0x00, 0xff,
0xff, 0xff, 0x00, 0xff, 0xff, 0xff, 0x00, 0xff, 0xff, 0xff, 0x00, 0xff, 0xff, 0xff, 0x00,
0xff, 0xff, 0xff, 0x00, 0xff, 0xff, 0xff, 0x00, 0xff, 0xff, 0xff, 0x00, 0xff, 0xff, 0xff,
0x00, 0xff, 0xff, 0xff, 0x00, 0xff, 0xff, 0xff, 0x00, 0xff, 0xff, 0xff, 0x00, 0xff, 0xff,
0xff, 0x00, 0xff, 0xff, 0xff, 0x00, 0xff, 0xff, 0xff, 0x00, 0xff, 0xff, 0xff, 0x00, 0xff,
0xff, 0xff, 0x00, 0xff, 0xff, 0xff, 0x00, 0xff, 0xff, 0xff, 0x00, 0xff, 0xff, 0xff, 0x00,
0xff, 0xff, 0xff, 0x00, 0xff, 0xff, 0xff, 0x00, 0xff, 0xff, 0xff, 0x00, 0xff, 0xff, 0xff,
0x00, 0xff, 0xff, 0xff, 0x00, 0xff, 0xff, 0xff, 0x00, 0xff, 0xff, 0xff, 0x00, 0xff, 0xff,
0xff, 0x00, 0xff, 0xff, 0xff, 0x00, 0xff, 0xff, 0xff, 0x00, 0xff, 0xff, 0xff, 0x00, 0xff,
0xff, 0xff, 0x00, 0xff, 0xff, 0xff, 0x00, 0xff, 0xff, 0xff, 0x00, 0xff, 0xff, 0xff, 0x00,
0xff, 0xff, 0xff, 0x00, 0xff, 0xff, 0xff, 0x00, 0xff, 0xff, 0xff, 0x00, 0xff, 0xff, 0xff,
0x00, 0xff, 0xff, 0xff, 0x00, 0xff, 0xff, 0xff, 0x00, 0xff, 0xff, 0xff, 0x00, 0xff, 0xff,
0xff, 0x00, 0xff, 0xff, 0xff, 0x00, 0xff, 0xff, 0xff, 0x00, 0xff, 0xff, 0xff, 0x00, 0xff,
0xff, 0xff, 0x00, 0xff, 0xff, 0xff, 0x00, 0xff, 0xff, 0xff, 0x00, 0xff, 0xff, 0xff, 0x00,
0xff, 0xff, 0xff, 0x00, 0xff, 0xff, 0xff, 0x00, 0xff, 0xff, 0xff, 0x00, 0xff, 0xff, 0xff,
0x00, 0xff, 0xff, 0xff, 0x00, 0xff, 0xff, 0xff, 0x00, 0xff, 0xff, 0xff, 0x00, 0xff, 0xff,
0xff, 0x00, 0xff, 0xff, 0xff, 0x00, 0xff, 0xff, 0xff, 0x00, 0xff, 0xff, 0xff, 0x00, 0xff,
0xff, 0xff, 0x00, 0xff, 0xff, 0xff, 0x00, 0xff, 0xff, 0xff, 0x00, 0xff, 0xff, 0xff, 0x00,
0xff, 0xff, 0xff, 0x00, 0xff, 0xff, 0xff, 0x00, 0xff, 0xff, 0xff, 0x00, 0xff, 0xff, 0xff,
0x00, 0xff, 0xff, 0xff, 0x00, 0xff, 0xff, 0xff, 0x00, 0xff, 0xff, 0xff, 0x00, 0xff, 0xff,
0xff, 0x00, 0xff, 0xff, 0xff, 0x00, 0xff, 0xff, 0xff, 0x00, 0xff, 0xff, 0xff, 0x00, 0xff,
0xff, 0xff, 0x00, 0xff, 0xff, 0xff, 0x00, 0xff, 0xff, 0xff, 0x00, 0xff, 0xff, 0xff, 0x00,
0xff, 0xff, 0xff, 0x00, 0xff, 0xff, 0xff, 0x00, 0xff, 0xff, 0xff, 0x00, 0xff, 0xff, 0xff,
0x00, 0xff, 0xff, 0xff, 0x00, 0xff, 0xff, 0xff, 0x00, 0xff, 0xff, 0xff, 0x00, 0xff, 0xff,
0xff, 0x00, 0xff, 0xff, 0xff, 0x00, 0xff, 0xff, 0xff, 0x00, 0xff, 0xff, 0xff, 0x00, 0xff,
0xff, 0xff, 0x00, 0xff, 0xff, 0xff, 0x00, 0xff, 0xff, 0xff, 0x00, 0xff, 0xff, 0xff, 0x00,
0xff, 0xff, 0xff, 0x00, 0xff, 0xff, 0xff, 0x00, 0xff, 0xff, 0xff, 0x00, 0xff, 0xff, 0xff,
0x00, 0xff, 0xff, 0xff, 0x00, 0xff, 0xff, 0xff, 0x00, 0xff, 0xff, 0xff, 0x00, 0xff, 0xff,
0xff, 0x00, 0xff, 0xff, 0xff, 0x00, 0xff, 0xff, 0xff, 0x00, 0xff, 0xff, 0xff, 0x00, 0xff,
0xff, 0xff, 0x00, 0xff, 0xff, 0xff, 0x00, 0xff, 0xff, 0xff, 0x00, 0xff, 0xff, 0xff, 0x00,
0xff, 0xff, 0xff, 0x00, 0xff, 0xff, 0xff, 0x00, 0xff, 0xff, 0xff, 0x00, 0xff, 0xff, 0xff,
0x00, 0xff, 0xff, 0xff, 0x00, 0xff, 0xff, 0xff, 0x00, 0xff, 0xff, 0xff, 0x00, 0xff, 0xff,
0xff, 0x00, 0xff, 0xff, 0xff, 0x00, 0xff, 0xff, 0xff, 0x00, 0xff, 0xff, 0xff, 0x00, 0xff,
0xff, 0xff, 0x00, 0xff, 0xff, 0xff, 0x00, 0xff, 0xff, 0xff, 0x00, 0xff, 0xff, 0xff, 0x00,
0xff, 0xff, 0xff, 0x00, 0xff, 0xff, 0xff, 0x00, 0xff, 0xff, 0xff, 0x00, 0xff, 0xff, 0xff,
0x00, 0xff, 0xff, 0xff, 0x00, 0xff, 0xff, 0xff, 0x00, 0xff, 0xff, 0xff, 0x00, 0xff, 0xff,
0xff, 0x00, 0xff, 0xff, 0xff, 0x00, 0xff, 0xff, 0xff, 0x00, 0xff, 0xff, 0xff, 0x00, 0xff,
0xff, 0xff, 0x00, 0xff, 0xff, 0xff, 0x00, 0xff, 0xff, 0xff, 0x00, 0xff, 0xff, 0xff, 0x00,
0xff, 0xff, 0xff, 0x00, 0xff, 0xff, 0xff, 0x00, 0xff, 0xff, 0xff, 0x00, 0xff, 0xff, 0xff,
0x00, 0xff, 0xff, 0xff, 0x00, 0xff, 0xff, 0xff, 0x00, 0xff, 0xff, 0xff, 0x00, 0xff, 0xff,
0xff, 0x00, 0xff, 0xff, 0xff, 0x00, 0xff, 0xff, 0xff, 0x00, 0xff, 0xff, 0xff, 0x00, 0xff,
0xff, 0xff, 0x00, 0xff, 0xff, 0xff, 0x00, 0xff, 0xff, 0xff, 0x00, 0xff, 0xff, 0xff, 0x00,
0xff, 0xff, 0xff, 0x00, 0xff, 0xff, 0xff, 0x00, 0xff, 0xff, 0xff, 0x00, 0xff, 0xff, 0xff,
0x00, 0xff, 0xff, 0xff, 0x00, 0xff, 0xff, 0xff, 0x00, 0xff, 0xff, 0xff, 0x00, 0xff, 0xff,
0xff, 0x00, 0xff, 0xff, 0xff, 0x00, 0xff, 0xff, 0xff, 0x00, 0xff, 0xff, 0xff, 0x00, 0xff,
0xff, 0xff, 0x00, 0xff, 0xff, 0xff, 0x00, 0xff, 0xff, 0xff, 0x00, 0xff, 0xff, 0xff, 0x00,
0xff, 0xff, 0xff, 0x00, 0xff, 0xff, 0xff, 0x00, 0xff, 0xff, 0xff, 0x00, 0xff, 0xff, 0xff,
0x00, 0xff, 0xff, 0xff, 0x00, 0xff, 0xff, 0xff, 0x00, 0xff, 0xff, 0xff, 0x00, 0xff, 0xff,
0xff, 0x00, 0xff, 0xff, 0xff, 0x00, 0xff, 0xff, 0xff, 0x00, 0xff, 0xff, 0xff, 0x00, 0xff,
0xff, 0xff, 0x00, 0xff, 0xff, 0xff, 0x00, 0xff, 0xff, 0xff, 0x00, 0xff, 0xff, 0xff, 0x00,
0xff, 0xff, 0xff, 0x00, 0xff, 0xff, 0xff, 0x00, 0xff, 0xff, 0xff, 0x00, 0xff, 0xff, 0xff,
0x00, 0xff, 0xff, 0xff, 0x00, 0xff, 0xff, 0xff, 0x00, 0xff, 0xff, 0xff, 0x00, 0xff, 0xff,
0xff, 0x00, 0xff, 0xff, 0xff, 0x00, 0xff, 0xff, 0xff, 0x00, 0xff, 0xff, 0xff, 0x00, 0xff,
0xff, 0xff, 0x00, 0xff, 0xff, 0xff, 0x00, 0xff, 0xff, 0xff, 0x00, 0xff, 0xff, 0xff, 0x00,
0xff, 0xff, 0xff, 0x00, 0xff, 0xff, 0xff, 0x00, 0xff, 0xff, 0xff, 0x00, 0xff, 0xff, 0xff,
0x00, 0xff, 0xff, 0xff, 0x00, 0xff, 0xff, 0xff, 0x00, 0xff, 0xff, 0xff, 0x00, 0xff, 0xff,
0xff, 0x00, 0xff, 0xff, 0xff, 0x00, 0xff, 0xff, 0xff, 0x00, 0xff, 0xff, 0xff, 0x00, 0xff,
0xff, 0xff, 0x00, 0xff, 0xff, 0xff, 0x00, 0xff, 0xff, 0xff, 0x00, 0xff, 0xff, 0xff, 0x00,
0xff, 0xff, 0xff, 0x00, 0xff, 0xff, 0xff, 0x00, 0xff, 0xff, 0xff, 0x00, 0xff, 0xff, 0xff,
0x00, 0xff, 0xff, 0xff, 0x00, 0xff, 0xff, 0xff, 0x00, 0xff, 0xff, 0xff, 0x00, 0xff, 0xff,
0xff, 0x00, 0xff, 0xff, 0xff, 0x00, 0xff, 0xff, 0xff, 0x00, 0xff, 0xff, 0xff, 0x00, 0xff,
0xff, 0xff, 0x00, 0xff, 0xff, 0xff, 0x00, 0xff, 0xff, 0xff, 0x00, 0xff, 0xff, 0xff, 0x00,
0xff, 0xff, 0xff, 0x00, 0xff, 0xff, 0xff, 0x00, 0xff, 0xff, 0xff, 0x00, 0xff, 0xff, 0xff,
0x00, 0xff, 0xff, 0xff, 0x00, 0xff, 0xff, 0xff, 0x00, 0xff, 0xff, 0xff, 0x00, 0xff, 0xff,
0xff, 0x00, 0xff, 0xff, 0xff, 0x00, 0xff, 0xff, 0xff, 0x00, 0xff, 0xff, 0xff, 0x00, 0xff,
0xff, 0xff, 0x00, 0xff, 0xff, 0xff, 0x00, 0xff, 0xff, 0xff, 0x00, 0xff, 0xff, 0xff, 0x00,
0xff, 0xff, 0xff, 0x00, 0xff, 0xff, 0xff, 0x00, 0xff, 0xff, 0xff, 0x00, 0xff, 0xff, 0xff,
0x00, 0xff, 0xff, 0xff, 0x00, 0xff, 0xff, 0xff, 0x00, 0xff, 0xff, 0xff, 0x00, 0xff, 0xff,
0xff, 0x00, 0xff, 0xff, 0xff, 0x00, 0xff, 0xff, 0xff, 0x00, 0xff, 0xff, 0xff, 0x00, 0xff,
0xff, 0xff, 0x00, 0xff, 0xff, 0xff, 0x00, 0xff, 0xff, 0xff, 0x00, 0xff, 0xff, 0xff, 0x00,
0xff, 0xff, 0xff, 0x00, 0xff, 0xff, 0xff, 0x00, 0xff, 0xff, 0xff, 0x00, 0xff, 0xff, 0xff,
0x00, 0xff, 0xff, 0xff, 0x00, 0xff, 0xff, 0xff, 0x00, 0xff, 0xff, 0xff, 0x00, 0xff, 0xff,
0xff, 0x00, 0xff, 0xff, 0xff, 0x00, 0xff, 0xff, 0xff, 0x00, 0xff, 0xff, 0xff, 0x00, 0xff,
0xff, 0xff, 0x00, 0xff, 0xff, 0xff, 0x00, 0xff, 0xff, 0xff, 0x00, 0xff, 0xff, 0xff, 0x00,
0xff, 0xff, 0xff, 0x00, 0xff, 0xff, 0xff, 0x00, 0xff, 0xff, 0xff, 0x00, 0xff, 0xff, 0xff,
0x00, 0xff, 0xff, 0xff, 0x00, 0xff, 0xff, 0xff, 0x00, 0xff, 0xff, 0xff, 0x00, 0xff, 0xff,
0xff, 0x00, 0xff, 0xff, 0xff, 0x00, 0xff, 0xff, 0xff, 0x00, 0xff, 0xff, 0xff, 0x00, 0xff,
0xff, 0xff, 0x00, 0xff, 0xff, 0xff, 0x00, 0xff, 0xff, 0xff, 0x00, 0xff, 0xff, 0xff, 0x00,
0xff, 0xff, 0xff, 0x00, 0xff, 0xff, 0xff, 0x00, 0xff, 0xff, 0xff, 0x00, 0xff, 0xff, 0xff,
0x00, 0xff, 0xff, 0xff, 0x00, 0xff, 0xff, 0xff, 0x00, 0xff, 0xff, 0xff, 0x00, 0xff, 0xff,
0xff, 0x00, 0xff, 0xff, 0xff, 0x00, 0xff, 0xff, 0xff, 0x00, 0xff, 0xff, 0xff, 0x00, 0xff,
0xff, 0xff, 0x00, 0xff, 0xff, 0xff, 0x00, 0xff, 0xff, 0xff, 0x00, 0xff, 0xff, 0xff, 0x00,
0xff, 0xff, 0xff, 0x00, 0xff, 0xff, 0xff, 0x00, 0xff, 0xff, 0xff, 0x00, 0xff, 0xff, 0xff,
0x00, 0xff, 0xff, 0xff, 0x00, 0xff, 0xff, 0xff, 0x00, 0xff, 0xff, 0xff, 0x00, 0xff, 0xff,
0xff, 0x00, 0xff, 0xff, 0xff, 0x00, 0xff, 0xff, 0xff, 0x00, 0xff, 0xff, 0xff, 0x00, 0xff,
0xff, 0xff, 0x00, 0xff, 0xff, 0xff, 0x00, 0xff, 0xff, 0xff, 0x00, 0xff, 0xff, 0xff, 0x00,
0xff, 0xff, 0xff, 0x00, 0xff, 0xff, 0xff, 0x00, 0xff, 0xff, 0xff, 0x00, 0xff, 0xff, 0xff,
0x00, 0xff, 0xff, 0xff, 0x00, 0xff, 0xff, 0xff, 0x00, 0xff, 0xff, 0xff, 0x00, 0xff, 0xff,
0xff, 0x00, 0xff, 0xff, 0xff, 0x00, 0xff, 0xff, 0xff, 0x00, 0xff, 0xff, 0xff, 0x00, 0xff,
0xff, 0xff, 0x00, 0xff, 0xff, 0xff, 0x00, 0xff, 0xff, 0xff, 0x00, 0xff, 0xff, 0xff, 0x00,
0xff, 0xff, 0xff, 0x00, 0xff, 0xff, 0xff, 0x00, 0xff, 0xff, 0xff, 0x00, 0xff, 0xff, 0xff,
0x00, 0xff, 0xff, 0xff, 0x00, 0xff, 0xff, 0xff, 0x00, 0xff, 0xff, 0xff, 0x00, 0xff, 0xff,
0xff, 0x00, 0xff, 0xff, 0xff, 0x00, 0xff, 0xff, 0xff, 0x00, 0xff, 0xff, 0xff, 0x00, 0xff,
0xff, 0xff, 0x00, 0xff, 0xff, 0xff, 0x00, 0xff, 0xff, 0xff, 0x00, 0xff, 0xff, 0xff, 0x00,
0xff, 0xff, 0xff, 0x00, 0xff, 0xff, 0xff, 0x00, 0xff, 0xff, 0xff, 0x00, 0xff, 0xff, 0xff,
0x00, 0xff, 0xff, 0xff, 0x00, 0xff, 0xff, 0xff, 0x00, 0xff, 0xff, 0xff, 0x00, 0xff, 0xff,
0xff, 0x00, 0xff, 0xff, 0xff, 0x00, 0xff, 0xff, 0xff, 0x00, 0xff, 0xff, 0xff, 0x00, 0xff,
0xff, 0xff, 0x00, 0xff, 0xff, 0xff, 0x00, 0xff, 0xff, 0xff, 0x00, 0xff, 0xff, 0xff, 0x00,
0xff, 0xff, 0xff, 0x00, 0xff, 0xff, 0xff, 0x00, 0xff, 0xff, 0xff, 0x00, 0xff, 0xff, 0xff,
0x00, 0xff, 0xff, 0xff, 0x00, 0xff, 0xff, 0xff, 0x00, 0xff, 0xff, 0xff, 0x00, 0xff, 0xff,
0xff, 0x00, 0xff, 0xff, 0xff, 0x00, 0xff, 0xff, 0xff, 0x00, 0xff, 0xff, 0xff, 0x00, 0xff,
0xff, 0xff, 0x00, 0xff, 0xff, 0xff, 0x00, 0xff, 0xff, 0xff, 0x00, 0xff, 0xff, 0xff, 0x00,
0xff, 0xff, 0xff, 0x00, 0xff, 0xff, 0xff, 0x00, 0xff, 0xff, 0xff, 0x00, 0xff, 0xff, 0xff,
0x00, 0xff, 0xff, 0xff, 0x00, 0xff, 0xff, 0xff, 0x00, 0xff, 0xff, 0xff, 0x00, 0xff, 0xff,
0xff, 0x00, 0xff, 0xff, 0xff, 0x00, 0xff, 0xff, 0xff, 0x00, 0xff, 0xff, 0xff, 0x00, 0xff,
0xff, 0xff, 0x00, 0xff, 0xff, 0xff, 0x00, 0xff, 0xff, 0xff, 0x00, 0xff, 0xff, 0xff, 0x00,
0xff, 0xff, 0xff, 0x00, 0xff, 0xff, 0xff, 0x00, 0xff, 0xff, 0xff, 0x00, 0xff, 0xff, 0xff,
0x00, 0xff, 0xff, 0xff, 0x00, 0xff, 0xff, 0xff, 0x00, 0xff, 0xff, 0xff, 0x00, 0xff, 0xff,
0xff, 0x00, 0xff, 0xff, 0xff, 0x00, 0xff, 0xff, 0xff, 0x00, 0xff, 0xff, 0xff, 0x00, 0xff,
0xff, 0xff, 0x00, 0xff, 0xff, 0xff, 0x00, 0xff, 0xff, 0xff, 0x00, 0xff, 0xff, 0xff, 0x00,
0xff, 0xff, 0xff, 0x00, 0xff, 0xff, 0xff, 0x00, 0xff, 0xff, 0xff, 0x00, 0xff, 0xff, 0xff,
0x00, 0xff, 0xff, 0xff, 0x00, 0xff, 0xff, 0xff, 0x00, 0xff, 0xff, 0xff, 0x00, 0xff, 0xff,
0xff, 0x00, 0xff, 0xff, 0xff, 0x00, 0xff, 0xff, 0xff, 0x00, 0xff, 0xff, 0xff, 0x00, 0xff,
0xff, 0xff, 0x00, 0xff, 0xff, 0xff, 0x00, 0xff, 0xff, 0xff, 0x00, 0xff, 0xff, 0xff, 0x00,
0xff, 0xff, 0xff, 0x00, 0xff, 0xff, 0xff, 0x00, 0xff, 0xff, 0xff, 0x00, 0xff, 0xff, 0xff,
0x00, 0xff, 0xff, 0xff, 0x00, 0xff, 0xff, 0xff, 0x00, 0xff, 0xff, 0xff, 0x00, 0xff, 0xff,
0xff, 0x00, 0xff, 0xff, 0xff, 0x00, 0xff, 0xff, 0xff, 0x00, 0xff, 0xff, 0xff, 0x00, 0xff,
0xff, 0xff, 0x00, 0xff, 0xff, 0xff, 0x00, 0xff, 0xff, 0xff, 0x00, 0xff, 0xff, 0xff, 0x00,
0xff, 0xff, 0xff, 0x00, 0xff, 0xff, 0xff, 0x00, 0xff, 0xff, 0xff, 0x00, 0xff, 0xff, 0xff,
0x00, 0xff, 0xff, 0xff, 0x00, 0xff, 0xff, 0xff, 0x00, 0xff, 0xff, 0xff, 0x00, 0xff, 0xff,
0xff, 0x00, 0xff, 0xff, 0xff, 0x00, 0xff, 0xff, 0xff, 0x00, 0xff, 0xff, 0xff, 0x00, 0xff,
0xff, 0xff, 0x00, 0xff, 0xff, 0xff, 0x00, 0xff, 0xff, 0xff, 0x00, 0xff, 0xff, 0xff, 0x00,
0xff, 0xff, 0xff, 0x00, 0xff, 0xff, 0xff, 0x00, 0xff, 0xff, 0xff, 0x00, 0xff, 0xff, 0xff,
0x00, 0xff, 0xff, 0xff, 0x00, 0xff, 0xff, 0xff, 0x00, 0xff, 0xff, 0xff, 0x00, 0xff, 0xff,
0xff, 0x00, 0xff, 0xff, 0xff, 0x00, 0xff, 0xff, 0xff, 0x00, 0xff, 0xff, 0xff, 0x00, 0xff,
0xff, 0xff, 0x00, 0xff, 0xff, 0xff, 0x00, 0xff, 0xff, 0xff, 0x00, 0xff, 0xff, 0xff, 0x00,
0xff, 0xff, 0xff, 0x00, 0xff, 0xff, 0xff, 0x00, 0xff, 0xff, 0xff, 0x00, 0xff, 0xff, 0xff,
0x00, 0xff, 0xff, 0xff, 0x00, 0xff, 0xff, 0xff, 0x00, 0xff, 0xff, 0xff, 0x00, 0xff, 0xff,
0xff, 0x00, 0xff, 0xff, 0xff, 0x00, 0xff, 0xff, 0xff, 0x00, 0xff, 0xff, 0xff, 0x00, 0xff,
0xff, 0xff, 0x00, 0xff, 0xff, 0xff, 0x00, 0xff, 0xff, 0xff, 0x00, 0xff, 0xff, 0xff, 0x00,
0xff, 0xff, 0xff, 0x00, 0xff, 0xff, 0xff, 0x00, 0xff, 0xff, 0xff, 0x00, 0xff, 0xff, 0xff,
0x00, 0xff, 0xff, 0xff, 0x00, 0xff, 0xff, 0xff, 0x00, 0xff, 0xff, 0xff, 0x00, 0xff, 0xff,
0xff, 0x00, 0xff, 0xff, 0xff, 0x00, 0xff, 0xff, 0xff, 0x00, 0xff, 0xff, 0xff, 0x00, 0xff,
0xff, 0xff, 0x00, 0xff, 0xff, 0xff, 0x00, 0xff, 0xff, 0xff, 0x00, 0xff, 0xff, 0xff, 0x00,
0xff, 0xff, 0xff, 0x00, 0xff, 0xff, 0xff, 0x00, 0xff, 0xff, 0xff, 0x00, 0xff, 0xff, 0xff,
0x00, 0xff, 0xff, 0xff, 0x00, 0xff, 0xff, 0xff, 0x00, 0xff, 0xff, 0xff, 0x00, 0xff, 0xff,
0xff, 0x00, 0xff, 0xff, 0xff, 0x00, 0xff, 0xff, 0xff, 0x00, 0xff, 0xff, 0xff, 0x00, 0xff,
0xff, 0xff, 0x00, 0xff, 0xff, 0xff, 0x00, 0xff, 0xff, 0xff, 0x00, 0xff, 0xff, 0xff, 0x00,
0xff, 0xff, 0xff, 0x00, 0xff, 0xff, 0xff, 0x00, 0xff, 0xff, 0xff, 0x00, 0xff, 0xff, 0xff,
0x00, 0xff, 0xff, 0xff, 0x00, 0xff, 0xff, 0xff, 0x00, 0xff, 0xff, 0xff, 0x00, 0xff, 0xff,
0xff, 0x00, 0xff, 0xff, 0xff, 0x00, 0xff, 0xff, 0xff, 0x00, 0xff, 0xff, 0xff, 0x00, 0xff,
0xff, 0xff, 0x00, 0xff, 0xff, 0xff, 0x00, 0xff, 0xff, 0xff, 0x00, 0xff, 0xff, 0xff, 0x00,
0xff, 0xff, 0xff, 0x00, 0xff, 0xff, 0xff, 0x00, 0xff, 0xff, 0xff, 0x00, 0xff, 0xff, 0xff,
0x00, 0xff, 0xff, 0xff, 0x00, 0xff, 0xff, 0xff, 0x00, 0xff, 0xff, 0xff, 0x00, 0xff, 0xff,
0xff, 0x00, 0xff, 0xff, 0xff, 0x00, 0xff, 0xff, 0xff, 0x00, 0xff, 0xff, 0xff, 0x00, 0xff,
0xff, 0xff, 0x00, 0xff, 0xff, 0xff, 0x00, 0xff, 0xff, 0xff, 0x00, 0xff, 0xff, 0xff, 0x00,
0xff, 0xff, 0xff, 0x00, 0xff, 0xff, 0xff, 0x00, 0xff, 0xff, 0xff, 0x00, 0xff, 0xff, 0xff,
0x00, 0xff, 0xff, 0xff, 0x00, 0xff, 0xff, 0xff, 0x00, 0xff, 0xff, 0xff, 0x00, 0xff, 0xff,
0xff, 0x00, 0xff, 0xff, 0xff, 0x00, 0xff, 0xff, 0xff, 0x00, 0xff, 0xff, 0xff, 0x00, 0xff,
0xff, 0xff, 0x00, 0xff, 0xff, 0xff, 0x00, 0xff, 0xff, 0xff, 0x00, 0xff, 0xff, 0xff, 0x00,
0xff, 0xff, 0xff, 0x00, 0xff, 0xff, 0xff, 0x00, 0xff, 0xff, 0xff, 0x00, 0xff, 0xff, 0xff,
0x00, 0xff, 0xff, 0xff, 0x00, 0xff, 0xff, 0xff, 0x00, 0xff, 0xff, 0xff, 0x00, 0xff, 0xff,
0xff, 0x00, 0xff, 0xff, 0xff, 0x00, 0xff, 0xff, 0xff, 0x00, 0xff, 0xff, 0xff, 0x00, 0xff,
0xff, 0xff, 0x00, 0xff, 0xff, 0xff, 0x00, 0xff, 0xff, 0xff, 0x00, 0xff, 0xff, 0xff, 0x00,
0xff, 0xff, 0xff, 0x00, 0xff, 0xff, 0xff, 0x00, 0xff, 0xff, 0xff, 0x00, 0xff, 0xff, 0xff,
0x00, 0xff, 0xff, 0xff, 0x00, 0xff, 0xff, 0xff, 0x00, 0xff, 0xff, 0xff, 0x00, 0xff, 0xff,
0xff, 0x00, 0xff, 0xff, 0xff, 0x00, 0xff, 0xff, 0xff, 0x00, 0xff, 0xff, 0xff, 0x00, 0xff,
0xff, 0xff, 0x00, 0xff, 0xff, 0xff, 0x00, 0xff, 0xff, 0xff, 0x00, 0xff, 0xff, 0xff, 0x00,
0xff, 0xff, 0xff, 0x00, 0xff, 0xff, 0xff, 0x00, 0xff, 0xff, 0xff, 0x00, 0xff, 0xff, 0xff,
0x00, 0xff, 0xff, 0xff, 0x00, 0xff, 0xff, 0xff, 0x00, 0xff, 0xff, 0xff, 0x00, 0xff, 0xff,
0xff, 0x00, 0xff, 0xff, 0xff, 0x00, 0xff, 0xff, 0xff, 0x00, 0xff, 0xff, 0xff, 0x00, 0xff,
0xff, 0xff, 0x00, 0xff, 0xff, 0xff, 0x00, 0xff, 0xff, 0xff, 0x00, 0xff, 0xff, 0xff, 0x00,
0xff, 0xff, 0xff, 0x00, 0xff, 0xff, 0xff, 0x00, 0xff, 0xff, 0xff, 0x00, 0xff, 0xff, 0xff,
0x00, 0xff, 0xff, 0xff, 0x00, 0xff, 0xff, 0xff, 0x00, 0xff, 0xff, 0xff, 0x00, 0xff, 0xff,
0xff, 0x00, 0xff, 0xff, 0xff, 0x00, 0xff, 0xff, 0xff, 0x00, 0xff, 0xff, 0xff, 0x00, 0xff,
0xff, 0xff, 0x00, 0xff, 0xff, 0xff, 0x00, 0xff, 0xff, 0xff, 0x00, 0xff, 0xff, 0xff, 0x00,
0xff, 0xff, 0xff, 0x00, 0xff, 0xff, 0xff, 0x00, 0xff, 0xff, 0xff, 0x00, 0xff, 0xff, 0xff,
0x00, 0xff, 0xff, 0xff, 0x00, 0xff, 0xff, 0xff, 0x00, 0xff, 0xff, 0xff, 0x00, 0xff, 0xff,
0xff, 0x00, 0xff, 0xff, 0xff, 0x00, 0xff, 0xff, 0xff, 0x00, 0xff, 0xff, 0xff, 0x00, 0xff,
0xff, 0xff, 0x00, 0xff, 0xff, 0xff, 0x00, 0xff, 0xff, 0xff, 0x00, 0xff, 0xff, 0xff, 0x00,
0xff, 0xff, 0xff, 0x00, 0xff, 0xff, 0xff, 0x00, 0xff, 0xff, 0xff, 0x00, 0xff, 0xff, 0xff,
0x00, 0xff, 0xff, 0xff, 0x00, 0xff, 0xff, 0xff, 0x00, 0xff, 0xff, 0xff, 0x00, 0xff, 0xff,
0xff, 0x00, 0xff, 0xff, 0xff, 0x00, 0xff, 0xff, 0xff, 0x00, 0xff, 0xff, 0xff, 0x00, 0xff,
0xff, 0xff, 0x00, 0xff, 0xff, 0xff, 0x00, 0xff, 0xff, 0xff, 0x00, 0xff, 0xff, 0xff, 0x00,
0xff, 0xff, 0xff, 0x00, 0xff, 0xff, 0xff, 0x00, 0xff, 0xff, 0xff, 0x00, 0xff, 0xff, 0xff,
0x00, 0xff, 0xff, 0xff, 0x00, 0xff, 0xff, 0xff, 0x00, 0xff, 0xff, 0xff, 0x00, 0xff, 0xff,
0xff, 0x00, 0xff, 0xff, 0xff, 0x00, 0xff, 0xff, 0xff, 0x00, 0xff, 0xff, 0xff, 0x00, 0xff,
0xff, 0xff, 0x00, 0xff, 0xff, 0xff, 0x00, 0xff, 0xff, 0xff, 0x00, 0xff, 0xff, 0xff, 0x00,
0xff, 0xff, 0xff, 0x00, 0xff, 0xff, 0xff, 0x00, 0xff, 0xff, 0xff, 0x00, 0xff, 0xff, 0xff,
0x00, 0xff, 0xff, 0xff, 0x00, 0xff, 0xff, 0xff, 0x00, 0xff, 0xff, 0xff, 0x00, 0xff, 0xff,
0xff, 0x00, 0xff, 0xff, 0xff, 0x00, 0xff, 0xff, 0xff, 0x00, 0xff, 0xff, 0xff, 0x00, 0xff,
0xff, 0xff, 0x00, 0xff, 0xff, 0xff, 0x00, 0xff, 0xff, 0xff, 0x00, 0xff, 0xff, 0xff, 0x00,
0xff, 0xff, 0xff, 0x00, 0xff, 0xff, 0xff, 0x00, 0xff, 0xff, 0xff, 0x00, 0xff, 0xff, 0xff,
0x00, 0xff, 0xff, 0xff, 0x00, 0xff, 0xff, 0xff, 0x00, 0xff, 0xff, 0xff, 0x00, 0xff, 0xff,
0xff, 0x00, 0xff, 0xff, 0xff, 0x00, 0xff, 0xff, 0xff, 0x00, 0xff, 0xff, 0xff, 0x00, 0xff,
0xff, 0xff, 0x00, 0xff, 0xff, 0xff, 0x00, 0xff, 0xff, 0xff, 0x00, 0xff, 0xff, 0xff, 0x00,
0xff, 0xff, 0xff, 0x00, 0xff, 0xff, 0xff, 0x00, 0xff, 0xff, 0xff, 0x00, 0xff, 0xff, 0xff,
0x00, 0xff, 0xff, 0xff, 0x00, 0xff, 0xff, 0xff, 0x00, 0xff, 0xff, 0xff, 0x00, 0xff, 0xff,
0xff, 0x00, 0xff, 0xff, 0xff, 0x00, 0xff, 0xff, 0xff, 0x00, 0xff, 0xff, 0xff, 0x00, 0xff,
0xff, 0xff, 0x00, 0xff, 0xff, 0xff, 0x00, 0xff, 0xff, 0xff, 0x00, 0xff, 0xff, 0xff, 0x00,
0xff, 0xff, 0xff, 0x00, 0xff, 0xff, 0xff, 0x00, 0xff, 0xff, 0xff, 0x00, 0xff, 0xff, 0xff,
0x00, 0xff, 0xff, 0xff, 0x00, 0xff, 0xff, 0xff, 0x00, 0xff, 0xff, 0xff, 0x00, 0xff, 0xff,
0xff, 0x00, 0xff, 0xff, 0xff, 0x00, 0xff, 0xff, 0xff, 0x00, 0xff, 0xff, 0xff, 0x00, 0xff,
0xff, 0xff, 0x00, 0xff, 0xff, 0xff, 0x00, 0xff, 0xff, 0xff, 0x00, 0xff, 0xff, 0xff, 0x00,
0xff, 0xff, 0xff, 0x00, 0xff, 0xff, 0xff, 0x00, 0xff, 0xff, 0xff, 0x00, 0xff, 0xff, 0xff,
0x00, 0xff, 0xff, 0xff, 0x00, 0xff, 0xff, 0xff, 0x00, 0xff, 0xff, 0xff, 0x00, 0xff, 0xff,
0xff, 0x00, 0xff, 0xff, 0xff, 0x00, 0xff, 0xff, 0xff, 0x00, 0xff, 0xff, 0xff, 0x00, 0xff,
0xff, 0xff, 0x00, 0xff, 0xff, 0xff, 0x00, 0xff, 0xff, 0xff, 0x00, 0xff, 0xff, 0xff, 0x00,
0xff, 0xff, 0xff, 0x00, 0xff, 0xff, 0xff, 0x00, 0xff, 0xff, 0xff, 0x00, 0xff, 0xff, 0xff,
0x00, 0xff, 0xff, 0xff, 0x00, 0xff, 0xff, 0xff, 0x00, 0xff, 0xff, 0xff, 0x00, 0xff, 0xff,
0xff, 0x00, 0xff, 0xff, 0xff, 0x00, 0xff, 0xff, 0xff, 0x00, 0xff, 0xff, 0xff, 0x00, 0xff,
0xff, 0xff, 0x00, 0xff, 0xff, 0xff, 0x00, 0xff, 0xff, 0xff, 0x00, 0xff, 0xff, 0xff, 0x00,
0xff, 0xff, 0xff, 0x00, 0xff, 0xff, 0xff, 0x00, 0xff, 0xff, 0xff, 0x00, 0xff, 0xff, 0xff,
0x00, 0xff, 0xff, 0xff, 0x00, 0xff, 0xff, 0xff, 0x00, 0xff, 0xff, 0xff, 0x00, 0xff, 0xff,
0xff, 0x00, 0xff, 0xff, 0xff, 0x00, 0xff, 0xff, 0xff, 0x00, 0xff, 0xff, 0xff, 0x00, 0xff,
0xff, 0xff, 0x00, 0xff, 0xff, 0xff, 0x00, 0xff, 0xff, 0xff, 0x00, 0xff, 0xff, 0xff, 0x00,
0xff, 0xff, 0xff, 0x00, 0xff, 0xff, 0xff, 0x00, 0xff, 0xff, 0xff, 0x00, 0xff, 0xff, 0xff,
0x00, 0xff, 0xff, 0xff, 0x00, 0xff, 0xff, 0xff, 0x00, 0xff, 0xff, 0xff, 0x00, 0xff, 0xff,
0xff, 0x00, 0xff, 0xff, 0xff, 0x00, 0xff, 0xff, 0xff, 0x00, 0xff, 0xff, 0xff, 0x00, 0xff,
0xff, 0xff, 0x00, 0xff, 0xff, 0xff, 0x00, 0xff, 0xff, 0xff, 0x00, 0xff, 0xff, 0xff, 0x00,
0xff, 0xff, 0xff, 0x00, 0xff, 0xff, 0xff, 0x00, 0xff, 0xff, 0xff, 0x00, 0xff, 0xff, 0xff,
0x00, 0xff, 0xff, 0xff, 0x00, 0xff, 0xff, 0xff, 0x00, 0xff, 0xff, 0xff, 0x00, 0xff, 0xff,
0xff, 0x00, 0xff, 0xff, 0xff, 0x00, 0xff, 0xff, 0xff, 0x00, 0xff, 0xff, 0xff, 0x00, 0xff,
0xff, 0xff, 0x00, 0xff, 0xff, 0xff, 0x00, 0xff, 0xff, 0xff, 0x00, 0xff, 0xff, 0xff, 0x00,
0xff, 0xff, 0xff, 0x00, 0xff, 0xff, 0xff, 0x00, 0xff, 0xff, 0xff, 0x00, 0xff, 0xff, 0xff,
0x00, 0xff, 0xff, 0xff, 0x00, 0xff, 0xff, 0xff, 0x00, 0xff, 0xff, 0xff, 0x00, 0xff, 0xff,
0xff, 0x00, 0xff, 0xff, 0xff, 0x00, 0xff, 0xff, 0xff, 0x00, 0xff, 0xff, 0xff, 0x00, 0xff,
0xff, 0xff, 0x00, 0xff, 0xff, 0xff, 0x00, 0xff, 0xff, 0xff, 0x00, 0xff, 0xff, 0xff, 0x00,
0xff, 0xff, 0xff, 0x00, 0xff, 0xff, 0xff, 0x00, 0xff, 0xff, 0xff, 0x00, 0xff, 0xff, 0xff,
0x00, 0xff, 0xff, 0xff, 0x00, 0xff, 0xff, 0xff, 0x00, 0xff, 0xff, 0xff, 0x00, 0xff, 0xff,
0xff, 0x00, 0xff, 0xff, 0xff, 0x00, 0xff, 0xff, 0xff, 0x00, 0xff, 0xff, 0xff, 0x00, 0xff,
0xff, 0xff, 0x00, 0xff, 0xff, 0xff, 0x00, 0xff, 0xff, 0xff, 0x00, 0xff, 0xff, 0xff, 0x00,
0xff, 0xff, 0xff, 0x00, 0xff, 0xff, 0xff, 0x00, 0xff, 0xff, 0xff, 0x00, 0xff, 0xff, 0xff,
0x00, 0xff, 0xff, 0xff, 0x00, 0xff, 0xff, 0xff, 0x00, 0xff, 0xff, 0xff, 0x00, 0xff, 0xff,
0xff, 0x00, 0xff, 0xff, 0xff, 0x00, 0xff, 0xff, 0xff, 0x00, 0xff, 0xff, 0xff, 0x00, 0xff,
0xff, 0xff, 0x00, 0xab, 0xab, 0x01, 0x00, 0xab, 0xab, 0x01, 0x00, 0xab, 0xab, 0x01, 0x00,
0xab, 0xab, 0x01, 0x00, 0xab, 0xab, 0x01, 0x00, 0xab, 0xab, 0x01, 0x00, 0xab, 0xab, 0x01,
0x00, 0xab, 0xab, 0x01, 0x00, 0xab, 0xab, 0x01, 0x00, 0xab, 0xab, 0x01, 0x00, 0xab, 0xab,
0x01, 0x00, 0xab, 0xab, 0x01, 0x00, 0xab, 0xab, 0x00, 0x00, 0xaa, 0xab, 0x03, 0x00, 0xb9,
0xb1, 0x17, 0x00, 0xc0, 0xb6, 0x1c, 0x00, 0xc0, 0xb6, 0x1d, 0x00, 0xc0, 0xb6, 0x1d, 0x00,
0xa3, 0x98, 0x16, 0x00, 0xb6, 0xac, 0x19, 0x00, 0xb4, 0xab, 0x14, 0x00, 0xbd, 0xb7, 0x15,
0x00, 0xbc, 0xb2, 0x17, 0x00, 0xc1, 0xaf, 0x1a, 0x00, 0xbf, 0xa9, 0x15, 0x00, 0xc1, 0xae,
0x14, 0x00, 0xc6, 0xb4, 0x19, 0x00, 0x9c, 0x94, 0x16, 0x00, 0xa8, 0xa1, 0x17, 0x00, 0xb3,
0xa9, 0x12, 0x00, 0xbf, 0xb6, 0x1a, 0x00, 0xc1, 0xb5, 0x1c, 0x00, 0xbc, 0xb4, 0x18, 0x00,
0xbb, 0xb3, 0x17, 0x00, 0xbc, 0xb4, 0x19, 0x00, 0xbc, 0xb3, 0x1a, 0x00, 0xbf, 0xaa, 0x17,
0x00, 0xc0, 0xb0, 0x19, 0x00, 0xc0, 0xb6, 0x1e, 0x00, 0xc0, 0xb6, 0x1d, 0x00, 0xc0, 0xb4,
0x1c, 0x00, 0xbc, 0xb5, 0x1d, 0x00, 0xbd, 0xb5, 0x1d, 0x00, 0xbe, 0xb5, 0x1a, 0x00, 0xc0,
0xa8, 0x16, 0x00, 0xbe, 0xb7, 0x1b, 0x07, 0xbb, 0xb3, 0x17, 0x18, 0xc0, 0xb4, 0x1d, 0x3f,
0xc0, 0xb6, 0x1d, 0x6c, 0xc0, 0xb6, 0x1e, 0x95, 0xc1, 0xb6, 0x1d, 0xba, 0xc1, 0xb6, 0x1e,
0xd1, 0xc1, 0xb7, 0x1e, 0xdc, 0xc1, 0xb7, 0x1e, 0xdc, 0xc1, 0xb7, 0x1e, 0xdc, 0xc1, 0xb7,
0x1e, 0xdc, 0xc1, 0xb7, 0x1e, 0xdc, 0xc1, 0xb7, 0x1e, 0xdc, 0xc1, 0xb7, 0x1e, 0xdc, 0xc1,
0xb7, 0x1e, 0xdc, 0xc1, 0xb7, 0x1e, 0xdc, 0xc0, 0xb7, 0x1d, 0xcf, 0xbe, 0xb5, 0x1c, 0xb7,
0xc0, 0xb5, 0x1e, 0x92, 0xbf, 0xb5, 0x1d, 0x69, 0xba, 0xb2, 0x19, 0x3c, 0xbc, 0xb4, 0x17,
0x17, 0xc3, 0xb4, 0x15, 0x06, 0x90, 0x87, 0x15, 0x00, 0xb9, 0xab, 0x1b, 0x00, 0xbf, 0xb7,
0x1e, 0x00, 0xb0, 0xaa, 0x17, 0x00, 0xb9, 0xb0, 0x19, 0x00, 0xc5, 0xbb, 0x1f, 0x00, 0xa4,
0x9d, 0x17, 0x00, 0x9c, 0x93, 0x18, 0x00, 0xc5, 0xbc, 0x1a, 0x00, 0xbe, 0xb6, 0x1b, 0x00,
0xbf, 0xb4, 0x1a, 0x00, 0xbf, 0xb2, 0x1b, 0x00, 0xc1, 0xaf, 0x19, 0x00, 0xbf, 0xb6, 0x1c,
0x00, 0xbf, 0xb6, 0x1b, 0x00, 0xbe, 0xb1, 0x1b, 0x00, 0xc0, 0xad, 0x19, 0x00, 0xb7, 0xae,
0x18, 0x00, 0xbc, 0xb4, 0x1d, 0x00, 0xc0, 0xb4, 0x1d, 0x00, 0xc1, 0xb0, 0x1a, 0x00, 0xb2,
0xa8, 0x15, 0x00, 0x8d, 0x89, 0x14, 0x00, 0xbf, 0xab, 0x15, 0x00, 0xbd, 0xb4, 0x1b, 0x00,
0xbd, 0xaf, 0x13, 0x00, 0xbf, 0xb4, 0x1b, 0x00, 0xc0, 0xb6, 0x1d, 0x00, 0xc1, 0xb7, 0x1d,
0x00, 0xc1, 0xb6, 0x1e, 0x00, 0xc3, 0xb8, 0x1e, 0x00, 0xb1, 0xa9, 0x12, 0x00, 0x81, 0x80,
0x00, 0x00, 0x7f, 0x80, 0x01, 0x00, 0x80, 0x80, 0x01, 0x00, 0x80, 0x80, 0x01, 0x00, 0x80,
0x80, 0x01, 0x00, 0x80, 0x80, 0x01, 0x00, 0x80, 0x80, 0x01, 0x00, 0x80, 0x80, 0x01, 0x00,
0x80, 0x80, 0x01, 0x00, 0x80, 0x80, 0x01, 0x00, 0x80, 0x80, 0x01, 0x00, 0x80, 0x80, 0x01,
0x00, 0x80, 0x80, 0x01, 0x00, 0xff, 0xff, 0xff, 0x00, 0xff, 0xff, 0xff, 0x00, 0xff, 0xff,
0xff, 0x00, 0xff, 0xff, 0xff, 0x00, 0xff, 0xff, 0xff, 0x00, 0xff, 0xff, 0xff, 0x00, 0xff,
0xff, 0xff, 0x00, 0xff, 0xff, 0xff, 0x00, 0xff, 0xff, 0xff, 0x00, 0xff, 0xff, 0xff, 0x00,
0xff, 0xff, 0xff, 0x00, 0xff, 0xff, 0xff, 0x00, 0xff, 0xff, 0xff, 0x00, 0xff, 0xff, 0xff,
0x00, 0xff, 0xff, 0xff, 0x00, 0xab, 0xab, 0x01, 0x00, 0xab, 0xab, 0x01, 0x00, 0xab, 0xab,
0x01, 0x00, 0xab, 0xab, 0x01, 0x00, 0xab, 0xab, 0x01, 0x00, 0xab, 0xab, 0x01, 0x00, 0xab,
0xab, 0x01, 0x00, 0xab, 0xab, 0x01, 0x00, 0xab, 0xab, 0x01, 0x00, 0xab, 0xab, 0x01, 0x00,
0xab, 0xab, 0x01, 0x00, 0xab, 0xab, 0x01, 0x00, 0xab, 0xab, 0x00, 0x00, 0xaa, 0xab, 0x03,
0x00, 0xb9, 0xb1, 0x17, 0x00, 0xc0, 0xb6, 0x1c, 0x00, 0xc0, 0xb6, 0x1d, 0x00, 0xc0, 0xb6,
0x1d, 0x00, 0xa3, 0x98, 0x16, 0x00, 0xb6, 0xac, 0x19, 0x00, 0xb4, 0xab, 0x14, 0x00, 0xbd,
0xb7, 0x15, 0x00, 0xbc, 0xb2, 0x17, 0x00, 0xc1, 0xaf, 0x1a, 0x00, 0xbf, 0xa9, 0x15, 0x00,
0xc1, 0xae, 0x14, 0x00, 0xc6, 0xb4, 0x19, 0x00, 0x9c, 0x94, 0x16, 0x00, 0xa8, 0xa1, 0x17,
0x00, 0xb3, 0xa9, 0x12, 0x00, 0xbf, 0xb6, 0x1a, 0x00, 0xc1, 0xb5, 0x1c, 0x00, 0xbc, 0xb4,
0x18, 0x00, 0xbb, 0xb3, 0x17, 0x00, 0xbc, 0xb4, 0x19, 0x00, 0xbc, 0xb3, 0x1a, 0x00, 0xbf,
0xaa, 0x17, 0x00, 0xc0, 0xb0, 0x19, 0x00, 0xc0, 0xb6, 0x1e, 0x00, 0xc0, 0xb6, 0x1d, 0x00,
0xc0, 0xb4, 0x1c, 0x00, 0xbc, 0xb5, 0x1d, 0x0a, 0xbd, 0xb5, 0x1d, 0x34, 0xc0, 0xb6, 0x1c,
0x7c, 0xc1, 0xb3, 0x1c, 0xbd, 0xc1, 0xb7, 0x1e, 0xd9, 0xc1, 0xb7, 0x1d, 0xef, 0xc1, 0xb7,
0x1e, 0xff, 0xc1, 0xb7, 0x1e, 0xff, 0xc1, 0xb7, 0x1e, 0xff, 0xc1, 0xb7, 0x1e, 0xff, 0xc1,
0xb7, 0x1e, 0xff, 0xc1, 0xb7, 0x1e, 0xff, 0xc1, 0xb7, 0x1e, 0xff, 0xc1, 0xb7, 0x1e, 0xff,
0xc1, 0xb7, 0x1e, 0xff, 0xc1, 0xb7, 0x1e, 0xff, 0xc1, 0xb7, 0x1e, 0xff, 0xc1, 0xb7, 0x1e,
0xff, 0xc1, 0xb7, 0x1e, 0xff, 0xc1, 0xb7, 0x1e, 0xff, 0xc1, 0xb7, 0x1e, 0xff, 0xc1, 0xb7,
0x1e, 0xff, 0xc1, 0xb7, 0x1e, 0xff, 0xc1, 0xb7, 0x1e, 0xff, 0xc1, 0xb7, 0x1e, 0xff, 0xc1,
0xb7, 0x1d, 0xee, 0xc2, 0xb7, 0x1d, 0xd8, 0xb5, 0xab, 0x1c, 0xbb, 0xbe, 0xb2, 0x1d, 0x7b,
0xbf, 0xb7, 0x1e, 0x34, 0xb1, 0xaa, 0x17, 0x0a, 0xb9, 0xb0, 0x19, 0x00, 0xc5, 0xbb, 0x1f,
0x00, 0xa4, 0x9d, 0x17, 0x00, 0x9c, 0x93, 0x18, 0x00, 0xc5, 0xbc, 0x1a, 0x00, 0xbe, 0xb6,
0x1b, 0x00, 0xbf, 0xb4, 0x1a, 0x00, 0xbf, 0xb2, 0x1b, 0x00, 0xc1, 0xaf, 0x19, 0x00, 0xbf,
0xb6, 0x1c, 0x00, 0xbf, 0xb6, 0x1b, 0x00, 0xbe, 0xb1, 0x1b, 0x00, 0xc0, 0xad, 0x19, 0x00,
0xb7, 0xae, 0x18, 0x00, 0xbc, 0xb4, 0x1d, 0x00, 0xc0, 0xb4, 0x1d, 0x00, 0xc1, 0xb0, 0x1a,
0x00, 0xb2, 0xa8, 0x15, 0x00, 0x8d, 0x89, 0x14, 0x00, 0xbf, 0xab, 0x15, 0x00, 0xbd, 0xb4,
0x1b, 0x00, 0xbd, 0xaf, 0x13, 0x00, 0xbf, 0xb4, 0x1b, 0x00, 0xc0, 0xb6, 0x1d, 0x00, 0xc1,
0xb7, 0x1d, 0x00, 0xc1, 0xb6, 0x1e, 0x00, 0xc3, 0xb8, 0x1e, 0x00, 0xb1, 0xa9, 0x12, 0x00,
0x81, 0x80, 0x00, 0x00, 0x7f, 0x80, 0x01, 0x00, 0x80, 0x80, 0x01, 0x00, 0x80, 0x80, 0x01,
0x00, 0x80, 0x80, 0x01, 0x00, 0x80, 0x80, 0x01, 0x00, 0x80, 0x80, 0x01, 0x00, 0x80, 0x80,
0x01, 0x00, 0x80, 0x80, 0x01, 0x00, 0x80, 0x80, 0x01, 0x00, 0x80, 0x80, 0x01, 0x00, 0x80,
0x80, 0x01, 0x00, 0x80, 0x80, 0x01, 0x00, 0xff, 0xff, 0xff, 0x00, 0xff, 0xff, 0xff, 0x00,
0xff, 0xff, 0xff, 0x00, 0xff, 0xff, 0xff, 0x00, 0xff, 0xff, 0xff, 0x00, 0xff, 0xff, 0xff,
0x00, 0xff, 0xff, 0xff, 0x00, 0xff, 0xff, 0xff, 0x00, 0xff, 0xff, 0xff, 0x00, 0xff, 0xff,
0xff, 0x00, 0xff, 0xff, 0xff, 0x00, 0xff, 0xff, 0xff, 0x00, 0xff, 0xff, 0xff, 0x00, 0xff,
0xff, 0xff, 0x00, 0xff, 0xff, 0xff, 0x00, 0xab, 0xab, 0x01, 0x00, 0xab, 0xab, 0x01, 0x00,
0xab, 0xab, 0x01, 0x00, 0xab, 0xab, 0x01, 0x00, 0xab, 0xab, 0x01, 0x00, 0xab, 0xab, 0x01,
0x00, 0xab, 0xab, 0x01, 0x00, 0xab, 0xab, 0x01, 0x00, 0xab, 0xab, 0x01, 0x00, 0xab, 0xab,
0x01, 0x00, 0xab, 0xab, 0x01, 0x00, 0xab, 0xab, 0x01, 0x00, 0xab, 0xab, 0x00, 0x00, 0xaa,
0xab, 0x03, 0x00, 0xb9, 0xb1, 0x17, 0x00, 0xc0, 0xb6, 0x1c, 0x00, 0xc0, 0xb6, 0x1d, 0x00,
0xc0, 0xb6, 0x1d, 0x00, 0xa3, 0x98, 0x16, 0x00, 0xb6, 0xac, 0x19, 0x00, 0xb4, 0xab, 0x14,
0x00, 0xbd, 0xb7, 0x15, 0x00, 0xbc, 0xb2, 0x17, 0x00, 0xc1, 0xaf, 0x1a, 0x00, 0xbf, 0xa9,
0x15, 0x00, 0xc1, 0xae, 0x14, 0x00, 0xc6, 0xb4, 0x19, 0x00, 0x9c, 0x94, 0x16, 0x00, 0xa8,
0xa1, 0x17, 0x00, 0xb3, 0xa9, 0x12, 0x00, 0xbf, 0xb6, 0x1a, 0x00, 0xc1, 0xb5, 0x1c, 0x00,
0xbc, 0xb4, 0x18, 0x00, 0xbb, 0xb3, 0x17, 0x00, 0xbc, 0xb4, 0x19, 0x00, 0xbc, 0xb3, 0x1a,
0x00, 0xbf, 0xa9, 0x17, 0x00, 0xc0, 0xb0, 0x19, 0x00, 0xc0, 0xb6, 0x1e, 0x12, 0xc1, 0xb6,
0x1e, 0x60, 0xc0, 0xb6, 0x1d, 0xb3, 0xc1, 0xb7, 0x1e, 0xdf, 0xc1, 0xb7, 0x1e, 0xff, 0xc1,
0xb7, 0x1e, 0xff, 0xc1, 0xb8, 0x1e, 0xff, 0xc1, 0xb7, 0x1e, 0xff, 0xc1, 0xb7, 0x1e, 0xff,
0xc1, 0xb7, 0x1e, 0xff, 0xc1, 0xb7, 0x1e, 0xff, 0xc1, 0xb7, 0x1e, 0xff, 0xc1, 0xb7, 0x1e,
0xff, 0xc1, 0xb7, 0x1e, 0xff, 0xc1, 0xb7, 0x1e, 0xff, 0xc1, 0xb7, 0x1e, 0xff, 0xc1, 0xb7,
0x1e, 0xff, 0xc1, 0xb7, 0x1e, 0xff, 0xc1, 0xb7, 0x1e, 0xff, 0xc1, 0xb7, 0x1e, 0xff, 0xc1,
0xb7, 0x1e, 0xff, 0xc1, 0xb7, 0x1e, 0xff, 0xc1, 0xb7, 0x1e, 0xff, 0xc1, 0xb7, 0x1e, 0xff,
0xc1, 0xb7, 0x1e, 0xff, 0xc1, 0xb7, 0x1e, 0xff, 0xc1, 0xb7, 0x1e, 0xff, 0xc1, 0xb7, 0x1e,
0xff, 0xc1, 0xb7, 0x1e, 0xff, 0xc1, 0xb7, 0x1e, 0xff, 0xc3, 0xb9, 0x1e, 0xff, 0xc1, 0xb8,
0x1e, 0xff, 0xc1, 0xb7, 0x1e, 0xff, 0xbf, 0xb5, 0x1d, 0xdf, 0xbf, 0xb6, 0x1d, 0xb5, 0xc4,
0xba, 0x1f, 0x64, 0xa4, 0x9d, 0x17, 0x15, 0x9b, 0x92, 0x18, 0x00, 0xc5, 0xbc, 0x1a, 0x00,
0xbe, 0xb6, 0x1b, 0x00, 0xbf, 0xb4, 0x1a, 0x00, 0xbf, 0xb2, 0x1b, 0x00, 0xc1, 0xaf, 0x19,
0x00, 0xbf, 0xb6, 0x1c, 0x00, 0xbf, 0xb6, 0x1b, 0x00, 0xbe, 0xb1, 0x1b, 0x00, 0xc0, 0xad,
0x19, 0x00, 0xb7, 0xae, 0x18, 0x00, 0xbc, 0xb4, 0x1d, 0x00, 0xc0, 0xb4, 0x1d, 0x00, 0xc1,
0xb0, 0x1a, 0x00, 0xb2, 0xa8, 0x15, 0x00, 0x8d, 0x89, 0x14, 0x00, 0xbf, 0xab, 0x15, 0x00,
0xbd, 0xb4, 0x1b, 0x00, 0xbd, 0xaf, 0x13, 0x00, 0xbf, 0xb4, 0x1b, 0x00, 0xc0, 0xb6, 0x1d,
0x00, 0xc1, 0xb7, 0x1d, 0x00, 0xc1, 0xb6, 0x1e, 0x00, 0xc3, 0xb8, 0x1e, 0x00, 0xb1, 0xa9,
0x12, 0x00, 0x81, 0x80, 0x00, 0x00, 0x7f, 0x80, 0x01, 0x00, 0x80, 0x80, 0x01, 0x00, 0x80,
0x80, 0x01, 0x00, 0x80, 0x80, 0x01, 0x00, 0x80, 0x80, 0x01, 0x00, 0x80, 0x80, 0x01, 0x00,
0x80, 0x80, 0x01, 0x00, 0x80, 0x80, 0x01, 0x00, 0x80, 0x80, 0x01, 0x00, 0x80, 0x80, 0x01,
0x00, 0x80, 0x80, 0x01, 0x00, 0x80, 0x80, 0x01, 0x00, 0xff, 0xff, 0xff, 0x00, 0xff, 0xff,
0xff, 0x00, 0xff, 0xff, 0xff, 0x00, 0xff, 0xff, 0xff, 0x00, 0xff, 0xff, 0xff, 0x00, 0xff,
0xff, 0xff, 0x00, 0xff, 0xff, 0xff, 0x00, 0xff, 0xff, 0xff, 0x00, 0xff, 0xff, 0xff, 0x00,
0xff, 0xff, 0xff, 0x00, 0xff, 0xff, 0xff, 0x00, 0xff, 0xff, 0xff, 0x00, 0xff, 0xff, 0xff,
0x00, 0xff, 0xff, 0xff, 0x00, 0xff, 0xff, 0xff, 0x00, 0xab, 0xab, 0x01, 0x00, 0xab, 0xab,
0x01, 0x00, 0xab, 0xab, 0x01, 0x00, 0xab, 0xab, 0x01, 0x00, 0xab, 0xab, 0x01, 0x00, 0xab,
0xab, 0x01, 0x00, 0xab, 0xab, 0x01, 0x00, 0xab, 0xab, 0x01, 0x00, 0xab, 0xab, 0x01, 0x00,
0xab, 0xab, 0x01, 0x00, 0xab, 0xab, 0x01, 0x00, 0xab, 0xab, 0x01, 0x00, 0xab, 0xab, 0x00,
0x00, 0xaa, 0xab, 0x03, 0x00, 0xb9, 0xb1, 0x17, 0x00, 0xc0, 0xb6, 0x1c, 0x00, 0xc0, 0xb6,
0x1d, 0x00, 0xc0, 0xb6, 0x1d, 0x00, 0xa3, 0x98, 0x16, 0x00, 0xb6, 0xac, 0x19, 0x00, 0xb4,
0xab, 0x14, 0x00, 0xbd, 0xb7, 0x15, 0x00, 0xbc, 0xb2, 0x17, 0x00, 0xc1, 0xaf, 0x1a, 0x00,
0xbf, 0xa9, 0x15, 0x00, 0xc1, 0xae, 0x14, 0x00, 0xc6, 0xb4, 0x19, 0x00, 0x9c, 0x94, 0x16,
0x00, 0xa8, 0xa1, 0x17, 0x00, 0xb3, 0xa9, 0x12, 0x00, 0xbf, 0xb6, 0x1a, 0x00, 0xc1, 0xb5,
0x1c, 0x00, 0xbc, 0xb4, 0x18, 0x00, 0xbb, 0xb3, 0x17, 0x00, 0xbc, 0xb4, 0x19, 0x00, 0xbc,
0xb2, 0x19, 0x04, 0xc0, 0xb0, 0x1a, 0x55, 0xc1, 0xb4, 0x1c, 0xa1, 0xc1, 0xb7, 0x1e, 0xe2,
0xc1, 0xb7, 0x1e, 0xff, 0xc1, 0xb7, 0x1e, 0xff, 0xc1, 0xb7, 0x1e, 0xff, 0xc1, 0xb7, 0x1e,
0xff, 0xc1, 0xb7, 0x1e, 0xff, 0xc1, 0xb7, 0x1e, 0xff, 0xc1, 0xb7, 0x1e, 0xff, 0xc1, 0xb7,
0x1e, 0xff, 0xc1, 0xb7, 0x1e, 0xff, 0xc1, 0xb7, 0x1e, 0xff, 0xc1, 0xb7, 0x1e, 0xff, 0xc1,
0xb7, 0x1e, 0xff, 0xc1, 0xb7, 0x1e, 0xff, 0xc1, 0xb7, 0x1e, 0xff, 0xc1, 0xb7, 0x1e, 0xff,
0xc1, 0xb7, 0x1e, 0xff, 0xc1, 0xb7, 0x1e, 0xff, 0xc1, 0xb7, 0x1e, 0xff, 0xc1, 0xb7, 0x1e,
0xff, 0xc1, 0xb7, 0x1e, 0xff, 0xc1, 0xb7, 0x1e, 0xff, 0xc1, 0xb7, 0x1e, 0xff, 0xc1, 0xb7,
0x1e, 0xff, 0xc1, 0xb7, 0x1e, 0xff, 0xc1, 0xb7, 0x1e, 0xff, 0xc1, 0xb7, 0x1e, 0xff, 0xc1,
0xb7, 0x1e, 0xff, 0xc1, 0xb7, 0x1e, 0xff, 0xc1, 0xb7, 0x1e, 0xff, 0xc1, 0xb7, 0x1e, 0xff,
0xc1, 0xb7, 0x1e, 0xff, 0xc1, 0xb7, 0x1e, 0xff, 0xc1, 0xb7, 0x1e, 0xff, 0xc1, 0xb7, 0x1e,
0xff, 0xc2, 0xb8, 0x1e, 0xff, 0xbb, 0xb2, 0x1d, 0xe6, 0xb8, 0xae, 0x1c, 0xa4, 0xc2, 0xb8,
0x1b, 0x5e, 0xbe, 0xb6, 0x1b, 0x0a, 0xbf, 0xb4, 0x1a, 0x00, 0xbf, 0xb2, 0x1b, 0x00, 0xc1,
0xaf, 0x19, 0x00, 0xbf, 0xb6, 0x1c, 0x00, 0xbf, 0xb6, 0x1b, 0x00, 0xbe, 0xb1, 0x1b, 0x00,
0xc0, 0xad, 0x19, 0x00, 0xb7, 0xae, 0x18, 0x00, 0xbc, 0xb4, 0x1d, 0x00, 0xc0, 0xb4, 0x1d,
0x00, 0xc1, 0xb0, 0x1a, 0x00, 0xb2, 0xa8, 0x15, 0x00, 0x8d, 0x89, 0x14, 0x00, 0xbf, 0xab,
0x15, 0x00, 0xbd, 0xb4, 0x1b, 0x00, 0xbd, 0xaf, 0x13, 0x00, 0xbf, 0xb4, 0x1b, 0x00, 0xc0,
0xb6, 0x1d, 0x00, 0xc1, 0xb7, 0x1d, 0x00, 0xc1, 0xb6, 0x1e, 0x00, 0xc3, 0xb8, 0x1e, 0x00,
0xb1, 0xa9, 0x12, 0x00, 0x81, 0x80, 0x00, 0x00, 0x7f, 0x80, 0x01, 0x00, 0x80, 0x80, 0x01,
0x00, 0x80, 0x80, 0x01, 0x00, 0x80, 0x80, 0x01, 0x00, 0x80, 0x80, 0x01, 0x00, 0x80, 0x80,
0x01, 0x00, 0x80, 0x80, 0x01, 0x00, 0x80, 0x80, 0x01, 0x00, 0x80, 0x80, 0x01, 0x00, 0x80,
0x80, 0x01, 0x00, 0x80, 0x80, 0x01, 0x00, 0x80, 0x80, 0x01, 0x00, 0xff, 0xff, 0xff, 0x00,
0xff, 0xff, 0xff, 0x00, 0xff, 0xff, 0xff, 0x00, 0xff, 0xff, 0xff, 0x00, 0xff, 0xff, 0xff,
0x00, 0xff, 0xff, 0xff, 0x00, 0xff, 0xff, 0xff, 0x00, 0xff, 0xff, 0xff, 0x00, 0xff, 0xff,
0xff, 0x00, 0xff, 0xff, 0xff, 0x00, 0xff, 0xff, 0xff, 0x00, 0xff, 0xff, 0xff, 0x00, 0xff,
0xff, 0xff, 0x00, 0xff, 0xff, 0xff, 0x00, 0xff, 0xff, 0xff, 0x00, 0xab, 0xab, 0x01, 0x00,
0xab, 0xab, 0x01, 0x00, 0xab, 0xab, 0x01, 0x00, 0xab, 0xab, 0x01, 0x00, 0xab, 0xab, 0x01,
0x00, 0xab, 0xab, 0x01, 0x00, 0xab, 0xab, 0x01, 0x00, 0xab, 0xab, 0x01, 0x00, 0xab, 0xab,
0x01, 0x00, 0xab, 0xab, 0x01, 0x00, 0xab, 0xab, 0x01, 0x00, 0xab, 0xab, 0x01, 0x00, 0xab,
0xab, 0x00, 0x00, 0xaa, 0xab, 0x03, 0x00, 0xb9, 0xb1, 0x17, 0x00, 0xc0, 0xb6, 0x1c, 0x00,
0xc0, 0xb6, 0x1d, 0x00, 0xc0, 0xb6, 0x1d, 0x00, 0xa3, 0x98, 0x16, 0x00, 0xb6, 0xac, 0x19,
0x00, 0xb4, 0xab, 0x14, 0x00, 0xbd, 0xb7, 0x15, 0x00, 0xbc, 0xb2, 0x17, 0x00, 0xc1, 0xaf,
0x1a, 0x00, 0xbf, 0xa9, 0x15, 0x00, 0xc1, 0xae, 0x14, 0x00, 0xc6, 0xb4, 0x19, 0x00, 0x9c,
0x94, 0x16, 0x00, 0xa8, 0xa1, 0x17, 0x00, 0xb3, 0xa9, 0x12, 0x00, 0xbf, 0xb6, 0x1a, 0x00,
0xc1, 0xb5, 0x1c, 0x00, 0xbc, 0xb4, 0x18, 0x00, 0xbb, 0xb3, 0x17, 0x1b, 0xbf, 0xb6, 0x1c,
0x81, 0xc0, 0xb6, 0x1d, 0xcf, 0xc1, 0xb8, 0x1f, 0xff, 0xc1, 0xb7, 0x1e, 0xff, 0xc1, 0xb7,
0x1e, 0xff, 0xc1, 0xb7, 0x1e, 0xff, 0xc1, 0xb7, 0x1e, 0xff, 0xc1, 0xb7, 0x1e, 0xff, 0xc1,
0xb7, 0x1e, 0xff, 0xc1, 0xb7, 0x1e, 0xff, 0xc1, 0xb7, 0x1e, 0xff, 0xc1, 0xb7, 0x1e, 0xff,
0xc1, 0xb7, 0x1e, 0xff, 0xc1, 0xb7, 0x1e, 0xff, 0xc1, 0xb7, 0x1e, 0xff, 0xc1, 0xb7, 0x1e,
0xff, 0xc1, 0xb7, 0x1e, 0xff, 0xc1, 0xb7, 0x1e, 0xff, 0xc1, 0xb7, 0x1e, 0xff, 0xc1, 0xb7,
0x1e, 0xff, 0xc1, 0xb7, 0x1e, 0xff, 0xc1, 0xb7, 0x1e, 0xff, 0xc1, 0xb7, 0x1e, 0xff, 0xc1,
0xb7, 0x1e, 0xff, 0xc1, 0xb7, 0x1e, 0xff, 0xc1, 0xb7, 0x1e, 0xff, 0xc1, 0xb7, 0x1e, 0xff,
0xc1, 0xb7, 0x1e, 0xff, 0xc1, 0xb7, 0x1e, 0xff, 0xc1, 0xb7, 0x1e, 0xff, 0xc1, 0xb7, 0x1e,
0xff, 0xc1, 0xb7, 0x1e, 0xff, 0xc1, 0xb7, 0x1e, 0xff, 0xc1, 0xb7, 0x1e, 0xff, 0xc1, 0xb7,
0x1e, 0xff, 0xc1, 0xb7, 0x1e, 0xff, 0xc1, 0xb7, 0x1e, 0xff, 0xc1, 0xb7, 0x1e, 0xff, 0xc1,
0xb7, 0x1e, 0xff, 0xc1, 0xb7, 0x1e, 0xff, 0xc2, 0xb8, 0x1e, 0xff, 0xc3, 0xb9, 0x1e, 0xff,
0xc1, 0xb7, 0x1e, 0xff, 0xc1, 0xb7, 0x1e, 0xd7, 0xc0, 0xb6, 0x1c, 0x8c, 0xbf, 0xb3, 0x1c,
0x2a, 0xc1, 0xae, 0x19, 0x00, 0xbf, 0xb6, 0x1c, 0x00, 0xbf, 0xb6, 0x1b, 0x00, 0xbe, 0xb1,
0x1b, 0x00, 0xc0, 0xad, 0x19, 0x00, 0xb7, 0xae, 0x18, 0x00, 0xbc, 0xb4, 0x1d, 0x00, 0xc0,
0xb4, 0x1d, 0x00, 0xc1, 0xb0, 0x1a, 0x00, 0xb2, 0xa8, 0x15, 0x00, 0x8d, 0x89, 0x14, 0x00,
0xbf, 0xab, 0x15, 0x00, 0xbd, 0xb4, 0x1b, 0x00, 0xbd, 0xaf, 0x13, 0x00, 0xbf, 0xb4, 0x1b,
0x00, 0xc0, 0xb6, 0x1d, 0x00, 0xc1, 0xb7, 0x1d, 0x00, 0xc1, 0xb6, 0x1e, 0x00, 0xc3, 0xb8,
0x1e, 0x00, 0xb1, 0xa9, 0x12, 0x00, 0x81, 0x80, 0x00, 0x00, 0x7f, 0x80, 0x01, 0x00, 0x80,
0x80, 0x01, 0x00, 0x80, 0x80, 0x01, 0x00, 0x80, 0x80, 0x01, 0x00, 0x80, 0x80, 0x01, 0x00,
0x80, 0x80, 0x01, 0x00, 0x80, 0x80, 0x01, 0x00, 0x80, 0x80, 0x01, 0x00, 0x80, 0x80, 0x01,
0x00, 0x80, 0x80, 0x01, 0x00, 0x80, 0x80, 0x01, 0x00, 0x80, 0x80, 0x01, 0x00, 0xff, 0xff,
0xff, 0x00, 0xff, 0xff, 0xff, 0x00, 0xff, 0xff, 0xff, 0x00, 0xff, 0xff, 0xff, 0x00, 0xff,
0xff, 0xff, 0x00, 0xff, 0xff, 0xff, 0x00, 0xff, 0xff, 0xff, 0x00, 0xff, 0xff, 0xff, 0x00,
0xff, 0xff, 0xff, 0x00, 0xff, 0xff, 0xff, 0x00, 0xff, 0xff, 0xff, 0x00, 0xff, 0xff, 0xff,
0x00, 0xff, 0xff, 0xff, 0x00, 0xff, 0xff, 0xff, 0x00, 0xff, 0xff, 0xff, 0x00, 0xab, 0xab,
0x01, 0x00, 0xab, 0xab, 0x01, 0x00, 0xab, 0xab, 0x01, 0x00, 0xab, 0xab, 0x01, 0x00, 0xab,
0xab, 0x01, 0x00, 0xab, 0xab, 0x01, 0x00, 0xab, 0xab, 0x01, 0x00, 0xab, 0xab, 0x01, 0x00,
0xab, 0xab, 0x01, 0x00, 0xab, 0xab, 0x01, 0x00, 0xab, 0xab, 0x01, 0x00, 0xab, 0xab, 0x01,
0x00, 0xab, 0xab, 0x00, 0x00, 0xaa, 0xab, 0x03, 0x00, 0xb9, 0xb1, 0x17, 0x00, 0xc0, 0xb6,
0x1c, 0x00, 0xc0, 0xb6, 0x1d, 0x00, 0xc0, 0xb6, 0x1d, 0x00, 0xa3, 0x98, 0x16, 0x00, 0xb6,
0xac, 0x19, 0x00, 0xb4, 0xab, 0x14, 0x00, 0xbd, 0xb7, 0x15, 0x00, 0xbc, 0xb2, 0x17, 0x00,
0xc1, 0xaf, 0x1a, 0x00, 0xbf, 0xa9, 0x15, 0x00, 0xc1, 0xae, 0x14, 0x00, 0xc6, 0xb4, 0x19,
0x00, 0x9c, 0x94, 0x16, 0x00, 0xa8, 0xa1, 0x17, 0x00, 0xb3, 0xa9, 0x12, 0x00, 0xbf, 0xb6,
0x1a, 0x00, 0xc1, 0xb5, 0x1c, 0x2b, 0xc0, 0xb6, 0x1c, 0x98, 0xc0, 0xb7, 0x1d, 0xeb, 0xc1,
0xb7, 0x1e, 0xff, 0xc1, 0xb7, 0x1e, 0xff, 0xc1, 0xb7, 0x1e, 0xff, 0xc1, 0xb7, 0x1e, 0xff,
0xc1, 0xb7, 0x1e, 0xff, 0xc1, 0xb7, 0x1e, 0xff, 0xc1, 0xb7, 0x1e, 0xff, 0xc1, 0xb7, 0x1e,
0xff, 0xc1, 0xb7, 0x1e, 0xff, 0xc1, 0xb7, 0x1e, 0xff, 0xc1, 0xb7, 0x1e, 0xff, 0xc1, 0xb7,
0x1e, 0xff, 0xc1, 0xb7, 0x1e, 0xff, 0xc1, 0xb7, 0x1e, 0xff, 0xc1, 0xb7, 0x1e, 0xff, 0xc1,
0xb7, 0x1e, 0xff, 0xc1, 0xb7, 0x1e, 0xff, 0xc1, 0xb7, 0x1e, 0xff, 0xc1, 0xb7, 0x1e, 0xff,
0xc1, 0xb7, 0x1e, 0xff, 0xc1, 0xb7, 0x1e, 0xff, 0xc1, 0xb7, 0x1e, 0xff, 0xc1, 0xb7, 0x1e,
0xff, 0xc1, 0xb7, 0x1e, 0xff, 0xc1, 0xb7, 0x1e, 0xff, 0xc1, 0xb7, 0x1e, 0xff, 0xc1, 0xb7,
0x1e, 0xff, 0xc1, 0xb7, 0x1e, 0xff, 0xc1, 0xb7, 0x1e, 0xff, 0xc1, 0xb7, 0x1e, 0xff, 0xc1,
0xb7, 0x1e, 0xff, 0xc1, 0xb7, 0x1e, 0xff, 0xc1, 0xb7, 0x1e, 0xff, 0xc1, 0xb7, 0x1e, 0xff,
0xc1, 0xb7, 0x1e, 0xff, 0xc1, 0xb7, 0x1e, 0xff, 0xc1, 0xb7, 0x1e, 0xff, 0xc1, 0xb7, 0x1e,
0xff, 0xc1, 0xb7, 0x1e, 0xff, 0xc1, 0xb7, 0x1e, 0xff, 0xc1, 0xb7, 0x1e, 0xff, 0xc1, 0xb7,
0x1e, 0xff, 0xc1, 0xb7, 0x1e, 0xff, 0xc1, 0xb7, 0x1e, 0xff, 0xc1, 0xb7, 0x1e, 0xff, 0xc1,
0xb6, 0x1e, 0xf6, 0xc1, 0xb4, 0x1c, 0xa8, 0xc0, 0xb6, 0x1d, 0x42, 0xbf, 0xb6, 0x1b, 0x00,
0xbe, 0xb1, 0x1b, 0x00, 0xc0, 0xad, 0x19, 0x00, 0xb7, 0xae, 0x18, 0x00, 0xbc, 0xb4, 0x1d,
0x00, 0xc0, 0xb4, 0x1d, 0x00, 0xc1, 0xb0, 0x1a, 0x00, 0xb2, 0xa8, 0x15, 0x00, 0x8d, 0x89,
0x14, 0x00, 0xbf, 0xab, 0x15, 0x00, 0xbd, 0xb4, 0x1b, 0x00, 0xbd, 0xaf, 0x13, 0x00, 0xbf,
0xb4, 0x1b, 0x00, 0xc0, 0xb6, 0x1d, 0x00, 0xc1, 0xb7, 0x1d, 0x00, 0xc1, 0xb6, 0x1e, 0x00,
0xc3, 0xb8, 0x1e, 0x00, 0xb1, 0xa9, 0x12, 0x00, 0x81, 0x80, 0x00, 0x00, 0x7f, 0x80, 0x01,
0x00, 0x80, 0x80, 0x01, 0x00, 0x80, 0x80, 0x01, 0x00, 0x80, 0x80, 0x01, 0x00, 0x80, 0x80,
0x01, 0x00, 0x80, 0x80, 0x01, 0x00, 0x80, 0x80, 0x01, 0x00, 0x80, 0x80, 0x01, 0x00, 0x80,
0x80, 0x01, 0x00, 0x80, 0x80, 0x01, 0x00, 0x80, 0x80, 0x01, 0x00, 0x80, 0x80, 0x01, 0x00,
0xff, 0xff, 0xff, 0x00, 0xff, 0xff, 0xff, 0x00, 0xff, 0xff, 0xff, 0x00, 0xff, 0xff, 0xff,
0x00, 0xff, 0xff, 0xff, 0x00, 0xff, 0xff, 0xff, 0x00, 0xff, 0xff, 0xff, 0x00, 0xff, 0xff,
0xff, 0x00, 0xff, 0xff, 0xff, 0x00, 0xff, 0xff, 0xff, 0x00, 0xff, 0xff, 0xff, 0x00, 0xff,
0xff, 0xff, 0x00, 0xff, 0xff, 0xff, 0x00, 0xff, 0xff, 0xff, 0x00, 0xff, 0xff, 0xff, 0x00,
0xab, 0xab, 0x01, 0x00, 0xab, 0xab, 0x01, 0x00, 0xab, 0xab, 0x01, 0x00, 0xab, 0xab, 0x01,
0x00, 0xab, 0xab, 0x01, 0x00, 0xab, 0xab, 0x01, 0x00, 0xab, 0xab, 0x01, 0x00, 0xab, 0xab,
0x01, 0x00, 0xab, 0xab, 0x01, 0x00, 0xab, 0xab, 0x01, 0x00, 0xab, 0xab, 0x01, 0x00, 0xab,
0xab, 0x01, 0x00, 0xab, 0xab, 0x00, 0x00, 0xaa, 0xab, 0x03, 0x00, 0xb9, 0xb1, 0x17, 0x00,
0xc0, 0xb6, 0x1c, 0x00, 0xc0, 0xb6, 0x1d, 0x00, 0xc0, 0xb6, 0x1d, 0x00, 0xa3, 0x98, 0x16,
0x00, 0xb6, 0xac, 0x19, 0x00, 0xb4, 0xab, 0x14, 0x00, 0xbd, 0xb7, 0x15, 0x00, 0xbc, 0xb2,
0x17, 0x00, 0xc1, 0xaf, 0x1a, 0x00, 0xbf, 0xa9, 0x15, 0x00, 0xc1, 0xae, 0x14, 0x00, 0xc6,
0xb4, 0x19, 0x00, 0x9a, 0x92, 0x16, 0x00, 0xa7, 0xa0, 0x17, 0x00, 0xb5, 0xab, 0x14, 0x24,
0xc0, 0xb7, 0x1c, 0x8b, 0xc1, 0xb7, 0x1e, 0xf3, 0xc1, 0xb7, 0x1e, 0xff, 0xc1, 0xb7, 0x1e,
0xff, 0xc1, 0xb7, 0x1e, 0xff, 0xc1, 0xb7, 0x1e, 0xff, 0xc1, 0xb7, 0x1e, 0xff, 0xc1, 0xb7,
0x1e, 0xff, 0xc1, 0xb7, 0x1e, 0xff, 0xc1, 0xb7, 0x1e, 0xff, 0xc1, 0xb7, 0x1e, 0xff, 0xc1,
0xb7, 0x1e, 0xff, 0xc1, 0xb7, 0x1e, 0xff, 0xc1, 0xb7, 0x1e, 0xff, 0xc1, 0xb7, 0x1e, 0xff,
0xc1, 0xb7, 0x1e, 0xff, 0xc1, 0xb7, 0x1e, 0xff, 0xc1, 0xb7, 0x1e, 0xff, 0xc1, 0xb7, 0x1e,
0xff, 0xc1, 0xb7, 0x1e, 0xff, 0xc1, 0xb7, 0x1e, 0xff, 0xc1, 0xb7, 0x1e, 0xff, 0xc1, 0xb7,
0x1e, 0xff, 0xc1, 0xb7, 0x1e, 0xff, 0xc1, 0xb7, 0x1e, 0xff, 0xc1, 0xb7, 0x1e, 0xff, 0xc1,
0xb7, 0x1e, 0xff, 0xc1, 0xb7, 0x1e, 0xff, 0xc1, 0xb7, 0x1e, 0xff, 0xc1, 0xb7, 0x1e, 0xff,
0xc1, 0xb7, 0x1e, 0xff, 0xc1, 0xb7, 0x1e, 0xff, 0xc1, 0xb7, 0x1e, 0xff, 0xc1, 0xb7, 0x1e,
0xff, 0xc1, 0xb7, 0x1e, 0xff, 0xc1, 0xb7, 0x1e, 0xff, 0xc1, 0xb7, 0x1e, 0xff, 0xc1, 0xb7,
0x1e, 0xff, 0xc1, 0xb7, 0x1e, 0xff, 0xc1, 0xb7, 0x1e, 0xff, 0xc1, 0xb7, 0x1e, 0xff, 0xc1,
0xb7, 0x1e, 0xff, 0xc1, 0xb7, 0x1e, 0xff, 0xc1, 0xb7, 0x1e, 0xff, 0xc1, 0xb7, 0x1e, 0xff,
0xc1, 0xb7, 0x1e, 0xff, 0xc1, 0xb7, 0x1e, 0xff, 0xc1, 0xb7, 0x1e, 0xff, 0xc1, 0xb7, 0x1e,
0xff, 0xc1, 0xb7, 0x1e, 0xff, 0xc1, 0xb7, 0x1e, 0xff, 0xc1, 0xb7, 0x1e, 0xff, 0xc0, 0xb7,
0x1d, 0xa3, 0xbf, 0xb2, 0x1c, 0x3a, 0xc0, 0xad, 0x19, 0x00, 0xb7, 0xae, 0x18, 0x00, 0xbc,
0xb4, 0x1d, 0x00, 0xc0, 0xb4, 0x1d, 0x00, 0xc1, 0xb0, 0x1a, 0x00, 0xb2, 0xa8, 0x15, 0x00,
0x8d, 0x89, 0x14, 0x00, 0xbf, 0xab, 0x15, 0x00, 0xbd, 0xb4, 0x1b, 0x00, 0xbd, 0xaf, 0x13,
0x00, 0xbf, 0xb4, 0x1b, 0x00, 0xc0, 0xb6, 0x1d, 0x00, 0xc1, 0xb7, 0x1d, 0x00, 0xc1, 0xb6,
0x1e, 0x00, 0xc3, 0xb8, 0x1e, 0x00, 0xb1, 0xa9, 0x12, 0x00, 0x81, 0x80, 0x00, 0x00, 0x7f,
0x80, 0x01, 0x00, 0x80, 0x80, 0x01, 0x00, 0x80, 0x80, 0x01, 0x00, 0x80, 0x80, 0x01, 0x00,
0x80, 0x80, 0x01, 0x00, 0x80, 0x80, 0x01, 0x00, 0x80, 0x80, 0x01, 0x00, 0x80, 0x80, 0x01,
0x00, 0x80, 0x80, 0x01, 0x00, 0x80, 0x80, 0x01, 0x00, 0x80, 0x80, 0x01, 0x00, 0x80, 0x80,
0x01, 0x00, 0xff, 0xff, 0xff, 0x00, 0xff, 0xff, 0xff, 0x00, 0xff, 0xff, 0xff, 0x00, 0xff,
0xff, 0xff, 0x00, 0xff, 0xff, 0xff, 0x00, 0xff, 0xff, 0xff, 0x00, 0xff, 0xff, 0xff, 0x00,
0xff, 0xff, 0xff, 0x00, 0xff, 0xff, 0xff, 0x00, 0xff, 0xff, 0xff, 0x00, 0xff, 0xff, 0xff,
0x00, 0xff, 0xff, 0xff, 0x00, 0xff, 0xff, 0xff, 0x00, 0xff, 0xff, 0xff, 0x00, 0xff, 0xff,
0xff, 0x00, 0xab, 0xab, 0x01, 0x00, 0xab, 0xab, 0x01, 0x00, 0xab, 0xab, 0x01, 0x00, 0xab,
0xab, 0x01, 0x00, 0xab, 0xab, 0x01, 0x00, 0xab, 0xab, 0x01, 0x00, 0xab, 0xab, 0x01, 0x00,
0xab, 0xab, 0x01, 0x00, 0xab, 0xab, 0x01, 0x00, 0xab, 0xab, 0x01, 0x00, 0xab, 0xab, 0x01,
0x00, 0xab, 0xab, 0x01, 0x00, 0xab, 0xab, 0x00, 0x00, 0xaa, 0xab, 0x03, 0x00, 0xb9, 0xb1,
0x17, 0x00, 0xc0, 0xb6, 0x1c, 0x00, 0xc0, 0xb6, 0x1d, 0x00, 0xc0, 0xb6, 0x1d, 0x00, 0xa3,
0x98, 0x16, 0x00, 0xb6, 0xac, 0x19, 0x00, 0xb4, 0xab, 0x14, 0x00, 0xbd, 0xb7, 0x15, 0x00,
0xbc, 0xb2, 0x17, 0x00, 0xc1, 0xaf, 0x1a, 0x00, 0xbf, 0xa9, 0x15, 0x00, 0xc1, 0xae, 0x14,
0x00, 0xc4, 0xb2, 0x19, 0x00, 0xa5, 0x9d, 0x18, 0x12, 0xb0, 0xa8, 0x1a, 0x76, 0xc2, 0xb8,
0x1e, 0xed, 0xc1, 0xb7, 0x1e, 0xff, 0xc1, 0xb7, 0x1e, 0xff, 0xc1, 0xb7, 0x1e, 0xff, 0xc1,
0xb7, 0x1e, 0xff, 0xc1, 0xb7, 0x1e, 0xff, 0xc1, 0xb7, 0x1e, 0xff, 0xc1, 0xb7, 0x1e, 0xff,
0xc1, 0xb7, 0x1e, 0xff, 0xc1, 0xb7, 0x1e, 0xff, 0xc1, 0xb7, 0x1e, 0xff, 0xc1, 0xb7, 0x1e,
0xff, 0xc1, 0xb7, 0x1e, 0xff, 0xc1, 0xb7, 0x1e, 0xff, 0xc1, 0xb7, 0x1e, 0xff, 0xc1, 0xb7,
0x1e, 0xff, 0xc1, 0xb7, 0x1e, 0xff, 0xc1, 0xb7, 0x1e, 0xff, 0xc1, 0xb7, 0x1e, 0xff, 0xc1,
0xb7, 0x1e, 0xff, 0xc1, 0xb7, 0x1e, 0xff, 0xc1, 0xb7, 0x1e, 0xff, 0xc1, 0xb7, 0x1e, 0xff,
0xc1, 0xb7, 0x1e, 0xff, 0xc1, 0xb7, 0x1e, 0xff, 0xc1, 0xb7, 0x1e, 0xff, 0xc1, 0xb7, 0x1e,
0xff, 0xc1, 0xb7, 0x1e, 0xff, 0xc1, 0xb7, 0x1e, 0xff, 0xc1, 0xb7, 0x1e, 0xff, 0xc1, 0xb7,
0x1e, 0xff, 0xc1, 0xb7, 0x1e, 0xff, 0xc1, 0xb7, 0x1e, 0xff, 0xc1, 0xb7, 0x1e, 0xff, 0xc1,
0xb7, 0x1e, 0xff, 0xc1, 0xb7, 0x1e, 0xff, 0xc1, 0xb7, 0x1e, 0xff, 0xc1, 0xb7, 0x1e, 0xff,
0xc1, 0xb7, 0x1e, 0xff, 0xc1, 0xb7, 0x1e, 0xff, 0xc1, 0xb7, 0x1e, 0xff, 0xc1, 0xb7, 0x1e,
0xff, 0xc1, 0xb7, 0x1e, 0xff, 0xc1, 0xb7, 0x1e, 0xff, 0xc1, 0xb7, 0x1e, 0xff, 0xc1, 0xb7,
0x1e, 0xff, 0xc1, 0xb7, 0x1e, 0xff, 0xc1, 0xb7, 0x1e, 0xff, 0xc1, 0xb7, 0x1e, 0xff, 0xc1,
0xb7, 0x1e, 0xff, 0xc1, 0xb7, 0x1e, 0xff, 0xc1, 0xb7, 0x1e, 0xff, 0xc1, 0xb7, 0x1e, 0xff,
0xc1, 0xb7, 0x1e, 0xff, 0xc1, 0xb7, 0x1e, 0xfd, 0xc1, 0xb5, 0x1c, 0x95, 0xb8, 0xae, 0x19,
0x2a, 0xbc, 0xb4, 0x1d, 0x00, 0xc0, 0xb4, 0x1d, 0x00, 0xc1, 0xb0, 0x1a, 0x00, 0xb2, 0xa8,
0x15, 0x00, 0x8d, 0x89, 0x14, 0x00, 0xbf, 0xab, 0x15, 0x00, 0xbd, 0xb4, 0x1b, 0x00, 0xbd,
0xaf, 0x13, 0x00, 0xbf, 0xb4, 0x1b, 0x00, 0xc0, 0xb6, 0x1d, 0x00, 0xc1, 0xb7, 0x1d, 0x00,
0xc1, 0xb6, 0x1e, 0x00, 0xc3, 0xb8, 0x1e, 0x00, 0xb1, 0xa9, 0x12, 0x00, 0x81, 0x80, 0x00,
0x00, 0x7f, 0x80, 0x01, 0x00, 0x80, 0x80, 0x01, 0x00, 0x80, 0x80, 0x01, 0x00, 0x80, 0x80,
0x01, 0x00, 0x80, 0x80, 0x01, 0x00, 0x80, 0x80, 0x01, 0x00, 0x80, 0x80, 0x01, 0x00, 0x80,
0x80, 0x01, 0x00, 0x80, 0x80, 0x01, 0x00, 0x80, 0x80, 0x01, 0x00, 0x80, 0x80, 0x01, 0x00,
0x80, 0x80, 0x01, 0x00, 0xff, 0xff, 0xff, 0x00, 0xff, 0xff, 0xff, 0x00, 0xff, 0xff, 0xff,
0x00, 0xff, 0xff, 0xff, 0x00, 0xff, 0xff, 0xff, 0x00, 0xff, 0xff, 0xff, 0x00, 0xff, 0xff,
0xff, 0x00, 0xff, 0xff, 0xff, 0x00, 0xff, 0xff, 0xff, 0x00, 0xff, 0xff, 0xff, 0x00, 0xff,
0xff, 0xff, 0x00, 0xff, 0xff, 0xff, 0x00, 0xff, 0xff, 0xff, 0x00, 0xff, 0xff, 0xff, 0x00,
0xff, 0xff, 0xff, 0x00, 0xab, 0xab, 0x01, 0x00, 0xab, 0xab, 0x01, 0x00, 0xab, 0xab, 0x01,
0x00, 0xab, 0xab, 0x01, 0x00, 0xab, 0xab, 0x01, 0x00, 0xab, 0xab, 0x01, 0x00, 0xab, 0xab,
0x01, 0x00, 0xab, 0xab, 0x01, 0x00, 0xab, 0xab, 0x01, 0x00, 0xab, 0xab, 0x01, 0x00, 0xab,
0xab, 0x01, 0x00, 0xab, 0xab, 0x01, 0x00, 0xab, 0xab, 0x00, 0x00, 0xaa, 0xab, 0x03, 0x00,
0xb9, 0xb1, 0x17, 0x00, 0xc0, 0xb6, 0x1c, 0x00, 0xc0, 0xb6, 0x1d, 0x00, 0xc0, 0xb6, 0x1d,
0x00, 0xa3, 0x98, 0x16, 0x00, 0xb6, 0xac, 0x19, 0x00, 0xb4, 0xab, 0x14, 0x00, 0xbd, 0xb7,
0x15, 0x00, 0xbc, 0xb2, 0x17, 0x00, 0xc1, 0xaf, 0x1a, 0x00, 0xbf, 0xa9, 0x15, 0x00, 0xc1,
0xae, 0x14, 0x00, 0xc0, 0xb0, 0x19, 0x40, 0xc2, 0xb9, 0x1e, 0xd3, 0xc2, 0xb8, 0x1e, 0xff,
0xc1, 0xb7, 0x1e, 0xff, 0xc1, 0xb7, 0x1e, 0xff, 0xc1, 0xb7, 0x1e, 0xff, 0xc1, 0xb7, 0x1e,
0xff, 0xc1, 0xb7, 0x1e, 0xff, 0xc1, 0xb7, 0x1e, 0xff, 0xc1, 0xb7, 0x1e, 0xff, 0xc1, 0xb7,
0x1e, 0xff, 0xc1, 0xb7, 0x1e, 0xff, 0xc1, 0xb7, 0x1e, 0xff, 0xc1, 0xb7, 0x1e, 0xff, 0xc1,
0xb7, 0x1e, 0xff, 0xc1, 0xb7, 0x1e, 0xff, 0xc1, 0xb7, 0x1e, 0xff, 0xc1, 0xb7, 0x1e, 0xff,
0xc1, 0xb7, 0x1e, 0xff, 0xc1, 0xb7, 0x1e, 0xff, 0xc1, 0xb7, 0x1e, 0xff, 0xc1, 0xb7, 0x1e,
0xff, 0xc1, 0xb7, 0x1e, 0xff, 0xc1, 0xb7, 0x1e, 0xff, 0xc1, 0xb7, 0x1e, 0xff, 0xc1, 0xb7,
0x1e, 0xff, 0xc1, 0xb7, 0x1e, 0xff, 0xc1, 0xb7, 0x1e, 0xff, 0xc1, 0xb7, 0x1e, 0xff, 0xc1,
0xb7, 0x1e, 0xff, 0xc1, 0xb7, 0x1e, 0xff, 0xc1, 0xb7, 0x1e, 0xff, 0xc1, 0xb7, 0x1e, 0xff,
0xc1, 0xb7, 0x1e, 0xff, 0xc1, 0xb7, 0x1e, 0xff, 0xc1, 0xb7, 0x1e, 0xff, 0xc1, 0xb7, 0x1e,
0xff, 0xc1, 0xb7, 0x1e, 0xff, 0xc1, 0xb7, 0x1e, 0xff, 0xc1, 0xb7, 0x1e, 0xff, 0xc1, 0xb7,
0x1e, 0xff, 0xc1, 0xb7, 0x1e, 0xff, 0xc1, 0xb7, 0x1e, 0xff, 0xc1, 0xb7, 0x1e, 0xff, 0xc1,
0xb7, 0x1e, 0xff, 0xc1, 0xb7, 0x1e, 0xff, 0xc1, 0xb7, 0x1e, 0xff, 0xc1, 0xb7, 0x1e, 0xff,
0xc1, 0xb7, 0x1e, 0xff, 0xc1, 0xb7, 0x1e, 0xff, 0xc1, 0xb7, 0x1e, 0xff, 0xc1, 0xb7, 0x1e,
0xff, 0xc1, 0xb7, 0x1e, 0xff, 0xc1, 0xb7, 0x1e, 0xff, 0xc1, 0xb7, 0x1e, 0xff, 0xc1, 0xb7,
0x1e, 0xff, 0xc1, 0xb7, 0x1e, 0xff, 0xc1, 0xb7, 0x1e, 0xff, 0xc1, 0xb8, 0x1e, 0xff, 0xc1,
0xb7, 0x1e, 0xef, 0xbe, 0xb5, 0x1e, 0x64, 0xc0, 0xb4, 0x1d, 0x04, 0xc1, 0xb0, 0x1a, 0x00,
0xb2, 0xa8, 0x15, 0x00, 0x8d, 0x89, 0x14, 0x00, 0xbf, 0xab, 0x15, 0x00, 0xbd, 0xb4, 0x1b,
0x00, 0xbd, 0xaf, 0x13, 0x00, 0xbf, 0xb4, 0x1b, 0x00, 0xc0, 0xb6, 0x1d, 0x00, 0xc1, 0xb7,
0x1d, 0x00, 0xc1, 0xb6, 0x1e, 0x00, 0xc3, 0xb8, 0x1e, 0x00, 0xb1, 0xa9, 0x12, 0x00, 0x81,
0x80, 0x00, 0x00, 0x7f, 0x80, 0x01, 0x00, 0x80, 0x80, 0x01, 0x00, 0x80, 0x80, 0x01, 0x00,
0x80, 0x80, 0x01, 0x00, 0x80, 0x80, 0x01, 0x00, 0x80, 0x80, 0x01, 0x00, 0x80, 0x80, 0x01,
0x00, 0x80, 0x80, 0x01, 0x00, 0x80, 0x80, 0x01, 0x00, 0x80, 0x80, 0x01, 0x00, 0x80, 0x80,
0x01, 0x00, 0x80, 0x80, 0x01, 0x00, 0xff, 0xff, 0xff, 0x00, 0xff, 0xff, 0xff, 0x00, 0xff,
0xff, 0xff, 0x00, 0xff, 0xff, 0xff, 0x00, 0xff, 0xff, 0xff, 0x00, 0xff, 0xff, 0xff, 0x00,
0xff, 0xff, 0xff, 0x00, 0xff, 0xff, 0xff, 0x00, 0xff, 0xff, 0xff, 0x00, 0xff, 0xff, 0xff,
0x00, 0xff, 0xff, 0xff, 0x00, 0xff, 0xff, 0xff, 0x00, 0xff, 0xff, 0xff, 0x00, 0xff, 0xff,
0xff, 0x00, 0xff, 0xff, 0xff, 0x00, 0xab, 0xab, 0x01, 0x00, 0xab, 0xab, 0x01, 0x00, 0xab,
0xab, 0x01, 0x00, 0xab, 0xab, 0x01, 0x00, 0xab, 0xab, 0x01, 0x00, 0xab, 0xab, 0x01, 0x00,
0xab, 0xab, 0x01, 0x00, 0xab, 0xab, 0x01, 0x00, 0xab, 0xab, 0x01, 0x00, 0xab, 0xab, 0x01,
0x00, 0xab, 0xab, 0x01, 0x00, 0xab, 0xab, 0x01, 0x00, 0xab, 0xab, 0x00, 0x00, 0xaa, 0xab,
0x03, 0x00, 0xb9, 0xb1, 0x17, 0x00, 0xc0, 0xb6, 0x1c, 0x00, 0xc0, 0xb6, 0x1d, 0x00, 0xc0,
0xb6, 0x1d, 0x00, 0xa3, 0x98, 0x16, 0x00, 0xb6, 0xac, 0x19, 0x00, 0xb4, 0xab, 0x14, 0x00,
0xbd, 0xb7, 0x15, 0x00, 0xbc, 0xb2, 0x17, 0x00, 0xc1, 0xaf, 0x1a, 0x00, 0xbf, 0xa9, 0x16,
0x15, 0xc1, 0xb4, 0x1a, 0x9a, 0xc1, 0xb7, 0x1e, 0xff, 0xc1, 0xb7, 0x1e, 0xff, 0xc1, 0xb7,
0x1e, 0xff, 0xc1, 0xb7, 0x1e, 0xff, 0xc1, 0xb7, 0x1e, 0xff, 0xc1, 0xb7, 0x1e, 0xff, 0xc1,
0xb7, 0x1e, 0xff, 0xc1, 0xb7, 0x1e, 0xff, 0xc1, 0xb7, 0x1e, 0xff, 0xc1, 0xb7, 0x1e, 0xff,
0xc1, 0xb7, 0x1e, 0xff, 0xc1, 0xb7, 0x1e, 0xff, 0xc1, 0xb7, 0x1e, 0xff, 0xc1, 0xb7, 0x1e,
0xff, 0xc1, 0xb7, 0x1e, 0xff, 0xc1, 0xb7, 0x1e, 0xff, 0xc1, 0xb7, 0x1e, 0xff, 0xc1, 0xb7,
0x1e, 0xff, 0xc1, 0xb7, 0x1e, 0xff, 0xc1, 0xb7, 0x1e, 0xff, 0xc1, 0xb7, 0x1e, 0xff, 0xc1,
0xb7, 0x1e, 0xff, 0xc1, 0xb7, 0x1e, 0xff, 0xc1, 0xb7, 0x1e, 0xff, 0xc1, 0xb7, 0x1e, 0xff,
0xc1, 0xb7, 0x1e, 0xff, 0xc1, 0xb7, 0x1e, 0xff, 0xc1, 0xb7, 0x1e, 0xff, 0xc1, 0xb7, 0x1e,
0xff, 0xc1, 0xb7, 0x1e, 0xff, 0xc1, 0xb7, 0x1e, 0xff, 0xc1, 0xb7, 0x1e, 0xff, 0xc1, 0xb7,
0x1e, 0xff, 0xc1, 0xb7, 0x1e, 0xff, 0xc1, 0xb7, 0x1e, 0xff, 0xc1, 0xb7, 0x1e, 0xff, 0xc1,
0xb7, 0x1e, 0xff, 0xc1, 0xb7, 0x1e, 0xff, 0xc1, 0xb7, 0x1e, 0xff, 0xc1, 0xb7, 0x1e, 0xff,
0xc1, 0xb7, 0x1e, 0xff, 0xc1, 0xb7, 0x1e, 0xff, 0xc1, 0xb7, 0x1e, 0xff, 0xc1, 0xb7, 0x1e,
0xff, 0xc1, 0xb7, 0x1e, 0xff, 0xc1, 0xb7, 0x1e, 0xff, 0xc1, 0xb7, 0x1e, 0xff, 0xc1, 0xb7,
0x1e, 0xff, 0xc1, 0xb7, 0x1e, 0xff, 0xc1, 0xb7, 0x1e, 0xff, 0xc1, 0xb7, 0x1e, 0xff, 0xc1,
0xb7, 0x1e, 0xff, 0xc1, 0xb7, 0x1e, 0xff, 0xc1, 0xb7, 0x1e, 0xff, 0xc1, 0xb7, 0x1e, 0xff,
0xc1, 0xb7, 0x1e, 0xff, 0xc1, 0xb7, 0x1e, 0xff, 0xc1, 0xb7, 0x1e, 0xff, 0xc1, 0xb7, 0x1e,
0xff, 0xc1, 0xb7, 0x1e, 0xff, 0xc1, 0xb7, 0x1e, 0xff, 0xc1, 0xb6, 0x1e, 0xbe, 0xc1, 0xb1,
0x1a, 0x26, 0xb1, 0xa8, 0x15, 0x00, 0x8d, 0x89, 0x14, 0x00, 0xbf, 0xab, 0x15, 0x00, 0xbd,
0xb4, 0x1b, 0x00, 0xbd, 0xaf, 0x13, 0x00, 0xbf, 0xb4, 0x1b, 0x00, 0xc0, 0xb6, 0x1d, 0x00,
0xc1, 0xb7, 0x1d, 0x00, 0xc1, 0xb6, 0x1e, 0x00, 0xc3, 0xb8, 0x1e, 0x00, 0xb1, 0xa9, 0x12,
0x00, 0x81, 0x80, 0x00, 0x00, 0x7f, 0x80, 0x01, 0x00, 0x80, 0x80, 0x01, 0x00, 0x80, 0x80,
0x01, 0x00, 0x80, 0x80, 0x01, 0x00, 0x80, 0x80, 0x01, 0x00, 0x80, 0x80, 0x01, 0x00, 0x80,
0x80, 0x01, 0x00, 0x80, 0x80, 0x01, 0x00, 0x80, 0x80, 0x01, 0x00, 0x80, 0x80, 0x01, 0x00,
0x80, 0x80, 0x01, 0x00, 0x80, 0x80, 0x01, 0x00, 0xff, 0xff, 0xff, 0x00, 0xff, 0xff, 0xff,
0x00, 0xff, 0xff, 0xff, 0x00, 0xff, 0xff, 0xff, 0x00, 0xff, 0xff, 0xff, 0x00, 0xff, 0xff,
0xff, 0x00, 0xff, 0xff, 0xff, 0x00, 0xff, 0xff, 0xff, 0x00, 0xff, 0xff, 0xff, 0x00, 0xff,
0xff, 0xff, 0x00, 0xff, 0xff, 0xff, 0x00, 0xff, 0xff, 0xff, 0x00, 0xff, 0xff, 0xff, 0x00,
0xff, 0xff, 0xff, 0x00, 0xff, 0xff, 0xff, 0x00, 0xab, 0xab, 0x01, 0x00, 0xab, 0xab, 0x01,
0x00, 0xab, 0xab, 0x01, 0x00, 0xab, 0xab, 0x01, 0x00, 0xab, 0xab, 0x01, 0x00, 0xab, 0xab,
0x01, 0x00, 0xab, 0xab, 0x01, 0x00, 0xab, 0xab, 0x01, 0x00, 0xab, 0xab, 0x01, 0x00, 0xab,
0xab, 0x01, 0x00, 0xab, 0xab, 0x01, 0x00, 0xab, 0xab, 0x01, 0x00, 0xab, 0xab, 0x00, 0x00,
0xaa, 0xab, 0x03, 0x00, 0xb9, 0xb1, 0x17, 0x00, 0xc0, 0xb6, 0x1c, 0x00, 0xc0, 0xb6, 0x1d,
0x00, 0xc0, 0xb6, 0x1d, 0x00, 0xa3, 0x98, 0x16, 0x00, 0xb6, 0xac, 0x19, 0x00, 0xb4, 0xab,
0x14, 0x00, 0xbd, 0xb7, 0x15, 0x00, 0xbc, 0xb2, 0x16, 0x00, 0xc1, 0xb1, 0x1b, 0x3f, 0xc1,
0xb7, 0x1e, 0xdd, 0xc1, 0xb7, 0x1f, 0xff, 0xc1, 0xb7, 0x1e, 0xff, 0xc1, 0xb7, 0x1e, 0xff,
0xc1, 0xb7, 0x1e, 0xff, 0xc1, 0xb7, 0x1e, 0xff, 0xc1, 0xb7, 0x1e, 0xff, 0xc1, 0xb7, 0x1e,
0xff, 0xc1, 0xb7, 0x1e, 0xff, 0xc1, 0xb7, 0x1e, 0xff, 0xc1, 0xb7, 0x1e, 0xff, 0xc1, 0xb7,
0x1e, 0xff, 0xc1, 0xb7, 0x1e, 0xff, 0xc1, 0xb7, 0x1e, 0xff, 0xc1, 0xb7, 0x1e, 0xff, 0xc1,
0xb7, 0x1e, 0xff, 0xc1, 0xb7, 0x1e, 0xff, 0xc1, 0xb7, 0x1e, 0xff, 0xc1, 0xb7, 0x1e, 0xff,
0xc1, 0xb7, 0x1e, 0xff, 0xc1, 0xb7, 0x1e, 0xff, 0xc1, 0xb7, 0x1e, 0xff, 0xc1, 0xb7, 0x1e,
0xff, 0xc1, 0xb7, 0x1e, 0xff, 0xc1, 0xb7, 0x1e, 0xff, 0xc1, 0xb7, 0x1e, 0xff, 0xc1, 0xb7,
0x1e, 0xff, 0xc1, 0xb7, 0x1e, 0xff, 0xc1, 0xb7, 0x1e, 0xff, 0xc1, 0xb7, 0x1e, 0xff, 0xc1,
0xb7, 0x1e, 0xff, 0xc1, 0xb7, 0x1e, 0xff, 0xc1, 0xb7, 0x1e, 0xff, 0xc1, 0xb7, 0x1e, 0xff,
0xc1, 0xb7, 0x1e, 0xff, 0xc1, 0xb7, 0x1e, 0xff, 0xc1, 0xb7, 0x1e, 0xff, 0xc1, 0xb7, 0x1e,
0xff, 0xc1, 0xb7, 0x1e, 0xff, 0xc1, 0xb7, 0x1e, 0xff, 0xc1, 0xb7, 0x1e, 0xff, 0xc1, 0xb7,
0x1e, 0xff, 0xc1, 0xb7, 0x1e, 0xff, 0xc1, 0xb7, 0x1e, 0xff, 0xc1, 0xb7, 0x1e, 0xff, 0xc1,
0xb7, 0x1e, 0xff, 0xc1, 0xb7, 0x1e, 0xff, 0xc1, 0xb7, 0x1e, 0xff, 0xc1, 0xb7, 0x1e, 0xff,
0xc1, 0xb7, 0x1e, 0xff, 0xc1, 0xb7, 0x1e, 0xff, 0xc1, 0xb7, 0x1e, 0xff, 0xc1, 0xb7, 0x1e,
0xff, 0xc1, 0xb7, 0x1e, 0xff, 0xc1, 0xb7, 0x1e, 0xff, 0xc1, 0xb7, 0x1e, 0xff, 0xc1, 0xb7,
0x1e, 0xff, 0xc1, 0xb7, 0x1e, 0xff, 0xc1, 0xb7, 0x1e, 0xff, 0xc1, 0xb7, 0x1e, 0xff, 0xc1,
0xb7, 0x1e, 0xff, 0xc1, 0xb7, 0x1e, 0xff, 0xc1, 0xb7, 0x1e, 0xff, 0xc1, 0xb7, 0x1e, 0xff,
0xc2, 0xb8, 0x1e, 0xee, 0xb4, 0xac, 0x18, 0x57, 0x8b, 0x88, 0x13, 0x00, 0xbf, 0xab, 0x15,
0x00, 0xbd, 0xb4, 0x1b, 0x00, 0xbd, 0xaf, 0x13, 0x00, 0xbf, 0xb4, 0x1b, 0x00, 0xc0, 0xb6,
0x1d, 0x00, 0xc1, 0xb7, 0x1d, 0x00, 0xc1, 0xb6, 0x1e, 0x00, 0xc3, 0xb8, 0x1e, 0x00, 0xb1,
0xa9, 0x12, 0x00, 0x81, 0x80, 0x00, 0x00, 0x7f, 0x80, 0x01, 0x00, 0x80, 0x80, 0x01, 0x00,
0x80, 0x80, 0x01, 0x00, 0x80, 0x80, 0x01, 0x00, 0x80, 0x80, 0x01, 0x00, 0x80, 0x80, 0x01,
0x00, 0x80, 0x80, 0x01, 0x00, 0x80, 0x80, 0x01, 0x00, 0x80, 0x80, 0x01, 0x00, 0x80, 0x80,
0x01, 0x00, 0x80, 0x80, 0x01, 0x00, 0x80, 0x80, 0x01, 0x00, 0xff, 0xff, 0xff, 0x00, 0xff,
0xff, 0xff, 0x00, 0xff, 0xff, 0xff, 0x00, 0xff, 0xff, 0xff, 0x00, 0xff, 0xff, 0xff, 0x00,
0xff, 0xff, 0xff, 0x00, 0xff, 0xff, 0xff, 0x00, 0xff, 0xff, 0xff, 0x00, 0xff, 0xff, 0xff,
0x00, 0xff, 0xff, 0xff, 0x00, 0xff, 0xff, 0xff, 0x00, 0xff, 0xff, 0xff, 0x00, 0xff, 0xff,
0xff, 0x00, 0xff, 0xff, 0xff, 0x00, 0xff, 0xff, 0xff, 0x00, 0xab, 0xab, 0x01, 0x00, 0xab,
0xab, 0x01, 0x00, 0xab, 0xab, 0x01, 0x00, 0xab, 0xab, 0x01, 0x00, 0xab, 0xab, 0x01, 0x00,
0xab, 0xab, 0x01, 0x00, 0xab, 0xab, 0x01, 0x00, 0xab, 0xab, 0x01, 0x00, 0xab, 0xab, 0x01,
0x00, 0xab, 0xab, 0x01, 0x00, 0xab, 0xab, 0x01, 0x00, 0xab, 0xab, 0x01, 0x00, 0xab, 0xab,
0x00, 0x00, 0xaa, 0xab, 0x03, 0x00, 0xb9, 0xb1, 0x17, 0x00, 0xc0, 0xb6, 0x1c, 0x00, 0xc0,
0xb6, 0x1d, 0x00, 0xc0, 0xb6, 0x1d, 0x00, 0xa3, 0x98, 0x16, 0x00, 0xb6, 0xac, 0x19, 0x00,
0xb4, 0xab, 0x13, 0x00, 0xbd, 0xb7, 0x15, 0x00, 0xbe, 0xb5, 0x1a, 0x7a, 0xc2, 0xb7, 0x1f,
0xfc, 0xc1, 0xb7, 0x1e, 0xff, 0xc1, 0xb7, 0x1e, 0xff, 0xc1, 0xb7, 0x1e, 0xff, 0xc1, 0xb7,
0x1e, 0xff, 0xc1, 0xb7, 0x1e, 0xff, 0xc1, 0xb7, 0x1e, 0xff, 0xc1, 0xb7, 0x1e, 0xff, 0xc1,
0xb7, 0x1e, 0xff, 0xc1, 0xb7, 0x1e, 0xff, 0xc1, 0xb7, 0x1e, 0xff, 0xc1, 0xb7, 0x1e, 0xff,
0xc1, 0xb7, 0x1e, 0xff, 0xc1, 0xb7, 0x1e, 0xff, 0xc1, 0xb7, 0x1e, 0xff, 0xc1, 0xb7, 0x1e,
0xff, 0xc1, 0xb7, 0x1e, 0xff, 0xc1, 0xb7, 0x1e, 0xff, 0xc1, 0xb7, 0x1e, 0xff, 0xc1, 0xb7,
0x1e, 0xff, 0xc1, 0xb7, 0x1e, 0xff, 0xc1, 0xb7, 0x1e, 0xff, 0xc1, 0xb7, 0x1e, 0xff, 0xc1,
0xb7, 0x1e, 0xff, 0xc1, 0xb7, 0x1e, 0xff, 0xc1, 0xb7, 0x1e, 0xff, 0xc1, 0xb7, 0x1e, 0xff,
0xc1, 0xb7, 0x1e, 0xff, 0xc1, 0xb7, 0x1e, 0xff, 0xc1, 0xb7, 0x1e, 0xff, 0xc1, 0xb7, 0x1e,
0xff, 0xc1, 0xb7, 0x1e, 0xff, 0xc1, 0xb7, 0x1e, 0xff, 0xc1, 0xb7, 0x1e, 0xff, 0xc1, 0xb7,
0x1e, 0xff, 0xc1, 0xb7, 0x1e, 0xff, 0xc1, 0xb7, 0x1e, 0xff, 0xc1, 0xb7, 0x1e, 0xff, 0xc1,
0xb7, 0x1e, 0xff, 0xc1, 0xb7, 0x1e, 0xff, 0xc1, 0xb7, 0x1e, 0xff, 0xc1, 0xb7, 0x1e, 0xff,
0xc1, 0xb7, 0x1e, 0xff, 0xc1, 0xb7, 0x1e, 0xff, 0xc1, 0xb7, 0x1e, 0xff, 0xc1, 0xb7, 0x1e,
0xff, 0xc1, 0xb7, 0x1e, 0xff, 0xc1, 0xb7, 0x1e, 0xff, 0xc1, 0xb7, 0x1e, 0xff, 0xc1, 0xb7,
0x1e, 0xff, 0xc1, 0xb7, 0x1e, 0xff, 0xc1, 0xb7, 0x1e, 0xff, 0xc1, 0xb7, 0x1e, 0xff, 0xc1,
0xb7, 0x1e, 0xff, 0xc1, 0xb7, 0x1e, 0xff, 0xc1, 0xb7, 0x1e, 0xff, 0xc1, 0xb7, 0x1e, 0xff,
0xc1, 0xb7, 0x1e, 0xff, 0xc1, 0xb7, 0x1e, 0xff, 0xc1, 0xb7, 0x1e, 0xff, 0xc1, 0xb7, 0x1e,
0xff, 0xc1, 0xb7, 0x1e, 0xff, 0xc1, 0xb7, 0x1e, 0xff, 0xc1, 0xb7, 0x1e, 0xff, 0xc1, 0xb7,
0x1e, 0xff, 0xc1, 0xb7, 0x1e, 0xff, 0xc0, 0xb6, 0x1e, 0xff, 0xb3, 0xac, 0x1b, 0x8e, 0xbd,
0xa7, 0x14, 0x01, 0xbd, 0xb4, 0x1b, 0x00, 0xbd, 0xaf, 0x13, 0x00, 0xbf, 0xb4, 0x1b, 0x00,
0xc0, 0xb6, 0x1d, 0x00, 0xc1, 0xb7, 0x1d, 0x00, 0xc1, 0xb6, 0x1e, 0x00, 0xc3, 0xb8, 0x1e,
0x00, 0xb1, 0xa9, 0x12, 0x00, 0x81, 0x80, 0x00, 0x00, 0x7f, 0x80, 0x01, 0x00, 0x80, 0x80,
0x01, 0x00, 0x80, 0x80, 0x01, 0x00, 0x80, 0x80, 0x01, 0x00, 0x80, 0x80, 0x01, 0x00, 0x80,
0x80, 0x01, 0x00, 0x80, 0x80, 0x01, 0x00, 0x80, 0x80, 0x01, 0x00, 0x80, 0x80, 0x01, 0x00,
0x80, 0x80, 0x01, 0x00, 0x80, 0x80, 0x01, 0x00, 0x80, 0x80, 0x01, 0x00, 0xff, 0xff, 0xff,
0x00, 0xff, 0xff, 0xff, 0x00, 0xff, 0xff, 0xff, 0x00, 0xff, 0xff, 0xff, 0x00, 0xff, 0xff,
0xff, 0x00, 0xff, 0xff, 0xff, 0x00, 0xff, 0xff, 0xff, 0x00, 0xff, 0xff, 0xff, 0x00, 0xff,
0xff, 0xff, 0x00, 0xff, 0xff, 0xff, 0x00, 0xff, 0xff, 0xff, 0x00, 0xff, 0xff, 0xff, 0x00,
0xff, 0xff, 0xff, 0x00, 0xff, 0xff, 0xff, 0x00, 0xff, 0xff, 0xff, 0x00, 0xab, 0xab, 0x01,
0x00, 0xab, 0xab, 0x01, 0x00, 0xab, 0xab, 0x01, 0x00, 0xab, 0xab, 0x01, 0x00, 0xab, 0xab,
0x01, 0x00, 0xab, 0xab, 0x01, 0x00, 0xab, 0xab, 0x01, 0x00, 0xab, 0xab, 0x01, 0x00, 0xab,
0xab, 0x01, 0x00, 0xab, 0xab, 0x01, 0x00, 0xab, 0xab, 0x01, 0x00, 0xab, 0xab, 0x01, 0x00,
0xab, 0xab, 0x00, 0x00, 0xaa, 0xab, 0x03, 0x00, 0xb9, 0xb1, 0x17, 0x00, 0xc0, 0xb6, 0x1c,
0x00, 0xc0, 0xb6, 0x1d, 0x00, 0xc0, 0xb6, 0x1d, 0x00, 0xa3, 0x98, 0x16, 0x00, 0xb6, 0xac,
0x18, 0x00, 0xb3, 0xab, 0x15, 0x0f, 0xc2, 0xb8, 0x1c, 0xae, 0xc1, 0xb7, 0x1f, 0xff, 0xc1,
0xb7, 0x1e, 0xff, 0xc1, 0xb7, 0x1e, 0xff, 0xc1, 0xb7, 0x1e, 0xff, 0xc1, 0xb7, 0x1e, 0xff,
0xc1, 0xb7, 0x1e, 0xff, 0xc1, 0xb7, 0x1e, 0xff, 0xc1, 0xb7, 0x1e, 0xff, 0xc1, 0xb7, 0x1e,
0xff, 0xc1, 0xb7, 0x1e, 0xff, 0xc1, 0xb7, 0x1e, 0xff, 0xc1, 0xb7, 0x1e, 0xff, 0xc1, 0xb7,
0x1e, 0xff, 0xc1, 0xb7, 0x1e, 0xff, 0xc1, 0xb7, 0x1e, 0xff, 0xc1, 0xb7, 0x1e, 0xff, 0xc1,
0xb7, 0x1e, 0xff, 0xc1, 0xb7, 0x1e, 0xff, 0xc1, 0xb7, 0x1e, 0xff, 0xc1, 0xb7, 0x1e, 0xff,
0xc1, 0xb7, 0x1e, 0xff, 0xc1, 0xb7, 0x1e, 0xff, 0xc1, 0xb7, 0x1e, 0xff, 0xc1, 0xb7, 0x1e,
0xff, 0xc1, 0xb7, 0x1e, 0xff, 0xc1, 0xb7, 0x1e, 0xff, 0xc1, 0xb7, 0x1e, 0xff, 0xc1, 0xb7,
0x1e, 0xff, 0xc1, 0xb7, 0x1e, 0xff, 0xc1, 0xb7, 0x1e, 0xff, 0xc1, 0xb7, 0x1e, 0xff, 0xc1,
0xb7, 0x1e, 0xff, 0xc1, 0xb7, 0x1e, 0xff, 0xc1, 0xb7, 0x1e, 0xff, 0xc1, 0xb7, 0x1e, 0xff,
0xc1, 0xb7, 0x1e, 0xff, 0xc1, 0xb7, 0x1e, 0xff, 0xc1, 0xb7, 0x1e, 0xff, 0xc1, 0xb7, 0x1e,
0xff, 0xc1, 0xb7, 0x1e, 0xff, 0xc1, 0xb7, 0x1e, 0xff, 0xc1, 0xb7, 0x1e, 0xff, 0xc1, 0xb7,
0x1e, 0xff, 0xc1, 0xb7, 0x1e, 0xff, 0xc1, 0xb7, 0x1e, 0xff, 0xc1, 0xb7, 0x1e, 0xff, 0xc1,
0xb7, 0x1e, 0xff, 0xc1, 0xb7, 0x1e, 0xff, 0xc1, 0xb7, 0x1e, 0xff, 0xc1, 0xb7, 0x1e, 0xff,
0xc1, 0xb7, 0x1e, 0xff, 0xc1, 0xb7, 0x1e, 0xff, 0xc1, 0xb7, 0x1e, 0xff, 0xc1, 0xb7, 0x1e,
0xff, 0xc1, 0xb7, 0x1e, 0xff, 0xc1, 0xb7, 0x1e, 0xff, 0xc1, 0xb7, 0x1e, 0xff, 0xc1, 0xb7,
0x1e, 0xff, 0xc1, 0xb7, 0x1e, 0xff, 0xc1, 0xb7, 0x1e, 0xff, 0xc1, 0xb7, 0x1e, 0xff, 0xc1,
0xb7, 0x1e, 0xff, 0xc1, 0xb7, 0x1e, 0xff, 0xc1, 0xb7, 0x1e, 0xff, 0xc1, 0xb7, 0x1e, 0xff,
0xc1, 0xb7, 0x1e, 0xff, 0xc1, 0xb7, 0x1e, 0xff, 0xc1, 0xb7, 0x1e, 0xff, 0xc4, 0xb9, 0x1f,
0xff, 0xbf, 0xb2, 0x1b, 0xb4, 0xbe, 0xb6, 0x1c, 0x0e, 0xbd, 0xaf, 0x13, 0x00, 0xbf, 0xb4,
0x1b, 0x00, 0xc0, 0xb6, 0x1d, 0x00, 0xc1, 0xb7, 0x1d, 0x00, 0xc1, 0xb6, 0x1e, 0x00, 0xc3,
0xb8, 0x1e, 0x00, 0xb1, 0xa9, 0x12, 0x00, 0x81, 0x80, 0x00, 0x00, 0x7f, 0x80, 0x01, 0x00,
0x80, 0x80, 0x01, 0x00, 0x80, 0x80, 0x01, 0x00, 0x80, 0x80, 0x01, 0x00, 0x80, 0x80, 0x01,
0x00, 0x80, 0x80, 0x01, 0x00, 0x80, 0x80, 0x01, 0x00, 0x80, 0x80, 0x01, 0x00, 0x80, 0x80,
0x01, 0x00, 0x80, 0x80, 0x01, 0x00, 0x80, 0x80, 0x01, 0x00, 0x80, 0x80, 0x01, 0x00, 0xff,
0xff, 0xff, 0x00, 0xff, 0xff, 0xff, 0x00, 0xff, 0xff, 0xff, 0x00, 0xff, 0xff, 0xff, 0x00,
0xff, 0xff, 0xff, 0x00, 0xff, 0xff, 0xff, 0x00, 0xff, 0xff, 0xff, 0x00, 0xff, 0xff, 0xff,
0x00, 0xff, 0xff, 0xff, 0x00, 0xff, 0xff, 0xff, 0x00, 0xff, 0xff, 0xff, 0x00, 0xff, 0xff,
0xff, 0x00, 0xff, 0xff, 0xff, 0x00, 0xff, 0xff, 0xff, 0x00, 0xff, 0xff, 0xff, 0x00, 0xab,
0xab, 0x01, 0x00, 0xab, 0xab, 0x01, 0x00, 0xab, 0xab, 0x01, 0x00, 0xab, 0xab, 0x01, 0x00,
0xab, 0xab, 0x01, 0x00, 0xab, 0xab, 0x01, 0x00, 0xab, 0xab, 0x01, 0x00, 0xab, 0xab, 0x01,
0x00, 0xab, 0xab, 0x01, 0x00, 0xab, 0xab, 0x01, 0x00, 0xab, 0xab, 0x01, 0x00, 0xab, 0xab,
0x01, 0x00, 0xab, 0xab, 0x00, 0x00, 0xaa, 0xab, 0x03, 0x00, 0xb9, 0xb1, 0x17, 0x00, 0xc0,
0xb6, 0x1c, 0x00, 0xc0, 0xb6, 0x1d, 0x00, 0xc0, 0xb6, 0x1d, 0x00, 0xa1, 0x95, 0x15, 0x00,
0xbb, 0xb1, 0x1b, 0x29, 0xbe, 0xb4, 0x1c, 0xd2, 0xc2, 0xb8, 0x1f, 0xff, 0xc1, 0xb7, 0x1e,
0xff, 0xc1, 0xb7, 0x1e, 0xff, 0xc1, 0xb7, 0x1e, 0xff, 0xc1, 0xb7, 0x1e, 0xff, 0xc1, 0xb7,
0x1e, 0xff, 0xc1, 0xb7, 0x1e, 0xff, 0xc1, 0xb7, 0x1e, 0xff, 0xc1, 0xb7, 0x1e, 0xff, 0xc1,
0xb7, 0x1e, 0xff, 0xc1, 0xb7, 0x1e, 0xff, 0xc1, 0xb7, 0x1e, 0xff, 0xc1, 0xb7, 0x1e, 0xff,
0xc1, 0xb7, 0x1e, 0xff, 0xc1, 0xb7, 0x1e, 0xff, 0xc1, 0xb7, 0x1e, 0xff, 0xc1, 0xb7, 0x1e,
0xff, 0xc1, 0xb7, 0x1e, 0xff, 0xc1, 0xb7, 0x1e, 0xff, 0xc1, 0xb7, 0x1e, 0xff, 0xc1, 0xb7,
0x1e, 0xff, 0xc1, 0xb7, 0x1e, 0xff, 0xc1, 0xb7, 0x1e, 0xff, 0xc1, 0xb7, 0x1e, 0xff, 0xc1,
0xb7, 0x1e, 0xff, 0xc1, 0xb7, 0x1e, 0xff, 0xc1, 0xb7, 0x1e, 0xff, 0xc1, 0xb7, 0x1e, 0xff,
0xc1, 0xb7, 0x1e, 0xff, 0xc1, 0xb7, 0x1e, 0xff, 0xc1, 0xb7, 0x1e, 0xff, 0xc1, 0xb7, 0x1e,
0xff, 0xc1, 0xb7, 0x1e, 0xff, 0xc1, 0xb7, 0x1e, 0xff, 0xc1, 0xb7, 0x1e, 0xff, 0xc1, 0xb7,
0x1e, 0xff, 0xc1, 0xb7, 0x1e, 0xff, 0xc1, 0xb7, 0x1e, 0xff, 0xc1, 0xb7, 0x1e, 0xff, 0xc1,
0xb7, 0x1e, 0xff, 0xc1, 0xb7, 0x1e, 0xff, 0xc1, 0xb7, 0x1e, 0xff, 0xc1, 0xb7, 0x1e, 0xff,
0xc1, 0xb7, 0x1e, 0xff, 0xc1, 0xb7, 0x1e, 0xff, 0xc1, 0xb7, 0x1e, 0xff, 0xc1, 0xb7, 0x1e,
0xff, 0xc1, 0xb7, 0x1e, 0xff, 0xc1, 0xb7, 0x1e, 0xff, 0xc1, 0xb7, 0x1e, 0xff, 0xc1, 0xb7,
0x1e, 0xff, 0xc1, 0xb7, 0x1e, 0xff, 0xc1, 0xb7, 0x1e, 0xff, 0xc1, 0xb7, 0x1e, 0xff, 0xc1,
0xb7, 0x1e, 0xff, 0xc1, 0xb7, 0x1e, 0xff, 0xc1, 0xb7, 0x1e, 0xff, 0xc1, 0xb7, 0x1e, 0xff,
0xc1, 0xb7, 0x1e, 0xff, 0xc1, 0xb7, 0x1e, 0xff, 0xc1, 0xb7, 0x1e, 0xff, 0xc1, 0xb7, 0x1e,
0xff, 0xc1, 0xb7, 0x1e, 0xff, 0xc1, 0xb7, 0x1e, 0xff, 0xc1, 0xb7, 0x1e, 0xff, 0xc1, 0xb7,
0x1e, 0xff, 0xc1, 0xb7, 0x1e, 0xff, 0xc1, 0xb7, 0x1e, 0xff, 0xc1, 0xb7, 0x1e, 0xff, 0xc1,
0xb7, 0x1e, 0xff, 0xc1, 0xb8, 0x1e, 0xff, 0xc1, 0xb7, 0x1e, 0xce, 0xbd, 0xaf, 0x14, 0x20,
0xbf, 0xb4, 0x1b, 0x00, 0xc0, 0xb6, 0x1d, 0x00, 0xc1, 0xb7, 0x1d, 0x00, 0xc1, 0xb6, 0x1e,
0x00, 0xc3, 0xb8, 0x1e, 0x00, 0xb1, 0xa9, 0x12, 0x00, 0x81, 0x80, 0x00, 0x00, 0x7f, 0x80,
0x01, 0x00, 0x80, 0x80, 0x01, 0x00, 0x80, 0x80, 0x01, 0x00, 0x80, 0x80, 0x01, 0x00, 0x80,
0x80, 0x01, 0x00, 0x80, 0x80, 0x01, 0x00, 0x80, 0x80, 0x01, 0x00, 0x80, 0x80, 0x01, 0x00,
0x80, 0x80, 0x01, 0x00, 0x80, 0x80, 0x01, 0x00, 0x80, 0x80, 0x01, 0x00, 0x80, 0x80, 0x01,
0x00, 0xff, 0xff, 0xff, 0x00, 0xff, 0xff, 0xff, 0x00, 0xff, 0xff, 0xff, 0x00, 0xff, 0xff,
0xff, 0x00, 0xff, 0xff, 0xff, 0x00, 0xff, 0xff, 0xff, 0x00, 0xff, 0xff, 0xff, 0x00, 0xff,
0xff, 0xff, 0x00, 0xff, 0xff, 0xff, 0x00, 0xff, 0xff, 0xff, 0x00, 0xff, 0xff, 0xff, 0x00,
0xff, 0xff, 0xff, 0x00, 0xff, 0xff, 0xff, 0x00, 0xff, 0xff, 0xff, 0x00, 0xff, 0xff, 0xff,
0x00, 0xab, 0xab, 0x01, 0x00, 0xab, 0xab, 0x01, 0x00, 0xab, 0xab, 0x01, 0x00, 0xab, 0xab,
0x01, 0x00, 0xab, 0xab, 0x01, 0x00, 0xab, 0xab, 0x01, 0x00, 0xab, 0xab, 0x01, 0x00, 0xab,
0xab, 0x01, 0x00, 0xab, 0xab, 0x01, 0x00, 0xab, 0xab, 0x01, 0x00, 0xab, 0xab, 0x01, 0x00,
0xab, 0xab, 0x01, 0x00, 0xab, 0xab, 0x00, 0x00, 0xaa, 0xab, 0x03, 0x00, 0xb9, 0xb1, 0x17,
0x00, 0xc0, 0xb6, 0x1c, 0x00, 0xc0, 0xb6, 0x1d, 0x00, 0xbf, 0xb5, 0x1d, 0x00, 0xaf, 0xa2,
0x18, 0x3b, 0xc0, 0xb6, 0x1e, 0xde, 0xc2, 0xb8, 0x1e, 0xff, 0xc1, 0xb7, 0x1e, 0xff, 0xc1,
0xb7, 0x1e, 0xff, 0xc1, 0xb7, 0x1e, 0xff, 0xc1, 0xb7, 0x1e, 0xff, 0xc1, 0xb7, 0x1e, 0xff,
0xc1, 0xb7, 0x1e, 0xff, 0xc1, 0xb7, 0x1e, 0xff, 0xc1, 0xb7, 0x1e, 0xff, 0xc1, 0xb7, 0x1e,
0xff, 0xc1, 0xb7, 0x1e, 0xff, 0xc1, 0xb7, 0x1e, 0xff, 0xc1, 0xb7, 0x1e, 0xff, 0xc1, 0xb7,
0x1e, 0xff, 0xc1, 0xb7, 0x1e, 0xff, 0xc1, 0xb7, 0x1e, 0xff, 0xc1, 0xb7, 0x1e, 0xff, 0xc1,
0xb7, 0x1e, 0xff, 0xc1, 0xb7, 0x1e, 0xff, 0xc1, 0xb7, 0x1e, 0xff, 0xc1, 0xb7, 0x1e, 0xff,
0xc1, 0xb7, 0x1e, 0xff, 0xc1, 0xb7, 0x1e, 0xff, 0xc1, 0xb7, 0x1e, 0xff, 0xc1, 0xb7, 0x1e,
0xff, 0xc1, 0xb7, 0x1e, 0xff, 0xc1, 0xb7, 0x1e, 0xff, 0xc1, 0xb7, 0x1e, 0xff, 0xc1, 0xb7,
0x1e, 0xff, 0xc1, 0xb7, 0x1e, 0xff, 0xc1, 0xb7, 0x1e, 0xff, 0xc1, 0xb7, 0x1e, 0xff, 0xc1,
0xb7, 0x1e, 0xff, 0xc1, 0xb7, 0x1e, 0xff, 0xc1, 0xb7, 0x1e, 0xff, 0xc1, 0xb7, 0x1e, 0xff,
0xc1, 0xb7, 0x1e, 0xff, 0xc1, 0xb7, 0x1e, 0xff, 0xc1, 0xb7, 0x1e, 0xff, 0xc1, 0xb7, 0x1e,
0xff, 0xc1, 0xb7, 0x1e, 0xff, 0xc1, 0xb7, 0x1e, 0xff, 0xc1, 0xb7, 0x1e, 0xff, 0xc1, 0xb7,
0x1e, 0xff, 0xc1, 0xb7, 0x1e, 0xff, 0xc1, 0xb7, 0x1e, 0xff, 0xc1, 0xb7, 0x1e, 0xff, 0xc1,
0xb7, 0x1e, 0xff, 0xc1, 0xb7, 0x1e, 0xff, 0xc1, 0xb7, 0x1e, 0xff, 0xc1, 0xb7, 0x1e, 0xff,
0xc1, 0xb7, 0x1e, 0xff, 0xc1, 0xb7, 0x1e, 0xff, 0xc1, 0xb7, 0x1e, 0xff, 0xc1, 0xb7, 0x1e,
0xff, 0xc1, 0xb7, 0x1e, 0xff, 0xc1, 0xb7, 0x1e, 0xff, 0xc1, 0xb7, 0x1e, 0xff, 0xc1, 0xb7,
0x1e, 0xff, 0xc1, 0xb7, 0x1e, 0xff, 0xc1, 0xb7, 0x1e, 0xff, 0xc1, 0xb7, 0x1e, 0xff, 0xc1,
0xb7, 0x1e, 0xff, 0xc1, 0xb7, 0x1e, 0xff, 0xc1, 0xb7, 0x1e, 0xff, 0xc1, 0xb7, 0x1e, 0xff,
0xc1, 0xb7, 0x1e, 0xff, 0xc1, 0xb7, 0x1e, 0xff, 0xc1, 0xb7, 0x1e, 0xff, 0xc1, 0xb7, 0x1e,
0xff, 0xc1, 0xb7, 0x1e, 0xff, 0xc1, 0xb7, 0x1e, 0xff, 0xc1, 0xb7, 0x1e, 0xff, 0xc1, 0xb6,
0x1d, 0xd4, 0xc0, 0xb5, 0x1b, 0x29, 0xc0, 0xb6, 0x1d, 0x00, 0xc1, 0xb7, 0x1d, 0x00, 0xc1,
0xb6, 0x1e, 0x00, 0xc3, 0xb8, 0x1e, 0x00, 0xb1, 0xa9, 0x12, 0x00, 0x81, 0x80, 0x00, 0x00,
0x7f, 0x80, 0x01, 0x00, 0x80, 0x80, 0x01, 0x00, 0x80, 0x80, 0x01, 0x00, 0x80, 0x80, 0x01,
0x00, 0x80, 0x80, 0x01, 0x00, 0x80, 0x80, 0x01, 0x00, 0x80, 0x80, 0x01, 0x00, 0x80, 0x80,
0x01, 0x00, 0x80, 0x80, 0x01, 0x00, 0x80, 0x80, 0x01, 0x00, 0x80, 0x80, 0x01, 0x00, 0x80,
0x80, 0x01, 0x00, 0xff, 0xff, 0xff, 0x00, 0xff, 0xff, 0xff, 0x00, 0xff, 0xff, 0xff, 0x00,
0xff, 0xff, 0xff, 0x00, 0xff, 0xff, 0xff, 0x00, 0xff, 0xff, 0xff, 0x00, 0xff, 0xff, 0xff,
0x00, 0xff, 0xff, 0xff, 0x00, 0xff, 0xff, 0xff, 0x00, 0xff, 0xff, 0xff, 0x00, 0xff, 0xff,
0xff, 0x00, 0xff, 0xff, 0xff, 0x00, 0xff, 0xff, 0xff, 0x00, 0xff, 0xff, 0xff, 0x00, 0xff,
0xff, 0xff, 0x00, 0xab, 0xab, 0x01, 0x00, 0xab, 0xab, 0x01, 0x00, 0xab, 0xab, 0x01, 0x00,
0xab, 0xab, 0x01, 0x00, 0xab, 0xab, 0x01, 0x00, 0xab, 0xab, 0x01, 0x00, 0xab, 0xab, 0x01,
0x00, 0xab, 0xab, 0x01, 0x00, 0xab, 0xab, 0x01, 0x00, 0xab, 0xab, 0x01, 0x00, 0xab, 0xab,
0x01, 0x00, 0xab, 0xab, 0x01, 0x00, 0xab, 0xab, 0x00, 0x00, 0xaa, 0xab, 0x03, 0x00, 0xb9,
0xb1, 0x17, 0x00, 0xc0, 0xb6, 0x1c, 0x00, 0xbf, 0xb6, 0x1c, 0x00, 0xbf, 0xb6, 0x1d, 0x48,
0xc2, 0xb8, 0x1e, 0xeb, 0xc1, 0xb7, 0x1e, 0xff, 0xc1, 0xb7, 0x1e, 0xff, 0xc1, 0xb7, 0x1e,
0xff, 0xc1, 0xb7, 0x1e, 0xff, 0xc1, 0xb7, 0x1e, 0xff, 0xc1, 0xb7, 0x1e, 0xff, 0xc1, 0xb7,
0x1e, 0xff, 0xc1, 0xb7, 0x1e, 0xff, 0xc1, 0xb7, 0x1e, 0xff, 0xc1, 0xb7, 0x1e, 0xff, 0xc1,
0xb7, 0x1e, 0xff, 0xc1, 0xb7, 0x1e, 0xff, 0xc1, 0xb7, 0x1e, 0xff, 0xc1, 0xb7, 0x1e, 0xff,
0xc1, 0xb7, 0x1e, 0xff, 0xc1, 0xb7, 0x1e, 0xff, 0xc1, 0xb7, 0x1e, 0xff, 0xc1, 0xb7, 0x1e,
0xff, 0xc1, 0xb7, 0x1e, 0xff, 0xc1, 0xb7, 0x1e, 0xff, 0xc1, 0xb7, 0x1e, 0xff, 0xc1, 0xb7,
0x1e, 0xff, 0xc1, 0xb7, 0x1e, 0xff, 0xc1, 0xb7, 0x1e, 0xff, 0xc1, 0xb7, 0x1e, 0xff, 0xc1,
0xb7, 0x1e, 0xff, 0xc1, 0xb7, 0x1e, 0xff, 0xc1, 0xb7, 0x1e, 0xff, 0xc1, 0xb7, 0x1e, 0xff,
0xc1, 0xb7, 0x1e, 0xff, 0xc1, 0xb7, 0x1e, 0xff, 0xc1, 0xb7, 0x1e, 0xff, 0xc1, 0xb7, 0x1e,
0xff, 0xc1, 0xb7, 0x1e, 0xff, 0xc1, 0xb7, 0x1e, 0xff, 0xc1, 0xb7, 0x1e, 0xff, 0xc1, 0xb7,
0x1e, 0xff, 0xc1, 0xb7, 0x1e, 0xff, 0xc1, 0xb7, 0x1e, 0xff, 0xc1, 0xb7, 0x1e, 0xff, 0xc1,
0xb7, 0x1e, 0xff, 0xc1, 0xb7, 0x1e, 0xff, 0xc1, 0xb7, 0x1e, 0xff, 0xc1, 0xb7, 0x1e, 0xff,
0xc1, 0xb7, 0x1e, 0xff, 0xc1, 0xb7, 0x1e, 0xff, 0xc1, 0xb7, 0x1e, 0xff, 0xc1, 0xb7, 0x1e,
0xff, 0xc1, 0xb7, 0x1e, 0xff, 0xc1, 0xb7, 0x1e, 0xff, 0xc1, 0xb7, 0x1e, 0xff, 0xc1, 0xb7,
0x1e, 0xff, 0xc1, 0xb7, 0x1e, 0xff, 0xc1, 0xb7, 0x1e, 0xff, 0xc1, 0xb7, 0x1e, 0xff, 0xc1,
0xb7, 0x1e, 0xff, 0xc1, 0xb7, 0x1e, 0xff, 0xc1, 0xb7, 0x1e, 0xff, 0xc1, 0xb7, 0x1e, 0xff,
0xc1, 0xb7, 0x1e, 0xff, 0xc1, 0xb7, 0x1e, 0xff, 0xc1, 0xb7, 0x1e, 0xff, 0xc1, 0xb7, 0x1e,
0xff, 0xc1, 0xb7, 0x1e, 0xff, 0xc1, 0xb7, 0x1e, 0xff, 0xc1, 0xb7, 0x1e, 0xff, 0xc1, 0xb7,
0x1e, 0xff, 0xc1, 0xb7, 0x1e, 0xff, 0xc1, 0xb7, 0x1e, 0xff, 0xc1, 0xb7, 0x1e, 0xff, 0xc1,
0xb7, 0x1e, 0xff, 0xc1, 0xb7, 0x1e, 0xff, 0xc1, 0xb7, 0x1e, 0xff, 0xc1, 0xb7, 0x1e, 0xff,
0xc1, 0xb7, 0x1e, 0xff, 0xc1, 0xb7, 0x1e, 0xdb, 0xc1, 0xb6, 0x1e, 0x2f, 0xc1, 0xb6, 0x1d,
0x00, 0xc1, 0xb6, 0x1e, 0x00, 0xc3, 0xb8, 0x1e, 0x00, 0xb1, 0xa9, 0x12, 0x00, 0x81, 0x80,
0x00, 0x00, 0x7f, 0x80, 0x01, 0x00, 0x80, 0x80, 0x01, 0x00, 0x80, 0x80, 0x01, 0x00, 0x80,
0x80, 0x01, 0x00, 0x80, 0x80, 0x01, 0x00, 0x80, 0x80, 0x01, 0x00, 0x80, 0x80, 0x01, 0x00,
0x80, 0x80, 0x01, 0x00, 0x80, 0x80, 0x01, 0x00, 0x80, 0x80, 0x01, 0x00, 0x80, 0x80, 0x01,
0x00, 0x80, 0x80, 0x01, 0x00, 0xff, 0xff, 0xff, 0x00, 0xff, 0xff, 0xff, 0x00, 0xff, 0xff,
0xff, 0x00, 0xff, 0xff, 0xff, 0x00, 0xff, 0xff, 0xff, 0x00, 0xff, 0xff, 0xff, 0x00, 0xff,
0xff, 0xff, 0x00, 0xff, 0xff, 0xff, 0x00, 0xff, 0xff, 0xff, 0x00, 0xff, 0xff, 0xff, 0x00,
0xff, 0xff, 0xff, 0x00, 0xff, 0xff, 0xff, 0x00, 0xff, 0xff, 0xff, 0x00, 0xff, 0xff, 0xff,
0x00, 0xff, 0xff, 0xff, 0x00, 0xab, 0xab, 0x01, 0x00, 0xab, 0xab, 0x01, 0x00, 0xab, 0xab,
0x01, 0x00, 0xab, 0xab, 0x01, 0x00, 0xab, 0xab, 0x01, 0x00, 0xab, 0xab, 0x01, 0x00, 0xab,
0xab, 0x01, 0x00, 0xab, 0xab, 0x01, 0x00, 0xab, 0xab, 0x01, 0x00, 0xab, 0xab, 0x01, 0x00,
0xab, 0xab, 0x01, 0x00, 0xab, 0xab, 0x01, 0x00, 0xab, 0xab, 0x00, 0x00, 0xaa, 0xab, 0x03,
0x00, 0xb9, 0xb1, 0x17, 0x00, 0xc0, 0xb6, 0x1c, 0x00, 0xc0, 0xb6, 0x1d, 0x5a, 0xc1, 0xb7,
0x1e, 0xf2, 0xc1, 0xb7, 0x1e, 0xff, 0xc1, 0xb7, 0x1e, 0xff, 0xc1, 0xb7, 0x1e, 0xff, 0xc1,
0xb7, 0x1e, 0xff, 0xc1, 0xb7, 0x1e, 0xff, 0xc1, 0xb7, 0x1e, 0xff, 0xc1, 0xb7, 0x1e, 0xff,
0xc1, 0xb7, 0x1e, 0xff, 0xc1, 0xb7, 0x1e, 0xff, 0xc1, 0xb7, 0x1e, 0xff, 0xc1, 0xb7, 0x1e,
0xff, 0xc1, 0xb7, 0x1e, 0xff, 0xc1, 0xb7, 0x1e, 0xff, 0xc1, 0xb7, 0x1e, 0xff, 0xc1, 0xb7,
0x1e, 0xff, 0xc1, 0xb7, 0x1e, 0xff, 0xc1, 0xb7, 0x1e, 0xff, 0xc1, 0xb7, 0x1e, 0xff, 0xc1,
0xb7, 0x1e, 0xff, 0xc1, 0xb7, 0x1e, 0xff, 0xc1, 0xb7, 0x1e, 0xff, 0xc1, 0xb7, 0x1e, 0xff,
0xc1, 0xb7, 0x1e, 0xff, 0xc1, 0xb7, 0x1e, 0xff, 0xc1, 0xb7, 0x1e, 0xff, 0xc1, 0xb7, 0x1e,
0xff, 0xc1, 0xb7, 0x1e, 0xff, 0xc1, 0xb7, 0x1e, 0xff, 0xc1, 0xb7, 0x1e, 0xff, 0xc1, 0xb7,
0x1e, 0xff, 0xc1, 0xb7, 0x1e, 0xff, 0xc1, 0xb7, 0x1e, 0xff, 0xc1, 0xb7, 0x1e, 0xff, 0xc1,
0xb7, 0x1e, 0xff, 0xc1, 0xb7, 0x1e, 0xff, 0xc1, 0xb7, 0x1e, 0xff, 0xc1, 0xb7, 0x1e, 0xff,
0xc1, 0xb7, 0x1e, 0xff, 0xc1, 0xb7, 0x1e, 0xff, 0xc1, 0xb7, 0x1e, 0xff, 0xc1, 0xb7, 0x1e,
0xff, 0xc1, 0xb7, 0x1e, 0xff, 0xc1, 0xb7, 0x1e, 0xff, 0xc1, 0xb7, 0x1e, 0xff, 0xc1, 0xb7,
0x1e, 0xff, 0xc1, 0xb7, 0x1e, 0xff, 0xc1, 0xb7, 0x1e, 0xff, 0xc1, 0xb7, 0x1e, 0xff, 0xc1,
0xb7, 0x1e, 0xff, 0xc1, 0xb7, 0x1e, 0xff, 0xc1, 0xb7, 0x1e, 0xff, 0xc1, 0xb7, 0x1e, 0xff,
0xc1, 0xb7, 0x1e, 0xff, 0xc1, 0xb7, 0x1e, 0xff, 0xc1, 0xb7, 0x1e, 0xff, 0xc1, 0xb7, 0x1e,
0xff, 0xc1, 0xb7, 0x1e, 0xff, 0xc1, 0xb7, 0x1e, 0xff, 0xc1, 0xb7, 0x1e, 0xff, 0xc1, 0xb7,
0x1e, 0xff, 0xc1, 0xb7, 0x1e, 0xff, 0xc1, 0xb7, 0x1e, 0xff, 0xc1, 0xb7, 0x1e, 0xff, 0xc1,
0xb7, 0x1e, 0xff, 0xc1, 0xb7, 0x1e, 0xff, 0xc1, 0xb7, 0x1e, 0xff, 0xc1, 0xb7, 0x1e, 0xff,
0xc1, 0xb7, 0x1e, 0xff, 0xc1, 0xb7, 0x1e, 0xff, 0xc1, 0xb7, 0x1e, 0xff, 0xc1, 0xb7, 0x1e,
0xff, 0xc1, 0xb7, 0x1e, 0xff, 0xc1, 0xb7, 0x1e, 0xff, 0xc1, 0xb7, 0x1e, 0xff, 0xc1, 0xb7,
0x1e, 0xff, 0xc1, 0xb7, 0x1e, 0xff, 0xc1, 0xb7, 0x1e, 0xff, 0xc1, 0xb7, 0x1e, 0xe0, 0xc1,
0xb6, 0x1d, 0x3c, 0xc1, 0xb6, 0x1e, 0x00, 0xc3, 0xb8, 0x1e, 0x00, 0xb1, 0xa9, 0x12, 0x00,
0x81, 0x80, 0x00, 0x00, 0x7f, 0x80, 0x01, 0x00, 0x80, 0x80, 0x01, 0x00, 0x80, 0x80, 0x01,
0x00, 0x80, 0x80, 0x01, 0x00, 0x80, 0x80, 0x01, 0x00, 0x80, 0x80, 0x01, 0x00, 0x80, 0x80,
0x01, 0x00, 0x80, 0x80, 0x01, 0x00, 0x80, 0x80, 0x01, 0x00, 0x80, 0x80, 0x01, 0x00, 0x80,
0x80, 0x01, 0x00, 0x80, 0x80, 0x01, 0x00, 0xff, 0xff, 0xff, 0x00, 0xff, 0xff, 0xff, 0x00,
0xff, 0xff, 0xff, 0x00, 0xff, 0xff, 0xff, 0x00, 0xff, 0xff, 0xff, 0x00, 0xff, 0xff, 0xff,
0x00, 0xff, 0xff, 0xff, 0x00, 0xff, 0xff, 0xff, 0x00, 0xff, 0xff, 0xff, 0x00, 0xff, 0xff,
0xff, 0x00, 0xff, 0xff, 0xff, 0x00, 0xff, 0xff, 0xff, 0x00, 0xff, 0xff, 0xff, 0x00, 0xff,
0xff, 0xff, 0x00, 0xff, 0xff, 0xff, 0x00, 0xab, 0xab, 0x01, 0x00, 0xab, 0xab, 0x01, 0x00,
0xab, 0xab, 0x01, 0x00, 0xab, 0xab, 0x01, 0x00, 0xab, 0xab, 0x01, 0x00, 0xab, 0xab, 0x01,
0x00, 0xab, 0xab, 0x01, 0x00, 0xab, 0xab, 0x01, 0x00, 0xab, 0xab, 0x01, 0x00, 0xab, 0xab,
0x01, 0x00, 0xab, 0xab, 0x01, 0x00, 0xab, 0xab, 0x01, 0x00, 0xab, 0xab, 0x00, 0x00, 0xaa,
0xab, 0x03, 0x00, 0xb9, 0xb1, 0x17, 0x00, 0xc1, 0xb6, 0x1c, 0x4c, 0xc1, 0xb7, 0x1e, 0xf5,
0xc1, 0xb7, 0x1e, 0xff, 0xc1, 0xb7, 0x1e, 0xff, 0xc1, 0xb7, 0x1e, 0xff, 0xc1, 0xb7, 0x1e,
0xff, 0xc1, 0xb7, 0x1e, 0xff, 0xc1, 0xb7, 0x1e, 0xff, 0xc1, 0xb7, 0x1e, 0xff, 0xc1, 0xb7,
0x1e, 0xff, 0xc1, 0xb7, 0x1e, 0xff, 0xc1, 0xb7, 0x1e, 0xff, 0xc1, 0xb7, 0x1e, 0xff, 0xc1,
0xb7, 0x1e, 0xff, 0xc1, 0xb7, 0x1e, 0xff, 0xc1, 0xb7, 0x1e, 0xff, 0xc1, 0xb7, 0x1e, 0xff,
0xc1, 0xb7, 0x1e, 0xff, 0xc1, 0xb7, 0x1e, 0xff, 0xc1, 0xb7, 0x1e, 0xff, 0xc1, 0xb7, 0x1e,
0xff, 0xc1, 0xb7, 0x1e, 0xff, 0xc1, 0xb7, 0x1e, 0xff, 0xc1, 0xb7, 0x1e, 0xff, 0xc1, 0xb7,
0x1e, 0xff, 0xc1, 0xb7, 0x1e, 0xff, 0xc1, 0xb7, 0x1e, 0xff, 0xc1, 0xb7, 0x1e, 0xff, 0xc1,
0xb7, 0x1e, 0xff, 0xc1, 0xb7, 0x1e, 0xff, 0xc1, 0xb7, 0x1e, 0xff, 0xc1, 0xb7, 0x1e, 0xff,
0xc1, 0xb7, 0x1e, 0xff, 0xc1, 0xb7, 0x1e, 0xff, 0xc1, 0xb7, 0x1e, 0xff, 0xc1, 0xb7, 0x1e,
0xff, 0xc1, 0xb7, 0x1e, 0xff, 0xc1, 0xb7, 0x1e, 0xff, 0xc1, 0xb7, 0x1e, 0xff, 0xc1, 0xb7,
0x1e, 0xff, 0xc1, 0xb7, 0x1e, 0xff, 0xc1, 0xb7, 0x1e, 0xff, 0xc1, 0xb7, 0x1e, 0xff, 0xc1,
0xb7, 0x1e, 0xff, 0xc1, 0xb7, 0x1e, 0xff, 0xc1, 0xb7, 0x1e, 0xff, 0xc1, 0xb7, 0x1e, 0xff,
0xc1, 0xb7, 0x1e, 0xff, 0xc1, 0xb7, 0x1e, 0xff, 0xc1, 0xb7, 0x1e, 0xff, 0xc1, 0xb7, 0x1e,
0xff, 0xc1, 0xb7, 0x1e, 0xff, 0xc1, 0xb7, 0x1e, 0xff, 0xc1, 0xb7, 0x1e, 0xff, 0xc1, 0xb7,
0x1e, 0xff, 0xc1, 0xb7, 0x1e, 0xff, 0xc1, 0xb7, 0x1e, 0xff, 0xc1, 0xb7, 0x1e, 0xff, 0xc1,
0xb7, 0x1e, 0xff, 0xc1, 0xb7, 0x1e, 0xff, 0xc1, 0xb7, 0x1e, 0xff, 0xc1, 0xb7, 0x1e, 0xff,
0xc1, 0xb7, 0x1e, 0xff, 0xc1, 0xb7, 0x1e, 0xff, 0xc1, 0xb7, 0x1e, 0xff, 0xc1, 0xb7, 0x1e,
0xff, 0xc1, 0xb7, 0x1e, 0xff, 0xc1, 0xb7, 0x1e, 0xff, 0xc1, 0xb7, 0x1e, 0xff, 0xc1, 0xb7,
0x1e, 0xff, 0xc1, 0xb7, 0x1e, 0xff, 0xc1, 0xb7, 0x1e, 0xff, 0xc1, 0xb7, 0x1e, 0xff, 0xc1,
0xb7, 0x1e, 0xff, 0xc1, 0xb7, 0x1e, 0xff, 0xc1, 0xb7, 0x1e, 0xff, 0xc1, 0xb7, 0x1e, 0xff,
0xc1, 0xb7, 0x1e, 0xff, 0xc1, 0xb7, 0x1e, 0xff, 0xc1, 0xb7, 0x1e, 0xff, 0xc1, 0xb7, 0x1e,
0xff, 0xc1, 0xb7, 0x1e, 0xe3, 0xc1, 0xb6, 0x1e, 0x33, 0xc3, 0xb8, 0x1e, 0x00, 0xb1, 0xa9,
0x12, 0x00, 0x81, 0x80, 0x00, 0x00, 0x7f, 0x80, 0x01, 0x00, 0x80, 0x80, 0x01, 0x00, 0x80,
0x80, 0x01, 0x00, 0x80, 0x80, 0x01, 0x00, 0x80, 0x80, 0x01, 0x00, 0x80, 0x80, 0x01, 0x00,
0x80, 0x80, 0x01, 0x00, 0x80, 0x80, 0x01, 0x00, 0x80, 0x80, 0x01, 0x00, 0x80, 0x80, 0x01,
0x00, 0x80, 0x80, 0x01, 0x00, 0x80, 0x80, 0x01, 0x00, 0xff, 0xff, 0xff, 0x00, 0xff, 0xff,
0xff, 0x00, 0xff, 0xff, 0xff, 0x00, 0xff, 0xff, 0xff, 0x00, 0xff, 0xff, 0xff, 0x00, 0xff,
0xff, 0xff, 0x00, 0xff, 0xff, 0xff, 0x00, 0xff, 0xff, 0xff, 0x00, 0xff, 0xff, 0xff, 0x00,
0xff, 0xff, 0xff, 0x00, 0xff, 0xff, 0xff, 0x00, 0xff, 0xff, 0xff, 0x00, 0xff, 0xff, 0xff,
0x00, 0xff, 0xff, 0xff, 0x00, 0xff, 0xff, 0xff, 0x00, 0xaa, 0xac, 0x01, 0x00, 0xaa, 0xac,
0x01, 0x00, 0xaa, 0xac, 0x01, 0x00, 0xaa, 0xac, 0x01, 0x00, 0xaa, 0xac, 0x01, 0x00, 0xaa,
0xac, 0x01, 0x00, 0xaa, 0xac, 0x01, 0x00, 0xaa, 0xac, 0x01, 0x00, 0xaa, 0xac, 0x01, 0x00,
0xaa, 0xac, 0x01, 0x00, 0xaa, 0xac, 0x01, 0x00, 0xaa, 0xac, 0x01, 0x00, 0xaa, 0xab, 0x00,
0x00, 0xa9, 0xaa, 0x01, 0x00, 0xb9, 0xb2, 0x18, 0x44, 0xc2, 0xb8, 0x1e, 0xf2, 0xc1, 0xb7,
0x1e, 0xff, 0xc1, 0xb7, 0x1e, 0xff, 0xc1, 0xb7, 0x1e, 0xff, 0xc1, 0xb7, 0x1e, 0xff, 0xc1,
0xb7, 0x1e, 0xff, 0xc1, 0xb7, 0x1e, 0xff, 0xc1, 0xb7, 0x1e, 0xff, 0xc1, 0xb7, 0x1e, 0xff,
0xc1, 0xb7, 0x1e, 0xff, 0xc1, 0xb7, 0x1e, 0xff, 0xc1, 0xb7, 0x1e, 0xff, 0xc1, 0xb7, 0x1e,
0xff, 0xc1, 0xb7, 0x1e, 0xff, 0xc1, 0xb7, 0x1e, 0xff, 0xc1, 0xb7, 0x1e, 0xff, 0xc1, 0xb7,
0x1e, 0xff, 0xc1, 0xb7, 0x1e, 0xff, 0xc1, 0xb7, 0x1e, 0xff, 0xc1, 0xb7, 0x1e, 0xff, 0xc1,
0xb7, 0x1e, 0xff, 0xc1, 0xb7, 0x1e, 0xff, 0xc1, 0xb7, 0x1e, 0xff, 0xc1, 0xb7, 0x1e, 0xff,
0xc1, 0xb7, 0x1e, 0xff, 0xc1, 0xb7, 0x1e, 0xff, 0xc1, 0xb7, 0x1e, 0xff, 0xc1, 0xb7, 0x1e,
0xff, 0xc1, 0xb7, 0x1e, 0xff, 0xc1, 0xb7, 0x1e, 0xff, 0xc1, 0xb7, 0x1e, 0xff, 0xc1, 0xb7,
0x1e, 0xff, 0xc1, 0xb7, 0x1e, 0xff, 0xc1, 0xb7, 0x1e, 0xff, 0xc1, 0xb7, 0x1e, 0xff, 0xc1,
0xb7, 0x1e, 0xff, 0xc1, 0xb7, 0x1e, 0xff, 0xc1, 0xb7, 0x1e, 0xff, 0xc1, 0xb7, 0x1e, 0xff,
0xc1, 0xb7, 0x1e, 0xff, 0xc1, 0xb7, 0x1e, 0xff, 0xc1, 0xb7, 0x1e, 0xff, 0xc1, 0xb7, 0x1e,
0xff, 0xc1, 0xb7, 0x1e, 0xff, 0xc1, 0xb7, 0x1e, 0xff, 0xc1, 0xb7, 0x1e, 0xff, 0xc1, 0xb7,
0x1e, 0xff, 0xc1, 0xb7, 0x1e, 0xff, 0xc1, 0xb7, 0x1e, 0xff, 0xc1, 0xb7, 0x1e, 0xff, 0xc1,
0xb7, 0x1e, 0xff, 0xc1, 0xb7, 0x1e, 0xff, 0xc1, 0xb7, 0x1e, 0xff, 0xc1, 0xb7, 0x1e, 0xff,
0xc1, 0xb7, 0x1e, 0xff, 0xc1, 0xb7, 0x1e, 0xff, 0xc1, 0xb7, 0x1e, 0xff, 0xc1, 0xb7, 0x1e,
0xff, 0xc1, 0xb7, 0x1e, 0xff, 0xc1, 0xb7, 0x1e, 0xff, 0xc1, 0xb7, 0x1e, 0xff, 0xc1, 0xb7,
0x1e, 0xff, 0xc1, 0xb7, 0x1e, 0xff, 0xc1, 0xb7, 0x1e, 0xff, 0xc1, 0xb7, 0x1e, 0xff, 0xc1,
0xb7, 0x1e, 0xff, 0xc1, 0xb7, 0x1e, 0xff, 0xc1, 0xb7, 0x1e, 0xff, 0xc1, 0xb7, 0x1e, 0xff,
0xc1, 0xb7, 0x1e, 0xff, 0xc1, 0xb7, 0x1e, 0xff, 0xc1, 0xb7, 0x1e, 0xff, 0xc1, 0xb7, 0x1e,
0xff, 0xc1, 0xb7, 0x1e, 0xff, 0xc1, 0xb7, 0x1e, 0xff, 0xc1, 0xb7, 0x1e, 0xff, 0xc1, 0xb7,
0x1e, 0xff, 0xc1, 0xb7, 0x1e, 0xff, 0xc1, 0xb7, 0x1e, 0xff, 0xc1, 0xb7, 0x1e, 0xff, 0xc1,
0xb7, 0x1e, 0xff, 0xc1, 0xb7, 0x1e, 0xff, 0xc1, 0xb7, 0x1e, 0xe3, 0xc2, 0xb9, 0x1e, 0x30,
0xb1, 0xa9, 0x12, 0x00, 0x81, 0x80, 0x00, 0x00, 0x7f, 0x80, 0x01, 0x00, 0x80, 0x80, 0x01,
0x00, 0x80, 0x80, 0x01, 0x00, 0x80, 0x80, 0x01, 0x00, 0x80, 0x80, 0x01, 0x00, 0x80, 0x80,
0x01, 0x00, 0x80, 0x80, 0x01, 0x00, 0x80, 0x80, 0x01, 0x00, 0x80, 0x80, 0x01, 0x00, 0x80,
0x80, 0x01, 0x00, 0x80, 0x80, 0x01, 0x00, 0x80, 0x80, 0x01, 0x00, 0xff, 0xff, 0xff, 0x00,
0xff, 0xff, 0xff, 0x00, 0xff, 0xff, 0xff, 0x00, 0xff, 0xff, 0xff, 0x00, 0xff, 0xff, 0xff,
0x00, 0xff, 0xff, 0xff, 0x00, 0xff, 0xff, 0xff, 0x00, 0xff, 0xff, 0xff, 0x00, 0xff, 0xff,
0xff, 0x00, 0xff, 0xff, 0xff, 0x00, 0xff, 0xff, 0xff, 0x00, 0xff, 0xff, 0xff, 0x00, 0xff,
0xff, 0xff, 0x00, 0xff, 0xff, 0xff, 0x00, 0xff, 0xff, 0xff, 0x00, 0xb6, 0xa7, 0x01, 0x00,
0xb6, 0xa7, 0x01, 0x00, 0xb6, 0xa7, 0x01, 0x00, 0xb6, 0xa7, 0x01, 0x00, 0xb6, 0xa7, 0x01,
0x00, 0xb6, 0xa7, 0x01, 0x00, 0xb6, 0xa7, 0x01, 0x00, 0xb6, 0xa7, 0x01, 0x00, 0xb6, 0xa7,
0x01, 0x00, 0xb6, 0xa7, 0x01, 0x00, 0xb6, 0xa7, 0x01, 0x00, 0xb6, 0xa6, 0x00, 0x00, 0xb4,
0xa8, 0x03, 0x00, 0xb5, 0xb1, 0x10, 0x3a, 0xbf, 0xb6, 0x1d, 0xeb, 0xc1, 0xb7, 0x1f, 0xff,
0xc1, 0xb7, 0x1e, 0xff, 0xc1, 0xb7, 0x1e, 0xff, 0xc1, 0xb7, 0x1e, 0xff, 0xc1, 0xb7, 0x1e,
0xff, 0xc1, 0xb7, 0x1e, 0xff, 0xc1, 0xb7, 0x1e, 0xff, 0xc1, 0xb7, 0x1e, 0xff, 0xc1, 0xb7,
0x1e, 0xff, 0xc1, 0xb7, 0x1e, 0xff, 0xc1, 0xb7, 0x1e, 0xff, 0xc1, 0xb7, 0x1e, 0xff, 0xc1,
0xb7, 0x1e, 0xff, 0xc1, 0xb7, 0x1e, 0xff, 0xc1, 0xb7, 0x1e, 0xff, 0xc1, 0xb7, 0x1e, 0xff,
0xc1, 0xb7, 0x1e, 0xff, 0xc1, 0xb7, 0x1e, 0xff, 0xc1, 0xb7, 0x1e, 0xff, 0xc1, 0xb7, 0x1e,
0xff, 0xc1, 0xb7, 0x1e, 0xff, 0xc1, 0xb7, 0x1e, 0xff, 0xc1, 0xb7, 0x1e, 0xff, 0xc1, 0xb7,
0x1e, 0xff, 0xc1, 0xb7, 0x1e, 0xff, 0xc1, 0xb7, 0x1e, 0xff, 0xc1, 0xb7, 0x1e, 0xff, 0xc1,
0xb7, 0x1e, 0xff, 0xc1, 0xb7, 0x1e, 0xff, 0xc1, 0xb7, 0x1e, 0xff, 0xc1, 0xb7, 0x1e, 0xff,
0xc1, 0xb7, 0x1e, 0xff, 0xc1, 0xb7, 0x1e, 0xff, 0xc1, 0xb7, 0x1e, 0xff, 0xc1, 0xb7, 0x1e,
0xff, 0xc1, 0xb7, 0x1e, 0xff, 0xc1, 0xb7, 0x1e, 0xff, 0xc1, 0xb7, 0x1e, 0xff, 0xc1, 0xb7,
0x1e, 0xff, 0xc1, 0xb7, 0x1e, 0xff, 0xc1, 0xb7, 0x1e, 0xff, 0xc1, 0xb7, 0x1e, 0xff, 0xc1,
0xb7, 0x1e, 0xff, 0xc1, 0xb7, 0x1e, 0xff, 0xc1, 0xb7, 0x1e, 0xff, 0xc1, 0xb7, 0x1e, 0xff,
0xc1, 0xb7, 0x1e, 0xff, 0xc1, 0xb7, 0x1e, 0xff, 0xc1, 0xb7, 0x1e, 0xff, 0xc1, 0xb7, 0x1e,
0xff, 0xc1, 0xb7, 0x1e, 0xff, 0xc1, 0xb7, 0x1e, 0xff, 0xc1, 0xb7, 0x1e, 0xff, 0xc1, 0xb7,
0x1e, 0xff, 0xc1, 0xb7, 0x1e, 0xff, 0xc1, 0xb7, 0x1e, 0xff, 0xc1, 0xb7, 0x1e, 0xff, 0xc1,
0xb7, 0x1e, 0xff, 0xc1, 0xb7, 0x1e, 0xff, 0xc1, 0xb7, 0x1e, 0xff, 0xc1, 0xb7, 0x1e, 0xff,
0xc1, 0xb7, 0x1e, 0xff, 0xc1, 0xb7, 0x1e, 0xff, 0xc1, 0xb7, 0x1e, 0xff, 0xc1, 0xb7, 0x1e,
0xff, 0xc1, 0xb7, 0x1e, 0xff, 0xc1, 0xb7, 0x1e, 0xff, 0xc1, 0xb7, 0x1e, 0xff, 0xc1, 0xb7,
0x1e, 0xff, 0xc1, 0xb7, 0x1e, 0xff, 0xc1, 0xb7, 0x1e, 0xff, 0xc1, 0xb7, 0x1e, 0xff, 0xc1,
0xb7, 0x1e, 0xff, 0xc1, 0xb7, 0x1e, 0xff, 0xc1, 0xb7, 0x1e, 0xff, 0xc1, 0xb7, 0x1e, 0xff,
0xc1, 0xb7, 0x1e, 0xff, 0xc1, 0xb7, 0x1e, 0xff, 0xc1, 0xb7, 0x1e, 0xff, 0xc1, 0xb7, 0x1e,
0xff, 0xc1, 0xb7, 0x1e, 0xff, 0xc1, 0xb7, 0x1e, 0xff, 0xc1, 0xb7, 0x1e, 0xff, 0xc3, 0xb9,
0x20, 0xdd, 0xb1, 0xa9, 0x12, 0x2a, 0x7d, 0x7d, 0x00, 0x00, 0x7c, 0x7d, 0x01, 0x00, 0x7d,
0x7d, 0x01, 0x00, 0x7d, 0x7d, 0x01, 0x00, 0x7d, 0x7d, 0x01, 0x00, 0x7d, 0x7d, 0x01, 0x00,
0x7d, 0x7d, 0x01, 0x00, 0x7d, 0x7d, 0x01, 0x00, 0x7d, 0x7d, 0x01, 0x00, 0x7d, 0x7d, 0x01,
0x00, 0x7d, 0x7d, 0x01, 0x00, 0x7d, 0x7d, 0x01, 0x00, 0x7d, 0x7d, 0x01, 0x00, 0xff, 0xff,
0xff, 0x00, 0xff, 0xff, 0xff, 0x00, 0xff, 0xff, 0xff, 0x00, 0xff, 0xff, 0xff, 0x00, 0xff,
0xff, 0xff, 0x00, 0xff, 0xff, 0xff, 0x00, 0xff, 0xff, 0xff, 0x00, 0xff, 0xff, 0xff, 0x00,
0xff, 0xff, 0xff, 0x00, 0xff, 0xff, 0xff, 0x00, 0xff, 0xff, 0xff, 0x00, 0xff, 0xff, 0xff,
0x00, 0xff, 0xff, 0xff, 0x00, 0xff, 0xff, 0xff, 0x00, 0xff, 0xff, 0xff, 0x00, 0xc2, 0x99,
0x01, 0x00, 0xc2, 0x99, 0x01, 0x00, 0xc2, 0x99, 0x01, 0x00, 0xc2, 0x99, 0x01, 0x00, 0xc2,
0x99, 0x01, 0x00, 0xc2, 0x99, 0x01, 0x00, 0xc2, 0x99, 0x01, 0x00, 0xc2, 0x99, 0x01, 0x00,
0xc2, 0x99, 0x01, 0x00, 0xc2, 0x99, 0x01, 0x00, 0xc2, 0x99, 0x01, 0x00, 0xc1, 0x9a, 0x01,
0x00, 0xc0, 0xa9, 0x0c, 0x1c, 0xc2, 0xb8, 0x20, 0xe5, 0xc1, 0xb7, 0x1e, 0xff, 0xc1, 0xb7,
0x1e, 0xff, 0xc1, 0xb7, 0x1e, 0xff, 0xc1, 0xb7, 0x1e, 0xff, 0xc1, 0xb7, 0x1e, 0xff, 0xc1,
0xb7, 0x1e, 0xff, 0xc1, 0xb7, 0x1e, 0xff, 0xc1, 0xb7, 0x1e, 0xff, 0xc1, 0xb7, 0x1e, 0xff,
0xc1, 0xb7, 0x1e, 0xff, 0xc1, 0xb7, 0x1e, 0xff, 0xc1, 0xb7, 0x1e, 0xff, 0xc1, 0xb7, 0x1e,
0xff, 0xc1, 0xb7, 0x1e, 0xff, 0xc1, 0xb7, 0x1e, 0xff, 0xc1, 0xb7, 0x1e, 0xff, 0xc1, 0xb7,
0x1e, 0xff, 0xc1, 0xb7, 0x1e, 0xff, 0xc1, 0xb7, 0x1e, 0xff, 0xc1, 0xb7, 0x1e, 0xff, 0xc1,
0xb7, 0x1e, 0xff, 0xc1, 0xb7, 0x1e, 0xff, 0xc1, 0xb7, 0x1e, 0xff, 0xc1, 0xb7, 0x1e, 0xff,
0xc1, 0xb7, 0x1e, 0xff, 0xc1, 0xb7, 0x1e, 0xff, 0xc1, 0xb7, 0x1e, 0xff, 0xc1, 0xb7, 0x1e,
0xff, 0xc1, 0xb7, 0x1e, 0xff, 0xc1, 0xb7, 0x1e, 0xff, 0xc1, 0xb7, 0x1e, 0xff, 0xc1, 0xb7,
0x1e, 0xff, 0xc1, 0xb7, 0x1e, 0xff, 0xc1, 0xb7, 0x1e, 0xff, 0xc1, 0xb7, 0x1e, 0xff, 0xc1,
0xb7, 0x1e, 0xff, 0xc1, 0xb7, 0x1e, 0xff, 0xc0, 0xb6, 0x1c, 0xff, 0xbf, 0xb5, 0x18, 0xff,
0xbf, 0xb4, 0x16, 0xff, 0xbe, 0xb4, 0x14, 0xff, 0xbe, 0xb3, 0x13, 0xff, 0xbe, 0xb3, 0x12,
0xff, 0xbe, 0xb3, 0x13, 0xff, 0xbe, 0xb4, 0x14, 0xff, 0xbf, 0xb4, 0x16, 0xff, 0xbf, 0xb5,
0x18, 0xff, 0xc0, 0xb6, 0x1c, 0xff, 0xc1, 0xb7, 0x1e, 0xff, 0xc1, 0xb7, 0x1e, 0xff, 0xc1,
0xb7, 0x1e, 0xff, 0xc1, 0xb7, 0x1e, 0xff, 0xc1, 0xb7, 0x1e, 0xff, 0xc1, 0xb7, 0x1e, 0xff,
0xc1, 0xb7, 0x1e, 0xff, 0xc1, 0xb7, 0x1e, 0xff, 0xc1, 0xb7, 0x1e, 0xff, 0xc1, 0xb7, 0x1e,
0xff, 0xc1, 0xb7, 0x1e, 0xff, 0xc1, 0xb7, 0x1e, 0xff, 0xc1, 0xb7, 0x1e, 0xff, 0xc1, 0xb7,
0x1e, 0xff, 0xc1, 0xb7, 0x1e, 0xff, 0xc1, 0xb7, 0x1e, 0xff, 0xc1, 0xb7, 0x1e, 0xff, 0xc1,
0xb7, 0x1e, 0xff, 0xc1, 0xb7, 0x1e, 0xff, 0xc1, 0xb7, 0x1e, 0xff, 0xc1, 0xb7, 0x1e, 0xff,
0xc1, 0xb7, 0x1e, 0xff, 0xc1, 0xb7, 0x1e, 0xff, 0xc1, 0xb7, 0x1e, 0xff, 0xc1, 0xb7, 0x1e,
0xff, 0xc1, 0xb7, 0x1e, 0xff, 0xc1, 0xb7, 0x1e, 0xff, 0xc1, 0xb7, 0x1e, 0xff, 0xc1, 0xb7,
0x1e, 0xff, 0xc1, 0xb7, 0x1e, 0xff, 0xc1, 0xb7, 0x1e, 0xff, 0xc1, 0xb7, 0x1e, 0xff, 0xc1,
0xb7, 0x1e, 0xff, 0xc1, 0xb7, 0x1e, 0xff, 0xc1, 0xb7, 0x1e, 0xff, 0xc1, 0xb7, 0x1e, 0xff,
0xc2, 0xb8, 0x1f, 0xff, 0xbc, 0xb2, 0x1b, 0xd9, 0x9f, 0x9a, 0x0c, 0x13, 0x94, 0x95, 0x00,
0x00, 0x96, 0x96, 0x01, 0x00, 0x96, 0x96, 0x01, 0x00, 0x96, 0x96, 0x01, 0x00, 0x96, 0x96,
0x01, 0x00, 0x96, 0x96, 0x01, 0x00, 0x96, 0x96, 0x01, 0x00, 0x96, 0x96, 0x01, 0x00, 0x96,
0x96, 0x01, 0x00, 0x96, 0x96, 0x01, 0x00, 0x96, 0x96, 0x01, 0x00, 0x96, 0x96, 0x01, 0x00,
0xff, 0xff, 0xff, 0x00, 0xff, 0xff, 0xff, 0x00, 0xff, 0xff, 0xff, 0x00, 0xff, 0xff, 0xff,
0x00, 0xff, 0xff, 0xff, 0x00, 0xff, 0xff, 0xff, 0x00, 0xff, 0xff, 0xff, 0x00, 0xff, 0xff,
0xff, 0x00, 0xff, 0xff, 0xff, 0x00, 0xff, 0xff, 0xff, 0x00, 0xff, 0xff, 0xff, 0x00, 0xff,
0xff, 0xff, 0x00, 0xff, 0xff, 0xff, 0x00, 0xff, 0xff, 0xff, 0x00, 0xff, 0xff, 0xff, 0x00,
0xc2, 0x87, 0x03, 0x00, 0xc2, 0x87, 0x03, 0x00, 0xc2, 0x87, 0x03, 0x00, 0xc2, 0x87, 0x03,
0x00, 0xc2, 0x87, 0x03, 0x00, 0xc2, 0x87, 0x03, 0x00, 0xc2, 0x87, 0x03, 0x00, 0xc2, 0x87,
0x03, 0x00, 0xc2, 0x87, 0x03, 0x00, 0xc2, 0x87, 0x03, 0x00, 0xc0, 0x83, 0x02, 0x00, 0xbf,
0x8f, 0x09, 0x09, 0xc0, 0xb8, 0x1f, 0xca, 0xc1, 0xb7, 0x1e, 0xff, 0xc1, 0xb7, 0x1e, 0xff,
0xc1, 0xb7, 0x1e, 0xff, 0xc1, 0xb7, 0x1e, 0xff, 0xc1, 0xb7, 0x1e, 0xff, 0xc1, 0xb7, 0x1e,
0xff, 0xc1, 0xb7, 0x1e, 0xff, 0xc1, 0xb7, 0x1e, 0xff, 0xc1, 0xb7, 0x1e, 0xff, 0xc1, 0xb7,
0x1e, 0xff, 0xc1, 0xb7, 0x1e, 0xff, 0xc1, 0xb7, 0x1e, 0xff, 0xc1, 0xb7, 0x1e, 0xff, 0xc1,
0xb7, 0x1e, 0xff, 0xc1, 0xb7, 0x1e, 0xff, 0xc1, 0xb7, 0x1e, 0xff, 0xc1, 0xb7, 0x1e, 0xff,
0xc1, 0xb7, 0x1e, 0xff, 0xc1, 0xb7, 0x1e, 0xff, 0xc1, 0xb7, 0x1e, 0xff, 0xc1, 0xb7, 0x1e,
0xff, 0xc1, 0xb7, 0x1e, 0xff, 0xc1, 0xb7, 0x1e, 0xff, 0xc1, 0xb7, 0x1e, 0xff, 0xc1, 0xb7,
0x1e, 0xff, 0xc1, 0xb7, 0x1e, 0xff, 0xc1, 0xb7, 0x1e, 0xff, 0xc1, 0xb7, 0x1e, 0xff, 0xc1,
0xb7, 0x1e, 0xff, 0xc1, 0xb7, 0x1e, 0xff, 0xc1, 0xb7, 0x1e, 0xff, 0xc1, 0xb7, 0x1e, 0xff,
0xc1, 0xb7, 0x1e, 0xff, 0xc1, 0xb7, 0x1e, 0xff, 0xc1, 0xb7, 0x1e, 0xff, 0xc0, 0xb6, 0x1c,
0xff, 0xbe, 0xb4, 0x15, 0xff, 0xbd, 0xb3, 0x11, 0xff, 0xc2, 0xb8, 0x22, 0xff, 0xc8, 0xc0,
0x39, 0xff, 0xcd, 0xc5, 0x49, 0xff, 0xd0, 0xc9, 0x55, 0xff, 0xd4, 0xcc, 0x61, 0xff, 0xd5,
0xcf, 0x68, 0xff, 0xd3, 0xcc, 0x61, 0xff, 0xd0, 0xc8, 0x54, 0xff, 0xcd, 0xc5, 0x48, 0xff,
0xc8, 0xbf, 0x37, 0xff, 0xc2, 0xb8, 0x20, 0xff, 0xbd, 0xb3, 0x11, 0xff, 0xbf, 0xb4, 0x16,
0xff, 0xc1, 0xb6, 0x1c, 0xff, 0xc1, 0xb7, 0x1e, 0xff, 0xc1, 0xb7, 0x1e, 0xff, 0xc1, 0xb7,
0x1e, 0xff, 0xc1, 0xb7, 0x1e, 0xff, 0xc1, 0xb7, 0x1e, 0xff, 0xc1, 0xb7, 0x1e, 0xff, 0xc1,
0xb7, 0x1e, 0xff, 0xc1, 0xb7, 0x1e, 0xff, 0xc1, 0xb7, 0x1e, 0xff, 0xc1, 0xb7, 0x1e, 0xff,
0xc1, 0xb7, 0x1e, 0xff, 0xc1, 0xb7, 0x1e, 0xff, 0xc1, 0xb7, 0x1e, 0xff, 0xc1, 0xb7, 0x1e,
0xff, 0xc1, 0xb7, 0x1e, 0xff, 0xc1, 0xb7, 0x1e, 0xff, 0xc1, 0xb7, 0x1e, 0xff, 0xc1, 0xb7,
0x1e, 0xff, 0xc1, 0xb7, 0x1e, 0xff, 0xc1, 0xb7, 0x1e, 0xff, 0xc1, 0xb7, 0x1e, 0xff, 0xc1,
0xb7, 0x1e, 0xff, 0xc1, 0xb7, 0x1e, 0xff, 0xc1, 0xb7, 0x1e, 0xff, 0xc1, 0xb7, 0x1e, 0xff,
0xc1, 0xb7, 0x1e, 0xff, 0xc1, 0xb7, 0x1e, 0xff, 0xc1, 0xb7, 0x1e, 0xff, 0xc1, 0xb7, 0x1e,
0xff, 0xc1, 0xb7, 0x1e, 0xff, 0xc1, 0xb7, 0x1e, 0xff, 0xc1, 0xb7, 0x1e, 0xff, 0xc1, 0xb7,
0x1e, 0xff, 0xc1, 0xb7, 0x1e, 0xff, 0xc3, 0xb8, 0x1f, 0xff, 0xc2, 0xb8, 0x1c, 0xbd, 0xb2,
0xb0, 0x06, 0x04, 0xad, 0xae, 0x00, 0x00, 0xad, 0xae, 0x00, 0x00, 0xad, 0xae, 0x00, 0x00,
0xad, 0xae, 0x00, 0x00, 0xad, 0xae, 0x00, 0x00, 0xad, 0xae, 0x00, 0x00, 0xad, 0xae, 0x00,
0x00, 0xad, 0xae, 0x00, 0x00, 0xad, 0xae, 0x00, 0x00, 0xad, 0xae, 0x00, 0x00, 0xad, 0xae,
0x00, 0x00, 0xff, 0xff, 0xff, 0x00, 0xff, 0xff, 0xff, 0x00, 0xff, 0xff, 0xff, 0x00, 0xff,
0xff, 0xff, 0x00, 0xff, 0xff, 0xff, 0x00, 0xff, 0xff, 0xff, 0x00, 0xff, 0xff, 0xff, 0x00,
0xff, 0xff, 0xff, 0x00, 0xff, 0xff, 0xff, 0x00, 0xff, 0xff, 0xff, 0x00, 0xff, 0xff, 0xff,
0x00, 0xff, 0xff, 0xff, 0x00, 0xff, 0xff, 0xff, 0x00, 0xff, 0xff, 0xff, 0x00, 0xff, 0xff,
0xff, 0x00, 0xa2, 0x9e, 0x12, 0x00, 0xa2, 0x9e, 0x12, 0x00, 0xa2, 0x9e, 0x12, 0x00, 0xa2,
0x9e, 0x12, 0x00, 0xa2, 0x9e, 0x12, 0x00, 0xa2, 0x9e, 0x12, 0x00, 0xa2, 0x9e, 0x12, 0x00,
0xa2, 0x9e, 0x12, 0x00, 0xa2, 0x9e, 0x12, 0x00, 0xa2, 0x9d, 0x12, 0x00, 0xaf, 0xa9, 0x13,
0x00, 0xc0, 0xb4, 0x1b, 0xa7, 0xc1, 0xb7, 0x1e, 0xff, 0xc1, 0xb7, 0x1e, 0xff, 0xc1, 0xb7,
0x1e, 0xff, 0xc1, 0xb7, 0x1e, 0xff, 0xc1, 0xb7, 0x1e, 0xff, 0xc1, 0xb7, 0x1e, 0xff, 0xc1,
0xb7, 0x1e, 0xff, 0xc1, 0xb7, 0x1e, 0xff, 0xc1, 0xb7, 0x1e, 0xff, 0xc1, 0xb7, 0x1e, 0xff,
0xc1, 0xb7, 0x1e, 0xff, 0xc1, 0xb7, 0x1e, 0xff, 0xc1, 0xb7, 0x1e, 0xff, 0xc1, 0xb7, 0x1e,
0xff, 0xc1, 0xb7, 0x1e, 0xff, 0xc1, 0xb7, 0x1e, 0xff, 0xc1, 0xb7, 0x1e, 0xff, 0xc1, 0xb7,
0x1e, 0xff, 0xc1, 0xb7, 0x1e, 0xff, 0xc1, 0xb7, 0x1e, 0xff, 0xc1, 0xb7, 0x1e, 0xff, 0xc1,
0xb7, 0x1e, 0xff, 0xc1, 0xb7, 0x1e, 0xff, 0xc1, 0xb7, 0x1e, 0xff, 0xc1, 0xb7, 0x1e, 0xff,
0xc1, 0xb7, 0x1e, 0xff, 0xc1, 0xb7, 0x1e, 0xff, 0xc1, 0xb7, 0x1e, 0xff, 0xc1, 0xb7, 0x1e,
0xff, 0xc1, 0xb7, 0x1e, 0xff, 0xc1, 0xb7, 0x1e, 0xff, 0xc1, 0xb7, 0x1e, 0xff, 0xc1, 0xb7,
0x1e, 0xff, 0xc1, 0xb7, 0x1e, 0xff, 0xc0, 0xb6, 0x1a, 0xff, 0xbe, 0xb3, 0x12, 0xff, 0xc1,
0xb7, 0x1e, 0xff, 0xce, 0xc7, 0x4e, 0xff, 0xe4, 0xe0, 0x9e, 0xff, 0xf5, 0xf3, 0xda, 0xff,
0xfc, 0xfc, 0xf5, 0xff, 0xff, 0xff, 0xfe, 0xff, 0xff, 0xff, 0xff, 0xff, 0xff, 0xff, 0xff,
0xff, 0xff, 0xff, 0xff, 0xff, 0xff, 0xff, 0xff, 0xff, 0xff, 0xff, 0xff, 0xff, 0xff, 0xff,
0xfe, 0xff, 0xfc, 0xfc, 0xf4, 0xff, 0xf4, 0xf2, 0xd7, 0xff, 0xe2, 0xde, 0x96, 0xff, 0xcc,
0xc4, 0x46, 0xff, 0xc0, 0xb6, 0x1c, 0xff, 0xbe, 0xb3, 0x12, 0xff, 0xc0, 0xb6, 0x1b, 0xff,
0xc1, 0xb7, 0x1e, 0xff, 0xc1, 0xb7, 0x1e, 0xff, 0xc1, 0xb7, 0x1e, 0xff, 0xc1, 0xb7, 0x1e,
0xff, 0xc1, 0xb7, 0x1e, 0xff, 0xc1, 0xb7, 0x1e, 0xff, 0xc1, 0xb7, 0x1e, 0xff, 0xc1, 0xb7,
0x1e, 0xff, 0xc1, 0xb7, 0x1e, 0xff, 0xc1, 0xb7, 0x1e, 0xff, 0xc1, 0xb7, 0x1e, 0xff, 0xc1,
0xb7, 0x1e, 0xff, 0xc1, 0xb7, 0x1e, 0xff, 0xc1, 0xb7, 0x1e, 0xff, 0xc1, 0xb7, 0x1e, 0xff,
0xc1, 0xb7, 0x1e, 0xff, 0xc1, 0xb7, 0x1e, 0xff, 0xc1, 0xb7, 0x1e, 0xff, 0xc1, 0xb7, 0x1e,
0xff, 0xc1, 0xb7, 0x1e, 0xff, 0xc1, 0xb7, 0x1e, 0xff, 0xc1, 0xb7, 0x1e, 0xff, 0xc1, 0xb7,
0x1e, 0xff, 0xc1, 0xb7, 0x1e, 0xff, 0xc1, 0xb7, 0x1e, 0xff, 0xc1, 0xb7, 0x1e, 0xff, 0xc1,
0xb7, 0x1e, 0xff, 0xc1, 0xb7, 0x1e, 0xff, 0xc1, 0xb7, 0x1e, 0xff, 0xc1, 0xb7, 0x1e, 0xff,
0xc1, 0xb7, 0x1e, 0xff, 0xc1, 0xb7, 0x1e, 0xff, 0xc1, 0xb7, 0x1e, 0xff, 0xc2, 0xb8, 0x1f,
0xff, 0xbd, 0xb5, 0x19, 0x96, 0xae, 0xa9, 0x07, 0x00, 0xaf, 0xa9, 0x09, 0x00, 0xaf, 0xa9,
0x09, 0x00, 0xaf, 0xa9, 0x09, 0x00, 0xaf, 0xa9, 0x09, 0x00, 0xaf, 0xa9, 0x09, 0x00, 0xaf,
0xa9, 0x09, 0x00, 0xaf, 0xa9, 0x09, 0x00, 0xaf, 0xa9, 0x09, 0x00, 0xaf, 0xa9, 0x09, 0x00,
0xaf, 0xa9, 0x09, 0x00, 0xff, 0xff, 0xff, 0x00, 0xff, 0xff, 0xff, 0x00, 0xff, 0xff, 0xff,
0x00, 0xff, 0xff, 0xff, 0x00, 0xff, 0xff, 0xff, 0x00, 0xff, 0xff, 0xff, 0x00, 0xff, 0xff,
0xff, 0x00, 0xff, 0xff, 0xff, 0x00, 0xff, 0xff, 0xff, 0x00, 0xff, 0xff, 0xff, 0x00, 0xff,
0xff, 0xff, 0x00, 0xff, 0xff, 0xff, 0x00, 0xff, 0xff, 0xff, 0x00, 0xff, 0xff, 0xff, 0x00,
0xff, 0xff, 0xff, 0x00, 0x26, 0x24, 0x06, 0x00, 0x26, 0x24, 0x06, 0x00, 0x26, 0x24, 0x06,
0x00, 0x26, 0x24, 0x06, 0x00, 0x26, 0x24, 0x06, 0x00, 0x26, 0x24, 0x06, 0x00, 0x26, 0x24,
0x06, 0x00, 0x26, 0x24, 0x06, 0x00, 0x26, 0x24, 0x06, 0x00, 0x1c, 0x1b, 0x04, 0x00, 0x92,
0x8e, 0x15, 0x69, 0xc9, 0xbf, 0x20, 0xff, 0xc1, 0xb7, 0x1e, 0xff, 0xc1, 0xb7, 0x1e, 0xff,
0xc1, 0xb7, 0x1e, 0xff, 0xc1, 0xb7, 0x1e, 0xff, 0xc1, 0xb7, 0x1e, 0xff, 0xc1, 0xb7, 0x1e,
0xff, 0xc1, 0xb7, 0x1e, 0xff, 0xc1, 0xb7, 0x1e, 0xff, 0xc1, 0xb7, 0x1e, 0xff, 0xc1, 0xb7,
0x1e, 0xff, 0xc1, 0xb7, 0x1e, 0xff, 0xc1, 0xb7, 0x1e, 0xff, 0xc1, 0xb7, 0x1e, 0xff, 0xc1,
0xb7, 0x1e, 0xff, 0xc1, 0xb7, 0x1e, 0xff, 0xc1, 0xb7, 0x1e, 0xff, 0xc1, 0xb7, 0x1e, 0xff,
0xc1, 0xb7, 0x1e, 0xff, 0xc1, 0xb7, 0x1e, 0xff, 0xc1, 0xb7, 0x1e, 0xff, 0xc1, 0xb7, 0x1e,
0xff, 0xc1, 0xb7, 0x1e, 0xff, 0xc1, 0xb7, 0x1e, 0xff, 0xc1, 0xb7, 0x1e, 0xff, 0xc1, 0xb7,
0x1e, 0xff, 0xc1, 0xb7, 0x1e, 0xff, 0xc1, 0xb7, 0x1e, 0xff, 0xc1, 0xb7, 0x1e, 0xff, 0xc1,
0xb7, 0x1e, 0xff, 0xc1, 0xb7, 0x1e, 0xff, 0xc1, 0xb7, 0x1e, 0xff, 0xc1, 0xb7, 0x1e, 0xff,
0xc1, 0xb6, 0x1c, 0xff, 0xbe, 0xb3, 0x11, 0xff, 0xc3, 0xba, 0x27, 0xff, 0xde, 0xd9, 0x87,
0xff, 0xf4, 0xf3, 0xd8, 0xff, 0xff, 0xff, 0xff, 0xff, 0xff, 0xff, 0xff, 0xff, 0xff, 0xff,
0xff, 0xff, 0xff, 0xff, 0xff, 0xff, 0xff, 0xff, 0xff, 0xff, 0xff, 0xff, 0xff, 0xff, 0xff,
0xff, 0xff, 0xff, 0xff, 0xff, 0xff, 0xff, 0xff, 0xff, 0xff, 0xff, 0xff, 0xff, 0xff, 0xff,
0xff, 0xff, 0xff, 0xff, 0xff, 0xff, 0xff, 0xff, 0xff, 0xff, 0xff, 0xff, 0xff, 0xff, 0xff,
0xff, 0xfe, 0xfe, 0xfc, 0xff, 0xf2, 0xf0, 0xd0, 0xff, 0xda, 0xd4, 0x77, 0xff, 0xc1, 0xb7,
0x1f, 0xff, 0xbe, 0xb3, 0x13, 0xff, 0xc1, 0xb7, 0x1d, 0xff, 0xc1, 0xb7, 0x1e, 0xff, 0xc1,
0xb7, 0x1e, 0xff, 0xc1, 0xb7, 0x1e, 0xff, 0xc1, 0xb7, 0x1e, 0xff, 0xc1, 0xb7, 0x1e, 0xff,
0xc1, 0xb7, 0x1e, 0xff, 0xc1, 0xb7, 0x1e, 0xff, 0xc1, 0xb7, 0x1e, 0xff, 0xc1, 0xb7, 0x1e,
0xff, 0xc1, 0xb7, 0x1e, 0xff, 0xc1, 0xb7, 0x1e, 0xff, 0xc1, 0xb7, 0x1e, 0xff, 0xc1, 0xb7,
0x1e, 0xff, 0xc1, 0xb7, 0x1e, 0xff, 0xc1, 0xb7, 0x1e, 0xff, 0xc1, 0xb7, 0x1e, 0xff, 0xc1,
0xb7, 0x1e, 0xff, 0xc1, 0xb7, 0x1e, 0xff, 0xc1, 0xb7, 0x1e, 0xff, 0xc1, 0xb7, 0x1e, 0xff,
0xc1, 0xb7, 0x1e, 0xff, 0xc1, 0xb7, 0x1e, 0xff, 0xc1, 0xb7, 0x1e, 0xff, 0xc1, 0xb7, 0x1e,
0xff, 0xc1, 0xb7, 0x1e, 0xff, 0xc1, 0xb7, 0x1e, 0xff, 0xc1, 0xb7, 0x1e, 0xff, 0xc1, 0xb7,
0x1e, 0xff, 0xc1, 0xb7, 0x1e, 0xff, 0xc1, 0xb7, 0x1e, 0xff, 0xc1, 0xb7, 0x1e, 0xff, 0xc1,
0xb7, 0x1e, 0xff, 0xc1, 0xb8, 0x1f, 0xff, 0xbf, 0xae, 0x1b, 0x5a, 0xbe, 0xa1, 0x0e, 0x00,
0xc1, 0xa4, 0x0d, 0x00, 0xc1, 0xa4, 0x0d, 0x00, 0xc1, 0xa4, 0x0d, 0x00, 0xc1, 0xa4, 0x0d,
0x00, 0xc1, 0xa4, 0x0d, 0x00, 0xc1, 0xa4, 0x0d, 0x00, 0xc1, 0xa4, 0x0d, 0x00, 0xc1, 0xa4,
0x0d, 0x00, 0xc1, 0xa4, 0x0d, 0x00, 0xff, 0xff, 0xff, 0x00, 0xff, 0xff, 0xff, 0x00, 0xff,
0xff, 0xff, 0x00, 0xff, 0xff, 0xff, 0x00, 0xff, 0xff, 0xff, 0x00, 0xff, 0xff, 0xff, 0x00,
0xff, 0xff, 0xff, 0x00, 0xff, 0xff, 0xff, 0x00, 0xff, 0xff, 0xff, 0x00, 0xff, 0xff, 0xff,
0x00, 0xff, 0xff, 0xff, 0x00, 0xff, 0xff, 0xff, 0x00, 0xff, 0xff, 0xff, 0x00, 0xff, 0xff,
0xff, 0x00, 0xff, 0xff, 0xff, 0x00, 0x49, 0x3f, 0x0b, 0x00, 0x49, 0x3f, 0x0b, 0x00, 0x49,
0x3f, 0x0b, 0x00, 0x49, 0x3f, 0x0b, 0x00, 0x49, 0x3f, 0x0b, 0x00, 0x49, 0x3f, 0x0b, 0x00,
0x49, 0x3f, 0x0b, 0x00, 0x49, 0x3f, 0x0b, 0x00, 0x47, 0x3d, 0x0a, 0x00, 0x93, 0x86, 0x15,
0x2f, 0xc2, 0xb8, 0x1e, 0xf9, 0xc2, 0xb8, 0x1e, 0xff, 0xc1, 0xb7, 0x1e, 0xff, 0xc1, 0xb7,
0x1e, 0xff, 0xc1, 0xb7, 0x1e, 0xff, 0xc1, 0xb7, 0x1e, 0xff, 0xc1, 0xb7, 0x1e, 0xff, 0xc1,
0xb7, 0x1e, 0xff, 0xc1, 0xb7, 0x1e, 0xff, 0xc1, 0xb7, 0x1e, 0xff, 0xc1, 0xb7, 0x1e, 0xff,
0xc1, 0xb7, 0x1e, 0xff, 0xc1, 0xb7, 0x1e, 0xff, 0xc1, 0xb7, 0x1e, 0xff, 0xc1, 0xb7, 0x1e,
0xff, 0xc1, 0xb7, 0x1e, 0xff, 0xc1, 0xb7, 0x1e, 0xff, 0xc1, 0xb7, 0x1e, 0xff, 0xc1, 0xb7,
0x1e, 0xff, 0xc1, 0xb7, 0x1e, 0xff, 0xc1, 0xb7, 0x1e, 0xff, 0xc1, 0xb7, 0x1e, 0xff, 0xc1,
0xb7, 0x1e, 0xff, 0xc1, 0xb7, 0x1e, 0xff, 0xc1, 0xb7, 0x1e, 0xff, 0xc1, 0xb7, 0x1e, 0xff,
0xc1, 0xb7, 0x1e, 0xff, 0xc1, 0xb7, 0x1e, 0xff, 0xc1, 0xb7, 0x1e, 0xff, 0xc1, 0xb7, 0x1e,
0xff, 0xc1, 0xb7, 0x1e, 0xff, 0xc1, 0xb7, 0x1e, 0xff, 0xc1, 0xb7, 0x1f, 0xff, 0xc0, 0xb5,
0x18, 0xff, 0xc0, 0xb5, 0x18, 0xff, 0xda, 0xd4, 0x77, 0xff, 0xf7, 0xf6, 0xe2, 0xff, 0xff,
0xff, 0xff, 0xff, 0xff, 0xff, 0xff, 0xff, 0xff, 0xff, 0xff, 0xff, 0xff, 0xff, 0xff, 0xff,
0xff, 0xff, 0xff, 0xff, 0xff, 0xff, 0xff, 0xff, 0xff, 0xff, 0xff, 0xff, 0xff, 0xff, 0xff,
0xff, 0xff, 0xff, 0xff, 0xff, 0xff, 0xff, 0xff, 0xff, 0xff, 0xff, 0xff, 0xff, 0xff, 0xff,
0xff, 0xff, 0xff, 0xff, 0xff, 0xff, 0xff, 0xff, 0xff, 0xff, 0xff, 0xff, 0xff, 0xff, 0xff,
0xff, 0xff, 0xff, 0xff, 0xff, 0xff, 0xff, 0xff, 0xff, 0xff, 0xff, 0xff, 0xff, 0xff, 0xff,
0xf4, 0xf2, 0xd6, 0xff, 0xd3, 0xcc, 0x5e, 0xff, 0xbe, 0xb3, 0x13, 0xff, 0xc0, 0xb6, 0x1b,
0xff, 0xc1, 0xb7, 0x1e, 0xff, 0xc1, 0xb7, 0x1e, 0xff, 0xc1, 0xb7, 0x1e, 0xff, 0xc1, 0xb7,
0x1e, 0xff, 0xc1, 0xb7, 0x1e, 0xff, 0xc1, 0xb7, 0x1e, 0xff, 0xc1, 0xb7, 0x1e, 0xff, 0xc1,
0xb7, 0x1e, 0xff, 0xc1, 0xb7, 0x1e, 0xff, 0xc1, 0xb7, 0x1e, 0xff, 0xc1, 0xb7, 0x1e, 0xff,
0xc1, 0xb7, 0x1e, 0xff, 0xc1, 0xb7, 0x1e, 0xff, 0xc1, 0xb7, 0x1e, 0xff, 0xc1, 0xb7, 0x1e,
0xff, 0xc1, 0xb7, 0x1e, 0xff, 0xc1, 0xb7, 0x1e, 0xff, 0xc1, 0xb7, 0x1e, 0xff, 0xc1, 0xb7,
0x1e, 0xff, 0xc1, 0xb7, 0x1e, 0xff, 0xc1, 0xb7, 0x1e, 0xff, 0xc1, 0xb7, 0x1e, 0xff, 0xc1,
0xb7, 0x1e, 0xff, 0xc1, 0xb7, 0x1e, 0xff, 0xc1, 0xb7, 0x1e, 0xff, 0xc1, 0xb7, 0x1e, 0xff,
0xc1, 0xb7, 0x1e, 0xff, 0xc1, 0xb7, 0x1e, 0xff, 0xc1, 0xb7, 0x1e, 0xff, 0xc1, 0xb7, 0x1e,
0xff, 0xc1, 0xb7, 0x1e, 0xff, 0xc1, 0xb7, 0x1e, 0xff, 0xc2, 0xb8, 0x1e, 0xf3, 0xba, 0xaf,
0x13, 0x26, 0xac, 0xa3, 0x10, 0x00, 0xad, 0xa4, 0x10, 0x00, 0xad, 0xa4, 0x10, 0x00, 0xad,
0xa4, 0x10, 0x00, 0xad, 0xa4, 0x10, 0x00, 0xad, 0xa4, 0x10, 0x00, 0xad, 0xa4, 0x10, 0x00,
0xad, 0xa4, 0x10, 0x00, 0xad, 0xa4, 0x10, 0x00, 0xff, 0xff, 0xff, 0x00, 0xff, 0xff, 0xff,
0x00, 0xff, 0xff, 0xff, 0x00, 0xff, 0xff, 0xff, 0x00, 0xff, 0xff, 0xff, 0x00, 0xff, 0xff,
0xff, 0x00, 0xff, 0xff, 0xff, 0x00, 0xff, 0xff, 0xff, 0x00, 0xff, 0xff, 0xff, 0x00, 0xff,
0xff, 0xff, 0x00, 0xff, 0xff, 0xff, 0x00, 0xff, 0xff, 0xff, 0x00, 0xff, 0xff, 0xff, 0x00,
0xff, 0xff, 0xff, 0x00, 0xff, 0xff, 0xff, 0x00, 0x53, 0x55, 0x00, 0x00, 0x53, 0x55, 0x00,
0x00, 0x53, 0x55, 0x00, 0x00, 0x53, 0x55, 0x00, 0x00, 0x53, 0x55, 0x00, 0x00, 0x53, 0x55,
0x00, 0x00, 0x53, 0x55, 0x00, 0x00, 0x51, 0x53, 0x00, 0x00, 0x5e, 0x5e, 0x03, 0x08, 0xb4,
0xac, 0x1c, 0xd1, 0xc6, 0xbb, 0x1e, 0xff, 0xc1, 0xb7, 0x1e, 0xff, 0xc1, 0xb7, 0x1e, 0xff,
0xc1, 0xb7, 0x1e, 0xff, 0xc1, 0xb7, 0x1e, 0xff, 0xc1, 0xb7, 0x1e, 0xff, 0xc1, 0xb7, 0x1e,
0xff, 0xc1, 0xb7, 0x1e, 0xff, 0xc1, 0xb7, 0x1e, 0xff, 0xc1, 0xb7, 0x1e, 0xff, 0xc1, 0xb7,
0x1e, 0xff, 0xc1, 0xb7, 0x1e, 0xff, 0xc1, 0xb7, 0x1e, 0xff, 0xc1, 0xb7, 0x1e, 0xff, 0xc1,
0xb7, 0x1e, 0xff, 0xc1, 0xb7, 0x1e, 0xff, 0xc1, 0xb7, 0x1e, 0xff, 0xc1, 0xb7, 0x1e, 0xff,
0xc1, 0xb7, 0x1e, 0xff, 0xc1, 0xb7, 0x1e, 0xff, 0xc1, 0xb7, 0x1e, 0xff, 0xc1, 0xb7, 0x1e,
0xff, 0xc1, 0xb7, 0x1e, 0xff, 0xc1, 0xb7, 0x1e, 0xff, 0xc1, 0xb7, 0x1e, 0xff, 0xc1, 0xb7,
0x1e, 0xff, 0xc1, 0xb7, 0x1e, 0xff, 0xc1, 0xb7, 0x1e, 0xff, 0xc1, 0xb7, 0x1e, 0xff, 0xc1,
0xb7, 0x1e, 0xff, 0xc1, 0xb7, 0x1e, 0xff, 0xc1, 0xb7, 0x1f, 0xff, 0xbf, 0xb4, 0x15, 0xff,
0xc4, 0xbb, 0x29, 0xff, 0xee, 0xeb, 0xbf, 0xff, 0xff, 0xff, 0xff, 0xff, 0xff, 0xff, 0xff,
0xff, 0xff, 0xff, 0xff, 0xff, 0xff, 0xff, 0xff, 0xff, 0xff, 0xff, 0xff, 0xff, 0xff, 0xff,
0xff, 0xff, 0xff, 0xff, 0xff, 0xff, 0xff, 0xff, 0xff, 0xff, 0xff, 0xff, 0xff, 0xff, 0xff,
0xff, 0xff, 0xff, 0xff, 0xff, 0xff, 0xff, 0xff, 0xff, 0xff, 0xff, 0xff, 0xff, 0xff, 0xff,
0xff, 0xff, 0xff, 0xff, 0xff, 0xff, 0xff, 0xff, 0xff, 0xff, 0xff, 0xff, 0xff, 0xff, 0xff,
0xff, 0xff, 0xff, 0xff, 0xff, 0xff, 0xff, 0xff, 0xff, 0xff, 0xff, 0xff, 0xff, 0xff, 0xff,
0xff, 0xff, 0xff, 0xff, 0xff, 0xff, 0xff, 0xff, 0xff, 0xff, 0xe5, 0xe1, 0xa2, 0xff, 0xc0,
0xb6, 0x19, 0xff, 0xc0, 0xb5, 0x19, 0xff, 0xc1, 0xb7, 0x1e, 0xff, 0xc1, 0xb7, 0x1e, 0xff,
0xc1, 0xb7, 0x1e, 0xff, 0xc1, 0xb7, 0x1e, 0xff, 0xc1, 0xb7, 0x1e, 0xff, 0xc1, 0xb7, 0x1e,
0xff, 0xc1, 0xb7, 0x1e, 0xff, 0xc1, 0xb7, 0x1e, 0xff, 0xc1, 0xb7, 0x1e, 0xff, 0xc1, 0xb7,
0x1e, 0xff, 0xc1, 0xb7, 0x1e, 0xff, 0xc1, 0xb7, 0x1e, 0xff, 0xc1, 0xb7, 0x1e, 0xff, 0xc1,
0xb7, 0x1e, 0xff, 0xc1, 0xb7, 0x1e, 0xff, 0xc1, 0xb7, 0x1e, 0xff, 0xc1, 0xb7, 0x1e, 0xff,
0xc1, 0xb7, 0x1e, 0xff, 0xc1, 0xb7, 0x1e, 0xff, 0xc1, 0xb7, 0x1e, 0xff, 0xc1, 0xb7, 0x1e,
0xff, 0xc1, 0xb7, 0x1e, 0xff, 0xc1, 0xb7, 0x1e, 0xff, 0xc1, 0xb7, 0x1e, 0xff, 0xc1, 0xb7,
0x1e, 0xff, 0xc1, 0xb7, 0x1e, 0xff, 0xc1, 0xb7, 0x1e, 0xff, 0xc1, 0xb7, 0x1e, 0xff, 0xc1,
0xb7, 0x1e, 0xff, 0xc1, 0xb7, 0x1e, 0xff, 0xc1, 0xb7, 0x1e, 0xff, 0xc4, 0xba, 0x1f, 0xff,
0xb9, 0xb1, 0x1d, 0xc4, 0x1c, 0x1d, 0x06, 0x04, 0x04, 0x05, 0x02, 0x00, 0x05, 0x06, 0x03,
0x00, 0x05, 0x06, 0x03, 0x00, 0x05, 0x06, 0x03, 0x00, 0x05, 0x06, 0x03, 0x00, 0x05, 0x06,
0x03, 0x00, 0x05, 0x06, 0x03, 0x00, 0x05, 0x06, 0x03, 0x00, 0xff, 0xff, 0xff, 0x00, 0xff,
0xff, 0xff, 0x00, 0xff, 0xff, 0xff, 0x00, 0xff, 0xff, 0xff, 0x00, 0xff, 0xff, 0xff, 0x00,
0xff, 0xff, 0xff, 0x00, 0xff, 0xff, 0xff, 0x00, 0xff, 0xff, 0xff, 0x00, 0xff, 0xff, 0xff,
0x00, 0xff, 0xff, 0xff, 0x00, 0xff, 0xff, 0xff, 0x00, 0xff, 0xff, 0xff, 0x00, 0xff, 0xff,
0xff, 0x00, 0xff, 0xff, 0xff, 0x00, 0xff, 0xff, 0xff, 0x00, 0xa7, 0xa2, 0x0f, 0x00, 0xa7,
0xa2, 0x0f, 0x00, 0xa7, 0xa2, 0x0f, 0x00, 0xa7, 0xa2, 0x0f, 0x00, 0xa7, 0xa2, 0x0f, 0x00,
0xa7, 0xa2, 0x0f, 0x00, 0xa7, 0xa2, 0x0f, 0x00, 0xa4, 0xa0, 0x0e, 0x00, 0xb5, 0xae, 0x16,
0x7d, 0xc5, 0xbb, 0x1f, 0xff, 0xc1, 0xb7, 0x1e, 0xff, 0xc1, 0xb7, 0x1e, 0xff, 0xc1, 0xb7,
0x1e, 0xff, 0xc1, 0xb7, 0x1e, 0xff, 0xc1, 0xb7, 0x1e, 0xff, 0xc1, 0xb7, 0x1e, 0xff, 0xc1,
0xb7, 0x1e, 0xff, 0xc1, 0xb7, 0x1e, 0xff, 0xc1, 0xb7, 0x1e, 0xff, 0xc1, 0xb7, 0x1e, 0xff,
0xc1, 0xb7, 0x1e, 0xff, 0xc1, 0xb7, 0x1e, 0xff, 0xc1, 0xb7, 0x1e, 0xff, 0xc1, 0xb7, 0x1e,
0xff, 0xc1, 0xb7, 0x1e, 0xff, 0xc1, 0xb7, 0x1e, 0xff, 0xc1, 0xb7, 0x1e, 0xff, 0xc1, 0xb7,
0x1e, 0xff, 0xc1, 0xb7, 0x1e, 0xff, 0xc1, 0xb7, 0x1e, 0xff, 0xc1, 0xb7, 0x1e, 0xff, 0xc1,
0xb7, 0x1e, 0xff, 0xc1, 0xb7, 0x1e, 0xff, 0xc1, 0xb7, 0x1e, 0xff, 0xc1, 0xb7, 0x1e, 0xff,
0xc1, 0xb7, 0x1e, 0xff, 0xc1, 0xb7, 0x1e, 0xff, 0xc1, 0xb7, 0x1e, 0xff, 0xc1, 0xb7, 0x1e,
0xff, 0xc1, 0xb7, 0x1e, 0xff, 0xc1, 0xb7, 0x1f, 0xff, 0xbe, 0xb4, 0x14, 0xff, 0xc7, 0xbe,
0x33, 0xff, 0xf2, 0xf1, 0xd1, 0xff, 0xff, 0xff, 0xff, 0xff, 0xff, 0xff, 0xff, 0xff, 0xff,
0xff, 0xff, 0xff, 0xff, 0xff, 0xff, 0xff, 0xff, 0xff, 0xff, 0xff, 0xff, 0xff, 0xff, 0xff,
0xff, 0xff, 0xff, 0xff, 0xff, 0xff, 0xff, 0xff, 0xff, 0xff, 0xff, 0xff, 0xff, 0xff, 0xff,
0xff, 0xff, 0xff, 0xff, 0xff, 0xff, 0xff, 0xff, 0xff, 0xff, 0xff, 0xff, 0xff, 0xff, 0xff,
0xff, 0xff, 0xff, 0xff, 0xff, 0xff, 0xff, 0xff, 0xff, 0xff, 0xff, 0xff, 0xff, 0xff, 0xff,
0xff, 0xff, 0xff, 0xff, 0xff, 0xff, 0xff, 0xff, 0xff, 0xff, 0xff, 0xff, 0xff, 0xff, 0xff,
0xff, 0xff, 0xff, 0xff, 0xff, 0xff, 0xff, 0xff, 0xff, 0xff, 0xff, 0xff, 0xff, 0xff, 0xff,
0xff, 0xea, 0xe7, 0xb3, 0xff, 0xc1, 0xb7, 0x1f, 0xff, 0xbf, 0xb5, 0x18, 0xff, 0xc1, 0xb7,
0x1e, 0xff, 0xc1, 0xb7, 0x1e, 0xff, 0xc1, 0xb7, 0x1e, 0xff, 0xc1, 0xb7, 0x1e, 0xff, 0xc1,
0xb7, 0x1e, 0xff, 0xc1, 0xb7, 0x1e, 0xff, 0xc1, 0xb7, 0x1e, 0xff, 0xc1, 0xb7, 0x1e, 0xff,
0xc1, 0xb7, 0x1e, 0xff, 0xc1, 0xb7, 0x1e, 0xff, 0xc1, 0xb7, 0x1e, 0xff, 0xc1, 0xb7, 0x1e,
0xff, 0xc1, 0xb7, 0x1e, 0xff, 0xc1, 0xb7, 0x1e, 0xff, 0xc1, 0xb7, 0x1e, 0xff, 0xc1, 0xb7,
0x1e, 0xff, 0xc1, 0xb7, 0x1e, 0xff, 0xc1, 0xb7, 0x1e, 0xff, 0xc1, 0xb7, 0x1e, 0xff, 0xc1,
0xb7, 0x1e, 0xff, 0xc1, 0xb7, 0x1e, 0xff, 0xc1, 0xb7, 0x1e, 0xff, 0xc1, 0xb7, 0x1e, 0xff,
0xc1, 0xb7, 0x1e, 0xff, 0xc1, 0xb7, 0x1e, 0xff, 0xc1, 0xb7, 0x1e, 0xff, 0xc1, 0xb7, 0x1e,
0xff, 0xc1, 0xb7, 0x1e, 0xff, 0xc1, 0xb7, 0x1e, 0xff, 0xc1, 0xb7, 0x1e, 0xff, 0xc1, 0xb7,
0x1e, 0xff, 0xc4, 0xba, 0x1f, 0xff, 0x88, 0x81, 0x14, 0x69, 0x6f, 0x6b, 0x0d, 0x00, 0x70,
0x6d, 0x0d, 0x00, 0x70, 0x6c, 0x0d, 0x00, 0x70, 0x6c, 0x0d, 0x00, 0x70, 0x6c, 0x0d, 0x00,
0x70, 0x6c, 0x0d, 0x00, 0x70, 0x6c, 0x0d, 0x00, 0x70, 0x6c, 0x0d, 0x00, 0xff, 0xff, 0xff,
0x00, 0xff, 0xff, 0xff, 0x00, 0xff, 0xff, 0xff, 0x00, 0xff, 0xff, 0xff, 0x00, 0xff, 0xff,
0xff, 0x00, 0xff, 0xff, 0xff, 0x00, 0xff, 0xff, 0xff, 0x00, 0xff, 0xff, 0xff, 0x00, 0xff,
0xff, 0xff, 0x00, 0xff, 0xff, 0xff, 0x00, 0xff, 0xff, 0xff, 0x00, 0xff, 0xff, 0xff, 0x00,
0xff, 0xff, 0xff, 0x00, 0xff, 0xff, 0xff, 0x00, 0xff, 0xff, 0xff, 0x00, 0xae, 0xaa, 0x10,
0x00, 0xae, 0xaa, 0x10, 0x00, 0xae, 0xaa, 0x10, 0x00, 0xae, 0xaa, 0x10, 0x00, 0xae, 0xaa,
0x10, 0x00, 0xae, 0xaa, 0x11, 0x00, 0xad, 0xa9, 0x10, 0x00, 0xb9, 0xb0, 0x17, 0x38, 0xc5,
0xba, 0x20, 0xfb, 0xc1, 0xb7, 0x1e, 0xff, 0xc1, 0xb7, 0x1e, 0xff, 0xc1, 0xb7, 0x1e, 0xff,
0xc1, 0xb7, 0x1e, 0xff, 0xc1, 0xb7, 0x1e, 0xff, 0xc1, 0xb7, 0x1e, 0xff, 0xc1, 0xb7, 0x1e,
0xff, 0xc1, 0xb7, 0x1e, 0xff, 0xc1, 0xb7, 0x1e, 0xff, 0xc1, 0xb7, 0x1e, 0xff, 0xc1, 0xb7,
0x1e, 0xff, 0xc1, 0xb7, 0x1e, 0xff, 0xc1, 0xb7, 0x1e, 0xff, 0xc1, 0xb7, 0x1e, 0xff, 0xc1,
0xb7, 0x1e, 0xff, 0xc1, 0xb7, 0x1e, 0xff, 0xc1, 0xb7, 0x1e, 0xff, 0xc1, 0xb7, 0x1e, 0xff,
0xc1, 0xb7, 0x1e, 0xff, 0xc1, 0xb7, 0x1e, 0xff, 0xc1, 0xb7, 0x1e, 0xff, 0xc1, 0xb7, 0x1e,
0xff, 0xc1, 0xb7, 0x1e, 0xff, 0xc1, 0xb7, 0x1e, 0xff, 0xbf, 0xb5, 0x16, 0xff, 0xbe, 0xb4,
0x15, 0xff, 0xc0, 0xb6, 0x1c, 0xff, 0xc1, 0xb7, 0x1e, 0xff, 0xc1, 0xb7, 0x1e, 0xff, 0xc1,
0xb7, 0x1e, 0xff, 0xc1, 0xb7, 0x1e, 0xff, 0xbf, 0xb4, 0x15, 0xff, 0xc7, 0xbe, 0x34, 0xff,
0xf4, 0xf3, 0xd8, 0xff, 0xff, 0xff, 0xff, 0xff, 0xff, 0xff, 0xff, 0xff, 0xff, 0xff, 0xff,
0xff, 0xff, 0xff, 0xff, 0xff, 0xff, 0xff, 0xff, 0xff, 0xff, 0xff, 0xff, 0xff, 0xff, 0xff,
0xff, 0xff, 0xff, 0xff, 0xff, 0xff, 0xff, 0xff, 0xff, 0xff, 0xff, 0xff, 0xff, 0xff, 0xff,
0xff, 0xff, 0xff, 0xff, 0xff, 0xff, 0xff, 0xff, 0xff, 0xff, 0xff, 0xff, 0xff, 0xff, 0xff,
0xff, 0xff, 0xff, 0xff, 0xff, 0xff, 0xff, 0xff, 0xff, 0xff, 0xff, 0xff, 0xff, 0xff, 0xff,
0xff, 0xff, 0xff, 0xff, 0xff, 0xff, 0xff, 0xff, 0xff, 0xff, 0xff, 0xff, 0xff, 0xff, 0xff,
0xff, 0xff, 0xff, 0xff, 0xff, 0xff, 0xff, 0xff, 0xff, 0xff, 0xff, 0xff, 0xff, 0xff, 0xff,
0xff, 0xff, 0xff, 0xff, 0xff, 0xff, 0xff, 0xea, 0xe6, 0xb1, 0xff, 0xc1, 0xb7, 0x1e, 0xff,
0xc0, 0xb6, 0x1b, 0xff, 0xc1, 0xb7, 0x1e, 0xff, 0xc1, 0xb7, 0x1e, 0xff, 0xc1, 0xb7, 0x1e,
0xff, 0xc1, 0xb7, 0x1e, 0xff, 0xc1, 0xb7, 0x1c, 0xff, 0xbf, 0xb4, 0x16, 0xff, 0xbe, 0xb4,
0x15, 0xff, 0xc1, 0xb7, 0x1d, 0xff, 0xc1, 0xb7, 0x1e, 0xff, 0xc1, 0xb7, 0x1e, 0xff, 0xc1,
0xb7, 0x1e, 0xff, 0xc1, 0xb7, 0x1e, 0xff, 0xc1, 0xb7, 0x1e, 0xff, 0xc1, 0xb7, 0x1e, 0xff,
0xc1, 0xb7, 0x1e, 0xff, 0xc1, 0xb7, 0x1e, 0xff, 0xc1, 0xb7, 0x1e, 0xff, 0xc1, 0xb7, 0x1e,
0xff, 0xc1, 0xb7, 0x1e, 0xff, 0xc1, 0xb7, 0x1e, 0xff, 0xc1, 0xb7, 0x1e, 0xff, 0xc1, 0xb7,
0x1e, 0xff, 0xc1, 0xb7, 0x1e, 0xff, 0xc1, 0xb7, 0x1e, 0xff, 0xc1, 0xb7, 0x1e, 0xff, 0xc1,
0xb7, 0x1e, 0xff, 0xc1, 0xb7, 0x1e, 0xff, 0xc1, 0xb7, 0x1e, 0xff, 0xc1, 0xb7, 0x1e, 0xff,
0xc1, 0xb7, 0x1e, 0xff, 0xc1, 0xb7, 0x1e, 0xff, 0xca, 0xc0, 0x1f, 0xf3, 0xaf, 0xab, 0x12,
0x2b, 0x9e, 0x9d, 0x0c, 0x00, 0xa1, 0x9f, 0x0d, 0x00, 0xa1, 0x9f, 0x0d, 0x00, 0xa1, 0x9f,
0x0d, 0x00, 0xa1, 0x9f, 0x0d, 0x00, 0xa1, 0x9f, 0x0d, 0x00, 0xa1, 0x9f, 0x0d, 0x00, 0xff,
0xff, 0xff, 0x00, 0xff, 0xff, 0xff, 0x00, 0xff, 0xff, 0xff, 0x00, 0xff, 0xff, 0xff, 0x00,
0xff, 0xff, 0xff, 0x00, 0xff, 0xff, 0xff, 0x00, 0xff, 0xff, 0xff, 0x00, 0xff, 0xff, 0xff,
0x00, 0xff, 0xff, 0xff, 0x00, 0xff, 0xff, 0xff, 0x00, 0xff, 0xff, 0xff, 0x00, 0xff, 0xff,
0xff, 0x00, 0xff, 0xff, 0xff, 0x00, 0xff, 0xff, 0xff, 0x00, 0xff, 0xff, 0xff, 0x00, 0xb7,
0x9b, 0x09, 0x00, 0xb7, 0x9b, 0x09, 0x00, 0xb7, 0x9b, 0x09, 0x00, 0xb7, 0x9b, 0x09, 0x00,
0xb7, 0x9b, 0x09, 0x00, 0xb7, 0x9a, 0x08, 0x00, 0xb3, 0x9d, 0x0b, 0x06, 0xbb, 0xb3, 0x1a,
0xbb, 0xc2, 0xb8, 0x1f, 0xff, 0xc1, 0xb7, 0x1e, 0xff, 0xc1, 0xb7, 0x1e, 0xff, 0xc1, 0xb7,
0x1e, 0xff, 0xc1, 0xb7, 0x1e, 0xff, 0xc1, 0xb7, 0x1e, 0xff, 0xc1, 0xb7, 0x1e, 0xff, 0xc1,
0xb7, 0x1e, 0xff, 0xc1, 0xb7, 0x1e, 0xff, 0xc1, 0xb7, 0x1e, 0xff, 0xc1, 0xb7, 0x1e, 0xff,
0xc1, 0xb7, 0x1e, 0xff, 0xc1, 0xb7, 0x1e, 0xff, 0xc1, 0xb7, 0x1e, 0xff, 0xc1, 0xb7, 0x1e,
0xff, 0xc1, 0xb7, 0x1e, 0xff, 0xc1, 0xb7, 0x1e, 0xff, 0xc1, 0xb7, 0x1e, 0xff, 0xc1, 0xb7,
0x1e, 0xff, 0xc1, 0xb7, 0x1e, 0xff, 0xc1, 0xb7, 0x1e, 0xff, 0xc1, 0xb7, 0x1e, 0xff, 0xc1,
0xb7, 0x1e, 0xff, 0xbf, 0xb5, 0x17, 0xff, 0xbe, 0xb3, 0x12, 0xff, 0xcc, 0xc3, 0x45, 0xff,
0xcf, 0xc8, 0x51, 0xff, 0xc2, 0xb8, 0x22, 0xff, 0xbd, 0xb3, 0x10, 0xff, 0xbe, 0xb3, 0x11,
0xff, 0xbf, 0xb5, 0x16, 0xff, 0xc0, 0xb6, 0x1a, 0xff, 0xc0, 0xb6, 0x1c, 0xff, 0xec, 0xe9,
0xbb, 0xff, 0xff, 0xff, 0xff, 0xff, 0xff, 0xff, 0xff, 0xff, 0xff, 0xff, 0xff, 0xff, 0xff,
0xff, 0xff, 0xff, 0xff, 0xff, 0xff, 0xff, 0xff, 0xff, 0xff, 0xff, 0xff, 0xff, 0xff, 0xff,
0xff, 0xff, 0xff, 0xff, 0xff, 0xff, 0xff, 0xff, 0xff, 0xff, 0xff, 0xff, 0xff, 0xff, 0xff,
0xff, 0xff, 0xff, 0xff, 0xff, 0xff, 0xff, 0xff, 0xff, 0xff, 0xff, 0xff, 0xff, 0xff, 0xff,
0xff, 0xff, 0xff, 0xff, 0xff, 0xff, 0xff, 0xff, 0xff, 0xff, 0xff, 0xff, 0xff, 0xff, 0xff,
0xff, 0xff, 0xff, 0xff, 0xff, 0xff, 0xff, 0xff, 0xff, 0xff, 0xff, 0xff, 0xff, 0xff, 0xff,
0xff, 0xff, 0xff, 0xff, 0xff, 0xff, 0xff, 0xff, 0xff, 0xff, 0xff, 0xff, 0xff, 0xff, 0xff,
0xff, 0xff, 0xff, 0xff, 0xff, 0xff, 0xff, 0xff, 0xff, 0xff, 0xff, 0xff, 0xff, 0xdf, 0xda,
0x8a, 0xff, 0xbd, 0xb3, 0x10, 0xff, 0xc1, 0xb7, 0x1d, 0xff, 0xbf, 0xb5, 0x18, 0xff, 0xbe,
0xb3, 0x12, 0xff, 0xbd, 0xb3, 0x10, 0xff, 0xc0, 0xb6, 0x1c, 0xff, 0xcd, 0xc5, 0x49, 0xff,
0xd0, 0xc8, 0x53, 0xff, 0xbf, 0xb5, 0x16, 0xff, 0xbe, 0xb4, 0x14, 0xff, 0xc1, 0xb7, 0x1e,
0xff, 0xc1, 0xb7, 0x1e, 0xff, 0xc1, 0xb7, 0x1e, 0xff, 0xc1, 0xb7, 0x1e, 0xff, 0xc1, 0xb7,
0x1e, 0xff, 0xc1, 0xb7, 0x1e, 0xff, 0xc1, 0xb7, 0x1e, 0xff, 0xc1, 0xb7, 0x1e, 0xff, 0xc1,
0xb7, 0x1e, 0xff, 0xc1, 0xb7, 0x1e, 0xff, 0xc1, 0xb7, 0x1e, 0xff, 0xc1, 0xb7, 0x1e, 0xff,
0xc1, 0xb7, 0x1e, 0xff, 0xc1, 0xb7, 0x1e, 0xff, 0xc1, 0xb7, 0x1e, 0xff, 0xc1, 0xb7, 0x1e,
0xff, 0xc1, 0xb7, 0x1e, 0xff, 0xc1, 0xb7, 0x1e, 0xff, 0xc1, 0xb7, 0x1e, 0xff, 0xc1, 0xb7,
0x1e, 0xff, 0xc1, 0xb7, 0x1e, 0xff, 0xc1, 0xb7, 0x1e, 0xff, 0xc2, 0xb8, 0x1e, 0xff, 0xbb,
0xb0, 0x1c, 0xa5, 0xb3, 0xaa, 0x14, 0x00, 0xb3, 0xab, 0x11, 0x00, 0xb3, 0xab, 0x12, 0x00,
0xb3, 0xab, 0x12, 0x00, 0xb3, 0xab, 0x12, 0x00, 0xb3, 0xab, 0x12, 0x00, 0xb3, 0xab, 0x12,
0x00, 0xff, 0xff, 0xff, 0x00, 0xff, 0xff, 0xff, 0x00, 0xff, 0xff, 0xff, 0x00, 0xff, 0xff,
0xff, 0x00, 0xff, 0xff, 0xff, 0x00, 0xff, 0xff, 0xff, 0x00, 0xff, 0xff, 0xff, 0x00, 0xff,
0xff, 0xff, 0x00, 0xff, 0xff, 0xff, 0x00, 0xff, 0xff, 0xff, 0x00, 0xff, 0xff, 0xff, 0x00,
0xff, 0xff, 0xff, 0x00, 0xff, 0xff, 0xff, 0x00, 0xff, 0xff, 0xff, 0x00, 0xff, 0xff, 0xff,
0x00, 0xa5, 0x90, 0x0f, 0x00, 0xa5, 0x90, 0x0f, 0x00, 0xa5, 0x90, 0x0f, 0x00, 0xa5, 0x90,
0x0f, 0x00, 0xa5, 0x90, 0x0f, 0x00, 0xa6, 0x90, 0x0e, 0x00, 0xbe, 0xa9, 0x15, 0x5c, 0xc3,
0xb9, 0x20, 0xff, 0xc1, 0xb7, 0x1e, 0xff, 0xc1, 0xb7, 0x1e, 0xff, 0xc1, 0xb7, 0x1e, 0xff,
0xc1, 0xb7, 0x1e, 0xff, 0xc1, 0xb7, 0x1e, 0xff, 0xc1, 0xb7, 0x1e, 0xff, 0xc1, 0xb7, 0x1e,
0xff, 0xc1, 0xb7, 0x1e, 0xff, 0xc1, 0xb7, 0x1e, 0xff, 0xc1, 0xb7, 0x1e, 0xff, 0xc1, 0xb7,
0x1e, 0xff, 0xc1, 0xb7, 0x1e, 0xff, 0xc1, 0xb7, 0x1e, 0xff, 0xc1, 0xb7, 0x1e, 0xff, 0xc1,
0xb7, 0x1e, 0xff, 0xc1, 0xb7, 0x1e, 0xff, 0xc1, 0xb7, 0x1e, 0xff, 0xc1, 0xb7, 0x1e, 0xff,
0xc1, 0xb7, 0x1e, 0xff, 0xc1, 0xb7, 0x1e, 0xff, 0xc1, 0xb7, 0x1e, 0xff, 0xc0, 0xb6, 0x1c,
0xff, 0xbd, 0xb2, 0x10, 0xff, 0xc8, 0xbf, 0x36, 0xff, 0xe3, 0xde, 0x98, 0xff, 0xfd, 0xfd,
0xf8, 0xff, 0xff, 0xff, 0xff, 0xff, 0xf5, 0xf3, 0xda, 0xff, 0xe3, 0xde, 0x9a, 0xff, 0xd7,
0xd1, 0x6f, 0xff, 0xcc, 0xc4, 0x47, 0xff, 0xbf, 0xb5, 0x18, 0xff, 0xdb, 0xd4, 0x79, 0xff,
0xff, 0xff, 0xff, 0xff, 0xff, 0xff, 0xff, 0xff, 0xff, 0xff, 0xff, 0xff, 0xff, 0xff, 0xff,
0xff, 0xff, 0xff, 0xff, 0xff, 0xff, 0xff, 0xff, 0xff, 0xff, 0xff, 0xff, 0xff, 0xff, 0xff,
0xff, 0xff, 0xff, 0xff, 0xff, 0xff, 0xff, 0xff, 0xff, 0xff, 0xff, 0xff, 0xff, 0xff, 0xff,
0xff, 0xff, 0xff, 0xff, 0xff, 0xff, 0xff, 0xff, 0xff, 0xff, 0xff, 0xff, 0xff, 0xff, 0xff,
0xff, 0xff, 0xff, 0xff, 0xff, 0xff, 0xff, 0xff, 0xff, 0xff, 0xff, 0xff, 0xff, 0xff, 0xff,
0xff, 0xff, 0xff, 0xff, 0xff, 0xff, 0xff, 0xff, 0xff, 0xff, 0xff, 0xff, 0xff, 0xff, 0xff,
0xff, 0xff, 0xff, 0xff, 0xff, 0xff, 0xff, 0xff, 0xff, 0xff, 0xff, 0xff, 0xff, 0xff, 0xff,
0xff, 0xff, 0xff, 0xff, 0xff, 0xff, 0xff, 0xff, 0xff, 0xff, 0xff, 0xff, 0xff, 0xff, 0xff,
0xfd, 0xfd, 0xf9, 0xff, 0xcc, 0xc5, 0x48, 0xff, 0xc0, 0xb6, 0x1a, 0xff, 0xca, 0xc2, 0x40,
0xff, 0xd5, 0xcf, 0x68, 0xff, 0xe0, 0xdb, 0x8f, 0xff, 0xf1, 0xef, 0xce, 0xff, 0xfe, 0xfe,
0xfd, 0xff, 0xff, 0xff, 0xff, 0xff, 0xe9, 0xe5, 0xae, 0xff, 0xcd, 0xc5, 0x48, 0xff, 0xbe,
0xb3, 0x11, 0xff, 0xc0, 0xb6, 0x1a, 0xff, 0xc1, 0xb7, 0x1f, 0xff, 0xc1, 0xb7, 0x1e, 0xff,
0xc1, 0xb7, 0x1e, 0xff, 0xc1, 0xb7, 0x1e, 0xff, 0xc1, 0xb7, 0x1e, 0xff, 0xc1, 0xb7, 0x1e,
0xff, 0xc1, 0xb7, 0x1e, 0xff, 0xc1, 0xb7, 0x1e, 0xff, 0xc1, 0xb7, 0x1e, 0xff, 0xc1, 0xb7,
0x1e, 0xff, 0xc1, 0xb7, 0x1e, 0xff, 0xc1, 0xb7, 0x1e, 0xff, 0xc1, 0xb7, 0x1e, 0xff, 0xc1,
0xb7, 0x1e, 0xff, 0xc1, 0xb7, 0x1e, 0xff, 0xc1, 0xb7, 0x1e, 0xff, 0xc1, 0xb7, 0x1e, 0xff,
0xc1, 0xb7, 0x1e, 0xff, 0xc1, 0xb7, 0x1e, 0xff, 0xc1, 0xb7, 0x1e, 0xff, 0xc1, 0xb7, 0x1e,
0xff, 0xc2, 0xb8, 0x1f, 0xff, 0xbd, 0xb7, 0x12, 0x45, 0xba, 0xb5, 0x0d, 0x00, 0xba, 0xb5,
0x0d, 0x00, 0xba, 0xb5, 0x0d, 0x00, 0xba, 0xb5, 0x0d, 0x00, 0xba, 0xb5, 0x0d, 0x00, 0xba,
0xb5, 0x0d, 0x00, 0xff, 0xff, 0xff, 0x00, 0xff, 0xff, 0xff, 0x00, 0xff, 0xff, 0xff, 0x00,
0xff, 0xff, 0xff, 0x00, 0xff, 0xff, 0xff, 0x00, 0xff, 0xff, 0xff, 0x00, 0xff, 0xff, 0xff,
0x00, 0xff, 0xff, 0xff, 0x00, 0xff, 0xff, 0xff, 0x00, 0xff, 0xff, 0xff, 0x00, 0xff, 0xff,
0xff, 0x00, 0xff, 0xff, 0xff, 0x00, 0xff, 0xff, 0xff, 0x00, 0xff, 0xff, 0xff, 0x00, 0xff,
0xff, 0xff, 0x00, 0x57, 0x42, 0x03, 0x00, 0x57, 0x42, 0x03, 0x00, 0x57, 0x42, 0x03, 0x00,
0x57, 0x42, 0x03, 0x00, 0x56, 0x40, 0x02, 0x00, 0x5e, 0x4e, 0x08, 0x13, 0xb9, 0xb2, 0x1e,
0xd9, 0xc3, 0xb9, 0x1f, 0xff, 0xc1, 0xb7, 0x1e, 0xff, 0xc1, 0xb7, 0x1e, 0xff, 0xc1, 0xb7,
0x1e, 0xff, 0xc1, 0xb7, 0x1e, 0xff, 0xc1, 0xb7, 0x1e, 0xff, 0xc1, 0xb7, 0x1e, 0xff, 0xc1,
0xb7, 0x1e, 0xff, 0xc1, 0xb7, 0x1e, 0xff, 0xc1, 0xb7, 0x1e, 0xff, 0xc1, 0xb7, 0x1e, 0xff,
0xc1, 0xb7, 0x1e, 0xff, 0xc1, 0xb7, 0x1e, 0xff, 0xc1, 0xb7, 0x1e, 0xff, 0xc1, 0xb7, 0x1e,
0xff, 0xc1, 0xb7, 0x1e, 0xff, 0xc1, 0xb7, 0x1e, 0xff, 0xc1, 0xb7, 0x1e, 0xff, 0xc1, 0xb7,
0x1e, 0xff, 0xc1, 0xb7, 0x1e, 0xff, 0xc1, 0xb7, 0x1e, 0xff, 0xbf, 0xb5, 0x18, 0xff, 0xc0,
0xb6, 0x1a, 0xff, 0xda, 0xd4, 0x79, 0xff, 0xf9, 0xf9, 0xed, 0xff, 0xff, 0xff, 0xff, 0xff,
0xff, 0xff, 0xff, 0xff, 0xfe, 0xfe, 0xff, 0xff, 0xff, 0xff, 0xff, 0xff, 0xff, 0xff, 0xff,
0xff, 0xff, 0xff, 0xff, 0xff, 0xfe, 0xfe, 0xfc, 0xff, 0xde, 0xd8, 0x87, 0xff, 0xf7, 0xf6,
0xe2, 0xff, 0xff, 0xff, 0xff, 0xff, 0xff, 0xff, 0xff, 0xff, 0xff, 0xff, 0xff, 0xff, 0xff,
0xff, 0xff, 0xff, 0xff, 0xff, 0xff, 0xff, 0xff, 0xff, 0xff, 0xff, 0xff, 0xff, 0xff, 0xff,
0xff, 0xff, 0xff, 0xff, 0xff, 0xff, 0xff, 0xff, 0xff, 0xff, 0xff, 0xff, 0xff, 0xff, 0xff,
0xff, 0xff, 0xff, 0xff, 0xff, 0xff, 0xff, 0xff, 0xff, 0xff, 0xff, 0xff, 0xff, 0xff, 0xff,
0xff, 0xff, 0xff, 0xff, 0xff, 0xff, 0xff, 0xff, 0xff, 0xff, 0xff, 0xff, 0xff, 0xff, 0xff,
0xff, 0xff, 0xff, 0xff, 0xff, 0xff, 0xff, 0xff, 0xff, 0xff, 0xff, 0xff, 0xff, 0xff, 0xff,
0xff, 0xff, 0xff, 0xff, 0xff, 0xff, 0xff, 0xff, 0xff, 0xff, 0xff, 0xff, 0xff, 0xff, 0xff,
0xff, 0xff, 0xff, 0xff, 0xff, 0xff, 0xff, 0xff, 0xff, 0xff, 0xff, 0xff, 0xff, 0xff, 0xff,
0xff, 0xff, 0xff, 0xff, 0xff, 0xff, 0xe8, 0xe5, 0xad, 0xff, 0xcc, 0xc4, 0x47, 0xff, 0xfa,
0xf9, 0xed, 0xff, 0xff, 0xff, 0xff, 0xff, 0xff, 0xff, 0xff, 0xff, 0xff, 0xff, 0xff, 0xff,
0xff, 0xff, 0xff, 0xff, 0xfe, 0xfe, 0xff, 0xff, 0xff, 0xff, 0xff, 0xff, 0xfd, 0xfd, 0xfb,
0xff, 0xe1, 0xdc, 0x93, 0xff, 0xc3, 0xb9, 0x25, 0xff, 0xbe, 0xb4, 0x15, 0xff, 0xc1, 0xb7,
0x1f, 0xff, 0xc1, 0xb7, 0x1e, 0xff, 0xc1, 0xb7, 0x1e, 0xff, 0xc1, 0xb7, 0x1e, 0xff, 0xc1,
0xb7, 0x1e, 0xff, 0xc1, 0xb7, 0x1e, 0xff, 0xc1, 0xb7, 0x1e, 0xff, 0xc1, 0xb7, 0x1e, 0xff,
0xc1, 0xb7, 0x1e, 0xff, 0xc1, 0xb7, 0x1e, 0xff, 0xc1, 0xb7, 0x1e, 0xff, 0xc1, 0xb7, 0x1e,
0xff, 0xc1, 0xb7, 0x1e, 0xff, 0xc1, 0xb7, 0x1e, 0xff, 0xc1, 0xb7, 0x1e, 0xff, 0xc1, 0xb7,
0x1e, 0xff, 0xc1, 0xb7, 0x1e, 0xff, 0xc1, 0xb7, 0x1e, 0xff, 0xc1, 0xb7, 0x1e, 0xff, 0xc1,
0xb7, 0x1e, 0xff, 0xc1, 0xb7, 0x1e, 0xff, 0xc1, 0xb6, 0x1e, 0xc1, 0xbf, 0xb4, 0x1d, 0x06,
0xbf, 0xb4, 0x1d, 0x00, 0xbf, 0xb4, 0x1d, 0x00, 0xbf, 0xb4, 0x1d, 0x00, 0xbf, 0xb4, 0x1d,
0x00, 0xbf, 0xb4, 0x1d, 0x00, 0xff, 0xff, 0xff, 0x00, 0xff, 0xff, 0xff, 0x00, 0xff, 0xff,
0xff, 0x00, 0xff, 0xff, 0xff, 0x00, 0xff, 0xff, 0xff, 0x00, 0xff, 0xff, 0xff, 0x00, 0xff,
0xff, 0xff, 0x00, 0xff, 0xff, 0xff, 0x00, 0xff, 0xff, 0xff, 0x00, 0xff, 0xff, 0xff, 0x00,
0xff, 0xff, 0xff, 0x00, 0xff, 0xff, 0xff, 0x00, 0xff, 0xff, 0xff, 0x00, 0xff, 0xff, 0xff,
0x00, 0xff, 0xff, 0xff, 0x00, 0xc4, 0xa5, 0x0d, 0x00, 0xc4, 0xa5, 0x0d, 0x00, 0xc4, 0xa5,
0x0d, 0x00, 0xc4, 0xa5, 0x0d, 0x00, 0xc4, 0xa3, 0x0c, 0x00, 0xc5, 0xaf, 0x15, 0x80, 0xc1,
0xb9, 0x1f, 0xff, 0xc1, 0xb7, 0x1e, 0xff, 0xc1, 0xb7, 0x1e, 0xff, 0xc1, 0xb7, 0x1e, 0xff,
0xc1, 0xb7, 0x1e, 0xff, 0xc1, 0xb7, 0x1e, 0xff, 0xc1, 0xb7, 0x1e, 0xff, 0xc1, 0xb7, 0x1e,
0xff, 0xc1, 0xb7, 0x1e, 0xff, 0xc1, 0xb7, 0x1e, 0xff, 0xc1, 0xb7, 0x1e, 0xff, 0xc1, 0xb7,
0x1e, 0xff, 0xc1, 0xb7, 0x1e, 0xff, 0xc1, 0xb7, 0x1e, 0xff, 0xc1, 0xb7, 0x1e, 0xff, 0xc1,
0xb7, 0x1e, 0xff, 0xc1, 0xb7, 0x1e, 0xff, 0xc1, 0xb7, 0x1e, 0xff, 0xc1, 0xb7, 0x1e, 0xff,
0xc1, 0xb7, 0x1e, 0xff, 0xc1, 0xb7, 0x1f, 0xff, 0xbf, 0xb4, 0x15, 0xff, 0xc2, 0xb8, 0x22,
0xff, 0xe7, 0xe3, 0xa8, 0xff, 0xff, 0xff, 0xff, 0xff, 0xff, 0xff, 0xff, 0xff, 0xfe, 0xfe,
0xfe, 0xff, 0xfe, 0xfe, 0xfe, 0xff, 0xfe, 0xfe, 0xfe, 0xff, 0xfe, 0xfe, 0xfe, 0xff, 0xff,
0xff, 0xff, 0xff, 0xfd, 0xfc, 0xf6, 0xff, 0xd7, 0xd1, 0x6e, 0xff, 0xdf, 0xda, 0x8a, 0xff,
0xff, 0xff, 0xff, 0xff, 0xff, 0xff, 0xff, 0xff, 0xff, 0xff, 0xff, 0xff, 0xff, 0xff, 0xff,
0xff, 0xff, 0xff, 0xff, 0xff, 0xff, 0xff, 0xff, 0xff, 0xff, 0xff, 0xff, 0xff, 0xff, 0xff,
0xff, 0xff, 0xff, 0xff, 0xff, 0xff, 0xff, 0xff, 0xff, 0xff, 0xff, 0xff, 0xff, 0xff, 0xff,
0xff, 0xff, 0xff, 0xff, 0xff, 0xff, 0xff, 0xff, 0xff, 0xff, 0xff, 0xff, 0xff, 0xff, 0xff,
0xff, 0xff, 0xff, 0xff, 0xff, 0xff, 0xff, 0xff, 0xff, 0xff, 0xff, 0xff, 0xff, 0xff, 0xff,
0xff, 0xff, 0xff, 0xff, 0xff, 0xff, 0xff, 0xff, 0xff, 0xff, 0xff, 0xff, 0xff, 0xff, 0xff,
0xff, 0xff, 0xff, 0xff, 0xff, 0xff, 0xff, 0xff, 0xff, 0xff, 0xff, 0xff, 0xff, 0xff, 0xff,
0xff, 0xff, 0xff, 0xff, 0xff, 0xff, 0xff, 0xff, 0xff, 0xff, 0xff, 0xff, 0xff, 0xff, 0xff,
0xff, 0xff, 0xff, 0xff, 0xff, 0xff, 0xff, 0xff, 0xff, 0xff, 0xff, 0xff, 0xcd, 0xc5, 0x4a,
0xff, 0xd0, 0xc8, 0x55, 0xff, 0xf9, 0xf8, 0xea, 0xff, 0xff, 0xff, 0xff, 0xff, 0xfe, 0xfe,
0xfe, 0xff, 0xfe, 0xfe, 0xfe, 0xff, 0xfe, 0xfe, 0xfe, 0xff, 0xfe, 0xfe, 0xfe, 0xff, 0xff,
0xff, 0xff, 0xff, 0xff, 0xff, 0xff, 0xff, 0xef, 0xed, 0xc7, 0xff, 0xc7, 0xbe, 0x34, 0xff,
0xbe, 0xb3, 0x12, 0xff, 0xc1, 0xb7, 0x1e, 0xff, 0xc1, 0xb7, 0x1e, 0xff, 0xc1, 0xb7, 0x1e,
0xff, 0xc1, 0xb7, 0x1e, 0xff, 0xc1, 0xb7, 0x1e, 0xff, 0xc1, 0xb7, 0x1e, 0xff, 0xc1, 0xb7,
0x1e, 0xff, 0xc1, 0xb7, 0x1e, 0xff, 0xc1, 0xb7, 0x1e, 0xff, 0xc1, 0xb7, 0x1e, 0xff, 0xc1,
0xb7, 0x1e, 0xff, 0xc1, 0xb7, 0x1e, 0xff, 0xc1, 0xb7, 0x1e, 0xff, 0xc1, 0xb7, 0x1e, 0xff,
0xc1, 0xb7, 0x1e, 0xff, 0xc1, 0xb7, 0x1e, 0xff, 0xc1, 0xb7, 0x1e, 0xff, 0xc1, 0xb7, 0x1e,
0xff, 0xc1, 0xb7, 0x1e, 0xff, 0xc1, 0xb7, 0x1e, 0xff, 0xc1, 0xb7, 0x1e, 0xff, 0xc1, 0xb6,
0x1d, 0x60, 0xc1, 0xb5, 0x1c, 0x00, 0xc1, 0xb5, 0x1c, 0x00, 0xc1, 0xb5, 0x1c, 0x00, 0xc1,
0xb5, 0x1c, 0x00, 0xc1, 0xb5, 0x1c, 0x00, 0xff, 0xff, 0xff, 0x00, 0xff, 0xff, 0xff, 0x00,
0xff, 0xff, 0xff, 0x00, 0xff, 0xff, 0xff, 0x00, 0xff, 0xff, 0xff, 0x00, 0xff, 0xff, 0xff,
0x00, 0xff, 0xff, 0xff, 0x00, 0xff, 0xff, 0xff, 0x00, 0xff, 0xff, 0xff, 0x00, 0xff, 0xff,
0xff, 0x00, 0xff, 0xff, 0xff, 0x00, 0xff, 0xff, 0xff, 0x00, 0xff, 0xff, 0xff, 0x00, 0xff,
0xff, 0xff, 0x00, 0xff, 0xff, 0xff, 0x00, 0xc6, 0xa8, 0x13, 0x00, 0xc6, 0xa8, 0x13, 0x00,
0xc6, 0xa8, 0x13, 0x00, 0xc6, 0xa7, 0x13, 0x00, 0xc0, 0xa8, 0x16, 0x12, 0xc1, 0xb7, 0x1f,
0xe0, 0xc1, 0xb7, 0x1e, 0xff, 0xc1, 0xb7, 0x1e, 0xff, 0xc1, 0xb7, 0x1e, 0xff, 0xc1, 0xb7,
0x1e, 0xff, 0xc1, 0xb7, 0x1e, 0xff, 0xc1, 0xb7, 0x1e, 0xff, 0xc1, 0xb7, 0x1e, 0xff, 0xc1,
0xb7, 0x1e, 0xff, 0xc1, 0xb7, 0x1e, 0xff, 0xc1, 0xb7, 0x1e, 0xff, 0xc1, 0xb7, 0x1e, 0xff,
0xc1, 0xb7, 0x1e, 0xff, 0xc1, 0xb7, 0x1e, 0xff, 0xc1, 0xb7, 0x1e, 0xff, 0xc1, 0xb7, 0x1e,
0xff, 0xc1, 0xb7, 0x1e, 0xff, 0xc1, 0xb7, 0x1e, 0xff, 0xc1, 0xb7, 0x1e, 0xff, 0xc1, 0xb7,
0x1e, 0xff, 0xc1, 0xb7, 0x1f, 0xff, 0xbf, 0xb4, 0x15, 0xff, 0xc7, 0xbe, 0x33, 0xff, 0xf0,
0xee, 0xc9, 0xff, 0xff, 0xff, 0xff, 0xff, 0xfe, 0xfe, 0xff, 0xff, 0xfe, 0xfe, 0xfe, 0xff,
0xfe, 0xfe, 0xfe, 0xff, 0xfe, 0xfe, 0xfe, 0xff, 0xfe, 0xfe, 0xff, 0xff, 0xff, 0xff, 0xff,
0xff, 0xf6, 0xf5, 0xdf, 0xff, 0xcf, 0xc7, 0x51, 0xff, 0xbc, 0xb1, 0x0b, 0xff, 0xf1, 0xee,
0xca, 0xff, 0xff, 0xff, 0xff, 0xff, 0xff, 0xff, 0xff, 0xff, 0xff, 0xff, 0xff, 0xff, 0xff,
0xff, 0xff, 0xff, 0xff, 0xff, 0xff, 0xff, 0xff, 0xff, 0xff, 0xff, 0xff, 0xff, 0xff, 0xff,
0xff, 0xff, 0xff, 0xff, 0xff, 0xff, 0xff, 0xff, 0xff, 0xff, 0xff, 0xff, 0xff, 0xff, 0xff,
0xff, 0xff, 0xff, 0xff, 0xff, 0xff, 0xff, 0xff, 0xff, 0xff, 0xff, 0xff, 0xff, 0xff, 0xff,
0xff, 0xff, 0xff, 0xff, 0xff, 0xff, 0xff, 0xff, 0xff, 0xff, 0xff, 0xff, 0xff, 0xff, 0xff,
0xff, 0xff, 0xff, 0xff, 0xff, 0xff, 0xff, 0xff, 0xff, 0xff, 0xff, 0xff, 0xff, 0xff, 0xff,
0xff, 0xff, 0xff, 0xff, 0xff, 0xff, 0xff, 0xff, 0xff, 0xff, 0xff, 0xff, 0xff, 0xff, 0xff,
0xff, 0xff, 0xff, 0xff, 0xff, 0xff, 0xff, 0xff, 0xff, 0xff, 0xff, 0xff, 0xff, 0xff, 0xff,
0xff, 0xff, 0xff, 0xff, 0xff, 0xff, 0xff, 0xff, 0xff, 0xff, 0xff, 0xff, 0xff, 0xff, 0xe5,
0xe1, 0xa2, 0xff, 0xba, 0xaf, 0x05, 0xff, 0xc8, 0xc0, 0x3a, 0xff, 0xf0, 0xed, 0xc9, 0xff,
0xff, 0xff, 0xff, 0xff, 0xfe, 0xff, 0xff, 0xff, 0xfe, 0xfe, 0xfe, 0xff, 0xfe, 0xfe, 0xfe,
0xff, 0xfe, 0xfe, 0xfe, 0xff, 0xfe, 0xfe, 0xfe, 0xff, 0xff, 0xff, 0xff, 0xff, 0xf8, 0xf7,
0xe5, 0xff, 0xce, 0xc6, 0x4d, 0xff, 0xbe, 0xb3, 0x12, 0xff, 0xc1, 0xb7, 0x1e, 0xff, 0xc1,
0xb7, 0x1e, 0xff, 0xc1, 0xb7, 0x1e, 0xff, 0xc1, 0xb7, 0x1e, 0xff, 0xc1, 0xb7, 0x1e, 0xff,
0xc1, 0xb7, 0x1e, 0xff, 0xc1, 0xb7, 0x1e, 0xff, 0xc1, 0xb7, 0x1e, 0xff, 0xc1, 0xb7, 0x1e,
0xff, 0xc1, 0xb7, 0x1e, 0xff, 0xc1, 0xb7, 0x1e, 0xff, 0xc1, 0xb7, 0x1e, 0xff, 0xc1, 0xb7,
0x1e, 0xff, 0xc1, 0xb7, 0x1e, 0xff, 0xc1, 0xb7, 0x1e, 0xff, 0xc1, 0xb7, 0x1e, 0xff, 0xc1,
0xb7, 0x1e, 0xff, 0xc1, 0xb7, 0x1e, 0xff, 0xc1, 0xb7, 0x1e, 0xff, 0xc1, 0xb7, 0x1e, 0xff,
0xc1, 0xb7, 0x1e, 0xc8, 0xbf, 0xb6, 0x1c, 0x02, 0xbf, 0xb7, 0x1d, 0x00, 0xbf, 0xb7, 0x1d,
0x00, 0xbf, 0xb7, 0x1d, 0x00, 0xbf, 0xb7, 0x1d, 0x00, 0xff, 0xff, 0xff, 0x00, 0xff, 0xff,
0xff, 0x00, 0xff, 0xff, 0xff, 0x00, 0xff, 0xff, 0xff, 0x00, 0xff, 0xff, 0xff, 0x00, 0xff,
0xff, 0xff, 0x00, 0xff, 0xff, 0xff, 0x00, 0xff, 0xff, 0xff, 0x00, 0xff, 0xff, 0xff, 0x00,
0xff, 0xff, 0xff, 0x00, 0xff, 0xff, 0xff, 0x00, 0xff, 0xff, 0xff, 0x00, 0xff, 0xff, 0xff,
0x00, 0xff, 0xff, 0xff, 0x00, 0xff, 0xff, 0xff, 0x00, 0x6e, 0x50, 0x02, 0x00, 0x6e, 0x50,
0x02, 0x00, 0x6e, 0x50, 0x02, 0x00, 0x6e, 0x4d, 0x01, 0x00, 0xa2, 0x8c, 0x11, 0x7b, 0xc6,
0xbd, 0x20, 0xff, 0xc1, 0xb7, 0x1e, 0xff, 0xc1, 0xb7, 0x1e, 0xff, 0xc1, 0xb7, 0x1e, 0xff,
0xc1, 0xb7, 0x1e, 0xff, 0xc1, 0xb7, 0x1e, 0xff, 0xc1, 0xb7, 0x1e, 0xff, 0xc1, 0xb7, 0x1e,
0xff, 0xc1, 0xb7, 0x1e, 0xff, 0xc1, 0xb7, 0x1e, 0xff, 0xc1, 0xb7, 0x1e, 0xff, 0xc1, 0xb7,
0x1e, 0xff, 0xc1, 0xb7, 0x1e, 0xff, 0xc1, 0xb7, 0x1e, 0xff, 0xc1, 0xb7, 0x1e, 0xff, 0xc1,
0xb7, 0x1e, 0xff, 0xc1, 0xb7, 0x1e, 0xff, 0xc1, 0xb7, 0x1e, 0xff, 0xc1, 0xb7, 0x1e, 0xff,
0xc1, 0xb7, 0x1e, 0xff, 0xbf, 0xb5, 0x17, 0xff, 0xc5, 0xbc, 0x2d, 0xff, 0xf4, 0xf2, 0xd8,
0xff, 0xff, 0xff, 0xff, 0xff, 0xfe, 0xfe, 0xfe, 0xff, 0xfe, 0xfe, 0xfe, 0xff, 0xfe, 0xfe,
0xfe, 0xff, 0xfe, 0xfe, 0xfe, 0xff, 0xff, 0xff, 0xff, 0xff, 0xff, 0xff, 0xff, 0xff, 0xed,
0xea, 0xc0, 0xff, 0xc5, 0xbb, 0x2b, 0xff, 0xbc, 0xb1, 0x0c, 0xff, 0xca, 0xc2, 0x3f, 0xff,
0xfe, 0xfd, 0xfa, 0xff, 0xff, 0xff, 0xff, 0xff, 0xff, 0xff, 0xff, 0xff, 0xff, 0xff, 0xff,
0xff, 0xff, 0xff, 0xff, 0xff, 0xff, 0xff, 0xff, 0xff, 0xff, 0xff, 0xff, 0xff, 0xff, 0xff,
0xff, 0xff, 0xff, 0xff, 0xff, 0xff, 0xff, 0xff, 0xff, 0xff, 0xff, 0xff, 0xff, 0xff, 0xff,
0xff, 0xff, 0xff, 0xff, 0xff, 0xff, 0xff, 0xff, 0xff, 0xff, 0xff, 0xff, 0xff, 0xff, 0xff,
0xff, 0xff, 0xff, 0xff, 0xff, 0xff, 0xff, 0xff, 0xff, 0xff, 0xff, 0xff, 0xff, 0xff, 0xff,
0xff, 0xff, 0xff, 0xff, 0xff, 0xff, 0xff, 0xff, 0xff, 0xff, 0xff, 0xff, 0xff, 0xff, 0xff,
0xff, 0xff, 0xff, 0xff, 0xff, 0xff, 0xff, 0xff, 0xff, 0xff, 0xff, 0xff, 0xff, 0xff, 0xff,
0xff, 0xff, 0xff, 0xff, 0xff, 0xff, 0xff, 0xff, 0xff, 0xff, 0xff, 0xff, 0xff, 0xff, 0xff,
0xff, 0xff, 0xff, 0xff, 0xff, 0xff, 0xff, 0xff, 0xff, 0xff, 0xff, 0xff, 0xff, 0xff, 0xff,
0xff, 0xf1, 0xef, 0xcd, 0xff, 0xc0, 0xb6, 0x1a, 0xff, 0xbe, 0xb4, 0x15, 0xff, 0xc0, 0xb6,
0x1b, 0xff, 0xe5, 0xe0, 0x9f, 0xff, 0xff, 0xff, 0xff, 0xff, 0xff, 0xff, 0xff, 0xff, 0xfe,
0xfe, 0xfe, 0xff, 0xfe, 0xfe, 0xfe, 0xff, 0xfe, 0xfe, 0xfe, 0xff, 0xfe, 0xfe, 0xfe, 0xff,
0xff, 0xff, 0xff, 0xff, 0xfb, 0xfa, 0xf0, 0xff, 0xcd, 0xc5, 0x4a, 0xff, 0xbe, 0xb3, 0x12,
0xff, 0xc1, 0xb7, 0x1f, 0xff, 0xc1, 0xb7, 0x1e, 0xff, 0xc1, 0xb7, 0x1e, 0xff, 0xc1, 0xb7,
0x1e, 0xff, 0xc1, 0xb7, 0x1e, 0xff, 0xc1, 0xb7, 0x1e, 0xff, 0xc1, 0xb7, 0x1e, 0xff, 0xc1,
0xb7, 0x1e, 0xff, 0xc1, 0xb7, 0x1e, 0xff, 0xc1, 0xb7, 0x1e, 0xff, 0xc1, 0xb7, 0x1e, 0xff,
0xc1, 0xb7, 0x1e, 0xff, 0xc1, 0xb7, 0x1e, 0xff, 0xc1, 0xb7, 0x1e, 0xff, 0xc1, 0xb7, 0x1e,
0xff, 0xc1, 0xb7, 0x1e, 0xff, 0xc1, 0xb7, 0x1e, 0xff, 0xc1, 0xb7, 0x1e, 0xff, 0xc1, 0xb7,
0x1e, 0xff, 0xc1, 0xb8, 0x1f, 0xff, 0xbe, 0xb4, 0x19, 0x53, 0xbc, 0xb0, 0x15, 0x00, 0xbc,
0xb1, 0x15, 0x00, 0xbc, 0xb1, 0x15, 0x00, 0xbc, 0xb1, 0x15, 0x00, 0xff, 0xff, 0xff, 0x00,
0xff, 0xff, 0xff, 0x00, 0xff, 0xff, 0xff, 0x00, 0xff, 0xff, 0xff, 0x00, 0xff, 0xff, 0xff,
0x00, 0xff, 0xff, 0xff, 0x00, 0xff, 0xff, 0xff, 0x00, 0xff, 0xff, 0xff, 0x00, 0xff, 0xff,
0xff, 0x00, 0xff, 0xff, 0xff, 0x00, 0xff, 0xff, 0xff, 0x00, 0xff, 0xff, 0xff, 0x00, 0xff,
0xff, 0xff, 0x00, 0xff, 0xff, 0xff, 0x00, 0xff, 0xff, 0xff, 0x00, 0xa2, 0x9b, 0x16, 0x00,
0xa2, 0x9b, 0x16, 0x00, 0xa2, 0x9a, 0x16, 0x00, 0xa2, 0x9c, 0x16, 0x05, 0xb6, 0xaf, 0x1d,
0xd2, 0xc2, 0xb8, 0x1e, 0xff, 0xc1, 0xb7, 0x1e, 0xff, 0xc1, 0xb7, 0x1e, 0xff, 0xc1, 0xb7,
0x1e, 0xff, 0xc1, 0xb7, 0x1e, 0xff, 0xc1, 0xb7, 0x1e, 0xff, 0xc1, 0xb7, 0x1e, 0xff, 0xc1,
0xb7, 0x1e, 0xff, 0xc1, 0xb7, 0x1e, 0xff, 0xc1, 0xb7, 0x1e, 0xff, 0xc1, 0xb7, 0x1e, 0xff,
0xc1, 0xb7, 0x1e, 0xff, 0xc1, 0xb7, 0x1e, 0xff, 0xc1, 0xb7, 0x1e, 0xff, 0xc1, 0xb7, 0x1e,
0xff, 0xc1, 0xb7, 0x1e, 0xff, 0xc1, 0xb7, 0x1e, 0xff, 0xc1, 0xb7, 0x1e, 0xff, 0xc1, 0xb7,
0x1e, 0xff, 0xc0, 0xb6, 0x1b, 0xff, 0xc0, 0xb6, 0x1c, 0xff, 0xee, 0xec, 0xc4, 0xff, 0xff,
0xff, 0xff, 0xff, 0xfe, 0xfe, 0xfe, 0xff, 0xfe, 0xfe, 0xfe, 0xff, 0xfe, 0xfe, 0xfe, 0xff,
0xfe, 0xfe, 0xfe, 0xff, 0xff, 0xff, 0xff, 0xff, 0xfe, 0xfe, 0xfd, 0xff, 0xdc, 0xd6, 0x80,
0xff, 0xc0, 0xb6, 0x1a, 0xff, 0xbf, 0xb5, 0x18, 0xff, 0xbe, 0xb3, 0x12, 0xff, 0xd8, 0xd2,
0x72, 0xff, 0xff, 0xff, 0xff, 0xff, 0xff, 0xff, 0xff, 0xff, 0xff, 0xff, 0xff, 0xff, 0xff,
0xff, 0xff, 0xff, 0xff, 0xff, 0xff, 0xff, 0xff, 0xff, 0xff, 0xff, 0xff, 0xff, 0xff, 0xff,
0xff, 0xff, 0xff, 0xff, 0xff, 0xff, 0xff, 0xff, 0xff, 0xff, 0xff, 0xff, 0xff, 0xff, 0xff,
0xff, 0xff, 0xff, 0xff, 0xff, 0xff, 0xff, 0xff, 0xff, 0xff, 0xff, 0xff, 0xff, 0xff, 0xff,
0xff, 0xff, 0xff, 0xff, 0xff, 0xff, 0xff, 0xff, 0xff, 0xff, 0xff, 0xff, 0xff, 0xff, 0xff,
0xff, 0xff, 0xff, 0xff, 0xff, 0xff, 0xff, 0xff, 0xff, 0xff, 0xff, 0xff, 0xff, 0xff, 0xff,
0xff, 0xff, 0xff, 0xff, 0xff, 0xff, 0xff, 0xff, 0xff, 0xff, 0xff, 0xff, 0xff, 0xff, 0xff,
0xff, 0xff, 0xff, 0xff, 0xff, 0xff, 0xff, 0xff, 0xff, 0xff, 0xff, 0xff, 0xff, 0xff, 0xff,
0xff, 0xff, 0xff, 0xff, 0xff, 0xff, 0xff, 0xff, 0xff, 0xff, 0xff, 0xff, 0xff, 0xff, 0xff,
0xff, 0xff, 0xff, 0xfc, 0xfc, 0xf5, 0xff, 0xc8, 0xbf, 0x38, 0xff, 0xc0, 0xb5, 0x19, 0xff,
0xc0, 0xb6, 0x1a, 0xff, 0xbe, 0xb4, 0x14, 0xff, 0xd4, 0xcd, 0x64, 0xff, 0xfa, 0xfa, 0xef,
0xff, 0xff, 0xff, 0xff, 0xff, 0xfe, 0xfe, 0xfe, 0xff, 0xfe, 0xfe, 0xfe, 0xff, 0xfe, 0xfe,
0xfe, 0xff, 0xfe, 0xfe, 0xfe, 0xff, 0xff, 0xff, 0xff, 0xff, 0xf7, 0xf6, 0xe3, 0xff, 0xc7,
0xbe, 0x35, 0xff, 0xbf, 0xb5, 0x17, 0xff, 0xc1, 0xb7, 0x1e, 0xff, 0xc1, 0xb7, 0x1e, 0xff,
0xc1, 0xb7, 0x1e, 0xff, 0xc1, 0xb7, 0x1e, 0xff, 0xc1, 0xb7, 0x1e, 0xff, 0xc1, 0xb7, 0x1e,
0xff, 0xc1, 0xb7, 0x1e, 0xff, 0xc1, 0xb7, 0x1e, 0xff, 0xc1, 0xb7, 0x1e, 0xff, 0xc1, 0xb7,
0x1e, 0xff, 0xc1, 0xb7, 0x1e, 0xff, 0xc1, 0xb7, 0x1e, 0xff, 0xc1, 0xb7, 0x1e, 0xff, 0xc1,
0xb7, 0x1e, 0xff, 0xc1, 0xb7, 0x1e, 0xff, 0xc1, 0xb7, 0x1e, 0xff, 0xc1, 0xb7, 0x1e, 0xff,
0xc1, 0xb7, 0x1e, 0xff, 0xc1, 0xb7, 0x1f, 0xff, 0xbf, 0xb5, 0x1b, 0xb2, 0xbb, 0xb2, 0x16,
0x00, 0xbb, 0xb3, 0x16, 0x00, 0xbb, 0xb3, 0x16, 0x00, 0xbb, 0xb3, 0x16, 0x00, 0xff, 0xff,
0xff, 0x00, 0xff, 0xff, 0xff, 0x00, 0xff, 0xff, 0xff, 0x00, 0xff, 0xff, 0xff, 0x00, 0xff,
0xff, 0xff, 0x00, 0xff, 0xff, 0xff, 0x00, 0xff, 0xff, 0xff, 0x00, 0xff, 0xff, 0xff, 0x00,
0xff, 0xff, 0xff, 0x00, 0xff, 0xff, 0xff, 0x00, 0xff, 0xff, 0xff, 0x00, 0xff, 0xff, 0xff,
0x00, 0xff, 0xff, 0xff, 0x00, 0xff, 0xff, 0xff, 0x00, 0xff, 0xff, 0xff, 0x00, 0xc3, 0xac,
0x15, 0x00, 0xc3, 0xac, 0x15, 0x00, 0xc2, 0xab, 0x15, 0x00, 0xc2, 0xb1, 0x18, 0x5d, 0xc2,
0xb9, 0x1f, 0xff, 0xc1, 0xb7, 0x1e, 0xff, 0xc1, 0xb7, 0x1e, 0xff, 0xc1, 0xb7, 0x1e, 0xff,
0xc1, 0xb7, 0x1e, 0xff, 0xc1, 0xb7, 0x1e, 0xff, 0xc1, 0xb7, 0x1e, 0xff, 0xc1, 0xb7, 0x1e,
0xff, 0xc1, 0xb7, 0x1e, 0xff, 0xc1, 0xb7, 0x1e, 0xff, 0xc1, 0xb7, 0x1e, 0xff, 0xc1, 0xb7,
0x1e, 0xff, 0xc1, 0xb7, 0x1e, 0xff, 0xc1, 0xb7, 0x1e, 0xff, 0xc1, 0xb7, 0x1e, 0xff, 0xc1,
0xb7, 0x1e, 0xff, 0xc1, 0xb7, 0x1e, 0xff, 0xc1, 0xb7, 0x1e, 0xff, 0xc1, 0xb7, 0x1e, 0xff,
0xc1, 0xb7, 0x1e, 0xff, 0xbe, 0xb4, 0x13, 0xff, 0xe6, 0xe2, 0xa4, 0xff, 0xff, 0xff, 0xff,
0xff, 0xfe, 0xfe, 0xfe, 0xff, 0xfe, 0xfe, 0xfe, 0xff, 0xfe, 0xfe, 0xfe, 0xff, 0xfe, 0xfe,
0xfe, 0xff, 0xff, 0xff, 0xff, 0xff, 0xf9, 0xf8, 0xec, 0xff, 0xcf, 0xc8, 0x52, 0xff, 0xbe,
0xb3, 0x12, 0xff, 0xc0, 0xb6, 0x1b, 0xff, 0xc1, 0xb7, 0x1e, 0xff, 0xbd, 0xb3, 0x10, 0xff,
0xe2, 0xdd, 0x95, 0xff, 0xff, 0xff, 0xff, 0xff, 0xff, 0xff, 0xff, 0xff, 0xff, 0xff, 0xff,
0xff, 0xff, 0xff, 0xff, 0xff, 0xff, 0xff, 0xff, 0xff, 0xff, 0xff, 0xff, 0xff, 0xff, 0xff,
0xff, 0xff, 0xff, 0xff, 0xff, 0xff, 0xff, 0xff, 0xff, 0xff, 0xff, 0xff, 0xff, 0xff, 0xff,
0xff, 0xff, 0xff, 0xff, 0xff, 0xff, 0xff, 0xff, 0xff, 0xff, 0xff, 0xff, 0xff, 0xff, 0xff,
0xff, 0xff, 0xff, 0xff, 0xff, 0xff, 0xff, 0xff, 0xff, 0xff, 0xff, 0xff, 0xff, 0xff, 0xff,
0xff, 0xff, 0xff, 0xff, 0xff, 0xff, 0xff, 0xff, 0xff, 0xff, 0xff, 0xff, 0xff, 0xff, 0xff,
0xff, 0xff, 0xff, 0xff, 0xff, 0xff, 0xff, 0xff, 0xff, 0xff, 0xff, 0xff, 0xff, 0xff, 0xff,
0xff, 0xff, 0xff, 0xff, 0xff, 0xff, 0xff, 0xff, 0xff, 0xff, 0xff, 0xff, 0xff, 0xff, 0xff,
0xff, 0xff, 0xff, 0xff, 0xff, 0xff, 0xff, 0xff, 0xff, 0xff, 0xff, 0xff, 0xff, 0xff, 0xff,
0xff, 0xff, 0xff, 0xff, 0xff, 0xff, 0xff, 0xff, 0xff, 0xd2, 0xcb, 0x5c, 0xff, 0xbe, 0xb4,
0x13, 0xff, 0xc1, 0xb7, 0x1e, 0xff, 0xc1, 0xb7, 0x1d, 0xff, 0xbe, 0xb3, 0x11, 0xff, 0xc9,
0xc0, 0x39, 0xff, 0xf3, 0xf1, 0xd4, 0xff, 0xff, 0xff, 0xff, 0xff, 0xfe, 0xfe, 0xfe, 0xff,
0xfe, 0xfe, 0xfe, 0xff, 0xfe, 0xfe, 0xfe, 0xff, 0xfe, 0xfe, 0xfe, 0xff, 0xff, 0xff, 0xff,
0xff, 0xf0, 0xee, 0xca, 0xff, 0xc0, 0xb6, 0x1a, 0xff, 0xc0, 0xb6, 0x1c, 0xff, 0xc1, 0xb7,
0x1e, 0xff, 0xc1, 0xb7, 0x1e, 0xff, 0xc1, 0xb7, 0x1e, 0xff, 0xc1, 0xb7, 0x1e, 0xff, 0xc1,
0xb7, 0x1e, 0xff, 0xc1, 0xb7, 0x1e, 0xff, 0xc1, 0xb7, 0x1e, 0xff, 0xc1, 0xb7, 0x1e, 0xff,
0xc1, 0xb7, 0x1e, 0xff, 0xc1, 0xb7, 0x1e, 0xff, 0xc1, 0xb7, 0x1e, 0xff, 0xc1, 0xb7, 0x1e,
0xff, 0xc1, 0xb7, 0x1e, 0xff, 0xc1, 0xb7, 0x1e, 0xff, 0xc1, 0xb7, 0x1e, 0xff, 0xc1, 0xb7,
0x1e, 0xff, 0xc1, 0xb7, 0x1e, 0xff, 0xc1, 0xb7, 0x1e, 0xff, 0xc1, 0xb7, 0x1e, 0xf7, 0xc0,
0xb7, 0x1c, 0x2e, 0xbf, 0xb7, 0x1b, 0x00, 0xbf, 0xb7, 0x1c, 0x00, 0xbf, 0xb7, 0x1c, 0x00,
0xff, 0xff, 0xff, 0x00, 0xff, 0xff, 0xff, 0x00, 0xff, 0xff, 0xff, 0x00, 0xff, 0xff, 0xff,
0x00, 0xff, 0xff, 0xff, 0x00, 0xff, 0xff, 0xff, 0x00, 0xff, 0xff, 0xff, 0x00, 0xff, 0xff,
0xff, 0x00, 0xff, 0xff, 0xff, 0x00, 0xff, 0xff, 0xff, 0x00, 0xff, 0xff, 0xff, 0x00, 0xff,
0xff, 0xff, 0x00, 0xff, 0xff, 0xff, 0x00, 0xff, 0xff, 0xff, 0x00, 0xff, 0xff, 0xff, 0x00,
0xb6, 0xac, 0x13, 0x00, 0xb6, 0xac, 0x13, 0x00, 0xb7, 0xac, 0x13, 0x00, 0xbf, 0xb5, 0x1c,
0xb1, 0xc1, 0xb7, 0x1e, 0xff, 0xc1, 0xb7, 0x1e, 0xff, 0xc1, 0xb7, 0x1e, 0xff, 0xc1, 0xb7,
0x1e, 0xff, 0xc1, 0xb7, 0x1e, 0xff, 0xc1, 0xb7, 0x1e, 0xff, 0xc1, 0xb7, 0x1e, 0xff, 0xc1,
0xb7, 0x1e, 0xff, 0xc1, 0xb7, 0x1e, 0xff, 0xc1, 0xb7, 0x1e, 0xff, 0xc1, 0xb7, 0x1e, 0xff,
0xc1, 0xb7, 0x1e, 0xff, 0xc1, 0xb7, 0x1e, 0xff, 0xc1, 0xb7, 0x1e, 0xff, 0xc1, 0xb7, 0x1e,
0xff, 0xc1, 0xb7, 0x1e, 0xff, 0xc1, 0xb7, 0x1e, 0xff, 0xc1, 0xb7, 0x1e, 0xff, 0xc1, 0xb7,
0x1e, 0xff, 0xbe, 0xb4, 0x14, 0xff, 0xce, 0xc6, 0x4e, 0xff, 0xfe, 0xfe, 0xfc, 0xff, 0xff,
0xff, 0xff, 0xff, 0xfe, 0xfe, 0xfe, 0xff, 0xfe, 0xfe, 0xfe, 0xff, 0xfe, 0xfe, 0xfe, 0xff,
0xff, 0xff, 0xff, 0xff, 0xfa, 0xf9, 0xee, 0xff, 0xcb, 0xc3, 0x43, 0xff, 0xbd, 0xb3, 0x11,
0xff, 0xc1, 0xb7, 0x1e, 0xff, 0xc1, 0xb7, 0x1e, 0xff, 0xc1, 0xb7, 0x1e, 0xff, 0xbe, 0xb3,
0x12, 0xff, 0xe5, 0xe1, 0xa0, 0xff, 0xff, 0xff, 0xff, 0xff, 0xff, 0xff, 0xff, 0xff, 0xff,
0xff, 0xff, 0xff, 0xff, 0xff, 0xff, 0xff, 0xff, 0xff, 0xff, 0xff, 0xff, 0xff, 0xff, 0xff,
0xff, 0xff, 0xff, 0xff, 0xff, 0xff, 0xff, 0xff, 0xff, 0xff, 0xff, 0xff, 0xff, 0xff, 0xff,
0xff, 0xff, 0xff, 0xff, 0xff, 0xff, 0xff, 0xff, 0xff, 0xff, 0xff, 0xff, 0xff, 0xff, 0xff,
0xff, 0xff, 0xff, 0xff, 0xff, 0xff, 0xff, 0xff, 0xff, 0xff, 0xff, 0xff, 0xff, 0xff, 0xff,
0xff, 0xff, 0xff, 0xff, 0xff, 0xff, 0xff, 0xff, 0xff, 0xff, 0xff, 0xff, 0xff, 0xff, 0xff,
0xff, 0xff, 0xff, 0xff, 0xff, 0xff, 0xff, 0xff, 0xff, 0xff, 0xff, 0xff, 0xff, 0xff, 0xff,
0xff, 0xff, 0xff, 0xff, 0xff, 0xff, 0xff, 0xff, 0xff, 0xff, 0xff, 0xff, 0xff, 0xff, 0xff,
0xff, 0xff, 0xff, 0xff, 0xff, 0xff, 0xff, 0xff, 0xff, 0xff, 0xff, 0xff, 0xff, 0xff, 0xff,
0xff, 0xff, 0xff, 0xff, 0xff, 0xff, 0xff, 0xff, 0xff, 0xff, 0xff, 0xda, 0xd3, 0x78, 0xff,
0xbd, 0xb3, 0x11, 0xff, 0xc1, 0xb7, 0x1e, 0xff, 0xc1, 0xb7, 0x1e, 0xff, 0xc1, 0xb7, 0x1e,
0xff, 0xbe, 0xb4, 0x14, 0xff, 0xc5, 0xbb, 0x2c, 0xff, 0xf3, 0xf1, 0xd6, 0xff, 0xff, 0xff,
0xff, 0xff, 0xfe, 0xfe, 0xfe, 0xff, 0xfe, 0xfe, 0xfe, 0xff, 0xfe, 0xfe, 0xfe, 0xff, 0xfe,
0xfe, 0xfe, 0xff, 0xff, 0xff, 0xff, 0xff, 0xdb, 0xd5, 0x7c, 0xff, 0xbe, 0xb3, 0x12, 0xff,
0xc1, 0xb7, 0x1e, 0xff, 0xc1, 0xb7, 0x1e, 0xff, 0xc1, 0xb7, 0x1e, 0xff, 0xc1, 0xb7, 0x1e,
0xff, 0xc1, 0xb7, 0x1e, 0xff, 0xc1, 0xb7, 0x1e, 0xff, 0xc1, 0xb7, 0x1e, 0xff, 0xc1, 0xb7,
0x1e, 0xff, 0xc1, 0xb7, 0x1e, 0xff, 0xc1, 0xb7, 0x1e, 0xff, 0xc1, 0xb7, 0x1e, 0xff, 0xc1,
0xb7, 0x1e, 0xff, 0xc1, 0xb7, 0x1e, 0xff, 0xc1, 0xb7, 0x1e, 0xff, 0xc1, 0xb7, 0x1e, 0xff,
0xc1, 0xb7, 0x1e, 0xff, 0xc1, 0xb7, 0x1e, 0xff, 0xc1, 0xb7, 0x1e, 0xff, 0xc1, 0xb7, 0x1e,
0xff, 0xc0, 0xb5, 0x1c, 0x8d, 0xbd, 0xb1, 0x18, 0x00, 0xbd, 0xb1, 0x19, 0x00, 0xbd, 0xb1,
0x19, 0x00, 0xff, 0xff, 0xff, 0x00, 0xff, 0xff, 0xff, 0x00, 0xff, 0xff, 0xff, 0x00, 0xff,
0xff, 0xff, 0x00, 0xff, 0xff, 0xff, 0x00, 0xff, 0xff, 0xff, 0x00, 0xff, 0xff, 0xff, 0x00,
0xff, 0xff, 0xff, 0x00, 0xff, 0xff, 0xff, 0x00, 0xff, 0xff, 0xff, 0x00, 0xff, 0xff, 0xff,
0x00, 0xff, 0xff, 0xff, 0x00, 0xff, 0xff, 0xff, 0x00, 0xff, 0xff, 0xff, 0x00, 0xff, 0xff,
0xff, 0x00, 0xa2, 0xa1, 0x15, 0x00, 0xa1, 0xa0, 0x15, 0x00, 0xa6, 0xa4, 0x16, 0x20, 0xc0,
0xb6, 0x1e, 0xf1, 0xc1, 0xb7, 0x1e, 0xff, 0xc1, 0xb7, 0x1e, 0xff, 0xc1, 0xb7, 0x1e, 0xff,
0xc1, 0xb7, 0x1e, 0xff, 0xc1, 0xb7, 0x1e, 0xff, 0xc1, 0xb7, 0x1e, 0xff, 0xc1, 0xb7, 0x1e,
0xff, 0xc1, 0xb7, 0x1e, 0xff, 0xc1, 0xb7, 0x1e, 0xff, 0xc1, 0xb7, 0x1e, 0xff, 0xc1, 0xb7,
0x1e, 0xff, 0xc1, 0xb7, 0x1e, 0xff, 0xc1, 0xb7, 0x1e, 0xff, 0xc1, 0xb7, 0x1e, 0xff, 0xc1,
0xb7, 0x1e, 0xff, 0xc1, 0xb7, 0x1e, 0xff, 0xc1, 0xb7, 0x1e, 0xff, 0xc1, 0xb7, 0x1e, 0xff,
0xc1, 0xb7, 0x1d, 0xff, 0xbf, 0xb5, 0x16, 0xff, 0xec, 0xea, 0xbe, 0xff, 0xff, 0xff, 0xff,
0xff, 0xfe, 0xfe, 0xfe, 0xff, 0xfe, 0xfe, 0xfe, 0xff, 0xfe, 0xfe, 0xfe, 0xff, 0xff, 0xff,
0xff, 0xff, 0xfc, 0xfb, 0xf4, 0xff, 0xd1, 0xcb, 0x5b, 0xff, 0xbd, 0xb3, 0x11, 0xff, 0xc1,
0xb7, 0x1e, 0xff, 0xc1, 0xb7, 0x1e, 0xff, 0xc1, 0xb7, 0x1e, 0xff, 0xc1, 0xb7, 0x1e, 0xff,
0xbe, 0xb3, 0x12, 0xff, 0xe5, 0xe1, 0xa2, 0xff, 0xff, 0xff, 0xff, 0xff, 0xff, 0xff, 0xff,
0xff, 0xff, 0xff, 0xff, 0xff, 0xff, 0xff, 0xff, 0xff, 0xff, 0xff, 0xff, 0xff, 0xff, 0xff,
0xff, 0xff, 0xff, 0xff, 0xff, 0xff, 0xff, 0xff, 0xff, 0xff, 0xff, 0xff, 0xff, 0xff, 0xff,
0xff, 0xff, 0xff, 0xff, 0xff, 0xff, 0xff, 0xff, 0xff, 0xff, 0xff, 0xff, 0xff, 0xff, 0xff,
0xff, 0xff, 0xff, 0xff, 0xff, 0xff, 0xff, 0xff, 0xff, 0xff, 0xff, 0xff, 0xff, 0xff, 0xff,
0xff, 0xff, 0xff, 0xff, 0xff, 0xff, 0xff, 0xff, 0xff, 0xff, 0xff, 0xff, 0xff, 0xff, 0xff,
0xff, 0xff, 0xff, 0xff, 0xff, 0xff, 0xff, 0xff, 0xff, 0xff, 0xff, 0xff, 0xff, 0xff, 0xff,
0xff, 0xff, 0xff, 0xff, 0xff, 0xff, 0xff, 0xff, 0xff, 0xff, 0xff, 0xff, 0xff, 0xff, 0xff,
0xff, 0xff, 0xff, 0xff, 0xff, 0xff, 0xff, 0xff, 0xff, 0xff, 0xff, 0xff, 0xff, 0xff, 0xff,
0xff, 0xff, 0xff, 0xff, 0xff, 0xff, 0xff, 0xff, 0xff, 0xff, 0xff, 0xff, 0xff, 0xdd, 0xd8,
0x85, 0xff, 0xbd, 0xb3, 0x10, 0xff, 0xc1, 0xb7, 0x1e, 0xff, 0xc1, 0xb7, 0x1e, 0xff, 0xc1,
0xb7, 0x1e, 0xff, 0xc1, 0xb7, 0x1e, 0xff, 0xbe, 0xb4, 0x14, 0xff, 0xc8, 0xbf, 0x38, 0xff,
0xf6, 0xf5, 0xe1, 0xff, 0xff, 0xff, 0xff, 0xff, 0xfe, 0xfe, 0xfe, 0xff, 0xfe, 0xfe, 0xfe,
0xff, 0xfe, 0xfe, 0xfe, 0xff, 0xff, 0xff, 0xff, 0xff, 0xf6, 0xf4, 0xdf, 0xff, 0xc2, 0xb8,
0x20, 0xff, 0xc1, 0xb6, 0x1c, 0xff, 0xc1, 0xb7, 0x1e, 0xff, 0xc1, 0xb7, 0x1e, 0xff, 0xc1,
0xb7, 0x1e, 0xff, 0xc1, 0xb7, 0x1e, 0xff, 0xc1, 0xb7, 0x1e, 0xff, 0xc1, 0xb7, 0x1e, 0xff,
0xc1, 0xb7, 0x1e, 0xff, 0xc1, 0xb7, 0x1e, 0xff, 0xc1, 0xb7, 0x1e, 0xff, 0xc1, 0xb7, 0x1e,
0xff, 0xc1, 0xb7, 0x1e, 0xff, 0xc1, 0xb7, 0x1e, 0xff, 0xc1, 0xb7, 0x1e, 0xff, 0xc1, 0xb7,
0x1e, 0xff, 0xc1, 0xb7, 0x1e, 0xff, 0xc1, 0xb7, 0x1e, 0xff, 0xc1, 0xb7, 0x1e, 0xff, 0xc1,
0xb7, 0x1f, 0xff, 0xbf, 0xb6, 0x1b, 0xd0, 0xb6, 0xb3, 0x09, 0x04, 0xb7, 0xb3, 0x08, 0x00,
0xb7, 0xb3, 0x08, 0x00, 0xff, 0xff, 0xff, 0x00, 0xff, 0xff, 0xff, 0x00, 0xff, 0xff, 0xff,
0x00, 0xff, 0xff, 0xff, 0x00, 0xff, 0xff, 0xff, 0x00, 0xff, 0xff, 0xff, 0x00, 0xff, 0xff,
0xff, 0x00, 0xff, 0xff, 0xff, 0x00, 0xff, 0xff, 0xff, 0x00, 0xff, 0xff, 0xff, 0x00, 0xff,
0xff, 0xff, 0x00, 0xff, 0xff, 0xff, 0x00, 0xff, 0xff, 0xff, 0x00, 0xff, 0xff, 0xff, 0x00,
0xff, 0xff, 0xff, 0x00, 0xc2, 0xb8, 0x19, 0x00, 0xc1, 0xb8, 0x19, 0x00, 0xc0, 0xb7, 0x1d,
0x85, 0xc2, 0xb7, 0x1f, 0xff, 0xc1, 0xb7, 0x1e, 0xff, 0xc1, 0xb7, 0x1e, 0xff, 0xc1, 0xb7,
0x1e, 0xff, 0xc1, 0xb7, 0x1e, 0xff, 0xc1, 0xb7, 0x1e, 0xff, 0xc1, 0xb7, 0x1e, 0xff, 0xc1,
0xb7, 0x1e, 0xff, 0xc1, 0xb7, 0x1e, 0xff, 0xc1, 0xb7, 0x1e, 0xff, 0xc1, 0xb7, 0x1e, 0xff,
0xc1, 0xb7, 0x1e, 0xff, 0xc1, 0xb7, 0x1e, 0xff, 0xc1, 0xb7, 0x1e, 0xff, 0xc1, 0xb7, 0x1e,
0xff, 0xc1, 0xb7, 0x1e, 0xff, 0xc1, 0xb7, 0x1e, 0xff, 0xc1, 0xb7, 0x1e, 0xff, 0xc1, 0xb7,
0x1e, 0xff, 0xbf, 0xb5, 0x18, 0xff, 0xc8, 0xbf, 0x38, 0xff, 0xfc, 0xfb, 0xf5, 0xff, 0xff,
0xff, 0xff, 0xff, 0xfe, 0xfe, 0xfe, 0xff, 0xfe, 0xfe, 0xfe, 0xff, 0xfe, 0xfe, 0xfe, 0xff,
0xff, 0xff, 0xff, 0xff, 0xe0, 0xdb, 0x90, 0xff, 0xbc, 0xb1, 0x0b, 0xff, 0xc1, 0xb7, 0x1e,
0xff, 0xc1, 0xb7, 0x1e, 0xff, 0xc1, 0xb7, 0x1e, 0xff, 0xc1, 0xb7, 0x1e, 0xff, 0xc1, 0xb7,
0x1e, 0xff, 0xbe, 0xb3, 0x11, 0xff, 0xe4, 0xe0, 0x9e, 0xff, 0xff, 0xff, 0xff, 0xff, 0xff,
0xff, 0xff, 0xff, 0xff, 0xff, 0xff, 0xff, 0xff, 0xff, 0xff, 0xff, 0xff, 0xff, 0xff, 0xff,
0xff, 0xff, 0xff, 0xff, 0xff, 0xff, 0xff, 0xff, 0xff, 0xff, 0xff, 0xff, 0xff, 0xff, 0xff,
0xff, 0xff, 0xff, 0xff, 0xff, 0xff, 0xff, 0xff, 0xff, 0xff, 0xff, 0xff, 0xff, 0xff, 0xff,
0xff, 0xff, 0xff, 0xff, 0xff, 0xff, 0xff, 0xff, 0xff, 0xff, 0xff, 0xff, 0xff, 0xff, 0xff,
0xff, 0xff, 0xff, 0xff, 0xff, 0xff, 0xff, 0xff, 0xff, 0xff, 0xff, 0xff, 0xff, 0xff, 0xff,
0xff, 0xff, 0xff, 0xff, 0xff, 0xff, 0xff, 0xff, 0xff, 0xff, 0xff, 0xff, 0xff, 0xff, 0xff,
0xff, 0xff, 0xff, 0xff, 0xff, 0xff, 0xff, 0xff, 0xff, 0xff, 0xff, 0xff, 0xff, 0xff, 0xff,
0xff, 0xff, 0xff, 0xff, 0xff, 0xff, 0xff, 0xff, 0xff, 0xff, 0xff, 0xff, 0xff, 0xff, 0xff,
0xff, 0xff, 0xff, 0xff, 0xff, 0xff, 0xff, 0xff, 0xff, 0xff, 0xff, 0xff, 0xff, 0xff, 0xff,
0xde, 0xd8, 0x85, 0xff, 0xbd, 0xb3, 0x10, 0xff, 0xc1, 0xb7, 0x1e, 0xff, 0xc1, 0xb7, 0x1e,
0xff, 0xc1, 0xb7, 0x1e, 0xff, 0xc1, 0xb7, 0x1e, 0xff, 0xc1, 0xb7, 0x1f, 0xff, 0xbd, 0xb2,
0x0e, 0xff, 0xd5, 0xce, 0x66, 0xff, 0xff, 0xfe, 0xfe, 0xff, 0xfe, 0xfe, 0xff, 0xff, 0xfe,
0xfe, 0xfe, 0xff, 0xfe, 0xfe, 0xfe, 0xff, 0xfe, 0xfe, 0xff, 0xff, 0xff, 0xff, 0xff, 0xff,
0xd3, 0xcc, 0x60, 0xff, 0xbe, 0xb4, 0x13, 0xff, 0xc1, 0xb7, 0x1e, 0xff, 0xc1, 0xb7, 0x1e,
0xff, 0xc1, 0xb7, 0x1e, 0xff, 0xc1, 0xb7, 0x1e, 0xff, 0xc1, 0xb7, 0x1e, 0xff, 0xc1, 0xb7,
0x1e, 0xff, 0xc1, 0xb7, 0x1e, 0xff, 0xc1, 0xb7, 0x1e, 0xff, 0xc1, 0xb7, 0x1e, 0xff, 0xc1,
0xb7, 0x1e, 0xff, 0xc1, 0xb7, 0x1e, 0xff, 0xc1, 0xb7, 0x1e, 0xff, 0xc1, 0xb7, 0x1e, 0xff,
0xc1, 0xb7, 0x1e, 0xff, 0xc1, 0xb7, 0x1e, 0xff, 0xc1, 0xb7, 0x1e, 0xff, 0xc1, 0xb7, 0x1e,
0xff, 0xc1, 0xb7, 0x1e, 0xff, 0xc1, 0xb7, 0x1e, 0xff, 0xbd, 0xb3, 0x1a, 0x45, 0xb9, 0xb0,
0x1a, 0x00, 0xba, 0xb1, 0x1a, 0x00, 0xff, 0xff, 0xff, 0x00, 0xff, 0xff, 0xff, 0x00, 0xff,
0xff, 0xff, 0x00, 0xff, 0xff, 0xff, 0x00, 0xff, 0xff, 0xff, 0x00, 0xff, 0xff, 0xff, 0x00,
0xff, 0xff, 0xff, 0x00, 0xff, 0xff, 0xff, 0x00, 0xff, 0xff, 0xff, 0x00, 0xff, 0xff, 0xff,
0x00, 0xff, 0xff, 0xff, 0x00, 0xff, 0xff, 0xff, 0x00, 0xff, 0xff, 0xff, 0x00, 0xff, 0xff,
0xff, 0x00, 0xff, 0xff, 0xff, 0x00, 0x9f, 0x98, 0x17, 0x00, 0xa1, 0x9a, 0x17, 0x01, 0xbe,
0xb4, 0x1d, 0xd1, 0xc2, 0xb7, 0x1e, 0xff, 0xc1, 0xb7, 0x1e, 0xff, 0xc1, 0xb7, 0x1e, 0xff,
0xc1, 0xb7, 0x1e, 0xff, 0xc1, 0xb7, 0x1e, 0xff, 0xc1, 0xb7, 0x1e, 0xff, 0xc1, 0xb7, 0x1e,
0xff, 0xc1, 0xb7, 0x1e, 0xff, 0xc1, 0xb7, 0x1e, 0xff, 0xc1, 0xb7, 0x1e, 0xff, 0xc1, 0xb7,
0x1e, 0xff, 0xc1, 0xb7, 0x1e, 0xff, 0xc1, 0xb7, 0x1e, 0xff, 0xc1, 0xb7, 0x1e, 0xff, 0xc1,
0xb7, 0x1e, 0xff, 0xc1, 0xb7, 0x1e, 0xff, 0xc1, 0xb7, 0x1e, 0xff, 0xc1, 0xb7, 0x1e, 0xff,
0xc1, 0xb7, 0x1e, 0xff, 0xbe, 0xb3, 0x11, 0xff, 0xdb, 0xd5, 0x7c, 0xff, 0xff, 0xff, 0xff,
0xff, 0xfe, 0xfe, 0xfe, 0xff, 0xfe, 0xfe, 0xfe, 0xff, 0xfe, 0xfe, 0xfe, 0xff, 0xff, 0xff,
0xff, 0xff, 0xf5, 0xf4, 0xdd, 0xff, 0xc3, 0xba, 0x26, 0xff, 0xc0, 0xb6, 0x1a, 0xff, 0xc1,
0xb7, 0x1e, 0xff, 0xc1, 0xb7, 0x1e, 0xff, 0xc1, 0xb7, 0x1e, 0xff, 0xc1, 0xb7, 0x1e, 0xff,
0xc1, 0xb7, 0x1e, 0xff, 0xbd, 0xb3, 0x10, 0xff, 0xe1, 0xdc, 0x92, 0xff, 0xff, 0xff, 0xff,
0xff, 0xff, 0xff, 0xff, 0xff, 0xff, 0xff, 0xff, 0xff, 0xff, 0xff, 0xff, 0xff, 0xff, 0xff,
0xff, 0xff, 0xff, 0xff, 0xff, 0xff, 0xff, 0xff, 0xff, 0xff, 0xff, 0xff, 0xff, 0xff, 0xff,
0xff, 0xff, 0xff, 0xff, 0xff, 0xff, 0xff, 0xff, 0xff, 0xff, 0xff, 0xff, 0xff, 0xff, 0xff,
0xff, 0xff, 0xff, 0xff, 0xff, 0xff, 0xff, 0xff, 0xff, 0xff, 0xff, 0xff, 0xff, 0xff, 0xff,
0xff, 0xff, 0xff, 0xff, 0xff, 0xff, 0xff, 0xff, 0xff, 0xff, 0xff, 0xff, 0xff, 0xff, 0xff,
0xff, 0xff, 0xff, 0xff, 0xff, 0xff, 0xff, 0xff, 0xff, 0xff, 0xff, 0xff, 0xff, 0xff, 0xff,
0xff, 0xff, 0xff, 0xff, 0xff, 0xff, 0xff, 0xff, 0xff, 0xff, 0xff, 0xff, 0xff, 0xff, 0xff,
0xff, 0xff, 0xff, 0xff, 0xff, 0xff, 0xff, 0xff, 0xff, 0xff, 0xff, 0xff, 0xff, 0xff, 0xff,
0xff, 0xff, 0xff, 0xff, 0xff, 0xff, 0xff, 0xff, 0xff, 0xff, 0xff, 0xff, 0xff, 0xff, 0xff,
0xff, 0xff, 0xda, 0xd4, 0x77, 0xff, 0xbd, 0xb3, 0x11, 0xff, 0xc1, 0xb7, 0x1e, 0xff, 0xc1,
0xb7, 0x1e, 0xff, 0xc1, 0xb7, 0x1e, 0xff, 0xc1, 0xb7, 0x1e, 0xff, 0xc1, 0xb7, 0x1e, 0xff,
0xc1, 0xb7, 0x1d, 0xff, 0xbe, 0xb4, 0x13, 0xff, 0xed, 0xeb, 0xc0, 0xff, 0xff, 0xff, 0xff,
0xff, 0xfe, 0xfe, 0xfe, 0xff, 0xfe, 0xfe, 0xfe, 0xff, 0xfe, 0xfe, 0xfe, 0xff, 0xff, 0xff,
0xff, 0xff, 0xea, 0xe6, 0xb3, 0xff, 0xbe, 0xb4, 0x13, 0xff, 0xc1, 0xb7, 0x1e, 0xff, 0xc1,
0xb7, 0x1e, 0xff, 0xc1, 0xb7, 0x1e, 0xff, 0xc1, 0xb7, 0x1e, 0xff, 0xc1, 0xb7, 0x1e, 0xff,
0xc1, 0xb7, 0x1e, 0xff, 0xc1, 0xb7, 0x1e, 0xff, 0xc1, 0xb7, 0x1e, 0xff, 0xc1, 0xb7, 0x1e,
0xff, 0xc1, 0xb7, 0x1e, 0xff, 0xc1, 0xb7, 0x1e, 0xff, 0xc1, 0xb7, 0x1e, 0xff, 0xc1, 0xb7,
0x1e, 0xff, 0xc1, 0xb7, 0x1e, 0xff, 0xc1, 0xb7, 0x1e, 0xff, 0xc1, 0xb7, 0x1e, 0xff, 0xc1,
0xb7, 0x1e, 0xff, 0xc1, 0xb7, 0x1e, 0xff, 0xc2, 0xb8, 0x1f, 0xff, 0xba, 0xb3, 0x1c, 0xa8,
0xab, 0xa8, 0x14, 0x00, 0xac, 0xa9, 0x14, 0x00, 0xff, 0xff, 0xff, 0x00, 0xff, 0xff, 0xff,
0x00, 0xff, 0xff, 0xff, 0x00, 0xff, 0xff, 0xff, 0x00, 0xff, 0xff, 0xff, 0x00, 0xff, 0xff,
0xff, 0x00, 0xff, 0xff, 0xff, 0x00, 0xff, 0xff, 0xff, 0x00, 0xff, 0xff, 0xff, 0x00, 0xff,
0xff, 0xff, 0x00, 0xff, 0xff, 0xff, 0x00, 0xff, 0xff, 0xff, 0x00, 0xff, 0xff, 0xff, 0x00,
0xff, 0xff, 0xff, 0x00, 0xff, 0xff, 0xff, 0x00, 0x6a, 0x68, 0x0d, 0x00, 0x71, 0x6e, 0x10,
0x1c, 0xbb, 0xb1, 0x1e, 0xf2, 0xc3, 0xb8, 0x1e, 0xff, 0xc1, 0xb7, 0x1e, 0xff, 0xc1, 0xb7,
0x1e, 0xff, 0xc1, 0xb7, 0x1e, 0xff, 0xc1, 0xb7, 0x1e, 0xff, 0xc1, 0xb7, 0x1e, 0xff, 0xc1,
0xb7, 0x1e, 0xff, 0xc1, 0xb7, 0x1e, 0xff, 0xc1, 0xb7, 0x1e, 0xff, 0xc1, 0xb7, 0x1e, 0xff,
0xc1, 0xb7, 0x1e, 0xff, 0xc1, 0xb7, 0x1e, 0xff, 0xc1, 0xb7, 0x1e, 0xff, 0xc1, 0xb7, 0x1e,
0xff, 0xc1, 0xb7, 0x1e, 0xff, 0xc1, 0xb7, 0x1e, 0xff, 0xc1, 0xb7, 0x1e, 0xff, 0xc1, 0xb7,
0x1e, 0xff, 0xc1, 0xb7, 0x1e, 0xff, 0xbe, 0xb4, 0x14, 0xff, 0xea, 0xe7, 0xb5, 0xff, 0xff,
0xff, 0xff, 0xff, 0xfe, 0xfe, 0xfe, 0xff, 0xfe, 0xfe, 0xfe, 0xff, 0xfe, 0xfe, 0xfe, 0xff,
0xff, 0xff, 0xff, 0xff, 0xe5, 0xe0, 0xa1, 0xff, 0xbd, 0xb2, 0x0f, 0xff, 0xc1, 0xb7, 0x1e,
0xff, 0xc1, 0xb7, 0x1e, 0xff, 0xc1, 0xb7, 0x1e, 0xff, 0xc1, 0xb7, 0x1e, 0xff, 0xc1, 0xb7,
0x1e, 0xff, 0xc1, 0xb7, 0x1e, 0xff, 0xbd, 0xb3, 0x11, 0xff, 0xd8, 0xd2, 0x73, 0xff, 0xff,
0xff, 0xff, 0xff, 0xff, 0xff, 0xff, 0xff, 0xff, 0xff, 0xff, 0xff, 0xff, 0xff, 0xff, 0xff,
0xff, 0xff, 0xff, 0xff, 0xff, 0xff, 0xff, 0xff, 0xff, 0xff, 0xff, 0xff, 0xff, 0xff, 0xff,
0xff, 0xff, 0xff, 0xff, 0xff, 0xff, 0xff, 0xff, 0xff, 0xff, 0xff, 0xff, 0xff, 0xff, 0xff,
0xff, 0xff, 0xff, 0xff, 0xff, 0xff, 0xff, 0xff, 0xff, 0xff, 0xff, 0xff, 0xff, 0xff, 0xff,
0xff, 0xff, 0xff, 0xff, 0xff, 0xff, 0xff, 0xff, 0xff, 0xff, 0xff, 0xff, 0xff, 0xff, 0xff,
0xff, 0xff, 0xff, 0xff, 0xff, 0xff, 0xff, 0xff, 0xff, 0xff, 0xff, 0xff, 0xff, 0xff, 0xff,
0xff, 0xff, 0xff, 0xff, 0xff, 0xff, 0xff, 0xff, 0xff, 0xff, 0xff, 0xff, 0xff, 0xff, 0xff,
0xff, 0xff, 0xff, 0xff, 0xff, 0xff, 0xff, 0xff, 0xff, 0xff, 0xff, 0xff, 0xff, 0xff, 0xff,
0xff, 0xff, 0xff, 0xff, 0xff, 0xff, 0xff, 0xff, 0xff, 0xff, 0xff, 0xff, 0xff, 0xff, 0xff,
0xff, 0xff, 0xff, 0xff, 0xd3, 0xcc, 0x5f, 0xff, 0xbe, 0xb3, 0x13, 0xff, 0xc1, 0xb7, 0x1e,
0xff, 0xc1, 0xb7, 0x1e, 0xff, 0xc1, 0xb7, 0x1e, 0xff, 0xc1, 0xb7, 0x1e, 0xff, 0xc1, 0xb7,
0x1e, 0xff, 0xc1, 0xb7, 0x1e, 0xff, 0xbd, 0xb3, 0x10, 0xff, 0xdb, 0xd5, 0x7c, 0xff, 0xff,
0xff, 0xff, 0xff, 0xfe, 0xfe, 0xfe, 0xff, 0xfe, 0xfe, 0xfe, 0xff, 0xfe, 0xfe, 0xfe, 0xff,
0xff, 0xff, 0xff, 0xff, 0xf3, 0xf1, 0xd6, 0xff, 0xc1, 0xb7, 0x1e, 0xff, 0xc1, 0xb6, 0x1c,
0xff, 0xc1, 0xb7, 0x1e, 0xff, 0xc1, 0xb7, 0x1e, 0xff, 0xc1, 0xb7, 0x1e, 0xff, 0xc1, 0xb7,
0x1e, 0xff, 0xc1, 0xb7, 0x1e, 0xff, 0xc1, 0xb7, 0x1e, 0xff, 0xc1, 0xb7, 0x1e, 0xff, 0xc1,
0xb7, 0x1e, 0xff, 0xc1, 0xb7, 0x1e, 0xff, 0xc1, 0xb7, 0x1e, 0xff, 0xc1, 0xb7, 0x1e, 0xff,
0xc1, 0xb7, 0x1e, 0xff, 0xc1, 0xb7, 0x1e, 0xff, 0xc1, 0xb7, 0x1e, 0xff, 0xc1, 0xb7, 0x1e,
0xff, 0xc1, 0xb7, 0x1e, 0xff, 0xc1, 0xb7, 0x1e, 0xff, 0xc1, 0xb7, 0x1e, 0xff, 0xc1, 0xb7,
0x1e, 0xdb, 0xbf, 0xb3, 0x1b, 0x04, 0xbf, 0xb3, 0x1b, 0x00, 0xff, 0xff, 0xff, 0x00, 0xff,
0xff, 0xff, 0x00, 0xff, 0xff, 0xff, 0x00, 0xff, 0xff, 0xff, 0x00, 0xff, 0xff, 0xff, 0x00,
0xff, 0xff, 0xff, 0x00, 0xff, 0xff, 0xff, 0x00, 0xff, 0xff, 0xff, 0x00, 0xff, 0xff, 0xff,
0x00, 0xff, 0xff, 0xff, 0x00, 0xff, 0xff, 0xff, 0x00, 0xff, 0xff, 0xff, 0x00, 0xff, 0xff,
0xff, 0x00, 0xff, 0xff, 0xff, 0x00, 0xff, 0xff, 0xff, 0x00, 0xc6, 0xbd, 0x19, 0x00, 0xc6,
0xbe, 0x1b, 0x65, 0xc2, 0xb8, 0x1e, 0xff, 0xc1, 0xb7, 0x1e, 0xff, 0xc1, 0xb7, 0x1e, 0xff,
0xc1, 0xb7, 0x1e, 0xff, 0xc1, 0xb7, 0x1e, 0xff, 0xc1, 0xb7, 0x1e, 0xff, 0xc1, 0xb7, 0x1e,
0xff, 0xc1, 0xb7, 0x1e, 0xff, 0xc1, 0xb7, 0x1e, 0xff, 0xc1, 0xb7, 0x1e, 0xff, 0xc1, 0xb7,
0x1e, 0xff, 0xc1, 0xb7, 0x1e, 0xff, 0xc1, 0xb7, 0x1e, 0xff, 0xc1, 0xb7, 0x1e, 0xff, 0xc1,
0xb7, 0x1e, 0xff, 0xc1, 0xb7, 0x1e, 0xff, 0xc1, 0xb7, 0x1e, 0xff, 0xc1, 0xb7, 0x1e, 0xff,
0xc1, 0xb7, 0x1e, 0xff, 0xc1, 0xb7, 0x1d, 0xff, 0xc0, 0xb6, 0x1a, 0xff, 0xf1, 0xef, 0xcd,
0xff, 0xff, 0xff, 0xff, 0xff, 0xfe, 0xfe, 0xfe, 0xff, 0xfe, 0xfe, 0xfe, 0xff, 0xfe, 0xfe,
0xfe, 0xff, 0xff, 0xff, 0xff, 0xff, 0xd8, 0xd2, 0x72, 0xff, 0xbd, 0xb3, 0x11, 0xff, 0xc1,
0xb7, 0x1e, 0xff, 0xc1, 0xb7, 0x1e, 0xff, 0xc1, 0xb7, 0x1e, 0xff, 0xc1, 0xb7, 0x1e, 0xff,
0xc1, 0xb7, 0x1e, 0xff, 0xc1, 0xb7, 0x1e, 0xff, 0xbf, 0xb4, 0x16, 0xff, 0xcc, 0xc4, 0x45,
0xff, 0xfe, 0xfe, 0xfc, 0xff, 0xff, 0xff, 0xff, 0xff, 0xff, 0xff, 0xff, 0xff, 0xff, 0xff,
0xff, 0xff, 0xff, 0xff, 0xff, 0xff, 0xff, 0xff, 0xff, 0xff, 0xff, 0xff, 0xff, 0xff, 0xff,
0xff, 0xff, 0xff, 0xff, 0xff, 0xff, 0xff, 0xff, 0xff, 0xff, 0xff, 0xff, 0xff, 0xff, 0xff,
0xff, 0xff, 0xff, 0xff, 0xff, 0xff, 0xff, 0xff, 0xff, 0xff, 0xff, 0xff, 0xff, 0xff, 0xff,
0xff, 0xff, 0xff, 0xff, 0xff, 0xff, 0xff, 0xff, 0xff, 0xff, 0xff, 0xff, 0xff, 0xff, 0xff,
0xff, 0xff, 0xff, 0xff, 0xff, 0xff, 0xff, 0xff, 0xff, 0xff, 0xff, 0xff, 0xff, 0xff, 0xff,
0xff, 0xff, 0xff, 0xff, 0xff, 0xff, 0xff, 0xff, 0xff, 0xff, 0xff, 0xff, 0xff, 0xff, 0xff,
0xff, 0xff, 0xff, 0xff, 0xff, 0xff, 0xff, 0xff, 0xff, 0xff, 0xff, 0xff, 0xff, 0xff, 0xff,
0xff, 0xff, 0xff, 0xff, 0xff, 0xff, 0xff, 0xff, 0xff, 0xff, 0xff, 0xff, 0xff, 0xff, 0xff,
0xff, 0xff, 0xfe, 0xfe, 0xfb, 0xff, 0xcb, 0xc2, 0x40, 0xff, 0xbf, 0xb5, 0x17, 0xff, 0xc1,
0xb7, 0x1e, 0xff, 0xc1, 0xb7, 0x1e, 0xff, 0xc1, 0xb7, 0x1e, 0xff, 0xc1, 0xb7, 0x1e, 0xff,
0xc1, 0xb7, 0x1e, 0xff, 0xc1, 0xb7, 0x1e, 0xff, 0xbf, 0xb5, 0x17, 0xff, 0xcb, 0xc2, 0x41,
0xff, 0xfd, 0xfd, 0xf9, 0xff, 0xff, 0xff, 0xff, 0xff, 0xfe, 0xfe, 0xfe, 0xff, 0xfe, 0xfe,
0xfe, 0xff, 0xff, 0xff, 0xff, 0xff, 0xf6, 0xf5, 0xe1, 0xff, 0xc4, 0xba, 0x26, 0xff, 0xc0,
0xb6, 0x1b, 0xff, 0xc1, 0xb7, 0x1e, 0xff, 0xc1, 0xb7, 0x1e, 0xff, 0xc1, 0xb7, 0x1e, 0xff,
0xc1, 0xb7, 0x1e, 0xff, 0xc1, 0xb7, 0x1e, 0xff, 0xc1, 0xb7, 0x1e, 0xff, 0xc1, 0xb7, 0x1e,
0xff, 0xc1, 0xb7, 0x1e, 0xff, 0xc1, 0xb7, 0x1e, 0xff, 0xc1, 0xb7, 0x1e, 0xff, 0xc1, 0xb7,
0x1e, 0xff, 0xc1, 0xb7, 0x1e, 0xff, 0xc1, 0xb7, 0x1e, 0xff, 0xc1, 0xb7, 0x1e, 0xff, 0xc1,
0xb7, 0x1e, 0xff, 0xc1, 0xb7, 0x1e, 0xff, 0xc1, 0xb7, 0x1e, 0xff, 0xc1, 0xb7, 0x1e, 0xff,
0xc1, 0xb7, 0x1e, 0xf9, 0xbe, 0xb1, 0x1a, 0x2b, 0xbd, 0xb1, 0x19, 0x00, 0xff, 0xff, 0xff,
0x00, 0xff, 0xff, 0xff, 0x00, 0xff, 0xff, 0xff, 0x00, 0xff, 0xff, 0xff, 0x00, 0xff, 0xff,
0xff, 0x00, 0xff, 0xff, 0xff, 0x00, 0xff, 0xff, 0xff, 0x00, 0xff, 0xff, 0xff, 0x00, 0xff,
0xff, 0xff, 0x00, 0xff, 0xff, 0xff, 0x00, 0xff, 0xff, 0xff, 0x00, 0xff, 0xff, 0xff, 0x00,
0xff, 0xff, 0xff, 0x00, 0xff, 0xff, 0xff, 0x00, 0xff, 0xff, 0xff, 0x00, 0xbf, 0xb4, 0x1d,
0x00, 0xc1, 0xb6, 0x1e, 0xaf, 0xc1, 0xb7, 0x1e, 0xff, 0xc1, 0xb7, 0x1e, 0xff, 0xc1, 0xb7,
0x1e, 0xff, 0xc1, 0xb7, 0x1e, 0xff, 0xc1, 0xb7, 0x1e, 0xff, 0xc1, 0xb7, 0x1e, 0xff, 0xc1,
0xb7, 0x1e, 0xff, 0xc1, 0xb7, 0x1e, 0xff, 0xc1, 0xb7, 0x1e, 0xff, 0xc1, 0xb7, 0x1e, 0xff,
0xc1, 0xb7, 0x1e, 0xff, 0xc1, 0xb7, 0x1e, 0xff, 0xc1, 0xb7, 0x1e, 0xff, 0xc1, 0xb7, 0x1e,
0xff, 0xc1, 0xb7, 0x1e, 0xff, 0xc1, 0xb7, 0x1e, 0xff, 0xc1, 0xb7, 0x1e, 0xff, 0xc1, 0xb7,
0x1e, 0xff, 0xc1, 0xb7, 0x1e, 0xff, 0xc1, 0xb7, 0x1c, 0xff, 0xc1, 0xb7, 0x1d, 0xff, 0xf1,
0xef, 0xd0, 0xff, 0xff, 0xff, 0xff, 0xff, 0xfe, 0xfe, 0xfe, 0xff, 0xfe, 0xfe, 0xfe, 0xff,
0xfe, 0xfe, 0xff, 0xff, 0xff, 0xff, 0xff, 0xff, 0xd0, 0xc8, 0x54, 0xff, 0xbe, 0xb4, 0x14,
0xff, 0xc1, 0xb7, 0x1e, 0xff, 0xc1, 0xb7, 0x1e, 0xff, 0xc1, 0xb7, 0x1e, 0xff, 0xc1, 0xb7,
0x1e, 0xff, 0xc1, 0xb7, 0x1e, 0xff, 0xc1, 0xb7, 0x1e, 0xff, 0xc0, 0xb6, 0x1c, 0xff, 0xc2,
0xb8, 0x21, 0xff, 0xf5, 0xf3, 0xda, 0xff, 0xff, 0xff, 0xff, 0xff, 0xff, 0xff, 0xff, 0xff,
0xff, 0xff, 0xff, 0xff, 0xff, 0xff, 0xff, 0xff, 0xff, 0xff, 0xff, 0xff, 0xff, 0xff, 0xff,
0xff, 0xff, 0xff, 0xff, 0xff, 0xff, 0xff, 0xff, 0xff, 0xff, 0xff, 0xff, 0xff, 0xff, 0xff,
0xff, 0xff, 0xff, 0xff, 0xff, 0xff, 0xff, 0xff, 0xff, 0xff, 0xff, 0xff, 0xff, 0xff, 0xff,
0xff, 0xff, 0xff, 0xff, 0xff, 0xff, 0xff, 0xff, 0xff, 0xff, 0xff, 0xff, 0xff, 0xff, 0xff,
0xff, 0xff, 0xff, 0xff, 0xff, 0xff, 0xff, 0xff, 0xff, 0xff, 0xff, 0xff, 0xff, 0xff, 0xff,
0xff, 0xff, 0xff, 0xff, 0xff, 0xff, 0xff, 0xff, 0xff, 0xff, 0xff, 0xff, 0xff, 0xff, 0xff,
0xff, 0xff, 0xff, 0xff, 0xff, 0xff, 0xff, 0xff, 0xff, 0xff, 0xff, 0xff, 0xff, 0xff, 0xff,
0xff, 0xff, 0xff, 0xff, 0xff, 0xff, 0xff, 0xff, 0xff, 0xff, 0xff, 0xff, 0xff, 0xff, 0xff,
0xff, 0xff, 0xff, 0xff, 0xf6, 0xf5, 0xdf, 0xff, 0xc3, 0xb9, 0x23, 0xff, 0xc0, 0xb6, 0x1b,
0xff, 0xc1, 0xb7, 0x1e, 0xff, 0xc1, 0xb7, 0x1e, 0xff, 0xc1, 0xb7, 0x1e, 0xff, 0xc1, 0xb7,
0x1e, 0xff, 0xc1, 0xb7, 0x1e, 0xff, 0xc1, 0xb7, 0x1e, 0xff, 0xc0, 0xb6, 0x1a, 0xff, 0xc5,
0xbb, 0x2b, 0xff, 0xf9, 0xf8, 0xec, 0xff, 0xff, 0xff, 0xff, 0xff, 0xfe, 0xfe, 0xfe, 0xff,
0xfe, 0xfe, 0xfe, 0xff, 0xff, 0xff, 0xff, 0xff, 0xf7, 0xf6, 0xe5, 0xff, 0xc4, 0xba, 0x28,
0xff, 0xc0, 0xb6, 0x1b, 0xff, 0xc1, 0xb7, 0x1e, 0xff, 0xc1, 0xb7, 0x1e, 0xff, 0xc1, 0xb7,
0x1e, 0xff, 0xc1, 0xb7, 0x1e, 0xff, 0xc1, 0xb7, 0x1e, 0xff, 0xc1, 0xb7, 0x1e, 0xff, 0xc1,
0xb7, 0x1e, 0xff, 0xc1, 0xb7, 0x1e, 0xff, 0xc1, 0xb7, 0x1e, 0xff, 0xc1, 0xb7, 0x1e, 0xff,
0xc1, 0xb7, 0x1e, 0xff, 0xc1, 0xb7, 0x1e, 0xff, 0xc1, 0xb7, 0x1e, 0xff, 0xc1, 0xb7, 0x1e,
0xff, 0xc1, 0xb7, 0x1e, 0xff, 0xc1, 0xb7, 0x1e, 0xff, 0xc1, 0xb7, 0x1e, 0xff, 0xc1, 0xb7,
0x1e, 0xff, 0xc1, 0xb7, 0x1e, 0xff, 0xc1, 0xb6, 0x1d, 0x73, 0xc3, 0xb7, 0x1c, 0x00, 0xff,
0xff, 0xff, 0x00, 0xff, 0xff, 0xff, 0x00, 0xff, 0xff, 0xff, 0x00, 0xff, 0xff, 0xff, 0x00,
0xff, 0xff, 0xff, 0x00, 0xff, 0xff, 0xff, 0x00, 0xff, 0xff, 0xff, 0x00, 0xff, 0xff, 0xff,
0x00, 0xff, 0xff, 0xff, 0x00, 0xff, 0xff, 0xff, 0x00, 0xff, 0xff, 0xff, 0x00, 0xff, 0xff,
0xff, 0x00, 0xff, 0xff, 0xff, 0x00, 0xff, 0xff, 0xff, 0x00, 0xff, 0xff, 0xff, 0x00, 0xbd,
0xad, 0x1b, 0x03, 0xc0, 0xb5, 0x1e, 0xd6, 0xc1, 0xb7, 0x1e, 0xff, 0xc1, 0xb7, 0x1e, 0xff,
0xc1, 0xb7, 0x1e, 0xff, 0xc1, 0xb7, 0x1e, 0xff, 0xc1, 0xb7, 0x1e, 0xff, 0xc1, 0xb7, 0x1e,
0xff, 0xc1, 0xb7, 0x1e, 0xff, 0xc1, 0xb7, 0x1e, 0xff, 0xc1, 0xb7, 0x1e, 0xff, 0xc1, 0xb7,
0x1e, 0xff, 0xc1, 0xb7, 0x1e, 0xff, 0xc1, 0xb7, 0x1e, 0xff, 0xc1, 0xb7, 0x1e, 0xff, 0xc1,
0xb7, 0x1e, 0xff, 0xc1, 0xb7, 0x1e, 0xff, 0xc1, 0xb7, 0x1e, 0xff, 0xc1, 0xb7, 0x1e, 0xff,
0xc1, 0xb7, 0x1e, 0xff, 0xc1, 0xb7, 0x1e, 0xff, 0xc1, 0xb7, 0x1d, 0xff, 0xc0, 0xb6, 0x1b,
0xff, 0xf1, 0xef, 0xcd, 0xff, 0xff, 0xff, 0xff, 0xff, 0xfe, 0xfe, 0xfe, 0xff, 0xfe, 0xfe,
0xfe, 0xff, 0xfe, 0xfe, 0xff, 0xff, 0xff, 0xff, 0xff, 0xff, 0xd2, 0xca, 0x5b, 0xff, 0xbe,
0xb4, 0x14, 0xff, 0xc1, 0xb7, 0x1e, 0xff, 0xc1, 0xb7, 0x1e, 0xff, 0xc1, 0xb7, 0x1e, 0xff,
0xc1, 0xb7, 0x1e, 0xff, 0xc1, 0xb7, 0x1e, 0xff, 0xc1, 0xb7, 0x1e, 0xff, 0xc1, 0xb7, 0x1e,
0xff, 0xbe, 0xb3, 0x12, 0xff, 0xe9, 0xe6, 0xaf, 0xff, 0xff, 0xff, 0xff, 0xff, 0xff, 0xff,
0xff, 0xff, 0xff, 0xff, 0xff, 0xff, 0xff, 0xff, 0xff, 0xff, 0xff, 0xff, 0xff, 0xff, 0xff,
0xff, 0xff, 0xff, 0xff, 0xff, 0xff, 0xff, 0xff, 0xff, 0xff, 0xff, 0xff, 0xff, 0xff, 0xff,
0xff, 0xff, 0xff, 0xff, 0xff, 0xff, 0xff, 0xff, 0xff, 0xff, 0xff, 0xff, 0xff, 0xff, 0xff,
0xff, 0xff, 0xff, 0xff, 0xff, 0xff, 0xff, 0xff, 0xff, 0xff, 0xff, 0xff, 0xff, 0xff, 0xff,
0xff, 0xff, 0xff, 0xff, 0xff, 0xff, 0xff, 0xff, 0xff, 0xff, 0xff, 0xff, 0xff, 0xff, 0xff,
0xff, 0xff, 0xff, 0xff, 0xff, 0xff, 0xff, 0xff, 0xff, 0xff, 0xff, 0xff, 0xff, 0xff, 0xff,
0xff, 0xff, 0xff, 0xff, 0xff, 0xff, 0xff, 0xff, 0xff, 0xff, 0xff, 0xff, 0xff, 0xff, 0xff,
0xff, 0xff, 0xff, 0xff, 0xff, 0xff, 0xff, 0xff, 0xff, 0xff, 0xff, 0xff, 0xff, 0xff, 0xff,
0xff, 0xff, 0xff, 0xff, 0xff, 0xff, 0xec, 0xe9, 0xba, 0xff, 0xbe, 0xb4, 0x14, 0xff, 0xc1,
0xb7, 0x1e, 0xff, 0xc1, 0xb7, 0x1e, 0xff, 0xc1, 0xb7, 0x1e, 0xff, 0xc1, 0xb7, 0x1e, 0xff,
0xc1, 0xb7, 0x1e, 0xff, 0xc1, 0xb7, 0x1e, 0xff, 0xc1, 0xb7, 0x1e, 0xff, 0xc0, 0xb6, 0x1a,
0xff, 0xc6, 0xbd, 0x30, 0xff, 0xfa, 0xf9, 0xf0, 0xff, 0xff, 0xff, 0xff, 0xff, 0xfe, 0xfe,
0xfe, 0xff, 0xfe, 0xfe, 0xfe, 0xff, 0xff, 0xff, 0xff, 0xff, 0xf6, 0xf5, 0xe1, 0xff, 0xc4,
0xba, 0x27, 0xff, 0xc0, 0xb6, 0x1b, 0xff, 0xc1, 0xb7, 0x1e, 0xff, 0xc1, 0xb7, 0x1e, 0xff,
0xc1, 0xb7, 0x1e, 0xff, 0xc1, 0xb7, 0x1e, 0xff, 0xc1, 0xb7, 0x1e, 0xff, 0xc1, 0xb7, 0x1e,
0xff, 0xc1, 0xb7, 0x1e, 0xff, 0xc1, 0xb7, 0x1e, 0xff, 0xc1, 0xb7, 0x1e, 0xff, 0xc1, 0xb7,
0x1e, 0xff, 0xc1, 0xb7, 0x1e, 0xff, 0xc1, 0xb7, 0x1e, 0xff, 0xc1, 0xb7, 0x1e, 0xff, 0xc1,
0xb7, 0x1e, 0xff, 0xc1, 0xb7, 0x1e, 0xff, 0xc1, 0xb7, 0x1e, 0xff, 0xc1, 0xb7, 0x1e, 0xff,
0xc1, 0xb7, 0x1e, 0xff, 0xc2, 0xb8, 0x1e, 0xff, 0xbc, 0xb1, 0x1d, 0xb8, 0xa4, 0x99, 0x1a,
0x00, 0xff, 0xff, 0xff, 0x00, 0xff, 0xff, 0xff, 0x00, 0xff, 0xff, 0xff, 0x00, 0xff, 0xff,
0xff, 0x00, 0xff, 0xff, 0xff, 0x00, 0xff, 0xff, 0xff, 0x00, 0xff, 0xff, 0xff, 0x00, 0xff,
0xff, 0xff, 0x00, 0xff, 0xff, 0xff, 0x00, 0xff, 0xff, 0xff, 0x00, 0xff, 0xff, 0xff, 0x00,
0xff, 0xff, 0xff, 0x00, 0xff, 0xff, 0xff, 0x00, 0xff, 0xff, 0xff, 0x00, 0xff, 0xff, 0xff,
0x00, 0xbb, 0xb5, 0x19, 0x15, 0xc1, 0xb7, 0x1e, 0xee, 0xc1, 0xb7, 0x1e, 0xff, 0xc1, 0xb7,
0x1e, 0xff, 0xc1, 0xb7, 0x1e, 0xff, 0xc1, 0xb7, 0x1e, 0xff, 0xc1, 0xb7, 0x1e, 0xff, 0xc1,
0xb7, 0x1e, 0xff, 0xc1, 0xb7, 0x1e, 0xff, 0xc1, 0xb7, 0x1e, 0xff, 0xc1, 0xb7, 0x1e, 0xff,
0xc1, 0xb7, 0x1e, 0xff, 0xc1, 0xb7, 0x1e, 0xff, 0xc1, 0xb7, 0x1e, 0xff, 0xc1, 0xb7, 0x1e,
0xff, 0xc1, 0xb7, 0x1e, 0xff, 0xc1, 0xb7, 0x1e, 0xff, 0xc1, 0xb7, 0x1e, 0xff, 0xc1, 0xb7,
0x1e, 0xff, 0xc1, 0xb7, 0x1e, 0xff, 0xc1, 0xb7, 0x1e, 0xff, 0xc1, 0xb7, 0x1e, 0xff, 0xbe,
0xb4, 0x14, 0xff, 0xec, 0xe9, 0xba, 0xff, 0xff, 0xff, 0xff, 0xff, 0xfe, 0xfe, 0xfe, 0xff,
0xfe, 0xfe, 0xfe, 0xff, 0xfe, 0xfe, 0xfe, 0xff, 0xff, 0xff, 0xff, 0xff, 0xdc, 0xd7, 0x82,
0xff, 0xbd, 0xb3, 0x11, 0xff, 0xc1, 0xb7, 0x1e, 0xff, 0xc1, 0xb7, 0x1e, 0xff, 0xc1, 0xb7,
0x1e, 0xff, 0xc1, 0xb7, 0x1e, 0xff, 0xc1, 0xb7, 0x1e, 0xff, 0xc1, 0xb7, 0x1e, 0xff, 0xc1,
0xb7, 0x1e, 0xff, 0xbe, 0xb3, 0x11, 0xff, 0xda, 0xd4, 0x77, 0xff, 0xff, 0xff, 0xff, 0xff,
0xff, 0xff, 0xff, 0xff, 0xff, 0xff, 0xff, 0xff, 0xff, 0xff, 0xff, 0xff, 0xff, 0xff, 0xff,
0xff, 0xff, 0xff, 0xff, 0xff, 0xff, 0xff, 0xff, 0xff, 0xff, 0xff, 0xff, 0xff, 0xff, 0xff,
0xff, 0xff, 0xff, 0xff, 0xff, 0xff, 0xff, 0xff, 0xff, 0xff, 0xff, 0xff, 0xff, 0xff, 0xff,
0xff, 0xff, 0xff, 0xff, 0xff, 0xff, 0xff, 0xff, 0xff, 0xff, 0xff, 0xff, 0xff, 0xff, 0xff,
0xff, 0xff, 0xff, 0xff, 0xff, 0xff, 0xff, 0xff, 0xff, 0xff, 0xff, 0xff, 0xff, 0xff, 0xff,
0xff, 0xff, 0xff, 0xff, 0xff, 0xff, 0xff, 0xff, 0xff, 0xff, 0xff, 0xff, 0xff, 0xff, 0xff,
0xff, 0xff, 0xff, 0xff, 0xff, 0xff, 0xff, 0xff, 0xff, 0xff, 0xff, 0xff, 0xff, 0xff, 0xff,
0xff, 0xff, 0xff, 0xff, 0xff, 0xff, 0xff, 0xff, 0xff, 0xff, 0xff, 0xff, 0xff, 0xff, 0xff,
0xff, 0xff, 0xff, 0xff, 0xff, 0xff, 0xff, 0xff, 0xe2, 0xdd, 0x95, 0xff, 0xbd, 0xb3, 0x11,
0xff, 0xc1, 0xb7, 0x1e, 0xff, 0xc1, 0xb7, 0x1e, 0xff, 0xc1, 0xb7, 0x1e, 0xff, 0xc1, 0xb7,
0x1e, 0xff, 0xc1, 0xb7, 0x1e, 0xff, 0xc1, 0xb7, 0x1e, 0xff, 0xc1, 0xb7, 0x1e, 0xff, 0xbe,
0xb4, 0x15, 0xff, 0xcf, 0xc7, 0x52, 0xff, 0xfe, 0xfe, 0xfe, 0xff, 0xfe, 0xff, 0xff, 0xff,
0xfe, 0xfe, 0xfe, 0xff, 0xfe, 0xfe, 0xfe, 0xff, 0xff, 0xff, 0xff, 0xff, 0xf3, 0xf2, 0xd6,
0xff, 0xc2, 0xb7, 0x20, 0xff, 0xc0, 0xb6, 0x1c, 0xff, 0xc1, 0xb7, 0x1e, 0xff, 0xc1, 0xb7,
0x1e, 0xff, 0xc1, 0xb7, 0x1e, 0xff, 0xc1, 0xb7, 0x1e, 0xff, 0xc1, 0xb7, 0x1e, 0xff, 0xc1,
0xb7, 0x1e, 0xff, 0xc1, 0xb7, 0x1e, 0xff, 0xc1, 0xb7, 0x1e, 0xff, 0xc1, 0xb7, 0x1e, 0xff,
0xc1, 0xb7, 0x1e, 0xff, 0xc1, 0xb7, 0x1e, 0xff, 0xc1, 0xb7, 0x1e, 0xff, 0xc1, 0xb7, 0x1e,
0xff, 0xc1, 0xb7, 0x1e, 0xff, 0xc1, 0xb7, 0x1e, 0xff, 0xc1, 0xb7, 0x1e, 0xff, 0xc1, 0xb7,
0x1e, 0xff, 0xc1, 0xb7, 0x1e, 0xff, 0xc4, 0xba, 0x1f, 0xff, 0xb3, 0xaa, 0x1c, 0xd9, 0x6c,
0x67, 0x0e, 0x05, 0xff, 0xff, 0xff, 0x00, 0xff, 0xff, 0xff, 0x00, 0xff, 0xff, 0xff, 0x00,
0xff, 0xff, 0xff, 0x00, 0xff, 0xff, 0xff, 0x00, 0xff, 0xff, 0xff, 0x00, 0xff, 0xff, 0xff,
0x00, 0xff, 0xff, 0xff, 0x00, 0xff, 0xff, 0xff, 0x00, 0xff, 0xff, 0xff, 0x00, 0xff, 0xff,
0xff, 0x00, 0xff, 0xff, 0xff, 0x00, 0xff, 0xff, 0xff, 0x00, 0xff, 0xff, 0xff, 0x00, 0xff,
0xff, 0xff, 0x00, 0x7b, 0x75, 0x13, 0x3b, 0xc4, 0xba, 0x1e, 0xff, 0xc1, 0xb7, 0x1e, 0xff,
0xc1, 0xb7, 0x1e, 0xff, 0xc1, 0xb7, 0x1e, 0xff, 0xc1, 0xb7, 0x1e, 0xff, 0xc1, 0xb7, 0x1e,
0xff, 0xc1, 0xb7, 0x1e, 0xff, 0xc1, 0xb7, 0x1e, 0xff, 0xc1, 0xb7, 0x1e, 0xff, 0xc1, 0xb7,
0x1e, 0xff, 0xc1, 0xb7, 0x1e, 0xff, 0xc1, 0xb7, 0x1e, 0xff, 0xc1, 0xb7, 0x1e, 0xff, 0xc1,
0xb7, 0x1e, 0xff, 0xc1, 0xb7, 0x1e, 0xff, 0xc1, 0xb7, 0x1e, 0xff, 0xc1, 0xb7, 0x1e, 0xff,
0xc1, 0xb7, 0x1e, 0xff, 0xc1, 0xb7, 0x1e, 0xff, 0xc1, 0xb7, 0x1e, 0xff, 0xc1, 0xb7, 0x1e,
0xff, 0xbd, 0xb3, 0x10, 0xff, 0xde, 0xd9, 0x88, 0xff, 0xff, 0xff, 0xff, 0xff, 0xfe, 0xfe,
0xfe, 0xff, 0xfe, 0xfe, 0xfe, 0xff, 0xfe, 0xfe, 0xfe, 0xff, 0xff, 0xff, 0xff, 0xff, 0xe8,
0xe5, 0xaf, 0xff, 0xbd, 0xb3, 0x10, 0xff, 0xc1, 0xb7, 0x1e, 0xff, 0xc1, 0xb7, 0x1e, 0xff,
0xc1, 0xb7, 0x1e, 0xff, 0xc1, 0xb7, 0x1e, 0xff, 0xc1, 0xb7, 0x1e, 0xff, 0xc1, 0xb7, 0x1e,
0xff, 0xc1, 0xb7, 0x1e, 0xff, 0xc0, 0xb6, 0x1a, 0xff, 0xc5, 0xbb, 0x2b, 0xff, 0xf9, 0xf8,
0xe9, 0xff, 0xff, 0xff, 0xff, 0xff, 0xff, 0xff, 0xff, 0xff, 0xff, 0xff, 0xff, 0xff, 0xff,
0xff, 0xff, 0xff, 0xff, 0xff, 0xff, 0xff, 0xff, 0xff, 0xff, 0xff, 0xff, 0xff, 0xff, 0xff,
0xff, 0xff, 0xff, 0xff, 0xff, 0xff, 0xff, 0xff, 0xff, 0xff, 0xff, 0xff, 0xff, 0xff, 0xff,
0xff, 0xff, 0xff, 0xff, 0xff, 0xff, 0xff, 0xff, 0xff, 0xff, 0xff, 0xff, 0xff, 0xff, 0xff,
0xff, 0xff, 0xff, 0xff, 0xff, 0xff, 0xff, 0xff, 0xff, 0xff, 0xff, 0xff, 0xff, 0xff, 0xff,
0xff, 0xff, 0xff, 0xff, 0xff, 0xff, 0xff, 0xff, 0xff, 0xff, 0xff, 0xff, 0xff, 0xff, 0xff,
0xff, 0xff, 0xff, 0xff, 0xff, 0xff, 0xff, 0xff, 0xff, 0xff, 0xff, 0xff, 0xff, 0xff, 0xff,
0xff, 0xff, 0xff, 0xff, 0xff, 0xff, 0xff, 0xff, 0xff, 0xff, 0xff, 0xff, 0xff, 0xff, 0xff,
0xff, 0xff, 0xff, 0xff, 0xff, 0xff, 0xff, 0xff, 0xff, 0xff, 0xcf, 0xc7, 0x50, 0xff, 0xbe,
0xb4, 0x15, 0xff, 0xc1, 0xb7, 0x1e, 0xff, 0xc1, 0xb7, 0x1e, 0xff, 0xc1, 0xb7, 0x1e, 0xff,
0xc1, 0xb7, 0x1e, 0xff, 0xc1, 0xb7, 0x1e, 0xff, 0xc1, 0xb7, 0x1e, 0xff, 0xc1, 0xb7, 0x1e,
0xff, 0xbd, 0xb3, 0x0f, 0xff, 0xe0, 0xdb, 0x8f, 0xff, 0xff, 0xff, 0xff, 0xff, 0xfe, 0xfe,
0xfe, 0xff, 0xfe, 0xfe, 0xfe, 0xff, 0xfe, 0xfe, 0xfe, 0xff, 0xff, 0xff, 0xff, 0xff, 0xec,
0xe9, 0xbd, 0xff, 0xbf, 0xb4, 0x15, 0xff, 0xc1, 0xb7, 0x1e, 0xff, 0xc1, 0xb7, 0x1e, 0xff,
0xc1, 0xb7, 0x1e, 0xff, 0xc1, 0xb7, 0x1e, 0xff, 0xc1, 0xb7, 0x1e, 0xff, 0xc1, 0xb7, 0x1e,
0xff, 0xc1, 0xb7, 0x1e, 0xff, 0xc1, 0xb7, 0x1e, 0xff, 0xc1, 0xb7, 0x1e, 0xff, 0xc1, 0xb7,
0x1e, 0xff, 0xc1, 0xb7, 0x1e, 0xff, 0xc1, 0xb7, 0x1e, 0xff, 0xc1, 0xb7, 0x1e, 0xff, 0xc1,
0xb7, 0x1e, 0xff, 0xc1, 0xb7, 0x1e, 0xff, 0xc1, 0xb7, 0x1e, 0xff, 0xc1, 0xb7, 0x1e, 0xff,
0xc1, 0xb7, 0x1e, 0xff, 0xc1, 0xb7, 0x1e, 0xff, 0xc1, 0xb7, 0x1e, 0xff, 0xc2, 0xb8, 0x1d,
0xf0, 0xc0, 0xba, 0x13, 0x16, 0xff, 0xff, 0xff, 0x00, 0xff, 0xff, 0xff, 0x00, 0xff, 0xff,
0xff, 0x00, 0xff, 0xff, 0xff, 0x00, 0xff, 0xff, 0xff, 0x00, 0xff, 0xff, 0xff, 0x00, 0xff,
0xff, 0xff, 0x00, 0xff, 0xff, 0xff, 0x00, 0xff, 0xff, 0xff, 0x00, 0xff, 0xff, 0xff, 0x00,
0xff, 0xff, 0xff, 0x00, 0xff, 0xff, 0xff, 0x00, 0xff, 0xff, 0xff, 0x00, 0xff, 0xff, 0xff,
0x00, 0xff, 0xff, 0xff, 0x00, 0xbc, 0xb3, 0x1a, 0x68, 0xc1, 0xb7, 0x1e, 0xff, 0xc1, 0xb7,
0x1e, 0xff, 0xc1, 0xb7, 0x1e, 0xff, 0xc1, 0xb7, 0x1e, 0xff, 0xc1, 0xb7, 0x1e, 0xff, 0xc1,
0xb7, 0x1e, 0xff, 0xc1, 0xb7, 0x1e, 0xff, 0xc1, 0xb7, 0x1e, 0xff, 0xc1, 0xb7, 0x1e, 0xff,
0xc1, 0xb7, 0x1e, 0xff, 0xc1, 0xb7, 0x1e, 0xff, 0xc1, 0xb7, 0x1e, 0xff, 0xc1, 0xb7, 0x1e,
0xff, 0xc1, 0xb7, 0x1e, 0xff, 0xc1, 0xb7, 0x1e, 0xff, 0xc1, 0xb7, 0x1e, 0xff, 0xc1, 0xb7,
0x1e, 0xff, 0xc1, 0xb7, 0x1e, 0xff, 0xc1, 0xb7, 0x1e, 0xff, 0xc1, 0xb7, 0x1e, 0xff, 0xc1,
0xb7, 0x1e, 0xff, 0xbf, 0xb4, 0x16, 0xff, 0xcc, 0xc4, 0x48, 0xff, 0xfd, 0xfd, 0xfb, 0xff,
0xff, 0xff, 0xff, 0xff, 0xfe, 0xfe, 0xfe, 0xff, 0xfe, 0xfe, 0xfe, 0xff, 0xff, 0xff, 0xff,
0xff, 0xf9, 0xf9, 0xec, 0xff, 0xc7, 0xbf, 0x35, 0xff, 0xbf, 0xb5, 0x18, 0xff, 0xc1, 0xb7,
0x1e, 0xff, 0xc1, 0xb7, 0x1e, 0xff, 0xc1, 0xb7, 0x1e, 0xff, 0xc1, 0xb7, 0x1e, 0xff, 0xc1,
0xb7, 0x1e, 0xff, 0xc1, 0xb7, 0x1e, 0xff, 0xc1, 0xb7, 0x1e, 0xff, 0xbd, 0xb3, 0x10, 0xff,
0xe2, 0xdd, 0x95, 0xff, 0xff, 0xff, 0xff, 0xff, 0xff, 0xff, 0xff, 0xff, 0xff, 0xff, 0xff,
0xff, 0xff, 0xff, 0xff, 0xff, 0xff, 0xff, 0xff, 0xff, 0xff, 0xff, 0xff, 0xff, 0xff, 0xff,
0xff, 0xff, 0xff, 0xff, 0xff, 0xff, 0xff, 0xff, 0xff, 0xff, 0xff, 0xff, 0xff, 0xff, 0xff,
0xff, 0xff, 0xff, 0xff, 0xff, 0xff, 0xff, 0xff, 0xff, 0xff, 0xff, 0xff, 0xff, 0xff, 0xff,
0xff, 0xff, 0xff, 0xff, 0xff, 0xff, 0xff, 0xff, 0xff, 0xff, 0xff, 0xff, 0xff, 0xff, 0xff,
0xff, 0xff, 0xff, 0xff, 0xff, 0xff, 0xff, 0xff, 0xff, 0xff, 0xff, 0xff, 0xff, 0xff, 0xff,
0xff, 0xff, 0xff, 0xff, 0xff, 0xff, 0xff, 0xff, 0xff, 0xff, 0xff, 0xff, 0xff, 0xff, 0xff,
0xff, 0xff, 0xff, 0xff, 0xff, 0xff, 0xff, 0xff, 0xff, 0xff, 0xff, 0xff, 0xff, 0xff, 0xff,
0xff, 0xff, 0xff, 0xff, 0xff, 0xff, 0xff, 0xff, 0xed, 0xea, 0xbe, 0xff, 0xbf, 0xb5, 0x16,
0xff, 0xc1, 0xb7, 0x1d, 0xff, 0xc1, 0xb7, 0x1e, 0xff, 0xc1, 0xb7, 0x1e, 0xff, 0xc1, 0xb7,
0x1e, 0xff, 0xc1, 0xb7, 0x1e, 0xff, 0xc1, 0xb7, 0x1e, 0xff, 0xc1, 0xb7, 0x1e, 0xff, 0xc0,
0xb6, 0x1c, 0xff, 0xc0, 0xb6, 0x1b, 0xff, 0xf1, 0xef, 0xce, 0xff, 0xff, 0xff, 0xff, 0xff,
0xfe, 0xfe, 0xfe, 0xff, 0xfe, 0xfe, 0xfe, 0xff, 0xfe, 0xfe, 0xfe, 0xff, 0xff, 0xff, 0xff,
0xff, 0xda, 0xd4, 0x79, 0xff, 0xbe, 0xb3, 0x12, 0xff, 0xc1, 0xb7, 0x1e, 0xff, 0xc1, 0xb7,
0x1e, 0xff, 0xc1, 0xb7, 0x1e, 0xff, 0xc1, 0xb7, 0x1e, 0xff, 0xc1, 0xb7, 0x1e, 0xff, 0xc1,
0xb7, 0x1e, 0xff, 0xc1, 0xb7, 0x1e, 0xff, 0xc1, 0xb7, 0x1e, 0xff, 0xc1, 0xb7, 0x1e, 0xff,
0xc1, 0xb7, 0x1e, 0xff, 0xc1, 0xb7, 0x1e, 0xff, 0xc1, 0xb7, 0x1e, 0xff, 0xc1, 0xb7, 0x1e,
0xff, 0xc1, 0xb7, 0x1e, 0xff, 0xc1, 0xb7, 0x1e, 0xff, 0xc1, 0xb7, 0x1e, 0xff, 0xc1, 0xb7,
0x1e, 0xff, 0xc1, 0xb7, 0x1e, 0xff, 0xc1, 0xb7, 0x1e, 0xff, 0xc1, 0xb7, 0x1e, 0xff, 0xc1,
0xb7, 0x1e, 0xff, 0xbf, 0xb8, 0x1c, 0x3f, 0xff, 0xff, 0xff, 0x00, 0xff, 0xff, 0xff, 0x00,
0xff, 0xff, 0xff, 0x00, 0xff, 0xff, 0xff, 0x00, 0xff, 0xff, 0xff, 0x00, 0xff, 0xff, 0xff,
0x00, 0xff, 0xff, 0xff, 0x00, 0xff, 0xff, 0xff, 0x00, 0xff, 0xff, 0xff, 0x00, 0xff, 0xff,
0xff, 0x00, 0xff, 0xff, 0xff, 0x00, 0xff, 0xff, 0xff, 0x00, 0xff, 0xff, 0xff, 0x00, 0xff,
0xff, 0xff, 0x00, 0xff, 0xff, 0xff, 0x00, 0xbf, 0xb6, 0x1b, 0x91, 0xc1, 0xb7, 0x1e, 0xff,
0xc1, 0xb7, 0x1e, 0xff, 0xc1, 0xb7, 0x1e, 0xff, 0xc1, 0xb7, 0x1e, 0xff, 0xc1, 0xb7, 0x1e,
0xff, 0xc1, 0xb7, 0x1e, 0xff, 0xc1, 0xb7, 0x1e, 0xff, 0xc1, 0xb7, 0x1e, 0xff, 0xc1, 0xb7,
0x1e, 0xff, 0xc1, 0xb7, 0x1e, 0xff, 0xc1, 0xb7, 0x1e, 0xff, 0xc1, 0xb7, 0x1e, 0xff, 0xc1,
0xb7, 0x1e, 0xff, 0xc1, 0xb7, 0x1e, 0xff, 0xc1, 0xb7, 0x1e, 0xff, 0xc1, 0xb7, 0x1e, 0xff,
0xc1, 0xb7, 0x1e, 0xff, 0xc1, 0xb7, 0x1e, 0xff, 0xc1, 0xb7, 0x1e, 0xff, 0xc1, 0xb7, 0x1e,
0xff, 0xc1, 0xb7, 0x1e, 0xff, 0xc0, 0xb6, 0x1c, 0xff, 0xc1, 0xb8, 0x1f, 0xff, 0xf5, 0xf4,
0xdd, 0xff, 0xff, 0xff, 0xff, 0xff, 0xfe, 0xfe, 0xfe, 0xff, 0xfe, 0xfe, 0xfe, 0xff, 0xfe,
0xfe, 0xfe, 0xff, 0xff, 0xff, 0xff, 0xff, 0xe4, 0xe0, 0x9e, 0xff, 0xbc, 0xb2, 0x0c, 0xff,
0xc1, 0xb7, 0x1e, 0xff, 0xc1, 0xb7, 0x1e, 0xff, 0xc1, 0xb7, 0x1e, 0xff, 0xc1, 0xb7, 0x1e,
0xff, 0xc1, 0xb7, 0x1e, 0xff, 0xc1, 0xb7, 0x1e, 0xff, 0xc1, 0xb7, 0x1e, 0xff, 0xbf, 0xb4,
0x15, 0xff, 0xce, 0xc6, 0x4c, 0xff, 0xff, 0xff, 0xfe, 0xff, 0xff, 0xff, 0xff, 0xff, 0xff,
0xff, 0xff, 0xff, 0xff, 0xff, 0xff, 0xff, 0xff, 0xff, 0xff, 0xff, 0xff, 0xff, 0xff, 0xff,
0xff, 0xff, 0xff, 0xff, 0xff, 0xff, 0xff, 0xff, 0xff, 0xff, 0xff, 0xff, 0xff, 0xff, 0xff,
0xff, 0xff, 0xff, 0xff, 0xff, 0xff, 0xff, 0xff, 0xff, 0xff, 0xff, 0xff, 0xff, 0xff, 0xff,
0xff, 0xff, 0xff, 0xff, 0xff, 0xff, 0xff, 0xff, 0xff, 0xff, 0xff, 0xff, 0xff, 0xff, 0xff,
0xff, 0xff, 0xff, 0xff, 0xff, 0xff, 0xff, 0xff, 0xff, 0xff, 0xff, 0xff, 0xff, 0xff, 0xff,
0xff, 0xff, 0xff, 0xff, 0xff, 0xff, 0xff, 0xff, 0xff, 0xff, 0xff, 0xff, 0xff, 0xff, 0xff,
0xff, 0xff, 0xff, 0xff, 0xff, 0xff, 0xff, 0xff, 0xff, 0xff, 0xff, 0xff, 0xff, 0xff, 0xff,
0xff, 0xff, 0xff, 0xff, 0xff, 0xff, 0xff, 0xff, 0xff, 0xff, 0xd4, 0xcd, 0x62, 0xff, 0xbe,
0xb3, 0x12, 0xff, 0xc1, 0xb7, 0x1e, 0xff, 0xc1, 0xb7, 0x1e, 0xff, 0xc1, 0xb7, 0x1e, 0xff,
0xc1, 0xb7, 0x1e, 0xff, 0xc1, 0xb7, 0x1e, 0xff, 0xc1, 0xb7, 0x1e, 0xff, 0xc1, 0xb7, 0x1f,
0xff, 0xbd, 0xb2, 0x0e, 0xff, 0xd9, 0xd3, 0x77, 0xff, 0xff, 0xff, 0xff, 0xff, 0xfe, 0xfe,
0xfe, 0xff, 0xfe, 0xfe, 0xfe, 0xff, 0xfe, 0xfe, 0xfe, 0xff, 0xff, 0xff, 0xff, 0xff, 0xfa,
0xfa, 0xf1, 0xff, 0xc7, 0xbe, 0x32, 0xff, 0xc0, 0xb5, 0x19, 0xff, 0xc1, 0xb7, 0x1e, 0xff,
0xc1, 0xb7, 0x1e, 0xff, 0xc1, 0xb7, 0x1e, 0xff, 0xc1, 0xb7, 0x1e, 0xff, 0xc1, 0xb7, 0x1e,
0xff, 0xc1, 0xb7, 0x1e, 0xff, 0xc1, 0xb7, 0x1e, 0xff, 0xc1, 0xb7, 0x1e, 0xff, 0xc1, 0xb7,
0x1e, 0xff, 0xc1, 0xb7, 0x1e, 0xff, 0xc1, 0xb7, 0x1e, 0xff, 0xc1, 0xb7, 0x1e, 0xff, 0xc1,
0xb7, 0x1e, 0xff, 0xc1, 0xb7, 0x1e, 0xff, 0xc1, 0xb7, 0x1e, 0xff, 0xc1, 0xb7, 0x1e, 0xff,
0xc1, 0xb7, 0x1e, 0xff, 0xc1, 0xb7, 0x1e, 0xff, 0xc1, 0xb7, 0x1e, 0xff, 0xc1, 0xb7, 0x1e,
0xff, 0xc3, 0xb9, 0x1f, 0xff, 0xb3, 0xab, 0x18, 0x6e, 0xff, 0xff, 0xff, 0x00, 0xff, 0xff,
0xff, 0x00, 0xff, 0xff, 0xff, 0x00, 0xff, 0xff, 0xff, 0x00, 0xff, 0xff, 0xff, 0x00, 0xff,
0xff, 0xff, 0x00, 0xff, 0xff, 0xff, 0x00, 0xff, 0xff, 0xff, 0x00, 0xff, 0xff, 0xff, 0x00,
0xff, 0xff, 0xff, 0x00, 0xff, 0xff, 0xff, 0x00, 0xff, 0xff, 0xff, 0x00, 0xff, 0xff, 0xff,
0x00, 0xff, 0xff, 0xff, 0x00, 0xff, 0xff, 0xff, 0x00, 0xc1, 0xb6, 0x1e, 0xb1, 0xc1, 0xb7,
0x1e, 0xff, 0xc1, 0xb7, 0x1e, 0xff, 0xc1, 0xb7, 0x1e, 0xff, 0xc1, 0xb7, 0x1e, 0xff, 0xc1,
0xb7, 0x1e, 0xff, 0xc1, 0xb7, 0x1e, 0xff, 0xc1, 0xb7, 0x1e, 0xff, 0xc1, 0xb7, 0x1e, 0xff,
0xc1, 0xb7, 0x1e, 0xff, 0xc1, 0xb7, 0x1e, 0xff, 0xc1, 0xb7, 0x1e, 0xff, 0xc1, 0xb7, 0x1e,
0xff, 0xc1, 0xb7, 0x1e, 0xff, 0xc1, 0xb7, 0x1e, 0xff, 0xc1, 0xb7, 0x1e, 0xff, 0xc1, 0xb7,
0x1e, 0xff, 0xc1, 0xb7, 0x1e, 0xff, 0xc1, 0xb7, 0x1e, 0xff, 0xc1, 0xb7, 0x1e, 0xff, 0xc1,
0xb7, 0x1e, 0xff, 0xc1, 0xb7, 0x1e, 0xff, 0xc1, 0xb7, 0x1e, 0xff, 0xbe, 0xb3, 0x12, 0xff,
0xe1, 0xdc, 0x92, 0xff, 0xff, 0xff, 0xff, 0xff, 0xfe, 0xfe, 0xfe, 0xff, 0xfe, 0xfe, 0xfe,
0xff, 0xfe, 0xfe, 0xfe, 0xff, 0xff, 0xff, 0xff, 0xff, 0xfc, 0xfb, 0xf3, 0xff, 0xd0, 0xc8,
0x54, 0xff, 0xbe, 0xb3, 0x12, 0xff, 0xc1, 0xb7, 0x1f, 0xff, 0xc1, 0xb7, 0x1e, 0xff, 0xc1,
0xb7, 0x1e, 0xff, 0xc1, 0xb7, 0x1e, 0xff, 0xc1, 0xb7, 0x1e, 0xff, 0xc1, 0xb7, 0x1e, 0xff,
0xc1, 0xb7, 0x1d, 0xff, 0xbe, 0xb4, 0x15, 0xff, 0xea, 0xe7, 0xb4, 0xff, 0xff, 0xff, 0xff,
0xff, 0xff, 0xff, 0xff, 0xff, 0xff, 0xff, 0xff, 0xff, 0xff, 0xff, 0xff, 0xff, 0xff, 0xff,
0xff, 0xff, 0xff, 0xff, 0xff, 0xff, 0xff, 0xff, 0xff, 0xff, 0xff, 0xff, 0xff, 0xff, 0xff,
0xff, 0xff, 0xff, 0xff, 0xff, 0xff, 0xff, 0xff, 0xff, 0xff, 0xff, 0xff, 0xff, 0xff, 0xff,
0xff, 0xff, 0xff, 0xff, 0xff, 0xff, 0xff, 0xff, 0xff, 0xff, 0xff, 0xff, 0xff, 0xff, 0xff,
0xff, 0xff, 0xff, 0xff, 0xff, 0xff, 0xff, 0xff, 0xff, 0xff, 0xff, 0xff, 0xff, 0xff, 0xff,
0xff, 0xff, 0xff, 0xff, 0xff, 0xff, 0xff, 0xff, 0xff, 0xff, 0xff, 0xff, 0xff, 0xff, 0xff,
0xff, 0xff, 0xff, 0xff, 0xff, 0xff, 0xff, 0xff, 0xff, 0xff, 0xff, 0xff, 0xff, 0xff, 0xff,
0xff, 0xff, 0xff, 0xff, 0xff, 0xff, 0xff, 0xff, 0xee, 0xeb, 0xc0, 0xff, 0xc0, 0xb6, 0x1b,
0xff, 0xc1, 0xb6, 0x1c, 0xff, 0xc1, 0xb7, 0x1e, 0xff, 0xc1, 0xb7, 0x1e, 0xff, 0xc1, 0xb7,
0x1e, 0xff, 0xc1, 0xb7, 0x1e, 0xff, 0xc1, 0xb7, 0x1e, 0xff, 0xc1, 0xb7, 0x1e, 0xff, 0xbf,
0xb5, 0x17, 0xff, 0xc6, 0xbd, 0x2f, 0xff, 0xf6, 0xf5, 0xe1, 0xff, 0xff, 0xff, 0xff, 0xff,
0xfe, 0xfe, 0xfe, 0xff, 0xfe, 0xfe, 0xfe, 0xff, 0xfe, 0xfe, 0xfe, 0xff, 0xff, 0xff, 0xff,
0xff, 0xed, 0xea, 0xbf, 0xff, 0xbf, 0xb5, 0x16, 0xff, 0xc1, 0xb7, 0x1d, 0xff, 0xc1, 0xb7,
0x1e, 0xff, 0xc1, 0xb7, 0x1e, 0xff, 0xc1, 0xb7, 0x1e, 0xff, 0xc1, 0xb7, 0x1e, 0xff, 0xc1,
0xb7, 0x1e, 0xff, 0xc1, 0xb7, 0x1e, 0xff, 0xc1, 0xb7, 0x1e, 0xff, 0xc1, 0xb7, 0x1e, 0xff,
0xc1, 0xb7, 0x1e, 0xff, 0xc1, 0xb7, 0x1e, 0xff, 0xc1, 0xb7, 0x1e, 0xff, 0xc1, 0xb7, 0x1e,
0xff, 0xc1, 0xb7, 0x1e, 0xff, 0xc1, 0xb7, 0x1e, 0xff, 0xc1, 0xb7, 0x1e, 0xff, 0xc1, 0xb7,
0x1e, 0xff, 0xc1, 0xb7, 0x1e, 0xff, 0xc1, 0xb7, 0x1e, 0xff, 0xc1, 0xb7, 0x1e, 0xff, 0xc1,
0xb7, 0x1e, 0xff, 0xc2, 0xb8, 0x1e, 0xff, 0xbc, 0xb3, 0x1c, 0x98, 0xff, 0xff, 0xff, 0x00,
0xff, 0xff, 0xff, 0x00, 0xff, 0xff, 0xff, 0x00, 0xff, 0xff, 0xff, 0x00, 0xff, 0xff, 0xff,
0x00, 0xff, 0xff, 0xff, 0x00, 0xff, 0xff, 0xff, 0x00, 0xff, 0xff, 0xff, 0x00, 0xff, 0xff,
0xff, 0x00, 0xff, 0xff, 0xff, 0x00, 0xff, 0xff, 0xff, 0x00, 0xff, 0xff, 0xff, 0x00, 0xff,
0xff, 0xff, 0x00, 0xff, 0xff, 0xff, 0x00, 0xff, 0xff, 0xff, 0x00, 0xc0, 0xb5, 0x1d, 0xc7,
0xc1, 0xb7, 0x1e, 0xff, 0xc1, 0xb7, 0x1e, 0xff, 0xc1, 0xb7, 0x1e, 0xff, 0xc1, 0xb7, 0x1e,
0xff, 0xc1, 0xb7, 0x1e, 0xff, 0xc1, 0xb7, 0x1e, 0xff, 0xc1, 0xb7, 0x1e, 0xff, 0xc1, 0xb7,
0x1e, 0xff, 0xc1, 0xb7, 0x1e, 0xff, 0xc1, 0xb7, 0x1e, 0xff, 0xc1, 0xb7, 0x1e, 0xff, 0xc1,
0xb7, 0x1e, 0xff, 0xc1, 0xb7, 0x1e, 0xff, 0xc1, 0xb7, 0x1e, 0xff, 0xc1, 0xb7, 0x1e, 0xff,
0xc1, 0xb7, 0x1e, 0xff, 0xc1, 0xb7, 0x1e, 0xff, 0xc1, 0xb7, 0x1e, 0xff, 0xc1, 0xb7, 0x1e,
0xff, 0xc1, 0xb7, 0x1e, 0xff, 0xc1, 0xb7, 0x1e, 0xff, 0xc1, 0xb7, 0x1e, 0xff, 0xbf, 0xb5,
0x19, 0xff, 0xc6, 0xbd, 0x30, 0xff, 0xfa, 0xf9, 0xef, 0xff, 0xff, 0xff, 0xff, 0xff, 0xfe,
0xfe, 0xfe, 0xff, 0xfe, 0xfe, 0xfe, 0xff, 0xfe, 0xfe, 0xfe, 0xff, 0xff, 0xff, 0xff, 0xff,
0xf7, 0xf6, 0xe4, 0xff, 0xc6, 0xbd, 0x2f, 0xff, 0xbf, 0xb4, 0x16, 0xff, 0xc1, 0xb7, 0x1f,
0xff, 0xc1, 0xb7, 0x1e, 0xff, 0xc1, 0xb7, 0x1e, 0xff, 0xc1, 0xb7, 0x1e, 0xff, 0xc1, 0xb7,
0x1e, 0xff, 0xc1, 0xb7, 0x1e, 0xff, 0xbe, 0xb4, 0x13, 0xff, 0xd0, 0xc8, 0x53, 0xff, 0xff,
0xff, 0xff, 0xff, 0xff, 0xff, 0xff, 0xff, 0xff, 0xff, 0xff, 0xff, 0xff, 0xff, 0xff, 0xff,
0xff, 0xff, 0xff, 0xff, 0xff, 0xff, 0xff, 0xff, 0xff, 0xff, 0xff, 0xff, 0xff, 0xff, 0xff,
0xff, 0xff, 0xff, 0xff, 0xff, 0xff, 0xff, 0xff, 0xff, 0xff, 0xff, 0xff, 0xff, 0xff, 0xff,
0xff, 0xff, 0xff, 0xff, 0xff, 0xff, 0xff, 0xff, 0xff, 0xff, 0xff, 0xff, 0xff, 0xff, 0xff,
0xff, 0xff, 0xff, 0xff, 0xff, 0xff, 0xff, 0xff, 0xff, 0xff, 0xff, 0xff, 0xff, 0xff, 0xff,
0xff, 0xff, 0xff, 0xff, 0xff, 0xff, 0xff, 0xff, 0xff, 0xff, 0xff, 0xff, 0xff, 0xff, 0xff,
0xff, 0xff, 0xff, 0xff, 0xff, 0xff, 0xff, 0xff, 0xff, 0xff, 0xff, 0xff, 0xff, 0xff, 0xff,
0xff, 0xff, 0xff, 0xff, 0xff, 0xff, 0xfd, 0xfd, 0xf9, 0xff, 0xcd, 0xc4, 0x48, 0xff, 0xbe,
0xb4, 0x14, 0xff, 0xc1, 0xb7, 0x1e, 0xff, 0xc1, 0xb7, 0x1e, 0xff, 0xc1, 0xb7, 0x1e, 0xff,
0xc1, 0xb7, 0x1e, 0xff, 0xc1, 0xb7, 0x1e, 0xff, 0xc1, 0xb7, 0x1e, 0xff, 0xc0, 0xb6, 0x1a,
0xff, 0xc0, 0xb6, 0x1a, 0xff, 0xee, 0xec, 0xc4, 0xff, 0xff, 0xff, 0xff, 0xff, 0xfe, 0xfe,
0xfe, 0xff, 0xfe, 0xfe, 0xfe, 0xff, 0xfe, 0xfe, 0xfe, 0xff, 0xff, 0xff, 0xff, 0xff, 0xfe,
0xfe, 0xfc, 0xff, 0xcf, 0xc8, 0x52, 0xff, 0xbe, 0xb4, 0x14, 0xff, 0xc1, 0xb7, 0x1e, 0xff,
0xc1, 0xb7, 0x1e, 0xff, 0xc1, 0xb7, 0x1e, 0xff, 0xc1, 0xb7, 0x1e, 0xff, 0xc1, 0xb7, 0x1e,
0xff, 0xc1, 0xb7, 0x1e, 0xff, 0xc1, 0xb7, 0x1e, 0xff, 0xc1, 0xb7, 0x1e, 0xff, 0xc1, 0xb7,
0x1e, 0xff, 0xc1, 0xb7, 0x1e, 0xff, 0xc1, 0xb7, 0x1e, 0xff, 0xc1, 0xb7, 0x1e, 0xff, 0xc1,
0xb7, 0x1e, 0xff, 0xc1, 0xb7, 0x1e, 0xff, 0xc1, 0xb7, 0x1e, 0xff, 0xc1, 0xb7, 0x1e, 0xff,
0xc1, 0xb7, 0x1e, 0xff, 0xc1, 0xb7, 0x1e, 0xff, 0xc1, 0xb7, 0x1e, 0xff, 0xc1, 0xb7, 0x1e,
0xff, 0xc1, 0xb7, 0x1e, 0xff, 0xc1, 0xb7, 0x1e, 0xff, 0xbf, 0xb5, 0x1c, 0xbd, 0xff, 0xff,
0xff, 0x00, 0xff, 0xff, 0xff, 0x00, 0xff, 0xff, 0xff, 0x00, 0xff, 0xff, 0xff, 0x00, 0xff,
0xff, 0xff, 0x00, 0xff, 0xff, 0xff, 0x00, 0xff, 0xff, 0xff, 0x00, 0xff, 0xff, 0xff, 0x00,
0xff, 0xff, 0xff, 0x00, 0xff, 0xff, 0xff, 0x00, 0xff, 0xff, 0xff, 0x00, 0xff, 0xff, 0xff,
0x00, 0xff, 0xff, 0xff, 0x00, 0xff, 0xff, 0xff, 0x00, 0xff, 0xff, 0xff, 0x00, 0xc1, 0xb7,
0x1e, 0xd4, 0xc1, 0xb7, 0x1e, 0xff, 0xc1, 0xb7, 0x1e, 0xff, 0xc1, 0xb7, 0x1e, 0xff, 0xc1,
0xb7, 0x1e, 0xff, 0xc1, 0xb7, 0x1e, 0xff, 0xc1, 0xb7, 0x1e, 0xff, 0xc1, 0xb7, 0x1e, 0xff,
0xc1, 0xb7, 0x1e, 0xff, 0xc1, 0xb7, 0x1e, 0xff, 0xc1, 0xb7, 0x1e, 0xff, 0xc1, 0xb7, 0x1e,
0xff, 0xc1, 0xb7, 0x1e, 0xff, 0xc1, 0xb7, 0x1e, 0xff, 0xc1, 0xb7, 0x1e, 0xff, 0xc1, 0xb7,
0x1e, 0xff, 0xc1, 0xb7, 0x1e, 0xff, 0xc1, 0xb7, 0x1e, 0xff, 0xc1, 0xb7, 0x1e, 0xff, 0xc1,
0xb7, 0x1e, 0xff, 0xc1, 0xb7, 0x1e, 0xff, 0xc1, 0xb7, 0x1e, 0xff, 0xc1, 0xb7, 0x1e, 0xff,
0xc1, 0xb7, 0x1e, 0xff, 0xbe, 0xb3, 0x12, 0xff, 0xe1, 0xdc, 0x94, 0xff, 0xff, 0xff, 0xff,
0xff, 0xfe, 0xfe, 0xfe, 0xff, 0xfe, 0xfe, 0xfe, 0xff, 0xfe, 0xfe, 0xfe, 0xff, 0xfe, 0xfe,
0xfe, 0xff, 0xff, 0xff, 0xff, 0xff, 0xf1, 0xee, 0xcc, 0xff, 0xc3, 0xb9, 0x24, 0xff, 0xbf,
0xb4, 0x15, 0xff, 0xc1, 0xb7, 0x1f, 0xff, 0xc1, 0xb7, 0x1e, 0xff, 0xc1, 0xb7, 0x1e, 0xff,
0xc1, 0xb7, 0x1e, 0xff, 0xc1, 0xb7, 0x1e, 0xff, 0xc1, 0xb7, 0x1d, 0xff, 0xbe, 0xb4, 0x15,
0xff, 0xe7, 0xe3, 0xa8, 0xff, 0xff, 0xff, 0xff, 0xff, 0xff, 0xff, 0xff, 0xff, 0xff, 0xff,
0xff, 0xff, 0xff, 0xff, 0xff, 0xff, 0xff, 0xff, 0xff, 0xff, 0xff, 0xff, 0xff, 0xff, 0xff,
0xff, 0xff, 0xff, 0xff, 0xff, 0xff, 0xff, 0xff, 0xff, 0xff, 0xff, 0xff, 0xff, 0xff, 0xff,
0xff, 0xff, 0xff, 0xff, 0xff, 0xff, 0xff, 0xff, 0xff, 0xff, 0xff, 0xff, 0xff, 0xff, 0xff,
0xff, 0xff, 0xff, 0xff, 0xff, 0xff, 0xff, 0xff, 0xff, 0xff, 0xff, 0xff, 0xff, 0xff, 0xff,
0xff, 0xff, 0xff, 0xff, 0xff, 0xff, 0xff, 0xff, 0xff, 0xff, 0xff, 0xff, 0xff, 0xff, 0xff,
0xff, 0xff, 0xff, 0xff, 0xff, 0xff, 0xff, 0xff, 0xff, 0xff, 0xff, 0xff, 0xff, 0xff, 0xff,
0xff, 0xff, 0xff, 0xff, 0xff, 0xff, 0xff, 0xff, 0xdb, 0xd6, 0x7e, 0xff, 0xbd, 0xb3, 0x11,
0xff, 0xc1, 0xb7, 0x1e, 0xff, 0xc1, 0xb7, 0x1e, 0xff, 0xc1, 0xb7, 0x1e, 0xff, 0xc1, 0xb7,
0x1e, 0xff, 0xc1, 0xb7, 0x1e, 0xff, 0xc1, 0xb7, 0x1e, 0xff, 0xc0, 0xb5, 0x19, 0xff, 0xbe,
0xb4, 0x15, 0xff, 0xe7, 0xe4, 0xaa, 0xff, 0xff, 0xff, 0xff, 0xff, 0xfe, 0xfe, 0xfe, 0xff,
0xfe, 0xfe, 0xfe, 0xff, 0xfe, 0xfe, 0xfe, 0xff, 0xfe, 0xfe, 0xfe, 0xff, 0xff, 0xff, 0xff,
0xff, 0xee, 0xeb, 0xc0, 0xff, 0xbe, 0xb4, 0x15, 0xff, 0xc1, 0xb7, 0x1d, 0xff, 0xc1, 0xb7,
0x1e, 0xff, 0xc1, 0xb7, 0x1e, 0xff, 0xc1, 0xb7, 0x1e, 0xff, 0xc1, 0xb7, 0x1e, 0xff, 0xc1,
0xb7, 0x1e, 0xff, 0xc1, 0xb7, 0x1e, 0xff, 0xc1, 0xb7, 0x1e, 0xff, 0xc1, 0xb7, 0x1e, 0xff,
0xc1, 0xb7, 0x1e, 0xff, 0xc1, 0xb7, 0x1e, 0xff, 0xc1, 0xb7, 0x1e, 0xff, 0xc1, 0xb7, 0x1e,
0xff, 0xc1, 0xb7, 0x1e, 0xff, 0xc1, 0xb7, 0x1e, 0xff, 0xc1, 0xb7, 0x1e, 0xff, 0xc1, 0xb7,
0x1e, 0xff, 0xc1, 0xb7, 0x1e, 0xff, 0xc1, 0xb7, 0x1e, 0xff, 0xc1, 0xb7, 0x1e, 0xff, 0xc1,
0xb7, 0x1e, 0xff, 0xc1, 0xb7, 0x1e, 0xff, 0xc1, 0xb7, 0x1e, 0xff, 0xc1, 0xb7, 0x1e, 0xd7,
0xff, 0xff, 0xff, 0x00, 0xff, 0xff, 0xff, 0x00, 0xff, 0xff, 0xff, 0x00, 0xff, 0xff, 0xff,
0x00, 0xff, 0xff, 0xff, 0x00, 0xff, 0xff, 0xff, 0x00, 0xff, 0xff, 0xff, 0x00, 0xff, 0xff,
0xff, 0x00, 0xff, 0xff, 0xff, 0x00, 0xff, 0xff, 0xff, 0x00, 0xff, 0xff, 0xff, 0x00, 0xff,
0xff, 0xff, 0x00, 0xff, 0xff, 0xff, 0x00, 0xff, 0xff, 0xff, 0x00, 0xff, 0xff, 0xff, 0x00,
0xc1, 0xb7, 0x1e, 0xdb, 0xc1, 0xb7, 0x1e, 0xff, 0xc1, 0xb7, 0x1e, 0xff, 0xc1, 0xb7, 0x1e,
0xff, 0xc1, 0xb7, 0x1e, 0xff, 0xc1, 0xb7, 0x1e, 0xff, 0xc1, 0xb7, 0x1e, 0xff, 0xc1, 0xb7,
0x1e, 0xff, 0xc1, 0xb7, 0x1e, 0xff, 0xc1, 0xb7, 0x1e, 0xff, 0xc1, 0xb7, 0x1e, 0xff, 0xc1,
0xb7, 0x1e, 0xff, 0xc1, 0xb7, 0x1e, 0xff, 0xc1, 0xb7, 0x1e, 0xff, 0xc1, 0xb7, 0x1e, 0xff,
0xc1, 0xb7, 0x1e, 0xff, 0xc1, 0xb7, 0x1e, 0xff, 0xc1, 0xb7, 0x1e, 0xff, 0xc1, 0xb7, 0x1e,
0xff, 0xc1, 0xb7, 0x1e, 0xff, 0xc1, 0xb7, 0x1e, 0xff, 0xc1, 0xb7, 0x1e, 0xff, 0xc1, 0xb7,
0x1e, 0xff, 0xc1, 0xb7, 0x1e, 0xff, 0xc0, 0xb6, 0x1a, 0xff, 0xc2, 0xb9, 0x23, 0xff, 0xf5,
0xf3, 0xdb, 0xff, 0xff, 0xff, 0xff, 0xff, 0xfe, 0xfe, 0xfe, 0xff, 0xfe, 0xfe, 0xfe, 0xff,
0xfe, 0xfe, 0xfe, 0xff, 0xfe, 0xfe, 0xfe, 0xff, 0xff, 0xff, 0xff, 0xff, 0xef, 0xec, 0xc4,
0xff, 0xc5, 0xbb, 0x2c, 0xff, 0xbe, 0xb3, 0x12, 0xff, 0xc1, 0xb7, 0x1e, 0xff, 0xc1, 0xb7,
0x1e, 0xff, 0xc1, 0xb7, 0x1e, 0xff, 0xc1, 0xb7, 0x1e, 0xff, 0xc1, 0xb7, 0x1e, 0xff, 0xbf,
0xb4, 0x16, 0xff, 0xc9, 0xc0, 0x39, 0xff, 0xfd, 0xfd, 0xf8, 0xff, 0xff, 0xff, 0xff, 0xff,
0xff, 0xff, 0xff, 0xff, 0xff, 0xff, 0xff, 0xff, 0xff, 0xff, 0xff, 0xff, 0xff, 0xff, 0xff,
0xff, 0xff, 0xff, 0xff, 0xff, 0xff, 0xff, 0xff, 0xff, 0xff, 0xff, 0xff, 0xff, 0xff, 0xff,
0xff, 0xff, 0xff, 0xff, 0xff, 0xff, 0xff, 0xff, 0xff, 0xff, 0xff, 0xff, 0xff, 0xff, 0xff,
0xff, 0xff, 0xff, 0xff, 0xff, 0xff, 0xff, 0xff, 0xff, 0xff, 0xff, 0xff, 0xff, 0xff, 0xff,
0xff, 0xff, 0xff, 0xff, 0xff, 0xff, 0xff, 0xff, 0xff, 0xff, 0xff, 0xff, 0xff, 0xff, 0xff,
0xff, 0xff, 0xff, 0xff, 0xff, 0xff, 0xff, 0xff, 0xff, 0xff, 0xff, 0xff, 0xff, 0xff, 0xff,
0xff, 0xff, 0xff, 0xff, 0xff, 0xff, 0xf0, 0xee, 0xc9, 0xff, 0xc1, 0xb7, 0x1d, 0xff, 0xc0,
0xb6, 0x1b, 0xff, 0xc1, 0xb7, 0x1e, 0xff, 0xc1, 0xb7, 0x1e, 0xff, 0xc1, 0xb7, 0x1e, 0xff,
0xc1, 0xb7, 0x1e, 0xff, 0xc1, 0xb7, 0x1f, 0xff, 0xbf, 0xb5, 0x16, 0xff, 0xc0, 0xb6, 0x1c,
0xff, 0xe5, 0xe1, 0xa1, 0xff, 0xff, 0xff, 0xff, 0xff, 0xfe, 0xfe, 0xff, 0xff, 0xfe, 0xfe,
0xfe, 0xff, 0xfe, 0xfe, 0xfe, 0xff, 0xfe, 0xfe, 0xfe, 0xff, 0xff, 0xff, 0xff, 0xff, 0xfb,
0xfa, 0xf0, 0xff, 0xcb, 0xc3, 0x43, 0xff, 0xbf, 0xb5, 0x16, 0xff, 0xc1, 0xb7, 0x1e, 0xff,
0xc1, 0xb7, 0x1e, 0xff, 0xc1, 0xb7, 0x1e, 0xff, 0xc1, 0xb7, 0x1e, 0xff, 0xc1, 0xb7, 0x1e,
0xff, 0xc1, 0xb7, 0x1e, 0xff, 0xc1, 0xb7, 0x1e, 0xff, 0xc1, 0xb7, 0x1e, 0xff, 0xc1, 0xb7,
0x1e, 0xff, 0xc1, 0xb7, 0x1e, 0xff, 0xc1, 0xb7, 0x1e, 0xff, 0xc1, 0xb7, 0x1e, 0xff, 0xc1,
0xb7, 0x1e, 0xff, 0xc1, 0xb7, 0x1e, 0xff, 0xc1, 0xb7, 0x1e, 0xff, 0xc1, 0xb7, 0x1e, 0xff,
0xc1, 0xb7, 0x1e, 0xff, 0xc1, 0xb7, 0x1e, 0xff, 0xc1, 0xb7, 0x1e, 0xff, 0xc1, 0xb7, 0x1e,
0xff, 0xc1, 0xb7, 0x1e, 0xff, 0xc1, 0xb7, 0x1e, 0xff, 0xc1, 0xb7, 0x1e, 0xff, 0xc1, 0xb7,
0x1e, 0xe9, 0xff, 0xff, 0xff, 0x00, 0xff, 0xff, 0xff, 0x00, 0xff, 0xff, 0xff, 0x00, 0xff,
0xff, 0xff, 0x00, 0xff, 0xff, 0xff, 0x00, 0xff, 0xff, 0xff, 0x00, 0xff, 0xff, 0xff, 0x00,
0xff, 0xff, 0xff, 0x00, 0xff, 0xff, 0xff, 0x00, 0xff, 0xff, 0xff, 0x00, 0xff, 0xff, 0xff,
0x00, 0xff, 0xff, 0xff, 0x00, 0xff, 0xff, 0xff, 0x00, 0xff, 0xff, 0xff, 0x00, 0xff, 0xff,
0xff, 0x00, 0xc1, 0xb7, 0x1e, 0xdc, 0xc1, 0xb7, 0x1e, 0xff, 0xc1, 0xb7, 0x1e, 0xff, 0xc1,
0xb7, 0x1e, 0xff, 0xc1, 0xb7, 0x1e, 0xff, 0xc1, 0xb7, 0x1e, 0xff, 0xc1, 0xb7, 0x1e, 0xff,
0xc1, 0xb7, 0x1e, 0xff, 0xc1, 0xb7, 0x1e, 0xff, 0xc1, 0xb7, 0x1e, 0xff, 0xc1, 0xb7, 0x1e,
0xff, 0xc1, 0xb7, 0x1e, 0xff, 0xc1, 0xb7, 0x1e, 0xff, 0xc1, 0xb7, 0x1e, 0xff, 0xc1, 0xb7,
0x1e, 0xff, 0xc1, 0xb7, 0x1e, 0xff, 0xc1, 0xb7, 0x1e, 0xff, 0xc1, 0xb7, 0x1e, 0xff, 0xc1,
0xb7, 0x1e, 0xff, 0xc1, 0xb7, 0x1e, 0xff, 0xc1, 0xb7, 0x1e, 0xff, 0xc1, 0xb7, 0x1e, 0xff,
0xc1, 0xb7, 0x1e, 0xff, 0xc1, 0xb7, 0x1e, 0xff, 0xc1, 0xb7, 0x1f, 0xff, 0xbc, 0xb2, 0x0c,
0xff, 0xd1, 0xc9, 0x57, 0xff, 0xfc, 0xfc, 0xf4, 0xff, 0xff, 0xff, 0xff, 0xff, 0xfe, 0xfe,
0xfe, 0xff, 0xfe, 0xfe, 0xfe, 0xff, 0xfe, 0xfe, 0xfe, 0xff, 0xfe, 0xfe, 0xfe, 0xff, 0xff,
0xff, 0xff, 0xff, 0xf3, 0xf2, 0xd6, 0xff, 0xcd, 0xc5, 0x49, 0xff, 0xc0, 0xb6, 0x1a, 0xff,
0xc1, 0xb7, 0x1e, 0xff, 0xc1, 0xb7, 0x1e, 0xff, 0xc1, 0xb7, 0x1e, 0xff, 0xc1, 0xb7, 0x1e,
0xff, 0xc1, 0xb7, 0x1e, 0xff, 0xbe, 0xb3, 0x12, 0xff, 0xde, 0xd8, 0x86, 0xff, 0xff, 0xff,
0xff, 0xff, 0xff, 0xff, 0xff, 0xff, 0xff, 0xff, 0xff, 0xff, 0xff, 0xff, 0xff, 0xff, 0xff,
0xff, 0xff, 0xff, 0xff, 0xff, 0xff, 0xff, 0xff, 0xff, 0xff, 0xff, 0xff, 0xff, 0xff, 0xff,
0xff, 0xff, 0xff, 0xff, 0xff, 0xff, 0xff, 0xff, 0xff, 0xff, 0xff, 0xff, 0xff, 0xff, 0xff,
0xff, 0xff, 0xff, 0xff, 0xff, 0xff, 0xff, 0xff, 0xff, 0xff, 0xff, 0xff, 0xff, 0xff, 0xff,
0xff, 0xff, 0xff, 0xff, 0xff, 0xff, 0xff, 0xff, 0xff, 0xff, 0xff, 0xff, 0xff, 0xff, 0xff,
0xff, 0xff, 0xff, 0xff, 0xff, 0xff, 0xff, 0xff, 0xff, 0xff, 0xff, 0xff, 0xff, 0xff, 0xff,
0xff, 0xff, 0xff, 0xff, 0xfb, 0xfb, 0xf1, 0xff, 0xca, 0xc1, 0x3e, 0xff, 0xbf, 0xb4, 0x14,
0xff, 0xc1, 0xb7, 0x1e, 0xff, 0xc1, 0xb7, 0x1e, 0xff, 0xc1, 0xb7, 0x1e, 0xff, 0xc1, 0xb7,
0x1e, 0xff, 0xc1, 0xb7, 0x1e, 0xff, 0xc0, 0xb6, 0x1a, 0xff, 0xc7, 0xbe, 0x35, 0xff, 0xeb,
0xe8, 0xb9, 0xff, 0xff, 0xff, 0xff, 0xff, 0xfe, 0xfe, 0xff, 0xff, 0xfe, 0xfe, 0xfe, 0xff,
0xfe, 0xfe, 0xfe, 0xff, 0xfe, 0xfe, 0xfe, 0xff, 0xfe, 0xfe, 0xfe, 0xff, 0xff, 0xff, 0xfe,
0xff, 0xdb, 0xd5, 0x7d, 0xff, 0xbb, 0xb0, 0x07, 0xff, 0xc1, 0xb7, 0x1e, 0xff, 0xc1, 0xb7,
0x1e, 0xff, 0xc1, 0xb7, 0x1e, 0xff, 0xc1, 0xb7, 0x1e, 0xff, 0xc1, 0xb7, 0x1e, 0xff, 0xc1,
0xb7, 0x1e, 0xff, 0xc1, 0xb7, 0x1e, 0xff, 0xc1, 0xb7, 0x1e, 0xff, 0xc1, 0xb7, 0x1e, 0xff,
0xc1, 0xb7, 0x1e, 0xff, 0xc1, 0xb7, 0x1e, 0xff, 0xc1, 0xb7, 0x1e, 0xff, 0xc1, 0xb7, 0x1e,
0xff, 0xc1, 0xb7, 0x1e, 0xff, 0xc1, 0xb7, 0x1e, 0xff, 0xc1, 0xb7, 0x1e, 0xff, 0xc1, 0xb7,
0x1e, 0xff, 0xc1, 0xb7, 0x1e, 0xff, 0xc1, 0xb7, 0x1e, 0xff, 0xc1, 0xb7, 0x1e, 0xff, 0xc1,
0xb7, 0x1e, 0xff, 0xc1, 0xb7, 0x1e, 0xff, 0xc1, 0xb7, 0x1e, 0xff, 0xc1, 0xb7, 0x1e, 0xff,
0xc1, 0xb7, 0x1e, 0xee, 0xff, 0xff, 0xff, 0x00, 0xff, 0xff, 0xff, 0x00, 0xff, 0xff, 0xff,
0x00, 0xff, 0xff, 0xff, 0x00, 0xff, 0xff, 0xff, 0x00, 0xff, 0xff, 0xff, 0x00, 0xff, 0xff,
0xff, 0x00, 0xff, 0xff, 0xff, 0x00, 0xff, 0xff, 0xff, 0x00, 0xff, 0xff, 0xff, 0x00, 0xff,
0xff, 0xff, 0x00, 0xff, 0xff, 0xff, 0x00, 0xff, 0xff, 0xff, 0x00, 0xff, 0xff, 0xff, 0x00,
0xff, 0xff, 0xff, 0x00, 0xc1, 0xb7, 0x1e, 0xdc, 0xc1, 0xb7, 0x1e, 0xff, 0xc1, 0xb7, 0x1e,
0xff, 0xc1, 0xb7, 0x1e, 0xff, 0xc1, 0xb7, 0x1e, 0xff, 0xc1, 0xb7, 0x1e, 0xff, 0xc1, 0xb7,
0x1e, 0xff, 0xc1, 0xb7, 0x1e, 0xff, 0xc1, 0xb7, 0x1e, 0xff, 0xc1, 0xb7, 0x1e, 0xff, 0xc1,
0xb7, 0x1e, 0xff, 0xc1, 0xb7, 0x1e, 0xff, 0xc1, 0xb7, 0x1e, 0xff, 0xc1, 0xb7, 0x1e, 0xff,
0xc1, 0xb7, 0x1e, 0xff, 0xc1, 0xb7, 0x1e, 0xff, 0xc1, 0xb7, 0x1e, 0xff, 0xc1, 0xb7, 0x1e,
0xff, 0xc1, 0xb7, 0x1e, 0xff, 0xc1, 0xb7, 0x1e, 0xff, 0xc1, 0xb7, 0x1e, 0xff, 0xc1, 0xb7,
0x1e, 0xff, 0xc1, 0xb7, 0x1e, 0xff, 0xc1, 0xb6, 0x1c, 0xff, 0xbe, 0xb3, 0x12, 0xff, 0xc5,
0xbc, 0x2e, 0xff, 0xdc, 0xd6, 0x81, 0xff, 0xfc, 0xfb, 0xf3, 0xff, 0xfe, 0xfe, 0xff, 0xff,
0xfe, 0xfe, 0xfe, 0xff, 0xfe, 0xfe, 0xfe, 0xff, 0xfe, 0xfe, 0xfe, 0xff, 0xfe, 0xfe, 0xfe,
0xff, 0xff, 0xff, 0xff, 0xff, 0xff, 0xff, 0xff, 0xff, 0xf2, 0xf0, 0xd2, 0xff, 0xc5, 0xbc,
0x2d, 0xff, 0xc0, 0xb6, 0x1a, 0xff, 0xc1, 0xb7, 0x1e, 0xff, 0xc1, 0xb7, 0x1e, 0xff, 0xc1,
0xb7, 0x1e, 0xff, 0xc1, 0xb7, 0x1e, 0xff, 0xbd, 0xb2, 0x10, 0xff, 0xc7, 0xbe, 0x33, 0xff,
0xfc, 0xfb, 0xf2, 0xff, 0xff, 0xff, 0xff, 0xff, 0xff, 0xff, 0xff, 0xff, 0xff, 0xff, 0xff,
0xff, 0xff, 0xff, 0xff, 0xff, 0xff, 0xff, 0xff, 0xff, 0xff, 0xff, 0xff, 0xff, 0xff, 0xff,
0xff, 0xff, 0xff, 0xff, 0xff, 0xff, 0xff, 0xff, 0xff, 0xff, 0xff, 0xff, 0xff, 0xff, 0xff,
0xff, 0xff, 0xff, 0xff, 0xff, 0xff, 0xff, 0xff, 0xff, 0xff, 0xff, 0xff, 0xff, 0xff, 0xff,
0xff, 0xff, 0xff, 0xff, 0xff, 0xff, 0xff, 0xff, 0xff, 0xff, 0xff, 0xff, 0xff, 0xff, 0xff,
0xff, 0xff, 0xff, 0xff, 0xff, 0xff, 0xff, 0xff, 0xff, 0xff, 0xff, 0xff, 0xff, 0xff, 0xff,
0xff, 0xff, 0xff, 0xff, 0xff, 0xff, 0xeb, 0xe8, 0xb6, 0xff, 0xbd, 0xb2, 0x0e, 0xff, 0xc0,
0xb5, 0x19, 0xff, 0xc1, 0xb7, 0x1e, 0xff, 0xc1, 0xb7, 0x1e, 0xff, 0xc1, 0xb7, 0x1e, 0xff,
0xc1, 0xb7, 0x1e, 0xff, 0xc1, 0xb6, 0x1c, 0xff, 0xc2, 0xb8, 0x20, 0xff, 0xe9, 0xe5, 0xb0,
0xff, 0xff, 0xff, 0xff, 0xff, 0xff, 0xff, 0xff, 0xff, 0xfe, 0xfe, 0xff, 0xff, 0xfe, 0xfe,
0xfe, 0xff, 0xfe, 0xfe, 0xfe, 0xff, 0xfe, 0xfe, 0xfe, 0xff, 0xfe, 0xfe, 0xfe, 0xff, 0xfe,
0xfe, 0xfd, 0xff, 0xe4, 0xe0, 0x9e, 0xff, 0xc8, 0xbf, 0x39, 0xff, 0xbe, 0xb3, 0x12, 0xff,
0xc0, 0xb6, 0x1a, 0xff, 0xc1, 0xb7, 0x1e, 0xff, 0xc1, 0xb7, 0x1e, 0xff, 0xc1, 0xb7, 0x1e,
0xff, 0xc1, 0xb7, 0x1e, 0xff, 0xc1, 0xb7, 0x1e, 0xff, 0xc1, 0xb7, 0x1e, 0xff, 0xc1, 0xb7,
0x1e, 0xff, 0xc1, 0xb7, 0x1e, 0xff, 0xc1, 0xb7, 0x1e, 0xff, 0xc1, 0xb7, 0x1e, 0xff, 0xc1,
0xb7, 0x1e, 0xff, 0xc1, 0xb7, 0x1e, 0xff, 0xc1, 0xb7, 0x1e, 0xff, 0xc1, 0xb7, 0x1e, 0xff,
0xc1, 0xb7, 0x1e, 0xff, 0xc1, 0xb7, 0x1e, 0xff, 0xc1, 0xb7, 0x1e, 0xff, 0xc1, 0xb7, 0x1e,
0xff, 0xc1, 0xb7, 0x1e, 0xff, 0xc1, 0xb7, 0x1e, 0xff, 0xc1, 0xb7, 0x1e, 0xff, 0xc1, 0xb7,
0x1e, 0xff, 0xc1, 0xb7, 0x1e, 0xed, 0xff, 0xff, 0xff, 0x00, 0xff, 0xff, 0xff, 0x00, 0xff,
0xff, 0xff, 0x00, 0xff, 0xff, 0xff, 0x00, 0xff, 0xff, 0xff, 0x00, 0xff, 0xff, 0xff, 0x00,
0xff, 0xff, 0xff, 0x00, 0xff, 0xff, 0xff, 0x00, 0xff, 0xff, 0xff, 0x00, 0xff, 0xff, 0xff,
0x00, 0xff, 0xff, 0xff, 0x00, 0xff, 0xff, 0xff, 0x00, 0xff, 0xff, 0xff, 0x00, 0xff, 0xff,
0xff, 0x00, 0xff, 0xff, 0xff, 0x00, 0xc1, 0xb7, 0x1e, 0xdc, 0xc1, 0xb7, 0x1e, 0xff, 0xc1,
0xb7, 0x1e, 0xff, 0xc1, 0xb7, 0x1e, 0xff, 0xc1, 0xb7, 0x1e, 0xff, 0xc1, 0xb7, 0x1e, 0xff,
0xc1, 0xb7, 0x1e, 0xff, 0xc1, 0xb7, 0x1e, 0xff, 0xc1, 0xb7, 0x1e, 0xff, 0xc1, 0xb7, 0x1e,
0xff, 0xc1, 0xb7, 0x1e, 0xff, 0xc1, 0xb7, 0x1e, 0xff, 0xc1, 0xb7, 0x1e, 0xff, 0xc1, 0xb7,
0x1e, 0xff, 0xc1, 0xb7, 0x1e, 0xff, 0xc1, 0xb7, 0x1e, 0xff, 0xc1, 0xb7, 0x1e, 0xff, 0xc1,
0xb7, 0x1e, 0xff, 0xc1, 0xb7, 0x1e, 0xff, 0xc1, 0xb7, 0x1e, 0xff, 0xc1, 0xb7, 0x1e, 0xff,
0xc1, 0xb7, 0x1e, 0xff, 0xbf, 0xb5, 0x17, 0xff, 0xc0, 0xb5, 0x18, 0xff, 0xd7, 0xd1, 0x6f,
0xff, 0xf9, 0xf7, 0xe9, 0xff, 0xff, 0xff, 0xff, 0xff, 0xff, 0xff, 0xff, 0xff, 0xfe, 0xfe,
0xfe, 0xff, 0xfe, 0xfe, 0xfe, 0xff, 0xfe, 0xfe, 0xfe, 0xff, 0xff, 0xff, 0xff, 0xff, 0xff,
0xff, 0xff, 0xff, 0xf6, 0xf5, 0xe0, 0xff, 0xdb, 0xd5, 0x7c, 0xff, 0xc4, 0xba, 0x27, 0xff,
0xc1, 0xb7, 0x1e, 0xff, 0xc1, 0xb7, 0x1e, 0xff, 0xc1, 0xb7, 0x1e, 0xff, 0xc1, 0xb7, 0x1e,
0xff, 0xc0, 0xb6, 0x1c, 0xff, 0xbe, 0xb3, 0x12, 0xff, 0xcc, 0xc3, 0x44, 0xff, 0xf2, 0xf1,
0xd2, 0xff, 0xff, 0xff, 0xfe, 0xff, 0xff, 0xff, 0xff, 0xff, 0xff, 0xff, 0xff, 0xff, 0xff,
0xff, 0xff, 0xff, 0xff, 0xff, 0xff, 0xff, 0xff, 0xff, 0xff, 0xff, 0xff, 0xff, 0xff, 0xff,
0xff, 0xff, 0xff, 0xff, 0xff, 0xff, 0xff, 0xff, 0xff, 0xff, 0xff, 0xff, 0xff, 0xff, 0xff,
0xff, 0xff, 0xff, 0xff, 0xff, 0xff, 0xff, 0xff, 0xff, 0xff, 0xff, 0xff, 0xff, 0xff, 0xff,
0xff, 0xff, 0xff, 0xff, 0xff, 0xff, 0xff, 0xff, 0xff, 0xff, 0xff, 0xff, 0xff, 0xff, 0xff,
0xff, 0xff, 0xff, 0xff, 0xff, 0xff, 0xff, 0xff, 0xff, 0xff, 0xff, 0xff, 0xff, 0xff, 0xff,
0xff, 0xff, 0xff, 0xff, 0xff, 0xff, 0xff, 0xff, 0xfe, 0xfe, 0xfb, 0xff, 0xe6, 0xe1, 0xa2,
0xff, 0xc3, 0xb9, 0x24, 0xff, 0xbe, 0xb4, 0x13, 0xff, 0xc1, 0xb7, 0x1e, 0xff, 0xc1, 0xb7,
0x1e, 0xff, 0xc1, 0xb7, 0x1e, 0xff, 0xc1, 0xb7, 0x1e, 0xff, 0xc1, 0xb7, 0x1e, 0xff, 0xc2,
0xb8, 0x22, 0xff, 0xd4, 0xce, 0x65, 0xff, 0xf2, 0xf0, 0xd1, 0xff, 0xff, 0xff, 0xff, 0xff,
0xff, 0xff, 0xff, 0xff, 0xfe, 0xfe, 0xfe, 0xff, 0xfe, 0xfe, 0xfe, 0xff, 0xfe, 0xfe, 0xfe,
0xff, 0xfe, 0xfe, 0xfe, 0xff, 0xff, 0xff, 0xff, 0xff, 0xfc, 0xfc, 0xf5, 0xff, 0xdf, 0xda,
0x8b, 0xff, 0xc2, 0xb8, 0x22, 0xff, 0xbf, 0xb4, 0x14, 0xff, 0xc1, 0xb7, 0x1e, 0xff, 0xc1,
0xb7, 0x1e, 0xff, 0xc1, 0xb7, 0x1e, 0xff, 0xc1, 0xb7, 0x1e, 0xff, 0xc1, 0xb7, 0x1e, 0xff,
0xc1, 0xb7, 0x1e, 0xff, 0xc1, 0xb7, 0x1e, 0xff, 0xc1, 0xb7, 0x1e, 0xff, 0xc1, 0xb7, 0x1e,
0xff, 0xc1, 0xb7, 0x1e, 0xff, 0xc1, 0xb7, 0x1e, 0xff, 0xc1, 0xb7, 0x1e, 0xff, 0xc1, 0xb7,
0x1e, 0xff, 0xc1, 0xb7, 0x1e, 0xff, 0xc1, 0xb7, 0x1e, 0xff, 0xc1, 0xb7, 0x1e, 0xff, 0xc1,
0xb7, 0x1e, 0xff, 0xc1, 0xb7, 0x1e, 0xff, 0xc1, 0xb7, 0x1e, 0xff, 0xc1, 0xb7, 0x1e, 0xff,
0xc1, 0xb7, 0x1e, 0xff, 0xc1, 0xb7, 0x1e, 0xed, 0xff, 0xff, 0xff, 0x00, 0xff, 0xff, 0xff,
0x00, 0xff, 0xff, 0xff, 0x00, 0xff, 0xff, 0xff, 0x00, 0xff, 0xff, 0xff, 0x00, 0xff, 0xff,
0xff, 0x00, 0xff, 0xff, 0xff, 0x00, 0xff, 0xff, 0xff, 0x00, 0xff, 0xff, 0xff, 0x00, 0xff,
0xff, 0xff, 0x00, 0xff, 0xff, 0xff, 0x00, 0xff, 0xff, 0xff, 0x00, 0xff, 0xff, 0xff, 0x00,
0xff, 0xff, 0xff, 0x00, 0xff, 0xff, 0xff, 0x00, 0xc1, 0xb7, 0x1e, 0xdc, 0xc1, 0xb7, 0x1e,
0xff, 0xc1, 0xb7, 0x1e, 0xff, 0xc1, 0xb7, 0x1e, 0xff, 0xc1, 0xb7, 0x1e, 0xff, 0xc1, 0xb7,
0x1e, 0xff, 0xc1, 0xb7, 0x1e, 0xff, 0xc1, 0xb7, 0x1e, 0xff, 0xc1, 0xb7, 0x1e, 0xff, 0xc1,
0xb7, 0x1e, 0xff, 0xc1, 0xb7, 0x1e, 0xff, 0xc1, 0xb7, 0x1e, 0xff, 0xc1, 0xb7, 0x1e, 0xff,
0xc1, 0xb7, 0x1e, 0xff, 0xc1, 0xb7, 0x1e, 0xff, 0xc1, 0xb7, 0x1e, 0xff, 0xc1, 0xb7, 0x1e,
0xff, 0xc1, 0xb7, 0x1e, 0xff, 0xc1, 0xb7, 0x1e, 0xff, 0xc1, 0xb7, 0x1e, 0xff, 0xc1, 0xb7,
0x1e, 0xff, 0xbf, 0xb4, 0x16, 0xff, 0xc5, 0xbc, 0x2d, 0xff, 0xeb, 0xe7, 0xb5, 0xff, 0xff,
0xff, 0xff, 0xff, 0xff, 0xff, 0xff, 0xff, 0xfe, 0xfe, 0xfe, 0xff, 0xfe, 0xfe, 0xfe, 0xff,
0xfe, 0xfe, 0xfe, 0xff, 0xfe, 0xfe, 0xff, 0xff, 0xff, 0xff, 0xff, 0xff, 0xfb, 0xfa, 0xf1,
0xff, 0xdf, 0xda, 0x8c, 0xff, 0xc2, 0xb8, 0x22, 0xff, 0xbe, 0xb3, 0x12, 0xff, 0xc0, 0xb6,
0x1b, 0xff, 0xc1, 0xb7, 0x1e, 0xff, 0xc1, 0xb7, 0x1e, 0xff, 0xc1, 0xb7, 0x1e, 0xff, 0xbf,
0xb5, 0x18, 0xff, 0xbf, 0xb5, 0x17, 0xff, 0xda, 0xd4, 0x79, 0xff, 0xfd, 0xfc, 0xf7, 0xff,
0xff, 0xff, 0xff, 0xff, 0xff, 0xff, 0xff, 0xff, 0xff, 0xff, 0xff, 0xff, 0xff, 0xff, 0xff,
0xff, 0xff, 0xff, 0xff, 0xff, 0xff, 0xff, 0xff, 0xff, 0xff, 0xff, 0xff, 0xff, 0xff, 0xff,
0xff, 0xff, 0xff, 0xff, 0xff, 0xff, 0xff, 0xff, 0xff, 0xff, 0xff, 0xff, 0xff, 0xff, 0xff,
0xff, 0xff, 0xff, 0xff, 0xff, 0xff, 0xff, 0xff, 0xff, 0xff, 0xff, 0xff, 0xff, 0xff, 0xff,
0xff, 0xff, 0xff, 0xff, 0xff, 0xff, 0xff, 0xff, 0xff, 0xff, 0xff, 0xff, 0xff, 0xff, 0xff,
0xff, 0xff, 0xff, 0xff, 0xff, 0xff, 0xff, 0xff, 0xff, 0xff, 0xff, 0xff, 0xff, 0xff, 0xff,
0xff, 0xff, 0xff, 0xff, 0xff, 0xff, 0xff, 0xff, 0xff, 0xff, 0xff, 0xff, 0xff, 0xff, 0xff,
0xff, 0xff, 0xff, 0xf4, 0xf3, 0xd8, 0xff, 0xce, 0xc6, 0x4d, 0xff, 0xbe, 0xb3, 0x12, 0xff,
0xc0, 0xb6, 0x1c, 0xff, 0xc1, 0xb7, 0x1e, 0xff, 0xc1, 0xb7, 0x1e, 0xff, 0xc1, 0xb7, 0x1e,
0xff, 0xc0, 0xb6, 0x1c, 0xff, 0xbe, 0xb3, 0x13, 0xff, 0xc0, 0xb6, 0x1a, 0xff, 0xd8, 0xd1,
0x71, 0xff, 0xf7, 0xf6, 0xe2, 0xff, 0xff, 0xff, 0xff, 0xff, 0xfe, 0xfe, 0xff, 0xff, 0xfe,
0xfe, 0xfe, 0xff, 0xfe, 0xfe, 0xfe, 0xff, 0xfe, 0xfe, 0xfe, 0xff, 0xff, 0xff, 0xff, 0xff,
0xff, 0xff, 0xff, 0xff, 0xf2, 0xf0, 0xd0, 0xff, 0xcb, 0xc2, 0x41, 0xff, 0xbe, 0xb4, 0x14,
0xff, 0xc1, 0xb7, 0x1e, 0xff, 0xc1, 0xb7, 0x1e, 0xff, 0xc1, 0xb7, 0x1e, 0xff, 0xc1, 0xb7,
0x1e, 0xff, 0xc1, 0xb7, 0x1e, 0xff, 0xc1, 0xb7, 0x1e, 0xff, 0xc1, 0xb7, 0x1e, 0xff, 0xc1,
0xb7, 0x1e, 0xff, 0xc1, 0xb7, 0x1e, 0xff, 0xc1, 0xb7, 0x1e, 0xff, 0xc1, 0xb7, 0x1e, 0xff,
0xc1, 0xb7, 0x1e, 0xff, 0xc1, 0xb7, 0x1e, 0xff, 0xc1, 0xb7, 0x1e, 0xff, 0xc1, 0xb7, 0x1e,
0xff, 0xc1, 0xb7, 0x1e, 0xff, 0xc1, 0xb7, 0x1e, 0xff, 0xc1, 0xb7, 0x1e, 0xff, 0xc1, 0xb7,
0x1e, 0xff, 0xc1, 0xb7, 0x1e, 0xff, 0xc1, 0xb7, 0x1e, 0xed, 0xff, 0xff, 0xff, 0x00, 0xff,
0xff, 0xff, 0x00, 0xff, 0xff, 0xff, 0x00, 0xff, 0xff, 0xff, 0x00, 0xff, 0xff, 0xff, 0x00,
0xff, 0xff, 0xff, 0x00, 0xff, 0xff, 0xff, 0x00, 0xff, 0xff, 0xff, 0x00, 0xff, 0xff, 0xff,
0x00, 0xff, 0xff, 0xff, 0x00, 0xff, 0xff, 0xff, 0x00, 0xff, 0xff, 0xff, 0x00, 0xff, 0xff,
0xff, 0x00, 0xff, 0xff, 0xff, 0x00, 0xff, 0xff, 0xff, 0x00, 0xc1, 0xb7, 0x1e, 0xdb, 0xc1,
0xb7, 0x1e, 0xff, 0xc1, 0xb7, 0x1e, 0xff, 0xc1, 0xb7, 0x1e, 0xff, 0xc1, 0xb7, 0x1e, 0xff,
0xc1, 0xb7, 0x1e, 0xff, 0xc1, 0xb7, 0x1e, 0xff, 0xc1, 0xb7, 0x1e, 0xff, 0xc1, 0xb7, 0x1e,
0xff, 0xc1, 0xb7, 0x1e, 0xff, 0xc1, 0xb7, 0x1e, 0xff, 0xc1, 0xb7, 0x1e, 0xff, 0xc1, 0xb7,
0x1e, 0xff, 0xc1, 0xb7, 0x1e, 0xff, 0xc1, 0xb7, 0x1e, 0xff, 0xc1, 0xb7, 0x1e, 0xff, 0xc1,
0xb7, 0x1e, 0xff, 0xc1, 0xb7, 0x1e, 0xff, 0xc1, 0xb7, 0x1e, 0xff, 0xc1, 0xb7, 0x1e, 0xff,
0xbe, 0xb4, 0x13, 0xff, 0xca, 0xc1, 0x3f, 0xff, 0xf7, 0xf5, 0xe3, 0xff, 0xff, 0xff, 0xff,
0xff, 0xfe, 0xfe, 0xff, 0xff, 0xfe, 0xfe, 0xfe, 0xff, 0xfe, 0xfe, 0xfe, 0xff, 0xfe, 0xfe,
0xfe, 0xff, 0xff, 0xff, 0xff, 0xff, 0xff, 0xff, 0xff, 0xff, 0xee, 0xec, 0xc3, 0xff, 0xc8,
0xbf, 0x37, 0xff, 0xbd, 0xb3, 0x11, 0xff, 0xc0, 0xb6, 0x1a, 0xff, 0xc1, 0xb7, 0x1e, 0xff,
0xc1, 0xb7, 0x1e, 0xff, 0xc1, 0xb7, 0x1e, 0xff, 0xc1, 0xb7, 0x1e, 0xff, 0xbe, 0xb3, 0x13,
0xff, 0xc3, 0xba, 0x26, 0xff, 0xe9, 0xe5, 0xaf, 0xff, 0xff, 0xff, 0xff, 0xff, 0xff, 0xff,
0xff, 0xff, 0xff, 0xff, 0xff, 0xff, 0xff, 0xff, 0xff, 0xff, 0xff, 0xff, 0xff, 0xff, 0xff,
0xff, 0xff, 0xff, 0xff, 0xff, 0xff, 0xff, 0xff, 0xff, 0xff, 0xff, 0xff, 0xff, 0xff, 0xff,
0xff, 0xff, 0xff, 0xff, 0xff, 0xff, 0xff, 0xff, 0xff, 0xff, 0xff, 0xff, 0xff, 0xff, 0xff,
0xff, 0xff, 0xff, 0xff, 0xff, 0xff, 0xff, 0xff, 0xff, 0xff, 0xff, 0xff, 0xff, 0xff, 0xff,
0xff, 0xff, 0xff, 0xff, 0xff, 0xff, 0xff, 0xff, 0xff, 0xff, 0xff, 0xff, 0xff, 0xff, 0xff,
0xff, 0xff, 0xff, 0xff, 0xff, 0xff, 0xff, 0xff, 0xff, 0xff, 0xff, 0xff, 0xff, 0xff, 0xff,
0xff, 0xff, 0xff, 0xff, 0xff, 0xff, 0xff, 0xff, 0xff, 0xff, 0xff, 0xff, 0xff, 0xff, 0xff,
0xff, 0xff, 0xff, 0xff, 0xff, 0xff, 0xff, 0xff, 0xff, 0xfe, 0xfe, 0xfa, 0xff, 0xdb, 0xd5,
0x7a, 0xff, 0xbe, 0xb4, 0x14, 0xff, 0xbf, 0xb5, 0x18, 0xff, 0xc1, 0xb7, 0x1e, 0xff, 0xc1,
0xb7, 0x1e, 0xff, 0xc1, 0xb7, 0x1e, 0xff, 0xc1, 0xb7, 0x1e, 0xff, 0xc0, 0xb6, 0x1c, 0xff,
0xbe, 0xb3, 0x11, 0xff, 0xc3, 0xb9, 0x25, 0xff, 0xe7, 0xe3, 0xa7, 0xff, 0xff, 0xff, 0xff,
0xff, 0xff, 0xff, 0xff, 0xff, 0xfe, 0xfe, 0xfe, 0xff, 0xfe, 0xfe, 0xfe, 0xff, 0xfe, 0xfe,
0xfe, 0xff, 0xfe, 0xfe, 0xff, 0xff, 0xff, 0xff, 0xff, 0xff, 0xfc, 0xfc, 0xf5, 0xff, 0xd2,
0xcb, 0x5d, 0xff, 0xbd, 0xb3, 0x10, 0xff, 0xc1, 0xb7, 0x1d, 0xff, 0xc1, 0xb7, 0x1e, 0xff,
0xc1, 0xb7, 0x1e, 0xff, 0xc1, 0xb7, 0x1e, 0xff, 0xc1, 0xb7, 0x1e, 0xff, 0xc1, 0xb7, 0x1e,
0xff, 0xc1, 0xb7, 0x1e, 0xff, 0xc1, 0xb7, 0x1e, 0xff, 0xc1, 0xb7, 0x1e, 0xff, 0xc1, 0xb7,
0x1e, 0xff, 0xc1, 0xb7, 0x1e, 0xff, 0xc1, 0xb7, 0x1e, 0xff, 0xc1, 0xb7, 0x1e, 0xff, 0xc1,
0xb7, 0x1e, 0xff, 0xc1, 0xb7, 0x1e, 0xff, 0xc1, 0xb7, 0x1e, 0xff, 0xc1, 0xb7, 0x1e, 0xff,
0xc1, 0xb7, 0x1e, 0xff, 0xc1, 0xb7, 0x1e, 0xff, 0xc1, 0xb7, 0x1e, 0xed, 0xff, 0xff, 0xff,
0x00, 0xff, 0xff, 0xff, 0x00, 0xff, 0xff, 0xff, 0x00, 0xff, 0xff, 0xff, 0x00, 0xff, 0xff,
0xff, 0x00, 0xff, 0xff, 0xff, 0x00, 0xff, 0xff, 0xff, 0x00, 0xff, 0xff, 0xff, 0x00, 0xff,
0xff, 0xff, 0x00, 0xff, 0xff, 0xff, 0x00, 0xff, 0xff, 0xff, 0x00, 0xff, 0xff, 0xff, 0x00,
0xff, 0xff, 0xff, 0x00, 0xff, 0xff, 0xff, 0x00, 0xff, 0xff, 0xff, 0x00, 0xc1, 0xb7, 0x1e,
0xd9, 0xc1, 0xb7, 0x1e, 0xff, 0xc1, 0xb7, 0x1e, 0xff, 0xc1, 0xb7, 0x1e, 0xff, 0xc1, 0xb7,
0x1e, 0xff, 0xc1, 0xb7, 0x1e, 0xff, 0xc1, 0xb7, 0x1e, 0xff, 0xc1, 0xb7, 0x1e, 0xff, 0xc1,
0xb7, 0x1e, 0xff, 0xc1, 0xb7, 0x1e, 0xff, 0xc1, 0xb7, 0x1e, 0xff, 0xc1, 0xb7, 0x1e, 0xff,
0xc1, 0xb7, 0x1e, 0xff, 0xc1, 0xb7, 0x1e, 0xff, 0xc1, 0xb7, 0x1e, 0xff, 0xc1, 0xb7, 0x1e,
0xff, 0xc1, 0xb7, 0x1e, 0xff, 0xc1, 0xb7, 0x1e, 0xff, 0xc1, 0xb7, 0x1e, 0xff, 0xbe, 0xb3,
0x12, 0xff, 0xcc, 0xc4, 0x46, 0xff, 0xf9, 0xf8, 0xe9, 0xff, 0xff, 0xff, 0xff, 0xff, 0xfe,
0xfe, 0xfe, 0xff, 0xfe, 0xfe, 0xfe, 0xff, 0xfe, 0xfe, 0xfe, 0xff, 0xfe, 0xfe, 0xfe, 0xff,
0xff, 0xff, 0xff, 0xff, 0xff, 0xff, 0xff, 0xff, 0xdf, 0xda, 0x8b, 0xff, 0xc1, 0xb6, 0x1c,
0xff, 0xbf, 0xb4, 0x15, 0xff, 0xc1, 0xb7, 0x1e, 0xff, 0xc1, 0xb7, 0x1e, 0xff, 0xc1, 0xb7,
0x1e, 0xff, 0xc1, 0xb7, 0x1e, 0xff, 0xc1, 0xb7, 0x1d, 0xff, 0xbd, 0xb3, 0x10, 0xff, 0xce,
0xc7, 0x4e, 0xff, 0xf5, 0xf4, 0xdc, 0xff, 0xff, 0xff, 0xff, 0xff, 0xff, 0xff, 0xff, 0xff,
0xff, 0xff, 0xff, 0xff, 0xff, 0xff, 0xff, 0xff, 0xff, 0xff, 0xff, 0xff, 0xff, 0xff, 0xff,
0xff, 0xff, 0xff, 0xff, 0xff, 0xff, 0xff, 0xff, 0xff, 0xff, 0xff, 0xff, 0xff, 0xff, 0xff,
0xff, 0xff, 0xff, 0xff, 0xff, 0xff, 0xff, 0xff, 0xff, 0xff, 0xff, 0xff, 0xff, 0xff, 0xff,
0xff, 0xff, 0xff, 0xff, 0xff, 0xff, 0xff, 0xff, 0xff, 0xff, 0xff, 0xff, 0xff, 0xff, 0xff,
0xff, 0xff, 0xff, 0xff, 0xff, 0xff, 0xff, 0xff, 0xff, 0xff, 0xff, 0xff, 0xff, 0xff, 0xff,
0xff, 0xff, 0xff, 0xff, 0xff, 0xff, 0xff, 0xff, 0xff, 0xff, 0xff, 0xff, 0xff, 0xff, 0xff,
0xff, 0xff, 0xff, 0xff, 0xff, 0xff, 0xff, 0xff, 0xff, 0xff, 0xff, 0xff, 0xff, 0xff, 0xff,
0xff, 0xff, 0xff, 0xff, 0xff, 0xff, 0xff, 0xff, 0xff, 0xff, 0xff, 0xff, 0xff, 0xff, 0xff,
0xff, 0xff, 0xff, 0xff, 0xeb, 0xe7, 0xb5, 0xff, 0xc4, 0xbb, 0x29, 0xff, 0xbe, 0xb4, 0x13,
0xff, 0xc1, 0xb7, 0x1e, 0xff, 0xc1, 0xb7, 0x1e, 0xff, 0xc1, 0xb7, 0x1e, 0xff, 0xc1, 0xb7,
0x1e, 0xff, 0xc1, 0xb7, 0x1e, 0xff, 0xc0, 0xb5, 0x19, 0xff, 0xbf, 0xb4, 0x15, 0xff, 0xd6,
0xd0, 0x6c, 0xff, 0xfb, 0xfb, 0xf2, 0xff, 0xff, 0xff, 0xff, 0xff, 0xfe, 0xfe, 0xfe, 0xff,
0xfe, 0xfe, 0xfe, 0xff, 0xfe, 0xfe, 0xfe, 0xff, 0xfe, 0xfe, 0xfe, 0xff, 0xff, 0xff, 0xff,
0xff, 0xfd, 0xfd, 0xf9, 0xff, 0xd5, 0xce, 0x66, 0xff, 0xbe, 0xb3, 0x12, 0xff, 0xc1, 0xb7,
0x1e, 0xff, 0xc1, 0xb7, 0x1e, 0xff, 0xc1, 0xb7, 0x1e, 0xff, 0xc1, 0xb7, 0x1e, 0xff, 0xc1,
0xb7, 0x1e, 0xff, 0xc1, 0xb7, 0x1e, 0xff, 0xc1, 0xb7, 0x1e, 0xff, 0xc1, 0xb7, 0x1e, 0xff,
0xc1, 0xb7, 0x1e, 0xff, 0xc1, 0xb7, 0x1e, 0xff, 0xc1, 0xb7, 0x1e, 0xff, 0xc1, 0xb7, 0x1e,
0xff, 0xc1, 0xb7, 0x1e, 0xff, 0xc1, 0xb7, 0x1e, 0xff, 0xc1, 0xb7, 0x1e, 0xff, 0xc1, 0xb7,
0x1e, 0xff, 0xc1, 0xb7, 0x1e, 0xff, 0xc1, 0xb7, 0x1e, 0xff, 0xc1, 0xb7, 0x1e, 0xed, 0xff,
0xff, 0xff, 0x00, 0xff, 0xff, 0xff, 0x00, 0xff, 0xff, 0xff, 0x00, 0xff, 0xff, 0xff, 0x00,
0xff, 0xff, 0xff, 0x00, 0xff, 0xff, 0xff, 0x00, 0xff, 0xff, 0xff, 0x00, 0xff, 0xff, 0xff,
0x00, 0xff, 0xff, 0xff, 0x00, 0xff, 0xff, 0xff, 0x00, 0xff, 0xff, 0xff, 0x00, 0xff, 0xff,
0xff, 0x00, 0xff, 0xff, 0xff, 0x00, 0xff, 0xff, 0xff, 0x00, 0xff, 0xff, 0xff, 0x00, 0xc1,
0xb7, 0x1e, 0xd7, 0xc1, 0xb7, 0x1e, 0xff, 0xc1, 0xb7, 0x1e, 0xff, 0xc1, 0xb7, 0x1e, 0xff,
0xc1, 0xb7, 0x1e, 0xff, 0xc1, 0xb7, 0x1e, 0xff, 0xc1, 0xb7, 0x1e, 0xff, 0xc1, 0xb7, 0x1e,
0xff, 0xc1, 0xb7, 0x1e, 0xff, 0xc1, 0xb7, 0x1e, 0xff, 0xc1, 0xb7, 0x1e, 0xff, 0xc1, 0xb7,
0x1e, 0xff, 0xc1, 0xb7, 0x1e, 0xff, 0xc1, 0xb7, 0x1e, 0xff, 0xc1, 0xb7, 0x1e, 0xff, 0xc1,
0xb7, 0x1e, 0xff, 0xc1, 0xb7, 0x1e, 0xff, 0xc1, 0xb7, 0x1f, 0xff, 0xbe, 0xb4, 0x12, 0xff,
0xcc, 0xc4, 0x47, 0xff, 0xf9, 0xf8, 0xeb, 0xff, 0xff, 0xff, 0xff, 0xff, 0xfe, 0xfe, 0xfe,
0xff, 0xfe, 0xfe, 0xfe, 0xff, 0xfe, 0xfe, 0xfe, 0xff, 0xfe, 0xfe, 0xfe, 0xff, 0xff, 0xff,
0xff, 0xff, 0xfb, 0xfa, 0xf0, 0xff, 0xd4, 0xcd, 0x63, 0xff, 0xbd, 0xb3, 0x11, 0xff, 0xc0,
0xb6, 0x1b, 0xff, 0xc1, 0xb7, 0x1e, 0xff, 0xc1, 0xb7, 0x1e, 0xff, 0xc1, 0xb7, 0x1e, 0xff,
0xc1, 0xb7, 0x1e, 0xff, 0xc0, 0xb6, 0x1c, 0xff, 0xbd, 0xb3, 0x11, 0xff, 0xda, 0xd3, 0x77,
0xff, 0xfc, 0xfc, 0xf5, 0xff, 0xff, 0xff, 0xff, 0xff, 0xff, 0xff, 0xff, 0xff, 0xff, 0xff,
0xff, 0xff, 0xff, 0xff, 0xff, 0xff, 0xff, 0xff, 0xff, 0xff, 0xff, 0xff, 0xff, 0xff, 0xff,
0xff, 0xff, 0xff, 0xff, 0xff, 0xff, 0xff, 0xff, 0xff, 0xff, 0xff, 0xff, 0xff, 0xff, 0xff,
0xff, 0xff, 0xff, 0xff, 0xff, 0xff, 0xff, 0xff, 0xff, 0xff, 0xff, 0xff, 0xff, 0xff, 0xff,
0xff, 0xff, 0xff, 0xff, 0xff, 0xff, 0xff, 0xff, 0xff, 0xff, 0xff, 0xff, 0xff, 0xff, 0xff,
0xff, 0xff, 0xff, 0xff, 0xff, 0xff, 0xff, 0xff, 0xff, 0xff, 0xff, 0xff, 0xff, 0xff, 0xff,
0xff, 0xff, 0xff, 0xff, 0xff, 0xff, 0xff, 0xff, 0xff, 0xff, 0xff, 0xff, 0xff, 0xff, 0xff,
0xff, 0xff, 0xff, 0xff, 0xff, 0xff, 0xff, 0xff, 0xff, 0xff, 0xff, 0xff, 0xff, 0xff, 0xff,
0xff, 0xff, 0xff, 0xff, 0xff, 0xff, 0xff, 0xff, 0xff, 0xff, 0xff, 0xff, 0xff, 0xff, 0xff,
0xff, 0xff, 0xff, 0xff, 0xff, 0xff, 0xff, 0xff, 0xff, 0xff, 0xf5, 0xf4, 0xdc, 0xff, 0xcd,
0xc5, 0x49, 0xff, 0xbd, 0xb2, 0x0f, 0xff, 0xc1, 0xb7, 0x1e, 0xff, 0xc1, 0xb7, 0x1e, 0xff,
0xc1, 0xb7, 0x1e, 0xff, 0xc1, 0xb7, 0x1e, 0xff, 0xc1, 0xb7, 0x1e, 0xff, 0xc1, 0xb7, 0x1d,
0xff, 0xbd, 0xb2, 0x10, 0xff, 0xcb, 0xc3, 0x44, 0xff, 0xf4, 0xf3, 0xd9, 0xff, 0xff, 0xff,
0xff, 0xff, 0xfe, 0xfe, 0xfe, 0xff, 0xfe, 0xfe, 0xfe, 0xff, 0xfe, 0xfe, 0xfe, 0xff, 0xfe,
0xfe, 0xfe, 0xff, 0xff, 0xff, 0xff, 0xff, 0xfe, 0xfe, 0xfb, 0xff, 0xd5, 0xce, 0x66, 0xff,
0xbd, 0xb3, 0x10, 0xff, 0xc1, 0xb7, 0x1e, 0xff, 0xc1, 0xb7, 0x1e, 0xff, 0xc1, 0xb7, 0x1e,
0xff, 0xc1, 0xb7, 0x1e, 0xff, 0xc1, 0xb7, 0x1e, 0xff, 0xc1, 0xb7, 0x1e, 0xff, 0xc1, 0xb7,
0x1e, 0xff, 0xc1, 0xb7, 0x1e, 0xff, 0xc1, 0xb7, 0x1e, 0xff, 0xc1, 0xb7, 0x1e, 0xff, 0xc1,
0xb7, 0x1e, 0xff, 0xc1, 0xb7, 0x1e, 0xff, 0xc1, 0xb7, 0x1e, 0xff, 0xc1, 0xb7, 0x1e, 0xff,
0xc1, 0xb7, 0x1e, 0xff, 0xc1, 0xb7, 0x1e, 0xff, 0xc1, 0xb7, 0x1e, 0xff, 0xc1, 0xb7, 0x1e,
0xed, 0xff, 0xff, 0xff, 0x00, 0xff, 0xff, 0xff, 0x00, 0xff, 0xff, 0xff, 0x00, 0xff, 0xff,
0xff, 0x00, 0xff, 0xff, 0xff, 0x00, 0xff, 0xff, 0xff, 0x00, 0xff, 0xff, 0xff, 0x00, 0xff,
0xff, 0xff, 0x00, 0xff, 0xff, 0xff, 0x00, 0xff, 0xff, 0xff, 0x00, 0xff, 0xff, 0xff, 0x00,
0xff, 0xff, 0xff, 0x00, 0xff, 0xff, 0xff, 0x00, 0xff, 0xff, 0xff, 0x00, 0xff, 0xff, 0xff,
0x00, 0xc1, 0xb7, 0x1e, 0xd2, 0xc1, 0xb7, 0x1e, 0xff, 0xc1, 0xb7, 0x1e, 0xff, 0xc1, 0xb7,
0x1e, 0xff, 0xc1, 0xb7, 0x1e, 0xff, 0xc1, 0xb7, 0x1e, 0xff, 0xc1, 0xb7, 0x1e, 0xff, 0xc1,
0xb7, 0x1e, 0xff, 0xc1, 0xb7, 0x1e, 0xff, 0xc1, 0xb7, 0x1e, 0xff, 0xc1, 0xb7, 0x1e, 0xff,
0xc1, 0xb7, 0x1e, 0xff, 0xc1, 0xb7, 0x1e, 0xff, 0xc1, 0xb7, 0x1e, 0xff, 0xc1, 0xb7, 0x1e,
0xff, 0xc1, 0xb7, 0x1e, 0xff, 0xc1, 0xb7, 0x1e, 0xff, 0xbf, 0xb5, 0x18, 0xff, 0xc5, 0xbc,
0x2d, 0xff, 0xf6, 0xf4, 0xde, 0xff, 0xff, 0xff, 0xff, 0xff, 0xfe, 0xfe, 0xfe, 0xff, 0xfe,
0xfe, 0xfe, 0xff, 0xfe, 0xfe, 0xfe, 0xff, 0xfe, 0xfe, 0xfe, 0xff, 0xff, 0xff, 0xff, 0xff,
0xf9, 0xf9, 0xeb, 0xff, 0xcd, 0xc5, 0x49, 0xff, 0xbd, 0xb2, 0x0f, 0xff, 0xc1, 0xb7, 0x1d,
0xff, 0xc1, 0xb7, 0x1e, 0xff, 0xc1, 0xb7, 0x1e, 0xff, 0xc1, 0xb7, 0x1e, 0xff, 0xc1, 0xb7,
0x1e, 0xff, 0xc0, 0xb6, 0x1b, 0xff, 0xbf, 0xb4, 0x15, 0xff, 0xe5, 0xe1, 0xa0, 0xff, 0xff,
0xff, 0xff, 0xff, 0xff, 0xff, 0xff, 0xff, 0xff, 0xff, 0xff, 0xff, 0xff, 0xff, 0xff, 0xff,
0xff, 0xff, 0xff, 0xff, 0xff, 0xff, 0xff, 0xff, 0xff, 0xff, 0xff, 0xff, 0xff, 0xff, 0xff,
0xff, 0xff, 0xff, 0xff, 0xff, 0xff, 0xff, 0xff, 0xff, 0xff, 0xff, 0xff, 0xff, 0xff, 0xff,
0xff, 0xff, 0xff, 0xff, 0xff, 0xff, 0xff, 0xff, 0xff, 0xff, 0xff, 0xff, 0xff, 0xff, 0xff,
0xff, 0xff, 0xff, 0xff, 0xff, 0xff, 0xff, 0xff, 0xff, 0xff, 0xff, 0xff, 0xff, 0xff, 0xff,
0xff, 0xff, 0xff, 0xff, 0xff, 0xff, 0xff, 0xff, 0xff, 0xff, 0xff, 0xff, 0xff, 0xff, 0xff,
0xff, 0xff, 0xff, 0xff, 0xff, 0xff, 0xff, 0xff, 0xff, 0xff, 0xff, 0xff, 0xff, 0xff, 0xff,
0xff, 0xff, 0xff, 0xff, 0xff, 0xff, 0xff, 0xff, 0xff, 0xff, 0xff, 0xff, 0xff, 0xff, 0xff,
0xff, 0xff, 0xff, 0xff, 0xff, 0xff, 0xff, 0xff, 0xff, 0xff, 0xff, 0xff, 0xff, 0xff, 0xff,
0xff, 0xff, 0xff, 0xff, 0xff, 0xff, 0xff, 0xff, 0xff, 0xff, 0xff, 0xff, 0xff, 0xff, 0xff,
0xff, 0xfc, 0xfb, 0xf2, 0xff, 0xd6, 0xd0, 0x6b, 0xff, 0xbd, 0xb2, 0x0e, 0xff, 0xc1, 0xb7,
0x1d, 0xff, 0xc1, 0xb7, 0x1e, 0xff, 0xc1, 0xb7, 0x1e, 0xff, 0xc1, 0xb7, 0x1e, 0xff, 0xc1,
0xb7, 0x1e, 0xff, 0xc1, 0xb7, 0x1e, 0xff, 0xbe, 0xb3, 0x12, 0xff, 0xc5, 0xbc, 0x2e, 0xff,
0xf2, 0xf0, 0xcf, 0xff, 0xff, 0xff, 0xff, 0xff, 0xfe, 0xfe, 0xfe, 0xff, 0xfe, 0xfe, 0xfe,
0xff, 0xfe, 0xfe, 0xfe, 0xff, 0xfe, 0xfe, 0xfe, 0xff, 0xff, 0xff, 0xff, 0xff, 0xfb, 0xfb,
0xf3, 0xff, 0xcd, 0xc5, 0x49, 0xff, 0xbe, 0xb3, 0x12, 0xff, 0xc1, 0xb7, 0x1e, 0xff, 0xc1,
0xb7, 0x1e, 0xff, 0xc1, 0xb7, 0x1e, 0xff, 0xc1, 0xb7, 0x1e, 0xff, 0xc1, 0xb7, 0x1e, 0xff,
0xc1, 0xb7, 0x1e, 0xff, 0xc1, 0xb7, 0x1e, 0xff, 0xc1, 0xb7, 0x1e, 0xff, 0xc1, 0xb7, 0x1e,
0xff, 0xc1, 0xb7, 0x1e, 0xff, 0xc1, 0xb7, 0x1e, 0xff, 0xc1, 0xb7, 0x1e, 0xff, 0xc1, 0xb7,
0x1e, 0xff, 0xc1, 0xb7, 0x1e, 0xff, 0xc1, 0xb7, 0x1e, 0xff, 0xc1, 0xb7, 0x1e, 0xff, 0xc1,
0xb7, 0x1e, 0xec, 0xff, 0xff, 0xff, 0x00, 0xff, 0xff, 0xff, 0x00, 0xff, 0xff, 0xff, 0x00,
0xff, 0xff, 0xff, 0x00, 0xff, 0xff, 0xff, 0x00, 0xff, 0xff, 0xff, 0x00, 0xff, 0xff, 0xff,
0x00, 0xff, 0xff, 0xff, 0x00, 0xff, 0xff, 0xff, 0x00, 0xff, 0xff, 0xff, 0x00, 0xff, 0xff,
0xff, 0x00, 0xff, 0xff, 0xff, 0x00, 0xff, 0xff, 0xff, 0x00, 0xff, 0xff, 0xff, 0x00, 0xff,
0xff, 0xff, 0x00, 0xc1, 0xb7, 0x1e, 0xcb, 0xc1, 0xb7, 0x1e, 0xff, 0xc1, 0xb7, 0x1e, 0xff,
0xc1, 0xb7, 0x1e, 0xff, 0xc1, 0xb7, 0x1e, 0xff, 0xc1, 0xb7, 0x1e, 0xff, 0xc1, 0xb7, 0x1e,
0xff, 0xc1, 0xb7, 0x1e, 0xff, 0xc1, 0xb7, 0x1e, 0xff, 0xc1, 0xb7, 0x1e, 0xff, 0xc1, 0xb7,
0x1e, 0xff, 0xc1, 0xb7, 0x1e, 0xff, 0xc1, 0xb7, 0x1e, 0xff, 0xc1, 0xb7, 0x1e, 0xff, 0xc1,
0xb7, 0x1e, 0xff, 0xc1, 0xb7, 0x1e, 0xff, 0xc1, 0xb7, 0x1d, 0xff, 0xbf, 0xb4, 0x15, 0xff,
0xe8, 0xe4, 0xab, 0xff, 0xff, 0xff, 0xff, 0xff, 0xfe, 0xfe, 0xfe, 0xff, 0xfe, 0xfe, 0xfe,
0xff, 0xfe, 0xfe, 0xfe, 0xff, 0xfe, 0xfe, 0xfe, 0xff, 0xff, 0xff, 0xff, 0xff, 0xfb, 0xfa,
0xf0, 0xff, 0xcf, 0xc7, 0x4f, 0xff, 0xbd, 0xb3, 0x10, 0xff, 0xc1, 0xb7, 0x1e, 0xff, 0xc1,
0xb7, 0x1e, 0xff, 0xc1, 0xb7, 0x1e, 0xff, 0xc1, 0xb7, 0x1e, 0xff, 0xc1, 0xb7, 0x1e, 0xff,
0xc0, 0xb6, 0x1b, 0xff, 0xbf, 0xb5, 0x17, 0xff, 0xe6, 0xe2, 0xa5, 0xff, 0xff, 0xff, 0xff,
0xff, 0xff, 0xff, 0xff, 0xff, 0xff, 0xff, 0xff, 0xff, 0xff, 0xff, 0xff, 0xff, 0xff, 0xff,
0xff, 0xff, 0xff, 0xff, 0xff, 0xff, 0xff, 0xff, 0xff, 0xff, 0xff, 0xff, 0xff, 0xff, 0xff,
0xff, 0xff, 0xff, 0xff, 0xff, 0xff, 0xff, 0xff, 0xff, 0xff, 0xff, 0xff, 0xff, 0xff, 0xff,
0xff, 0xff, 0xff, 0xff, 0xff, 0xff, 0xff, 0xff, 0xff, 0xff, 0xff, 0xff, 0xff, 0xff, 0xff,
0xff, 0xff, 0xff, 0xff, 0xff, 0xff, 0xff, 0xff, 0xff, 0xff, 0xff, 0xff, 0xff, 0xff, 0xff,
0xff, 0xff, 0xff, 0xff, 0xff, 0xff, 0xff, 0xff, 0xff, 0xff, 0xff, 0xff, 0xff, 0xff, 0xff,
0xff, 0xff, 0xff, 0xff, 0xff, 0xff, 0xff, 0xff, 0xff, 0xff, 0xff, 0xff, 0xff, 0xff, 0xff,
0xff, 0xff, 0xff, 0xff, 0xff, 0xff, 0xff, 0xff, 0xff, 0xff, 0xff, 0xff, 0xff, 0xff, 0xff,
0xff, 0xff, 0xff, 0xff, 0xff, 0xff, 0xff, 0xff, 0xff, 0xff, 0xff, 0xff, 0xff, 0xff, 0xff,
0xff, 0xff, 0xff, 0xff, 0xff, 0xff, 0xff, 0xff, 0xff, 0xff, 0xff, 0xff, 0xff, 0xff, 0xff,
0xff, 0xff, 0xff, 0xff, 0xff, 0xff, 0xff, 0xfe, 0xfe, 0xfb, 0xff, 0xd9, 0xd3, 0x75, 0xff,
0xbd, 0xb2, 0x10, 0xff, 0xc1, 0xb7, 0x1e, 0xff, 0xc1, 0xb7, 0x1e, 0xff, 0xc1, 0xb7, 0x1e,
0xff, 0xc1, 0xb7, 0x1e, 0xff, 0xc1, 0xb7, 0x1e, 0xff, 0xc1, 0xb7, 0x1f, 0xff, 0xbe, 0xb4,
0x13, 0xff, 0xc7, 0xbe, 0x33, 0xff, 0xf3, 0xf2, 0xd6, 0xff, 0xff, 0xff, 0xff, 0xff, 0xfe,
0xfe, 0xfe, 0xff, 0xfe, 0xfe, 0xfe, 0xff, 0xfe, 0xfe, 0xfe, 0xff, 0xfe, 0xfe, 0xfe, 0xff,
0xff, 0xff, 0xff, 0xff, 0xf2, 0xef, 0xd0, 0xff, 0xc3, 0xb9, 0x24, 0xff, 0xc0, 0xb6, 0x1a,
0xff, 0xc1, 0xb7, 0x1e, 0xff, 0xc1, 0xb7, 0x1e, 0xff, 0xc1, 0xb7, 0x1e, 0xff, 0xc1, 0xb7,
0x1e, 0xff, 0xc1, 0xb7, 0x1e, 0xff, 0xc1, 0xb7, 0x1e, 0xff, 0xc1, 0xb7, 0x1e, 0xff, 0xc1,
0xb7, 0x1e, 0xff, 0xc1, 0xb7, 0x1e, 0xff, 0xc1, 0xb7, 0x1e, 0xff, 0xc1, 0xb7, 0x1e, 0xff,
0xc1, 0xb7, 0x1e, 0xff, 0xc1, 0xb7, 0x1e, 0xff, 0xc1, 0xb7, 0x1e, 0xff, 0xc1, 0xb7, 0x1e,
0xff, 0xc1, 0xb7, 0x1e, 0xdf, 0xff, 0xff, 0xff, 0x00, 0xff, 0xff, 0xff, 0x00, 0xff, 0xff,
0xff, 0x00, 0xff, 0xff, 0xff, 0x00, 0xff, 0xff, 0xff, 0x00, 0xff, 0xff, 0xff, 0x00, 0xff,
0xff, 0xff, 0x00, 0xff, 0xff, 0xff, 0x00, 0xff, 0xff, 0xff, 0x00, 0xff, 0xff, 0xff, 0x00,
0xff, 0xff, 0xff, 0x00, 0xff, 0xff, 0xff, 0x00, 0xff, 0xff, 0xff, 0x00, 0xff, 0xff, 0xff,
0x00, 0xff, 0xff, 0xff, 0x00, 0xbe, 0xb5, 0x1b, 0xc2, 0xc2, 0xb7, 0x1f, 0xff, 0xc1, 0xb7,
0x1e, 0xff, 0xc1, 0xb7, 0x1e, 0xff, 0xc1, 0xb7, 0x1e, 0xff, 0xc1, 0xb7, 0x1e, 0xff, 0xc1,
0xb7, 0x1e, 0xff, 0xc1, 0xb7, 0x1e, 0xff, 0xc1, 0xb7, 0x1e, 0xff, 0xc1, 0xb7, 0x1e, 0xff,
0xc1, 0xb7, 0x1e, 0xff, 0xc1, 0xb7, 0x1e, 0xff, 0xc1, 0xb7, 0x1e, 0xff, 0xc1, 0xb7, 0x1e,
0xff, 0xc1, 0xb7, 0x1e, 0xff, 0xc1, 0xb7, 0x1e, 0xff, 0xbd, 0xb3, 0x10, 0xff, 0xd4, 0xcd,
0x62, 0xff, 0xff, 0xff, 0xff, 0xff, 0xfe, 0xfe, 0xff, 0xff, 0xfe, 0xfe, 0xfe, 0xff, 0xfe,
0xfe, 0xfe, 0xff, 0xfe, 0xfe, 0xfe, 0xff, 0xff, 0xff, 0xff, 0xff, 0xfe, 0xfe, 0xfd, 0xff,
0xd1, 0xca, 0x5a, 0xff, 0xbd, 0xb3, 0x10, 0xff, 0xc1, 0xb7, 0x1e, 0xff, 0xc1, 0xb7, 0x1e,
0xff, 0xc1, 0xb7, 0x1e, 0xff, 0xc1, 0xb7, 0x1e, 0xff, 0xc1, 0xb7, 0x1e, 0xff, 0xc0, 0xb6,
0x1b, 0xff, 0xbe, 0xb4, 0x13, 0xff, 0xe6, 0xe2, 0xa4, 0xff, 0xff, 0xff, 0xff, 0xff, 0xff,
0xff, 0xff, 0xff, 0xff, 0xff, 0xff, 0xff, 0xff, 0xff, 0xff, 0xff, 0xff, 0xff, 0xff, 0xff,
0xff, 0xff, 0xff, 0xff, 0xff, 0xff, 0xff, 0xff, 0xff, 0xff, 0xff, 0xff, 0xff, 0xff, 0xff,
0xff, 0xff, 0xff, 0xff, 0xff, 0xff, 0xff, 0xff, 0xff, 0xff, 0xff, 0xff, 0xff, 0xff, 0xff,
0xff, 0xff, 0xff, 0xff, 0xff, 0xff, 0xff, 0xff, 0xff, 0xff, 0xff, 0xff, 0xff, 0xff, 0xff,
0xff, 0xff, 0xff, 0xff, 0xff, 0xff, 0xff, 0xff, 0xff, 0xff, 0xff, 0xff, 0xff, 0xff, 0xff,
0xff, 0xff, 0xff, 0xff, 0xff, 0xff, 0xff, 0xff, 0xff, 0xff, 0xff, 0xff, 0xff, 0xff, 0xff,
0xff, 0xff, 0xff, 0xff, 0xff, 0xff, 0xff, 0xff, 0xff, 0xff, 0xff, 0xff, 0xff, 0xff, 0xff,
0xff, 0xff, 0xff, 0xff, 0xff, 0xff, 0xff, 0xff, 0xff, 0xff, 0xff, 0xff, 0xff, 0xff, 0xff,
0xff, 0xff, 0xff, 0xff, 0xff, 0xff, 0xff, 0xff, 0xff, 0xff, 0xff, 0xff, 0xff, 0xff, 0xff,
0xff, 0xff, 0xff, 0xff, 0xff, 0xff, 0xff, 0xff, 0xff, 0xff, 0xff, 0xff, 0xff, 0xff, 0xff,
0xff, 0xff, 0xff, 0xff, 0xff, 0xff, 0xff, 0xff, 0xff, 0xff, 0xff, 0xff, 0xff, 0xff, 0xff,
0xfd, 0xff, 0xd8, 0xd2, 0x72, 0xff, 0xbd, 0xb2, 0x10, 0xff, 0xc1, 0xb7, 0x1e, 0xff, 0xc1,
0xb7, 0x1e, 0xff, 0xc1, 0xb7, 0x1e, 0xff, 0xc1, 0xb7, 0x1e, 0xff, 0xc1, 0xb7, 0x1e, 0xff,
0xc1, 0xb7, 0x1f, 0xff, 0xbe, 0xb3, 0x12, 0xff, 0xc8, 0xbf, 0x39, 0xff, 0xf9, 0xf8, 0xea,
0xff, 0xff, 0xff, 0xff, 0xff, 0xfe, 0xfe, 0xfe, 0xff, 0xfe, 0xfe, 0xfe, 0xff, 0xfe, 0xfe,
0xfe, 0xff, 0xfe, 0xfe, 0xfe, 0xff, 0xff, 0xff, 0xff, 0xff, 0xdf, 0xda, 0x8b, 0xff, 0xbd,
0xb2, 0x0e, 0xff, 0xc1, 0xb7, 0x1e, 0xff, 0xc1, 0xb7, 0x1e, 0xff, 0xc1, 0xb7, 0x1e, 0xff,
0xc1, 0xb7, 0x1e, 0xff, 0xc1, 0xb7, 0x1e, 0xff, 0xc1, 0xb7, 0x1e, 0xff, 0xc1, 0xb7, 0x1e,
0xff, 0xc1, 0xb7, 0x1e, 0xff, 0xc1, 0xb7, 0x1e, 0xff, 0xc1, 0xb7, 0x1e, 0xff, 0xc1, 0xb7,
0x1e, 0xff, 0xc1, 0xb7, 0x1e, 0xff, 0xc1, 0xb7, 0x1e, 0xff, 0xc1, 0xb7, 0x1e, 0xff, 0xc1,
0xb7, 0x1e, 0xff, 0xbf, 0xb5, 0x1d, 0xcb, 0xff, 0xff, 0xff, 0x00, 0xff, 0xff, 0xff, 0x00,
0xff, 0xff, 0xff, 0x00, 0xff, 0xff, 0xff, 0x00, 0xff, 0xff, 0xff, 0x00, 0xff, 0xff, 0xff,
0x00, 0xff, 0xff, 0xff, 0x00, 0xff, 0xff, 0xff, 0x00, 0xff, 0xff, 0xff, 0x00, 0xff, 0xff,
0xff, 0x00, 0xff, 0xff, 0xff, 0x00, 0xff, 0xff, 0xff, 0x00, 0xff, 0xff, 0xff, 0x00, 0xff,
0xff, 0xff, 0x00, 0xff, 0xff, 0xff, 0x00, 0xbf, 0xb6, 0x1c, 0xb5, 0xc1, 0xb7, 0x1e, 0xff,
0xc1, 0xb7, 0x1e, 0xff, 0xc1, 0xb7, 0x1e, 0xff, 0xc1, 0xb7, 0x1e, 0xff, 0xc1, 0xb7, 0x1e,
0xff, 0xc1, 0xb7, 0x1e, 0xff, 0xc1, 0xb7, 0x1e, 0xff, 0xc1, 0xb7, 0x1e, 0xff, 0xc1, 0xb7,
0x1e, 0xff, 0xc1, 0xb7, 0x1e, 0xff, 0xc1, 0xb7, 0x1e, 0xff, 0xc1, 0xb7, 0x1e, 0xff, 0xc1,
0xb7, 0x1e, 0xff, 0xc1, 0xb7, 0x1e, 0xff, 0xc0, 0xb6, 0x1b, 0xff, 0xc2, 0xb8, 0x21, 0xff,
0xf2, 0xf0, 0xd1, 0xff, 0xff, 0xff, 0xff, 0xff, 0xfe, 0xfe, 0xfe, 0xff, 0xfe, 0xfe, 0xfe,
0xff, 0xfe, 0xfe, 0xfe, 0xff, 0xfe, 0xfe, 0xff, 0xff, 0xff, 0xff, 0xff, 0xff, 0xdf, 0xda,
0x8c, 0xff, 0xbd, 0xb3, 0x10, 0xff, 0xc1, 0xb7, 0x1e, 0xff, 0xc1, 0xb7, 0x1e, 0xff, 0xc1,
0xb7, 0x1e, 0xff, 0xc1, 0xb7, 0x1e, 0xff, 0xc1, 0xb7, 0x1e, 0xff, 0xc1, 0xb7, 0x1d, 0xff,
0xbe, 0xb4, 0x14, 0xff, 0xde, 0xd9, 0x89, 0xff, 0xff, 0xff, 0xff, 0xff, 0xff, 0xff, 0xff,
0xff, 0xff, 0xff, 0xff, 0xff, 0xff, 0xff, 0xff, 0xff, 0xff, 0xff, 0xff, 0xff, 0xff, 0xff,
0xff, 0xff, 0xff, 0xff, 0xff, 0xff, 0xff, 0xff, 0xff, 0xff, 0xff, 0xff, 0xff, 0xff, 0xff,
0xff, 0xff, 0xff, 0xff, 0xff, 0xff, 0xff, 0xff, 0xff, 0xff, 0xff, 0xff, 0xff, 0xff, 0xff,
0xff, 0xff, 0xff, 0xff, 0xff, 0xff, 0xff, 0xff, 0xff, 0xff, 0xff, 0xff, 0xff, 0xff, 0xff,
0xff, 0xff, 0xff, 0xff, 0xff, 0xff, 0xff, 0xff, 0xff, 0xff, 0xff, 0xff, 0xff, 0xff, 0xff,
0xff, 0xff, 0xff, 0xff, 0xff, 0xff, 0xff, 0xff, 0xff, 0xff, 0xff, 0xff, 0xff, 0xff, 0xff,
0xff, 0xff, 0xff, 0xff, 0xff, 0xff, 0xff, 0xff, 0xff, 0xff, 0xff, 0xff, 0xff, 0xff, 0xff,
0xff, 0xff, 0xff, 0xff, 0xff, 0xff, 0xff, 0xff, 0xff, 0xff, 0xff, 0xff, 0xff, 0xff, 0xff,
0xff, 0xff, 0xff, 0xff, 0xff, 0xff, 0xff, 0xff, 0xff, 0xff, 0xff, 0xff, 0xff, 0xff, 0xff,
0xff, 0xff, 0xff, 0xff, 0xff, 0xff, 0xff, 0xff, 0xff, 0xff, 0xff, 0xff, 0xff, 0xff, 0xff,
0xff, 0xff, 0xff, 0xff, 0xff, 0xff, 0xff, 0xff, 0xff, 0xff, 0xff, 0xff, 0xff, 0xff, 0xff,
0xff, 0xff, 0xff, 0xff, 0xfd, 0xfd, 0xf7, 0xff, 0xd0, 0xc8, 0x52, 0xff, 0xbe, 0xb4, 0x13,
0xff, 0xc1, 0xb7, 0x1e, 0xff, 0xc1, 0xb7, 0x1e, 0xff, 0xc1, 0xb7, 0x1e, 0xff, 0xc1, 0xb7,
0x1e, 0xff, 0xc1, 0xb7, 0x1e, 0xff, 0xc1, 0xb7, 0x1e, 0xff, 0xbd, 0xb3, 0x10, 0xff, 0xd4,
0xcc, 0x62, 0xff, 0xff, 0xff, 0xff, 0xff, 0xff, 0xff, 0xff, 0xff, 0xfe, 0xfe, 0xfe, 0xff,
0xfe, 0xfe, 0xfe, 0xff, 0xfe, 0xfe, 0xfe, 0xff, 0xff, 0xff, 0xff, 0xff, 0xfb, 0xfa, 0xf0,
0xff, 0xca, 0xc2, 0x40, 0xff, 0xbf, 0xb5, 0x17, 0xff, 0xc1, 0xb7, 0x1e, 0xff, 0xc1, 0xb7,
0x1e, 0xff, 0xc1, 0xb7, 0x1e, 0xff, 0xc1, 0xb7, 0x1e, 0xff, 0xc1, 0xb7, 0x1e, 0xff, 0xc1,
0xb7, 0x1e, 0xff, 0xc1, 0xb7, 0x1e, 0xff, 0xc1, 0xb7, 0x1e, 0xff, 0xc1, 0xb7, 0x1e, 0xff,
0xc1, 0xb7, 0x1e, 0xff, 0xc1, 0xb7, 0x1e, 0xff, 0xc1, 0xb7, 0x1e, 0xff, 0xc1, 0xb7, 0x1e,
0xff, 0xc2, 0xb7, 0x1e, 0xff, 0xbd, 0xb4, 0x1b, 0xb2, 0xff, 0xff, 0xff, 0x00, 0xff, 0xff,
0xff, 0x00, 0xff, 0xff, 0xff, 0x00, 0xff, 0xff, 0xff, 0x00, 0xff, 0xff, 0xff, 0x00, 0xff,
0xff, 0xff, 0x00, 0xff, 0xff, 0xff, 0x00, 0xff, 0xff, 0xff, 0x00, 0xff, 0xff, 0xff, 0x00,
0xff, 0xff, 0xff, 0x00, 0xff, 0xff, 0xff, 0x00, 0xff, 0xff, 0xff, 0x00, 0xff, 0xff, 0xff,
0x00, 0xff, 0xff, 0xff, 0x00, 0xff, 0xff, 0xff, 0x00, 0xc4, 0xba, 0x1f, 0xa0, 0xc1, 0xb7,
0x1e, 0xff, 0xc1, 0xb7, 0x1e, 0xff, 0xc1, 0xb7, 0x1e, 0xff, 0xc1, 0xb7, 0x1e, 0xff, 0xc1,
0xb7, 0x1e, 0xff, 0xc1, 0xb7, 0x1e, 0xff, 0xc1, 0xb7, 0x1e, 0xff, 0xc1, 0xb7, 0x1e, 0xff,
0xc1, 0xb7, 0x1e, 0xff, 0xc1, 0xb7, 0x1e, 0xff, 0xc1, 0xb7, 0x1e, 0xff, 0xc1, 0xb7, 0x1e,
0xff, 0xc1, 0xb7, 0x1e, 0xff, 0xc1, 0xb7, 0x1e, 0xff, 0xbd, 0xb3, 0x11, 0xff, 0xdb, 0xd5,
0x7e, 0xff, 0xff, 0xff, 0xff, 0xff, 0xfe, 0xfe, 0xfe, 0xff, 0xfe, 0xfe, 0xfe, 0xff, 0xfe,
0xfe, 0xfe, 0xff, 0xfe, 0xfe, 0xfe, 0xff, 0xff, 0xff, 0xff, 0xff, 0xf1, 0xee, 0xcc, 0xff,
0xc1, 0xb7, 0x1d, 0xff, 0xc0, 0xb6, 0x1a, 0xff, 0xc1, 0xb7, 0x1e, 0xff, 0xc1, 0xb7, 0x1e,
0xff, 0xc1, 0xb7, 0x1e, 0xff, 0xc1, 0xb7, 0x1e, 0xff, 0xc1, 0xb7, 0x1e, 0xff, 0xbe, 0xb3,
0x12, 0xff, 0xd4, 0xcd, 0x63, 0xff, 0xff, 0xff, 0xff, 0xff, 0xff, 0xff, 0xff, 0xff, 0xff,
0xff, 0xff, 0xff, 0xff, 0xff, 0xff, 0xff, 0xff, 0xff, 0xff, 0xff, 0xff, 0xff, 0xff, 0xff,
0xff, 0xff, 0xff, 0xff, 0xff, 0xff, 0xff, 0xff, 0xff, 0xff, 0xff, 0xff, 0xff, 0xff, 0xff,
0xff, 0xff, 0xff, 0xff, 0xff, 0xff, 0xff, 0xff, 0xff, 0xff, 0xff, 0xff, 0xff, 0xff, 0xff,
0xff, 0xff, 0xff, 0xff, 0xff, 0xff, 0xff, 0xff, 0xff, 0xff, 0xff, 0xff, 0xff, 0xff, 0xff,
0xff, 0xff, 0xff, 0xff, 0xff, 0xff, 0xff, 0xff, 0xff, 0xff, 0xff, 0xff, 0xff, 0xff, 0xff,
0xff, 0xff, 0xff, 0xff, 0xff, 0xff, 0xff, 0xff, 0xff, 0xff, 0xff, 0xff, 0xff, 0xff, 0xff,
0xff, 0xff, 0xff, 0xff, 0xff, 0xff, 0xff, 0xff, 0xff, 0xff, 0xff, 0xff, 0xff, 0xff, 0xff,
0xff, 0xff, 0xff, 0xff, 0xff, 0xff, 0xff, 0xff, 0xff, 0xff, 0xff, 0xff, 0xff, 0xff, 0xff,
0xff, 0xff, 0xff, 0xff, 0xff, 0xff, 0xff, 0xff, 0xff, 0xff, 0xff, 0xff, 0xff, 0xff, 0xff,
0xff, 0xff, 0xff, 0xff, 0xff, 0xff, 0xff, 0xff, 0xff, 0xff, 0xff, 0xff, 0xff, 0xff, 0xff,
0xff, 0xff, 0xff, 0xff, 0xff, 0xff, 0xff, 0xff, 0xff, 0xff, 0xff, 0xff, 0xff, 0xff, 0xff,
0xff, 0xff, 0xff, 0xff, 0xff, 0xff, 0xff, 0xff, 0xff, 0xff, 0xfa, 0xfa, 0xee, 0xff, 0xc8,
0xbf, 0x36, 0xff, 0xbf, 0xb4, 0x16, 0xff, 0xc1, 0xb7, 0x1e, 0xff, 0xc1, 0xb7, 0x1e, 0xff,
0xc1, 0xb7, 0x1e, 0xff, 0xc1, 0xb7, 0x1e, 0xff, 0xc1, 0xb7, 0x1e, 0xff, 0xc1, 0xb7, 0x1d,
0xff, 0xbe, 0xb4, 0x12, 0xff, 0xe5, 0xe1, 0xa4, 0xff, 0xff, 0xff, 0xff, 0xff, 0xfe, 0xfe,
0xfe, 0xff, 0xfe, 0xfe, 0xfe, 0xff, 0xfe, 0xfe, 0xfe, 0xff, 0xfe, 0xfe, 0xfe, 0xff, 0xff,
0xff, 0xff, 0xff, 0xe6, 0xe2, 0xa6, 0xff, 0xbd, 0xb3, 0x0f, 0xff, 0xc1, 0xb7, 0x1e, 0xff,
0xc1, 0xb7, 0x1e, 0xff, 0xc1, 0xb7, 0x1e, 0xff, 0xc1, 0xb7, 0x1e, 0xff, 0xc1, 0xb7, 0x1e,
0xff, 0xc1, 0xb7, 0x1e, 0xff, 0xc1, 0xb7, 0x1e, 0xff, 0xc1, 0xb7, 0x1e, 0xff, 0xc1, 0xb7,
0x1e, 0xff, 0xc1, 0xb7, 0x1e, 0xff, 0xc1, 0xb7, 0x1e, 0xff, 0xc1, 0xb7, 0x1e, 0xff, 0xc1,
0xb7, 0x1e, 0xff, 0xc1, 0xb7, 0x1e, 0xff, 0xc1, 0xb7, 0x1d, 0x8e, 0xff, 0xff, 0xff, 0x00,
0xff, 0xff, 0xff, 0x00, 0xff, 0xff, 0xff, 0x00, 0xff, 0xff, 0xff, 0x00, 0xff, 0xff, 0xff,
0x00, 0xff, 0xff, 0xff, 0x00, 0xff, 0xff, 0xff, 0x00, 0xff, 0xff, 0xff, 0x00, 0xff, 0xff,
0xff, 0x00, 0xff, 0xff, 0xff, 0x00, 0xff, 0xff, 0xff, 0x00, 0xff, 0xff, 0xff, 0x00, 0xff,
0xff, 0xff, 0x00, 0xff, 0xff, 0xff, 0x00, 0xff, 0xff, 0xff, 0x00, 0xa3, 0x9a, 0x19, 0x85,
0xc5, 0xbb, 0x1f, 0xff, 0xc1, 0xb7, 0x1e, 0xff, 0xc1, 0xb7, 0x1e, 0xff, 0xc1, 0xb7, 0x1e,
0xff, 0xc1, 0xb7, 0x1e, 0xff, 0xc1, 0xb7, 0x1e, 0xff, 0xc1, 0xb7, 0x1e, 0xff, 0xc1, 0xb7,
0x1e, 0xff, 0xc1, 0xb7, 0x1e, 0xff, 0xc1, 0xb7, 0x1e, 0xff, 0xc1, 0xb7, 0x1e, 0xff, 0xc1,
0xb7, 0x1e, 0xff, 0xc1, 0xb7, 0x1e, 0xff, 0xc1, 0xb7, 0x1d, 0xff, 0xc0, 0xb6, 0x1a, 0xff,
0xf1, 0xef, 0xcd, 0xff, 0xff, 0xff, 0xff, 0xff, 0xfe, 0xfe, 0xfe, 0xff, 0xfe, 0xfe, 0xfe,
0xff, 0xfe, 0xfe, 0xfe, 0xff, 0xff, 0xff, 0xff, 0xff, 0xfe, 0xfe, 0xfe, 0xff, 0xcd, 0xc5,
0x4b, 0xff, 0xbe, 0xb3, 0x13, 0xff, 0xc1, 0xb7, 0x1e, 0xff, 0xc1, 0xb7, 0x1e, 0xff, 0xc1,
0xb7, 0x1e, 0xff, 0xc1, 0xb7, 0x1e, 0xff, 0xc1, 0xb7, 0x1e, 0xff, 0xbf, 0xb5, 0x17, 0xff,
0xc6, 0xbd, 0x32, 0xff, 0xfa, 0xf9, 0xed, 0xff, 0xff, 0xff, 0xff, 0xff, 0xff, 0xff, 0xff,
0xff, 0xff, 0xff, 0xff, 0xff, 0xff, 0xff, 0xff, 0xff, 0xff, 0xff, 0xff, 0xff, 0xff, 0xff,
0xff, 0xff, 0xff, 0xff, 0xff, 0xff, 0xff, 0xff, 0xff, 0xff, 0xff, 0xff, 0xff, 0xff, 0xff,
0xff, 0xff, 0xff, 0xff, 0xff, 0xff, 0xff, 0xff, 0xff, 0xff, 0xff, 0xff, 0xff, 0xff, 0xff,
0xff, 0xff, 0xff, 0xff, 0xff, 0xff, 0xff, 0xff, 0xff, 0xff, 0xff, 0xff, 0xff, 0xff, 0xff,
0xff, 0xff, 0xff, 0xff, 0xff, 0xff, 0xff, 0xff, 0xff, 0xff, 0xff, 0xff, 0xff, 0xff, 0xff,
0xff, 0xff, 0xff, 0xff, 0xff, 0xff, 0xff, 0xff, 0xff, 0xff, 0xff, 0xff, 0xff, 0xff, 0xff,
0xff, 0xff, 0xff, 0xff, 0xff, 0xff, 0xff, 0xff, 0xff, 0xff, 0xff, 0xff, 0xff, 0xff, 0xff,
0xff, 0xff, 0xff, 0xff, 0xff, 0xff, 0xff, 0xff, 0xff, 0xff, 0xff, 0xff, 0xff, 0xff, 0xff,
0xff, 0xff, 0xff, 0xff, 0xff, 0xff, 0xff, 0xff, 0xff, 0xff, 0xff, 0xff, 0xff, 0xff, 0xff,
0xff, 0xff, 0xff, 0xff, 0xff, 0xff, 0xff, 0xff, 0xff, 0xff, 0xff, 0xff, 0xff, 0xff, 0xff,
0xff, 0xff, 0xff, 0xff, 0xff, 0xff, 0xff, 0xff, 0xff, 0xff, 0xff, 0xff, 0xff, 0xff, 0xff,
0xff, 0xff, 0xff, 0xff, 0xff, 0xff, 0xff, 0xff, 0xff, 0xff, 0xff, 0xff, 0xff, 0xff, 0xff,
0xff, 0xef, 0xec, 0xc2, 0xff, 0xc0, 0xb6, 0x1b, 0xff, 0xc0, 0xb6, 0x1c, 0xff, 0xc1, 0xb7,
0x1e, 0xff, 0xc1, 0xb7, 0x1e, 0xff, 0xc1, 0xb7, 0x1e, 0xff, 0xc1, 0xb7, 0x1e, 0xff, 0xc1,
0xb7, 0x1e, 0xff, 0xbf, 0xb5, 0x17, 0xff, 0xc5, 0xbc, 0x2e, 0xff, 0xfa, 0xf9, 0xee, 0xff,
0xff, 0xff, 0xff, 0xff, 0xfe, 0xfe, 0xfe, 0xff, 0xfe, 0xfe, 0xfe, 0xff, 0xfe, 0xfe, 0xfe,
0xff, 0xff, 0xff, 0xff, 0xff, 0xf9, 0xf8, 0xeb, 0xff, 0xc7, 0xbd, 0x31, 0xff, 0xc0, 0xb5,
0x19, 0xff, 0xc1, 0xb7, 0x1e, 0xff, 0xc1, 0xb7, 0x1e, 0xff, 0xc1, 0xb7, 0x1e, 0xff, 0xc1,
0xb7, 0x1e, 0xff, 0xc1, 0xb7, 0x1e, 0xff, 0xc1, 0xb7, 0x1e, 0xff, 0xc1, 0xb7, 0x1e, 0xff,
0xc1, 0xb7, 0x1e, 0xff, 0xc1, 0xb7, 0x1e, 0xff, 0xc1, 0xb7, 0x1e, 0xff, 0xc1, 0xb7, 0x1e,
0xff, 0xc1, 0xb7, 0x1e, 0xff, 0xc1, 0xb7, 0x1e, 0xff, 0xbe, 0xb4, 0x1c, 0x64, 0xff, 0xff,
0xff, 0x00, 0xff, 0xff, 0xff, 0x00, 0xff, 0xff, 0xff, 0x00, 0xff, 0xff, 0xff, 0x00, 0xff,
0xff, 0xff, 0x00, 0xff, 0xff, 0xff, 0x00, 0xff, 0xff, 0xff, 0x00, 0xff, 0xff, 0xff, 0x00,
0xff, 0xff, 0xff, 0x00, 0xff, 0xff, 0xff, 0x00, 0xff, 0xff, 0xff, 0x00, 0xff, 0xff, 0xff,
0x00, 0xff, 0xff, 0xff, 0x00, 0xff, 0xff, 0xff, 0x00, 0xff, 0xff, 0xff, 0x00, 0xb5, 0xab,
0x1c, 0x67, 0xc2, 0xb8, 0x1e, 0xff, 0xc1, 0xb7, 0x1e, 0xff, 0xc1, 0xb7, 0x1e, 0xff, 0xc1,
0xb7, 0x1e, 0xff, 0xc1, 0xb7, 0x1e, 0xff, 0xc1, 0xb7, 0x1e, 0xff, 0xc1, 0xb7, 0x1e, 0xff,
0xc1, 0xb7, 0x1e, 0xff, 0xc1, 0xb7, 0x1e, 0xff, 0xc1, 0xb7, 0x1e, 0xff, 0xc1, 0xb7, 0x1e,
0xff, 0xc1, 0xb7, 0x1e, 0xff, 0xc1, 0xb7, 0x1e, 0xff, 0xbe, 0xb4, 0x15, 0xff, 0xcf, 0xc7,
0x50, 0xff, 0xfe, 0xfe, 0xfd, 0xff, 0xff, 0xff, 0xff, 0xff, 0xfe, 0xfe, 0xfe, 0xff, 0xfe,
0xfe, 0xfe, 0xff, 0xfe, 0xfe, 0xfe, 0xff, 0xff, 0xff, 0xff, 0xff, 0xeb, 0xe8, 0xb8, 0xff,
0xbf, 0xb4, 0x15, 0xff, 0xc1, 0xb7, 0x1d, 0xff, 0xc1, 0xb7, 0x1e, 0xff, 0xc1, 0xb7, 0x1e,
0xff, 0xc1, 0xb7, 0x1e, 0xff, 0xc1, 0xb7, 0x1e, 0xff, 0xc1, 0xb7, 0x1d, 0xff, 0xbf, 0xb5,
0x16, 0xff, 0xe8, 0xe4, 0xac, 0xff, 0xff, 0xff, 0xff, 0xff, 0xff, 0xff, 0xff, 0xff, 0xff,
0xff, 0xff, 0xff, 0xff, 0xff, 0xff, 0xff, 0xff, 0xff, 0xff, 0xff, 0xff, 0xff, 0xff, 0xff,
0xff, 0xff, 0xff, 0xff, 0xff, 0xff, 0xff, 0xff, 0xff, 0xff, 0xff, 0xff, 0xff, 0xff, 0xff,
0xff, 0xff, 0xff, 0xff, 0xff, 0xff, 0xff, 0xff, 0xff, 0xff, 0xff, 0xff, 0xff, 0xff, 0xff,
0xff, 0xff, 0xff, 0xff, 0xff, 0xff, 0xff, 0xff, 0xff, 0xff, 0xff, 0xff, 0xff, 0xff, 0xff,
0xff, 0xff, 0xff, 0xff, 0xff, 0xff, 0xff, 0xff, 0xff, 0xff, 0xff, 0xff, 0xff, 0xff, 0xff,
0xff, 0xff, 0xff, 0xff, 0xff, 0xff, 0xff, 0xff, 0xff, 0xff, 0xff, 0xff, 0xff, 0xff, 0xff,
0xff, 0xff, 0xff, 0xff, 0xff, 0xff, 0xff, 0xff, 0xff, 0xff, 0xff, 0xff, 0xff, 0xff, 0xff,
0xff, 0xff, 0xff, 0xff, 0xff, 0xff, 0xff, 0xff, 0xff, 0xff, 0xff, 0xff, 0xff, 0xff, 0xff,
0xff, 0xff, 0xff, 0xff, 0xff, 0xff, 0xff, 0xff, 0xff, 0xff, 0xff, 0xff, 0xff, 0xff, 0xff,
0xff, 0xff, 0xff, 0xff, 0xff, 0xff, 0xff, 0xff, 0xff, 0xff, 0xff, 0xff, 0xff, 0xff, 0xff,
0xff, 0xff, 0xff, 0xff, 0xff, 0xff, 0xff, 0xff, 0xff, 0xff, 0xff, 0xff, 0xff, 0xff, 0xff,
0xff, 0xff, 0xff, 0xff, 0xff, 0xff, 0xff, 0xff, 0xff, 0xff, 0xff, 0xff, 0xff, 0xff, 0xff,
0xff, 0xff, 0xff, 0xff, 0xff, 0xff, 0xff, 0xd8, 0xd2, 0x71, 0xff, 0xbd, 0xb3, 0x10, 0xff,
0xc1, 0xb7, 0x1e, 0xff, 0xc1, 0xb7, 0x1e, 0xff, 0xc1, 0xb7, 0x1e, 0xff, 0xc1, 0xb7, 0x1e,
0xff, 0xc1, 0xb7, 0x1e, 0xff, 0xc1, 0xb7, 0x1e, 0xff, 0xbd, 0xb3, 0x10, 0xff, 0xdd, 0xd7,
0x83, 0xff, 0xff, 0xff, 0xff, 0xff, 0xfe, 0xfe, 0xfe, 0xff, 0xfe, 0xfe, 0xfe, 0xff, 0xfe,
0xfe, 0xfe, 0xff, 0xfe, 0xfe, 0xfe, 0xff, 0xff, 0xff, 0xff, 0xff, 0xdc, 0xd6, 0x80, 0xff,
0xbe, 0xb3, 0x11, 0xff, 0xc1, 0xb7, 0x1e, 0xff, 0xc1, 0xb7, 0x1e, 0xff, 0xc1, 0xb7, 0x1e,
0xff, 0xc1, 0xb7, 0x1e, 0xff, 0xc1, 0xb7, 0x1e, 0xff, 0xc1, 0xb7, 0x1e, 0xff, 0xc1, 0xb7,
0x1e, 0xff, 0xc1, 0xb7, 0x1e, 0xff, 0xc1, 0xb7, 0x1e, 0xff, 0xc1, 0xb7, 0x1e, 0xff, 0xc1,
0xb7, 0x1e, 0xff, 0xc1, 0xb7, 0x1e, 0xff, 0xc4, 0xba, 0x1f, 0xff, 0x7b, 0x75, 0x14, 0x3a,
0xff, 0xff, 0xff, 0x00, 0xff, 0xff, 0xff, 0x00, 0xff, 0xff, 0xff, 0x00, 0xff, 0xff, 0xff,
0x00, 0xff, 0xff, 0xff, 0x00, 0xff, 0xff, 0xff, 0x00, 0xff, 0xff, 0xff, 0x00, 0xff, 0xff,
0xff, 0x00, 0xff, 0xff, 0xff, 0x00, 0xff, 0xff, 0xff, 0x00, 0xff, 0xff, 0xff, 0x00, 0xff,
0xff, 0xff, 0x00, 0xff, 0xff, 0xff, 0x00, 0xff, 0xff, 0xff, 0x00, 0xff, 0xff, 0xff, 0x00,
0xbf, 0xb0, 0x1c, 0x40, 0xc1, 0xb7, 0x1e, 0xff, 0xc1, 0xb7, 0x1e, 0xff, 0xc1, 0xb7, 0x1e,
0xff, 0xc1, 0xb7, 0x1e, 0xff, 0xc1, 0xb7, 0x1e, 0xff, 0xc1, 0xb7, 0x1e, 0xff, 0xc1, 0xb7,
0x1e, 0xff, 0xc1, 0xb7, 0x1e, 0xff, 0xc1, 0xb7, 0x1e, 0xff, 0xc1, 0xb7, 0x1e, 0xff, 0xc1,
0xb7, 0x1e, 0xff, 0xc1, 0xb7, 0x1e, 0xff, 0xc1, 0xb7, 0x1e, 0xff, 0xbd, 0xb3, 0x11, 0xff,
0xe2, 0xdd, 0x97, 0xff, 0xff, 0xff, 0xff, 0xff, 0xfe, 0xfe, 0xfe, 0xff, 0xfe, 0xfe, 0xfe,
0xff, 0xfe, 0xfe, 0xfe, 0xff, 0xff, 0xff, 0xff, 0xff, 0xfd, 0xfc, 0xf8, 0xff, 0xcb, 0xc3,
0x44, 0xff, 0xbe, 0xb4, 0x15, 0xff, 0xc1, 0xb7, 0x1e, 0xff, 0xc1, 0xb7, 0x1e, 0xff, 0xc1,
0xb7, 0x1e, 0xff, 0xc1, 0xb7, 0x1e, 0xff, 0xc1, 0xb7, 0x1e, 0xff, 0xbe, 0xb3, 0x11, 0xff,
0xd4, 0xcd, 0x62, 0xff, 0xff, 0xff, 0xff, 0xff, 0xff, 0xff, 0xff, 0xff, 0xff, 0xff, 0xff,
0xff, 0xff, 0xff, 0xff, 0xff, 0xff, 0xff, 0xff, 0xff, 0xff, 0xff, 0xff, 0xff, 0xff, 0xff,
0xff, 0xff, 0xff, 0xff, 0xff, 0xff, 0xff, 0xff, 0xff, 0xff, 0xff, 0xff, 0xff, 0xff, 0xff,
0xff, 0xff, 0xff, 0xff, 0xff, 0xff, 0xff, 0xff, 0xff, 0xff, 0xff, 0xff, 0xff, 0xff, 0xff,
0xff, 0xff, 0xff, 0xff, 0xff, 0xff, 0xff, 0xff, 0xff, 0xff, 0xff, 0xff, 0xff, 0xff, 0xff,
0xff, 0xff, 0xff, 0xff, 0xff, 0xff, 0xff, 0xff, 0xff, 0xff, 0xff, 0xff, 0xff, 0xff, 0xff,
0xff, 0xff, 0xff, 0xff, 0xff, 0xff, 0xff, 0xff, 0xff, 0xff, 0xff, 0xff, 0xff, 0xff, 0xff,
0xff, 0xff, 0xff, 0xff, 0xff, 0xff, 0xff, 0xff, 0xff, 0xff, 0xff, 0xff, 0xff, 0xff, 0xff,
0xff, 0xff, 0xff, 0xff, 0xff, 0xff, 0xff, 0xff, 0xff, 0xff, 0xff, 0xff, 0xff, 0xff, 0xff,
0xff, 0xff, 0xff, 0xff, 0xff, 0xff, 0xff, 0xff, 0xff, 0xff, 0xff, 0xff, 0xff, 0xff, 0xff,
0xff, 0xff, 0xff, 0xff, 0xff, 0xff, 0xff, 0xff, 0xff, 0xff, 0xff, 0xff, 0xff, 0xff, 0xff,
0xff, 0xff, 0xff, 0xff, 0xff, 0xff, 0xff, 0xff, 0xff, 0xff, 0xff, 0xff, 0xff, 0xff, 0xff,
0xff, 0xff, 0xff, 0xff, 0xff, 0xff, 0xff, 0xff, 0xff, 0xff, 0xff, 0xff, 0xff, 0xff, 0xff,
0xff, 0xff, 0xff, 0xff, 0xff, 0xff, 0xff, 0xff, 0xff, 0xfb, 0xfa, 0xf0, 0xff, 0xc9, 0xc0,
0x3a, 0xff, 0xbf, 0xb5, 0x17, 0xff, 0xc1, 0xb7, 0x1e, 0xff, 0xc1, 0xb7, 0x1e, 0xff, 0xc1,
0xb7, 0x1e, 0xff, 0xc1, 0xb7, 0x1e, 0xff, 0xc1, 0xb7, 0x1e, 0xff, 0xc0, 0xb6, 0x1a, 0xff,
0xc3, 0xba, 0x26, 0xff, 0xf8, 0xf7, 0xe7, 0xff, 0xff, 0xff, 0xff, 0xff, 0xfe, 0xfe, 0xfe,
0xff, 0xfe, 0xfe, 0xfe, 0xff, 0xfe, 0xfe, 0xfe, 0xff, 0xff, 0xff, 0xff, 0xff, 0xea, 0xe6,
0xb4, 0xff, 0xbe, 0xb4, 0x13, 0xff, 0xc1, 0xb7, 0x1e, 0xff, 0xc1, 0xb7, 0x1e, 0xff, 0xc1,
0xb7, 0x1e, 0xff, 0xc1, 0xb7, 0x1e, 0xff, 0xc1, 0xb7, 0x1e, 0xff, 0xc1, 0xb7, 0x1e, 0xff,
0xc1, 0xb7, 0x1e, 0xff, 0xc1, 0xb7, 0x1e, 0xff, 0xc1, 0xb7, 0x1e, 0xff, 0xc1, 0xb7, 0x1e,
0xff, 0xc1, 0xb7, 0x1e, 0xff, 0xc1, 0xb7, 0x1e, 0xff, 0xc0, 0xb7, 0x1d, 0xef, 0xb9, 0xb1,
0x15, 0x16, 0xff, 0xff, 0xff, 0x00, 0xff, 0xff, 0xff, 0x00, 0xff, 0xff, 0xff, 0x00, 0xff,
0xff, 0xff, 0x00, 0xff, 0xff, 0xff, 0x00, 0xff, 0xff, 0xff, 0x00, 0xff, 0xff, 0xff, 0x00,
0xff, 0xff, 0xff, 0x00, 0xff, 0xff, 0xff, 0x00, 0xff, 0xff, 0xff, 0x00, 0xff, 0xff, 0xff,
0x00, 0xff, 0xff, 0xff, 0x00, 0xff, 0xff, 0xff, 0x00, 0xff, 0xff, 0xff, 0x00, 0xff, 0xff,
0xff, 0x00, 0xc0, 0xb8, 0x1e, 0x1b, 0xc1, 0xb7, 0x1e, 0xf3, 0xc1, 0xb7, 0x1e, 0xff, 0xc1,
0xb7, 0x1e, 0xff, 0xc1, 0xb7, 0x1e, 0xff, 0xc1, 0xb7, 0x1e, 0xff, 0xc1, 0xb7, 0x1e, 0xff,
0xc1, 0xb7, 0x1e, 0xff, 0xc1, 0xb7, 0x1e, 0xff, 0xc1, 0xb7, 0x1e, 0xff, 0xc1, 0xb7, 0x1e,
0xff, 0xc1, 0xb7, 0x1e, 0xff, 0xc1, 0xb7, 0x1e, 0xff, 0xc1, 0xb7, 0x1e, 0xff, 0xbe, 0xb4,
0x14, 0xff, 0xeb, 0xe8, 0xba, 0xff, 0xff, 0xff, 0xff, 0xff, 0xfe, 0xfe, 0xfe, 0xff, 0xfe,
0xfe, 0xfe, 0xff, 0xfe, 0xfe, 0xfe, 0xff, 0xff, 0xff, 0xff, 0xff, 0xf2, 0xf0, 0xd0, 0xff,
0xc0, 0xb6, 0x19, 0xff, 0xc1, 0xb7, 0x1d, 0xff, 0xc1, 0xb7, 0x1e, 0xff, 0xc1, 0xb7, 0x1e,
0xff, 0xc1, 0xb7, 0x1e, 0xff, 0xc1, 0xb7, 0x1e, 0xff, 0xc0, 0xb6, 0x1c, 0xff, 0xc1, 0xb7,
0x1e, 0xff, 0xf2, 0xf0, 0xce, 0xff, 0xff, 0xff, 0xff, 0xff, 0xff, 0xff, 0xff, 0xff, 0xff,
0xff, 0xff, 0xff, 0xff, 0xff, 0xff, 0xff, 0xff, 0xff, 0xff, 0xff, 0xff, 0xff, 0xff, 0xff,
0xff, 0xff, 0xff, 0xff, 0xff, 0xff, 0xff, 0xff, 0xff, 0xff, 0xff, 0xff, 0xff, 0xff, 0xff,
0xff, 0xff, 0xff, 0xff, 0xff, 0xff, 0xff, 0xff, 0xff, 0xff, 0xff, 0xff, 0xff, 0xff, 0xff,
0xff, 0xff, 0xff, 0xff, 0xff, 0xff, 0xff, 0xff, 0xff, 0xff, 0xff, 0xff, 0xff, 0xff, 0xff,
0xff, 0xff, 0xff, 0xff, 0xff, 0xff, 0xff, 0xff, 0xff, 0xff, 0xff, 0xff, 0xff, 0xff, 0xff,
0xff, 0xff, 0xff, 0xff, 0xff, 0xff, 0xff, 0xff, 0xff, 0xff, 0xff, 0xff, 0xff, 0xff, 0xff,
0xff, 0xff, 0xff, 0xff, 0xff, 0xff, 0xff, 0xff, 0xff, 0xff, 0xff, 0xff, 0xff, 0xff, 0xff,
0xff, 0xff, 0xff, 0xff, 0xff, 0xff, 0xff, 0xff, 0xff, 0xff, 0xff, 0xff, 0xff, 0xff, 0xff,
0xff, 0xff, 0xff, 0xff, 0xff, 0xff, 0xff, 0xff, 0xff, 0xff, 0xff, 0xff, 0xff, 0xff, 0xff,
0xff, 0xff, 0xff, 0xff, 0xff, 0xff, 0xff, 0xff, 0xff, 0xff, 0xff, 0xff, 0xff, 0xff, 0xff,
0xff, 0xff, 0xff, 0xff, 0xff, 0xff, 0xff, 0xff, 0xff, 0xff, 0xff, 0xff, 0xff, 0xff, 0xff,
0xff, 0xff, 0xff, 0xff, 0xff, 0xff, 0xff, 0xff, 0xff, 0xff, 0xff, 0xff, 0xff, 0xff, 0xff,
0xff, 0xff, 0xff, 0xff, 0xff, 0xff, 0xff, 0xff, 0xff, 0xff, 0xff, 0xff, 0xff, 0xff, 0xff,
0xe4, 0xe0, 0x9c, 0xff, 0xbd, 0xb3, 0x10, 0xff, 0xc1, 0xb7, 0x1e, 0xff, 0xc1, 0xb7, 0x1e,
0xff, 0xc1, 0xb7, 0x1e, 0xff, 0xc1, 0xb7, 0x1e, 0xff, 0xc1, 0xb7, 0x1e, 0xff, 0xc1, 0xb7,
0x1e, 0xff, 0xbe, 0xb3, 0x12, 0xff, 0xe7, 0xe4, 0xaa, 0xff, 0xff, 0xff, 0xff, 0xff, 0xfe,
0xfe, 0xfe, 0xff, 0xfe, 0xfe, 0xfe, 0xff, 0xfe, 0xfe, 0xfe, 0xff, 0xff, 0xff, 0xff, 0xff,
0xf5, 0xf4, 0xde, 0xff, 0xc2, 0xb9, 0x23, 0xff, 0xc0, 0xb6, 0x1c, 0xff, 0xc1, 0xb7, 0x1e,
0xff, 0xc1, 0xb7, 0x1e, 0xff, 0xc1, 0xb7, 0x1e, 0xff, 0xc1, 0xb7, 0x1e, 0xff, 0xc1, 0xb7,
0x1e, 0xff, 0xc1, 0xb7, 0x1e, 0xff, 0xc1, 0xb7, 0x1e, 0xff, 0xc1, 0xb7, 0x1e, 0xff, 0xc1,
0xb7, 0x1e, 0xff, 0xc1, 0xb7, 0x1e, 0xff, 0xc1, 0xb7, 0x1e, 0xff, 0xc0, 0xb7, 0x1e, 0xd9,
0xb9, 0xb5, 0x1b, 0x05, 0xff, 0xff, 0xff, 0x00, 0xff, 0xff, 0xff, 0x00, 0xff, 0xff, 0xff,
0x00, 0xff, 0xff, 0xff, 0x00, 0xff, 0xff, 0xff, 0x00, 0xff, 0xff, 0xff, 0x00, 0xff, 0xff,
0xff, 0x00, 0xff, 0xff, 0xff, 0x00, 0xff, 0xff, 0xff, 0x00, 0xff, 0xff, 0xff, 0x00, 0xff,
0xff, 0xff, 0x00, 0xff, 0xff, 0xff, 0x00, 0xff, 0xff, 0xff, 0x00, 0xff, 0xff, 0xff, 0x00,
0xff, 0xff, 0xff, 0x00, 0xc0, 0xa9, 0x17, 0x07, 0xc1, 0xb5, 0x1d, 0xdd, 0xc1, 0xb7, 0x1e,
0xff, 0xc1, 0xb7, 0x1e, 0xff, 0xc1, 0xb7, 0x1e, 0xff, 0xc1, 0xb7, 0x1e, 0xff, 0xc1, 0xb7,
0x1e, 0xff, 0xc1, 0xb7, 0x1e, 0xff, 0xc1, 0xb7, 0x1e, 0xff, 0xc1, 0xb7, 0x1e, 0xff, 0xc1,
0xb7, 0x1e, 0xff, 0xc1, 0xb7, 0x1e, 0xff, 0xc1, 0xb7, 0x1e, 0xff, 0xc0, 0xb6, 0x1b, 0xff,
0xc2, 0xb9, 0x23, 0xff, 0xf5, 0xf4, 0xdd, 0xff, 0xff, 0xff, 0xff, 0xff, 0xfe, 0xfe, 0xfe,
0xff, 0xfe, 0xfe, 0xfe, 0xff, 0xfe, 0xfe, 0xfe, 0xff, 0xff, 0xff, 0xff, 0xff, 0xde, 0xd9,
0x8a, 0xff, 0xbd, 0xb3, 0x11, 0xff, 0xc1, 0xb7, 0x1e, 0xff, 0xc1, 0xb7, 0x1e, 0xff, 0xc1,
0xb7, 0x1e, 0xff, 0xc1, 0xb7, 0x1e, 0xff, 0xc1, 0xb7, 0x1e, 0xff, 0xbe, 0xb3, 0x11, 0xff,
0xd5, 0xce, 0x66, 0xff, 0xff, 0xff, 0xff, 0xff, 0xff, 0xff, 0xff, 0xff, 0xff, 0xff, 0xff,
0xff, 0xff, 0xff, 0xff, 0xff, 0xff, 0xff, 0xff, 0xff, 0xff, 0xff, 0xff, 0xff, 0xff, 0xff,
0xff, 0xff, 0xff, 0xff, 0xff, 0xff, 0xff, 0xff, 0xff, 0xff, 0xff, 0xff, 0xff, 0xff, 0xff,
0xff, 0xff, 0xff, 0xff, 0xff, 0xff, 0xff, 0xff, 0xff, 0xff, 0xff, 0xff, 0xff, 0xff, 0xff,
0xff, 0xff, 0xff, 0xff, 0xff, 0xff, 0xff, 0xff, 0xff, 0xff, 0xff, 0xff, 0xff, 0xff, 0xff,
0xff, 0xff, 0xff, 0xff, 0xff, 0xff, 0xff, 0xff, 0xff, 0xff, 0xff, 0xff, 0xff, 0xff, 0xff,
0xff, 0xff, 0xff, 0xff, 0xff, 0xff, 0xff, 0xff, 0xff, 0xff, 0xff, 0xff, 0xff, 0xff, 0xff,
0xff, 0xff, 0xff, 0xff, 0xff, 0xff, 0xff, 0xff, 0xff, 0xff, 0xff, 0xff, 0xff, 0xff, 0xff,
0xff, 0xff, 0xff, 0xff, 0xff, 0xff, 0xff, 0xff, 0xff, 0xff, 0xff, 0xff, 0xff, 0xff, 0xff,
0xff, 0xff, 0xff, 0xff, 0xff, 0xff, 0xff, 0xff, 0xff, 0xff, 0xff, 0xff, 0xff, 0xff, 0xff,
0xff, 0xff, 0xff, 0xff, 0xff, 0xff, 0xff, 0xff, 0xff, 0xff, 0xff, 0xff, 0xff, 0xff, 0xff,
0xff, 0xff, 0xff, 0xff, 0xff, 0xff, 0xff, 0xff, 0xff, 0xff, 0xff, 0xff, 0xff, 0xff, 0xff,
0xff, 0xff, 0xff, 0xff, 0xff, 0xff, 0xff, 0xff, 0xff, 0xff, 0xff, 0xff, 0xff, 0xff, 0xff,
0xff, 0xff, 0xff, 0xff, 0xff, 0xff, 0xff, 0xff, 0xff, 0xff, 0xff, 0xff, 0xff, 0xff, 0xff,
0xff, 0xff, 0xfd, 0xfc, 0xf7, 0xff, 0xcb, 0xc3, 0x42, 0xff, 0xbf, 0xb5, 0x16, 0xff, 0xc1,
0xb7, 0x1e, 0xff, 0xc1, 0xb7, 0x1e, 0xff, 0xc1, 0xb7, 0x1e, 0xff, 0xc1, 0xb7, 0x1e, 0xff,
0xc1, 0xb7, 0x1e, 0xff, 0xbe, 0xb4, 0x14, 0xff, 0xd0, 0xc8, 0x54, 0xff, 0xfe, 0xfe, 0xfd,
0xff, 0xfe, 0xff, 0xff, 0xff, 0xfe, 0xfe, 0xfe, 0xff, 0xfe, 0xfe, 0xfe, 0xff, 0xff, 0xff,
0xff, 0xff, 0xfe, 0xfe, 0xfc, 0xff, 0xcc, 0xc4, 0x46, 0xff, 0xbf, 0xb5, 0x16, 0xff, 0xc1,
0xb7, 0x1e, 0xff, 0xc1, 0xb7, 0x1e, 0xff, 0xc1, 0xb7, 0x1e, 0xff, 0xc1, 0xb7, 0x1e, 0xff,
0xc1, 0xb7, 0x1e, 0xff, 0xc1, 0xb7, 0x1e, 0xff, 0xc1, 0xb7, 0x1e, 0xff, 0xc1, 0xb7, 0x1e,
0xff, 0xc1, 0xb7, 0x1e, 0xff, 0xc1, 0xb7, 0x1e, 0xff, 0xc0, 0xb7, 0x1e, 0xff, 0xc5, 0xb8,
0x1b, 0xc0, 0xc8, 0xb4, 0x12, 0x00, 0xff, 0xff, 0xff, 0x00, 0xff, 0xff, 0xff, 0x00, 0xff,
0xff, 0xff, 0x00, 0xff, 0xff, 0xff, 0x00, 0xff, 0xff, 0xff, 0x00, 0xff, 0xff, 0xff, 0x00,
0xff, 0xff, 0xff, 0x00, 0xff, 0xff, 0xff, 0x00, 0xff, 0xff, 0xff, 0x00, 0xff, 0xff, 0xff,
0x00, 0xff, 0xff, 0xff, 0x00, 0xff, 0xff, 0xff, 0x00, 0xff, 0xff, 0xff, 0x00, 0xff, 0xff,
0xff, 0x00, 0xff, 0xff, 0xff, 0x00, 0xc0, 0xac, 0x17, 0x00, 0xc1, 0xb5, 0x1d, 0xc3, 0xc1,
0xb7, 0x1e, 0xff, 0xc1, 0xb7, 0x1e, 0xff, 0xc1, 0xb7, 0x1e, 0xff, 0xc1, 0xb7, 0x1e, 0xff,
0xc1, 0xb7, 0x1e, 0xff, 0xc1, 0xb7, 0x1e, 0xff, 0xc1, 0xb7, 0x1e, 0xff, 0xc1, 0xb7, 0x1e,
0xff, 0xc1, 0xb7, 0x1e, 0xff, 0xc1, 0xb7, 0x1e, 0xff, 0xc1, 0xb7, 0x1e, 0xff, 0xbf, 0xb5,
0x18, 0xff, 0xca, 0xc1, 0x3d, 0xff, 0xfd, 0xfc, 0xf8, 0xff, 0xff, 0xff, 0xff, 0xff, 0xfe,
0xfe, 0xfe, 0xff, 0xfe, 0xfe, 0xfe, 0xff, 0xff, 0xff, 0xff, 0xff, 0xfd, 0xfd, 0xf9, 0xff,
0xcb, 0xc3, 0x42, 0xff, 0xbf, 0xb4, 0x17, 0xff, 0xc1, 0xb7, 0x1e, 0xff, 0xc1, 0xb7, 0x1e,
0xff, 0xc1, 0xb7, 0x1e, 0xff, 0xc1, 0xb7, 0x1e, 0xff, 0xc1, 0xb7, 0x1d, 0xff, 0xbf, 0xb5,
0x17, 0xff, 0xee, 0xeb, 0xc0, 0xff, 0xff, 0xff, 0xff, 0xff, 0xff, 0xff, 0xff, 0xff, 0xff,
0xff, 0xff, 0xff, 0xff, 0xff, 0xff, 0xff, 0xff, 0xff, 0xff, 0xff, 0xff, 0xff, 0xff, 0xff,
0xff, 0xff, 0xff, 0xff, 0xff, 0xff, 0xff, 0xff, 0xff, 0xff, 0xff, 0xff, 0xff, 0xff, 0xff,
0xff, 0xff, 0xff, 0xff, 0xff, 0xff, 0xff, 0xff, 0xff, 0xff, 0xff, 0xff, 0xff, 0xff, 0xff,
0xff, 0xff, 0xff, 0xff, 0xff, 0xff, 0xff, 0xff, 0xff, 0xff, 0xff, 0xff, 0xff, 0xff, 0xff,
0xff, 0xff, 0xff, 0xff, 0xff, 0xff, 0xff, 0xff, 0xff, 0xff, 0xff, 0xff, 0xff, 0xff, 0xff,
0xff, 0xff, 0xff, 0xff, 0xff, 0xff, 0xff, 0xff, 0xff, 0xff, 0xff, 0xff, 0xff, 0xff, 0xff,
0xff, 0xff, 0xff, 0xff, 0xff, 0xff, 0xff, 0xff, 0xff, 0xff, 0xff, 0xff, 0xff, 0xff, 0xff,
0xff, 0xff, 0xff, 0xff, 0xff, 0xff, 0xff, 0xff, 0xff, 0xff, 0xff, 0xff, 0xff, 0xff, 0xff,
0xff, 0xff, 0xff, 0xff, 0xff, 0xff, 0xff, 0xff, 0xff, 0xff, 0xff, 0xff, 0xff, 0xff, 0xff,
0xff, 0xff, 0xff, 0xff, 0xff, 0xff, 0xff, 0xff, 0xff, 0xff, 0xff, 0xff, 0xff, 0xff, 0xff,
0xff, 0xff, 0xff, 0xff, 0xff, 0xff, 0xff, 0xff, 0xff, 0xff, 0xff, 0xff, 0xff, 0xff, 0xff,
0xff, 0xff, 0xff, 0xff, 0xff, 0xff, 0xff, 0xff, 0xff, 0xff, 0xff, 0xff, 0xff, 0xff, 0xff,
0xff, 0xff, 0xff, 0xff, 0xff, 0xff, 0xff, 0xff, 0xff, 0xff, 0xff, 0xff, 0xff, 0xff, 0xff,
0xff, 0xff, 0xff, 0xff, 0xff, 0xff, 0xff, 0xff, 0xe0, 0xdb, 0x8e, 0xff, 0xbd, 0xb2, 0x0f,
0xff, 0xc1, 0xb7, 0x1e, 0xff, 0xc1, 0xb7, 0x1e, 0xff, 0xc1, 0xb7, 0x1e, 0xff, 0xc1, 0xb7,
0x1e, 0xff, 0xc1, 0xb7, 0x1e, 0xff, 0xc0, 0xb6, 0x1b, 0xff, 0xc3, 0xba, 0x27, 0xff, 0xf7,
0xf6, 0xe5, 0xff, 0xff, 0xff, 0xff, 0xff, 0xfe, 0xfe, 0xfe, 0xff, 0xfe, 0xfe, 0xfe, 0xff,
0xfe, 0xfe, 0xfe, 0xff, 0xff, 0xff, 0xff, 0xff, 0xd6, 0xd0, 0x6c, 0xff, 0xbe, 0xb3, 0x12,
0xff, 0xc1, 0xb7, 0x1e, 0xff, 0xc1, 0xb7, 0x1e, 0xff, 0xc1, 0xb7, 0x1e, 0xff, 0xc1, 0xb7,
0x1e, 0xff, 0xc1, 0xb7, 0x1e, 0xff, 0xc1, 0xb7, 0x1e, 0xff, 0xc1, 0xb7, 0x1e, 0xff, 0xc1,
0xb7, 0x1e, 0xff, 0xc1, 0xb7, 0x1e, 0xff, 0xc1, 0xb7, 0x1e, 0xff, 0xc6, 0xbc, 0x1f, 0xff,
0x97, 0x8f, 0x17, 0x84, 0x6d, 0x65, 0x0c, 0x00, 0xff, 0xff, 0xff, 0x00, 0xff, 0xff, 0xff,
0x00, 0xff, 0xff, 0xff, 0x00, 0xff, 0xff, 0xff, 0x00, 0xff, 0xff, 0xff, 0x00, 0xff, 0xff,
0xff, 0x00, 0xff, 0xff, 0xff, 0x00, 0xff, 0xff, 0xff, 0x00, 0xff, 0xff, 0xff, 0x00, 0xff,
0xff, 0xff, 0x00, 0xff, 0xff, 0xff, 0x00, 0xff, 0xff, 0xff, 0x00, 0xff, 0xff, 0xff, 0x00,
0xff, 0xff, 0xff, 0x00, 0xff, 0xff, 0xff, 0x00, 0xc1, 0xb7, 0x1f, 0x00, 0xc2, 0xb7, 0x1f,
0x84, 0xc1, 0xb7, 0x1e, 0xff, 0xc1, 0xb7, 0x1e, 0xff, 0xc1, 0xb7, 0x1e, 0xff, 0xc1, 0xb7,
0x1e, 0xff, 0xc1, 0xb7, 0x1e, 0xff, 0xc1, 0xb7, 0x1e, 0xff, 0xc1, 0xb7, 0x1e, 0xff, 0xc1,
0xb7, 0x1e, 0xff, 0xc1, 0xb7, 0x1e, 0xff, 0xc1, 0xb7, 0x1e, 0xff, 0xc1, 0xb7, 0x1e, 0xff,
0xbe, 0xb4, 0x14, 0xff, 0xd0, 0xc8, 0x55, 0xff, 0xff, 0xff, 0xff, 0xff, 0xfe, 0xfe, 0xff,
0xff, 0xfe, 0xfe, 0xfe, 0xff, 0xfe, 0xfe, 0xfe, 0xff, 0xff, 0xff, 0xff, 0xff, 0xf7, 0xf5,
0xe2, 0xff, 0xc3, 0xb9, 0x25, 0xff, 0xc0, 0xb6, 0x1b, 0xff, 0xc1, 0xb7, 0x1e, 0xff, 0xc1,
0xb7, 0x1e, 0xff, 0xc1, 0xb7, 0x1e, 0xff, 0xc1, 0xb7, 0x1e, 0xff, 0xbe, 0xb4, 0x15, 0xff,
0xcf, 0xc8, 0x51, 0xff, 0xff, 0xff, 0xff, 0xff, 0xff, 0xff, 0xff, 0xff, 0xff, 0xff, 0xff,
0xff, 0xff, 0xff, 0xff, 0xff, 0xff, 0xff, 0xff, 0xff, 0xff, 0xff, 0xff, 0xff, 0xff, 0xff,
0xff, 0xff, 0xff, 0xff, 0xff, 0xff, 0xff, 0xff, 0xff, 0xff, 0xff, 0xff, 0xff, 0xff, 0xff,
0xff, 0xff, 0xff, 0xff, 0xff, 0xff, 0xff, 0xff, 0xff, 0xff, 0xff, 0xff, 0xff, 0xff, 0xff,
0xff, 0xff, 0xff, 0xff, 0xff, 0xff, 0xff, 0xff, 0xff, 0xff, 0xff, 0xff, 0xff, 0xff, 0xff,
0xff, 0xff, 0xff, 0xff, 0xff, 0xff, 0xff, 0xff, 0xff, 0xff, 0xff, 0xff, 0xff, 0xff, 0xff,
0xff, 0xff, 0xff, 0xff, 0xff, 0xff, 0xff, 0xff, 0xff, 0xff, 0xff, 0xff, 0xff, 0xff, 0xff,
0xff, 0xff, 0xff, 0xff, 0xff, 0xff, 0xff, 0xff, 0xff, 0xff, 0xff, 0xff, 0xff, 0xff, 0xff,
0xff, 0xff, 0xff, 0xff, 0xff, 0xff, 0xff, 0xff, 0xff, 0xff, 0xff, 0xff, 0xff, 0xff, 0xff,
0xff, 0xff, 0xff, 0xff, 0xff, 0xff, 0xff, 0xff, 0xff, 0xff, 0xff, 0xff, 0xff, 0xff, 0xff,
0xff, 0xff, 0xff, 0xff, 0xff, 0xff, 0xff, 0xff, 0xff, 0xff, 0xff, 0xff, 0xff, 0xff, 0xff,
0xff, 0xff, 0xff, 0xff, 0xff, 0xff, 0xff, 0xff, 0xff, 0xff, 0xff, 0xff, 0xff, 0xff, 0xff,
0xff, 0xff, 0xff, 0xff, 0xff, 0xff, 0xff, 0xff, 0xff, 0xff, 0xff, 0xff, 0xff, 0xff, 0xff,
0xff, 0xff, 0xff, 0xff, 0xff, 0xff, 0xff, 0xff, 0xff, 0xff, 0xff, 0xff, 0xff, 0xff, 0xff,
0xff, 0xff, 0xff, 0xff, 0xff, 0xff, 0xff, 0xff, 0xff, 0xff, 0xf8, 0xf7, 0xe5, 0xff, 0xc4,
0xbb, 0x2a, 0xff, 0xc0, 0xb6, 0x1a, 0xff, 0xc1, 0xb7, 0x1e, 0xff, 0xc1, 0xb7, 0x1e, 0xff,
0xc1, 0xb7, 0x1e, 0xff, 0xc1, 0xb7, 0x1e, 0xff, 0xc1, 0xb7, 0x1d, 0xff, 0xc0, 0xb6, 0x1b,
0xff, 0xf1, 0xef, 0xce, 0xff, 0xff, 0xff, 0xff, 0xff, 0xfe, 0xfe, 0xfe, 0xff, 0xfe, 0xfe,
0xfe, 0xff, 0xfe, 0xfe, 0xfe, 0xff, 0xff, 0xff, 0xff, 0xff, 0xde, 0xd9, 0x89, 0xff, 0xbd,
0xb3, 0x10, 0xff, 0xc1, 0xb7, 0x1e, 0xff, 0xc1, 0xb7, 0x1e, 0xff, 0xc1, 0xb7, 0x1e, 0xff,
0xc1, 0xb7, 0x1e, 0xff, 0xc1, 0xb7, 0x1e, 0xff, 0xc1, 0xb7, 0x1e, 0xff, 0xc1, 0xb7, 0x1e,
0xff, 0xc1, 0xb7, 0x1e, 0xff, 0xc1, 0xb7, 0x1e, 0xff, 0xc1, 0xb7, 0x1e, 0xff, 0xc3, 0xba,
0x1f, 0xff, 0x9b, 0x95, 0x10, 0x3b, 0x84, 0x81, 0x0b, 0x00, 0xff, 0xff, 0xff, 0x00, 0xff,
0xff, 0xff, 0x00, 0xff, 0xff, 0xff, 0x00, 0xff, 0xff, 0xff, 0x00, 0xff, 0xff, 0xff, 0x00,
0xff, 0xff, 0xff, 0x00, 0xff, 0xff, 0xff, 0x00, 0xff, 0xff, 0xff, 0x00, 0xff, 0xff, 0xff,
0x00, 0xff, 0xff, 0xff, 0x00, 0xff, 0xff, 0xff, 0x00, 0xff, 0xff, 0xff, 0x00, 0xff, 0xff,
0xff, 0x00, 0xff, 0xff, 0xff, 0x00, 0xff, 0xff, 0xff, 0x00, 0xb8, 0xae, 0x19, 0x00, 0xb9,
0xaf, 0x19, 0x36, 0xc1, 0xb7, 0x1e, 0xfc, 0xc1, 0xb7, 0x1e, 0xff, 0xc1, 0xb7, 0x1e, 0xff,
0xc1, 0xb7, 0x1e, 0xff, 0xc1, 0xb7, 0x1e, 0xff, 0xc1, 0xb7, 0x1e, 0xff, 0xc1, 0xb7, 0x1e,
0xff, 0xc1, 0xb7, 0x1e, 0xff, 0xc1, 0xb7, 0x1e, 0xff, 0xc1, 0xb7, 0x1e, 0xff, 0xc1, 0xb7,
0x1e, 0xff, 0xbe, 0xb3, 0x13, 0xff, 0xd4, 0xcd, 0x64, 0xff, 0xff, 0xff, 0xff, 0xff, 0xfe,
0xfe, 0xfe, 0xff, 0xfe, 0xfe, 0xfe, 0xff, 0xfe, 0xfe, 0xfe, 0xff, 0xff, 0xff, 0xff, 0xff,
0xf2, 0xf0, 0xd1, 0xff, 0xc1, 0xb7, 0x1d, 0xff, 0xc1, 0xb7, 0x1c, 0xff, 0xc1, 0xb7, 0x1e,
0xff, 0xc1, 0xb7, 0x1e, 0xff, 0xc1, 0xb7, 0x1e, 0xff, 0xc1, 0xb7, 0x1e, 0xff, 0xbd, 0xb2,
0x0f, 0xff, 0xe0, 0xdb, 0x8e, 0xff, 0xff, 0xff, 0xff, 0xff, 0xff, 0xff, 0xff, 0xff, 0xff,
0xff, 0xff, 0xff, 0xff, 0xff, 0xff, 0xff, 0xff, 0xff, 0xff, 0xff, 0xff, 0xff, 0xff, 0xff,
0xff, 0xff, 0xff, 0xff, 0xff, 0xff, 0xff, 0xff, 0xff, 0xff, 0xff, 0xff, 0xff, 0xff, 0xff,
0xff, 0xff, 0xff, 0xff, 0xff, 0xff, 0xff, 0xff, 0xff, 0xff, 0xff, 0xff, 0xff, 0xff, 0xff,
0xff, 0xff, 0xff, 0xff, 0xff, 0xff, 0xff, 0xff, 0xff, 0xff, 0xff, 0xff, 0xff, 0xff, 0xff,
0xff, 0xff, 0xff, 0xff, 0xff, 0xff, 0xff, 0xff, 0xff, 0xff, 0xff, 0xff, 0xff, 0xff, 0xff,
0xff, 0xff, 0xff, 0xff, 0xff, 0xff, 0xff, 0xff, 0xff, 0xff, 0xff, 0xff, 0xff, 0xff, 0xff,
0xff, 0xff, 0xff, 0xff, 0xff, 0xff, 0xff, 0xff, 0xff, 0xff, 0xff, 0xff, 0xff, 0xff, 0xff,
0xff, 0xff, 0xff, 0xff, 0xff, 0xff, 0xff, 0xff, 0xff, 0xff, 0xff, 0xff, 0xff, 0xff, 0xff,
0xff, 0xff, 0xff, 0xff, 0xff, 0xff, 0xff, 0xff, 0xff, 0xff, 0xff, 0xff, 0xff, 0xff, 0xff,
0xff, 0xff, 0xff, 0xff, 0xff, 0xff, 0xff, 0xff, 0xff, 0xff, 0xff, 0xff, 0xff, 0xff, 0xff,
0xff, 0xff, 0xff, 0xff, 0xff, 0xff, 0xff, 0xff, 0xff, 0xff, 0xff, 0xff, 0xff, 0xff, 0xff,
0xff, 0xff, 0xff, 0xff, 0xff, 0xff, 0xff, 0xff, 0xff, 0xff, 0xff, 0xff, 0xff, 0xff, 0xff,
0xff, 0xff, 0xff, 0xff, 0xff, 0xff, 0xff, 0xff, 0xff, 0xff, 0xff, 0xff, 0xff, 0xff, 0xff,
0xff, 0xff, 0xff, 0xff, 0xff, 0xff, 0xff, 0xff, 0xff, 0xff, 0xff, 0xff, 0xff, 0xff, 0xff,
0xff, 0xd4, 0xce, 0x63, 0xff, 0xbe, 0xb3, 0x12, 0xff, 0xc1, 0xb7, 0x1e, 0xff, 0xc1, 0xb7,
0x1e, 0xff, 0xc1, 0xb7, 0x1e, 0xff, 0xc1, 0xb7, 0x1e, 0xff, 0xc1, 0xb7, 0x1e, 0xff, 0xbe,
0xb3, 0x13, 0xff, 0xe9, 0xe5, 0xaf, 0xff, 0xff, 0xff, 0xff, 0xff, 0xfe, 0xfe, 0xfe, 0xff,
0xfe, 0xfe, 0xfe, 0xff, 0xfe, 0xfe, 0xfe, 0xff, 0xff, 0xff, 0xff, 0xff, 0xe1, 0xdd, 0x95,
0xff, 0xbd, 0xb3, 0x10, 0xff, 0xc1, 0xb7, 0x1e, 0xff, 0xc1, 0xb7, 0x1e, 0xff, 0xc1, 0xb7,
0x1e, 0xff, 0xc1, 0xb7, 0x1e, 0xff, 0xc1, 0xb7, 0x1e, 0xff, 0xc1, 0xb7, 0x1e, 0xff, 0xc1,
0xb7, 0x1e, 0xff, 0xc1, 0xb7, 0x1e, 0xff, 0xc1, 0xb7, 0x1e, 0xff, 0xc1, 0xb7, 0x1e, 0xff,
0xbf, 0xb6, 0x1d, 0xe7, 0xb2, 0xab, 0x15, 0x0d, 0xb2, 0xac, 0x15, 0x00, 0xff, 0xff, 0xff,
0x00, 0xff, 0xff, 0xff, 0x00, 0xff, 0xff, 0xff, 0x00, 0xff, 0xff, 0xff, 0x00, 0xff, 0xff,
0xff, 0x00, 0xff, 0xff, 0xff, 0x00, 0xff, 0xff, 0xff, 0x00, 0xff, 0xff, 0xff, 0x00, 0xff,
0xff, 0xff, 0x00, 0xff, 0xff, 0xff, 0x00, 0xff, 0xff, 0xff, 0x00, 0xff, 0xff, 0xff, 0x00,
0xff, 0xff, 0xff, 0x00, 0xff, 0xff, 0xff, 0x00, 0xff, 0xff, 0xff, 0x00, 0xa7, 0xa4, 0x13,
0x00, 0xa9, 0xa6, 0x14, 0x06, 0xbf, 0xb6, 0x1d, 0xdf, 0xc1, 0xb7, 0x1e, 0xff, 0xc1, 0xb7,
0x1e, 0xff, 0xc1, 0xb7, 0x1e, 0xff, 0xc1, 0xb7, 0x1e, 0xff, 0xc1, 0xb7, 0x1e, 0xff, 0xc1,
0xb7, 0x1e, 0xff, 0xc1, 0xb7, 0x1e, 0xff, 0xc1, 0xb7, 0x1e, 0xff, 0xc1, 0xb7, 0x1e, 0xff,
0xc1, 0xb7, 0x1e, 0xff, 0xbe, 0xb3, 0x12, 0xff, 0xd6, 0xcf, 0x6b, 0xff, 0xff, 0xff, 0xff,
0xff, 0xfe, 0xfe, 0xfe, 0xff, 0xfe, 0xfe, 0xfe, 0xff, 0xfe, 0xfe, 0xfe, 0xff, 0xff, 0xff,
0xff, 0xff, 0xee, 0xeb, 0xc2, 0xff, 0xbf, 0xb4, 0x16, 0xff, 0xc1, 0xb7, 0x1d, 0xff, 0xc1,
0xb7, 0x1e, 0xff, 0xc1, 0xb7, 0x1e, 0xff, 0xc1, 0xb7, 0x1e, 0xff, 0xc0, 0xb6, 0x1b, 0xff,
0xc3, 0xb9, 0x23, 0xff, 0xf6, 0xf5, 0xde, 0xff, 0xff, 0xff, 0xff, 0xff, 0xff, 0xff, 0xff,
0xff, 0xff, 0xff, 0xff, 0xff, 0xff, 0xff, 0xff, 0xff, 0xff, 0xff, 0xff, 0xff, 0xff, 0xff,
0xff, 0xff, 0xff, 0xff, 0xff, 0xff, 0xff, 0xff, 0xff, 0xff, 0xff, 0xff, 0xff, 0xff, 0xff,
0xff, 0xff, 0xff, 0xff, 0xff, 0xff, 0xff, 0xff, 0xff, 0xff, 0xff, 0xff, 0xff, 0xff, 0xff,
0xff, 0xff, 0xff, 0xff, 0xff, 0xff, 0xff, 0xff, 0xff, 0xff, 0xff, 0xff, 0xff, 0xff, 0xff,
0xff, 0xff, 0xff, 0xff, 0xff, 0xff, 0xff, 0xff, 0xff, 0xff, 0xff, 0xff, 0xff, 0xff, 0xff,
0xff, 0xff, 0xff, 0xff, 0xff, 0xff, 0xff, 0xff, 0xff, 0xff, 0xff, 0xff, 0xff, 0xff, 0xff,
0xff, 0xff, 0xff, 0xff, 0xff, 0xff, 0xff, 0xff, 0xff, 0xff, 0xff, 0xff, 0xff, 0xff, 0xff,
0xff, 0xff, 0xff, 0xff, 0xff, 0xff, 0xff, 0xff, 0xff, 0xff, 0xff, 0xff, 0xff, 0xff, 0xff,
0xff, 0xff, 0xff, 0xff, 0xff, 0xff, 0xff, 0xff, 0xff, 0xff, 0xff, 0xff, 0xff, 0xff, 0xff,
0xff, 0xff, 0xff, 0xff, 0xff, 0xff, 0xff, 0xff, 0xff, 0xff, 0xff, 0xff, 0xff, 0xff, 0xff,
0xff, 0xff, 0xff, 0xff, 0xff, 0xff, 0xff, 0xff, 0xff, 0xff, 0xff, 0xff, 0xff, 0xff, 0xff,
0xff, 0xff, 0xff, 0xff, 0xff, 0xff, 0xff, 0xff, 0xff, 0xff, 0xff, 0xff, 0xff, 0xff, 0xff,
0xff, 0xff, 0xff, 0xff, 0xff, 0xff, 0xff, 0xff, 0xff, 0xff, 0xff, 0xff, 0xff, 0xff, 0xff,
0xff, 0xff, 0xff, 0xff, 0xff, 0xff, 0xff, 0xff, 0xff, 0xff, 0xff, 0xff, 0xff, 0xff, 0xff,
0xff, 0xff, 0xff, 0xe4, 0xdf, 0x9b, 0xff, 0xbd, 0xb3, 0x10, 0xff, 0xc1, 0xb7, 0x1e, 0xff,
0xc1, 0xb7, 0x1e, 0xff, 0xc1, 0xb7, 0x1e, 0xff, 0xc1, 0xb7, 0x1e, 0xff, 0xc1, 0xb7, 0x1e,
0xff, 0xbd, 0xb3, 0x10, 0xff, 0xe0, 0xdb, 0x8e, 0xff, 0xff, 0xff, 0xff, 0xff, 0xfe, 0xfe,
0xfe, 0xff, 0xfe, 0xfe, 0xfe, 0xff, 0xfe, 0xfe, 0xfe, 0xff, 0xff, 0xff, 0xff, 0xff, 0xe2,
0xde, 0x97, 0xff, 0xbd, 0xb3, 0x11, 0xff, 0xc1, 0xb7, 0x1e, 0xff, 0xc1, 0xb7, 0x1e, 0xff,
0xc1, 0xb7, 0x1e, 0xff, 0xc1, 0xb7, 0x1e, 0xff, 0xc1, 0xb7, 0x1e, 0xff, 0xc1, 0xb7, 0x1e,
0xff, 0xc1, 0xb7, 0x1e, 0xff, 0xc1, 0xb7, 0x1e, 0xff, 0xc1, 0xb7, 0x1e, 0xff, 0xc1, 0xb7,
0x1e, 0xff, 0xc3, 0xb7, 0x1e, 0xc2, 0xc1, 0xb1, 0x1b, 0x00, 0xc1, 0xb2, 0x1b, 0x00, 0xff,
0xff, 0xff, 0x00, 0xff, 0xff, 0xff, 0x00, 0xff, 0xff, 0xff, 0x00, 0xff, 0xff, 0xff, 0x00,
0xff, 0xff, 0xff, 0x00, 0xff, 0xff, 0xff, 0x00, 0xff, 0xff, 0xff, 0x00, 0xff, 0xff, 0xff,
0x00, 0xff, 0xff, 0xff, 0x00, 0xff, 0xff, 0xff, 0x00, 0xff, 0xff, 0xff, 0x00, 0xff, 0xff,
0xff, 0x00, 0xff, 0xff, 0xff, 0x00, 0xff, 0xff, 0xff, 0x00, 0xff, 0xff, 0xff, 0x00, 0xbb,
0xb1, 0x1c, 0x00, 0xba, 0xb0, 0x1c, 0x00, 0xbe, 0xb4, 0x1e, 0xa9, 0xc1, 0xb8, 0x1e, 0xff,
0xc1, 0xb7, 0x1e, 0xff, 0xc1, 0xb7, 0x1e, 0xff, 0xc1, 0xb7, 0x1e, 0xff, 0xc1, 0xb7, 0x1e,
0xff, 0xc1, 0xb7, 0x1e, 0xff, 0xc1, 0xb7, 0x1e, 0xff, 0xc1, 0xb7, 0x1e, 0xff, 0xc1, 0xb7,
0x1e, 0xff, 0xc1, 0xb7, 0x1e, 0xff, 0xbe, 0xb3, 0x12, 0xff, 0xd5, 0xce, 0x67, 0xff, 0xff,
0xff, 0xff, 0xff, 0xfe, 0xfe, 0xfe, 0xff, 0xfe, 0xfe, 0xfe, 0xff, 0xfe, 0xfe, 0xfe, 0xff,
0xff, 0xff, 0xff, 0xff, 0xe9, 0xe6, 0xb2, 0xff, 0xbe, 0xb4, 0x14, 0xff, 0xc1, 0xb7, 0x1e,
0xff, 0xc1, 0xb7, 0x1e, 0xff, 0xc1, 0xb7, 0x1e, 0xff, 0xc1, 0xb7, 0x1e, 0xff, 0xbe, 0xb3,
0x13, 0xff, 0xd4, 0xce, 0x64, 0xff, 0xff, 0xff, 0xff, 0xff, 0xff, 0xff, 0xff, 0xff, 0xff,
0xff, 0xff, 0xff, 0xff, 0xff, 0xff, 0xff, 0xff, 0xff, 0xff, 0xff, 0xff, 0xff, 0xff, 0xff,
0xff, 0xff, 0xff, 0xff, 0xff, 0xff, 0xff, 0xff, 0xff, 0xff, 0xff, 0xff, 0xff, 0xff, 0xff,
0xff, 0xff, 0xff, 0xff, 0xff, 0xff, 0xff, 0xff, 0xff, 0xff, 0xff, 0xff, 0xff, 0xff, 0xff,
0xff, 0xff, 0xff, 0xff, 0xff, 0xff, 0xff, 0xff, 0xff, 0xff, 0xff, 0xff, 0xff, 0xff, 0xff,
0xff, 0xff, 0xff, 0xff, 0xff, 0xff, 0xff, 0xff, 0xff, 0xff, 0xff, 0xff, 0xff, 0xff, 0xff,
0xff, 0xff, 0xff, 0xff, 0xff, 0xff, 0xff, 0xff, 0xff, 0xff, 0xff, 0xff, 0xff, 0xff, 0xff,
0xff, 0xff, 0xff, 0xff, 0xff, 0xff, 0xff, 0xff, 0xff, 0xff, 0xff, 0xff, 0xff, 0xff, 0xff,
0xff, 0xff, 0xff, 0xff, 0xff, 0xff, 0xff, 0xff, 0xff, 0xff, 0xff, 0xff, 0xff, 0xff, 0xff,
0xff, 0xff, 0xff, 0xff, 0xff, 0xff, 0xff, 0xff, 0xff, 0xff, 0xff, 0xff, 0xff, 0xff, 0xff,
0xff, 0xff, 0xff, 0xff, 0xff, 0xff, 0xff, 0xff, 0xff, 0xff, 0xff, 0xff, 0xff, 0xff, 0xff,
0xff, 0xff, 0xff, 0xff, 0xff, 0xff, 0xff, 0xff, 0xff, 0xff, 0xff, 0xff, 0xff, 0xff, 0xff,
0xff, 0xff, 0xff, 0xff, 0xff, 0xff, 0xff, 0xff, 0xff, 0xff, 0xff, 0xff, 0xff, 0xff, 0xff,
0xff, 0xff, 0xff, 0xff, 0xff, 0xff, 0xff, 0xff, 0xff, 0xff, 0xff, 0xff, 0xff, 0xff, 0xff,
0xff, 0xff, 0xff, 0xff, 0xff, 0xff, 0xff, 0xff, 0xff, 0xff, 0xff, 0xff, 0xff, 0xff, 0xff,
0xff, 0xff, 0xff, 0xff, 0xff, 0xf6, 0xf4, 0xde, 0xff, 0xc2, 0xb8, 0x22, 0xff, 0xc1, 0xb6,
0x1b, 0xff, 0xc1, 0xb7, 0x1e, 0xff, 0xc1, 0xb7, 0x1e, 0xff, 0xc1, 0xb7, 0x1e, 0xff, 0xc1,
0xb7, 0x1e, 0xff, 0xbd, 0xb3, 0x11, 0xff, 0xdb, 0xd5, 0x7c, 0xff, 0xff, 0xff, 0xff, 0xff,
0xfe, 0xfe, 0xfe, 0xff, 0xfe, 0xfe, 0xfe, 0xff, 0xfe, 0xfe, 0xfe, 0xff, 0xff, 0xff, 0xff,
0xff, 0xe2, 0xdd, 0x96, 0xff, 0xbd, 0xb3, 0x10, 0xff, 0xc1, 0xb7, 0x1e, 0xff, 0xc1, 0xb7,
0x1e, 0xff, 0xc1, 0xb7, 0x1e, 0xff, 0xc1, 0xb7, 0x1e, 0xff, 0xc1, 0xb7, 0x1e, 0xff, 0xc1,
0xb7, 0x1e, 0xff, 0xc1, 0xb7, 0x1e, 0xff, 0xc1, 0xb7, 0x1e, 0xff, 0xc1, 0xb7, 0x1e, 0xff,
0xc2, 0xb8, 0x1e, 0xff, 0xb0, 0xa5, 0x1b, 0x78, 0xa8, 0x9c, 0x19, 0x00, 0xa8, 0x9c, 0x19,
0x00, 0xff, 0xff, 0xff, 0x00, 0xff, 0xff, 0xff, 0x00, 0xff, 0xff, 0xff, 0x00, 0xff, 0xff,
0xff, 0x00, 0xff, 0xff, 0xff, 0x00, 0xff, 0xff, 0xff, 0x00, 0xff, 0xff, 0xff, 0x00, 0xff,
0xff, 0xff, 0x00, 0xff, 0xff, 0xff, 0x00, 0xff, 0xff, 0xff, 0x00, 0xff, 0xff, 0xff, 0x00,
0xff, 0xff, 0xff, 0x00, 0xff, 0xff, 0xff, 0x00, 0xff, 0xff, 0xff, 0x00, 0xff, 0xff, 0xff,
0x00, 0xb5, 0xb0, 0x17, 0x00, 0xb5, 0xaf, 0x17, 0x00, 0xba, 0xb2, 0x19, 0x40, 0xc2, 0xb7,
0x1e, 0xfe, 0xc1, 0xb7, 0x1e, 0xff, 0xc1, 0xb7, 0x1e, 0xff, 0xc1, 0xb7, 0x1e, 0xff, 0xc1,
0xb7, 0x1e, 0xff, 0xc1, 0xb7, 0x1e, 0xff, 0xc1, 0xb7, 0x1e, 0xff, 0xc1, 0xb7, 0x1e, 0xff,
0xc1, 0xb7, 0x1e, 0xff, 0xc1, 0xb7, 0x1e, 0xff, 0xbe, 0xb4, 0x14, 0xff, 0xd1, 0xca, 0x59,
0xff, 0xff, 0xff, 0xff, 0xff, 0xfe, 0xfe, 0xff, 0xff, 0xfe, 0xfe, 0xfe, 0xff, 0xfe, 0xfe,
0xfe, 0xff, 0xff, 0xff, 0xff, 0xff, 0xe8, 0xe4, 0xac, 0xff, 0xbe, 0xb4, 0x13, 0xff, 0xc1,
0xb7, 0x1e, 0xff, 0xc1, 0xb7, 0x1e, 0xff, 0xc1, 0xb7, 0x1e, 0xff, 0xc1, 0xb7, 0x1e, 0xff,
0xbd, 0xb3, 0x10, 0xff, 0xe6, 0xe2, 0xa4, 0xff, 0xff, 0xff, 0xff, 0xff, 0xff, 0xff, 0xff,
0xff, 0xff, 0xff, 0xff, 0xff, 0xff, 0xff, 0xff, 0xff, 0xff, 0xff, 0xff, 0xff, 0xff, 0xff,
0xff, 0xff, 0xff, 0xff, 0xff, 0xff, 0xff, 0xff, 0xff, 0xff, 0xff, 0xff, 0xff, 0xff, 0xff,
0xff, 0xff, 0xff, 0xff, 0xff, 0xff, 0xff, 0xff, 0xff, 0xff, 0xff, 0xff, 0xff, 0xff, 0xff,
0xff, 0xff, 0xff, 0xff, 0xff, 0xff, 0xff, 0xff, 0xff, 0xff, 0xff, 0xff, 0xff, 0xff, 0xff,
0xff, 0xff, 0xff, 0xff, 0xff, 0xff, 0xff, 0xff, 0xff, 0xff, 0xff, 0xff, 0xff, 0xff, 0xff,
0xff, 0xff, 0xff, 0xff, 0xff, 0xff, 0xff, 0xff, 0xff, 0xff, 0xff, 0xff, 0xff, 0xff, 0xff,
0xff, 0xff, 0xff, 0xff, 0xff, 0xff, 0xff, 0xff, 0xff, 0xff, 0xff, 0xff, 0xff, 0xff, 0xff,
0xff, 0xff, 0xff, 0xff, 0xff, 0xff, 0xff, 0xff, 0xff, 0xff, 0xff, 0xff, 0xff, 0xff, 0xff,
0xff, 0xff, 0xff, 0xff, 0xff, 0xff, 0xff, 0xff, 0xff, 0xff, 0xff, 0xff, 0xff, 0xff, 0xff,
0xff, 0xff, 0xff, 0xff, 0xff, 0xff, 0xff, 0xff, 0xff, 0xff, 0xff, 0xff, 0xff, 0xff, 0xff,
0xff, 0xff, 0xff, 0xff, 0xff, 0xff, 0xff, 0xff, 0xff, 0xff, 0xff, 0xff, 0xff, 0xff, 0xff,
0xff, 0xff, 0xff, 0xff, 0xff, 0xff, 0xff, 0xff, 0xff, 0xff, 0xff, 0xff, 0xff, 0xff, 0xff,
0xff, 0xff, 0xff, 0xff, 0xff, 0xff, 0xff, 0xff, 0xff, 0xff, 0xff, 0xff, 0xff, 0xff, 0xff,
0xff, 0xff, 0xff, 0xff, 0xff, 0xff, 0xff, 0xff, 0xff, 0xff, 0xff, 0xff, 0xff, 0xff, 0xff,
0xff, 0xff, 0xff, 0xff, 0xff, 0xff, 0xff, 0xff, 0xff, 0xff, 0xff, 0xd0, 0xc9, 0x54, 0xff,
0xbe, 0xb4, 0x15, 0xff, 0xc1, 0xb7, 0x1e, 0xff, 0xc1, 0xb7, 0x1e, 0xff, 0xc1, 0xb7, 0x1e,
0xff, 0xc1, 0xb7, 0x1e, 0xff, 0xbe, 0xb3, 0x11, 0xff, 0xd9, 0xd3, 0x76, 0xff, 0xff, 0xff,
0xff, 0xff, 0xfe, 0xfe, 0xfe, 0xff, 0xfe, 0xfe, 0xfe, 0xff, 0xfe, 0xfe, 0xfe, 0xff, 0xff,
0xff, 0xff, 0xff, 0xe0, 0xda, 0x8d, 0xff, 0xbd, 0xb3, 0x10, 0xff, 0xc1, 0xb7, 0x1e, 0xff,
0xc1, 0xb7, 0x1e, 0xff, 0xc1, 0xb7, 0x1e, 0xff, 0xc1, 0xb7, 0x1e, 0xff, 0xc1, 0xb7, 0x1e,
0xff, 0xc1, 0xb7, 0x1e, 0xff, 0xc1, 0xb7, 0x1e, 0xff, 0xc1, 0xb7, 0x1e, 0xff, 0xc1, 0xb7,
0x1e, 0xff, 0xc2, 0xb9, 0x1e, 0xf2, 0x71, 0x6d, 0x0b, 0x1f, 0x59, 0x57, 0x07, 0x00, 0x5a,
0x58, 0x08, 0x00, 0xff, 0xff, 0xff, 0x00, 0xff, 0xff, 0xff, 0x00, 0xff, 0xff, 0xff, 0x00,
0xff, 0xff, 0xff, 0x00, 0xff, 0xff, 0xff, 0x00, 0xff, 0xff, 0xff, 0x00, 0xff, 0xff, 0xff,
0x00, 0xff, 0xff, 0xff, 0x00, 0xff, 0xff, 0xff, 0x00, 0xff, 0xff, 0xff, 0x00, 0xff, 0xff,
0xff, 0x00, 0xff, 0xff, 0xff, 0x00, 0xff, 0xff, 0xff, 0x00, 0xff, 0xff, 0xff, 0x00, 0xff,
0xff, 0xff, 0x00, 0xc0, 0xb5, 0x1a, 0x00, 0xc0, 0xb5, 0x1a, 0x00, 0xc0, 0xb5, 0x1a, 0x00,
0xc1, 0xb7, 0x1d, 0xc8, 0xc1, 0xb7, 0x1e, 0xff, 0xc1, 0xb7, 0x1e, 0xff, 0xc1, 0xb7, 0x1e,
0xff, 0xc1, 0xb7, 0x1e, 0xff, 0xc1, 0xb7, 0x1e, 0xff, 0xc1, 0xb7, 0x1e, 0xff, 0xc1, 0xb7,
0x1e, 0xff, 0xc1, 0xb7, 0x1e, 0xff, 0xc1, 0xb7, 0x1e, 0xff, 0xbf, 0xb4, 0x17, 0xff, 0xcc,
0xc4, 0x45, 0xff, 0xfe, 0xfd, 0xfc, 0xff, 0xff, 0xff, 0xff, 0xff, 0xfe, 0xfe, 0xfe, 0xff,
0xfe, 0xfe, 0xfe, 0xff, 0xff, 0xff, 0xff, 0xff, 0xea, 0xe7, 0xb6, 0xff, 0xbe, 0xb4, 0x14,
0xff, 0xc1, 0xb7, 0x1e, 0xff, 0xc1, 0xb7, 0x1e, 0xff, 0xc1, 0xb7, 0x1e, 0xff, 0xc1, 0xb7,
0x1d, 0xff, 0xc0, 0xb6, 0x1b, 0xff, 0xf2, 0xf0, 0xd1, 0xff, 0xff, 0xff, 0xff, 0xff, 0xff,
0xff, 0xff, 0xff, 0xff, 0xff, 0xff, 0xff, 0xff, 0xff, 0xff, 0xff, 0xff, 0xff, 0xff, 0xff,
0xff, 0xff, 0xff, 0xff, 0xff, 0xff, 0xff, 0xff, 0xff, 0xff, 0xff, 0xff, 0xff, 0xff, 0xff,
0xff, 0xff, 0xff, 0xff, 0xff, 0xff, 0xff, 0xff, 0xff, 0xff, 0xff, 0xff, 0xff, 0xff, 0xff,
0xff, 0xff, 0xff, 0xff, 0xff, 0xff, 0xff, 0xff, 0xff, 0xff, 0xff, 0xff, 0xff, 0xff, 0xff,
0xff, 0xff, 0xff, 0xff, 0xff, 0xff, 0xff, 0xff, 0xff, 0xff, 0xff, 0xff, 0xff, 0xff, 0xff,
0xff, 0xff, 0xff, 0xff, 0xff, 0xff, 0xff, 0xff, 0xff, 0xff, 0xff, 0xff, 0xff, 0xff, 0xff,
0xff, 0xff, 0xff, 0xff, 0xff, 0xff, 0xff, 0xff, 0xff, 0xff, 0xff, 0xff, 0xff, 0xff, 0xff,
0xff, 0xff, 0xff, 0xff, 0xff, 0xff, 0xff, 0xff, 0xff, 0xff, 0xff, 0xff, 0xff, 0xff, 0xff,
0xff, 0xff, 0xff, 0xff, 0xff, 0xff, 0xff, 0xff, 0xff, 0xff, 0xff, 0xff, 0xff, 0xff, 0xff,
0xff, 0xff, 0xff, 0xff, 0xff, 0xff, 0xff, 0xff, 0xff, 0xff, 0xff, 0xff, 0xff, 0xff, 0xff,
0xff, 0xff, 0xff, 0xff, 0xff, 0xff, 0xff, 0xff, 0xff, 0xff, 0xff, 0xff, 0xff, 0xff, 0xff,
0xff, 0xff, 0xff, 0xff, 0xff, 0xff, 0xff, 0xff, 0xff, 0xff, 0xff, 0xff, 0xff, 0xff, 0xff,
0xff, 0xff, 0xff, 0xff, 0xff, 0xff, 0xff, 0xff, 0xff, 0xff, 0xff, 0xff, 0xff, 0xff, 0xff,
0xff, 0xff, 0xff, 0xff, 0xff, 0xff, 0xff, 0xff, 0xff, 0xff, 0xff, 0xff, 0xff, 0xff, 0xff,
0xff, 0xff, 0xff, 0xff, 0xff, 0xff, 0xff, 0xff, 0xff, 0xff, 0xff, 0xff, 0xff, 0xe0, 0xdb,
0x8e, 0xff, 0xbd, 0xb3, 0x11, 0xff, 0xc1, 0xb7, 0x1e, 0xff, 0xc1, 0xb7, 0x1e, 0xff, 0xc1,
0xb7, 0x1e, 0xff, 0xc1, 0xb7, 0x1e, 0xff, 0xbd, 0xb3, 0x11, 0xff, 0xdc, 0xd6, 0x7f, 0xff,
0xff, 0xff, 0xff, 0xff, 0xfe, 0xfe, 0xfe, 0xff, 0xfe, 0xfe, 0xfe, 0xff, 0xfe, 0xfe, 0xfe,
0xff, 0xff, 0xff, 0xff, 0xff, 0xd9, 0xd3, 0x76, 0xff, 0xbd, 0xb3, 0x11, 0xff, 0xc1, 0xb7,
0x1e, 0xff, 0xc1, 0xb7, 0x1e, 0xff, 0xc1, 0xb7, 0x1e, 0xff, 0xc1, 0xb7, 0x1e, 0xff, 0xc1,
0xb7, 0x1e, 0xff, 0xc1, 0xb7, 0x1e, 0xff, 0xc1, 0xb7, 0x1e, 0xff, 0xc1, 0xb7, 0x1e, 0xff,
0xc2, 0xb8, 0x1f, 0xff, 0xbe, 0xb6, 0x1b, 0xb5, 0xb7, 0xb3, 0x0f, 0x00, 0xb9, 0xb4, 0x10,
0x00, 0xb9, 0xb4, 0x10, 0x00, 0xff, 0xff, 0xff, 0x00, 0xff, 0xff, 0xff, 0x00, 0xff, 0xff,
0xff, 0x00, 0xff, 0xff, 0xff, 0x00, 0xff, 0xff, 0xff, 0x00, 0xff, 0xff, 0xff, 0x00, 0xff,
0xff, 0xff, 0x00, 0xff, 0xff, 0xff, 0x00, 0xff, 0xff, 0xff, 0x00, 0xff, 0xff, 0xff, 0x00,
0xff, 0xff, 0xff, 0x00, 0xff, 0xff, 0xff, 0x00, 0xff, 0xff, 0xff, 0x00, 0xff, 0xff, 0xff,
0x00, 0xff, 0xff, 0xff, 0x00, 0xc1, 0xb6, 0x19, 0x00, 0xc1, 0xb6, 0x19, 0x00, 0xc1, 0xb6,
0x19, 0x00, 0xc2, 0xb7, 0x1c, 0x7d, 0xc1, 0xb7, 0x1f, 0xff, 0xc1, 0xb7, 0x1e, 0xff, 0xc1,
0xb7, 0x1e, 0xff, 0xc1, 0xb7, 0x1e, 0xff, 0xc1, 0xb7, 0x1e, 0xff, 0xc1, 0xb7, 0x1e, 0xff,
0xc1, 0xb7, 0x1e, 0xff, 0xc1, 0xb7, 0x1e, 0xff, 0xc1, 0xb7, 0x1e, 0xff, 0xc0, 0xb6, 0x1a,
0xff, 0xc6, 0xbc, 0x2e, 0xff, 0xf9, 0xf8, 0xec, 0xff, 0xff, 0xff, 0xff, 0xff, 0xfe, 0xfe,
0xfe, 0xff, 0xfe, 0xfe, 0xfe, 0xff, 0xff, 0xff, 0xff, 0xff, 0xef, 0xec, 0xc6, 0xff, 0xbf,
0xb5, 0x17, 0xff, 0xc1, 0xb7, 0x1d, 0xff, 0xc1, 0xb7, 0x1e, 0xff, 0xc1, 0xb7, 0x1e, 0xff,
0xbf, 0xb5, 0x17, 0xff, 0xcb, 0xc2, 0x41, 0xff, 0xfe, 0xfd, 0xfa, 0xff, 0xff, 0xff, 0xff,
0xff, 0xff, 0xff, 0xff, 0xff, 0xff, 0xff, 0xff, 0xff, 0xff, 0xff, 0xff, 0xff, 0xff, 0xff,
0xff, 0xff, 0xff, 0xff, 0xff, 0xff, 0xff, 0xff, 0xff, 0xff, 0xff, 0xff, 0xff, 0xff, 0xff,
0xff, 0xff, 0xff, 0xff, 0xff, 0xff, 0xff, 0xff, 0xff, 0xff, 0xff, 0xff, 0xff, 0xff, 0xff,
0xff, 0xff, 0xff, 0xff, 0xff, 0xff, 0xff, 0xff, 0xff, 0xff, 0xff, 0xff, 0xff, 0xff, 0xff,
0xff, 0xff, 0xff, 0xff, 0xff, 0xff, 0xff, 0xff, 0xff, 0xff, 0xff, 0xff, 0xff, 0xff, 0xff,
0xff, 0xff, 0xff, 0xff, 0xff, 0xff, 0xff, 0xff, 0xff, 0xff, 0xff, 0xff, 0xff, 0xff, 0xff,
0xff, 0xff, 0xff, 0xff, 0xff, 0xff, 0xff, 0xff, 0xff, 0xff, 0xff, 0xff, 0xff, 0xff, 0xff,
0xff, 0xff, 0xff, 0xff, 0xff, 0xff, 0xff, 0xff, 0xff, 0xff, 0xff, 0xff, 0xff, 0xff, 0xff,
0xff, 0xff, 0xff, 0xff, 0xff, 0xff, 0xff, 0xff, 0xff, 0xff, 0xff, 0xff, 0xff, 0xff, 0xff,
0xff, 0xff, 0xff, 0xff, 0xff, 0xff, 0xff, 0xff, 0xff, 0xff, 0xff, 0xff, 0xff, 0xff, 0xff,
0xff, 0xff, 0xff, 0xff, 0xff, 0xff, 0xff, 0xff, 0xff, 0xff, 0xff, 0xff, 0xff, 0xff, 0xff,
0xff, 0xff, 0xff, 0xff, 0xff, 0xff, 0xff, 0xff, 0xff, 0xff, 0xff, 0xff, 0xff, 0xff, 0xff,
0xff, 0xff, 0xff, 0xff, 0xff, 0xff, 0xff, 0xff, 0xff, 0xff, 0xff, 0xff, 0xff, 0xff, 0xff,
0xff, 0xff, 0xff, 0xff, 0xff, 0xff, 0xff, 0xff, 0xff, 0xff, 0xff, 0xff, 0xff, 0xff, 0xff,
0xff, 0xff, 0xff, 0xff, 0xff, 0xff, 0xff, 0xff, 0xff, 0xff, 0xff, 0xff, 0xff, 0xff, 0xff,
0xe8, 0xe5, 0xac, 0xff, 0xbe, 0xb3, 0x13, 0xff, 0xc1, 0xb7, 0x1e, 0xff, 0xc1, 0xb7, 0x1e,
0xff, 0xc1, 0xb7, 0x1e, 0xff, 0xc1, 0xb7, 0x1e, 0xff, 0xbd, 0xb3, 0x10, 0xff, 0xe1, 0xdd,
0x95, 0xff, 0xff, 0xff, 0xff, 0xff, 0xfe, 0xfe, 0xfe, 0xff, 0xfe, 0xfe, 0xfe, 0xff, 0xfe,
0xfe, 0xff, 0xff, 0xff, 0xff, 0xff, 0xff, 0xd0, 0xc9, 0x56, 0xff, 0xbe, 0xb4, 0x14, 0xff,
0xc1, 0xb7, 0x1e, 0xff, 0xc1, 0xb7, 0x1e, 0xff, 0xc1, 0xb7, 0x1e, 0xff, 0xc1, 0xb7, 0x1e,
0xff, 0xc1, 0xb7, 0x1e, 0xff, 0xc1, 0xb7, 0x1e, 0xff, 0xc1, 0xb7, 0x1e, 0xff, 0xc1, 0xb7,
0x1e, 0xff, 0xc1, 0xb7, 0x1e, 0xff, 0xc5, 0xbb, 0x1c, 0x73, 0xc5, 0xba, 0x1b, 0x00, 0xc5,
0xbb, 0x1c, 0x00, 0xc5, 0xbb, 0x1c, 0x00, 0xff, 0xff, 0xff, 0x00, 0xff, 0xff, 0xff, 0x00,
0xff, 0xff, 0xff, 0x00, 0xff, 0xff, 0xff, 0x00, 0xff, 0xff, 0xff, 0x00, 0xff, 0xff, 0xff,
0x00, 0xff, 0xff, 0xff, 0x00, 0xff, 0xff, 0xff, 0x00, 0xff, 0xff, 0xff, 0x00, 0xff, 0xff,
0xff, 0x00, 0xff, 0xff, 0xff, 0x00, 0xff, 0xff, 0xff, 0x00, 0xff, 0xff, 0xff, 0x00, 0xff,
0xff, 0xff, 0x00, 0xff, 0xff, 0xff, 0x00, 0xb2, 0xab, 0x13, 0x00, 0xb2, 0xab, 0x13, 0x00,
0xb2, 0xaa, 0x12, 0x00, 0xb3, 0xab, 0x14, 0x1a, 0xc0, 0xb6, 0x1e, 0xeb, 0xc1, 0xb8, 0x1e,
0xff, 0xc1, 0xb7, 0x1e, 0xff, 0xc1, 0xb7, 0x1e, 0xff, 0xc1, 0xb7, 0x1e, 0xff, 0xc1, 0xb7,
0x1e, 0xff, 0xc1, 0xb7, 0x1e, 0xff, 0xc1, 0xb7, 0x1e, 0xff, 0xc1, 0xb7, 0x1e, 0xff, 0xc1,
0xb7, 0x1d, 0xff, 0xc0, 0xb6, 0x1a, 0xff, 0xf1, 0xef, 0xce, 0xff, 0xff, 0xff, 0xff, 0xff,
0xfe, 0xfe, 0xfe, 0xff, 0xfe, 0xfe, 0xfe, 0xff, 0xff, 0xff, 0xff, 0xff, 0xf3, 0xf2, 0xd7,
0xff, 0xc2, 0xb8, 0x20, 0xff, 0xc0, 0xb6, 0x1c, 0xff, 0xc1, 0xb7, 0x1e, 0xff, 0xc1, 0xb7,
0x1e, 0xff, 0xbd, 0xb3, 0x11, 0xff, 0xdb, 0xd5, 0x7c, 0xff, 0xff, 0xff, 0xff, 0xff, 0xff,
0xff, 0xff, 0xff, 0xff, 0xff, 0xff, 0xff, 0xff, 0xff, 0xff, 0xff, 0xff, 0xff, 0xff, 0xff,
0xff, 0xff, 0xff, 0xff, 0xff, 0xff, 0xff, 0xff, 0xff, 0xff, 0xff, 0xff, 0xff, 0xff, 0xff,
0xff, 0xff, 0xff, 0xff, 0xff, 0xff, 0xff, 0xff, 0xff, 0xff, 0xff, 0xff, 0xff, 0xff, 0xff,
0xff, 0xff, 0xff, 0xff, 0xff, 0xff, 0xff, 0xff, 0xff, 0xff, 0xff, 0xff, 0xff, 0xff, 0xff,
0xff, 0xff, 0xff, 0xff, 0xff, 0xff, 0xff, 0xff, 0xff, 0xff, 0xff, 0xff, 0xff, 0xff, 0xff,
0xff, 0xff, 0xff, 0xff, 0xff, 0xff, 0xff, 0xff, 0xff, 0xff, 0xff, 0xff, 0xff, 0xff, 0xff,
0xff, 0xff, 0xff, 0xff, 0xff, 0xff, 0xff, 0xff, 0xff, 0xff, 0xff, 0xff, 0xff, 0xff, 0xff,
0xff, 0xff, 0xff, 0xff, 0xff, 0xff, 0xff, 0xff, 0xff, 0xff, 0xff, 0xff, 0xff, 0xff, 0xff,
0xff, 0xff, 0xff, 0xff, 0xff, 0xff, 0xff, 0xff, 0xff, 0xff, 0xff, 0xff, 0xff, 0xff, 0xff,
0xff, 0xff, 0xff, 0xff, 0xff, 0xff, 0xff, 0xff, 0xff, 0xff, 0xff, 0xff, 0xff, 0xff, 0xff,
0xff, 0xff, 0xff, 0xff, 0xff, 0xff, 0xff, 0xff, 0xff, 0xff, 0xff, 0xff, 0xff, 0xff, 0xff,
0xff, 0xff, 0xff, 0xff, 0xff, 0xff, 0xff, 0xff, 0xff, 0xff, 0xff, 0xff, 0xff, 0xff, 0xff,
0xff, 0xff, 0xff, 0xff, 0xff, 0xff, 0xff, 0xff, 0xff, 0xff, 0xff, 0xff, 0xff, 0xff, 0xff,
0xff, 0xff, 0xff, 0xff, 0xff, 0xff, 0xff, 0xff, 0xff, 0xff, 0xff, 0xff, 0xff, 0xff, 0xff,
0xff, 0xff, 0xff, 0xff, 0xff, 0xff, 0xff, 0xff, 0xff, 0xff, 0xff, 0xff, 0xff, 0xff, 0xff,
0xff, 0xff, 0xef, 0xed, 0xc5, 0xff, 0xbf, 0xb5, 0x17, 0xff, 0xc1, 0xb7, 0x1d, 0xff, 0xc1,
0xb7, 0x1e, 0xff, 0xc1, 0xb7, 0x1e, 0xff, 0xc1, 0xb7, 0x1e, 0xff, 0xbf, 0xb4, 0x16, 0xff,
0xec, 0xe9, 0xbb, 0xff, 0xff, 0xff, 0xff, 0xff, 0xfe, 0xfe, 0xfe, 0xff, 0xfe, 0xfe, 0xfe,
0xff, 0xff, 0xff, 0xff, 0xff, 0xfb, 0xfb, 0xf4, 0xff, 0xc7, 0xbe, 0x35, 0xff, 0xc0, 0xb5,
0x19, 0xff, 0xc1, 0xb7, 0x1e, 0xff, 0xc1, 0xb7, 0x1e, 0xff, 0xc1, 0xb7, 0x1e, 0xff, 0xc1,
0xb7, 0x1e, 0xff, 0xc1, 0xb7, 0x1e, 0xff, 0xc1, 0xb7, 0x1e, 0xff, 0xc1, 0xb7, 0x1e, 0xff,
0xc2, 0xb8, 0x1e, 0xff, 0xbf, 0xb5, 0x1e, 0xea, 0x8a, 0x81, 0x13, 0x17, 0x85, 0x7b, 0x11,
0x00, 0x85, 0x7c, 0x12, 0x00, 0x85, 0x7c, 0x12, 0x00, 0xff, 0xff, 0xff, 0x00, 0xff, 0xff,
0xff, 0x00, 0xff, 0xff, 0xff, 0x00, 0xff, 0xff, 0xff, 0x00, 0xff, 0xff, 0xff, 0x00, 0xff,
0xff, 0xff, 0x00, 0xff, 0xff, 0xff, 0x00, 0xff, 0xff, 0xff, 0x00, 0xff, 0xff, 0xff, 0x00,
0xff, 0xff, 0xff, 0x00, 0xff, 0xff, 0xff, 0x00, 0xff, 0xff, 0xff, 0x00, 0xff, 0xff, 0xff,
0x00, 0xff, 0xff, 0xff, 0x00, 0xff, 0xff, 0xff, 0x00, 0xbb, 0xb0, 0x1c, 0x00, 0xbb, 0xb0,
0x1c, 0x00, 0xbb, 0xb0, 0x1c, 0x00, 0xbb, 0xb0, 0x1c, 0x00, 0xc0, 0xb6, 0x1e, 0x99, 0xc1,
0xb7, 0x1e, 0xff, 0xc1, 0xb7, 0x1e, 0xff, 0xc1, 0xb7, 0x1e, 0xff, 0xc1, 0xb7, 0x1e, 0xff,
0xc1, 0xb7, 0x1e, 0xff, 0xc1, 0xb7, 0x1e, 0xff, 0xc1, 0xb7, 0x1e, 0xff, 0xc1, 0xb7, 0x1e,
0xff, 0xc1, 0xb7, 0x1e, 0xff, 0xbe, 0xb3, 0x12, 0xff, 0xe7, 0xe3, 0xa8, 0xff, 0xff, 0xff,
0xff, 0xff, 0xff, 0xff, 0xff, 0xff, 0xfe, 0xfe, 0xff, 0xff, 0xff, 0xff, 0xff, 0xff, 0xf8,
0xf7, 0xe8, 0xff, 0xc3, 0xba, 0x26, 0xff, 0xc0, 0xb6, 0x1b, 0xff, 0xc1, 0xb7, 0x1e, 0xff,
0xc1, 0xb7, 0x1e, 0xff, 0xbe, 0xb3, 0x12, 0xff, 0xe6, 0xe2, 0xa4, 0xff, 0xff, 0xff, 0xff,
0xff, 0xff, 0xff, 0xff, 0xff, 0xff, 0xff, 0xff, 0xff, 0xff, 0xff, 0xff, 0xff, 0xff, 0xff,
0xff, 0xff, 0xff, 0xff, 0xff, 0xff, 0xff, 0xff, 0xff, 0xff, 0xff, 0xff, 0xff, 0xff, 0xff,
0xff, 0xff, 0xff, 0xff, 0xff, 0xff, 0xff, 0xff, 0xff, 0xff, 0xff, 0xff, 0xff, 0xff, 0xff,
0xff, 0xff, 0xff, 0xff, 0xff, 0xff, 0xff, 0xff, 0xff, 0xff, 0xff, 0xff, 0xff, 0xff, 0xff,
0xff, 0xff, 0xff, 0xff, 0xff, 0xff, 0xff, 0xff, 0xff, 0xff, 0xff, 0xff, 0xff, 0xff, 0xff,
0xff, 0xff, 0xff, 0xff, 0xff, 0xff, 0xff, 0xff, 0xff, 0xff, 0xff, 0xff, 0xff, 0xff, 0xff,
0xff, 0xff, 0xff, 0xff, 0xff, 0xff, 0xff, 0xff, 0xff, 0xff, 0xff, 0xff, 0xff, 0xff, 0xff,
0xff, 0xff, 0xff, 0xff, 0xff, 0xff, 0xff, 0xff, 0xff, 0xff, 0xff, 0xff, 0xff, 0xff, 0xff,
0xff, 0xff, 0xff, 0xff, 0xff, 0xff, 0xff, 0xff, 0xff, 0xff, 0xff, 0xff, 0xff, 0xff, 0xff,
0xff, 0xff, 0xff, 0xff, 0xff, 0xff, 0xff, 0xff, 0xff, 0xff, 0xff, 0xff, 0xff, 0xff, 0xff,
0xff, 0xff, 0xff, 0xff, 0xff, 0xff, 0xff, 0xff, 0xff, 0xff, 0xff, 0xff, 0xff, 0xff, 0xff,
0xff, 0xff, 0xff, 0xff, 0xff, 0xff, 0xff, 0xff, 0xff, 0xff, 0xff, 0xff, 0xff, 0xff, 0xff,
0xff, 0xff, 0xff, 0xff, 0xff, 0xff, 0xff, 0xff, 0xff, 0xff, 0xff, 0xff, 0xff, 0xff, 0xff,
0xff, 0xff, 0xff, 0xff, 0xff, 0xff, 0xff, 0xff, 0xff, 0xff, 0xff, 0xff, 0xff, 0xff, 0xff,
0xff, 0xff, 0xff, 0xff, 0xff, 0xff, 0xff, 0xff, 0xff, 0xff, 0xff, 0xff, 0xff, 0xff, 0xff,
0xff, 0xff, 0xff, 0xff, 0xf8, 0xf6, 0xe5, 0xff, 0xc4, 0xba, 0x28, 0xff, 0xc0, 0xb6, 0x1b,
0xff, 0xc1, 0xb7, 0x1e, 0xff, 0xc1, 0xb7, 0x1e, 0xff, 0xc1, 0xb7, 0x1d, 0xff, 0xc0, 0xb6,
0x1b, 0xff, 0xf1, 0xef, 0xce, 0xff, 0xff, 0xff, 0xff, 0xff, 0xfe, 0xfe, 0xff, 0xff, 0xfe,
0xfe, 0xff, 0xff, 0xff, 0xff, 0xff, 0xff, 0xf0, 0xee, 0xcc, 0xff, 0xc0, 0xb6, 0x1a, 0xff,
0xc1, 0xb7, 0x1d, 0xff, 0xc1, 0xb7, 0x1e, 0xff, 0xc1, 0xb7, 0x1e, 0xff, 0xc1, 0xb7, 0x1e,
0xff, 0xc1, 0xb7, 0x1e, 0xff, 0xc1, 0xb7, 0x1e, 0xff, 0xc1, 0xb7, 0x1e, 0xff, 0xc1, 0xb7,
0x1e, 0xff, 0xc5, 0xbb, 0x1f, 0xff, 0xaa, 0xa0, 0x1a, 0xa0, 0x72, 0x6b, 0x12, 0x00, 0x72,
0x6b, 0x12, 0x00, 0x72, 0x6b, 0x13, 0x00, 0x72, 0x6b, 0x13, 0x00, 0xff, 0xff, 0xff, 0x00,
0xff, 0xff, 0xff, 0x00, 0xff, 0xff, 0xff, 0x00, 0xff, 0xff, 0xff, 0x00, 0xff, 0xff, 0xff,
0x00, 0xff, 0xff, 0xff, 0x00, 0xff, 0xff, 0xff, 0x00, 0xff, 0xff, 0xff, 0x00, 0xff, 0xff,
0xff, 0x00, 0xff, 0xff, 0xff, 0x00, 0xff, 0xff, 0xff, 0x00, 0xff, 0xff, 0xff, 0x00, 0xff,
0xff, 0xff, 0x00, 0xff, 0xff, 0xff, 0x00, 0xff, 0xff, 0xff, 0x00, 0xb6, 0xac, 0x08, 0x00,
0xb6, 0xac, 0x08, 0x00, 0xb6, 0xac, 0x08, 0x00, 0xb5, 0xac, 0x07, 0x00, 0xb8, 0xae, 0x0c,
0x31, 0xc1, 0xb7, 0x1e, 0xf9, 0xc1, 0xb7, 0x1e, 0xff, 0xc1, 0xb7, 0x1e, 0xff, 0xc1, 0xb7,
0x1e, 0xff, 0xc1, 0xb7, 0x1e, 0xff, 0xc1, 0xb7, 0x1e, 0xff, 0xc1, 0xb7, 0x1e, 0xff, 0xc1,
0xb7, 0x1e, 0xff, 0xc1, 0xb7, 0x1e, 0xff, 0xc0, 0xb6, 0x1b, 0xff, 0xc5, 0xbb, 0x2b, 0xff,
0xec, 0xe8, 0xba, 0xff, 0xfe, 0xfe, 0xfd, 0xff, 0xff, 0xff, 0xff, 0xff, 0xfa, 0xf9, 0xec,
0xff, 0xd5, 0xce, 0x66, 0xff, 0xbf, 0xb5, 0x17, 0xff, 0xc1, 0xb7, 0x1e, 0xff, 0xc1, 0xb7,
0x1e, 0xff, 0xc1, 0xb7, 0x1e, 0xff, 0xbe, 0xb4, 0x14, 0xff, 0xec, 0xe9, 0xbb, 0xff, 0xff,
0xff, 0xff, 0xff, 0xff, 0xff, 0xff, 0xff, 0xff, 0xff, 0xff, 0xff, 0xff, 0xff, 0xff, 0xff,
0xff, 0xff, 0xff, 0xff, 0xff, 0xff, 0xff, 0xff, 0xff, 0xff, 0xff, 0xff, 0xff, 0xff, 0xff,
0xff, 0xff, 0xff, 0xff, 0xff, 0xff, 0xff, 0xff, 0xff, 0xff, 0xff, 0xff, 0xff, 0xff, 0xff,
0xff, 0xff, 0xff, 0xff, 0xff, 0xff, 0xff, 0xff, 0xff, 0xff, 0xff, 0xff, 0xff, 0xff, 0xff,
0xff, 0xff, 0xff, 0xff, 0xff, 0xff, 0xff, 0xff, 0xff, 0xff, 0xff, 0xff, 0xff, 0xff, 0xff,
0xff, 0xff, 0xff, 0xff, 0xff, 0xff, 0xff, 0xff, 0xff, 0xff, 0xff, 0xff, 0xff, 0xff, 0xff,
0xff, 0xff, 0xff, 0xff, 0xff, 0xff, 0xff, 0xff, 0xff, 0xff, 0xff, 0xff, 0xff, 0xff, 0xff,
0xff, 0xff, 0xff, 0xff, 0xff, 0xff, 0xff, 0xff, 0xff, 0xff, 0xff, 0xff, 0xff, 0xff, 0xff,
0xff, 0xff, 0xff, 0xff, 0xff, 0xff, 0xff, 0xff, 0xff, 0xff, 0xff, 0xff, 0xff, 0xff, 0xff,
0xff, 0xff, 0xff, 0xff, 0xff, 0xff, 0xff, 0xff, 0xff, 0xff, 0xff, 0xff, 0xff, 0xff, 0xff,
0xff, 0xff, 0xff, 0xff, 0xff, 0xff, 0xff, 0xff, 0xff, 0xff, 0xff, 0xff, 0xff, 0xff, 0xff,
0xff, 0xff, 0xff, 0xff, 0xff, 0xff, 0xff, 0xff, 0xff, 0xff, 0xff, 0xff, 0xff, 0xff, 0xff,
0xff, 0xff, 0xff, 0xff, 0xff, 0xff, 0xff, 0xff, 0xff, 0xff, 0xff, 0xff, 0xff, 0xff, 0xff,
0xff, 0xff, 0xff, 0xff, 0xff, 0xff, 0xff, 0xff, 0xff, 0xff, 0xff, 0xff, 0xff, 0xff, 0xff,
0xff, 0xff, 0xff, 0xff, 0xff, 0xff, 0xff, 0xff, 0xff, 0xff, 0xff, 0xff, 0xff, 0xff, 0xff,
0xff, 0xff, 0xff, 0xff, 0xff, 0xff, 0xfd, 0xfd, 0xf9, 0xff, 0xca, 0xc1, 0x3d, 0xff, 0xbf,
0xb5, 0x17, 0xff, 0xc1, 0xb7, 0x1e, 0xff, 0xc1, 0xb7, 0x1e, 0xff, 0xc1, 0xb7, 0x1e, 0xff,
0xbf, 0xb5, 0x18, 0xff, 0xcb, 0xc3, 0x44, 0xff, 0xf5, 0xf3, 0xdb, 0xff, 0xff, 0xff, 0xff,
0xff, 0xff, 0xff, 0xff, 0xff, 0xf2, 0xf0, 0xd2, 0xff, 0xca, 0xc2, 0x40, 0xff, 0xbf, 0xb5,
0x18, 0xff, 0xc1, 0xb7, 0x1e, 0xff, 0xc1, 0xb7, 0x1e, 0xff, 0xc1, 0xb7, 0x1e, 0xff, 0xc1,
0xb7, 0x1e, 0xff, 0xc1, 0xb7, 0x1e, 0xff, 0xc1, 0xb7, 0x1e, 0xff, 0xc1, 0xb7, 0x1e, 0xff,
0xc1, 0xb7, 0x1e, 0xff, 0xc1, 0xb7, 0x1e, 0xfe, 0xa7, 0x9e, 0x1a, 0x41, 0x9c, 0x93, 0x19,
0x00, 0x9d, 0x94, 0x19, 0x00, 0x9d, 0x94, 0x19, 0x00, 0x9d, 0x94, 0x19, 0x00, 0xff, 0xff,
0xff, 0x00, 0xff, 0xff, 0xff, 0x00, 0xff, 0xff, 0xff, 0x00, 0xff, 0xff, 0xff, 0x00, 0xff,
0xff, 0xff, 0x00, 0xff, 0xff, 0xff, 0x00, 0xff, 0xff, 0xff, 0x00, 0xff, 0xff, 0xff, 0x00,
0xff, 0xff, 0xff, 0x00, 0xff, 0xff, 0xff, 0x00, 0xff, 0xff, 0xff, 0x00, 0xff, 0xff, 0xff,
0x00, 0xff, 0xff, 0xff, 0x00, 0xff, 0xff, 0xff, 0x00, 0xff, 0xff, 0xff, 0x00, 0xb8, 0xab,
0x14, 0x00, 0xb8, 0xab, 0x14, 0x00, 0xb8, 0xab, 0x14, 0x00, 0xb8, 0xab, 0x14, 0x00, 0xb8,
0xab, 0x15, 0x00, 0xbf, 0xb4, 0x1d, 0xad, 0xc1, 0xb7, 0x1e, 0xff, 0xc1, 0xb7, 0x1e, 0xff,
0xc1, 0xb7, 0x1e, 0xff, 0xc1, 0xb7, 0x1e, 0xff, 0xc1, 0xb7, 0x1e, 0xff, 0xc1, 0xb7, 0x1e,
0xff, 0xc1, 0xb7, 0x1e, 0xff, 0xc1, 0xb7, 0x1e, 0xff, 0xc1, 0xb7, 0x1f, 0xff, 0xc0, 0xb5,
0x18, 0xff, 0xc1, 0xb7, 0x1e, 0xff, 0xcc, 0xc4, 0x46, 0xff, 0xd0, 0xc8, 0x54, 0xff, 0xc8,
0xbf, 0x35, 0xff, 0xbe, 0xb4, 0x14, 0xff, 0xc1, 0xb7, 0x1e, 0xff, 0xc1, 0xb7, 0x1e, 0xff,
0xc1, 0xb7, 0x1e, 0xff, 0xc1, 0xb6, 0x1c, 0xff, 0xc1, 0xb7, 0x1e, 0xff, 0xf3, 0xf1, 0xd4,
0xff, 0xff, 0xff, 0xff, 0xff, 0xff, 0xff, 0xff, 0xff, 0xff, 0xff, 0xff, 0xff, 0xff, 0xff,
0xff, 0xff, 0xff, 0xff, 0xff, 0xff, 0xff, 0xff, 0xff, 0xff, 0xff, 0xff, 0xff, 0xff, 0xff,
0xff, 0xff, 0xff, 0xff, 0xff, 0xff, 0xff, 0xff, 0xff, 0xff, 0xff, 0xff, 0xff, 0xff, 0xff,
0xff, 0xff, 0xff, 0xff, 0xff, 0xff, 0xff, 0xff, 0xff, 0xff, 0xff, 0xff, 0xff, 0xff, 0xff,
0xff, 0xff, 0xff, 0xff, 0xff, 0xff, 0xff, 0xff, 0xff, 0xff, 0xff, 0xff, 0xff, 0xff, 0xff,
0xff, 0xff, 0xff, 0xff, 0xff, 0xff, 0xff, 0xff, 0xff, 0xff, 0xff, 0xff, 0xff, 0xff, 0xff,
0xff, 0xff, 0xff, 0xff, 0xff, 0xff, 0xff, 0xff, 0xff, 0xff, 0xff, 0xff, 0xff, 0xff, 0xff,
0xff, 0xff, 0xff, 0xff, 0xff, 0xff, 0xff, 0xff, 0xff, 0xff, 0xff, 0xff, 0xff, 0xff, 0xff,
0xff, 0xff, 0xff, 0xff, 0xff, 0xff, 0xff, 0xff, 0xff, 0xff, 0xff, 0xff, 0xff, 0xff, 0xff,
0xff, 0xff, 0xff, 0xff, 0xff, 0xff, 0xff, 0xff, 0xff, 0xff, 0xff, 0xff, 0xff, 0xff, 0xff,
0xff, 0xff, 0xff, 0xff, 0xff, 0xff, 0xff, 0xff, 0xff, 0xff, 0xff, 0xff, 0xff, 0xff, 0xff,
0xff, 0xff, 0xff, 0xff, 0xff, 0xff, 0xff, 0xff, 0xff, 0xff, 0xff, 0xff, 0xff, 0xff, 0xff,
0xff, 0xff, 0xff, 0xff, 0xff, 0xff, 0xff, 0xff, 0xff, 0xff, 0xff, 0xff, 0xff, 0xff, 0xff,
0xff, 0xff, 0xff, 0xff, 0xff, 0xff, 0xff, 0xff, 0xff, 0xff, 0xff, 0xff, 0xff, 0xff, 0xff,
0xff, 0xff, 0xff, 0xff, 0xff, 0xff, 0xff, 0xff, 0xff, 0xff, 0xff, 0xff, 0xff, 0xff, 0xff,
0xff, 0xff, 0xff, 0xff, 0xff, 0xff, 0xff, 0xff, 0xff, 0xff, 0xff, 0xff, 0xd0, 0xc8, 0x52,
0xff, 0xbe, 0xb4, 0x15, 0xff, 0xc1, 0xb7, 0x1e, 0xff, 0xc1, 0xb7, 0x1e, 0xff, 0xc1, 0xb7,
0x1e, 0xff, 0xc1, 0xb7, 0x1f, 0xff, 0xbf, 0xb4, 0x15, 0xff, 0xc5, 0xbb, 0x2c, 0xff, 0xcf,
0xc8, 0x52, 0xff, 0xce, 0xc6, 0x4d, 0xff, 0xc3, 0xb9, 0x25, 0xff, 0xbf, 0xb4, 0x16, 0xff,
0xc1, 0xb7, 0x1f, 0xff, 0xc1, 0xb7, 0x1e, 0xff, 0xc1, 0xb7, 0x1e, 0xff, 0xc1, 0xb7, 0x1e,
0xff, 0xc1, 0xb7, 0x1e, 0xff, 0xc1, 0xb7, 0x1e, 0xff, 0xc1, 0xb7, 0x1e, 0xff, 0xc1, 0xb7,
0x1e, 0xff, 0xc2, 0xb8, 0x1e, 0xff, 0xbb, 0xb3, 0x1d, 0xbe, 0x97, 0x93, 0x17, 0x00, 0x96,
0x92, 0x16, 0x00, 0x96, 0x92, 0x17, 0x00, 0x96, 0x92, 0x17, 0x00, 0x96, 0x92, 0x17, 0x00,
0xff, 0xff, 0xff, 0x00, 0xff, 0xff, 0xff, 0x00, 0xff, 0xff, 0xff, 0x00, 0xff, 0xff, 0xff,
0x00, 0xff, 0xff, 0xff, 0x00, 0xff, 0xff, 0xff, 0x00, 0xff, 0xff, 0xff, 0x00, 0xff, 0xff,
0xff, 0x00, 0xff, 0xff, 0xff, 0x00, 0xff, 0xff, 0xff, 0x00, 0xff, 0xff, 0xff, 0x00, 0xff,
0xff, 0xff, 0x00, 0xff, 0xff, 0xff, 0x00, 0xff, 0xff, 0xff, 0x00, 0xff, 0xff, 0xff, 0x00,
0xbe, 0xb2, 0x1a, 0x00, 0xbe, 0xb2, 0x1a, 0x00, 0xbe, 0xb2, 0x1a, 0x00, 0xbe, 0xb2, 0x1a,
0x00, 0xbe, 0xb1, 0x1a, 0x00, 0xbe, 0xb3, 0x1a, 0x3f, 0xc1, 0xb7, 0x1e, 0xff, 0xc1, 0xb7,
0x1e, 0xff, 0xc1, 0xb7, 0x1e, 0xff, 0xc1, 0xb7, 0x1e, 0xff, 0xc1, 0xb7, 0x1e, 0xff, 0xc1,
0xb7, 0x1e, 0xff, 0xc1, 0xb7, 0x1e, 0xff, 0xc1, 0xb7, 0x1e, 0xff, 0xc1, 0xb7, 0x1e, 0xff,
0xc1, 0xb7, 0x1e, 0xff, 0xc1, 0xb6, 0x1c, 0xff, 0xbf, 0xb4, 0x16, 0xff, 0xbe, 0xb4, 0x14,
0xff, 0xc0, 0xb5, 0x19, 0xff, 0xc1, 0xb7, 0x1e, 0xff, 0xc1, 0xb7, 0x1e, 0xff, 0xc1, 0xb7,
0x1e, 0xff, 0xc1, 0xb7, 0x1e, 0xff, 0xc0, 0xb6, 0x1a, 0xff, 0xc5, 0xbc, 0x2c, 0xff, 0xfa,
0xf9, 0xec, 0xff, 0xff, 0xff, 0xff, 0xff, 0xff, 0xff, 0xff, 0xff, 0xff, 0xff, 0xff, 0xff,
0xff, 0xff, 0xff, 0xff, 0xff, 0xff, 0xff, 0xff, 0xff, 0xff, 0xff, 0xff, 0xff, 0xff, 0xff,
0xff, 0xff, 0xff, 0xff, 0xff, 0xff, 0xff, 0xff, 0xff, 0xff, 0xff, 0xff, 0xff, 0xff, 0xff,
0xff, 0xff, 0xff, 0xff, 0xff, 0xff, 0xff, 0xff, 0xff, 0xff, 0xff, 0xff, 0xff, 0xff, 0xff,
0xff, 0xff, 0xff, 0xff, 0xff, 0xff, 0xff, 0xff, 0xff, 0xff, 0xff, 0xff, 0xff, 0xff, 0xff,
0xff, 0xff, 0xff, 0xff, 0xff, 0xff, 0xff, 0xff, 0xff, 0xff, 0xff, 0xff, 0xff, 0xff, 0xff,
0xff, 0xff, 0xff, 0xff, 0xff, 0xff, 0xff, 0xff, 0xff, 0xff, 0xff, 0xff, 0xff, 0xff, 0xff,
0xff, 0xff, 0xff, 0xff, 0xff, 0xff, 0xff, 0xff, 0xff, 0xff, 0xff, 0xff, 0xff, 0xff, 0xff,
0xff, 0xff, 0xff, 0xff, 0xff, 0xff, 0xff, 0xff, 0xff, 0xff, 0xff, 0xff, 0xff, 0xff, 0xff,
0xff, 0xff, 0xff, 0xff, 0xff, 0xff, 0xff, 0xff, 0xff, 0xff, 0xff, 0xff, 0xff, 0xff, 0xff,
0xff, 0xff, 0xff, 0xff, 0xff, 0xff, 0xff, 0xff, 0xff, 0xff, 0xff, 0xff, 0xff, 0xff, 0xff,
0xff, 0xff, 0xff, 0xff, 0xff, 0xff, 0xff, 0xff, 0xff, 0xff, 0xff, 0xff, 0xff, 0xff, 0xff,
0xff, 0xff, 0xff, 0xff, 0xff, 0xff, 0xff, 0xff, 0xff, 0xff, 0xff, 0xff, 0xff, 0xff, 0xff,
0xff, 0xff, 0xff, 0xff, 0xff, 0xff, 0xff, 0xff, 0xff, 0xff, 0xff, 0xff, 0xff, 0xff, 0xff,
0xff, 0xff, 0xff, 0xff, 0xff, 0xff, 0xff, 0xff, 0xff, 0xff, 0xff, 0xff, 0xff, 0xff, 0xff,
0xff, 0xff, 0xff, 0xff, 0xff, 0xff, 0xff, 0xff, 0xff, 0xff, 0xff, 0xff, 0xff, 0xff, 0xd4,
0xce, 0x63, 0xff, 0xbe, 0xb3, 0x13, 0xff, 0xc1, 0xb7, 0x1e, 0xff, 0xc1, 0xb7, 0x1e, 0xff,
0xc1, 0xb7, 0x1e, 0xff, 0xc1, 0xb7, 0x1e, 0xff, 0xc1, 0xb7, 0x1e, 0xff, 0xc0, 0xb6, 0x1a,
0xff, 0xbe, 0xb4, 0x14, 0xff, 0xbf, 0xb4, 0x15, 0xff, 0xc0, 0xb6, 0x1b, 0xff, 0xc1, 0xb7,
0x1e, 0xff, 0xc1, 0xb7, 0x1e, 0xff, 0xc1, 0xb7, 0x1e, 0xff, 0xc1, 0xb7, 0x1e, 0xff, 0xc1,
0xb7, 0x1e, 0xff, 0xc1, 0xb7, 0x1e, 0xff, 0xc1, 0xb7, 0x1e, 0xff, 0xc1, 0xb7, 0x1e, 0xff,
0xc1, 0xb7, 0x1e, 0xff, 0xc1, 0xb7, 0x1f, 0xff, 0xc0, 0xb3, 0x1d, 0x58, 0xc2, 0xb5, 0x1c,
0x00, 0xc2, 0xb5, 0x1c, 0x00, 0xc2, 0xb5, 0x1c, 0x00, 0xc2, 0xb5, 0x1c, 0x00, 0xc2, 0xb5,
0x1c, 0x00, 0xff, 0xff, 0xff, 0x00, 0xff, 0xff, 0xff, 0x00, 0xff, 0xff, 0xff, 0x00, 0xff,
0xff, 0xff, 0x00, 0xff, 0xff, 0xff, 0x00, 0xff, 0xff, 0xff, 0x00, 0xff, 0xff, 0xff, 0x00,
0xff, 0xff, 0xff, 0x00, 0xff, 0xff, 0xff, 0x00, 0xff, 0xff, 0xff, 0x00, 0xff, 0xff, 0xff,
0x00, 0xff, 0xff, 0xff, 0x00, 0xff, 0xff, 0xff, 0x00, 0xff, 0xff, 0xff, 0x00, 0xff, 0xff,
0xff, 0x00, 0xbe, 0xb1, 0x1a, 0x00, 0xbe, 0xb1, 0x1a, 0x00, 0xbe, 0xb1, 0x1a, 0x00, 0xbe,
0xb1, 0x1a, 0x00, 0xbe, 0xb1, 0x1a, 0x00, 0xbe, 0xb1, 0x1a, 0x00, 0xc1, 0xb5, 0x1d, 0xa6,
0xc1, 0xb7, 0x1e, 0xff, 0xc1, 0xb7, 0x1e, 0xff, 0xc1, 0xb7, 0x1e, 0xff, 0xc1, 0xb7, 0x1e,
0xff, 0xc1, 0xb7, 0x1e, 0xff, 0xc1, 0xb7, 0x1e, 0xff, 0xc1, 0xb7, 0x1e, 0xff, 0xc1, 0xb7,
0x1e, 0xff, 0xc1, 0xb7, 0x1e, 0xff, 0xc1, 0xb7, 0x1e, 0xff, 0xc1, 0xb7, 0x1e, 0xff, 0xc1,
0xb7, 0x1e, 0xff, 0xc1, 0xb7, 0x1e, 0xff, 0xc1, 0xb7, 0x1e, 0xff, 0xc1, 0xb7, 0x1e, 0xff,
0xc1, 0xb7, 0x1e, 0xff, 0xc1, 0xb7, 0x1e, 0xff, 0xbf, 0xb5, 0x18, 0xff, 0xc9, 0xc0, 0x39,
0xff, 0xfd, 0xfc, 0xf6, 0xff, 0xff, 0xff, 0xff, 0xff, 0xff, 0xff, 0xff, 0xff, 0xff, 0xff,
0xff, 0xff, 0xff, 0xff, 0xff, 0xff, 0xff, 0xff, 0xff, 0xff, 0xff, 0xff, 0xff, 0xff, 0xff,
0xff, 0xff, 0xff, 0xff, 0xff, 0xff, 0xff, 0xff, 0xff, 0xff, 0xff, 0xff, 0xff, 0xff, 0xff,
0xff, 0xff, 0xff, 0xff, 0xff, 0xff, 0xff, 0xff, 0xff, 0xff, 0xff, 0xff, 0xff, 0xff, 0xff,
0xff, 0xff, 0xff, 0xff, 0xff, 0xff, 0xff, 0xff, 0xff, 0xff, 0xff, 0xff, 0xff, 0xff, 0xff,
0xff, 0xff, 0xff, 0xff, 0xff, 0xff, 0xff, 0xff, 0xff, 0xff, 0xff, 0xff, 0xff, 0xff, 0xff,
0xff, 0xff, 0xff, 0xff, 0xff, 0xff, 0xff, 0xff, 0xff, 0xff, 0xff, 0xff, 0xff, 0xff, 0xff,
0xff, 0xff, 0xff, 0xff, 0xff, 0xff, 0xff, 0xff, 0xff, 0xff, 0xff, 0xff, 0xff, 0xff, 0xff,
0xff, 0xff, 0xff, 0xff, 0xff, 0xff, 0xff, 0xff, 0xff, 0xff, 0xff, 0xff, 0xff, 0xff, 0xff,
0xff, 0xff, 0xff, 0xff, 0xff, 0xff, 0xff, 0xff, 0xff, 0xff, 0xff, 0xff, 0xff, 0xff, 0xff,
0xff, 0xff, 0xff, 0xff, 0xff, 0xff, 0xff, 0xff, 0xff, 0xff, 0xff, 0xff, 0xff, 0xff, 0xff,
0xff, 0xff, 0xff, 0xff, 0xff, 0xff, 0xff, 0xff, 0xff, 0xff, 0xff, 0xff, 0xff, 0xff, 0xff,
0xff, 0xff, 0xff, 0xff, 0xff, 0xff, 0xff, 0xff, 0xff, 0xff, 0xff, 0xff, 0xff, 0xff, 0xff,
0xff, 0xff, 0xff, 0xff, 0xff, 0xff, 0xff, 0xff, 0xff, 0xff, 0xff, 0xff, 0xff, 0xff, 0xff,
0xff, 0xff, 0xff, 0xff, 0xff, 0xff, 0xff, 0xff, 0xff, 0xff, 0xff, 0xff, 0xff, 0xff, 0xff,
0xff, 0xff, 0xff, 0xff, 0xff, 0xff, 0xff, 0xff, 0xff, 0xff, 0xff, 0xff, 0xff, 0xff, 0xff,
0xff, 0xd7, 0xd1, 0x6e, 0xff, 0xbe, 0xb3, 0x12, 0xff, 0xc1, 0xb7, 0x1e, 0xff, 0xc1, 0xb7,
0x1e, 0xff, 0xc1, 0xb7, 0x1e, 0xff, 0xc1, 0xb7, 0x1e, 0xff, 0xc1, 0xb7, 0x1e, 0xff, 0xc1,
0xb7, 0x1e, 0xff, 0xc1, 0xb7, 0x1e, 0xff, 0xc1, 0xb7, 0x1e, 0xff, 0xc1, 0xb7, 0x1e, 0xff,
0xc1, 0xb7, 0x1e, 0xff, 0xc1, 0xb7, 0x1e, 0xff, 0xc1, 0xb7, 0x1e, 0xff, 0xc1, 0xb7, 0x1e,
0xff, 0xc1, 0xb7, 0x1e, 0xff, 0xc1, 0xb7, 0x1e, 0xff, 0xc1, 0xb7, 0x1e, 0xff, 0xc1, 0xb7,
0x1e, 0xff, 0xc1, 0xb7, 0x1e, 0xff, 0xc1, 0xb7, 0x1d, 0xbf, 0xbe, 0xb4, 0x1b, 0x04, 0xbf,
0xb4, 0x1b, 0x00, 0xbf, 0xb4, 0x1b, 0x00, 0xbf, 0xb4, 0x1b, 0x00, 0xbf, 0xb4, 0x1b, 0x00,
0xbf, 0xb4, 0x1b, 0x00, 0xff, 0xff, 0xff, 0x00, 0xff, 0xff, 0xff, 0x00, 0xff, 0xff, 0xff,
0x00, 0xff, 0xff, 0xff, 0x00, 0xff, 0xff, 0xff, 0x00, 0xff, 0xff, 0xff, 0x00, 0xff, 0xff,
0xff, 0x00, 0xff, 0xff, 0xff, 0x00, 0xff, 0xff, 0xff, 0x00, 0xff, 0xff, 0xff, 0x00, 0xff,
0xff, 0xff, 0x00, 0xff, 0xff, 0xff, 0x00, 0xff, 0xff, 0xff, 0x00, 0xff, 0xff, 0xff, 0x00,
0xff, 0xff, 0xff, 0x00, 0xb9, 0xb4, 0x19, 0x00, 0xb9, 0xb4, 0x19, 0x00, 0xb9, 0xb4, 0x19,
0x00, 0xb9, 0xb4, 0x19, 0x00, 0xb9, 0xb4, 0x19, 0x00, 0xb9, 0xb4, 0x19, 0x00, 0xba, 0xb6,
0x1a, 0x36, 0xc1, 0xb9, 0x1f, 0xfd, 0xc1, 0xb7, 0x1e, 0xff, 0xc1, 0xb7, 0x1e, 0xff, 0xc1,
0xb7, 0x1e, 0xff, 0xc1, 0xb7, 0x1e, 0xff, 0xc1, 0xb7, 0x1e, 0xff, 0xc1, 0xb7, 0x1e, 0xff,
0xc1, 0xb7, 0x1e, 0xff, 0xc1, 0xb7, 0x1e, 0xff, 0xc1, 0xb7, 0x1e, 0xff, 0xc1, 0xb7, 0x1e,
0xff, 0xc1, 0xb7, 0x1e, 0xff, 0xc1, 0xb7, 0x1e, 0xff, 0xc1, 0xb7, 0x1e, 0xff, 0xc1, 0xb7,
0x1e, 0xff, 0xc1, 0xb7, 0x1e, 0xff, 0xc1, 0xb7, 0x1e, 0xff, 0xbf, 0xb5, 0x17, 0xff, 0xca,
0xc1, 0x3f, 0xff, 0xfd, 0xfd, 0xf9, 0xff, 0xff, 0xff, 0xff, 0xff, 0xff, 0xff, 0xff, 0xff,
0xff, 0xff, 0xff, 0xff, 0xff, 0xff, 0xff, 0xff, 0xff, 0xff, 0xff, 0xff, 0xff, 0xff, 0xff,
0xff, 0xff, 0xff, 0xff, 0xff, 0xff, 0xff, 0xff, 0xff, 0xff, 0xff, 0xff, 0xff, 0xff, 0xff,
0xff, 0xff, 0xff, 0xff, 0xff, 0xff, 0xff, 0xff, 0xff, 0xff, 0xff, 0xff, 0xff, 0xff, 0xff,
0xff, 0xff, 0xff, 0xff, 0xff, 0xff, 0xff, 0xff, 0xff, 0xff, 0xff, 0xff, 0xff, 0xff, 0xff,
0xff, 0xff, 0xff, 0xff, 0xff, 0xff, 0xff, 0xff, 0xff, 0xff, 0xff, 0xff, 0xff, 0xff, 0xff,
0xff, 0xff, 0xff, 0xff, 0xff, 0xff, 0xff, 0xff, 0xff, 0xff, 0xff, 0xff, 0xff, 0xff, 0xff,
0xff, 0xff, 0xff, 0xff, 0xff, 0xff, 0xff, 0xff, 0xff, 0xff, 0xff, 0xff, 0xff, 0xff, 0xff,
0xff, 0xff, 0xff, 0xff, 0xff, 0xff, 0xff, 0xff, 0xff, 0xff, 0xff, 0xff, 0xff, 0xff, 0xff,
0xff, 0xff, 0xff, 0xff, 0xff, 0xff, 0xff, 0xff, 0xff, 0xff, 0xff, 0xff, 0xff, 0xff, 0xff,
0xff, 0xff, 0xff, 0xff, 0xff, 0xff, 0xff, 0xff, 0xff, 0xff, 0xff, 0xff, 0xff, 0xff, 0xff,
0xff, 0xff, 0xff, 0xff, 0xff, 0xff, 0xff, 0xff, 0xff, 0xff, 0xff, 0xff, 0xff, 0xff, 0xff,
0xff, 0xff, 0xff, 0xff, 0xff, 0xff, 0xff, 0xff, 0xff, 0xff, 0xff, 0xff, 0xff, 0xff, 0xff,
0xff, 0xff, 0xff, 0xff, 0xff, 0xff, 0xff, 0xff, 0xff, 0xff, 0xff, 0xff, 0xff, 0xff, 0xff,
0xff, 0xff, 0xff, 0xff, 0xff, 0xff, 0xff, 0xff, 0xff, 0xff, 0xff, 0xff, 0xff, 0xff, 0xff,
0xff, 0xff, 0xff, 0xff, 0xff, 0xff, 0xff, 0xff, 0xff, 0xff, 0xff, 0xff, 0xff, 0xff, 0xff,
0xff, 0xff, 0xff, 0xd8, 0xd1, 0x70, 0xff, 0xbe, 0xb3, 0x12, 0xff, 0xc1, 0xb7, 0x1e, 0xff,
0xc1, 0xb7, 0x1e, 0xff, 0xc1, 0xb7, 0x1e, 0xff, 0xc1, 0xb7, 0x1e, 0xff, 0xc1, 0xb7, 0x1e,
0xff, 0xc1, 0xb7, 0x1e, 0xff, 0xc1, 0xb7, 0x1e, 0xff, 0xc1, 0xb7, 0x1e, 0xff, 0xc1, 0xb7,
0x1e, 0xff, 0xc1, 0xb7, 0x1e, 0xff, 0xc1, 0xb7, 0x1e, 0xff, 0xc1, 0xb7, 0x1e, 0xff, 0xc1,
0xb7, 0x1e, 0xff, 0xc1, 0xb7, 0x1e, 0xff, 0xc1, 0xb7, 0x1e, 0xff, 0xc1, 0xb7, 0x1e, 0xff,
0xc1, 0xb7, 0x1e, 0xff, 0xc2, 0xb9, 0x1e, 0xff, 0xc2, 0xbc, 0x17, 0x48, 0xbf, 0xbb, 0x14,
0x00, 0xbf, 0xbb, 0x14, 0x00, 0xbf, 0xbb, 0x14, 0x00, 0xbf, 0xbb, 0x14, 0x00, 0xbf, 0xbb,
0x14, 0x00, 0xbf, 0xbb, 0x14, 0x00, 0xff, 0xff, 0xff, 0x00, 0xff, 0xff, 0xff, 0x00, 0xff,
0xff, 0xff, 0x00, 0xff, 0xff, 0xff, 0x00, 0xff, 0xff, 0xff, 0x00, 0xff, 0xff, 0xff, 0x00,
0xff, 0xff, 0xff, 0x00, 0xff, 0xff, 0xff, 0x00, 0xff, 0xff, 0xff, 0x00, 0xff, 0xff, 0xff,
0x00, 0xff, 0xff, 0xff, 0x00, 0xff, 0xff, 0xff, 0x00, 0xff, 0xff, 0xff, 0x00, 0xff, 0xff,
0xff, 0x00, 0xff, 0xff, 0xff, 0x00, 0xbc, 0x95, 0x09, 0x00, 0xbc, 0x95, 0x09, 0x00, 0xbc,
0x95, 0x09, 0x00, 0xbc, 0x95, 0x09, 0x00, 0xbc, 0x95, 0x09, 0x00, 0xbc, 0x95, 0x09, 0x00,
0xbc, 0x92, 0x09, 0x00, 0xc0, 0xa7, 0x16, 0x9d, 0xc1, 0xb9, 0x1f, 0xff, 0xc1, 0xb7, 0x1e,
0xff, 0xc1, 0xb7, 0x1e, 0xff, 0xc1, 0xb7, 0x1e, 0xff, 0xc1, 0xb7, 0x1e, 0xff, 0xc1, 0xb7,
0x1e, 0xff, 0xc1, 0xb7, 0x1e, 0xff, 0xc1, 0xb7, 0x1e, 0xff, 0xc1, 0xb7, 0x1e, 0xff, 0xc1,
0xb7, 0x1e, 0xff, 0xc1, 0xb7, 0x1e, 0xff, 0xc1, 0xb7, 0x1e, 0xff, 0xc1, 0xb7, 0x1e, 0xff,
0xc1, 0xb7, 0x1e, 0xff, 0xc1, 0xb7, 0x1e, 0xff, 0xc1, 0xb7, 0x1e, 0xff, 0xbf, 0xb5, 0x18,
0xff, 0xc8, 0xbf, 0x37, 0xff, 0xfc, 0xfc, 0xf5, 0xff, 0xff, 0xff, 0xff, 0xff, 0xff, 0xff,
0xff, 0xff, 0xff, 0xff, 0xff, 0xff, 0xff, 0xff, 0xff, 0xff, 0xff, 0xff, 0xff, 0xff, 0xff,
0xff, 0xff, 0xff, 0xff, 0xff, 0xff, 0xff, 0xff, 0xff, 0xff, 0xff, 0xff, 0xff, 0xff, 0xff,
0xff, 0xff, 0xff, 0xff, 0xff, 0xff, 0xff, 0xff, 0xff, 0xff, 0xff, 0xff, 0xff, 0xff, 0xff,
0xff, 0xff, 0xff, 0xff, 0xff, 0xff, 0xff, 0xff, 0xff, 0xff, 0xff, 0xff, 0xff, 0xff, 0xff,
0xff, 0xff, 0xff, 0xff, 0xff, 0xff, 0xff, 0xff, 0xff, 0xff, 0xff, 0xff, 0xff, 0xff, 0xff,
0xff, 0xff, 0xff, 0xff, 0xff, 0xff, 0xff, 0xff, 0xff, 0xff, 0xff, 0xff, 0xff, 0xff, 0xff,
0xff, 0xff, 0xff, 0xff, 0xff, 0xff, 0xff, 0xff, 0xff, 0xff, 0xff, 0xff, 0xff, 0xff, 0xff,
0xff, 0xff, 0xff, 0xff, 0xff, 0xff, 0xff, 0xff, 0xff, 0xff, 0xff, 0xff, 0xff, 0xff, 0xff,
0xff, 0xff, 0xff, 0xff, 0xff, 0xff, 0xff, 0xff, 0xff, 0xff, 0xff, 0xff, 0xff, 0xff, 0xff,
0xff, 0xff, 0xff, 0xff, 0xff, 0xff, 0xff, 0xff, 0xff, 0xff, 0xff, 0xff, 0xff, 0xff, 0xff,
0xff, 0xff, 0xff, 0xff, 0xff, 0xff, 0xff, 0xff, 0xff, 0xff, 0xff, 0xff, 0xff, 0xff, 0xff,
0xff, 0xff, 0xff, 0xff, 0xff, 0xff, 0xff, 0xff, 0xff, 0xff, 0xff, 0xff, 0xff, 0xff, 0xff,
0xff, 0xff, 0xff, 0xff, 0xff, 0xff, 0xff, 0xff, 0xff, 0xff, 0xff, 0xff, 0xff, 0xff, 0xff,
0xff, 0xff, 0xff, 0xff, 0xff, 0xff, 0xff, 0xff, 0xff, 0xff, 0xff, 0xff, 0xff, 0xff, 0xff,
0xff, 0xff, 0xff, 0xff, 0xff, 0xff, 0xff, 0xff, 0xff, 0xff, 0xff, 0xff, 0xff, 0xff, 0xff,
0xff, 0xff, 0xff, 0xff, 0xff, 0xd6, 0xcf, 0x68, 0xff, 0xbe, 0xb3, 0x12, 0xff, 0xc1, 0xb7,
0x1e, 0xff, 0xc1, 0xb7, 0x1e, 0xff, 0xc1, 0xb7, 0x1e, 0xff, 0xc1, 0xb7, 0x1e, 0xff, 0xc1,
0xb7, 0x1e, 0xff, 0xc1, 0xb7, 0x1e, 0xff, 0xc1, 0xb7, 0x1e, 0xff, 0xc1, 0xb7, 0x1e, 0xff,
0xc1, 0xb7, 0x1e, 0xff, 0xc1, 0xb7, 0x1e, 0xff, 0xc1, 0xb7, 0x1e, 0xff, 0xc1, 0xb7, 0x1e,
0xff, 0xc1, 0xb7, 0x1e, 0xff, 0xc1, 0xb7, 0x1e, 0xff, 0xc1, 0xb7, 0x1e, 0xff, 0xc1, 0xb7,
0x1e, 0xff, 0xc6, 0xbc, 0x1f, 0xff, 0xa6, 0x9d, 0x1a, 0xaf, 0x54, 0x53, 0x04, 0x02, 0x54,
0x54, 0x04, 0x00, 0x54, 0x54, 0x04, 0x00, 0x54, 0x54, 0x04, 0x00, 0x54, 0x54, 0x04, 0x00,
0x54, 0x54, 0x04, 0x00, 0x54, 0x54, 0x04, 0x00, 0xff, 0xff, 0xff, 0x00, 0xff, 0xff, 0xff,
0x00, 0xff, 0xff, 0xff, 0x00, 0xff, 0xff, 0xff, 0x00, 0xff, 0xff, 0xff, 0x00, 0xff, 0xff,
0xff, 0x00, 0xff, 0xff, 0xff, 0x00, 0xff, 0xff, 0xff, 0x00, 0xff, 0xff, 0xff, 0x00, 0xff,
0xff, 0xff, 0x00, 0xff, 0xff, 0xff, 0x00, 0xff, 0xff, 0xff, 0x00, 0xff, 0xff, 0xff, 0x00,
0xff, 0xff, 0xff, 0x00, 0xff, 0xff, 0xff, 0x00, 0xbd, 0xa3, 0x16, 0x00, 0xbd, 0xa3, 0x16,
0x00, 0xbd, 0xa3, 0x16, 0x00, 0xbd, 0xa3, 0x16, 0x00, 0xbd, 0xa3, 0x16, 0x00, 0xbd, 0xa3,
0x16, 0x00, 0xbd, 0xa2, 0x15, 0x00, 0xbd, 0xac, 0x1a, 0x2d, 0xc0, 0xb8, 0x1f, 0xf7, 0xc1,
0xb7, 0x1e, 0xff, 0xc1, 0xb7, 0x1e, 0xff, 0xc1, 0xb7, 0x1e, 0xff, 0xc1, 0xb7, 0x1e, 0xff,
0xc1, 0xb7, 0x1e, 0xff, 0xc1, 0xb7, 0x1e, 0xff, 0xc1, 0xb7, 0x1e, 0xff, 0xc1, 0xb7, 0x1e,
0xff, 0xc1, 0xb7, 0x1e, 0xff, 0xc1, 0xb7, 0x1e, 0xff, 0xc1, 0xb7, 0x1e, 0xff, 0xc1, 0xb7,
0x1e, 0xff, 0xc1, 0xb7, 0x1e, 0xff, 0xc1, 0xb7, 0x1e, 0xff, 0xc1, 0xb7, 0x1e, 0xff, 0xc0,
0xb6, 0x1b, 0xff, 0xc3, 0xba, 0x26, 0xff, 0xf8, 0xf6, 0xe3, 0xff, 0xff, 0xff, 0xff, 0xff,
0xff, 0xff, 0xff, 0xff, 0xff, 0xff, 0xff, 0xff, 0xff, 0xff, 0xff, 0xff, 0xff, 0xff, 0xff,
0xff, 0xff, 0xff, 0xff, 0xff, 0xff, 0xff, 0xff, 0xff, 0xff, 0xff, 0xff, 0xff, 0xff, 0xff,
0xff, 0xff, 0xff, 0xff, 0xff, 0xff, 0xff, 0xff, 0xff, 0xff, 0xff, 0xff, 0xff, 0xff, 0xff,
0xff, 0xff, 0xff, 0xff, 0xff, 0xff, 0xff, 0xff, 0xff, 0xff, 0xff, 0xff, 0xff, 0xff, 0xff,
0xff, 0xff, 0xff, 0xff, 0xff, 0xff, 0xff, 0xff, 0xff, 0xff, 0xff, 0xff, 0xff, 0xff, 0xff,
0xff, 0xff, 0xff, 0xff, 0xff, 0xff, 0xff, 0xff, 0xff, 0xff, 0xff, 0xff, 0xff, 0xff, 0xff,
0xff, 0xff, 0xff, 0xff, 0xff, 0xff, 0xff, 0xff, 0xff, 0xff, 0xff, 0xff, 0xff, 0xff, 0xff,
0xff, 0xff, 0xff, 0xff, 0xff, 0xff, 0xff, 0xff, 0xff, 0xff, 0xff, 0xff, 0xff, 0xff, 0xff,
0xff, 0xff, 0xff, 0xff, 0xff, 0xff, 0xff, 0xff, 0xff, 0xff, 0xff, 0xff, 0xff, 0xff, 0xff,
0xff, 0xff, 0xff, 0xff, 0xff, 0xff, 0xff, 0xff, 0xff, 0xff, 0xff, 0xff, 0xff, 0xff, 0xff,
0xff, 0xff, 0xff, 0xff, 0xff, 0xff, 0xff, 0xff, 0xff, 0xff, 0xff, 0xff, 0xff, 0xff, 0xff,
0xff, 0xff, 0xff, 0xff, 0xff, 0xff, 0xff, 0xff, 0xff, 0xff, 0xff, 0xff, 0xff, 0xff, 0xff,
0xff, 0xff, 0xff, 0xff, 0xff, 0xff, 0xff, 0xff, 0xff, 0xff, 0xff, 0xff, 0xff, 0xff, 0xff,
0xff, 0xff, 0xff, 0xff, 0xff, 0xff, 0xff, 0xff, 0xff, 0xff, 0xff, 0xff, 0xff, 0xff, 0xff,
0xff, 0xff, 0xff, 0xff, 0xff, 0xff, 0xff, 0xff, 0xff, 0xff, 0xff, 0xff, 0xff, 0xff, 0xff,
0xff, 0xff, 0xff, 0xff, 0xff, 0xff, 0xff, 0xd1, 0xca, 0x58, 0xff, 0xbe, 0xb4, 0x14, 0xff,
0xc1, 0xb7, 0x1e, 0xff, 0xc1, 0xb7, 0x1e, 0xff, 0xc1, 0xb7, 0x1e, 0xff, 0xc1, 0xb7, 0x1e,
0xff, 0xc1, 0xb7, 0x1e, 0xff, 0xc1, 0xb7, 0x1e, 0xff, 0xc1, 0xb7, 0x1e, 0xff, 0xc1, 0xb7,
0x1e, 0xff, 0xc1, 0xb7, 0x1e, 0xff, 0xc1, 0xb7, 0x1e, 0xff, 0xc1, 0xb7, 0x1e, 0xff, 0xc1,
0xb7, 0x1e, 0xff, 0xc1, 0xb7, 0x1e, 0xff, 0xc1, 0xb7, 0x1e, 0xff, 0xc1, 0xb7, 0x1e, 0xff,
0xc1, 0xb7, 0x1e, 0xff, 0xc3, 0xb8, 0x1f, 0xfb, 0xb4, 0xad, 0x1e, 0x35, 0x9f, 0x9a, 0x1c,
0x00, 0x9f, 0x9a, 0x1c, 0x00, 0x9f, 0x9a, 0x1c, 0x00, 0x9f, 0x9a, 0x1c, 0x00, 0x9f, 0x9a,
0x1c, 0x00, 0x9f, 0x9a, 0x1c, 0x00, 0x9f, 0x9a, 0x1c, 0x00, 0xff, 0xff, 0xff, 0x00, 0xff,
0xff, 0xff, 0x00, 0xff, 0xff, 0xff, 0x00, 0xff, 0xff, 0xff, 0x00, 0xff, 0xff, 0xff, 0x00,
0xff, 0xff, 0xff, 0x00, 0xff, 0xff, 0xff, 0x00, 0xff, 0xff, 0xff, 0x00, 0xff, 0xff, 0xff,
0x00, 0xff, 0xff, 0xff, 0x00, 0xff, 0xff, 0xff, 0x00, 0xff, 0xff, 0xff, 0x00, 0xff, 0xff,
0xff, 0x00, 0xff, 0xff, 0xff, 0x00, 0xff, 0xff, 0xff, 0x00, 0xb3, 0xaf, 0x1c, 0x00, 0xb3,
0xaf, 0x1c, 0x00, 0xb3, 0xaf, 0x1c, 0x00, 0xb3, 0xaf, 0x1c, 0x00, 0xb3, 0xaf, 0x1c, 0x00,
0xb3, 0xaf, 0x1c, 0x00, 0xb3, 0xaf, 0x1c, 0x00, 0xb3, 0xae, 0x1c, 0x00, 0xbd, 0xb3, 0x1c,
0x79, 0xc2, 0xb8, 0x1e, 0xff, 0xc1, 0xb7, 0x1e, 0xff, 0xc1, 0xb7, 0x1e, 0xff, 0xc1, 0xb7,
0x1e, 0xff, 0xc1, 0xb7, 0x1e, 0xff, 0xc1, 0xb7, 0x1e, 0xff, 0xc1, 0xb7, 0x1e, 0xff, 0xc1,
0xb7, 0x1e, 0xff, 0xc1, 0xb7, 0x1e, 0xff, 0xc1, 0xb7, 0x1e, 0xff, 0xc1, 0xb7, 0x1e, 0xff,
0xc1, 0xb7, 0x1e, 0xff, 0xc1, 0xb7, 0x1e, 0xff, 0xc1, 0xb7, 0x1e, 0xff, 0xc1, 0xb7, 0x1e,
0xff, 0xc1, 0xb7, 0x1e, 0xff, 0xbf, 0xb5, 0x15, 0xff, 0xee, 0xeb, 0xc0, 0xff, 0xff, 0xff,
0xff, 0xff, 0xff, 0xff, 0xff, 0xff, 0xff, 0xff, 0xff, 0xff, 0xff, 0xff, 0xff, 0xff, 0xff,
0xff, 0xff, 0xff, 0xff, 0xff, 0xff, 0xff, 0xff, 0xff, 0xff, 0xff, 0xff, 0xff, 0xff, 0xff,
0xff, 0xff, 0xff, 0xff, 0xff, 0xff, 0xff, 0xff, 0xff, 0xff, 0xff, 0xff, 0xff, 0xff, 0xff,
0xff, 0xff, 0xff, 0xff, 0xff, 0xff, 0xff, 0xff, 0xff, 0xff, 0xff, 0xff, 0xff, 0xff, 0xff,
0xff, 0xff, 0xff, 0xff, 0xff, 0xff, 0xff, 0xff, 0xff, 0xff, 0xff, 0xff, 0xff, 0xff, 0xff,
0xff, 0xff, 0xff, 0xff, 0xff, 0xff, 0xff, 0xff, 0xff, 0xff, 0xff, 0xff, 0xff, 0xff, 0xff,
0xff, 0xff, 0xff, 0xff, 0xff, 0xff, 0xff, 0xff, 0xff, 0xff, 0xff, 0xff, 0xff, 0xff, 0xff,
0xff, 0xff, 0xff, 0xff, 0xff, 0xff, 0xff, 0xff, 0xff, 0xff, 0xff, 0xff, 0xff, 0xff, 0xff,
0xff, 0xff, 0xff, 0xff, 0xff, 0xff, 0xff, 0xff, 0xff, 0xff, 0xff, 0xff, 0xff, 0xff, 0xff,
0xff, 0xff, 0xff, 0xff, 0xff, 0xff, 0xff, 0xff, 0xff, 0xff, 0xff, 0xff, 0xff, 0xff, 0xff,
0xff, 0xff, 0xff, 0xff, 0xff, 0xff, 0xff, 0xff, 0xff, 0xff, 0xff, 0xff, 0xff, 0xff, 0xff,
0xff, 0xff, 0xff, 0xff, 0xff, 0xff, 0xff, 0xff, 0xff, 0xff, 0xff, 0xff, 0xff, 0xff, 0xff,
0xff, 0xff, 0xff, 0xff, 0xff, 0xff, 0xff, 0xff, 0xff, 0xff, 0xff, 0xff, 0xff, 0xff, 0xff,
0xff, 0xff, 0xff, 0xff, 0xff, 0xff, 0xff, 0xff, 0xff, 0xff, 0xff, 0xff, 0xff, 0xff, 0xff,
0xff, 0xff, 0xff, 0xff, 0xff, 0xff, 0xff, 0xff, 0xff, 0xff, 0xff, 0xff, 0xff, 0xff, 0xff,
0xff, 0xff, 0xff, 0xff, 0xff, 0xfe, 0xfe, 0xfa, 0xff, 0xca, 0xc2, 0x3f, 0xff, 0xbf, 0xb5,
0x17, 0xff, 0xc1, 0xb7, 0x1e, 0xff, 0xc1, 0xb7, 0x1e, 0xff, 0xc1, 0xb7, 0x1e, 0xff, 0xc1,
0xb7, 0x1e, 0xff, 0xc1, 0xb7, 0x1e, 0xff, 0xc1, 0xb7, 0x1e, 0xff, 0xc1, 0xb7, 0x1e, 0xff,
0xc1, 0xb7, 0x1e, 0xff, 0xc1, 0xb7, 0x1e, 0xff, 0xc1, 0xb7, 0x1e, 0xff, 0xc1, 0xb7, 0x1e,
0xff, 0xc1, 0xb7, 0x1e, 0xff, 0xc1, 0xb7, 0x1e, 0xff, 0xc1, 0xb7, 0x1e, 0xff, 0xc1, 0xb7,
0x1e, 0xff, 0xc1, 0xb7, 0x1f, 0xff, 0xbd, 0xb6, 0x16, 0x81, 0xb7, 0xb5, 0x0e, 0x00, 0xb9,
0xb7, 0x0e, 0x00, 0xb9, 0xb7, 0x0e, 0x00, 0xb9, 0xb7, 0x0e, 0x00, 0xb9, 0xb7, 0x0e, 0x00,
0xb9, 0xb7, 0x0e, 0x00, 0xb9, 0xb7, 0x0e, 0x00, 0xb9, 0xb7, 0x0e, 0x00, 0xff, 0xff, 0xff,
0x00, 0xff, 0xff, 0xff, 0x00, 0xff, 0xff, 0xff, 0x00, 0xff, 0xff, 0xff, 0x00, 0xff, 0xff,
0xff, 0x00, 0xff, 0xff, 0xff, 0x00, 0xff, 0xff, 0xff, 0x00, 0xff, 0xff, 0xff, 0x00, 0xff,
0xff, 0xff, 0x00, 0xff, 0xff, 0xff, 0x00, 0xff, 0xff, 0xff, 0x00, 0xff, 0xff, 0xff, 0x00,
0xff, 0xff, 0xff, 0x00, 0xff, 0xff, 0xff, 0x00, 0xff, 0xff, 0xff, 0x00, 0xbd, 0xa8, 0x07,
0x00, 0xbd, 0xa8, 0x07, 0x00, 0xbd, 0xa8, 0x07, 0x00, 0xbd, 0xa8, 0x07, 0x00, 0xbd, 0xa8,
0x07, 0x00, 0xbd, 0xa8, 0x07, 0x00, 0xbd, 0xa8, 0x07, 0x00, 0xbd, 0xa7, 0x07, 0x00, 0xbd,
0xaa, 0x0a, 0x0c, 0xc0, 0xb7, 0x1d, 0xdb, 0xc1, 0xb7, 0x1e, 0xff, 0xc1, 0xb7, 0x1e, 0xff,
0xc1, 0xb7, 0x1e, 0xff, 0xc1, 0xb7, 0x1e, 0xff, 0xc1, 0xb7, 0x1e, 0xff, 0xc1, 0xb7, 0x1e,
0xff, 0xc1, 0xb7, 0x1e, 0xff, 0xc1, 0xb7, 0x1e, 0xff, 0xc1, 0xb7, 0x1e, 0xff, 0xc1, 0xb7,
0x1e, 0xff, 0xc1, 0xb7, 0x1e, 0xff, 0xc1, 0xb7, 0x1e, 0xff, 0xc1, 0xb7, 0x1e, 0xff, 0xc1,
0xb7, 0x1e, 0xff, 0xc1, 0xb7, 0x1e, 0xff, 0xbd, 0xb3, 0x11, 0xff, 0xe0, 0xdb, 0x8f, 0xff,
0xff, 0xff, 0xff, 0xff, 0xff, 0xff, 0xff, 0xff, 0xff, 0xff, 0xff, 0xff, 0xff, 0xff, 0xff,
0xff, 0xff, 0xff, 0xff, 0xff, 0xff, 0xff, 0xff, 0xff, 0xff, 0xff, 0xff, 0xff, 0xff, 0xff,
0xff, 0xff, 0xff, 0xff, 0xff, 0xff, 0xff, 0xff, 0xff, 0xff, 0xff, 0xff, 0xff, 0xff, 0xff,
0xff, 0xff, 0xff, 0xff, 0xff, 0xff, 0xff, 0xff, 0xff, 0xff, 0xff, 0xff, 0xff, 0xff, 0xff,
0xff, 0xff, 0xff, 0xff, 0xff, 0xff, 0xff, 0xff, 0xff, 0xff, 0xff, 0xff, 0xff, 0xff, 0xff,
0xff, 0xff, 0xff, 0xff, 0xff, 0xff, 0xff, 0xff, 0xff, 0xff, 0xff, 0xff, 0xff, 0xff, 0xff,
0xff, 0xff, 0xff, 0xff, 0xff, 0xff, 0xff, 0xff, 0xff, 0xff, 0xff, 0xff, 0xff, 0xff, 0xff,
0xff, 0xff, 0xff, 0xff, 0xff, 0xff, 0xff, 0xff, 0xff, 0xff, 0xff, 0xff, 0xff, 0xff, 0xff,
0xff, 0xff, 0xff, 0xff, 0xff, 0xff, 0xff, 0xff, 0xff, 0xff, 0xff, 0xff, 0xff, 0xff, 0xff,
0xff, 0xff, 0xff, 0xff, 0xff, 0xff, 0xff, 0xff, 0xff, 0xff, 0xff, 0xff, 0xff, 0xff, 0xff,
0xff, 0xff, 0xff, 0xff, 0xff, 0xff, 0xff, 0xff, 0xff, 0xff, 0xff, 0xff, 0xff, 0xff, 0xff,
0xff, 0xff, 0xff, 0xff, 0xff, 0xff, 0xff, 0xff, 0xff, 0xff, 0xff, 0xff, 0xff, 0xff, 0xff,
0xff, 0xff, 0xff, 0xff, 0xff, 0xff, 0xff, 0xff, 0xff, 0xff, 0xff, 0xff, 0xff, 0xff, 0xff,
0xff, 0xff, 0xff, 0xff, 0xff, 0xff, 0xff, 0xff, 0xff, 0xff, 0xff, 0xff, 0xff, 0xff, 0xff,
0xff, 0xff, 0xff, 0xff, 0xff, 0xff, 0xff, 0xff, 0xff, 0xff, 0xff, 0xff, 0xff, 0xff, 0xff,
0xff, 0xff, 0xff, 0xff, 0xff, 0xff, 0xff, 0xf7, 0xf5, 0xe1, 0xff, 0xc3, 0xb9, 0x25, 0xff,
0xc0, 0xb6, 0x1b, 0xff, 0xc1, 0xb7, 0x1e, 0xff, 0xc1, 0xb7, 0x1e, 0xff, 0xc1, 0xb7, 0x1e,
0xff, 0xc1, 0xb7, 0x1e, 0xff, 0xc1, 0xb7, 0x1e, 0xff, 0xc1, 0xb7, 0x1e, 0xff, 0xc1, 0xb7,
0x1e, 0xff, 0xc1, 0xb7, 0x1e, 0xff, 0xc1, 0xb7, 0x1e, 0xff, 0xc1, 0xb7, 0x1e, 0xff, 0xc1,
0xb7, 0x1e, 0xff, 0xc1, 0xb7, 0x1e, 0xff, 0xc1, 0xb7, 0x1e, 0xff, 0xc1, 0xb7, 0x1e, 0xff,
0xc1, 0xb7, 0x1e, 0xff, 0xc1, 0xb7, 0x1e, 0xdd, 0xb9, 0xb6, 0x14, 0x0d, 0xb8, 0xb6, 0x11,
0x00, 0xb8, 0xb6, 0x11, 0x00, 0xb8, 0xb6, 0x11, 0x00, 0xb8, 0xb6, 0x11, 0x00, 0xb8, 0xb6,
0x11, 0x00, 0xb8, 0xb6, 0x11, 0x00, 0xb8, 0xb6, 0x11, 0x00, 0xb8, 0xb6, 0x11, 0x00, 0xff,
0xff, 0xff, 0x00, 0xff, 0xff, 0xff, 0x00, 0xff, 0xff, 0xff, 0x00, 0xff, 0xff, 0xff, 0x00,
0xff, 0xff, 0xff, 0x00, 0xff, 0xff, 0xff, 0x00, 0xff, 0xff, 0xff, 0x00, 0xff, 0xff, 0xff,
0x00, 0xff, 0xff, 0xff, 0x00, 0xff, 0xff, 0xff, 0x00, 0xff, 0xff, 0xff, 0x00, 0xff, 0xff,
0xff, 0x00, 0xff, 0xff, 0xff, 0x00, 0xff, 0xff, 0xff, 0x00, 0xff, 0xff, 0xff, 0x00, 0xbc,
0xae, 0x13, 0x00, 0xbc, 0xae, 0x13, 0x00, 0xbc, 0xae, 0x13, 0x00, 0xbc, 0xae, 0x13, 0x00,
0xbc, 0xae, 0x13, 0x00, 0xbc, 0xae, 0x13, 0x00, 0xbc, 0xae, 0x13, 0x00, 0xbc, 0xae, 0x13,
0x00, 0xbb, 0xae, 0x13, 0x00, 0xbe, 0xb0, 0x17, 0x3c, 0xc2, 0xb7, 0x1e, 0xff, 0xc1, 0xb7,
0x1e, 0xff, 0xc1, 0xb7, 0x1e, 0xff, 0xc1, 0xb7, 0x1e, 0xff, 0xc1, 0xb7, 0x1e, 0xff, 0xc1,
0xb7, 0x1e, 0xff, 0xc1, 0xb7, 0x1e, 0xff, 0xc1, 0xb7, 0x1e, 0xff, 0xc1, 0xb7, 0x1e, 0xff,
0xc1, 0xb7, 0x1e, 0xff, 0xc1, 0xb7, 0x1e, 0xff, 0xc1, 0xb7, 0x1e, 0xff, 0xc1, 0xb7, 0x1e,
0xff, 0xc1, 0xb7, 0x1e, 0xff, 0xc1, 0xb7, 0x1e, 0xff, 0xc0, 0xb5, 0x1a, 0xff, 0xc5, 0xbc,
0x2c, 0xff, 0xf7, 0xf6, 0xe4, 0xff, 0xff, 0xff, 0xff, 0xff, 0xff, 0xff, 0xff, 0xff, 0xff,
0xff, 0xff, 0xff, 0xff, 0xff, 0xff, 0xff, 0xff, 0xff, 0xff, 0xff, 0xff, 0xff, 0xff, 0xff,
0xff, 0xff, 0xff, 0xff, 0xff, 0xff, 0xff, 0xff, 0xff, 0xff, 0xff, 0xff, 0xff, 0xff, 0xff,
0xff, 0xff, 0xff, 0xff, 0xff, 0xff, 0xff, 0xff, 0xff, 0xff, 0xff, 0xff, 0xff, 0xff, 0xff,
0xff, 0xff, 0xff, 0xff, 0xff, 0xff, 0xff, 0xff, 0xff, 0xff, 0xff, 0xff, 0xff, 0xff, 0xff,
0xff, 0xff, 0xff, 0xff, 0xff, 0xff, 0xff, 0xff, 0xff, 0xff, 0xff, 0xff, 0xff, 0xff, 0xff,
0xff, 0xff, 0xff, 0xff, 0xff, 0xff, 0xff, 0xff, 0xff, 0xff, 0xff, 0xff, 0xff, 0xff, 0xff,
0xff, 0xff, 0xff, 0xff, 0xff, 0xff, 0xff, 0xff, 0xff, 0xff, 0xff, 0xff, 0xff, 0xff, 0xff,
0xff, 0xff, 0xff, 0xff, 0xff, 0xff, 0xff, 0xff, 0xff, 0xff, 0xff, 0xff, 0xff, 0xff, 0xff,
0xff, 0xff, 0xff, 0xff, 0xff, 0xff, 0xff, 0xff, 0xff, 0xff, 0xff, 0xff, 0xff, 0xff, 0xff,
0xff, 0xff, 0xff, 0xff, 0xff, 0xff, 0xff, 0xff, 0xff, 0xff, 0xff, 0xff, 0xff, 0xff, 0xff,
0xff, 0xff, 0xff, 0xff, 0xff, 0xff, 0xff, 0xff, 0xff, 0xff, 0xff, 0xff, 0xff, 0xff, 0xff,
0xff, 0xff, 0xff, 0xff, 0xff, 0xff, 0xff, 0xff, 0xff, 0xff, 0xff, 0xff, 0xff, 0xff, 0xff,
0xff, 0xff, 0xff, 0xff, 0xff, 0xff, 0xff, 0xff, 0xff, 0xff, 0xff, 0xff, 0xff, 0xff, 0xff,
0xff, 0xff, 0xff, 0xff, 0xff, 0xff, 0xff, 0xff, 0xff, 0xff, 0xff, 0xff, 0xff, 0xff, 0xff,
0xff, 0xff, 0xff, 0xff, 0xff, 0xff, 0xff, 0xff, 0xff, 0xec, 0xea, 0xbc, 0xff, 0xbe, 0xb4,
0x14, 0xff, 0xc1, 0xb7, 0x1e, 0xff, 0xc1, 0xb7, 0x1e, 0xff, 0xc1, 0xb7, 0x1e, 0xff, 0xc1,
0xb7, 0x1e, 0xff, 0xc1, 0xb7, 0x1e, 0xff, 0xc1, 0xb7, 0x1e, 0xff, 0xc1, 0xb7, 0x1e, 0xff,
0xc1, 0xb7, 0x1e, 0xff, 0xc1, 0xb7, 0x1e, 0xff, 0xc1, 0xb7, 0x1e, 0xff, 0xc1, 0xb7, 0x1e,
0xff, 0xc1, 0xb7, 0x1e, 0xff, 0xc1, 0xb7, 0x1e, 0xff, 0xc1, 0xb7, 0x1e, 0xff, 0xc1, 0xb7,
0x1e, 0xff, 0xc1, 0xb7, 0x1f, 0xff, 0xbd, 0xb2, 0x1c, 0x3f, 0xbc, 0xb1, 0x1b, 0x00, 0xbc,
0xb1, 0x1b, 0x00, 0xbc, 0xb1, 0x1b, 0x00, 0xbc, 0xb1, 0x1b, 0x00, 0xbc, 0xb1, 0x1b, 0x00,
0xbc, 0xb1, 0x1b, 0x00, 0xbc, 0xb1, 0x1b, 0x00, 0xbc, 0xb1, 0x1b, 0x00, 0xbc, 0xb1, 0x1b,
0x00, 0xff, 0xff, 0xff, 0x00, 0xff, 0xff, 0xff, 0x00, 0xff, 0xff, 0xff, 0x00, 0xff, 0xff,
0xff, 0x00, 0xff, 0xff, 0xff, 0x00, 0xff, 0xff, 0xff, 0x00, 0xff, 0xff, 0xff, 0x00, 0xff,
0xff, 0xff, 0x00, 0xff, 0xff, 0xff, 0x00, 0xff, 0xff, 0xff, 0x00, 0xff, 0xff, 0xff, 0x00,
0xff, 0xff, 0xff, 0x00, 0xff, 0xff, 0xff, 0x00, 0xff, 0xff, 0xff, 0x00, 0xff, 0xff, 0xff,
0x00, 0xcb, 0xab, 0x0a, 0x00, 0xcb, 0xab, 0x0a, 0x00, 0xcb, 0xab, 0x0a, 0x00, 0xcb, 0xab,
0x0a, 0x00, 0xcb, 0xab, 0x0a, 0x00, 0xcb, 0xab, 0x0a, 0x00, 0xcb, 0xab, 0x0a, 0x00, 0xcb,
0xab, 0x0a, 0x00, 0xcb, 0xab, 0x09, 0x00, 0xca, 0xac, 0x0b, 0x00, 0xcb, 0xbd, 0x1d, 0x80,
0xc4, 0xbb, 0x1f, 0xff, 0xc0, 0xb6, 0x1e, 0xff, 0xc1, 0xb7, 0x1e, 0xff, 0xc1, 0xb7, 0x1e,
0xff, 0xc1, 0xb7, 0x1e, 0xff, 0xc1, 0xb7, 0x1e, 0xff, 0xc1, 0xb7, 0x1e, 0xff, 0xc1, 0xb7,
0x1e, 0xff, 0xc1, 0xb7, 0x1e, 0xff, 0xc1, 0xb7, 0x1e, 0xff, 0xc1, 0xb7, 0x1e, 0xff, 0xc1,
0xb7, 0x1e, 0xff, 0xc1, 0xb7, 0x1e, 0xff, 0xc1, 0xb7, 0x1e, 0xff, 0xc1, 0xb7, 0x1f, 0xff,
0xbe, 0xb3, 0x13, 0xff, 0xcf, 0xc7, 0x50, 0xff, 0xf6, 0xf5, 0xdf, 0xff, 0xff, 0xff, 0xff,
0xff, 0xff, 0xff, 0xff, 0xff, 0xff, 0xff, 0xff, 0xff, 0xff, 0xff, 0xff, 0xff, 0xff, 0xff,
0xff, 0xff, 0xff, 0xff, 0xff, 0xff, 0xff, 0xff, 0xff, 0xff, 0xff, 0xff, 0xff, 0xff, 0xff,
0xff, 0xff, 0xff, 0xff, 0xff, 0xff, 0xff, 0xff, 0xff, 0xff, 0xff, 0xff, 0xff, 0xff, 0xff,
0xff, 0xff, 0xff, 0xff, 0xff, 0xff, 0xff, 0xff, 0xff, 0xff, 0xff, 0xff, 0xff, 0xff, 0xff,
0xff, 0xff, 0xff, 0xff, 0xff, 0xff, 0xff, 0xff, 0xff, 0xff, 0xff, 0xff, 0xff, 0xff, 0xff,
0xff, 0xff, 0xff, 0xff, 0xff, 0xff, 0xff, 0xff, 0xff, 0xff, 0xff, 0xff, 0xff, 0xff, 0xff,
0xff, 0xff, 0xff, 0xff, 0xff, 0xff, 0xff, 0xff, 0xff, 0xff, 0xff, 0xff, 0xff, 0xff, 0xff,
0xff, 0xff, 0xff, 0xff, 0xff, 0xff, 0xff, 0xff, 0xff, 0xff, 0xff, 0xff, 0xff, 0xff, 0xff,
0xff, 0xff, 0xff, 0xff, 0xff, 0xff, 0xff, 0xff, 0xff, 0xff, 0xff, 0xff, 0xff, 0xff, 0xff,
0xff, 0xff, 0xff, 0xff, 0xff, 0xff, 0xff, 0xff, 0xff, 0xff, 0xff, 0xff, 0xff, 0xff, 0xff,
0xff, 0xff, 0xff, 0xff, 0xff, 0xff, 0xff, 0xff, 0xff, 0xff, 0xff, 0xff, 0xff, 0xff, 0xff,
0xff, 0xff, 0xff, 0xff, 0xff, 0xff, 0xff, 0xff, 0xff, 0xff, 0xff, 0xff, 0xff, 0xff, 0xff,
0xff, 0xff, 0xff, 0xff, 0xff, 0xff, 0xff, 0xff, 0xff, 0xff, 0xff, 0xff, 0xff, 0xff, 0xff,
0xff, 0xff, 0xff, 0xff, 0xff, 0xff, 0xff, 0xff, 0xff, 0xff, 0xff, 0xff, 0xff, 0xff, 0xff,
0xff, 0xff, 0xff, 0xff, 0xff, 0xff, 0xff, 0xff, 0xfe, 0xfd, 0xff, 0xde, 0xd9, 0x87, 0xff,
0xbe, 0xb3, 0x12, 0xff, 0xc1, 0xb7, 0x1e, 0xff, 0xc1, 0xb7, 0x1e, 0xff, 0xc1, 0xb7, 0x1e,
0xff, 0xc1, 0xb7, 0x1e, 0xff, 0xc1, 0xb7, 0x1e, 0xff, 0xc1, 0xb7, 0x1e, 0xff, 0xc1, 0xb7,
0x1e, 0xff, 0xc1, 0xb7, 0x1e, 0xff, 0xc1, 0xb7, 0x1e, 0xff, 0xc1, 0xb7, 0x1e, 0xff, 0xc1,
0xb7, 0x1e, 0xff, 0xc1, 0xb7, 0x1e, 0xff, 0xc1, 0xb7, 0x1e, 0xff, 0xc1, 0xb7, 0x1e, 0xff,
0xc2, 0xb7, 0x1f, 0xff, 0xbe, 0xb7, 0x16, 0x8a, 0xba, 0xb5, 0x0c, 0x00, 0xbb, 0xb5, 0x0d,
0x00, 0xbb, 0xb5, 0x0d, 0x00, 0xbb, 0xb5, 0x0d, 0x00, 0xbb, 0xb5, 0x0d, 0x00, 0xbb, 0xb5,
0x0d, 0x00, 0xbb, 0xb5, 0x0d, 0x00, 0xbb, 0xb5, 0x0d, 0x00, 0xbb, 0xb5, 0x0d, 0x00, 0xbb,
0xb5, 0x0d, 0x00, 0xff, 0xff, 0xff, 0x00, 0xff, 0xff, 0xff, 0x00, 0xff, 0xff, 0xff, 0x00,
0xff, 0xff, 0xff, 0x00, 0xff, 0xff, 0xff, 0x00, 0xff, 0xff, 0xff, 0x00, 0xff, 0xff, 0xff,
0x00, 0xff, 0xff, 0xff, 0x00, 0xff, 0xff, 0xff, 0x00, 0xff, 0xff, 0xff, 0x00, 0xff, 0xff,
0xff, 0x00, 0xff, 0xff, 0xff, 0x00, 0xff, 0xff, 0xff, 0x00, 0xff, 0xff, 0xff, 0x00, 0xff,
0xff, 0xff, 0x00, 0x5d, 0x52, 0x0e, 0x00, 0x5d, 0x52, 0x0e, 0x00, 0x5d, 0x52, 0x0e, 0x00,
0x5d, 0x52, 0x0e, 0x00, 0x5d, 0x52, 0x0e, 0x00, 0x5d, 0x52, 0x0e, 0x00, 0x5d, 0x52, 0x0e,
0x00, 0x5d, 0x52, 0x0e, 0x00, 0x5d, 0x52, 0x0e, 0x00, 0x5d, 0x51, 0x0e, 0x00, 0x5d, 0x53,
0x0d, 0x02, 0xaa, 0xa2, 0x1a, 0xb7, 0xc8, 0xbd, 0x1f, 0xff, 0xc1, 0xb7, 0x1e, 0xff, 0xc1,
0xb7, 0x1e, 0xff, 0xc1, 0xb7, 0x1e, 0xff, 0xc1, 0xb7, 0x1e, 0xff, 0xc1, 0xb7, 0x1e, 0xff,
0xc1, 0xb7, 0x1e, 0xff, 0xc1, 0xb7, 0x1e, 0xff, 0xc1, 0xb7, 0x1e, 0xff, 0xc1, 0xb7, 0x1e,
0xff, 0xc1, 0xb7, 0x1e, 0xff, 0xc1, 0xb7, 0x1e, 0xff, 0xc1, 0xb7, 0x1e, 0xff, 0xc1, 0xb7,
0x1e, 0xff, 0xc1, 0xb7, 0x1f, 0xff, 0xbe, 0xb4, 0x14, 0xff, 0xc4, 0xba, 0x28, 0xff, 0xdc,
0xd7, 0x81, 0xff, 0xf0, 0xed, 0xc7, 0xff, 0xf9, 0xf7, 0xe7, 0xff, 0xfc, 0xfc, 0xf4, 0xff,
0xfe, 0xfd, 0xfa, 0xff, 0xff, 0xff, 0xfe, 0xff, 0xff, 0xff, 0xff, 0xff, 0xff, 0xff, 0xff,
0xff, 0xff, 0xff, 0xff, 0xff, 0xff, 0xff, 0xff, 0xff, 0xff, 0xff, 0xff, 0xff, 0xff, 0xff,
0xff, 0xff, 0xff, 0xff, 0xff, 0xff, 0xff, 0xff, 0xff, 0xff, 0xff, 0xff, 0xff, 0xff, 0xff,
0xff, 0xff, 0xff, 0xff, 0xff, 0xff, 0xff, 0xff, 0xff, 0xff, 0xff, 0xff, 0xff, 0xff, 0xff,
0xff, 0xff, 0xff, 0xff, 0xff, 0xff, 0xff, 0xff, 0xff, 0xff, 0xff, 0xff, 0xff, 0xff, 0xff,
0xff, 0xff, 0xff, 0xff, 0xff, 0xff, 0xff, 0xff, 0xff, 0xff, 0xff, 0xff, 0xff, 0xff, 0xff,
0xff, 0xff, 0xff, 0xff, 0xff, 0xff, 0xff, 0xff, 0xff, 0xff, 0xff, 0xff, 0xff, 0xff, 0xff,
0xff, 0xff, 0xff, 0xff, 0xff, 0xff, 0xff, 0xff, 0xff, 0xff, 0xff, 0xff, 0xff, 0xff, 0xff,
0xff, 0xff, 0xff, 0xff, 0xff, 0xff, 0xff, 0xff, 0xff, 0xff, 0xff, 0xff, 0xff, 0xff, 0xff,
0xff, 0xff, 0xff, 0xff, 0xff, 0xff, 0xff, 0xff, 0xff, 0xff, 0xff, 0xff, 0xff, 0xff, 0xff,
0xff, 0xff, 0xff, 0xff, 0xff, 0xff, 0xfe, 0xfe, 0xfc, 0xff, 0xfe, 0xfd, 0xfa, 0xff, 0xfd,
0xfc, 0xf7, 0xff, 0xfc, 0xfc, 0xf4, 0xff, 0xfb, 0xfb, 0xf1, 0xff, 0xf9, 0xf8, 0xea, 0xff,
0xf6, 0xf4, 0xdd, 0xff, 0xf2, 0xef, 0xce, 0xff, 0xed, 0xea, 0xbd, 0xff, 0xe7, 0xe3, 0xa6,
0xff, 0xe0, 0xdb, 0x8e, 0xff, 0xd7, 0xd0, 0x6c, 0xff, 0xcc, 0xc4, 0x46, 0xff, 0xc2, 0xb8,
0x21, 0xff, 0xc1, 0xb7, 0x1d, 0xff, 0xc1, 0xb7, 0x1e, 0xff, 0xc1, 0xb7, 0x1e, 0xff, 0xc1,
0xb7, 0x1e, 0xff, 0xc1, 0xb7, 0x1e, 0xff, 0xc1, 0xb7, 0x1e, 0xff, 0xc1, 0xb7, 0x1e, 0xff,
0xc1, 0xb7, 0x1e, 0xff, 0xc1, 0xb7, 0x1e, 0xff, 0xc1, 0xb7, 0x1e, 0xff, 0xc1, 0xb7, 0x1e,
0xff, 0xc1, 0xb7, 0x1e, 0xff, 0xc1, 0xb7, 0x1e, 0xff, 0xc1, 0xb7, 0x1e, 0xff, 0xc1, 0xb7,
0x1e, 0xff, 0xc2, 0xb7, 0x1e, 0xcd, 0xba, 0xb7, 0x12, 0x07, 0xb8, 0xb8, 0x0e, 0x00, 0xb8,
0xb8, 0x0e, 0x00, 0xb8, 0xb8, 0x0e, 0x00, 0xb8, 0xb8, 0x0e, 0x00, 0xb8, 0xb8, 0x0e, 0x00,
0xb8, 0xb8, 0x0e, 0x00, 0xb8, 0xb8, 0x0e, 0x00, 0xb8, 0xb8, 0x0e, 0x00, 0xb8, 0xb8, 0x0e,
0x00, 0xb8, 0xb8, 0x0e, 0x00, 0xff, 0xff, 0xff, 0x00, 0xff, 0xff, 0xff, 0x00, 0xff, 0xff,
0xff, 0x00, 0xff, 0xff, 0xff, 0x00, 0xff, 0xff, 0xff, 0x00, 0xff, 0xff, 0xff, 0x00, 0xff,
0xff, 0xff, 0x00, 0xff, 0xff, 0xff, 0x00, 0xff, 0xff, 0xff, 0x00, 0xff, 0xff, 0xff, 0x00,
0xff, 0xff, 0xff, 0x00, 0xff, 0xff, 0xff, 0x00, 0xff, 0xff, 0xff, 0x00, 0xff, 0xff, 0xff,
0x00, 0xff, 0xff, 0xff, 0x00, 0x00, 0x00, 0x00, 0x00, 0x00, 0x00, 0x00, 0x00, 0x00, 0x00,
0x00, 0x00, 0x00, 0x00, 0x00, 0x00, 0x00, 0x00, 0x00, 0x00, 0x00, 0x00, 0x00, 0x00, 0x00,
0x00, 0x00, 0x00, 0x00, 0x00, 0x00, 0x00, 0x00, 0x00, 0x00, 0x00, 0x00, 0x00, 0x00, 0x00,
0x00, 0x00, 0x00, 0x00, 0x7c, 0x79, 0x11, 0x0d, 0xc3, 0xb9, 0x1e, 0xcd, 0xc2, 0xb8, 0x1e,
0xff, 0xc1, 0xb7, 0x1e, 0xff, 0xc1, 0xb7, 0x1e, 0xff, 0xc1, 0xb7, 0x1e, 0xff, 0xc1, 0xb7,
0x1e, 0xff, 0xc1, 0xb7, 0x1e, 0xff, 0xc1, 0xb7, 0x1e, 0xff, 0xc1, 0xb7, 0x1e, 0xff, 0xc1,
0xb7, 0x1e, 0xff, 0xc1, 0xb7, 0x1e, 0xff, 0xc1, 0xb7, 0x1e, 0xff, 0xc1, 0xb7, 0x1e, 0xff,
0xc1, 0xb7, 0x1e, 0xff, 0xc1, 0xb7, 0x1e, 0xff, 0xc1, 0xb7, 0x1e, 0xff, 0xc0, 0xb6, 0x1a,
0xff, 0xbd, 0xb3, 0x11, 0xff, 0xc0, 0xb5, 0x19, 0xff, 0xc4, 0xbb, 0x2a, 0xff, 0xc8, 0xbf,
0x36, 0xff, 0xcb, 0xc2, 0x40, 0xff, 0xcd, 0xc5, 0x48, 0xff, 0xcf, 0xc7, 0x4f, 0xff, 0xd0,
0xc9, 0x55, 0xff, 0xd2, 0xcb, 0x5d, 0xff, 0xd6, 0xcf, 0x68, 0xff, 0xd8, 0xd2, 0x72, 0xff,
0xdb, 0xd5, 0x7b, 0xff, 0xdd, 0xd7, 0x82, 0xff, 0xde, 0xd9, 0x88, 0xff, 0xe0, 0xdb, 0x8c,
0xff, 0xe1, 0xdc, 0x91, 0xff, 0xe2, 0xdd, 0x95, 0xff, 0xe3, 0xde, 0x98, 0xff, 0xe3, 0xdf,
0x9a, 0xff, 0xe4, 0xdf, 0x9b, 0xff, 0xe4, 0xe0, 0x9d, 0xff, 0xe4, 0xe0, 0x9e, 0xff, 0xe4,
0xe0, 0x9d, 0xff, 0xe4, 0xdf, 0x9c, 0xff, 0xe3, 0xdf, 0x9a, 0xff, 0xe3, 0xdf, 0x99, 0xff,
0xe2, 0xde, 0x97, 0xff, 0xe2, 0xdd, 0x94, 0xff, 0xe1, 0xdc, 0x90, 0xff, 0xe0, 0xdb, 0x8d,
0xff, 0xdf, 0xda, 0x8a, 0xff, 0xdd, 0xd8, 0x85, 0xff, 0xdc, 0xd6, 0x7f, 0xff, 0xda, 0xd4,
0x7a, 0xff, 0xd9, 0xd3, 0x75, 0xff, 0xd7, 0xd1, 0x6e, 0xff, 0xd5, 0xce, 0x67, 0xff, 0xd3,
0xcc, 0x5f, 0xff, 0xd1, 0xca, 0x58, 0xff, 0xd0, 0xc9, 0x54, 0xff, 0xcf, 0xc7, 0x51, 0xff,
0xce, 0xc6, 0x4d, 0xff, 0xcd, 0xc5, 0x49, 0xff, 0xcc, 0xc4, 0x45, 0xff, 0xcb, 0xc2, 0x41,
0xff, 0xc9, 0xc1, 0x3c, 0xff, 0xc8, 0xbf, 0x37, 0xff, 0xc6, 0xbd, 0x31, 0xff, 0xc5, 0xbb,
0x2b, 0xff, 0xc3, 0xb9, 0x23, 0xff, 0xc0, 0xb6, 0x1b, 0xff, 0xbf, 0xb4, 0x15, 0xff, 0xbe,
0xb3, 0x12, 0xff, 0xbd, 0xb3, 0x10, 0xff, 0xbe, 0xb3, 0x12, 0xff, 0xbf, 0xb4, 0x16, 0xff,
0xc1, 0xb6, 0x1c, 0xff, 0xc1, 0xb7, 0x1e, 0xff, 0xc1, 0xb7, 0x1e, 0xff, 0xc1, 0xb7, 0x1e,
0xff, 0xc1, 0xb7, 0x1e, 0xff, 0xc1, 0xb7, 0x1e, 0xff, 0xc1, 0xb7, 0x1e, 0xff, 0xc1, 0xb7,
0x1e, 0xff, 0xc1, 0xb7, 0x1e, 0xff, 0xc1, 0xb7, 0x1e, 0xff, 0xc1, 0xb7, 0x1e, 0xff, 0xc1,
0xb7, 0x1e, 0xff, 0xc1, 0xb7, 0x1e, 0xff, 0xc1, 0xb7, 0x1e, 0xff, 0xc1, 0xb7, 0x1e, 0xff,
0xc0, 0xb6, 0x1e, 0xe7, 0xbb, 0xab, 0x18, 0x1d, 0xba, 0xaa, 0x15, 0x00, 0xba, 0xaa, 0x16,
0x00, 0xba, 0xaa, 0x16, 0x00, 0xba, 0xaa, 0x16, 0x00, 0xba, 0xaa, 0x16, 0x00, 0xba, 0xaa,
0x16, 0x00, 0xba, 0xaa, 0x16, 0x00, 0xba, 0xaa, 0x16, 0x00, 0xba, 0xaa, 0x16, 0x00, 0xba,
0xaa, 0x16, 0x00, 0xba, 0xaa, 0x16, 0x00, 0xff, 0xff, 0xff, 0x00, 0xff, 0xff, 0xff, 0x00,
0xff, 0xff, 0xff, 0x00, 0xff, 0xff, 0xff, 0x00, 0xff, 0xff, 0xff, 0x00, 0xff, 0xff, 0xff,
0x00, 0xff, 0xff, 0xff, 0x00, 0xff, 0xff, 0xff, 0x00, 0xff, 0xff, 0xff, 0x00, 0xff, 0xff,
0xff, 0x00, 0xff, 0xff, 0xff, 0x00, 0xff, 0xff, 0xff, 0x00, 0xff, 0xff, 0xff, 0x00, 0xff,
0xff, 0xff, 0x00, 0xff, 0xff, 0xff, 0x00, 0x01, 0x01, 0x01, 0x00, 0x01, 0x01, 0x01, 0x00,
0x01, 0x01, 0x01, 0x00, 0x01, 0x01, 0x01, 0x00, 0x01, 0x01, 0x01, 0x00, 0x01, 0x01, 0x01,
0x00, 0x01, 0x01, 0x01, 0x00, 0x01, 0x01, 0x01, 0x00, 0x01, 0x01, 0x01, 0x00, 0x01, 0x01,
0x01, 0x00, 0x01, 0x01, 0x01, 0x00, 0x0a, 0x09, 0x01, 0x00, 0x5f, 0x5c, 0x0a, 0x1b, 0xca,
0xc0, 0x1e, 0xde, 0xc1, 0xb7, 0x1e, 0xff, 0xc1, 0xb7, 0x1e, 0xff, 0xc1, 0xb7, 0x1e, 0xff,
0xc1, 0xb7, 0x1e, 0xff, 0xc1, 0xb7, 0x1e, 0xff, 0xc1, 0xb7, 0x1e, 0xff, 0xc1, 0xb7, 0x1e,
0xff, 0xc1, 0xb7, 0x1e, 0xff, 0xc1, 0xb7, 0x1e, 0xff, 0xc1, 0xb7, 0x1e, 0xff, 0xc1, 0xb7,
0x1e, 0xff, 0xc1, 0xb7, 0x1e, 0xff, 0xc1, 0xb7, 0x1e, 0xff, 0xc1, 0xb7, 0x1e, 0xff, 0xc1,
0xb7, 0x1e, 0xff, 0xc1, 0xb7, 0x1e, 0xff, 0xc1, 0xb7, 0x1d, 0xff, 0xc0, 0xb6, 0x1a, 0xff,
0xbf, 0xb5, 0x19, 0xff, 0xbf, 0xb5, 0x17, 0xff, 0xbf, 0xb4, 0x16, 0xff, 0xbe, 0xb4, 0x15,
0xff, 0xbe, 0xb4, 0x14, 0xff, 0xbe, 0xb4, 0x13, 0xff, 0xbe, 0xb3, 0x12, 0xff, 0xbe, 0xb3,
0x12, 0xff, 0xbd, 0xb3, 0x11, 0xff, 0xbd, 0xb3, 0x10, 0xff, 0xbd, 0xb3, 0x10, 0xff, 0xbd,
0xb2, 0x10, 0xff, 0xbd, 0xb2, 0x10, 0xff, 0xbd, 0xb3, 0x10, 0xff, 0xbd, 0xb3, 0x11, 0xff,
0xbd, 0xb3, 0x11, 0xff, 0xbd, 0xb3, 0x11, 0xff, 0xbd, 0xb3, 0x11, 0xff, 0xbe, 0xb3, 0x11,
0xff, 0xbd, 0xb3, 0x11, 0xff, 0xbd, 0xb3, 0x11, 0xff, 0xbd, 0xb3, 0x11, 0xff, 0xbd, 0xb3,
0x11, 0xff, 0xbd, 0xb3, 0x11, 0xff, 0xbd, 0xb3, 0x10, 0xff, 0xbd, 0xb2, 0x10, 0xff, 0xbd,
0xb2, 0x10, 0xff, 0xbd, 0xb2, 0x10, 0xff, 0xbd, 0xb3, 0x10, 0xff, 0xbd, 0xb3, 0x11, 0xff,
0xbd, 0xb3, 0x11, 0xff, 0xbe, 0xb3, 0x11, 0xff, 0xbe, 0xb3, 0x12, 0xff, 0xbe, 0xb3, 0x12,
0xff, 0xbe, 0xb3, 0x13, 0xff, 0xbe, 0xb4, 0x14, 0xff, 0xbe, 0xb4, 0x14, 0xff, 0xbe, 0xb4,
0x15, 0xff, 0xbf, 0xb4, 0x15, 0xff, 0xbf, 0xb4, 0x16, 0xff, 0xbf, 0xb5, 0x16, 0xff, 0xbf,
0xb5, 0x17, 0xff, 0xbf, 0xb5, 0x18, 0xff, 0xbf, 0xb5, 0x18, 0xff, 0xc0, 0xb5, 0x19, 0xff,
0xc0, 0xb6, 0x1a, 0xff, 0xc0, 0xb6, 0x1b, 0xff, 0xc1, 0xb7, 0x1d, 0xff, 0xc1, 0xb7, 0x1e,
0xff, 0xc1, 0xb7, 0x1e, 0xff, 0xc1, 0xb7, 0x1e, 0xff, 0xc1, 0xb7, 0x1e, 0xff, 0xc1, 0xb7,
0x1e, 0xff, 0xc1, 0xb7, 0x1e, 0xff, 0xc1, 0xb7, 0x1e, 0xff, 0xc1, 0xb7, 0x1e, 0xff, 0xc1,
0xb7, 0x1e, 0xff, 0xc1, 0xb7, 0x1e, 0xff, 0xc1, 0xb7, 0x1e, 0xff, 0xc1, 0xb7, 0x1e, 0xff,
0xc1, 0xb7, 0x1e, 0xff, 0xc1, 0xb7, 0x1e, 0xff, 0xc1, 0xb7, 0x1e, 0xff, 0xc1, 0xb7, 0x1e,
0xff, 0xc1, 0xb7, 0x1e, 0xff, 0xc1, 0xb7, 0x1e, 0xff, 0xc1, 0xb7, 0x1e, 0xff, 0xc4, 0xba,
0x20, 0xfc, 0xb0, 0xa7, 0x14, 0x41, 0x81, 0x7f, 0x02, 0x00, 0x83, 0x81, 0x03, 0x00, 0x83,
0x81, 0x03, 0x00, 0x83, 0x81, 0x03, 0x00, 0x83, 0x81, 0x03, 0x00, 0x83, 0x81, 0x03, 0x00,
0x83, 0x81, 0x03, 0x00, 0x83, 0x81, 0x03, 0x00, 0x83, 0x81, 0x03, 0x00, 0x83, 0x81, 0x03,
0x00, 0x83, 0x81, 0x03, 0x00, 0x83, 0x81, 0x03, 0x00, 0xff, 0xff, 0xff, 0x00, 0xff, 0xff,
0xff, 0x00, 0xff, 0xff, 0xff, 0x00, 0xff, 0xff, 0xff, 0x00, 0xff, 0xff, 0xff, 0x00, 0xff,
0xff, 0xff, 0x00, 0xff, 0xff, 0xff, 0x00, 0xff, 0xff, 0xff, 0x00, 0xff, 0xff, 0xff, 0x00,
0xff, 0xff, 0xff, 0x00, 0xff, 0xff, 0xff, 0x00, 0xff, 0xff, 0xff, 0x00, 0xff, 0xff, 0xff,
0x00, 0xff, 0xff, 0xff, 0x00, 0xff, 0xff, 0xff, 0x00, 0x01, 0x01, 0x01, 0x00, 0x01, 0x01,
0x01, 0x00, 0x01, 0x01, 0x01, 0x00, 0x01, 0x01, 0x01, 0x00, 0x01, 0x01, 0x01, 0x00, 0x01,
0x01, 0x01, 0x00, 0x01, 0x01, 0x01, 0x00, 0x01, 0x01, 0x01, 0x00, 0x01, 0x01, 0x01, 0x00,
0x01, 0x01, 0x01, 0x00, 0x01, 0x01, 0x01, 0x00, 0x00, 0x00, 0x00, 0x00, 0x53, 0x52, 0x06,
0x00, 0xc8, 0xbf, 0x1b, 0x2d, 0xc1, 0xb7, 0x1e, 0xdb, 0xc1, 0xb7, 0x1e, 0xff, 0xc1, 0xb7,
0x1e, 0xff, 0xc1, 0xb7, 0x1e, 0xff, 0xc1, 0xb7, 0x1e, 0xff, 0xc1, 0xb7, 0x1e, 0xff, 0xc1,
0xb7, 0x1e, 0xff, 0xc1, 0xb7, 0x1e, 0xff, 0xc1, 0xb7, 0x1e, 0xff, 0xc1, 0xb7, 0x1e, 0xff,
0xc1, 0xb7, 0x1e, 0xff, 0xc1, 0xb7, 0x1e, 0xff, 0xc1, 0xb7, 0x1e, 0xff, 0xc1, 0xb7, 0x1e,
0xff, 0xc1, 0xb7, 0x1e, 0xff, 0xc1, 0xb7, 0x1e, 0xff, 0xc1, 0xb7, 0x1e, 0xff, 0xc1, 0xb7,
0x1e, 0xff, 0xc1, 0xb7, 0x1e, 0xff, 0xc1, 0xb7, 0x1e, 0xff, 0xc1, 0xb7, 0x1e, 0xff, 0xc1,
0xb7, 0x1e, 0xff, 0xc1, 0xb7, 0x1e, 0xff, 0xc1, 0xb7, 0x1e, 0xff, 0xc1, 0xb7, 0x1e, 0xff,
0xc1, 0xb7, 0x1e, 0xff, 0xc1, 0xb7, 0x1e, 0xff, 0xc1, 0xb7, 0x1e, 0xff, 0xc1, 0xb7, 0x1e,
0xff, 0xc1, 0xb7, 0x1e, 0xff, 0xc1, 0xb7, 0x1e, 0xff, 0xc1, 0xb7, 0x1e, 0xff, 0xc1, 0xb7,
0x1e, 0xff, 0xc1, 0xb7, 0x1e, 0xff, 0xc1, 0xb7, 0x1e, 0xff, 0xc1, 0xb7, 0x1e, 0xff, 0xc1,
0xb7, 0x1e, 0xff, 0xc1, 0xb7, 0x1e, 0xff, 0xc1, 0xb7, 0x1e, 0xff, 0xc1, 0xb7, 0x1e, 0xff,
0xc1, 0xb7, 0x1e, 0xff, 0xc1, 0xb7, 0x1e, 0xff, 0xc1, 0xb7, 0x1e, 0xff, 0xc1, 0xb7, 0x1e,
0xff, 0xc1, 0xb7, 0x1e, 0xff, 0xc1, 0xb7, 0x1e, 0xff, 0xc1, 0xb7, 0x1e, 0xff, 0xc1, 0xb7,
0x1e, 0xff, 0xc1, 0xb7, 0x1e, 0xff, 0xc1, 0xb7, 0x1e, 0xff, 0xc1, 0xb7, 0x1e, 0xff, 0xc1,
0xb7, 0x1e, 0xff, 0xc1, 0xb7, 0x1e, 0xff, 0xc1, 0xb7, 0x1e, 0xff, 0xc1, 0xb7, 0x1e, 0xff,
0xc1, 0xb7, 0x1e, 0xff, 0xc1, 0xb7, 0x1e, 0xff, 0xc1, 0xb7, 0x1e, 0xff, 0xc1, 0xb7, 0x1e,
0xff, 0xc1, 0xb7, 0x1e, 0xff, 0xc1, 0xb7, 0x1e, 0xff, 0xc1, 0xb7, 0x1e, 0xff, 0xc1, 0xb7,
0x1e, 0xff, 0xc1, 0xb7, 0x1e, 0xff, 0xc1, 0xb7, 0x1e, 0xff, 0xc1, 0xb7, 0x1e, 0xff, 0xc1,
0xb7, 0x1e, 0xff, 0xc1, 0xb7, 0x1e, 0xff, 0xc1, 0xb7, 0x1e, 0xff, 0xc1, 0xb7, 0x1e, 0xff,
0xc1, 0xb7, 0x1e, 0xff, 0xc1, 0xb7, 0x1e, 0xff, 0xc1, 0xb7, 0x1e, 0xff, 0xc1, 0xb7, 0x1e,
0xff, 0xc1, 0xb7, 0x1e, 0xff, 0xc1, 0xb7, 0x1e, 0xff, 0xc1, 0xb7, 0x1e, 0xff, 0xc1, 0xb7,
0x1e, 0xff, 0xc1, 0xb7, 0x1e, 0xff, 0xc1, 0xb7, 0x1e, 0xff, 0xc1, 0xb7, 0x1e, 0xff, 0xc1,
0xb7, 0x1e, 0xff, 0xc1, 0xb7, 0x1e, 0xff, 0xc1, 0xb7, 0x1e, 0xff, 0xc3, 0xb9, 0x1f, 0xff,
0xbd, 0xb2, 0x17, 0x6c, 0xab, 0xa9, 0x04, 0x00, 0x9f, 0x9f, 0x00, 0x00, 0x9f, 0xa0, 0x01,
0x00, 0x9f, 0xa0, 0x01, 0x00, 0x9f, 0xa0, 0x01, 0x00, 0x9f, 0xa0, 0x01, 0x00, 0x9f, 0xa0,
0x01, 0x00, 0x9f, 0xa0, 0x01, 0x00, 0x9f, 0xa0, 0x01, 0x00, 0x9f, 0xa0, 0x01, 0x00, 0x9f,
0xa0, 0x01, 0x00, 0x9f, 0xa0, 0x01, 0x00, 0x9f, 0xa0, 0x01, 0x00, 0xff, 0xff, 0xff, 0x00,
0xff, 0xff, 0xff, 0x00, 0xff, 0xff, 0xff, 0x00, 0xff, 0xff, 0xff, 0x00, 0xff, 0xff, 0xff,
0x00, 0xff, 0xff, 0xff, 0x00, 0xff, 0xff, 0xff, 0x00, 0xff, 0xff, 0xff, 0x00, 0xff, 0xff,
0xff, 0x00, 0xff, 0xff, 0xff, 0x00, 0xff, 0xff, 0xff, 0x00, 0xff, 0xff, 0xff, 0x00, 0xff,
0xff, 0xff, 0x00, 0xff, 0xff, 0xff, 0x00, 0xff, 0xff, 0xff, 0x00, 0x01, 0x01, 0x01, 0x00,
0x01, 0x01, 0x01, 0x00, 0x01, 0x01, 0x01, 0x00, 0x01, 0x01, 0x01, 0x00, 0x01, 0x01, 0x01,
0x00, 0x01, 0x01, 0x01, 0x00, 0x01, 0x01, 0x01, 0x00, 0x01, 0x01, 0x01, 0x00, 0x01, 0x01,
0x01, 0x00, 0x01, 0x01, 0x01, 0x00, 0x01, 0x01, 0x01, 0x00, 0x00, 0x00, 0x00, 0x00, 0x55,
0x54, 0x07, 0x00, 0xc7, 0xbe, 0x1b, 0x00, 0xbf, 0xb5, 0x1c, 0x2d, 0xc1, 0xb7, 0x1e, 0xde,
0xc1, 0xb7, 0x1e, 0xff, 0xc1, 0xb7, 0x1e, 0xff, 0xc1, 0xb7, 0x1e, 0xff, 0xc1, 0xb7, 0x1e,
0xff, 0xc1, 0xb7, 0x1e, 0xff, 0xc1, 0xb7, 0x1e, 0xff, 0xc1, 0xb7, 0x1e, 0xff, 0xc1, 0xb7,
0x1e, 0xff, 0xc1, 0xb7, 0x1e, 0xff, 0xc1, 0xb7, 0x1e, 0xff, 0xc1, 0xb7, 0x1e, 0xff, 0xc1,
0xb7, 0x1e, 0xff, 0xc1, 0xb7, 0x1e, 0xff, 0xc1, 0xb7, 0x1e, 0xff, 0xc1, 0xb7, 0x1e, 0xff,
0xc1, 0xb7, 0x1e, 0xff, 0xc1, 0xb7, 0x1e, 0xff, 0xc1, 0xb7, 0x1e, 0xff, 0xc1, 0xb7, 0x1e,
0xff, 0xc1, 0xb7, 0x1e, 0xff, 0xc1, 0xb7, 0x1e, 0xff, 0xc1, 0xb7, 0x1e, 0xff, 0xc1, 0xb7,
0x1e, 0xff, 0xc1, 0xb7, 0x1e, 0xff, 0xc1, 0xb7, 0x1e, 0xff, 0xc1, 0xb7, 0x1e, 0xff, 0xc1,
0xb7, 0x1e, 0xff, 0xc1, 0xb7, 0x1e, 0xff, 0xc1, 0xb7, 0x1e, 0xff, 0xc1, 0xb7, 0x1e, 0xff,
0xc1, 0xb7, 0x1e, 0xff, 0xc1, 0xb7, 0x1e, 0xff, 0xc1, 0xb7, 0x1e, 0xff, 0xc1, 0xb7, 0x1e,
0xff, 0xc1, 0xb7, 0x1e, 0xff, 0xc1, 0xb7, 0x1e, 0xff, 0xc1, 0xb7, 0x1e, 0xff, 0xc1, 0xb7,
0x1e, 0xff, 0xc1, 0xb7, 0x1e, 0xff, 0xc1, 0xb7, 0x1e, 0xff, 0xc1, 0xb7, 0x1e, 0xff, 0xc1,
0xb7, 0x1e, 0xff, 0xc1, 0xb7, 0x1e, 0xff, 0xc1, 0xb7, 0x1e, 0xff, 0xc1, 0xb7, 0x1e, 0xff,
0xc1, 0xb7, 0x1e, 0xff, 0xc1, 0xb7, 0x1e, 0xff, 0xc1, 0xb7, 0x1e, 0xff, 0xc1, 0xb7, 0x1e,
0xff, 0xc1, 0xb7, 0x1e, 0xff, 0xc1, 0xb7, 0x1e, 0xff, 0xc1, 0xb7, 0x1e, 0xff, 0xc1, 0xb7,
0x1e, 0xff, 0xc1, 0xb7, 0x1e, 0xff, 0xc1, 0xb7, 0x1e, 0xff, 0xc1, 0xb7, 0x1e, 0xff, 0xc1,
0xb7, 0x1e, 0xff, 0xc1, 0xb7, 0x1e, 0xff, 0xc1, 0xb7, 0x1e, 0xff, 0xc1, 0xb7, 0x1e, 0xff,
0xc1, 0xb7, 0x1e, 0xff, 0xc1, 0xb7, 0x1e, 0xff, 0xc1, 0xb7, 0x1e, 0xff, 0xc1, 0xb7, 0x1e,
0xff, 0xc1, 0xb7, 0x1e, 0xff, 0xc1, 0xb7, 0x1e, 0xff, 0xc1, 0xb7, 0x1e, 0xff, 0xc1, 0xb7,
0x1e, 0xff, 0xc1, 0xb7, 0x1e, 0xff, 0xc1, 0xb7, 0x1e, 0xff, 0xc1, 0xb7, 0x1e, 0xff, 0xc1,
0xb7, 0x1e, 0xff, 0xc1, 0xb7, 0x1e, 0xff, 0xc1, 0xb7, 0x1e, 0xff, 0xc1, 0xb7, 0x1e, 0xff,
0xc1, 0xb7, 0x1e, 0xff, 0xc1, 0xb7, 0x1e, 0xff, 0xc1, 0xb7, 0x1e, 0xff, 0xc1, 0xb7, 0x1e,
0xff, 0xc1, 0xb7, 0x1e, 0xff, 0xc1, 0xb7, 0x1e, 0xff, 0xc1, 0xb7, 0x1e, 0xff, 0xbd, 0xb4,
0x1d, 0x7c, 0xb3, 0xa9, 0x11, 0x00, 0xa7, 0xa7, 0x00, 0x00, 0xaa, 0xaa, 0x01, 0x00, 0xaa,
0xaa, 0x01, 0x00, 0xaa, 0xaa, 0x01, 0x00, 0xaa, 0xaa, 0x01, 0x00, 0xaa, 0xaa, 0x01, 0x00,
0xaa, 0xaa, 0x01, 0x00, 0xaa, 0xaa, 0x01, 0x00, 0xaa, 0xaa, 0x01, 0x00, 0xaa, 0xaa, 0x01,
0x00, 0xaa, 0xaa, 0x01, 0x00, 0xaa, 0xaa, 0x01, 0x00, 0xaa, 0xaa, 0x01, 0x00, 0xff, 0xff,
0xff, 0x00, 0xff, 0xff, 0xff, 0x00, 0xff, 0xff, 0xff, 0x00, 0xff, 0xff, 0xff, 0x00, 0xff,
0xff, 0xff, 0x00, 0xff, 0xff, 0xff, 0x00, 0xff, 0xff, 0xff, 0x00, 0xff, 0xff, 0xff, 0x00,
0xff, 0xff, 0xff, 0x00, 0xff, 0xff, 0xff, 0x00, 0xff, 0xff, 0xff, 0x00, 0xff, 0xff, 0xff,
0x00, 0xff, 0xff, 0xff, 0x00, 0xff, 0xff, 0xff, 0x00, 0xff, 0xff, 0xff, 0x00, 0x01, 0x01,
0x01, 0x00, 0x01, 0x01, 0x01, 0x00, 0x01, 0x01, 0x01, 0x00, 0x01, 0x01, 0x01, 0x00, 0x01,
0x01, 0x01, 0x00, 0x01, 0x01, 0x01, 0x00, 0x01, 0x01, 0x01, 0x00, 0x01, 0x01, 0x01, 0x00,
0x01, 0x01, 0x01, 0x00, 0x01, 0x01, 0x01, 0x00, 0x01, 0x01, 0x01, 0x00, 0x00, 0x00, 0x00,
0x00, 0x55, 0x54, 0x07, 0x00, 0xc7, 0xbe, 0x1b, 0x00, 0xbf, 0xb5, 0x1c, 0x00, 0xc0, 0xb6,
0x1d, 0x2f, 0xc1, 0xb7, 0x1e, 0xe0, 0xc1, 0xb7, 0x1e, 0xff, 0xc1, 0xb7, 0x1e, 0xff, 0xc1,
0xb7, 0x1e, 0xff, 0xc1, 0xb7, 0x1e, 0xff, 0xc1, 0xb7, 0x1e, 0xff, 0xc1, 0xb7, 0x1e, 0xff,
0xc1, 0xb7, 0x1e, 0xff, 0xc1, 0xb7, 0x1e, 0xff, 0xc1, 0xb7, 0x1e, 0xff, 0xc1, 0xb7, 0x1e,
0xff, 0xc1, 0xb7, 0x1e, 0xff, 0xc1, 0xb7, 0x1e, 0xff, 0xc1, 0xb7, 0x1e, 0xff, 0xc1, 0xb7,
0x1e, 0xff, 0xc1, 0xb7, 0x1e, 0xff, 0xc1, 0xb7, 0x1e, 0xff, 0xc1, 0xb7, 0x1e, 0xff, 0xc1,
0xb7, 0x1e, 0xff, 0xc1, 0xb7, 0x1e, 0xff, 0xc1, 0xb7, 0x1e, 0xff, 0xc1, 0xb7, 0x1e, 0xff,
0xc1, 0xb7, 0x1e, 0xff, 0xc1, 0xb7, 0x1e, 0xff, 0xc1, 0xb7, 0x1e, 0xff, 0xc1, 0xb7, 0x1e,
0xff, 0xc1, 0xb7, 0x1e, 0xff, 0xc1, 0xb7, 0x1e, 0xff, 0xc1, 0xb7, 0x1e, 0xff, 0xc1, 0xb7,
0x1e, 0xff, 0xc1, 0xb7, 0x1e, 0xff, 0xc1, 0xb7, 0x1e, 0xff, 0xc1, 0xb7, 0x1e, 0xff, 0xc1,
0xb7, 0x1e, 0xff, 0xc1, 0xb7, 0x1e, 0xff, 0xc1, 0xb7, 0x1e, 0xff, 0xc1, 0xb7, 0x1e, 0xff,
0xc1, 0xb7, 0x1e, 0xff, 0xc1, 0xb7, 0x1e, 0xff, 0xc1, 0xb7, 0x1e, 0xff, 0xc1, 0xb7, 0x1e,
0xff, 0xc1, 0xb7, 0x1e, 0xff, 0xc1, 0xb7, 0x1e, 0xff, 0xc1, 0xb7, 0x1e, 0xff, 0xc1, 0xb7,
0x1e, 0xff, 0xc1, 0xb7, 0x1e, 0xff, 0xc1, 0xb7, 0x1e, 0xff, 0xc1, 0xb7, 0x1e, 0xff, 0xc1,
0xb7, 0x1e, 0xff, 0xc1, 0xb7, 0x1e, 0xff, 0xc1, 0xb7, 0x1e, 0xff, 0xc1, 0xb7, 0x1e, 0xff,
0xc1, 0xb7, 0x1e, 0xff, 0xc1, 0xb7, 0x1e, 0xff, 0xc1, 0xb7, 0x1e, 0xff, 0xc1, 0xb7, 0x1e,
0xff, 0xc1, 0xb7, 0x1e, 0xff, 0xc1, 0xb7, 0x1e, 0xff, 0xc1, 0xb7, 0x1e, 0xff, 0xc1, 0xb7,
0x1e, 0xff, 0xc1, 0xb7, 0x1e, 0xff, 0xc1, 0xb7, 0x1e, 0xff, 0xc1, 0xb7, 0x1e, 0xff, 0xc1,
0xb7, 0x1e, 0xff, 0xc1, 0xb7, 0x1e, 0xff, 0xc1, 0xb7, 0x1e, 0xff, 0xc1, 0xb7, 0x1e, 0xff,
0xc1, 0xb7, 0x1e, 0xff, 0xc1, 0xb7, 0x1e, 0xff, 0xc1, 0xb7, 0x1e, 0xff, 0xc1, 0xb7, 0x1e,
0xff, 0xc1, 0xb7, 0x1e, 0xff, 0xc1, 0xb7, 0x1e, 0xff, 0xc1, 0xb7, 0x1e, 0xff, 0xc1, 0xb7,
0x1e, 0xff, 0xc1, 0xb7, 0x1e, 0xff, 0xc1, 0xb7, 0x1e, 0xff, 0xc1, 0xb7, 0x1e, 0xff, 0xc1,
0xb7, 0x1e, 0xff, 0xc1, 0xb7, 0x1e, 0xff, 0xc2, 0xba, 0x20, 0xff, 0xb9, 0xa9, 0x16, 0x8a,
0x88, 0x83, 0x03, 0x00, 0x83, 0x83, 0x02, 0x00, 0x83, 0x83, 0x01, 0x00, 0x83, 0x83, 0x01,
0x00, 0x83, 0x83, 0x01, 0x00, 0x83, 0x83, 0x01, 0x00, 0x83, 0x83, 0x01, 0x00, 0x83, 0x83,
0x01, 0x00, 0x83, 0x83, 0x01, 0x00, 0x83, 0x83, 0x01, 0x00, 0x83, 0x83, 0x01, 0x00, 0x83,
0x83, 0x01, 0x00, 0x83, 0x83, 0x01, 0x00, 0x83, 0x83, 0x01, 0x00, 0x83, 0x83, 0x01, 0x00,
0xff, 0xff, 0xff, 0x00, 0xff, 0xff, 0xff, 0x00, 0xff, 0xff, 0xff, 0x00, 0xff, 0xff, 0xff,
0x00, 0xff, 0xff, 0xff, 0x00, 0xff, 0xff, 0xff, 0x00, 0xff, 0xff, 0xff, 0x00, 0xff, 0xff,
0xff, 0x00, 0xff, 0xff, 0xff, 0x00, 0xff, 0xff, 0xff, 0x00, 0xff, 0xff, 0xff, 0x00, 0xff,
0xff, 0xff, 0x00, 0xff, 0xff, 0xff, 0x00, 0xff, 0xff, 0xff, 0x00, 0xff, 0xff, 0xff, 0x00,
0x01, 0x01, 0x01, 0x00, 0x01, 0x01, 0x01, 0x00, 0x01, 0x01, 0x01, 0x00, 0x01, 0x01, 0x01,
0x00, 0x01, 0x01, 0x01, 0x00, 0x01, 0x01, 0x01, 0x00, 0x01, 0x01, 0x01, 0x00, 0x01, 0x01,
0x01, 0x00, 0x01, 0x01, 0x01, 0x00, 0x01, 0x01, 0x01, 0x00, 0x01, 0x01, 0x01, 0x00, 0x00,
0x00, 0x00, 0x00, 0x55, 0x54, 0x07, 0x00, 0xc7, 0xbe, 0x1b, 0x00, 0xc0, 0xb5, 0x1c, 0x00,
0xc0, 0xb6, 0x1d, 0x00, 0xc1, 0xb7, 0x1d, 0x3b, 0xc1, 0xb7, 0x1e, 0xe0, 0xc1, 0xb7, 0x1e,
0xff, 0xc1, 0xb7, 0x1e, 0xff, 0xc1, 0xb7, 0x1e, 0xff, 0xc1, 0xb7, 0x1e, 0xff, 0xc1, 0xb7,
0x1e, 0xff, 0xc1, 0xb7, 0x1e, 0xff, 0xc1, 0xb7, 0x1e, 0xff, 0xc1, 0xb7, 0x1e, 0xff, 0xc1,
0xb7, 0x1e, 0xff, 0xc1, 0xb7, 0x1e, 0xff, 0xc1, 0xb7, 0x1e, 0xff, 0xc1, 0xb7, 0x1e, 0xff,
0xc1, 0xb7, 0x1e, 0xff, 0xc1, 0xb7, 0x1e, 0xff, 0xc1, 0xb7, 0x1e, 0xff, 0xc1, 0xb7, 0x1e,
0xff, 0xc1, 0xb7, 0x1e, 0xff, 0xc1, 0xb7, 0x1e, 0xff, 0xc1, 0xb7, 0x1e, 0xff, 0xc1, 0xb7,
0x1e, 0xff, 0xc1, 0xb7, 0x1e, 0xff, 0xc1, 0xb7, 0x1e, 0xff, 0xc1, 0xb7, 0x1e, 0xff, 0xc1,
0xb7, 0x1e, 0xff, 0xc1, 0xb7, 0x1e, 0xff, 0xc1, 0xb7, 0x1e, 0xff, 0xc1, 0xb7, 0x1e, 0xff,
0xc1, 0xb7, 0x1e, 0xff, 0xc1, 0xb7, 0x1e, 0xff, 0xc1, 0xb7, 0x1e, 0xff, 0xc1, 0xb7, 0x1e,
0xff, 0xc1, 0xb7, 0x1e, 0xff, 0xc1, 0xb7, 0x1e, 0xff, 0xc1, 0xb7, 0x1e, 0xff, 0xc1, 0xb7,
0x1e, 0xff, 0xc1, 0xb7, 0x1e, 0xff, 0xc1, 0xb7, 0x1e, 0xff, 0xc1, 0xb7, 0x1e, 0xff, 0xc1,
0xb7, 0x1e, 0xff, 0xc1, 0xb7, 0x1e, 0xff, 0xc1, 0xb7, 0x1e, 0xff, 0xc1, 0xb7, 0x1e, 0xff,
0xc1, 0xb7, 0x1e, 0xff, 0xc1, 0xb7, 0x1e, 0xff, 0xc1, 0xb7, 0x1e, 0xff, 0xc1, 0xb7, 0x1e,
0xff, 0xc1, 0xb7, 0x1e, 0xff, 0xc1, 0xb7, 0x1e, 0xff, 0xc1, 0xb7, 0x1e, 0xff, 0xc1, 0xb7,
0x1e, 0xff, 0xc1, 0xb7, 0x1e, 0xff, 0xc1, 0xb7, 0x1e, 0xff, 0xc1, 0xb7, 0x1e, 0xff, 0xc1,
0xb7, 0x1e, 0xff, 0xc1, 0xb7, 0x1e, 0xff, 0xc1, 0xb7, 0x1e, 0xff, 0xc1, 0xb7, 0x1e, 0xff,
0xc1, 0xb7, 0x1e, 0xff, 0xc1, 0xb7, 0x1e, 0xff, 0xc1, 0xb7, 0x1e, 0xff, 0xc1, 0xb7, 0x1e,
0xff, 0xc1, 0xb7, 0x1e, 0xff, 0xc1, 0xb7, 0x1e, 0xff, 0xc1, 0xb7, 0x1e, 0xff, 0xc1, 0xb7,
0x1e, 0xff, 0xc1, 0xb7, 0x1e, 0xff, 0xc1, 0xb7, 0x1e, 0xff, 0xc1, 0xb7, 0x1e, 0xff, 0xc1,
0xb7, 0x1e, 0xff, 0xc1, 0xb7, 0x1e, 0xff, 0xc1, 0xb7, 0x1e, 0xff, 0xc1, 0xb7, 0x1e, 0xff,
0xc1, 0xb7, 0x1e, 0xff, 0xc1, 0xb7, 0x1e, 0xff, 0xc1, 0xb7, 0x1e, 0xff, 0xc1, 0xb7, 0x1e,
0xff, 0xc1, 0xb7, 0x1e, 0xff, 0xc2, 0xb8, 0x1f, 0xff, 0xbe, 0xb7, 0x1c, 0x96, 0xb1, 0x9f,
0x0f, 0x00, 0x84, 0x7d, 0x00, 0x00, 0x7e, 0x7f, 0x01, 0x00, 0x7f, 0x7f, 0x01, 0x00, 0x7f,
0x7f, 0x01, 0x00, 0x7f, 0x7f, 0x01, 0x00, 0x7f, 0x7f, 0x01, 0x00, 0x7f, 0x7f, 0x01, 0x00,
0x7f, 0x7f, 0x01, 0x00, 0x7f, 0x7f, 0x01, 0x00, 0x7f, 0x7f, 0x01, 0x00, 0x7f, 0x7f, 0x01,
0x00, 0x7f, 0x7f, 0x01, 0x00, 0x7f, 0x7f, 0x01, 0x00, 0x7f, 0x7f, 0x01, 0x00, 0x7f, 0x7f,
0x01, 0x00, 0xff, 0xff, 0xff, 0x00, 0xff, 0xff, 0xff, 0x00, 0xff, 0xff, 0xff, 0x00, 0xff,
0xff, 0xff, 0x00, 0xff, 0xff, 0xff, 0x00, 0xff, 0xff, 0xff, 0x00, 0xff, 0xff, 0xff, 0x00,
0xff, 0xff, 0xff, 0x00, 0xff, 0xff, 0xff, 0x00, 0xff, 0xff, 0xff, 0x00, 0xff, 0xff, 0xff,
0x00, 0xff, 0xff, 0xff, 0x00, 0xff, 0xff, 0xff, 0x00, 0xff, 0xff, 0xff, 0x00, 0xff, 0xff,
0xff, 0x00, 0x01, 0x01, 0x01, 0x00, 0x01, 0x01, 0x01, 0x00, 0x01, 0x01, 0x01, 0x00, 0x01,
0x01, 0x01, 0x00, 0x01, 0x01, 0x01, 0x00, 0x01, 0x01, 0x01, 0x00, 0x01, 0x01, 0x01, 0x00,
0x01, 0x01, 0x01, 0x00, 0x01, 0x01, 0x01, 0x00, 0x01, 0x01, 0x01, 0x00, 0x01, 0x01, 0x01,
0x00, 0x00, 0x00, 0x00, 0x00, 0x55, 0x54, 0x07, 0x00, 0xc7, 0xbe, 0x1b, 0x00, 0xc0, 0xb5,
0x1c, 0x00, 0xc0, 0xb7, 0x1d, 0x00, 0xc0, 0xb6, 0x1d, 0x00, 0xc0, 0xb6, 0x1e, 0x31, 0xc1,
0xb7, 0x1e, 0xde, 0xc1, 0xb7, 0x1e, 0xff, 0xc1, 0xb7, 0x1e, 0xff, 0xc1, 0xb7, 0x1e, 0xff,
0xc1, 0xb7, 0x1e, 0xff, 0xc1, 0xb7, 0x1e, 0xff, 0xc1, 0xb7, 0x1e, 0xff, 0xc1, 0xb7, 0x1e,
0xff, 0xc1, 0xb7, 0x1e, 0xff, 0xc1, 0xb7, 0x1e, 0xff, 0xc1, 0xb7, 0x1e, 0xff, 0xc1, 0xb7,
0x1e, 0xff, 0xc1, 0xb7, 0x1e, 0xff, 0xc1, 0xb7, 0x1e, 0xff, 0xc1, 0xb7, 0x1e, 0xff, 0xc1,
0xb7, 0x1e, 0xff, 0xc1, 0xb7, 0x1e, 0xff, 0xc1, 0xb7, 0x1e, 0xff, 0xc1, 0xb7, 0x1e, 0xff,
0xc1, 0xb7, 0x1e, 0xff, 0xc1, 0xb7, 0x1e, 0xff, 0xc1, 0xb7, 0x1e, 0xff, 0xc1, 0xb7, 0x1e,
0xff, 0xc1, 0xb7, 0x1e, 0xff, 0xc1, 0xb7, 0x1e, 0xff, 0xc1, 0xb7, 0x1e, 0xff, 0xc1, 0xb7,
0x1e, 0xff, 0xc1, 0xb7, 0x1e, 0xff, 0xc1, 0xb7, 0x1e, 0xff, 0xc1, 0xb7, 0x1e, 0xff, 0xc1,
0xb7, 0x1e, 0xff, 0xc1, 0xb7, 0x1e, 0xff, 0xc1, 0xb7, 0x1e, 0xff, 0xc1, 0xb7, 0x1e, 0xff,
0xc1, 0xb7, 0x1e, 0xff, 0xc1, 0xb7, 0x1e, 0xff, 0xc1, 0xb7, 0x1e, 0xff, 0xc1, 0xb7, 0x1e,
0xff, 0xc1, 0xb7, 0x1e, 0xff, 0xc1, 0xb7, 0x1e, 0xff, 0xc1, 0xb7, 0x1e, 0xff, 0xc1, 0xb7,
0x1e, 0xff, 0xc1, 0xb7, 0x1e, 0xff, 0xc1, 0xb7, 0x1e, 0xff, 0xc1, 0xb7, 0x1e, 0xff, 0xc1,
0xb7, 0x1e, 0xff, 0xc1, 0xb7, 0x1e, 0xff, 0xc1, 0xb7, 0x1e, 0xff, 0xc1, 0xb7, 0x1e, 0xff,
0xc1, 0xb7, 0x1e, 0xff, 0xc1, 0xb7, 0x1e, 0xff, 0xc1, 0xb7, 0x1e, 0xff, 0xc1, 0xb7, 0x1e,
0xff, 0xc1, 0xb7, 0x1e, 0xff, 0xc1, 0xb7, 0x1e, 0xff, 0xc1, 0xb7, 0x1e, 0xff, 0xc1, 0xb7,
0x1e, 0xff, 0xc1, 0xb7, 0x1e, 0xff, 0xc1, 0xb7, 0x1e, 0xff, 0xc1, 0xb7, 0x1e, 0xff, 0xc1,
0xb7, 0x1e, 0xff, 0xc1, 0xb7, 0x1e, 0xff, 0xc1, 0xb7, 0x1e, 0xff, 0xc1, 0xb7, 0x1e, 0xff,
0xc1, 0xb7, 0x1e, 0xff, 0xc1, 0xb7, 0x1e, 0xff, 0xc1, 0xb7, 0x1e, 0xff, 0xc1, 0xb7, 0x1e,
0xff, 0xc1, 0xb7, 0x1e, 0xff, 0xc1, 0xb7, 0x1e, 0xff, 0xc1, 0xb7, 0x1e, 0xff, 0xc1, 0xb7,
0x1e, 0xff, 0xc1, 0xb7, 0x1e, 0xff, 0xc1, 0xb7, 0x1e, 0xff, 0xc1, 0xb7, 0x1e, 0xff, 0xc1,
0xb7, 0x1e, 0xff, 0xc2, 0xb7, 0x1f, 0xff, 0xb8, 0xb1, 0x15, 0x86, 0xb7, 0xb0, 0x16, 0x00,
0xb2, 0xa0, 0x10, 0x00, 0x85, 0x7e, 0x00, 0x00, 0x7f, 0x80, 0x01, 0x00, 0x80, 0x80, 0x01,
0x00, 0x80, 0x80, 0x01, 0x00, 0x80, 0x80, 0x01, 0x00, 0x80, 0x80, 0x01, 0x00, 0x80, 0x80,
0x01, 0x00, 0x80, 0x80, 0x01, 0x00, 0x80, 0x80, 0x01, 0x00, 0x80, 0x80, 0x01, 0x00, 0x80,
0x80, 0x01, 0x00, 0x80, 0x80, 0x01, 0x00, 0x80, 0x80, 0x01, 0x00, 0x80, 0x80, 0x01, 0x00,
0x80, 0x80, 0x01, 0x00, 0xff, 0xff, 0xff, 0x00, 0xff, 0xff, 0xff, 0x00, 0xff, 0xff, 0xff,
0x00, 0xff, 0xff, 0xff, 0x00, 0xff, 0xff, 0xff, 0x00, 0xff, 0xff, 0xff, 0x00, 0xff, 0xff,
0xff, 0x00, 0xff, 0xff, 0xff, 0x00, 0xff, 0xff, 0xff, 0x00, 0xff, 0xff, 0xff, 0x00, 0xff,
0xff, 0xff, 0x00, 0xff, 0xff, 0xff, 0x00, 0xff, 0xff, 0xff, 0x00, 0xff, 0xff, 0xff, 0x00,
0xff, 0xff, 0xff, 0x00, 0x01, 0x01, 0x01, 0x00, 0x01, 0x01, 0x01, 0x00, 0x01, 0x01, 0x01,
0x00, 0x01, 0x01, 0x01, 0x00, 0x01, 0x01, 0x01, 0x00, 0x01, 0x01, 0x01, 0x00, 0x01, 0x01,
0x01, 0x00, 0x01, 0x01, 0x01, 0x00, 0x01, 0x01, 0x01, 0x00, 0x01, 0x01, 0x01, 0x00, 0x01,
0x01, 0x01, 0x00, 0x00, 0x00, 0x00, 0x00, 0x55, 0x54, 0x07, 0x00, 0xc7, 0xbe, 0x1b, 0x00,
0xc0, 0xb5, 0x1c, 0x00, 0xc0, 0xb7, 0x1d, 0x00, 0xc0, 0xb6, 0x1d, 0x00, 0xc0, 0xb6, 0x1d,
0x00, 0xc0, 0xb6, 0x1c, 0x2d, 0xc1, 0xb7, 0x1e, 0xd7, 0xc1, 0xb7, 0x1e, 0xff, 0xc1, 0xb7,
0x1e, 0xff, 0xc1, 0xb7, 0x1e, 0xff, 0xc1, 0xb7, 0x1e, 0xff, 0xc1, 0xb7, 0x1e, 0xff, 0xc1,
0xb7, 0x1e, 0xff, 0xc1, 0xb7, 0x1e, 0xff, 0xc1, 0xb7, 0x1e, 0xff, 0xc1, 0xb7, 0x1e, 0xff,
0xc1, 0xb7, 0x1e, 0xff, 0xc1, 0xb7, 0x1e, 0xff, 0xc1, 0xb7, 0x1e, 0xff, 0xc1, 0xb7, 0x1e,
0xff, 0xc1, 0xb7, 0x1e, 0xff, 0xc1, 0xb7, 0x1e, 0xff, 0xc1, 0xb7, 0x1e, 0xff, 0xc1, 0xb7,
0x1e, 0xff, 0xc1, 0xb7, 0x1e, 0xff, 0xc1, 0xb7, 0x1e, 0xff, 0xc1, 0xb7, 0x1e, 0xff, 0xc1,
0xb7, 0x1e, 0xff, 0xc1, 0xb7, 0x1e, 0xff, 0xc1, 0xb7, 0x1e, 0xff, 0xc1, 0xb7, 0x1e, 0xff,
0xc1, 0xb7, 0x1e, 0xff, 0xc1, 0xb7, 0x1e, 0xff, 0xc1, 0xb7, 0x1e, 0xff, 0xc1, 0xb7, 0x1e,
0xff, 0xc1, 0xb7, 0x1e, 0xff, 0xc1, 0xb7, 0x1e, 0xff, 0xc1, 0xb7, 0x1e, 0xff, 0xc1, 0xb7,
0x1e, 0xff, 0xc1, 0xb7, 0x1e, 0xff, 0xc1, 0xb7, 0x1e, 0xff, 0xc1, 0xb7, 0x1e, 0xff, 0xc1,
0xb7, 0x1e, 0xff, 0xc1, 0xb7, 0x1e, 0xff, 0xc1, 0xb7, 0x1e, 0xff, 0xc1, 0xb7, 0x1e, 0xff,
0xc1, 0xb7, 0x1e, 0xff, 0xc1, 0xb7, 0x1e, 0xff, 0xc1, 0xb7, 0x1e, 0xff, 0xc1, 0xb7, 0x1e,
0xff, 0xc1, 0xb7, 0x1e, 0xff, 0xc1, 0xb7, 0x1e, 0xff, 0xc1, 0xb7, 0x1e, 0xff, 0xc1, 0xb7,
0x1e, 0xff, 0xc1, 0xb7, 0x1e, 0xff, 0xc1, 0xb7, 0x1e, 0xff, 0xc1, 0xb7, 0x1e, 0xff, 0xc1,
0xb7, 0x1e, 0xff, 0xc1, 0xb7, 0x1e, 0xff, 0xc1, 0xb7, 0x1e, 0xff, 0xc1, 0xb7, 0x1e, 0xff,
0xc1, 0xb7, 0x1e, 0xff, 0xc1, 0xb7, 0x1e, 0xff, 0xc1, 0xb7, 0x1e, 0xff, 0xc1, 0xb7, 0x1e,
0xff, 0xc1, 0xb7, 0x1e, 0xff, 0xc1, 0xb7, 0x1e, 0xff, 0xc1, 0xb7, 0x1e, 0xff, 0xc1, 0xb7,
0x1e, 0xff, 0xc1, 0xb7, 0x1e, 0xff, 0xc1, 0xb7, 0x1e, 0xff, 0xc1, 0xb7, 0x1e, 0xff, 0xc1,
0xb7, 0x1e, 0xff, 0xc1, 0xb7, 0x1e, 0xff, 0xc1, 0xb7, 0x1e, 0xff, 0xc1, 0xb7, 0x1e, 0xff,
0xc1, 0xb7, 0x1e, 0xff, 0xc1, 0xb7, 0x1e, 0xff, 0xc1, 0xb7, 0x1e, 0xff, 0xc1, 0xb7, 0x1e,
0xff, 0xc1, 0xb7, 0x1e, 0xfd, 0xc1, 0xb7, 0x1e, 0x74, 0xae, 0xaa, 0x0d, 0x00, 0xb6, 0xb0,
0x15, 0x00, 0xb2, 0xa0, 0x10, 0x00, 0x85, 0x7e, 0x00, 0x00, 0x7f, 0x80, 0x01, 0x00, 0x80,
0x80, 0x01, 0x00, 0x80, 0x80, 0x01, 0x00, 0x80, 0x80, 0x01, 0x00, 0x80, 0x80, 0x01, 0x00,
0x80, 0x80, 0x01, 0x00, 0x80, 0x80, 0x01, 0x00, 0x80, 0x80, 0x01, 0x00, 0x80, 0x80, 0x01,
0x00, 0x80, 0x80, 0x01, 0x00, 0x80, 0x80, 0x01, 0x00, 0x80, 0x80, 0x01, 0x00, 0x80, 0x80,
0x01, 0x00, 0x80, 0x80, 0x01, 0x00, 0xff, 0xff, 0xff, 0x00, 0xff, 0xff, 0xff, 0x00, 0xff,
0xff, 0xff, 0x00, 0xff, 0xff, 0xff, 0x00, 0xff, 0xff, 0xff, 0x00, 0xff, 0xff, 0xff, 0x00,
0xff, 0xff, 0xff, 0x00, 0xff, 0xff, 0xff, 0x00, 0xff, 0xff, 0xff, 0x00, 0xff, 0xff, 0xff,
0x00, 0xff, 0xff, 0xff, 0x00, 0xff, 0xff, 0xff, 0x00, 0xff, 0xff, 0xff, 0x00, 0xff, 0xff,
0xff, 0x00, 0xff, 0xff, 0xff, 0x00, 0x01, 0x01, 0x01, 0x00, 0x01, 0x01, 0x01, 0x00, 0x01,
0x01, 0x01, 0x00, 0x01, 0x01, 0x01, 0x00, 0x01, 0x01, 0x01, 0x00, 0x01, 0x01, 0x01, 0x00,
0x01, 0x01, 0x01, 0x00, 0x01, 0x01, 0x01, 0x00, 0x01, 0x01, 0x01, 0x00, 0x01, 0x01, 0x01,
0x00, 0x01, 0x01, 0x01, 0x00, 0x00, 0x00, 0x00, 0x00, 0x55, 0x54, 0x07, 0x00, 0xc7, 0xbe,
0x1b, 0x00, 0xc0, 0xb5, 0x1c, 0x00, 0xc0, 0xb7, 0x1d, 0x00, 0xc0, 0xb6, 0x1d, 0x00, 0xc1,
0xb6, 0x1d, 0x00, 0xbf, 0xb5, 0x1c, 0x00, 0xba, 0xb1, 0x1a, 0x23, 0xc0, 0xb6, 0x1d, 0xd0,
0xc1, 0xb8, 0x1e, 0xff, 0xc1, 0xb7, 0x1e, 0xff, 0xc1, 0xb7, 0x1e, 0xff, 0xc1, 0xb7, 0x1e,
0xff, 0xc1, 0xb7, 0x1e, 0xff, 0xc1, 0xb7, 0x1e, 0xff, 0xc1, 0xb7, 0x1e, 0xff, 0xc1, 0xb7,
0x1e, 0xff, 0xc1, 0xb7, 0x1e, 0xff, 0xc1, 0xb7, 0x1e, 0xff, 0xc1, 0xb7, 0x1e, 0xff, 0xc1,
0xb7, 0x1e, 0xff, 0xc1, 0xb7, 0x1e, 0xff, 0xc1, 0xb7, 0x1e, 0xff, 0xc1, 0xb7, 0x1e, 0xff,
0xc1, 0xb7, 0x1e, 0xff, 0xc1, 0xb7, 0x1e, 0xff, 0xc1, 0xb7, 0x1e, 0xff, 0xc1, 0xb7, 0x1e,
0xff, 0xc1, 0xb7, 0x1e, 0xff, 0xc1, 0xb7, 0x1e, 0xff, 0xc1, 0xb7, 0x1e, 0xff, 0xc1, 0xb7,
0x1e, 0xff, 0xc1, 0xb7, 0x1e, 0xff, 0xc1, 0xb7, 0x1e, 0xff, 0xc1, 0xb7, 0x1e, 0xff, 0xc1,
0xb7, 0x1e, 0xff, 0xc1, 0xb7, 0x1e, 0xff, 0xc1, 0xb7, 0x1e, 0xff, 0xc1, 0xb7, 0x1e, 0xff,
0xc1, 0xb7, 0x1e, 0xff, 0xc1, 0xb7, 0x1e, 0xff, 0xc1, 0xb7, 0x1e, 0xff, 0xc1, 0xb7, 0x1e,
0xff, 0xc1, 0xb7, 0x1e, 0xff, 0xc1, 0xb7, 0x1e, 0xff, 0xc1, 0xb7, 0x1e, 0xff, 0xc1, 0xb7,
0x1e, 0xff, 0xc1, 0xb7, 0x1e, 0xff, 0xc1, 0xb7, 0x1e, 0xff, 0xc1, 0xb7, 0x1e, 0xff, 0xc1,
0xb7, 0x1e, 0xff, 0xc1, 0xb7, 0x1e, 0xff, 0xc1, 0xb7, 0x1e, 0xff, 0xc1, 0xb7, 0x1e, 0xff,
0xc1, 0xb7, 0x1e, 0xff, 0xc1, 0xb7, 0x1e, 0xff, 0xc1, 0xb7, 0x1e, 0xff, 0xc1, 0xb7, 0x1e,
0xff, 0xc1, 0xb7, 0x1e, 0xff, 0xc1, 0xb7, 0x1e, 0xff, 0xc1, 0xb7, 0x1e, 0xff, 0xc1, 0xb7,
0x1e, 0xff, 0xc1, 0xb7, 0x1e, 0xff, 0xc1, 0xb7, 0x1e, 0xff, 0xc1, 0xb7, 0x1e, 0xff, 0xc1,
0xb7, 0x1e, 0xff, 0xc1, 0xb7, 0x1e, 0xff, 0xc1, 0xb7, 0x1e, 0xff, 0xc1, 0xb7, 0x1e, 0xff,
0xc1, 0xb7, 0x1e, 0xff, 0xc1, 0xb7, 0x1e, 0xff, 0xc1, 0xb7, 0x1e, 0xff, 0xc1, 0xb7, 0x1e,
0xff, 0xc1, 0xb7, 0x1e, 0xff, 0xc1, 0xb7, 0x1e, 0xff, 0xc1, 0xb7, 0x1e, 0xff, 0xc1, 0xb7,
0x1e, 0xff, 0xc1, 0xb7, 0x1e, 0xff, 0xc1, 0xb7, 0x1e, 0xff, 0xc2, 0xb8, 0x1e, 0xff, 0xc2,
0xb8, 0x1f, 0xf3, 0xbd, 0xab, 0x17, 0x62, 0xbe, 0xb4, 0x1c, 0x00, 0xaf, 0xab, 0x0e, 0x00,
0xb6, 0xb0, 0x15, 0x00, 0xb2, 0xa0, 0x10, 0x00, 0x85, 0x7e, 0x00, 0x00, 0x7f, 0x80, 0x01,
0x00, 0x80, 0x80, 0x01, 0x00, 0x80, 0x80, 0x01, 0x00, 0x80, 0x80, 0x01, 0x00, 0x80, 0x80,
0x01, 0x00, 0x80, 0x80, 0x01, 0x00, 0x80, 0x80, 0x01, 0x00, 0x80, 0x80, 0x01, 0x00, 0x80,
0x80, 0x01, 0x00, 0x80, 0x80, 0x01, 0x00, 0x80, 0x80, 0x01, 0x00, 0x80, 0x80, 0x01, 0x00,
0x80, 0x80, 0x01, 0x00, 0x80, 0x80, 0x01, 0x00, 0xff, 0xff, 0xff, 0x00, 0xff, 0xff, 0xff,
0x00, 0xff, 0xff, 0xff, 0x00, 0xff, 0xff, 0xff, 0x00, 0xff, 0xff, 0xff, 0x00, 0xff, 0xff,
0xff, 0x00, 0xff, 0xff, 0xff, 0x00, 0xff, 0xff, 0xff, 0x00, 0xff, 0xff, 0xff, 0x00, 0xff,
0xff, 0xff, 0x00, 0xff, 0xff, 0xff, 0x00, 0xff, 0xff, 0xff, 0x00, 0xff, 0xff, 0xff, 0x00,
0xff, 0xff, 0xff, 0x00, 0xff, 0xff, 0xff, 0x00, 0x01, 0x01, 0x01, 0x00, 0x01, 0x01, 0x01,
0x00, 0x01, 0x01, 0x01, 0x00, 0x01, 0x01, 0x01, 0x00, 0x01, 0x01, 0x01, 0x00, 0x01, 0x01,
0x01, 0x00, 0x01, 0x01, 0x01, 0x00, 0x01, 0x01, 0x01, 0x00, 0x01, 0x01, 0x01, 0x00, 0x01,
0x01, 0x01, 0x00, 0x01, 0x01, 0x01, 0x00, 0x00, 0x00, 0x00, 0x00, 0x55, 0x54, 0x07, 0x00,
0xc7, 0xbe, 0x1b, 0x00, 0xc0, 0xb5, 0x1c, 0x00, 0xc0, 0xb7, 0x1d, 0x00, 0xc0, 0xb6, 0x1d,
0x00, 0xc1, 0xb6, 0x1d, 0x00, 0xc0, 0xb6, 0x1d, 0x00, 0xb7, 0xb0, 0x17, 0x00, 0xbd, 0xb4,
0x19, 0x0f, 0xc1, 0xb2, 0x1b, 0xb4, 0xc2, 0xb8, 0x1f, 0xff, 0xc1, 0xb7, 0x1e, 0xff, 0xc1,
0xb7, 0x1e, 0xff, 0xc1, 0xb7, 0x1e, 0xff, 0xc1, 0xb7, 0x1e, 0xff, 0xc1, 0xb7, 0x1e, 0xff,
0xc1, 0xb7, 0x1e, 0xff, 0xc1, 0xb7, 0x1e, 0xff, 0xc1, 0xb7, 0x1e, 0xff, 0xc1, 0xb7, 0x1e,
0xff, 0xc1, 0xb7, 0x1e, 0xff, 0xc1, 0xb7, 0x1e, 0xff, 0xc1, 0xb7, 0x1e, 0xff, 0xc1, 0xb7,
0x1e, 0xff, 0xc1, 0xb7, 0x1e, 0xff, 0xc1, 0xb7, 0x1e, 0xff, 0xc1, 0xb7, 0x1e, 0xff, 0xc1,
0xb7, 0x1e, 0xff, 0xc1, 0xb7, 0x1e, 0xff, 0xc1, 0xb7, 0x1e, 0xff, 0xc1, 0xb7, 0x1e, 0xff,
0xc1, 0xb7, 0x1e, 0xff, 0xc1, 0xb7, 0x1e, 0xff, 0xc1, 0xb7, 0x1e, 0xff, 0xc1, 0xb7, 0x1e,
0xff, 0xc1, 0xb7, 0x1e, 0xff, 0xc1, 0xb7, 0x1e, 0xff, 0xc1, 0xb7, 0x1e, 0xff, 0xc1, 0xb7,
0x1e, 0xff, 0xc1, 0xb7, 0x1e, 0xff, 0xc1, 0xb7, 0x1e, 0xff, 0xc1, 0xb7, 0x1e, 0xff, 0xc1,
0xb7, 0x1e, 0xff, 0xc1, 0xb7, 0x1e, 0xff, 0xc1, 0xb7, 0x1e, 0xff, 0xc1, 0xb7, 0x1e, 0xff,
0xc1, 0xb7, 0x1e, 0xff, 0xc1, 0xb7, 0x1e, 0xff, 0xc1, 0xb7, 0x1e, 0xff, 0xc1, 0xb7, 0x1e,
0xff, 0xc1, 0xb7, 0x1e, 0xff, 0xc1, 0xb7, 0x1e, 0xff, 0xc1, 0xb7, 0x1e, 0xff, 0xc1, 0xb7,
0x1e, 0xff, 0xc1, 0xb7, 0x1e, 0xff, 0xc1, 0xb7, 0x1e, 0xff, 0xc1, 0xb7, 0x1e, 0xff, 0xc1,
0xb7, 0x1e, 0xff, 0xc1, 0xb7, 0x1e, 0xff, 0xc1, 0xb7, 0x1e, 0xff, 0xc1, 0xb7, 0x1e, 0xff,
0xc1, 0xb7, 0x1e, 0xff, 0xc1, 0xb7, 0x1e, 0xff, 0xc1, 0xb7, 0x1e, 0xff, 0xc1, 0xb7, 0x1e,
0xff, 0xc1, 0xb7, 0x1e, 0xff, 0xc1, 0xb7, 0x1e, 0xff, 0xc1, 0xb7, 0x1e, 0xff, 0xc1, 0xb7,
0x1e, 0xff, 0xc1, 0xb7, 0x1e, 0xff, 0xc1, 0xb7, 0x1e, 0xff, 0xc1, 0xb7, 0x1e, 0xff, 0xc1,
0xb7, 0x1e, 0xff, 0xc1, 0xb7, 0x1e, 0xff, 0xc1, 0xb7, 0x1e, 0xff, 0xc1, 0xb7, 0x1e, 0xff,
0xc1, 0xb7, 0x1e, 0xff, 0xc1, 0xb7, 0x1e, 0xff, 0xc1, 0xb7, 0x1e, 0xff, 0xbd, 0xb3, 0x1d,
0xdc, 0xba, 0xb5, 0x16, 0x37, 0xbc, 0xa7, 0x14, 0x00, 0xbf, 0xb3, 0x1c, 0x00, 0xaf, 0xab,
0x0e, 0x00, 0xb6, 0xb0, 0x15, 0x00, 0xb2, 0xa0, 0x10, 0x00, 0x85, 0x7e, 0x00, 0x00, 0x7f,
0x80, 0x01, 0x00, 0x80, 0x80, 0x01, 0x00, 0x80, 0x80, 0x01, 0x00, 0x80, 0x80, 0x01, 0x00,
0x80, 0x80, 0x01, 0x00, 0x80, 0x80, 0x01, 0x00, 0x80, 0x80, 0x01, 0x00, 0x80, 0x80, 0x01,
0x00, 0x80, 0x80, 0x01, 0x00, 0x80, 0x80, 0x01, 0x00, 0x80, 0x80, 0x01, 0x00, 0x80, 0x80,
0x01, 0x00, 0x80, 0x80, 0x01, 0x00, 0x80, 0x80, 0x01, 0x00, 0xff, 0xff, 0xff, 0x00, 0xff,
0xff, 0xff, 0x00, 0xff, 0xff, 0xff, 0x00, 0xff, 0xff, 0xff, 0x00, 0xff, 0xff, 0xff, 0x00,
0xff, 0xff, 0xff, 0x00, 0xff, 0xff, 0xff, 0x00, 0xff, 0xff, 0xff, 0x00, 0xff, 0xff, 0xff,
0x00, 0xff, 0xff, 0xff, 0x00, 0xff, 0xff, 0xff, 0x00, 0xff, 0xff, 0xff, 0x00, 0xff, 0xff,
0xff, 0x00, 0xff, 0xff, 0xff, 0x00, 0xff, 0xff, 0xff, 0x00, 0x01, 0x01, 0x01, 0x00, 0x01,
0x01, 0x01, 0x00, 0x01, 0x01, 0x01, 0x00, 0x01, 0x01, 0x01, 0x00, 0x01, 0x01, 0x01, 0x00,
0x01, 0x01, 0x01, 0x00, 0x01, 0x01, 0x01, 0x00, 0x01, 0x01, 0x01, 0x00, 0x01, 0x01, 0x01,
0x00, 0x01, 0x01, 0x01, 0x00, 0x01, 0x01, 0x01, 0x00, 0x00, 0x00, 0x00, 0x00, 0x55, 0x54,
0x07, 0x00, 0xc7, 0xbe, 0x1b, 0x00, 0xc0, 0xb5, 0x1c, 0x00, 0xc0, 0xb7, 0x1d, 0x00, 0xc0,
0xb6, 0x1d, 0x00, 0xc1, 0xb6, 0x1d, 0x00, 0xc0, 0xb6, 0x1d, 0x00, 0xb8, 0xb0, 0x18, 0x00,
0xbd, 0xb2, 0x19, 0x00, 0xbe, 0xa6, 0x13, 0x01, 0xbb, 0xb4, 0x1b, 0x88, 0xc2, 0xb7, 0x1e,
0xff, 0xc1, 0xb7, 0x1e, 0xff, 0xc1, 0xb7, 0x1e, 0xff, 0xc1, 0xb7, 0x1e, 0xff, 0xc1, 0xb7,
0x1e, 0xff, 0xc1, 0xb7, 0x1e, 0xff, 0xc1, 0xb7, 0x1e, 0xff, 0xc1, 0xb7, 0x1e, 0xff, 0xc1,
0xb7, 0x1e, 0xff, 0xc1, 0xb7, 0x1e, 0xff, 0xc1, 0xb7, 0x1e, 0xff, 0xc1, 0xb7, 0x1e, 0xff,
0xc1, 0xb7, 0x1e, 0xff, 0xc1, 0xb7, 0x1e, 0xff, 0xc1, 0xb7, 0x1e, 0xff, 0xc1, 0xb7, 0x1e,
0xff, 0xc1, 0xb7, 0x1e, 0xff, 0xc1, 0xb7, 0x1e, 0xff, 0xc1, 0xb7, 0x1e, 0xff, 0xc1, 0xb7,
0x1e, 0xff, 0xc1, 0xb7, 0x1e, 0xff, 0xc1, 0xb7, 0x1e, 0xff, 0xc1, 0xb7, 0x1e, 0xff, 0xc1,
0xb7, 0x1e, 0xff, 0xc1, 0xb7, 0x1e, 0xff, 0xc1, 0xb7, 0x1e, 0xff, 0xc1, 0xb7, 0x1e, 0xff,
0xc1, 0xb7, 0x1e, 0xff, 0xc1, 0xb7, 0x1e, 0xff, 0xc1, 0xb7, 0x1e, 0xff, 0xc1, 0xb7, 0x1e,
0xff, 0xc1, 0xb7, 0x1e, 0xff, 0xc1, 0xb7, 0x1e, 0xff, 0xc1, 0xb7, 0x1e, 0xff, 0xc1, 0xb7,
0x1e, 0xff, 0xc1, 0xb7, 0x1e, 0xff, 0xc1, 0xb7, 0x1e, 0xff, 0xc1, 0xb7, 0x1e, 0xff, 0xc1,
0xb7, 0x1e, 0xff, 0xc1, 0xb7, 0x1e, 0xff, 0xc1, 0xb7, 0x1e, 0xff, 0xc1, 0xb7, 0x1e, 0xff,
0xc1, 0xb7, 0x1e, 0xff, 0xc1, 0xb7, 0x1e, 0xff, 0xc1, 0xb7, 0x1e, 0xff, 0xc1, 0xb7, 0x1e,
0xff, 0xc1, 0xb7, 0x1e, 0xff, 0xc1, 0xb7, 0x1e, 0xff, 0xc1, 0xb7, 0x1e, 0xff, 0xc1, 0xb7,
0x1e, 0xff, 0xc1, 0xb7, 0x1e, 0xff, 0xc1, 0xb7, 0x1e, 0xff, 0xc1, 0xb7, 0x1e, 0xff, 0xc1,
0xb7, 0x1e, 0xff, 0xc1, 0xb7, 0x1e, 0xff, 0xc1, 0xb7, 0x1e, 0xff, 0xc1, 0xb7, 0x1e, 0xff,
0xc1, 0xb7, 0x1e, 0xff, 0xc1, 0xb7, 0x1e, 0xff, 0xc1, 0xb7, 0x1e, 0xff, 0xc1, 0xb7, 0x1e,
0xff, 0xc1, 0xb7, 0x1e, 0xff, 0xc1, 0xb7, 0x1e, 0xff, 0xc1, 0xb7, 0x1e, 0xff, 0xc1, 0xb7,
0x1e, 0xff, 0xc1, 0xb7, 0x1e, 0xff, 0xc2, 0xb8, 0x1f, 0xff, 0xb7, 0xae, 0x1b, 0xb8, 0x93,
0x89, 0x13, 0x16, 0xba, 0xb7, 0x13, 0x00, 0xbc, 0xa8, 0x14, 0x00, 0xbf, 0xb3, 0x1c, 0x00,
0xaf, 0xab, 0x0e, 0x00, 0xb6, 0xb0, 0x15, 0x00, 0xb2, 0xa0, 0x10, 0x00, 0x85, 0x7e, 0x00,
0x00, 0x7f, 0x80, 0x01, 0x00, 0x80, 0x80, 0x01, 0x00, 0x80, 0x80, 0x01, 0x00, 0x80, 0x80,
0x01, 0x00, 0x80, 0x80, 0x01, 0x00, 0x80, 0x80, 0x01, 0x00, 0x80, 0x80, 0x01, 0x00, 0x80,
0x80, 0x01, 0x00, 0x80, 0x80, 0x01, 0x00, 0x80, 0x80, 0x01, 0x00, 0x80, 0x80, 0x01, 0x00,
0x80, 0x80, 0x01, 0x00, 0x80, 0x80, 0x01, 0x00, 0x80, 0x80, 0x01, 0x00, 0xff, 0xff, 0xff,
0x00, 0xff, 0xff, 0xff, 0x00, 0xff, 0xff, 0xff, 0x00, 0xff, 0xff, 0xff, 0x00, 0xff, 0xff,
0xff, 0x00, 0xff, 0xff, 0xff, 0x00, 0xff, 0xff, 0xff, 0x00, 0xff, 0xff, 0xff, 0x00, 0xff,
0xff, 0xff, 0x00, 0xff, 0xff, 0xff, 0x00, 0xff, 0xff, 0xff, 0x00, 0xff, 0xff, 0xff, 0x00,
0xff, 0xff, 0xff, 0x00, 0xff, 0xff, 0xff, 0x00, 0xff, 0xff, 0xff, 0x00, 0x01, 0x01, 0x01,
0x00, 0x01, 0x01, 0x01, 0x00, 0x01, 0x01, 0x01, 0x00, 0x01, 0x01, 0x01, 0x00, 0x01, 0x01,
0x01, 0x00, 0x01, 0x01, 0x01, 0x00, 0x01, 0x01, 0x01, 0x00, 0x01, 0x01, 0x01, 0x00, 0x01,
0x01, 0x01, 0x00, 0x01, 0x01, 0x01, 0x00, 0x01, 0x01, 0x01, 0x00, 0x00, 0x00, 0x00, 0x00,
0x55, 0x54, 0x07, 0x00, 0xc7, 0xbe, 0x1b, 0x00, 0xc0, 0xb5, 0x1c, 0x00, 0xc0, 0xb7, 0x1d,
0x00, 0xc0, 0xb6, 0x1d, 0x00, 0xc1, 0xb6, 0x1d, 0x00, 0xc0, 0xb6, 0x1d, 0x00, 0xb8, 0xb0,
0x18, 0x00, 0xbd, 0xb2, 0x19, 0x00, 0xbe, 0xa6, 0x13, 0x00, 0xb5, 0xae, 0x15, 0x00, 0xc1,
0xb5, 0x1d, 0x50, 0xc2, 0xb8, 0x1d, 0xea, 0xc2, 0xb8, 0x1e, 0xff, 0xc1, 0xb7, 0x1e, 0xff,
0xc1, 0xb7, 0x1e, 0xff, 0xc1, 0xb7, 0x1e, 0xff, 0xc1, 0xb7, 0x1e, 0xff, 0xc1, 0xb7, 0x1e,
0xff, 0xc1, 0xb7, 0x1e, 0xff, 0xc1, 0xb7, 0x1e, 0xff, 0xc1, 0xb7, 0x1e, 0xff, 0xc1, 0xb7,
0x1e, 0xff, 0xc1, 0xb7, 0x1e, 0xff, 0xc1, 0xb7, 0x1e, 0xff, 0xc1, 0xb7, 0x1e, 0xff, 0xc1,
0xb7, 0x1e, 0xff, 0xc1, 0xb7, 0x1e, 0xff, 0xc1, 0xb7, 0x1e, 0xff, 0xc1, 0xb7, 0x1e, 0xff,
0xc1, 0xb7, 0x1e, 0xff, 0xc1, 0xb7, 0x1e, 0xff, 0xc1, 0xb7, 0x1e, 0xff, 0xc1, 0xb7, 0x1e,
0xff, 0xc1, 0xb7, 0x1e, 0xff, 0xc1, 0xb7, 0x1e, 0xff, 0xc1, 0xb7, 0x1e, 0xff, 0xc1, 0xb7,
0x1e, 0xff, 0xc1, 0xb7, 0x1e, 0xff, 0xc1, 0xb7, 0x1e, 0xff, 0xc1, 0xb7, 0x1e, 0xff, 0xc1,
0xb7, 0x1e, 0xff, 0xc1, 0xb7, 0x1e, 0xff, 0xc1, 0xb7, 0x1e, 0xff, 0xc1, 0xb7, 0x1e, 0xff,
0xc1, 0xb7, 0x1e, 0xff, 0xc1, 0xb7, 0x1e, 0xff, 0xc1, 0xb7, 0x1e, 0xff, 0xc1, 0xb7, 0x1e,
0xff, 0xc1, 0xb7, 0x1e, 0xff, 0xc1, 0xb7, 0x1e, 0xff, 0xc1, 0xb7, 0x1e, 0xff, 0xc1, 0xb7,
0x1e, 0xff, 0xc1, 0xb7, 0x1e, 0xff, 0xc1, 0xb7, 0x1e, 0xff, 0xc1, 0xb7, 0x1e, 0xff, 0xc1,
0xb7, 0x1e, 0xff, 0xc1, 0xb7, 0x1e, 0xff, 0xc1, 0xb7, 0x1e, 0xff, 0xc1, 0xb7, 0x1e, 0xff,
0xc1, 0xb7, 0x1e, 0xff, 0xc1, 0xb7, 0x1e, 0xff, 0xc1, 0xb7, 0x1e, 0xff, 0xc1, 0xb7, 0x1e,
0xff, 0xc1, 0xb7, 0x1e, 0xff, 0xc1, 0xb7, 0x1e, 0xff, 0xc1, 0xb7, 0x1e, 0xff, 0xc1, 0xb7,
0x1e, 0xff, 0xc1, 0xb7, 0x1e, 0xff, 0xc1, 0xb7, 0x1e, 0xff, 0xc1, 0xb7, 0x1e, 0xff, 0xc1,
0xb7, 0x1e, 0xff, 0xc1, 0xb7, 0x1e, 0xff, 0xc1, 0xb7, 0x1e, 0xff, 0xc1, 0xb7, 0x1e, 0xff,
0xc2, 0xb7, 0x1e, 0xff, 0xc0, 0xb7, 0x1d, 0xf7, 0xc1, 0xb7, 0x1b, 0x71, 0xaa, 0xa2, 0x14,
0x02, 0x8d, 0x83, 0x12, 0x00, 0xbb, 0xb7, 0x14, 0x00, 0xbc, 0xa8, 0x14, 0x00, 0xbf, 0xb3,
0x1c, 0x00, 0xaf, 0xab, 0x0e, 0x00, 0xb6, 0xb0, 0x15, 0x00, 0xb2, 0xa0, 0x10, 0x00, 0x85,
0x7e, 0x00, 0x00, 0x7f, 0x80, 0x01, 0x00, 0x80, 0x80, 0x01, 0x00, 0x80, 0x80, 0x01, 0x00,
0x80, 0x80, 0x01, 0x00, 0x80, 0x80, 0x01, 0x00, 0x80, 0x80, 0x01, 0x00, 0x80, 0x80, 0x01,
0x00, 0x80, 0x80, 0x01, 0x00, 0x80, 0x80, 0x01, 0x00, 0x80, 0x80, 0x01, 0x00, 0x80, 0x80,
0x01, 0x00, 0x80, 0x80, 0x01, 0x00, 0x80, 0x80, 0x01, 0x00, 0x80, 0x80, 0x01, 0x00, 0xff,
0xff, 0xff, 0x00, 0xff, 0xff, 0xff, 0x00, 0xff, 0xff, 0xff, 0x00, 0xff, 0xff, 0xff, 0x00,
0xff, 0xff, 0xff, 0x00, 0xff, 0xff, 0xff, 0x00, 0xff, 0xff, 0xff, 0x00, 0xff, 0xff, 0xff,
0x00, 0xff, 0xff, 0xff, 0x00, 0xff, 0xff, 0xff, 0x00, 0xff, 0xff, 0xff, 0x00, 0xff, 0xff,
0xff, 0x00, 0xff, 0xff, 0xff, 0x00, 0xff, 0xff, 0xff, 0x00, 0xff, 0xff, 0xff, 0x00, 0x01,
0x01, 0x01, 0x00, 0x01, 0x01, 0x01, 0x00, 0x01, 0x01, 0x01, 0x00, 0x01, 0x01, 0x01, 0x00,
0x01, 0x01, 0x01, 0x00, 0x01, 0x01, 0x01, 0x00, 0x01, 0x01, 0x01, 0x00, 0x01, 0x01, 0x01,
0x00, 0x01, 0x01, 0x01, 0x00, 0x01, 0x01, 0x01, 0x00, 0x01, 0x01, 0x01, 0x00, 0x00, 0x00,
0x00, 0x00, 0x55, 0x54, 0x07, 0x00, 0xc7, 0xbe, 0x1b, 0x00, 0xc0, 0xb5, 0x1c, 0x00, 0xc0,
0xb7, 0x1d, 0x00, 0xc0, 0xb6, 0x1d, 0x00, 0xc1, 0xb6, 0x1d, 0x00, 0xc0, 0xb6, 0x1d, 0x00,
0xb8, 0xb0, 0x18, 0x00, 0xbd, 0xb2, 0x19, 0x00, 0xbe, 0xa6, 0x13, 0x00, 0xb6, 0xae, 0x16,
0x00, 0xc4, 0xb7, 0x1c, 0x00, 0xa4, 0x9a, 0x15, 0x21, 0xb2, 0xa5, 0x1a, 0xb6, 0xc4, 0xba,
0x1f, 0xff, 0xc1, 0xb7, 0x1e, 0xff, 0xc1, 0xb7, 0x1e, 0xff, 0xc1, 0xb7, 0x1e, 0xff, 0xc1,
0xb7, 0x1e, 0xff, 0xc1, 0xb7, 0x1e, 0xff, 0xc1, 0xb7, 0x1e, 0xff, 0xc1, 0xb7, 0x1e, 0xff,
0xc1, 0xb7, 0x1e, 0xff, 0xc1, 0xb7, 0x1e, 0xff, 0xc1, 0xb7, 0x1e, 0xff, 0xc1, 0xb7, 0x1e,
0xff, 0xc1, 0xb7, 0x1e, 0xff, 0xc1, 0xb7, 0x1e, 0xff, 0xc1, 0xb7, 0x1e, 0xff, 0xc1, 0xb7,
0x1e, 0xff, 0xc1, 0xb7, 0x1e, 0xff, 0xc1, 0xb7, 0x1e, 0xff, 0xc1, 0xb7, 0x1e, 0xff, 0xc1,
0xb7, 0x1e, 0xff, 0xc1, 0xb7, 0x1e, 0xff, 0xc1, 0xb7, 0x1e, 0xff, 0xc1, 0xb7, 0x1e, 0xff,
0xc1, 0xb7, 0x1e, 0xff, 0xc1, 0xb7, 0x1e, 0xff, 0xc1, 0xb7, 0x1e, 0xff, 0xc1, 0xb7, 0x1e,
0xff, 0xc1, 0xb7, 0x1e, 0xff, 0xc1, 0xb7, 0x1e, 0xff, 0xc1, 0xb7, 0x1e, 0xff, 0xc1, 0xb7,
0x1e, 0xff, 0xc1, 0xb7, 0x1e, 0xff, 0xc1, 0xb7, 0x1e, 0xff, 0xc1, 0xb7, 0x1e, 0xff, 0xc1,
0xb7, 0x1e, 0xff, 0xc1, 0xb7, 0x1e, 0xff, 0xc1, 0xb7, 0x1e, 0xff, 0xc1, 0xb7, 0x1e, 0xff,
0xc1, 0xb7, 0x1e, 0xff, 0xc1, 0xb7, 0x1e, 0xff, 0xc1, 0xb7, 0x1e, 0xff, 0xc1, 0xb7, 0x1e,
0xff, 0xc1, 0xb7, 0x1e, 0xff, 0xc1, 0xb7, 0x1e, 0xff, 0xc1, 0xb7, 0x1e, 0xff, 0xc1, 0xb7,
0x1e, 0xff, 0xc1, 0xb7, 0x1e, 0xff, 0xc1, 0xb7, 0x1e, 0xff, 0xc1, 0xb7, 0x1e, 0xff, 0xc1,
0xb7, 0x1e, 0xff, 0xc1, 0xb7, 0x1e, 0xff, 0xc1, 0xb7, 0x1e, 0xff, 0xc1, 0xb7, 0x1e, 0xff,
0xc1, 0xb7, 0x1e, 0xff, 0xc1, 0xb7, 0x1e, 0xff, 0xc1, 0xb7, 0x1e, 0xff, 0xc1, 0xb7, 0x1e,
0xff, 0xc1, 0xb7, 0x1e, 0xff, 0xc1, 0xb7, 0x1e, 0xff, 0xc1, 0xb7, 0x1e, 0xff, 0xc1, 0xb7,
0x1e, 0xff, 0xbf, 0xb5, 0x1d, 0xc6, 0xb9, 0xb2, 0x14, 0x2f, 0xbd, 0xb4, 0x15, 0x00, 0xab,
0xa3, 0x15, 0x00, 0x8e, 0x84, 0x12, 0x00, 0xbb, 0xb7, 0x14, 0x00, 0xbc, 0xa8, 0x14, 0x00,
0xbf, 0xb3, 0x1c, 0x00, 0xaf, 0xab, 0x0e, 0x00, 0xb6, 0xb0, 0x15, 0x00, 0xb2, 0xa0, 0x10,
0x00, 0x85, 0x7e, 0x00, 0x00, 0x7f, 0x80, 0x01, 0x00, 0x80, 0x80, 0x01, 0x00, 0x80, 0x80,
0x01, 0x00, 0x80, 0x80, 0x01, 0x00, 0x80, 0x80, 0x01, 0x00, 0x80, 0x80, 0x01, 0x00, 0x80,
0x80, 0x01, 0x00, 0x80, 0x80, 0x01, 0x00, 0x80, 0x80, 0x01, 0x00, 0x80, 0x80, 0x01, 0x00,
0x80, 0x80, 0x01, 0x00, 0x80, 0x80, 0x01, 0x00, 0x80, 0x80, 0x01, 0x00, 0x80, 0x80, 0x01,
0x00, 0xff, 0xff, 0xff, 0x00, 0xff, 0xff, 0xff, 0x00, 0xff, 0xff, 0xff, 0x00, 0xff, 0xff,
0xff, 0x00, 0xff, 0xff, 0xff, 0x00, 0xff, 0xff, 0xff, 0x00, 0xff, 0xff, 0xff, 0x00, 0xff,
0xff, 0xff, 0x00, 0xff, 0xff, 0xff, 0x00, 0xff, 0xff, 0xff, 0x00, 0xff, 0xff, 0xff, 0x00,
0xff, 0xff, 0xff, 0x00, 0xff, 0xff, 0xff, 0x00, 0xff, 0xff, 0xff, 0x00, 0xff, 0xff, 0xff,
0x00, 0x01, 0x01, 0x01, 0x00, 0x01, 0x01, 0x01, 0x00, 0x01, 0x01, 0x01, 0x00, 0x01, 0x01,
0x01, 0x00, 0x01, 0x01, 0x01, 0x00, 0x01, 0x01, 0x01, 0x00, 0x01, 0x01, 0x01, 0x00, 0x01,
0x01, 0x01, 0x00, 0x01, 0x01, 0x01, 0x00, 0x01, 0x01, 0x01, 0x00, 0x01, 0x01, 0x01, 0x00,
0x00, 0x00, 0x00, 0x00, 0x55, 0x54, 0x07, 0x00, 0xc7, 0xbe, 0x1b, 0x00, 0xc0, 0xb5, 0x1c,
0x00, 0xc0, 0xb7, 0x1d, 0x00, 0xc0, 0xb6, 0x1d, 0x00, 0xc1, 0xb6, 0x1d, 0x00, 0xc0, 0xb6,
0x1d, 0x00, 0xb8, 0xb0, 0x18, 0x00, 0xbd, 0xb2, 0x19, 0x00, 0xbe, 0xa6, 0x13, 0x00, 0xb6,
0xae, 0x16, 0x00, 0xc5, 0xb8, 0x1c, 0x00, 0x98, 0x8e, 0x13, 0x00, 0xab, 0x90, 0x11, 0x02,
0xc1, 0xb1, 0x17, 0x5e, 0xc1, 0xb8, 0x1f, 0xec, 0xc1, 0xb7, 0x1e, 0xff, 0xc1, 0xb7, 0x1e,
0xff, 0xc1, 0xb7, 0x1e, 0xff, 0xc1, 0xb7, 0x1e, 0xff, 0xc1, 0xb7, 0x1e, 0xff, 0xc1, 0xb7,
0x1e, 0xff, 0xc1, 0xb7, 0x1e, 0xff, 0xc1, 0xb7, 0x1e, 0xff, 0xc1, 0xb7, 0x1e, 0xff, 0xc1,
0xb7, 0x1e, 0xff, 0xc1, 0xb7, 0x1e, 0xff, 0xc1, 0xb7, 0x1e, 0xff, 0xc1, 0xb7, 0x1e, 0xff,
0xc1, 0xb7, 0x1e, 0xff, 0xc1, 0xb7, 0x1e, 0xff, 0xc1, 0xb7, 0x1e, 0xff, 0xc1, 0xb7, 0x1e,
0xff, 0xc1, 0xb7, 0x1e, 0xff, 0xc1, 0xb7, 0x1e, 0xff, 0xc1, 0xb7, 0x1e, 0xff, 0xc1, 0xb7,
0x1e, 0xff, 0xc1, 0xb7, 0x1e, 0xff, 0xc1, 0xb7, 0x1e, 0xff, 0xc1, 0xb7, 0x1e, 0xff, 0xc1,
0xb7, 0x1e, 0xff, 0xc1, 0xb7, 0x1e, 0xff, 0xc1, 0xb7, 0x1e, 0xff, 0xc1, 0xb7, 0x1e, 0xff,
0xc1, 0xb7, 0x1e, 0xff, 0xc1, 0xb7, 0x1e, 0xff, 0xc1, 0xb7, 0x1e, 0xff, 0xc1, 0xb7, 0x1e,
0xff, 0xc1, 0xb7, 0x1e, 0xff, 0xc1, 0xb7, 0x1e, 0xff, 0xc1, 0xb7, 0x1e, 0xff, 0xc1, 0xb7,
0x1e, 0xff, 0xc1, 0xb7, 0x1e, 0xff, 0xc1, 0xb7, 0x1e, 0xff, 0xc1, 0xb7, 0x1e, 0xff, 0xc1,
0xb7, 0x1e, 0xff, 0xc1, 0xb7, 0x1e, 0xff, 0xc1, 0xb7, 0x1e, 0xff, 0xc1, 0xb7, 0x1e, 0xff,
0xc1, 0xb7, 0x1e, 0xff, 0xc1, 0xb7, 0x1e, 0xff, 0xc1, 0xb7, 0x1e, 0xff, 0xc1, 0xb7, 0x1e,
0xff, 0xc1, 0xb7, 0x1e, 0xff, 0xc1, 0xb7, 0x1e, 0xff, 0xc1, 0xb7, 0x1e, 0xff, 0xc1, 0xb7,
0x1e, 0xff, 0xc1, 0xb7, 0x1e, 0xff, 0xc1, 0xb7, 0x1e, 0xff, 0xc1, 0xb7, 0x1e, 0xff, 0xc1,
0xb7, 0x1e, 0xff, 0xc1, 0xb7, 0x1e, 0xff, 0xc2, 0xb8, 0x1e, 0xff, 0xc1, 0xb7, 0x1e, 0xee,
0xbe, 0xb4, 0x1c, 0x65, 0xaf, 0xa8, 0x15, 0x07, 0xb8, 0xb2, 0x12, 0x00, 0xbd, 0xb4, 0x16,
0x00, 0xab, 0xa3, 0x15, 0x00, 0x8e, 0x84, 0x12, 0x00, 0xbb, 0xb7, 0x14, 0x00, 0xbc, 0xa8,
0x14, 0x00, 0xbf, 0xb3, 0x1c, 0x00, 0xaf, 0xab, 0x0e, 0x00, 0xb6, 0xb0, 0x15, 0x00, 0xb2,
0xa0, 0x10, 0x00, 0x85, 0x7e, 0x00, 0x00, 0x7f, 0x80, 0x01, 0x00, 0x80, 0x80, 0x01, 0x00,
0x80, 0x80, 0x01, 0x00, 0x80, 0x80, 0x01, 0x00, 0x80, 0x80, 0x01, 0x00, 0x80, 0x80, 0x01,
0x00, 0x80, 0x80, 0x01, 0x00, 0x80, 0x80, 0x01, 0x00, 0x80, 0x80, 0x01, 0x00, 0x80, 0x80,
0x01, 0x00, 0x80, 0x80, 0x01, 0x00, 0x80, 0x80, 0x01, 0x00, 0x80, 0x80, 0x01, 0x00, 0x80,
0x80, 0x01, 0x00, 0xff, 0xff, 0xff, 0x00, 0xff, 0xff, 0xff, 0x00, 0xff, 0xff, 0xff, 0x00,
0xff, 0xff, 0xff, 0x00, 0xff, 0xff, 0xff, 0x00, 0xff, 0xff, 0xff, 0x00, 0xff, 0xff, 0xff,
0x00, 0xff, 0xff, 0xff, 0x00, 0xff, 0xff, 0xff, 0x00, 0xff, 0xff, 0xff, 0x00, 0xff, 0xff,
0xff, 0x00, 0xff, 0xff, 0xff, 0x00, 0xff, 0xff, 0xff, 0x00, 0xff, 0xff, 0xff, 0x00, 0xff,
0xff, 0xff, 0x00, 0x01, 0x01, 0x01, 0x00, 0x01, 0x01, 0x01, 0x00, 0x01, 0x01, 0x01, 0x00,
0x01, 0x01, 0x01, 0x00, 0x01, 0x01, 0x01, 0x00, 0x01, 0x01, 0x01, 0x00, 0x01, 0x01, 0x01,
0x00, 0x01, 0x01, 0x01, 0x00, 0x01, 0x01, 0x01, 0x00, 0x01, 0x01, 0x01, 0x00, 0x01, 0x01,
0x01, 0x00, 0x00, 0x00, 0x00, 0x00, 0x55, 0x54, 0x07, 0x00, 0xc7, 0xbe, 0x1b, 0x00, 0xc0,
0xb5, 0x1c, 0x00, 0xc0, 0xb7, 0x1d, 0x00, 0xc0, 0xb6, 0x1d, 0x00, 0xc1, 0xb6, 0x1d, 0x00,
0xc0, 0xb6, 0x1d, 0x00, 0xb8, 0xb0, 0x18, 0x00, 0xbd, 0xb2, 0x19, 0x00, 0xbe, 0xa6, 0x13,
0x00, 0xb6, 0xae, 0x16, 0x00, 0xc5, 0xb8, 0x1c, 0x00, 0x9a, 0x90, 0x13, 0x00, 0xac, 0x91,
0x11, 0x00, 0xbe, 0xac, 0x11, 0x00, 0xbe, 0xb4, 0x1c, 0x28, 0xc0, 0xb6, 0x1d, 0x96, 0xc1,
0xb7, 0x1e, 0xff, 0xc1, 0xb7, 0x1f, 0xff, 0xc1, 0xb7, 0x1e, 0xff, 0xc1, 0xb7, 0x1e, 0xff,
0xc1, 0xb7, 0x1e, 0xff, 0xc1, 0xb7, 0x1e, 0xff, 0xc1, 0xb7, 0x1e, 0xff, 0xc1, 0xb7, 0x1e,
0xff, 0xc1, 0xb7, 0x1e, 0xff, 0xc1, 0xb7, 0x1e, 0xff, 0xc1, 0xb7, 0x1e, 0xff, 0xc1, 0xb7,
0x1e, 0xff, 0xc1, 0xb7, 0x1e, 0xff, 0xc1, 0xb7, 0x1e, 0xff, 0xc1, 0xb7, 0x1e, 0xff, 0xc1,
0xb7, 0x1e, 0xff, 0xc1, 0xb7, 0x1e, 0xff, 0xc1, 0xb7, 0x1e, 0xff, 0xc1, 0xb7, 0x1e, 0xff,
0xc1, 0xb7, 0x1e, 0xff, 0xc1, 0xb7, 0x1e, 0xff, 0xc1, 0xb7, 0x1e, 0xff, 0xc1, 0xb7, 0x1e,
0xff, 0xc1, 0xb7, 0x1e, 0xff, 0xc1, 0xb7, 0x1e, 0xff, 0xc1, 0xb7, 0x1e, 0xff, 0xc1, 0xb7,
0x1e, 0xff, 0xc1, 0xb7, 0x1e, 0xff, 0xc1, 0xb7, 0x1e, 0xff, 0xc1, 0xb7, 0x1e, 0xff, 0xc1,
0xb7, 0x1e, 0xff, 0xc1, 0xb7, 0x1e, 0xff, 0xc1, 0xb7, 0x1e, 0xff, 0xc1, 0xb7, 0x1e, 0xff,
0xc1, 0xb7, 0x1e, 0xff, 0xc1, 0xb7, 0x1e, 0xff, 0xc1, 0xb7, 0x1e, 0xff, 0xc1, 0xb7, 0x1e,
0xff, 0xc1, 0xb7, 0x1e, 0xff, 0xc1, 0xb7, 0x1e, 0xff, 0xc1, 0xb7, 0x1e, 0xff, 0xc1, 0xb7,
0x1e, 0xff, 0xc1, 0xb7, 0x1e, 0xff, 0xc1, 0xb7, 0x1e, 0xff, 0xc1, 0xb7, 0x1e, 0xff, 0xc1,
0xb7, 0x1e, 0xff, 0xc1, 0xb7, 0x1e, 0xff, 0xc1, 0xb7, 0x1e, 0xff, 0xc1, 0xb7, 0x1e, 0xff,
0xc1, 0xb7, 0x1e, 0xff, 0xc1, 0xb7, 0x1e, 0xff, 0xc1, 0xb7, 0x1e, 0xff, 0xc1, 0xb7, 0x1e,
0xff, 0xc1, 0xb7, 0x1e, 0xff, 0xc0, 0xb6, 0x1d, 0xfb, 0xba, 0xb1, 0x1d, 0x92, 0xbd, 0xb5,
0x1d, 0x29, 0xbe, 0xb2, 0x1b, 0x00, 0xae, 0xa7, 0x15, 0x00, 0xb8, 0xb2, 0x12, 0x00, 0xbd,
0xb4, 0x16, 0x00, 0xab, 0xa3, 0x15, 0x00, 0x8e, 0x84, 0x12, 0x00, 0xbb, 0xb7, 0x14, 0x00,
0xbc, 0xa8, 0x14, 0x00, 0xbf, 0xb3, 0x1c, 0x00, 0xaf, 0xab, 0x0e, 0x00, 0xb6, 0xb0, 0x15,
0x00, 0xb2, 0xa0, 0x10, 0x00, 0x85, 0x7e, 0x00, 0x00, 0x7f, 0x80, 0x01, 0x00, 0x80, 0x80,
0x01, 0x00, 0x80, 0x80, 0x01, 0x00, 0x80, 0x80, 0x01, 0x00, 0x80, 0x80, 0x01, 0x00, 0x80,
0x80, 0x01, 0x00, 0x80, 0x80, 0x01, 0x00, 0x80, 0x80, 0x01, 0x00, 0x80, 0x80, 0x01, 0x00,
0x80, 0x80, 0x01, 0x00, 0x80, 0x80, 0x01, 0x00, 0x80, 0x80, 0x01, 0x00, 0x80, 0x80, 0x01,
0x00, 0x80, 0x80, 0x01, 0x00, 0xff, 0xff, 0xff, 0x00, 0xff, 0xff, 0xff, 0x00, 0xff, 0xff,
0xff, 0x00, 0xff, 0xff, 0xff, 0x00, 0xff, 0xff, 0xff, 0x00, 0xff, 0xff, 0xff, 0x00, 0xff,
0xff, 0xff, 0x00, 0xff, 0xff, 0xff, 0x00, 0xff, 0xff, 0xff, 0x00, 0xff, 0xff, 0xff, 0x00,
0xff, 0xff, 0xff, 0x00, 0xff, 0xff, 0xff, 0x00, 0xff, 0xff, 0xff, 0x00, 0xff, 0xff, 0xff,
0x00, 0xff, 0xff, 0xff, 0x00, 0x01, 0x01, 0x01, 0x00, 0x01, 0x01, 0x01, 0x00, 0x01, 0x01,
0x01, 0x00, 0x01, 0x01, 0x01, 0x00, 0x01, 0x01, 0x01, 0x00, 0x01, 0x01, 0x01, 0x00, 0x01,
0x01, 0x01, 0x00, 0x01, 0x01, 0x01, 0x00, 0x01, 0x01, 0x01, 0x00, 0x01, 0x01, 0x01, 0x00,
0x01, 0x01, 0x01, 0x00, 0x00, 0x00, 0x00, 0x00, 0x55, 0x54, 0x07, 0x00, 0xc7, 0xbe, 0x1b,
0x00, 0xc0, 0xb5, 0x1c, 0x00, 0xc0, 0xb7, 0x1d, 0x00, 0xc0, 0xb6, 0x1d, 0x00, 0xc1, 0xb6,
0x1d, 0x00, 0xc0, 0xb6, 0x1d, 0x00, 0xb8, 0xb0, 0x18, 0x00, 0xbd, 0xb2, 0x19, 0x00, 0xbe,
0xa6, 0x13, 0x00, 0xb6, 0xae, 0x16, 0x00, 0xc5, 0xb8, 0x1c, 0x00, 0x9a, 0x90, 0x13, 0x00,
0xac, 0x91, 0x11, 0x00, 0xbe, 0xad, 0x12, 0x00, 0xbe, 0xb2, 0x1c, 0x00, 0xbd, 0xb4, 0x1d,
0x00, 0xbf, 0xb5, 0x1c, 0x40, 0xbe, 0xb5, 0x1a, 0xb0, 0xc1, 0xb7, 0x1e, 0xff, 0xc1, 0xb7,
0x1e, 0xff, 0xc1, 0xb7, 0x1e, 0xff, 0xc1, 0xb7, 0x1e, 0xff, 0xc1, 0xb7, 0x1e, 0xff, 0xc1,
0xb7, 0x1e, 0xff, 0xc1, 0xb7, 0x1e, 0xff, 0xc1, 0xb7, 0x1e, 0xff, 0xc1, 0xb7, 0x1e, 0xff,
0xc1, 0xb7, 0x1e, 0xff, 0xc1, 0xb7, 0x1e, 0xff, 0xc1, 0xb7, 0x1e, 0xff, 0xc1, 0xb7, 0x1e,
0xff, 0xc1, 0xb7, 0x1e, 0xff, 0xc1, 0xb7, 0x1e, 0xff, 0xc1, 0xb7, 0x1e, 0xff, 0xc1, 0xb7,
0x1e, 0xff, 0xc1, 0xb7, 0x1e, 0xff, 0xc1, 0xb7, 0x1e, 0xff, 0xc1, 0xb7, 0x1e, 0xff, 0xc1,
0xb7, 0x1e, 0xff, 0xc1, 0xb7, 0x1e, 0xff, 0xc1, 0xb7, 0x1e, 0xff, 0xc1, 0xb7, 0x1e, 0xff,
0xc1, 0xb7, 0x1e, 0xff, 0xc1, 0xb7, 0x1e, 0xff, 0xc1, 0xb7, 0x1e, 0xff, 0xc1, 0xb7, 0x1e,
0xff, 0xc1, 0xb7, 0x1e, 0xff, 0xc1, 0xb7, 0x1e, 0xff, 0xc1, 0xb7, 0x1e, 0xff, 0xc1, 0xb7,
0x1e, 0xff, 0xc1, 0xb7, 0x1e, 0xff, 0xc1, 0xb7, 0x1e, 0xff, 0xc1, 0xb7, 0x1e, 0xff, 0xc1,
0xb7, 0x1e, 0xff, 0xc1, 0xb7, 0x1e, 0xff, 0xc1, 0xb7, 0x1e, 0xff, 0xc1, 0xb7, 0x1e, 0xff,
0xc1, 0xb7, 0x1e, 0xff, 0xc1, 0xb7, 0x1e, 0xff, 0xc1, 0xb7, 0x1e, 0xff, 0xc1, 0xb7, 0x1e,
0xff, 0xc1, 0xb7, 0x1e, 0xff, 0xc1, 0xb7, 0x1e, 0xff, 0xc1, 0xb7, 0x1e, 0xff, 0xc1, 0xb7,
0x1e, 0xff, 0xc1, 0xb7, 0x1e, 0xff, 0xc1, 0xb7, 0x1e, 0xff, 0xc1, 0xb7, 0x1e, 0xff, 0xc1,
0xb7, 0x1e, 0xff, 0xc1, 0xb7, 0x1e, 0xa1, 0xb6, 0xae, 0x17, 0x38, 0xa4, 0x9c, 0x17, 0x00,
0xbd, 0xb6, 0x1e, 0x00, 0xbe, 0xb2, 0x1b, 0x00, 0xae, 0xa7, 0x15, 0x00, 0xb8, 0xb2, 0x12,
0x00, 0xbd, 0xb4, 0x16, 0x00, 0xab, 0xa3, 0x15, 0x00, 0x8e, 0x84, 0x12, 0x00, 0xbb, 0xb7,
0x14, 0x00, 0xbc, 0xa8, 0x14, 0x00, 0xbf, 0xb3, 0x1c, 0x00, 0xaf, 0xab, 0x0e, 0x00, 0xb6,
0xb0, 0x15, 0x00, 0xb2, 0xa0, 0x10, 0x00, 0x85, 0x7e, 0x00, 0x00, 0x7f, 0x80, 0x01, 0x00,
0x80, 0x80, 0x01, 0x00, 0x80, 0x80, 0x01, 0x00, 0x80, 0x80, 0x01, 0x00, 0x80, 0x80, 0x01,
0x00, 0x80, 0x80, 0x01, 0x00, 0x80, 0x80, 0x01, 0x00, 0x80, 0x80, 0x01, 0x00, 0x80, 0x80,
0x01, 0x00, 0x80, 0x80, 0x01, 0x00, 0x80, 0x80, 0x01, 0x00, 0x80, 0x80, 0x01, 0x00, 0x80,
0x80, 0x01, 0x00, 0x80, 0x80, 0x01, 0x00, 0xff, 0xff, 0xff, 0x00, 0xff, 0xff, 0xff, 0x00,
0xff, 0xff, 0xff, 0x00, 0xff, 0xff, 0xff, 0x00, 0xff, 0xff, 0xff, 0x00, 0xff, 0xff, 0xff,
0x00, 0xff, 0xff, 0xff, 0x00, 0xff, 0xff, 0xff, 0x00, 0xff, 0xff, 0xff, 0x00, 0xff, 0xff,
0xff, 0x00, 0xff, 0xff, 0xff, 0x00, 0xff, 0xff, 0xff, 0x00, 0xff, 0xff, 0xff, 0x00, 0xff,
0xff, 0xff, 0x00, 0xff, 0xff, 0xff, 0x00, 0x01, 0x01, 0x01, 0x00, 0x01, 0x01, 0x01, 0x00,
0x01, 0x01, 0x01, 0x00, 0x01, 0x01, 0x01, 0x00, 0x01, 0x01, 0x01, 0x00, 0x01, 0x01, 0x01,
0x00, 0x01, 0x01, 0x01, 0x00, 0x01, 0x01, 0x01, 0x00, 0x01, 0x01, 0x01, 0x00, 0x01, 0x01,
0x01, 0x00, 0x01, 0x01, 0x01, 0x00, 0x00, 0x00, 0x00, 0x00, 0x55, 0x54, 0x07, 0x00, 0xc7,
0xbe, 0x1b, 0x00, 0xc0, 0xb5, 0x1c, 0x00, 0xc0, 0xb7, 0x1d, 0x00, 0xc0, 0xb6, 0x1d, 0x00,
0xc1, 0xb6, 0x1d, 0x00, 0xc0, 0xb6, 0x1d, 0x00, 0xb8, 0xb0, 0x18, 0x00, 0xbd, 0xb2, 0x19,
0x00, 0xbe, 0xa6, 0x13, 0x00, 0xb6, 0xae, 0x16, 0x00, 0xc5, 0xb8, 0x1c, 0x00, 0x9a, 0x90,
0x13, 0x00, 0xac, 0x91, 0x11, 0x00, 0xbe, 0xad, 0x12, 0x00, 0xbe, 0xb2, 0x1c, 0x00, 0xbe,
0xb4, 0x1e, 0x00, 0xbe, 0xb5, 0x1b, 0x00, 0xbb, 0xb2, 0x13, 0x00, 0xc0, 0xb5, 0x1b, 0x55,
0xc0, 0xb6, 0x1b, 0xb9, 0xc3, 0xb8, 0x1e, 0xff, 0xc1, 0xb7, 0x1e, 0xff, 0xc1, 0xb7, 0x1e,
0xff, 0xc1, 0xb7, 0x1e, 0xff, 0xc1, 0xb7, 0x1e, 0xff, 0xc1, 0xb7, 0x1e, 0xff, 0xc1, 0xb7,
0x1e, 0xff, 0xc1, 0xb7, 0x1e, 0xff, 0xc1, 0xb7, 0x1e, 0xff, 0xc1, 0xb7, 0x1e, 0xff, 0xc1,
0xb7, 0x1e, 0xff, 0xc1, 0xb7, 0x1e, 0xff, 0xc1, 0xb7, 0x1e, 0xff, 0xc1, 0xb7, 0x1e, 0xff,
0xc1, 0xb7, 0x1e, 0xff, 0xc1, 0xb7, 0x1e, 0xff, 0xc1, 0xb7, 0x1e, 0xff, 0xc1, 0xb7, 0x1e,
0xff, 0xc1, 0xb7, 0x1e, 0xff, 0xc1, 0xb7, 0x1e, 0xff, 0xc1, 0xb7, 0x1e, 0xff, 0xc1, 0xb7,
0x1e, 0xff, 0xc1, 0xb7, 0x1e, 0xff, 0xc1, 0xb7, 0x1e, 0xff, 0xc1, 0xb7, 0x1e, 0xff, 0xc1,
0xb7, 0x1e, 0xff, 0xc1, 0xb7, 0x1e, 0xff, 0xc1, 0xb7, 0x1e, 0xff, 0xc1, 0xb7, 0x1e, 0xff,
0xc1, 0xb7, 0x1e, 0xff, 0xc1, 0xb7, 0x1e, 0xff, 0xc1, 0xb7, 0x1e, 0xff, 0xc1, 0xb7, 0x1e,
0xff, 0xc1, 0xb7, 0x1e, 0xff, 0xc1, 0xb7, 0x1e, 0xff, 0xc1, 0xb7, 0x1e, 0xff, 0xc1, 0xb7,
0x1e, 0xff, 0xc1, 0xb7, 0x1e, 0xff, 0xc1, 0xb7, 0x1e, 0xff, 0xc1, 0xb7, 0x1e, 0xff, 0xc1,
0xb7, 0x1e, 0xff, 0xc1, 0xb7, 0x1e, 0xff, 0xc1, 0xb7, 0x1e, 0xff, 0xc1, 0xb7, 0x1e, 0xff,
0xc2, 0xb8, 0x1e, 0xff, 0xc4, 0xba, 0x1e, 0xff, 0xc0, 0xb7, 0x1e, 0xf6, 0xbf, 0xb6, 0x1d,
0xa8, 0xbf, 0xb5, 0x1d, 0x40, 0xc0, 0xb6, 0x1c, 0x00, 0xb5, 0xad, 0x16, 0x00, 0xa5, 0x9d,
0x17, 0x00, 0xbd, 0xb6, 0x1e, 0x00, 0xbe, 0xb2, 0x1b, 0x00, 0xae, 0xa7, 0x15, 0x00, 0xb8,
0xb2, 0x12, 0x00, 0xbd, 0xb4, 0x16, 0x00, 0xab, 0xa3, 0x15, 0x00, 0x8e, 0x84, 0x12, 0x00,
0xbb, 0xb7, 0x14, 0x00, 0xbc, 0xa8, 0x14, 0x00, 0xbf, 0xb3, 0x1c, 0x00, 0xaf, 0xab, 0x0e,
0x00, 0xb6, 0xb0, 0x15, 0x00, 0xb2, 0xa0, 0x10, 0x00, 0x85, 0x7e, 0x00, 0x00, 0x7f, 0x80,
0x01, 0x00, 0x80, 0x80, 0x01, 0x00, 0x80, 0x80, 0x01, 0x00, 0x80, 0x80, 0x01, 0x00, 0x80,
0x80, 0x01, 0x00, 0x80, 0x80, 0x01, 0x00, 0x80, 0x80, 0x01, 0x00, 0x80, 0x80, 0x01, 0x00,
0x80, 0x80, 0x01, 0x00, 0x80, 0x80, 0x01, 0x00, 0x80, 0x80, 0x01, 0x00, 0x80, 0x80, 0x01,
0x00, 0x80, 0x80, 0x01, 0x00, 0x80, 0x80, 0x01, 0x00, 0xff, 0xff, 0xff, 0x00, 0xff, 0xff,
0xff, 0x00, 0xff, 0xff, 0xff, 0x00, 0xff, 0xff, 0xff, 0x00, 0xff, 0xff, 0xff, 0x00, 0xff,
0xff, 0xff, 0x00, 0xff, 0xff, 0xff, 0x00, 0xff, 0xff, 0xff, 0x00, 0xff, 0xff, 0xff, 0x00,
0xff, 0xff, 0xff, 0x00, 0xff, 0xff, 0xff, 0x00, 0xff, 0xff, 0xff, 0x00, 0xff, 0xff, 0xff,
0x00, 0xff, 0xff, 0xff, 0x00, 0xff, 0xff, 0xff, 0x00, 0x01, 0x01, 0x01, 0x00, 0x01, 0x01,
0x01, 0x00, 0x01, 0x01, 0x01, 0x00, 0x01, 0x01, 0x01, 0x00, 0x01, 0x01, 0x01, 0x00, 0x01,
0x01, 0x01, 0x00, 0x01, 0x01, 0x01, 0x00, 0x01, 0x01, 0x01, 0x00, 0x01, 0x01, 0x01, 0x00,
0x01, 0x01, 0x01, 0x00, 0x01, 0x01, 0x01, 0x00, 0x00, 0x00, 0x00, 0x00, 0x55, 0x54, 0x07,
0x00, 0xc7, 0xbe, 0x1b, 0x00, 0xc0, 0xb5, 0x1c, 0x00, 0xc0, 0xb7, 0x1d, 0x00, 0xc0, 0xb6,
0x1d, 0x00, 0xc1, 0xb6, 0x1d, 0x00, 0xc0, 0xb6, 0x1d, 0x00, 0xb8, 0xb0, 0x18, 0x00, 0xbd,
0xb2, 0x19, 0x00, 0xbe, 0xa6, 0x13, 0x00, 0xb6, 0xae, 0x16, 0x00, 0xc5, 0xb8, 0x1c, 0x00,
0x9a, 0x90, 0x13, 0x00, 0xac, 0x91, 0x11, 0x00, 0xbe, 0xad, 0x12, 0x00, 0xbe, 0xb2, 0x1c,
0x00, 0xbe, 0xb4, 0x1e, 0x00, 0xbe, 0xb5, 0x1b, 0x00, 0xbb, 0xb2, 0x13, 0x00, 0xc0, 0xb5,
0x19, 0x00, 0xb8, 0xad, 0x11, 0x00, 0x9d, 0x95, 0x16, 0x47, 0xc2, 0xb7, 0x1d, 0xa5, 0xc0,
0xb6, 0x1d, 0xf0, 0xc3, 0xb9, 0x1f, 0xff, 0xc2, 0xb8, 0x1e, 0xff, 0xc1, 0xb7, 0x1e, 0xff,
0xc1, 0xb7, 0x1e, 0xff, 0xc1, 0xb7, 0x1e, 0xff, 0xc1, 0xb7, 0x1e, 0xff, 0xc1, 0xb7, 0x1e,
0xff, 0xc1, 0xb7, 0x1e, 0xff, 0xc1, 0xb7, 0x1e, 0xff, 0xc1, 0xb7, 0x1e, 0xff, 0xc1, 0xb7,
0x1e, 0xff, 0xc1, 0xb7, 0x1e, 0xff, 0xc1, 0xb7, 0x1e, 0xff, 0xc1, 0xb7, 0x1e, 0xff, 0xc1,
0xb7, 0x1e, 0xff, 0xc1, 0xb7, 0x1e, 0xff, 0xc1, 0xb7, 0x1e, 0xff, 0xc1, 0xb7, 0x1e, 0xff,
0xc1, 0xb7, 0x1e, 0xff, 0xc1, 0xb7, 0x1e, 0xff, 0xc1, 0xb7, 0x1e, 0xff, 0xc1, 0xb7, 0x1e,
0xff, 0xc1, 0xb7, 0x1e, 0xff, 0xc1, 0xb7, 0x1e, 0xff, 0xc1, 0xb7, 0x1e, 0xff, 0xc1, 0xb7,
0x1e, 0xff, 0xc1, 0xb7, 0x1e, 0xff, 0xc1, 0xb7, 0x1e, 0xff, 0xc1, 0xb7, 0x1e, 0xff, 0xc1,
0xb7, 0x1e, 0xff, 0xc1, 0xb7, 0x1e, 0xff, 0xc1, 0xb7, 0x1e, 0xff, 0xc1, 0xb7, 0x1e, 0xff,
0xc1, 0xb7, 0x1e, 0xff, 0xc1, 0xb7, 0x1e, 0xff, 0xc1, 0xb7, 0x1e, 0xff, 0xc1, 0xb7, 0x1e,
0xff, 0xc1, 0xb7, 0x1e, 0xff, 0xc1, 0xb7, 0x1e, 0xff, 0xc2, 0xb9, 0x1e, 0xff, 0xc1, 0xb7,
0x1e, 0xff, 0xbb, 0xb2, 0x1d, 0xd9, 0xaf, 0xa5, 0x1b, 0x8e, 0xc0, 0xb6, 0x1b, 0x2b, 0xbb,
0xb4, 0x1a, 0x00, 0xbf, 0xb4, 0x1d, 0x00, 0xc1, 0xb6, 0x1c, 0x00, 0xb5, 0xad, 0x16, 0x00,
0xa5, 0x9d, 0x17, 0x00, 0xbd, 0xb6, 0x1e, 0x00, 0xbe, 0xb2, 0x1b, 0x00, 0xae, 0xa7, 0x15,
0x00, 0xb8, 0xb2, 0x12, 0x00, 0xbd, 0xb4, 0x16, 0x00, 0xab, 0xa3, 0x15, 0x00, 0x8e, 0x84,
0x12, 0x00, 0xbb, 0xb7, 0x14, 0x00, 0xbc, 0xa8, 0x14, 0x00, 0xbf, 0xb3, 0x1c, 0x00, 0xaf,
0xab, 0x0e, 0x00, 0xb6, 0xb0, 0x15, 0x00, 0xb2, 0xa0, 0x10, 0x00, 0x85, 0x7e, 0x00, 0x00,
0x7f, 0x80, 0x01, 0x00, 0x80, 0x80, 0x01, 0x00, 0x80, 0x80, 0x01, 0x00, 0x80, 0x80, 0x01,
0x00, 0x80, 0x80, 0x01, 0x00, 0x80, 0x80, 0x01, 0x00, 0x80, 0x80, 0x01, 0x00, 0x80, 0x80,
0x01, 0x00, 0x80, 0x80, 0x01, 0x00, 0x80, 0x80, 0x01, 0x00, 0x80, 0x80, 0x01, 0x00, 0x80,
0x80, 0x01, 0x00, 0x80, 0x80, 0x01, 0x00, 0x80, 0x80, 0x01, 0x00, 0xff, 0xff, 0xff, 0x00,
0xff, 0xff, 0xff, 0x00, 0xff, 0xff, 0xff, 0x00, 0xff, 0xff, 0xff, 0x00, 0xff, 0xff, 0xff,
0x00, 0xff, 0xff, 0xff, 0x00, 0xff, 0xff, 0xff, 0x00, 0xff, 0xff, 0xff, 0x00, 0xff, 0xff,
0xff, 0x00, 0xff, 0xff, 0xff, 0x00, 0xff, 0xff, 0xff, 0x00, 0xff, 0xff, 0xff, 0x00, 0xff,
0xff, 0xff, 0x00, 0xff, 0xff, 0xff, 0x00, 0xff, 0xff, 0xff, 0x00, 0x01, 0x01, 0x01, 0x00,
0x01, 0x01, 0x01, 0x00, 0x01, 0x01, 0x01, 0x00, 0x01, 0x01, 0x01, 0x00, 0x01, 0x01, 0x01,
0x00, 0x01, 0x01, 0x01, 0x00, 0x01, 0x01, 0x01, 0x00, 0x01, 0x01, 0x01, 0x00, 0x01, 0x01,
0x01, 0x00, 0x01, 0x01, 0x01, 0x00, 0x01, 0x01, 0x01, 0x00, 0x00, 0x00, 0x00, 0x00, 0x55,
0x54, 0x07, 0x00, 0xc7, 0xbe, 0x1b, 0x00, 0xc0, 0xb5, 0x1c, 0x00, 0xc0, 0xb7, 0x1d, 0x00,
0xc0, 0xb6, 0x1d, 0x00, 0xc1, 0xb6, 0x1d, 0x00, 0xc0, 0xb6, 0x1d, 0x00, 0xb8, 0xb0, 0x18,
0x00, 0xbd, 0xb2, 0x19, 0x00, 0xbe, 0xa6, 0x13, 0x00, 0xb6, 0xae, 0x16, 0x00, 0xc5, 0xb8,
0x1c, 0x00, 0x9a, 0x90, 0x13, 0x00, 0xac, 0x91, 0x11, 0x00, 0xbe, 0xad, 0x12, 0x00, 0xbe,
0xb2, 0x1c, 0x00, 0xbe, 0xb4, 0x1e, 0x00, 0xbe, 0xb5, 0x1b, 0x00, 0xbb, 0xb2, 0x13, 0x00,
0xc0, 0xb5, 0x1a, 0x00, 0xb7, 0xac, 0x11, 0x00, 0x8f, 0x88, 0x15, 0x00, 0xbf, 0xb5, 0x19,
0x00, 0xbc, 0xb5, 0x16, 0x22, 0xb1, 0xa8, 0x19, 0x81, 0xb8, 0xaf, 0x1c, 0xc2, 0xc2, 0xb8,
0x1e, 0xff, 0xc2, 0xb7, 0x1e, 0xff, 0xc1, 0xb7, 0x1e, 0xff, 0xc1, 0xb7, 0x1e, 0xff, 0xc1,
0xb7, 0x1e, 0xff, 0xc1, 0xb7, 0x1e, 0xff, 0xc1, 0xb7, 0x1e, 0xff, 0xc1, 0xb7, 0x1e, 0xff,
0xc1, 0xb7, 0x1e, 0xff, 0xc1, 0xb7, 0x1e, 0xff, 0xc1, 0xb7, 0x1e, 0xff, 0xc1, 0xb7, 0x1e,
0xff, 0xc1, 0xb7, 0x1e, 0xff, 0xc1, 0xb7, 0x1e, 0xff, 0xc1, 0xb7, 0x1e, 0xff, 0xc1, 0xb7,
0x1e, 0xff, 0xc1, 0xb7, 0x1e, 0xff, 0xc1, 0xb7, 0x1e, 0xff, 0xc1, 0xb7, 0x1e, 0xff, 0xc1,
0xb7, 0x1e, 0xff, 0xc1, 0xb7, 0x1e, 0xff, 0xc1, 0xb7, 0x1e, 0xff, 0xc1, 0xb7, 0x1e, 0xff,
0xc1, 0xb7, 0x1e, 0xff, 0xc1, 0xb7, 0x1e, 0xff, 0xc1, 0xb7, 0x1e, 0xff, 0xc1, 0xb7, 0x1e,
0xff, 0xc1, 0xb7, 0x1e, 0xff, 0xc1, 0xb7, 0x1e, 0xff, 0xc1, 0xb7, 0x1e, 0xff, 0xc1, 0xb7,
0x1e, 0xff, 0xc1, 0xb7, 0x1e, 0xff, 0xc1, 0xb7, 0x1e, 0xff, 0xc1, 0xb7, 0x1e, 0xff, 0xc1,
0xb7, 0x1e, 0xff, 0xc4, 0xba, 0x1f, 0xff, 0xc1, 0xb6, 0x1d, 0xe8, 0xb9, 0xac, 0x1b, 0xa6,
0xbb, 0xb1, 0x1d, 0x60, 0x8f, 0x88, 0x16, 0x0b, 0x92, 0x88, 0x16, 0x00, 0xc2, 0xb7, 0x1b,
0x00, 0xbb, 0xb4, 0x1a, 0x00, 0xbf, 0xb4, 0x1d, 0x00, 0xc1, 0xb6, 0x1c, 0x00, 0xb5, 0xad,
0x16, 0x00, 0xa5, 0x9d, 0x17, 0x00, 0xbd, 0xb6, 0x1e, 0x00, 0xbe, 0xb2, 0x1b, 0x00, 0xae,
0xa7, 0x15, 0x00, 0xb8, 0xb2, 0x12, 0x00, 0xbd, 0xb4, 0x16, 0x00, 0xab, 0xa3, 0x15, 0x00,
0x8e, 0x84, 0x12, 0x00, 0xbb, 0xb7, 0x14, 0x00, 0xbc, 0xa8, 0x14, 0x00, 0xbf, 0xb3, 0x1c,
0x00, 0xaf, 0xab, 0x0e, 0x00, 0xb6, 0xb0, 0x15, 0x00, 0xb2, 0xa0, 0x10, 0x00, 0x85, 0x7e,
0x00, 0x00, 0x7f, 0x80, 0x01, 0x00, 0x80, 0x80, 0x01, 0x00, 0x80, 0x80, 0x01, 0x00, 0x80,
0x80, 0x01, 0x00, 0x80, 0x80, 0x01, 0x00, 0x80, 0x80, 0x01, 0x00, 0x80, 0x80, 0x01, 0x00,
0x80, 0x80, 0x01, 0x00, 0x80, 0x80, 0x01, 0x00, 0x80, 0x80, 0x01, 0x00, 0x80, 0x80, 0x01,
0x00, 0x80, 0x80, 0x01, 0x00, 0x80, 0x80, 0x01, 0x00, 0x80, 0x80, 0x01, 0x00, 0xff, 0xff,
0xff, 0x00, 0xff, 0xff, 0xff, 0x00, 0xff, 0xff, 0xff, 0x00, 0xff, 0xff, 0xff, 0x00, 0xff,
0xff, 0xff, 0x00, 0xff, 0xff, 0xff, 0x00, 0xff, 0xff, 0xff, 0x00, 0xff, 0xff, 0xff, 0x00,
0xff, 0xff, 0xff, 0x00, 0xff, 0xff, 0xff, 0x00, 0xff, 0xff, 0xff, 0x00, 0xff, 0xff, 0xff,
0x00, 0xff, 0xff, 0xff, 0x00, 0xff, 0xff, 0xff, 0x00, 0xff, 0xff, 0xff, 0x00, 0x01, 0x01,
0x01, 0x00, 0x01, 0x01, 0x01, 0x00, 0x01, 0x01, 0x01, 0x00, 0x01, 0x01, 0x01, 0x00, 0x01,
0x01, 0x01, 0x00, 0x01, 0x01, 0x01, 0x00, 0x01, 0x01, 0x01, 0x00, 0x01, 0x01, 0x01, 0x00,
0x01, 0x01, 0x01, 0x00, 0x01, 0x01, 0x01, 0x00, 0x01, 0x01, 0x01, 0x00, 0x00, 0x00, 0x00,
0x00, 0x55, 0x54, 0x07, 0x00, 0xc7, 0xbe, 0x1b, 0x00, 0xc0, 0xb5, 0x1c, 0x00, 0xc0, 0xb7,
0x1d, 0x00, 0xc0, 0xb6, 0x1d, 0x00, 0xc1, 0xb6, 0x1d, 0x00, 0xc0, 0xb6, 0x1d, 0x00, 0xb8,
0xb0, 0x18, 0x00, 0xbd, 0xb2, 0x19, 0x00, 0xbe, 0xa6, 0x13, 0x00, 0xb6, 0xae, 0x16, 0x00,
0xc5, 0xb8, 0x1c, 0x00, 0x9a, 0x90, 0x13, 0x00, 0xac, 0x91, 0x11, 0x00, 0xbe, 0xad, 0x12,
0x00, 0xbe, 0xb2, 0x1c, 0x00, 0xbe, 0xb4, 0x1e, 0x00, 0xbe, 0xb5, 0x1b, 0x00, 0xbb, 0xb2,
0x13, 0x00, 0xc0, 0xb5, 0x1a, 0x00, 0xb7, 0xac, 0x11, 0x00, 0x91, 0x8a, 0x15, 0x00, 0xbf,
0xb5, 0x19, 0x00, 0xbe, 0xb7, 0x15, 0x00, 0x97, 0x8f, 0x12, 0x00, 0xa7, 0xa0, 0x16, 0x00,
0xbf, 0xb9, 0x1b, 0x37, 0xbe, 0xb5, 0x1c, 0x96, 0xc0, 0xb6, 0x1d, 0xd1, 0xc1, 0xb7, 0x1e,
0xf4, 0xc1, 0xb7, 0x1e, 0xff, 0xc1, 0xb7, 0x1e, 0xff, 0xc1, 0xb7, 0x1e, 0xff, 0xc1, 0xb7,
0x1e, 0xff, 0xc1, 0xb7, 0x1e, 0xff, 0xc1, 0xb7, 0x1e, 0xff, 0xc1, 0xb7, 0x1e, 0xff, 0xc1,
0xb7, 0x1e, 0xff, 0xc1, 0xb7, 0x1e, 0xff, 0xc1, 0xb7, 0x1e, 0xff, 0xc1, 0xb7, 0x1e, 0xff,
0xc1, 0xb7, 0x1e, 0xff, 0xc1, 0xb7, 0x1e, 0xff, 0xc1, 0xb7, 0x1e, 0xff, 0xc1, 0xb7, 0x1e,
0xff, 0xc1, 0xb7, 0x1e, 0xff, 0xc1, 0xb7, 0x1e, 0xff, 0xc1, 0xb7, 0x1e, 0xff, 0xc1, 0xb7,
0x1e, 0xff, 0xc1, 0xb7, 0x1e, 0xff, 0xc1, 0xb7, 0x1e, 0xff, 0xc1, 0xb7, 0x1e, 0xff, 0xc1,
0xb7, 0x1e, 0xff, 0xc1, 0xb7, 0x1e, 0xff, 0xc1, 0xb7, 0x1e, 0xff, 0xc1, 0xb7, 0x1e, 0xff,
0xc1, 0xb7, 0x1e, 0xff, 0xc1, 0xb7, 0x1e, 0xff, 0xc1, 0xb7, 0x1e, 0xff, 0xc0, 0xb7, 0x1d,
0xe1, 0xbe, 0xb4, 0x1d, 0xb8, 0xa4, 0x9e, 0x17, 0x68, 0xbe, 0xb1, 0x15, 0x17, 0xa9, 0x95,
0x14, 0x00, 0xb9, 0xaf, 0x1d, 0x00, 0x8b, 0x84, 0x16, 0x00, 0x95, 0x8b, 0x16, 0x00, 0xc2,
0xb7, 0x1b, 0x00, 0xbb, 0xb4, 0x1a, 0x00, 0xbf, 0xb4, 0x1d, 0x00, 0xc1, 0xb6, 0x1c, 0x00,
0xb5, 0xad, 0x16, 0x00, 0xa5, 0x9d, 0x17, 0x00, 0xbd, 0xb6, 0x1e, 0x00, 0xbe, 0xb2, 0x1b,
0x00, 0xae, 0xa7, 0x15, 0x00, 0xb8, 0xb2, 0x12, 0x00, 0xbd, 0xb4, 0x16, 0x00, 0xab, 0xa3,
0x15, 0x00, 0x8e, 0x84, 0x12, 0x00, 0xbb, 0xb7, 0x14, 0x00, 0xbc, 0xa8, 0x14, 0x00, 0xbf,
0xb3, 0x1c, 0x00, 0xaf, 0xab, 0x0e, 0x00, 0xb6, 0xb0, 0x15, 0x00, 0xb2, 0xa0, 0x10, 0x00,
0x85, 0x7e, 0x00, 0x00, 0x7f, 0x80, 0x01, 0x00, 0x80, 0x80, 0x01, 0x00, 0x80, 0x80, 0x01,
0x00, 0x80, 0x80, 0x01, 0x00, 0x80, 0x80, 0x01, 0x00, 0x80, 0x80, 0x01, 0x00, 0x80, 0x80,
0x01, 0x00, 0x80, 0x80, 0x01, 0x00, 0x80, 0x80, 0x01, 0x00, 0x80, 0x80, 0x01, 0x00, 0x80,
0x80, 0x01, 0x00, 0x80, 0x80, 0x01, 0x00, 0x80, 0x80, 0x01, 0x00, 0x80, 0x80, 0x01, 0x00,
0xff, 0xff, 0xff, 0x00, 0xff, 0xff, 0xff, 0x00, 0xff, 0xff, 0xff, 0x00, 0xff, 0xff, 0xff,
0x00, 0xff, 0xff, 0xff, 0x00, 0xff, 0xff, 0xff, 0x00, 0xff, 0xff, 0xff, 0x00, 0xff, 0xff,
0xff, 0x00, 0xff, 0xff, 0xff, 0x00, 0xff, 0xff, 0xff, 0x00, 0xff, 0xff, 0xff, 0x00, 0xff,
0xff, 0xff, 0x00, 0xff, 0xff, 0xff, 0x00, 0xff, 0xff, 0xff, 0x00, 0xff, 0xff, 0xff, 0x00,
0x01, 0x01, 0x01, 0x00, 0x01, 0x01, 0x01, 0x00, 0x01, 0x01, 0x01, 0x00, 0x01, 0x01, 0x01,
0x00, 0x01, 0x01, 0x01, 0x00, 0x01, 0x01, 0x01, 0x00, 0x01, 0x01, 0x01, 0x00, 0x01, 0x01,
0x01, 0x00, 0x01, 0x01, 0x01, 0x00, 0x01, 0x01, 0x01, 0x00, 0x01, 0x01, 0x01, 0x00, 0x00,
0x00, 0x00, 0x00, 0x55, 0x54, 0x07, 0x00, 0xc7, 0xbe, 0x1b, 0x00, 0xc0, 0xb5, 0x1c, 0x00,
0xc0, 0xb7, 0x1d, 0x00, 0xc0, 0xb6, 0x1d, 0x00, 0xc1, 0xb6, 0x1d, 0x00, 0xc0, 0xb6, 0x1d,
0x00, 0xb8, 0xb0, 0x18, 0x00, 0xbd, 0xb2, 0x19, 0x00, 0xbe, 0xa6, 0x13, 0x00, 0xb6, 0xae,
0x16, 0x00, 0xc5, 0xb8, 0x1c, 0x00, 0x9a, 0x90, 0x13, 0x00, 0xac, 0x91, 0x11, 0x00, 0xbe,
0xad, 0x12, 0x00, 0xbe, 0xb2, 0x1c, 0x00, 0xbe, 0xb4, 0x1e, 0x00, 0xbe, 0xb5, 0x1b, 0x00,
0xbb, 0xb2, 0x13, 0x00, 0xc0, 0xb5, 0x1a, 0x00, 0xb7, 0xac, 0x11, 0x00, 0x91, 0x8a, 0x15,
0x00, 0xbf, 0xb5, 0x19, 0x00, 0xbe, 0xb7, 0x15, 0x00, 0x99, 0x91, 0x13, 0x00, 0xa8, 0xa1,
0x16, 0x00, 0xbf, 0xb9, 0x1b, 0x00, 0xb7, 0xb1, 0x17, 0x00, 0xbb, 0xb3, 0x1a, 0x02, 0xbc,
0xb4, 0x1e, 0x21, 0xc0, 0xb7, 0x1d, 0x5f, 0xc1, 0xb6, 0x1e, 0xa9, 0xc1, 0xb7, 0x1e, 0xd0,
0xc1, 0xb7, 0x1e, 0xe8, 0xc1, 0xb7, 0x1e, 0xff, 0xc1, 0xb7, 0x1e, 0xff, 0xc1, 0xb7, 0x1e,
0xff, 0xc3, 0xb9, 0x1e, 0xff, 0xc1, 0xb7, 0x1e, 0xff, 0xc1, 0xb7, 0x1e, 0xff, 0xc1, 0xb7,
0x1e, 0xff, 0xc1, 0xb7, 0x1e, 0xff, 0xc1, 0xb7, 0x1e, 0xff, 0xc1, 0xb7, 0x1e, 0xff, 0xc1,
0xb7, 0x1e, 0xff, 0xc1, 0xb7, 0x1e, 0xff, 0xc1, 0xb7, 0x1e, 0xff, 0xc1, 0xb7, 0x1e, 0xff,
0xc1, 0xb7, 0x1e, 0xff, 0xc1, 0xb7, 0x1e, 0xff, 0xc1, 0xb7, 0x1e, 0xff, 0xc1, 0xb7, 0x1e,
0xff, 0xc2, 0xb7, 0x1e, 0xff, 0xc1, 0xb7, 0x1e, 0xff, 0xc1, 0xb7, 0x1e, 0xf1, 0xc1, 0xb7,
0x1e, 0xda, 0xc0, 0xb6, 0x1d, 0xbf, 0xc0, 0xb6, 0x1d, 0x80, 0xc0, 0xb6, 0x1e, 0x37, 0xbb,
0xb3, 0x17, 0x0c, 0xb9, 0xb0, 0x1b, 0x00, 0x88, 0x84, 0x11, 0x00, 0xbe, 0xb2, 0x15, 0x00,
0xaa, 0x97, 0x15, 0x00, 0xb9, 0xaf, 0x1d, 0x00, 0x8c, 0x85, 0x16, 0x00, 0x95, 0x8b, 0x16,
0x00, 0xc2, 0xb7, 0x1b, 0x00, 0xbb, 0xb4, 0x1a, 0x00, 0xbf, 0xb4, 0x1d, 0x00, 0xc1, 0xb6,
0x1c, 0x00, 0xb5, 0xad, 0x16, 0x00, 0xa5, 0x9d, 0x17, 0x00, 0xbd, 0xb6, 0x1e, 0x00, 0xbe,
0xb2, 0x1b, 0x00, 0xae, 0xa7, 0x15, 0x00, 0xb8, 0xb2, 0x12, 0x00, 0xbd, 0xb4, 0x16, 0x00,
0xab, 0xa3, 0x15, 0x00, 0x8e, 0x84, 0x12, 0x00, 0xbb, 0xb7, 0x14, 0x00, 0xbc, 0xa8, 0x14,
0x00, 0xbf, 0xb3, 0x1c, 0x00, 0xaf, 0xab, 0x0e, 0x00, 0xb6, 0xb0, 0x15, 0x00, 0xb2, 0xa0,
0x10, 0x00, 0x85, 0x7e, 0x00, 0x00, 0x7f, 0x80, 0x01, 0x00, 0x80, 0x80, 0x01, 0x00, 0x80,
0x80, 0x01, 0x00, 0x80, 0x80, 0x01, 0x00, 0x80, 0x80, 0x01, 0x00, 0x80, 0x80, 0x01, 0x00,
0x80, 0x80, 0x01, 0x00, 0x80, 0x80, 0x01, 0x00, 0x80, 0x80, 0x01, 0x00, 0x80, 0x80, 0x01,
0x00, 0x80, 0x80, 0x01, 0x00, 0x80, 0x80, 0x01, 0x00, 0x80, 0x80, 0x01, 0x00, 0x80, 0x80,
0x01, 0x00, 0xff, 0xff, 0xff, 0x00, 0xff, 0xff, 0xff, 0x00, 0xff, 0xff, 0xff, 0x00, 0xff,
0xff, 0xff, 0x00, 0xff, 0xff, 0xff, 0x00, 0xff, 0xff, 0xff, 0x00, 0xff, 0xff, 0xff, 0x00,
0xff, 0xff, 0xff, 0x00, 0xff, 0xff, 0xff, 0x00, 0xff, 0xff, 0xff, 0x00, 0xff, 0xff, 0xff,
0x00, 0xff, 0xff, 0xff, 0x00, 0xff, 0xff, 0xff, 0x00, 0xff, 0xff, 0xff, 0x00, 0xff, 0xff,
0xff, 0x00, 0x01, 0x01, 0x01, 0x00, 0x01, 0x01, 0x01, 0x00, 0x01, 0x01, 0x01, 0x00, 0x01,
0x01, 0x01, 0x00, 0x01, 0x01, 0x01, 0x00, 0x01, 0x01, 0x01, 0x00, 0x01, 0x01, 0x01, 0x00,
0x01, 0x01, 0x01, 0x00, 0x01, 0x01, 0x01, 0x00, 0x01, 0x01, 0x01, 0x00, 0x01, 0x01, 0x01,
0x00, 0x00, 0x00, 0x00, 0x00, 0x55, 0x54, 0x07, 0x00, 0xc7, 0xbe, 0x1b, 0x00, 0xc0, 0xb5,
0x1c, 0x00, 0xc0, 0xb7, 0x1d, 0x00, 0xc0, 0xb6, 0x1d, 0x00, 0xc1, 0xb6, 0x1d, 0x00, 0xc0,
0xb6, 0x1d, 0x00, 0xb8, 0xb0, 0x18, 0x00, 0xbd, 0xb2, 0x19, 0x00, 0xbe, 0xa6, 0x13, 0x00,
0xb6, 0xae, 0x16, 0x00, 0xc5, 0xb8, 0x1c, 0x00, 0x9a, 0x90, 0x13, 0x00, 0xac, 0x91, 0x11,
0x00, 0xbe, 0xad, 0x12, 0x00, 0xbe, 0xb2, 0x1c, 0x00, 0xbe, 0xb4, 0x1e, 0x00, 0xbe, 0xb5,
0x1b, 0x00, 0xbb, 0xb2, 0x13, 0x00, 0xc0, 0xb5, 0x1a, 0x00, 0xb7, 0xac, 0x11, 0x00, 0x91,
0x8a, 0x15, 0x00, 0xbf, 0xb5, 0x19, 0x00, 0xbe, 0xb7, 0x15, 0x00, 0x99, 0x91, 0x13, 0x00,
0xa8, 0xa1, 0x16, 0x00, 0xbf, 0xb9, 0x1b, 0x00, 0xb7, 0xb1, 0x17, 0x00, 0xbb, 0xb3, 0x1a,
0x00, 0xbb, 0xb4, 0x1e, 0x00, 0xbf, 0xb7, 0x1c, 0x00, 0xc0, 0xb5, 0x1d, 0x00, 0xc0, 0xb5,
0x1d, 0x02, 0xc0, 0xb7, 0x1e, 0x10, 0xc0, 0xb7, 0x1a, 0x33, 0xc0, 0xb6, 0x1c, 0x63, 0xc2,
0xb7, 0x1e, 0x8e, 0xb5, 0xab, 0x1c, 0xb5, 0xbf, 0xb5, 0x1d, 0xd1, 0xc1, 0xb7, 0x1e, 0xe7,
0xc1, 0xb7, 0x1e, 0xed, 0xc1, 0xb7, 0x1e, 0xed, 0xc1, 0xb7, 0x1e, 0xed, 0xc1, 0xb7, 0x1e,
0xed, 0xc1, 0xb7, 0x1e, 0xed, 0xc1, 0xb7, 0x1e, 0xed, 0xc1, 0xb7, 0x1e, 0xed, 0xc1, 0xb7,
0x1e, 0xed, 0xc1, 0xb7, 0x1e, 0xea, 0xc1, 0xb7, 0x1e, 0xd6, 0xc0, 0xb6, 0x1d, 0xbe, 0xbe,
0xb5, 0x1c, 0x9a, 0xbd, 0xb4, 0x1b, 0x6f, 0xc2, 0xb6, 0x1d, 0x42, 0xbe, 0xb6, 0x1b, 0x1a,
0xbe, 0xb7, 0x1d, 0x07, 0xbf, 0xb2, 0x1c, 0x00, 0xbf, 0xb5, 0x1b, 0x00, 0xc0, 0xb6, 0x1e,
0x00, 0xbb, 0xb3, 0x17, 0x00, 0xb9, 0xb0, 0x1b, 0x00, 0x8b, 0x87, 0x12, 0x00, 0xbe, 0xb2,
0x15, 0x00, 0xaa, 0x97, 0x15, 0x00, 0xb9, 0xaf, 0x1d, 0x00, 0x8c, 0x85, 0x16, 0x00, 0x95,
0x8b, 0x16, 0x00, 0xc2, 0xb7, 0x1b, 0x00, 0xbb, 0xb4, 0x1a, 0x00, 0xbf, 0xb4, 0x1d, 0x00,
0xc1, 0xb6, 0x1c, 0x00, 0xb5, 0xad, 0x16, 0x00, 0xa5, 0x9d, 0x17, 0x00, 0xbd, 0xb6, 0x1e,
0x00, 0xbe, 0xb2, 0x1b, 0x00, 0xae, 0xa7, 0x15, 0x00, 0xb8, 0xb2, 0x12, 0x00, 0xbd, 0xb4,
0x16, 0x00, 0xab, 0xa3, 0x15, 0x00, 0x8e, 0x84, 0x12, 0x00, 0xbb, 0xb7, 0x14, 0x00, 0xbc,
0xa8, 0x14, 0x00, 0xbf, 0xb3, 0x1c, 0x00, 0xaf, 0xab, 0x0e, 0x00, 0xb6, 0xb0, 0x15, 0x00,
0xb2, 0xa0, 0x10, 0x00, 0x85, 0x7e, 0x00, 0x00, 0x7f, 0x80, 0x01, 0x00, 0x80, 0x80, 0x01,
0x00, 0x80, 0x80, 0x01, 0x00, 0x80, 0x80, 0x01, 0x00, 0x80, 0x80, 0x01, 0x00, 0x80, 0x80,
0x01, 0x00, 0x80, 0x80, 0x01, 0x00, 0x80, 0x80, 0x01, 0x00, 0x80, 0x80, 0x01, 0x00, 0x80,
0x80, 0x01, 0x00, 0x80, 0x80, 0x01, 0x00, 0x80, 0x80, 0x01, 0x00, 0x80, 0x80, 0x01, 0x00,
0x80, 0x80, 0x01, 0x00, 0xff, 0xff, 0xff, 0x00, 0xff, 0xff, 0xff, 0x00, 0xff, 0xff, 0xff,
0x00, 0xff, 0xff, 0xff, 0x00, 0xff, 0xff, 0xff, 0x00, 0xff, 0xff, 0xff, 0x00, 0xff, 0xff,
0xff, 0x00, 0xff, 0xff, 0xff, 0x00, 0xff, 0xff, 0xff, 0x00, 0xff, 0xff, 0xff, 0x00, 0xff,
0xff, 0xff, 0x00, 0xff, 0xff, 0xff, 0x00, 0xff, 0xff, 0xff, 0x00, 0xff, 0xff, 0xff, 0x00,
0xff, 0xff, 0xff, 0x00, 0xff, 0xff, 0xff, 0x00, 0xff, 0xff, 0xff, 0x00, 0xff, 0xff, 0xff,
0x00, 0xff, 0xff, 0xff, 0x00, 0xff, 0xff, 0xff, 0x00, 0xff, 0xff, 0xff, 0x00, 0xff, 0xff,
0xff, 0x00, 0xff, 0xff, 0xff, 0x00, 0xff, 0xff, 0xff, 0x00, 0xff, 0xff, 0xff, 0x00, 0xff,
0xff, 0xff, 0x00, 0xff, 0xff, 0xff, 0x00, 0xff, 0xff, 0xff, 0x00, 0xff, 0xff, 0xff, 0x00,
0xff, 0xff, 0xff, 0x00, 0xff, 0xff, 0xff, 0x00, 0xff, 0xff, 0xff, 0x00, 0xff, 0xff, 0xff,
0x00, 0xff, 0xff, 0xff, 0x00, 0xff, 0xff, 0xff, 0x00, 0xff, 0xff, 0xff, 0x00, 0xff, 0xff,
0xff, 0x00, 0xff, 0xff, 0xff, 0x00, 0xff, 0xff, 0xff, 0x00, 0xff, 0xff, 0xff, 0x00, 0xff,
0xff, 0xff, 0x00, 0xff, 0xff, 0xff, 0x00, 0xff, 0xff, 0xff, 0x00, 0xff, 0xff, 0xff, 0x00,
0xff, 0xff, 0xff, 0x00, 0xff, 0xff, 0xff, 0x00, 0xff, 0xff, 0xff, 0x00, 0xff, 0xff, 0xff,
0x00, 0xff, 0xff, 0xff, 0x00, 0xff, 0xff, 0xff, 0x00, 0xff, 0xff, 0xff, 0x00, 0xff, 0xff,
0xff, 0x00, 0xff, 0xff, 0xff, 0x00, 0xff, 0xff, 0xff, 0x00, 0xff, 0xff, 0xff, 0x00, 0xff,
0xff, 0xff, 0x00, 0xff, 0xff, 0xff, 0x00, 0xff, 0xff, 0xff, 0x00, 0xff, 0xff, 0xff, 0x00,
0xff, 0xff, 0xff, 0x00, 0xff, 0xff, 0xff, 0x00, 0xff, 0xff, 0xff, 0x00, 0xff, 0xff, 0xff,
0x00, 0xff, 0xff, 0xff, 0x00, 0xff, 0xff, 0xff, 0x00, 0xff, 0xff, 0xff, 0x00, 0xff, 0xff,
0xff, 0x00, 0xff, 0xff, 0xff, 0x00, 0xff, 0xff, 0xff, 0x00, 0xff, 0xff, 0xff, 0x00, 0xff,
0xff, 0xff, 0x00, 0xff, 0xff, 0xff, 0x00, 0xff, 0xff, 0xff, 0x00, 0xff, 0xff, 0xff, 0x00,
0xff, 0xff, 0xff, 0x00, 0xff, 0xff, 0xff, 0x00, 0xff, 0xff, 0xff, 0x00, 0xff, 0xff, 0xff,
0x00, 0xff, 0xff, 0xff, 0x00, 0xff, 0xff, 0xff, 0x00, 0xff, 0xff, 0xff, 0x00, 0xff, 0xff,
0xff, 0x00, 0xff, 0xff, 0xff, 0x00, 0xff, 0xff, 0xff, 0x00, 0xff, 0xff, 0xff, 0x00, 0xff,
0xff, 0xff, 0x00, 0xff, 0xff, 0xff, 0x00, 0xff, 0xff, 0xff, 0x00, 0xff, 0xff, 0xff, 0x00,
0xff, 0xff, 0xff, 0x00, 0xff, 0xff, 0xff, 0x00, 0xff, 0xff, 0xff, 0x00, 0xff, 0xff, 0xff,
0x00, 0xff, 0xff, 0xff, 0x00, 0xff, 0xff, 0xff, 0x00, 0xff, 0xff, 0xff, 0x00, 0xff, 0xff,
0xff, 0x00, 0xff, 0xff, 0xff, 0x00, 0xff, 0xff, 0xff, 0x00, 0xff, 0xff, 0xff, 0x00, 0xff,
0xff, 0xff, 0x00, 0xff, 0xff, 0xff, 0x00, 0xff, 0xff, 0xff, 0x00, 0xff, 0xff, 0xff, 0x00,
0xff, 0xff, 0xff, 0x00, 0xff, 0xff, 0xff, 0x00, 0xff, 0xff, 0xff, 0x00, 0xff, 0xff, 0xff,
0x00, 0xff, 0xff, 0xff, 0x00, 0xff, 0xff, 0xff, 0x00, 0xff, 0xff, 0xff, 0x00, 0xff, 0xff,
0xff, 0x00, 0xff, 0xff, 0xff, 0x00, 0xff, 0xff, 0xff, 0x00, 0xff, 0xff, 0xff, 0x00, 0xff,
0xff, 0xff, 0x00, 0xff, 0xff, 0xff, 0x00, 0xff, 0xff, 0xff, 0x00, 0xff, 0xff, 0xff, 0x00,
0xff, 0xff, 0xff, 0x00, 0xff, 0xff, 0xff, 0x00, 0xff, 0xff, 0xff, 0x00, 0xff, 0xff, 0xff,
0x00, 0xff, 0xff, 0xff, 0x00, 0xff, 0xff, 0xff, 0x00, 0xff, 0xff, 0xff, 0x00, 0xff, 0xff,
0xff, 0x00, 0xff, 0xff, 0xff, 0x00, 0xff, 0xff, 0xff, 0x00, 0xff, 0xff, 0xff, 0x00, 0xff,
0xff, 0xff, 0x00, 0xff, 0xff, 0xff, 0x00, 0xff, 0xff, 0xff, 0x00, 0xff, 0xff, 0xff, 0x00,
0xff, 0xff, 0xff, 0x00, 0xff, 0xff, 0xff, 0x00, 0xff, 0xff, 0xff, 0x00, 0xff, 0xff, 0xff,
0x00, 0xff, 0xff, 0xff, 0x00, 0xff, 0xff, 0xff, 0x00, 0xff, 0xff, 0xff, 0x00, 0xff, 0xff,
0xff, 0x00, 0xff, 0xff, 0xff, 0x00, 0xff, 0xff, 0xff, 0x00, 0xff, 0xff, 0xff, 0x00, 0xff,
0xff, 0xff, 0x00, 0xff, 0xff, 0xff, 0x00, 0xff, 0xff, 0xff, 0x00, 0xff, 0xff, 0xff, 0x00,
0xff, 0xff, 0xff, 0x00, 0xff, 0xff, 0xff, 0x00, 0xff, 0xff, 0xff, 0x00, 0xff, 0xff, 0xff,
0x00, 0xff, 0xff, 0xff, 0x00, 0xff, 0xff, 0xff, 0x00, 0xff, 0xff, 0xff, 0x00, 0xff, 0xff,
0xff, 0x00, 0xff, 0xff, 0xff, 0x00, 0xff, 0xff, 0xff, 0x00, 0xff, 0xff, 0xff, 0x00, 0xff,
0xff, 0xff, 0x00, 0xff, 0xff, 0xff, 0x00, 0xff, 0xff, 0xff, 0x00, 0xff, 0xff, 0xff, 0x00,
0xff, 0xff, 0xff, 0x00, 0xff, 0xff, 0xff, 0x00, 0xff, 0xff, 0xff, 0x00, 0xff, 0xff, 0xff,
0x00, 0xff, 0xff, 0xff, 0x00, 0xff, 0xff, 0xff, 0x00, 0xff, 0xff, 0xff, 0x00, 0xff, 0xff,
0xff, 0x00, 0xff, 0xff, 0xff, 0x00, 0xff, 0xff, 0xff, 0x00, 0xff, 0xff, 0xff, 0x00, 0xff,
0xff, 0xff, 0x00, 0xff, 0xff, 0xff, 0x00, 0xff, 0xff, 0xff, 0x00, 0xff, 0xff, 0xff, 0x00,
0xff, 0xff, 0xff, 0x00, 0xff, 0xff, 0xff, 0x00, 0xff, 0xff, 0xff, 0x00, 0xff, 0xff, 0xff,
0x00, 0xff, 0xff, 0xff, 0x00, 0xff, 0xff, 0xff, 0x00, 0xff, 0xff, 0xff, 0x00, 0xff, 0xff,
0xff, 0x00, 0xff, 0xff, 0xff, 0x00, 0xff, 0xff, 0xff, 0x00, 0xff, 0xff, 0xff, 0x00, 0xff,
0xff, 0xff, 0x00, 0xff, 0xff, 0xff, 0x00, 0xff, 0xff, 0xff, 0x00, 0xff, 0xff, 0xff, 0x00,
0xff, 0xff, 0xff, 0x00, 0xff, 0xff, 0xff, 0x00, 0xff, 0xff, 0xff, 0x00, 0xff, 0xff, 0xff,
0x00, 0xff, 0xff, 0xff, 0x00, 0xff, 0xff, 0xff, 0x00, 0xff, 0xff, 0xff, 0x00, 0xff, 0xff,
0xff, 0x00, 0xff, 0xff, 0xff, 0x00, 0xff, 0xff, 0xff, 0x00, 0xff, 0xff, 0xff, 0x00, 0xff,
0xff, 0xff, 0x00, 0xff, 0xff, 0xff, 0x00, 0xff, 0xff, 0xff, 0x00, 0xff, 0xff, 0xff, 0x00,
0xff, 0xff, 0xff, 0x00, 0xff, 0xff, 0xff, 0x00, 0xff, 0xff, 0xff, 0x00, 0xff, 0xff, 0xff,
0x00, 0xff, 0xff, 0xff, 0x00, 0xff, 0xff, 0xff, 0x00, 0xff, 0xff, 0xff, 0x00, 0xff, 0xff,
0xff, 0x00, 0xff, 0xff, 0xff, 0x00, 0xff, 0xff, 0xff, 0x00, 0xff, 0xff, 0xff, 0x00, 0xff,
0xff, 0xff, 0x00, 0xff, 0xff, 0xff, 0x00, 0xff, 0xff, 0xff, 0x00, 0xff, 0xff, 0xff, 0x00,
0xff, 0xff, 0xff, 0x00, 0xff, 0xff, 0xff, 0x00, 0xff, 0xff, 0xff, 0x00, 0xff, 0xff, 0xff,
0x00, 0xff, 0xff, 0xff, 0x00, 0xff, 0xff, 0xff, 0x00, 0xff, 0xff, 0xff, 0x00, 0xff, 0xff,
0xff, 0x00, 0xff, 0xff, 0xff, 0x00, 0xff, 0xff, 0xff, 0x00, 0xff, 0xff, 0xff, 0x00, 0xff,
0xff, 0xff, 0x00, 0xff, 0xff, 0xff, 0x00, 0xff, 0xff, 0xff, 0x00, 0xff, 0xff, 0xff, 0x00,
0xff, 0xff, 0xff, 0x00, 0xff, 0xff, 0xff, 0x00, 0xff, 0xff, 0xff, 0x00, 0xff, 0xff, 0xff,
0x00, 0xff, 0xff, 0xff, 0x00, 0xff, 0xff, 0xff, 0x00, 0xff, 0xff, 0xff, 0x00, 0xff, 0xff,
0xff, 0x00, 0xff, 0xff, 0xff, 0x00, 0xff, 0xff, 0xff, 0x00, 0xff, 0xff, 0xff, 0x00, 0xff,
0xff, 0xff, 0x00, 0xff, 0xff, 0xff, 0x00, 0xff, 0xff, 0xff, 0x00, 0xff, 0xff, 0xff, 0x00,
0xff, 0xff, 0xff, 0x00, 0xff, 0xff, 0xff, 0x00, 0xff, 0xff, 0xff, 0x00, 0xff, 0xff, 0xff,
0x00, 0xff, 0xff, 0xff, 0x00, 0xff, 0xff, 0xff, 0x00, 0xff, 0xff, 0xff, 0x00, 0xff, 0xff,
0xff, 0x00, 0xff, 0xff, 0xff, 0x00, 0xff, 0xff, 0xff, 0x00, 0xff, 0xff, 0xff, 0x00, 0xff,
0xff, 0xff, 0x00, 0xff, 0xff, 0xff, 0x00, 0xff, 0xff, 0xff, 0x00, 0xff, 0xff, 0xff, 0x00,
0xff, 0xff, 0xff, 0x00, 0xff, 0xff, 0xff, 0x00, 0xff, 0xff, 0xff, 0x00, 0xff, 0xff, 0xff,
0x00, 0xff, 0xff, 0xff, 0x00, 0xff, 0xff, 0xff, 0x00, 0xff, 0xff, 0xff, 0x00, 0xff, 0xff,
0xff, 0x00, 0xff, 0xff, 0xff, 0x00, 0xff, 0xff, 0xff, 0x00, 0xff, 0xff, 0xff, 0x00, 0xff,
0xff, 0xff, 0x00, 0xff, 0xff, 0xff, 0x00, 0xff, 0xff, 0xff, 0x00, 0xff, 0xff, 0xff, 0x00,
0xff, 0xff, 0xff, 0x00, 0xff, 0xff, 0xff, 0x00, 0xff, 0xff, 0xff, 0x00, 0xff, 0xff, 0xff,
0x00, 0xff, 0xff, 0xff, 0x00, 0xff, 0xff, 0xff, 0x00, 0xff, 0xff, 0xff, 0x00, 0xff, 0xff,
0xff, 0x00, 0xff, 0xff, 0xff, 0x00, 0xff, 0xff, 0xff, 0x00, 0xff, 0xff, 0xff, 0x00, 0xff,
0xff, 0xff, 0x00, 0xff, 0xff, 0xff, 0x00, 0xff, 0xff, 0xff, 0x00, 0xff, 0xff, 0xff, 0x00,
0xff, 0xff, 0xff, 0x00, 0xff, 0xff, 0xff, 0x00, 0xff, 0xff, 0xff, 0x00, 0xff, 0xff, 0xff,
0x00, 0xff, 0xff, 0xff, 0x00, 0xff, 0xff, 0xff, 0x00, 0xff, 0xff, 0xff, 0x00, 0xff, 0xff,
0xff, 0x00, 0xff, 0xff, 0xff, 0x00, 0xff, 0xff, 0xff, 0x00, 0xff, 0xff, 0xff, 0x00, 0xff,
0xff, 0xff, 0x00, 0xff, 0xff, 0xff, 0x00, 0xff, 0xff, 0xff, 0x00, 0xff, 0xff, 0xff, 0x00,
0xff, 0xff, 0xff, 0x00, 0xff, 0xff, 0xff, 0x00, 0xff, 0xff, 0xff, 0x00, 0xff, 0xff, 0xff,
0x00, 0xff, 0xff, 0xff, 0x00, 0xff, 0xff, 0xff, 0x00, 0xff, 0xff, 0xff, 0x00, 0xff, 0xff,
0xff, 0x00, 0xff, 0xff, 0xff, 0x00, 0xff, 0xff, 0xff, 0x00, 0xff, 0xff, 0xff, 0x00, 0xff,
0xff, 0xff, 0x00, 0xff, 0xff, 0xff, 0x00, 0xff, 0xff, 0xff, 0x00, 0xff, 0xff, 0xff, 0x00,
0xff, 0xff, 0xff, 0x00, 0xff, 0xff, 0xff, 0x00, 0xff, 0xff, 0xff, 0x00, 0xff, 0xff, 0xff,
0x00, 0xff, 0xff, 0xff, 0x00, 0xff, 0xff, 0xff, 0x00, 0xff, 0xff, 0xff, 0x00, 0xff, 0xff,
0xff, 0x00, 0xff, 0xff, 0xff, 0x00, 0xff, 0xff, 0xff, 0x00, 0xff, 0xff, 0xff, 0x00, 0xff,
0xff, 0xff, 0x00, 0xff, 0xff, 0xff, 0x00, 0xff, 0xff, 0xff, 0x00, 0xff, 0xff, 0xff, 0x00,
0xff, 0xff, 0xff, 0x00, 0xff, 0xff, 0xff, 0x00, 0xff, 0xff, 0xff, 0x00, 0xff, 0xff, 0xff,
0x00, 0xff, 0xff, 0xff, 0x00, 0xff, 0xff, 0xff, 0x00, 0xff, 0xff, 0xff, 0x00, 0xff, 0xff,
0xff, 0x00, 0xff, 0xff, 0xff, 0x00, 0xff, 0xff, 0xff, 0x00, 0xff, 0xff, 0xff, 0x00, 0xff,
0xff, 0xff, 0x00, 0xff, 0xff, 0xff, 0x00, 0xff, 0xff, 0xff, 0x00, 0xff, 0xff, 0xff, 0x00,
0xff, 0xff, 0xff, 0x00, 0xff, 0xff, 0xff, 0x00, 0xff, 0xff, 0xff, 0x00, 0xff, 0xff, 0xff,
0x00, 0xff, 0xff, 0xff, 0x00, 0xff, 0xff, 0xff, 0x00, 0xff, 0xff, 0xff, 0x00, 0xff, 0xff,
0xff, 0x00, 0xff, 0xff, 0xff, 0x00, 0xff, 0xff, 0xff, 0x00, 0xff, 0xff, 0xff, 0x00, 0xff,
0xff, 0xff, 0x00, 0xff, 0xff, 0xff, 0x00, 0xff, 0xff, 0xff, 0x00, 0xff, 0xff, 0xff, 0x00,
0xff, 0xff, 0xff, 0x00, 0xff, 0xff, 0xff, 0x00, 0xff, 0xff, 0xff, 0x00, 0xff, 0xff, 0xff,
0x00, 0xff, 0xff, 0xff, 0x00, 0xff, 0xff, 0xff, 0x00, 0xff, 0xff, 0xff, 0x00, 0xff, 0xff,
0xff, 0x00, 0xff, 0xff, 0xff, 0x00, 0xff, 0xff, 0xff, 0x00, 0xff, 0xff, 0xff, 0x00, 0xff,
0xff, 0xff, 0x00, 0xff, 0xff, 0xff, 0x00, 0xff, 0xff, 0xff, 0x00, 0xff, 0xff, 0xff, 0x00,
0xff, 0xff, 0xff, 0x00, 0xff, 0xff, 0xff, 0x00, 0xff, 0xff, 0xff, 0x00, 0xff, 0xff, 0xff,
0x00, 0xff, 0xff, 0xff, 0x00, 0xff, 0xff, 0xff, 0x00, 0xff, 0xff, 0xff, 0x00, 0xff, 0xff,
0xff, 0x00, 0xff, 0xff, 0xff, 0x00, 0xff, 0xff, 0xff, 0x00, 0xff, 0xff, 0xff, 0x00, 0xff,
0xff, 0xff, 0x00, 0xff, 0xff, 0xff, 0x00, 0xff, 0xff, 0xff, 0x00, 0xff, 0xff, 0xff, 0x00,
0xff, 0xff, 0xff, 0x00, 0xff, 0xff, 0xff, 0x00, 0xff, 0xff, 0xff, 0x00, 0xff, 0xff, 0xff,
0x00, 0xff, 0xff, 0xff, 0x00, 0xff, 0xff, 0xff, 0x00, 0xff, 0xff, 0xff, 0x00, 0xff, 0xff,
0xff, 0x00, 0xff, 0xff, 0xff, 0x00, 0xff, 0xff, 0xff, 0x00, 0xff, 0xff, 0xff, 0x00, 0xff,
0xff, 0xff, 0x00, 0xff, 0xff, 0xff, 0x00, 0xff, 0xff, 0xff, 0x00, 0xff, 0xff, 0xff, 0x00,
0xff, 0xff, 0xff, 0x00, 0xff, 0xff, 0xff, 0x00, 0xff, 0xff, 0xff, 0x00, 0xff, 0xff, 0xff,
0x00, 0xff, 0xff, 0xff, 0x00, 0xff, 0xff, 0xff, 0x00, 0xff, 0xff, 0xff, 0x00, 0xff, 0xff,
0xff, 0x00, 0xff, 0xff, 0xff, 0x00, 0xff, 0xff, 0xff, 0x00, 0xff, 0xff, 0xff, 0x00, 0xff,
0xff, 0xff, 0x00, 0xff, 0xff, 0xff, 0x00, 0xff, 0xff, 0xff, 0x00, 0xff, 0xff, 0xff, 0x00,
0xff, 0xff, 0xff, 0x00, 0xff, 0xff, 0xff, 0x00, 0xff, 0xff, 0xff, 0x00, 0xff, 0xff, 0xff,
0x00, 0xff, 0xff, 0xff, 0x00, 0xff, 0xff, 0xff, 0x00, 0xff, 0xff, 0xff, 0x00, 0xff, 0xff,
0xff, 0x00, 0xff, 0xff, 0xff, 0x00, 0xff, 0xff, 0xff, 0x00, 0xff, 0xff, 0xff, 0x00, 0xff,
0xff, 0xff, 0x00, 0xff, 0xff, 0xff, 0x00, 0xff, 0xff, 0xff, 0x00, 0xff, 0xff, 0xff, 0x00,
0xff, 0xff, 0xff, 0x00, 0xff, 0xff, 0xff, 0x00, 0xff, 0xff, 0xff, 0x00, 0xff, 0xff, 0xff,
0x00, 0xff, 0xff, 0xff, 0x00, 0xff, 0xff, 0xff, 0x00, 0xff, 0xff, 0xff, 0x00, 0xff, 0xff,
0xff, 0x00, 0xff, 0xff, 0xff, 0x00, 0xff, 0xff, 0xff, 0x00, 0xff, 0xff, 0xff, 0x00, 0xff,
0xff, 0xff, 0x00, 0xff, 0xff, 0xff, 0x00, 0xff, 0xff, 0xff, 0x00, 0xff, 0xff, 0xff, 0x00,
0xff, 0xff, 0xff, 0x00, 0xff, 0xff, 0xff, 0x00, 0xff, 0xff, 0xff, 0x00, 0xff, 0xff, 0xff,
0x00, 0xff, 0xff, 0xff, 0x00, 0xff, 0xff, 0xff, 0x00, 0xff, 0xff, 0xff, 0x00, 0xff, 0xff,
0xff, 0x00, 0xff, 0xff, 0xff, 0x00, 0xff, 0xff, 0xff, 0x00, 0xff, 0xff, 0xff, 0x00, 0xff,
0xff, 0xff, 0x00, 0xff, 0xff, 0xff, 0x00, 0xff, 0xff, 0xff, 0x00, 0xff, 0xff, 0xff, 0x00,
0xff, 0xff, 0xff, 0x00, 0xff, 0xff, 0xff, 0x00, 0xff, 0xff, 0xff, 0x00, 0xff, 0xff, 0xff,
0x00, 0xff, 0xff, 0xff, 0x00, 0xff, 0xff, 0xff, 0x00, 0xff, 0xff, 0xff, 0x00, 0xff, 0xff,
0xff, 0x00, 0xff, 0xff, 0xff, 0x00, 0xff, 0xff, 0xff, 0x00, 0xff, 0xff, 0xff, 0x00, 0xff,
0xff, 0xff, 0x00, 0xff, 0xff, 0xff, 0x00, 0xff, 0xff, 0xff, 0x00, 0xff, 0xff, 0xff, 0x00,
0xff, 0xff, 0xff, 0x00, 0xff, 0xff, 0xff, 0x00, 0xff, 0xff, 0xff, 0x00, 0xff, 0xff, 0xff,
0x00, 0xff, 0xff, 0xff, 0x00, 0xff, 0xff, 0xff, 0x00, 0xff, 0xff, 0xff, 0x00, 0xff, 0xff,
0xff, 0x00, 0xff, 0xff, 0xff, 0x00, 0xff, 0xff, 0xff, 0x00, 0xff, 0xff, 0xff, 0x00, 0xff,
0xff, 0xff, 0x00, 0xff, 0xff, 0xff, 0x00, 0xff, 0xff, 0xff, 0x00, 0xff, 0xff, 0xff, 0x00,
0xff, 0xff, 0xff, 0x00, 0xff, 0xff, 0xff, 0x00, 0xff, 0xff, 0xff, 0x00, 0xff, 0xff, 0xff,
0x00, 0xff, 0xff, 0xff, 0x00, 0xff, 0xff, 0xff, 0x00, 0xff, 0xff, 0xff, 0x00, 0xff, 0xff,
0xff, 0x00, 0xff, 0xff, 0xff, 0x00, 0xff, 0xff, 0xff, 0x00, 0xff, 0xff, 0xff, 0x00, 0xff,
0xff, 0xff, 0x00, 0xff, 0xff, 0xff, 0x00, 0xff, 0xff, 0xff, 0x00, 0xff, 0xff, 0xff, 0x00,
0xff, 0xff, 0xff, 0x00, 0xff, 0xff, 0xff, 0x00, 0xff, 0xff, 0xff, 0x00, 0xff, 0xff, 0xff,
0x00, 0xff, 0xff, 0xff, 0x00, 0xff, 0xff, 0xff, 0x00, 0xff, 0xff, 0xff, 0x00, 0xff, 0xff,
0xff, 0x00, 0xff, 0xff, 0xff, 0x00, 0xff, 0xff, 0xff, 0x00, 0xff, 0xff, 0xff, 0x00, 0xff,
0xff, 0xff, 0x00, 0xff, 0xff, 0xff, 0x00, 0xff, 0xff, 0xff, 0x00, 0xff, 0xff, 0xff, 0x00,
0xff, 0xff, 0xff, 0x00, 0xff, 0xff, 0xff, 0x00, 0xff, 0xff, 0xff, 0x00, 0xff, 0xff, 0xff,
0x00, 0xff, 0xff, 0xff, 0x00, 0xff, 0xff, 0xff, 0x00, 0xff, 0xff, 0xff, 0x00, 0xff, 0xff,
0xff, 0x00, 0xff, 0xff, 0xff, 0x00, 0xff, 0xff, 0xff, 0x00, 0xff, 0xff, 0xff, 0x00, 0xff,
0xff, 0xff, 0x00, 0xff, 0xff, 0xff, 0x00, 0xff, 0xff, 0xff, 0x00, 0xff, 0xff, 0xff, 0x00,
0xff, 0xff, 0xff, 0x00, 0xff, 0xff, 0xff, 0x00, 0xff, 0xff, 0xff, 0x00, 0xff, 0xff, 0xff,
0x00, 0xff, 0xff, 0xff, 0x00, 0xff, 0xff, 0xff, 0x00, 0xff, 0xff, 0xff, 0x00, 0xff, 0xff,
0xff, 0x00, 0xff, 0xff, 0xff, 0x00, 0xff, 0xff, 0xff, 0x00, 0xff, 0xff, 0xff, 0x00, 0xff,
0xff, 0xff, 0x00, 0xff, 0xff, 0xff, 0x00, 0xff, 0xff, 0xff, 0x00, 0xff, 0xff, 0xff, 0x00,
0xff, 0xff, 0xff, 0x00, 0xff, 0xff, 0xff, 0x00, 0xff, 0xff, 0xff, 0x00, 0xff, 0xff, 0xff,
0x00, 0xff, 0xff, 0xff, 0x00, 0xff, 0xff, 0xff, 0x00, 0xff, 0xff, 0xff, 0x00, 0xff, 0xff,
0xff, 0x00, 0xff, 0xff, 0xff, 0x00, 0xff, 0xff, 0xff, 0x00, 0xff, 0xff, 0xff, 0x00, 0xff,
0xff, 0xff, 0x00, 0xff, 0xff, 0xff, 0x00, 0xff, 0xff, 0xff, 0x00, 0xff, 0xff, 0xff, 0x00,
0xff, 0xff, 0xff, 0x00, 0xff, 0xff, 0xff, 0x00, 0xff, 0xff, 0xff, 0x00, 0xff, 0xff, 0xff,
0x00, 0xff, 0xff, 0xff, 0x00, 0xff, 0xff, 0xff, 0x00, 0xff, 0xff, 0xff, 0x00, 0xff, 0xff,
0xff, 0x00, 0xff, 0xff, 0xff, 0x00, 0xff, 0xff, 0xff, 0x00, 0xff, 0xff, 0xff, 0x00, 0xff,
0xff, 0xff, 0x00, 0xff, 0xff, 0xff, 0x00, 0xff, 0xff, 0xff, 0x00, 0xff, 0xff, 0xff, 0x00,
0xff, 0xff, 0xff, 0x00, 0xff, 0xff, 0xff, 0x00, 0xff, 0xff, 0xff, 0x00, 0xff, 0xff, 0xff,
0x00, 0xff, 0xff, 0xff, 0x00, 0xff, 0xff, 0xff, 0x00, 0xff, 0xff, 0xff, 0x00, 0xff, 0xff,
0xff, 0x00, 0xff, 0xff, 0xff, 0x00, 0xff, 0xff, 0xff, 0x00, 0xff, 0xff, 0xff, 0x00, 0xff,
0xff, 0xff, 0x00, 0xff, 0xff, 0xff, 0x00, 0xff, 0xff, 0xff, 0x00, 0xff, 0xff, 0xff, 0x00,
0xff, 0xff, 0xff, 0x00, 0xff, 0xff, 0xff, 0x00, 0xff, 0xff, 0xff, 0x00, 0xff, 0xff, 0xff,
0x00, 0xff, 0xff, 0xff, 0x00, 0xff, 0xff, 0xff, 0x00, 0xff, 0xff, 0xff, 0x00, 0xff, 0xff,
0xff, 0x00, 0xff, 0xff, 0xff, 0x00, 0xff, 0xff, 0xff, 0x00, 0xff, 0xff, 0xff, 0x00, 0xff,
0xff, 0xff, 0x00, 0xff, 0xff, 0xff, 0x00, 0xff, 0xff, 0xff, 0x00, 0xff, 0xff, 0xff, 0x00,
0xff, 0xff, 0xff, 0x00, 0xff, 0xff, 0xff, 0x00, 0xff, 0xff, 0xff, 0x00, 0xff, 0xff, 0xff,
0x00, 0xff, 0xff, 0xff, 0x00, 0xff, 0xff, 0xff, 0x00, 0xff, 0xff, 0xff, 0x00, 0xff, 0xff,
0xff, 0x00, 0xff, 0xff, 0xff, 0x00, 0xff, 0xff, 0xff, 0x00, 0xff, 0xff, 0xff, 0x00, 0xff,
0xff, 0xff, 0x00, 0xff, 0xff, 0xff, 0x00, 0xff, 0xff, 0xff, 0x00, 0xff, 0xff, 0xff, 0x00,
0xff, 0xff, 0xff, 0x00, 0xff, 0xff, 0xff, 0x00, 0xff, 0xff, 0xff, 0x00, 0xff, 0xff, 0xff,
0x00, 0xff, 0xff, 0xff, 0x00, 0xff, 0xff, 0xff, 0x00, 0xff, 0xff, 0xff, 0x00, 0xff, 0xff,
0xff, 0x00, 0xff, 0xff, 0xff, 0x00, 0xff, 0xff, 0xff, 0x00, 0xff, 0xff, 0xff, 0x00, 0xff,
0xff, 0xff, 0x00, 0xff, 0xff, 0xff, 0x00, 0xff, 0xff, 0xff, 0x00, 0xff, 0xff, 0xff, 0x00,
0xff, 0xff, 0xff, 0x00, 0xff, 0xff, 0xff, 0x00, 0xff, 0xff, 0xff, 0x00, 0xff, 0xff, 0xff,
0x00, 0xff, 0xff, 0xff, 0x00, 0xff, 0xff, 0xff, 0x00, 0xff, 0xff, 0xff, 0x00, 0xff, 0xff,
0xff, 0x00, 0xff, 0xff, 0xff, 0x00, 0xff, 0xff, 0xff, 0x00, 0xff, 0xff, 0xff, 0x00, 0xff,
0xff, 0xff, 0x00, 0xff, 0xff, 0xff, 0x00, 0xff, 0xff, 0xff, 0x00, 0xff, 0xff, 0xff, 0x00,
0xff, 0xff, 0xff, 0x00, 0xff, 0xff, 0xff, 0x00, 0xff, 0xff, 0xff, 0x00, 0xff, 0xff, 0xff,
0x00, 0xff, 0xff, 0xff, 0x00, 0xff, 0xff, 0xff, 0x00, 0xff, 0xff, 0xff, 0x00, 0xff, 0xff,
0xff, 0x00, 0xff, 0xff, 0xff, 0x00, 0xff, 0xff, 0xff, 0x00, 0xff, 0xff, 0xff, 0x00, 0xff,
0xff, 0xff, 0x00, 0xff, 0xff, 0xff, 0x00, 0xff, 0xff, 0xff, 0x00, 0xff, 0xff, 0xff, 0x00,
0xff, 0xff, 0xff, 0x00, 0xff, 0xff, 0xff, 0x00, 0xff, 0xff, 0xff, 0x00, 0xff, 0xff, 0xff,
0x00, 0xff, 0xff, 0xff, 0x00, 0xff, 0xff, 0xff, 0x00, 0xff, 0xff, 0xff, 0x00, 0xff, 0xff,
0xff, 0x00, 0xff, 0xff, 0xff, 0x00, 0xff, 0xff, 0xff, 0x00, 0xff, 0xff, 0xff, 0x00, 0xff,
0xff, 0xff, 0x00, 0xff, 0xff, 0xff, 0x00, 0xff, 0xff, 0xff, 0x00, 0xff, 0xff, 0xff, 0x00,
0xff, 0xff, 0xff, 0x00, 0xff, 0xff, 0xff, 0x00, 0xff, 0xff, 0xff, 0x00, 0xff, 0xff, 0xff,
0x00, 0xff, 0xff, 0xff, 0x00, 0xff, 0xff, 0xff, 0x00, 0xff, 0xff, 0xff, 0x00, 0xff, 0xff,
0xff, 0x00, 0xff, 0xff, 0xff, 0x00, 0xff, 0xff, 0xff, 0x00, 0xff, 0xff, 0xff, 0x00, 0xff,
0xff, 0xff, 0x00, 0xff, 0xff, 0xff, 0x00, 0xff, 0xff, 0xff, 0x00, 0xff, 0xff, 0xff, 0x00,
0xff, 0xff, 0xff, 0x00, 0xff, 0xff, 0xff, 0x00, 0xff, 0xff, 0xff, 0x00, 0xff, 0xff, 0xff,
0x00, 0xff, 0xff, 0xff, 0x00, 0xff, 0xff, 0xff, 0x00, 0xff, 0xff, 0xff, 0x00, 0xff, 0xff,
0xff, 0x00, 0xff, 0xff, 0xff, 0x00, 0xff, 0xff, 0xff, 0x00, 0xff, 0xff, 0xff, 0x00, 0xff,
0xff, 0xff, 0x00, 0xff, 0xff, 0xff, 0x00, 0xff, 0xff, 0xff, 0x00, 0xff, 0xff, 0xff, 0x00,
0xff, 0xff, 0xff, 0x00, 0xff, 0xff, 0xff, 0x00, 0xff, 0xff, 0xff, 0x00, 0xff, 0xff, 0xff,
0x00, 0xff, 0xff, 0xff, 0x00, 0xff, 0xff, 0xff, 0x00, 0xff, 0xff, 0xff, 0x00, 0xff, 0xff,
0xff, 0x00, 0xff, 0xff, 0xff, 0x00, 0xff, 0xff, 0xff, 0x00, 0xff, 0xff, 0xff, 0x00, 0xff,
0xff, 0xff, 0x00, 0xff, 0xff, 0xff, 0x00, 0xff, 0xff, 0xff, 0x00, 0xff, 0xff, 0xff, 0x00,
0xff, 0xff, 0xff, 0x00, 0xff, 0xff, 0xff, 0x00, 0xff, 0xff, 0xff, 0x00, 0xff, 0xff, 0xff,
0x00, 0xff, 0xff, 0xff, 0x00, 0xff, 0xff, 0xff, 0x00, 0xff, 0xff, 0xff, 0x00, 0xff, 0xff,
0xff, 0x00, 0xff, 0xff, 0xff, 0x00, 0xff, 0xff, 0xff, 0x00, 0xff, 0xff, 0xff, 0x00, 0xff,
0xff, 0xff, 0x00, 0xff, 0xff, 0xff, 0x00, 0xff, 0xff, 0xff, 0x00, 0xff, 0xff, 0xff, 0x00,
0xff, 0xff, 0xff, 0x00, 0xff, 0xff, 0xff, 0x00, 0xff, 0xff, 0xff, 0x00, 0xff, 0xff, 0xff,
0x00, 0xff, 0xff, 0xff, 0x00, 0xff, 0xff, 0xff, 0x00, 0xff, 0xff, 0xff, 0x00, 0xff, 0xff,
0xff, 0x00, 0xff, 0xff, 0xff, 0x00, 0xff, 0xff, 0xff, 0x00, 0xff, 0xff, 0xff, 0x00, 0xff,
0xff, 0xff, 0x00, 0xff, 0xff, 0xff, 0x00, 0xff, 0xff, 0xff, 0x00, 0xff, 0xff, 0xff, 0x00,
0xff, 0xff, 0xff, 0x00, 0xff, 0xff, 0xff, 0x00, 0xff, 0xff, 0xff, 0x00, 0xff, 0xff, 0xff,
0x00, 0xff, 0xff, 0xff, 0x00, 0xff, 0xff, 0xff, 0x00, 0xff, 0xff, 0xff, 0x00, 0xff, 0xff,
0xff, 0x00, 0xff, 0xff, 0xff, 0x00, 0xff, 0xff, 0xff, 0x00, 0xff, 0xff, 0xff, 0x00, 0xff,
0xff, 0xff, 0x00, 0xff, 0xff, 0xff, 0x00, 0xff, 0xff, 0xff, 0x00, 0xff, 0xff, 0xff, 0x00,
0xff, 0xff, 0xff, 0x00, 0xff, 0xff, 0xff, 0x00, 0xff, 0xff, 0xff, 0x00, 0xff, 0xff, 0xff,
0x00, 0xff, 0xff, 0xff, 0x00, 0xff, 0xff, 0xff, 0x00, 0xff, 0xff, 0xff, 0x00, 0xff, 0xff,
0xff, 0x00, 0xff, 0xff, 0xff, 0x00, 0xff, 0xff, 0xff, 0x00, 0xff, 0xff, 0xff, 0x00, 0xff,
0xff, 0xff, 0x00, 0xff, 0xff, 0xff, 0x00, 0xff, 0xff, 0xff, 0x00, 0xff, 0xff, 0xff, 0x00,
0xff, 0xff, 0xff, 0x00, 0xff, 0xff, 0xff, 0x00, 0xff, 0xff, 0xff, 0x00, 0xff, 0xff, 0xff,
0x00, 0xff, 0xff, 0xff, 0x00, 0xff, 0xff, 0xff, 0x00, 0xff, 0xff, 0xff, 0x00, 0xff, 0xff,
0xff, 0x00, 0xff, 0xff, 0xff, 0x00, 0xff, 0xff, 0xff, 0x00, 0xff, 0xff, 0xff, 0x00, 0xff,
0xff, 0xff, 0x00, 0xff, 0xff, 0xff, 0x00, 0xff, 0xff, 0xff, 0x00, 0xff, 0xff, 0xff, 0x00,
0xff, 0xff, 0xff, 0x00, 0xff, 0xff, 0xff, 0x00, 0xff, 0xff, 0xff, 0x00, 0xff, 0xff, 0xff,
0x00, 0xff, 0xff, 0xff, 0x00, 0xff, 0xff, 0xff, 0x00, 0xff, 0xff, 0xff, 0x00, 0xff, 0xff,
0xff, 0x00, 0xff, 0xff, 0xff, 0x00, 0xff, 0xff, 0xff, 0x00, 0xff, 0xff, 0xff, 0x00, 0xff,
0xff, 0xff, 0x00, 0xff, 0xff, 0xff, 0x00, 0xff, 0xff, 0xff, 0x00, 0xff, 0xff, 0xff, 0x00,
0xff, 0xff, 0xff, 0x00, 0xff, 0xff, 0xff, 0x00, 0xff, 0xff, 0xff, 0x00, 0xff, 0xff, 0xff,
0x00, 0xff, 0xff, 0xff, 0x00, 0xff, 0xff, 0xff, 0x00, 0xff, 0xff, 0xff, 0x00, 0xff, 0xff,
0xff, 0x00, 0xff, 0xff, 0xff, 0x00, 0xff, 0xff, 0xff, 0x00, 0xff, 0xff, 0xff, 0x00, 0xff,
0xff, 0xff, 0x00, 0xff, 0xff, 0xff, 0x00, 0xff, 0xff, 0xff, 0x00, 0xff, 0xff, 0xff, 0x00,
0xff, 0xff, 0xff, 0x00, 0xff, 0xff, 0xff, 0x00, 0xff, 0xff, 0xff, 0x00, 0xff, 0xff, 0xff,
0x00, 0xff, 0xff, 0xff, 0x00, 0xff, 0xff, 0xff, 0x00, 0xff, 0xff, 0xff, 0x00, 0xff, 0xff,
0xff, 0x00, 0xff, 0xff, 0xff, 0x00, 0xff, 0xff, 0xff, 0x00, 0xff, 0xff, 0xff, 0x00, 0xff,
0xff, 0xff, 0x00, 0xff, 0xff, 0xff, 0x00, 0xff, 0xff, 0xff, 0x00, 0xff, 0xff, 0xff, 0x00,
0xff, 0xff, 0xff, 0x00, 0xff, 0xff, 0xff, 0x00, 0xff, 0xff, 0xff, 0x00, 0xff, 0xff, 0xff,
0x00, 0xff, 0xff, 0xff, 0x00, 0xff, 0xff, 0xff, 0x00, 0xff, 0xff, 0xff, 0x00, 0xff, 0xff,
0xff, 0x00, 0xff, 0xff, 0xff, 0x00, 0xff, 0xff, 0xff, 0x00, 0xff, 0xff, 0xff, 0x00, 0xff,
0xff, 0xff, 0x00, 0xff, 0xff, 0xff, 0x00, 0xff, 0xff, 0xff, 0x00, 0xff, 0xff, 0xff, 0x00,
0xff, 0xff, 0xff, 0x00, 0xff, 0xff, 0xff, 0x00, 0xff, 0xff, 0xff, 0x00, 0xff, 0xff, 0xff,
0x00, 0xff, 0xff, 0xff, 0x00, 0xff, 0xff, 0xff, 0x00, 0xff, 0xff, 0xff, 0x00, 0xff, 0xff,
0xff, 0x00, 0xff, 0xff, 0xff, 0x00, 0xff, 0xff, 0xff, 0x00, 0xff, 0xff, 0xff, 0x00, 0xff,
0xff, 0xff, 0x00, 0xff, 0xff, 0xff, 0x00, 0xff, 0xff, 0xff, 0x00, 0xff, 0xff, 0xff, 0x00,
0xff, 0xff, 0xff, 0x00, 0xff, 0xff, 0xff, 0x00, 0xff, 0xff, 0xff, 0x00, 0xff, 0xff, 0xff,
0x00
};

const int b_08_argb8888_length = 65536;

#endif    // B_08_ARGB8888__
