//*****************************************************************************
//
//! @file b_09_argb8888.h
//
//*****************************************************************************

//*****************************************************************************
//
// ${copyright}
//
// This is part of revision ${version} of the AmbiqSuite Development Package.
//
//*****************************************************************************

#ifndef B_09_ARGB8888__
#define B_09_ARGB8888__


const unsigned char b_09_argb8888[] = {
0xff, 0xff, 0xff, 0x00, 0xff, 0xff, 0xff, 0x00, 0xff, 0xff, 0xff, 0x00, 0xff, 0xff, 0xff,
0x00, 0xff, 0xff, 0xff, 0x00, 0xff, 0xff, 0xff, 0x00, 0xff, 0xff, 0xff, 0x00, 0xff, 0xff,
0xff, 0x00, 0xff, 0xff, 0xff, 0x00, 0xff, 0xff, 0xff, 0x00, 0xff, 0xff, 0xff, 0x00, 0xff,
0xff, 0xff, 0x00, 0xff, 0xff, 0xff, 0x00, 0xff, 0xff, 0xff, 0x00, 0xff, 0xff, 0xff, 0x00,
0xff, 0xff, 0xff, 0x00, 0xff, 0xff, 0xff, 0x00, 0xff, 0xff, 0xff, 0x00, 0xff, 0xff, 0xff,
0x00, 0xff, 0xff, 0xff, 0x00, 0xff, 0xff, 0xff, 0x00, 0xff, 0xff, 0xff, 0x00, 0xff, 0xff,
0xff, 0x00, 0xff, 0xff, 0xff, 0x00, 0xff, 0xff, 0xff, 0x00, 0xff, 0xff, 0xff, 0x00, 0xff,
0xff, 0xff, 0x00, 0xff, 0xff, 0xff, 0x00, 0xff, 0xff, 0xff, 0x00, 0xff, 0xff, 0xff, 0x00,
0xff, 0xff, 0xff, 0x00, 0xff, 0xff, 0xff, 0x00, 0xff, 0xff, 0xff, 0x00, 0xff, 0xff, 0xff,
0x00, 0xff, 0xff, 0xff, 0x00, 0xff, 0xff, 0xff, 0x00, 0xff, 0xff, 0xff, 0x00, 0xff, 0xff,
0xff, 0x00, 0xff, 0xff, 0xff, 0x00, 0xff, 0xff, 0xff, 0x00, 0xff, 0xff, 0xff, 0x00, 0xff,
0xff, 0xff, 0x00, 0xff, 0xff, 0xff, 0x00, 0xff, 0xff, 0xff, 0x00, 0xff, 0xff, 0xff, 0x00,
0xff, 0xff, 0xff, 0x00, 0xff, 0xff, 0xff, 0x00, 0xff, 0xff, 0xff, 0x00, 0xff, 0xff, 0xff,
0x00, 0xff, 0xff, 0xff, 0x00, 0xff, 0xff, 0xff, 0x00, 0xff, 0xff, 0xff, 0x00, 0xff, 0xff,
0xff, 0x00, 0xff, 0xff, 0xff, 0x00, 0xff, 0xff, 0xff, 0x00, 0xff, 0xff, 0xff, 0x00, 0xff,
0xff, 0xff, 0x00, 0xff, 0xff, 0xff, 0x00, 0xff, 0xff, 0xff, 0x00, 0xff, 0xff, 0xff, 0x00,
0xff, 0xff, 0xff, 0x00, 0xff, 0xff, 0xff, 0x00, 0xff, 0xff, 0xff, 0x00, 0xff, 0xff, 0xff,
0x00, 0xff, 0xff, 0xff, 0x00, 0xff, 0xff, 0xff, 0x00, 0xff, 0xff, 0xff, 0x00, 0xff, 0xff,
0xff, 0x00, 0xff, 0xff, 0xff, 0x00, 0xff, 0xff, 0xff, 0x00, 0xff, 0xff, 0xff, 0x00, 0xff,
0xff, 0xff, 0x00, 0xff, 0xff, 0xff, 0x00, 0xff, 0xff, 0xff, 0x00, 0xff, 0xff, 0xff, 0x00,
0xff, 0xff, 0xff, 0x00, 0xff, 0xff, 0xff, 0x00, 0xff, 0xff, 0xff, 0x00, 0xff, 0xff, 0xff,
0x00, 0xff, 0xff, 0xff, 0x00, 0xff, 0xff, 0xff, 0x00, 0xff, 0xff, 0xff, 0x00, 0xff, 0xff,
0xff, 0x00, 0xff, 0xff, 0xff, 0x00, 0xff, 0xff, 0xff, 0x00, 0xff, 0xff, 0xff, 0x00, 0xff,
0xff, 0xff, 0x00, 0xff, 0xff, 0xff, 0x00, 0xff, 0xff, 0xff, 0x00, 0xff, 0xff, 0xff, 0x00,
0xff, 0xff, 0xff, 0x00, 0xff, 0xff, 0xff, 0x00, 0xff, 0xff, 0xff, 0x00, 0xff, 0xff, 0xff,
0x00, 0xff, 0xff, 0xff, 0x00, 0xff, 0xff, 0xff, 0x00, 0xff, 0xff, 0xff, 0x00, 0xff, 0xff,
0xff, 0x00, 0xff, 0xff, 0xff, 0x00, 0xff, 0xff, 0xff, 0x00, 0xff, 0xff, 0xff, 0x00, 0xff,
0xff, 0xff, 0x00, 0xff, 0xff, 0xff, 0x00, 0xff, 0xff, 0xff, 0x00, 0xff, 0xff, 0xff, 0x00,
0xff, 0xff, 0xff, 0x00, 0xff, 0xff, 0xff, 0x00, 0xff, 0xff, 0xff, 0x00, 0xff, 0xff, 0xff,
0x00, 0xff, 0xff, 0xff, 0x00, 0xff, 0xff, 0xff, 0x00, 0xff, 0xff, 0xff, 0x00, 0xff, 0xff,
0xff, 0x00, 0xff, 0xff, 0xff, 0x00, 0xff, 0xff, 0xff, 0x00, 0xff, 0xff, 0xff, 0x00, 0xff,
0xff, 0xff, 0x00, 0xff, 0xff, 0xff, 0x00, 0xff, 0xff, 0xff, 0x00, 0xff, 0xff, 0xff, 0x00,
0xff, 0xff, 0xff, 0x00, 0xff, 0xff, 0xff, 0x00, 0xff, 0xff, 0xff, 0x00, 0xff, 0xff, 0xff,
0x00, 0xff, 0xff, 0xff, 0x00, 0xff, 0xff, 0xff, 0x00, 0xff, 0xff, 0xff, 0x00, 0xff, 0xff,
0xff, 0x00, 0xff, 0xff, 0xff, 0x00, 0xff, 0xff, 0xff, 0x00, 0xff, 0xff, 0xff, 0x00, 0xff,
0xff, 0xff, 0x00, 0xff, 0xff, 0xff, 0x00, 0xff, 0xff, 0xff, 0x00, 0xff, 0xff, 0xff, 0x00,
0xff, 0xff, 0xff, 0x00, 0xff, 0xff, 0xff, 0x00, 0xff, 0xff, 0xff, 0x00, 0xff, 0xff, 0xff,
0x00, 0xff, 0xff, 0xff, 0x00, 0xff, 0xff, 0xff, 0x00, 0xff, 0xff, 0xff, 0x00, 0xff, 0xff,
0xff, 0x00, 0xff, 0xff, 0xff, 0x00, 0xff, 0xff, 0xff, 0x00, 0xff, 0xff, 0xff, 0x00, 0xff,
0xff, 0xff, 0x00, 0xff, 0xff, 0xff, 0x00, 0xff, 0xff, 0xff, 0x00, 0xff, 0xff, 0xff, 0x00,
0xff, 0xff, 0xff, 0x00, 0xff, 0xff, 0xff, 0x00, 0xff, 0xff, 0xff, 0x00, 0xff, 0xff, 0xff,
0x00, 0xff, 0xff, 0xff, 0x00, 0xff, 0xff, 0xff, 0x00, 0xff, 0xff, 0xff, 0x00, 0xff, 0xff,
0xff, 0x00, 0xff, 0xff, 0xff, 0x00, 0xff, 0xff, 0xff, 0x00, 0xff, 0xff, 0xff, 0x00, 0xff,
0xff, 0xff, 0x00, 0xff, 0xff, 0xff, 0x00, 0xff, 0xff, 0xff, 0x00, 0xff, 0xff, 0xff, 0x00,
0xff, 0xff, 0xff, 0x00, 0xff, 0xff, 0xff, 0x00, 0xff, 0xff, 0xff, 0x00, 0xff, 0xff, 0xff,
0x00, 0xff, 0xff, 0xff, 0x00, 0xff, 0xff, 0xff, 0x00, 0xff, 0xff, 0xff, 0x00, 0xff, 0xff,
0xff, 0x00, 0xff, 0xff, 0xff, 0x00, 0xff, 0xff, 0xff, 0x00, 0xff, 0xff, 0xff, 0x00, 0xff,
0xff, 0xff, 0x00, 0xff, 0xff, 0xff, 0x00, 0xff, 0xff, 0xff, 0x00, 0xff, 0xff, 0xff, 0x00,
0xff, 0xff, 0xff, 0x00, 0xff, 0xff, 0xff, 0x00, 0xff, 0xff, 0xff, 0x00, 0xff, 0xff, 0xff,
0x00, 0xff, 0xff, 0xff, 0x00, 0xff, 0xff, 0xff, 0x00, 0xff, 0xff, 0xff, 0x00, 0xff, 0xff,
0xff, 0x00, 0xff, 0xff, 0xff, 0x00, 0xff, 0xff, 0xff, 0x00, 0xff, 0xff, 0xff, 0x00, 0xff,
0xff, 0xff, 0x00, 0xff, 0xff, 0xff, 0x00, 0xff, 0xff, 0xff, 0x00, 0xff, 0xff, 0xff, 0x00,
0xff, 0xff, 0xff, 0x00, 0xff, 0xff, 0xff, 0x00, 0xff, 0xff, 0xff, 0x00, 0xff, 0xff, 0xff,
0x00, 0xff, 0xff, 0xff, 0x00, 0xff, 0xff, 0xff, 0x00, 0xff, 0xff, 0xff, 0x00, 0xff, 0xff,
0xff, 0x00, 0xff, 0xff, 0xff, 0x00, 0xff, 0xff, 0xff, 0x00, 0xff, 0xff, 0xff, 0x00, 0xff,
0xff, 0xff, 0x00, 0xff, 0xff, 0xff, 0x00, 0xff, 0xff, 0xff, 0x00, 0xff, 0xff, 0xff, 0x00,
0xff, 0xff, 0xff, 0x00, 0xff, 0xff, 0xff, 0x00, 0xff, 0xff, 0xff, 0x00, 0xff, 0xff, 0xff,
0x00, 0xff, 0xff, 0xff, 0x00, 0xff, 0xff, 0xff, 0x00, 0xff, 0xff, 0xff, 0x00, 0xff, 0xff,
0xff, 0x00, 0xff, 0xff, 0xff, 0x00, 0xff, 0xff, 0xff, 0x00, 0xff, 0xff, 0xff, 0x00, 0xff,
0xff, 0xff, 0x00, 0xff, 0xff, 0xff, 0x00, 0xff, 0xff, 0xff, 0x00, 0xff, 0xff, 0xff, 0x00,
0xff, 0xff, 0xff, 0x00, 0xff, 0xff, 0xff, 0x00, 0xff, 0xff, 0xff, 0x00, 0xff, 0xff, 0xff,
0x00, 0xff, 0xff, 0xff, 0x00, 0xff, 0xff, 0xff, 0x00, 0xff, 0xff, 0xff, 0x00, 0xff, 0xff,
0xff, 0x00, 0xff, 0xff, 0xff, 0x00, 0xff, 0xff, 0xff, 0x00, 0xff, 0xff, 0xff, 0x00, 0xff,
0xff, 0xff, 0x00, 0xff, 0xff, 0xff, 0x00, 0xff, 0xff, 0xff, 0x00, 0xff, 0xff, 0xff, 0x00,
0xff, 0xff, 0xff, 0x00, 0xff, 0xff, 0xff, 0x00, 0xff, 0xff, 0xff, 0x00, 0xff, 0xff, 0xff,
0x00, 0xff, 0xff, 0xff, 0x00, 0xff, 0xff, 0xff, 0x00, 0xff, 0xff, 0xff, 0x00, 0xff, 0xff,
0xff, 0x00, 0xff, 0xff, 0xff, 0x00, 0xff, 0xff, 0xff, 0x00, 0xff, 0xff, 0xff, 0x00, 0xff,
0xff, 0xff, 0x00, 0xff, 0xff, 0xff, 0x00, 0xff, 0xff, 0xff, 0x00, 0xff, 0xff, 0xff, 0x00,
0xff, 0xff, 0xff, 0x00, 0xff, 0xff, 0xff, 0x00, 0xff, 0xff, 0xff, 0x00, 0xff, 0xff, 0xff,
0x00, 0xff, 0xff, 0xff, 0x00, 0xff, 0xff, 0xff, 0x00, 0xff, 0xff, 0xff, 0x00, 0xff, 0xff,
0xff, 0x00, 0xff, 0xff, 0xff, 0x00, 0xff, 0xff, 0xff, 0x00, 0xff, 0xff, 0xff, 0x00, 0xff,
0xff, 0xff, 0x00, 0xff, 0xff, 0xff, 0x00, 0xff, 0xff, 0xff, 0x00, 0xff, 0xff, 0xff, 0x00,
0xff, 0xff, 0xff, 0x00, 0xff, 0xff, 0xff, 0x00, 0xff, 0xff, 0xff, 0x00, 0xff, 0xff, 0xff,
0x00, 0xff, 0xff, 0xff, 0x00, 0xff, 0xff, 0xff, 0x00, 0xff, 0xff, 0xff, 0x00, 0xff, 0xff,
0xff, 0x00, 0xff, 0xff, 0xff, 0x00, 0xff, 0xff, 0xff, 0x00, 0xff, 0xff, 0xff, 0x00, 0xff,
0xff, 0xff, 0x00, 0xff, 0xff, 0xff, 0x00, 0xff, 0xff, 0xff, 0x00, 0xff, 0xff, 0xff, 0x00,
0xff, 0xff, 0xff, 0x00, 0xff, 0xff, 0xff, 0x00, 0xff, 0xff, 0xff, 0x00, 0xff, 0xff, 0xff,
0x00, 0xff, 0xff, 0xff, 0x00, 0xff, 0xff, 0xff, 0x00, 0xff, 0xff, 0xff, 0x00, 0xff, 0xff,
0xff, 0x00, 0xff, 0xff, 0xff, 0x00, 0xff, 0xff, 0xff, 0x00, 0xff, 0xff, 0xff, 0x00, 0xff,
0xff, 0xff, 0x00, 0xff, 0xff, 0xff, 0x00, 0xff, 0xff, 0xff, 0x00, 0xff, 0xff, 0xff, 0x00,
0xff, 0xff, 0xff, 0x00, 0xff, 0xff, 0xff, 0x00, 0xff, 0xff, 0xff, 0x00, 0xff, 0xff, 0xff,
0x00, 0xff, 0xff, 0xff, 0x00, 0xff, 0xff, 0xff, 0x00, 0xff, 0xff, 0xff, 0x00, 0xff, 0xff,
0xff, 0x00, 0xff, 0xff, 0xff, 0x00, 0xff, 0xff, 0xff, 0x00, 0xff, 0xff, 0xff, 0x00, 0xff,
0xff, 0xff, 0x00, 0xff, 0xff, 0xff, 0x00, 0xff, 0xff, 0xff, 0x00, 0xff, 0xff, 0xff, 0x00,
0xff, 0xff, 0xff, 0x00, 0xff, 0xff, 0xff, 0x00, 0xff, 0xff, 0xff, 0x00, 0xff, 0xff, 0xff,
0x00, 0xff, 0xff, 0xff, 0x00, 0xff, 0xff, 0xff, 0x00, 0xff, 0xff, 0xff, 0x00, 0xff, 0xff,
0xff, 0x00, 0xff, 0xff, 0xff, 0x00, 0xff, 0xff, 0xff, 0x00, 0xff, 0xff, 0xff, 0x00, 0xff,
0xff, 0xff, 0x00, 0xff, 0xff, 0xff, 0x00, 0xff, 0xff, 0xff, 0x00, 0xff, 0xff, 0xff, 0x00,
0xff, 0xff, 0xff, 0x00, 0xff, 0xff, 0xff, 0x00, 0xff, 0xff, 0xff, 0x00, 0xff, 0xff, 0xff,
0x00, 0xff, 0xff, 0xff, 0x00, 0xff, 0xff, 0xff, 0x00, 0xff, 0xff, 0xff, 0x00, 0xff, 0xff,
0xff, 0x00, 0xff, 0xff, 0xff, 0x00, 0xff, 0xff, 0xff, 0x00, 0xff, 0xff, 0xff, 0x00, 0xff,
0xff, 0xff, 0x00, 0xff, 0xff, 0xff, 0x00, 0xff, 0xff, 0xff, 0x00, 0xff, 0xff, 0xff, 0x00,
0xff, 0xff, 0xff, 0x00, 0xff, 0xff, 0xff, 0x00, 0xff, 0xff, 0xff, 0x00, 0xff, 0xff, 0xff,
0x00, 0xff, 0xff, 0xff, 0x00, 0xff, 0xff, 0xff, 0x00, 0xff, 0xff, 0xff, 0x00, 0xff, 0xff,
0xff, 0x00, 0xff, 0xff, 0xff, 0x00, 0xff, 0xff, 0xff, 0x00, 0xff, 0xff, 0xff, 0x00, 0xff,
0xff, 0xff, 0x00, 0xff, 0xff, 0xff, 0x00, 0xff, 0xff, 0xff, 0x00, 0xff, 0xff, 0xff, 0x00,
0xff, 0xff, 0xff, 0x00, 0xff, 0xff, 0xff, 0x00, 0xff, 0xff, 0xff, 0x00, 0xff, 0xff, 0xff,
0x00, 0xff, 0xff, 0xff, 0x00, 0xff, 0xff, 0xff, 0x00, 0xff, 0xff, 0xff, 0x00, 0xff, 0xff,
0xff, 0x00, 0xff, 0xff, 0xff, 0x00, 0xff, 0xff, 0xff, 0x00, 0xff, 0xff, 0xff, 0x00, 0xff,
0xff, 0xff, 0x00, 0xff, 0xff, 0xff, 0x00, 0xff, 0xff, 0xff, 0x00, 0xff, 0xff, 0xff, 0x00,
0xff, 0xff, 0xff, 0x00, 0xff, 0xff, 0xff, 0x00, 0xff, 0xff, 0xff, 0x00, 0xff, 0xff, 0xff,
0x00, 0xff, 0xff, 0xff, 0x00, 0xff, 0xff, 0xff, 0x00, 0xff, 0xff, 0xff, 0x00, 0xff, 0xff,
0xff, 0x00, 0xff, 0xff, 0xff, 0x00, 0xff, 0xff, 0xff, 0x00, 0xff, 0xff, 0xff, 0x00, 0xff,
0xff, 0xff, 0x00, 0xff, 0xff, 0xff, 0x00, 0xff, 0xff, 0xff, 0x00, 0xff, 0xff, 0xff, 0x00,
0xff, 0xff, 0xff, 0x00, 0xff, 0xff, 0xff, 0x00, 0xff, 0xff, 0xff, 0x00, 0xff, 0xff, 0xff,
0x00, 0xff, 0xff, 0xff, 0x00, 0xff, 0xff, 0xff, 0x00, 0xff, 0xff, 0xff, 0x00, 0xff, 0xff,
0xff, 0x00, 0xff, 0xff, 0xff, 0x00, 0xff, 0xff, 0xff, 0x00, 0xff, 0xff, 0xff, 0x00, 0xff,
0xff, 0xff, 0x00, 0xff, 0xff, 0xff, 0x00, 0xff, 0xff, 0xff, 0x00, 0xff, 0xff, 0xff, 0x00,
0xff, 0xff, 0xff, 0x00, 0xff, 0xff, 0xff, 0x00, 0xff, 0xff, 0xff, 0x00, 0xff, 0xff, 0xff,
0x00, 0xff, 0xff, 0xff, 0x00, 0xff, 0xff, 0xff, 0x00, 0xff, 0xff, 0xff, 0x00, 0xff, 0xff,
0xff, 0x00, 0xff, 0xff, 0xff, 0x00, 0xff, 0xff, 0xff, 0x00, 0xff, 0xff, 0xff, 0x00, 0xff,
0xff, 0xff, 0x00, 0xff, 0xff, 0xff, 0x00, 0xff, 0xff, 0xff, 0x00, 0xff, 0xff, 0xff, 0x00,
0xff, 0xff, 0xff, 0x00, 0xff, 0xff, 0xff, 0x00, 0xff, 0xff, 0xff, 0x00, 0xff, 0xff, 0xff,
0x00, 0xff, 0xff, 0xff, 0x00, 0xff, 0xff, 0xff, 0x00, 0xff, 0xff, 0xff, 0x00, 0xff, 0xff,
0xff, 0x00, 0xff, 0xff, 0xff, 0x00, 0xff, 0xff, 0xff, 0x00, 0xff, 0xff, 0xff, 0x00, 0xff,
0xff, 0xff, 0x00, 0xff, 0xff, 0xff, 0x00, 0xff, 0xff, 0xff, 0x00, 0xff, 0xff, 0xff, 0x00,
0xff, 0xff, 0xff, 0x00, 0xff, 0xff, 0xff, 0x00, 0xff, 0xff, 0xff, 0x00, 0xff, 0xff, 0xff,
0x00, 0xff, 0xff, 0xff, 0x00, 0xff, 0xff, 0xff, 0x00, 0xff, 0xff, 0xff, 0x00, 0xff, 0xff,
0xff, 0x00, 0xff, 0xff, 0xff, 0x00, 0xff, 0xff, 0xff, 0x00, 0xff, 0xff, 0xff, 0x00, 0xff,
0xff, 0xff, 0x00, 0xff, 0xff, 0xff, 0x00, 0xff, 0xff, 0xff, 0x00, 0xff, 0xff, 0xff, 0x00,
0xff, 0xff, 0xff, 0x00, 0xff, 0xff, 0xff, 0x00, 0xff, 0xff, 0xff, 0x00, 0xff, 0xff, 0xff,
0x00, 0xff, 0xff, 0xff, 0x00, 0xff, 0xff, 0xff, 0x00, 0xff, 0xff, 0xff, 0x00, 0xff, 0xff,
0xff, 0x00, 0xff, 0xff, 0xff, 0x00, 0xff, 0xff, 0xff, 0x00, 0xff, 0xff, 0xff, 0x00, 0xff,
0xff, 0xff, 0x00, 0xff, 0xff, 0xff, 0x00, 0xff, 0xff, 0xff, 0x00, 0xff, 0xff, 0xff, 0x00,
0xff, 0xff, 0xff, 0x00, 0xff, 0xff, 0xff, 0x00, 0xff, 0xff, 0xff, 0x00, 0xff, 0xff, 0xff,
0x00, 0xff, 0xff, 0xff, 0x00, 0xff, 0xff, 0xff, 0x00, 0xff, 0xff, 0xff, 0x00, 0xff, 0xff,
0xff, 0x00, 0xff, 0xff, 0xff, 0x00, 0xff, 0xff, 0xff, 0x00, 0xff, 0xff, 0xff, 0x00, 0xff,
0xff, 0xff, 0x00, 0xff, 0xff, 0xff, 0x00, 0xff, 0xff, 0xff, 0x00, 0xff, 0xff, 0xff, 0x00,
0xff, 0xff, 0xff, 0x00, 0xff, 0xff, 0xff, 0x00, 0xff, 0xff, 0xff, 0x00, 0xff, 0xff, 0xff,
0x00, 0xff, 0xff, 0xff, 0x00, 0xff, 0xff, 0xff, 0x00, 0xff, 0xff, 0xff, 0x00, 0xff, 0xff,
0xff, 0x00, 0xff, 0xff, 0xff, 0x00, 0xff, 0xff, 0xff, 0x00, 0xff, 0xff, 0xff, 0x00, 0xff,
0xff, 0xff, 0x00, 0xff, 0xff, 0xff, 0x00, 0xff, 0xff, 0xff, 0x00, 0xff, 0xff, 0xff, 0x00,
0xff, 0xff, 0xff, 0x00, 0xff, 0xff, 0xff, 0x00, 0xff, 0xff, 0xff, 0x00, 0xff, 0xff, 0xff,
0x00, 0xff, 0xff, 0xff, 0x00, 0xff, 0xff, 0xff, 0x00, 0xff, 0xff, 0xff, 0x00, 0xff, 0xff,
0xff, 0x00, 0xff, 0xff, 0xff, 0x00, 0xff, 0xff, 0xff, 0x00, 0xff, 0xff, 0xff, 0x00, 0xff,
0xff, 0xff, 0x00, 0xff, 0xff, 0xff, 0x00, 0xff, 0xff, 0xff, 0x00, 0xff, 0xff, 0xff, 0x00,
0xff, 0xff, 0xff, 0x00, 0xff, 0xff, 0xff, 0x00, 0xff, 0xff, 0xff, 0x00, 0xff, 0xff, 0xff,
0x00, 0xff, 0xff, 0xff, 0x00, 0xff, 0xff, 0xff, 0x00, 0xff, 0xff, 0xff, 0x00, 0xff, 0xff,
0xff, 0x00, 0xff, 0xff, 0xff, 0x00, 0xff, 0xff, 0xff, 0x00, 0xff, 0xff, 0xff, 0x00, 0xff,
0xff, 0xff, 0x00, 0xff, 0xff, 0xff, 0x00, 0xff, 0xff, 0xff, 0x00, 0xff, 0xff, 0xff, 0x00,
0xff, 0xff, 0xff, 0x00, 0xff, 0xff, 0xff, 0x00, 0xff, 0xff, 0xff, 0x00, 0xff, 0xff, 0xff,
0x00, 0xff, 0xff, 0xff, 0x00, 0xff, 0xff, 0xff, 0x00, 0xff, 0xff, 0xff, 0x00, 0xff, 0xff,
0xff, 0x00, 0xff, 0xff, 0xff, 0x00, 0xff, 0xff, 0xff, 0x00, 0xff, 0xff, 0xff, 0x00, 0xff,
0xff, 0xff, 0x00, 0xff, 0xff, 0xff, 0x00, 0xff, 0xff, 0xff, 0x00, 0xff, 0xff, 0xff, 0x00,
0xff, 0xff, 0xff, 0x00, 0xff, 0xff, 0xff, 0x00, 0xff, 0xff, 0xff, 0x00, 0xff, 0xff, 0xff,
0x00, 0xff, 0xff, 0xff, 0x00, 0xff, 0xff, 0xff, 0x00, 0xff, 0xff, 0xff, 0x00, 0xff, 0xff,
0xff, 0x00, 0xff, 0xff, 0xff, 0x00, 0xff, 0xff, 0xff, 0x00, 0xff, 0xff, 0xff, 0x00, 0xff,
0xff, 0xff, 0x00, 0xff, 0xff, 0xff, 0x00, 0xff, 0xff, 0xff, 0x00, 0xff, 0xff, 0xff, 0x00,
0xff, 0xff, 0xff, 0x00, 0xff, 0xff, 0xff, 0x00, 0xff, 0xff, 0xff, 0x00, 0xff, 0xff, 0xff,
0x00, 0xff, 0xff, 0xff, 0x00, 0xff, 0xff, 0xff, 0x00, 0xff, 0xff, 0xff, 0x00, 0xff, 0xff,
0xff, 0x00, 0xff, 0xff, 0xff, 0x00, 0xff, 0xff, 0xff, 0x00, 0xff, 0xff, 0xff, 0x00, 0xff,
0xff, 0xff, 0x00, 0xff, 0xff, 0xff, 0x00, 0xff, 0xff, 0xff, 0x00, 0xff, 0xff, 0xff, 0x00,
0xff, 0xff, 0xff, 0x00, 0xff, 0xff, 0xff, 0x00, 0xff, 0xff, 0xff, 0x00, 0xff, 0xff, 0xff,
0x00, 0xff, 0xff, 0xff, 0x00, 0xff, 0xff, 0xff, 0x00, 0xff, 0xff, 0xff, 0x00, 0xff, 0xff,
0xff, 0x00, 0xff, 0xff, 0xff, 0x00, 0xff, 0xff, 0xff, 0x00, 0xff, 0xff, 0xff, 0x00, 0xff,
0xff, 0xff, 0x00, 0xff, 0xff, 0xff, 0x00, 0xff, 0xff, 0xff, 0x00, 0xff, 0xff, 0xff, 0x00,
0xff, 0xff, 0xff, 0x00, 0xff, 0xff, 0xff, 0x00, 0xff, 0xff, 0xff, 0x00, 0xff, 0xff, 0xff,
0x00, 0xff, 0xff, 0xff, 0x00, 0xff, 0xff, 0xff, 0x00, 0xff, 0xff, 0xff, 0x00, 0xff, 0xff,
0xff, 0x00, 0xff, 0xff, 0xff, 0x00, 0xff, 0xff, 0xff, 0x00, 0xff, 0xff, 0xff, 0x00, 0xff,
0xff, 0xff, 0x00, 0xff, 0xff, 0xff, 0x00, 0xff, 0xff, 0xff, 0x00, 0xff, 0xff, 0xff, 0x00,
0xff, 0xff, 0xff, 0x00, 0xff, 0xff, 0xff, 0x00, 0xff, 0xff, 0xff, 0x00, 0xff, 0xff, 0xff,
0x00, 0xff, 0xff, 0xff, 0x00, 0xff, 0xff, 0xff, 0x00, 0xff, 0xff, 0xff, 0x00, 0xff, 0xff,
0xff, 0x00, 0xff, 0xff, 0xff, 0x00, 0xff, 0xff, 0xff, 0x00, 0xff, 0xff, 0xff, 0x00, 0xff,
0xff, 0xff, 0x00, 0xff, 0xff, 0xff, 0x00, 0xff, 0xff, 0xff, 0x00, 0xff, 0xff, 0xff, 0x00,
0xff, 0xff, 0xff, 0x00, 0xff, 0xff, 0xff, 0x00, 0xff, 0xff, 0xff, 0x00, 0xff, 0xff, 0xff,
0x00, 0xff, 0xff, 0xff, 0x00, 0xff, 0xff, 0xff, 0x00, 0xff, 0xff, 0xff, 0x00, 0xff, 0xff,
0xff, 0x00, 0xff, 0xff, 0xff, 0x00, 0xff, 0xff, 0xff, 0x00, 0xff, 0xff, 0xff, 0x00, 0xff,
0xff, 0xff, 0x00, 0xff, 0xff, 0xff, 0x00, 0xff, 0xff, 0xff, 0x00, 0xff, 0xff, 0xff, 0x00,
0xff, 0xff, 0xff, 0x00, 0xff, 0xff, 0xff, 0x00, 0xff, 0xff, 0xff, 0x00, 0xff, 0xff, 0xff,
0x00, 0xff, 0xff, 0xff, 0x00, 0xff, 0xff, 0xff, 0x00, 0xff, 0xff, 0xff, 0x00, 0xff, 0xff,
0xff, 0x00, 0xff, 0xff, 0xff, 0x00, 0xff, 0xff, 0xff, 0x00, 0xff, 0xff, 0xff, 0x00, 0xff,
0xff, 0xff, 0x00, 0xff, 0xff, 0xff, 0x00, 0xff, 0xff, 0xff, 0x00, 0xff, 0xff, 0xff, 0x00,
0xff, 0xff, 0xff, 0x00, 0xff, 0xff, 0xff, 0x00, 0xff, 0xff, 0xff, 0x00, 0xff, 0xff, 0xff,
0x00, 0xff, 0xff, 0xff, 0x00, 0xff, 0xff, 0xff, 0x00, 0xff, 0xff, 0xff, 0x00, 0xff, 0xff,
0xff, 0x00, 0xff, 0xff, 0xff, 0x00, 0xff, 0xff, 0xff, 0x00, 0xff, 0xff, 0xff, 0x00, 0xff,
0xff, 0xff, 0x00, 0xff, 0xff, 0xff, 0x00, 0xff, 0xff, 0xff, 0x00, 0xff, 0xff, 0xff, 0x00,
0xff, 0xff, 0xff, 0x00, 0xff, 0xff, 0xff, 0x00, 0xff, 0xff, 0xff, 0x00, 0xff, 0xff, 0xff,
0x00, 0xff, 0xff, 0xff, 0x00, 0xff, 0xff, 0xff, 0x00, 0xff, 0xff, 0xff, 0x00, 0xff, 0xff,
0xff, 0x00, 0xff, 0xff, 0xff, 0x00, 0xff, 0xff, 0xff, 0x00, 0xff, 0xff, 0xff, 0x00, 0xff,
0xff, 0xff, 0x00, 0xff, 0xff, 0xff, 0x00, 0xff, 0xff, 0xff, 0x00, 0xff, 0xff, 0xff, 0x00,
0xff, 0xff, 0xff, 0x00, 0xff, 0xff, 0xff, 0x00, 0xff, 0xff, 0xff, 0x00, 0xff, 0xff, 0xff,
0x00, 0xff, 0xff, 0xff, 0x00, 0xff, 0xff, 0xff, 0x00, 0xff, 0xff, 0xff, 0x00, 0xff, 0xff,
0xff, 0x00, 0xff, 0xff, 0xff, 0x00, 0xff, 0xff, 0xff, 0x00, 0xff, 0xff, 0xff, 0x00, 0xff,
0xff, 0xff, 0x00, 0xff, 0xff, 0xff, 0x00, 0xff, 0xff, 0xff, 0x00, 0xff, 0xff, 0xff, 0x00,
0xff, 0xff, 0xff, 0x00, 0xff, 0xff, 0xff, 0x00, 0xff, 0xff, 0xff, 0x00, 0xff, 0xff, 0xff,
0x00, 0xff, 0xff, 0xff, 0x00, 0xff, 0xff, 0xff, 0x00, 0xff, 0xff, 0xff, 0x00, 0xff, 0xff,
0xff, 0x00, 0xff, 0xff, 0xff, 0x00, 0xff, 0xff, 0xff, 0x00, 0xff, 0xff, 0xff, 0x00, 0xff,
0xff, 0xff, 0x00, 0xff, 0xff, 0xff, 0x00, 0xff, 0xff, 0xff, 0x00, 0xff, 0xff, 0xff, 0x00,
0xff, 0xff, 0xff, 0x00, 0xff, 0xff, 0xff, 0x00, 0xff, 0xff, 0xff, 0x00, 0xff, 0xff, 0xff,
0x00, 0xff, 0xff, 0xff, 0x00, 0xff, 0xff, 0xff, 0x00, 0xff, 0xff, 0xff, 0x00, 0xff, 0xff,
0xff, 0x00, 0xff, 0xff, 0xff, 0x00, 0xff, 0xff, 0xff, 0x00, 0xff, 0xff, 0xff, 0x00, 0xff,
0xff, 0xff, 0x00, 0xff, 0xff, 0xff, 0x00, 0xff, 0xff, 0xff, 0x00, 0xff, 0xff, 0xff, 0x00,
0xff, 0xff, 0xff, 0x00, 0xff, 0xff, 0xff, 0x00, 0xff, 0xff, 0xff, 0x00, 0xff, 0xff, 0xff,
0x00, 0xff, 0xff, 0xff, 0x00, 0xff, 0xff, 0xff, 0x00, 0xff, 0xff, 0xff, 0x00, 0xff, 0xff,
0xff, 0x00, 0xff, 0xff, 0xff, 0x00, 0xff, 0xff, 0xff, 0x00, 0xff, 0xff, 0xff, 0x00, 0xff,
0xff, 0xff, 0x00, 0xff, 0xff, 0xff, 0x00, 0xff, 0xff, 0xff, 0x00, 0xff, 0xff, 0xff, 0x00,
0xff, 0xff, 0xff, 0x00, 0xff, 0xff, 0xff, 0x00, 0xff, 0xff, 0xff, 0x00, 0xff, 0xff, 0xff,
0x00, 0xff, 0xff, 0xff, 0x00, 0xff, 0xff, 0xff, 0x00, 0xff, 0xff, 0xff, 0x00, 0xff, 0xff,
0xff, 0x00, 0xff, 0xff, 0xff, 0x00, 0xff, 0xff, 0xff, 0x00, 0xff, 0xff, 0xff, 0x00, 0xff,
0xff, 0xff, 0x00, 0xff, 0xff, 0xff, 0x00, 0xff, 0xff, 0xff, 0x00, 0xff, 0xff, 0xff, 0x00,
0xff, 0xff, 0xff, 0x00, 0xff, 0xff, 0xff, 0x00, 0xff, 0xff, 0xff, 0x00, 0xff, 0xff, 0xff,
0x00, 0xff, 0xff, 0xff, 0x00, 0xff, 0xff, 0xff, 0x00, 0xff, 0xff, 0xff, 0x00, 0xff, 0xff,
0xff, 0x00, 0xff, 0xff, 0xff, 0x00, 0xff, 0xff, 0xff, 0x00, 0xff, 0xff, 0xff, 0x00, 0xff,
0xff, 0xff, 0x00, 0xff, 0xff, 0xff, 0x00, 0xff, 0xff, 0xff, 0x00, 0xff, 0xff, 0xff, 0x00,
0xff, 0xff, 0xff, 0x00, 0xff, 0xff, 0xff, 0x00, 0xff, 0xff, 0xff, 0x00, 0xff, 0xff, 0xff,
0x00, 0xff, 0xff, 0xff, 0x00, 0xff, 0xff, 0xff, 0x00, 0xff, 0xff, 0xff, 0x00, 0xff, 0xff,
0xff, 0x00, 0xff, 0xff, 0xff, 0x00, 0xff, 0xff, 0xff, 0x00, 0xff, 0xff, 0xff, 0x00, 0xff,
0xff, 0xff, 0x00, 0xff, 0xff, 0xff, 0x00, 0xff, 0xff, 0xff, 0x00, 0xff, 0xff, 0xff, 0x00,
0xff, 0xff, 0xff, 0x00, 0xff, 0xff, 0xff, 0x00, 0xff, 0xff, 0xff, 0x00, 0xff, 0xff, 0xff,
0x00, 0xff, 0xff, 0xff, 0x00, 0xff, 0xff, 0xff, 0x00, 0xff, 0xff, 0xff, 0x00, 0xff, 0xff,
0xff, 0x00, 0xff, 0xff, 0xff, 0x00, 0xff, 0xff, 0xff, 0x00, 0xff, 0xff, 0xff, 0x00, 0xff,
0xff, 0xff, 0x00, 0xff, 0xff, 0xff, 0x00, 0xff, 0xff, 0xff, 0x00, 0xff, 0xff, 0xff, 0x00,
0xff, 0xff, 0xff, 0x00, 0xff, 0xff, 0xff, 0x00, 0xff, 0xff, 0xff, 0x00, 0xff, 0xff, 0xff,
0x00, 0xff, 0xff, 0xff, 0x00, 0xff, 0xff, 0xff, 0x00, 0xff, 0xff, 0xff, 0x00, 0xff, 0xff,
0xff, 0x00, 0xff, 0xff, 0xff, 0x00, 0xff, 0xff, 0xff, 0x00, 0xff, 0xff, 0xff, 0x00, 0xff,
0xff, 0xff, 0x00, 0xff, 0xff, 0xff, 0x00, 0xff, 0xff, 0xff, 0x00, 0xff, 0xff, 0xff, 0x00,
0xff, 0xff, 0xff, 0x00, 0xff, 0xff, 0xff, 0x00, 0xff, 0xff, 0xff, 0x00, 0xff, 0xff, 0xff,
0x00, 0xff, 0xff, 0xff, 0x00, 0xff, 0xff, 0xff, 0x00, 0xff, 0xff, 0xff, 0x00, 0xff, 0xff,
0xff, 0x00, 0xff, 0xff, 0xff, 0x00, 0xff, 0xff, 0xff, 0x00, 0xff, 0xff, 0xff, 0x00, 0xff,
0xff, 0xff, 0x00, 0xff, 0xff, 0xff, 0x00, 0xff, 0xff, 0xff, 0x00, 0xff, 0xff, 0xff, 0x00,
0xff, 0xff, 0xff, 0x00, 0xff, 0xff, 0xff, 0x00, 0xff, 0xff, 0xff, 0x00, 0xff, 0xff, 0xff,
0x00, 0xff, 0xff, 0xff, 0x00, 0xff, 0xff, 0xff, 0x00, 0xff, 0xff, 0xff, 0x00, 0xff, 0xff,
0xff, 0x00, 0xff, 0xff, 0xff, 0x00, 0xff, 0xff, 0xff, 0x00, 0xff, 0xff, 0xff, 0x00, 0xff,
0xff, 0xff, 0x00, 0xff, 0xff, 0xff, 0x00, 0xff, 0xff, 0xff, 0x00, 0xff, 0xff, 0xff, 0x00,
0xff, 0xff, 0xff, 0x00, 0xff, 0xff, 0xff, 0x00, 0xff, 0xff, 0xff, 0x00, 0xff, 0xff, 0xff,
0x00, 0xff, 0xff, 0xff, 0x00, 0xff, 0xff, 0xff, 0x00, 0xff, 0xff, 0xff, 0x00, 0xff, 0xff,
0xff, 0x00, 0xff, 0xff, 0xff, 0x00, 0xff, 0xff, 0xff, 0x00, 0xff, 0xff, 0xff, 0x00, 0xff,
0xff, 0xff, 0x00, 0xff, 0xff, 0xff, 0x00, 0xff, 0xff, 0xff, 0x00, 0xff, 0xff, 0xff, 0x00,
0xff, 0xff, 0xff, 0x00, 0xff, 0xff, 0xff, 0x00, 0xff, 0xff, 0xff, 0x00, 0xff, 0xff, 0xff,
0x00, 0xff, 0xff, 0xff, 0x00, 0xff, 0xff, 0xff, 0x00, 0xff, 0xff, 0xff, 0x00, 0xff, 0xff,
0xff, 0x00, 0xff, 0xff, 0xff, 0x00, 0xff, 0xff, 0xff, 0x00, 0xff, 0xff, 0xff, 0x00, 0xff,
0xff, 0xff, 0x00, 0xff, 0xff, 0xff, 0x00, 0xff, 0xff, 0xff, 0x00, 0xff, 0xff, 0xff, 0x00,
0xff, 0xff, 0xff, 0x00, 0xff, 0xff, 0xff, 0x00, 0xff, 0xff, 0xff, 0x00, 0xff, 0xff, 0xff,
0x00, 0xff, 0xff, 0xff, 0x00, 0xff, 0xff, 0xff, 0x00, 0xff, 0xff, 0xff, 0x00, 0xff, 0xff,
0xff, 0x00, 0xff, 0xff, 0xff, 0x00, 0xff, 0xff, 0xff, 0x00, 0xff, 0xff, 0xff, 0x00, 0xff,
0xff, 0xff, 0x00, 0xff, 0xff, 0xff, 0x00, 0xff, 0xff, 0xff, 0x00, 0xff, 0xff, 0xff, 0x00,
0xff, 0xff, 0xff, 0x00, 0xff, 0xff, 0xff, 0x00, 0xff, 0xff, 0xff, 0x00, 0xff, 0xff, 0xff,
0x00, 0xff, 0xff, 0xff, 0x00, 0xff, 0xff, 0xff, 0x00, 0xff, 0xff, 0xff, 0x00, 0xff, 0xff,
0xff, 0x00, 0xff, 0xff, 0xff, 0x00, 0xff, 0xff, 0xff, 0x00, 0xff, 0xff, 0xff, 0x00, 0xff,
0xff, 0xff, 0x00, 0xff, 0xff, 0xff, 0x00, 0xff, 0xff, 0xff, 0x00, 0xff, 0xff, 0xff, 0x00,
0xff, 0xff, 0xff, 0x00, 0xff, 0xff, 0xff, 0x00, 0xff, 0xff, 0xff, 0x00, 0xff, 0xff, 0xff,
0x00, 0xff, 0xff, 0xff, 0x00, 0xff, 0xff, 0xff, 0x00, 0xff, 0xff, 0xff, 0x00, 0xff, 0xff,
0xff, 0x00, 0xff, 0xff, 0xff, 0x00, 0xff, 0xff, 0xff, 0x00, 0xff, 0xff, 0xff, 0x00, 0xff,
0xff, 0xff, 0x00, 0xff, 0xff, 0xff, 0x00, 0xff, 0xff, 0xff, 0x00, 0xff, 0xff, 0xff, 0x00,
0xff, 0xff, 0xff, 0x00, 0xff, 0xff, 0xff, 0x00, 0xff, 0xff, 0xff, 0x00, 0xff, 0xff, 0xff,
0x00, 0xff, 0xff, 0xff, 0x00, 0xff, 0xff, 0xff, 0x00, 0xff, 0xff, 0xff, 0x00, 0xff, 0xff,
0xff, 0x00, 0xff, 0xff, 0xff, 0x00, 0xff, 0xff, 0xff, 0x00, 0xff, 0xff, 0xff, 0x00, 0xff,
0xff, 0xff, 0x00, 0xff, 0xff, 0xff, 0x00, 0xff, 0xff, 0xff, 0x00, 0xff, 0xff, 0xff, 0x00,
0xff, 0xff, 0xff, 0x00, 0xff, 0xff, 0xff, 0x00, 0xff, 0xff, 0xff, 0x00, 0xff, 0xff, 0xff,
0x00, 0xff, 0xff, 0xff, 0x00, 0xff, 0xff, 0xff, 0x00, 0xff, 0xff, 0xff, 0x00, 0xff, 0xff,
0xff, 0x00, 0xff, 0xff, 0xff, 0x00, 0xff, 0xff, 0xff, 0x00, 0xff, 0xff, 0xff, 0x00, 0xff,
0xff, 0xff, 0x00, 0xff, 0xff, 0xff, 0x00, 0xff, 0xff, 0xff, 0x00, 0xff, 0xff, 0xff, 0x00,
0xff, 0xff, 0xff, 0x00, 0xff, 0xff, 0xff, 0x00, 0xff, 0xff, 0xff, 0x00, 0xff, 0xff, 0xff,
0x00, 0xff, 0xff, 0xff, 0x00, 0xff, 0xff, 0xff, 0x00, 0xff, 0xff, 0xff, 0x00, 0xff, 0xff,
0xff, 0x00, 0xff, 0xff, 0xff, 0x00, 0xff, 0xff, 0xff, 0x00, 0xff, 0xff, 0xff, 0x00, 0xff,
0xff, 0xff, 0x00, 0xff, 0xff, 0xff, 0x00, 0xff, 0xff, 0xff, 0x00, 0xff, 0xff, 0xff, 0x00,
0xff, 0xff, 0xff, 0x00, 0xff, 0xff, 0xff, 0x00, 0xff, 0xff, 0xff, 0x00, 0xff, 0xff, 0xff,
0x00, 0xff, 0xff, 0xff, 0x00, 0xff, 0xff, 0xff, 0x00, 0xff, 0xff, 0xff, 0x00, 0xff, 0xff,
0xff, 0x00, 0xff, 0xff, 0xff, 0x00, 0xff, 0xff, 0xff, 0x00, 0xff, 0xff, 0xff, 0x00, 0xff,
0xff, 0xff, 0x00, 0xff, 0xff, 0xff, 0x00, 0xff, 0xff, 0xff, 0x00, 0xff, 0xff, 0xff, 0x00,
0xff, 0xff, 0xff, 0x00, 0xff, 0xff, 0xff, 0x00, 0xff, 0xff, 0xff, 0x00, 0xff, 0xff, 0xff,
0x00, 0xff, 0xff, 0xff, 0x00, 0xff, 0xff, 0xff, 0x00, 0xff, 0xff, 0xff, 0x00, 0xff, 0xff,
0xff, 0x00, 0xff, 0xff, 0xff, 0x00, 0xff, 0xff, 0xff, 0x00, 0xff, 0xff, 0xff, 0x00, 0xff,
0xff, 0xff, 0x00, 0xff, 0xff, 0xff, 0x00, 0xff, 0xff, 0xff, 0x00, 0xff, 0xff, 0xff, 0x00,
0xff, 0xff, 0xff, 0x00, 0xff, 0xff, 0xff, 0x00, 0xff, 0xff, 0xff, 0x00, 0xff, 0xff, 0xff,
0x00, 0xff, 0xff, 0xff, 0x00, 0xff, 0xff, 0xff, 0x00, 0xff, 0xff, 0xff, 0x00, 0xff, 0xff,
0xff, 0x00, 0xff, 0xff, 0xff, 0x00, 0xff, 0xff, 0xff, 0x00, 0xff, 0xff, 0xff, 0x00, 0xff,
0xff, 0xff, 0x00, 0xff, 0xff, 0xff, 0x00, 0xff, 0xff, 0xff, 0x00, 0xff, 0xff, 0xff, 0x00,
0xff, 0xff, 0xff, 0x00, 0xff, 0xff, 0xff, 0x00, 0xff, 0xff, 0xff, 0x00, 0xff, 0xff, 0xff,
0x00, 0xff, 0xff, 0xff, 0x00, 0xff, 0xff, 0xff, 0x00, 0xff, 0xff, 0xff, 0x00, 0xff, 0xff,
0xff, 0x00, 0xff, 0xff, 0xff, 0x00, 0xff, 0xff, 0xff, 0x00, 0xff, 0xff, 0xff, 0x00, 0xff,
0xff, 0xff, 0x00, 0xff, 0xff, 0xff, 0x00, 0xff, 0xff, 0xff, 0x00, 0xff, 0xff, 0xff, 0x00,
0xff, 0xff, 0xff, 0x00, 0xff, 0xff, 0xff, 0x00, 0xff, 0xff, 0xff, 0x00, 0xff, 0xff, 0xff,
0x00, 0xff, 0xff, 0xff, 0x00, 0xff, 0xff, 0xff, 0x00, 0xff, 0xff, 0xff, 0x00, 0xff, 0xff,
0xff, 0x00, 0xff, 0xff, 0xff, 0x00, 0xff, 0xff, 0xff, 0x00, 0xff, 0xff, 0xff, 0x00, 0xff,
0xff, 0xff, 0x00, 0xff, 0xff, 0xff, 0x00, 0xff, 0xff, 0xff, 0x00, 0xff, 0xff, 0xff, 0x00,
0xff, 0xff, 0xff, 0x00, 0xff, 0xff, 0xff, 0x00, 0xff, 0xff, 0xff, 0x00, 0xff, 0xff, 0xff,
0x00, 0xff, 0xff, 0xff, 0x00, 0xff, 0xff, 0xff, 0x00, 0xff, 0xff, 0xff, 0x00, 0xff, 0xff,
0xff, 0x00, 0xff, 0xff, 0xff, 0x00, 0xff, 0xff, 0xff, 0x00, 0xff, 0xff, 0xff, 0x00, 0xff,
0xff, 0xff, 0x00, 0xff, 0xff, 0xff, 0x00, 0xff, 0xff, 0xff, 0x00, 0xff, 0xff, 0xff, 0x00,
0xff, 0xff, 0xff, 0x00, 0xff, 0xff, 0xff, 0x00, 0xff, 0xff, 0xff, 0x00, 0xff, 0xff, 0xff,
0x00, 0xff, 0xff, 0xff, 0x00, 0xff, 0xff, 0xff, 0x00, 0xff, 0xff, 0xff, 0x00, 0xff, 0xff,
0xff, 0x00, 0xff, 0xff, 0xff, 0x00, 0xff, 0xff, 0xff, 0x00, 0xff, 0xff, 0xff, 0x00, 0xff,
0xff, 0xff, 0x00, 0xff, 0xff, 0xff, 0x00, 0xff, 0xff, 0xff, 0x00, 0xff, 0xff, 0xff, 0x00,
0xff, 0xff, 0xff, 0x00, 0xff, 0xff, 0xff, 0x00, 0xff, 0xff, 0xff, 0x00, 0xff, 0xff, 0xff,
0x00, 0xff, 0xff, 0xff, 0x00, 0xff, 0xff, 0xff, 0x00, 0xff, 0xff, 0xff, 0x00, 0xff, 0xff,
0xff, 0x00, 0xff, 0xff, 0xff, 0x00, 0xff, 0xff, 0xff, 0x00, 0xff, 0xff, 0xff, 0x00, 0xff,
0xff, 0xff, 0x00, 0xff, 0xff, 0xff, 0x00, 0xff, 0xff, 0xff, 0x00, 0xff, 0xff, 0xff, 0x00,
0xff, 0xff, 0xff, 0x00, 0xff, 0xff, 0xff, 0x00, 0xff, 0xff, 0xff, 0x00, 0xff, 0xff, 0xff,
0x00, 0xff, 0xff, 0xff, 0x00, 0xff, 0xff, 0xff, 0x00, 0xff, 0xff, 0xff, 0x00, 0xff, 0xff,
0xff, 0x00, 0xff, 0xff, 0xff, 0x00, 0xff, 0xff, 0xff, 0x00, 0xff, 0xff, 0xff, 0x00, 0xff,
0xff, 0xff, 0x00, 0xff, 0xff, 0xff, 0x00, 0xff, 0xff, 0xff, 0x00, 0xff, 0xff, 0xff, 0x00,
0xff, 0xff, 0xff, 0x00, 0xff, 0xff, 0xff, 0x00, 0xff, 0xff, 0xff, 0x00, 0xff, 0xff, 0xff,
0x00, 0xff, 0xff, 0xff, 0x00, 0xff, 0xff, 0xff, 0x00, 0xff, 0xff, 0xff, 0x00, 0xff, 0xff,
0xff, 0x00, 0xff, 0xff, 0xff, 0x00, 0xff, 0xff, 0xff, 0x00, 0xff, 0xff, 0xff, 0x00, 0xff,
0xff, 0xff, 0x00, 0xff, 0xff, 0xff, 0x00, 0xff, 0xff, 0xff, 0x00, 0xff, 0xff, 0xff, 0x00,
0xff, 0xff, 0xff, 0x00, 0xff, 0xff, 0xff, 0x00, 0xff, 0xff, 0xff, 0x00, 0xff, 0xff, 0xff,
0x00, 0xff, 0xff, 0xff, 0x00, 0xff, 0xff, 0xff, 0x00, 0xff, 0xff, 0xff, 0x00, 0xff, 0xff,
0xff, 0x00, 0xff, 0xff, 0xff, 0x00, 0xff, 0xff, 0xff, 0x00, 0xff, 0xff, 0xff, 0x00, 0xff,
0xff, 0xff, 0x00, 0xff, 0xff, 0xff, 0x00, 0xff, 0xff, 0xff, 0x00, 0xff, 0xff, 0xff, 0x00,
0xff, 0xff, 0xff, 0x00, 0xff, 0xff, 0xff, 0x00, 0xff, 0xff, 0xff, 0x00, 0xff, 0xff, 0xff,
0x00, 0xff, 0xff, 0xff, 0x00, 0xff, 0xff, 0xff, 0x00, 0xff, 0xff, 0xff, 0x00, 0xff, 0xff,
0xff, 0x00, 0xff, 0xff, 0xff, 0x00, 0xff, 0xff, 0xff, 0x00, 0xff, 0xff, 0xff, 0x00, 0xff,
0xff, 0xff, 0x00, 0xff, 0xff, 0xff, 0x00, 0xff, 0xff, 0xff, 0x00, 0xff, 0xff, 0xff, 0x00,
0xff, 0xff, 0xff, 0x00, 0xff, 0xff, 0xff, 0x00, 0xff, 0xff, 0xff, 0x00, 0xff, 0xff, 0xff,
0x00, 0xff, 0xff, 0xff, 0x00, 0xff, 0xff, 0xff, 0x00, 0xff, 0xff, 0xff, 0x00, 0xff, 0xff,
0xff, 0x00, 0xff, 0xff, 0xff, 0x00, 0xff, 0xff, 0xff, 0x00, 0xff, 0xff, 0xff, 0x00, 0xff,
0xff, 0xff, 0x00, 0xff, 0xff, 0xff, 0x00, 0xff, 0xff, 0xff, 0x00, 0xff, 0xff, 0xff, 0x00,
0xff, 0xff, 0xff, 0x00, 0xff, 0xff, 0xff, 0x00, 0xff, 0xff, 0xff, 0x00, 0xff, 0xff, 0xff,
0x00, 0xff, 0xff, 0xff, 0x00, 0xff, 0xff, 0xff, 0x00, 0x56, 0x01, 0xab, 0x00, 0x56, 0x01,
0xab, 0x00, 0x56, 0x01, 0xab, 0x00, 0x56, 0x01, 0xab, 0x00, 0x56, 0x01, 0xab, 0x00, 0x56,
0x01, 0xab, 0x00, 0x56, 0x01, 0xab, 0x00, 0x56, 0x01, 0xab, 0x00, 0x56, 0x01, 0xab, 0x00,
0x56, 0x01, 0xab, 0x00, 0x56, 0x01, 0xab, 0x00, 0x56, 0x01, 0xab, 0x00, 0x56, 0x00, 0xa8,
0x00, 0x57, 0x0a, 0xbc, 0x00, 0x63, 0x30, 0xfa, 0x00, 0x66, 0x33, 0xfd, 0x00, 0x65, 0x33,
0xfe, 0x00, 0x5b, 0x29, 0xeb, 0x00, 0x45, 0x1d, 0xb7, 0x00, 0x5a, 0x2e, 0xf1, 0x00, 0x5d,
0x2f, 0xf2, 0x00, 0x62, 0x2e, 0xf3, 0x00, 0x5b, 0x22, 0xe8, 0x00, 0x5f, 0x2c, 0xf5, 0x00,
0x62, 0x2a, 0xf0, 0x00, 0x61, 0x2a, 0xf2, 0x00, 0x5f, 0x2e, 0xf2, 0x00, 0x4e, 0x27, 0xc0,
0x00, 0x5d, 0x2c, 0xf2, 0x00, 0x5c, 0x2b, 0xee, 0x00, 0x65, 0x33, 0xfc, 0x00, 0x63, 0x31,
0xfa, 0x00, 0x62, 0x2d, 0xf0, 0x00, 0x63, 0x2f, 0xf5, 0x00, 0x62, 0x31, 0xf5, 0x00, 0x60,
0x2d, 0xf4, 0x00, 0x5e, 0x29, 0xf1, 0x00, 0x65, 0x32, 0xfd, 0x00, 0x65, 0x32, 0xfb, 0x00,
0x65, 0x32, 0xfa, 0x00, 0x63, 0x30, 0xf9, 0x00, 0x62, 0x2e, 0xf7, 0x00, 0x65, 0x32, 0xfd,
0x00, 0x5d, 0x26, 0xed, 0x00, 0x62, 0x2e, 0xf9, 0x10, 0x63, 0x31, 0xf6, 0x28, 0x65, 0x32,
0xfc, 0x3e, 0x65, 0x32, 0xfd, 0x67, 0x65, 0x33, 0xfd, 0x92, 0x65, 0x33, 0xfe, 0xb6, 0x65,
0x33, 0xfe, 0xd0, 0x66, 0x33, 0xff, 0xdc, 0x66, 0x33, 0xff, 0xdc, 0x66, 0x33, 0xff, 0xdc,
0x66, 0x33, 0xff, 0xdc, 0x66, 0x33, 0xff, 0xdc, 0x66, 0x33, 0xff, 0xdc, 0x66, 0x33, 0xff,
0xdc, 0x66, 0x33, 0xff, 0xdc, 0x66, 0x33, 0xff, 0xdc, 0x64, 0x31, 0xfd, 0xcd, 0x63, 0x30,
0xfc, 0xb2, 0x66, 0x34, 0xfe, 0x8e, 0x61, 0x2f, 0xf9, 0x61, 0x5e, 0x2b, 0xf5, 0x3b, 0x63,
0x29, 0xed, 0x26, 0x61, 0x2d, 0xf0, 0x0e, 0x4b, 0x26, 0xbb, 0x00, 0x66, 0x33, 0xfe, 0x00,
0x66, 0x31, 0xfd, 0x00, 0x49, 0x24, 0xdb, 0x00, 0x62, 0x2f, 0xf9, 0x00, 0x5c, 0x2d, 0xf4,
0x00, 0x49, 0x25, 0xce, 0x00, 0x62, 0x30, 0xf1, 0x00, 0x5f, 0x2f, 0xf6, 0x00, 0x65, 0x30,
0xf9, 0x00, 0x65, 0x2f, 0xf8, 0x00, 0x5e, 0x29, 0xf1, 0x00, 0x60, 0x2b, 0xf2, 0x00, 0x65,
0x31, 0xfc, 0x00, 0x62, 0x30, 0xfb, 0x00, 0x62, 0x2e, 0xf4, 0x00, 0x57, 0x29, 0xeb, 0x00,
0x4f, 0x26, 0xe3, 0x00, 0x65, 0x31, 0xfd, 0x00, 0x5e, 0x2c, 0xf2, 0x00, 0x5a, 0x24, 0xee,
0x00, 0x59, 0x2b, 0xe2, 0x00, 0x5d, 0x29, 0xe7, 0x00, 0x63, 0x2e, 0xf9, 0x00, 0x60, 0x24,
0xe6, 0x00, 0x62, 0x2d, 0xf4, 0x00, 0x64, 0x31, 0xfd, 0x00, 0x65, 0x33, 0xfd, 0x00, 0x66,
0x32, 0xfd, 0x00, 0x67, 0x33, 0xff, 0x00, 0x5c, 0x2b, 0xee, 0x00, 0x07, 0x03, 0x87, 0x00,
0x00, 0x00, 0x7e, 0x00, 0x01, 0x01, 0x80, 0x00, 0x01, 0x01, 0x80, 0x00, 0x01, 0x01, 0x80,
0x00, 0x01, 0x01, 0x80, 0x00, 0x01, 0x01, 0x80, 0x00, 0x01, 0x01, 0x80, 0x00, 0x01, 0x01,
0x80, 0x00, 0x01, 0x01, 0x80, 0x00, 0x01, 0x01, 0x80, 0x00, 0x01, 0x01, 0x80, 0x00, 0x01,
0x01, 0x80, 0x00, 0xff, 0xff, 0xff, 0x00, 0xff, 0xff, 0xff, 0x00, 0xff, 0xff, 0xff, 0x00,
0xff, 0xff, 0xff, 0x00, 0xff, 0xff, 0xff, 0x00, 0xff, 0xff, 0xff, 0x00, 0xff, 0xff, 0xff,
0x00, 0xff, 0xff, 0xff, 0x00, 0xff, 0xff, 0xff, 0x00, 0xff, 0xff, 0xff, 0x00, 0xff, 0xff,
0xff, 0x00, 0xff, 0xff, 0xff, 0x00, 0xff, 0xff, 0xff, 0x00, 0xff, 0xff, 0xff, 0x00, 0xff,
0xff, 0xff, 0x00, 0xff, 0xff, 0xff, 0x00, 0xff, 0xff, 0xff, 0x00, 0x56, 0x01, 0xab, 0x00,
0x56, 0x01, 0xab, 0x00, 0x56, 0x01, 0xab, 0x00, 0x56, 0x01, 0xab, 0x00, 0x56, 0x01, 0xab,
0x00, 0x56, 0x01, 0xab, 0x00, 0x56, 0x01, 0xab, 0x00, 0x56, 0x01, 0xab, 0x00, 0x56, 0x01,
0xab, 0x00, 0x56, 0x01, 0xab, 0x00, 0x56, 0x01, 0xab, 0x00, 0x56, 0x01, 0xab, 0x00, 0x56,
0x00, 0xa8, 0x00, 0x57, 0x0a, 0xbc, 0x00, 0x63, 0x30, 0xfa, 0x00, 0x66, 0x33, 0xfd, 0x00,
0x65, 0x33, 0xfe, 0x00, 0x5b, 0x29, 0xeb, 0x00, 0x45, 0x1d, 0xb7, 0x00, 0x5a, 0x2e, 0xf1,
0x00, 0x5d, 0x2f, 0xf2, 0x00, 0x62, 0x2e, 0xf3, 0x00, 0x5b, 0x22, 0xe8, 0x00, 0x5f, 0x2c,
0xf5, 0x00, 0x62, 0x2a, 0xf0, 0x00, 0x61, 0x2a, 0xf2, 0x00, 0x5f, 0x2e, 0xf2, 0x00, 0x4e,
0x27, 0xc0, 0x00, 0x5d, 0x2c, 0xf2, 0x00, 0x5c, 0x2b, 0xee, 0x00, 0x65, 0x33, 0xfc, 0x00,
0x63, 0x31, 0xfa, 0x00, 0x62, 0x2d, 0xf0, 0x00, 0x63, 0x2f, 0xf5, 0x00, 0x62, 0x31, 0xf5,
0x00, 0x60, 0x2d, 0xf4, 0x00, 0x5e, 0x29, 0xf1, 0x00, 0x65, 0x32, 0xfd, 0x00, 0x65, 0x32,
0xfb, 0x00, 0x65, 0x32, 0xfa, 0x00, 0x63, 0x31, 0xfa, 0x13, 0x63, 0x2f, 0xf9, 0x34, 0x66,
0x33, 0xfe, 0x6d, 0x63, 0x2f, 0xfa, 0xb4, 0x66, 0x32, 0xfe, 0xe7, 0x66, 0x33, 0xff, 0xfa,
0x66, 0x33, 0xff, 0xff, 0x66, 0x33, 0xff, 0xff, 0x66, 0x33, 0xff, 0xff, 0x66, 0x33, 0xff,
0xff, 0x66, 0x33, 0xff, 0xff, 0x66, 0x33, 0xff, 0xff, 0x66, 0x33, 0xff, 0xff, 0x66, 0x33,
0xff, 0xff, 0x66, 0x33, 0xff, 0xff, 0x66, 0x33, 0xff, 0xff, 0x66, 0x33, 0xff, 0xff, 0x66,
0x33, 0xff, 0xff, 0x66, 0x33, 0xff, 0xff, 0x66, 0x33, 0xff, 0xff, 0x66, 0x33, 0xff, 0xff,
0x66, 0x33, 0xff, 0xff, 0x66, 0x33, 0xff, 0xff, 0x66, 0x33, 0xff, 0xff, 0x66, 0x33, 0xff,
0xff, 0x66, 0x33, 0xfe, 0xf8, 0x65, 0x32, 0xfc, 0xe4, 0x5f, 0x30, 0xed, 0xaf, 0x66, 0x33,
0xfd, 0x68, 0x66, 0x32, 0xfd, 0x33, 0x4c, 0x25, 0xde, 0x12, 0x62, 0x2f, 0xf9, 0x00, 0x5c,
0x2d, 0xf4, 0x00, 0x48, 0x25, 0xcd, 0x00, 0x62, 0x30, 0xf1, 0x00, 0x5f, 0x2f, 0xf6, 0x00,
0x65, 0x30, 0xf9, 0x00, 0x65, 0x2f, 0xf8, 0x00, 0x5e, 0x29, 0xf1, 0x00, 0x60, 0x2b, 0xf2,
0x00, 0x65, 0x31, 0xfc, 0x00, 0x62, 0x30, 0xfb, 0x00, 0x62, 0x2e, 0xf4, 0x00, 0x57, 0x29,
0xeb, 0x00, 0x4f, 0x26, 0xe3, 0x00, 0x65, 0x31, 0xfd, 0x00, 0x5e, 0x2c, 0xf2, 0x00, 0x5a,
0x24, 0xee, 0x00, 0x59, 0x2b, 0xe2, 0x00, 0x5d, 0x29, 0xe7, 0x00, 0x63, 0x2e, 0xf9, 0x00,
0x60, 0x24, 0xe6, 0x00, 0x62, 0x2d, 0xf4, 0x00, 0x64, 0x31, 0xfd, 0x00, 0x65, 0x33, 0xfd,
0x00, 0x66, 0x32, 0xfd, 0x00, 0x67, 0x33, 0xff, 0x00, 0x5c, 0x2b, 0xee, 0x00, 0x07, 0x03,
0x87, 0x00, 0x00, 0x00, 0x7e, 0x00, 0x01, 0x01, 0x80, 0x00, 0x01, 0x01, 0x80, 0x00, 0x01,
0x01, 0x80, 0x00, 0x01, 0x01, 0x80, 0x00, 0x01, 0x01, 0x80, 0x00, 0x01, 0x01, 0x80, 0x00,
0x01, 0x01, 0x80, 0x00, 0x01, 0x01, 0x80, 0x00, 0x01, 0x01, 0x80, 0x00, 0x01, 0x01, 0x80,
0x00, 0x01, 0x01, 0x80, 0x00, 0xff, 0xff, 0xff, 0x00, 0xff, 0xff, 0xff, 0x00, 0xff, 0xff,
0xff, 0x00, 0xff, 0xff, 0xff, 0x00, 0xff, 0xff, 0xff, 0x00, 0xff, 0xff, 0xff, 0x00, 0xff,
0xff, 0xff, 0x00, 0xff, 0xff, 0xff, 0x00, 0xff, 0xff, 0xff, 0x00, 0xff, 0xff, 0xff, 0x00,
0xff, 0xff, 0xff, 0x00, 0xff, 0xff, 0xff, 0x00, 0xff, 0xff, 0xff, 0x00, 0xff, 0xff, 0xff,
0x00, 0xff, 0xff, 0xff, 0x00, 0xff, 0xff, 0xff, 0x00, 0xff, 0xff, 0xff, 0x00, 0x56, 0x01,
0xab, 0x00, 0x56, 0x01, 0xab, 0x00, 0x56, 0x01, 0xab, 0x00, 0x56, 0x01, 0xab, 0x00, 0x56,
0x01, 0xab, 0x00, 0x56, 0x01, 0xab, 0x00, 0x56, 0x01, 0xab, 0x00, 0x56, 0x01, 0xab, 0x00,
0x56, 0x01, 0xab, 0x00, 0x56, 0x01, 0xab, 0x00, 0x56, 0x01, 0xab, 0x00, 0x56, 0x01, 0xab,
0x00, 0x56, 0x00, 0xa8, 0x00, 0x57, 0x0a, 0xbc, 0x00, 0x63, 0x30, 0xfa, 0x00, 0x66, 0x33,
0xfd, 0x00, 0x65, 0x33, 0xfe, 0x00, 0x5b, 0x29, 0xeb, 0x00, 0x45, 0x1d, 0xb7, 0x00, 0x5a,
0x2e, 0xf1, 0x00, 0x5d, 0x2f, 0xf2, 0x00, 0x62, 0x2e, 0xf3, 0x00, 0x5b, 0x22, 0xe8, 0x00,
0x5f, 0x2c, 0xf5, 0x00, 0x62, 0x2a, 0xf0, 0x00, 0x61, 0x2a, 0xf2, 0x00, 0x5f, 0x2e, 0xf2,
0x00, 0x4e, 0x27, 0xc0, 0x00, 0x5d, 0x2c, 0xf2, 0x00, 0x5c, 0x2b, 0xee, 0x00, 0x65, 0x33,
0xfc, 0x00, 0x63, 0x31, 0xfa, 0x00, 0x62, 0x2d, 0xf0, 0x00, 0x63, 0x2f, 0xf5, 0x00, 0x62,
0x31, 0xf5, 0x00, 0x60, 0x2d, 0xf3, 0x00, 0x5e, 0x28, 0xf0, 0x00, 0x65, 0x32, 0xfd, 0x19,
0x65, 0x33, 0xfc, 0x4b, 0x66, 0x32, 0xfd, 0xa3, 0x66, 0x33, 0xff, 0xe8, 0x66, 0x33, 0xff,
0xff, 0x66, 0x33, 0xff, 0xff, 0x66, 0x34, 0xff, 0xff, 0x66, 0x33, 0xff, 0xff, 0x66, 0x33,
0xff, 0xff, 0x66, 0x33, 0xff, 0xff, 0x66, 0x33, 0xff, 0xff, 0x66, 0x33, 0xff, 0xff, 0x66,
0x33, 0xff, 0xff, 0x66, 0x33, 0xff, 0xff, 0x66, 0x33, 0xff, 0xff, 0x66, 0x33, 0xff, 0xff,
0x66, 0x33, 0xff, 0xff, 0x66, 0x33, 0xff, 0xff, 0x66, 0x33, 0xff, 0xff, 0x66, 0x33, 0xff,
0xff, 0x66, 0x33, 0xff, 0xff, 0x66, 0x33, 0xff, 0xff, 0x66, 0x33, 0xff, 0xff, 0x66, 0x33,
0xff, 0xff, 0x66, 0x33, 0xff, 0xff, 0x66, 0x33, 0xff, 0xff, 0x66, 0x33, 0xff, 0xff, 0x66,
0x33, 0xff, 0xff, 0x66, 0x33, 0xff, 0xff, 0x66, 0x33, 0xff, 0xff, 0x67, 0x34, 0xff, 0xff,
0x66, 0x33, 0xff, 0xff, 0x66, 0x33, 0xff, 0xff, 0x64, 0x32, 0xfc, 0xe7, 0x67, 0x33, 0xfe,
0xa1, 0x5d, 0x2e, 0xf5, 0x49, 0x4d, 0x27, 0xd4, 0x19, 0x62, 0x30, 0xf1, 0x00, 0x5f, 0x2f,
0xf5, 0x00, 0x65, 0x30, 0xf9, 0x00, 0x65, 0x2f, 0xf8, 0x00, 0x5e, 0x29, 0xf1, 0x00, 0x60,
0x2b, 0xf2, 0x00, 0x65, 0x31, 0xfc, 0x00, 0x62, 0x30, 0xfb, 0x00, 0x62, 0x2e, 0xf4, 0x00,
0x57, 0x29, 0xeb, 0x00, 0x4f, 0x26, 0xe3, 0x00, 0x65, 0x31, 0xfd, 0x00, 0x5e, 0x2c, 0xf2,
0x00, 0x5a, 0x24, 0xee, 0x00, 0x59, 0x2b, 0xe2, 0x00, 0x5d, 0x29, 0xe7, 0x00, 0x63, 0x2e,
0xf9, 0x00, 0x60, 0x24, 0xe6, 0x00, 0x62, 0x2d, 0xf4, 0x00, 0x64, 0x31, 0xfd, 0x00, 0x65,
0x33, 0xfd, 0x00, 0x66, 0x32, 0xfd, 0x00, 0x67, 0x33, 0xff, 0x00, 0x5c, 0x2b, 0xee, 0x00,
0x07, 0x03, 0x87, 0x00, 0x00, 0x00, 0x7e, 0x00, 0x01, 0x01, 0x80, 0x00, 0x01, 0x01, 0x80,
0x00, 0x01, 0x01, 0x80, 0x00, 0x01, 0x01, 0x80, 0x00, 0x01, 0x01, 0x80, 0x00, 0x01, 0x01,
0x80, 0x00, 0x01, 0x01, 0x80, 0x00, 0x01, 0x01, 0x80, 0x00, 0x01, 0x01, 0x80, 0x00, 0x01,
0x01, 0x80, 0x00, 0x01, 0x01, 0x80, 0x00, 0xff, 0xff, 0xff, 0x00, 0xff, 0xff, 0xff, 0x00,
0xff, 0xff, 0xff, 0x00, 0xff, 0xff, 0xff, 0x00, 0xff, 0xff, 0xff, 0x00, 0xff, 0xff, 0xff,
0x00, 0xff, 0xff, 0xff, 0x00, 0xff, 0xff, 0xff, 0x00, 0xff, 0xff, 0xff, 0x00, 0xff, 0xff,
0xff, 0x00, 0xff, 0xff, 0xff, 0x00, 0xff, 0xff, 0xff, 0x00, 0xff, 0xff, 0xff, 0x00, 0xff,
0xff, 0xff, 0x00, 0xff, 0xff, 0xff, 0x00, 0xff, 0xff, 0xff, 0x00, 0xff, 0xff, 0xff, 0x00,
0x56, 0x01, 0xab, 0x00, 0x56, 0x01, 0xab, 0x00, 0x56, 0x01, 0xab, 0x00, 0x56, 0x01, 0xab,
0x00, 0x56, 0x01, 0xab, 0x00, 0x56, 0x01, 0xab, 0x00, 0x56, 0x01, 0xab, 0x00, 0x56, 0x01,
0xab, 0x00, 0x56, 0x01, 0xab, 0x00, 0x56, 0x01, 0xab, 0x00, 0x56, 0x01, 0xab, 0x00, 0x56,
0x01, 0xab, 0x00, 0x56, 0x00, 0xa8, 0x00, 0x57, 0x0a, 0xbc, 0x00, 0x63, 0x30, 0xfa, 0x00,
0x66, 0x33, 0xfd, 0x00, 0x65, 0x33, 0xfe, 0x00, 0x5b, 0x29, 0xeb, 0x00, 0x45, 0x1d, 0xb7,
0x00, 0x5a, 0x2e, 0xf1, 0x00, 0x5d, 0x2f, 0xf2, 0x00, 0x62, 0x2e, 0xf3, 0x00, 0x5b, 0x22,
0xe8, 0x00, 0x5f, 0x2c, 0xf5, 0x00, 0x62, 0x2a, 0xf0, 0x00, 0x61, 0x2a, 0xf2, 0x00, 0x5f,
0x2e, 0xf2, 0x00, 0x4e, 0x27, 0xc0, 0x00, 0x5d, 0x2c, 0xf2, 0x00, 0x5c, 0x2b, 0xee, 0x00,
0x65, 0x33, 0xfc, 0x00, 0x63, 0x31, 0xfa, 0x00, 0x62, 0x2d, 0xf0, 0x00, 0x63, 0x2f, 0xf5,
0x00, 0x62, 0x31, 0xf5, 0x08, 0x62, 0x30, 0xf8, 0x3e, 0x62, 0x2e, 0xf8, 0x9f, 0x66, 0x33,
0xff, 0xee, 0x66, 0x33, 0xff, 0xff, 0x66, 0x33, 0xff, 0xff, 0x66, 0x33, 0xff, 0xff, 0x66,
0x33, 0xff, 0xff, 0x66, 0x33, 0xff, 0xff, 0x66, 0x33, 0xff, 0xff, 0x66, 0x33, 0xff, 0xff,
0x66, 0x33, 0xff, 0xff, 0x66, 0x33, 0xff, 0xff, 0x66, 0x33, 0xff, 0xff, 0x66, 0x33, 0xff,
0xff, 0x66, 0x33, 0xff, 0xff, 0x66, 0x33, 0xff, 0xff, 0x66, 0x33, 0xff, 0xff, 0x66, 0x33,
0xff, 0xff, 0x66, 0x33, 0xff, 0xff, 0x66, 0x33, 0xff, 0xff, 0x66, 0x33, 0xff, 0xff, 0x66,
0x33, 0xff, 0xff, 0x66, 0x33, 0xff, 0xff, 0x66, 0x33, 0xff, 0xff, 0x66, 0x33, 0xff, 0xff,
0x66, 0x33, 0xff, 0xff, 0x66, 0x33, 0xff, 0xff, 0x66, 0x33, 0xff, 0xff, 0x66, 0x33, 0xff,
0xff, 0x66, 0x33, 0xff, 0xff, 0x66, 0x33, 0xff, 0xff, 0x66, 0x33, 0xff, 0xff, 0x66, 0x33,
0xff, 0xff, 0x66, 0x33, 0xff, 0xff, 0x66, 0x33, 0xff, 0xff, 0x67, 0x33, 0xff, 0xff, 0x66,
0x33, 0xff, 0xff, 0x66, 0x33, 0xff, 0xff, 0x65, 0x33, 0xfd, 0xee, 0x65, 0x32, 0xfc, 0xa3,
0x61, 0x30, 0xf7, 0x40, 0x65, 0x30, 0xf9, 0x0c, 0x65, 0x2f, 0xf7, 0x00, 0x5e, 0x29, 0xf1,
0x00, 0x60, 0x2b, 0xf2, 0x00, 0x65, 0x31, 0xfc, 0x00, 0x62, 0x30, 0xfb, 0x00, 0x62, 0x2e,
0xf4, 0x00, 0x57, 0x29, 0xeb, 0x00, 0x4f, 0x26, 0xe3, 0x00, 0x65, 0x31, 0xfd, 0x00, 0x5e,
0x2c, 0xf2, 0x00, 0x5a, 0x24, 0xee, 0x00, 0x59, 0x2b, 0xe2, 0x00, 0x5d, 0x29, 0xe7, 0x00,
0x63, 0x2e, 0xf9, 0x00, 0x60, 0x24, 0xe6, 0x00, 0x62, 0x2d, 0xf4, 0x00, 0x64, 0x31, 0xfd,
0x00, 0x65, 0x33, 0xfd, 0x00, 0x66, 0x32, 0xfd, 0x00, 0x67, 0x33, 0xff, 0x00, 0x5c, 0x2b,
0xee, 0x00, 0x07, 0x03, 0x87, 0x00, 0x00, 0x00, 0x7e, 0x00, 0x01, 0x01, 0x80, 0x00, 0x01,
0x01, 0x80, 0x00, 0x01, 0x01, 0x80, 0x00, 0x01, 0x01, 0x80, 0x00, 0x01, 0x01, 0x80, 0x00,
0x01, 0x01, 0x80, 0x00, 0x01, 0x01, 0x80, 0x00, 0x01, 0x01, 0x80, 0x00, 0x01, 0x01, 0x80,
0x00, 0x01, 0x01, 0x80, 0x00, 0x01, 0x01, 0x80, 0x00, 0xff, 0xff, 0xff, 0x00, 0xff, 0xff,
0xff, 0x00, 0xff, 0xff, 0xff, 0x00, 0xff, 0xff, 0xff, 0x00, 0xff, 0xff, 0xff, 0x00, 0xff,
0xff, 0xff, 0x00, 0xff, 0xff, 0xff, 0x00, 0xff, 0xff, 0xff, 0x00, 0xff, 0xff, 0xff, 0x00,
0xff, 0xff, 0xff, 0x00, 0xff, 0xff, 0xff, 0x00, 0xff, 0xff, 0xff, 0x00, 0xff, 0xff, 0xff,
0x00, 0xff, 0xff, 0xff, 0x00, 0xff, 0xff, 0xff, 0x00, 0xff, 0xff, 0xff, 0x00, 0xff, 0xff,
0xff, 0x00, 0x56, 0x01, 0xab, 0x00, 0x56, 0x01, 0xab, 0x00, 0x56, 0x01, 0xab, 0x00, 0x56,
0x01, 0xab, 0x00, 0x56, 0x01, 0xab, 0x00, 0x56, 0x01, 0xab, 0x00, 0x56, 0x01, 0xab, 0x00,
0x56, 0x01, 0xab, 0x00, 0x56, 0x01, 0xab, 0x00, 0x56, 0x01, 0xab, 0x00, 0x56, 0x01, 0xab,
0x00, 0x56, 0x01, 0xab, 0x00, 0x56, 0x00, 0xa8, 0x00, 0x57, 0x0a, 0xbc, 0x00, 0x63, 0x30,
0xfa, 0x00, 0x66, 0x33, 0xfd, 0x00, 0x65, 0x33, 0xfe, 0x00, 0x5b, 0x29, 0xeb, 0x00, 0x45,
0x1d, 0xb7, 0x00, 0x5a, 0x2e, 0xf1, 0x00, 0x5d, 0x2f, 0xf2, 0x00, 0x62, 0x2e, 0xf3, 0x00,
0x5b, 0x22, 0xe8, 0x00, 0x5f, 0x2c, 0xf5, 0x00, 0x62, 0x2a, 0xf0, 0x00, 0x61, 0x2a, 0xf2,
0x00, 0x5f, 0x2e, 0xf2, 0x00, 0x4e, 0x27, 0xc0, 0x00, 0x5d, 0x2c, 0xf2, 0x00, 0x5c, 0x2b,
0xee, 0x00, 0x65, 0x33, 0xfc, 0x00, 0x63, 0x31, 0xfa, 0x00, 0x62, 0x2e, 0xf2, 0x18, 0x65,
0x30, 0xf9, 0x64, 0x65, 0x32, 0xfd, 0xd5, 0x66, 0x33, 0xff, 0xff, 0x66, 0x34, 0xff, 0xff,
0x66, 0x33, 0xff, 0xff, 0x66, 0x33, 0xff, 0xff, 0x66, 0x33, 0xff, 0xff, 0x66, 0x33, 0xff,
0xff, 0x66, 0x33, 0xff, 0xff, 0x66, 0x33, 0xff, 0xff, 0x66, 0x33, 0xff, 0xff, 0x66, 0x33,
0xff, 0xff, 0x66, 0x33, 0xff, 0xff, 0x66, 0x33, 0xff, 0xff, 0x66, 0x33, 0xff, 0xff, 0x66,
0x33, 0xff, 0xff, 0x66, 0x33, 0xff, 0xff, 0x66, 0x33, 0xff, 0xff, 0x66, 0x33, 0xff, 0xff,
0x66, 0x33, 0xff, 0xff, 0x66, 0x33, 0xff, 0xff, 0x66, 0x33, 0xff, 0xff, 0x66, 0x33, 0xff,
0xff, 0x66, 0x33, 0xff, 0xff, 0x66, 0x33, 0xff, 0xff, 0x66, 0x33, 0xff, 0xff, 0x66, 0x33,
0xff, 0xff, 0x66, 0x33, 0xff, 0xff, 0x66, 0x33, 0xff, 0xff, 0x66, 0x33, 0xff, 0xff, 0x66,
0x33, 0xff, 0xff, 0x66, 0x33, 0xff, 0xff, 0x66, 0x33, 0xff, 0xff, 0x66, 0x33, 0xff, 0xff,
0x66, 0x33, 0xff, 0xff, 0x66, 0x33, 0xff, 0xff, 0x66, 0x33, 0xff, 0xff, 0x66, 0x33, 0xff,
0xff, 0x66, 0x33, 0xff, 0xff, 0x66, 0x33, 0xff, 0xff, 0x66, 0x33, 0xff, 0xff, 0x66, 0x33,
0xff, 0xff, 0x66, 0x33, 0xff, 0xff, 0x66, 0x32, 0xfe, 0xdb, 0x66, 0x31, 0xfb, 0x6e, 0x5e,
0x2a, 0xf2, 0x1f, 0x60, 0x2b, 0xf2, 0x00, 0x65, 0x31, 0xfc, 0x00, 0x62, 0x30, 0xfb, 0x00,
0x62, 0x2e, 0xf4, 0x00, 0x57, 0x29, 0xeb, 0x00, 0x4f, 0x26, 0xe3, 0x00, 0x65, 0x31, 0xfd,
0x00, 0x5e, 0x2c, 0xf2, 0x00, 0x5a, 0x24, 0xee, 0x00, 0x59, 0x2b, 0xe2, 0x00, 0x5d, 0x29,
0xe7, 0x00, 0x63, 0x2e, 0xf9, 0x00, 0x60, 0x24, 0xe6, 0x00, 0x62, 0x2d, 0xf4, 0x00, 0x64,
0x31, 0xfd, 0x00, 0x65, 0x33, 0xfd, 0x00, 0x66, 0x32, 0xfd, 0x00, 0x67, 0x33, 0xff, 0x00,
0x5c, 0x2b, 0xee, 0x00, 0x07, 0x03, 0x87, 0x00, 0x00, 0x00, 0x7e, 0x00, 0x01, 0x01, 0x80,
0x00, 0x01, 0x01, 0x80, 0x00, 0x01, 0x01, 0x80, 0x00, 0x01, 0x01, 0x80, 0x00, 0x01, 0x01,
0x80, 0x00, 0x01, 0x01, 0x80, 0x00, 0x01, 0x01, 0x80, 0x00, 0x01, 0x01, 0x80, 0x00, 0x01,
0x01, 0x80, 0x00, 0x01, 0x01, 0x80, 0x00, 0x01, 0x01, 0x80, 0x00, 0xff, 0xff, 0xff, 0x00,
0xff, 0xff, 0xff, 0x00, 0xff, 0xff, 0xff, 0x00, 0xff, 0xff, 0xff, 0x00, 0xff, 0xff, 0xff,
0x00, 0xff, 0xff, 0xff, 0x00, 0xff, 0xff, 0xff, 0x00, 0xff, 0xff, 0xff, 0x00, 0xff, 0xff,
0xff, 0x00, 0xff, 0xff, 0xff, 0x00, 0xff, 0xff, 0xff, 0x00, 0xff, 0xff, 0xff, 0x00, 0xff,
0xff, 0xff, 0x00, 0xff, 0xff, 0xff, 0x00, 0xff, 0xff, 0xff, 0x00, 0xff, 0xff, 0xff, 0x00,
0xff, 0xff, 0xff, 0x00, 0x56, 0x01, 0xab, 0x00, 0x56, 0x01, 0xab, 0x00, 0x56, 0x01, 0xab,
0x00, 0x56, 0x01, 0xab, 0x00, 0x56, 0x01, 0xab, 0x00, 0x56, 0x01, 0xab, 0x00, 0x56, 0x01,
0xab, 0x00, 0x56, 0x01, 0xab, 0x00, 0x56, 0x01, 0xab, 0x00, 0x56, 0x01, 0xab, 0x00, 0x56,
0x01, 0xab, 0x00, 0x56, 0x01, 0xab, 0x00, 0x56, 0x00, 0xa8, 0x00, 0x57, 0x0a, 0xbc, 0x00,
0x63, 0x30, 0xfa, 0x00, 0x66, 0x33, 0xfd, 0x00, 0x65, 0x33, 0xfe, 0x00, 0x5b, 0x29, 0xeb,
0x00, 0x45, 0x1d, 0xb7, 0x00, 0x5a, 0x2e, 0xf1, 0x00, 0x5d, 0x2f, 0xf2, 0x00, 0x62, 0x2e,
0xf3, 0x00, 0x5b, 0x22, 0xe8, 0x00, 0x5f, 0x2c, 0xf5, 0x00, 0x62, 0x2a, 0xf0, 0x00, 0x61,
0x2a, 0xf2, 0x00, 0x5f, 0x2e, 0xf2, 0x00, 0x4e, 0x27, 0xc0, 0x00, 0x5d, 0x2c, 0xf2, 0x00,
0x5c, 0x2b, 0xed, 0x00, 0x65, 0x33, 0xfd, 0x1b, 0x65, 0x32, 0xfc, 0x79, 0x66, 0x33, 0xfe,
0xea, 0x66, 0x33, 0xff, 0xff, 0x66, 0x33, 0xff, 0xff, 0x66, 0x33, 0xff, 0xff, 0x66, 0x33,
0xff, 0xff, 0x66, 0x33, 0xff, 0xff, 0x66, 0x33, 0xff, 0xff, 0x66, 0x33, 0xff, 0xff, 0x66,
0x33, 0xff, 0xff, 0x66, 0x33, 0xff, 0xff, 0x66, 0x33, 0xff, 0xff, 0x66, 0x33, 0xff, 0xff,
0x66, 0x33, 0xff, 0xff, 0x66, 0x33, 0xff, 0xff, 0x66, 0x33, 0xff, 0xff, 0x66, 0x33, 0xff,
0xff, 0x66, 0x33, 0xff, 0xff, 0x66, 0x33, 0xff, 0xff, 0x66, 0x33, 0xff, 0xff, 0x66, 0x33,
0xff, 0xff, 0x66, 0x33, 0xff, 0xff, 0x66, 0x33, 0xff, 0xff, 0x66, 0x33, 0xff, 0xff, 0x66,
0x33, 0xff, 0xff, 0x66, 0x33, 0xff, 0xff, 0x66, 0x33, 0xff, 0xff, 0x66, 0x33, 0xff, 0xff,
0x66, 0x33, 0xff, 0xff, 0x66, 0x33, 0xff, 0xff, 0x66, 0x33, 0xff, 0xff, 0x66, 0x33, 0xff,
0xff, 0x66, 0x33, 0xff, 0xff, 0x66, 0x33, 0xff, 0xff, 0x66, 0x33, 0xff, 0xff, 0x66, 0x33,
0xff, 0xff, 0x66, 0x33, 0xff, 0xff, 0x66, 0x33, 0xff, 0xff, 0x66, 0x33, 0xff, 0xff, 0x66,
0x33, 0xff, 0xff, 0x66, 0x33, 0xff, 0xff, 0x66, 0x33, 0xff, 0xff, 0x66, 0x33, 0xff, 0xff,
0x66, 0x33, 0xff, 0xff, 0x66, 0x33, 0xff, 0xff, 0x66, 0x33, 0xff, 0xff, 0x66, 0x33, 0xff,
0xff, 0x65, 0x32, 0xfe, 0xf2, 0x65, 0x32, 0xfc, 0x90, 0x64, 0x31, 0xfc, 0x25, 0x62, 0x30,
0xfb, 0x00, 0x62, 0x2e, 0xf4, 0x00, 0x57, 0x29, 0xeb, 0x00, 0x4f, 0x26, 0xe3, 0x00, 0x65,
0x31, 0xfd, 0x00, 0x5e, 0x2c, 0xf2, 0x00, 0x5a, 0x24, 0xee, 0x00, 0x59, 0x2b, 0xe2, 0x00,
0x5d, 0x29, 0xe7, 0x00, 0x63, 0x2e, 0xf9, 0x00, 0x60, 0x24, 0xe6, 0x00, 0x62, 0x2d, 0xf4,
0x00, 0x64, 0x31, 0xfd, 0x00, 0x65, 0x33, 0xfd, 0x00, 0x66, 0x32, 0xfd, 0x00, 0x67, 0x33,
0xff, 0x00, 0x5c, 0x2b, 0xee, 0x00, 0x07, 0x03, 0x87, 0x00, 0x00, 0x00, 0x7e, 0x00, 0x01,
0x01, 0x80, 0x00, 0x01, 0x01, 0x80, 0x00, 0x01, 0x01, 0x80, 0x00, 0x01, 0x01, 0x80, 0x00,
0x01, 0x01, 0x80, 0x00, 0x01, 0x01, 0x80, 0x00, 0x01, 0x01, 0x80, 0x00, 0x01, 0x01, 0x80,
0x00, 0x01, 0x01, 0x80, 0x00, 0x01, 0x01, 0x80, 0x00, 0x01, 0x01, 0x80, 0x00, 0xff, 0xff,
0xff, 0x00, 0xff, 0xff, 0xff, 0x00, 0xff, 0xff, 0xff, 0x00, 0xff, 0xff, 0xff, 0x00, 0xff,
0xff, 0xff, 0x00, 0xff, 0xff, 0xff, 0x00, 0xff, 0xff, 0xff, 0x00, 0xff, 0xff, 0xff, 0x00,
0xff, 0xff, 0xff, 0x00, 0xff, 0xff, 0xff, 0x00, 0xff, 0xff, 0xff, 0x00, 0xff, 0xff, 0xff,
0x00, 0xff, 0xff, 0xff, 0x00, 0xff, 0xff, 0xff, 0x00, 0xff, 0xff, 0xff, 0x00, 0xff, 0xff,
0xff, 0x00, 0xff, 0xff, 0xff, 0x00, 0x56, 0x01, 0xab, 0x00, 0x56, 0x01, 0xab, 0x00, 0x56,
0x01, 0xab, 0x00, 0x56, 0x01, 0xab, 0x00, 0x56, 0x01, 0xab, 0x00, 0x56, 0x01, 0xab, 0x00,
0x56, 0x01, 0xab, 0x00, 0x56, 0x01, 0xab, 0x00, 0x56, 0x01, 0xab, 0x00, 0x56, 0x01, 0xab,
0x00, 0x56, 0x01, 0xab, 0x00, 0x56, 0x01, 0xab, 0x00, 0x56, 0x00, 0xa8, 0x00, 0x57, 0x0a,
0xbc, 0x00, 0x63, 0x30, 0xfa, 0x00, 0x66, 0x33, 0xfd, 0x00, 0x65, 0x33, 0xfe, 0x00, 0x5b,
0x29, 0xeb, 0x00, 0x45, 0x1d, 0xb7, 0x00, 0x5a, 0x2e, 0xf1, 0x00, 0x5d, 0x2f, 0xf2, 0x00,
0x62, 0x2e, 0xf3, 0x00, 0x5b, 0x22, 0xe8, 0x00, 0x5f, 0x2c, 0xf5, 0x00, 0x62, 0x2a, 0xf0,
0x00, 0x61, 0x2a, 0xf2, 0x00, 0x5f, 0x2e, 0xf2, 0x00, 0x4c, 0x26, 0xbd, 0x00, 0x5f, 0x2d,
0xf4, 0x13, 0x5f, 0x2e, 0xf3, 0x75, 0x67, 0x33, 0xff, 0xed, 0x66, 0x33, 0xff, 0xff, 0x66,
0x33, 0xff, 0xff, 0x66, 0x33, 0xff, 0xff, 0x66, 0x33, 0xff, 0xff, 0x66, 0x33, 0xff, 0xff,
0x66, 0x33, 0xff, 0xff, 0x66, 0x33, 0xff, 0xff, 0x66, 0x33, 0xff, 0xff, 0x66, 0x33, 0xff,
0xff, 0x66, 0x33, 0xff, 0xff, 0x66, 0x33, 0xff, 0xff, 0x66, 0x33, 0xff, 0xff, 0x66, 0x33,
0xff, 0xff, 0x66, 0x33, 0xff, 0xff, 0x66, 0x33, 0xff, 0xff, 0x66, 0x33, 0xff, 0xff, 0x66,
0x33, 0xff, 0xff, 0x66, 0x33, 0xff, 0xff, 0x66, 0x33, 0xff, 0xff, 0x66, 0x33, 0xff, 0xff,
0x66, 0x33, 0xff, 0xff, 0x66, 0x33, 0xff, 0xff, 0x66, 0x33, 0xff, 0xff, 0x66, 0x33, 0xff,
0xff, 0x66, 0x33, 0xff, 0xff, 0x66, 0x33, 0xff, 0xff, 0x66, 0x33, 0xff, 0xff, 0x66, 0x33,
0xff, 0xff, 0x66, 0x33, 0xff, 0xff, 0x66, 0x33, 0xff, 0xff, 0x66, 0x33, 0xff, 0xff, 0x66,
0x33, 0xff, 0xff, 0x66, 0x33, 0xff, 0xff, 0x66, 0x33, 0xff, 0xff, 0x66, 0x33, 0xff, 0xff,
0x66, 0x33, 0xff, 0xff, 0x66, 0x33, 0xff, 0xff, 0x66, 0x33, 0xff, 0xff, 0x66, 0x33, 0xff,
0xff, 0x66, 0x33, 0xff, 0xff, 0x66, 0x33, 0xff, 0xff, 0x66, 0x33, 0xff, 0xff, 0x66, 0x33,
0xff, 0xff, 0x66, 0x33, 0xff, 0xff, 0x66, 0x33, 0xff, 0xff, 0x66, 0x33, 0xff, 0xff, 0x66,
0x33, 0xff, 0xff, 0x66, 0x33, 0xff, 0xff, 0x66, 0x33, 0xff, 0xff, 0x66, 0x33, 0xff, 0xf5,
0x65, 0x32, 0xfd, 0x90, 0x62, 0x2f, 0xf6, 0x20, 0x57, 0x29, 0xeb, 0x00, 0x4e, 0x26, 0xe2,
0x00, 0x65, 0x31, 0xfd, 0x00, 0x5e, 0x2c, 0xf2, 0x00, 0x5a, 0x24, 0xee, 0x00, 0x59, 0x2b,
0xe2, 0x00, 0x5d, 0x29, 0xe7, 0x00, 0x63, 0x2e, 0xf9, 0x00, 0x60, 0x24, 0xe6, 0x00, 0x62,
0x2d, 0xf4, 0x00, 0x64, 0x31, 0xfd, 0x00, 0x65, 0x33, 0xfd, 0x00, 0x66, 0x32, 0xfd, 0x00,
0x67, 0x33, 0xff, 0x00, 0x5c, 0x2b, 0xee, 0x00, 0x07, 0x03, 0x87, 0x00, 0x00, 0x00, 0x7e,
0x00, 0x01, 0x01, 0x80, 0x00, 0x01, 0x01, 0x80, 0x00, 0x01, 0x01, 0x80, 0x00, 0x01, 0x01,
0x80, 0x00, 0x01, 0x01, 0x80, 0x00, 0x01, 0x01, 0x80, 0x00, 0x01, 0x01, 0x80, 0x00, 0x01,
0x01, 0x80, 0x00, 0x01, 0x01, 0x80, 0x00, 0x01, 0x01, 0x80, 0x00, 0x01, 0x01, 0x80, 0x00,
0xff, 0xff, 0xff, 0x00, 0xff, 0xff, 0xff, 0x00, 0xff, 0xff, 0xff, 0x00, 0xff, 0xff, 0xff,
0x00, 0xff, 0xff, 0xff, 0x00, 0xff, 0xff, 0xff, 0x00, 0xff, 0xff, 0xff, 0x00, 0xff, 0xff,
0xff, 0x00, 0xff, 0xff, 0xff, 0x00, 0xff, 0xff, 0xff, 0x00, 0xff, 0xff, 0xff, 0x00, 0xff,
0xff, 0xff, 0x00, 0xff, 0xff, 0xff, 0x00, 0xff, 0xff, 0xff, 0x00, 0xff, 0xff, 0xff, 0x00,
0xff, 0xff, 0xff, 0x00, 0xff, 0xff, 0xff, 0x00, 0x56, 0x01, 0xab, 0x00, 0x56, 0x01, 0xab,
0x00, 0x56, 0x01, 0xab, 0x00, 0x56, 0x01, 0xab, 0x00, 0x56, 0x01, 0xab, 0x00, 0x56, 0x01,
0xab, 0x00, 0x56, 0x01, 0xab, 0x00, 0x56, 0x01, 0xab, 0x00, 0x56, 0x01, 0xab, 0x00, 0x56,
0x01, 0xab, 0x00, 0x56, 0x01, 0xab, 0x00, 0x56, 0x01, 0xab, 0x00, 0x56, 0x00, 0xa8, 0x00,
0x57, 0x0a, 0xbc, 0x00, 0x63, 0x30, 0xfa, 0x00, 0x66, 0x33, 0xfd, 0x00, 0x65, 0x33, 0xfe,
0x00, 0x5b, 0x29, 0xeb, 0x00, 0x45, 0x1d, 0xb7, 0x00, 0x5a, 0x2e, 0xf1, 0x00, 0x5d, 0x2f,
0xf2, 0x00, 0x62, 0x2e, 0xf3, 0x00, 0x5b, 0x22, 0xe8, 0x00, 0x5f, 0x2c, 0xf5, 0x00, 0x62,
0x2a, 0xf0, 0x00, 0x61, 0x2a, 0xf1, 0x00, 0x60, 0x2e, 0xf3, 0x01, 0x53, 0x2a, 0xcf, 0x57,
0x67, 0x33, 0xff, 0xe1, 0x66, 0x33, 0xff, 0xff, 0x66, 0x33, 0xff, 0xff, 0x66, 0x33, 0xff,
0xff, 0x66, 0x33, 0xff, 0xff, 0x66, 0x33, 0xff, 0xff, 0x66, 0x33, 0xff, 0xff, 0x66, 0x33,
0xff, 0xff, 0x66, 0x33, 0xff, 0xff, 0x66, 0x33, 0xff, 0xff, 0x66, 0x33, 0xff, 0xff, 0x66,
0x33, 0xff, 0xff, 0x66, 0x33, 0xff, 0xff, 0x66, 0x33, 0xff, 0xff, 0x66, 0x33, 0xff, 0xff,
0x66, 0x33, 0xff, 0xff, 0x66, 0x33, 0xff, 0xff, 0x66, 0x33, 0xff, 0xff, 0x66, 0x33, 0xff,
0xff, 0x66, 0x33, 0xff, 0xff, 0x66, 0x33, 0xff, 0xff, 0x66, 0x33, 0xff, 0xff, 0x66, 0x33,
0xff, 0xff, 0x66, 0x33, 0xff, 0xff, 0x66, 0x33, 0xff, 0xff, 0x66, 0x33, 0xff, 0xff, 0x66,
0x33, 0xff, 0xff, 0x66, 0x33, 0xff, 0xff, 0x66, 0x33, 0xff, 0xff, 0x66, 0x33, 0xff, 0xff,
0x66, 0x33, 0xff, 0xff, 0x66, 0x33, 0xff, 0xff, 0x66, 0x33, 0xff, 0xff, 0x66, 0x33, 0xff,
0xff, 0x66, 0x33, 0xff, 0xff, 0x66, 0x33, 0xff, 0xff, 0x66, 0x33, 0xff, 0xff, 0x66, 0x33,
0xff, 0xff, 0x66, 0x33, 0xff, 0xff, 0x66, 0x33, 0xff, 0xff, 0x66, 0x33, 0xff, 0xff, 0x66,
0x33, 0xff, 0xff, 0x66, 0x33, 0xff, 0xff, 0x66, 0x33, 0xff, 0xff, 0x66, 0x33, 0xff, 0xff,
0x66, 0x33, 0xff, 0xff, 0x66, 0x33, 0xff, 0xff, 0x66, 0x33, 0xff, 0xff, 0x66, 0x33, 0xff,
0xff, 0x66, 0x33, 0xff, 0xff, 0x66, 0x33, 0xff, 0xff, 0x66, 0x33, 0xff, 0xff, 0x66, 0x33,
0xff, 0xff, 0x66, 0x33, 0xff, 0xff, 0x67, 0x34, 0xff, 0xf0, 0x5c, 0x2d, 0xf2, 0x76, 0x52,
0x27, 0xe6, 0x0e, 0x64, 0x30, 0xfc, 0x00, 0x5e, 0x2c, 0xf2, 0x00, 0x5a, 0x24, 0xee, 0x00,
0x59, 0x2b, 0xe2, 0x00, 0x5d, 0x29, 0xe7, 0x00, 0x63, 0x2e, 0xf9, 0x00, 0x60, 0x24, 0xe6,
0x00, 0x62, 0x2d, 0xf4, 0x00, 0x64, 0x31, 0xfd, 0x00, 0x65, 0x33, 0xfd, 0x00, 0x66, 0x32,
0xfd, 0x00, 0x67, 0x33, 0xff, 0x00, 0x5c, 0x2b, 0xee, 0x00, 0x07, 0x03, 0x87, 0x00, 0x00,
0x00, 0x7e, 0x00, 0x01, 0x01, 0x80, 0x00, 0x01, 0x01, 0x80, 0x00, 0x01, 0x01, 0x80, 0x00,
0x01, 0x01, 0x80, 0x00, 0x01, 0x01, 0x80, 0x00, 0x01, 0x01, 0x80, 0x00, 0x01, 0x01, 0x80,
0x00, 0x01, 0x01, 0x80, 0x00, 0x01, 0x01, 0x80, 0x00, 0x01, 0x01, 0x80, 0x00, 0x01, 0x01,
0x80, 0x00, 0xff, 0xff, 0xff, 0x00, 0xff, 0xff, 0xff, 0x00, 0xff, 0xff, 0xff, 0x00, 0xff,
0xff, 0xff, 0x00, 0xff, 0xff, 0xff, 0x00, 0xff, 0xff, 0xff, 0x00, 0xff, 0xff, 0xff, 0x00,
0xff, 0xff, 0xff, 0x00, 0xff, 0xff, 0xff, 0x00, 0xff, 0xff, 0xff, 0x00, 0xff, 0xff, 0xff,
0x00, 0xff, 0xff, 0xff, 0x00, 0xff, 0xff, 0xff, 0x00, 0xff, 0xff, 0xff, 0x00, 0xff, 0xff,
0xff, 0x00, 0xff, 0xff, 0xff, 0x00, 0xff, 0xff, 0xff, 0x00, 0x56, 0x01, 0xab, 0x00, 0x56,
0x01, 0xab, 0x00, 0x56, 0x01, 0xab, 0x00, 0x56, 0x01, 0xab, 0x00, 0x56, 0x01, 0xab, 0x00,
0x56, 0x01, 0xab, 0x00, 0x56, 0x01, 0xab, 0x00, 0x56, 0x01, 0xab, 0x00, 0x56, 0x01, 0xab,
0x00, 0x56, 0x01, 0xab, 0x00, 0x56, 0x01, 0xab, 0x00, 0x56, 0x01, 0xab, 0x00, 0x56, 0x00,
0xa8, 0x00, 0x57, 0x0a, 0xbc, 0x00, 0x63, 0x30, 0xfa, 0x00, 0x66, 0x33, 0xfd, 0x00, 0x65,
0x33, 0xfe, 0x00, 0x5b, 0x29, 0xeb, 0x00, 0x45, 0x1d, 0xb7, 0x00, 0x5a, 0x2e, 0xf1, 0x00,
0x5d, 0x2f, 0xf2, 0x00, 0x62, 0x2e, 0xf3, 0x00, 0x5b, 0x22, 0xe8, 0x00, 0x5f, 0x2c, 0xf5,
0x00, 0x62, 0x2a, 0xef, 0x00, 0x62, 0x2c, 0xf3, 0x2d, 0x64, 0x31, 0xfc, 0xb9, 0x67, 0x34,
0xff, 0xff, 0x66, 0x33, 0xff, 0xff, 0x66, 0x33, 0xff, 0xff, 0x66, 0x33, 0xff, 0xff, 0x66,
0x33, 0xff, 0xff, 0x66, 0x33, 0xff, 0xff, 0x66, 0x33, 0xff, 0xff, 0x66, 0x33, 0xff, 0xff,
0x66, 0x33, 0xff, 0xff, 0x66, 0x33, 0xff, 0xff, 0x66, 0x33, 0xff, 0xff, 0x66, 0x33, 0xff,
0xff, 0x66, 0x33, 0xff, 0xff, 0x66, 0x33, 0xff, 0xff, 0x66, 0x33, 0xff, 0xff, 0x66, 0x33,
0xff, 0xff, 0x66, 0x33, 0xff, 0xff, 0x66, 0x33, 0xff, 0xff, 0x66, 0x33, 0xff, 0xff, 0x66,
0x33, 0xff, 0xff, 0x66, 0x33, 0xff, 0xff, 0x66, 0x33, 0xff, 0xff, 0x66, 0x33, 0xff, 0xff,
0x66, 0x33, 0xff, 0xff, 0x66, 0x33, 0xff, 0xff, 0x66, 0x33, 0xff, 0xff, 0x66, 0x33, 0xff,
0xff, 0x66, 0x33, 0xff, 0xff, 0x66, 0x33, 0xff, 0xff, 0x66, 0x33, 0xff, 0xff, 0x66, 0x33,
0xff, 0xff, 0x66, 0x33, 0xff, 0xff, 0x66, 0x33, 0xff, 0xff, 0x66, 0x33, 0xff, 0xff, 0x66,
0x33, 0xff, 0xff, 0x66, 0x33, 0xff, 0xff, 0x66, 0x33, 0xff, 0xff, 0x66, 0x33, 0xff, 0xff,
0x66, 0x33, 0xff, 0xff, 0x66, 0x33, 0xff, 0xff, 0x66, 0x33, 0xff, 0xff, 0x66, 0x33, 0xff,
0xff, 0x66, 0x33, 0xff, 0xff, 0x66, 0x33, 0xff, 0xff, 0x66, 0x33, 0xff, 0xff, 0x66, 0x33,
0xff, 0xff, 0x66, 0x33, 0xff, 0xff, 0x66, 0x33, 0xff, 0xff, 0x66, 0x33, 0xff, 0xff, 0x66,
0x33, 0xff, 0xff, 0x66, 0x33, 0xff, 0xff, 0x66, 0x33, 0xff, 0xff, 0x66, 0x33, 0xff, 0xff,
0x66, 0x33, 0xff, 0xff, 0x66, 0x33, 0xff, 0xff, 0x66, 0x33, 0xff, 0xff, 0x66, 0x33, 0xff,
0xff, 0x65, 0x32, 0xfe, 0xd6, 0x64, 0x31, 0xfc, 0x40, 0x5e, 0x2b, 0xf2, 0x00, 0x5a, 0x24,
0xee, 0x00, 0x59, 0x2b, 0xe2, 0x00, 0x5d, 0x29, 0xe7, 0x00, 0x63, 0x2e, 0xf9, 0x00, 0x60,
0x24, 0xe6, 0x00, 0x62, 0x2d, 0xf4, 0x00, 0x64, 0x31, 0xfd, 0x00, 0x65, 0x33, 0xfd, 0x00,
0x66, 0x32, 0xfd, 0x00, 0x67, 0x33, 0xff, 0x00, 0x5c, 0x2b, 0xee, 0x00, 0x07, 0x03, 0x87,
0x00, 0x00, 0x00, 0x7e, 0x00, 0x01, 0x01, 0x80, 0x00, 0x01, 0x01, 0x80, 0x00, 0x01, 0x01,
0x80, 0x00, 0x01, 0x01, 0x80, 0x00, 0x01, 0x01, 0x80, 0x00, 0x01, 0x01, 0x80, 0x00, 0x01,
0x01, 0x80, 0x00, 0x01, 0x01, 0x80, 0x00, 0x01, 0x01, 0x80, 0x00, 0x01, 0x01, 0x80, 0x00,
0x01, 0x01, 0x80, 0x00, 0xff, 0xff, 0xff, 0x00, 0xff, 0xff, 0xff, 0x00, 0xff, 0xff, 0xff,
0x00, 0xff, 0xff, 0xff, 0x00, 0xff, 0xff, 0xff, 0x00, 0xff, 0xff, 0xff, 0x00, 0xff, 0xff,
0xff, 0x00, 0xff, 0xff, 0xff, 0x00, 0xff, 0xff, 0xff, 0x00, 0xff, 0xff, 0xff, 0x00, 0xff,
0xff, 0xff, 0x00, 0xff, 0xff, 0xff, 0x00, 0xff, 0xff, 0xff, 0x00, 0xff, 0xff, 0xff, 0x00,
0xff, 0xff, 0xff, 0x00, 0xff, 0xff, 0xff, 0x00, 0xff, 0xff, 0xff, 0x00, 0x56, 0x01, 0xab,
0x00, 0x56, 0x01, 0xab, 0x00, 0x56, 0x01, 0xab, 0x00, 0x56, 0x01, 0xab, 0x00, 0x56, 0x01,
0xab, 0x00, 0x56, 0x01, 0xab, 0x00, 0x56, 0x01, 0xab, 0x00, 0x56, 0x01, 0xab, 0x00, 0x56,
0x01, 0xab, 0x00, 0x56, 0x01, 0xab, 0x00, 0x56, 0x01, 0xab, 0x00, 0x56, 0x01, 0xab, 0x00,
0x56, 0x00, 0xa8, 0x00, 0x57, 0x0a, 0xbc, 0x00, 0x63, 0x30, 0xfa, 0x00, 0x66, 0x33, 0xfd,
0x00, 0x65, 0x33, 0xfe, 0x00, 0x5b, 0x29, 0xeb, 0x00, 0x45, 0x1d, 0xb7, 0x00, 0x5a, 0x2e,
0xf1, 0x00, 0x5d, 0x2f, 0xf2, 0x00, 0x62, 0x2e, 0xf3, 0x00, 0x5b, 0x22, 0xe7, 0x00, 0x5f,
0x2c, 0xf5, 0x03, 0x63, 0x2e, 0xf7, 0x6e, 0x66, 0x33, 0xff, 0xf6, 0x66, 0x33, 0xff, 0xff,
0x66, 0x33, 0xff, 0xff, 0x66, 0x33, 0xff, 0xff, 0x66, 0x33, 0xff, 0xff, 0x66, 0x33, 0xff,
0xff, 0x66, 0x33, 0xff, 0xff, 0x66, 0x33, 0xff, 0xff, 0x66, 0x33, 0xff, 0xff, 0x66, 0x33,
0xff, 0xff, 0x66, 0x33, 0xff, 0xff, 0x66, 0x33, 0xff, 0xff, 0x66, 0x33, 0xff, 0xff, 0x66,
0x33, 0xff, 0xff, 0x66, 0x33, 0xff, 0xff, 0x66, 0x33, 0xff, 0xff, 0x66, 0x33, 0xff, 0xff,
0x66, 0x33, 0xff, 0xff, 0x66, 0x33, 0xff, 0xff, 0x66, 0x33, 0xff, 0xff, 0x66, 0x33, 0xff,
0xff, 0x66, 0x33, 0xff, 0xff, 0x66, 0x33, 0xff, 0xff, 0x66, 0x33, 0xff, 0xff, 0x66, 0x33,
0xff, 0xff, 0x66, 0x33, 0xff, 0xff, 0x66, 0x33, 0xff, 0xff, 0x66, 0x33, 0xff, 0xff, 0x66,
0x33, 0xff, 0xff, 0x66, 0x33, 0xff, 0xff, 0x66, 0x33, 0xff, 0xff, 0x66, 0x33, 0xff, 0xff,
0x66, 0x33, 0xff, 0xff, 0x66, 0x33, 0xff, 0xff, 0x66, 0x33, 0xff, 0xff, 0x66, 0x33, 0xff,
0xff, 0x66, 0x33, 0xff, 0xff, 0x66, 0x33, 0xff, 0xff, 0x66, 0x33, 0xff, 0xff, 0x66, 0x33,
0xff, 0xff, 0x66, 0x33, 0xff, 0xff, 0x66, 0x33, 0xff, 0xff, 0x66, 0x33, 0xff, 0xff, 0x66,
0x33, 0xff, 0xff, 0x66, 0x33, 0xff, 0xff, 0x66, 0x33, 0xff, 0xff, 0x66, 0x33, 0xff, 0xff,
0x66, 0x33, 0xff, 0xff, 0x66, 0x33, 0xff, 0xff, 0x66, 0x33, 0xff, 0xff, 0x66, 0x33, 0xff,
0xff, 0x66, 0x33, 0xff, 0xff, 0x66, 0x33, 0xff, 0xff, 0x66, 0x33, 0xff, 0xff, 0x66, 0x33,
0xff, 0xff, 0x66, 0x33, 0xff, 0xff, 0x66, 0x33, 0xff, 0xff, 0x66, 0x33, 0xff, 0xff, 0x66,
0x33, 0xff, 0xff, 0x66, 0x33, 0xff, 0xff, 0x67, 0x34, 0xff, 0xff, 0x61, 0x2e, 0xf7, 0x8c,
0x5b, 0x25, 0xf0, 0x0c, 0x59, 0x2b, 0xe1, 0x00, 0x5d, 0x29, 0xe7, 0x00, 0x63, 0x2e, 0xf9,
0x00, 0x60, 0x24, 0xe6, 0x00, 0x62, 0x2d, 0xf4, 0x00, 0x64, 0x31, 0xfd, 0x00, 0x65, 0x33,
0xfd, 0x00, 0x66, 0x32, 0xfd, 0x00, 0x67, 0x33, 0xff, 0x00, 0x5c, 0x2b, 0xee, 0x00, 0x07,
0x03, 0x87, 0x00, 0x00, 0x00, 0x7e, 0x00, 0x01, 0x01, 0x80, 0x00, 0x01, 0x01, 0x80, 0x00,
0x01, 0x01, 0x80, 0x00, 0x01, 0x01, 0x80, 0x00, 0x01, 0x01, 0x80, 0x00, 0x01, 0x01, 0x80,
0x00, 0x01, 0x01, 0x80, 0x00, 0x01, 0x01, 0x80, 0x00, 0x01, 0x01, 0x80, 0x00, 0x01, 0x01,
0x80, 0x00, 0x01, 0x01, 0x80, 0x00, 0xff, 0xff, 0xff, 0x00, 0xff, 0xff, 0xff, 0x00, 0xff,
0xff, 0xff, 0x00, 0xff, 0xff, 0xff, 0x00, 0xff, 0xff, 0xff, 0x00, 0xff, 0xff, 0xff, 0x00,
0xff, 0xff, 0xff, 0x00, 0xff, 0xff, 0xff, 0x00, 0xff, 0xff, 0xff, 0x00, 0xff, 0xff, 0xff,
0x00, 0xff, 0xff, 0xff, 0x00, 0xff, 0xff, 0xff, 0x00, 0xff, 0xff, 0xff, 0x00, 0xff, 0xff,
0xff, 0x00, 0xff, 0xff, 0xff, 0x00, 0xff, 0xff, 0xff, 0x00, 0xff, 0xff, 0xff, 0x00, 0x56,
0x01, 0xab, 0x00, 0x56, 0x01, 0xab, 0x00, 0x56, 0x01, 0xab, 0x00, 0x56, 0x01, 0xab, 0x00,
0x56, 0x01, 0xab, 0x00, 0x56, 0x01, 0xab, 0x00, 0x56, 0x01, 0xab, 0x00, 0x56, 0x01, 0xab,
0x00, 0x56, 0x01, 0xab, 0x00, 0x56, 0x01, 0xab, 0x00, 0x56, 0x01, 0xab, 0x00, 0x56, 0x01,
0xab, 0x00, 0x56, 0x00, 0xa8, 0x00, 0x57, 0x0a, 0xbc, 0x00, 0x63, 0x30, 0xfa, 0x00, 0x66,
0x33, 0xfd, 0x00, 0x65, 0x33, 0xfe, 0x00, 0x5b, 0x29, 0xeb, 0x00, 0x45, 0x1d, 0xb7, 0x00,
0x5a, 0x2e, 0xf1, 0x00, 0x5d, 0x2f, 0xf2, 0x00, 0x62, 0x2e, 0xf2, 0x00, 0x5c, 0x24, 0xea,
0x21, 0x64, 0x31, 0xfd, 0xb8, 0x66, 0x33, 0xff, 0xff, 0x66, 0x33, 0xff, 0xff, 0x66, 0x33,
0xff, 0xff, 0x66, 0x33, 0xff, 0xff, 0x66, 0x33, 0xff, 0xff, 0x66, 0x33, 0xff, 0xff, 0x66,
0x33, 0xff, 0xff, 0x66, 0x33, 0xff, 0xff, 0x66, 0x33, 0xff, 0xff, 0x66, 0x33, 0xff, 0xff,
0x66, 0x33, 0xff, 0xff, 0x66, 0x33, 0xff, 0xff, 0x66, 0x33, 0xff, 0xff, 0x66, 0x33, 0xff,
0xff, 0x66, 0x33, 0xff, 0xff, 0x66, 0x33, 0xff, 0xff, 0x66, 0x33, 0xff, 0xff, 0x66, 0x33,
0xff, 0xff, 0x66, 0x33, 0xff, 0xff, 0x66, 0x33, 0xff, 0xff, 0x66, 0x33, 0xff, 0xff, 0x66,
0x33, 0xff, 0xff, 0x66, 0x33, 0xff, 0xff, 0x66, 0x33, 0xff, 0xff, 0x66, 0x33, 0xff, 0xff,
0x66, 0x33, 0xff, 0xff, 0x66, 0x33, 0xff, 0xff, 0x66, 0x33, 0xff, 0xff, 0x66, 0x33, 0xff,
0xff, 0x66, 0x33, 0xff, 0xff, 0x66, 0x33, 0xff, 0xff, 0x66, 0x33, 0xff, 0xff, 0x66, 0x33,
0xff, 0xff, 0x66, 0x33, 0xff, 0xff, 0x66, 0x33, 0xff, 0xff, 0x66, 0x33, 0xff, 0xff, 0x66,
0x33, 0xff, 0xff, 0x66, 0x33, 0xff, 0xff, 0x66, 0x33, 0xff, 0xff, 0x66, 0x33, 0xff, 0xff,
0x66, 0x33, 0xff, 0xff, 0x66, 0x33, 0xff, 0xff, 0x66, 0x33, 0xff, 0xff, 0x66, 0x33, 0xff,
0xff, 0x66, 0x33, 0xff, 0xff, 0x66, 0x33, 0xff, 0xff, 0x66, 0x33, 0xff, 0xff, 0x66, 0x33,
0xff, 0xff, 0x66, 0x33, 0xff, 0xff, 0x66, 0x33, 0xff, 0xff, 0x66, 0x33, 0xff, 0xff, 0x66,
0x33, 0xff, 0xff, 0x66, 0x33, 0xff, 0xff, 0x66, 0x33, 0xff, 0xff, 0x66, 0x33, 0xff, 0xff,
0x66, 0x33, 0xff, 0xff, 0x66, 0x33, 0xff, 0xff, 0x66, 0x33, 0xff, 0xff, 0x66, 0x33, 0xff,
0xff, 0x66, 0x33, 0xff, 0xff, 0x66, 0x33, 0xff, 0xff, 0x66, 0x33, 0xff, 0xff, 0x67, 0x34,
0xff, 0xff, 0x64, 0x31, 0xfd, 0xca, 0x5a, 0x2c, 0xe4, 0x27, 0x5d, 0x29, 0xe7, 0x00, 0x63,
0x2e, 0xf9, 0x00, 0x60, 0x24, 0xe6, 0x00, 0x62, 0x2d, 0xf4, 0x00, 0x64, 0x31, 0xfd, 0x00,
0x65, 0x33, 0xfd, 0x00, 0x66, 0x32, 0xfd, 0x00, 0x67, 0x33, 0xff, 0x00, 0x5c, 0x2b, 0xee,
0x00, 0x07, 0x03, 0x87, 0x00, 0x00, 0x00, 0x7e, 0x00, 0x01, 0x01, 0x80, 0x00, 0x01, 0x01,
0x80, 0x00, 0x01, 0x01, 0x80, 0x00, 0x01, 0x01, 0x80, 0x00, 0x01, 0x01, 0x80, 0x00, 0x01,
0x01, 0x80, 0x00, 0x01, 0x01, 0x80, 0x00, 0x01, 0x01, 0x80, 0x00, 0x01, 0x01, 0x80, 0x00,
0x01, 0x01, 0x80, 0x00, 0x01, 0x01, 0x80, 0x00, 0xff, 0xff, 0xff, 0x00, 0xff, 0xff, 0xff,
0x00, 0xff, 0xff, 0xff, 0x00, 0xff, 0xff, 0xff, 0x00, 0xff, 0xff, 0xff, 0x00, 0xff, 0xff,
0xff, 0x00, 0xff, 0xff, 0xff, 0x00, 0xff, 0xff, 0xff, 0x00, 0xff, 0xff, 0xff, 0x00, 0xff,
0xff, 0xff, 0x00, 0xff, 0xff, 0xff, 0x00, 0xff, 0xff, 0xff, 0x00, 0xff, 0xff, 0xff, 0x00,
0xff, 0xff, 0xff, 0x00, 0xff, 0xff, 0xff, 0x00, 0xff, 0xff, 0xff, 0x00, 0xff, 0xff, 0xff,
0x00, 0x56, 0x01, 0xab, 0x00, 0x56, 0x01, 0xab, 0x00, 0x56, 0x01, 0xab, 0x00, 0x56, 0x01,
0xab, 0x00, 0x56, 0x01, 0xab, 0x00, 0x56, 0x01, 0xab, 0x00, 0x56, 0x01, 0xab, 0x00, 0x56,
0x01, 0xab, 0x00, 0x56, 0x01, 0xab, 0x00, 0x56, 0x01, 0xab, 0x00, 0x56, 0x01, 0xab, 0x00,
0x56, 0x01, 0xab, 0x00, 0x56, 0x00, 0xa8, 0x00, 0x57, 0x0a, 0xbc, 0x00, 0x63, 0x30, 0xfa,
0x00, 0x66, 0x33, 0xfd, 0x00, 0x65, 0x33, 0xfe, 0x00, 0x5b, 0x29, 0xeb, 0x00, 0x45, 0x1d,
0xb7, 0x00, 0x5a, 0x2e, 0xf1, 0x00, 0x5c, 0x2f, 0xf1, 0x00, 0x63, 0x30, 0xf7, 0x48, 0x65,
0x31, 0xfc, 0xe9, 0x66, 0x33, 0xff, 0xff, 0x66, 0x33, 0xff, 0xff, 0x66, 0x33, 0xff, 0xff,
0x66, 0x33, 0xff, 0xff, 0x66, 0x33, 0xff, 0xff, 0x66, 0x33, 0xff, 0xff, 0x66, 0x33, 0xff,
0xff, 0x66, 0x33, 0xff, 0xff, 0x66, 0x33, 0xff, 0xff, 0x66, 0x33, 0xff, 0xff, 0x66, 0x33,
0xff, 0xff, 0x66, 0x33, 0xff, 0xff, 0x66, 0x33, 0xff, 0xff, 0x66, 0x33, 0xff, 0xff, 0x66,
0x33, 0xff, 0xff, 0x66, 0x33, 0xff, 0xff, 0x66, 0x33, 0xff, 0xff, 0x66, 0x33, 0xff, 0xff,
0x66, 0x33, 0xff, 0xff, 0x66, 0x33, 0xff, 0xff, 0x66, 0x33, 0xff, 0xff, 0x66, 0x33, 0xff,
0xff, 0x66, 0x33, 0xff, 0xff, 0x66, 0x33, 0xff, 0xff, 0x66, 0x33, 0xff, 0xff, 0x66, 0x33,
0xff, 0xff, 0x66, 0x33, 0xff, 0xff, 0x66, 0x33, 0xff, 0xff, 0x66, 0x33, 0xff, 0xff, 0x66,
0x33, 0xff, 0xff, 0x66, 0x33, 0xff, 0xff, 0x66, 0x33, 0xff, 0xff, 0x66, 0x33, 0xff, 0xff,
0x66, 0x33, 0xff, 0xff, 0x66, 0x33, 0xff, 0xff, 0x66, 0x33, 0xff, 0xff, 0x66, 0x33, 0xff,
0xff, 0x66, 0x33, 0xff, 0xff, 0x66, 0x33, 0xff, 0xff, 0x66, 0x33, 0xff, 0xff, 0x66, 0x33,
0xff, 0xff, 0x66, 0x33, 0xff, 0xff, 0x66, 0x33, 0xff, 0xff, 0x66, 0x33, 0xff, 0xff, 0x66,
0x33, 0xff, 0xff, 0x66, 0x33, 0xff, 0xff, 0x66, 0x33, 0xff, 0xff, 0x66, 0x33, 0xff, 0xff,
0x66, 0x33, 0xff, 0xff, 0x66, 0x33, 0xff, 0xff, 0x66, 0x33, 0xff, 0xff, 0x66, 0x33, 0xff,
0xff, 0x66, 0x33, 0xff, 0xff, 0x66, 0x33, 0xff, 0xff, 0x66, 0x33, 0xff, 0xff, 0x66, 0x33,
0xff, 0xff, 0x66, 0x33, 0xff, 0xff, 0x66, 0x33, 0xff, 0xff, 0x66, 0x33, 0xff, 0xff, 0x66,
0x33, 0xff, 0xff, 0x66, 0x33, 0xff, 0xff, 0x66, 0x33, 0xff, 0xff, 0x66, 0x33, 0xff, 0xff,
0x66, 0x33, 0xff, 0xff, 0x66, 0x34, 0xff, 0xff, 0x66, 0x33, 0xfd, 0xec, 0x61, 0x2c, 0xf4,
0x49, 0x62, 0x2e, 0xf7, 0x00, 0x60, 0x24, 0xe6, 0x00, 0x62, 0x2d, 0xf4, 0x00, 0x64, 0x31,
0xfd, 0x00, 0x65, 0x33, 0xfd, 0x00, 0x66, 0x32, 0xfd, 0x00, 0x67, 0x33, 0xff, 0x00, 0x5c,
0x2b, 0xee, 0x00, 0x07, 0x03, 0x87, 0x00, 0x00, 0x00, 0x7e, 0x00, 0x01, 0x01, 0x80, 0x00,
0x01, 0x01, 0x80, 0x00, 0x01, 0x01, 0x80, 0x00, 0x01, 0x01, 0x80, 0x00, 0x01, 0x01, 0x80,
0x00, 0x01, 0x01, 0x80, 0x00, 0x01, 0x01, 0x80, 0x00, 0x01, 0x01, 0x80, 0x00, 0x01, 0x01,
0x80, 0x00, 0x01, 0x01, 0x80, 0x00, 0x01, 0x01, 0x80, 0x00, 0xff, 0xff, 0xff, 0x00, 0xff,
0xff, 0xff, 0x00, 0xff, 0xff, 0xff, 0x00, 0xff, 0xff, 0xff, 0x00, 0xff, 0xff, 0xff, 0x00,
0xff, 0xff, 0xff, 0x00, 0xff, 0xff, 0xff, 0x00, 0xff, 0xff, 0xff, 0x00, 0xff, 0xff, 0xff,
0x00, 0xff, 0xff, 0xff, 0x00, 0xff, 0xff, 0xff, 0x00, 0xff, 0xff, 0xff, 0x00, 0xff, 0xff,
0xff, 0x00, 0xff, 0xff, 0xff, 0x00, 0xff, 0xff, 0xff, 0x00, 0xff, 0xff, 0xff, 0x00, 0xff,
0xff, 0xff, 0x00, 0x56, 0x01, 0xab, 0x00, 0x56, 0x01, 0xab, 0x00, 0x56, 0x01, 0xab, 0x00,
0x56, 0x01, 0xab, 0x00, 0x56, 0x01, 0xab, 0x00, 0x56, 0x01, 0xab, 0x00, 0x56, 0x01, 0xab,
0x00, 0x56, 0x01, 0xab, 0x00, 0x56, 0x01, 0xab, 0x00, 0x56, 0x01, 0xab, 0x00, 0x56, 0x01,
0xab, 0x00, 0x56, 0x01, 0xab, 0x00, 0x56, 0x00, 0xa8, 0x00, 0x57, 0x0a, 0xbc, 0x00, 0x63,
0x30, 0xfa, 0x00, 0x66, 0x33, 0xfd, 0x00, 0x65, 0x33, 0xfe, 0x00, 0x5b, 0x29, 0xeb, 0x00,
0x45, 0x1d, 0xb7, 0x00, 0x5a, 0x2e, 0xf2, 0x00, 0x5f, 0x30, 0xf5, 0x73, 0x67, 0x33, 0xff,
0xff, 0x66, 0x33, 0xff, 0xff, 0x66, 0x33, 0xff, 0xff, 0x66, 0x33, 0xff, 0xff, 0x66, 0x33,
0xff, 0xff, 0x66, 0x33, 0xff, 0xff, 0x66, 0x33, 0xff, 0xff, 0x66, 0x33, 0xff, 0xff, 0x66,
0x33, 0xff, 0xff, 0x66, 0x33, 0xff, 0xff, 0x66, 0x33, 0xff, 0xff, 0x66, 0x33, 0xff, 0xff,
0x66, 0x33, 0xff, 0xff, 0x66, 0x33, 0xff, 0xff, 0x66, 0x33, 0xff, 0xff, 0x66, 0x33, 0xff,
0xff, 0x66, 0x33, 0xff, 0xff, 0x66, 0x33, 0xff, 0xff, 0x66, 0x33, 0xff, 0xff, 0x66, 0x33,
0xff, 0xff, 0x66, 0x33, 0xff, 0xff, 0x66, 0x33, 0xff, 0xff, 0x66, 0x33, 0xff, 0xff, 0x66,
0x33, 0xff, 0xff, 0x66, 0x33, 0xff, 0xff, 0x66, 0x33, 0xff, 0xff, 0x66, 0x33, 0xff, 0xff,
0x66, 0x33, 0xff, 0xff, 0x66, 0x33, 0xff, 0xff, 0x66, 0x33, 0xff, 0xff, 0x66, 0x33, 0xff,
0xff, 0x66, 0x33, 0xff, 0xff, 0x66, 0x33, 0xff, 0xff, 0x66, 0x33, 0xff, 0xff, 0x66, 0x33,
0xff, 0xff, 0x66, 0x33, 0xff, 0xff, 0x66, 0x33, 0xff, 0xff, 0x66, 0x33, 0xff, 0xff, 0x66,
0x33, 0xff, 0xff, 0x66, 0x33, 0xff, 0xff, 0x66, 0x33, 0xff, 0xff, 0x66, 0x33, 0xff, 0xff,
0x66, 0x33, 0xff, 0xff, 0x66, 0x33, 0xff, 0xff, 0x66, 0x33, 0xff, 0xff, 0x66, 0x33, 0xff,
0xff, 0x66, 0x33, 0xff, 0xff, 0x66, 0x33, 0xff, 0xff, 0x66, 0x33, 0xff, 0xff, 0x66, 0x33,
0xff, 0xff, 0x66, 0x33, 0xff, 0xff, 0x66, 0x33, 0xff, 0xff, 0x66, 0x33, 0xff, 0xff, 0x66,
0x33, 0xff, 0xff, 0x66, 0x33, 0xff, 0xff, 0x66, 0x33, 0xff, 0xff, 0x66, 0x33, 0xff, 0xff,
0x66, 0x33, 0xff, 0xff, 0x66, 0x33, 0xff, 0xff, 0x66, 0x33, 0xff, 0xff, 0x66, 0x33, 0xff,
0xff, 0x66, 0x33, 0xff, 0xff, 0x66, 0x33, 0xff, 0xff, 0x66, 0x33, 0xff, 0xff, 0x66, 0x33,
0xff, 0xff, 0x66, 0x33, 0xff, 0xff, 0x66, 0x33, 0xff, 0xff, 0x66, 0x33, 0xff, 0xff, 0x66,
0x33, 0xff, 0xfd, 0x65, 0x32, 0xfd, 0x6b, 0x60, 0x22, 0xe3, 0x00, 0x62, 0x2d, 0xf4, 0x00,
0x64, 0x31, 0xfd, 0x00, 0x65, 0x33, 0xfd, 0x00, 0x66, 0x32, 0xfd, 0x00, 0x67, 0x33, 0xff,
0x00, 0x5c, 0x2b, 0xee, 0x00, 0x07, 0x03, 0x87, 0x00, 0x00, 0x00, 0x7e, 0x00, 0x01, 0x01,
0x80, 0x00, 0x01, 0x01, 0x80, 0x00, 0x01, 0x01, 0x80, 0x00, 0x01, 0x01, 0x80, 0x00, 0x01,
0x01, 0x80, 0x00, 0x01, 0x01, 0x80, 0x00, 0x01, 0x01, 0x80, 0x00, 0x01, 0x01, 0x80, 0x00,
0x01, 0x01, 0x80, 0x00, 0x01, 0x01, 0x80, 0x00, 0x01, 0x01, 0x80, 0x00, 0xff, 0xff, 0xff,
0x00, 0xff, 0xff, 0xff, 0x00, 0xff, 0xff, 0xff, 0x00, 0xff, 0xff, 0xff, 0x00, 0xff, 0xff,
0xff, 0x00, 0xff, 0xff, 0xff, 0x00, 0xff, 0xff, 0xff, 0x00, 0xff, 0xff, 0xff, 0x00, 0xff,
0xff, 0xff, 0x00, 0xff, 0xff, 0xff, 0x00, 0xff, 0xff, 0xff, 0x00, 0xff, 0xff, 0xff, 0x00,
0xff, 0xff, 0xff, 0x00, 0xff, 0xff, 0xff, 0x00, 0xff, 0xff, 0xff, 0x00, 0xff, 0xff, 0xff,
0x00, 0xff, 0xff, 0xff, 0x00, 0x56, 0x01, 0xab, 0x00, 0x56, 0x01, 0xab, 0x00, 0x56, 0x01,
0xab, 0x00, 0x56, 0x01, 0xab, 0x00, 0x56, 0x01, 0xab, 0x00, 0x56, 0x01, 0xab, 0x00, 0x56,
0x01, 0xab, 0x00, 0x56, 0x01, 0xab, 0x00, 0x56, 0x01, 0xab, 0x00, 0x56, 0x01, 0xab, 0x00,
0x56, 0x01, 0xab, 0x00, 0x56, 0x01, 0xab, 0x00, 0x56, 0x00, 0xa8, 0x00, 0x57, 0x0a, 0xbc,
0x00, 0x63, 0x30, 0xfa, 0x00, 0x66, 0x33, 0xfd, 0x00, 0x65, 0x33, 0xfe, 0x00, 0x5b, 0x29,
0xea, 0x00, 0x42, 0x1b, 0xb3, 0x07, 0x67, 0x34, 0xfe, 0x99, 0x66, 0x33, 0xff, 0xff, 0x66,
0x33, 0xff, 0xff, 0x66, 0x33, 0xff, 0xff, 0x66, 0x33, 0xff, 0xff, 0x66, 0x33, 0xff, 0xff,
0x66, 0x33, 0xff, 0xff, 0x66, 0x33, 0xff, 0xff, 0x66, 0x33, 0xff, 0xff, 0x66, 0x33, 0xff,
0xff, 0x66, 0x33, 0xff, 0xff, 0x66, 0x33, 0xff, 0xff, 0x66, 0x33, 0xff, 0xff, 0x66, 0x33,
0xff, 0xff, 0x66, 0x33, 0xff, 0xff, 0x66, 0x33, 0xff, 0xff, 0x66, 0x33, 0xff, 0xff, 0x66,
0x33, 0xff, 0xff, 0x66, 0x33, 0xff, 0xff, 0x66, 0x33, 0xff, 0xff, 0x66, 0x33, 0xff, 0xff,
0x66, 0x33, 0xff, 0xff, 0x66, 0x33, 0xff, 0xff, 0x66, 0x33, 0xff, 0xff, 0x66, 0x33, 0xff,
0xff, 0x66, 0x33, 0xff, 0xff, 0x66, 0x33, 0xff, 0xff, 0x66, 0x33, 0xff, 0xff, 0x66, 0x33,
0xff, 0xff, 0x66, 0x33, 0xff, 0xff, 0x66, 0x33, 0xff, 0xff, 0x66, 0x33, 0xff, 0xff, 0x66,
0x33, 0xff, 0xff, 0x66, 0x33, 0xff, 0xff, 0x66, 0x33, 0xff, 0xff, 0x66, 0x33, 0xff, 0xff,
0x66, 0x33, 0xff, 0xff, 0x66, 0x33, 0xff, 0xff, 0x66, 0x33, 0xff, 0xff, 0x66, 0x33, 0xff,
0xff, 0x66, 0x33, 0xff, 0xff, 0x66, 0x33, 0xff, 0xff, 0x66, 0x33, 0xff, 0xff, 0x66, 0x33,
0xff, 0xff, 0x66, 0x33, 0xff, 0xff, 0x66, 0x33, 0xff, 0xff, 0x66, 0x33, 0xff, 0xff, 0x66,
0x33, 0xff, 0xff, 0x66, 0x33, 0xff, 0xff, 0x66, 0x33, 0xff, 0xff, 0x66, 0x33, 0xff, 0xff,
0x66, 0x33, 0xff, 0xff, 0x66, 0x33, 0xff, 0xff, 0x66, 0x33, 0xff, 0xff, 0x66, 0x33, 0xff,
0xff, 0x66, 0x33, 0xff, 0xff, 0x66, 0x33, 0xff, 0xff, 0x66, 0x33, 0xff, 0xff, 0x66, 0x33,
0xff, 0xff, 0x66, 0x33, 0xff, 0xff, 0x66, 0x33, 0xff, 0xff, 0x66, 0x33, 0xff, 0xff, 0x66,
0x33, 0xff, 0xff, 0x66, 0x33, 0xff, 0xff, 0x66, 0x33, 0xff, 0xff, 0x66, 0x33, 0xff, 0xff,
0x66, 0x33, 0xff, 0xff, 0x66, 0x33, 0xff, 0xff, 0x66, 0x33, 0xff, 0xff, 0x66, 0x33, 0xff,
0xff, 0x66, 0x33, 0xff, 0xff, 0x67, 0x34, 0xff, 0xff, 0x62, 0x2a, 0xf0, 0x86, 0x63, 0x2e,
0xf6, 0x00, 0x64, 0x31, 0xfc, 0x00, 0x65, 0x33, 0xfd, 0x00, 0x66, 0x32, 0xfd, 0x00, 0x67,
0x33, 0xff, 0x00, 0x5c, 0x2b, 0xee, 0x00, 0x07, 0x03, 0x87, 0x00, 0x00, 0x00, 0x7e, 0x00,
0x01, 0x01, 0x80, 0x00, 0x01, 0x01, 0x80, 0x00, 0x01, 0x01, 0x80, 0x00, 0x01, 0x01, 0x80,
0x00, 0x01, 0x01, 0x80, 0x00, 0x01, 0x01, 0x80, 0x00, 0x01, 0x01, 0x80, 0x00, 0x01, 0x01,
0x80, 0x00, 0x01, 0x01, 0x80, 0x00, 0x01, 0x01, 0x80, 0x00, 0x01, 0x01, 0x80, 0x00, 0xff,
0xff, 0xff, 0x00, 0xff, 0xff, 0xff, 0x00, 0xff, 0xff, 0xff, 0x00, 0xff, 0xff, 0xff, 0x00,
0xff, 0xff, 0xff, 0x00, 0xff, 0xff, 0xff, 0x00, 0xff, 0xff, 0xff, 0x00, 0xff, 0xff, 0xff,
0x00, 0xff, 0xff, 0xff, 0x00, 0xff, 0xff, 0xff, 0x00, 0xff, 0xff, 0xff, 0x00, 0xff, 0xff,
0xff, 0x00, 0xff, 0xff, 0xff, 0x00, 0xff, 0xff, 0xff, 0x00, 0xff, 0xff, 0xff, 0x00, 0xff,
0xff, 0xff, 0x00, 0xff, 0xff, 0xff, 0x00, 0x56, 0x01, 0xab, 0x00, 0x56, 0x01, 0xab, 0x00,
0x56, 0x01, 0xab, 0x00, 0x56, 0x01, 0xab, 0x00, 0x56, 0x01, 0xab, 0x00, 0x56, 0x01, 0xab,
0x00, 0x56, 0x01, 0xab, 0x00, 0x56, 0x01, 0xab, 0x00, 0x56, 0x01, 0xab, 0x00, 0x56, 0x01,
0xab, 0x00, 0x56, 0x01, 0xab, 0x00, 0x56, 0x01, 0xab, 0x00, 0x56, 0x00, 0xa8, 0x00, 0x57,
0x0a, 0xbc, 0x00, 0x63, 0x30, 0xfa, 0x00, 0x66, 0x33, 0xfd, 0x00, 0x64, 0x32, 0xfd, 0x00,
0x60, 0x2d, 0xf3, 0x10, 0x5a, 0x2b, 0xe9, 0xb6, 0x67, 0x34, 0xff, 0xff, 0x66, 0x33, 0xff,
0xff, 0x66, 0x33, 0xff, 0xff, 0x66, 0x33, 0xff, 0xff, 0x66, 0x33, 0xff, 0xff, 0x66, 0x33,
0xff, 0xff, 0x66, 0x33, 0xff, 0xff, 0x66, 0x33, 0xff, 0xff, 0x66, 0x33, 0xff, 0xff, 0x66,
0x33, 0xff, 0xff, 0x66, 0x33, 0xff, 0xff, 0x66, 0x33, 0xff, 0xff, 0x66, 0x33, 0xff, 0xff,
0x66, 0x33, 0xff, 0xff, 0x66, 0x33, 0xff, 0xff, 0x66, 0x33, 0xff, 0xff, 0x66, 0x33, 0xff,
0xff, 0x66, 0x33, 0xff, 0xff, 0x66, 0x33, 0xff, 0xff, 0x66, 0x33, 0xff, 0xff, 0x66, 0x33,
0xff, 0xff, 0x66, 0x33, 0xff, 0xff, 0x66, 0x33, 0xff, 0xff, 0x66, 0x33, 0xff, 0xff, 0x66,
0x33, 0xff, 0xff, 0x66, 0x33, 0xff, 0xff, 0x66, 0x33, 0xff, 0xff, 0x66, 0x33, 0xff, 0xff,
0x66, 0x33, 0xff, 0xff, 0x66, 0x33, 0xff, 0xff, 0x66, 0x33, 0xff, 0xff, 0x66, 0x33, 0xff,
0xff, 0x66, 0x33, 0xff, 0xff, 0x66, 0x33, 0xff, 0xff, 0x66, 0x33, 0xff, 0xff, 0x66, 0x33,
0xff, 0xff, 0x66, 0x33, 0xff, 0xff, 0x66, 0x33, 0xff, 0xff, 0x66, 0x33, 0xff, 0xff, 0x66,
0x33, 0xff, 0xff, 0x66, 0x33, 0xff, 0xff, 0x66, 0x33, 0xff, 0xff, 0x66, 0x33, 0xff, 0xff,
0x66, 0x33, 0xff, 0xff, 0x66, 0x33, 0xff, 0xff, 0x66, 0x33, 0xff, 0xff, 0x66, 0x33, 0xff,
0xff, 0x66, 0x33, 0xff, 0xff, 0x66, 0x33, 0xff, 0xff, 0x66, 0x33, 0xff, 0xff, 0x66, 0x33,
0xff, 0xff, 0x66, 0x33, 0xff, 0xff, 0x66, 0x33, 0xff, 0xff, 0x66, 0x33, 0xff, 0xff, 0x66,
0x33, 0xff, 0xff, 0x66, 0x33, 0xff, 0xff, 0x66, 0x33, 0xff, 0xff, 0x66, 0x33, 0xff, 0xff,
0x66, 0x33, 0xff, 0xff, 0x66, 0x33, 0xff, 0xff, 0x66, 0x33, 0xff, 0xff, 0x66, 0x33, 0xff,
0xff, 0x66, 0x33, 0xff, 0xff, 0x66, 0x33, 0xff, 0xff, 0x66, 0x33, 0xff, 0xff, 0x66, 0x33,
0xff, 0xff, 0x66, 0x33, 0xff, 0xff, 0x66, 0x33, 0xff, 0xff, 0x66, 0x33, 0xff, 0xff, 0x66,
0x33, 0xff, 0xff, 0x66, 0x33, 0xff, 0xff, 0x66, 0x33, 0xff, 0xff, 0x66, 0x34, 0xff, 0xff,
0x65, 0x32, 0xfd, 0x98, 0x64, 0x31, 0xfc, 0x01, 0x65, 0x33, 0xfd, 0x00, 0x66, 0x32, 0xfd,
0x00, 0x67, 0x33, 0xff, 0x00, 0x5c, 0x2b, 0xee, 0x00, 0x07, 0x03, 0x87, 0x00, 0x00, 0x00,
0x7e, 0x00, 0x01, 0x01, 0x80, 0x00, 0x01, 0x01, 0x80, 0x00, 0x01, 0x01, 0x80, 0x00, 0x01,
0x01, 0x80, 0x00, 0x01, 0x01, 0x80, 0x00, 0x01, 0x01, 0x80, 0x00, 0x01, 0x01, 0x80, 0x00,
0x01, 0x01, 0x80, 0x00, 0x01, 0x01, 0x80, 0x00, 0x01, 0x01, 0x80, 0x00, 0x01, 0x01, 0x80,
0x00, 0xff, 0xff, 0xff, 0x00, 0xff, 0xff, 0xff, 0x00, 0xff, 0xff, 0xff, 0x00, 0xff, 0xff,
0xff, 0x00, 0xff, 0xff, 0xff, 0x00, 0xff, 0xff, 0xff, 0x00, 0xff, 0xff, 0xff, 0x00, 0xff,
0xff, 0xff, 0x00, 0xff, 0xff, 0xff, 0x00, 0xff, 0xff, 0xff, 0x00, 0xff, 0xff, 0xff, 0x00,
0xff, 0xff, 0xff, 0x00, 0xff, 0xff, 0xff, 0x00, 0xff, 0xff, 0xff, 0x00, 0xff, 0xff, 0xff,
0x00, 0xff, 0xff, 0xff, 0x00, 0xff, 0xff, 0xff, 0x00, 0x56, 0x01, 0xab, 0x00, 0x56, 0x01,
0xab, 0x00, 0x56, 0x01, 0xab, 0x00, 0x56, 0x01, 0xab, 0x00, 0x56, 0x01, 0xab, 0x00, 0x56,
0x01, 0xab, 0x00, 0x56, 0x01, 0xab, 0x00, 0x56, 0x01, 0xab, 0x00, 0x56, 0x01, 0xab, 0x00,
0x56, 0x01, 0xab, 0x00, 0x56, 0x01, 0xab, 0x00, 0x56, 0x01, 0xab, 0x00, 0x56, 0x00, 0xa8,
0x00, 0x57, 0x0a, 0xbc, 0x00, 0x63, 0x30, 0xfa, 0x00, 0x66, 0x33, 0xfd, 0x00, 0x64, 0x32,
0xfc, 0x16, 0x66, 0x33, 0xff, 0xc8, 0x68, 0x34, 0xff, 0xff, 0x66, 0x33, 0xff, 0xff, 0x66,
0x33, 0xff, 0xff, 0x66, 0x33, 0xff, 0xff, 0x66, 0x33, 0xff, 0xff, 0x66, 0x33, 0xff, 0xff,
0x66, 0x33, 0xff, 0xff, 0x66, 0x33, 0xff, 0xff, 0x66, 0x33, 0xff, 0xff, 0x66, 0x33, 0xff,
0xff, 0x66, 0x33, 0xff, 0xff, 0x66, 0x33, 0xff, 0xff, 0x66, 0x33, 0xff, 0xff, 0x66, 0x33,
0xff, 0xff, 0x66, 0x33, 0xff, 0xff, 0x66, 0x33, 0xff, 0xff, 0x66, 0x33, 0xff, 0xff, 0x66,
0x33, 0xff, 0xff, 0x66, 0x33, 0xff, 0xff, 0x66, 0x33, 0xff, 0xff, 0x66, 0x33, 0xff, 0xff,
0x66, 0x33, 0xff, 0xff, 0x66, 0x33, 0xff, 0xff, 0x66, 0x33, 0xff, 0xff, 0x66, 0x33, 0xff,
0xff, 0x66, 0x33, 0xff, 0xff, 0x66, 0x33, 0xff, 0xff, 0x66, 0x33, 0xff, 0xff, 0x66, 0x33,
0xff, 0xff, 0x66, 0x33, 0xff, 0xff, 0x66, 0x33, 0xff, 0xff, 0x66, 0x33, 0xff, 0xff, 0x66,
0x33, 0xff, 0xff, 0x66, 0x33, 0xff, 0xff, 0x66, 0x33, 0xff, 0xff, 0x66, 0x33, 0xff, 0xff,
0x66, 0x33, 0xff, 0xff, 0x66, 0x33, 0xff, 0xff, 0x66, 0x33, 0xff, 0xff, 0x66, 0x33, 0xff,
0xff, 0x66, 0x33, 0xff, 0xff, 0x66, 0x33, 0xff, 0xff, 0x66, 0x33, 0xff, 0xff, 0x66, 0x33,
0xff, 0xff, 0x66, 0x33, 0xff, 0xff, 0x66, 0x33, 0xff, 0xff, 0x66, 0x33, 0xff, 0xff, 0x66,
0x33, 0xff, 0xff, 0x66, 0x33, 0xff, 0xff, 0x66, 0x33, 0xff, 0xff, 0x66, 0x33, 0xff, 0xff,
0x66, 0x33, 0xff, 0xff, 0x66, 0x33, 0xff, 0xff, 0x66, 0x33, 0xff, 0xff, 0x66, 0x33, 0xff,
0xff, 0x66, 0x33, 0xff, 0xff, 0x66, 0x33, 0xff, 0xff, 0x66, 0x33, 0xff, 0xff, 0x66, 0x33,
0xff, 0xff, 0x66, 0x33, 0xff, 0xff, 0x66, 0x33, 0xff, 0xff, 0x66, 0x33, 0xff, 0xff, 0x66,
0x33, 0xff, 0xff, 0x66, 0x33, 0xff, 0xff, 0x66, 0x33, 0xff, 0xff, 0x66, 0x33, 0xff, 0xff,
0x66, 0x33, 0xff, 0xff, 0x66, 0x33, 0xff, 0xff, 0x66, 0x33, 0xff, 0xff, 0x66, 0x33, 0xff,
0xff, 0x66, 0x33, 0xff, 0xff, 0x66, 0x33, 0xff, 0xff, 0x66, 0x33, 0xff, 0xff, 0x66, 0x33,
0xff, 0xff, 0x66, 0x33, 0xff, 0xff, 0x66, 0x32, 0xfe, 0xa1, 0x65, 0x32, 0xfd, 0x03, 0x66,
0x32, 0xfd, 0x00, 0x67, 0x33, 0xff, 0x00, 0x5c, 0x2b, 0xee, 0x00, 0x07, 0x03, 0x87, 0x00,
0x00, 0x00, 0x7e, 0x00, 0x01, 0x01, 0x80, 0x00, 0x01, 0x01, 0x80, 0x00, 0x01, 0x01, 0x80,
0x00, 0x01, 0x01, 0x80, 0x00, 0x01, 0x01, 0x80, 0x00, 0x01, 0x01, 0x80, 0x00, 0x01, 0x01,
0x80, 0x00, 0x01, 0x01, 0x80, 0x00, 0x01, 0x01, 0x80, 0x00, 0x01, 0x01, 0x80, 0x00, 0x01,
0x01, 0x80, 0x00, 0xff, 0xff, 0xff, 0x00, 0xff, 0xff, 0xff, 0x00, 0xff, 0xff, 0xff, 0x00,
0xff, 0xff, 0xff, 0x00, 0xff, 0xff, 0xff, 0x00, 0xff, 0xff, 0xff, 0x00, 0xff, 0xff, 0xff,
0x00, 0xff, 0xff, 0xff, 0x00, 0xff, 0xff, 0xff, 0x00, 0xff, 0xff, 0xff, 0x00, 0xff, 0xff,
0xff, 0x00, 0xff, 0xff, 0xff, 0x00, 0xff, 0xff, 0xff, 0x00, 0xff, 0xff, 0xff, 0x00, 0xff,
0xff, 0xff, 0x00, 0xff, 0xff, 0xff, 0x00, 0xff, 0xff, 0xff, 0x00, 0x56, 0x01, 0xab, 0x00,
0x56, 0x01, 0xab, 0x00, 0x56, 0x01, 0xab, 0x00, 0x56, 0x01, 0xab, 0x00, 0x56, 0x01, 0xab,
0x00, 0x56, 0x01, 0xab, 0x00, 0x56, 0x01, 0xab, 0x00, 0x56, 0x01, 0xab, 0x00, 0x56, 0x01,
0xab, 0x00, 0x56, 0x01, 0xab, 0x00, 0x56, 0x01, 0xab, 0x00, 0x56, 0x01, 0xab, 0x00, 0x56,
0x00, 0xa8, 0x00, 0x57, 0x0a, 0xbc, 0x00, 0x63, 0x30, 0xfa, 0x00, 0x66, 0x33, 0xfd, 0x17,
0x66, 0x33, 0xfe, 0xcf, 0x66, 0x33, 0xff, 0xff, 0x66, 0x33, 0xff, 0xff, 0x66, 0x33, 0xff,
0xff, 0x66, 0x33, 0xff, 0xff, 0x66, 0x33, 0xff, 0xff, 0x66, 0x33, 0xff, 0xff, 0x66, 0x33,
0xff, 0xff, 0x66, 0x33, 0xff, 0xff, 0x66, 0x33, 0xff, 0xff, 0x66, 0x33, 0xff, 0xff, 0x66,
0x33, 0xff, 0xff, 0x66, 0x33, 0xff, 0xff, 0x66, 0x33, 0xff, 0xff, 0x66, 0x33, 0xff, 0xff,
0x66, 0x33, 0xff, 0xff, 0x66, 0x33, 0xff, 0xff, 0x66, 0x33, 0xff, 0xff, 0x66, 0x33, 0xff,
0xff, 0x66, 0x33, 0xff, 0xff, 0x66, 0x33, 0xff, 0xff, 0x66, 0x33, 0xff, 0xff, 0x66, 0x33,
0xff, 0xff, 0x66, 0x33, 0xff, 0xff, 0x66, 0x33, 0xff, 0xff, 0x66, 0x33, 0xff, 0xff, 0x66,
0x33, 0xff, 0xff, 0x66, 0x33, 0xff, 0xff, 0x66, 0x33, 0xff, 0xff, 0x66, 0x33, 0xff, 0xff,
0x66, 0x33, 0xff, 0xff, 0x66, 0x33, 0xff, 0xff, 0x66, 0x33, 0xff, 0xff, 0x66, 0x33, 0xff,
0xff, 0x66, 0x33, 0xff, 0xff, 0x66, 0x33, 0xff, 0xff, 0x66, 0x33, 0xff, 0xff, 0x66, 0x33,
0xff, 0xff, 0x66, 0x33, 0xff, 0xff, 0x66, 0x33, 0xff, 0xff, 0x66, 0x33, 0xff, 0xff, 0x66,
0x33, 0xff, 0xff, 0x66, 0x33, 0xff, 0xff, 0x66, 0x33, 0xff, 0xff, 0x66, 0x33, 0xff, 0xff,
0x66, 0x33, 0xff, 0xff, 0x66, 0x33, 0xff, 0xff, 0x66, 0x33, 0xff, 0xff, 0x66, 0x33, 0xff,
0xff, 0x66, 0x33, 0xff, 0xff, 0x66, 0x33, 0xff, 0xff, 0x66, 0x33, 0xff, 0xff, 0x66, 0x33,
0xff, 0xff, 0x66, 0x33, 0xff, 0xff, 0x66, 0x33, 0xff, 0xff, 0x66, 0x33, 0xff, 0xff, 0x66,
0x33, 0xff, 0xff, 0x66, 0x33, 0xff, 0xff, 0x66, 0x33, 0xff, 0xff, 0x66, 0x33, 0xff, 0xff,
0x66, 0x33, 0xff, 0xff, 0x66, 0x33, 0xff, 0xff, 0x66, 0x33, 0xff, 0xff, 0x66, 0x33, 0xff,
0xff, 0x66, 0x33, 0xff, 0xff, 0x66, 0x33, 0xff, 0xff, 0x66, 0x33, 0xff, 0xff, 0x66, 0x33,
0xff, 0xff, 0x66, 0x33, 0xff, 0xff, 0x66, 0x33, 0xff, 0xff, 0x66, 0x33, 0xff, 0xff, 0x66,
0x33, 0xff, 0xff, 0x66, 0x33, 0xff, 0xff, 0x66, 0x33, 0xff, 0xff, 0x66, 0x33, 0xff, 0xff,
0x66, 0x33, 0xff, 0xff, 0x66, 0x33, 0xff, 0xff, 0x66, 0x33, 0xff, 0xff, 0x66, 0x33, 0xfe,
0xa6, 0x66, 0x32, 0xfd, 0x04, 0x67, 0x33, 0xff, 0x00, 0x5c, 0x2b, 0xee, 0x00, 0x07, 0x03,
0x87, 0x00, 0x00, 0x00, 0x7e, 0x00, 0x01, 0x01, 0x80, 0x00, 0x01, 0x01, 0x80, 0x00, 0x01,
0x01, 0x80, 0x00, 0x01, 0x01, 0x80, 0x00, 0x01, 0x01, 0x80, 0x00, 0x01, 0x01, 0x80, 0x00,
0x01, 0x01, 0x80, 0x00, 0x01, 0x01, 0x80, 0x00, 0x01, 0x01, 0x80, 0x00, 0x01, 0x01, 0x80,
0x00, 0x01, 0x01, 0x80, 0x00, 0xff, 0xff, 0xff, 0x00, 0xff, 0xff, 0xff, 0x00, 0xff, 0xff,
0xff, 0x00, 0xff, 0xff, 0xff, 0x00, 0xff, 0xff, 0xff, 0x00, 0xff, 0xff, 0xff, 0x00, 0xff,
0xff, 0xff, 0x00, 0xff, 0xff, 0xff, 0x00, 0xff, 0xff, 0xff, 0x00, 0xff, 0xff, 0xff, 0x00,
0xff, 0xff, 0xff, 0x00, 0xff, 0xff, 0xff, 0x00, 0xff, 0xff, 0xff, 0x00, 0xff, 0xff, 0xff,
0x00, 0xff, 0xff, 0xff, 0x00, 0xff, 0xff, 0xff, 0x00, 0xff, 0xff, 0xff, 0x00, 0x56, 0x00,
0xaa, 0x00, 0x56, 0x00, 0xaa, 0x00, 0x56, 0x00, 0xaa, 0x00, 0x56, 0x00, 0xaa, 0x00, 0x56,
0x00, 0xaa, 0x00, 0x56, 0x00, 0xaa, 0x00, 0x56, 0x00, 0xaa, 0x00, 0x56, 0x00, 0xaa, 0x00,
0x56, 0x00, 0xaa, 0x00, 0x56, 0x00, 0xaa, 0x00, 0x56, 0x00, 0xaa, 0x00, 0x56, 0x00, 0xaa,
0x00, 0x56, 0x00, 0xa7, 0x00, 0x57, 0x09, 0xba, 0x00, 0x63, 0x30, 0xfa, 0x14, 0x66, 0x34,
0xff, 0xce, 0x66, 0x33, 0xff, 0xff, 0x66, 0x33, 0xff, 0xff, 0x66, 0x33, 0xff, 0xff, 0x66,
0x33, 0xff, 0xff, 0x66, 0x33, 0xff, 0xff, 0x66, 0x33, 0xff, 0xff, 0x66, 0x33, 0xff, 0xff,
0x66, 0x33, 0xff, 0xff, 0x66, 0x33, 0xff, 0xff, 0x66, 0x33, 0xff, 0xff, 0x66, 0x33, 0xff,
0xff, 0x66, 0x33, 0xff, 0xff, 0x66, 0x33, 0xff, 0xff, 0x66, 0x33, 0xff, 0xff, 0x66, 0x33,
0xff, 0xff, 0x66, 0x33, 0xff, 0xff, 0x66, 0x33, 0xff, 0xff, 0x66, 0x33, 0xff, 0xff, 0x66,
0x33, 0xff, 0xff, 0x66, 0x33, 0xff, 0xff, 0x66, 0x33, 0xff, 0xff, 0x66, 0x33, 0xff, 0xff,
0x66, 0x33, 0xff, 0xff, 0x66, 0x33, 0xff, 0xff, 0x66, 0x33, 0xff, 0xff, 0x66, 0x33, 0xff,
0xff, 0x66, 0x33, 0xff, 0xff, 0x66, 0x33, 0xff, 0xff, 0x66, 0x33, 0xff, 0xff, 0x66, 0x33,
0xff, 0xff, 0x66, 0x33, 0xff, 0xff, 0x66, 0x33, 0xff, 0xff, 0x66, 0x33, 0xff, 0xff, 0x66,
0x33, 0xff, 0xff, 0x66, 0x33, 0xff, 0xff, 0x66, 0x33, 0xff, 0xff, 0x66, 0x33, 0xff, 0xff,
0x66, 0x33, 0xff, 0xff, 0x66, 0x33, 0xff, 0xff, 0x66, 0x33, 0xff, 0xff, 0x66, 0x33, 0xff,
0xff, 0x66, 0x33, 0xff, 0xff, 0x66, 0x33, 0xff, 0xff, 0x66, 0x33, 0xff, 0xff, 0x66, 0x33,
0xff, 0xff, 0x66, 0x33, 0xff, 0xff, 0x66, 0x33, 0xff, 0xff, 0x66, 0x33, 0xff, 0xff, 0x66,
0x33, 0xff, 0xff, 0x66, 0x33, 0xff, 0xff, 0x66, 0x33, 0xff, 0xff, 0x66, 0x33, 0xff, 0xff,
0x66, 0x33, 0xff, 0xff, 0x66, 0x33, 0xff, 0xff, 0x66, 0x33, 0xff, 0xff, 0x66, 0x33, 0xff,
0xff, 0x66, 0x33, 0xff, 0xff, 0x66, 0x33, 0xff, 0xff, 0x66, 0x33, 0xff, 0xff, 0x66, 0x33,
0xff, 0xff, 0x66, 0x33, 0xff, 0xff, 0x66, 0x33, 0xff, 0xff, 0x66, 0x33, 0xff, 0xff, 0x66,
0x33, 0xff, 0xff, 0x66, 0x33, 0xff, 0xff, 0x66, 0x33, 0xff, 0xff, 0x66, 0x33, 0xff, 0xff,
0x66, 0x33, 0xff, 0xff, 0x66, 0x33, 0xff, 0xff, 0x66, 0x33, 0xff, 0xff, 0x66, 0x33, 0xff,
0xff, 0x66, 0x33, 0xff, 0xff, 0x66, 0x33, 0xff, 0xff, 0x66, 0x33, 0xff, 0xff, 0x66, 0x33,
0xff, 0xff, 0x66, 0x33, 0xff, 0xff, 0x66, 0x33, 0xff, 0xff, 0x66, 0x33, 0xff, 0xff, 0x66,
0x33, 0xff, 0xff, 0x66, 0x33, 0xfe, 0xa8, 0x67, 0x33, 0xff, 0x04, 0x5c, 0x2b, 0xee, 0x00,
0x07, 0x03, 0x87, 0x00, 0x00, 0x00, 0x7e, 0x00, 0x01, 0x01, 0x80, 0x00, 0x01, 0x01, 0x80,
0x00, 0x01, 0x01, 0x80, 0x00, 0x01, 0x01, 0x80, 0x00, 0x01, 0x01, 0x80, 0x00, 0x01, 0x01,
0x80, 0x00, 0x01, 0x01, 0x80, 0x00, 0x01, 0x01, 0x80, 0x00, 0x01, 0x01, 0x80, 0x00, 0x01,
0x01, 0x80, 0x00, 0x01, 0x01, 0x80, 0x00, 0xff, 0xff, 0xff, 0x00, 0xff, 0xff, 0xff, 0x00,
0xff, 0xff, 0xff, 0x00, 0xff, 0xff, 0xff, 0x00, 0xff, 0xff, 0xff, 0x00, 0xff, 0xff, 0xff,
0x00, 0xff, 0xff, 0xff, 0x00, 0xff, 0xff, 0xff, 0x00, 0xff, 0xff, 0xff, 0x00, 0xff, 0xff,
0xff, 0x00, 0xff, 0xff, 0xff, 0x00, 0xff, 0xff, 0xff, 0x00, 0xff, 0xff, 0xff, 0x00, 0xff,
0xff, 0xff, 0x00, 0xff, 0xff, 0xff, 0x00, 0xff, 0xff, 0xff, 0x00, 0xff, 0xff, 0xff, 0x00,
0x57, 0x03, 0xaf, 0x00, 0x57, 0x03, 0xaf, 0x00, 0x57, 0x03, 0xaf, 0x00, 0x57, 0x03, 0xaf,
0x00, 0x57, 0x03, 0xaf, 0x00, 0x57, 0x03, 0xaf, 0x00, 0x57, 0x03, 0xaf, 0x00, 0x57, 0x03,
0xaf, 0x00, 0x57, 0x03, 0xaf, 0x00, 0x57, 0x03, 0xaf, 0x00, 0x57, 0x03, 0xaf, 0x00, 0x57,
0x03, 0xaf, 0x00, 0x57, 0x03, 0xad, 0x00, 0x59, 0x0d, 0xc1, 0x0d, 0x65, 0x32, 0xfe, 0xc5,
0x66, 0x34, 0xff, 0xff, 0x66, 0x33, 0xff, 0xff, 0x66, 0x33, 0xff, 0xff, 0x66, 0x33, 0xff,
0xff, 0x66, 0x33, 0xff, 0xff, 0x66, 0x33, 0xff, 0xff, 0x66, 0x33, 0xff, 0xff, 0x66, 0x33,
0xff, 0xff, 0x66, 0x33, 0xff, 0xff, 0x66, 0x33, 0xff, 0xff, 0x66, 0x33, 0xff, 0xff, 0x66,
0x33, 0xff, 0xff, 0x66, 0x33, 0xff, 0xff, 0x66, 0x33, 0xff, 0xff, 0x66, 0x33, 0xff, 0xff,
0x66, 0x33, 0xff, 0xff, 0x66, 0x33, 0xff, 0xff, 0x66, 0x33, 0xff, 0xff, 0x66, 0x33, 0xff,
0xff, 0x66, 0x33, 0xff, 0xff, 0x66, 0x33, 0xff, 0xff, 0x66, 0x33, 0xff, 0xff, 0x66, 0x33,
0xff, 0xff, 0x66, 0x33, 0xff, 0xff, 0x66, 0x33, 0xff, 0xff, 0x66, 0x33, 0xff, 0xff, 0x66,
0x33, 0xff, 0xff, 0x66, 0x33, 0xff, 0xff, 0x66, 0x33, 0xff, 0xff, 0x66, 0x33, 0xff, 0xff,
0x66, 0x33, 0xff, 0xff, 0x66, 0x33, 0xff, 0xff, 0x66, 0x33, 0xff, 0xff, 0x66, 0x33, 0xff,
0xff, 0x66, 0x33, 0xff, 0xff, 0x66, 0x33, 0xff, 0xff, 0x66, 0x33, 0xff, 0xff, 0x66, 0x33,
0xff, 0xff, 0x66, 0x33, 0xff, 0xff, 0x66, 0x33, 0xff, 0xff, 0x66, 0x33, 0xff, 0xff, 0x66,
0x33, 0xff, 0xff, 0x66, 0x33, 0xff, 0xff, 0x66, 0x33, 0xff, 0xff, 0x66, 0x33, 0xff, 0xff,
0x66, 0x33, 0xff, 0xff, 0x66, 0x33, 0xff, 0xff, 0x66, 0x33, 0xff, 0xff, 0x66, 0x33, 0xff,
0xff, 0x66, 0x33, 0xff, 0xff, 0x66, 0x33, 0xff, 0xff, 0x66, 0x33, 0xff, 0xff, 0x66, 0x33,
0xff, 0xff, 0x66, 0x33, 0xff, 0xff, 0x66, 0x33, 0xff, 0xff, 0x66, 0x33, 0xff, 0xff, 0x66,
0x33, 0xff, 0xff, 0x66, 0x33, 0xff, 0xff, 0x66, 0x33, 0xff, 0xff, 0x66, 0x33, 0xff, 0xff,
0x66, 0x33, 0xff, 0xff, 0x66, 0x33, 0xff, 0xff, 0x66, 0x33, 0xff, 0xff, 0x66, 0x33, 0xff,
0xff, 0x66, 0x33, 0xff, 0xff, 0x66, 0x33, 0xff, 0xff, 0x66, 0x33, 0xff, 0xff, 0x66, 0x33,
0xff, 0xff, 0x66, 0x33, 0xff, 0xff, 0x66, 0x33, 0xff, 0xff, 0x66, 0x33, 0xff, 0xff, 0x66,
0x33, 0xff, 0xff, 0x66, 0x33, 0xff, 0xff, 0x66, 0x33, 0xff, 0xff, 0x66, 0x33, 0xff, 0xff,
0x66, 0x33, 0xff, 0xff, 0x66, 0x33, 0xff, 0xff, 0x66, 0x33, 0xff, 0xff, 0x66, 0x33, 0xff,
0xff, 0x66, 0x33, 0xff, 0xff, 0x66, 0x33, 0xff, 0xff, 0x68, 0x34, 0xff, 0xa4, 0x5c, 0x2b,
0xee, 0x01, 0x05, 0x02, 0x85, 0x00, 0x00, 0x00, 0x7c, 0x00, 0x00, 0x00, 0x7e, 0x00, 0x00,
0x00, 0x7e, 0x00, 0x00, 0x00, 0x7e, 0x00, 0x00, 0x00, 0x7e, 0x00, 0x00, 0x00, 0x7e, 0x00,
0x00, 0x00, 0x7e, 0x00, 0x00, 0x00, 0x7e, 0x00, 0x00, 0x00, 0x7e, 0x00, 0x00, 0x00, 0x7e,
0x00, 0x00, 0x00, 0x7e, 0x00, 0x00, 0x00, 0x7e, 0x00, 0xff, 0xff, 0xff, 0x00, 0xff, 0xff,
0xff, 0x00, 0xff, 0xff, 0xff, 0x00, 0xff, 0xff, 0xff, 0x00, 0xff, 0xff, 0xff, 0x00, 0xff,
0xff, 0xff, 0x00, 0xff, 0xff, 0xff, 0x00, 0xff, 0xff, 0xff, 0x00, 0xff, 0xff, 0xff, 0x00,
0xff, 0xff, 0xff, 0x00, 0xff, 0xff, 0xff, 0x00, 0xff, 0xff, 0xff, 0x00, 0xff, 0xff, 0xff,
0x00, 0xff, 0xff, 0xff, 0x00, 0xff, 0xff, 0xff, 0x00, 0xff, 0xff, 0xff, 0x00, 0xff, 0xff,
0xff, 0x00, 0x62, 0x21, 0xde, 0x00, 0x62, 0x21, 0xde, 0x00, 0x62, 0x21, 0xde, 0x00, 0x62,
0x21, 0xde, 0x00, 0x62, 0x21, 0xde, 0x00, 0x62, 0x21, 0xde, 0x00, 0x62, 0x21, 0xde, 0x00,
0x62, 0x21, 0xde, 0x00, 0x62, 0x21, 0xde, 0x00, 0x62, 0x21, 0xde, 0x00, 0x62, 0x21, 0xdf,
0x00, 0x61, 0x1e, 0xdb, 0x00, 0x61, 0x25, 0xe6, 0x03, 0x65, 0x31, 0xfb, 0xb1, 0x66, 0x33,
0xff, 0xff, 0x66, 0x33, 0xff, 0xff, 0x66, 0x33, 0xff, 0xff, 0x66, 0x33, 0xff, 0xff, 0x66,
0x33, 0xff, 0xff, 0x66, 0x33, 0xff, 0xff, 0x66, 0x33, 0xff, 0xff, 0x66, 0x33, 0xff, 0xff,
0x66, 0x33, 0xff, 0xff, 0x66, 0x33, 0xff, 0xff, 0x66, 0x33, 0xff, 0xff, 0x66, 0x33, 0xff,
0xff, 0x66, 0x33, 0xff, 0xff, 0x66, 0x33, 0xff, 0xff, 0x66, 0x33, 0xff, 0xff, 0x66, 0x33,
0xff, 0xff, 0x66, 0x33, 0xff, 0xff, 0x66, 0x33, 0xff, 0xff, 0x66, 0x33, 0xff, 0xff, 0x66,
0x33, 0xff, 0xff, 0x66, 0x33, 0xff, 0xff, 0x66, 0x33, 0xff, 0xff, 0x66, 0x33, 0xff, 0xff,
0x66, 0x33, 0xff, 0xff, 0x66, 0x33, 0xff, 0xff, 0x66, 0x33, 0xff, 0xff, 0x66, 0x33, 0xff,
0xff, 0x66, 0x33, 0xff, 0xff, 0x66, 0x33, 0xff, 0xff, 0x66, 0x33, 0xff, 0xff, 0x66, 0x33,
0xff, 0xff, 0x66, 0x33, 0xff, 0xff, 0x66, 0x33, 0xff, 0xff, 0x66, 0x33, 0xff, 0xff, 0x66,
0x33, 0xff, 0xff, 0x66, 0x33, 0xff, 0xff, 0x66, 0x33, 0xff, 0xff, 0x66, 0x33, 0xff, 0xff,
0x66, 0x33, 0xff, 0xff, 0x66, 0x33, 0xff, 0xff, 0x66, 0x33, 0xff, 0xff, 0x66, 0x33, 0xff,
0xff, 0x66, 0x33, 0xff, 0xff, 0x66, 0x33, 0xff, 0xff, 0x66, 0x33, 0xff, 0xff, 0x66, 0x33,
0xff, 0xff, 0x66, 0x33, 0xff, 0xff, 0x66, 0x33, 0xff, 0xff, 0x66, 0x33, 0xff, 0xff, 0x66,
0x33, 0xff, 0xff, 0x66, 0x33, 0xff, 0xff, 0x66, 0x33, 0xff, 0xff, 0x66, 0x33, 0xff, 0xff,
0x66, 0x33, 0xff, 0xff, 0x66, 0x33, 0xff, 0xff, 0x66, 0x33, 0xff, 0xff, 0x66, 0x33, 0xff,
0xff, 0x66, 0x33, 0xff, 0xff, 0x66, 0x33, 0xff, 0xff, 0x66, 0x33, 0xff, 0xff, 0x66, 0x33,
0xff, 0xff, 0x66, 0x33, 0xff, 0xff, 0x66, 0x33, 0xff, 0xff, 0x66, 0x33, 0xff, 0xff, 0x66,
0x33, 0xff, 0xff, 0x66, 0x33, 0xff, 0xff, 0x66, 0x33, 0xff, 0xff, 0x66, 0x33, 0xff, 0xff,
0x66, 0x33, 0xff, 0xff, 0x66, 0x33, 0xff, 0xff, 0x66, 0x33, 0xff, 0xff, 0x66, 0x33, 0xff,
0xff, 0x66, 0x33, 0xff, 0xff, 0x66, 0x33, 0xff, 0xff, 0x66, 0x33, 0xff, 0xff, 0x66, 0x33,
0xff, 0xff, 0x66, 0x33, 0xff, 0xff, 0x66, 0x33, 0xff, 0xff, 0x66, 0x33, 0xff, 0xff, 0x66,
0x33, 0xff, 0xff, 0x66, 0x33, 0xff, 0xff, 0x66, 0x33, 0xff, 0xff, 0x68, 0x34, 0xff, 0xff,
0x5d, 0x2d, 0xf2, 0x95, 0x0e, 0x07, 0x8f, 0x00, 0x06, 0x03, 0x84, 0x00, 0x07, 0x04, 0x86,
0x00, 0x07, 0x04, 0x86, 0x00, 0x07, 0x04, 0x86, 0x00, 0x07, 0x04, 0x86, 0x00, 0x07, 0x04,
0x86, 0x00, 0x07, 0x04, 0x86, 0x00, 0x07, 0x04, 0x86, 0x00, 0x07, 0x04, 0x86, 0x00, 0x07,
0x04, 0x86, 0x00, 0x07, 0x04, 0x86, 0x00, 0x07, 0x04, 0x86, 0x00, 0xff, 0xff, 0xff, 0x00,
0xff, 0xff, 0xff, 0x00, 0xff, 0xff, 0xff, 0x00, 0xff, 0xff, 0xff, 0x00, 0xff, 0xff, 0xff,
0x00, 0xff, 0xff, 0xff, 0x00, 0xff, 0xff, 0xff, 0x00, 0xff, 0xff, 0xff, 0x00, 0xff, 0xff,
0xff, 0x00, 0xff, 0xff, 0xff, 0x00, 0xff, 0xff, 0xff, 0x00, 0xff, 0xff, 0xff, 0x00, 0xff,
0xff, 0xff, 0x00, 0xff, 0xff, 0xff, 0x00, 0xff, 0xff, 0xff, 0x00, 0xff, 0xff, 0xff, 0x00,
0xff, 0xff, 0xff, 0x00, 0x50, 0x10, 0xcf, 0x00, 0x50, 0x10, 0xcf, 0x00, 0x50, 0x10, 0xcf,
0x00, 0x50, 0x10, 0xcf, 0x00, 0x50, 0x10, 0xcf, 0x00, 0x50, 0x10, 0xcf, 0x00, 0x50, 0x10,
0xcf, 0x00, 0x50, 0x10, 0xcf, 0x00, 0x50, 0x10, 0xcf, 0x00, 0x50, 0x10, 0xcf, 0x00, 0x4f,
0x0f, 0xcd, 0x00, 0x59, 0x1b, 0xdc, 0x00, 0x66, 0x31, 0xf8, 0x91, 0x66, 0x34, 0xff, 0xff,
0x66, 0x33, 0xff, 0xff, 0x66, 0x33, 0xff, 0xff, 0x66, 0x33, 0xff, 0xff, 0x66, 0x33, 0xff,
0xff, 0x66, 0x33, 0xff, 0xff, 0x66, 0x33, 0xff, 0xff, 0x66, 0x33, 0xff, 0xff, 0x66, 0x33,
0xff, 0xff, 0x66, 0x33, 0xff, 0xff, 0x66, 0x33, 0xff, 0xff, 0x66, 0x33, 0xff, 0xff, 0x66,
0x33, 0xff, 0xff, 0x66, 0x33, 0xff, 0xff, 0x66, 0x33, 0xff, 0xff, 0x66, 0x33, 0xff, 0xff,
0x66, 0x33, 0xff, 0xff, 0x66, 0x33, 0xff, 0xff, 0x66, 0x33, 0xff, 0xff, 0x66, 0x33, 0xff,
0xff, 0x66, 0x33, 0xff, 0xff, 0x66, 0x33, 0xff, 0xff, 0x66, 0x33, 0xff, 0xff, 0x66, 0x33,
0xff, 0xff, 0x66, 0x33, 0xff, 0xff, 0x66, 0x33, 0xff, 0xff, 0x66, 0x33, 0xff, 0xff, 0x66,
0x33, 0xff, 0xff, 0x66, 0x33, 0xff, 0xff, 0x66, 0x33, 0xff, 0xff, 0x66, 0x33, 0xff, 0xff,
0x66, 0x33, 0xff, 0xff, 0x66, 0x33, 0xff, 0xff, 0x66, 0x33, 0xff, 0xff, 0x66, 0x33, 0xff,
0xff, 0x66, 0x33, 0xff, 0xff, 0x66, 0x33, 0xff, 0xff, 0x66, 0x33, 0xff, 0xff, 0x66, 0x33,
0xff, 0xff, 0x66, 0x33, 0xff, 0xff, 0x66, 0x33, 0xff, 0xff, 0x66, 0x33, 0xff, 0xff, 0x66,
0x33, 0xff, 0xff, 0x66, 0x33, 0xff, 0xff, 0x66, 0x33, 0xff, 0xff, 0x66, 0x33, 0xff, 0xff,
0x66, 0x33, 0xff, 0xff, 0x66, 0x33, 0xff, 0xff, 0x66, 0x33, 0xff, 0xff, 0x66, 0x33, 0xff,
0xff, 0x66, 0x33, 0xff, 0xff, 0x66, 0x33, 0xff, 0xff, 0x66, 0x33, 0xff, 0xff, 0x66, 0x33,
0xff, 0xff, 0x66, 0x33, 0xff, 0xff, 0x66, 0x33, 0xff, 0xff, 0x66, 0x33, 0xff, 0xff, 0x66,
0x33, 0xff, 0xff, 0x66, 0x33, 0xff, 0xff, 0x66, 0x33, 0xff, 0xff, 0x66, 0x33, 0xff, 0xff,
0x66, 0x33, 0xff, 0xff, 0x66, 0x33, 0xff, 0xff, 0x66, 0x33, 0xff, 0xff, 0x66, 0x33, 0xff,
0xff, 0x66, 0x33, 0xff, 0xff, 0x66, 0x33, 0xff, 0xff, 0x66, 0x33, 0xff, 0xff, 0x66, 0x33,
0xff, 0xff, 0x66, 0x33, 0xff, 0xff, 0x66, 0x33, 0xff, 0xff, 0x66, 0x33, 0xff, 0xff, 0x66,
0x33, 0xff, 0xff, 0x66, 0x33, 0xff, 0xff, 0x66, 0x33, 0xff, 0xff, 0x66, 0x33, 0xff, 0xff,
0x66, 0x33, 0xff, 0xff, 0x66, 0x33, 0xff, 0xff, 0x66, 0x33, 0xff, 0xff, 0x66, 0x33, 0xff,
0xff, 0x66, 0x33, 0xff, 0xff, 0x66, 0x33, 0xff, 0xff, 0x66, 0x33, 0xff, 0xff, 0x66, 0x33,
0xff, 0xff, 0x66, 0x33, 0xff, 0xff, 0x5d, 0x2f, 0xf2, 0x77, 0x50, 0x29, 0xd0, 0x00, 0x50,
0x29, 0xce, 0x00, 0x50, 0x29, 0xcf, 0x00, 0x50, 0x29, 0xcf, 0x00, 0x50, 0x29, 0xcf, 0x00,
0x50, 0x29, 0xcf, 0x00, 0x50, 0x29, 0xcf, 0x00, 0x50, 0x29, 0xcf, 0x00, 0x50, 0x29, 0xcf,
0x00, 0x50, 0x29, 0xcf, 0x00, 0x50, 0x29, 0xcf, 0x00, 0x50, 0x29, 0xcf, 0x00, 0xff, 0xff,
0xff, 0x00, 0xff, 0xff, 0xff, 0x00, 0xff, 0xff, 0xff, 0x00, 0xff, 0xff, 0xff, 0x00, 0xff,
0xff, 0xff, 0x00, 0xff, 0xff, 0xff, 0x00, 0xff, 0xff, 0xff, 0x00, 0xff, 0xff, 0xff, 0x00,
0xff, 0xff, 0xff, 0x00, 0xff, 0xff, 0xff, 0x00, 0xff, 0xff, 0xff, 0x00, 0xff, 0xff, 0xff,
0x00, 0xff, 0xff, 0xff, 0x00, 0xff, 0xff, 0xff, 0x00, 0xff, 0xff, 0xff, 0x00, 0xff, 0xff,
0xff, 0x00, 0xff, 0xff, 0xff, 0x00, 0x4e, 0x0c, 0xd8, 0x00, 0x4e, 0x0c, 0xd8, 0x00, 0x4e,
0x0c, 0xd8, 0x00, 0x4e, 0x0c, 0xd8, 0x00, 0x4e, 0x0c, 0xd8, 0x00, 0x4e, 0x0c, 0xd8, 0x00,
0x4e, 0x0c, 0xd8, 0x00, 0x4e, 0x0c, 0xd8, 0x00, 0x4e, 0x0c, 0xd9, 0x00, 0x4e, 0x0c, 0xd7,
0x00, 0x47, 0x09, 0xc7, 0x00, 0x57, 0x1f, 0xe5, 0x68, 0x68, 0x36, 0xff, 0xff, 0x66, 0x33,
0xff, 0xff, 0x66, 0x33, 0xff, 0xff, 0x66, 0x33, 0xff, 0xff, 0x66, 0x33, 0xff, 0xff, 0x66,
0x33, 0xff, 0xff, 0x66, 0x33, 0xff, 0xff, 0x66, 0x33, 0xff, 0xff, 0x66, 0x33, 0xff, 0xff,
0x66, 0x33, 0xff, 0xff, 0x66, 0x33, 0xff, 0xff, 0x66, 0x33, 0xff, 0xff, 0x66, 0x33, 0xff,
0xff, 0x66, 0x33, 0xff, 0xff, 0x66, 0x33, 0xff, 0xff, 0x66, 0x33, 0xff, 0xff, 0x66, 0x33,
0xff, 0xff, 0x66, 0x33, 0xff, 0xff, 0x66, 0x33, 0xff, 0xff, 0x66, 0x33, 0xff, 0xff, 0x66,
0x33, 0xff, 0xff, 0x66, 0x33, 0xff, 0xff, 0x66, 0x33, 0xff, 0xff, 0x66, 0x33, 0xff, 0xff,
0x66, 0x33, 0xff, 0xff, 0x66, 0x33, 0xff, 0xff, 0x66, 0x33, 0xff, 0xff, 0x66, 0x33, 0xff,
0xff, 0x66, 0x33, 0xff, 0xff, 0x66, 0x33, 0xff, 0xff, 0x66, 0x33, 0xff, 0xff, 0x66, 0x33,
0xff, 0xff, 0x66, 0x33, 0xff, 0xff, 0x66, 0x33, 0xff, 0xff, 0x66, 0x33, 0xff, 0xff, 0x66,
0x33, 0xff, 0xff, 0x66, 0x33, 0xff, 0xff, 0x66, 0x33, 0xff, 0xff, 0x66, 0x33, 0xff, 0xff,
0x66, 0x33, 0xff, 0xff, 0x66, 0x33, 0xff, 0xff, 0x66, 0x33, 0xff, 0xff, 0x66, 0x33, 0xff,
0xff, 0x66, 0x33, 0xff, 0xff, 0x66, 0x33, 0xff, 0xff, 0x66, 0x33, 0xff, 0xff, 0x66, 0x33,
0xff, 0xff, 0x66, 0x33, 0xff, 0xff, 0x66, 0x33, 0xff, 0xff, 0x66, 0x33, 0xff, 0xff, 0x66,
0x33, 0xff, 0xff, 0x66, 0x33, 0xff, 0xff, 0x66, 0x33, 0xff, 0xff, 0x66, 0x33, 0xff, 0xff,
0x66, 0x33, 0xff, 0xff, 0x66, 0x33, 0xff, 0xff, 0x66, 0x33, 0xff, 0xff, 0x66, 0x33, 0xff,
0xff, 0x66, 0x33, 0xff, 0xff, 0x66, 0x33, 0xff, 0xff, 0x66, 0x33, 0xff, 0xff, 0x66, 0x33,
0xff, 0xff, 0x66, 0x33, 0xff, 0xff, 0x66, 0x33, 0xff, 0xff, 0x66, 0x33, 0xff, 0xff, 0x66,
0x33, 0xff, 0xff, 0x66, 0x33, 0xff, 0xff, 0x66, 0x33, 0xff, 0xff, 0x66, 0x33, 0xff, 0xff,
0x66, 0x33, 0xff, 0xff, 0x66, 0x33, 0xff, 0xff, 0x66, 0x33, 0xff, 0xff, 0x66, 0x33, 0xff,
0xff, 0x66, 0x33, 0xff, 0xff, 0x66, 0x33, 0xff, 0xff, 0x66, 0x33, 0xff, 0xff, 0x66, 0x33,
0xff, 0xff, 0x66, 0x33, 0xff, 0xff, 0x66, 0x33, 0xff, 0xff, 0x66, 0x33, 0xff, 0xff, 0x66,
0x33, 0xff, 0xff, 0x66, 0x33, 0xff, 0xff, 0x66, 0x33, 0xff, 0xff, 0x66, 0x33, 0xff, 0xff,
0x66, 0x33, 0xff, 0xff, 0x66, 0x33, 0xff, 0xff, 0x68, 0x34, 0xff, 0xff, 0x61, 0x31, 0xf0,
0x50, 0x57, 0x2d, 0xd5, 0x00, 0x57, 0x2d, 0xd6, 0x00, 0x57, 0x2d, 0xd6, 0x00, 0x57, 0x2d,
0xd6, 0x00, 0x57, 0x2d, 0xd6, 0x00, 0x57, 0x2d, 0xd6, 0x00, 0x57, 0x2d, 0xd6, 0x00, 0x57,
0x2d, 0xd6, 0x00, 0x57, 0x2d, 0xd6, 0x00, 0x57, 0x2d, 0xd6, 0x00, 0x57, 0x2d, 0xd6, 0x00,
0xff, 0xff, 0xff, 0x00, 0xff, 0xff, 0xff, 0x00, 0xff, 0xff, 0xff, 0x00, 0xff, 0xff, 0xff,
0x00, 0xff, 0xff, 0xff, 0x00, 0xff, 0xff, 0xff, 0x00, 0xff, 0xff, 0xff, 0x00, 0xff, 0xff,
0xff, 0x00, 0xff, 0xff, 0xff, 0x00, 0xff, 0xff, 0xff, 0x00, 0xff, 0xff, 0xff, 0x00, 0xff,
0xff, 0xff, 0x00, 0xff, 0xff, 0xff, 0x00, 0xff, 0xff, 0xff, 0x00, 0xff, 0xff, 0xff, 0x00,
0xff, 0xff, 0xff, 0x00, 0xff, 0xff, 0xff, 0x00, 0x2f, 0x14, 0x6e, 0x00, 0x2f, 0x14, 0x6e,
0x00, 0x2f, 0x14, 0x6e, 0x00, 0x2f, 0x14, 0x6e, 0x00, 0x2f, 0x14, 0x6e, 0x00, 0x2f, 0x14,
0x6e, 0x00, 0x2f, 0x14, 0x6e, 0x00, 0x2f, 0x14, 0x6e, 0x00, 0x2e, 0x14, 0x6d, 0x00, 0x31,
0x15, 0x71, 0x00, 0x61, 0x2e, 0xed, 0x3b, 0x68, 0x35, 0xff, 0xfc, 0x66, 0x33, 0xff, 0xff,
0x66, 0x33, 0xff, 0xff, 0x66, 0x33, 0xff, 0xff, 0x66, 0x33, 0xff, 0xff, 0x66, 0x33, 0xff,
0xff, 0x66, 0x33, 0xff, 0xff, 0x66, 0x33, 0xff, 0xff, 0x66, 0x33, 0xff, 0xff, 0x66, 0x33,
0xff, 0xff, 0x66, 0x33, 0xff, 0xff, 0x66, 0x33, 0xff, 0xff, 0x66, 0x33, 0xff, 0xff, 0x66,
0x33, 0xff, 0xff, 0x66, 0x33, 0xff, 0xff, 0x66, 0x33, 0xff, 0xff, 0x66, 0x33, 0xff, 0xff,
0x66, 0x33, 0xff, 0xff, 0x66, 0x33, 0xff, 0xff, 0x66, 0x33, 0xff, 0xff, 0x66, 0x33, 0xff,
0xff, 0x66, 0x33, 0xff, 0xff, 0x66, 0x33, 0xff, 0xff, 0x66, 0x33, 0xff, 0xff, 0x66, 0x33,
0xff, 0xff, 0x66, 0x33, 0xff, 0xff, 0x66, 0x33, 0xff, 0xff, 0x66, 0x33, 0xff, 0xff, 0x66,
0x33, 0xff, 0xff, 0x66, 0x33, 0xff, 0xff, 0x66, 0x33, 0xff, 0xff, 0x66, 0x33, 0xff, 0xff,
0x66, 0x33, 0xff, 0xff, 0x66, 0x33, 0xff, 0xff, 0x66, 0x33, 0xff, 0xff, 0x66, 0x33, 0xff,
0xff, 0x66, 0x33, 0xff, 0xff, 0x66, 0x33, 0xff, 0xff, 0x66, 0x33, 0xff, 0xff, 0x66, 0x33,
0xff, 0xff, 0x66, 0x33, 0xff, 0xff, 0x66, 0x33, 0xff, 0xff, 0x66, 0x33, 0xff, 0xff, 0x66,
0x33, 0xff, 0xff, 0x66, 0x33, 0xff, 0xff, 0x66, 0x33, 0xff, 0xff, 0x66, 0x33, 0xff, 0xff,
0x66, 0x33, 0xff, 0xff, 0x66, 0x33, 0xff, 0xff, 0x66, 0x33, 0xff, 0xff, 0x66, 0x33, 0xff,
0xff, 0x66, 0x33, 0xff, 0xff, 0x66, 0x33, 0xff, 0xff, 0x66, 0x33, 0xff, 0xff, 0x66, 0x33,
0xff, 0xff, 0x66, 0x33, 0xff, 0xff, 0x66, 0x33, 0xff, 0xff, 0x66, 0x33, 0xff, 0xff, 0x66,
0x33, 0xff, 0xff, 0x66, 0x33, 0xff, 0xff, 0x66, 0x33, 0xff, 0xff, 0x66, 0x33, 0xff, 0xff,
0x66, 0x33, 0xff, 0xff, 0x66, 0x33, 0xff, 0xff, 0x66, 0x33, 0xff, 0xff, 0x66, 0x33, 0xff,
0xff, 0x66, 0x33, 0xff, 0xff, 0x66, 0x33, 0xff, 0xff, 0x66, 0x33, 0xff, 0xff, 0x66, 0x33,
0xff, 0xff, 0x66, 0x33, 0xff, 0xff, 0x66, 0x33, 0xff, 0xff, 0x66, 0x33, 0xff, 0xff, 0x66,
0x33, 0xff, 0xff, 0x66, 0x33, 0xff, 0xff, 0x66, 0x33, 0xff, 0xff, 0x66, 0x33, 0xff, 0xff,
0x66, 0x33, 0xff, 0xff, 0x66, 0x33, 0xff, 0xff, 0x66, 0x33, 0xff, 0xff, 0x66, 0x33, 0xff,
0xff, 0x66, 0x33, 0xff, 0xff, 0x66, 0x33, 0xff, 0xff, 0x66, 0x33, 0xff, 0xff, 0x66, 0x33,
0xff, 0xff, 0x66, 0x33, 0xff, 0xff, 0x66, 0x33, 0xff, 0xff, 0x66, 0x33, 0xff, 0xff, 0x66,
0x33, 0xff, 0xee, 0x5c, 0x2e, 0xec, 0x27, 0x56, 0x2b, 0xe3, 0x00, 0x57, 0x2b, 0xe3, 0x00,
0x57, 0x2b, 0xe3, 0x00, 0x57, 0x2b, 0xe3, 0x00, 0x57, 0x2b, 0xe3, 0x00, 0x57, 0x2b, 0xe3,
0x00, 0x57, 0x2b, 0xe3, 0x00, 0x57, 0x2b, 0xe3, 0x00, 0x57, 0x2b, 0xe3, 0x00, 0x57, 0x2b,
0xe3, 0x00, 0xff, 0xff, 0xff, 0x00, 0xff, 0xff, 0xff, 0x00, 0xff, 0xff, 0xff, 0x00, 0xff,
0xff, 0xff, 0x00, 0xff, 0xff, 0xff, 0x00, 0xff, 0xff, 0xff, 0x00, 0xff, 0xff, 0xff, 0x00,
0xff, 0xff, 0xff, 0x00, 0xff, 0xff, 0xff, 0x00, 0xff, 0xff, 0xff, 0x00, 0xff, 0xff, 0xff,
0x00, 0xff, 0xff, 0xff, 0x00, 0xff, 0xff, 0xff, 0x00, 0xff, 0xff, 0xff, 0x00, 0xff, 0xff,
0xff, 0x00, 0xff, 0xff, 0xff, 0x00, 0xff, 0xff, 0xff, 0x00, 0x23, 0x13, 0x51, 0x00, 0x23,
0x13, 0x51, 0x00, 0x23, 0x13, 0x51, 0x00, 0x23, 0x13, 0x51, 0x00, 0x23, 0x13, 0x51, 0x00,
0x23, 0x13, 0x51, 0x00, 0x23, 0x13, 0x51, 0x00, 0x23, 0x13, 0x51, 0x00, 0x22, 0x12, 0x51,
0x00, 0x2d, 0x18, 0x71, 0x14, 0x62, 0x31, 0xf5, 0xe2, 0x67, 0x34, 0xff, 0xff, 0x66, 0x33,
0xff, 0xff, 0x66, 0x33, 0xff, 0xff, 0x66, 0x33, 0xff, 0xff, 0x66, 0x33, 0xff, 0xff, 0x66,
0x33, 0xff, 0xff, 0x66, 0x33, 0xff, 0xff, 0x66, 0x33, 0xff, 0xff, 0x66, 0x33, 0xff, 0xff,
0x66, 0x33, 0xff, 0xff, 0x66, 0x33, 0xff, 0xff, 0x66, 0x33, 0xff, 0xff, 0x66, 0x33, 0xff,
0xff, 0x66, 0x33, 0xff, 0xff, 0x66, 0x33, 0xff, 0xff, 0x66, 0x33, 0xff, 0xff, 0x66, 0x33,
0xff, 0xff, 0x66, 0x33, 0xff, 0xff, 0x66, 0x33, 0xff, 0xff, 0x66, 0x33, 0xff, 0xff, 0x66,
0x33, 0xff, 0xff, 0x66, 0x33, 0xff, 0xff, 0x66, 0x33, 0xff, 0xff, 0x66, 0x33, 0xff, 0xff,
0x66, 0x33, 0xff, 0xff, 0x66, 0x33, 0xff, 0xff, 0x66, 0x33, 0xff, 0xff, 0x66, 0x33, 0xff,
0xff, 0x66, 0x33, 0xff, 0xff, 0x66, 0x33, 0xff, 0xff, 0x66, 0x33, 0xff, 0xff, 0x66, 0x33,
0xff, 0xff, 0x66, 0x33, 0xff, 0xff, 0x66, 0x33, 0xff, 0xff, 0x66, 0x33, 0xff, 0xff, 0x66,
0x33, 0xff, 0xff, 0x66, 0x33, 0xff, 0xff, 0x66, 0x33, 0xff, 0xff, 0x66, 0x33, 0xff, 0xff,
0x66, 0x33, 0xff, 0xff, 0x66, 0x33, 0xff, 0xff, 0x66, 0x33, 0xff, 0xff, 0x66, 0x33, 0xff,
0xff, 0x66, 0x33, 0xff, 0xff, 0x66, 0x33, 0xff, 0xff, 0x66, 0x33, 0xff, 0xff, 0x66, 0x33,
0xff, 0xff, 0x66, 0x33, 0xff, 0xff, 0x66, 0x33, 0xff, 0xff, 0x66, 0x33, 0xff, 0xff, 0x66,
0x33, 0xff, 0xff, 0x66, 0x33, 0xff, 0xff, 0x66, 0x33, 0xff, 0xff, 0x66, 0x33, 0xff, 0xff,
0x66, 0x33, 0xff, 0xff, 0x66, 0x33, 0xff, 0xff, 0x66, 0x33, 0xff, 0xff, 0x66, 0x33, 0xff,
0xff, 0x66, 0x33, 0xff, 0xff, 0x66, 0x33, 0xff, 0xff, 0x66, 0x33, 0xff, 0xff, 0x66, 0x33,
0xff, 0xff, 0x66, 0x33, 0xff, 0xff, 0x66, 0x33, 0xff, 0xff, 0x66, 0x33, 0xff, 0xff, 0x66,
0x33, 0xff, 0xff, 0x66, 0x33, 0xff, 0xff, 0x66, 0x33, 0xff, 0xff, 0x66, 0x33, 0xff, 0xff,
0x66, 0x33, 0xff, 0xff, 0x66, 0x33, 0xff, 0xff, 0x66, 0x33, 0xff, 0xff, 0x66, 0x33, 0xff,
0xff, 0x66, 0x33, 0xff, 0xff, 0x66, 0x33, 0xff, 0xff, 0x66, 0x33, 0xff, 0xff, 0x66, 0x33,
0xff, 0xff, 0x66, 0x33, 0xff, 0xff, 0x66, 0x33, 0xff, 0xff, 0x66, 0x33, 0xff, 0xff, 0x66,
0x33, 0xff, 0xff, 0x66, 0x33, 0xff, 0xff, 0x66, 0x33, 0xff, 0xff, 0x66, 0x33, 0xff, 0xff,
0x66, 0x33, 0xff, 0xff, 0x66, 0x33, 0xff, 0xff, 0x66, 0x33, 0xff, 0xff, 0x66, 0x33, 0xff,
0xff, 0x66, 0x33, 0xff, 0xff, 0x65, 0x32, 0xfd, 0xce, 0x61, 0x26, 0xe8, 0x07, 0x66, 0x28,
0xf2, 0x00, 0x67, 0x28, 0xf5, 0x00, 0x67, 0x28, 0xf5, 0x00, 0x67, 0x28, 0xf5, 0x00, 0x67,
0x28, 0xf5, 0x00, 0x67, 0x28, 0xf5, 0x00, 0x67, 0x28, 0xf5, 0x00, 0x67, 0x28, 0xf5, 0x00,
0x67, 0x28, 0xf5, 0x00, 0xff, 0xff, 0xff, 0x00, 0xff, 0xff, 0xff, 0x00, 0xff, 0xff, 0xff,
0x00, 0xff, 0xff, 0xff, 0x00, 0xff, 0xff, 0xff, 0x00, 0xff, 0xff, 0xff, 0x00, 0xff, 0xff,
0xff, 0x00, 0xff, 0xff, 0xff, 0x00, 0xff, 0xff, 0xff, 0x00, 0xff, 0xff, 0xff, 0x00, 0xff,
0xff, 0xff, 0x00, 0xff, 0xff, 0xff, 0x00, 0xff, 0xff, 0xff, 0x00, 0xff, 0xff, 0xff, 0x00,
0xff, 0xff, 0xff, 0x00, 0xff, 0xff, 0xff, 0x00, 0xff, 0xff, 0xff, 0x00, 0x0c, 0x06, 0x33,
0x00, 0x0c, 0x06, 0x33, 0x00, 0x0c, 0x06, 0x33, 0x00, 0x0c, 0x06, 0x33, 0x00, 0x0c, 0x06,
0x33, 0x00, 0x0c, 0x06, 0x33, 0x00, 0x0c, 0x06, 0x33, 0x00, 0x0b, 0x05, 0x31, 0x00, 0x14,
0x0a, 0x43, 0x00, 0x66, 0x32, 0xfc, 0xa8, 0x68, 0x34, 0xff, 0xff, 0x66, 0x33, 0xff, 0xff,
0x66, 0x33, 0xff, 0xff, 0x66, 0x33, 0xff, 0xff, 0x66, 0x33, 0xff, 0xff, 0x66, 0x33, 0xff,
0xff, 0x66, 0x33, 0xff, 0xff, 0x66, 0x33, 0xff, 0xff, 0x66, 0x33, 0xff, 0xff, 0x66, 0x33,
0xff, 0xff, 0x66, 0x33, 0xff, 0xff, 0x66, 0x33, 0xff, 0xff, 0x66, 0x33, 0xff, 0xff, 0x66,
0x33, 0xff, 0xff, 0x66, 0x33, 0xff, 0xff, 0x66, 0x33, 0xff, 0xff, 0x66, 0x33, 0xff, 0xff,
0x66, 0x33, 0xff, 0xff, 0x66, 0x33, 0xff, 0xff, 0x66, 0x33, 0xff, 0xff, 0x66, 0x33, 0xff,
0xff, 0x66, 0x33, 0xff, 0xff, 0x66, 0x33, 0xff, 0xff, 0x65, 0x32, 0xff, 0xff, 0x64, 0x30,
0xff, 0xff, 0x63, 0x2f, 0xff, 0xff, 0x63, 0x2f, 0xff, 0xff, 0x64, 0x30, 0xff, 0xff, 0x64,
0x31, 0xff, 0xff, 0x66, 0x32, 0xff, 0xff, 0x66, 0x33, 0xff, 0xff, 0x66, 0x33, 0xff, 0xff,
0x66, 0x33, 0xff, 0xff, 0x66, 0x33, 0xff, 0xff, 0x66, 0x33, 0xff, 0xff, 0x66, 0x33, 0xff,
0xff, 0x66, 0x33, 0xff, 0xff, 0x66, 0x33, 0xff, 0xff, 0x66, 0x33, 0xff, 0xff, 0x66, 0x33,
0xff, 0xff, 0x66, 0x33, 0xff, 0xff, 0x66, 0x33, 0xff, 0xff, 0x66, 0x33, 0xff, 0xff, 0x66,
0x33, 0xff, 0xff, 0x66, 0x33, 0xff, 0xff, 0x66, 0x33, 0xff, 0xff, 0x66, 0x33, 0xff, 0xff,
0x66, 0x33, 0xff, 0xff, 0x66, 0x33, 0xff, 0xff, 0x66, 0x33, 0xff, 0xff, 0x66, 0x33, 0xff,
0xff, 0x66, 0x33, 0xff, 0xff, 0x66, 0x33, 0xff, 0xff, 0x66, 0x33, 0xff, 0xff, 0x66, 0x33,
0xff, 0xff, 0x66, 0x33, 0xff, 0xff, 0x66, 0x33, 0xff, 0xff, 0x66, 0x33, 0xff, 0xff, 0x66,
0x33, 0xff, 0xff, 0x66, 0x33, 0xff, 0xff, 0x66, 0x33, 0xff, 0xff, 0x66, 0x33, 0xff, 0xff,
0x65, 0x31, 0xff, 0xff, 0x64, 0x30, 0xff, 0xff, 0x63, 0x2f, 0xff, 0xff, 0x63, 0x2f, 0xff,
0xff, 0x64, 0x30, 0xff, 0xff, 0x65, 0x31, 0xff, 0xff, 0x66, 0x33, 0xff, 0xff, 0x66, 0x33,
0xff, 0xff, 0x66, 0x33, 0xff, 0xff, 0x66, 0x33, 0xff, 0xff, 0x66, 0x33, 0xff, 0xff, 0x66,
0x33, 0xff, 0xff, 0x66, 0x33, 0xff, 0xff, 0x66, 0x33, 0xff, 0xff, 0x66, 0x33, 0xff, 0xff,
0x66, 0x33, 0xff, 0xff, 0x66, 0x33, 0xff, 0xff, 0x66, 0x33, 0xff, 0xff, 0x66, 0x33, 0xff,
0xff, 0x66, 0x33, 0xff, 0xff, 0x66, 0x33, 0xff, 0xff, 0x66, 0x33, 0xff, 0xff, 0x66, 0x33,
0xff, 0xff, 0x66, 0x33, 0xff, 0xff, 0x66, 0x33, 0xff, 0xff, 0x66, 0x33, 0xff, 0xff, 0x66,
0x33, 0xff, 0xff, 0x66, 0x33, 0xff, 0xff, 0x67, 0x34, 0xff, 0xff, 0x61, 0x30, 0xf1, 0x91,
0x32, 0x19, 0x7a, 0x00, 0x2e, 0x17, 0x71, 0x00, 0x2f, 0x17, 0x72, 0x00, 0x2f, 0x17, 0x72,
0x00, 0x2f, 0x17, 0x72, 0x00, 0x2f, 0x17, 0x72, 0x00, 0x2f, 0x17, 0x72, 0x00, 0x2f, 0x17,
0x72, 0x00, 0x2f, 0x17, 0x72, 0x00, 0xff, 0xff, 0xff, 0x00, 0xff, 0xff, 0xff, 0x00, 0xff,
0xff, 0xff, 0x00, 0xff, 0xff, 0xff, 0x00, 0xff, 0xff, 0xff, 0x00, 0xff, 0xff, 0xff, 0x00,
0xff, 0xff, 0xff, 0x00, 0xff, 0xff, 0xff, 0x00, 0xff, 0xff, 0xff, 0x00, 0xff, 0xff, 0xff,
0x00, 0xff, 0xff, 0xff, 0x00, 0xff, 0xff, 0xff, 0x00, 0xff, 0xff, 0xff, 0x00, 0xff, 0xff,
0xff, 0x00, 0xff, 0xff, 0xff, 0x00, 0xff, 0xff, 0xff, 0x00, 0xff, 0xff, 0xff, 0x00, 0x07,
0x05, 0x83, 0x00, 0x07, 0x05, 0x83, 0x00, 0x07, 0x05, 0x83, 0x00, 0x07, 0x05, 0x83, 0x00,
0x07, 0x05, 0x83, 0x00, 0x07, 0x05, 0x83, 0x00, 0x07, 0x05, 0x83, 0x00, 0x06, 0x03, 0x7d,
0x00, 0x33, 0x1a, 0xba, 0x59, 0x6a, 0x35, 0xff, 0xff, 0x66, 0x33, 0xff, 0xff, 0x66, 0x33,
0xff, 0xff, 0x66, 0x33, 0xff, 0xff, 0x66, 0x33, 0xff, 0xff, 0x66, 0x33, 0xff, 0xff, 0x66,
0x33, 0xff, 0xff, 0x66, 0x33, 0xff, 0xff, 0x66, 0x33, 0xff, 0xff, 0x66, 0x33, 0xff, 0xff,
0x66, 0x33, 0xff, 0xff, 0x66, 0x33, 0xff, 0xff, 0x66, 0x33, 0xff, 0xff, 0x66, 0x33, 0xff,
0xff, 0x66, 0x33, 0xff, 0xff, 0x66, 0x33, 0xff, 0xff, 0x66, 0x33, 0xff, 0xff, 0x66, 0x33,
0xff, 0xff, 0x66, 0x33, 0xff, 0xff, 0x66, 0x33, 0xff, 0xff, 0x63, 0x2f, 0xff, 0xff, 0x60,
0x2b, 0xff, 0xff, 0x5d, 0x27, 0xff, 0xff, 0x5f, 0x29, 0xff, 0xff, 0x65, 0x32, 0xff, 0xff,
0x6d, 0x3c, 0xff, 0xff, 0x70, 0x41, 0xff, 0xff, 0x70, 0x41, 0xff, 0xff, 0x6e, 0x3d, 0xff,
0xff, 0x68, 0x36, 0xff, 0xff, 0x61, 0x2c, 0xff, 0xff, 0x5d, 0x27, 0xff, 0xff, 0x5e, 0x28,
0xff, 0xff, 0x61, 0x2c, 0xff, 0xff, 0x64, 0x31, 0xff, 0xff, 0x66, 0x33, 0xff, 0xff, 0x66,
0x33, 0xff, 0xff, 0x66, 0x33, 0xff, 0xff, 0x66, 0x33, 0xff, 0xff, 0x66, 0x33, 0xff, 0xff,
0x66, 0x33, 0xff, 0xff, 0x66, 0x33, 0xff, 0xff, 0x66, 0x33, 0xff, 0xff, 0x66, 0x33, 0xff,
0xff, 0x66, 0x33, 0xff, 0xff, 0x66, 0x33, 0xff, 0xff, 0x66, 0x33, 0xff, 0xff, 0x66, 0x33,
0xff, 0xff, 0x66, 0x33, 0xff, 0xff, 0x66, 0x33, 0xff, 0xff, 0x66, 0x33, 0xff, 0xff, 0x66,
0x33, 0xff, 0xff, 0x66, 0x33, 0xff, 0xff, 0x66, 0x33, 0xff, 0xff, 0x66, 0x33, 0xff, 0xff,
0x66, 0x33, 0xff, 0xff, 0x66, 0x33, 0xff, 0xff, 0x66, 0x33, 0xff, 0xff, 0x65, 0x32, 0xff,
0xff, 0x61, 0x2d, 0xff, 0xff, 0x5e, 0x29, 0xff, 0xff, 0x5d, 0x27, 0xff, 0xff, 0x60, 0x2b,
0xff, 0xff, 0x67, 0x34, 0xff, 0xff, 0x6d, 0x3d, 0xff, 0xff, 0x70, 0x41, 0xff, 0xff, 0x70,
0x41, 0xff, 0xff, 0x6d, 0x3d, 0xff, 0xff, 0x66, 0x34, 0xff, 0xff, 0x5f, 0x2a, 0xff, 0xff,
0x5d, 0x27, 0xff, 0xff, 0x5f, 0x2a, 0xff, 0xff, 0x62, 0x2e, 0xff, 0xff, 0x65, 0x32, 0xff,
0xff, 0x66, 0x33, 0xff, 0xff, 0x66, 0x33, 0xff, 0xff, 0x66, 0x33, 0xff, 0xff, 0x66, 0x33,
0xff, 0xff, 0x66, 0x33, 0xff, 0xff, 0x66, 0x33, 0xff, 0xff, 0x66, 0x33, 0xff, 0xff, 0x66,
0x33, 0xff, 0xff, 0x66, 0x33, 0xff, 0xff, 0x66, 0x33, 0xff, 0xff, 0x66, 0x33, 0xff, 0xff,
0x66, 0x33, 0xff, 0xff, 0x66, 0x33, 0xff, 0xff, 0x66, 0x33, 0xff, 0xff, 0x66, 0x33, 0xff,
0xff, 0x66, 0x33, 0xff, 0xff, 0x66, 0x33, 0xff, 0xff, 0x67, 0x33, 0xff, 0xff, 0x68, 0x34,
0xfa, 0xfd, 0x2a, 0x15, 0x69, 0x41, 0x0c, 0x06, 0x1b, 0x00, 0x0e, 0x08, 0x1e, 0x00, 0x0e,
0x08, 0x1e, 0x00, 0x0e, 0x08, 0x1e, 0x00, 0x0e, 0x08, 0x1e, 0x00, 0x0e, 0x08, 0x1e, 0x00,
0x0e, 0x08, 0x1e, 0x00, 0x0e, 0x08, 0x1e, 0x00, 0xff, 0xff, 0xff, 0x00, 0xff, 0xff, 0xff,
0x00, 0xff, 0xff, 0xff, 0x00, 0xff, 0xff, 0xff, 0x00, 0xff, 0xff, 0xff, 0x00, 0xff, 0xff,
0xff, 0x00, 0xff, 0xff, 0xff, 0x00, 0xff, 0xff, 0xff, 0x00, 0xff, 0xff, 0xff, 0x00, 0xff,
0xff, 0xff, 0x00, 0xff, 0xff, 0xff, 0x00, 0xff, 0xff, 0xff, 0x00, 0xff, 0xff, 0xff, 0x00,
0xff, 0xff, 0xff, 0x00, 0xff, 0xff, 0xff, 0x00, 0xff, 0xff, 0xff, 0x00, 0xff, 0xff, 0xff,
0x00, 0x56, 0x27, 0xea, 0x00, 0x56, 0x27, 0xea, 0x00, 0x56, 0x27, 0xea, 0x00, 0x56, 0x27,
0xea, 0x00, 0x56, 0x27, 0xea, 0x00, 0x56, 0x27, 0xea, 0x00, 0x55, 0x26, 0xe9, 0x00, 0x5a,
0x2b, 0xee, 0x1a, 0x68, 0x34, 0xff, 0xee, 0x67, 0x33, 0xff, 0xff, 0x66, 0x33, 0xff, 0xff,
0x66, 0x33, 0xff, 0xff, 0x66, 0x33, 0xff, 0xff, 0x66, 0x33, 0xff, 0xff, 0x66, 0x33, 0xff,
0xff, 0x66, 0x33, 0xff, 0xff, 0x66, 0x33, 0xff, 0xff, 0x66, 0x33, 0xff, 0xff, 0x66, 0x33,
0xff, 0xff, 0x66, 0x33, 0xff, 0xff, 0x66, 0x33, 0xff, 0xff, 0x66, 0x33, 0xff, 0xff, 0x66,
0x33, 0xff, 0xff, 0x66, 0x33, 0xff, 0xff, 0x66, 0x33, 0xff, 0xff, 0x66, 0x33, 0xff, 0xff,
0x64, 0x31, 0xff, 0xff, 0x5f, 0x2a, 0xff, 0xff, 0x5f, 0x2a, 0xff, 0xff, 0x73, 0x44, 0xff,
0xff, 0x88, 0x60, 0xff, 0xff, 0xa8, 0x8a, 0xff, 0xff, 0xc9, 0xb7, 0xff, 0xff, 0xdf, 0xd5,
0xfe, 0xff, 0xec, 0xe6, 0xfe, 0xff, 0xf2, 0xee, 0xfe, 0xff, 0xf3, 0xef, 0xfe, 0xff, 0xee,
0xe9, 0xfe, 0xff, 0xe4, 0xdb, 0xfe, 0xff, 0xd5, 0xc7, 0xff, 0xff, 0xba, 0xa4, 0xff, 0xff,
0x97, 0x74, 0xff, 0xff, 0x7e, 0x53, 0xff, 0xff, 0x69, 0x36, 0xff, 0xff, 0x5d, 0x27, 0xff,
0xff, 0x62, 0x2e, 0xff, 0xff, 0x66, 0x33, 0xff, 0xff, 0x66, 0x33, 0xff, 0xff, 0x66, 0x33,
0xff, 0xff, 0x66, 0x33, 0xff, 0xff, 0x66, 0x33, 0xff, 0xff, 0x66, 0x33, 0xff, 0xff, 0x66,
0x33, 0xff, 0xff, 0x66, 0x33, 0xff, 0xff, 0x66, 0x33, 0xff, 0xff, 0x66, 0x33, 0xff, 0xff,
0x66, 0x33, 0xff, 0xff, 0x66, 0x33, 0xff, 0xff, 0x66, 0x33, 0xff, 0xff, 0x66, 0x33, 0xff,
0xff, 0x66, 0x33, 0xff, 0xff, 0x66, 0x33, 0xff, 0xff, 0x66, 0x33, 0xff, 0xff, 0x66, 0x33,
0xff, 0xff, 0x66, 0x33, 0xff, 0xff, 0x63, 0x2f, 0xff, 0xff, 0x5e, 0x28, 0xff, 0xff, 0x65,
0x32, 0xff, 0xff, 0x7b, 0x4f, 0xff, 0xff, 0x92, 0x6e, 0xff, 0xff, 0xb5, 0x9d, 0xff, 0xff,
0xd2, 0xc2, 0xff, 0xff, 0xe2, 0xd9, 0xfe, 0xff, 0xed, 0xe7, 0xfe, 0xff, 0xf2, 0xef, 0xfe,
0xff, 0xf3, 0xef, 0xfe, 0xff, 0xed, 0xe8, 0xfe, 0xff, 0xe1, 0xd8, 0xfe, 0xff, 0xce, 0xbd,
0xff, 0xff, 0xae, 0x93, 0xff, 0xff, 0x8b, 0x64, 0xff, 0xff, 0x76, 0x48, 0xff, 0xff, 0x61,
0x2c, 0xff, 0xff, 0x5e, 0x29, 0xff, 0xff, 0x64, 0x30, 0xff, 0xff, 0x66, 0x33, 0xff, 0xff,
0x66, 0x33, 0xff, 0xff, 0x66, 0x33, 0xff, 0xff, 0x66, 0x33, 0xff, 0xff, 0x66, 0x33, 0xff,
0xff, 0x66, 0x33, 0xff, 0xff, 0x66, 0x33, 0xff, 0xff, 0x66, 0x33, 0xff, 0xff, 0x66, 0x33,
0xff, 0xff, 0x66, 0x33, 0xff, 0xff, 0x66, 0x33, 0xff, 0xff, 0x66, 0x33, 0xff, 0xff, 0x66,
0x33, 0xff, 0xff, 0x66, 0x33, 0xff, 0xff, 0x66, 0x33, 0xff, 0xff, 0x66, 0x33, 0xff, 0xff,
0x67, 0x33, 0xff, 0xff, 0x68, 0x34, 0xff, 0xd9, 0x56, 0x27, 0xdf, 0x07, 0x4b, 0x21, 0xcf,
0x00, 0x4b, 0x21, 0xd1, 0x00, 0x4b, 0x21, 0xd1, 0x00, 0x4b, 0x21, 0xd1, 0x00, 0x4b, 0x21,
0xd1, 0x00, 0x4b, 0x21, 0xd1, 0x00, 0x4b, 0x21, 0xd1, 0x00, 0xff, 0xff, 0xff, 0x00, 0xff,
0xff, 0xff, 0x00, 0xff, 0xff, 0xff, 0x00, 0xff, 0xff, 0xff, 0x00, 0xff, 0xff, 0xff, 0x00,
0xff, 0xff, 0xff, 0x00, 0xff, 0xff, 0xff, 0x00, 0xff, 0xff, 0xff, 0x00, 0xff, 0xff, 0xff,
0x00, 0xff, 0xff, 0xff, 0x00, 0xff, 0xff, 0xff, 0x00, 0xff, 0xff, 0xff, 0x00, 0xff, 0xff,
0xff, 0x00, 0xff, 0xff, 0xff, 0x00, 0xff, 0xff, 0xff, 0x00, 0xff, 0xff, 0xff, 0x00, 0xff,
0xff, 0xff, 0x00, 0x41, 0x0b, 0xd6, 0x00, 0x41, 0x0b, 0xd6, 0x00, 0x41, 0x0b, 0xd6, 0x00,
0x41, 0x0b, 0xd6, 0x00, 0x41, 0x0b, 0xd6, 0x00, 0x41, 0x0b, 0xd6, 0x00, 0x41, 0x0b, 0xd6,
0x00, 0x5e, 0x2a, 0xf7, 0xa3, 0x68, 0x35, 0xff, 0xff, 0x66, 0x33, 0xff, 0xff, 0x66, 0x33,
0xff, 0xff, 0x66, 0x33, 0xff, 0xff, 0x66, 0x33, 0xff, 0xff, 0x66, 0x33, 0xff, 0xff, 0x66,
0x33, 0xff, 0xff, 0x66, 0x33, 0xff, 0xff, 0x66, 0x33, 0xff, 0xff, 0x66, 0x33, 0xff, 0xff,
0x66, 0x33, 0xff, 0xff, 0x66, 0x33, 0xff, 0xff, 0x66, 0x33, 0xff, 0xff, 0x66, 0x33, 0xff,
0xff, 0x66, 0x33, 0xff, 0xff, 0x66, 0x33, 0xff, 0xff, 0x65, 0x32, 0xff, 0xff, 0x5e, 0x29,
0xff, 0xff, 0x67, 0x34, 0xff, 0xff, 0x89, 0x62, 0xff, 0xff, 0xc6, 0xb3, 0xff, 0xff, 0xf3,
0xef, 0xfe, 0xff, 0xff, 0xff, 0xfe, 0xff, 0xff, 0xff, 0xfe, 0xff, 0xff, 0xff, 0xfe, 0xff,
0xff, 0xff, 0xfe, 0xff, 0xff, 0xff, 0xfe, 0xff, 0xff, 0xff, 0xfe, 0xff, 0xff, 0xff, 0xfe,
0xff, 0xff, 0xff, 0xfe, 0xff, 0xff, 0xff, 0xfe, 0xff, 0xff, 0xff, 0xfe, 0xff, 0xff, 0xff,
0xfe, 0xff, 0xff, 0xff, 0xfe, 0xff, 0xfc, 0xfb, 0xfe, 0xff, 0xe3, 0xda, 0xfe, 0xff, 0xa4,
0x86, 0xff, 0xff, 0x73, 0x45, 0xff, 0xff, 0x5e, 0x28, 0xff, 0xff, 0x64, 0x30, 0xff, 0xff,
0x66, 0x33, 0xff, 0xff, 0x66, 0x33, 0xff, 0xff, 0x66, 0x33, 0xff, 0xff, 0x66, 0x33, 0xff,
0xff, 0x66, 0x33, 0xff, 0xff, 0x66, 0x33, 0xff, 0xff, 0x66, 0x33, 0xff, 0xff, 0x66, 0x33,
0xff, 0xff, 0x66, 0x33, 0xff, 0xff, 0x66, 0x33, 0xff, 0xff, 0x66, 0x33, 0xff, 0xff, 0x66,
0x33, 0xff, 0xff, 0x66, 0x33, 0xff, 0xff, 0x66, 0x33, 0xff, 0xff, 0x66, 0x33, 0xff, 0xff,
0x65, 0x31, 0xff, 0xff, 0x5e, 0x28, 0xff, 0xff, 0x6e, 0x3e, 0xff, 0xff, 0x9a, 0x79, 0xff,
0xff, 0xdc, 0xd0, 0xff, 0xff, 0xfa, 0xf9, 0xfe, 0xff, 0xff, 0xff, 0xfe, 0xff, 0xff, 0xff,
0xfe, 0xff, 0xff, 0xff, 0xfe, 0xff, 0xff, 0xff, 0xfe, 0xff, 0xff, 0xff, 0xfe, 0xff, 0xff,
0xff, 0xfe, 0xff, 0xff, 0xff, 0xfe, 0xff, 0xff, 0xff, 0xfe, 0xff, 0xff, 0xff, 0xfe, 0xff,
0xff, 0xff, 0xfe, 0xff, 0xff, 0xff, 0xfe, 0xff, 0xff, 0xff, 0xfe, 0xff, 0xf6, 0xf3, 0xfe,
0xff, 0xd0, 0xc0, 0xff, 0xff, 0x90, 0x6c, 0xff, 0xff, 0x6c, 0x3a, 0xff, 0xff, 0x5d, 0x28,
0xff, 0xff, 0x64, 0x31, 0xff, 0xff, 0x66, 0x33, 0xff, 0xff, 0x66, 0x33, 0xff, 0xff, 0x66,
0x33, 0xff, 0xff, 0x66, 0x33, 0xff, 0xff, 0x66, 0x33, 0xff, 0xff, 0x66, 0x33, 0xff, 0xff,
0x66, 0x33, 0xff, 0xff, 0x66, 0x33, 0xff, 0xff, 0x66, 0x33, 0xff, 0xff, 0x66, 0x33, 0xff,
0xff, 0x66, 0x33, 0xff, 0xff, 0x66, 0x33, 0xff, 0xff, 0x66, 0x33, 0xff, 0xff, 0x66, 0x33,
0xff, 0xff, 0x66, 0x33, 0xff, 0xff, 0x6a, 0x35, 0xff, 0xff, 0x4e, 0x26, 0xe0, 0x84, 0x34,
0x17, 0xba, 0x00, 0x35, 0x18, 0xbf, 0x00, 0x35, 0x18, 0xbf, 0x00, 0x35, 0x18, 0xbf, 0x00,
0x35, 0x18, 0xbf, 0x00, 0x35, 0x18, 0xbf, 0x00, 0x35, 0x18, 0xbf, 0x00, 0xff, 0xff, 0xff,
0x00, 0xff, 0xff, 0xff, 0x00, 0xff, 0xff, 0xff, 0x00, 0xff, 0xff, 0xff, 0x00, 0xff, 0xff,
0xff, 0x00, 0xff, 0xff, 0xff, 0x00, 0xff, 0xff, 0xff, 0x00, 0xff, 0xff, 0xff, 0x00, 0xff,
0xff, 0xff, 0x00, 0xff, 0xff, 0xff, 0x00, 0xff, 0xff, 0xff, 0x00, 0xff, 0xff, 0xff, 0x00,
0xff, 0xff, 0xff, 0x00, 0xff, 0xff, 0xff, 0x00, 0xff, 0xff, 0xff, 0x00, 0xff, 0xff, 0xff,
0x00, 0xff, 0xff, 0xff, 0x00, 0x51, 0x14, 0xde, 0x00, 0x51, 0x14, 0xde, 0x00, 0x51, 0x14,
0xde, 0x00, 0x51, 0x14, 0xde, 0x00, 0x51, 0x14, 0xde, 0x00, 0x4e, 0x12, 0xda, 0x00, 0x54,
0x1a, 0xde, 0x3e, 0x67, 0x35, 0xff, 0xff, 0x66, 0x33, 0xff, 0xff, 0x66, 0x33, 0xff, 0xff,
0x66, 0x33, 0xff, 0xff, 0x66, 0x33, 0xff, 0xff, 0x66, 0x33, 0xff, 0xff, 0x66, 0x33, 0xff,
0xff, 0x66, 0x33, 0xff, 0xff, 0x66, 0x33, 0xff, 0xff, 0x66, 0x33, 0xff, 0xff, 0x66, 0x33,
0xff, 0xff, 0x66, 0x33, 0xff, 0xff, 0x66, 0x33, 0xff, 0xff, 0x66, 0x33, 0xff, 0xff, 0x66,
0x33, 0xff, 0xff, 0x66, 0x33, 0xff, 0xff, 0x61, 0x2c, 0xff, 0xff, 0x62, 0x2e, 0xff, 0xff,
0x90, 0x6b, 0xff, 0xff, 0xdf, 0xd5, 0xff, 0xff, 0xff, 0xff, 0xfe, 0xff, 0xff, 0xff, 0xfe,
0xff, 0xff, 0xff, 0xfe, 0xff, 0xff, 0xff, 0xfe, 0xff, 0xfe, 0xfe, 0xfe, 0xff, 0xfe, 0xfe,
0xfe, 0xff, 0xfe, 0xfe, 0xfe, 0xff, 0xfe, 0xfe, 0xfe, 0xff, 0xfe, 0xfe, 0xfe, 0xff, 0xfe,
0xfe, 0xfe, 0xff, 0xfe, 0xfe, 0xfe, 0xff, 0xfe, 0xfe, 0xfe, 0xff, 0xfe, 0xfe, 0xfe, 0xff,
0xfe, 0xfe, 0xfe, 0xff, 0xfe, 0xfe, 0xfe, 0xff, 0xff, 0xff, 0xfe, 0xff, 0xff, 0xff, 0xfe,
0xff, 0xff, 0xff, 0xfe, 0xff, 0xf3, 0xef, 0xfe, 0xff, 0xaa, 0x8e, 0xff, 0xff, 0x69, 0x37,
0xff, 0xff, 0x60, 0x2a, 0xff, 0xff, 0x66, 0x33, 0xff, 0xff, 0x66, 0x33, 0xff, 0xff, 0x66,
0x33, 0xff, 0xff, 0x66, 0x33, 0xff, 0xff, 0x66, 0x33, 0xff, 0xff, 0x66, 0x33, 0xff, 0xff,
0x66, 0x33, 0xff, 0xff, 0x66, 0x33, 0xff, 0xff, 0x66, 0x33, 0xff, 0xff, 0x66, 0x33, 0xff,
0xff, 0x66, 0x33, 0xff, 0xff, 0x66, 0x33, 0xff, 0xff, 0x66, 0x33, 0xff, 0xff, 0x61, 0x2c,
0xff, 0xff, 0x64, 0x30, 0xff, 0xff, 0x9c, 0x7b, 0xff, 0xff, 0xed, 0xe7, 0xfe, 0xff, 0xff,
0xff, 0xfe, 0xff, 0xff, 0xff, 0xfe, 0xff, 0xff, 0xff, 0xfe, 0xff, 0xfe, 0xff, 0xfe, 0xff,
0xfe, 0xfe, 0xfe, 0xff, 0xfe, 0xfe, 0xfe, 0xff, 0xfe, 0xfe, 0xfe, 0xff, 0xfe, 0xfe, 0xfe,
0xff, 0xfe, 0xfe, 0xfe, 0xff, 0xfe, 0xfe, 0xfe, 0xff, 0xfe, 0xfe, 0xfe, 0xff, 0xfe, 0xfe,
0xfe, 0xff, 0xfe, 0xfe, 0xfe, 0xff, 0xfe, 0xfe, 0xfe, 0xff, 0xff, 0xff, 0xfe, 0xff, 0xff,
0xff, 0xfe, 0xff, 0xff, 0xff, 0xfe, 0xff, 0xff, 0xff, 0xfe, 0xff, 0xe8, 0xe0, 0xfe, 0xff,
0x9b, 0x79, 0xff, 0xff, 0x67, 0x34, 0xff, 0xff, 0x60, 0x2a, 0xff, 0xff, 0x66, 0x33, 0xff,
0xff, 0x66, 0x33, 0xff, 0xff, 0x66, 0x33, 0xff, 0xff, 0x66, 0x33, 0xff, 0xff, 0x66, 0x33,
0xff, 0xff, 0x66, 0x33, 0xff, 0xff, 0x66, 0x33, 0xff, 0xff, 0x66, 0x33, 0xff, 0xff, 0x66,
0x33, 0xff, 0xff, 0x66, 0x33, 0xff, 0xff, 0x66, 0x33, 0xff, 0xff, 0x66, 0x33, 0xff, 0xff,
0x66, 0x33, 0xff, 0xff, 0x66, 0x33, 0xff, 0xff, 0x66, 0x33, 0xff, 0xff, 0x69, 0x34, 0xff,
0xf2, 0x5e, 0x2e, 0xf3, 0x20, 0x59, 0x2b, 0xeb, 0x00, 0x5a, 0x2b, 0xec, 0x00, 0x5a, 0x2b,
0xec, 0x00, 0x5a, 0x2b, 0xec, 0x00, 0x5a, 0x2b, 0xec, 0x00, 0x5a, 0x2b, 0xec, 0x00, 0xff,
0xff, 0xff, 0x00, 0xff, 0xff, 0xff, 0x00, 0xff, 0xff, 0xff, 0x00, 0xff, 0xff, 0xff, 0x00,
0xff, 0xff, 0xff, 0x00, 0xff, 0xff, 0xff, 0x00, 0xff, 0xff, 0xff, 0x00, 0xff, 0xff, 0xff,
0x00, 0xff, 0xff, 0xff, 0x00, 0xff, 0xff, 0xff, 0x00, 0xff, 0xff, 0xff, 0x00, 0xff, 0xff,
0xff, 0x00, 0xff, 0xff, 0xff, 0x00, 0xff, 0xff, 0xff, 0x00, 0xff, 0xff, 0xff, 0x00, 0xff,
0xff, 0xff, 0x00, 0xff, 0xff, 0xff, 0x00, 0x34, 0x16, 0x88, 0x00, 0x34, 0x16, 0x88, 0x00,
0x34, 0x16, 0x88, 0x00, 0x34, 0x16, 0x88, 0x00, 0x34, 0x16, 0x88, 0x00, 0x3c, 0x1b, 0x9b,
0x06, 0x65, 0x33, 0xfc, 0xcf, 0x67, 0x33, 0xff, 0xff, 0x66, 0x33, 0xff, 0xff, 0x66, 0x33,
0xff, 0xff, 0x66, 0x33, 0xff, 0xff, 0x66, 0x33, 0xff, 0xff, 0x66, 0x33, 0xff, 0xff, 0x66,
0x33, 0xff, 0xff, 0x66, 0x33, 0xff, 0xff, 0x66, 0x33, 0xff, 0xff, 0x66, 0x33, 0xff, 0xff,
0x66, 0x33, 0xff, 0xff, 0x66, 0x33, 0xff, 0xff, 0x66, 0x33, 0xff, 0xff, 0x66, 0x33, 0xff,
0xff, 0x66, 0x32, 0xff, 0xff, 0x5e, 0x29, 0xff, 0xff, 0x77, 0x4a, 0xff, 0xff, 0xcf, 0xbe,
0xff, 0xff, 0xff, 0xff, 0xfe, 0xff, 0xff, 0xff, 0xfe, 0xff, 0xff, 0xff, 0xfe, 0xff, 0xfe,
0xfe, 0xfe, 0xff, 0xfe, 0xfe, 0xfe, 0xff, 0xfe, 0xfe, 0xfe, 0xff, 0xfe, 0xfe, 0xfe, 0xff,
0xfe, 0xfe, 0xfe, 0xff, 0xfe, 0xfe, 0xfe, 0xff, 0xfe, 0xfe, 0xfe, 0xff, 0xfe, 0xfe, 0xfe,
0xff, 0xfe, 0xfe, 0xfe, 0xff, 0xfe, 0xfe, 0xfe, 0xff, 0xfe, 0xfe, 0xfe, 0xff, 0xfe, 0xfe,
0xfe, 0xff, 0xfe, 0xfe, 0xfe, 0xff, 0xfe, 0xfe, 0xfe, 0xff, 0xfe, 0xfe, 0xfe, 0xff, 0xfe,
0xfe, 0xfe, 0xff, 0xfe, 0xfe, 0xfe, 0xff, 0xff, 0xff, 0xfe, 0xff, 0xff, 0xff, 0xfe, 0xff,
0xe0, 0xd6, 0xfe, 0xff, 0x7e, 0x53, 0xff, 0xff, 0x5e, 0x28, 0xff, 0xff, 0x66, 0x33, 0xff,
0xff, 0x66, 0x33, 0xff, 0xff, 0x66, 0x33, 0xff, 0xff, 0x66, 0x33, 0xff, 0xff, 0x66, 0x33,
0xff, 0xff, 0x66, 0x33, 0xff, 0xff, 0x66, 0x33, 0xff, 0xff, 0x66, 0x33, 0xff, 0xff, 0x66,
0x33, 0xff, 0xff, 0x66, 0x33, 0xff, 0xff, 0x66, 0x33, 0xff, 0xff, 0x5f, 0x29, 0xff, 0xff,
0x75, 0x46, 0xff, 0xff, 0xd2, 0xc4, 0xff, 0xff, 0xff, 0xff, 0xfe, 0xff, 0xff, 0xff, 0xfe,
0xff, 0xfe, 0xff, 0xfe, 0xff, 0xfe, 0xfe, 0xfe, 0xff, 0xfe, 0xfe, 0xfe, 0xff, 0xfe, 0xfe,
0xfe, 0xff, 0xfe, 0xfe, 0xfe, 0xff, 0xfe, 0xfe, 0xfe, 0xff, 0xfe, 0xfe, 0xfe, 0xff, 0xfe,
0xfe, 0xfe, 0xff, 0xfe, 0xfe, 0xfe, 0xff, 0xfe, 0xfe, 0xfe, 0xff, 0xfe, 0xfe, 0xfe, 0xff,
0xfe, 0xfe, 0xfe, 0xff, 0xfe, 0xfe, 0xfe, 0xff, 0xfe, 0xfe, 0xfe, 0xff, 0xfe, 0xfe, 0xfe,
0xff, 0xfe, 0xfe, 0xfe, 0xff, 0xfe, 0xfe, 0xfe, 0xff, 0xff, 0xff, 0xfe, 0xff, 0xff, 0xff,
0xfe, 0xff, 0xff, 0xff, 0xfe, 0xff, 0xdc, 0xd0, 0xff, 0xff, 0x80, 0x56, 0xff, 0xff, 0x5d,
0x28, 0xff, 0xff, 0x65, 0x32, 0xff, 0xff, 0x66, 0x33, 0xff, 0xff, 0x66, 0x33, 0xff, 0xff,
0x66, 0x33, 0xff, 0xff, 0x66, 0x33, 0xff, 0xff, 0x66, 0x33, 0xff, 0xff, 0x66, 0x33, 0xff,
0xff, 0x66, 0x33, 0xff, 0xff, 0x66, 0x33, 0xff, 0xff, 0x66, 0x33, 0xff, 0xff, 0x66, 0x33,
0xff, 0xff, 0x66, 0x33, 0xff, 0xff, 0x66, 0x33, 0xff, 0xff, 0x66, 0x33, 0xff, 0xff, 0x66,
0x33, 0xff, 0xff, 0x64, 0x31, 0xfb, 0xad, 0x62, 0x2e, 0xf5, 0x00, 0x62, 0x2e, 0xf5, 0x00,
0x62, 0x2e, 0xf5, 0x00, 0x62, 0x2e, 0xf5, 0x00, 0x62, 0x2e, 0xf5, 0x00, 0x62, 0x2e, 0xf5,
0x00, 0xff, 0xff, 0xff, 0x00, 0xff, 0xff, 0xff, 0x00, 0xff, 0xff, 0xff, 0x00, 0xff, 0xff,
0xff, 0x00, 0xff, 0xff, 0xff, 0x00, 0xff, 0xff, 0xff, 0x00, 0xff, 0xff, 0xff, 0x00, 0xff,
0xff, 0xff, 0x00, 0xff, 0xff, 0xff, 0x00, 0xff, 0xff, 0xff, 0x00, 0xff, 0xff, 0xff, 0x00,
0xff, 0xff, 0xff, 0x00, 0xff, 0xff, 0xff, 0x00, 0xff, 0xff, 0xff, 0x00, 0xff, 0xff, 0xff,
0x00, 0xff, 0xff, 0xff, 0x00, 0xff, 0xff, 0xff, 0x00, 0x46, 0x11, 0xb4, 0x00, 0x46, 0x11,
0xb4, 0x00, 0x46, 0x11, 0xb4, 0x00, 0x46, 0x11, 0xb4, 0x00, 0x45, 0x10, 0xb2, 0x00, 0x4e,
0x1b, 0xc8, 0x56, 0x66, 0x34, 0xff, 0xff, 0x66, 0x33, 0xff, 0xff, 0x66, 0x33, 0xff, 0xff,
0x66, 0x33, 0xff, 0xff, 0x66, 0x33, 0xff, 0xff, 0x66, 0x33, 0xff, 0xff, 0x66, 0x33, 0xff,
0xff, 0x66, 0x33, 0xff, 0xff, 0x66, 0x33, 0xff, 0xff, 0x66, 0x33, 0xff, 0xff, 0x66, 0x33,
0xff, 0xff, 0x66, 0x33, 0xff, 0xff, 0x66, 0x33, 0xff, 0xff, 0x66, 0x33, 0xff, 0xff, 0x65,
0x32, 0xff, 0xff, 0x5e, 0x28, 0xff, 0xff, 0x92, 0x6d, 0xff, 0xff, 0xf4, 0xf0, 0xfe, 0xff,
0xff, 0xff, 0xfe, 0xff, 0xff, 0xff, 0xfe, 0xff, 0xfe, 0xfe, 0xfe, 0xff, 0xfe, 0xfe, 0xfe,
0xff, 0xfe, 0xfe, 0xfe, 0xff, 0xfe, 0xfe, 0xfe, 0xff, 0xfe, 0xfe, 0xfe, 0xff, 0xfe, 0xfe,
0xfe, 0xff, 0xfe, 0xfe, 0xfe, 0xff, 0xfe, 0xfe, 0xfe, 0xff, 0xfe, 0xfe, 0xfe, 0xff, 0xfe,
0xfe, 0xfe, 0xff, 0xfe, 0xfe, 0xfe, 0xff, 0xfe, 0xfe, 0xfe, 0xff, 0xfe, 0xfe, 0xfe, 0xff,
0xfe, 0xfe, 0xfe, 0xff, 0xfe, 0xfe, 0xfe, 0xff, 0xfe, 0xfe, 0xfe, 0xff, 0xfe, 0xfe, 0xfe,
0xff, 0xfe, 0xfe, 0xfe, 0xff, 0xfe, 0xfe, 0xfe, 0xff, 0xfe, 0xfe, 0xfe, 0xff, 0xfe, 0xfe,
0xfe, 0xff, 0xff, 0xff, 0xfe, 0xff, 0xf6, 0xf3, 0xfe, 0xff, 0x92, 0x6d, 0xff, 0xff, 0x5d,
0x27, 0xff, 0xff, 0x66, 0x33, 0xff, 0xff, 0x66, 0x33, 0xff, 0xff, 0x66, 0x33, 0xff, 0xff,
0x66, 0x33, 0xff, 0xff, 0x66, 0x33, 0xff, 0xff, 0x66, 0x33, 0xff, 0xff, 0x66, 0x33, 0xff,
0xff, 0x66, 0x33, 0xff, 0xff, 0x66, 0x33, 0xff, 0xff, 0x5e, 0x29, 0xff, 0xff, 0x84, 0x5b,
0xff, 0xff, 0xee, 0xe9, 0xfe, 0xff, 0xff, 0xff, 0xfe, 0xff, 0xff, 0xff, 0xfe, 0xff, 0xfe,
0xfe, 0xfe, 0xff, 0xfe, 0xfe, 0xfe, 0xff, 0xfe, 0xfe, 0xfe, 0xff, 0xfe, 0xfe, 0xfe, 0xff,
0xfe, 0xfe, 0xfe, 0xff, 0xfe, 0xfe, 0xfe, 0xff, 0xfe, 0xfe, 0xfe, 0xff, 0xfe, 0xfe, 0xfe,
0xff, 0xfe, 0xfe, 0xfe, 0xff, 0xfe, 0xfe, 0xfe, 0xff, 0xfe, 0xfe, 0xfe, 0xff, 0xfe, 0xfe,
0xfe, 0xff, 0xfe, 0xfe, 0xfe, 0xff, 0xfe, 0xfe, 0xfe, 0xff, 0xfe, 0xfe, 0xfe, 0xff, 0xfe,
0xfe, 0xfe, 0xff, 0xfe, 0xfe, 0xfe, 0xff, 0xfe, 0xfe, 0xfe, 0xff, 0xfe, 0xfe, 0xfe, 0xff,
0xfe, 0xfe, 0xfe, 0xff, 0xff, 0xff, 0xfe, 0xff, 0xff, 0xff, 0xfe, 0xff, 0xfa, 0xf8, 0xfe,
0xff, 0xa1, 0x82, 0xff, 0xff, 0x5e, 0x29, 0xff, 0xff, 0x64, 0x31, 0xff, 0xff, 0x66, 0x33,
0xff, 0xff, 0x66, 0x33, 0xff, 0xff, 0x66, 0x33, 0xff, 0xff, 0x66, 0x33, 0xff, 0xff, 0x66,
0x33, 0xff, 0xff, 0x66, 0x33, 0xff, 0xff, 0x66, 0x33, 0xff, 0xff, 0x66, 0x33, 0xff, 0xff,
0x66, 0x33, 0xff, 0xff, 0x66, 0x33, 0xff, 0xff, 0x66, 0x33, 0xff, 0xff, 0x66, 0x33, 0xff,
0xff, 0x66, 0x33, 0xff, 0xff, 0x66, 0x33, 0xff, 0xfa, 0x65, 0x33, 0xfd, 0x30, 0x65, 0x33,
0xfc, 0x00, 0x65, 0x33, 0xfc, 0x00, 0x65, 0x33, 0xfc, 0x00, 0x65, 0x33, 0xfc, 0x00, 0x65,
0x33, 0xfc, 0x00, 0xff, 0xff, 0xff, 0x00, 0xff, 0xff, 0xff, 0x00, 0xff, 0xff, 0xff, 0x00,
0xff, 0xff, 0xff, 0x00, 0xff, 0xff, 0xff, 0x00, 0xff, 0xff, 0xff, 0x00, 0xff, 0xff, 0xff,
0x00, 0xff, 0xff, 0xff, 0x00, 0xff, 0xff, 0xff, 0x00, 0xff, 0xff, 0xff, 0x00, 0xff, 0xff,
0xff, 0x00, 0xff, 0xff, 0xff, 0x00, 0xff, 0xff, 0xff, 0x00, 0xff, 0xff, 0xff, 0x00, 0xff,
0xff, 0xff, 0x00, 0xff, 0xff, 0xff, 0x00, 0xff, 0xff, 0xff, 0x00, 0x62, 0x31, 0xf6, 0x00,
0x62, 0x31, 0xf6, 0x00, 0x62, 0x31, 0xf6, 0x00, 0x62, 0x31, 0xf5, 0x00, 0x60, 0x30, 0xf1,
0x0a, 0x67, 0x34, 0xff, 0xdd, 0x66, 0x33, 0xff, 0xff, 0x66, 0x33, 0xff, 0xff, 0x66, 0x33,
0xff, 0xff, 0x66, 0x33, 0xff, 0xff, 0x66, 0x33, 0xff, 0xff, 0x66, 0x33, 0xff, 0xff, 0x66,
0x33, 0xff, 0xff, 0x66, 0x33, 0xff, 0xff, 0x66, 0x33, 0xff, 0xff, 0x66, 0x33, 0xff, 0xff,
0x66, 0x33, 0xff, 0xff, 0x66, 0x33, 0xff, 0xff, 0x66, 0x33, 0xff, 0xff, 0x65, 0x32, 0xff,
0xff, 0x5e, 0x29, 0xff, 0xff, 0xa2, 0x83, 0xff, 0xff, 0xff, 0xff, 0xfe, 0xff, 0xff, 0xff,
0xfe, 0xff, 0xfe, 0xfe, 0xfe, 0xff, 0xfe, 0xfe, 0xfe, 0xff, 0xfe, 0xfe, 0xfe, 0xff, 0xfe,
0xfe, 0xfe, 0xff, 0xfe, 0xfe, 0xfe, 0xff, 0xfe, 0xfe, 0xfe, 0xff, 0xfe, 0xfe, 0xfe, 0xff,
0xfe, 0xfe, 0xfe, 0xff, 0xfe, 0xfe, 0xfe, 0xff, 0xfe, 0xfe, 0xfe, 0xff, 0xfe, 0xfe, 0xfe,
0xff, 0xfe, 0xfe, 0xfe, 0xff, 0xfe, 0xfe, 0xfe, 0xff, 0xfe, 0xfe, 0xfe, 0xff, 0xfe, 0xfe,
0xfe, 0xff, 0xfe, 0xfe, 0xfe, 0xff, 0xfe, 0xfe, 0xfe, 0xff, 0xfe, 0xfe, 0xfe, 0xff, 0xfe,
0xfe, 0xfe, 0xff, 0xfe, 0xfe, 0xfe, 0xff, 0xfe, 0xfe, 0xfe, 0xff, 0xfe, 0xfe, 0xfe, 0xff,
0xfe, 0xfe, 0xfe, 0xff, 0xfe, 0xfe, 0xfe, 0xff, 0xff, 0xff, 0xfe, 0xff, 0xfc, 0xfb, 0xfe,
0xff, 0x98, 0x76, 0xff, 0xff, 0x5d, 0x27, 0xff, 0xff, 0x66, 0x33, 0xff, 0xff, 0x66, 0x33,
0xff, 0xff, 0x66, 0x33, 0xff, 0xff, 0x66, 0x33, 0xff, 0xff, 0x66, 0x33, 0xff, 0xff, 0x66,
0x33, 0xff, 0xff, 0x66, 0x33, 0xff, 0xff, 0x5e, 0x29, 0xff, 0xff, 0x87, 0x60, 0xff, 0xff,
0xf6, 0xf3, 0xfe, 0xff, 0xff, 0xff, 0xfe, 0xff, 0xfe, 0xfe, 0xfe, 0xff, 0xfe, 0xfe, 0xfe,
0xff, 0xfe, 0xfe, 0xfe, 0xff, 0xfe, 0xfe, 0xfe, 0xff, 0xfe, 0xfe, 0xfe, 0xff, 0xfe, 0xfe,
0xfe, 0xff, 0xfe, 0xfe, 0xfe, 0xff, 0xfe, 0xfe, 0xfe, 0xff, 0xfe, 0xfe, 0xfe, 0xff, 0xfe,
0xfe, 0xfe, 0xff, 0xfe, 0xfe, 0xfe, 0xff, 0xfe, 0xfe, 0xfe, 0xff, 0xfe, 0xfe, 0xfe, 0xff,
0xfe, 0xfe, 0xfe, 0xff, 0xfe, 0xfe, 0xfe, 0xff, 0xfe, 0xfe, 0xfe, 0xff, 0xfe, 0xfe, 0xfe,
0xff, 0xfe, 0xfe, 0xfe, 0xff, 0xfe, 0xfe, 0xfe, 0xff, 0xfe, 0xfe, 0xfe, 0xff, 0xfe, 0xfe,
0xfe, 0xff, 0xfe, 0xfe, 0xfe, 0xff, 0xfe, 0xfe, 0xfe, 0xff, 0xfe, 0xfe, 0xfe, 0xff, 0xff,
0xff, 0xfe, 0xff, 0xff, 0xff, 0xfe, 0xff, 0xb6, 0x9e, 0xff, 0xff, 0x60, 0x2a, 0xff, 0xff,
0x64, 0x31, 0xff, 0xff, 0x66, 0x33, 0xff, 0xff, 0x66, 0x33, 0xff, 0xff, 0x66, 0x33, 0xff,
0xff, 0x66, 0x33, 0xff, 0xff, 0x66, 0x33, 0xff, 0xff, 0x66, 0x33, 0xff, 0xff, 0x66, 0x33,
0xff, 0xff, 0x66, 0x33, 0xff, 0xff, 0x66, 0x33, 0xff, 0xff, 0x66, 0x33, 0xff, 0xff, 0x66,
0x33, 0xff, 0xff, 0x66, 0x33, 0xff, 0xff, 0x66, 0x33, 0xff, 0xff, 0x66, 0x32, 0xfe, 0xb6,
0x65, 0x32, 0xfc, 0x00, 0x65, 0x32, 0xfc, 0x00, 0x65, 0x32, 0xfc, 0x00, 0x65, 0x32, 0xfc,
0x00, 0x65, 0x32, 0xfc, 0x00, 0xff, 0xff, 0xff, 0x00, 0xff, 0xff, 0xff, 0x00, 0xff, 0xff,
0xff, 0x00, 0xff, 0xff, 0xff, 0x00, 0xff, 0xff, 0xff, 0x00, 0xff, 0xff, 0xff, 0x00, 0xff,
0xff, 0xff, 0x00, 0xff, 0xff, 0xff, 0x00, 0xff, 0xff, 0xff, 0x00, 0xff, 0xff, 0xff, 0x00,
0xff, 0xff, 0xff, 0x00, 0xff, 0xff, 0xff, 0x00, 0xff, 0xff, 0xff, 0x00, 0xff, 0xff, 0xff,
0x00, 0xff, 0xff, 0xff, 0x00, 0xff, 0xff, 0xff, 0x00, 0xff, 0xff, 0xff, 0x00, 0x43, 0x11,
0xa9, 0x00, 0x43, 0x11, 0xa9, 0x00, 0x43, 0x11, 0xa9, 0x00, 0x42, 0x10, 0xa7, 0x00, 0x58,
0x22, 0xdc, 0x57, 0x68, 0x35, 0xff, 0xff, 0x66, 0x33, 0xff, 0xff, 0x66, 0x33, 0xff, 0xff,
0x66, 0x33, 0xff, 0xff, 0x66, 0x33, 0xff, 0xff, 0x66, 0x33, 0xff, 0xff, 0x66, 0x33, 0xff,
0xff, 0x66, 0x33, 0xff, 0xff, 0x66, 0x33, 0xff, 0xff, 0x66, 0x33, 0xff, 0xff, 0x66, 0x33,
0xff, 0xff, 0x66, 0x33, 0xff, 0xff, 0x66, 0x33, 0xff, 0xff, 0x66, 0x33, 0xff, 0xff, 0x5e,
0x28, 0xff, 0xff, 0xa0, 0x80, 0xff, 0xff, 0xff, 0xff, 0xfe, 0xff, 0xff, 0xff, 0xfe, 0xff,
0xfe, 0xfe, 0xfe, 0xff, 0xfe, 0xfe, 0xfe, 0xff, 0xfe, 0xfe, 0xfe, 0xff, 0xfe, 0xfe, 0xfe,
0xff, 0xfe, 0xfe, 0xfe, 0xff, 0xfe, 0xfe, 0xfe, 0xff, 0xfe, 0xfe, 0xfe, 0xff, 0xfe, 0xfe,
0xfe, 0xff, 0xfe, 0xfe, 0xfe, 0xff, 0xfe, 0xfe, 0xfe, 0xff, 0xfe, 0xfe, 0xfe, 0xff, 0xfe,
0xfe, 0xfe, 0xff, 0xfe, 0xfe, 0xfe, 0xff, 0xfe, 0xfe, 0xfe, 0xff, 0xfe, 0xfe, 0xfe, 0xff,
0xfe, 0xfe, 0xfe, 0xff, 0xfe, 0xfe, 0xfe, 0xff, 0xfe, 0xfe, 0xfe, 0xff, 0xfe, 0xfe, 0xfe,
0xff, 0xfe, 0xfe, 0xfe, 0xff, 0xfe, 0xfe, 0xfe, 0xff, 0xfe, 0xfe, 0xfe, 0xff, 0xfe, 0xfe,
0xfe, 0xff, 0xfe, 0xfe, 0xfe, 0xff, 0xfe, 0xfe, 0xfe, 0xff, 0xfe, 0xfe, 0xfe, 0xff, 0xff,
0xff, 0xfe, 0xff, 0xfb, 0xfa, 0xfe, 0xff, 0x8f, 0x6a, 0xff, 0xff, 0x5e, 0x28, 0xff, 0xff,
0x66, 0x33, 0xff, 0xff, 0x66, 0x33, 0xff, 0xff, 0x66, 0x33, 0xff, 0xff, 0x66, 0x33, 0xff,
0xff, 0x66, 0x33, 0xff, 0xff, 0x5f, 0x2a, 0xff, 0xff, 0x7f, 0x55, 0xff, 0xff, 0xf5, 0xf1,
0xfe, 0xff, 0xff, 0xff, 0xfe, 0xff, 0xfe, 0xfe, 0xfe, 0xff, 0xfe, 0xfe, 0xfe, 0xff, 0xfe,
0xfe, 0xfe, 0xff, 0xfe, 0xfe, 0xfe, 0xff, 0xfe, 0xfe, 0xfe, 0xff, 0xfe, 0xfe, 0xfe, 0xff,
0xfe, 0xfe, 0xfe, 0xff, 0xfe, 0xfe, 0xfe, 0xff, 0xfe, 0xfe, 0xfe, 0xff, 0xfe, 0xfe, 0xfe,
0xff, 0xfe, 0xfe, 0xfe, 0xff, 0xfe, 0xfe, 0xfe, 0xff, 0xfe, 0xfe, 0xfe, 0xff, 0xfe, 0xfe,
0xfe, 0xff, 0xfe, 0xfe, 0xfe, 0xff, 0xfe, 0xfe, 0xfe, 0xff, 0xfe, 0xfe, 0xfe, 0xff, 0xfe,
0xfe, 0xfe, 0xff, 0xfe, 0xfe, 0xfe, 0xff, 0xfe, 0xfe, 0xfe, 0xff, 0xfe, 0xfe, 0xfe, 0xff,
0xfe, 0xfe, 0xfe, 0xff, 0xfe, 0xfe, 0xfe, 0xff, 0xfe, 0xfe, 0xfe, 0xff, 0xfe, 0xfe, 0xfe,
0xff, 0xfe, 0xfe, 0xfe, 0xff, 0xff, 0xff, 0xfe, 0xff, 0xff, 0xff, 0xfe, 0xff, 0xb6, 0x9e,
0xff, 0xff, 0x5e, 0x28, 0xff, 0xff, 0x65, 0x32, 0xff, 0xff, 0x66, 0x33, 0xff, 0xff, 0x66,
0x33, 0xff, 0xff, 0x66, 0x33, 0xff, 0xff, 0x66, 0x33, 0xff, 0xff, 0x66, 0x33, 0xff, 0xff,
0x66, 0x33, 0xff, 0xff, 0x66, 0x33, 0xff, 0xff, 0x66, 0x33, 0xff, 0xff, 0x66, 0x33, 0xff,
0xff, 0x66, 0x33, 0xff, 0xff, 0x66, 0x33, 0xff, 0xff, 0x66, 0x33, 0xff, 0xff, 0x66, 0x33,
0xff, 0xf8, 0x62, 0x30, 0xf8, 0x2a, 0x60, 0x2d, 0xf5, 0x00, 0x61, 0x2d, 0xf5, 0x00, 0x61,
0x2d, 0xf5, 0x00, 0x61, 0x2d, 0xf5, 0x00, 0xff, 0xff, 0xff, 0x00, 0xff, 0xff, 0xff, 0x00,
0xff, 0xff, 0xff, 0x00, 0xff, 0xff, 0xff, 0x00, 0xff, 0xff, 0xff, 0x00, 0xff, 0xff, 0xff,
0x00, 0xff, 0xff, 0xff, 0x00, 0xff, 0xff, 0xff, 0x00, 0xff, 0xff, 0xff, 0x00, 0xff, 0xff,
0xff, 0x00, 0xff, 0xff, 0xff, 0x00, 0xff, 0xff, 0xff, 0x00, 0xff, 0xff, 0xff, 0x00, 0xff,
0xff, 0xff, 0x00, 0xff, 0xff, 0xff, 0x00, 0xff, 0xff, 0xff, 0x00, 0xff, 0xff, 0xff, 0x00,
0x49, 0x22, 0xba, 0x00, 0x49, 0x22, 0xba, 0x00, 0x49, 0x22, 0xb9, 0x00, 0x49, 0x22, 0xb9,
0x07, 0x5e, 0x2e, 0xed, 0xd5, 0x67, 0x34, 0xff, 0xff, 0x66, 0x33, 0xff, 0xff, 0x66, 0x33,
0xff, 0xff, 0x66, 0x33, 0xff, 0xff, 0x66, 0x33, 0xff, 0xff, 0x66, 0x33, 0xff, 0xff, 0x66,
0x33, 0xff, 0xff, 0x66, 0x33, 0xff, 0xff, 0x66, 0x33, 0xff, 0xff, 0x66, 0x33, 0xff, 0xff,
0x66, 0x33, 0xff, 0xff, 0x66, 0x33, 0xff, 0xff, 0x66, 0x33, 0xff, 0xff, 0x5f, 0x29, 0xff,
0xff, 0x8c, 0x65, 0xff, 0xff, 0xfe, 0xfd, 0xfe, 0xff, 0xff, 0xff, 0xfe, 0xff, 0xfe, 0xfe,
0xfe, 0xff, 0xfe, 0xfe, 0xfe, 0xff, 0xfe, 0xfe, 0xfe, 0xff, 0xfe, 0xfe, 0xfe, 0xff, 0xfe,
0xfe, 0xfe, 0xff, 0xfe, 0xfe, 0xfe, 0xff, 0xfe, 0xfe, 0xfe, 0xff, 0xfe, 0xfe, 0xfe, 0xff,
0xfe, 0xfe, 0xfe, 0xff, 0xfe, 0xfe, 0xfe, 0xff, 0xfe, 0xfe, 0xfe, 0xff, 0xfe, 0xfe, 0xfe,
0xff, 0xfe, 0xfe, 0xfe, 0xff, 0xfe, 0xfe, 0xfe, 0xff, 0xfe, 0xfe, 0xfe, 0xff, 0xfe, 0xfe,
0xfe, 0xff, 0xfe, 0xfe, 0xfe, 0xff, 0xfe, 0xfe, 0xfe, 0xff, 0xfe, 0xfe, 0xfe, 0xff, 0xfe,
0xfe, 0xfe, 0xff, 0xfe, 0xfe, 0xfe, 0xff, 0xfe, 0xfe, 0xfe, 0xff, 0xfe, 0xfe, 0xfe, 0xff,
0xfe, 0xfe, 0xfe, 0xff, 0xfe, 0xfe, 0xfe, 0xff, 0xfe, 0xfe, 0xfe, 0xff, 0xfe, 0xfe, 0xfe,
0xff, 0xfe, 0xfe, 0xfe, 0xff, 0xff, 0xff, 0xfe, 0xff, 0xf3, 0xf0, 0xfe, 0xff, 0x7b, 0x50,
0xff, 0xff, 0x60, 0x2b, 0xff, 0xff, 0x66, 0x33, 0xff, 0xff, 0x66, 0x33, 0xff, 0xff, 0x66,
0x33, 0xff, 0xff, 0x61, 0x2d, 0xff, 0xff, 0x6f, 0x3f, 0xff, 0xff, 0xe9, 0xe2, 0xfe, 0xff,
0xff, 0xff, 0xfe, 0xff, 0xfe, 0xfe, 0xfe, 0xff, 0xfe, 0xfe, 0xfe, 0xff, 0xfe, 0xfe, 0xfe,
0xff, 0xfe, 0xfe, 0xfe, 0xff, 0xfe, 0xfe, 0xfe, 0xff, 0xfe, 0xfe, 0xfe, 0xff, 0xfe, 0xfe,
0xfe, 0xff, 0xfe, 0xfe, 0xfe, 0xff, 0xfe, 0xfe, 0xfe, 0xff, 0xfe, 0xfe, 0xfe, 0xff, 0xfe,
0xfe, 0xfe, 0xff, 0xfe, 0xfe, 0xfe, 0xff, 0xfe, 0xfe, 0xfe, 0xff, 0xfe, 0xfe, 0xfe, 0xff,
0xfe, 0xfe, 0xfe, 0xff, 0xfe, 0xfe, 0xfe, 0xff, 0xfe, 0xfe, 0xfe, 0xff, 0xfe, 0xfe, 0xfe,
0xff, 0xfe, 0xfe, 0xfe, 0xff, 0xfe, 0xfe, 0xfe, 0xff, 0xfe, 0xfe, 0xfe, 0xff, 0xfe, 0xfe,
0xfe, 0xff, 0xfe, 0xfe, 0xfe, 0xff, 0xfe, 0xfe, 0xfe, 0xff, 0xfe, 0xfe, 0xfe, 0xff, 0xfe,
0xfe, 0xfe, 0xff, 0xfe, 0xfe, 0xfe, 0xff, 0xfe, 0xfe, 0xfe, 0xff, 0xff, 0xff, 0xfe, 0xff,
0xff, 0xff, 0xfe, 0xff, 0xa0, 0x81, 0xff, 0xff, 0x5d, 0x27, 0xff, 0xff, 0x66, 0x33, 0xff,
0xff, 0x66, 0x33, 0xff, 0xff, 0x66, 0x33, 0xff, 0xff, 0x66, 0x33, 0xff, 0xff, 0x66, 0x33,
0xff, 0xff, 0x66, 0x33, 0xff, 0xff, 0x66, 0x33, 0xff, 0xff, 0x66, 0x33, 0xff, 0xff, 0x66,
0x33, 0xff, 0xff, 0x66, 0x33, 0xff, 0xff, 0x66, 0x33, 0xff, 0xff, 0x66, 0x33, 0xff, 0xff,
0x67, 0x34, 0xff, 0xff, 0x62, 0x2b, 0xf2, 0xa6, 0x59, 0x15, 0xcf, 0x00, 0x59, 0x16, 0xd1,
0x00, 0x59, 0x16, 0xd1, 0x00, 0x59, 0x16, 0xd1, 0x00, 0xff, 0xff, 0xff, 0x00, 0xff, 0xff,
0xff, 0x00, 0xff, 0xff, 0xff, 0x00, 0xff, 0xff, 0xff, 0x00, 0xff, 0xff, 0xff, 0x00, 0xff,
0xff, 0xff, 0x00, 0xff, 0xff, 0xff, 0x00, 0xff, 0xff, 0xff, 0x00, 0xff, 0xff, 0xff, 0x00,
0xff, 0xff, 0xff, 0x00, 0xff, 0xff, 0xff, 0x00, 0xff, 0xff, 0xff, 0x00, 0xff, 0xff, 0xff,
0x00, 0xff, 0xff, 0xff, 0x00, 0xff, 0xff, 0xff, 0x00, 0xff, 0xff, 0xff, 0x00, 0xff, 0xff,
0xff, 0x00, 0x57, 0x1c, 0xe6, 0x00, 0x57, 0x1c, 0xe6, 0x00, 0x56, 0x1c, 0xe4, 0x00, 0x5c,
0x23, 0xef, 0x40, 0x68, 0x35, 0xff, 0xff, 0x66, 0x33, 0xff, 0xff, 0x66, 0x33, 0xff, 0xff,
0x66, 0x33, 0xff, 0xff, 0x66, 0x33, 0xff, 0xff, 0x66, 0x33, 0xff, 0xff, 0x66, 0x33, 0xff,
0xff, 0x66, 0x33, 0xff, 0xff, 0x66, 0x33, 0xff, 0xff, 0x66, 0x33, 0xff, 0xff, 0x66, 0x33,
0xff, 0xff, 0x66, 0x33, 0xff, 0xff, 0x66, 0x33, 0xff, 0xff, 0x62, 0x2e, 0xff, 0xff, 0x6f,
0x40, 0xff, 0xff, 0xee, 0xe9, 0xfe, 0xff, 0xff, 0xff, 0xfe, 0xff, 0xfe, 0xfe, 0xfe, 0xff,
0xfe, 0xfe, 0xfe, 0xff, 0xfe, 0xfe, 0xfe, 0xff, 0xfe, 0xfe, 0xfe, 0xff, 0xfe, 0xfe, 0xfe,
0xff, 0xfe, 0xfe, 0xfe, 0xff, 0xfe, 0xfe, 0xfe, 0xff, 0xfe, 0xfe, 0xfe, 0xff, 0xfe, 0xfe,
0xfe, 0xff, 0xfe, 0xfe, 0xfe, 0xff, 0xfe, 0xfe, 0xfe, 0xff, 0xfe, 0xfe, 0xfe, 0xff, 0xfe,
0xfe, 0xfe, 0xff, 0xfe, 0xfe, 0xfe, 0xff, 0xfe, 0xfe, 0xfe, 0xff, 0xfe, 0xfe, 0xfe, 0xff,
0xff, 0xff, 0xfe, 0xff, 0xff, 0xff, 0xfe, 0xff, 0xff, 0xff, 0xfe, 0xff, 0xff, 0xff, 0xfe,
0xff, 0xff, 0xff, 0xfe, 0xff, 0xff, 0xff, 0xfe, 0xff, 0xff, 0xff, 0xfe, 0xff, 0xff, 0xff,
0xfe, 0xff, 0xff, 0xff, 0xfe, 0xff, 0xff, 0xff, 0xfe, 0xff, 0xfe, 0xfe, 0xfe, 0xff, 0xfe,
0xfe, 0xfe, 0xff, 0xfe, 0xfe, 0xfe, 0xff, 0xfe, 0xfe, 0xfe, 0xff, 0xff, 0xff, 0xfe, 0xff,
0xe1, 0xd8, 0xfe, 0xff, 0x67, 0x35, 0xff, 0xff, 0x63, 0x30, 0xff, 0xff, 0x66, 0x33, 0xff,
0xff, 0x65, 0x31, 0xff, 0xff, 0x61, 0x2d, 0xff, 0xff, 0xcd, 0xbd, 0xff, 0xff, 0xff, 0xff,
0xfe, 0xff, 0xfe, 0xfe, 0xfe, 0xff, 0xfe, 0xfe, 0xfe, 0xff, 0xfe, 0xfe, 0xfe, 0xff, 0xfe,
0xfe, 0xfe, 0xff, 0xff, 0xff, 0xfe, 0xff, 0xff, 0xff, 0xfe, 0xff, 0xff, 0xff, 0xfe, 0xff,
0xff, 0xff, 0xfe, 0xff, 0xff, 0xff, 0xfe, 0xff, 0xff, 0xff, 0xfe, 0xff, 0xff, 0xff, 0xfe,
0xff, 0xff, 0xff, 0xfe, 0xff, 0xff, 0xff, 0xfe, 0xff, 0xff, 0xff, 0xfe, 0xff, 0xff, 0xff,
0xfe, 0xff, 0xfe, 0xfe, 0xfe, 0xff, 0xfe, 0xfe, 0xfe, 0xff, 0xfe, 0xfe, 0xfe, 0xff, 0xfe,
0xfe, 0xfe, 0xff, 0xfe, 0xfe, 0xfe, 0xff, 0xfe, 0xfe, 0xfe, 0xff, 0xfe, 0xfe, 0xfe, 0xff,
0xfe, 0xfe, 0xfe, 0xff, 0xfe, 0xfe, 0xfe, 0xff, 0xfe, 0xfe, 0xfe, 0xff, 0xfe, 0xfe, 0xfe,
0xff, 0xfe, 0xfe, 0xfe, 0xff, 0xfe, 0xfe, 0xfe, 0xff, 0xfe, 0xfe, 0xfe, 0xff, 0xfe, 0xfe,
0xfe, 0xff, 0xff, 0xff, 0xfe, 0xff, 0xf7, 0xf4, 0xfe, 0xff, 0x7c, 0x50, 0xff, 0xff, 0x61,
0x2c, 0xff, 0xff, 0x66, 0x33, 0xff, 0xff, 0x66, 0x33, 0xff, 0xff, 0x66, 0x33, 0xff, 0xff,
0x66, 0x33, 0xff, 0xff, 0x66, 0x33, 0xff, 0xff, 0x66, 0x33, 0xff, 0xff, 0x66, 0x33, 0xff,
0xff, 0x66, 0x33, 0xff, 0xff, 0x66, 0x33, 0xff, 0xff, 0x66, 0x33, 0xff, 0xff, 0x66, 0x33,
0xff, 0xff, 0x66, 0x33, 0xff, 0xff, 0x66, 0x33, 0xfe, 0xed, 0x60, 0x2c, 0xf5, 0x13, 0x60,
0x2c, 0xf4, 0x00, 0x60, 0x2c, 0xf4, 0x00, 0x60, 0x2c, 0xf4, 0x00, 0xff, 0xff, 0xff, 0x00,
0xff, 0xff, 0xff, 0x00, 0xff, 0xff, 0xff, 0x00, 0xff, 0xff, 0xff, 0x00, 0xff, 0xff, 0xff,
0x00, 0xff, 0xff, 0xff, 0x00, 0xff, 0xff, 0xff, 0x00, 0xff, 0xff, 0xff, 0x00, 0xff, 0xff,
0xff, 0x00, 0xff, 0xff, 0xff, 0x00, 0xff, 0xff, 0xff, 0x00, 0xff, 0xff, 0xff, 0x00, 0xff,
0xff, 0xff, 0x00, 0xff, 0xff, 0xff, 0x00, 0xff, 0xff, 0xff, 0x00, 0xff, 0xff, 0xff, 0x00,
0xff, 0xff, 0xff, 0x00, 0x62, 0x28, 0xec, 0x00, 0x62, 0x28, 0xec, 0x00, 0x62, 0x28, 0xec,
0x01, 0x65, 0x30, 0xfa, 0xb0, 0x66, 0x34, 0xff, 0xff, 0x66, 0x33, 0xff, 0xff, 0x66, 0x33,
0xff, 0xff, 0x66, 0x33, 0xff, 0xff, 0x66, 0x33, 0xff, 0xff, 0x66, 0x33, 0xff, 0xff, 0x66,
0x33, 0xff, 0xff, 0x66, 0x33, 0xff, 0xff, 0x66, 0x33, 0xff, 0xff, 0x66, 0x33, 0xff, 0xff,
0x66, 0x33, 0xff, 0xff, 0x66, 0x33, 0xff, 0xff, 0x66, 0x33, 0xff, 0xff, 0x5f, 0x2a, 0xff,
0xff, 0xbc, 0xa6, 0xff, 0xff, 0xff, 0xff, 0xfe, 0xff, 0xfe, 0xfe, 0xfe, 0xff, 0xfe, 0xfe,
0xfe, 0xff, 0xfe, 0xfe, 0xfe, 0xff, 0xfe, 0xfe, 0xfe, 0xff, 0xfe, 0xfe, 0xfe, 0xff, 0xfe,
0xfe, 0xfe, 0xff, 0xfe, 0xfe, 0xfe, 0xff, 0xfe, 0xfe, 0xfe, 0xff, 0xfe, 0xfe, 0xfe, 0xff,
0xfe, 0xfe, 0xfe, 0xff, 0xfe, 0xfe, 0xfe, 0xff, 0xfe, 0xfe, 0xfe, 0xff, 0xfe, 0xfe, 0xfe,
0xff, 0xfe, 0xfe, 0xfe, 0xff, 0xff, 0xff, 0xfe, 0xff, 0xff, 0xff, 0xfe, 0xff, 0xff, 0xff,
0xfe, 0xff, 0xf3, 0xef, 0xfe, 0xff, 0xe3, 0xd9, 0xfe, 0xff, 0xd6, 0xc9, 0xff, 0xff, 0xc8,
0xb6, 0xff, 0xff, 0xc2, 0xae, 0xff, 0xff, 0xc6, 0xb3, 0xff, 0xff, 0xd3, 0xc4, 0xff, 0xff,
0xde, 0xd3, 0xfe, 0xff, 0xeb, 0xe5, 0xfe, 0xff, 0xff, 0xff, 0xfe, 0xff, 0xff, 0xff, 0xfe,
0xff, 0xff, 0xff, 0xfe, 0xff, 0xfe, 0xfe, 0xfe, 0xff, 0xfe, 0xfe, 0xfe, 0xff, 0xfe, 0xfe,
0xfe, 0xff, 0xff, 0xff, 0xfe, 0xff, 0xbc, 0xa7, 0xff, 0xff, 0x5d, 0x27, 0xff, 0xff, 0x66,
0x33, 0xff, 0xff, 0x5e, 0x28, 0xff, 0xff, 0xa2, 0x83, 0xff, 0xff, 0xff, 0xff, 0xfe, 0xff,
0xfe, 0xff, 0xfe, 0xff, 0xfe, 0xfe, 0xfe, 0xff, 0xfe, 0xfe, 0xfe, 0xff, 0xff, 0xff, 0xfe,
0xff, 0xff, 0xff, 0xfe, 0xff, 0xff, 0xff, 0xfe, 0xff, 0xee, 0xe8, 0xfe, 0xff, 0xdf, 0xd5,
0xfe, 0xff, 0xd5, 0xc7, 0xff, 0xff, 0xc7, 0xb5, 0xff, 0xff, 0xc2, 0xae, 0xff, 0xff, 0xc6,
0xb3, 0xff, 0xff, 0xd4, 0xc6, 0xff, 0xff, 0xe0, 0xd6, 0xfe, 0xff, 0xf0, 0xeb, 0xfe, 0xff,
0xff, 0xff, 0xfe, 0xff, 0xff, 0xff, 0xfe, 0xff, 0xff, 0xff, 0xfe, 0xff, 0xfe, 0xfe, 0xfe,
0xff, 0xfe, 0xfe, 0xfe, 0xff, 0xfe, 0xfe, 0xfe, 0xff, 0xfe, 0xfe, 0xfe, 0xff, 0xfe, 0xfe,
0xfe, 0xff, 0xfe, 0xfe, 0xfe, 0xff, 0xfe, 0xfe, 0xfe, 0xff, 0xfe, 0xfe, 0xfe, 0xff, 0xfe,
0xfe, 0xfe, 0xff, 0xfe, 0xfe, 0xfe, 0xff, 0xfe, 0xfe, 0xfe, 0xff, 0xfe, 0xfe, 0xfe, 0xff,
0xfe, 0xfe, 0xfe, 0xff, 0xfe, 0xfe, 0xfe, 0xff, 0xff, 0xff, 0xfe, 0xff, 0xd7, 0xc9, 0xff,
0xff, 0x61, 0x2c, 0xff, 0xff, 0x65, 0x32, 0xff, 0xff, 0x66, 0x33, 0xff, 0xff, 0x66, 0x33,
0xff, 0xff, 0x66, 0x33, 0xff, 0xff, 0x66, 0x33, 0xff, 0xff, 0x66, 0x33, 0xff, 0xff, 0x66,
0x33, 0xff, 0xff, 0x66, 0x33, 0xff, 0xff, 0x66, 0x33, 0xff, 0xff, 0x66, 0x33, 0xff, 0xff,
0x66, 0x33, 0xff, 0xff, 0x66, 0x33, 0xff, 0xff, 0x66, 0x34, 0xff, 0xff, 0x62, 0x2f, 0xfa,
0x77, 0x5e, 0x2a, 0xf5, 0x00, 0x5e, 0x2a, 0xf5, 0x00, 0x5e, 0x2a, 0xf5, 0x00, 0xff, 0xff,
0xff, 0x00, 0xff, 0xff, 0xff, 0x00, 0xff, 0xff, 0xff, 0x00, 0xff, 0xff, 0xff, 0x00, 0xff,
0xff, 0xff, 0x00, 0xff, 0xff, 0xff, 0x00, 0xff, 0xff, 0xff, 0x00, 0xff, 0xff, 0xff, 0x00,
0xff, 0xff, 0xff, 0x00, 0xff, 0xff, 0xff, 0x00, 0xff, 0xff, 0xff, 0x00, 0xff, 0xff, 0xff,
0x00, 0xff, 0xff, 0xff, 0x00, 0xff, 0xff, 0xff, 0x00, 0xff, 0xff, 0xff, 0x00, 0xff, 0xff,
0xff, 0x00, 0xff, 0xff, 0xff, 0x00, 0x32, 0x16, 0xbb, 0x00, 0x32, 0x15, 0xb9, 0x00, 0x3b,
0x1b, 0xc6, 0x20, 0x65, 0x33, 0xfe, 0xfa, 0x66, 0x33, 0xff, 0xff, 0x66, 0x33, 0xff, 0xff,
0x66, 0x33, 0xff, 0xff, 0x66, 0x33, 0xff, 0xff, 0x66, 0x33, 0xff, 0xff, 0x66, 0x33, 0xff,
0xff, 0x66, 0x33, 0xff, 0xff, 0x66, 0x33, 0xff, 0xff, 0x66, 0x33, 0xff, 0xff, 0x66, 0x33,
0xff, 0xff, 0x66, 0x33, 0xff, 0xff, 0x66, 0x33, 0xff, 0xff, 0x61, 0x2c, 0xff, 0xff, 0x7c,
0x50, 0xff, 0xff, 0xfc, 0xfb, 0xfe, 0xff, 0xff, 0xff, 0xfe, 0xff, 0xfe, 0xfe, 0xfe, 0xff,
0xfe, 0xfe, 0xfe, 0xff, 0xfe, 0xfe, 0xfe, 0xff, 0xfe, 0xfe, 0xfe, 0xff, 0xfe, 0xfe, 0xfe,
0xff, 0xfe, 0xfe, 0xfe, 0xff, 0xfe, 0xfe, 0xfe, 0xff, 0xfe, 0xfe, 0xfe, 0xff, 0xfe, 0xfe,
0xfe, 0xff, 0xfe, 0xfe, 0xfe, 0xff, 0xfe, 0xfe, 0xfe, 0xff, 0xfe, 0xfe, 0xfe, 0xff, 0xff,
0xff, 0xfe, 0xff, 0xff, 0xff, 0xfe, 0xff, 0xfa, 0xf9, 0xfe, 0xff, 0xd6, 0xc8, 0xff, 0xff,
0x9c, 0x7b, 0xff, 0xff, 0x71, 0x42, 0xff, 0xff, 0x67, 0x34, 0xff, 0xff, 0x61, 0x2c, 0xff,
0xff, 0x5f, 0x29, 0xff, 0xff, 0x5e, 0x28, 0xff, 0xff, 0x5f, 0x29, 0xff, 0xff, 0x60, 0x2b,
0xff, 0xff, 0x64, 0x31, 0xff, 0xff, 0x6b, 0x3a, 0xff, 0xff, 0x85, 0x5d, 0xff, 0xff, 0xc2,
0xad, 0xff, 0xff, 0xf1, 0xec, 0xfe, 0xff, 0xff, 0xff, 0xfe, 0xff, 0xff, 0xff, 0xfe, 0xff,
0xfe, 0xfe, 0xfe, 0xff, 0xff, 0xff, 0xfe, 0xff, 0xfd, 0xfc, 0xfe, 0xff, 0x8a, 0x63, 0xff,
0xff, 0x5a, 0x22, 0xff, 0xff, 0x7a, 0x4d, 0xff, 0xff, 0xf8, 0xf6, 0xfe, 0xff, 0xff, 0xff,
0xfe, 0xff, 0xfe, 0xfe, 0xfe, 0xff, 0xff, 0xff, 0xfe, 0xff, 0xff, 0xff, 0xfe, 0xff, 0xf7,
0xf4, 0xfe, 0xff, 0xcb, 0xba, 0xff, 0xff, 0x8d, 0x67, 0xff, 0xff, 0x6c, 0x3b, 0xff, 0xff,
0x65, 0x32, 0xff, 0xff, 0x60, 0x2c, 0xff, 0xff, 0x5f, 0x29, 0xff, 0xff, 0x5e, 0x28, 0xff,
0xff, 0x5e, 0x29, 0xff, 0xff, 0x61, 0x2c, 0xff, 0xff, 0x66, 0x32, 0xff, 0xff, 0x6e, 0x3e,
0xff, 0xff, 0x93, 0x6f, 0xff, 0xff, 0xcf, 0xbf, 0xff, 0xff, 0xf6, 0xf3, 0xfe, 0xff, 0xff,
0xff, 0xfe, 0xff, 0xff, 0xff, 0xfe, 0xff, 0xfe, 0xfe, 0xfe, 0xff, 0xfe, 0xfe, 0xfe, 0xff,
0xfe, 0xfe, 0xfe, 0xff, 0xfe, 0xfe, 0xfe, 0xff, 0xfe, 0xfe, 0xfe, 0xff, 0xfe, 0xfe, 0xfe,
0xff, 0xfe, 0xfe, 0xfe, 0xff, 0xfe, 0xfe, 0xfe, 0xff, 0xfe, 0xfe, 0xfe, 0xff, 0xfe, 0xfe,
0xfe, 0xff, 0xfe, 0xfe, 0xfe, 0xff, 0xfe, 0xfe, 0xfe, 0xff, 0xff, 0xff, 0xfe, 0xff, 0xfe,
0xfe, 0xfe, 0xff, 0x8c, 0x66, 0xff, 0xff, 0x5f, 0x2a, 0xff, 0xff, 0x66, 0x33, 0xff, 0xff,
0x66, 0x33, 0xff, 0xff, 0x66, 0x33, 0xff, 0xff, 0x66, 0x33, 0xff, 0xff, 0x66, 0x33, 0xff,
0xff, 0x66, 0x33, 0xff, 0xff, 0x66, 0x33, 0xff, 0xff, 0x66, 0x33, 0xff, 0xff, 0x66, 0x33,
0xff, 0xff, 0x66, 0x33, 0xff, 0xff, 0x66, 0x33, 0xff, 0xff, 0x67, 0x34, 0xff, 0xff, 0x64,
0x2f, 0xf7, 0xd2, 0x59, 0x18, 0xcf, 0x01, 0x58, 0x17, 0xce, 0x00, 0x59, 0x18, 0xcf, 0x00,
0xff, 0xff, 0xff, 0x00, 0xff, 0xff, 0xff, 0x00, 0xff, 0xff, 0xff, 0x00, 0xff, 0xff, 0xff,
0x00, 0xff, 0xff, 0xff, 0x00, 0xff, 0xff, 0xff, 0x00, 0xff, 0xff, 0xff, 0x00, 0xff, 0xff,
0xff, 0x00, 0xff, 0xff, 0xff, 0x00, 0xff, 0xff, 0xff, 0x00, 0xff, 0xff, 0xff, 0x00, 0xff,
0xff, 0xff, 0x00, 0xff, 0xff, 0xff, 0x00, 0xff, 0xff, 0xff, 0x00, 0xff, 0xff, 0xff, 0x00,
0xff, 0xff, 0xff, 0x00, 0xff, 0xff, 0xff, 0x00, 0x5d, 0x29, 0xf0, 0x00, 0x5d, 0x28, 0xef,
0x00, 0x60, 0x2c, 0xf5, 0x64, 0x67, 0x34, 0xff, 0xff, 0x66, 0x33, 0xff, 0xff, 0x66, 0x33,
0xff, 0xff, 0x66, 0x33, 0xff, 0xff, 0x66, 0x33, 0xff, 0xff, 0x66, 0x33, 0xff, 0xff, 0x66,
0x33, 0xff, 0xff, 0x66, 0x33, 0xff, 0xff, 0x66, 0x33, 0xff, 0xff, 0x66, 0x33, 0xff, 0xff,
0x66, 0x33, 0xff, 0xff, 0x66, 0x33, 0xff, 0xff, 0x66, 0x33, 0xff, 0xff, 0x5d, 0x27, 0xff,
0xff, 0xb5, 0x9d, 0xff, 0xff, 0xff, 0xff, 0xfe, 0xff, 0xfe, 0xfe, 0xfe, 0xff, 0xfe, 0xfe,
0xfe, 0xff, 0xfe, 0xfe, 0xfe, 0xff, 0xfe, 0xfe, 0xfe, 0xff, 0xfe, 0xfe, 0xfe, 0xff, 0xfe,
0xfe, 0xfe, 0xff, 0xfe, 0xfe, 0xfe, 0xff, 0xfe, 0xfe, 0xfe, 0xff, 0xfe, 0xfe, 0xfe, 0xff,
0xfe, 0xfe, 0xfe, 0xff, 0xfe, 0xfe, 0xfe, 0xff, 0xfe, 0xfe, 0xfe, 0xff, 0xff, 0xff, 0xfe,
0xff, 0xff, 0xff, 0xfe, 0xff, 0xd3, 0xc5, 0xff, 0xff, 0x81, 0x57, 0xff, 0xff, 0x60, 0x2b,
0xff, 0xff, 0x5e, 0x28, 0xff, 0xff, 0x63, 0x2f, 0xff, 0xff, 0x65, 0x31, 0xff, 0xff, 0x66,
0x32, 0xff, 0xff, 0x66, 0x33, 0xff, 0xff, 0x66, 0x33, 0xff, 0xff, 0x66, 0x33, 0xff, 0xff,
0x66, 0x33, 0xff, 0xff, 0x65, 0x32, 0xff, 0xff, 0x64, 0x30, 0xff, 0xff, 0x60, 0x2b, 0xff,
0xff, 0x5d, 0x27, 0xff, 0xff, 0x72, 0x42, 0xff, 0xff, 0xc3, 0xaf, 0xff, 0xff, 0xff, 0xff,
0xfe, 0xff, 0xff, 0xff, 0xfe, 0xff, 0xfe, 0xfe, 0xfe, 0xff, 0xff, 0xff, 0xfe, 0xff, 0xe3,
0xda, 0xfe, 0xff, 0x64, 0x30, 0xff, 0xff, 0xcd, 0xbd, 0xff, 0xff, 0xff, 0xff, 0xfe, 0xff,
0xfe, 0xfe, 0xfe, 0xff, 0xff, 0xff, 0xfe, 0xff, 0xff, 0xff, 0xfe, 0xff, 0xd0, 0xc0, 0xff,
0xff, 0x79, 0x4d, 0xff, 0xff, 0x5e, 0x28, 0xff, 0xff, 0x5f, 0x29, 0xff, 0xff, 0x64, 0x30,
0xff, 0xff, 0x65, 0x32, 0xff, 0xff, 0x66, 0x32, 0xff, 0xff, 0x66, 0x33, 0xff, 0xff, 0x66,
0x33, 0xff, 0xff, 0x66, 0x33, 0xff, 0xff, 0x66, 0x32, 0xff, 0xff, 0x65, 0x31, 0xff, 0xff,
0x63, 0x2f, 0xff, 0xff, 0x5e, 0x29, 0xff, 0xff, 0x5f, 0x2a, 0xff, 0xff, 0x78, 0x4b, 0xff,
0xff, 0xc8, 0xb5, 0xff, 0xff, 0xfe, 0xfe, 0xfe, 0xff, 0xff, 0xff, 0xfe, 0xff, 0xfe, 0xfe,
0xfe, 0xff, 0xfe, 0xfe, 0xfe, 0xff, 0xfe, 0xfe, 0xfe, 0xff, 0xfe, 0xfe, 0xfe, 0xff, 0xfe,
0xfe, 0xfe, 0xff, 0xfe, 0xfe, 0xfe, 0xff, 0xfe, 0xfe, 0xfe, 0xff, 0xfe, 0xfe, 0xfe, 0xff,
0xfe, 0xfe, 0xfe, 0xff, 0xfe, 0xfe, 0xfe, 0xff, 0xfe, 0xfe, 0xfe, 0xff, 0xfe, 0xfe, 0xfe,
0xff, 0xff, 0xff, 0xfe, 0xff, 0xd5, 0xc7, 0xff, 0xff, 0x61, 0x2c, 0xff, 0xff, 0x66, 0x32,
0xff, 0xff, 0x66, 0x33, 0xff, 0xff, 0x66, 0x33, 0xff, 0xff, 0x66, 0x33, 0xff, 0xff, 0x66,
0x33, 0xff, 0xff, 0x66, 0x33, 0xff, 0xff, 0x66, 0x33, 0xff, 0xff, 0x66, 0x33, 0xff, 0xff,
0x66, 0x33, 0xff, 0xff, 0x66, 0x33, 0xff, 0xff, 0x66, 0x33, 0xff, 0xff, 0x66, 0x33, 0xff,
0xff, 0x66, 0x33, 0xfe, 0xf9, 0x5a, 0x2c, 0xef, 0x2b, 0x58, 0x2b, 0xea, 0x00, 0x59, 0x2b,
0xeb, 0x00, 0xff, 0xff, 0xff, 0x00, 0xff, 0xff, 0xff, 0x00, 0xff, 0xff, 0xff, 0x00, 0xff,
0xff, 0xff, 0x00, 0xff, 0xff, 0xff, 0x00, 0xff, 0xff, 0xff, 0x00, 0xff, 0xff, 0xff, 0x00,
0xff, 0xff, 0xff, 0x00, 0xff, 0xff, 0xff, 0x00, 0xff, 0xff, 0xff, 0x00, 0xff, 0xff, 0xff,
0x00, 0xff, 0xff, 0xff, 0x00, 0xff, 0xff, 0xff, 0x00, 0xff, 0xff, 0xff, 0x00, 0xff, 0xff,
0xff, 0x00, 0xff, 0xff, 0xff, 0x00, 0xff, 0xff, 0xff, 0x00, 0x60, 0x2d, 0xf0, 0x00, 0x60,
0x2d, 0xf0, 0x03, 0x66, 0x32, 0xfd, 0xc9, 0x66, 0x33, 0xff, 0xff, 0x66, 0x33, 0xff, 0xff,
0x66, 0x33, 0xff, 0xff, 0x66, 0x33, 0xff, 0xff, 0x66, 0x33, 0xff, 0xff, 0x66, 0x33, 0xff,
0xff, 0x66, 0x33, 0xff, 0xff, 0x66, 0x33, 0xff, 0xff, 0x66, 0x33, 0xff, 0xff, 0x66, 0x33,
0xff, 0xff, 0x66, 0x33, 0xff, 0xff, 0x66, 0x33, 0xff, 0xff, 0x64, 0x30, 0xff, 0xff, 0x6e,
0x3d, 0xff, 0xff, 0xee, 0xe9, 0xfe, 0xff, 0xff, 0xff, 0xfe, 0xff, 0xfe, 0xfe, 0xfe, 0xff,
0xfe, 0xfe, 0xfe, 0xff, 0xfe, 0xfe, 0xfe, 0xff, 0xfe, 0xfe, 0xfe, 0xff, 0xfe, 0xfe, 0xfe,
0xff, 0xfe, 0xfe, 0xfe, 0xff, 0xfe, 0xfe, 0xfe, 0xff, 0xfe, 0xfe, 0xfe, 0xff, 0xfe, 0xfe,
0xfe, 0xff, 0xfe, 0xfe, 0xfe, 0xff, 0xfe, 0xfe, 0xfe, 0xff, 0xff, 0xff, 0xfe, 0xff, 0xf8,
0xf6, 0xfe, 0xff, 0xa1, 0x81, 0xff, 0xff, 0x60, 0x2b, 0xff, 0xff, 0x60, 0x2b, 0xff, 0xff,
0x65, 0x32, 0xff, 0xff, 0x66, 0x33, 0xff, 0xff, 0x66, 0x33, 0xff, 0xff, 0x66, 0x33, 0xff,
0xff, 0x66, 0x33, 0xff, 0xff, 0x66, 0x33, 0xff, 0xff, 0x66, 0x33, 0xff, 0xff, 0x66, 0x33,
0xff, 0xff, 0x66, 0x33, 0xff, 0xff, 0x66, 0x33, 0xff, 0xff, 0x66, 0x33, 0xff, 0xff, 0x66,
0x33, 0xff, 0xff, 0x66, 0x33, 0xff, 0xff, 0x62, 0x2e, 0xff, 0xff, 0x5c, 0x26, 0xff, 0xff,
0x97, 0x74, 0xff, 0xff, 0xf7, 0xf4, 0xfe, 0xff, 0xff, 0xff, 0xfe, 0xff, 0xfe, 0xfe, 0xfe,
0xff, 0xff, 0xff, 0xfe, 0xff, 0xd0, 0xc0, 0xff, 0xff, 0xfc, 0xfc, 0xfe, 0xff, 0xfe, 0xfe,
0xfe, 0xff, 0xff, 0xff, 0xfe, 0xff, 0xfd, 0xfd, 0xfe, 0xff, 0xaa, 0x8d, 0xff, 0xff, 0x5f,
0x2a, 0xff, 0xff, 0x61, 0x2c, 0xff, 0xff, 0x66, 0x33, 0xff, 0xff, 0x66, 0x33, 0xff, 0xff,
0x66, 0x33, 0xff, 0xff, 0x66, 0x33, 0xff, 0xff, 0x66, 0x33, 0xff, 0xff, 0x66, 0x33, 0xff,
0xff, 0x66, 0x33, 0xff, 0xff, 0x66, 0x33, 0xff, 0xff, 0x66, 0x33, 0xff, 0xff, 0x66, 0x33,
0xff, 0xff, 0x66, 0x33, 0xff, 0xff, 0x66, 0x33, 0xff, 0xff, 0x66, 0x33, 0xff, 0xff, 0x61,
0x2d, 0xff, 0xff, 0x5e, 0x28, 0xff, 0xff, 0x8d, 0x67, 0xff, 0xff, 0xec, 0xe6, 0xfe, 0xff,
0xff, 0xff, 0xfe, 0xff, 0xfe, 0xfe, 0xfe, 0xff, 0xfe, 0xfe, 0xfe, 0xff, 0xfe, 0xfe, 0xfe,
0xff, 0xfe, 0xfe, 0xfe, 0xff, 0xfe, 0xfe, 0xfe, 0xff, 0xfe, 0xfe, 0xfe, 0xff, 0xfe, 0xfe,
0xfe, 0xff, 0xfe, 0xfe, 0xfe, 0xff, 0xfe, 0xfe, 0xfe, 0xff, 0xfe, 0xfe, 0xfe, 0xff, 0xfe,
0xfe, 0xfe, 0xff, 0xff, 0xff, 0xfe, 0xff, 0xf3, 0xf0, 0xfe, 0xff, 0x71, 0x42, 0xff, 0xff,
0x63, 0x2f, 0xff, 0xff, 0x66, 0x33, 0xff, 0xff, 0x66, 0x33, 0xff, 0xff, 0x66, 0x33, 0xff,
0xff, 0x66, 0x33, 0xff, 0xff, 0x66, 0x33, 0xff, 0xff, 0x66, 0x33, 0xff, 0xff, 0x66, 0x33,
0xff, 0xff, 0x66, 0x33, 0xff, 0xff, 0x66, 0x33, 0xff, 0xff, 0x66, 0x33, 0xff, 0xff, 0x66,
0x33, 0xff, 0xff, 0x67, 0x34, 0xff, 0xff, 0x60, 0x2c, 0xf6, 0x8c, 0x55, 0x20, 0xe8, 0x00,
0x56, 0x20, 0xe9, 0x00, 0xff, 0xff, 0xff, 0x00, 0xff, 0xff, 0xff, 0x00, 0xff, 0xff, 0xff,
0x00, 0xff, 0xff, 0xff, 0x00, 0xff, 0xff, 0xff, 0x00, 0xff, 0xff, 0xff, 0x00, 0xff, 0xff,
0xff, 0x00, 0xff, 0xff, 0xff, 0x00, 0xff, 0xff, 0xff, 0x00, 0xff, 0xff, 0xff, 0x00, 0xff,
0xff, 0xff, 0x00, 0xff, 0xff, 0xff, 0x00, 0xff, 0xff, 0xff, 0x00, 0xff, 0xff, 0xff, 0x00,
0xff, 0xff, 0xff, 0x00, 0xff, 0xff, 0xff, 0x00, 0xff, 0xff, 0xff, 0x00, 0x31, 0x17, 0x7f,
0x00, 0x3b, 0x1c, 0x94, 0x23, 0x65, 0x32, 0xfd, 0xfa, 0x66, 0x33, 0xff, 0xff, 0x66, 0x33,
0xff, 0xff, 0x66, 0x33, 0xff, 0xff, 0x66, 0x33, 0xff, 0xff, 0x66, 0x33, 0xff, 0xff, 0x66,
0x33, 0xff, 0xff, 0x66, 0x33, 0xff, 0xff, 0x66, 0x33, 0xff, 0xff, 0x66, 0x33, 0xff, 0xff,
0x66, 0x33, 0xff, 0xff, 0x66, 0x33, 0xff, 0xff, 0x66, 0x33, 0xff, 0xff, 0x60, 0x2c, 0xff,
0xff, 0x83, 0x58, 0xff, 0xff, 0xfe, 0xfe, 0xfe, 0xff, 0xff, 0xff, 0xfe, 0xff, 0xfe, 0xfe,
0xfe, 0xff, 0xfe, 0xfe, 0xfe, 0xff, 0xfe, 0xfe, 0xfe, 0xff, 0xfe, 0xfe, 0xfe, 0xff, 0xfe,
0xfe, 0xfe, 0xff, 0xfe, 0xfe, 0xfe, 0xff, 0xfe, 0xfe, 0xfe, 0xff, 0xfe, 0xfe, 0xfe, 0xff,
0xfe, 0xfe, 0xfe, 0xff, 0xfe, 0xfe, 0xfe, 0xff, 0xff, 0xff, 0xfe, 0xff, 0xf3, 0xee, 0xfe,
0xff, 0x87, 0x5e, 0xff, 0xff, 0x5b, 0x25, 0xff, 0xff, 0x65, 0x32, 0xff, 0xff, 0x66, 0x33,
0xff, 0xff, 0x66, 0x33, 0xff, 0xff, 0x66, 0x33, 0xff, 0xff, 0x66, 0x33, 0xff, 0xff, 0x66,
0x33, 0xff, 0xff, 0x66, 0x33, 0xff, 0xff, 0x66, 0x33, 0xff, 0xff, 0x66, 0x33, 0xff, 0xff,
0x66, 0x33, 0xff, 0xff, 0x66, 0x33, 0xff, 0xff, 0x66, 0x33, 0xff, 0xff, 0x66, 0x33, 0xff,
0xff, 0x66, 0x33, 0xff, 0xff, 0x66, 0x33, 0xff, 0xff, 0x66, 0x33, 0xff, 0xff, 0x65, 0x32,
0xff, 0xff, 0x5c, 0x26, 0xff, 0xff, 0x89, 0x62, 0xff, 0xff, 0xf7, 0xf4, 0xfe, 0xff, 0xff,
0xff, 0xfe, 0xff, 0xfe, 0xfe, 0xfe, 0xff, 0xff, 0xff, 0xfe, 0xff, 0xff, 0xff, 0xfe, 0xff,
0xff, 0xff, 0xfe, 0xff, 0xfd, 0xfd, 0xfe, 0xff, 0x9d, 0x7c, 0xff, 0xff, 0x5b, 0x25, 0xff,
0xff, 0x65, 0x31, 0xff, 0xff, 0x66, 0x33, 0xff, 0xff, 0x66, 0x33, 0xff, 0xff, 0x66, 0x33,
0xff, 0xff, 0x66, 0x33, 0xff, 0xff, 0x66, 0x33, 0xff, 0xff, 0x66, 0x33, 0xff, 0xff, 0x66,
0x33, 0xff, 0xff, 0x66, 0x33, 0xff, 0xff, 0x66, 0x33, 0xff, 0xff, 0x66, 0x33, 0xff, 0xff,
0x66, 0x33, 0xff, 0xff, 0x66, 0x33, 0xff, 0xff, 0x66, 0x33, 0xff, 0xff, 0x66, 0x33, 0xff,
0xff, 0x66, 0x33, 0xff, 0xff, 0x66, 0x33, 0xff, 0xff, 0x5d, 0x26, 0xff, 0xff, 0x79, 0x4c,
0xff, 0xff, 0xe8, 0xe0, 0xfe, 0xff, 0xff, 0xff, 0xfe, 0xff, 0xfe, 0xfe, 0xfe, 0xff, 0xfe,
0xfe, 0xfe, 0xff, 0xfe, 0xfe, 0xfe, 0xff, 0xfe, 0xfe, 0xfe, 0xff, 0xfe, 0xfe, 0xfe, 0xff,
0xfe, 0xfe, 0xfe, 0xff, 0xfe, 0xfe, 0xfe, 0xff, 0xfe, 0xfe, 0xfe, 0xff, 0xfe, 0xfe, 0xfe,
0xff, 0xfe, 0xfe, 0xfe, 0xff, 0xfe, 0xfe, 0xfe, 0xff, 0xff, 0xff, 0xfe, 0xff, 0x96, 0x73,
0xff, 0xff, 0x5e, 0x28, 0xff, 0xff, 0x66, 0x33, 0xff, 0xff, 0x66, 0x33, 0xff, 0xff, 0x66,
0x33, 0xff, 0xff, 0x66, 0x33, 0xff, 0xff, 0x66, 0x33, 0xff, 0xff, 0x66, 0x33, 0xff, 0xff,
0x66, 0x33, 0xff, 0xff, 0x66, 0x33, 0xff, 0xff, 0x66, 0x33, 0xff, 0xff, 0x66, 0x33, 0xff,
0xff, 0x66, 0x33, 0xff, 0xff, 0x66, 0x33, 0xff, 0xff, 0x65, 0x32, 0xfe, 0xd2, 0x5f, 0x2d,
0xf6, 0x01, 0x5f, 0x2d, 0xf6, 0x00, 0xff, 0xff, 0xff, 0x00, 0xff, 0xff, 0xff, 0x00, 0xff,
0xff, 0xff, 0x00, 0xff, 0xff, 0xff, 0x00, 0xff, 0xff, 0xff, 0x00, 0xff, 0xff, 0xff, 0x00,
0xff, 0xff, 0xff, 0x00, 0xff, 0xff, 0xff, 0x00, 0xff, 0xff, 0xff, 0x00, 0xff, 0xff, 0xff,
0x00, 0xff, 0xff, 0xff, 0x00, 0xff, 0xff, 0xff, 0x00, 0xff, 0xff, 0xff, 0x00, 0xff, 0xff,
0xff, 0x00, 0xff, 0xff, 0xff, 0x00, 0xff, 0xff, 0xff, 0x00, 0xff, 0xff, 0xff, 0x00, 0x5f,
0x30, 0xf4, 0x00, 0x61, 0x31, 0xf8, 0x52, 0x66, 0x33, 0xff, 0xff, 0x66, 0x33, 0xff, 0xff,
0x66, 0x33, 0xff, 0xff, 0x66, 0x33, 0xff, 0xff, 0x66, 0x33, 0xff, 0xff, 0x66, 0x33, 0xff,
0xff, 0x66, 0x33, 0xff, 0xff, 0x66, 0x33, 0xff, 0xff, 0x66, 0x33, 0xff, 0xff, 0x66, 0x33,
0xff, 0xff, 0x66, 0x33, 0xff, 0xff, 0x66, 0x33, 0xff, 0xff, 0x66, 0x33, 0xff, 0xff, 0x5e,
0x29, 0xff, 0xff, 0x98, 0x75, 0xff, 0xff, 0xff, 0xff, 0xfe, 0xff, 0xfe, 0xfe, 0xfe, 0xff,
0xfe, 0xfe, 0xfe, 0xff, 0xfe, 0xfe, 0xfe, 0xff, 0xfe, 0xfe, 0xfe, 0xff, 0xfe, 0xfe, 0xfe,
0xff, 0xfe, 0xfe, 0xfe, 0xff, 0xfe, 0xfe, 0xfe, 0xff, 0xfe, 0xfe, 0xfe, 0xff, 0xfe, 0xfe,
0xfe, 0xff, 0xfe, 0xfe, 0xfe, 0xff, 0xff, 0xff, 0xfe, 0xff, 0xf9, 0xf7, 0xfe, 0xff, 0x87,
0x60, 0xff, 0xff, 0x5c, 0x26, 0xff, 0xff, 0x66, 0x33, 0xff, 0xff, 0x66, 0x33, 0xff, 0xff,
0x66, 0x33, 0xff, 0xff, 0x66, 0x33, 0xff, 0xff, 0x66, 0x33, 0xff, 0xff, 0x66, 0x33, 0xff,
0xff, 0x66, 0x33, 0xff, 0xff, 0x66, 0x33, 0xff, 0xff, 0x66, 0x33, 0xff, 0xff, 0x66, 0x33,
0xff, 0xff, 0x66, 0x33, 0xff, 0xff, 0x66, 0x33, 0xff, 0xff, 0x66, 0x33, 0xff, 0xff, 0x66,
0x33, 0xff, 0xff, 0x66, 0x33, 0xff, 0xff, 0x66, 0x33, 0xff, 0xff, 0x66, 0x33, 0xff, 0xff,
0x66, 0x33, 0xff, 0xff, 0x66, 0x33, 0xff, 0xff, 0x5c, 0x26, 0xff, 0xff, 0x91, 0x6c, 0xff,
0xff, 0xfe, 0xfd, 0xfe, 0xff, 0xff, 0xff, 0xfe, 0xff, 0xfe, 0xfe, 0xfe, 0xff, 0xfe, 0xfe,
0xfe, 0xff, 0xff, 0xff, 0xfe, 0xff, 0xa8, 0x8c, 0xff, 0xff, 0x5b, 0x24, 0xff, 0xff, 0x66,
0x32, 0xff, 0xff, 0x66, 0x33, 0xff, 0xff, 0x66, 0x33, 0xff, 0xff, 0x66, 0x33, 0xff, 0xff,
0x66, 0x33, 0xff, 0xff, 0x66, 0x33, 0xff, 0xff, 0x66, 0x33, 0xff, 0xff, 0x66, 0x33, 0xff,
0xff, 0x66, 0x33, 0xff, 0xff, 0x66, 0x33, 0xff, 0xff, 0x66, 0x33, 0xff, 0xff, 0x66, 0x33,
0xff, 0xff, 0x66, 0x33, 0xff, 0xff, 0x66, 0x33, 0xff, 0xff, 0x66, 0x33, 0xff, 0xff, 0x66,
0x33, 0xff, 0xff, 0x66, 0x33, 0xff, 0xff, 0x66, 0x33, 0xff, 0xff, 0x66, 0x33, 0xff, 0xff,
0x5f, 0x29, 0xff, 0xff, 0x79, 0x4c, 0xff, 0xff, 0xf0, 0xeb, 0xfe, 0xff, 0xff, 0xff, 0xfe,
0xff, 0xfe, 0xfe, 0xfe, 0xff, 0xfe, 0xfe, 0xfe, 0xff, 0xfe, 0xfe, 0xfe, 0xff, 0xfe, 0xfe,
0xfe, 0xff, 0xfe, 0xfe, 0xfe, 0xff, 0xfe, 0xfe, 0xfe, 0xff, 0xfe, 0xfe, 0xfe, 0xff, 0xfe,
0xfe, 0xfe, 0xff, 0xfe, 0xfe, 0xfe, 0xff, 0xfe, 0xfe, 0xfe, 0xff, 0xff, 0xff, 0xfe, 0xff,
0xbd, 0xa7, 0xff, 0xff, 0x5d, 0x27, 0xff, 0xff, 0x66, 0x33, 0xff, 0xff, 0x66, 0x33, 0xff,
0xff, 0x66, 0x33, 0xff, 0xff, 0x66, 0x33, 0xff, 0xff, 0x66, 0x33, 0xff, 0xff, 0x66, 0x33,
0xff, 0xff, 0x66, 0x33, 0xff, 0xff, 0x66, 0x33, 0xff, 0xff, 0x66, 0x33, 0xff, 0xff, 0x66,
0x33, 0xff, 0xff, 0x66, 0x33, 0xff, 0xff, 0x66, 0x33, 0xff, 0xff, 0x66, 0x33, 0xff, 0xf3,
0x5f, 0x2f, 0xf5, 0x1c, 0x5e, 0x2f, 0xf4, 0x00, 0xff, 0xff, 0xff, 0x00, 0xff, 0xff, 0xff,
0x00, 0xff, 0xff, 0xff, 0x00, 0xff, 0xff, 0xff, 0x00, 0xff, 0xff, 0xff, 0x00, 0xff, 0xff,
0xff, 0x00, 0xff, 0xff, 0xff, 0x00, 0xff, 0xff, 0xff, 0x00, 0xff, 0xff, 0xff, 0x00, 0xff,
0xff, 0xff, 0x00, 0xff, 0xff, 0xff, 0x00, 0xff, 0xff, 0xff, 0x00, 0xff, 0xff, 0xff, 0x00,
0xff, 0xff, 0xff, 0x00, 0xff, 0xff, 0xff, 0x00, 0xff, 0xff, 0xff, 0x00, 0xff, 0xff, 0xff,
0x00, 0x64, 0x31, 0xfd, 0x00, 0x66, 0x32, 0xff, 0xa1, 0x66, 0x33, 0xff, 0xff, 0x66, 0x33,
0xff, 0xff, 0x66, 0x33, 0xff, 0xff, 0x66, 0x33, 0xff, 0xff, 0x66, 0x33, 0xff, 0xff, 0x66,
0x33, 0xff, 0xff, 0x66, 0x33, 0xff, 0xff, 0x66, 0x33, 0xff, 0xff, 0x66, 0x33, 0xff, 0xff,
0x66, 0x33, 0xff, 0xff, 0x66, 0x33, 0xff, 0xff, 0x66, 0x33, 0xff, 0xff, 0x66, 0x33, 0xff,
0xff, 0x5d, 0x26, 0xff, 0xff, 0xb1, 0x96, 0xff, 0xff, 0xff, 0xff, 0xfe, 0xff, 0xfe, 0xfe,
0xfe, 0xff, 0xfe, 0xfe, 0xfe, 0xff, 0xfe, 0xfe, 0xfe, 0xff, 0xfe, 0xfe, 0xfe, 0xff, 0xfe,
0xfe, 0xfe, 0xff, 0xfe, 0xfe, 0xfe, 0xff, 0xfe, 0xfe, 0xfe, 0xff, 0xfe, 0xfe, 0xfe, 0xff,
0xfe, 0xfe, 0xfe, 0xff, 0xfe, 0xfe, 0xfe, 0xff, 0xff, 0xff, 0xfe, 0xff, 0xa6, 0x89, 0xff,
0xff, 0x5b, 0x25, 0xff, 0xff, 0x66, 0x33, 0xff, 0xff, 0x66, 0x33, 0xff, 0xff, 0x66, 0x33,
0xff, 0xff, 0x66, 0x33, 0xff, 0xff, 0x66, 0x33, 0xff, 0xff, 0x66, 0x33, 0xff, 0xff, 0x66,
0x33, 0xff, 0xff, 0x66, 0x33, 0xff, 0xff, 0x66, 0x33, 0xff, 0xff, 0x66, 0x33, 0xff, 0xff,
0x66, 0x33, 0xff, 0xff, 0x66, 0x33, 0xff, 0xff, 0x64, 0x31, 0xff, 0xff, 0x62, 0x2e, 0xff,
0xff, 0x62, 0x2d, 0xff, 0xff, 0x62, 0x2d, 0xff, 0xff, 0x63, 0x2e, 0xff, 0xff, 0x65, 0x31,
0xff, 0xff, 0x66, 0x33, 0xff, 0xff, 0x66, 0x33, 0xff, 0xff, 0x66, 0x33, 0xff, 0xff, 0x5c,
0x26, 0xff, 0xff, 0xad, 0x92, 0xff, 0xff, 0xff, 0xff, 0xfe, 0xff, 0xfe, 0xfe, 0xfe, 0xff,
0xff, 0xff, 0xfe, 0xff, 0xc6, 0xb3, 0xff, 0xff, 0x5e, 0x28, 0xff, 0xff, 0x65, 0x32, 0xff,
0xff, 0x66, 0x33, 0xff, 0xff, 0x66, 0x33, 0xff, 0xff, 0x65, 0x32, 0xff, 0xff, 0x63, 0x2f,
0xff, 0xff, 0x62, 0x2d, 0xff, 0xff, 0x62, 0x2d, 0xff, 0xff, 0x62, 0x2e, 0xff, 0xff, 0x64,
0x30, 0xff, 0xff, 0x66, 0x33, 0xff, 0xff, 0x66, 0x33, 0xff, 0xff, 0x66, 0x33, 0xff, 0xff,
0x66, 0x33, 0xff, 0xff, 0x66, 0x33, 0xff, 0xff, 0x66, 0x33, 0xff, 0xff, 0x66, 0x33, 0xff,
0xff, 0x66, 0x33, 0xff, 0xff, 0x66, 0x33, 0xff, 0xff, 0x66, 0x33, 0xff, 0xff, 0x66, 0x33,
0xff, 0xff, 0x66, 0x33, 0xff, 0xff, 0x5d, 0x27, 0xff, 0xff, 0x8e, 0x68, 0xff, 0xff, 0xff,
0xff, 0xfe, 0xff, 0xff, 0xff, 0xfe, 0xff, 0xfe, 0xfe, 0xfe, 0xff, 0xfe, 0xfe, 0xfe, 0xff,
0xfe, 0xfe, 0xfe, 0xff, 0xfe, 0xfe, 0xfe, 0xff, 0xfe, 0xfe, 0xfe, 0xff, 0xfe, 0xfe, 0xfe,
0xff, 0xfe, 0xfe, 0xfe, 0xff, 0xfe, 0xfe, 0xfe, 0xff, 0xfe, 0xfe, 0xfe, 0xff, 0xff, 0xff,
0xfe, 0xff, 0xd5, 0xc7, 0xff, 0xff, 0x61, 0x2c, 0xff, 0xff, 0x66, 0x33, 0xff, 0xff, 0x66,
0x33, 0xff, 0xff, 0x66, 0x33, 0xff, 0xff, 0x66, 0x33, 0xff, 0xff, 0x66, 0x33, 0xff, 0xff,
0x66, 0x33, 0xff, 0xff, 0x66, 0x33, 0xff, 0xff, 0x66, 0x33, 0xff, 0xff, 0x66, 0x33, 0xff,
0xff, 0x66, 0x33, 0xff, 0xff, 0x66, 0x33, 0xff, 0xff, 0x66, 0x33, 0xff, 0xff, 0x66, 0x33,
0xff, 0xff, 0x64, 0x31, 0xfd, 0x62, 0x64, 0x31, 0xfc, 0x00, 0xff, 0xff, 0xff, 0x00, 0xff,
0xff, 0xff, 0x00, 0xff, 0xff, 0xff, 0x00, 0xff, 0xff, 0xff, 0x00, 0xff, 0xff, 0xff, 0x00,
0xff, 0xff, 0xff, 0x00, 0xff, 0xff, 0xff, 0x00, 0xff, 0xff, 0xff, 0x00, 0xff, 0xff, 0xff,
0x00, 0xff, 0xff, 0xff, 0x00, 0xff, 0xff, 0xff, 0x00, 0xff, 0xff, 0xff, 0x00, 0xff, 0xff,
0xff, 0x00, 0xff, 0xff, 0xff, 0x00, 0xff, 0xff, 0xff, 0x00, 0xff, 0xff, 0xff, 0x00, 0xff,
0xff, 0xff, 0x00, 0x63, 0x31, 0xf7, 0x0a, 0x66, 0x33, 0xfe, 0xe0, 0x66, 0x33, 0xff, 0xff,
0x66, 0x33, 0xff, 0xff, 0x66, 0x33, 0xff, 0xff, 0x66, 0x33, 0xff, 0xff, 0x66, 0x33, 0xff,
0xff, 0x66, 0x33, 0xff, 0xff, 0x66, 0x33, 0xff, 0xff, 0x66, 0x33, 0xff, 0xff, 0x66, 0x33,
0xff, 0xff, 0x66, 0x33, 0xff, 0xff, 0x66, 0x33, 0xff, 0xff, 0x66, 0x33, 0xff, 0xff, 0x66,
0x33, 0xff, 0xff, 0x5d, 0x28, 0xff, 0xff, 0xbc, 0xa6, 0xff, 0xff, 0xff, 0xff, 0xfe, 0xff,
0xfe, 0xfe, 0xfe, 0xff, 0xfe, 0xfe, 0xfe, 0xff, 0xfe, 0xfe, 0xfe, 0xff, 0xfe, 0xfe, 0xfe,
0xff, 0xfe, 0xfe, 0xfe, 0xff, 0xfe, 0xfe, 0xfe, 0xff, 0xfe, 0xfe, 0xfe, 0xff, 0xfe, 0xfe,
0xfe, 0xff, 0xfe, 0xfe, 0xfe, 0xff, 0xff, 0xff, 0xfe, 0xff, 0xde, 0xd3, 0xfe, 0xff, 0x62,
0x2e, 0xff, 0xff, 0x65, 0x31, 0xff, 0xff, 0x66, 0x33, 0xff, 0xff, 0x66, 0x33, 0xff, 0xff,
0x66, 0x33, 0xff, 0xff, 0x66, 0x33, 0xff, 0xff, 0x66, 0x33, 0xff, 0xff, 0x66, 0x33, 0xff,
0xff, 0x66, 0x33, 0xff, 0xff, 0x66, 0x33, 0xff, 0xff, 0x66, 0x33, 0xff, 0xff, 0x65, 0x32,
0xff, 0xff, 0x60, 0x2b, 0xff, 0xff, 0x5e, 0x28, 0xff, 0xff, 0x6a, 0x38, 0xff, 0xff, 0x76,
0x48, 0xff, 0xff, 0x7b, 0x4f, 0xff, 0xff, 0x7b, 0x4e, 0xff, 0xff, 0x74, 0x46, 0xff, 0xff,
0x67, 0x35, 0xff, 0xff, 0x5d, 0x27, 0xff, 0xff, 0x61, 0x2c, 0xff, 0xff, 0x66, 0x33, 0xff,
0xff, 0x64, 0x30, 0xff, 0xff, 0x64, 0x30, 0xff, 0xff, 0xd8, 0xcb, 0xff, 0xff, 0xff, 0xff,
0xfe, 0xff, 0xe8, 0xe1, 0xfe, 0xff, 0x6a, 0x38, 0xff, 0xff, 0x63, 0x2f, 0xff, 0xff, 0x66,
0x33, 0xff, 0xff, 0x62, 0x2d, 0xff, 0xff, 0x5d, 0x27, 0xff, 0xff, 0x65, 0x31, 0xff, 0xff,
0x73, 0x44, 0xff, 0xff, 0x7a, 0x4d, 0xff, 0xff, 0x7b, 0x50, 0xff, 0xff, 0x77, 0x4a, 0xff,
0xff, 0x6c, 0x3b, 0xff, 0xff, 0x5f, 0x29, 0xff, 0xff, 0x5f, 0x2a, 0xff, 0xff, 0x64, 0x31,
0xff, 0xff, 0x66, 0x33, 0xff, 0xff, 0x66, 0x33, 0xff, 0xff, 0x66, 0x33, 0xff, 0xff, 0x66,
0x33, 0xff, 0xff, 0x66, 0x33, 0xff, 0xff, 0x66, 0x33, 0xff, 0xff, 0x66, 0x33, 0xff, 0xff,
0x66, 0x33, 0xff, 0xff, 0x66, 0x33, 0xff, 0xff, 0x66, 0x32, 0xff, 0xff, 0x5f, 0x29, 0xff,
0xff, 0xc6, 0xb3, 0xff, 0xff, 0xff, 0xff, 0xfe, 0xff, 0xfe, 0xfe, 0xfe, 0xff, 0xfe, 0xfe,
0xfe, 0xff, 0xfe, 0xfe, 0xfe, 0xff, 0xfe, 0xfe, 0xfe, 0xff, 0xfe, 0xfe, 0xfe, 0xff, 0xfe,
0xfe, 0xfe, 0xff, 0xfe, 0xfe, 0xfe, 0xff, 0xfe, 0xfe, 0xfe, 0xff, 0xfe, 0xfe, 0xfe, 0xff,
0xff, 0xff, 0xfe, 0xff, 0xdb, 0xcf, 0xfe, 0xff, 0x63, 0x2f, 0xff, 0xff, 0x65, 0x32, 0xff,
0xff, 0x66, 0x33, 0xff, 0xff, 0x66, 0x33, 0xff, 0xff, 0x66, 0x33, 0xff, 0xff, 0x66, 0x33,
0xff, 0xff, 0x66, 0x33, 0xff, 0xff, 0x66, 0x33, 0xff, 0xff, 0x66, 0x33, 0xff, 0xff, 0x66,
0x33, 0xff, 0xff, 0x66, 0x33, 0xff, 0xff, 0x66, 0x33, 0xff, 0xff, 0x66, 0x33, 0xff, 0xff,
0x66, 0x33, 0xff, 0xff, 0x66, 0x32, 0xfd, 0xad, 0x64, 0x30, 0xf6, 0x00, 0xff, 0xff, 0xff,
0x00, 0xff, 0xff, 0xff, 0x00, 0xff, 0xff, 0xff, 0x00, 0xff, 0xff, 0xff, 0x00, 0xff, 0xff,
0xff, 0x00, 0xff, 0xff, 0xff, 0x00, 0xff, 0xff, 0xff, 0x00, 0xff, 0xff, 0xff, 0x00, 0xff,
0xff, 0xff, 0x00, 0xff, 0xff, 0xff, 0x00, 0xff, 0xff, 0xff, 0x00, 0xff, 0xff, 0xff, 0x00,
0xff, 0xff, 0xff, 0x00, 0xff, 0xff, 0xff, 0x00, 0xff, 0xff, 0xff, 0x00, 0xff, 0xff, 0xff,
0x00, 0xff, 0xff, 0xff, 0x00, 0x65, 0x30, 0xfd, 0x25, 0x66, 0x33, 0xff, 0xfa, 0x66, 0x33,
0xff, 0xff, 0x66, 0x33, 0xff, 0xff, 0x66, 0x33, 0xff, 0xff, 0x66, 0x33, 0xff, 0xff, 0x66,
0x33, 0xff, 0xff, 0x66, 0x33, 0xff, 0xff, 0x66, 0x33, 0xff, 0xff, 0x66, 0x33, 0xff, 0xff,
0x66, 0x33, 0xff, 0xff, 0x66, 0x33, 0xff, 0xff, 0x66, 0x33, 0xff, 0xff, 0x66, 0x33, 0xff,
0xff, 0x66, 0x33, 0xff, 0xff, 0x5d, 0x27, 0xff, 0xff, 0xbc, 0xa6, 0xff, 0xff, 0xff, 0xff,
0xfe, 0xff, 0xfe, 0xfe, 0xfe, 0xff, 0xfe, 0xfe, 0xfe, 0xff, 0xfe, 0xfe, 0xfe, 0xff, 0xfe,
0xfe, 0xfe, 0xff, 0xfe, 0xfe, 0xfe, 0xff, 0xfe, 0xfe, 0xfe, 0xff, 0xfe, 0xfe, 0xfe, 0xff,
0xfe, 0xfe, 0xfe, 0xff, 0xff, 0xff, 0xfe, 0xff, 0xfe, 0xfd, 0xfe, 0xff, 0x93, 0x6f, 0xff,
0xff, 0x5e, 0x28, 0xff, 0xff, 0x66, 0x33, 0xff, 0xff, 0x66, 0x33, 0xff, 0xff, 0x66, 0x33,
0xff, 0xff, 0x66, 0x33, 0xff, 0xff, 0x66, 0x33, 0xff, 0xff, 0x66, 0x33, 0xff, 0xff, 0x66,
0x33, 0xff, 0xff, 0x66, 0x33, 0xff, 0xff, 0x66, 0x33, 0xff, 0xff, 0x60, 0x2b, 0xff, 0xff,
0x64, 0x30, 0xff, 0xff, 0x86, 0x5e, 0xff, 0xff, 0xbc, 0xa6, 0xff, 0xff, 0xe7, 0xdf, 0xfe,
0xff, 0xf7, 0xf4, 0xfe, 0xff, 0xf9, 0xf8, 0xfe, 0xff, 0xf9, 0xf7, 0xfe, 0xff, 0xf6, 0xf3,
0xfe, 0xff, 0xe3, 0xd9, 0xfe, 0xff, 0xb2, 0x99, 0xff, 0xff, 0x7d, 0x52, 0xff, 0xff, 0x5f,
0x2a, 0xff, 0xff, 0x64, 0x30, 0xff, 0xff, 0x60, 0x2b, 0xff, 0xff, 0x7e, 0x53, 0xff, 0xff,
0xf7, 0xf4, 0xfe, 0xff, 0x93, 0x6e, 0xff, 0xff, 0x5e, 0x29, 0xff, 0xff, 0x65, 0x31, 0xff,
0xff, 0x5f, 0x29, 0xff, 0xff, 0x78, 0x4a, 0xff, 0xff, 0xa9, 0x8c, 0xff, 0xff, 0xdd, 0xd2,
0xfe, 0xff, 0xf5, 0xf1, 0xfe, 0xff, 0xf9, 0xf7, 0xfe, 0xff, 0xf9, 0xf8, 0xfe, 0xff, 0xf7,
0xf5, 0xfe, 0xff, 0xeb, 0xe4, 0xfe, 0xff, 0xc4, 0xb1, 0xff, 0xff, 0x8c, 0x66, 0xff, 0xff,
0x68, 0x36, 0xff, 0xff, 0x5f, 0x2a, 0xff, 0xff, 0x66, 0x33, 0xff, 0xff, 0x66, 0x33, 0xff,
0xff, 0x66, 0x33, 0xff, 0xff, 0x66, 0x33, 0xff, 0xff, 0x66, 0x33, 0xff, 0xff, 0x66, 0x33,
0xff, 0xff, 0x66, 0x33, 0xff, 0xff, 0x66, 0x33, 0xff, 0xff, 0x66, 0x33, 0xff, 0xff, 0x60,
0x2b, 0xff, 0xff, 0x7f, 0x54, 0xff, 0xff, 0xfd, 0xfc, 0xfe, 0xff, 0xff, 0xff, 0xfe, 0xff,
0xfe, 0xfe, 0xfe, 0xff, 0xfe, 0xfe, 0xfe, 0xff, 0xfe, 0xfe, 0xfe, 0xff, 0xfe, 0xfe, 0xfe,
0xff, 0xfe, 0xfe, 0xfe, 0xff, 0xfe, 0xfe, 0xfe, 0xff, 0xfe, 0xfe, 0xfe, 0xff, 0xfe, 0xfe,
0xfe, 0xff, 0xff, 0xff, 0xfe, 0xff, 0xdb, 0xcf, 0xfe, 0xff, 0x63, 0x2f, 0xff, 0xff, 0x65,
0x32, 0xff, 0xff, 0x66, 0x33, 0xff, 0xff, 0x66, 0x33, 0xff, 0xff, 0x66, 0x33, 0xff, 0xff,
0x66, 0x33, 0xff, 0xff, 0x66, 0x33, 0xff, 0xff, 0x66, 0x33, 0xff, 0xff, 0x66, 0x33, 0xff,
0xff, 0x66, 0x33, 0xff, 0xff, 0x66, 0x33, 0xff, 0xff, 0x66, 0x33, 0xff, 0xff, 0x66, 0x33,
0xff, 0xff, 0x67, 0x34, 0xff, 0xff, 0x5e, 0x2f, 0xea, 0xd4, 0x35, 0x1a, 0x83, 0x02, 0xff,
0xff, 0xff, 0x00, 0xff, 0xff, 0xff, 0x00, 0xff, 0xff, 0xff, 0x00, 0xff, 0xff, 0xff, 0x00,
0xff, 0xff, 0xff, 0x00, 0xff, 0xff, 0xff, 0x00, 0xff, 0xff, 0xff, 0x00, 0xff, 0xff, 0xff,
0x00, 0xff, 0xff, 0xff, 0x00, 0xff, 0xff, 0xff, 0x00, 0xff, 0xff, 0xff, 0x00, 0xff, 0xff,
0xff, 0x00, 0xff, 0xff, 0xff, 0x00, 0xff, 0xff, 0xff, 0x00, 0xff, 0xff, 0xff, 0x00, 0xff,
0xff, 0xff, 0x00, 0xff, 0xff, 0xff, 0x00, 0x4c, 0x26, 0xbf, 0x3c, 0x67, 0x34, 0xff, 0xff,
0x66, 0x33, 0xff, 0xff, 0x66, 0x33, 0xff, 0xff, 0x66, 0x33, 0xff, 0xff, 0x66, 0x33, 0xff,
0xff, 0x66, 0x33, 0xff, 0xff, 0x66, 0x33, 0xff, 0xff, 0x66, 0x33, 0xff, 0xff, 0x66, 0x33,
0xff, 0xff, 0x66, 0x33, 0xff, 0xff, 0x66, 0x33, 0xff, 0xff, 0x66, 0x33, 0xff, 0xff, 0x66,
0x33, 0xff, 0xff, 0x66, 0x33, 0xff, 0xff, 0x5c, 0x26, 0xff, 0xff, 0xb3, 0x9a, 0xff, 0xff,
0xff, 0xff, 0xfe, 0xff, 0xfe, 0xfe, 0xfe, 0xff, 0xfe, 0xfe, 0xfe, 0xff, 0xfe, 0xfe, 0xfe,
0xff, 0xfe, 0xfe, 0xfe, 0xff, 0xfe, 0xfe, 0xfe, 0xff, 0xfe, 0xfe, 0xfe, 0xff, 0xfe, 0xfe,
0xfe, 0xff, 0xfe, 0xfe, 0xfe, 0xff, 0xff, 0xff, 0xfe, 0xff, 0xea, 0xe3, 0xfe, 0xff, 0x69,
0x37, 0xff, 0xff, 0x64, 0x31, 0xff, 0xff, 0x66, 0x33, 0xff, 0xff, 0x66, 0x33, 0xff, 0xff,
0x66, 0x33, 0xff, 0xff, 0x66, 0x33, 0xff, 0xff, 0x66, 0x33, 0xff, 0xff, 0x66, 0x33, 0xff,
0xff, 0x66, 0x33, 0xff, 0xff, 0x66, 0x33, 0xff, 0xff, 0x5f, 0x29, 0xff, 0xff, 0x7d, 0x52,
0xff, 0xff, 0xd3, 0xc5, 0xff, 0xff, 0xff, 0xff, 0xfe, 0xff, 0xff, 0xff, 0xfe, 0xff, 0xff,
0xff, 0xfe, 0xff, 0xff, 0xff, 0xfe, 0xff, 0xff, 0xff, 0xfe, 0xff, 0xff, 0xff, 0xfe, 0xff,
0xff, 0xff, 0xfe, 0xff, 0xff, 0xff, 0xfe, 0xff, 0xff, 0xff, 0xfe, 0xff, 0xfb, 0xf9, 0xfe,
0xff, 0xb8, 0xa0, 0xff, 0xff, 0x67, 0x35, 0xff, 0xff, 0x62, 0x2d, 0xff, 0xff, 0x64, 0x30,
0xff, 0xff, 0x8d, 0x67, 0xff, 0xff, 0x67, 0x35, 0xff, 0xff, 0x63, 0x2f, 0xff, 0xff, 0x62,
0x2d, 0xff, 0xff, 0xa7, 0x8a, 0xff, 0xff, 0xf7, 0xf4, 0xfe, 0xff, 0xff, 0xff, 0xfe, 0xff,
0xff, 0xff, 0xfe, 0xff, 0xff, 0xff, 0xfe, 0xff, 0xff, 0xff, 0xfe, 0xff, 0xff, 0xff, 0xfe,
0xff, 0xff, 0xff, 0xfe, 0xff, 0xff, 0xff, 0xfe, 0xff, 0xff, 0xff, 0xfe, 0xff, 0xff, 0xff,
0xfe, 0xff, 0xdf, 0xd5, 0xfe, 0xff, 0x87, 0x5e, 0xff, 0xff, 0x5e, 0x28, 0xff, 0xff, 0x65,
0x32, 0xff, 0xff, 0x66, 0x33, 0xff, 0xff, 0x66, 0x33, 0xff, 0xff, 0x66, 0x33, 0xff, 0xff,
0x66, 0x33, 0xff, 0xff, 0x66, 0x33, 0xff, 0xff, 0x66, 0x33, 0xff, 0xff, 0x66, 0x33, 0xff,
0xff, 0x65, 0x32, 0xff, 0xff, 0x65, 0x31, 0xff, 0xff, 0xde, 0xd4, 0xff, 0xff, 0xff, 0xff,
0xfe, 0xff, 0xfe, 0xfe, 0xfe, 0xff, 0xfe, 0xfe, 0xfe, 0xff, 0xfe, 0xfe, 0xfe, 0xff, 0xfe,
0xfe, 0xfe, 0xff, 0xfe, 0xfe, 0xfe, 0xff, 0xfe, 0xfe, 0xfe, 0xff, 0xfe, 0xfe, 0xfe, 0xff,
0xfe, 0xfe, 0xfe, 0xff, 0xff, 0xff, 0xfe, 0xff, 0xd7, 0xc9, 0xff, 0xff, 0x61, 0x2c, 0xff,
0xff, 0x66, 0x32, 0xff, 0xff, 0x66, 0x33, 0xff, 0xff, 0x66, 0x33, 0xff, 0xff, 0x66, 0x33,
0xff, 0xff, 0x66, 0x33, 0xff, 0xff, 0x66, 0x33, 0xff, 0xff, 0x66, 0x33, 0xff, 0xff, 0x66,
0x33, 0xff, 0xff, 0x66, 0x33, 0xff, 0xff, 0x66, 0x33, 0xff, 0xff, 0x66, 0x33, 0xff, 0xff,
0x66, 0x33, 0xff, 0xff, 0x66, 0x34, 0xff, 0xff, 0x65, 0x31, 0xfc, 0xec, 0x5d, 0x1c, 0xd6,
0x12, 0xff, 0xff, 0xff, 0x00, 0xff, 0xff, 0xff, 0x00, 0xff, 0xff, 0xff, 0x00, 0xff, 0xff,
0xff, 0x00, 0xff, 0xff, 0xff, 0x00, 0xff, 0xff, 0xff, 0x00, 0xff, 0xff, 0xff, 0x00, 0xff,
0xff, 0xff, 0x00, 0xff, 0xff, 0xff, 0x00, 0xff, 0xff, 0xff, 0x00, 0xff, 0xff, 0xff, 0x00,
0xff, 0xff, 0xff, 0x00, 0xff, 0xff, 0xff, 0x00, 0xff, 0xff, 0xff, 0x00, 0xff, 0xff, 0xff,
0x00, 0xff, 0xff, 0xff, 0x00, 0xff, 0xff, 0xff, 0x00, 0x5e, 0x2a, 0xe6, 0x61, 0x67, 0x34,
0xff, 0xff, 0x66, 0x33, 0xff, 0xff, 0x66, 0x33, 0xff, 0xff, 0x66, 0x33, 0xff, 0xff, 0x66,
0x33, 0xff, 0xff, 0x66, 0x33, 0xff, 0xff, 0x66, 0x33, 0xff, 0xff, 0x66, 0x33, 0xff, 0xff,
0x66, 0x33, 0xff, 0xff, 0x66, 0x33, 0xff, 0xff, 0x66, 0x33, 0xff, 0xff, 0x66, 0x33, 0xff,
0xff, 0x66, 0x33, 0xff, 0xff, 0x66, 0x33, 0xff, 0xff, 0x5e, 0x28, 0xff, 0xff, 0xa1, 0x82,
0xff, 0xff, 0xff, 0xff, 0xfe, 0xff, 0xfe, 0xfe, 0xfe, 0xff, 0xfe, 0xfe, 0xfe, 0xff, 0xfe,
0xfe, 0xfe, 0xff, 0xfe, 0xfe, 0xfe, 0xff, 0xfe, 0xfe, 0xfe, 0xff, 0xfe, 0xfe, 0xfe, 0xff,
0xfe, 0xfe, 0xfe, 0xff, 0xfe, 0xfe, 0xfe, 0xff, 0xff, 0xff, 0xfe, 0xff, 0xd3, 0xc4, 0xff,
0xff, 0x60, 0x2c, 0xff, 0xff, 0x66, 0x33, 0xff, 0xff, 0x66, 0x33, 0xff, 0xff, 0x66, 0x33,
0xff, 0xff, 0x66, 0x33, 0xff, 0xff, 0x66, 0x33, 0xff, 0xff, 0x66, 0x33, 0xff, 0xff, 0x66,
0x33, 0xff, 0xff, 0x66, 0x33, 0xff, 0xff, 0x5f, 0x29, 0xff, 0xff, 0x93, 0x6f, 0xff, 0xff,
0xf7, 0xf5, 0xfe, 0xff, 0xff, 0xff, 0xfe, 0xff, 0xff, 0xff, 0xfe, 0xff, 0xfe, 0xfe, 0xfe,
0xff, 0xfe, 0xfe, 0xfe, 0xff, 0xfe, 0xfe, 0xfe, 0xff, 0xfe, 0xfe, 0xfe, 0xff, 0xfe, 0xfe,
0xfe, 0xff, 0xfe, 0xfe, 0xfe, 0xff, 0xfe, 0xfe, 0xfe, 0xff, 0xfe, 0xfe, 0xfe, 0xff, 0xff,
0xff, 0xfe, 0xff, 0xff, 0xff, 0xfe, 0xff, 0xd5, 0xc8, 0xff, 0xff, 0x6a, 0x38, 0xff, 0xff,
0x62, 0x2e, 0xff, 0xff, 0x61, 0x2d, 0xff, 0xff, 0x63, 0x2f, 0xff, 0xff, 0x62, 0x2e, 0xff,
0xff, 0xc2, 0xad, 0xff, 0xff, 0xff, 0xff, 0xfe, 0xff, 0xff, 0xff, 0xfe, 0xff, 0xfe, 0xfe,
0xfe, 0xff, 0xfe, 0xfe, 0xfe, 0xff, 0xfe, 0xfe, 0xfe, 0xff, 0xfe, 0xfe, 0xfe, 0xff, 0xfe,
0xfe, 0xfe, 0xff, 0xfe, 0xfe, 0xfe, 0xff, 0xfe, 0xfe, 0xfe, 0xff, 0xfe, 0xfe, 0xfe, 0xff,
0xff, 0xff, 0xfe, 0xff, 0xff, 0xff, 0xfe, 0xff, 0xfd, 0xfc, 0xfe, 0xff, 0xa4, 0x86, 0xff,
0xff, 0x5e, 0x28, 0xff, 0xff, 0x66, 0x32, 0xff, 0xff, 0x66, 0x33, 0xff, 0xff, 0x66, 0x33,
0xff, 0xff, 0x66, 0x33, 0xff, 0xff, 0x66, 0x33, 0xff, 0xff, 0x66, 0x33, 0xff, 0xff, 0x66,
0x33, 0xff, 0xff, 0x66, 0x33, 0xff, 0xff, 0x5d, 0x26, 0xff, 0xff, 0xb0, 0x95, 0xff, 0xff,
0xff, 0xff, 0xfe, 0xff, 0xfe, 0xfe, 0xfe, 0xff, 0xfe, 0xfe, 0xfe, 0xff, 0xfe, 0xfe, 0xfe,
0xff, 0xfe, 0xfe, 0xfe, 0xff, 0xfe, 0xfe, 0xfe, 0xff, 0xfe, 0xfe, 0xfe, 0xff, 0xfe, 0xfe,
0xfe, 0xff, 0xfe, 0xfe, 0xfe, 0xff, 0xff, 0xff, 0xfe, 0xff, 0xc7, 0xb4, 0xff, 0xff, 0x5e,
0x29, 0xff, 0xff, 0x66, 0x33, 0xff, 0xff, 0x66, 0x33, 0xff, 0xff, 0x66, 0x33, 0xff, 0xff,
0x66, 0x33, 0xff, 0xff, 0x66, 0x33, 0xff, 0xff, 0x66, 0x33, 0xff, 0xff, 0x66, 0x33, 0xff,
0xff, 0x66, 0x33, 0xff, 0xff, 0x66, 0x33, 0xff, 0xff, 0x66, 0x33, 0xff, 0xff, 0x66, 0x33,
0xff, 0xff, 0x66, 0x33, 0xff, 0xff, 0x66, 0x33, 0xff, 0xff, 0x66, 0x33, 0xff, 0xfe, 0x65,
0x30, 0xfb, 0x38, 0xff, 0xff, 0xff, 0x00, 0xff, 0xff, 0xff, 0x00, 0xff, 0xff, 0xff, 0x00,
0xff, 0xff, 0xff, 0x00, 0xff, 0xff, 0xff, 0x00, 0xff, 0xff, 0xff, 0x00, 0xff, 0xff, 0xff,
0x00, 0xff, 0xff, 0xff, 0x00, 0xff, 0xff, 0xff, 0x00, 0xff, 0xff, 0xff, 0x00, 0xff, 0xff,
0xff, 0x00, 0xff, 0xff, 0xff, 0x00, 0xff, 0xff, 0xff, 0x00, 0xff, 0xff, 0xff, 0x00, 0xff,
0xff, 0xff, 0x00, 0xff, 0xff, 0xff, 0x00, 0xff, 0xff, 0xff, 0x00, 0x64, 0x2e, 0xf6, 0x8c,
0x66, 0x34, 0xff, 0xff, 0x66, 0x33, 0xff, 0xff, 0x66, 0x33, 0xff, 0xff, 0x66, 0x33, 0xff,
0xff, 0x66, 0x33, 0xff, 0xff, 0x66, 0x33, 0xff, 0xff, 0x66, 0x33, 0xff, 0xff, 0x66, 0x33,
0xff, 0xff, 0x66, 0x33, 0xff, 0xff, 0x66, 0x33, 0xff, 0xff, 0x66, 0x33, 0xff, 0xff, 0x66,
0x33, 0xff, 0xff, 0x66, 0x33, 0xff, 0xff, 0x66, 0x33, 0xff, 0xff, 0x5f, 0x2a, 0xff, 0xff,
0x8c, 0x66, 0xff, 0xff, 0xff, 0xff, 0xfe, 0xff, 0xff, 0xff, 0xfe, 0xff, 0xfe, 0xfe, 0xfe,
0xff, 0xfe, 0xfe, 0xfe, 0xff, 0xfe, 0xfe, 0xfe, 0xff, 0xfe, 0xfe, 0xfe, 0xff, 0xfe, 0xfe,
0xfe, 0xff, 0xfe, 0xfe, 0xfe, 0xff, 0xfe, 0xfe, 0xfe, 0xff, 0xff, 0xff, 0xfe, 0xff, 0xb7,
0x9f, 0xff, 0xff, 0x5d, 0x26, 0xff, 0xff, 0x66, 0x33, 0xff, 0xff, 0x66, 0x33, 0xff, 0xff,
0x66, 0x33, 0xff, 0xff, 0x66, 0x33, 0xff, 0xff, 0x66, 0x33, 0xff, 0xff, 0x66, 0x33, 0xff,
0xff, 0x66, 0x33, 0xff, 0xff, 0x5f, 0x2a, 0xff, 0xff, 0x8a, 0x63, 0xff, 0xff, 0xfc, 0xfb,
0xfe, 0xff, 0xff, 0xff, 0xfe, 0xff, 0xfe, 0xfe, 0xfe, 0xff, 0xfe, 0xfe, 0xfe, 0xff, 0xfe,
0xfe, 0xfe, 0xff, 0xfe, 0xfe, 0xfe, 0xff, 0xfe, 0xfe, 0xfe, 0xff, 0xfe, 0xfe, 0xfe, 0xff,
0xfe, 0xfe, 0xfe, 0xff, 0xfe, 0xfe, 0xfe, 0xff, 0xfe, 0xfe, 0xfe, 0xff, 0xfe, 0xfe, 0xfe,
0xff, 0xfe, 0xfe, 0xfe, 0xff, 0xfe, 0xfe, 0xfe, 0xff, 0xff, 0xff, 0xfe, 0xff, 0xd0, 0xc1,
0xff, 0xff, 0x62, 0x2d, 0xff, 0xff, 0x64, 0x30, 0xff, 0xff, 0x5f, 0x2a, 0xff, 0xff, 0xb8,
0xa1, 0xff, 0xff, 0xff, 0xff, 0xfe, 0xff, 0xff, 0xff, 0xfe, 0xff, 0xfe, 0xfe, 0xfe, 0xff,
0xfe, 0xfe, 0xfe, 0xff, 0xfe, 0xfe, 0xfe, 0xff, 0xfe, 0xfe, 0xfe, 0xff, 0xfe, 0xfe, 0xfe,
0xff, 0xfe, 0xfe, 0xfe, 0xff, 0xfe, 0xfe, 0xfe, 0xff, 0xfe, 0xfe, 0xfe, 0xff, 0xfe, 0xfe,
0xfe, 0xff, 0xfe, 0xfe, 0xfe, 0xff, 0xfe, 0xfe, 0xfe, 0xff, 0xff, 0xff, 0xfe, 0xff, 0xff,
0xff, 0xfe, 0xff, 0x9e, 0x7d, 0xff, 0xff, 0x5e, 0x28, 0xff, 0xff, 0x66, 0x33, 0xff, 0xff,
0x66, 0x33, 0xff, 0xff, 0x66, 0x33, 0xff, 0xff, 0x66, 0x33, 0xff, 0xff, 0x66, 0x33, 0xff,
0xff, 0x66, 0x33, 0xff, 0xff, 0x66, 0x33, 0xff, 0xff, 0x5e, 0x29, 0xff, 0xff, 0x92, 0x6e,
0xff, 0xff, 0xff, 0xff, 0xfe, 0xff, 0xfe, 0xfe, 0xfe, 0xff, 0xfe, 0xfe, 0xfe, 0xff, 0xfe,
0xfe, 0xfe, 0xff, 0xfe, 0xfe, 0xfe, 0xff, 0xfe, 0xfe, 0xfe, 0xff, 0xfe, 0xfe, 0xfe, 0xff,
0xfe, 0xfe, 0xfe, 0xff, 0xfe, 0xfe, 0xfe, 0xff, 0xff, 0xff, 0xfe, 0xff, 0xad, 0x92, 0xff,
0xff, 0x5d, 0x27, 0xff, 0xff, 0x66, 0x33, 0xff, 0xff, 0x66, 0x33, 0xff, 0xff, 0x66, 0x33,
0xff, 0xff, 0x66, 0x33, 0xff, 0xff, 0x66, 0x33, 0xff, 0xff, 0x66, 0x33, 0xff, 0xff, 0x66,
0x33, 0xff, 0xff, 0x66, 0x33, 0xff, 0xff, 0x66, 0x33, 0xff, 0xff, 0x66, 0x33, 0xff, 0xff,
0x66, 0x33, 0xff, 0xff, 0x66, 0x33, 0xff, 0xff, 0x66, 0x33, 0xff, 0xff, 0x67, 0x34, 0xff,
0xff, 0x5b, 0x2d, 0xf1, 0x68, 0xff, 0xff, 0xff, 0x00, 0xff, 0xff, 0xff, 0x00, 0xff, 0xff,
0xff, 0x00, 0xff, 0xff, 0xff, 0x00, 0xff, 0xff, 0xff, 0x00, 0xff, 0xff, 0xff, 0x00, 0xff,
0xff, 0xff, 0x00, 0xff, 0xff, 0xff, 0x00, 0xff, 0xff, 0xff, 0x00, 0xff, 0xff, 0xff, 0x00,
0xff, 0xff, 0xff, 0x00, 0xff, 0xff, 0xff, 0x00, 0xff, 0xff, 0xff, 0x00, 0xff, 0xff, 0xff,
0x00, 0xff, 0xff, 0xff, 0x00, 0xff, 0xff, 0xff, 0x00, 0xff, 0xff, 0xff, 0x00, 0x66, 0x34,
0xff, 0xae, 0x66, 0x33, 0xff, 0xff, 0x66, 0x33, 0xff, 0xff, 0x66, 0x33, 0xff, 0xff, 0x66,
0x33, 0xff, 0xff, 0x66, 0x33, 0xff, 0xff, 0x66, 0x33, 0xff, 0xff, 0x66, 0x33, 0xff, 0xff,
0x66, 0x33, 0xff, 0xff, 0x66, 0x33, 0xff, 0xff, 0x66, 0x33, 0xff, 0xff, 0x66, 0x33, 0xff,
0xff, 0x66, 0x33, 0xff, 0xff, 0x66, 0x33, 0xff, 0xff, 0x66, 0x33, 0xff, 0xff, 0x61, 0x2d,
0xff, 0xff, 0x7f, 0x54, 0xff, 0xff, 0xfc, 0xfb, 0xfe, 0xff, 0xff, 0xff, 0xfe, 0xff, 0xfe,
0xfe, 0xfe, 0xff, 0xfe, 0xfe, 0xfe, 0xff, 0xfe, 0xfe, 0xfe, 0xff, 0xfe, 0xfe, 0xfe, 0xff,
0xfe, 0xfe, 0xfe, 0xff, 0xfe, 0xfe, 0xfe, 0xff, 0xfe, 0xfe, 0xfe, 0xff, 0xff, 0xff, 0xfe,
0xff, 0xab, 0x8f, 0xff, 0xff, 0x5d, 0x26, 0xff, 0xff, 0x66, 0x33, 0xff, 0xff, 0x66, 0x33,
0xff, 0xff, 0x66, 0x33, 0xff, 0xff, 0x66, 0x33, 0xff, 0xff, 0x66, 0x33, 0xff, 0xff, 0x66,
0x33, 0xff, 0xff, 0x63, 0x2f, 0xff, 0xff, 0x6d, 0x3c, 0xff, 0xff, 0xec, 0xe6, 0xfe, 0xff,
0xff, 0xff, 0xfe, 0xff, 0xfe, 0xfe, 0xfe, 0xff, 0xfe, 0xfe, 0xfe, 0xff, 0xfe, 0xfe, 0xfe,
0xff, 0xfe, 0xfe, 0xfe, 0xff, 0xfe, 0xfe, 0xfe, 0xff, 0xfe, 0xfe, 0xfe, 0xff, 0xfe, 0xfe,
0xfe, 0xff, 0xfe, 0xfe, 0xfe, 0xff, 0xfe, 0xfe, 0xfe, 0xff, 0xfe, 0xfe, 0xfe, 0xff, 0xfe,
0xfe, 0xfe, 0xff, 0xfe, 0xfe, 0xfe, 0xff, 0xfe, 0xfe, 0xfe, 0xff, 0xfe, 0xfe, 0xfe, 0xff,
0xff, 0xff, 0xfe, 0xff, 0xae, 0x93, 0xff, 0xff, 0x55, 0x1c, 0xff, 0xff, 0x95, 0x72, 0xff,
0xff, 0xff, 0xff, 0xfe, 0xff, 0xff, 0xff, 0xfe, 0xff, 0xfe, 0xfe, 0xfe, 0xff, 0xfe, 0xfe,
0xfe, 0xff, 0xfe, 0xfe, 0xfe, 0xff, 0xfe, 0xfe, 0xfe, 0xff, 0xfe, 0xfe, 0xfe, 0xff, 0xfe,
0xfe, 0xfe, 0xff, 0xfe, 0xfe, 0xfe, 0xff, 0xfe, 0xfe, 0xfe, 0xff, 0xfe, 0xfe, 0xfe, 0xff,
0xfe, 0xfe, 0xfe, 0xff, 0xfe, 0xfe, 0xfe, 0xff, 0xfe, 0xfe, 0xfe, 0xff, 0xfe, 0xfe, 0xfe,
0xff, 0xff, 0xff, 0xfe, 0xff, 0xf5, 0xf2, 0xfe, 0xff, 0x76, 0x48, 0xff, 0xff, 0x62, 0x2e,
0xff, 0xff, 0x66, 0x33, 0xff, 0xff, 0x66, 0x33, 0xff, 0xff, 0x66, 0x33, 0xff, 0xff, 0x66,
0x33, 0xff, 0xff, 0x66, 0x33, 0xff, 0xff, 0x66, 0x33, 0xff, 0xff, 0x5f, 0x2a, 0xff, 0xff,
0x8a, 0x63, 0xff, 0xff, 0xff, 0xff, 0xfe, 0xff, 0xff, 0xff, 0xfe, 0xff, 0xfe, 0xfe, 0xfe,
0xff, 0xfe, 0xfe, 0xfe, 0xff, 0xfe, 0xfe, 0xfe, 0xff, 0xfe, 0xfe, 0xfe, 0xff, 0xfe, 0xfe,
0xfe, 0xff, 0xfe, 0xfe, 0xfe, 0xff, 0xff, 0xff, 0xfe, 0xff, 0xff, 0xff, 0xfe, 0xff, 0x8c,
0x66, 0xff, 0xff, 0x5f, 0x2a, 0xff, 0xff, 0x66, 0x33, 0xff, 0xff, 0x66, 0x33, 0xff, 0xff,
0x66, 0x33, 0xff, 0xff, 0x66, 0x33, 0xff, 0xff, 0x66, 0x33, 0xff, 0xff, 0x66, 0x33, 0xff,
0xff, 0x66, 0x33, 0xff, 0xff, 0x66, 0x33, 0xff, 0xff, 0x66, 0x33, 0xff, 0xff, 0x66, 0x33,
0xff, 0xff, 0x66, 0x33, 0xff, 0xff, 0x66, 0x33, 0xff, 0xff, 0x66, 0x33, 0xff, 0xff, 0x67,
0x33, 0xff, 0xff, 0x60, 0x30, 0xf7, 0x95, 0xff, 0xff, 0xff, 0x00, 0xff, 0xff, 0xff, 0x00,
0xff, 0xff, 0xff, 0x00, 0xff, 0xff, 0xff, 0x00, 0xff, 0xff, 0xff, 0x00, 0xff, 0xff, 0xff,
0x00, 0xff, 0xff, 0xff, 0x00, 0xff, 0xff, 0xff, 0x00, 0xff, 0xff, 0xff, 0x00, 0xff, 0xff,
0xff, 0x00, 0xff, 0xff, 0xff, 0x00, 0xff, 0xff, 0xff, 0x00, 0xff, 0xff, 0xff, 0x00, 0xff,
0xff, 0xff, 0x00, 0xff, 0xff, 0xff, 0x00, 0xff, 0xff, 0xff, 0x00, 0xff, 0xff, 0xff, 0x00,
0x65, 0x32, 0xfd, 0xc6, 0x66, 0x33, 0xff, 0xff, 0x66, 0x33, 0xff, 0xff, 0x66, 0x33, 0xff,
0xff, 0x66, 0x33, 0xff, 0xff, 0x66, 0x33, 0xff, 0xff, 0x66, 0x33, 0xff, 0xff, 0x66, 0x33,
0xff, 0xff, 0x66, 0x33, 0xff, 0xff, 0x66, 0x33, 0xff, 0xff, 0x66, 0x33, 0xff, 0xff, 0x66,
0x33, 0xff, 0xff, 0x66, 0x33, 0xff, 0xff, 0x66, 0x33, 0xff, 0xff, 0x66, 0x33, 0xff, 0xff,
0x64, 0x30, 0xff, 0xff, 0x6e, 0x3d, 0xff, 0xff, 0xef, 0xea, 0xfe, 0xff, 0xff, 0xff, 0xfe,
0xff, 0xfe, 0xfe, 0xfe, 0xff, 0xfe, 0xfe, 0xfe, 0xff, 0xfe, 0xfe, 0xfe, 0xff, 0xfe, 0xfe,
0xfe, 0xff, 0xfe, 0xfe, 0xfe, 0xff, 0xfe, 0xfe, 0xfe, 0xff, 0xfe, 0xfe, 0xfe, 0xff, 0xff,
0xff, 0xfe, 0xff, 0xaf, 0x94, 0xff, 0xff, 0x5d, 0x26, 0xff, 0xff, 0x66, 0x33, 0xff, 0xff,
0x66, 0x33, 0xff, 0xff, 0x66, 0x33, 0xff, 0xff, 0x66, 0x33, 0xff, 0xff, 0x66, 0x33, 0xff,
0xff, 0x66, 0x33, 0xff, 0xff, 0x5d, 0x28, 0xff, 0xff, 0xa1, 0x82, 0xff, 0xff, 0xff, 0xff,
0xfe, 0xff, 0xfe, 0xfe, 0xfe, 0xff, 0xfe, 0xfe, 0xfe, 0xff, 0xfe, 0xfe, 0xfe, 0xff, 0xfe,
0xfe, 0xfe, 0xff, 0xfe, 0xfe, 0xfe, 0xff, 0xfe, 0xfe, 0xfe, 0xff, 0xfe, 0xfe, 0xfe, 0xff,
0xfe, 0xfe, 0xfe, 0xff, 0xfe, 0xfe, 0xfe, 0xff, 0xfe, 0xfe, 0xfe, 0xff, 0xfe, 0xfe, 0xfe,
0xff, 0xfe, 0xfe, 0xfe, 0xff, 0xfe, 0xfe, 0xfe, 0xff, 0xfe, 0xfe, 0xfe, 0xff, 0xfe, 0xfe,
0xfe, 0xff, 0xff, 0xff, 0xfe, 0xff, 0xf6, 0xf4, 0xfe, 0xff, 0x8e, 0x68, 0xff, 0xff, 0xed,
0xe7, 0xfe, 0xff, 0xff, 0xff, 0xfe, 0xff, 0xfe, 0xfe, 0xfe, 0xff, 0xfe, 0xfe, 0xfe, 0xff,
0xfe, 0xfe, 0xfe, 0xff, 0xfe, 0xfe, 0xfe, 0xff, 0xfe, 0xfe, 0xfe, 0xff, 0xfe, 0xfe, 0xfe,
0xff, 0xfe, 0xfe, 0xfe, 0xff, 0xfe, 0xfe, 0xfe, 0xff, 0xfe, 0xfe, 0xfe, 0xff, 0xfe, 0xfe,
0xfe, 0xff, 0xfe, 0xfe, 0xfe, 0xff, 0xfe, 0xfe, 0xfe, 0xff, 0xfe, 0xfe, 0xfe, 0xff, 0xfe,
0xfe, 0xfe, 0xff, 0xfe, 0xfe, 0xfe, 0xff, 0xff, 0xff, 0xfe, 0xff, 0xc3, 0xae, 0xff, 0xff,
0x5f, 0x29, 0xff, 0xff, 0x66, 0x33, 0xff, 0xff, 0x66, 0x33, 0xff, 0xff, 0x66, 0x33, 0xff,
0xff, 0x66, 0x33, 0xff, 0xff, 0x66, 0x33, 0xff, 0xff, 0x66, 0x33, 0xff, 0xff, 0x5f, 0x2a,
0xff, 0xff, 0x8c, 0x65, 0xff, 0xff, 0xff, 0xff, 0xfe, 0xff, 0xff, 0xff, 0xfe, 0xff, 0xfe,
0xfe, 0xfe, 0xff, 0xfe, 0xfe, 0xfe, 0xff, 0xfe, 0xfe, 0xfe, 0xff, 0xfe, 0xfe, 0xfe, 0xff,
0xfe, 0xfe, 0xfe, 0xff, 0xfe, 0xfe, 0xfe, 0xff, 0xff, 0xff, 0xfe, 0xff, 0xf3, 0xee, 0xfe,
0xff, 0x71, 0x41, 0xff, 0xff, 0x63, 0x2f, 0xff, 0xff, 0x66, 0x33, 0xff, 0xff, 0x66, 0x33,
0xff, 0xff, 0x66, 0x33, 0xff, 0xff, 0x66, 0x33, 0xff, 0xff, 0x66, 0x33, 0xff, 0xff, 0x66,
0x33, 0xff, 0xff, 0x66, 0x33, 0xff, 0xff, 0x66, 0x33, 0xff, 0xff, 0x66, 0x33, 0xff, 0xff,
0x66, 0x33, 0xff, 0xff, 0x66, 0x33, 0xff, 0xff, 0x66, 0x33, 0xff, 0xff, 0x66, 0x33, 0xff,
0xff, 0x67, 0x34, 0xff, 0xff, 0x61, 0x2d, 0xfa, 0xb9, 0xff, 0xff, 0xff, 0x00, 0xff, 0xff,
0xff, 0x00, 0xff, 0xff, 0xff, 0x00, 0xff, 0xff, 0xff, 0x00, 0xff, 0xff, 0xff, 0x00, 0xff,
0xff, 0xff, 0x00, 0xff, 0xff, 0xff, 0x00, 0xff, 0xff, 0xff, 0x00, 0xff, 0xff, 0xff, 0x00,
0xff, 0xff, 0xff, 0x00, 0xff, 0xff, 0xff, 0x00, 0xff, 0xff, 0xff, 0x00, 0xff, 0xff, 0xff,
0x00, 0xff, 0xff, 0xff, 0x00, 0xff, 0xff, 0xff, 0x00, 0xff, 0xff, 0xff, 0x00, 0xff, 0xff,
0xff, 0x00, 0x66, 0x33, 0xfe, 0xd3, 0x66, 0x33, 0xff, 0xff, 0x66, 0x33, 0xff, 0xff, 0x66,
0x33, 0xff, 0xff, 0x66, 0x33, 0xff, 0xff, 0x66, 0x33, 0xff, 0xff, 0x66, 0x33, 0xff, 0xff,
0x66, 0x33, 0xff, 0xff, 0x66, 0x33, 0xff, 0xff, 0x66, 0x33, 0xff, 0xff, 0x66, 0x33, 0xff,
0xff, 0x66, 0x33, 0xff, 0xff, 0x66, 0x33, 0xff, 0xff, 0x66, 0x33, 0xff, 0xff, 0x66, 0x33,
0xff, 0xff, 0x66, 0x33, 0xff, 0xff, 0x5e, 0x29, 0xff, 0xff, 0xc6, 0xb3, 0xff, 0xff, 0xff,
0xff, 0xfe, 0xff, 0xfe, 0xfe, 0xfe, 0xff, 0xfe, 0xfe, 0xfe, 0xff, 0xfe, 0xfe, 0xfe, 0xff,
0xfe, 0xfe, 0xfe, 0xff, 0xfe, 0xfe, 0xfe, 0xff, 0xfe, 0xfe, 0xfe, 0xff, 0xfe, 0xfe, 0xfe,
0xff, 0xff, 0xff, 0xfe, 0xff, 0xbe, 0xa9, 0xff, 0xff, 0x5e, 0x28, 0xff, 0xff, 0x66, 0x33,
0xff, 0xff, 0x66, 0x33, 0xff, 0xff, 0x66, 0x33, 0xff, 0xff, 0x66, 0x33, 0xff, 0xff, 0x66,
0x33, 0xff, 0xff, 0x65, 0x32, 0xff, 0xff, 0x64, 0x30, 0xff, 0xff, 0xdd, 0xd2, 0xff, 0xff,
0xff, 0xff, 0xfe, 0xff, 0xfe, 0xfe, 0xfe, 0xff, 0xfe, 0xfe, 0xfe, 0xff, 0xfe, 0xfe, 0xfe,
0xff, 0xfe, 0xfe, 0xfe, 0xff, 0xfe, 0xfe, 0xfe, 0xff, 0xfe, 0xfe, 0xfe, 0xff, 0xfe, 0xfe,
0xfe, 0xff, 0xfe, 0xfe, 0xfe, 0xff, 0xfe, 0xfe, 0xfe, 0xff, 0xfe, 0xfe, 0xfe, 0xff, 0xfe,
0xfe, 0xfe, 0xff, 0xfe, 0xfe, 0xfe, 0xff, 0xfe, 0xfe, 0xfe, 0xff, 0xfe, 0xfe, 0xfe, 0xff,
0xfe, 0xfe, 0xfe, 0xff, 0xfe, 0xfe, 0xfe, 0xff, 0xff, 0xff, 0xfe, 0xff, 0xfa, 0xf9, 0xfe,
0xff, 0xff, 0xff, 0xfe, 0xff, 0xfe, 0xfe, 0xfe, 0xff, 0xfe, 0xfe, 0xfe, 0xff, 0xfe, 0xfe,
0xfe, 0xff, 0xfe, 0xfe, 0xfe, 0xff, 0xfe, 0xfe, 0xfe, 0xff, 0xfe, 0xfe, 0xfe, 0xff, 0xfe,
0xfe, 0xfe, 0xff, 0xfe, 0xfe, 0xfe, 0xff, 0xfe, 0xfe, 0xfe, 0xff, 0xfe, 0xfe, 0xfe, 0xff,
0xfe, 0xfe, 0xfe, 0xff, 0xfe, 0xfe, 0xfe, 0xff, 0xfe, 0xfe, 0xfe, 0xff, 0xfe, 0xfe, 0xfe,
0xff, 0xfe, 0xfe, 0xfe, 0xff, 0xfe, 0xfe, 0xfe, 0xff, 0xff, 0xff, 0xfe, 0xff, 0xea, 0xe3,
0xfe, 0xff, 0x6a, 0x38, 0xff, 0xff, 0x64, 0x31, 0xff, 0xff, 0x66, 0x33, 0xff, 0xff, 0x66,
0x33, 0xff, 0xff, 0x66, 0x33, 0xff, 0xff, 0x66, 0x33, 0xff, 0xff, 0x66, 0x33, 0xff, 0xff,
0x5e, 0x28, 0xff, 0xff, 0x99, 0x77, 0xff, 0xff, 0xff, 0xff, 0xfe, 0xff, 0xfe, 0xfe, 0xfe,
0xff, 0xfe, 0xfe, 0xfe, 0xff, 0xfe, 0xfe, 0xfe, 0xff, 0xfe, 0xfe, 0xfe, 0xff, 0xfe, 0xfe,
0xfe, 0xff, 0xfe, 0xfe, 0xfe, 0xff, 0xfe, 0xfe, 0xfe, 0xff, 0xff, 0xff, 0xfe, 0xff, 0xdf,
0xd5, 0xfe, 0xff, 0x64, 0x31, 0xff, 0xff, 0x65, 0x32, 0xff, 0xff, 0x66, 0x33, 0xff, 0xff,
0x66, 0x33, 0xff, 0xff, 0x66, 0x33, 0xff, 0xff, 0x66, 0x33, 0xff, 0xff, 0x66, 0x33, 0xff,
0xff, 0x66, 0x33, 0xff, 0xff, 0x66, 0x33, 0xff, 0xff, 0x66, 0x33, 0xff, 0xff, 0x66, 0x33,
0xff, 0xff, 0x66, 0x33, 0xff, 0xff, 0x66, 0x33, 0xff, 0xff, 0x66, 0x33, 0xff, 0xff, 0x66,
0x33, 0xff, 0xff, 0x66, 0x33, 0xff, 0xff, 0x66, 0x33, 0xff, 0xc9, 0xff, 0xff, 0xff, 0x00,
0xff, 0xff, 0xff, 0x00, 0xff, 0xff, 0xff, 0x00, 0xff, 0xff, 0xff, 0x00, 0xff, 0xff, 0xff,
0x00, 0xff, 0xff, 0xff, 0x00, 0xff, 0xff, 0xff, 0x00, 0xff, 0xff, 0xff, 0x00, 0xff, 0xff,
0xff, 0x00, 0xff, 0xff, 0xff, 0x00, 0xff, 0xff, 0xff, 0x00, 0xff, 0xff, 0xff, 0x00, 0xff,
0xff, 0xff, 0x00, 0xff, 0xff, 0xff, 0x00, 0xff, 0xff, 0xff, 0x00, 0xff, 0xff, 0xff, 0x00,
0xff, 0xff, 0xff, 0x00, 0x66, 0x33, 0xff, 0xdb, 0x66, 0x33, 0xff, 0xff, 0x66, 0x33, 0xff,
0xff, 0x66, 0x33, 0xff, 0xff, 0x66, 0x33, 0xff, 0xff, 0x66, 0x33, 0xff, 0xff, 0x66, 0x33,
0xff, 0xff, 0x66, 0x33, 0xff, 0xff, 0x66, 0x33, 0xff, 0xff, 0x66, 0x33, 0xff, 0xff, 0x66,
0x33, 0xff, 0xff, 0x66, 0x33, 0xff, 0xff, 0x66, 0x33, 0xff, 0xff, 0x66, 0x33, 0xff, 0xff,
0x66, 0x33, 0xff, 0xff, 0x66, 0x33, 0xff, 0xff, 0x5e, 0x29, 0xff, 0xff, 0x92, 0x6e, 0xff,
0xff, 0xff, 0xff, 0xfe, 0xff, 0xff, 0xff, 0xfe, 0xff, 0xfe, 0xfe, 0xfe, 0xff, 0xfe, 0xfe,
0xfe, 0xff, 0xfe, 0xfe, 0xfe, 0xff, 0xfe, 0xfe, 0xfe, 0xff, 0xfe, 0xfe, 0xfe, 0xff, 0xfe,
0xfe, 0xfe, 0xff, 0xff, 0xff, 0xfe, 0xff, 0xd6, 0xc9, 0xff, 0xff, 0x61, 0x2d, 0xff, 0xff,
0x66, 0x32, 0xff, 0xff, 0x66, 0x33, 0xff, 0xff, 0x66, 0x33, 0xff, 0xff, 0x66, 0x33, 0xff,
0xff, 0x66, 0x33, 0xff, 0xff, 0x63, 0x2f, 0xff, 0xff, 0x73, 0x44, 0xff, 0xff, 0xf5, 0xf2,
0xfe, 0xff, 0xff, 0xff, 0xfe, 0xff, 0xfe, 0xfe, 0xfe, 0xff, 0xfe, 0xfe, 0xfe, 0xff, 0xfe,
0xfe, 0xfe, 0xff, 0xfe, 0xfe, 0xfe, 0xff, 0xfe, 0xfe, 0xfe, 0xff, 0xfe, 0xfe, 0xfe, 0xff,
0xfe, 0xfe, 0xfe, 0xff, 0xfe, 0xfe, 0xfe, 0xff, 0xfe, 0xfe, 0xfe, 0xff, 0xfe, 0xfe, 0xfe,
0xff, 0xfe, 0xfe, 0xfe, 0xff, 0xfe, 0xfe, 0xfe, 0xff, 0xfe, 0xfe, 0xfe, 0xff, 0xfe, 0xfe,
0xfe, 0xff, 0xfe, 0xfe, 0xfe, 0xff, 0xfe, 0xfe, 0xfe, 0xff, 0xfe, 0xfe, 0xfe, 0xff, 0xff,
0xff, 0xfe, 0xff, 0xfe, 0xfe, 0xfe, 0xff, 0xfe, 0xfe, 0xfe, 0xff, 0xfe, 0xfe, 0xfe, 0xff,
0xfe, 0xfe, 0xfe, 0xff, 0xfe, 0xfe, 0xfe, 0xff, 0xfe, 0xfe, 0xfe, 0xff, 0xfe, 0xfe, 0xfe,
0xff, 0xfe, 0xfe, 0xfe, 0xff, 0xfe, 0xfe, 0xfe, 0xff, 0xfe, 0xfe, 0xfe, 0xff, 0xfe, 0xfe,
0xfe, 0xff, 0xfe, 0xfe, 0xfe, 0xff, 0xfe, 0xfe, 0xfe, 0xff, 0xfe, 0xfe, 0xfe, 0xff, 0xfe,
0xfe, 0xfe, 0xff, 0xfe, 0xfe, 0xfe, 0xff, 0xfe, 0xfe, 0xfe, 0xff, 0xff, 0xff, 0xfe, 0xff,
0xf6, 0xf3, 0xfe, 0xff, 0x75, 0x47, 0xff, 0xff, 0x62, 0x2e, 0xff, 0xff, 0x66, 0x33, 0xff,
0xff, 0x66, 0x33, 0xff, 0xff, 0x66, 0x33, 0xff, 0xff, 0x66, 0x33, 0xff, 0xff, 0x66, 0x33,
0xff, 0xff, 0x5d, 0x26, 0xff, 0xff, 0xb4, 0x9b, 0xff, 0xff, 0xff, 0xff, 0xfe, 0xff, 0xfe,
0xfe, 0xfe, 0xff, 0xfe, 0xfe, 0xfe, 0xff, 0xfe, 0xfe, 0xfe, 0xff, 0xfe, 0xfe, 0xfe, 0xff,
0xfe, 0xfe, 0xfe, 0xff, 0xfe, 0xfe, 0xfe, 0xff, 0xfe, 0xfe, 0xfe, 0xff, 0xff, 0xff, 0xfe,
0xff, 0xb3, 0x9a, 0xff, 0xff, 0x5d, 0x27, 0xff, 0xff, 0x66, 0x33, 0xff, 0xff, 0x66, 0x33,
0xff, 0xff, 0x66, 0x33, 0xff, 0xff, 0x66, 0x33, 0xff, 0xff, 0x66, 0x33, 0xff, 0xff, 0x66,
0x33, 0xff, 0xff, 0x66, 0x33, 0xff, 0xff, 0x66, 0x33, 0xff, 0xff, 0x66, 0x33, 0xff, 0xff,
0x66, 0x33, 0xff, 0xff, 0x66, 0x33, 0xff, 0xff, 0x66, 0x33, 0xff, 0xff, 0x66, 0x33, 0xff,
0xff, 0x66, 0x33, 0xff, 0xff, 0x67, 0x33, 0xff, 0xff, 0x62, 0x31, 0xf4, 0xd3, 0xff, 0xff,
0xff, 0x00, 0xff, 0xff, 0xff, 0x00, 0xff, 0xff, 0xff, 0x00, 0xff, 0xff, 0xff, 0x00, 0xff,
0xff, 0xff, 0x00, 0xff, 0xff, 0xff, 0x00, 0xff, 0xff, 0xff, 0x00, 0xff, 0xff, 0xff, 0x00,
0xff, 0xff, 0xff, 0x00, 0xff, 0xff, 0xff, 0x00, 0xff, 0xff, 0xff, 0x00, 0xff, 0xff, 0xff,
0x00, 0xff, 0xff, 0xff, 0x00, 0xff, 0xff, 0xff, 0x00, 0xff, 0xff, 0xff, 0x00, 0xff, 0xff,
0xff, 0x00, 0xff, 0xff, 0xff, 0x00, 0x66, 0x33, 0xff, 0xdc, 0x66, 0x33, 0xff, 0xff, 0x66,
0x33, 0xff, 0xff, 0x66, 0x33, 0xff, 0xff, 0x66, 0x33, 0xff, 0xff, 0x66, 0x33, 0xff, 0xff,
0x66, 0x33, 0xff, 0xff, 0x66, 0x33, 0xff, 0xff, 0x66, 0x33, 0xff, 0xff, 0x66, 0x33, 0xff,
0xff, 0x66, 0x33, 0xff, 0xff, 0x66, 0x33, 0xff, 0xff, 0x66, 0x33, 0xff, 0xff, 0x66, 0x33,
0xff, 0xff, 0x66, 0x33, 0xff, 0xff, 0x66, 0x33, 0xff, 0xff, 0x63, 0x2f, 0xff, 0xff, 0x73,
0x45, 0xff, 0xff, 0xf6, 0xf3, 0xfe, 0xff, 0xff, 0xff, 0xfe, 0xff, 0xfe, 0xfe, 0xfe, 0xff,
0xfe, 0xfe, 0xfe, 0xff, 0xfe, 0xfe, 0xfe, 0xff, 0xfe, 0xfe, 0xfe, 0xff, 0xfe, 0xfe, 0xfe,
0xff, 0xfe, 0xfe, 0xfe, 0xff, 0xff, 0xff, 0xfe, 0xff, 0xe7, 0xdf, 0xfe, 0xff, 0x68, 0x36,
0xff, 0xff, 0x64, 0x31, 0xff, 0xff, 0x66, 0x33, 0xff, 0xff, 0x66, 0x33, 0xff, 0xff, 0x66,
0x33, 0xff, 0xff, 0x66, 0x33, 0xff, 0xff, 0x62, 0x2e, 0xff, 0xff, 0x77, 0x49, 0xff, 0xff,
0xf7, 0xf5, 0xfe, 0xff, 0xff, 0xff, 0xfe, 0xff, 0xfe, 0xfe, 0xfe, 0xff, 0xfe, 0xfe, 0xfe,
0xff, 0xfe, 0xfe, 0xfe, 0xff, 0xfe, 0xfe, 0xfe, 0xff, 0xfe, 0xfe, 0xfe, 0xff, 0xfe, 0xfe,
0xfe, 0xff, 0xfe, 0xfe, 0xfe, 0xff, 0xfe, 0xfe, 0xfe, 0xff, 0xfe, 0xfe, 0xfe, 0xff, 0xfe,
0xfe, 0xfe, 0xff, 0xfe, 0xfe, 0xfe, 0xff, 0xfe, 0xfe, 0xfe, 0xff, 0xfe, 0xfe, 0xfe, 0xff,
0xfe, 0xfe, 0xfe, 0xff, 0xfe, 0xfe, 0xfe, 0xff, 0xfe, 0xfe, 0xfe, 0xff, 0xfe, 0xfe, 0xfe,
0xff, 0xfe, 0xfe, 0xfe, 0xff, 0xfe, 0xfe, 0xfe, 0xff, 0xfe, 0xfe, 0xfe, 0xff, 0xfe, 0xfe,
0xfe, 0xff, 0xfe, 0xfe, 0xfe, 0xff, 0xfe, 0xfe, 0xfe, 0xff, 0xfe, 0xfe, 0xfe, 0xff, 0xfe,
0xfe, 0xfe, 0xff, 0xfe, 0xfe, 0xfe, 0xff, 0xfe, 0xfe, 0xfe, 0xff, 0xfe, 0xfe, 0xfe, 0xff,
0xfe, 0xfe, 0xfe, 0xff, 0xfe, 0xfe, 0xfe, 0xff, 0xfe, 0xfe, 0xfe, 0xff, 0xfe, 0xfe, 0xfe,
0xff, 0xfe, 0xfe, 0xfe, 0xff, 0xfe, 0xfe, 0xfe, 0xff, 0xfe, 0xfe, 0xfe, 0xff, 0xff, 0xff,
0xfe, 0xff, 0xfa, 0xf9, 0xfe, 0xff, 0x7c, 0x50, 0xff, 0xff, 0x61, 0x2d, 0xff, 0xff, 0x66,
0x33, 0xff, 0xff, 0x66, 0x33, 0xff, 0xff, 0x66, 0x33, 0xff, 0xff, 0x66, 0x33, 0xff, 0xff,
0x65, 0x32, 0xff, 0xff, 0x62, 0x2e, 0xff, 0xff, 0xd9, 0xcd, 0xff, 0xff, 0xff, 0xff, 0xfe,
0xff, 0xfe, 0xfe, 0xfe, 0xff, 0xfe, 0xfe, 0xfe, 0xff, 0xfe, 0xfe, 0xfe, 0xff, 0xfe, 0xfe,
0xfe, 0xff, 0xfe, 0xfe, 0xfe, 0xff, 0xfe, 0xfe, 0xfe, 0xff, 0xff, 0xff, 0xfe, 0xff, 0xf9,
0xf7, 0xfe, 0xff, 0x7b, 0x4f, 0xff, 0xff, 0x61, 0x2d, 0xff, 0xff, 0x66, 0x33, 0xff, 0xff,
0x66, 0x33, 0xff, 0xff, 0x66, 0x33, 0xff, 0xff, 0x66, 0x33, 0xff, 0xff, 0x66, 0x33, 0xff,
0xff, 0x66, 0x33, 0xff, 0xff, 0x66, 0x33, 0xff, 0xff, 0x66, 0x33, 0xff, 0xff, 0x66, 0x33,
0xff, 0xff, 0x66, 0x33, 0xff, 0xff, 0x66, 0x33, 0xff, 0xff, 0x66, 0x33, 0xff, 0xff, 0x66,
0x33, 0xff, 0xff, 0x66, 0x33, 0xff, 0xff, 0x66, 0x33, 0xff, 0xff, 0x65, 0x33, 0xfc, 0xdb,
0xff, 0xff, 0xff, 0x00, 0xff, 0xff, 0xff, 0x00, 0xff, 0xff, 0xff, 0x00, 0xff, 0xff, 0xff,
0x00, 0xff, 0xff, 0xff, 0x00, 0xff, 0xff, 0xff, 0x00, 0xff, 0xff, 0xff, 0x00, 0xff, 0xff,
0xff, 0x00, 0xff, 0xff, 0xff, 0x00, 0xff, 0xff, 0xff, 0x00, 0xff, 0xff, 0xff, 0x00, 0xff,
0xff, 0xff, 0x00, 0xff, 0xff, 0xff, 0x00, 0xff, 0xff, 0xff, 0x00, 0xff, 0xff, 0xff, 0x00,
0xff, 0xff, 0xff, 0x00, 0xff, 0xff, 0xff, 0x00, 0x66, 0x33, 0xff, 0xdc, 0x66, 0x33, 0xff,
0xff, 0x66, 0x33, 0xff, 0xff, 0x66, 0x33, 0xff, 0xff, 0x66, 0x33, 0xff, 0xff, 0x66, 0x33,
0xff, 0xff, 0x66, 0x33, 0xff, 0xff, 0x66, 0x33, 0xff, 0xff, 0x66, 0x33, 0xff, 0xff, 0x66,
0x33, 0xff, 0xff, 0x66, 0x33, 0xff, 0xff, 0x66, 0x33, 0xff, 0xff, 0x66, 0x33, 0xff, 0xff,
0x66, 0x33, 0xff, 0xff, 0x66, 0x33, 0xff, 0xff, 0x66, 0x33, 0xff, 0xff, 0x66, 0x33, 0xff,
0xff, 0x5f, 0x29, 0xff, 0xff, 0xc1, 0xad, 0xff, 0xff, 0xff, 0xff, 0xfe, 0xff, 0xfe, 0xfe,
0xfe, 0xff, 0xfe, 0xfe, 0xfe, 0xff, 0xfe, 0xfe, 0xfe, 0xff, 0xfe, 0xfe, 0xfe, 0xff, 0xfe,
0xfe, 0xfe, 0xff, 0xfe, 0xfe, 0xfe, 0xff, 0xff, 0xff, 0xfe, 0xff, 0xf9, 0xf7, 0xfe, 0xff,
0x7b, 0x50, 0xff, 0xff, 0x61, 0x2c, 0xff, 0xff, 0x66, 0x33, 0xff, 0xff, 0x66, 0x33, 0xff,
0xff, 0x66, 0x33, 0xff, 0xff, 0x66, 0x33, 0xff, 0xff, 0x63, 0x2f, 0xff, 0xff, 0x72, 0x43,
0xff, 0xff, 0xf4, 0xf0, 0xfe, 0xff, 0xff, 0xff, 0xfe, 0xff, 0xfe, 0xfe, 0xfe, 0xff, 0xfe,
0xfe, 0xfe, 0xff, 0xfe, 0xfe, 0xfe, 0xff, 0xfe, 0xfe, 0xfe, 0xff, 0xfe, 0xfe, 0xfe, 0xff,
0xfe, 0xfe, 0xfe, 0xff, 0xfe, 0xfe, 0xfe, 0xff, 0xfe, 0xfe, 0xfe, 0xff, 0xfe, 0xfe, 0xfe,
0xff, 0xfe, 0xfe, 0xfe, 0xff, 0xfe, 0xfe, 0xfe, 0xff, 0xfe, 0xfe, 0xfe, 0xff, 0xfe, 0xfe,
0xfe, 0xff, 0xfe, 0xfe, 0xfe, 0xff, 0xfe, 0xfe, 0xfe, 0xff, 0xfe, 0xfe, 0xfe, 0xff, 0xfe,
0xfe, 0xfe, 0xff, 0xfe, 0xfe, 0xfe, 0xff, 0xfe, 0xfe, 0xfe, 0xff, 0xfe, 0xfe, 0xfe, 0xff,
0xfe, 0xfe, 0xfe, 0xff, 0xfe, 0xfe, 0xfe, 0xff, 0xfe, 0xfe, 0xfe, 0xff, 0xfe, 0xfe, 0xfe,
0xff, 0xfe, 0xfe, 0xfe, 0xff, 0xfe, 0xfe, 0xfe, 0xff, 0xfe, 0xfe, 0xfe, 0xff, 0xfe, 0xfe,
0xfe, 0xff, 0xfe, 0xfe, 0xfe, 0xff, 0xfe, 0xfe, 0xfe, 0xff, 0xfe, 0xfe, 0xfe, 0xff, 0xfe,
0xfe, 0xfe, 0xff, 0xfe, 0xfe, 0xfe, 0xff, 0xfe, 0xfe, 0xfe, 0xff, 0xfe, 0xfe, 0xfe, 0xff,
0xff, 0xff, 0xfe, 0xff, 0xf5, 0xf2, 0xfe, 0xff, 0x74, 0x46, 0xff, 0xff, 0x63, 0x2e, 0xff,
0xff, 0x66, 0x33, 0xff, 0xff, 0x66, 0x33, 0xff, 0xff, 0x66, 0x33, 0xff, 0xff, 0x66, 0x33,
0xff, 0xff, 0x62, 0x2e, 0xff, 0xff, 0x75, 0x47, 0xff, 0xff, 0xf7, 0xf5, 0xfe, 0xff, 0xff,
0xff, 0xfe, 0xff, 0xfe, 0xfe, 0xfe, 0xff, 0xfe, 0xfe, 0xfe, 0xff, 0xfe, 0xfe, 0xfe, 0xff,
0xfe, 0xfe, 0xfe, 0xff, 0xfe, 0xfe, 0xfe, 0xff, 0xfe, 0xfe, 0xfe, 0xff, 0xff, 0xff, 0xfe,
0xff, 0xdc, 0xd0, 0xfe, 0xff, 0x62, 0x2e, 0xff, 0xff, 0x65, 0x32, 0xff, 0xff, 0x66, 0x33,
0xff, 0xff, 0x66, 0x33, 0xff, 0xff, 0x66, 0x33, 0xff, 0xff, 0x66, 0x33, 0xff, 0xff, 0x66,
0x33, 0xff, 0xff, 0x66, 0x33, 0xff, 0xff, 0x66, 0x33, 0xff, 0xff, 0x66, 0x33, 0xff, 0xff,
0x66, 0x33, 0xff, 0xff, 0x66, 0x33, 0xff, 0xff, 0x66, 0x33, 0xff, 0xff, 0x66, 0x33, 0xff,
0xff, 0x66, 0x33, 0xff, 0xff, 0x66, 0x33, 0xff, 0xff, 0x66, 0x33, 0xff, 0xff, 0x66, 0x33,
0xff, 0xe0, 0xff, 0xff, 0xff, 0x00, 0xff, 0xff, 0xff, 0x00, 0xff, 0xff, 0xff, 0x00, 0xff,
0xff, 0xff, 0x00, 0xff, 0xff, 0xff, 0x00, 0xff, 0xff, 0xff, 0x00, 0xff, 0xff, 0xff, 0x00,
0xff, 0xff, 0xff, 0x00, 0xff, 0xff, 0xff, 0x00, 0xff, 0xff, 0xff, 0x00, 0xff, 0xff, 0xff,
0x00, 0xff, 0xff, 0xff, 0x00, 0xff, 0xff, 0xff, 0x00, 0xff, 0xff, 0xff, 0x00, 0xff, 0xff,
0xff, 0x00, 0xff, 0xff, 0xff, 0x00, 0xff, 0xff, 0xff, 0x00, 0x66, 0x33, 0xff, 0xdc, 0x66,
0x33, 0xff, 0xff, 0x66, 0x33, 0xff, 0xff, 0x66, 0x33, 0xff, 0xff, 0x66, 0x33, 0xff, 0xff,
0x66, 0x33, 0xff, 0xff, 0x66, 0x33, 0xff, 0xff, 0x66, 0x33, 0xff, 0xff, 0x66, 0x33, 0xff,
0xff, 0x66, 0x33, 0xff, 0xff, 0x66, 0x33, 0xff, 0xff, 0x66, 0x33, 0xff, 0xff, 0x66, 0x33,
0xff, 0xff, 0x66, 0x33, 0xff, 0xff, 0x66, 0x33, 0xff, 0xff, 0x66, 0x33, 0xff, 0xff, 0x66,
0x33, 0xff, 0xff, 0x60, 0x2b, 0xff, 0xff, 0x83, 0x5a, 0xff, 0xff, 0xff, 0xff, 0xfe, 0xff,
0xff, 0xff, 0xfe, 0xff, 0xfe, 0xfe, 0xfe, 0xff, 0xfe, 0xfe, 0xfe, 0xff, 0xfe, 0xfe, 0xfe,
0xff, 0xfe, 0xfe, 0xfe, 0xff, 0xfe, 0xfe, 0xfe, 0xff, 0xfe, 0xfe, 0xfe, 0xff, 0xff, 0xff,
0xfe, 0xff, 0xb1, 0x97, 0xff, 0xff, 0x5d, 0x27, 0xff, 0xff, 0x66, 0x33, 0xff, 0xff, 0x66,
0x33, 0xff, 0xff, 0x66, 0x33, 0xff, 0xff, 0x66, 0x33, 0xff, 0xff, 0x65, 0x32, 0xff, 0xff,
0x66, 0x34, 0xff, 0xff, 0xe2, 0xd9, 0xfe, 0xff, 0xff, 0xff, 0xfe, 0xff, 0xfe, 0xfe, 0xfe,
0xff, 0xfe, 0xfe, 0xfe, 0xff, 0xfe, 0xfe, 0xfe, 0xff, 0xfe, 0xfe, 0xfe, 0xff, 0xfe, 0xfe,
0xfe, 0xff, 0xfe, 0xfe, 0xfe, 0xff, 0xfe, 0xfe, 0xfe, 0xff, 0xfe, 0xfe, 0xfe, 0xff, 0xfe,
0xfe, 0xfe, 0xff, 0xfe, 0xfe, 0xfe, 0xff, 0xfe, 0xfe, 0xfe, 0xff, 0xfe, 0xfe, 0xfe, 0xff,
0xfe, 0xfe, 0xfe, 0xff, 0xfe, 0xfe, 0xfe, 0xff, 0xfe, 0xfe, 0xfe, 0xff, 0xfe, 0xfe, 0xfe,
0xff, 0xfe, 0xfe, 0xfe, 0xff, 0xfe, 0xfe, 0xfe, 0xff, 0xfe, 0xfe, 0xfe, 0xff, 0xfe, 0xfe,
0xfe, 0xff, 0xfe, 0xfe, 0xfe, 0xff, 0xfe, 0xfe, 0xfe, 0xff, 0xfe, 0xfe, 0xfe, 0xff, 0xfe,
0xfe, 0xfe, 0xff, 0xfe, 0xfe, 0xfe, 0xff, 0xfe, 0xfe, 0xfe, 0xff, 0xfe, 0xfe, 0xfe, 0xff,
0xfe, 0xfe, 0xfe, 0xff, 0xfe, 0xfe, 0xfe, 0xff, 0xfe, 0xfe, 0xfe, 0xff, 0xfe, 0xfe, 0xfe,
0xff, 0xfe, 0xfe, 0xfe, 0xff, 0xfe, 0xfe, 0xfe, 0xff, 0xfe, 0xfe, 0xfe, 0xff, 0xfe, 0xfe,
0xfe, 0xff, 0xff, 0xff, 0xfe, 0xff, 0xeb, 0xe5, 0xfe, 0xff, 0x6c, 0x3b, 0xff, 0xff, 0x64,
0x30, 0xff, 0xff, 0x66, 0x33, 0xff, 0xff, 0x66, 0x33, 0xff, 0xff, 0x66, 0x33, 0xff, 0xff,
0x66, 0x33, 0xff, 0xff, 0x5e, 0x28, 0xff, 0xff, 0x90, 0x6b, 0xff, 0xff, 0xff, 0xff, 0xfe,
0xff, 0xff, 0xff, 0xfe, 0xff, 0xfe, 0xfe, 0xfe, 0xff, 0xfe, 0xfe, 0xfe, 0xff, 0xfe, 0xfe,
0xfe, 0xff, 0xfe, 0xfe, 0xfe, 0xff, 0xfe, 0xfe, 0xfe, 0xff, 0xfe, 0xfe, 0xfe, 0xff, 0xff,
0xff, 0xfe, 0xff, 0x9b, 0x79, 0xff, 0xff, 0x5e, 0x28, 0xff, 0xff, 0x66, 0x33, 0xff, 0xff,
0x66, 0x33, 0xff, 0xff, 0x66, 0x33, 0xff, 0xff, 0x66, 0x33, 0xff, 0xff, 0x66, 0x33, 0xff,
0xff, 0x66, 0x33, 0xff, 0xff, 0x66, 0x33, 0xff, 0xff, 0x66, 0x33, 0xff, 0xff, 0x66, 0x33,
0xff, 0xff, 0x66, 0x33, 0xff, 0xff, 0x66, 0x33, 0xff, 0xff, 0x66, 0x33, 0xff, 0xff, 0x66,
0x33, 0xff, 0xff, 0x66, 0x33, 0xff, 0xff, 0x66, 0x33, 0xff, 0xff, 0x66, 0x33, 0xff, 0xff,
0x66, 0x33, 0xff, 0xe3, 0xff, 0xff, 0xff, 0x00, 0xff, 0xff, 0xff, 0x00, 0xff, 0xff, 0xff,
0x00, 0xff, 0xff, 0xff, 0x00, 0xff, 0xff, 0xff, 0x00, 0xff, 0xff, 0xff, 0x00, 0xff, 0xff,
0xff, 0x00, 0xff, 0xff, 0xff, 0x00, 0xff, 0xff, 0xff, 0x00, 0xff, 0xff, 0xff, 0x00, 0xff,
0xff, 0xff, 0x00, 0xff, 0xff, 0xff, 0x00, 0xff, 0xff, 0xff, 0x00, 0xff, 0xff, 0xff, 0x00,
0xff, 0xff, 0xff, 0x00, 0xff, 0xff, 0xff, 0x00, 0xff, 0xff, 0xff, 0x00, 0x66, 0x33, 0xff,
0xdc, 0x66, 0x33, 0xff, 0xff, 0x66, 0x33, 0xff, 0xff, 0x66, 0x33, 0xff, 0xff, 0x66, 0x33,
0xff, 0xff, 0x66, 0x33, 0xff, 0xff, 0x66, 0x33, 0xff, 0xff, 0x66, 0x33, 0xff, 0xff, 0x66,
0x33, 0xff, 0xff, 0x66, 0x33, 0xff, 0xff, 0x66, 0x33, 0xff, 0xff, 0x66, 0x33, 0xff, 0xff,
0x66, 0x33, 0xff, 0xff, 0x66, 0x33, 0xff, 0xff, 0x66, 0x33, 0xff, 0xff, 0x66, 0x33, 0xff,
0xff, 0x66, 0x33, 0xff, 0xff, 0x65, 0x32, 0xff, 0xff, 0x63, 0x2f, 0xff, 0xff, 0xd7, 0xca,
0xff, 0xff, 0xff, 0xff, 0xfe, 0xff, 0xfe, 0xfe, 0xfe, 0xff, 0xfe, 0xfe, 0xfe, 0xff, 0xfe,
0xfe, 0xfe, 0xff, 0xfe, 0xfe, 0xfe, 0xff, 0xfe, 0xfe, 0xfe, 0xff, 0xfe, 0xfe, 0xfe, 0xff,
0xff, 0xff, 0xfe, 0xff, 0xe4, 0xdb, 0xfe, 0xff, 0x65, 0x31, 0xff, 0xff, 0x65, 0x31, 0xff,
0xff, 0x66, 0x33, 0xff, 0xff, 0x66, 0x33, 0xff, 0xff, 0x66, 0x33, 0xff, 0xff, 0x66, 0x33,
0xff, 0xff, 0x5d, 0x28, 0xff, 0xff, 0xb9, 0xa2, 0xff, 0xff, 0xff, 0xff, 0xfe, 0xff, 0xfe,
0xfe, 0xfe, 0xff, 0xfe, 0xfe, 0xfe, 0xff, 0xfe, 0xfe, 0xfe, 0xff, 0xfe, 0xfe, 0xfe, 0xff,
0xfe, 0xfe, 0xfe, 0xff, 0xfe, 0xfe, 0xfe, 0xff, 0xfe, 0xfe, 0xfe, 0xff, 0xfe, 0xfe, 0xfe,
0xff, 0xfe, 0xfe, 0xfe, 0xff, 0xfe, 0xfe, 0xfe, 0xff, 0xfe, 0xfe, 0xfe, 0xff, 0xfe, 0xfe,
0xfe, 0xff, 0xfe, 0xfe, 0xfe, 0xff, 0xfe, 0xfe, 0xfe, 0xff, 0xfe, 0xfe, 0xfe, 0xff, 0xfe,
0xfe, 0xfe, 0xff, 0xfe, 0xfe, 0xfe, 0xff, 0xfe, 0xfe, 0xfe, 0xff, 0xfe, 0xfe, 0xfe, 0xff,
0xfe, 0xfe, 0xfe, 0xff, 0xfe, 0xfe, 0xfe, 0xff, 0xfe, 0xfe, 0xfe, 0xff, 0xfe, 0xfe, 0xfe,
0xff, 0xfe, 0xfe, 0xfe, 0xff, 0xfe, 0xfe, 0xfe, 0xff, 0xfe, 0xfe, 0xfe, 0xff, 0xfe, 0xfe,
0xfe, 0xff, 0xfe, 0xfe, 0xfe, 0xff, 0xfe, 0xfe, 0xfe, 0xff, 0xfe, 0xfe, 0xfe, 0xff, 0xfe,
0xfe, 0xfe, 0xff, 0xfe, 0xfe, 0xfe, 0xff, 0xfe, 0xfe, 0xfe, 0xff, 0xfe, 0xfe, 0xfe, 0xff,
0xfe, 0xfe, 0xfe, 0xff, 0xff, 0xff, 0xfe, 0xff, 0xd9, 0xcc, 0xff, 0xff, 0x62, 0x2e, 0xff,
0xff, 0x65, 0x32, 0xff, 0xff, 0x66, 0x33, 0xff, 0xff, 0x66, 0x33, 0xff, 0xff, 0x66, 0x33,
0xff, 0xff, 0x66, 0x32, 0xff, 0xff, 0x61, 0x2c, 0xff, 0xff, 0xd0, 0xc0, 0xff, 0xff, 0xff,
0xff, 0xfe, 0xff, 0xfe, 0xfe, 0xfe, 0xff, 0xfe, 0xfe, 0xfe, 0xff, 0xfe, 0xfe, 0xfe, 0xff,
0xfe, 0xfe, 0xfe, 0xff, 0xfe, 0xfe, 0xfe, 0xff, 0xfe, 0xfe, 0xfe, 0xff, 0xff, 0xff, 0xfe,
0xff, 0xe8, 0xe1, 0xfe, 0xff, 0x67, 0x34, 0xff, 0xff, 0x64, 0x31, 0xff, 0xff, 0x66, 0x33,
0xff, 0xff, 0x66, 0x33, 0xff, 0xff, 0x66, 0x33, 0xff, 0xff, 0x66, 0x33, 0xff, 0xff, 0x66,
0x33, 0xff, 0xff, 0x66, 0x33, 0xff, 0xff, 0x66, 0x33, 0xff, 0xff, 0x66, 0x33, 0xff, 0xff,
0x66, 0x33, 0xff, 0xff, 0x66, 0x33, 0xff, 0xff, 0x66, 0x33, 0xff, 0xff, 0x66, 0x33, 0xff,
0xff, 0x66, 0x33, 0xff, 0xff, 0x66, 0x33, 0xff, 0xff, 0x66, 0x33, 0xff, 0xff, 0x66, 0x33,
0xff, 0xff, 0x66, 0x33, 0xff, 0xe5, 0xff, 0xff, 0xff, 0x00, 0xff, 0xff, 0xff, 0x00, 0xff,
0xff, 0xff, 0x00, 0xff, 0xff, 0xff, 0x00, 0xff, 0xff, 0xff, 0x00, 0xff, 0xff, 0xff, 0x00,
0xff, 0xff, 0xff, 0x00, 0xff, 0xff, 0xff, 0x00, 0xff, 0xff, 0xff, 0x00, 0xff, 0xff, 0xff,
0x00, 0xff, 0xff, 0xff, 0x00, 0xff, 0xff, 0xff, 0x00, 0xff, 0xff, 0xff, 0x00, 0xff, 0xff,
0xff, 0x00, 0xff, 0xff, 0xff, 0x00, 0xff, 0xff, 0xff, 0x00, 0xff, 0xff, 0xff, 0x00, 0x66,
0x33, 0xff, 0xdb, 0x66, 0x33, 0xff, 0xff, 0x66, 0x33, 0xff, 0xff, 0x66, 0x33, 0xff, 0xff,
0x66, 0x33, 0xff, 0xff, 0x66, 0x33, 0xff, 0xff, 0x66, 0x33, 0xff, 0xff, 0x66, 0x33, 0xff,
0xff, 0x66, 0x33, 0xff, 0xff, 0x66, 0x33, 0xff, 0xff, 0x66, 0x33, 0xff, 0xff, 0x66, 0x33,
0xff, 0xff, 0x66, 0x33, 0xff, 0xff, 0x66, 0x33, 0xff, 0xff, 0x66, 0x33, 0xff, 0xff, 0x66,
0x33, 0xff, 0xff, 0x66, 0x33, 0xff, 0xff, 0x66, 0x33, 0xff, 0xff, 0x5f, 0x29, 0xff, 0xff,
0x8a, 0x63, 0xff, 0xff, 0xff, 0xff, 0xfe, 0xff, 0xff, 0xff, 0xfe, 0xff, 0xfe, 0xfe, 0xfe,
0xff, 0xfe, 0xfe, 0xfe, 0xff, 0xfe, 0xfe, 0xfe, 0xff, 0xfe, 0xfe, 0xfe, 0xff, 0xfe, 0xfe,
0xfe, 0xff, 0xff, 0xff, 0xfe, 0xff, 0xfd, 0xfc, 0xfe, 0xff, 0x8d, 0x67, 0xff, 0xff, 0x5f,
0x2a, 0xff, 0xff, 0x66, 0x33, 0xff, 0xff, 0x66, 0x33, 0xff, 0xff, 0x66, 0x33, 0xff, 0xff,
0x66, 0x33, 0xff, 0xff, 0x5f, 0x2a, 0xff, 0xff, 0x89, 0x62, 0xff, 0xff, 0xff, 0xff, 0xfe,
0xff, 0xff, 0xff, 0xfe, 0xff, 0xfe, 0xfe, 0xfe, 0xff, 0xfe, 0xfe, 0xfe, 0xff, 0xfe, 0xfe,
0xfe, 0xff, 0xfe, 0xfe, 0xfe, 0xff, 0xfe, 0xfe, 0xfe, 0xff, 0xfe, 0xfe, 0xfe, 0xff, 0xfe,
0xfe, 0xfe, 0xff, 0xfe, 0xfe, 0xfe, 0xff, 0xfe, 0xfe, 0xfe, 0xff, 0xfe, 0xfe, 0xfe, 0xff,
0xfe, 0xfe, 0xfe, 0xff, 0xfe, 0xfe, 0xfe, 0xff, 0xfe, 0xfe, 0xfe, 0xff, 0xfe, 0xfe, 0xfe,
0xff, 0xfe, 0xfe, 0xfe, 0xff, 0xfe, 0xfe, 0xfe, 0xff, 0xfe, 0xfe, 0xfe, 0xff, 0xfe, 0xfe,
0xfe, 0xff, 0xfe, 0xfe, 0xfe, 0xff, 0xfe, 0xfe, 0xfe, 0xff, 0xfe, 0xfe, 0xfe, 0xff, 0xfe,
0xfe, 0xfe, 0xff, 0xfe, 0xfe, 0xfe, 0xff, 0xfe, 0xfe, 0xfe, 0xff, 0xfe, 0xfe, 0xfe, 0xff,
0xfe, 0xfe, 0xfe, 0xff, 0xfe, 0xfe, 0xfe, 0xff, 0xfe, 0xfe, 0xfe, 0xff, 0xfe, 0xfe, 0xfe,
0xff, 0xfe, 0xfe, 0xfe, 0xff, 0xfe, 0xfe, 0xfe, 0xff, 0xfe, 0xfe, 0xfe, 0xff, 0xfe, 0xfe,
0xfe, 0xff, 0xfe, 0xfe, 0xfe, 0xff, 0xff, 0xff, 0xfe, 0xff, 0xa5, 0x87, 0xff, 0xff, 0x5e,
0x27, 0xff, 0xff, 0x66, 0x33, 0xff, 0xff, 0x66, 0x33, 0xff, 0xff, 0x66, 0x33, 0xff, 0xff,
0x66, 0x33, 0xff, 0xff, 0x61, 0x2c, 0xff, 0xff, 0x7c, 0x50, 0xff, 0xff, 0xfc, 0xfb, 0xfe,
0xff, 0xff, 0xff, 0xfe, 0xff, 0xfe, 0xfe, 0xfe, 0xff, 0xfe, 0xfe, 0xfe, 0xff, 0xfe, 0xfe,
0xfe, 0xff, 0xfe, 0xfe, 0xfe, 0xff, 0xfe, 0xfe, 0xfe, 0xff, 0xfe, 0xfe, 0xfe, 0xff, 0xff,
0xff, 0xfe, 0xff, 0xa5, 0x86, 0xff, 0xff, 0x5e, 0x28, 0xff, 0xff, 0x66, 0x33, 0xff, 0xff,
0x66, 0x33, 0xff, 0xff, 0x66, 0x33, 0xff, 0xff, 0x66, 0x33, 0xff, 0xff, 0x66, 0x33, 0xff,
0xff, 0x66, 0x33, 0xff, 0xff, 0x66, 0x33, 0xff, 0xff, 0x66, 0x33, 0xff, 0xff, 0x66, 0x33,
0xff, 0xff, 0x66, 0x33, 0xff, 0xff, 0x66, 0x33, 0xff, 0xff, 0x66, 0x33, 0xff, 0xff, 0x66,
0x33, 0xff, 0xff, 0x66, 0x33, 0xff, 0xff, 0x66, 0x33, 0xff, 0xff, 0x66, 0x33, 0xff, 0xff,
0x66, 0x33, 0xff, 0xff, 0x66, 0x33, 0xff, 0xe3, 0xff, 0xff, 0xff, 0x00, 0xff, 0xff, 0xff,
0x00, 0xff, 0xff, 0xff, 0x00, 0xff, 0xff, 0xff, 0x00, 0xff, 0xff, 0xff, 0x00, 0xff, 0xff,
0xff, 0x00, 0xff, 0xff, 0xff, 0x00, 0xff, 0xff, 0xff, 0x00, 0xff, 0xff, 0xff, 0x00, 0xff,
0xff, 0xff, 0x00, 0xff, 0xff, 0xff, 0x00, 0xff, 0xff, 0xff, 0x00, 0xff, 0xff, 0xff, 0x00,
0xff, 0xff, 0xff, 0x00, 0xff, 0xff, 0xff, 0x00, 0xff, 0xff, 0xff, 0x00, 0xff, 0xff, 0xff,
0x00, 0x66, 0x33, 0xff, 0xd9, 0x66, 0x33, 0xff, 0xff, 0x66, 0x33, 0xff, 0xff, 0x66, 0x33,
0xff, 0xff, 0x66, 0x33, 0xff, 0xff, 0x66, 0x33, 0xff, 0xff, 0x66, 0x33, 0xff, 0xff, 0x66,
0x33, 0xff, 0xff, 0x66, 0x33, 0xff, 0xff, 0x66, 0x33, 0xff, 0xff, 0x66, 0x33, 0xff, 0xff,
0x66, 0x33, 0xff, 0xff, 0x66, 0x33, 0xff, 0xff, 0x66, 0x33, 0xff, 0xff, 0x66, 0x33, 0xff,
0xff, 0x66, 0x33, 0xff, 0xff, 0x66, 0x33, 0xff, 0xff, 0x66, 0x33, 0xff, 0xff, 0x65, 0x32,
0xff, 0xff, 0x63, 0x2f, 0xff, 0xff, 0xd5, 0xc7, 0xff, 0xff, 0xff, 0xff, 0xfe, 0xff, 0xfe,
0xfe, 0xfe, 0xff, 0xfe, 0xfe, 0xfe, 0xff, 0xfe, 0xfe, 0xfe, 0xff, 0xfe, 0xfe, 0xfe, 0xff,
0xfe, 0xfe, 0xfe, 0xff, 0xfe, 0xfe, 0xfe, 0xff, 0xff, 0xff, 0xfe, 0xff, 0xd8, 0xcc, 0xff,
0xff, 0x60, 0x2b, 0xff, 0xff, 0x65, 0x32, 0xff, 0xff, 0x66, 0x33, 0xff, 0xff, 0x66, 0x33,
0xff, 0xff, 0x66, 0x33, 0xff, 0xff, 0x64, 0x30, 0xff, 0xff, 0x6b, 0x3a, 0xff, 0xff, 0xe9,
0xe2, 0xfe, 0xff, 0xff, 0xff, 0xfe, 0xff, 0xfe, 0xfe, 0xfe, 0xff, 0xfe, 0xfe, 0xfe, 0xff,
0xfe, 0xfe, 0xfe, 0xff, 0xfe, 0xfe, 0xfe, 0xff, 0xfe, 0xfe, 0xfe, 0xff, 0xfe, 0xfe, 0xfe,
0xff, 0xfe, 0xfe, 0xfe, 0xff, 0xfe, 0xfe, 0xfe, 0xff, 0xfe, 0xfe, 0xfe, 0xff, 0xfe, 0xfe,
0xfe, 0xff, 0xfe, 0xfe, 0xfe, 0xff, 0xfe, 0xfe, 0xfe, 0xff, 0xfe, 0xfe, 0xfe, 0xff, 0xfe,
0xfe, 0xfe, 0xff, 0xfe, 0xfe, 0xfe, 0xff, 0xfe, 0xfe, 0xfe, 0xff, 0xfe, 0xfe, 0xfe, 0xff,
0xfe, 0xfe, 0xfe, 0xff, 0xfe, 0xfe, 0xfe, 0xff, 0xfe, 0xfe, 0xfe, 0xff, 0xfe, 0xfe, 0xfe,
0xff, 0xfe, 0xfe, 0xfe, 0xff, 0xfe, 0xfe, 0xfe, 0xff, 0xfe, 0xfe, 0xfe, 0xff, 0xfe, 0xfe,
0xfe, 0xff, 0xfe, 0xfe, 0xfe, 0xff, 0xfe, 0xfe, 0xfe, 0xff, 0xfe, 0xfe, 0xfe, 0xff, 0xfe,
0xfe, 0xfe, 0xff, 0xfe, 0xfe, 0xfe, 0xff, 0xfe, 0xfe, 0xfe, 0xff, 0xfe, 0xfe, 0xfe, 0xff,
0xfe, 0xfe, 0xfe, 0xff, 0xff, 0xff, 0xfe, 0xff, 0xf3, 0xee, 0xfe, 0xff, 0x6f, 0x3f, 0xff,
0xff, 0x63, 0x2f, 0xff, 0xff, 0x66, 0x33, 0xff, 0xff, 0x66, 0x33, 0xff, 0xff, 0x66, 0x33,
0xff, 0xff, 0x66, 0x33, 0xff, 0xff, 0x5e, 0x28, 0xff, 0xff, 0xbd, 0xa7, 0xff, 0xff, 0xff,
0xff, 0xfe, 0xff, 0xfe, 0xfe, 0xfe, 0xff, 0xfe, 0xfe, 0xfe, 0xff, 0xfe, 0xfe, 0xfe, 0xff,
0xfe, 0xfe, 0xfe, 0xff, 0xfe, 0xfe, 0xfe, 0xff, 0xfe, 0xfe, 0xfe, 0xff, 0xff, 0xff, 0xfe,
0xff, 0xe7, 0xde, 0xfe, 0xff, 0x66, 0x34, 0xff, 0xff, 0x64, 0x31, 0xff, 0xff, 0x66, 0x33,
0xff, 0xff, 0x66, 0x33, 0xff, 0xff, 0x66, 0x33, 0xff, 0xff, 0x66, 0x33, 0xff, 0xff, 0x66,
0x33, 0xff, 0xff, 0x66, 0x33, 0xff, 0xff, 0x66, 0x33, 0xff, 0xff, 0x66, 0x33, 0xff, 0xff,
0x66, 0x33, 0xff, 0xff, 0x66, 0x33, 0xff, 0xff, 0x66, 0x33, 0xff, 0xff, 0x66, 0x33, 0xff,
0xff, 0x66, 0x33, 0xff, 0xff, 0x66, 0x33, 0xff, 0xff, 0x66, 0x33, 0xff, 0xff, 0x66, 0x33,
0xff, 0xff, 0x66, 0x33, 0xff, 0xff, 0x66, 0x33, 0xff, 0xe1, 0xff, 0xff, 0xff, 0x00, 0xff,
0xff, 0xff, 0x00, 0xff, 0xff, 0xff, 0x00, 0xff, 0xff, 0xff, 0x00, 0xff, 0xff, 0xff, 0x00,
0xff, 0xff, 0xff, 0x00, 0xff, 0xff, 0xff, 0x00, 0xff, 0xff, 0xff, 0x00, 0xff, 0xff, 0xff,
0x00, 0xff, 0xff, 0xff, 0x00, 0xff, 0xff, 0xff, 0x00, 0xff, 0xff, 0xff, 0x00, 0xff, 0xff,
0xff, 0x00, 0xff, 0xff, 0xff, 0x00, 0xff, 0xff, 0xff, 0x00, 0xff, 0xff, 0xff, 0x00, 0xff,
0xff, 0xff, 0x00, 0x66, 0x33, 0xff, 0xd6, 0x66, 0x33, 0xff, 0xff, 0x66, 0x33, 0xff, 0xff,
0x66, 0x33, 0xff, 0xff, 0x66, 0x33, 0xff, 0xff, 0x66, 0x33, 0xff, 0xff, 0x66, 0x33, 0xff,
0xff, 0x66, 0x33, 0xff, 0xff, 0x66, 0x33, 0xff, 0xff, 0x66, 0x33, 0xff, 0xff, 0x66, 0x33,
0xff, 0xff, 0x66, 0x33, 0xff, 0xff, 0x66, 0x33, 0xff, 0xff, 0x66, 0x33, 0xff, 0xff, 0x66,
0x33, 0xff, 0xff, 0x66, 0x33, 0xff, 0xff, 0x66, 0x33, 0xff, 0xff, 0x66, 0x33, 0xff, 0xff,
0x66, 0x33, 0xff, 0xff, 0x5f, 0x2a, 0xff, 0xff, 0x81, 0x58, 0xff, 0xff, 0xfd, 0xfd, 0xfe,
0xff, 0xff, 0xff, 0xfe, 0xff, 0xfe, 0xfe, 0xfe, 0xff, 0xfe, 0xfe, 0xfe, 0xff, 0xfe, 0xfe,
0xfe, 0xff, 0xfe, 0xfe, 0xfe, 0xff, 0xfe, 0xfe, 0xfe, 0xff, 0xff, 0xff, 0xfe, 0xff, 0xfd,
0xfc, 0xfe, 0xff, 0x8d, 0x67, 0xff, 0xff, 0x5f, 0x29, 0xff, 0xff, 0x66, 0x33, 0xff, 0xff,
0x66, 0x33, 0xff, 0xff, 0x66, 0x33, 0xff, 0xff, 0x66, 0x33, 0xff, 0xff, 0x5d, 0x27, 0xff,
0xff, 0x9f, 0x7f, 0xff, 0xff, 0xff, 0xff, 0xfe, 0xff, 0xfe, 0xfe, 0xfe, 0xff, 0xfe, 0xfe,
0xfe, 0xff, 0xfe, 0xfe, 0xfe, 0xff, 0xfe, 0xfe, 0xfe, 0xff, 0xfe, 0xfe, 0xfe, 0xff, 0xfe,
0xfe, 0xfe, 0xff, 0xfe, 0xfe, 0xfe, 0xff, 0xfe, 0xfe, 0xfe, 0xff, 0xfe, 0xfe, 0xfe, 0xff,
0xfe, 0xfe, 0xfe, 0xff, 0xfe, 0xfe, 0xfe, 0xff, 0xfe, 0xfe, 0xfe, 0xff, 0xfe, 0xfe, 0xfe,
0xff, 0xfe, 0xfe, 0xfe, 0xff, 0xfe, 0xfe, 0xfe, 0xff, 0xfe, 0xfe, 0xfe, 0xff, 0xfe, 0xfe,
0xfe, 0xff, 0xfe, 0xfe, 0xfe, 0xff, 0xfe, 0xfe, 0xfe, 0xff, 0xfe, 0xfe, 0xfe, 0xff, 0xfe,
0xfe, 0xfe, 0xff, 0xfe, 0xfe, 0xfe, 0xff, 0xfe, 0xfe, 0xfe, 0xff, 0xfe, 0xfe, 0xfe, 0xff,
0xfe, 0xfe, 0xfe, 0xff, 0xfe, 0xfe, 0xfe, 0xff, 0xfe, 0xfe, 0xfe, 0xff, 0xfe, 0xfe, 0xfe,
0xff, 0xfe, 0xfe, 0xfe, 0xff, 0xfe, 0xfe, 0xfe, 0xff, 0xfe, 0xfe, 0xfe, 0xff, 0xfe, 0xfe,
0xfe, 0xff, 0xfe, 0xfe, 0xfe, 0xff, 0xff, 0xff, 0xfe, 0xff, 0xbe, 0xa9, 0xff, 0xff, 0x5e,
0x29, 0xff, 0xff, 0x66, 0x33, 0xff, 0xff, 0x66, 0x33, 0xff, 0xff, 0x66, 0x33, 0xff, 0xff,
0x66, 0x33, 0xff, 0xff, 0x60, 0x2b, 0xff, 0xff, 0x7c, 0x50, 0xff, 0xff, 0xfb, 0xfa, 0xfe,
0xff, 0xff, 0xff, 0xfe, 0xff, 0xfe, 0xfe, 0xfe, 0xff, 0xfe, 0xfe, 0xfe, 0xff, 0xfe, 0xfe,
0xfe, 0xff, 0xfe, 0xfe, 0xfe, 0xff, 0xfe, 0xfe, 0xfe, 0xff, 0xff, 0xff, 0xfe, 0xff, 0xff,
0xff, 0xfe, 0xff, 0x98, 0x76, 0xff, 0xff, 0x5e, 0x28, 0xff, 0xff, 0x66, 0x33, 0xff, 0xff,
0x66, 0x33, 0xff, 0xff, 0x66, 0x33, 0xff, 0xff, 0x66, 0x33, 0xff, 0xff, 0x66, 0x33, 0xff,
0xff, 0x66, 0x33, 0xff, 0xff, 0x66, 0x33, 0xff, 0xff, 0x66, 0x33, 0xff, 0xff, 0x66, 0x33,
0xff, 0xff, 0x66, 0x33, 0xff, 0xff, 0x66, 0x33, 0xff, 0xff, 0x66, 0x33, 0xff, 0xff, 0x66,
0x33, 0xff, 0xff, 0x66, 0x33, 0xff, 0xff, 0x66, 0x33, 0xff, 0xff, 0x66, 0x33, 0xff, 0xff,
0x66, 0x33, 0xff, 0xff, 0x66, 0x33, 0xff, 0xff, 0x66, 0x33, 0xff, 0xdc, 0xff, 0xff, 0xff,
0x00, 0xff, 0xff, 0xff, 0x00, 0xff, 0xff, 0xff, 0x00, 0xff, 0xff, 0xff, 0x00, 0xff, 0xff,
0xff, 0x00, 0xff, 0xff, 0xff, 0x00, 0xff, 0xff, 0xff, 0x00, 0xff, 0xff, 0xff, 0x00, 0xff,
0xff, 0xff, 0x00, 0xff, 0xff, 0xff, 0x00, 0xff, 0xff, 0xff, 0x00, 0xff, 0xff, 0xff, 0x00,
0xff, 0xff, 0xff, 0x00, 0xff, 0xff, 0xff, 0x00, 0xff, 0xff, 0xff, 0x00, 0xff, 0xff, 0xff,
0x00, 0xff, 0xff, 0xff, 0x00, 0x66, 0x33, 0xfe, 0xd1, 0x66, 0x33, 0xff, 0xff, 0x66, 0x33,
0xff, 0xff, 0x66, 0x33, 0xff, 0xff, 0x66, 0x33, 0xff, 0xff, 0x66, 0x33, 0xff, 0xff, 0x66,
0x33, 0xff, 0xff, 0x66, 0x33, 0xff, 0xff, 0x66, 0x33, 0xff, 0xff, 0x66, 0x33, 0xff, 0xff,
0x66, 0x33, 0xff, 0xff, 0x66, 0x33, 0xff, 0xff, 0x66, 0x33, 0xff, 0xff, 0x66, 0x33, 0xff,
0xff, 0x66, 0x33, 0xff, 0xff, 0x66, 0x33, 0xff, 0xff, 0x66, 0x33, 0xff, 0xff, 0x66, 0x33,
0xff, 0xff, 0x66, 0x33, 0xff, 0xff, 0x66, 0x33, 0xff, 0xff, 0x5f, 0x29, 0xff, 0xff, 0xbd,
0xa7, 0xff, 0xff, 0xff, 0xff, 0xfe, 0xff, 0xfe, 0xfe, 0xfe, 0xff, 0xfe, 0xfe, 0xfe, 0xff,
0xfe, 0xfe, 0xfe, 0xff, 0xfe, 0xfe, 0xfe, 0xff, 0xfe, 0xfe, 0xfe, 0xff, 0xfe, 0xfe, 0xfe,
0xff, 0xff, 0xff, 0xfe, 0xff, 0xe2, 0xd8, 0xfe, 0xff, 0x64, 0x30, 0xff, 0xff, 0x64, 0x31,
0xff, 0xff, 0x66, 0x33, 0xff, 0xff, 0x66, 0x33, 0xff, 0xff, 0x66, 0x33, 0xff, 0xff, 0x64,
0x30, 0xff, 0xff, 0x6a, 0x39, 0xff, 0xff, 0xe8, 0xe0, 0xfe, 0xff, 0xff, 0xff, 0xfe, 0xff,
0xfe, 0xfe, 0xfe, 0xff, 0xfe, 0xfe, 0xfe, 0xff, 0xfe, 0xfe, 0xfe, 0xff, 0xfe, 0xfe, 0xfe,
0xff, 0xfe, 0xfe, 0xfe, 0xff, 0xfe, 0xfe, 0xfe, 0xff, 0xfe, 0xfe, 0xfe, 0xff, 0xfe, 0xfe,
0xfe, 0xff, 0xfe, 0xfe, 0xfe, 0xff, 0xfe, 0xfe, 0xfe, 0xff, 0xfe, 0xfe, 0xfe, 0xff, 0xfe,
0xfe, 0xfe, 0xff, 0xfe, 0xfe, 0xfe, 0xff, 0xfe, 0xfe, 0xfe, 0xff, 0xfe, 0xfe, 0xfe, 0xff,
0xfe, 0xfe, 0xfe, 0xff, 0xfe, 0xfe, 0xfe, 0xff, 0xfe, 0xfe, 0xfe, 0xff, 0xfe, 0xfe, 0xfe,
0xff, 0xfe, 0xfe, 0xfe, 0xff, 0xfe, 0xfe, 0xfe, 0xff, 0xfe, 0xfe, 0xfe, 0xff, 0xfe, 0xfe,
0xfe, 0xff, 0xfe, 0xfe, 0xfe, 0xff, 0xfe, 0xfe, 0xfe, 0xff, 0xfe, 0xfe, 0xfe, 0xff, 0xfe,
0xfe, 0xfe, 0xff, 0xfe, 0xfe, 0xfe, 0xff, 0xfe, 0xfe, 0xfe, 0xff, 0xfe, 0xfe, 0xfe, 0xff,
0xfe, 0xfe, 0xfe, 0xff, 0xff, 0xff, 0xfe, 0xff, 0xf3, 0xef, 0xfe, 0xff, 0x71, 0x41, 0xff,
0xff, 0x63, 0x2e, 0xff, 0xff, 0x66, 0x33, 0xff, 0xff, 0x66, 0x33, 0xff, 0xff, 0x66, 0x33,
0xff, 0xff, 0x65, 0x32, 0xff, 0xff, 0x60, 0x2b, 0xff, 0xff, 0xcb, 0xba, 0xff, 0xff, 0xff,
0xff, 0xfe, 0xff, 0xfe, 0xfe, 0xfe, 0xff, 0xfe, 0xfe, 0xfe, 0xff, 0xfe, 0xfe, 0xfe, 0xff,
0xfe, 0xfe, 0xfe, 0xff, 0xfe, 0xfe, 0xfe, 0xff, 0xfe, 0xfe, 0xfe, 0xff, 0xff, 0xff, 0xfe,
0xff, 0xd6, 0xc8, 0xff, 0xff, 0x61, 0x2c, 0xff, 0xff, 0x65, 0x32, 0xff, 0xff, 0x66, 0x33,
0xff, 0xff, 0x66, 0x33, 0xff, 0xff, 0x66, 0x33, 0xff, 0xff, 0x66, 0x33, 0xff, 0xff, 0x66,
0x33, 0xff, 0xff, 0x66, 0x33, 0xff, 0xff, 0x66, 0x33, 0xff, 0xff, 0x66, 0x33, 0xff, 0xff,
0x66, 0x33, 0xff, 0xff, 0x66, 0x33, 0xff, 0xff, 0x66, 0x33, 0xff, 0xff, 0x66, 0x33, 0xff,
0xff, 0x66, 0x33, 0xff, 0xff, 0x66, 0x33, 0xff, 0xff, 0x66, 0x33, 0xff, 0xff, 0x66, 0x33,
0xff, 0xff, 0x66, 0x33, 0xff, 0xff, 0x66, 0x33, 0xff, 0xff, 0x65, 0x33, 0xfd, 0xd6, 0xff,
0xff, 0xff, 0x00, 0xff, 0xff, 0xff, 0x00, 0xff, 0xff, 0xff, 0x00, 0xff, 0xff, 0xff, 0x00,
0xff, 0xff, 0xff, 0x00, 0xff, 0xff, 0xff, 0x00, 0xff, 0xff, 0xff, 0x00, 0xff, 0xff, 0xff,
0x00, 0xff, 0xff, 0xff, 0x00, 0xff, 0xff, 0xff, 0x00, 0xff, 0xff, 0xff, 0x00, 0xff, 0xff,
0xff, 0x00, 0xff, 0xff, 0xff, 0x00, 0xff, 0xff, 0xff, 0x00, 0xff, 0xff, 0xff, 0x00, 0xff,
0xff, 0xff, 0x00, 0xff, 0xff, 0xff, 0x00, 0x66, 0x33, 0xfe, 0xcb, 0x66, 0x33, 0xff, 0xff,
0x66, 0x33, 0xff, 0xff, 0x66, 0x33, 0xff, 0xff, 0x66, 0x33, 0xff, 0xff, 0x66, 0x33, 0xff,
0xff, 0x66, 0x33, 0xff, 0xff, 0x66, 0x33, 0xff, 0xff, 0x66, 0x33, 0xff, 0xff, 0x66, 0x33,
0xff, 0xff, 0x66, 0x33, 0xff, 0xff, 0x66, 0x33, 0xff, 0xff, 0x66, 0x33, 0xff, 0xff, 0x66,
0x33, 0xff, 0xff, 0x66, 0x33, 0xff, 0xff, 0x66, 0x33, 0xff, 0xff, 0x66, 0x33, 0xff, 0xff,
0x66, 0x33, 0xff, 0xff, 0x66, 0x33, 0xff, 0xff, 0x66, 0x33, 0xff, 0xff, 0x62, 0x2e, 0xff,
0xff, 0x70, 0x40, 0xff, 0xff, 0xef, 0xea, 0xfe, 0xff, 0xff, 0xff, 0xfe, 0xff, 0xfe, 0xfe,
0xfe, 0xff, 0xfe, 0xfe, 0xfe, 0xff, 0xfe, 0xfe, 0xfe, 0xff, 0xfe, 0xfe, 0xfe, 0xff, 0xfe,
0xfe, 0xfe, 0xff, 0xfe, 0xfe, 0xfe, 0xff, 0xff, 0xff, 0xfe, 0xff, 0xa9, 0x8d, 0xff, 0xff,
0x5c, 0x26, 0xff, 0xff, 0x66, 0x33, 0xff, 0xff, 0x66, 0x33, 0xff, 0xff, 0x66, 0x33, 0xff,
0xff, 0x66, 0x33, 0xff, 0xff, 0x5e, 0x28, 0xff, 0xff, 0x8f, 0x69, 0xff, 0xff, 0xff, 0xff,
0xfe, 0xff, 0xff, 0xff, 0xfe, 0xff, 0xfe, 0xfe, 0xfe, 0xff, 0xfe, 0xfe, 0xfe, 0xff, 0xfe,
0xfe, 0xfe, 0xff, 0xfe, 0xfe, 0xfe, 0xff, 0xfe, 0xfe, 0xfe, 0xff, 0xfe, 0xfe, 0xfe, 0xff,
0xfe, 0xfe, 0xfe, 0xff, 0xfe, 0xfe, 0xfe, 0xff, 0xfe, 0xfe, 0xfe, 0xff, 0xfe, 0xfe, 0xfe,
0xff, 0xfe, 0xfe, 0xfe, 0xff, 0xfe, 0xfe, 0xfe, 0xff, 0xfe, 0xfe, 0xfe, 0xff, 0xfe, 0xfe,
0xfe, 0xff, 0xfe, 0xfe, 0xfe, 0xff, 0xfe, 0xfe, 0xfe, 0xff, 0xfe, 0xfe, 0xfe, 0xff, 0xfe,
0xfe, 0xfe, 0xff, 0xfe, 0xfe, 0xfe, 0xff, 0xfe, 0xfe, 0xfe, 0xff, 0xfe, 0xfe, 0xfe, 0xff,
0xfe, 0xfe, 0xfe, 0xff, 0xfe, 0xfe, 0xfe, 0xff, 0xfe, 0xfe, 0xfe, 0xff, 0xfe, 0xfe, 0xfe,
0xff, 0xfe, 0xfe, 0xfe, 0xff, 0xfe, 0xfe, 0xfe, 0xff, 0xfe, 0xfe, 0xfe, 0xff, 0xfe, 0xfe,
0xfe, 0xff, 0xfe, 0xfe, 0xfe, 0xff, 0xff, 0xff, 0xfe, 0xff, 0xa9, 0x8c, 0xff, 0xff, 0x5e,
0x27, 0xff, 0xff, 0x66, 0x33, 0xff, 0xff, 0x66, 0x33, 0xff, 0xff, 0x66, 0x33, 0xff, 0xff,
0x66, 0x33, 0xff, 0xff, 0x5e, 0x28, 0xff, 0xff, 0x91, 0x6c, 0xff, 0xff, 0xff, 0xff, 0xfe,
0xff, 0xff, 0xff, 0xfe, 0xff, 0xfe, 0xfe, 0xfe, 0xff, 0xfe, 0xfe, 0xfe, 0xff, 0xfe, 0xfe,
0xfe, 0xff, 0xfe, 0xfe, 0xfe, 0xff, 0xfe, 0xfe, 0xfe, 0xff, 0xff, 0xff, 0xfe, 0xff, 0xf8,
0xf6, 0xfe, 0xff, 0x7b, 0x4f, 0xff, 0xff, 0x61, 0x2c, 0xff, 0xff, 0x66, 0x33, 0xff, 0xff,
0x66, 0x33, 0xff, 0xff, 0x66, 0x33, 0xff, 0xff, 0x66, 0x33, 0xff, 0xff, 0x66, 0x33, 0xff,
0xff, 0x66, 0x33, 0xff, 0xff, 0x66, 0x33, 0xff, 0xff, 0x66, 0x33, 0xff, 0xff, 0x66, 0x33,
0xff, 0xff, 0x66, 0x33, 0xff, 0xff, 0x66, 0x33, 0xff, 0xff, 0x66, 0x33, 0xff, 0xff, 0x66,
0x33, 0xff, 0xff, 0x66, 0x33, 0xff, 0xff, 0x66, 0x33, 0xff, 0xff, 0x66, 0x33, 0xff, 0xff,
0x66, 0x33, 0xff, 0xff, 0x66, 0x33, 0xff, 0xff, 0x66, 0x33, 0xff, 0xff, 0x66, 0x33, 0xff,
0xcd, 0xff, 0xff, 0xff, 0x00, 0xff, 0xff, 0xff, 0x00, 0xff, 0xff, 0xff, 0x00, 0xff, 0xff,
0xff, 0x00, 0xff, 0xff, 0xff, 0x00, 0xff, 0xff, 0xff, 0x00, 0xff, 0xff, 0xff, 0x00, 0xff,
0xff, 0xff, 0x00, 0xff, 0xff, 0xff, 0x00, 0xff, 0xff, 0xff, 0x00, 0xff, 0xff, 0xff, 0x00,
0xff, 0xff, 0xff, 0x00, 0xff, 0xff, 0xff, 0x00, 0xff, 0xff, 0xff, 0x00, 0xff, 0xff, 0xff,
0x00, 0xff, 0xff, 0xff, 0x00, 0xff, 0xff, 0xff, 0x00, 0x64, 0x32, 0xfb, 0xc1, 0x66, 0x33,
0xff, 0xff, 0x66, 0x33, 0xff, 0xff, 0x66, 0x33, 0xff, 0xff, 0x66, 0x33, 0xff, 0xff, 0x66,
0x33, 0xff, 0xff, 0x66, 0x33, 0xff, 0xff, 0x66, 0x33, 0xff, 0xff, 0x66, 0x33, 0xff, 0xff,
0x66, 0x33, 0xff, 0xff, 0x66, 0x33, 0xff, 0xff, 0x66, 0x33, 0xff, 0xff, 0x66, 0x33, 0xff,
0xff, 0x66, 0x33, 0xff, 0xff, 0x66, 0x33, 0xff, 0xff, 0x66, 0x33, 0xff, 0xff, 0x66, 0x33,
0xff, 0xff, 0x66, 0x33, 0xff, 0xff, 0x66, 0x33, 0xff, 0xff, 0x66, 0x33, 0xff, 0xff, 0x66,
0x33, 0xff, 0xff, 0x5e, 0x28, 0xff, 0xff, 0x94, 0x70, 0xff, 0xff, 0xff, 0xff, 0xfe, 0xff,
0xff, 0xff, 0xfe, 0xff, 0xfe, 0xfe, 0xfe, 0xff, 0xfe, 0xfe, 0xfe, 0xff, 0xfe, 0xfe, 0xfe,
0xff, 0xfe, 0xfe, 0xfe, 0xff, 0xfe, 0xfe, 0xfe, 0xff, 0xff, 0xff, 0xfe, 0xff, 0xf5, 0xf3,
0xfe, 0xff, 0x7a, 0x4e, 0xff, 0xff, 0x61, 0x2c, 0xff, 0xff, 0x66, 0x33, 0xff, 0xff, 0x66,
0x33, 0xff, 0xff, 0x66, 0x33, 0xff, 0xff, 0x66, 0x32, 0xff, 0xff, 0x5f, 0x2a, 0xff, 0xff,
0xc3, 0xaf, 0xff, 0xff, 0xff, 0xff, 0xfe, 0xff, 0xfe, 0xfe, 0xfe, 0xff, 0xfe, 0xfe, 0xfe,
0xff, 0xfe, 0xfe, 0xfe, 0xff, 0xfe, 0xfe, 0xfe, 0xff, 0xfe, 0xfe, 0xfe, 0xff, 0xfe, 0xfe,
0xfe, 0xff, 0xfe, 0xfe, 0xfe, 0xff, 0xfe, 0xfe, 0xfe, 0xff, 0xfe, 0xfe, 0xfe, 0xff, 0xfe,
0xfe, 0xfe, 0xff, 0xfe, 0xfe, 0xfe, 0xff, 0xfe, 0xfe, 0xfe, 0xff, 0xfe, 0xfe, 0xfe, 0xff,
0xfe, 0xfe, 0xfe, 0xff, 0xfe, 0xfe, 0xfe, 0xff, 0xfe, 0xfe, 0xfe, 0xff, 0xfe, 0xfe, 0xfe,
0xff, 0xfe, 0xfe, 0xfe, 0xff, 0xfe, 0xfe, 0xfe, 0xff, 0xfe, 0xfe, 0xfe, 0xff, 0xfe, 0xfe,
0xfe, 0xff, 0xfe, 0xfe, 0xfe, 0xff, 0xfe, 0xfe, 0xfe, 0xff, 0xfe, 0xfe, 0xfe, 0xff, 0xfe,
0xfe, 0xfe, 0xff, 0xfe, 0xfe, 0xfe, 0xff, 0xfe, 0xfe, 0xfe, 0xff, 0xfe, 0xfe, 0xfe, 0xff,
0xfe, 0xfe, 0xfe, 0xff, 0xff, 0xff, 0xfe, 0xff, 0xd8, 0xcc, 0xff, 0xff, 0x62, 0x2e, 0xff,
0xff, 0x65, 0x31, 0xff, 0xff, 0x66, 0x33, 0xff, 0xff, 0x66, 0x33, 0xff, 0xff, 0x66, 0x33,
0xff, 0xff, 0x63, 0x2e, 0xff, 0xff, 0x69, 0x37, 0xff, 0xff, 0xe6, 0xde, 0xfe, 0xff, 0xff,
0xff, 0xfe, 0xff, 0xfe, 0xfe, 0xfe, 0xff, 0xfe, 0xfe, 0xfe, 0xff, 0xfe, 0xfe, 0xfe, 0xff,
0xfe, 0xfe, 0xfe, 0xff, 0xfe, 0xfe, 0xfe, 0xff, 0xfe, 0xfe, 0xfe, 0xff, 0xff, 0xff, 0xfe,
0xff, 0xae, 0x93, 0xff, 0xff, 0x5d, 0x27, 0xff, 0xff, 0x66, 0x33, 0xff, 0xff, 0x66, 0x33,
0xff, 0xff, 0x66, 0x33, 0xff, 0xff, 0x66, 0x33, 0xff, 0xff, 0x66, 0x33, 0xff, 0xff, 0x66,
0x33, 0xff, 0xff, 0x66, 0x33, 0xff, 0xff, 0x66, 0x33, 0xff, 0xff, 0x66, 0x33, 0xff, 0xff,
0x66, 0x33, 0xff, 0xff, 0x66, 0x33, 0xff, 0xff, 0x66, 0x33, 0xff, 0xff, 0x66, 0x33, 0xff,
0xff, 0x66, 0x33, 0xff, 0xff, 0x66, 0x33, 0xff, 0xff, 0x66, 0x33, 0xff, 0xff, 0x66, 0x33,
0xff, 0xff, 0x66, 0x33, 0xff, 0xff, 0x66, 0x33, 0xff, 0xff, 0x66, 0x33, 0xff, 0xff, 0x63,
0x30, 0xfc, 0xc3, 0xff, 0xff, 0xff, 0x00, 0xff, 0xff, 0xff, 0x00, 0xff, 0xff, 0xff, 0x00,
0xff, 0xff, 0xff, 0x00, 0xff, 0xff, 0xff, 0x00, 0xff, 0xff, 0xff, 0x00, 0xff, 0xff, 0xff,
0x00, 0xff, 0xff, 0xff, 0x00, 0xff, 0xff, 0xff, 0x00, 0xff, 0xff, 0xff, 0x00, 0xff, 0xff,
0xff, 0x00, 0xff, 0xff, 0xff, 0x00, 0xff, 0xff, 0xff, 0x00, 0xff, 0xff, 0xff, 0x00, 0xff,
0xff, 0xff, 0x00, 0xff, 0xff, 0xff, 0x00, 0xff, 0xff, 0xff, 0x00, 0x66, 0x33, 0xfe, 0xb2,
0x66, 0x33, 0xff, 0xff, 0x66, 0x33, 0xff, 0xff, 0x66, 0x33, 0xff, 0xff, 0x66, 0x33, 0xff,
0xff, 0x66, 0x33, 0xff, 0xff, 0x66, 0x33, 0xff, 0xff, 0x66, 0x33, 0xff, 0xff, 0x66, 0x33,
0xff, 0xff, 0x66, 0x33, 0xff, 0xff, 0x66, 0x33, 0xff, 0xff, 0x66, 0x33, 0xff, 0xff, 0x66,
0x33, 0xff, 0xff, 0x66, 0x33, 0xff, 0xff, 0x66, 0x33, 0xff, 0xff, 0x66, 0x33, 0xff, 0xff,
0x66, 0x33, 0xff, 0xff, 0x66, 0x33, 0xff, 0xff, 0x66, 0x33, 0xff, 0xff, 0x66, 0x33, 0xff,
0xff, 0x66, 0x33, 0xff, 0xff, 0x65, 0x32, 0xff, 0xff, 0x5f, 0x2a, 0xff, 0xff, 0xc4, 0xb1,
0xff, 0xff, 0xff, 0xff, 0xfe, 0xff, 0xfe, 0xfe, 0xfe, 0xff, 0xfe, 0xfe, 0xfe, 0xff, 0xfe,
0xfe, 0xfe, 0xff, 0xfe, 0xfe, 0xfe, 0xff, 0xfe, 0xfe, 0xfe, 0xff, 0xfe, 0xfe, 0xfe, 0xff,
0xff, 0xff, 0xfe, 0xff, 0xdc, 0xd0, 0xff, 0xff, 0x64, 0x30, 0xff, 0xff, 0x64, 0x30, 0xff,
0xff, 0x66, 0x33, 0xff, 0xff, 0x66, 0x33, 0xff, 0xff, 0x66, 0x33, 0xff, 0xff, 0x62, 0x2e,
0xff, 0xff, 0x6d, 0x3c, 0xff, 0xff, 0xe7, 0xdf, 0xfe, 0xff, 0xff, 0xff, 0xfe, 0xff, 0xfe,
0xfe, 0xfe, 0xff, 0xfe, 0xfe, 0xfe, 0xff, 0xfe, 0xfe, 0xfe, 0xff, 0xfe, 0xfe, 0xfe, 0xff,
0xfe, 0xfe, 0xfe, 0xff, 0xfe, 0xfe, 0xfe, 0xff, 0xfe, 0xfe, 0xfe, 0xff, 0xfe, 0xfe, 0xfe,
0xff, 0xfe, 0xfe, 0xfe, 0xff, 0xfe, 0xfe, 0xfe, 0xff, 0xfe, 0xfe, 0xfe, 0xff, 0xfe, 0xfe,
0xfe, 0xff, 0xfe, 0xfe, 0xfe, 0xff, 0xfe, 0xfe, 0xfe, 0xff, 0xfe, 0xfe, 0xfe, 0xff, 0xfe,
0xfe, 0xfe, 0xff, 0xfe, 0xfe, 0xfe, 0xff, 0xfe, 0xfe, 0xfe, 0xff, 0xfe, 0xfe, 0xfe, 0xff,
0xfe, 0xfe, 0xfe, 0xff, 0xfe, 0xfe, 0xfe, 0xff, 0xfe, 0xfe, 0xfe, 0xff, 0xfe, 0xfe, 0xfe,
0xff, 0xfe, 0xfe, 0xfe, 0xff, 0xfe, 0xfe, 0xfe, 0xff, 0xfe, 0xfe, 0xfe, 0xff, 0xfe, 0xfe,
0xfe, 0xff, 0xff, 0xff, 0xfe, 0xff, 0xf3, 0xee, 0xfe, 0xff, 0x77, 0x49, 0xff, 0xff, 0x61,
0x2c, 0xff, 0xff, 0x66, 0x33, 0xff, 0xff, 0x66, 0x33, 0xff, 0xff, 0x66, 0x33, 0xff, 0xff,
0x65, 0x32, 0xff, 0xff, 0x5f, 0x2a, 0xff, 0xff, 0xc3, 0xb0, 0xff, 0xff, 0xff, 0xff, 0xfe,
0xff, 0xfe, 0xfe, 0xfe, 0xff, 0xfe, 0xfe, 0xfe, 0xff, 0xfe, 0xfe, 0xfe, 0xff, 0xfe, 0xfe,
0xfe, 0xff, 0xfe, 0xfe, 0xfe, 0xff, 0xfe, 0xfe, 0xfe, 0xff, 0xff, 0xff, 0xfe, 0xff, 0xd9,
0xcd, 0xff, 0xff, 0x63, 0x2e, 0xff, 0xff, 0x64, 0x31, 0xff, 0xff, 0x66, 0x33, 0xff, 0xff,
0x66, 0x33, 0xff, 0xff, 0x66, 0x33, 0xff, 0xff, 0x66, 0x33, 0xff, 0xff, 0x66, 0x33, 0xff,
0xff, 0x66, 0x33, 0xff, 0xff, 0x66, 0x33, 0xff, 0xff, 0x66, 0x33, 0xff, 0xff, 0x66, 0x33,
0xff, 0xff, 0x66, 0x33, 0xff, 0xff, 0x66, 0x33, 0xff, 0xff, 0x66, 0x33, 0xff, 0xff, 0x66,
0x33, 0xff, 0xff, 0x66, 0x33, 0xff, 0xff, 0x66, 0x33, 0xff, 0xff, 0x66, 0x33, 0xff, 0xff,
0x66, 0x33, 0xff, 0xff, 0x66, 0x33, 0xff, 0xff, 0x66, 0x33, 0xff, 0xff, 0x66, 0x33, 0xff,
0xff, 0x63, 0x30, 0xfc, 0xad, 0xff, 0xff, 0xff, 0x00, 0xff, 0xff, 0xff, 0x00, 0xff, 0xff,
0xff, 0x00, 0xff, 0xff, 0xff, 0x00, 0xff, 0xff, 0xff, 0x00, 0xff, 0xff, 0xff, 0x00, 0xff,
0xff, 0xff, 0x00, 0xff, 0xff, 0xff, 0x00, 0xff, 0xff, 0xff, 0x00, 0xff, 0xff, 0xff, 0x00,
0xff, 0xff, 0xff, 0x00, 0xff, 0xff, 0xff, 0x00, 0xff, 0xff, 0xff, 0x00, 0xff, 0xff, 0xff,
0x00, 0xff, 0xff, 0xff, 0x00, 0xff, 0xff, 0xff, 0x00, 0xff, 0xff, 0xff, 0x00, 0x68, 0x34,
0xff, 0x9d, 0x66, 0x33, 0xff, 0xff, 0x66, 0x33, 0xff, 0xff, 0x66, 0x33, 0xff, 0xff, 0x66,
0x33, 0xff, 0xff, 0x66, 0x33, 0xff, 0xff, 0x66, 0x33, 0xff, 0xff, 0x66, 0x33, 0xff, 0xff,
0x66, 0x33, 0xff, 0xff, 0x66, 0x33, 0xff, 0xff, 0x66, 0x33, 0xff, 0xff, 0x66, 0x33, 0xff,
0xff, 0x66, 0x33, 0xff, 0xff, 0x66, 0x33, 0xff, 0xff, 0x66, 0x33, 0xff, 0xff, 0x66, 0x33,
0xff, 0xff, 0x66, 0x33, 0xff, 0xff, 0x66, 0x33, 0xff, 0xff, 0x66, 0x33, 0xff, 0xff, 0x66,
0x33, 0xff, 0xff, 0x66, 0x33, 0xff, 0xff, 0x66, 0x33, 0xff, 0xff, 0x62, 0x2e, 0xff, 0xff,
0x6d, 0x3d, 0xff, 0xff, 0xe8, 0xe1, 0xfe, 0xff, 0xff, 0xff, 0xfe, 0xff, 0xfe, 0xfe, 0xfe,
0xff, 0xfe, 0xfe, 0xfe, 0xff, 0xfe, 0xfe, 0xfe, 0xff, 0xfe, 0xfe, 0xfe, 0xff, 0xfe, 0xfe,
0xfe, 0xff, 0xfe, 0xfe, 0xfe, 0xff, 0xff, 0xff, 0xfe, 0xff, 0xb6, 0x9e, 0xff, 0xff, 0x5c,
0x26, 0xff, 0xff, 0x66, 0x33, 0xff, 0xff, 0x66, 0x33, 0xff, 0xff, 0x66, 0x33, 0xff, 0xff,
0x66, 0x33, 0xff, 0xff, 0x5f, 0x2a, 0xff, 0xff, 0x80, 0x56, 0xff, 0xff, 0xf7, 0xf5, 0xfe,
0xff, 0xff, 0xff, 0xfe, 0xff, 0xfe, 0xfe, 0xfe, 0xff, 0xfe, 0xfe, 0xfe, 0xff, 0xfe, 0xfe,
0xfe, 0xff, 0xfe, 0xfe, 0xfe, 0xff, 0xfe, 0xfe, 0xfe, 0xff, 0xfe, 0xfe, 0xfe, 0xff, 0xfe,
0xfe, 0xfe, 0xff, 0xfe, 0xfe, 0xfe, 0xff, 0xfe, 0xfe, 0xfe, 0xff, 0xfe, 0xfe, 0xfe, 0xff,
0xfe, 0xfe, 0xfe, 0xff, 0xfe, 0xfe, 0xfe, 0xff, 0xfe, 0xfe, 0xfe, 0xff, 0xfe, 0xfe, 0xfe,
0xff, 0xfe, 0xfe, 0xfe, 0xff, 0xfe, 0xfe, 0xfe, 0xff, 0xfe, 0xfe, 0xfe, 0xff, 0xfe, 0xfe,
0xfe, 0xff, 0xfe, 0xfe, 0xfe, 0xff, 0xfe, 0xfe, 0xfe, 0xff, 0xfe, 0xfe, 0xfe, 0xff, 0xfe,
0xfe, 0xfe, 0xff, 0xfe, 0xfe, 0xfe, 0xff, 0xfe, 0xfe, 0xfe, 0xff, 0xfe, 0xfe, 0xfe, 0xff,
0xff, 0xff, 0xfe, 0xff, 0xfe, 0xfe, 0xfe, 0xff, 0x94, 0x70, 0xff, 0xff, 0x5d, 0x27, 0xff,
0xff, 0x66, 0x33, 0xff, 0xff, 0x66, 0x33, 0xff, 0xff, 0x66, 0x33, 0xff, 0xff, 0x66, 0x33,
0xff, 0xff, 0x5d, 0x27, 0xff, 0xff, 0x9e, 0x7e, 0xff, 0xff, 0xff, 0xff, 0xfe, 0xff, 0xff,
0xff, 0xfe, 0xff, 0xfe, 0xfe, 0xfe, 0xff, 0xfe, 0xfe, 0xfe, 0xff, 0xfe, 0xfe, 0xfe, 0xff,
0xfe, 0xfe, 0xfe, 0xff, 0xfe, 0xfe, 0xfe, 0xff, 0xff, 0xff, 0xfe, 0xff, 0xf4, 0xf0, 0xfe,
0xff, 0x78, 0x4b, 0xff, 0xff, 0x61, 0x2c, 0xff, 0xff, 0x66, 0x33, 0xff, 0xff, 0x66, 0x33,
0xff, 0xff, 0x66, 0x33, 0xff, 0xff, 0x66, 0x33, 0xff, 0xff, 0x66, 0x33, 0xff, 0xff, 0x66,
0x33, 0xff, 0xff, 0x66, 0x33, 0xff, 0xff, 0x66, 0x33, 0xff, 0xff, 0x66, 0x33, 0xff, 0xff,
0x66, 0x33, 0xff, 0xff, 0x66, 0x33, 0xff, 0xff, 0x66, 0x33, 0xff, 0xff, 0x66, 0x33, 0xff,
0xff, 0x66, 0x33, 0xff, 0xff, 0x66, 0x33, 0xff, 0xff, 0x66, 0x33, 0xff, 0xff, 0x66, 0x33,
0xff, 0xff, 0x66, 0x33, 0xff, 0xff, 0x66, 0x33, 0xff, 0xff, 0x66, 0x33, 0xff, 0xff, 0x66,
0x33, 0xff, 0xff, 0x67, 0x34, 0xff, 0x88, 0xff, 0xff, 0xff, 0x00, 0xff, 0xff, 0xff, 0x00,
0xff, 0xff, 0xff, 0x00, 0xff, 0xff, 0xff, 0x00, 0xff, 0xff, 0xff, 0x00, 0xff, 0xff, 0xff,
0x00, 0xff, 0xff, 0xff, 0x00, 0xff, 0xff, 0xff, 0x00, 0xff, 0xff, 0xff, 0x00, 0xff, 0xff,
0xff, 0x00, 0xff, 0xff, 0xff, 0x00, 0xff, 0xff, 0xff, 0x00, 0xff, 0xff, 0xff, 0x00, 0xff,
0xff, 0xff, 0x00, 0xff, 0xff, 0xff, 0x00, 0xff, 0xff, 0xff, 0x00, 0xff, 0xff, 0xff, 0x00,
0x55, 0x2a, 0xd3, 0x81, 0x68, 0x34, 0xff, 0xff, 0x66, 0x33, 0xff, 0xff, 0x66, 0x33, 0xff,
0xff, 0x66, 0x33, 0xff, 0xff, 0x66, 0x33, 0xff, 0xff, 0x66, 0x33, 0xff, 0xff, 0x66, 0x33,
0xff, 0xff, 0x66, 0x33, 0xff, 0xff, 0x66, 0x33, 0xff, 0xff, 0x66, 0x33, 0xff, 0xff, 0x66,
0x33, 0xff, 0xff, 0x66, 0x33, 0xff, 0xff, 0x66, 0x33, 0xff, 0xff, 0x66, 0x33, 0xff, 0xff,
0x66, 0x33, 0xff, 0xff, 0x66, 0x33, 0xff, 0xff, 0x66, 0x33, 0xff, 0xff, 0x66, 0x33, 0xff,
0xff, 0x66, 0x33, 0xff, 0xff, 0x66, 0x33, 0xff, 0xff, 0x66, 0x33, 0xff, 0xff, 0x66, 0x33,
0xff, 0xff, 0x5f, 0x29, 0xff, 0xff, 0x84, 0x5b, 0xff, 0xff, 0xfb, 0xfa, 0xfe, 0xff, 0xff,
0xff, 0xfe, 0xff, 0xfe, 0xfe, 0xfe, 0xff, 0xfe, 0xfe, 0xfe, 0xff, 0xfe, 0xfe, 0xfe, 0xff,
0xfe, 0xfe, 0xfe, 0xff, 0xfe, 0xfe, 0xfe, 0xff, 0xff, 0xff, 0xfe, 0xff, 0xfe, 0xfe, 0xfe,
0xff, 0x95, 0x72, 0xff, 0xff, 0x5d, 0x27, 0xff, 0xff, 0x66, 0x33, 0xff, 0xff, 0x66, 0x33,
0xff, 0xff, 0x66, 0x33, 0xff, 0xff, 0x66, 0x33, 0xff, 0xff, 0x5d, 0x28, 0xff, 0xff, 0x95,
0x72, 0xff, 0xff, 0xff, 0xff, 0xfe, 0xff, 0xff, 0xff, 0xfe, 0xff, 0xfe, 0xfe, 0xfe, 0xff,
0xfe, 0xfe, 0xfe, 0xff, 0xfe, 0xfe, 0xfe, 0xff, 0xfe, 0xfe, 0xfe, 0xff, 0xfe, 0xfe, 0xfe,
0xff, 0xfe, 0xfe, 0xfe, 0xff, 0xfe, 0xfe, 0xfe, 0xff, 0xfe, 0xfe, 0xfe, 0xff, 0xfe, 0xfe,
0xfe, 0xff, 0xfe, 0xfe, 0xfe, 0xff, 0xfe, 0xfe, 0xfe, 0xff, 0xfe, 0xfe, 0xfe, 0xff, 0xfe,
0xfe, 0xfe, 0xff, 0xfe, 0xfe, 0xfe, 0xff, 0xfe, 0xfe, 0xfe, 0xff, 0xfe, 0xfe, 0xfe, 0xff,
0xfe, 0xfe, 0xfe, 0xff, 0xfe, 0xfe, 0xfe, 0xff, 0xfe, 0xfe, 0xfe, 0xff, 0xfe, 0xfe, 0xfe,
0xff, 0xfe, 0xfe, 0xfe, 0xff, 0xfe, 0xfe, 0xfe, 0xff, 0xfe, 0xfe, 0xfe, 0xff, 0xff, 0xff,
0xfe, 0xff, 0xff, 0xff, 0xfe, 0xff, 0xad, 0x93, 0xff, 0xff, 0x5c, 0x26, 0xff, 0xff, 0x66,
0x33, 0xff, 0xff, 0x66, 0x33, 0xff, 0xff, 0x66, 0x33, 0xff, 0xff, 0x66, 0x33, 0xff, 0xff,
0x5e, 0x29, 0xff, 0xff, 0x84, 0x5b, 0xff, 0xff, 0xfa, 0xf8, 0xfe, 0xff, 0xff, 0xff, 0xfe,
0xff, 0xfe, 0xfe, 0xfe, 0xff, 0xfe, 0xfe, 0xfe, 0xff, 0xfe, 0xfe, 0xfe, 0xff, 0xfe, 0xfe,
0xfe, 0xff, 0xfe, 0xfe, 0xfe, 0xff, 0xff, 0xff, 0xfe, 0xff, 0xff, 0xff, 0xfe, 0xff, 0x9a,
0x79, 0xff, 0xff, 0x5d, 0x27, 0xff, 0xff, 0x66, 0x33, 0xff, 0xff, 0x66, 0x33, 0xff, 0xff,
0x66, 0x33, 0xff, 0xff, 0x66, 0x33, 0xff, 0xff, 0x66, 0x33, 0xff, 0xff, 0x66, 0x33, 0xff,
0xff, 0x66, 0x33, 0xff, 0xff, 0x66, 0x33, 0xff, 0xff, 0x66, 0x33, 0xff, 0xff, 0x66, 0x33,
0xff, 0xff, 0x66, 0x33, 0xff, 0xff, 0x66, 0x33, 0xff, 0xff, 0x66, 0x33, 0xff, 0xff, 0x66,
0x33, 0xff, 0xff, 0x66, 0x33, 0xff, 0xff, 0x66, 0x33, 0xff, 0xff, 0x66, 0x33, 0xff, 0xff,
0x66, 0x33, 0xff, 0xff, 0x66, 0x33, 0xff, 0xff, 0x66, 0x33, 0xff, 0xff, 0x66, 0x33, 0xff,
0xff, 0x67, 0x33, 0xff, 0xff, 0x5b, 0x2d, 0xe4, 0x5e, 0xff, 0xff, 0xff, 0x00, 0xff, 0xff,
0xff, 0x00, 0xff, 0xff, 0xff, 0x00, 0xff, 0xff, 0xff, 0x00, 0xff, 0xff, 0xff, 0x00, 0xff,
0xff, 0xff, 0x00, 0xff, 0xff, 0xff, 0x00, 0xff, 0xff, 0xff, 0x00, 0xff, 0xff, 0xff, 0x00,
0xff, 0xff, 0xff, 0x00, 0xff, 0xff, 0xff, 0x00, 0xff, 0xff, 0xff, 0x00, 0xff, 0xff, 0xff,
0x00, 0xff, 0xff, 0xff, 0x00, 0xff, 0xff, 0xff, 0x00, 0xff, 0xff, 0xff, 0x00, 0xff, 0xff,
0xff, 0x00, 0x61, 0x31, 0xf1, 0x5f, 0x67, 0x33, 0xff, 0xff, 0x66, 0x33, 0xff, 0xff, 0x66,
0x33, 0xff, 0xff, 0x66, 0x33, 0xff, 0xff, 0x66, 0x33, 0xff, 0xff, 0x66, 0x33, 0xff, 0xff,
0x66, 0x33, 0xff, 0xff, 0x66, 0x33, 0xff, 0xff, 0x66, 0x33, 0xff, 0xff, 0x66, 0x33, 0xff,
0xff, 0x66, 0x33, 0xff, 0xff, 0x66, 0x33, 0xff, 0xff, 0x66, 0x33, 0xff, 0xff, 0x66, 0x33,
0xff, 0xff, 0x66, 0x33, 0xff, 0xff, 0x66, 0x33, 0xff, 0xff, 0x66, 0x33, 0xff, 0xff, 0x66,
0x33, 0xff, 0xff, 0x66, 0x33, 0xff, 0xff, 0x66, 0x33, 0xff, 0xff, 0x66, 0x33, 0xff, 0xff,
0x66, 0x33, 0xff, 0xff, 0x66, 0x33, 0xff, 0xff, 0x5d, 0x27, 0xff, 0xff, 0xa3, 0x85, 0xff,
0xff, 0xff, 0xff, 0xfe, 0xff, 0xfe, 0xff, 0xfe, 0xff, 0xfe, 0xfe, 0xfe, 0xff, 0xfe, 0xfe,
0xfe, 0xff, 0xfe, 0xfe, 0xfe, 0xff, 0xfe, 0xfe, 0xfe, 0xff, 0xfe, 0xfe, 0xfe, 0xff, 0xff,
0xff, 0xfe, 0xff, 0xf5, 0xf1, 0xfe, 0xff, 0x7f, 0x54, 0xff, 0xff, 0x5f, 0x2a, 0xff, 0xff,
0x66, 0x33, 0xff, 0xff, 0x66, 0x33, 0xff, 0xff, 0x66, 0x33, 0xff, 0xff, 0x66, 0x33, 0xff,
0xff, 0x5d, 0x27, 0xff, 0xff, 0xa8, 0x8b, 0xff, 0xff, 0xff, 0xff, 0xfe, 0xff, 0xff, 0xff,
0xfe, 0xff, 0xfe, 0xfe, 0xfe, 0xff, 0xfe, 0xfe, 0xfe, 0xff, 0xfe, 0xfe, 0xfe, 0xff, 0xfe,
0xfe, 0xfe, 0xff, 0xfe, 0xfe, 0xfe, 0xff, 0xfe, 0xfe, 0xfe, 0xff, 0xfe, 0xfe, 0xfe, 0xff,
0xfe, 0xfe, 0xfe, 0xff, 0xfe, 0xfe, 0xfe, 0xff, 0xfe, 0xfe, 0xfe, 0xff, 0xfe, 0xfe, 0xfe,
0xff, 0xfe, 0xfe, 0xfe, 0xff, 0xfe, 0xfe, 0xfe, 0xff, 0xfe, 0xfe, 0xfe, 0xff, 0xfe, 0xfe,
0xfe, 0xff, 0xfe, 0xfe, 0xfe, 0xff, 0xfe, 0xfe, 0xfe, 0xff, 0xfe, 0xfe, 0xfe, 0xff, 0xfe,
0xfe, 0xfe, 0xff, 0xfe, 0xfe, 0xfe, 0xff, 0xfe, 0xfe, 0xfe, 0xff, 0xff, 0xff, 0xfe, 0xff,
0xff, 0xff, 0xfe, 0xff, 0xbf, 0xaa, 0xff, 0xff, 0x5e, 0x29, 0xff, 0xff, 0x65, 0x31, 0xff,
0xff, 0x66, 0x33, 0xff, 0xff, 0x66, 0x33, 0xff, 0xff, 0x66, 0x33, 0xff, 0xff, 0x60, 0x2c,
0xff, 0xff, 0x72, 0x43, 0xff, 0xff, 0xeb, 0xe4, 0xfe, 0xff, 0xff, 0xff, 0xfe, 0xff, 0xfe,
0xfe, 0xfe, 0xff, 0xfe, 0xfe, 0xfe, 0xff, 0xfe, 0xfe, 0xfe, 0xff, 0xfe, 0xfe, 0xfe, 0xff,
0xfe, 0xfe, 0xfe, 0xff, 0xfe, 0xfe, 0xfe, 0xff, 0xff, 0xff, 0xfe, 0xff, 0xbc, 0xa6, 0xff,
0xff, 0x5d, 0x27, 0xff, 0xff, 0x66, 0x32, 0xff, 0xff, 0x66, 0x33, 0xff, 0xff, 0x66, 0x33,
0xff, 0xff, 0x66, 0x33, 0xff, 0xff, 0x66, 0x33, 0xff, 0xff, 0x66, 0x33, 0xff, 0xff, 0x66,
0x33, 0xff, 0xff, 0x66, 0x33, 0xff, 0xff, 0x66, 0x33, 0xff, 0xff, 0x66, 0x33, 0xff, 0xff,
0x66, 0x33, 0xff, 0xff, 0x66, 0x33, 0xff, 0xff, 0x66, 0x33, 0xff, 0xff, 0x66, 0x33, 0xff,
0xff, 0x66, 0x33, 0xff, 0xff, 0x66, 0x33, 0xff, 0xff, 0x66, 0x33, 0xff, 0xff, 0x66, 0x33,
0xff, 0xff, 0x66, 0x33, 0xff, 0xff, 0x66, 0x33, 0xff, 0xff, 0x66, 0x33, 0xff, 0xff, 0x66,
0x33, 0xff, 0xff, 0x68, 0x34, 0xff, 0xfd, 0x45, 0x23, 0xab, 0x32, 0xff, 0xff, 0xff, 0x00,
0xff, 0xff, 0xff, 0x00, 0xff, 0xff, 0xff, 0x00, 0xff, 0xff, 0xff, 0x00, 0xff, 0xff, 0xff,
0x00, 0xff, 0xff, 0xff, 0x00, 0xff, 0xff, 0xff, 0x00, 0xff, 0xff, 0xff, 0x00, 0xff, 0xff,
0xff, 0x00, 0xff, 0xff, 0xff, 0x00, 0xff, 0xff, 0xff, 0x00, 0xff, 0xff, 0xff, 0x00, 0xff,
0xff, 0xff, 0x00, 0xff, 0xff, 0xff, 0x00, 0xff, 0xff, 0xff, 0x00, 0xff, 0xff, 0xff, 0x00,
0xff, 0xff, 0xff, 0x00, 0x63, 0x32, 0xf8, 0x3e, 0x66, 0x33, 0xff, 0xff, 0x66, 0x33, 0xff,
0xff, 0x66, 0x33, 0xff, 0xff, 0x66, 0x33, 0xff, 0xff, 0x66, 0x33, 0xff, 0xff, 0x66, 0x33,
0xff, 0xff, 0x66, 0x33, 0xff, 0xff, 0x66, 0x33, 0xff, 0xff, 0x66, 0x33, 0xff, 0xff, 0x66,
0x33, 0xff, 0xff, 0x66, 0x33, 0xff, 0xff, 0x66, 0x33, 0xff, 0xff, 0x66, 0x33, 0xff, 0xff,
0x66, 0x33, 0xff, 0xff, 0x66, 0x33, 0xff, 0xff, 0x66, 0x33, 0xff, 0xff, 0x66, 0x33, 0xff,
0xff, 0x66, 0x33, 0xff, 0xff, 0x66, 0x33, 0xff, 0xff, 0x66, 0x33, 0xff, 0xff, 0x66, 0x33,
0xff, 0xff, 0x66, 0x33, 0xff, 0xff, 0x66, 0x33, 0xff, 0xff, 0x65, 0x31, 0xff, 0xff, 0x5f,
0x2a, 0xff, 0xff, 0xc2, 0xae, 0xff, 0xff, 0xff, 0xff, 0xfe, 0xff, 0xfe, 0xfe, 0xfe, 0xff,
0xfe, 0xfe, 0xfe, 0xff, 0xfe, 0xfe, 0xfe, 0xff, 0xfe, 0xfe, 0xfe, 0xff, 0xfe, 0xfe, 0xfe,
0xff, 0xfe, 0xfe, 0xfe, 0xff, 0xff, 0xff, 0xfe, 0xff, 0xe9, 0xe1, 0xfe, 0xff, 0x71, 0x42,
0xff, 0xff, 0x61, 0x2c, 0xff, 0xff, 0x66, 0x33, 0xff, 0xff, 0x66, 0x33, 0xff, 0xff, 0x66,
0x33, 0xff, 0xff, 0x65, 0x32, 0xff, 0xff, 0x5e, 0x28, 0xff, 0xff, 0xb4, 0x9b, 0xff, 0xff,
0xff, 0xff, 0xfe, 0xff, 0xff, 0xff, 0xfe, 0xff, 0xfe, 0xfe, 0xfe, 0xff, 0xfe, 0xfe, 0xfe,
0xff, 0xfe, 0xfe, 0xfe, 0xff, 0xfe, 0xfe, 0xfe, 0xff, 0xfe, 0xfe, 0xfe, 0xff, 0xfe, 0xfe,
0xfe, 0xff, 0xfe, 0xfe, 0xfe, 0xff, 0xfe, 0xfe, 0xfe, 0xff, 0xfe, 0xfe, 0xfe, 0xff, 0xfe,
0xfe, 0xfe, 0xff, 0xfe, 0xfe, 0xfe, 0xff, 0xfe, 0xfe, 0xfe, 0xff, 0xfe, 0xfe, 0xfe, 0xff,
0xfe, 0xfe, 0xfe, 0xff, 0xfe, 0xfe, 0xfe, 0xff, 0xfe, 0xfe, 0xfe, 0xff, 0xfe, 0xfe, 0xfe,
0xff, 0xfe, 0xfe, 0xfe, 0xff, 0xfe, 0xfe, 0xfe, 0xff, 0xff, 0xff, 0xfe, 0xff, 0xff, 0xff,
0xfe, 0xff, 0xc9, 0xb7, 0xff, 0xff, 0x62, 0x2d, 0xff, 0xff, 0x64, 0x30, 0xff, 0xff, 0x66,
0x33, 0xff, 0xff, 0x66, 0x33, 0xff, 0xff, 0x66, 0x33, 0xff, 0xff, 0x62, 0x2e, 0xff, 0xff,
0x67, 0x34, 0xff, 0xff, 0xd9, 0xcd, 0xff, 0xff, 0xff, 0xff, 0xfe, 0xff, 0xfe, 0xfe, 0xfe,
0xff, 0xfe, 0xfe, 0xfe, 0xff, 0xfe, 0xfe, 0xfe, 0xff, 0xfe, 0xfe, 0xfe, 0xff, 0xfe, 0xfe,
0xfe, 0xff, 0xfe, 0xfe, 0xfe, 0xff, 0xff, 0xff, 0xfe, 0xff, 0xd6, 0xc8, 0xff, 0xff, 0x63,
0x2f, 0xff, 0xff, 0x64, 0x30, 0xff, 0xff, 0x66, 0x33, 0xff, 0xff, 0x66, 0x33, 0xff, 0xff,
0x66, 0x33, 0xff, 0xff, 0x66, 0x33, 0xff, 0xff, 0x66, 0x33, 0xff, 0xff, 0x66, 0x33, 0xff,
0xff, 0x66, 0x33, 0xff, 0xff, 0x66, 0x33, 0xff, 0xff, 0x66, 0x33, 0xff, 0xff, 0x66, 0x33,
0xff, 0xff, 0x66, 0x33, 0xff, 0xff, 0x66, 0x33, 0xff, 0xff, 0x66, 0x33, 0xff, 0xff, 0x66,
0x33, 0xff, 0xff, 0x66, 0x33, 0xff, 0xff, 0x66, 0x33, 0xff, 0xff, 0x66, 0x33, 0xff, 0xff,
0x66, 0x33, 0xff, 0xff, 0x66, 0x33, 0xff, 0xff, 0x66, 0x33, 0xff, 0xff, 0x66, 0x33, 0xff,
0xff, 0x66, 0x33, 0xff, 0xff, 0x65, 0x31, 0xfc, 0xea, 0x61, 0x1e, 0xe0, 0x11, 0xff, 0xff,
0xff, 0x00, 0xff, 0xff, 0xff, 0x00, 0xff, 0xff, 0xff, 0x00, 0xff, 0xff, 0xff, 0x00, 0xff,
0xff, 0xff, 0x00, 0xff, 0xff, 0xff, 0x00, 0xff, 0xff, 0xff, 0x00, 0xff, 0xff, 0xff, 0x00,
0xff, 0xff, 0xff, 0x00, 0xff, 0xff, 0xff, 0x00, 0xff, 0xff, 0xff, 0x00, 0xff, 0xff, 0xff,
0x00, 0xff, 0xff, 0xff, 0x00, 0xff, 0xff, 0xff, 0x00, 0xff, 0xff, 0xff, 0x00, 0xff, 0xff,
0xff, 0x00, 0xff, 0xff, 0xff, 0x00, 0x66, 0x33, 0xfd, 0x2a, 0x66, 0x33, 0xff, 0xfc, 0x66,
0x33, 0xff, 0xff, 0x66, 0x33, 0xff, 0xff, 0x66, 0x33, 0xff, 0xff, 0x66, 0x33, 0xff, 0xff,
0x66, 0x33, 0xff, 0xff, 0x66, 0x33, 0xff, 0xff, 0x66, 0x33, 0xff, 0xff, 0x66, 0x33, 0xff,
0xff, 0x66, 0x33, 0xff, 0xff, 0x66, 0x33, 0xff, 0xff, 0x66, 0x33, 0xff, 0xff, 0x66, 0x33,
0xff, 0xff, 0x66, 0x33, 0xff, 0xff, 0x66, 0x33, 0xff, 0xff, 0x66, 0x33, 0xff, 0xff, 0x66,
0x33, 0xff, 0xff, 0x66, 0x33, 0xff, 0xff, 0x66, 0x33, 0xff, 0xff, 0x66, 0x33, 0xff, 0xff,
0x66, 0x33, 0xff, 0xff, 0x66, 0x33, 0xff, 0xff, 0x66, 0x33, 0xff, 0xff, 0x66, 0x33, 0xff,
0xff, 0x63, 0x2f, 0xff, 0xff, 0x67, 0x34, 0xff, 0xff, 0xda, 0xcd, 0xff, 0xff, 0xff, 0xff,
0xfe, 0xff, 0xfe, 0xfe, 0xfe, 0xff, 0xfe, 0xfe, 0xfe, 0xff, 0xfe, 0xfe, 0xfe, 0xff, 0xfe,
0xfe, 0xfe, 0xff, 0xfe, 0xfe, 0xfe, 0xff, 0xfe, 0xfe, 0xfe, 0xff, 0xff, 0xff, 0xfe, 0xff,
0xdc, 0xd1, 0xff, 0xff, 0x69, 0x37, 0xff, 0xff, 0x62, 0x2e, 0xff, 0xff, 0x66, 0x33, 0xff,
0xff, 0x66, 0x33, 0xff, 0xff, 0x66, 0x33, 0xff, 0xff, 0x64, 0x31, 0xff, 0xff, 0x5f, 0x2a,
0xff, 0xff, 0xba, 0xa3, 0xff, 0xff, 0xff, 0xff, 0xfe, 0xff, 0xff, 0xff, 0xfe, 0xff, 0xfe,
0xfe, 0xfe, 0xff, 0xfe, 0xfe, 0xfe, 0xff, 0xfe, 0xfe, 0xfe, 0xff, 0xfe, 0xfe, 0xfe, 0xff,
0xfe, 0xfe, 0xfe, 0xff, 0xfe, 0xfe, 0xfe, 0xff, 0xfe, 0xfe, 0xfe, 0xff, 0xfe, 0xfe, 0xfe,
0xff, 0xfe, 0xfe, 0xfe, 0xff, 0xfe, 0xfe, 0xfe, 0xff, 0xfe, 0xfe, 0xfe, 0xff, 0xfe, 0xfe,
0xfe, 0xff, 0xfe, 0xfe, 0xfe, 0xff, 0xfe, 0xfe, 0xfe, 0xff, 0xfe, 0xfe, 0xfe, 0xff, 0xfe,
0xfe, 0xfe, 0xff, 0xfe, 0xfe, 0xfe, 0xff, 0xff, 0xff, 0xfe, 0xff, 0xff, 0xff, 0xfe, 0xff,
0xcd, 0xbd, 0xff, 0xff, 0x64, 0x30, 0xff, 0xff, 0x63, 0x2f, 0xff, 0xff, 0x66, 0x33, 0xff,
0xff, 0x66, 0x33, 0xff, 0xff, 0x66, 0x33, 0xff, 0xff, 0x63, 0x2f, 0xff, 0xff, 0x62, 0x2d,
0xff, 0xff, 0xc8, 0xb6, 0xff, 0xff, 0xff, 0xff, 0xfe, 0xff, 0xfe, 0xfe, 0xfe, 0xff, 0xfe,
0xfe, 0xfe, 0xff, 0xfe, 0xfe, 0xfe, 0xff, 0xfe, 0xfe, 0xfe, 0xff, 0xfe, 0xfe, 0xfe, 0xff,
0xfe, 0xfe, 0xfe, 0xff, 0xff, 0xff, 0xfe, 0xff, 0xe8, 0xe1, 0xfe, 0xff, 0x6f, 0x3f, 0xff,
0xff, 0x62, 0x2d, 0xff, 0xff, 0x66, 0x33, 0xff, 0xff, 0x66, 0x33, 0xff, 0xff, 0x66, 0x33,
0xff, 0xff, 0x66, 0x33, 0xff, 0xff, 0x66, 0x33, 0xff, 0xff, 0x66, 0x33, 0xff, 0xff, 0x66,
0x33, 0xff, 0xff, 0x66, 0x33, 0xff, 0xff, 0x66, 0x33, 0xff, 0xff, 0x66, 0x33, 0xff, 0xff,
0x66, 0x33, 0xff, 0xff, 0x66, 0x33, 0xff, 0xff, 0x66, 0x33, 0xff, 0xff, 0x66, 0x33, 0xff,
0xff, 0x66, 0x33, 0xff, 0xff, 0x66, 0x33, 0xff, 0xff, 0x66, 0x33, 0xff, 0xff, 0x66, 0x33,
0xff, 0xff, 0x66, 0x33, 0xff, 0xff, 0x66, 0x33, 0xff, 0xff, 0x66, 0x33, 0xff, 0xff, 0x66,
0x33, 0xff, 0xff, 0x66, 0x33, 0xff, 0xff, 0x64, 0x31, 0xfd, 0xd4, 0x59, 0x26, 0xf1, 0x03,
0xff, 0xff, 0xff, 0x00, 0xff, 0xff, 0xff, 0x00, 0xff, 0xff, 0xff, 0x00, 0xff, 0xff, 0xff,
0x00, 0xff, 0xff, 0xff, 0x00, 0xff, 0xff, 0xff, 0x00, 0xff, 0xff, 0xff, 0x00, 0xff, 0xff,
0xff, 0x00, 0xff, 0xff, 0xff, 0x00, 0xff, 0xff, 0xff, 0x00, 0xff, 0xff, 0xff, 0x00, 0xff,
0xff, 0xff, 0x00, 0xff, 0xff, 0xff, 0x00, 0xff, 0xff, 0xff, 0x00, 0xff, 0xff, 0xff, 0x00,
0xff, 0xff, 0xff, 0x00, 0xff, 0xff, 0xff, 0x00, 0x5a, 0x23, 0xe9, 0x12, 0x65, 0x32, 0xfd,
0xec, 0x66, 0x33, 0xff, 0xff, 0x66, 0x33, 0xff, 0xff, 0x66, 0x33, 0xff, 0xff, 0x66, 0x33,
0xff, 0xff, 0x66, 0x33, 0xff, 0xff, 0x66, 0x33, 0xff, 0xff, 0x66, 0x33, 0xff, 0xff, 0x66,
0x33, 0xff, 0xff, 0x66, 0x33, 0xff, 0xff, 0x66, 0x33, 0xff, 0xff, 0x66, 0x33, 0xff, 0xff,
0x66, 0x33, 0xff, 0xff, 0x66, 0x33, 0xff, 0xff, 0x66, 0x33, 0xff, 0xff, 0x66, 0x33, 0xff,
0xff, 0x66, 0x33, 0xff, 0xff, 0x66, 0x33, 0xff, 0xff, 0x66, 0x33, 0xff, 0xff, 0x66, 0x33,
0xff, 0xff, 0x66, 0x33, 0xff, 0xff, 0x66, 0x33, 0xff, 0xff, 0x66, 0x33, 0xff, 0xff, 0x66,
0x33, 0xff, 0xff, 0x66, 0x33, 0xff, 0xff, 0x61, 0x2c, 0xff, 0xff, 0x71, 0x43, 0xff, 0xff,
0xe9, 0xe2, 0xfe, 0xff, 0xff, 0xff, 0xfe, 0xff, 0xfe, 0xfe, 0xfe, 0xff, 0xfe, 0xfe, 0xfe,
0xff, 0xfe, 0xfe, 0xfe, 0xff, 0xfe, 0xfe, 0xfe, 0xff, 0xfe, 0xfe, 0xfe, 0xff, 0xfe, 0xfe,
0xfe, 0xff, 0xff, 0xff, 0xfe, 0xff, 0xd1, 0xc3, 0xff, 0xff, 0x65, 0x31, 0xff, 0xff, 0x63,
0x2e, 0xff, 0xff, 0x66, 0x33, 0xff, 0xff, 0x66, 0x33, 0xff, 0xff, 0x66, 0x33, 0xff, 0xff,
0x64, 0x30, 0xff, 0xff, 0x60, 0x2b, 0xff, 0xff, 0xbb, 0xa4, 0xff, 0xff, 0xff, 0xff, 0xfe,
0xff, 0xff, 0xff, 0xfe, 0xff, 0xfe, 0xfe, 0xfe, 0xff, 0xfe, 0xfe, 0xfe, 0xff, 0xfe, 0xfe,
0xfe, 0xff, 0xfe, 0xfe, 0xfe, 0xff, 0xfe, 0xfe, 0xfe, 0xff, 0xfe, 0xfe, 0xfe, 0xff, 0xfe,
0xfe, 0xfe, 0xff, 0xfe, 0xfe, 0xfe, 0xff, 0xfe, 0xfe, 0xfe, 0xff, 0xfe, 0xfe, 0xfe, 0xff,
0xfe, 0xfe, 0xfe, 0xff, 0xfe, 0xfe, 0xfe, 0xff, 0xfe, 0xfe, 0xfe, 0xff, 0xfe, 0xfe, 0xfe,
0xff, 0xfe, 0xfe, 0xfe, 0xff, 0xff, 0xff, 0xfe, 0xff, 0xff, 0xff, 0xfe, 0xff, 0xcd, 0xbc,
0xff, 0xff, 0x65, 0x31, 0xff, 0xff, 0x63, 0x2f, 0xff, 0xff, 0x66, 0x33, 0xff, 0xff, 0x66,
0x33, 0xff, 0xff, 0x66, 0x33, 0xff, 0xff, 0x64, 0x30, 0xff, 0xff, 0x5f, 0x2a, 0xff, 0xff,
0xbb, 0xa5, 0xff, 0xff, 0xff, 0xff, 0xfe, 0xff, 0xfe, 0xfe, 0xfe, 0xff, 0xfe, 0xfe, 0xfe,
0xff, 0xfe, 0xfe, 0xfe, 0xff, 0xfe, 0xfe, 0xfe, 0xff, 0xfe, 0xfe, 0xfe, 0xff, 0xfe, 0xfe,
0xfe, 0xff, 0xff, 0xff, 0xfe, 0xff, 0xf4, 0xf0, 0xfe, 0xff, 0x7e, 0x53, 0xff, 0xff, 0x5f,
0x2a, 0xff, 0xff, 0x66, 0x33, 0xff, 0xff, 0x66, 0x33, 0xff, 0xff, 0x66, 0x33, 0xff, 0xff,
0x66, 0x33, 0xff, 0xff, 0x66, 0x33, 0xff, 0xff, 0x66, 0x33, 0xff, 0xff, 0x66, 0x33, 0xff,
0xff, 0x66, 0x33, 0xff, 0xff, 0x66, 0x33, 0xff, 0xff, 0x66, 0x33, 0xff, 0xff, 0x66, 0x33,
0xff, 0xff, 0x66, 0x33, 0xff, 0xff, 0x66, 0x33, 0xff, 0xff, 0x66, 0x33, 0xff, 0xff, 0x66,
0x33, 0xff, 0xff, 0x66, 0x33, 0xff, 0xff, 0x66, 0x33, 0xff, 0xff, 0x66, 0x33, 0xff, 0xff,
0x66, 0x33, 0xff, 0xff, 0x66, 0x33, 0xff, 0xff, 0x66, 0x33, 0xff, 0xff, 0x66, 0x33, 0xff,
0xff, 0x66, 0x33, 0xff, 0xff, 0x66, 0x33, 0xff, 0xff, 0x66, 0x31, 0xfb, 0xb4, 0x64, 0x2a,
0xee, 0x00, 0xff, 0xff, 0xff, 0x00, 0xff, 0xff, 0xff, 0x00, 0xff, 0xff, 0xff, 0x00, 0xff,
0xff, 0xff, 0x00, 0xff, 0xff, 0xff, 0x00, 0xff, 0xff, 0xff, 0x00, 0xff, 0xff, 0xff, 0x00,
0xff, 0xff, 0xff, 0x00, 0xff, 0xff, 0xff, 0x00, 0xff, 0xff, 0xff, 0x00, 0xff, 0xff, 0xff,
0x00, 0xff, 0xff, 0xff, 0x00, 0xff, 0xff, 0xff, 0x00, 0xff, 0xff, 0xff, 0x00, 0xff, 0xff,
0xff, 0x00, 0xff, 0xff, 0xff, 0x00, 0xff, 0xff, 0xff, 0x00, 0x62, 0x2d, 0xf5, 0x00, 0x66,
0x32, 0xfd, 0xba, 0x66, 0x33, 0xff, 0xff, 0x66, 0x33, 0xff, 0xff, 0x66, 0x33, 0xff, 0xff,
0x66, 0x33, 0xff, 0xff, 0x66, 0x33, 0xff, 0xff, 0x66, 0x33, 0xff, 0xff, 0x66, 0x33, 0xff,
0xff, 0x66, 0x33, 0xff, 0xff, 0x66, 0x33, 0xff, 0xff, 0x66, 0x33, 0xff, 0xff, 0x66, 0x33,
0xff, 0xff, 0x66, 0x33, 0xff, 0xff, 0x66, 0x33, 0xff, 0xff, 0x66, 0x33, 0xff, 0xff, 0x66,
0x33, 0xff, 0xff, 0x66, 0x33, 0xff, 0xff, 0x66, 0x33, 0xff, 0xff, 0x66, 0x33, 0xff, 0xff,
0x66, 0x33, 0xff, 0xff, 0x66, 0x33, 0xff, 0xff, 0x66, 0x33, 0xff, 0xff, 0x66, 0x33, 0xff,
0xff, 0x66, 0x33, 0xff, 0xff, 0x66, 0x33, 0xff, 0xff, 0x66, 0x33, 0xff, 0xff, 0x5f, 0x2a,
0xff, 0xff, 0x7d, 0x52, 0xff, 0xff, 0xf3, 0xef, 0xfe, 0xff, 0xff, 0xff, 0xfe, 0xff, 0xfe,
0xfe, 0xfe, 0xff, 0xfe, 0xfe, 0xfe, 0xff, 0xfe, 0xfe, 0xfe, 0xff, 0xfe, 0xfe, 0xfe, 0xff,
0xfe, 0xfe, 0xfe, 0xff, 0xfe, 0xfe, 0xfe, 0xff, 0xff, 0xff, 0xfe, 0xff, 0xc9, 0xb7, 0xff,
0xff, 0x62, 0x2e, 0xff, 0xff, 0x63, 0x2f, 0xff, 0xff, 0x66, 0x33, 0xff, 0xff, 0x66, 0x33,
0xff, 0xff, 0x66, 0x33, 0xff, 0xff, 0x64, 0x30, 0xff, 0xff, 0x5f, 0x2a, 0xff, 0xff, 0xb7,
0x9f, 0xff, 0xff, 0xff, 0xff, 0xfe, 0xff, 0xff, 0xff, 0xfe, 0xff, 0xfe, 0xfe, 0xfe, 0xff,
0xfe, 0xfe, 0xfe, 0xff, 0xfe, 0xfe, 0xfe, 0xff, 0xfe, 0xfe, 0xfe, 0xff, 0xfe, 0xfe, 0xfe,
0xff, 0xfe, 0xfe, 0xfe, 0xff, 0xfe, 0xfe, 0xfe, 0xff, 0xfe, 0xfe, 0xfe, 0xff, 0xfe, 0xfe,
0xfe, 0xff, 0xfe, 0xfe, 0xfe, 0xff, 0xfe, 0xfe, 0xfe, 0xff, 0xfe, 0xfe, 0xfe, 0xff, 0xfe,
0xfe, 0xfe, 0xff, 0xff, 0xff, 0xfe, 0xff, 0xff, 0xff, 0xfe, 0xff, 0xca, 0xb9, 0xff, 0xff,
0x64, 0x30, 0xff, 0xff, 0x63, 0x2f, 0xff, 0xff, 0x66, 0x33, 0xff, 0xff, 0x66, 0x33, 0xff,
0xff, 0x66, 0x33, 0xff, 0xff, 0x64, 0x31, 0xff, 0xff, 0x5e, 0x29, 0xff, 0xff, 0xb3, 0x99,
0xff, 0xff, 0xff, 0xff, 0xfe, 0xff, 0xff, 0xff, 0xfe, 0xff, 0xfe, 0xfe, 0xfe, 0xff, 0xfe,
0xfe, 0xfe, 0xff, 0xfe, 0xfe, 0xfe, 0xff, 0xfe, 0xfe, 0xfe, 0xff, 0xfe, 0xfe, 0xfe, 0xff,
0xff, 0xff, 0xfe, 0xff, 0xfb, 0xf9, 0xfe, 0xff, 0x8f, 0x69, 0xff, 0xff, 0x5d, 0x27, 0xff,
0xff, 0x66, 0x33, 0xff, 0xff, 0x66, 0x33, 0xff, 0xff, 0x66, 0x33, 0xff, 0xff, 0x66, 0x33,
0xff, 0xff, 0x66, 0x33, 0xff, 0xff, 0x66, 0x33, 0xff, 0xff, 0x66, 0x33, 0xff, 0xff, 0x66,
0x33, 0xff, 0xff, 0x66, 0x33, 0xff, 0xff, 0x66, 0x33, 0xff, 0xff, 0x66, 0x33, 0xff, 0xff,
0x66, 0x33, 0xff, 0xff, 0x66, 0x33, 0xff, 0xff, 0x66, 0x33, 0xff, 0xff, 0x66, 0x33, 0xff,
0xff, 0x66, 0x33, 0xff, 0xff, 0x66, 0x33, 0xff, 0xff, 0x66, 0x33, 0xff, 0xff, 0x66, 0x33,
0xff, 0xff, 0x66, 0x33, 0xff, 0xff, 0x66, 0x33, 0xff, 0xff, 0x66, 0x33, 0xff, 0xff, 0x66,
0x33, 0xff, 0xff, 0x66, 0x33, 0xff, 0xff, 0x6a, 0x35, 0xff, 0xff, 0x46, 0x23, 0xb8, 0x71,
0x2a, 0x14, 0x74, 0x00, 0xff, 0xff, 0xff, 0x00, 0xff, 0xff, 0xff, 0x00, 0xff, 0xff, 0xff,
0x00, 0xff, 0xff, 0xff, 0x00, 0xff, 0xff, 0xff, 0x00, 0xff, 0xff, 0xff, 0x00, 0xff, 0xff,
0xff, 0x00, 0xff, 0xff, 0xff, 0x00, 0xff, 0xff, 0xff, 0x00, 0xff, 0xff, 0xff, 0x00, 0xff,
0xff, 0xff, 0x00, 0xff, 0xff, 0xff, 0x00, 0xff, 0xff, 0xff, 0x00, 0xff, 0xff, 0xff, 0x00,
0xff, 0xff, 0xff, 0x00, 0xff, 0xff, 0xff, 0x00, 0xff, 0xff, 0xff, 0x00, 0x66, 0x34, 0xfd,
0x00, 0x67, 0x34, 0xff, 0x6d, 0x66, 0x33, 0xff, 0xff, 0x66, 0x33, 0xff, 0xff, 0x66, 0x33,
0xff, 0xff, 0x66, 0x33, 0xff, 0xff, 0x66, 0x33, 0xff, 0xff, 0x66, 0x33, 0xff, 0xff, 0x66,
0x33, 0xff, 0xff, 0x66, 0x33, 0xff, 0xff, 0x66, 0x33, 0xff, 0xff, 0x66, 0x33, 0xff, 0xff,
0x66, 0x33, 0xff, 0xff, 0x66, 0x33, 0xff, 0xff, 0x66, 0x33, 0xff, 0xff, 0x66, 0x33, 0xff,
0xff, 0x66, 0x33, 0xff, 0xff, 0x66, 0x33, 0xff, 0xff, 0x66, 0x33, 0xff, 0xff, 0x66, 0x33,
0xff, 0xff, 0x66, 0x33, 0xff, 0xff, 0x66, 0x33, 0xff, 0xff, 0x66, 0x33, 0xff, 0xff, 0x66,
0x33, 0xff, 0xff, 0x66, 0x33, 0xff, 0xff, 0x66, 0x33, 0xff, 0xff, 0x66, 0x33, 0xff, 0xff,
0x66, 0x33, 0xff, 0xff, 0x5e, 0x28, 0xff, 0xff, 0x89, 0x62, 0xff, 0xff, 0xf9, 0xf7, 0xfe,
0xff, 0xff, 0xff, 0xfe, 0xff, 0xfe, 0xfe, 0xfe, 0xff, 0xfe, 0xfe, 0xfe, 0xff, 0xfe, 0xfe,
0xfe, 0xff, 0xfe, 0xfe, 0xfe, 0xff, 0xfe, 0xfe, 0xfe, 0xff, 0xfe, 0xff, 0xfe, 0xff, 0xff,
0xff, 0xfe, 0xff, 0xc4, 0xb1, 0xff, 0xff, 0x61, 0x2d, 0xff, 0xff, 0x63, 0x2f, 0xff, 0xff,
0x66, 0x33, 0xff, 0xff, 0x66, 0x33, 0xff, 0xff, 0x66, 0x33, 0xff, 0xff, 0x64, 0x31, 0xff,
0xff, 0x5e, 0x29, 0xff, 0xff, 0xaf, 0x95, 0xff, 0xff, 0xff, 0xff, 0xfe, 0xff, 0xff, 0xff,
0xfe, 0xff, 0xfe, 0xfe, 0xfe, 0xff, 0xfe, 0xfe, 0xfe, 0xff, 0xfe, 0xfe, 0xfe, 0xff, 0xfe,
0xfe, 0xfe, 0xff, 0xfe, 0xfe, 0xfe, 0xff, 0xfe, 0xfe, 0xfe, 0xff, 0xfe, 0xfe, 0xfe, 0xff,
0xfe, 0xfe, 0xfe, 0xff, 0xfe, 0xfe, 0xfe, 0xff, 0xfe, 0xfe, 0xfe, 0xff, 0xfe, 0xfe, 0xfe,
0xff, 0xff, 0xff, 0xfe, 0xff, 0xff, 0xff, 0xfe, 0xff, 0xc4, 0xb0, 0xff, 0xff, 0x62, 0x2e,
0xff, 0xff, 0x63, 0x2f, 0xff, 0xff, 0x66, 0x33, 0xff, 0xff, 0x66, 0x33, 0xff, 0xff, 0x66,
0x33, 0xff, 0xff, 0x64, 0x31, 0xff, 0xff, 0x5e, 0x28, 0xff, 0xff, 0xae, 0x93, 0xff, 0xff,
0xff, 0xff, 0xfe, 0xff, 0xff, 0xff, 0xfe, 0xff, 0xfe, 0xfe, 0xfe, 0xff, 0xfe, 0xfe, 0xfe,
0xff, 0xfe, 0xfe, 0xfe, 0xff, 0xfe, 0xfe, 0xfe, 0xff, 0xfe, 0xfe, 0xfe, 0xff, 0xff, 0xff,
0xfe, 0xff, 0xff, 0xff, 0xfe, 0xff, 0x9e, 0x7e, 0xff, 0xff, 0x5c, 0x26, 0xff, 0xff, 0x66,
0x33, 0xff, 0xff, 0x66, 0x33, 0xff, 0xff, 0x66, 0x33, 0xff, 0xff, 0x66, 0x33, 0xff, 0xff,
0x66, 0x33, 0xff, 0xff, 0x66, 0x33, 0xff, 0xff, 0x66, 0x33, 0xff, 0xff, 0x66, 0x33, 0xff,
0xff, 0x66, 0x33, 0xff, 0xff, 0x66, 0x33, 0xff, 0xff, 0x66, 0x33, 0xff, 0xff, 0x66, 0x33,
0xff, 0xff, 0x66, 0x33, 0xff, 0xff, 0x66, 0x33, 0xff, 0xff, 0x66, 0x33, 0xff, 0xff, 0x66,
0x33, 0xff, 0xff, 0x66, 0x33, 0xff, 0xff, 0x66, 0x33, 0xff, 0xff, 0x66, 0x33, 0xff, 0xff,
0x66, 0x33, 0xff, 0xff, 0x66, 0x33, 0xff, 0xff, 0x66, 0x33, 0xff, 0xff, 0x66, 0x33, 0xff,
0xff, 0x66, 0x33, 0xff, 0xff, 0x66, 0x33, 0xff, 0xff, 0x66, 0x33, 0xfd, 0xfa, 0x32, 0x1a,
0xbd, 0x2b, 0x24, 0x12, 0xa9, 0x00, 0xff, 0xff, 0xff, 0x00, 0xff, 0xff, 0xff, 0x00, 0xff,
0xff, 0xff, 0x00, 0xff, 0xff, 0xff, 0x00, 0xff, 0xff, 0xff, 0x00, 0xff, 0xff, 0xff, 0x00,
0xff, 0xff, 0xff, 0x00, 0xff, 0xff, 0xff, 0x00, 0xff, 0xff, 0xff, 0x00, 0xff, 0xff, 0xff,
0x00, 0xff, 0xff, 0xff, 0x00, 0xff, 0xff, 0xff, 0x00, 0xff, 0xff, 0xff, 0x00, 0xff, 0xff,
0xff, 0x00, 0xff, 0xff, 0xff, 0x00, 0xff, 0xff, 0xff, 0x00, 0xff, 0xff, 0xff, 0x00, 0x50,
0x28, 0xe3, 0x00, 0x54, 0x2a, 0xe9, 0x30, 0x66, 0x33, 0xff, 0xff, 0x66, 0x33, 0xff, 0xff,
0x66, 0x33, 0xff, 0xff, 0x66, 0x33, 0xff, 0xff, 0x66, 0x33, 0xff, 0xff, 0x66, 0x33, 0xff,
0xff, 0x66, 0x33, 0xff, 0xff, 0x66, 0x33, 0xff, 0xff, 0x66, 0x33, 0xff, 0xff, 0x66, 0x33,
0xff, 0xff, 0x66, 0x33, 0xff, 0xff, 0x66, 0x33, 0xff, 0xff, 0x66, 0x33, 0xff, 0xff, 0x66,
0x33, 0xff, 0xff, 0x66, 0x33, 0xff, 0xff, 0x66, 0x33, 0xff, 0xff, 0x66, 0x33, 0xff, 0xff,
0x66, 0x33, 0xff, 0xff, 0x66, 0x33, 0xff, 0xff, 0x66, 0x33, 0xff, 0xff, 0x66, 0x33, 0xff,
0xff, 0x66, 0x33, 0xff, 0xff, 0x66, 0x33, 0xff, 0xff, 0x66, 0x33, 0xff, 0xff, 0x66, 0x33,
0xff, 0xff, 0x66, 0x33, 0xff, 0xff, 0x66, 0x33, 0xff, 0xff, 0x5d, 0x27, 0xff, 0xff, 0x94,
0x70, 0xff, 0xff, 0xfd, 0xfc, 0xfe, 0xff, 0xff, 0xff, 0xfe, 0xff, 0xfe, 0xfe, 0xfe, 0xff,
0xfe, 0xfe, 0xfe, 0xff, 0xfe, 0xfe, 0xfe, 0xff, 0xfe, 0xfe, 0xfe, 0xff, 0xfe, 0xfe, 0xfe,
0xff, 0xff, 0xff, 0xfe, 0xff, 0xff, 0xff, 0xfe, 0xff, 0xc2, 0xae, 0xff, 0xff, 0x61, 0x2d,
0xff, 0xff, 0x63, 0x2f, 0xff, 0xff, 0x66, 0x33, 0xff, 0xff, 0x66, 0x33, 0xff, 0xff, 0x66,
0x33, 0xff, 0xff, 0x65, 0x31, 0xff, 0xff, 0x5d, 0x27, 0xff, 0xff, 0xa5, 0x87, 0xff, 0xff,
0xfe, 0xfd, 0xfe, 0xff, 0xff, 0xff, 0xfe, 0xff, 0xfe, 0xfe, 0xfe, 0xff, 0xfe, 0xfe, 0xfe,
0xff, 0xfe, 0xfe, 0xfe, 0xff, 0xfe, 0xfe, 0xfe, 0xff, 0xfe, 0xfe, 0xfe, 0xff, 0xfe, 0xfe,
0xfe, 0xff, 0xfe, 0xfe, 0xfe, 0xff, 0xfe, 0xfe, 0xfe, 0xff, 0xfe, 0xfe, 0xfe, 0xff, 0xff,
0xff, 0xfe, 0xff, 0xff, 0xff, 0xfe, 0xff, 0xba, 0xa3, 0xff, 0xff, 0x60, 0x2b, 0xff, 0xff,
0x63, 0x30, 0xff, 0xff, 0x66, 0x33, 0xff, 0xff, 0x66, 0x33, 0xff, 0xff, 0x66, 0x33, 0xff,
0xff, 0x64, 0x31, 0xff, 0xff, 0x5e, 0x28, 0xff, 0xff, 0xac, 0x90, 0xff, 0xff, 0xff, 0xff,
0xfe, 0xff, 0xff, 0xff, 0xfe, 0xff, 0xfe, 0xfe, 0xfe, 0xff, 0xfe, 0xfe, 0xfe, 0xff, 0xfe,
0xfe, 0xfe, 0xff, 0xfe, 0xfe, 0xfe, 0xff, 0xfe, 0xfe, 0xfe, 0xff, 0xff, 0xff, 0xfe, 0xff,
0xff, 0xff, 0xfe, 0xff, 0xab, 0x8f, 0xff, 0xff, 0x5c, 0x26, 0xff, 0xff, 0x65, 0x32, 0xff,
0xff, 0x66, 0x33, 0xff, 0xff, 0x66, 0x33, 0xff, 0xff, 0x66, 0x33, 0xff, 0xff, 0x66, 0x33,
0xff, 0xff, 0x66, 0x33, 0xff, 0xff, 0x66, 0x33, 0xff, 0xff, 0x66, 0x33, 0xff, 0xff, 0x66,
0x33, 0xff, 0xff, 0x66, 0x33, 0xff, 0xff, 0x66, 0x33, 0xff, 0xff, 0x66, 0x33, 0xff, 0xff,
0x66, 0x33, 0xff, 0xff, 0x66, 0x33, 0xff, 0xff, 0x66, 0x33, 0xff, 0xff, 0x66, 0x33, 0xff,
0xff, 0x66, 0x33, 0xff, 0xff, 0x66, 0x33, 0xff, 0xff, 0x66, 0x33, 0xff, 0xff, 0x66, 0x33,
0xff, 0xff, 0x66, 0x33, 0xff, 0xff, 0x66, 0x33, 0xff, 0xff, 0x66, 0x33, 0xff, 0xff, 0x66,
0x33, 0xff, 0xff, 0x66, 0x33, 0xff, 0xff, 0x66, 0x33, 0xff, 0xff, 0x64, 0x32, 0xfd, 0xdd,
0x53, 0x28, 0xe4, 0x06, 0x52, 0x28, 0xe3, 0x00, 0xff, 0xff, 0xff, 0x00, 0xff, 0xff, 0xff,
0x00, 0xff, 0xff, 0xff, 0x00, 0xff, 0xff, 0xff, 0x00, 0xff, 0xff, 0xff, 0x00, 0xff, 0xff,
0xff, 0x00, 0xff, 0xff, 0xff, 0x00, 0xff, 0xff, 0xff, 0x00, 0xff, 0xff, 0xff, 0x00, 0xff,
0xff, 0xff, 0x00, 0xff, 0xff, 0xff, 0x00, 0xff, 0xff, 0xff, 0x00, 0xff, 0xff, 0xff, 0x00,
0xff, 0xff, 0xff, 0x00, 0xff, 0xff, 0xff, 0x00, 0xff, 0xff, 0xff, 0x00, 0xff, 0xff, 0xff,
0x00, 0x4d, 0x22, 0xe3, 0x00, 0x50, 0x24, 0xe6, 0x0c, 0x64, 0x33, 0xfe, 0xe2, 0x66, 0x33,
0xff, 0xff, 0x66, 0x33, 0xff, 0xff, 0x66, 0x33, 0xff, 0xff, 0x66, 0x33, 0xff, 0xff, 0x66,
0x33, 0xff, 0xff, 0x66, 0x33, 0xff, 0xff, 0x66, 0x33, 0xff, 0xff, 0x66, 0x33, 0xff, 0xff,
0x66, 0x33, 0xff, 0xff, 0x66, 0x33, 0xff, 0xff, 0x66, 0x33, 0xff, 0xff, 0x66, 0x33, 0xff,
0xff, 0x66, 0x33, 0xff, 0xff, 0x66, 0x33, 0xff, 0xff, 0x66, 0x33, 0xff, 0xff, 0x66, 0x33,
0xff, 0xff, 0x66, 0x33, 0xff, 0xff, 0x66, 0x33, 0xff, 0xff, 0x66, 0x33, 0xff, 0xff, 0x66,
0x33, 0xff, 0xff, 0x66, 0x33, 0xff, 0xff, 0x66, 0x33, 0xff, 0xff, 0x66, 0x33, 0xff, 0xff,
0x66, 0x33, 0xff, 0xff, 0x66, 0x33, 0xff, 0xff, 0x66, 0x33, 0xff, 0xff, 0x66, 0x33, 0xff,
0xff, 0x5c, 0x26, 0xff, 0xff, 0x9d, 0x7d, 0xff, 0xff, 0xff, 0xff, 0xfe, 0xff, 0xff, 0xff,
0xfe, 0xff, 0xfe, 0xfe, 0xfe, 0xff, 0xfe, 0xfe, 0xfe, 0xff, 0xfe, 0xfe, 0xfe, 0xff, 0xfe,
0xfe, 0xfe, 0xff, 0xfe, 0xfe, 0xfe, 0xff, 0xfe, 0xff, 0xfe, 0xff, 0xff, 0xff, 0xfe, 0xff,
0xc4, 0xb0, 0xff, 0xff, 0x62, 0x2e, 0xff, 0xff, 0x63, 0x2f, 0xff, 0xff, 0x66, 0x33, 0xff,
0xff, 0x66, 0x33, 0xff, 0xff, 0x66, 0x33, 0xff, 0xff, 0x65, 0x32, 0xff, 0xff, 0x5c, 0x26,
0xff, 0xff, 0x99, 0x76, 0xff, 0xff, 0xfa, 0xf8, 0xfe, 0xff, 0xff, 0xff, 0xfe, 0xff, 0xfe,
0xfe, 0xfe, 0xff, 0xfe, 0xfe, 0xfe, 0xff, 0xfe, 0xfe, 0xfe, 0xff, 0xfe, 0xfe, 0xfe, 0xff,
0xfe, 0xfe, 0xfe, 0xff, 0xfe, 0xfe, 0xfe, 0xff, 0xfe, 0xfe, 0xfe, 0xff, 0xff, 0xff, 0xfe,
0xff, 0xff, 0xff, 0xfe, 0xff, 0xad, 0x92, 0xff, 0xff, 0x5e, 0x28, 0xff, 0xff, 0x64, 0x31,
0xff, 0xff, 0x66, 0x33, 0xff, 0xff, 0x66, 0x33, 0xff, 0xff, 0x66, 0x33, 0xff, 0xff, 0x64,
0x30, 0xff, 0xff, 0x5e, 0x29, 0xff, 0xff, 0xae, 0x92, 0xff, 0xff, 0xff, 0xff, 0xfe, 0xff,
0xff, 0xff, 0xfe, 0xff, 0xfe, 0xfe, 0xfe, 0xff, 0xfe, 0xfe, 0xfe, 0xff, 0xfe, 0xfe, 0xfe,
0xff, 0xfe, 0xfe, 0xfe, 0xff, 0xfe, 0xfe, 0xfe, 0xff, 0xff, 0xff, 0xfe, 0xff, 0xff, 0xff,
0xfe, 0xff, 0xb7, 0x9e, 0xff, 0xff, 0x5d, 0x27, 0xff, 0xff, 0x65, 0x32, 0xff, 0xff, 0x66,
0x33, 0xff, 0xff, 0x66, 0x33, 0xff, 0xff, 0x66, 0x33, 0xff, 0xff, 0x66, 0x33, 0xff, 0xff,
0x66, 0x33, 0xff, 0xff, 0x66, 0x33, 0xff, 0xff, 0x66, 0x33, 0xff, 0xff, 0x66, 0x33, 0xff,
0xff, 0x66, 0x33, 0xff, 0xff, 0x66, 0x33, 0xff, 0xff, 0x66, 0x33, 0xff, 0xff, 0x66, 0x33,
0xff, 0xff, 0x66, 0x33, 0xff, 0xff, 0x66, 0x33, 0xff, 0xff, 0x66, 0x33, 0xff, 0xff, 0x66,
0x33, 0xff, 0xff, 0x66, 0x33, 0xff, 0xff, 0x66, 0x33, 0xff, 0xff, 0x66, 0x33, 0xff, 0xff,
0x66, 0x33, 0xff, 0xff, 0x66, 0x33, 0xff, 0xff, 0x66, 0x33, 0xff, 0xff, 0x66, 0x33, 0xff,
0xff, 0x66, 0x33, 0xff, 0xff, 0x66, 0x33, 0xff, 0xff, 0x66, 0x33, 0xff, 0xff, 0x67, 0x34,
0xff, 0xb0, 0x68, 0x34, 0xfc, 0x00, 0x68, 0x34, 0xfd, 0x00, 0xff, 0xff, 0xff, 0x00, 0xff,
0xff, 0xff, 0x00, 0xff, 0xff, 0xff, 0x00, 0xff, 0xff, 0xff, 0x00, 0xff, 0xff, 0xff, 0x00,
0xff, 0xff, 0xff, 0x00, 0xff, 0xff, 0xff, 0x00, 0xff, 0xff, 0xff, 0x00, 0xff, 0xff, 0xff,
0x00, 0xff, 0xff, 0xff, 0x00, 0xff, 0xff, 0xff, 0x00, 0xff, 0xff, 0xff, 0x00, 0xff, 0xff,
0xff, 0x00, 0xff, 0xff, 0xff, 0x00, 0xff, 0xff, 0xff, 0x00, 0xff, 0xff, 0xff, 0x00, 0xff,
0xff, 0xff, 0x00, 0x5c, 0x24, 0xe7, 0x00, 0x5b, 0x23, 0xe5, 0x00, 0x61, 0x2a, 0xf0, 0x86,
0x67, 0x34, 0xff, 0xff, 0x66, 0x33, 0xff, 0xff, 0x66, 0x33, 0xff, 0xff, 0x66, 0x33, 0xff,
0xff, 0x66, 0x33, 0xff, 0xff, 0x66, 0x33, 0xff, 0xff, 0x66, 0x33, 0xff, 0xff, 0x66, 0x33,
0xff, 0xff, 0x66, 0x33, 0xff, 0xff, 0x66, 0x33, 0xff, 0xff, 0x66, 0x33, 0xff, 0xff, 0x66,
0x33, 0xff, 0xff, 0x66, 0x33, 0xff, 0xff, 0x66, 0x33, 0xff, 0xff, 0x66, 0x33, 0xff, 0xff,
0x66, 0x33, 0xff, 0xff, 0x66, 0x33, 0xff, 0xff, 0x66, 0x33, 0xff, 0xff, 0x66, 0x33, 0xff,
0xff, 0x66, 0x33, 0xff, 0xff, 0x66, 0x33, 0xff, 0xff, 0x66, 0x33, 0xff, 0xff, 0x66, 0x33,
0xff, 0xff, 0x66, 0x33, 0xff, 0xff, 0x66, 0x33, 0xff, 0xff, 0x66, 0x33, 0xff, 0xff, 0x66,
0x33, 0xff, 0xff, 0x65, 0x32, 0xff, 0xff, 0x5d, 0x26, 0xff, 0xff, 0xa4, 0x85, 0xff, 0xff,
0xff, 0xff, 0xfe, 0xff, 0xff, 0xff, 0xfe, 0xff, 0xfe, 0xfe, 0xfe, 0xff, 0xfe, 0xfe, 0xfe,
0xff, 0xfe, 0xfe, 0xfe, 0xff, 0xfe, 0xfe, 0xfe, 0xff, 0xfe, 0xfe, 0xfe, 0xff, 0xfe, 0xff,
0xfe, 0xff, 0xff, 0xff, 0xfe, 0xff, 0xc8, 0xb5, 0xff, 0xff, 0x64, 0x31, 0xff, 0xff, 0x62,
0x2e, 0xff, 0xff, 0x66, 0x33, 0xff, 0xff, 0x66, 0x33, 0xff, 0xff, 0x66, 0x33, 0xff, 0xff,
0x66, 0x32, 0xff, 0xff, 0x5c, 0x27, 0xff, 0xff, 0x8c, 0x65, 0xff, 0xff, 0xf2, 0xee, 0xfe,
0xff, 0xff, 0xff, 0xfe, 0xff, 0xfe, 0xfe, 0xfe, 0xff, 0xfe, 0xfe, 0xfe, 0xff, 0xfe, 0xfe,
0xfe, 0xff, 0xfe, 0xfe, 0xfe, 0xff, 0xfe, 0xfe, 0xfe, 0xff, 0xff, 0xff, 0xfe, 0xff, 0xfb,
0xf9, 0xfe, 0xff, 0x9e, 0x7e, 0xff, 0xff, 0x5c, 0x26, 0xff, 0xff, 0x65, 0x31, 0xff, 0xff,
0x66, 0x33, 0xff, 0xff, 0x66, 0x33, 0xff, 0xff, 0x66, 0x33, 0xff, 0xff, 0x64, 0x30, 0xff,
0xff, 0x5f, 0x2a, 0xff, 0xff, 0xb2, 0x99, 0xff, 0xff, 0xff, 0xff, 0xfe, 0xff, 0xff, 0xff,
0xfe, 0xff, 0xfe, 0xfe, 0xfe, 0xff, 0xfe, 0xfe, 0xfe, 0xff, 0xfe, 0xfe, 0xfe, 0xff, 0xfe,
0xfe, 0xfe, 0xff, 0xfe, 0xfe, 0xfe, 0xff, 0xff, 0xff, 0xfe, 0xff, 0xff, 0xff, 0xfe, 0xff,
0xbd, 0xa8, 0xff, 0xff, 0x61, 0x2c, 0xff, 0xff, 0x64, 0x31, 0xff, 0xff, 0x66, 0x33, 0xff,
0xff, 0x66, 0x33, 0xff, 0xff, 0x66, 0x33, 0xff, 0xff, 0x66, 0x33, 0xff, 0xff, 0x66, 0x33,
0xff, 0xff, 0x66, 0x33, 0xff, 0xff, 0x66, 0x33, 0xff, 0xff, 0x66, 0x33, 0xff, 0xff, 0x66,
0x33, 0xff, 0xff, 0x66, 0x33, 0xff, 0xff, 0x66, 0x33, 0xff, 0xff, 0x66, 0x33, 0xff, 0xff,
0x66, 0x33, 0xff, 0xff, 0x66, 0x33, 0xff, 0xff, 0x66, 0x33, 0xff, 0xff, 0x66, 0x33, 0xff,
0xff, 0x66, 0x33, 0xff, 0xff, 0x66, 0x33, 0xff, 0xff, 0x66, 0x33, 0xff, 0xff, 0x66, 0x33,
0xff, 0xff, 0x66, 0x33, 0xff, 0xff, 0x66, 0x33, 0xff, 0xff, 0x66, 0x33, 0xff, 0xff, 0x66,
0x33, 0xff, 0xff, 0x66, 0x33, 0xff, 0xff, 0x66, 0x33, 0xff, 0xff, 0x67, 0x34, 0xff, 0xff,
0x57, 0x2d, 0xda, 0x55, 0x51, 0x2a, 0xcd, 0x00, 0x52, 0x2a, 0xcd, 0x00, 0xff, 0xff, 0xff,
0x00, 0xff, 0xff, 0xff, 0x00, 0xff, 0xff, 0xff, 0x00, 0xff, 0xff, 0xff, 0x00, 0xff, 0xff,
0xff, 0x00, 0xff, 0xff, 0xff, 0x00, 0xff, 0xff, 0xff, 0x00, 0xff, 0xff, 0xff, 0x00, 0xff,
0xff, 0xff, 0x00, 0xff, 0xff, 0xff, 0x00, 0xff, 0xff, 0xff, 0x00, 0xff, 0xff, 0xff, 0x00,
0xff, 0xff, 0xff, 0x00, 0xff, 0xff, 0xff, 0x00, 0xff, 0xff, 0xff, 0x00, 0xff, 0xff, 0xff,
0x00, 0xff, 0xff, 0xff, 0x00, 0x5c, 0x1a, 0xd6, 0x00, 0x5c, 0x1a, 0xd4, 0x00, 0x5f, 0x21,
0xe0, 0x2f, 0x67, 0x34, 0xff, 0xff, 0x66, 0x33, 0xff, 0xff, 0x66, 0x33, 0xff, 0xff, 0x66,
0x33, 0xff, 0xff, 0x66, 0x33, 0xff, 0xff, 0x66, 0x33, 0xff, 0xff, 0x66, 0x33, 0xff, 0xff,
0x66, 0x33, 0xff, 0xff, 0x66, 0x33, 0xff, 0xff, 0x66, 0x33, 0xff, 0xff, 0x66, 0x33, 0xff,
0xff, 0x66, 0x33, 0xff, 0xff, 0x66, 0x33, 0xff, 0xff, 0x66, 0x33, 0xff, 0xff, 0x66, 0x33,
0xff, 0xff, 0x66, 0x33, 0xff, 0xff, 0x66, 0x33, 0xff, 0xff, 0x66, 0x33, 0xff, 0xff, 0x66,
0x33, 0xff, 0xff, 0x66, 0x33, 0xff, 0xff, 0x66, 0x33, 0xff, 0xff, 0x66, 0x33, 0xff, 0xff,
0x66, 0x33, 0xff, 0xff, 0x66, 0x33, 0xff, 0xff, 0x66, 0x33, 0xff, 0xff, 0x66, 0x33, 0xff,
0xff, 0x66, 0x33, 0xff, 0xff, 0x66, 0x33, 0xff, 0xff, 0x65, 0x32, 0xff, 0xff, 0x5d, 0x27,
0xff, 0xff, 0xa8, 0x8b, 0xff, 0xff, 0xff, 0xff, 0xfe, 0xff, 0xff, 0xff, 0xfe, 0xff, 0xfe,
0xfe, 0xfe, 0xff, 0xfe, 0xfe, 0xfe, 0xff, 0xfe, 0xfe, 0xfe, 0xff, 0xfe, 0xfe, 0xfe, 0xff,
0xfe, 0xfe, 0xfe, 0xff, 0xfe, 0xff, 0xfe, 0xff, 0xff, 0xff, 0xfe, 0xff, 0xce, 0xbe, 0xff,
0xff, 0x68, 0x35, 0xff, 0xff, 0x61, 0x2d, 0xff, 0xff, 0x66, 0x33, 0xff, 0xff, 0x66, 0x33,
0xff, 0xff, 0x66, 0x33, 0xff, 0xff, 0x66, 0x33, 0xff, 0xff, 0x5d, 0x28, 0xff, 0xff, 0x7f,
0x54, 0xff, 0xff, 0xea, 0xe3, 0xfe, 0xff, 0xff, 0xff, 0xfe, 0xff, 0xfe, 0xfe, 0xfe, 0xff,
0xfe, 0xfe, 0xfe, 0xff, 0xfe, 0xfe, 0xfe, 0xff, 0xff, 0xff, 0xfe, 0xff, 0xf3, 0xef, 0xfe,
0xff, 0x8e, 0x69, 0xff, 0xff, 0x5c, 0x26, 0xff, 0xff, 0x66, 0x32, 0xff, 0xff, 0x66, 0x33,
0xff, 0xff, 0x66, 0x33, 0xff, 0xff, 0x66, 0x33, 0xff, 0xff, 0x63, 0x2f, 0xff, 0xff, 0x61,
0x2c, 0xff, 0xff, 0xb9, 0xa2, 0xff, 0xff, 0xff, 0xff, 0xfe, 0xff, 0xff, 0xff, 0xfe, 0xff,
0xfe, 0xfe, 0xfe, 0xff, 0xfe, 0xfe, 0xfe, 0xff, 0xfe, 0xfe, 0xfe, 0xff, 0xfe, 0xfe, 0xfe,
0xff, 0xfe, 0xfe, 0xfe, 0xff, 0xff, 0xff, 0xfe, 0xff, 0xff, 0xff, 0xfe, 0xff, 0xbe, 0xa8,
0xff, 0xff, 0x5f, 0x2a, 0xff, 0xff, 0x64, 0x30, 0xff, 0xff, 0x66, 0x33, 0xff, 0xff, 0x66,
0x33, 0xff, 0xff, 0x66, 0x33, 0xff, 0xff, 0x66, 0x33, 0xff, 0xff, 0x66, 0x33, 0xff, 0xff,
0x66, 0x33, 0xff, 0xff, 0x66, 0x33, 0xff, 0xff, 0x66, 0x33, 0xff, 0xff, 0x66, 0x33, 0xff,
0xff, 0x66, 0x33, 0xff, 0xff, 0x66, 0x33, 0xff, 0xff, 0x66, 0x33, 0xff, 0xff, 0x66, 0x33,
0xff, 0xff, 0x66, 0x33, 0xff, 0xff, 0x66, 0x33, 0xff, 0xff, 0x66, 0x33, 0xff, 0xff, 0x66,
0x33, 0xff, 0xff, 0x66, 0x33, 0xff, 0xff, 0x66, 0x33, 0xff, 0xff, 0x66, 0x33, 0xff, 0xff,
0x66, 0x33, 0xff, 0xff, 0x66, 0x33, 0xff, 0xff, 0x66, 0x33, 0xff, 0xff, 0x66, 0x33, 0xff,
0xff, 0x66, 0x33, 0xff, 0xff, 0x66, 0x33, 0xff, 0xff, 0x67, 0x34, 0xff, 0xff, 0x63, 0x30,
0xf8, 0xe9, 0x2d, 0x0f, 0xa0, 0x0e, 0x26, 0x0b, 0x94, 0x00, 0x27, 0x0c, 0x95, 0x00, 0xff,
0xff, 0xff, 0x00, 0xff, 0xff, 0xff, 0x00, 0xff, 0xff, 0xff, 0x00, 0xff, 0xff, 0xff, 0x00,
0xff, 0xff, 0xff, 0x00, 0xff, 0xff, 0xff, 0x00, 0xff, 0xff, 0xff, 0x00, 0xff, 0xff, 0xff,
0x00, 0xff, 0xff, 0xff, 0x00, 0xff, 0xff, 0xff, 0x00, 0xff, 0xff, 0xff, 0x00, 0xff, 0xff,
0xff, 0x00, 0xff, 0xff, 0xff, 0x00, 0xff, 0xff, 0xff, 0x00, 0xff, 0xff, 0xff, 0x00, 0xff,
0xff, 0xff, 0x00, 0xff, 0xff, 0xff, 0x00, 0x64, 0x35, 0xfa, 0x00, 0x64, 0x35, 0xfa, 0x00,
0x64, 0x34, 0xf9, 0x06, 0x66, 0x34, 0xfe, 0xcf, 0x66, 0x33, 0xff, 0xff, 0x66, 0x33, 0xff,
0xff, 0x66, 0x33, 0xff, 0xff, 0x66, 0x33, 0xff, 0xff, 0x66, 0x33, 0xff, 0xff, 0x66, 0x33,
0xff, 0xff, 0x66, 0x33, 0xff, 0xff, 0x66, 0x33, 0xff, 0xff, 0x66, 0x33, 0xff, 0xff, 0x66,
0x33, 0xff, 0xff, 0x66, 0x33, 0xff, 0xff, 0x66, 0x33, 0xff, 0xff, 0x66, 0x33, 0xff, 0xff,
0x66, 0x33, 0xff, 0xff, 0x66, 0x33, 0xff, 0xff, 0x66, 0x33, 0xff, 0xff, 0x66, 0x33, 0xff,
0xff, 0x66, 0x33, 0xff, 0xff, 0x66, 0x33, 0xff, 0xff, 0x66, 0x33, 0xff, 0xff, 0x66, 0x33,
0xff, 0xff, 0x66, 0x33, 0xff, 0xff, 0x66, 0x33, 0xff, 0xff, 0x66, 0x33, 0xff, 0xff, 0x66,
0x33, 0xff, 0xff, 0x66, 0x33, 0xff, 0xff, 0x66, 0x33, 0xff, 0xff, 0x66, 0x33, 0xff, 0xff,
0x65, 0x32, 0xff, 0xff, 0x5d, 0x27, 0xff, 0xff, 0xa9, 0x8d, 0xff, 0xff, 0xff, 0xff, 0xfe,
0xff, 0xff, 0xff, 0xfe, 0xff, 0xfe, 0xfe, 0xfe, 0xff, 0xfe, 0xfe, 0xfe, 0xff, 0xfe, 0xfe,
0xfe, 0xff, 0xfe, 0xfe, 0xfe, 0xff, 0xfe, 0xfe, 0xfe, 0xff, 0xfe, 0xfe, 0xfe, 0xff, 0xff,
0xff, 0xfe, 0xff, 0xd5, 0xc8, 0xff, 0xff, 0x6c, 0x3b, 0xff, 0xff, 0x60, 0x2b, 0xff, 0xff,
0x66, 0x33, 0xff, 0xff, 0x66, 0x33, 0xff, 0xff, 0x66, 0x33, 0xff, 0xff, 0x66, 0x33, 0xff,
0xff, 0x5f, 0x2a, 0xff, 0xff, 0x73, 0x44, 0xff, 0xff, 0xde, 0xd3, 0xff, 0xff, 0xff, 0xff,
0xfe, 0xff, 0xff, 0xff, 0xfe, 0xff, 0xff, 0xff, 0xfe, 0xff, 0xe9, 0xe1, 0xfe, 0xff, 0x7e,
0x54, 0xff, 0xff, 0x5d, 0x27, 0xff, 0xff, 0x66, 0x33, 0xff, 0xff, 0x66, 0x33, 0xff, 0xff,
0x66, 0x33, 0xff, 0xff, 0x66, 0x33, 0xff, 0xff, 0x62, 0x2d, 0xff, 0xff, 0x64, 0x30, 0xff,
0xff, 0xc2, 0xae, 0xff, 0xff, 0xff, 0xff, 0xfe, 0xff, 0xff, 0xff, 0xfe, 0xff, 0xfe, 0xfe,
0xfe, 0xff, 0xfe, 0xfe, 0xfe, 0xff, 0xfe, 0xfe, 0xfe, 0xff, 0xfe, 0xfe, 0xfe, 0xff, 0xfe,
0xfe, 0xfe, 0xff, 0xff, 0xff, 0xfe, 0xff, 0xff, 0xff, 0xfe, 0xff, 0xbf, 0xaa, 0xff, 0xff,
0x60, 0x2b, 0xff, 0xff, 0x64, 0x30, 0xff, 0xff, 0x66, 0x33, 0xff, 0xff, 0x66, 0x33, 0xff,
0xff, 0x66, 0x33, 0xff, 0xff, 0x66, 0x33, 0xff, 0xff, 0x66, 0x33, 0xff, 0xff, 0x66, 0x33,
0xff, 0xff, 0x66, 0x33, 0xff, 0xff, 0x66, 0x33, 0xff, 0xff, 0x66, 0x33, 0xff, 0xff, 0x66,
0x33, 0xff, 0xff, 0x66, 0x33, 0xff, 0xff, 0x66, 0x33, 0xff, 0xff, 0x66, 0x33, 0xff, 0xff,
0x66, 0x33, 0xff, 0xff, 0x66, 0x33, 0xff, 0xff, 0x66, 0x33, 0xff, 0xff, 0x66, 0x33, 0xff,
0xff, 0x66, 0x33, 0xff, 0xff, 0x66, 0x33, 0xff, 0xff, 0x66, 0x33, 0xff, 0xff, 0x66, 0x33,
0xff, 0xff, 0x66, 0x33, 0xff, 0xff, 0x66, 0x33, 0xff, 0xff, 0x66, 0x33, 0xff, 0xff, 0x66,
0x33, 0xff, 0xff, 0x66, 0x33, 0xff, 0xff, 0x66, 0x33, 0xff, 0xff, 0x66, 0x34, 0xff, 0xff,
0x67, 0x32, 0xff, 0xb6, 0x63, 0x28, 0xef, 0x00, 0x64, 0x28, 0xef, 0x00, 0x64, 0x28, 0xf0,
0x00, 0xff, 0xff, 0xff, 0x00, 0xff, 0xff, 0xff, 0x00, 0xff, 0xff, 0xff, 0x00, 0xff, 0xff,
0xff, 0x00, 0xff, 0xff, 0xff, 0x00, 0xff, 0xff, 0xff, 0x00, 0xff, 0xff, 0xff, 0x00, 0xff,
0xff, 0xff, 0x00, 0xff, 0xff, 0xff, 0x00, 0xff, 0xff, 0xff, 0x00, 0xff, 0xff, 0xff, 0x00,
0xff, 0xff, 0xff, 0x00, 0xff, 0xff, 0xff, 0x00, 0xff, 0xff, 0xff, 0x00, 0xff, 0xff, 0xff,
0x00, 0xff, 0xff, 0xff, 0x00, 0xff, 0xff, 0xff, 0x00, 0x5c, 0x2b, 0xf1, 0x00, 0x5c, 0x2b,
0xf1, 0x00, 0x5c, 0x2b, 0xf0, 0x00, 0x5f, 0x2c, 0xf5, 0x5c, 0x66, 0x33, 0xff, 0xff, 0x66,
0x33, 0xff, 0xff, 0x66, 0x33, 0xff, 0xff, 0x66, 0x33, 0xff, 0xff, 0x66, 0x33, 0xff, 0xff,
0x66, 0x33, 0xff, 0xff, 0x66, 0x33, 0xff, 0xff, 0x66, 0x33, 0xff, 0xff, 0x66, 0x33, 0xff,
0xff, 0x66, 0x33, 0xff, 0xff, 0x66, 0x33, 0xff, 0xff, 0x66, 0x33, 0xff, 0xff, 0x66, 0x33,
0xff, 0xff, 0x66, 0x33, 0xff, 0xff, 0x66, 0x33, 0xff, 0xff, 0x66, 0x33, 0xff, 0xff, 0x66,
0x33, 0xff, 0xff, 0x66, 0x33, 0xff, 0xff, 0x66, 0x33, 0xff, 0xff, 0x66, 0x33, 0xff, 0xff,
0x66, 0x33, 0xff, 0xff, 0x66, 0x33, 0xff, 0xff, 0x66, 0x33, 0xff, 0xff, 0x66, 0x33, 0xff,
0xff, 0x66, 0x33, 0xff, 0xff, 0x66, 0x33, 0xff, 0xff, 0x66, 0x33, 0xff, 0xff, 0x66, 0x33,
0xff, 0xff, 0x66, 0x33, 0xff, 0xff, 0x65, 0x32, 0xff, 0xff, 0x5d, 0x27, 0xff, 0xff, 0xa8,
0x8c, 0xff, 0xff, 0xff, 0xff, 0xfe, 0xff, 0xff, 0xff, 0xfe, 0xff, 0xfe, 0xfe, 0xfe, 0xff,
0xfe, 0xfe, 0xfe, 0xff, 0xfe, 0xfe, 0xfe, 0xff, 0xfe, 0xfe, 0xfe, 0xff, 0xfe, 0xfe, 0xfe,
0xff, 0xfe, 0xfe, 0xfe, 0xff, 0xff, 0xff, 0xfe, 0xff, 0xde, 0xd4, 0xff, 0xff, 0x73, 0x44,
0xff, 0xff, 0x5f, 0x2a, 0xff, 0xff, 0x66, 0x33, 0xff, 0xff, 0x66, 0x33, 0xff, 0xff, 0x66,
0x33, 0xff, 0xff, 0x66, 0x33, 0xff, 0xff, 0x61, 0x2c, 0xff, 0xff, 0x6a, 0x38, 0xff, 0xff,
0xce, 0xbe, 0xff, 0xff, 0xff, 0xff, 0xfe, 0xff, 0xdc, 0xd0, 0xfe, 0xff, 0x72, 0x43, 0xff,
0xff, 0x5f, 0x29, 0xff, 0xff, 0x66, 0x33, 0xff, 0xff, 0x66, 0x33, 0xff, 0xff, 0x66, 0x33,
0xff, 0xff, 0x66, 0x33, 0xff, 0xff, 0x60, 0x2c, 0xff, 0xff, 0x69, 0x37, 0xff, 0xff, 0xce,
0xbd, 0xff, 0xff, 0xff, 0xff, 0xfe, 0xff, 0xfe, 0xff, 0xfe, 0xff, 0xfe, 0xfe, 0xfe, 0xff,
0xfe, 0xfe, 0xfe, 0xff, 0xfe, 0xfe, 0xfe, 0xff, 0xfe, 0xfe, 0xfe, 0xff, 0xfe, 0xfe, 0xfe,
0xff, 0xff, 0xff, 0xfe, 0xff, 0xff, 0xff, 0xfe, 0xff, 0xbe, 0xa9, 0xff, 0xff, 0x60, 0x2b,
0xff, 0xff, 0x64, 0x30, 0xff, 0xff, 0x66, 0x33, 0xff, 0xff, 0x66, 0x33, 0xff, 0xff, 0x66,
0x33, 0xff, 0xff, 0x66, 0x33, 0xff, 0xff, 0x66, 0x33, 0xff, 0xff, 0x66, 0x33, 0xff, 0xff,
0x66, 0x33, 0xff, 0xff, 0x66, 0x33, 0xff, 0xff, 0x66, 0x33, 0xff, 0xff, 0x66, 0x33, 0xff,
0xff, 0x66, 0x33, 0xff, 0xff, 0x66, 0x33, 0xff, 0xff, 0x66, 0x33, 0xff, 0xff, 0x66, 0x33,
0xff, 0xff, 0x66, 0x33, 0xff, 0xff, 0x66, 0x33, 0xff, 0xff, 0x66, 0x33, 0xff, 0xff, 0x66,
0x33, 0xff, 0xff, 0x66, 0x33, 0xff, 0xff, 0x66, 0x33, 0xff, 0xff, 0x66, 0x33, 0xff, 0xff,
0x66, 0x33, 0xff, 0xff, 0x66, 0x33, 0xff, 0xff, 0x66, 0x33, 0xff, 0xff, 0x66, 0x33, 0xff,
0xff, 0x66, 0x33, 0xff, 0xff, 0x66, 0x33, 0xff, 0xff, 0x66, 0x33, 0xff, 0xff, 0x66, 0x33,
0xfe, 0xfe, 0x57, 0x2a, 0xe0, 0x4d, 0x55, 0x28, 0xdd, 0x00, 0x55, 0x29, 0xde, 0x00, 0x55,
0x29, 0xde, 0x00, 0xff, 0xff, 0xff, 0x00, 0xff, 0xff, 0xff, 0x00, 0xff, 0xff, 0xff, 0x00,
0xff, 0xff, 0xff, 0x00, 0xff, 0xff, 0xff, 0x00, 0xff, 0xff, 0xff, 0x00, 0xff, 0xff, 0xff,
0x00, 0xff, 0xff, 0xff, 0x00, 0xff, 0xff, 0xff, 0x00, 0xff, 0xff, 0xff, 0x00, 0xff, 0xff,
0xff, 0x00, 0xff, 0xff, 0xff, 0x00, 0xff, 0xff, 0xff, 0x00, 0xff, 0xff, 0xff, 0x00, 0xff,
0xff, 0xff, 0x00, 0xff, 0xff, 0xff, 0x00, 0xff, 0xff, 0xff, 0x00, 0x50, 0x1d, 0xe6, 0x00,
0x50, 0x1d, 0xe6, 0x00, 0x4f, 0x1c, 0xe6, 0x00, 0x53, 0x20, 0xea, 0x13, 0x66, 0x34, 0xff,
0xec, 0x66, 0x33, 0xff, 0xff, 0x66, 0x33, 0xff, 0xff, 0x66, 0x33, 0xff, 0xff, 0x66, 0x33,
0xff, 0xff, 0x66, 0x33, 0xff, 0xff, 0x66, 0x33, 0xff, 0xff, 0x66, 0x33, 0xff, 0xff, 0x66,
0x33, 0xff, 0xff, 0x66, 0x33, 0xff, 0xff, 0x66, 0x33, 0xff, 0xff, 0x66, 0x33, 0xff, 0xff,
0x66, 0x33, 0xff, 0xff, 0x66, 0x33, 0xff, 0xff, 0x66, 0x33, 0xff, 0xff, 0x66, 0x33, 0xff,
0xff, 0x66, 0x33, 0xff, 0xff, 0x66, 0x33, 0xff, 0xff, 0x66, 0x33, 0xff, 0xff, 0x66, 0x33,
0xff, 0xff, 0x66, 0x33, 0xff, 0xff, 0x66, 0x33, 0xff, 0xff, 0x66, 0x33, 0xff, 0xff, 0x66,
0x33, 0xff, 0xff, 0x66, 0x33, 0xff, 0xff, 0x66, 0x33, 0xff, 0xff, 0x66, 0x33, 0xff, 0xff,
0x66, 0x33, 0xff, 0xff, 0x66, 0x33, 0xff, 0xff, 0x66, 0x33, 0xff, 0xff, 0x65, 0x32, 0xff,
0xff, 0x5d, 0x27, 0xff, 0xff, 0xa6, 0x88, 0xff, 0xff, 0xff, 0xff, 0xfe, 0xff, 0xff, 0xff,
0xfe, 0xff, 0xfe, 0xfe, 0xfe, 0xff, 0xfe, 0xfe, 0xfe, 0xff, 0xfe, 0xfe, 0xfe, 0xff, 0xfe,
0xfe, 0xfe, 0xff, 0xfe, 0xfe, 0xfe, 0xff, 0xfe, 0xfe, 0xfe, 0xff, 0xff, 0xff, 0xfe, 0xff,
0xe8, 0xe0, 0xfe, 0xff, 0x7b, 0x4f, 0xff, 0xff, 0x5e, 0x28, 0xff, 0xff, 0x66, 0x33, 0xff,
0xff, 0x66, 0x33, 0xff, 0xff, 0x66, 0x33, 0xff, 0xff, 0x66, 0x33, 0xff, 0xff, 0x62, 0x2e,
0xff, 0xff, 0x67, 0x34, 0xff, 0xff, 0xa3, 0x85, 0xff, 0xff, 0x6e, 0x3e, 0xff, 0xff, 0x61,
0x2c, 0xff, 0xff, 0x66, 0x33, 0xff, 0xff, 0x66, 0x33, 0xff, 0xff, 0x66, 0x33, 0xff, 0xff,
0x66, 0x33, 0xff, 0xff, 0x5f, 0x2a, 0xff, 0xff, 0x70, 0x40, 0xff, 0xff, 0xda, 0xce, 0xff,
0xff, 0xff, 0xff, 0xfe, 0xff, 0xfe, 0xfe, 0xfe, 0xff, 0xfe, 0xfe, 0xfe, 0xff, 0xfe, 0xfe,
0xfe, 0xff, 0xfe, 0xfe, 0xfe, 0xff, 0xfe, 0xfe, 0xfe, 0xff, 0xfe, 0xfe, 0xfe, 0xff, 0xff,
0xff, 0xfe, 0xff, 0xff, 0xff, 0xfe, 0xff, 0xbb, 0xa5, 0xff, 0xff, 0x5f, 0x2a, 0xff, 0xff,
0x64, 0x30, 0xff, 0xff, 0x66, 0x33, 0xff, 0xff, 0x66, 0x33, 0xff, 0xff, 0x66, 0x33, 0xff,
0xff, 0x66, 0x33, 0xff, 0xff, 0x66, 0x33, 0xff, 0xff, 0x66, 0x33, 0xff, 0xff, 0x66, 0x33,
0xff, 0xff, 0x66, 0x33, 0xff, 0xff, 0x66, 0x33, 0xff, 0xff, 0x66, 0x33, 0xff, 0xff, 0x66,
0x33, 0xff, 0xff, 0x66, 0x33, 0xff, 0xff, 0x66, 0x33, 0xff, 0xff, 0x66, 0x33, 0xff, 0xff,
0x66, 0x33, 0xff, 0xff, 0x66, 0x33, 0xff, 0xff, 0x66, 0x33, 0xff, 0xff, 0x66, 0x33, 0xff,
0xff, 0x66, 0x33, 0xff, 0xff, 0x66, 0x33, 0xff, 0xff, 0x66, 0x33, 0xff, 0xff, 0x66, 0x33,
0xff, 0xff, 0x66, 0x33, 0xff, 0xff, 0x66, 0x33, 0xff, 0xff, 0x66, 0x33, 0xff, 0xff, 0x66,
0x33, 0xff, 0xff, 0x66, 0x33, 0xff, 0xff, 0x66, 0x33, 0xff, 0xff, 0x68, 0x34, 0xff, 0xff,
0x5f, 0x30, 0xee, 0xdf, 0x2d, 0x17, 0x74, 0x06, 0x29, 0x15, 0x6b, 0x00, 0x2a, 0x15, 0x6c,
0x00, 0x2a, 0x15, 0x6c, 0x00, 0xff, 0xff, 0xff, 0x00, 0xff, 0xff, 0xff, 0x00, 0xff, 0xff,
0xff, 0x00, 0xff, 0xff, 0xff, 0x00, 0xff, 0xff, 0xff, 0x00, 0xff, 0xff, 0xff, 0x00, 0xff,
0xff, 0xff, 0x00, 0xff, 0xff, 0xff, 0x00, 0xff, 0xff, 0xff, 0x00, 0xff, 0xff, 0xff, 0x00,
0xff, 0xff, 0xff, 0x00, 0xff, 0xff, 0xff, 0x00, 0xff, 0xff, 0xff, 0x00, 0xff, 0xff, 0xff,
0x00, 0xff, 0xff, 0xff, 0x00, 0xff, 0xff, 0xff, 0x00, 0xff, 0xff, 0xff, 0x00, 0x64, 0x2a,
0xec, 0x00, 0x64, 0x2a, 0xec, 0x00, 0x64, 0x2a, 0xec, 0x00, 0x63, 0x29, 0xeb, 0x00, 0x64,
0x2b, 0xf1, 0x7e, 0x66, 0x33, 0xff, 0xff, 0x66, 0x33, 0xff, 0xff, 0x66, 0x33, 0xff, 0xff,
0x66, 0x33, 0xff, 0xff, 0x66, 0x33, 0xff, 0xff, 0x66, 0x33, 0xff, 0xff, 0x66, 0x33, 0xff,
0xff, 0x66, 0x33, 0xff, 0xff, 0x66, 0x33, 0xff, 0xff, 0x66, 0x33, 0xff, 0xff, 0x66, 0x33,
0xff, 0xff, 0x66, 0x33, 0xff, 0xff, 0x66, 0x33, 0xff, 0xff, 0x66, 0x33, 0xff, 0xff, 0x66,
0x33, 0xff, 0xff, 0x66, 0x33, 0xff, 0xff, 0x66, 0x33, 0xff, 0xff, 0x66, 0x33, 0xff, 0xff,
0x66, 0x33, 0xff, 0xff, 0x66, 0x33, 0xff, 0xff, 0x66, 0x33, 0xff, 0xff, 0x66, 0x33, 0xff,
0xff, 0x66, 0x33, 0xff, 0xff, 0x66, 0x33, 0xff, 0xff, 0x66, 0x33, 0xff, 0xff, 0x66, 0x33,
0xff, 0xff, 0x66, 0x33, 0xff, 0xff, 0x66, 0x33, 0xff, 0xff, 0x66, 0x33, 0xff, 0xff, 0x66,
0x33, 0xff, 0xff, 0x65, 0x32, 0xff, 0xff, 0x5c, 0x26, 0xff, 0xff, 0xa0, 0x81, 0xff, 0xff,
0xfd, 0xfd, 0xfe, 0xff, 0xff, 0xff, 0xfe, 0xff, 0xfe, 0xfe, 0xfe, 0xff, 0xfe, 0xfe, 0xfe,
0xff, 0xfe, 0xfe, 0xfe, 0xff, 0xfe, 0xfe, 0xfe, 0xff, 0xfe, 0xfe, 0xfe, 0xff, 0xfe, 0xfe,
0xfe, 0xff, 0xff, 0xff, 0xfe, 0xff, 0xf0, 0xeb, 0xfe, 0xff, 0x85, 0x5d, 0xff, 0xff, 0x5e,
0x28, 0xff, 0xff, 0x66, 0x33, 0xff, 0xff, 0x66, 0x33, 0xff, 0xff, 0x66, 0x33, 0xff, 0xff,
0x66, 0x33, 0xff, 0xff, 0x65, 0x31, 0xff, 0xff, 0x5f, 0x29, 0xff, 0xff, 0x64, 0x30, 0xff,
0xff, 0x66, 0x33, 0xff, 0xff, 0x66, 0x33, 0xff, 0xff, 0x66, 0x33, 0xff, 0xff, 0x66, 0x33,
0xff, 0xff, 0x5f, 0x29, 0xff, 0xff, 0x7a, 0x4d, 0xff, 0xff, 0xe5, 0xdc, 0xff, 0xff, 0xff,
0xff, 0xfe, 0xff, 0xfe, 0xfe, 0xfe, 0xff, 0xfe, 0xfe, 0xfe, 0xff, 0xfe, 0xfe, 0xfe, 0xff,
0xfe, 0xfe, 0xfe, 0xff, 0xfe, 0xfe, 0xfe, 0xff, 0xfe, 0xfe, 0xfe, 0xff, 0xff, 0xff, 0xfe,
0xff, 0xff, 0xff, 0xfe, 0xff, 0xb6, 0x9e, 0xff, 0xff, 0x5f, 0x29, 0xff, 0xff, 0x64, 0x30,
0xff, 0xff, 0x66, 0x33, 0xff, 0xff, 0x66, 0x33, 0xff, 0xff, 0x66, 0x33, 0xff, 0xff, 0x66,
0x33, 0xff, 0xff, 0x66, 0x33, 0xff, 0xff, 0x66, 0x33, 0xff, 0xff, 0x66, 0x33, 0xff, 0xff,
0x66, 0x33, 0xff, 0xff, 0x66, 0x33, 0xff, 0xff, 0x66, 0x33, 0xff, 0xff, 0x66, 0x33, 0xff,
0xff, 0x66, 0x33, 0xff, 0xff, 0x66, 0x33, 0xff, 0xff, 0x66, 0x33, 0xff, 0xff, 0x66, 0x33,
0xff, 0xff, 0x66, 0x33, 0xff, 0xff, 0x66, 0x33, 0xff, 0xff, 0x66, 0x33, 0xff, 0xff, 0x66,
0x33, 0xff, 0xff, 0x66, 0x33, 0xff, 0xff, 0x66, 0x33, 0xff, 0xff, 0x66, 0x33, 0xff, 0xff,
0x66, 0x33, 0xff, 0xff, 0x66, 0x33, 0xff, 0xff, 0x66, 0x33, 0xff, 0xff, 0x66, 0x33, 0xff,
0xff, 0x66, 0x33, 0xff, 0xff, 0x66, 0x33, 0xff, 0xff, 0x66, 0x33, 0xff, 0xff, 0x68, 0x34,
0xff, 0xff, 0x5f, 0x2e, 0xeb, 0x8a, 0x42, 0x1f, 0xa1, 0x00, 0x42, 0x1f, 0xa3, 0x00, 0x42,
0x1f, 0xa3, 0x00, 0x42, 0x1f, 0xa3, 0x00, 0xff, 0xff, 0xff, 0x00, 0xff, 0xff, 0xff, 0x00,
0xff, 0xff, 0xff, 0x00, 0xff, 0xff, 0xff, 0x00, 0xff, 0xff, 0xff, 0x00, 0xff, 0xff, 0xff,
0x00, 0xff, 0xff, 0xff, 0x00, 0xff, 0xff, 0xff, 0x00, 0xff, 0xff, 0xff, 0x00, 0xff, 0xff,
0xff, 0x00, 0xff, 0xff, 0xff, 0x00, 0xff, 0xff, 0xff, 0x00, 0xff, 0xff, 0xff, 0x00, 0xff,
0xff, 0xff, 0x00, 0xff, 0xff, 0xff, 0x00, 0xff, 0xff, 0xff, 0x00, 0xff, 0xff, 0xff, 0x00,
0x5f, 0x1c, 0xd7, 0x00, 0x5f, 0x1c, 0xd7, 0x00, 0x5f, 0x1c, 0xd7, 0x00, 0x5f, 0x1b, 0xd5,
0x00, 0x61, 0x20, 0xde, 0x1e, 0x66, 0x33, 0xfe, 0xf9, 0x66, 0x33, 0xff, 0xff, 0x66, 0x33,
0xff, 0xff, 0x66, 0x33, 0xff, 0xff, 0x66, 0x33, 0xff, 0xff, 0x66, 0x33, 0xff, 0xff, 0x66,
0x33, 0xff, 0xff, 0x66, 0x33, 0xff, 0xff, 0x66, 0x33, 0xff, 0xff, 0x66, 0x33, 0xff, 0xff,
0x66, 0x33, 0xff, 0xff, 0x66, 0x33, 0xff, 0xff, 0x66, 0x33, 0xff, 0xff, 0x66, 0x33, 0xff,
0xff, 0x66, 0x33, 0xff, 0xff, 0x66, 0x33, 0xff, 0xff, 0x66, 0x33, 0xff, 0xff, 0x66, 0x33,
0xff, 0xff, 0x66, 0x33, 0xff, 0xff, 0x66, 0x33, 0xff, 0xff, 0x66, 0x33, 0xff, 0xff, 0x66,
0x33, 0xff, 0xff, 0x66, 0x33, 0xff, 0xff, 0x66, 0x33, 0xff, 0xff, 0x66, 0x33, 0xff, 0xff,
0x66, 0x33, 0xff, 0xff, 0x66, 0x33, 0xff, 0xff, 0x66, 0x33, 0xff, 0xff, 0x66, 0x33, 0xff,
0xff, 0x66, 0x33, 0xff, 0xff, 0x66, 0x33, 0xff, 0xff, 0x65, 0x32, 0xff, 0xff, 0x5c, 0x26,
0xff, 0xff, 0x9c, 0x7b, 0xff, 0xff, 0xff, 0xff, 0xfe, 0xff, 0xff, 0xff, 0xfe, 0xff, 0xfe,
0xfe, 0xfe, 0xff, 0xfe, 0xfe, 0xfe, 0xff, 0xfe, 0xfe, 0xfe, 0xff, 0xfe, 0xfe, 0xfe, 0xff,
0xfe, 0xfe, 0xfe, 0xff, 0xfe, 0xfe, 0xfe, 0xff, 0xff, 0xff, 0xfe, 0xff, 0xf7, 0xf5, 0xfe,
0xff, 0x8f, 0x6a, 0xff, 0xff, 0x5b, 0x25, 0xff, 0xff, 0x65, 0x32, 0xff, 0xff, 0x66, 0x33,
0xff, 0xff, 0x66, 0x33, 0xff, 0xff, 0x66, 0x33, 0xff, 0xff, 0x66, 0x33, 0xff, 0xff, 0x66,
0x33, 0xff, 0xff, 0x66, 0x33, 0xff, 0xff, 0x66, 0x33, 0xff, 0xff, 0x66, 0x33, 0xff, 0xff,
0x5c, 0x26, 0xff, 0xff, 0x7f, 0x55, 0xff, 0xff, 0xf0, 0xeb, 0xfe, 0xff, 0xff, 0xff, 0xfe,
0xff, 0xfe, 0xfe, 0xfe, 0xff, 0xfe, 0xfe, 0xfe, 0xff, 0xfe, 0xfe, 0xfe, 0xff, 0xfe, 0xfe,
0xfe, 0xff, 0xfe, 0xfe, 0xfe, 0xff, 0xfe, 0xfe, 0xfe, 0xff, 0xff, 0xff, 0xfe, 0xff, 0xff,
0xff, 0xfe, 0xff, 0xb2, 0x98, 0xff, 0xff, 0x5d, 0x27, 0xff, 0xff, 0x65, 0x31, 0xff, 0xff,
0x66, 0x33, 0xff, 0xff, 0x66, 0x33, 0xff, 0xff, 0x66, 0x33, 0xff, 0xff, 0x66, 0x33, 0xff,
0xff, 0x66, 0x33, 0xff, 0xff, 0x66, 0x33, 0xff, 0xff, 0x66, 0x33, 0xff, 0xff, 0x66, 0x33,
0xff, 0xff, 0x66, 0x33, 0xff, 0xff, 0x66, 0x33, 0xff, 0xff, 0x66, 0x33, 0xff, 0xff, 0x66,
0x33, 0xff, 0xff, 0x66, 0x33, 0xff, 0xff, 0x66, 0x33, 0xff, 0xff, 0x66, 0x33, 0xff, 0xff,
0x66, 0x33, 0xff, 0xff, 0x66, 0x33, 0xff, 0xff, 0x66, 0x33, 0xff, 0xff, 0x66, 0x33, 0xff,
0xff, 0x66, 0x33, 0xff, 0xff, 0x66, 0x33, 0xff, 0xff, 0x66, 0x33, 0xff, 0xff, 0x66, 0x33,
0xff, 0xff, 0x66, 0x33, 0xff, 0xff, 0x66, 0x33, 0xff, 0xff, 0x66, 0x33, 0xff, 0xff, 0x66,
0x33, 0xff, 0xff, 0x66, 0x33, 0xff, 0xff, 0x66, 0x33, 0xff, 0xff, 0x67, 0x34, 0xff, 0xff,
0x62, 0x31, 0xf7, 0xf3, 0x3b, 0x1c, 0x98, 0x19, 0x3b, 0x1b, 0x98, 0x00, 0x3b, 0x1c, 0x98,
0x00, 0x3b, 0x1c, 0x98, 0x00, 0x3b, 0x1c, 0x98, 0x00, 0xff, 0xff, 0xff, 0x00, 0xff, 0xff,
0xff, 0x00, 0xff, 0xff, 0xff, 0x00, 0xff, 0xff, 0xff, 0x00, 0xff, 0xff, 0xff, 0x00, 0xff,
0xff, 0xff, 0x00, 0xff, 0xff, 0xff, 0x00, 0xff, 0xff, 0xff, 0x00, 0xff, 0xff, 0xff, 0x00,
0xff, 0xff, 0xff, 0x00, 0xff, 0xff, 0xff, 0x00, 0xff, 0xff, 0xff, 0x00, 0xff, 0xff, 0xff,
0x00, 0xff, 0xff, 0xff, 0x00, 0xff, 0xff, 0xff, 0x00, 0xff, 0xff, 0xff, 0x00, 0xff, 0xff,
0xff, 0x00, 0x63, 0x2e, 0xf5, 0x00, 0x63, 0x2e, 0xf5, 0x00, 0x63, 0x2e, 0xf5, 0x00, 0x63,
0x2e, 0xf5, 0x00, 0x63, 0x2d, 0xf4, 0x00, 0x64, 0x31, 0xfb, 0x93, 0x66, 0x33, 0xff, 0xff,
0x66, 0x33, 0xff, 0xff, 0x66, 0x33, 0xff, 0xff, 0x66, 0x33, 0xff, 0xff, 0x66, 0x33, 0xff,
0xff, 0x66, 0x33, 0xff, 0xff, 0x66, 0x33, 0xff, 0xff, 0x66, 0x33, 0xff, 0xff, 0x66, 0x33,
0xff, 0xff, 0x66, 0x33, 0xff, 0xff, 0x66, 0x33, 0xff, 0xff, 0x66, 0x33, 0xff, 0xff, 0x66,
0x33, 0xff, 0xff, 0x66, 0x33, 0xff, 0xff, 0x66, 0x33, 0xff, 0xff, 0x66, 0x33, 0xff, 0xff,
0x66, 0x33, 0xff, 0xff, 0x66, 0x33, 0xff, 0xff, 0x66, 0x33, 0xff, 0xff, 0x66, 0x33, 0xff,
0xff, 0x66, 0x33, 0xff, 0xff, 0x66, 0x33, 0xff, 0xff, 0x66, 0x33, 0xff, 0xff, 0x66, 0x33,
0xff, 0xff, 0x66, 0x33, 0xff, 0xff, 0x66, 0x33, 0xff, 0xff, 0x66, 0x33, 0xff, 0xff, 0x66,
0x33, 0xff, 0xff, 0x66, 0x33, 0xff, 0xff, 0x66, 0x33, 0xff, 0xff, 0x66, 0x33, 0xff, 0xff,
0x65, 0x32, 0xff, 0xff, 0x5e, 0x29, 0xff, 0xff, 0x97, 0x75, 0xff, 0xff, 0xf8, 0xf6, 0xfe,
0xff, 0xff, 0xff, 0xfe, 0xff, 0xfe, 0xfe, 0xfe, 0xff, 0xfe, 0xfe, 0xfe, 0xff, 0xfe, 0xfe,
0xfe, 0xff, 0xfe, 0xfe, 0xfe, 0xff, 0xfe, 0xfe, 0xfe, 0xff, 0xfe, 0xfe, 0xfe, 0xff, 0xff,
0xff, 0xfe, 0xff, 0xfb, 0xf9, 0xfe, 0xff, 0xa1, 0x82, 0xff, 0xff, 0x5e, 0x28, 0xff, 0xff,
0x64, 0x30, 0xff, 0xff, 0x66, 0x33, 0xff, 0xff, 0x66, 0x33, 0xff, 0xff, 0x66, 0x33, 0xff,
0xff, 0x66, 0x33, 0xff, 0xff, 0x66, 0x33, 0xff, 0xff, 0x65, 0x31, 0xff, 0xff, 0x5d, 0x28,
0xff, 0xff, 0x91, 0x6c, 0xff, 0xff, 0xf2, 0xee, 0xfe, 0xff, 0xff, 0xff, 0xfe, 0xff, 0xfe,
0xfe, 0xfe, 0xff, 0xfe, 0xfe, 0xfe, 0xff, 0xfe, 0xfe, 0xfe, 0xff, 0xfe, 0xfe, 0xfe, 0xff,
0xfe, 0xfe, 0xfe, 0xff, 0xfe, 0xfe, 0xfe, 0xff, 0xff, 0xff, 0xfe, 0xff, 0xfe, 0xfe, 0xfe,
0xff, 0xaa, 0x8d, 0xff, 0xff, 0x5e, 0x29, 0xff, 0xff, 0x65, 0x31, 0xff, 0xff, 0x66, 0x33,
0xff, 0xff, 0x66, 0x33, 0xff, 0xff, 0x66, 0x33, 0xff, 0xff, 0x66, 0x33, 0xff, 0xff, 0x66,
0x33, 0xff, 0xff, 0x66, 0x33, 0xff, 0xff, 0x66, 0x33, 0xff, 0xff, 0x66, 0x33, 0xff, 0xff,
0x66, 0x33, 0xff, 0xff, 0x66, 0x33, 0xff, 0xff, 0x66, 0x33, 0xff, 0xff, 0x66, 0x33, 0xff,
0xff, 0x66, 0x33, 0xff, 0xff, 0x66, 0x33, 0xff, 0xff, 0x66, 0x33, 0xff, 0xff, 0x66, 0x33,
0xff, 0xff, 0x66, 0x33, 0xff, 0xff, 0x66, 0x33, 0xff, 0xff, 0x66, 0x33, 0xff, 0xff, 0x66,
0x33, 0xff, 0xff, 0x66, 0x33, 0xff, 0xff, 0x66, 0x33, 0xff, 0xff, 0x66, 0x33, 0xff, 0xff,
0x66, 0x33, 0xff, 0xff, 0x66, 0x33, 0xff, 0xff, 0x66, 0x33, 0xff, 0xff, 0x66, 0x33, 0xff,
0xff, 0x66, 0x33, 0xff, 0xff, 0x66, 0x33, 0xff, 0xff, 0x66, 0x33, 0xff, 0xff, 0x66, 0x33,
0xff, 0xff, 0x64, 0x31, 0xf9, 0xa8, 0x53, 0x25, 0xd1, 0x00, 0x52, 0x24, 0xcf, 0x00, 0x52,
0x25, 0xcf, 0x00, 0x52, 0x25, 0xcf, 0x00, 0x52, 0x25, 0xcf, 0x00, 0xff, 0xff, 0xff, 0x00,
0xff, 0xff, 0xff, 0x00, 0xff, 0xff, 0xff, 0x00, 0xff, 0xff, 0xff, 0x00, 0xff, 0xff, 0xff,
0x00, 0xff, 0xff, 0xff, 0x00, 0xff, 0xff, 0xff, 0x00, 0xff, 0xff, 0xff, 0x00, 0xff, 0xff,
0xff, 0x00, 0xff, 0xff, 0xff, 0x00, 0xff, 0xff, 0xff, 0x00, 0xff, 0xff, 0xff, 0x00, 0xff,
0xff, 0xff, 0x00, 0xff, 0xff, 0xff, 0x00, 0xff, 0xff, 0xff, 0x00, 0xff, 0xff, 0xff, 0x00,
0xff, 0xff, 0xff, 0x00, 0x63, 0x31, 0xf9, 0x00, 0x63, 0x31, 0xf9, 0x00, 0x63, 0x31, 0xf9,
0x00, 0x63, 0x31, 0xf9, 0x00, 0x63, 0x31, 0xf8, 0x00, 0x64, 0x31, 0xf9, 0x20, 0x66, 0x33,
0xff, 0xf8, 0x66, 0x33, 0xff, 0xff, 0x66, 0x33, 0xff, 0xff, 0x66, 0x33, 0xff, 0xff, 0x66,
0x33, 0xff, 0xff, 0x66, 0x33, 0xff, 0xff, 0x66, 0x33, 0xff, 0xff, 0x66, 0x33, 0xff, 0xff,
0x66, 0x33, 0xff, 0xff, 0x66, 0x33, 0xff, 0xff, 0x66, 0x33, 0xff, 0xff, 0x66, 0x33, 0xff,
0xff, 0x66, 0x33, 0xff, 0xff, 0x66, 0x33, 0xff, 0xff, 0x66, 0x33, 0xff, 0xff, 0x66, 0x33,
0xff, 0xff, 0x66, 0x33, 0xff, 0xff, 0x66, 0x33, 0xff, 0xff, 0x66, 0x33, 0xff, 0xff, 0x66,
0x33, 0xff, 0xff, 0x66, 0x33, 0xff, 0xff, 0x66, 0x33, 0xff, 0xff, 0x66, 0x33, 0xff, 0xff,
0x66, 0x33, 0xff, 0xff, 0x66, 0x33, 0xff, 0xff, 0x66, 0x33, 0xff, 0xff, 0x66, 0x33, 0xff,
0xff, 0x66, 0x33, 0xff, 0xff, 0x66, 0x33, 0xff, 0xff, 0x66, 0x33, 0xff, 0xff, 0x66, 0x33,
0xff, 0xff, 0x66, 0x33, 0xff, 0xff, 0x65, 0x32, 0xff, 0xff, 0x5c, 0x26, 0xff, 0xff, 0x8a,
0x63, 0xff, 0xff, 0xf3, 0xf0, 0xfe, 0xff, 0xff, 0xff, 0xfe, 0xff, 0xfe, 0xfe, 0xfe, 0xff,
0xfe, 0xfe, 0xfe, 0xff, 0xfe, 0xfe, 0xfe, 0xff, 0xfe, 0xfe, 0xfe, 0xff, 0xfe, 0xfe, 0xfe,
0xff, 0xfe, 0xfe, 0xfe, 0xff, 0xff, 0xff, 0xfe, 0xff, 0xff, 0xff, 0xfe, 0xff, 0xb5, 0x9d,
0xff, 0xff, 0x61, 0x2d, 0xff, 0xff, 0x63, 0x2e, 0xff, 0xff, 0x66, 0x33, 0xff, 0xff, 0x66,
0x33, 0xff, 0xff, 0x66, 0x33, 0xff, 0xff, 0x64, 0x30, 0xff, 0xff, 0x5e, 0x29, 0xff, 0xff,
0xa2, 0x83, 0xff, 0xff, 0xfe, 0xfe, 0xfe, 0xff, 0xff, 0xff, 0xfe, 0xff, 0xfe, 0xfe, 0xfe,
0xff, 0xfe, 0xfe, 0xfe, 0xff, 0xfe, 0xfe, 0xfe, 0xff, 0xfe, 0xfe, 0xfe, 0xff, 0xfe, 0xfe,
0xfe, 0xff, 0xfe, 0xfe, 0xfe, 0xff, 0xff, 0xff, 0xfe, 0xff, 0xfb, 0xfa, 0xfe, 0xff, 0x9d,
0x7d, 0xff, 0xff, 0x5c, 0x25, 0xff, 0xff, 0x65, 0x32, 0xff, 0xff, 0x66, 0x33, 0xff, 0xff,
0x66, 0x33, 0xff, 0xff, 0x66, 0x33, 0xff, 0xff, 0x66, 0x33, 0xff, 0xff, 0x66, 0x33, 0xff,
0xff, 0x66, 0x33, 0xff, 0xff, 0x66, 0x33, 0xff, 0xff, 0x66, 0x33, 0xff, 0xff, 0x66, 0x33,
0xff, 0xff, 0x66, 0x33, 0xff, 0xff, 0x66, 0x33, 0xff, 0xff, 0x66, 0x33, 0xff, 0xff, 0x66,
0x33, 0xff, 0xff, 0x66, 0x33, 0xff, 0xff, 0x66, 0x33, 0xff, 0xff, 0x66, 0x33, 0xff, 0xff,
0x66, 0x33, 0xff, 0xff, 0x66, 0x33, 0xff, 0xff, 0x66, 0x33, 0xff, 0xff, 0x66, 0x33, 0xff,
0xff, 0x66, 0x33, 0xff, 0xff, 0x66, 0x33, 0xff, 0xff, 0x66, 0x33, 0xff, 0xff, 0x66, 0x33,
0xff, 0xff, 0x66, 0x33, 0xff, 0xff, 0x66, 0x33, 0xff, 0xff, 0x66, 0x33, 0xff, 0xff, 0x66,
0x33, 0xff, 0xff, 0x66, 0x33, 0xff, 0xff, 0x66, 0x33, 0xff, 0xff, 0x66, 0x33, 0xff, 0xff,
0x66, 0x33, 0xff, 0xf7, 0x64, 0x32, 0xfa, 0x25, 0x66, 0x34, 0xfd, 0x00, 0x66, 0x34, 0xfd,
0x00, 0x66, 0x34, 0xfd, 0x00, 0x66, 0x34, 0xfd, 0x00, 0x66, 0x34, 0xfd, 0x00, 0xff, 0xff,
0xff, 0x00, 0xff, 0xff, 0xff, 0x00, 0xff, 0xff, 0xff, 0x00, 0xff, 0xff, 0xff, 0x00, 0xff,
0xff, 0xff, 0x00, 0xff, 0xff, 0xff, 0x00, 0xff, 0xff, 0xff, 0x00, 0xff, 0xff, 0xff, 0x00,
0xff, 0xff, 0xff, 0x00, 0xff, 0xff, 0xff, 0x00, 0xff, 0xff, 0xff, 0x00, 0xff, 0xff, 0xff,
0x00, 0xff, 0xff, 0xff, 0x00, 0xff, 0xff, 0xff, 0x00, 0xff, 0xff, 0xff, 0x00, 0xff, 0xff,
0xff, 0x00, 0xff, 0xff, 0xff, 0x00, 0x61, 0x30, 0xf8, 0x00, 0x61, 0x30, 0xf8, 0x00, 0x61,
0x30, 0xf8, 0x00, 0x61, 0x30, 0xf8, 0x00, 0x61, 0x30, 0xf8, 0x00, 0x61, 0x30, 0xf8, 0x00,
0x64, 0x32, 0xfd, 0x91, 0x66, 0x33, 0xff, 0xff, 0x66, 0x33, 0xff, 0xff, 0x66, 0x33, 0xff,
0xff, 0x66, 0x33, 0xff, 0xff, 0x66, 0x33, 0xff, 0xff, 0x66, 0x33, 0xff, 0xff, 0x66, 0x33,
0xff, 0xff, 0x66, 0x33, 0xff, 0xff, 0x66, 0x33, 0xff, 0xff, 0x66, 0x33, 0xff, 0xff, 0x66,
0x33, 0xff, 0xff, 0x66, 0x33, 0xff, 0xff, 0x66, 0x33, 0xff, 0xff, 0x66, 0x33, 0xff, 0xff,
0x66, 0x33, 0xff, 0xff, 0x66, 0x33, 0xff, 0xff, 0x66, 0x33, 0xff, 0xff, 0x66, 0x33, 0xff,
0xff, 0x66, 0x33, 0xff, 0xff, 0x66, 0x33, 0xff, 0xff, 0x66, 0x33, 0xff, 0xff, 0x66, 0x33,
0xff, 0xff, 0x66, 0x33, 0xff, 0xff, 0x66, 0x33, 0xff, 0xff, 0x66, 0x33, 0xff, 0xff, 0x66,
0x33, 0xff, 0xff, 0x66, 0x33, 0xff, 0xff, 0x66, 0x33, 0xff, 0xff, 0x66, 0x33, 0xff, 0xff,
0x66, 0x33, 0xff, 0xff, 0x66, 0x33, 0xff, 0xff, 0x66, 0x33, 0xff, 0xff, 0x66, 0x33, 0xff,
0xff, 0x5d, 0x28, 0xff, 0xff, 0x82, 0x58, 0xff, 0xff, 0xee, 0xe8, 0xfe, 0xff, 0xff, 0xff,
0xfe, 0xff, 0xfe, 0xfe, 0xfe, 0xff, 0xfe, 0xfe, 0xfe, 0xff, 0xfe, 0xfe, 0xfe, 0xff, 0xfe,
0xfe, 0xfe, 0xff, 0xfe, 0xfe, 0xfe, 0xff, 0xfe, 0xfe, 0xfe, 0xff, 0xff, 0xff, 0xfe, 0xff,
0xff, 0xff, 0xfe, 0xff, 0xc8, 0xb6, 0xff, 0xff, 0x68, 0x35, 0xff, 0xff, 0x61, 0x2c, 0xff,
0xff, 0x67, 0x34, 0xff, 0xff, 0x62, 0x2e, 0xff, 0xff, 0x61, 0x2c, 0xff, 0xff, 0xb4, 0x9b,
0xff, 0xff, 0xff, 0xff, 0xfe, 0xff, 0xff, 0xff, 0xfe, 0xff, 0xfe, 0xfe, 0xfe, 0xff, 0xfe,
0xfe, 0xfe, 0xff, 0xfe, 0xfe, 0xfe, 0xff, 0xfe, 0xfe, 0xfe, 0xff, 0xfe, 0xfe, 0xfe, 0xff,
0xfe, 0xfe, 0xfe, 0xff, 0xff, 0xff, 0xfe, 0xff, 0xf7, 0xf4, 0xfe, 0xff, 0x92, 0x6e, 0xff,
0xff, 0x5c, 0x25, 0xff, 0xff, 0x66, 0x32, 0xff, 0xff, 0x66, 0x33, 0xff, 0xff, 0x66, 0x33,
0xff, 0xff, 0x66, 0x33, 0xff, 0xff, 0x66, 0x33, 0xff, 0xff, 0x66, 0x33, 0xff, 0xff, 0x66,
0x33, 0xff, 0xff, 0x66, 0x33, 0xff, 0xff, 0x66, 0x33, 0xff, 0xff, 0x66, 0x33, 0xff, 0xff,
0x66, 0x33, 0xff, 0xff, 0x66, 0x33, 0xff, 0xff, 0x66, 0x33, 0xff, 0xff, 0x66, 0x33, 0xff,
0xff, 0x66, 0x33, 0xff, 0xff, 0x66, 0x33, 0xff, 0xff, 0x66, 0x33, 0xff, 0xff, 0x66, 0x33,
0xff, 0xff, 0x66, 0x33, 0xff, 0xff, 0x66, 0x33, 0xff, 0xff, 0x66, 0x33, 0xff, 0xff, 0x66,
0x33, 0xff, 0xff, 0x66, 0x33, 0xff, 0xff, 0x66, 0x33, 0xff, 0xff, 0x66, 0x33, 0xff, 0xff,
0x66, 0x33, 0xff, 0xff, 0x66, 0x33, 0xff, 0xff, 0x66, 0x33, 0xff, 0xff, 0x66, 0x33, 0xff,
0xff, 0x66, 0x33, 0xff, 0xff, 0x66, 0x33, 0xff, 0xff, 0x66, 0x33, 0xff, 0xff, 0x67, 0x33,
0xff, 0xff, 0x69, 0x32, 0xff, 0xa7, 0x66, 0x2f, 0xff, 0x00, 0x66, 0x2f, 0xff, 0x00, 0x66,
0x2f, 0xff, 0x00, 0x66, 0x2f, 0xff, 0x00, 0x66, 0x2f, 0xff, 0x00, 0x66, 0x2f, 0xff, 0x00,
0xff, 0xff, 0xff, 0x00, 0xff, 0xff, 0xff, 0x00, 0xff, 0xff, 0xff, 0x00, 0xff, 0xff, 0xff,
0x00, 0xff, 0xff, 0xff, 0x00, 0xff, 0xff, 0xff, 0x00, 0xff, 0xff, 0xff, 0x00, 0xff, 0xff,
0xff, 0x00, 0xff, 0xff, 0xff, 0x00, 0xff, 0xff, 0xff, 0x00, 0xff, 0xff, 0xff, 0x00, 0xff,
0xff, 0xff, 0x00, 0xff, 0xff, 0xff, 0x00, 0xff, 0xff, 0xff, 0x00, 0xff, 0xff, 0xff, 0x00,
0xff, 0xff, 0xff, 0x00, 0xff, 0xff, 0xff, 0x00, 0x59, 0x29, 0xea, 0x00, 0x59, 0x29, 0xea,
0x00, 0x59, 0x29, 0xea, 0x00, 0x59, 0x29, 0xea, 0x00, 0x59, 0x29, 0xea, 0x00, 0x59, 0x29,
0xea, 0x00, 0x5b, 0x2a, 0xec, 0x1e, 0x65, 0x32, 0xfd, 0xf6, 0x66, 0x33, 0xff, 0xff, 0x66,
0x33, 0xff, 0xff, 0x66, 0x33, 0xff, 0xff, 0x66, 0x33, 0xff, 0xff, 0x66, 0x33, 0xff, 0xff,
0x66, 0x33, 0xff, 0xff, 0x66, 0x33, 0xff, 0xff, 0x66, 0x33, 0xff, 0xff, 0x66, 0x33, 0xff,
0xff, 0x66, 0x33, 0xff, 0xff, 0x66, 0x33, 0xff, 0xff, 0x66, 0x33, 0xff, 0xff, 0x66, 0x33,
0xff, 0xff, 0x66, 0x33, 0xff, 0xff, 0x66, 0x33, 0xff, 0xff, 0x66, 0x33, 0xff, 0xff, 0x66,
0x33, 0xff, 0xff, 0x66, 0x33, 0xff, 0xff, 0x66, 0x33, 0xff, 0xff, 0x66, 0x33, 0xff, 0xff,
0x66, 0x33, 0xff, 0xff, 0x66, 0x33, 0xff, 0xff, 0x66, 0x33, 0xff, 0xff, 0x66, 0x33, 0xff,
0xff, 0x66, 0x33, 0xff, 0xff, 0x66, 0x33, 0xff, 0xff, 0x66, 0x33, 0xff, 0xff, 0x66, 0x33,
0xff, 0xff, 0x66, 0x33, 0xff, 0xff, 0x66, 0x33, 0xff, 0xff, 0x66, 0x33, 0xff, 0xff, 0x66,
0x33, 0xff, 0xff, 0x66, 0x33, 0xff, 0xff, 0x5e, 0x29, 0xff, 0xff, 0x79, 0x4d, 0xff, 0xff,
0xe6, 0xde, 0xfe, 0xff, 0xff, 0xff, 0xfe, 0xff, 0xfe, 0xfe, 0xfe, 0xff, 0xfe, 0xfe, 0xfe,
0xff, 0xfe, 0xfe, 0xfe, 0xff, 0xfe, 0xfe, 0xfe, 0xff, 0xfe, 0xfe, 0xfe, 0xff, 0xfe, 0xfe,
0xfe, 0xff, 0xff, 0xff, 0xfe, 0xff, 0xff, 0xff, 0xfe, 0xff, 0xd9, 0xcc, 0xff, 0xff, 0x71,
0x42, 0xff, 0xff, 0x5b, 0x24, 0xff, 0xff, 0x68, 0x35, 0xff, 0xff, 0xc7, 0xb4, 0xff, 0xff,
0xff, 0xff, 0xfe, 0xff, 0xff, 0xff, 0xfe, 0xff, 0xfe, 0xfe, 0xfe, 0xff, 0xfe, 0xfe, 0xfe,
0xff, 0xfe, 0xfe, 0xfe, 0xff, 0xfe, 0xfe, 0xfe, 0xff, 0xfe, 0xfe, 0xfe, 0xff, 0xfe, 0xfe,
0xfe, 0xff, 0xff, 0xff, 0xfe, 0xff, 0xf0, 0xeb, 0xfe, 0xff, 0x87, 0x5f, 0xff, 0xff, 0x5c,
0x26, 0xff, 0xff, 0x66, 0x33, 0xff, 0xff, 0x66, 0x33, 0xff, 0xff, 0x66, 0x33, 0xff, 0xff,
0x66, 0x33, 0xff, 0xff, 0x66, 0x33, 0xff, 0xff, 0x66, 0x33, 0xff, 0xff, 0x66, 0x33, 0xff,
0xff, 0x66, 0x33, 0xff, 0xff, 0x66, 0x33, 0xff, 0xff, 0x66, 0x33, 0xff, 0xff, 0x66, 0x33,
0xff, 0xff, 0x66, 0x33, 0xff, 0xff, 0x66, 0x33, 0xff, 0xff, 0x66, 0x33, 0xff, 0xff, 0x66,
0x33, 0xff, 0xff, 0x66, 0x33, 0xff, 0xff, 0x66, 0x33, 0xff, 0xff, 0x66, 0x33, 0xff, 0xff,
0x66, 0x33, 0xff, 0xff, 0x66, 0x33, 0xff, 0xff, 0x66, 0x33, 0xff, 0xff, 0x66, 0x33, 0xff,
0xff, 0x66, 0x33, 0xff, 0xff, 0x66, 0x33, 0xff, 0xff, 0x66, 0x33, 0xff, 0xff, 0x66, 0x33,
0xff, 0xff, 0x66, 0x33, 0xff, 0xff, 0x66, 0x33, 0xff, 0xff, 0x66, 0x33, 0xff, 0xff, 0x66,
0x33, 0xff, 0xff, 0x66, 0x33, 0xff, 0xff, 0x66, 0x33, 0xff, 0xff, 0x67, 0x33, 0xff, 0xff,
0x62, 0x32, 0xf5, 0xf3, 0x44, 0x20, 0xb5, 0x1f, 0x41, 0x1d, 0xb0, 0x00, 0x42, 0x1e, 0xb1,
0x00, 0x42, 0x1e, 0xb1, 0x00, 0x42, 0x1e, 0xb1, 0x00, 0x42, 0x1e, 0xb1, 0x00, 0x42, 0x1e,
0xb1, 0x00, 0xff, 0xff, 0xff, 0x00, 0xff, 0xff, 0xff, 0x00, 0xff, 0xff, 0xff, 0x00, 0xff,
0xff, 0xff, 0x00, 0xff, 0xff, 0xff, 0x00, 0xff, 0xff, 0xff, 0x00, 0xff, 0xff, 0xff, 0x00,
0xff, 0xff, 0xff, 0x00, 0xff, 0xff, 0xff, 0x00, 0xff, 0xff, 0xff, 0x00, 0xff, 0xff, 0xff,
0x00, 0xff, 0xff, 0xff, 0x00, 0xff, 0xff, 0xff, 0x00, 0xff, 0xff, 0xff, 0x00, 0xff, 0xff,
0xff, 0x00, 0xff, 0xff, 0xff, 0x00, 0xff, 0xff, 0xff, 0x00, 0x4c, 0x11, 0xd2, 0x00, 0x4c,
0x11, 0xd2, 0x00, 0x4c, 0x11, 0xd2, 0x00, 0x4c, 0x11, 0xd2, 0x00, 0x4c, 0x11, 0xd2, 0x00,
0x4c, 0x11, 0xd2, 0x00, 0x4b, 0x11, 0xd1, 0x00, 0x5f, 0x2b, 0xf3, 0x81, 0x67, 0x34, 0xff,
0xff, 0x66, 0x33, 0xff, 0xff, 0x66, 0x33, 0xff, 0xff, 0x66, 0x33, 0xff, 0xff, 0x66, 0x33,
0xff, 0xff, 0x66, 0x33, 0xff, 0xff, 0x66, 0x33, 0xff, 0xff, 0x66, 0x33, 0xff, 0xff, 0x66,
0x33, 0xff, 0xff, 0x66, 0x33, 0xff, 0xff, 0x66, 0x33, 0xff, 0xff, 0x66, 0x33, 0xff, 0xff,
0x66, 0x33, 0xff, 0xff, 0x66, 0x33, 0xff, 0xff, 0x66, 0x33, 0xff, 0xff, 0x66, 0x33, 0xff,
0xff, 0x66, 0x33, 0xff, 0xff, 0x66, 0x33, 0xff, 0xff, 0x66, 0x33, 0xff, 0xff, 0x66, 0x33,
0xff, 0xff, 0x66, 0x33, 0xff, 0xff, 0x66, 0x33, 0xff, 0xff, 0x66, 0x33, 0xff, 0xff, 0x66,
0x33, 0xff, 0xff, 0x66, 0x33, 0xff, 0xff, 0x66, 0x33, 0xff, 0xff, 0x66, 0x33, 0xff, 0xff,
0x66, 0x33, 0xff, 0xff, 0x66, 0x33, 0xff, 0xff, 0x66, 0x33, 0xff, 0xff, 0x66, 0x33, 0xff,
0xff, 0x66, 0x33, 0xff, 0xff, 0x66, 0x33, 0xff, 0xff, 0x66, 0x33, 0xff, 0xff, 0x5f, 0x2a,
0xff, 0xff, 0x71, 0x41, 0xff, 0xff, 0xdd, 0xd1, 0xff, 0xff, 0xff, 0xff, 0xfe, 0xff, 0xfe,
0xff, 0xfe, 0xff, 0xfe, 0xfe, 0xfe, 0xff, 0xfe, 0xfe, 0xfe, 0xff, 0xfe, 0xfe, 0xfe, 0xff,
0xfe, 0xfe, 0xfe, 0xff, 0xfe, 0xfe, 0xfe, 0xff, 0xfe, 0xfe, 0xfe, 0xff, 0xff, 0xff, 0xfe,
0xff, 0xe6, 0xde, 0xfe, 0xff, 0x87, 0x5f, 0xff, 0xff, 0xd7, 0xca, 0xff, 0xff, 0xff, 0xff,
0xfe, 0xff, 0xfe, 0xff, 0xfe, 0xff, 0xfe, 0xfe, 0xfe, 0xff, 0xfe, 0xfe, 0xfe, 0xff, 0xfe,
0xfe, 0xfe, 0xff, 0xfe, 0xfe, 0xfe, 0xff, 0xfe, 0xfe, 0xfe, 0xff, 0xfe, 0xfe, 0xfe, 0xff,
0xff, 0xff, 0xfe, 0xff, 0xe8, 0xe0, 0xfe, 0xff, 0x7b, 0x50, 0xff, 0xff, 0x5e, 0x28, 0xff,
0xff, 0x66, 0x33, 0xff, 0xff, 0x66, 0x33, 0xff, 0xff, 0x66, 0x33, 0xff, 0xff, 0x66, 0x33,
0xff, 0xff, 0x66, 0x33, 0xff, 0xff, 0x66, 0x33, 0xff, 0xff, 0x66, 0x33, 0xff, 0xff, 0x66,
0x33, 0xff, 0xff, 0x66, 0x33, 0xff, 0xff, 0x66, 0x33, 0xff, 0xff, 0x66, 0x33, 0xff, 0xff,
0x66, 0x33, 0xff, 0xff, 0x66, 0x33, 0xff, 0xff, 0x66, 0x33, 0xff, 0xff, 0x66, 0x33, 0xff,
0xff, 0x66, 0x33, 0xff, 0xff, 0x66, 0x33, 0xff, 0xff, 0x66, 0x33, 0xff, 0xff, 0x66, 0x33,
0xff, 0xff, 0x66, 0x33, 0xff, 0xff, 0x66, 0x33, 0xff, 0xff, 0x66, 0x33, 0xff, 0xff, 0x66,
0x33, 0xff, 0xff, 0x66, 0x33, 0xff, 0xff, 0x66, 0x33, 0xff, 0xff, 0x66, 0x33, 0xff, 0xff,
0x66, 0x33, 0xff, 0xff, 0x66, 0x33, 0xff, 0xff, 0x66, 0x33, 0xff, 0xff, 0x66, 0x33, 0xff,
0xff, 0x66, 0x33, 0xff, 0xff, 0x66, 0x33, 0xff, 0xff, 0x66, 0x33, 0xff, 0xff, 0x68, 0x34,
0xff, 0xff, 0x5c, 0x2b, 0xe5, 0x8d, 0x31, 0x15, 0x7c, 0x00, 0x30, 0x15, 0x7a, 0x00, 0x31,
0x15, 0x7b, 0x00, 0x31, 0x15, 0x7b, 0x00, 0x31, 0x15, 0x7b, 0x00, 0x31, 0x15, 0x7b, 0x00,
0x31, 0x15, 0x7b, 0x00, 0xff, 0xff, 0xff, 0x00, 0xff, 0xff, 0xff, 0x00, 0xff, 0xff, 0xff,
0x00, 0xff, 0xff, 0xff, 0x00, 0xff, 0xff, 0xff, 0x00, 0xff, 0xff, 0xff, 0x00, 0xff, 0xff,
0xff, 0x00, 0xff, 0xff, 0xff, 0x00, 0xff, 0xff, 0xff, 0x00, 0xff, 0xff, 0xff, 0x00, 0xff,
0xff, 0xff, 0x00, 0xff, 0xff, 0xff, 0x00, 0xff, 0xff, 0xff, 0x00, 0xff, 0xff, 0xff, 0x00,
0xff, 0xff, 0xff, 0x00, 0xff, 0xff, 0xff, 0x00, 0xff, 0xff, 0xff, 0x00, 0x5d, 0x2a, 0xf1,
0x00, 0x5d, 0x2a, 0xf1, 0x00, 0x5d, 0x2a, 0xf1, 0x00, 0x5d, 0x2a, 0xf1, 0x00, 0x5d, 0x2a,
0xf1, 0x00, 0x5d, 0x2a, 0xf1, 0x00, 0x5d, 0x2a, 0xf1, 0x00, 0x5d, 0x2a, 0xf1, 0x12, 0x66,
0x33, 0xff, 0xe6, 0x66, 0x33, 0xff, 0xff, 0x66, 0x33, 0xff, 0xff, 0x66, 0x33, 0xff, 0xff,
0x66, 0x33, 0xff, 0xff, 0x66, 0x33, 0xff, 0xff, 0x66, 0x33, 0xff, 0xff, 0x66, 0x33, 0xff,
0xff, 0x66, 0x33, 0xff, 0xff, 0x66, 0x33, 0xff, 0xff, 0x66, 0x33, 0xff, 0xff, 0x66, 0x33,
0xff, 0xff, 0x66, 0x33, 0xff, 0xff, 0x66, 0x33, 0xff, 0xff, 0x66, 0x33, 0xff, 0xff, 0x66,
0x33, 0xff, 0xff, 0x66, 0x33, 0xff, 0xff, 0x66, 0x33, 0xff, 0xff, 0x66, 0x33, 0xff, 0xff,
0x66, 0x33, 0xff, 0xff, 0x66, 0x33, 0xff, 0xff, 0x66, 0x33, 0xff, 0xff, 0x66, 0x33, 0xff,
0xff, 0x66, 0x33, 0xff, 0xff, 0x66, 0x33, 0xff, 0xff, 0x66, 0x33, 0xff, 0xff, 0x66, 0x33,
0xff, 0xff, 0x66, 0x33, 0xff, 0xff, 0x66, 0x33, 0xff, 0xff, 0x66, 0x33, 0xff, 0xff, 0x66,
0x33, 0xff, 0xff, 0x66, 0x33, 0xff, 0xff, 0x66, 0x33, 0xff, 0xff, 0x66, 0x33, 0xff, 0xff,
0x66, 0x33, 0xff, 0xff, 0x61, 0x2c, 0xff, 0xff, 0x69, 0x38, 0xff, 0xff, 0xd0, 0xc0, 0xff,
0xff, 0xff, 0xff, 0xfe, 0xff, 0xff, 0xff, 0xfe, 0xff, 0xfe, 0xfe, 0xfe, 0xff, 0xfe, 0xfe,
0xfe, 0xff, 0xfe, 0xfe, 0xfe, 0xff, 0xfe, 0xfe, 0xfe, 0xff, 0xfe, 0xfe, 0xfe, 0xff, 0xfe,
0xfe, 0xfe, 0xff, 0xff, 0xff, 0xfe, 0xff, 0xff, 0xff, 0xfe, 0xff, 0xff, 0xff, 0xfe, 0xff,
0xfe, 0xfe, 0xfe, 0xff, 0xfe, 0xfe, 0xfe, 0xff, 0xfe, 0xfe, 0xfe, 0xff, 0xfe, 0xfe, 0xfe,
0xff, 0xfe, 0xfe, 0xfe, 0xff, 0xfe, 0xfe, 0xfe, 0xff, 0xfe, 0xff, 0xfe, 0xff, 0xff, 0xff,
0xfe, 0xff, 0xdd, 0xd2, 0xfe, 0xff, 0x72, 0x43, 0xff, 0xff, 0x5f, 0x2a, 0xff, 0xff, 0x66,
0x33, 0xff, 0xff, 0x66, 0x33, 0xff, 0xff, 0x66, 0x33, 0xff, 0xff, 0x66, 0x33, 0xff, 0xff,
0x66, 0x33, 0xff, 0xff, 0x66, 0x33, 0xff, 0xff, 0x66, 0x33, 0xff, 0xff, 0x66, 0x33, 0xff,
0xff, 0x66, 0x33, 0xff, 0xff, 0x66, 0x33, 0xff, 0xff, 0x66, 0x33, 0xff, 0xff, 0x66, 0x33,
0xff, 0xff, 0x66, 0x33, 0xff, 0xff, 0x66, 0x33, 0xff, 0xff, 0x66, 0x33, 0xff, 0xff, 0x66,
0x33, 0xff, 0xff, 0x66, 0x33, 0xff, 0xff, 0x66, 0x33, 0xff, 0xff, 0x66, 0x33, 0xff, 0xff,
0x66, 0x33, 0xff, 0xff, 0x66, 0x33, 0xff, 0xff, 0x66, 0x33, 0xff, 0xff, 0x66, 0x33, 0xff,
0xff, 0x66, 0x33, 0xff, 0xff, 0x66, 0x33, 0xff, 0xff, 0x66, 0x33, 0xff, 0xff, 0x66, 0x33,
0xff, 0xff, 0x66, 0x33, 0xff, 0xff, 0x66, 0x33, 0xff, 0xff, 0x66, 0x33, 0xff, 0xff, 0x66,
0x33, 0xff, 0xff, 0x66, 0x33, 0xff, 0xff, 0x66, 0x33, 0xff, 0xff, 0x66, 0x33, 0xff, 0xff,
0x65, 0x33, 0xfd, 0xe0, 0x5b, 0x28, 0xed, 0x0b, 0x5d, 0x27, 0xf4, 0x00, 0x5e, 0x28, 0xf5,
0x00, 0x5e, 0x28, 0xf5, 0x00, 0x5e, 0x28, 0xf5, 0x00, 0x5e, 0x28, 0xf5, 0x00, 0x5e, 0x28,
0xf5, 0x00, 0x5e, 0x28, 0xf5, 0x00, 0xff, 0xff, 0xff, 0x00, 0xff, 0xff, 0xff, 0x00, 0xff,
0xff, 0xff, 0x00, 0xff, 0xff, 0xff, 0x00, 0xff, 0xff, 0xff, 0x00, 0xff, 0xff, 0xff, 0x00,
0xff, 0xff, 0xff, 0x00, 0xff, 0xff, 0xff, 0x00, 0xff, 0xff, 0xff, 0x00, 0xff, 0xff, 0xff,
0x00, 0xff, 0xff, 0xff, 0x00, 0xff, 0xff, 0xff, 0x00, 0xff, 0xff, 0xff, 0x00, 0xff, 0xff,
0xff, 0x00, 0xff, 0xff, 0xff, 0x00, 0xff, 0xff, 0xff, 0x00, 0xff, 0xff, 0xff, 0x00, 0x5f,
0x28, 0xeb, 0x00, 0x5f, 0x28, 0xeb, 0x00, 0x5f, 0x28, 0xeb, 0x00, 0x5f, 0x28, 0xeb, 0x00,
0x5f, 0x28, 0xeb, 0x00, 0x5f, 0x28, 0xeb, 0x00, 0x5f, 0x28, 0xeb, 0x00, 0x5f, 0x28, 0xeb,
0x00, 0x62, 0x2d, 0xf3, 0x55, 0x66, 0x34, 0xff, 0xff, 0x66, 0x33, 0xff, 0xff, 0x66, 0x33,
0xff, 0xff, 0x66, 0x33, 0xff, 0xff, 0x66, 0x33, 0xff, 0xff, 0x66, 0x33, 0xff, 0xff, 0x66,
0x33, 0xff, 0xff, 0x66, 0x33, 0xff, 0xff, 0x66, 0x33, 0xff, 0xff, 0x66, 0x33, 0xff, 0xff,
0x66, 0x33, 0xff, 0xff, 0x66, 0x33, 0xff, 0xff, 0x66, 0x33, 0xff, 0xff, 0x66, 0x33, 0xff,
0xff, 0x66, 0x33, 0xff, 0xff, 0x66, 0x33, 0xff, 0xff, 0x66, 0x33, 0xff, 0xff, 0x66, 0x33,
0xff, 0xff, 0x66, 0x33, 0xff, 0xff, 0x66, 0x33, 0xff, 0xff, 0x66, 0x33, 0xff, 0xff, 0x66,
0x33, 0xff, 0xff, 0x66, 0x33, 0xff, 0xff, 0x66, 0x33, 0xff, 0xff, 0x66, 0x33, 0xff, 0xff,
0x66, 0x33, 0xff, 0xff, 0x66, 0x33, 0xff, 0xff, 0x66, 0x33, 0xff, 0xff, 0x66, 0x33, 0xff,
0xff, 0x66, 0x33, 0xff, 0xff, 0x66, 0x33, 0xff, 0xff, 0x66, 0x33, 0xff, 0xff, 0x66, 0x33,
0xff, 0xff, 0x66, 0x33, 0xff, 0xff, 0x66, 0x33, 0xff, 0xff, 0x62, 0x2e, 0xff, 0xff, 0x63,
0x2f, 0xff, 0xff, 0xc1, 0xac, 0xff, 0xff, 0xff, 0xff, 0xfe, 0xff, 0xff, 0xff, 0xfe, 0xff,
0xfe, 0xfe, 0xfe, 0xff, 0xfe, 0xfe, 0xfe, 0xff, 0xfe, 0xfe, 0xfe, 0xff, 0xfe, 0xfe, 0xfe,
0xff, 0xfe, 0xfe, 0xfe, 0xff, 0xfe, 0xfe, 0xfe, 0xff, 0xff, 0xff, 0xfe, 0xff, 0xfe, 0xfe,
0xfe, 0xff, 0xfe, 0xfe, 0xfe, 0xff, 0xfe, 0xfe, 0xfe, 0xff, 0xfe, 0xfe, 0xfe, 0xff, 0xfe,
0xfe, 0xfe, 0xff, 0xfe, 0xfe, 0xfe, 0xff, 0xff, 0xff, 0xfe, 0xff, 0xff, 0xff, 0xfe, 0xff,
0xd1, 0xc2, 0xff, 0xff, 0x6a, 0x38, 0xff, 0xff, 0x61, 0x2c, 0xff, 0xff, 0x66, 0x33, 0xff,
0xff, 0x66, 0x33, 0xff, 0xff, 0x66, 0x33, 0xff, 0xff, 0x66, 0x33, 0xff, 0xff, 0x66, 0x33,
0xff, 0xff, 0x66, 0x33, 0xff, 0xff, 0x66, 0x33, 0xff, 0xff, 0x66, 0x33, 0xff, 0xff, 0x66,
0x33, 0xff, 0xff, 0x66, 0x33, 0xff, 0xff, 0x66, 0x33, 0xff, 0xff, 0x66, 0x33, 0xff, 0xff,
0x66, 0x33, 0xff, 0xff, 0x66, 0x33, 0xff, 0xff, 0x66, 0x33, 0xff, 0xff, 0x66, 0x33, 0xff,
0xff, 0x66, 0x33, 0xff, 0xff, 0x66, 0x33, 0xff, 0xff, 0x66, 0x33, 0xff, 0xff, 0x66, 0x33,
0xff, 0xff, 0x66, 0x33, 0xff, 0xff, 0x66, 0x33, 0xff, 0xff, 0x66, 0x33, 0xff, 0xff, 0x66,
0x33, 0xff, 0xff, 0x66, 0x33, 0xff, 0xff, 0x66, 0x33, 0xff, 0xff, 0x66, 0x33, 0xff, 0xff,
0x66, 0x33, 0xff, 0xff, 0x66, 0x33, 0xff, 0xff, 0x66, 0x33, 0xff, 0xff, 0x66, 0x33, 0xff,
0xff, 0x66, 0x33, 0xff, 0xff, 0x66, 0x33, 0xff, 0xff, 0x66, 0x33, 0xff, 0xff, 0x67, 0x34,
0xff, 0xff, 0x5f, 0x2f, 0xf5, 0x54, 0x54, 0x2b, 0xe7, 0x00, 0x55, 0x2c, 0xe8, 0x00, 0x55,
0x2b, 0xe8, 0x00, 0x55, 0x2b, 0xe8, 0x00, 0x55, 0x2b, 0xe8, 0x00, 0x55, 0x2b, 0xe8, 0x00,
0x55, 0x2b, 0xe8, 0x00, 0x55, 0x2b, 0xe8, 0x00, 0xff, 0xff, 0xff, 0x00, 0xff, 0xff, 0xff,
0x00, 0xff, 0xff, 0xff, 0x00, 0xff, 0xff, 0xff, 0x00, 0xff, 0xff, 0xff, 0x00, 0xff, 0xff,
0xff, 0x00, 0xff, 0xff, 0xff, 0x00, 0xff, 0xff, 0xff, 0x00, 0xff, 0xff, 0xff, 0x00, 0xff,
0xff, 0xff, 0x00, 0xff, 0xff, 0xff, 0x00, 0xff, 0xff, 0xff, 0x00, 0xff, 0xff, 0xff, 0x00,
0xff, 0xff, 0xff, 0x00, 0xff, 0xff, 0xff, 0x00, 0xff, 0xff, 0xff, 0x00, 0xff, 0xff, 0xff,
0x00, 0x5d, 0x2b, 0xef, 0x00, 0x5d, 0x2b, 0xef, 0x00, 0x5d, 0x2b, 0xef, 0x00, 0x5d, 0x2b,
0xef, 0x00, 0x5d, 0x2b, 0xef, 0x00, 0x5d, 0x2b, 0xef, 0x00, 0x5d, 0x2b, 0xef, 0x00, 0x5d,
0x2b, 0xef, 0x00, 0x5d, 0x2b, 0xf0, 0x00, 0x65, 0x32, 0xfd, 0xb1, 0x66, 0x33, 0xff, 0xff,
0x66, 0x33, 0xff, 0xff, 0x66, 0x33, 0xff, 0xff, 0x66, 0x33, 0xff, 0xff, 0x66, 0x33, 0xff,
0xff, 0x66, 0x33, 0xff, 0xff, 0x66, 0x33, 0xff, 0xff, 0x66, 0x33, 0xff, 0xff, 0x66, 0x33,
0xff, 0xff, 0x66, 0x33, 0xff, 0xff, 0x66, 0x33, 0xff, 0xff, 0x66, 0x33, 0xff, 0xff, 0x66,
0x33, 0xff, 0xff, 0x66, 0x33, 0xff, 0xff, 0x66, 0x33, 0xff, 0xff, 0x66, 0x33, 0xff, 0xff,
0x66, 0x33, 0xff, 0xff, 0x66, 0x33, 0xff, 0xff, 0x66, 0x33, 0xff, 0xff, 0x66, 0x33, 0xff,
0xff, 0x66, 0x33, 0xff, 0xff, 0x66, 0x33, 0xff, 0xff, 0x66, 0x33, 0xff, 0xff, 0x66, 0x33,
0xff, 0xff, 0x66, 0x33, 0xff, 0xff, 0x66, 0x33, 0xff, 0xff, 0x66, 0x33, 0xff, 0xff, 0x66,
0x33, 0xff, 0xff, 0x66, 0x33, 0xff, 0xff, 0x66, 0x33, 0xff, 0xff, 0x66, 0x33, 0xff, 0xff,
0x66, 0x33, 0xff, 0xff, 0x66, 0x33, 0xff, 0xff, 0x66, 0x33, 0xff, 0xff, 0x66, 0x33, 0xff,
0xff, 0x63, 0x30, 0xff, 0xff, 0x5f, 0x29, 0xff, 0xff, 0xaf, 0x95, 0xff, 0xff, 0xff, 0xff,
0xfe, 0xff, 0xff, 0xff, 0xfe, 0xff, 0xfe, 0xfe, 0xfe, 0xff, 0xfe, 0xfe, 0xfe, 0xff, 0xfe,
0xfe, 0xfe, 0xff, 0xfe, 0xfe, 0xfe, 0xff, 0xfe, 0xfe, 0xfe, 0xff, 0xfe, 0xfe, 0xfe, 0xff,
0xfe, 0xfe, 0xfe, 0xff, 0xfe, 0xfe, 0xfe, 0xff, 0xfe, 0xfe, 0xfe, 0xff, 0xfe, 0xfe, 0xfe,
0xff, 0xfe, 0xfe, 0xfe, 0xff, 0xff, 0xff, 0xfe, 0xff, 0xff, 0xff, 0xfe, 0xff, 0xc3, 0xaf,
0xff, 0xff, 0x64, 0x30, 0xff, 0xff, 0x62, 0x2e, 0xff, 0xff, 0x66, 0x33, 0xff, 0xff, 0x66,
0x33, 0xff, 0xff, 0x66, 0x33, 0xff, 0xff, 0x66, 0x33, 0xff, 0xff, 0x66, 0x33, 0xff, 0xff,
0x66, 0x33, 0xff, 0xff, 0x66, 0x33, 0xff, 0xff, 0x66, 0x33, 0xff, 0xff, 0x66, 0x33, 0xff,
0xff, 0x66, 0x33, 0xff, 0xff, 0x66, 0x33, 0xff, 0xff, 0x66, 0x33, 0xff, 0xff, 0x66, 0x33,
0xff, 0xff, 0x66, 0x33, 0xff, 0xff, 0x66, 0x33, 0xff, 0xff, 0x66, 0x33, 0xff, 0xff, 0x66,
0x33, 0xff, 0xff, 0x66, 0x33, 0xff, 0xff, 0x66, 0x33, 0xff, 0xff, 0x66, 0x33, 0xff, 0xff,
0x66, 0x33, 0xff, 0xff, 0x66, 0x33, 0xff, 0xff, 0x66, 0x33, 0xff, 0xff, 0x66, 0x33, 0xff,
0xff, 0x66, 0x33, 0xff, 0xff, 0x66, 0x33, 0xff, 0xff, 0x66, 0x33, 0xff, 0xff, 0x66, 0x33,
0xff, 0xff, 0x66, 0x33, 0xff, 0xff, 0x66, 0x33, 0xff, 0xff, 0x66, 0x33, 0xff, 0xff, 0x66,
0x33, 0xff, 0xff, 0x66, 0x33, 0xff, 0xff, 0x66, 0x33, 0xff, 0xff, 0x67, 0x33, 0xff, 0xff,
0x66, 0x31, 0xfd, 0xac, 0x63, 0x2d, 0xf6, 0x00, 0x64, 0x2e, 0xf7, 0x00, 0x64, 0x2e, 0xf7,
0x00, 0x64, 0x2e, 0xf7, 0x00, 0x64, 0x2e, 0xf7, 0x00, 0x64, 0x2e, 0xf7, 0x00, 0x64, 0x2e,
0xf7, 0x00, 0x64, 0x2e, 0xf7, 0x00, 0x64, 0x2e, 0xf7, 0x00, 0xff, 0xff, 0xff, 0x00, 0xff,
0xff, 0xff, 0x00, 0xff, 0xff, 0xff, 0x00, 0xff, 0xff, 0xff, 0x00, 0xff, 0xff, 0xff, 0x00,
0xff, 0xff, 0xff, 0x00, 0xff, 0xff, 0xff, 0x00, 0xff, 0xff, 0xff, 0x00, 0xff, 0xff, 0xff,
0x00, 0xff, 0xff, 0xff, 0x00, 0xff, 0xff, 0xff, 0x00, 0xff, 0xff, 0xff, 0x00, 0xff, 0xff,
0xff, 0x00, 0xff, 0xff, 0xff, 0x00, 0xff, 0xff, 0xff, 0x00, 0xff, 0xff, 0xff, 0x00, 0xff,
0xff, 0xff, 0x00, 0x63, 0x26, 0xed, 0x00, 0x63, 0x26, 0xed, 0x00, 0x63, 0x26, 0xed, 0x00,
0x63, 0x26, 0xed, 0x00, 0x63, 0x26, 0xed, 0x00, 0x63, 0x26, 0xed, 0x00, 0x63, 0x26, 0xed,
0x00, 0x63, 0x26, 0xed, 0x00, 0x63, 0x25, 0xec, 0x00, 0x64, 0x29, 0xf1, 0x1a, 0x69, 0x34,
0xff, 0xe8, 0x66, 0x33, 0xff, 0xff, 0x66, 0x33, 0xff, 0xff, 0x66, 0x33, 0xff, 0xff, 0x66,
0x33, 0xff, 0xff, 0x66, 0x33, 0xff, 0xff, 0x66, 0x33, 0xff, 0xff, 0x66, 0x33, 0xff, 0xff,
0x66, 0x33, 0xff, 0xff, 0x66, 0x33, 0xff, 0xff, 0x66, 0x33, 0xff, 0xff, 0x66, 0x33, 0xff,
0xff, 0x66, 0x33, 0xff, 0xff, 0x66, 0x33, 0xff, 0xff, 0x66, 0x33, 0xff, 0xff, 0x66, 0x33,
0xff, 0xff, 0x66, 0x33, 0xff, 0xff, 0x66, 0x33, 0xff, 0xff, 0x66, 0x33, 0xff, 0xff, 0x66,
0x33, 0xff, 0xff, 0x66, 0x33, 0xff, 0xff, 0x66, 0x33, 0xff, 0xff, 0x66, 0x33, 0xff, 0xff,
0x66, 0x33, 0xff, 0xff, 0x66, 0x33, 0xff, 0xff, 0x66, 0x33, 0xff, 0xff, 0x66, 0x33, 0xff,
0xff, 0x66, 0x33, 0xff, 0xff, 0x66, 0x33, 0xff, 0xff, 0x66, 0x33, 0xff, 0xff, 0x66, 0x33,
0xff, 0xff, 0x66, 0x33, 0xff, 0xff, 0x66, 0x33, 0xff, 0xff, 0x66, 0x33, 0xff, 0xff, 0x66,
0x33, 0xff, 0xff, 0x66, 0x33, 0xff, 0xff, 0x64, 0x31, 0xff, 0xff, 0x5d, 0x26, 0xff, 0xff,
0x9e, 0x7d, 0xff, 0xff, 0xfa, 0xf9, 0xfe, 0xff, 0xff, 0xff, 0xfe, 0xff, 0xfe, 0xfe, 0xfe,
0xff, 0xfe, 0xfe, 0xfe, 0xff, 0xfe, 0xfe, 0xfe, 0xff, 0xfe, 0xfe, 0xfe, 0xff, 0xfe, 0xfe,
0xfe, 0xff, 0xfe, 0xfe, 0xfe, 0xff, 0xfe, 0xfe, 0xfe, 0xff, 0xfe, 0xfe, 0xfe, 0xff, 0xfe,
0xfe, 0xfe, 0xff, 0xff, 0xff, 0xfe, 0xff, 0xff, 0xff, 0xfe, 0xff, 0xb2, 0x98, 0xff, 0xff,
0x5f, 0x2a, 0xff, 0xff, 0x64, 0x30, 0xff, 0xff, 0x66, 0x33, 0xff, 0xff, 0x66, 0x33, 0xff,
0xff, 0x66, 0x33, 0xff, 0xff, 0x66, 0x33, 0xff, 0xff, 0x66, 0x33, 0xff, 0xff, 0x66, 0x33,
0xff, 0xff, 0x66, 0x33, 0xff, 0xff, 0x66, 0x33, 0xff, 0xff, 0x66, 0x33, 0xff, 0xff, 0x66,
0x33, 0xff, 0xff, 0x66, 0x33, 0xff, 0xff, 0x66, 0x33, 0xff, 0xff, 0x66, 0x33, 0xff, 0xff,
0x66, 0x33, 0xff, 0xff, 0x66, 0x33, 0xff, 0xff, 0x66, 0x33, 0xff, 0xff, 0x66, 0x33, 0xff,
0xff, 0x66, 0x33, 0xff, 0xff, 0x66, 0x33, 0xff, 0xff, 0x66, 0x33, 0xff, 0xff, 0x66, 0x33,
0xff, 0xff, 0x66, 0x33, 0xff, 0xff, 0x66, 0x33, 0xff, 0xff, 0x66, 0x33, 0xff, 0xff, 0x66,
0x33, 0xff, 0xff, 0x66, 0x33, 0xff, 0xff, 0x66, 0x33, 0xff, 0xff, 0x66, 0x33, 0xff, 0xff,
0x66, 0x33, 0xff, 0xff, 0x66, 0x33, 0xff, 0xff, 0x66, 0x33, 0xff, 0xff, 0x66, 0x33, 0xff,
0xff, 0x66, 0x33, 0xff, 0xff, 0x66, 0x33, 0xff, 0xff, 0x66, 0x33, 0xff, 0xff, 0x65, 0x32,
0xfd, 0xe4, 0x59, 0x2a, 0xf0, 0x13, 0x57, 0x28, 0xee, 0x00, 0x57, 0x28, 0xef, 0x00, 0x57,
0x28, 0xef, 0x00, 0x57, 0x28, 0xef, 0x00, 0x57, 0x28, 0xef, 0x00, 0x57, 0x28, 0xef, 0x00,
0x57, 0x28, 0xef, 0x00, 0x57, 0x28, 0xef, 0x00, 0x57, 0x28, 0xef, 0x00, 0xff, 0xff, 0xff,
0x00, 0xff, 0xff, 0xff, 0x00, 0xff, 0xff, 0xff, 0x00, 0xff, 0xff, 0xff, 0x00, 0xff, 0xff,
0xff, 0x00, 0xff, 0xff, 0xff, 0x00, 0xff, 0xff, 0xff, 0x00, 0xff, 0xff, 0xff, 0x00, 0xff,
0xff, 0xff, 0x00, 0xff, 0xff, 0xff, 0x00, 0xff, 0xff, 0xff, 0x00, 0xff, 0xff, 0xff, 0x00,
0xff, 0xff, 0xff, 0x00, 0xff, 0xff, 0xff, 0x00, 0xff, 0xff, 0xff, 0x00, 0xff, 0xff, 0xff,
0x00, 0xff, 0xff, 0xff, 0x00, 0x4f, 0x27, 0xc1, 0x00, 0x4f, 0x27, 0xc1, 0x00, 0x4f, 0x27,
0xc1, 0x00, 0x4f, 0x27, 0xc1, 0x00, 0x4f, 0x27, 0xc1, 0x00, 0x4f, 0x27, 0xc1, 0x00, 0x4f,
0x27, 0xc1, 0x00, 0x4f, 0x27, 0xc1, 0x00, 0x4f, 0x27, 0xc1, 0x00, 0x4e, 0x27, 0xc0, 0x00,
0x53, 0x2a, 0xce, 0x43, 0x65, 0x32, 0xfc, 0xfd, 0x66, 0x33, 0xff, 0xff, 0x66, 0x33, 0xff,
0xff, 0x66, 0x33, 0xff, 0xff, 0x66, 0x33, 0xff, 0xff, 0x66, 0x33, 0xff, 0xff, 0x66, 0x33,
0xff, 0xff, 0x66, 0x33, 0xff, 0xff, 0x66, 0x33, 0xff, 0xff, 0x66, 0x33, 0xff, 0xff, 0x66,
0x33, 0xff, 0xff, 0x66, 0x33, 0xff, 0xff, 0x66, 0x33, 0xff, 0xff, 0x66, 0x33, 0xff, 0xff,
0x66, 0x33, 0xff, 0xff, 0x66, 0x33, 0xff, 0xff, 0x66, 0x33, 0xff, 0xff, 0x66, 0x33, 0xff,
0xff, 0x66, 0x33, 0xff, 0xff, 0x66, 0x33, 0xff, 0xff, 0x66, 0x33, 0xff, 0xff, 0x66, 0x33,
0xff, 0xff, 0x66, 0x33, 0xff, 0xff, 0x66, 0x33, 0xff, 0xff, 0x66, 0x33, 0xff, 0xff, 0x66,
0x33, 0xff, 0xff, 0x66, 0x33, 0xff, 0xff, 0x66, 0x33, 0xff, 0xff, 0x66, 0x33, 0xff, 0xff,
0x66, 0x33, 0xff, 0xff, 0x66, 0x33, 0xff, 0xff, 0x66, 0x33, 0xff, 0xff, 0x66, 0x33, 0xff,
0xff, 0x66, 0x33, 0xff, 0xff, 0x66, 0x33, 0xff, 0xff, 0x66, 0x33, 0xff, 0xff, 0x65, 0x32,
0xff, 0xff, 0x5c, 0x26, 0xff, 0xff, 0x8d, 0x67, 0xff, 0xff, 0xf2, 0xef, 0xfe, 0xff, 0xff,
0xff, 0xfe, 0xff, 0xfe, 0xfe, 0xfe, 0xff, 0xfe, 0xfe, 0xfe, 0xff, 0xfe, 0xfe, 0xfe, 0xff,
0xfe, 0xfe, 0xfe, 0xff, 0xfe, 0xfe, 0xfe, 0xff, 0xfe, 0xfe, 0xfe, 0xff, 0xfe, 0xfe, 0xfe,
0xff, 0xff, 0xff, 0xfe, 0xff, 0xfb, 0xf9, 0xfe, 0xff, 0x9f, 0x80, 0xff, 0xff, 0x5c, 0x26,
0xff, 0xff, 0x65, 0x31, 0xff, 0xff, 0x66, 0x33, 0xff, 0xff, 0x66, 0x33, 0xff, 0xff, 0x66,
0x33, 0xff, 0xff, 0x66, 0x33, 0xff, 0xff, 0x66, 0x33, 0xff, 0xff, 0x66, 0x33, 0xff, 0xff,
0x66, 0x33, 0xff, 0xff, 0x66, 0x33, 0xff, 0xff, 0x66, 0x33, 0xff, 0xff, 0x66, 0x33, 0xff,
0xff, 0x66, 0x33, 0xff, 0xff, 0x66, 0x33, 0xff, 0xff, 0x66, 0x33, 0xff, 0xff, 0x66, 0x33,
0xff, 0xff, 0x66, 0x33, 0xff, 0xff, 0x66, 0x33, 0xff, 0xff, 0x66, 0x33, 0xff, 0xff, 0x66,
0x33, 0xff, 0xff, 0x66, 0x33, 0xff, 0xff, 0x66, 0x33, 0xff, 0xff, 0x66, 0x33, 0xff, 0xff,
0x66, 0x33, 0xff, 0xff, 0x66, 0x33, 0xff, 0xff, 0x66, 0x33, 0xff, 0xff, 0x66, 0x33, 0xff,
0xff, 0x66, 0x33, 0xff, 0xff, 0x66, 0x33, 0xff, 0xff, 0x66, 0x33, 0xff, 0xff, 0x66, 0x33,
0xff, 0xff, 0x66, 0x33, 0xff, 0xff, 0x66, 0x33, 0xff, 0xff, 0x66, 0x33, 0xff, 0xff, 0x66,
0x33, 0xff, 0xff, 0x66, 0x33, 0xff, 0xff, 0x66, 0x33, 0xff, 0xff, 0x67, 0x34, 0xff, 0xfe,
0x5f, 0x2d, 0xf3, 0x49, 0x4f, 0x25, 0xe0, 0x00, 0x4f, 0x26, 0xe0, 0x00, 0x4f, 0x26, 0xe0,
0x00, 0x4f, 0x26, 0xe0, 0x00, 0x4f, 0x26, 0xe0, 0x00, 0x4f, 0x26, 0xe0, 0x00, 0x4f, 0x26,
0xe0, 0x00, 0x4f, 0x26, 0xe0, 0x00, 0x4f, 0x26, 0xe0, 0x00, 0x4f, 0x26, 0xe0, 0x00, 0xff,
0xff, 0xff, 0x00, 0xff, 0xff, 0xff, 0x00, 0xff, 0xff, 0xff, 0x00, 0xff, 0xff, 0xff, 0x00,
0xff, 0xff, 0xff, 0x00, 0xff, 0xff, 0xff, 0x00, 0xff, 0xff, 0xff, 0x00, 0xff, 0xff, 0xff,
0x00, 0xff, 0xff, 0xff, 0x00, 0xff, 0xff, 0xff, 0x00, 0xff, 0xff, 0xff, 0x00, 0xff, 0xff,
0xff, 0x00, 0xff, 0xff, 0xff, 0x00, 0xff, 0xff, 0xff, 0x00, 0xff, 0xff, 0xff, 0x00, 0xff,
0xff, 0xff, 0x00, 0xff, 0xff, 0xff, 0x00, 0x03, 0x02, 0x05, 0x00, 0x03, 0x02, 0x05, 0x00,
0x03, 0x02, 0x05, 0x00, 0x03, 0x02, 0x05, 0x00, 0x03, 0x02, 0x05, 0x00, 0x03, 0x02, 0x05,
0x00, 0x03, 0x02, 0x05, 0x00, 0x03, 0x02, 0x05, 0x00, 0x03, 0x02, 0x05, 0x00, 0x02, 0x01,
0x04, 0x00, 0x0a, 0x04, 0x15, 0x00, 0x61, 0x2e, 0xf0, 0x6b, 0x6a, 0x36, 0xff, 0xff, 0x66,
0x33, 0xff, 0xff, 0x66, 0x33, 0xff, 0xff, 0x66, 0x33, 0xff, 0xff, 0x66, 0x33, 0xff, 0xff,
0x66, 0x33, 0xff, 0xff, 0x66, 0x33, 0xff, 0xff, 0x66, 0x33, 0xff, 0xff, 0x66, 0x33, 0xff,
0xff, 0x66, 0x33, 0xff, 0xff, 0x66, 0x33, 0xff, 0xff, 0x66, 0x33, 0xff, 0xff, 0x66, 0x33,
0xff, 0xff, 0x66, 0x33, 0xff, 0xff, 0x66, 0x33, 0xff, 0xff, 0x66, 0x33, 0xff, 0xff, 0x66,
0x33, 0xff, 0xff, 0x66, 0x33, 0xff, 0xff, 0x66, 0x33, 0xff, 0xff, 0x66, 0x33, 0xff, 0xff,
0x66, 0x33, 0xff, 0xff, 0x66, 0x33, 0xff, 0xff, 0x66, 0x33, 0xff, 0xff, 0x66, 0x33, 0xff,
0xff, 0x66, 0x33, 0xff, 0xff, 0x66, 0x33, 0xff, 0xff, 0x66, 0x33, 0xff, 0xff, 0x66, 0x33,
0xff, 0xff, 0x66, 0x33, 0xff, 0xff, 0x66, 0x33, 0xff, 0xff, 0x66, 0x33, 0xff, 0xff, 0x66,
0x33, 0xff, 0xff, 0x66, 0x33, 0xff, 0xff, 0x66, 0x33, 0xff, 0xff, 0x66, 0x33, 0xff, 0xff,
0x66, 0x33, 0xff, 0xff, 0x66, 0x33, 0xff, 0xff, 0x5d, 0x28, 0xff, 0xff, 0x7f, 0x54, 0xff,
0xff, 0xe9, 0xe2, 0xfe, 0xff, 0xff, 0xff, 0xfe, 0xff, 0xfe, 0xfe, 0xfe, 0xff, 0xfe, 0xfe,
0xfe, 0xff, 0xfe, 0xfe, 0xfe, 0xff, 0xfe, 0xfe, 0xfe, 0xff, 0xfe, 0xfe, 0xfe, 0xff, 0xff,
0xff, 0xfe, 0xff, 0xf2, 0xee, 0xfe, 0xff, 0x8e, 0x68, 0xff, 0xff, 0x5c, 0x26, 0xff, 0xff,
0x65, 0x32, 0xff, 0xff, 0x66, 0x33, 0xff, 0xff, 0x66, 0x33, 0xff, 0xff, 0x66, 0x33, 0xff,
0xff, 0x66, 0x33, 0xff, 0xff, 0x66, 0x33, 0xff, 0xff, 0x66, 0x33, 0xff, 0xff, 0x66, 0x33,
0xff, 0xff, 0x66, 0x33, 0xff, 0xff, 0x66, 0x33, 0xff, 0xff, 0x66, 0x33, 0xff, 0xff, 0x66,
0x33, 0xff, 0xff, 0x66, 0x33, 0xff, 0xff, 0x66, 0x33, 0xff, 0xff, 0x66, 0x33, 0xff, 0xff,
0x66, 0x33, 0xff, 0xff, 0x66, 0x33, 0xff, 0xff, 0x66, 0x33, 0xff, 0xff, 0x66, 0x33, 0xff,
0xff, 0x66, 0x33, 0xff, 0xff, 0x66, 0x33, 0xff, 0xff, 0x66, 0x33, 0xff, 0xff, 0x66, 0x33,
0xff, 0xff, 0x66, 0x33, 0xff, 0xff, 0x66, 0x33, 0xff, 0xff, 0x66, 0x33, 0xff, 0xff, 0x66,
0x33, 0xff, 0xff, 0x66, 0x33, 0xff, 0xff, 0x66, 0x33, 0xff, 0xff, 0x66, 0x33, 0xff, 0xff,
0x66, 0x33, 0xff, 0xff, 0x66, 0x33, 0xff, 0xff, 0x66, 0x33, 0xff, 0xff, 0x66, 0x33, 0xff,
0xff, 0x66, 0x33, 0xff, 0xff, 0x66, 0x33, 0xff, 0xff, 0x67, 0x33, 0xff, 0xff, 0x65, 0x33,
0xfc, 0x85, 0x5c, 0x2b, 0xef, 0x00, 0x5d, 0x2b, 0xf0, 0x00, 0x5d, 0x2b, 0xf0, 0x00, 0x5d,
0x2b, 0xf0, 0x00, 0x5d, 0x2b, 0xf0, 0x00, 0x5d, 0x2b, 0xf0, 0x00, 0x5d, 0x2b, 0xf0, 0x00,
0x5d, 0x2b, 0xf0, 0x00, 0x5d, 0x2b, 0xf0, 0x00, 0x5d, 0x2b, 0xf0, 0x00, 0x5d, 0x2b, 0xf0,
0x00, 0xff, 0xff, 0xff, 0x00, 0xff, 0xff, 0xff, 0x00, 0xff, 0xff, 0xff, 0x00, 0xff, 0xff,
0xff, 0x00, 0xff, 0xff, 0xff, 0x00, 0xff, 0xff, 0xff, 0x00, 0xff, 0xff, 0xff, 0x00, 0xff,
0xff, 0xff, 0x00, 0xff, 0xff, 0xff, 0x00, 0xff, 0xff, 0xff, 0x00, 0xff, 0xff, 0xff, 0x00,
0xff, 0xff, 0xff, 0x00, 0xff, 0xff, 0xff, 0x00, 0xff, 0xff, 0xff, 0x00, 0xff, 0xff, 0xff,
0x00, 0xff, 0xff, 0xff, 0x00, 0xff, 0xff, 0xff, 0x00, 0x00, 0x00, 0x00, 0x00, 0x00, 0x00,
0x00, 0x00, 0x00, 0x00, 0x00, 0x00, 0x00, 0x00, 0x00, 0x00, 0x00, 0x00, 0x00, 0x00, 0x00,
0x00, 0x00, 0x00, 0x00, 0x00, 0x00, 0x00, 0x00, 0x00, 0x00, 0x00, 0x00, 0x00, 0x00, 0x00,
0x00, 0x00, 0x00, 0x00, 0x02, 0x01, 0x02, 0x00, 0x18, 0x0b, 0x3b, 0x00, 0x4c, 0x22, 0xc6,
0x88, 0x6a, 0x35, 0xff, 0xff, 0x66, 0x33, 0xff, 0xff, 0x66, 0x33, 0xff, 0xff, 0x66, 0x33,
0xff, 0xff, 0x66, 0x33, 0xff, 0xff, 0x66, 0x33, 0xff, 0xff, 0x66, 0x33, 0xff, 0xff, 0x66,
0x33, 0xff, 0xff, 0x66, 0x33, 0xff, 0xff, 0x66, 0x33, 0xff, 0xff, 0x66, 0x33, 0xff, 0xff,
0x66, 0x33, 0xff, 0xff, 0x66, 0x33, 0xff, 0xff, 0x66, 0x33, 0xff, 0xff, 0x66, 0x33, 0xff,
0xff, 0x66, 0x33, 0xff, 0xff, 0x66, 0x33, 0xff, 0xff, 0x66, 0x33, 0xff, 0xff, 0x66, 0x33,
0xff, 0xff, 0x66, 0x33, 0xff, 0xff, 0x66, 0x33, 0xff, 0xff, 0x66, 0x33, 0xff, 0xff, 0x66,
0x33, 0xff, 0xff, 0x66, 0x33, 0xff, 0xff, 0x66, 0x33, 0xff, 0xff, 0x66, 0x33, 0xff, 0xff,
0x66, 0x33, 0xff, 0xff, 0x66, 0x33, 0xff, 0xff, 0x66, 0x33, 0xff, 0xff, 0x66, 0x33, 0xff,
0xff, 0x66, 0x33, 0xff, 0xff, 0x66, 0x33, 0xff, 0xff, 0x66, 0x33, 0xff, 0xff, 0x66, 0x33,
0xff, 0xff, 0x66, 0x33, 0xff, 0xff, 0x66, 0x33, 0xff, 0xff, 0x66, 0x33, 0xff, 0xff, 0x5f,
0x2a, 0xff, 0xff, 0x73, 0x44, 0xff, 0xff, 0xdd, 0xd2, 0xff, 0xff, 0xff, 0xff, 0xfe, 0xff,
0xff, 0xff, 0xfe, 0xff, 0xfe, 0xfe, 0xfe, 0xff, 0xfe, 0xfe, 0xfe, 0xff, 0xff, 0xff, 0xfe,
0xff, 0xe8, 0xe0, 0xfe, 0xff, 0x7e, 0x53, 0xff, 0xff, 0x5d, 0x27, 0xff, 0xff, 0x66, 0x33,
0xff, 0xff, 0x66, 0x33, 0xff, 0xff, 0x66, 0x33, 0xff, 0xff, 0x66, 0x33, 0xff, 0xff, 0x66,
0x33, 0xff, 0xff, 0x66, 0x33, 0xff, 0xff, 0x66, 0x33, 0xff, 0xff, 0x66, 0x33, 0xff, 0xff,
0x66, 0x33, 0xff, 0xff, 0x66, 0x33, 0xff, 0xff, 0x66, 0x33, 0xff, 0xff, 0x66, 0x33, 0xff,
0xff, 0x66, 0x33, 0xff, 0xff, 0x66, 0x33, 0xff, 0xff, 0x66, 0x33, 0xff, 0xff, 0x66, 0x33,
0xff, 0xff, 0x66, 0x33, 0xff, 0xff, 0x66, 0x33, 0xff, 0xff, 0x66, 0x33, 0xff, 0xff, 0x66,
0x33, 0xff, 0xff, 0x66, 0x33, 0xff, 0xff, 0x66, 0x33, 0xff, 0xff, 0x66, 0x33, 0xff, 0xff,
0x66, 0x33, 0xff, 0xff, 0x66, 0x33, 0xff, 0xff, 0x66, 0x33, 0xff, 0xff, 0x66, 0x33, 0xff,
0xff, 0x66, 0x33, 0xff, 0xff, 0x66, 0x33, 0xff, 0xff, 0x66, 0x33, 0xff, 0xff, 0x66, 0x33,
0xff, 0xff, 0x66, 0x33, 0xff, 0xff, 0x66, 0x33, 0xff, 0xff, 0x66, 0x33, 0xff, 0xff, 0x66,
0x33, 0xff, 0xff, 0x66, 0x33, 0xff, 0xff, 0x69, 0x35, 0xff, 0xff, 0x59, 0x2e, 0xf2, 0xb1,
0x14, 0x0d, 0x9b, 0x00, 0x10, 0x0c, 0x97, 0x00, 0x11, 0x0c, 0x98, 0x00, 0x11, 0x0c, 0x98,
0x00, 0x11, 0x0c, 0x98, 0x00, 0x11, 0x0c, 0x98, 0x00, 0x11, 0x0c, 0x98, 0x00, 0x11, 0x0c,
0x98, 0x00, 0x11, 0x0c, 0x98, 0x00, 0x11, 0x0c, 0x98, 0x00, 0x11, 0x0c, 0x98, 0x00, 0x11,
0x0c, 0x98, 0x00, 0xff, 0xff, 0xff, 0x00, 0xff, 0xff, 0xff, 0x00, 0xff, 0xff, 0xff, 0x00,
0xff, 0xff, 0xff, 0x00, 0xff, 0xff, 0xff, 0x00, 0xff, 0xff, 0xff, 0x00, 0xff, 0xff, 0xff,
0x00, 0xff, 0xff, 0xff, 0x00, 0xff, 0xff, 0xff, 0x00, 0xff, 0xff, 0xff, 0x00, 0xff, 0xff,
0xff, 0x00, 0xff, 0xff, 0xff, 0x00, 0xff, 0xff, 0xff, 0x00, 0xff, 0xff, 0xff, 0x00, 0xff,
0xff, 0xff, 0x00, 0xff, 0xff, 0xff, 0x00, 0xff, 0xff, 0xff, 0x00, 0x01, 0x01, 0x01, 0x00,
0x01, 0x01, 0x01, 0x00, 0x01, 0x01, 0x01, 0x00, 0x01, 0x01, 0x01, 0x00, 0x01, 0x01, 0x01,
0x00, 0x01, 0x01, 0x01, 0x00, 0x01, 0x01, 0x01, 0x00, 0x01, 0x01, 0x01, 0x00, 0x01, 0x01,
0x01, 0x00, 0x01, 0x01, 0x01, 0x00, 0x01, 0x01, 0x00, 0x00, 0x00, 0x00, 0x00, 0x00, 0x37,
0x12, 0xa4, 0x00, 0x69, 0x34, 0xff, 0x97, 0x66, 0x33, 0xff, 0xff, 0x66, 0x33, 0xff, 0xff,
0x66, 0x33, 0xff, 0xff, 0x66, 0x33, 0xff, 0xff, 0x66, 0x33, 0xff, 0xff, 0x66, 0x33, 0xff,
0xff, 0x66, 0x33, 0xff, 0xff, 0x66, 0x33, 0xff, 0xff, 0x66, 0x33, 0xff, 0xff, 0x66, 0x33,
0xff, 0xff, 0x66, 0x33, 0xff, 0xff, 0x66, 0x33, 0xff, 0xff, 0x66, 0x33, 0xff, 0xff, 0x66,
0x33, 0xff, 0xff, 0x66, 0x33, 0xff, 0xff, 0x66, 0x33, 0xff, 0xff, 0x66, 0x33, 0xff, 0xff,
0x66, 0x33, 0xff, 0xff, 0x66, 0x33, 0xff, 0xff, 0x66, 0x33, 0xff, 0xff, 0x66, 0x33, 0xff,
0xff, 0x66, 0x33, 0xff, 0xff, 0x66, 0x33, 0xff, 0xff, 0x66, 0x33, 0xff, 0xff, 0x66, 0x33,
0xff, 0xff, 0x66, 0x33, 0xff, 0xff, 0x66, 0x33, 0xff, 0xff, 0x66, 0x33, 0xff, 0xff, 0x66,
0x33, 0xff, 0xff, 0x66, 0x33, 0xff, 0xff, 0x66, 0x33, 0xff, 0xff, 0x66, 0x33, 0xff, 0xff,
0x66, 0x33, 0xff, 0xff, 0x66, 0x33, 0xff, 0xff, 0x66, 0x33, 0xff, 0xff, 0x66, 0x33, 0xff,
0xff, 0x66, 0x33, 0xff, 0xff, 0x61, 0x2c, 0xff, 0xff, 0x69, 0x37, 0xff, 0xff, 0xcd, 0xbc,
0xff, 0xff, 0xff, 0xff, 0xfe, 0xff, 0xff, 0xff, 0xfe, 0xff, 0xff, 0xff, 0xfe, 0xff, 0xdb,
0xcf, 0xfe, 0xff, 0x71, 0x41, 0xff, 0xff, 0x5f, 0x2a, 0xff, 0xff, 0x66, 0x33, 0xff, 0xff,
0x66, 0x33, 0xff, 0xff, 0x66, 0x33, 0xff, 0xff, 0x66, 0x33, 0xff, 0xff, 0x66, 0x33, 0xff,
0xff, 0x66, 0x33, 0xff, 0xff, 0x66, 0x33, 0xff, 0xff, 0x66, 0x33, 0xff, 0xff, 0x66, 0x33,
0xff, 0xff, 0x66, 0x33, 0xff, 0xff, 0x66, 0x33, 0xff, 0xff, 0x66, 0x33, 0xff, 0xff, 0x66,
0x33, 0xff, 0xff, 0x66, 0x33, 0xff, 0xff, 0x66, 0x33, 0xff, 0xff, 0x66, 0x33, 0xff, 0xff,
0x66, 0x33, 0xff, 0xff, 0x66, 0x33, 0xff, 0xff, 0x66, 0x33, 0xff, 0xff, 0x66, 0x33, 0xff,
0xff, 0x66, 0x33, 0xff, 0xff, 0x66, 0x33, 0xff, 0xff, 0x66, 0x33, 0xff, 0xff, 0x66, 0x33,
0xff, 0xff, 0x66, 0x33, 0xff, 0xff, 0x66, 0x33, 0xff, 0xff, 0x66, 0x33, 0xff, 0xff, 0x66,
0x33, 0xff, 0xff, 0x66, 0x33, 0xff, 0xff, 0x66, 0x33, 0xff, 0xff, 0x66, 0x33, 0xff, 0xff,
0x66, 0x33, 0xff, 0xff, 0x66, 0x33, 0xff, 0xff, 0x66, 0x33, 0xff, 0xff, 0x66, 0x33, 0xff,
0xff, 0x66, 0x33, 0xff, 0xff, 0x67, 0x34, 0xff, 0xff, 0x66, 0x30, 0xf7, 0xce, 0x53, 0x14,
0xc8, 0x0c, 0x28, 0x00, 0x90, 0x00, 0x27, 0x00, 0x90, 0x00, 0x28, 0x00, 0x91, 0x00, 0x28,
0x00, 0x91, 0x00, 0x28, 0x00, 0x91, 0x00, 0x28, 0x00, 0x91, 0x00, 0x28, 0x00, 0x91, 0x00,
0x28, 0x00, 0x91, 0x00, 0x28, 0x00, 0x91, 0x00, 0x28, 0x00, 0x91, 0x00, 0x28, 0x00, 0x91,
0x00, 0x28, 0x00, 0x91, 0x00, 0xff, 0xff, 0xff, 0x00, 0xff, 0xff, 0xff, 0x00, 0xff, 0xff,
0xff, 0x00, 0xff, 0xff, 0xff, 0x00, 0xff, 0xff, 0xff, 0x00, 0xff, 0xff, 0xff, 0x00, 0xff,
0xff, 0xff, 0x00, 0xff, 0xff, 0xff, 0x00, 0xff, 0xff, 0xff, 0x00, 0xff, 0xff, 0xff, 0x00,
0xff, 0xff, 0xff, 0x00, 0xff, 0xff, 0xff, 0x00, 0xff, 0xff, 0xff, 0x00, 0xff, 0xff, 0xff,
0x00, 0xff, 0xff, 0xff, 0x00, 0xff, 0xff, 0xff, 0x00, 0xff, 0xff, 0xff, 0x00, 0x01, 0x01,
0x01, 0x00, 0x01, 0x01, 0x01, 0x00, 0x01, 0x01, 0x01, 0x00, 0x01, 0x01, 0x01, 0x00, 0x01,
0x01, 0x01, 0x00, 0x01, 0x01, 0x01, 0x00, 0x01, 0x01, 0x01, 0x00, 0x01, 0x01, 0x01, 0x00,
0x01, 0x01, 0x01, 0x00, 0x01, 0x01, 0x01, 0x00, 0x01, 0x01, 0x00, 0x00, 0x00, 0x00, 0x00,
0x00, 0x39, 0x13, 0xa8, 0x00, 0x67, 0x33, 0xff, 0x00, 0x66, 0x33, 0xfe, 0x9f, 0x66, 0x33,
0xff, 0xff, 0x66, 0x33, 0xff, 0xff, 0x66, 0x33, 0xff, 0xff, 0x66, 0x33, 0xff, 0xff, 0x66,
0x33, 0xff, 0xff, 0x66, 0x33, 0xff, 0xff, 0x66, 0x33, 0xff, 0xff, 0x66, 0x33, 0xff, 0xff,
0x66, 0x33, 0xff, 0xff, 0x66, 0x33, 0xff, 0xff, 0x66, 0x33, 0xff, 0xff, 0x66, 0x33, 0xff,
0xff, 0x66, 0x33, 0xff, 0xff, 0x66, 0x33, 0xff, 0xff, 0x66, 0x33, 0xff, 0xff, 0x66, 0x33,
0xff, 0xff, 0x66, 0x33, 0xff, 0xff, 0x66, 0x33, 0xff, 0xff, 0x66, 0x33, 0xff, 0xff, 0x66,
0x33, 0xff, 0xff, 0x66, 0x33, 0xff, 0xff, 0x66, 0x33, 0xff, 0xff, 0x66, 0x33, 0xff, 0xff,
0x66, 0x33, 0xff, 0xff, 0x66, 0x33, 0xff, 0xff, 0x66, 0x33, 0xff, 0xff, 0x66, 0x33, 0xff,
0xff, 0x66, 0x33, 0xff, 0xff, 0x66, 0x33, 0xff, 0xff, 0x66, 0x33, 0xff, 0xff, 0x66, 0x33,
0xff, 0xff, 0x66, 0x33, 0xff, 0xff, 0x66, 0x33, 0xff, 0xff, 0x66, 0x33, 0xff, 0xff, 0x66,
0x33, 0xff, 0xff, 0x66, 0x33, 0xff, 0xff, 0x66, 0x33, 0xff, 0xff, 0x62, 0x2e, 0xff, 0xff,
0x61, 0x2d, 0xff, 0xff, 0xba, 0xa3, 0xff, 0xff, 0xff, 0xfe, 0xfe, 0xff, 0xcc, 0xbb, 0xfe,
0xff, 0x67, 0x35, 0xff, 0xff, 0x61, 0x2c, 0xff, 0xff, 0x66, 0x33, 0xff, 0xff, 0x66, 0x33,
0xff, 0xff, 0x66, 0x33, 0xff, 0xff, 0x66, 0x33, 0xff, 0xff, 0x66, 0x33, 0xff, 0xff, 0x66,
0x33, 0xff, 0xff, 0x66, 0x33, 0xff, 0xff, 0x66, 0x33, 0xff, 0xff, 0x66, 0x33, 0xff, 0xff,
0x66, 0x33, 0xff, 0xff, 0x66, 0x33, 0xff, 0xff, 0x66, 0x33, 0xff, 0xff, 0x66, 0x33, 0xff,
0xff, 0x66, 0x33, 0xff, 0xff, 0x66, 0x33, 0xff, 0xff, 0x66, 0x33, 0xff, 0xff, 0x66, 0x33,
0xff, 0xff, 0x66, 0x33, 0xff, 0xff, 0x66, 0x33, 0xff, 0xff, 0x66, 0x33, 0xff, 0xff, 0x66,
0x33, 0xff, 0xff, 0x66, 0x33, 0xff, 0xff, 0x66, 0x33, 0xff, 0xff, 0x66, 0x33, 0xff, 0xff,
0x66, 0x33, 0xff, 0xff, 0x66, 0x33, 0xff, 0xff, 0x66, 0x33, 0xff, 0xff, 0x66, 0x33, 0xff,
0xff, 0x66, 0x33, 0xff, 0xff, 0x66, 0x33, 0xff, 0xff, 0x66, 0x33, 0xff, 0xff, 0x66, 0x33,
0xff, 0xff, 0x66, 0x33, 0xff, 0xff, 0x66, 0x33, 0xff, 0xff, 0x66, 0x33, 0xff, 0xff, 0x66,
0x33, 0xff, 0xff, 0x66, 0x33, 0xff, 0xff, 0x6a, 0x37, 0xff, 0xdf, 0x65, 0x2a, 0xed, 0x1d,
0x59, 0x00, 0xa9, 0x00, 0x5e, 0x00, 0xae, 0x00, 0x5f, 0x01, 0xaf, 0x00, 0x5f, 0x01, 0xaf,
0x00, 0x5f, 0x01, 0xaf, 0x00, 0x5f, 0x01, 0xaf, 0x00, 0x5f, 0x01, 0xaf, 0x00, 0x5f, 0x01,
0xaf, 0x00, 0x5f, 0x01, 0xaf, 0x00, 0x5f, 0x01, 0xaf, 0x00, 0x5f, 0x01, 0xaf, 0x00, 0x5f,
0x01, 0xaf, 0x00, 0x5f, 0x01, 0xaf, 0x00, 0xff, 0xff, 0xff, 0x00, 0xff, 0xff, 0xff, 0x00,
0xff, 0xff, 0xff, 0x00, 0xff, 0xff, 0xff, 0x00, 0xff, 0xff, 0xff, 0x00, 0xff, 0xff, 0xff,
0x00, 0xff, 0xff, 0xff, 0x00, 0xff, 0xff, 0xff, 0x00, 0xff, 0xff, 0xff, 0x00, 0xff, 0xff,
0xff, 0x00, 0xff, 0xff, 0xff, 0x00, 0xff, 0xff, 0xff, 0x00, 0xff, 0xff, 0xff, 0x00, 0xff,
0xff, 0xff, 0x00, 0xff, 0xff, 0xff, 0x00, 0xff, 0xff, 0xff, 0x00, 0xff, 0xff, 0xff, 0x00,
0x01, 0x01, 0x01, 0x00, 0x01, 0x01, 0x01, 0x00, 0x01, 0x01, 0x01, 0x00, 0x01, 0x01, 0x01,
0x00, 0x01, 0x01, 0x01, 0x00, 0x01, 0x01, 0x01, 0x00, 0x01, 0x01, 0x01, 0x00, 0x01, 0x01,
0x01, 0x00, 0x01, 0x01, 0x01, 0x00, 0x01, 0x01, 0x01, 0x00, 0x01, 0x01, 0x00, 0x00, 0x00,
0x00, 0x00, 0x00, 0x39, 0x13, 0xa8, 0x00, 0x67, 0x33, 0xff, 0x00, 0x65, 0x33, 0xfc, 0x01,
0x65, 0x33, 0xfe, 0xa3, 0x66, 0x33, 0xff, 0xff, 0x66, 0x33, 0xff, 0xff, 0x66, 0x33, 0xff,
0xff, 0x66, 0x33, 0xff, 0xff, 0x66, 0x33, 0xff, 0xff, 0x66, 0x33, 0xff, 0xff, 0x66, 0x33,
0xff, 0xff, 0x66, 0x33, 0xff, 0xff, 0x66, 0x33, 0xff, 0xff, 0x66, 0x33, 0xff, 0xff, 0x66,
0x33, 0xff, 0xff, 0x66, 0x33, 0xff, 0xff, 0x66, 0x33, 0xff, 0xff, 0x66, 0x33, 0xff, 0xff,
0x66, 0x33, 0xff, 0xff, 0x66, 0x33, 0xff, 0xff, 0x66, 0x33, 0xff, 0xff, 0x66, 0x33, 0xff,
0xff, 0x66, 0x33, 0xff, 0xff, 0x66, 0x33, 0xff, 0xff, 0x66, 0x33, 0xff, 0xff, 0x66, 0x33,
0xff, 0xff, 0x66, 0x33, 0xff, 0xff, 0x66, 0x33, 0xff, 0xff, 0x66, 0x33, 0xff, 0xff, 0x66,
0x33, 0xff, 0xff, 0x66, 0x33, 0xff, 0xff, 0x66, 0x33, 0xff, 0xff, 0x66, 0x33, 0xff, 0xff,
0x66, 0x33, 0xff, 0xff, 0x66, 0x33, 0xff, 0xff, 0x66, 0x33, 0xff, 0xff, 0x66, 0x33, 0xff,
0xff, 0x66, 0x33, 0xff, 0xff, 0x66, 0x33, 0xff, 0xff, 0x66, 0x33, 0xff, 0xff, 0x66, 0x33,
0xff, 0xff, 0x64, 0x30, 0xff, 0xff, 0x62, 0x2e, 0xff, 0xff, 0x8c, 0x65, 0xff, 0xff, 0x67,
0x35, 0xff, 0xff, 0x63, 0x2f, 0xff, 0xff, 0x66, 0x33, 0xff, 0xff, 0x66, 0x33, 0xff, 0xff,
0x66, 0x33, 0xff, 0xff, 0x66, 0x33, 0xff, 0xff, 0x66, 0x33, 0xff, 0xff, 0x66, 0x33, 0xff,
0xff, 0x66, 0x33, 0xff, 0xff, 0x66, 0x33, 0xff, 0xff, 0x66, 0x33, 0xff, 0xff, 0x66, 0x33,
0xff, 0xff, 0x66, 0x33, 0xff, 0xff, 0x66, 0x33, 0xff, 0xff, 0x66, 0x33, 0xff, 0xff, 0x66,
0x33, 0xff, 0xff, 0x66, 0x33, 0xff, 0xff, 0x66, 0x33, 0xff, 0xff, 0x66, 0x33, 0xff, 0xff,
0x66, 0x33, 0xff, 0xff, 0x66, 0x33, 0xff, 0xff, 0x66, 0x33, 0xff, 0xff, 0x66, 0x33, 0xff,
0xff, 0x66, 0x33, 0xff, 0xff, 0x66, 0x33, 0xff, 0xff, 0x66, 0x33, 0xff, 0xff, 0x66, 0x33,
0xff, 0xff, 0x66, 0x33, 0xff, 0xff, 0x66, 0x33, 0xff, 0xff, 0x66, 0x33, 0xff, 0xff, 0x66,
0x33, 0xff, 0xff, 0x66, 0x33, 0xff, 0xff, 0x66, 0x33, 0xff, 0xff, 0x66, 0x33, 0xff, 0xff,
0x66, 0x33, 0xff, 0xff, 0x66, 0x33, 0xff, 0xff, 0x66, 0x33, 0xff, 0xff, 0x66, 0x33, 0xff,
0xff, 0x67, 0x34, 0xff, 0xff, 0x66, 0x31, 0xfd, 0xe8, 0x2a, 0x13, 0xb2, 0x2c, 0x19, 0x0b,
0x98, 0x00, 0x17, 0x01, 0x8b, 0x00, 0x17, 0x01, 0x8b, 0x00, 0x17, 0x01, 0x8b, 0x00, 0x17,
0x01, 0x8b, 0x00, 0x17, 0x01, 0x8b, 0x00, 0x17, 0x01, 0x8b, 0x00, 0x17, 0x01, 0x8b, 0x00,
0x17, 0x01, 0x8b, 0x00, 0x17, 0x01, 0x8b, 0x00, 0x17, 0x01, 0x8b, 0x00, 0x17, 0x01, 0x8b,
0x00, 0x17, 0x01, 0x8b, 0x00, 0x17, 0x01, 0x8b, 0x00, 0xff, 0xff, 0xff, 0x00, 0xff, 0xff,
0xff, 0x00, 0xff, 0xff, 0xff, 0x00, 0xff, 0xff, 0xff, 0x00, 0xff, 0xff, 0xff, 0x00, 0xff,
0xff, 0xff, 0x00, 0xff, 0xff, 0xff, 0x00, 0xff, 0xff, 0xff, 0x00, 0xff, 0xff, 0xff, 0x00,
0xff, 0xff, 0xff, 0x00, 0xff, 0xff, 0xff, 0x00, 0xff, 0xff, 0xff, 0x00, 0xff, 0xff, 0xff,
0x00, 0xff, 0xff, 0xff, 0x00, 0xff, 0xff, 0xff, 0x00, 0xff, 0xff, 0xff, 0x00, 0xff, 0xff,
0xff, 0x00, 0x01, 0x01, 0x01, 0x00, 0x01, 0x01, 0x01, 0x00, 0x01, 0x01, 0x01, 0x00, 0x01,
0x01, 0x01, 0x00, 0x01, 0x01, 0x01, 0x00, 0x01, 0x01, 0x01, 0x00, 0x01, 0x01, 0x01, 0x00,
0x01, 0x01, 0x01, 0x00, 0x01, 0x01, 0x01, 0x00, 0x01, 0x01, 0x01, 0x00, 0x01, 0x01, 0x00,
0x00, 0x00, 0x00, 0x00, 0x00, 0x39, 0x13, 0xa8, 0x00, 0x67, 0x33, 0xff, 0x00, 0x65, 0x33,
0xfc, 0x00, 0x65, 0x32, 0xfc, 0x01, 0x66, 0x33, 0xfe, 0xa5, 0x66, 0x33, 0xff, 0xff, 0x66,
0x33, 0xff, 0xff, 0x66, 0x33, 0xff, 0xff, 0x66, 0x33, 0xff, 0xff, 0x66, 0x33, 0xff, 0xff,
0x66, 0x33, 0xff, 0xff, 0x66, 0x33, 0xff, 0xff, 0x66, 0x33, 0xff, 0xff, 0x66, 0x33, 0xff,
0xff, 0x66, 0x33, 0xff, 0xff, 0x66, 0x33, 0xff, 0xff, 0x66, 0x33, 0xff, 0xff, 0x66, 0x33,
0xff, 0xff, 0x66, 0x33, 0xff, 0xff, 0x66, 0x33, 0xff, 0xff, 0x66, 0x33, 0xff, 0xff, 0x66,
0x33, 0xff, 0xff, 0x66, 0x33, 0xff, 0xff, 0x66, 0x33, 0xff, 0xff, 0x66, 0x33, 0xff, 0xff,
0x66, 0x33, 0xff, 0xff, 0x66, 0x33, 0xff, 0xff, 0x66, 0x33, 0xff, 0xff, 0x66, 0x33, 0xff,
0xff, 0x66, 0x33, 0xff, 0xff, 0x66, 0x33, 0xff, 0xff, 0x66, 0x33, 0xff, 0xff, 0x66, 0x33,
0xff, 0xff, 0x66, 0x33, 0xff, 0xff, 0x66, 0x33, 0xff, 0xff, 0x66, 0x33, 0xff, 0xff, 0x66,
0x33, 0xff, 0xff, 0x66, 0x33, 0xff, 0xff, 0x66, 0x33, 0xff, 0xff, 0x66, 0x33, 0xff, 0xff,
0x66, 0x33, 0xff, 0xff, 0x66, 0x33, 0xff, 0xff, 0x65, 0x32, 0xff, 0xff, 0x60, 0x2b, 0xff,
0xff, 0x65, 0x31, 0xff, 0xff, 0x66, 0x33, 0xff, 0xff, 0x66, 0x33, 0xff, 0xff, 0x66, 0x33,
0xff, 0xff, 0x66, 0x33, 0xff, 0xff, 0x66, 0x33, 0xff, 0xff, 0x66, 0x33, 0xff, 0xff, 0x66,
0x33, 0xff, 0xff, 0x66, 0x33, 0xff, 0xff, 0x66, 0x33, 0xff, 0xff, 0x66, 0x33, 0xff, 0xff,
0x66, 0x33, 0xff, 0xff, 0x66, 0x33, 0xff, 0xff, 0x66, 0x33, 0xff, 0xff, 0x66, 0x33, 0xff,
0xff, 0x66, 0x33, 0xff, 0xff, 0x66, 0x33, 0xff, 0xff, 0x66, 0x33, 0xff, 0xff, 0x66, 0x33,
0xff, 0xff, 0x66, 0x33, 0xff, 0xff, 0x66, 0x33, 0xff, 0xff, 0x66, 0x33, 0xff, 0xff, 0x66,
0x33, 0xff, 0xff, 0x66, 0x33, 0xff, 0xff, 0x66, 0x33, 0xff, 0xff, 0x66, 0x33, 0xff, 0xff,
0x66, 0x33, 0xff, 0xff, 0x66, 0x33, 0xff, 0xff, 0x66, 0x33, 0xff, 0xff, 0x66, 0x33, 0xff,
0xff, 0x66, 0x33, 0xff, 0xff, 0x66, 0x33, 0xff, 0xff, 0x66, 0x33, 0xff, 0xff, 0x66, 0x33,
0xff, 0xff, 0x66, 0x33, 0xff, 0xff, 0x66, 0x33, 0xff, 0xff, 0x66, 0x33, 0xff, 0xff, 0x67,
0x34, 0xff, 0xff, 0x67, 0x34, 0xff, 0xe9, 0x5f, 0x29, 0xeb, 0x33, 0x0f, 0x01, 0x8c, 0x00,
0x00, 0x00, 0x77, 0x00, 0x00, 0x01, 0x7e, 0x00, 0x00, 0x01, 0x7e, 0x00, 0x00, 0x01, 0x7e,
0x00, 0x00, 0x01, 0x7e, 0x00, 0x00, 0x01, 0x7e, 0x00, 0x00, 0x01, 0x7e, 0x00, 0x00, 0x01,
0x7e, 0x00, 0x00, 0x01, 0x7e, 0x00, 0x00, 0x01, 0x7e, 0x00, 0x00, 0x01, 0x7e, 0x00, 0x00,
0x01, 0x7e, 0x00, 0x00, 0x01, 0x7e, 0x00, 0x00, 0x01, 0x7e, 0x00, 0xff, 0xff, 0xff, 0x00,
0xff, 0xff, 0xff, 0x00, 0xff, 0xff, 0xff, 0x00, 0xff, 0xff, 0xff, 0x00, 0xff, 0xff, 0xff,
0x00, 0xff, 0xff, 0xff, 0x00, 0xff, 0xff, 0xff, 0x00, 0xff, 0xff, 0xff, 0x00, 0xff, 0xff,
0xff, 0x00, 0xff, 0xff, 0xff, 0x00, 0xff, 0xff, 0xff, 0x00, 0xff, 0xff, 0xff, 0x00, 0xff,
0xff, 0xff, 0x00, 0xff, 0xff, 0xff, 0x00, 0xff, 0xff, 0xff, 0x00, 0xff, 0xff, 0xff, 0x00,
0xff, 0xff, 0xff, 0x00, 0x01, 0x01, 0x01, 0x00, 0x01, 0x01, 0x01, 0x00, 0x01, 0x01, 0x01,
0x00, 0x01, 0x01, 0x01, 0x00, 0x01, 0x01, 0x01, 0x00, 0x01, 0x01, 0x01, 0x00, 0x01, 0x01,
0x01, 0x00, 0x01, 0x01, 0x01, 0x00, 0x01, 0x01, 0x01, 0x00, 0x01, 0x01, 0x01, 0x00, 0x01,
0x01, 0x00, 0x00, 0x00, 0x00, 0x00, 0x00, 0x39, 0x13, 0xa8, 0x00, 0x67, 0x33, 0xff, 0x00,
0x65, 0x33, 0xfc, 0x00, 0x65, 0x32, 0xfc, 0x00, 0x65, 0x32, 0xfd, 0x02, 0x66, 0x33, 0xfe,
0xa5, 0x66, 0x33, 0xff, 0xff, 0x66, 0x33, 0xff, 0xff, 0x66, 0x33, 0xff, 0xff, 0x66, 0x33,
0xff, 0xff, 0x66, 0x33, 0xff, 0xff, 0x66, 0x33, 0xff, 0xff, 0x66, 0x33, 0xff, 0xff, 0x66,
0x33, 0xff, 0xff, 0x66, 0x33, 0xff, 0xff, 0x66, 0x33, 0xff, 0xff, 0x66, 0x33, 0xff, 0xff,
0x66, 0x33, 0xff, 0xff, 0x66, 0x33, 0xff, 0xff, 0x66, 0x33, 0xff, 0xff, 0x66, 0x33, 0xff,
0xff, 0x66, 0x33, 0xff, 0xff, 0x66, 0x33, 0xff, 0xff, 0x66, 0x33, 0xff, 0xff, 0x66, 0x33,
0xff, 0xff, 0x66, 0x33, 0xff, 0xff, 0x66, 0x33, 0xff, 0xff, 0x66, 0x33, 0xff, 0xff, 0x66,
0x33, 0xff, 0xff, 0x66, 0x33, 0xff, 0xff, 0x66, 0x33, 0xff, 0xff, 0x66, 0x33, 0xff, 0xff,
0x66, 0x33, 0xff, 0xff, 0x66, 0x33, 0xff, 0xff, 0x66, 0x33, 0xff, 0xff, 0x66, 0x33, 0xff,
0xff, 0x66, 0x33, 0xff, 0xff, 0x66, 0x33, 0xff, 0xff, 0x66, 0x33, 0xff, 0xff, 0x66, 0x33,
0xff, 0xff, 0x66, 0x33, 0xff, 0xff, 0x66, 0x33, 0xff, 0xff, 0x66, 0x33, 0xff, 0xff, 0x66,
0x33, 0xff, 0xff, 0x66, 0x33, 0xff, 0xff, 0x66, 0x33, 0xff, 0xff, 0x66, 0x33, 0xff, 0xff,
0x66, 0x33, 0xff, 0xff, 0x66, 0x33, 0xff, 0xff, 0x66, 0x33, 0xff, 0xff, 0x66, 0x33, 0xff,
0xff, 0x66, 0x33, 0xff, 0xff, 0x66, 0x33, 0xff, 0xff, 0x66, 0x33, 0xff, 0xff, 0x66, 0x33,
0xff, 0xff, 0x66, 0x33, 0xff, 0xff, 0x66, 0x33, 0xff, 0xff, 0x66, 0x33, 0xff, 0xff, 0x66,
0x33, 0xff, 0xff, 0x66, 0x33, 0xff, 0xff, 0x66, 0x33, 0xff, 0xff, 0x66, 0x33, 0xff, 0xff,
0x66, 0x33, 0xff, 0xff, 0x66, 0x33, 0xff, 0xff, 0x66, 0x33, 0xff, 0xff, 0x66, 0x33, 0xff,
0xff, 0x66, 0x33, 0xff, 0xff, 0x66, 0x33, 0xff, 0xff, 0x66, 0x33, 0xff, 0xff, 0x66, 0x33,
0xff, 0xff, 0x66, 0x33, 0xff, 0xff, 0x66, 0x33, 0xff, 0xff, 0x66, 0x33, 0xff, 0xff, 0x66,
0x33, 0xff, 0xff, 0x66, 0x33, 0xff, 0xff, 0x66, 0x33, 0xff, 0xff, 0x66, 0x33, 0xff, 0xff,
0x66, 0x33, 0xff, 0xff, 0x66, 0x33, 0xff, 0xff, 0x66, 0x33, 0xff, 0xff, 0x67, 0x34, 0xff,
0xff, 0x63, 0x31, 0xf9, 0xe5, 0x5c, 0x2a, 0xec, 0x31, 0x5e, 0x27, 0xe7, 0x00, 0x13, 0x04,
0x92, 0x00, 0x00, 0x00, 0x7c, 0x00, 0x01, 0x01, 0x80, 0x00, 0x01, 0x01, 0x80, 0x00, 0x01,
0x01, 0x80, 0x00, 0x01, 0x01, 0x80, 0x00, 0x01, 0x01, 0x80, 0x00, 0x01, 0x01, 0x80, 0x00,
0x01, 0x01, 0x80, 0x00, 0x01, 0x01, 0x80, 0x00, 0x01, 0x01, 0x80, 0x00, 0x01, 0x01, 0x80,
0x00, 0x01, 0x01, 0x80, 0x00, 0x01, 0x01, 0x80, 0x00, 0x01, 0x01, 0x80, 0x00, 0xff, 0xff,
0xff, 0x00, 0xff, 0xff, 0xff, 0x00, 0xff, 0xff, 0xff, 0x00, 0xff, 0xff, 0xff, 0x00, 0xff,
0xff, 0xff, 0x00, 0xff, 0xff, 0xff, 0x00, 0xff, 0xff, 0xff, 0x00, 0xff, 0xff, 0xff, 0x00,
0xff, 0xff, 0xff, 0x00, 0xff, 0xff, 0xff, 0x00, 0xff, 0xff, 0xff, 0x00, 0xff, 0xff, 0xff,
0x00, 0xff, 0xff, 0xff, 0x00, 0xff, 0xff, 0xff, 0x00, 0xff, 0xff, 0xff, 0x00, 0xff, 0xff,
0xff, 0x00, 0xff, 0xff, 0xff, 0x00, 0x01, 0x01, 0x01, 0x00, 0x01, 0x01, 0x01, 0x00, 0x01,
0x01, 0x01, 0x00, 0x01, 0x01, 0x01, 0x00, 0x01, 0x01, 0x01, 0x00, 0x01, 0x01, 0x01, 0x00,
0x01, 0x01, 0x01, 0x00, 0x01, 0x01, 0x01, 0x00, 0x01, 0x01, 0x01, 0x00, 0x01, 0x01, 0x01,
0x00, 0x01, 0x01, 0x00, 0x00, 0x00, 0x00, 0x00, 0x00, 0x39, 0x13, 0xa8, 0x00, 0x67, 0x33,
0xff, 0x00, 0x65, 0x33, 0xfc, 0x00, 0x65, 0x32, 0xfc, 0x00, 0x65, 0x32, 0xfd, 0x00, 0x65,
0x32, 0xfd, 0x01, 0x65, 0x32, 0xfd, 0x9e, 0x66, 0x34, 0xff, 0xff, 0x66, 0x33, 0xff, 0xff,
0x66, 0x33, 0xff, 0xff, 0x66, 0x33, 0xff, 0xff, 0x66, 0x33, 0xff, 0xff, 0x66, 0x33, 0xff,
0xff, 0x66, 0x33, 0xff, 0xff, 0x66, 0x33, 0xff, 0xff, 0x66, 0x33, 0xff, 0xff, 0x66, 0x33,
0xff, 0xff, 0x66, 0x33, 0xff, 0xff, 0x66, 0x33, 0xff, 0xff, 0x66, 0x33, 0xff, 0xff, 0x66,
0x33, 0xff, 0xff, 0x66, 0x33, 0xff, 0xff, 0x66, 0x33, 0xff, 0xff, 0x66, 0x33, 0xff, 0xff,
0x66, 0x33, 0xff, 0xff, 0x66, 0x33, 0xff, 0xff, 0x66, 0x33, 0xff, 0xff, 0x66, 0x33, 0xff,
0xff, 0x66, 0x33, 0xff, 0xff, 0x66, 0x33, 0xff, 0xff, 0x66, 0x33, 0xff, 0xff, 0x66, 0x33,
0xff, 0xff, 0x66, 0x33, 0xff, 0xff, 0x66, 0x33, 0xff, 0xff, 0x66, 0x33, 0xff, 0xff, 0x66,
0x33, 0xff, 0xff, 0x66, 0x33, 0xff, 0xff, 0x66, 0x33, 0xff, 0xff, 0x66, 0x33, 0xff, 0xff,
0x66, 0x33, 0xff, 0xff, 0x66, 0x33, 0xff, 0xff, 0x66, 0x33, 0xff, 0xff, 0x66, 0x33, 0xff,
0xff, 0x66, 0x33, 0xff, 0xff, 0x66, 0x33, 0xff, 0xff, 0x66, 0x33, 0xff, 0xff, 0x66, 0x33,
0xff, 0xff, 0x66, 0x33, 0xff, 0xff, 0x66, 0x33, 0xff, 0xff, 0x66, 0x33, 0xff, 0xff, 0x66,
0x33, 0xff, 0xff, 0x66, 0x33, 0xff, 0xff, 0x66, 0x33, 0xff, 0xff, 0x66, 0x33, 0xff, 0xff,
0x66, 0x33, 0xff, 0xff, 0x66, 0x33, 0xff, 0xff, 0x66, 0x33, 0xff, 0xff, 0x66, 0x33, 0xff,
0xff, 0x66, 0x33, 0xff, 0xff, 0x66, 0x33, 0xff, 0xff, 0x66, 0x33, 0xff, 0xff, 0x66, 0x33,
0xff, 0xff, 0x66, 0x33, 0xff, 0xff, 0x66, 0x33, 0xff, 0xff, 0x66, 0x33, 0xff, 0xff, 0x66,
0x33, 0xff, 0xff, 0x66, 0x33, 0xff, 0xff, 0x66, 0x33, 0xff, 0xff, 0x66, 0x33, 0xff, 0xff,
0x66, 0x33, 0xff, 0xff, 0x66, 0x33, 0xff, 0xff, 0x66, 0x33, 0xff, 0xff, 0x66, 0x33, 0xff,
0xff, 0x66, 0x33, 0xff, 0xff, 0x66, 0x33, 0xff, 0xff, 0x66, 0x33, 0xff, 0xff, 0x66, 0x33,
0xff, 0xff, 0x66, 0x33, 0xff, 0xff, 0x66, 0x33, 0xff, 0xff, 0x66, 0x33, 0xff, 0xff, 0x68,
0x34, 0xff, 0xd9, 0x59, 0x28, 0xe6, 0x27, 0x54, 0x24, 0xdc, 0x00, 0x5f, 0x28, 0xe9, 0x00,
0x13, 0x04, 0x92, 0x00, 0x00, 0x00, 0x7c, 0x00, 0x01, 0x01, 0x80, 0x00, 0x01, 0x01, 0x80,
0x00, 0x01, 0x01, 0x80, 0x00, 0x01, 0x01, 0x80, 0x00, 0x01, 0x01, 0x80, 0x00, 0x01, 0x01,
0x80, 0x00, 0x01, 0x01, 0x80, 0x00, 0x01, 0x01, 0x80, 0x00, 0x01, 0x01, 0x80, 0x00, 0x01,
0x01, 0x80, 0x00, 0x01, 0x01, 0x80, 0x00, 0x01, 0x01, 0x80, 0x00, 0x01, 0x01, 0x80, 0x00,
0xff, 0xff, 0xff, 0x00, 0xff, 0xff, 0xff, 0x00, 0xff, 0xff, 0xff, 0x00, 0xff, 0xff, 0xff,
0x00, 0xff, 0xff, 0xff, 0x00, 0xff, 0xff, 0xff, 0x00, 0xff, 0xff, 0xff, 0x00, 0xff, 0xff,
0xff, 0x00, 0xff, 0xff, 0xff, 0x00, 0xff, 0xff, 0xff, 0x00, 0xff, 0xff, 0xff, 0x00, 0xff,
0xff, 0xff, 0x00, 0xff, 0xff, 0xff, 0x00, 0xff, 0xff, 0xff, 0x00, 0xff, 0xff, 0xff, 0x00,
0xff, 0xff, 0xff, 0x00, 0xff, 0xff, 0xff, 0x00, 0x01, 0x01, 0x01, 0x00, 0x01, 0x01, 0x01,
0x00, 0x01, 0x01, 0x01, 0x00, 0x01, 0x01, 0x01, 0x00, 0x01, 0x01, 0x01, 0x00, 0x01, 0x01,
0x01, 0x00, 0x01, 0x01, 0x01, 0x00, 0x01, 0x01, 0x01, 0x00, 0x01, 0x01, 0x01, 0x00, 0x01,
0x01, 0x01, 0x00, 0x01, 0x01, 0x00, 0x00, 0x00, 0x00, 0x00, 0x00, 0x39, 0x13, 0xa8, 0x00,
0x67, 0x33, 0xff, 0x00, 0x65, 0x33, 0xfc, 0x00, 0x65, 0x32, 0xfc, 0x00, 0x65, 0x32, 0xfd,
0x00, 0x65, 0x32, 0xfd, 0x00, 0x64, 0x30, 0xfa, 0x00, 0x62, 0x2c, 0xf4, 0x8b, 0x66, 0x33,
0xff, 0xff, 0x66, 0x33, 0xff, 0xff, 0x66, 0x33, 0xff, 0xff, 0x66, 0x33, 0xff, 0xff, 0x66,
0x33, 0xff, 0xff, 0x66, 0x33, 0xff, 0xff, 0x66, 0x33, 0xff, 0xff, 0x66, 0x33, 0xff, 0xff,
0x66, 0x33, 0xff, 0xff, 0x66, 0x33, 0xff, 0xff, 0x66, 0x33, 0xff, 0xff, 0x66, 0x33, 0xff,
0xff, 0x66, 0x33, 0xff, 0xff, 0x66, 0x33, 0xff, 0xff, 0x66, 0x33, 0xff, 0xff, 0x66, 0x33,
0xff, 0xff, 0x66, 0x33, 0xff, 0xff, 0x66, 0x33, 0xff, 0xff, 0x66, 0x33, 0xff, 0xff, 0x66,
0x33, 0xff, 0xff, 0x66, 0x33, 0xff, 0xff, 0x66, 0x33, 0xff, 0xff, 0x66, 0x33, 0xff, 0xff,
0x66, 0x33, 0xff, 0xff, 0x66, 0x33, 0xff, 0xff, 0x66, 0x33, 0xff, 0xff, 0x66, 0x33, 0xff,
0xff, 0x66, 0x33, 0xff, 0xff, 0x66, 0x33, 0xff, 0xff, 0x66, 0x33, 0xff, 0xff, 0x66, 0x33,
0xff, 0xff, 0x66, 0x33, 0xff, 0xff, 0x66, 0x33, 0xff, 0xff, 0x66, 0x33, 0xff, 0xff, 0x66,
0x33, 0xff, 0xff, 0x66, 0x33, 0xff, 0xff, 0x66, 0x33, 0xff, 0xff, 0x66, 0x33, 0xff, 0xff,
0x66, 0x33, 0xff, 0xff, 0x66, 0x33, 0xff, 0xff, 0x66, 0x33, 0xff, 0xff, 0x66, 0x33, 0xff,
0xff, 0x66, 0x33, 0xff, 0xff, 0x66, 0x33, 0xff, 0xff, 0x66, 0x33, 0xff, 0xff, 0x66, 0x33,
0xff, 0xff, 0x66, 0x33, 0xff, 0xff, 0x66, 0x33, 0xff, 0xff, 0x66, 0x33, 0xff, 0xff, 0x66,
0x33, 0xff, 0xff, 0x66, 0x33, 0xff, 0xff, 0x66, 0x33, 0xff, 0xff, 0x66, 0x33, 0xff, 0xff,
0x66, 0x33, 0xff, 0xff, 0x66, 0x33, 0xff, 0xff, 0x66, 0x33, 0xff, 0xff, 0x66, 0x33, 0xff,
0xff, 0x66, 0x33, 0xff, 0xff, 0x66, 0x33, 0xff, 0xff, 0x66, 0x33, 0xff, 0xff, 0x66, 0x33,
0xff, 0xff, 0x66, 0x33, 0xff, 0xff, 0x66, 0x33, 0xff, 0xff, 0x66, 0x33, 0xff, 0xff, 0x66,
0x33, 0xff, 0xff, 0x66, 0x33, 0xff, 0xff, 0x66, 0x33, 0xff, 0xff, 0x66, 0x33, 0xff, 0xff,
0x66, 0x33, 0xff, 0xff, 0x66, 0x33, 0xff, 0xff, 0x67, 0x34, 0xff, 0xff, 0x64, 0x30, 0xfa,
0xc3, 0x63, 0x2f, 0xfa, 0x18, 0x59, 0x28, 0xe7, 0x00, 0x54, 0x24, 0xdd, 0x00, 0x5f, 0x28,
0xe9, 0x00, 0x13, 0x04, 0x92, 0x00, 0x00, 0x00, 0x7c, 0x00, 0x01, 0x01, 0x80, 0x00, 0x01,
0x01, 0x80, 0x00, 0x01, 0x01, 0x80, 0x00, 0x01, 0x01, 0x80, 0x00, 0x01, 0x01, 0x80, 0x00,
0x01, 0x01, 0x80, 0x00, 0x01, 0x01, 0x80, 0x00, 0x01, 0x01, 0x80, 0x00, 0x01, 0x01, 0x80,
0x00, 0x01, 0x01, 0x80, 0x00, 0x01, 0x01, 0x80, 0x00, 0x01, 0x01, 0x80, 0x00, 0x01, 0x01,
0x80, 0x00, 0xff, 0xff, 0xff, 0x00, 0xff, 0xff, 0xff, 0x00, 0xff, 0xff, 0xff, 0x00, 0xff,
0xff, 0xff, 0x00, 0xff, 0xff, 0xff, 0x00, 0xff, 0xff, 0xff, 0x00, 0xff, 0xff, 0xff, 0x00,
0xff, 0xff, 0xff, 0x00, 0xff, 0xff, 0xff, 0x00, 0xff, 0xff, 0xff, 0x00, 0xff, 0xff, 0xff,
0x00, 0xff, 0xff, 0xff, 0x00, 0xff, 0xff, 0xff, 0x00, 0xff, 0xff, 0xff, 0x00, 0xff, 0xff,
0xff, 0x00, 0xff, 0xff, 0xff, 0x00, 0xff, 0xff, 0xff, 0x00, 0x01, 0x01, 0x01, 0x00, 0x01,
0x01, 0x01, 0x00, 0x01, 0x01, 0x01, 0x00, 0x01, 0x01, 0x01, 0x00, 0x01, 0x01, 0x01, 0x00,
0x01, 0x01, 0x01, 0x00, 0x01, 0x01, 0x01, 0x00, 0x01, 0x01, 0x01, 0x00, 0x01, 0x01, 0x01,
0x00, 0x01, 0x01, 0x01, 0x00, 0x01, 0x01, 0x00, 0x00, 0x00, 0x00, 0x00, 0x00, 0x39, 0x13,
0xa8, 0x00, 0x67, 0x33, 0xff, 0x00, 0x65, 0x33, 0xfc, 0x00, 0x65, 0x32, 0xfc, 0x00, 0x65,
0x32, 0xfd, 0x00, 0x65, 0x32, 0xfd, 0x00, 0x64, 0x30, 0xfa, 0x00, 0x5d, 0x1f, 0xdf, 0x00,
0x64, 0x30, 0xfa, 0x6e, 0x66, 0x33, 0xff, 0xfa, 0x66, 0x33, 0xff, 0xff, 0x66, 0x33, 0xff,
0xff, 0x66, 0x33, 0xff, 0xff, 0x66, 0x33, 0xff, 0xff, 0x66, 0x33, 0xff, 0xff, 0x66, 0x33,
0xff, 0xff, 0x66, 0x33, 0xff, 0xff, 0x66, 0x33, 0xff, 0xff, 0x66, 0x33, 0xff, 0xff, 0x66,
0x33, 0xff, 0xff, 0x66, 0x33, 0xff, 0xff, 0x66, 0x33, 0xff, 0xff, 0x66, 0x33, 0xff, 0xff,
0x66, 0x33, 0xff, 0xff, 0x66, 0x33, 0xff, 0xff, 0x66, 0x33, 0xff, 0xff, 0x66, 0x33, 0xff,
0xff, 0x66, 0x33, 0xff, 0xff, 0x66, 0x33, 0xff, 0xff, 0x66, 0x33, 0xff, 0xff, 0x66, 0x33,
0xff, 0xff, 0x66, 0x33, 0xff, 0xff, 0x66, 0x33, 0xff, 0xff, 0x66, 0x33, 0xff, 0xff, 0x66,
0x33, 0xff, 0xff, 0x66, 0x33, 0xff, 0xff, 0x66, 0x33, 0xff, 0xff, 0x66, 0x33, 0xff, 0xff,
0x66, 0x33, 0xff, 0xff, 0x66, 0x33, 0xff, 0xff, 0x66, 0x33, 0xff, 0xff, 0x66, 0x33, 0xff,
0xff, 0x66, 0x33, 0xff, 0xff, 0x66, 0x33, 0xff, 0xff, 0x66, 0x33, 0xff, 0xff, 0x66, 0x33,
0xff, 0xff, 0x66, 0x33, 0xff, 0xff, 0x66, 0x33, 0xff, 0xff, 0x66, 0x33, 0xff, 0xff, 0x66,
0x33, 0xff, 0xff, 0x66, 0x33, 0xff, 0xff, 0x66, 0x33, 0xff, 0xff, 0x66, 0x33, 0xff, 0xff,
0x66, 0x33, 0xff, 0xff, 0x66, 0x33, 0xff, 0xff, 0x66, 0x33, 0xff, 0xff, 0x66, 0x33, 0xff,
0xff, 0x66, 0x33, 0xff, 0xff, 0x66, 0x33, 0xff, 0xff, 0x66, 0x33, 0xff, 0xff, 0x66, 0x33,
0xff, 0xff, 0x66, 0x33, 0xff, 0xff, 0x66, 0x33, 0xff, 0xff, 0x66, 0x33, 0xff, 0xff, 0x66,
0x33, 0xff, 0xff, 0x66, 0x33, 0xff, 0xff, 0x66, 0x33, 0xff, 0xff, 0x66, 0x33, 0xff, 0xff,
0x66, 0x33, 0xff, 0xff, 0x66, 0x33, 0xff, 0xff, 0x66, 0x33, 0xff, 0xff, 0x66, 0x33, 0xff,
0xff, 0x66, 0x33, 0xff, 0xff, 0x66, 0x33, 0xff, 0xff, 0x66, 0x33, 0xff, 0xff, 0x66, 0x33,
0xff, 0xff, 0x66, 0x33, 0xff, 0xff, 0x67, 0x34, 0xff, 0xff, 0x65, 0x31, 0xfa, 0xa2, 0x60,
0x2b, 0xf2, 0x07, 0x62, 0x2d, 0xf8, 0x00, 0x5a, 0x29, 0xe7, 0x00, 0x54, 0x24, 0xdd, 0x00,
0x5f, 0x28, 0xe9, 0x00, 0x13, 0x04, 0x92, 0x00, 0x00, 0x00, 0x7c, 0x00, 0x01, 0x01, 0x80,
0x00, 0x01, 0x01, 0x80, 0x00, 0x01, 0x01, 0x80, 0x00, 0x01, 0x01, 0x80, 0x00, 0x01, 0x01,
0x80, 0x00, 0x01, 0x01, 0x80, 0x00, 0x01, 0x01, 0x80, 0x00, 0x01, 0x01, 0x80, 0x00, 0x01,
0x01, 0x80, 0x00, 0x01, 0x01, 0x80, 0x00, 0x01, 0x01, 0x80, 0x00, 0x01, 0x01, 0x80, 0x00,
0x01, 0x01, 0x80, 0x00, 0xff, 0xff, 0xff, 0x00, 0xff, 0xff, 0xff, 0x00, 0xff, 0xff, 0xff,
0x00, 0xff, 0xff, 0xff, 0x00, 0xff, 0xff, 0xff, 0x00, 0xff, 0xff, 0xff, 0x00, 0xff, 0xff,
0xff, 0x00, 0xff, 0xff, 0xff, 0x00, 0xff, 0xff, 0xff, 0x00, 0xff, 0xff, 0xff, 0x00, 0xff,
0xff, 0xff, 0x00, 0xff, 0xff, 0xff, 0x00, 0xff, 0xff, 0xff, 0x00, 0xff, 0xff, 0xff, 0x00,
0xff, 0xff, 0xff, 0x00, 0xff, 0xff, 0xff, 0x00, 0xff, 0xff, 0xff, 0x00, 0x01, 0x01, 0x01,
0x00, 0x01, 0x01, 0x01, 0x00, 0x01, 0x01, 0x01, 0x00, 0x01, 0x01, 0x01, 0x00, 0x01, 0x01,
0x01, 0x00, 0x01, 0x01, 0x01, 0x00, 0x01, 0x01, 0x01, 0x00, 0x01, 0x01, 0x01, 0x00, 0x01,
0x01, 0x01, 0x00, 0x01, 0x01, 0x01, 0x00, 0x01, 0x01, 0x00, 0x00, 0x00, 0x00, 0x00, 0x00,
0x39, 0x13, 0xa8, 0x00, 0x67, 0x33, 0xff, 0x00, 0x65, 0x33, 0xfc, 0x00, 0x65, 0x32, 0xfc,
0x00, 0x65, 0x32, 0xfd, 0x00, 0x65, 0x32, 0xfd, 0x00, 0x64, 0x30, 0xfa, 0x00, 0x5e, 0x21,
0xe1, 0x00, 0x61, 0x2b, 0xf3, 0x00, 0x61, 0x2e, 0xf8, 0x48, 0x65, 0x33, 0xfe, 0xe6, 0x66,
0x33, 0xff, 0xff, 0x66, 0x33, 0xff, 0xff, 0x66, 0x33, 0xff, 0xff, 0x66, 0x33, 0xff, 0xff,
0x66, 0x33, 0xff, 0xff, 0x66, 0x33, 0xff, 0xff, 0x66, 0x33, 0xff, 0xff, 0x66, 0x33, 0xff,
0xff, 0x66, 0x33, 0xff, 0xff, 0x66, 0x33, 0xff, 0xff, 0x66, 0x33, 0xff, 0xff, 0x66, 0x33,
0xff, 0xff, 0x66, 0x33, 0xff, 0xff, 0x66, 0x33, 0xff, 0xff, 0x66, 0x33, 0xff, 0xff, 0x66,
0x33, 0xff, 0xff, 0x66, 0x33, 0xff, 0xff, 0x66, 0x33, 0xff, 0xff, 0x66, 0x33, 0xff, 0xff,
0x66, 0x33, 0xff, 0xff, 0x66, 0x33, 0xff, 0xff, 0x66, 0x33, 0xff, 0xff, 0x66, 0x33, 0xff,
0xff, 0x66, 0x33, 0xff, 0xff, 0x66, 0x33, 0xff, 0xff, 0x66, 0x33, 0xff, 0xff, 0x66, 0x33,
0xff, 0xff, 0x66, 0x33, 0xff, 0xff, 0x66, 0x33, 0xff, 0xff, 0x66, 0x33, 0xff, 0xff, 0x66,
0x33, 0xff, 0xff, 0x66, 0x33, 0xff, 0xff, 0x66, 0x33, 0xff, 0xff, 0x66, 0x33, 0xff, 0xff,
0x66, 0x33, 0xff, 0xff, 0x66, 0x33, 0xff, 0xff, 0x66, 0x33, 0xff, 0xff, 0x66, 0x33, 0xff,
0xff, 0x66, 0x33, 0xff, 0xff, 0x66, 0x33, 0xff, 0xff, 0x66, 0x33, 0xff, 0xff, 0x66, 0x33,
0xff, 0xff, 0x66, 0x33, 0xff, 0xff, 0x66, 0x33, 0xff, 0xff, 0x66, 0x33, 0xff, 0xff, 0x66,
0x33, 0xff, 0xff, 0x66, 0x33, 0xff, 0xff, 0x66, 0x33, 0xff, 0xff, 0x66, 0x33, 0xff, 0xff,
0x66, 0x33, 0xff, 0xff, 0x66, 0x33, 0xff, 0xff, 0x66, 0x33, 0xff, 0xff, 0x66, 0x33, 0xff,
0xff, 0x66, 0x33, 0xff, 0xff, 0x66, 0x33, 0xff, 0xff, 0x66, 0x33, 0xff, 0xff, 0x66, 0x33,
0xff, 0xff, 0x66, 0x33, 0xff, 0xff, 0x66, 0x33, 0xff, 0xff, 0x66, 0x33, 0xff, 0xff, 0x66,
0x33, 0xff, 0xff, 0x66, 0x33, 0xff, 0xff, 0x66, 0x33, 0xff, 0xff, 0x66, 0x33, 0xff, 0xff,
0x66, 0x34, 0xff, 0xff, 0x66, 0x33, 0xfd, 0xf5, 0x5c, 0x2e, 0xea, 0x72, 0x5f, 0x2c, 0xea,
0x00, 0x61, 0x2a, 0xf1, 0x00, 0x62, 0x2d, 0xf9, 0x00, 0x5a, 0x29, 0xe7, 0x00, 0x54, 0x24,
0xdd, 0x00, 0x5f, 0x28, 0xe9, 0x00, 0x13, 0x04, 0x92, 0x00, 0x00, 0x00, 0x7c, 0x00, 0x01,
0x01, 0x80, 0x00, 0x01, 0x01, 0x80, 0x00, 0x01, 0x01, 0x80, 0x00, 0x01, 0x01, 0x80, 0x00,
0x01, 0x01, 0x80, 0x00, 0x01, 0x01, 0x80, 0x00, 0x01, 0x01, 0x80, 0x00, 0x01, 0x01, 0x80,
0x00, 0x01, 0x01, 0x80, 0x00, 0x01, 0x01, 0x80, 0x00, 0x01, 0x01, 0x80, 0x00, 0x01, 0x01,
0x80, 0x00, 0x01, 0x01, 0x80, 0x00, 0xff, 0xff, 0xff, 0x00, 0xff, 0xff, 0xff, 0x00, 0xff,
0xff, 0xff, 0x00, 0xff, 0xff, 0xff, 0x00, 0xff, 0xff, 0xff, 0x00, 0xff, 0xff, 0xff, 0x00,
0xff, 0xff, 0xff, 0x00, 0xff, 0xff, 0xff, 0x00, 0xff, 0xff, 0xff, 0x00, 0xff, 0xff, 0xff,
0x00, 0xff, 0xff, 0xff, 0x00, 0xff, 0xff, 0xff, 0x00, 0xff, 0xff, 0xff, 0x00, 0xff, 0xff,
0xff, 0x00, 0xff, 0xff, 0xff, 0x00, 0xff, 0xff, 0xff, 0x00, 0xff, 0xff, 0xff, 0x00, 0x01,
0x01, 0x01, 0x00, 0x01, 0x01, 0x01, 0x00, 0x01, 0x01, 0x01, 0x00, 0x01, 0x01, 0x01, 0x00,
0x01, 0x01, 0x01, 0x00, 0x01, 0x01, 0x01, 0x00, 0x01, 0x01, 0x01, 0x00, 0x01, 0x01, 0x01,
0x00, 0x01, 0x01, 0x01, 0x00, 0x01, 0x01, 0x01, 0x00, 0x01, 0x01, 0x00, 0x00, 0x00, 0x00,
0x00, 0x00, 0x39, 0x13, 0xa8, 0x00, 0x67, 0x33, 0xff, 0x00, 0x65, 0x33, 0xfc, 0x00, 0x65,
0x32, 0xfc, 0x00, 0x65, 0x32, 0xfd, 0x00, 0x65, 0x32, 0xfd, 0x00, 0x64, 0x30, 0xfa, 0x00,
0x5e, 0x21, 0xe1, 0x00, 0x61, 0x2c, 0xf4, 0x00, 0x5d, 0x2a, 0xf4, 0x00, 0x61, 0x2f, 0xf8,
0x20, 0x66, 0x32, 0xfd, 0xc3, 0x68, 0x34, 0xff, 0xff, 0x66, 0x33, 0xff, 0xff, 0x66, 0x33,
0xff, 0xff, 0x66, 0x33, 0xff, 0xff, 0x66, 0x33, 0xff, 0xff, 0x66, 0x33, 0xff, 0xff, 0x66,
0x33, 0xff, 0xff, 0x66, 0x33, 0xff, 0xff, 0x66, 0x33, 0xff, 0xff, 0x66, 0x33, 0xff, 0xff,
0x66, 0x33, 0xff, 0xff, 0x66, 0x33, 0xff, 0xff, 0x66, 0x33, 0xff, 0xff, 0x66, 0x33, 0xff,
0xff, 0x66, 0x33, 0xff, 0xff, 0x66, 0x33, 0xff, 0xff, 0x66, 0x33, 0xff, 0xff, 0x66, 0x33,
0xff, 0xff, 0x66, 0x33, 0xff, 0xff, 0x66, 0x33, 0xff, 0xff, 0x66, 0x33, 0xff, 0xff, 0x66,
0x33, 0xff, 0xff, 0x66, 0x33, 0xff, 0xff, 0x66, 0x33, 0xff, 0xff, 0x66, 0x33, 0xff, 0xff,
0x66, 0x33, 0xff, 0xff, 0x66, 0x33, 0xff, 0xff, 0x66, 0x33, 0xff, 0xff, 0x66, 0x33, 0xff,
0xff, 0x66, 0x33, 0xff, 0xff, 0x66, 0x33, 0xff, 0xff, 0x66, 0x33, 0xff, 0xff, 0x66, 0x33,
0xff, 0xff, 0x66, 0x33, 0xff, 0xff, 0x66, 0x33, 0xff, 0xff, 0x66, 0x33, 0xff, 0xff, 0x66,
0x33, 0xff, 0xff, 0x66, 0x33, 0xff, 0xff, 0x66, 0x33, 0xff, 0xff, 0x66, 0x33, 0xff, 0xff,
0x66, 0x33, 0xff, 0xff, 0x66, 0x33, 0xff, 0xff, 0x66, 0x33, 0xff, 0xff, 0x66, 0x33, 0xff,
0xff, 0x66, 0x33, 0xff, 0xff, 0x66, 0x33, 0xff, 0xff, 0x66, 0x33, 0xff, 0xff, 0x66, 0x33,
0xff, 0xff, 0x66, 0x33, 0xff, 0xff, 0x66, 0x33, 0xff, 0xff, 0x66, 0x33, 0xff, 0xff, 0x66,
0x33, 0xff, 0xff, 0x66, 0x33, 0xff, 0xff, 0x66, 0x33, 0xff, 0xff, 0x66, 0x33, 0xff, 0xff,
0x66, 0x33, 0xff, 0xff, 0x66, 0x33, 0xff, 0xff, 0x66, 0x33, 0xff, 0xff, 0x66, 0x33, 0xff,
0xff, 0x66, 0x33, 0xff, 0xff, 0x66, 0x33, 0xff, 0xff, 0x66, 0x33, 0xff, 0xff, 0x66, 0x33,
0xff, 0xff, 0x67, 0x32, 0xfc, 0xd1, 0x5b, 0x2e, 0xf2, 0x36, 0x54, 0x2a, 0xdb, 0x00, 0x5e,
0x2c, 0xe7, 0x00, 0x61, 0x2a, 0xf2, 0x00, 0x62, 0x2d, 0xf9, 0x00, 0x5a, 0x29, 0xe7, 0x00,
0x54, 0x24, 0xdd, 0x00, 0x5f, 0x28, 0xe9, 0x00, 0x13, 0x04, 0x92, 0x00, 0x00, 0x00, 0x7c,
0x00, 0x01, 0x01, 0x80, 0x00, 0x01, 0x01, 0x80, 0x00, 0x01, 0x01, 0x80, 0x00, 0x01, 0x01,
0x80, 0x00, 0x01, 0x01, 0x80, 0x00, 0x01, 0x01, 0x80, 0x00, 0x01, 0x01, 0x80, 0x00, 0x01,
0x01, 0x80, 0x00, 0x01, 0x01, 0x80, 0x00, 0x01, 0x01, 0x80, 0x00, 0x01, 0x01, 0x80, 0x00,
0x01, 0x01, 0x80, 0x00, 0x01, 0x01, 0x80, 0x00, 0xff, 0xff, 0xff, 0x00, 0xff, 0xff, 0xff,
0x00, 0xff, 0xff, 0xff, 0x00, 0xff, 0xff, 0xff, 0x00, 0xff, 0xff, 0xff, 0x00, 0xff, 0xff,
0xff, 0x00, 0xff, 0xff, 0xff, 0x00, 0xff, 0xff, 0xff, 0x00, 0xff, 0xff, 0xff, 0x00, 0xff,
0xff, 0xff, 0x00, 0xff, 0xff, 0xff, 0x00, 0xff, 0xff, 0xff, 0x00, 0xff, 0xff, 0xff, 0x00,
0xff, 0xff, 0xff, 0x00, 0xff, 0xff, 0xff, 0x00, 0xff, 0xff, 0xff, 0x00, 0xff, 0xff, 0xff,
0x00, 0x01, 0x01, 0x01, 0x00, 0x01, 0x01, 0x01, 0x00, 0x01, 0x01, 0x01, 0x00, 0x01, 0x01,
0x01, 0x00, 0x01, 0x01, 0x01, 0x00, 0x01, 0x01, 0x01, 0x00, 0x01, 0x01, 0x01, 0x00, 0x01,
0x01, 0x01, 0x00, 0x01, 0x01, 0x01, 0x00, 0x01, 0x01, 0x01, 0x00, 0x01, 0x01, 0x00, 0x00,
0x00, 0x00, 0x00, 0x00, 0x39, 0x13, 0xa8, 0x00, 0x67, 0x33, 0xff, 0x00, 0x65, 0x33, 0xfc,
0x00, 0x65, 0x32, 0xfc, 0x00, 0x65, 0x32, 0xfd, 0x00, 0x65, 0x32, 0xfd, 0x00, 0x64, 0x30,
0xfa, 0x00, 0x5e, 0x21, 0xe1, 0x00, 0x61, 0x2c, 0xf4, 0x00, 0x5d, 0x2a, 0xf4, 0x00, 0x61,
0x2f, 0xf8, 0x00, 0x63, 0x2e, 0xf0, 0x04, 0x59, 0x2b, 0xdd, 0x84, 0x67, 0x34, 0xff, 0xf7,
0x66, 0x34, 0xff, 0xff, 0x66, 0x33, 0xff, 0xff, 0x66, 0x33, 0xff, 0xff, 0x66, 0x33, 0xff,
0xff, 0x66, 0x33, 0xff, 0xff, 0x66, 0x33, 0xff, 0xff, 0x66, 0x33, 0xff, 0xff, 0x66, 0x33,
0xff, 0xff, 0x66, 0x33, 0xff, 0xff, 0x66, 0x33, 0xff, 0xff, 0x66, 0x33, 0xff, 0xff, 0x66,
0x33, 0xff, 0xff, 0x66, 0x33, 0xff, 0xff, 0x66, 0x33, 0xff, 0xff, 0x66, 0x33, 0xff, 0xff,
0x66, 0x33, 0xff, 0xff, 0x66, 0x33, 0xff, 0xff, 0x66, 0x33, 0xff, 0xff, 0x66, 0x33, 0xff,
0xff, 0x66, 0x33, 0xff, 0xff, 0x66, 0x33, 0xff, 0xff, 0x66, 0x33, 0xff, 0xff, 0x66, 0x33,
0xff, 0xff, 0x66, 0x33, 0xff, 0xff, 0x66, 0x33, 0xff, 0xff, 0x66, 0x33, 0xff, 0xff, 0x66,
0x33, 0xff, 0xff, 0x66, 0x33, 0xff, 0xff, 0x66, 0x33, 0xff, 0xff, 0x66, 0x33, 0xff, 0xff,
0x66, 0x33, 0xff, 0xff, 0x66, 0x33, 0xff, 0xff, 0x66, 0x33, 0xff, 0xff, 0x66, 0x33, 0xff,
0xff, 0x66, 0x33, 0xff, 0xff, 0x66, 0x33, 0xff, 0xff, 0x66, 0x33, 0xff, 0xff, 0x66, 0x33,
0xff, 0xff, 0x66, 0x33, 0xff, 0xff, 0x66, 0x33, 0xff, 0xff, 0x66, 0x33, 0xff, 0xff, 0x66,
0x33, 0xff, 0xff, 0x66, 0x33, 0xff, 0xff, 0x66, 0x33, 0xff, 0xff, 0x66, 0x33, 0xff, 0xff,
0x66, 0x33, 0xff, 0xff, 0x66, 0x33, 0xff, 0xff, 0x66, 0x33, 0xff, 0xff, 0x66, 0x33, 0xff,
0xff, 0x66, 0x33, 0xff, 0xff, 0x66, 0x33, 0xff, 0xff, 0x66, 0x33, 0xff, 0xff, 0x66, 0x33,
0xff, 0xff, 0x66, 0x33, 0xff, 0xff, 0x66, 0x33, 0xff, 0xff, 0x66, 0x33, 0xff, 0xff, 0x66,
0x33, 0xff, 0xff, 0x66, 0x33, 0xff, 0xff, 0x66, 0x33, 0xff, 0xff, 0x65, 0x33, 0xfe, 0xfa,
0x63, 0x32, 0xf9, 0x93, 0x62, 0x27, 0xe9, 0x09, 0x59, 0x2c, 0xef, 0x00, 0x54, 0x2a, 0xdd,
0x00, 0x5e, 0x2c, 0xe8, 0x00, 0x61, 0x2a, 0xf2, 0x00, 0x62, 0x2d, 0xf9, 0x00, 0x5a, 0x29,
0xe7, 0x00, 0x54, 0x24, 0xdd, 0x00, 0x5f, 0x28, 0xe9, 0x00, 0x13, 0x04, 0x92, 0x00, 0x00,
0x00, 0x7c, 0x00, 0x01, 0x01, 0x80, 0x00, 0x01, 0x01, 0x80, 0x00, 0x01, 0x01, 0x80, 0x00,
0x01, 0x01, 0x80, 0x00, 0x01, 0x01, 0x80, 0x00, 0x01, 0x01, 0x80, 0x00, 0x01, 0x01, 0x80,
0x00, 0x01, 0x01, 0x80, 0x00, 0x01, 0x01, 0x80, 0x00, 0x01, 0x01, 0x80, 0x00, 0x01, 0x01,
0x80, 0x00, 0x01, 0x01, 0x80, 0x00, 0x01, 0x01, 0x80, 0x00, 0xff, 0xff, 0xff, 0x00, 0xff,
0xff, 0xff, 0x00, 0xff, 0xff, 0xff, 0x00, 0xff, 0xff, 0xff, 0x00, 0xff, 0xff, 0xff, 0x00,
0xff, 0xff, 0xff, 0x00, 0xff, 0xff, 0xff, 0x00, 0xff, 0xff, 0xff, 0x00, 0xff, 0xff, 0xff,
0x00, 0xff, 0xff, 0xff, 0x00, 0xff, 0xff, 0xff, 0x00, 0xff, 0xff, 0xff, 0x00, 0xff, 0xff,
0xff, 0x00, 0xff, 0xff, 0xff, 0x00, 0xff, 0xff, 0xff, 0x00, 0xff, 0xff, 0xff, 0x00, 0xff,
0xff, 0xff, 0x00, 0x01, 0x01, 0x01, 0x00, 0x01, 0x01, 0x01, 0x00, 0x01, 0x01, 0x01, 0x00,
0x01, 0x01, 0x01, 0x00, 0x01, 0x01, 0x01, 0x00, 0x01, 0x01, 0x01, 0x00, 0x01, 0x01, 0x01,
0x00, 0x01, 0x01, 0x01, 0x00, 0x01, 0x01, 0x01, 0x00, 0x01, 0x01, 0x01, 0x00, 0x01, 0x01,
0x00, 0x00, 0x00, 0x00, 0x00, 0x00, 0x39, 0x13, 0xa8, 0x00, 0x67, 0x33, 0xff, 0x00, 0x65,
0x33, 0xfc, 0x00, 0x65, 0x32, 0xfc, 0x00, 0x65, 0x32, 0xfd, 0x00, 0x65, 0x32, 0xfd, 0x00,
0x64, 0x30, 0xfa, 0x00, 0x5e, 0x21, 0xe1, 0x00, 0x61, 0x2c, 0xf4, 0x00, 0x5d, 0x2a, 0xf4,
0x00, 0x61, 0x30, 0xf9, 0x00, 0x62, 0x2e, 0xec, 0x00, 0x48, 0x21, 0xb5, 0x00, 0x5e, 0x26,
0xf1, 0x38, 0x64, 0x30, 0xf9, 0xcd, 0x66, 0x34, 0xff, 0xff, 0x66, 0x33, 0xff, 0xff, 0x66,
0x33, 0xff, 0xff, 0x66, 0x33, 0xff, 0xff, 0x66, 0x33, 0xff, 0xff, 0x66, 0x33, 0xff, 0xff,
0x66, 0x33, 0xff, 0xff, 0x66, 0x33, 0xff, 0xff, 0x66, 0x33, 0xff, 0xff, 0x66, 0x33, 0xff,
0xff, 0x66, 0x33, 0xff, 0xff, 0x66, 0x33, 0xff, 0xff, 0x66, 0x33, 0xff, 0xff, 0x66, 0x33,
0xff, 0xff, 0x66, 0x33, 0xff, 0xff, 0x66, 0x33, 0xff, 0xff, 0x66, 0x33, 0xff, 0xff, 0x66,
0x33, 0xff, 0xff, 0x66, 0x33, 0xff, 0xff, 0x66, 0x33, 0xff, 0xff, 0x66, 0x33, 0xff, 0xff,
0x66, 0x33, 0xff, 0xff, 0x66, 0x33, 0xff, 0xff, 0x66, 0x33, 0xff, 0xff, 0x66, 0x33, 0xff,
0xff, 0x66, 0x33, 0xff, 0xff, 0x66, 0x33, 0xff, 0xff, 0x66, 0x33, 0xff, 0xff, 0x66, 0x33,
0xff, 0xff, 0x66, 0x33, 0xff, 0xff, 0x66, 0x33, 0xff, 0xff, 0x66, 0x33, 0xff, 0xff, 0x66,
0x33, 0xff, 0xff, 0x66, 0x33, 0xff, 0xff, 0x66, 0x33, 0xff, 0xff, 0x66, 0x33, 0xff, 0xff,
0x66, 0x33, 0xff, 0xff, 0x66, 0x33, 0xff, 0xff, 0x66, 0x33, 0xff, 0xff, 0x66, 0x33, 0xff,
0xff, 0x66, 0x33, 0xff, 0xff, 0x66, 0x33, 0xff, 0xff, 0x66, 0x33, 0xff, 0xff, 0x66, 0x33,
0xff, 0xff, 0x66, 0x33, 0xff, 0xff, 0x66, 0x33, 0xff, 0xff, 0x66, 0x33, 0xff, 0xff, 0x66,
0x33, 0xff, 0xff, 0x66, 0x33, 0xff, 0xff, 0x66, 0x33, 0xff, 0xff, 0x66, 0x33, 0xff, 0xff,
0x66, 0x33, 0xff, 0xff, 0x66, 0x33, 0xff, 0xff, 0x66, 0x33, 0xff, 0xff, 0x66, 0x33, 0xff,
0xff, 0x67, 0x33, 0xff, 0xff, 0x66, 0x33, 0xff, 0xff, 0x67, 0x34, 0xff, 0xca, 0x5b, 0x2d,
0xf0, 0x3c, 0x5b, 0x2e, 0xea, 0x00, 0x63, 0x27, 0xea, 0x00, 0x59, 0x2c, 0xef, 0x00, 0x54,
0x2a, 0xdd, 0x00, 0x5e, 0x2c, 0xe8, 0x00, 0x61, 0x2a, 0xf2, 0x00, 0x62, 0x2d, 0xf9, 0x00,
0x5a, 0x29, 0xe7, 0x00, 0x54, 0x24, 0xdd, 0x00, 0x5f, 0x28, 0xe9, 0x00, 0x13, 0x04, 0x92,
0x00, 0x00, 0x00, 0x7c, 0x00, 0x01, 0x01, 0x80, 0x00, 0x01, 0x01, 0x80, 0x00, 0x01, 0x01,
0x80, 0x00, 0x01, 0x01, 0x80, 0x00, 0x01, 0x01, 0x80, 0x00, 0x01, 0x01, 0x80, 0x00, 0x01,
0x01, 0x80, 0x00, 0x01, 0x01, 0x80, 0x00, 0x01, 0x01, 0x80, 0x00, 0x01, 0x01, 0x80, 0x00,
0x01, 0x01, 0x80, 0x00, 0x01, 0x01, 0x80, 0x00, 0x01, 0x01, 0x80, 0x00, 0xff, 0xff, 0xff,
0x00, 0xff, 0xff, 0xff, 0x00, 0xff, 0xff, 0xff, 0x00, 0xff, 0xff, 0xff, 0x00, 0xff, 0xff,
0xff, 0x00, 0xff, 0xff, 0xff, 0x00, 0xff, 0xff, 0xff, 0x00, 0xff, 0xff, 0xff, 0x00, 0xff,
0xff, 0xff, 0x00, 0xff, 0xff, 0xff, 0x00, 0xff, 0xff, 0xff, 0x00, 0xff, 0xff, 0xff, 0x00,
0xff, 0xff, 0xff, 0x00, 0xff, 0xff, 0xff, 0x00, 0xff, 0xff, 0xff, 0x00, 0xff, 0xff, 0xff,
0x00, 0xff, 0xff, 0xff, 0x00, 0x01, 0x01, 0x01, 0x00, 0x01, 0x01, 0x01, 0x00, 0x01, 0x01,
0x01, 0x00, 0x01, 0x01, 0x01, 0x00, 0x01, 0x01, 0x01, 0x00, 0x01, 0x01, 0x01, 0x00, 0x01,
0x01, 0x01, 0x00, 0x01, 0x01, 0x01, 0x00, 0x01, 0x01, 0x01, 0x00, 0x01, 0x01, 0x01, 0x00,
0x01, 0x01, 0x00, 0x00, 0x00, 0x00, 0x00, 0x00, 0x39, 0x13, 0xa8, 0x00, 0x67, 0x33, 0xff,
0x00, 0x65, 0x33, 0xfc, 0x00, 0x65, 0x32, 0xfc, 0x00, 0x65, 0x32, 0xfd, 0x00, 0x65, 0x32,
0xfd, 0x00, 0x64, 0x30, 0xfa, 0x00, 0x5e, 0x21, 0xe1, 0x00, 0x61, 0x2c, 0xf4, 0x00, 0x5d,
0x2a, 0xf4, 0x00, 0x61, 0x30, 0xf9, 0x00, 0x62, 0x2e, 0xed, 0x00, 0x4a, 0x23, 0xbb, 0x00,
0x59, 0x1d, 0xe5, 0x00, 0x5f, 0x27, 0xe8, 0x06, 0x65, 0x33, 0xfc, 0x78, 0x65, 0x32, 0xfe,
0xe9, 0x66, 0x34, 0xff, 0xff, 0x66, 0x33, 0xff, 0xff, 0x66, 0x33, 0xff, 0xff, 0x66, 0x33,
0xff, 0xff, 0x66, 0x33, 0xff, 0xff, 0x66, 0x33, 0xff, 0xff, 0x66, 0x33, 0xff, 0xff, 0x66,
0x33, 0xff, 0xff, 0x66, 0x33, 0xff, 0xff, 0x66, 0x33, 0xff, 0xff, 0x66, 0x33, 0xff, 0xff,
0x66, 0x33, 0xff, 0xff, 0x66, 0x33, 0xff, 0xff, 0x66, 0x33, 0xff, 0xff, 0x66, 0x33, 0xff,
0xff, 0x66, 0x33, 0xff, 0xff, 0x66, 0x33, 0xff, 0xff, 0x66, 0x33, 0xff, 0xff, 0x66, 0x33,
0xff, 0xff, 0x66, 0x33, 0xff, 0xff, 0x66, 0x33, 0xff, 0xff, 0x66, 0x33, 0xff, 0xff, 0x66,
0x33, 0xff, 0xff, 0x66, 0x33, 0xff, 0xff, 0x66, 0x33, 0xff, 0xff, 0x66, 0x33, 0xff, 0xff,
0x66, 0x33, 0xff, 0xff, 0x66, 0x33, 0xff, 0xff, 0x66, 0x33, 0xff, 0xff, 0x66, 0x33, 0xff,
0xff, 0x66, 0x33, 0xff, 0xff, 0x66, 0x33, 0xff, 0xff, 0x66, 0x33, 0xff, 0xff, 0x66, 0x33,
0xff, 0xff, 0x66, 0x33, 0xff, 0xff, 0x66, 0x33, 0xff, 0xff, 0x66, 0x33, 0xff, 0xff, 0x66,
0x33, 0xff, 0xff, 0x66, 0x33, 0xff, 0xff, 0x66, 0x33, 0xff, 0xff, 0x66, 0x33, 0xff, 0xff,
0x66, 0x33, 0xff, 0xff, 0x66, 0x33, 0xff, 0xff, 0x66, 0x33, 0xff, 0xff, 0x66, 0x33, 0xff,
0xff, 0x66, 0x33, 0xff, 0xff, 0x66, 0x33, 0xff, 0xff, 0x66, 0x33, 0xff, 0xff, 0x66, 0x33,
0xff, 0xff, 0x66, 0x33, 0xff, 0xff, 0x66, 0x33, 0xff, 0xff, 0x66, 0x33, 0xff, 0xff, 0x66,
0x33, 0xff, 0xff, 0x64, 0x31, 0xfa, 0xe2, 0x64, 0x31, 0xf9, 0x6e, 0x65, 0x32, 0xfc, 0x03,
0x5a, 0x2c, 0xee, 0x00, 0x5b, 0x2e, 0xea, 0x00, 0x63, 0x27, 0xea, 0x00, 0x59, 0x2c, 0xef,
0x00, 0x54, 0x2a, 0xdd, 0x00, 0x5e, 0x2c, 0xe8, 0x00, 0x61, 0x2a, 0xf2, 0x00, 0x62, 0x2d,
0xf9, 0x00, 0x5a, 0x29, 0xe7, 0x00, 0x54, 0x24, 0xdd, 0x00, 0x5f, 0x28, 0xe9, 0x00, 0x13,
0x04, 0x92, 0x00, 0x00, 0x00, 0x7c, 0x00, 0x01, 0x01, 0x80, 0x00, 0x01, 0x01, 0x80, 0x00,
0x01, 0x01, 0x80, 0x00, 0x01, 0x01, 0x80, 0x00, 0x01, 0x01, 0x80, 0x00, 0x01, 0x01, 0x80,
0x00, 0x01, 0x01, 0x80, 0x00, 0x01, 0x01, 0x80, 0x00, 0x01, 0x01, 0x80, 0x00, 0x01, 0x01,
0x80, 0x00, 0x01, 0x01, 0x80, 0x00, 0x01, 0x01, 0x80, 0x00, 0x01, 0x01, 0x80, 0x00, 0xff,
0xff, 0xff, 0x00, 0xff, 0xff, 0xff, 0x00, 0xff, 0xff, 0xff, 0x00, 0xff, 0xff, 0xff, 0x00,
0xff, 0xff, 0xff, 0x00, 0xff, 0xff, 0xff, 0x00, 0xff, 0xff, 0xff, 0x00, 0xff, 0xff, 0xff,
0x00, 0xff, 0xff, 0xff, 0x00, 0xff, 0xff, 0xff, 0x00, 0xff, 0xff, 0xff, 0x00, 0xff, 0xff,
0xff, 0x00, 0xff, 0xff, 0xff, 0x00, 0xff, 0xff, 0xff, 0x00, 0xff, 0xff, 0xff, 0x00, 0xff,
0xff, 0xff, 0x00, 0xff, 0xff, 0xff, 0x00, 0x01, 0x01, 0x01, 0x00, 0x01, 0x01, 0x01, 0x00,
0x01, 0x01, 0x01, 0x00, 0x01, 0x01, 0x01, 0x00, 0x01, 0x01, 0x01, 0x00, 0x01, 0x01, 0x01,
0x00, 0x01, 0x01, 0x01, 0x00, 0x01, 0x01, 0x01, 0x00, 0x01, 0x01, 0x01, 0x00, 0x01, 0x01,
0x01, 0x00, 0x01, 0x01, 0x00, 0x00, 0x00, 0x00, 0x00, 0x00, 0x39, 0x13, 0xa8, 0x00, 0x67,
0x33, 0xff, 0x00, 0x65, 0x33, 0xfc, 0x00, 0x65, 0x32, 0xfc, 0x00, 0x65, 0x32, 0xfd, 0x00,
0x65, 0x32, 0xfd, 0x00, 0x64, 0x30, 0xfa, 0x00, 0x5e, 0x21, 0xe1, 0x00, 0x61, 0x2c, 0xf4,
0x00, 0x5d, 0x2a, 0xf4, 0x00, 0x61, 0x30, 0xf9, 0x00, 0x62, 0x2e, 0xed, 0x00, 0x4a, 0x23,
0xbb, 0x00, 0x5a, 0x1e, 0xe6, 0x00, 0x60, 0x28, 0xe9, 0x00, 0x62, 0x30, 0xf8, 0x00, 0x62,
0x2e, 0xf8, 0x1b, 0x65, 0x30, 0xf9, 0x9e, 0x65, 0x33, 0xfe, 0xf3, 0x66, 0x33, 0xff, 0xff,
0x66, 0x33, 0xff, 0xff, 0x66, 0x33, 0xff, 0xff, 0x66, 0x33, 0xff, 0xff, 0x66, 0x33, 0xff,
0xff, 0x66, 0x33, 0xff, 0xff, 0x66, 0x33, 0xff, 0xff, 0x66, 0x33, 0xff, 0xff, 0x66, 0x33,
0xff, 0xff, 0x66, 0x33, 0xff, 0xff, 0x66, 0x33, 0xff, 0xff, 0x66, 0x33, 0xff, 0xff, 0x66,
0x33, 0xff, 0xff, 0x66, 0x33, 0xff, 0xff, 0x66, 0x33, 0xff, 0xff, 0x66, 0x33, 0xff, 0xff,
0x66, 0x33, 0xff, 0xff, 0x66, 0x33, 0xff, 0xff, 0x66, 0x33, 0xff, 0xff, 0x66, 0x33, 0xff,
0xff, 0x66, 0x33, 0xff, 0xff, 0x66, 0x33, 0xff, 0xff, 0x66, 0x33, 0xff, 0xff, 0x66, 0x33,
0xff, 0xff, 0x66, 0x33, 0xff, 0xff, 0x66, 0x33, 0xff, 0xff, 0x66, 0x33, 0xff, 0xff, 0x66,
0x33, 0xff, 0xff, 0x66, 0x33, 0xff, 0xff, 0x66, 0x33, 0xff, 0xff, 0x66, 0x33, 0xff, 0xff,
0x66, 0x33, 0xff, 0xff, 0x66, 0x33, 0xff, 0xff, 0x66, 0x33, 0xff, 0xff, 0x66, 0x33, 0xff,
0xff, 0x66, 0x33, 0xff, 0xff, 0x66, 0x33, 0xff, 0xff, 0x66, 0x33, 0xff, 0xff, 0x66, 0x33,
0xff, 0xff, 0x66, 0x33, 0xff, 0xff, 0x66, 0x33, 0xff, 0xff, 0x66, 0x33, 0xff, 0xff, 0x66,
0x33, 0xff, 0xff, 0x66, 0x33, 0xff, 0xff, 0x66, 0x33, 0xff, 0xff, 0x66, 0x33, 0xff, 0xff,
0x66, 0x33, 0xff, 0xff, 0x66, 0x33, 0xff, 0xff, 0x66, 0x33, 0xff, 0xff, 0x66, 0x33, 0xff,
0xe8, 0x64, 0x30, 0xfd, 0x8a, 0x51, 0x22, 0xda, 0x11, 0x5f, 0x2e, 0xed, 0x00, 0x65, 0x32,
0xfd, 0x00, 0x5a, 0x2c, 0xef, 0x00, 0x5b, 0x2e, 0xea, 0x00, 0x63, 0x27, 0xea, 0x00, 0x59,
0x2c, 0xef, 0x00, 0x54, 0x2a, 0xdd, 0x00, 0x5e, 0x2c, 0xe8, 0x00, 0x61, 0x2a, 0xf2, 0x00,
0x62, 0x2d, 0xf9, 0x00, 0x5a, 0x29, 0xe7, 0x00, 0x54, 0x24, 0xdd, 0x00, 0x5f, 0x28, 0xe9,
0x00, 0x13, 0x04, 0x92, 0x00, 0x00, 0x00, 0x7c, 0x00, 0x01, 0x01, 0x80, 0x00, 0x01, 0x01,
0x80, 0x00, 0x01, 0x01, 0x80, 0x00, 0x01, 0x01, 0x80, 0x00, 0x01, 0x01, 0x80, 0x00, 0x01,
0x01, 0x80, 0x00, 0x01, 0x01, 0x80, 0x00, 0x01, 0x01, 0x80, 0x00, 0x01, 0x01, 0x80, 0x00,
0x01, 0x01, 0x80, 0x00, 0x01, 0x01, 0x80, 0x00, 0x01, 0x01, 0x80, 0x00, 0x01, 0x01, 0x80,
0x00, 0xff, 0xff, 0xff, 0x00, 0xff, 0xff, 0xff, 0x00, 0xff, 0xff, 0xff, 0x00, 0xff, 0xff,
0xff, 0x00, 0xff, 0xff, 0xff, 0x00, 0xff, 0xff, 0xff, 0x00, 0xff, 0xff, 0xff, 0x00, 0xff,
0xff, 0xff, 0x00, 0xff, 0xff, 0xff, 0x00, 0xff, 0xff, 0xff, 0x00, 0xff, 0xff, 0xff, 0x00,
0xff, 0xff, 0xff, 0x00, 0xff, 0xff, 0xff, 0x00, 0xff, 0xff, 0xff, 0x00, 0xff, 0xff, 0xff,
0x00, 0xff, 0xff, 0xff, 0x00, 0xff, 0xff, 0xff, 0x00, 0x01, 0x01, 0x01, 0x00, 0x01, 0x01,
0x01, 0x00, 0x01, 0x01, 0x01, 0x00, 0x01, 0x01, 0x01, 0x00, 0x01, 0x01, 0x01, 0x00, 0x01,
0x01, 0x01, 0x00, 0x01, 0x01, 0x01, 0x00, 0x01, 0x01, 0x01, 0x00, 0x01, 0x01, 0x01, 0x00,
0x01, 0x01, 0x01, 0x00, 0x01, 0x01, 0x00, 0x00, 0x00, 0x00, 0x00, 0x00, 0x39, 0x13, 0xa8,
0x00, 0x67, 0x33, 0xff, 0x00, 0x65, 0x33, 0xfc, 0x00, 0x65, 0x32, 0xfc, 0x00, 0x65, 0x32,
0xfd, 0x00, 0x65, 0x32, 0xfd, 0x00, 0x64, 0x30, 0xfa, 0x00, 0x5e, 0x21, 0xe1, 0x00, 0x61,
0x2c, 0xf4, 0x00, 0x5d, 0x2a, 0xf4, 0x00, 0x61, 0x30, 0xf9, 0x00, 0x62, 0x2e, 0xed, 0x00,
0x4a, 0x23, 0xbb, 0x00, 0x5a, 0x1e, 0xe6, 0x00, 0x60, 0x28, 0xe9, 0x00, 0x62, 0x30, 0xf8,
0x00, 0x62, 0x2f, 0xf9, 0x00, 0x5f, 0x25, 0xe5, 0x00, 0x60, 0x2f, 0xf3, 0x29, 0x65, 0x31,
0xfb, 0xa7, 0x66, 0x32, 0xfe, 0xf1, 0x66, 0x33, 0xff, 0xff, 0x66, 0x33, 0xff, 0xff, 0x66,
0x33, 0xff, 0xff, 0x66, 0x33, 0xff, 0xff, 0x66, 0x33, 0xff, 0xff, 0x66, 0x33, 0xff, 0xff,
0x66, 0x33, 0xff, 0xff, 0x66, 0x33, 0xff, 0xff, 0x66, 0x33, 0xff, 0xff, 0x66, 0x33, 0xff,
0xff, 0x66, 0x33, 0xff, 0xff, 0x66, 0x33, 0xff, 0xff, 0x66, 0x33, 0xff, 0xff, 0x66, 0x33,
0xff, 0xff, 0x66, 0x33, 0xff, 0xff, 0x66, 0x33, 0xff, 0xff, 0x66, 0x33, 0xff, 0xff, 0x66,
0x33, 0xff, 0xff, 0x66, 0x33, 0xff, 0xff, 0x66, 0x33, 0xff, 0xff, 0x66, 0x33, 0xff, 0xff,
0x66, 0x33, 0xff, 0xff, 0x66, 0x33, 0xff, 0xff, 0x66, 0x33, 0xff, 0xff, 0x66, 0x33, 0xff,
0xff, 0x66, 0x33, 0xff, 0xff, 0x66, 0x33, 0xff, 0xff, 0x66, 0x33, 0xff, 0xff, 0x66, 0x33,
0xff, 0xff, 0x66, 0x33, 0xff, 0xff, 0x66, 0x33, 0xff, 0xff, 0x66, 0x33, 0xff, 0xff, 0x66,
0x33, 0xff, 0xff, 0x66, 0x33, 0xff, 0xff, 0x66, 0x33, 0xff, 0xff, 0x66, 0x33, 0xff, 0xff,
0x66, 0x33, 0xff, 0xff, 0x66, 0x33, 0xff, 0xff, 0x66, 0x33, 0xff, 0xff, 0x66, 0x33, 0xff,
0xff, 0x66, 0x33, 0xff, 0xff, 0x66, 0x33, 0xff, 0xff, 0x66, 0x33, 0xff, 0xff, 0x67, 0x33,
0xff, 0xff, 0x67, 0x34, 0xff, 0xff, 0x65, 0x31, 0xfc, 0xe3, 0x65, 0x30, 0xfa, 0x8c, 0x65,
0x31, 0xfb, 0x16, 0x62, 0x2d, 0xfa, 0x00, 0x50, 0x21, 0xd8, 0x00, 0x5f, 0x2e, 0xed, 0x00,
0x65, 0x32, 0xfd, 0x00, 0x5a, 0x2c, 0xef, 0x00, 0x5b, 0x2e, 0xea, 0x00, 0x63, 0x27, 0xea,
0x00, 0x59, 0x2c, 0xef, 0x00, 0x54, 0x2a, 0xdd, 0x00, 0x5e, 0x2c, 0xe8, 0x00, 0x61, 0x2a,
0xf2, 0x00, 0x62, 0x2d, 0xf9, 0x00, 0x5a, 0x29, 0xe7, 0x00, 0x54, 0x24, 0xdd, 0x00, 0x5f,
0x28, 0xe9, 0x00, 0x13, 0x04, 0x92, 0x00, 0x00, 0x00, 0x7c, 0x00, 0x01, 0x01, 0x80, 0x00,
0x01, 0x01, 0x80, 0x00, 0x01, 0x01, 0x80, 0x00, 0x01, 0x01, 0x80, 0x00, 0x01, 0x01, 0x80,
0x00, 0x01, 0x01, 0x80, 0x00, 0x01, 0x01, 0x80, 0x00, 0x01, 0x01, 0x80, 0x00, 0x01, 0x01,
0x80, 0x00, 0x01, 0x01, 0x80, 0x00, 0x01, 0x01, 0x80, 0x00, 0x01, 0x01, 0x80, 0x00, 0x01,
0x01, 0x80, 0x00, 0xff, 0xff, 0xff, 0x00, 0xff, 0xff, 0xff, 0x00, 0xff, 0xff, 0xff, 0x00,
0xff, 0xff, 0xff, 0x00, 0xff, 0xff, 0xff, 0x00, 0xff, 0xff, 0xff, 0x00, 0xff, 0xff, 0xff,
0x00, 0xff, 0xff, 0xff, 0x00, 0xff, 0xff, 0xff, 0x00, 0xff, 0xff, 0xff, 0x00, 0xff, 0xff,
0xff, 0x00, 0xff, 0xff, 0xff, 0x00, 0xff, 0xff, 0xff, 0x00, 0xff, 0xff, 0xff, 0x00, 0xff,
0xff, 0xff, 0x00, 0xff, 0xff, 0xff, 0x00, 0xff, 0xff, 0xff, 0x00, 0x01, 0x01, 0x01, 0x00,
0x01, 0x01, 0x01, 0x00, 0x01, 0x01, 0x01, 0x00, 0x01, 0x01, 0x01, 0x00, 0x01, 0x01, 0x01,
0x00, 0x01, 0x01, 0x01, 0x00, 0x01, 0x01, 0x01, 0x00, 0x01, 0x01, 0x01, 0x00, 0x01, 0x01,
0x01, 0x00, 0x01, 0x01, 0x01, 0x00, 0x01, 0x01, 0x00, 0x00, 0x00, 0x00, 0x00, 0x00, 0x39,
0x13, 0xa8, 0x00, 0x67, 0x33, 0xff, 0x00, 0x65, 0x33, 0xfc, 0x00, 0x65, 0x32, 0xfc, 0x00,
0x65, 0x32, 0xfd, 0x00, 0x65, 0x32, 0xfd, 0x00, 0x64, 0x30, 0xfa, 0x00, 0x5e, 0x21, 0xe1,
0x00, 0x61, 0x2c, 0xf4, 0x00, 0x5d, 0x2a, 0xf4, 0x00, 0x61, 0x30, 0xf9, 0x00, 0x62, 0x2e,
0xed, 0x00, 0x4a, 0x23, 0xbb, 0x00, 0x5a, 0x1e, 0xe6, 0x00, 0x60, 0x28, 0xe9, 0x00, 0x62,
0x30, 0xf8, 0x00, 0x62, 0x2f, 0xf9, 0x00, 0x5f, 0x25, 0xe6, 0x00, 0x5f, 0x2e, 0xf2, 0x00,
0x62, 0x2b, 0xf4, 0x00, 0x5a, 0x23, 0xd8, 0x23, 0x61, 0x30, 0xf3, 0x96, 0x66, 0x31, 0xfc,
0xe3, 0x67, 0x34, 0xff, 0xff, 0x67, 0x33, 0xff, 0xff, 0x66, 0x33, 0xff, 0xff, 0x66, 0x33,
0xff, 0xff, 0x66, 0x33, 0xff, 0xff, 0x66, 0x33, 0xff, 0xff, 0x66, 0x33, 0xff, 0xff, 0x66,
0x33, 0xff, 0xff, 0x66, 0x33, 0xff, 0xff, 0x66, 0x33, 0xff, 0xff, 0x66, 0x33, 0xff, 0xff,
0x66, 0x33, 0xff, 0xff, 0x66, 0x33, 0xff, 0xff, 0x66, 0x33, 0xff, 0xff, 0x66, 0x33, 0xff,
0xff, 0x66, 0x33, 0xff, 0xff, 0x66, 0x33, 0xff, 0xff, 0x66, 0x33, 0xff, 0xff, 0x66, 0x33,
0xff, 0xff, 0x66, 0x33, 0xff, 0xff, 0x66, 0x33, 0xff, 0xff, 0x66, 0x33, 0xff, 0xff, 0x66,
0x33, 0xff, 0xff, 0x66, 0x33, 0xff, 0xff, 0x66, 0x33, 0xff, 0xff, 0x66, 0x33, 0xff, 0xff,
0x66, 0x33, 0xff, 0xff, 0x66, 0x33, 0xff, 0xff, 0x66, 0x33, 0xff, 0xff, 0x66, 0x33, 0xff,
0xff, 0x66, 0x33, 0xff, 0xff, 0x66, 0x33, 0xff, 0xff, 0x66, 0x33, 0xff, 0xff, 0x66, 0x33,
0xff, 0xff, 0x66, 0x33, 0xff, 0xff, 0x66, 0x33, 0xff, 0xff, 0x66, 0x33, 0xff, 0xff, 0x66,
0x33, 0xff, 0xff, 0x66, 0x33, 0xff, 0xff, 0x67, 0x34, 0xff, 0xff, 0x66, 0x33, 0xfd, 0xff,
0x63, 0x31, 0xf7, 0xcf, 0x64, 0x33, 0xf9, 0x6e, 0x61, 0x28, 0xee, 0x0f, 0x61, 0x29, 0xef,
0x00, 0x66, 0x32, 0xfc, 0x00, 0x62, 0x2d, 0xfa, 0x00, 0x50, 0x21, 0xd9, 0x00, 0x5f, 0x2e,
0xed, 0x00, 0x65, 0x32, 0xfd, 0x00, 0x5a, 0x2c, 0xef, 0x00, 0x5b, 0x2e, 0xea, 0x00, 0x63,
0x27, 0xea, 0x00, 0x59, 0x2c, 0xef, 0x00, 0x54, 0x2a, 0xdd, 0x00, 0x5e, 0x2c, 0xe8, 0x00,
0x61, 0x2a, 0xf2, 0x00, 0x62, 0x2d, 0xf9, 0x00, 0x5a, 0x29, 0xe7, 0x00, 0x54, 0x24, 0xdd,
0x00, 0x5f, 0x28, 0xe9, 0x00, 0x13, 0x04, 0x92, 0x00, 0x00, 0x00, 0x7c, 0x00, 0x01, 0x01,
0x80, 0x00, 0x01, 0x01, 0x80, 0x00, 0x01, 0x01, 0x80, 0x00, 0x01, 0x01, 0x80, 0x00, 0x01,
0x01, 0x80, 0x00, 0x01, 0x01, 0x80, 0x00, 0x01, 0x01, 0x80, 0x00, 0x01, 0x01, 0x80, 0x00,
0x01, 0x01, 0x80, 0x00, 0x01, 0x01, 0x80, 0x00, 0x01, 0x01, 0x80, 0x00, 0x01, 0x01, 0x80,
0x00, 0x01, 0x01, 0x80, 0x00, 0xff, 0xff, 0xff, 0x00, 0xff, 0xff, 0xff, 0x00, 0xff, 0xff,
0xff, 0x00, 0xff, 0xff, 0xff, 0x00, 0xff, 0xff, 0xff, 0x00, 0xff, 0xff, 0xff, 0x00, 0xff,
0xff, 0xff, 0x00, 0xff, 0xff, 0xff, 0x00, 0xff, 0xff, 0xff, 0x00, 0xff, 0xff, 0xff, 0x00,
0xff, 0xff, 0xff, 0x00, 0xff, 0xff, 0xff, 0x00, 0xff, 0xff, 0xff, 0x00, 0xff, 0xff, 0xff,
0x00, 0xff, 0xff, 0xff, 0x00, 0xff, 0xff, 0xff, 0x00, 0xff, 0xff, 0xff, 0x00, 0x01, 0x01,
0x01, 0x00, 0x01, 0x01, 0x01, 0x00, 0x01, 0x01, 0x01, 0x00, 0x01, 0x01, 0x01, 0x00, 0x01,
0x01, 0x01, 0x00, 0x01, 0x01, 0x01, 0x00, 0x01, 0x01, 0x01, 0x00, 0x01, 0x01, 0x01, 0x00,
0x01, 0x01, 0x01, 0x00, 0x01, 0x01, 0x01, 0x00, 0x01, 0x01, 0x00, 0x00, 0x00, 0x00, 0x00,
0x00, 0x39, 0x13, 0xa8, 0x00, 0x67, 0x33, 0xff, 0x00, 0x65, 0x33, 0xfc, 0x00, 0x65, 0x32,
0xfc, 0x00, 0x65, 0x32, 0xfd, 0x00, 0x65, 0x32, 0xfd, 0x00, 0x64, 0x30, 0xfa, 0x00, 0x5e,
0x21, 0xe1, 0x00, 0x61, 0x2c, 0xf4, 0x00, 0x5d, 0x2a, 0xf4, 0x00, 0x61, 0x30, 0xf9, 0x00,
0x62, 0x2e, 0xed, 0x00, 0x4a, 0x23, 0xbb, 0x00, 0x5a, 0x1e, 0xe6, 0x00, 0x60, 0x28, 0xe9,
0x00, 0x62, 0x30, 0xf8, 0x00, 0x62, 0x2f, 0xf9, 0x00, 0x5f, 0x25, 0xe6, 0x00, 0x5f, 0x2e,
0xf2, 0x00, 0x63, 0x2b, 0xf5, 0x00, 0x57, 0x22, 0xd0, 0x00, 0x5d, 0x2a, 0xe7, 0x00, 0x63,
0x29, 0xed, 0x10, 0x61, 0x32, 0xf3, 0x66, 0x61, 0x30, 0xf2, 0xc5, 0x67, 0x33, 0xff, 0xf3,
0x66, 0x33, 0xff, 0xff, 0x66, 0x33, 0xff, 0xff, 0x66, 0x33, 0xff, 0xff, 0x66, 0x33, 0xff,
0xff, 0x66, 0x33, 0xff, 0xff, 0x66, 0x33, 0xff, 0xff, 0x66, 0x33, 0xff, 0xff, 0x66, 0x33,
0xff, 0xff, 0x66, 0x33, 0xff, 0xff, 0x66, 0x33, 0xff, 0xff, 0x66, 0x33, 0xff, 0xff, 0x66,
0x33, 0xff, 0xff, 0x66, 0x33, 0xff, 0xff, 0x66, 0x33, 0xff, 0xff, 0x66, 0x33, 0xff, 0xff,
0x66, 0x33, 0xff, 0xff, 0x66, 0x33, 0xff, 0xff, 0x66, 0x33, 0xff, 0xff, 0x66, 0x33, 0xff,
0xff, 0x66, 0x33, 0xff, 0xff, 0x66, 0x33, 0xff, 0xff, 0x66, 0x33, 0xff, 0xff, 0x66, 0x33,
0xff, 0xff, 0x66, 0x33, 0xff, 0xff, 0x66, 0x33, 0xff, 0xff, 0x66, 0x33, 0xff, 0xff, 0x66,
0x33, 0xff, 0xff, 0x66, 0x33, 0xff, 0xff, 0x66, 0x33, 0xff, 0xff, 0x66, 0x33, 0xff, 0xff,
0x66, 0x33, 0xff, 0xff, 0x66, 0x33, 0xff, 0xff, 0x66, 0x33, 0xff, 0xff, 0x67, 0x33, 0xff,
0xff, 0x67, 0x34, 0xff, 0xff, 0x65, 0x32, 0xfb, 0xdf, 0x60, 0x30, 0xef, 0xa4, 0x5c, 0x2e,
0xe8, 0x3a, 0x55, 0x2a, 0xd5, 0x02, 0x60, 0x31, 0xee, 0x00, 0x62, 0x28, 0xef, 0x00, 0x61,
0x29, 0xef, 0x00, 0x66, 0x32, 0xfc, 0x00, 0x62, 0x2d, 0xfa, 0x00, 0x50, 0x21, 0xd9, 0x00,
0x5f, 0x2e, 0xed, 0x00, 0x65, 0x32, 0xfd, 0x00, 0x5a, 0x2c, 0xef, 0x00, 0x5b, 0x2e, 0xea,
0x00, 0x63, 0x27, 0xea, 0x00, 0x59, 0x2c, 0xef, 0x00, 0x54, 0x2a, 0xdd, 0x00, 0x5e, 0x2c,
0xe8, 0x00, 0x61, 0x2a, 0xf2, 0x00, 0x62, 0x2d, 0xf9, 0x00, 0x5a, 0x29, 0xe7, 0x00, 0x54,
0x24, 0xdd, 0x00, 0x5f, 0x28, 0xe9, 0x00, 0x13, 0x04, 0x92, 0x00, 0x00, 0x00, 0x7c, 0x00,
0x01, 0x01, 0x80, 0x00, 0x01, 0x01, 0x80, 0x00, 0x01, 0x01, 0x80, 0x00, 0x01, 0x01, 0x80,
0x00, 0x01, 0x01, 0x80, 0x00, 0x01, 0x01, 0x80, 0x00, 0x01, 0x01, 0x80, 0x00, 0x01, 0x01,
0x80, 0x00, 0x01, 0x01, 0x80, 0x00, 0x01, 0x01, 0x80, 0x00, 0x01, 0x01, 0x80, 0x00, 0x01,
0x01, 0x80, 0x00, 0x01, 0x01, 0x80, 0x00, 0xff, 0xff, 0xff, 0x00, 0xff, 0xff, 0xff, 0x00,
0xff, 0xff, 0xff, 0x00, 0xff, 0xff, 0xff, 0x00, 0xff, 0xff, 0xff, 0x00, 0xff, 0xff, 0xff,
0x00, 0xff, 0xff, 0xff, 0x00, 0xff, 0xff, 0xff, 0x00, 0xff, 0xff, 0xff, 0x00, 0xff, 0xff,
0xff, 0x00, 0xff, 0xff, 0xff, 0x00, 0xff, 0xff, 0xff, 0x00, 0xff, 0xff, 0xff, 0x00, 0xff,
0xff, 0xff, 0x00, 0xff, 0xff, 0xff, 0x00, 0xff, 0xff, 0xff, 0x00, 0xff, 0xff, 0xff, 0x00,
0x01, 0x01, 0x01, 0x00, 0x01, 0x01, 0x01, 0x00, 0x01, 0x01, 0x01, 0x00, 0x01, 0x01, 0x01,
0x00, 0x01, 0x01, 0x01, 0x00, 0x01, 0x01, 0x01, 0x00, 0x01, 0x01, 0x01, 0x00, 0x01, 0x01,
0x01, 0x00, 0x01, 0x01, 0x01, 0x00, 0x01, 0x01, 0x01, 0x00, 0x01, 0x01, 0x00, 0x00, 0x00,
0x00, 0x00, 0x00, 0x39, 0x13, 0xa8, 0x00, 0x67, 0x33, 0xff, 0x00, 0x65, 0x33, 0xfc, 0x00,
0x65, 0x32, 0xfc, 0x00, 0x65, 0x32, 0xfd, 0x00, 0x65, 0x32, 0xfd, 0x00, 0x64, 0x30, 0xfa,
0x00, 0x5e, 0x21, 0xe1, 0x00, 0x61, 0x2c, 0xf4, 0x00, 0x5d, 0x2a, 0xf4, 0x00, 0x61, 0x30,
0xf9, 0x00, 0x62, 0x2e, 0xed, 0x00, 0x4a, 0x23, 0xbb, 0x00, 0x5a, 0x1e, 0xe6, 0x00, 0x60,
0x28, 0xe9, 0x00, 0x62, 0x30, 0xf8, 0x00, 0x62, 0x2f, 0xf9, 0x00, 0x5f, 0x25, 0xe6, 0x00,
0x5f, 0x2e, 0xf2, 0x00, 0x63, 0x2b, 0xf5, 0x00, 0x58, 0x22, 0xd2, 0x00, 0x5e, 0x2a, 0xe8,
0x00, 0x64, 0x29, 0xef, 0x00, 0x57, 0x2d, 0xdc, 0x00, 0x50, 0x28, 0xc8, 0x00, 0x67, 0x31,
0xfe, 0x20, 0x63, 0x30, 0xfa, 0x79, 0x63, 0x30, 0xfc, 0xc7, 0x66, 0x33, 0xff, 0xeb, 0x66,
0x33, 0xff, 0xff, 0x66, 0x33, 0xff, 0xff, 0x66, 0x33, 0xff, 0xff, 0x66, 0x33, 0xff, 0xff,
0x66, 0x33, 0xff, 0xff, 0x66, 0x33, 0xff, 0xff, 0x66, 0x33, 0xff, 0xff, 0x66, 0x33, 0xff,
0xff, 0x66, 0x33, 0xff, 0xff, 0x66, 0x33, 0xff, 0xff, 0x66, 0x33, 0xff, 0xff, 0x66, 0x33,
0xff, 0xff, 0x66, 0x33, 0xff, 0xff, 0x66, 0x33, 0xff, 0xff, 0x66, 0x33, 0xff, 0xff, 0x66,
0x33, 0xff, 0xff, 0x66, 0x33, 0xff, 0xff, 0x66, 0x33, 0xff, 0xff, 0x66, 0x33, 0xff, 0xff,
0x66, 0x33, 0xff, 0xff, 0x66, 0x33, 0xff, 0xff, 0x66, 0x33, 0xff, 0xff, 0x66, 0x33, 0xff,
0xff, 0x66, 0x33, 0xff, 0xff, 0x66, 0x33, 0xff, 0xff, 0x66, 0x33, 0xff, 0xff, 0x66, 0x33,
0xff, 0xff, 0x66, 0x33, 0xff, 0xff, 0x66, 0x33, 0xff, 0xf9, 0x66, 0x33, 0xfe, 0xd7, 0x61,
0x31, 0xf3, 0xa4, 0x59, 0x28, 0xec, 0x48, 0x5c, 0x2a, 0xe9, 0x0a, 0x4c, 0x24, 0xbe, 0x00,
0x5c, 0x2e, 0xe9, 0x00, 0x55, 0x2a, 0xd5, 0x00, 0x60, 0x31, 0xef, 0x00, 0x62, 0x28, 0xef,
0x00, 0x61, 0x29, 0xef, 0x00, 0x66, 0x32, 0xfc, 0x00, 0x62, 0x2d, 0xfa, 0x00, 0x50, 0x21,
0xd9, 0x00, 0x5f, 0x2e, 0xed, 0x00, 0x65, 0x32, 0xfd, 0x00, 0x5a, 0x2c, 0xef, 0x00, 0x5b,
0x2e, 0xea, 0x00, 0x63, 0x27, 0xea, 0x00, 0x59, 0x2c, 0xef, 0x00, 0x54, 0x2a, 0xdd, 0x00,
0x5e, 0x2c, 0xe8, 0x00, 0x61, 0x2a, 0xf2, 0x00, 0x62, 0x2d, 0xf9, 0x00, 0x5a, 0x29, 0xe7,
0x00, 0x54, 0x24, 0xdd, 0x00, 0x5f, 0x28, 0xe9, 0x00, 0x13, 0x04, 0x92, 0x00, 0x00, 0x00,
0x7c, 0x00, 0x01, 0x01, 0x80, 0x00, 0x01, 0x01, 0x80, 0x00, 0x01, 0x01, 0x80, 0x00, 0x01,
0x01, 0x80, 0x00, 0x01, 0x01, 0x80, 0x00, 0x01, 0x01, 0x80, 0x00, 0x01, 0x01, 0x80, 0x00,
0x01, 0x01, 0x80, 0x00, 0x01, 0x01, 0x80, 0x00, 0x01, 0x01, 0x80, 0x00, 0x01, 0x01, 0x80,
0x00, 0x01, 0x01, 0x80, 0x00, 0x01, 0x01, 0x80, 0x00, 0xff, 0xff, 0xff, 0x00, 0xff, 0xff,
0xff, 0x00, 0xff, 0xff, 0xff, 0x00, 0xff, 0xff, 0xff, 0x00, 0xff, 0xff, 0xff, 0x00, 0xff,
0xff, 0xff, 0x00, 0xff, 0xff, 0xff, 0x00, 0xff, 0xff, 0xff, 0x00, 0xff, 0xff, 0xff, 0x00,
0xff, 0xff, 0xff, 0x00, 0xff, 0xff, 0xff, 0x00, 0xff, 0xff, 0xff, 0x00, 0xff, 0xff, 0xff,
0x00, 0xff, 0xff, 0xff, 0x00, 0xff, 0xff, 0xff, 0x00, 0xff, 0xff, 0xff, 0x00, 0xff, 0xff,
0xff, 0x00, 0x01, 0x01, 0x01, 0x00, 0x01, 0x01, 0x01, 0x00, 0x01, 0x01, 0x01, 0x00, 0x01,
0x01, 0x01, 0x00, 0x01, 0x01, 0x01, 0x00, 0x01, 0x01, 0x01, 0x00, 0x01, 0x01, 0x01, 0x00,
0x01, 0x01, 0x01, 0x00, 0x01, 0x01, 0x01, 0x00, 0x01, 0x01, 0x01, 0x00, 0x01, 0x01, 0x00,
0x00, 0x00, 0x00, 0x00, 0x00, 0x39, 0x13, 0xa8, 0x00, 0x67, 0x33, 0xff, 0x00, 0x65, 0x33,
0xfc, 0x00, 0x65, 0x32, 0xfc, 0x00, 0x65, 0x32, 0xfd, 0x00, 0x65, 0x32, 0xfd, 0x00, 0x64,
0x30, 0xfa, 0x00, 0x5e, 0x21, 0xe1, 0x00, 0x61, 0x2c, 0xf4, 0x00, 0x5d, 0x2a, 0xf4, 0x00,
0x61, 0x30, 0xf9, 0x00, 0x62, 0x2e, 0xed, 0x00, 0x4a, 0x23, 0xbb, 0x00, 0x5a, 0x1e, 0xe6,
0x00, 0x60, 0x28, 0xe9, 0x00, 0x62, 0x30, 0xf8, 0x00, 0x62, 0x2f, 0xf9, 0x00, 0x5f, 0x25,
0xe6, 0x00, 0x5f, 0x2e, 0xf2, 0x00, 0x63, 0x2b, 0xf5, 0x00, 0x58, 0x22, 0xd2, 0x00, 0x5e,
0x2a, 0xe8, 0x00, 0x64, 0x29, 0xef, 0x00, 0x58, 0x2d, 0xdd, 0x00, 0x51, 0x28, 0xca, 0x00,
0x67, 0x31, 0xfe, 0x00, 0x5f, 0x2a, 0xf3, 0x00, 0x5c, 0x29, 0xf4, 0x00, 0x63, 0x2f, 0xf8,
0x15, 0x64, 0x32, 0xfb, 0x52, 0x65, 0x32, 0xfd, 0x9d, 0x66, 0x33, 0xfe, 0xcb, 0x66, 0x33,
0xff, 0xe4, 0x66, 0x33, 0xff, 0xfd, 0x66, 0x33, 0xff, 0xff, 0x66, 0x33, 0xff, 0xff, 0x67,
0x33, 0xff, 0xff, 0x66, 0x33, 0xff, 0xff, 0x66, 0x33, 0xff, 0xff, 0x66, 0x33, 0xff, 0xff,
0x66, 0x33, 0xff, 0xff, 0x66, 0x33, 0xff, 0xff, 0x66, 0x33, 0xff, 0xff, 0x66, 0x33, 0xff,
0xff, 0x66, 0x33, 0xff, 0xff, 0x66, 0x33, 0xff, 0xff, 0x66, 0x33, 0xff, 0xff, 0x66, 0x33,
0xff, 0xff, 0x66, 0x33, 0xff, 0xff, 0x66, 0x33, 0xff, 0xff, 0x66, 0x33, 0xff, 0xff, 0x66,
0x33, 0xff, 0xff, 0x66, 0x33, 0xff, 0xff, 0x66, 0x33, 0xff, 0xeb, 0x66, 0x33, 0xfe, 0xd4,
0x65, 0x33, 0xfd, 0xb1, 0x65, 0x33, 0xfd, 0x6c, 0x65, 0x31, 0xfe, 0x28, 0x62, 0x31, 0xf6,
0x05, 0x5b, 0x2f, 0xe4, 0x00, 0x52, 0x23, 0xdf, 0x00, 0x5c, 0x2a, 0xe9, 0x00, 0x4d, 0x24,
0xc0, 0x00, 0x5c, 0x2e, 0xe9, 0x00, 0x55, 0x2a, 0xd5, 0x00, 0x60, 0x31, 0xef, 0x00, 0x62,
0x28, 0xef, 0x00, 0x61, 0x29, 0xef, 0x00, 0x66, 0x32, 0xfc, 0x00, 0x62, 0x2d, 0xfa, 0x00,
0x50, 0x21, 0xd9, 0x00, 0x5f, 0x2e, 0xed, 0x00, 0x65, 0x32, 0xfd, 0x00, 0x5a, 0x2c, 0xef,
0x00, 0x5b, 0x2e, 0xea, 0x00, 0x63, 0x27, 0xea, 0x00, 0x59, 0x2c, 0xef, 0x00, 0x54, 0x2a,
0xdd, 0x00, 0x5e, 0x2c, 0xe8, 0x00, 0x61, 0x2a, 0xf2, 0x00, 0x62, 0x2d, 0xf9, 0x00, 0x5a,
0x29, 0xe7, 0x00, 0x54, 0x24, 0xdd, 0x00, 0x5f, 0x28, 0xe9, 0x00, 0x13, 0x04, 0x92, 0x00,
0x00, 0x00, 0x7c, 0x00, 0x01, 0x01, 0x80, 0x00, 0x01, 0x01, 0x80, 0x00, 0x01, 0x01, 0x80,
0x00, 0x01, 0x01, 0x80, 0x00, 0x01, 0x01, 0x80, 0x00, 0x01, 0x01, 0x80, 0x00, 0x01, 0x01,
0x80, 0x00, 0x01, 0x01, 0x80, 0x00, 0x01, 0x01, 0x80, 0x00, 0x01, 0x01, 0x80, 0x00, 0x01,
0x01, 0x80, 0x00, 0x01, 0x01, 0x80, 0x00, 0x01, 0x01, 0x80, 0x00, 0xff, 0xff, 0xff, 0x00,
0xff, 0xff, 0xff, 0x00, 0xff, 0xff, 0xff, 0x00, 0xff, 0xff, 0xff, 0x00, 0xff, 0xff, 0xff,
0x00, 0xff, 0xff, 0xff, 0x00, 0xff, 0xff, 0xff, 0x00, 0xff, 0xff, 0xff, 0x00, 0xff, 0xff,
0xff, 0x00, 0xff, 0xff, 0xff, 0x00, 0xff, 0xff, 0xff, 0x00, 0xff, 0xff, 0xff, 0x00, 0xff,
0xff, 0xff, 0x00, 0xff, 0xff, 0xff, 0x00, 0xff, 0xff, 0xff, 0x00, 0xff, 0xff, 0xff, 0x00,
0xff, 0xff, 0xff, 0x00, 0x01, 0x01, 0x01, 0x00, 0x01, 0x01, 0x01, 0x00, 0x01, 0x01, 0x01,
0x00, 0x01, 0x01, 0x01, 0x00, 0x01, 0x01, 0x01, 0x00, 0x01, 0x01, 0x01, 0x00, 0x01, 0x01,
0x01, 0x00, 0x01, 0x01, 0x01, 0x00, 0x01, 0x01, 0x01, 0x00, 0x01, 0x01, 0x01, 0x00, 0x01,
0x01, 0x00, 0x00, 0x00, 0x00, 0x00, 0x00, 0x39, 0x13, 0xa8, 0x00, 0x67, 0x33, 0xff, 0x00,
0x65, 0x33, 0xfc, 0x00, 0x65, 0x32, 0xfc, 0x00, 0x65, 0x32, 0xfd, 0x00, 0x65, 0x32, 0xfd,
0x00, 0x64, 0x30, 0xfa, 0x00, 0x5e, 0x21, 0xe1, 0x00, 0x61, 0x2c, 0xf4, 0x00, 0x5d, 0x2a,
0xf4, 0x00, 0x61, 0x30, 0xf9, 0x00, 0x62, 0x2e, 0xed, 0x00, 0x4a, 0x23, 0xbb, 0x00, 0x5a,
0x1e, 0xe6, 0x00, 0x60, 0x28, 0xe9, 0x00, 0x62, 0x30, 0xf8, 0x00, 0x62, 0x2f, 0xf9, 0x00,
0x5f, 0x25, 0xe6, 0x00, 0x5f, 0x2e, 0xf2, 0x00, 0x63, 0x2b, 0xf5, 0x00, 0x58, 0x22, 0xd2,
0x00, 0x5e, 0x2a, 0xe8, 0x00, 0x64, 0x29, 0xef, 0x00, 0x58, 0x2d, 0xdd, 0x00, 0x51, 0x28,
0xca, 0x00, 0x67, 0x31, 0xfe, 0x00, 0x5f, 0x2a, 0xf4, 0x00, 0x5c, 0x29, 0xf4, 0x00, 0x63,
0x2f, 0xf8, 0x00, 0x64, 0x31, 0xf9, 0x00, 0x64, 0x31, 0xfa, 0x00, 0x64, 0x32, 0xfc, 0x00,
0x66, 0x33, 0xfd, 0x0d, 0x64, 0x31, 0xfa, 0x2d, 0x65, 0x32, 0xfc, 0x5c, 0x65, 0x33, 0xfe,
0x8a, 0x63, 0x32, 0xf8, 0xb2, 0x64, 0x32, 0xfb, 0xc6, 0x66, 0x33, 0xff, 0xd1, 0x66, 0x33,
0xfe, 0xda, 0x66, 0x33, 0xff, 0xe1, 0x66, 0x33, 0xff, 0xe5, 0x66, 0x33, 0xff, 0xe4, 0x66,
0x33, 0xff, 0xe4, 0x66, 0x33, 0xff, 0xe5, 0x66, 0x33, 0xff, 0xe2, 0x66, 0x33, 0xfe, 0xdb,
0x66, 0x33, 0xfe, 0xd3, 0x66, 0x33, 0xfe, 0xc8, 0x65, 0x33, 0xfc, 0xb9, 0x64, 0x31, 0xfc,
0x94, 0x64, 0x31, 0xfc, 0x68, 0x65, 0x31, 0xfc, 0x38, 0x63, 0x2f, 0xf9, 0x13, 0x65, 0x32,
0xfb, 0x04, 0x63, 0x32, 0xf8, 0x00, 0x65, 0x32, 0xfc, 0x00, 0x65, 0x31, 0xfe, 0x00, 0x62,
0x31, 0xf6, 0x00, 0x5c, 0x2f, 0xe5, 0x00, 0x53, 0x24, 0xe1, 0x00, 0x5c, 0x2a, 0xe9, 0x00,
0x4d, 0x24, 0xc0, 0x00, 0x5c, 0x2e, 0xe9, 0x00, 0x55, 0x2a, 0xd5, 0x00, 0x60, 0x31, 0xef,
0x00, 0x62, 0x28, 0xef, 0x00, 0x61, 0x29, 0xef, 0x00, 0x66, 0x32, 0xfc, 0x00, 0x62, 0x2d,
0xfa, 0x00, 0x50, 0x21, 0xd9, 0x00, 0x5f, 0x2e, 0xed, 0x00, 0x65, 0x32, 0xfd, 0x00, 0x5a,
0x2c, 0xef, 0x00, 0x5b, 0x2e, 0xea, 0x00, 0x63, 0x27, 0xea, 0x00, 0x59, 0x2c, 0xef, 0x00,
0x54, 0x2a, 0xdd, 0x00, 0x5e, 0x2c, 0xe8, 0x00, 0x61, 0x2a, 0xf2, 0x00, 0x62, 0x2d, 0xf9,
0x00, 0x5a, 0x29, 0xe7, 0x00, 0x54, 0x24, 0xdd, 0x00, 0x5f, 0x28, 0xe9, 0x00, 0x13, 0x04,
0x92, 0x00, 0x00, 0x00, 0x7c, 0x00, 0x01, 0x01, 0x80, 0x00, 0x01, 0x01, 0x80, 0x00, 0x01,
0x01, 0x80, 0x00, 0x01, 0x01, 0x80, 0x00, 0x01, 0x01, 0x80, 0x00, 0x01, 0x01, 0x80, 0x00,
0x01, 0x01, 0x80, 0x00, 0x01, 0x01, 0x80, 0x00, 0x01, 0x01, 0x80, 0x00, 0x01, 0x01, 0x80,
0x00, 0x01, 0x01, 0x80, 0x00, 0x01, 0x01, 0x80, 0x00, 0x01, 0x01, 0x80, 0x00, 0xff, 0xff,
0xff, 0x00, 0xff, 0xff, 0xff, 0x00, 0xff, 0xff, 0xff, 0x00, 0xff, 0xff, 0xff, 0x00, 0xff,
0xff, 0xff, 0x00, 0xff, 0xff, 0xff, 0x00, 0xff, 0xff, 0xff, 0x00, 0xff, 0xff, 0xff, 0x00,
0xff, 0xff, 0xff, 0x00, 0xff, 0xff, 0xff, 0x00, 0xff, 0xff, 0xff, 0x00, 0xff, 0xff, 0xff,
0x00, 0xff, 0xff, 0xff, 0x00, 0xff, 0xff, 0xff, 0x00, 0xff, 0xff, 0xff, 0x00, 0xff, 0xff,
0xff, 0x00, 0xff, 0xff, 0xff, 0x00, 0xff, 0xff, 0xff, 0x00, 0xff, 0xff, 0xff, 0x00, 0xff,
0xff, 0xff, 0x00, 0xff, 0xff, 0xff, 0x00, 0xff, 0xff, 0xff, 0x00, 0xff, 0xff, 0xff, 0x00,
0xff, 0xff, 0xff, 0x00, 0xff, 0xff, 0xff, 0x00, 0xff, 0xff, 0xff, 0x00, 0xff, 0xff, 0xff,
0x00, 0xff, 0xff, 0xff, 0x00, 0xff, 0xff, 0xff, 0x00, 0xff, 0xff, 0xff, 0x00, 0xff, 0xff,
0xff, 0x00, 0xff, 0xff, 0xff, 0x00, 0xff, 0xff, 0xff, 0x00, 0xff, 0xff, 0xff, 0x00, 0xff,
0xff, 0xff, 0x00, 0xff, 0xff, 0xff, 0x00, 0xff, 0xff, 0xff, 0x00, 0xff, 0xff, 0xff, 0x00,
0xff, 0xff, 0xff, 0x00, 0xff, 0xff, 0xff, 0x00, 0xff, 0xff, 0xff, 0x00, 0xff, 0xff, 0xff,
0x00, 0xff, 0xff, 0xff, 0x00, 0xff, 0xff, 0xff, 0x00, 0xff, 0xff, 0xff, 0x00, 0xff, 0xff,
0xff, 0x00, 0xff, 0xff, 0xff, 0x00, 0xff, 0xff, 0xff, 0x00, 0xff, 0xff, 0xff, 0x00, 0xff,
0xff, 0xff, 0x00, 0xff, 0xff, 0xff, 0x00, 0xff, 0xff, 0xff, 0x00, 0xff, 0xff, 0xff, 0x00,
0xff, 0xff, 0xff, 0x00, 0xff, 0xff, 0xff, 0x00, 0xff, 0xff, 0xff, 0x00, 0xff, 0xff, 0xff,
0x00, 0xff, 0xff, 0xff, 0x00, 0xff, 0xff, 0xff, 0x00, 0xff, 0xff, 0xff, 0x00, 0xff, 0xff,
0xff, 0x00, 0xff, 0xff, 0xff, 0x00, 0xff, 0xff, 0xff, 0x00, 0xff, 0xff, 0xff, 0x00, 0xff,
0xff, 0xff, 0x00, 0xff, 0xff, 0xff, 0x00, 0xff, 0xff, 0xff, 0x00, 0xff, 0xff, 0xff, 0x00,
0xff, 0xff, 0xff, 0x00, 0xff, 0xff, 0xff, 0x00, 0xff, 0xff, 0xff, 0x00, 0xff, 0xff, 0xff,
0x00, 0xff, 0xff, 0xff, 0x00, 0xff, 0xff, 0xff, 0x00, 0xff, 0xff, 0xff, 0x00, 0xff, 0xff,
0xff, 0x00, 0xff, 0xff, 0xff, 0x00, 0xff, 0xff, 0xff, 0x00, 0xff, 0xff, 0xff, 0x00, 0xff,
0xff, 0xff, 0x00, 0xff, 0xff, 0xff, 0x00, 0xff, 0xff, 0xff, 0x00, 0xff, 0xff, 0xff, 0x00,
0xff, 0xff, 0xff, 0x00, 0xff, 0xff, 0xff, 0x00, 0xff, 0xff, 0xff, 0x00, 0xff, 0xff, 0xff,
0x00, 0xff, 0xff, 0xff, 0x00, 0xff, 0xff, 0xff, 0x00, 0xff, 0xff, 0xff, 0x00, 0xff, 0xff,
0xff, 0x00, 0xff, 0xff, 0xff, 0x00, 0xff, 0xff, 0xff, 0x00, 0xff, 0xff, 0xff, 0x00, 0xff,
0xff, 0xff, 0x00, 0xff, 0xff, 0xff, 0x00, 0xff, 0xff, 0xff, 0x00, 0xff, 0xff, 0xff, 0x00,
0xff, 0xff, 0xff, 0x00, 0xff, 0xff, 0xff, 0x00, 0xff, 0xff, 0xff, 0x00, 0xff, 0xff, 0xff,
0x00, 0xff, 0xff, 0xff, 0x00, 0xff, 0xff, 0xff, 0x00, 0xff, 0xff, 0xff, 0x00, 0xff, 0xff,
0xff, 0x00, 0xff, 0xff, 0xff, 0x00, 0xff, 0xff, 0xff, 0x00, 0xff, 0xff, 0xff, 0x00, 0xff,
0xff, 0xff, 0x00, 0xff, 0xff, 0xff, 0x00, 0xff, 0xff, 0xff, 0x00, 0xff, 0xff, 0xff, 0x00,
0xff, 0xff, 0xff, 0x00, 0xff, 0xff, 0xff, 0x00, 0xff, 0xff, 0xff, 0x00, 0xff, 0xff, 0xff,
0x00, 0xff, 0xff, 0xff, 0x00, 0xff, 0xff, 0xff, 0x00, 0xff, 0xff, 0xff, 0x00, 0xff, 0xff,
0xff, 0x00, 0xff, 0xff, 0xff, 0x00, 0xff, 0xff, 0xff, 0x00, 0xff, 0xff, 0xff, 0x00, 0xff,
0xff, 0xff, 0x00, 0xff, 0xff, 0xff, 0x00, 0xff, 0xff, 0xff, 0x00, 0xff, 0xff, 0xff, 0x00,
0xff, 0xff, 0xff, 0x00, 0xff, 0xff, 0xff, 0x00, 0xff, 0xff, 0xff, 0x00, 0xff, 0xff, 0xff,
0x00, 0xff, 0xff, 0xff, 0x00, 0xff, 0xff, 0xff, 0x00, 0xff, 0xff, 0xff, 0x00, 0xff, 0xff,
0xff, 0x00, 0xff, 0xff, 0xff, 0x00, 0xff, 0xff, 0xff, 0x00, 0xff, 0xff, 0xff, 0x00, 0xff,
0xff, 0xff, 0x00, 0xff, 0xff, 0xff, 0x00, 0xff, 0xff, 0xff, 0x00, 0xff, 0xff, 0xff, 0x00,
0xff, 0xff, 0xff, 0x00, 0xff, 0xff, 0xff, 0x00, 0xff, 0xff, 0xff, 0x00, 0xff, 0xff, 0xff,
0x00, 0xff, 0xff, 0xff, 0x00, 0xff, 0xff, 0xff, 0x00, 0xff, 0xff, 0xff, 0x00, 0xff, 0xff,
0xff, 0x00, 0xff, 0xff, 0xff, 0x00, 0xff, 0xff, 0xff, 0x00, 0xff, 0xff, 0xff, 0x00, 0xff,
0xff, 0xff, 0x00, 0xff, 0xff, 0xff, 0x00, 0xff, 0xff, 0xff, 0x00, 0xff, 0xff, 0xff, 0x00,
0xff, 0xff, 0xff, 0x00, 0xff, 0xff, 0xff, 0x00, 0xff, 0xff, 0xff, 0x00, 0xff, 0xff, 0xff,
0x00, 0xff, 0xff, 0xff, 0x00, 0xff, 0xff, 0xff, 0x00, 0xff, 0xff, 0xff, 0x00, 0xff, 0xff,
0xff, 0x00, 0xff, 0xff, 0xff, 0x00, 0xff, 0xff, 0xff, 0x00, 0xff, 0xff, 0xff, 0x00, 0xff,
0xff, 0xff, 0x00, 0xff, 0xff, 0xff, 0x00, 0xff, 0xff, 0xff, 0x00, 0xff, 0xff, 0xff, 0x00,
0xff, 0xff, 0xff, 0x00, 0xff, 0xff, 0xff, 0x00, 0xff, 0xff, 0xff, 0x00, 0xff, 0xff, 0xff,
0x00, 0xff, 0xff, 0xff, 0x00, 0xff, 0xff, 0xff, 0x00, 0xff, 0xff, 0xff, 0x00, 0xff, 0xff,
0xff, 0x00, 0xff, 0xff, 0xff, 0x00, 0xff, 0xff, 0xff, 0x00, 0xff, 0xff, 0xff, 0x00, 0xff,
0xff, 0xff, 0x00, 0xff, 0xff, 0xff, 0x00, 0xff, 0xff, 0xff, 0x00, 0xff, 0xff, 0xff, 0x00,
0xff, 0xff, 0xff, 0x00, 0xff, 0xff, 0xff, 0x00, 0xff, 0xff, 0xff, 0x00, 0xff, 0xff, 0xff,
0x00, 0xff, 0xff, 0xff, 0x00, 0xff, 0xff, 0xff, 0x00, 0xff, 0xff, 0xff, 0x00, 0xff, 0xff,
0xff, 0x00, 0xff, 0xff, 0xff, 0x00, 0xff, 0xff, 0xff, 0x00, 0xff, 0xff, 0xff, 0x00, 0xff,
0xff, 0xff, 0x00, 0xff, 0xff, 0xff, 0x00, 0xff, 0xff, 0xff, 0x00, 0xff, 0xff, 0xff, 0x00,
0xff, 0xff, 0xff, 0x00, 0xff, 0xff, 0xff, 0x00, 0xff, 0xff, 0xff, 0x00, 0xff, 0xff, 0xff,
0x00, 0xff, 0xff, 0xff, 0x00, 0xff, 0xff, 0xff, 0x00, 0xff, 0xff, 0xff, 0x00, 0xff, 0xff,
0xff, 0x00, 0xff, 0xff, 0xff, 0x00, 0xff, 0xff, 0xff, 0x00, 0xff, 0xff, 0xff, 0x00, 0xff,
0xff, 0xff, 0x00, 0xff, 0xff, 0xff, 0x00, 0xff, 0xff, 0xff, 0x00, 0xff, 0xff, 0xff, 0x00,
0xff, 0xff, 0xff, 0x00, 0xff, 0xff, 0xff, 0x00, 0xff, 0xff, 0xff, 0x00, 0xff, 0xff, 0xff,
0x00, 0xff, 0xff, 0xff, 0x00, 0xff, 0xff, 0xff, 0x00, 0xff, 0xff, 0xff, 0x00, 0xff, 0xff,
0xff, 0x00, 0xff, 0xff, 0xff, 0x00, 0xff, 0xff, 0xff, 0x00, 0xff, 0xff, 0xff, 0x00, 0xff,
0xff, 0xff, 0x00, 0xff, 0xff, 0xff, 0x00, 0xff, 0xff, 0xff, 0x00, 0xff, 0xff, 0xff, 0x00,
0xff, 0xff, 0xff, 0x00, 0xff, 0xff, 0xff, 0x00, 0xff, 0xff, 0xff, 0x00, 0xff, 0xff, 0xff,
0x00, 0xff, 0xff, 0xff, 0x00, 0xff, 0xff, 0xff, 0x00, 0xff, 0xff, 0xff, 0x00, 0xff, 0xff,
0xff, 0x00, 0xff, 0xff, 0xff, 0x00, 0xff, 0xff, 0xff, 0x00, 0xff, 0xff, 0xff, 0x00, 0xff,
0xff, 0xff, 0x00, 0xff, 0xff, 0xff, 0x00, 0xff, 0xff, 0xff, 0x00, 0xff, 0xff, 0xff, 0x00,
0xff, 0xff, 0xff, 0x00, 0xff, 0xff, 0xff, 0x00, 0xff, 0xff, 0xff, 0x00, 0xff, 0xff, 0xff,
0x00, 0xff, 0xff, 0xff, 0x00, 0xff, 0xff, 0xff, 0x00, 0xff, 0xff, 0xff, 0x00, 0xff, 0xff,
0xff, 0x00, 0xff, 0xff, 0xff, 0x00, 0xff, 0xff, 0xff, 0x00, 0xff, 0xff, 0xff, 0x00, 0xff,
0xff, 0xff, 0x00, 0xff, 0xff, 0xff, 0x00, 0xff, 0xff, 0xff, 0x00, 0xff, 0xff, 0xff, 0x00,
0xff, 0xff, 0xff, 0x00, 0xff, 0xff, 0xff, 0x00, 0xff, 0xff, 0xff, 0x00, 0xff, 0xff, 0xff,
0x00, 0xff, 0xff, 0xff, 0x00, 0xff, 0xff, 0xff, 0x00, 0xff, 0xff, 0xff, 0x00, 0xff, 0xff,
0xff, 0x00, 0xff, 0xff, 0xff, 0x00, 0xff, 0xff, 0xff, 0x00, 0xff, 0xff, 0xff, 0x00, 0xff,
0xff, 0xff, 0x00, 0xff, 0xff, 0xff, 0x00, 0xff, 0xff, 0xff, 0x00, 0xff, 0xff, 0xff, 0x00,
0xff, 0xff, 0xff, 0x00, 0xff, 0xff, 0xff, 0x00, 0xff, 0xff, 0xff, 0x00, 0xff, 0xff, 0xff,
0x00, 0xff, 0xff, 0xff, 0x00, 0xff, 0xff, 0xff, 0x00, 0xff, 0xff, 0xff, 0x00, 0xff, 0xff,
0xff, 0x00, 0xff, 0xff, 0xff, 0x00, 0xff, 0xff, 0xff, 0x00, 0xff, 0xff, 0xff, 0x00, 0xff,
0xff, 0xff, 0x00, 0xff, 0xff, 0xff, 0x00, 0xff, 0xff, 0xff, 0x00, 0xff, 0xff, 0xff, 0x00,
0xff, 0xff, 0xff, 0x00, 0xff, 0xff, 0xff, 0x00, 0xff, 0xff, 0xff, 0x00, 0xff, 0xff, 0xff,
0x00, 0xff, 0xff, 0xff, 0x00, 0xff, 0xff, 0xff, 0x00, 0xff, 0xff, 0xff, 0x00, 0xff, 0xff,
0xff, 0x00, 0xff, 0xff, 0xff, 0x00, 0xff, 0xff, 0xff, 0x00, 0xff, 0xff, 0xff, 0x00, 0xff,
0xff, 0xff, 0x00, 0xff, 0xff, 0xff, 0x00, 0xff, 0xff, 0xff, 0x00, 0xff, 0xff, 0xff, 0x00,
0xff, 0xff, 0xff, 0x00, 0xff, 0xff, 0xff, 0x00, 0xff, 0xff, 0xff, 0x00, 0xff, 0xff, 0xff,
0x00, 0xff, 0xff, 0xff, 0x00, 0xff, 0xff, 0xff, 0x00, 0xff, 0xff, 0xff, 0x00, 0xff, 0xff,
0xff, 0x00, 0xff, 0xff, 0xff, 0x00, 0xff, 0xff, 0xff, 0x00, 0xff, 0xff, 0xff, 0x00, 0xff,
0xff, 0xff, 0x00, 0xff, 0xff, 0xff, 0x00, 0xff, 0xff, 0xff, 0x00, 0xff, 0xff, 0xff, 0x00,
0xff, 0xff, 0xff, 0x00, 0xff, 0xff, 0xff, 0x00, 0xff, 0xff, 0xff, 0x00, 0xff, 0xff, 0xff,
0x00, 0xff, 0xff, 0xff, 0x00, 0xff, 0xff, 0xff, 0x00, 0xff, 0xff, 0xff, 0x00, 0xff, 0xff,
0xff, 0x00, 0xff, 0xff, 0xff, 0x00, 0xff, 0xff, 0xff, 0x00, 0xff, 0xff, 0xff, 0x00, 0xff,
0xff, 0xff, 0x00, 0xff, 0xff, 0xff, 0x00, 0xff, 0xff, 0xff, 0x00, 0xff, 0xff, 0xff, 0x00,
0xff, 0xff, 0xff, 0x00, 0xff, 0xff, 0xff, 0x00, 0xff, 0xff, 0xff, 0x00, 0xff, 0xff, 0xff,
0x00, 0xff, 0xff, 0xff, 0x00, 0xff, 0xff, 0xff, 0x00, 0xff, 0xff, 0xff, 0x00, 0xff, 0xff,
0xff, 0x00, 0xff, 0xff, 0xff, 0x00, 0xff, 0xff, 0xff, 0x00, 0xff, 0xff, 0xff, 0x00, 0xff,
0xff, 0xff, 0x00, 0xff, 0xff, 0xff, 0x00, 0xff, 0xff, 0xff, 0x00, 0xff, 0xff, 0xff, 0x00,
0xff, 0xff, 0xff, 0x00, 0xff, 0xff, 0xff, 0x00, 0xff, 0xff, 0xff, 0x00, 0xff, 0xff, 0xff,
0x00, 0xff, 0xff, 0xff, 0x00, 0xff, 0xff, 0xff, 0x00, 0xff, 0xff, 0xff, 0x00, 0xff, 0xff,
0xff, 0x00, 0xff, 0xff, 0xff, 0x00, 0xff, 0xff, 0xff, 0x00, 0xff, 0xff, 0xff, 0x00, 0xff,
0xff, 0xff, 0x00, 0xff, 0xff, 0xff, 0x00, 0xff, 0xff, 0xff, 0x00, 0xff, 0xff, 0xff, 0x00,
0xff, 0xff, 0xff, 0x00, 0xff, 0xff, 0xff, 0x00, 0xff, 0xff, 0xff, 0x00, 0xff, 0xff, 0xff,
0x00, 0xff, 0xff, 0xff, 0x00, 0xff, 0xff, 0xff, 0x00, 0xff, 0xff, 0xff, 0x00, 0xff, 0xff,
0xff, 0x00, 0xff, 0xff, 0xff, 0x00, 0xff, 0xff, 0xff, 0x00, 0xff, 0xff, 0xff, 0x00, 0xff,
0xff, 0xff, 0x00, 0xff, 0xff, 0xff, 0x00, 0xff, 0xff, 0xff, 0x00, 0xff, 0xff, 0xff, 0x00,
0xff, 0xff, 0xff, 0x00, 0xff, 0xff, 0xff, 0x00, 0xff, 0xff, 0xff, 0x00, 0xff, 0xff, 0xff,
0x00, 0xff, 0xff, 0xff, 0x00, 0xff, 0xff, 0xff, 0x00, 0xff, 0xff, 0xff, 0x00, 0xff, 0xff,
0xff, 0x00, 0xff, 0xff, 0xff, 0x00, 0xff, 0xff, 0xff, 0x00, 0xff, 0xff, 0xff, 0x00, 0xff,
0xff, 0xff, 0x00, 0xff, 0xff, 0xff, 0x00, 0xff, 0xff, 0xff, 0x00, 0xff, 0xff, 0xff, 0x00,
0xff, 0xff, 0xff, 0x00, 0xff, 0xff, 0xff, 0x00, 0xff, 0xff, 0xff, 0x00, 0xff, 0xff, 0xff,
0x00, 0xff, 0xff, 0xff, 0x00, 0xff, 0xff, 0xff, 0x00, 0xff, 0xff, 0xff, 0x00, 0xff, 0xff,
0xff, 0x00, 0xff, 0xff, 0xff, 0x00, 0xff, 0xff, 0xff, 0x00, 0xff, 0xff, 0xff, 0x00, 0xff,
0xff, 0xff, 0x00, 0xff, 0xff, 0xff, 0x00, 0xff, 0xff, 0xff, 0x00, 0xff, 0xff, 0xff, 0x00,
0xff, 0xff, 0xff, 0x00, 0xff, 0xff, 0xff, 0x00, 0xff, 0xff, 0xff, 0x00, 0xff, 0xff, 0xff,
0x00, 0xff, 0xff, 0xff, 0x00, 0xff, 0xff, 0xff, 0x00, 0xff, 0xff, 0xff, 0x00, 0xff, 0xff,
0xff, 0x00, 0xff, 0xff, 0xff, 0x00, 0xff, 0xff, 0xff, 0x00, 0xff, 0xff, 0xff, 0x00, 0xff,
0xff, 0xff, 0x00, 0xff, 0xff, 0xff, 0x00, 0xff, 0xff, 0xff, 0x00, 0xff, 0xff, 0xff, 0x00,
0xff, 0xff, 0xff, 0x00, 0xff, 0xff, 0xff, 0x00, 0xff, 0xff, 0xff, 0x00, 0xff, 0xff, 0xff,
0x00, 0xff, 0xff, 0xff, 0x00, 0xff, 0xff, 0xff, 0x00, 0xff, 0xff, 0xff, 0x00, 0xff, 0xff,
0xff, 0x00, 0xff, 0xff, 0xff, 0x00, 0xff, 0xff, 0xff, 0x00, 0xff, 0xff, 0xff, 0x00, 0xff,
0xff, 0xff, 0x00, 0xff, 0xff, 0xff, 0x00, 0xff, 0xff, 0xff, 0x00, 0xff, 0xff, 0xff, 0x00,
0xff, 0xff, 0xff, 0x00, 0xff, 0xff, 0xff, 0x00, 0xff, 0xff, 0xff, 0x00, 0xff, 0xff, 0xff,
0x00, 0xff, 0xff, 0xff, 0x00, 0xff, 0xff, 0xff, 0x00, 0xff, 0xff, 0xff, 0x00, 0xff, 0xff,
0xff, 0x00, 0xff, 0xff, 0xff, 0x00, 0xff, 0xff, 0xff, 0x00, 0xff, 0xff, 0xff, 0x00, 0xff,
0xff, 0xff, 0x00, 0xff, 0xff, 0xff, 0x00, 0xff, 0xff, 0xff, 0x00, 0xff, 0xff, 0xff, 0x00,
0xff, 0xff, 0xff, 0x00, 0xff, 0xff, 0xff, 0x00, 0xff, 0xff, 0xff, 0x00, 0xff, 0xff, 0xff,
0x00, 0xff, 0xff, 0xff, 0x00, 0xff, 0xff, 0xff, 0x00, 0xff, 0xff, 0xff, 0x00, 0xff, 0xff,
0xff, 0x00, 0xff, 0xff, 0xff, 0x00, 0xff, 0xff, 0xff, 0x00, 0xff, 0xff, 0xff, 0x00, 0xff,
0xff, 0xff, 0x00, 0xff, 0xff, 0xff, 0x00, 0xff, 0xff, 0xff, 0x00, 0xff, 0xff, 0xff, 0x00,
0xff, 0xff, 0xff, 0x00, 0xff, 0xff, 0xff, 0x00, 0xff, 0xff, 0xff, 0x00, 0xff, 0xff, 0xff,
0x00, 0xff, 0xff, 0xff, 0x00, 0xff, 0xff, 0xff, 0x00, 0xff, 0xff, 0xff, 0x00, 0xff, 0xff,
0xff, 0x00, 0xff, 0xff, 0xff, 0x00, 0xff, 0xff, 0xff, 0x00, 0xff, 0xff, 0xff, 0x00, 0xff,
0xff, 0xff, 0x00, 0xff, 0xff, 0xff, 0x00, 0xff, 0xff, 0xff, 0x00, 0xff, 0xff, 0xff, 0x00,
0xff, 0xff, 0xff, 0x00, 0xff, 0xff, 0xff, 0x00, 0xff, 0xff, 0xff, 0x00, 0xff, 0xff, 0xff,
0x00, 0xff, 0xff, 0xff, 0x00, 0xff, 0xff, 0xff, 0x00, 0xff, 0xff, 0xff, 0x00, 0xff, 0xff,
0xff, 0x00, 0xff, 0xff, 0xff, 0x00, 0xff, 0xff, 0xff, 0x00, 0xff, 0xff, 0xff, 0x00, 0xff,
0xff, 0xff, 0x00, 0xff, 0xff, 0xff, 0x00, 0xff, 0xff, 0xff, 0x00, 0xff, 0xff, 0xff, 0x00,
0xff, 0xff, 0xff, 0x00, 0xff, 0xff, 0xff, 0x00, 0xff, 0xff, 0xff, 0x00, 0xff, 0xff, 0xff,
0x00, 0xff, 0xff, 0xff, 0x00, 0xff, 0xff, 0xff, 0x00, 0xff, 0xff, 0xff, 0x00, 0xff, 0xff,
0xff, 0x00, 0xff, 0xff, 0xff, 0x00, 0xff, 0xff, 0xff, 0x00, 0xff, 0xff, 0xff, 0x00, 0xff,
0xff, 0xff, 0x00, 0xff, 0xff, 0xff, 0x00, 0xff, 0xff, 0xff, 0x00, 0xff, 0xff, 0xff, 0x00,
0xff, 0xff, 0xff, 0x00, 0xff, 0xff, 0xff, 0x00, 0xff, 0xff, 0xff, 0x00, 0xff, 0xff, 0xff,
0x00, 0xff, 0xff, 0xff, 0x00, 0xff, 0xff, 0xff, 0x00, 0xff, 0xff, 0xff, 0x00, 0xff, 0xff,
0xff, 0x00, 0xff, 0xff, 0xff, 0x00, 0xff, 0xff, 0xff, 0x00, 0xff, 0xff, 0xff, 0x00, 0xff,
0xff, 0xff, 0x00, 0xff, 0xff, 0xff, 0x00, 0xff, 0xff, 0xff, 0x00, 0xff, 0xff, 0xff, 0x00,
0xff, 0xff, 0xff, 0x00, 0xff, 0xff, 0xff, 0x00, 0xff, 0xff, 0xff, 0x00, 0xff, 0xff, 0xff,
0x00, 0xff, 0xff, 0xff, 0x00, 0xff, 0xff, 0xff, 0x00, 0xff, 0xff, 0xff, 0x00, 0xff, 0xff,
0xff, 0x00, 0xff, 0xff, 0xff, 0x00, 0xff, 0xff, 0xff, 0x00, 0xff, 0xff, 0xff, 0x00, 0xff,
0xff, 0xff, 0x00, 0xff, 0xff, 0xff, 0x00, 0xff, 0xff, 0xff, 0x00, 0xff, 0xff, 0xff, 0x00,
0xff, 0xff, 0xff, 0x00, 0xff, 0xff, 0xff, 0x00, 0xff, 0xff, 0xff, 0x00, 0xff, 0xff, 0xff,
0x00, 0xff, 0xff, 0xff, 0x00, 0xff, 0xff, 0xff, 0x00, 0xff, 0xff, 0xff, 0x00, 0xff, 0xff,
0xff, 0x00, 0xff, 0xff, 0xff, 0x00, 0xff, 0xff, 0xff, 0x00, 0xff, 0xff, 0xff, 0x00, 0xff,
0xff, 0xff, 0x00, 0xff, 0xff, 0xff, 0x00, 0xff, 0xff, 0xff, 0x00, 0xff, 0xff, 0xff, 0x00,
0xff, 0xff, 0xff, 0x00, 0xff, 0xff, 0xff, 0x00, 0xff, 0xff, 0xff, 0x00, 0xff, 0xff, 0xff,
0x00, 0xff, 0xff, 0xff, 0x00, 0xff, 0xff, 0xff, 0x00, 0xff, 0xff, 0xff, 0x00, 0xff, 0xff,
0xff, 0x00, 0xff, 0xff, 0xff, 0x00, 0xff, 0xff, 0xff, 0x00, 0xff, 0xff, 0xff, 0x00, 0xff,
0xff, 0xff, 0x00, 0xff, 0xff, 0xff, 0x00, 0xff, 0xff, 0xff, 0x00, 0xff, 0xff, 0xff, 0x00,
0xff, 0xff, 0xff, 0x00, 0xff, 0xff, 0xff, 0x00, 0xff, 0xff, 0xff, 0x00, 0xff, 0xff, 0xff,
0x00, 0xff, 0xff, 0xff, 0x00, 0xff, 0xff, 0xff, 0x00, 0xff, 0xff, 0xff, 0x00, 0xff, 0xff,
0xff, 0x00, 0xff, 0xff, 0xff, 0x00, 0xff, 0xff, 0xff, 0x00, 0xff, 0xff, 0xff, 0x00, 0xff,
0xff, 0xff, 0x00, 0xff, 0xff, 0xff, 0x00, 0xff, 0xff, 0xff, 0x00, 0xff, 0xff, 0xff, 0x00,
0xff, 0xff, 0xff, 0x00, 0xff, 0xff, 0xff, 0x00, 0xff, 0xff, 0xff, 0x00, 0xff, 0xff, 0xff,
0x00, 0xff, 0xff, 0xff, 0x00, 0xff, 0xff, 0xff, 0x00, 0xff, 0xff, 0xff, 0x00, 0xff, 0xff,
0xff, 0x00, 0xff, 0xff, 0xff, 0x00, 0xff, 0xff, 0xff, 0x00, 0xff, 0xff, 0xff, 0x00, 0xff,
0xff, 0xff, 0x00, 0xff, 0xff, 0xff, 0x00, 0xff, 0xff, 0xff, 0x00, 0xff, 0xff, 0xff, 0x00,
0xff, 0xff, 0xff, 0x00, 0xff, 0xff, 0xff, 0x00, 0xff, 0xff, 0xff, 0x00, 0xff, 0xff, 0xff,
0x00, 0xff, 0xff, 0xff, 0x00, 0xff, 0xff, 0xff, 0x00, 0xff, 0xff, 0xff, 0x00, 0xff, 0xff,
0xff, 0x00, 0xff, 0xff, 0xff, 0x00, 0xff, 0xff, 0xff, 0x00, 0xff, 0xff, 0xff, 0x00, 0xff,
0xff, 0xff, 0x00, 0xff, 0xff, 0xff, 0x00, 0xff, 0xff, 0xff, 0x00, 0xff, 0xff, 0xff, 0x00,
0xff, 0xff, 0xff, 0x00, 0xff, 0xff, 0xff, 0x00, 0xff, 0xff, 0xff, 0x00, 0xff, 0xff, 0xff,
0x00, 0xff, 0xff, 0xff, 0x00, 0xff, 0xff, 0xff, 0x00, 0xff, 0xff, 0xff, 0x00, 0xff, 0xff,
0xff, 0x00, 0xff, 0xff, 0xff, 0x00, 0xff, 0xff, 0xff, 0x00, 0xff, 0xff, 0xff, 0x00, 0xff,
0xff, 0xff, 0x00, 0xff, 0xff, 0xff, 0x00, 0xff, 0xff, 0xff, 0x00, 0xff, 0xff, 0xff, 0x00,
0xff, 0xff, 0xff, 0x00, 0xff, 0xff, 0xff, 0x00, 0xff, 0xff, 0xff, 0x00, 0xff, 0xff, 0xff,
0x00, 0xff, 0xff, 0xff, 0x00, 0xff, 0xff, 0xff, 0x00, 0xff, 0xff, 0xff, 0x00, 0xff, 0xff,
0xff, 0x00, 0xff, 0xff, 0xff, 0x00, 0xff, 0xff, 0xff, 0x00, 0xff, 0xff, 0xff, 0x00, 0xff,
0xff, 0xff, 0x00, 0xff, 0xff, 0xff, 0x00, 0xff, 0xff, 0xff, 0x00, 0xff, 0xff, 0xff, 0x00,
0xff, 0xff, 0xff, 0x00, 0xff, 0xff, 0xff, 0x00, 0xff, 0xff, 0xff, 0x00, 0xff, 0xff, 0xff,
0x00, 0xff, 0xff, 0xff, 0x00, 0xff, 0xff, 0xff, 0x00, 0xff, 0xff, 0xff, 0x00, 0xff, 0xff,
0xff, 0x00, 0xff, 0xff, 0xff, 0x00, 0xff, 0xff, 0xff, 0x00, 0xff, 0xff, 0xff, 0x00, 0xff,
0xff, 0xff, 0x00, 0xff, 0xff, 0xff, 0x00, 0xff, 0xff, 0xff, 0x00, 0xff, 0xff, 0xff, 0x00,
0xff, 0xff, 0xff, 0x00, 0xff, 0xff, 0xff, 0x00, 0xff, 0xff, 0xff, 0x00, 0xff, 0xff, 0xff,
0x00, 0xff, 0xff, 0xff, 0x00, 0xff, 0xff, 0xff, 0x00, 0xff, 0xff, 0xff, 0x00, 0xff, 0xff,
0xff, 0x00, 0xff, 0xff, 0xff, 0x00, 0xff, 0xff, 0xff, 0x00, 0xff, 0xff, 0xff, 0x00, 0xff,
0xff, 0xff, 0x00, 0xff, 0xff, 0xff, 0x00, 0xff, 0xff, 0xff, 0x00, 0xff, 0xff, 0xff, 0x00,
0xff, 0xff, 0xff, 0x00, 0xff, 0xff, 0xff, 0x00, 0xff, 0xff, 0xff, 0x00, 0xff, 0xff, 0xff,
0x00, 0xff, 0xff, 0xff, 0x00, 0xff, 0xff, 0xff, 0x00, 0xff, 0xff, 0xff, 0x00, 0xff, 0xff,
0xff, 0x00, 0xff, 0xff, 0xff, 0x00, 0xff, 0xff, 0xff, 0x00, 0xff, 0xff, 0xff, 0x00, 0xff,
0xff, 0xff, 0x00, 0xff, 0xff, 0xff, 0x00, 0xff, 0xff, 0xff, 0x00, 0xff, 0xff, 0xff, 0x00,
0xff, 0xff, 0xff, 0x00, 0xff, 0xff, 0xff, 0x00, 0xff, 0xff, 0xff, 0x00, 0xff, 0xff, 0xff,
0x00, 0xff, 0xff, 0xff, 0x00, 0xff, 0xff, 0xff, 0x00, 0xff, 0xff, 0xff, 0x00, 0xff, 0xff,
0xff, 0x00, 0xff, 0xff, 0xff, 0x00, 0xff, 0xff, 0xff, 0x00, 0xff, 0xff, 0xff, 0x00, 0xff,
0xff, 0xff, 0x00, 0xff, 0xff, 0xff, 0x00, 0xff, 0xff, 0xff, 0x00, 0xff, 0xff, 0xff, 0x00,
0xff, 0xff, 0xff, 0x00, 0xff, 0xff, 0xff, 0x00, 0xff, 0xff, 0xff, 0x00, 0xff, 0xff, 0xff,
0x00, 0xff, 0xff, 0xff, 0x00, 0xff, 0xff, 0xff, 0x00, 0xff, 0xff, 0xff, 0x00, 0xff, 0xff,
0xff, 0x00, 0xff, 0xff, 0xff, 0x00, 0xff, 0xff, 0xff, 0x00, 0xff, 0xff, 0xff, 0x00, 0xff,
0xff, 0xff, 0x00, 0xff, 0xff, 0xff, 0x00, 0xff, 0xff, 0xff, 0x00, 0xff, 0xff, 0xff, 0x00,
0xff, 0xff, 0xff, 0x00, 0xff, 0xff, 0xff, 0x00, 0xff, 0xff, 0xff, 0x00, 0xff, 0xff, 0xff,
0x00, 0xff, 0xff, 0xff, 0x00, 0xff, 0xff, 0xff, 0x00, 0xff, 0xff, 0xff, 0x00, 0xff, 0xff,
0xff, 0x00, 0xff, 0xff, 0xff, 0x00, 0xff, 0xff, 0xff, 0x00, 0xff, 0xff, 0xff, 0x00, 0xff,
0xff, 0xff, 0x00, 0xff, 0xff, 0xff, 0x00, 0xff, 0xff, 0xff, 0x00, 0xff, 0xff, 0xff, 0x00,
0xff, 0xff, 0xff, 0x00, 0xff, 0xff, 0xff, 0x00, 0xff, 0xff, 0xff, 0x00, 0xff, 0xff, 0xff,
0x00, 0xff, 0xff, 0xff, 0x00, 0xff, 0xff, 0xff, 0x00, 0xff, 0xff, 0xff, 0x00, 0xff, 0xff,
0xff, 0x00, 0xff, 0xff, 0xff, 0x00, 0xff, 0xff, 0xff, 0x00, 0xff, 0xff, 0xff, 0x00, 0xff,
0xff, 0xff, 0x00, 0xff, 0xff, 0xff, 0x00, 0xff, 0xff, 0xff, 0x00, 0xff, 0xff, 0xff, 0x00,
0xff, 0xff, 0xff, 0x00, 0xff, 0xff, 0xff, 0x00, 0xff, 0xff, 0xff, 0x00, 0xff, 0xff, 0xff,
0x00, 0xff, 0xff, 0xff, 0x00, 0xff, 0xff, 0xff, 0x00, 0xff, 0xff, 0xff, 0x00, 0xff, 0xff,
0xff, 0x00, 0xff, 0xff, 0xff, 0x00, 0xff, 0xff, 0xff, 0x00, 0xff, 0xff, 0xff, 0x00, 0xff,
0xff, 0xff, 0x00, 0xff, 0xff, 0xff, 0x00, 0xff, 0xff, 0xff, 0x00, 0xff, 0xff, 0xff, 0x00,
0xff, 0xff, 0xff, 0x00, 0xff, 0xff, 0xff, 0x00, 0xff, 0xff, 0xff, 0x00, 0xff, 0xff, 0xff,
0x00, 0xff, 0xff, 0xff, 0x00, 0xff, 0xff, 0xff, 0x00, 0xff, 0xff, 0xff, 0x00, 0xff, 0xff,
0xff, 0x00, 0xff, 0xff, 0xff, 0x00, 0xff, 0xff, 0xff, 0x00, 0xff, 0xff, 0xff, 0x00, 0xff,
0xff, 0xff, 0x00, 0xff, 0xff, 0xff, 0x00, 0xff, 0xff, 0xff, 0x00, 0xff, 0xff, 0xff, 0x00,
0xff, 0xff, 0xff, 0x00, 0xff, 0xff, 0xff, 0x00, 0xff, 0xff, 0xff, 0x00, 0xff, 0xff, 0xff,
0x00, 0xff, 0xff, 0xff, 0x00, 0xff, 0xff, 0xff, 0x00, 0xff, 0xff, 0xff, 0x00, 0xff, 0xff,
0xff, 0x00, 0xff, 0xff, 0xff, 0x00, 0xff, 0xff, 0xff, 0x00, 0xff, 0xff, 0xff, 0x00, 0xff,
0xff, 0xff, 0x00, 0xff, 0xff, 0xff, 0x00, 0xff, 0xff, 0xff, 0x00, 0xff, 0xff, 0xff, 0x00,
0xff, 0xff, 0xff, 0x00, 0xff, 0xff, 0xff, 0x00, 0xff, 0xff, 0xff, 0x00, 0xff, 0xff, 0xff,
0x00, 0xff, 0xff, 0xff, 0x00, 0xff, 0xff, 0xff, 0x00, 0xff, 0xff, 0xff, 0x00, 0xff, 0xff,
0xff, 0x00, 0xff, 0xff, 0xff, 0x00, 0xff, 0xff, 0xff, 0x00, 0xff, 0xff, 0xff, 0x00, 0xff,
0xff, 0xff, 0x00, 0xff, 0xff, 0xff, 0x00, 0xff, 0xff, 0xff, 0x00, 0xff, 0xff, 0xff, 0x00,
0xff, 0xff, 0xff, 0x00, 0xff, 0xff, 0xff, 0x00, 0xff, 0xff, 0xff, 0x00, 0xff, 0xff, 0xff,
0x00, 0xff, 0xff, 0xff, 0x00, 0xff, 0xff, 0xff, 0x00, 0xff, 0xff, 0xff, 0x00, 0xff, 0xff,
0xff, 0x00, 0xff, 0xff, 0xff, 0x00, 0xff, 0xff, 0xff, 0x00, 0xff, 0xff, 0xff, 0x00, 0xff,
0xff, 0xff, 0x00, 0xff, 0xff, 0xff, 0x00, 0xff, 0xff, 0xff, 0x00, 0xff, 0xff, 0xff, 0x00,
0xff, 0xff, 0xff, 0x00, 0xff, 0xff, 0xff, 0x00, 0xff, 0xff, 0xff, 0x00, 0xff, 0xff, 0xff,
0x00, 0xff, 0xff, 0xff, 0x00, 0xff, 0xff, 0xff, 0x00, 0xff, 0xff, 0xff, 0x00, 0xff, 0xff,
0xff, 0x00, 0xff, 0xff, 0xff, 0x00, 0xff, 0xff, 0xff, 0x00, 0xff, 0xff, 0xff, 0x00, 0xff,
0xff, 0xff, 0x00, 0xff, 0xff, 0xff, 0x00, 0xff, 0xff, 0xff, 0x00, 0xff, 0xff, 0xff, 0x00,
0xff, 0xff, 0xff, 0x00, 0xff, 0xff, 0xff, 0x00, 0xff, 0xff, 0xff, 0x00, 0xff, 0xff, 0xff,
0x00, 0xff, 0xff, 0xff, 0x00, 0xff, 0xff, 0xff, 0x00, 0xff, 0xff, 0xff, 0x00, 0xff, 0xff,
0xff, 0x00, 0xff, 0xff, 0xff, 0x00, 0xff, 0xff, 0xff, 0x00, 0xff, 0xff, 0xff, 0x00, 0xff,
0xff, 0xff, 0x00, 0xff, 0xff, 0xff, 0x00, 0xff, 0xff, 0xff, 0x00, 0xff, 0xff, 0xff, 0x00,
0xff, 0xff, 0xff, 0x00, 0xff, 0xff, 0xff, 0x00, 0xff, 0xff, 0xff, 0x00, 0xff, 0xff, 0xff,
0x00, 0xff, 0xff, 0xff, 0x00, 0xff, 0xff, 0xff, 0x00, 0xff, 0xff, 0xff, 0x00, 0xff, 0xff,
0xff, 0x00, 0xff, 0xff, 0xff, 0x00, 0xff, 0xff, 0xff, 0x00, 0xff, 0xff, 0xff, 0x00, 0xff,
0xff, 0xff, 0x00, 0xff, 0xff, 0xff, 0x00, 0xff, 0xff, 0xff, 0x00, 0xff, 0xff, 0xff, 0x00,
0xff, 0xff, 0xff, 0x00, 0xff, 0xff, 0xff, 0x00, 0xff, 0xff, 0xff, 0x00, 0xff, 0xff, 0xff,
0x00, 0xff, 0xff, 0xff, 0x00, 0xff, 0xff, 0xff, 0x00, 0xff, 0xff, 0xff, 0x00, 0xff, 0xff,
0xff, 0x00, 0xff, 0xff, 0xff, 0x00, 0xff, 0xff, 0xff, 0x00, 0xff, 0xff, 0xff, 0x00, 0xff,
0xff, 0xff, 0x00, 0xff, 0xff, 0xff, 0x00, 0xff, 0xff, 0xff, 0x00, 0xff, 0xff, 0xff, 0x00,
0xff, 0xff, 0xff, 0x00, 0xff, 0xff, 0xff, 0x00, 0xff, 0xff, 0xff, 0x00, 0xff, 0xff, 0xff,
0x00, 0xff, 0xff, 0xff, 0x00, 0xff, 0xff, 0xff, 0x00, 0xff, 0xff, 0xff, 0x00, 0xff, 0xff,
0xff, 0x00, 0xff, 0xff, 0xff, 0x00, 0xff, 0xff, 0xff, 0x00, 0xff, 0xff, 0xff, 0x00, 0xff,
0xff, 0xff, 0x00, 0xff, 0xff, 0xff, 0x00, 0xff, 0xff, 0xff, 0x00, 0xff, 0xff, 0xff, 0x00,
0xff, 0xff, 0xff, 0x00, 0xff, 0xff, 0xff, 0x00, 0xff, 0xff, 0xff, 0x00, 0xff, 0xff, 0xff,
0x00, 0xff, 0xff, 0xff, 0x00, 0xff, 0xff, 0xff, 0x00, 0xff, 0xff, 0xff, 0x00, 0xff, 0xff,
0xff, 0x00, 0xff, 0xff, 0xff, 0x00, 0xff, 0xff, 0xff, 0x00, 0xff, 0xff, 0xff, 0x00, 0xff,
0xff, 0xff, 0x00, 0xff, 0xff, 0xff, 0x00, 0xff, 0xff, 0xff, 0x00, 0xff, 0xff, 0xff, 0x00,
0xff, 0xff, 0xff, 0x00, 0xff, 0xff, 0xff, 0x00, 0xff, 0xff, 0xff, 0x00, 0xff, 0xff, 0xff,
0x00, 0xff, 0xff, 0xff, 0x00, 0xff, 0xff, 0xff, 0x00, 0xff, 0xff, 0xff, 0x00, 0xff, 0xff,
0xff, 0x00, 0xff, 0xff, 0xff, 0x00, 0xff, 0xff, 0xff, 0x00, 0xff, 0xff, 0xff, 0x00, 0xff,
0xff, 0xff, 0x00, 0xff, 0xff, 0xff, 0x00, 0xff, 0xff, 0xff, 0x00, 0xff, 0xff, 0xff, 0x00,
0xff, 0xff, 0xff, 0x00, 0xff, 0xff, 0xff, 0x00, 0xff, 0xff, 0xff, 0x00, 0xff, 0xff, 0xff,
0x00, 0xff, 0xff, 0xff, 0x00, 0xff, 0xff, 0xff, 0x00, 0xff, 0xff, 0xff, 0x00, 0xff, 0xff,
0xff, 0x00, 0xff, 0xff, 0xff, 0x00, 0xff, 0xff, 0xff, 0x00, 0xff, 0xff, 0xff, 0x00, 0xff,
0xff, 0xff, 0x00, 0xff, 0xff, 0xff, 0x00, 0xff, 0xff, 0xff, 0x00, 0xff, 0xff, 0xff, 0x00,
0xff, 0xff, 0xff, 0x00, 0xff, 0xff, 0xff, 0x00, 0xff, 0xff, 0xff, 0x00, 0xff, 0xff, 0xff,
0x00, 0xff, 0xff, 0xff, 0x00, 0xff, 0xff, 0xff, 0x00, 0xff, 0xff, 0xff, 0x00, 0xff, 0xff,
0xff, 0x00, 0xff, 0xff, 0xff, 0x00, 0xff, 0xff, 0xff, 0x00, 0xff, 0xff, 0xff, 0x00, 0xff,
0xff, 0xff, 0x00, 0xff, 0xff, 0xff, 0x00, 0xff, 0xff, 0xff, 0x00, 0xff, 0xff, 0xff, 0x00,
0xff, 0xff, 0xff, 0x00, 0xff, 0xff, 0xff, 0x00, 0xff, 0xff, 0xff, 0x00, 0xff, 0xff, 0xff,
0x00, 0xff, 0xff, 0xff, 0x00, 0xff, 0xff, 0xff, 0x00, 0xff, 0xff, 0xff, 0x00, 0xff, 0xff,
0xff, 0x00, 0xff, 0xff, 0xff, 0x00, 0xff, 0xff, 0xff, 0x00, 0xff, 0xff, 0xff, 0x00, 0xff,
0xff, 0xff, 0x00, 0xff, 0xff, 0xff, 0x00, 0xff, 0xff, 0xff, 0x00, 0xff, 0xff, 0xff, 0x00,
0xff, 0xff, 0xff, 0x00, 0xff, 0xff, 0xff, 0x00, 0xff, 0xff, 0xff, 0x00, 0xff, 0xff, 0xff,
0x00, 0xff, 0xff, 0xff, 0x00, 0xff, 0xff, 0xff, 0x00, 0xff, 0xff, 0xff, 0x00, 0xff, 0xff,
0xff, 0x00, 0xff, 0xff, 0xff, 0x00, 0xff, 0xff, 0xff, 0x00, 0xff, 0xff, 0xff, 0x00, 0xff,
0xff, 0xff, 0x00, 0xff, 0xff, 0xff, 0x00, 0xff, 0xff, 0xff, 0x00, 0xff, 0xff, 0xff, 0x00,
0xff, 0xff, 0xff, 0x00, 0xff, 0xff, 0xff, 0x00, 0xff, 0xff, 0xff, 0x00, 0xff, 0xff, 0xff,
0x00, 0xff, 0xff, 0xff, 0x00, 0xff, 0xff, 0xff, 0x00, 0xff, 0xff, 0xff, 0x00, 0xff, 0xff,
0xff, 0x00, 0xff, 0xff, 0xff, 0x00, 0xff, 0xff, 0xff, 0x00, 0xff, 0xff, 0xff, 0x00, 0xff,
0xff, 0xff, 0x00, 0xff, 0xff, 0xff, 0x00, 0xff, 0xff, 0xff, 0x00, 0xff, 0xff, 0xff, 0x00,
0xff, 0xff, 0xff, 0x00, 0xff, 0xff, 0xff, 0x00, 0xff, 0xff, 0xff, 0x00, 0xff, 0xff, 0xff,
0x00, 0xff, 0xff, 0xff, 0x00, 0xff, 0xff, 0xff, 0x00, 0xff, 0xff, 0xff, 0x00, 0xff, 0xff,
0xff, 0x00, 0xff, 0xff, 0xff, 0x00, 0xff, 0xff, 0xff, 0x00, 0xff, 0xff, 0xff, 0x00, 0xff,
0xff, 0xff, 0x00, 0xff, 0xff, 0xff, 0x00, 0xff, 0xff, 0xff, 0x00, 0xff, 0xff, 0xff, 0x00,
0xff, 0xff, 0xff, 0x00, 0xff, 0xff, 0xff, 0x00, 0xff, 0xff, 0xff, 0x00, 0xff, 0xff, 0xff,
0x00
};

const int b_09_argb8888_length = 65536;

#endif    // B_09_ARGB8888__
