//*****************************************************************************
//
//! @file b_12_argb8888.h
//
//*****************************************************************************

//*****************************************************************************
//
// ${copyright}
//
// This is part of revision ${version} of the AmbiqSuite Development Package.
//
//*****************************************************************************

#ifndef B_12_ARGB8888__
#define B_12_ARGB8888__


const unsigned char b_12_argb8888[] = {
0xff, 0xff, 0xff, 0x00, 0xff, 0xff, 0xff, 0x00, 0xff, 0xff, 0xff, 0x00, 0xff, 0xff, 0xff,
0x00, 0xff, 0xff, 0xff, 0x00, 0xff, 0xff, 0xff, 0x00, 0xff, 0xff, 0xff, 0x00, 0xff, 0xff,
0xff, 0x00, 0xff, 0xff, 0xff, 0x00, 0xff, 0xff, 0xff, 0x00, 0xff, 0xff, 0xff, 0x00, 0xff,
0xff, 0xff, 0x00, 0xff, 0xff, 0xff, 0x00, 0xff, 0xff, 0xff, 0x00, 0xff, 0xff, 0xff, 0x00,
0xff, 0xff, 0xff, 0x00, 0xff, 0xff, 0xff, 0x00, 0xff, 0xff, 0xff, 0x00, 0xff, 0xff, 0xff,
0x00, 0xff, 0xff, 0xff, 0x00, 0xff, 0xff, 0xff, 0x00, 0xff, 0xff, 0xff, 0x00, 0xff, 0xff,
0xff, 0x00, 0xff, 0xff, 0xff, 0x00, 0xff, 0xff, 0xff, 0x00, 0xff, 0xff, 0xff, 0x00, 0xff,
0xff, 0xff, 0x00, 0xff, 0xff, 0xff, 0x00, 0xff, 0xff, 0xff, 0x00, 0xff, 0xff, 0xff, 0x00,
0xff, 0xff, 0xff, 0x00, 0xff, 0xff, 0xff, 0x00, 0xff, 0xff, 0xff, 0x00, 0xff, 0xff, 0xff,
0x00, 0xff, 0xff, 0xff, 0x00, 0xff, 0xff, 0xff, 0x00, 0xff, 0xff, 0xff, 0x00, 0xff, 0xff,
0xff, 0x00, 0xff, 0xff, 0xff, 0x00, 0xff, 0xff, 0xff, 0x00, 0xff, 0xff, 0xff, 0x00, 0xff,
0xff, 0xff, 0x00, 0xff, 0xff, 0xff, 0x00, 0xff, 0xff, 0xff, 0x00, 0xff, 0xff, 0xff, 0x00,
0xff, 0xff, 0xff, 0x00, 0xff, 0xff, 0xff, 0x00, 0xff, 0xff, 0xff, 0x00, 0xff, 0xff, 0xff,
0x00, 0xff, 0xff, 0xff, 0x00, 0xff, 0xff, 0xff, 0x00, 0xff, 0xff, 0xff, 0x00, 0xff, 0xff,
0xff, 0x00, 0xff, 0xff, 0xff, 0x00, 0xff, 0xff, 0xff, 0x00, 0xff, 0xff, 0xff, 0x00, 0xff,
0xff, 0xff, 0x00, 0xff, 0xff, 0xff, 0x00, 0xff, 0xff, 0xff, 0x00, 0xff, 0xff, 0xff, 0x00,
0xff, 0xff, 0xff, 0x00, 0xff, 0xff, 0xff, 0x00, 0xff, 0xff, 0xff, 0x00, 0xff, 0xff, 0xff,
0x00, 0xff, 0xff, 0xff, 0x00, 0xff, 0xff, 0xff, 0x00, 0xff, 0xff, 0xff, 0x00, 0xff, 0xff,
0xff, 0x00, 0xff, 0xff, 0xff, 0x00, 0xff, 0xff, 0xff, 0x00, 0xff, 0xff, 0xff, 0x00, 0xff,
0xff, 0xff, 0x00, 0xff, 0xff, 0xff, 0x00, 0xff, 0xff, 0xff, 0x00, 0xff, 0xff, 0xff, 0x00,
0xff, 0xff, 0xff, 0x00, 0xff, 0xff, 0xff, 0x00, 0xff, 0xff, 0xff, 0x00, 0xff, 0xff, 0xff,
0x00, 0xff, 0xff, 0xff, 0x00, 0xff, 0xff, 0xff, 0x00, 0xff, 0xff, 0xff, 0x00, 0xff, 0xff,
0xff, 0x00, 0xff, 0xff, 0xff, 0x00, 0xff, 0xff, 0xff, 0x00, 0xff, 0xff, 0xff, 0x00, 0xff,
0xff, 0xff, 0x00, 0xff, 0xff, 0xff, 0x00, 0xff, 0xff, 0xff, 0x00, 0xff, 0xff, 0xff, 0x00,
0xff, 0xff, 0xff, 0x00, 0xff, 0xff, 0xff, 0x00, 0xff, 0xff, 0xff, 0x00, 0xff, 0xff, 0xff,
0x00, 0xff, 0xff, 0xff, 0x00, 0xff, 0xff, 0xff, 0x00, 0xff, 0xff, 0xff, 0x00, 0xff, 0xff,
0xff, 0x00, 0xff, 0xff, 0xff, 0x00, 0xff, 0xff, 0xff, 0x00, 0xff, 0xff, 0xff, 0x00, 0xff,
0xff, 0xff, 0x00, 0xff, 0xff, 0xff, 0x00, 0xff, 0xff, 0xff, 0x00, 0xff, 0xff, 0xff, 0x00,
0xff, 0xff, 0xff, 0x00, 0xff, 0xff, 0xff, 0x00, 0xff, 0xff, 0xff, 0x00, 0xff, 0xff, 0xff,
0x00, 0xff, 0xff, 0xff, 0x00, 0xff, 0xff, 0xff, 0x00, 0xff, 0xff, 0xff, 0x00, 0xff, 0xff,
0xff, 0x00, 0xff, 0xff, 0xff, 0x00, 0xff, 0xff, 0xff, 0x00, 0xff, 0xff, 0xff, 0x00, 0xff,
0xff, 0xff, 0x00, 0xff, 0xff, 0xff, 0x00, 0xff, 0xff, 0xff, 0x00, 0xff, 0xff, 0xff, 0x00,
0xff, 0xff, 0xff, 0x00, 0xff, 0xff, 0xff, 0x00, 0xff, 0xff, 0xff, 0x00, 0xff, 0xff, 0xff,
0x00, 0xff, 0xff, 0xff, 0x00, 0xff, 0xff, 0xff, 0x00, 0xff, 0xff, 0xff, 0x00, 0xff, 0xff,
0xff, 0x00, 0xff, 0xff, 0xff, 0x00, 0xff, 0xff, 0xff, 0x00, 0xff, 0xff, 0xff, 0x00, 0xff,
0xff, 0xff, 0x00, 0xff, 0xff, 0xff, 0x00, 0xff, 0xff, 0xff, 0x00, 0xff, 0xff, 0xff, 0x00,
0xff, 0xff, 0xff, 0x00, 0xff, 0xff, 0xff, 0x00, 0xff, 0xff, 0xff, 0x00, 0xff, 0xff, 0xff,
0x00, 0xff, 0xff, 0xff, 0x00, 0xff, 0xff, 0xff, 0x00, 0xff, 0xff, 0xff, 0x00, 0xff, 0xff,
0xff, 0x00, 0xff, 0xff, 0xff, 0x00, 0xff, 0xff, 0xff, 0x00, 0xff, 0xff, 0xff, 0x00, 0xff,
0xff, 0xff, 0x00, 0xff, 0xff, 0xff, 0x00, 0xff, 0xff, 0xff, 0x00, 0xff, 0xff, 0xff, 0x00,
0xff, 0xff, 0xff, 0x00, 0xff, 0xff, 0xff, 0x00, 0xff, 0xff, 0xff, 0x00, 0xff, 0xff, 0xff,
0x00, 0xff, 0xff, 0xff, 0x00, 0xff, 0xff, 0xff, 0x00, 0xff, 0xff, 0xff, 0x00, 0xff, 0xff,
0xff, 0x00, 0xff, 0xff, 0xff, 0x00, 0xff, 0xff, 0xff, 0x00, 0xff, 0xff, 0xff, 0x00, 0xff,
0xff, 0xff, 0x00, 0xff, 0xff, 0xff, 0x00, 0xff, 0xff, 0xff, 0x00, 0xff, 0xff, 0xff, 0x00,
0xff, 0xff, 0xff, 0x00, 0xff, 0xff, 0xff, 0x00, 0xff, 0xff, 0xff, 0x00, 0xff, 0xff, 0xff,
0x00, 0xff, 0xff, 0xff, 0x00, 0xff, 0xff, 0xff, 0x00, 0xff, 0xff, 0xff, 0x00, 0xff, 0xff,
0xff, 0x00, 0xff, 0xff, 0xff, 0x00, 0xff, 0xff, 0xff, 0x00, 0xff, 0xff, 0xff, 0x00, 0xff,
0xff, 0xff, 0x00, 0xff, 0xff, 0xff, 0x00, 0xff, 0xff, 0xff, 0x00, 0xff, 0xff, 0xff, 0x00,
0xff, 0xff, 0xff, 0x00, 0xff, 0xff, 0xff, 0x00, 0xff, 0xff, 0xff, 0x00, 0xff, 0xff, 0xff,
0x00, 0xff, 0xff, 0xff, 0x00, 0xff, 0xff, 0xff, 0x00, 0xff, 0xff, 0xff, 0x00, 0xff, 0xff,
0xff, 0x00, 0xff, 0xff, 0xff, 0x00, 0xff, 0xff, 0xff, 0x00, 0xff, 0xff, 0xff, 0x00, 0xff,
0xff, 0xff, 0x00, 0xff, 0xff, 0xff, 0x00, 0xff, 0xff, 0xff, 0x00, 0xff, 0xff, 0xff, 0x00,
0xff, 0xff, 0xff, 0x00, 0xff, 0xff, 0xff, 0x00, 0xff, 0xff, 0xff, 0x00, 0xff, 0xff, 0xff,
0x00, 0xff, 0xff, 0xff, 0x00, 0xff, 0xff, 0xff, 0x00, 0xff, 0xff, 0xff, 0x00, 0xff, 0xff,
0xff, 0x00, 0xff, 0xff, 0xff, 0x00, 0xff, 0xff, 0xff, 0x00, 0xff, 0xff, 0xff, 0x00, 0xff,
0xff, 0xff, 0x00, 0xff, 0xff, 0xff, 0x00, 0xff, 0xff, 0xff, 0x00, 0xff, 0xff, 0xff, 0x00,
0xff, 0xff, 0xff, 0x00, 0xff, 0xff, 0xff, 0x00, 0xff, 0xff, 0xff, 0x00, 0xff, 0xff, 0xff,
0x00, 0xff, 0xff, 0xff, 0x00, 0xff, 0xff, 0xff, 0x00, 0xff, 0xff, 0xff, 0x00, 0xff, 0xff,
0xff, 0x00, 0xff, 0xff, 0xff, 0x00, 0xff, 0xff, 0xff, 0x00, 0xff, 0xff, 0xff, 0x00, 0xff,
0xff, 0xff, 0x00, 0xff, 0xff, 0xff, 0x00, 0xff, 0xff, 0xff, 0x00, 0xff, 0xff, 0xff, 0x00,
0xff, 0xff, 0xff, 0x00, 0xff, 0xff, 0xff, 0x00, 0xff, 0xff, 0xff, 0x00, 0xff, 0xff, 0xff,
0x00, 0xff, 0xff, 0xff, 0x00, 0xff, 0xff, 0xff, 0x00, 0xff, 0xff, 0xff, 0x00, 0xff, 0xff,
0xff, 0x00, 0xff, 0xff, 0xff, 0x00, 0xff, 0xff, 0xff, 0x00, 0xff, 0xff, 0xff, 0x00, 0xff,
0xff, 0xff, 0x00, 0xff, 0xff, 0xff, 0x00, 0xff, 0xff, 0xff, 0x00, 0xff, 0xff, 0xff, 0x00,
0xff, 0xff, 0xff, 0x00, 0xff, 0xff, 0xff, 0x00, 0xff, 0xff, 0xff, 0x00, 0xff, 0xff, 0xff,
0x00, 0xff, 0xff, 0xff, 0x00, 0xff, 0xff, 0xff, 0x00, 0xff, 0xff, 0xff, 0x00, 0xff, 0xff,
0xff, 0x00, 0xff, 0xff, 0xff, 0x00, 0xff, 0xff, 0xff, 0x00, 0xff, 0xff, 0xff, 0x00, 0xff,
0xff, 0xff, 0x00, 0xff, 0xff, 0xff, 0x00, 0xff, 0xff, 0xff, 0x00, 0xff, 0xff, 0xff, 0x00,
0xff, 0xff, 0xff, 0x00, 0xff, 0xff, 0xff, 0x00, 0xff, 0xff, 0xff, 0x00, 0xff, 0xff, 0xff,
0x00, 0xff, 0xff, 0xff, 0x00, 0xff, 0xff, 0xff, 0x00, 0xff, 0xff, 0xff, 0x00, 0xff, 0xff,
0xff, 0x00, 0xff, 0xff, 0xff, 0x00, 0xff, 0xff, 0xff, 0x00, 0xff, 0xff, 0xff, 0x00, 0xff,
0xff, 0xff, 0x00, 0xff, 0xff, 0xff, 0x00, 0xff, 0xff, 0xff, 0x00, 0xff, 0xff, 0xff, 0x00,
0xff, 0xff, 0xff, 0x00, 0xff, 0xff, 0xff, 0x00, 0xff, 0xff, 0xff, 0x00, 0xff, 0xff, 0xff,
0x00, 0xff, 0xff, 0xff, 0x00, 0xff, 0xff, 0xff, 0x00, 0xff, 0xff, 0xff, 0x00, 0xff, 0xff,
0xff, 0x00, 0xff, 0xff, 0xff, 0x00, 0xff, 0xff, 0xff, 0x00, 0xff, 0xff, 0xff, 0x00, 0xff,
0xff, 0xff, 0x00, 0xff, 0xff, 0xff, 0x00, 0xff, 0xff, 0xff, 0x00, 0xff, 0xff, 0xff, 0x00,
0xff, 0xff, 0xff, 0x00, 0xff, 0xff, 0xff, 0x00, 0xff, 0xff, 0xff, 0x00, 0xff, 0xff, 0xff,
0x00, 0xff, 0xff, 0xff, 0x00, 0xff, 0xff, 0xff, 0x00, 0xff, 0xff, 0xff, 0x00, 0xff, 0xff,
0xff, 0x00, 0xff, 0xff, 0xff, 0x00, 0xff, 0xff, 0xff, 0x00, 0xff, 0xff, 0xff, 0x00, 0xff,
0xff, 0xff, 0x00, 0xff, 0xff, 0xff, 0x00, 0xff, 0xff, 0xff, 0x00, 0xff, 0xff, 0xff, 0x00,
0xff, 0xff, 0xff, 0x00, 0xff, 0xff, 0xff, 0x00, 0xff, 0xff, 0xff, 0x00, 0xff, 0xff, 0xff,
0x00, 0xff, 0xff, 0xff, 0x00, 0xff, 0xff, 0xff, 0x00, 0xff, 0xff, 0xff, 0x00, 0xff, 0xff,
0xff, 0x00, 0xff, 0xff, 0xff, 0x00, 0xff, 0xff, 0xff, 0x00, 0xff, 0xff, 0xff, 0x00, 0xff,
0xff, 0xff, 0x00, 0xff, 0xff, 0xff, 0x00, 0xff, 0xff, 0xff, 0x00, 0xff, 0xff, 0xff, 0x00,
0xff, 0xff, 0xff, 0x00, 0xff, 0xff, 0xff, 0x00, 0xff, 0xff, 0xff, 0x00, 0xff, 0xff, 0xff,
0x00, 0xff, 0xff, 0xff, 0x00, 0xff, 0xff, 0xff, 0x00, 0xff, 0xff, 0xff, 0x00, 0xff, 0xff,
0xff, 0x00, 0xff, 0xff, 0xff, 0x00, 0xff, 0xff, 0xff, 0x00, 0xff, 0xff, 0xff, 0x00, 0xff,
0xff, 0xff, 0x00, 0xff, 0xff, 0xff, 0x00, 0xff, 0xff, 0xff, 0x00, 0xff, 0xff, 0xff, 0x00,
0xff, 0xff, 0xff, 0x00, 0xff, 0xff, 0xff, 0x00, 0xff, 0xff, 0xff, 0x00, 0xff, 0xff, 0xff,
0x00, 0xff, 0xff, 0xff, 0x00, 0xff, 0xff, 0xff, 0x00, 0xff, 0xff, 0xff, 0x00, 0xff, 0xff,
0xff, 0x00, 0xff, 0xff, 0xff, 0x00, 0xff, 0xff, 0xff, 0x00, 0xff, 0xff, 0xff, 0x00, 0xff,
0xff, 0xff, 0x00, 0xff, 0xff, 0xff, 0x00, 0xff, 0xff, 0xff, 0x00, 0xff, 0xff, 0xff, 0x00,
0xff, 0xff, 0xff, 0x00, 0xff, 0xff, 0xff, 0x00, 0xff, 0xff, 0xff, 0x00, 0xff, 0xff, 0xff,
0x00, 0xff, 0xff, 0xff, 0x00, 0xff, 0xff, 0xff, 0x00, 0xff, 0xff, 0xff, 0x00, 0xff, 0xff,
0xff, 0x00, 0xff, 0xff, 0xff, 0x00, 0xff, 0xff, 0xff, 0x00, 0xff, 0xff, 0xff, 0x00, 0xff,
0xff, 0xff, 0x00, 0xff, 0xff, 0xff, 0x00, 0xff, 0xff, 0xff, 0x00, 0xff, 0xff, 0xff, 0x00,
0xff, 0xff, 0xff, 0x00, 0xff, 0xff, 0xff, 0x00, 0xff, 0xff, 0xff, 0x00, 0xff, 0xff, 0xff,
0x00, 0xff, 0xff, 0xff, 0x00, 0xff, 0xff, 0xff, 0x00, 0xff, 0xff, 0xff, 0x00, 0xff, 0xff,
0xff, 0x00, 0xff, 0xff, 0xff, 0x00, 0xff, 0xff, 0xff, 0x00, 0xff, 0xff, 0xff, 0x00, 0xff,
0xff, 0xff, 0x00, 0xff, 0xff, 0xff, 0x00, 0xff, 0xff, 0xff, 0x00, 0xff, 0xff, 0xff, 0x00,
0xff, 0xff, 0xff, 0x00, 0xff, 0xff, 0xff, 0x00, 0xff, 0xff, 0xff, 0x00, 0xff, 0xff, 0xff,
0x00, 0xff, 0xff, 0xff, 0x00, 0xff, 0xff, 0xff, 0x00, 0xff, 0xff, 0xff, 0x00, 0xff, 0xff,
0xff, 0x00, 0xff, 0xff, 0xff, 0x00, 0xff, 0xff, 0xff, 0x00, 0xff, 0xff, 0xff, 0x00, 0xff,
0xff, 0xff, 0x00, 0xff, 0xff, 0xff, 0x00, 0xff, 0xff, 0xff, 0x00, 0xff, 0xff, 0xff, 0x00,
0xff, 0xff, 0xff, 0x00, 0xff, 0xff, 0xff, 0x00, 0xff, 0xff, 0xff, 0x00, 0xff, 0xff, 0xff,
0x00, 0xff, 0xff, 0xff, 0x00, 0xff, 0xff, 0xff, 0x00, 0xff, 0xff, 0xff, 0x00, 0xff, 0xff,
0xff, 0x00, 0xff, 0xff, 0xff, 0x00, 0xff, 0xff, 0xff, 0x00, 0xff, 0xff, 0xff, 0x00, 0xff,
0xff, 0xff, 0x00, 0xff, 0xff, 0xff, 0x00, 0xff, 0xff, 0xff, 0x00, 0xff, 0xff, 0xff, 0x00,
0xff, 0xff, 0xff, 0x00, 0xff, 0xff, 0xff, 0x00, 0xff, 0xff, 0xff, 0x00, 0xff, 0xff, 0xff,
0x00, 0xff, 0xff, 0xff, 0x00, 0xff, 0xff, 0xff, 0x00, 0xff, 0xff, 0xff, 0x00, 0xff, 0xff,
0xff, 0x00, 0xff, 0xff, 0xff, 0x00, 0xff, 0xff, 0xff, 0x00, 0xff, 0xff, 0xff, 0x00, 0xff,
0xff, 0xff, 0x00, 0xff, 0xff, 0xff, 0x00, 0xff, 0xff, 0xff, 0x00, 0xff, 0xff, 0xff, 0x00,
0xff, 0xff, 0xff, 0x00, 0xff, 0xff, 0xff, 0x00, 0xff, 0xff, 0xff, 0x00, 0xff, 0xff, 0xff,
0x00, 0xff, 0xff, 0xff, 0x00, 0xff, 0xff, 0xff, 0x00, 0xff, 0xff, 0xff, 0x00, 0xff, 0xff,
0xff, 0x00, 0xff, 0xff, 0xff, 0x00, 0xff, 0xff, 0xff, 0x00, 0xff, 0xff, 0xff, 0x00, 0xff,
0xff, 0xff, 0x00, 0xff, 0xff, 0xff, 0x00, 0xff, 0xff, 0xff, 0x00, 0xff, 0xff, 0xff, 0x00,
0xff, 0xff, 0xff, 0x00, 0xff, 0xff, 0xff, 0x00, 0xff, 0xff, 0xff, 0x00, 0xff, 0xff, 0xff,
0x00, 0xff, 0xff, 0xff, 0x00, 0xff, 0xff, 0xff, 0x00, 0xff, 0xff, 0xff, 0x00, 0xff, 0xff,
0xff, 0x00, 0xff, 0xff, 0xff, 0x00, 0xff, 0xff, 0xff, 0x00, 0xff, 0xff, 0xff, 0x00, 0xff,
0xff, 0xff, 0x00, 0xff, 0xff, 0xff, 0x00, 0xff, 0xff, 0xff, 0x00, 0xff, 0xff, 0xff, 0x00,
0xff, 0xff, 0xff, 0x00, 0xff, 0xff, 0xff, 0x00, 0xff, 0xff, 0xff, 0x00, 0xff, 0xff, 0xff,
0x00, 0xff, 0xff, 0xff, 0x00, 0xff, 0xff, 0xff, 0x00, 0xff, 0xff, 0xff, 0x00, 0xff, 0xff,
0xff, 0x00, 0xff, 0xff, 0xff, 0x00, 0xff, 0xff, 0xff, 0x00, 0xff, 0xff, 0xff, 0x00, 0xff,
0xff, 0xff, 0x00, 0xff, 0xff, 0xff, 0x00, 0xff, 0xff, 0xff, 0x00, 0xff, 0xff, 0xff, 0x00,
0xff, 0xff, 0xff, 0x00, 0xff, 0xff, 0xff, 0x00, 0xff, 0xff, 0xff, 0x00, 0xff, 0xff, 0xff,
0x00, 0xff, 0xff, 0xff, 0x00, 0xff, 0xff, 0xff, 0x00, 0xff, 0xff, 0xff, 0x00, 0xff, 0xff,
0xff, 0x00, 0xff, 0xff, 0xff, 0x00, 0xff, 0xff, 0xff, 0x00, 0xff, 0xff, 0xff, 0x00, 0xff,
0xff, 0xff, 0x00, 0xff, 0xff, 0xff, 0x00, 0xff, 0xff, 0xff, 0x00, 0xff, 0xff, 0xff, 0x00,
0xff, 0xff, 0xff, 0x00, 0xff, 0xff, 0xff, 0x00, 0xff, 0xff, 0xff, 0x00, 0xff, 0xff, 0xff,
0x00, 0xff, 0xff, 0xff, 0x00, 0xff, 0xff, 0xff, 0x00, 0xff, 0xff, 0xff, 0x00, 0xff, 0xff,
0xff, 0x00, 0xff, 0xff, 0xff, 0x00, 0xff, 0xff, 0xff, 0x00, 0xff, 0xff, 0xff, 0x00, 0xff,
0xff, 0xff, 0x00, 0xff, 0xff, 0xff, 0x00, 0xff, 0xff, 0xff, 0x00, 0xff, 0xff, 0xff, 0x00,
0xff, 0xff, 0xff, 0x00, 0xff, 0xff, 0xff, 0x00, 0xff, 0xff, 0xff, 0x00, 0xff, 0xff, 0xff,
0x00, 0xff, 0xff, 0xff, 0x00, 0xff, 0xff, 0xff, 0x00, 0xff, 0xff, 0xff, 0x00, 0xff, 0xff,
0xff, 0x00, 0xff, 0xff, 0xff, 0x00, 0xff, 0xff, 0xff, 0x00, 0xff, 0xff, 0xff, 0x00, 0xff,
0xff, 0xff, 0x00, 0xff, 0xff, 0xff, 0x00, 0xff, 0xff, 0xff, 0x00, 0xff, 0xff, 0xff, 0x00,
0xff, 0xff, 0xff, 0x00, 0xff, 0xff, 0xff, 0x00, 0xff, 0xff, 0xff, 0x00, 0xff, 0xff, 0xff,
0x00, 0xff, 0xff, 0xff, 0x00, 0xff, 0xff, 0xff, 0x00, 0xff, 0xff, 0xff, 0x00, 0xff, 0xff,
0xff, 0x00, 0xff, 0xff, 0xff, 0x00, 0xff, 0xff, 0xff, 0x00, 0xff, 0xff, 0xff, 0x00, 0xff,
0xff, 0xff, 0x00, 0xff, 0xff, 0xff, 0x00, 0xff, 0xff, 0xff, 0x00, 0xff, 0xff, 0xff, 0x00,
0xff, 0xff, 0xff, 0x00, 0xff, 0xff, 0xff, 0x00, 0xff, 0xff, 0xff, 0x00, 0xff, 0xff, 0xff,
0x00, 0xff, 0xff, 0xff, 0x00, 0xff, 0xff, 0xff, 0x00, 0xff, 0xff, 0xff, 0x00, 0xff, 0xff,
0xff, 0x00, 0xff, 0xff, 0xff, 0x00, 0xff, 0xff, 0xff, 0x00, 0xff, 0xff, 0xff, 0x00, 0xff,
0xff, 0xff, 0x00, 0xff, 0xff, 0xff, 0x00, 0xff, 0xff, 0xff, 0x00, 0xff, 0xff, 0xff, 0x00,
0xff, 0xff, 0xff, 0x00, 0xff, 0xff, 0xff, 0x00, 0xff, 0xff, 0xff, 0x00, 0xff, 0xff, 0xff,
0x00, 0xff, 0xff, 0xff, 0x00, 0xff, 0xff, 0xff, 0x00, 0xff, 0xff, 0xff, 0x00, 0xff, 0xff,
0xff, 0x00, 0xff, 0xff, 0xff, 0x00, 0xff, 0xff, 0xff, 0x00, 0xff, 0xff, 0xff, 0x00, 0xff,
0xff, 0xff, 0x00, 0xff, 0xff, 0xff, 0x00, 0xff, 0xff, 0xff, 0x00, 0xff, 0xff, 0xff, 0x00,
0xff, 0xff, 0xff, 0x00, 0xff, 0xff, 0xff, 0x00, 0xff, 0xff, 0xff, 0x00, 0xff, 0xff, 0xff,
0x00, 0xff, 0xff, 0xff, 0x00, 0xff, 0xff, 0xff, 0x00, 0xff, 0xff, 0xff, 0x00, 0xff, 0xff,
0xff, 0x00, 0xff, 0xff, 0xff, 0x00, 0xff, 0xff, 0xff, 0x00, 0xff, 0xff, 0xff, 0x00, 0xff,
0xff, 0xff, 0x00, 0xff, 0xff, 0xff, 0x00, 0xff, 0xff, 0xff, 0x00, 0xff, 0xff, 0xff, 0x00,
0xff, 0xff, 0xff, 0x00, 0xff, 0xff, 0xff, 0x00, 0xff, 0xff, 0xff, 0x00, 0xff, 0xff, 0xff,
0x00, 0xff, 0xff, 0xff, 0x00, 0xff, 0xff, 0xff, 0x00, 0xff, 0xff, 0xff, 0x00, 0xff, 0xff,
0xff, 0x00, 0xff, 0xff, 0xff, 0x00, 0xff, 0xff, 0xff, 0x00, 0xff, 0xff, 0xff, 0x00, 0xff,
0xff, 0xff, 0x00, 0xff, 0xff, 0xff, 0x00, 0xff, 0xff, 0xff, 0x00, 0xff, 0xff, 0xff, 0x00,
0xff, 0xff, 0xff, 0x00, 0xff, 0xff, 0xff, 0x00, 0xff, 0xff, 0xff, 0x00, 0xff, 0xff, 0xff,
0x00, 0xff, 0xff, 0xff, 0x00, 0xff, 0xff, 0xff, 0x00, 0xff, 0xff, 0xff, 0x00, 0xff, 0xff,
0xff, 0x00, 0xff, 0xff, 0xff, 0x00, 0xff, 0xff, 0xff, 0x00, 0xff, 0xff, 0xff, 0x00, 0xff,
0xff, 0xff, 0x00, 0xff, 0xff, 0xff, 0x00, 0xff, 0xff, 0xff, 0x00, 0xff, 0xff, 0xff, 0x00,
0xff, 0xff, 0xff, 0x00, 0xff, 0xff, 0xff, 0x00, 0xff, 0xff, 0xff, 0x00, 0xff, 0xff, 0xff,
0x00, 0xff, 0xff, 0xff, 0x00, 0xff, 0xff, 0xff, 0x00, 0xff, 0xff, 0xff, 0x00, 0xff, 0xff,
0xff, 0x00, 0xff, 0xff, 0xff, 0x00, 0xff, 0xff, 0xff, 0x00, 0xff, 0xff, 0xff, 0x00, 0xff,
0xff, 0xff, 0x00, 0xff, 0xff, 0xff, 0x00, 0xff, 0xff, 0xff, 0x00, 0xff, 0xff, 0xff, 0x00,
0xff, 0xff, 0xff, 0x00, 0xff, 0xff, 0xff, 0x00, 0xff, 0xff, 0xff, 0x00, 0xff, 0xff, 0xff,
0x00, 0xff, 0xff, 0xff, 0x00, 0xff, 0xff, 0xff, 0x00, 0xff, 0xff, 0xff, 0x00, 0xff, 0xff,
0xff, 0x00, 0xff, 0xff, 0xff, 0x00, 0xff, 0xff, 0xff, 0x00, 0xff, 0xff, 0xff, 0x00, 0xff,
0xff, 0xff, 0x00, 0xff, 0xff, 0xff, 0x00, 0xff, 0xff, 0xff, 0x00, 0xff, 0xff, 0xff, 0x00,
0xff, 0xff, 0xff, 0x00, 0xff, 0xff, 0xff, 0x00, 0xff, 0xff, 0xff, 0x00, 0xff, 0xff, 0xff,
0x00, 0xff, 0xff, 0xff, 0x00, 0xff, 0xff, 0xff, 0x00, 0xff, 0xff, 0xff, 0x00, 0xff, 0xff,
0xff, 0x00, 0xff, 0xff, 0xff, 0x00, 0xff, 0xff, 0xff, 0x00, 0xff, 0xff, 0xff, 0x00, 0xff,
0xff, 0xff, 0x00, 0xff, 0xff, 0xff, 0x00, 0xff, 0xff, 0xff, 0x00, 0xff, 0xff, 0xff, 0x00,
0xff, 0xff, 0xff, 0x00, 0xff, 0xff, 0xff, 0x00, 0xff, 0xff, 0xff, 0x00, 0xff, 0xff, 0xff,
0x00, 0xff, 0xff, 0xff, 0x00, 0xff, 0xff, 0xff, 0x00, 0xff, 0xff, 0xff, 0x00, 0xff, 0xff,
0xff, 0x00, 0xff, 0xff, 0xff, 0x00, 0xff, 0xff, 0xff, 0x00, 0xff, 0xff, 0xff, 0x00, 0xff,
0xff, 0xff, 0x00, 0xff, 0xff, 0xff, 0x00, 0xff, 0xff, 0xff, 0x00, 0xff, 0xff, 0xff, 0x00,
0xff, 0xff, 0xff, 0x00, 0xff, 0xff, 0xff, 0x00, 0xff, 0xff, 0xff, 0x00, 0xff, 0xff, 0xff,
0x00, 0xff, 0xff, 0xff, 0x00, 0xff, 0xff, 0xff, 0x00, 0xff, 0xff, 0xff, 0x00, 0xff, 0xff,
0xff, 0x00, 0xff, 0xff, 0xff, 0x00, 0xff, 0xff, 0xff, 0x00, 0xff, 0xff, 0xff, 0x00, 0xff,
0xff, 0xff, 0x00, 0xff, 0xff, 0xff, 0x00, 0xff, 0xff, 0xff, 0x00, 0xff, 0xff, 0xff, 0x00,
0xff, 0xff, 0xff, 0x00, 0xff, 0xff, 0xff, 0x00, 0xff, 0xff, 0xff, 0x00, 0xff, 0xff, 0xff,
0x00, 0xff, 0xff, 0xff, 0x00, 0xff, 0xff, 0xff, 0x00, 0xff, 0xff, 0xff, 0x00, 0xff, 0xff,
0xff, 0x00, 0xff, 0xff, 0xff, 0x00, 0xff, 0xff, 0xff, 0x00, 0xff, 0xff, 0xff, 0x00, 0xff,
0xff, 0xff, 0x00, 0xff, 0xff, 0xff, 0x00, 0xff, 0xff, 0xff, 0x00, 0xff, 0xff, 0xff, 0x00,
0xff, 0xff, 0xff, 0x00, 0xff, 0xff, 0xff, 0x00, 0xff, 0xff, 0xff, 0x00, 0xff, 0xff, 0xff,
0x00, 0xff, 0xff, 0xff, 0x00, 0xff, 0xff, 0xff, 0x00, 0xff, 0xff, 0xff, 0x00, 0xff, 0xff,
0xff, 0x00, 0xff, 0xff, 0xff, 0x00, 0xff, 0xff, 0xff, 0x00, 0xff, 0xff, 0xff, 0x00, 0xff,
0xff, 0xff, 0x00, 0xff, 0xff, 0xff, 0x00, 0xff, 0xff, 0xff, 0x00, 0xff, 0xff, 0xff, 0x00,
0xff, 0xff, 0xff, 0x00, 0xff, 0xff, 0xff, 0x00, 0xff, 0xff, 0xff, 0x00, 0xff, 0xff, 0xff,
0x00, 0xff, 0xff, 0xff, 0x00, 0xff, 0xff, 0xff, 0x00, 0xff, 0xff, 0xff, 0x00, 0xff, 0xff,
0xff, 0x00, 0xff, 0xff, 0xff, 0x00, 0xff, 0xff, 0xff, 0x00, 0xff, 0xff, 0xff, 0x00, 0xff,
0xff, 0xff, 0x00, 0xff, 0xff, 0xff, 0x00, 0xff, 0xff, 0xff, 0x00, 0xff, 0xff, 0xff, 0x00,
0xff, 0xff, 0xff, 0x00, 0xff, 0xff, 0xff, 0x00, 0xff, 0xff, 0xff, 0x00, 0xff, 0xff, 0xff,
0x00, 0xff, 0xff, 0xff, 0x00, 0xff, 0xff, 0xff, 0x00, 0xff, 0xff, 0xff, 0x00, 0xff, 0xff,
0xff, 0x00, 0xff, 0xff, 0xff, 0x00, 0xff, 0xff, 0xff, 0x00, 0xff, 0xff, 0xff, 0x00, 0xff,
0xff, 0xff, 0x00, 0xff, 0xff, 0xff, 0x00, 0xff, 0xff, 0xff, 0x00, 0xff, 0xff, 0xff, 0x00,
0xff, 0xff, 0xff, 0x00, 0xff, 0xff, 0xff, 0x00, 0xff, 0xff, 0xff, 0x00, 0xff, 0xff, 0xff,
0x00, 0xff, 0xff, 0xff, 0x00, 0xff, 0xff, 0xff, 0x00, 0xff, 0xff, 0xff, 0x00, 0xff, 0xff,
0xff, 0x00, 0xff, 0xff, 0xff, 0x00, 0xff, 0xff, 0xff, 0x00, 0xff, 0xff, 0xff, 0x00, 0xff,
0xff, 0xff, 0x00, 0xff, 0xff, 0xff, 0x00, 0xff, 0xff, 0xff, 0x00, 0xff, 0xff, 0xff, 0x00,
0xff, 0xff, 0xff, 0x00, 0xff, 0xff, 0xff, 0x00, 0xff, 0xff, 0xff, 0x00, 0xff, 0xff, 0xff,
0x00, 0xff, 0xff, 0xff, 0x00, 0xff, 0xff, 0xff, 0x00, 0xff, 0xff, 0xff, 0x00, 0xff, 0xff,
0xff, 0x00, 0xff, 0xff, 0xff, 0x00, 0xff, 0xff, 0xff, 0x00, 0xff, 0xff, 0xff, 0x00, 0xff,
0xff, 0xff, 0x00, 0xff, 0xff, 0xff, 0x00, 0xff, 0xff, 0xff, 0x00, 0xff, 0xff, 0xff, 0x00,
0xff, 0xff, 0xff, 0x00, 0xff, 0xff, 0xff, 0x00, 0xff, 0xff, 0xff, 0x00, 0xff, 0xff, 0xff,
0x00, 0xff, 0xff, 0xff, 0x00, 0xff, 0xff, 0xff, 0x00, 0xff, 0xff, 0xff, 0x00, 0xff, 0xff,
0xff, 0x00, 0xff, 0xff, 0xff, 0x00, 0xff, 0xff, 0xff, 0x00, 0xff, 0xff, 0xff, 0x00, 0xff,
0xff, 0xff, 0x00, 0xff, 0xff, 0xff, 0x00, 0xff, 0xff, 0xff, 0x00, 0xff, 0xff, 0xff, 0x00,
0xff, 0xff, 0xff, 0x00, 0xff, 0xff, 0xff, 0x00, 0xff, 0xff, 0xff, 0x00, 0xff, 0xff, 0xff,
0x00, 0xff, 0xff, 0xff, 0x00, 0xff, 0xff, 0xff, 0x00, 0xff, 0xff, 0xff, 0x00, 0xff, 0xff,
0xff, 0x00, 0xff, 0xff, 0xff, 0x00, 0xff, 0xff, 0xff, 0x00, 0xff, 0xff, 0xff, 0x00, 0xff,
0xff, 0xff, 0x00, 0xff, 0xff, 0xff, 0x00, 0xff, 0xff, 0xff, 0x00, 0xff, 0xff, 0xff, 0x00,
0xff, 0xff, 0xff, 0x00, 0xff, 0xff, 0xff, 0x00, 0xff, 0xff, 0xff, 0x00, 0xff, 0xff, 0xff,
0x00, 0xff, 0xff, 0xff, 0x00, 0xff, 0xff, 0xff, 0x00, 0xff, 0xff, 0xff, 0x00, 0xff, 0xff,
0xff, 0x00, 0xff, 0xff, 0xff, 0x00, 0xff, 0xff, 0xff, 0x00, 0xff, 0xff, 0xff, 0x00, 0xff,
0xff, 0xff, 0x00, 0xff, 0xff, 0xff, 0x00, 0xff, 0xff, 0xff, 0x00, 0xff, 0xff, 0xff, 0x00,
0xff, 0xff, 0xff, 0x00, 0xff, 0xff, 0xff, 0x00, 0xff, 0xff, 0xff, 0x00, 0xff, 0xff, 0xff,
0x00, 0xff, 0xff, 0xff, 0x00, 0xff, 0xff, 0xff, 0x00, 0xff, 0xff, 0xff, 0x00, 0xff, 0xff,
0xff, 0x00, 0xff, 0xff, 0xff, 0x00, 0xff, 0xff, 0xff, 0x00, 0xff, 0xff, 0xff, 0x00, 0xff,
0xff, 0xff, 0x00, 0xff, 0xff, 0xff, 0x00, 0xff, 0xff, 0xff, 0x00, 0xff, 0xff, 0xff, 0x00,
0xff, 0xff, 0xff, 0x00, 0xff, 0xff, 0xff, 0x00, 0xff, 0xff, 0xff, 0x00, 0xff, 0xff, 0xff,
0x00, 0xff, 0xff, 0xff, 0x00, 0xff, 0xff, 0xff, 0x00, 0xff, 0xff, 0xff, 0x00, 0xff, 0xff,
0xff, 0x00, 0xff, 0xff, 0xff, 0x00, 0xff, 0xff, 0xff, 0x00, 0xff, 0xff, 0xff, 0x00, 0xff,
0xff, 0xff, 0x00, 0xff, 0xff, 0xff, 0x00, 0xff, 0xff, 0xff, 0x00, 0xff, 0xff, 0xff, 0x00,
0xff, 0xff, 0xff, 0x00, 0xff, 0xff, 0xff, 0x00, 0xff, 0xff, 0xff, 0x00, 0xff, 0xff, 0xff,
0x00, 0xff, 0xff, 0xff, 0x00, 0xff, 0xff, 0xff, 0x00, 0xff, 0xff, 0xff, 0x00, 0xff, 0xff,
0xff, 0x00, 0xff, 0xff, 0xff, 0x00, 0xff, 0xff, 0xff, 0x00, 0xff, 0xff, 0xff, 0x00, 0xff,
0xff, 0xff, 0x00, 0xff, 0xff, 0xff, 0x00, 0xff, 0xff, 0xff, 0x00, 0xff, 0xff, 0xff, 0x00,
0xff, 0xff, 0xff, 0x00, 0xff, 0xff, 0xff, 0x00, 0xff, 0xff, 0xff, 0x00, 0xff, 0xff, 0xff,
0x00, 0xff, 0xff, 0xff, 0x00, 0xff, 0xff, 0xff, 0x00, 0xff, 0xff, 0xff, 0x00, 0xff, 0xff,
0xff, 0x00, 0xff, 0xff, 0xff, 0x00, 0xff, 0xff, 0xff, 0x00, 0xff, 0xff, 0xff, 0x00, 0xff,
0xff, 0xff, 0x00, 0xff, 0xff, 0xff, 0x00, 0xff, 0xff, 0xff, 0x00, 0xff, 0xff, 0xff, 0x00,
0xff, 0xff, 0xff, 0x00, 0xff, 0xff, 0xff, 0x00, 0xff, 0xff, 0xff, 0x00, 0xff, 0xff, 0xff,
0x00, 0xff, 0xff, 0xff, 0x00, 0xff, 0xff, 0xff, 0x00, 0xff, 0xff, 0xff, 0x00, 0xff, 0xff,
0xff, 0x00, 0xff, 0xff, 0xff, 0x00, 0xff, 0xff, 0xff, 0x00, 0xff, 0xff, 0xff, 0x00, 0xff,
0xff, 0xff, 0x00, 0xff, 0xff, 0xff, 0x00, 0xff, 0xff, 0xff, 0x00, 0xff, 0xff, 0xff, 0x00,
0xff, 0xff, 0xff, 0x00, 0xff, 0xff, 0xff, 0x00, 0xff, 0xff, 0xff, 0x00, 0xff, 0xff, 0xff,
0x00, 0xff, 0xff, 0xff, 0x00, 0xff, 0xff, 0xff, 0x00, 0xff, 0xff, 0xff, 0x00, 0xff, 0xff,
0xff, 0x00, 0xff, 0xff, 0xff, 0x00, 0xff, 0xff, 0xff, 0x00, 0xff, 0xff, 0xff, 0x00, 0xff,
0xff, 0xff, 0x00, 0xff, 0xff, 0xff, 0x00, 0xff, 0xff, 0xff, 0x00, 0xff, 0xff, 0xff, 0x00,
0xff, 0xff, 0xff, 0x00, 0xff, 0xff, 0xff, 0x00, 0xff, 0xff, 0xff, 0x00, 0xff, 0xff, 0xff,
0x00, 0xff, 0xff, 0xff, 0x00, 0xff, 0xff, 0xff, 0x00, 0xff, 0xff, 0xff, 0x00, 0xff, 0xff,
0xff, 0x00, 0xff, 0xff, 0xff, 0x00, 0xff, 0xff, 0xff, 0x00, 0xff, 0xff, 0xff, 0x00, 0xff,
0xff, 0xff, 0x00, 0xff, 0xff, 0xff, 0x00, 0xff, 0xff, 0xff, 0x00, 0xff, 0xff, 0xff, 0x00,
0xff, 0xff, 0xff, 0x00, 0xff, 0xff, 0xff, 0x00, 0xff, 0xff, 0xff, 0x00, 0xff, 0xff, 0xff,
0x00, 0xff, 0xff, 0xff, 0x00, 0xff, 0xff, 0xff, 0x00, 0xff, 0xff, 0xff, 0x00, 0xff, 0xff,
0xff, 0x00, 0xff, 0xff, 0xff, 0x00, 0xff, 0xff, 0xff, 0x00, 0xff, 0xff, 0xff, 0x00, 0xff,
0xff, 0xff, 0x00, 0xff, 0xff, 0xff, 0x00, 0xff, 0xff, 0xff, 0x00, 0xff, 0xff, 0xff, 0x00,
0xff, 0xff, 0xff, 0x00, 0xff, 0xff, 0xff, 0x00, 0xff, 0xff, 0xff, 0x00, 0xff, 0xff, 0xff,
0x00, 0xff, 0xff, 0xff, 0x00, 0xff, 0xff, 0xff, 0x00, 0xff, 0xff, 0xff, 0x00, 0xff, 0xff,
0xff, 0x00, 0xff, 0xff, 0xff, 0x00, 0xff, 0xff, 0xff, 0x00, 0xff, 0xff, 0xff, 0x00, 0xff,
0xff, 0xff, 0x00, 0xff, 0xff, 0xff, 0x00, 0xff, 0xff, 0xff, 0x00, 0xff, 0xff, 0xff, 0x00,
0xff, 0xff, 0xff, 0x00, 0xff, 0xff, 0xff, 0x00, 0xff, 0xff, 0xff, 0x00, 0xff, 0xff, 0xff,
0x00, 0xff, 0xff, 0xff, 0x00, 0xff, 0xff, 0xff, 0x00, 0xff, 0xff, 0xff, 0x00, 0xff, 0xff,
0xff, 0x00, 0xff, 0xff, 0xff, 0x00, 0xff, 0xff, 0xff, 0x00, 0xff, 0xff, 0xff, 0x00, 0xff,
0xff, 0xff, 0x00, 0xff, 0xff, 0xff, 0x00, 0xff, 0xff, 0xff, 0x00, 0xff, 0xff, 0xff, 0x00,
0xff, 0xff, 0xff, 0x00, 0xff, 0xff, 0xff, 0x00, 0xff, 0xff, 0xff, 0x00, 0xff, 0xff, 0xff,
0x00, 0xff, 0xff, 0xff, 0x00, 0xff, 0xff, 0xff, 0x00, 0xff, 0xff, 0xff, 0x00, 0xff, 0xff,
0xff, 0x00, 0xff, 0xff, 0xff, 0x00, 0xff, 0xff, 0xff, 0x00, 0xff, 0xff, 0xff, 0x00, 0xff,
0xff, 0xff, 0x00, 0xff, 0xff, 0xff, 0x00, 0xff, 0xff, 0xff, 0x00, 0xff, 0xff, 0xff, 0x00,
0xff, 0xff, 0xff, 0x00, 0xff, 0xff, 0xff, 0x00, 0xff, 0xff, 0xff, 0x00, 0xff, 0xff, 0xff,
0x00, 0xff, 0xff, 0xff, 0x00, 0xff, 0xff, 0xff, 0x00, 0xff, 0xff, 0xff, 0x00, 0xff, 0xff,
0xff, 0x00, 0xff, 0xff, 0xff, 0x00, 0xff, 0xff, 0xff, 0x00, 0xff, 0xff, 0xff, 0x00, 0xff,
0xff, 0xff, 0x00, 0xff, 0xff, 0xff, 0x00, 0xff, 0xff, 0xff, 0x00, 0xff, 0xff, 0xff, 0x00,
0xff, 0xff, 0xff, 0x00, 0xff, 0xff, 0xff, 0x00, 0xff, 0xff, 0xff, 0x00, 0xff, 0xff, 0xff,
0x00, 0xff, 0xff, 0xff, 0x00, 0xff, 0xff, 0xff, 0x00, 0xff, 0xff, 0xff, 0x00, 0xff, 0xff,
0xff, 0x00, 0xff, 0xff, 0xff, 0x00, 0xff, 0xff, 0xff, 0x00, 0xff, 0xff, 0xff, 0x00, 0xff,
0xff, 0xff, 0x00, 0xff, 0xff, 0xff, 0x00, 0xff, 0xff, 0xff, 0x00, 0xff, 0xff, 0xff, 0x00,
0xff, 0xff, 0xff, 0x00, 0xff, 0xff, 0xff, 0x00, 0xff, 0xff, 0xff, 0x00, 0xff, 0xff, 0xff,
0x00, 0xff, 0xff, 0xff, 0x00, 0xff, 0xff, 0xff, 0x00, 0xff, 0xff, 0xff, 0x00, 0xff, 0xff,
0xff, 0x00, 0xff, 0xff, 0xff, 0x00, 0xff, 0xff, 0xff, 0x00, 0xff, 0xff, 0xff, 0x00, 0xff,
0xff, 0xff, 0x00, 0xff, 0xff, 0xff, 0x00, 0xff, 0xff, 0xff, 0x00, 0xff, 0xff, 0xff, 0x00,
0xff, 0xff, 0xff, 0x00, 0xff, 0xff, 0xff, 0x00, 0xff, 0xff, 0xff, 0x00, 0xff, 0xff, 0xff,
0x00, 0xff, 0xff, 0xff, 0x00, 0xff, 0xff, 0xff, 0x00, 0xff, 0xff, 0xff, 0x00, 0xff, 0xff,
0xff, 0x00, 0xff, 0xff, 0xff, 0x00, 0xff, 0xff, 0xff, 0x00, 0xff, 0xff, 0xff, 0x00, 0xff,
0xff, 0xff, 0x00, 0x01, 0x01, 0xab, 0x00, 0x01, 0x01, 0xab, 0x00, 0x01, 0x01, 0xab, 0x00,
0x01, 0x01, 0xab, 0x00, 0x01, 0x01, 0xab, 0x00, 0x01, 0x01, 0xab, 0x00, 0x01, 0x01, 0xab,
0x00, 0x01, 0x01, 0xab, 0x00, 0x01, 0x01, 0xab, 0x00, 0x01, 0x01, 0xab, 0x00, 0x01, 0x01,
0xab, 0x00, 0x01, 0x01, 0xab, 0x00, 0x00, 0x00, 0xaa, 0x00, 0x03, 0x05, 0xac, 0x00, 0x21,
0x36, 0xce, 0x00, 0x26, 0x3d, 0xd9, 0x00, 0x25, 0x3c, 0xd8, 0x00, 0x25, 0x3a, 0xd8, 0x00,
0x19, 0x31, 0xbc, 0x00, 0x20, 0x32, 0xca, 0x00, 0x1e, 0x2f, 0xc5, 0x00, 0x23, 0x33, 0xcf,
0x00, 0x1d, 0x2d, 0xce, 0x00, 0x20, 0x34, 0xd6, 0x00, 0x1d, 0x2d, 0xd2, 0x00, 0x24, 0x33,
0xd0, 0x00, 0x22, 0x36, 0xda, 0x00, 0x1f, 0x31, 0xaf, 0x00, 0x21, 0x33, 0xbb, 0x00, 0x1c,
0x2c, 0xc3, 0x00, 0x24, 0x3c, 0xd8, 0x00, 0x24, 0x3b, 0xd8, 0x00, 0x21, 0x39, 0xd5, 0x00,
0x1e, 0x2e, 0xcd, 0x00, 0x21, 0x3a, 0xd7, 0x00, 0x21, 0x39, 0xd7, 0x00, 0x1f, 0x2f, 0xd2,
0x00, 0x22, 0x35, 0xd4, 0x00, 0x27, 0x3d, 0xd8, 0x00, 0x26, 0x3c, 0xd7, 0x00, 0x25, 0x3a,
0xd7, 0x00, 0x25, 0x3b, 0xd4, 0x00, 0x25, 0x3c, 0xd7, 0x00, 0x25, 0x3a, 0xd5, 0x00, 0x1e,
0x2d, 0xd1, 0x00, 0x26, 0x3c, 0xd5, 0x07, 0x1e, 0x39, 0xd7, 0x18, 0x25, 0x39, 0xd8, 0x3f,
0x27, 0x3c, 0xd8, 0x6c, 0x27, 0x3d, 0xd8, 0x95, 0x26, 0x3c, 0xd8, 0xba, 0x26, 0x3d, 0xd9,
0xd1, 0x27, 0x3d, 0xd9, 0xdc, 0x27, 0x3d, 0xd9, 0xdc, 0x27, 0x3d, 0xd9, 0xdc, 0x27, 0x3d,
0xd9, 0xdc, 0x27, 0x3d, 0xd9, 0xdc, 0x27, 0x3d, 0xd9, 0xdc, 0x27, 0x3d, 0xd9, 0xdc, 0x27,
0x3d, 0xd9, 0xdc, 0x27, 0x3d, 0xd9, 0xdc, 0x26, 0x3d, 0xd8, 0xcf, 0x25, 0x3c, 0xd8, 0xb7,
0x25, 0x3b, 0xd8, 0x92, 0x25, 0x3c, 0xd8, 0x69, 0x20, 0x3b, 0xd7, 0x3c, 0x1e, 0x2f, 0xcf,
0x17, 0x24, 0x35, 0xd5, 0x06, 0x1c, 0x2c, 0xa2, 0x00, 0x22, 0x38, 0xd0, 0x00, 0x26, 0x3e,
0xda, 0x00, 0x1e, 0x31, 0xc5, 0x00, 0x22, 0x35, 0xce, 0x00, 0x27, 0x3e, 0xde, 0x00, 0x1e,
0x2f, 0xb6, 0x00, 0x1e, 0x30, 0xaf, 0x00, 0x26, 0x3b, 0xdb, 0x00, 0x24, 0x3c, 0xd7, 0x00,
0x25, 0x3a, 0xd6, 0x00, 0x24, 0x37, 0xd5, 0x00, 0x1f, 0x33, 0xd5, 0x00, 0x26, 0x3c, 0xd6,
0x00, 0x26, 0x3d, 0xd7, 0x00, 0x22, 0x39, 0xd6, 0x00, 0x21, 0x34, 0xd5, 0x00, 0x21, 0x33,
0xcb, 0x00, 0x21, 0x39, 0xd4, 0x00, 0x22, 0x39, 0xd9, 0x00, 0x21, 0x33, 0xd5, 0x00, 0x1b,
0x35, 0xcd, 0x00, 0x19, 0x30, 0xa3, 0x00, 0x1a, 0x2f, 0xd6, 0x00, 0x23, 0x39, 0xd6, 0x00,
0x20, 0x2f, 0xcc, 0x00, 0x23, 0x3b, 0xd8, 0x00, 0x26, 0x3c, 0xd8, 0x00, 0x26, 0x3d, 0xd9,
0x00, 0x27, 0x3c, 0xd8, 0x00, 0x28, 0x3f, 0xda, 0x00, 0x1d, 0x2f, 0xc5, 0x00, 0x01, 0x01,
0x80, 0x00, 0x01, 0x01, 0x7f, 0x00, 0x01, 0x01, 0x80, 0x00, 0x01, 0x01, 0x80, 0x00, 0x01,
0x01, 0x80, 0x00, 0x01, 0x01, 0x80, 0x00, 0x01, 0x01, 0x80, 0x00, 0x01, 0x01, 0x80, 0x00,
0x01, 0x01, 0x80, 0x00, 0x01, 0x01, 0x80, 0x00, 0x01, 0x01, 0x80, 0x00, 0x01, 0x01, 0x80,
0x00, 0x01, 0x01, 0x80, 0x00, 0xff, 0xff, 0xff, 0x00, 0xff, 0xff, 0xff, 0x00, 0xff, 0xff,
0xff, 0x00, 0xff, 0xff, 0xff, 0x00, 0xff, 0xff, 0xff, 0x00, 0xff, 0xff, 0xff, 0x00, 0xff,
0xff, 0xff, 0x00, 0xff, 0xff, 0xff, 0x00, 0xff, 0xff, 0xff, 0x00, 0xff, 0xff, 0xff, 0x00,
0xff, 0xff, 0xff, 0x00, 0xff, 0xff, 0xff, 0x00, 0xff, 0xff, 0xff, 0x00, 0xff, 0xff, 0xff,
0x00, 0xff, 0xff, 0xff, 0x00, 0x01, 0x01, 0xab, 0x00, 0x01, 0x01, 0xab, 0x00, 0x01, 0x01,
0xab, 0x00, 0x01, 0x01, 0xab, 0x00, 0x01, 0x01, 0xab, 0x00, 0x01, 0x01, 0xab, 0x00, 0x01,
0x01, 0xab, 0x00, 0x01, 0x01, 0xab, 0x00, 0x01, 0x01, 0xab, 0x00, 0x01, 0x01, 0xab, 0x00,
0x01, 0x01, 0xab, 0x00, 0x01, 0x01, 0xab, 0x00, 0x00, 0x00, 0xaa, 0x00, 0x03, 0x05, 0xac,
0x00, 0x21, 0x36, 0xce, 0x00, 0x26, 0x3d, 0xd9, 0x00, 0x25, 0x3c, 0xd8, 0x00, 0x25, 0x3a,
0xd8, 0x00, 0x19, 0x31, 0xbc, 0x00, 0x20, 0x32, 0xca, 0x00, 0x1e, 0x2f, 0xc5, 0x00, 0x23,
0x33, 0xcf, 0x00, 0x1d, 0x2d, 0xce, 0x00, 0x20, 0x34, 0xd6, 0x00, 0x1d, 0x2d, 0xd2, 0x00,
0x24, 0x33, 0xd0, 0x00, 0x22, 0x36, 0xda, 0x00, 0x1f, 0x31, 0xaf, 0x00, 0x21, 0x33, 0xbb,
0x00, 0x1c, 0x2c, 0xc3, 0x00, 0x24, 0x3c, 0xd8, 0x00, 0x24, 0x3b, 0xd8, 0x00, 0x21, 0x39,
0xd5, 0x00, 0x1e, 0x2e, 0xcd, 0x00, 0x21, 0x3a, 0xd7, 0x00, 0x21, 0x39, 0xd7, 0x00, 0x1f,
0x2f, 0xd2, 0x00, 0x22, 0x35, 0xd4, 0x00, 0x27, 0x3d, 0xd8, 0x00, 0x26, 0x3c, 0xd7, 0x00,
0x25, 0x3a, 0xd7, 0x00, 0x25, 0x3b, 0xd4, 0x0a, 0x25, 0x3c, 0xd7, 0x34, 0x26, 0x3c, 0xd7,
0x7c, 0x25, 0x39, 0xd7, 0xbd, 0x27, 0x3d, 0xd8, 0xd9, 0x26, 0x3d, 0xd9, 0xef, 0x27, 0x3d,
0xd9, 0xff, 0x27, 0x3d, 0xd9, 0xff, 0x27, 0x3d, 0xd9, 0xff, 0x27, 0x3d, 0xd9, 0xff, 0x27,
0x3d, 0xd9, 0xff, 0x27, 0x3d, 0xd9, 0xff, 0x27, 0x3d, 0xd9, 0xff, 0x27, 0x3d, 0xd9, 0xff,
0x27, 0x3d, 0xd9, 0xff, 0x27, 0x3d, 0xd9, 0xff, 0x27, 0x3d, 0xd9, 0xff, 0x27, 0x3d, 0xd9,
0xff, 0x27, 0x3d, 0xd9, 0xff, 0x27, 0x3d, 0xd9, 0xff, 0x27, 0x3d, 0xd9, 0xff, 0x27, 0x3d,
0xd9, 0xff, 0x27, 0x3d, 0xd9, 0xff, 0x27, 0x3d, 0xd9, 0xff, 0x27, 0x3d, 0xd9, 0xff, 0x26,
0x3c, 0xd8, 0xee, 0x27, 0x3c, 0xd9, 0xd8, 0x24, 0x39, 0xcb, 0xbb, 0x25, 0x3b, 0xd6, 0x7b,
0x26, 0x3e, 0xd9, 0x34, 0x1e, 0x31, 0xc6, 0x0a, 0x22, 0x35, 0xce, 0x00, 0x27, 0x3e, 0xde,
0x00, 0x1e, 0x2f, 0xb6, 0x00, 0x1e, 0x30, 0xaf, 0x00, 0x26, 0x3b, 0xdb, 0x00, 0x24, 0x3c,
0xd7, 0x00, 0x25, 0x3a, 0xd6, 0x00, 0x24, 0x37, 0xd5, 0x00, 0x1f, 0x33, 0xd5, 0x00, 0x26,
0x3c, 0xd6, 0x00, 0x26, 0x3d, 0xd7, 0x00, 0x22, 0x39, 0xd6, 0x00, 0x21, 0x34, 0xd5, 0x00,
0x21, 0x33, 0xcb, 0x00, 0x21, 0x39, 0xd4, 0x00, 0x22, 0x39, 0xd9, 0x00, 0x21, 0x33, 0xd5,
0x00, 0x1b, 0x35, 0xcd, 0x00, 0x19, 0x30, 0xa3, 0x00, 0x1a, 0x2f, 0xd6, 0x00, 0x23, 0x39,
0xd6, 0x00, 0x20, 0x2f, 0xcc, 0x00, 0x23, 0x3b, 0xd8, 0x00, 0x26, 0x3c, 0xd8, 0x00, 0x26,
0x3d, 0xd9, 0x00, 0x27, 0x3c, 0xd8, 0x00, 0x28, 0x3f, 0xda, 0x00, 0x1d, 0x2f, 0xc5, 0x00,
0x01, 0x01, 0x80, 0x00, 0x01, 0x01, 0x7f, 0x00, 0x01, 0x01, 0x80, 0x00, 0x01, 0x01, 0x80,
0x00, 0x01, 0x01, 0x80, 0x00, 0x01, 0x01, 0x80, 0x00, 0x01, 0x01, 0x80, 0x00, 0x01, 0x01,
0x80, 0x00, 0x01, 0x01, 0x80, 0x00, 0x01, 0x01, 0x80, 0x00, 0x01, 0x01, 0x80, 0x00, 0x01,
0x01, 0x80, 0x00, 0x01, 0x01, 0x80, 0x00, 0xff, 0xff, 0xff, 0x00, 0xff, 0xff, 0xff, 0x00,
0xff, 0xff, 0xff, 0x00, 0xff, 0xff, 0xff, 0x00, 0xff, 0xff, 0xff, 0x00, 0xff, 0xff, 0xff,
0x00, 0xff, 0xff, 0xff, 0x00, 0xff, 0xff, 0xff, 0x00, 0xff, 0xff, 0xff, 0x00, 0xff, 0xff,
0xff, 0x00, 0xff, 0xff, 0xff, 0x00, 0xff, 0xff, 0xff, 0x00, 0xff, 0xff, 0xff, 0x00, 0xff,
0xff, 0xff, 0x00, 0xff, 0xff, 0xff, 0x00, 0x01, 0x01, 0xab, 0x00, 0x01, 0x01, 0xab, 0x00,
0x01, 0x01, 0xab, 0x00, 0x01, 0x01, 0xab, 0x00, 0x01, 0x01, 0xab, 0x00, 0x01, 0x01, 0xab,
0x00, 0x01, 0x01, 0xab, 0x00, 0x01, 0x01, 0xab, 0x00, 0x01, 0x01, 0xab, 0x00, 0x01, 0x01,
0xab, 0x00, 0x01, 0x01, 0xab, 0x00, 0x01, 0x01, 0xab, 0x00, 0x00, 0x00, 0xaa, 0x00, 0x03,
0x05, 0xac, 0x00, 0x21, 0x36, 0xce, 0x00, 0x26, 0x3d, 0xd9, 0x00, 0x25, 0x3c, 0xd8, 0x00,
0x25, 0x3a, 0xd8, 0x00, 0x19, 0x31, 0xbc, 0x00, 0x20, 0x32, 0xca, 0x00, 0x1e, 0x2f, 0xc5,
0x00, 0x23, 0x33, 0xcf, 0x00, 0x1d, 0x2d, 0xce, 0x00, 0x20, 0x34, 0xd6, 0x00, 0x1d, 0x2d,
0xd2, 0x00, 0x24, 0x33, 0xd0, 0x00, 0x22, 0x36, 0xda, 0x00, 0x1f, 0x31, 0xaf, 0x00, 0x21,
0x33, 0xbb, 0x00, 0x1c, 0x2c, 0xc3, 0x00, 0x24, 0x3c, 0xd8, 0x00, 0x24, 0x3b, 0xd8, 0x00,
0x21, 0x39, 0xd5, 0x00, 0x1e, 0x2e, 0xcd, 0x00, 0x21, 0x3a, 0xd7, 0x00, 0x21, 0x39, 0xd7,
0x00, 0x1f, 0x2e, 0xd2, 0x00, 0x22, 0x35, 0xd4, 0x00, 0x27, 0x3d, 0xd8, 0x12, 0x27, 0x3d,
0xd8, 0x60, 0x26, 0x3c, 0xd8, 0xb3, 0x27, 0x3d, 0xd9, 0xdf, 0x27, 0x3d, 0xd9, 0xff, 0x27,
0x3d, 0xd9, 0xff, 0x27, 0x3e, 0xd9, 0xff, 0x27, 0x3d, 0xd9, 0xff, 0x27, 0x3d, 0xd9, 0xff,
0x27, 0x3d, 0xd9, 0xff, 0x27, 0x3d, 0xd9, 0xff, 0x27, 0x3d, 0xd9, 0xff, 0x27, 0x3d, 0xd9,
0xff, 0x27, 0x3d, 0xd9, 0xff, 0x27, 0x3d, 0xd9, 0xff, 0x27, 0x3d, 0xd9, 0xff, 0x27, 0x3d,
0xd9, 0xff, 0x27, 0x3d, 0xd9, 0xff, 0x27, 0x3d, 0xd9, 0xff, 0x27, 0x3d, 0xd9, 0xff, 0x27,
0x3d, 0xd9, 0xff, 0x27, 0x3d, 0xd9, 0xff, 0x27, 0x3d, 0xd9, 0xff, 0x27, 0x3d, 0xd9, 0xff,
0x27, 0x3d, 0xd9, 0xff, 0x27, 0x3d, 0xd9, 0xff, 0x27, 0x3d, 0xd9, 0xff, 0x27, 0x3d, 0xd9,
0xff, 0x27, 0x3d, 0xd9, 0xff, 0x27, 0x3d, 0xd9, 0xff, 0x28, 0x3e, 0xdb, 0xff, 0x27, 0x3d,
0xd9, 0xff, 0x27, 0x3d, 0xd9, 0xff, 0x26, 0x3b, 0xd6, 0xdf, 0x26, 0x3b, 0xd7, 0xb5, 0x27,
0x3e, 0xdd, 0x64, 0x1e, 0x2f, 0xb6, 0x15, 0x1e, 0x30, 0xae, 0x00, 0x26, 0x3b, 0xdb, 0x00,
0x24, 0x3c, 0xd7, 0x00, 0x25, 0x3a, 0xd6, 0x00, 0x24, 0x37, 0xd5, 0x00, 0x1f, 0x33, 0xd5,
0x00, 0x26, 0x3c, 0xd6, 0x00, 0x26, 0x3d, 0xd7, 0x00, 0x22, 0x39, 0xd6, 0x00, 0x21, 0x34,
0xd5, 0x00, 0x21, 0x33, 0xcb, 0x00, 0x21, 0x39, 0xd4, 0x00, 0x22, 0x39, 0xd9, 0x00, 0x21,
0x33, 0xd5, 0x00, 0x1b, 0x35, 0xcd, 0x00, 0x19, 0x30, 0xa3, 0x00, 0x1a, 0x2f, 0xd6, 0x00,
0x23, 0x39, 0xd6, 0x00, 0x20, 0x2f, 0xcc, 0x00, 0x23, 0x3b, 0xd8, 0x00, 0x26, 0x3c, 0xd8,
0x00, 0x26, 0x3d, 0xd9, 0x00, 0x27, 0x3c, 0xd8, 0x00, 0x28, 0x3f, 0xda, 0x00, 0x1d, 0x2f,
0xc5, 0x00, 0x01, 0x01, 0x80, 0x00, 0x01, 0x01, 0x7f, 0x00, 0x01, 0x01, 0x80, 0x00, 0x01,
0x01, 0x80, 0x00, 0x01, 0x01, 0x80, 0x00, 0x01, 0x01, 0x80, 0x00, 0x01, 0x01, 0x80, 0x00,
0x01, 0x01, 0x80, 0x00, 0x01, 0x01, 0x80, 0x00, 0x01, 0x01, 0x80, 0x00, 0x01, 0x01, 0x80,
0x00, 0x01, 0x01, 0x80, 0x00, 0x01, 0x01, 0x80, 0x00, 0xff, 0xff, 0xff, 0x00, 0xff, 0xff,
0xff, 0x00, 0xff, 0xff, 0xff, 0x00, 0xff, 0xff, 0xff, 0x00, 0xff, 0xff, 0xff, 0x00, 0xff,
0xff, 0xff, 0x00, 0xff, 0xff, 0xff, 0x00, 0xff, 0xff, 0xff, 0x00, 0xff, 0xff, 0xff, 0x00,
0xff, 0xff, 0xff, 0x00, 0xff, 0xff, 0xff, 0x00, 0xff, 0xff, 0xff, 0x00, 0xff, 0xff, 0xff,
0x00, 0xff, 0xff, 0xff, 0x00, 0xff, 0xff, 0xff, 0x00, 0x01, 0x01, 0xab, 0x00, 0x01, 0x01,
0xab, 0x00, 0x01, 0x01, 0xab, 0x00, 0x01, 0x01, 0xab, 0x00, 0x01, 0x01, 0xab, 0x00, 0x01,
0x01, 0xab, 0x00, 0x01, 0x01, 0xab, 0x00, 0x01, 0x01, 0xab, 0x00, 0x01, 0x01, 0xab, 0x00,
0x01, 0x01, 0xab, 0x00, 0x01, 0x01, 0xab, 0x00, 0x01, 0x01, 0xab, 0x00, 0x00, 0x00, 0xaa,
0x00, 0x03, 0x05, 0xac, 0x00, 0x21, 0x36, 0xce, 0x00, 0x26, 0x3d, 0xd9, 0x00, 0x25, 0x3c,
0xd8, 0x00, 0x25, 0x3a, 0xd8, 0x00, 0x19, 0x31, 0xbc, 0x00, 0x20, 0x32, 0xca, 0x00, 0x1e,
0x2f, 0xc5, 0x00, 0x23, 0x33, 0xcf, 0x00, 0x1d, 0x2d, 0xce, 0x00, 0x20, 0x34, 0xd6, 0x00,
0x1d, 0x2d, 0xd2, 0x00, 0x24, 0x33, 0xd0, 0x00, 0x22, 0x36, 0xda, 0x00, 0x1f, 0x31, 0xaf,
0x00, 0x21, 0x33, 0xbb, 0x00, 0x1c, 0x2c, 0xc3, 0x00, 0x24, 0x3c, 0xd8, 0x00, 0x24, 0x3b,
0xd8, 0x00, 0x21, 0x39, 0xd5, 0x00, 0x1e, 0x2e, 0xcd, 0x00, 0x21, 0x3a, 0xd7, 0x00, 0x20,
0x38, 0xd7, 0x04, 0x23, 0x35, 0xd5, 0x55, 0x25, 0x39, 0xd7, 0xa1, 0x27, 0x3d, 0xd9, 0xe2,
0x27, 0x3d, 0xd9, 0xff, 0x27, 0x3d, 0xd9, 0xff, 0x27, 0x3d, 0xd9, 0xff, 0x27, 0x3d, 0xd9,
0xff, 0x27, 0x3d, 0xd9, 0xff, 0x27, 0x3d, 0xd9, 0xff, 0x27, 0x3d, 0xd9, 0xff, 0x27, 0x3d,
0xd9, 0xff, 0x27, 0x3d, 0xd9, 0xff, 0x27, 0x3d, 0xd9, 0xff, 0x27, 0x3d, 0xd9, 0xff, 0x27,
0x3d, 0xd9, 0xff, 0x27, 0x3d, 0xd9, 0xff, 0x27, 0x3d, 0xd9, 0xff, 0x27, 0x3d, 0xd9, 0xff,
0x27, 0x3d, 0xd9, 0xff, 0x27, 0x3d, 0xd9, 0xff, 0x27, 0x3d, 0xd9, 0xff, 0x27, 0x3d, 0xd9,
0xff, 0x27, 0x3d, 0xd9, 0xff, 0x27, 0x3d, 0xd9, 0xff, 0x27, 0x3d, 0xd9, 0xff, 0x27, 0x3d,
0xd9, 0xff, 0x27, 0x3d, 0xd9, 0xff, 0x27, 0x3d, 0xd9, 0xff, 0x27, 0x3d, 0xd9, 0xff, 0x27,
0x3d, 0xd9, 0xff, 0x27, 0x3d, 0xd9, 0xff, 0x27, 0x3d, 0xd9, 0xff, 0x27, 0x3d, 0xd9, 0xff,
0x27, 0x3d, 0xd9, 0xff, 0x27, 0x3d, 0xd9, 0xff, 0x27, 0x3d, 0xda, 0xff, 0x27, 0x3d, 0xd9,
0xff, 0x27, 0x3d, 0xda, 0xff, 0x26, 0x3b, 0xd2, 0xe6, 0x25, 0x3a, 0xcf, 0xa4, 0x26, 0x3b,
0xd8, 0x5e, 0x24, 0x3c, 0xd8, 0x0a, 0x25, 0x3a, 0xd6, 0x00, 0x24, 0x37, 0xd5, 0x00, 0x1f,
0x33, 0xd5, 0x00, 0x26, 0x3c, 0xd6, 0x00, 0x26, 0x3d, 0xd7, 0x00, 0x22, 0x39, 0xd6, 0x00,
0x21, 0x34, 0xd5, 0x00, 0x21, 0x33, 0xcb, 0x00, 0x21, 0x39, 0xd4, 0x00, 0x22, 0x39, 0xd9,
0x00, 0x21, 0x33, 0xd5, 0x00, 0x1b, 0x35, 0xcd, 0x00, 0x19, 0x30, 0xa3, 0x00, 0x1a, 0x2f,
0xd6, 0x00, 0x23, 0x39, 0xd6, 0x00, 0x20, 0x2f, 0xcc, 0x00, 0x23, 0x3b, 0xd8, 0x00, 0x26,
0x3c, 0xd8, 0x00, 0x26, 0x3d, 0xd9, 0x00, 0x27, 0x3c, 0xd8, 0x00, 0x28, 0x3f, 0xda, 0x00,
0x1d, 0x2f, 0xc5, 0x00, 0x01, 0x01, 0x80, 0x00, 0x01, 0x01, 0x7f, 0x00, 0x01, 0x01, 0x80,
0x00, 0x01, 0x01, 0x80, 0x00, 0x01, 0x01, 0x80, 0x00, 0x01, 0x01, 0x80, 0x00, 0x01, 0x01,
0x80, 0x00, 0x01, 0x01, 0x80, 0x00, 0x01, 0x01, 0x80, 0x00, 0x01, 0x01, 0x80, 0x00, 0x01,
0x01, 0x80, 0x00, 0x01, 0x01, 0x80, 0x00, 0x01, 0x01, 0x80, 0x00, 0xff, 0xff, 0xff, 0x00,
0xff, 0xff, 0xff, 0x00, 0xff, 0xff, 0xff, 0x00, 0xff, 0xff, 0xff, 0x00, 0xff, 0xff, 0xff,
0x00, 0xff, 0xff, 0xff, 0x00, 0xff, 0xff, 0xff, 0x00, 0xff, 0xff, 0xff, 0x00, 0xff, 0xff,
0xff, 0x00, 0xff, 0xff, 0xff, 0x00, 0xff, 0xff, 0xff, 0x00, 0xff, 0xff, 0xff, 0x00, 0xff,
0xff, 0xff, 0x00, 0xff, 0xff, 0xff, 0x00, 0xff, 0xff, 0xff, 0x00, 0x01, 0x01, 0xab, 0x00,
0x01, 0x01, 0xab, 0x00, 0x01, 0x01, 0xab, 0x00, 0x01, 0x01, 0xab, 0x00, 0x01, 0x01, 0xab,
0x00, 0x01, 0x01, 0xab, 0x00, 0x01, 0x01, 0xab, 0x00, 0x01, 0x01, 0xab, 0x00, 0x01, 0x01,
0xab, 0x00, 0x01, 0x01, 0xab, 0x00, 0x01, 0x01, 0xab, 0x00, 0x01, 0x01, 0xab, 0x00, 0x00,
0x00, 0xaa, 0x00, 0x03, 0x05, 0xac, 0x00, 0x21, 0x36, 0xce, 0x00, 0x26, 0x3d, 0xd9, 0x00,
0x25, 0x3c, 0xd8, 0x00, 0x25, 0x3a, 0xd8, 0x00, 0x19, 0x31, 0xbc, 0x00, 0x20, 0x32, 0xca,
0x00, 0x1e, 0x2f, 0xc5, 0x00, 0x23, 0x33, 0xcf, 0x00, 0x1d, 0x2d, 0xce, 0x00, 0x20, 0x34,
0xd6, 0x00, 0x1d, 0x2d, 0xd2, 0x00, 0x24, 0x33, 0xd0, 0x00, 0x22, 0x36, 0xda, 0x00, 0x1f,
0x31, 0xaf, 0x00, 0x21, 0x33, 0xbb, 0x00, 0x1c, 0x2c, 0xc3, 0x00, 0x24, 0x3c, 0xd8, 0x00,
0x24, 0x3b, 0xd8, 0x00, 0x21, 0x39, 0xd5, 0x00, 0x1e, 0x2f, 0xce, 0x1b, 0x25, 0x3c, 0xd8,
0x81, 0x25, 0x3c, 0xd9, 0xcf, 0x28, 0x3e, 0xd9, 0xff, 0x27, 0x3d, 0xd9, 0xff, 0x27, 0x3d,
0xd9, 0xff, 0x27, 0x3d, 0xd9, 0xff, 0x27, 0x3d, 0xd9, 0xff, 0x27, 0x3d, 0xd9, 0xff, 0x27,
0x3d, 0xd9, 0xff, 0x27, 0x3d, 0xd9, 0xff, 0x27, 0x3d, 0xd9, 0xff, 0x27, 0x3d, 0xd9, 0xff,
0x27, 0x3d, 0xd9, 0xff, 0x27, 0x3d, 0xd9, 0xff, 0x27, 0x3d, 0xd9, 0xff, 0x27, 0x3d, 0xd9,
0xff, 0x27, 0x3d, 0xd9, 0xff, 0x27, 0x3d, 0xd9, 0xff, 0x27, 0x3d, 0xd9, 0xff, 0x27, 0x3d,
0xd9, 0xff, 0x27, 0x3d, 0xd9, 0xff, 0x27, 0x3d, 0xd9, 0xff, 0x27, 0x3d, 0xd9, 0xff, 0x27,
0x3d, 0xd9, 0xff, 0x27, 0x3d, 0xd9, 0xff, 0x27, 0x3d, 0xd9, 0xff, 0x27, 0x3d, 0xd9, 0xff,
0x27, 0x3d, 0xd9, 0xff, 0x27, 0x3d, 0xd9, 0xff, 0x27, 0x3d, 0xd9, 0xff, 0x27, 0x3d, 0xd9,
0xff, 0x27, 0x3d, 0xd9, 0xff, 0x27, 0x3d, 0xd9, 0xff, 0x27, 0x3d, 0xd9, 0xff, 0x27, 0x3d,
0xd9, 0xff, 0x27, 0x3d, 0xd9, 0xff, 0x27, 0x3d, 0xd9, 0xff, 0x27, 0x3d, 0xd9, 0xff, 0x27,
0x3d, 0xd9, 0xff, 0x27, 0x3d, 0xd9, 0xff, 0x27, 0x3d, 0xda, 0xff, 0x27, 0x3e, 0xdb, 0xff,
0x27, 0x3d, 0xd9, 0xff, 0x26, 0x3d, 0xd9, 0xd7, 0x26, 0x3c, 0xd8, 0x8c, 0x24, 0x38, 0xd6,
0x2a, 0x1f, 0x32, 0xd5, 0x00, 0x26, 0x3c, 0xd6, 0x00, 0x26, 0x3d, 0xd7, 0x00, 0x22, 0x39,
0xd6, 0x00, 0x21, 0x34, 0xd5, 0x00, 0x21, 0x33, 0xcb, 0x00, 0x21, 0x39, 0xd4, 0x00, 0x22,
0x39, 0xd9, 0x00, 0x21, 0x33, 0xd5, 0x00, 0x1b, 0x35, 0xcd, 0x00, 0x19, 0x30, 0xa3, 0x00,
0x1a, 0x2f, 0xd6, 0x00, 0x23, 0x39, 0xd6, 0x00, 0x20, 0x2f, 0xcc, 0x00, 0x23, 0x3b, 0xd8,
0x00, 0x26, 0x3c, 0xd8, 0x00, 0x26, 0x3d, 0xd9, 0x00, 0x27, 0x3c, 0xd8, 0x00, 0x28, 0x3f,
0xda, 0x00, 0x1d, 0x2f, 0xc5, 0x00, 0x01, 0x01, 0x80, 0x00, 0x01, 0x01, 0x7f, 0x00, 0x01,
0x01, 0x80, 0x00, 0x01, 0x01, 0x80, 0x00, 0x01, 0x01, 0x80, 0x00, 0x01, 0x01, 0x80, 0x00,
0x01, 0x01, 0x80, 0x00, 0x01, 0x01, 0x80, 0x00, 0x01, 0x01, 0x80, 0x00, 0x01, 0x01, 0x80,
0x00, 0x01, 0x01, 0x80, 0x00, 0x01, 0x01, 0x80, 0x00, 0x01, 0x01, 0x80, 0x00, 0xff, 0xff,
0xff, 0x00, 0xff, 0xff, 0xff, 0x00, 0xff, 0xff, 0xff, 0x00, 0xff, 0xff, 0xff, 0x00, 0xff,
0xff, 0xff, 0x00, 0xff, 0xff, 0xff, 0x00, 0xff, 0xff, 0xff, 0x00, 0xff, 0xff, 0xff, 0x00,
0xff, 0xff, 0xff, 0x00, 0xff, 0xff, 0xff, 0x00, 0xff, 0xff, 0xff, 0x00, 0xff, 0xff, 0xff,
0x00, 0xff, 0xff, 0xff, 0x00, 0xff, 0xff, 0xff, 0x00, 0xff, 0xff, 0xff, 0x00, 0x01, 0x01,
0xab, 0x00, 0x01, 0x01, 0xab, 0x00, 0x01, 0x01, 0xab, 0x00, 0x01, 0x01, 0xab, 0x00, 0x01,
0x01, 0xab, 0x00, 0x01, 0x01, 0xab, 0x00, 0x01, 0x01, 0xab, 0x00, 0x01, 0x01, 0xab, 0x00,
0x01, 0x01, 0xab, 0x00, 0x01, 0x01, 0xab, 0x00, 0x01, 0x01, 0xab, 0x00, 0x01, 0x01, 0xab,
0x00, 0x00, 0x00, 0xaa, 0x00, 0x03, 0x05, 0xac, 0x00, 0x21, 0x36, 0xce, 0x00, 0x26, 0x3d,
0xd9, 0x00, 0x25, 0x3c, 0xd8, 0x00, 0x25, 0x3a, 0xd8, 0x00, 0x19, 0x31, 0xbc, 0x00, 0x20,
0x32, 0xca, 0x00, 0x1e, 0x2f, 0xc5, 0x00, 0x23, 0x33, 0xcf, 0x00, 0x1d, 0x2d, 0xce, 0x00,
0x20, 0x34, 0xd6, 0x00, 0x1d, 0x2d, 0xd2, 0x00, 0x24, 0x33, 0xd0, 0x00, 0x22, 0x36, 0xda,
0x00, 0x1f, 0x31, 0xaf, 0x00, 0x21, 0x33, 0xbb, 0x00, 0x1c, 0x2c, 0xc2, 0x00, 0x24, 0x3c,
0xd8, 0x00, 0x24, 0x3b, 0xd8, 0x2b, 0x25, 0x3c, 0xd8, 0x98, 0x26, 0x3c, 0xd8, 0xeb, 0x27,
0x3d, 0xd9, 0xff, 0x27, 0x3d, 0xd9, 0xff, 0x27, 0x3d, 0xd9, 0xff, 0x27, 0x3d, 0xd9, 0xff,
0x27, 0x3d, 0xd9, 0xff, 0x27, 0x3d, 0xd9, 0xff, 0x27, 0x3d, 0xd9, 0xff, 0x27, 0x3d, 0xd9,
0xff, 0x27, 0x3d, 0xd9, 0xff, 0x27, 0x3d, 0xd9, 0xff, 0x27, 0x3d, 0xd9, 0xff, 0x27, 0x3d,
0xd9, 0xff, 0x27, 0x3d, 0xd9, 0xff, 0x27, 0x3d, 0xd9, 0xff, 0x27, 0x3d, 0xd9, 0xff, 0x27,
0x3d, 0xd9, 0xff, 0x27, 0x3d, 0xd9, 0xff, 0x27, 0x3d, 0xd9, 0xff, 0x27, 0x3d, 0xd9, 0xff,
0x27, 0x3d, 0xd9, 0xff, 0x27, 0x3d, 0xd9, 0xff, 0x27, 0x3d, 0xd9, 0xff, 0x27, 0x3d, 0xd9,
0xff, 0x27, 0x3d, 0xd9, 0xff, 0x27, 0x3d, 0xd9, 0xff, 0x27, 0x3d, 0xd9, 0xff, 0x27, 0x3d,
0xd9, 0xff, 0x27, 0x3d, 0xd9, 0xff, 0x27, 0x3d, 0xd9, 0xff, 0x27, 0x3d, 0xd9, 0xff, 0x27,
0x3d, 0xd9, 0xff, 0x27, 0x3d, 0xd9, 0xff, 0x27, 0x3d, 0xd9, 0xff, 0x27, 0x3d, 0xd9, 0xff,
0x27, 0x3d, 0xd9, 0xff, 0x27, 0x3d, 0xd9, 0xff, 0x27, 0x3d, 0xd9, 0xff, 0x27, 0x3d, 0xd9,
0xff, 0x27, 0x3d, 0xd9, 0xff, 0x27, 0x3d, 0xd9, 0xff, 0x27, 0x3d, 0xd9, 0xff, 0x27, 0x3d,
0xd9, 0xff, 0x27, 0x3d, 0xd9, 0xff, 0x27, 0x3d, 0xd9, 0xff, 0x27, 0x3d, 0xd9, 0xff, 0x27,
0x3c, 0xd9, 0xf6, 0x24, 0x39, 0xd8, 0xa8, 0x27, 0x3c, 0xd7, 0x42, 0x26, 0x3d, 0xd7, 0x00,
0x22, 0x39, 0xd6, 0x00, 0x21, 0x34, 0xd5, 0x00, 0x21, 0x33, 0xcb, 0x00, 0x21, 0x39, 0xd4,
0x00, 0x22, 0x39, 0xd9, 0x00, 0x21, 0x33, 0xd5, 0x00, 0x1b, 0x35, 0xcd, 0x00, 0x19, 0x30,
0xa3, 0x00, 0x1a, 0x2f, 0xd6, 0x00, 0x23, 0x39, 0xd6, 0x00, 0x20, 0x2f, 0xcc, 0x00, 0x23,
0x3b, 0xd8, 0x00, 0x26, 0x3c, 0xd8, 0x00, 0x26, 0x3d, 0xd9, 0x00, 0x27, 0x3c, 0xd8, 0x00,
0x28, 0x3f, 0xda, 0x00, 0x1d, 0x2f, 0xc5, 0x00, 0x01, 0x01, 0x80, 0x00, 0x01, 0x01, 0x7f,
0x00, 0x01, 0x01, 0x80, 0x00, 0x01, 0x01, 0x80, 0x00, 0x01, 0x01, 0x80, 0x00, 0x01, 0x01,
0x80, 0x00, 0x01, 0x01, 0x80, 0x00, 0x01, 0x01, 0x80, 0x00, 0x01, 0x01, 0x80, 0x00, 0x01,
0x01, 0x80, 0x00, 0x01, 0x01, 0x80, 0x00, 0x01, 0x01, 0x80, 0x00, 0x01, 0x01, 0x80, 0x00,
0xff, 0xff, 0xff, 0x00, 0xff, 0xff, 0xff, 0x00, 0xff, 0xff, 0xff, 0x00, 0xff, 0xff, 0xff,
0x00, 0xff, 0xff, 0xff, 0x00, 0xff, 0xff, 0xff, 0x00, 0xff, 0xff, 0xff, 0x00, 0xff, 0xff,
0xff, 0x00, 0xff, 0xff, 0xff, 0x00, 0xff, 0xff, 0xff, 0x00, 0xff, 0xff, 0xff, 0x00, 0xff,
0xff, 0xff, 0x00, 0xff, 0xff, 0xff, 0x00, 0xff, 0xff, 0xff, 0x00, 0xff, 0xff, 0xff, 0x00,
0x01, 0x01, 0xab, 0x00, 0x01, 0x01, 0xab, 0x00, 0x01, 0x01, 0xab, 0x00, 0x01, 0x01, 0xab,
0x00, 0x01, 0x01, 0xab, 0x00, 0x01, 0x01, 0xab, 0x00, 0x01, 0x01, 0xab, 0x00, 0x01, 0x01,
0xab, 0x00, 0x01, 0x01, 0xab, 0x00, 0x01, 0x01, 0xab, 0x00, 0x01, 0x01, 0xab, 0x00, 0x01,
0x01, 0xab, 0x00, 0x00, 0x00, 0xaa, 0x00, 0x03, 0x05, 0xac, 0x00, 0x21, 0x36, 0xce, 0x00,
0x26, 0x3d, 0xd9, 0x00, 0x25, 0x3c, 0xd8, 0x00, 0x25, 0x3a, 0xd8, 0x00, 0x19, 0x31, 0xbc,
0x00, 0x20, 0x32, 0xca, 0x00, 0x1e, 0x2f, 0xc5, 0x00, 0x23, 0x33, 0xcf, 0x00, 0x1d, 0x2d,
0xce, 0x00, 0x20, 0x34, 0xd6, 0x00, 0x1d, 0x2d, 0xd2, 0x00, 0x24, 0x33, 0xd0, 0x00, 0x22,
0x36, 0xda, 0x00, 0x1f, 0x30, 0xad, 0x00, 0x21, 0x33, 0xba, 0x00, 0x1d, 0x2e, 0xc6, 0x24,
0x26, 0x3d, 0xd9, 0x8b, 0x27, 0x3d, 0xd9, 0xf3, 0x27, 0x3d, 0xd9, 0xff, 0x27, 0x3d, 0xd9,
0xff, 0x27, 0x3d, 0xd9, 0xff, 0x27, 0x3d, 0xd9, 0xff, 0x27, 0x3d, 0xd9, 0xff, 0x27, 0x3d,
0xd9, 0xff, 0x27, 0x3d, 0xd9, 0xff, 0x27, 0x3d, 0xd9, 0xff, 0x27, 0x3d, 0xd9, 0xff, 0x27,
0x3d, 0xd9, 0xff, 0x27, 0x3d, 0xd9, 0xff, 0x27, 0x3d, 0xd9, 0xff, 0x27, 0x3d, 0xd9, 0xff,
0x27, 0x3d, 0xd9, 0xff, 0x27, 0x3d, 0xd9, 0xff, 0x27, 0x3d, 0xd9, 0xff, 0x27, 0x3d, 0xd9,
0xff, 0x27, 0x3d, 0xd9, 0xff, 0x27, 0x3d, 0xd9, 0xff, 0x27, 0x3d, 0xd9, 0xff, 0x27, 0x3d,
0xd9, 0xff, 0x27, 0x3d, 0xd9, 0xff, 0x27, 0x3d, 0xd9, 0xff, 0x27, 0x3d, 0xd9, 0xff, 0x27,
0x3d, 0xd9, 0xff, 0x27, 0x3d, 0xd9, 0xff, 0x27, 0x3d, 0xd9, 0xff, 0x27, 0x3d, 0xd9, 0xff,
0x27, 0x3d, 0xd9, 0xff, 0x27, 0x3d, 0xd9, 0xff, 0x27, 0x3d, 0xd9, 0xff, 0x27, 0x3d, 0xd9,
0xff, 0x27, 0x3d, 0xd9, 0xff, 0x27, 0x3d, 0xd9, 0xff, 0x27, 0x3d, 0xd9, 0xff, 0x27, 0x3d,
0xd9, 0xff, 0x27, 0x3d, 0xd9, 0xff, 0x27, 0x3d, 0xd9, 0xff, 0x27, 0x3d, 0xd9, 0xff, 0x27,
0x3d, 0xd9, 0xff, 0x27, 0x3d, 0xd9, 0xff, 0x27, 0x3d, 0xd9, 0xff, 0x27, 0x3d, 0xd9, 0xff,
0x27, 0x3d, 0xd9, 0xff, 0x27, 0x3d, 0xd9, 0xff, 0x27, 0x3d, 0xd9, 0xff, 0x27, 0x3d, 0xd9,
0xff, 0x27, 0x3d, 0xd9, 0xff, 0x27, 0x3e, 0xd9, 0xff, 0x27, 0x3d, 0xd9, 0xff, 0x27, 0x3d,
0xd8, 0xa3, 0x23, 0x39, 0xd6, 0x3a, 0x21, 0x34, 0xd5, 0x00, 0x21, 0x33, 0xcb, 0x00, 0x21,
0x39, 0xd4, 0x00, 0x22, 0x39, 0xd9, 0x00, 0x21, 0x33, 0xd5, 0x00, 0x1b, 0x35, 0xcd, 0x00,
0x19, 0x30, 0xa3, 0x00, 0x1a, 0x2f, 0xd6, 0x00, 0x23, 0x39, 0xd6, 0x00, 0x20, 0x2f, 0xcc,
0x00, 0x23, 0x3b, 0xd8, 0x00, 0x26, 0x3c, 0xd8, 0x00, 0x26, 0x3d, 0xd9, 0x00, 0x27, 0x3c,
0xd8, 0x00, 0x28, 0x3f, 0xda, 0x00, 0x1d, 0x2f, 0xc5, 0x00, 0x01, 0x01, 0x80, 0x00, 0x01,
0x01, 0x7f, 0x00, 0x01, 0x01, 0x80, 0x00, 0x01, 0x01, 0x80, 0x00, 0x01, 0x01, 0x80, 0x00,
0x01, 0x01, 0x80, 0x00, 0x01, 0x01, 0x80, 0x00, 0x01, 0x01, 0x80, 0x00, 0x01, 0x01, 0x80,
0x00, 0x01, 0x01, 0x80, 0x00, 0x01, 0x01, 0x80, 0x00, 0x01, 0x01, 0x80, 0x00, 0x01, 0x01,
0x80, 0x00, 0xff, 0xff, 0xff, 0x00, 0xff, 0xff, 0xff, 0x00, 0xff, 0xff, 0xff, 0x00, 0xff,
0xff, 0xff, 0x00, 0xff, 0xff, 0xff, 0x00, 0xff, 0xff, 0xff, 0x00, 0xff, 0xff, 0xff, 0x00,
0xff, 0xff, 0xff, 0x00, 0xff, 0xff, 0xff, 0x00, 0xff, 0xff, 0xff, 0x00, 0xff, 0xff, 0xff,
0x00, 0xff, 0xff, 0xff, 0x00, 0xff, 0xff, 0xff, 0x00, 0xff, 0xff, 0xff, 0x00, 0xff, 0xff,
0xff, 0x00, 0x01, 0x01, 0xab, 0x00, 0x01, 0x01, 0xab, 0x00, 0x01, 0x01, 0xab, 0x00, 0x01,
0x01, 0xab, 0x00, 0x01, 0x01, 0xab, 0x00, 0x01, 0x01, 0xab, 0x00, 0x01, 0x01, 0xab, 0x00,
0x01, 0x01, 0xab, 0x00, 0x01, 0x01, 0xab, 0x00, 0x01, 0x01, 0xab, 0x00, 0x01, 0x01, 0xab,
0x00, 0x01, 0x01, 0xab, 0x00, 0x00, 0x00, 0xaa, 0x00, 0x03, 0x05, 0xac, 0x00, 0x21, 0x36,
0xce, 0x00, 0x26, 0x3d, 0xd9, 0x00, 0x25, 0x3c, 0xd8, 0x00, 0x25, 0x3a, 0xd8, 0x00, 0x19,
0x31, 0xbc, 0x00, 0x20, 0x32, 0xca, 0x00, 0x1e, 0x2f, 0xc5, 0x00, 0x23, 0x33, 0xcf, 0x00,
0x1d, 0x2d, 0xce, 0x00, 0x20, 0x34, 0xd6, 0x00, 0x1d, 0x2d, 0xd2, 0x00, 0x24, 0x33, 0xd0,
0x00, 0x22, 0x35, 0xd8, 0x00, 0x21, 0x33, 0xba, 0x12, 0x23, 0x37, 0xc5, 0x76, 0x27, 0x3d,
0xda, 0xed, 0x27, 0x3d, 0xd9, 0xff, 0x27, 0x3d, 0xd9, 0xff, 0x27, 0x3d, 0xd9, 0xff, 0x27,
0x3d, 0xd9, 0xff, 0x27, 0x3d, 0xd9, 0xff, 0x27, 0x3d, 0xd9, 0xff, 0x27, 0x3d, 0xd9, 0xff,
0x27, 0x3d, 0xd9, 0xff, 0x27, 0x3d, 0xd9, 0xff, 0x27, 0x3d, 0xd9, 0xff, 0x27, 0x3d, 0xd9,
0xff, 0x27, 0x3d, 0xd9, 0xff, 0x27, 0x3d, 0xd9, 0xff, 0x27, 0x3d, 0xd9, 0xff, 0x27, 0x3d,
0xd9, 0xff, 0x27, 0x3d, 0xd9, 0xff, 0x27, 0x3d, 0xd9, 0xff, 0x27, 0x3d, 0xd9, 0xff, 0x27,
0x3d, 0xd9, 0xff, 0x27, 0x3d, 0xd9, 0xff, 0x27, 0x3d, 0xd9, 0xff, 0x27, 0x3d, 0xd9, 0xff,
0x27, 0x3d, 0xd9, 0xff, 0x27, 0x3d, 0xd9, 0xff, 0x27, 0x3d, 0xd9, 0xff, 0x27, 0x3d, 0xd9,
0xff, 0x27, 0x3d, 0xd9, 0xff, 0x27, 0x3d, 0xd9, 0xff, 0x27, 0x3d, 0xd9, 0xff, 0x27, 0x3d,
0xd9, 0xff, 0x27, 0x3d, 0xd9, 0xff, 0x27, 0x3d, 0xd9, 0xff, 0x27, 0x3d, 0xd9, 0xff, 0x27,
0x3d, 0xd9, 0xff, 0x27, 0x3d, 0xd9, 0xff, 0x27, 0x3d, 0xd9, 0xff, 0x27, 0x3d, 0xd9, 0xff,
0x27, 0x3d, 0xd9, 0xff, 0x27, 0x3d, 0xd9, 0xff, 0x27, 0x3d, 0xd9, 0xff, 0x27, 0x3d, 0xd9,
0xff, 0x27, 0x3d, 0xd9, 0xff, 0x27, 0x3d, 0xd9, 0xff, 0x27, 0x3d, 0xd9, 0xff, 0x27, 0x3d,
0xd9, 0xff, 0x27, 0x3d, 0xd9, 0xff, 0x27, 0x3d, 0xd9, 0xff, 0x27, 0x3d, 0xd9, 0xff, 0x27,
0x3d, 0xd9, 0xff, 0x27, 0x3d, 0xd9, 0xff, 0x27, 0x3d, 0xd9, 0xff, 0x27, 0x3d, 0xd9, 0xff,
0x27, 0x3d, 0xd9, 0xff, 0x27, 0x3d, 0xd9, 0xfd, 0x25, 0x3b, 0xd8, 0x95, 0x21, 0x34, 0xcc,
0x2a, 0x21, 0x39, 0xd4, 0x00, 0x22, 0x39, 0xd9, 0x00, 0x21, 0x33, 0xd5, 0x00, 0x1b, 0x35,
0xcd, 0x00, 0x19, 0x30, 0xa3, 0x00, 0x1a, 0x2f, 0xd6, 0x00, 0x23, 0x39, 0xd6, 0x00, 0x20,
0x2f, 0xcc, 0x00, 0x23, 0x3b, 0xd8, 0x00, 0x26, 0x3c, 0xd8, 0x00, 0x26, 0x3d, 0xd9, 0x00,
0x27, 0x3c, 0xd8, 0x00, 0x28, 0x3f, 0xda, 0x00, 0x1d, 0x2f, 0xc5, 0x00, 0x01, 0x01, 0x80,
0x00, 0x01, 0x01, 0x7f, 0x00, 0x01, 0x01, 0x80, 0x00, 0x01, 0x01, 0x80, 0x00, 0x01, 0x01,
0x80, 0x00, 0x01, 0x01, 0x80, 0x00, 0x01, 0x01, 0x80, 0x00, 0x01, 0x01, 0x80, 0x00, 0x01,
0x01, 0x80, 0x00, 0x01, 0x01, 0x80, 0x00, 0x01, 0x01, 0x80, 0x00, 0x01, 0x01, 0x80, 0x00,
0x01, 0x01, 0x80, 0x00, 0xff, 0xff, 0xff, 0x00, 0xff, 0xff, 0xff, 0x00, 0xff, 0xff, 0xff,
0x00, 0xff, 0xff, 0xff, 0x00, 0xff, 0xff, 0xff, 0x00, 0xff, 0xff, 0xff, 0x00, 0xff, 0xff,
0xff, 0x00, 0xff, 0xff, 0xff, 0x00, 0xff, 0xff, 0xff, 0x00, 0xff, 0xff, 0xff, 0x00, 0xff,
0xff, 0xff, 0x00, 0xff, 0xff, 0xff, 0x00, 0xff, 0xff, 0xff, 0x00, 0xff, 0xff, 0xff, 0x00,
0xff, 0xff, 0xff, 0x00, 0x01, 0x01, 0xab, 0x00, 0x01, 0x01, 0xab, 0x00, 0x01, 0x01, 0xab,
0x00, 0x01, 0x01, 0xab, 0x00, 0x01, 0x01, 0xab, 0x00, 0x01, 0x01, 0xab, 0x00, 0x01, 0x01,
0xab, 0x00, 0x01, 0x01, 0xab, 0x00, 0x01, 0x01, 0xab, 0x00, 0x01, 0x01, 0xab, 0x00, 0x01,
0x01, 0xab, 0x00, 0x01, 0x01, 0xab, 0x00, 0x00, 0x00, 0xaa, 0x00, 0x03, 0x05, 0xac, 0x00,
0x21, 0x36, 0xce, 0x00, 0x26, 0x3d, 0xd9, 0x00, 0x25, 0x3c, 0xd8, 0x00, 0x25, 0x3a, 0xd8,
0x00, 0x19, 0x31, 0xbc, 0x00, 0x20, 0x32, 0xca, 0x00, 0x1e, 0x2f, 0xc5, 0x00, 0x23, 0x33,
0xcf, 0x00, 0x1d, 0x2d, 0xce, 0x00, 0x20, 0x34, 0xd6, 0x00, 0x1d, 0x2d, 0xd2, 0x00, 0x24,
0x33, 0xd0, 0x00, 0x22, 0x36, 0xd5, 0x40, 0x27, 0x3e, 0xda, 0xd3, 0x27, 0x3d, 0xda, 0xff,
0x27, 0x3d, 0xd9, 0xff, 0x27, 0x3d, 0xd9, 0xff, 0x27, 0x3d, 0xd9, 0xff, 0x27, 0x3d, 0xd9,
0xff, 0x27, 0x3d, 0xd9, 0xff, 0x27, 0x3d, 0xd9, 0xff, 0x27, 0x3d, 0xd9, 0xff, 0x27, 0x3d,
0xd9, 0xff, 0x27, 0x3d, 0xd9, 0xff, 0x27, 0x3d, 0xd9, 0xff, 0x27, 0x3d, 0xd9, 0xff, 0x27,
0x3d, 0xd9, 0xff, 0x27, 0x3d, 0xd9, 0xff, 0x27, 0x3d, 0xd9, 0xff, 0x27, 0x3d, 0xd9, 0xff,
0x27, 0x3d, 0xd9, 0xff, 0x27, 0x3d, 0xd9, 0xff, 0x27, 0x3d, 0xd9, 0xff, 0x27, 0x3d, 0xd9,
0xff, 0x27, 0x3d, 0xd9, 0xff, 0x27, 0x3d, 0xd9, 0xff, 0x27, 0x3d, 0xd9, 0xff, 0x27, 0x3d,
0xd9, 0xff, 0x27, 0x3d, 0xd9, 0xff, 0x27, 0x3d, 0xd9, 0xff, 0x27, 0x3d, 0xd9, 0xff, 0x27,
0x3d, 0xd9, 0xff, 0x27, 0x3d, 0xd9, 0xff, 0x27, 0x3d, 0xd9, 0xff, 0x27, 0x3d, 0xd9, 0xff,
0x27, 0x3d, 0xd9, 0xff, 0x27, 0x3d, 0xd9, 0xff, 0x27, 0x3d, 0xd9, 0xff, 0x27, 0x3d, 0xd9,
0xff, 0x27, 0x3d, 0xd9, 0xff, 0x27, 0x3d, 0xd9, 0xff, 0x27, 0x3d, 0xd9, 0xff, 0x27, 0x3d,
0xd9, 0xff, 0x27, 0x3d, 0xd9, 0xff, 0x27, 0x3d, 0xd9, 0xff, 0x27, 0x3d, 0xd9, 0xff, 0x27,
0x3d, 0xd9, 0xff, 0x27, 0x3d, 0xd9, 0xff, 0x27, 0x3d, 0xd9, 0xff, 0x27, 0x3d, 0xd9, 0xff,
0x27, 0x3d, 0xd9, 0xff, 0x27, 0x3d, 0xd9, 0xff, 0x27, 0x3d, 0xd9, 0xff, 0x27, 0x3d, 0xd9,
0xff, 0x27, 0x3d, 0xd9, 0xff, 0x27, 0x3d, 0xd9, 0xff, 0x27, 0x3d, 0xd9, 0xff, 0x27, 0x3d,
0xd9, 0xff, 0x27, 0x3d, 0xd9, 0xff, 0x27, 0x3d, 0xd9, 0xff, 0x27, 0x3d, 0xd9, 0xff, 0x27,
0x3c, 0xd8, 0xef, 0x24, 0x3b, 0xd7, 0x64, 0x21, 0x39, 0xd9, 0x04, 0x21, 0x33, 0xd5, 0x00,
0x1b, 0x35, 0xcd, 0x00, 0x19, 0x30, 0xa3, 0x00, 0x1a, 0x2f, 0xd6, 0x00, 0x23, 0x39, 0xd6,
0x00, 0x20, 0x2f, 0xcc, 0x00, 0x23, 0x3b, 0xd8, 0x00, 0x26, 0x3c, 0xd8, 0x00, 0x26, 0x3d,
0xd9, 0x00, 0x27, 0x3c, 0xd8, 0x00, 0x28, 0x3f, 0xda, 0x00, 0x1d, 0x2f, 0xc5, 0x00, 0x01,
0x01, 0x80, 0x00, 0x01, 0x01, 0x7f, 0x00, 0x01, 0x01, 0x80, 0x00, 0x01, 0x01, 0x80, 0x00,
0x01, 0x01, 0x80, 0x00, 0x01, 0x01, 0x80, 0x00, 0x01, 0x01, 0x80, 0x00, 0x01, 0x01, 0x80,
0x00, 0x01, 0x01, 0x80, 0x00, 0x01, 0x01, 0x80, 0x00, 0x01, 0x01, 0x80, 0x00, 0x01, 0x01,
0x80, 0x00, 0x01, 0x01, 0x80, 0x00, 0xff, 0xff, 0xff, 0x00, 0xff, 0xff, 0xff, 0x00, 0xff,
0xff, 0xff, 0x00, 0xff, 0xff, 0xff, 0x00, 0xff, 0xff, 0xff, 0x00, 0xff, 0xff, 0xff, 0x00,
0xff, 0xff, 0xff, 0x00, 0xff, 0xff, 0xff, 0x00, 0xff, 0xff, 0xff, 0x00, 0xff, 0xff, 0xff,
0x00, 0xff, 0xff, 0xff, 0x00, 0xff, 0xff, 0xff, 0x00, 0xff, 0xff, 0xff, 0x00, 0xff, 0xff,
0xff, 0x00, 0xff, 0xff, 0xff, 0x00, 0x01, 0x01, 0xab, 0x00, 0x01, 0x01, 0xab, 0x00, 0x01,
0x01, 0xab, 0x00, 0x01, 0x01, 0xab, 0x00, 0x01, 0x01, 0xab, 0x00, 0x01, 0x01, 0xab, 0x00,
0x01, 0x01, 0xab, 0x00, 0x01, 0x01, 0xab, 0x00, 0x01, 0x01, 0xab, 0x00, 0x01, 0x01, 0xab,
0x00, 0x01, 0x01, 0xab, 0x00, 0x01, 0x01, 0xab, 0x00, 0x00, 0x00, 0xaa, 0x00, 0x03, 0x05,
0xac, 0x00, 0x21, 0x36, 0xce, 0x00, 0x26, 0x3d, 0xd9, 0x00, 0x25, 0x3c, 0xd8, 0x00, 0x25,
0x3a, 0xd8, 0x00, 0x19, 0x31, 0xbc, 0x00, 0x20, 0x32, 0xca, 0x00, 0x1e, 0x2f, 0xc5, 0x00,
0x23, 0x33, 0xcf, 0x00, 0x1d, 0x2d, 0xce, 0x00, 0x20, 0x34, 0xd6, 0x00, 0x1e, 0x2e, 0xd2,
0x15, 0x26, 0x3a, 0xd6, 0x9a, 0x27, 0x3d, 0xd9, 0xff, 0x27, 0x3d, 0xd9, 0xff, 0x27, 0x3d,
0xd9, 0xff, 0x27, 0x3d, 0xd9, 0xff, 0x27, 0x3d, 0xd9, 0xff, 0x27, 0x3d, 0xd9, 0xff, 0x27,
0x3d, 0xd9, 0xff, 0x27, 0x3d, 0xd9, 0xff, 0x27, 0x3d, 0xd9, 0xff, 0x27, 0x3d, 0xd9, 0xff,
0x27, 0x3d, 0xd9, 0xff, 0x27, 0x3d, 0xd9, 0xff, 0x27, 0x3d, 0xd9, 0xff, 0x27, 0x3d, 0xd9,
0xff, 0x27, 0x3d, 0xd9, 0xff, 0x27, 0x3d, 0xd9, 0xff, 0x27, 0x3d, 0xd9, 0xff, 0x27, 0x3d,
0xd9, 0xff, 0x27, 0x3d, 0xd9, 0xff, 0x27, 0x3d, 0xd9, 0xff, 0x27, 0x3d, 0xd9, 0xff, 0x27,
0x3d, 0xd9, 0xff, 0x27, 0x3d, 0xd9, 0xff, 0x27, 0x3d, 0xd9, 0xff, 0x27, 0x3d, 0xd9, 0xff,
0x27, 0x3d, 0xd9, 0xff, 0x27, 0x3d, 0xd9, 0xff, 0x27, 0x3d, 0xd9, 0xff, 0x27, 0x3d, 0xd9,
0xff, 0x27, 0x3d, 0xd9, 0xff, 0x27, 0x3d, 0xd9, 0xff, 0x27, 0x3d, 0xd9, 0xff, 0x27, 0x3d,
0xd9, 0xff, 0x27, 0x3d, 0xd9, 0xff, 0x27, 0x3d, 0xd9, 0xff, 0x27, 0x3d, 0xd9, 0xff, 0x27,
0x3d, 0xd9, 0xff, 0x27, 0x3d, 0xd9, 0xff, 0x27, 0x3d, 0xd9, 0xff, 0x27, 0x3d, 0xd9, 0xff,
0x27, 0x3d, 0xd9, 0xff, 0x27, 0x3d, 0xd9, 0xff, 0x27, 0x3d, 0xd9, 0xff, 0x27, 0x3d, 0xd9,
0xff, 0x27, 0x3d, 0xd9, 0xff, 0x27, 0x3d, 0xd9, 0xff, 0x27, 0x3d, 0xd9, 0xff, 0x27, 0x3d,
0xd9, 0xff, 0x27, 0x3d, 0xd9, 0xff, 0x27, 0x3d, 0xd9, 0xff, 0x27, 0x3d, 0xd9, 0xff, 0x27,
0x3d, 0xd9, 0xff, 0x27, 0x3d, 0xd9, 0xff, 0x27, 0x3d, 0xd9, 0xff, 0x27, 0x3d, 0xd9, 0xff,
0x27, 0x3d, 0xd9, 0xff, 0x27, 0x3d, 0xd9, 0xff, 0x27, 0x3d, 0xd9, 0xff, 0x27, 0x3d, 0xd9,
0xff, 0x27, 0x3d, 0xd9, 0xff, 0x27, 0x3d, 0xd9, 0xff, 0x25, 0x3c, 0xd9, 0xbe, 0x22, 0x35,
0xd5, 0x26, 0x1a, 0x35, 0xcd, 0x00, 0x19, 0x30, 0xa3, 0x00, 0x1a, 0x2f, 0xd6, 0x00, 0x23,
0x39, 0xd6, 0x00, 0x20, 0x2f, 0xcc, 0x00, 0x23, 0x3b, 0xd8, 0x00, 0x26, 0x3c, 0xd8, 0x00,
0x26, 0x3d, 0xd9, 0x00, 0x27, 0x3c, 0xd8, 0x00, 0x28, 0x3f, 0xda, 0x00, 0x1d, 0x2f, 0xc5,
0x00, 0x01, 0x01, 0x80, 0x00, 0x01, 0x01, 0x7f, 0x00, 0x01, 0x01, 0x80, 0x00, 0x01, 0x01,
0x80, 0x00, 0x01, 0x01, 0x80, 0x00, 0x01, 0x01, 0x80, 0x00, 0x01, 0x01, 0x80, 0x00, 0x01,
0x01, 0x80, 0x00, 0x01, 0x01, 0x80, 0x00, 0x01, 0x01, 0x80, 0x00, 0x01, 0x01, 0x80, 0x00,
0x01, 0x01, 0x80, 0x00, 0x01, 0x01, 0x80, 0x00, 0xff, 0xff, 0xff, 0x00, 0xff, 0xff, 0xff,
0x00, 0xff, 0xff, 0xff, 0x00, 0xff, 0xff, 0xff, 0x00, 0xff, 0xff, 0xff, 0x00, 0xff, 0xff,
0xff, 0x00, 0xff, 0xff, 0xff, 0x00, 0xff, 0xff, 0xff, 0x00, 0xff, 0xff, 0xff, 0x00, 0xff,
0xff, 0xff, 0x00, 0xff, 0xff, 0xff, 0x00, 0xff, 0xff, 0xff, 0x00, 0xff, 0xff, 0xff, 0x00,
0xff, 0xff, 0xff, 0x00, 0xff, 0xff, 0xff, 0x00, 0x01, 0x01, 0xab, 0x00, 0x01, 0x01, 0xab,
0x00, 0x01, 0x01, 0xab, 0x00, 0x01, 0x01, 0xab, 0x00, 0x01, 0x01, 0xab, 0x00, 0x01, 0x01,
0xab, 0x00, 0x01, 0x01, 0xab, 0x00, 0x01, 0x01, 0xab, 0x00, 0x01, 0x01, 0xab, 0x00, 0x01,
0x01, 0xab, 0x00, 0x01, 0x01, 0xab, 0x00, 0x01, 0x01, 0xab, 0x00, 0x00, 0x00, 0xaa, 0x00,
0x03, 0x05, 0xac, 0x00, 0x21, 0x36, 0xce, 0x00, 0x26, 0x3d, 0xd9, 0x00, 0x25, 0x3c, 0xd8,
0x00, 0x25, 0x3a, 0xd8, 0x00, 0x19, 0x31, 0xbc, 0x00, 0x20, 0x32, 0xca, 0x00, 0x1e, 0x2f,
0xc5, 0x00, 0x23, 0x33, 0xcf, 0x00, 0x1d, 0x2d, 0xce, 0x00, 0x22, 0x37, 0xd7, 0x3f, 0x27,
0x3d, 0xd9, 0xdd, 0x27, 0x3e, 0xda, 0xff, 0x27, 0x3d, 0xd9, 0xff, 0x27, 0x3d, 0xd9, 0xff,
0x27, 0x3d, 0xd9, 0xff, 0x27, 0x3d, 0xd9, 0xff, 0x27, 0x3d, 0xd9, 0xff, 0x27, 0x3d, 0xd9,
0xff, 0x27, 0x3d, 0xd9, 0xff, 0x27, 0x3d, 0xd9, 0xff, 0x27, 0x3d, 0xd9, 0xff, 0x27, 0x3d,
0xd9, 0xff, 0x27, 0x3d, 0xd9, 0xff, 0x27, 0x3d, 0xd9, 0xff, 0x27, 0x3d, 0xd9, 0xff, 0x27,
0x3d, 0xd9, 0xff, 0x27, 0x3d, 0xd9, 0xff, 0x27, 0x3d, 0xd9, 0xff, 0x27, 0x3d, 0xd9, 0xff,
0x27, 0x3d, 0xd9, 0xff, 0x27, 0x3d, 0xd9, 0xff, 0x27, 0x3d, 0xd9, 0xff, 0x27, 0x3d, 0xd9,
0xff, 0x27, 0x3d, 0xd9, 0xff, 0x27, 0x3d, 0xd9, 0xff, 0x27, 0x3d, 0xd9, 0xff, 0x27, 0x3d,
0xd9, 0xff, 0x27, 0x3d, 0xd9, 0xff, 0x27, 0x3d, 0xd9, 0xff, 0x27, 0x3d, 0xd9, 0xff, 0x27,
0x3d, 0xd9, 0xff, 0x27, 0x3d, 0xd9, 0xff, 0x27, 0x3d, 0xd9, 0xff, 0x27, 0x3d, 0xd9, 0xff,
0x27, 0x3d, 0xd9, 0xff, 0x27, 0x3d, 0xd9, 0xff, 0x27, 0x3d, 0xd9, 0xff, 0x27, 0x3d, 0xd9,
0xff, 0x27, 0x3d, 0xd9, 0xff, 0x27, 0x3d, 0xd9, 0xff, 0x27, 0x3d, 0xd9, 0xff, 0x27, 0x3d,
0xd9, 0xff, 0x27, 0x3d, 0xd9, 0xff, 0x27, 0x3d, 0xd9, 0xff, 0x27, 0x3d, 0xd9, 0xff, 0x27,
0x3d, 0xd9, 0xff, 0x27, 0x3d, 0xd9, 0xff, 0x27, 0x3d, 0xd9, 0xff, 0x27, 0x3d, 0xd9, 0xff,
0x27, 0x3d, 0xd9, 0xff, 0x27, 0x3d, 0xd9, 0xff, 0x27, 0x3d, 0xd9, 0xff, 0x27, 0x3d, 0xd9,
0xff, 0x27, 0x3d, 0xd9, 0xff, 0x27, 0x3d, 0xd9, 0xff, 0x27, 0x3d, 0xd9, 0xff, 0x27, 0x3d,
0xd9, 0xff, 0x27, 0x3d, 0xd9, 0xff, 0x27, 0x3d, 0xd9, 0xff, 0x27, 0x3d, 0xd9, 0xff, 0x27,
0x3d, 0xd9, 0xff, 0x27, 0x3d, 0xd9, 0xff, 0x27, 0x3d, 0xd9, 0xff, 0x27, 0x3d, 0xd9, 0xff,
0x28, 0x3d, 0xda, 0xee, 0x1e, 0x39, 0xcf, 0x57, 0x19, 0x2f, 0xa1, 0x00, 0x1a, 0x2f, 0xd6,
0x00, 0x23, 0x39, 0xd6, 0x00, 0x20, 0x2f, 0xcc, 0x00, 0x23, 0x3b, 0xd8, 0x00, 0x26, 0x3c,
0xd8, 0x00, 0x26, 0x3d, 0xd9, 0x00, 0x27, 0x3c, 0xd8, 0x00, 0x28, 0x3f, 0xda, 0x00, 0x1d,
0x2f, 0xc5, 0x00, 0x01, 0x01, 0x80, 0x00, 0x01, 0x01, 0x7f, 0x00, 0x01, 0x01, 0x80, 0x00,
0x01, 0x01, 0x80, 0x00, 0x01, 0x01, 0x80, 0x00, 0x01, 0x01, 0x80, 0x00, 0x01, 0x01, 0x80,
0x00, 0x01, 0x01, 0x80, 0x00, 0x01, 0x01, 0x80, 0x00, 0x01, 0x01, 0x80, 0x00, 0x01, 0x01,
0x80, 0x00, 0x01, 0x01, 0x80, 0x00, 0x01, 0x01, 0x80, 0x00, 0xff, 0xff, 0xff, 0x00, 0xff,
0xff, 0xff, 0x00, 0xff, 0xff, 0xff, 0x00, 0xff, 0xff, 0xff, 0x00, 0xff, 0xff, 0xff, 0x00,
0xff, 0xff, 0xff, 0x00, 0xff, 0xff, 0xff, 0x00, 0xff, 0xff, 0xff, 0x00, 0xff, 0xff, 0xff,
0x00, 0xff, 0xff, 0xff, 0x00, 0xff, 0xff, 0xff, 0x00, 0xff, 0xff, 0xff, 0x00, 0xff, 0xff,
0xff, 0x00, 0xff, 0xff, 0xff, 0x00, 0xff, 0xff, 0xff, 0x00, 0x01, 0x01, 0xab, 0x00, 0x01,
0x01, 0xab, 0x00, 0x01, 0x01, 0xab, 0x00, 0x01, 0x01, 0xab, 0x00, 0x01, 0x01, 0xab, 0x00,
0x01, 0x01, 0xab, 0x00, 0x01, 0x01, 0xab, 0x00, 0x01, 0x01, 0xab, 0x00, 0x01, 0x01, 0xab,
0x00, 0x01, 0x01, 0xab, 0x00, 0x01, 0x01, 0xab, 0x00, 0x01, 0x01, 0xab, 0x00, 0x00, 0x00,
0xaa, 0x00, 0x03, 0x05, 0xac, 0x00, 0x21, 0x36, 0xce, 0x00, 0x26, 0x3d, 0xd9, 0x00, 0x25,
0x3c, 0xd8, 0x00, 0x25, 0x3a, 0xd8, 0x00, 0x19, 0x31, 0xbc, 0x00, 0x20, 0x32, 0xca, 0x00,
0x1e, 0x2e, 0xc4, 0x00, 0x24, 0x34, 0xd0, 0x00, 0x21, 0x34, 0xd2, 0x7a, 0x28, 0x3e, 0xda,
0xfc, 0x27, 0x3d, 0xd9, 0xff, 0x27, 0x3d, 0xd9, 0xff, 0x27, 0x3d, 0xd9, 0xff, 0x27, 0x3d,
0xd9, 0xff, 0x27, 0x3d, 0xd9, 0xff, 0x27, 0x3d, 0xd9, 0xff, 0x27, 0x3d, 0xd9, 0xff, 0x27,
0x3d, 0xd9, 0xff, 0x27, 0x3d, 0xd9, 0xff, 0x27, 0x3d, 0xd9, 0xff, 0x27, 0x3d, 0xd9, 0xff,
0x27, 0x3d, 0xd9, 0xff, 0x27, 0x3d, 0xd9, 0xff, 0x27, 0x3d, 0xd9, 0xff, 0x27, 0x3d, 0xd9,
0xff, 0x27, 0x3d, 0xd9, 0xff, 0x27, 0x3d, 0xd9, 0xff, 0x27, 0x3d, 0xd9, 0xff, 0x27, 0x3d,
0xd9, 0xff, 0x27, 0x3d, 0xd9, 0xff, 0x27, 0x3d, 0xd9, 0xff, 0x27, 0x3d, 0xd9, 0xff, 0x27,
0x3d, 0xd9, 0xff, 0x27, 0x3d, 0xd9, 0xff, 0x27, 0x3d, 0xd9, 0xff, 0x27, 0x3d, 0xd9, 0xff,
0x27, 0x3d, 0xd9, 0xff, 0x27, 0x3d, 0xd9, 0xff, 0x27, 0x3d, 0xd9, 0xff, 0x27, 0x3d, 0xd9,
0xff, 0x27, 0x3d, 0xd9, 0xff, 0x27, 0x3d, 0xd9, 0xff, 0x27, 0x3d, 0xd9, 0xff, 0x27, 0x3d,
0xd9, 0xff, 0x27, 0x3d, 0xd9, 0xff, 0x27, 0x3d, 0xd9, 0xff, 0x27, 0x3d, 0xd9, 0xff, 0x27,
0x3d, 0xd9, 0xff, 0x27, 0x3d, 0xd9, 0xff, 0x27, 0x3d, 0xd9, 0xff, 0x27, 0x3d, 0xd9, 0xff,
0x27, 0x3d, 0xd9, 0xff, 0x27, 0x3d, 0xd9, 0xff, 0x27, 0x3d, 0xd9, 0xff, 0x27, 0x3d, 0xd9,
0xff, 0x27, 0x3d, 0xd9, 0xff, 0x27, 0x3d, 0xd9, 0xff, 0x27, 0x3d, 0xd9, 0xff, 0x27, 0x3d,
0xd9, 0xff, 0x27, 0x3d, 0xd9, 0xff, 0x27, 0x3d, 0xd9, 0xff, 0x27, 0x3d, 0xd9, 0xff, 0x27,
0x3d, 0xd9, 0xff, 0x27, 0x3d, 0xd9, 0xff, 0x27, 0x3d, 0xd9, 0xff, 0x27, 0x3d, 0xd9, 0xff,
0x27, 0x3d, 0xd9, 0xff, 0x27, 0x3d, 0xd9, 0xff, 0x27, 0x3d, 0xd9, 0xff, 0x27, 0x3d, 0xd9,
0xff, 0x27, 0x3d, 0xd9, 0xff, 0x27, 0x3d, 0xd9, 0xff, 0x27, 0x3d, 0xd9, 0xff, 0x27, 0x3d,
0xd9, 0xff, 0x27, 0x3d, 0xd9, 0xff, 0x27, 0x3d, 0xd8, 0xff, 0x23, 0x3a, 0xcb, 0x8e, 0x19,
0x2e, 0xd3, 0x01, 0x23, 0x39, 0xd6, 0x00, 0x20, 0x2f, 0xcc, 0x00, 0x23, 0x3b, 0xd8, 0x00,
0x26, 0x3c, 0xd8, 0x00, 0x26, 0x3d, 0xd9, 0x00, 0x27, 0x3c, 0xd8, 0x00, 0x28, 0x3f, 0xda,
0x00, 0x1d, 0x2f, 0xc5, 0x00, 0x01, 0x01, 0x80, 0x00, 0x01, 0x01, 0x7f, 0x00, 0x01, 0x01,
0x80, 0x00, 0x01, 0x01, 0x80, 0x00, 0x01, 0x01, 0x80, 0x00, 0x01, 0x01, 0x80, 0x00, 0x01,
0x01, 0x80, 0x00, 0x01, 0x01, 0x80, 0x00, 0x01, 0x01, 0x80, 0x00, 0x01, 0x01, 0x80, 0x00,
0x01, 0x01, 0x80, 0x00, 0x01, 0x01, 0x80, 0x00, 0x01, 0x01, 0x80, 0x00, 0xff, 0xff, 0xff,
0x00, 0xff, 0xff, 0xff, 0x00, 0xff, 0xff, 0xff, 0x00, 0xff, 0xff, 0xff, 0x00, 0xff, 0xff,
0xff, 0x00, 0xff, 0xff, 0xff, 0x00, 0xff, 0xff, 0xff, 0x00, 0xff, 0xff, 0xff, 0x00, 0xff,
0xff, 0xff, 0x00, 0xff, 0xff, 0xff, 0x00, 0xff, 0xff, 0xff, 0x00, 0xff, 0xff, 0xff, 0x00,
0xff, 0xff, 0xff, 0x00, 0xff, 0xff, 0xff, 0x00, 0xff, 0xff, 0xff, 0x00, 0x01, 0x01, 0xab,
0x00, 0x01, 0x01, 0xab, 0x00, 0x01, 0x01, 0xab, 0x00, 0x01, 0x01, 0xab, 0x00, 0x01, 0x01,
0xab, 0x00, 0x01, 0x01, 0xab, 0x00, 0x01, 0x01, 0xab, 0x00, 0x01, 0x01, 0xab, 0x00, 0x01,
0x01, 0xab, 0x00, 0x01, 0x01, 0xab, 0x00, 0x01, 0x01, 0xab, 0x00, 0x01, 0x01, 0xab, 0x00,
0x00, 0x00, 0xaa, 0x00, 0x03, 0x05, 0xac, 0x00, 0x21, 0x36, 0xce, 0x00, 0x26, 0x3d, 0xd9,
0x00, 0x25, 0x3c, 0xd8, 0x00, 0x25, 0x3a, 0xd8, 0x00, 0x19, 0x31, 0xbc, 0x00, 0x1f, 0x32,
0xca, 0x00, 0x1d, 0x2e, 0xc5, 0x0f, 0x28, 0x3d, 0xd8, 0xae, 0x27, 0x3e, 0xda, 0xff, 0x27,
0x3d, 0xd9, 0xff, 0x27, 0x3d, 0xd9, 0xff, 0x27, 0x3d, 0xd9, 0xff, 0x27, 0x3d, 0xd9, 0xff,
0x27, 0x3d, 0xd9, 0xff, 0x27, 0x3d, 0xd9, 0xff, 0x27, 0x3d, 0xd9, 0xff, 0x27, 0x3d, 0xd9,
0xff, 0x27, 0x3d, 0xd9, 0xff, 0x27, 0x3d, 0xd9, 0xff, 0x27, 0x3d, 0xd9, 0xff, 0x27, 0x3d,
0xd9, 0xff, 0x27, 0x3d, 0xd9, 0xff, 0x27, 0x3d, 0xd9, 0xff, 0x27, 0x3d, 0xd9, 0xff, 0x27,
0x3d, 0xd9, 0xff, 0x27, 0x3d, 0xd9, 0xff, 0x27, 0x3d, 0xd9, 0xff, 0x27, 0x3d, 0xd9, 0xff,
0x27, 0x3d, 0xd9, 0xff, 0x27, 0x3d, 0xd9, 0xff, 0x27, 0x3d, 0xd9, 0xff, 0x27, 0x3d, 0xd9,
0xff, 0x27, 0x3d, 0xd9, 0xff, 0x27, 0x3d, 0xd9, 0xff, 0x27, 0x3d, 0xd9, 0xff, 0x27, 0x3d,
0xd9, 0xff, 0x27, 0x3d, 0xd9, 0xff, 0x27, 0x3d, 0xd9, 0xff, 0x27, 0x3d, 0xd9, 0xff, 0x27,
0x3d, 0xd9, 0xff, 0x27, 0x3d, 0xd9, 0xff, 0x27, 0x3d, 0xd9, 0xff, 0x27, 0x3d, 0xd9, 0xff,
0x27, 0x3d, 0xd9, 0xff, 0x27, 0x3d, 0xd9, 0xff, 0x27, 0x3d, 0xd9, 0xff, 0x27, 0x3d, 0xd9,
0xff, 0x27, 0x3d, 0xd9, 0xff, 0x27, 0x3d, 0xd9, 0xff, 0x27, 0x3d, 0xd9, 0xff, 0x27, 0x3d,
0xd9, 0xff, 0x27, 0x3d, 0xd9, 0xff, 0x27, 0x3d, 0xd9, 0xff, 0x27, 0x3d, 0xd9, 0xff, 0x27,
0x3d, 0xd9, 0xff, 0x27, 0x3d, 0xd9, 0xff, 0x27, 0x3d, 0xd9, 0xff, 0x27, 0x3d, 0xd9, 0xff,
0x27, 0x3d, 0xd9, 0xff, 0x27, 0x3d, 0xd9, 0xff, 0x27, 0x3d, 0xd9, 0xff, 0x27, 0x3d, 0xd9,
0xff, 0x27, 0x3d, 0xd9, 0xff, 0x27, 0x3d, 0xd9, 0xff, 0x27, 0x3d, 0xd9, 0xff, 0x27, 0x3d,
0xd9, 0xff, 0x27, 0x3d, 0xd9, 0xff, 0x27, 0x3d, 0xd9, 0xff, 0x27, 0x3d, 0xd9, 0xff, 0x27,
0x3d, 0xd9, 0xff, 0x27, 0x3d, 0xd9, 0xff, 0x27, 0x3d, 0xd9, 0xff, 0x27, 0x3d, 0xd9, 0xff,
0x27, 0x3d, 0xd9, 0xff, 0x27, 0x3d, 0xd9, 0xff, 0x27, 0x3d, 0xd9, 0xff, 0x28, 0x3e, 0xdc,
0xff, 0x23, 0x39, 0xd7, 0xb4, 0x25, 0x3b, 0xd7, 0x0e, 0x1f, 0x2f, 0xcc, 0x00, 0x23, 0x3b,
0xd8, 0x00, 0x26, 0x3c, 0xd8, 0x00, 0x26, 0x3d, 0xd9, 0x00, 0x27, 0x3c, 0xd8, 0x00, 0x28,
0x3f, 0xda, 0x00, 0x1d, 0x2f, 0xc5, 0x00, 0x01, 0x01, 0x80, 0x00, 0x01, 0x01, 0x7f, 0x00,
0x01, 0x01, 0x80, 0x00, 0x01, 0x01, 0x80, 0x00, 0x01, 0x01, 0x80, 0x00, 0x01, 0x01, 0x80,
0x00, 0x01, 0x01, 0x80, 0x00, 0x01, 0x01, 0x80, 0x00, 0x01, 0x01, 0x80, 0x00, 0x01, 0x01,
0x80, 0x00, 0x01, 0x01, 0x80, 0x00, 0x01, 0x01, 0x80, 0x00, 0x01, 0x01, 0x80, 0x00, 0xff,
0xff, 0xff, 0x00, 0xff, 0xff, 0xff, 0x00, 0xff, 0xff, 0xff, 0x00, 0xff, 0xff, 0xff, 0x00,
0xff, 0xff, 0xff, 0x00, 0xff, 0xff, 0xff, 0x00, 0xff, 0xff, 0xff, 0x00, 0xff, 0xff, 0xff,
0x00, 0xff, 0xff, 0xff, 0x00, 0xff, 0xff, 0xff, 0x00, 0xff, 0xff, 0xff, 0x00, 0xff, 0xff,
0xff, 0x00, 0xff, 0xff, 0xff, 0x00, 0xff, 0xff, 0xff, 0x00, 0xff, 0xff, 0xff, 0x00, 0x01,
0x01, 0xab, 0x00, 0x01, 0x01, 0xab, 0x00, 0x01, 0x01, 0xab, 0x00, 0x01, 0x01, 0xab, 0x00,
0x01, 0x01, 0xab, 0x00, 0x01, 0x01, 0xab, 0x00, 0x01, 0x01, 0xab, 0x00, 0x01, 0x01, 0xab,
0x00, 0x01, 0x01, 0xab, 0x00, 0x01, 0x01, 0xab, 0x00, 0x01, 0x01, 0xab, 0x00, 0x01, 0x01,
0xab, 0x00, 0x00, 0x00, 0xaa, 0x00, 0x03, 0x05, 0xac, 0x00, 0x21, 0x36, 0xce, 0x00, 0x26,
0x3d, 0xd9, 0x00, 0x25, 0x3c, 0xd8, 0x00, 0x25, 0x3a, 0xd8, 0x00, 0x18, 0x30, 0xb9, 0x00,
0x23, 0x38, 0xd1, 0x29, 0x24, 0x39, 0xd5, 0xd2, 0x27, 0x3e, 0xda, 0xff, 0x27, 0x3d, 0xd9,
0xff, 0x27, 0x3d, 0xd9, 0xff, 0x27, 0x3d, 0xd9, 0xff, 0x27, 0x3d, 0xd9, 0xff, 0x27, 0x3d,
0xd9, 0xff, 0x27, 0x3d, 0xd9, 0xff, 0x27, 0x3d, 0xd9, 0xff, 0x27, 0x3d, 0xd9, 0xff, 0x27,
0x3d, 0xd9, 0xff, 0x27, 0x3d, 0xd9, 0xff, 0x27, 0x3d, 0xd9, 0xff, 0x27, 0x3d, 0xd9, 0xff,
0x27, 0x3d, 0xd9, 0xff, 0x27, 0x3d, 0xd9, 0xff, 0x27, 0x3d, 0xd9, 0xff, 0x27, 0x3d, 0xd9,
0xff, 0x27, 0x3d, 0xd9, 0xff, 0x27, 0x3d, 0xd9, 0xff, 0x27, 0x3d, 0xd9, 0xff, 0x27, 0x3d,
0xd9, 0xff, 0x27, 0x3d, 0xd9, 0xff, 0x27, 0x3d, 0xd9, 0xff, 0x27, 0x3d, 0xd9, 0xff, 0x27,
0x3d, 0xd9, 0xff, 0x27, 0x3d, 0xd9, 0xff, 0x27, 0x3d, 0xd9, 0xff, 0x27, 0x3d, 0xd9, 0xff,
0x27, 0x3d, 0xd9, 0xff, 0x27, 0x3d, 0xd9, 0xff, 0x27, 0x3d, 0xd9, 0xff, 0x27, 0x3d, 0xd9,
0xff, 0x27, 0x3d, 0xd9, 0xff, 0x27, 0x3d, 0xd9, 0xff, 0x27, 0x3d, 0xd9, 0xff, 0x27, 0x3d,
0xd9, 0xff, 0x27, 0x3d, 0xd9, 0xff, 0x27, 0x3d, 0xd9, 0xff, 0x27, 0x3d, 0xd9, 0xff, 0x27,
0x3d, 0xd9, 0xff, 0x27, 0x3d, 0xd9, 0xff, 0x27, 0x3d, 0xd9, 0xff, 0x27, 0x3d, 0xd9, 0xff,
0x27, 0x3d, 0xd9, 0xff, 0x27, 0x3d, 0xd9, 0xff, 0x27, 0x3d, 0xd9, 0xff, 0x27, 0x3d, 0xd9,
0xff, 0x27, 0x3d, 0xd9, 0xff, 0x27, 0x3d, 0xd9, 0xff, 0x27, 0x3d, 0xd9, 0xff, 0x27, 0x3d,
0xd9, 0xff, 0x27, 0x3d, 0xd9, 0xff, 0x27, 0x3d, 0xd9, 0xff, 0x27, 0x3d, 0xd9, 0xff, 0x27,
0x3d, 0xd9, 0xff, 0x27, 0x3d, 0xd9, 0xff, 0x27, 0x3d, 0xd9, 0xff, 0x27, 0x3d, 0xd9, 0xff,
0x27, 0x3d, 0xd9, 0xff, 0x27, 0x3d, 0xd9, 0xff, 0x27, 0x3d, 0xd9, 0xff, 0x27, 0x3d, 0xd9,
0xff, 0x27, 0x3d, 0xd9, 0xff, 0x27, 0x3d, 0xd9, 0xff, 0x27, 0x3d, 0xd9, 0xff, 0x27, 0x3d,
0xd9, 0xff, 0x27, 0x3d, 0xd9, 0xff, 0x27, 0x3d, 0xd9, 0xff, 0x27, 0x3d, 0xd9, 0xff, 0x27,
0x3d, 0xd9, 0xff, 0x28, 0x3e, 0xd9, 0xff, 0x27, 0x3c, 0xd8, 0xce, 0x20, 0x31, 0xce, 0x20,
0x23, 0x3b, 0xd8, 0x00, 0x26, 0x3c, 0xd8, 0x00, 0x26, 0x3d, 0xd9, 0x00, 0x27, 0x3c, 0xd8,
0x00, 0x28, 0x3f, 0xda, 0x00, 0x1d, 0x2f, 0xc5, 0x00, 0x01, 0x01, 0x80, 0x00, 0x01, 0x01,
0x7f, 0x00, 0x01, 0x01, 0x80, 0x00, 0x01, 0x01, 0x80, 0x00, 0x01, 0x01, 0x80, 0x00, 0x01,
0x01, 0x80, 0x00, 0x01, 0x01, 0x80, 0x00, 0x01, 0x01, 0x80, 0x00, 0x01, 0x01, 0x80, 0x00,
0x01, 0x01, 0x80, 0x00, 0x01, 0x01, 0x80, 0x00, 0x01, 0x01, 0x80, 0x00, 0x01, 0x01, 0x80,
0x00, 0xff, 0xff, 0xff, 0x00, 0xff, 0xff, 0xff, 0x00, 0xff, 0xff, 0xff, 0x00, 0xff, 0xff,
0xff, 0x00, 0xff, 0xff, 0xff, 0x00, 0xff, 0xff, 0xff, 0x00, 0xff, 0xff, 0xff, 0x00, 0xff,
0xff, 0xff, 0x00, 0xff, 0xff, 0xff, 0x00, 0xff, 0xff, 0xff, 0x00, 0xff, 0xff, 0xff, 0x00,
0xff, 0xff, 0xff, 0x00, 0xff, 0xff, 0xff, 0x00, 0xff, 0xff, 0xff, 0x00, 0xff, 0xff, 0xff,
0x00, 0x01, 0x01, 0xab, 0x00, 0x01, 0x01, 0xab, 0x00, 0x01, 0x01, 0xab, 0x00, 0x01, 0x01,
0xab, 0x00, 0x01, 0x01, 0xab, 0x00, 0x01, 0x01, 0xab, 0x00, 0x01, 0x01, 0xab, 0x00, 0x01,
0x01, 0xab, 0x00, 0x01, 0x01, 0xab, 0x00, 0x01, 0x01, 0xab, 0x00, 0x01, 0x01, 0xab, 0x00,
0x01, 0x01, 0xab, 0x00, 0x00, 0x00, 0xaa, 0x00, 0x03, 0x05, 0xac, 0x00, 0x21, 0x36, 0xce,
0x00, 0x26, 0x3d, 0xd9, 0x00, 0x25, 0x3c, 0xd8, 0x00, 0x24, 0x3a, 0xd7, 0x00, 0x1c, 0x34,
0xc8, 0x3b, 0x27, 0x3d, 0xd8, 0xde, 0x27, 0x3e, 0xda, 0xff, 0x27, 0x3d, 0xd9, 0xff, 0x27,
0x3d, 0xd9, 0xff, 0x27, 0x3d, 0xd9, 0xff, 0x27, 0x3d, 0xd9, 0xff, 0x27, 0x3d, 0xd9, 0xff,
0x27, 0x3d, 0xd9, 0xff, 0x27, 0x3d, 0xd9, 0xff, 0x27, 0x3d, 0xd9, 0xff, 0x27, 0x3d, 0xd9,
0xff, 0x27, 0x3d, 0xd9, 0xff, 0x27, 0x3d, 0xd9, 0xff, 0x27, 0x3d, 0xd9, 0xff, 0x27, 0x3d,
0xd9, 0xff, 0x27, 0x3d, 0xd9, 0xff, 0x27, 0x3d, 0xd9, 0xff, 0x27, 0x3d, 0xd9, 0xff, 0x27,
0x3d, 0xd9, 0xff, 0x27, 0x3d, 0xd9, 0xff, 0x27, 0x3d, 0xd9, 0xff, 0x27, 0x3d, 0xd9, 0xff,
0x27, 0x3d, 0xd9, 0xff, 0x27, 0x3d, 0xd9, 0xff, 0x27, 0x3d, 0xd9, 0xff, 0x27, 0x3d, 0xd9,
0xff, 0x27, 0x3d, 0xd9, 0xff, 0x27, 0x3d, 0xd9, 0xff, 0x27, 0x3d, 0xd9, 0xff, 0x27, 0x3d,
0xd9, 0xff, 0x27, 0x3d, 0xd9, 0xff, 0x27, 0x3d, 0xd9, 0xff, 0x27, 0x3d, 0xd9, 0xff, 0x27,
0x3d, 0xd9, 0xff, 0x27, 0x3d, 0xd9, 0xff, 0x27, 0x3d, 0xd9, 0xff, 0x27, 0x3d, 0xd9, 0xff,
0x27, 0x3d, 0xd9, 0xff, 0x27, 0x3d, 0xd9, 0xff, 0x27, 0x3d, 0xd9, 0xff, 0x27, 0x3d, 0xd9,
0xff, 0x27, 0x3d, 0xd9, 0xff, 0x27, 0x3d, 0xd9, 0xff, 0x27, 0x3d, 0xd9, 0xff, 0x27, 0x3d,
0xd9, 0xff, 0x27, 0x3d, 0xd9, 0xff, 0x27, 0x3d, 0xd9, 0xff, 0x27, 0x3d, 0xd9, 0xff, 0x27,
0x3d, 0xd9, 0xff, 0x27, 0x3d, 0xd9, 0xff, 0x27, 0x3d, 0xd9, 0xff, 0x27, 0x3d, 0xd9, 0xff,
0x27, 0x3d, 0xd9, 0xff, 0x27, 0x3d, 0xd9, 0xff, 0x27, 0x3d, 0xd9, 0xff, 0x27, 0x3d, 0xd9,
0xff, 0x27, 0x3d, 0xd9, 0xff, 0x27, 0x3d, 0xd9, 0xff, 0x27, 0x3d, 0xd9, 0xff, 0x27, 0x3d,
0xd9, 0xff, 0x27, 0x3d, 0xd9, 0xff, 0x27, 0x3d, 0xd9, 0xff, 0x27, 0x3d, 0xd9, 0xff, 0x27,
0x3d, 0xd9, 0xff, 0x27, 0x3d, 0xd9, 0xff, 0x27, 0x3d, 0xd9, 0xff, 0x27, 0x3d, 0xd9, 0xff,
0x27, 0x3d, 0xd9, 0xff, 0x27, 0x3d, 0xd9, 0xff, 0x27, 0x3d, 0xd9, 0xff, 0x27, 0x3d, 0xd9,
0xff, 0x27, 0x3d, 0xd9, 0xff, 0x27, 0x3d, 0xd9, 0xff, 0x27, 0x3d, 0xd9, 0xff, 0x26, 0x3c,
0xd8, 0xd4, 0x24, 0x3b, 0xd8, 0x29, 0x26, 0x3c, 0xd8, 0x00, 0x26, 0x3d, 0xd9, 0x00, 0x27,
0x3c, 0xd8, 0x00, 0x28, 0x3f, 0xda, 0x00, 0x1d, 0x2f, 0xc5, 0x00, 0x01, 0x01, 0x80, 0x00,
0x01, 0x01, 0x7f, 0x00, 0x01, 0x01, 0x80, 0x00, 0x01, 0x01, 0x80, 0x00, 0x01, 0x01, 0x80,
0x00, 0x01, 0x01, 0x80, 0x00, 0x01, 0x01, 0x80, 0x00, 0x01, 0x01, 0x80, 0x00, 0x01, 0x01,
0x80, 0x00, 0x01, 0x01, 0x80, 0x00, 0x01, 0x01, 0x80, 0x00, 0x01, 0x01, 0x80, 0x00, 0x01,
0x01, 0x80, 0x00, 0xff, 0xff, 0xff, 0x00, 0xff, 0xff, 0xff, 0x00, 0xff, 0xff, 0xff, 0x00,
0xff, 0xff, 0xff, 0x00, 0xff, 0xff, 0xff, 0x00, 0xff, 0xff, 0xff, 0x00, 0xff, 0xff, 0xff,
0x00, 0xff, 0xff, 0xff, 0x00, 0xff, 0xff, 0xff, 0x00, 0xff, 0xff, 0xff, 0x00, 0xff, 0xff,
0xff, 0x00, 0xff, 0xff, 0xff, 0x00, 0xff, 0xff, 0xff, 0x00, 0xff, 0xff, 0xff, 0x00, 0xff,
0xff, 0xff, 0x00, 0x01, 0x01, 0xab, 0x00, 0x01, 0x01, 0xab, 0x00, 0x01, 0x01, 0xab, 0x00,
0x01, 0x01, 0xab, 0x00, 0x01, 0x01, 0xab, 0x00, 0x01, 0x01, 0xab, 0x00, 0x01, 0x01, 0xab,
0x00, 0x01, 0x01, 0xab, 0x00, 0x01, 0x01, 0xab, 0x00, 0x01, 0x01, 0xab, 0x00, 0x01, 0x01,
0xab, 0x00, 0x01, 0x01, 0xab, 0x00, 0x00, 0x00, 0xaa, 0x00, 0x03, 0x05, 0xac, 0x00, 0x21,
0x36, 0xce, 0x00, 0x26, 0x3d, 0xd9, 0x00, 0x25, 0x3c, 0xd8, 0x00, 0x25, 0x3c, 0xd7, 0x48,
0x27, 0x3d, 0xda, 0xeb, 0x27, 0x3d, 0xd9, 0xff, 0x27, 0x3d, 0xd9, 0xff, 0x27, 0x3d, 0xd9,
0xff, 0x27, 0x3d, 0xd9, 0xff, 0x27, 0x3d, 0xd9, 0xff, 0x27, 0x3d, 0xd9, 0xff, 0x27, 0x3d,
0xd9, 0xff, 0x27, 0x3d, 0xd9, 0xff, 0x27, 0x3d, 0xd9, 0xff, 0x27, 0x3d, 0xd9, 0xff, 0x27,
0x3d, 0xd9, 0xff, 0x27, 0x3d, 0xd9, 0xff, 0x27, 0x3d, 0xd9, 0xff, 0x27, 0x3d, 0xd9, 0xff,
0x27, 0x3d, 0xd9, 0xff, 0x27, 0x3d, 0xd9, 0xff, 0x27, 0x3d, 0xd9, 0xff, 0x27, 0x3d, 0xd9,
0xff, 0x27, 0x3d, 0xd9, 0xff, 0x27, 0x3d, 0xd9, 0xff, 0x27, 0x3d, 0xd9, 0xff, 0x27, 0x3d,
0xd9, 0xff, 0x27, 0x3d, 0xd9, 0xff, 0x27, 0x3d, 0xd9, 0xff, 0x27, 0x3d, 0xd9, 0xff, 0x27,
0x3d, 0xd9, 0xff, 0x27, 0x3d, 0xd9, 0xff, 0x27, 0x3d, 0xd9, 0xff, 0x27, 0x3d, 0xd9, 0xff,
0x27, 0x3d, 0xd9, 0xff, 0x27, 0x3d, 0xd9, 0xff, 0x27, 0x3d, 0xd9, 0xff, 0x27, 0x3d, 0xd9,
0xff, 0x27, 0x3d, 0xd9, 0xff, 0x27, 0x3d, 0xd9, 0xff, 0x27, 0x3d, 0xd9, 0xff, 0x27, 0x3d,
0xd9, 0xff, 0x27, 0x3d, 0xd9, 0xff, 0x27, 0x3d, 0xd9, 0xff, 0x27, 0x3d, 0xd9, 0xff, 0x27,
0x3d, 0xd9, 0xff, 0x27, 0x3d, 0xd9, 0xff, 0x27, 0x3d, 0xd9, 0xff, 0x27, 0x3d, 0xd9, 0xff,
0x27, 0x3d, 0xd9, 0xff, 0x27, 0x3d, 0xd9, 0xff, 0x27, 0x3d, 0xd9, 0xff, 0x27, 0x3d, 0xd9,
0xff, 0x27, 0x3d, 0xd9, 0xff, 0x27, 0x3d, 0xd9, 0xff, 0x27, 0x3d, 0xd9, 0xff, 0x27, 0x3d,
0xd9, 0xff, 0x27, 0x3d, 0xd9, 0xff, 0x27, 0x3d, 0xd9, 0xff, 0x27, 0x3d, 0xd9, 0xff, 0x27,
0x3d, 0xd9, 0xff, 0x27, 0x3d, 0xd9, 0xff, 0x27, 0x3d, 0xd9, 0xff, 0x27, 0x3d, 0xd9, 0xff,
0x27, 0x3d, 0xd9, 0xff, 0x27, 0x3d, 0xd9, 0xff, 0x27, 0x3d, 0xd9, 0xff, 0x27, 0x3d, 0xd9,
0xff, 0x27, 0x3d, 0xd9, 0xff, 0x27, 0x3d, 0xd9, 0xff, 0x27, 0x3d, 0xd9, 0xff, 0x27, 0x3d,
0xd9, 0xff, 0x27, 0x3d, 0xd9, 0xff, 0x27, 0x3d, 0xd9, 0xff, 0x27, 0x3d, 0xd9, 0xff, 0x27,
0x3d, 0xd9, 0xff, 0x27, 0x3d, 0xd9, 0xff, 0x27, 0x3d, 0xd9, 0xff, 0x27, 0x3d, 0xd9, 0xff,
0x27, 0x3d, 0xd9, 0xff, 0x27, 0x3d, 0xd9, 0xdb, 0x27, 0x3d, 0xd8, 0x2f, 0x26, 0x3d, 0xd9,
0x00, 0x27, 0x3c, 0xd8, 0x00, 0x28, 0x3f, 0xda, 0x00, 0x1d, 0x2f, 0xc5, 0x00, 0x01, 0x01,
0x80, 0x00, 0x01, 0x01, 0x7f, 0x00, 0x01, 0x01, 0x80, 0x00, 0x01, 0x01, 0x80, 0x00, 0x01,
0x01, 0x80, 0x00, 0x01, 0x01, 0x80, 0x00, 0x01, 0x01, 0x80, 0x00, 0x01, 0x01, 0x80, 0x00,
0x01, 0x01, 0x80, 0x00, 0x01, 0x01, 0x80, 0x00, 0x01, 0x01, 0x80, 0x00, 0x01, 0x01, 0x80,
0x00, 0x01, 0x01, 0x80, 0x00, 0xff, 0xff, 0xff, 0x00, 0xff, 0xff, 0xff, 0x00, 0xff, 0xff,
0xff, 0x00, 0xff, 0xff, 0xff, 0x00, 0xff, 0xff, 0xff, 0x00, 0xff, 0xff, 0xff, 0x00, 0xff,
0xff, 0xff, 0x00, 0xff, 0xff, 0xff, 0x00, 0xff, 0xff, 0xff, 0x00, 0xff, 0xff, 0xff, 0x00,
0xff, 0xff, 0xff, 0x00, 0xff, 0xff, 0xff, 0x00, 0xff, 0xff, 0xff, 0x00, 0xff, 0xff, 0xff,
0x00, 0xff, 0xff, 0xff, 0x00, 0x01, 0x01, 0xab, 0x00, 0x01, 0x01, 0xab, 0x00, 0x01, 0x01,
0xab, 0x00, 0x01, 0x01, 0xab, 0x00, 0x01, 0x01, 0xab, 0x00, 0x01, 0x01, 0xab, 0x00, 0x01,
0x01, 0xab, 0x00, 0x01, 0x01, 0xab, 0x00, 0x01, 0x01, 0xab, 0x00, 0x01, 0x01, 0xab, 0x00,
0x01, 0x01, 0xab, 0x00, 0x01, 0x01, 0xab, 0x00, 0x00, 0x00, 0xaa, 0x00, 0x03, 0x05, 0xac,
0x00, 0x21, 0x36, 0xce, 0x00, 0x26, 0x3d, 0xd9, 0x00, 0x25, 0x3c, 0xd9, 0x5a, 0x27, 0x3d,
0xd9, 0xf2, 0x27, 0x3d, 0xd9, 0xff, 0x27, 0x3d, 0xd9, 0xff, 0x27, 0x3d, 0xd9, 0xff, 0x27,
0x3d, 0xd9, 0xff, 0x27, 0x3d, 0xd9, 0xff, 0x27, 0x3d, 0xd9, 0xff, 0x27, 0x3d, 0xd9, 0xff,
0x27, 0x3d, 0xd9, 0xff, 0x27, 0x3d, 0xd9, 0xff, 0x27, 0x3d, 0xd9, 0xff, 0x27, 0x3d, 0xd9,
0xff, 0x27, 0x3d, 0xd9, 0xff, 0x27, 0x3d, 0xd9, 0xff, 0x27, 0x3d, 0xd9, 0xff, 0x27, 0x3d,
0xd9, 0xff, 0x27, 0x3d, 0xd9, 0xff, 0x27, 0x3d, 0xd9, 0xff, 0x27, 0x3d, 0xd9, 0xff, 0x27,
0x3d, 0xd9, 0xff, 0x27, 0x3d, 0xd9, 0xff, 0x27, 0x3d, 0xd9, 0xff, 0x27, 0x3d, 0xd9, 0xff,
0x27, 0x3d, 0xd9, 0xff, 0x27, 0x3d, 0xd9, 0xff, 0x27, 0x3d, 0xd9, 0xff, 0x27, 0x3d, 0xd9,
0xff, 0x27, 0x3d, 0xd9, 0xff, 0x27, 0x3d, 0xd9, 0xff, 0x27, 0x3d, 0xd9, 0xff, 0x27, 0x3d,
0xd9, 0xff, 0x27, 0x3d, 0xd9, 0xff, 0x27, 0x3d, 0xd9, 0xff, 0x27, 0x3d, 0xd9, 0xff, 0x27,
0x3d, 0xd9, 0xff, 0x27, 0x3d, 0xd9, 0xff, 0x27, 0x3d, 0xd9, 0xff, 0x27, 0x3d, 0xd9, 0xff,
0x27, 0x3d, 0xd9, 0xff, 0x27, 0x3d, 0xd9, 0xff, 0x27, 0x3d, 0xd9, 0xff, 0x27, 0x3d, 0xd9,
0xff, 0x27, 0x3d, 0xd9, 0xff, 0x27, 0x3d, 0xd9, 0xff, 0x27, 0x3d, 0xd9, 0xff, 0x27, 0x3d,
0xd9, 0xff, 0x27, 0x3d, 0xd9, 0xff, 0x27, 0x3d, 0xd9, 0xff, 0x27, 0x3d, 0xd9, 0xff, 0x27,
0x3d, 0xd9, 0xff, 0x27, 0x3d, 0xd9, 0xff, 0x27, 0x3d, 0xd9, 0xff, 0x27, 0x3d, 0xd9, 0xff,
0x27, 0x3d, 0xd9, 0xff, 0x27, 0x3d, 0xd9, 0xff, 0x27, 0x3d, 0xd9, 0xff, 0x27, 0x3d, 0xd9,
0xff, 0x27, 0x3d, 0xd9, 0xff, 0x27, 0x3d, 0xd9, 0xff, 0x27, 0x3d, 0xd9, 0xff, 0x27, 0x3d,
0xd9, 0xff, 0x27, 0x3d, 0xd9, 0xff, 0x27, 0x3d, 0xd9, 0xff, 0x27, 0x3d, 0xd9, 0xff, 0x27,
0x3d, 0xd9, 0xff, 0x27, 0x3d, 0xd9, 0xff, 0x27, 0x3d, 0xd9, 0xff, 0x27, 0x3d, 0xd9, 0xff,
0x27, 0x3d, 0xd9, 0xff, 0x27, 0x3d, 0xd9, 0xff, 0x27, 0x3d, 0xd9, 0xff, 0x27, 0x3d, 0xd9,
0xff, 0x27, 0x3d, 0xd9, 0xff, 0x27, 0x3d, 0xd9, 0xff, 0x27, 0x3d, 0xd9, 0xff, 0x27, 0x3d,
0xd9, 0xff, 0x27, 0x3d, 0xd9, 0xff, 0x27, 0x3d, 0xd9, 0xff, 0x27, 0x3d, 0xd9, 0xe0, 0x27,
0x3d, 0xd9, 0x3c, 0x26, 0x3c, 0xd8, 0x00, 0x28, 0x3f, 0xda, 0x00, 0x1d, 0x2f, 0xc5, 0x00,
0x01, 0x01, 0x80, 0x00, 0x01, 0x01, 0x7f, 0x00, 0x01, 0x01, 0x80, 0x00, 0x01, 0x01, 0x80,
0x00, 0x01, 0x01, 0x80, 0x00, 0x01, 0x01, 0x80, 0x00, 0x01, 0x01, 0x80, 0x00, 0x01, 0x01,
0x80, 0x00, 0x01, 0x01, 0x80, 0x00, 0x01, 0x01, 0x80, 0x00, 0x01, 0x01, 0x80, 0x00, 0x01,
0x01, 0x80, 0x00, 0x01, 0x01, 0x80, 0x00, 0xff, 0xff, 0xff, 0x00, 0xff, 0xff, 0xff, 0x00,
0xff, 0xff, 0xff, 0x00, 0xff, 0xff, 0xff, 0x00, 0xff, 0xff, 0xff, 0x00, 0xff, 0xff, 0xff,
0x00, 0xff, 0xff, 0xff, 0x00, 0xff, 0xff, 0xff, 0x00, 0xff, 0xff, 0xff, 0x00, 0xff, 0xff,
0xff, 0x00, 0xff, 0xff, 0xff, 0x00, 0xff, 0xff, 0xff, 0x00, 0xff, 0xff, 0xff, 0x00, 0xff,
0xff, 0xff, 0x00, 0xff, 0xff, 0xff, 0x00, 0x01, 0x01, 0xab, 0x00, 0x01, 0x01, 0xab, 0x00,
0x01, 0x01, 0xab, 0x00, 0x01, 0x01, 0xab, 0x00, 0x01, 0x01, 0xab, 0x00, 0x01, 0x01, 0xab,
0x00, 0x01, 0x01, 0xab, 0x00, 0x01, 0x01, 0xab, 0x00, 0x01, 0x01, 0xab, 0x00, 0x01, 0x01,
0xab, 0x00, 0x01, 0x01, 0xab, 0x00, 0x01, 0x01, 0xab, 0x00, 0x00, 0x00, 0xaa, 0x00, 0x03,
0x05, 0xac, 0x00, 0x21, 0x36, 0xce, 0x00, 0x26, 0x3e, 0xd9, 0x4c, 0x27, 0x3d, 0xd9, 0xf5,
0x27, 0x3d, 0xd9, 0xff, 0x27, 0x3d, 0xd9, 0xff, 0x27, 0x3d, 0xd9, 0xff, 0x27, 0x3d, 0xd9,
0xff, 0x27, 0x3d, 0xd9, 0xff, 0x27, 0x3d, 0xd9, 0xff, 0x27, 0x3d, 0xd9, 0xff, 0x27, 0x3d,
0xd9, 0xff, 0x27, 0x3d, 0xd9, 0xff, 0x27, 0x3d, 0xd9, 0xff, 0x27, 0x3d, 0xd9, 0xff, 0x27,
0x3d, 0xd9, 0xff, 0x27, 0x3d, 0xd9, 0xff, 0x27, 0x3d, 0xd9, 0xff, 0x27, 0x3d, 0xd9, 0xff,
0x27, 0x3d, 0xd9, 0xff, 0x27, 0x3d, 0xd9, 0xff, 0x27, 0x3d, 0xd9, 0xff, 0x27, 0x3d, 0xd9,
0xff, 0x27, 0x3d, 0xd9, 0xff, 0x27, 0x3d, 0xd9, 0xff, 0x27, 0x3d, 0xd9, 0xff, 0x27, 0x3d,
0xd9, 0xff, 0x27, 0x3d, 0xd9, 0xff, 0x27, 0x3d, 0xd9, 0xff, 0x27, 0x3d, 0xd9, 0xff, 0x27,
0x3d, 0xd9, 0xff, 0x27, 0x3d, 0xd9, 0xff, 0x27, 0x3d, 0xd9, 0xff, 0x27, 0x3d, 0xd9, 0xff,
0x27, 0x3d, 0xd9, 0xff, 0x27, 0x3d, 0xd9, 0xff, 0x27, 0x3d, 0xd9, 0xff, 0x27, 0x3d, 0xd9,
0xff, 0x27, 0x3d, 0xd9, 0xff, 0x27, 0x3d, 0xd9, 0xff, 0x27, 0x3d, 0xd9, 0xff, 0x27, 0x3d,
0xd9, 0xff, 0x27, 0x3d, 0xd9, 0xff, 0x27, 0x3d, 0xd9, 0xff, 0x27, 0x3d, 0xd9, 0xff, 0x27,
0x3d, 0xd9, 0xff, 0x27, 0x3d, 0xd9, 0xff, 0x27, 0x3d, 0xd9, 0xff, 0x27, 0x3d, 0xd9, 0xff,
0x27, 0x3d, 0xd9, 0xff, 0x27, 0x3d, 0xd9, 0xff, 0x27, 0x3d, 0xd9, 0xff, 0x27, 0x3d, 0xd9,
0xff, 0x27, 0x3d, 0xd9, 0xff, 0x27, 0x3d, 0xd9, 0xff, 0x27, 0x3d, 0xd9, 0xff, 0x27, 0x3d,
0xd9, 0xff, 0x27, 0x3d, 0xd9, 0xff, 0x27, 0x3d, 0xd9, 0xff, 0x27, 0x3d, 0xd9, 0xff, 0x27,
0x3d, 0xd9, 0xff, 0x27, 0x3d, 0xd9, 0xff, 0x27, 0x3d, 0xd9, 0xff, 0x27, 0x3d, 0xd9, 0xff,
0x27, 0x3d, 0xd9, 0xff, 0x27, 0x3d, 0xd9, 0xff, 0x27, 0x3d, 0xd9, 0xff, 0x27, 0x3d, 0xd9,
0xff, 0x27, 0x3d, 0xd9, 0xff, 0x27, 0x3d, 0xd9, 0xff, 0x27, 0x3d, 0xd9, 0xff, 0x27, 0x3d,
0xd9, 0xff, 0x27, 0x3d, 0xd9, 0xff, 0x27, 0x3d, 0xd9, 0xff, 0x27, 0x3d, 0xd9, 0xff, 0x27,
0x3d, 0xd9, 0xff, 0x27, 0x3d, 0xd9, 0xff, 0x27, 0x3d, 0xd9, 0xff, 0x27, 0x3d, 0xd9, 0xff,
0x27, 0x3d, 0xd9, 0xff, 0x27, 0x3d, 0xd9, 0xff, 0x27, 0x3d, 0xd9, 0xff, 0x27, 0x3d, 0xd9,
0xff, 0x27, 0x3d, 0xd9, 0xe3, 0x27, 0x3c, 0xd8, 0x33, 0x28, 0x3f, 0xda, 0x00, 0x1d, 0x2f,
0xc5, 0x00, 0x01, 0x01, 0x80, 0x00, 0x01, 0x01, 0x7f, 0x00, 0x01, 0x01, 0x80, 0x00, 0x01,
0x01, 0x80, 0x00, 0x01, 0x01, 0x80, 0x00, 0x01, 0x01, 0x80, 0x00, 0x01, 0x01, 0x80, 0x00,
0x01, 0x01, 0x80, 0x00, 0x01, 0x01, 0x80, 0x00, 0x01, 0x01, 0x80, 0x00, 0x01, 0x01, 0x80,
0x00, 0x01, 0x01, 0x80, 0x00, 0x01, 0x01, 0x80, 0x00, 0xff, 0xff, 0xff, 0x00, 0xff, 0xff,
0xff, 0x00, 0xff, 0xff, 0xff, 0x00, 0xff, 0xff, 0xff, 0x00, 0xff, 0xff, 0xff, 0x00, 0xff,
0xff, 0xff, 0x00, 0xff, 0xff, 0xff, 0x00, 0xff, 0xff, 0xff, 0x00, 0xff, 0xff, 0xff, 0x00,
0xff, 0xff, 0xff, 0x00, 0xff, 0xff, 0xff, 0x00, 0xff, 0xff, 0xff, 0x00, 0xff, 0xff, 0xff,
0x00, 0xff, 0xff, 0xff, 0x00, 0xff, 0xff, 0xff, 0x00, 0x00, 0x00, 0xaa, 0x00, 0x00, 0x00,
0xaa, 0x00, 0x00, 0x00, 0xaa, 0x00, 0x00, 0x00, 0xaa, 0x00, 0x00, 0x00, 0xaa, 0x00, 0x00,
0x00, 0xaa, 0x00, 0x00, 0x00, 0xaa, 0x00, 0x00, 0x00, 0xaa, 0x00, 0x00, 0x00, 0xaa, 0x00,
0x00, 0x00, 0xaa, 0x00, 0x00, 0x00, 0xaa, 0x00, 0x00, 0x00, 0xaa, 0x00, 0x00, 0x00, 0xa8,
0x00, 0x01, 0x01, 0xa9, 0x00, 0x21, 0x36, 0xcf, 0x44, 0x28, 0x3e, 0xda, 0xf2, 0x27, 0x3d,
0xd9, 0xff, 0x27, 0x3d, 0xd9, 0xff, 0x27, 0x3d, 0xd9, 0xff, 0x27, 0x3d, 0xd9, 0xff, 0x27,
0x3d, 0xd9, 0xff, 0x27, 0x3d, 0xd9, 0xff, 0x27, 0x3d, 0xd9, 0xff, 0x27, 0x3d, 0xd9, 0xff,
0x27, 0x3d, 0xd9, 0xff, 0x27, 0x3d, 0xd9, 0xff, 0x27, 0x3d, 0xd9, 0xff, 0x27, 0x3d, 0xd9,
0xff, 0x27, 0x3d, 0xd9, 0xff, 0x27, 0x3d, 0xd9, 0xff, 0x27, 0x3d, 0xd9, 0xff, 0x27, 0x3d,
0xd9, 0xff, 0x27, 0x3d, 0xd9, 0xff, 0x27, 0x3d, 0xd9, 0xff, 0x27, 0x3d, 0xd9, 0xff, 0x27,
0x3d, 0xd9, 0xff, 0x27, 0x3d, 0xd9, 0xff, 0x27, 0x3d, 0xd9, 0xff, 0x27, 0x3d, 0xd9, 0xff,
0x27, 0x3d, 0xd9, 0xff, 0x27, 0x3d, 0xd9, 0xff, 0x27, 0x3d, 0xd9, 0xff, 0x27, 0x3d, 0xd9,
0xff, 0x27, 0x3d, 0xd9, 0xff, 0x27, 0x3d, 0xd9, 0xff, 0x27, 0x3d, 0xd9, 0xff, 0x27, 0x3d,
0xd9, 0xff, 0x27, 0x3d, 0xd9, 0xff, 0x27, 0x3d, 0xd9, 0xff, 0x27, 0x3d, 0xd9, 0xff, 0x27,
0x3d, 0xd9, 0xff, 0x27, 0x3d, 0xd9, 0xff, 0x27, 0x3d, 0xd9, 0xff, 0x27, 0x3d, 0xd9, 0xff,
0x27, 0x3d, 0xd9, 0xff, 0x27, 0x3d, 0xd9, 0xff, 0x27, 0x3d, 0xd9, 0xff, 0x27, 0x3d, 0xd9,
0xff, 0x27, 0x3d, 0xd9, 0xff, 0x27, 0x3d, 0xd9, 0xff, 0x27, 0x3d, 0xd9, 0xff, 0x27, 0x3d,
0xd9, 0xff, 0x27, 0x3d, 0xd9, 0xff, 0x27, 0x3d, 0xd9, 0xff, 0x27, 0x3d, 0xd9, 0xff, 0x27,
0x3d, 0xd9, 0xff, 0x27, 0x3d, 0xd9, 0xff, 0x27, 0x3d, 0xd9, 0xff, 0x27, 0x3d, 0xd9, 0xff,
0x27, 0x3d, 0xd9, 0xff, 0x27, 0x3d, 0xd9, 0xff, 0x27, 0x3d, 0xd9, 0xff, 0x27, 0x3d, 0xd9,
0xff, 0x27, 0x3d, 0xd9, 0xff, 0x27, 0x3d, 0xd9, 0xff, 0x27, 0x3d, 0xd9, 0xff, 0x27, 0x3d,
0xd9, 0xff, 0x27, 0x3d, 0xd9, 0xff, 0x27, 0x3d, 0xd9, 0xff, 0x27, 0x3d, 0xd9, 0xff, 0x27,
0x3d, 0xd9, 0xff, 0x27, 0x3d, 0xd9, 0xff, 0x27, 0x3d, 0xd9, 0xff, 0x27, 0x3d, 0xd9, 0xff,
0x27, 0x3d, 0xd9, 0xff, 0x27, 0x3d, 0xd9, 0xff, 0x27, 0x3d, 0xd9, 0xff, 0x27, 0x3d, 0xd9,
0xff, 0x27, 0x3d, 0xd9, 0xff, 0x27, 0x3d, 0xd9, 0xff, 0x27, 0x3d, 0xd9, 0xff, 0x27, 0x3d,
0xd9, 0xff, 0x27, 0x3d, 0xd9, 0xff, 0x27, 0x3d, 0xd9, 0xff, 0x27, 0x3d, 0xd9, 0xff, 0x27,
0x3d, 0xd9, 0xff, 0x27, 0x3d, 0xd9, 0xff, 0x27, 0x3d, 0xd9, 0xe3, 0x28, 0x3f, 0xda, 0x30,
0x1d, 0x2f, 0xc5, 0x00, 0x01, 0x01, 0x80, 0x00, 0x01, 0x01, 0x7f, 0x00, 0x01, 0x01, 0x80,
0x00, 0x01, 0x01, 0x80, 0x00, 0x01, 0x01, 0x80, 0x00, 0x01, 0x01, 0x80, 0x00, 0x01, 0x01,
0x80, 0x00, 0x01, 0x01, 0x80, 0x00, 0x01, 0x01, 0x80, 0x00, 0x01, 0x01, 0x80, 0x00, 0x01,
0x01, 0x80, 0x00, 0x01, 0x01, 0x80, 0x00, 0x01, 0x01, 0x80, 0x00, 0xff, 0xff, 0xff, 0x00,
0xff, 0xff, 0xff, 0x00, 0xff, 0xff, 0xff, 0x00, 0xff, 0xff, 0xff, 0x00, 0xff, 0xff, 0xff,
0x00, 0xff, 0xff, 0xff, 0x00, 0xff, 0xff, 0xff, 0x00, 0xff, 0xff, 0xff, 0x00, 0xff, 0xff,
0xff, 0x00, 0xff, 0xff, 0xff, 0x00, 0xff, 0xff, 0xff, 0x00, 0xff, 0xff, 0xff, 0x00, 0xff,
0xff, 0xff, 0x00, 0xff, 0xff, 0xff, 0x00, 0xff, 0xff, 0xff, 0x00, 0x12, 0x12, 0xb6, 0x00,
0x12, 0x12, 0xb6, 0x00, 0x12, 0x12, 0xb6, 0x00, 0x12, 0x12, 0xb6, 0x00, 0x12, 0x12, 0xb6,
0x00, 0x12, 0x12, 0xb6, 0x00, 0x12, 0x12, 0xb6, 0x00, 0x12, 0x12, 0xb6, 0x00, 0x12, 0x12,
0xb6, 0x00, 0x12, 0x12, 0xb6, 0x00, 0x12, 0x12, 0xb6, 0x00, 0x12, 0x11, 0xb5, 0x00, 0x11,
0x12, 0xb7, 0x00, 0x15, 0x21, 0xc3, 0x3a, 0x25, 0x3b, 0xd7, 0xeb, 0x28, 0x3e, 0xda, 0xff,
0x27, 0x3d, 0xd9, 0xff, 0x27, 0x3d, 0xd9, 0xff, 0x27, 0x3d, 0xd9, 0xff, 0x27, 0x3d, 0xd9,
0xff, 0x27, 0x3d, 0xd9, 0xff, 0x27, 0x3d, 0xd9, 0xff, 0x27, 0x3d, 0xd9, 0xff, 0x27, 0x3d,
0xd9, 0xff, 0x27, 0x3d, 0xd9, 0xff, 0x27, 0x3d, 0xd9, 0xff, 0x27, 0x3d, 0xd9, 0xff, 0x27,
0x3d, 0xd9, 0xff, 0x27, 0x3d, 0xd9, 0xff, 0x27, 0x3d, 0xd9, 0xff, 0x27, 0x3d, 0xd9, 0xff,
0x27, 0x3d, 0xd9, 0xff, 0x27, 0x3d, 0xd9, 0xff, 0x27, 0x3d, 0xd9, 0xff, 0x27, 0x3d, 0xd9,
0xff, 0x27, 0x3d, 0xd9, 0xff, 0x27, 0x3d, 0xd9, 0xff, 0x27, 0x3d, 0xd9, 0xff, 0x27, 0x3d,
0xd9, 0xff, 0x27, 0x3d, 0xd9, 0xff, 0x27, 0x3d, 0xd9, 0xff, 0x26, 0x3c, 0xd9, 0xff, 0x24,
0x3a, 0xd8, 0xff, 0x21, 0x38, 0xd8, 0xff, 0x1f, 0x36, 0xd8, 0xff, 0x1e, 0x35, 0xd7, 0xff,
0x1e, 0x35, 0xd7, 0xff, 0x1d, 0x34, 0xd7, 0xff, 0x1e, 0x35, 0xd7, 0xff, 0x1e, 0x35, 0xd7,
0xff, 0x20, 0x36, 0xd8, 0xff, 0x21, 0x38, 0xd8, 0xff, 0x24, 0x3a, 0xd8, 0xff, 0x26, 0x3c,
0xd9, 0xff, 0x27, 0x3d, 0xd9, 0xff, 0x27, 0x3d, 0xd9, 0xff, 0x27, 0x3d, 0xd9, 0xff, 0x27,
0x3d, 0xd9, 0xff, 0x27, 0x3d, 0xd9, 0xff, 0x27, 0x3d, 0xd9, 0xff, 0x27, 0x3d, 0xd9, 0xff,
0x27, 0x3d, 0xd9, 0xff, 0x27, 0x3d, 0xd9, 0xff, 0x27, 0x3d, 0xd9, 0xff, 0x27, 0x3d, 0xd9,
0xff, 0x27, 0x3d, 0xd9, 0xff, 0x27, 0x3d, 0xd9, 0xff, 0x27, 0x3d, 0xd9, 0xff, 0x27, 0x3d,
0xd9, 0xff, 0x27, 0x3d, 0xd9, 0xff, 0x27, 0x3d, 0xd9, 0xff, 0x27, 0x3d, 0xd9, 0xff, 0x27,
0x3d, 0xd9, 0xff, 0x27, 0x3d, 0xd9, 0xff, 0x27, 0x3d, 0xd9, 0xff, 0x27, 0x3d, 0xd9, 0xff,
0x27, 0x3d, 0xd9, 0xff, 0x27, 0x3d, 0xd9, 0xff, 0x27, 0x3d, 0xd9, 0xff, 0x27, 0x3d, 0xd9,
0xff, 0x27, 0x3d, 0xd9, 0xff, 0x27, 0x3d, 0xd9, 0xff, 0x27, 0x3d, 0xd9, 0xff, 0x27, 0x3d,
0xd9, 0xff, 0x27, 0x3d, 0xd9, 0xff, 0x27, 0x3d, 0xd9, 0xff, 0x27, 0x3d, 0xd9, 0xff, 0x27,
0x3d, 0xd9, 0xff, 0x27, 0x3d, 0xd9, 0xff, 0x27, 0x3d, 0xd9, 0xff, 0x27, 0x3d, 0xd9, 0xff,
0x27, 0x3d, 0xd9, 0xff, 0x27, 0x3d, 0xd9, 0xff, 0x27, 0x3d, 0xd9, 0xff, 0x27, 0x3d, 0xd9,
0xff, 0x27, 0x3d, 0xd9, 0xff, 0x27, 0x3d, 0xd9, 0xff, 0x27, 0x3d, 0xd9, 0xff, 0x28, 0x3f,
0xdc, 0xdd, 0x1d, 0x2f, 0xc5, 0x2a, 0x00, 0x00, 0x7a, 0x00, 0x01, 0x00, 0x79, 0x00, 0x01,
0x00, 0x7b, 0x00, 0x01, 0x00, 0x7b, 0x00, 0x01, 0x00, 0x7b, 0x00, 0x01, 0x00, 0x7b, 0x00,
0x01, 0x00, 0x7b, 0x00, 0x01, 0x00, 0x7b, 0x00, 0x01, 0x00, 0x7b, 0x00, 0x01, 0x00, 0x7b,
0x00, 0x01, 0x00, 0x7b, 0x00, 0x01, 0x00, 0x7b, 0x00, 0x01, 0x00, 0x7b, 0x00, 0xff, 0xff,
0xff, 0x00, 0xff, 0xff, 0xff, 0x00, 0xff, 0xff, 0xff, 0x00, 0xff, 0xff, 0xff, 0x00, 0xff,
0xff, 0xff, 0x00, 0xff, 0xff, 0xff, 0x00, 0xff, 0xff, 0xff, 0x00, 0xff, 0xff, 0xff, 0x00,
0xff, 0xff, 0xff, 0x00, 0xff, 0xff, 0xff, 0x00, 0xff, 0xff, 0xff, 0x00, 0xff, 0xff, 0xff,
0x00, 0xff, 0xff, 0xff, 0x00, 0xff, 0xff, 0xff, 0x00, 0xff, 0xff, 0xff, 0x00, 0x1d, 0x1d,
0xc1, 0x00, 0x1d, 0x1d, 0xc1, 0x00, 0x1d, 0x1d, 0xc1, 0x00, 0x1d, 0x1d, 0xc1, 0x00, 0x1d,
0x1d, 0xc1, 0x00, 0x1d, 0x1d, 0xc1, 0x00, 0x1d, 0x1d, 0xc1, 0x00, 0x1d, 0x1d, 0xc1, 0x00,
0x1d, 0x1d, 0xc1, 0x00, 0x1d, 0x1d, 0xc1, 0x00, 0x1d, 0x1d, 0xc1, 0x00, 0x1f, 0x1f, 0xc1,
0x00, 0x25, 0x2d, 0xca, 0x1c, 0x29, 0x41, 0xdc, 0xe5, 0x27, 0x3d, 0xd9, 0xff, 0x27, 0x3d,
0xd9, 0xff, 0x27, 0x3d, 0xd9, 0xff, 0x27, 0x3d, 0xd9, 0xff, 0x27, 0x3d, 0xd9, 0xff, 0x27,
0x3d, 0xd9, 0xff, 0x27, 0x3d, 0xd9, 0xff, 0x27, 0x3d, 0xd9, 0xff, 0x27, 0x3d, 0xd9, 0xff,
0x27, 0x3d, 0xd9, 0xff, 0x27, 0x3d, 0xd9, 0xff, 0x27, 0x3d, 0xd9, 0xff, 0x27, 0x3d, 0xd9,
0xff, 0x27, 0x3d, 0xd9, 0xff, 0x27, 0x3d, 0xd9, 0xff, 0x27, 0x3d, 0xd9, 0xff, 0x27, 0x3d,
0xd9, 0xff, 0x27, 0x3d, 0xd9, 0xff, 0x27, 0x3d, 0xd9, 0xff, 0x27, 0x3d, 0xd9, 0xff, 0x27,
0x3d, 0xd9, 0xff, 0x27, 0x3d, 0xd9, 0xff, 0x27, 0x3d, 0xd9, 0xff, 0x27, 0x3d, 0xd9, 0xff,
0x23, 0x39, 0xd8, 0xff, 0x1e, 0x35, 0xd7, 0xff, 0x1a, 0x32, 0xd7, 0xff, 0x21, 0x37, 0xd8,
0xff, 0x32, 0x47, 0xdb, 0xff, 0x42, 0x55, 0xde, 0xff, 0x4e, 0x60, 0xe0, 0xff, 0x56, 0x67,
0xe1, 0xff, 0x5a, 0x6b, 0xe2, 0xff, 0x5c, 0x6d, 0xe2, 0xff, 0x5a, 0x6b, 0xe2, 0xff, 0x55,
0x67, 0xe1, 0xff, 0x4d, 0x5f, 0xe0, 0xff, 0x41, 0x55, 0xde, 0xff, 0x31, 0x46, 0xdb, 0xff,
0x1f, 0x36, 0xd8, 0xff, 0x1a, 0x31, 0xd7, 0xff, 0x1f, 0x35, 0xd7, 0xff, 0x23, 0x3a, 0xd8,
0xff, 0x27, 0x3d, 0xd9, 0xff, 0x27, 0x3d, 0xd9, 0xff, 0x27, 0x3d, 0xd9, 0xff, 0x27, 0x3d,
0xd9, 0xff, 0x27, 0x3d, 0xd9, 0xff, 0x27, 0x3d, 0xd9, 0xff, 0x27, 0x3d, 0xd9, 0xff, 0x27,
0x3d, 0xd9, 0xff, 0x27, 0x3d, 0xd9, 0xff, 0x27, 0x3d, 0xd9, 0xff, 0x27, 0x3d, 0xd9, 0xff,
0x27, 0x3d, 0xd9, 0xff, 0x27, 0x3d, 0xd9, 0xff, 0x27, 0x3d, 0xd9, 0xff, 0x27, 0x3d, 0xd9,
0xff, 0x27, 0x3d, 0xd9, 0xff, 0x27, 0x3d, 0xd9, 0xff, 0x27, 0x3d, 0xd9, 0xff, 0x27, 0x3d,
0xd9, 0xff, 0x27, 0x3d, 0xd9, 0xff, 0x27, 0x3d, 0xd9, 0xff, 0x27, 0x3d, 0xd9, 0xff, 0x27,
0x3d, 0xd9, 0xff, 0x27, 0x3d, 0xd9, 0xff, 0x27, 0x3d, 0xd9, 0xff, 0x27, 0x3d, 0xd9, 0xff,
0x27, 0x3d, 0xd9, 0xff, 0x27, 0x3d, 0xd9, 0xff, 0x27, 0x3d, 0xd9, 0xff, 0x27, 0x3d, 0xd9,
0xff, 0x27, 0x3d, 0xd9, 0xff, 0x27, 0x3d, 0xd9, 0xff, 0x27, 0x3d, 0xd9, 0xff, 0x27, 0x3d,
0xd9, 0xff, 0x27, 0x3d, 0xd9, 0xff, 0x27, 0x3d, 0xd9, 0xff, 0x27, 0x3d, 0xd9, 0xff, 0x27,
0x3d, 0xd9, 0xff, 0x27, 0x3d, 0xd9, 0xff, 0x27, 0x3d, 0xd9, 0xff, 0x27, 0x3d, 0xd9, 0xff,
0x28, 0x3e, 0xdb, 0xff, 0x24, 0x38, 0xd1, 0xd9, 0x10, 0x1d, 0xac, 0x13, 0x00, 0x16, 0xaa,
0x00, 0x01, 0x17, 0xab, 0x00, 0x01, 0x17, 0xab, 0x00, 0x01, 0x17, 0xab, 0x00, 0x01, 0x17,
0xab, 0x00, 0x01, 0x17, 0xab, 0x00, 0x01, 0x17, 0xab, 0x00, 0x01, 0x17, 0xab, 0x00, 0x01,
0x17, 0xab, 0x00, 0x01, 0x17, 0xab, 0x00, 0x01, 0x17, 0xab, 0x00, 0x01, 0x17, 0xab, 0x00,
0xff, 0xff, 0xff, 0x00, 0xff, 0xff, 0xff, 0x00, 0xff, 0xff, 0xff, 0x00, 0xff, 0xff, 0xff,
0x00, 0xff, 0xff, 0xff, 0x00, 0xff, 0xff, 0xff, 0x00, 0xff, 0xff, 0xff, 0x00, 0xff, 0xff,
0xff, 0x00, 0xff, 0xff, 0xff, 0x00, 0xff, 0xff, 0xff, 0x00, 0xff, 0xff, 0xff, 0x00, 0xff,
0xff, 0xff, 0x00, 0xff, 0xff, 0xff, 0x00, 0xff, 0xff, 0xff, 0x00, 0xff, 0xff, 0xff, 0x00,
0x03, 0x07, 0xc6, 0x00, 0x03, 0x07, 0xc6, 0x00, 0x03, 0x07, 0xc6, 0x00, 0x03, 0x07, 0xc6,
0x00, 0x03, 0x07, 0xc6, 0x00, 0x03, 0x07, 0xc6, 0x00, 0x03, 0x07, 0xc6, 0x00, 0x03, 0x07,
0xc6, 0x00, 0x03, 0x07, 0xc6, 0x00, 0x03, 0x07, 0xc6, 0x00, 0x02, 0x05, 0xc2, 0x00, 0x0c,
0x13, 0xc7, 0x09, 0x27, 0x3e, 0xd9, 0xca, 0x27, 0x3d, 0xd9, 0xff, 0x27, 0x3d, 0xd9, 0xff,
0x27, 0x3d, 0xd9, 0xff, 0x27, 0x3d, 0xd9, 0xff, 0x27, 0x3d, 0xd9, 0xff, 0x27, 0x3d, 0xd9,
0xff, 0x27, 0x3d, 0xd9, 0xff, 0x27, 0x3d, 0xd9, 0xff, 0x27, 0x3d, 0xd9, 0xff, 0x27, 0x3d,
0xd9, 0xff, 0x27, 0x3d, 0xd9, 0xff, 0x27, 0x3d, 0xd9, 0xff, 0x27, 0x3d, 0xd9, 0xff, 0x27,
0x3d, 0xd9, 0xff, 0x27, 0x3d, 0xd9, 0xff, 0x27, 0x3d, 0xd9, 0xff, 0x27, 0x3d, 0xd9, 0xff,
0x27, 0x3d, 0xd9, 0xff, 0x27, 0x3d, 0xd9, 0xff, 0x27, 0x3d, 0xd9, 0xff, 0x27, 0x3d, 0xd9,
0xff, 0x27, 0x3d, 0xd9, 0xff, 0x26, 0x3c, 0xd9, 0xff, 0x1f, 0x36, 0xd8, 0xff, 0x1c, 0x33,
0xd7, 0xff, 0x36, 0x4a, 0xdc, 0xff, 0x56, 0x67, 0xe1, 0xff, 0x88, 0x94, 0xea, 0xff, 0xc2,
0xc8, 0xf4, 0xff, 0xe7, 0xea, 0xfa, 0xff, 0xf5, 0xf6, 0xfd, 0xff, 0xfc, 0xfc, 0xfe, 0xff,
0xff, 0xff, 0xfe, 0xff, 0xff, 0xff, 0xff, 0xff, 0xff, 0xff, 0xff, 0xff, 0xff, 0xff, 0xff,
0xff, 0xff, 0xff, 0xfe, 0xff, 0xfc, 0xfc, 0xfe, 0xff, 0xf5, 0xf6, 0xfd, 0xff, 0xe5, 0xe8,
0xfa, 0xff, 0xbf, 0xc5, 0xf3, 0xff, 0x85, 0x92, 0xe9, 0xff, 0x52, 0x64, 0xe1, 0xff, 0x34,
0x49, 0xdb, 0xff, 0x1c, 0x33, 0xd7, 0xff, 0x20, 0x37, 0xd8, 0xff, 0x26, 0x3c, 0xd9, 0xff,
0x27, 0x3d, 0xd9, 0xff, 0x27, 0x3d, 0xd9, 0xff, 0x27, 0x3d, 0xd9, 0xff, 0x27, 0x3d, 0xd9,
0xff, 0x27, 0x3d, 0xd9, 0xff, 0x27, 0x3d, 0xd9, 0xff, 0x27, 0x3d, 0xd9, 0xff, 0x27, 0x3d,
0xd9, 0xff, 0x27, 0x3d, 0xd9, 0xff, 0x27, 0x3d, 0xd9, 0xff, 0x27, 0x3d, 0xd9, 0xff, 0x27,
0x3d, 0xd9, 0xff, 0x27, 0x3d, 0xd9, 0xff, 0x27, 0x3d, 0xd9, 0xff, 0x27, 0x3d, 0xd9, 0xff,
0x27, 0x3d, 0xd9, 0xff, 0x27, 0x3d, 0xd9, 0xff, 0x27, 0x3d, 0xd9, 0xff, 0x27, 0x3d, 0xd9,
0xff, 0x27, 0x3d, 0xd9, 0xff, 0x27, 0x3d, 0xd9, 0xff, 0x27, 0x3d, 0xd9, 0xff, 0x27, 0x3d,
0xd9, 0xff, 0x27, 0x3d, 0xd9, 0xff, 0x27, 0x3d, 0xd9, 0xff, 0x27, 0x3d, 0xd9, 0xff, 0x27,
0x3d, 0xd9, 0xff, 0x27, 0x3d, 0xd9, 0xff, 0x27, 0x3d, 0xd9, 0xff, 0x27, 0x3d, 0xd9, 0xff,
0x27, 0x3d, 0xd9, 0xff, 0x27, 0x3d, 0xd9, 0xff, 0x27, 0x3d, 0xd9, 0xff, 0x27, 0x3d, 0xd9,
0xff, 0x27, 0x3d, 0xd9, 0xff, 0x27, 0x3d, 0xd9, 0xff, 0x27, 0x3d, 0xd9, 0xff, 0x27, 0x3d,
0xd9, 0xff, 0x27, 0x3d, 0xd9, 0xff, 0x28, 0x3f, 0xda, 0xff, 0x25, 0x3e, 0xde, 0xbd, 0x08,
0x31, 0xdb, 0x04, 0x00, 0x2e, 0xdb, 0x00, 0x00, 0x2f, 0xdb, 0x00, 0x00, 0x2f, 0xdb, 0x00,
0x00, 0x2f, 0xdb, 0x00, 0x00, 0x2f, 0xdb, 0x00, 0x00, 0x2f, 0xdb, 0x00, 0x00, 0x2f, 0xdb,
0x00, 0x00, 0x2f, 0xdb, 0x00, 0x00, 0x2f, 0xdb, 0x00, 0x00, 0x2f, 0xdb, 0x00, 0x00, 0x2f,
0xdb, 0x00, 0xff, 0xff, 0xff, 0x00, 0xff, 0xff, 0xff, 0x00, 0xff, 0xff, 0xff, 0x00, 0xff,
0xff, 0xff, 0x00, 0xff, 0xff, 0xff, 0x00, 0xff, 0xff, 0xff, 0x00, 0xff, 0xff, 0xff, 0x00,
0xff, 0xff, 0xff, 0x00, 0xff, 0xff, 0xff, 0x00, 0xff, 0xff, 0xff, 0x00, 0xff, 0xff, 0xff,
0x00, 0xff, 0xff, 0xff, 0x00, 0xff, 0xff, 0xff, 0x00, 0xff, 0xff, 0xff, 0x00, 0xff, 0xff,
0xff, 0x00, 0x11, 0x32, 0xc3, 0x00, 0x11, 0x32, 0xc3, 0x00, 0x11, 0x32, 0xc3, 0x00, 0x11,
0x32, 0xc3, 0x00, 0x11, 0x32, 0xc3, 0x00, 0x11, 0x32, 0xc3, 0x00, 0x11, 0x32, 0xc3, 0x00,
0x11, 0x32, 0xc3, 0x00, 0x11, 0x32, 0xc3, 0x00, 0x11, 0x32, 0xc3, 0x00, 0x14, 0x36, 0xd1,
0x00, 0x24, 0x39, 0xd8, 0xa7, 0x27, 0x3d, 0xd9, 0xff, 0x27, 0x3d, 0xd9, 0xff, 0x27, 0x3d,
0xd9, 0xff, 0x27, 0x3d, 0xd9, 0xff, 0x27, 0x3d, 0xd9, 0xff, 0x27, 0x3d, 0xd9, 0xff, 0x27,
0x3d, 0xd9, 0xff, 0x27, 0x3d, 0xd9, 0xff, 0x27, 0x3d, 0xd9, 0xff, 0x27, 0x3d, 0xd9, 0xff,
0x27, 0x3d, 0xd9, 0xff, 0x27, 0x3d, 0xd9, 0xff, 0x27, 0x3d, 0xd9, 0xff, 0x27, 0x3d, 0xd9,
0xff, 0x27, 0x3d, 0xd9, 0xff, 0x27, 0x3d, 0xd9, 0xff, 0x27, 0x3d, 0xd9, 0xff, 0x27, 0x3d,
0xd9, 0xff, 0x27, 0x3d, 0xd9, 0xff, 0x27, 0x3d, 0xd9, 0xff, 0x27, 0x3d, 0xd9, 0xff, 0x26,
0x3c, 0xd9, 0xff, 0x1d, 0x34, 0xd7, 0xff, 0x22, 0x38, 0xd8, 0xff, 0x4c, 0x5e, 0xe0, 0xff,
0xa5, 0xae, 0xef, 0xff, 0xea, 0xec, 0xfb, 0xff, 0xff, 0xff, 0xff, 0xff, 0xff, 0xff, 0xff,
0xff, 0xff, 0xff, 0xff, 0xff, 0xff, 0xff, 0xff, 0xff, 0xff, 0xff, 0xfe, 0xff, 0xff, 0xff,
0xfe, 0xff, 0xff, 0xff, 0xfe, 0xff, 0xff, 0xff, 0xfe, 0xff, 0xff, 0xff, 0xfe, 0xff, 0xff,
0xff, 0xfe, 0xff, 0xff, 0xff, 0xfe, 0xff, 0xff, 0xff, 0xfe, 0xff, 0xff, 0xff, 0xff, 0xff,
0xff, 0xff, 0xff, 0xff, 0xff, 0xff, 0xff, 0xff, 0xff, 0xff, 0xff, 0xff, 0xff, 0xff, 0xff,
0xff, 0xe9, 0xeb, 0xfb, 0xff, 0xa0, 0xaa, 0xee, 0xff, 0x46, 0x59, 0xdf, 0xff, 0x1f, 0x36,
0xd8, 0xff, 0x1e, 0x35, 0xd7, 0xff, 0x26, 0x3c, 0xd9, 0xff, 0x27, 0x3d, 0xd9, 0xff, 0x27,
0x3d, 0xd9, 0xff, 0x27, 0x3d, 0xd9, 0xff, 0x27, 0x3d, 0xd9, 0xff, 0x27, 0x3d, 0xd9, 0xff,
0x27, 0x3d, 0xd9, 0xff, 0x27, 0x3d, 0xd9, 0xff, 0x27, 0x3d, 0xd9, 0xff, 0x27, 0x3d, 0xd9,
0xff, 0x27, 0x3d, 0xd9, 0xff, 0x27, 0x3d, 0xd9, 0xff, 0x27, 0x3d, 0xd9, 0xff, 0x27, 0x3d,
0xd9, 0xff, 0x27, 0x3d, 0xd9, 0xff, 0x27, 0x3d, 0xd9, 0xff, 0x27, 0x3d, 0xd9, 0xff, 0x27,
0x3d, 0xd9, 0xff, 0x27, 0x3d, 0xd9, 0xff, 0x27, 0x3d, 0xd9, 0xff, 0x27, 0x3d, 0xd9, 0xff,
0x27, 0x3d, 0xd9, 0xff, 0x27, 0x3d, 0xd9, 0xff, 0x27, 0x3d, 0xd9, 0xff, 0x27, 0x3d, 0xd9,
0xff, 0x27, 0x3d, 0xd9, 0xff, 0x27, 0x3d, 0xd9, 0xff, 0x27, 0x3d, 0xd9, 0xff, 0x27, 0x3d,
0xd9, 0xff, 0x27, 0x3d, 0xd9, 0xff, 0x27, 0x3d, 0xd9, 0xff, 0x27, 0x3d, 0xd9, 0xff, 0x27,
0x3d, 0xd9, 0xff, 0x27, 0x3d, 0xd9, 0xff, 0x27, 0x3d, 0xd9, 0xff, 0x27, 0x3d, 0xd9, 0xff,
0x27, 0x3d, 0xd9, 0xff, 0x27, 0x3d, 0xd9, 0xff, 0x27, 0x3d, 0xd9, 0xff, 0x29, 0x3e, 0xd9,
0xff, 0x20, 0x39, 0xd7, 0x96, 0x07, 0x2d, 0xd4, 0x00, 0x06, 0x2e, 0xd5, 0x00, 0x07, 0x2e,
0xd5, 0x00, 0x07, 0x2e, 0xd5, 0x00, 0x07, 0x2e, 0xd5, 0x00, 0x07, 0x2e, 0xd5, 0x00, 0x07,
0x2e, 0xd5, 0x00, 0x07, 0x2e, 0xd5, 0x00, 0x07, 0x2e, 0xd5, 0x00, 0x07, 0x2e, 0xd5, 0x00,
0x07, 0x2e, 0xd5, 0x00, 0xff, 0xff, 0xff, 0x00, 0xff, 0xff, 0xff, 0x00, 0xff, 0xff, 0xff,
0x00, 0xff, 0xff, 0xff, 0x00, 0xff, 0xff, 0xff, 0x00, 0xff, 0xff, 0xff, 0x00, 0xff, 0xff,
0xff, 0x00, 0xff, 0xff, 0xff, 0x00, 0xff, 0xff, 0xff, 0x00, 0xff, 0xff, 0xff, 0x00, 0xff,
0xff, 0xff, 0x00, 0xff, 0xff, 0xff, 0x00, 0xff, 0xff, 0xff, 0x00, 0xff, 0xff, 0xff, 0x00,
0xff, 0xff, 0xff, 0x00, 0x06, 0x0d, 0x2c, 0x00, 0x06, 0x0d, 0x2c, 0x00, 0x06, 0x0d, 0x2c,
0x00, 0x06, 0x0d, 0x2c, 0x00, 0x06, 0x0d, 0x2c, 0x00, 0x06, 0x0d, 0x2c, 0x00, 0x06, 0x0d,
0x2c, 0x00, 0x06, 0x0d, 0x2d, 0x00, 0x06, 0x0d, 0x2c, 0x00, 0x04, 0x09, 0x22, 0x00, 0x1c,
0x31, 0xa8, 0x69, 0x29, 0x40, 0xe2, 0xff, 0x27, 0x3d, 0xd9, 0xff, 0x27, 0x3d, 0xd9, 0xff,
0x27, 0x3d, 0xd9, 0xff, 0x27, 0x3d, 0xd9, 0xff, 0x27, 0x3d, 0xd9, 0xff, 0x27, 0x3d, 0xd9,
0xff, 0x27, 0x3d, 0xd9, 0xff, 0x27, 0x3d, 0xd9, 0xff, 0x27, 0x3d, 0xd9, 0xff, 0x27, 0x3d,
0xd9, 0xff, 0x27, 0x3d, 0xd9, 0xff, 0x27, 0x3d, 0xd9, 0xff, 0x27, 0x3d, 0xd9, 0xff, 0x27,
0x3d, 0xd9, 0xff, 0x27, 0x3d, 0xd9, 0xff, 0x27, 0x3d, 0xd9, 0xff, 0x27, 0x3d, 0xd9, 0xff,
0x27, 0x3d, 0xd9, 0xff, 0x27, 0x3d, 0xd9, 0xff, 0x27, 0x3d, 0xd9, 0xff, 0x1f, 0x36, 0xd8,
0xff, 0x21, 0x37, 0xd8, 0xff, 0x62, 0x71, 0xe3, 0xff, 0xc9, 0xce, 0xf5, 0xff, 0xfb, 0xfb,
0xfe, 0xff, 0xff, 0xff, 0xff, 0xff, 0xff, 0xff, 0xff, 0xff, 0xff, 0xff, 0xfe, 0xff, 0xfe,
0xfe, 0xfe, 0xff, 0xfe, 0xfe, 0xfe, 0xff, 0xfe, 0xfe, 0xfe, 0xff, 0xfe, 0xfe, 0xfe, 0xff,
0xfe, 0xfe, 0xfe, 0xff, 0xfe, 0xfe, 0xfe, 0xff, 0xfe, 0xfe, 0xfe, 0xff, 0xfe, 0xfe, 0xfe,
0xff, 0xfe, 0xfe, 0xfe, 0xff, 0xfe, 0xfe, 0xfe, 0xff, 0xfe, 0xfe, 0xfe, 0xff, 0xfe, 0xfe,
0xfe, 0xff, 0xfe, 0xfe, 0xfe, 0xff, 0xfe, 0xfe, 0xfe, 0xff, 0xfe, 0xfe, 0xfe, 0xff, 0xff,
0xff, 0xfe, 0xff, 0xff, 0xff, 0xff, 0xff, 0xff, 0xff, 0xff, 0xff, 0xf7, 0xf8, 0xfd, 0xff,
0xc3, 0xc9, 0xf4, 0xff, 0x5d, 0x6d, 0xe2, 0xff, 0x1e, 0x35, 0xd8, 0xff, 0x1f, 0x36, 0xd8,
0xff, 0x27, 0x3d, 0xd9, 0xff, 0x27, 0x3d, 0xd9, 0xff, 0x27, 0x3d, 0xd9, 0xff, 0x27, 0x3d,
0xd9, 0xff, 0x27, 0x3d, 0xd9, 0xff, 0x27, 0x3d, 0xd9, 0xff, 0x27, 0x3d, 0xd9, 0xff, 0x27,
0x3d, 0xd9, 0xff, 0x27, 0x3d, 0xd9, 0xff, 0x27, 0x3d, 0xd9, 0xff, 0x27, 0x3d, 0xd9, 0xff,
0x27, 0x3d, 0xd9, 0xff, 0x27, 0x3d, 0xd9, 0xff, 0x27, 0x3d, 0xd9, 0xff, 0x27, 0x3d, 0xd9,
0xff, 0x27, 0x3d, 0xd9, 0xff, 0x27, 0x3d, 0xd9, 0xff, 0x27, 0x3d, 0xd9, 0xff, 0x27, 0x3d,
0xd9, 0xff, 0x27, 0x3d, 0xd9, 0xff, 0x27, 0x3d, 0xd9, 0xff, 0x27, 0x3d, 0xd9, 0xff, 0x27,
0x3d, 0xd9, 0xff, 0x27, 0x3d, 0xd9, 0xff, 0x27, 0x3d, 0xd9, 0xff, 0x27, 0x3d, 0xd9, 0xff,
0x27, 0x3d, 0xd9, 0xff, 0x27, 0x3d, 0xd9, 0xff, 0x27, 0x3d, 0xd9, 0xff, 0x27, 0x3d, 0xd9,
0xff, 0x27, 0x3d, 0xd9, 0xff, 0x27, 0x3d, 0xd9, 0xff, 0x27, 0x3d, 0xd9, 0xff, 0x27, 0x3d,
0xd9, 0xff, 0x27, 0x3d, 0xd9, 0xff, 0x27, 0x3d, 0xd9, 0xff, 0x27, 0x3d, 0xd9, 0xff, 0x27,
0x3d, 0xd9, 0xff, 0x28, 0x3e, 0xda, 0xff, 0x22, 0x37, 0xd5, 0x5a, 0x1d, 0x28, 0xc9, 0x00,
0x1e, 0x28, 0xcb, 0x00, 0x1e, 0x29, 0xcc, 0x00, 0x1e, 0x29, 0xcc, 0x00, 0x1e, 0x29, 0xcc,
0x00, 0x1e, 0x29, 0xcc, 0x00, 0x1e, 0x29, 0xcc, 0x00, 0x1e, 0x29, 0xcc, 0x00, 0x1e, 0x29,
0xcc, 0x00, 0x1e, 0x29, 0xcc, 0x00, 0xff, 0xff, 0xff, 0x00, 0xff, 0xff, 0xff, 0x00, 0xff,
0xff, 0xff, 0x00, 0xff, 0xff, 0xff, 0x00, 0xff, 0xff, 0xff, 0x00, 0xff, 0xff, 0xff, 0x00,
0xff, 0xff, 0xff, 0x00, 0xff, 0xff, 0xff, 0x00, 0xff, 0xff, 0xff, 0x00, 0xff, 0xff, 0xff,
0x00, 0xff, 0xff, 0xff, 0x00, 0xff, 0xff, 0xff, 0x00, 0xff, 0xff, 0xff, 0x00, 0xff, 0xff,
0xff, 0x00, 0xff, 0xff, 0xff, 0x00, 0x0b, 0x14, 0x52, 0x00, 0x0b, 0x14, 0x52, 0x00, 0x0b,
0x14, 0x52, 0x00, 0x0b, 0x14, 0x52, 0x00, 0x0b, 0x14, 0x52, 0x00, 0x0b, 0x14, 0x52, 0x00,
0x0b, 0x14, 0x52, 0x00, 0x0b, 0x14, 0x51, 0x00, 0x0a, 0x13, 0x50, 0x00, 0x18, 0x2a, 0xa4,
0x2f, 0x28, 0x3d, 0xd9, 0xf9, 0x27, 0x3d, 0xda, 0xff, 0x27, 0x3d, 0xd9, 0xff, 0x27, 0x3d,
0xd9, 0xff, 0x27, 0x3d, 0xd9, 0xff, 0x27, 0x3d, 0xd9, 0xff, 0x27, 0x3d, 0xd9, 0xff, 0x27,
0x3d, 0xd9, 0xff, 0x27, 0x3d, 0xd9, 0xff, 0x27, 0x3d, 0xd9, 0xff, 0x27, 0x3d, 0xd9, 0xff,
0x27, 0x3d, 0xd9, 0xff, 0x27, 0x3d, 0xd9, 0xff, 0x27, 0x3d, 0xd9, 0xff, 0x27, 0x3d, 0xd9,
0xff, 0x27, 0x3d, 0xd9, 0xff, 0x27, 0x3d, 0xd9, 0xff, 0x27, 0x3d, 0xd9, 0xff, 0x27, 0x3d,
0xd9, 0xff, 0x27, 0x3d, 0xd9, 0xff, 0x24, 0x3a, 0xd9, 0xff, 0x1a, 0x31, 0xd7, 0xff, 0x50,
0x62, 0xe0, 0xff, 0xc8, 0xce, 0xf5, 0xff, 0xff, 0xff, 0xff, 0xff, 0xff, 0xff, 0xff, 0xff,
0xff, 0xff, 0xfe, 0xff, 0xfe, 0xfe, 0xfe, 0xff, 0xfe, 0xfe, 0xfe, 0xff, 0xfe, 0xfe, 0xfe,
0xff, 0xfe, 0xfe, 0xfe, 0xff, 0xfe, 0xfe, 0xfe, 0xff, 0xfe, 0xfe, 0xfe, 0xff, 0xfe, 0xfe,
0xfe, 0xff, 0xfe, 0xfe, 0xfe, 0xff, 0xfe, 0xfe, 0xfe, 0xff, 0xfe, 0xfe, 0xfe, 0xff, 0xfe,
0xfe, 0xfe, 0xff, 0xfe, 0xfe, 0xfe, 0xff, 0xfe, 0xfe, 0xfe, 0xff, 0xfe, 0xfe, 0xfe, 0xff,
0xfe, 0xfe, 0xfe, 0xff, 0xfe, 0xfe, 0xfe, 0xff, 0xfe, 0xfe, 0xfe, 0xff, 0xfe, 0xfe, 0xfe,
0xff, 0xfe, 0xfe, 0xfe, 0xff, 0xfe, 0xfe, 0xfe, 0xff, 0xfe, 0xfe, 0xfe, 0xff, 0xff, 0xff,
0xfe, 0xff, 0xff, 0xff, 0xff, 0xff, 0xfe, 0xfe, 0xfe, 0xff, 0xbe, 0xc5, 0xf3, 0xff, 0x4b,
0x5e, 0xe0, 0xff, 0x1b, 0x32, 0xd7, 0xff, 0x25, 0x3b, 0xd9, 0xff, 0x27, 0x3d, 0xd9, 0xff,
0x27, 0x3d, 0xd9, 0xff, 0x27, 0x3d, 0xd9, 0xff, 0x27, 0x3d, 0xd9, 0xff, 0x27, 0x3d, 0xd9,
0xff, 0x27, 0x3d, 0xd9, 0xff, 0x27, 0x3d, 0xd9, 0xff, 0x27, 0x3d, 0xd9, 0xff, 0x27, 0x3d,
0xd9, 0xff, 0x27, 0x3d, 0xd9, 0xff, 0x27, 0x3d, 0xd9, 0xff, 0x27, 0x3d, 0xd9, 0xff, 0x27,
0x3d, 0xd9, 0xff, 0x27, 0x3d, 0xd9, 0xff, 0x27, 0x3d, 0xd9, 0xff, 0x27, 0x3d, 0xd9, 0xff,
0x27, 0x3d, 0xd9, 0xff, 0x27, 0x3d, 0xd9, 0xff, 0x27, 0x3d, 0xd9, 0xff, 0x27, 0x3d, 0xd9,
0xff, 0x27, 0x3d, 0xd9, 0xff, 0x27, 0x3d, 0xd9, 0xff, 0x27, 0x3d, 0xd9, 0xff, 0x27, 0x3d,
0xd9, 0xff, 0x27, 0x3d, 0xd9, 0xff, 0x27, 0x3d, 0xd9, 0xff, 0x27, 0x3d, 0xd9, 0xff, 0x27,
0x3d, 0xd9, 0xff, 0x27, 0x3d, 0xd9, 0xff, 0x27, 0x3d, 0xd9, 0xff, 0x27, 0x3d, 0xd9, 0xff,
0x27, 0x3d, 0xd9, 0xff, 0x27, 0x3d, 0xd9, 0xff, 0x27, 0x3d, 0xd9, 0xff, 0x27, 0x3d, 0xd9,
0xff, 0x27, 0x3d, 0xd9, 0xff, 0x27, 0x3d, 0xd9, 0xff, 0x28, 0x3d, 0xd9, 0xf3, 0x25, 0x30,
0xcb, 0x26, 0x22, 0x28, 0xba, 0x00, 0x23, 0x29, 0xbb, 0x00, 0x23, 0x29, 0xbb, 0x00, 0x23,
0x29, 0xbb, 0x00, 0x23, 0x29, 0xbb, 0x00, 0x23, 0x29, 0xbb, 0x00, 0x23, 0x29, 0xbb, 0x00,
0x23, 0x29, 0xbb, 0x00, 0x23, 0x29, 0xbb, 0x00, 0xff, 0xff, 0xff, 0x00, 0xff, 0xff, 0xff,
0x00, 0xff, 0xff, 0xff, 0x00, 0xff, 0xff, 0xff, 0x00, 0xff, 0xff, 0xff, 0x00, 0xff, 0xff,
0xff, 0x00, 0xff, 0xff, 0xff, 0x00, 0xff, 0xff, 0xff, 0x00, 0xff, 0xff, 0xff, 0x00, 0xff,
0xff, 0xff, 0x00, 0xff, 0xff, 0xff, 0x00, 0xff, 0xff, 0xff, 0x00, 0xff, 0xff, 0xff, 0x00,
0xff, 0xff, 0xff, 0x00, 0xff, 0xff, 0xff, 0x00, 0x00, 0x00, 0x50, 0x00, 0x00, 0x00, 0x50,
0x00, 0x00, 0x00, 0x50, 0x00, 0x00, 0x00, 0x50, 0x00, 0x00, 0x00, 0x50, 0x00, 0x00, 0x00,
0x50, 0x00, 0x00, 0x00, 0x50, 0x00, 0x00, 0x00, 0x4d, 0x00, 0x04, 0x05, 0x60, 0x08, 0x24,
0x39, 0xcb, 0xd1, 0x28, 0x3f, 0xde, 0xff, 0x27, 0x3d, 0xd9, 0xff, 0x27, 0x3d, 0xd9, 0xff,
0x27, 0x3d, 0xd9, 0xff, 0x27, 0x3d, 0xd9, 0xff, 0x27, 0x3d, 0xd9, 0xff, 0x27, 0x3d, 0xd9,
0xff, 0x27, 0x3d, 0xd9, 0xff, 0x27, 0x3d, 0xd9, 0xff, 0x27, 0x3d, 0xd9, 0xff, 0x27, 0x3d,
0xd9, 0xff, 0x27, 0x3d, 0xd9, 0xff, 0x27, 0x3d, 0xd9, 0xff, 0x27, 0x3d, 0xd9, 0xff, 0x27,
0x3d, 0xd9, 0xff, 0x27, 0x3d, 0xd9, 0xff, 0x27, 0x3d, 0xd9, 0xff, 0x27, 0x3d, 0xd9, 0xff,
0x28, 0x3e, 0xd9, 0xff, 0x20, 0x36, 0xd8, 0xff, 0x24, 0x3b, 0xd9, 0xff, 0x96, 0xa1, 0xec,
0xff, 0xf7, 0xf8, 0xfd, 0xff, 0xff, 0xff, 0xff, 0xff, 0xff, 0xff, 0xfe, 0xff, 0xfe, 0xfe,
0xfe, 0xff, 0xfe, 0xfe, 0xfe, 0xff, 0xfe, 0xfe, 0xfe, 0xff, 0xfe, 0xfe, 0xfe, 0xff, 0xfe,
0xfe, 0xfe, 0xff, 0xfe, 0xfe, 0xfe, 0xff, 0xfe, 0xfe, 0xfe, 0xff, 0xfe, 0xfe, 0xfe, 0xff,
0xfe, 0xfe, 0xfe, 0xff, 0xfe, 0xfe, 0xfe, 0xff, 0xfe, 0xfe, 0xfe, 0xff, 0xfe, 0xfe, 0xfe,
0xff, 0xfe, 0xfe, 0xfe, 0xff, 0xfe, 0xfe, 0xfe, 0xff, 0xfe, 0xfe, 0xfe, 0xff, 0xfe, 0xfe,
0xfe, 0xff, 0xfe, 0xfe, 0xfe, 0xff, 0xfe, 0xfe, 0xfe, 0xff, 0xfe, 0xfe, 0xfe, 0xff, 0xfe,
0xfe, 0xfe, 0xff, 0xfe, 0xfe, 0xfe, 0xff, 0xfe, 0xfe, 0xfe, 0xff, 0xfe, 0xfe, 0xfe, 0xff,
0xfe, 0xfe, 0xfe, 0xff, 0xfe, 0xfe, 0xfe, 0xff, 0xff, 0xff, 0xfe, 0xff, 0xff, 0xff, 0xff,
0xff, 0xf5, 0xf6, 0xfd, 0xff, 0x8e, 0x9a, 0xeb, 0xff, 0x1d, 0x34, 0xd7, 0xff, 0x22, 0x38,
0xd8, 0xff, 0x27, 0x3d, 0xd9, 0xff, 0x27, 0x3d, 0xd9, 0xff, 0x27, 0x3d, 0xd9, 0xff, 0x27,
0x3d, 0xd9, 0xff, 0x27, 0x3d, 0xd9, 0xff, 0x27, 0x3d, 0xd9, 0xff, 0x27, 0x3d, 0xd9, 0xff,
0x27, 0x3d, 0xd9, 0xff, 0x27, 0x3d, 0xd9, 0xff, 0x27, 0x3d, 0xd9, 0xff, 0x27, 0x3d, 0xd9,
0xff, 0x27, 0x3d, 0xd9, 0xff, 0x27, 0x3d, 0xd9, 0xff, 0x27, 0x3d, 0xd9, 0xff, 0x27, 0x3d,
0xd9, 0xff, 0x27, 0x3d, 0xd9, 0xff, 0x27, 0x3d, 0xd9, 0xff, 0x27, 0x3d, 0xd9, 0xff, 0x27,
0x3d, 0xd9, 0xff, 0x27, 0x3d, 0xd9, 0xff, 0x27, 0x3d, 0xd9, 0xff, 0x27, 0x3d, 0xd9, 0xff,
0x27, 0x3d, 0xd9, 0xff, 0x27, 0x3d, 0xd9, 0xff, 0x27, 0x3d, 0xd9, 0xff, 0x27, 0x3d, 0xd9,
0xff, 0x27, 0x3d, 0xd9, 0xff, 0x27, 0x3d, 0xd9, 0xff, 0x27, 0x3d, 0xd9, 0xff, 0x27, 0x3d,
0xd9, 0xff, 0x27, 0x3d, 0xd9, 0xff, 0x27, 0x3d, 0xd9, 0xff, 0x27, 0x3d, 0xd9, 0xff, 0x27,
0x3d, 0xd9, 0xff, 0x27, 0x3d, 0xd9, 0xff, 0x27, 0x3d, 0xd9, 0xff, 0x28, 0x3e, 0xdc, 0xff,
0x25, 0x3b, 0xd1, 0xc4, 0x07, 0x09, 0x20, 0x04, 0x02, 0x01, 0x05, 0x00, 0x03, 0x02, 0x06,
0x00, 0x03, 0x02, 0x06, 0x00, 0x03, 0x02, 0x06, 0x00, 0x03, 0x02, 0x06, 0x00, 0x03, 0x02,
0x06, 0x00, 0x03, 0x02, 0x06, 0x00, 0x03, 0x02, 0x06, 0x00, 0xff, 0xff, 0xff, 0x00, 0xff,
0xff, 0xff, 0x00, 0xff, 0xff, 0xff, 0x00, 0xff, 0xff, 0xff, 0x00, 0xff, 0xff, 0xff, 0x00,
0xff, 0xff, 0xff, 0x00, 0xff, 0xff, 0xff, 0x00, 0xff, 0xff, 0xff, 0x00, 0xff, 0xff, 0xff,
0x00, 0xff, 0xff, 0xff, 0x00, 0xff, 0xff, 0xff, 0x00, 0xff, 0xff, 0xff, 0x00, 0xff, 0xff,
0xff, 0x00, 0xff, 0xff, 0xff, 0x00, 0xff, 0xff, 0xff, 0x00, 0x13, 0x1e, 0xb2, 0x00, 0x13,
0x1e, 0xb2, 0x00, 0x13, 0x1e, 0xb2, 0x00, 0x13, 0x1e, 0xb2, 0x00, 0x13, 0x1e, 0xb2, 0x00,
0x13, 0x1e, 0xb2, 0x00, 0x13, 0x1e, 0xb2, 0x00, 0x11, 0x1d, 0xaf, 0x00, 0x1c, 0x2c, 0xc7,
0x7d, 0x28, 0x3f, 0xde, 0xff, 0x27, 0x3d, 0xd9, 0xff, 0x27, 0x3d, 0xd9, 0xff, 0x27, 0x3d,
0xd9, 0xff, 0x27, 0x3d, 0xd9, 0xff, 0x27, 0x3d, 0xd9, 0xff, 0x27, 0x3d, 0xd9, 0xff, 0x27,
0x3d, 0xd9, 0xff, 0x27, 0x3d, 0xd9, 0xff, 0x27, 0x3d, 0xd9, 0xff, 0x27, 0x3d, 0xd9, 0xff,
0x27, 0x3d, 0xd9, 0xff, 0x27, 0x3d, 0xd9, 0xff, 0x27, 0x3d, 0xd9, 0xff, 0x27, 0x3d, 0xd9,
0xff, 0x27, 0x3d, 0xd9, 0xff, 0x27, 0x3d, 0xd9, 0xff, 0x27, 0x3d, 0xd9, 0xff, 0x28, 0x3e,
0xd9, 0xff, 0x1d, 0x33, 0xd7, 0xff, 0x39, 0x4d, 0xdc, 0xff, 0xc2, 0xc8, 0xf4, 0xff, 0xff,
0xff, 0xff, 0xff, 0xff, 0xff, 0xff, 0xff, 0xfe, 0xfe, 0xfe, 0xff, 0xfe, 0xfe, 0xfe, 0xff,
0xfe, 0xfe, 0xfe, 0xff, 0xfe, 0xfe, 0xfe, 0xff, 0xfe, 0xfe, 0xfe, 0xff, 0xfe, 0xfe, 0xfe,
0xff, 0xfe, 0xfe, 0xfe, 0xff, 0xfe, 0xfe, 0xfe, 0xff, 0xfe, 0xfe, 0xfe, 0xff, 0xfe, 0xfe,
0xfe, 0xff, 0xfe, 0xfe, 0xfe, 0xff, 0xfe, 0xfe, 0xfe, 0xff, 0xfe, 0xfe, 0xfe, 0xff, 0xfe,
0xfe, 0xfe, 0xff, 0xfe, 0xfe, 0xfe, 0xff, 0xfe, 0xfe, 0xfe, 0xff, 0xfe, 0xfe, 0xfe, 0xff,
0xfe, 0xfe, 0xfe, 0xff, 0xfe, 0xfe, 0xfe, 0xff, 0xfe, 0xfe, 0xfe, 0xff, 0xfe, 0xfe, 0xfe,
0xff, 0xfe, 0xfe, 0xfe, 0xff, 0xfe, 0xfe, 0xfe, 0xff, 0xfe, 0xfe, 0xfe, 0xff, 0xfe, 0xfe,
0xfe, 0xff, 0xfe, 0xfe, 0xfe, 0xff, 0xfe, 0xfe, 0xfe, 0xff, 0xfe, 0xfe, 0xfe, 0xff, 0xfe,
0xfe, 0xfe, 0xff, 0xff, 0xff, 0xff, 0xff, 0xff, 0xff, 0xff, 0xff, 0xb4, 0xbc, 0xf2, 0xff,
0x31, 0x45, 0xdb, 0xff, 0x1e, 0x35, 0xd7, 0xff, 0x28, 0x3d, 0xd9, 0xff, 0x27, 0x3d, 0xd9,
0xff, 0x27, 0x3d, 0xd9, 0xff, 0x27, 0x3d, 0xd9, 0xff, 0x27, 0x3d, 0xd9, 0xff, 0x27, 0x3d,
0xd9, 0xff, 0x27, 0x3d, 0xd9, 0xff, 0x27, 0x3d, 0xd9, 0xff, 0x27, 0x3d, 0xd9, 0xff, 0x27,
0x3d, 0xd9, 0xff, 0x27, 0x3d, 0xd9, 0xff, 0x27, 0x3d, 0xd9, 0xff, 0x27, 0x3d, 0xd9, 0xff,
0x27, 0x3d, 0xd9, 0xff, 0x27, 0x3d, 0xd9, 0xff, 0x27, 0x3d, 0xd9, 0xff, 0x27, 0x3d, 0xd9,
0xff, 0x27, 0x3d, 0xd9, 0xff, 0x27, 0x3d, 0xd9, 0xff, 0x27, 0x3d, 0xd9, 0xff, 0x27, 0x3d,
0xd9, 0xff, 0x27, 0x3d, 0xd9, 0xff, 0x27, 0x3d, 0xd9, 0xff, 0x27, 0x3d, 0xd9, 0xff, 0x27,
0x3d, 0xd9, 0xff, 0x27, 0x3d, 0xd9, 0xff, 0x27, 0x3d, 0xd9, 0xff, 0x27, 0x3d, 0xd9, 0xff,
0x27, 0x3d, 0xd9, 0xff, 0x27, 0x3d, 0xd9, 0xff, 0x27, 0x3d, 0xd9, 0xff, 0x27, 0x3d, 0xd9,
0xff, 0x27, 0x3d, 0xd9, 0xff, 0x27, 0x3d, 0xd9, 0xff, 0x27, 0x3d, 0xd9, 0xff, 0x27, 0x3d,
0xd9, 0xff, 0x28, 0x3e, 0xdd, 0xff, 0x1a, 0x2b, 0x9a, 0x69, 0x10, 0x25, 0x84, 0x00, 0x11,
0x27, 0x86, 0x00, 0x11, 0x27, 0x85, 0x00, 0x11, 0x27, 0x85, 0x00, 0x11, 0x27, 0x85, 0x00,
0x11, 0x27, 0x85, 0x00, 0x11, 0x27, 0x85, 0x00, 0x11, 0x27, 0x85, 0x00, 0xff, 0xff, 0xff,
0x00, 0xff, 0xff, 0xff, 0x00, 0xff, 0xff, 0xff, 0x00, 0xff, 0xff, 0xff, 0x00, 0xff, 0xff,
0xff, 0x00, 0xff, 0xff, 0xff, 0x00, 0xff, 0xff, 0xff, 0x00, 0xff, 0xff, 0xff, 0x00, 0xff,
0xff, 0xff, 0x00, 0xff, 0xff, 0xff, 0x00, 0xff, 0xff, 0xff, 0x00, 0xff, 0xff, 0xff, 0x00,
0xff, 0xff, 0xff, 0x00, 0xff, 0xff, 0xff, 0x00, 0xff, 0xff, 0xff, 0x00, 0x12, 0x3c, 0xd8,
0x00, 0x12, 0x3c, 0xd8, 0x00, 0x12, 0x3c, 0xd8, 0x00, 0x12, 0x3c, 0xd8, 0x00, 0x12, 0x3c,
0xd8, 0x00, 0x12, 0x3c, 0xd8, 0x00, 0x11, 0x3b, 0xd8, 0x00, 0x1b, 0x3c, 0xdb, 0x38, 0x29,
0x40, 0xdd, 0xfb, 0x27, 0x3d, 0xd9, 0xff, 0x27, 0x3d, 0xd9, 0xff, 0x27, 0x3d, 0xd9, 0xff,
0x27, 0x3d, 0xd9, 0xff, 0x27, 0x3d, 0xd9, 0xff, 0x27, 0x3d, 0xd9, 0xff, 0x27, 0x3d, 0xd9,
0xff, 0x27, 0x3d, 0xd9, 0xff, 0x27, 0x3d, 0xd9, 0xff, 0x27, 0x3d, 0xd9, 0xff, 0x27, 0x3d,
0xd9, 0xff, 0x27, 0x3d, 0xd9, 0xff, 0x27, 0x3d, 0xd9, 0xff, 0x27, 0x3d, 0xd9, 0xff, 0x27,
0x3d, 0xd9, 0xff, 0x27, 0x3d, 0xd9, 0xff, 0x27, 0x3d, 0xd9, 0xff, 0x28, 0x3e, 0xd9, 0xff,
0x1a, 0x32, 0xd7, 0xff, 0x46, 0x58, 0xde, 0xff, 0xda, 0xde, 0xf8, 0xff, 0xff, 0xff, 0xff,
0xff, 0xfe, 0xfe, 0xfe, 0xff, 0xfe, 0xfe, 0xfe, 0xff, 0xfe, 0xfe, 0xfe, 0xff, 0xfe, 0xfe,
0xfe, 0xff, 0xfe, 0xfe, 0xfe, 0xff, 0xfe, 0xfe, 0xfe, 0xff, 0xfe, 0xfe, 0xfe, 0xff, 0xfe,
0xfe, 0xfe, 0xff, 0xfe, 0xfe, 0xfe, 0xff, 0xfe, 0xfe, 0xfe, 0xff, 0xfe, 0xfe, 0xfe, 0xff,
0xfe, 0xfe, 0xfe, 0xff, 0xfe, 0xfe, 0xfe, 0xff, 0xfe, 0xfe, 0xfe, 0xff, 0xfe, 0xfe, 0xfe,
0xff, 0xfe, 0xfe, 0xfe, 0xff, 0xfe, 0xfe, 0xfe, 0xff, 0xfe, 0xfe, 0xfe, 0xff, 0xfe, 0xfe,
0xfe, 0xff, 0xfe, 0xfe, 0xfe, 0xff, 0xfe, 0xfe, 0xfe, 0xff, 0xfe, 0xfe, 0xfe, 0xff, 0xfe,
0xfe, 0xfe, 0xff, 0xfe, 0xfe, 0xfe, 0xff, 0xfe, 0xfe, 0xfe, 0xff, 0xfe, 0xfe, 0xfe, 0xff,
0xfe, 0xfe, 0xfe, 0xff, 0xfe, 0xfe, 0xfe, 0xff, 0xfe, 0xfe, 0xfe, 0xff, 0xfe, 0xfe, 0xfe,
0xff, 0xfe, 0xfe, 0xfe, 0xff, 0xfe, 0xfe, 0xfe, 0xff, 0xff, 0xff, 0xfe, 0xff, 0xff, 0xff,
0xff, 0xff, 0xd5, 0xd9, 0xf7, 0xff, 0x3e, 0x52, 0xdd, 0xff, 0x1d, 0x34, 0xd7, 0xff, 0x28,
0x3e, 0xd9, 0xff, 0x27, 0x3d, 0xd9, 0xff, 0x27, 0x3d, 0xd9, 0xff, 0x27, 0x3d, 0xd9, 0xff,
0x27, 0x3d, 0xd9, 0xff, 0x27, 0x3d, 0xd9, 0xff, 0x27, 0x3d, 0xd9, 0xff, 0x27, 0x3d, 0xd9,
0xff, 0x27, 0x3d, 0xd9, 0xff, 0x27, 0x3d, 0xd9, 0xff, 0x27, 0x3d, 0xd9, 0xff, 0x27, 0x3d,
0xd9, 0xff, 0x27, 0x3d, 0xd9, 0xff, 0x27, 0x3d, 0xd9, 0xff, 0x27, 0x3d, 0xd9, 0xff, 0x27,
0x3d, 0xd9, 0xff, 0x27, 0x3d, 0xd9, 0xff, 0x27, 0x3d, 0xd9, 0xff, 0x27, 0x3d, 0xd9, 0xff,
0x27, 0x3d, 0xd9, 0xff, 0x27, 0x3d, 0xd9, 0xff, 0x27, 0x3d, 0xd9, 0xff, 0x27, 0x3d, 0xd9,
0xff, 0x27, 0x3d, 0xd9, 0xff, 0x27, 0x3d, 0xd9, 0xff, 0x27, 0x3d, 0xd9, 0xff, 0x27, 0x3d,
0xd9, 0xff, 0x27, 0x3d, 0xd9, 0xff, 0x27, 0x3d, 0xd9, 0xff, 0x27, 0x3d, 0xd9, 0xff, 0x27,
0x3d, 0xd9, 0xff, 0x27, 0x3d, 0xd9, 0xff, 0x27, 0x3d, 0xd9, 0xff, 0x27, 0x3d, 0xd9, 0xff,
0x27, 0x3d, 0xd9, 0xff, 0x27, 0x3d, 0xd9, 0xff, 0x29, 0x41, 0xe4, 0xf3, 0x14, 0x2b, 0xc6,
0x2b, 0x0b, 0x1f, 0xb2, 0x00, 0x0b, 0x20, 0xb5, 0x00, 0x0b, 0x20, 0xb5, 0x00, 0x0b, 0x20,
0xb5, 0x00, 0x0b, 0x20, 0xb5, 0x00, 0x0b, 0x20, 0xb5, 0x00, 0x0b, 0x20, 0xb5, 0x00, 0xff,
0xff, 0xff, 0x00, 0xff, 0xff, 0xff, 0x00, 0xff, 0xff, 0xff, 0x00, 0xff, 0xff, 0xff, 0x00,
0xff, 0xff, 0xff, 0x00, 0xff, 0xff, 0xff, 0x00, 0xff, 0xff, 0xff, 0x00, 0xff, 0xff, 0xff,
0x00, 0xff, 0xff, 0xff, 0x00, 0xff, 0xff, 0xff, 0x00, 0xff, 0xff, 0xff, 0x00, 0xff, 0xff,
0xff, 0x00, 0xff, 0xff, 0xff, 0x00, 0xff, 0xff, 0xff, 0x00, 0xff, 0xff, 0xff, 0x00, 0x0c,
0x21, 0xcc, 0x00, 0x0c, 0x21, 0xcc, 0x00, 0x0c, 0x21, 0xcc, 0x00, 0x0c, 0x21, 0xcc, 0x00,
0x0c, 0x21, 0xcc, 0x00, 0x0b, 0x20, 0xcc, 0x00, 0x0f, 0x26, 0xcb, 0x06, 0x22, 0x3c, 0xd7,
0xbb, 0x28, 0x3d, 0xd9, 0xff, 0x27, 0x3d, 0xd9, 0xff, 0x27, 0x3d, 0xd9, 0xff, 0x27, 0x3d,
0xd9, 0xff, 0x27, 0x3d, 0xd9, 0xff, 0x27, 0x3d, 0xd9, 0xff, 0x27, 0x3d, 0xd9, 0xff, 0x27,
0x3d, 0xd9, 0xff, 0x27, 0x3d, 0xd9, 0xff, 0x27, 0x3d, 0xd9, 0xff, 0x27, 0x3d, 0xd9, 0xff,
0x27, 0x3d, 0xd9, 0xff, 0x27, 0x3d, 0xd9, 0xff, 0x27, 0x3d, 0xd9, 0xff, 0x27, 0x3d, 0xd9,
0xff, 0x27, 0x3d, 0xd9, 0xff, 0x27, 0x3d, 0xd9, 0xff, 0x28, 0x3e, 0xd9, 0xff, 0x1d, 0x34,
0xd7, 0xff, 0x44, 0x57, 0xde, 0xff, 0xda, 0xde, 0xf8, 0xff, 0xff, 0xff, 0xff, 0xff, 0xfe,
0xfe, 0xfe, 0xff, 0xfe, 0xfe, 0xfe, 0xff, 0xfe, 0xfe, 0xfe, 0xff, 0xfe, 0xfe, 0xfe, 0xff,
0xfe, 0xfe, 0xfe, 0xff, 0xfe, 0xfe, 0xfe, 0xff, 0xfe, 0xfe, 0xfe, 0xff, 0xfe, 0xfe, 0xfe,
0xff, 0xfe, 0xfe, 0xfe, 0xff, 0xfe, 0xfe, 0xfe, 0xff, 0xfe, 0xfe, 0xfe, 0xff, 0xfe, 0xfe,
0xfe, 0xff, 0xfe, 0xfe, 0xfe, 0xff, 0xfe, 0xfe, 0xfe, 0xff, 0xfe, 0xfe, 0xfe, 0xff, 0xfe,
0xfe, 0xfe, 0xff, 0xfe, 0xfe, 0xfe, 0xff, 0xfe, 0xfe, 0xfe, 0xff, 0xfe, 0xfe, 0xfe, 0xff,
0xfe, 0xfe, 0xfe, 0xff, 0xfe, 0xfe, 0xfe, 0xff, 0xfe, 0xfe, 0xfe, 0xff, 0xfe, 0xfe, 0xfe,
0xff, 0xfe, 0xfe, 0xfe, 0xff, 0xfe, 0xfe, 0xfe, 0xff, 0xfe, 0xfe, 0xfe, 0xff, 0xfe, 0xfe,
0xfe, 0xff, 0xfe, 0xfe, 0xfe, 0xff, 0xfe, 0xfe, 0xfe, 0xff, 0xfe, 0xfe, 0xfe, 0xff, 0xfe,
0xfe, 0xfe, 0xff, 0xfe, 0xfe, 0xfe, 0xff, 0xfe, 0xfe, 0xfe, 0xff, 0xfe, 0xfe, 0xfe, 0xff,
0xfe, 0xfe, 0xfe, 0xff, 0xff, 0xff, 0xff, 0xff, 0xd8, 0xdc, 0xf8, 0xff, 0x37, 0x4b, 0xdc,
0xff, 0x1f, 0x36, 0xd8, 0xff, 0x27, 0x3d, 0xd9, 0xff, 0x27, 0x3d, 0xd9, 0xff, 0x27, 0x3d,
0xd9, 0xff, 0x27, 0x3d, 0xd9, 0xff, 0x27, 0x3d, 0xd9, 0xff, 0x27, 0x3d, 0xd9, 0xff, 0x27,
0x3d, 0xd9, 0xff, 0x27, 0x3d, 0xd9, 0xff, 0x27, 0x3d, 0xd9, 0xff, 0x27, 0x3d, 0xd9, 0xff,
0x27, 0x3d, 0xd9, 0xff, 0x27, 0x3d, 0xd9, 0xff, 0x27, 0x3d, 0xd9, 0xff, 0x27, 0x3d, 0xd9,
0xff, 0x27, 0x3d, 0xd9, 0xff, 0x27, 0x3d, 0xd9, 0xff, 0x27, 0x3d, 0xd9, 0xff, 0x27, 0x3d,
0xd9, 0xff, 0x27, 0x3d, 0xd9, 0xff, 0x27, 0x3d, 0xd9, 0xff, 0x27, 0x3d, 0xd9, 0xff, 0x27,
0x3d, 0xd9, 0xff, 0x27, 0x3d, 0xd9, 0xff, 0x27, 0x3d, 0xd9, 0xff, 0x27, 0x3d, 0xd9, 0xff,
0x27, 0x3d, 0xd9, 0xff, 0x27, 0x3d, 0xd9, 0xff, 0x27, 0x3d, 0xd9, 0xff, 0x27, 0x3d, 0xd9,
0xff, 0x27, 0x3d, 0xd9, 0xff, 0x27, 0x3d, 0xd9, 0xff, 0x27, 0x3d, 0xd9, 0xff, 0x27, 0x3d,
0xd9, 0xff, 0x27, 0x3d, 0xd9, 0xff, 0x27, 0x3d, 0xd9, 0xff, 0x28, 0x3d, 0xda, 0xff, 0x23,
0x38, 0xd2, 0xa5, 0x1e, 0x2e, 0xc3, 0x00, 0x1e, 0x2c, 0xc1, 0x00, 0x1e, 0x2c, 0xc1, 0x00,
0x1e, 0x2c, 0xc1, 0x00, 0x1e, 0x2c, 0xc1, 0x00, 0x1e, 0x2c, 0xc1, 0x00, 0x1e, 0x2c, 0xc1,
0x00, 0xff, 0xff, 0xff, 0x00, 0xff, 0xff, 0xff, 0x00, 0xff, 0xff, 0xff, 0x00, 0xff, 0xff,
0xff, 0x00, 0xff, 0xff, 0xff, 0x00, 0xff, 0xff, 0xff, 0x00, 0xff, 0xff, 0xff, 0x00, 0xff,
0xff, 0xff, 0x00, 0xff, 0xff, 0xff, 0x00, 0xff, 0xff, 0xff, 0x00, 0xff, 0xff, 0xff, 0x00,
0xff, 0xff, 0xff, 0x00, 0xff, 0xff, 0xff, 0x00, 0xff, 0xff, 0xff, 0x00, 0xff, 0xff, 0xff,
0x00, 0x15, 0x26, 0xb6, 0x00, 0x15, 0x26, 0xb6, 0x00, 0x15, 0x26, 0xb6, 0x00, 0x15, 0x26,
0xb6, 0x00, 0x15, 0x26, 0xb6, 0x00, 0x15, 0x25, 0xb7, 0x00, 0x1d, 0x2f, 0xd0, 0x5c, 0x28,
0x3e, 0xda, 0xff, 0x27, 0x3d, 0xd9, 0xff, 0x27, 0x3d, 0xd9, 0xff, 0x27, 0x3d, 0xd9, 0xff,
0x27, 0x3d, 0xd9, 0xff, 0x27, 0x3d, 0xd9, 0xff, 0x27, 0x3d, 0xd9, 0xff, 0x27, 0x3d, 0xd9,
0xff, 0x27, 0x3d, 0xd9, 0xff, 0x27, 0x3d, 0xd9, 0xff, 0x27, 0x3d, 0xd9, 0xff, 0x27, 0x3d,
0xd9, 0xff, 0x27, 0x3d, 0xd9, 0xff, 0x27, 0x3d, 0xd9, 0xff, 0x27, 0x3d, 0xd9, 0xff, 0x27,
0x3d, 0xd9, 0xff, 0x27, 0x3d, 0xd9, 0xff, 0x27, 0x3d, 0xd9, 0xff, 0x21, 0x37, 0xd8, 0xff,
0x36, 0x4a, 0xdc, 0xff, 0xd9, 0xdd, 0xf8, 0xff, 0xff, 0xff, 0xff, 0xff, 0xfe, 0xfe, 0xfe,
0xff, 0xfe, 0xfe, 0xfe, 0xff, 0xfe, 0xfe, 0xfe, 0xff, 0xfe, 0xfe, 0xfe, 0xff, 0xfe, 0xfe,
0xfe, 0xff, 0xfe, 0xfe, 0xfe, 0xff, 0xfe, 0xfe, 0xfe, 0xff, 0xfe, 0xfe, 0xfe, 0xff, 0xfe,
0xfe, 0xfe, 0xff, 0xfe, 0xfe, 0xfe, 0xff, 0xfe, 0xfe, 0xfe, 0xff, 0xfe, 0xfe, 0xfe, 0xff,
0xfe, 0xfe, 0xfe, 0xff, 0xfe, 0xfe, 0xfe, 0xff, 0xfe, 0xfe, 0xfe, 0xff, 0xfe, 0xfe, 0xfe,
0xff, 0xfe, 0xfe, 0xfe, 0xff, 0xfe, 0xfe, 0xfe, 0xff, 0xfe, 0xfe, 0xfe, 0xff, 0xfe, 0xfe,
0xfe, 0xff, 0xfe, 0xfe, 0xfe, 0xff, 0xfe, 0xfe, 0xfe, 0xff, 0xfe, 0xfe, 0xfe, 0xff, 0xfe,
0xfe, 0xfe, 0xff, 0xfe, 0xfe, 0xfe, 0xff, 0xfe, 0xfe, 0xfe, 0xff, 0xfe, 0xfe, 0xfe, 0xff,
0xfe, 0xfe, 0xfe, 0xff, 0xfe, 0xfe, 0xfe, 0xff, 0xfe, 0xfe, 0xfe, 0xff, 0xfe, 0xfe, 0xfe,
0xff, 0xfe, 0xfe, 0xfe, 0xff, 0xfe, 0xfe, 0xfe, 0xff, 0xfe, 0xfe, 0xfe, 0xff, 0xfe, 0xfe,
0xfe, 0xff, 0xfe, 0xfe, 0xfe, 0xff, 0xfe, 0xfe, 0xfe, 0xff, 0xff, 0xff, 0xff, 0xff, 0xd3,
0xd7, 0xf7, 0xff, 0x2d, 0x43, 0xda, 0xff, 0x21, 0x38, 0xd8, 0xff, 0x27, 0x3d, 0xd9, 0xff,
0x27, 0x3d, 0xd9, 0xff, 0x27, 0x3d, 0xd9, 0xff, 0x27, 0x3d, 0xd9, 0xff, 0x27, 0x3d, 0xd9,
0xff, 0x27, 0x3d, 0xd9, 0xff, 0x27, 0x3d, 0xd9, 0xff, 0x27, 0x3d, 0xd9, 0xff, 0x27, 0x3d,
0xd9, 0xff, 0x27, 0x3d, 0xd9, 0xff, 0x27, 0x3d, 0xd9, 0xff, 0x27, 0x3d, 0xd9, 0xff, 0x27,
0x3d, 0xd9, 0xff, 0x27, 0x3d, 0xd9, 0xff, 0x26, 0x3c, 0xd9, 0xff, 0x21, 0x38, 0xd8, 0xff,
0x1e, 0x35, 0xd7, 0xff, 0x22, 0x38, 0xd8, 0xff, 0x27, 0x3d, 0xd9, 0xff, 0x27, 0x3d, 0xd9,
0xff, 0x27, 0x3d, 0xd9, 0xff, 0x27, 0x3d, 0xd9, 0xff, 0x27, 0x3d, 0xd9, 0xff, 0x27, 0x3d,
0xd9, 0xff, 0x27, 0x3d, 0xd9, 0xff, 0x27, 0x3d, 0xd9, 0xff, 0x27, 0x3d, 0xd9, 0xff, 0x27,
0x3d, 0xd9, 0xff, 0x27, 0x3d, 0xd9, 0xff, 0x27, 0x3d, 0xd9, 0xff, 0x27, 0x3d, 0xd9, 0xff,
0x27, 0x3d, 0xd9, 0xff, 0x27, 0x3d, 0xd9, 0xff, 0x27, 0x3d, 0xd9, 0xff, 0x27, 0x3d, 0xd9,
0xff, 0x28, 0x3e, 0xdb, 0xff, 0x26, 0x35, 0xcc, 0x45, 0x25, 0x31, 0xc5, 0x00, 0x25, 0x31,
0xc6, 0x00, 0x25, 0x31, 0xc6, 0x00, 0x25, 0x31, 0xc6, 0x00, 0x25, 0x31, 0xc6, 0x00, 0x25,
0x31, 0xc6, 0x00, 0xff, 0xff, 0xff, 0x00, 0xff, 0xff, 0xff, 0x00, 0xff, 0xff, 0xff, 0x00,
0xff, 0xff, 0xff, 0x00, 0xff, 0xff, 0xff, 0x00, 0xff, 0xff, 0xff, 0x00, 0xff, 0xff, 0xff,
0x00, 0xff, 0xff, 0xff, 0x00, 0xff, 0xff, 0xff, 0x00, 0xff, 0xff, 0xff, 0x00, 0xff, 0xff,
0xff, 0x00, 0xff, 0xff, 0xff, 0x00, 0xff, 0xff, 0xff, 0x00, 0xff, 0xff, 0xff, 0x00, 0xff,
0xff, 0xff, 0x00, 0x08, 0x09, 0x59, 0x00, 0x08, 0x09, 0x59, 0x00, 0x08, 0x09, 0x59, 0x00,
0x08, 0x09, 0x59, 0x00, 0x07, 0x08, 0x58, 0x00, 0x0c, 0x11, 0x64, 0x13, 0x27, 0x3e, 0xd2,
0xd9, 0x28, 0x3e, 0xdb, 0xff, 0x27, 0x3d, 0xd9, 0xff, 0x27, 0x3d, 0xd9, 0xff, 0x27, 0x3d,
0xd9, 0xff, 0x27, 0x3d, 0xd9, 0xff, 0x27, 0x3d, 0xd9, 0xff, 0x27, 0x3d, 0xd9, 0xff, 0x27,
0x3d, 0xd9, 0xff, 0x27, 0x3d, 0xd9, 0xff, 0x27, 0x3d, 0xd9, 0xff, 0x27, 0x3d, 0xd9, 0xff,
0x27, 0x3d, 0xd9, 0xff, 0x27, 0x3d, 0xd9, 0xff, 0x27, 0x3d, 0xd9, 0xff, 0x27, 0x3d, 0xd9,
0xff, 0x27, 0x3d, 0xd9, 0xff, 0x27, 0x3d, 0xd9, 0xff, 0x25, 0x3c, 0xd9, 0xff, 0x20, 0x36,
0xd8, 0xff, 0xbe, 0xc4, 0xf3, 0xff, 0xff, 0xff, 0xff, 0xff, 0xfe, 0xfe, 0xfe, 0xff, 0xfe,
0xfe, 0xfe, 0xff, 0xfe, 0xfe, 0xfe, 0xff, 0xfe, 0xfe, 0xfe, 0xff, 0xfe, 0xfe, 0xfe, 0xff,
0xfe, 0xfe, 0xfe, 0xff, 0xfe, 0xfe, 0xfe, 0xff, 0xfe, 0xfe, 0xfe, 0xff, 0xfe, 0xfe, 0xfe,
0xff, 0xfe, 0xfe, 0xfe, 0xff, 0xfe, 0xfe, 0xfe, 0xff, 0xfe, 0xfe, 0xfe, 0xff, 0xfe, 0xfe,
0xfe, 0xff, 0xfe, 0xfe, 0xfe, 0xff, 0xfe, 0xfe, 0xfe, 0xff, 0xfe, 0xfe, 0xfe, 0xff, 0xfe,
0xfe, 0xfe, 0xff, 0xfe, 0xfe, 0xfe, 0xff, 0xfe, 0xfe, 0xfe, 0xff, 0xfe, 0xfe, 0xfe, 0xff,
0xfe, 0xfe, 0xfe, 0xff, 0xfe, 0xfe, 0xfe, 0xff, 0xfe, 0xfe, 0xfe, 0xff, 0xfe, 0xfe, 0xfe,
0xff, 0xfe, 0xfe, 0xfe, 0xff, 0xfe, 0xfe, 0xfe, 0xff, 0xfe, 0xfe, 0xfe, 0xff, 0xfe, 0xfe,
0xfe, 0xff, 0xfe, 0xfe, 0xfe, 0xff, 0xfe, 0xfe, 0xfe, 0xff, 0xfe, 0xfe, 0xfe, 0xff, 0xfe,
0xfe, 0xfe, 0xff, 0xfe, 0xfe, 0xfe, 0xff, 0xfe, 0xfe, 0xfe, 0xff, 0xfe, 0xfe, 0xfe, 0xff,
0xfe, 0xfe, 0xfe, 0xff, 0xfe, 0xfe, 0xfe, 0xff, 0xfe, 0xfe, 0xfe, 0xff, 0xfe, 0xfe, 0xfe,
0xff, 0xff, 0xff, 0xff, 0xff, 0xb2, 0xba, 0xf1, 0xff, 0x21, 0x38, 0xd8, 0xff, 0x25, 0x3c,
0xd9, 0xff, 0x27, 0x3d, 0xd9, 0xff, 0x27, 0x3d, 0xd9, 0xff, 0x27, 0x3d, 0xd9, 0xff, 0x27,
0x3d, 0xd9, 0xff, 0x27, 0x3d, 0xd9, 0xff, 0x27, 0x3d, 0xd9, 0xff, 0x27, 0x3d, 0xd9, 0xff,
0x27, 0x3d, 0xd9, 0xff, 0x27, 0x3d, 0xd9, 0xff, 0x27, 0x3d, 0xd9, 0xff, 0x27, 0x3d, 0xd9,
0xff, 0x28, 0x3d, 0xd9, 0xff, 0x21, 0x38, 0xd8, 0xff, 0x1f, 0x36, 0xd8, 0xff, 0x44, 0x57,
0xde, 0xff, 0x5a, 0x6b, 0xe2, 0xff, 0x40, 0x53, 0xdd, 0xff, 0x1d, 0x34, 0xd7, 0xff, 0x23,
0x3a, 0xd8, 0xff, 0x27, 0x3d, 0xd9, 0xff, 0x27, 0x3d, 0xd9, 0xff, 0x27, 0x3d, 0xd9, 0xff,
0x27, 0x3d, 0xd9, 0xff, 0x27, 0x3d, 0xd9, 0xff, 0x27, 0x3d, 0xd9, 0xff, 0x27, 0x3d, 0xd9,
0xff, 0x27, 0x3d, 0xd9, 0xff, 0x27, 0x3d, 0xd9, 0xff, 0x27, 0x3d, 0xd9, 0xff, 0x27, 0x3d,
0xd9, 0xff, 0x27, 0x3d, 0xd9, 0xff, 0x27, 0x3d, 0xd9, 0xff, 0x27, 0x3d, 0xd9, 0xff, 0x27,
0x3d, 0xd9, 0xff, 0x27, 0x3d, 0xd9, 0xff, 0x27, 0x3e, 0xd9, 0xc1, 0x26, 0x3e, 0xd7, 0x06,
0x26, 0x3e, 0xd7, 0x00, 0x26, 0x3e, 0xd7, 0x00, 0x26, 0x3e, 0xd7, 0x00, 0x26, 0x3e, 0xd7,
0x00, 0x26, 0x3e, 0xd7, 0x00, 0xff, 0xff, 0xff, 0x00, 0xff, 0xff, 0xff, 0x00, 0xff, 0xff,
0xff, 0x00, 0xff, 0xff, 0xff, 0x00, 0xff, 0xff, 0xff, 0x00, 0xff, 0xff, 0xff, 0x00, 0xff,
0xff, 0xff, 0x00, 0xff, 0xff, 0xff, 0x00, 0xff, 0xff, 0xff, 0x00, 0xff, 0xff, 0xff, 0x00,
0xff, 0xff, 0xff, 0x00, 0xff, 0xff, 0xff, 0x00, 0xff, 0xff, 0xff, 0x00, 0xff, 0xff, 0xff,
0x00, 0xff, 0xff, 0xff, 0x00, 0x1a, 0x26, 0xd0, 0x00, 0x1a, 0x26, 0xd0, 0x00, 0x1a, 0x26,
0xd0, 0x00, 0x1a, 0x26, 0xd0, 0x00, 0x19, 0x23, 0xce, 0x00, 0x21, 0x31, 0xd7, 0x80, 0x28,
0x3f, 0xda, 0xff, 0x27, 0x3d, 0xd9, 0xff, 0x27, 0x3d, 0xd9, 0xff, 0x27, 0x3d, 0xd9, 0xff,
0x27, 0x3d, 0xd9, 0xff, 0x27, 0x3d, 0xd9, 0xff, 0x27, 0x3d, 0xd9, 0xff, 0x27, 0x3d, 0xd9,
0xff, 0x27, 0x3d, 0xd9, 0xff, 0x27, 0x3d, 0xd9, 0xff, 0x27, 0x3d, 0xd9, 0xff, 0x27, 0x3d,
0xd9, 0xff, 0x27, 0x3d, 0xd9, 0xff, 0x27, 0x3d, 0xd9, 0xff, 0x27, 0x3d, 0xd9, 0xff, 0x27,
0x3d, 0xd9, 0xff, 0x27, 0x3d, 0xd9, 0xff, 0x27, 0x3d, 0xd9, 0xff, 0x1b, 0x32, 0xd7, 0xff,
0x85, 0x92, 0xe9, 0xff, 0xff, 0xff, 0xff, 0xff, 0xfe, 0xfe, 0xfe, 0xff, 0xfe, 0xfe, 0xfe,
0xff, 0xfe, 0xfe, 0xfe, 0xff, 0xfe, 0xfe, 0xfe, 0xff, 0xfe, 0xfe, 0xfe, 0xff, 0xfe, 0xfe,
0xfe, 0xff, 0xfe, 0xfe, 0xfe, 0xff, 0xfe, 0xfe, 0xfe, 0xff, 0xfe, 0xfe, 0xfe, 0xff, 0xfe,
0xfe, 0xfe, 0xff, 0xfe, 0xfe, 0xfe, 0xff, 0xfe, 0xfe, 0xfe, 0xff, 0xfe, 0xfe, 0xfe, 0xff,
0xfe, 0xfe, 0xfe, 0xff, 0xfe, 0xfe, 0xfe, 0xff, 0xfe, 0xfe, 0xfe, 0xff, 0xfe, 0xfe, 0xfe,
0xff, 0xfe, 0xfe, 0xfe, 0xff, 0xfe, 0xfe, 0xfe, 0xff, 0xfe, 0xfe, 0xfe, 0xff, 0xfe, 0xfe,
0xfe, 0xff, 0xfe, 0xfe, 0xfe, 0xff, 0xfe, 0xfe, 0xfe, 0xff, 0xfe, 0xfe, 0xfe, 0xff, 0xfe,
0xfe, 0xfe, 0xff, 0xfe, 0xfe, 0xfe, 0xff, 0xfe, 0xfe, 0xfe, 0xff, 0xfe, 0xfe, 0xfe, 0xff,
0xfe, 0xfe, 0xfe, 0xff, 0xfe, 0xfe, 0xfe, 0xff, 0xfe, 0xfe, 0xfe, 0xff, 0xfe, 0xfe, 0xfe,
0xff, 0xfe, 0xfe, 0xfe, 0xff, 0xfe, 0xfe, 0xfe, 0xff, 0xfe, 0xfe, 0xfe, 0xff, 0xfe, 0xfe,
0xfe, 0xff, 0xfe, 0xfe, 0xfe, 0xff, 0xfe, 0xfe, 0xfe, 0xff, 0xfe, 0xfe, 0xfe, 0xff, 0xfe,
0xfe, 0xfe, 0xff, 0xff, 0xff, 0xfe, 0xff, 0xff, 0xff, 0xff, 0xff, 0x6c, 0x7b, 0xe5, 0xff,
0x1b, 0x33, 0xd7, 0xff, 0x27, 0x3d, 0xd9, 0xff, 0x27, 0x3d, 0xd9, 0xff, 0x27, 0x3d, 0xd9,
0xff, 0x27, 0x3d, 0xd9, 0xff, 0x27, 0x3d, 0xd9, 0xff, 0x27, 0x3d, 0xd9, 0xff, 0x27, 0x3d,
0xd9, 0xff, 0x27, 0x3d, 0xd9, 0xff, 0x27, 0x3d, 0xd9, 0xff, 0x27, 0x3d, 0xd9, 0xff, 0x27,
0x3d, 0xd9, 0xff, 0x21, 0x37, 0xd8, 0xff, 0x35, 0x4a, 0xdc, 0xff, 0xac, 0xb4, 0xf1, 0xff,
0xf6, 0xf7, 0xfd, 0xff, 0xff, 0xff, 0xff, 0xff, 0xf2, 0xf3, 0xfd, 0xff, 0x9d, 0xa7, 0xee,
0xff, 0x2c, 0x42, 0xda, 0xff, 0x23, 0x39, 0xd8, 0xff, 0x27, 0x3d, 0xd9, 0xff, 0x27, 0x3d,
0xd9, 0xff, 0x27, 0x3d, 0xd9, 0xff, 0x27, 0x3d, 0xd9, 0xff, 0x27, 0x3d, 0xd9, 0xff, 0x27,
0x3d, 0xd9, 0xff, 0x27, 0x3d, 0xd9, 0xff, 0x27, 0x3d, 0xd9, 0xff, 0x27, 0x3d, 0xd9, 0xff,
0x27, 0x3d, 0xd9, 0xff, 0x27, 0x3d, 0xd9, 0xff, 0x27, 0x3d, 0xd9, 0xff, 0x27, 0x3d, 0xd9,
0xff, 0x27, 0x3d, 0xd9, 0xff, 0x27, 0x3d, 0xd9, 0xff, 0x27, 0x3d, 0xd9, 0xff, 0x26, 0x3c,
0xd8, 0x60, 0x26, 0x3d, 0xd7, 0x00, 0x26, 0x3d, 0xd7, 0x00, 0x26, 0x3d, 0xd7, 0x00, 0x26,
0x3d, 0xd7, 0x00, 0x26, 0x3d, 0xd7, 0x00, 0xff, 0xff, 0xff, 0x00, 0xff, 0xff, 0xff, 0x00,
0xff, 0xff, 0xff, 0x00, 0xff, 0xff, 0xff, 0x00, 0xff, 0xff, 0xff, 0x00, 0xff, 0xff, 0xff,
0x00, 0xff, 0xff, 0xff, 0x00, 0xff, 0xff, 0xff, 0x00, 0xff, 0xff, 0xff, 0x00, 0xff, 0xff,
0xff, 0x00, 0xff, 0xff, 0xff, 0x00, 0xff, 0xff, 0xff, 0x00, 0xff, 0xff, 0xff, 0x00, 0xff,
0xff, 0xff, 0x00, 0xff, 0xff, 0xff, 0x00, 0x18, 0x29, 0xd7, 0x00, 0x18, 0x29, 0xd7, 0x00,
0x18, 0x29, 0xd7, 0x00, 0x18, 0x29, 0xd7, 0x00, 0x1a, 0x2d, 0xd4, 0x12, 0x26, 0x3d, 0xd9,
0xe0, 0x27, 0x3d, 0xd9, 0xff, 0x27, 0x3d, 0xd9, 0xff, 0x27, 0x3d, 0xd9, 0xff, 0x27, 0x3d,
0xd9, 0xff, 0x27, 0x3d, 0xd9, 0xff, 0x27, 0x3d, 0xd9, 0xff, 0x27, 0x3d, 0xd9, 0xff, 0x27,
0x3d, 0xd9, 0xff, 0x27, 0x3d, 0xd9, 0xff, 0x27, 0x3d, 0xd9, 0xff, 0x27, 0x3d, 0xd9, 0xff,
0x27, 0x3d, 0xd9, 0xff, 0x27, 0x3d, 0xd9, 0xff, 0x27, 0x3d, 0xd9, 0xff, 0x27, 0x3d, 0xd9,
0xff, 0x27, 0x3d, 0xd9, 0xff, 0x27, 0x3d, 0xd9, 0xff, 0x21, 0x38, 0xd8, 0xff, 0x3a, 0x4e,
0xdd, 0xff, 0xef, 0xf1, 0xfc, 0xff, 0xff, 0xff, 0xff, 0xff, 0xfe, 0xfe, 0xfe, 0xff, 0xfe,
0xfe, 0xfe, 0xff, 0xfe, 0xfe, 0xfe, 0xff, 0xfe, 0xfe, 0xfe, 0xff, 0xfe, 0xfe, 0xfe, 0xff,
0xfe, 0xfe, 0xfe, 0xff, 0xfe, 0xfe, 0xfe, 0xff, 0xfe, 0xfe, 0xfe, 0xff, 0xfe, 0xfe, 0xfe,
0xff, 0xfe, 0xfe, 0xfe, 0xff, 0xfe, 0xfe, 0xfe, 0xff, 0xfe, 0xfe, 0xfe, 0xff, 0xfe, 0xfe,
0xfe, 0xff, 0xfe, 0xfe, 0xfe, 0xff, 0xfe, 0xfe, 0xfe, 0xff, 0xfe, 0xfe, 0xfe, 0xff, 0xfe,
0xfe, 0xfe, 0xff, 0xfe, 0xfe, 0xfe, 0xff, 0xfe, 0xfe, 0xfe, 0xff, 0xfe, 0xfe, 0xfe, 0xff,
0xfe, 0xfe, 0xfe, 0xff, 0xfe, 0xfe, 0xfe, 0xff, 0xfe, 0xfe, 0xfe, 0xff, 0xfe, 0xfe, 0xfe,
0xff, 0xfe, 0xfe, 0xfe, 0xff, 0xfe, 0xfe, 0xfe, 0xff, 0xfe, 0xfe, 0xfe, 0xff, 0xfe, 0xfe,
0xfe, 0xff, 0xfe, 0xfe, 0xfe, 0xff, 0xfe, 0xfe, 0xfe, 0xff, 0xfe, 0xfe, 0xfe, 0xff, 0xfe,
0xfe, 0xfe, 0xff, 0xfe, 0xfe, 0xfe, 0xff, 0xfe, 0xfe, 0xfe, 0xff, 0xfe, 0xfe, 0xfe, 0xff,
0xfe, 0xfe, 0xfe, 0xff, 0xfe, 0xfe, 0xfe, 0xff, 0xfe, 0xfe, 0xfe, 0xff, 0xfe, 0xfe, 0xfe,
0xff, 0xfe, 0xfe, 0xfe, 0xff, 0xfe, 0xfe, 0xfe, 0xff, 0xff, 0xff, 0xff, 0xff, 0xe9, 0xeb,
0xfb, 0xff, 0x34, 0x49, 0xdb, 0xff, 0x23, 0x39, 0xd8, 0xff, 0x27, 0x3d, 0xd9, 0xff, 0x27,
0x3d, 0xd9, 0xff, 0x27, 0x3d, 0xd9, 0xff, 0x27, 0x3d, 0xd9, 0xff, 0x27, 0x3d, 0xd9, 0xff,
0x27, 0x3d, 0xd9, 0xff, 0x27, 0x3d, 0xd9, 0xff, 0x27, 0x3d, 0xd9, 0xff, 0x27, 0x3d, 0xd9,
0xff, 0x24, 0x3b, 0xd9, 0xff, 0x2d, 0x42, 0xda, 0xff, 0xcf, 0xd4, 0xf7, 0xff, 0xff, 0xff,
0xff, 0xff, 0xff, 0xff, 0xff, 0xff, 0xff, 0xff, 0xff, 0xff, 0xff, 0xff, 0xff, 0xff, 0xff,
0xff, 0xff, 0xff, 0xc0, 0xc6, 0xf4, 0xff, 0x23, 0x39, 0xd8, 0xff, 0x26, 0x3c, 0xd9, 0xff,
0x27, 0x3d, 0xd9, 0xff, 0x27, 0x3d, 0xd9, 0xff, 0x27, 0x3d, 0xd9, 0xff, 0x27, 0x3d, 0xd9,
0xff, 0x27, 0x3d, 0xd9, 0xff, 0x27, 0x3d, 0xd9, 0xff, 0x27, 0x3d, 0xd9, 0xff, 0x27, 0x3d,
0xd9, 0xff, 0x27, 0x3d, 0xd9, 0xff, 0x27, 0x3d, 0xd9, 0xff, 0x27, 0x3d, 0xd9, 0xff, 0x27,
0x3d, 0xd9, 0xff, 0x27, 0x3d, 0xd9, 0xff, 0x27, 0x3d, 0xd9, 0xff, 0x27, 0x3d, 0xd9, 0xff,
0x26, 0x3d, 0xd9, 0xc8, 0x25, 0x3a, 0xd8, 0x02, 0x26, 0x3b, 0xd8, 0x00, 0x26, 0x3b, 0xd8,
0x00, 0x26, 0x3b, 0xd8, 0x00, 0x26, 0x3b, 0xd8, 0x00, 0xff, 0xff, 0xff, 0x00, 0xff, 0xff,
0xff, 0x00, 0xff, 0xff, 0xff, 0x00, 0xff, 0xff, 0xff, 0x00, 0xff, 0xff, 0xff, 0x00, 0xff,
0xff, 0xff, 0x00, 0xff, 0xff, 0xff, 0x00, 0xff, 0xff, 0xff, 0x00, 0xff, 0xff, 0xff, 0x00,
0xff, 0xff, 0xff, 0x00, 0xff, 0xff, 0xff, 0x00, 0xff, 0xff, 0xff, 0x00, 0xff, 0xff, 0xff,
0x00, 0xff, 0xff, 0xff, 0x00, 0xff, 0xff, 0xff, 0x00, 0x07, 0x09, 0x70, 0x00, 0x07, 0x09,
0x70, 0x00, 0x07, 0x09, 0x70, 0x00, 0x06, 0x07, 0x6e, 0x00, 0x19, 0x25, 0xaf, 0x7b, 0x29,
0x40, 0xdf, 0xff, 0x27, 0x3d, 0xd9, 0xff, 0x27, 0x3d, 0xd9, 0xff, 0x27, 0x3d, 0xd9, 0xff,
0x27, 0x3d, 0xd9, 0xff, 0x27, 0x3d, 0xd9, 0xff, 0x27, 0x3d, 0xd9, 0xff, 0x27, 0x3d, 0xd9,
0xff, 0x27, 0x3d, 0xd9, 0xff, 0x27, 0x3d, 0xd9, 0xff, 0x27, 0x3d, 0xd9, 0xff, 0x27, 0x3d,
0xd9, 0xff, 0x27, 0x3d, 0xd9, 0xff, 0x27, 0x3d, 0xd9, 0xff, 0x27, 0x3d, 0xd9, 0xff, 0x27,
0x3d, 0xd9, 0xff, 0x27, 0x3d, 0xd9, 0xff, 0x27, 0x3d, 0xd9, 0xff, 0x1c, 0x33, 0xd7, 0xff,
0xa8, 0xb1, 0xef, 0xff, 0xff, 0xff, 0xff, 0xff, 0xfe, 0xfe, 0xfe, 0xff, 0xfe, 0xfe, 0xfe,
0xff, 0xfe, 0xfe, 0xfe, 0xff, 0xfe, 0xfe, 0xfe, 0xff, 0xfe, 0xfe, 0xfe, 0xff, 0xfe, 0xfe,
0xfe, 0xff, 0xfe, 0xfe, 0xfe, 0xff, 0xfe, 0xfe, 0xfe, 0xff, 0xfe, 0xfe, 0xfe, 0xff, 0xfe,
0xfe, 0xfe, 0xff, 0xfe, 0xfe, 0xfe, 0xff, 0xfe, 0xfe, 0xfe, 0xff, 0xfe, 0xfe, 0xfe, 0xff,
0xfe, 0xfe, 0xfe, 0xff, 0xfe, 0xfe, 0xfe, 0xff, 0xfe, 0xfe, 0xfe, 0xff, 0xfe, 0xfe, 0xfe,
0xff, 0xfe, 0xfe, 0xfe, 0xff, 0xfe, 0xfe, 0xfe, 0xff, 0xfe, 0xfe, 0xfe, 0xff, 0xfe, 0xfe,
0xfe, 0xff, 0xfe, 0xfe, 0xfe, 0xff, 0xfe, 0xfe, 0xfe, 0xff, 0xfe, 0xfe, 0xfe, 0xff, 0xfe,
0xfe, 0xfe, 0xff, 0xfe, 0xfe, 0xfe, 0xff, 0xfe, 0xfe, 0xfe, 0xff, 0xfe, 0xfe, 0xfe, 0xff,
0xfe, 0xfe, 0xfe, 0xff, 0xfe, 0xfe, 0xfe, 0xff, 0xfe, 0xfe, 0xfe, 0xff, 0xfe, 0xfe, 0xfe,
0xff, 0xfe, 0xfe, 0xfe, 0xff, 0xfe, 0xfe, 0xfe, 0xff, 0xfe, 0xfe, 0xfe, 0xff, 0xfe, 0xfe,
0xfe, 0xff, 0xfe, 0xfe, 0xfe, 0xff, 0xfe, 0xfe, 0xfe, 0xff, 0xfe, 0xfe, 0xfe, 0xff, 0xfe,
0xfe, 0xfe, 0xff, 0xfe, 0xfe, 0xfe, 0xff, 0xfe, 0xfe, 0xfe, 0xff, 0xfe, 0xfe, 0xfe, 0xff,
0xff, 0xff, 0xff, 0xff, 0x85, 0x91, 0xe9, 0xff, 0x19, 0x31, 0xd7, 0xff, 0x27, 0x3d, 0xd9,
0xff, 0x27, 0x3d, 0xd9, 0xff, 0x27, 0x3d, 0xd9, 0xff, 0x27, 0x3d, 0xd9, 0xff, 0x27, 0x3d,
0xd9, 0xff, 0x27, 0x3d, 0xd9, 0xff, 0x27, 0x3d, 0xd9, 0xff, 0x27, 0x3d, 0xd9, 0xff, 0x27,
0x3d, 0xd9, 0xff, 0x1b, 0x32, 0xd7, 0xff, 0x8d, 0x99, 0xeb, 0xff, 0xff, 0xff, 0xff, 0xff,
0xff, 0xff, 0xff, 0xff, 0xff, 0xff, 0xff, 0xff, 0xff, 0xff, 0xff, 0xff, 0xff, 0xff, 0xff,
0xff, 0xff, 0xff, 0xff, 0xff, 0xff, 0xff, 0xff, 0xff, 0x64, 0x74, 0xe4, 0xff, 0x1d, 0x34,
0xd7, 0xff, 0x27, 0x3d, 0xd9, 0xff, 0x27, 0x3d, 0xd9, 0xff, 0x27, 0x3d, 0xd9, 0xff, 0x27,
0x3d, 0xd9, 0xff, 0x27, 0x3d, 0xd9, 0xff, 0x27, 0x3d, 0xd9, 0xff, 0x27, 0x3d, 0xd9, 0xff,
0x27, 0x3d, 0xd9, 0xff, 0x27, 0x3d, 0xd9, 0xff, 0x27, 0x3d, 0xd9, 0xff, 0x27, 0x3d, 0xd9,
0xff, 0x27, 0x3d, 0xd9, 0xff, 0x27, 0x3d, 0xd9, 0xff, 0x27, 0x3d, 0xd9, 0xff, 0x27, 0x3d,
0xd9, 0xff, 0x27, 0x3e, 0xda, 0xff, 0x24, 0x37, 0xd2, 0x53, 0x21, 0x30, 0xcb, 0x00, 0x21,
0x30, 0xcc, 0x00, 0x21, 0x30, 0xcc, 0x00, 0x21, 0x30, 0xcc, 0x00, 0xff, 0xff, 0xff, 0x00,
0xff, 0xff, 0xff, 0x00, 0xff, 0xff, 0xff, 0x00, 0xff, 0xff, 0xff, 0x00, 0xff, 0xff, 0xff,
0x00, 0xff, 0xff, 0xff, 0x00, 0xff, 0xff, 0xff, 0x00, 0xff, 0xff, 0xff, 0x00, 0xff, 0xff,
0xff, 0x00, 0xff, 0xff, 0xff, 0x00, 0xff, 0xff, 0xff, 0x00, 0xff, 0xff, 0xff, 0x00, 0xff,
0xff, 0xff, 0x00, 0xff, 0xff, 0xff, 0x00, 0xff, 0xff, 0xff, 0x00, 0x1f, 0x2d, 0xb6, 0x00,
0x1f, 0x2d, 0xb6, 0x00, 0x1f, 0x2d, 0xb6, 0x00, 0x20, 0x2f, 0xb6, 0x05, 0x26, 0x3b, 0xce,
0xd2, 0x27, 0x3d, 0xdb, 0xff, 0x27, 0x3d, 0xd9, 0xff, 0x27, 0x3d, 0xd9, 0xff, 0x27, 0x3d,
0xd9, 0xff, 0x27, 0x3d, 0xd9, 0xff, 0x27, 0x3d, 0xd9, 0xff, 0x27, 0x3d, 0xd9, 0xff, 0x27,
0x3d, 0xd9, 0xff, 0x27, 0x3d, 0xd9, 0xff, 0x27, 0x3d, 0xd9, 0xff, 0x27, 0x3d, 0xd9, 0xff,
0x27, 0x3d, 0xd9, 0xff, 0x27, 0x3d, 0xd9, 0xff, 0x27, 0x3d, 0xd9, 0xff, 0x27, 0x3d, 0xd9,
0xff, 0x27, 0x3d, 0xd9, 0xff, 0x27, 0x3d, 0xd9, 0xff, 0x23, 0x39, 0xd8, 0xff, 0x34, 0x48,
0xdb, 0xff, 0xed, 0xef, 0xfb, 0xff, 0xff, 0xff, 0xff, 0xff, 0xfe, 0xfe, 0xfe, 0xff, 0xfe,
0xfe, 0xfe, 0xff, 0xfe, 0xfe, 0xfe, 0xff, 0xfe, 0xfe, 0xfe, 0xff, 0xfe, 0xfe, 0xfe, 0xff,
0xfe, 0xfe, 0xfe, 0xff, 0xfe, 0xfe, 0xfe, 0xff, 0xfe, 0xfe, 0xfe, 0xff, 0xfe, 0xfe, 0xfe,
0xff, 0xfe, 0xfe, 0xfe, 0xff, 0xfe, 0xfe, 0xfe, 0xff, 0xfe, 0xfe, 0xfe, 0xff, 0xfe, 0xfe,
0xfe, 0xff, 0xfe, 0xfe, 0xfe, 0xff, 0xfe, 0xfe, 0xfe, 0xff, 0xfe, 0xfe, 0xfe, 0xff, 0xfe,
0xfe, 0xfe, 0xff, 0xfe, 0xfe, 0xfe, 0xff, 0xfe, 0xfe, 0xfe, 0xff, 0xfe, 0xfe, 0xfe, 0xff,
0xfe, 0xfe, 0xfe, 0xff, 0xfe, 0xfe, 0xfe, 0xff, 0xfe, 0xfe, 0xfe, 0xff, 0xfe, 0xfe, 0xfe,
0xff, 0xfe, 0xfe, 0xfe, 0xff, 0xfe, 0xfe, 0xfe, 0xff, 0xfe, 0xfe, 0xfe, 0xff, 0xfe, 0xfe,
0xfe, 0xff, 0xfe, 0xfe, 0xfe, 0xff, 0xfe, 0xfe, 0xfe, 0xff, 0xfe, 0xfe, 0xfe, 0xff, 0xfe,
0xfe, 0xfe, 0xff, 0xfe, 0xfe, 0xfe, 0xff, 0xfe, 0xfe, 0xfe, 0xff, 0xfe, 0xfe, 0xfe, 0xff,
0xfe, 0xfe, 0xfe, 0xff, 0xfe, 0xfe, 0xfe, 0xff, 0xfe, 0xfe, 0xfe, 0xff, 0xfe, 0xfe, 0xfe,
0xff, 0xfe, 0xfe, 0xfe, 0xff, 0xfe, 0xfe, 0xfe, 0xff, 0xfe, 0xfe, 0xfe, 0xff, 0xfe, 0xfe,
0xfe, 0xff, 0xff, 0xff, 0xff, 0xff, 0xea, 0xec, 0xfb, 0xff, 0x38, 0x4c, 0xdc, 0xff, 0x23,
0x39, 0xd8, 0xff, 0x27, 0x3d, 0xd9, 0xff, 0x27, 0x3d, 0xd9, 0xff, 0x27, 0x3d, 0xd9, 0xff,
0x27, 0x3d, 0xd9, 0xff, 0x27, 0x3d, 0xd9, 0xff, 0x27, 0x3d, 0xd9, 0xff, 0x27, 0x3d, 0xd9,
0xff, 0x27, 0x3d, 0xd9, 0xff, 0x1d, 0x34, 0xd7, 0xff, 0xb8, 0xbf, 0xf3, 0xff, 0xff, 0xff,
0xff, 0xff, 0xff, 0xff, 0xff, 0xff, 0xff, 0xff, 0xff, 0xff, 0xff, 0xff, 0xff, 0xff, 0xff,
0xff, 0xff, 0xff, 0xff, 0xff, 0xff, 0xff, 0xff, 0xff, 0xff, 0xff, 0xa9, 0xb2, 0xf0, 0xff,
0x1b, 0x32, 0xd7, 0xff, 0x27, 0x3d, 0xd9, 0xff, 0x27, 0x3d, 0xd9, 0xff, 0x27, 0x3d, 0xd9,
0xff, 0x27, 0x3d, 0xd9, 0xff, 0x27, 0x3d, 0xd9, 0xff, 0x27, 0x3d, 0xd9, 0xff, 0x27, 0x3d,
0xd9, 0xff, 0x27, 0x3d, 0xd9, 0xff, 0x27, 0x3d, 0xd9, 0xff, 0x27, 0x3d, 0xd9, 0xff, 0x27,
0x3d, 0xd9, 0xff, 0x27, 0x3d, 0xd9, 0xff, 0x27, 0x3d, 0xd9, 0xff, 0x27, 0x3d, 0xd9, 0xff,
0x27, 0x3d, 0xd9, 0xff, 0x27, 0x3e, 0xda, 0xff, 0x24, 0x38, 0xd5, 0xb2, 0x1d, 0x2e, 0xcd,
0x00, 0x1d, 0x2f, 0xcd, 0x00, 0x1d, 0x2f, 0xcd, 0x00, 0x1d, 0x2f, 0xcd, 0x00, 0xff, 0xff,
0xff, 0x00, 0xff, 0xff, 0xff, 0x00, 0xff, 0xff, 0xff, 0x00, 0xff, 0xff, 0xff, 0x00, 0xff,
0xff, 0xff, 0x00, 0xff, 0xff, 0xff, 0x00, 0xff, 0xff, 0xff, 0x00, 0xff, 0xff, 0xff, 0x00,
0xff, 0xff, 0xff, 0x00, 0xff, 0xff, 0xff, 0x00, 0xff, 0xff, 0xff, 0x00, 0xff, 0xff, 0xff,
0x00, 0xff, 0xff, 0xff, 0x00, 0xff, 0xff, 0xff, 0x00, 0xff, 0xff, 0xff, 0x00, 0x1f, 0x2f,
0xd5, 0x00, 0x1f, 0x2f, 0xd5, 0x00, 0x1e, 0x2f, 0xd5, 0x00, 0x21, 0x33, 0xd7, 0x5d, 0x27,
0x3e, 0xdb, 0xff, 0x27, 0x3d, 0xd9, 0xff, 0x27, 0x3d, 0xd9, 0xff, 0x27, 0x3d, 0xd9, 0xff,
0x27, 0x3d, 0xd9, 0xff, 0x27, 0x3d, 0xd9, 0xff, 0x27, 0x3d, 0xd9, 0xff, 0x27, 0x3d, 0xd9,
0xff, 0x27, 0x3d, 0xd9, 0xff, 0x27, 0x3d, 0xd9, 0xff, 0x27, 0x3d, 0xd9, 0xff, 0x27, 0x3d,
0xd9, 0xff, 0x27, 0x3d, 0xd9, 0xff, 0x27, 0x3d, 0xd9, 0xff, 0x27, 0x3d, 0xd9, 0xff, 0x27,
0x3d, 0xd9, 0xff, 0x27, 0x3d, 0xd9, 0xff, 0x27, 0x3d, 0xd9, 0xff, 0x1b, 0x32, 0xd7, 0xff,
0x80, 0x8d, 0xe8, 0xff, 0xff, 0xff, 0xff, 0xff, 0xfe, 0xfe, 0xfe, 0xff, 0xfe, 0xfe, 0xfe,
0xff, 0xfe, 0xfe, 0xfe, 0xff, 0xfe, 0xfe, 0xfe, 0xff, 0xfe, 0xfe, 0xfe, 0xff, 0xfe, 0xfe,
0xfe, 0xff, 0xfe, 0xfe, 0xfe, 0xff, 0xfe, 0xfe, 0xfe, 0xff, 0xfe, 0xfe, 0xfe, 0xff, 0xfe,
0xfe, 0xfe, 0xff, 0xfe, 0xfe, 0xfe, 0xff, 0xfe, 0xfe, 0xfe, 0xff, 0xfe, 0xfe, 0xfe, 0xff,
0xfe, 0xfe, 0xfe, 0xff, 0xfe, 0xfe, 0xfe, 0xff, 0xfe, 0xfe, 0xfe, 0xff, 0xfe, 0xfe, 0xfe,
0xff, 0xfe, 0xfe, 0xfe, 0xff, 0xfe, 0xfe, 0xfe, 0xff, 0xfe, 0xfe, 0xfe, 0xff, 0xfe, 0xfe,
0xfe, 0xff, 0xfe, 0xfe, 0xfe, 0xff, 0xfe, 0xfe, 0xfe, 0xff, 0xfe, 0xfe, 0xfe, 0xff, 0xfe,
0xfe, 0xfe, 0xff, 0xfe, 0xfe, 0xfe, 0xff, 0xfe, 0xfe, 0xfe, 0xff, 0xfe, 0xfe, 0xfe, 0xff,
0xfe, 0xfe, 0xfe, 0xff, 0xfe, 0xfe, 0xfe, 0xff, 0xfe, 0xfe, 0xfe, 0xff, 0xfe, 0xfe, 0xfe,
0xff, 0xfe, 0xfe, 0xfe, 0xff, 0xfe, 0xfe, 0xfe, 0xff, 0xfe, 0xfe, 0xfe, 0xff, 0xfe, 0xfe,
0xfe, 0xff, 0xfe, 0xfe, 0xfe, 0xff, 0xfe, 0xfe, 0xfe, 0xff, 0xfe, 0xfe, 0xfe, 0xff, 0xfe,
0xfe, 0xfe, 0xff, 0xfe, 0xfe, 0xfe, 0xff, 0xfe, 0xfe, 0xfe, 0xff, 0xfe, 0xfe, 0xfe, 0xff,
0xfe, 0xfe, 0xfe, 0xff, 0xfe, 0xfe, 0xfe, 0xff, 0xff, 0xff, 0xff, 0xff, 0x75, 0x83, 0xe7,
0xff, 0x1b, 0x32, 0xd7, 0xff, 0x27, 0x3d, 0xd9, 0xff, 0x27, 0x3d, 0xd9, 0xff, 0x27, 0x3d,
0xd9, 0xff, 0x27, 0x3d, 0xd9, 0xff, 0x27, 0x3d, 0xd9, 0xff, 0x27, 0x3d, 0xd9, 0xff, 0x27,
0x3d, 0xd9, 0xff, 0x27, 0x3d, 0xd9, 0xff, 0x1e, 0x34, 0xd7, 0xff, 0xba, 0xc1, 0xf3, 0xff,
0xff, 0xff, 0xff, 0xff, 0xff, 0xff, 0xff, 0xff, 0xff, 0xff, 0xff, 0xff, 0xff, 0xff, 0xff,
0xff, 0xff, 0xff, 0xff, 0xff, 0xff, 0xff, 0xff, 0xff, 0xff, 0xff, 0xff, 0xff, 0xae, 0xb6,
0xf1, 0xff, 0x1c, 0x33, 0xd7, 0xff, 0x27, 0x3d, 0xd9, 0xff, 0x27, 0x3d, 0xd9, 0xff, 0x27,
0x3d, 0xd9, 0xff, 0x27, 0x3d, 0xd9, 0xff, 0x27, 0x3d, 0xd9, 0xff, 0x27, 0x3d, 0xd9, 0xff,
0x27, 0x3d, 0xd9, 0xff, 0x27, 0x3d, 0xd9, 0xff, 0x27, 0x3d, 0xd9, 0xff, 0x27, 0x3d, 0xd9,
0xff, 0x27, 0x3d, 0xd9, 0xff, 0x27, 0x3d, 0xd9, 0xff, 0x27, 0x3d, 0xd9, 0xff, 0x27, 0x3d,
0xd9, 0xff, 0x27, 0x3d, 0xd9, 0xff, 0x27, 0x3d, 0xd9, 0xff, 0x27, 0x3e, 0xd9, 0xf7, 0x27,
0x3d, 0xd6, 0x2e, 0x27, 0x3d, 0xd6, 0x00, 0x27, 0x3d, 0xd6, 0x00, 0x27, 0x3d, 0xd6, 0x00,
0xff, 0xff, 0xff, 0x00, 0xff, 0xff, 0xff, 0x00, 0xff, 0xff, 0xff, 0x00, 0xff, 0xff, 0xff,
0x00, 0xff, 0xff, 0xff, 0x00, 0xff, 0xff, 0xff, 0x00, 0xff, 0xff, 0xff, 0x00, 0xff, 0xff,
0xff, 0x00, 0xff, 0xff, 0xff, 0x00, 0xff, 0xff, 0xff, 0x00, 0xff, 0xff, 0xff, 0x00, 0xff,
0xff, 0xff, 0x00, 0xff, 0xff, 0xff, 0x00, 0xff, 0xff, 0xff, 0x00, 0xff, 0xff, 0xff, 0x00,
0x1f, 0x30, 0xcb, 0x00, 0x1f, 0x2f, 0xcb, 0x00, 0x1f, 0x30, 0xcb, 0x00, 0x26, 0x3b, 0xd7,
0xb1, 0x27, 0x3d, 0xd9, 0xff, 0x27, 0x3d, 0xd9, 0xff, 0x27, 0x3d, 0xd9, 0xff, 0x27, 0x3d,
0xd9, 0xff, 0x27, 0x3d, 0xd9, 0xff, 0x27, 0x3d, 0xd9, 0xff, 0x27, 0x3d, 0xd9, 0xff, 0x27,
0x3d, 0xd9, 0xff, 0x27, 0x3d, 0xd9, 0xff, 0x27, 0x3d, 0xd9, 0xff, 0x27, 0x3d, 0xd9, 0xff,
0x27, 0x3d, 0xd9, 0xff, 0x27, 0x3d, 0xd9, 0xff, 0x27, 0x3d, 0xd9, 0xff, 0x27, 0x3d, 0xd9,
0xff, 0x27, 0x3d, 0xd9, 0xff, 0x27, 0x3d, 0xd9, 0xff, 0x26, 0x3c, 0xd9, 0xff, 0x21, 0x38,
0xd8, 0xff, 0xca, 0xcf, 0xf5, 0xff, 0xff, 0xff, 0xff, 0xff, 0xfe, 0xfe, 0xfe, 0xff, 0xfe,
0xfe, 0xfe, 0xff, 0xfe, 0xfe, 0xfe, 0xff, 0xfe, 0xfe, 0xfe, 0xff, 0xfe, 0xfe, 0xfe, 0xff,
0xfe, 0xfe, 0xfe, 0xff, 0xfe, 0xfe, 0xfe, 0xff, 0xfe, 0xfe, 0xfe, 0xff, 0xfe, 0xfe, 0xfe,
0xff, 0xfe, 0xfe, 0xfe, 0xff, 0xfe, 0xfe, 0xfe, 0xff, 0xfe, 0xfe, 0xfe, 0xff, 0xfe, 0xfe,
0xfe, 0xff, 0xfe, 0xfe, 0xfe, 0xff, 0xfe, 0xfe, 0xfe, 0xff, 0xfe, 0xfe, 0xfe, 0xff, 0xfe,
0xfe, 0xfe, 0xff, 0xfe, 0xfe, 0xfe, 0xff, 0xfe, 0xfe, 0xfe, 0xff, 0xfe, 0xfe, 0xfe, 0xff,
0xfe, 0xfe, 0xfe, 0xff, 0xfe, 0xfe, 0xfe, 0xff, 0xfe, 0xfe, 0xfe, 0xff, 0xfe, 0xfe, 0xfe,
0xff, 0xfe, 0xfe, 0xfe, 0xff, 0xfe, 0xfe, 0xfe, 0xff, 0xfe, 0xfe, 0xfe, 0xff, 0xfe, 0xfe,
0xfe, 0xff, 0xfe, 0xfe, 0xfe, 0xff, 0xfe, 0xfe, 0xfe, 0xff, 0xfe, 0xfe, 0xfe, 0xff, 0xfe,
0xfe, 0xfe, 0xff, 0xfe, 0xfe, 0xfe, 0xff, 0xfe, 0xfe, 0xfe, 0xff, 0xfe, 0xfe, 0xfe, 0xff,
0xfe, 0xfe, 0xfe, 0xff, 0xfe, 0xfe, 0xfe, 0xff, 0xfe, 0xfe, 0xfe, 0xff, 0xfe, 0xfe, 0xfe,
0xff, 0xfe, 0xfe, 0xfe, 0xff, 0xfe, 0xfe, 0xfe, 0xff, 0xfe, 0xfe, 0xfe, 0xff, 0xfe, 0xfe,
0xfe, 0xff, 0xfe, 0xfe, 0xfe, 0xff, 0xfe, 0xfe, 0xfe, 0xff, 0xff, 0xff, 0xff, 0xff, 0xad,
0xb5, 0xf0, 0xff, 0x1b, 0x33, 0xd7, 0xff, 0x27, 0x3d, 0xd9, 0xff, 0x27, 0x3d, 0xd9, 0xff,
0x27, 0x3d, 0xd9, 0xff, 0x27, 0x3d, 0xd9, 0xff, 0x27, 0x3d, 0xd9, 0xff, 0x27, 0x3d, 0xd9,
0xff, 0x27, 0x3d, 0xd9, 0xff, 0x27, 0x3d, 0xd9, 0xff, 0x1b, 0x32, 0xd7, 0xff, 0x90, 0x9b,
0xec, 0xff, 0xff, 0xff, 0xff, 0xff, 0xff, 0xff, 0xff, 0xff, 0xff, 0xff, 0xff, 0xff, 0xff,
0xff, 0xff, 0xff, 0xff, 0xff, 0xff, 0xff, 0xff, 0xff, 0xff, 0xff, 0xff, 0xff, 0xff, 0xff,
0x6d, 0x7c, 0xe5, 0xff, 0x1c, 0x34, 0xd7, 0xff, 0x27, 0x3d, 0xd9, 0xff, 0x27, 0x3d, 0xd9,
0xff, 0x27, 0x3d, 0xd9, 0xff, 0x27, 0x3d, 0xd9, 0xff, 0x27, 0x3d, 0xd9, 0xff, 0x27, 0x3d,
0xd9, 0xff, 0x27, 0x3d, 0xd9, 0xff, 0x27, 0x3d, 0xd9, 0xff, 0x27, 0x3d, 0xd9, 0xff, 0x27,
0x3d, 0xd9, 0xff, 0x27, 0x3d, 0xd9, 0xff, 0x27, 0x3d, 0xd9, 0xff, 0x27, 0x3d, 0xd9, 0xff,
0x27, 0x3d, 0xd9, 0xff, 0x27, 0x3d, 0xd9, 0xff, 0x27, 0x3d, 0xd9, 0xff, 0x27, 0x3e, 0xd9,
0xff, 0x25, 0x3a, 0xd7, 0x8d, 0x1f, 0x34, 0xd1, 0x00, 0x20, 0x34, 0xd2, 0x00, 0x20, 0x34,
0xd2, 0x00, 0xff, 0xff, 0xff, 0x00, 0xff, 0xff, 0xff, 0x00, 0xff, 0xff, 0xff, 0x00, 0xff,
0xff, 0xff, 0x00, 0xff, 0xff, 0xff, 0x00, 0xff, 0xff, 0xff, 0x00, 0xff, 0xff, 0xff, 0x00,
0xff, 0xff, 0xff, 0x00, 0xff, 0xff, 0xff, 0x00, 0xff, 0xff, 0xff, 0x00, 0xff, 0xff, 0xff,
0x00, 0xff, 0xff, 0xff, 0x00, 0xff, 0xff, 0xff, 0x00, 0xff, 0xff, 0xff, 0x00, 0xff, 0xff,
0xff, 0x00, 0x17, 0x29, 0xb7, 0x00, 0x16, 0x29, 0xb6, 0x00, 0x18, 0x2b, 0xbb, 0x20, 0x26,
0x3c, 0xd8, 0xf1, 0x27, 0x3d, 0xda, 0xff, 0x27, 0x3d, 0xd9, 0xff, 0x27, 0x3d, 0xd9, 0xff,
0x27, 0x3d, 0xd9, 0xff, 0x27, 0x3d, 0xd9, 0xff, 0x27, 0x3d, 0xd9, 0xff, 0x27, 0x3d, 0xd9,
0xff, 0x27, 0x3d, 0xd9, 0xff, 0x27, 0x3d, 0xd9, 0xff, 0x27, 0x3d, 0xd9, 0xff, 0x27, 0x3d,
0xd9, 0xff, 0x27, 0x3d, 0xd9, 0xff, 0x27, 0x3d, 0xd9, 0xff, 0x27, 0x3d, 0xd9, 0xff, 0x27,
0x3d, 0xd9, 0xff, 0x27, 0x3d, 0xd9, 0xff, 0x27, 0x3d, 0xd9, 0xff, 0x24, 0x3b, 0xd9, 0xff,
0x2f, 0x44, 0xdb, 0xff, 0xe5, 0xe8, 0xfa, 0xff, 0xff, 0xff, 0xff, 0xff, 0xfe, 0xfe, 0xfe,
0xff, 0xfe, 0xfe, 0xfe, 0xff, 0xfe, 0xfe, 0xfe, 0xff, 0xfe, 0xfe, 0xfe, 0xff, 0xfe, 0xfe,
0xfe, 0xff, 0xfe, 0xfe, 0xfe, 0xff, 0xfe, 0xfe, 0xfe, 0xff, 0xfe, 0xfe, 0xfe, 0xff, 0xfe,
0xfe, 0xfe, 0xff, 0xfe, 0xfe, 0xfe, 0xff, 0xfe, 0xfe, 0xfe, 0xff, 0xfe, 0xfe, 0xfe, 0xff,
0xfe, 0xfe, 0xfe, 0xff, 0xfe, 0xfe, 0xfe, 0xff, 0xfe, 0xfe, 0xfe, 0xff, 0xfe, 0xfe, 0xfe,
0xff, 0xfe, 0xfe, 0xfe, 0xff, 0xfe, 0xfe, 0xfe, 0xff, 0xfe, 0xfe, 0xfe, 0xff, 0xfe, 0xfe,
0xfe, 0xff, 0xfe, 0xfe, 0xfe, 0xff, 0xfe, 0xfe, 0xfe, 0xff, 0xfe, 0xfe, 0xfe, 0xff, 0xfe,
0xfe, 0xfe, 0xff, 0xfe, 0xfe, 0xfe, 0xff, 0xfe, 0xfe, 0xfe, 0xff, 0xfe, 0xfe, 0xfe, 0xff,
0xfe, 0xfe, 0xfe, 0xff, 0xfe, 0xfe, 0xfe, 0xff, 0xfe, 0xfe, 0xfe, 0xff, 0xfe, 0xfe, 0xfe,
0xff, 0xfe, 0xfe, 0xfe, 0xff, 0xfe, 0xfe, 0xfe, 0xff, 0xfe, 0xfe, 0xfe, 0xff, 0xfe, 0xfe,
0xfe, 0xff, 0xfe, 0xfe, 0xfe, 0xff, 0xfe, 0xfe, 0xfe, 0xff, 0xfe, 0xfe, 0xfe, 0xff, 0xfe,
0xfe, 0xfe, 0xff, 0xfe, 0xfe, 0xfe, 0xff, 0xfe, 0xfe, 0xfe, 0xff, 0xfe, 0xfe, 0xfe, 0xff,
0xfe, 0xfe, 0xfe, 0xff, 0xfe, 0xfe, 0xfe, 0xff, 0xfe, 0xfe, 0xfe, 0xff, 0xff, 0xff, 0xff,
0xff, 0xe4, 0xe7, 0xfa, 0xff, 0x2f, 0x44, 0xdb, 0xff, 0x24, 0x3b, 0xd9, 0xff, 0x27, 0x3d,
0xd9, 0xff, 0x27, 0x3d, 0xd9, 0xff, 0x27, 0x3d, 0xd9, 0xff, 0x27, 0x3d, 0xd9, 0xff, 0x27,
0x3d, 0xd9, 0xff, 0x27, 0x3d, 0xd9, 0xff, 0x27, 0x3d, 0xd9, 0xff, 0x1d, 0x34, 0xd7, 0xff,
0x59, 0x6a, 0xe2, 0xff, 0xfd, 0xfe, 0xff, 0xff, 0xff, 0xff, 0xff, 0xff, 0xff, 0xff, 0xff,
0xff, 0xff, 0xff, 0xff, 0xff, 0xff, 0xff, 0xff, 0xff, 0xff, 0xff, 0xff, 0xff, 0xce, 0xd3,
0xf7, 0xff, 0x27, 0x3d, 0xd9, 0xff, 0x25, 0x3b, 0xd9, 0xff, 0x27, 0x3d, 0xd9, 0xff, 0x27,
0x3d, 0xd9, 0xff, 0x27, 0x3d, 0xd9, 0xff, 0x27, 0x3d, 0xd9, 0xff, 0x27, 0x3d, 0xd9, 0xff,
0x27, 0x3d, 0xd9, 0xff, 0x27, 0x3d, 0xd9, 0xff, 0x27, 0x3d, 0xd9, 0xff, 0x27, 0x3d, 0xd9,
0xff, 0x27, 0x3d, 0xd9, 0xff, 0x27, 0x3d, 0xd9, 0xff, 0x27, 0x3d, 0xd9, 0xff, 0x27, 0x3d,
0xd9, 0xff, 0x27, 0x3d, 0xd9, 0xff, 0x27, 0x3d, 0xd9, 0xff, 0x27, 0x3d, 0xd9, 0xff, 0x28,
0x3e, 0xda, 0xff, 0x24, 0x38, 0xd5, 0xd0, 0x19, 0x21, 0xbd, 0x04, 0x1a, 0x20, 0xbd, 0x00,
0x1a, 0x20, 0xbd, 0x00, 0xff, 0xff, 0xff, 0x00, 0xff, 0xff, 0xff, 0x00, 0xff, 0xff, 0xff,
0x00, 0xff, 0xff, 0xff, 0x00, 0xff, 0xff, 0xff, 0x00, 0xff, 0xff, 0xff, 0x00, 0xff, 0xff,
0xff, 0x00, 0xff, 0xff, 0xff, 0x00, 0xff, 0xff, 0xff, 0x00, 0xff, 0xff, 0xff, 0x00, 0xff,
0xff, 0xff, 0x00, 0xff, 0xff, 0xff, 0x00, 0xff, 0xff, 0xff, 0x00, 0xff, 0xff, 0xff, 0x00,
0xff, 0xff, 0xff, 0x00, 0x25, 0x3b, 0xd7, 0x00, 0x25, 0x3b, 0xd7, 0x00, 0x27, 0x3d, 0xd8,
0x85, 0x27, 0x3d, 0xda, 0xff, 0x27, 0x3d, 0xd9, 0xff, 0x27, 0x3d, 0xd9, 0xff, 0x27, 0x3d,
0xd9, 0xff, 0x27, 0x3d, 0xd9, 0xff, 0x27, 0x3d, 0xd9, 0xff, 0x27, 0x3d, 0xd9, 0xff, 0x27,
0x3d, 0xd9, 0xff, 0x27, 0x3d, 0xd9, 0xff, 0x27, 0x3d, 0xd9, 0xff, 0x27, 0x3d, 0xd9, 0xff,
0x27, 0x3d, 0xd9, 0xff, 0x27, 0x3d, 0xd9, 0xff, 0x27, 0x3d, 0xd9, 0xff, 0x27, 0x3d, 0xd9,
0xff, 0x27, 0x3d, 0xd9, 0xff, 0x27, 0x3d, 0xd9, 0xff, 0x27, 0x3d, 0xd9, 0xff, 0x20, 0x37,
0xd8, 0xff, 0x47, 0x5a, 0xdf, 0xff, 0xf9, 0xfa, 0xfd, 0xff, 0xff, 0xff, 0xff, 0xff, 0xfe,
0xfe, 0xfe, 0xff, 0xfe, 0xfe, 0xfe, 0xff, 0xfe, 0xfe, 0xfe, 0xff, 0xfe, 0xfe, 0xfe, 0xff,
0xff, 0xff, 0xff, 0xff, 0xff, 0xff, 0xff, 0xff, 0xff, 0xff, 0xff, 0xff, 0xff, 0xff, 0xff,
0xff, 0xff, 0xff, 0xff, 0xff, 0xff, 0xff, 0xff, 0xff, 0xff, 0xff, 0xff, 0xff, 0xff, 0xff,
0xff, 0xff, 0xff, 0xff, 0xff, 0xff, 0xff, 0xff, 0xff, 0xff, 0xff, 0xff, 0xff, 0xff, 0xff,
0xff, 0xff, 0xff, 0xff, 0xff, 0xff, 0xff, 0xff, 0xff, 0xff, 0xff, 0xff, 0xff, 0xff, 0xff,
0xff, 0xff, 0xff, 0xff, 0xff, 0xff, 0xff, 0xff, 0xff, 0xff, 0xff, 0xff, 0xff, 0xff, 0xff,
0xff, 0xff, 0xff, 0xff, 0xff, 0xff, 0xff, 0xff, 0xff, 0xff, 0xff, 0xff, 0xff, 0xff, 0xff,
0xff, 0xff, 0xff, 0xff, 0xff, 0xff, 0xff, 0xff, 0xff, 0xff, 0xff, 0xff, 0xff, 0xff, 0xff,
0xff, 0xff, 0xff, 0xff, 0xff, 0xff, 0xff, 0xff, 0xff, 0xff, 0xff, 0xff, 0xff, 0xff, 0xff,
0xff, 0xff, 0xff, 0xff, 0xff, 0xff, 0xff, 0xff, 0xff, 0xff, 0xff, 0xff, 0xff, 0xff, 0xff,
0xff, 0xff, 0xff, 0xff, 0xff, 0xff, 0xff, 0xff, 0xff, 0xff, 0xff, 0xff, 0xff, 0xfe, 0xfe,
0xfe, 0xff, 0xfe, 0xfe, 0xfe, 0xff, 0xfe, 0xfe, 0xfe, 0xff, 0xfe, 0xfe, 0xfe, 0xff, 0xff,
0xff, 0xfe, 0xff, 0xfe, 0xfe, 0xff, 0xff, 0x52, 0x63, 0xe1, 0xff, 0x1f, 0x36, 0xd7, 0xff,
0x27, 0x3d, 0xd9, 0xff, 0x27, 0x3d, 0xd9, 0xff, 0x27, 0x3d, 0xd9, 0xff, 0x27, 0x3d, 0xd9,
0xff, 0x27, 0x3d, 0xd9, 0xff, 0x27, 0x3d, 0xd9, 0xff, 0x27, 0x3d, 0xd9, 0xff, 0x19, 0x30,
0xd7, 0xff, 0xa7, 0xb0, 0xef, 0xff, 0xff, 0xff, 0xff, 0xff, 0xff, 0xff, 0xff, 0xff, 0xff,
0xff, 0xff, 0xff, 0xff, 0xff, 0xff, 0xff, 0xfb, 0xfb, 0xfe, 0xff, 0xaf, 0xb7, 0xf1, 0xff,
0x38, 0x4c, 0xdc, 0xff, 0x21, 0x38, 0xd8, 0xff, 0x27, 0x3d, 0xd9, 0xff, 0x27, 0x3d, 0xd9,
0xff, 0x27, 0x3d, 0xd9, 0xff, 0x27, 0x3d, 0xd9, 0xff, 0x27, 0x3d, 0xd9, 0xff, 0x27, 0x3d,
0xd9, 0xff, 0x27, 0x3d, 0xd9, 0xff, 0x27, 0x3d, 0xd9, 0xff, 0x27, 0x3d, 0xd9, 0xff, 0x27,
0x3d, 0xd9, 0xff, 0x27, 0x3d, 0xd9, 0xff, 0x27, 0x3d, 0xd9, 0xff, 0x27, 0x3d, 0xd9, 0xff,
0x27, 0x3d, 0xd9, 0xff, 0x27, 0x3d, 0xd9, 0xff, 0x27, 0x3d, 0xd9, 0xff, 0x27, 0x3d, 0xd9,
0xff, 0x27, 0x3d, 0xd9, 0xff, 0x28, 0x3e, 0xd9, 0xff, 0x24, 0x39, 0xd3, 0x45, 0x21, 0x37,
0xcf, 0x00, 0x21, 0x37, 0xd0, 0x00, 0xff, 0xff, 0xff, 0x00, 0xff, 0xff, 0xff, 0x00, 0xff,
0xff, 0xff, 0x00, 0xff, 0xff, 0xff, 0x00, 0xff, 0xff, 0xff, 0x00, 0xff, 0xff, 0xff, 0x00,
0xff, 0xff, 0xff, 0x00, 0xff, 0xff, 0xff, 0x00, 0xff, 0xff, 0xff, 0x00, 0xff, 0xff, 0xff,
0x00, 0xff, 0xff, 0xff, 0x00, 0xff, 0xff, 0xff, 0x00, 0xff, 0xff, 0xff, 0x00, 0xff, 0xff,
0xff, 0x00, 0xff, 0xff, 0xff, 0x00, 0x1d, 0x30, 0xb3, 0x00, 0x1d, 0x30, 0xb5, 0x01, 0x26,
0x3c, 0xd6, 0xd1, 0x27, 0x3d, 0xda, 0xff, 0x27, 0x3d, 0xd9, 0xff, 0x27, 0x3d, 0xd9, 0xff,
0x27, 0x3d, 0xd9, 0xff, 0x27, 0x3d, 0xd9, 0xff, 0x27, 0x3d, 0xd9, 0xff, 0x27, 0x3d, 0xd9,
0xff, 0x27, 0x3d, 0xd9, 0xff, 0x27, 0x3d, 0xd9, 0xff, 0x27, 0x3d, 0xd9, 0xff, 0x27, 0x3d,
0xd9, 0xff, 0x27, 0x3d, 0xd9, 0xff, 0x27, 0x3d, 0xd9, 0xff, 0x27, 0x3d, 0xd9, 0xff, 0x27,
0x3d, 0xd9, 0xff, 0x27, 0x3d, 0xd9, 0xff, 0x27, 0x3d, 0xd9, 0xff, 0x27, 0x3d, 0xd9, 0xff,
0x1d, 0x33, 0xd7, 0xff, 0x68, 0x77, 0xe4, 0xff, 0xff, 0xff, 0xff, 0xff, 0xff, 0xff, 0xfe,
0xff, 0xfe, 0xfe, 0xfe, 0xff, 0xfe, 0xfe, 0xfe, 0xff, 0xfe, 0xfe, 0xfe, 0xff, 0xfe, 0xfe,
0xfe, 0xff, 0xe9, 0xeb, 0xfa, 0xff, 0xce, 0xd3, 0xf6, 0xff, 0xd1, 0xd5, 0xf6, 0xff, 0xd1,
0xd5, 0xf6, 0xff, 0xd1, 0xd5, 0xf6, 0xff, 0xd1, 0xd5, 0xf6, 0xff, 0xd1, 0xd5, 0xf6, 0xff,
0xd1, 0xd5, 0xf6, 0xff, 0xd1, 0xd5, 0xf6, 0xff, 0xd1, 0xd5, 0xf6, 0xff, 0xd1, 0xd5, 0xf6,
0xff, 0xd1, 0xd5, 0xf6, 0xff, 0xd1, 0xd5, 0xf6, 0xff, 0xd1, 0xd5, 0xf6, 0xff, 0xd1, 0xd5,
0xf6, 0xff, 0xd1, 0xd5, 0xf6, 0xff, 0xd1, 0xd5, 0xf6, 0xff, 0xd1, 0xd5, 0xf6, 0xff, 0xd1,
0xd5, 0xf6, 0xff, 0xd1, 0xd5, 0xf6, 0xff, 0xd1, 0xd5, 0xf6, 0xff, 0xd1, 0xd5, 0xf6, 0xff,
0xd1, 0xd5, 0xf6, 0xff, 0xd1, 0xd5, 0xf6, 0xff, 0xd1, 0xd5, 0xf6, 0xff, 0xd1, 0xd5, 0xf6,
0xff, 0xd1, 0xd5, 0xf6, 0xff, 0xd1, 0xd5, 0xf6, 0xff, 0xd1, 0xd5, 0xf6, 0xff, 0xd1, 0xd5,
0xf6, 0xff, 0xd1, 0xd5, 0xf6, 0xff, 0xd1, 0xd5, 0xf6, 0xff, 0xd1, 0xd5, 0xf6, 0xff, 0xd1,
0xd5, 0xf6, 0xff, 0xd1, 0xd5, 0xf6, 0xff, 0xce, 0xd3, 0xf6, 0xff, 0xe7, 0xe9, 0xfa, 0xff,
0xfe, 0xfe, 0xfe, 0xff, 0xfe, 0xfe, 0xfe, 0xff, 0xfe, 0xfe, 0xfe, 0xff, 0xfe, 0xfe, 0xfe,
0xff, 0xfe, 0xfe, 0xfe, 0xff, 0xff, 0xff, 0xff, 0xff, 0x6a, 0x7a, 0xe5, 0xff, 0x1c, 0x33,
0xd7, 0xff, 0x27, 0x3d, 0xd9, 0xff, 0x27, 0x3d, 0xd9, 0xff, 0x27, 0x3d, 0xd9, 0xff, 0x27,
0x3d, 0xd9, 0xff, 0x27, 0x3d, 0xd9, 0xff, 0x27, 0x3d, 0xd9, 0xff, 0x1f, 0x36, 0xd8, 0xff,
0x4b, 0x5d, 0xdf, 0xff, 0xf3, 0xf5, 0xfd, 0xff, 0xff, 0xff, 0xff, 0xff, 0xfe, 0xfe, 0xfe,
0xff, 0xff, 0xff, 0xff, 0xff, 0xa5, 0xae, 0xef, 0xff, 0x43, 0x56, 0xde, 0xff, 0x1f, 0x36,
0xd8, 0xff, 0x21, 0x38, 0xd8, 0xff, 0x28, 0x3e, 0xd9, 0xff, 0x27, 0x3d, 0xd9, 0xff, 0x27,
0x3d, 0xd9, 0xff, 0x27, 0x3d, 0xd9, 0xff, 0x27, 0x3d, 0xd9, 0xff, 0x27, 0x3d, 0xd9, 0xff,
0x27, 0x3d, 0xd9, 0xff, 0x27, 0x3d, 0xd9, 0xff, 0x27, 0x3d, 0xd9, 0xff, 0x27, 0x3d, 0xd9,
0xff, 0x27, 0x3d, 0xd9, 0xff, 0x27, 0x3d, 0xd9, 0xff, 0x27, 0x3d, 0xd9, 0xff, 0x27, 0x3d,
0xd9, 0xff, 0x27, 0x3d, 0xd9, 0xff, 0x27, 0x3d, 0xd9, 0xff, 0x27, 0x3d, 0xd9, 0xff, 0x27,
0x3d, 0xd9, 0xff, 0x27, 0x3d, 0xd9, 0xff, 0x28, 0x3d, 0xda, 0xff, 0x23, 0x3c, 0xd6, 0xa8,
0x17, 0x3a, 0xcf, 0x00, 0x17, 0x3a, 0xd0, 0x00, 0xff, 0xff, 0xff, 0x00, 0xff, 0xff, 0xff,
0x00, 0xff, 0xff, 0xff, 0x00, 0xff, 0xff, 0xff, 0x00, 0xff, 0xff, 0xff, 0x00, 0xff, 0xff,
0xff, 0x00, 0xff, 0xff, 0xff, 0x00, 0xff, 0xff, 0xff, 0x00, 0xff, 0xff, 0xff, 0x00, 0xff,
0xff, 0xff, 0x00, 0xff, 0xff, 0xff, 0x00, 0xff, 0xff, 0xff, 0x00, 0xff, 0xff, 0xff, 0x00,
0xff, 0xff, 0xff, 0x00, 0xff, 0xff, 0xff, 0x00, 0x14, 0x23, 0x7a, 0x00, 0x16, 0x25, 0x82,
0x1c, 0x26, 0x3b, 0xd3, 0xf2, 0x27, 0x3d, 0xdb, 0xff, 0x27, 0x3d, 0xd9, 0xff, 0x27, 0x3d,
0xd9, 0xff, 0x27, 0x3d, 0xd9, 0xff, 0x27, 0x3d, 0xd9, 0xff, 0x27, 0x3d, 0xd9, 0xff, 0x27,
0x3d, 0xd9, 0xff, 0x27, 0x3d, 0xd9, 0xff, 0x27, 0x3d, 0xd9, 0xff, 0x27, 0x3d, 0xd9, 0xff,
0x27, 0x3d, 0xd9, 0xff, 0x27, 0x3d, 0xd9, 0xff, 0x27, 0x3d, 0xd9, 0xff, 0x27, 0x3d, 0xd9,
0xff, 0x27, 0x3d, 0xd9, 0xff, 0x27, 0x3d, 0xd9, 0xff, 0x27, 0x3d, 0xd9, 0xff, 0x27, 0x3d,
0xd9, 0xff, 0x1b, 0x32, 0xd7, 0xff, 0x7c, 0x8a, 0xe8, 0xff, 0xff, 0xff, 0xff, 0xff, 0xfe,
0xfe, 0xfe, 0xff, 0xfe, 0xfe, 0xfe, 0xff, 0xfe, 0xfe, 0xfe, 0xff, 0xfe, 0xfe, 0xfe, 0xff,
0xff, 0xff, 0xff, 0xff, 0x97, 0xa1, 0xec, 0xff, 0x18, 0x2f, 0xd7, 0xff, 0x25, 0x3b, 0xd9,
0xff, 0x24, 0x3b, 0xd9, 0xff, 0x24, 0x3b, 0xd9, 0xff, 0x24, 0x3b, 0xd9, 0xff, 0x24, 0x3b,
0xd9, 0xff, 0x24, 0x3b, 0xd9, 0xff, 0x24, 0x3b, 0xd9, 0xff, 0x24, 0x3b, 0xd9, 0xff, 0x24,
0x3b, 0xd9, 0xff, 0x25, 0x3b, 0xd9, 0xff, 0x25, 0x3b, 0xd9, 0xff, 0x25, 0x3b, 0xd9, 0xff,
0x24, 0x3b, 0xd9, 0xff, 0x24, 0x3b, 0xd9, 0xff, 0x24, 0x3b, 0xd9, 0xff, 0x24, 0x3b, 0xd9,
0xff, 0x24, 0x3b, 0xd9, 0xff, 0x24, 0x3b, 0xd9, 0xff, 0x24, 0x3b, 0xd9, 0xff, 0x24, 0x3b,
0xd9, 0xff, 0x24, 0x3b, 0xd9, 0xff, 0x25, 0x3b, 0xd9, 0xff, 0x25, 0x3b, 0xd9, 0xff, 0x24,
0x3b, 0xd9, 0xff, 0x24, 0x3b, 0xd9, 0xff, 0x24, 0x3b, 0xd9, 0xff, 0x24, 0x3b, 0xd9, 0xff,
0x24, 0x3b, 0xd9, 0xff, 0x24, 0x3b, 0xd9, 0xff, 0x24, 0x3b, 0xd9, 0xff, 0x24, 0x3b, 0xd9,
0xff, 0x24, 0x3b, 0xd9, 0xff, 0x25, 0x3b, 0xd9, 0xff, 0x17, 0x2f, 0xd7, 0xff, 0x8f, 0x9a,
0xeb, 0xff, 0xff, 0xff, 0xff, 0xff, 0xfe, 0xfe, 0xfe, 0xff, 0xfe, 0xfe, 0xfe, 0xff, 0xfe,
0xfe, 0xfe, 0xff, 0xfe, 0xfe, 0xfe, 0xff, 0xff, 0xff, 0xff, 0xff, 0x74, 0x82, 0xe6, 0xff,
0x1b, 0x33, 0xd7, 0xff, 0x27, 0x3d, 0xd9, 0xff, 0x27, 0x3d, 0xd9, 0xff, 0x27, 0x3d, 0xd9,
0xff, 0x27, 0x3d, 0xd9, 0xff, 0x27, 0x3d, 0xd9, 0xff, 0x27, 0x3d, 0xd9, 0xff, 0x1c, 0x33,
0xd7, 0xff, 0xb9, 0xc0, 0xf2, 0xff, 0xff, 0xff, 0xff, 0xff, 0xfe, 0xfe, 0xfe, 0xff, 0xff,
0xff, 0xff, 0xff, 0xe5, 0xe7, 0xfa, 0xff, 0x30, 0x45, 0xda, 0xff, 0x1b, 0x32, 0xd7, 0xff,
0x26, 0x3c, 0xd9, 0xff, 0x27, 0x3d, 0xd9, 0xff, 0x27, 0x3d, 0xd9, 0xff, 0x27, 0x3d, 0xd9,
0xff, 0x27, 0x3d, 0xd9, 0xff, 0x27, 0x3d, 0xd9, 0xff, 0x27, 0x3d, 0xd9, 0xff, 0x27, 0x3d,
0xd9, 0xff, 0x27, 0x3d, 0xd9, 0xff, 0x27, 0x3d, 0xd9, 0xff, 0x27, 0x3d, 0xd9, 0xff, 0x27,
0x3d, 0xd9, 0xff, 0x27, 0x3d, 0xd9, 0xff, 0x27, 0x3d, 0xd9, 0xff, 0x27, 0x3d, 0xd9, 0xff,
0x27, 0x3d, 0xd9, 0xff, 0x27, 0x3d, 0xd9, 0xff, 0x27, 0x3d, 0xd9, 0xff, 0x27, 0x3d, 0xd9,
0xff, 0x27, 0x3d, 0xd9, 0xff, 0x27, 0x3d, 0xd9, 0xff, 0x27, 0x3d, 0xd9, 0xff, 0x26, 0x3c,
0xd9, 0xdb, 0x21, 0x36, 0xd7, 0x04, 0x21, 0x36, 0xd7, 0x00, 0xff, 0xff, 0xff, 0x00, 0xff,
0xff, 0xff, 0x00, 0xff, 0xff, 0xff, 0x00, 0xff, 0xff, 0xff, 0x00, 0xff, 0xff, 0xff, 0x00,
0xff, 0xff, 0xff, 0x00, 0xff, 0xff, 0xff, 0x00, 0xff, 0xff, 0xff, 0x00, 0xff, 0xff, 0xff,
0x00, 0xff, 0xff, 0xff, 0x00, 0xff, 0xff, 0xff, 0x00, 0xff, 0xff, 0xff, 0x00, 0xff, 0xff,
0xff, 0x00, 0xff, 0xff, 0xff, 0x00, 0xff, 0xff, 0xff, 0x00, 0x25, 0x3e, 0xe0, 0x00, 0x26,
0x3f, 0xe1, 0x65, 0x27, 0x3d, 0xda, 0xff, 0x27, 0x3d, 0xd9, 0xff, 0x27, 0x3d, 0xd9, 0xff,
0x27, 0x3d, 0xd9, 0xff, 0x27, 0x3d, 0xd9, 0xff, 0x27, 0x3d, 0xd9, 0xff, 0x27, 0x3d, 0xd9,
0xff, 0x27, 0x3d, 0xd9, 0xff, 0x27, 0x3d, 0xd9, 0xff, 0x27, 0x3d, 0xd9, 0xff, 0x27, 0x3d,
0xd9, 0xff, 0x27, 0x3d, 0xd9, 0xff, 0x27, 0x3d, 0xd9, 0xff, 0x27, 0x3d, 0xd9, 0xff, 0x27,
0x3d, 0xd9, 0xff, 0x27, 0x3d, 0xd9, 0xff, 0x27, 0x3d, 0xd9, 0xff, 0x27, 0x3d, 0xd9, 0xff,
0x27, 0x3d, 0xd9, 0xff, 0x1b, 0x32, 0xd7, 0xff, 0x7e, 0x8b, 0xe8, 0xff, 0xff, 0xff, 0xff,
0xff, 0xfe, 0xfe, 0xfe, 0xff, 0xfe, 0xfe, 0xfe, 0xff, 0xfe, 0xfe, 0xfe, 0xff, 0xfe, 0xfe,
0xfe, 0xff, 0xff, 0xff, 0xff, 0xff, 0x97, 0xa1, 0xec, 0xff, 0x19, 0x30, 0xd7, 0xff, 0x24,
0x3a, 0xd9, 0xff, 0x1f, 0x36, 0xd8, 0xff, 0x1f, 0x36, 0xd8, 0xff, 0x1f, 0x36, 0xd8, 0xff,
0x1f, 0x36, 0xd8, 0xff, 0x1f, 0x36, 0xd8, 0xff, 0x1f, 0x36, 0xd8, 0xff, 0x1f, 0x36, 0xd8,
0xff, 0x1f, 0x36, 0xd8, 0xff, 0x23, 0x3a, 0xd8, 0xff, 0x26, 0x3c, 0xd9, 0xff, 0x22, 0x39,
0xd8, 0xff, 0x1f, 0x36, 0xd8, 0xff, 0x1f, 0x36, 0xd8, 0xff, 0x1f, 0x36, 0xd8, 0xff, 0x1f,
0x36, 0xd8, 0xff, 0x1f, 0x36, 0xd8, 0xff, 0x1f, 0x36, 0xd8, 0xff, 0x1f, 0x36, 0xd8, 0xff,
0x1f, 0x36, 0xd8, 0xff, 0x20, 0x37, 0xd8, 0xff, 0x26, 0x3c, 0xd9, 0xff, 0x25, 0x3b, 0xd9,
0xff, 0x20, 0x36, 0xd8, 0xff, 0x1f, 0x36, 0xd8, 0xff, 0x1f, 0x36, 0xd8, 0xff, 0x1f, 0x36,
0xd8, 0xff, 0x1f, 0x36, 0xd8, 0xff, 0x1f, 0x36, 0xd8, 0xff, 0x1f, 0x36, 0xd8, 0xff, 0x1f,
0x36, 0xd8, 0xff, 0x1f, 0x36, 0xd8, 0xff, 0x24, 0x3a, 0xd8, 0xff, 0x18, 0x30, 0xd7, 0xff,
0x8f, 0x9a, 0xeb, 0xff, 0xff, 0xff, 0xff, 0xff, 0xfe, 0xfe, 0xfe, 0xff, 0xfe, 0xfe, 0xfe,
0xff, 0xfe, 0xfe, 0xfe, 0xff, 0xfe, 0xfe, 0xfe, 0xff, 0xff, 0xff, 0xff, 0xff, 0x75, 0x83,
0xe6, 0xff, 0x1b, 0x33, 0xd7, 0xff, 0x27, 0x3d, 0xd9, 0xff, 0x27, 0x3d, 0xd9, 0xff, 0x27,
0x3d, 0xd9, 0xff, 0x27, 0x3d, 0xd9, 0xff, 0x27, 0x3d, 0xd9, 0xff, 0x1f, 0x36, 0xd8, 0xff,
0x4d, 0x5f, 0xe0, 0xff, 0xf7, 0xf8, 0xfd, 0xff, 0xff, 0xff, 0xff, 0xff, 0xfe, 0xfe, 0xfe,
0xff, 0xff, 0xff, 0xff, 0xff, 0x8e, 0x9a, 0xeb, 0xff, 0x19, 0x30, 0xd7, 0xff, 0x27, 0x3d,
0xd9, 0xff, 0x27, 0x3d, 0xd9, 0xff, 0x27, 0x3d, 0xd9, 0xff, 0x27, 0x3d, 0xd9, 0xff, 0x27,
0x3d, 0xd9, 0xff, 0x27, 0x3d, 0xd9, 0xff, 0x27, 0x3d, 0xd9, 0xff, 0x27, 0x3d, 0xd9, 0xff,
0x27, 0x3d, 0xd9, 0xff, 0x27, 0x3d, 0xd9, 0xff, 0x27, 0x3d, 0xd9, 0xff, 0x27, 0x3d, 0xd9,
0xff, 0x27, 0x3d, 0xd9, 0xff, 0x27, 0x3d, 0xd9, 0xff, 0x27, 0x3d, 0xd9, 0xff, 0x27, 0x3d,
0xd9, 0xff, 0x27, 0x3d, 0xd9, 0xff, 0x27, 0x3d, 0xd9, 0xff, 0x27, 0x3d, 0xd9, 0xff, 0x27,
0x3d, 0xd9, 0xff, 0x27, 0x3d, 0xd9, 0xff, 0x27, 0x3d, 0xd9, 0xff, 0x27, 0x3d, 0xd9, 0xff,
0x27, 0x3d, 0xd9, 0xf9, 0x21, 0x36, 0xd7, 0x2b, 0x20, 0x35, 0xd7, 0x00, 0xff, 0xff, 0xff,
0x00, 0xff, 0xff, 0xff, 0x00, 0xff, 0xff, 0xff, 0x00, 0xff, 0xff, 0xff, 0x00, 0xff, 0xff,
0xff, 0x00, 0xff, 0xff, 0xff, 0x00, 0xff, 0xff, 0xff, 0x00, 0xff, 0xff, 0xff, 0x00, 0xff,
0xff, 0xff, 0x00, 0xff, 0xff, 0xff, 0x00, 0xff, 0xff, 0xff, 0x00, 0xff, 0xff, 0xff, 0x00,
0xff, 0xff, 0xff, 0x00, 0xff, 0xff, 0xff, 0x00, 0xff, 0xff, 0xff, 0x00, 0x25, 0x3c, 0xd7,
0x00, 0x27, 0x3d, 0xd9, 0xaf, 0x27, 0x3d, 0xd9, 0xff, 0x27, 0x3d, 0xd9, 0xff, 0x27, 0x3d,
0xd9, 0xff, 0x27, 0x3d, 0xd9, 0xff, 0x27, 0x3d, 0xd9, 0xff, 0x27, 0x3d, 0xd9, 0xff, 0x27,
0x3d, 0xd9, 0xff, 0x27, 0x3d, 0xd9, 0xff, 0x27, 0x3d, 0xd9, 0xff, 0x27, 0x3d, 0xd9, 0xff,
0x27, 0x3d, 0xd9, 0xff, 0x27, 0x3d, 0xd9, 0xff, 0x27, 0x3d, 0xd9, 0xff, 0x27, 0x3d, 0xd9,
0xff, 0x27, 0x3d, 0xd9, 0xff, 0x27, 0x3d, 0xd9, 0xff, 0x27, 0x3d, 0xd9, 0xff, 0x27, 0x3d,
0xd9, 0xff, 0x27, 0x3d, 0xd9, 0xff, 0x1b, 0x32, 0xd7, 0xff, 0x7e, 0x8b, 0xe8, 0xff, 0xff,
0xff, 0xff, 0xff, 0xfe, 0xfe, 0xfe, 0xff, 0xfe, 0xfe, 0xfe, 0xff, 0xfe, 0xfe, 0xfe, 0xff,
0xfe, 0xfe, 0xfe, 0xff, 0xff, 0xff, 0xff, 0xff, 0x98, 0xa2, 0xec, 0xff, 0x12, 0x2a, 0xd6,
0xff, 0x4f, 0x61, 0xe0, 0xff, 0xc9, 0xcf, 0xf6, 0xff, 0xc9, 0xcf, 0xf5, 0xff, 0xc8, 0xce,
0xf5, 0xff, 0xc8, 0xce, 0xf5, 0xff, 0xc8, 0xce, 0xf5, 0xff, 0xc8, 0xce, 0xf5, 0xff, 0xc8,
0xce, 0xf5, 0xff, 0xc9, 0xcf, 0xf6, 0xff, 0x5c, 0x6c, 0xe2, 0xff, 0x14, 0x2c, 0xd6, 0xff,
0x76, 0x84, 0xe7, 0xff, 0xc9, 0xcf, 0xf6, 0xff, 0xc8, 0xce, 0xf5, 0xff, 0xc8, 0xce, 0xf5,
0xff, 0xc8, 0xce, 0xf5, 0xff, 0xc8, 0xce, 0xf5, 0xff, 0xc8, 0xce, 0xf5, 0xff, 0xc8, 0xce,
0xf5, 0xff, 0xc9, 0xcf, 0xf6, 0xff, 0xad, 0xb6, 0xf0, 0xff, 0x27, 0x3d, 0xd9, 0xff, 0x2c,
0x42, 0xda, 0xff, 0xb6, 0xbd, 0xf2, 0xff, 0xc9, 0xcf, 0xf6, 0xff, 0xc8, 0xce, 0xf5, 0xff,
0xc8, 0xce, 0xf5, 0xff, 0xc8, 0xce, 0xf5, 0xff, 0xc8, 0xce, 0xf5, 0xff, 0xc8, 0xce, 0xf5,
0xff, 0xc8, 0xce, 0xf5, 0xff, 0xc9, 0xcf, 0xf6, 0xff, 0x56, 0x67, 0xe1, 0xff, 0x12, 0x29,
0xd6, 0xff, 0x90, 0x9b, 0xeb, 0xff, 0xff, 0xff, 0xff, 0xff, 0xfe, 0xfe, 0xfe, 0xff, 0xfe,
0xfe, 0xfe, 0xff, 0xfe, 0xfe, 0xfe, 0xff, 0xfe, 0xfe, 0xfe, 0xff, 0xff, 0xff, 0xff, 0xff,
0x75, 0x83, 0xe6, 0xff, 0x1b, 0x33, 0xd7, 0xff, 0x27, 0x3d, 0xd9, 0xff, 0x27, 0x3d, 0xd9,
0xff, 0x27, 0x3d, 0xd9, 0xff, 0x27, 0x3d, 0xd9, 0xff, 0x27, 0x3d, 0xd9, 0xff, 0x1c, 0x33,
0xd7, 0xff, 0xba, 0xc1, 0xf3, 0xff, 0xff, 0xff, 0xff, 0xff, 0xfe, 0xfe, 0xfe, 0xff, 0xff,
0xff, 0xff, 0xff, 0xe1, 0xe4, 0xf9, 0xff, 0x32, 0x47, 0xdb, 0xff, 0x23, 0x3a, 0xd8, 0xff,
0x27, 0x3d, 0xd9, 0xff, 0x27, 0x3d, 0xd9, 0xff, 0x27, 0x3d, 0xd9, 0xff, 0x27, 0x3d, 0xd9,
0xff, 0x27, 0x3d, 0xd9, 0xff, 0x27, 0x3d, 0xd9, 0xff, 0x27, 0x3d, 0xd9, 0xff, 0x27, 0x3d,
0xd9, 0xff, 0x27, 0x3d, 0xd9, 0xff, 0x27, 0x3d, 0xd9, 0xff, 0x27, 0x3d, 0xd9, 0xff, 0x27,
0x3d, 0xd9, 0xff, 0x27, 0x3d, 0xd9, 0xff, 0x27, 0x3d, 0xd9, 0xff, 0x27, 0x3d, 0xd9, 0xff,
0x27, 0x3d, 0xd9, 0xff, 0x27, 0x3d, 0xd9, 0xff, 0x27, 0x3d, 0xd9, 0xff, 0x27, 0x3d, 0xd9,
0xff, 0x27, 0x3d, 0xd9, 0xff, 0x27, 0x3d, 0xd9, 0xff, 0x27, 0x3d, 0xd9, 0xff, 0x27, 0x3d,
0xd9, 0xff, 0x27, 0x3d, 0xd9, 0xff, 0x26, 0x3c, 0xda, 0x73, 0x25, 0x3c, 0xdd, 0x00, 0xff,
0xff, 0xff, 0x00, 0xff, 0xff, 0xff, 0x00, 0xff, 0xff, 0xff, 0x00, 0xff, 0xff, 0xff, 0x00,
0xff, 0xff, 0xff, 0x00, 0xff, 0xff, 0xff, 0x00, 0xff, 0xff, 0xff, 0x00, 0xff, 0xff, 0xff,
0x00, 0xff, 0xff, 0xff, 0x00, 0xff, 0xff, 0xff, 0x00, 0xff, 0xff, 0xff, 0x00, 0xff, 0xff,
0xff, 0x00, 0xff, 0xff, 0xff, 0x00, 0xff, 0xff, 0xff, 0x00, 0xff, 0xff, 0xff, 0x00, 0x20,
0x37, 0xd5, 0x03, 0x26, 0x3c, 0xd8, 0xd6, 0x27, 0x3d, 0xd9, 0xff, 0x27, 0x3d, 0xd9, 0xff,
0x27, 0x3d, 0xd9, 0xff, 0x27, 0x3d, 0xd9, 0xff, 0x27, 0x3d, 0xd9, 0xff, 0x27, 0x3d, 0xd9,
0xff, 0x27, 0x3d, 0xd9, 0xff, 0x27, 0x3d, 0xd9, 0xff, 0x27, 0x3d, 0xd9, 0xff, 0x27, 0x3d,
0xd9, 0xff, 0x27, 0x3d, 0xd9, 0xff, 0x27, 0x3d, 0xd9, 0xff, 0x27, 0x3d, 0xd9, 0xff, 0x27,
0x3d, 0xd9, 0xff, 0x27, 0x3d, 0xd9, 0xff, 0x27, 0x3d, 0xd9, 0xff, 0x27, 0x3d, 0xd9, 0xff,
0x27, 0x3d, 0xd9, 0xff, 0x27, 0x3d, 0xd9, 0xff, 0x1b, 0x32, 0xd7, 0xff, 0x7e, 0x8b, 0xe8,
0xff, 0xff, 0xff, 0xff, 0xff, 0xfe, 0xfe, 0xfe, 0xff, 0xfe, 0xfe, 0xfe, 0xff, 0xfe, 0xfe,
0xfe, 0xff, 0xfe, 0xfe, 0xfe, 0xff, 0xff, 0xff, 0xff, 0xff, 0x98, 0xa2, 0xec, 0xff, 0x10,
0x28, 0xd5, 0xff, 0x5e, 0x6f, 0xe2, 0xff, 0xff, 0xff, 0xff, 0xff, 0xff, 0xff, 0xff, 0xff,
0xff, 0xff, 0xff, 0xff, 0xff, 0xff, 0xff, 0xff, 0xff, 0xff, 0xff, 0xff, 0xff, 0xff, 0xff,
0xff, 0xff, 0xff, 0xff, 0xff, 0xff, 0xff, 0xff, 0xff, 0x71, 0x7f, 0xe6, 0xff, 0x0d, 0x26,
0xd5, 0xff, 0x95, 0xa0, 0xec, 0xff, 0xff, 0xff, 0xff, 0xff, 0xff, 0xff, 0xff, 0xff, 0xff,
0xff, 0xff, 0xff, 0xff, 0xff, 0xff, 0xff, 0xff, 0xff, 0xff, 0xff, 0xff, 0xff, 0xff, 0xff,
0xff, 0xff, 0xff, 0xff, 0xff, 0xff, 0xff, 0xff, 0xe2, 0xe5, 0xf9, 0xff, 0x27, 0x3d, 0xd9,
0xff, 0x2e, 0x44, 0xda, 0xff, 0xee, 0xf0, 0xfb, 0xff, 0xff, 0xff, 0xff, 0xff, 0xff, 0xff,
0xff, 0xff, 0xff, 0xff, 0xff, 0xff, 0xff, 0xff, 0xff, 0xff, 0xff, 0xff, 0xff, 0xff, 0xff,
0xff, 0xff, 0xff, 0xff, 0xff, 0xff, 0xff, 0xff, 0xff, 0xff, 0xff, 0x68, 0x78, 0xe4, 0xff,
0x0f, 0x27, 0xd5, 0xff, 0x90, 0x9b, 0xeb, 0xff, 0xff, 0xff, 0xff, 0xff, 0xfe, 0xfe, 0xfe,
0xff, 0xfe, 0xfe, 0xfe, 0xff, 0xfe, 0xfe, 0xfe, 0xff, 0xfe, 0xfe, 0xfe, 0xff, 0xff, 0xff,
0xff, 0xff, 0x75, 0x83, 0xe6, 0xff, 0x1b, 0x33, 0xd7, 0xff, 0x27, 0x3d, 0xd9, 0xff, 0x27,
0x3d, 0xd9, 0xff, 0x27, 0x3d, 0xd9, 0xff, 0x27, 0x3d, 0xd9, 0xff, 0x1e, 0x35, 0xd8, 0xff,
0x4a, 0x5d, 0xdf, 0xff, 0xf8, 0xf9, 0xfd, 0xff, 0xff, 0xff, 0xff, 0xff, 0xfe, 0xfe, 0xfe,
0xff, 0xff, 0xff, 0xff, 0xff, 0x7e, 0x8c, 0xe8, 0xff, 0x18, 0x30, 0xd7, 0xff, 0x27, 0x3d,
0xd9, 0xff, 0x27, 0x3d, 0xd9, 0xff, 0x27, 0x3d, 0xd9, 0xff, 0x27, 0x3d, 0xd9, 0xff, 0x27,
0x3d, 0xd9, 0xff, 0x27, 0x3d, 0xd9, 0xff, 0x27, 0x3d, 0xd9, 0xff, 0x27, 0x3d, 0xd9, 0xff,
0x27, 0x3d, 0xd9, 0xff, 0x27, 0x3d, 0xd9, 0xff, 0x27, 0x3d, 0xd9, 0xff, 0x27, 0x3d, 0xd9,
0xff, 0x27, 0x3d, 0xd9, 0xff, 0x27, 0x3d, 0xd9, 0xff, 0x27, 0x3d, 0xd9, 0xff, 0x27, 0x3d,
0xd9, 0xff, 0x27, 0x3d, 0xd9, 0xff, 0x27, 0x3d, 0xd9, 0xff, 0x27, 0x3d, 0xd9, 0xff, 0x27,
0x3d, 0xd9, 0xff, 0x27, 0x3d, 0xd9, 0xff, 0x27, 0x3d, 0xd9, 0xff, 0x27, 0x3d, 0xd9, 0xff,
0x27, 0x3d, 0xd9, 0xff, 0x27, 0x3d, 0xda, 0xff, 0x25, 0x3b, 0xd4, 0xb8, 0x1e, 0x34, 0xbb,
0x00, 0xff, 0xff, 0xff, 0x00, 0xff, 0xff, 0xff, 0x00, 0xff, 0xff, 0xff, 0x00, 0xff, 0xff,
0xff, 0x00, 0xff, 0xff, 0xff, 0x00, 0xff, 0xff, 0xff, 0x00, 0xff, 0xff, 0xff, 0x00, 0xff,
0xff, 0xff, 0x00, 0xff, 0xff, 0xff, 0x00, 0xff, 0xff, 0xff, 0x00, 0xff, 0xff, 0xff, 0x00,
0xff, 0xff, 0xff, 0x00, 0xff, 0xff, 0xff, 0x00, 0xff, 0xff, 0xff, 0x00, 0xff, 0xff, 0xff,
0x00, 0x26, 0x3a, 0xcf, 0x15, 0x27, 0x3d, 0xd9, 0xee, 0x27, 0x3d, 0xd9, 0xff, 0x27, 0x3d,
0xd9, 0xff, 0x27, 0x3d, 0xd9, 0xff, 0x27, 0x3d, 0xd9, 0xff, 0x27, 0x3d, 0xd9, 0xff, 0x27,
0x3d, 0xd9, 0xff, 0x27, 0x3d, 0xd9, 0xff, 0x27, 0x3d, 0xd9, 0xff, 0x27, 0x3d, 0xd9, 0xff,
0x27, 0x3d, 0xd9, 0xff, 0x27, 0x3d, 0xd9, 0xff, 0x27, 0x3d, 0xd9, 0xff, 0x27, 0x3d, 0xd9,
0xff, 0x27, 0x3d, 0xd9, 0xff, 0x27, 0x3d, 0xd9, 0xff, 0x27, 0x3d, 0xd9, 0xff, 0x27, 0x3d,
0xd9, 0xff, 0x27, 0x3d, 0xd9, 0xff, 0x27, 0x3d, 0xd9, 0xff, 0x1b, 0x32, 0xd7, 0xff, 0x7e,
0x8b, 0xe8, 0xff, 0xff, 0xff, 0xff, 0xff, 0xfe, 0xfe, 0xfe, 0xff, 0xfe, 0xfe, 0xfe, 0xff,
0xfe, 0xfe, 0xfe, 0xff, 0xfe, 0xfe, 0xfe, 0xff, 0xff, 0xff, 0xff, 0xff, 0x98, 0xa2, 0xec,
0xff, 0x10, 0x28, 0xd5, 0xff, 0x5c, 0x6d, 0xe2, 0xff, 0xff, 0xff, 0xff, 0xff, 0xff, 0xff,
0xfe, 0xff, 0xfe, 0xfe, 0xfe, 0xff, 0xfe, 0xfe, 0xfe, 0xff, 0xfe, 0xfe, 0xfe, 0xff, 0xfe,
0xfe, 0xfe, 0xff, 0xfe, 0xfe, 0xfe, 0xff, 0xff, 0xff, 0xff, 0xff, 0x6e, 0x7c, 0xe5, 0xff,
0x0e, 0x27, 0xd5, 0xff, 0x90, 0x9c, 0xeb, 0xff, 0xff, 0xff, 0xff, 0xff, 0xfe, 0xfe, 0xfe,
0xff, 0xfe, 0xfe, 0xfe, 0xff, 0xfe, 0xfe, 0xfe, 0xff, 0xfe, 0xfe, 0xfe, 0xff, 0xfe, 0xfe,
0xfe, 0xff, 0xfe, 0xfe, 0xfe, 0xff, 0xff, 0xff, 0xff, 0xff, 0xda, 0xde, 0xf8, 0xff, 0x27,
0x3d, 0xd9, 0xff, 0x2e, 0x44, 0xda, 0xff, 0xe5, 0xe8, 0xfa, 0xff, 0xff, 0xff, 0xff, 0xff,
0xfe, 0xfe, 0xfe, 0xff, 0xfe, 0xfe, 0xfe, 0xff, 0xfe, 0xfe, 0xfe, 0xff, 0xfe, 0xfe, 0xfe,
0xff, 0xfe, 0xfe, 0xfe, 0xff, 0xfe, 0xfe, 0xfe, 0xff, 0xff, 0xff, 0xff, 0xff, 0x65, 0x75,
0xe4, 0xff, 0x0f, 0x27, 0xd5, 0xff, 0x90, 0x9b, 0xeb, 0xff, 0xff, 0xff, 0xff, 0xff, 0xfe,
0xfe, 0xfe, 0xff, 0xfe, 0xfe, 0xfe, 0xff, 0xfe, 0xfe, 0xfe, 0xff, 0xfe, 0xfe, 0xfe, 0xff,
0xff, 0xff, 0xff, 0xff, 0x75, 0x83, 0xe6, 0xff, 0x1b, 0x33, 0xd7, 0xff, 0x27, 0x3d, 0xd9,
0xff, 0x27, 0x3d, 0xd9, 0xff, 0x27, 0x3d, 0xd9, 0xff, 0x26, 0x3c, 0xd9, 0xff, 0x22, 0x38,
0xd8, 0xff, 0xc2, 0xc8, 0xf4, 0xff, 0xff, 0xff, 0xff, 0xff, 0xfe, 0xfe, 0xfe, 0xff, 0xff,
0xff, 0xff, 0xff, 0xde, 0xe1, 0xf9, 0xff, 0x31, 0x46, 0xdb, 0xff, 0x24, 0x3a, 0xd8, 0xff,
0x27, 0x3d, 0xd9, 0xff, 0x27, 0x3d, 0xd9, 0xff, 0x27, 0x3d, 0xd9, 0xff, 0x27, 0x3d, 0xd9,
0xff, 0x27, 0x3d, 0xd9, 0xff, 0x27, 0x3d, 0xd9, 0xff, 0x27, 0x3d, 0xd9, 0xff, 0x27, 0x3d,
0xd9, 0xff, 0x27, 0x3d, 0xd9, 0xff, 0x27, 0x3d, 0xd9, 0xff, 0x27, 0x3d, 0xd9, 0xff, 0x27,
0x3d, 0xd9, 0xff, 0x27, 0x3d, 0xd9, 0xff, 0x27, 0x3d, 0xd9, 0xff, 0x27, 0x3d, 0xd9, 0xff,
0x27, 0x3d, 0xd9, 0xff, 0x27, 0x3d, 0xd9, 0xff, 0x27, 0x3d, 0xd9, 0xff, 0x27, 0x3d, 0xd9,
0xff, 0x27, 0x3d, 0xd9, 0xff, 0x27, 0x3d, 0xd9, 0xff, 0x27, 0x3d, 0xd9, 0xff, 0x27, 0x3d,
0xd9, 0xff, 0x27, 0x3d, 0xd9, 0xff, 0x28, 0x3e, 0xdc, 0xff, 0x24, 0x38, 0xc9, 0xd9, 0x11,
0x1c, 0x78, 0x05, 0xff, 0xff, 0xff, 0x00, 0xff, 0xff, 0xff, 0x00, 0xff, 0xff, 0xff, 0x00,
0xff, 0xff, 0xff, 0x00, 0xff, 0xff, 0xff, 0x00, 0xff, 0xff, 0xff, 0x00, 0xff, 0xff, 0xff,
0x00, 0xff, 0xff, 0xff, 0x00, 0xff, 0xff, 0xff, 0x00, 0xff, 0xff, 0xff, 0x00, 0xff, 0xff,
0xff, 0x00, 0xff, 0xff, 0xff, 0x00, 0xff, 0xff, 0xff, 0x00, 0xff, 0xff, 0xff, 0x00, 0xff,
0xff, 0xff, 0x00, 0x1a, 0x27, 0x8b, 0x3b, 0x27, 0x3e, 0xdd, 0xff, 0x27, 0x3d, 0xd9, 0xff,
0x27, 0x3d, 0xd9, 0xff, 0x27, 0x3d, 0xd9, 0xff, 0x27, 0x3d, 0xd9, 0xff, 0x27, 0x3d, 0xd9,
0xff, 0x27, 0x3d, 0xd9, 0xff, 0x27, 0x3d, 0xd9, 0xff, 0x27, 0x3d, 0xd9, 0xff, 0x27, 0x3d,
0xd9, 0xff, 0x27, 0x3d, 0xd9, 0xff, 0x27, 0x3d, 0xd9, 0xff, 0x27, 0x3d, 0xd9, 0xff, 0x27,
0x3d, 0xd9, 0xff, 0x27, 0x3d, 0xd9, 0xff, 0x27, 0x3d, 0xd9, 0xff, 0x27, 0x3d, 0xd9, 0xff,
0x27, 0x3d, 0xd9, 0xff, 0x27, 0x3d, 0xd9, 0xff, 0x27, 0x3d, 0xd9, 0xff, 0x1b, 0x32, 0xd7,
0xff, 0x7e, 0x8b, 0xe8, 0xff, 0xff, 0xff, 0xff, 0xff, 0xfe, 0xfe, 0xfe, 0xff, 0xfe, 0xfe,
0xfe, 0xff, 0xfe, 0xfe, 0xfe, 0xff, 0xfe, 0xfe, 0xfe, 0xff, 0xff, 0xff, 0xff, 0xff, 0x98,
0xa2, 0xec, 0xff, 0x10, 0x28, 0xd5, 0xff, 0x5c, 0x6d, 0xe2, 0xff, 0xff, 0xff, 0xff, 0xff,
0xff, 0xff, 0xfe, 0xff, 0xfe, 0xfe, 0xfe, 0xff, 0xfe, 0xfe, 0xfe, 0xff, 0xfe, 0xfe, 0xfe,
0xff, 0xfe, 0xfe, 0xfe, 0xff, 0xfe, 0xfe, 0xfe, 0xff, 0xff, 0xff, 0xff, 0xff, 0x6e, 0x7c,
0xe5, 0xff, 0x0e, 0x27, 0xd5, 0xff, 0x90, 0x9c, 0xeb, 0xff, 0xff, 0xff, 0xff, 0xff, 0xfe,
0xfe, 0xfe, 0xff, 0xfe, 0xfe, 0xfe, 0xff, 0xfe, 0xfe, 0xfe, 0xff, 0xfe, 0xfe, 0xfe, 0xff,
0xfe, 0xfe, 0xfe, 0xff, 0xfe, 0xfe, 0xfe, 0xff, 0xff, 0xff, 0xff, 0xff, 0xda, 0xde, 0xf8,
0xff, 0x27, 0x3d, 0xd9, 0xff, 0x2e, 0x44, 0xda, 0xff, 0xe5, 0xe8, 0xfa, 0xff, 0xff, 0xff,
0xff, 0xff, 0xfe, 0xfe, 0xfe, 0xff, 0xfe, 0xfe, 0xfe, 0xff, 0xfe, 0xfe, 0xfe, 0xff, 0xfe,
0xfe, 0xfe, 0xff, 0xfe, 0xfe, 0xfe, 0xff, 0xfe, 0xfe, 0xfe, 0xff, 0xff, 0xff, 0xff, 0xff,
0x65, 0x75, 0xe4, 0xff, 0x0f, 0x27, 0xd5, 0xff, 0x90, 0x9b, 0xeb, 0xff, 0xff, 0xff, 0xff,
0xff, 0xfe, 0xfe, 0xfe, 0xff, 0xfe, 0xfe, 0xfe, 0xff, 0xfe, 0xfe, 0xfe, 0xff, 0xfe, 0xfe,
0xfe, 0xff, 0xff, 0xff, 0xff, 0xff, 0x75, 0x83, 0xe6, 0xff, 0x1b, 0x33, 0xd7, 0xff, 0x27,
0x3d, 0xd9, 0xff, 0x27, 0x3d, 0xd9, 0xff, 0x27, 0x3d, 0xd9, 0xff, 0x1d, 0x34, 0xd7, 0xff,
0x54, 0x66, 0xe1, 0xff, 0xff, 0xff, 0xff, 0xff, 0xff, 0xff, 0xfe, 0xff, 0xfe, 0xfe, 0xfe,
0xff, 0xff, 0xff, 0xff, 0xff, 0x7d, 0x8a, 0xe8, 0xff, 0x18, 0x30, 0xd7, 0xff, 0x27, 0x3d,
0xd9, 0xff, 0x27, 0x3d, 0xd9, 0xff, 0x27, 0x3d, 0xd9, 0xff, 0x27, 0x3d, 0xd9, 0xff, 0x27,
0x3d, 0xd9, 0xff, 0x27, 0x3d, 0xd9, 0xff, 0x27, 0x3d, 0xd9, 0xff, 0x27, 0x3d, 0xd9, 0xff,
0x27, 0x3d, 0xd9, 0xff, 0x27, 0x3d, 0xd9, 0xff, 0x27, 0x3d, 0xd9, 0xff, 0x27, 0x3d, 0xd9,
0xff, 0x27, 0x3d, 0xd9, 0xff, 0x27, 0x3d, 0xd9, 0xff, 0x27, 0x3d, 0xd9, 0xff, 0x27, 0x3d,
0xd9, 0xff, 0x27, 0x3d, 0xd9, 0xff, 0x27, 0x3d, 0xd9, 0xff, 0x27, 0x3d, 0xd9, 0xff, 0x27,
0x3d, 0xd9, 0xff, 0x27, 0x3d, 0xd9, 0xff, 0x27, 0x3d, 0xd9, 0xff, 0x27, 0x3d, 0xd9, 0xff,
0x27, 0x3d, 0xd9, 0xff, 0x27, 0x3d, 0xd9, 0xff, 0x27, 0x3d, 0xd9, 0xff, 0x26, 0x3c, 0xd9,
0xf0, 0x18, 0x26, 0xcf, 0x16, 0xff, 0xff, 0xff, 0x00, 0xff, 0xff, 0xff, 0x00, 0xff, 0xff,
0xff, 0x00, 0xff, 0xff, 0xff, 0x00, 0xff, 0xff, 0xff, 0x00, 0xff, 0xff, 0xff, 0x00, 0xff,
0xff, 0xff, 0x00, 0xff, 0xff, 0xff, 0x00, 0xff, 0xff, 0xff, 0x00, 0xff, 0xff, 0xff, 0x00,
0xff, 0xff, 0xff, 0x00, 0xff, 0xff, 0xff, 0x00, 0xff, 0xff, 0xff, 0x00, 0xff, 0xff, 0xff,
0x00, 0xff, 0xff, 0xff, 0x00, 0x22, 0x35, 0xd1, 0x68, 0x27, 0x3e, 0xda, 0xff, 0x27, 0x3d,
0xd9, 0xff, 0x27, 0x3d, 0xd9, 0xff, 0x27, 0x3d, 0xd9, 0xff, 0x27, 0x3d, 0xd9, 0xff, 0x27,
0x3d, 0xd9, 0xff, 0x27, 0x3d, 0xd9, 0xff, 0x27, 0x3d, 0xd9, 0xff, 0x27, 0x3d, 0xd9, 0xff,
0x27, 0x3d, 0xd9, 0xff, 0x27, 0x3d, 0xd9, 0xff, 0x27, 0x3d, 0xd9, 0xff, 0x27, 0x3d, 0xd9,
0xff, 0x27, 0x3d, 0xd9, 0xff, 0x27, 0x3d, 0xd9, 0xff, 0x27, 0x3d, 0xd9, 0xff, 0x27, 0x3d,
0xd9, 0xff, 0x27, 0x3d, 0xd9, 0xff, 0x27, 0x3d, 0xd9, 0xff, 0x27, 0x3d, 0xd9, 0xff, 0x1b,
0x32, 0xd7, 0xff, 0x7e, 0x8b, 0xe8, 0xff, 0xff, 0xff, 0xff, 0xff, 0xfe, 0xfe, 0xfe, 0xff,
0xfe, 0xfe, 0xfe, 0xff, 0xfe, 0xfe, 0xfe, 0xff, 0xfe, 0xfe, 0xfe, 0xff, 0xff, 0xff, 0xff,
0xff, 0x98, 0xa2, 0xec, 0xff, 0x10, 0x28, 0xd5, 0xff, 0x5c, 0x6d, 0xe2, 0xff, 0xff, 0xff,
0xff, 0xff, 0xff, 0xff, 0xfe, 0xff, 0xfe, 0xfe, 0xfe, 0xff, 0xfe, 0xfe, 0xfe, 0xff, 0xfe,
0xfe, 0xfe, 0xff, 0xfe, 0xfe, 0xfe, 0xff, 0xfe, 0xfe, 0xfe, 0xff, 0xff, 0xff, 0xff, 0xff,
0x6e, 0x7c, 0xe5, 0xff, 0x0e, 0x27, 0xd5, 0xff, 0x90, 0x9c, 0xeb, 0xff, 0xff, 0xff, 0xff,
0xff, 0xfe, 0xfe, 0xfe, 0xff, 0xfe, 0xfe, 0xfe, 0xff, 0xfe, 0xfe, 0xfe, 0xff, 0xfe, 0xfe,
0xfe, 0xff, 0xfe, 0xfe, 0xfe, 0xff, 0xfe, 0xfe, 0xfe, 0xff, 0xff, 0xff, 0xff, 0xff, 0xda,
0xde, 0xf8, 0xff, 0x27, 0x3d, 0xd9, 0xff, 0x2e, 0x44, 0xda, 0xff, 0xe5, 0xe8, 0xfa, 0xff,
0xff, 0xff, 0xff, 0xff, 0xfe, 0xfe, 0xfe, 0xff, 0xfe, 0xfe, 0xfe, 0xff, 0xfe, 0xfe, 0xfe,
0xff, 0xfe, 0xfe, 0xfe, 0xff, 0xfe, 0xfe, 0xfe, 0xff, 0xfe, 0xfe, 0xfe, 0xff, 0xff, 0xff,
0xff, 0xff, 0x65, 0x75, 0xe4, 0xff, 0x0f, 0x27, 0xd5, 0xff, 0x90, 0x9b, 0xeb, 0xff, 0xff,
0xff, 0xff, 0xff, 0xfe, 0xfe, 0xfe, 0xff, 0xfe, 0xfe, 0xfe, 0xff, 0xfe, 0xfe, 0xfe, 0xff,
0xfe, 0xfe, 0xfe, 0xff, 0xff, 0xff, 0xff, 0xff, 0x75, 0x83, 0xe6, 0xff, 0x1b, 0x33, 0xd7,
0xff, 0x27, 0x3d, 0xd9, 0xff, 0x27, 0x3d, 0xd9, 0xff, 0x26, 0x3c, 0xd9, 0xff, 0x25, 0x3b,
0xd9, 0xff, 0xc1, 0xc7, 0xf4, 0xff, 0xff, 0xff, 0xff, 0xff, 0xfe, 0xfe, 0xfe, 0xff, 0xff,
0xff, 0xff, 0xff, 0xde, 0xe2, 0xf9, 0xff, 0x31, 0x46, 0xdb, 0xff, 0x23, 0x3a, 0xd8, 0xff,
0x27, 0x3d, 0xd9, 0xff, 0x27, 0x3d, 0xd9, 0xff, 0x27, 0x3d, 0xd9, 0xff, 0x27, 0x3d, 0xd9,
0xff, 0x27, 0x3d, 0xd9, 0xff, 0x27, 0x3d, 0xd9, 0xff, 0x27, 0x3d, 0xd9, 0xff, 0x27, 0x3d,
0xd9, 0xff, 0x27, 0x3d, 0xd9, 0xff, 0x27, 0x3d, 0xd9, 0xff, 0x27, 0x3d, 0xd9, 0xff, 0x27,
0x3d, 0xd9, 0xff, 0x27, 0x3d, 0xd9, 0xff, 0x27, 0x3d, 0xd9, 0xff, 0x27, 0x3d, 0xd9, 0xff,
0x27, 0x3d, 0xd9, 0xff, 0x27, 0x3d, 0xd9, 0xff, 0x27, 0x3d, 0xd9, 0xff, 0x27, 0x3d, 0xd9,
0xff, 0x27, 0x3d, 0xd9, 0xff, 0x27, 0x3d, 0xd9, 0xff, 0x27, 0x3d, 0xd9, 0xff, 0x27, 0x3d,
0xd9, 0xff, 0x27, 0x3d, 0xd9, 0xff, 0x27, 0x3d, 0xd9, 0xff, 0x27, 0x3d, 0xd9, 0xff, 0x27,
0x3d, 0xd9, 0xff, 0x29, 0x3e, 0xd6, 0x3f, 0xff, 0xff, 0xff, 0x00, 0xff, 0xff, 0xff, 0x00,
0xff, 0xff, 0xff, 0x00, 0xff, 0xff, 0xff, 0x00, 0xff, 0xff, 0xff, 0x00, 0xff, 0xff, 0xff,
0x00, 0xff, 0xff, 0xff, 0x00, 0xff, 0xff, 0xff, 0x00, 0xff, 0xff, 0xff, 0x00, 0xff, 0xff,
0xff, 0x00, 0xff, 0xff, 0xff, 0x00, 0xff, 0xff, 0xff, 0x00, 0xff, 0xff, 0xff, 0x00, 0xff,
0xff, 0xff, 0x00, 0xff, 0xff, 0xff, 0x00, 0x23, 0x37, 0xd4, 0x91, 0x27, 0x3e, 0xda, 0xff,
0x27, 0x3d, 0xd9, 0xff, 0x27, 0x3d, 0xd9, 0xff, 0x27, 0x3d, 0xd9, 0xff, 0x27, 0x3d, 0xd9,
0xff, 0x27, 0x3d, 0xd9, 0xff, 0x27, 0x3d, 0xd9, 0xff, 0x27, 0x3d, 0xd9, 0xff, 0x27, 0x3d,
0xd9, 0xff, 0x27, 0x3d, 0xd9, 0xff, 0x27, 0x3d, 0xd9, 0xff, 0x27, 0x3d, 0xd9, 0xff, 0x27,
0x3d, 0xd9, 0xff, 0x27, 0x3d, 0xd9, 0xff, 0x27, 0x3d, 0xd9, 0xff, 0x27, 0x3d, 0xd9, 0xff,
0x27, 0x3d, 0xd9, 0xff, 0x27, 0x3d, 0xd9, 0xff, 0x27, 0x3d, 0xd9, 0xff, 0x27, 0x3d, 0xd9,
0xff, 0x1b, 0x32, 0xd7, 0xff, 0x7e, 0x8b, 0xe8, 0xff, 0xff, 0xff, 0xff, 0xff, 0xfe, 0xfe,
0xfe, 0xff, 0xfe, 0xfe, 0xfe, 0xff, 0xfe, 0xfe, 0xfe, 0xff, 0xfe, 0xfe, 0xfe, 0xff, 0xff,
0xff, 0xff, 0xff, 0x98, 0xa2, 0xec, 0xff, 0x10, 0x28, 0xd5, 0xff, 0x5c, 0x6d, 0xe2, 0xff,
0xff, 0xff, 0xff, 0xff, 0xff, 0xff, 0xfe, 0xff, 0xfe, 0xfe, 0xfe, 0xff, 0xfe, 0xfe, 0xfe,
0xff, 0xfe, 0xfe, 0xfe, 0xff, 0xfe, 0xfe, 0xfe, 0xff, 0xfe, 0xfe, 0xfe, 0xff, 0xff, 0xff,
0xff, 0xff, 0x6e, 0x7c, 0xe5, 0xff, 0x0e, 0x27, 0xd5, 0xff, 0x90, 0x9c, 0xeb, 0xff, 0xff,
0xff, 0xff, 0xff, 0xfe, 0xfe, 0xfe, 0xff, 0xfe, 0xfe, 0xfe, 0xff, 0xfe, 0xfe, 0xfe, 0xff,
0xfe, 0xfe, 0xfe, 0xff, 0xfe, 0xfe, 0xfe, 0xff, 0xfe, 0xfe, 0xfe, 0xff, 0xff, 0xff, 0xff,
0xff, 0xda, 0xde, 0xf8, 0xff, 0x27, 0x3d, 0xd9, 0xff, 0x2e, 0x44, 0xda, 0xff, 0xe5, 0xe8,
0xfa, 0xff, 0xff, 0xff, 0xff, 0xff, 0xfe, 0xfe, 0xfe, 0xff, 0xfe, 0xfe, 0xfe, 0xff, 0xfe,
0xfe, 0xfe, 0xff, 0xfe, 0xfe, 0xfe, 0xff, 0xfe, 0xfe, 0xfe, 0xff, 0xfe, 0xfe, 0xfe, 0xff,
0xff, 0xff, 0xff, 0xff, 0x65, 0x75, 0xe4, 0xff, 0x0f, 0x27, 0xd5, 0xff, 0x90, 0x9b, 0xeb,
0xff, 0xff, 0xff, 0xff, 0xff, 0xfe, 0xfe, 0xfe, 0xff, 0xfe, 0xfe, 0xfe, 0xff, 0xfe, 0xfe,
0xfe, 0xff, 0xfe, 0xfe, 0xfe, 0xff, 0xff, 0xff, 0xff, 0xff, 0x75, 0x83, 0xe6, 0xff, 0x1b,
0x33, 0xd7, 0xff, 0x27, 0x3d, 0xd9, 0xff, 0x27, 0x3d, 0xd9, 0xff, 0x20, 0x37, 0xd8, 0xff,
0x48, 0x5a, 0xdf, 0xff, 0xfd, 0xfd, 0xfe, 0xff, 0xff, 0xff, 0xfe, 0xff, 0xfe, 0xfe, 0xfe,
0xff, 0xff, 0xff, 0xff, 0xff, 0x7d, 0x8a, 0xe8, 0xff, 0x18, 0x30, 0xd7, 0xff, 0x27, 0x3d,
0xd9, 0xff, 0x27, 0x3d, 0xd9, 0xff, 0x27, 0x3d, 0xd9, 0xff, 0x27, 0x3d, 0xd9, 0xff, 0x27,
0x3d, 0xd9, 0xff, 0x27, 0x3d, 0xd9, 0xff, 0x27, 0x3d, 0xd9, 0xff, 0x27, 0x3d, 0xd9, 0xff,
0x27, 0x3d, 0xd9, 0xff, 0x27, 0x3d, 0xd9, 0xff, 0x27, 0x3d, 0xd9, 0xff, 0x27, 0x3d, 0xd9,
0xff, 0x27, 0x3d, 0xd9, 0xff, 0x27, 0x3d, 0xd9, 0xff, 0x27, 0x3d, 0xd9, 0xff, 0x27, 0x3d,
0xd9, 0xff, 0x27, 0x3d, 0xd9, 0xff, 0x27, 0x3d, 0xd9, 0xff, 0x27, 0x3d, 0xd9, 0xff, 0x27,
0x3d, 0xd9, 0xff, 0x27, 0x3d, 0xd9, 0xff, 0x27, 0x3d, 0xd9, 0xff, 0x27, 0x3d, 0xd9, 0xff,
0x27, 0x3d, 0xd9, 0xff, 0x27, 0x3d, 0xd9, 0xff, 0x27, 0x3d, 0xd9, 0xff, 0x27, 0x3d, 0xd9,
0xff, 0x28, 0x3f, 0xdc, 0xff, 0x1e, 0x30, 0xc6, 0x6e, 0xff, 0xff, 0xff, 0x00, 0xff, 0xff,
0xff, 0x00, 0xff, 0xff, 0xff, 0x00, 0xff, 0xff, 0xff, 0x00, 0xff, 0xff, 0xff, 0x00, 0xff,
0xff, 0xff, 0x00, 0xff, 0xff, 0xff, 0x00, 0xff, 0xff, 0xff, 0x00, 0xff, 0xff, 0xff, 0x00,
0xff, 0xff, 0xff, 0x00, 0xff, 0xff, 0xff, 0x00, 0xff, 0xff, 0xff, 0x00, 0xff, 0xff, 0xff,
0x00, 0xff, 0xff, 0xff, 0x00, 0xff, 0xff, 0xff, 0x00, 0x26, 0x3d, 0xd9, 0xb1, 0x27, 0x3d,
0xd9, 0xff, 0x27, 0x3d, 0xd9, 0xff, 0x27, 0x3d, 0xd9, 0xff, 0x27, 0x3d, 0xd9, 0xff, 0x27,
0x3d, 0xd9, 0xff, 0x27, 0x3d, 0xd9, 0xff, 0x27, 0x3d, 0xd9, 0xff, 0x27, 0x3d, 0xd9, 0xff,
0x27, 0x3d, 0xd9, 0xff, 0x27, 0x3d, 0xd9, 0xff, 0x27, 0x3d, 0xd9, 0xff, 0x27, 0x3d, 0xd9,
0xff, 0x27, 0x3d, 0xd9, 0xff, 0x27, 0x3d, 0xd9, 0xff, 0x27, 0x3d, 0xd9, 0xff, 0x27, 0x3d,
0xd9, 0xff, 0x27, 0x3d, 0xd9, 0xff, 0x27, 0x3d, 0xd9, 0xff, 0x27, 0x3d, 0xd9, 0xff, 0x27,
0x3d, 0xd9, 0xff, 0x1b, 0x32, 0xd7, 0xff, 0x7e, 0x8b, 0xe8, 0xff, 0xff, 0xff, 0xff, 0xff,
0xfe, 0xfe, 0xfe, 0xff, 0xfe, 0xfe, 0xfe, 0xff, 0xfe, 0xfe, 0xfe, 0xff, 0xfe, 0xfe, 0xfe,
0xff, 0xff, 0xff, 0xff, 0xff, 0x98, 0xa2, 0xec, 0xff, 0x10, 0x28, 0xd5, 0xff, 0x5c, 0x6d,
0xe2, 0xff, 0xff, 0xff, 0xff, 0xff, 0xff, 0xff, 0xfe, 0xff, 0xfe, 0xfe, 0xfe, 0xff, 0xfe,
0xfe, 0xfe, 0xff, 0xfe, 0xfe, 0xfe, 0xff, 0xfe, 0xfe, 0xfe, 0xff, 0xfe, 0xfe, 0xfe, 0xff,
0xff, 0xff, 0xff, 0xff, 0x6e, 0x7c, 0xe5, 0xff, 0x0e, 0x27, 0xd5, 0xff, 0x90, 0x9c, 0xeb,
0xff, 0xff, 0xff, 0xff, 0xff, 0xfe, 0xfe, 0xfe, 0xff, 0xfe, 0xfe, 0xfe, 0xff, 0xfe, 0xfe,
0xfe, 0xff, 0xfe, 0xfe, 0xfe, 0xff, 0xfe, 0xfe, 0xfe, 0xff, 0xfe, 0xfe, 0xfe, 0xff, 0xff,
0xff, 0xff, 0xff, 0xda, 0xde, 0xf8, 0xff, 0x27, 0x3d, 0xd9, 0xff, 0x2e, 0x44, 0xda, 0xff,
0xe5, 0xe8, 0xfa, 0xff, 0xff, 0xff, 0xff, 0xff, 0xfe, 0xfe, 0xfe, 0xff, 0xfe, 0xfe, 0xfe,
0xff, 0xfe, 0xfe, 0xfe, 0xff, 0xfe, 0xfe, 0xfe, 0xff, 0xfe, 0xfe, 0xfe, 0xff, 0xfe, 0xfe,
0xfe, 0xff, 0xff, 0xff, 0xff, 0xff, 0x65, 0x75, 0xe4, 0xff, 0x0f, 0x27, 0xd5, 0xff, 0x90,
0x9b, 0xeb, 0xff, 0xff, 0xff, 0xff, 0xff, 0xfe, 0xfe, 0xfe, 0xff, 0xfe, 0xfe, 0xfe, 0xff,
0xfe, 0xfe, 0xfe, 0xff, 0xfe, 0xfe, 0xfe, 0xff, 0xff, 0xff, 0xff, 0xff, 0x75, 0x83, 0xe6,
0xff, 0x1b, 0x33, 0xd7, 0xff, 0x27, 0x3d, 0xd9, 0xff, 0x27, 0x3d, 0xd9, 0xff, 0x20, 0x37,
0xd8, 0xff, 0x4b, 0x5d, 0xdf, 0xff, 0xfb, 0xfa, 0xfd, 0xff, 0xff, 0xff, 0xfe, 0xff, 0xff,
0xff, 0xff, 0xff, 0xf7, 0xf8, 0xfd, 0xff, 0x44, 0x57, 0xde, 0xff, 0x21, 0x37, 0xd8, 0xff,
0x27, 0x3d, 0xd9, 0xff, 0x27, 0x3d, 0xd9, 0xff, 0x27, 0x3d, 0xd9, 0xff, 0x27, 0x3d, 0xd9,
0xff, 0x27, 0x3d, 0xd9, 0xff, 0x27, 0x3d, 0xd9, 0xff, 0x27, 0x3d, 0xd9, 0xff, 0x27, 0x3d,
0xd9, 0xff, 0x27, 0x3d, 0xd9, 0xff, 0x27, 0x3d, 0xd9, 0xff, 0x27, 0x3d, 0xd9, 0xff, 0x27,
0x3d, 0xd9, 0xff, 0x27, 0x3d, 0xd9, 0xff, 0x27, 0x3d, 0xd9, 0xff, 0x27, 0x3d, 0xd9, 0xff,
0x27, 0x3d, 0xd9, 0xff, 0x27, 0x3d, 0xd9, 0xff, 0x27, 0x3d, 0xd9, 0xff, 0x27, 0x3d, 0xd9,
0xff, 0x27, 0x3d, 0xd9, 0xff, 0x27, 0x3d, 0xd9, 0xff, 0x27, 0x3d, 0xd9, 0xff, 0x27, 0x3d,
0xd9, 0xff, 0x27, 0x3d, 0xd9, 0xff, 0x27, 0x3d, 0xd9, 0xff, 0x27, 0x3d, 0xd9, 0xff, 0x27,
0x3d, 0xd9, 0xff, 0x27, 0x3e, 0xda, 0xff, 0x24, 0x39, 0xd3, 0x98, 0xff, 0xff, 0xff, 0x00,
0xff, 0xff, 0xff, 0x00, 0xff, 0xff, 0xff, 0x00, 0xff, 0xff, 0xff, 0x00, 0xff, 0xff, 0xff,
0x00, 0xff, 0xff, 0xff, 0x00, 0xff, 0xff, 0xff, 0x00, 0xff, 0xff, 0xff, 0x00, 0xff, 0xff,
0xff, 0x00, 0xff, 0xff, 0xff, 0x00, 0xff, 0xff, 0xff, 0x00, 0xff, 0xff, 0xff, 0x00, 0xff,
0xff, 0xff, 0x00, 0xff, 0xff, 0xff, 0x00, 0xff, 0xff, 0xff, 0x00, 0x26, 0x3c, 0xd8, 0xc7,
0x27, 0x3d, 0xd9, 0xff, 0x27, 0x3d, 0xd9, 0xff, 0x27, 0x3d, 0xd9, 0xff, 0x27, 0x3d, 0xd9,
0xff, 0x27, 0x3d, 0xd9, 0xff, 0x27, 0x3d, 0xd9, 0xff, 0x27, 0x3d, 0xd9, 0xff, 0x27, 0x3d,
0xd9, 0xff, 0x27, 0x3d, 0xd9, 0xff, 0x27, 0x3d, 0xd9, 0xff, 0x27, 0x3d, 0xd9, 0xff, 0x27,
0x3d, 0xd9, 0xff, 0x27, 0x3d, 0xd9, 0xff, 0x27, 0x3d, 0xd9, 0xff, 0x27, 0x3d, 0xd9, 0xff,
0x27, 0x3d, 0xd9, 0xff, 0x27, 0x3d, 0xd9, 0xff, 0x27, 0x3d, 0xd9, 0xff, 0x27, 0x3d, 0xd9,
0xff, 0x27, 0x3d, 0xd9, 0xff, 0x1b, 0x32, 0xd7, 0xff, 0x7e, 0x8b, 0xe8, 0xff, 0xff, 0xff,
0xff, 0xff, 0xfe, 0xfe, 0xfe, 0xff, 0xfe, 0xfe, 0xfe, 0xff, 0xfe, 0xfe, 0xfe, 0xff, 0xfe,
0xfe, 0xfe, 0xff, 0xff, 0xff, 0xff, 0xff, 0x98, 0xa2, 0xec, 0xff, 0x10, 0x28, 0xd5, 0xff,
0x5c, 0x6d, 0xe2, 0xff, 0xff, 0xff, 0xff, 0xff, 0xff, 0xff, 0xfe, 0xff, 0xfe, 0xfe, 0xfe,
0xff, 0xfe, 0xfe, 0xfe, 0xff, 0xfe, 0xfe, 0xfe, 0xff, 0xfe, 0xfe, 0xfe, 0xff, 0xfe, 0xfe,
0xfe, 0xff, 0xff, 0xff, 0xff, 0xff, 0x6e, 0x7c, 0xe5, 0xff, 0x0e, 0x27, 0xd5, 0xff, 0x90,
0x9c, 0xeb, 0xff, 0xff, 0xff, 0xff, 0xff, 0xfe, 0xfe, 0xfe, 0xff, 0xfe, 0xfe, 0xfe, 0xff,
0xfe, 0xfe, 0xfe, 0xff, 0xfe, 0xfe, 0xfe, 0xff, 0xfe, 0xfe, 0xfe, 0xff, 0xfe, 0xfe, 0xfe,
0xff, 0xff, 0xff, 0xff, 0xff, 0xda, 0xde, 0xf8, 0xff, 0x27, 0x3d, 0xd9, 0xff, 0x2e, 0x44,
0xda, 0xff, 0xe5, 0xe8, 0xfa, 0xff, 0xff, 0xff, 0xff, 0xff, 0xfe, 0xfe, 0xfe, 0xff, 0xfe,
0xfe, 0xfe, 0xff, 0xfe, 0xfe, 0xfe, 0xff, 0xfe, 0xfe, 0xfe, 0xff, 0xfe, 0xfe, 0xfe, 0xff,
0xfe, 0xfe, 0xfe, 0xff, 0xff, 0xff, 0xff, 0xff, 0x65, 0x75, 0xe4, 0xff, 0x0f, 0x27, 0xd5,
0xff, 0x90, 0x9b, 0xeb, 0xff, 0xff, 0xff, 0xff, 0xff, 0xfe, 0xfe, 0xfe, 0xff, 0xfe, 0xfe,
0xfe, 0xff, 0xfe, 0xfe, 0xfe, 0xff, 0xfe, 0xfe, 0xfe, 0xff, 0xff, 0xff, 0xff, 0xff, 0x75,
0x83, 0xe6, 0xff, 0x1b, 0x33, 0xd7, 0xff, 0x27, 0x3d, 0xd9, 0xff, 0x27, 0x3d, 0xd9, 0xff,
0x20, 0x37, 0xd8, 0xff, 0x4a, 0x5c, 0xdf, 0xff, 0xfa, 0xfa, 0xfd, 0xff, 0xff, 0xff, 0xfe,
0xff, 0xff, 0xff, 0xff, 0xff, 0xf2, 0xf3, 0xfc, 0xff, 0x3c, 0x51, 0xdd, 0xff, 0x22, 0x38,
0xd8, 0xff, 0x27, 0x3d, 0xd9, 0xff, 0x27, 0x3d, 0xd9, 0xff, 0x27, 0x3d, 0xd9, 0xff, 0x27,
0x3d, 0xd9, 0xff, 0x27, 0x3d, 0xd9, 0xff, 0x27, 0x3d, 0xd9, 0xff, 0x27, 0x3d, 0xd9, 0xff,
0x27, 0x3d, 0xd9, 0xff, 0x27, 0x3d, 0xd9, 0xff, 0x27, 0x3d, 0xd9, 0xff, 0x27, 0x3d, 0xd9,
0xff, 0x27, 0x3d, 0xd9, 0xff, 0x27, 0x3d, 0xd9, 0xff, 0x27, 0x3d, 0xd9, 0xff, 0x27, 0x3d,
0xd9, 0xff, 0x27, 0x3d, 0xd9, 0xff, 0x27, 0x3d, 0xd9, 0xff, 0x27, 0x3d, 0xd9, 0xff, 0x27,
0x3d, 0xd9, 0xff, 0x27, 0x3d, 0xd9, 0xff, 0x27, 0x3d, 0xd9, 0xff, 0x27, 0x3d, 0xd9, 0xff,
0x27, 0x3d, 0xd9, 0xff, 0x27, 0x3d, 0xd9, 0xff, 0x27, 0x3d, 0xd9, 0xff, 0x27, 0x3d, 0xd9,
0xff, 0x27, 0x3d, 0xd9, 0xff, 0x27, 0x3d, 0xd9, 0xff, 0x24, 0x3c, 0xd9, 0xbd, 0xff, 0xff,
0xff, 0x00, 0xff, 0xff, 0xff, 0x00, 0xff, 0xff, 0xff, 0x00, 0xff, 0xff, 0xff, 0x00, 0xff,
0xff, 0xff, 0x00, 0xff, 0xff, 0xff, 0x00, 0xff, 0xff, 0xff, 0x00, 0xff, 0xff, 0xff, 0x00,
0xff, 0xff, 0xff, 0x00, 0xff, 0xff, 0xff, 0x00, 0xff, 0xff, 0xff, 0x00, 0xff, 0xff, 0xff,
0x00, 0xff, 0xff, 0xff, 0x00, 0xff, 0xff, 0xff, 0x00, 0xff, 0xff, 0xff, 0x00, 0x27, 0x3d,
0xd9, 0xd4, 0x27, 0x3d, 0xd9, 0xff, 0x27, 0x3d, 0xd9, 0xff, 0x27, 0x3d, 0xd9, 0xff, 0x27,
0x3d, 0xd9, 0xff, 0x27, 0x3d, 0xd9, 0xff, 0x27, 0x3d, 0xd9, 0xff, 0x27, 0x3d, 0xd9, 0xff,
0x27, 0x3d, 0xd9, 0xff, 0x27, 0x3d, 0xd9, 0xff, 0x27, 0x3d, 0xd9, 0xff, 0x27, 0x3d, 0xd9,
0xff, 0x27, 0x3d, 0xd9, 0xff, 0x27, 0x3d, 0xd9, 0xff, 0x27, 0x3d, 0xd9, 0xff, 0x27, 0x3d,
0xd9, 0xff, 0x27, 0x3d, 0xd9, 0xff, 0x27, 0x3d, 0xd9, 0xff, 0x27, 0x3d, 0xd9, 0xff, 0x27,
0x3d, 0xd9, 0xff, 0x27, 0x3d, 0xd9, 0xff, 0x1b, 0x32, 0xd7, 0xff, 0x7e, 0x8b, 0xe8, 0xff,
0xff, 0xff, 0xff, 0xff, 0xfe, 0xfe, 0xfe, 0xff, 0xfe, 0xfe, 0xfe, 0xff, 0xfe, 0xfe, 0xfe,
0xff, 0xfe, 0xfe, 0xfe, 0xff, 0xff, 0xff, 0xff, 0xff, 0x98, 0xa2, 0xec, 0xff, 0x10, 0x28,
0xd5, 0xff, 0x5c, 0x6d, 0xe2, 0xff, 0xff, 0xff, 0xff, 0xff, 0xff, 0xff, 0xfe, 0xff, 0xfe,
0xfe, 0xfe, 0xff, 0xfe, 0xfe, 0xfe, 0xff, 0xfe, 0xfe, 0xfe, 0xff, 0xfe, 0xfe, 0xfe, 0xff,
0xfe, 0xfe, 0xfe, 0xff, 0xff, 0xff, 0xff, 0xff, 0x6e, 0x7c, 0xe5, 0xff, 0x0e, 0x27, 0xd5,
0xff, 0x90, 0x9c, 0xeb, 0xff, 0xff, 0xff, 0xff, 0xff, 0xfe, 0xfe, 0xfe, 0xff, 0xfe, 0xfe,
0xfe, 0xff, 0xfe, 0xfe, 0xfe, 0xff, 0xfe, 0xfe, 0xfe, 0xff, 0xfe, 0xfe, 0xfe, 0xff, 0xfe,
0xfe, 0xfe, 0xff, 0xff, 0xff, 0xff, 0xff, 0xda, 0xde, 0xf8, 0xff, 0x27, 0x3d, 0xd9, 0xff,
0x2e, 0x44, 0xda, 0xff, 0xe5, 0xe8, 0xfa, 0xff, 0xff, 0xff, 0xff, 0xff, 0xfe, 0xfe, 0xfe,
0xff, 0xfe, 0xfe, 0xfe, 0xff, 0xfe, 0xfe, 0xfe, 0xff, 0xfe, 0xfe, 0xfe, 0xff, 0xfe, 0xfe,
0xfe, 0xff, 0xfe, 0xfe, 0xfe, 0xff, 0xff, 0xff, 0xff, 0xff, 0x65, 0x75, 0xe4, 0xff, 0x0f,
0x27, 0xd5, 0xff, 0x90, 0x9b, 0xeb, 0xff, 0xff, 0xff, 0xff, 0xff, 0xfe, 0xfe, 0xfe, 0xff,
0xfe, 0xfe, 0xfe, 0xff, 0xfe, 0xfe, 0xfe, 0xff, 0xfe, 0xfe, 0xfe, 0xff, 0xff, 0xff, 0xff,
0xff, 0x75, 0x83, 0xe6, 0xff, 0x1b, 0x33, 0xd7, 0xff, 0x27, 0x3d, 0xd9, 0xff, 0x27, 0x3d,
0xd9, 0xff, 0x20, 0x37, 0xd8, 0xff, 0x4a, 0x5c, 0xdf, 0xff, 0xfa, 0xfa, 0xfd, 0xff, 0xff,
0xff, 0xfe, 0xff, 0xff, 0xff, 0xff, 0xff, 0xf3, 0xf4, 0xfc, 0xff, 0x3e, 0x52, 0xdd, 0xff,
0x22, 0x38, 0xd8, 0xff, 0x27, 0x3d, 0xd9, 0xff, 0x27, 0x3d, 0xd9, 0xff, 0x27, 0x3d, 0xd9,
0xff, 0x27, 0x3d, 0xd9, 0xff, 0x27, 0x3d, 0xd9, 0xff, 0x27, 0x3d, 0xd9, 0xff, 0x27, 0x3d,
0xd9, 0xff, 0x27, 0x3d, 0xd9, 0xff, 0x27, 0x3d, 0xd9, 0xff, 0x27, 0x3d, 0xd9, 0xff, 0x27,
0x3d, 0xd9, 0xff, 0x27, 0x3d, 0xd9, 0xff, 0x27, 0x3d, 0xd9, 0xff, 0x27, 0x3d, 0xd9, 0xff,
0x27, 0x3d, 0xd9, 0xff, 0x27, 0x3d, 0xd9, 0xff, 0x27, 0x3d, 0xd9, 0xff, 0x27, 0x3d, 0xd9,
0xff, 0x27, 0x3d, 0xd9, 0xff, 0x27, 0x3d, 0xd9, 0xff, 0x27, 0x3d, 0xd9, 0xff, 0x27, 0x3d,
0xd9, 0xff, 0x27, 0x3d, 0xd9, 0xff, 0x27, 0x3d, 0xd9, 0xff, 0x27, 0x3d, 0xd9, 0xff, 0x27,
0x3d, 0xd9, 0xff, 0x27, 0x3d, 0xd9, 0xff, 0x27, 0x3d, 0xd9, 0xff, 0x27, 0x3d, 0xd9, 0xd7,
0xff, 0xff, 0xff, 0x00, 0xff, 0xff, 0xff, 0x00, 0xff, 0xff, 0xff, 0x00, 0xff, 0xff, 0xff,
0x00, 0xff, 0xff, 0xff, 0x00, 0xff, 0xff, 0xff, 0x00, 0xff, 0xff, 0xff, 0x00, 0xff, 0xff,
0xff, 0x00, 0xff, 0xff, 0xff, 0x00, 0xff, 0xff, 0xff, 0x00, 0xff, 0xff, 0xff, 0x00, 0xff,
0xff, 0xff, 0x00, 0xff, 0xff, 0xff, 0x00, 0xff, 0xff, 0xff, 0x00, 0xff, 0xff, 0xff, 0x00,
0x27, 0x3d, 0xd9, 0xdb, 0x27, 0x3d, 0xd9, 0xff, 0x27, 0x3d, 0xd9, 0xff, 0x27, 0x3d, 0xd9,
0xff, 0x27, 0x3d, 0xd9, 0xff, 0x27, 0x3d, 0xd9, 0xff, 0x27, 0x3d, 0xd9, 0xff, 0x27, 0x3d,
0xd9, 0xff, 0x27, 0x3d, 0xd9, 0xff, 0x27, 0x3d, 0xd9, 0xff, 0x27, 0x3d, 0xd9, 0xff, 0x27,
0x3d, 0xd9, 0xff, 0x27, 0x3d, 0xd9, 0xff, 0x27, 0x3d, 0xd9, 0xff, 0x27, 0x3d, 0xd9, 0xff,
0x27, 0x3d, 0xd9, 0xff, 0x27, 0x3d, 0xd9, 0xff, 0x27, 0x3d, 0xd9, 0xff, 0x27, 0x3d, 0xd9,
0xff, 0x27, 0x3d, 0xd9, 0xff, 0x27, 0x3d, 0xd9, 0xff, 0x1b, 0x32, 0xd7, 0xff, 0x7e, 0x8b,
0xe8, 0xff, 0xff, 0xff, 0xff, 0xff, 0xfe, 0xfe, 0xfe, 0xff, 0xfe, 0xfe, 0xfe, 0xff, 0xfe,
0xfe, 0xfe, 0xff, 0xfe, 0xfe, 0xfe, 0xff, 0xff, 0xff, 0xff, 0xff, 0x98, 0xa2, 0xec, 0xff,
0x10, 0x28, 0xd5, 0xff, 0x5c, 0x6d, 0xe2, 0xff, 0xff, 0xff, 0xff, 0xff, 0xff, 0xff, 0xfe,
0xff, 0xfe, 0xfe, 0xfe, 0xff, 0xfe, 0xfe, 0xfe, 0xff, 0xfe, 0xfe, 0xfe, 0xff, 0xfe, 0xfe,
0xfe, 0xff, 0xfe, 0xfe, 0xfe, 0xff, 0xff, 0xff, 0xff, 0xff, 0x6e, 0x7c, 0xe5, 0xff, 0x0e,
0x27, 0xd5, 0xff, 0x90, 0x9c, 0xeb, 0xff, 0xff, 0xff, 0xff, 0xff, 0xfe, 0xfe, 0xfe, 0xff,
0xfe, 0xfe, 0xfe, 0xff, 0xfe, 0xfe, 0xfe, 0xff, 0xfe, 0xfe, 0xfe, 0xff, 0xfe, 0xfe, 0xfe,
0xff, 0xfe, 0xfe, 0xfe, 0xff, 0xff, 0xff, 0xff, 0xff, 0xda, 0xde, 0xf8, 0xff, 0x27, 0x3d,
0xd9, 0xff, 0x2e, 0x44, 0xda, 0xff, 0xe5, 0xe8, 0xfa, 0xff, 0xff, 0xff, 0xff, 0xff, 0xfe,
0xfe, 0xfe, 0xff, 0xfe, 0xfe, 0xfe, 0xff, 0xfe, 0xfe, 0xfe, 0xff, 0xfe, 0xfe, 0xfe, 0xff,
0xfe, 0xfe, 0xfe, 0xff, 0xfe, 0xfe, 0xfe, 0xff, 0xff, 0xff, 0xff, 0xff, 0x65, 0x75, 0xe4,
0xff, 0x0f, 0x27, 0xd5, 0xff, 0x90, 0x9b, 0xeb, 0xff, 0xff, 0xff, 0xff, 0xff, 0xfe, 0xfe,
0xfe, 0xff, 0xfe, 0xfe, 0xfe, 0xff, 0xfe, 0xfe, 0xfe, 0xff, 0xfe, 0xfe, 0xfe, 0xff, 0xff,
0xff, 0xff, 0xff, 0x75, 0x83, 0xe6, 0xff, 0x1b, 0x33, 0xd7, 0xff, 0x27, 0x3d, 0xd9, 0xff,
0x27, 0x3d, 0xd9, 0xff, 0x20, 0x37, 0xd8, 0xff, 0x4a, 0x5c, 0xdf, 0xff, 0xfa, 0xfa, 0xfd,
0xff, 0xff, 0xff, 0xfe, 0xff, 0xff, 0xff, 0xff, 0xff, 0xf3, 0xf4, 0xfc, 0xff, 0x3e, 0x52,
0xdd, 0xff, 0x22, 0x38, 0xd8, 0xff, 0x27, 0x3d, 0xd9, 0xff, 0x27, 0x3d, 0xd9, 0xff, 0x27,
0x3d, 0xd9, 0xff, 0x27, 0x3d, 0xd9, 0xff, 0x27, 0x3d, 0xd9, 0xff, 0x27, 0x3d, 0xd9, 0xff,
0x27, 0x3d, 0xd9, 0xff, 0x27, 0x3d, 0xd9, 0xff, 0x27, 0x3d, 0xd9, 0xff, 0x27, 0x3d, 0xd9,
0xff, 0x27, 0x3d, 0xd9, 0xff, 0x27, 0x3d, 0xd9, 0xff, 0x27, 0x3d, 0xd9, 0xff, 0x27, 0x3d,
0xd9, 0xff, 0x27, 0x3d, 0xd9, 0xff, 0x27, 0x3d, 0xd9, 0xff, 0x27, 0x3d, 0xd9, 0xff, 0x27,
0x3d, 0xd9, 0xff, 0x27, 0x3d, 0xd9, 0xff, 0x27, 0x3d, 0xd9, 0xff, 0x27, 0x3d, 0xd9, 0xff,
0x27, 0x3d, 0xd9, 0xff, 0x27, 0x3d, 0xd9, 0xff, 0x27, 0x3d, 0xd9, 0xff, 0x27, 0x3d, 0xd9,
0xff, 0x27, 0x3d, 0xd9, 0xff, 0x27, 0x3d, 0xd9, 0xff, 0x27, 0x3d, 0xd9, 0xff, 0x27, 0x3d,
0xd9, 0xe9, 0xff, 0xff, 0xff, 0x00, 0xff, 0xff, 0xff, 0x00, 0xff, 0xff, 0xff, 0x00, 0xff,
0xff, 0xff, 0x00, 0xff, 0xff, 0xff, 0x00, 0xff, 0xff, 0xff, 0x00, 0xff, 0xff, 0xff, 0x00,
0xff, 0xff, 0xff, 0x00, 0xff, 0xff, 0xff, 0x00, 0xff, 0xff, 0xff, 0x00, 0xff, 0xff, 0xff,
0x00, 0xff, 0xff, 0xff, 0x00, 0xff, 0xff, 0xff, 0x00, 0xff, 0xff, 0xff, 0x00, 0xff, 0xff,
0xff, 0x00, 0x27, 0x3d, 0xd9, 0xdc, 0x27, 0x3d, 0xd9, 0xff, 0x27, 0x3d, 0xd9, 0xff, 0x27,
0x3d, 0xd9, 0xff, 0x27, 0x3d, 0xd9, 0xff, 0x27, 0x3d, 0xd9, 0xff, 0x27, 0x3d, 0xd9, 0xff,
0x27, 0x3d, 0xd9, 0xff, 0x27, 0x3d, 0xd9, 0xff, 0x27, 0x3d, 0xd9, 0xff, 0x27, 0x3d, 0xd9,
0xff, 0x27, 0x3d, 0xd9, 0xff, 0x27, 0x3d, 0xd9, 0xff, 0x27, 0x3d, 0xd9, 0xff, 0x27, 0x3d,
0xd9, 0xff, 0x27, 0x3d, 0xd9, 0xff, 0x27, 0x3d, 0xd9, 0xff, 0x27, 0x3d, 0xd9, 0xff, 0x27,
0x3d, 0xd9, 0xff, 0x27, 0x3d, 0xd9, 0xff, 0x27, 0x3d, 0xd9, 0xff, 0x1b, 0x32, 0xd7, 0xff,
0x7e, 0x8b, 0xe8, 0xff, 0xff, 0xff, 0xff, 0xff, 0xfe, 0xfe, 0xfe, 0xff, 0xfe, 0xfe, 0xfe,
0xff, 0xfe, 0xfe, 0xfe, 0xff, 0xfe, 0xfe, 0xfe, 0xff, 0xff, 0xff, 0xff, 0xff, 0x98, 0xa2,
0xec, 0xff, 0x10, 0x28, 0xd5, 0xff, 0x5c, 0x6d, 0xe2, 0xff, 0xff, 0xff, 0xff, 0xff, 0xff,
0xff, 0xfe, 0xff, 0xfe, 0xfe, 0xfe, 0xff, 0xfe, 0xfe, 0xfe, 0xff, 0xfe, 0xfe, 0xfe, 0xff,
0xfe, 0xfe, 0xfe, 0xff, 0xfe, 0xfe, 0xfe, 0xff, 0xff, 0xff, 0xff, 0xff, 0x6e, 0x7c, 0xe5,
0xff, 0x0e, 0x27, 0xd5, 0xff, 0x90, 0x9c, 0xeb, 0xff, 0xff, 0xff, 0xff, 0xff, 0xfe, 0xfe,
0xfe, 0xff, 0xfe, 0xfe, 0xfe, 0xff, 0xfe, 0xfe, 0xfe, 0xff, 0xfe, 0xfe, 0xfe, 0xff, 0xfe,
0xfe, 0xfe, 0xff, 0xfe, 0xfe, 0xfe, 0xff, 0xff, 0xff, 0xff, 0xff, 0xda, 0xde, 0xf8, 0xff,
0x27, 0x3d, 0xd9, 0xff, 0x2e, 0x44, 0xda, 0xff, 0xe5, 0xe8, 0xfa, 0xff, 0xff, 0xff, 0xff,
0xff, 0xfe, 0xfe, 0xfe, 0xff, 0xfe, 0xfe, 0xfe, 0xff, 0xfe, 0xfe, 0xfe, 0xff, 0xfe, 0xfe,
0xfe, 0xff, 0xfe, 0xfe, 0xfe, 0xff, 0xfe, 0xfe, 0xfe, 0xff, 0xff, 0xff, 0xff, 0xff, 0x65,
0x75, 0xe4, 0xff, 0x0f, 0x27, 0xd5, 0xff, 0x90, 0x9b, 0xeb, 0xff, 0xff, 0xff, 0xff, 0xff,
0xfe, 0xfe, 0xfe, 0xff, 0xfe, 0xfe, 0xfe, 0xff, 0xfe, 0xfe, 0xfe, 0xff, 0xfe, 0xfe, 0xfe,
0xff, 0xff, 0xff, 0xff, 0xff, 0x75, 0x83, 0xe6, 0xff, 0x1b, 0x33, 0xd7, 0xff, 0x27, 0x3d,
0xd9, 0xff, 0x27, 0x3d, 0xd9, 0xff, 0x20, 0x37, 0xd8, 0xff, 0x4a, 0x5c, 0xdf, 0xff, 0xfa,
0xfa, 0xfd, 0xff, 0xff, 0xff, 0xfe, 0xff, 0xff, 0xff, 0xff, 0xff, 0xf3, 0xf4, 0xfc, 0xff,
0x3e, 0x52, 0xdd, 0xff, 0x22, 0x38, 0xd8, 0xff, 0x27, 0x3d, 0xd9, 0xff, 0x27, 0x3d, 0xd9,
0xff, 0x27, 0x3d, 0xd9, 0xff, 0x27, 0x3d, 0xd9, 0xff, 0x27, 0x3d, 0xd9, 0xff, 0x27, 0x3d,
0xd9, 0xff, 0x27, 0x3d, 0xd9, 0xff, 0x27, 0x3d, 0xd9, 0xff, 0x27, 0x3d, 0xd9, 0xff, 0x27,
0x3d, 0xd9, 0xff, 0x27, 0x3d, 0xd9, 0xff, 0x27, 0x3d, 0xd9, 0xff, 0x27, 0x3d, 0xd9, 0xff,
0x27, 0x3d, 0xd9, 0xff, 0x27, 0x3d, 0xd9, 0xff, 0x27, 0x3d, 0xd9, 0xff, 0x27, 0x3d, 0xd9,
0xff, 0x27, 0x3d, 0xd9, 0xff, 0x27, 0x3d, 0xd9, 0xff, 0x27, 0x3d, 0xd9, 0xff, 0x27, 0x3d,
0xd9, 0xff, 0x27, 0x3d, 0xd9, 0xff, 0x27, 0x3d, 0xd9, 0xff, 0x27, 0x3d, 0xd9, 0xff, 0x27,
0x3d, 0xd9, 0xff, 0x27, 0x3d, 0xd9, 0xff, 0x27, 0x3d, 0xd9, 0xff, 0x27, 0x3d, 0xd9, 0xff,
0x27, 0x3d, 0xd9, 0xee, 0xff, 0xff, 0xff, 0x00, 0xff, 0xff, 0xff, 0x00, 0xff, 0xff, 0xff,
0x00, 0xff, 0xff, 0xff, 0x00, 0xff, 0xff, 0xff, 0x00, 0xff, 0xff, 0xff, 0x00, 0xff, 0xff,
0xff, 0x00, 0xff, 0xff, 0xff, 0x00, 0xff, 0xff, 0xff, 0x00, 0xff, 0xff, 0xff, 0x00, 0xff,
0xff, 0xff, 0x00, 0xff, 0xff, 0xff, 0x00, 0xff, 0xff, 0xff, 0x00, 0xff, 0xff, 0xff, 0x00,
0xff, 0xff, 0xff, 0x00, 0x27, 0x3d, 0xd9, 0xdc, 0x27, 0x3d, 0xd9, 0xff, 0x27, 0x3d, 0xd9,
0xff, 0x27, 0x3d, 0xd9, 0xff, 0x27, 0x3d, 0xd9, 0xff, 0x27, 0x3d, 0xd9, 0xff, 0x27, 0x3d,
0xd9, 0xff, 0x27, 0x3d, 0xd9, 0xff, 0x27, 0x3d, 0xd9, 0xff, 0x27, 0x3d, 0xd9, 0xff, 0x27,
0x3d, 0xd9, 0xff, 0x27, 0x3d, 0xd9, 0xff, 0x27, 0x3d, 0xd9, 0xff, 0x27, 0x3d, 0xd9, 0xff,
0x27, 0x3d, 0xd9, 0xff, 0x27, 0x3d, 0xd9, 0xff, 0x27, 0x3d, 0xd9, 0xff, 0x27, 0x3d, 0xd9,
0xff, 0x27, 0x3d, 0xd9, 0xff, 0x27, 0x3d, 0xd9, 0xff, 0x27, 0x3d, 0xd9, 0xff, 0x1b, 0x32,
0xd7, 0xff, 0x7e, 0x8b, 0xe8, 0xff, 0xff, 0xff, 0xff, 0xff, 0xfe, 0xfe, 0xfe, 0xff, 0xfe,
0xfe, 0xfe, 0xff, 0xfe, 0xfe, 0xfe, 0xff, 0xfe, 0xfe, 0xfe, 0xff, 0xff, 0xff, 0xff, 0xff,
0x98, 0xa2, 0xec, 0xff, 0x10, 0x28, 0xd5, 0xff, 0x5c, 0x6d, 0xe2, 0xff, 0xff, 0xff, 0xff,
0xff, 0xff, 0xff, 0xfe, 0xff, 0xfe, 0xfe, 0xfe, 0xff, 0xfe, 0xfe, 0xfe, 0xff, 0xfe, 0xfe,
0xfe, 0xff, 0xfe, 0xfe, 0xfe, 0xff, 0xfe, 0xfe, 0xfe, 0xff, 0xff, 0xff, 0xff, 0xff, 0x6e,
0x7c, 0xe5, 0xff, 0x0e, 0x27, 0xd5, 0xff, 0x90, 0x9c, 0xeb, 0xff, 0xff, 0xff, 0xff, 0xff,
0xfe, 0xfe, 0xfe, 0xff, 0xfe, 0xfe, 0xfe, 0xff, 0xfe, 0xfe, 0xfe, 0xff, 0xfe, 0xfe, 0xfe,
0xff, 0xfe, 0xfe, 0xfe, 0xff, 0xfe, 0xfe, 0xfe, 0xff, 0xff, 0xff, 0xff, 0xff, 0xda, 0xde,
0xf8, 0xff, 0x27, 0x3d, 0xd9, 0xff, 0x2e, 0x44, 0xda, 0xff, 0xe5, 0xe8, 0xfa, 0xff, 0xff,
0xff, 0xff, 0xff, 0xfe, 0xfe, 0xfe, 0xff, 0xfe, 0xfe, 0xfe, 0xff, 0xfe, 0xfe, 0xfe, 0xff,
0xfe, 0xfe, 0xfe, 0xff, 0xfe, 0xfe, 0xfe, 0xff, 0xfe, 0xfe, 0xfe, 0xff, 0xff, 0xff, 0xff,
0xff, 0x65, 0x75, 0xe4, 0xff, 0x0f, 0x27, 0xd5, 0xff, 0x90, 0x9b, 0xeb, 0xff, 0xff, 0xff,
0xff, 0xff, 0xfe, 0xfe, 0xfe, 0xff, 0xfe, 0xfe, 0xfe, 0xff, 0xfe, 0xfe, 0xfe, 0xff, 0xfe,
0xfe, 0xfe, 0xff, 0xff, 0xff, 0xff, 0xff, 0x75, 0x83, 0xe6, 0xff, 0x1b, 0x33, 0xd7, 0xff,
0x27, 0x3d, 0xd9, 0xff, 0x27, 0x3d, 0xd9, 0xff, 0x20, 0x37, 0xd8, 0xff, 0x4a, 0x5c, 0xdf,
0xff, 0xfa, 0xfa, 0xfd, 0xff, 0xff, 0xff, 0xfe, 0xff, 0xff, 0xff, 0xff, 0xff, 0xf3, 0xf4,
0xfc, 0xff, 0x3e, 0x52, 0xdd, 0xff, 0x22, 0x38, 0xd8, 0xff, 0x27, 0x3d, 0xd9, 0xff, 0x27,
0x3d, 0xd9, 0xff, 0x27, 0x3d, 0xd9, 0xff, 0x27, 0x3d, 0xd9, 0xff, 0x27, 0x3d, 0xd9, 0xff,
0x27, 0x3d, 0xd9, 0xff, 0x27, 0x3d, 0xd9, 0xff, 0x27, 0x3d, 0xd9, 0xff, 0x27, 0x3d, 0xd9,
0xff, 0x27, 0x3d, 0xd9, 0xff, 0x27, 0x3d, 0xd9, 0xff, 0x27, 0x3d, 0xd9, 0xff, 0x27, 0x3d,
0xd9, 0xff, 0x27, 0x3d, 0xd9, 0xff, 0x27, 0x3d, 0xd9, 0xff, 0x27, 0x3d, 0xd9, 0xff, 0x27,
0x3d, 0xd9, 0xff, 0x27, 0x3d, 0xd9, 0xff, 0x27, 0x3d, 0xd9, 0xff, 0x27, 0x3d, 0xd9, 0xff,
0x27, 0x3d, 0xd9, 0xff, 0x27, 0x3d, 0xd9, 0xff, 0x27, 0x3d, 0xd9, 0xff, 0x27, 0x3d, 0xd9,
0xff, 0x27, 0x3d, 0xd9, 0xff, 0x27, 0x3d, 0xd9, 0xff, 0x27, 0x3d, 0xd9, 0xff, 0x27, 0x3d,
0xd9, 0xff, 0x27, 0x3d, 0xd9, 0xed, 0xff, 0xff, 0xff, 0x00, 0xff, 0xff, 0xff, 0x00, 0xff,
0xff, 0xff, 0x00, 0xff, 0xff, 0xff, 0x00, 0xff, 0xff, 0xff, 0x00, 0xff, 0xff, 0xff, 0x00,
0xff, 0xff, 0xff, 0x00, 0xff, 0xff, 0xff, 0x00, 0xff, 0xff, 0xff, 0x00, 0xff, 0xff, 0xff,
0x00, 0xff, 0xff, 0xff, 0x00, 0xff, 0xff, 0xff, 0x00, 0xff, 0xff, 0xff, 0x00, 0xff, 0xff,
0xff, 0x00, 0xff, 0xff, 0xff, 0x00, 0x27, 0x3d, 0xd9, 0xdc, 0x27, 0x3d, 0xd9, 0xff, 0x27,
0x3d, 0xd9, 0xff, 0x27, 0x3d, 0xd9, 0xff, 0x27, 0x3d, 0xd9, 0xff, 0x27, 0x3d, 0xd9, 0xff,
0x27, 0x3d, 0xd9, 0xff, 0x27, 0x3d, 0xd9, 0xff, 0x27, 0x3d, 0xd9, 0xff, 0x27, 0x3d, 0xd9,
0xff, 0x27, 0x3d, 0xd9, 0xff, 0x27, 0x3d, 0xd9, 0xff, 0x27, 0x3d, 0xd9, 0xff, 0x27, 0x3d,
0xd9, 0xff, 0x27, 0x3d, 0xd9, 0xff, 0x27, 0x3d, 0xd9, 0xff, 0x27, 0x3d, 0xd9, 0xff, 0x27,
0x3d, 0xd9, 0xff, 0x27, 0x3d, 0xd9, 0xff, 0x27, 0x3d, 0xd9, 0xff, 0x27, 0x3d, 0xd9, 0xff,
0x1b, 0x32, 0xd7, 0xff, 0x7e, 0x8b, 0xe8, 0xff, 0xff, 0xff, 0xff, 0xff, 0xfe, 0xfe, 0xfe,
0xff, 0xfe, 0xfe, 0xfe, 0xff, 0xfe, 0xfe, 0xfe, 0xff, 0xfe, 0xfe, 0xfe, 0xff, 0xff, 0xff,
0xff, 0xff, 0x98, 0xa2, 0xec, 0xff, 0x10, 0x28, 0xd5, 0xff, 0x5c, 0x6d, 0xe2, 0xff, 0xff,
0xff, 0xff, 0xff, 0xff, 0xff, 0xfe, 0xff, 0xfe, 0xfe, 0xfe, 0xff, 0xfe, 0xfe, 0xfe, 0xff,
0xfe, 0xfe, 0xfe, 0xff, 0xfe, 0xfe, 0xfe, 0xff, 0xfe, 0xfe, 0xfe, 0xff, 0xff, 0xff, 0xff,
0xff, 0x6e, 0x7c, 0xe5, 0xff, 0x0e, 0x27, 0xd5, 0xff, 0x90, 0x9c, 0xeb, 0xff, 0xff, 0xff,
0xff, 0xff, 0xfe, 0xfe, 0xfe, 0xff, 0xfe, 0xfe, 0xfe, 0xff, 0xfe, 0xfe, 0xfe, 0xff, 0xfe,
0xfe, 0xfe, 0xff, 0xfe, 0xfe, 0xfe, 0xff, 0xfe, 0xfe, 0xfe, 0xff, 0xff, 0xff, 0xff, 0xff,
0xda, 0xde, 0xf8, 0xff, 0x27, 0x3d, 0xd9, 0xff, 0x2e, 0x44, 0xda, 0xff, 0xe5, 0xe8, 0xfa,
0xff, 0xff, 0xff, 0xff, 0xff, 0xfe, 0xfe, 0xfe, 0xff, 0xfe, 0xfe, 0xfe, 0xff, 0xfe, 0xfe,
0xfe, 0xff, 0xfe, 0xfe, 0xfe, 0xff, 0xfe, 0xfe, 0xfe, 0xff, 0xfe, 0xfe, 0xfe, 0xff, 0xff,
0xff, 0xff, 0xff, 0x65, 0x75, 0xe4, 0xff, 0x0f, 0x27, 0xd5, 0xff, 0x90, 0x9b, 0xeb, 0xff,
0xff, 0xff, 0xff, 0xff, 0xfe, 0xfe, 0xfe, 0xff, 0xfe, 0xfe, 0xfe, 0xff, 0xfe, 0xfe, 0xfe,
0xff, 0xfe, 0xfe, 0xfe, 0xff, 0xff, 0xff, 0xff, 0xff, 0x75, 0x83, 0xe6, 0xff, 0x1b, 0x33,
0xd7, 0xff, 0x27, 0x3d, 0xd9, 0xff, 0x27, 0x3d, 0xd9, 0xff, 0x20, 0x37, 0xd8, 0xff, 0x4a,
0x5c, 0xdf, 0xff, 0xfa, 0xfa, 0xfd, 0xff, 0xff, 0xff, 0xfe, 0xff, 0xff, 0xff, 0xff, 0xff,
0xf3, 0xf4, 0xfc, 0xff, 0x3e, 0x52, 0xdd, 0xff, 0x22, 0x38, 0xd8, 0xff, 0x27, 0x3d, 0xd9,
0xff, 0x27, 0x3d, 0xd9, 0xff, 0x27, 0x3d, 0xd9, 0xff, 0x27, 0x3d, 0xd9, 0xff, 0x27, 0x3d,
0xd9, 0xff, 0x27, 0x3d, 0xd9, 0xff, 0x27, 0x3d, 0xd9, 0xff, 0x27, 0x3d, 0xd9, 0xff, 0x27,
0x3d, 0xd9, 0xff, 0x27, 0x3d, 0xd9, 0xff, 0x27, 0x3d, 0xd9, 0xff, 0x27, 0x3d, 0xd9, 0xff,
0x27, 0x3d, 0xd9, 0xff, 0x27, 0x3d, 0xd9, 0xff, 0x27, 0x3d, 0xd9, 0xff, 0x27, 0x3d, 0xd9,
0xff, 0x27, 0x3d, 0xd9, 0xff, 0x27, 0x3d, 0xd9, 0xff, 0x27, 0x3d, 0xd9, 0xff, 0x27, 0x3d,
0xd9, 0xff, 0x27, 0x3d, 0xd9, 0xff, 0x27, 0x3d, 0xd9, 0xff, 0x27, 0x3d, 0xd9, 0xff, 0x27,
0x3d, 0xd9, 0xff, 0x27, 0x3d, 0xd9, 0xff, 0x27, 0x3d, 0xd9, 0xff, 0x27, 0x3d, 0xd9, 0xff,
0x27, 0x3d, 0xd9, 0xff, 0x27, 0x3d, 0xd9, 0xed, 0xff, 0xff, 0xff, 0x00, 0xff, 0xff, 0xff,
0x00, 0xff, 0xff, 0xff, 0x00, 0xff, 0xff, 0xff, 0x00, 0xff, 0xff, 0xff, 0x00, 0xff, 0xff,
0xff, 0x00, 0xff, 0xff, 0xff, 0x00, 0xff, 0xff, 0xff, 0x00, 0xff, 0xff, 0xff, 0x00, 0xff,
0xff, 0xff, 0x00, 0xff, 0xff, 0xff, 0x00, 0xff, 0xff, 0xff, 0x00, 0xff, 0xff, 0xff, 0x00,
0xff, 0xff, 0xff, 0x00, 0xff, 0xff, 0xff, 0x00, 0x27, 0x3d, 0xd9, 0xdc, 0x27, 0x3d, 0xd9,
0xff, 0x27, 0x3d, 0xd9, 0xff, 0x27, 0x3d, 0xd9, 0xff, 0x27, 0x3d, 0xd9, 0xff, 0x27, 0x3d,
0xd9, 0xff, 0x27, 0x3d, 0xd9, 0xff, 0x27, 0x3d, 0xd9, 0xff, 0x27, 0x3d, 0xd9, 0xff, 0x27,
0x3d, 0xd9, 0xff, 0x27, 0x3d, 0xd9, 0xff, 0x27, 0x3d, 0xd9, 0xff, 0x27, 0x3d, 0xd9, 0xff,
0x27, 0x3d, 0xd9, 0xff, 0x27, 0x3d, 0xd9, 0xff, 0x27, 0x3d, 0xd9, 0xff, 0x27, 0x3d, 0xd9,
0xff, 0x27, 0x3d, 0xd9, 0xff, 0x27, 0x3d, 0xd9, 0xff, 0x27, 0x3d, 0xd9, 0xff, 0x27, 0x3d,
0xd9, 0xff, 0x1b, 0x32, 0xd7, 0xff, 0x7e, 0x8b, 0xe8, 0xff, 0xff, 0xff, 0xff, 0xff, 0xfe,
0xfe, 0xfe, 0xff, 0xfe, 0xfe, 0xfe, 0xff, 0xfe, 0xfe, 0xfe, 0xff, 0xfe, 0xfe, 0xfe, 0xff,
0xff, 0xff, 0xff, 0xff, 0x98, 0xa2, 0xec, 0xff, 0x10, 0x28, 0xd5, 0xff, 0x5c, 0x6d, 0xe2,
0xff, 0xff, 0xff, 0xff, 0xff, 0xff, 0xff, 0xfe, 0xff, 0xfe, 0xfe, 0xfe, 0xff, 0xfe, 0xfe,
0xfe, 0xff, 0xfe, 0xfe, 0xfe, 0xff, 0xfe, 0xfe, 0xfe, 0xff, 0xfe, 0xfe, 0xfe, 0xff, 0xff,
0xff, 0xff, 0xff, 0x6e, 0x7c, 0xe5, 0xff, 0x0e, 0x27, 0xd5, 0xff, 0x90, 0x9c, 0xeb, 0xff,
0xff, 0xff, 0xff, 0xff, 0xfe, 0xfe, 0xfe, 0xff, 0xfe, 0xfe, 0xfe, 0xff, 0xfe, 0xfe, 0xfe,
0xff, 0xfe, 0xfe, 0xfe, 0xff, 0xfe, 0xfe, 0xfe, 0xff, 0xfe, 0xfe, 0xfe, 0xff, 0xff, 0xff,
0xff, 0xff, 0xda, 0xde, 0xf8, 0xff, 0x27, 0x3d, 0xd9, 0xff, 0x2e, 0x44, 0xda, 0xff, 0xe5,
0xe8, 0xfa, 0xff, 0xff, 0xff, 0xff, 0xff, 0xfe, 0xfe, 0xfe, 0xff, 0xfe, 0xfe, 0xfe, 0xff,
0xfe, 0xfe, 0xfe, 0xff, 0xfe, 0xfe, 0xfe, 0xff, 0xfe, 0xfe, 0xfe, 0xff, 0xfe, 0xfe, 0xfe,
0xff, 0xff, 0xff, 0xff, 0xff, 0x65, 0x75, 0xe4, 0xff, 0x0f, 0x27, 0xd5, 0xff, 0x90, 0x9b,
0xeb, 0xff, 0xff, 0xff, 0xff, 0xff, 0xfe, 0xfe, 0xfe, 0xff, 0xfe, 0xfe, 0xfe, 0xff, 0xfe,
0xfe, 0xfe, 0xff, 0xfe, 0xfe, 0xfe, 0xff, 0xff, 0xff, 0xff, 0xff, 0x75, 0x83, 0xe6, 0xff,
0x1b, 0x33, 0xd7, 0xff, 0x27, 0x3d, 0xd9, 0xff, 0x27, 0x3d, 0xd9, 0xff, 0x20, 0x37, 0xd8,
0xff, 0x4a, 0x5c, 0xdf, 0xff, 0xfa, 0xfa, 0xfd, 0xff, 0xff, 0xff, 0xfe, 0xff, 0xff, 0xff,
0xff, 0xff, 0xf3, 0xf4, 0xfc, 0xff, 0x3e, 0x52, 0xdd, 0xff, 0x22, 0x38, 0xd8, 0xff, 0x27,
0x3d, 0xd9, 0xff, 0x27, 0x3d, 0xd9, 0xff, 0x27, 0x3d, 0xd9, 0xff, 0x27, 0x3d, 0xd9, 0xff,
0x27, 0x3d, 0xd9, 0xff, 0x27, 0x3d, 0xd9, 0xff, 0x27, 0x3d, 0xd9, 0xff, 0x27, 0x3d, 0xd9,
0xff, 0x27, 0x3d, 0xd9, 0xff, 0x27, 0x3d, 0xd9, 0xff, 0x27, 0x3d, 0xd9, 0xff, 0x27, 0x3d,
0xd9, 0xff, 0x27, 0x3d, 0xd9, 0xff, 0x27, 0x3d, 0xd9, 0xff, 0x27, 0x3d, 0xd9, 0xff, 0x27,
0x3d, 0xd9, 0xff, 0x27, 0x3d, 0xd9, 0xff, 0x27, 0x3d, 0xd9, 0xff, 0x27, 0x3d, 0xd9, 0xff,
0x27, 0x3d, 0xd9, 0xff, 0x27, 0x3d, 0xd9, 0xff, 0x27, 0x3d, 0xd9, 0xff, 0x27, 0x3d, 0xd9,
0xff, 0x27, 0x3d, 0xd9, 0xff, 0x27, 0x3d, 0xd9, 0xff, 0x27, 0x3d, 0xd9, 0xff, 0x27, 0x3d,
0xd9, 0xff, 0x27, 0x3d, 0xd9, 0xff, 0x27, 0x3d, 0xd9, 0xed, 0xff, 0xff, 0xff, 0x00, 0xff,
0xff, 0xff, 0x00, 0xff, 0xff, 0xff, 0x00, 0xff, 0xff, 0xff, 0x00, 0xff, 0xff, 0xff, 0x00,
0xff, 0xff, 0xff, 0x00, 0xff, 0xff, 0xff, 0x00, 0xff, 0xff, 0xff, 0x00, 0xff, 0xff, 0xff,
0x00, 0xff, 0xff, 0xff, 0x00, 0xff, 0xff, 0xff, 0x00, 0xff, 0xff, 0xff, 0x00, 0xff, 0xff,
0xff, 0x00, 0xff, 0xff, 0xff, 0x00, 0xff, 0xff, 0xff, 0x00, 0x27, 0x3d, 0xd9, 0xdb, 0x27,
0x3d, 0xd9, 0xff, 0x27, 0x3d, 0xd9, 0xff, 0x27, 0x3d, 0xd9, 0xff, 0x27, 0x3d, 0xd9, 0xff,
0x27, 0x3d, 0xd9, 0xff, 0x27, 0x3d, 0xd9, 0xff, 0x27, 0x3d, 0xd9, 0xff, 0x27, 0x3d, 0xd9,
0xff, 0x27, 0x3d, 0xd9, 0xff, 0x27, 0x3d, 0xd9, 0xff, 0x27, 0x3d, 0xd9, 0xff, 0x27, 0x3d,
0xd9, 0xff, 0x27, 0x3d, 0xd9, 0xff, 0x27, 0x3d, 0xd9, 0xff, 0x27, 0x3d, 0xd9, 0xff, 0x27,
0x3d, 0xd9, 0xff, 0x27, 0x3d, 0xd9, 0xff, 0x27, 0x3d, 0xd9, 0xff, 0x27, 0x3d, 0xd9, 0xff,
0x27, 0x3d, 0xd9, 0xff, 0x1b, 0x32, 0xd7, 0xff, 0x7e, 0x8b, 0xe8, 0xff, 0xff, 0xff, 0xff,
0xff, 0xfe, 0xfe, 0xfe, 0xff, 0xfe, 0xfe, 0xfe, 0xff, 0xfe, 0xfe, 0xfe, 0xff, 0xfe, 0xfe,
0xfe, 0xff, 0xff, 0xff, 0xff, 0xff, 0x98, 0xa2, 0xec, 0xff, 0x10, 0x28, 0xd5, 0xff, 0x5c,
0x6d, 0xe2, 0xff, 0xff, 0xff, 0xff, 0xff, 0xff, 0xff, 0xfe, 0xff, 0xff, 0xff, 0xfe, 0xff,
0xff, 0xff, 0xfe, 0xff, 0xff, 0xff, 0xfe, 0xff, 0xff, 0xff, 0xfe, 0xff, 0xff, 0xff, 0xfe,
0xff, 0xff, 0xff, 0xff, 0xff, 0x6e, 0x7c, 0xe5, 0xff, 0x0e, 0x27, 0xd5, 0xff, 0x91, 0x9d,
0xeb, 0xff, 0xff, 0xff, 0xff, 0xff, 0xff, 0xff, 0xfe, 0xff, 0xff, 0xff, 0xfe, 0xff, 0xff,
0xff, 0xfe, 0xff, 0xff, 0xff, 0xfe, 0xff, 0xff, 0xff, 0xfe, 0xff, 0xff, 0xff, 0xfe, 0xff,
0xff, 0xff, 0xff, 0xff, 0xdb, 0xdf, 0xf8, 0xff, 0x27, 0x3d, 0xd9, 0xff, 0x2e, 0x44, 0xda,
0xff, 0xe6, 0xe9, 0xfa, 0xff, 0xff, 0xff, 0xff, 0xff, 0xff, 0xff, 0xfe, 0xff, 0xff, 0xff,
0xfe, 0xff, 0xff, 0xff, 0xfe, 0xff, 0xff, 0xff, 0xfe, 0xff, 0xff, 0xff, 0xfe, 0xff, 0xff,
0xff, 0xfe, 0xff, 0xff, 0xff, 0xff, 0xff, 0x65, 0x75, 0xe4, 0xff, 0x0f, 0x27, 0xd5, 0xff,
0x90, 0x9b, 0xeb, 0xff, 0xff, 0xff, 0xff, 0xff, 0xfe, 0xfe, 0xfe, 0xff, 0xfe, 0xfe, 0xfe,
0xff, 0xfe, 0xfe, 0xfe, 0xff, 0xfe, 0xfe, 0xfe, 0xff, 0xff, 0xff, 0xff, 0xff, 0x75, 0x83,
0xe6, 0xff, 0x1b, 0x33, 0xd7, 0xff, 0x27, 0x3d, 0xd9, 0xff, 0x27, 0x3d, 0xd9, 0xff, 0x20,
0x37, 0xd8, 0xff, 0x4a, 0x5c, 0xdf, 0xff, 0xfa, 0xfa, 0xfd, 0xff, 0xff, 0xff, 0xfe, 0xff,
0xff, 0xff, 0xff, 0xff, 0xf3, 0xf4, 0xfc, 0xff, 0x3e, 0x52, 0xdd, 0xff, 0x22, 0x38, 0xd8,
0xff, 0x27, 0x3d, 0xd9, 0xff, 0x27, 0x3d, 0xd9, 0xff, 0x27, 0x3d, 0xd9, 0xff, 0x27, 0x3d,
0xd9, 0xff, 0x27, 0x3d, 0xd9, 0xff, 0x27, 0x3d, 0xd9, 0xff, 0x27, 0x3d, 0xd9, 0xff, 0x27,
0x3d, 0xd9, 0xff, 0x27, 0x3d, 0xd9, 0xff, 0x27, 0x3d, 0xd9, 0xff, 0x27, 0x3d, 0xd9, 0xff,
0x27, 0x3d, 0xd9, 0xff, 0x27, 0x3d, 0xd9, 0xff, 0x27, 0x3d, 0xd9, 0xff, 0x27, 0x3d, 0xd9,
0xff, 0x27, 0x3d, 0xd9, 0xff, 0x27, 0x3d, 0xd9, 0xff, 0x27, 0x3d, 0xd9, 0xff, 0x27, 0x3d,
0xd9, 0xff, 0x27, 0x3d, 0xd9, 0xff, 0x27, 0x3d, 0xd9, 0xff, 0x27, 0x3d, 0xd9, 0xff, 0x27,
0x3d, 0xd9, 0xff, 0x27, 0x3d, 0xd9, 0xff, 0x27, 0x3d, 0xd9, 0xff, 0x27, 0x3d, 0xd9, 0xff,
0x27, 0x3d, 0xd9, 0xff, 0x27, 0x3d, 0xd9, 0xff, 0x27, 0x3d, 0xd9, 0xed, 0xff, 0xff, 0xff,
0x00, 0xff, 0xff, 0xff, 0x00, 0xff, 0xff, 0xff, 0x00, 0xff, 0xff, 0xff, 0x00, 0xff, 0xff,
0xff, 0x00, 0xff, 0xff, 0xff, 0x00, 0xff, 0xff, 0xff, 0x00, 0xff, 0xff, 0xff, 0x00, 0xff,
0xff, 0xff, 0x00, 0xff, 0xff, 0xff, 0x00, 0xff, 0xff, 0xff, 0x00, 0xff, 0xff, 0xff, 0x00,
0xff, 0xff, 0xff, 0x00, 0xff, 0xff, 0xff, 0x00, 0xff, 0xff, 0xff, 0x00, 0x27, 0x3d, 0xd9,
0xd9, 0x27, 0x3d, 0xd9, 0xff, 0x27, 0x3d, 0xd9, 0xff, 0x27, 0x3d, 0xd9, 0xff, 0x27, 0x3d,
0xd9, 0xff, 0x27, 0x3d, 0xd9, 0xff, 0x27, 0x3d, 0xd9, 0xff, 0x27, 0x3d, 0xd9, 0xff, 0x27,
0x3d, 0xd9, 0xff, 0x27, 0x3d, 0xd9, 0xff, 0x27, 0x3d, 0xd9, 0xff, 0x27, 0x3d, 0xd9, 0xff,
0x27, 0x3d, 0xd9, 0xff, 0x27, 0x3d, 0xd9, 0xff, 0x27, 0x3d, 0xd9, 0xff, 0x27, 0x3d, 0xd9,
0xff, 0x27, 0x3d, 0xd9, 0xff, 0x27, 0x3d, 0xd9, 0xff, 0x27, 0x3d, 0xd9, 0xff, 0x27, 0x3d,
0xd9, 0xff, 0x27, 0x3d, 0xd9, 0xff, 0x1b, 0x32, 0xd7, 0xff, 0x7e, 0x8b, 0xe8, 0xff, 0xff,
0xff, 0xff, 0xff, 0xfe, 0xfe, 0xfe, 0xff, 0xfe, 0xfe, 0xfe, 0xff, 0xfe, 0xfe, 0xfe, 0xff,
0xfe, 0xfe, 0xfe, 0xff, 0xff, 0xff, 0xff, 0xff, 0x98, 0xa2, 0xec, 0xff, 0x10, 0x28, 0xd5,
0xff, 0x5d, 0x6d, 0xe2, 0xff, 0xff, 0xff, 0xff, 0xff, 0xff, 0xff, 0xfe, 0xff, 0xff, 0xff,
0xfe, 0xff, 0xff, 0xff, 0xfe, 0xff, 0xff, 0xff, 0xfe, 0xff, 0xff, 0xff, 0xfe, 0xff, 0xff,
0xff, 0xfe, 0xff, 0xff, 0xff, 0xff, 0xff, 0x6f, 0x7d, 0xe5, 0xff, 0x0e, 0x27, 0xd5, 0xff,
0x91, 0x9d, 0xeb, 0xff, 0xff, 0xff, 0xff, 0xff, 0xff, 0xff, 0xfe, 0xff, 0xff, 0xff, 0xfe,
0xff, 0xff, 0xff, 0xfe, 0xff, 0xff, 0xff, 0xfe, 0xff, 0xff, 0xff, 0xfe, 0xff, 0xff, 0xff,
0xfe, 0xff, 0xff, 0xff, 0xff, 0xff, 0xdc, 0xdf, 0xf8, 0xff, 0x27, 0x3d, 0xd9, 0xff, 0x2e,
0x44, 0xda, 0xff, 0xe7, 0xea, 0xfa, 0xff, 0xff, 0xff, 0xff, 0xff, 0xff, 0xff, 0xfe, 0xff,
0xff, 0xff, 0xfe, 0xff, 0xff, 0xff, 0xfe, 0xff, 0xff, 0xff, 0xfe, 0xff, 0xff, 0xff, 0xfe,
0xff, 0xff, 0xff, 0xfe, 0xff, 0xff, 0xff, 0xff, 0xff, 0x66, 0x76, 0xe4, 0xff, 0x0f, 0x27,
0xd5, 0xff, 0x90, 0x9b, 0xeb, 0xff, 0xff, 0xff, 0xff, 0xff, 0xfe, 0xfe, 0xfe, 0xff, 0xfe,
0xfe, 0xfe, 0xff, 0xfe, 0xfe, 0xfe, 0xff, 0xfe, 0xfe, 0xfe, 0xff, 0xff, 0xff, 0xff, 0xff,
0x75, 0x83, 0xe6, 0xff, 0x1b, 0x33, 0xd7, 0xff, 0x27, 0x3d, 0xd9, 0xff, 0x27, 0x3d, 0xd9,
0xff, 0x20, 0x37, 0xd8, 0xff, 0x4a, 0x5c, 0xdf, 0xff, 0xfa, 0xfa, 0xfd, 0xff, 0xff, 0xff,
0xfe, 0xff, 0xff, 0xff, 0xff, 0xff, 0xf3, 0xf4, 0xfc, 0xff, 0x3e, 0x52, 0xdd, 0xff, 0x22,
0x38, 0xd8, 0xff, 0x27, 0x3d, 0xd9, 0xff, 0x27, 0x3d, 0xd9, 0xff, 0x27, 0x3d, 0xd9, 0xff,
0x27, 0x3d, 0xd9, 0xff, 0x27, 0x3d, 0xd9, 0xff, 0x27, 0x3d, 0xd9, 0xff, 0x27, 0x3d, 0xd9,
0xff, 0x27, 0x3d, 0xd9, 0xff, 0x27, 0x3d, 0xd9, 0xff, 0x27, 0x3d, 0xd9, 0xff, 0x27, 0x3d,
0xd9, 0xff, 0x27, 0x3d, 0xd9, 0xff, 0x27, 0x3d, 0xd9, 0xff, 0x27, 0x3d, 0xd9, 0xff, 0x27,
0x3d, 0xd9, 0xff, 0x27, 0x3d, 0xd9, 0xff, 0x27, 0x3d, 0xd9, 0xff, 0x27, 0x3d, 0xd9, 0xff,
0x27, 0x3d, 0xd9, 0xff, 0x27, 0x3d, 0xd9, 0xff, 0x27, 0x3d, 0xd9, 0xff, 0x27, 0x3d, 0xd9,
0xff, 0x27, 0x3d, 0xd9, 0xff, 0x27, 0x3d, 0xd9, 0xff, 0x27, 0x3d, 0xd9, 0xff, 0x27, 0x3d,
0xd9, 0xff, 0x27, 0x3d, 0xd9, 0xff, 0x27, 0x3d, 0xd9, 0xff, 0x27, 0x3d, 0xd9, 0xed, 0xff,
0xff, 0xff, 0x00, 0xff, 0xff, 0xff, 0x00, 0xff, 0xff, 0xff, 0x00, 0xff, 0xff, 0xff, 0x00,
0xff, 0xff, 0xff, 0x00, 0xff, 0xff, 0xff, 0x00, 0xff, 0xff, 0xff, 0x00, 0xff, 0xff, 0xff,
0x00, 0xff, 0xff, 0xff, 0x00, 0xff, 0xff, 0xff, 0x00, 0xff, 0xff, 0xff, 0x00, 0xff, 0xff,
0xff, 0x00, 0xff, 0xff, 0xff, 0x00, 0xff, 0xff, 0xff, 0x00, 0xff, 0xff, 0xff, 0x00, 0x27,
0x3d, 0xd9, 0xd7, 0x27, 0x3d, 0xd9, 0xff, 0x27, 0x3d, 0xd9, 0xff, 0x27, 0x3d, 0xd9, 0xff,
0x27, 0x3d, 0xd9, 0xff, 0x27, 0x3d, 0xd9, 0xff, 0x27, 0x3d, 0xd9, 0xff, 0x27, 0x3d, 0xd9,
0xff, 0x27, 0x3d, 0xd9, 0xff, 0x27, 0x3d, 0xd9, 0xff, 0x27, 0x3d, 0xd9, 0xff, 0x27, 0x3d,
0xd9, 0xff, 0x27, 0x3d, 0xd9, 0xff, 0x27, 0x3d, 0xd9, 0xff, 0x27, 0x3d, 0xd9, 0xff, 0x27,
0x3d, 0xd9, 0xff, 0x27, 0x3d, 0xd9, 0xff, 0x27, 0x3d, 0xd9, 0xff, 0x27, 0x3d, 0xd9, 0xff,
0x27, 0x3d, 0xd9, 0xff, 0x27, 0x3d, 0xd9, 0xff, 0x1b, 0x32, 0xd7, 0xff, 0x7e, 0x8b, 0xe8,
0xff, 0xff, 0xff, 0xff, 0xff, 0xfe, 0xfe, 0xfe, 0xff, 0xfe, 0xfe, 0xfe, 0xff, 0xfe, 0xfe,
0xfe, 0xff, 0xfe, 0xfe, 0xfe, 0xff, 0xff, 0xff, 0xff, 0xff, 0x98, 0xa2, 0xec, 0xff, 0x18,
0x2f, 0xd7, 0xff, 0x32, 0x47, 0xdb, 0xff, 0x55, 0x66, 0xe1, 0xff, 0x55, 0x66, 0xe1, 0xff,
0x55, 0x66, 0xe1, 0xff, 0x55, 0x66, 0xe1, 0xff, 0x55, 0x66, 0xe1, 0xff, 0x55, 0x66, 0xe1,
0xff, 0x55, 0x66, 0xe1, 0xff, 0x55, 0x66, 0xe1, 0xff, 0x36, 0x4a, 0xdc, 0xff, 0x22, 0x38,
0xd8, 0xff, 0x3d, 0x51, 0xdd, 0xff, 0x55, 0x67, 0xe1, 0xff, 0x55, 0x66, 0xe1, 0xff, 0x55,
0x66, 0xe1, 0xff, 0x55, 0x66, 0xe1, 0xff, 0x55, 0x66, 0xe1, 0xff, 0x55, 0x66, 0xe1, 0xff,
0x55, 0x66, 0xe1, 0xff, 0x55, 0x66, 0xe1, 0xff, 0x4d, 0x5f, 0xe0, 0xff, 0x27, 0x3d, 0xd9,
0xff, 0x29, 0x3e, 0xd9, 0xff, 0x4f, 0x61, 0xe0, 0xff, 0x55, 0x66, 0xe1, 0xff, 0x55, 0x66,
0xe1, 0xff, 0x55, 0x66, 0xe1, 0xff, 0x55, 0x66, 0xe1, 0xff, 0x55, 0x66, 0xe1, 0xff, 0x55,
0x66, 0xe1, 0xff, 0x55, 0x66, 0xe1, 0xff, 0x55, 0x66, 0xe1, 0xff, 0x34, 0x49, 0xdb, 0xff,
0x17, 0x2f, 0xd7, 0xff, 0x90, 0x9b, 0xeb, 0xff, 0xff, 0xff, 0xff, 0xff, 0xfe, 0xfe, 0xfe,
0xff, 0xfe, 0xfe, 0xfe, 0xff, 0xfe, 0xfe, 0xfe, 0xff, 0xfe, 0xfe, 0xfe, 0xff, 0xff, 0xff,
0xff, 0xff, 0x75, 0x83, 0xe6, 0xff, 0x1b, 0x33, 0xd7, 0xff, 0x26, 0x3c, 0xd9, 0xff, 0x20,
0x37, 0xd8, 0xff, 0x19, 0x31, 0xd7, 0xff, 0x44, 0x57, 0xde, 0xff, 0xfa, 0xfa, 0xfd, 0xff,
0xff, 0xff, 0xfe, 0xff, 0xff, 0xff, 0xff, 0xff, 0xf3, 0xf4, 0xfc, 0xff, 0x38, 0x4d, 0xdc,
0xff, 0x1b, 0x32, 0xd7, 0xff, 0x21, 0x38, 0xd8, 0xff, 0x27, 0x3d, 0xd9, 0xff, 0x27, 0x3d,
0xd9, 0xff, 0x27, 0x3d, 0xd9, 0xff, 0x27, 0x3d, 0xd9, 0xff, 0x27, 0x3d, 0xd9, 0xff, 0x27,
0x3d, 0xd9, 0xff, 0x27, 0x3d, 0xd9, 0xff, 0x27, 0x3d, 0xd9, 0xff, 0x27, 0x3d, 0xd9, 0xff,
0x27, 0x3d, 0xd9, 0xff, 0x27, 0x3d, 0xd9, 0xff, 0x27, 0x3d, 0xd9, 0xff, 0x27, 0x3d, 0xd9,
0xff, 0x27, 0x3d, 0xd9, 0xff, 0x27, 0x3d, 0xd9, 0xff, 0x27, 0x3d, 0xd9, 0xff, 0x27, 0x3d,
0xd9, 0xff, 0x27, 0x3d, 0xd9, 0xff, 0x27, 0x3d, 0xd9, 0xff, 0x27, 0x3d, 0xd9, 0xff, 0x27,
0x3d, 0xd9, 0xff, 0x27, 0x3d, 0xd9, 0xff, 0x27, 0x3d, 0xd9, 0xff, 0x27, 0x3d, 0xd9, 0xff,
0x27, 0x3d, 0xd9, 0xff, 0x27, 0x3d, 0xd9, 0xff, 0x27, 0x3d, 0xd9, 0xff, 0x27, 0x3d, 0xd9,
0xed, 0xff, 0xff, 0xff, 0x00, 0xff, 0xff, 0xff, 0x00, 0xff, 0xff, 0xff, 0x00, 0xff, 0xff,
0xff, 0x00, 0xff, 0xff, 0xff, 0x00, 0xff, 0xff, 0xff, 0x00, 0xff, 0xff, 0xff, 0x00, 0xff,
0xff, 0xff, 0x00, 0xff, 0xff, 0xff, 0x00, 0xff, 0xff, 0xff, 0x00, 0xff, 0xff, 0xff, 0x00,
0xff, 0xff, 0xff, 0x00, 0xff, 0xff, 0xff, 0x00, 0xff, 0xff, 0xff, 0x00, 0xff, 0xff, 0xff,
0x00, 0x27, 0x3d, 0xd9, 0xd2, 0x27, 0x3d, 0xd9, 0xff, 0x27, 0x3d, 0xd9, 0xff, 0x27, 0x3d,
0xd9, 0xff, 0x27, 0x3d, 0xd9, 0xff, 0x27, 0x3d, 0xd9, 0xff, 0x27, 0x3d, 0xd9, 0xff, 0x27,
0x3d, 0xd9, 0xff, 0x27, 0x3d, 0xd9, 0xff, 0x27, 0x3d, 0xd9, 0xff, 0x27, 0x3d, 0xd9, 0xff,
0x27, 0x3d, 0xd9, 0xff, 0x27, 0x3d, 0xd9, 0xff, 0x27, 0x3d, 0xd9, 0xff, 0x27, 0x3d, 0xd9,
0xff, 0x27, 0x3d, 0xd9, 0xff, 0x27, 0x3d, 0xd9, 0xff, 0x27, 0x3d, 0xd9, 0xff, 0x27, 0x3d,
0xd9, 0xff, 0x27, 0x3d, 0xd9, 0xff, 0x27, 0x3d, 0xd9, 0xff, 0x1b, 0x32, 0xd7, 0xff, 0x7e,
0x8b, 0xe8, 0xff, 0xff, 0xff, 0xff, 0xff, 0xfe, 0xfe, 0xfe, 0xff, 0xfe, 0xfe, 0xfe, 0xff,
0xfe, 0xfe, 0xfe, 0xff, 0xfe, 0xfe, 0xfe, 0xff, 0xff, 0xff, 0xff, 0xff, 0x92, 0x9c, 0xeb,
0xff, 0x0d, 0x25, 0xd5, 0xff, 0x18, 0x2f, 0xd6, 0xff, 0x11, 0x2a, 0xd5, 0xff, 0x11, 0x2a,
0xd5, 0xff, 0x11, 0x2a, 0xd5, 0xff, 0x11, 0x2a, 0xd5, 0xff, 0x11, 0x2a, 0xd5, 0xff, 0x11,
0x2a, 0xd5, 0xff, 0x11, 0x2a, 0xd5, 0xff, 0x11, 0x2a, 0xd5, 0xff, 0x17, 0x2f, 0xd6, 0xff,
0x1b, 0x32, 0xd7, 0xff, 0x16, 0x2e, 0xd6, 0xff, 0x11, 0x29, 0xd5, 0xff, 0x11, 0x2a, 0xd5,
0xff, 0x11, 0x2a, 0xd5, 0xff, 0x11, 0x2a, 0xd5, 0xff, 0x11, 0x2a, 0xd5, 0xff, 0x11, 0x2a,
0xd5, 0xff, 0x11, 0x2a, 0xd5, 0xff, 0x11, 0x2a, 0xd5, 0xff, 0x13, 0x2b, 0xd5, 0xff, 0x1a,
0x31, 0xd7, 0xff, 0x1a, 0x31, 0xd7, 0xff, 0x12, 0x2a, 0xd5, 0xff, 0x11, 0x2a, 0xd5, 0xff,
0x11, 0x2a, 0xd5, 0xff, 0x11, 0x2a, 0xd5, 0xff, 0x11, 0x2a, 0xd5, 0xff, 0x11, 0x2a, 0xd5,
0xff, 0x11, 0x2a, 0xd5, 0xff, 0x11, 0x2a, 0xd5, 0xff, 0x11, 0x2a, 0xd5, 0xff, 0x17, 0x2f,
0xd6, 0xff, 0x0b, 0x25, 0xd5, 0xff, 0x89, 0x95, 0xea, 0xff, 0xff, 0xff, 0xff, 0xff, 0xfe,
0xfe, 0xfe, 0xff, 0xfe, 0xfe, 0xfe, 0xff, 0xfe, 0xfe, 0xfe, 0xff, 0xfe, 0xfe, 0xfe, 0xff,
0xff, 0xff, 0xff, 0xff, 0x75, 0x83, 0xe6, 0xff, 0x1a, 0x32, 0xd7, 0xff, 0x2d, 0x42, 0xda,
0xff, 0x47, 0x5a, 0xdf, 0xff, 0x42, 0x55, 0xde, 0xff, 0x65, 0x74, 0xe4, 0xff, 0xfb, 0xfb,
0xfd, 0xff, 0xff, 0xff, 0xfe, 0xff, 0xff, 0xff, 0xff, 0xff, 0xf5, 0xf5, 0xfc, 0xff, 0x5b,
0x6c, 0xe2, 0xff, 0x43, 0x56, 0xde, 0xff, 0x44, 0x57, 0xde, 0xff, 0x29, 0x3e, 0xd9, 0xff,
0x27, 0x3d, 0xd9, 0xff, 0x27, 0x3d, 0xd9, 0xff, 0x27, 0x3d, 0xd9, 0xff, 0x27, 0x3d, 0xd9,
0xff, 0x27, 0x3d, 0xd9, 0xff, 0x27, 0x3d, 0xd9, 0xff, 0x27, 0x3d, 0xd9, 0xff, 0x27, 0x3d,
0xd9, 0xff, 0x27, 0x3d, 0xd9, 0xff, 0x27, 0x3d, 0xd9, 0xff, 0x27, 0x3d, 0xd9, 0xff, 0x27,
0x3d, 0xd9, 0xff, 0x27, 0x3d, 0xd9, 0xff, 0x27, 0x3d, 0xd9, 0xff, 0x27, 0x3d, 0xd9, 0xff,
0x27, 0x3d, 0xd9, 0xff, 0x27, 0x3d, 0xd9, 0xff, 0x27, 0x3d, 0xd9, 0xff, 0x27, 0x3d, 0xd9,
0xff, 0x27, 0x3d, 0xd9, 0xff, 0x27, 0x3d, 0xd9, 0xff, 0x27, 0x3d, 0xd9, 0xff, 0x27, 0x3d,
0xd9, 0xff, 0x27, 0x3d, 0xd9, 0xff, 0x27, 0x3d, 0xd9, 0xff, 0x27, 0x3d, 0xd9, 0xff, 0x27,
0x3d, 0xd9, 0xec, 0xff, 0xff, 0xff, 0x00, 0xff, 0xff, 0xff, 0x00, 0xff, 0xff, 0xff, 0x00,
0xff, 0xff, 0xff, 0x00, 0xff, 0xff, 0xff, 0x00, 0xff, 0xff, 0xff, 0x00, 0xff, 0xff, 0xff,
0x00, 0xff, 0xff, 0xff, 0x00, 0xff, 0xff, 0xff, 0x00, 0xff, 0xff, 0xff, 0x00, 0xff, 0xff,
0xff, 0x00, 0xff, 0xff, 0xff, 0x00, 0xff, 0xff, 0xff, 0x00, 0xff, 0xff, 0xff, 0x00, 0xff,
0xff, 0xff, 0x00, 0x27, 0x3d, 0xd9, 0xcb, 0x27, 0x3d, 0xd9, 0xff, 0x27, 0x3d, 0xd9, 0xff,
0x27, 0x3d, 0xd9, 0xff, 0x27, 0x3d, 0xd9, 0xff, 0x27, 0x3d, 0xd9, 0xff, 0x27, 0x3d, 0xd9,
0xff, 0x27, 0x3d, 0xd9, 0xff, 0x27, 0x3d, 0xd9, 0xff, 0x27, 0x3d, 0xd9, 0xff, 0x27, 0x3d,
0xd9, 0xff, 0x27, 0x3d, 0xd9, 0xff, 0x27, 0x3d, 0xd9, 0xff, 0x27, 0x3d, 0xd9, 0xff, 0x27,
0x3d, 0xd9, 0xff, 0x27, 0x3d, 0xd9, 0xff, 0x27, 0x3d, 0xd9, 0xff, 0x27, 0x3d, 0xd9, 0xff,
0x27, 0x3d, 0xd9, 0xff, 0x27, 0x3d, 0xd9, 0xff, 0x27, 0x3d, 0xd9, 0xff, 0x1b, 0x32, 0xd7,
0xff, 0x7e, 0x8b, 0xe8, 0xff, 0xff, 0xff, 0xff, 0xff, 0xfe, 0xfe, 0xfe, 0xff, 0xfe, 0xfe,
0xfe, 0xff, 0xfe, 0xfe, 0xfe, 0xff, 0xfe, 0xfe, 0xfe, 0xff, 0xff, 0xff, 0xff, 0xff, 0xc6,
0xcb, 0xf4, 0xff, 0x81, 0x8e, 0xe9, 0xff, 0x88, 0x94, 0xea, 0xff, 0x88, 0x94, 0xea, 0xff,
0x88, 0x94, 0xea, 0xff, 0x88, 0x94, 0xea, 0xff, 0x88, 0x94, 0xea, 0xff, 0x88, 0x94, 0xea,
0xff, 0x88, 0x94, 0xea, 0xff, 0x88, 0x94, 0xea, 0xff, 0x88, 0x94, 0xea, 0xff, 0x88, 0x94,
0xea, 0xff, 0x88, 0x94, 0xea, 0xff, 0x88, 0x94, 0xea, 0xff, 0x88, 0x94, 0xea, 0xff, 0x88,
0x94, 0xea, 0xff, 0x88, 0x94, 0xea, 0xff, 0x88, 0x94, 0xea, 0xff, 0x88, 0x94, 0xea, 0xff,
0x88, 0x94, 0xea, 0xff, 0x88, 0x94, 0xea, 0xff, 0x88, 0x94, 0xea, 0xff, 0x88, 0x94, 0xea,
0xff, 0x88, 0x94, 0xea, 0xff, 0x88, 0x94, 0xea, 0xff, 0x88, 0x94, 0xea, 0xff, 0x88, 0x94,
0xea, 0xff, 0x88, 0x94, 0xea, 0xff, 0x88, 0x94, 0xea, 0xff, 0x88, 0x94, 0xea, 0xff, 0x88,
0x94, 0xea, 0xff, 0x88, 0x94, 0xea, 0xff, 0x88, 0x94, 0xea, 0xff, 0x88, 0x94, 0xea, 0xff,
0x88, 0x94, 0xea, 0xff, 0x80, 0x8e, 0xe9, 0xff, 0xc2, 0xc8, 0xf4, 0xff, 0xff, 0xff, 0xff,
0xff, 0xfe, 0xfe, 0xfe, 0xff, 0xfe, 0xfe, 0xfe, 0xff, 0xfe, 0xfe, 0xfe, 0xff, 0xfe, 0xfe,
0xfe, 0xff, 0xff, 0xff, 0xff, 0xff, 0x75, 0x83, 0xe6, 0xff, 0x14, 0x2c, 0xd6, 0xff, 0x4c,
0x5e, 0xe0, 0xff, 0xf7, 0xf7, 0xfd, 0xff, 0xf9, 0xfa, 0xfd, 0xff, 0xf9, 0xfa, 0xfd, 0xff,
0xfe, 0xfe, 0xfe, 0xff, 0xfe, 0xfe, 0xfe, 0xff, 0xfe, 0xfe, 0xfe, 0xff, 0xfe, 0xfe, 0xfe,
0xff, 0xf9, 0xfa, 0xfd, 0xff, 0xf9, 0xfa, 0xfe, 0xff, 0xe2, 0xe5, 0xf9, 0xff, 0x32, 0x47,
0xdb, 0xff, 0x24, 0x3a, 0xd8, 0xff, 0x27, 0x3d, 0xd9, 0xff, 0x27, 0x3d, 0xd9, 0xff, 0x27,
0x3d, 0xd9, 0xff, 0x27, 0x3d, 0xd9, 0xff, 0x27, 0x3d, 0xd9, 0xff, 0x27, 0x3d, 0xd9, 0xff,
0x27, 0x3d, 0xd9, 0xff, 0x27, 0x3d, 0xd9, 0xff, 0x27, 0x3d, 0xd9, 0xff, 0x27, 0x3d, 0xd9,
0xff, 0x27, 0x3d, 0xd9, 0xff, 0x27, 0x3d, 0xd9, 0xff, 0x27, 0x3d, 0xd9, 0xff, 0x27, 0x3d,
0xd9, 0xff, 0x27, 0x3d, 0xd9, 0xff, 0x27, 0x3d, 0xd9, 0xff, 0x27, 0x3d, 0xd9, 0xff, 0x27,
0x3d, 0xd9, 0xff, 0x27, 0x3d, 0xd9, 0xff, 0x27, 0x3d, 0xd9, 0xff, 0x27, 0x3d, 0xd9, 0xff,
0x27, 0x3d, 0xd9, 0xff, 0x27, 0x3d, 0xd9, 0xff, 0x27, 0x3d, 0xd9, 0xff, 0x27, 0x3d, 0xd9,
0xff, 0x27, 0x3d, 0xd9, 0xdf, 0xff, 0xff, 0xff, 0x00, 0xff, 0xff, 0xff, 0x00, 0xff, 0xff,
0xff, 0x00, 0xff, 0xff, 0xff, 0x00, 0xff, 0xff, 0xff, 0x00, 0xff, 0xff, 0xff, 0x00, 0xff,
0xff, 0xff, 0x00, 0xff, 0xff, 0xff, 0x00, 0xff, 0xff, 0xff, 0x00, 0xff, 0xff, 0xff, 0x00,
0xff, 0xff, 0xff, 0x00, 0xff, 0xff, 0xff, 0x00, 0xff, 0xff, 0xff, 0x00, 0xff, 0xff, 0xff,
0x00, 0xff, 0xff, 0xff, 0x00, 0x24, 0x3c, 0xd8, 0xc2, 0x28, 0x3d, 0xd9, 0xff, 0x27, 0x3d,
0xd9, 0xff, 0x27, 0x3d, 0xd9, 0xff, 0x27, 0x3d, 0xd9, 0xff, 0x27, 0x3d, 0xd9, 0xff, 0x27,
0x3d, 0xd9, 0xff, 0x27, 0x3d, 0xd9, 0xff, 0x27, 0x3d, 0xd9, 0xff, 0x27, 0x3d, 0xd9, 0xff,
0x27, 0x3d, 0xd9, 0xff, 0x27, 0x3d, 0xd9, 0xff, 0x27, 0x3d, 0xd9, 0xff, 0x27, 0x3d, 0xd9,
0xff, 0x27, 0x3d, 0xd9, 0xff, 0x27, 0x3d, 0xd9, 0xff, 0x27, 0x3d, 0xd9, 0xff, 0x27, 0x3d,
0xd9, 0xff, 0x27, 0x3d, 0xd9, 0xff, 0x27, 0x3d, 0xd9, 0xff, 0x27, 0x3d, 0xd9, 0xff, 0x1b,
0x32, 0xd7, 0xff, 0x7e, 0x8b, 0xe8, 0xff, 0xff, 0xff, 0xff, 0xff, 0xfe, 0xfe, 0xfe, 0xff,
0xfe, 0xfe, 0xfe, 0xff, 0xfe, 0xfe, 0xfe, 0xff, 0xfe, 0xfe, 0xfe, 0xff, 0xfe, 0xfe, 0xfe,
0xff, 0xff, 0xff, 0xff, 0xff, 0xff, 0xff, 0xff, 0xff, 0xff, 0xff, 0xff, 0xff, 0xff, 0xff,
0xff, 0xff, 0xff, 0xff, 0xff, 0xff, 0xff, 0xff, 0xff, 0xff, 0xff, 0xff, 0xff, 0xff, 0xff,
0xff, 0xff, 0xff, 0xff, 0xff, 0xff, 0xff, 0xff, 0xff, 0xff, 0xff, 0xff, 0xff, 0xff, 0xff,
0xff, 0xff, 0xff, 0xff, 0xff, 0xff, 0xff, 0xff, 0xff, 0xff, 0xff, 0xff, 0xff, 0xff, 0xff,
0xff, 0xff, 0xff, 0xff, 0xff, 0xff, 0xff, 0xff, 0xff, 0xff, 0xff, 0xff, 0xff, 0xff, 0xff,
0xff, 0xff, 0xff, 0xff, 0xff, 0xff, 0xff, 0xff, 0xff, 0xff, 0xff, 0xff, 0xff, 0xff, 0xff,
0xff, 0xff, 0xff, 0xff, 0xff, 0xff, 0xff, 0xff, 0xff, 0xff, 0xff, 0xff, 0xff, 0xff, 0xff,
0xff, 0xff, 0xff, 0xff, 0xff, 0xff, 0xff, 0xff, 0xff, 0xff, 0xff, 0xff, 0xff, 0xff, 0xff,
0xff, 0xff, 0xff, 0xff, 0xff, 0xff, 0xff, 0xff, 0xff, 0xff, 0xff, 0xff, 0xff, 0xff, 0xff,
0xff, 0xff, 0xff, 0xff, 0xff, 0xff, 0xff, 0xff, 0xff, 0xff, 0xff, 0xff, 0xff, 0xff, 0xfe,
0xfe, 0xfe, 0xff, 0xfe, 0xfe, 0xfe, 0xff, 0xfe, 0xfe, 0xfe, 0xff, 0xfe, 0xfe, 0xfe, 0xff,
0xfe, 0xfe, 0xfe, 0xff, 0xff, 0xff, 0xff, 0xff, 0x75, 0x83, 0xe6, 0xff, 0x14, 0x2c, 0xd6,
0xff, 0x4d, 0x5f, 0xe0, 0xff, 0xff, 0xfe, 0xfe, 0xff, 0xff, 0xff, 0xfe, 0xff, 0xff, 0xff,
0xfe, 0xff, 0xfe, 0xfe, 0xfe, 0xff, 0xfe, 0xfe, 0xfe, 0xff, 0xfe, 0xfe, 0xfe, 0xff, 0xfe,
0xfe, 0xfe, 0xff, 0xff, 0xff, 0xfe, 0xff, 0xff, 0xff, 0xff, 0xff, 0xe9, 0xeb, 0xfa, 0xff,
0x32, 0x47, 0xdb, 0xff, 0x24, 0x3a, 0xd8, 0xff, 0x27, 0x3d, 0xd9, 0xff, 0x27, 0x3d, 0xd9,
0xff, 0x27, 0x3d, 0xd9, 0xff, 0x27, 0x3d, 0xd9, 0xff, 0x27, 0x3d, 0xd9, 0xff, 0x27, 0x3d,
0xd9, 0xff, 0x27, 0x3d, 0xd9, 0xff, 0x27, 0x3d, 0xd9, 0xff, 0x27, 0x3d, 0xd9, 0xff, 0x27,
0x3d, 0xd9, 0xff, 0x27, 0x3d, 0xd9, 0xff, 0x27, 0x3d, 0xd9, 0xff, 0x27, 0x3d, 0xd9, 0xff,
0x27, 0x3d, 0xd9, 0xff, 0x27, 0x3d, 0xd9, 0xff, 0x27, 0x3d, 0xd9, 0xff, 0x27, 0x3d, 0xd9,
0xff, 0x27, 0x3d, 0xd9, 0xff, 0x27, 0x3d, 0xd9, 0xff, 0x27, 0x3d, 0xd9, 0xff, 0x27, 0x3d,
0xd9, 0xff, 0x27, 0x3d, 0xd9, 0xff, 0x27, 0x3d, 0xd9, 0xff, 0x27, 0x3d, 0xd9, 0xff, 0x27,
0x3d, 0xd9, 0xff, 0x25, 0x3c, 0xd8, 0xcb, 0xff, 0xff, 0xff, 0x00, 0xff, 0xff, 0xff, 0x00,
0xff, 0xff, 0xff, 0x00, 0xff, 0xff, 0xff, 0x00, 0xff, 0xff, 0xff, 0x00, 0xff, 0xff, 0xff,
0x00, 0xff, 0xff, 0xff, 0x00, 0xff, 0xff, 0xff, 0x00, 0xff, 0xff, 0xff, 0x00, 0xff, 0xff,
0xff, 0x00, 0xff, 0xff, 0xff, 0x00, 0xff, 0xff, 0xff, 0x00, 0xff, 0xff, 0xff, 0x00, 0xff,
0xff, 0xff, 0x00, 0xff, 0xff, 0xff, 0x00, 0x24, 0x3c, 0xd9, 0xb5, 0x28, 0x3d, 0xd9, 0xff,
0x27, 0x3d, 0xd9, 0xff, 0x27, 0x3d, 0xd9, 0xff, 0x27, 0x3d, 0xd9, 0xff, 0x27, 0x3d, 0xd9,
0xff, 0x27, 0x3d, 0xd9, 0xff, 0x27, 0x3d, 0xd9, 0xff, 0x27, 0x3d, 0xd9, 0xff, 0x27, 0x3d,
0xd9, 0xff, 0x27, 0x3d, 0xd9, 0xff, 0x27, 0x3d, 0xd9, 0xff, 0x27, 0x3d, 0xd9, 0xff, 0x27,
0x3d, 0xd9, 0xff, 0x27, 0x3d, 0xd9, 0xff, 0x27, 0x3d, 0xd9, 0xff, 0x27, 0x3d, 0xd9, 0xff,
0x27, 0x3d, 0xd9, 0xff, 0x27, 0x3d, 0xd9, 0xff, 0x27, 0x3d, 0xd9, 0xff, 0x27, 0x3d, 0xd9,
0xff, 0x1b, 0x32, 0xd7, 0xff, 0x7e, 0x8b, 0xe8, 0xff, 0xff, 0xff, 0xff, 0xff, 0xfe, 0xfe,
0xfe, 0xff, 0xfe, 0xfe, 0xfe, 0xff, 0xfe, 0xfe, 0xfe, 0xff, 0xfe, 0xfe, 0xfe, 0xff, 0xfe,
0xfe, 0xfe, 0xff, 0xfe, 0xfe, 0xfe, 0xff, 0xfe, 0xfe, 0xfe, 0xff, 0xfe, 0xfe, 0xfe, 0xff,
0xfe, 0xfe, 0xfe, 0xff, 0xfe, 0xfe, 0xfe, 0xff, 0xfe, 0xfe, 0xfe, 0xff, 0xfe, 0xfe, 0xfe,
0xff, 0xfe, 0xfe, 0xfe, 0xff, 0xfe, 0xfe, 0xfe, 0xff, 0xfe, 0xfe, 0xfe, 0xff, 0xfe, 0xfe,
0xfe, 0xff, 0xfe, 0xfe, 0xfe, 0xff, 0xfe, 0xfe, 0xfe, 0xff, 0xfe, 0xfe, 0xfe, 0xff, 0xfe,
0xfe, 0xfe, 0xff, 0xfe, 0xfe, 0xfe, 0xff, 0xfe, 0xfe, 0xfe, 0xff, 0xfe, 0xfe, 0xfe, 0xff,
0xfe, 0xfe, 0xfe, 0xff, 0xfe, 0xfe, 0xfe, 0xff, 0xfe, 0xfe, 0xfe, 0xff, 0xfe, 0xfe, 0xfe,
0xff, 0xfe, 0xfe, 0xfe, 0xff, 0xfe, 0xfe, 0xfe, 0xff, 0xfe, 0xfe, 0xfe, 0xff, 0xfe, 0xfe,
0xfe, 0xff, 0xfe, 0xfe, 0xfe, 0xff, 0xfe, 0xfe, 0xfe, 0xff, 0xfe, 0xfe, 0xfe, 0xff, 0xfe,
0xfe, 0xfe, 0xff, 0xfe, 0xfe, 0xfe, 0xff, 0xfe, 0xfe, 0xfe, 0xff, 0xfe, 0xfe, 0xfe, 0xff,
0xfe, 0xfe, 0xfe, 0xff, 0xfe, 0xfe, 0xfe, 0xff, 0xfe, 0xfe, 0xfe, 0xff, 0xfe, 0xfe, 0xfe,
0xff, 0xfe, 0xfe, 0xfe, 0xff, 0xfe, 0xfe, 0xfe, 0xff, 0xfe, 0xfe, 0xfe, 0xff, 0xfe, 0xfe,
0xfe, 0xff, 0xfe, 0xfe, 0xfe, 0xff, 0xff, 0xff, 0xff, 0xff, 0x75, 0x83, 0xe6, 0xff, 0x14,
0x2c, 0xd6, 0xff, 0x4d, 0x5f, 0xe0, 0xff, 0xfc, 0xfc, 0xfe, 0xff, 0xff, 0xff, 0xfe, 0xff,
0xfe, 0xfe, 0xfe, 0xff, 0xfe, 0xfe, 0xfe, 0xff, 0xfe, 0xfe, 0xfe, 0xff, 0xfe, 0xfe, 0xfe,
0xff, 0xfe, 0xfe, 0xfe, 0xff, 0xfe, 0xfe, 0xfe, 0xff, 0xff, 0xff, 0xff, 0xff, 0xe7, 0xe9,
0xfa, 0xff, 0x32, 0x47, 0xdb, 0xff, 0x24, 0x3a, 0xd8, 0xff, 0x27, 0x3d, 0xd9, 0xff, 0x27,
0x3d, 0xd9, 0xff, 0x27, 0x3d, 0xd9, 0xff, 0x27, 0x3d, 0xd9, 0xff, 0x27, 0x3d, 0xd9, 0xff,
0x27, 0x3d, 0xd9, 0xff, 0x27, 0x3d, 0xd9, 0xff, 0x27, 0x3d, 0xd9, 0xff, 0x27, 0x3d, 0xd9,
0xff, 0x27, 0x3d, 0xd9, 0xff, 0x27, 0x3d, 0xd9, 0xff, 0x27, 0x3d, 0xd9, 0xff, 0x27, 0x3d,
0xd9, 0xff, 0x27, 0x3d, 0xd9, 0xff, 0x27, 0x3d, 0xd9, 0xff, 0x27, 0x3d, 0xd9, 0xff, 0x27,
0x3d, 0xd9, 0xff, 0x27, 0x3d, 0xd9, 0xff, 0x27, 0x3d, 0xd9, 0xff, 0x27, 0x3d, 0xd9, 0xff,
0x27, 0x3d, 0xd9, 0xff, 0x27, 0x3d, 0xd9, 0xff, 0x27, 0x3d, 0xd9, 0xff, 0x27, 0x3d, 0xd9,
0xff, 0x28, 0x3d, 0xd9, 0xff, 0x23, 0x3c, 0xd8, 0xb2, 0xff, 0xff, 0xff, 0x00, 0xff, 0xff,
0xff, 0x00, 0xff, 0xff, 0xff, 0x00, 0xff, 0xff, 0xff, 0x00, 0xff, 0xff, 0xff, 0x00, 0xff,
0xff, 0xff, 0x00, 0xff, 0xff, 0xff, 0x00, 0xff, 0xff, 0xff, 0x00, 0xff, 0xff, 0xff, 0x00,
0xff, 0xff, 0xff, 0x00, 0xff, 0xff, 0xff, 0x00, 0xff, 0xff, 0xff, 0x00, 0xff, 0xff, 0xff,
0x00, 0xff, 0xff, 0xff, 0x00, 0xff, 0xff, 0xff, 0x00, 0x28, 0x3e, 0xdd, 0xa0, 0x27, 0x3d,
0xd8, 0xff, 0x27, 0x3d, 0xd9, 0xff, 0x27, 0x3d, 0xd9, 0xff, 0x27, 0x3d, 0xd9, 0xff, 0x27,
0x3d, 0xd9, 0xff, 0x27, 0x3d, 0xd9, 0xff, 0x27, 0x3d, 0xd9, 0xff, 0x27, 0x3d, 0xd9, 0xff,
0x27, 0x3d, 0xd9, 0xff, 0x27, 0x3d, 0xd9, 0xff, 0x27, 0x3d, 0xd9, 0xff, 0x27, 0x3d, 0xd9,
0xff, 0x27, 0x3d, 0xd9, 0xff, 0x27, 0x3d, 0xd9, 0xff, 0x27, 0x3d, 0xd9, 0xff, 0x27, 0x3d,
0xd9, 0xff, 0x27, 0x3d, 0xd9, 0xff, 0x27, 0x3d, 0xd9, 0xff, 0x27, 0x3d, 0xd9, 0xff, 0x27,
0x3d, 0xd9, 0xff, 0x1b, 0x32, 0xd7, 0xff, 0x7e, 0x8b, 0xe8, 0xff, 0xff, 0xff, 0xff, 0xff,
0xfe, 0xfe, 0xfe, 0xff, 0xfe, 0xfe, 0xfe, 0xff, 0xfe, 0xfe, 0xfe, 0xff, 0xfe, 0xfe, 0xfe,
0xff, 0xfe, 0xfe, 0xfe, 0xff, 0xfe, 0xfe, 0xfe, 0xff, 0xfe, 0xfe, 0xfe, 0xff, 0xfe, 0xfe,
0xfe, 0xff, 0xfe, 0xfe, 0xfe, 0xff, 0xfe, 0xfe, 0xfe, 0xff, 0xfe, 0xfe, 0xfe, 0xff, 0xfe,
0xfe, 0xfe, 0xff, 0xfe, 0xfe, 0xfe, 0xff, 0xfe, 0xfe, 0xfe, 0xff, 0xfe, 0xfe, 0xfe, 0xff,
0xfe, 0xfe, 0xfe, 0xff, 0xfe, 0xfe, 0xfe, 0xff, 0xfe, 0xfe, 0xfe, 0xff, 0xfe, 0xfe, 0xfe,
0xff, 0xfe, 0xfe, 0xfe, 0xff, 0xfe, 0xfe, 0xfe, 0xff, 0xfe, 0xfe, 0xfe, 0xff, 0xfe, 0xfe,
0xfe, 0xff, 0xfe, 0xfe, 0xfe, 0xff, 0xfe, 0xfe, 0xfe, 0xff, 0xfe, 0xfe, 0xfe, 0xff, 0xfe,
0xfe, 0xfe, 0xff, 0xfe, 0xfe, 0xfe, 0xff, 0xfe, 0xfe, 0xfe, 0xff, 0xfe, 0xfe, 0xfe, 0xff,
0xfe, 0xfe, 0xfe, 0xff, 0xfe, 0xfe, 0xfe, 0xff, 0xfe, 0xfe, 0xfe, 0xff, 0xfe, 0xfe, 0xfe,
0xff, 0xfe, 0xfe, 0xfe, 0xff, 0xfe, 0xfe, 0xfe, 0xff, 0xfe, 0xfe, 0xfe, 0xff, 0xfe, 0xfe,
0xfe, 0xff, 0xfe, 0xfe, 0xfe, 0xff, 0xfe, 0xfe, 0xfe, 0xff, 0xfe, 0xfe, 0xfe, 0xff, 0xfe,
0xfe, 0xfe, 0xff, 0xfe, 0xfe, 0xfe, 0xff, 0xfe, 0xfe, 0xfe, 0xff, 0xfe, 0xfe, 0xfe, 0xff,
0xfe, 0xfe, 0xfe, 0xff, 0xfe, 0xfe, 0xfe, 0xff, 0xff, 0xff, 0xff, 0xff, 0x75, 0x83, 0xe6,
0xff, 0x14, 0x2c, 0xd6, 0xff, 0x4d, 0x5f, 0xe0, 0xff, 0xfc, 0xfc, 0xfe, 0xff, 0xff, 0xff,
0xfe, 0xff, 0xfe, 0xfe, 0xfe, 0xff, 0xfe, 0xfe, 0xfe, 0xff, 0xfe, 0xfe, 0xfe, 0xff, 0xfe,
0xfe, 0xfe, 0xff, 0xfe, 0xfe, 0xfe, 0xff, 0xfe, 0xfe, 0xfe, 0xff, 0xff, 0xff, 0xff, 0xff,
0xe7, 0xe9, 0xfa, 0xff, 0x32, 0x47, 0xdb, 0xff, 0x24, 0x3a, 0xd8, 0xff, 0x27, 0x3d, 0xd9,
0xff, 0x27, 0x3d, 0xd9, 0xff, 0x27, 0x3d, 0xd9, 0xff, 0x27, 0x3d, 0xd9, 0xff, 0x27, 0x3d,
0xd9, 0xff, 0x27, 0x3d, 0xd9, 0xff, 0x27, 0x3d, 0xd9, 0xff, 0x27, 0x3d, 0xd9, 0xff, 0x27,
0x3d, 0xd9, 0xff, 0x27, 0x3d, 0xd9, 0xff, 0x27, 0x3d, 0xd9, 0xff, 0x27, 0x3d, 0xd9, 0xff,
0x27, 0x3d, 0xd9, 0xff, 0x27, 0x3d, 0xd9, 0xff, 0x27, 0x3d, 0xd9, 0xff, 0x27, 0x3d, 0xd9,
0xff, 0x27, 0x3d, 0xd9, 0xff, 0x27, 0x3d, 0xd9, 0xff, 0x27, 0x3d, 0xd9, 0xff, 0x27, 0x3d,
0xd9, 0xff, 0x27, 0x3d, 0xd9, 0xff, 0x27, 0x3d, 0xd9, 0xff, 0x27, 0x3d, 0xd9, 0xff, 0x27,
0x3d, 0xd9, 0xff, 0x27, 0x3d, 0xd9, 0xff, 0x27, 0x3c, 0xd8, 0x8e, 0xff, 0xff, 0xff, 0x00,
0xff, 0xff, 0xff, 0x00, 0xff, 0xff, 0xff, 0x00, 0xff, 0xff, 0xff, 0x00, 0xff, 0xff, 0xff,
0x00, 0xff, 0xff, 0xff, 0x00, 0xff, 0xff, 0xff, 0x00, 0xff, 0xff, 0xff, 0x00, 0xff, 0xff,
0xff, 0x00, 0xff, 0xff, 0xff, 0x00, 0xff, 0xff, 0xff, 0x00, 0xff, 0xff, 0xff, 0x00, 0xff,
0xff, 0xff, 0x00, 0xff, 0xff, 0xff, 0x00, 0xff, 0xff, 0xff, 0x00, 0x20, 0x33, 0xb7, 0x85,
0x28, 0x3e, 0xdd, 0xff, 0x27, 0x3d, 0xd9, 0xff, 0x27, 0x3d, 0xd9, 0xff, 0x27, 0x3d, 0xd9,
0xff, 0x27, 0x3d, 0xd9, 0xff, 0x27, 0x3d, 0xd9, 0xff, 0x27, 0x3d, 0xd9, 0xff, 0x27, 0x3d,
0xd9, 0xff, 0x27, 0x3d, 0xd9, 0xff, 0x27, 0x3d, 0xd9, 0xff, 0x27, 0x3d, 0xd9, 0xff, 0x27,
0x3d, 0xd9, 0xff, 0x27, 0x3d, 0xd9, 0xff, 0x27, 0x3d, 0xd9, 0xff, 0x27, 0x3d, 0xd9, 0xff,
0x27, 0x3d, 0xd9, 0xff, 0x27, 0x3d, 0xd9, 0xff, 0x27, 0x3d, 0xd9, 0xff, 0x27, 0x3d, 0xd9,
0xff, 0x27, 0x3d, 0xd9, 0xff, 0x1b, 0x32, 0xd7, 0xff, 0x7e, 0x8b, 0xe8, 0xff, 0xff, 0xff,
0xff, 0xff, 0xfe, 0xfe, 0xfe, 0xff, 0xfe, 0xfe, 0xfe, 0xff, 0xfe, 0xfe, 0xfe, 0xff, 0xfe,
0xfe, 0xfe, 0xff, 0xfe, 0xfe, 0xfe, 0xff, 0xfe, 0xfe, 0xfe, 0xff, 0xfe, 0xfe, 0xfe, 0xff,
0xfe, 0xfe, 0xfe, 0xff, 0xfe, 0xfe, 0xfe, 0xff, 0xfe, 0xfe, 0xfe, 0xff, 0xfe, 0xfe, 0xfe,
0xff, 0xfe, 0xfe, 0xfe, 0xff, 0xfe, 0xfe, 0xfe, 0xff, 0xfe, 0xfe, 0xfe, 0xff, 0xfe, 0xfe,
0xfe, 0xff, 0xfe, 0xfe, 0xfe, 0xff, 0xfe, 0xfe, 0xfe, 0xff, 0xfe, 0xfe, 0xfe, 0xff, 0xfe,
0xfe, 0xfe, 0xff, 0xfe, 0xfe, 0xfe, 0xff, 0xfe, 0xfe, 0xfe, 0xff, 0xfe, 0xfe, 0xfe, 0xff,
0xfe, 0xfe, 0xfe, 0xff, 0xfe, 0xfe, 0xfe, 0xff, 0xfe, 0xfe, 0xfe, 0xff, 0xfe, 0xfe, 0xfe,
0xff, 0xfe, 0xfe, 0xfe, 0xff, 0xfe, 0xfe, 0xfe, 0xff, 0xfe, 0xfe, 0xfe, 0xff, 0xfe, 0xfe,
0xfe, 0xff, 0xfe, 0xfe, 0xfe, 0xff, 0xfe, 0xfe, 0xfe, 0xff, 0xfe, 0xfe, 0xfe, 0xff, 0xfe,
0xfe, 0xfe, 0xff, 0xfe, 0xfe, 0xfe, 0xff, 0xfe, 0xfe, 0xfe, 0xff, 0xfe, 0xfe, 0xfe, 0xff,
0xfe, 0xfe, 0xfe, 0xff, 0xfe, 0xfe, 0xfe, 0xff, 0xfe, 0xfe, 0xfe, 0xff, 0xfe, 0xfe, 0xfe,
0xff, 0xfe, 0xfe, 0xfe, 0xff, 0xfe, 0xfe, 0xfe, 0xff, 0xfe, 0xfe, 0xfe, 0xff, 0xfe, 0xfe,
0xfe, 0xff, 0xfe, 0xfe, 0xfe, 0xff, 0xfe, 0xfe, 0xfe, 0xff, 0xff, 0xff, 0xff, 0xff, 0x75,
0x83, 0xe6, 0xff, 0x14, 0x2c, 0xd6, 0xff, 0x4d, 0x5f, 0xe0, 0xff, 0xfc, 0xfc, 0xfe, 0xff,
0xff, 0xff, 0xfe, 0xff, 0xfe, 0xfe, 0xfe, 0xff, 0xfe, 0xfe, 0xfe, 0xff, 0xfe, 0xfe, 0xfe,
0xff, 0xfe, 0xfe, 0xfe, 0xff, 0xfe, 0xfe, 0xfe, 0xff, 0xfe, 0xfe, 0xfe, 0xff, 0xff, 0xff,
0xff, 0xff, 0xe7, 0xe9, 0xfa, 0xff, 0x32, 0x47, 0xdb, 0xff, 0x24, 0x3a, 0xd8, 0xff, 0x27,
0x3d, 0xd9, 0xff, 0x27, 0x3d, 0xd9, 0xff, 0x27, 0x3d, 0xd9, 0xff, 0x27, 0x3d, 0xd9, 0xff,
0x27, 0x3d, 0xd9, 0xff, 0x27, 0x3d, 0xd9, 0xff, 0x27, 0x3d, 0xd9, 0xff, 0x27, 0x3d, 0xd9,
0xff, 0x27, 0x3d, 0xd9, 0xff, 0x27, 0x3d, 0xd9, 0xff, 0x27, 0x3d, 0xd9, 0xff, 0x27, 0x3d,
0xd9, 0xff, 0x27, 0x3d, 0xd9, 0xff, 0x27, 0x3d, 0xd9, 0xff, 0x27, 0x3d, 0xd9, 0xff, 0x27,
0x3d, 0xd9, 0xff, 0x27, 0x3d, 0xd9, 0xff, 0x27, 0x3d, 0xd9, 0xff, 0x27, 0x3d, 0xd9, 0xff,
0x27, 0x3d, 0xd9, 0xff, 0x27, 0x3d, 0xd9, 0xff, 0x27, 0x3d, 0xd9, 0xff, 0x27, 0x3d, 0xd9,
0xff, 0x27, 0x3d, 0xd9, 0xff, 0x27, 0x3d, 0xd9, 0xff, 0x26, 0x3b, 0xd6, 0x64, 0xff, 0xff,
0xff, 0x00, 0xff, 0xff, 0xff, 0x00, 0xff, 0xff, 0xff, 0x00, 0xff, 0xff, 0xff, 0x00, 0xff,
0xff, 0xff, 0x00, 0xff, 0xff, 0xff, 0x00, 0xff, 0xff, 0xff, 0x00, 0xff, 0xff, 0xff, 0x00,
0xff, 0xff, 0xff, 0x00, 0xff, 0xff, 0xff, 0x00, 0xff, 0xff, 0xff, 0x00, 0xff, 0xff, 0xff,
0x00, 0xff, 0xff, 0xff, 0x00, 0xff, 0xff, 0xff, 0x00, 0xff, 0xff, 0xff, 0x00, 0x24, 0x39,
0xcc, 0x67, 0x27, 0x3d, 0xdb, 0xff, 0x27, 0x3d, 0xd9, 0xff, 0x27, 0x3d, 0xd9, 0xff, 0x27,
0x3d, 0xd9, 0xff, 0x27, 0x3d, 0xd9, 0xff, 0x27, 0x3d, 0xd9, 0xff, 0x27, 0x3d, 0xd9, 0xff,
0x27, 0x3d, 0xd9, 0xff, 0x27, 0x3d, 0xd9, 0xff, 0x27, 0x3d, 0xd9, 0xff, 0x27, 0x3d, 0xd9,
0xff, 0x27, 0x3d, 0xd9, 0xff, 0x27, 0x3d, 0xd9, 0xff, 0x27, 0x3d, 0xd9, 0xff, 0x27, 0x3d,
0xd9, 0xff, 0x27, 0x3d, 0xd9, 0xff, 0x27, 0x3d, 0xd9, 0xff, 0x27, 0x3d, 0xd9, 0xff, 0x27,
0x3d, 0xd9, 0xff, 0x27, 0x3d, 0xd9, 0xff, 0x1b, 0x32, 0xd7, 0xff, 0x7e, 0x8b, 0xe8, 0xff,
0xff, 0xff, 0xff, 0xff, 0xfe, 0xfe, 0xfe, 0xff, 0xfe, 0xfe, 0xfe, 0xff, 0xfe, 0xfe, 0xfe,
0xff, 0xfe, 0xfe, 0xfe, 0xff, 0xfe, 0xfe, 0xfe, 0xff, 0xfe, 0xfe, 0xfe, 0xff, 0xfe, 0xfe,
0xfe, 0xff, 0xfe, 0xfe, 0xfe, 0xff, 0xfe, 0xfe, 0xfe, 0xff, 0xfe, 0xfe, 0xfe, 0xff, 0xfe,
0xfe, 0xfe, 0xff, 0xfe, 0xfe, 0xfe, 0xff, 0xfe, 0xfe, 0xfe, 0xff, 0xfe, 0xfe, 0xfe, 0xff,
0xfe, 0xfe, 0xfe, 0xff, 0xfe, 0xfe, 0xfe, 0xff, 0xfe, 0xfe, 0xfe, 0xff, 0xfe, 0xfe, 0xfe,
0xff, 0xfe, 0xfe, 0xfe, 0xff, 0xfe, 0xfe, 0xfe, 0xff, 0xfe, 0xfe, 0xfe, 0xff, 0xfe, 0xfe,
0xfe, 0xff, 0xfe, 0xfe, 0xfe, 0xff, 0xfe, 0xfe, 0xfe, 0xff, 0xfe, 0xfe, 0xfe, 0xff, 0xfe,
0xfe, 0xfe, 0xff, 0xfe, 0xfe, 0xfe, 0xff, 0xfe, 0xfe, 0xfe, 0xff, 0xfe, 0xfe, 0xfe, 0xff,
0xfe, 0xfe, 0xfe, 0xff, 0xfe, 0xfe, 0xfe, 0xff, 0xfe, 0xfe, 0xfe, 0xff, 0xfe, 0xfe, 0xfe,
0xff, 0xfe, 0xfe, 0xfe, 0xff, 0xfe, 0xfe, 0xfe, 0xff, 0xfe, 0xfe, 0xfe, 0xff, 0xfe, 0xfe,
0xfe, 0xff, 0xfe, 0xfe, 0xfe, 0xff, 0xfe, 0xfe, 0xfe, 0xff, 0xfe, 0xfe, 0xfe, 0xff, 0xfe,
0xfe, 0xfe, 0xff, 0xfe, 0xfe, 0xfe, 0xff, 0xfe, 0xfe, 0xfe, 0xff, 0xfe, 0xfe, 0xfe, 0xff,
0xfe, 0xfe, 0xfe, 0xff, 0xfe, 0xfe, 0xfe, 0xff, 0xfe, 0xfe, 0xfe, 0xff, 0xff, 0xff, 0xff,
0xff, 0x75, 0x83, 0xe6, 0xff, 0x14, 0x2c, 0xd6, 0xff, 0x4d, 0x5f, 0xe0, 0xff, 0xfc, 0xfc,
0xfe, 0xff, 0xff, 0xff, 0xfe, 0xff, 0xfe, 0xfe, 0xfe, 0xff, 0xfe, 0xfe, 0xfe, 0xff, 0xfe,
0xfe, 0xfe, 0xff, 0xfe, 0xfe, 0xfe, 0xff, 0xfe, 0xfe, 0xfe, 0xff, 0xfe, 0xfe, 0xfe, 0xff,
0xff, 0xff, 0xff, 0xff, 0xe7, 0xe9, 0xfa, 0xff, 0x32, 0x47, 0xdb, 0xff, 0x24, 0x3a, 0xd8,
0xff, 0x27, 0x3d, 0xd9, 0xff, 0x27, 0x3d, 0xd9, 0xff, 0x27, 0x3d, 0xd9, 0xff, 0x27, 0x3d,
0xd9, 0xff, 0x27, 0x3d, 0xd9, 0xff, 0x27, 0x3d, 0xd9, 0xff, 0x27, 0x3d, 0xd9, 0xff, 0x27,
0x3d, 0xd9, 0xff, 0x27, 0x3d, 0xd9, 0xff, 0x27, 0x3d, 0xd9, 0xff, 0x27, 0x3d, 0xd9, 0xff,
0x27, 0x3d, 0xd9, 0xff, 0x27, 0x3d, 0xd9, 0xff, 0x27, 0x3d, 0xd9, 0xff, 0x27, 0x3d, 0xd9,
0xff, 0x27, 0x3d, 0xd9, 0xff, 0x27, 0x3d, 0xd9, 0xff, 0x27, 0x3d, 0xd9, 0xff, 0x27, 0x3d,
0xd9, 0xff, 0x27, 0x3d, 0xd9, 0xff, 0x27, 0x3d, 0xd9, 0xff, 0x27, 0x3d, 0xd9, 0xff, 0x27,
0x3d, 0xd9, 0xff, 0x27, 0x3d, 0xd9, 0xff, 0x28, 0x3e, 0xdd, 0xff, 0x1a, 0x28, 0x8c, 0x3a,
0xff, 0xff, 0xff, 0x00, 0xff, 0xff, 0xff, 0x00, 0xff, 0xff, 0xff, 0x00, 0xff, 0xff, 0xff,
0x00, 0xff, 0xff, 0xff, 0x00, 0xff, 0xff, 0xff, 0x00, 0xff, 0xff, 0xff, 0x00, 0xff, 0xff,
0xff, 0x00, 0xff, 0xff, 0xff, 0x00, 0xff, 0xff, 0xff, 0x00, 0xff, 0xff, 0xff, 0x00, 0xff,
0xff, 0xff, 0x00, 0xff, 0xff, 0xff, 0x00, 0xff, 0xff, 0xff, 0x00, 0xff, 0xff, 0xff, 0x00,
0x21, 0x38, 0xd8, 0x40, 0x27, 0x3d, 0xd9, 0xff, 0x27, 0x3d, 0xd9, 0xff, 0x27, 0x3d, 0xd9,
0xff, 0x27, 0x3d, 0xd9, 0xff, 0x27, 0x3d, 0xd9, 0xff, 0x27, 0x3d, 0xd9, 0xff, 0x27, 0x3d,
0xd9, 0xff, 0x27, 0x3d, 0xd9, 0xff, 0x27, 0x3d, 0xd9, 0xff, 0x27, 0x3d, 0xd9, 0xff, 0x27,
0x3d, 0xd9, 0xff, 0x27, 0x3d, 0xd9, 0xff, 0x27, 0x3d, 0xd9, 0xff, 0x27, 0x3d, 0xd9, 0xff,
0x27, 0x3d, 0xd9, 0xff, 0x27, 0x3d, 0xd9, 0xff, 0x27, 0x3d, 0xd9, 0xff, 0x27, 0x3d, 0xd9,
0xff, 0x27, 0x3d, 0xd9, 0xff, 0x27, 0x3d, 0xd9, 0xff, 0x1b, 0x32, 0xd7, 0xff, 0x7e, 0x8b,
0xe8, 0xff, 0xff, 0xff, 0xff, 0xff, 0xfe, 0xfe, 0xfe, 0xff, 0xfe, 0xfe, 0xfe, 0xff, 0xfe,
0xfe, 0xfe, 0xff, 0xfe, 0xfe, 0xfe, 0xff, 0xfe, 0xfe, 0xfe, 0xff, 0xfe, 0xfe, 0xfe, 0xff,
0xfe, 0xfe, 0xfe, 0xff, 0xfe, 0xfe, 0xfe, 0xff, 0xfe, 0xfe, 0xfe, 0xff, 0xfe, 0xfe, 0xfe,
0xff, 0xfe, 0xfe, 0xfe, 0xff, 0xfe, 0xfe, 0xfe, 0xff, 0xfe, 0xfe, 0xfe, 0xff, 0xfe, 0xfe,
0xfe, 0xff, 0xfe, 0xfe, 0xfe, 0xff, 0xfe, 0xfe, 0xfe, 0xff, 0xfe, 0xfe, 0xfe, 0xff, 0xfe,
0xfe, 0xfe, 0xff, 0xfe, 0xfe, 0xfe, 0xff, 0xfe, 0xfe, 0xfe, 0xff, 0xfe, 0xfe, 0xfe, 0xff,
0xfe, 0xfe, 0xfe, 0xff, 0xfe, 0xfe, 0xfe, 0xff, 0xfe, 0xfe, 0xfe, 0xff, 0xfe, 0xfe, 0xfe,
0xff, 0xfe, 0xfe, 0xfe, 0xff, 0xfe, 0xfe, 0xfe, 0xff, 0xfe, 0xfe, 0xfe, 0xff, 0xfe, 0xfe,
0xfe, 0xff, 0xfe, 0xfe, 0xfe, 0xff, 0xfe, 0xfe, 0xfe, 0xff, 0xfe, 0xfe, 0xfe, 0xff, 0xfe,
0xfe, 0xfe, 0xff, 0xfe, 0xfe, 0xfe, 0xff, 0xfe, 0xfe, 0xfe, 0xff, 0xfe, 0xfe, 0xfe, 0xff,
0xfe, 0xfe, 0xfe, 0xff, 0xfe, 0xfe, 0xfe, 0xff, 0xfe, 0xfe, 0xfe, 0xff, 0xfe, 0xfe, 0xfe,
0xff, 0xfe, 0xfe, 0xfe, 0xff, 0xfe, 0xfe, 0xfe, 0xff, 0xfe, 0xfe, 0xfe, 0xff, 0xfe, 0xfe,
0xfe, 0xff, 0xfe, 0xfe, 0xfe, 0xff, 0xfe, 0xfe, 0xfe, 0xff, 0xfe, 0xfe, 0xfe, 0xff, 0xff,
0xff, 0xff, 0xff, 0x75, 0x83, 0xe6, 0xff, 0x14, 0x2c, 0xd6, 0xff, 0x4d, 0x5f, 0xe0, 0xff,
0xfc, 0xfc, 0xfe, 0xff, 0xff, 0xff, 0xfe, 0xff, 0xfe, 0xfe, 0xfe, 0xff, 0xfe, 0xfe, 0xfe,
0xff, 0xfe, 0xfe, 0xfe, 0xff, 0xfe, 0xfe, 0xfe, 0xff, 0xfe, 0xfe, 0xfe, 0xff, 0xfe, 0xfe,
0xfe, 0xff, 0xff, 0xff, 0xff, 0xff, 0xe7, 0xe9, 0xfa, 0xff, 0x32, 0x47, 0xdb, 0xff, 0x24,
0x3a, 0xd8, 0xff, 0x27, 0x3d, 0xd9, 0xff, 0x27, 0x3d, 0xd9, 0xff, 0x27, 0x3d, 0xd9, 0xff,
0x27, 0x3d, 0xd9, 0xff, 0x27, 0x3d, 0xd9, 0xff, 0x27, 0x3d, 0xd9, 0xff, 0x27, 0x3d, 0xd9,
0xff, 0x27, 0x3d, 0xd9, 0xff, 0x27, 0x3d, 0xd9, 0xff, 0x27, 0x3d, 0xd9, 0xff, 0x27, 0x3d,
0xd9, 0xff, 0x27, 0x3d, 0xd9, 0xff, 0x27, 0x3d, 0xd9, 0xff, 0x27, 0x3d, 0xd9, 0xff, 0x27,
0x3d, 0xd9, 0xff, 0x27, 0x3d, 0xd9, 0xff, 0x27, 0x3d, 0xd9, 0xff, 0x27, 0x3d, 0xd9, 0xff,
0x27, 0x3d, 0xd9, 0xff, 0x27, 0x3d, 0xd9, 0xff, 0x27, 0x3d, 0xd9, 0xff, 0x27, 0x3d, 0xd9,
0xff, 0x27, 0x3d, 0xd9, 0xff, 0x27, 0x3d, 0xd9, 0xff, 0x26, 0x3c, 0xd8, 0xef, 0x1b, 0x29,
0xc8, 0x16, 0xff, 0xff, 0xff, 0x00, 0xff, 0xff, 0xff, 0x00, 0xff, 0xff, 0xff, 0x00, 0xff,
0xff, 0xff, 0x00, 0xff, 0xff, 0xff, 0x00, 0xff, 0xff, 0xff, 0x00, 0xff, 0xff, 0xff, 0x00,
0xff, 0xff, 0xff, 0x00, 0xff, 0xff, 0xff, 0x00, 0xff, 0xff, 0xff, 0x00, 0xff, 0xff, 0xff,
0x00, 0xff, 0xff, 0xff, 0x00, 0xff, 0xff, 0xff, 0x00, 0xff, 0xff, 0xff, 0x00, 0xff, 0xff,
0xff, 0x00, 0x27, 0x3d, 0xd7, 0x1b, 0x27, 0x3d, 0xd9, 0xf3, 0x27, 0x3d, 0xd9, 0xff, 0x27,
0x3d, 0xd9, 0xff, 0x27, 0x3d, 0xd9, 0xff, 0x27, 0x3d, 0xd9, 0xff, 0x27, 0x3d, 0xd9, 0xff,
0x27, 0x3d, 0xd9, 0xff, 0x27, 0x3d, 0xd9, 0xff, 0x27, 0x3d, 0xd9, 0xff, 0x27, 0x3d, 0xd9,
0xff, 0x27, 0x3d, 0xd9, 0xff, 0x27, 0x3d, 0xd9, 0xff, 0x27, 0x3d, 0xd9, 0xff, 0x27, 0x3d,
0xd9, 0xff, 0x27, 0x3d, 0xd9, 0xff, 0x27, 0x3d, 0xd9, 0xff, 0x27, 0x3d, 0xd9, 0xff, 0x27,
0x3d, 0xd9, 0xff, 0x27, 0x3d, 0xd9, 0xff, 0x27, 0x3d, 0xd9, 0xff, 0x1b, 0x32, 0xd7, 0xff,
0x7e, 0x8b, 0xe8, 0xff, 0xff, 0xff, 0xff, 0xff, 0xfe, 0xfe, 0xfe, 0xff, 0xfe, 0xfe, 0xfe,
0xff, 0xfe, 0xfe, 0xfe, 0xff, 0xfe, 0xfe, 0xfe, 0xff, 0xfe, 0xfe, 0xfe, 0xff, 0xfe, 0xfe,
0xfe, 0xff, 0xfe, 0xfe, 0xfe, 0xff, 0xfe, 0xfe, 0xfe, 0xff, 0xfe, 0xfe, 0xfe, 0xff, 0xfe,
0xfe, 0xfe, 0xff, 0xfe, 0xfe, 0xfe, 0xff, 0xfe, 0xfe, 0xfe, 0xff, 0xfe, 0xfe, 0xfe, 0xff,
0xfe, 0xfe, 0xfe, 0xff, 0xff, 0xff, 0xfe, 0xff, 0xff, 0xff, 0xff, 0xff, 0xff, 0xff, 0xff,
0xff, 0xff, 0xff, 0xff, 0xff, 0xff, 0xff, 0xff, 0xff, 0xff, 0xff, 0xff, 0xff, 0xff, 0xff,
0xff, 0xff, 0xff, 0xff, 0xff, 0xff, 0xff, 0xff, 0xff, 0xff, 0xff, 0xff, 0xff, 0xff, 0xff,
0xff, 0xff, 0xff, 0xff, 0xff, 0xff, 0xff, 0xff, 0xff, 0xff, 0xff, 0xff, 0xff, 0xff, 0xff,
0xff, 0xff, 0xff, 0xff, 0xff, 0xff, 0xff, 0xff, 0xff, 0xff, 0xff, 0xff, 0xff, 0xff, 0xff,
0xff, 0xff, 0xff, 0xfe, 0xff, 0xfe, 0xfe, 0xfe, 0xff, 0xfe, 0xfe, 0xfe, 0xff, 0xfe, 0xfe,
0xfe, 0xff, 0xfe, 0xfe, 0xfe, 0xff, 0xfe, 0xfe, 0xfe, 0xff, 0xfe, 0xfe, 0xfe, 0xff, 0xfe,
0xfe, 0xfe, 0xff, 0xfe, 0xfe, 0xfe, 0xff, 0xfe, 0xfe, 0xfe, 0xff, 0xfe, 0xfe, 0xfe, 0xff,
0xfe, 0xfe, 0xfe, 0xff, 0xfe, 0xfe, 0xfe, 0xff, 0xfe, 0xfe, 0xfe, 0xff, 0xfe, 0xfe, 0xfe,
0xff, 0xff, 0xff, 0xff, 0xff, 0x75, 0x83, 0xe6, 0xff, 0x14, 0x2c, 0xd6, 0xff, 0x4d, 0x5f,
0xe0, 0xff, 0xfc, 0xfc, 0xfe, 0xff, 0xff, 0xff, 0xfe, 0xff, 0xfe, 0xfe, 0xfe, 0xff, 0xfe,
0xfe, 0xfe, 0xff, 0xfe, 0xfe, 0xfe, 0xff, 0xfe, 0xfe, 0xfe, 0xff, 0xfe, 0xfe, 0xfe, 0xff,
0xfe, 0xfe, 0xfe, 0xff, 0xff, 0xff, 0xff, 0xff, 0xe7, 0xe9, 0xfa, 0xff, 0x32, 0x47, 0xdb,
0xff, 0x24, 0x3a, 0xd8, 0xff, 0x27, 0x3d, 0xd9, 0xff, 0x27, 0x3d, 0xd9, 0xff, 0x27, 0x3d,
0xd9, 0xff, 0x27, 0x3d, 0xd9, 0xff, 0x27, 0x3d, 0xd9, 0xff, 0x27, 0x3d, 0xd9, 0xff, 0x27,
0x3d, 0xd9, 0xff, 0x27, 0x3d, 0xd9, 0xff, 0x27, 0x3d, 0xd9, 0xff, 0x27, 0x3d, 0xd9, 0xff,
0x27, 0x3d, 0xd9, 0xff, 0x27, 0x3d, 0xd9, 0xff, 0x27, 0x3d, 0xd9, 0xff, 0x27, 0x3d, 0xd9,
0xff, 0x27, 0x3d, 0xd9, 0xff, 0x27, 0x3d, 0xd9, 0xff, 0x27, 0x3d, 0xd9, 0xff, 0x27, 0x3d,
0xd9, 0xff, 0x27, 0x3d, 0xd9, 0xff, 0x27, 0x3d, 0xd9, 0xff, 0x27, 0x3d, 0xd9, 0xff, 0x27,
0x3d, 0xd9, 0xff, 0x27, 0x3d, 0xd9, 0xff, 0x27, 0x3d, 0xd9, 0xff, 0x26, 0x3c, 0xd8, 0xd9,
0x1f, 0x35, 0xd1, 0x05, 0xff, 0xff, 0xff, 0x00, 0xff, 0xff, 0xff, 0x00, 0xff, 0xff, 0xff,
0x00, 0xff, 0xff, 0xff, 0x00, 0xff, 0xff, 0xff, 0x00, 0xff, 0xff, 0xff, 0x00, 0xff, 0xff,
0xff, 0x00, 0xff, 0xff, 0xff, 0x00, 0xff, 0xff, 0xff, 0x00, 0xff, 0xff, 0xff, 0x00, 0xff,
0xff, 0xff, 0x00, 0xff, 0xff, 0xff, 0x00, 0xff, 0xff, 0xff, 0x00, 0xff, 0xff, 0xff, 0x00,
0xff, 0xff, 0xff, 0x00, 0x1d, 0x2d, 0xd2, 0x07, 0x25, 0x3a, 0xd8, 0xdd, 0x27, 0x3d, 0xd9,
0xff, 0x27, 0x3d, 0xd9, 0xff, 0x27, 0x3d, 0xd9, 0xff, 0x27, 0x3d, 0xd9, 0xff, 0x27, 0x3d,
0xd9, 0xff, 0x27, 0x3d, 0xd9, 0xff, 0x27, 0x3d, 0xd9, 0xff, 0x27, 0x3d, 0xd9, 0xff, 0x27,
0x3d, 0xd9, 0xff, 0x27, 0x3d, 0xd9, 0xff, 0x27, 0x3d, 0xd9, 0xff, 0x27, 0x3d, 0xd9, 0xff,
0x27, 0x3d, 0xd9, 0xff, 0x27, 0x3d, 0xd9, 0xff, 0x27, 0x3d, 0xd9, 0xff, 0x27, 0x3d, 0xd9,
0xff, 0x27, 0x3d, 0xd9, 0xff, 0x27, 0x3d, 0xd9, 0xff, 0x27, 0x3d, 0xd9, 0xff, 0x1b, 0x32,
0xd7, 0xff, 0x7e, 0x8b, 0xe8, 0xff, 0xff, 0xff, 0xff, 0xff, 0xfe, 0xfe, 0xfe, 0xff, 0xfe,
0xfe, 0xfe, 0xff, 0xfe, 0xfe, 0xfe, 0xff, 0xfe, 0xfe, 0xfe, 0xff, 0xfe, 0xfe, 0xfe, 0xff,
0xfe, 0xfe, 0xfe, 0xff, 0xfe, 0xfe, 0xfe, 0xff, 0xfe, 0xfe, 0xfe, 0xff, 0xfe, 0xfe, 0xfe,
0xff, 0xfe, 0xfe, 0xfe, 0xff, 0xfe, 0xfe, 0xfe, 0xff, 0xfe, 0xfe, 0xfe, 0xff, 0xfe, 0xfe,
0xfe, 0xff, 0xff, 0xff, 0xfe, 0xff, 0xfe, 0xfe, 0xfe, 0xff, 0xcf, 0xd4, 0xf6, 0xff, 0xca,
0xcf, 0xf5, 0xff, 0xcb, 0xd0, 0xf5, 0xff, 0xcb, 0xd0, 0xf5, 0xff, 0xcb, 0xd0, 0xf5, 0xff,
0xcb, 0xd0, 0xf5, 0xff, 0xcb, 0xd0, 0xf5, 0xff, 0xcb, 0xd0, 0xf5, 0xff, 0xcb, 0xd0, 0xf5,
0xff, 0xcb, 0xd0, 0xf5, 0xff, 0xcb, 0xd0, 0xf5, 0xff, 0xcb, 0xd0, 0xf5, 0xff, 0xcb, 0xd0,
0xf5, 0xff, 0xcb, 0xd0, 0xf5, 0xff, 0xcb, 0xd0, 0xf5, 0xff, 0xca, 0xd0, 0xf5, 0xff, 0xca,
0xd0, 0xf5, 0xff, 0xf8, 0xf9, 0xfd, 0xff, 0xff, 0xff, 0xff, 0xff, 0xfe, 0xfe, 0xfe, 0xff,
0xfe, 0xfe, 0xfe, 0xff, 0xfe, 0xfe, 0xfe, 0xff, 0xfe, 0xfe, 0xfe, 0xff, 0xfe, 0xfe, 0xfe,
0xff, 0xfe, 0xfe, 0xfe, 0xff, 0xfe, 0xfe, 0xfe, 0xff, 0xfe, 0xfe, 0xfe, 0xff, 0xfe, 0xfe,
0xfe, 0xff, 0xfe, 0xfe, 0xfe, 0xff, 0xfe, 0xfe, 0xfe, 0xff, 0xfe, 0xfe, 0xfe, 0xff, 0xfe,
0xfe, 0xfe, 0xff, 0xff, 0xff, 0xff, 0xff, 0x75, 0x83, 0xe6, 0xff, 0x14, 0x2c, 0xd6, 0xff,
0x4e, 0x60, 0xe0, 0xff, 0xff, 0xff, 0xff, 0xff, 0xff, 0xff, 0xff, 0xff, 0xff, 0xff, 0xff,
0xff, 0xff, 0xff, 0xff, 0xff, 0xff, 0xff, 0xff, 0xff, 0xff, 0xff, 0xff, 0xff, 0xff, 0xff,
0xff, 0xff, 0xff, 0xff, 0xff, 0xff, 0xff, 0xff, 0xff, 0xff, 0xeb, 0xec, 0xfb, 0xff, 0x32,
0x47, 0xdb, 0xff, 0x24, 0x3a, 0xd8, 0xff, 0x27, 0x3d, 0xd9, 0xff, 0x27, 0x3d, 0xd9, 0xff,
0x27, 0x3d, 0xd9, 0xff, 0x27, 0x3d, 0xd9, 0xff, 0x27, 0x3d, 0xd9, 0xff, 0x27, 0x3d, 0xd9,
0xff, 0x27, 0x3d, 0xd9, 0xff, 0x27, 0x3d, 0xd9, 0xff, 0x27, 0x3d, 0xd9, 0xff, 0x27, 0x3d,
0xd9, 0xff, 0x27, 0x3d, 0xd9, 0xff, 0x27, 0x3d, 0xd9, 0xff, 0x27, 0x3d, 0xd9, 0xff, 0x27,
0x3d, 0xd9, 0xff, 0x27, 0x3d, 0xd9, 0xff, 0x27, 0x3d, 0xd9, 0xff, 0x27, 0x3d, 0xd9, 0xff,
0x27, 0x3d, 0xd9, 0xff, 0x27, 0x3d, 0xd9, 0xff, 0x27, 0x3d, 0xd9, 0xff, 0x27, 0x3d, 0xd9,
0xff, 0x27, 0x3d, 0xd9, 0xff, 0x27, 0x3d, 0xd9, 0xff, 0x27, 0x3d, 0xd9, 0xff, 0x27, 0x3b,
0xdb, 0xc0, 0x24, 0x32, 0xd6, 0x00, 0xff, 0xff, 0xff, 0x00, 0xff, 0xff, 0xff, 0x00, 0xff,
0xff, 0xff, 0x00, 0xff, 0xff, 0xff, 0x00, 0xff, 0xff, 0xff, 0x00, 0xff, 0xff, 0xff, 0x00,
0xff, 0xff, 0xff, 0x00, 0xff, 0xff, 0xff, 0x00, 0xff, 0xff, 0xff, 0x00, 0xff, 0xff, 0xff,
0x00, 0xff, 0xff, 0xff, 0x00, 0xff, 0xff, 0xff, 0x00, 0xff, 0xff, 0xff, 0x00, 0xff, 0xff,
0xff, 0x00, 0xff, 0xff, 0xff, 0x00, 0x1f, 0x2f, 0xd1, 0x00, 0x26, 0x3b, 0xd7, 0xc3, 0x27,
0x3d, 0xd9, 0xff, 0x27, 0x3d, 0xd9, 0xff, 0x27, 0x3d, 0xd9, 0xff, 0x27, 0x3d, 0xd9, 0xff,
0x27, 0x3d, 0xd9, 0xff, 0x27, 0x3d, 0xd9, 0xff, 0x27, 0x3d, 0xd9, 0xff, 0x27, 0x3d, 0xd9,
0xff, 0x27, 0x3d, 0xd9, 0xff, 0x27, 0x3d, 0xd9, 0xff, 0x27, 0x3d, 0xd9, 0xff, 0x27, 0x3d,
0xd9, 0xff, 0x27, 0x3d, 0xd9, 0xff, 0x27, 0x3d, 0xd9, 0xff, 0x27, 0x3d, 0xd9, 0xff, 0x27,
0x3d, 0xd9, 0xff, 0x27, 0x3d, 0xd9, 0xff, 0x27, 0x3d, 0xd9, 0xff, 0x27, 0x3d, 0xd9, 0xff,
0x1b, 0x32, 0xd7, 0xff, 0x7e, 0x8b, 0xe8, 0xff, 0xff, 0xff, 0xff, 0xff, 0xfe, 0xfe, 0xfe,
0xff, 0xfe, 0xfe, 0xfe, 0xff, 0xfe, 0xfe, 0xfe, 0xff, 0xfe, 0xfe, 0xfe, 0xff, 0xfe, 0xfe,
0xfe, 0xff, 0xfe, 0xfe, 0xfe, 0xff, 0xfe, 0xfe, 0xfe, 0xff, 0xfe, 0xfe, 0xfe, 0xff, 0xfe,
0xfe, 0xfe, 0xff, 0xfe, 0xfe, 0xfe, 0xff, 0xfe, 0xfe, 0xfe, 0xff, 0xfe, 0xfe, 0xfe, 0xff,
0xfe, 0xfe, 0xfe, 0xff, 0xff, 0xff, 0xff, 0xff, 0x93, 0x9e, 0xec, 0xff, 0x1b, 0x32, 0xd7,
0xff, 0x21, 0x38, 0xd8, 0xff, 0x22, 0x38, 0xd8, 0xff, 0x22, 0x38, 0xd8, 0xff, 0x22, 0x38,
0xd8, 0xff, 0x22, 0x38, 0xd8, 0xff, 0x22, 0x38, 0xd8, 0xff, 0x22, 0x38, 0xd8, 0xff, 0x22,
0x38, 0xd8, 0xff, 0x22, 0x38, 0xd8, 0xff, 0x22, 0x38, 0xd8, 0xff, 0x22, 0x38, 0xd8, 0xff,
0x22, 0x38, 0xd8, 0xff, 0x22, 0x38, 0xd8, 0xff, 0x22, 0x38, 0xd8, 0xff, 0x22, 0x38, 0xd8,
0xff, 0x1b, 0x32, 0xd7, 0xff, 0x6a, 0x7a, 0xe5, 0xff, 0xfe, 0xfe, 0xff, 0xff, 0xff, 0xff,
0xfe, 0xff, 0xfe, 0xfe, 0xfe, 0xff, 0xfe, 0xfe, 0xfe, 0xff, 0xfe, 0xfe, 0xfe, 0xff, 0xfe,
0xfe, 0xfe, 0xff, 0xfe, 0xfe, 0xfe, 0xff, 0xfe, 0xfe, 0xfe, 0xff, 0xfe, 0xfe, 0xfe, 0xff,
0xfe, 0xfe, 0xfe, 0xff, 0xfe, 0xfe, 0xfe, 0xff, 0xfe, 0xfe, 0xfe, 0xff, 0xfe, 0xfe, 0xfe,
0xff, 0xfe, 0xfe, 0xfe, 0xff, 0xff, 0xff, 0xff, 0xff, 0x75, 0x83, 0xe6, 0xff, 0x14, 0x2c,
0xd6, 0xff, 0x4a, 0x5c, 0xdf, 0xff, 0xec, 0xed, 0xfb, 0xff, 0xef, 0xf0, 0xfb, 0xff, 0xee,
0xef, 0xfb, 0xff, 0xee, 0xef, 0xfb, 0xff, 0xee, 0xef, 0xfb, 0xff, 0xee, 0xef, 0xfb, 0xff,
0xee, 0xef, 0xfb, 0xff, 0xee, 0xef, 0xfb, 0xff, 0xef, 0xf1, 0xfc, 0xff, 0xd8, 0xdc, 0xf7,
0xff, 0x31, 0x46, 0xdb, 0xff, 0x24, 0x3a, 0xd8, 0xff, 0x27, 0x3d, 0xd9, 0xff, 0x27, 0x3d,
0xd9, 0xff, 0x27, 0x3d, 0xd9, 0xff, 0x27, 0x3d, 0xd9, 0xff, 0x27, 0x3d, 0xd9, 0xff, 0x27,
0x3d, 0xd9, 0xff, 0x27, 0x3d, 0xd9, 0xff, 0x27, 0x3d, 0xd9, 0xff, 0x27, 0x3d, 0xd9, 0xff,
0x27, 0x3d, 0xd9, 0xff, 0x27, 0x3d, 0xd9, 0xff, 0x27, 0x3d, 0xd9, 0xff, 0x27, 0x3d, 0xd9,
0xff, 0x27, 0x3d, 0xd9, 0xff, 0x27, 0x3d, 0xd9, 0xff, 0x27, 0x3d, 0xd9, 0xff, 0x27, 0x3d,
0xd9, 0xff, 0x27, 0x3d, 0xd9, 0xff, 0x27, 0x3d, 0xd9, 0xff, 0x27, 0x3d, 0xd9, 0xff, 0x27,
0x3d, 0xd9, 0xff, 0x27, 0x3d, 0xd9, 0xff, 0x27, 0x3d, 0xd9, 0xff, 0x28, 0x3f, 0xdf, 0xff,
0x1e, 0x2e, 0xa9, 0x84, 0x14, 0x1d, 0x77, 0x00, 0xff, 0xff, 0xff, 0x00, 0xff, 0xff, 0xff,
0x00, 0xff, 0xff, 0xff, 0x00, 0xff, 0xff, 0xff, 0x00, 0xff, 0xff, 0xff, 0x00, 0xff, 0xff,
0xff, 0x00, 0xff, 0xff, 0xff, 0x00, 0xff, 0xff, 0xff, 0x00, 0xff, 0xff, 0xff, 0x00, 0xff,
0xff, 0xff, 0x00, 0xff, 0xff, 0xff, 0x00, 0xff, 0xff, 0xff, 0x00, 0xff, 0xff, 0xff, 0x00,
0xff, 0xff, 0xff, 0x00, 0xff, 0xff, 0xff, 0x00, 0x27, 0x3e, 0xd8, 0x00, 0x27, 0x3e, 0xd9,
0x84, 0x27, 0x3d, 0xd9, 0xff, 0x27, 0x3d, 0xd9, 0xff, 0x27, 0x3d, 0xd9, 0xff, 0x27, 0x3d,
0xd9, 0xff, 0x27, 0x3d, 0xd9, 0xff, 0x27, 0x3d, 0xd9, 0xff, 0x27, 0x3d, 0xd9, 0xff, 0x27,
0x3d, 0xd9, 0xff, 0x27, 0x3d, 0xd9, 0xff, 0x27, 0x3d, 0xd9, 0xff, 0x27, 0x3d, 0xd9, 0xff,
0x27, 0x3d, 0xd9, 0xff, 0x27, 0x3d, 0xd9, 0xff, 0x27, 0x3d, 0xd9, 0xff, 0x27, 0x3d, 0xd9,
0xff, 0x27, 0x3d, 0xd9, 0xff, 0x27, 0x3d, 0xd9, 0xff, 0x27, 0x3d, 0xd9, 0xff, 0x27, 0x3d,
0xd9, 0xff, 0x1b, 0x32, 0xd7, 0xff, 0x7e, 0x8b, 0xe8, 0xff, 0xff, 0xff, 0xff, 0xff, 0xfe,
0xfe, 0xfe, 0xff, 0xfe, 0xfe, 0xfe, 0xff, 0xfe, 0xfe, 0xfe, 0xff, 0xfe, 0xfe, 0xfe, 0xff,
0xfe, 0xfe, 0xfe, 0xff, 0xfe, 0xfe, 0xfe, 0xff, 0xfe, 0xfe, 0xfe, 0xff, 0xfe, 0xfe, 0xfe,
0xff, 0xfe, 0xfe, 0xfe, 0xff, 0xfe, 0xfe, 0xfe, 0xff, 0xfe, 0xfe, 0xfe, 0xff, 0xfe, 0xfe,
0xfe, 0xff, 0xff, 0xff, 0xff, 0xff, 0xbf, 0xc5, 0xf3, 0xff, 0x24, 0x3a, 0xd8, 0xff, 0x23,
0x3a, 0xd8, 0xff, 0x26, 0x3c, 0xd9, 0xff, 0x26, 0x3c, 0xd9, 0xff, 0x26, 0x3c, 0xd9, 0xff,
0x26, 0x3c, 0xd9, 0xff, 0x26, 0x3c, 0xd9, 0xff, 0x26, 0x3c, 0xd9, 0xff, 0x26, 0x3c, 0xd9,
0xff, 0x26, 0x3c, 0xd9, 0xff, 0x26, 0x3c, 0xd9, 0xff, 0x26, 0x3c, 0xd9, 0xff, 0x26, 0x3c,
0xd9, 0xff, 0x26, 0x3c, 0xd9, 0xff, 0x26, 0x3c, 0xd9, 0xff, 0x26, 0x3c, 0xd9, 0xff, 0x26,
0x3c, 0xd9, 0xff, 0x25, 0x3c, 0xd9, 0xff, 0x19, 0x31, 0xd7, 0xff, 0xa3, 0xac, 0xee, 0xff,
0xff, 0xff, 0xff, 0xff, 0xfe, 0xfe, 0xfe, 0xff, 0xfe, 0xfe, 0xfe, 0xff, 0xfe, 0xfe, 0xfe,
0xff, 0xfe, 0xfe, 0xfe, 0xff, 0xfe, 0xfe, 0xfe, 0xff, 0xfe, 0xfe, 0xfe, 0xff, 0xfe, 0xfe,
0xfe, 0xff, 0xfe, 0xfe, 0xfe, 0xff, 0xfe, 0xfe, 0xfe, 0xff, 0xfe, 0xfe, 0xfe, 0xff, 0xfe,
0xfe, 0xfe, 0xff, 0xfe, 0xfe, 0xfe, 0xff, 0xff, 0xff, 0xff, 0xff, 0x75, 0x83, 0xe6, 0xff,
0x1b, 0x33, 0xd7, 0xff, 0x2a, 0x3f, 0xd9, 0xff, 0x35, 0x4a, 0xdc, 0xff, 0x36, 0x4a, 0xdc,
0xff, 0x36, 0x4a, 0xdc, 0xff, 0x36, 0x4a, 0xdc, 0xff, 0x36, 0x4a, 0xdc, 0xff, 0x36, 0x4a,
0xdc, 0xff, 0x36, 0x4a, 0xdc, 0xff, 0x36, 0x4a, 0xdc, 0xff, 0x36, 0x4b, 0xdc, 0xff, 0x34,
0x49, 0xdb, 0xff, 0x28, 0x3e, 0xd9, 0xff, 0x27, 0x3d, 0xd9, 0xff, 0x27, 0x3d, 0xd9, 0xff,
0x27, 0x3d, 0xd9, 0xff, 0x27, 0x3d, 0xd9, 0xff, 0x27, 0x3d, 0xd9, 0xff, 0x27, 0x3d, 0xd9,
0xff, 0x27, 0x3d, 0xd9, 0xff, 0x27, 0x3d, 0xd9, 0xff, 0x27, 0x3d, 0xd9, 0xff, 0x27, 0x3d,
0xd9, 0xff, 0x27, 0x3d, 0xd9, 0xff, 0x27, 0x3d, 0xd9, 0xff, 0x27, 0x3d, 0xd9, 0xff, 0x27,
0x3d, 0xd9, 0xff, 0x27, 0x3d, 0xd9, 0xff, 0x27, 0x3d, 0xd9, 0xff, 0x27, 0x3d, 0xd9, 0xff,
0x27, 0x3d, 0xd9, 0xff, 0x27, 0x3d, 0xd9, 0xff, 0x27, 0x3d, 0xd9, 0xff, 0x27, 0x3d, 0xd9,
0xff, 0x27, 0x3d, 0xd9, 0xff, 0x27, 0x3d, 0xd9, 0xff, 0x27, 0x3d, 0xd9, 0xff, 0x28, 0x3e,
0xdc, 0xff, 0x16, 0x22, 0xa8, 0x3b, 0x0e, 0x16, 0x8c, 0x00, 0xff, 0xff, 0xff, 0x00, 0xff,
0xff, 0xff, 0x00, 0xff, 0xff, 0xff, 0x00, 0xff, 0xff, 0xff, 0x00, 0xff, 0xff, 0xff, 0x00,
0xff, 0xff, 0xff, 0x00, 0xff, 0xff, 0xff, 0x00, 0xff, 0xff, 0xff, 0x00, 0xff, 0xff, 0xff,
0x00, 0xff, 0xff, 0xff, 0x00, 0xff, 0xff, 0xff, 0x00, 0xff, 0xff, 0xff, 0x00, 0xff, 0xff,
0xff, 0x00, 0xff, 0xff, 0xff, 0x00, 0xff, 0xff, 0xff, 0x00, 0x21, 0x35, 0xcc, 0x00, 0x22,
0x36, 0xcd, 0x36, 0x27, 0x3d, 0xd8, 0xfc, 0x27, 0x3d, 0xd9, 0xff, 0x27, 0x3d, 0xd9, 0xff,
0x27, 0x3d, 0xd9, 0xff, 0x27, 0x3d, 0xd9, 0xff, 0x27, 0x3d, 0xd9, 0xff, 0x27, 0x3d, 0xd9,
0xff, 0x27, 0x3d, 0xd9, 0xff, 0x27, 0x3d, 0xd9, 0xff, 0x27, 0x3d, 0xd9, 0xff, 0x27, 0x3d,
0xd9, 0xff, 0x27, 0x3d, 0xd9, 0xff, 0x27, 0x3d, 0xd9, 0xff, 0x27, 0x3d, 0xd9, 0xff, 0x27,
0x3d, 0xd9, 0xff, 0x27, 0x3d, 0xd9, 0xff, 0x27, 0x3d, 0xd9, 0xff, 0x27, 0x3d, 0xd9, 0xff,
0x27, 0x3d, 0xd9, 0xff, 0x1b, 0x32, 0xd7, 0xff, 0x7e, 0x8b, 0xe8, 0xff, 0xff, 0xff, 0xff,
0xff, 0xfe, 0xfe, 0xfe, 0xff, 0xfe, 0xfe, 0xfe, 0xff, 0xfe, 0xfe, 0xfe, 0xff, 0xfe, 0xfe,
0xfe, 0xff, 0xfe, 0xfe, 0xfe, 0xff, 0xfe, 0xfe, 0xfe, 0xff, 0xfe, 0xfe, 0xfe, 0xff, 0xfe,
0xfe, 0xfe, 0xff, 0xfe, 0xfe, 0xfe, 0xff, 0xfe, 0xfe, 0xfe, 0xff, 0xfe, 0xfe, 0xfe, 0xff,
0xff, 0xff, 0xff, 0xff, 0xe5, 0xe8, 0xfa, 0xff, 0x3f, 0x52, 0xdd, 0xff, 0x1f, 0x36, 0xd8,
0xff, 0x27, 0x3d, 0xd9, 0xff, 0x27, 0x3d, 0xd9, 0xff, 0x27, 0x3d, 0xd9, 0xff, 0x27, 0x3d,
0xd9, 0xff, 0x27, 0x3d, 0xd9, 0xff, 0x27, 0x3d, 0xd9, 0xff, 0x27, 0x3d, 0xd9, 0xff, 0x27,
0x3d, 0xd9, 0xff, 0x27, 0x3d, 0xd9, 0xff, 0x27, 0x3d, 0xd9, 0xff, 0x27, 0x3d, 0xd9, 0xff,
0x27, 0x3d, 0xd9, 0xff, 0x27, 0x3d, 0xd9, 0xff, 0x27, 0x3d, 0xd9, 0xff, 0x27, 0x3d, 0xd9,
0xff, 0x27, 0x3d, 0xd9, 0xff, 0x27, 0x3d, 0xd9, 0xff, 0x23, 0x3a, 0xd8, 0xff, 0x2a, 0x40,
0xda, 0xff, 0xd9, 0xdd, 0xf8, 0xff, 0xff, 0xff, 0xff, 0xff, 0xfe, 0xfe, 0xfe, 0xff, 0xfe,
0xfe, 0xfe, 0xff, 0xfe, 0xfe, 0xfe, 0xff, 0xfe, 0xfe, 0xfe, 0xff, 0xfe, 0xfe, 0xfe, 0xff,
0xfe, 0xfe, 0xfe, 0xff, 0xfe, 0xfe, 0xfe, 0xff, 0xfe, 0xfe, 0xfe, 0xff, 0xfe, 0xfe, 0xfe,
0xff, 0xfe, 0xfe, 0xfe, 0xff, 0xfe, 0xfe, 0xfe, 0xff, 0xff, 0xff, 0xff, 0xff, 0x75, 0x83,
0xe6, 0xff, 0x1b, 0x33, 0xd7, 0xff, 0x26, 0x3c, 0xd9, 0xff, 0x23, 0x39, 0xd8, 0xff, 0x23,
0x39, 0xd8, 0xff, 0x23, 0x39, 0xd8, 0xff, 0x23, 0x39, 0xd8, 0xff, 0x23, 0x39, 0xd8, 0xff,
0x23, 0x39, 0xd8, 0xff, 0x23, 0x39, 0xd8, 0xff, 0x23, 0x39, 0xd8, 0xff, 0x23, 0x39, 0xd8,
0xff, 0x23, 0x3a, 0xd8, 0xff, 0x27, 0x3d, 0xd9, 0xff, 0x27, 0x3d, 0xd9, 0xff, 0x27, 0x3d,
0xd9, 0xff, 0x27, 0x3d, 0xd9, 0xff, 0x27, 0x3d, 0xd9, 0xff, 0x27, 0x3d, 0xd9, 0xff, 0x27,
0x3d, 0xd9, 0xff, 0x27, 0x3d, 0xd9, 0xff, 0x27, 0x3d, 0xd9, 0xff, 0x27, 0x3d, 0xd9, 0xff,
0x27, 0x3d, 0xd9, 0xff, 0x27, 0x3d, 0xd9, 0xff, 0x27, 0x3d, 0xd9, 0xff, 0x27, 0x3d, 0xd9,
0xff, 0x27, 0x3d, 0xd9, 0xff, 0x27, 0x3d, 0xd9, 0xff, 0x27, 0x3d, 0xd9, 0xff, 0x27, 0x3d,
0xd9, 0xff, 0x27, 0x3d, 0xd9, 0xff, 0x27, 0x3d, 0xd9, 0xff, 0x27, 0x3d, 0xd9, 0xff, 0x27,
0x3d, 0xd9, 0xff, 0x27, 0x3d, 0xd9, 0xff, 0x27, 0x3d, 0xd9, 0xff, 0x27, 0x3d, 0xd9, 0xff,
0x26, 0x3c, 0xd7, 0xe7, 0x1d, 0x2e, 0xc6, 0x0d, 0x1c, 0x2d, 0xc6, 0x00, 0xff, 0xff, 0xff,
0x00, 0xff, 0xff, 0xff, 0x00, 0xff, 0xff, 0xff, 0x00, 0xff, 0xff, 0xff, 0x00, 0xff, 0xff,
0xff, 0x00, 0xff, 0xff, 0xff, 0x00, 0xff, 0xff, 0xff, 0x00, 0xff, 0xff, 0xff, 0x00, 0xff,
0xff, 0xff, 0x00, 0xff, 0xff, 0xff, 0x00, 0xff, 0xff, 0xff, 0x00, 0xff, 0xff, 0xff, 0x00,
0xff, 0xff, 0xff, 0x00, 0xff, 0xff, 0xff, 0x00, 0xff, 0xff, 0xff, 0x00, 0x16, 0x26, 0xb8,
0x00, 0x17, 0x27, 0xbb, 0x06, 0x25, 0x3b, 0xd7, 0xdf, 0x27, 0x3d, 0xda, 0xff, 0x27, 0x3d,
0xd9, 0xff, 0x27, 0x3d, 0xd9, 0xff, 0x27, 0x3d, 0xd9, 0xff, 0x27, 0x3d, 0xd9, 0xff, 0x27,
0x3d, 0xd9, 0xff, 0x27, 0x3d, 0xd9, 0xff, 0x27, 0x3d, 0xd9, 0xff, 0x27, 0x3d, 0xd9, 0xff,
0x27, 0x3d, 0xd9, 0xff, 0x27, 0x3d, 0xd9, 0xff, 0x27, 0x3d, 0xd9, 0xff, 0x27, 0x3d, 0xd9,
0xff, 0x27, 0x3d, 0xd9, 0xff, 0x27, 0x3d, 0xd9, 0xff, 0x27, 0x3d, 0xd9, 0xff, 0x27, 0x3d,
0xd9, 0xff, 0x27, 0x3d, 0xd9, 0xff, 0x1b, 0x32, 0xd7, 0xff, 0x7e, 0x8b, 0xe8, 0xff, 0xff,
0xff, 0xff, 0xff, 0xfe, 0xfe, 0xfe, 0xff, 0xfe, 0xfe, 0xfe, 0xff, 0xfe, 0xfe, 0xfe, 0xff,
0xfe, 0xfe, 0xfe, 0xff, 0xfe, 0xfe, 0xfe, 0xff, 0xfe, 0xfe, 0xfe, 0xff, 0xfe, 0xfe, 0xfe,
0xff, 0xfe, 0xfe, 0xfe, 0xff, 0xfe, 0xfe, 0xfe, 0xff, 0xfe, 0xfe, 0xfe, 0xff, 0xff, 0xff,
0xfe, 0xff, 0xfc, 0xfc, 0xfe, 0xff, 0x59, 0x6a, 0xe2, 0xff, 0x1a, 0x32, 0xd7, 0xff, 0x28,
0x3e, 0xd9, 0xff, 0x27, 0x3d, 0xd9, 0xff, 0x27, 0x3d, 0xd9, 0xff, 0x27, 0x3d, 0xd9, 0xff,
0x27, 0x3d, 0xd9, 0xff, 0x27, 0x3d, 0xd9, 0xff, 0x27, 0x3d, 0xd9, 0xff, 0x27, 0x3d, 0xd9,
0xff, 0x27, 0x3d, 0xd9, 0xff, 0x27, 0x3d, 0xd9, 0xff, 0x27, 0x3d, 0xd9, 0xff, 0x27, 0x3d,
0xd9, 0xff, 0x27, 0x3d, 0xd9, 0xff, 0x27, 0x3d, 0xd9, 0xff, 0x27, 0x3d, 0xd9, 0xff, 0x27,
0x3d, 0xd9, 0xff, 0x27, 0x3d, 0xd9, 0xff, 0x27, 0x3d, 0xd9, 0xff, 0x27, 0x3d, 0xd9, 0xff,
0x1e, 0x35, 0xd7, 0xff, 0x4d, 0x5f, 0xe0, 0xff, 0xf5, 0xf6, 0xfd, 0xff, 0xff, 0xff, 0xff,
0xff, 0xfe, 0xfe, 0xfe, 0xff, 0xfe, 0xfe, 0xfe, 0xff, 0xfe, 0xfe, 0xfe, 0xff, 0xfe, 0xfe,
0xfe, 0xff, 0xfe, 0xfe, 0xfe, 0xff, 0xfe, 0xfe, 0xfe, 0xff, 0xfe, 0xfe, 0xfe, 0xff, 0xfe,
0xfe, 0xfe, 0xff, 0xfe, 0xfe, 0xfe, 0xff, 0xfe, 0xfe, 0xfe, 0xff, 0xff, 0xff, 0xff, 0xff,
0x75, 0x83, 0xe6, 0xff, 0x1b, 0x33, 0xd7, 0xff, 0x27, 0x3d, 0xd9, 0xff, 0x27, 0x3d, 0xd9,
0xff, 0x27, 0x3d, 0xd9, 0xff, 0x27, 0x3d, 0xd9, 0xff, 0x27, 0x3d, 0xd9, 0xff, 0x27, 0x3d,
0xd9, 0xff, 0x27, 0x3d, 0xd9, 0xff, 0x27, 0x3d, 0xd9, 0xff, 0x27, 0x3d, 0xd9, 0xff, 0x27,
0x3d, 0xd9, 0xff, 0x27, 0x3d, 0xd9, 0xff, 0x27, 0x3d, 0xd9, 0xff, 0x27, 0x3d, 0xd9, 0xff,
0x27, 0x3d, 0xd9, 0xff, 0x27, 0x3d, 0xd9, 0xff, 0x27, 0x3d, 0xd9, 0xff, 0x27, 0x3d, 0xd9,
0xff, 0x27, 0x3d, 0xd9, 0xff, 0x27, 0x3d, 0xd9, 0xff, 0x27, 0x3d, 0xd9, 0xff, 0x27, 0x3d,
0xd9, 0xff, 0x27, 0x3d, 0xd9, 0xff, 0x27, 0x3d, 0xd9, 0xff, 0x27, 0x3d, 0xd9, 0xff, 0x27,
0x3d, 0xd9, 0xff, 0x27, 0x3d, 0xd9, 0xff, 0x27, 0x3d, 0xd9, 0xff, 0x27, 0x3d, 0xd9, 0xff,
0x27, 0x3d, 0xd9, 0xff, 0x27, 0x3d, 0xd9, 0xff, 0x27, 0x3d, 0xd9, 0xff, 0x27, 0x3d, 0xd9,
0xff, 0x27, 0x3d, 0xd9, 0xff, 0x27, 0x3d, 0xd9, 0xff, 0x27, 0x3d, 0xd9, 0xff, 0x27, 0x3d,
0xd9, 0xff, 0x26, 0x3c, 0xdb, 0xc2, 0x20, 0x38, 0xdb, 0x00, 0x20, 0x38, 0xdc, 0x00, 0xff,
0xff, 0xff, 0x00, 0xff, 0xff, 0xff, 0x00, 0xff, 0xff, 0xff, 0x00, 0xff, 0xff, 0xff, 0x00,
0xff, 0xff, 0xff, 0x00, 0xff, 0xff, 0xff, 0x00, 0xff, 0xff, 0xff, 0x00, 0xff, 0xff, 0xff,
0x00, 0xff, 0xff, 0xff, 0x00, 0xff, 0xff, 0xff, 0x00, 0xff, 0xff, 0xff, 0x00, 0xff, 0xff,
0xff, 0x00, 0xff, 0xff, 0xff, 0x00, 0xff, 0xff, 0xff, 0x00, 0xff, 0xff, 0xff, 0x00, 0x1f,
0x38, 0xd4, 0x00, 0x1e, 0x37, 0xd4, 0x00, 0x25, 0x3c, 0xd6, 0xa9, 0x28, 0x3d, 0xd9, 0xff,
0x27, 0x3d, 0xd9, 0xff, 0x27, 0x3d, 0xd9, 0xff, 0x27, 0x3d, 0xd9, 0xff, 0x27, 0x3d, 0xd9,
0xff, 0x27, 0x3d, 0xd9, 0xff, 0x27, 0x3d, 0xd9, 0xff, 0x27, 0x3d, 0xd9, 0xff, 0x27, 0x3d,
0xd9, 0xff, 0x27, 0x3d, 0xd9, 0xff, 0x27, 0x3d, 0xd9, 0xff, 0x27, 0x3d, 0xd9, 0xff, 0x27,
0x3d, 0xd9, 0xff, 0x27, 0x3d, 0xd9, 0xff, 0x27, 0x3d, 0xd9, 0xff, 0x27, 0x3d, 0xd9, 0xff,
0x27, 0x3d, 0xd9, 0xff, 0x27, 0x3d, 0xd9, 0xff, 0x1b, 0x32, 0xd7, 0xff, 0x7e, 0x8b, 0xe8,
0xff, 0xff, 0xff, 0xff, 0xff, 0xfe, 0xfe, 0xfe, 0xff, 0xfe, 0xfe, 0xfe, 0xff, 0xfe, 0xfe,
0xfe, 0xff, 0xfe, 0xfe, 0xfe, 0xff, 0xfe, 0xfe, 0xfe, 0xff, 0xfe, 0xfe, 0xfe, 0xff, 0xfe,
0xfe, 0xfe, 0xff, 0xfe, 0xfe, 0xfe, 0xff, 0xfe, 0xfe, 0xfe, 0xff, 0xff, 0xff, 0xfe, 0xff,
0xff, 0xff, 0xff, 0xff, 0x8c, 0x98, 0xeb, 0xff, 0x1a, 0x32, 0xd7, 0xff, 0x27, 0x3d, 0xd9,
0xff, 0x27, 0x3d, 0xd9, 0xff, 0x27, 0x3d, 0xd9, 0xff, 0x27, 0x3d, 0xd9, 0xff, 0x27, 0x3d,
0xd9, 0xff, 0x27, 0x3d, 0xd9, 0xff, 0x27, 0x3d, 0xd9, 0xff, 0x27, 0x3d, 0xd9, 0xff, 0x27,
0x3d, 0xd9, 0xff, 0x27, 0x3d, 0xd9, 0xff, 0x27, 0x3d, 0xd9, 0xff, 0x27, 0x3d, 0xd9, 0xff,
0x27, 0x3d, 0xd9, 0xff, 0x27, 0x3d, 0xd9, 0xff, 0x27, 0x3d, 0xd9, 0xff, 0x27, 0x3d, 0xd9,
0xff, 0x27, 0x3d, 0xd9, 0xff, 0x27, 0x3d, 0xd9, 0xff, 0x27, 0x3d, 0xd9, 0xff, 0x27, 0x3d,
0xd9, 0xff, 0x27, 0x3d, 0xd9, 0xff, 0x1a, 0x31, 0xd7, 0xff, 0x87, 0x93, 0xea, 0xff, 0xff,
0xff, 0xff, 0xff, 0xff, 0xff, 0xfe, 0xff, 0xfe, 0xfe, 0xfe, 0xff, 0xfe, 0xfe, 0xfe, 0xff,
0xfe, 0xfe, 0xfe, 0xff, 0xfe, 0xfe, 0xfe, 0xff, 0xfe, 0xfe, 0xfe, 0xff, 0xfe, 0xfe, 0xfe,
0xff, 0xfe, 0xfe, 0xfe, 0xff, 0xfe, 0xfe, 0xfe, 0xff, 0xfe, 0xfe, 0xfe, 0xff, 0xff, 0xff,
0xff, 0xff, 0x75, 0x83, 0xe6, 0xff, 0x1b, 0x33, 0xd7, 0xff, 0x27, 0x3d, 0xd9, 0xff, 0x27,
0x3d, 0xd9, 0xff, 0x27, 0x3d, 0xd9, 0xff, 0x27, 0x3d, 0xd9, 0xff, 0x27, 0x3d, 0xd9, 0xff,
0x27, 0x3d, 0xd9, 0xff, 0x27, 0x3d, 0xd9, 0xff, 0x27, 0x3d, 0xd9, 0xff, 0x27, 0x3d, 0xd9,
0xff, 0x27, 0x3d, 0xd9, 0xff, 0x27, 0x3d, 0xd9, 0xff, 0x27, 0x3d, 0xd9, 0xff, 0x27, 0x3d,
0xd9, 0xff, 0x27, 0x3d, 0xd9, 0xff, 0x27, 0x3d, 0xd9, 0xff, 0x27, 0x3d, 0xd9, 0xff, 0x27,
0x3d, 0xd9, 0xff, 0x27, 0x3d, 0xd9, 0xff, 0x27, 0x3d, 0xd9, 0xff, 0x27, 0x3d, 0xd9, 0xff,
0x27, 0x3d, 0xd9, 0xff, 0x27, 0x3d, 0xd9, 0xff, 0x27, 0x3d, 0xd9, 0xff, 0x27, 0x3d, 0xd9,
0xff, 0x27, 0x3d, 0xd9, 0xff, 0x27, 0x3d, 0xd9, 0xff, 0x27, 0x3d, 0xd9, 0xff, 0x27, 0x3d,
0xd9, 0xff, 0x27, 0x3d, 0xd9, 0xff, 0x27, 0x3d, 0xd9, 0xff, 0x27, 0x3d, 0xd9, 0xff, 0x27,
0x3d, 0xd9, 0xff, 0x27, 0x3d, 0xd9, 0xff, 0x27, 0x3d, 0xd9, 0xff, 0x27, 0x3d, 0xd9, 0xff,
0x27, 0x3e, 0xda, 0xff, 0x23, 0x38, 0xc6, 0x78, 0x1f, 0x35, 0xbd, 0x00, 0x1f, 0x35, 0xbd,
0x00, 0xff, 0xff, 0xff, 0x00, 0xff, 0xff, 0xff, 0x00, 0xff, 0xff, 0xff, 0x00, 0xff, 0xff,
0xff, 0x00, 0xff, 0xff, 0xff, 0x00, 0xff, 0xff, 0xff, 0x00, 0xff, 0xff, 0xff, 0x00, 0xff,
0xff, 0xff, 0x00, 0xff, 0xff, 0xff, 0x00, 0xff, 0xff, 0xff, 0x00, 0xff, 0xff, 0xff, 0x00,
0xff, 0xff, 0xff, 0x00, 0xff, 0xff, 0xff, 0x00, 0xff, 0xff, 0xff, 0x00, 0xff, 0xff, 0xff,
0x00, 0x1a, 0x2d, 0xc9, 0x00, 0x19, 0x2d, 0xc8, 0x00, 0x1e, 0x31, 0xce, 0x40, 0x28, 0x3e,
0xda, 0xfe, 0x27, 0x3d, 0xd9, 0xff, 0x27, 0x3d, 0xd9, 0xff, 0x27, 0x3d, 0xd9, 0xff, 0x27,
0x3d, 0xd9, 0xff, 0x27, 0x3d, 0xd9, 0xff, 0x27, 0x3d, 0xd9, 0xff, 0x27, 0x3d, 0xd9, 0xff,
0x27, 0x3d, 0xd9, 0xff, 0x27, 0x3d, 0xd9, 0xff, 0x27, 0x3d, 0xd9, 0xff, 0x27, 0x3d, 0xd9,
0xff, 0x27, 0x3d, 0xd9, 0xff, 0x27, 0x3d, 0xd9, 0xff, 0x27, 0x3d, 0xd9, 0xff, 0x27, 0x3d,
0xd9, 0xff, 0x27, 0x3d, 0xd9, 0xff, 0x27, 0x3d, 0xd9, 0xff, 0x1b, 0x32, 0xd7, 0xff, 0x7e,
0x8b, 0xe8, 0xff, 0xff, 0xff, 0xff, 0xff, 0xfe, 0xfe, 0xfe, 0xff, 0xfe, 0xfe, 0xfe, 0xff,
0xfe, 0xfe, 0xfe, 0xff, 0xfe, 0xfe, 0xfe, 0xff, 0xfe, 0xfe, 0xfe, 0xff, 0xfe, 0xfe, 0xfe,
0xff, 0xfe, 0xfe, 0xfe, 0xff, 0xfe, 0xfe, 0xfe, 0xff, 0xfe, 0xfe, 0xfe, 0xff, 0xff, 0xff,
0xff, 0xff, 0xb9, 0xc1, 0xf2, 0xff, 0x22, 0x38, 0xd8, 0xff, 0x25, 0x3b, 0xd9, 0xff, 0x27,
0x3d, 0xd9, 0xff, 0x27, 0x3d, 0xd9, 0xff, 0x27, 0x3d, 0xd9, 0xff, 0x27, 0x3d, 0xd9, 0xff,
0x27, 0x3d, 0xd9, 0xff, 0x27, 0x3d, 0xd9, 0xff, 0x27, 0x3d, 0xd9, 0xff, 0x27, 0x3d, 0xd9,
0xff, 0x27, 0x3d, 0xd9, 0xff, 0x27, 0x3d, 0xd9, 0xff, 0x27, 0x3d, 0xd9, 0xff, 0x27, 0x3d,
0xd9, 0xff, 0x27, 0x3d, 0xd9, 0xff, 0x27, 0x3d, 0xd9, 0xff, 0x27, 0x3d, 0xd9, 0xff, 0x27,
0x3d, 0xd9, 0xff, 0x27, 0x3d, 0xd9, 0xff, 0x27, 0x3d, 0xd9, 0xff, 0x27, 0x3d, 0xd9, 0xff,
0x27, 0x3d, 0xd9, 0xff, 0x27, 0x3d, 0xd9, 0xff, 0x26, 0x3c, 0xd9, 0xff, 0x1a, 0x31, 0xd7,
0xff, 0xb1, 0xb9, 0xf1, 0xff, 0xff, 0xff, 0xff, 0xff, 0xfe, 0xfe, 0xfe, 0xff, 0xfe, 0xfe,
0xfe, 0xff, 0xfe, 0xfe, 0xfe, 0xff, 0xfe, 0xfe, 0xfe, 0xff, 0xfe, 0xfe, 0xfe, 0xff, 0xfe,
0xfe, 0xfe, 0xff, 0xfe, 0xfe, 0xfe, 0xff, 0xfe, 0xfe, 0xfe, 0xff, 0xfe, 0xfe, 0xfe, 0xff,
0xff, 0xff, 0xff, 0xff, 0x75, 0x83, 0xe6, 0xff, 0x1b, 0x33, 0xd7, 0xff, 0x27, 0x3d, 0xd9,
0xff, 0x27, 0x3d, 0xd9, 0xff, 0x27, 0x3d, 0xd9, 0xff, 0x27, 0x3d, 0xd9, 0xff, 0x27, 0x3d,
0xd9, 0xff, 0x27, 0x3d, 0xd9, 0xff, 0x27, 0x3d, 0xd9, 0xff, 0x27, 0x3d, 0xd9, 0xff, 0x27,
0x3d, 0xd9, 0xff, 0x27, 0x3d, 0xd9, 0xff, 0x27, 0x3d, 0xd9, 0xff, 0x27, 0x3d, 0xd9, 0xff,
0x27, 0x3d, 0xd9, 0xff, 0x27, 0x3d, 0xd9, 0xff, 0x27, 0x3d, 0xd9, 0xff, 0x27, 0x3d, 0xd9,
0xff, 0x27, 0x3d, 0xd9, 0xff, 0x27, 0x3d, 0xd9, 0xff, 0x27, 0x3d, 0xd9, 0xff, 0x27, 0x3d,
0xd9, 0xff, 0x27, 0x3d, 0xd9, 0xff, 0x27, 0x3d, 0xd9, 0xff, 0x27, 0x3d, 0xd9, 0xff, 0x27,
0x3d, 0xd9, 0xff, 0x27, 0x3d, 0xd9, 0xff, 0x27, 0x3d, 0xd9, 0xff, 0x27, 0x3d, 0xd9, 0xff,
0x27, 0x3d, 0xd9, 0xff, 0x27, 0x3d, 0xd9, 0xff, 0x27, 0x3d, 0xd9, 0xff, 0x27, 0x3d, 0xd9,
0xff, 0x27, 0x3d, 0xd9, 0xff, 0x27, 0x3d, 0xd9, 0xff, 0x27, 0x3d, 0xd9, 0xff, 0x27, 0x3d,
0xda, 0xff, 0x26, 0x3c, 0xda, 0xf2, 0x0f, 0x17, 0x79, 0x1f, 0x0a, 0x0e, 0x5e, 0x00, 0x0a,
0x0f, 0x5f, 0x00, 0xff, 0xff, 0xff, 0x00, 0xff, 0xff, 0xff, 0x00, 0xff, 0xff, 0xff, 0x00,
0xff, 0xff, 0xff, 0x00, 0xff, 0xff, 0xff, 0x00, 0xff, 0xff, 0xff, 0x00, 0xff, 0xff, 0xff,
0x00, 0xff, 0xff, 0xff, 0x00, 0xff, 0xff, 0xff, 0x00, 0xff, 0xff, 0xff, 0x00, 0xff, 0xff,
0xff, 0x00, 0xff, 0xff, 0xff, 0x00, 0xff, 0xff, 0xff, 0x00, 0xff, 0xff, 0xff, 0x00, 0xff,
0xff, 0xff, 0x00, 0x23, 0x37, 0xd6, 0x00, 0x23, 0x37, 0xd6, 0x00, 0x23, 0x38, 0xd6, 0x00,
0x27, 0x3c, 0xd8, 0xc8, 0x27, 0x3d, 0xd9, 0xff, 0x27, 0x3d, 0xd9, 0xff, 0x27, 0x3d, 0xd9,
0xff, 0x27, 0x3d, 0xd9, 0xff, 0x27, 0x3d, 0xd9, 0xff, 0x27, 0x3d, 0xd9, 0xff, 0x27, 0x3d,
0xd9, 0xff, 0x27, 0x3d, 0xd9, 0xff, 0x27, 0x3d, 0xd9, 0xff, 0x27, 0x3d, 0xd9, 0xff, 0x27,
0x3d, 0xd9, 0xff, 0x27, 0x3d, 0xd9, 0xff, 0x27, 0x3d, 0xd9, 0xff, 0x27, 0x3d, 0xd9, 0xff,
0x27, 0x3d, 0xd9, 0xff, 0x27, 0x3d, 0xd9, 0xff, 0x27, 0x3d, 0xd9, 0xff, 0x1b, 0x32, 0xd7,
0xff, 0x7e, 0x8b, 0xe8, 0xff, 0xff, 0xff, 0xff, 0xff, 0xfe, 0xfe, 0xfe, 0xff, 0xfe, 0xfe,
0xfe, 0xff, 0xfe, 0xfe, 0xfe, 0xff, 0xfe, 0xfe, 0xfe, 0xff, 0xfe, 0xfe, 0xfe, 0xff, 0xfe,
0xfe, 0xfe, 0xff, 0xfe, 0xfe, 0xfe, 0xff, 0xfe, 0xfe, 0xfe, 0xff, 0xff, 0xff, 0xff, 0xff,
0xdf, 0xe2, 0xf9, 0xff, 0x32, 0x47, 0xdb, 0xff, 0x20, 0x36, 0xd8, 0xff, 0x27, 0x3d, 0xd9,
0xff, 0x27, 0x3d, 0xd9, 0xff, 0x27, 0x3d, 0xd9, 0xff, 0x27, 0x3d, 0xd9, 0xff, 0x27, 0x3d,
0xd9, 0xff, 0x27, 0x3d, 0xd9, 0xff, 0x27, 0x3d, 0xd9, 0xff, 0x27, 0x3d, 0xd9, 0xff, 0x27,
0x3d, 0xd9, 0xff, 0x27, 0x3d, 0xd9, 0xff, 0x27, 0x3d, 0xd9, 0xff, 0x27, 0x3d, 0xd9, 0xff,
0x27, 0x3d, 0xd9, 0xff, 0x27, 0x3d, 0xd9, 0xff, 0x27, 0x3d, 0xd9, 0xff, 0x27, 0x3d, 0xd9,
0xff, 0x27, 0x3d, 0xd9, 0xff, 0x27, 0x3d, 0xd9, 0xff, 0x27, 0x3d, 0xd9, 0xff, 0x27, 0x3d,
0xd9, 0xff, 0x27, 0x3d, 0xd9, 0xff, 0x27, 0x3d, 0xd9, 0xff, 0x27, 0x3d, 0xd9, 0xff, 0x21,
0x38, 0xd8, 0xff, 0x31, 0x46, 0xdb, 0xff, 0xdc, 0xe0, 0xf9, 0xff, 0xff, 0xff, 0xff, 0xff,
0xfe, 0xfe, 0xfe, 0xff, 0xfe, 0xfe, 0xfe, 0xff, 0xfe, 0xfe, 0xfe, 0xff, 0xfe, 0xfe, 0xfe,
0xff, 0xfe, 0xfe, 0xfe, 0xff, 0xfe, 0xfe, 0xfe, 0xff, 0xfe, 0xfe, 0xfe, 0xff, 0xfe, 0xfe,
0xfe, 0xff, 0xff, 0xff, 0xff, 0xff, 0x75, 0x83, 0xe6, 0xff, 0x1b, 0x33, 0xd7, 0xff, 0x27,
0x3d, 0xd9, 0xff, 0x27, 0x3d, 0xd9, 0xff, 0x27, 0x3d, 0xd9, 0xff, 0x27, 0x3d, 0xd9, 0xff,
0x27, 0x3d, 0xd9, 0xff, 0x27, 0x3d, 0xd9, 0xff, 0x27, 0x3d, 0xd9, 0xff, 0x27, 0x3d, 0xd9,
0xff, 0x27, 0x3d, 0xd9, 0xff, 0x27, 0x3d, 0xd9, 0xff, 0x27, 0x3d, 0xd9, 0xff, 0x27, 0x3d,
0xd9, 0xff, 0x27, 0x3d, 0xd9, 0xff, 0x27, 0x3d, 0xd9, 0xff, 0x27, 0x3d, 0xd9, 0xff, 0x27,
0x3d, 0xd9, 0xff, 0x27, 0x3d, 0xd9, 0xff, 0x27, 0x3d, 0xd9, 0xff, 0x27, 0x3d, 0xd9, 0xff,
0x27, 0x3d, 0xd9, 0xff, 0x27, 0x3d, 0xd9, 0xff, 0x27, 0x3d, 0xd9, 0xff, 0x27, 0x3d, 0xd9,
0xff, 0x27, 0x3d, 0xd9, 0xff, 0x27, 0x3d, 0xd9, 0xff, 0x27, 0x3d, 0xd9, 0xff, 0x27, 0x3d,
0xd9, 0xff, 0x27, 0x3d, 0xd9, 0xff, 0x27, 0x3d, 0xd9, 0xff, 0x27, 0x3d, 0xd9, 0xff, 0x27,
0x3d, 0xd9, 0xff, 0x27, 0x3d, 0xd9, 0xff, 0x27, 0x3d, 0xd9, 0xff, 0x27, 0x3d, 0xd9, 0xff,
0x28, 0x3e, 0xda, 0xff, 0x23, 0x37, 0xd4, 0xb5, 0x15, 0x21, 0xc4, 0x00, 0x16, 0x22, 0xc7,
0x00, 0x16, 0x22, 0xc7, 0x00, 0xff, 0xff, 0xff, 0x00, 0xff, 0xff, 0xff, 0x00, 0xff, 0xff,
0xff, 0x00, 0xff, 0xff, 0xff, 0x00, 0xff, 0xff, 0xff, 0x00, 0xff, 0xff, 0xff, 0x00, 0xff,
0xff, 0xff, 0x00, 0xff, 0xff, 0xff, 0x00, 0xff, 0xff, 0xff, 0x00, 0xff, 0xff, 0xff, 0x00,
0xff, 0xff, 0xff, 0x00, 0xff, 0xff, 0xff, 0x00, 0xff, 0xff, 0xff, 0x00, 0xff, 0xff, 0xff,
0x00, 0xff, 0xff, 0xff, 0x00, 0x26, 0x38, 0xd5, 0x00, 0x26, 0x38, 0xd5, 0x00, 0x26, 0x38,
0xd5, 0x00, 0x27, 0x3b, 0xd7, 0x7d, 0x27, 0x3e, 0xd9, 0xff, 0x27, 0x3d, 0xd9, 0xff, 0x27,
0x3d, 0xd9, 0xff, 0x27, 0x3d, 0xd9, 0xff, 0x27, 0x3d, 0xd9, 0xff, 0x27, 0x3d, 0xd9, 0xff,
0x27, 0x3d, 0xd9, 0xff, 0x27, 0x3d, 0xd9, 0xff, 0x27, 0x3d, 0xd9, 0xff, 0x27, 0x3d, 0xd9,
0xff, 0x27, 0x3d, 0xd9, 0xff, 0x27, 0x3d, 0xd9, 0xff, 0x27, 0x3d, 0xd9, 0xff, 0x27, 0x3d,
0xd9, 0xff, 0x27, 0x3d, 0xd9, 0xff, 0x27, 0x3d, 0xd9, 0xff, 0x27, 0x3d, 0xd9, 0xff, 0x1b,
0x32, 0xd7, 0xff, 0x7e, 0x8b, 0xe8, 0xff, 0xff, 0xff, 0xff, 0xff, 0xfe, 0xfe, 0xfe, 0xff,
0xfe, 0xfe, 0xfe, 0xff, 0xfe, 0xfe, 0xfe, 0xff, 0xfe, 0xfe, 0xfe, 0xff, 0xfe, 0xfe, 0xfe,
0xff, 0xfe, 0xfe, 0xfe, 0xff, 0xfe, 0xfe, 0xfe, 0xff, 0xff, 0xff, 0xff, 0xff, 0xed, 0xef,
0xfc, 0xff, 0x45, 0x58, 0xde, 0xff, 0x14, 0x2c, 0xd6, 0xff, 0x1f, 0x36, 0xd8, 0xff, 0x1e,
0x35, 0xd8, 0xff, 0x1e, 0x35, 0xd8, 0xff, 0x1e, 0x35, 0xd8, 0xff, 0x1e, 0x35, 0xd8, 0xff,
0x1e, 0x35, 0xd8, 0xff, 0x1e, 0x35, 0xd8, 0xff, 0x1e, 0x35, 0xd8, 0xff, 0x1e, 0x35, 0xd8,
0xff, 0x1e, 0x35, 0xd8, 0xff, 0x1e, 0x35, 0xd8, 0xff, 0x1e, 0x35, 0xd8, 0xff, 0x1e, 0x35,
0xd8, 0xff, 0x1e, 0x35, 0xd8, 0xff, 0x1e, 0x35, 0xd8, 0xff, 0x1e, 0x35, 0xd8, 0xff, 0x1e,
0x35, 0xd8, 0xff, 0x1e, 0x35, 0xd8, 0xff, 0x1e, 0x35, 0xd8, 0xff, 0x1e, 0x35, 0xd8, 0xff,
0x1e, 0x35, 0xd8, 0xff, 0x1e, 0x35, 0xd8, 0xff, 0x1e, 0x35, 0xd8, 0xff, 0x1e, 0x35, 0xd8,
0xff, 0x1f, 0x36, 0xd8, 0xff, 0x12, 0x2a, 0xd6, 0xff, 0x56, 0x67, 0xe1, 0xff, 0xf0, 0xf1,
0xfc, 0xff, 0xff, 0xff, 0xfe, 0xff, 0xfe, 0xfe, 0xfe, 0xff, 0xfe, 0xfe, 0xfe, 0xff, 0xfe,
0xfe, 0xfe, 0xff, 0xfe, 0xfe, 0xfe, 0xff, 0xfe, 0xfe, 0xfe, 0xff, 0xfe, 0xfe, 0xfe, 0xff,
0xfe, 0xfe, 0xfe, 0xff, 0xff, 0xff, 0xff, 0xff, 0x75, 0x83, 0xe6, 0xff, 0x1b, 0x33, 0xd7,
0xff, 0x27, 0x3d, 0xd9, 0xff, 0x27, 0x3d, 0xd9, 0xff, 0x27, 0x3d, 0xd9, 0xff, 0x27, 0x3d,
0xd9, 0xff, 0x27, 0x3d, 0xd9, 0xff, 0x27, 0x3d, 0xd9, 0xff, 0x27, 0x3d, 0xd9, 0xff, 0x27,
0x3d, 0xd9, 0xff, 0x27, 0x3d, 0xd9, 0xff, 0x27, 0x3d, 0xd9, 0xff, 0x27, 0x3d, 0xd9, 0xff,
0x27, 0x3d, 0xd9, 0xff, 0x27, 0x3d, 0xd9, 0xff, 0x27, 0x3d, 0xd9, 0xff, 0x27, 0x3d, 0xd9,
0xff, 0x27, 0x3d, 0xd9, 0xff, 0x27, 0x3d, 0xd9, 0xff, 0x27, 0x3d, 0xd9, 0xff, 0x27, 0x3d,
0xd9, 0xff, 0x27, 0x3d, 0xd9, 0xff, 0x27, 0x3d, 0xd9, 0xff, 0x27, 0x3d, 0xd9, 0xff, 0x27,
0x3d, 0xd9, 0xff, 0x27, 0x3d, 0xd9, 0xff, 0x27, 0x3d, 0xd9, 0xff, 0x27, 0x3d, 0xd9, 0xff,
0x27, 0x3d, 0xd9, 0xff, 0x27, 0x3d, 0xd9, 0xff, 0x27, 0x3d, 0xd9, 0xff, 0x27, 0x3d, 0xd9,
0xff, 0x27, 0x3d, 0xd9, 0xff, 0x27, 0x3d, 0xd9, 0xff, 0x27, 0x3d, 0xd9, 0xff, 0x27, 0x3d,
0xd9, 0xff, 0x27, 0x3d, 0xd9, 0xff, 0x26, 0x3c, 0xdd, 0x73, 0x26, 0x3c, 0xde, 0x00, 0x26,
0x3c, 0xde, 0x00, 0x26, 0x3c, 0xde, 0x00, 0xff, 0xff, 0xff, 0x00, 0xff, 0xff, 0xff, 0x00,
0xff, 0xff, 0xff, 0x00, 0xff, 0xff, 0xff, 0x00, 0xff, 0xff, 0xff, 0x00, 0xff, 0xff, 0xff,
0x00, 0xff, 0xff, 0xff, 0x00, 0xff, 0xff, 0xff, 0x00, 0xff, 0xff, 0xff, 0x00, 0xff, 0xff,
0xff, 0x00, 0xff, 0xff, 0xff, 0x00, 0xff, 0xff, 0xff, 0x00, 0xff, 0xff, 0xff, 0x00, 0xff,
0xff, 0xff, 0x00, 0xff, 0xff, 0xff, 0x00, 0x18, 0x38, 0xd2, 0x00, 0x18, 0x38, 0xd2, 0x00,
0x18, 0x38, 0xd2, 0x00, 0x19, 0x39, 0xd3, 0x1a, 0x26, 0x3d, 0xd9, 0xeb, 0x27, 0x3d, 0xd9,
0xff, 0x27, 0x3d, 0xd9, 0xff, 0x27, 0x3d, 0xd9, 0xff, 0x27, 0x3d, 0xd9, 0xff, 0x27, 0x3d,
0xd9, 0xff, 0x27, 0x3d, 0xd9, 0xff, 0x27, 0x3d, 0xd9, 0xff, 0x27, 0x3d, 0xd9, 0xff, 0x27,
0x3d, 0xd9, 0xff, 0x27, 0x3d, 0xd9, 0xff, 0x27, 0x3d, 0xd9, 0xff, 0x27, 0x3d, 0xd9, 0xff,
0x27, 0x3d, 0xd9, 0xff, 0x27, 0x3d, 0xd9, 0xff, 0x27, 0x3d, 0xd9, 0xff, 0x27, 0x3d, 0xd9,
0xff, 0x1b, 0x32, 0xd7, 0xff, 0x7e, 0x8b, 0xe8, 0xff, 0xff, 0xff, 0xff, 0xff, 0xfe, 0xfe,
0xfe, 0xff, 0xfe, 0xfe, 0xfe, 0xff, 0xfe, 0xfe, 0xfe, 0xff, 0xfe, 0xfe, 0xfe, 0xff, 0xfe,
0xfe, 0xfe, 0xff, 0xfe, 0xfe, 0xfe, 0xff, 0xfe, 0xfe, 0xfe, 0xff, 0xff, 0xff, 0xfe, 0xff,
0xea, 0xec, 0xfb, 0xff, 0xb8, 0xbf, 0xf2, 0xff, 0xc0, 0xc6, 0xf3, 0xff, 0xbf, 0xc6, 0xf3,
0xff, 0xbf, 0xc6, 0xf3, 0xff, 0xbf, 0xc6, 0xf3, 0xff, 0xbf, 0xc6, 0xf3, 0xff, 0xbf, 0xc6,
0xf3, 0xff, 0xbf, 0xc6, 0xf3, 0xff, 0xbf, 0xc6, 0xf3, 0xff, 0xbf, 0xc6, 0xf3, 0xff, 0xbf,
0xc6, 0xf3, 0xff, 0xbf, 0xc6, 0xf3, 0xff, 0xbf, 0xc6, 0xf3, 0xff, 0xbf, 0xc6, 0xf3, 0xff,
0xbf, 0xc6, 0xf3, 0xff, 0xbf, 0xc6, 0xf3, 0xff, 0xbf, 0xc6, 0xf3, 0xff, 0xbf, 0xc6, 0xf3,
0xff, 0xbf, 0xc6, 0xf3, 0xff, 0xbf, 0xc6, 0xf3, 0xff, 0xbf, 0xc6, 0xf3, 0xff, 0xbf, 0xc6,
0xf3, 0xff, 0xbf, 0xc6, 0xf3, 0xff, 0xbf, 0xc6, 0xf3, 0xff, 0xbf, 0xc6, 0xf3, 0xff, 0xbf,
0xc6, 0xf3, 0xff, 0xbf, 0xc6, 0xf3, 0xff, 0xc0, 0xc6, 0xf3, 0xff, 0xb8, 0xbf, 0xf2, 0xff,
0xe8, 0xea, 0xfa, 0xff, 0xff, 0xff, 0xfe, 0xff, 0xfe, 0xfe, 0xfe, 0xff, 0xfe, 0xfe, 0xfe,
0xff, 0xfe, 0xfe, 0xfe, 0xff, 0xfe, 0xfe, 0xfe, 0xff, 0xfe, 0xfe, 0xfe, 0xff, 0xfe, 0xfe,
0xfe, 0xff, 0xfe, 0xfe, 0xfe, 0xff, 0xff, 0xff, 0xff, 0xff, 0x75, 0x83, 0xe6, 0xff, 0x1b,
0x33, 0xd7, 0xff, 0x27, 0x3d, 0xd9, 0xff, 0x27, 0x3d, 0xd9, 0xff, 0x27, 0x3d, 0xd9, 0xff,
0x27, 0x3d, 0xd9, 0xff, 0x27, 0x3d, 0xd9, 0xff, 0x27, 0x3d, 0xd9, 0xff, 0x27, 0x3d, 0xd9,
0xff, 0x27, 0x3d, 0xd9, 0xff, 0x27, 0x3d, 0xd9, 0xff, 0x27, 0x3d, 0xd9, 0xff, 0x27, 0x3d,
0xd9, 0xff, 0x27, 0x3d, 0xd9, 0xff, 0x27, 0x3d, 0xd9, 0xff, 0x27, 0x3d, 0xd9, 0xff, 0x27,
0x3d, 0xd9, 0xff, 0x27, 0x3d, 0xd9, 0xff, 0x27, 0x3d, 0xd9, 0xff, 0x27, 0x3d, 0xd9, 0xff,
0x27, 0x3d, 0xd9, 0xff, 0x27, 0x3d, 0xd9, 0xff, 0x27, 0x3d, 0xd9, 0xff, 0x27, 0x3d, 0xd9,
0xff, 0x27, 0x3d, 0xd9, 0xff, 0x27, 0x3d, 0xd9, 0xff, 0x27, 0x3d, 0xd9, 0xff, 0x27, 0x3d,
0xd9, 0xff, 0x27, 0x3d, 0xd9, 0xff, 0x27, 0x3d, 0xd9, 0xff, 0x27, 0x3d, 0xd9, 0xff, 0x27,
0x3d, 0xd9, 0xff, 0x27, 0x3d, 0xd9, 0xff, 0x27, 0x3d, 0xd9, 0xff, 0x27, 0x3d, 0xd9, 0xff,
0x27, 0x3d, 0xda, 0xff, 0x27, 0x3c, 0xd6, 0xea, 0x1c, 0x2a, 0x98, 0x17, 0x1a, 0x28, 0x92,
0x00, 0x1a, 0x28, 0x93, 0x00, 0x1a, 0x28, 0x93, 0x00, 0xff, 0xff, 0xff, 0x00, 0xff, 0xff,
0xff, 0x00, 0xff, 0xff, 0xff, 0x00, 0xff, 0xff, 0xff, 0x00, 0xff, 0xff, 0xff, 0x00, 0xff,
0xff, 0xff, 0x00, 0xff, 0xff, 0xff, 0x00, 0xff, 0xff, 0xff, 0x00, 0xff, 0xff, 0xff, 0x00,
0xff, 0xff, 0xff, 0x00, 0xff, 0xff, 0xff, 0x00, 0xff, 0xff, 0xff, 0x00, 0xff, 0xff, 0xff,
0x00, 0xff, 0xff, 0xff, 0x00, 0xff, 0xff, 0xff, 0x00, 0x20, 0x3a, 0xd6, 0x00, 0x20, 0x3a,
0xd6, 0x00, 0x20, 0x3a, 0xd6, 0x00, 0x20, 0x3a, 0xd6, 0x00, 0x26, 0x3c, 0xd8, 0x99, 0x27,
0x3d, 0xd9, 0xff, 0x27, 0x3d, 0xd9, 0xff, 0x27, 0x3d, 0xd9, 0xff, 0x27, 0x3d, 0xd9, 0xff,
0x27, 0x3d, 0xd9, 0xff, 0x27, 0x3d, 0xd9, 0xff, 0x27, 0x3d, 0xd9, 0xff, 0x27, 0x3d, 0xd9,
0xff, 0x27, 0x3d, 0xd9, 0xff, 0x27, 0x3d, 0xd9, 0xff, 0x27, 0x3d, 0xd9, 0xff, 0x27, 0x3d,
0xd9, 0xff, 0x27, 0x3d, 0xd9, 0xff, 0x27, 0x3d, 0xd9, 0xff, 0x27, 0x3d, 0xd9, 0xff, 0x27,
0x3d, 0xd9, 0xff, 0x1b, 0x32, 0xd7, 0xff, 0x7e, 0x8b, 0xe8, 0xff, 0xff, 0xff, 0xff, 0xff,
0xfe, 0xfe, 0xfe, 0xff, 0xfe, 0xfe, 0xfe, 0xff, 0xfe, 0xfe, 0xfe, 0xff, 0xfe, 0xfe, 0xfe,
0xff, 0xfe, 0xfe, 0xfe, 0xff, 0xfe, 0xfe, 0xfe, 0xff, 0xfe, 0xfe, 0xfe, 0xff, 0xfe, 0xfe,
0xfe, 0xff, 0xff, 0xff, 0xfe, 0xff, 0xff, 0xff, 0xff, 0xff, 0xff, 0xff, 0xff, 0xff, 0xff,
0xff, 0xff, 0xff, 0xff, 0xff, 0xff, 0xff, 0xff, 0xff, 0xff, 0xff, 0xff, 0xff, 0xff, 0xff,
0xff, 0xff, 0xff, 0xff, 0xff, 0xff, 0xff, 0xff, 0xff, 0xff, 0xff, 0xff, 0xff, 0xff, 0xff,
0xff, 0xff, 0xff, 0xff, 0xff, 0xff, 0xff, 0xff, 0xff, 0xff, 0xff, 0xff, 0xff, 0xff, 0xff,
0xff, 0xff, 0xff, 0xff, 0xff, 0xff, 0xff, 0xff, 0xff, 0xff, 0xff, 0xff, 0xff, 0xff, 0xff,
0xff, 0xff, 0xff, 0xff, 0xff, 0xff, 0xff, 0xff, 0xff, 0xff, 0xff, 0xff, 0xff, 0xff, 0xff,
0xff, 0xff, 0xff, 0xff, 0xff, 0xff, 0xff, 0xff, 0xff, 0xff, 0xff, 0xff, 0xff, 0xff, 0xff,
0xff, 0xff, 0xff, 0xff, 0xff, 0xff, 0xff, 0xff, 0xff, 0xff, 0xff, 0xff, 0xff, 0xff, 0xff,
0xff, 0xff, 0xff, 0xff, 0xff, 0xff, 0xfe, 0xfe, 0xfe, 0xff, 0xfe, 0xfe, 0xfe, 0xff, 0xfe,
0xfe, 0xfe, 0xff, 0xfe, 0xfe, 0xfe, 0xff, 0xfe, 0xfe, 0xfe, 0xff, 0xfe, 0xfe, 0xfe, 0xff,
0xfe, 0xfe, 0xfe, 0xff, 0xfe, 0xfe, 0xfe, 0xff, 0xff, 0xff, 0xff, 0xff, 0x75, 0x83, 0xe6,
0xff, 0x1b, 0x33, 0xd7, 0xff, 0x27, 0x3d, 0xd9, 0xff, 0x27, 0x3d, 0xd9, 0xff, 0x27, 0x3d,
0xd9, 0xff, 0x27, 0x3d, 0xd9, 0xff, 0x27, 0x3d, 0xd9, 0xff, 0x27, 0x3d, 0xd9, 0xff, 0x27,
0x3d, 0xd9, 0xff, 0x27, 0x3d, 0xd9, 0xff, 0x27, 0x3d, 0xd9, 0xff, 0x27, 0x3d, 0xd9, 0xff,
0x27, 0x3d, 0xd9, 0xff, 0x27, 0x3d, 0xd9, 0xff, 0x27, 0x3d, 0xd9, 0xff, 0x27, 0x3d, 0xd9,
0xff, 0x27, 0x3d, 0xd9, 0xff, 0x27, 0x3d, 0xd9, 0xff, 0x27, 0x3d, 0xd9, 0xff, 0x27, 0x3d,
0xd9, 0xff, 0x27, 0x3d, 0xd9, 0xff, 0x27, 0x3d, 0xd9, 0xff, 0x27, 0x3d, 0xd9, 0xff, 0x27,
0x3d, 0xd9, 0xff, 0x27, 0x3d, 0xd9, 0xff, 0x27, 0x3d, 0xd9, 0xff, 0x27, 0x3d, 0xd9, 0xff,
0x27, 0x3d, 0xd9, 0xff, 0x27, 0x3d, 0xd9, 0xff, 0x27, 0x3d, 0xd9, 0xff, 0x27, 0x3d, 0xd9,
0xff, 0x27, 0x3d, 0xd9, 0xff, 0x27, 0x3d, 0xd9, 0xff, 0x27, 0x3d, 0xd9, 0xff, 0x27, 0x3d,
0xd9, 0xff, 0x28, 0x3e, 0xde, 0xff, 0x22, 0x36, 0xbf, 0xa0, 0x16, 0x24, 0x80, 0x00, 0x16,
0x24, 0x7f, 0x00, 0x16, 0x24, 0x7f, 0x00, 0x16, 0x24, 0x7f, 0x00, 0xff, 0xff, 0xff, 0x00,
0xff, 0xff, 0xff, 0x00, 0xff, 0xff, 0xff, 0x00, 0xff, 0xff, 0xff, 0x00, 0xff, 0xff, 0xff,
0x00, 0xff, 0xff, 0xff, 0x00, 0xff, 0xff, 0xff, 0x00, 0xff, 0xff, 0xff, 0x00, 0xff, 0xff,
0xff, 0x00, 0xff, 0xff, 0xff, 0x00, 0xff, 0xff, 0xff, 0x00, 0xff, 0xff, 0xff, 0x00, 0xff,
0xff, 0xff, 0x00, 0xff, 0xff, 0xff, 0x00, 0xff, 0xff, 0xff, 0x00, 0x12, 0x19, 0xbd, 0x00,
0x12, 0x19, 0xbd, 0x00, 0x12, 0x19, 0xbd, 0x00, 0x12, 0x18, 0xbc, 0x00, 0x17, 0x21, 0xc3,
0x31, 0x27, 0x3e, 0xda, 0xf9, 0x27, 0x3d, 0xd9, 0xff, 0x27, 0x3d, 0xd9, 0xff, 0x27, 0x3d,
0xd9, 0xff, 0x27, 0x3d, 0xd9, 0xff, 0x27, 0x3d, 0xd9, 0xff, 0x27, 0x3d, 0xd9, 0xff, 0x27,
0x3d, 0xd9, 0xff, 0x27, 0x3d, 0xd9, 0xff, 0x27, 0x3d, 0xd9, 0xff, 0x27, 0x3d, 0xd9, 0xff,
0x27, 0x3d, 0xd9, 0xff, 0x27, 0x3d, 0xd9, 0xff, 0x27, 0x3d, 0xd9, 0xff, 0x27, 0x3d, 0xd9,
0xff, 0x27, 0x3d, 0xd9, 0xff, 0x1b, 0x32, 0xd7, 0xff, 0x7e, 0x8b, 0xe8, 0xff, 0xff, 0xff,
0xff, 0xff, 0xfe, 0xfe, 0xfe, 0xff, 0xfe, 0xfe, 0xfe, 0xff, 0xfe, 0xfe, 0xfe, 0xff, 0xfe,
0xfe, 0xfe, 0xff, 0xfe, 0xfe, 0xfe, 0xff, 0xfe, 0xfe, 0xfe, 0xff, 0xfe, 0xfe, 0xfe, 0xff,
0xfe, 0xfe, 0xfe, 0xff, 0xfe, 0xfe, 0xfe, 0xff, 0xfe, 0xfe, 0xfe, 0xff, 0xfe, 0xfe, 0xfe,
0xff, 0xfe, 0xfe, 0xfe, 0xff, 0xfe, 0xfe, 0xfe, 0xff, 0xfe, 0xfe, 0xfe, 0xff, 0xfe, 0xfe,
0xfe, 0xff, 0xfe, 0xfe, 0xfe, 0xff, 0xfe, 0xfe, 0xfe, 0xff, 0xfe, 0xfe, 0xfe, 0xff, 0xfe,
0xfe, 0xfe, 0xff, 0xfe, 0xfe, 0xfe, 0xff, 0xfe, 0xfe, 0xfe, 0xff, 0xfe, 0xfe, 0xfe, 0xff,
0xfe, 0xfe, 0xfe, 0xff, 0xfe, 0xfe, 0xfe, 0xff, 0xfe, 0xfe, 0xfe, 0xff, 0xfe, 0xfe, 0xfe,
0xff, 0xfe, 0xfe, 0xfe, 0xff, 0xfe, 0xfe, 0xfe, 0xff, 0xfe, 0xfe, 0xfe, 0xff, 0xfe, 0xfe,
0xfe, 0xff, 0xfe, 0xfe, 0xfe, 0xff, 0xfe, 0xfe, 0xfe, 0xff, 0xfe, 0xfe, 0xfe, 0xff, 0xfe,
0xfe, 0xfe, 0xff, 0xfe, 0xfe, 0xfe, 0xff, 0xfe, 0xfe, 0xfe, 0xff, 0xfe, 0xfe, 0xfe, 0xff,
0xfe, 0xfe, 0xfe, 0xff, 0xfe, 0xfe, 0xfe, 0xff, 0xfe, 0xfe, 0xfe, 0xff, 0xfe, 0xfe, 0xfe,
0xff, 0xfe, 0xfe, 0xfe, 0xff, 0xfe, 0xfe, 0xfe, 0xff, 0xfe, 0xfe, 0xfe, 0xff, 0xfe, 0xfe,
0xfe, 0xff, 0xfe, 0xfe, 0xfe, 0xff, 0xfe, 0xfe, 0xfe, 0xff, 0xff, 0xff, 0xff, 0xff, 0x75,
0x83, 0xe6, 0xff, 0x1b, 0x33, 0xd7, 0xff, 0x27, 0x3d, 0xd9, 0xff, 0x27, 0x3d, 0xd9, 0xff,
0x27, 0x3d, 0xd9, 0xff, 0x27, 0x3d, 0xd9, 0xff, 0x27, 0x3d, 0xd9, 0xff, 0x27, 0x3d, 0xd9,
0xff, 0x27, 0x3d, 0xd9, 0xff, 0x27, 0x3d, 0xd9, 0xff, 0x27, 0x3d, 0xd9, 0xff, 0x27, 0x3d,
0xd9, 0xff, 0x27, 0x3d, 0xd9, 0xff, 0x27, 0x3d, 0xd9, 0xff, 0x27, 0x3d, 0xd9, 0xff, 0x27,
0x3d, 0xd9, 0xff, 0x27, 0x3d, 0xd9, 0xff, 0x27, 0x3d, 0xd9, 0xff, 0x27, 0x3d, 0xd9, 0xff,
0x27, 0x3d, 0xd9, 0xff, 0x27, 0x3d, 0xd9, 0xff, 0x27, 0x3d, 0xd9, 0xff, 0x27, 0x3d, 0xd9,
0xff, 0x27, 0x3d, 0xd9, 0xff, 0x27, 0x3d, 0xd9, 0xff, 0x27, 0x3d, 0xd9, 0xff, 0x27, 0x3d,
0xd9, 0xff, 0x27, 0x3d, 0xd9, 0xff, 0x27, 0x3d, 0xd9, 0xff, 0x27, 0x3d, 0xd9, 0xff, 0x27,
0x3d, 0xd9, 0xff, 0x27, 0x3d, 0xd9, 0xff, 0x27, 0x3d, 0xd9, 0xff, 0x27, 0x3d, 0xd9, 0xff,
0x27, 0x3d, 0xd9, 0xff, 0x27, 0x3d, 0xd8, 0xfe, 0x20, 0x34, 0xbc, 0x41, 0x1c, 0x30, 0xb1,
0x00, 0x1c, 0x30, 0xb1, 0x00, 0x1c, 0x30, 0xb1, 0x00, 0x1c, 0x30, 0xb1, 0x00, 0xff, 0xff,
0xff, 0x00, 0xff, 0xff, 0xff, 0x00, 0xff, 0xff, 0xff, 0x00, 0xff, 0xff, 0xff, 0x00, 0xff,
0xff, 0xff, 0x00, 0xff, 0xff, 0xff, 0x00, 0xff, 0xff, 0xff, 0x00, 0xff, 0xff, 0xff, 0x00,
0xff, 0xff, 0xff, 0x00, 0xff, 0xff, 0xff, 0x00, 0xff, 0xff, 0xff, 0x00, 0xff, 0xff, 0xff,
0x00, 0xff, 0xff, 0xff, 0x00, 0xff, 0xff, 0xff, 0x00, 0xff, 0xff, 0xff, 0x00, 0x1b, 0x35,
0xd1, 0x00, 0x1b, 0x35, 0xd1, 0x00, 0x1b, 0x35, 0xd1, 0x00, 0x1b, 0x35, 0xd1, 0x00, 0x1b,
0x35, 0xd2, 0x00, 0x24, 0x3c, 0xd8, 0xad, 0x28, 0x3d, 0xd9, 0xff, 0x27, 0x3d, 0xd9, 0xff,
0x27, 0x3d, 0xd9, 0xff, 0x27, 0x3d, 0xd9, 0xff, 0x27, 0x3d, 0xd9, 0xff, 0x27, 0x3d, 0xd9,
0xff, 0x27, 0x3d, 0xd9, 0xff, 0x27, 0x3d, 0xd9, 0xff, 0x27, 0x3d, 0xd9, 0xff, 0x27, 0x3d,
0xd9, 0xff, 0x27, 0x3d, 0xd9, 0xff, 0x27, 0x3d, 0xd9, 0xff, 0x27, 0x3d, 0xd9, 0xff, 0x27,
0x3d, 0xd9, 0xff, 0x27, 0x3d, 0xd9, 0xff, 0x1b, 0x32, 0xd7, 0xff, 0x7e, 0x8b, 0xe8, 0xff,
0xff, 0xff, 0xff, 0xff, 0xfe, 0xfe, 0xfe, 0xff, 0xfe, 0xfe, 0xfe, 0xff, 0xfe, 0xfe, 0xfe,
0xff, 0xfe, 0xfe, 0xfe, 0xff, 0xfe, 0xfe, 0xfe, 0xff, 0xfe, 0xfe, 0xfe, 0xff, 0xfe, 0xfe,
0xfe, 0xff, 0xfe, 0xfe, 0xfe, 0xff, 0xfe, 0xfe, 0xfe, 0xff, 0xfe, 0xfe, 0xfe, 0xff, 0xfe,
0xfe, 0xfe, 0xff, 0xfe, 0xfe, 0xfe, 0xff, 0xfe, 0xfe, 0xfe, 0xff, 0xfe, 0xfe, 0xfe, 0xff,
0xfe, 0xfe, 0xfe, 0xff, 0xfe, 0xfe, 0xfe, 0xff, 0xfe, 0xfe, 0xfe, 0xff, 0xfe, 0xfe, 0xfe,
0xff, 0xfe, 0xfe, 0xfe, 0xff, 0xfe, 0xfe, 0xfe, 0xff, 0xfe, 0xfe, 0xfe, 0xff, 0xfe, 0xfe,
0xfe, 0xff, 0xfe, 0xfe, 0xfe, 0xff, 0xfe, 0xfe, 0xfe, 0xff, 0xfe, 0xfe, 0xfe, 0xff, 0xfe,
0xfe, 0xfe, 0xff, 0xfe, 0xfe, 0xfe, 0xff, 0xfe, 0xfe, 0xfe, 0xff, 0xfe, 0xfe, 0xfe, 0xff,
0xfe, 0xfe, 0xfe, 0xff, 0xfe, 0xfe, 0xfe, 0xff, 0xfe, 0xfe, 0xfe, 0xff, 0xfe, 0xfe, 0xfe,
0xff, 0xfe, 0xfe, 0xfe, 0xff, 0xfe, 0xfe, 0xfe, 0xff, 0xfe, 0xfe, 0xfe, 0xff, 0xfe, 0xfe,
0xfe, 0xff, 0xfe, 0xfe, 0xfe, 0xff, 0xfe, 0xfe, 0xfe, 0xff, 0xfe, 0xfe, 0xfe, 0xff, 0xfe,
0xfe, 0xfe, 0xff, 0xfe, 0xfe, 0xfe, 0xff, 0xfe, 0xfe, 0xfe, 0xff, 0xfe, 0xfe, 0xfe, 0xff,
0xfe, 0xfe, 0xfe, 0xff, 0xfe, 0xfe, 0xfe, 0xff, 0xfe, 0xfe, 0xfe, 0xff, 0xff, 0xff, 0xff,
0xff, 0x75, 0x83, 0xe6, 0xff, 0x1b, 0x33, 0xd7, 0xff, 0x27, 0x3d, 0xd9, 0xff, 0x27, 0x3d,
0xd9, 0xff, 0x27, 0x3d, 0xd9, 0xff, 0x27, 0x3d, 0xd9, 0xff, 0x27, 0x3d, 0xd9, 0xff, 0x27,
0x3d, 0xd9, 0xff, 0x27, 0x3d, 0xd9, 0xff, 0x27, 0x3d, 0xd9, 0xff, 0x27, 0x3d, 0xd9, 0xff,
0x27, 0x3d, 0xd9, 0xff, 0x27, 0x3d, 0xd9, 0xff, 0x27, 0x3d, 0xd9, 0xff, 0x27, 0x3d, 0xd9,
0xff, 0x27, 0x3d, 0xd9, 0xff, 0x27, 0x3d, 0xd9, 0xff, 0x27, 0x3d, 0xd9, 0xff, 0x27, 0x3d,
0xd9, 0xff, 0x27, 0x3d, 0xd9, 0xff, 0x27, 0x3d, 0xd9, 0xff, 0x27, 0x3d, 0xd9, 0xff, 0x27,
0x3d, 0xd9, 0xff, 0x27, 0x3d, 0xd9, 0xff, 0x27, 0x3d, 0xd9, 0xff, 0x27, 0x3d, 0xd9, 0xff,
0x27, 0x3d, 0xd9, 0xff, 0x27, 0x3d, 0xd9, 0xff, 0x27, 0x3d, 0xd9, 0xff, 0x27, 0x3d, 0xd9,
0xff, 0x27, 0x3d, 0xd9, 0xff, 0x27, 0x3d, 0xd9, 0xff, 0x27, 0x3d, 0xd9, 0xff, 0x27, 0x3d,
0xd9, 0xff, 0x28, 0x3d, 0xda, 0xff, 0x24, 0x3b, 0xd4, 0xbe, 0x18, 0x2e, 0xad, 0x00, 0x18,
0x2d, 0xac, 0x00, 0x18, 0x2d, 0xac, 0x00, 0x18, 0x2d, 0xac, 0x00, 0x18, 0x2d, 0xac, 0x00,
0xff, 0xff, 0xff, 0x00, 0xff, 0xff, 0xff, 0x00, 0xff, 0xff, 0xff, 0x00, 0xff, 0xff, 0xff,
0x00, 0xff, 0xff, 0xff, 0x00, 0xff, 0xff, 0xff, 0x00, 0xff, 0xff, 0xff, 0x00, 0xff, 0xff,
0xff, 0x00, 0xff, 0xff, 0xff, 0x00, 0xff, 0xff, 0xff, 0x00, 0xff, 0xff, 0xff, 0x00, 0xff,
0xff, 0xff, 0x00, 0xff, 0xff, 0xff, 0x00, 0xff, 0xff, 0xff, 0x00, 0xff, 0xff, 0xff, 0x00,
0x21, 0x39, 0xd8, 0x00, 0x21, 0x39, 0xd8, 0x00, 0x21, 0x39, 0xd8, 0x00, 0x21, 0x39, 0xd8,
0x00, 0x21, 0x39, 0xd8, 0x00, 0x22, 0x39, 0xd8, 0x3f, 0x27, 0x3d, 0xd9, 0xff, 0x27, 0x3d,
0xd9, 0xff, 0x27, 0x3d, 0xd9, 0xff, 0x27, 0x3d, 0xd9, 0xff, 0x27, 0x3d, 0xd9, 0xff, 0x27,
0x3d, 0xd9, 0xff, 0x27, 0x3d, 0xd9, 0xff, 0x27, 0x3d, 0xd9, 0xff, 0x27, 0x3d, 0xd9, 0xff,
0x27, 0x3d, 0xd9, 0xff, 0x27, 0x3d, 0xd9, 0xff, 0x27, 0x3d, 0xd9, 0xff, 0x27, 0x3d, 0xd9,
0xff, 0x27, 0x3d, 0xd9, 0xff, 0x27, 0x3d, 0xd9, 0xff, 0x1b, 0x32, 0xd7, 0xff, 0x7f, 0x8c,
0xe8, 0xff, 0xff, 0xff, 0xff, 0xff, 0xfe, 0xfe, 0xfe, 0xff, 0xfe, 0xfe, 0xfe, 0xff, 0xfe,
0xfe, 0xfe, 0xff, 0xfe, 0xfe, 0xfe, 0xff, 0xfe, 0xfe, 0xfe, 0xff, 0xfe, 0xfe, 0xfe, 0xff,
0xfe, 0xfe, 0xfe, 0xff, 0xfe, 0xfe, 0xfe, 0xff, 0xfe, 0xfe, 0xfe, 0xff, 0xfe, 0xfe, 0xfe,
0xff, 0xfe, 0xfe, 0xfe, 0xff, 0xfe, 0xfe, 0xfe, 0xff, 0xfe, 0xfe, 0xfe, 0xff, 0xfe, 0xfe,
0xfe, 0xff, 0xfe, 0xfe, 0xfe, 0xff, 0xfe, 0xfe, 0xfe, 0xff, 0xfe, 0xfe, 0xfe, 0xff, 0xfe,
0xfe, 0xfe, 0xff, 0xfe, 0xfe, 0xfe, 0xff, 0xfe, 0xfe, 0xfe, 0xff, 0xfe, 0xfe, 0xfe, 0xff,
0xfe, 0xfe, 0xfe, 0xff, 0xfe, 0xfe, 0xfe, 0xff, 0xfe, 0xfe, 0xfe, 0xff, 0xfe, 0xfe, 0xfe,
0xff, 0xfe, 0xfe, 0xfe, 0xff, 0xfe, 0xfe, 0xfe, 0xff, 0xfe, 0xfe, 0xfe, 0xff, 0xfe, 0xfe,
0xfe, 0xff, 0xfe, 0xfe, 0xfe, 0xff, 0xfe, 0xfe, 0xfe, 0xff, 0xfe, 0xfe, 0xfe, 0xff, 0xfe,
0xfe, 0xfe, 0xff, 0xfe, 0xfe, 0xfe, 0xff, 0xfe, 0xfe, 0xfe, 0xff, 0xfe, 0xfe, 0xfe, 0xff,
0xfe, 0xfe, 0xfe, 0xff, 0xfe, 0xfe, 0xfe, 0xff, 0xfe, 0xfe, 0xfe, 0xff, 0xfe, 0xfe, 0xfe,
0xff, 0xfe, 0xfe, 0xfe, 0xff, 0xfe, 0xfe, 0xfe, 0xff, 0xfe, 0xfe, 0xfe, 0xff, 0xfe, 0xfe,
0xfe, 0xff, 0xfe, 0xfe, 0xfe, 0xff, 0xfe, 0xfe, 0xfe, 0xff, 0xfe, 0xfe, 0xfe, 0xff, 0xff,
0xff, 0xff, 0xff, 0x75, 0x83, 0xe6, 0xff, 0x1b, 0x33, 0xd7, 0xff, 0x27, 0x3d, 0xd9, 0xff,
0x27, 0x3d, 0xd9, 0xff, 0x27, 0x3d, 0xd9, 0xff, 0x27, 0x3d, 0xd9, 0xff, 0x27, 0x3d, 0xd9,
0xff, 0x27, 0x3d, 0xd9, 0xff, 0x27, 0x3d, 0xd9, 0xff, 0x27, 0x3d, 0xd9, 0xff, 0x27, 0x3d,
0xd9, 0xff, 0x27, 0x3d, 0xd9, 0xff, 0x27, 0x3d, 0xd9, 0xff, 0x27, 0x3d, 0xd9, 0xff, 0x27,
0x3d, 0xd9, 0xff, 0x27, 0x3d, 0xd9, 0xff, 0x27, 0x3d, 0xd9, 0xff, 0x27, 0x3d, 0xd9, 0xff,
0x27, 0x3d, 0xd9, 0xff, 0x27, 0x3d, 0xd9, 0xff, 0x27, 0x3d, 0xd9, 0xff, 0x27, 0x3d, 0xd9,
0xff, 0x27, 0x3d, 0xd9, 0xff, 0x27, 0x3d, 0xd9, 0xff, 0x27, 0x3d, 0xd9, 0xff, 0x27, 0x3d,
0xd9, 0xff, 0x27, 0x3d, 0xd9, 0xff, 0x27, 0x3d, 0xd9, 0xff, 0x27, 0x3d, 0xd9, 0xff, 0x27,
0x3d, 0xd9, 0xff, 0x27, 0x3d, 0xd9, 0xff, 0x27, 0x3d, 0xd9, 0xff, 0x27, 0x3d, 0xd9, 0xff,
0x27, 0x3d, 0xd9, 0xff, 0x27, 0x3d, 0xd9, 0xff, 0x25, 0x3c, 0xd7, 0x58, 0x23, 0x3c, 0xdb,
0x00, 0x23, 0x3c, 0xdc, 0x00, 0x23, 0x3c, 0xdc, 0x00, 0x23, 0x3c, 0xdc, 0x00, 0x23, 0x3c,
0xdc, 0x00, 0xff, 0xff, 0xff, 0x00, 0xff, 0xff, 0xff, 0x00, 0xff, 0xff, 0xff, 0x00, 0xff,
0xff, 0xff, 0x00, 0xff, 0xff, 0xff, 0x00, 0xff, 0xff, 0xff, 0x00, 0xff, 0xff, 0xff, 0x00,
0xff, 0xff, 0xff, 0x00, 0xff, 0xff, 0xff, 0x00, 0xff, 0xff, 0xff, 0x00, 0xff, 0xff, 0xff,
0x00, 0xff, 0xff, 0xff, 0x00, 0xff, 0xff, 0xff, 0x00, 0xff, 0xff, 0xff, 0x00, 0xff, 0xff,
0xff, 0x00, 0x21, 0x38, 0xd8, 0x00, 0x21, 0x38, 0xd8, 0x00, 0x21, 0x38, 0xd8, 0x00, 0x21,
0x38, 0xd8, 0x00, 0x21, 0x38, 0xd8, 0x00, 0x21, 0x38, 0xd8, 0x00, 0x25, 0x3b, 0xd9, 0xa6,
0x27, 0x3d, 0xd9, 0xff, 0x27, 0x3d, 0xd9, 0xff, 0x27, 0x3d, 0xd9, 0xff, 0x27, 0x3d, 0xd9,
0xff, 0x27, 0x3d, 0xd9, 0xff, 0x27, 0x3d, 0xd9, 0xff, 0x27, 0x3d, 0xd9, 0xff, 0x27, 0x3d,
0xd9, 0xff, 0x27, 0x3d, 0xd9, 0xff, 0x27, 0x3d, 0xd9, 0xff, 0x27, 0x3d, 0xd9, 0xff, 0x27,
0x3d, 0xd9, 0xff, 0x27, 0x3d, 0xd9, 0xff, 0x27, 0x3d, 0xd9, 0xff, 0x1b, 0x32, 0xd7, 0xff,
0x7c, 0x89, 0xe8, 0xff, 0xff, 0xff, 0xff, 0xff, 0xfe, 0xfe, 0xfe, 0xff, 0xfe, 0xfe, 0xfe,
0xff, 0xfe, 0xfe, 0xfe, 0xff, 0xfe, 0xfe, 0xfe, 0xff, 0xfe, 0xfe, 0xfe, 0xff, 0xfe, 0xfe,
0xfe, 0xff, 0xfe, 0xfe, 0xfe, 0xff, 0xfe, 0xfe, 0xfe, 0xff, 0xfe, 0xfe, 0xfe, 0xff, 0xfe,
0xfe, 0xfe, 0xff, 0xfe, 0xfe, 0xfe, 0xff, 0xfe, 0xfe, 0xfe, 0xff, 0xfe, 0xfe, 0xfe, 0xff,
0xfe, 0xfe, 0xfe, 0xff, 0xfe, 0xfe, 0xfe, 0xff, 0xfe, 0xfe, 0xfe, 0xff, 0xfe, 0xfe, 0xfe,
0xff, 0xfe, 0xfe, 0xfe, 0xff, 0xfe, 0xfe, 0xfe, 0xff, 0xfe, 0xfe, 0xfe, 0xff, 0xfe, 0xfe,
0xfe, 0xff, 0xfe, 0xfe, 0xfe, 0xff, 0xfe, 0xfe, 0xfe, 0xff, 0xfe, 0xfe, 0xfe, 0xff, 0xfe,
0xfe, 0xfe, 0xff, 0xfe, 0xfe, 0xfe, 0xff, 0xfe, 0xfe, 0xfe, 0xff, 0xfe, 0xfe, 0xfe, 0xff,
0xfe, 0xfe, 0xfe, 0xff, 0xfe, 0xfe, 0xfe, 0xff, 0xfe, 0xfe, 0xfe, 0xff, 0xfe, 0xfe, 0xfe,
0xff, 0xfe, 0xfe, 0xfe, 0xff, 0xfe, 0xfe, 0xfe, 0xff, 0xfe, 0xfe, 0xfe, 0xff, 0xfe, 0xfe,
0xfe, 0xff, 0xfe, 0xfe, 0xfe, 0xff, 0xfe, 0xfe, 0xfe, 0xff, 0xfe, 0xfe, 0xfe, 0xff, 0xfe,
0xfe, 0xfe, 0xff, 0xfe, 0xfe, 0xfe, 0xff, 0xfe, 0xfe, 0xfe, 0xff, 0xfe, 0xfe, 0xfe, 0xff,
0xfe, 0xfe, 0xfe, 0xff, 0xfe, 0xfe, 0xfe, 0xff, 0xfe, 0xfe, 0xfe, 0xff, 0xfe, 0xfe, 0xfe,
0xff, 0xff, 0xff, 0xff, 0xff, 0x74, 0x82, 0xe6, 0xff, 0x1b, 0x33, 0xd7, 0xff, 0x27, 0x3d,
0xd9, 0xff, 0x27, 0x3d, 0xd9, 0xff, 0x27, 0x3d, 0xd9, 0xff, 0x27, 0x3d, 0xd9, 0xff, 0x27,
0x3d, 0xd9, 0xff, 0x27, 0x3d, 0xd9, 0xff, 0x27, 0x3d, 0xd9, 0xff, 0x27, 0x3d, 0xd9, 0xff,
0x27, 0x3d, 0xd9, 0xff, 0x27, 0x3d, 0xd9, 0xff, 0x27, 0x3d, 0xd9, 0xff, 0x27, 0x3d, 0xd9,
0xff, 0x27, 0x3d, 0xd9, 0xff, 0x27, 0x3d, 0xd9, 0xff, 0x27, 0x3d, 0xd9, 0xff, 0x27, 0x3d,
0xd9, 0xff, 0x27, 0x3d, 0xd9, 0xff, 0x27, 0x3d, 0xd9, 0xff, 0x27, 0x3d, 0xd9, 0xff, 0x27,
0x3d, 0xd9, 0xff, 0x27, 0x3d, 0xd9, 0xff, 0x27, 0x3d, 0xd9, 0xff, 0x27, 0x3d, 0xd9, 0xff,
0x27, 0x3d, 0xd9, 0xff, 0x27, 0x3d, 0xd9, 0xff, 0x27, 0x3d, 0xd9, 0xff, 0x27, 0x3d, 0xd9,
0xff, 0x27, 0x3d, 0xd9, 0xff, 0x27, 0x3d, 0xd9, 0xff, 0x27, 0x3d, 0xd9, 0xff, 0x27, 0x3d,
0xd9, 0xff, 0x27, 0x3d, 0xd9, 0xff, 0x26, 0x3d, 0xda, 0xbf, 0x24, 0x3a, 0xd7, 0x04, 0x24,
0x3a, 0xd7, 0x00, 0x24, 0x3a, 0xd7, 0x00, 0x24, 0x3a, 0xd7, 0x00, 0x24, 0x3a, 0xd7, 0x00,
0x24, 0x3a, 0xd7, 0x00, 0xff, 0xff, 0xff, 0x00, 0xff, 0xff, 0xff, 0x00, 0xff, 0xff, 0xff,
0x00, 0xff, 0xff, 0xff, 0x00, 0xff, 0xff, 0xff, 0x00, 0xff, 0xff, 0xff, 0x00, 0xff, 0xff,
0xff, 0x00, 0xff, 0xff, 0xff, 0x00, 0xff, 0xff, 0xff, 0x00, 0xff, 0xff, 0xff, 0x00, 0xff,
0xff, 0xff, 0x00, 0xff, 0xff, 0xff, 0x00, 0xff, 0xff, 0xff, 0x00, 0xff, 0xff, 0xff, 0x00,
0xff, 0xff, 0xff, 0x00, 0x25, 0x3d, 0xd4, 0x00, 0x25, 0x3d, 0xd4, 0x00, 0x25, 0x3d, 0xd4,
0x00, 0x25, 0x3d, 0xd4, 0x00, 0x25, 0x3d, 0xd4, 0x00, 0x25, 0x3d, 0xd4, 0x00, 0x26, 0x3e,
0xd6, 0x36, 0x28, 0x3f, 0xda, 0xfd, 0x27, 0x3d, 0xd9, 0xff, 0x27, 0x3d, 0xd9, 0xff, 0x27,
0x3d, 0xd9, 0xff, 0x27, 0x3d, 0xd9, 0xff, 0x27, 0x3d, 0xd9, 0xff, 0x27, 0x3d, 0xd9, 0xff,
0x27, 0x3d, 0xd9, 0xff, 0x27, 0x3d, 0xd9, 0xff, 0x27, 0x3d, 0xd9, 0xff, 0x27, 0x3d, 0xd9,
0xff, 0x27, 0x3d, 0xd9, 0xff, 0x27, 0x3d, 0xd9, 0xff, 0x27, 0x3d, 0xd9, 0xff, 0x1d, 0x34,
0xd7, 0xff, 0x61, 0x71, 0xe3, 0xff, 0xff, 0xff, 0xff, 0xff, 0xff, 0xff, 0xfe, 0xff, 0xfe,
0xfe, 0xfe, 0xff, 0xfe, 0xfe, 0xfe, 0xff, 0xfe, 0xfe, 0xfe, 0xff, 0xfe, 0xfe, 0xfe, 0xff,
0xfe, 0xfe, 0xfe, 0xff, 0xfe, 0xfe, 0xfe, 0xff, 0xfe, 0xfe, 0xfe, 0xff, 0xfe, 0xfe, 0xfe,
0xff, 0xfe, 0xfe, 0xfe, 0xff, 0xfe, 0xfe, 0xfe, 0xff, 0xfe, 0xfe, 0xfe, 0xff, 0xfe, 0xfe,
0xfe, 0xff, 0xfe, 0xfe, 0xfe, 0xff, 0xfe, 0xfe, 0xfe, 0xff, 0xfe, 0xfe, 0xfe, 0xff, 0xfe,
0xfe, 0xfe, 0xff, 0xfe, 0xfe, 0xfe, 0xff, 0xfe, 0xfe, 0xfe, 0xff, 0xfe, 0xfe, 0xfe, 0xff,
0xfe, 0xfe, 0xfe, 0xff, 0xfe, 0xfe, 0xfe, 0xff, 0xfe, 0xfe, 0xfe, 0xff, 0xfe, 0xfe, 0xfe,
0xff, 0xfe, 0xfe, 0xfe, 0xff, 0xfe, 0xfe, 0xfe, 0xff, 0xfe, 0xfe, 0xfe, 0xff, 0xfe, 0xfe,
0xfe, 0xff, 0xfe, 0xfe, 0xfe, 0xff, 0xfe, 0xfe, 0xfe, 0xff, 0xfe, 0xfe, 0xfe, 0xff, 0xfe,
0xfe, 0xfe, 0xff, 0xfe, 0xfe, 0xfe, 0xff, 0xfe, 0xfe, 0xfe, 0xff, 0xfe, 0xfe, 0xfe, 0xff,
0xfe, 0xfe, 0xfe, 0xff, 0xfe, 0xfe, 0xfe, 0xff, 0xfe, 0xfe, 0xfe, 0xff, 0xfe, 0xfe, 0xfe,
0xff, 0xfe, 0xfe, 0xfe, 0xff, 0xfe, 0xfe, 0xfe, 0xff, 0xfe, 0xfe, 0xfe, 0xff, 0xfe, 0xfe,
0xfe, 0xff, 0xfe, 0xfe, 0xfe, 0xff, 0xfe, 0xfe, 0xfe, 0xff, 0xfe, 0xfe, 0xfe, 0xff, 0xff,
0xfe, 0xfe, 0xff, 0xff, 0xff, 0xff, 0xff, 0x66, 0x76, 0xe4, 0xff, 0x1c, 0x33, 0xd7, 0xff,
0x27, 0x3d, 0xd9, 0xff, 0x27, 0x3d, 0xd9, 0xff, 0x27, 0x3d, 0xd9, 0xff, 0x27, 0x3d, 0xd9,
0xff, 0x27, 0x3d, 0xd9, 0xff, 0x27, 0x3d, 0xd9, 0xff, 0x27, 0x3d, 0xd9, 0xff, 0x27, 0x3d,
0xd9, 0xff, 0x27, 0x3d, 0xd9, 0xff, 0x27, 0x3d, 0xd9, 0xff, 0x27, 0x3d, 0xd9, 0xff, 0x27,
0x3d, 0xd9, 0xff, 0x27, 0x3d, 0xd9, 0xff, 0x27, 0x3d, 0xd9, 0xff, 0x27, 0x3d, 0xd9, 0xff,
0x27, 0x3d, 0xd9, 0xff, 0x27, 0x3d, 0xd9, 0xff, 0x27, 0x3d, 0xd9, 0xff, 0x27, 0x3d, 0xd9,
0xff, 0x27, 0x3d, 0xd9, 0xff, 0x27, 0x3d, 0xd9, 0xff, 0x27, 0x3d, 0xd9, 0xff, 0x27, 0x3d,
0xd9, 0xff, 0x27, 0x3d, 0xd9, 0xff, 0x27, 0x3d, 0xd9, 0xff, 0x27, 0x3d, 0xd9, 0xff, 0x27,
0x3d, 0xd9, 0xff, 0x27, 0x3d, 0xd9, 0xff, 0x27, 0x3d, 0xd9, 0xff, 0x27, 0x3d, 0xd9, 0xff,
0x27, 0x3d, 0xd9, 0xff, 0x27, 0x3d, 0xdb, 0xff, 0x26, 0x39, 0xd6, 0x48, 0x24, 0x37, 0xd3,
0x00, 0x24, 0x37, 0xd4, 0x00, 0x24, 0x37, 0xd4, 0x00, 0x24, 0x37, 0xd4, 0x00, 0x24, 0x37,
0xd4, 0x00, 0x24, 0x37, 0xd4, 0x00, 0xff, 0xff, 0xff, 0x00, 0xff, 0xff, 0xff, 0x00, 0xff,
0xff, 0xff, 0x00, 0xff, 0xff, 0xff, 0x00, 0xff, 0xff, 0xff, 0x00, 0xff, 0xff, 0xff, 0x00,
0xff, 0xff, 0xff, 0x00, 0xff, 0xff, 0xff, 0x00, 0xff, 0xff, 0xff, 0x00, 0xff, 0xff, 0xff,
0x00, 0xff, 0xff, 0xff, 0x00, 0xff, 0xff, 0xff, 0x00, 0xff, 0xff, 0xff, 0x00, 0xff, 0xff,
0xff, 0x00, 0xff, 0xff, 0xff, 0x00, 0x0d, 0x1a, 0xc9, 0x00, 0x0d, 0x1a, 0xc9, 0x00, 0x0d,
0x1a, 0xc9, 0x00, 0x0d, 0x1a, 0xc9, 0x00, 0x0d, 0x1a, 0xc9, 0x00, 0x0d, 0x1a, 0xc9, 0x00,
0x0d, 0x19, 0xc7, 0x00, 0x1c, 0x2c, 0xd2, 0x9d, 0x28, 0x3f, 0xda, 0xff, 0x27, 0x3d, 0xd9,
0xff, 0x27, 0x3d, 0xd9, 0xff, 0x27, 0x3d, 0xd9, 0xff, 0x27, 0x3d, 0xd9, 0xff, 0x27, 0x3d,
0xd9, 0xff, 0x27, 0x3d, 0xd9, 0xff, 0x27, 0x3d, 0xd9, 0xff, 0x27, 0x3d, 0xd9, 0xff, 0x27,
0x3d, 0xd9, 0xff, 0x27, 0x3d, 0xd9, 0xff, 0x27, 0x3d, 0xd9, 0xff, 0x27, 0x3d, 0xd9, 0xff,
0x23, 0x39, 0xd8, 0xff, 0x37, 0x4b, 0xdc, 0xff, 0xf0, 0xf1, 0xfc, 0xff, 0xff, 0xff, 0xff,
0xff, 0xfe, 0xfe, 0xfe, 0xff, 0xfe, 0xfe, 0xfe, 0xff, 0xfe, 0xfe, 0xfe, 0xff, 0xfe, 0xfe,
0xfe, 0xff, 0xfe, 0xfe, 0xfe, 0xff, 0xfe, 0xfe, 0xfe, 0xff, 0xfe, 0xfe, 0xfe, 0xff, 0xfe,
0xfe, 0xfe, 0xff, 0xfe, 0xfe, 0xfe, 0xff, 0xfe, 0xfe, 0xfe, 0xff, 0xfe, 0xfe, 0xfe, 0xff,
0xfe, 0xfe, 0xfe, 0xff, 0xfe, 0xfe, 0xfe, 0xff, 0xfe, 0xfe, 0xfe, 0xff, 0xfe, 0xfe, 0xfe,
0xff, 0xfe, 0xfe, 0xfe, 0xff, 0xfe, 0xfe, 0xfe, 0xff, 0xfe, 0xfe, 0xfe, 0xff, 0xfe, 0xfe,
0xfe, 0xff, 0xfe, 0xfe, 0xfe, 0xff, 0xfe, 0xfe, 0xfe, 0xff, 0xfe, 0xfe, 0xfe, 0xff, 0xfe,
0xfe, 0xfe, 0xff, 0xfe, 0xfe, 0xfe, 0xff, 0xfe, 0xfe, 0xfe, 0xff, 0xfe, 0xfe, 0xfe, 0xff,
0xfe, 0xfe, 0xfe, 0xff, 0xfe, 0xfe, 0xfe, 0xff, 0xfe, 0xfe, 0xfe, 0xff, 0xfe, 0xfe, 0xfe,
0xff, 0xfe, 0xfe, 0xfe, 0xff, 0xfe, 0xfe, 0xfe, 0xff, 0xfe, 0xfe, 0xfe, 0xff, 0xfe, 0xfe,
0xfe, 0xff, 0xfe, 0xfe, 0xfe, 0xff, 0xfe, 0xfe, 0xfe, 0xff, 0xfe, 0xfe, 0xfe, 0xff, 0xfe,
0xfe, 0xfe, 0xff, 0xfe, 0xfe, 0xfe, 0xff, 0xfe, 0xfe, 0xfe, 0xff, 0xfe, 0xfe, 0xfe, 0xff,
0xfe, 0xfe, 0xfe, 0xff, 0xfe, 0xfe, 0xfe, 0xff, 0xfe, 0xfe, 0xfe, 0xff, 0xfe, 0xfe, 0xfe,
0xff, 0xff, 0xff, 0xff, 0xff, 0xf0, 0xf1, 0xfc, 0xff, 0x3b, 0x4f, 0xdc, 0xff, 0x22, 0x39,
0xd8, 0xff, 0x27, 0x3d, 0xd9, 0xff, 0x27, 0x3d, 0xd9, 0xff, 0x27, 0x3d, 0xd9, 0xff, 0x27,
0x3d, 0xd9, 0xff, 0x27, 0x3d, 0xd9, 0xff, 0x27, 0x3d, 0xd9, 0xff, 0x27, 0x3d, 0xd9, 0xff,
0x27, 0x3d, 0xd9, 0xff, 0x27, 0x3d, 0xd9, 0xff, 0x27, 0x3d, 0xd9, 0xff, 0x27, 0x3d, 0xd9,
0xff, 0x27, 0x3d, 0xd9, 0xff, 0x27, 0x3d, 0xd9, 0xff, 0x27, 0x3d, 0xd9, 0xff, 0x27, 0x3d,
0xd9, 0xff, 0x27, 0x3d, 0xd9, 0xff, 0x27, 0x3d, 0xd9, 0xff, 0x27, 0x3d, 0xd9, 0xff, 0x27,
0x3d, 0xd9, 0xff, 0x27, 0x3d, 0xd9, 0xff, 0x27, 0x3d, 0xd9, 0xff, 0x27, 0x3d, 0xd9, 0xff,
0x27, 0x3d, 0xd9, 0xff, 0x27, 0x3d, 0xd9, 0xff, 0x27, 0x3d, 0xd9, 0xff, 0x27, 0x3d, 0xd9,
0xff, 0x27, 0x3d, 0xd9, 0xff, 0x27, 0x3d, 0xd9, 0xff, 0x27, 0x3d, 0xd9, 0xff, 0x27, 0x3d,
0xd9, 0xff, 0x28, 0x3f, 0xdf, 0xff, 0x22, 0x34, 0xb9, 0xaf, 0x12, 0x14, 0x56, 0x02, 0x13,
0x14, 0x54, 0x00, 0x13, 0x14, 0x55, 0x00, 0x13, 0x14, 0x55, 0x00, 0x13, 0x14, 0x55, 0x00,
0x13, 0x14, 0x55, 0x00, 0x13, 0x14, 0x55, 0x00, 0xff, 0xff, 0xff, 0x00, 0xff, 0xff, 0xff,
0x00, 0xff, 0xff, 0xff, 0x00, 0xff, 0xff, 0xff, 0x00, 0xff, 0xff, 0xff, 0x00, 0xff, 0xff,
0xff, 0x00, 0xff, 0xff, 0xff, 0x00, 0xff, 0xff, 0xff, 0x00, 0xff, 0xff, 0xff, 0x00, 0xff,
0xff, 0xff, 0x00, 0xff, 0xff, 0xff, 0x00, 0xff, 0xff, 0xff, 0x00, 0xff, 0xff, 0xff, 0x00,
0xff, 0xff, 0xff, 0x00, 0xff, 0xff, 0xff, 0x00, 0x1a, 0x28, 0xcc, 0x00, 0x1a, 0x28, 0xcc,
0x00, 0x1a, 0x28, 0xcc, 0x00, 0x1a, 0x28, 0xcc, 0x00, 0x1a, 0x28, 0xcc, 0x00, 0x1a, 0x28,
0xcc, 0x00, 0x1a, 0x28, 0xcb, 0x00, 0x20, 0x32, 0xd0, 0x2d, 0x28, 0x3f, 0xd9, 0xf7, 0x27,
0x3d, 0xd9, 0xff, 0x27, 0x3d, 0xd9, 0xff, 0x27, 0x3d, 0xd9, 0xff, 0x27, 0x3d, 0xd9, 0xff,
0x27, 0x3d, 0xd9, 0xff, 0x27, 0x3d, 0xd9, 0xff, 0x27, 0x3d, 0xd9, 0xff, 0x27, 0x3d, 0xd9,
0xff, 0x27, 0x3d, 0xd9, 0xff, 0x27, 0x3d, 0xd9, 0xff, 0x27, 0x3d, 0xd9, 0xff, 0x27, 0x3d,
0xd9, 0xff, 0x26, 0x3c, 0xd9, 0xff, 0x20, 0x36, 0xd8, 0xff, 0xbc, 0xc2, 0xf3, 0xff, 0xff,
0xff, 0xff, 0xff, 0xfe, 0xfe, 0xfe, 0xff, 0xfe, 0xfe, 0xfe, 0xff, 0xfe, 0xfe, 0xfe, 0xff,
0xfe, 0xfe, 0xfe, 0xff, 0xfe, 0xfe, 0xfe, 0xff, 0xfe, 0xfe, 0xfe, 0xff, 0xfe, 0xfe, 0xfe,
0xff, 0xfe, 0xfe, 0xfe, 0xff, 0xfe, 0xfe, 0xfe, 0xff, 0xfe, 0xfe, 0xfe, 0xff, 0xfe, 0xfe,
0xfe, 0xff, 0xfe, 0xfe, 0xfe, 0xff, 0xfe, 0xfe, 0xfe, 0xff, 0xfe, 0xfe, 0xfe, 0xff, 0xfe,
0xfe, 0xfe, 0xff, 0xfe, 0xfe, 0xfe, 0xff, 0xfe, 0xfe, 0xfe, 0xff, 0xfe, 0xfe, 0xfe, 0xff,
0xfe, 0xfe, 0xfe, 0xff, 0xfe, 0xfe, 0xfe, 0xff, 0xfe, 0xfe, 0xfe, 0xff, 0xfe, 0xfe, 0xfe,
0xff, 0xfe, 0xfe, 0xfe, 0xff, 0xfe, 0xfe, 0xfe, 0xff, 0xfe, 0xfe, 0xfe, 0xff, 0xfe, 0xfe,
0xfe, 0xff, 0xfe, 0xfe, 0xfe, 0xff, 0xfe, 0xfe, 0xfe, 0xff, 0xfe, 0xfe, 0xfe, 0xff, 0xfe,
0xfe, 0xfe, 0xff, 0xfe, 0xfe, 0xfe, 0xff, 0xfe, 0xfe, 0xfe, 0xff, 0xfe, 0xfe, 0xfe, 0xff,
0xfe, 0xfe, 0xfe, 0xff, 0xfe, 0xfe, 0xfe, 0xff, 0xfe, 0xfe, 0xfe, 0xff, 0xfe, 0xfe, 0xfe,
0xff, 0xfe, 0xfe, 0xfe, 0xff, 0xfe, 0xfe, 0xfe, 0xff, 0xfe, 0xfe, 0xfe, 0xff, 0xfe, 0xfe,
0xfe, 0xff, 0xfe, 0xfe, 0xfe, 0xff, 0xfe, 0xfe, 0xfe, 0xff, 0xfe, 0xfe, 0xfe, 0xff, 0xfe,
0xfe, 0xfe, 0xff, 0xff, 0xff, 0xff, 0xff, 0xa6, 0xaf, 0xef, 0xff, 0x1b, 0x32, 0xd7, 0xff,
0x27, 0x3d, 0xd9, 0xff, 0x27, 0x3d, 0xd9, 0xff, 0x27, 0x3d, 0xd9, 0xff, 0x27, 0x3d, 0xd9,
0xff, 0x27, 0x3d, 0xd9, 0xff, 0x27, 0x3d, 0xd9, 0xff, 0x27, 0x3d, 0xd9, 0xff, 0x27, 0x3d,
0xd9, 0xff, 0x27, 0x3d, 0xd9, 0xff, 0x27, 0x3d, 0xd9, 0xff, 0x27, 0x3d, 0xd9, 0xff, 0x27,
0x3d, 0xd9, 0xff, 0x27, 0x3d, 0xd9, 0xff, 0x27, 0x3d, 0xd9, 0xff, 0x27, 0x3d, 0xd9, 0xff,
0x27, 0x3d, 0xd9, 0xff, 0x27, 0x3d, 0xd9, 0xff, 0x27, 0x3d, 0xd9, 0xff, 0x27, 0x3d, 0xd9,
0xff, 0x27, 0x3d, 0xd9, 0xff, 0x27, 0x3d, 0xd9, 0xff, 0x27, 0x3d, 0xd9, 0xff, 0x27, 0x3d,
0xd9, 0xff, 0x27, 0x3d, 0xd9, 0xff, 0x27, 0x3d, 0xd9, 0xff, 0x27, 0x3d, 0xd9, 0xff, 0x27,
0x3d, 0xd9, 0xff, 0x27, 0x3d, 0xd9, 0xff, 0x27, 0x3d, 0xd9, 0xff, 0x27, 0x3d, 0xd9, 0xff,
0x27, 0x3d, 0xd9, 0xff, 0x27, 0x3e, 0xdc, 0xfb, 0x22, 0x39, 0xcc, 0x35, 0x1d, 0x33, 0xb5,
0x00, 0x1d, 0x33, 0xb6, 0x00, 0x1d, 0x33, 0xb6, 0x00, 0x1d, 0x33, 0xb6, 0x00, 0x1d, 0x33,
0xb6, 0x00, 0x1d, 0x33, 0xb6, 0x00, 0x1d, 0x33, 0xb6, 0x00, 0xff, 0xff, 0xff, 0x00, 0xff,
0xff, 0xff, 0x00, 0xff, 0xff, 0xff, 0x00, 0xff, 0xff, 0xff, 0x00, 0xff, 0xff, 0xff, 0x00,
0xff, 0xff, 0xff, 0x00, 0xff, 0xff, 0xff, 0x00, 0xff, 0xff, 0xff, 0x00, 0xff, 0xff, 0xff,
0x00, 0xff, 0xff, 0xff, 0x00, 0xff, 0xff, 0xff, 0x00, 0xff, 0xff, 0xff, 0x00, 0xff, 0xff,
0xff, 0x00, 0xff, 0xff, 0xff, 0x00, 0xff, 0xff, 0xff, 0x00, 0x23, 0x39, 0xcc, 0x00, 0x23,
0x39, 0xcc, 0x00, 0x23, 0x39, 0xcc, 0x00, 0x23, 0x39, 0xcc, 0x00, 0x23, 0x39, 0xcc, 0x00,
0x23, 0x39, 0xcc, 0x00, 0x23, 0x39, 0xcc, 0x00, 0x22, 0x37, 0xca, 0x00, 0x25, 0x38, 0xd3,
0x79, 0x27, 0x3d, 0xda, 0xff, 0x27, 0x3d, 0xd9, 0xff, 0x27, 0x3d, 0xd9, 0xff, 0x27, 0x3d,
0xd9, 0xff, 0x27, 0x3d, 0xd9, 0xff, 0x27, 0x3d, 0xd9, 0xff, 0x27, 0x3d, 0xd9, 0xff, 0x27,
0x3d, 0xd9, 0xff, 0x27, 0x3d, 0xd9, 0xff, 0x27, 0x3d, 0xd9, 0xff, 0x27, 0x3d, 0xd9, 0xff,
0x27, 0x3d, 0xd9, 0xff, 0x27, 0x3d, 0xd9, 0xff, 0x20, 0x36, 0xd8, 0xff, 0x48, 0x5a, 0xdf,
0xff, 0xf6, 0xf7, 0xfd, 0xff, 0xff, 0xff, 0xff, 0xff, 0xfe, 0xfe, 0xfe, 0xff, 0xfe, 0xfe,
0xfe, 0xff, 0xfe, 0xfe, 0xfe, 0xff, 0xfe, 0xfe, 0xfe, 0xff, 0xfe, 0xfe, 0xfe, 0xff, 0xfe,
0xfe, 0xfe, 0xff, 0xfe, 0xfe, 0xfe, 0xff, 0xfe, 0xfe, 0xfe, 0xff, 0xfe, 0xfe, 0xfe, 0xff,
0xfe, 0xfe, 0xfe, 0xff, 0xfe, 0xfe, 0xfe, 0xff, 0xfe, 0xfe, 0xfe, 0xff, 0xfe, 0xfe, 0xfe,
0xff, 0xfe, 0xfe, 0xfe, 0xff, 0xfe, 0xfe, 0xfe, 0xff, 0xfe, 0xfe, 0xfe, 0xff, 0xfe, 0xfe,
0xfe, 0xff, 0xfe, 0xfe, 0xfe, 0xff, 0xfe, 0xfe, 0xfe, 0xff, 0xfe, 0xfe, 0xfe, 0xff, 0xfe,
0xfe, 0xfe, 0xff, 0xfe, 0xfe, 0xfe, 0xff, 0xfe, 0xfe, 0xfe, 0xff, 0xfe, 0xfe, 0xfe, 0xff,
0xfe, 0xfe, 0xfe, 0xff, 0xfe, 0xfe, 0xfe, 0xff, 0xfe, 0xfe, 0xfe, 0xff, 0xfe, 0xfe, 0xfe,
0xff, 0xfe, 0xfe, 0xfe, 0xff, 0xfe, 0xfe, 0xfe, 0xff, 0xfe, 0xfe, 0xfe, 0xff, 0xfe, 0xfe,
0xfe, 0xff, 0xfe, 0xfe, 0xfe, 0xff, 0xfe, 0xfe, 0xfe, 0xff, 0xfe, 0xfe, 0xfe, 0xff, 0xfe,
0xfe, 0xfe, 0xff, 0xfe, 0xfe, 0xfe, 0xff, 0xfe, 0xfe, 0xfe, 0xff, 0xfe, 0xfe, 0xfe, 0xff,
0xfe, 0xfe, 0xfe, 0xff, 0xfe, 0xfe, 0xfe, 0xff, 0xfe, 0xfe, 0xfe, 0xff, 0xfe, 0xfe, 0xfe,
0xff, 0xff, 0xff, 0xff, 0xff, 0xef, 0xf1, 0xfc, 0xff, 0x47, 0x59, 0xdf, 0xff, 0x20, 0x37,
0xd8, 0xff, 0x27, 0x3d, 0xd9, 0xff, 0x27, 0x3d, 0xd9, 0xff, 0x27, 0x3d, 0xd9, 0xff, 0x27,
0x3d, 0xd9, 0xff, 0x27, 0x3d, 0xd9, 0xff, 0x27, 0x3d, 0xd9, 0xff, 0x27, 0x3d, 0xd9, 0xff,
0x27, 0x3d, 0xd9, 0xff, 0x27, 0x3d, 0xd9, 0xff, 0x27, 0x3d, 0xd9, 0xff, 0x27, 0x3d, 0xd9,
0xff, 0x27, 0x3d, 0xd9, 0xff, 0x27, 0x3d, 0xd9, 0xff, 0x27, 0x3d, 0xd9, 0xff, 0x27, 0x3d,
0xd9, 0xff, 0x27, 0x3d, 0xd9, 0xff, 0x27, 0x3d, 0xd9, 0xff, 0x27, 0x3d, 0xd9, 0xff, 0x27,
0x3d, 0xd9, 0xff, 0x27, 0x3d, 0xd9, 0xff, 0x27, 0x3d, 0xd9, 0xff, 0x27, 0x3d, 0xd9, 0xff,
0x27, 0x3d, 0xd9, 0xff, 0x27, 0x3d, 0xd9, 0xff, 0x27, 0x3d, 0xd9, 0xff, 0x27, 0x3d, 0xd9,
0xff, 0x27, 0x3d, 0xd9, 0xff, 0x27, 0x3d, 0xd9, 0xff, 0x27, 0x3d, 0xd9, 0xff, 0x27, 0x3d,
0xd9, 0xff, 0x27, 0x3e, 0xda, 0xff, 0x25, 0x37, 0xd1, 0x81, 0x22, 0x31, 0xc9, 0x00, 0x22,
0x32, 0xcc, 0x00, 0x22, 0x32, 0xcc, 0x00, 0x22, 0x32, 0xcc, 0x00, 0x22, 0x32, 0xcc, 0x00,
0x22, 0x32, 0xcc, 0x00, 0x22, 0x32, 0xcc, 0x00, 0x22, 0x32, 0xcc, 0x00, 0xff, 0xff, 0xff,
0x00, 0xff, 0xff, 0xff, 0x00, 0xff, 0xff, 0xff, 0x00, 0xff, 0xff, 0xff, 0x00, 0xff, 0xff,
0xff, 0x00, 0xff, 0xff, 0xff, 0x00, 0xff, 0xff, 0xff, 0x00, 0xff, 0xff, 0xff, 0x00, 0xff,
0xff, 0xff, 0x00, 0xff, 0xff, 0xff, 0x00, 0xff, 0xff, 0xff, 0x00, 0xff, 0xff, 0xff, 0x00,
0xff, 0xff, 0xff, 0x00, 0xff, 0xff, 0xff, 0x00, 0xff, 0xff, 0xff, 0x00, 0x21, 0x2b, 0xc8,
0x00, 0x21, 0x2b, 0xc8, 0x00, 0x21, 0x2b, 0xc8, 0x00, 0x21, 0x2b, 0xc8, 0x00, 0x21, 0x2b,
0xc8, 0x00, 0x21, 0x2b, 0xc8, 0x00, 0x21, 0x2b, 0xc8, 0x00, 0x21, 0x2a, 0xc7, 0x00, 0x21,
0x2e, 0xca, 0x0c, 0x27, 0x3e, 0xd9, 0xdb, 0x27, 0x3d, 0xd9, 0xff, 0x27, 0x3d, 0xd9, 0xff,
0x27, 0x3d, 0xd9, 0xff, 0x27, 0x3d, 0xd9, 0xff, 0x27, 0x3d, 0xd9, 0xff, 0x27, 0x3d, 0xd9,
0xff, 0x27, 0x3d, 0xd9, 0xff, 0x27, 0x3d, 0xd9, 0xff, 0x27, 0x3d, 0xd9, 0xff, 0x27, 0x3d,
0xd9, 0xff, 0x27, 0x3d, 0xd9, 0xff, 0x27, 0x3d, 0xd9, 0xff, 0x27, 0x3d, 0xd9, 0xff, 0x1b,
0x32, 0xd7, 0xff, 0x7e, 0x8c, 0xe8, 0xff, 0xff, 0xff, 0xff, 0xff, 0xff, 0xff, 0xff, 0xff,
0xfe, 0xfe, 0xfe, 0xff, 0xfe, 0xfe, 0xfe, 0xff, 0xfe, 0xfe, 0xfe, 0xff, 0xfe, 0xfe, 0xfe,
0xff, 0xfe, 0xfe, 0xfe, 0xff, 0xfe, 0xfe, 0xfe, 0xff, 0xfe, 0xfe, 0xfe, 0xff, 0xfe, 0xfe,
0xfe, 0xff, 0xfe, 0xfe, 0xfe, 0xff, 0xfe, 0xfe, 0xfe, 0xff, 0xfe, 0xfe, 0xfe, 0xff, 0xfe,
0xfe, 0xfe, 0xff, 0xfe, 0xfe, 0xfe, 0xff, 0xfe, 0xfe, 0xfe, 0xff, 0xfe, 0xfe, 0xfe, 0xff,
0xfe, 0xfe, 0xfe, 0xff, 0xfe, 0xfe, 0xfe, 0xff, 0xfe, 0xfe, 0xfe, 0xff, 0xfe, 0xfe, 0xfe,
0xff, 0xfe, 0xfe, 0xfe, 0xff, 0xfe, 0xfe, 0xfe, 0xff, 0xfe, 0xfe, 0xfe, 0xff, 0xfe, 0xfe,
0xfe, 0xff, 0xfe, 0xfe, 0xfe, 0xff, 0xfe, 0xfe, 0xfe, 0xff, 0xfe, 0xfe, 0xfe, 0xff, 0xfe,
0xfe, 0xfe, 0xff, 0xfe, 0xfe, 0xfe, 0xff, 0xfe, 0xfe, 0xfe, 0xff, 0xfe, 0xfe, 0xfe, 0xff,
0xfe, 0xfe, 0xfe, 0xff, 0xfe, 0xfe, 0xfe, 0xff, 0xfe, 0xfe, 0xfe, 0xff, 0xfe, 0xfe, 0xfe,
0xff, 0xfe, 0xfe, 0xfe, 0xff, 0xfe, 0xfe, 0xfe, 0xff, 0xfe, 0xfe, 0xfe, 0xff, 0xfe, 0xfe,
0xfe, 0xff, 0xfe, 0xfe, 0xfe, 0xff, 0xfe, 0xfe, 0xfe, 0xff, 0xfe, 0xfe, 0xfe, 0xff, 0xff,
0xff, 0xff, 0xff, 0xfb, 0xfc, 0xfe, 0xff, 0x66, 0x75, 0xe4, 0xff, 0x1a, 0x32, 0xd7, 0xff,
0x27, 0x3d, 0xd9, 0xff, 0x27, 0x3d, 0xd9, 0xff, 0x27, 0x3d, 0xd9, 0xff, 0x27, 0x3d, 0xd9,
0xff, 0x27, 0x3d, 0xd9, 0xff, 0x27, 0x3d, 0xd9, 0xff, 0x27, 0x3d, 0xd9, 0xff, 0x27, 0x3d,
0xd9, 0xff, 0x27, 0x3d, 0xd9, 0xff, 0x27, 0x3d, 0xd9, 0xff, 0x27, 0x3d, 0xd9, 0xff, 0x27,
0x3d, 0xd9, 0xff, 0x27, 0x3d, 0xd9, 0xff, 0x27, 0x3d, 0xd9, 0xff, 0x27, 0x3d, 0xd9, 0xff,
0x27, 0x3d, 0xd9, 0xff, 0x27, 0x3d, 0xd9, 0xff, 0x27, 0x3d, 0xd9, 0xff, 0x27, 0x3d, 0xd9,
0xff, 0x27, 0x3d, 0xd9, 0xff, 0x27, 0x3d, 0xd9, 0xff, 0x27, 0x3d, 0xd9, 0xff, 0x27, 0x3d,
0xd9, 0xff, 0x27, 0x3d, 0xd9, 0xff, 0x27, 0x3d, 0xd9, 0xff, 0x27, 0x3d, 0xd9, 0xff, 0x27,
0x3d, 0xd9, 0xff, 0x27, 0x3d, 0xd9, 0xff, 0x27, 0x3d, 0xd9, 0xff, 0x27, 0x3d, 0xd9, 0xff,
0x27, 0x3d, 0xd9, 0xff, 0x27, 0x3d, 0xd9, 0xdd, 0x22, 0x3a, 0xd1, 0x0d, 0x22, 0x39, 0xce,
0x00, 0x22, 0x39, 0xcf, 0x00, 0x22, 0x39, 0xcf, 0x00, 0x22, 0x39, 0xcf, 0x00, 0x22, 0x39,
0xcf, 0x00, 0x22, 0x39, 0xcf, 0x00, 0x22, 0x39, 0xcf, 0x00, 0x22, 0x39, 0xcf, 0x00, 0xff,
0xff, 0xff, 0x00, 0xff, 0xff, 0xff, 0x00, 0xff, 0xff, 0xff, 0x00, 0xff, 0xff, 0xff, 0x00,
0xff, 0xff, 0xff, 0x00, 0xff, 0xff, 0xff, 0x00, 0xff, 0xff, 0xff, 0x00, 0xff, 0xff, 0xff,
0x00, 0xff, 0xff, 0xff, 0x00, 0xff, 0xff, 0xff, 0x00, 0xff, 0xff, 0xff, 0x00, 0xff, 0xff,
0xff, 0x00, 0xff, 0xff, 0xff, 0x00, 0xff, 0xff, 0xff, 0x00, 0xff, 0xff, 0xff, 0x00, 0x1e,
0x35, 0xd2, 0x00, 0x1e, 0x35, 0xd2, 0x00, 0x1e, 0x35, 0xd2, 0x00, 0x1e, 0x35, 0xd2, 0x00,
0x1e, 0x35, 0xd2, 0x00, 0x1e, 0x35, 0xd2, 0x00, 0x1e, 0x35, 0xd2, 0x00, 0x1e, 0x35, 0xd2,
0x00, 0x1d, 0x35, 0xd2, 0x00, 0x21, 0x36, 0xd3, 0x3c, 0x27, 0x3d, 0xd9, 0xff, 0x27, 0x3d,
0xd9, 0xff, 0x27, 0x3d, 0xd9, 0xff, 0x27, 0x3d, 0xd9, 0xff, 0x27, 0x3d, 0xd9, 0xff, 0x27,
0x3d, 0xd9, 0xff, 0x27, 0x3d, 0xd9, 0xff, 0x27, 0x3d, 0xd9, 0xff, 0x27, 0x3d, 0xd9, 0xff,
0x27, 0x3d, 0xd9, 0xff, 0x27, 0x3d, 0xd9, 0xff, 0x27, 0x3d, 0xd9, 0xff, 0x27, 0x3d, 0xd9,
0xff, 0x26, 0x3c, 0xd9, 0xff, 0x1b, 0x32, 0xd7, 0xff, 0x76, 0x84, 0xe7, 0xff, 0xeb, 0xed,
0xfb, 0xff, 0xff, 0xff, 0xff, 0xff, 0xff, 0xff, 0xff, 0xff, 0xff, 0xff, 0xff, 0xff, 0xff,
0xff, 0xfe, 0xff, 0xff, 0xff, 0xfe, 0xff, 0xff, 0xff, 0xfe, 0xff, 0xff, 0xff, 0xfe, 0xff,
0xff, 0xff, 0xfe, 0xff, 0xff, 0xff, 0xfe, 0xff, 0xff, 0xff, 0xfe, 0xff, 0xff, 0xff, 0xfe,
0xff, 0xff, 0xff, 0xfe, 0xff, 0xff, 0xff, 0xfe, 0xff, 0xff, 0xff, 0xfe, 0xff, 0xff, 0xff,
0xfe, 0xff, 0xff, 0xff, 0xfe, 0xff, 0xff, 0xff, 0xfe, 0xff, 0xff, 0xff, 0xfe, 0xff, 0xff,
0xff, 0xfe, 0xff, 0xff, 0xff, 0xfe, 0xff, 0xff, 0xff, 0xfe, 0xff, 0xff, 0xff, 0xfe, 0xff,
0xff, 0xff, 0xfe, 0xff, 0xff, 0xff, 0xfe, 0xff, 0xff, 0xff, 0xfe, 0xff, 0xff, 0xff, 0xfe,
0xff, 0xff, 0xff, 0xfe, 0xff, 0xff, 0xff, 0xfe, 0xff, 0xff, 0xff, 0xfe, 0xff, 0xff, 0xff,
0xfe, 0xff, 0xff, 0xff, 0xfe, 0xff, 0xff, 0xff, 0xfe, 0xff, 0xff, 0xff, 0xfe, 0xff, 0xff,
0xff, 0xfe, 0xff, 0xff, 0xff, 0xfe, 0xff, 0xff, 0xff, 0xfe, 0xff, 0xff, 0xff, 0xfe, 0xff,
0xff, 0xff, 0xfe, 0xff, 0xff, 0xff, 0xff, 0xff, 0xff, 0xff, 0xff, 0xff, 0xff, 0xff, 0xff,
0xff, 0xe6, 0xe9, 0xfb, 0xff, 0x65, 0x75, 0xe4, 0xff, 0x1c, 0x33, 0xd7, 0xff, 0x27, 0x3d,
0xd9, 0xff, 0x27, 0x3d, 0xd9, 0xff, 0x27, 0x3d, 0xd9, 0xff, 0x27, 0x3d, 0xd9, 0xff, 0x27,
0x3d, 0xd9, 0xff, 0x27, 0x3d, 0xd9, 0xff, 0x27, 0x3d, 0xd9, 0xff, 0x27, 0x3d, 0xd9, 0xff,
0x27, 0x3d, 0xd9, 0xff, 0x27, 0x3d, 0xd9, 0xff, 0x27, 0x3d, 0xd9, 0xff, 0x27, 0x3d, 0xd9,
0xff, 0x27, 0x3d, 0xd9, 0xff, 0x27, 0x3d, 0xd9, 0xff, 0x27, 0x3d, 0xd9, 0xff, 0x27, 0x3d,
0xd9, 0xff, 0x27, 0x3d, 0xd9, 0xff, 0x27, 0x3d, 0xd9, 0xff, 0x27, 0x3d, 0xd9, 0xff, 0x27,
0x3d, 0xd9, 0xff, 0x27, 0x3d, 0xd9, 0xff, 0x27, 0x3d, 0xd9, 0xff, 0x27, 0x3d, 0xd9, 0xff,
0x27, 0x3d, 0xd9, 0xff, 0x27, 0x3d, 0xd9, 0xff, 0x27, 0x3d, 0xd9, 0xff, 0x27, 0x3d, 0xd9,
0xff, 0x27, 0x3d, 0xd9, 0xff, 0x27, 0x3d, 0xd9, 0xff, 0x27, 0x3d, 0xd9, 0xff, 0x27, 0x3d,
0xd9, 0xff, 0x27, 0x3e, 0xda, 0xff, 0x22, 0x38, 0xda, 0x3f, 0x20, 0x36, 0xd8, 0x00, 0x20,
0x36, 0xd9, 0x00, 0x20, 0x36, 0xd9, 0x00, 0x20, 0x36, 0xd9, 0x00, 0x20, 0x36, 0xd9, 0x00,
0x20, 0x36, 0xd9, 0x00, 0x20, 0x36, 0xd9, 0x00, 0x20, 0x36, 0xd9, 0x00, 0x20, 0x36, 0xd9,
0x00, 0xff, 0xff, 0xff, 0x00, 0xff, 0xff, 0xff, 0x00, 0xff, 0xff, 0xff, 0x00, 0xff, 0xff,
0xff, 0x00, 0xff, 0xff, 0xff, 0x00, 0xff, 0xff, 0xff, 0x00, 0xff, 0xff, 0xff, 0x00, 0xff,
0xff, 0xff, 0x00, 0xff, 0xff, 0xff, 0x00, 0xff, 0xff, 0xff, 0x00, 0xff, 0xff, 0xff, 0x00,
0xff, 0xff, 0xff, 0x00, 0xff, 0xff, 0xff, 0x00, 0xff, 0xff, 0xff, 0x00, 0xff, 0xff, 0xff,
0x00, 0x20, 0x28, 0xd2, 0x00, 0x20, 0x28, 0xd2, 0x00, 0x20, 0x28, 0xd2, 0x00, 0x20, 0x28,
0xd2, 0x00, 0x20, 0x28, 0xd2, 0x00, 0x20, 0x28, 0xd2, 0x00, 0x20, 0x28, 0xd2, 0x00, 0x20,
0x28, 0xd2, 0x00, 0x20, 0x28, 0xd2, 0x00, 0x20, 0x29, 0xd4, 0x00, 0x25, 0x3c, 0xe4, 0x80,
0x28, 0x3f, 0xdd, 0xff, 0x27, 0x3d, 0xd8, 0xff, 0x27, 0x3d, 0xd9, 0xff, 0x27, 0x3d, 0xd9,
0xff, 0x27, 0x3d, 0xd9, 0xff, 0x27, 0x3d, 0xd9, 0xff, 0x27, 0x3d, 0xd9, 0xff, 0x27, 0x3d,
0xd9, 0xff, 0x27, 0x3d, 0xd9, 0xff, 0x27, 0x3d, 0xd9, 0xff, 0x27, 0x3d, 0xd9, 0xff, 0x27,
0x3d, 0xd9, 0xff, 0x27, 0x3d, 0xd9, 0xff, 0x27, 0x3d, 0xd9, 0xff, 0x1b, 0x32, 0xd7, 0xff,
0x38, 0x4c, 0xdc, 0xff, 0x9e, 0xa8, 0xee, 0xff, 0xd9, 0xdc, 0xf8, 0xff, 0xee, 0xef, 0xfb,
0xff, 0xf6, 0xf7, 0xfd, 0xff, 0xf6, 0xf7, 0xfd, 0xff, 0xf6, 0xf7, 0xfd, 0xff, 0xf6, 0xf7,
0xfd, 0xff, 0xf6, 0xf7, 0xfd, 0xff, 0xf6, 0xf7, 0xfd, 0xff, 0xf6, 0xf7, 0xfd, 0xff, 0xf6,
0xf7, 0xfd, 0xff, 0xf6, 0xf7, 0xfd, 0xff, 0xf6, 0xf7, 0xfd, 0xff, 0xf6, 0xf7, 0xfd, 0xff,
0xf6, 0xf7, 0xfd, 0xff, 0xf6, 0xf7, 0xfd, 0xff, 0xf6, 0xf7, 0xfd, 0xff, 0xf6, 0xf7, 0xfd,
0xff, 0xf6, 0xf7, 0xfd, 0xff, 0xf6, 0xf7, 0xfd, 0xff, 0xf6, 0xf7, 0xfd, 0xff, 0xf6, 0xf7,
0xfd, 0xff, 0xf6, 0xf7, 0xfd, 0xff, 0xf6, 0xf7, 0xfd, 0xff, 0xf6, 0xf7, 0xfd, 0xff, 0xf6,
0xf7, 0xfd, 0xff, 0xf6, 0xf7, 0xfd, 0xff, 0xf6, 0xf7, 0xfd, 0xff, 0xf6, 0xf7, 0xfd, 0xff,
0xf6, 0xf7, 0xfd, 0xff, 0xf6, 0xf7, 0xfd, 0xff, 0xf6, 0xf7, 0xfd, 0xff, 0xf6, 0xf7, 0xfd,
0xff, 0xf6, 0xf7, 0xfd, 0xff, 0xf6, 0xf7, 0xfd, 0xff, 0xf6, 0xf7, 0xfd, 0xff, 0xf7, 0xf7,
0xfd, 0xff, 0xf6, 0xf6, 0xfd, 0xff, 0xed, 0xef, 0xfb, 0xff, 0xd7, 0xdb, 0xf8, 0xff, 0x97,
0xa2, 0xed, 0xff, 0x35, 0x4a, 0xdc, 0xff, 0x1d, 0x34, 0xd7, 0xff, 0x27, 0x3d, 0xd9, 0xff,
0x27, 0x3d, 0xd9, 0xff, 0x27, 0x3d, 0xd9, 0xff, 0x27, 0x3d, 0xd9, 0xff, 0x27, 0x3d, 0xd9,
0xff, 0x27, 0x3d, 0xd9, 0xff, 0x27, 0x3d, 0xd9, 0xff, 0x27, 0x3d, 0xd9, 0xff, 0x27, 0x3d,
0xd9, 0xff, 0x27, 0x3d, 0xd9, 0xff, 0x27, 0x3d, 0xd9, 0xff, 0x27, 0x3d, 0xd9, 0xff, 0x27,
0x3d, 0xd9, 0xff, 0x27, 0x3d, 0xd9, 0xff, 0x27, 0x3d, 0xd9, 0xff, 0x27, 0x3d, 0xd9, 0xff,
0x27, 0x3d, 0xd9, 0xff, 0x27, 0x3d, 0xd9, 0xff, 0x27, 0x3d, 0xd9, 0xff, 0x27, 0x3d, 0xd9,
0xff, 0x27, 0x3d, 0xd9, 0xff, 0x27, 0x3d, 0xd9, 0xff, 0x27, 0x3d, 0xd9, 0xff, 0x27, 0x3d,
0xd9, 0xff, 0x27, 0x3d, 0xd9, 0xff, 0x27, 0x3d, 0xd9, 0xff, 0x27, 0x3d, 0xd9, 0xff, 0x27,
0x3d, 0xd9, 0xff, 0x27, 0x3d, 0xd9, 0xff, 0x27, 0x3d, 0xd9, 0xff, 0x27, 0x3d, 0xd9, 0xff,
0x27, 0x3e, 0xda, 0xff, 0x26, 0x37, 0xd0, 0x8a, 0x21, 0x2c, 0xc6, 0x00, 0x21, 0x2c, 0xc7,
0x00, 0x21, 0x2c, 0xc7, 0x00, 0x21, 0x2c, 0xc7, 0x00, 0x21, 0x2c, 0xc7, 0x00, 0x21, 0x2c,
0xc7, 0x00, 0x21, 0x2c, 0xc7, 0x00, 0x21, 0x2c, 0xc7, 0x00, 0x21, 0x2c, 0xc7, 0x00, 0x21,
0x2c, 0xc7, 0x00, 0xff, 0xff, 0xff, 0x00, 0xff, 0xff, 0xff, 0x00, 0xff, 0xff, 0xff, 0x00,
0xff, 0xff, 0xff, 0x00, 0xff, 0xff, 0xff, 0x00, 0xff, 0xff, 0xff, 0x00, 0xff, 0xff, 0xff,
0x00, 0xff, 0xff, 0xff, 0x00, 0xff, 0xff, 0xff, 0x00, 0xff, 0xff, 0xff, 0x00, 0xff, 0xff,
0xff, 0x00, 0xff, 0xff, 0xff, 0x00, 0xff, 0xff, 0xff, 0x00, 0xff, 0xff, 0xff, 0x00, 0xff,
0xff, 0xff, 0x00, 0x0d, 0x19, 0x69, 0x00, 0x0d, 0x19, 0x69, 0x00, 0x0d, 0x19, 0x69, 0x00,
0x0d, 0x19, 0x69, 0x00, 0x0d, 0x19, 0x69, 0x00, 0x0d, 0x19, 0x69, 0x00, 0x0d, 0x19, 0x69,
0x00, 0x0d, 0x19, 0x69, 0x00, 0x0d, 0x19, 0x69, 0x00, 0x0c, 0x18, 0x69, 0x00, 0x0e, 0x19,
0x69, 0x02, 0x21, 0x36, 0xc0, 0xb7, 0x28, 0x3f, 0xe0, 0xff, 0x27, 0x3d, 0xd9, 0xff, 0x27,
0x3d, 0xd9, 0xff, 0x27, 0x3d, 0xd9, 0xff, 0x27, 0x3d, 0xd9, 0xff, 0x27, 0x3d, 0xd9, 0xff,
0x27, 0x3d, 0xd9, 0xff, 0x27, 0x3d, 0xd9, 0xff, 0x27, 0x3d, 0xd9, 0xff, 0x27, 0x3d, 0xd9,
0xff, 0x27, 0x3d, 0xd9, 0xff, 0x27, 0x3d, 0xd9, 0xff, 0x27, 0x3d, 0xd9, 0xff, 0x27, 0x3d,
0xd9, 0xff, 0x22, 0x38, 0xd8, 0xff, 0x1c, 0x33, 0xd7, 0xff, 0x29, 0x3f, 0xd9, 0xff, 0x37,
0x4c, 0xdc, 0xff, 0x43, 0x56, 0xde, 0xff, 0x44, 0x57, 0xde, 0xff, 0x44, 0x57, 0xde, 0xff,
0x44, 0x57, 0xde, 0xff, 0x44, 0x57, 0xde, 0xff, 0x44, 0x57, 0xde, 0xff, 0x44, 0x57, 0xde,
0xff, 0x44, 0x57, 0xde, 0xff, 0x44, 0x57, 0xde, 0xff, 0x44, 0x57, 0xde, 0xff, 0x44, 0x57,
0xde, 0xff, 0x44, 0x57, 0xde, 0xff, 0x44, 0x57, 0xde, 0xff, 0x44, 0x57, 0xde, 0xff, 0x44,
0x57, 0xde, 0xff, 0x44, 0x57, 0xde, 0xff, 0x44, 0x57, 0xde, 0xff, 0x44, 0x57, 0xde, 0xff,
0x44, 0x57, 0xde, 0xff, 0x44, 0x57, 0xde, 0xff, 0x44, 0x57, 0xde, 0xff, 0x44, 0x57, 0xde,
0xff, 0x44, 0x57, 0xde, 0xff, 0x44, 0x57, 0xde, 0xff, 0x44, 0x57, 0xde, 0xff, 0x44, 0x57,
0xde, 0xff, 0x44, 0x57, 0xde, 0xff, 0x44, 0x57, 0xde, 0xff, 0x44, 0x57, 0xde, 0xff, 0x44,
0x57, 0xde, 0xff, 0x44, 0x57, 0xde, 0xff, 0x44, 0x57, 0xde, 0xff, 0x44, 0x57, 0xde, 0xff,
0x44, 0x57, 0xde, 0xff, 0x42, 0x55, 0xde, 0xff, 0x36, 0x4b, 0xdc, 0xff, 0x28, 0x3e, 0xd9,
0xff, 0x1b, 0x33, 0xd7, 0xff, 0x23, 0x39, 0xd8, 0xff, 0x27, 0x3d, 0xd9, 0xff, 0x27, 0x3d,
0xd9, 0xff, 0x27, 0x3d, 0xd9, 0xff, 0x27, 0x3d, 0xd9, 0xff, 0x27, 0x3d, 0xd9, 0xff, 0x27,
0x3d, 0xd9, 0xff, 0x27, 0x3d, 0xd9, 0xff, 0x27, 0x3d, 0xd9, 0xff, 0x27, 0x3d, 0xd9, 0xff,
0x27, 0x3d, 0xd9, 0xff, 0x27, 0x3d, 0xd9, 0xff, 0x27, 0x3d, 0xd9, 0xff, 0x27, 0x3d, 0xd9,
0xff, 0x27, 0x3d, 0xd9, 0xff, 0x27, 0x3d, 0xd9, 0xff, 0x27, 0x3d, 0xd9, 0xff, 0x27, 0x3d,
0xd9, 0xff, 0x27, 0x3d, 0xd9, 0xff, 0x27, 0x3d, 0xd9, 0xff, 0x27, 0x3d, 0xd9, 0xff, 0x27,
0x3d, 0xd9, 0xff, 0x27, 0x3d, 0xd9, 0xff, 0x27, 0x3d, 0xd9, 0xff, 0x27, 0x3d, 0xd9, 0xff,
0x27, 0x3d, 0xd9, 0xff, 0x27, 0x3d, 0xd9, 0xff, 0x27, 0x3d, 0xd9, 0xff, 0x27, 0x3d, 0xd9,
0xff, 0x27, 0x3d, 0xd9, 0xff, 0x27, 0x3d, 0xd9, 0xff, 0x27, 0x3d, 0xd9, 0xff, 0x27, 0x3d,
0xd9, 0xff, 0x27, 0x3e, 0xda, 0xcd, 0x26, 0x36, 0xca, 0x07, 0x27, 0x33, 0xc3, 0x00, 0x27,
0x33, 0xc4, 0x00, 0x27, 0x33, 0xc4, 0x00, 0x27, 0x33, 0xc4, 0x00, 0x27, 0x33, 0xc4, 0x00,
0x27, 0x33, 0xc4, 0x00, 0x27, 0x33, 0xc4, 0x00, 0x27, 0x33, 0xc4, 0x00, 0x27, 0x33, 0xc4,
0x00, 0x27, 0x33, 0xc4, 0x00, 0xff, 0xff, 0xff, 0x00, 0xff, 0xff, 0xff, 0x00, 0xff, 0xff,
0xff, 0x00, 0xff, 0xff, 0xff, 0x00, 0xff, 0xff, 0xff, 0x00, 0xff, 0xff, 0xff, 0x00, 0xff,
0xff, 0xff, 0x00, 0xff, 0xff, 0xff, 0x00, 0xff, 0xff, 0xff, 0x00, 0xff, 0xff, 0xff, 0x00,
0xff, 0xff, 0xff, 0x00, 0xff, 0xff, 0xff, 0x00, 0xff, 0xff, 0xff, 0x00, 0xff, 0xff, 0xff,
0x00, 0xff, 0xff, 0xff, 0x00, 0x00, 0x00, 0x00, 0x00, 0x00, 0x00, 0x00, 0x00, 0x00, 0x00,
0x00, 0x00, 0x00, 0x00, 0x00, 0x00, 0x00, 0x00, 0x00, 0x00, 0x00, 0x00, 0x00, 0x00, 0x00,
0x00, 0x00, 0x00, 0x00, 0x00, 0x00, 0x00, 0x00, 0x00, 0x00, 0x00, 0x00, 0x00, 0x00, 0x00,
0x00, 0x00, 0x00, 0x00, 0x16, 0x27, 0x91, 0x0d, 0x28, 0x3d, 0xdb, 0xcd, 0x27, 0x3d, 0xda,
0xff, 0x27, 0x3d, 0xd9, 0xff, 0x27, 0x3d, 0xd9, 0xff, 0x27, 0x3d, 0xd9, 0xff, 0x27, 0x3d,
0xd9, 0xff, 0x27, 0x3d, 0xd9, 0xff, 0x27, 0x3d, 0xd9, 0xff, 0x27, 0x3d, 0xd9, 0xff, 0x27,
0x3d, 0xd9, 0xff, 0x27, 0x3d, 0xd9, 0xff, 0x27, 0x3d, 0xd9, 0xff, 0x27, 0x3d, 0xd9, 0xff,
0x27, 0x3d, 0xd9, 0xff, 0x27, 0x3d, 0xd9, 0xff, 0x27, 0x3d, 0xd9, 0xff, 0x25, 0x3b, 0xd9,
0xff, 0x23, 0x39, 0xd8, 0xff, 0x21, 0x38, 0xd8, 0xff, 0x21, 0x38, 0xd8, 0xff, 0x21, 0x38,
0xd8, 0xff, 0x21, 0x38, 0xd8, 0xff, 0x21, 0x38, 0xd8, 0xff, 0x21, 0x38, 0xd8, 0xff, 0x21,
0x38, 0xd8, 0xff, 0x21, 0x38, 0xd8, 0xff, 0x21, 0x38, 0xd8, 0xff, 0x21, 0x38, 0xd8, 0xff,
0x21, 0x38, 0xd8, 0xff, 0x21, 0x38, 0xd8, 0xff, 0x21, 0x38, 0xd8, 0xff, 0x21, 0x38, 0xd8,
0xff, 0x21, 0x38, 0xd8, 0xff, 0x21, 0x38, 0xd8, 0xff, 0x21, 0x38, 0xd8, 0xff, 0x21, 0x38,
0xd8, 0xff, 0x21, 0x38, 0xd8, 0xff, 0x21, 0x38, 0xd8, 0xff, 0x21, 0x38, 0xd8, 0xff, 0x21,
0x38, 0xd8, 0xff, 0x21, 0x38, 0xd8, 0xff, 0x21, 0x38, 0xd8, 0xff, 0x21, 0x38, 0xd8, 0xff,
0x21, 0x38, 0xd8, 0xff, 0x21, 0x38, 0xd8, 0xff, 0x21, 0x38, 0xd8, 0xff, 0x21, 0x38, 0xd8,
0xff, 0x21, 0x38, 0xd8, 0xff, 0x21, 0x38, 0xd8, 0xff, 0x21, 0x38, 0xd8, 0xff, 0x21, 0x38,
0xd8, 0xff, 0x21, 0x38, 0xd8, 0xff, 0x21, 0x38, 0xd8, 0xff, 0x23, 0x39, 0xd8, 0xff, 0x25,
0x3b, 0xd9, 0xff, 0x27, 0x3d, 0xd9, 0xff, 0x27, 0x3d, 0xd9, 0xff, 0x27, 0x3d, 0xd9, 0xff,
0x27, 0x3d, 0xd9, 0xff, 0x27, 0x3d, 0xd9, 0xff, 0x27, 0x3d, 0xd9, 0xff, 0x27, 0x3d, 0xd9,
0xff, 0x27, 0x3d, 0xd9, 0xff, 0x27, 0x3d, 0xd9, 0xff, 0x27, 0x3d, 0xd9, 0xff, 0x27, 0x3d,
0xd9, 0xff, 0x27, 0x3d, 0xd9, 0xff, 0x27, 0x3d, 0xd9, 0xff, 0x27, 0x3d, 0xd9, 0xff, 0x27,
0x3d, 0xd9, 0xff, 0x27, 0x3d, 0xd9, 0xff, 0x27, 0x3d, 0xd9, 0xff, 0x27, 0x3d, 0xd9, 0xff,
0x27, 0x3d, 0xd9, 0xff, 0x27, 0x3d, 0xd9, 0xff, 0x27, 0x3d, 0xd9, 0xff, 0x27, 0x3d, 0xd9,
0xff, 0x27, 0x3d, 0xd9, 0xff, 0x27, 0x3d, 0xd9, 0xff, 0x27, 0x3d, 0xd9, 0xff, 0x27, 0x3d,
0xd9, 0xff, 0x27, 0x3d, 0xd9, 0xff, 0x27, 0x3d, 0xd9, 0xff, 0x27, 0x3d, 0xd9, 0xff, 0x27,
0x3d, 0xd9, 0xff, 0x27, 0x3d, 0xd9, 0xff, 0x27, 0x3d, 0xd9, 0xff, 0x27, 0x3d, 0xd9, 0xff,
0x27, 0x3c, 0xd7, 0xe7, 0x1b, 0x2e, 0xcf, 0x1d, 0x17, 0x2b, 0xcd, 0x00, 0x18, 0x2c, 0xce,
0x00, 0x18, 0x2c, 0xce, 0x00, 0x18, 0x2c, 0xce, 0x00, 0x18, 0x2c, 0xce, 0x00, 0x18, 0x2c,
0xce, 0x00, 0x18, 0x2c, 0xce, 0x00, 0x18, 0x2c, 0xce, 0x00, 0x18, 0x2c, 0xce, 0x00, 0x18,
0x2c, 0xce, 0x00, 0x18, 0x2c, 0xce, 0x00, 0xff, 0xff, 0xff, 0x00, 0xff, 0xff, 0xff, 0x00,
0xff, 0xff, 0xff, 0x00, 0xff, 0xff, 0xff, 0x00, 0xff, 0xff, 0xff, 0x00, 0xff, 0xff, 0xff,
0x00, 0xff, 0xff, 0xff, 0x00, 0xff, 0xff, 0xff, 0x00, 0xff, 0xff, 0xff, 0x00, 0xff, 0xff,
0xff, 0x00, 0xff, 0xff, 0xff, 0x00, 0xff, 0xff, 0xff, 0x00, 0xff, 0xff, 0xff, 0x00, 0xff,
0xff, 0xff, 0x00, 0xff, 0xff, 0xff, 0x00, 0x01, 0x01, 0x01, 0x00, 0x01, 0x01, 0x01, 0x00,
0x01, 0x01, 0x01, 0x00, 0x01, 0x01, 0x01, 0x00, 0x01, 0x01, 0x01, 0x00, 0x01, 0x01, 0x01,
0x00, 0x01, 0x01, 0x01, 0x00, 0x01, 0x01, 0x01, 0x00, 0x01, 0x01, 0x01, 0x00, 0x01, 0x01,
0x01, 0x00, 0x01, 0x01, 0x01, 0x00, 0x02, 0x03, 0x0b, 0x00, 0x0c, 0x1e, 0x71, 0x1b, 0x27,
0x3f, 0xe4, 0xde, 0x27, 0x3d, 0xd9, 0xff, 0x27, 0x3d, 0xd9, 0xff, 0x27, 0x3d, 0xd9, 0xff,
0x27, 0x3d, 0xd9, 0xff, 0x27, 0x3d, 0xd9, 0xff, 0x27, 0x3d, 0xd9, 0xff, 0x27, 0x3d, 0xd9,
0xff, 0x27, 0x3d, 0xd9, 0xff, 0x27, 0x3d, 0xd9, 0xff, 0x27, 0x3d, 0xd9, 0xff, 0x27, 0x3d,
0xd9, 0xff, 0x27, 0x3d, 0xd9, 0xff, 0x27, 0x3d, 0xd9, 0xff, 0x27, 0x3d, 0xd9, 0xff, 0x27,
0x3d, 0xd9, 0xff, 0x27, 0x3d, 0xd9, 0xff, 0x27, 0x3d, 0xd9, 0xff, 0x27, 0x3d, 0xd9, 0xff,
0x27, 0x3d, 0xd9, 0xff, 0x27, 0x3d, 0xd9, 0xff, 0x27, 0x3d, 0xd9, 0xff, 0x27, 0x3d, 0xd9,
0xff, 0x27, 0x3d, 0xd9, 0xff, 0x27, 0x3d, 0xd9, 0xff, 0x27, 0x3d, 0xd9, 0xff, 0x27, 0x3d,
0xd9, 0xff, 0x27, 0x3d, 0xd9, 0xff, 0x27, 0x3d, 0xd9, 0xff, 0x27, 0x3d, 0xd9, 0xff, 0x27,
0x3d, 0xd9, 0xff, 0x27, 0x3d, 0xd9, 0xff, 0x27, 0x3d, 0xd9, 0xff, 0x27, 0x3d, 0xd9, 0xff,
0x27, 0x3d, 0xd9, 0xff, 0x27, 0x3d, 0xd9, 0xff, 0x27, 0x3d, 0xd9, 0xff, 0x27, 0x3d, 0xd9,
0xff, 0x27, 0x3d, 0xd9, 0xff, 0x27, 0x3d, 0xd9, 0xff, 0x27, 0x3d, 0xd9, 0xff, 0x27, 0x3d,
0xd9, 0xff, 0x27, 0x3d, 0xd9, 0xff, 0x27, 0x3d, 0xd9, 0xff, 0x27, 0x3d, 0xd9, 0xff, 0x27,
0x3d, 0xd9, 0xff, 0x27, 0x3d, 0xd9, 0xff, 0x27, 0x3d, 0xd9, 0xff, 0x27, 0x3d, 0xd9, 0xff,
0x27, 0x3d, 0xd9, 0xff, 0x27, 0x3d, 0xd9, 0xff, 0x27, 0x3d, 0xd9, 0xff, 0x27, 0x3d, 0xd9,
0xff, 0x27, 0x3d, 0xd9, 0xff, 0x27, 0x3d, 0xd9, 0xff, 0x27, 0x3d, 0xd9, 0xff, 0x27, 0x3d,
0xd9, 0xff, 0x27, 0x3d, 0xd9, 0xff, 0x27, 0x3d, 0xd9, 0xff, 0x27, 0x3d, 0xd9, 0xff, 0x27,
0x3d, 0xd9, 0xff, 0x27, 0x3d, 0xd9, 0xff, 0x27, 0x3d, 0xd9, 0xff, 0x27, 0x3d, 0xd9, 0xff,
0x27, 0x3d, 0xd9, 0xff, 0x27, 0x3d, 0xd9, 0xff, 0x27, 0x3d, 0xd9, 0xff, 0x27, 0x3d, 0xd9,
0xff, 0x27, 0x3d, 0xd9, 0xff, 0x27, 0x3d, 0xd9, 0xff, 0x27, 0x3d, 0xd9, 0xff, 0x27, 0x3d,
0xd9, 0xff, 0x27, 0x3d, 0xd9, 0xff, 0x27, 0x3d, 0xd9, 0xff, 0x27, 0x3d, 0xd9, 0xff, 0x27,
0x3d, 0xd9, 0xff, 0x27, 0x3d, 0xd9, 0xff, 0x27, 0x3d, 0xd9, 0xff, 0x27, 0x3d, 0xd9, 0xff,
0x27, 0x3d, 0xd9, 0xff, 0x27, 0x3d, 0xd9, 0xff, 0x27, 0x3d, 0xd9, 0xff, 0x27, 0x3d, 0xd9,
0xff, 0x27, 0x3d, 0xd9, 0xff, 0x27, 0x3d, 0xd9, 0xff, 0x27, 0x3d, 0xd9, 0xff, 0x29, 0x41,
0xde, 0xfc, 0x1e, 0x2e, 0xc1, 0x41, 0x01, 0x03, 0x81, 0x00, 0x02, 0x04, 0x85, 0x00, 0x02,
0x04, 0x85, 0x00, 0x02, 0x04, 0x85, 0x00, 0x02, 0x04, 0x85, 0x00, 0x02, 0x04, 0x85, 0x00,
0x02, 0x04, 0x85, 0x00, 0x02, 0x04, 0x85, 0x00, 0x02, 0x04, 0x85, 0x00, 0x02, 0x04, 0x85,
0x00, 0x02, 0x04, 0x85, 0x00, 0x02, 0x04, 0x85, 0x00, 0xff, 0xff, 0xff, 0x00, 0xff, 0xff,
0xff, 0x00, 0xff, 0xff, 0xff, 0x00, 0xff, 0xff, 0xff, 0x00, 0xff, 0xff, 0xff, 0x00, 0xff,
0xff, 0xff, 0x00, 0xff, 0xff, 0xff, 0x00, 0xff, 0xff, 0xff, 0x00, 0xff, 0xff, 0xff, 0x00,
0xff, 0xff, 0xff, 0x00, 0xff, 0xff, 0xff, 0x00, 0xff, 0xff, 0xff, 0x00, 0xff, 0xff, 0xff,
0x00, 0xff, 0xff, 0xff, 0x00, 0xff, 0xff, 0xff, 0x00, 0x01, 0x01, 0x01, 0x00, 0x01, 0x01,
0x01, 0x00, 0x01, 0x01, 0x01, 0x00, 0x01, 0x01, 0x01, 0x00, 0x01, 0x01, 0x01, 0x00, 0x01,
0x01, 0x01, 0x00, 0x01, 0x01, 0x01, 0x00, 0x01, 0x01, 0x01, 0x00, 0x01, 0x01, 0x01, 0x00,
0x01, 0x01, 0x01, 0x00, 0x01, 0x01, 0x01, 0x00, 0x00, 0x00, 0x00, 0x00, 0x07, 0x1a, 0x64,
0x00, 0x24, 0x3d, 0xe2, 0x2d, 0x27, 0x3d, 0xd9, 0xdb, 0x27, 0x3d, 0xd9, 0xff, 0x27, 0x3d,
0xd9, 0xff, 0x27, 0x3d, 0xd9, 0xff, 0x27, 0x3d, 0xd9, 0xff, 0x27, 0x3d, 0xd9, 0xff, 0x27,
0x3d, 0xd9, 0xff, 0x27, 0x3d, 0xd9, 0xff, 0x27, 0x3d, 0xd9, 0xff, 0x27, 0x3d, 0xd9, 0xff,
0x27, 0x3d, 0xd9, 0xff, 0x27, 0x3d, 0xd9, 0xff, 0x27, 0x3d, 0xd9, 0xff, 0x27, 0x3d, 0xd9,
0xff, 0x27, 0x3d, 0xd9, 0xff, 0x27, 0x3d, 0xd9, 0xff, 0x27, 0x3d, 0xd9, 0xff, 0x27, 0x3d,
0xd9, 0xff, 0x27, 0x3d, 0xd9, 0xff, 0x27, 0x3d, 0xd9, 0xff, 0x27, 0x3d, 0xd9, 0xff, 0x27,
0x3d, 0xd9, 0xff, 0x27, 0x3d, 0xd9, 0xff, 0x27, 0x3d, 0xd9, 0xff, 0x27, 0x3d, 0xd9, 0xff,
0x27, 0x3d, 0xd9, 0xff, 0x27, 0x3d, 0xd9, 0xff, 0x27, 0x3d, 0xd9, 0xff, 0x27, 0x3d, 0xd9,
0xff, 0x27, 0x3d, 0xd9, 0xff, 0x27, 0x3d, 0xd9, 0xff, 0x27, 0x3d, 0xd9, 0xff, 0x27, 0x3d,
0xd9, 0xff, 0x27, 0x3d, 0xd9, 0xff, 0x27, 0x3d, 0xd9, 0xff, 0x27, 0x3d, 0xd9, 0xff, 0x27,
0x3d, 0xd9, 0xff, 0x27, 0x3d, 0xd9, 0xff, 0x27, 0x3d, 0xd9, 0xff, 0x27, 0x3d, 0xd9, 0xff,
0x27, 0x3d, 0xd9, 0xff, 0x27, 0x3d, 0xd9, 0xff, 0x27, 0x3d, 0xd9, 0xff, 0x27, 0x3d, 0xd9,
0xff, 0x27, 0x3d, 0xd9, 0xff, 0x27, 0x3d, 0xd9, 0xff, 0x27, 0x3d, 0xd9, 0xff, 0x27, 0x3d,
0xd9, 0xff, 0x27, 0x3d, 0xd9, 0xff, 0x27, 0x3d, 0xd9, 0xff, 0x27, 0x3d, 0xd9, 0xff, 0x27,
0x3d, 0xd9, 0xff, 0x27, 0x3d, 0xd9, 0xff, 0x27, 0x3d, 0xd9, 0xff, 0x27, 0x3d, 0xd9, 0xff,
0x27, 0x3d, 0xd9, 0xff, 0x27, 0x3d, 0xd9, 0xff, 0x27, 0x3d, 0xd9, 0xff, 0x27, 0x3d, 0xd9,
0xff, 0x27, 0x3d, 0xd9, 0xff, 0x27, 0x3d, 0xd9, 0xff, 0x27, 0x3d, 0xd9, 0xff, 0x27, 0x3d,
0xd9, 0xff, 0x27, 0x3d, 0xd9, 0xff, 0x27, 0x3d, 0xd9, 0xff, 0x27, 0x3d, 0xd9, 0xff, 0x27,
0x3d, 0xd9, 0xff, 0x27, 0x3d, 0xd9, 0xff, 0x27, 0x3d, 0xd9, 0xff, 0x27, 0x3d, 0xd9, 0xff,
0x27, 0x3d, 0xd9, 0xff, 0x27, 0x3d, 0xd9, 0xff, 0x27, 0x3d, 0xd9, 0xff, 0x27, 0x3d, 0xd9,
0xff, 0x27, 0x3d, 0xd9, 0xff, 0x27, 0x3d, 0xd9, 0xff, 0x27, 0x3d, 0xd9, 0xff, 0x27, 0x3d,
0xd9, 0xff, 0x27, 0x3d, 0xd9, 0xff, 0x27, 0x3d, 0xd9, 0xff, 0x27, 0x3d, 0xd9, 0xff, 0x27,
0x3d, 0xd9, 0xff, 0x27, 0x3d, 0xd9, 0xff, 0x27, 0x3d, 0xd9, 0xff, 0x29, 0x40, 0xdc, 0xff,
0x1e, 0x30, 0xd1, 0x6c, 0x07, 0x0b, 0xaf, 0x00, 0x00, 0x00, 0x9e, 0x00, 0x01, 0x00, 0x9f,
0x00, 0x01, 0x00, 0x9f, 0x00, 0x01, 0x00, 0x9f, 0x00, 0x01, 0x00, 0x9f, 0x00, 0x01, 0x00,
0x9f, 0x00, 0x01, 0x00, 0x9f, 0x00, 0x01, 0x00, 0x9f, 0x00, 0x01, 0x00, 0x9f, 0x00, 0x01,
0x00, 0x9f, 0x00, 0x01, 0x00, 0x9f, 0x00, 0x01, 0x00, 0x9f, 0x00, 0xff, 0xff, 0xff, 0x00,
0xff, 0xff, 0xff, 0x00, 0xff, 0xff, 0xff, 0x00, 0xff, 0xff, 0xff, 0x00, 0xff, 0xff, 0xff,
0x00, 0xff, 0xff, 0xff, 0x00, 0xff, 0xff, 0xff, 0x00, 0xff, 0xff, 0xff, 0x00, 0xff, 0xff,
0xff, 0x00, 0xff, 0xff, 0xff, 0x00, 0xff, 0xff, 0xff, 0x00, 0xff, 0xff, 0xff, 0x00, 0xff,
0xff, 0xff, 0x00, 0xff, 0xff, 0xff, 0x00, 0xff, 0xff, 0xff, 0x00, 0x01, 0x01, 0x01, 0x00,
0x01, 0x01, 0x01, 0x00, 0x01, 0x01, 0x01, 0x00, 0x01, 0x01, 0x01, 0x00, 0x01, 0x01, 0x01,
0x00, 0x01, 0x01, 0x01, 0x00, 0x01, 0x01, 0x01, 0x00, 0x01, 0x01, 0x01, 0x00, 0x01, 0x01,
0x01, 0x00, 0x01, 0x01, 0x01, 0x00, 0x01, 0x01, 0x01, 0x00, 0x00, 0x00, 0x00, 0x00, 0x08,
0x1b, 0x67, 0x00, 0x24, 0x3c, 0xe2, 0x00, 0x26, 0x3b, 0xd8, 0x2d, 0x27, 0x3d, 0xd9, 0xde,
0x27, 0x3d, 0xd9, 0xff, 0x27, 0x3d, 0xd9, 0xff, 0x27, 0x3d, 0xd9, 0xff, 0x27, 0x3d, 0xd9,
0xff, 0x27, 0x3d, 0xd9, 0xff, 0x27, 0x3d, 0xd9, 0xff, 0x27, 0x3d, 0xd9, 0xff, 0x27, 0x3d,
0xd9, 0xff, 0x27, 0x3d, 0xd9, 0xff, 0x27, 0x3d, 0xd9, 0xff, 0x27, 0x3d, 0xd9, 0xff, 0x27,
0x3d, 0xd9, 0xff, 0x27, 0x3d, 0xd9, 0xff, 0x27, 0x3d, 0xd9, 0xff, 0x27, 0x3d, 0xd9, 0xff,
0x27, 0x3d, 0xd9, 0xff, 0x27, 0x3d, 0xd9, 0xff, 0x27, 0x3d, 0xd9, 0xff, 0x27, 0x3d, 0xd9,
0xff, 0x27, 0x3d, 0xd9, 0xff, 0x27, 0x3d, 0xd9, 0xff, 0x27, 0x3d, 0xd9, 0xff, 0x27, 0x3d,
0xd9, 0xff, 0x27, 0x3d, 0xd9, 0xff, 0x27, 0x3d, 0xd9, 0xff, 0x27, 0x3d, 0xd9, 0xff, 0x27,
0x3d, 0xd9, 0xff, 0x27, 0x3d, 0xd9, 0xff, 0x27, 0x3d, 0xd9, 0xff, 0x27, 0x3d, 0xd9, 0xff,
0x27, 0x3d, 0xd9, 0xff, 0x27, 0x3d, 0xd9, 0xff, 0x27, 0x3d, 0xd9, 0xff, 0x27, 0x3d, 0xd9,
0xff, 0x27, 0x3d, 0xd9, 0xff, 0x27, 0x3d, 0xd9, 0xff, 0x27, 0x3d, 0xd9, 0xff, 0x27, 0x3d,
0xd9, 0xff, 0x27, 0x3d, 0xd9, 0xff, 0x27, 0x3d, 0xd9, 0xff, 0x27, 0x3d, 0xd9, 0xff, 0x27,
0x3d, 0xd9, 0xff, 0x27, 0x3d, 0xd9, 0xff, 0x27, 0x3d, 0xd9, 0xff, 0x27, 0x3d, 0xd9, 0xff,
0x27, 0x3d, 0xd9, 0xff, 0x27, 0x3d, 0xd9, 0xff, 0x27, 0x3d, 0xd9, 0xff, 0x27, 0x3d, 0xd9,
0xff, 0x27, 0x3d, 0xd9, 0xff, 0x27, 0x3d, 0xd9, 0xff, 0x27, 0x3d, 0xd9, 0xff, 0x27, 0x3d,
0xd9, 0xff, 0x27, 0x3d, 0xd9, 0xff, 0x27, 0x3d, 0xd9, 0xff, 0x27, 0x3d, 0xd9, 0xff, 0x27,
0x3d, 0xd9, 0xff, 0x27, 0x3d, 0xd9, 0xff, 0x27, 0x3d, 0xd9, 0xff, 0x27, 0x3d, 0xd9, 0xff,
0x27, 0x3d, 0xd9, 0xff, 0x27, 0x3d, 0xd9, 0xff, 0x27, 0x3d, 0xd9, 0xff, 0x27, 0x3d, 0xd9,
0xff, 0x27, 0x3d, 0xd9, 0xff, 0x27, 0x3d, 0xd9, 0xff, 0x27, 0x3d, 0xd9, 0xff, 0x27, 0x3d,
0xd9, 0xff, 0x27, 0x3d, 0xd9, 0xff, 0x27, 0x3d, 0xd9, 0xff, 0x27, 0x3d, 0xd9, 0xff, 0x27,
0x3d, 0xd9, 0xff, 0x27, 0x3d, 0xd9, 0xff, 0x27, 0x3d, 0xd9, 0xff, 0x27, 0x3d, 0xd9, 0xff,
0x27, 0x3d, 0xd9, 0xff, 0x27, 0x3d, 0xd9, 0xff, 0x27, 0x3d, 0xd9, 0xff, 0x27, 0x3d, 0xd9,
0xff, 0x27, 0x3d, 0xd9, 0xff, 0x27, 0x3d, 0xd9, 0xff, 0x28, 0x3d, 0xd9, 0xff, 0x26, 0x3b,
0xd4, 0x7c, 0x16, 0x24, 0xc3, 0x00, 0x00, 0x00, 0xa5, 0x00, 0x01, 0x01, 0xaa, 0x00, 0x01,
0x01, 0xaa, 0x00, 0x01, 0x01, 0xaa, 0x00, 0x01, 0x01, 0xaa, 0x00, 0x01, 0x01, 0xaa, 0x00,
0x01, 0x01, 0xaa, 0x00, 0x01, 0x01, 0xaa, 0x00, 0x01, 0x01, 0xaa, 0x00, 0x01, 0x01, 0xaa,
0x00, 0x01, 0x01, 0xaa, 0x00, 0x01, 0x01, 0xaa, 0x00, 0x01, 0x01, 0xaa, 0x00, 0xff, 0xff,
0xff, 0x00, 0xff, 0xff, 0xff, 0x00, 0xff, 0xff, 0xff, 0x00, 0xff, 0xff, 0xff, 0x00, 0xff,
0xff, 0xff, 0x00, 0xff, 0xff, 0xff, 0x00, 0xff, 0xff, 0xff, 0x00, 0xff, 0xff, 0xff, 0x00,
0xff, 0xff, 0xff, 0x00, 0xff, 0xff, 0xff, 0x00, 0xff, 0xff, 0xff, 0x00, 0xff, 0xff, 0xff,
0x00, 0xff, 0xff, 0xff, 0x00, 0xff, 0xff, 0xff, 0x00, 0xff, 0xff, 0xff, 0x00, 0x01, 0x01,
0x01, 0x00, 0x01, 0x01, 0x01, 0x00, 0x01, 0x01, 0x01, 0x00, 0x01, 0x01, 0x01, 0x00, 0x01,
0x01, 0x01, 0x00, 0x01, 0x01, 0x01, 0x00, 0x01, 0x01, 0x01, 0x00, 0x01, 0x01, 0x01, 0x00,
0x01, 0x01, 0x01, 0x00, 0x01, 0x01, 0x01, 0x00, 0x01, 0x01, 0x01, 0x00, 0x00, 0x00, 0x00,
0x00, 0x08, 0x1b, 0x67, 0x00, 0x24, 0x3c, 0xe2, 0x00, 0x26, 0x3b, 0xd7, 0x00, 0x26, 0x3c,
0xd8, 0x2f, 0x27, 0x3d, 0xd9, 0xe0, 0x27, 0x3d, 0xd9, 0xff, 0x27, 0x3d, 0xd9, 0xff, 0x27,
0x3d, 0xd9, 0xff, 0x27, 0x3d, 0xd9, 0xff, 0x27, 0x3d, 0xd9, 0xff, 0x27, 0x3d, 0xd9, 0xff,
0x27, 0x3d, 0xd9, 0xff, 0x27, 0x3d, 0xd9, 0xff, 0x27, 0x3d, 0xd9, 0xff, 0x27, 0x3d, 0xd9,
0xff, 0x27, 0x3d, 0xd9, 0xff, 0x27, 0x3d, 0xd9, 0xff, 0x27, 0x3d, 0xd9, 0xff, 0x27, 0x3d,
0xd9, 0xff, 0x27, 0x3d, 0xd9, 0xff, 0x27, 0x3d, 0xd9, 0xff, 0x27, 0x3d, 0xd9, 0xff, 0x27,
0x3d, 0xd9, 0xff, 0x27, 0x3d, 0xd9, 0xff, 0x27, 0x3d, 0xd9, 0xff, 0x27, 0x3d, 0xd9, 0xff,
0x27, 0x3d, 0xd9, 0xff, 0x27, 0x3d, 0xd9, 0xff, 0x27, 0x3d, 0xd9, 0xff, 0x27, 0x3d, 0xd9,
0xff, 0x27, 0x3d, 0xd9, 0xff, 0x27, 0x3d, 0xd9, 0xff, 0x27, 0x3d, 0xd9, 0xff, 0x27, 0x3d,
0xd9, 0xff, 0x27, 0x3d, 0xd9, 0xff, 0x27, 0x3d, 0xd9, 0xff, 0x27, 0x3d, 0xd9, 0xff, 0x27,
0x3d, 0xd9, 0xff, 0x27, 0x3d, 0xd9, 0xff, 0x27, 0x3d, 0xd9, 0xff, 0x27, 0x3d, 0xd9, 0xff,
0x27, 0x3d, 0xd9, 0xff, 0x27, 0x3d, 0xd9, 0xff, 0x27, 0x3d, 0xd9, 0xff, 0x27, 0x3d, 0xd9,
0xff, 0x27, 0x3d, 0xd9, 0xff, 0x27, 0x3d, 0xd9, 0xff, 0x27, 0x3d, 0xd9, 0xff, 0x27, 0x3d,
0xd9, 0xff, 0x27, 0x3d, 0xd9, 0xff, 0x27, 0x3d, 0xd9, 0xff, 0x27, 0x3d, 0xd9, 0xff, 0x27,
0x3d, 0xd9, 0xff, 0x27, 0x3d, 0xd9, 0xff, 0x27, 0x3d, 0xd9, 0xff, 0x27, 0x3d, 0xd9, 0xff,
0x27, 0x3d, 0xd9, 0xff, 0x27, 0x3d, 0xd9, 0xff, 0x27, 0x3d, 0xd9, 0xff, 0x27, 0x3d, 0xd9,
0xff, 0x27, 0x3d, 0xd9, 0xff, 0x27, 0x3d, 0xd9, 0xff, 0x27, 0x3d, 0xd9, 0xff, 0x27, 0x3d,
0xd9, 0xff, 0x27, 0x3d, 0xd9, 0xff, 0x27, 0x3d, 0xd9, 0xff, 0x27, 0x3d, 0xd9, 0xff, 0x27,
0x3d, 0xd9, 0xff, 0x27, 0x3d, 0xd9, 0xff, 0x27, 0x3d, 0xd9, 0xff, 0x27, 0x3d, 0xd9, 0xff,
0x27, 0x3d, 0xd9, 0xff, 0x27, 0x3d, 0xd9, 0xff, 0x27, 0x3d, 0xd9, 0xff, 0x27, 0x3d, 0xd9,
0xff, 0x27, 0x3d, 0xd9, 0xff, 0x27, 0x3d, 0xd9, 0xff, 0x27, 0x3d, 0xd9, 0xff, 0x27, 0x3d,
0xd9, 0xff, 0x27, 0x3d, 0xd9, 0xff, 0x27, 0x3d, 0xd9, 0xff, 0x27, 0x3d, 0xd9, 0xff, 0x27,
0x3d, 0xd9, 0xff, 0x27, 0x3d, 0xd9, 0xff, 0x29, 0x3f, 0xdb, 0xff, 0x1b, 0x2f, 0xce, 0x8a,
0x04, 0x05, 0x8a, 0x00, 0x03, 0x04, 0x84, 0x00, 0x01, 0x01, 0x83, 0x00, 0x01, 0x01, 0x83,
0x00, 0x01, 0x01, 0x83, 0x00, 0x01, 0x01, 0x83, 0x00, 0x01, 0x01, 0x83, 0x00, 0x01, 0x01,
0x83, 0x00, 0x01, 0x01, 0x83, 0x00, 0x01, 0x01, 0x83, 0x00, 0x01, 0x01, 0x83, 0x00, 0x01,
0x01, 0x83, 0x00, 0x01, 0x01, 0x83, 0x00, 0x01, 0x01, 0x83, 0x00, 0x01, 0x01, 0x83, 0x00,
0xff, 0xff, 0xff, 0x00, 0xff, 0xff, 0xff, 0x00, 0xff, 0xff, 0xff, 0x00, 0xff, 0xff, 0xff,
0x00, 0xff, 0xff, 0xff, 0x00, 0xff, 0xff, 0xff, 0x00, 0xff, 0xff, 0xff, 0x00, 0xff, 0xff,
0xff, 0x00, 0xff, 0xff, 0xff, 0x00, 0xff, 0xff, 0xff, 0x00, 0xff, 0xff, 0xff, 0x00, 0xff,
0xff, 0xff, 0x00, 0xff, 0xff, 0xff, 0x00, 0xff, 0xff, 0xff, 0x00, 0xff, 0xff, 0xff, 0x00,
0x01, 0x01, 0x01, 0x00, 0x01, 0x01, 0x01, 0x00, 0x01, 0x01, 0x01, 0x00, 0x01, 0x01, 0x01,
0x00, 0x01, 0x01, 0x01, 0x00, 0x01, 0x01, 0x01, 0x00, 0x01, 0x01, 0x01, 0x00, 0x01, 0x01,
0x01, 0x00, 0x01, 0x01, 0x01, 0x00, 0x01, 0x01, 0x01, 0x00, 0x01, 0x01, 0x01, 0x00, 0x00,
0x00, 0x00, 0x00, 0x08, 0x1b, 0x67, 0x00, 0x24, 0x3c, 0xe2, 0x00, 0x26, 0x3b, 0xd8, 0x00,
0x26, 0x3c, 0xd8, 0x00, 0x26, 0x3c, 0xd8, 0x3b, 0x27, 0x3d, 0xd9, 0xe0, 0x27, 0x3d, 0xd9,
0xff, 0x27, 0x3d, 0xd9, 0xff, 0x27, 0x3d, 0xd9, 0xff, 0x27, 0x3d, 0xd9, 0xff, 0x27, 0x3d,
0xd9, 0xff, 0x27, 0x3d, 0xd9, 0xff, 0x27, 0x3d, 0xd9, 0xff, 0x27, 0x3d, 0xd9, 0xff, 0x27,
0x3d, 0xd9, 0xff, 0x27, 0x3d, 0xd9, 0xff, 0x27, 0x3d, 0xd9, 0xff, 0x27, 0x3d, 0xd9, 0xff,
0x27, 0x3d, 0xd9, 0xff, 0x27, 0x3d, 0xd9, 0xff, 0x27, 0x3d, 0xd9, 0xff, 0x27, 0x3d, 0xd9,
0xff, 0x27, 0x3d, 0xd9, 0xff, 0x27, 0x3d, 0xd9, 0xff, 0x27, 0x3d, 0xd9, 0xff, 0x27, 0x3d,
0xd9, 0xff, 0x27, 0x3d, 0xd9, 0xff, 0x27, 0x3d, 0xd9, 0xff, 0x27, 0x3d, 0xd9, 0xff, 0x27,
0x3d, 0xd9, 0xff, 0x27, 0x3d, 0xd9, 0xff, 0x27, 0x3d, 0xd9, 0xff, 0x27, 0x3d, 0xd9, 0xff,
0x27, 0x3d, 0xd9, 0xff, 0x27, 0x3d, 0xd9, 0xff, 0x27, 0x3d, 0xd9, 0xff, 0x27, 0x3d, 0xd9,
0xff, 0x27, 0x3d, 0xd9, 0xff, 0x27, 0x3d, 0xd9, 0xff, 0x27, 0x3d, 0xd9, 0xff, 0x27, 0x3d,
0xd9, 0xff, 0x27, 0x3d, 0xd9, 0xff, 0x27, 0x3d, 0xd9, 0xff, 0x27, 0x3d, 0xd9, 0xff, 0x27,
0x3d, 0xd9, 0xff, 0x27, 0x3d, 0xd9, 0xff, 0x27, 0x3d, 0xd9, 0xff, 0x27, 0x3d, 0xd9, 0xff,
0x27, 0x3d, 0xd9, 0xff, 0x27, 0x3d, 0xd9, 0xff, 0x27, 0x3d, 0xd9, 0xff, 0x27, 0x3d, 0xd9,
0xff, 0x27, 0x3d, 0xd9, 0xff, 0x27, 0x3d, 0xd9, 0xff, 0x27, 0x3d, 0xd9, 0xff, 0x27, 0x3d,
0xd9, 0xff, 0x27, 0x3d, 0xd9, 0xff, 0x27, 0x3d, 0xd9, 0xff, 0x27, 0x3d, 0xd9, 0xff, 0x27,
0x3d, 0xd9, 0xff, 0x27, 0x3d, 0xd9, 0xff, 0x27, 0x3d, 0xd9, 0xff, 0x27, 0x3d, 0xd9, 0xff,
0x27, 0x3d, 0xd9, 0xff, 0x27, 0x3d, 0xd9, 0xff, 0x27, 0x3d, 0xd9, 0xff, 0x27, 0x3d, 0xd9,
0xff, 0x27, 0x3d, 0xd9, 0xff, 0x27, 0x3d, 0xd9, 0xff, 0x27, 0x3d, 0xd9, 0xff, 0x27, 0x3d,
0xd9, 0xff, 0x27, 0x3d, 0xd9, 0xff, 0x27, 0x3d, 0xd9, 0xff, 0x27, 0x3d, 0xd9, 0xff, 0x27,
0x3d, 0xd9, 0xff, 0x27, 0x3d, 0xd9, 0xff, 0x27, 0x3d, 0xd9, 0xff, 0x27, 0x3d, 0xd9, 0xff,
0x27, 0x3d, 0xd9, 0xff, 0x27, 0x3d, 0xd9, 0xff, 0x27, 0x3d, 0xd9, 0xff, 0x27, 0x3d, 0xd9,
0xff, 0x27, 0x3d, 0xd9, 0xff, 0x28, 0x3e, 0xdb, 0xff, 0x24, 0x3d, 0xd8, 0x96, 0x10, 0x26,
0xc7, 0x00, 0x00, 0x00, 0x82, 0x00, 0x01, 0x00, 0x7e, 0x00, 0x01, 0x01, 0x7f, 0x00, 0x01,
0x01, 0x7f, 0x00, 0x01, 0x01, 0x7f, 0x00, 0x01, 0x01, 0x7f, 0x00, 0x01, 0x01, 0x7f, 0x00,
0x01, 0x01, 0x7f, 0x00, 0x01, 0x01, 0x7f, 0x00, 0x01, 0x01, 0x7f, 0x00, 0x01, 0x01, 0x7f,
0x00, 0x01, 0x01, 0x7f, 0x00, 0x01, 0x01, 0x7f, 0x00, 0x01, 0x01, 0x7f, 0x00, 0x01, 0x01,
0x7f, 0x00, 0xff, 0xff, 0xff, 0x00, 0xff, 0xff, 0xff, 0x00, 0xff, 0xff, 0xff, 0x00, 0xff,
0xff, 0xff, 0x00, 0xff, 0xff, 0xff, 0x00, 0xff, 0xff, 0xff, 0x00, 0xff, 0xff, 0xff, 0x00,
0xff, 0xff, 0xff, 0x00, 0xff, 0xff, 0xff, 0x00, 0xff, 0xff, 0xff, 0x00, 0xff, 0xff, 0xff,
0x00, 0xff, 0xff, 0xff, 0x00, 0xff, 0xff, 0xff, 0x00, 0xff, 0xff, 0xff, 0x00, 0xff, 0xff,
0xff, 0x00, 0x01, 0x01, 0x01, 0x00, 0x01, 0x01, 0x01, 0x00, 0x01, 0x01, 0x01, 0x00, 0x01,
0x01, 0x01, 0x00, 0x01, 0x01, 0x01, 0x00, 0x01, 0x01, 0x01, 0x00, 0x01, 0x01, 0x01, 0x00,
0x01, 0x01, 0x01, 0x00, 0x01, 0x01, 0x01, 0x00, 0x01, 0x01, 0x01, 0x00, 0x01, 0x01, 0x01,
0x00, 0x00, 0x00, 0x00, 0x00, 0x08, 0x1b, 0x67, 0x00, 0x24, 0x3c, 0xe2, 0x00, 0x26, 0x3b,
0xd8, 0x00, 0x26, 0x3c, 0xd8, 0x00, 0x26, 0x3c, 0xd8, 0x00, 0x26, 0x3c, 0xd9, 0x31, 0x27,
0x3d, 0xd9, 0xde, 0x27, 0x3d, 0xd9, 0xff, 0x27, 0x3d, 0xd9, 0xff, 0x27, 0x3d, 0xd9, 0xff,
0x27, 0x3d, 0xd9, 0xff, 0x27, 0x3d, 0xd9, 0xff, 0x27, 0x3d, 0xd9, 0xff, 0x27, 0x3d, 0xd9,
0xff, 0x27, 0x3d, 0xd9, 0xff, 0x27, 0x3d, 0xd9, 0xff, 0x27, 0x3d, 0xd9, 0xff, 0x27, 0x3d,
0xd9, 0xff, 0x27, 0x3d, 0xd9, 0xff, 0x27, 0x3d, 0xd9, 0xff, 0x27, 0x3d, 0xd9, 0xff, 0x27,
0x3d, 0xd9, 0xff, 0x27, 0x3d, 0xd9, 0xff, 0x27, 0x3d, 0xd9, 0xff, 0x27, 0x3d, 0xd9, 0xff,
0x27, 0x3d, 0xd9, 0xff, 0x27, 0x3d, 0xd9, 0xff, 0x27, 0x3d, 0xd9, 0xff, 0x27, 0x3d, 0xd9,
0xff, 0x27, 0x3d, 0xd9, 0xff, 0x27, 0x3d, 0xd9, 0xff, 0x27, 0x3d, 0xd9, 0xff, 0x27, 0x3d,
0xd9, 0xff, 0x27, 0x3d, 0xd9, 0xff, 0x27, 0x3d, 0xd9, 0xff, 0x27, 0x3d, 0xd9, 0xff, 0x27,
0x3d, 0xd9, 0xff, 0x27, 0x3d, 0xd9, 0xff, 0x27, 0x3d, 0xd9, 0xff, 0x27, 0x3d, 0xd9, 0xff,
0x27, 0x3d, 0xd9, 0xff, 0x27, 0x3d, 0xd9, 0xff, 0x27, 0x3d, 0xd9, 0xff, 0x27, 0x3d, 0xd9,
0xff, 0x27, 0x3d, 0xd9, 0xff, 0x27, 0x3d, 0xd9, 0xff, 0x27, 0x3d, 0xd9, 0xff, 0x27, 0x3d,
0xd9, 0xff, 0x27, 0x3d, 0xd9, 0xff, 0x27, 0x3d, 0xd9, 0xff, 0x27, 0x3d, 0xd9, 0xff, 0x27,
0x3d, 0xd9, 0xff, 0x27, 0x3d, 0xd9, 0xff, 0x27, 0x3d, 0xd9, 0xff, 0x27, 0x3d, 0xd9, 0xff,
0x27, 0x3d, 0xd9, 0xff, 0x27, 0x3d, 0xd9, 0xff, 0x27, 0x3d, 0xd9, 0xff, 0x27, 0x3d, 0xd9,
0xff, 0x27, 0x3d, 0xd9, 0xff, 0x27, 0x3d, 0xd9, 0xff, 0x27, 0x3d, 0xd9, 0xff, 0x27, 0x3d,
0xd9, 0xff, 0x27, 0x3d, 0xd9, 0xff, 0x27, 0x3d, 0xd9, 0xff, 0x27, 0x3d, 0xd9, 0xff, 0x27,
0x3d, 0xd9, 0xff, 0x27, 0x3d, 0xd9, 0xff, 0x27, 0x3d, 0xd9, 0xff, 0x27, 0x3d, 0xd9, 0xff,
0x27, 0x3d, 0xd9, 0xff, 0x27, 0x3d, 0xd9, 0xff, 0x27, 0x3d, 0xd9, 0xff, 0x27, 0x3d, 0xd9,
0xff, 0x27, 0x3d, 0xd9, 0xff, 0x27, 0x3d, 0xd9, 0xff, 0x27, 0x3d, 0xd9, 0xff, 0x27, 0x3d,
0xd9, 0xff, 0x27, 0x3d, 0xd9, 0xff, 0x27, 0x3d, 0xd9, 0xff, 0x27, 0x3d, 0xd9, 0xff, 0x27,
0x3d, 0xd9, 0xff, 0x28, 0x3e, 0xd9, 0xff, 0x1b, 0x30, 0xce, 0x86, 0x19, 0x36, 0xd3, 0x00,
0x11, 0x28, 0xc8, 0x00, 0x00, 0x00, 0x84, 0x00, 0x01, 0x01, 0x7f, 0x00, 0x01, 0x01, 0x80,
0x00, 0x01, 0x01, 0x80, 0x00, 0x01, 0x01, 0x80, 0x00, 0x01, 0x01, 0x80, 0x00, 0x01, 0x01,
0x80, 0x00, 0x01, 0x01, 0x80, 0x00, 0x01, 0x01, 0x80, 0x00, 0x01, 0x01, 0x80, 0x00, 0x01,
0x01, 0x80, 0x00, 0x01, 0x01, 0x80, 0x00, 0x01, 0x01, 0x80, 0x00, 0x01, 0x01, 0x80, 0x00,
0x01, 0x01, 0x80, 0x00, 0xff, 0xff, 0xff, 0x00, 0xff, 0xff, 0xff, 0x00, 0xff, 0xff, 0xff,
0x00, 0xff, 0xff, 0xff, 0x00, 0xff, 0xff, 0xff, 0x00, 0xff, 0xff, 0xff, 0x00, 0xff, 0xff,
0xff, 0x00, 0xff, 0xff, 0xff, 0x00, 0xff, 0xff, 0xff, 0x00, 0xff, 0xff, 0xff, 0x00, 0xff,
0xff, 0xff, 0x00, 0xff, 0xff, 0xff, 0x00, 0xff, 0xff, 0xff, 0x00, 0xff, 0xff, 0xff, 0x00,
0xff, 0xff, 0xff, 0x00, 0x01, 0x01, 0x01, 0x00, 0x01, 0x01, 0x01, 0x00, 0x01, 0x01, 0x01,
0x00, 0x01, 0x01, 0x01, 0x00, 0x01, 0x01, 0x01, 0x00, 0x01, 0x01, 0x01, 0x00, 0x01, 0x01,
0x01, 0x00, 0x01, 0x01, 0x01, 0x00, 0x01, 0x01, 0x01, 0x00, 0x01, 0x01, 0x01, 0x00, 0x01,
0x01, 0x01, 0x00, 0x00, 0x00, 0x00, 0x00, 0x08, 0x1b, 0x67, 0x00, 0x24, 0x3c, 0xe2, 0x00,
0x26, 0x3b, 0xd8, 0x00, 0x26, 0x3c, 0xd8, 0x00, 0x26, 0x3c, 0xd8, 0x00, 0x25, 0x3c, 0xd9,
0x00, 0x26, 0x3c, 0xd8, 0x2d, 0x27, 0x3e, 0xd9, 0xd7, 0x27, 0x3d, 0xd9, 0xff, 0x27, 0x3d,
0xd9, 0xff, 0x27, 0x3d, 0xd9, 0xff, 0x27, 0x3d, 0xd9, 0xff, 0x27, 0x3d, 0xd9, 0xff, 0x27,
0x3d, 0xd9, 0xff, 0x27, 0x3d, 0xd9, 0xff, 0x27, 0x3d, 0xd9, 0xff, 0x27, 0x3d, 0xd9, 0xff,
0x27, 0x3d, 0xd9, 0xff, 0x27, 0x3d, 0xd9, 0xff, 0x27, 0x3d, 0xd9, 0xff, 0x27, 0x3d, 0xd9,
0xff, 0x27, 0x3d, 0xd9, 0xff, 0x27, 0x3d, 0xd9, 0xff, 0x27, 0x3d, 0xd9, 0xff, 0x27, 0x3d,
0xd9, 0xff, 0x27, 0x3d, 0xd9, 0xff, 0x27, 0x3d, 0xd9, 0xff, 0x27, 0x3d, 0xd9, 0xff, 0x27,
0x3d, 0xd9, 0xff, 0x27, 0x3d, 0xd9, 0xff, 0x27, 0x3d, 0xd9, 0xff, 0x27, 0x3d, 0xd9, 0xff,
0x27, 0x3d, 0xd9, 0xff, 0x27, 0x3d, 0xd9, 0xff, 0x27, 0x3d, 0xd9, 0xff, 0x27, 0x3d, 0xd9,
0xff, 0x27, 0x3d, 0xd9, 0xff, 0x27, 0x3d, 0xd9, 0xff, 0x27, 0x3d, 0xd9, 0xff, 0x27, 0x3d,
0xd9, 0xff, 0x27, 0x3d, 0xd9, 0xff, 0x27, 0x3d, 0xd9, 0xff, 0x27, 0x3d, 0xd9, 0xff, 0x27,
0x3d, 0xd9, 0xff, 0x27, 0x3d, 0xd9, 0xff, 0x27, 0x3d, 0xd9, 0xff, 0x27, 0x3d, 0xd9, 0xff,
0x27, 0x3d, 0xd9, 0xff, 0x27, 0x3d, 0xd9, 0xff, 0x27, 0x3d, 0xd9, 0xff, 0x27, 0x3d, 0xd9,
0xff, 0x27, 0x3d, 0xd9, 0xff, 0x27, 0x3d, 0xd9, 0xff, 0x27, 0x3d, 0xd9, 0xff, 0x27, 0x3d,
0xd9, 0xff, 0x27, 0x3d, 0xd9, 0xff, 0x27, 0x3d, 0xd9, 0xff, 0x27, 0x3d, 0xd9, 0xff, 0x27,
0x3d, 0xd9, 0xff, 0x27, 0x3d, 0xd9, 0xff, 0x27, 0x3d, 0xd9, 0xff, 0x27, 0x3d, 0xd9, 0xff,
0x27, 0x3d, 0xd9, 0xff, 0x27, 0x3d, 0xd9, 0xff, 0x27, 0x3d, 0xd9, 0xff, 0x27, 0x3d, 0xd9,
0xff, 0x27, 0x3d, 0xd9, 0xff, 0x27, 0x3d, 0xd9, 0xff, 0x27, 0x3d, 0xd9, 0xff, 0x27, 0x3d,
0xd9, 0xff, 0x27, 0x3d, 0xd9, 0xff, 0x27, 0x3d, 0xd9, 0xff, 0x27, 0x3d, 0xd9, 0xff, 0x27,
0x3d, 0xd9, 0xff, 0x27, 0x3d, 0xd9, 0xff, 0x27, 0x3d, 0xd9, 0xff, 0x27, 0x3d, 0xd9, 0xff,
0x27, 0x3d, 0xd9, 0xff, 0x27, 0x3d, 0xd9, 0xff, 0x27, 0x3d, 0xd9, 0xff, 0x27, 0x3d, 0xd9,
0xff, 0x27, 0x3e, 0xd9, 0xfd, 0x28, 0x3d, 0xd8, 0x74, 0x10, 0x22, 0xc0, 0x00, 0x18, 0x35,
0xd3, 0x00, 0x12, 0x28, 0xc8, 0x00, 0x00, 0x00, 0x84, 0x00, 0x01, 0x01, 0x7f, 0x00, 0x01,
0x01, 0x80, 0x00, 0x01, 0x01, 0x80, 0x00, 0x01, 0x01, 0x80, 0x00, 0x01, 0x01, 0x80, 0x00,
0x01, 0x01, 0x80, 0x00, 0x01, 0x01, 0x80, 0x00, 0x01, 0x01, 0x80, 0x00, 0x01, 0x01, 0x80,
0x00, 0x01, 0x01, 0x80, 0x00, 0x01, 0x01, 0x80, 0x00, 0x01, 0x01, 0x80, 0x00, 0x01, 0x01,
0x80, 0x00, 0x01, 0x01, 0x80, 0x00, 0xff, 0xff, 0xff, 0x00, 0xff, 0xff, 0xff, 0x00, 0xff,
0xff, 0xff, 0x00, 0xff, 0xff, 0xff, 0x00, 0xff, 0xff, 0xff, 0x00, 0xff, 0xff, 0xff, 0x00,
0xff, 0xff, 0xff, 0x00, 0xff, 0xff, 0xff, 0x00, 0xff, 0xff, 0xff, 0x00, 0xff, 0xff, 0xff,
0x00, 0xff, 0xff, 0xff, 0x00, 0xff, 0xff, 0xff, 0x00, 0xff, 0xff, 0xff, 0x00, 0xff, 0xff,
0xff, 0x00, 0xff, 0xff, 0xff, 0x00, 0x01, 0x01, 0x01, 0x00, 0x01, 0x01, 0x01, 0x00, 0x01,
0x01, 0x01, 0x00, 0x01, 0x01, 0x01, 0x00, 0x01, 0x01, 0x01, 0x00, 0x01, 0x01, 0x01, 0x00,
0x01, 0x01, 0x01, 0x00, 0x01, 0x01, 0x01, 0x00, 0x01, 0x01, 0x01, 0x00, 0x01, 0x01, 0x01,
0x00, 0x01, 0x01, 0x01, 0x00, 0x00, 0x00, 0x00, 0x00, 0x08, 0x1b, 0x67, 0x00, 0x24, 0x3c,
0xe2, 0x00, 0x26, 0x3b, 0xd8, 0x00, 0x26, 0x3c, 0xd8, 0x00, 0x26, 0x3c, 0xd8, 0x00, 0x26,
0x3c, 0xd9, 0x00, 0x26, 0x3d, 0xd8, 0x00, 0x20, 0x37, 0xd1, 0x23, 0x25, 0x3a, 0xd7, 0xd0,
0x28, 0x3e, 0xda, 0xff, 0x27, 0x3d, 0xd9, 0xff, 0x27, 0x3d, 0xd9, 0xff, 0x27, 0x3d, 0xd9,
0xff, 0x27, 0x3d, 0xd9, 0xff, 0x27, 0x3d, 0xd9, 0xff, 0x27, 0x3d, 0xd9, 0xff, 0x27, 0x3d,
0xd9, 0xff, 0x27, 0x3d, 0xd9, 0xff, 0x27, 0x3d, 0xd9, 0xff, 0x27, 0x3d, 0xd9, 0xff, 0x27,
0x3d, 0xd9, 0xff, 0x27, 0x3d, 0xd9, 0xff, 0x27, 0x3d, 0xd9, 0xff, 0x27, 0x3d, 0xd9, 0xff,
0x27, 0x3d, 0xd9, 0xff, 0x27, 0x3d, 0xd9, 0xff, 0x27, 0x3d, 0xd9, 0xff, 0x27, 0x3d, 0xd9,
0xff, 0x27, 0x3d, 0xd9, 0xff, 0x27, 0x3d, 0xd9, 0xff, 0x27, 0x3d, 0xd9, 0xff, 0x27, 0x3d,
0xd9, 0xff, 0x27, 0x3d, 0xd9, 0xff, 0x27, 0x3d, 0xd9, 0xff, 0x27, 0x3d, 0xd9, 0xff, 0x27,
0x3d, 0xd9, 0xff, 0x27, 0x3d, 0xd9, 0xff, 0x27, 0x3d, 0xd9, 0xff, 0x27, 0x3d, 0xd9, 0xff,
0x27, 0x3d, 0xd9, 0xff, 0x27, 0x3d, 0xd9, 0xff, 0x27, 0x3d, 0xd9, 0xff, 0x27, 0x3d, 0xd9,
0xff, 0x27, 0x3d, 0xd9, 0xff, 0x27, 0x3d, 0xd9, 0xff, 0x27, 0x3d, 0xd9, 0xff, 0x27, 0x3d,
0xd9, 0xff, 0x27, 0x3d, 0xd9, 0xff, 0x27, 0x3d, 0xd9, 0xff, 0x27, 0x3d, 0xd9, 0xff, 0x27,
0x3d, 0xd9, 0xff, 0x27, 0x3d, 0xd9, 0xff, 0x27, 0x3d, 0xd9, 0xff, 0x27, 0x3d, 0xd9, 0xff,
0x27, 0x3d, 0xd9, 0xff, 0x27, 0x3d, 0xd9, 0xff, 0x27, 0x3d, 0xd9, 0xff, 0x27, 0x3d, 0xd9,
0xff, 0x27, 0x3d, 0xd9, 0xff, 0x27, 0x3d, 0xd9, 0xff, 0x27, 0x3d, 0xd9, 0xff, 0x27, 0x3d,
0xd9, 0xff, 0x27, 0x3d, 0xd9, 0xff, 0x27, 0x3d, 0xd9, 0xff, 0x27, 0x3d, 0xd9, 0xff, 0x27,
0x3d, 0xd9, 0xff, 0x27, 0x3d, 0xd9, 0xff, 0x27, 0x3d, 0xd9, 0xff, 0x27, 0x3d, 0xd9, 0xff,
0x27, 0x3d, 0xd9, 0xff, 0x27, 0x3d, 0xd9, 0xff, 0x27, 0x3d, 0xd9, 0xff, 0x27, 0x3d, 0xd9,
0xff, 0x27, 0x3d, 0xd9, 0xff, 0x27, 0x3d, 0xd9, 0xff, 0x27, 0x3d, 0xd9, 0xff, 0x27, 0x3d,
0xd9, 0xff, 0x27, 0x3d, 0xd9, 0xff, 0x27, 0x3d, 0xd9, 0xff, 0x27, 0x3d, 0xda, 0xff, 0x28,
0x3e, 0xda, 0xf3, 0x1d, 0x32, 0xd4, 0x62, 0x24, 0x3b, 0xd7, 0x00, 0x11, 0x23, 0xc2, 0x00,
0x18, 0x35, 0xd3, 0x00, 0x12, 0x28, 0xc8, 0x00, 0x00, 0x00, 0x84, 0x00, 0x01, 0x01, 0x7f,
0x00, 0x01, 0x01, 0x80, 0x00, 0x01, 0x01, 0x80, 0x00, 0x01, 0x01, 0x80, 0x00, 0x01, 0x01,
0x80, 0x00, 0x01, 0x01, 0x80, 0x00, 0x01, 0x01, 0x80, 0x00, 0x01, 0x01, 0x80, 0x00, 0x01,
0x01, 0x80, 0x00, 0x01, 0x01, 0x80, 0x00, 0x01, 0x01, 0x80, 0x00, 0x01, 0x01, 0x80, 0x00,
0x01, 0x01, 0x80, 0x00, 0x01, 0x01, 0x80, 0x00, 0xff, 0xff, 0xff, 0x00, 0xff, 0xff, 0xff,
0x00, 0xff, 0xff, 0xff, 0x00, 0xff, 0xff, 0xff, 0x00, 0xff, 0xff, 0xff, 0x00, 0xff, 0xff,
0xff, 0x00, 0xff, 0xff, 0xff, 0x00, 0xff, 0xff, 0xff, 0x00, 0xff, 0xff, 0xff, 0x00, 0xff,
0xff, 0xff, 0x00, 0xff, 0xff, 0xff, 0x00, 0xff, 0xff, 0xff, 0x00, 0xff, 0xff, 0xff, 0x00,
0xff, 0xff, 0xff, 0x00, 0xff, 0xff, 0xff, 0x00, 0x01, 0x01, 0x01, 0x00, 0x01, 0x01, 0x01,
0x00, 0x01, 0x01, 0x01, 0x00, 0x01, 0x01, 0x01, 0x00, 0x01, 0x01, 0x01, 0x00, 0x01, 0x01,
0x01, 0x00, 0x01, 0x01, 0x01, 0x00, 0x01, 0x01, 0x01, 0x00, 0x01, 0x01, 0x01, 0x00, 0x01,
0x01, 0x01, 0x00, 0x01, 0x01, 0x01, 0x00, 0x00, 0x00, 0x00, 0x00, 0x08, 0x1b, 0x67, 0x00,
0x24, 0x3c, 0xe2, 0x00, 0x26, 0x3b, 0xd8, 0x00, 0x26, 0x3c, 0xd8, 0x00, 0x26, 0x3c, 0xd8,
0x00, 0x26, 0x3c, 0xd9, 0x00, 0x27, 0x3e, 0xd9, 0x00, 0x1b, 0x30, 0xcc, 0x00, 0x21, 0x34,
0xd2, 0x0f, 0x25, 0x39, 0xd7, 0xb4, 0x28, 0x3d, 0xda, 0xff, 0x27, 0x3d, 0xd9, 0xff, 0x27,
0x3d, 0xd9, 0xff, 0x27, 0x3d, 0xd9, 0xff, 0x27, 0x3d, 0xd9, 0xff, 0x27, 0x3d, 0xd9, 0xff,
0x27, 0x3d, 0xd9, 0xff, 0x27, 0x3d, 0xd9, 0xff, 0x27, 0x3d, 0xd9, 0xff, 0x27, 0x3d, 0xd9,
0xff, 0x27, 0x3d, 0xd9, 0xff, 0x27, 0x3d, 0xd9, 0xff, 0x27, 0x3d, 0xd9, 0xff, 0x27, 0x3d,
0xd9, 0xff, 0x27, 0x3d, 0xd9, 0xff, 0x27, 0x3d, 0xd9, 0xff, 0x27, 0x3d, 0xd9, 0xff, 0x27,
0x3d, 0xd9, 0xff, 0x27, 0x3d, 0xd9, 0xff, 0x27, 0x3d, 0xd9, 0xff, 0x27, 0x3d, 0xd9, 0xff,
0x27, 0x3d, 0xd9, 0xff, 0x27, 0x3d, 0xd9, 0xff, 0x27, 0x3d, 0xd9, 0xff, 0x27, 0x3d, 0xd9,
0xff, 0x27, 0x3d, 0xd9, 0xff, 0x27, 0x3d, 0xd9, 0xff, 0x27, 0x3d, 0xd9, 0xff, 0x27, 0x3d,
0xd9, 0xff, 0x27, 0x3d, 0xd9, 0xff, 0x27, 0x3d, 0xd9, 0xff, 0x27, 0x3d, 0xd9, 0xff, 0x27,
0x3d, 0xd9, 0xff, 0x27, 0x3d, 0xd9, 0xff, 0x27, 0x3d, 0xd9, 0xff, 0x27, 0x3d, 0xd9, 0xff,
0x27, 0x3d, 0xd9, 0xff, 0x27, 0x3d, 0xd9, 0xff, 0x27, 0x3d, 0xd9, 0xff, 0x27, 0x3d, 0xd9,
0xff, 0x27, 0x3d, 0xd9, 0xff, 0x27, 0x3d, 0xd9, 0xff, 0x27, 0x3d, 0xd9, 0xff, 0x27, 0x3d,
0xd9, 0xff, 0x27, 0x3d, 0xd9, 0xff, 0x27, 0x3d, 0xd9, 0xff, 0x27, 0x3d, 0xd9, 0xff, 0x27,
0x3d, 0xd9, 0xff, 0x27, 0x3d, 0xd9, 0xff, 0x27, 0x3d, 0xd9, 0xff, 0x27, 0x3d, 0xd9, 0xff,
0x27, 0x3d, 0xd9, 0xff, 0x27, 0x3d, 0xd9, 0xff, 0x27, 0x3d, 0xd9, 0xff, 0x27, 0x3d, 0xd9,
0xff, 0x27, 0x3d, 0xd9, 0xff, 0x27, 0x3d, 0xd9, 0xff, 0x27, 0x3d, 0xd9, 0xff, 0x27, 0x3d,
0xd9, 0xff, 0x27, 0x3d, 0xd9, 0xff, 0x27, 0x3d, 0xd9, 0xff, 0x27, 0x3d, 0xd9, 0xff, 0x27,
0x3d, 0xd9, 0xff, 0x27, 0x3d, 0xd9, 0xff, 0x27, 0x3d, 0xd9, 0xff, 0x27, 0x3d, 0xd9, 0xff,
0x27, 0x3d, 0xd9, 0xff, 0x27, 0x3d, 0xd9, 0xff, 0x27, 0x3e, 0xda, 0xff, 0x25, 0x3a, 0xd4,
0xdc, 0x1f, 0x33, 0xcf, 0x37, 0x1a, 0x2e, 0xd2, 0x00, 0x24, 0x3b, 0xd7, 0x00, 0x11, 0x23,
0xc2, 0x00, 0x18, 0x35, 0xd3, 0x00, 0x12, 0x28, 0xc8, 0x00, 0x00, 0x00, 0x84, 0x00, 0x01,
0x01, 0x7f, 0x00, 0x01, 0x01, 0x80, 0x00, 0x01, 0x01, 0x80, 0x00, 0x01, 0x01, 0x80, 0x00,
0x01, 0x01, 0x80, 0x00, 0x01, 0x01, 0x80, 0x00, 0x01, 0x01, 0x80, 0x00, 0x01, 0x01, 0x80,
0x00, 0x01, 0x01, 0x80, 0x00, 0x01, 0x01, 0x80, 0x00, 0x01, 0x01, 0x80, 0x00, 0x01, 0x01,
0x80, 0x00, 0x01, 0x01, 0x80, 0x00, 0x01, 0x01, 0x80, 0x00, 0xff, 0xff, 0xff, 0x00, 0xff,
0xff, 0xff, 0x00, 0xff, 0xff, 0xff, 0x00, 0xff, 0xff, 0xff, 0x00, 0xff, 0xff, 0xff, 0x00,
0xff, 0xff, 0xff, 0x00, 0xff, 0xff, 0xff, 0x00, 0xff, 0xff, 0xff, 0x00, 0xff, 0xff, 0xff,
0x00, 0xff, 0xff, 0xff, 0x00, 0xff, 0xff, 0xff, 0x00, 0xff, 0xff, 0xff, 0x00, 0xff, 0xff,
0xff, 0x00, 0xff, 0xff, 0xff, 0x00, 0xff, 0xff, 0xff, 0x00, 0x01, 0x01, 0x01, 0x00, 0x01,
0x01, 0x01, 0x00, 0x01, 0x01, 0x01, 0x00, 0x01, 0x01, 0x01, 0x00, 0x01, 0x01, 0x01, 0x00,
0x01, 0x01, 0x01, 0x00, 0x01, 0x01, 0x01, 0x00, 0x01, 0x01, 0x01, 0x00, 0x01, 0x01, 0x01,
0x00, 0x01, 0x01, 0x01, 0x00, 0x01, 0x01, 0x01, 0x00, 0x00, 0x00, 0x00, 0x00, 0x08, 0x1b,
0x67, 0x00, 0x24, 0x3c, 0xe2, 0x00, 0x26, 0x3b, 0xd8, 0x00, 0x26, 0x3c, 0xd8, 0x00, 0x26,
0x3c, 0xd8, 0x00, 0x26, 0x3c, 0xd9, 0x00, 0x27, 0x3e, 0xd9, 0x00, 0x1c, 0x31, 0xcd, 0x00,
0x20, 0x33, 0xd1, 0x00, 0x1c, 0x2c, 0xd0, 0x01, 0x23, 0x3d, 0xd7, 0x88, 0x27, 0x3d, 0xd9,
0xff, 0x27, 0x3d, 0xd9, 0xff, 0x27, 0x3d, 0xd9, 0xff, 0x27, 0x3d, 0xd9, 0xff, 0x27, 0x3d,
0xd9, 0xff, 0x27, 0x3d, 0xd9, 0xff, 0x27, 0x3d, 0xd9, 0xff, 0x27, 0x3d, 0xd9, 0xff, 0x27,
0x3d, 0xd9, 0xff, 0x27, 0x3d, 0xd9, 0xff, 0x27, 0x3d, 0xd9, 0xff, 0x27, 0x3d, 0xd9, 0xff,
0x27, 0x3d, 0xd9, 0xff, 0x27, 0x3d, 0xd9, 0xff, 0x27, 0x3d, 0xd9, 0xff, 0x27, 0x3d, 0xd9,
0xff, 0x27, 0x3d, 0xd9, 0xff, 0x27, 0x3d, 0xd9, 0xff, 0x27, 0x3d, 0xd9, 0xff, 0x27, 0x3d,
0xd9, 0xff, 0x27, 0x3d, 0xd9, 0xff, 0x27, 0x3d, 0xd9, 0xff, 0x27, 0x3d, 0xd9, 0xff, 0x27,
0x3d, 0xd9, 0xff, 0x27, 0x3d, 0xd9, 0xff, 0x27, 0x3d, 0xd9, 0xff, 0x27, 0x3d, 0xd9, 0xff,
0x27, 0x3d, 0xd9, 0xff, 0x27, 0x3d, 0xd9, 0xff, 0x27, 0x3d, 0xd9, 0xff, 0x27, 0x3d, 0xd9,
0xff, 0x27, 0x3d, 0xd9, 0xff, 0x27, 0x3d, 0xd9, 0xff, 0x27, 0x3d, 0xd9, 0xff, 0x27, 0x3d,
0xd9, 0xff, 0x27, 0x3d, 0xd9, 0xff, 0x27, 0x3d, 0xd9, 0xff, 0x27, 0x3d, 0xd9, 0xff, 0x27,
0x3d, 0xd9, 0xff, 0x27, 0x3d, 0xd9, 0xff, 0x27, 0x3d, 0xd9, 0xff, 0x27, 0x3d, 0xd9, 0xff,
0x27, 0x3d, 0xd9, 0xff, 0x27, 0x3d, 0xd9, 0xff, 0x27, 0x3d, 0xd9, 0xff, 0x27, 0x3d, 0xd9,
0xff, 0x27, 0x3d, 0xd9, 0xff, 0x27, 0x3d, 0xd9, 0xff, 0x27, 0x3d, 0xd9, 0xff, 0x27, 0x3d,
0xd9, 0xff, 0x27, 0x3d, 0xd9, 0xff, 0x27, 0x3d, 0xd9, 0xff, 0x27, 0x3d, 0xd9, 0xff, 0x27,
0x3d, 0xd9, 0xff, 0x27, 0x3d, 0xd9, 0xff, 0x27, 0x3d, 0xd9, 0xff, 0x27, 0x3d, 0xd9, 0xff,
0x27, 0x3d, 0xd9, 0xff, 0x27, 0x3d, 0xd9, 0xff, 0x27, 0x3d, 0xd9, 0xff, 0x27, 0x3d, 0xd9,
0xff, 0x27, 0x3d, 0xd9, 0xff, 0x27, 0x3d, 0xd9, 0xff, 0x27, 0x3d, 0xd9, 0xff, 0x27, 0x3d,
0xd9, 0xff, 0x27, 0x3d, 0xd9, 0xff, 0x28, 0x3e, 0xdb, 0xff, 0x23, 0x38, 0xcd, 0xb8, 0x1b,
0x2a, 0xa3, 0x16, 0x1d, 0x2e, 0xce, 0x00, 0x1b, 0x2f, 0xd2, 0x00, 0x24, 0x3b, 0xd7, 0x00,
0x11, 0x23, 0xc2, 0x00, 0x18, 0x35, 0xd3, 0x00, 0x12, 0x28, 0xc8, 0x00, 0x00, 0x00, 0x84,
0x00, 0x01, 0x01, 0x7f, 0x00, 0x01, 0x01, 0x80, 0x00, 0x01, 0x01, 0x80, 0x00, 0x01, 0x01,
0x80, 0x00, 0x01, 0x01, 0x80, 0x00, 0x01, 0x01, 0x80, 0x00, 0x01, 0x01, 0x80, 0x00, 0x01,
0x01, 0x80, 0x00, 0x01, 0x01, 0x80, 0x00, 0x01, 0x01, 0x80, 0x00, 0x01, 0x01, 0x80, 0x00,
0x01, 0x01, 0x80, 0x00, 0x01, 0x01, 0x80, 0x00, 0x01, 0x01, 0x80, 0x00, 0xff, 0xff, 0xff,
0x00, 0xff, 0xff, 0xff, 0x00, 0xff, 0xff, 0xff, 0x00, 0xff, 0xff, 0xff, 0x00, 0xff, 0xff,
0xff, 0x00, 0xff, 0xff, 0xff, 0x00, 0xff, 0xff, 0xff, 0x00, 0xff, 0xff, 0xff, 0x00, 0xff,
0xff, 0xff, 0x00, 0xff, 0xff, 0xff, 0x00, 0xff, 0xff, 0xff, 0x00, 0xff, 0xff, 0xff, 0x00,
0xff, 0xff, 0xff, 0x00, 0xff, 0xff, 0xff, 0x00, 0xff, 0xff, 0xff, 0x00, 0x01, 0x01, 0x01,
0x00, 0x01, 0x01, 0x01, 0x00, 0x01, 0x01, 0x01, 0x00, 0x01, 0x01, 0x01, 0x00, 0x01, 0x01,
0x01, 0x00, 0x01, 0x01, 0x01, 0x00, 0x01, 0x01, 0x01, 0x00, 0x01, 0x01, 0x01, 0x00, 0x01,
0x01, 0x01, 0x00, 0x01, 0x01, 0x01, 0x00, 0x01, 0x01, 0x01, 0x00, 0x00, 0x00, 0x00, 0x00,
0x08, 0x1b, 0x67, 0x00, 0x24, 0x3c, 0xe2, 0x00, 0x26, 0x3b, 0xd8, 0x00, 0x26, 0x3c, 0xd8,
0x00, 0x26, 0x3c, 0xd8, 0x00, 0x26, 0x3c, 0xd9, 0x00, 0x27, 0x3e, 0xd9, 0x00, 0x1c, 0x31,
0xcd, 0x00, 0x20, 0x33, 0xd1, 0x00, 0x1c, 0x2d, 0xd0, 0x00, 0x1c, 0x3b, 0xd5, 0x00, 0x26,
0x3b, 0xd8, 0x50, 0x27, 0x3d, 0xda, 0xea, 0x28, 0x3e, 0xda, 0xff, 0x27, 0x3d, 0xd9, 0xff,
0x27, 0x3d, 0xd9, 0xff, 0x27, 0x3d, 0xd9, 0xff, 0x27, 0x3d, 0xd9, 0xff, 0x27, 0x3d, 0xd9,
0xff, 0x27, 0x3d, 0xd9, 0xff, 0x27, 0x3d, 0xd9, 0xff, 0x27, 0x3d, 0xd9, 0xff, 0x27, 0x3d,
0xd9, 0xff, 0x27, 0x3d, 0xd9, 0xff, 0x27, 0x3d, 0xd9, 0xff, 0x27, 0x3d, 0xd9, 0xff, 0x27,
0x3d, 0xd9, 0xff, 0x27, 0x3d, 0xd9, 0xff, 0x27, 0x3d, 0xd9, 0xff, 0x27, 0x3d, 0xd9, 0xff,
0x27, 0x3d, 0xd9, 0xff, 0x27, 0x3d, 0xd9, 0xff, 0x27, 0x3d, 0xd9, 0xff, 0x27, 0x3d, 0xd9,
0xff, 0x27, 0x3d, 0xd9, 0xff, 0x27, 0x3d, 0xd9, 0xff, 0x27, 0x3d, 0xd9, 0xff, 0x27, 0x3d,
0xd9, 0xff, 0x27, 0x3d, 0xd9, 0xff, 0x27, 0x3d, 0xd9, 0xff, 0x27, 0x3d, 0xd9, 0xff, 0x27,
0x3d, 0xd9, 0xff, 0x27, 0x3d, 0xd9, 0xff, 0x27, 0x3d, 0xd9, 0xff, 0x27, 0x3d, 0xd9, 0xff,
0x27, 0x3d, 0xd9, 0xff, 0x27, 0x3d, 0xd9, 0xff, 0x27, 0x3d, 0xd9, 0xff, 0x27, 0x3d, 0xd9,
0xff, 0x27, 0x3d, 0xd9, 0xff, 0x27, 0x3d, 0xd9, 0xff, 0x27, 0x3d, 0xd9, 0xff, 0x27, 0x3d,
0xd9, 0xff, 0x27, 0x3d, 0xd9, 0xff, 0x27, 0x3d, 0xd9, 0xff, 0x27, 0x3d, 0xd9, 0xff, 0x27,
0x3d, 0xd9, 0xff, 0x27, 0x3d, 0xd9, 0xff, 0x27, 0x3d, 0xd9, 0xff, 0x27, 0x3d, 0xd9, 0xff,
0x27, 0x3d, 0xd9, 0xff, 0x27, 0x3d, 0xd9, 0xff, 0x27, 0x3d, 0xd9, 0xff, 0x27, 0x3d, 0xd9,
0xff, 0x27, 0x3d, 0xd9, 0xff, 0x27, 0x3d, 0xd9, 0xff, 0x27, 0x3d, 0xd9, 0xff, 0x27, 0x3d,
0xd9, 0xff, 0x27, 0x3d, 0xd9, 0xff, 0x27, 0x3d, 0xd9, 0xff, 0x27, 0x3d, 0xd9, 0xff, 0x27,
0x3d, 0xd9, 0xff, 0x27, 0x3d, 0xd9, 0xff, 0x27, 0x3d, 0xd9, 0xff, 0x27, 0x3d, 0xd9, 0xff,
0x28, 0x3e, 0xda, 0xff, 0x26, 0x3b, 0xd8, 0xf7, 0x24, 0x3b, 0xd8, 0x71, 0x1b, 0x2c, 0xbb,
0x02, 0x1a, 0x28, 0x9c, 0x00, 0x1d, 0x2f, 0xd0, 0x00, 0x1b, 0x2f, 0xd2, 0x00, 0x24, 0x3b,
0xd7, 0x00, 0x11, 0x23, 0xc2, 0x00, 0x18, 0x35, 0xd3, 0x00, 0x12, 0x28, 0xc8, 0x00, 0x00,
0x00, 0x84, 0x00, 0x01, 0x01, 0x7f, 0x00, 0x01, 0x01, 0x80, 0x00, 0x01, 0x01, 0x80, 0x00,
0x01, 0x01, 0x80, 0x00, 0x01, 0x01, 0x80, 0x00, 0x01, 0x01, 0x80, 0x00, 0x01, 0x01, 0x80,
0x00, 0x01, 0x01, 0x80, 0x00, 0x01, 0x01, 0x80, 0x00, 0x01, 0x01, 0x80, 0x00, 0x01, 0x01,
0x80, 0x00, 0x01, 0x01, 0x80, 0x00, 0x01, 0x01, 0x80, 0x00, 0x01, 0x01, 0x80, 0x00, 0xff,
0xff, 0xff, 0x00, 0xff, 0xff, 0xff, 0x00, 0xff, 0xff, 0xff, 0x00, 0xff, 0xff, 0xff, 0x00,
0xff, 0xff, 0xff, 0x00, 0xff, 0xff, 0xff, 0x00, 0xff, 0xff, 0xff, 0x00, 0xff, 0xff, 0xff,
0x00, 0xff, 0xff, 0xff, 0x00, 0xff, 0xff, 0xff, 0x00, 0xff, 0xff, 0xff, 0x00, 0xff, 0xff,
0xff, 0x00, 0xff, 0xff, 0xff, 0x00, 0xff, 0xff, 0xff, 0x00, 0xff, 0xff, 0xff, 0x00, 0x01,
0x01, 0x01, 0x00, 0x01, 0x01, 0x01, 0x00, 0x01, 0x01, 0x01, 0x00, 0x01, 0x01, 0x01, 0x00,
0x01, 0x01, 0x01, 0x00, 0x01, 0x01, 0x01, 0x00, 0x01, 0x01, 0x01, 0x00, 0x01, 0x01, 0x01,
0x00, 0x01, 0x01, 0x01, 0x00, 0x01, 0x01, 0x01, 0x00, 0x01, 0x01, 0x01, 0x00, 0x00, 0x00,
0x00, 0x00, 0x08, 0x1b, 0x67, 0x00, 0x24, 0x3c, 0xe2, 0x00, 0x26, 0x3b, 0xd8, 0x00, 0x26,
0x3c, 0xd8, 0x00, 0x26, 0x3c, 0xd8, 0x00, 0x26, 0x3c, 0xd9, 0x00, 0x27, 0x3e, 0xd9, 0x00,
0x1c, 0x31, 0xcd, 0x00, 0x20, 0x33, 0xd1, 0x00, 0x1c, 0x2d, 0xd0, 0x00, 0x1d, 0x3b, 0xd5,
0x00, 0x26, 0x3a, 0xda, 0x00, 0x1f, 0x31, 0xb7, 0x21, 0x21, 0x34, 0xc6, 0xb6, 0x28, 0x3f,
0xdd, 0xff, 0x27, 0x3d, 0xd9, 0xff, 0x27, 0x3d, 0xd9, 0xff, 0x27, 0x3d, 0xd9, 0xff, 0x27,
0x3d, 0xd9, 0xff, 0x27, 0x3d, 0xd9, 0xff, 0x27, 0x3d, 0xd9, 0xff, 0x27, 0x3d, 0xd9, 0xff,
0x27, 0x3d, 0xd9, 0xff, 0x27, 0x3d, 0xd9, 0xff, 0x27, 0x3d, 0xd9, 0xff, 0x27, 0x3d, 0xd9,
0xff, 0x27, 0x3d, 0xd9, 0xff, 0x27, 0x3d, 0xd9, 0xff, 0x27, 0x3d, 0xd9, 0xff, 0x27, 0x3d,
0xd9, 0xff, 0x27, 0x3d, 0xd9, 0xff, 0x27, 0x3d, 0xd9, 0xff, 0x27, 0x3d, 0xd9, 0xff, 0x27,
0x3d, 0xd9, 0xff, 0x27, 0x3d, 0xd9, 0xff, 0x27, 0x3d, 0xd9, 0xff, 0x27, 0x3d, 0xd9, 0xff,
0x27, 0x3d, 0xd9, 0xff, 0x27, 0x3d, 0xd9, 0xff, 0x27, 0x3d, 0xd9, 0xff, 0x27, 0x3d, 0xd9,
0xff, 0x27, 0x3d, 0xd9, 0xff, 0x27, 0x3d, 0xd9, 0xff, 0x27, 0x3d, 0xd9, 0xff, 0x27, 0x3d,
0xd9, 0xff, 0x27, 0x3d, 0xd9, 0xff, 0x27, 0x3d, 0xd9, 0xff, 0x27, 0x3d, 0xd9, 0xff, 0x27,
0x3d, 0xd9, 0xff, 0x27, 0x3d, 0xd9, 0xff, 0x27, 0x3d, 0xd9, 0xff, 0x27, 0x3d, 0xd9, 0xff,
0x27, 0x3d, 0xd9, 0xff, 0x27, 0x3d, 0xd9, 0xff, 0x27, 0x3d, 0xd9, 0xff, 0x27, 0x3d, 0xd9,
0xff, 0x27, 0x3d, 0xd9, 0xff, 0x27, 0x3d, 0xd9, 0xff, 0x27, 0x3d, 0xd9, 0xff, 0x27, 0x3d,
0xd9, 0xff, 0x27, 0x3d, 0xd9, 0xff, 0x27, 0x3d, 0xd9, 0xff, 0x27, 0x3d, 0xd9, 0xff, 0x27,
0x3d, 0xd9, 0xff, 0x27, 0x3d, 0xd9, 0xff, 0x27, 0x3d, 0xd9, 0xff, 0x27, 0x3d, 0xd9, 0xff,
0x27, 0x3d, 0xd9, 0xff, 0x27, 0x3d, 0xd9, 0xff, 0x27, 0x3d, 0xd9, 0xff, 0x27, 0x3d, 0xd9,
0xff, 0x27, 0x3d, 0xd9, 0xff, 0x27, 0x3d, 0xd9, 0xff, 0x27, 0x3d, 0xd9, 0xff, 0x28, 0x3d,
0xd9, 0xff, 0x26, 0x3c, 0xd8, 0xc6, 0x1a, 0x32, 0xd2, 0x2f, 0x1d, 0x31, 0xd1, 0x00, 0x1d,
0x2e, 0xbd, 0x00, 0x1a, 0x28, 0x9d, 0x00, 0x1d, 0x2f, 0xd0, 0x00, 0x1b, 0x2f, 0xd2, 0x00,
0x24, 0x3b, 0xd7, 0x00, 0x11, 0x23, 0xc2, 0x00, 0x18, 0x35, 0xd3, 0x00, 0x12, 0x28, 0xc8,
0x00, 0x00, 0x00, 0x84, 0x00, 0x01, 0x01, 0x7f, 0x00, 0x01, 0x01, 0x80, 0x00, 0x01, 0x01,
0x80, 0x00, 0x01, 0x01, 0x80, 0x00, 0x01, 0x01, 0x80, 0x00, 0x01, 0x01, 0x80, 0x00, 0x01,
0x01, 0x80, 0x00, 0x01, 0x01, 0x80, 0x00, 0x01, 0x01, 0x80, 0x00, 0x01, 0x01, 0x80, 0x00,
0x01, 0x01, 0x80, 0x00, 0x01, 0x01, 0x80, 0x00, 0x01, 0x01, 0x80, 0x00, 0x01, 0x01, 0x80,
0x00, 0xff, 0xff, 0xff, 0x00, 0xff, 0xff, 0xff, 0x00, 0xff, 0xff, 0xff, 0x00, 0xff, 0xff,
0xff, 0x00, 0xff, 0xff, 0xff, 0x00, 0xff, 0xff, 0xff, 0x00, 0xff, 0xff, 0xff, 0x00, 0xff,
0xff, 0xff, 0x00, 0xff, 0xff, 0xff, 0x00, 0xff, 0xff, 0xff, 0x00, 0xff, 0xff, 0xff, 0x00,
0xff, 0xff, 0xff, 0x00, 0xff, 0xff, 0xff, 0x00, 0xff, 0xff, 0xff, 0x00, 0xff, 0xff, 0xff,
0x00, 0x01, 0x01, 0x01, 0x00, 0x01, 0x01, 0x01, 0x00, 0x01, 0x01, 0x01, 0x00, 0x01, 0x01,
0x01, 0x00, 0x01, 0x01, 0x01, 0x00, 0x01, 0x01, 0x01, 0x00, 0x01, 0x01, 0x01, 0x00, 0x01,
0x01, 0x01, 0x00, 0x01, 0x01, 0x01, 0x00, 0x01, 0x01, 0x01, 0x00, 0x01, 0x01, 0x01, 0x00,
0x00, 0x00, 0x00, 0x00, 0x08, 0x1b, 0x67, 0x00, 0x24, 0x3c, 0xe2, 0x00, 0x26, 0x3b, 0xd8,
0x00, 0x26, 0x3c, 0xd8, 0x00, 0x26, 0x3c, 0xd8, 0x00, 0x26, 0x3c, 0xd9, 0x00, 0x27, 0x3e,
0xd9, 0x00, 0x1c, 0x31, 0xcd, 0x00, 0x20, 0x33, 0xd1, 0x00, 0x1c, 0x2d, 0xd0, 0x00, 0x1d,
0x3b, 0xd5, 0x00, 0x26, 0x3b, 0xdc, 0x00, 0x1c, 0x2c, 0xab, 0x00, 0x15, 0x22, 0xb9, 0x02,
0x1d, 0x2e, 0xd3, 0x5e, 0x28, 0x3e, 0xd9, 0xec, 0x27, 0x3d, 0xd9, 0xff, 0x27, 0x3d, 0xd9,
0xff, 0x27, 0x3d, 0xd9, 0xff, 0x27, 0x3d, 0xd9, 0xff, 0x27, 0x3d, 0xd9, 0xff, 0x27, 0x3d,
0xd9, 0xff, 0x27, 0x3d, 0xd9, 0xff, 0x27, 0x3d, 0xd9, 0xff, 0x27, 0x3d, 0xd9, 0xff, 0x27,
0x3d, 0xd9, 0xff, 0x27, 0x3d, 0xd9, 0xff, 0x27, 0x3d, 0xd9, 0xff, 0x27, 0x3d, 0xd9, 0xff,
0x27, 0x3d, 0xd9, 0xff, 0x27, 0x3d, 0xd9, 0xff, 0x27, 0x3d, 0xd9, 0xff, 0x27, 0x3d, 0xd9,
0xff, 0x27, 0x3d, 0xd9, 0xff, 0x27, 0x3d, 0xd9, 0xff, 0x27, 0x3d, 0xd9, 0xff, 0x27, 0x3d,
0xd9, 0xff, 0x27, 0x3d, 0xd9, 0xff, 0x27, 0x3d, 0xd9, 0xff, 0x27, 0x3d, 0xd9, 0xff, 0x27,
0x3d, 0xd9, 0xff, 0x27, 0x3d, 0xd9, 0xff, 0x27, 0x3d, 0xd9, 0xff, 0x27, 0x3d, 0xd9, 0xff,
0x27, 0x3d, 0xd9, 0xff, 0x27, 0x3d, 0xd9, 0xff, 0x27, 0x3d, 0xd9, 0xff, 0x27, 0x3d, 0xd9,
0xff, 0x27, 0x3d, 0xd9, 0xff, 0x27, 0x3d, 0xd9, 0xff, 0x27, 0x3d, 0xd9, 0xff, 0x27, 0x3d,
0xd9, 0xff, 0x27, 0x3d, 0xd9, 0xff, 0x27, 0x3d, 0xd9, 0xff, 0x27, 0x3d, 0xd9, 0xff, 0x27,
0x3d, 0xd9, 0xff, 0x27, 0x3d, 0xd9, 0xff, 0x27, 0x3d, 0xd9, 0xff, 0x27, 0x3d, 0xd9, 0xff,
0x27, 0x3d, 0xd9, 0xff, 0x27, 0x3d, 0xd9, 0xff, 0x27, 0x3d, 0xd9, 0xff, 0x27, 0x3d, 0xd9,
0xff, 0x27, 0x3d, 0xd9, 0xff, 0x27, 0x3d, 0xd9, 0xff, 0x27, 0x3d, 0xd9, 0xff, 0x27, 0x3d,
0xd9, 0xff, 0x27, 0x3d, 0xd9, 0xff, 0x27, 0x3d, 0xd9, 0xff, 0x27, 0x3d, 0xd9, 0xff, 0x27,
0x3d, 0xd9, 0xff, 0x27, 0x3d, 0xd9, 0xff, 0x27, 0x3d, 0xda, 0xff, 0x27, 0x3d, 0xd9, 0xee,
0x24, 0x39, 0xd5, 0x65, 0x1a, 0x2e, 0xc5, 0x07, 0x17, 0x32, 0xd4, 0x00, 0x1e, 0x32, 0xd1,
0x00, 0x1d, 0x2e, 0xbd, 0x00, 0x1a, 0x28, 0x9d, 0x00, 0x1d, 0x2f, 0xd0, 0x00, 0x1b, 0x2f,
0xd2, 0x00, 0x24, 0x3b, 0xd7, 0x00, 0x11, 0x23, 0xc2, 0x00, 0x18, 0x35, 0xd3, 0x00, 0x12,
0x28, 0xc8, 0x00, 0x00, 0x00, 0x84, 0x00, 0x01, 0x01, 0x7f, 0x00, 0x01, 0x01, 0x80, 0x00,
0x01, 0x01, 0x80, 0x00, 0x01, 0x01, 0x80, 0x00, 0x01, 0x01, 0x80, 0x00, 0x01, 0x01, 0x80,
0x00, 0x01, 0x01, 0x80, 0x00, 0x01, 0x01, 0x80, 0x00, 0x01, 0x01, 0x80, 0x00, 0x01, 0x01,
0x80, 0x00, 0x01, 0x01, 0x80, 0x00, 0x01, 0x01, 0x80, 0x00, 0x01, 0x01, 0x80, 0x00, 0x01,
0x01, 0x80, 0x00, 0xff, 0xff, 0xff, 0x00, 0xff, 0xff, 0xff, 0x00, 0xff, 0xff, 0xff, 0x00,
0xff, 0xff, 0xff, 0x00, 0xff, 0xff, 0xff, 0x00, 0xff, 0xff, 0xff, 0x00, 0xff, 0xff, 0xff,
0x00, 0xff, 0xff, 0xff, 0x00, 0xff, 0xff, 0xff, 0x00, 0xff, 0xff, 0xff, 0x00, 0xff, 0xff,
0xff, 0x00, 0xff, 0xff, 0xff, 0x00, 0xff, 0xff, 0xff, 0x00, 0xff, 0xff, 0xff, 0x00, 0xff,
0xff, 0xff, 0x00, 0x01, 0x01, 0x01, 0x00, 0x01, 0x01, 0x01, 0x00, 0x01, 0x01, 0x01, 0x00,
0x01, 0x01, 0x01, 0x00, 0x01, 0x01, 0x01, 0x00, 0x01, 0x01, 0x01, 0x00, 0x01, 0x01, 0x01,
0x00, 0x01, 0x01, 0x01, 0x00, 0x01, 0x01, 0x01, 0x00, 0x01, 0x01, 0x01, 0x00, 0x01, 0x01,
0x01, 0x00, 0x00, 0x00, 0x00, 0x00, 0x08, 0x1b, 0x67, 0x00, 0x24, 0x3c, 0xe2, 0x00, 0x26,
0x3b, 0xd8, 0x00, 0x26, 0x3c, 0xd8, 0x00, 0x26, 0x3c, 0xd8, 0x00, 0x26, 0x3c, 0xd9, 0x00,
0x27, 0x3e, 0xd9, 0x00, 0x1c, 0x31, 0xcd, 0x00, 0x20, 0x33, 0xd1, 0x00, 0x1c, 0x2d, 0xd0,
0x00, 0x1d, 0x3b, 0xd5, 0x00, 0x26, 0x3b, 0xdc, 0x00, 0x1d, 0x2d, 0xad, 0x00, 0x15, 0x22,
0xba, 0x00, 0x16, 0x23, 0xcb, 0x00, 0x24, 0x3a, 0xd5, 0x28, 0x26, 0x3c, 0xd8, 0x96, 0x27,
0x3d, 0xd9, 0xff, 0x28, 0x3e, 0xda, 0xff, 0x27, 0x3d, 0xd9, 0xff, 0x27, 0x3d, 0xd9, 0xff,
0x27, 0x3d, 0xd9, 0xff, 0x27, 0x3d, 0xd9, 0xff, 0x27, 0x3d, 0xd9, 0xff, 0x27, 0x3d, 0xd9,
0xff, 0x27, 0x3d, 0xd9, 0xff, 0x27, 0x3d, 0xd9, 0xff, 0x27, 0x3d, 0xd9, 0xff, 0x27, 0x3d,
0xd9, 0xff, 0x27, 0x3d, 0xd9, 0xff, 0x27, 0x3d, 0xd9, 0xff, 0x27, 0x3d, 0xd9, 0xff, 0x27,
0x3d, 0xd9, 0xff, 0x27, 0x3d, 0xd9, 0xff, 0x27, 0x3d, 0xd9, 0xff, 0x27, 0x3d, 0xd9, 0xff,
0x27, 0x3d, 0xd9, 0xff, 0x27, 0x3d, 0xd9, 0xff, 0x27, 0x3d, 0xd9, 0xff, 0x27, 0x3d, 0xd9,
0xff, 0x27, 0x3d, 0xd9, 0xff, 0x27, 0x3d, 0xd9, 0xff, 0x27, 0x3d, 0xd9, 0xff, 0x27, 0x3d,
0xd9, 0xff, 0x27, 0x3d, 0xd9, 0xff, 0x27, 0x3d, 0xd9, 0xff, 0x27, 0x3d, 0xd9, 0xff, 0x27,
0x3d, 0xd9, 0xff, 0x27, 0x3d, 0xd9, 0xff, 0x27, 0x3d, 0xd9, 0xff, 0x27, 0x3d, 0xd9, 0xff,
0x27, 0x3d, 0xd9, 0xff, 0x27, 0x3d, 0xd9, 0xff, 0x27, 0x3d, 0xd9, 0xff, 0x27, 0x3d, 0xd9,
0xff, 0x27, 0x3d, 0xd9, 0xff, 0x27, 0x3d, 0xd9, 0xff, 0x27, 0x3d, 0xd9, 0xff, 0x27, 0x3d,
0xd9, 0xff, 0x27, 0x3d, 0xd9, 0xff, 0x27, 0x3d, 0xd9, 0xff, 0x27, 0x3d, 0xd9, 0xff, 0x27,
0x3d, 0xd9, 0xff, 0x27, 0x3d, 0xd9, 0xff, 0x27, 0x3d, 0xd9, 0xff, 0x27, 0x3d, 0xd9, 0xff,
0x27, 0x3d, 0xd9, 0xff, 0x27, 0x3d, 0xd9, 0xff, 0x27, 0x3d, 0xd9, 0xff, 0x27, 0x3d, 0xd9,
0xff, 0x27, 0x3d, 0xd9, 0xff, 0x27, 0x3d, 0xd8, 0xfb, 0x25, 0x3b, 0xd1, 0x92, 0x25, 0x3b,
0xd5, 0x29, 0x22, 0x37, 0xd5, 0x00, 0x1a, 0x2d, 0xc3, 0x00, 0x18, 0x32, 0xd4, 0x00, 0x1e,
0x32, 0xd1, 0x00, 0x1d, 0x2e, 0xbd, 0x00, 0x1a, 0x28, 0x9d, 0x00, 0x1d, 0x2f, 0xd0, 0x00,
0x1b, 0x2f, 0xd2, 0x00, 0x24, 0x3b, 0xd7, 0x00, 0x11, 0x23, 0xc2, 0x00, 0x18, 0x35, 0xd3,
0x00, 0x12, 0x28, 0xc8, 0x00, 0x00, 0x00, 0x84, 0x00, 0x01, 0x01, 0x7f, 0x00, 0x01, 0x01,
0x80, 0x00, 0x01, 0x01, 0x80, 0x00, 0x01, 0x01, 0x80, 0x00, 0x01, 0x01, 0x80, 0x00, 0x01,
0x01, 0x80, 0x00, 0x01, 0x01, 0x80, 0x00, 0x01, 0x01, 0x80, 0x00, 0x01, 0x01, 0x80, 0x00,
0x01, 0x01, 0x80, 0x00, 0x01, 0x01, 0x80, 0x00, 0x01, 0x01, 0x80, 0x00, 0x01, 0x01, 0x80,
0x00, 0x01, 0x01, 0x80, 0x00, 0xff, 0xff, 0xff, 0x00, 0xff, 0xff, 0xff, 0x00, 0xff, 0xff,
0xff, 0x00, 0xff, 0xff, 0xff, 0x00, 0xff, 0xff, 0xff, 0x00, 0xff, 0xff, 0xff, 0x00, 0xff,
0xff, 0xff, 0x00, 0xff, 0xff, 0xff, 0x00, 0xff, 0xff, 0xff, 0x00, 0xff, 0xff, 0xff, 0x00,
0xff, 0xff, 0xff, 0x00, 0xff, 0xff, 0xff, 0x00, 0xff, 0xff, 0xff, 0x00, 0xff, 0xff, 0xff,
0x00, 0xff, 0xff, 0xff, 0x00, 0x01, 0x01, 0x01, 0x00, 0x01, 0x01, 0x01, 0x00, 0x01, 0x01,
0x01, 0x00, 0x01, 0x01, 0x01, 0x00, 0x01, 0x01, 0x01, 0x00, 0x01, 0x01, 0x01, 0x00, 0x01,
0x01, 0x01, 0x00, 0x01, 0x01, 0x01, 0x00, 0x01, 0x01, 0x01, 0x00, 0x01, 0x01, 0x01, 0x00,
0x01, 0x01, 0x01, 0x00, 0x00, 0x00, 0x00, 0x00, 0x08, 0x1b, 0x67, 0x00, 0x24, 0x3c, 0xe2,
0x00, 0x26, 0x3b, 0xd8, 0x00, 0x26, 0x3c, 0xd8, 0x00, 0x26, 0x3c, 0xd8, 0x00, 0x26, 0x3c,
0xd9, 0x00, 0x27, 0x3e, 0xd9, 0x00, 0x1c, 0x31, 0xcd, 0x00, 0x20, 0x33, 0xd1, 0x00, 0x1c,
0x2d, 0xd0, 0x00, 0x1d, 0x3b, 0xd5, 0x00, 0x26, 0x3b, 0xdc, 0x00, 0x1d, 0x2d, 0xad, 0x00,
0x15, 0x22, 0xba, 0x00, 0x17, 0x25, 0xcc, 0x00, 0x23, 0x39, 0xd5, 0x00, 0x24, 0x3c, 0xd6,
0x00, 0x25, 0x39, 0xd4, 0x40, 0x23, 0x36, 0xd3, 0xb0, 0x27, 0x3e, 0xda, 0xff, 0x27, 0x3d,
0xda, 0xff, 0x27, 0x3d, 0xd9, 0xff, 0x27, 0x3d, 0xd9, 0xff, 0x27, 0x3d, 0xd9, 0xff, 0x27,
0x3d, 0xd9, 0xff, 0x27, 0x3d, 0xd9, 0xff, 0x27, 0x3d, 0xd9, 0xff, 0x27, 0x3d, 0xd9, 0xff,
0x27, 0x3d, 0xd9, 0xff, 0x27, 0x3d, 0xd9, 0xff, 0x27, 0x3d, 0xd9, 0xff, 0x27, 0x3d, 0xd9,
0xff, 0x27, 0x3d, 0xd9, 0xff, 0x27, 0x3d, 0xd9, 0xff, 0x27, 0x3d, 0xd9, 0xff, 0x27, 0x3d,
0xd9, 0xff, 0x27, 0x3d, 0xd9, 0xff, 0x27, 0x3d, 0xd9, 0xff, 0x27, 0x3d, 0xd9, 0xff, 0x27,
0x3d, 0xd9, 0xff, 0x27, 0x3d, 0xd9, 0xff, 0x27, 0x3d, 0xd9, 0xff, 0x27, 0x3d, 0xd9, 0xff,
0x27, 0x3d, 0xd9, 0xff, 0x27, 0x3d, 0xd9, 0xff, 0x27, 0x3d, 0xd9, 0xff, 0x27, 0x3d, 0xd9,
0xff, 0x27, 0x3d, 0xd9, 0xff, 0x27, 0x3d, 0xd9, 0xff, 0x27, 0x3d, 0xd9, 0xff, 0x27, 0x3d,
0xd9, 0xff, 0x27, 0x3d, 0xd9, 0xff, 0x27, 0x3d, 0xd9, 0xff, 0x27, 0x3d, 0xd9, 0xff, 0x27,
0x3d, 0xd9, 0xff, 0x27, 0x3d, 0xd9, 0xff, 0x27, 0x3d, 0xd9, 0xff, 0x27, 0x3d, 0xd9, 0xff,
0x27, 0x3d, 0xd9, 0xff, 0x27, 0x3d, 0xd9, 0xff, 0x27, 0x3d, 0xd9, 0xff, 0x27, 0x3d, 0xd9,
0xff, 0x27, 0x3d, 0xd9, 0xff, 0x27, 0x3d, 0xd9, 0xff, 0x27, 0x3d, 0xd9, 0xff, 0x27, 0x3d,
0xd9, 0xff, 0x27, 0x3d, 0xd9, 0xff, 0x27, 0x3d, 0xd9, 0xff, 0x27, 0x3d, 0xd9, 0xff, 0x27,
0x3d, 0xd9, 0xff, 0x26, 0x3c, 0xd9, 0xa1, 0x1c, 0x3a, 0xd3, 0x38, 0x1e, 0x34, 0xba, 0x00,
0x25, 0x3b, 0xd5, 0x00, 0x22, 0x37, 0xd5, 0x00, 0x1a, 0x2d, 0xc3, 0x00, 0x18, 0x32, 0xd4,
0x00, 0x1e, 0x32, 0xd1, 0x00, 0x1d, 0x2e, 0xbd, 0x00, 0x1a, 0x28, 0x9d, 0x00, 0x1d, 0x2f,
0xd0, 0x00, 0x1b, 0x2f, 0xd2, 0x00, 0x24, 0x3b, 0xd7, 0x00, 0x11, 0x23, 0xc2, 0x00, 0x18,
0x35, 0xd3, 0x00, 0x12, 0x28, 0xc8, 0x00, 0x00, 0x00, 0x84, 0x00, 0x01, 0x01, 0x7f, 0x00,
0x01, 0x01, 0x80, 0x00, 0x01, 0x01, 0x80, 0x00, 0x01, 0x01, 0x80, 0x00, 0x01, 0x01, 0x80,
0x00, 0x01, 0x01, 0x80, 0x00, 0x01, 0x01, 0x80, 0x00, 0x01, 0x01, 0x80, 0x00, 0x01, 0x01,
0x80, 0x00, 0x01, 0x01, 0x80, 0x00, 0x01, 0x01, 0x80, 0x00, 0x01, 0x01, 0x80, 0x00, 0x01,
0x01, 0x80, 0x00, 0x01, 0x01, 0x80, 0x00, 0xff, 0xff, 0xff, 0x00, 0xff, 0xff, 0xff, 0x00,
0xff, 0xff, 0xff, 0x00, 0xff, 0xff, 0xff, 0x00, 0xff, 0xff, 0xff, 0x00, 0xff, 0xff, 0xff,
0x00, 0xff, 0xff, 0xff, 0x00, 0xff, 0xff, 0xff, 0x00, 0xff, 0xff, 0xff, 0x00, 0xff, 0xff,
0xff, 0x00, 0xff, 0xff, 0xff, 0x00, 0xff, 0xff, 0xff, 0x00, 0xff, 0xff, 0xff, 0x00, 0xff,
0xff, 0xff, 0x00, 0xff, 0xff, 0xff, 0x00, 0x01, 0x01, 0x01, 0x00, 0x01, 0x01, 0x01, 0x00,
0x01, 0x01, 0x01, 0x00, 0x01, 0x01, 0x01, 0x00, 0x01, 0x01, 0x01, 0x00, 0x01, 0x01, 0x01,
0x00, 0x01, 0x01, 0x01, 0x00, 0x01, 0x01, 0x01, 0x00, 0x01, 0x01, 0x01, 0x00, 0x01, 0x01,
0x01, 0x00, 0x01, 0x01, 0x01, 0x00, 0x00, 0x00, 0x00, 0x00, 0x08, 0x1b, 0x67, 0x00, 0x24,
0x3c, 0xe2, 0x00, 0x26, 0x3b, 0xd8, 0x00, 0x26, 0x3c, 0xd8, 0x00, 0x26, 0x3c, 0xd8, 0x00,
0x26, 0x3c, 0xd9, 0x00, 0x27, 0x3e, 0xd9, 0x00, 0x1c, 0x31, 0xcd, 0x00, 0x20, 0x33, 0xd1,
0x00, 0x1c, 0x2d, 0xd0, 0x00, 0x1d, 0x3b, 0xd5, 0x00, 0x26, 0x3b, 0xdc, 0x00, 0x1d, 0x2d,
0xad, 0x00, 0x15, 0x22, 0xba, 0x00, 0x17, 0x25, 0xcc, 0x00, 0x23, 0x39, 0xd5, 0x00, 0x25,
0x3d, 0xd7, 0x00, 0x23, 0x36, 0xd2, 0x00, 0x1c, 0x2a, 0xcb, 0x00, 0x25, 0x3a, 0xd6, 0x55,
0x26, 0x3b, 0xd6, 0xb9, 0x27, 0x3d, 0xdb, 0xff, 0x27, 0x3e, 0xd9, 0xff, 0x27, 0x3d, 0xd9,
0xff, 0x27, 0x3d, 0xd9, 0xff, 0x27, 0x3d, 0xd9, 0xff, 0x27, 0x3d, 0xd9, 0xff, 0x27, 0x3d,
0xd9, 0xff, 0x27, 0x3d, 0xd9, 0xff, 0x27, 0x3d, 0xd9, 0xff, 0x27, 0x3d, 0xd9, 0xff, 0x27,
0x3d, 0xd9, 0xff, 0x27, 0x3d, 0xd9, 0xff, 0x27, 0x3d, 0xd9, 0xff, 0x27, 0x3d, 0xd9, 0xff,
0x27, 0x3d, 0xd9, 0xff, 0x27, 0x3d, 0xd9, 0xff, 0x27, 0x3d, 0xd9, 0xff, 0x27, 0x3d, 0xd9,
0xff, 0x27, 0x3d, 0xd9, 0xff, 0x27, 0x3d, 0xd9, 0xff, 0x27, 0x3d, 0xd9, 0xff, 0x27, 0x3d,
0xd9, 0xff, 0x27, 0x3d, 0xd9, 0xff, 0x27, 0x3d, 0xd9, 0xff, 0x27, 0x3d, 0xd9, 0xff, 0x27,
0x3d, 0xd9, 0xff, 0x27, 0x3d, 0xd9, 0xff, 0x27, 0x3d, 0xd9, 0xff, 0x27, 0x3d, 0xd9, 0xff,
0x27, 0x3d, 0xd9, 0xff, 0x27, 0x3d, 0xd9, 0xff, 0x27, 0x3d, 0xd9, 0xff, 0x27, 0x3d, 0xd9,
0xff, 0x27, 0x3d, 0xd9, 0xff, 0x27, 0x3d, 0xd9, 0xff, 0x27, 0x3d, 0xd9, 0xff, 0x27, 0x3d,
0xd9, 0xff, 0x27, 0x3d, 0xd9, 0xff, 0x27, 0x3d, 0xd9, 0xff, 0x27, 0x3d, 0xd9, 0xff, 0x27,
0x3d, 0xd9, 0xff, 0x27, 0x3d, 0xd9, 0xff, 0x27, 0x3d, 0xd9, 0xff, 0x27, 0x3d, 0xd9, 0xff,
0x27, 0x3d, 0xda, 0xff, 0x28, 0x3e, 0xdc, 0xff, 0x27, 0x3c, 0xd8, 0xf6, 0x25, 0x3b, 0xd6,
0xa8, 0x26, 0x3c, 0xd7, 0x40, 0x25, 0x39, 0xd8, 0x00, 0x1a, 0x39, 0xd3, 0x00, 0x1e, 0x34,
0xbb, 0x00, 0x25, 0x3b, 0xd5, 0x00, 0x22, 0x37, 0xd5, 0x00, 0x1a, 0x2d, 0xc3, 0x00, 0x18,
0x32, 0xd4, 0x00, 0x1e, 0x32, 0xd1, 0x00, 0x1d, 0x2e, 0xbd, 0x00, 0x1a, 0x28, 0x9d, 0x00,
0x1d, 0x2f, 0xd0, 0x00, 0x1b, 0x2f, 0xd2, 0x00, 0x24, 0x3b, 0xd7, 0x00, 0x11, 0x23, 0xc2,
0x00, 0x18, 0x35, 0xd3, 0x00, 0x12, 0x28, 0xc8, 0x00, 0x00, 0x00, 0x84, 0x00, 0x01, 0x01,
0x7f, 0x00, 0x01, 0x01, 0x80, 0x00, 0x01, 0x01, 0x80, 0x00, 0x01, 0x01, 0x80, 0x00, 0x01,
0x01, 0x80, 0x00, 0x01, 0x01, 0x80, 0x00, 0x01, 0x01, 0x80, 0x00, 0x01, 0x01, 0x80, 0x00,
0x01, 0x01, 0x80, 0x00, 0x01, 0x01, 0x80, 0x00, 0x01, 0x01, 0x80, 0x00, 0x01, 0x01, 0x80,
0x00, 0x01, 0x01, 0x80, 0x00, 0x01, 0x01, 0x80, 0x00, 0xff, 0xff, 0xff, 0x00, 0xff, 0xff,
0xff, 0x00, 0xff, 0xff, 0xff, 0x00, 0xff, 0xff, 0xff, 0x00, 0xff, 0xff, 0xff, 0x00, 0xff,
0xff, 0xff, 0x00, 0xff, 0xff, 0xff, 0x00, 0xff, 0xff, 0xff, 0x00, 0xff, 0xff, 0xff, 0x00,
0xff, 0xff, 0xff, 0x00, 0xff, 0xff, 0xff, 0x00, 0xff, 0xff, 0xff, 0x00, 0xff, 0xff, 0xff,
0x00, 0xff, 0xff, 0xff, 0x00, 0xff, 0xff, 0xff, 0x00, 0x01, 0x01, 0x01, 0x00, 0x01, 0x01,
0x01, 0x00, 0x01, 0x01, 0x01, 0x00, 0x01, 0x01, 0x01, 0x00, 0x01, 0x01, 0x01, 0x00, 0x01,
0x01, 0x01, 0x00, 0x01, 0x01, 0x01, 0x00, 0x01, 0x01, 0x01, 0x00, 0x01, 0x01, 0x01, 0x00,
0x01, 0x01, 0x01, 0x00, 0x01, 0x01, 0x01, 0x00, 0x00, 0x00, 0x00, 0x00, 0x08, 0x1b, 0x67,
0x00, 0x24, 0x3c, 0xe2, 0x00, 0x26, 0x3b, 0xd8, 0x00, 0x26, 0x3c, 0xd8, 0x00, 0x26, 0x3c,
0xd8, 0x00, 0x26, 0x3c, 0xd9, 0x00, 0x27, 0x3e, 0xd9, 0x00, 0x1c, 0x31, 0xcd, 0x00, 0x20,
0x33, 0xd1, 0x00, 0x1c, 0x2d, 0xd0, 0x00, 0x1d, 0x3b, 0xd5, 0x00, 0x26, 0x3b, 0xdc, 0x00,
0x1d, 0x2d, 0xad, 0x00, 0x15, 0x22, 0xba, 0x00, 0x17, 0x25, 0xcc, 0x00, 0x23, 0x39, 0xd5,
0x00, 0x25, 0x3d, 0xd7, 0x00, 0x23, 0x36, 0xd2, 0x00, 0x1c, 0x2b, 0xcc, 0x00, 0x25, 0x3a,
0xd5, 0x00, 0x21, 0x2f, 0xc6, 0x00, 0x1e, 0x2f, 0xb0, 0x47, 0x25, 0x3b, 0xda, 0xa5, 0x26,
0x3b, 0xd7, 0xf0, 0x28, 0x3e, 0xdc, 0xff, 0x28, 0x3d, 0xda, 0xff, 0x27, 0x3d, 0xd9, 0xff,
0x27, 0x3d, 0xd9, 0xff, 0x27, 0x3d, 0xd9, 0xff, 0x27, 0x3d, 0xd9, 0xff, 0x27, 0x3d, 0xd9,
0xff, 0x27, 0x3d, 0xd9, 0xff, 0x27, 0x3d, 0xd9, 0xff, 0x27, 0x3d, 0xd9, 0xff, 0x27, 0x3d,
0xd9, 0xff, 0x27, 0x3d, 0xd9, 0xff, 0x27, 0x3d, 0xd9, 0xff, 0x27, 0x3d, 0xd9, 0xff, 0x27,
0x3d, 0xd9, 0xff, 0x27, 0x3d, 0xd9, 0xff, 0x27, 0x3d, 0xd9, 0xff, 0x27, 0x3d, 0xd9, 0xff,
0x27, 0x3d, 0xd9, 0xff, 0x27, 0x3d, 0xd9, 0xff, 0x27, 0x3d, 0xd9, 0xff, 0x27, 0x3d, 0xd9,
0xff, 0x27, 0x3d, 0xd9, 0xff, 0x27, 0x3d, 0xd9, 0xff, 0x27, 0x3d, 0xd9, 0xff, 0x27, 0x3d,
0xd9, 0xff, 0x27, 0x3d, 0xd9, 0xff, 0x27, 0x3d, 0xd9, 0xff, 0x27, 0x3d, 0xd9, 0xff, 0x27,
0x3d, 0xd9, 0xff, 0x27, 0x3d, 0xd9, 0xff, 0x27, 0x3d, 0xd9, 0xff, 0x27, 0x3d, 0xd9, 0xff,
0x27, 0x3d, 0xd9, 0xff, 0x27, 0x3d, 0xd9, 0xff, 0x27, 0x3d, 0xd9, 0xff, 0x27, 0x3d, 0xd9,
0xff, 0x27, 0x3d, 0xd9, 0xff, 0x27, 0x3d, 0xd9, 0xff, 0x28, 0x3e, 0xdb, 0xff, 0x27, 0x3d,
0xd9, 0xff, 0x26, 0x3b, 0xd3, 0xd9, 0x23, 0x37, 0xc5, 0x8e, 0x24, 0x38, 0xd8, 0x2b, 0x20,
0x35, 0xd1, 0x00, 0x25, 0x3c, 0xd6, 0x00, 0x25, 0x39, 0xd8, 0x00, 0x1a, 0x39, 0xd3, 0x00,
0x1e, 0x34, 0xbb, 0x00, 0x25, 0x3b, 0xd5, 0x00, 0x22, 0x37, 0xd5, 0x00, 0x1a, 0x2d, 0xc3,
0x00, 0x18, 0x32, 0xd4, 0x00, 0x1e, 0x32, 0xd1, 0x00, 0x1d, 0x2e, 0xbd, 0x00, 0x1a, 0x28,
0x9d, 0x00, 0x1d, 0x2f, 0xd0, 0x00, 0x1b, 0x2f, 0xd2, 0x00, 0x24, 0x3b, 0xd7, 0x00, 0x11,
0x23, 0xc2, 0x00, 0x18, 0x35, 0xd3, 0x00, 0x12, 0x28, 0xc8, 0x00, 0x00, 0x00, 0x84, 0x00,
0x01, 0x01, 0x7f, 0x00, 0x01, 0x01, 0x80, 0x00, 0x01, 0x01, 0x80, 0x00, 0x01, 0x01, 0x80,
0x00, 0x01, 0x01, 0x80, 0x00, 0x01, 0x01, 0x80, 0x00, 0x01, 0x01, 0x80, 0x00, 0x01, 0x01,
0x80, 0x00, 0x01, 0x01, 0x80, 0x00, 0x01, 0x01, 0x80, 0x00, 0x01, 0x01, 0x80, 0x00, 0x01,
0x01, 0x80, 0x00, 0x01, 0x01, 0x80, 0x00, 0x01, 0x01, 0x80, 0x00, 0xff, 0xff, 0xff, 0x00,
0xff, 0xff, 0xff, 0x00, 0xff, 0xff, 0xff, 0x00, 0xff, 0xff, 0xff, 0x00, 0xff, 0xff, 0xff,
0x00, 0xff, 0xff, 0xff, 0x00, 0xff, 0xff, 0xff, 0x00, 0xff, 0xff, 0xff, 0x00, 0xff, 0xff,
0xff, 0x00, 0xff, 0xff, 0xff, 0x00, 0xff, 0xff, 0xff, 0x00, 0xff, 0xff, 0xff, 0x00, 0xff,
0xff, 0xff, 0x00, 0xff, 0xff, 0xff, 0x00, 0xff, 0xff, 0xff, 0x00, 0x01, 0x01, 0x01, 0x00,
0x01, 0x01, 0x01, 0x00, 0x01, 0x01, 0x01, 0x00, 0x01, 0x01, 0x01, 0x00, 0x01, 0x01, 0x01,
0x00, 0x01, 0x01, 0x01, 0x00, 0x01, 0x01, 0x01, 0x00, 0x01, 0x01, 0x01, 0x00, 0x01, 0x01,
0x01, 0x00, 0x01, 0x01, 0x01, 0x00, 0x01, 0x01, 0x01, 0x00, 0x00, 0x00, 0x00, 0x00, 0x08,
0x1b, 0x67, 0x00, 0x24, 0x3c, 0xe2, 0x00, 0x26, 0x3b, 0xd8, 0x00, 0x26, 0x3c, 0xd8, 0x00,
0x26, 0x3c, 0xd8, 0x00, 0x26, 0x3c, 0xd9, 0x00, 0x27, 0x3e, 0xd9, 0x00, 0x1c, 0x31, 0xcd,
0x00, 0x20, 0x33, 0xd1, 0x00, 0x1c, 0x2d, 0xd0, 0x00, 0x1d, 0x3b, 0xd5, 0x00, 0x26, 0x3b,
0xdc, 0x00, 0x1d, 0x2d, 0xad, 0x00, 0x15, 0x22, 0xba, 0x00, 0x17, 0x25, 0xcc, 0x00, 0x23,
0x39, 0xd5, 0x00, 0x25, 0x3d, 0xd7, 0x00, 0x23, 0x36, 0xd2, 0x00, 0x1c, 0x2b, 0xcc, 0x00,
0x25, 0x3a, 0xd6, 0x00, 0x21, 0x2e, 0xc4, 0x00, 0x1c, 0x2b, 0xa1, 0x00, 0x1e, 0x32, 0xd4,
0x00, 0x1c, 0x33, 0xd5, 0x22, 0x21, 0x38, 0xca, 0x81, 0x25, 0x3a, 0xd0, 0xc2, 0x27, 0x3e,
0xda, 0xff, 0x28, 0x3d, 0xd9, 0xff, 0x27, 0x3d, 0xd9, 0xff, 0x27, 0x3d, 0xd9, 0xff, 0x27,
0x3d, 0xd9, 0xff, 0x27, 0x3d, 0xd9, 0xff, 0x27, 0x3d, 0xd9, 0xff, 0x27, 0x3d, 0xd9, 0xff,
0x27, 0x3d, 0xd9, 0xff, 0x27, 0x3d, 0xd9, 0xff, 0x27, 0x3d, 0xd9, 0xff, 0x27, 0x3d, 0xd9,
0xff, 0x27, 0x3d, 0xd9, 0xff, 0x27, 0x3d, 0xd9, 0xff, 0x27, 0x3d, 0xd9, 0xff, 0x27, 0x3d,
0xd9, 0xff, 0x27, 0x3d, 0xd9, 0xff, 0x27, 0x3d, 0xd9, 0xff, 0x27, 0x3d, 0xd9, 0xff, 0x27,
0x3d, 0xd9, 0xff, 0x27, 0x3d, 0xd9, 0xff, 0x27, 0x3d, 0xd9, 0xff, 0x27, 0x3d, 0xd9, 0xff,
0x27, 0x3d, 0xd9, 0xff, 0x27, 0x3d, 0xd9, 0xff, 0x27, 0x3d, 0xd9, 0xff, 0x27, 0x3d, 0xd9,
0xff, 0x27, 0x3d, 0xd9, 0xff, 0x27, 0x3d, 0xd9, 0xff, 0x27, 0x3d, 0xd9, 0xff, 0x27, 0x3d,
0xd9, 0xff, 0x27, 0x3d, 0xd9, 0xff, 0x27, 0x3d, 0xd9, 0xff, 0x27, 0x3d, 0xd9, 0xff, 0x27,
0x3d, 0xd9, 0xff, 0x28, 0x3e, 0xdc, 0xff, 0x26, 0x3c, 0xd9, 0xe8, 0x23, 0x37, 0xce, 0xa6,
0x25, 0x3a, 0xd2, 0x60, 0x1c, 0x2c, 0xa1, 0x0b, 0x1b, 0x2d, 0xa5, 0x00, 0x24, 0x39, 0xda,
0x00, 0x20, 0x35, 0xd1, 0x00, 0x25, 0x3c, 0xd6, 0x00, 0x25, 0x39, 0xd8, 0x00, 0x1a, 0x39,
0xd3, 0x00, 0x1e, 0x34, 0xbb, 0x00, 0x25, 0x3b, 0xd5, 0x00, 0x22, 0x37, 0xd5, 0x00, 0x1a,
0x2d, 0xc3, 0x00, 0x18, 0x32, 0xd4, 0x00, 0x1e, 0x32, 0xd1, 0x00, 0x1d, 0x2e, 0xbd, 0x00,
0x1a, 0x28, 0x9d, 0x00, 0x1d, 0x2f, 0xd0, 0x00, 0x1b, 0x2f, 0xd2, 0x00, 0x24, 0x3b, 0xd7,
0x00, 0x11, 0x23, 0xc2, 0x00, 0x18, 0x35, 0xd3, 0x00, 0x12, 0x28, 0xc8, 0x00, 0x00, 0x00,
0x84, 0x00, 0x01, 0x01, 0x7f, 0x00, 0x01, 0x01, 0x80, 0x00, 0x01, 0x01, 0x80, 0x00, 0x01,
0x01, 0x80, 0x00, 0x01, 0x01, 0x80, 0x00, 0x01, 0x01, 0x80, 0x00, 0x01, 0x01, 0x80, 0x00,
0x01, 0x01, 0x80, 0x00, 0x01, 0x01, 0x80, 0x00, 0x01, 0x01, 0x80, 0x00, 0x01, 0x01, 0x80,
0x00, 0x01, 0x01, 0x80, 0x00, 0x01, 0x01, 0x80, 0x00, 0x01, 0x01, 0x80, 0x00, 0xff, 0xff,
0xff, 0x00, 0xff, 0xff, 0xff, 0x00, 0xff, 0xff, 0xff, 0x00, 0xff, 0xff, 0xff, 0x00, 0xff,
0xff, 0xff, 0x00, 0xff, 0xff, 0xff, 0x00, 0xff, 0xff, 0xff, 0x00, 0xff, 0xff, 0xff, 0x00,
0xff, 0xff, 0xff, 0x00, 0xff, 0xff, 0xff, 0x00, 0xff, 0xff, 0xff, 0x00, 0xff, 0xff, 0xff,
0x00, 0xff, 0xff, 0xff, 0x00, 0xff, 0xff, 0xff, 0x00, 0xff, 0xff, 0xff, 0x00, 0x01, 0x01,
0x01, 0x00, 0x01, 0x01, 0x01, 0x00, 0x01, 0x01, 0x01, 0x00, 0x01, 0x01, 0x01, 0x00, 0x01,
0x01, 0x01, 0x00, 0x01, 0x01, 0x01, 0x00, 0x01, 0x01, 0x01, 0x00, 0x01, 0x01, 0x01, 0x00,
0x01, 0x01, 0x01, 0x00, 0x01, 0x01, 0x01, 0x00, 0x01, 0x01, 0x01, 0x00, 0x00, 0x00, 0x00,
0x00, 0x08, 0x1b, 0x67, 0x00, 0x24, 0x3c, 0xe2, 0x00, 0x26, 0x3b, 0xd8, 0x00, 0x26, 0x3c,
0xd8, 0x00, 0x26, 0x3c, 0xd8, 0x00, 0x26, 0x3c, 0xd9, 0x00, 0x27, 0x3e, 0xd9, 0x00, 0x1c,
0x31, 0xcd, 0x00, 0x20, 0x33, 0xd1, 0x00, 0x1c, 0x2d, 0xd0, 0x00, 0x1d, 0x3b, 0xd5, 0x00,
0x26, 0x3b, 0xdc, 0x00, 0x1d, 0x2d, 0xad, 0x00, 0x15, 0x22, 0xba, 0x00, 0x17, 0x25, 0xcc,
0x00, 0x23, 0x39, 0xd5, 0x00, 0x25, 0x3d, 0xd7, 0x00, 0x23, 0x36, 0xd2, 0x00, 0x1c, 0x2b,
0xcc, 0x00, 0x25, 0x3a, 0xd6, 0x00, 0x21, 0x2e, 0xc4, 0x00, 0x1c, 0x2c, 0xa3, 0x00, 0x1f,
0x33, 0xd4, 0x00, 0x1b, 0x33, 0xd9, 0x00, 0x19, 0x2f, 0xae, 0x00, 0x1c, 0x34, 0xc0, 0x00,
0x25, 0x3d, 0xd9, 0x37, 0x24, 0x3c, 0xd8, 0x96, 0x26, 0x3c, 0xd9, 0xd1, 0x27, 0x3d, 0xd9,
0xf4, 0x27, 0x3d, 0xd9, 0xff, 0x27, 0x3d, 0xd9, 0xff, 0x27, 0x3d, 0xd9, 0xff, 0x27, 0x3d,
0xd9, 0xff, 0x27, 0x3d, 0xd9, 0xff, 0x27, 0x3d, 0xd9, 0xff, 0x27, 0x3d, 0xd9, 0xff, 0x27,
0x3d, 0xd9, 0xff, 0x27, 0x3d, 0xd9, 0xff, 0x27, 0x3d, 0xd9, 0xff, 0x27, 0x3d, 0xd9, 0xff,
0x27, 0x3d, 0xd9, 0xff, 0x27, 0x3d, 0xd9, 0xff, 0x27, 0x3d, 0xd9, 0xff, 0x27, 0x3d, 0xd9,
0xff, 0x27, 0x3d, 0xd9, 0xff, 0x27, 0x3d, 0xd9, 0xff, 0x27, 0x3d, 0xd9, 0xff, 0x27, 0x3d,
0xd9, 0xff, 0x27, 0x3d, 0xd9, 0xff, 0x27, 0x3d, 0xd9, 0xff, 0x27, 0x3d, 0xd9, 0xff, 0x27,
0x3d, 0xd9, 0xff, 0x27, 0x3d, 0xd9, 0xff, 0x27, 0x3d, 0xd9, 0xff, 0x27, 0x3d, 0xd9, 0xff,
0x27, 0x3d, 0xd9, 0xff, 0x27, 0x3d, 0xd9, 0xff, 0x27, 0x3d, 0xd9, 0xff, 0x26, 0x3c, 0xd9,
0xe1, 0x27, 0x3c, 0xd6, 0xb8, 0x1e, 0x36, 0xbe, 0x68, 0x1c, 0x35, 0xd8, 0x17, 0x1a, 0x29,
0xb8, 0x00, 0x24, 0x3a, 0xcf, 0x00, 0x1b, 0x2b, 0x9d, 0x00, 0x1c, 0x2e, 0xa8, 0x00, 0x24,
0x39, 0xda, 0x00, 0x20, 0x35, 0xd1, 0x00, 0x25, 0x3c, 0xd6, 0x00, 0x25, 0x39, 0xd8, 0x00,
0x1a, 0x39, 0xd3, 0x00, 0x1e, 0x34, 0xbb, 0x00, 0x25, 0x3b, 0xd5, 0x00, 0x22, 0x37, 0xd5,
0x00, 0x1a, 0x2d, 0xc3, 0x00, 0x18, 0x32, 0xd4, 0x00, 0x1e, 0x32, 0xd1, 0x00, 0x1d, 0x2e,
0xbd, 0x00, 0x1a, 0x28, 0x9d, 0x00, 0x1d, 0x2f, 0xd0, 0x00, 0x1b, 0x2f, 0xd2, 0x00, 0x24,
0x3b, 0xd7, 0x00, 0x11, 0x23, 0xc2, 0x00, 0x18, 0x35, 0xd3, 0x00, 0x12, 0x28, 0xc8, 0x00,
0x00, 0x00, 0x84, 0x00, 0x01, 0x01, 0x7f, 0x00, 0x01, 0x01, 0x80, 0x00, 0x01, 0x01, 0x80,
0x00, 0x01, 0x01, 0x80, 0x00, 0x01, 0x01, 0x80, 0x00, 0x01, 0x01, 0x80, 0x00, 0x01, 0x01,
0x80, 0x00, 0x01, 0x01, 0x80, 0x00, 0x01, 0x01, 0x80, 0x00, 0x01, 0x01, 0x80, 0x00, 0x01,
0x01, 0x80, 0x00, 0x01, 0x01, 0x80, 0x00, 0x01, 0x01, 0x80, 0x00, 0x01, 0x01, 0x80, 0x00,
0xff, 0xff, 0xff, 0x00, 0xff, 0xff, 0xff, 0x00, 0xff, 0xff, 0xff, 0x00, 0xff, 0xff, 0xff,
0x00, 0xff, 0xff, 0xff, 0x00, 0xff, 0xff, 0xff, 0x00, 0xff, 0xff, 0xff, 0x00, 0xff, 0xff,
0xff, 0x00, 0xff, 0xff, 0xff, 0x00, 0xff, 0xff, 0xff, 0x00, 0xff, 0xff, 0xff, 0x00, 0xff,
0xff, 0xff, 0x00, 0xff, 0xff, 0xff, 0x00, 0xff, 0xff, 0xff, 0x00, 0xff, 0xff, 0xff, 0x00,
0x01, 0x01, 0x01, 0x00, 0x01, 0x01, 0x01, 0x00, 0x01, 0x01, 0x01, 0x00, 0x01, 0x01, 0x01,
0x00, 0x01, 0x01, 0x01, 0x00, 0x01, 0x01, 0x01, 0x00, 0x01, 0x01, 0x01, 0x00, 0x01, 0x01,
0x01, 0x00, 0x01, 0x01, 0x01, 0x00, 0x01, 0x01, 0x01, 0x00, 0x01, 0x01, 0x01, 0x00, 0x00,
0x00, 0x00, 0x00, 0x08, 0x1b, 0x67, 0x00, 0x24, 0x3c, 0xe2, 0x00, 0x26, 0x3b, 0xd8, 0x00,
0x26, 0x3c, 0xd8, 0x00, 0x26, 0x3c, 0xd8, 0x00, 0x26, 0x3c, 0xd9, 0x00, 0x27, 0x3e, 0xd9,
0x00, 0x1c, 0x31, 0xcd, 0x00, 0x20, 0x33, 0xd1, 0x00, 0x1c, 0x2d, 0xd0, 0x00, 0x1d, 0x3b,
0xd5, 0x00, 0x26, 0x3b, 0xdc, 0x00, 0x1d, 0x2d, 0xad, 0x00, 0x15, 0x22, 0xba, 0x00, 0x17,
0x25, 0xcc, 0x00, 0x23, 0x39, 0xd5, 0x00, 0x25, 0x3d, 0xd7, 0x00, 0x23, 0x36, 0xd2, 0x00,
0x1c, 0x2b, 0xcc, 0x00, 0x25, 0x3a, 0xd6, 0x00, 0x21, 0x2e, 0xc4, 0x00, 0x1c, 0x2c, 0xa3,
0x00, 0x1f, 0x33, 0xd4, 0x00, 0x1b, 0x33, 0xd9, 0x00, 0x1a, 0x30, 0xb0, 0x00, 0x1c, 0x34,
0xc1, 0x00, 0x25, 0x3c, 0xd9, 0x00, 0x1d, 0x3a, 0xd6, 0x00, 0x22, 0x3b, 0xd6, 0x02, 0x25,
0x3b, 0xd5, 0x21, 0x26, 0x3b, 0xd8, 0x5f, 0x26, 0x3c, 0xd9, 0xa9, 0x27, 0x3d, 0xd9, 0xd0,
0x27, 0x3d, 0xd9, 0xe8, 0x27, 0x3d, 0xd9, 0xff, 0x27, 0x3d, 0xd9, 0xff, 0x27, 0x3d, 0xd9,
0xff, 0x27, 0x3e, 0xdc, 0xff, 0x27, 0x3d, 0xd9, 0xff, 0x27, 0x3d, 0xd9, 0xff, 0x27, 0x3d,
0xd9, 0xff, 0x27, 0x3d, 0xd9, 0xff, 0x27, 0x3d, 0xd9, 0xff, 0x27, 0x3d, 0xd9, 0xff, 0x27,
0x3d, 0xd9, 0xff, 0x27, 0x3d, 0xd9, 0xff, 0x27, 0x3d, 0xd9, 0xff, 0x27, 0x3d, 0xd9, 0xff,
0x27, 0x3d, 0xd9, 0xff, 0x27, 0x3d, 0xd9, 0xff, 0x27, 0x3d, 0xd9, 0xff, 0x27, 0x3d, 0xd9,
0xff, 0x27, 0x3d, 0xd9, 0xff, 0x27, 0x3d, 0xd9, 0xff, 0x27, 0x3d, 0xd9, 0xf1, 0x27, 0x3d,
0xd9, 0xda, 0x26, 0x3c, 0xd8, 0xbf, 0x26, 0x3d, 0xd9, 0x80, 0x27, 0x3c, 0xd8, 0x37, 0x1e,
0x38, 0xd8, 0x0c, 0x23, 0x39, 0xd1, 0x00, 0x16, 0x2d, 0xa0, 0x00, 0x1b, 0x35, 0xd9, 0x00,
0x1b, 0x2a, 0xba, 0x00, 0x24, 0x3a, 0xcf, 0x00, 0x1b, 0x2b, 0x9e, 0x00, 0x1c, 0x2e, 0xa8,
0x00, 0x24, 0x39, 0xda, 0x00, 0x20, 0x35, 0xd1, 0x00, 0x25, 0x3c, 0xd6, 0x00, 0x25, 0x39,
0xd8, 0x00, 0x1a, 0x39, 0xd3, 0x00, 0x1e, 0x34, 0xbb, 0x00, 0x25, 0x3b, 0xd5, 0x00, 0x22,
0x37, 0xd5, 0x00, 0x1a, 0x2d, 0xc3, 0x00, 0x18, 0x32, 0xd4, 0x00, 0x1e, 0x32, 0xd1, 0x00,
0x1d, 0x2e, 0xbd, 0x00, 0x1a, 0x28, 0x9d, 0x00, 0x1d, 0x2f, 0xd0, 0x00, 0x1b, 0x2f, 0xd2,
0x00, 0x24, 0x3b, 0xd7, 0x00, 0x11, 0x23, 0xc2, 0x00, 0x18, 0x35, 0xd3, 0x00, 0x12, 0x28,
0xc8, 0x00, 0x00, 0x00, 0x84, 0x00, 0x01, 0x01, 0x7f, 0x00, 0x01, 0x01, 0x80, 0x00, 0x01,
0x01, 0x80, 0x00, 0x01, 0x01, 0x80, 0x00, 0x01, 0x01, 0x80, 0x00, 0x01, 0x01, 0x80, 0x00,
0x01, 0x01, 0x80, 0x00, 0x01, 0x01, 0x80, 0x00, 0x01, 0x01, 0x80, 0x00, 0x01, 0x01, 0x80,
0x00, 0x01, 0x01, 0x80, 0x00, 0x01, 0x01, 0x80, 0x00, 0x01, 0x01, 0x80, 0x00, 0x01, 0x01,
0x80, 0x00, 0xff, 0xff, 0xff, 0x00, 0xff, 0xff, 0xff, 0x00, 0xff, 0xff, 0xff, 0x00, 0xff,
0xff, 0xff, 0x00, 0xff, 0xff, 0xff, 0x00, 0xff, 0xff, 0xff, 0x00, 0xff, 0xff, 0xff, 0x00,
0xff, 0xff, 0xff, 0x00, 0xff, 0xff, 0xff, 0x00, 0xff, 0xff, 0xff, 0x00, 0xff, 0xff, 0xff,
0x00, 0xff, 0xff, 0xff, 0x00, 0xff, 0xff, 0xff, 0x00, 0xff, 0xff, 0xff, 0x00, 0xff, 0xff,
0xff, 0x00, 0x01, 0x01, 0x01, 0x00, 0x01, 0x01, 0x01, 0x00, 0x01, 0x01, 0x01, 0x00, 0x01,
0x01, 0x01, 0x00, 0x01, 0x01, 0x01, 0x00, 0x01, 0x01, 0x01, 0x00, 0x01, 0x01, 0x01, 0x00,
0x01, 0x01, 0x01, 0x00, 0x01, 0x01, 0x01, 0x00, 0x01, 0x01, 0x01, 0x00, 0x01, 0x01, 0x01,
0x00, 0x00, 0x00, 0x00, 0x00, 0x08, 0x1b, 0x67, 0x00, 0x24, 0x3c, 0xe2, 0x00, 0x26, 0x3b,
0xd8, 0x00, 0x26, 0x3c, 0xd8, 0x00, 0x26, 0x3c, 0xd8, 0x00, 0x26, 0x3c, 0xd9, 0x00, 0x27,
0x3e, 0xd9, 0x00, 0x1c, 0x31, 0xcd, 0x00, 0x20, 0x33, 0xd1, 0x00, 0x1c, 0x2d, 0xd0, 0x00,
0x1d, 0x3b, 0xd5, 0x00, 0x26, 0x3b, 0xdc, 0x00, 0x1d, 0x2d, 0xad, 0x00, 0x15, 0x22, 0xba,
0x00, 0x17, 0x25, 0xcc, 0x00, 0x23, 0x39, 0xd5, 0x00, 0x25, 0x3d, 0xd7, 0x00, 0x23, 0x36,
0xd2, 0x00, 0x1c, 0x2b, 0xcc, 0x00, 0x25, 0x3a, 0xd6, 0x00, 0x21, 0x2e, 0xc4, 0x00, 0x1c,
0x2c, 0xa3, 0x00, 0x1f, 0x33, 0xd4, 0x00, 0x1b, 0x33, 0xd9, 0x00, 0x1a, 0x30, 0xb0, 0x00,
0x1c, 0x34, 0xc1, 0x00, 0x25, 0x3c, 0xd9, 0x00, 0x1d, 0x3a, 0xd6, 0x00, 0x22, 0x3b, 0xd6,
0x00, 0x25, 0x3b, 0xd4, 0x00, 0x26, 0x3a, 0xd7, 0x00, 0x25, 0x3b, 0xd8, 0x00, 0x26, 0x3c,
0xd8, 0x02, 0x26, 0x3d, 0xd8, 0x10, 0x26, 0x39, 0xd4, 0x33, 0x26, 0x3b, 0xd6, 0x63, 0x27,
0x3d, 0xda, 0x8e, 0x24, 0x39, 0xcb, 0xb5, 0x26, 0x3c, 0xd7, 0xd1, 0x27, 0x3d, 0xd9, 0xe7,
0x27, 0x3d, 0xd9, 0xed, 0x27, 0x3d, 0xd9, 0xed, 0x27, 0x3d, 0xd9, 0xed, 0x27, 0x3d, 0xd9,
0xed, 0x27, 0x3d, 0xd9, 0xed, 0x27, 0x3d, 0xd9, 0xed, 0x27, 0x3d, 0xd9, 0xed, 0x27, 0x3d,
0xd9, 0xed, 0x27, 0x3d, 0xd9, 0xea, 0x27, 0x3d, 0xd9, 0xd6, 0x26, 0x3c, 0xd8, 0xbe, 0x24,
0x3c, 0xd8, 0x9a, 0x23, 0x3c, 0xd7, 0x6f, 0x26, 0x3c, 0xd8, 0x42, 0x26, 0x3c, 0xd5, 0x1a,
0x27, 0x3a, 0xd5, 0x07, 0x23, 0x39, 0xd6, 0x00, 0x24, 0x3c, 0xd8, 0x00, 0x27, 0x3c, 0xd8,
0x00, 0x1e, 0x38, 0xd8, 0x00, 0x23, 0x39, 0xd1, 0x00, 0x17, 0x2e, 0xa3, 0x00, 0x1b, 0x35,
0xd9, 0x00, 0x1b, 0x2a, 0xba, 0x00, 0x24, 0x3a, 0xcf, 0x00, 0x1b, 0x2b, 0x9e, 0x00, 0x1c,
0x2e, 0xa8, 0x00, 0x24, 0x39, 0xda, 0x00, 0x20, 0x35, 0xd1, 0x00, 0x25, 0x3c, 0xd6, 0x00,
0x25, 0x39, 0xd8, 0x00, 0x1a, 0x39, 0xd3, 0x00, 0x1e, 0x34, 0xbb, 0x00, 0x25, 0x3b, 0xd5,
0x00, 0x22, 0x37, 0xd5, 0x00, 0x1a, 0x2d, 0xc3, 0x00, 0x18, 0x32, 0xd4, 0x00, 0x1e, 0x32,
0xd1, 0x00, 0x1d, 0x2e, 0xbd, 0x00, 0x1a, 0x28, 0x9d, 0x00, 0x1d, 0x2f, 0xd0, 0x00, 0x1b,
0x2f, 0xd2, 0x00, 0x24, 0x3b, 0xd7, 0x00, 0x11, 0x23, 0xc2, 0x00, 0x18, 0x35, 0xd3, 0x00,
0x12, 0x28, 0xc8, 0x00, 0x00, 0x00, 0x84, 0x00, 0x01, 0x01, 0x7f, 0x00, 0x01, 0x01, 0x80,
0x00, 0x01, 0x01, 0x80, 0x00, 0x01, 0x01, 0x80, 0x00, 0x01, 0x01, 0x80, 0x00, 0x01, 0x01,
0x80, 0x00, 0x01, 0x01, 0x80, 0x00, 0x01, 0x01, 0x80, 0x00, 0x01, 0x01, 0x80, 0x00, 0x01,
0x01, 0x80, 0x00, 0x01, 0x01, 0x80, 0x00, 0x01, 0x01, 0x80, 0x00, 0x01, 0x01, 0x80, 0x00,
0x01, 0x01, 0x80, 0x00, 0xff, 0xff, 0xff, 0x00, 0xff, 0xff, 0xff, 0x00, 0xff, 0xff, 0xff,
0x00, 0xff, 0xff, 0xff, 0x00, 0xff, 0xff, 0xff, 0x00, 0xff, 0xff, 0xff, 0x00, 0xff, 0xff,
0xff, 0x00, 0xff, 0xff, 0xff, 0x00, 0xff, 0xff, 0xff, 0x00, 0xff, 0xff, 0xff, 0x00, 0xff,
0xff, 0xff, 0x00, 0xff, 0xff, 0xff, 0x00, 0xff, 0xff, 0xff, 0x00, 0xff, 0xff, 0xff, 0x00,
0xff, 0xff, 0xff, 0x00, 0xff, 0xff, 0xff, 0x00, 0xff, 0xff, 0xff, 0x00, 0xff, 0xff, 0xff,
0x00, 0xff, 0xff, 0xff, 0x00, 0xff, 0xff, 0xff, 0x00, 0xff, 0xff, 0xff, 0x00, 0xff, 0xff,
0xff, 0x00, 0xff, 0xff, 0xff, 0x00, 0xff, 0xff, 0xff, 0x00, 0xff, 0xff, 0xff, 0x00, 0xff,
0xff, 0xff, 0x00, 0xff, 0xff, 0xff, 0x00, 0xff, 0xff, 0xff, 0x00, 0xff, 0xff, 0xff, 0x00,
0xff, 0xff, 0xff, 0x00, 0xff, 0xff, 0xff, 0x00, 0xff, 0xff, 0xff, 0x00, 0xff, 0xff, 0xff,
0x00, 0xff, 0xff, 0xff, 0x00, 0xff, 0xff, 0xff, 0x00, 0xff, 0xff, 0xff, 0x00, 0xff, 0xff,
0xff, 0x00, 0xff, 0xff, 0xff, 0x00, 0xff, 0xff, 0xff, 0x00, 0xff, 0xff, 0xff, 0x00, 0xff,
0xff, 0xff, 0x00, 0xff, 0xff, 0xff, 0x00, 0xff, 0xff, 0xff, 0x00, 0xff, 0xff, 0xff, 0x00,
0xff, 0xff, 0xff, 0x00, 0xff, 0xff, 0xff, 0x00, 0xff, 0xff, 0xff, 0x00, 0xff, 0xff, 0xff,
0x00, 0xff, 0xff, 0xff, 0x00, 0xff, 0xff, 0xff, 0x00, 0xff, 0xff, 0xff, 0x00, 0xff, 0xff,
0xff, 0x00, 0xff, 0xff, 0xff, 0x00, 0xff, 0xff, 0xff, 0x00, 0xff, 0xff, 0xff, 0x00, 0xff,
0xff, 0xff, 0x00, 0xff, 0xff, 0xff, 0x00, 0xff, 0xff, 0xff, 0x00, 0xff, 0xff, 0xff, 0x00,
0xff, 0xff, 0xff, 0x00, 0xff, 0xff, 0xff, 0x00, 0xff, 0xff, 0xff, 0x00, 0xff, 0xff, 0xff,
0x00, 0xff, 0xff, 0xff, 0x00, 0xff, 0xff, 0xff, 0x00, 0xff, 0xff, 0xff, 0x00, 0xff, 0xff,
0xff, 0x00, 0xff, 0xff, 0xff, 0x00, 0xff, 0xff, 0xff, 0x00, 0xff, 0xff, 0xff, 0x00, 0xff,
0xff, 0xff, 0x00, 0xff, 0xff, 0xff, 0x00, 0xff, 0xff, 0xff, 0x00, 0xff, 0xff, 0xff, 0x00,
0xff, 0xff, 0xff, 0x00, 0xff, 0xff, 0xff, 0x00, 0xff, 0xff, 0xff, 0x00, 0xff, 0xff, 0xff,
0x00, 0xff, 0xff, 0xff, 0x00, 0xff, 0xff, 0xff, 0x00, 0xff, 0xff, 0xff, 0x00, 0xff, 0xff,
0xff, 0x00, 0xff, 0xff, 0xff, 0x00, 0xff, 0xff, 0xff, 0x00, 0xff, 0xff, 0xff, 0x00, 0xff,
0xff, 0xff, 0x00, 0xff, 0xff, 0xff, 0x00, 0xff, 0xff, 0xff, 0x00, 0xff, 0xff, 0xff, 0x00,
0xff, 0xff, 0xff, 0x00, 0xff, 0xff, 0xff, 0x00, 0xff, 0xff, 0xff, 0x00, 0xff, 0xff, 0xff,
0x00, 0xff, 0xff, 0xff, 0x00, 0xff, 0xff, 0xff, 0x00, 0xff, 0xff, 0xff, 0x00, 0xff, 0xff,
0xff, 0x00, 0xff, 0xff, 0xff, 0x00, 0xff, 0xff, 0xff, 0x00, 0xff, 0xff, 0xff, 0x00, 0xff,
0xff, 0xff, 0x00, 0xff, 0xff, 0xff, 0x00, 0xff, 0xff, 0xff, 0x00, 0xff, 0xff, 0xff, 0x00,
0xff, 0xff, 0xff, 0x00, 0xff, 0xff, 0xff, 0x00, 0xff, 0xff, 0xff, 0x00, 0xff, 0xff, 0xff,
0x00, 0xff, 0xff, 0xff, 0x00, 0xff, 0xff, 0xff, 0x00, 0xff, 0xff, 0xff, 0x00, 0xff, 0xff,
0xff, 0x00, 0xff, 0xff, 0xff, 0x00, 0xff, 0xff, 0xff, 0x00, 0xff, 0xff, 0xff, 0x00, 0xff,
0xff, 0xff, 0x00, 0xff, 0xff, 0xff, 0x00, 0xff, 0xff, 0xff, 0x00, 0xff, 0xff, 0xff, 0x00,
0xff, 0xff, 0xff, 0x00, 0xff, 0xff, 0xff, 0x00, 0xff, 0xff, 0xff, 0x00, 0xff, 0xff, 0xff,
0x00, 0xff, 0xff, 0xff, 0x00, 0xff, 0xff, 0xff, 0x00, 0xff, 0xff, 0xff, 0x00, 0xff, 0xff,
0xff, 0x00, 0xff, 0xff, 0xff, 0x00, 0xff, 0xff, 0xff, 0x00, 0xff, 0xff, 0xff, 0x00, 0xff,
0xff, 0xff, 0x00, 0xff, 0xff, 0xff, 0x00, 0xff, 0xff, 0xff, 0x00, 0xff, 0xff, 0xff, 0x00,
0xff, 0xff, 0xff, 0x00, 0xff, 0xff, 0xff, 0x00, 0xff, 0xff, 0xff, 0x00, 0xff, 0xff, 0xff,
0x00, 0xff, 0xff, 0xff, 0x00, 0xff, 0xff, 0xff, 0x00, 0xff, 0xff, 0xff, 0x00, 0xff, 0xff,
0xff, 0x00, 0xff, 0xff, 0xff, 0x00, 0xff, 0xff, 0xff, 0x00, 0xff, 0xff, 0xff, 0x00, 0xff,
0xff, 0xff, 0x00, 0xff, 0xff, 0xff, 0x00, 0xff, 0xff, 0xff, 0x00, 0xff, 0xff, 0xff, 0x00,
0xff, 0xff, 0xff, 0x00, 0xff, 0xff, 0xff, 0x00, 0xff, 0xff, 0xff, 0x00, 0xff, 0xff, 0xff,
0x00, 0xff, 0xff, 0xff, 0x00, 0xff, 0xff, 0xff, 0x00, 0xff, 0xff, 0xff, 0x00, 0xff, 0xff,
0xff, 0x00, 0xff, 0xff, 0xff, 0x00, 0xff, 0xff, 0xff, 0x00, 0xff, 0xff, 0xff, 0x00, 0xff,
0xff, 0xff, 0x00, 0xff, 0xff, 0xff, 0x00, 0xff, 0xff, 0xff, 0x00, 0xff, 0xff, 0xff, 0x00,
0xff, 0xff, 0xff, 0x00, 0xff, 0xff, 0xff, 0x00, 0xff, 0xff, 0xff, 0x00, 0xff, 0xff, 0xff,
0x00, 0xff, 0xff, 0xff, 0x00, 0xff, 0xff, 0xff, 0x00, 0xff, 0xff, 0xff, 0x00, 0xff, 0xff,
0xff, 0x00, 0xff, 0xff, 0xff, 0x00, 0xff, 0xff, 0xff, 0x00, 0xff, 0xff, 0xff, 0x00, 0xff,
0xff, 0xff, 0x00, 0xff, 0xff, 0xff, 0x00, 0xff, 0xff, 0xff, 0x00, 0xff, 0xff, 0xff, 0x00,
0xff, 0xff, 0xff, 0x00, 0xff, 0xff, 0xff, 0x00, 0xff, 0xff, 0xff, 0x00, 0xff, 0xff, 0xff,
0x00, 0xff, 0xff, 0xff, 0x00, 0xff, 0xff, 0xff, 0x00, 0xff, 0xff, 0xff, 0x00, 0xff, 0xff,
0xff, 0x00, 0xff, 0xff, 0xff, 0x00, 0xff, 0xff, 0xff, 0x00, 0xff, 0xff, 0xff, 0x00, 0xff,
0xff, 0xff, 0x00, 0xff, 0xff, 0xff, 0x00, 0xff, 0xff, 0xff, 0x00, 0xff, 0xff, 0xff, 0x00,
0xff, 0xff, 0xff, 0x00, 0xff, 0xff, 0xff, 0x00, 0xff, 0xff, 0xff, 0x00, 0xff, 0xff, 0xff,
0x00, 0xff, 0xff, 0xff, 0x00, 0xff, 0xff, 0xff, 0x00, 0xff, 0xff, 0xff, 0x00, 0xff, 0xff,
0xff, 0x00, 0xff, 0xff, 0xff, 0x00, 0xff, 0xff, 0xff, 0x00, 0xff, 0xff, 0xff, 0x00, 0xff,
0xff, 0xff, 0x00, 0xff, 0xff, 0xff, 0x00, 0xff, 0xff, 0xff, 0x00, 0xff, 0xff, 0xff, 0x00,
0xff, 0xff, 0xff, 0x00, 0xff, 0xff, 0xff, 0x00, 0xff, 0xff, 0xff, 0x00, 0xff, 0xff, 0xff,
0x00, 0xff, 0xff, 0xff, 0x00, 0xff, 0xff, 0xff, 0x00, 0xff, 0xff, 0xff, 0x00, 0xff, 0xff,
0xff, 0x00, 0xff, 0xff, 0xff, 0x00, 0xff, 0xff, 0xff, 0x00, 0xff, 0xff, 0xff, 0x00, 0xff,
0xff, 0xff, 0x00, 0xff, 0xff, 0xff, 0x00, 0xff, 0xff, 0xff, 0x00, 0xff, 0xff, 0xff, 0x00,
0xff, 0xff, 0xff, 0x00, 0xff, 0xff, 0xff, 0x00, 0xff, 0xff, 0xff, 0x00, 0xff, 0xff, 0xff,
0x00, 0xff, 0xff, 0xff, 0x00, 0xff, 0xff, 0xff, 0x00, 0xff, 0xff, 0xff, 0x00, 0xff, 0xff,
0xff, 0x00, 0xff, 0xff, 0xff, 0x00, 0xff, 0xff, 0xff, 0x00, 0xff, 0xff, 0xff, 0x00, 0xff,
0xff, 0xff, 0x00, 0xff, 0xff, 0xff, 0x00, 0xff, 0xff, 0xff, 0x00, 0xff, 0xff, 0xff, 0x00,
0xff, 0xff, 0xff, 0x00, 0xff, 0xff, 0xff, 0x00, 0xff, 0xff, 0xff, 0x00, 0xff, 0xff, 0xff,
0x00, 0xff, 0xff, 0xff, 0x00, 0xff, 0xff, 0xff, 0x00, 0xff, 0xff, 0xff, 0x00, 0xff, 0xff,
0xff, 0x00, 0xff, 0xff, 0xff, 0x00, 0xff, 0xff, 0xff, 0x00, 0xff, 0xff, 0xff, 0x00, 0xff,
0xff, 0xff, 0x00, 0xff, 0xff, 0xff, 0x00, 0xff, 0xff, 0xff, 0x00, 0xff, 0xff, 0xff, 0x00,
0xff, 0xff, 0xff, 0x00, 0xff, 0xff, 0xff, 0x00, 0xff, 0xff, 0xff, 0x00, 0xff, 0xff, 0xff,
0x00, 0xff, 0xff, 0xff, 0x00, 0xff, 0xff, 0xff, 0x00, 0xff, 0xff, 0xff, 0x00, 0xff, 0xff,
0xff, 0x00, 0xff, 0xff, 0xff, 0x00, 0xff, 0xff, 0xff, 0x00, 0xff, 0xff, 0xff, 0x00, 0xff,
0xff, 0xff, 0x00, 0xff, 0xff, 0xff, 0x00, 0xff, 0xff, 0xff, 0x00, 0xff, 0xff, 0xff, 0x00,
0xff, 0xff, 0xff, 0x00, 0xff, 0xff, 0xff, 0x00, 0xff, 0xff, 0xff, 0x00, 0xff, 0xff, 0xff,
0x00, 0xff, 0xff, 0xff, 0x00, 0xff, 0xff, 0xff, 0x00, 0xff, 0xff, 0xff, 0x00, 0xff, 0xff,
0xff, 0x00, 0xff, 0xff, 0xff, 0x00, 0xff, 0xff, 0xff, 0x00, 0xff, 0xff, 0xff, 0x00, 0xff,
0xff, 0xff, 0x00, 0xff, 0xff, 0xff, 0x00, 0xff, 0xff, 0xff, 0x00, 0xff, 0xff, 0xff, 0x00,
0xff, 0xff, 0xff, 0x00, 0xff, 0xff, 0xff, 0x00, 0xff, 0xff, 0xff, 0x00, 0xff, 0xff, 0xff,
0x00, 0xff, 0xff, 0xff, 0x00, 0xff, 0xff, 0xff, 0x00, 0xff, 0xff, 0xff, 0x00, 0xff, 0xff,
0xff, 0x00, 0xff, 0xff, 0xff, 0x00, 0xff, 0xff, 0xff, 0x00, 0xff, 0xff, 0xff, 0x00, 0xff,
0xff, 0xff, 0x00, 0xff, 0xff, 0xff, 0x00, 0xff, 0xff, 0xff, 0x00, 0xff, 0xff, 0xff, 0x00,
0xff, 0xff, 0xff, 0x00, 0xff, 0xff, 0xff, 0x00, 0xff, 0xff, 0xff, 0x00, 0xff, 0xff, 0xff,
0x00, 0xff, 0xff, 0xff, 0x00, 0xff, 0xff, 0xff, 0x00, 0xff, 0xff, 0xff, 0x00, 0xff, 0xff,
0xff, 0x00, 0xff, 0xff, 0xff, 0x00, 0xff, 0xff, 0xff, 0x00, 0xff, 0xff, 0xff, 0x00, 0xff,
0xff, 0xff, 0x00, 0xff, 0xff, 0xff, 0x00, 0xff, 0xff, 0xff, 0x00, 0xff, 0xff, 0xff, 0x00,
0xff, 0xff, 0xff, 0x00, 0xff, 0xff, 0xff, 0x00, 0xff, 0xff, 0xff, 0x00, 0xff, 0xff, 0xff,
0x00, 0xff, 0xff, 0xff, 0x00, 0xff, 0xff, 0xff, 0x00, 0xff, 0xff, 0xff, 0x00, 0xff, 0xff,
0xff, 0x00, 0xff, 0xff, 0xff, 0x00, 0xff, 0xff, 0xff, 0x00, 0xff, 0xff, 0xff, 0x00, 0xff,
0xff, 0xff, 0x00, 0xff, 0xff, 0xff, 0x00, 0xff, 0xff, 0xff, 0x00, 0xff, 0xff, 0xff, 0x00,
0xff, 0xff, 0xff, 0x00, 0xff, 0xff, 0xff, 0x00, 0xff, 0xff, 0xff, 0x00, 0xff, 0xff, 0xff,
0x00, 0xff, 0xff, 0xff, 0x00, 0xff, 0xff, 0xff, 0x00, 0xff, 0xff, 0xff, 0x00, 0xff, 0xff,
0xff, 0x00, 0xff, 0xff, 0xff, 0x00, 0xff, 0xff, 0xff, 0x00, 0xff, 0xff, 0xff, 0x00, 0xff,
0xff, 0xff, 0x00, 0xff, 0xff, 0xff, 0x00, 0xff, 0xff, 0xff, 0x00, 0xff, 0xff, 0xff, 0x00,
0xff, 0xff, 0xff, 0x00, 0xff, 0xff, 0xff, 0x00, 0xff, 0xff, 0xff, 0x00, 0xff, 0xff, 0xff,
0x00, 0xff, 0xff, 0xff, 0x00, 0xff, 0xff, 0xff, 0x00, 0xff, 0xff, 0xff, 0x00, 0xff, 0xff,
0xff, 0x00, 0xff, 0xff, 0xff, 0x00, 0xff, 0xff, 0xff, 0x00, 0xff, 0xff, 0xff, 0x00, 0xff,
0xff, 0xff, 0x00, 0xff, 0xff, 0xff, 0x00, 0xff, 0xff, 0xff, 0x00, 0xff, 0xff, 0xff, 0x00,
0xff, 0xff, 0xff, 0x00, 0xff, 0xff, 0xff, 0x00, 0xff, 0xff, 0xff, 0x00, 0xff, 0xff, 0xff,
0x00, 0xff, 0xff, 0xff, 0x00, 0xff, 0xff, 0xff, 0x00, 0xff, 0xff, 0xff, 0x00, 0xff, 0xff,
0xff, 0x00, 0xff, 0xff, 0xff, 0x00, 0xff, 0xff, 0xff, 0x00, 0xff, 0xff, 0xff, 0x00, 0xff,
0xff, 0xff, 0x00, 0xff, 0xff, 0xff, 0x00, 0xff, 0xff, 0xff, 0x00, 0xff, 0xff, 0xff, 0x00,
0xff, 0xff, 0xff, 0x00, 0xff, 0xff, 0xff, 0x00, 0xff, 0xff, 0xff, 0x00, 0xff, 0xff, 0xff,
0x00, 0xff, 0xff, 0xff, 0x00, 0xff, 0xff, 0xff, 0x00, 0xff, 0xff, 0xff, 0x00, 0xff, 0xff,
0xff, 0x00, 0xff, 0xff, 0xff, 0x00, 0xff, 0xff, 0xff, 0x00, 0xff, 0xff, 0xff, 0x00, 0xff,
0xff, 0xff, 0x00, 0xff, 0xff, 0xff, 0x00, 0xff, 0xff, 0xff, 0x00, 0xff, 0xff, 0xff, 0x00,
0xff, 0xff, 0xff, 0x00, 0xff, 0xff, 0xff, 0x00, 0xff, 0xff, 0xff, 0x00, 0xff, 0xff, 0xff,
0x00, 0xff, 0xff, 0xff, 0x00, 0xff, 0xff, 0xff, 0x00, 0xff, 0xff, 0xff, 0x00, 0xff, 0xff,
0xff, 0x00, 0xff, 0xff, 0xff, 0x00, 0xff, 0xff, 0xff, 0x00, 0xff, 0xff, 0xff, 0x00, 0xff,
0xff, 0xff, 0x00, 0xff, 0xff, 0xff, 0x00, 0xff, 0xff, 0xff, 0x00, 0xff, 0xff, 0xff, 0x00,
0xff, 0xff, 0xff, 0x00, 0xff, 0xff, 0xff, 0x00, 0xff, 0xff, 0xff, 0x00, 0xff, 0xff, 0xff,
0x00, 0xff, 0xff, 0xff, 0x00, 0xff, 0xff, 0xff, 0x00, 0xff, 0xff, 0xff, 0x00, 0xff, 0xff,
0xff, 0x00, 0xff, 0xff, 0xff, 0x00, 0xff, 0xff, 0xff, 0x00, 0xff, 0xff, 0xff, 0x00, 0xff,
0xff, 0xff, 0x00, 0xff, 0xff, 0xff, 0x00, 0xff, 0xff, 0xff, 0x00, 0xff, 0xff, 0xff, 0x00,
0xff, 0xff, 0xff, 0x00, 0xff, 0xff, 0xff, 0x00, 0xff, 0xff, 0xff, 0x00, 0xff, 0xff, 0xff,
0x00, 0xff, 0xff, 0xff, 0x00, 0xff, 0xff, 0xff, 0x00, 0xff, 0xff, 0xff, 0x00, 0xff, 0xff,
0xff, 0x00, 0xff, 0xff, 0xff, 0x00, 0xff, 0xff, 0xff, 0x00, 0xff, 0xff, 0xff, 0x00, 0xff,
0xff, 0xff, 0x00, 0xff, 0xff, 0xff, 0x00, 0xff, 0xff, 0xff, 0x00, 0xff, 0xff, 0xff, 0x00,
0xff, 0xff, 0xff, 0x00, 0xff, 0xff, 0xff, 0x00, 0xff, 0xff, 0xff, 0x00, 0xff, 0xff, 0xff,
0x00, 0xff, 0xff, 0xff, 0x00, 0xff, 0xff, 0xff, 0x00, 0xff, 0xff, 0xff, 0x00, 0xff, 0xff,
0xff, 0x00, 0xff, 0xff, 0xff, 0x00, 0xff, 0xff, 0xff, 0x00, 0xff, 0xff, 0xff, 0x00, 0xff,
0xff, 0xff, 0x00, 0xff, 0xff, 0xff, 0x00, 0xff, 0xff, 0xff, 0x00, 0xff, 0xff, 0xff, 0x00,
0xff, 0xff, 0xff, 0x00, 0xff, 0xff, 0xff, 0x00, 0xff, 0xff, 0xff, 0x00, 0xff, 0xff, 0xff,
0x00, 0xff, 0xff, 0xff, 0x00, 0xff, 0xff, 0xff, 0x00, 0xff, 0xff, 0xff, 0x00, 0xff, 0xff,
0xff, 0x00, 0xff, 0xff, 0xff, 0x00, 0xff, 0xff, 0xff, 0x00, 0xff, 0xff, 0xff, 0x00, 0xff,
0xff, 0xff, 0x00, 0xff, 0xff, 0xff, 0x00, 0xff, 0xff, 0xff, 0x00, 0xff, 0xff, 0xff, 0x00,
0xff, 0xff, 0xff, 0x00, 0xff, 0xff, 0xff, 0x00, 0xff, 0xff, 0xff, 0x00, 0xff, 0xff, 0xff,
0x00, 0xff, 0xff, 0xff, 0x00, 0xff, 0xff, 0xff, 0x00, 0xff, 0xff, 0xff, 0x00, 0xff, 0xff,
0xff, 0x00, 0xff, 0xff, 0xff, 0x00, 0xff, 0xff, 0xff, 0x00, 0xff, 0xff, 0xff, 0x00, 0xff,
0xff, 0xff, 0x00, 0xff, 0xff, 0xff, 0x00, 0xff, 0xff, 0xff, 0x00, 0xff, 0xff, 0xff, 0x00,
0xff, 0xff, 0xff, 0x00, 0xff, 0xff, 0xff, 0x00, 0xff, 0xff, 0xff, 0x00, 0xff, 0xff, 0xff,
0x00, 0xff, 0xff, 0xff, 0x00, 0xff, 0xff, 0xff, 0x00, 0xff, 0xff, 0xff, 0x00, 0xff, 0xff,
0xff, 0x00, 0xff, 0xff, 0xff, 0x00, 0xff, 0xff, 0xff, 0x00, 0xff, 0xff, 0xff, 0x00, 0xff,
0xff, 0xff, 0x00, 0xff, 0xff, 0xff, 0x00, 0xff, 0xff, 0xff, 0x00, 0xff, 0xff, 0xff, 0x00,
0xff, 0xff, 0xff, 0x00, 0xff, 0xff, 0xff, 0x00, 0xff, 0xff, 0xff, 0x00, 0xff, 0xff, 0xff,
0x00, 0xff, 0xff, 0xff, 0x00, 0xff, 0xff, 0xff, 0x00, 0xff, 0xff, 0xff, 0x00, 0xff, 0xff,
0xff, 0x00, 0xff, 0xff, 0xff, 0x00, 0xff, 0xff, 0xff, 0x00, 0xff, 0xff, 0xff, 0x00, 0xff,
0xff, 0xff, 0x00, 0xff, 0xff, 0xff, 0x00, 0xff, 0xff, 0xff, 0x00, 0xff, 0xff, 0xff, 0x00,
0xff, 0xff, 0xff, 0x00, 0xff, 0xff, 0xff, 0x00, 0xff, 0xff, 0xff, 0x00, 0xff, 0xff, 0xff,
0x00, 0xff, 0xff, 0xff, 0x00, 0xff, 0xff, 0xff, 0x00, 0xff, 0xff, 0xff, 0x00, 0xff, 0xff,
0xff, 0x00, 0xff, 0xff, 0xff, 0x00, 0xff, 0xff, 0xff, 0x00, 0xff, 0xff, 0xff, 0x00, 0xff,
0xff, 0xff, 0x00, 0xff, 0xff, 0xff, 0x00, 0xff, 0xff, 0xff, 0x00, 0xff, 0xff, 0xff, 0x00,
0xff, 0xff, 0xff, 0x00, 0xff, 0xff, 0xff, 0x00, 0xff, 0xff, 0xff, 0x00, 0xff, 0xff, 0xff,
0x00, 0xff, 0xff, 0xff, 0x00, 0xff, 0xff, 0xff, 0x00, 0xff, 0xff, 0xff, 0x00, 0xff, 0xff,
0xff, 0x00, 0xff, 0xff, 0xff, 0x00, 0xff, 0xff, 0xff, 0x00, 0xff, 0xff, 0xff, 0x00, 0xff,
0xff, 0xff, 0x00, 0xff, 0xff, 0xff, 0x00, 0xff, 0xff, 0xff, 0x00, 0xff, 0xff, 0xff, 0x00,
0xff, 0xff, 0xff, 0x00, 0xff, 0xff, 0xff, 0x00, 0xff, 0xff, 0xff, 0x00, 0xff, 0xff, 0xff,
0x00, 0xff, 0xff, 0xff, 0x00, 0xff, 0xff, 0xff, 0x00, 0xff, 0xff, 0xff, 0x00, 0xff, 0xff,
0xff, 0x00, 0xff, 0xff, 0xff, 0x00, 0xff, 0xff, 0xff, 0x00, 0xff, 0xff, 0xff, 0x00, 0xff,
0xff, 0xff, 0x00, 0xff, 0xff, 0xff, 0x00, 0xff, 0xff, 0xff, 0x00, 0xff, 0xff, 0xff, 0x00,
0xff, 0xff, 0xff, 0x00, 0xff, 0xff, 0xff, 0x00, 0xff, 0xff, 0xff, 0x00, 0xff, 0xff, 0xff,
0x00, 0xff, 0xff, 0xff, 0x00, 0xff, 0xff, 0xff, 0x00, 0xff, 0xff, 0xff, 0x00, 0xff, 0xff,
0xff, 0x00, 0xff, 0xff, 0xff, 0x00, 0xff, 0xff, 0xff, 0x00, 0xff, 0xff, 0xff, 0x00, 0xff,
0xff, 0xff, 0x00, 0xff, 0xff, 0xff, 0x00, 0xff, 0xff, 0xff, 0x00, 0xff, 0xff, 0xff, 0x00,
0xff, 0xff, 0xff, 0x00, 0xff, 0xff, 0xff, 0x00, 0xff, 0xff, 0xff, 0x00, 0xff, 0xff, 0xff,
0x00, 0xff, 0xff, 0xff, 0x00, 0xff, 0xff, 0xff, 0x00, 0xff, 0xff, 0xff, 0x00, 0xff, 0xff,
0xff, 0x00, 0xff, 0xff, 0xff, 0x00, 0xff, 0xff, 0xff, 0x00, 0xff, 0xff, 0xff, 0x00, 0xff,
0xff, 0xff, 0x00, 0xff, 0xff, 0xff, 0x00, 0xff, 0xff, 0xff, 0x00, 0xff, 0xff, 0xff, 0x00,
0xff, 0xff, 0xff, 0x00, 0xff, 0xff, 0xff, 0x00, 0xff, 0xff, 0xff, 0x00, 0xff, 0xff, 0xff,
0x00, 0xff, 0xff, 0xff, 0x00, 0xff, 0xff, 0xff, 0x00, 0xff, 0xff, 0xff, 0x00, 0xff, 0xff,
0xff, 0x00, 0xff, 0xff, 0xff, 0x00, 0xff, 0xff, 0xff, 0x00, 0xff, 0xff, 0xff, 0x00, 0xff,
0xff, 0xff, 0x00, 0xff, 0xff, 0xff, 0x00, 0xff, 0xff, 0xff, 0x00, 0xff, 0xff, 0xff, 0x00,
0xff, 0xff, 0xff, 0x00, 0xff, 0xff, 0xff, 0x00, 0xff, 0xff, 0xff, 0x00, 0xff, 0xff, 0xff,
0x00, 0xff, 0xff, 0xff, 0x00, 0xff, 0xff, 0xff, 0x00, 0xff, 0xff, 0xff, 0x00, 0xff, 0xff,
0xff, 0x00, 0xff, 0xff, 0xff, 0x00, 0xff, 0xff, 0xff, 0x00, 0xff, 0xff, 0xff, 0x00, 0xff,
0xff, 0xff, 0x00, 0xff, 0xff, 0xff, 0x00, 0xff, 0xff, 0xff, 0x00, 0xff, 0xff, 0xff, 0x00,
0xff, 0xff, 0xff, 0x00, 0xff, 0xff, 0xff, 0x00, 0xff, 0xff, 0xff, 0x00, 0xff, 0xff, 0xff,
0x00, 0xff, 0xff, 0xff, 0x00, 0xff, 0xff, 0xff, 0x00, 0xff, 0xff, 0xff, 0x00, 0xff, 0xff,
0xff, 0x00, 0xff, 0xff, 0xff, 0x00, 0xff, 0xff, 0xff, 0x00, 0xff, 0xff, 0xff, 0x00, 0xff,
0xff, 0xff, 0x00, 0xff, 0xff, 0xff, 0x00, 0xff, 0xff, 0xff, 0x00, 0xff, 0xff, 0xff, 0x00,
0xff, 0xff, 0xff, 0x00, 0xff, 0xff, 0xff, 0x00, 0xff, 0xff, 0xff, 0x00, 0xff, 0xff, 0xff,
0x00, 0xff, 0xff, 0xff, 0x00, 0xff, 0xff, 0xff, 0x00, 0xff, 0xff, 0xff, 0x00, 0xff, 0xff,
0xff, 0x00, 0xff, 0xff, 0xff, 0x00, 0xff, 0xff, 0xff, 0x00, 0xff, 0xff, 0xff, 0x00, 0xff,
0xff, 0xff, 0x00, 0xff, 0xff, 0xff, 0x00, 0xff, 0xff, 0xff, 0x00, 0xff, 0xff, 0xff, 0x00,
0xff, 0xff, 0xff, 0x00, 0xff, 0xff, 0xff, 0x00, 0xff, 0xff, 0xff, 0x00, 0xff, 0xff, 0xff,
0x00, 0xff, 0xff, 0xff, 0x00, 0xff, 0xff, 0xff, 0x00, 0xff, 0xff, 0xff, 0x00, 0xff, 0xff,
0xff, 0x00, 0xff, 0xff, 0xff, 0x00, 0xff, 0xff, 0xff, 0x00, 0xff, 0xff, 0xff, 0x00, 0xff,
0xff, 0xff, 0x00, 0xff, 0xff, 0xff, 0x00, 0xff, 0xff, 0xff, 0x00, 0xff, 0xff, 0xff, 0x00,
0xff, 0xff, 0xff, 0x00, 0xff, 0xff, 0xff, 0x00, 0xff, 0xff, 0xff, 0x00, 0xff, 0xff, 0xff,
0x00, 0xff, 0xff, 0xff, 0x00, 0xff, 0xff, 0xff, 0x00, 0xff, 0xff, 0xff, 0x00, 0xff, 0xff,
0xff, 0x00, 0xff, 0xff, 0xff, 0x00, 0xff, 0xff, 0xff, 0x00, 0xff, 0xff, 0xff, 0x00, 0xff,
0xff, 0xff, 0x00, 0xff, 0xff, 0xff, 0x00, 0xff, 0xff, 0xff, 0x00, 0xff, 0xff, 0xff, 0x00,
0xff, 0xff, 0xff, 0x00, 0xff, 0xff, 0xff, 0x00, 0xff, 0xff, 0xff, 0x00, 0xff, 0xff, 0xff,
0x00, 0xff, 0xff, 0xff, 0x00, 0xff, 0xff, 0xff, 0x00, 0xff, 0xff, 0xff, 0x00, 0xff, 0xff,
0xff, 0x00, 0xff, 0xff, 0xff, 0x00, 0xff, 0xff, 0xff, 0x00, 0xff, 0xff, 0xff, 0x00, 0xff,
0xff, 0xff, 0x00, 0xff, 0xff, 0xff, 0x00, 0xff, 0xff, 0xff, 0x00, 0xff, 0xff, 0xff, 0x00,
0xff, 0xff, 0xff, 0x00, 0xff, 0xff, 0xff, 0x00, 0xff, 0xff, 0xff, 0x00, 0xff, 0xff, 0xff,
0x00, 0xff, 0xff, 0xff, 0x00, 0xff, 0xff, 0xff, 0x00, 0xff, 0xff, 0xff, 0x00, 0xff, 0xff,
0xff, 0x00, 0xff, 0xff, 0xff, 0x00, 0xff, 0xff, 0xff, 0x00, 0xff, 0xff, 0xff, 0x00, 0xff,
0xff, 0xff, 0x00, 0xff, 0xff, 0xff, 0x00, 0xff, 0xff, 0xff, 0x00, 0xff, 0xff, 0xff, 0x00,
0xff, 0xff, 0xff, 0x00, 0xff, 0xff, 0xff, 0x00, 0xff, 0xff, 0xff, 0x00, 0xff, 0xff, 0xff,
0x00, 0xff, 0xff, 0xff, 0x00, 0xff, 0xff, 0xff, 0x00, 0xff, 0xff, 0xff, 0x00, 0xff, 0xff,
0xff, 0x00, 0xff, 0xff, 0xff, 0x00, 0xff, 0xff, 0xff, 0x00, 0xff, 0xff, 0xff, 0x00, 0xff,
0xff, 0xff, 0x00, 0xff, 0xff, 0xff, 0x00, 0xff, 0xff, 0xff, 0x00, 0xff, 0xff, 0xff, 0x00,
0xff, 0xff, 0xff, 0x00, 0xff, 0xff, 0xff, 0x00, 0xff, 0xff, 0xff, 0x00, 0xff, 0xff, 0xff,
0x00, 0xff, 0xff, 0xff, 0x00, 0xff, 0xff, 0xff, 0x00, 0xff, 0xff, 0xff, 0x00, 0xff, 0xff,
0xff, 0x00, 0xff, 0xff, 0xff, 0x00, 0xff, 0xff, 0xff, 0x00, 0xff, 0xff, 0xff, 0x00, 0xff,
0xff, 0xff, 0x00, 0xff, 0xff, 0xff, 0x00, 0xff, 0xff, 0xff, 0x00, 0xff, 0xff, 0xff, 0x00,
0xff, 0xff, 0xff, 0x00, 0xff, 0xff, 0xff, 0x00, 0xff, 0xff, 0xff, 0x00, 0xff, 0xff, 0xff,
0x00, 0xff, 0xff, 0xff, 0x00, 0xff, 0xff, 0xff, 0x00, 0xff, 0xff, 0xff, 0x00, 0xff, 0xff,
0xff, 0x00, 0xff, 0xff, 0xff, 0x00, 0xff, 0xff, 0xff, 0x00, 0xff, 0xff, 0xff, 0x00, 0xff,
0xff, 0xff, 0x00, 0xff, 0xff, 0xff, 0x00, 0xff, 0xff, 0xff, 0x00, 0xff, 0xff, 0xff, 0x00,
0xff, 0xff, 0xff, 0x00, 0xff, 0xff, 0xff, 0x00, 0xff, 0xff, 0xff, 0x00, 0xff, 0xff, 0xff,
0x00, 0xff, 0xff, 0xff, 0x00, 0xff, 0xff, 0xff, 0x00, 0xff, 0xff, 0xff, 0x00, 0xff, 0xff,
0xff, 0x00, 0xff, 0xff, 0xff, 0x00, 0xff, 0xff, 0xff, 0x00, 0xff, 0xff, 0xff, 0x00, 0xff,
0xff, 0xff, 0x00, 0xff, 0xff, 0xff, 0x00, 0xff, 0xff, 0xff, 0x00, 0xff, 0xff, 0xff, 0x00,
0xff, 0xff, 0xff, 0x00, 0xff, 0xff, 0xff, 0x00, 0xff, 0xff, 0xff, 0x00, 0xff, 0xff, 0xff,
0x00, 0xff, 0xff, 0xff, 0x00, 0xff, 0xff, 0xff, 0x00, 0xff, 0xff, 0xff, 0x00, 0xff, 0xff,
0xff, 0x00, 0xff, 0xff, 0xff, 0x00, 0xff, 0xff, 0xff, 0x00, 0xff, 0xff, 0xff, 0x00, 0xff,
0xff, 0xff, 0x00, 0xff, 0xff, 0xff, 0x00, 0xff, 0xff, 0xff, 0x00, 0xff, 0xff, 0xff, 0x00,
0xff, 0xff, 0xff, 0x00, 0xff, 0xff, 0xff, 0x00, 0xff, 0xff, 0xff, 0x00, 0xff, 0xff, 0xff,
0x00, 0xff, 0xff, 0xff, 0x00, 0xff, 0xff, 0xff, 0x00, 0xff, 0xff, 0xff, 0x00, 0xff, 0xff,
0xff, 0x00, 0xff, 0xff, 0xff, 0x00, 0xff, 0xff, 0xff, 0x00, 0xff, 0xff, 0xff, 0x00, 0xff,
0xff, 0xff, 0x00, 0xff, 0xff, 0xff, 0x00, 0xff, 0xff, 0xff, 0x00, 0xff, 0xff, 0xff, 0x00,
0xff, 0xff, 0xff, 0x00, 0xff, 0xff, 0xff, 0x00, 0xff, 0xff, 0xff, 0x00, 0xff, 0xff, 0xff,
0x00, 0xff, 0xff, 0xff, 0x00, 0xff, 0xff, 0xff, 0x00, 0xff, 0xff, 0xff, 0x00, 0xff, 0xff,
0xff, 0x00, 0xff, 0xff, 0xff, 0x00, 0xff, 0xff, 0xff, 0x00, 0xff, 0xff, 0xff, 0x00, 0xff,
0xff, 0xff, 0x00, 0xff, 0xff, 0xff, 0x00, 0xff, 0xff, 0xff, 0x00, 0xff, 0xff, 0xff, 0x00,
0xff, 0xff, 0xff, 0x00, 0xff, 0xff, 0xff, 0x00, 0xff, 0xff, 0xff, 0x00, 0xff, 0xff, 0xff,
0x00, 0xff, 0xff, 0xff, 0x00, 0xff, 0xff, 0xff, 0x00, 0xff, 0xff, 0xff, 0x00, 0xff, 0xff,
0xff, 0x00, 0xff, 0xff, 0xff, 0x00, 0xff, 0xff, 0xff, 0x00, 0xff, 0xff, 0xff, 0x00, 0xff,
0xff, 0xff, 0x00, 0xff, 0xff, 0xff, 0x00, 0xff, 0xff, 0xff, 0x00, 0xff, 0xff, 0xff, 0x00,
0xff, 0xff, 0xff, 0x00, 0xff, 0xff, 0xff, 0x00, 0xff, 0xff, 0xff, 0x00, 0xff, 0xff, 0xff,
0x00, 0xff, 0xff, 0xff, 0x00, 0xff, 0xff, 0xff, 0x00, 0xff, 0xff, 0xff, 0x00, 0xff, 0xff,
0xff, 0x00, 0xff, 0xff, 0xff, 0x00, 0xff, 0xff, 0xff, 0x00, 0xff, 0xff, 0xff, 0x00, 0xff,
0xff, 0xff, 0x00, 0xff, 0xff, 0xff, 0x00, 0xff, 0xff, 0xff, 0x00, 0xff, 0xff, 0xff, 0x00,
0xff, 0xff, 0xff, 0x00, 0xff, 0xff, 0xff, 0x00, 0xff, 0xff, 0xff, 0x00, 0xff, 0xff, 0xff,
0x00, 0xff, 0xff, 0xff, 0x00, 0xff, 0xff, 0xff, 0x00, 0xff, 0xff, 0xff, 0x00, 0xff, 0xff,
0xff, 0x00, 0xff, 0xff, 0xff, 0x00, 0xff, 0xff, 0xff, 0x00, 0xff, 0xff, 0xff, 0x00, 0xff,
0xff, 0xff, 0x00, 0xff, 0xff, 0xff, 0x00, 0xff, 0xff, 0xff, 0x00, 0xff, 0xff, 0xff, 0x00,
0xff, 0xff, 0xff, 0x00, 0xff, 0xff, 0xff, 0x00, 0xff, 0xff, 0xff, 0x00, 0xff, 0xff, 0xff,
0x00, 0xff, 0xff, 0xff, 0x00, 0xff, 0xff, 0xff, 0x00, 0xff, 0xff, 0xff, 0x00, 0xff, 0xff,
0xff, 0x00, 0xff, 0xff, 0xff, 0x00, 0xff, 0xff, 0xff, 0x00, 0xff, 0xff, 0xff, 0x00, 0xff,
0xff, 0xff, 0x00, 0xff, 0xff, 0xff, 0x00, 0xff, 0xff, 0xff, 0x00, 0xff, 0xff, 0xff, 0x00,
0xff, 0xff, 0xff, 0x00, 0xff, 0xff, 0xff, 0x00, 0xff, 0xff, 0xff, 0x00, 0xff, 0xff, 0xff,
0x00, 0xff, 0xff, 0xff, 0x00, 0xff, 0xff, 0xff, 0x00, 0xff, 0xff, 0xff, 0x00, 0xff, 0xff,
0xff, 0x00, 0xff, 0xff, 0xff, 0x00, 0xff, 0xff, 0xff, 0x00, 0xff, 0xff, 0xff, 0x00, 0xff,
0xff, 0xff, 0x00, 0xff, 0xff, 0xff, 0x00, 0xff, 0xff, 0xff, 0x00, 0xff, 0xff, 0xff, 0x00,
0xff, 0xff, 0xff, 0x00, 0xff, 0xff, 0xff, 0x00, 0xff, 0xff, 0xff, 0x00, 0xff, 0xff, 0xff,
0x00, 0xff, 0xff, 0xff, 0x00, 0xff, 0xff, 0xff, 0x00, 0xff, 0xff, 0xff, 0x00, 0xff, 0xff,
0xff, 0x00, 0xff, 0xff, 0xff, 0x00, 0xff, 0xff, 0xff, 0x00, 0xff, 0xff, 0xff, 0x00, 0xff,
0xff, 0xff, 0x00, 0xff, 0xff, 0xff, 0x00, 0xff, 0xff, 0xff, 0x00, 0xff, 0xff, 0xff, 0x00,
0xff, 0xff, 0xff, 0x00, 0xff, 0xff, 0xff, 0x00, 0xff, 0xff, 0xff, 0x00, 0xff, 0xff, 0xff,
0x00
};

const int b_12_argb8888_length = 65536;

#endif    // B_12_ARGB8888__
