//*****************************************************************************
//
//! @file b_16_argb8888.h
//
//*****************************************************************************

//*****************************************************************************
//
// ${copyright}
//
// This is part of revision ${version} of the AmbiqSuite Development Package.
//
//*****************************************************************************

#ifndef B_16_ARGB8888__
#define B_16_ARGB8888__


const unsigned char b_16_argb8888[] = {
0xff, 0xff, 0xff, 0x00, 0xff, 0xff, 0xff, 0x00, 0xff, 0xff, 0xff, 0x00, 0xff, 0xff, 0xff,
0x00, 0xff, 0xff, 0xff, 0x00, 0xff, 0xff, 0xff, 0x00, 0xff, 0xff, 0xff, 0x00, 0xff, 0xff,
0xff, 0x00, 0xff, 0xff, 0xff, 0x00, 0xff, 0xff, 0xff, 0x00, 0xff, 0xff, 0xff, 0x00, 0xff,
0xff, 0xff, 0x00, 0xff, 0xff, 0xff, 0x00, 0xff, 0xff, 0xff, 0x00, 0xff, 0xff, 0xff, 0x00,
0xff, 0xff, 0xff, 0x00, 0xff, 0xff, 0xff, 0x00, 0xff, 0xff, 0xff, 0x00, 0xff, 0xff, 0xff,
0x00, 0xff, 0xff, 0xff, 0x00, 0xff, 0xff, 0xff, 0x00, 0xff, 0xff, 0xff, 0x00, 0xff, 0xff,
0xff, 0x00, 0xff, 0xff, 0xff, 0x00, 0xff, 0xff, 0xff, 0x00, 0xff, 0xff, 0xff, 0x00, 0xff,
0xff, 0xff, 0x00, 0xff, 0xff, 0xff, 0x00, 0xff, 0xff, 0xff, 0x00, 0xff, 0xff, 0xff, 0x00,
0xff, 0xff, 0xff, 0x00, 0xff, 0xff, 0xff, 0x00, 0xff, 0xff, 0xff, 0x00, 0xff, 0xff, 0xff,
0x00, 0xff, 0xff, 0xff, 0x00, 0xff, 0xff, 0xff, 0x00, 0xff, 0xff, 0xff, 0x00, 0xff, 0xff,
0xff, 0x00, 0xff, 0xff, 0xff, 0x00, 0xff, 0xff, 0xff, 0x00, 0xff, 0xff, 0xff, 0x00, 0xff,
0xff, 0xff, 0x00, 0xff, 0xff, 0xff, 0x00, 0xff, 0xff, 0xff, 0x00, 0xff, 0xff, 0xff, 0x00,
0xff, 0xff, 0xff, 0x00, 0xff, 0xff, 0xff, 0x00, 0xff, 0xff, 0xff, 0x00, 0xff, 0xff, 0xff,
0x00, 0xff, 0xff, 0xff, 0x00, 0xff, 0xff, 0xff, 0x00, 0xff, 0xff, 0xff, 0x00, 0xff, 0xff,
0xff, 0x00, 0xff, 0xff, 0xff, 0x00, 0xff, 0xff, 0xff, 0x00, 0xff, 0xff, 0xff, 0x00, 0xff,
0xff, 0xff, 0x00, 0xff, 0xff, 0xff, 0x00, 0xff, 0xff, 0xff, 0x00, 0xff, 0xff, 0xff, 0x00,
0xff, 0xff, 0xff, 0x00, 0xff, 0xff, 0xff, 0x00, 0xff, 0xff, 0xff, 0x00, 0xff, 0xff, 0xff,
0x00, 0xff, 0xff, 0xff, 0x00, 0xff, 0xff, 0xff, 0x00, 0xff, 0xff, 0xff, 0x00, 0xff, 0xff,
0xff, 0x00, 0xff, 0xff, 0xff, 0x00, 0xff, 0xff, 0xff, 0x00, 0xff, 0xff, 0xff, 0x00, 0xff,
0xff, 0xff, 0x00, 0xff, 0xff, 0xff, 0x00, 0xff, 0xff, 0xff, 0x00, 0xff, 0xff, 0xff, 0x00,
0xff, 0xff, 0xff, 0x00, 0xff, 0xff, 0xff, 0x00, 0xff, 0xff, 0xff, 0x00, 0xff, 0xff, 0xff,
0x00, 0xff, 0xff, 0xff, 0x00, 0xff, 0xff, 0xff, 0x00, 0xff, 0xff, 0xff, 0x00, 0xff, 0xff,
0xff, 0x00, 0xff, 0xff, 0xff, 0x00, 0xff, 0xff, 0xff, 0x00, 0xff, 0xff, 0xff, 0x00, 0xff,
0xff, 0xff, 0x00, 0xff, 0xff, 0xff, 0x00, 0xff, 0xff, 0xff, 0x00, 0xff, 0xff, 0xff, 0x00,
0xff, 0xff, 0xff, 0x00, 0xff, 0xff, 0xff, 0x00, 0xff, 0xff, 0xff, 0x00, 0xff, 0xff, 0xff,
0x00, 0xff, 0xff, 0xff, 0x00, 0xff, 0xff, 0xff, 0x00, 0xff, 0xff, 0xff, 0x00, 0xff, 0xff,
0xff, 0x00, 0xff, 0xff, 0xff, 0x00, 0xff, 0xff, 0xff, 0x00, 0xff, 0xff, 0xff, 0x00, 0xff,
0xff, 0xff, 0x00, 0xff, 0xff, 0xff, 0x00, 0xff, 0xff, 0xff, 0x00, 0xff, 0xff, 0xff, 0x00,
0xff, 0xff, 0xff, 0x00, 0xff, 0xff, 0xff, 0x00, 0xff, 0xff, 0xff, 0x00, 0xff, 0xff, 0xff,
0x00, 0xff, 0xff, 0xff, 0x00, 0xff, 0xff, 0xff, 0x00, 0xff, 0xff, 0xff, 0x00, 0xff, 0xff,
0xff, 0x00, 0xff, 0xff, 0xff, 0x00, 0xff, 0xff, 0xff, 0x00, 0xff, 0xff, 0xff, 0x00, 0xff,
0xff, 0xff, 0x00, 0xff, 0xff, 0xff, 0x00, 0xff, 0xff, 0xff, 0x00, 0xff, 0xff, 0xff, 0x00,
0xff, 0xff, 0xff, 0x00, 0xff, 0xff, 0xff, 0x00, 0xff, 0xff, 0xff, 0x00, 0xff, 0xff, 0xff,
0x00, 0xff, 0xff, 0xff, 0x00, 0xff, 0xff, 0xff, 0x00, 0xff, 0xff, 0xff, 0x00, 0xff, 0xff,
0xff, 0x00, 0xff, 0xff, 0xff, 0x00, 0xff, 0xff, 0xff, 0x00, 0xff, 0xff, 0xff, 0x00, 0xff,
0xff, 0xff, 0x00, 0xff, 0xff, 0xff, 0x00, 0xff, 0xff, 0xff, 0x00, 0xff, 0xff, 0xff, 0x00,
0xff, 0xff, 0xff, 0x00, 0xff, 0xff, 0xff, 0x00, 0xff, 0xff, 0xff, 0x00, 0xff, 0xff, 0xff,
0x00, 0xff, 0xff, 0xff, 0x00, 0xff, 0xff, 0xff, 0x00, 0xff, 0xff, 0xff, 0x00, 0xff, 0xff,
0xff, 0x00, 0xff, 0xff, 0xff, 0x00, 0xff, 0xff, 0xff, 0x00, 0xff, 0xff, 0xff, 0x00, 0xff,
0xff, 0xff, 0x00, 0xff, 0xff, 0xff, 0x00, 0xff, 0xff, 0xff, 0x00, 0xff, 0xff, 0xff, 0x00,
0xff, 0xff, 0xff, 0x00, 0xff, 0xff, 0xff, 0x00, 0xff, 0xff, 0xff, 0x00, 0xff, 0xff, 0xff,
0x00, 0xff, 0xff, 0xff, 0x00, 0xff, 0xff, 0xff, 0x00, 0xff, 0xff, 0xff, 0x00, 0xff, 0xff,
0xff, 0x00, 0xff, 0xff, 0xff, 0x00, 0xff, 0xff, 0xff, 0x00, 0xff, 0xff, 0xff, 0x00, 0xff,
0xff, 0xff, 0x00, 0xff, 0xff, 0xff, 0x00, 0xff, 0xff, 0xff, 0x00, 0xff, 0xff, 0xff, 0x00,
0xff, 0xff, 0xff, 0x00, 0xff, 0xff, 0xff, 0x00, 0xff, 0xff, 0xff, 0x00, 0xff, 0xff, 0xff,
0x00, 0xff, 0xff, 0xff, 0x00, 0xff, 0xff, 0xff, 0x00, 0xff, 0xff, 0xff, 0x00, 0xff, 0xff,
0xff, 0x00, 0xff, 0xff, 0xff, 0x00, 0xff, 0xff, 0xff, 0x00, 0xff, 0xff, 0xff, 0x00, 0xff,
0xff, 0xff, 0x00, 0xff, 0xff, 0xff, 0x00, 0xff, 0xff, 0xff, 0x00, 0xff, 0xff, 0xff, 0x00,
0xff, 0xff, 0xff, 0x00, 0xff, 0xff, 0xff, 0x00, 0xff, 0xff, 0xff, 0x00, 0xff, 0xff, 0xff,
0x00, 0xff, 0xff, 0xff, 0x00, 0xff, 0xff, 0xff, 0x00, 0xff, 0xff, 0xff, 0x00, 0xff, 0xff,
0xff, 0x00, 0xff, 0xff, 0xff, 0x00, 0xff, 0xff, 0xff, 0x00, 0xff, 0xff, 0xff, 0x00, 0xff,
0xff, 0xff, 0x00, 0xff, 0xff, 0xff, 0x00, 0xff, 0xff, 0xff, 0x00, 0xff, 0xff, 0xff, 0x00,
0xff, 0xff, 0xff, 0x00, 0xff, 0xff, 0xff, 0x00, 0xff, 0xff, 0xff, 0x00, 0xff, 0xff, 0xff,
0x00, 0xff, 0xff, 0xff, 0x00, 0xff, 0xff, 0xff, 0x00, 0xff, 0xff, 0xff, 0x00, 0xff, 0xff,
0xff, 0x00, 0xff, 0xff, 0xff, 0x00, 0xff, 0xff, 0xff, 0x00, 0xff, 0xff, 0xff, 0x00, 0xff,
0xff, 0xff, 0x00, 0xff, 0xff, 0xff, 0x00, 0xff, 0xff, 0xff, 0x00, 0xff, 0xff, 0xff, 0x00,
0xff, 0xff, 0xff, 0x00, 0xff, 0xff, 0xff, 0x00, 0xff, 0xff, 0xff, 0x00, 0xff, 0xff, 0xff,
0x00, 0xff, 0xff, 0xff, 0x00, 0xff, 0xff, 0xff, 0x00, 0xff, 0xff, 0xff, 0x00, 0xff, 0xff,
0xff, 0x00, 0xff, 0xff, 0xff, 0x00, 0xff, 0xff, 0xff, 0x00, 0xff, 0xff, 0xff, 0x00, 0xff,
0xff, 0xff, 0x00, 0xff, 0xff, 0xff, 0x00, 0xff, 0xff, 0xff, 0x00, 0xff, 0xff, 0xff, 0x00,
0xff, 0xff, 0xff, 0x00, 0xff, 0xff, 0xff, 0x00, 0xff, 0xff, 0xff, 0x00, 0xff, 0xff, 0xff,
0x00, 0xff, 0xff, 0xff, 0x00, 0xff, 0xff, 0xff, 0x00, 0xff, 0xff, 0xff, 0x00, 0xff, 0xff,
0xff, 0x00, 0xff, 0xff, 0xff, 0x00, 0xff, 0xff, 0xff, 0x00, 0xff, 0xff, 0xff, 0x00, 0xff,
0xff, 0xff, 0x00, 0xff, 0xff, 0xff, 0x00, 0xff, 0xff, 0xff, 0x00, 0xff, 0xff, 0xff, 0x00,
0xff, 0xff, 0xff, 0x00, 0xff, 0xff, 0xff, 0x00, 0xff, 0xff, 0xff, 0x00, 0xff, 0xff, 0xff,
0x00, 0xff, 0xff, 0xff, 0x00, 0xff, 0xff, 0xff, 0x00, 0xff, 0xff, 0xff, 0x00, 0xff, 0xff,
0xff, 0x00, 0xff, 0xff, 0xff, 0x00, 0xff, 0xff, 0xff, 0x00, 0xff, 0xff, 0xff, 0x00, 0xff,
0xff, 0xff, 0x00, 0xff, 0xff, 0xff, 0x00, 0xff, 0xff, 0xff, 0x00, 0xff, 0xff, 0xff, 0x00,
0xff, 0xff, 0xff, 0x00, 0xff, 0xff, 0xff, 0x00, 0xff, 0xff, 0xff, 0x00, 0xff, 0xff, 0xff,
0x00, 0xff, 0xff, 0xff, 0x00, 0xff, 0xff, 0xff, 0x00, 0xff, 0xff, 0xff, 0x00, 0xff, 0xff,
0xff, 0x00, 0xff, 0xff, 0xff, 0x00, 0xff, 0xff, 0xff, 0x00, 0xff, 0xff, 0xff, 0x00, 0xff,
0xff, 0xff, 0x00, 0xff, 0xff, 0xff, 0x00, 0xff, 0xff, 0xff, 0x00, 0xff, 0xff, 0xff, 0x00,
0xff, 0xff, 0xff, 0x00, 0xff, 0xff, 0xff, 0x00, 0xff, 0xff, 0xff, 0x00, 0xff, 0xff, 0xff,
0x00, 0xff, 0xff, 0xff, 0x00, 0xff, 0xff, 0xff, 0x00, 0xff, 0xff, 0xff, 0x00, 0xff, 0xff,
0xff, 0x00, 0xff, 0xff, 0xff, 0x00, 0xff, 0xff, 0xff, 0x00, 0xff, 0xff, 0xff, 0x00, 0xff,
0xff, 0xff, 0x00, 0xff, 0xff, 0xff, 0x00, 0xff, 0xff, 0xff, 0x00, 0xff, 0xff, 0xff, 0x00,
0xff, 0xff, 0xff, 0x00, 0xff, 0xff, 0xff, 0x00, 0xff, 0xff, 0xff, 0x00, 0xff, 0xff, 0xff,
0x00, 0xff, 0xff, 0xff, 0x00, 0xff, 0xff, 0xff, 0x00, 0xff, 0xff, 0xff, 0x00, 0xff, 0xff,
0xff, 0x00, 0xff, 0xff, 0xff, 0x00, 0xff, 0xff, 0xff, 0x00, 0xff, 0xff, 0xff, 0x00, 0xff,
0xff, 0xff, 0x00, 0xff, 0xff, 0xff, 0x00, 0xff, 0xff, 0xff, 0x00, 0xff, 0xff, 0xff, 0x00,
0xff, 0xff, 0xff, 0x00, 0xff, 0xff, 0xff, 0x00, 0xff, 0xff, 0xff, 0x00, 0xff, 0xff, 0xff,
0x00, 0xff, 0xff, 0xff, 0x00, 0xff, 0xff, 0xff, 0x00, 0xff, 0xff, 0xff, 0x00, 0xff, 0xff,
0xff, 0x00, 0xff, 0xff, 0xff, 0x00, 0xff, 0xff, 0xff, 0x00, 0xff, 0xff, 0xff, 0x00, 0xff,
0xff, 0xff, 0x00, 0xff, 0xff, 0xff, 0x00, 0xff, 0xff, 0xff, 0x00, 0xff, 0xff, 0xff, 0x00,
0xff, 0xff, 0xff, 0x00, 0xff, 0xff, 0xff, 0x00, 0xff, 0xff, 0xff, 0x00, 0xff, 0xff, 0xff,
0x00, 0xff, 0xff, 0xff, 0x00, 0xff, 0xff, 0xff, 0x00, 0xff, 0xff, 0xff, 0x00, 0xff, 0xff,
0xff, 0x00, 0xff, 0xff, 0xff, 0x00, 0xff, 0xff, 0xff, 0x00, 0xff, 0xff, 0xff, 0x00, 0xff,
0xff, 0xff, 0x00, 0xff, 0xff, 0xff, 0x00, 0xff, 0xff, 0xff, 0x00, 0xff, 0xff, 0xff, 0x00,
0xff, 0xff, 0xff, 0x00, 0xff, 0xff, 0xff, 0x00, 0xff, 0xff, 0xff, 0x00, 0xff, 0xff, 0xff,
0x00, 0xff, 0xff, 0xff, 0x00, 0xff, 0xff, 0xff, 0x00, 0xff, 0xff, 0xff, 0x00, 0xff, 0xff,
0xff, 0x00, 0xff, 0xff, 0xff, 0x00, 0xff, 0xff, 0xff, 0x00, 0xff, 0xff, 0xff, 0x00, 0xff,
0xff, 0xff, 0x00, 0xff, 0xff, 0xff, 0x00, 0xff, 0xff, 0xff, 0x00, 0xff, 0xff, 0xff, 0x00,
0xff, 0xff, 0xff, 0x00, 0xff, 0xff, 0xff, 0x00, 0xff, 0xff, 0xff, 0x00, 0xff, 0xff, 0xff,
0x00, 0xff, 0xff, 0xff, 0x00, 0xff, 0xff, 0xff, 0x00, 0xff, 0xff, 0xff, 0x00, 0xff, 0xff,
0xff, 0x00, 0xff, 0xff, 0xff, 0x00, 0xff, 0xff, 0xff, 0x00, 0xff, 0xff, 0xff, 0x00, 0xff,
0xff, 0xff, 0x00, 0xff, 0xff, 0xff, 0x00, 0xff, 0xff, 0xff, 0x00, 0xff, 0xff, 0xff, 0x00,
0xff, 0xff, 0xff, 0x00, 0xff, 0xff, 0xff, 0x00, 0xff, 0xff, 0xff, 0x00, 0xff, 0xff, 0xff,
0x00, 0xff, 0xff, 0xff, 0x00, 0xff, 0xff, 0xff, 0x00, 0xff, 0xff, 0xff, 0x00, 0xff, 0xff,
0xff, 0x00, 0xff, 0xff, 0xff, 0x00, 0xff, 0xff, 0xff, 0x00, 0xff, 0xff, 0xff, 0x00, 0xff,
0xff, 0xff, 0x00, 0xff, 0xff, 0xff, 0x00, 0xff, 0xff, 0xff, 0x00, 0xff, 0xff, 0xff, 0x00,
0xff, 0xff, 0xff, 0x00, 0xff, 0xff, 0xff, 0x00, 0xff, 0xff, 0xff, 0x00, 0xff, 0xff, 0xff,
0x00, 0xff, 0xff, 0xff, 0x00, 0xff, 0xff, 0xff, 0x00, 0xff, 0xff, 0xff, 0x00, 0xff, 0xff,
0xff, 0x00, 0xff, 0xff, 0xff, 0x00, 0xff, 0xff, 0xff, 0x00, 0xff, 0xff, 0xff, 0x00, 0xff,
0xff, 0xff, 0x00, 0xff, 0xff, 0xff, 0x00, 0xff, 0xff, 0xff, 0x00, 0xff, 0xff, 0xff, 0x00,
0xff, 0xff, 0xff, 0x00, 0xff, 0xff, 0xff, 0x00, 0xff, 0xff, 0xff, 0x00, 0xff, 0xff, 0xff,
0x00, 0xff, 0xff, 0xff, 0x00, 0xff, 0xff, 0xff, 0x00, 0xff, 0xff, 0xff, 0x00, 0xff, 0xff,
0xff, 0x00, 0xff, 0xff, 0xff, 0x00, 0xff, 0xff, 0xff, 0x00, 0xff, 0xff, 0xff, 0x00, 0xff,
0xff, 0xff, 0x00, 0xff, 0xff, 0xff, 0x00, 0xff, 0xff, 0xff, 0x00, 0xff, 0xff, 0xff, 0x00,
0xff, 0xff, 0xff, 0x00, 0xff, 0xff, 0xff, 0x00, 0xff, 0xff, 0xff, 0x00, 0xff, 0xff, 0xff,
0x00, 0xff, 0xff, 0xff, 0x00, 0xff, 0xff, 0xff, 0x00, 0xff, 0xff, 0xff, 0x00, 0xff, 0xff,
0xff, 0x00, 0xff, 0xff, 0xff, 0x00, 0xff, 0xff, 0xff, 0x00, 0xff, 0xff, 0xff, 0x00, 0xff,
0xff, 0xff, 0x00, 0xff, 0xff, 0xff, 0x00, 0xff, 0xff, 0xff, 0x00, 0xff, 0xff, 0xff, 0x00,
0xff, 0xff, 0xff, 0x00, 0xff, 0xff, 0xff, 0x00, 0xff, 0xff, 0xff, 0x00, 0xff, 0xff, 0xff,
0x00, 0xff, 0xff, 0xff, 0x00, 0xff, 0xff, 0xff, 0x00, 0xff, 0xff, 0xff, 0x00, 0xff, 0xff,
0xff, 0x00, 0xff, 0xff, 0xff, 0x00, 0xff, 0xff, 0xff, 0x00, 0xff, 0xff, 0xff, 0x00, 0xff,
0xff, 0xff, 0x00, 0xff, 0xff, 0xff, 0x00, 0xff, 0xff, 0xff, 0x00, 0xff, 0xff, 0xff, 0x00,
0xff, 0xff, 0xff, 0x00, 0xff, 0xff, 0xff, 0x00, 0xff, 0xff, 0xff, 0x00, 0xff, 0xff, 0xff,
0x00, 0xff, 0xff, 0xff, 0x00, 0xff, 0xff, 0xff, 0x00, 0xff, 0xff, 0xff, 0x00, 0xff, 0xff,
0xff, 0x00, 0xff, 0xff, 0xff, 0x00, 0xff, 0xff, 0xff, 0x00, 0xff, 0xff, 0xff, 0x00, 0xff,
0xff, 0xff, 0x00, 0xff, 0xff, 0xff, 0x00, 0xff, 0xff, 0xff, 0x00, 0xff, 0xff, 0xff, 0x00,
0xff, 0xff, 0xff, 0x00, 0xff, 0xff, 0xff, 0x00, 0xff, 0xff, 0xff, 0x00, 0xff, 0xff, 0xff,
0x00, 0xff, 0xff, 0xff, 0x00, 0xff, 0xff, 0xff, 0x00, 0xff, 0xff, 0xff, 0x00, 0xff, 0xff,
0xff, 0x00, 0xff, 0xff, 0xff, 0x00, 0xff, 0xff, 0xff, 0x00, 0xff, 0xff, 0xff, 0x00, 0xff,
0xff, 0xff, 0x00, 0xff, 0xff, 0xff, 0x00, 0xff, 0xff, 0xff, 0x00, 0xff, 0xff, 0xff, 0x00,
0xff, 0xff, 0xff, 0x00, 0xff, 0xff, 0xff, 0x00, 0xff, 0xff, 0xff, 0x00, 0xff, 0xff, 0xff,
0x00, 0xff, 0xff, 0xff, 0x00, 0xff, 0xff, 0xff, 0x00, 0xff, 0xff, 0xff, 0x00, 0xff, 0xff,
0xff, 0x00, 0xff, 0xff, 0xff, 0x00, 0xff, 0xff, 0xff, 0x00, 0xff, 0xff, 0xff, 0x00, 0xff,
0xff, 0xff, 0x00, 0xff, 0xff, 0xff, 0x00, 0xff, 0xff, 0xff, 0x00, 0xff, 0xff, 0xff, 0x00,
0xff, 0xff, 0xff, 0x00, 0xff, 0xff, 0xff, 0x00, 0xff, 0xff, 0xff, 0x00, 0xff, 0xff, 0xff,
0x00, 0xff, 0xff, 0xff, 0x00, 0xff, 0xff, 0xff, 0x00, 0xff, 0xff, 0xff, 0x00, 0xff, 0xff,
0xff, 0x00, 0xff, 0xff, 0xff, 0x00, 0xff, 0xff, 0xff, 0x00, 0xff, 0xff, 0xff, 0x00, 0xff,
0xff, 0xff, 0x00, 0xff, 0xff, 0xff, 0x00, 0xff, 0xff, 0xff, 0x00, 0xff, 0xff, 0xff, 0x00,
0xff, 0xff, 0xff, 0x00, 0xff, 0xff, 0xff, 0x00, 0xff, 0xff, 0xff, 0x00, 0xff, 0xff, 0xff,
0x00, 0xff, 0xff, 0xff, 0x00, 0xff, 0xff, 0xff, 0x00, 0xff, 0xff, 0xff, 0x00, 0xff, 0xff,
0xff, 0x00, 0xff, 0xff, 0xff, 0x00, 0xff, 0xff, 0xff, 0x00, 0xff, 0xff, 0xff, 0x00, 0xff,
0xff, 0xff, 0x00, 0xff, 0xff, 0xff, 0x00, 0xff, 0xff, 0xff, 0x00, 0xff, 0xff, 0xff, 0x00,
0xff, 0xff, 0xff, 0x00, 0xff, 0xff, 0xff, 0x00, 0xff, 0xff, 0xff, 0x00, 0xff, 0xff, 0xff,
0x00, 0xff, 0xff, 0xff, 0x00, 0xff, 0xff, 0xff, 0x00, 0xff, 0xff, 0xff, 0x00, 0xff, 0xff,
0xff, 0x00, 0xff, 0xff, 0xff, 0x00, 0xff, 0xff, 0xff, 0x00, 0xff, 0xff, 0xff, 0x00, 0xff,
0xff, 0xff, 0x00, 0xff, 0xff, 0xff, 0x00, 0xff, 0xff, 0xff, 0x00, 0xff, 0xff, 0xff, 0x00,
0xff, 0xff, 0xff, 0x00, 0xff, 0xff, 0xff, 0x00, 0xff, 0xff, 0xff, 0x00, 0xff, 0xff, 0xff,
0x00, 0xff, 0xff, 0xff, 0x00, 0xff, 0xff, 0xff, 0x00, 0xff, 0xff, 0xff, 0x00, 0xff, 0xff,
0xff, 0x00, 0xff, 0xff, 0xff, 0x00, 0xff, 0xff, 0xff, 0x00, 0xff, 0xff, 0xff, 0x00, 0xff,
0xff, 0xff, 0x00, 0xff, 0xff, 0xff, 0x00, 0xff, 0xff, 0xff, 0x00, 0xff, 0xff, 0xff, 0x00,
0xff, 0xff, 0xff, 0x00, 0xff, 0xff, 0xff, 0x00, 0xff, 0xff, 0xff, 0x00, 0xff, 0xff, 0xff,
0x00, 0xff, 0xff, 0xff, 0x00, 0xff, 0xff, 0xff, 0x00, 0xff, 0xff, 0xff, 0x00, 0xff, 0xff,
0xff, 0x00, 0xff, 0xff, 0xff, 0x00, 0xff, 0xff, 0xff, 0x00, 0xff, 0xff, 0xff, 0x00, 0xff,
0xff, 0xff, 0x00, 0xff, 0xff, 0xff, 0x00, 0xff, 0xff, 0xff, 0x00, 0xff, 0xff, 0xff, 0x00,
0xff, 0xff, 0xff, 0x00, 0xff, 0xff, 0xff, 0x00, 0xff, 0xff, 0xff, 0x00, 0xff, 0xff, 0xff,
0x00, 0xff, 0xff, 0xff, 0x00, 0xff, 0xff, 0xff, 0x00, 0xff, 0xff, 0xff, 0x00, 0xff, 0xff,
0xff, 0x00, 0xff, 0xff, 0xff, 0x00, 0xff, 0xff, 0xff, 0x00, 0xff, 0xff, 0xff, 0x00, 0xff,
0xff, 0xff, 0x00, 0xff, 0xff, 0xff, 0x00, 0xff, 0xff, 0xff, 0x00, 0xff, 0xff, 0xff, 0x00,
0xff, 0xff, 0xff, 0x00, 0xff, 0xff, 0xff, 0x00, 0xff, 0xff, 0xff, 0x00, 0xff, 0xff, 0xff,
0x00, 0xff, 0xff, 0xff, 0x00, 0xff, 0xff, 0xff, 0x00, 0xff, 0xff, 0xff, 0x00, 0xff, 0xff,
0xff, 0x00, 0xff, 0xff, 0xff, 0x00, 0xff, 0xff, 0xff, 0x00, 0xff, 0xff, 0xff, 0x00, 0xff,
0xff, 0xff, 0x00, 0xff, 0xff, 0xff, 0x00, 0xff, 0xff, 0xff, 0x00, 0xff, 0xff, 0xff, 0x00,
0xff, 0xff, 0xff, 0x00, 0xff, 0xff, 0xff, 0x00, 0xff, 0xff, 0xff, 0x00, 0xff, 0xff, 0xff,
0x00, 0xff, 0xff, 0xff, 0x00, 0xff, 0xff, 0xff, 0x00, 0xff, 0xff, 0xff, 0x00, 0xff, 0xff,
0xff, 0x00, 0xff, 0xff, 0xff, 0x00, 0xff, 0xff, 0xff, 0x00, 0xff, 0xff, 0xff, 0x00, 0xff,
0xff, 0xff, 0x00, 0xff, 0xff, 0xff, 0x00, 0xff, 0xff, 0xff, 0x00, 0xff, 0xff, 0xff, 0x00,
0xff, 0xff, 0xff, 0x00, 0xff, 0xff, 0xff, 0x00, 0xff, 0xff, 0xff, 0x00, 0xff, 0xff, 0xff,
0x00, 0xff, 0xff, 0xff, 0x00, 0xff, 0xff, 0xff, 0x00, 0xff, 0xff, 0xff, 0x00, 0xff, 0xff,
0xff, 0x00, 0xff, 0xff, 0xff, 0x00, 0xff, 0xff, 0xff, 0x00, 0xff, 0xff, 0xff, 0x00, 0xff,
0xff, 0xff, 0x00, 0xff, 0xff, 0xff, 0x00, 0xff, 0xff, 0xff, 0x00, 0xff, 0xff, 0xff, 0x00,
0xff, 0xff, 0xff, 0x00, 0xff, 0xff, 0xff, 0x00, 0xff, 0xff, 0xff, 0x00, 0xff, 0xff, 0xff,
0x00, 0xff, 0xff, 0xff, 0x00, 0xff, 0xff, 0xff, 0x00, 0xff, 0xff, 0xff, 0x00, 0xff, 0xff,
0xff, 0x00, 0xff, 0xff, 0xff, 0x00, 0xff, 0xff, 0xff, 0x00, 0xff, 0xff, 0xff, 0x00, 0xff,
0xff, 0xff, 0x00, 0xff, 0xff, 0xff, 0x00, 0xff, 0xff, 0xff, 0x00, 0xff, 0xff, 0xff, 0x00,
0xff, 0xff, 0xff, 0x00, 0xff, 0xff, 0xff, 0x00, 0xff, 0xff, 0xff, 0x00, 0xff, 0xff, 0xff,
0x00, 0xff, 0xff, 0xff, 0x00, 0xff, 0xff, 0xff, 0x00, 0xff, 0xff, 0xff, 0x00, 0xff, 0xff,
0xff, 0x00, 0xff, 0xff, 0xff, 0x00, 0xff, 0xff, 0xff, 0x00, 0xff, 0xff, 0xff, 0x00, 0xff,
0xff, 0xff, 0x00, 0xff, 0xff, 0xff, 0x00, 0xff, 0xff, 0xff, 0x00, 0xff, 0xff, 0xff, 0x00,
0xff, 0xff, 0xff, 0x00, 0xff, 0xff, 0xff, 0x00, 0xff, 0xff, 0xff, 0x00, 0xff, 0xff, 0xff,
0x00, 0xff, 0xff, 0xff, 0x00, 0xff, 0xff, 0xff, 0x00, 0xff, 0xff, 0xff, 0x00, 0xff, 0xff,
0xff, 0x00, 0xff, 0xff, 0xff, 0x00, 0xff, 0xff, 0xff, 0x00, 0xff, 0xff, 0xff, 0x00, 0xff,
0xff, 0xff, 0x00, 0xff, 0xff, 0xff, 0x00, 0xff, 0xff, 0xff, 0x00, 0xff, 0xff, 0xff, 0x00,
0xff, 0xff, 0xff, 0x00, 0xff, 0xff, 0xff, 0x00, 0xff, 0xff, 0xff, 0x00, 0xff, 0xff, 0xff,
0x00, 0xff, 0xff, 0xff, 0x00, 0xff, 0xff, 0xff, 0x00, 0xff, 0xff, 0xff, 0x00, 0xff, 0xff,
0xff, 0x00, 0xff, 0xff, 0xff, 0x00, 0xff, 0xff, 0xff, 0x00, 0xff, 0xff, 0xff, 0x00, 0xff,
0xff, 0xff, 0x00, 0xff, 0xff, 0xff, 0x00, 0xff, 0xff, 0xff, 0x00, 0xff, 0xff, 0xff, 0x00,
0xff, 0xff, 0xff, 0x00, 0xff, 0xff, 0xff, 0x00, 0xff, 0xff, 0xff, 0x00, 0xff, 0xff, 0xff,
0x00, 0xff, 0xff, 0xff, 0x00, 0xff, 0xff, 0xff, 0x00, 0xff, 0xff, 0xff, 0x00, 0xff, 0xff,
0xff, 0x00, 0xff, 0xff, 0xff, 0x00, 0xff, 0xff, 0xff, 0x00, 0xff, 0xff, 0xff, 0x00, 0xff,
0xff, 0xff, 0x00, 0xff, 0xff, 0xff, 0x00, 0xff, 0xff, 0xff, 0x00, 0xff, 0xff, 0xff, 0x00,
0xff, 0xff, 0xff, 0x00, 0xff, 0xff, 0xff, 0x00, 0xff, 0xff, 0xff, 0x00, 0xff, 0xff, 0xff,
0x00, 0xff, 0xff, 0xff, 0x00, 0xff, 0xff, 0xff, 0x00, 0xff, 0xff, 0xff, 0x00, 0xff, 0xff,
0xff, 0x00, 0xff, 0xff, 0xff, 0x00, 0xff, 0xff, 0xff, 0x00, 0xff, 0xff, 0xff, 0x00, 0xff,
0xff, 0xff, 0x00, 0xff, 0xff, 0xff, 0x00, 0xff, 0xff, 0xff, 0x00, 0xff, 0xff, 0xff, 0x00,
0xff, 0xff, 0xff, 0x00, 0xff, 0xff, 0xff, 0x00, 0xff, 0xff, 0xff, 0x00, 0xff, 0xff, 0xff,
0x00, 0xff, 0xff, 0xff, 0x00, 0xff, 0xff, 0xff, 0x00, 0xff, 0xff, 0xff, 0x00, 0xff, 0xff,
0xff, 0x00, 0xff, 0xff, 0xff, 0x00, 0xff, 0xff, 0xff, 0x00, 0xff, 0xff, 0xff, 0x00, 0xff,
0xff, 0xff, 0x00, 0xff, 0xff, 0xff, 0x00, 0xff, 0xff, 0xff, 0x00, 0xff, 0xff, 0xff, 0x00,
0xff, 0xff, 0xff, 0x00, 0xff, 0xff, 0xff, 0x00, 0xff, 0xff, 0xff, 0x00, 0xff, 0xff, 0xff,
0x00, 0xff, 0xff, 0xff, 0x00, 0xff, 0xff, 0xff, 0x00, 0xff, 0xff, 0xff, 0x00, 0xff, 0xff,
0xff, 0x00, 0xff, 0xff, 0xff, 0x00, 0xff, 0xff, 0xff, 0x00, 0xff, 0xff, 0xff, 0x00, 0xff,
0xff, 0xff, 0x00, 0xff, 0xff, 0xff, 0x00, 0xff, 0xff, 0xff, 0x00, 0xff, 0xff, 0xff, 0x00,
0xff, 0xff, 0xff, 0x00, 0xff, 0xff, 0xff, 0x00, 0xff, 0xff, 0xff, 0x00, 0xff, 0xff, 0xff,
0x00, 0xff, 0xff, 0xff, 0x00, 0xff, 0xff, 0xff, 0x00, 0xff, 0xff, 0xff, 0x00, 0xff, 0xff,
0xff, 0x00, 0xff, 0xff, 0xff, 0x00, 0xff, 0xff, 0xff, 0x00, 0xff, 0xff, 0xff, 0x00, 0xff,
0xff, 0xff, 0x00, 0xff, 0xff, 0xff, 0x00, 0xff, 0xff, 0xff, 0x00, 0xff, 0xff, 0xff, 0x00,
0xff, 0xff, 0xff, 0x00, 0xff, 0xff, 0xff, 0x00, 0xff, 0xff, 0xff, 0x00, 0xff, 0xff, 0xff,
0x00, 0xff, 0xff, 0xff, 0x00, 0xff, 0xff, 0xff, 0x00, 0xff, 0xff, 0xff, 0x00, 0xff, 0xff,
0xff, 0x00, 0xff, 0xff, 0xff, 0x00, 0xff, 0xff, 0xff, 0x00, 0xff, 0xff, 0xff, 0x00, 0xff,
0xff, 0xff, 0x00, 0xff, 0xff, 0xff, 0x00, 0xff, 0xff, 0xff, 0x00, 0xff, 0xff, 0xff, 0x00,
0xff, 0xff, 0xff, 0x00, 0xff, 0xff, 0xff, 0x00, 0xff, 0xff, 0xff, 0x00, 0xff, 0xff, 0xff,
0x00, 0xff, 0xff, 0xff, 0x00, 0xff, 0xff, 0xff, 0x00, 0xff, 0xff, 0xff, 0x00, 0xff, 0xff,
0xff, 0x00, 0xff, 0xff, 0xff, 0x00, 0xff, 0xff, 0xff, 0x00, 0xff, 0xff, 0xff, 0x00, 0xff,
0xff, 0xff, 0x00, 0xff, 0xff, 0xff, 0x00, 0xff, 0xff, 0xff, 0x00, 0xff, 0xff, 0xff, 0x00,
0xff, 0xff, 0xff, 0x00, 0xff, 0xff, 0xff, 0x00, 0xff, 0xff, 0xff, 0x00, 0xff, 0xff, 0xff,
0x00, 0xff, 0xff, 0xff, 0x00, 0xff, 0xff, 0xff, 0x00, 0xff, 0xff, 0xff, 0x00, 0xff, 0xff,
0xff, 0x00, 0xff, 0xff, 0xff, 0x00, 0xff, 0xff, 0xff, 0x00, 0xff, 0xff, 0xff, 0x00, 0xff,
0xff, 0xff, 0x00, 0xff, 0xff, 0xff, 0x00, 0xff, 0xff, 0xff, 0x00, 0xff, 0xff, 0xff, 0x00,
0xff, 0xff, 0xff, 0x00, 0xff, 0xff, 0xff, 0x00, 0xff, 0xff, 0xff, 0x00, 0xff, 0xff, 0xff,
0x00, 0xff, 0xff, 0xff, 0x00, 0xff, 0xff, 0xff, 0x00, 0xff, 0xff, 0xff, 0x00, 0xff, 0xff,
0xff, 0x00, 0xff, 0xff, 0xff, 0x00, 0xff, 0xff, 0xff, 0x00, 0xff, 0xff, 0xff, 0x00, 0xff,
0xff, 0xff, 0x00, 0xff, 0xff, 0xff, 0x00, 0xff, 0xff, 0xff, 0x00, 0xff, 0xff, 0xff, 0x00,
0xff, 0xff, 0xff, 0x00, 0xff, 0xff, 0xff, 0x00, 0xff, 0xff, 0xff, 0x00, 0xff, 0xff, 0xff,
0x00, 0xff, 0xff, 0xff, 0x00, 0xff, 0xff, 0xff, 0x00, 0xff, 0xff, 0xff, 0x00, 0xff, 0xff,
0xff, 0x00, 0xff, 0xff, 0xff, 0x00, 0xff, 0xff, 0xff, 0x00, 0xff, 0xff, 0xff, 0x00, 0xff,
0xff, 0xff, 0x00, 0xff, 0xff, 0xff, 0x00, 0xff, 0xff, 0xff, 0x00, 0xff, 0xff, 0xff, 0x00,
0xff, 0xff, 0xff, 0x00, 0xff, 0xff, 0xff, 0x00, 0xff, 0xff, 0xff, 0x00, 0xff, 0xff, 0xff,
0x00, 0xff, 0xff, 0xff, 0x00, 0xff, 0xff, 0xff, 0x00, 0xff, 0xff, 0xff, 0x00, 0xff, 0xff,
0xff, 0x00, 0xff, 0xff, 0xff, 0x00, 0xff, 0xff, 0xff, 0x00, 0xff, 0xff, 0xff, 0x00, 0xff,
0xff, 0xff, 0x00, 0xff, 0xff, 0xff, 0x00, 0xff, 0xff, 0xff, 0x00, 0xff, 0xff, 0xff, 0x00,
0xff, 0xff, 0xff, 0x00, 0xff, 0xff, 0xff, 0x00, 0xff, 0xff, 0xff, 0x00, 0xff, 0xff, 0xff,
0x00, 0xff, 0xff, 0xff, 0x00, 0xff, 0xff, 0xff, 0x00, 0xff, 0xff, 0xff, 0x00, 0xff, 0xff,
0xff, 0x00, 0xff, 0xff, 0xff, 0x00, 0xff, 0xff, 0xff, 0x00, 0xff, 0xff, 0xff, 0x00, 0xff,
0xff, 0xff, 0x00, 0xff, 0xff, 0xff, 0x00, 0xff, 0xff, 0xff, 0x00, 0xff, 0xff, 0xff, 0x00,
0xff, 0xff, 0xff, 0x00, 0xff, 0xff, 0xff, 0x00, 0xff, 0xff, 0xff, 0x00, 0xff, 0xff, 0xff,
0x00, 0xff, 0xff, 0xff, 0x00, 0xff, 0xff, 0xff, 0x00, 0xff, 0xff, 0xff, 0x00, 0xff, 0xff,
0xff, 0x00, 0xff, 0xff, 0xff, 0x00, 0xff, 0xff, 0xff, 0x00, 0xff, 0xff, 0xff, 0x00, 0xff,
0xff, 0xff, 0x00, 0xff, 0xff, 0xff, 0x00, 0xff, 0xff, 0xff, 0x00, 0xff, 0xff, 0xff, 0x00,
0xff, 0xff, 0xff, 0x00, 0xff, 0xff, 0xff, 0x00, 0xff, 0xff, 0xff, 0x00, 0xff, 0xff, 0xff,
0x00, 0xff, 0xff, 0xff, 0x00, 0xff, 0xff, 0xff, 0x00, 0xff, 0xff, 0xff, 0x00, 0xff, 0xff,
0xff, 0x00, 0xff, 0xff, 0xff, 0x00, 0xff, 0xff, 0xff, 0x00, 0xff, 0xff, 0xff, 0x00, 0xff,
0xff, 0xff, 0x00, 0xff, 0xff, 0xff, 0x00, 0xff, 0xff, 0xff, 0x00, 0xff, 0xff, 0xff, 0x00,
0xff, 0xff, 0xff, 0x00, 0xff, 0xff, 0xff, 0x00, 0xff, 0xff, 0xff, 0x00, 0xff, 0xff, 0xff,
0x00, 0xff, 0xff, 0xff, 0x00, 0xff, 0xff, 0xff, 0x00, 0xff, 0xff, 0xff, 0x00, 0xff, 0xff,
0xff, 0x00, 0xff, 0xff, 0xff, 0x00, 0xff, 0xff, 0xff, 0x00, 0xff, 0xff, 0xff, 0x00, 0xff,
0xff, 0xff, 0x00, 0xff, 0xff, 0xff, 0x00, 0xff, 0xff, 0xff, 0x00, 0xff, 0xff, 0xff, 0x00,
0xff, 0xff, 0xff, 0x00, 0xff, 0xff, 0xff, 0x00, 0xff, 0xff, 0xff, 0x00, 0xff, 0xff, 0xff,
0x00, 0xff, 0xff, 0xff, 0x00, 0xff, 0xff, 0xff, 0x00, 0xff, 0xff, 0xff, 0x00, 0xff, 0xff,
0xff, 0x00, 0xff, 0xff, 0xff, 0x00, 0xff, 0xff, 0xff, 0x00, 0xff, 0xff, 0xff, 0x00, 0xff,
0xff, 0xff, 0x00, 0xff, 0xff, 0xff, 0x00, 0xff, 0xff, 0xff, 0x00, 0xff, 0xff, 0xff, 0x00,
0xff, 0xff, 0xff, 0x00, 0xff, 0xff, 0xff, 0x00, 0xff, 0xff, 0xff, 0x00, 0xff, 0xff, 0xff,
0x00, 0xff, 0xff, 0xff, 0x00, 0xff, 0xff, 0xff, 0x00, 0xff, 0xff, 0xff, 0x00, 0xff, 0xff,
0xff, 0x00, 0xff, 0xff, 0xff, 0x00, 0xff, 0xff, 0xff, 0x00, 0xff, 0xff, 0xff, 0x00, 0xff,
0xff, 0xff, 0x00, 0xff, 0xff, 0xff, 0x00, 0xff, 0xff, 0xff, 0x00, 0xff, 0xff, 0xff, 0x00,
0xff, 0xff, 0xff, 0x00, 0xff, 0xff, 0xff, 0x00, 0xff, 0xff, 0xff, 0x00, 0xff, 0xff, 0xff,
0x00, 0xff, 0xff, 0xff, 0x00, 0xff, 0xff, 0xff, 0x00, 0xff, 0xff, 0xff, 0x00, 0xff, 0xff,
0xff, 0x00, 0xff, 0xff, 0xff, 0x00, 0xff, 0xff, 0xff, 0x00, 0xff, 0xff, 0xff, 0x00, 0xff,
0xff, 0xff, 0x00, 0xff, 0xff, 0xff, 0x00, 0xff, 0xff, 0xff, 0x00, 0xff, 0xff, 0xff, 0x00,
0xff, 0xff, 0xff, 0x00, 0xff, 0xff, 0xff, 0x00, 0xff, 0xff, 0xff, 0x00, 0xff, 0xff, 0xff,
0x00, 0xff, 0xff, 0xff, 0x00, 0xff, 0xff, 0xff, 0x00, 0xff, 0xff, 0xff, 0x00, 0xff, 0xff,
0xff, 0x00, 0xff, 0xff, 0xff, 0x00, 0xff, 0xff, 0xff, 0x00, 0xff, 0xff, 0xff, 0x00, 0xff,
0xff, 0xff, 0x00, 0xff, 0xff, 0xff, 0x00, 0xff, 0xff, 0xff, 0x00, 0xff, 0xff, 0xff, 0x00,
0xff, 0xff, 0xff, 0x00, 0xff, 0xff, 0xff, 0x00, 0xff, 0xff, 0xff, 0x00, 0xff, 0xff, 0xff,
0x00, 0xff, 0xff, 0xff, 0x00, 0xff, 0xff, 0xff, 0x00, 0xff, 0xff, 0xff, 0x00, 0xff, 0xff,
0xff, 0x00, 0xff, 0xff, 0xff, 0x00, 0xff, 0xff, 0xff, 0x00, 0xff, 0xff, 0xff, 0x00, 0xff,
0xff, 0xff, 0x00, 0xff, 0xff, 0xff, 0x00, 0xff, 0xff, 0xff, 0x00, 0xff, 0xff, 0xff, 0x00,
0xff, 0xff, 0xff, 0x00, 0xff, 0xff, 0xff, 0x00, 0xff, 0xff, 0xff, 0x00, 0xff, 0xff, 0xff,
0x00, 0xff, 0xff, 0xff, 0x00, 0xff, 0xff, 0xff, 0x00, 0xff, 0xff, 0xff, 0x00, 0xff, 0xff,
0xff, 0x00, 0xff, 0xff, 0xff, 0x00, 0xff, 0xff, 0xff, 0x00, 0xff, 0xff, 0xff, 0x00, 0xff,
0xff, 0xff, 0x00, 0xff, 0xff, 0xff, 0x00, 0xff, 0xff, 0xff, 0x00, 0xff, 0xff, 0xff, 0x00,
0xff, 0xff, 0xff, 0x00, 0xff, 0xff, 0xff, 0x00, 0xff, 0xff, 0xff, 0x00, 0xff, 0xff, 0xff,
0x00, 0xff, 0xff, 0xff, 0x00, 0xff, 0xff, 0xff, 0x00, 0xff, 0xff, 0xff, 0x00, 0xff, 0xff,
0xff, 0x00, 0xff, 0xff, 0xff, 0x00, 0xff, 0xff, 0xff, 0x00, 0xff, 0xff, 0xff, 0x00, 0xff,
0xff, 0xff, 0x00, 0xff, 0xff, 0xff, 0x00, 0xff, 0xff, 0xff, 0x00, 0xff, 0xff, 0xff, 0x00,
0xff, 0xff, 0xff, 0x00, 0xff, 0xff, 0xff, 0x00, 0xff, 0xff, 0xff, 0x00, 0xff, 0xff, 0xff,
0x00, 0xff, 0xff, 0xff, 0x00, 0xff, 0xff, 0xff, 0x00, 0xff, 0xff, 0xff, 0x00, 0xff, 0xff,
0xff, 0x00, 0xff, 0xff, 0xff, 0x00, 0xff, 0xff, 0xff, 0x00, 0xff, 0xff, 0xff, 0x00, 0xff,
0xff, 0xff, 0x00, 0xff, 0xff, 0xff, 0x00, 0xff, 0xff, 0xff, 0x00, 0xff, 0xff, 0xff, 0x00,
0xff, 0xff, 0xff, 0x00, 0xff, 0xff, 0xff, 0x00, 0xff, 0xff, 0xff, 0x00, 0xff, 0xff, 0xff,
0x00, 0xff, 0xff, 0xff, 0x00, 0xff, 0xff, 0xff, 0x00, 0xff, 0xff, 0xff, 0x00, 0xff, 0xff,
0xff, 0x00, 0xff, 0xff, 0xff, 0x00, 0xff, 0xff, 0xff, 0x00, 0xff, 0xff, 0xff, 0x00, 0xff,
0xff, 0xff, 0x00, 0x01, 0x01, 0xab, 0x00, 0x01, 0x01, 0xab, 0x00, 0x01, 0x01, 0xab, 0x00,
0x01, 0x01, 0xab, 0x00, 0x01, 0x01, 0xab, 0x00, 0x01, 0x01, 0xab, 0x00, 0x01, 0x01, 0xab,
0x00, 0x01, 0x01, 0xab, 0x00, 0x01, 0x01, 0xab, 0x00, 0x01, 0x01, 0xab, 0x00, 0x01, 0x01,
0xab, 0x00, 0x01, 0x01, 0xab, 0x00, 0x01, 0x01, 0xaa, 0x00, 0x01, 0x01, 0xae, 0x00, 0x01,
0x0b, 0xee, 0x00, 0x01, 0x10, 0xfe, 0x00, 0x01, 0x10, 0xfc, 0x00, 0x01, 0x0d, 0xfb, 0x00,
0x01, 0x08, 0xd4, 0x00, 0x01, 0x0a, 0xe8, 0x00, 0x02, 0x08, 0xe1, 0x00, 0x01, 0x09, 0xf1,
0x00, 0x01, 0x09, 0xea, 0x00, 0x01, 0x08, 0xf5, 0x00, 0x02, 0x08, 0xed, 0x00, 0x01, 0x08,
0xf3, 0x00, 0x01, 0x09, 0xfb, 0x00, 0x01, 0x07, 0xcc, 0x00, 0x01, 0x06, 0xdb, 0x00, 0x01,
0x06, 0xdf, 0x00, 0x01, 0x05, 0xfb, 0x00, 0x01, 0x07, 0xfb, 0x00, 0x01, 0x04, 0xf5, 0x00,
0x01, 0x06, 0xe9, 0x00, 0x01, 0x05, 0xf6, 0x00, 0x01, 0x06, 0xf6, 0x00, 0x01, 0x04, 0xef,
0x00, 0x01, 0x05, 0xf5, 0x00, 0x01, 0x04, 0xfc, 0x00, 0x01, 0x05, 0xfb, 0x00, 0x01, 0x05,
0xfb, 0x00, 0x01, 0x04, 0xf8, 0x00, 0x01, 0x05, 0xfa, 0x00, 0x01, 0x04, 0xf8, 0x00, 0x01,
0x03, 0xec, 0x00, 0x01, 0x05, 0xf9, 0x07, 0x01, 0x03, 0xf5, 0x18, 0x01, 0x04, 0xfb, 0x3f,
0x01, 0x04, 0xfd, 0x6c, 0x01, 0x05, 0xfd, 0x95, 0x01, 0x05, 0xfd, 0xba, 0x01, 0x05, 0xfe,
0xd1, 0x01, 0x05, 0xff, 0xdc, 0x01, 0x05, 0xff, 0xdc, 0x01, 0x05, 0xff, 0xdc, 0x01, 0x05,
0xff, 0xdc, 0x01, 0x05, 0xff, 0xdc, 0x01, 0x05, 0xff, 0xdc, 0x01, 0x05, 0xff, 0xdc, 0x01,
0x05, 0xff, 0xdc, 0x01, 0x05, 0xff, 0xdc, 0x01, 0x04, 0xfe, 0xcf, 0x01, 0x04, 0xfb, 0xb7,
0x01, 0x04, 0xfc, 0x92, 0x01, 0x04, 0xfb, 0x69, 0x01, 0x03, 0xf6, 0x3c, 0x01, 0x03, 0xeb,
0x17, 0x01, 0x03, 0xf8, 0x06, 0x01, 0x03, 0xbc, 0x00, 0x01, 0x04, 0xf0, 0x00, 0x01, 0x05,
0xfe, 0x00, 0x01, 0x04, 0xe0, 0x00, 0x01, 0x04, 0xef, 0x00, 0x01, 0x05, 0xff, 0x00, 0x01,
0x05, 0xd3, 0x00, 0x01, 0x05, 0xcb, 0x00, 0x01, 0x05, 0xff, 0x00, 0x01, 0x06, 0xfa, 0x00,
0x01, 0x05, 0xfa, 0x00, 0x01, 0x05, 0xf8, 0x00, 0x01, 0x05, 0xf3, 0x00, 0x01, 0x04, 0xfa,
0x00, 0x01, 0x08, 0xfc, 0x00, 0x01, 0x05, 0xf7, 0x00, 0x01, 0x07, 0xf4, 0x00, 0x01, 0x06,
0xeb, 0x00, 0x01, 0x06, 0xf4, 0x00, 0x01, 0x07, 0xf9, 0x00, 0x01, 0x08, 0xf4, 0x00, 0x01,
0x08, 0xe7, 0x00, 0x01, 0x06, 0xbb, 0x00, 0x01, 0x07, 0xef, 0x00, 0x01, 0x0b, 0xf8, 0x00,
0x01, 0x07, 0xeb, 0x00, 0x01, 0x0c, 0xfa, 0x00, 0x01, 0x0e, 0xfd, 0x00, 0x03, 0x0f, 0xfd,
0x00, 0x04, 0x10, 0xfd, 0x00, 0x03, 0x10, 0xff, 0x00, 0x01, 0x0a, 0xe1, 0x00, 0x01, 0x01,
0x81, 0x00, 0x01, 0x01, 0x7f, 0x00, 0x01, 0x01, 0x80, 0x00, 0x01, 0x01, 0x80, 0x00, 0x01,
0x01, 0x80, 0x00, 0x01, 0x01, 0x80, 0x00, 0x01, 0x01, 0x80, 0x00, 0x01, 0x01, 0x80, 0x00,
0x01, 0x01, 0x80, 0x00, 0x01, 0x01, 0x80, 0x00, 0x01, 0x01, 0x80, 0x00, 0x01, 0x01, 0x80,
0x00, 0x01, 0x01, 0x80, 0x00, 0xff, 0xff, 0xff, 0x00, 0xff, 0xff, 0xff, 0x00, 0xff, 0xff,
0xff, 0x00, 0xff, 0xff, 0xff, 0x00, 0xff, 0xff, 0xff, 0x00, 0xff, 0xff, 0xff, 0x00, 0xff,
0xff, 0xff, 0x00, 0xff, 0xff, 0xff, 0x00, 0xff, 0xff, 0xff, 0x00, 0xff, 0xff, 0xff, 0x00,
0xff, 0xff, 0xff, 0x00, 0xff, 0xff, 0xff, 0x00, 0xff, 0xff, 0xff, 0x00, 0xff, 0xff, 0xff,
0x00, 0xff, 0xff, 0xff, 0x00, 0x01, 0x01, 0xab, 0x00, 0x01, 0x01, 0xab, 0x00, 0x01, 0x01,
0xab, 0x00, 0x01, 0x01, 0xab, 0x00, 0x01, 0x01, 0xab, 0x00, 0x01, 0x01, 0xab, 0x00, 0x01,
0x01, 0xab, 0x00, 0x01, 0x01, 0xab, 0x00, 0x01, 0x01, 0xab, 0x00, 0x01, 0x01, 0xab, 0x00,
0x01, 0x01, 0xab, 0x00, 0x01, 0x01, 0xab, 0x00, 0x01, 0x01, 0xaa, 0x00, 0x01, 0x01, 0xae,
0x00, 0x01, 0x0b, 0xee, 0x00, 0x01, 0x10, 0xfe, 0x00, 0x01, 0x10, 0xfc, 0x00, 0x01, 0x0d,
0xfb, 0x00, 0x01, 0x08, 0xd4, 0x00, 0x01, 0x0a, 0xe8, 0x00, 0x02, 0x08, 0xe1, 0x00, 0x01,
0x09, 0xf1, 0x00, 0x01, 0x09, 0xea, 0x00, 0x01, 0x08, 0xf5, 0x00, 0x02, 0x08, 0xed, 0x00,
0x01, 0x08, 0xf3, 0x00, 0x01, 0x09, 0xfb, 0x00, 0x01, 0x07, 0xcc, 0x00, 0x01, 0x06, 0xdb,
0x00, 0x01, 0x06, 0xdf, 0x00, 0x01, 0x05, 0xfb, 0x00, 0x01, 0x07, 0xfb, 0x00, 0x01, 0x04,
0xf5, 0x00, 0x01, 0x06, 0xe9, 0x00, 0x01, 0x05, 0xf6, 0x00, 0x01, 0x06, 0xf6, 0x00, 0x01,
0x04, 0xef, 0x00, 0x01, 0x05, 0xf5, 0x00, 0x01, 0x04, 0xfc, 0x00, 0x01, 0x05, 0xfb, 0x00,
0x01, 0x05, 0xfb, 0x00, 0x01, 0x04, 0xf8, 0x0a, 0x01, 0x05, 0xfb, 0x34, 0x01, 0x05, 0xfc,
0x7c, 0x01, 0x05, 0xfa, 0xbd, 0x01, 0x06, 0xfe, 0xd9, 0x01, 0x06, 0xfe, 0xef, 0x01, 0x06,
0xff, 0xff, 0x01, 0x06, 0xff, 0xff, 0x01, 0x06, 0xff, 0xff, 0x01, 0x06, 0xff, 0xff, 0x01,
0x06, 0xff, 0xff, 0x01, 0x06, 0xff, 0xff, 0x01, 0x06, 0xff, 0xff, 0x01, 0x06, 0xff, 0xff,
0x01, 0x06, 0xff, 0xff, 0x01, 0x06, 0xff, 0xff, 0x01, 0x06, 0xff, 0xff, 0x01, 0x06, 0xff,
0xff, 0x01, 0x06, 0xff, 0xff, 0x01, 0x06, 0xff, 0xff, 0x01, 0x06, 0xff, 0xff, 0x01, 0x06,
0xff, 0xff, 0x01, 0x06, 0xff, 0xff, 0x01, 0x06, 0xff, 0xff, 0x01, 0x06, 0xff, 0xff, 0x01,
0x06, 0xfd, 0xee, 0x01, 0x05, 0xfe, 0xd8, 0x01, 0x05, 0xee, 0xbb, 0x01, 0x05, 0xf9, 0x7b,
0x01, 0x05, 0xfe, 0x34, 0x01, 0x04, 0xe1, 0x0a, 0x01, 0x04, 0xef, 0x00, 0x01, 0x05, 0xff,
0x00, 0x01, 0x05, 0xd3, 0x00, 0x01, 0x05, 0xcb, 0x00, 0x01, 0x05, 0xff, 0x00, 0x01, 0x06,
0xfa, 0x00, 0x01, 0x05, 0xfa, 0x00, 0x01, 0x05, 0xf8, 0x00, 0x01, 0x05, 0xf3, 0x00, 0x01,
0x04, 0xfa, 0x00, 0x01, 0x08, 0xfc, 0x00, 0x01, 0x05, 0xf7, 0x00, 0x01, 0x07, 0xf4, 0x00,
0x01, 0x06, 0xeb, 0x00, 0x01, 0x06, 0xf4, 0x00, 0x01, 0x07, 0xf9, 0x00, 0x01, 0x08, 0xf4,
0x00, 0x01, 0x08, 0xe7, 0x00, 0x01, 0x06, 0xbb, 0x00, 0x01, 0x07, 0xef, 0x00, 0x01, 0x0b,
0xf8, 0x00, 0x01, 0x07, 0xeb, 0x00, 0x01, 0x0c, 0xfa, 0x00, 0x01, 0x0e, 0xfd, 0x00, 0x03,
0x0f, 0xfd, 0x00, 0x04, 0x10, 0xfd, 0x00, 0x03, 0x10, 0xff, 0x00, 0x01, 0x0a, 0xe1, 0x00,
0x01, 0x01, 0x81, 0x00, 0x01, 0x01, 0x7f, 0x00, 0x01, 0x01, 0x80, 0x00, 0x01, 0x01, 0x80,
0x00, 0x01, 0x01, 0x80, 0x00, 0x01, 0x01, 0x80, 0x00, 0x01, 0x01, 0x80, 0x00, 0x01, 0x01,
0x80, 0x00, 0x01, 0x01, 0x80, 0x00, 0x01, 0x01, 0x80, 0x00, 0x01, 0x01, 0x80, 0x00, 0x01,
0x01, 0x80, 0x00, 0x01, 0x01, 0x80, 0x00, 0xff, 0xff, 0xff, 0x00, 0xff, 0xff, 0xff, 0x00,
0xff, 0xff, 0xff, 0x00, 0xff, 0xff, 0xff, 0x00, 0xff, 0xff, 0xff, 0x00, 0xff, 0xff, 0xff,
0x00, 0xff, 0xff, 0xff, 0x00, 0xff, 0xff, 0xff, 0x00, 0xff, 0xff, 0xff, 0x00, 0xff, 0xff,
0xff, 0x00, 0xff, 0xff, 0xff, 0x00, 0xff, 0xff, 0xff, 0x00, 0xff, 0xff, 0xff, 0x00, 0xff,
0xff, 0xff, 0x00, 0xff, 0xff, 0xff, 0x00, 0x01, 0x01, 0xab, 0x00, 0x01, 0x01, 0xab, 0x00,
0x01, 0x01, 0xab, 0x00, 0x01, 0x01, 0xab, 0x00, 0x01, 0x01, 0xab, 0x00, 0x01, 0x01, 0xab,
0x00, 0x01, 0x01, 0xab, 0x00, 0x01, 0x01, 0xab, 0x00, 0x01, 0x01, 0xab, 0x00, 0x01, 0x01,
0xab, 0x00, 0x01, 0x01, 0xab, 0x00, 0x01, 0x01, 0xab, 0x00, 0x01, 0x01, 0xaa, 0x00, 0x01,
0x01, 0xae, 0x00, 0x01, 0x0b, 0xee, 0x00, 0x01, 0x10, 0xfe, 0x00, 0x01, 0x10, 0xfc, 0x00,
0x01, 0x0d, 0xfb, 0x00, 0x01, 0x08, 0xd4, 0x00, 0x01, 0x0a, 0xe8, 0x00, 0x02, 0x08, 0xe1,
0x00, 0x01, 0x09, 0xf1, 0x00, 0x01, 0x09, 0xea, 0x00, 0x01, 0x08, 0xf5, 0x00, 0x02, 0x08,
0xed, 0x00, 0x01, 0x08, 0xf3, 0x00, 0x01, 0x09, 0xfb, 0x00, 0x01, 0x07, 0xcc, 0x00, 0x01,
0x06, 0xdb, 0x00, 0x01, 0x06, 0xdf, 0x00, 0x01, 0x05, 0xfb, 0x00, 0x01, 0x07, 0xfb, 0x00,
0x01, 0x04, 0xf5, 0x00, 0x01, 0x06, 0xe9, 0x00, 0x01, 0x05, 0xf6, 0x00, 0x01, 0x06, 0xf6,
0x00, 0x01, 0x04, 0xee, 0x00, 0x01, 0x05, 0xf4, 0x00, 0x01, 0x04, 0xfc, 0x12, 0x01, 0x06,
0xfd, 0x60, 0x01, 0x06, 0xfd, 0xb3, 0x01, 0x07, 0xfe, 0xdf, 0x01, 0x07, 0xff, 0xff, 0x01,
0x07, 0xff, 0xff, 0x01, 0x07, 0xff, 0xff, 0x01, 0x07, 0xff, 0xff, 0x01, 0x07, 0xff, 0xff,
0x01, 0x07, 0xff, 0xff, 0x01, 0x07, 0xff, 0xff, 0x01, 0x07, 0xff, 0xff, 0x01, 0x07, 0xff,
0xff, 0x01, 0x07, 0xff, 0xff, 0x01, 0x07, 0xff, 0xff, 0x01, 0x07, 0xff, 0xff, 0x01, 0x07,
0xff, 0xff, 0x01, 0x07, 0xff, 0xff, 0x01, 0x07, 0xff, 0xff, 0x01, 0x07, 0xff, 0xff, 0x01,
0x07, 0xff, 0xff, 0x01, 0x07, 0xff, 0xff, 0x01, 0x07, 0xff, 0xff, 0x01, 0x07, 0xff, 0xff,
0x01, 0x07, 0xff, 0xff, 0x01, 0x07, 0xff, 0xff, 0x01, 0x07, 0xff, 0xff, 0x01, 0x07, 0xff,
0xff, 0x01, 0x06, 0xff, 0xff, 0x01, 0x06, 0xff, 0xff, 0x01, 0x06, 0xff, 0xff, 0x01, 0x06,
0xff, 0xff, 0x01, 0x06, 0xff, 0xff, 0x01, 0x06, 0xfb, 0xdf, 0x01, 0x06, 0xfc, 0xb5, 0x01,
0x06, 0xff, 0x64, 0x01, 0x05, 0xd3, 0x15, 0x01, 0x05, 0xc9, 0x00, 0x01, 0x05, 0xff, 0x00,
0x01, 0x06, 0xfa, 0x00, 0x01, 0x05, 0xfa, 0x00, 0x01, 0x05, 0xf8, 0x00, 0x01, 0x05, 0xf3,
0x00, 0x01, 0x04, 0xfa, 0x00, 0x01, 0x08, 0xfc, 0x00, 0x01, 0x05, 0xf7, 0x00, 0x01, 0x07,
0xf4, 0x00, 0x01, 0x06, 0xeb, 0x00, 0x01, 0x06, 0xf4, 0x00, 0x01, 0x07, 0xf9, 0x00, 0x01,
0x08, 0xf4, 0x00, 0x01, 0x08, 0xe7, 0x00, 0x01, 0x06, 0xbb, 0x00, 0x01, 0x07, 0xef, 0x00,
0x01, 0x0b, 0xf8, 0x00, 0x01, 0x07, 0xeb, 0x00, 0x01, 0x0c, 0xfa, 0x00, 0x01, 0x0e, 0xfd,
0x00, 0x03, 0x0f, 0xfd, 0x00, 0x04, 0x10, 0xfd, 0x00, 0x03, 0x10, 0xff, 0x00, 0x01, 0x0a,
0xe1, 0x00, 0x01, 0x01, 0x81, 0x00, 0x01, 0x01, 0x7f, 0x00, 0x01, 0x01, 0x80, 0x00, 0x01,
0x01, 0x80, 0x00, 0x01, 0x01, 0x80, 0x00, 0x01, 0x01, 0x80, 0x00, 0x01, 0x01, 0x80, 0x00,
0x01, 0x01, 0x80, 0x00, 0x01, 0x01, 0x80, 0x00, 0x01, 0x01, 0x80, 0x00, 0x01, 0x01, 0x80,
0x00, 0x01, 0x01, 0x80, 0x00, 0x01, 0x01, 0x80, 0x00, 0xff, 0xff, 0xff, 0x00, 0xff, 0xff,
0xff, 0x00, 0xff, 0xff, 0xff, 0x00, 0xff, 0xff, 0xff, 0x00, 0xff, 0xff, 0xff, 0x00, 0xff,
0xff, 0xff, 0x00, 0xff, 0xff, 0xff, 0x00, 0xff, 0xff, 0xff, 0x00, 0xff, 0xff, 0xff, 0x00,
0xff, 0xff, 0xff, 0x00, 0xff, 0xff, 0xff, 0x00, 0xff, 0xff, 0xff, 0x00, 0xff, 0xff, 0xff,
0x00, 0xff, 0xff, 0xff, 0x00, 0xff, 0xff, 0xff, 0x00, 0x01, 0x01, 0xab, 0x00, 0x01, 0x01,
0xab, 0x00, 0x01, 0x01, 0xab, 0x00, 0x01, 0x01, 0xab, 0x00, 0x01, 0x01, 0xab, 0x00, 0x01,
0x01, 0xab, 0x00, 0x01, 0x01, 0xab, 0x00, 0x01, 0x01, 0xab, 0x00, 0x01, 0x01, 0xab, 0x00,
0x01, 0x01, 0xab, 0x00, 0x01, 0x01, 0xab, 0x00, 0x01, 0x01, 0xab, 0x00, 0x01, 0x01, 0xaa,
0x00, 0x01, 0x01, 0xae, 0x00, 0x01, 0x0b, 0xee, 0x00, 0x01, 0x10, 0xfe, 0x00, 0x01, 0x10,
0xfc, 0x00, 0x01, 0x0d, 0xfb, 0x00, 0x01, 0x08, 0xd4, 0x00, 0x01, 0x0a, 0xe8, 0x00, 0x02,
0x08, 0xe1, 0x00, 0x01, 0x09, 0xf1, 0x00, 0x01, 0x09, 0xea, 0x00, 0x01, 0x08, 0xf5, 0x00,
0x02, 0x08, 0xed, 0x00, 0x01, 0x08, 0xf3, 0x00, 0x01, 0x09, 0xfb, 0x00, 0x01, 0x07, 0xcc,
0x00, 0x01, 0x06, 0xdb, 0x00, 0x01, 0x06, 0xdf, 0x00, 0x01, 0x05, 0xfb, 0x00, 0x01, 0x07,
0xfb, 0x00, 0x01, 0x04, 0xf5, 0x00, 0x01, 0x06, 0xe9, 0x00, 0x01, 0x05, 0xf6, 0x00, 0x01,
0x06, 0xf6, 0x04, 0x01, 0x05, 0xf6, 0x55, 0x02, 0x06, 0xfa, 0xa1, 0x02, 0x07, 0xff, 0xe2,
0x02, 0x07, 0xff, 0xff, 0x02, 0x07, 0xff, 0xff, 0x02, 0x07, 0xff, 0xff, 0x02, 0x07, 0xff,
0xff, 0x02, 0x07, 0xff, 0xff, 0x02, 0x07, 0xff, 0xff, 0x02, 0x07, 0xff, 0xff, 0x02, 0x07,
0xff, 0xff, 0x02, 0x07, 0xff, 0xff, 0x01, 0x07, 0xff, 0xff, 0x01, 0x07, 0xff, 0xff, 0x01,
0x07, 0xff, 0xff, 0x01, 0x07, 0xff, 0xff, 0x01, 0x07, 0xff, 0xff, 0x01, 0x07, 0xff, 0xff,
0x01, 0x07, 0xff, 0xff, 0x01, 0x07, 0xff, 0xff, 0x01, 0x07, 0xff, 0xff, 0x01, 0x07, 0xff,
0xff, 0x01, 0x07, 0xff, 0xff, 0x01, 0x07, 0xff, 0xff, 0x01, 0x07, 0xff, 0xff, 0x01, 0x07,
0xff, 0xff, 0x01, 0x07, 0xff, 0xff, 0x01, 0x07, 0xff, 0xff, 0x01, 0x07, 0xff, 0xff, 0x01,
0x07, 0xff, 0xff, 0x01, 0x07, 0xff, 0xff, 0x01, 0x07, 0xff, 0xff, 0x01, 0x07, 0xff, 0xff,
0x01, 0x07, 0xff, 0xff, 0x01, 0x07, 0xff, 0xff, 0x01, 0x07, 0xff, 0xff, 0x01, 0x07, 0xff,
0xff, 0x01, 0x07, 0xff, 0xff, 0x01, 0x07, 0xf7, 0xe6, 0x01, 0x06, 0xf2, 0xa4, 0x01, 0x06,
0xfc, 0x5e, 0x01, 0x06, 0xfb, 0x0a, 0x01, 0x05, 0xf9, 0x00, 0x01, 0x05, 0xf8, 0x00, 0x01,
0x05, 0xf3, 0x00, 0x01, 0x04, 0xfa, 0x00, 0x01, 0x08, 0xfc, 0x00, 0x01, 0x05, 0xf7, 0x00,
0x01, 0x07, 0xf4, 0x00, 0x01, 0x06, 0xeb, 0x00, 0x01, 0x06, 0xf4, 0x00, 0x01, 0x07, 0xf9,
0x00, 0x01, 0x08, 0xf4, 0x00, 0x01, 0x08, 0xe7, 0x00, 0x01, 0x06, 0xbb, 0x00, 0x01, 0x07,
0xef, 0x00, 0x01, 0x0b, 0xf8, 0x00, 0x01, 0x07, 0xeb, 0x00, 0x01, 0x0c, 0xfa, 0x00, 0x01,
0x0e, 0xfd, 0x00, 0x03, 0x0f, 0xfd, 0x00, 0x04, 0x10, 0xfd, 0x00, 0x03, 0x10, 0xff, 0x00,
0x01, 0x0a, 0xe1, 0x00, 0x01, 0x01, 0x81, 0x00, 0x01, 0x01, 0x7f, 0x00, 0x01, 0x01, 0x80,
0x00, 0x01, 0x01, 0x80, 0x00, 0x01, 0x01, 0x80, 0x00, 0x01, 0x01, 0x80, 0x00, 0x01, 0x01,
0x80, 0x00, 0x01, 0x01, 0x80, 0x00, 0x01, 0x01, 0x80, 0x00, 0x01, 0x01, 0x80, 0x00, 0x01,
0x01, 0x80, 0x00, 0x01, 0x01, 0x80, 0x00, 0x01, 0x01, 0x80, 0x00, 0xff, 0xff, 0xff, 0x00,
0xff, 0xff, 0xff, 0x00, 0xff, 0xff, 0xff, 0x00, 0xff, 0xff, 0xff, 0x00, 0xff, 0xff, 0xff,
0x00, 0xff, 0xff, 0xff, 0x00, 0xff, 0xff, 0xff, 0x00, 0xff, 0xff, 0xff, 0x00, 0xff, 0xff,
0xff, 0x00, 0xff, 0xff, 0xff, 0x00, 0xff, 0xff, 0xff, 0x00, 0xff, 0xff, 0xff, 0x00, 0xff,
0xff, 0xff, 0x00, 0xff, 0xff, 0xff, 0x00, 0xff, 0xff, 0xff, 0x00, 0x01, 0x01, 0xab, 0x00,
0x01, 0x01, 0xab, 0x00, 0x01, 0x01, 0xab, 0x00, 0x01, 0x01, 0xab, 0x00, 0x01, 0x01, 0xab,
0x00, 0x01, 0x01, 0xab, 0x00, 0x01, 0x01, 0xab, 0x00, 0x01, 0x01, 0xab, 0x00, 0x01, 0x01,
0xab, 0x00, 0x01, 0x01, 0xab, 0x00, 0x01, 0x01, 0xab, 0x00, 0x01, 0x01, 0xab, 0x00, 0x01,
0x01, 0xaa, 0x00, 0x01, 0x01, 0xae, 0x00, 0x01, 0x0b, 0xee, 0x00, 0x01, 0x10, 0xfe, 0x00,
0x01, 0x10, 0xfc, 0x00, 0x01, 0x0d, 0xfb, 0x00, 0x01, 0x08, 0xd4, 0x00, 0x01, 0x0a, 0xe8,
0x00, 0x02, 0x08, 0xe1, 0x00, 0x01, 0x09, 0xf1, 0x00, 0x01, 0x09, 0xea, 0x00, 0x01, 0x08,
0xf5, 0x00, 0x02, 0x08, 0xed, 0x00, 0x01, 0x08, 0xf3, 0x00, 0x01, 0x09, 0xfb, 0x00, 0x01,
0x07, 0xcc, 0x00, 0x01, 0x06, 0xdb, 0x00, 0x01, 0x06, 0xdf, 0x00, 0x01, 0x05, 0xfb, 0x00,
0x01, 0x07, 0xfb, 0x00, 0x01, 0x04, 0xf5, 0x00, 0x01, 0x06, 0xea, 0x1b, 0x02, 0x07, 0xfb,
0x81, 0x02, 0x08, 0xfd, 0xcf, 0x02, 0x08, 0xff, 0xff, 0x02, 0x08, 0xff, 0xff, 0x02, 0x08,
0xff, 0xff, 0x02, 0x08, 0xff, 0xff, 0x02, 0x08, 0xff, 0xff, 0x02, 0x08, 0xff, 0xff, 0x02,
0x08, 0xff, 0xff, 0x02, 0x08, 0xff, 0xff, 0x02, 0x08, 0xff, 0xff, 0x02, 0x08, 0xff, 0xff,
0x02, 0x08, 0xff, 0xff, 0x02, 0x08, 0xff, 0xff, 0x02, 0x08, 0xff, 0xff, 0x02, 0x08, 0xff,
0xff, 0x02, 0x08, 0xff, 0xff, 0x02, 0x08, 0xff, 0xff, 0x02, 0x08, 0xff, 0xff, 0x02, 0x08,
0xff, 0xff, 0x02, 0x08, 0xff, 0xff, 0x02, 0x08, 0xff, 0xff, 0x02, 0x08, 0xff, 0xff, 0x02,
0x08, 0xff, 0xff, 0x02, 0x08, 0xff, 0xff, 0x02, 0x08, 0xff, 0xff, 0x02, 0x08, 0xff, 0xff,
0x02, 0x08, 0xff, 0xff, 0x02, 0x08, 0xff, 0xff, 0x02, 0x08, 0xff, 0xff, 0x02, 0x08, 0xff,
0xff, 0x02, 0x08, 0xff, 0xff, 0x02, 0x08, 0xff, 0xff, 0x02, 0x08, 0xff, 0xff, 0x02, 0x08,
0xff, 0xff, 0x02, 0x08, 0xff, 0xff, 0x02, 0x07, 0xff, 0xff, 0x02, 0x07, 0xff, 0xff, 0x02,
0x07, 0xff, 0xff, 0x02, 0x07, 0xff, 0xff, 0x02, 0x08, 0xff, 0xff, 0x02, 0x08, 0xff, 0xff,
0x02, 0x08, 0xff, 0xff, 0x02, 0x07, 0xfe, 0xd7, 0x02, 0x06, 0xfc, 0x8c, 0x01, 0x06, 0xf9,
0x2a, 0x01, 0x05, 0xf2, 0x00, 0x01, 0x04, 0xfa, 0x00, 0x01, 0x08, 0xfc, 0x00, 0x01, 0x05,
0xf7, 0x00, 0x01, 0x07, 0xf4, 0x00, 0x01, 0x06, 0xeb, 0x00, 0x01, 0x06, 0xf4, 0x00, 0x01,
0x07, 0xf9, 0x00, 0x01, 0x08, 0xf4, 0x00, 0x01, 0x08, 0xe7, 0x00, 0x01, 0x06, 0xbb, 0x00,
0x01, 0x07, 0xef, 0x00, 0x01, 0x0b, 0xf8, 0x00, 0x01, 0x07, 0xeb, 0x00, 0x01, 0x0c, 0xfa,
0x00, 0x01, 0x0e, 0xfd, 0x00, 0x03, 0x0f, 0xfd, 0x00, 0x04, 0x10, 0xfd, 0x00, 0x03, 0x10,
0xff, 0x00, 0x01, 0x0a, 0xe1, 0x00, 0x01, 0x01, 0x81, 0x00, 0x01, 0x01, 0x7f, 0x00, 0x01,
0x01, 0x80, 0x00, 0x01, 0x01, 0x80, 0x00, 0x01, 0x01, 0x80, 0x00, 0x01, 0x01, 0x80, 0x00,
0x01, 0x01, 0x80, 0x00, 0x01, 0x01, 0x80, 0x00, 0x01, 0x01, 0x80, 0x00, 0x01, 0x01, 0x80,
0x00, 0x01, 0x01, 0x80, 0x00, 0x01, 0x01, 0x80, 0x00, 0x01, 0x01, 0x80, 0x00, 0xff, 0xff,
0xff, 0x00, 0xff, 0xff, 0xff, 0x00, 0xff, 0xff, 0xff, 0x00, 0xff, 0xff, 0xff, 0x00, 0xff,
0xff, 0xff, 0x00, 0xff, 0xff, 0xff, 0x00, 0xff, 0xff, 0xff, 0x00, 0xff, 0xff, 0xff, 0x00,
0xff, 0xff, 0xff, 0x00, 0xff, 0xff, 0xff, 0x00, 0xff, 0xff, 0xff, 0x00, 0xff, 0xff, 0xff,
0x00, 0xff, 0xff, 0xff, 0x00, 0xff, 0xff, 0xff, 0x00, 0xff, 0xff, 0xff, 0x00, 0x01, 0x01,
0xab, 0x00, 0x01, 0x01, 0xab, 0x00, 0x01, 0x01, 0xab, 0x00, 0x01, 0x01, 0xab, 0x00, 0x01,
0x01, 0xab, 0x00, 0x01, 0x01, 0xab, 0x00, 0x01, 0x01, 0xab, 0x00, 0x01, 0x01, 0xab, 0x00,
0x01, 0x01, 0xab, 0x00, 0x01, 0x01, 0xab, 0x00, 0x01, 0x01, 0xab, 0x00, 0x01, 0x01, 0xab,
0x00, 0x01, 0x01, 0xaa, 0x00, 0x01, 0x01, 0xae, 0x00, 0x01, 0x0b, 0xee, 0x00, 0x01, 0x10,
0xfe, 0x00, 0x01, 0x10, 0xfc, 0x00, 0x01, 0x0d, 0xfb, 0x00, 0x01, 0x08, 0xd4, 0x00, 0x01,
0x0a, 0xe8, 0x00, 0x02, 0x08, 0xe1, 0x00, 0x01, 0x09, 0xf1, 0x00, 0x01, 0x09, 0xea, 0x00,
0x01, 0x08, 0xf5, 0x00, 0x02, 0x08, 0xed, 0x00, 0x01, 0x08, 0xf3, 0x00, 0x01, 0x09, 0xfb,
0x00, 0x01, 0x07, 0xcc, 0x00, 0x01, 0x06, 0xdb, 0x00, 0x01, 0x06, 0xde, 0x00, 0x01, 0x05,
0xfb, 0x00, 0x01, 0x07, 0xfc, 0x2b, 0x02, 0x07, 0xfc, 0x98, 0x02, 0x08, 0xfd, 0xeb, 0x02,
0x09, 0xff, 0xff, 0x02, 0x09, 0xff, 0xff, 0x02, 0x09, 0xff, 0xff, 0x02, 0x09, 0xff, 0xff,
0x02, 0x09, 0xff, 0xff, 0x02, 0x09, 0xff, 0xff, 0x02, 0x09, 0xff, 0xff, 0x02, 0x09, 0xff,
0xff, 0x02, 0x09, 0xff, 0xff, 0x02, 0x09, 0xff, 0xff, 0x02, 0x09, 0xff, 0xff, 0x02, 0x09,
0xff, 0xff, 0x02, 0x09, 0xff, 0xff, 0x02, 0x09, 0xff, 0xff, 0x02, 0x09, 0xff, 0xff, 0x02,
0x09, 0xff, 0xff, 0x02, 0x09, 0xff, 0xff, 0x02, 0x09, 0xff, 0xff, 0x02, 0x09, 0xff, 0xff,
0x02, 0x09, 0xff, 0xff, 0x02, 0x09, 0xff, 0xff, 0x02, 0x09, 0xff, 0xff, 0x02, 0x09, 0xff,
0xff, 0x02, 0x09, 0xff, 0xff, 0x02, 0x09, 0xff, 0xff, 0x02, 0x09, 0xff, 0xff, 0x02, 0x09,
0xff, 0xff, 0x02, 0x09, 0xff, 0xff, 0x02, 0x09, 0xff, 0xff, 0x02, 0x09, 0xff, 0xff, 0x02,
0x08, 0xff, 0xff, 0x02, 0x08, 0xff, 0xff, 0x02, 0x08, 0xff, 0xff, 0x02, 0x08, 0xff, 0xff,
0x02, 0x08, 0xff, 0xff, 0x02, 0x08, 0xff, 0xff, 0x02, 0x08, 0xff, 0xff, 0x02, 0x08, 0xff,
0xff, 0x02, 0x08, 0xff, 0xff, 0x02, 0x08, 0xff, 0xff, 0x02, 0x08, 0xff, 0xff, 0x02, 0x08,
0xff, 0xff, 0x02, 0x08, 0xff, 0xff, 0x02, 0x08, 0xff, 0xff, 0x02, 0x08, 0xff, 0xff, 0x02,
0x08, 0xfe, 0xf6, 0x02, 0x07, 0xfb, 0xa8, 0x01, 0x05, 0xfb, 0x42, 0x01, 0x08, 0xfb, 0x00,
0x01, 0x05, 0xf7, 0x00, 0x01, 0x07, 0xf4, 0x00, 0x01, 0x06, 0xeb, 0x00, 0x01, 0x06, 0xf4,
0x00, 0x01, 0x07, 0xf9, 0x00, 0x01, 0x08, 0xf4, 0x00, 0x01, 0x08, 0xe7, 0x00, 0x01, 0x06,
0xbb, 0x00, 0x01, 0x07, 0xef, 0x00, 0x01, 0x0b, 0xf8, 0x00, 0x01, 0x07, 0xeb, 0x00, 0x01,
0x0c, 0xfa, 0x00, 0x01, 0x0e, 0xfd, 0x00, 0x03, 0x0f, 0xfd, 0x00, 0x04, 0x10, 0xfd, 0x00,
0x03, 0x10, 0xff, 0x00, 0x01, 0x0a, 0xe1, 0x00, 0x01, 0x01, 0x81, 0x00, 0x01, 0x01, 0x7f,
0x00, 0x01, 0x01, 0x80, 0x00, 0x01, 0x01, 0x80, 0x00, 0x01, 0x01, 0x80, 0x00, 0x01, 0x01,
0x80, 0x00, 0x01, 0x01, 0x80, 0x00, 0x01, 0x01, 0x80, 0x00, 0x01, 0x01, 0x80, 0x00, 0x01,
0x01, 0x80, 0x00, 0x01, 0x01, 0x80, 0x00, 0x01, 0x01, 0x80, 0x00, 0x01, 0x01, 0x80, 0x00,
0xff, 0xff, 0xff, 0x00, 0xff, 0xff, 0xff, 0x00, 0xff, 0xff, 0xff, 0x00, 0xff, 0xff, 0xff,
0x00, 0xff, 0xff, 0xff, 0x00, 0xff, 0xff, 0xff, 0x00, 0xff, 0xff, 0xff, 0x00, 0xff, 0xff,
0xff, 0x00, 0xff, 0xff, 0xff, 0x00, 0xff, 0xff, 0xff, 0x00, 0xff, 0xff, 0xff, 0x00, 0xff,
0xff, 0xff, 0x00, 0xff, 0xff, 0xff, 0x00, 0xff, 0xff, 0xff, 0x00, 0xff, 0xff, 0xff, 0x00,
0x01, 0x01, 0xab, 0x00, 0x01, 0x01, 0xab, 0x00, 0x01, 0x01, 0xab, 0x00, 0x01, 0x01, 0xab,
0x00, 0x01, 0x01, 0xab, 0x00, 0x01, 0x01, 0xab, 0x00, 0x01, 0x01, 0xab, 0x00, 0x01, 0x01,
0xab, 0x00, 0x01, 0x01, 0xab, 0x00, 0x01, 0x01, 0xab, 0x00, 0x01, 0x01, 0xab, 0x00, 0x01,
0x01, 0xab, 0x00, 0x01, 0x01, 0xaa, 0x00, 0x01, 0x01, 0xae, 0x00, 0x01, 0x0b, 0xee, 0x00,
0x01, 0x10, 0xfe, 0x00, 0x01, 0x10, 0xfc, 0x00, 0x01, 0x0d, 0xfb, 0x00, 0x01, 0x08, 0xd4,
0x00, 0x01, 0x0a, 0xe8, 0x00, 0x02, 0x08, 0xe1, 0x00, 0x01, 0x09, 0xf1, 0x00, 0x01, 0x09,
0xea, 0x00, 0x01, 0x08, 0xf5, 0x00, 0x02, 0x08, 0xed, 0x00, 0x01, 0x08, 0xf3, 0x00, 0x01,
0x09, 0xfb, 0x00, 0x01, 0x07, 0xca, 0x00, 0x01, 0x06, 0xd9, 0x00, 0x01, 0x07, 0xe2, 0x24,
0x02, 0x08, 0xfd, 0x8b, 0x02, 0x09, 0xff, 0xf3, 0x02, 0x0a, 0xff, 0xff, 0x02, 0x0a, 0xff,
0xff, 0x02, 0x0a, 0xff, 0xff, 0x02, 0x0a, 0xff, 0xff, 0x02, 0x0a, 0xff, 0xff, 0x02, 0x0a,
0xff, 0xff, 0x02, 0x0a, 0xff, 0xff, 0x02, 0x0a, 0xff, 0xff, 0x02, 0x0a, 0xff, 0xff, 0x02,
0x0a, 0xff, 0xff, 0x02, 0x0a, 0xff, 0xff, 0x02, 0x0a, 0xff, 0xff, 0x02, 0x0a, 0xff, 0xff,
0x02, 0x0a, 0xff, 0xff, 0x02, 0x09, 0xff, 0xff, 0x02, 0x09, 0xff, 0xff, 0x02, 0x09, 0xff,
0xff, 0x02, 0x09, 0xff, 0xff, 0x02, 0x09, 0xff, 0xff, 0x02, 0x09, 0xff, 0xff, 0x02, 0x09,
0xff, 0xff, 0x02, 0x09, 0xff, 0xff, 0x02, 0x09, 0xff, 0xff, 0x02, 0x09, 0xff, 0xff, 0x02,
0x09, 0xff, 0xff, 0x02, 0x09, 0xff, 0xff, 0x02, 0x09, 0xff, 0xff, 0x02, 0x09, 0xff, 0xff,
0x02, 0x09, 0xff, 0xff, 0x02, 0x09, 0xff, 0xff, 0x02, 0x09, 0xff, 0xff, 0x02, 0x09, 0xff,
0xff, 0x02, 0x09, 0xff, 0xff, 0x02, 0x09, 0xff, 0xff, 0x02, 0x09, 0xff, 0xff, 0x02, 0x09,
0xff, 0xff, 0x02, 0x09, 0xff, 0xff, 0x02, 0x09, 0xff, 0xff, 0x02, 0x09, 0xff, 0xff, 0x02,
0x09, 0xff, 0xff, 0x02, 0x09, 0xff, 0xff, 0x02, 0x09, 0xff, 0xff, 0x02, 0x09, 0xff, 0xff,
0x02, 0x09, 0xff, 0xff, 0x02, 0x09, 0xff, 0xff, 0x02, 0x09, 0xff, 0xff, 0x02, 0x09, 0xff,
0xff, 0x02, 0x09, 0xff, 0xff, 0x02, 0x09, 0xff, 0xff, 0x02, 0x09, 0xff, 0xff, 0x02, 0x08,
0xfe, 0xa3, 0x01, 0x06, 0xf8, 0x3a, 0x01, 0x07, 0xf4, 0x00, 0x01, 0x06, 0xea, 0x00, 0x01,
0x06, 0xf4, 0x00, 0x01, 0x07, 0xf9, 0x00, 0x01, 0x08, 0xf4, 0x00, 0x01, 0x08, 0xe7, 0x00,
0x01, 0x06, 0xbb, 0x00, 0x01, 0x07, 0xef, 0x00, 0x01, 0x0b, 0xf8, 0x00, 0x01, 0x07, 0xeb,
0x00, 0x01, 0x0c, 0xfa, 0x00, 0x01, 0x0e, 0xfd, 0x00, 0x03, 0x0f, 0xfd, 0x00, 0x04, 0x10,
0xfd, 0x00, 0x03, 0x10, 0xff, 0x00, 0x01, 0x0a, 0xe1, 0x00, 0x01, 0x01, 0x81, 0x00, 0x01,
0x01, 0x7f, 0x00, 0x01, 0x01, 0x80, 0x00, 0x01, 0x01, 0x80, 0x00, 0x01, 0x01, 0x80, 0x00,
0x01, 0x01, 0x80, 0x00, 0x01, 0x01, 0x80, 0x00, 0x01, 0x01, 0x80, 0x00, 0x01, 0x01, 0x80,
0x00, 0x01, 0x01, 0x80, 0x00, 0x01, 0x01, 0x80, 0x00, 0x01, 0x01, 0x80, 0x00, 0x01, 0x01,
0x80, 0x00, 0xff, 0xff, 0xff, 0x00, 0xff, 0xff, 0xff, 0x00, 0xff, 0xff, 0xff, 0x00, 0xff,
0xff, 0xff, 0x00, 0xff, 0xff, 0xff, 0x00, 0xff, 0xff, 0xff, 0x00, 0xff, 0xff, 0xff, 0x00,
0xff, 0xff, 0xff, 0x00, 0xff, 0xff, 0xff, 0x00, 0xff, 0xff, 0xff, 0x00, 0xff, 0xff, 0xff,
0x00, 0xff, 0xff, 0xff, 0x00, 0xff, 0xff, 0xff, 0x00, 0xff, 0xff, 0xff, 0x00, 0xff, 0xff,
0xff, 0x00, 0x01, 0x01, 0xab, 0x00, 0x01, 0x01, 0xab, 0x00, 0x01, 0x01, 0xab, 0x00, 0x01,
0x01, 0xab, 0x00, 0x01, 0x01, 0xab, 0x00, 0x01, 0x01, 0xab, 0x00, 0x01, 0x01, 0xab, 0x00,
0x01, 0x01, 0xab, 0x00, 0x01, 0x01, 0xab, 0x00, 0x01, 0x01, 0xab, 0x00, 0x01, 0x01, 0xab,
0x00, 0x01, 0x01, 0xab, 0x00, 0x01, 0x01, 0xaa, 0x00, 0x01, 0x01, 0xae, 0x00, 0x01, 0x0b,
0xee, 0x00, 0x01, 0x10, 0xfe, 0x00, 0x01, 0x10, 0xfc, 0x00, 0x01, 0x0d, 0xfb, 0x00, 0x01,
0x08, 0xd4, 0x00, 0x01, 0x0a, 0xe8, 0x00, 0x02, 0x08, 0xe1, 0x00, 0x01, 0x09, 0xf1, 0x00,
0x01, 0x09, 0xea, 0x00, 0x01, 0x08, 0xf5, 0x00, 0x02, 0x08, 0xed, 0x00, 0x01, 0x08, 0xf3,
0x00, 0x01, 0x09, 0xf9, 0x00, 0x01, 0x08, 0xd8, 0x12, 0x02, 0x08, 0xe7, 0x76, 0x02, 0x0a,
0xfd, 0xed, 0x02, 0x0b, 0xff, 0xff, 0x02, 0x0a, 0xff, 0xff, 0x02, 0x0a, 0xff, 0xff, 0x02,
0x0a, 0xff, 0xff, 0x02, 0x0a, 0xff, 0xff, 0x02, 0x0a, 0xff, 0xff, 0x02, 0x0a, 0xff, 0xff,
0x02, 0x0a, 0xff, 0xff, 0x02, 0x0a, 0xff, 0xff, 0x02, 0x0a, 0xff, 0xff, 0x02, 0x0a, 0xff,
0xff, 0x02, 0x0a, 0xff, 0xff, 0x02, 0x0a, 0xff, 0xff, 0x02, 0x0a, 0xff, 0xff, 0x02, 0x0a,
0xff, 0xff, 0x02, 0x0a, 0xff, 0xff, 0x02, 0x0a, 0xff, 0xff, 0x02, 0x0a, 0xff, 0xff, 0x02,
0x0a, 0xff, 0xff, 0x02, 0x0a, 0xff, 0xff, 0x02, 0x0a, 0xff, 0xff, 0x02, 0x0a, 0xff, 0xff,
0x02, 0x0a, 0xff, 0xff, 0x02, 0x0a, 0xff, 0xff, 0x02, 0x0a, 0xff, 0xff, 0x02, 0x0a, 0xff,
0xff, 0x02, 0x0a, 0xff, 0xff, 0x02, 0x0a, 0xff, 0xff, 0x02, 0x0a, 0xff, 0xff, 0x02, 0x0a,
0xff, 0xff, 0x02, 0x0a, 0xff, 0xff, 0x02, 0x0a, 0xff, 0xff, 0x02, 0x0a, 0xff, 0xff, 0x02,
0x0a, 0xff, 0xff, 0x02, 0x0a, 0xff, 0xff, 0x02, 0x0a, 0xff, 0xff, 0x02, 0x0a, 0xff, 0xff,
0x02, 0x0a, 0xff, 0xff, 0x02, 0x0a, 0xff, 0xff, 0x02, 0x0a, 0xff, 0xff, 0x02, 0x0a, 0xff,
0xff, 0x02, 0x0a, 0xff, 0xff, 0x02, 0x0a, 0xff, 0xff, 0x02, 0x0a, 0xff, 0xff, 0x02, 0x0a,
0xff, 0xff, 0x02, 0x0a, 0xff, 0xff, 0x02, 0x0a, 0xff, 0xff, 0x02, 0x0a, 0xff, 0xff, 0x02,
0x0a, 0xff, 0xff, 0x02, 0x0a, 0xff, 0xff, 0x02, 0x0a, 0xff, 0xff, 0x02, 0x0a, 0xff, 0xff,
0x02, 0x0a, 0xff, 0xff, 0x02, 0x09, 0xff, 0xfd, 0x02, 0x09, 0xfc, 0x95, 0x01, 0x07, 0xec,
0x2a, 0x01, 0x06, 0xf4, 0x00, 0x01, 0x07, 0xf9, 0x00, 0x01, 0x08, 0xf4, 0x00, 0x01, 0x08,
0xe7, 0x00, 0x01, 0x06, 0xbb, 0x00, 0x01, 0x07, 0xef, 0x00, 0x01, 0x0b, 0xf8, 0x00, 0x01,
0x07, 0xeb, 0x00, 0x01, 0x0c, 0xfa, 0x00, 0x01, 0x0e, 0xfd, 0x00, 0x03, 0x0f, 0xfd, 0x00,
0x04, 0x10, 0xfd, 0x00, 0x03, 0x10, 0xff, 0x00, 0x01, 0x0a, 0xe1, 0x00, 0x01, 0x01, 0x81,
0x00, 0x01, 0x01, 0x7f, 0x00, 0x01, 0x01, 0x80, 0x00, 0x01, 0x01, 0x80, 0x00, 0x01, 0x01,
0x80, 0x00, 0x01, 0x01, 0x80, 0x00, 0x01, 0x01, 0x80, 0x00, 0x01, 0x01, 0x80, 0x00, 0x01,
0x01, 0x80, 0x00, 0x01, 0x01, 0x80, 0x00, 0x01, 0x01, 0x80, 0x00, 0x01, 0x01, 0x80, 0x00,
0x01, 0x01, 0x80, 0x00, 0xff, 0xff, 0xff, 0x00, 0xff, 0xff, 0xff, 0x00, 0xff, 0xff, 0xff,
0x00, 0xff, 0xff, 0xff, 0x00, 0xff, 0xff, 0xff, 0x00, 0xff, 0xff, 0xff, 0x00, 0xff, 0xff,
0xff, 0x00, 0xff, 0xff, 0xff, 0x00, 0xff, 0xff, 0xff, 0x00, 0xff, 0xff, 0xff, 0x00, 0xff,
0xff, 0xff, 0x00, 0xff, 0xff, 0xff, 0x00, 0xff, 0xff, 0xff, 0x00, 0xff, 0xff, 0xff, 0x00,
0xff, 0xff, 0xff, 0x00, 0x01, 0x01, 0xab, 0x00, 0x01, 0x01, 0xab, 0x00, 0x01, 0x01, 0xab,
0x00, 0x01, 0x01, 0xab, 0x00, 0x01, 0x01, 0xab, 0x00, 0x01, 0x01, 0xab, 0x00, 0x01, 0x01,
0xab, 0x00, 0x01, 0x01, 0xab, 0x00, 0x01, 0x01, 0xab, 0x00, 0x01, 0x01, 0xab, 0x00, 0x01,
0x01, 0xab, 0x00, 0x01, 0x01, 0xab, 0x00, 0x01, 0x01, 0xaa, 0x00, 0x01, 0x01, 0xae, 0x00,
0x01, 0x0b, 0xee, 0x00, 0x01, 0x10, 0xfe, 0x00, 0x01, 0x10, 0xfc, 0x00, 0x01, 0x0d, 0xfb,
0x00, 0x01, 0x08, 0xd4, 0x00, 0x01, 0x0a, 0xe8, 0x00, 0x02, 0x08, 0xe1, 0x00, 0x01, 0x09,
0xf1, 0x00, 0x01, 0x09, 0xea, 0x00, 0x01, 0x08, 0xf5, 0x00, 0x02, 0x08, 0xed, 0x00, 0x01,
0x08, 0xf3, 0x00, 0x01, 0x09, 0xf6, 0x40, 0x02, 0x0b, 0xff, 0xd3, 0x02, 0x0b, 0xff, 0xff,
0x02, 0x0b, 0xff, 0xff, 0x02, 0x0b, 0xff, 0xff, 0x02, 0x0b, 0xff, 0xff, 0x02, 0x0b, 0xff,
0xff, 0x02, 0x0b, 0xff, 0xff, 0x02, 0x0b, 0xff, 0xff, 0x02, 0x0b, 0xff, 0xff, 0x02, 0x0b,
0xff, 0xff, 0x02, 0x0b, 0xff, 0xff, 0x02, 0x0b, 0xff, 0xff, 0x02, 0x0b, 0xff, 0xff, 0x02,
0x0b, 0xff, 0xff, 0x02, 0x0b, 0xff, 0xff, 0x02, 0x0b, 0xff, 0xff, 0x02, 0x0b, 0xff, 0xff,
0x02, 0x0b, 0xff, 0xff, 0x02, 0x0b, 0xff, 0xff, 0x02, 0x0b, 0xff, 0xff, 0x02, 0x0b, 0xff,
0xff, 0x02, 0x0b, 0xff, 0xff, 0x02, 0x0b, 0xff, 0xff, 0x02, 0x0b, 0xff, 0xff, 0x02, 0x0b,
0xff, 0xff, 0x02, 0x0b, 0xff, 0xff, 0x02, 0x0b, 0xff, 0xff, 0x02, 0x0b, 0xff, 0xff, 0x02,
0x0b, 0xff, 0xff, 0x02, 0x0b, 0xff, 0xff, 0x02, 0x0b, 0xff, 0xff, 0x02, 0x0b, 0xff, 0xff,
0x02, 0x0b, 0xff, 0xff, 0x02, 0x0b, 0xff, 0xff, 0x02, 0x0b, 0xff, 0xff, 0x02, 0x0b, 0xff,
0xff, 0x02, 0x0b, 0xff, 0xff, 0x02, 0x0b, 0xff, 0xff, 0x02, 0x0b, 0xff, 0xff, 0x02, 0x0b,
0xff, 0xff, 0x02, 0x0b, 0xff, 0xff, 0x02, 0x0b, 0xff, 0xff, 0x02, 0x0b, 0xff, 0xff, 0x02,
0x0b, 0xff, 0xff, 0x02, 0x0b, 0xff, 0xff, 0x02, 0x0b, 0xff, 0xff, 0x02, 0x0b, 0xff, 0xff,
0x02, 0x0b, 0xff, 0xff, 0x02, 0x0b, 0xff, 0xff, 0x02, 0x0a, 0xff, 0xff, 0x02, 0x0a, 0xff,
0xff, 0x02, 0x0a, 0xff, 0xff, 0x02, 0x0a, 0xff, 0xff, 0x02, 0x0a, 0xff, 0xff, 0x02, 0x0a,
0xff, 0xff, 0x02, 0x0a, 0xff, 0xff, 0x02, 0x0a, 0xff, 0xff, 0x02, 0x0a, 0xff, 0xff, 0x02,
0x0a, 0xfd, 0xef, 0x01, 0x08, 0xf9, 0x64, 0x01, 0x07, 0xf9, 0x04, 0x01, 0x08, 0xf4, 0x00,
0x01, 0x08, 0xe7, 0x00, 0x01, 0x06, 0xbb, 0x00, 0x01, 0x07, 0xef, 0x00, 0x01, 0x0b, 0xf8,
0x00, 0x01, 0x07, 0xeb, 0x00, 0x01, 0x0c, 0xfa, 0x00, 0x01, 0x0e, 0xfd, 0x00, 0x03, 0x0f,
0xfd, 0x00, 0x04, 0x10, 0xfd, 0x00, 0x03, 0x10, 0xff, 0x00, 0x01, 0x0a, 0xe1, 0x00, 0x01,
0x01, 0x81, 0x00, 0x01, 0x01, 0x7f, 0x00, 0x01, 0x01, 0x80, 0x00, 0x01, 0x01, 0x80, 0x00,
0x01, 0x01, 0x80, 0x00, 0x01, 0x01, 0x80, 0x00, 0x01, 0x01, 0x80, 0x00, 0x01, 0x01, 0x80,
0x00, 0x01, 0x01, 0x80, 0x00, 0x01, 0x01, 0x80, 0x00, 0x01, 0x01, 0x80, 0x00, 0x01, 0x01,
0x80, 0x00, 0x01, 0x01, 0x80, 0x00, 0xff, 0xff, 0xff, 0x00, 0xff, 0xff, 0xff, 0x00, 0xff,
0xff, 0xff, 0x00, 0xff, 0xff, 0xff, 0x00, 0xff, 0xff, 0xff, 0x00, 0xff, 0xff, 0xff, 0x00,
0xff, 0xff, 0xff, 0x00, 0xff, 0xff, 0xff, 0x00, 0xff, 0xff, 0xff, 0x00, 0xff, 0xff, 0xff,
0x00, 0xff, 0xff, 0xff, 0x00, 0xff, 0xff, 0xff, 0x00, 0xff, 0xff, 0xff, 0x00, 0xff, 0xff,
0xff, 0x00, 0xff, 0xff, 0xff, 0x00, 0x01, 0x01, 0xab, 0x00, 0x01, 0x01, 0xab, 0x00, 0x01,
0x01, 0xab, 0x00, 0x01, 0x01, 0xab, 0x00, 0x01, 0x01, 0xab, 0x00, 0x01, 0x01, 0xab, 0x00,
0x01, 0x01, 0xab, 0x00, 0x01, 0x01, 0xab, 0x00, 0x01, 0x01, 0xab, 0x00, 0x01, 0x01, 0xab,
0x00, 0x01, 0x01, 0xab, 0x00, 0x01, 0x01, 0xab, 0x00, 0x01, 0x01, 0xaa, 0x00, 0x01, 0x01,
0xae, 0x00, 0x01, 0x0b, 0xee, 0x00, 0x01, 0x10, 0xfe, 0x00, 0x01, 0x10, 0xfc, 0x00, 0x01,
0x0d, 0xfb, 0x00, 0x01, 0x08, 0xd4, 0x00, 0x01, 0x0a, 0xe8, 0x00, 0x02, 0x08, 0xe1, 0x00,
0x01, 0x09, 0xf1, 0x00, 0x01, 0x09, 0xea, 0x00, 0x01, 0x08, 0xf5, 0x00, 0x02, 0x08, 0xee,
0x15, 0x02, 0x0a, 0xfb, 0x9a, 0x03, 0x0c, 0xff, 0xff, 0x03, 0x0c, 0xff, 0xff, 0x03, 0x0b,
0xff, 0xff, 0x03, 0x0b, 0xff, 0xff, 0x03, 0x0b, 0xff, 0xff, 0x03, 0x0b, 0xff, 0xff, 0x02,
0x0b, 0xff, 0xff, 0x02, 0x0b, 0xff, 0xff, 0x02, 0x0b, 0xff, 0xff, 0x02, 0x0b, 0xff, 0xff,
0x02, 0x0b, 0xff, 0xff, 0x02, 0x0b, 0xff, 0xff, 0x02, 0x0b, 0xff, 0xff, 0x02, 0x0b, 0xff,
0xff, 0x02, 0x0b, 0xff, 0xff, 0x02, 0x0b, 0xff, 0xff, 0x02, 0x0b, 0xff, 0xff, 0x02, 0x0b,
0xff, 0xff, 0x02, 0x0b, 0xff, 0xff, 0x02, 0x0b, 0xff, 0xff, 0x02, 0x0b, 0xff, 0xff, 0x02,
0x0b, 0xff, 0xff, 0x02, 0x0b, 0xff, 0xff, 0x02, 0x0b, 0xff, 0xff, 0x02, 0x0b, 0xff, 0xff,
0x02, 0x0b, 0xff, 0xff, 0x02, 0x0b, 0xff, 0xff, 0x02, 0x0b, 0xff, 0xff, 0x02, 0x0b, 0xff,
0xff, 0x02, 0x0b, 0xff, 0xff, 0x02, 0x0b, 0xff, 0xff, 0x02, 0x0b, 0xff, 0xff, 0x02, 0x0b,
0xff, 0xff, 0x02, 0x0b, 0xff, 0xff, 0x02, 0x0b, 0xff, 0xff, 0x02, 0x0b, 0xff, 0xff, 0x02,
0x0b, 0xff, 0xff, 0x02, 0x0b, 0xff, 0xff, 0x02, 0x0b, 0xff, 0xff, 0x02, 0x0b, 0xff, 0xff,
0x02, 0x0b, 0xff, 0xff, 0x02, 0x0b, 0xff, 0xff, 0x02, 0x0b, 0xff, 0xff, 0x02, 0x0b, 0xff,
0xff, 0x02, 0x0b, 0xff, 0xff, 0x02, 0x0b, 0xff, 0xff, 0x02, 0x0b, 0xff, 0xff, 0x02, 0x0b,
0xff, 0xff, 0x02, 0x0b, 0xff, 0xff, 0x02, 0x0b, 0xff, 0xff, 0x02, 0x0b, 0xff, 0xff, 0x02,
0x0b, 0xff, 0xff, 0x02, 0x0b, 0xff, 0xff, 0x02, 0x0b, 0xff, 0xff, 0x02, 0x0b, 0xff, 0xff,
0x02, 0x0b, 0xff, 0xff, 0x02, 0x0b, 0xff, 0xff, 0x02, 0x0b, 0xff, 0xff, 0x02, 0x0b, 0xff,
0xff, 0x02, 0x0b, 0xff, 0xff, 0x02, 0x0b, 0xff, 0xff, 0x01, 0x0a, 0xfd, 0xbe, 0x01, 0x09,
0xf6, 0x26, 0x01, 0x08, 0xe6, 0x00, 0x01, 0x06, 0xbb, 0x00, 0x01, 0x07, 0xef, 0x00, 0x01,
0x0b, 0xf8, 0x00, 0x01, 0x07, 0xeb, 0x00, 0x01, 0x0c, 0xfa, 0x00, 0x01, 0x0e, 0xfd, 0x00,
0x03, 0x0f, 0xfd, 0x00, 0x04, 0x10, 0xfd, 0x00, 0x03, 0x10, 0xff, 0x00, 0x01, 0x0a, 0xe1,
0x00, 0x01, 0x01, 0x81, 0x00, 0x01, 0x01, 0x7f, 0x00, 0x01, 0x01, 0x80, 0x00, 0x01, 0x01,
0x80, 0x00, 0x01, 0x01, 0x80, 0x00, 0x01, 0x01, 0x80, 0x00, 0x01, 0x01, 0x80, 0x00, 0x01,
0x01, 0x80, 0x00, 0x01, 0x01, 0x80, 0x00, 0x01, 0x01, 0x80, 0x00, 0x01, 0x01, 0x80, 0x00,
0x01, 0x01, 0x80, 0x00, 0x01, 0x01, 0x80, 0x00, 0xff, 0xff, 0xff, 0x00, 0xff, 0xff, 0xff,
0x00, 0xff, 0xff, 0xff, 0x00, 0xff, 0xff, 0xff, 0x00, 0xff, 0xff, 0xff, 0x00, 0xff, 0xff,
0xff, 0x00, 0xff, 0xff, 0xff, 0x00, 0xff, 0xff, 0xff, 0x00, 0xff, 0xff, 0xff, 0x00, 0xff,
0xff, 0xff, 0x00, 0xff, 0xff, 0xff, 0x00, 0xff, 0xff, 0xff, 0x00, 0xff, 0xff, 0xff, 0x00,
0xff, 0xff, 0xff, 0x00, 0xff, 0xff, 0xff, 0x00, 0x01, 0x01, 0xab, 0x00, 0x01, 0x01, 0xab,
0x00, 0x01, 0x01, 0xab, 0x00, 0x01, 0x01, 0xab, 0x00, 0x01, 0x01, 0xab, 0x00, 0x01, 0x01,
0xab, 0x00, 0x01, 0x01, 0xab, 0x00, 0x01, 0x01, 0xab, 0x00, 0x01, 0x01, 0xab, 0x00, 0x01,
0x01, 0xab, 0x00, 0x01, 0x01, 0xab, 0x00, 0x01, 0x01, 0xab, 0x00, 0x01, 0x01, 0xaa, 0x00,
0x01, 0x01, 0xae, 0x00, 0x01, 0x0b, 0xee, 0x00, 0x01, 0x10, 0xfe, 0x00, 0x01, 0x10, 0xfc,
0x00, 0x01, 0x0d, 0xfb, 0x00, 0x01, 0x08, 0xd4, 0x00, 0x01, 0x0a, 0xe8, 0x00, 0x02, 0x08,
0xe1, 0x00, 0x01, 0x09, 0xf1, 0x00, 0x01, 0x09, 0xe9, 0x00, 0x02, 0x0a, 0xf8, 0x3f, 0x03,
0x0c, 0xfe, 0xdd, 0x03, 0x0c, 0xff, 0xff, 0x03, 0x0c, 0xff, 0xff, 0x03, 0x0c, 0xff, 0xff,
0x03, 0x0c, 0xff, 0xff, 0x03, 0x0c, 0xff, 0xff, 0x03, 0x0c, 0xff, 0xff, 0x03, 0x0c, 0xff,
0xff, 0x03, 0x0c, 0xff, 0xff, 0x03, 0x0c, 0xff, 0xff, 0x03, 0x0c, 0xff, 0xff, 0x03, 0x0c,
0xff, 0xff, 0x03, 0x0c, 0xff, 0xff, 0x03, 0x0c, 0xff, 0xff, 0x03, 0x0c, 0xff, 0xff, 0x03,
0x0c, 0xff, 0xff, 0x03, 0x0c, 0xff, 0xff, 0x03, 0x0c, 0xff, 0xff, 0x03, 0x0c, 0xff, 0xff,
0x03, 0x0c, 0xff, 0xff, 0x03, 0x0c, 0xff, 0xff, 0x03, 0x0c, 0xff, 0xff, 0x03, 0x0c, 0xff,
0xff, 0x03, 0x0c, 0xff, 0xff, 0x03, 0x0c, 0xff, 0xff, 0x03, 0x0c, 0xff, 0xff, 0x03, 0x0c,
0xff, 0xff, 0x03, 0x0c, 0xff, 0xff, 0x03, 0x0c, 0xff, 0xff, 0x03, 0x0c, 0xff, 0xff, 0x03,
0x0c, 0xff, 0xff, 0x03, 0x0c, 0xff, 0xff, 0x03, 0x0c, 0xff, 0xff, 0x03, 0x0c, 0xff, 0xff,
0x03, 0x0c, 0xff, 0xff, 0x03, 0x0c, 0xff, 0xff, 0x03, 0x0c, 0xff, 0xff, 0x03, 0x0c, 0xff,
0xff, 0x03, 0x0c, 0xff, 0xff, 0x03, 0x0c, 0xff, 0xff, 0x03, 0x0c, 0xff, 0xff, 0x03, 0x0c,
0xff, 0xff, 0x03, 0x0c, 0xff, 0xff, 0x03, 0x0c, 0xff, 0xff, 0x03, 0x0c, 0xff, 0xff, 0x03,
0x0c, 0xff, 0xff, 0x03, 0x0c, 0xff, 0xff, 0x03, 0x0c, 0xff, 0xff, 0x03, 0x0c, 0xff, 0xff,
0x03, 0x0c, 0xff, 0xff, 0x03, 0x0c, 0xff, 0xff, 0x03, 0x0c, 0xff, 0xff, 0x03, 0x0c, 0xff,
0xff, 0x03, 0x0c, 0xff, 0xff, 0x03, 0x0c, 0xff, 0xff, 0x03, 0x0c, 0xff, 0xff, 0x03, 0x0b,
0xff, 0xff, 0x03, 0x0b, 0xff, 0xff, 0x03, 0x0b, 0xff, 0xff, 0x03, 0x0b, 0xff, 0xff, 0x03,
0x0b, 0xff, 0xff, 0x03, 0x0b, 0xff, 0xff, 0x03, 0x0b, 0xff, 0xff, 0x03, 0x0c, 0xff, 0xff,
0x02, 0x0b, 0xff, 0xee, 0x02, 0x09, 0xed, 0x57, 0x01, 0x06, 0xb9, 0x00, 0x01, 0x07, 0xef,
0x00, 0x01, 0x0b, 0xf8, 0x00, 0x01, 0x07, 0xeb, 0x00, 0x01, 0x0c, 0xfa, 0x00, 0x01, 0x0e,
0xfd, 0x00, 0x03, 0x0f, 0xfd, 0x00, 0x04, 0x10, 0xfd, 0x00, 0x03, 0x10, 0xff, 0x00, 0x01,
0x0a, 0xe1, 0x00, 0x01, 0x01, 0x81, 0x00, 0x01, 0x01, 0x7f, 0x00, 0x01, 0x01, 0x80, 0x00,
0x01, 0x01, 0x80, 0x00, 0x01, 0x01, 0x80, 0x00, 0x01, 0x01, 0x80, 0x00, 0x01, 0x01, 0x80,
0x00, 0x01, 0x01, 0x80, 0x00, 0x01, 0x01, 0x80, 0x00, 0x01, 0x01, 0x80, 0x00, 0x01, 0x01,
0x80, 0x00, 0x01, 0x01, 0x80, 0x00, 0x01, 0x01, 0x80, 0x00, 0xff, 0xff, 0xff, 0x00, 0xff,
0xff, 0xff, 0x00, 0xff, 0xff, 0xff, 0x00, 0xff, 0xff, 0xff, 0x00, 0xff, 0xff, 0xff, 0x00,
0xff, 0xff, 0xff, 0x00, 0xff, 0xff, 0xff, 0x00, 0xff, 0xff, 0xff, 0x00, 0xff, 0xff, 0xff,
0x00, 0xff, 0xff, 0xff, 0x00, 0xff, 0xff, 0xff, 0x00, 0xff, 0xff, 0xff, 0x00, 0xff, 0xff,
0xff, 0x00, 0xff, 0xff, 0xff, 0x00, 0xff, 0xff, 0xff, 0x00, 0x01, 0x01, 0xab, 0x00, 0x01,
0x01, 0xab, 0x00, 0x01, 0x01, 0xab, 0x00, 0x01, 0x01, 0xab, 0x00, 0x01, 0x01, 0xab, 0x00,
0x01, 0x01, 0xab, 0x00, 0x01, 0x01, 0xab, 0x00, 0x01, 0x01, 0xab, 0x00, 0x01, 0x01, 0xab,
0x00, 0x01, 0x01, 0xab, 0x00, 0x01, 0x01, 0xab, 0x00, 0x01, 0x01, 0xab, 0x00, 0x01, 0x01,
0xaa, 0x00, 0x01, 0x01, 0xae, 0x00, 0x01, 0x0b, 0xee, 0x00, 0x01, 0x10, 0xfe, 0x00, 0x01,
0x10, 0xfc, 0x00, 0x01, 0x0d, 0xfb, 0x00, 0x01, 0x08, 0xd4, 0x00, 0x01, 0x0a, 0xe8, 0x00,
0x02, 0x08, 0xe0, 0x00, 0x01, 0x09, 0xf2, 0x00, 0x02, 0x0b, 0xf2, 0x7a, 0x03, 0x0d, 0xff,
0xfc, 0x03, 0x0d, 0xff, 0xff, 0x03, 0x0d, 0xff, 0xff, 0x03, 0x0d, 0xff, 0xff, 0x03, 0x0d,
0xff, 0xff, 0x03, 0x0d, 0xff, 0xff, 0x03, 0x0d, 0xff, 0xff, 0x03, 0x0d, 0xff, 0xff, 0x03,
0x0d, 0xff, 0xff, 0x03, 0x0d, 0xff, 0xff, 0x03, 0x0d, 0xff, 0xff, 0x03, 0x0d, 0xff, 0xff,
0x03, 0x0d, 0xff, 0xff, 0x03, 0x0d, 0xff, 0xff, 0x03, 0x0d, 0xff, 0xff, 0x03, 0x0d, 0xff,
0xff, 0x03, 0x0d, 0xff, 0xff, 0x03, 0x0d, 0xff, 0xff, 0x03, 0x0d, 0xff, 0xff, 0x03, 0x0d,
0xff, 0xff, 0x03, 0x0d, 0xff, 0xff, 0x03, 0x0d, 0xff, 0xff, 0x03, 0x0d, 0xff, 0xff, 0x03,
0x0d, 0xff, 0xff, 0x03, 0x0d, 0xff, 0xff, 0x03, 0x0d, 0xff, 0xff, 0x03, 0x0d, 0xff, 0xff,
0x03, 0x0d, 0xff, 0xff, 0x03, 0x0d, 0xff, 0xff, 0x03, 0x0d, 0xff, 0xff, 0x03, 0x0d, 0xff,
0xff, 0x03, 0x0d, 0xff, 0xff, 0x03, 0x0d, 0xff, 0xff, 0x03, 0x0d, 0xff, 0xff, 0x03, 0x0d,
0xff, 0xff, 0x03, 0x0d, 0xff, 0xff, 0x03, 0x0d, 0xff, 0xff, 0x03, 0x0d, 0xff, 0xff, 0x03,
0x0d, 0xff, 0xff, 0x03, 0x0c, 0xff, 0xff, 0x03, 0x0c, 0xff, 0xff, 0x03, 0x0c, 0xff, 0xff,
0x03, 0x0c, 0xff, 0xff, 0x03, 0x0c, 0xff, 0xff, 0x03, 0x0c, 0xff, 0xff, 0x03, 0x0d, 0xff,
0xff, 0x03, 0x0d, 0xff, 0xff, 0x03, 0x0d, 0xff, 0xff, 0x03, 0x0d, 0xff, 0xff, 0x03, 0x0d,
0xff, 0xff, 0x03, 0x0d, 0xff, 0xff, 0x03, 0x0c, 0xff, 0xff, 0x03, 0x0c, 0xff, 0xff, 0x03,
0x0c, 0xff, 0xff, 0x03, 0x0c, 0xff, 0xff, 0x03, 0x0c, 0xff, 0xff, 0x03, 0x0c, 0xff, 0xff,
0x03, 0x0c, 0xff, 0xff, 0x03, 0x0c, 0xff, 0xff, 0x03, 0x0c, 0xff, 0xff, 0x03, 0x0c, 0xff,
0xff, 0x03, 0x0c, 0xff, 0xff, 0x03, 0x0c, 0xff, 0xff, 0x03, 0x0c, 0xff, 0xff, 0x03, 0x0c,
0xff, 0xff, 0x03, 0x0c, 0xff, 0xff, 0x03, 0x0c, 0xfe, 0xff, 0x02, 0x0a, 0xed, 0x8e, 0x01,
0x07, 0xeb, 0x01, 0x01, 0x0b, 0xf8, 0x00, 0x01, 0x07, 0xeb, 0x00, 0x01, 0x0c, 0xfa, 0x00,
0x01, 0x0e, 0xfd, 0x00, 0x03, 0x0f, 0xfd, 0x00, 0x04, 0x10, 0xfd, 0x00, 0x03, 0x10, 0xff,
0x00, 0x01, 0x0a, 0xe1, 0x00, 0x01, 0x01, 0x81, 0x00, 0x01, 0x01, 0x7f, 0x00, 0x01, 0x01,
0x80, 0x00, 0x01, 0x01, 0x80, 0x00, 0x01, 0x01, 0x80, 0x00, 0x01, 0x01, 0x80, 0x00, 0x01,
0x01, 0x80, 0x00, 0x01, 0x01, 0x80, 0x00, 0x01, 0x01, 0x80, 0x00, 0x01, 0x01, 0x80, 0x00,
0x01, 0x01, 0x80, 0x00, 0x01, 0x01, 0x80, 0x00, 0x01, 0x01, 0x80, 0x00, 0xff, 0xff, 0xff,
0x00, 0xff, 0xff, 0xff, 0x00, 0xff, 0xff, 0xff, 0x00, 0xff, 0xff, 0xff, 0x00, 0xff, 0xff,
0xff, 0x00, 0xff, 0xff, 0xff, 0x00, 0xff, 0xff, 0xff, 0x00, 0xff, 0xff, 0xff, 0x00, 0xff,
0xff, 0xff, 0x00, 0xff, 0xff, 0xff, 0x00, 0xff, 0xff, 0xff, 0x00, 0xff, 0xff, 0xff, 0x00,
0xff, 0xff, 0xff, 0x00, 0xff, 0xff, 0xff, 0x00, 0xff, 0xff, 0xff, 0x00, 0x01, 0x01, 0xab,
0x00, 0x01, 0x01, 0xab, 0x00, 0x01, 0x01, 0xab, 0x00, 0x01, 0x01, 0xab, 0x00, 0x01, 0x01,
0xab, 0x00, 0x01, 0x01, 0xab, 0x00, 0x01, 0x01, 0xab, 0x00, 0x01, 0x01, 0xab, 0x00, 0x01,
0x01, 0xab, 0x00, 0x01, 0x01, 0xab, 0x00, 0x01, 0x01, 0xab, 0x00, 0x01, 0x01, 0xab, 0x00,
0x01, 0x01, 0xaa, 0x00, 0x01, 0x01, 0xae, 0x00, 0x01, 0x0b, 0xee, 0x00, 0x01, 0x10, 0xfe,
0x00, 0x01, 0x10, 0xfc, 0x00, 0x01, 0x0d, 0xfb, 0x00, 0x01, 0x08, 0xd4, 0x00, 0x01, 0x0a,
0xe7, 0x00, 0x01, 0x08, 0xe1, 0x0f, 0x03, 0x0d, 0xfd, 0xae, 0x03, 0x0e, 0xff, 0xff, 0x03,
0x0e, 0xff, 0xff, 0x03, 0x0e, 0xff, 0xff, 0x03, 0x0e, 0xff, 0xff, 0x03, 0x0e, 0xff, 0xff,
0x03, 0x0e, 0xff, 0xff, 0x03, 0x0e, 0xff, 0xff, 0x03, 0x0e, 0xff, 0xff, 0x03, 0x0e, 0xff,
0xff, 0x03, 0x0e, 0xff, 0xff, 0x03, 0x0e, 0xff, 0xff, 0x03, 0x0e, 0xff, 0xff, 0x03, 0x0e,
0xff, 0xff, 0x03, 0x0e, 0xff, 0xff, 0x03, 0x0e, 0xff, 0xff, 0x03, 0x0e, 0xff, 0xff, 0x03,
0x0e, 0xff, 0xff, 0x03, 0x0e, 0xff, 0xff, 0x03, 0x0e, 0xff, 0xff, 0x03, 0x0e, 0xff, 0xff,
0x03, 0x0e, 0xff, 0xff, 0x03, 0x0e, 0xff, 0xff, 0x03, 0x0d, 0xff, 0xff, 0x03, 0x0d, 0xff,
0xff, 0x03, 0x0d, 0xff, 0xff, 0x03, 0x0d, 0xff, 0xff, 0x03, 0x0d, 0xff, 0xff, 0x03, 0x0d,
0xff, 0xff, 0x03, 0x0e, 0xff, 0xff, 0x03, 0x0e, 0xff, 0xff, 0x03, 0x0e, 0xff, 0xff, 0x03,
0x0e, 0xff, 0xff, 0x03, 0x0e, 0xff, 0xff, 0x03, 0x0e, 0xff, 0xff, 0x03, 0x0d, 0xff, 0xff,
0x03, 0x0d, 0xff, 0xff, 0x03, 0x0d, 0xff, 0xff, 0x03, 0x0d, 0xff, 0xff, 0x03, 0x0d, 0xff,
0xff, 0x03, 0x0d, 0xff, 0xff, 0x03, 0x0d, 0xff, 0xff, 0x03, 0x0d, 0xff, 0xff, 0x03, 0x0d,
0xff, 0xff, 0x03, 0x0d, 0xff, 0xff, 0x03, 0x0d, 0xff, 0xff, 0x03, 0x0d, 0xff, 0xff, 0x03,
0x0d, 0xff, 0xff, 0x03, 0x0d, 0xff, 0xff, 0x03, 0x0d, 0xff, 0xff, 0x03, 0x0d, 0xff, 0xff,
0x03, 0x0d, 0xff, 0xff, 0x03, 0x0d, 0xff, 0xff, 0x03, 0x0d, 0xff, 0xff, 0x03, 0x0d, 0xff,
0xff, 0x03, 0x0d, 0xff, 0xff, 0x03, 0x0d, 0xff, 0xff, 0x03, 0x0d, 0xff, 0xff, 0x03, 0x0d,
0xff, 0xff, 0x03, 0x0d, 0xff, 0xff, 0x03, 0x0d, 0xff, 0xff, 0x03, 0x0d, 0xff, 0xff, 0x03,
0x0d, 0xff, 0xff, 0x03, 0x0d, 0xff, 0xff, 0x03, 0x0d, 0xff, 0xff, 0x03, 0x0d, 0xff, 0xff,
0x03, 0x0d, 0xff, 0xff, 0x03, 0x0d, 0xff, 0xff, 0x03, 0x0d, 0xff, 0xff, 0x03, 0x0d, 0xff,
0xff, 0x03, 0x0b, 0xf8, 0xb4, 0x01, 0x0c, 0xfa, 0x0e, 0x01, 0x07, 0xea, 0x00, 0x01, 0x0c,
0xfa, 0x00, 0x01, 0x0e, 0xfd, 0x00, 0x03, 0x0f, 0xfd, 0x00, 0x04, 0x10, 0xfd, 0x00, 0x03,
0x10, 0xff, 0x00, 0x01, 0x0a, 0xe1, 0x00, 0x01, 0x01, 0x81, 0x00, 0x01, 0x01, 0x7f, 0x00,
0x01, 0x01, 0x80, 0x00, 0x01, 0x01, 0x80, 0x00, 0x01, 0x01, 0x80, 0x00, 0x01, 0x01, 0x80,
0x00, 0x01, 0x01, 0x80, 0x00, 0x01, 0x01, 0x80, 0x00, 0x01, 0x01, 0x80, 0x00, 0x01, 0x01,
0x80, 0x00, 0x01, 0x01, 0x80, 0x00, 0x01, 0x01, 0x80, 0x00, 0x01, 0x01, 0x80, 0x00, 0xff,
0xff, 0xff, 0x00, 0xff, 0xff, 0xff, 0x00, 0xff, 0xff, 0xff, 0x00, 0xff, 0xff, 0xff, 0x00,
0xff, 0xff, 0xff, 0x00, 0xff, 0xff, 0xff, 0x00, 0xff, 0xff, 0xff, 0x00, 0xff, 0xff, 0xff,
0x00, 0xff, 0xff, 0xff, 0x00, 0xff, 0xff, 0xff, 0x00, 0xff, 0xff, 0xff, 0x00, 0xff, 0xff,
0xff, 0x00, 0xff, 0xff, 0xff, 0x00, 0xff, 0xff, 0xff, 0x00, 0xff, 0xff, 0xff, 0x00, 0x01,
0x01, 0xab, 0x00, 0x01, 0x01, 0xab, 0x00, 0x01, 0x01, 0xab, 0x00, 0x01, 0x01, 0xab, 0x00,
0x01, 0x01, 0xab, 0x00, 0x01, 0x01, 0xab, 0x00, 0x01, 0x01, 0xab, 0x00, 0x01, 0x01, 0xab,
0x00, 0x01, 0x01, 0xab, 0x00, 0x01, 0x01, 0xab, 0x00, 0x01, 0x01, 0xab, 0x00, 0x01, 0x01,
0xab, 0x00, 0x01, 0x01, 0xaa, 0x00, 0x01, 0x01, 0xae, 0x00, 0x01, 0x0b, 0xee, 0x00, 0x01,
0x10, 0xfe, 0x00, 0x01, 0x10, 0xfc, 0x00, 0x01, 0x0d, 0xfb, 0x00, 0x01, 0x08, 0xd0, 0x00,
0x01, 0x0c, 0xf3, 0x29, 0x03, 0x0d, 0xf8, 0xd2, 0x03, 0x0f, 0xff, 0xff, 0x03, 0x0f, 0xff,
0xff, 0x03, 0x0f, 0xff, 0xff, 0x03, 0x0f, 0xff, 0xff, 0x03, 0x0f, 0xff, 0xff, 0x03, 0x0e,
0xff, 0xff, 0x03, 0x0e, 0xff, 0xff, 0x03, 0x0e, 0xff, 0xff, 0x03, 0x0e, 0xff, 0xff, 0x03,
0x0e, 0xff, 0xff, 0x03, 0x0e, 0xff, 0xff, 0x03, 0x0f, 0xff, 0xff, 0x03, 0x0f, 0xff, 0xff,
0x03, 0x0f, 0xff, 0xff, 0x03, 0x0f, 0xff, 0xff, 0x03, 0x0f, 0xff, 0xff, 0x03, 0x0f, 0xff,
0xff, 0x03, 0x0e, 0xff, 0xff, 0x03, 0x0e, 0xff, 0xff, 0x03, 0x0e, 0xff, 0xff, 0x03, 0x0e,
0xff, 0xff, 0x03, 0x0e, 0xff, 0xff, 0x03, 0x0e, 0xff, 0xff, 0x03, 0x0e, 0xff, 0xff, 0x03,
0x0e, 0xff, 0xff, 0x03, 0x0e, 0xff, 0xff, 0x03, 0x0e, 0xff, 0xff, 0x03, 0x0e, 0xff, 0xff,
0x03, 0x0e, 0xff, 0xff, 0x03, 0x0e, 0xff, 0xff, 0x03, 0x0e, 0xff, 0xff, 0x03, 0x0e, 0xff,
0xff, 0x03, 0x0e, 0xff, 0xff, 0x03, 0x0e, 0xff, 0xff, 0x03, 0x0e, 0xff, 0xff, 0x03, 0x0e,
0xff, 0xff, 0x03, 0x0e, 0xff, 0xff, 0x03, 0x0e, 0xff, 0xff, 0x03, 0x0e, 0xff, 0xff, 0x03,
0x0e, 0xff, 0xff, 0x03, 0x0e, 0xff, 0xff, 0x03, 0x0e, 0xff, 0xff, 0x03, 0x0e, 0xff, 0xff,
0x03, 0x0e, 0xff, 0xff, 0x03, 0x0e, 0xff, 0xff, 0x03, 0x0e, 0xff, 0xff, 0x03, 0x0e, 0xff,
0xff, 0x03, 0x0e, 0xff, 0xff, 0x03, 0x0e, 0xff, 0xff, 0x03, 0x0e, 0xff, 0xff, 0x03, 0x0e,
0xff, 0xff, 0x03, 0x0e, 0xff, 0xff, 0x03, 0x0e, 0xff, 0xff, 0x03, 0x0e, 0xff, 0xff, 0x03,
0x0e, 0xff, 0xff, 0x03, 0x0e, 0xff, 0xff, 0x03, 0x0e, 0xff, 0xff, 0x03, 0x0e, 0xff, 0xff,
0x03, 0x0e, 0xff, 0xff, 0x03, 0x0e, 0xff, 0xff, 0x03, 0x0e, 0xff, 0xff, 0x03, 0x0e, 0xff,
0xff, 0x03, 0x0e, 0xff, 0xff, 0x03, 0x0e, 0xff, 0xff, 0x03, 0x0e, 0xff, 0xff, 0x03, 0x0e,
0xff, 0xff, 0x03, 0x0e, 0xff, 0xff, 0x03, 0x0e, 0xff, 0xff, 0x03, 0x0e, 0xff, 0xff, 0x03,
0x0e, 0xff, 0xff, 0x03, 0x0e, 0xff, 0xff, 0x03, 0x0e, 0xfe, 0xce, 0x01, 0x07, 0xed, 0x20,
0x01, 0x0c, 0xfa, 0x00, 0x01, 0x0e, 0xfd, 0x00, 0x03, 0x0f, 0xfd, 0x00, 0x04, 0x10, 0xfd,
0x00, 0x03, 0x10, 0xff, 0x00, 0x01, 0x0a, 0xe1, 0x00, 0x01, 0x01, 0x81, 0x00, 0x01, 0x01,
0x7f, 0x00, 0x01, 0x01, 0x80, 0x00, 0x01, 0x01, 0x80, 0x00, 0x01, 0x01, 0x80, 0x00, 0x01,
0x01, 0x80, 0x00, 0x01, 0x01, 0x80, 0x00, 0x01, 0x01, 0x80, 0x00, 0x01, 0x01, 0x80, 0x00,
0x01, 0x01, 0x80, 0x00, 0x01, 0x01, 0x80, 0x00, 0x01, 0x01, 0x80, 0x00, 0x01, 0x01, 0x80,
0x00, 0xff, 0xff, 0xff, 0x00, 0xff, 0xff, 0xff, 0x00, 0xff, 0xff, 0xff, 0x00, 0xff, 0xff,
0xff, 0x00, 0xff, 0xff, 0xff, 0x00, 0xff, 0xff, 0xff, 0x00, 0xff, 0xff, 0xff, 0x00, 0xff,
0xff, 0xff, 0x00, 0xff, 0xff, 0xff, 0x00, 0xff, 0xff, 0xff, 0x00, 0xff, 0xff, 0xff, 0x00,
0xff, 0xff, 0xff, 0x00, 0xff, 0xff, 0xff, 0x00, 0xff, 0xff, 0xff, 0x00, 0xff, 0xff, 0xff,
0x00, 0x01, 0x01, 0xab, 0x00, 0x01, 0x01, 0xab, 0x00, 0x01, 0x01, 0xab, 0x00, 0x01, 0x01,
0xab, 0x00, 0x01, 0x01, 0xab, 0x00, 0x01, 0x01, 0xab, 0x00, 0x01, 0x01, 0xab, 0x00, 0x01,
0x01, 0xab, 0x00, 0x01, 0x01, 0xab, 0x00, 0x01, 0x01, 0xab, 0x00, 0x01, 0x01, 0xab, 0x00,
0x01, 0x01, 0xab, 0x00, 0x01, 0x01, 0xaa, 0x00, 0x01, 0x01, 0xae, 0x00, 0x01, 0x0b, 0xee,
0x00, 0x01, 0x10, 0xfe, 0x00, 0x01, 0x10, 0xfc, 0x00, 0x01, 0x0d, 0xfa, 0x00, 0x02, 0x0a,
0xe2, 0x3b, 0x03, 0x10, 0xfe, 0xde, 0x03, 0x10, 0xff, 0xff, 0x03, 0x0f, 0xff, 0xff, 0x03,
0x0f, 0xff, 0xff, 0x03, 0x0f, 0xff, 0xff, 0x03, 0x0f, 0xff, 0xff, 0x03, 0x0f, 0xff, 0xff,
0x03, 0x0f, 0xff, 0xff, 0x03, 0x0f, 0xff, 0xff, 0x03, 0x0f, 0xff, 0xff, 0x03, 0x0f, 0xff,
0xff, 0x03, 0x0f, 0xff, 0xff, 0x03, 0x0f, 0xff, 0xff, 0x03, 0x0f, 0xff, 0xff, 0x03, 0x0f,
0xff, 0xff, 0x03, 0x0f, 0xff, 0xff, 0x03, 0x0f, 0xff, 0xff, 0x03, 0x0f, 0xff, 0xff, 0x03,
0x0f, 0xff, 0xff, 0x03, 0x0f, 0xff, 0xff, 0x03, 0x0f, 0xff, 0xff, 0x03, 0x0f, 0xff, 0xff,
0x03, 0x0f, 0xff, 0xff, 0x03, 0x0f, 0xff, 0xff, 0x03, 0x0f, 0xff, 0xff, 0x03, 0x0f, 0xff,
0xff, 0x03, 0x0f, 0xff, 0xff, 0x03, 0x0f, 0xff, 0xff, 0x03, 0x0f, 0xff, 0xff, 0x03, 0x0f,
0xff, 0xff, 0x03, 0x0f, 0xff, 0xff, 0x03, 0x0f, 0xff, 0xff, 0x03, 0x0f, 0xff, 0xff, 0x03,
0x0f, 0xff, 0xff, 0x03, 0x0f, 0xff, 0xff, 0x03, 0x0f, 0xff, 0xff, 0x03, 0x0f, 0xff, 0xff,
0x03, 0x0f, 0xff, 0xff, 0x03, 0x0f, 0xff, 0xff, 0x03, 0x0f, 0xff, 0xff, 0x03, 0x0f, 0xff,
0xff, 0x03, 0x0f, 0xff, 0xff, 0x03, 0x0f, 0xff, 0xff, 0x03, 0x0f, 0xff, 0xff, 0x03, 0x0f,
0xff, 0xff, 0x03, 0x0f, 0xff, 0xff, 0x03, 0x0f, 0xff, 0xff, 0x03, 0x0f, 0xff, 0xff, 0x03,
0x0f, 0xff, 0xff, 0x03, 0x0f, 0xff, 0xff, 0x03, 0x0f, 0xff, 0xff, 0x03, 0x0f, 0xff, 0xff,
0x03, 0x0f, 0xff, 0xff, 0x03, 0x0f, 0xff, 0xff, 0x03, 0x0f, 0xff, 0xff, 0x03, 0x0f, 0xff,
0xff, 0x03, 0x0f, 0xff, 0xff, 0x03, 0x0f, 0xff, 0xff, 0x03, 0x0f, 0xff, 0xff, 0x03, 0x0f,
0xff, 0xff, 0x03, 0x0f, 0xff, 0xff, 0x03, 0x0f, 0xff, 0xff, 0x03, 0x0f, 0xff, 0xff, 0x03,
0x0f, 0xff, 0xff, 0x03, 0x0f, 0xff, 0xff, 0x03, 0x0f, 0xff, 0xff, 0x03, 0x0f, 0xff, 0xff,
0x03, 0x0f, 0xff, 0xff, 0x03, 0x0e, 0xff, 0xff, 0x03, 0x0e, 0xff, 0xff, 0x03, 0x0e, 0xff,
0xff, 0x03, 0x0e, 0xff, 0xff, 0x03, 0x0e, 0xff, 0xff, 0x03, 0x0e, 0xff, 0xff, 0x03, 0x0d,
0xfd, 0xd4, 0x01, 0x0d, 0xfb, 0x29, 0x01, 0x0e, 0xfc, 0x00, 0x03, 0x0f, 0xfd, 0x00, 0x04,
0x10, 0xfd, 0x00, 0x03, 0x10, 0xff, 0x00, 0x01, 0x0a, 0xe1, 0x00, 0x01, 0x01, 0x81, 0x00,
0x01, 0x01, 0x7f, 0x00, 0x01, 0x01, 0x80, 0x00, 0x01, 0x01, 0x80, 0x00, 0x01, 0x01, 0x80,
0x00, 0x01, 0x01, 0x80, 0x00, 0x01, 0x01, 0x80, 0x00, 0x01, 0x01, 0x80, 0x00, 0x01, 0x01,
0x80, 0x00, 0x01, 0x01, 0x80, 0x00, 0x01, 0x01, 0x80, 0x00, 0x01, 0x01, 0x80, 0x00, 0x01,
0x01, 0x80, 0x00, 0xff, 0xff, 0xff, 0x00, 0xff, 0xff, 0xff, 0x00, 0xff, 0xff, 0xff, 0x00,
0xff, 0xff, 0xff, 0x00, 0xff, 0xff, 0xff, 0x00, 0xff, 0xff, 0xff, 0x00, 0xff, 0xff, 0xff,
0x00, 0xff, 0xff, 0xff, 0x00, 0xff, 0xff, 0xff, 0x00, 0xff, 0xff, 0xff, 0x00, 0xff, 0xff,
0xff, 0x00, 0xff, 0xff, 0xff, 0x00, 0xff, 0xff, 0xff, 0x00, 0xff, 0xff, 0xff, 0x00, 0xff,
0xff, 0xff, 0x00, 0x01, 0x01, 0xab, 0x00, 0x01, 0x01, 0xab, 0x00, 0x01, 0x01, 0xab, 0x00,
0x01, 0x01, 0xab, 0x00, 0x01, 0x01, 0xab, 0x00, 0x01, 0x01, 0xab, 0x00, 0x01, 0x01, 0xab,
0x00, 0x01, 0x01, 0xab, 0x00, 0x01, 0x01, 0xab, 0x00, 0x01, 0x01, 0xab, 0x00, 0x01, 0x01,
0xab, 0x00, 0x01, 0x01, 0xab, 0x00, 0x01, 0x01, 0xaa, 0x00, 0x01, 0x01, 0xae, 0x00, 0x01,
0x0b, 0xee, 0x00, 0x01, 0x10, 0xfe, 0x00, 0x01, 0x0f, 0xfc, 0x00, 0x02, 0x0e, 0xfb, 0x48,
0x03, 0x10, 0xff, 0xeb, 0x04, 0x10, 0xff, 0xff, 0x04, 0x10, 0xff, 0xff, 0x04, 0x10, 0xff,
0xff, 0x04, 0x10, 0xff, 0xff, 0x04, 0x10, 0xff, 0xff, 0x04, 0x10, 0xff, 0xff, 0x04, 0x10,
0xff, 0xff, 0x04, 0x10, 0xff, 0xff, 0x04, 0x10, 0xff, 0xff, 0x03, 0x10, 0xff, 0xff, 0x03,
0x10, 0xff, 0xff, 0x03, 0x10, 0xff, 0xff, 0x03, 0x10, 0xff, 0xff, 0x03, 0x10, 0xff, 0xff,
0x03, 0x10, 0xff, 0xff, 0x03, 0x10, 0xff, 0xff, 0x03, 0x10, 0xff, 0xff, 0x03, 0x10, 0xff,
0xff, 0x03, 0x10, 0xff, 0xff, 0x03, 0x10, 0xff, 0xff, 0x03, 0x10, 0xff, 0xff, 0x03, 0x10,
0xff, 0xff, 0x03, 0x10, 0xff, 0xff, 0x03, 0x10, 0xff, 0xff, 0x03, 0x10, 0xff, 0xff, 0x03,
0x10, 0xff, 0xff, 0x03, 0x10, 0xff, 0xff, 0x03, 0x10, 0xff, 0xff, 0x03, 0x10, 0xff, 0xff,
0x03, 0x10, 0xff, 0xff, 0x03, 0x10, 0xff, 0xff, 0x03, 0x10, 0xff, 0xff, 0x03, 0x10, 0xff,
0xff, 0x03, 0x10, 0xff, 0xff, 0x03, 0x10, 0xff, 0xff, 0x03, 0x10, 0xff, 0xff, 0x03, 0x10,
0xff, 0xff, 0x03, 0x10, 0xff, 0xff, 0x03, 0x10, 0xff, 0xff, 0x03, 0x10, 0xff, 0xff, 0x03,
0x10, 0xff, 0xff, 0x03, 0x10, 0xff, 0xff, 0x03, 0x10, 0xff, 0xff, 0x03, 0x10, 0xff, 0xff,
0x03, 0x10, 0xff, 0xff, 0x03, 0x10, 0xff, 0xff, 0x03, 0x10, 0xff, 0xff, 0x03, 0x10, 0xff,
0xff, 0x03, 0x10, 0xff, 0xff, 0x03, 0x10, 0xff, 0xff, 0x03, 0x10, 0xff, 0xff, 0x03, 0x10,
0xff, 0xff, 0x03, 0x10, 0xff, 0xff, 0x03, 0x10, 0xff, 0xff, 0x03, 0x10, 0xff, 0xff, 0x03,
0x10, 0xff, 0xff, 0x03, 0x10, 0xff, 0xff, 0x03, 0x10, 0xff, 0xff, 0x03, 0x10, 0xff, 0xff,
0x03, 0x10, 0xff, 0xff, 0x03, 0x10, 0xff, 0xff, 0x03, 0x10, 0xff, 0xff, 0x03, 0x0f, 0xff,
0xff, 0x03, 0x0f, 0xff, 0xff, 0x03, 0x0f, 0xff, 0xff, 0x03, 0x0f, 0xff, 0xff, 0x03, 0x0f,
0xff, 0xff, 0x03, 0x0f, 0xff, 0xff, 0x03, 0x0f, 0xff, 0xff, 0x03, 0x0f, 0xff, 0xff, 0x03,
0x0f, 0xff, 0xff, 0x03, 0x0f, 0xff, 0xff, 0x03, 0x0f, 0xff, 0xff, 0x03, 0x0f, 0xff, 0xff,
0x03, 0x0f, 0xff, 0xff, 0x03, 0x0f, 0xff, 0xdb, 0x01, 0x0e, 0xfd, 0x2f, 0x02, 0x0f, 0xfd,
0x00, 0x04, 0x10, 0xfd, 0x00, 0x03, 0x10, 0xff, 0x00, 0x01, 0x0a, 0xe1, 0x00, 0x01, 0x01,
0x81, 0x00, 0x01, 0x01, 0x7f, 0x00, 0x01, 0x01, 0x80, 0x00, 0x01, 0x01, 0x80, 0x00, 0x01,
0x01, 0x80, 0x00, 0x01, 0x01, 0x80, 0x00, 0x01, 0x01, 0x80, 0x00, 0x01, 0x01, 0x80, 0x00,
0x01, 0x01, 0x80, 0x00, 0x01, 0x01, 0x80, 0x00, 0x01, 0x01, 0x80, 0x00, 0x01, 0x01, 0x80,
0x00, 0x01, 0x01, 0x80, 0x00, 0xff, 0xff, 0xff, 0x00, 0xff, 0xff, 0xff, 0x00, 0xff, 0xff,
0xff, 0x00, 0xff, 0xff, 0xff, 0x00, 0xff, 0xff, 0xff, 0x00, 0xff, 0xff, 0xff, 0x00, 0xff,
0xff, 0xff, 0x00, 0xff, 0xff, 0xff, 0x00, 0xff, 0xff, 0xff, 0x00, 0xff, 0xff, 0xff, 0x00,
0xff, 0xff, 0xff, 0x00, 0xff, 0xff, 0xff, 0x00, 0xff, 0xff, 0xff, 0x00, 0xff, 0xff, 0xff,
0x00, 0xff, 0xff, 0xff, 0x00, 0x01, 0x01, 0xab, 0x00, 0x01, 0x01, 0xab, 0x00, 0x01, 0x01,
0xab, 0x00, 0x01, 0x01, 0xab, 0x00, 0x01, 0x01, 0xab, 0x00, 0x01, 0x01, 0xab, 0x00, 0x01,
0x01, 0xab, 0x00, 0x01, 0x01, 0xab, 0x00, 0x01, 0x01, 0xab, 0x00, 0x01, 0x01, 0xab, 0x00,
0x01, 0x01, 0xab, 0x00, 0x01, 0x01, 0xab, 0x00, 0x01, 0x01, 0xaa, 0x00, 0x01, 0x01, 0xae,
0x00, 0x01, 0x0b, 0xee, 0x00, 0x01, 0x10, 0xfe, 0x00, 0x02, 0x10, 0xfd, 0x5a, 0x04, 0x11,
0xff, 0xf2, 0x04, 0x11, 0xff, 0xff, 0x04, 0x11, 0xff, 0xff, 0x04, 0x11, 0xff, 0xff, 0x04,
0x11, 0xff, 0xff, 0x04, 0x11, 0xff, 0xff, 0x04, 0x11, 0xff, 0xff, 0x04, 0x10, 0xff, 0xff,
0x04, 0x10, 0xff, 0xff, 0x04, 0x10, 0xff, 0xff, 0x04, 0x10, 0xff, 0xff, 0x04, 0x10, 0xff,
0xff, 0x04, 0x10, 0xff, 0xff, 0x04, 0x10, 0xff, 0xff, 0x04, 0x10, 0xff, 0xff, 0x04, 0x11,
0xff, 0xff, 0x04, 0x11, 0xff, 0xff, 0x04, 0x11, 0xff, 0xff, 0x04, 0x11, 0xff, 0xff, 0x04,
0x10, 0xff, 0xff, 0x04, 0x10, 0xff, 0xff, 0x04, 0x10, 0xff, 0xff, 0x04, 0x10, 0xff, 0xff,
0x04, 0x10, 0xff, 0xff, 0x04, 0x10, 0xff, 0xff, 0x04, 0x10, 0xff, 0xff, 0x04, 0x10, 0xff,
0xff, 0x04, 0x10, 0xff, 0xff, 0x04, 0x10, 0xff, 0xff, 0x04, 0x10, 0xff, 0xff, 0x04, 0x10,
0xff, 0xff, 0x04, 0x10, 0xff, 0xff, 0x04, 0x10, 0xff, 0xff, 0x04, 0x10, 0xff, 0xff, 0x04,
0x10, 0xff, 0xff, 0x04, 0x10, 0xff, 0xff, 0x04, 0x10, 0xff, 0xff, 0x04, 0x10, 0xff, 0xff,
0x04, 0x10, 0xff, 0xff, 0x04, 0x10, 0xff, 0xff, 0x04, 0x10, 0xff, 0xff, 0x04, 0x10, 0xff,
0xff, 0x04, 0x10, 0xff, 0xff, 0x04, 0x10, 0xff, 0xff, 0x04, 0x10, 0xff, 0xff, 0x04, 0x10,
0xff, 0xff, 0x04, 0x10, 0xff, 0xff, 0x04, 0x10, 0xff, 0xff, 0x04, 0x10, 0xff, 0xff, 0x04,
0x10, 0xff, 0xff, 0x04, 0x10, 0xff, 0xff, 0x04, 0x10, 0xff, 0xff, 0x04, 0x10, 0xff, 0xff,
0x04, 0x10, 0xff, 0xff, 0x04, 0x10, 0xff, 0xff, 0x04, 0x10, 0xff, 0xff, 0x04, 0x10, 0xff,
0xff, 0x04, 0x10, 0xff, 0xff, 0x04, 0x10, 0xff, 0xff, 0x04, 0x10, 0xff, 0xff, 0x04, 0x10,
0xff, 0xff, 0x04, 0x10, 0xff, 0xff, 0x04, 0x10, 0xff, 0xff, 0x04, 0x10, 0xff, 0xff, 0x04,
0x10, 0xff, 0xff, 0x04, 0x10, 0xff, 0xff, 0x04, 0x10, 0xff, 0xff, 0x04, 0x10, 0xff, 0xff,
0x04, 0x10, 0xff, 0xff, 0x04, 0x10, 0xff, 0xff, 0x04, 0x10, 0xff, 0xff, 0x04, 0x10, 0xff,
0xff, 0x03, 0x10, 0xff, 0xff, 0x03, 0x10, 0xff, 0xff, 0x03, 0x10, 0xff, 0xff, 0x03, 0x10,
0xff, 0xff, 0x03, 0x10, 0xff, 0xff, 0x03, 0x10, 0xff, 0xff, 0x03, 0x10, 0xff, 0xe0, 0x03,
0x0f, 0xfd, 0x3c, 0x04, 0x10, 0xfd, 0x00, 0x03, 0x10, 0xff, 0x00, 0x01, 0x0a, 0xe1, 0x00,
0x01, 0x01, 0x81, 0x00, 0x01, 0x01, 0x7f, 0x00, 0x01, 0x01, 0x80, 0x00, 0x01, 0x01, 0x80,
0x00, 0x01, 0x01, 0x80, 0x00, 0x01, 0x01, 0x80, 0x00, 0x01, 0x01, 0x80, 0x00, 0x01, 0x01,
0x80, 0x00, 0x01, 0x01, 0x80, 0x00, 0x01, 0x01, 0x80, 0x00, 0x01, 0x01, 0x80, 0x00, 0x01,
0x01, 0x80, 0x00, 0x01, 0x01, 0x80, 0x00, 0xff, 0xff, 0xff, 0x00, 0xff, 0xff, 0xff, 0x00,
0xff, 0xff, 0xff, 0x00, 0xff, 0xff, 0xff, 0x00, 0xff, 0xff, 0xff, 0x00, 0xff, 0xff, 0xff,
0x00, 0xff, 0xff, 0xff, 0x00, 0xff, 0xff, 0xff, 0x00, 0xff, 0xff, 0xff, 0x00, 0xff, 0xff,
0xff, 0x00, 0xff, 0xff, 0xff, 0x00, 0xff, 0xff, 0xff, 0x00, 0xff, 0xff, 0xff, 0x00, 0xff,
0xff, 0xff, 0x00, 0xff, 0xff, 0xff, 0x00, 0x01, 0x01, 0xab, 0x00, 0x01, 0x01, 0xab, 0x00,
0x01, 0x01, 0xab, 0x00, 0x01, 0x01, 0xab, 0x00, 0x01, 0x01, 0xab, 0x00, 0x01, 0x01, 0xab,
0x00, 0x01, 0x01, 0xab, 0x00, 0x01, 0x01, 0xab, 0x00, 0x01, 0x01, 0xab, 0x00, 0x01, 0x01,
0xab, 0x00, 0x01, 0x01, 0xab, 0x00, 0x01, 0x01, 0xab, 0x00, 0x01, 0x01, 0xaa, 0x00, 0x01,
0x01, 0xae, 0x00, 0x01, 0x0b, 0xee, 0x00, 0x02, 0x11, 0xff, 0x4c, 0x04, 0x11, 0xff, 0xf5,
0x04, 0x12, 0xff, 0xff, 0x04, 0x11, 0xff, 0xff, 0x04, 0x11, 0xff, 0xff, 0x04, 0x11, 0xff,
0xff, 0x04, 0x11, 0xff, 0xff, 0x04, 0x11, 0xff, 0xff, 0x04, 0x11, 0xff, 0xff, 0x04, 0x11,
0xff, 0xff, 0x04, 0x11, 0xff, 0xff, 0x04, 0x11, 0xff, 0xff, 0x04, 0x11, 0xff, 0xff, 0x04,
0x11, 0xff, 0xff, 0x04, 0x11, 0xff, 0xff, 0x04, 0x11, 0xff, 0xff, 0x04, 0x11, 0xff, 0xff,
0x04, 0x11, 0xff, 0xff, 0x04, 0x11, 0xff, 0xff, 0x04, 0x11, 0xff, 0xff, 0x04, 0x11, 0xff,
0xff, 0x04, 0x11, 0xff, 0xff, 0x04, 0x11, 0xff, 0xff, 0x04, 0x11, 0xff, 0xff, 0x04, 0x11,
0xff, 0xff, 0x04, 0x11, 0xff, 0xff, 0x04, 0x11, 0xff, 0xff, 0x04, 0x11, 0xff, 0xff, 0x04,
0x11, 0xff, 0xff, 0x04, 0x11, 0xff, 0xff, 0x04, 0x11, 0xff, 0xff, 0x04, 0x11, 0xff, 0xff,
0x04, 0x11, 0xff, 0xff, 0x04, 0x11, 0xff, 0xff, 0x04, 0x11, 0xff, 0xff, 0x04, 0x11, 0xff,
0xff, 0x04, 0x11, 0xff, 0xff, 0x04, 0x11, 0xff, 0xff, 0x04, 0x11, 0xff, 0xff, 0x04, 0x11,
0xff, 0xff, 0x04, 0x11, 0xff, 0xff, 0x04, 0x11, 0xff, 0xff, 0x04, 0x11, 0xff, 0xff, 0x04,
0x11, 0xff, 0xff, 0x04, 0x11, 0xff, 0xff, 0x04, 0x11, 0xff, 0xff, 0x04, 0x11, 0xff, 0xff,
0x04, 0x11, 0xff, 0xff, 0x04, 0x11, 0xff, 0xff, 0x04, 0x11, 0xff, 0xff, 0x04, 0x11, 0xff,
0xff, 0x04, 0x11, 0xff, 0xff, 0x04, 0x11, 0xff, 0xff, 0x04, 0x11, 0xff, 0xff, 0x04, 0x11,
0xff, 0xff, 0x04, 0x11, 0xff, 0xff, 0x04, 0x11, 0xff, 0xff, 0x04, 0x11, 0xff, 0xff, 0x04,
0x10, 0xff, 0xff, 0x04, 0x10, 0xff, 0xff, 0x04, 0x10, 0xff, 0xff, 0x04, 0x10, 0xff, 0xff,
0x04, 0x10, 0xff, 0xff, 0x04, 0x10, 0xff, 0xff, 0x04, 0x10, 0xff, 0xff, 0x04, 0x10, 0xff,
0xff, 0x04, 0x10, 0xff, 0xff, 0x04, 0x10, 0xff, 0xff, 0x04, 0x10, 0xff, 0xff, 0x04, 0x10,
0xff, 0xff, 0x04, 0x10, 0xff, 0xff, 0x04, 0x10, 0xff, 0xff, 0x04, 0x10, 0xff, 0xff, 0x04,
0x10, 0xff, 0xff, 0x04, 0x10, 0xff, 0xff, 0x04, 0x10, 0xff, 0xff, 0x04, 0x10, 0xff, 0xff,
0x04, 0x10, 0xff, 0xff, 0x04, 0x11, 0xff, 0xff, 0x04, 0x11, 0xff, 0xff, 0x04, 0x11, 0xff,
0xff, 0x04, 0x11, 0xff, 0xe3, 0x04, 0x10, 0xfd, 0x33, 0x03, 0x10, 0xff, 0x00, 0x01, 0x0a,
0xe1, 0x00, 0x01, 0x01, 0x81, 0x00, 0x01, 0x01, 0x7f, 0x00, 0x01, 0x01, 0x80, 0x00, 0x01,
0x01, 0x80, 0x00, 0x01, 0x01, 0x80, 0x00, 0x01, 0x01, 0x80, 0x00, 0x01, 0x01, 0x80, 0x00,
0x01, 0x01, 0x80, 0x00, 0x01, 0x01, 0x80, 0x00, 0x01, 0x01, 0x80, 0x00, 0x01, 0x01, 0x80,
0x00, 0x01, 0x01, 0x80, 0x00, 0x01, 0x01, 0x80, 0x00, 0xff, 0xff, 0xff, 0x00, 0xff, 0xff,
0xff, 0x00, 0xff, 0xff, 0xff, 0x00, 0xff, 0xff, 0xff, 0x00, 0xff, 0xff, 0xff, 0x00, 0xff,
0xff, 0xff, 0x00, 0xff, 0xff, 0xff, 0x00, 0xff, 0xff, 0xff, 0x00, 0xff, 0xff, 0xff, 0x00,
0xff, 0xff, 0xff, 0x00, 0xff, 0xff, 0xff, 0x00, 0xff, 0xff, 0xff, 0x00, 0xff, 0xff, 0xff,
0x00, 0xff, 0xff, 0xff, 0x00, 0xff, 0xff, 0xff, 0x00, 0x01, 0x01, 0xa8, 0x00, 0x01, 0x01,
0xa8, 0x00, 0x01, 0x01, 0xa8, 0x00, 0x01, 0x01, 0xa8, 0x00, 0x01, 0x01, 0xa8, 0x00, 0x01,
0x01, 0xa8, 0x00, 0x01, 0x01, 0xa8, 0x00, 0x01, 0x01, 0xa8, 0x00, 0x01, 0x01, 0xa8, 0x00,
0x01, 0x01, 0xa8, 0x00, 0x01, 0x01, 0xa8, 0x00, 0x01, 0x01, 0xa8, 0x00, 0x01, 0x01, 0xa6,
0x00, 0x01, 0x00, 0xa9, 0x00, 0x02, 0x0c, 0xef, 0x44, 0x04, 0x13, 0xff, 0xf2, 0x04, 0x12,
0xff, 0xff, 0x04, 0x12, 0xff, 0xff, 0x04, 0x12, 0xff, 0xff, 0x04, 0x12, 0xff, 0xff, 0x04,
0x12, 0xff, 0xff, 0x04, 0x12, 0xff, 0xff, 0x04, 0x12, 0xff, 0xff, 0x04, 0x12, 0xff, 0xff,
0x04, 0x12, 0xff, 0xff, 0x04, 0x12, 0xff, 0xff, 0x04, 0x12, 0xff, 0xff, 0x04, 0x12, 0xff,
0xff, 0x04, 0x12, 0xff, 0xff, 0x04, 0x12, 0xff, 0xff, 0x04, 0x12, 0xff, 0xff, 0x04, 0x12,
0xff, 0xff, 0x04, 0x12, 0xff, 0xff, 0x04, 0x12, 0xff, 0xff, 0x04, 0x12, 0xff, 0xff, 0x04,
0x12, 0xff, 0xff, 0x04, 0x12, 0xff, 0xff, 0x04, 0x12, 0xff, 0xff, 0x04, 0x12, 0xff, 0xff,
0x04, 0x12, 0xff, 0xff, 0x04, 0x12, 0xff, 0xff, 0x04, 0x12, 0xff, 0xff, 0x04, 0x12, 0xff,
0xff, 0x04, 0x12, 0xff, 0xff, 0x04, 0x12, 0xff, 0xff, 0x04, 0x12, 0xff, 0xff, 0x04, 0x12,
0xff, 0xff, 0x04, 0x12, 0xff, 0xff, 0x04, 0x12, 0xff, 0xff, 0x04, 0x12, 0xff, 0xff, 0x04,
0x12, 0xff, 0xff, 0x04, 0x12, 0xff, 0xff, 0x04, 0x12, 0xff, 0xff, 0x04, 0x12, 0xff, 0xff,
0x04, 0x11, 0xff, 0xff, 0x04, 0x11, 0xff, 0xff, 0x04, 0x11, 0xff, 0xff, 0x04, 0x11, 0xff,
0xff, 0x04, 0x11, 0xff, 0xff, 0x04, 0x11, 0xff, 0xff, 0x04, 0x11, 0xff, 0xff, 0x04, 0x12,
0xff, 0xff, 0x04, 0x12, 0xff, 0xff, 0x04, 0x12, 0xff, 0xff, 0x04, 0x12, 0xff, 0xff, 0x04,
0x12, 0xff, 0xff, 0x04, 0x12, 0xff, 0xff, 0x04, 0x12, 0xff, 0xff, 0x04, 0x12, 0xff, 0xff,
0x04, 0x12, 0xff, 0xff, 0x04, 0x12, 0xff, 0xff, 0x04, 0x12, 0xff, 0xff, 0x04, 0x12, 0xff,
0xff, 0x04, 0x12, 0xff, 0xff, 0x04, 0x12, 0xff, 0xff, 0x04, 0x12, 0xff, 0xff, 0x04, 0x12,
0xff, 0xff, 0x04, 0x12, 0xff, 0xff, 0x04, 0x12, 0xff, 0xff, 0x04, 0x11, 0xff, 0xff, 0x04,
0x11, 0xff, 0xff, 0x04, 0x11, 0xff, 0xff, 0x04, 0x11, 0xff, 0xff, 0x04, 0x11, 0xff, 0xff,
0x04, 0x11, 0xff, 0xff, 0x04, 0x11, 0xff, 0xff, 0x04, 0x11, 0xff, 0xff, 0x04, 0x11, 0xff,
0xff, 0x04, 0x11, 0xff, 0xff, 0x04, 0x11, 0xff, 0xff, 0x04, 0x11, 0xff, 0xff, 0x04, 0x11,
0xff, 0xff, 0x04, 0x11, 0xff, 0xff, 0x04, 0x11, 0xff, 0xff, 0x04, 0x11, 0xff, 0xff, 0x04,
0x11, 0xff, 0xff, 0x04, 0x11, 0xff, 0xff, 0x04, 0x11, 0xff, 0xe3, 0x03, 0x10, 0xff, 0x30,
0x01, 0x0a, 0xe0, 0x00, 0x01, 0x01, 0x81, 0x00, 0x01, 0x01, 0x7f, 0x00, 0x01, 0x01, 0x80,
0x00, 0x01, 0x01, 0x80, 0x00, 0x01, 0x01, 0x80, 0x00, 0x01, 0x01, 0x80, 0x00, 0x01, 0x01,
0x80, 0x00, 0x01, 0x01, 0x80, 0x00, 0x01, 0x01, 0x80, 0x00, 0x01, 0x01, 0x80, 0x00, 0x01,
0x01, 0x80, 0x00, 0x01, 0x01, 0x80, 0x00, 0x01, 0x01, 0x80, 0x00, 0xff, 0xff, 0xff, 0x00,
0xff, 0xff, 0xff, 0x00, 0xff, 0xff, 0xff, 0x00, 0xff, 0xff, 0xff, 0x00, 0xff, 0xff, 0xff,
0x00, 0xff, 0xff, 0xff, 0x00, 0xff, 0xff, 0xff, 0x00, 0xff, 0xff, 0xff, 0x00, 0xff, 0xff,
0xff, 0x00, 0xff, 0xff, 0xff, 0x00, 0xff, 0xff, 0xff, 0x00, 0xff, 0xff, 0xff, 0x00, 0xff,
0xff, 0xff, 0x00, 0xff, 0xff, 0xff, 0x00, 0xff, 0xff, 0xff, 0x00, 0x01, 0x01, 0xc7, 0x00,
0x01, 0x01, 0xc7, 0x00, 0x01, 0x01, 0xc7, 0x00, 0x01, 0x01, 0xc7, 0x00, 0x01, 0x01, 0xc7,
0x00, 0x01, 0x01, 0xc7, 0x00, 0x01, 0x01, 0xc7, 0x00, 0x01, 0x01, 0xc7, 0x00, 0x01, 0x01,
0xc7, 0x00, 0x01, 0x01, 0xc7, 0x00, 0x01, 0x01, 0xc7, 0x00, 0x01, 0x00, 0xc6, 0x00, 0x01,
0x02, 0xc6, 0x00, 0x02, 0x09, 0xd6, 0x3a, 0x04, 0x12, 0xfb, 0xeb, 0x04, 0x13, 0xff, 0xff,
0x04, 0x13, 0xff, 0xff, 0x04, 0x13, 0xff, 0xff, 0x04, 0x13, 0xff, 0xff, 0x04, 0x13, 0xff,
0xff, 0x04, 0x13, 0xff, 0xff, 0x04, 0x13, 0xff, 0xff, 0x04, 0x13, 0xff, 0xff, 0x04, 0x13,
0xff, 0xff, 0x04, 0x13, 0xff, 0xff, 0x04, 0x13, 0xff, 0xff, 0x04, 0x13, 0xff, 0xff, 0x04,
0x13, 0xff, 0xff, 0x04, 0x13, 0xff, 0xff, 0x04, 0x13, 0xff, 0xff, 0x04, 0x13, 0xff, 0xff,
0x04, 0x13, 0xff, 0xff, 0x04, 0x13, 0xff, 0xff, 0x04, 0x13, 0xff, 0xff, 0x04, 0x13, 0xff,
0xff, 0x04, 0x13, 0xff, 0xff, 0x04, 0x12, 0xff, 0xff, 0x04, 0x12, 0xff, 0xff, 0x04, 0x12,
0xff, 0xff, 0x04, 0x12, 0xff, 0xff, 0x04, 0x12, 0xff, 0xff, 0x04, 0x12, 0xff, 0xff, 0x04,
0x13, 0xff, 0xff, 0x04, 0x13, 0xff, 0xff, 0x04, 0x13, 0xff, 0xff, 0x04, 0x13, 0xff, 0xff,
0x04, 0x13, 0xff, 0xff, 0x04, 0x13, 0xff, 0xff, 0x04, 0x13, 0xff, 0xff, 0x04, 0x13, 0xff,
0xff, 0x04, 0x13, 0xff, 0xff, 0x04, 0x13, 0xff, 0xff, 0x04, 0x13, 0xff, 0xff, 0x04, 0x13,
0xff, 0xff, 0x04, 0x13, 0xff, 0xff, 0x04, 0x13, 0xff, 0xff, 0x04, 0x13, 0xff, 0xff, 0x04,
0x13, 0xff, 0xff, 0x04, 0x13, 0xff, 0xff, 0x04, 0x13, 0xff, 0xff, 0x04, 0x13, 0xff, 0xff,
0x04, 0x12, 0xff, 0xff, 0x04, 0x12, 0xff, 0xff, 0x04, 0x12, 0xff, 0xff, 0x04, 0x12, 0xff,
0xff, 0x04, 0x12, 0xff, 0xff, 0x04, 0x12, 0xff, 0xff, 0x04, 0x12, 0xff, 0xff, 0x04, 0x12,
0xff, 0xff, 0x04, 0x12, 0xff, 0xff, 0x04, 0x12, 0xff, 0xff, 0x04, 0x12, 0xff, 0xff, 0x04,
0x12, 0xff, 0xff, 0x04, 0x12, 0xff, 0xff, 0x04, 0x12, 0xff, 0xff, 0x04, 0x12, 0xff, 0xff,
0x04, 0x12, 0xff, 0xff, 0x04, 0x12, 0xff, 0xff, 0x04, 0x12, 0xff, 0xff, 0x04, 0x12, 0xff,
0xff, 0x04, 0x12, 0xff, 0xff, 0x04, 0x12, 0xff, 0xff, 0x04, 0x12, 0xff, 0xff, 0x04, 0x12,
0xff, 0xff, 0x04, 0x12, 0xff, 0xff, 0x04, 0x12, 0xff, 0xff, 0x04, 0x12, 0xff, 0xff, 0x04,
0x12, 0xff, 0xff, 0x04, 0x12, 0xff, 0xff, 0x04, 0x12, 0xff, 0xff, 0x04, 0x12, 0xff, 0xff,
0x04, 0x12, 0xff, 0xff, 0x04, 0x12, 0xff, 0xff, 0x04, 0x12, 0xff, 0xff, 0x04, 0x12, 0xff,
0xff, 0x04, 0x12, 0xff, 0xff, 0x04, 0x12, 0xff, 0xff, 0x04, 0x12, 0xff, 0xff, 0x04, 0x12,
0xff, 0xdd, 0x02, 0x0b, 0xe0, 0x2a, 0x01, 0x00, 0x79, 0x00, 0x01, 0x01, 0x79, 0x00, 0x01,
0x01, 0x7b, 0x00, 0x01, 0x01, 0x7b, 0x00, 0x01, 0x01, 0x7b, 0x00, 0x01, 0x01, 0x7b, 0x00,
0x01, 0x01, 0x7b, 0x00, 0x01, 0x01, 0x7b, 0x00, 0x01, 0x01, 0x7b, 0x00, 0x01, 0x01, 0x7b,
0x00, 0x01, 0x01, 0x7b, 0x00, 0x01, 0x01, 0x7b, 0x00, 0x01, 0x01, 0x7b, 0x00, 0xff, 0xff,
0xff, 0x00, 0xff, 0xff, 0xff, 0x00, 0xff, 0xff, 0xff, 0x00, 0xff, 0xff, 0xff, 0x00, 0xff,
0xff, 0xff, 0x00, 0xff, 0xff, 0xff, 0x00, 0xff, 0xff, 0xff, 0x00, 0xff, 0xff, 0xff, 0x00,
0xff, 0xff, 0xff, 0x00, 0xff, 0xff, 0xff, 0x00, 0xff, 0xff, 0xff, 0x00, 0xff, 0xff, 0xff,
0x00, 0xff, 0xff, 0xff, 0x00, 0xff, 0xff, 0xff, 0x00, 0xff, 0xff, 0xff, 0x00, 0x01, 0x01,
0xdd, 0x00, 0x01, 0x01, 0xdd, 0x00, 0x01, 0x01, 0xdd, 0x00, 0x01, 0x01, 0xdd, 0x00, 0x01,
0x01, 0xdd, 0x00, 0x01, 0x01, 0xdd, 0x00, 0x01, 0x01, 0xdd, 0x00, 0x01, 0x01, 0xdd, 0x00,
0x01, 0x01, 0xdd, 0x00, 0x01, 0x01, 0xdd, 0x00, 0x01, 0x01, 0xdd, 0x00, 0x01, 0x01, 0xde,
0x00, 0x01, 0x07, 0xee, 0x1c, 0x04, 0x15, 0xff, 0xe5, 0x04, 0x14, 0xff, 0xff, 0x04, 0x14,
0xff, 0xff, 0x04, 0x14, 0xff, 0xff, 0x04, 0x14, 0xff, 0xff, 0x04, 0x14, 0xff, 0xff, 0x04,
0x14, 0xff, 0xff, 0x04, 0x14, 0xff, 0xff, 0x04, 0x14, 0xff, 0xff, 0x04, 0x14, 0xff, 0xff,
0x04, 0x14, 0xff, 0xff, 0x04, 0x14, 0xff, 0xff, 0x04, 0x14, 0xff, 0xff, 0x04, 0x14, 0xff,
0xff, 0x04, 0x14, 0xff, 0xff, 0x04, 0x14, 0xff, 0xff, 0x04, 0x14, 0xff, 0xff, 0x04, 0x13,
0xff, 0xff, 0x04, 0x13, 0xff, 0xff, 0x04, 0x13, 0xff, 0xff, 0x04, 0x13, 0xff, 0xff, 0x04,
0x13, 0xff, 0xff, 0x04, 0x13, 0xff, 0xff, 0x04, 0x13, 0xff, 0xff, 0x04, 0x13, 0xff, 0xff,
0x04, 0x13, 0xff, 0xff, 0x04, 0x13, 0xff, 0xff, 0x04, 0x13, 0xff, 0xff, 0x04, 0x13, 0xff,
0xff, 0x04, 0x13, 0xff, 0xff, 0x04, 0x13, 0xff, 0xff, 0x04, 0x13, 0xff, 0xff, 0x04, 0x13,
0xff, 0xff, 0x04, 0x13, 0xff, 0xff, 0x04, 0x13, 0xff, 0xff, 0x04, 0x13, 0xff, 0xff, 0x04,
0x13, 0xff, 0xff, 0x04, 0x13, 0xff, 0xff, 0x04, 0x13, 0xff, 0xff, 0x04, 0x13, 0xff, 0xff,
0x04, 0x13, 0xff, 0xff, 0x04, 0x13, 0xff, 0xff, 0x04, 0x13, 0xff, 0xff, 0x04, 0x13, 0xff,
0xff, 0x04, 0x13, 0xff, 0xff, 0x04, 0x13, 0xff, 0xff, 0x04, 0x13, 0xff, 0xff, 0x04, 0x13,
0xff, 0xff, 0x04, 0x13, 0xff, 0xff, 0x04, 0x13, 0xff, 0xff, 0x04, 0x13, 0xff, 0xff, 0x04,
0x13, 0xff, 0xff, 0x04, 0x13, 0xff, 0xff, 0x04, 0x13, 0xff, 0xff, 0x04, 0x13, 0xff, 0xff,
0x04, 0x13, 0xff, 0xff, 0x04, 0x13, 0xff, 0xff, 0x04, 0x13, 0xff, 0xff, 0x04, 0x13, 0xff,
0xff, 0x04, 0x13, 0xff, 0xff, 0x04, 0x13, 0xff, 0xff, 0x04, 0x13, 0xff, 0xff, 0x04, 0x13,
0xff, 0xff, 0x04, 0x13, 0xff, 0xff, 0x04, 0x13, 0xff, 0xff, 0x04, 0x13, 0xff, 0xff, 0x04,
0x13, 0xff, 0xff, 0x04, 0x13, 0xff, 0xff, 0x04, 0x13, 0xff, 0xff, 0x04, 0x13, 0xff, 0xff,
0x04, 0x13, 0xff, 0xff, 0x04, 0x13, 0xff, 0xff, 0x04, 0x13, 0xff, 0xff, 0x04, 0x13, 0xff,
0xff, 0x04, 0x13, 0xff, 0xff, 0x04, 0x13, 0xff, 0xff, 0x04, 0x13, 0xff, 0xff, 0x04, 0x13,
0xff, 0xff, 0x04, 0x13, 0xff, 0xff, 0x04, 0x13, 0xff, 0xff, 0x04, 0x13, 0xff, 0xff, 0x04,
0x13, 0xff, 0xff, 0x04, 0x13, 0xff, 0xff, 0x04, 0x13, 0xff, 0xff, 0x04, 0x13, 0xff, 0xff,
0x04, 0x13, 0xff, 0xff, 0x04, 0x11, 0xf4, 0xd9, 0x02, 0x07, 0xbb, 0x13, 0x01, 0x00, 0xa9,
0x00, 0x01, 0x01, 0xab, 0x00, 0x01, 0x01, 0xab, 0x00, 0x01, 0x01, 0xab, 0x00, 0x01, 0x01,
0xab, 0x00, 0x01, 0x01, 0xab, 0x00, 0x01, 0x01, 0xab, 0x00, 0x01, 0x01, 0xab, 0x00, 0x01,
0x01, 0xab, 0x00, 0x01, 0x01, 0xab, 0x00, 0x01, 0x01, 0xab, 0x00, 0x01, 0x01, 0xab, 0x00,
0xff, 0xff, 0xff, 0x00, 0xff, 0xff, 0xff, 0x00, 0xff, 0xff, 0xff, 0x00, 0xff, 0xff, 0xff,
0x00, 0xff, 0xff, 0xff, 0x00, 0xff, 0xff, 0xff, 0x00, 0xff, 0xff, 0xff, 0x00, 0xff, 0xff,
0xff, 0x00, 0xff, 0xff, 0xff, 0x00, 0xff, 0xff, 0xff, 0x00, 0xff, 0xff, 0xff, 0x00, 0xff,
0xff, 0xff, 0x00, 0xff, 0xff, 0xff, 0x00, 0xff, 0xff, 0xff, 0x00, 0xff, 0xff, 0xff, 0x00,
0x01, 0x03, 0xc8, 0x00, 0x01, 0x03, 0xc8, 0x00, 0x01, 0x03, 0xc8, 0x00, 0x01, 0x03, 0xc8,
0x00, 0x01, 0x03, 0xc8, 0x00, 0x01, 0x03, 0xc8, 0x00, 0x01, 0x03, 0xc8, 0x00, 0x01, 0x03,
0xc8, 0x00, 0x01, 0x03, 0xc8, 0x00, 0x01, 0x03, 0xc8, 0x00, 0x01, 0x02, 0xc3, 0x00, 0x01,
0x06, 0xd1, 0x09, 0x04, 0x14, 0xff, 0xca, 0x04, 0x14, 0xff, 0xff, 0x04, 0x14, 0xff, 0xff,
0x04, 0x14, 0xff, 0xff, 0x04, 0x14, 0xff, 0xff, 0x04, 0x14, 0xff, 0xff, 0x04, 0x14, 0xff,
0xff, 0x04, 0x14, 0xff, 0xff, 0x04, 0x14, 0xff, 0xff, 0x04, 0x14, 0xff, 0xff, 0x04, 0x14,
0xff, 0xff, 0x04, 0x14, 0xff, 0xff, 0x04, 0x14, 0xff, 0xff, 0x04, 0x14, 0xff, 0xff, 0x04,
0x14, 0xff, 0xff, 0x04, 0x14, 0xff, 0xff, 0x04, 0x14, 0xff, 0xff, 0x04, 0x14, 0xff, 0xff,
0x04, 0x14, 0xff, 0xff, 0x04, 0x14, 0xff, 0xff, 0x04, 0x14, 0xff, 0xff, 0x04, 0x14, 0xff,
0xff, 0x04, 0x14, 0xff, 0xff, 0x04, 0x14, 0xff, 0xff, 0x04, 0x14, 0xff, 0xff, 0x04, 0x14,
0xff, 0xff, 0x04, 0x14, 0xff, 0xff, 0x04, 0x14, 0xff, 0xff, 0x04, 0x14, 0xff, 0xff, 0x04,
0x14, 0xff, 0xff, 0x04, 0x14, 0xff, 0xff, 0x04, 0x14, 0xff, 0xff, 0x04, 0x14, 0xff, 0xff,
0x04, 0x14, 0xff, 0xff, 0x04, 0x14, 0xff, 0xff, 0x04, 0x14, 0xff, 0xff, 0x04, 0x14, 0xff,
0xff, 0x04, 0x14, 0xff, 0xff, 0x04, 0x14, 0xff, 0xff, 0x04, 0x14, 0xff, 0xff, 0x04, 0x14,
0xff, 0xff, 0x04, 0x14, 0xff, 0xff, 0x04, 0x14, 0xff, 0xff, 0x04, 0x14, 0xff, 0xff, 0x04,
0x14, 0xff, 0xff, 0x04, 0x14, 0xff, 0xff, 0x04, 0x14, 0xff, 0xff, 0x04, 0x14, 0xff, 0xff,
0x04, 0x14, 0xff, 0xff, 0x04, 0x14, 0xff, 0xff, 0x04, 0x14, 0xff, 0xff, 0x04, 0x14, 0xff,
0xff, 0x04, 0x14, 0xff, 0xff, 0x04, 0x14, 0xff, 0xff, 0x04, 0x14, 0xff, 0xff, 0x04, 0x14,
0xff, 0xff, 0x04, 0x14, 0xff, 0xff, 0x04, 0x14, 0xff, 0xff, 0x04, 0x14, 0xff, 0xff, 0x04,
0x14, 0xff, 0xff, 0x04, 0x14, 0xff, 0xff, 0x04, 0x14, 0xff, 0xff, 0x04, 0x14, 0xff, 0xff,
0x04, 0x14, 0xff, 0xff, 0x04, 0x14, 0xff, 0xff, 0x04, 0x14, 0xff, 0xff, 0x04, 0x14, 0xff,
0xff, 0x04, 0x14, 0xff, 0xff, 0x04, 0x14, 0xff, 0xff, 0x04, 0x14, 0xff, 0xff, 0x04, 0x14,
0xff, 0xff, 0x04, 0x14, 0xff, 0xff, 0x04, 0x14, 0xff, 0xff, 0x04, 0x14, 0xff, 0xff, 0x04,
0x14, 0xff, 0xff, 0x04, 0x14, 0xff, 0xff, 0x04, 0x14, 0xff, 0xff, 0x04, 0x14, 0xff, 0xff,
0x04, 0x14, 0xff, 0xff, 0x04, 0x13, 0xff, 0xff, 0x04, 0x13, 0xff, 0xff, 0x04, 0x13, 0xff,
0xff, 0x04, 0x13, 0xff, 0xff, 0x04, 0x13, 0xff, 0xff, 0x04, 0x13, 0xff, 0xff, 0x04, 0x13,
0xff, 0xff, 0x04, 0x13, 0xff, 0xff, 0x04, 0x14, 0xff, 0xff, 0x03, 0x12, 0xff, 0xbd, 0x01,
0x04, 0xe1, 0x04, 0x01, 0x00, 0xd9, 0x00, 0x01, 0x01, 0xda, 0x00, 0x01, 0x01, 0xda, 0x00,
0x01, 0x01, 0xda, 0x00, 0x01, 0x01, 0xda, 0x00, 0x01, 0x01, 0xda, 0x00, 0x01, 0x01, 0xda,
0x00, 0x01, 0x01, 0xda, 0x00, 0x01, 0x01, 0xda, 0x00, 0x01, 0x01, 0xda, 0x00, 0x01, 0x01,
0xda, 0x00, 0xff, 0xff, 0xff, 0x00, 0xff, 0xff, 0xff, 0x00, 0xff, 0xff, 0xff, 0x00, 0xff,
0xff, 0xff, 0x00, 0xff, 0xff, 0xff, 0x00, 0xff, 0xff, 0xff, 0x00, 0xff, 0xff, 0xff, 0x00,
0xff, 0xff, 0xff, 0x00, 0xff, 0xff, 0xff, 0x00, 0xff, 0xff, 0xff, 0x00, 0xff, 0xff, 0xff,
0x00, 0xff, 0xff, 0xff, 0x00, 0xff, 0xff, 0xff, 0x00, 0xff, 0xff, 0xff, 0x00, 0xff, 0xff,
0xff, 0x00, 0x01, 0x12, 0xd4, 0x00, 0x01, 0x12, 0xd4, 0x00, 0x01, 0x12, 0xd4, 0x00, 0x01,
0x12, 0xd4, 0x00, 0x01, 0x12, 0xd4, 0x00, 0x01, 0x12, 0xd4, 0x00, 0x01, 0x12, 0xd4, 0x00,
0x01, 0x12, 0xd4, 0x00, 0x01, 0x12, 0xd3, 0x00, 0x01, 0x12, 0xd3, 0x00, 0x01, 0x13, 0xe4,
0x00, 0x04, 0x14, 0xf9, 0xa7, 0x05, 0x15, 0xff, 0xff, 0x05, 0x15, 0xff, 0xff, 0x05, 0x15,
0xff, 0xff, 0x05, 0x15, 0xff, 0xff, 0x05, 0x15, 0xff, 0xff, 0x05, 0x15, 0xff, 0xff, 0x05,
0x15, 0xff, 0xff, 0x05, 0x15, 0xff, 0xff, 0x05, 0x15, 0xff, 0xff, 0x05, 0x15, 0xff, 0xff,
0x05, 0x15, 0xff, 0xff, 0x05, 0x15, 0xff, 0xff, 0x05, 0x15, 0xff, 0xff, 0x05, 0x15, 0xff,
0xff, 0x05, 0x15, 0xff, 0xff, 0x05, 0x15, 0xff, 0xff, 0x05, 0x15, 0xff, 0xff, 0x05, 0x15,
0xff, 0xff, 0x05, 0x15, 0xff, 0xff, 0x05, 0x15, 0xff, 0xff, 0x05, 0x15, 0xff, 0xff, 0x05,
0x15, 0xff, 0xff, 0x05, 0x14, 0xff, 0xff, 0x04, 0x14, 0xff, 0xff, 0x03, 0x13, 0xff, 0xff,
0x02, 0x12, 0xff, 0xff, 0x01, 0x11, 0xff, 0xff, 0x01, 0x11, 0xff, 0xff, 0x01, 0x11, 0xff,
0xff, 0x00, 0x11, 0xff, 0xff, 0x01, 0x11, 0xff, 0xff, 0x01, 0x11, 0xff, 0xff, 0x01, 0x11,
0xff, 0xff, 0x01, 0x12, 0xff, 0xff, 0x02, 0x12, 0xff, 0xff, 0x02, 0x12, 0xff, 0xff, 0x02,
0x12, 0xff, 0xff, 0x02, 0x12, 0xff, 0xff, 0x03, 0x13, 0xff, 0xff, 0x03, 0x13, 0xff, 0xff,
0x03, 0x13, 0xff, 0xff, 0x03, 0x13, 0xff, 0xff, 0x03, 0x13, 0xff, 0xff, 0x03, 0x13, 0xff,
0xff, 0x03, 0x13, 0xff, 0xff, 0x03, 0x13, 0xff, 0xff, 0x03, 0x13, 0xff, 0xff, 0x03, 0x13,
0xff, 0xff, 0x03, 0x13, 0xff, 0xff, 0x03, 0x13, 0xff, 0xff, 0x02, 0x13, 0xff, 0xff, 0x02,
0x12, 0xff, 0xff, 0x02, 0x12, 0xff, 0xff, 0x02, 0x12, 0xff, 0xff, 0x02, 0x12, 0xff, 0xff,
0x02, 0x12, 0xff, 0xff, 0x02, 0x12, 0xff, 0xff, 0x02, 0x12, 0xff, 0xff, 0x02, 0x12, 0xff,
0xff, 0x02, 0x12, 0xff, 0xff, 0x02, 0x12, 0xff, 0xff, 0x03, 0x13, 0xff, 0xff, 0x03, 0x13,
0xff, 0xff, 0x03, 0x13, 0xff, 0xff, 0x04, 0x14, 0xff, 0xff, 0x04, 0x14, 0xff, 0xff, 0x04,
0x14, 0xff, 0xff, 0x04, 0x14, 0xff, 0xff, 0x04, 0x14, 0xff, 0xff, 0x04, 0x14, 0xff, 0xff,
0x04, 0x14, 0xff, 0xff, 0x04, 0x14, 0xff, 0xff, 0x04, 0x14, 0xff, 0xff, 0x04, 0x14, 0xff,
0xff, 0x04, 0x14, 0xff, 0xff, 0x04, 0x14, 0xff, 0xff, 0x04, 0x14, 0xff, 0xff, 0x04, 0x14,
0xff, 0xff, 0x04, 0x14, 0xff, 0xff, 0x04, 0x14, 0xff, 0xff, 0x04, 0x14, 0xff, 0xff, 0x04,
0x14, 0xff, 0xff, 0x04, 0x14, 0xff, 0xff, 0x04, 0x14, 0xff, 0xff, 0x04, 0x14, 0xff, 0xff,
0x04, 0x14, 0xff, 0xff, 0x04, 0x14, 0xff, 0xff, 0x04, 0x14, 0xff, 0xff, 0x04, 0x15, 0xff,
0xff, 0x03, 0x11, 0xf7, 0x96, 0x01, 0x01, 0xd9, 0x00, 0x01, 0x01, 0xdb, 0x00, 0x01, 0x01,
0xdb, 0x00, 0x01, 0x01, 0xdb, 0x00, 0x01, 0x01, 0xdb, 0x00, 0x01, 0x01, 0xdb, 0x00, 0x01,
0x01, 0xdb, 0x00, 0x01, 0x01, 0xdb, 0x00, 0x01, 0x01, 0xdb, 0x00, 0x01, 0x01, 0xdb, 0x00,
0x01, 0x01, 0xdb, 0x00, 0xff, 0xff, 0xff, 0x00, 0xff, 0xff, 0xff, 0x00, 0xff, 0xff, 0xff,
0x00, 0xff, 0xff, 0xff, 0x00, 0xff, 0xff, 0xff, 0x00, 0xff, 0xff, 0xff, 0x00, 0xff, 0xff,
0xff, 0x00, 0xff, 0xff, 0xff, 0x00, 0xff, 0xff, 0xff, 0x00, 0xff, 0xff, 0xff, 0x00, 0xff,
0xff, 0xff, 0x00, 0xff, 0xff, 0xff, 0x00, 0xff, 0xff, 0xff, 0x00, 0xff, 0xff, 0xff, 0x00,
0xff, 0xff, 0xff, 0x00, 0x01, 0x03, 0x31, 0x00, 0x01, 0x03, 0x31, 0x00, 0x01, 0x03, 0x31,
0x00, 0x01, 0x03, 0x31, 0x00, 0x01, 0x03, 0x31, 0x00, 0x01, 0x03, 0x31, 0x00, 0x01, 0x03,
0x31, 0x00, 0x01, 0x03, 0x31, 0x00, 0x01, 0x03, 0x30, 0x00, 0x01, 0x01, 0x25, 0x00, 0x03,
0x10, 0xc3, 0x69, 0x05, 0x17, 0xff, 0xff, 0x05, 0x16, 0xff, 0xff, 0x05, 0x16, 0xff, 0xff,
0x05, 0x16, 0xff, 0xff, 0x05, 0x16, 0xff, 0xff, 0x05, 0x15, 0xff, 0xff, 0x05, 0x15, 0xff,
0xff, 0x05, 0x15, 0xff, 0xff, 0x05, 0x15, 0xff, 0xff, 0x05, 0x15, 0xff, 0xff, 0x05, 0x15,
0xff, 0xff, 0x05, 0x16, 0xff, 0xff, 0x05, 0x16, 0xff, 0xff, 0x05, 0x16, 0xff, 0xff, 0x05,
0x16, 0xff, 0xff, 0x05, 0x16, 0xff, 0xff, 0x05, 0x16, 0xff, 0xff, 0x05, 0x15, 0xff, 0xff,
0x05, 0x15, 0xff, 0xff, 0x05, 0x15, 0xff, 0xff, 0x05, 0x15, 0xff, 0xff, 0x05, 0x15, 0xff,
0xff, 0x01, 0x11, 0xff, 0xff, 0x00, 0x09, 0xff, 0xff, 0x00, 0x0a, 0xff, 0xff, 0x01, 0x12,
0xff, 0xff, 0x09, 0x19, 0xff, 0xff, 0x0d, 0x1d, 0xff, 0xff, 0x11, 0x20, 0xff, 0xff, 0x12,
0x21, 0xff, 0xff, 0x12, 0x21, 0xff, 0xff, 0x11, 0x21, 0xff, 0xff, 0x10, 0x1f, 0xff, 0xff,
0x0e, 0x1e, 0xff, 0xff, 0x0d, 0x1c, 0xff, 0xff, 0x0b, 0x1a, 0xff, 0xff, 0x09, 0x18, 0xff,
0xff, 0x07, 0x17, 0xff, 0xff, 0x05, 0x15, 0xff, 0xff, 0x03, 0x13, 0xff, 0xff, 0x02, 0x12,
0xff, 0xff, 0x00, 0x11, 0xff, 0xff, 0x00, 0x10, 0xff, 0xff, 0x00, 0x10, 0xff, 0xff, 0x00,
0x0f, 0xff, 0xff, 0x00, 0x0f, 0xff, 0xff, 0x00, 0x0f, 0xff, 0xff, 0x00, 0x10, 0xff, 0xff,
0x00, 0x10, 0xff, 0xff, 0x00, 0x11, 0xff, 0xff, 0x01, 0x12, 0xff, 0xff, 0x02, 0x12, 0xff,
0xff, 0x03, 0x13, 0xff, 0xff, 0x04, 0x14, 0xff, 0xff, 0x05, 0x15, 0xff, 0xff, 0x05, 0x15,
0xff, 0xff, 0x06, 0x16, 0xff, 0xff, 0x06, 0x16, 0xff, 0xff, 0x06, 0x16, 0xff, 0xff, 0x05,
0x15, 0xff, 0xff, 0x05, 0x15, 0xff, 0xff, 0x03, 0x13, 0xff, 0xff, 0x02, 0x12, 0xff, 0xff,
0x00, 0x0f, 0xff, 0xff, 0x00, 0x0d, 0xff, 0xff, 0x00, 0x0a, 0xff, 0xff, 0x00, 0x07, 0xff,
0xff, 0x00, 0x09, 0xff, 0xff, 0x00, 0x0f, 0xff, 0xff, 0x04, 0x14, 0xff, 0xff, 0x05, 0x15,
0xff, 0xff, 0x05, 0x15, 0xff, 0xff, 0x05, 0x15, 0xff, 0xff, 0x05, 0x15, 0xff, 0xff, 0x05,
0x15, 0xff, 0xff, 0x05, 0x15, 0xff, 0xff, 0x05, 0x15, 0xff, 0xff, 0x05, 0x15, 0xff, 0xff,
0x05, 0x15, 0xff, 0xff, 0x05, 0x15, 0xff, 0xff, 0x05, 0x15, 0xff, 0xff, 0x05, 0x15, 0xff,
0xff, 0x05, 0x15, 0xff, 0xff, 0x05, 0x15, 0xff, 0xff, 0x05, 0x15, 0xff, 0xff, 0x05, 0x14,
0xff, 0xff, 0x05, 0x14, 0xff, 0xff, 0x05, 0x14, 0xff, 0xff, 0x05, 0x14, 0xff, 0xff, 0x05,
0x14, 0xff, 0xff, 0x05, 0x15, 0xff, 0xff, 0x03, 0x0d, 0xf6, 0x5a, 0x01, 0x00, 0xe6, 0x00,
0x01, 0x01, 0xe9, 0x00, 0x01, 0x01, 0xea, 0x00, 0x01, 0x01, 0xea, 0x00, 0x01, 0x01, 0xea,
0x00, 0x01, 0x01, 0xea, 0x00, 0x01, 0x01, 0xea, 0x00, 0x01, 0x01, 0xea, 0x00, 0x01, 0x01,
0xea, 0x00, 0x01, 0x01, 0xea, 0x00, 0xff, 0xff, 0xff, 0x00, 0xff, 0xff, 0xff, 0x00, 0xff,
0xff, 0xff, 0x00, 0xff, 0xff, 0xff, 0x00, 0xff, 0xff, 0xff, 0x00, 0xff, 0xff, 0xff, 0x00,
0xff, 0xff, 0xff, 0x00, 0xff, 0xff, 0xff, 0x00, 0xff, 0xff, 0xff, 0x00, 0xff, 0xff, 0xff,
0x00, 0xff, 0xff, 0xff, 0x00, 0xff, 0xff, 0xff, 0x00, 0xff, 0xff, 0xff, 0x00, 0xff, 0xff,
0xff, 0x00, 0xff, 0xff, 0xff, 0x00, 0x01, 0x01, 0x5b, 0x00, 0x01, 0x01, 0x5b, 0x00, 0x01,
0x01, 0x5b, 0x00, 0x01, 0x01, 0x5b, 0x00, 0x01, 0x01, 0x5b, 0x00, 0x01, 0x01, 0x5b, 0x00,
0x01, 0x01, 0x5b, 0x00, 0x01, 0x01, 0x5b, 0x00, 0x01, 0x00, 0x59, 0x00, 0x02, 0x0a, 0xbb,
0x2f, 0x05, 0x16, 0xf9, 0xf9, 0x05, 0x16, 0xff, 0xff, 0x05, 0x16, 0xff, 0xff, 0x05, 0x16,
0xff, 0xff, 0x05, 0x16, 0xff, 0xff, 0x05, 0x16, 0xff, 0xff, 0x05, 0x16, 0xff, 0xff, 0x05,
0x16, 0xff, 0xff, 0x05, 0x16, 0xff, 0xff, 0x05, 0x16, 0xff, 0xff, 0x05, 0x16, 0xff, 0xff,
0x05, 0x16, 0xff, 0xff, 0x05, 0x16, 0xff, 0xff, 0x05, 0x16, 0xff, 0xff, 0x05, 0x16, 0xff,
0xff, 0x05, 0x16, 0xff, 0xff, 0x05, 0x16, 0xff, 0xff, 0x05, 0x16, 0xff, 0xff, 0x05, 0x16,
0xff, 0xff, 0x05, 0x16, 0xff, 0xff, 0x05, 0x16, 0xff, 0xff, 0x03, 0x14, 0xff, 0xff, 0x00,
0x0b, 0xff, 0xff, 0x13, 0x22, 0xff, 0xff, 0x59, 0x64, 0xff, 0xff, 0xa3, 0xaa, 0xff, 0xff,
0xc7, 0xcb, 0xff, 0xff, 0xd5, 0xd8, 0xff, 0xff, 0xdd, 0xdf, 0xff, 0xff, 0xe2, 0xe4, 0xff,
0xff, 0xe4, 0xe6, 0xff, 0xff, 0xe5, 0xe7, 0xff, 0xff, 0xe4, 0xe6, 0xff, 0xff, 0xe2, 0xe4,
0xff, 0xff, 0xdf, 0xe1, 0xff, 0xff, 0xdb, 0xde, 0xff, 0xff, 0xd8, 0xda, 0xff, 0xff, 0xd5,
0xd7, 0xff, 0xff, 0xd1, 0xd4, 0xff, 0xff, 0xce, 0xd1, 0xff, 0xff, 0xcb, 0xcf, 0xff, 0xff,
0xc9, 0xcc, 0xff, 0xff, 0xc6, 0xca, 0xff, 0xff, 0xc5, 0xc9, 0xff, 0xff, 0xc4, 0xc8, 0xff,
0xff, 0xc3, 0xc7, 0xff, 0xff, 0xc3, 0xc7, 0xff, 0xff, 0xc3, 0xc7, 0xff, 0xff, 0xc4, 0xc8,
0xff, 0xff, 0xc5, 0xc9, 0xff, 0xff, 0xc6, 0xca, 0xff, 0xff, 0xc8, 0xcb, 0xff, 0xff, 0xc9,
0xcd, 0xff, 0xff, 0xcb, 0xce, 0xff, 0xff, 0xcc, 0xd0, 0xff, 0xff, 0xcd, 0xd1, 0xff, 0xff,
0xcf, 0xd2, 0xff, 0xff, 0xd0, 0xd3, 0xff, 0xff, 0xd0, 0xd3, 0xff, 0xff, 0xcf, 0xd2, 0xff,
0xff, 0xcf, 0xd2, 0xff, 0xff, 0xcd, 0xd1, 0xff, 0xff, 0xcb, 0xcf, 0xff, 0xff, 0xc8, 0xcc,
0xff, 0xff, 0xc4, 0xc8, 0xff, 0xff, 0xbc, 0xc1, 0xff, 0xff, 0xa8, 0xad, 0xff, 0xff, 0x87,
0x8e, 0xff, 0xff, 0x55, 0x61, 0xff, 0xff, 0x1f, 0x2d, 0xff, 0xff, 0x01, 0x11, 0xff, 0xff,
0x00, 0x0d, 0xff, 0xff, 0x05, 0x16, 0xff, 0xff, 0x05, 0x16, 0xff, 0xff, 0x05, 0x16, 0xff,
0xff, 0x05, 0x16, 0xff, 0xff, 0x05, 0x16, 0xff, 0xff, 0x05, 0x16, 0xff, 0xff, 0x05, 0x16,
0xff, 0xff, 0x05, 0x15, 0xff, 0xff, 0x05, 0x15, 0xff, 0xff, 0x05, 0x15, 0xff, 0xff, 0x05,
0x15, 0xff, 0xff, 0x05, 0x15, 0xff, 0xff, 0x05, 0x15, 0xff, 0xff, 0x05, 0x15, 0xff, 0xff,
0x05, 0x15, 0xff, 0xff, 0x05, 0x15, 0xff, 0xff, 0x05, 0x15, 0xff, 0xff, 0x05, 0x15, 0xff,
0xff, 0x05, 0x15, 0xff, 0xff, 0x05, 0x15, 0xff, 0xff, 0x05, 0x16, 0xff, 0xf3, 0x02, 0x0d,
0xef, 0x26, 0x01, 0x0a, 0xda, 0x00, 0x01, 0x0a, 0xdc, 0x00, 0x01, 0x0a, 0xdc, 0x00, 0x01,
0x0a, 0xdc, 0x00, 0x01, 0x0a, 0xdc, 0x00, 0x01, 0x0a, 0xdc, 0x00, 0x01, 0x0a, 0xdc, 0x00,
0x01, 0x0a, 0xdc, 0x00, 0x01, 0x0a, 0xdc, 0x00, 0xff, 0xff, 0xff, 0x00, 0xff, 0xff, 0xff,
0x00, 0xff, 0xff, 0xff, 0x00, 0xff, 0xff, 0xff, 0x00, 0xff, 0xff, 0xff, 0x00, 0xff, 0xff,
0xff, 0x00, 0xff, 0xff, 0xff, 0x00, 0xff, 0xff, 0xff, 0x00, 0xff, 0xff, 0xff, 0x00, 0xff,
0xff, 0xff, 0x00, 0xff, 0xff, 0xff, 0x00, 0xff, 0xff, 0xff, 0x00, 0xff, 0xff, 0xff, 0x00,
0xff, 0xff, 0xff, 0x00, 0xff, 0xff, 0xff, 0x00, 0x01, 0x00, 0x4d, 0x00, 0x01, 0x00, 0x4d,
0x00, 0x01, 0x00, 0x4d, 0x00, 0x01, 0x00, 0x4d, 0x00, 0x01, 0x00, 0x4d, 0x00, 0x01, 0x00,
0x4d, 0x00, 0x01, 0x00, 0x4d, 0x00, 0x01, 0x00, 0x49, 0x00, 0x01, 0x03, 0x62, 0x08, 0x05,
0x16, 0xed, 0xd1, 0x05, 0x18, 0xff, 0xff, 0x05, 0x17, 0xff, 0xff, 0x05, 0x17, 0xff, 0xff,
0x05, 0x17, 0xff, 0xff, 0x05, 0x17, 0xff, 0xff, 0x05, 0x17, 0xff, 0xff, 0x05, 0x17, 0xff,
0xff, 0x05, 0x17, 0xff, 0xff, 0x05, 0x17, 0xff, 0xff, 0x05, 0x17, 0xff, 0xff, 0x05, 0x17,
0xff, 0xff, 0x05, 0x17, 0xff, 0xff, 0x05, 0x17, 0xff, 0xff, 0x05, 0x17, 0xff, 0xff, 0x05,
0x17, 0xff, 0xff, 0x05, 0x17, 0xff, 0xff, 0x05, 0x17, 0xff, 0xff, 0x05, 0x17, 0xff, 0xff,
0x05, 0x17, 0xff, 0xff, 0x05, 0x17, 0xff, 0xff, 0x00, 0x12, 0xff, 0xff, 0x01, 0x11, 0xff,
0xff, 0x84, 0x8c, 0xff, 0xff, 0xe4, 0xe6, 0xff, 0xff, 0xff, 0xff, 0xff, 0xff, 0xff, 0xff,
0xff, 0xff, 0xff, 0xff, 0xff, 0xff, 0xff, 0xff, 0xff, 0xff, 0xff, 0xff, 0xff, 0xff, 0xff,
0xff, 0xff, 0xff, 0xff, 0xff, 0xff, 0xff, 0xff, 0xff, 0xff, 0xff, 0xff, 0xff, 0xff, 0xff,
0xff, 0xff, 0xff, 0xff, 0xff, 0xff, 0xff, 0xff, 0xff, 0xff, 0xff, 0xff, 0xff, 0xff, 0xff,
0xff, 0xff, 0xff, 0xff, 0xff, 0xff, 0xff, 0xff, 0xff, 0xff, 0xff, 0xff, 0xff, 0xff, 0xff,
0xff, 0xff, 0xff, 0xff, 0xff, 0xff, 0xff, 0xff, 0xff, 0xff, 0xff, 0xff, 0xff, 0xff, 0xff,
0xff, 0xff, 0xff, 0xff, 0xff, 0xff, 0xff, 0xff, 0xff, 0xff, 0xff, 0xff, 0xff, 0xff, 0xff,
0xff, 0xff, 0xff, 0xff, 0xff, 0xff, 0xff, 0xff, 0xff, 0xff, 0xff, 0xff, 0xff, 0xff, 0xff,
0xff, 0xff, 0xff, 0xff, 0xff, 0xff, 0xff, 0xff, 0xff, 0xff, 0xff, 0xff, 0xff, 0xff, 0xff,
0xff, 0xff, 0xff, 0xff, 0xff, 0xff, 0xff, 0xff, 0xff, 0xff, 0xff, 0xff, 0xff, 0xff, 0xff,
0xff, 0xff, 0xff, 0xff, 0xff, 0xff, 0xff, 0xff, 0xff, 0xff, 0xff, 0xff, 0xff, 0xff, 0xff,
0xff, 0xff, 0xff, 0xff, 0xff, 0xff, 0xff, 0xff, 0xff, 0xff, 0xff, 0xff, 0xff, 0xff, 0xff,
0xff, 0xff, 0xff, 0xff, 0xff, 0xff, 0xff, 0xff, 0xff, 0xf1, 0xf1, 0xff, 0xff, 0xc1, 0xc5,
0xff, 0xff, 0x37, 0x44, 0xff, 0xff, 0x00, 0x0a, 0xff, 0xff, 0x05, 0x16, 0xff, 0xff, 0x05,
0x16, 0xff, 0xff, 0x05, 0x16, 0xff, 0xff, 0x05, 0x16, 0xff, 0xff, 0x05, 0x16, 0xff, 0xff,
0x05, 0x16, 0xff, 0xff, 0x05, 0x16, 0xff, 0xff, 0x05, 0x16, 0xff, 0xff, 0x05, 0x16, 0xff,
0xff, 0x05, 0x16, 0xff, 0xff, 0x05, 0x16, 0xff, 0xff, 0x05, 0x16, 0xff, 0xff, 0x05, 0x16,
0xff, 0xff, 0x05, 0x16, 0xff, 0xff, 0x05, 0x16, 0xff, 0xff, 0x05, 0x16, 0xff, 0xff, 0x05,
0x16, 0xff, 0xff, 0x05, 0x16, 0xff, 0xff, 0x05, 0x16, 0xff, 0xff, 0x05, 0x16, 0xff, 0xff,
0x04, 0x15, 0xf2, 0xc4, 0x01, 0x04, 0x26, 0x04, 0x01, 0x01, 0x06, 0x00, 0x01, 0x02, 0x07,
0x00, 0x01, 0x02, 0x07, 0x00, 0x01, 0x02, 0x07, 0x00, 0x01, 0x02, 0x07, 0x00, 0x01, 0x02,
0x07, 0x00, 0x01, 0x02, 0x07, 0x00, 0x01, 0x02, 0x07, 0x00, 0xff, 0xff, 0xff, 0x00, 0xff,
0xff, 0xff, 0x00, 0xff, 0xff, 0xff, 0x00, 0xff, 0xff, 0xff, 0x00, 0xff, 0xff, 0xff, 0x00,
0xff, 0xff, 0xff, 0x00, 0xff, 0xff, 0xff, 0x00, 0xff, 0xff, 0xff, 0x00, 0xff, 0xff, 0xff,
0x00, 0xff, 0xff, 0xff, 0x00, 0xff, 0xff, 0xff, 0x00, 0xff, 0xff, 0xff, 0x00, 0xff, 0xff,
0xff, 0x00, 0xff, 0xff, 0xff, 0x00, 0xff, 0xff, 0xff, 0x00, 0x01, 0x0a, 0xc3, 0x00, 0x01,
0x0a, 0xc3, 0x00, 0x01, 0x0a, 0xc3, 0x00, 0x01, 0x0a, 0xc3, 0x00, 0x01, 0x0a, 0xc3, 0x00,
0x01, 0x0a, 0xc3, 0x00, 0x01, 0x0a, 0xc3, 0x00, 0x01, 0x09, 0xbe, 0x00, 0x03, 0x11, 0xe2,
0x7d, 0x05, 0x19, 0xff, 0xff, 0x05, 0x18, 0xff, 0xff, 0x05, 0x18, 0xff, 0xff, 0x05, 0x18,
0xff, 0xff, 0x05, 0x18, 0xff, 0xff, 0x05, 0x18, 0xff, 0xff, 0x05, 0x18, 0xff, 0xff, 0x05,
0x18, 0xff, 0xff, 0x05, 0x18, 0xff, 0xff, 0x05, 0x18, 0xff, 0xff, 0x05, 0x18, 0xff, 0xff,
0x05, 0x18, 0xff, 0xff, 0x05, 0x18, 0xff, 0xff, 0x05, 0x18, 0xff, 0xff, 0x05, 0x18, 0xff,
0xff, 0x05, 0x18, 0xff, 0xff, 0x05, 0x18, 0xff, 0xff, 0x05, 0x18, 0xff, 0xff, 0x05, 0x18,
0xff, 0xff, 0x05, 0x18, 0xff, 0xff, 0x02, 0x14, 0xff, 0xff, 0x0c, 0x1c, 0xff, 0xff, 0xa9,
0xaf, 0xff, 0xff, 0xff, 0xff, 0xff, 0xff, 0xff, 0xff, 0xff, 0xff, 0xff, 0xff, 0xff, 0xff,
0xff, 0xff, 0xff, 0xff, 0xff, 0xff, 0xff, 0xff, 0xff, 0xff, 0xff, 0xff, 0xff, 0xff, 0xff,
0xff, 0xff, 0xff, 0xff, 0xff, 0xff, 0xff, 0xff, 0xff, 0xff, 0xff, 0xff, 0xff, 0xff, 0xff,
0xff, 0xff, 0xff, 0xff, 0xff, 0xff, 0xff, 0xff, 0xff, 0xff, 0xff, 0xff, 0xff, 0xff, 0xff,
0xff, 0xff, 0xff, 0xff, 0xff, 0xff, 0xff, 0xff, 0xff, 0xff, 0xff, 0xff, 0xff, 0xff, 0xff,
0xff, 0xff, 0xff, 0xff, 0xff, 0xff, 0xff, 0xff, 0xff, 0xff, 0xff, 0xff, 0xff, 0xff, 0xff,
0xff, 0xff, 0xff, 0xff, 0xff, 0xff, 0xff, 0xff, 0xff, 0xff, 0xff, 0xff, 0xff, 0xff, 0xff,
0xff, 0xff, 0xff, 0xff, 0xff, 0xff, 0xff, 0xff, 0xff, 0xff, 0xff, 0xff, 0xff, 0xff, 0xff,
0xff, 0xff, 0xff, 0xff, 0xff, 0xff, 0xff, 0xff, 0xff, 0xff, 0xff, 0xff, 0xff, 0xff, 0xff,
0xff, 0xff, 0xff, 0xff, 0xff, 0xff, 0xff, 0xff, 0xff, 0xff, 0xff, 0xff, 0xff, 0xff, 0xff,
0xff, 0xff, 0xff, 0xff, 0xff, 0xff, 0xff, 0xff, 0xff, 0xff, 0xff, 0xff, 0xff, 0xff, 0xff,
0xff, 0xff, 0xff, 0xff, 0xff, 0xff, 0xff, 0xff, 0xff, 0xff, 0xff, 0xff, 0xff, 0xff, 0xff,
0xff, 0xff, 0xff, 0xff, 0xff, 0xff, 0xff, 0xff, 0xff, 0xff, 0xff, 0xff, 0xff, 0xff, 0xff,
0xff, 0xff, 0xff, 0xff, 0xf2, 0xf3, 0xff, 0xff, 0x4e, 0x5a, 0xff, 0xff, 0x00, 0x0a, 0xff,
0xff, 0x05, 0x17, 0xff, 0xff, 0x05, 0x17, 0xff, 0xff, 0x05, 0x17, 0xff, 0xff, 0x05, 0x17,
0xff, 0xff, 0x05, 0x17, 0xff, 0xff, 0x05, 0x17, 0xff, 0xff, 0x05, 0x17, 0xff, 0xff, 0x05,
0x17, 0xff, 0xff, 0x05, 0x17, 0xff, 0xff, 0x05, 0x17, 0xff, 0xff, 0x05, 0x17, 0xff, 0xff,
0x05, 0x17, 0xff, 0xff, 0x05, 0x17, 0xff, 0xff, 0x05, 0x17, 0xff, 0xff, 0x05, 0x17, 0xff,
0xff, 0x05, 0x17, 0xff, 0xff, 0x05, 0x17, 0xff, 0xff, 0x05, 0x17, 0xff, 0xff, 0x05, 0x17,
0xff, 0xff, 0x05, 0x17, 0xff, 0xff, 0x03, 0x10, 0xb3, 0x69, 0x01, 0x0d, 0x93, 0x00, 0x01,
0x0e, 0x96, 0x00, 0x01, 0x0e, 0x95, 0x00, 0x01, 0x0e, 0x95, 0x00, 0x01, 0x0e, 0x95, 0x00,
0x01, 0x0e, 0x95, 0x00, 0x01, 0x0e, 0x95, 0x00, 0x01, 0x0e, 0x95, 0x00, 0xff, 0xff, 0xff,
0x00, 0xff, 0xff, 0xff, 0x00, 0xff, 0xff, 0xff, 0x00, 0xff, 0xff, 0xff, 0x00, 0xff, 0xff,
0xff, 0x00, 0xff, 0xff, 0xff, 0x00, 0xff, 0xff, 0xff, 0x00, 0xff, 0xff, 0xff, 0x00, 0xff,
0xff, 0xff, 0x00, 0xff, 0xff, 0xff, 0x00, 0xff, 0xff, 0xff, 0x00, 0xff, 0xff, 0xff, 0x00,
0xff, 0xff, 0xff, 0x00, 0xff, 0xff, 0xff, 0x00, 0xff, 0xff, 0xff, 0x00, 0x01, 0x0a, 0xe9,
0x00, 0x01, 0x0a, 0xe9, 0x00, 0x01, 0x0a, 0xe9, 0x00, 0x01, 0x0a, 0xe9, 0x00, 0x01, 0x0a,
0xe9, 0x00, 0x01, 0x0a, 0xe9, 0x00, 0x01, 0x09, 0xe6, 0x00, 0x02, 0x10, 0xf5, 0x38, 0x05,
0x1a, 0xff, 0xfb, 0x05, 0x18, 0xff, 0xff, 0x05, 0x18, 0xff, 0xff, 0x05, 0x18, 0xff, 0xff,
0x05, 0x18, 0xff, 0xff, 0x05, 0x18, 0xff, 0xff, 0x05, 0x18, 0xff, 0xff, 0x05, 0x18, 0xff,
0xff, 0x05, 0x18, 0xff, 0xff, 0x05, 0x18, 0xff, 0xff, 0x05, 0x18, 0xff, 0xff, 0x05, 0x18,
0xff, 0xff, 0x05, 0x18, 0xff, 0xff, 0x05, 0x18, 0xff, 0xff, 0x05, 0x18, 0xff, 0xff, 0x05,
0x18, 0xff, 0xff, 0x05, 0x18, 0xff, 0xff, 0x05, 0x18, 0xff, 0xff, 0x05, 0x18, 0xff, 0xff,
0x05, 0x18, 0xff, 0xff, 0x05, 0x18, 0xff, 0xff, 0x00, 0x0b, 0xff, 0xff, 0x89, 0x92, 0xff,
0xff, 0xff, 0xff, 0xff, 0xff, 0xff, 0xff, 0xff, 0xff, 0xff, 0xff, 0xff, 0xff, 0xff, 0xff,
0xff, 0xff, 0xff, 0xff, 0xff, 0xff, 0xff, 0xff, 0xff, 0xff, 0xff, 0xff, 0xff, 0xff, 0xff,
0xff, 0xff, 0xff, 0xff, 0xff, 0xff, 0xff, 0xff, 0xff, 0xff, 0xff, 0xff, 0xff, 0xff, 0xff,
0xff, 0xff, 0xff, 0xff, 0xff, 0xff, 0xff, 0xff, 0xff, 0xff, 0xff, 0xff, 0xff, 0xff, 0xff,
0xff, 0xff, 0xff, 0xff, 0xff, 0xff, 0xff, 0xff, 0xff, 0xff, 0xff, 0xff, 0xff, 0xff, 0xff,
0xff, 0xff, 0xff, 0xff, 0xff, 0xff, 0xff, 0xff, 0xff, 0xff, 0xff, 0xff, 0xff, 0xff, 0xff,
0xff, 0xff, 0xff, 0xff, 0xff, 0xff, 0xff, 0xff, 0xff, 0xff, 0xff, 0xff, 0xff, 0xff, 0xff,
0xff, 0xff, 0xff, 0xff, 0xff, 0xff, 0xff, 0xff, 0xff, 0xff, 0xff, 0xff, 0xff, 0xff, 0xff,
0xff, 0xff, 0xff, 0xff, 0xff, 0xff, 0xff, 0xff, 0xff, 0xff, 0xff, 0xff, 0xff, 0xff, 0xff,
0xff, 0xff, 0xff, 0xff, 0xff, 0xff, 0xff, 0xff, 0xff, 0xff, 0xff, 0xff, 0xff, 0xff, 0xff,
0xff, 0xff, 0xff, 0xff, 0xff, 0xff, 0xff, 0xff, 0xff, 0xff, 0xff, 0xff, 0xff, 0xff, 0xff,
0xff, 0xff, 0xff, 0xff, 0xff, 0xff, 0xff, 0xff, 0xff, 0xff, 0xff, 0xff, 0xff, 0xff, 0xff,
0xff, 0xff, 0xff, 0xff, 0xff, 0xff, 0xff, 0xff, 0xff, 0xff, 0xff, 0xff, 0xff, 0xff, 0xff,
0xff, 0xff, 0xff, 0xff, 0xff, 0xff, 0xff, 0xff, 0xff, 0xff, 0xe9, 0xeb, 0xff, 0xff, 0x23,
0x31, 0xff, 0xff, 0x01, 0x12, 0xff, 0xff, 0x05, 0x18, 0xff, 0xff, 0x05, 0x18, 0xff, 0xff,
0x05, 0x18, 0xff, 0xff, 0x05, 0x18, 0xff, 0xff, 0x05, 0x18, 0xff, 0xff, 0x05, 0x18, 0xff,
0xff, 0x05, 0x18, 0xff, 0xff, 0x05, 0x18, 0xff, 0xff, 0x05, 0x18, 0xff, 0xff, 0x05, 0x18,
0xff, 0xff, 0x05, 0x18, 0xff, 0xff, 0x05, 0x18, 0xff, 0xff, 0x05, 0x18, 0xff, 0xff, 0x05,
0x18, 0xff, 0xff, 0x05, 0x18, 0xff, 0xff, 0x05, 0x18, 0xff, 0xff, 0x05, 0x18, 0xff, 0xff,
0x05, 0x18, 0xff, 0xff, 0x05, 0x18, 0xff, 0xff, 0x05, 0x19, 0xff, 0xf3, 0x02, 0x10, 0xd9,
0x2b, 0x01, 0x0a, 0xbb, 0x00, 0x01, 0x0b, 0xbf, 0x00, 0x01, 0x0b, 0xbf, 0x00, 0x01, 0x0b,
0xbf, 0x00, 0x01, 0x0b, 0xbf, 0x00, 0x01, 0x0b, 0xbf, 0x00, 0x01, 0x0b, 0xbf, 0x00, 0xff,
0xff, 0xff, 0x00, 0xff, 0xff, 0xff, 0x00, 0xff, 0xff, 0xff, 0x00, 0xff, 0xff, 0xff, 0x00,
0xff, 0xff, 0xff, 0x00, 0xff, 0xff, 0xff, 0x00, 0xff, 0xff, 0xff, 0x00, 0xff, 0xff, 0xff,
0x00, 0xff, 0xff, 0xff, 0x00, 0xff, 0xff, 0xff, 0x00, 0xff, 0xff, 0xff, 0x00, 0xff, 0xff,
0xff, 0x00, 0xff, 0xff, 0xff, 0x00, 0xff, 0xff, 0xff, 0x00, 0xff, 0xff, 0xff, 0x00, 0x01,
0x07, 0xd7, 0x00, 0x01, 0x07, 0xd7, 0x00, 0x01, 0x07, 0xd7, 0x00, 0x01, 0x07, 0xd7, 0x00,
0x01, 0x07, 0xd7, 0x00, 0x01, 0x06, 0xd5, 0x00, 0x01, 0x08, 0xd8, 0x06, 0x05, 0x16, 0xf7,
0xbb, 0x06, 0x1a, 0xff, 0xff, 0x06, 0x19, 0xff, 0xff, 0x06, 0x19, 0xff, 0xff, 0x06, 0x19,
0xff, 0xff, 0x06, 0x19, 0xff, 0xff, 0x06, 0x19, 0xff, 0xff, 0x06, 0x19, 0xff, 0xff, 0x06,
0x19, 0xff, 0xff, 0x06, 0x19, 0xff, 0xff, 0x06, 0x19, 0xff, 0xff, 0x06, 0x19, 0xff, 0xff,
0x06, 0x19, 0xff, 0xff, 0x06, 0x19, 0xff, 0xff, 0x06, 0x19, 0xff, 0xff, 0x06, 0x19, 0xff,
0xff, 0x06, 0x19, 0xff, 0xff, 0x06, 0x19, 0xff, 0xff, 0x06, 0x19, 0xff, 0xff, 0x06, 0x19,
0xff, 0xff, 0x06, 0x19, 0xff, 0xff, 0x01, 0x12, 0xff, 0xff, 0x2d, 0x3d, 0xff, 0xff, 0xf7,
0xf7, 0xff, 0xff, 0xff, 0xff, 0xff, 0xff, 0xff, 0xff, 0xff, 0xff, 0xff, 0xff, 0xff, 0xff,
0xff, 0xff, 0xff, 0xff, 0xff, 0xff, 0xff, 0xff, 0xff, 0xff, 0xff, 0xff, 0xff, 0xff, 0xff,
0xff, 0xff, 0xff, 0xff, 0xff, 0xff, 0xff, 0xff, 0xff, 0xff, 0xff, 0xff, 0xff, 0xff, 0xff,
0xff, 0xff, 0xff, 0xff, 0xff, 0xff, 0xff, 0xff, 0xff, 0xff, 0xff, 0xff, 0xff, 0xff, 0xff,
0xff, 0xff, 0xff, 0xff, 0xff, 0xff, 0xff, 0xff, 0xff, 0xff, 0xff, 0xff, 0xff, 0xff, 0xff,
0xff, 0xff, 0xff, 0xff, 0xff, 0xff, 0xff, 0xff, 0xff, 0xff, 0xff, 0xff, 0xff, 0xff, 0xff,
0xff, 0xff, 0xff, 0xff, 0xff, 0xff, 0xff, 0xff, 0xff, 0xff, 0xff, 0xff, 0xff, 0xff, 0xff,
0xff, 0xff, 0xff, 0xff, 0xff, 0xff, 0xff, 0xff, 0xff, 0xff, 0xff, 0xff, 0xff, 0xff, 0xff,
0xff, 0xff, 0xff, 0xff, 0xff, 0xff, 0xff, 0xff, 0xff, 0xff, 0xff, 0xff, 0xff, 0xff, 0xff,
0xff, 0xff, 0xff, 0xff, 0xff, 0xff, 0xff, 0xff, 0xff, 0xff, 0xff, 0xff, 0xff, 0xff, 0xff,
0xff, 0xff, 0xff, 0xff, 0xff, 0xff, 0xff, 0xff, 0xff, 0xff, 0xff, 0xff, 0xff, 0xff, 0xff,
0xff, 0xff, 0xff, 0xff, 0xff, 0xff, 0xff, 0xff, 0xff, 0xff, 0xff, 0xff, 0xff, 0xff, 0xff,
0xff, 0xff, 0xff, 0xff, 0xff, 0xff, 0xff, 0xff, 0xff, 0xff, 0xff, 0xff, 0xff, 0xff, 0xff,
0xff, 0xff, 0xff, 0xff, 0xff, 0xff, 0xff, 0xff, 0xff, 0xff, 0xff, 0xff, 0xff, 0xff, 0xff,
0xff, 0x74, 0x7f, 0xff, 0xff, 0x00, 0x09, 0xff, 0xff, 0x05, 0x18, 0xff, 0xff, 0x05, 0x18,
0xff, 0xff, 0x05, 0x18, 0xff, 0xff, 0x05, 0x18, 0xff, 0xff, 0x05, 0x18, 0xff, 0xff, 0x05,
0x18, 0xff, 0xff, 0x05, 0x18, 0xff, 0xff, 0x05, 0x18, 0xff, 0xff, 0x05, 0x18, 0xff, 0xff,
0x05, 0x18, 0xff, 0xff, 0x05, 0x18, 0xff, 0xff, 0x05, 0x18, 0xff, 0xff, 0x05, 0x18, 0xff,
0xff, 0x05, 0x18, 0xff, 0xff, 0x05, 0x18, 0xff, 0xff, 0x05, 0x18, 0xff, 0xff, 0x05, 0x18,
0xff, 0xff, 0x05, 0x18, 0xff, 0xff, 0x05, 0x18, 0xff, 0xff, 0x05, 0x19, 0xff, 0xff, 0x04,
0x15, 0xf2, 0xa5, 0x01, 0x0c, 0xdf, 0x00, 0x01, 0x0a, 0xdd, 0x00, 0x01, 0x0b, 0xde, 0x00,
0x01, 0x0b, 0xde, 0x00, 0x01, 0x0b, 0xde, 0x00, 0x01, 0x0b, 0xde, 0x00, 0x01, 0x0b, 0xde,
0x00, 0xff, 0xff, 0xff, 0x00, 0xff, 0xff, 0xff, 0x00, 0xff, 0xff, 0xff, 0x00, 0xff, 0xff,
0xff, 0x00, 0xff, 0xff, 0xff, 0x00, 0xff, 0xff, 0xff, 0x00, 0xff, 0xff, 0xff, 0x00, 0xff,
0xff, 0xff, 0x00, 0xff, 0xff, 0xff, 0x00, 0xff, 0xff, 0xff, 0x00, 0xff, 0xff, 0xff, 0x00,
0xff, 0xff, 0xff, 0x00, 0xff, 0xff, 0xff, 0x00, 0xff, 0xff, 0xff, 0x00, 0xff, 0xff, 0xff,
0x00, 0x01, 0x0d, 0xca, 0x00, 0x01, 0x0d, 0xca, 0x00, 0x01, 0x0d, 0xca, 0x00, 0x01, 0x0d,
0xca, 0x00, 0x01, 0x0d, 0xca, 0x00, 0x01, 0x0c, 0xca, 0x00, 0x03, 0x12, 0xec, 0x5c, 0x06,
0x1b, 0xff, 0xff, 0x06, 0x1a, 0xff, 0xff, 0x06, 0x1a, 0xff, 0xff, 0x06, 0x1a, 0xff, 0xff,
0x06, 0x1a, 0xff, 0xff, 0x06, 0x1a, 0xff, 0xff, 0x06, 0x1a, 0xff, 0xff, 0x06, 0x1a, 0xff,
0xff, 0x06, 0x1a, 0xff, 0xff, 0x06, 0x1a, 0xff, 0xff, 0x06, 0x1a, 0xff, 0xff, 0x06, 0x1a,
0xff, 0xff, 0x06, 0x1a, 0xff, 0xff, 0x06, 0x1a, 0xff, 0xff, 0x06, 0x1a, 0xff, 0xff, 0x06,
0x1a, 0xff, 0xff, 0x06, 0x1a, 0xff, 0xff, 0x06, 0x1a, 0xff, 0xff, 0x06, 0x1a, 0xff, 0xff,
0x06, 0x1a, 0xff, 0xff, 0x06, 0x1a, 0xff, 0xff, 0x00, 0x0b, 0xff, 0xff, 0x7b, 0x86, 0xff,
0xff, 0xff, 0xff, 0xff, 0xff, 0xff, 0xff, 0xff, 0xff, 0xff, 0xff, 0xff, 0xff, 0xff, 0xff,
0xff, 0xff, 0xff, 0xff, 0xff, 0xff, 0xff, 0xff, 0xff, 0xff, 0xff, 0xff, 0xff, 0xff, 0xff,
0xff, 0xff, 0xff, 0xff, 0xff, 0xff, 0xff, 0xff, 0xff, 0xff, 0xff, 0xff, 0xff, 0xff, 0xff,
0xff, 0xff, 0xff, 0xff, 0xff, 0xff, 0xff, 0xff, 0xff, 0xff, 0xff, 0xff, 0xff, 0xff, 0xff,
0xff, 0xff, 0xff, 0xff, 0xff, 0xff, 0xff, 0xff, 0xff, 0xff, 0xff, 0xff, 0xff, 0xff, 0xff,
0xff, 0xff, 0xff, 0xff, 0xff, 0xff, 0xff, 0xff, 0xff, 0xff, 0xff, 0xff, 0xff, 0xff, 0xff,
0xff, 0xff, 0xff, 0xff, 0xff, 0xff, 0xff, 0xff, 0xff, 0xff, 0xff, 0xff, 0xff, 0xff, 0xff,
0xff, 0xff, 0xff, 0xff, 0xff, 0xff, 0xff, 0xff, 0xff, 0xff, 0xff, 0xff, 0xff, 0xff, 0xff,
0xff, 0xff, 0xff, 0xff, 0xff, 0xff, 0xff, 0xff, 0xff, 0xff, 0xff, 0xff, 0xff, 0xff, 0xff,
0xff, 0xff, 0xff, 0xff, 0xff, 0xff, 0xff, 0xff, 0xff, 0xff, 0xff, 0xff, 0xff, 0xff, 0xff,
0xff, 0xff, 0xff, 0xff, 0xff, 0xff, 0xff, 0xff, 0xff, 0xff, 0xff, 0xff, 0xff, 0xff, 0xff,
0xff, 0xff, 0xff, 0xff, 0xff, 0xff, 0xff, 0xff, 0xff, 0xff, 0xff, 0xff, 0xff, 0xff, 0xff,
0xff, 0xff, 0xff, 0xff, 0xff, 0xff, 0xff, 0xff, 0xff, 0xff, 0xff, 0xff, 0xff, 0xff, 0xff,
0xff, 0xff, 0xff, 0xff, 0xff, 0xff, 0xff, 0xff, 0xff, 0xff, 0xff, 0xff, 0xff, 0xff, 0xff,
0xff, 0xff, 0xff, 0xc5, 0xc9, 0xff, 0xff, 0x04, 0x15, 0xff, 0xff, 0x04, 0x18, 0xff, 0xff,
0x06, 0x19, 0xff, 0xff, 0x06, 0x19, 0xff, 0xff, 0x06, 0x19, 0xff, 0xff, 0x06, 0x19, 0xff,
0xff, 0x06, 0x19, 0xff, 0xff, 0x06, 0x19, 0xff, 0xff, 0x06, 0x19, 0xff, 0xff, 0x06, 0x19,
0xff, 0xff, 0x06, 0x19, 0xff, 0xff, 0x06, 0x19, 0xff, 0xff, 0x06, 0x19, 0xff, 0xff, 0x06,
0x19, 0xff, 0xff, 0x06, 0x19, 0xff, 0xff, 0x06, 0x19, 0xff, 0xff, 0x06, 0x19, 0xff, 0xff,
0x06, 0x19, 0xff, 0xff, 0x06, 0x19, 0xff, 0xff, 0x06, 0x19, 0xff, 0xff, 0x05, 0x19, 0xff,
0xff, 0x05, 0x1a, 0xff, 0xff, 0x03, 0x0f, 0xf1, 0x45, 0x01, 0x0a, 0xe8, 0x00, 0x01, 0x0b,
0xe9, 0x00, 0x01, 0x0b, 0xe9, 0x00, 0x01, 0x0b, 0xe9, 0x00, 0x01, 0x0b, 0xe9, 0x00, 0x01,
0x0b, 0xe9, 0x00, 0xff, 0xff, 0xff, 0x00, 0xff, 0xff, 0xff, 0x00, 0xff, 0xff, 0xff, 0x00,
0xff, 0xff, 0xff, 0x00, 0xff, 0xff, 0xff, 0x00, 0xff, 0xff, 0xff, 0x00, 0xff, 0xff, 0xff,
0x00, 0xff, 0xff, 0xff, 0x00, 0xff, 0xff, 0xff, 0x00, 0xff, 0xff, 0xff, 0x00, 0xff, 0xff,
0xff, 0x00, 0xff, 0xff, 0xff, 0x00, 0xff, 0xff, 0xff, 0x00, 0xff, 0xff, 0xff, 0x00, 0xff,
0xff, 0xff, 0x00, 0x01, 0x02, 0x5f, 0x00, 0x01, 0x02, 0x5f, 0x00, 0x01, 0x02, 0x5f, 0x00,
0x01, 0x02, 0x5f, 0x00, 0x01, 0x02, 0x5e, 0x00, 0x01, 0x07, 0x6f, 0x13, 0x06, 0x1b, 0xf6,
0xd9, 0x06, 0x1b, 0xff, 0xff, 0x06, 0x1a, 0xff, 0xff, 0x06, 0x1a, 0xff, 0xff, 0x06, 0x1a,
0xff, 0xff, 0x06, 0x1a, 0xff, 0xff, 0x06, 0x1a, 0xff, 0xff, 0x06, 0x1a, 0xff, 0xff, 0x06,
0x1a, 0xff, 0xff, 0x06, 0x1b, 0xff, 0xff, 0x06, 0x1b, 0xff, 0xff, 0x06, 0x1b, 0xff, 0xff,
0x06, 0x1b, 0xff, 0xff, 0x06, 0x1b, 0xff, 0xff, 0x06, 0x1b, 0xff, 0xff, 0x06, 0x1b, 0xff,
0xff, 0x06, 0x1b, 0xff, 0xff, 0x06, 0x1b, 0xff, 0xff, 0x06, 0x1b, 0xff, 0xff, 0x06, 0x1b,
0xff, 0xff, 0x06, 0x1b, 0xff, 0xff, 0x04, 0x19, 0xff, 0xff, 0x05, 0x17, 0xff, 0xff, 0xc7,
0xcc, 0xff, 0xff, 0xff, 0xff, 0xff, 0xff, 0xff, 0xff, 0xff, 0xff, 0xff, 0xff, 0xff, 0xff,
0xff, 0xff, 0xff, 0xff, 0xff, 0xff, 0xff, 0xff, 0xff, 0xff, 0xff, 0xff, 0xff, 0xff, 0xff,
0xff, 0xff, 0xff, 0xff, 0xff, 0xff, 0xff, 0xff, 0xff, 0xff, 0xff, 0xff, 0xff, 0xff, 0xff,
0xff, 0xff, 0xff, 0xff, 0xff, 0xff, 0xff, 0xff, 0xff, 0xff, 0xff, 0xff, 0xff, 0xff, 0xff,
0xff, 0xff, 0xff, 0xff, 0xff, 0xff, 0xff, 0xff, 0xff, 0xff, 0xff, 0xff, 0xff, 0xff, 0xff,
0xff, 0xff, 0xff, 0xff, 0xff, 0xff, 0xff, 0xff, 0xff, 0xff, 0xff, 0xff, 0xff, 0xff, 0xff,
0xff, 0xff, 0xff, 0xff, 0xff, 0xff, 0xff, 0xff, 0xff, 0xff, 0xff, 0xff, 0xff, 0xff, 0xff,
0xff, 0xff, 0xff, 0xff, 0xff, 0xff, 0xff, 0xff, 0xff, 0xff, 0xff, 0xff, 0xff, 0xff, 0xff,
0xff, 0xff, 0xff, 0xff, 0xff, 0xff, 0xff, 0xff, 0xff, 0xff, 0xff, 0xff, 0xff, 0xff, 0xff,
0xff, 0xff, 0xff, 0xff, 0xff, 0xff, 0xff, 0xff, 0xff, 0xff, 0xff, 0xff, 0xff, 0xff, 0xff,
0xff, 0xff, 0xff, 0xff, 0xff, 0xff, 0xff, 0xff, 0xff, 0xff, 0xff, 0xff, 0xff, 0xff, 0xff,
0xff, 0xff, 0xff, 0xff, 0xff, 0xff, 0xff, 0xff, 0xff, 0xff, 0xff, 0xff, 0xff, 0xff, 0xff,
0xff, 0xff, 0xff, 0xff, 0xff, 0xff, 0xff, 0xff, 0xff, 0xff, 0xff, 0xff, 0xff, 0xff, 0xff,
0xff, 0xff, 0xff, 0xff, 0xff, 0xff, 0xff, 0xff, 0xff, 0xff, 0xff, 0xff, 0xff, 0xff, 0xff,
0xff, 0xff, 0xff, 0xff, 0xff, 0xfa, 0xfa, 0xff, 0xff, 0x2c, 0x3d, 0xff, 0xff, 0x00, 0x12,
0xff, 0xff, 0x06, 0x1a, 0xff, 0xff, 0x06, 0x1a, 0xff, 0xff, 0x06, 0x19, 0xff, 0xff, 0x06,
0x19, 0xff, 0xff, 0x06, 0x19, 0xff, 0xff, 0x06, 0x19, 0xff, 0xff, 0x06, 0x19, 0xff, 0xff,
0x06, 0x19, 0xff, 0xff, 0x06, 0x1a, 0xff, 0xff, 0x06, 0x1a, 0xff, 0xff, 0x06, 0x1a, 0xff,
0xff, 0x06, 0x1a, 0xff, 0xff, 0x06, 0x1a, 0xff, 0xff, 0x06, 0x1a, 0xff, 0xff, 0x06, 0x1a,
0xff, 0xff, 0x06, 0x1a, 0xff, 0xff, 0x06, 0x1a, 0xff, 0xff, 0x06, 0x1a, 0xff, 0xff, 0x06,
0x1a, 0xff, 0xff, 0x06, 0x19, 0xff, 0xff, 0x05, 0x1a, 0xff, 0xc1, 0x03, 0x19, 0xfc, 0x06,
0x03, 0x19, 0xfc, 0x00, 0x03, 0x19, 0xfc, 0x00, 0x03, 0x19, 0xfc, 0x00, 0x03, 0x19, 0xfc,
0x00, 0x03, 0x19, 0xfc, 0x00, 0xff, 0xff, 0xff, 0x00, 0xff, 0xff, 0xff, 0x00, 0xff, 0xff,
0xff, 0x00, 0xff, 0xff, 0xff, 0x00, 0xff, 0xff, 0xff, 0x00, 0xff, 0xff, 0xff, 0x00, 0xff,
0xff, 0xff, 0x00, 0xff, 0xff, 0xff, 0x00, 0xff, 0xff, 0xff, 0x00, 0xff, 0xff, 0xff, 0x00,
0xff, 0xff, 0xff, 0x00, 0xff, 0xff, 0xff, 0x00, 0xff, 0xff, 0xff, 0x00, 0xff, 0xff, 0xff,
0x00, 0xff, 0xff, 0xff, 0x00, 0x01, 0x0d, 0xe8, 0x00, 0x01, 0x0d, 0xe8, 0x00, 0x01, 0x0d,
0xe8, 0x00, 0x01, 0x0d, 0xe8, 0x00, 0x01, 0x0c, 0xe5, 0x00, 0x04, 0x14, 0xf6, 0x80, 0x06,
0x1c, 0xff, 0xff, 0x06, 0x1b, 0xff, 0xff, 0x06, 0x1b, 0xff, 0xff, 0x06, 0x1b, 0xff, 0xff,
0x06, 0x1b, 0xff, 0xff, 0x06, 0x1b, 0xff, 0xff, 0x06, 0x1b, 0xff, 0xff, 0x06, 0x1b, 0xff,
0xff, 0x06, 0x1b, 0xff, 0xff, 0x06, 0x1b, 0xff, 0xff, 0x06, 0x1b, 0xff, 0xff, 0x06, 0x1b,
0xff, 0xff, 0x06, 0x1b, 0xff, 0xff, 0x06, 0x1b, 0xff, 0xff, 0x06, 0x1b, 0xff, 0xff, 0x06,
0x1b, 0xff, 0xff, 0x06, 0x1b, 0xff, 0xff, 0x06, 0x1b, 0xff, 0xff, 0x06, 0x1b, 0xff, 0xff,
0x06, 0x1b, 0xff, 0xff, 0x06, 0x1b, 0xff, 0xff, 0x00, 0x15, 0xff, 0xff, 0x29, 0x3b, 0xff,
0xff, 0xfa, 0xfa, 0xff, 0xff, 0xff, 0xff, 0xff, 0xff, 0xff, 0xff, 0xff, 0xff, 0xff, 0xff,
0xff, 0xff, 0xff, 0xff, 0xff, 0xff, 0xff, 0xff, 0xff, 0xff, 0xff, 0xff, 0xff, 0xff, 0xff,
0xff, 0xff, 0xff, 0xff, 0xff, 0xff, 0xff, 0xff, 0xff, 0xff, 0xff, 0xff, 0xff, 0xff, 0xff,
0xff, 0xff, 0xff, 0xff, 0xff, 0xff, 0xff, 0xff, 0xff, 0xff, 0xff, 0xff, 0xff, 0xff, 0xff,
0xff, 0xff, 0xff, 0xff, 0xff, 0xff, 0xff, 0xff, 0xff, 0xff, 0xff, 0xff, 0xff, 0xff, 0xff,
0xff, 0xff, 0xff, 0xff, 0xff, 0xff, 0xff, 0xff, 0xff, 0xff, 0xff, 0xff, 0xff, 0xff, 0xff,
0xff, 0xff, 0xff, 0xff, 0xff, 0xff, 0xff, 0xff, 0xff, 0xff, 0xff, 0xff, 0xff, 0xff, 0xff,
0xff, 0xff, 0xff, 0xff, 0xff, 0xff, 0xff, 0xff, 0xff, 0xff, 0xff, 0xff, 0xff, 0xff, 0xff,
0xff, 0xff, 0xff, 0xff, 0xff, 0xff, 0xff, 0xff, 0xff, 0xff, 0xff, 0xff, 0xff, 0xff, 0xff,
0xff, 0xff, 0xff, 0xff, 0xff, 0xff, 0xff, 0xff, 0xff, 0xff, 0xff, 0xff, 0xff, 0xff, 0xff,
0xff, 0xff, 0xff, 0xff, 0xff, 0xff, 0xff, 0xff, 0xff, 0xff, 0xff, 0xff, 0xff, 0xff, 0xff,
0xff, 0xff, 0xff, 0xff, 0xff, 0xff, 0xff, 0xff, 0xff, 0xff, 0xff, 0xff, 0xff, 0xff, 0xff,
0xff, 0xff, 0xff, 0xff, 0xff, 0xff, 0xff, 0xff, 0xff, 0xff, 0xff, 0xff, 0xff, 0xff, 0xff,
0xff, 0xff, 0xff, 0xff, 0xff, 0xff, 0xff, 0xff, 0xff, 0xff, 0xff, 0xff, 0xff, 0xff, 0xff,
0xff, 0xff, 0xff, 0xff, 0xff, 0xff, 0xff, 0xff, 0xff, 0xff, 0xff, 0x56, 0x64, 0xff, 0xff,
0x00, 0x0e, 0xff, 0xff, 0x06, 0x1a, 0xff, 0xff, 0x06, 0x1a, 0xff, 0xff, 0x06, 0x1a, 0xff,
0xff, 0x06, 0x1a, 0xff, 0xff, 0x06, 0x1a, 0xff, 0xff, 0x06, 0x1a, 0xff, 0xff, 0x06, 0x1a,
0xff, 0xff, 0x06, 0x1a, 0xff, 0xff, 0x06, 0x1a, 0xff, 0xff, 0x06, 0x1a, 0xff, 0xff, 0x06,
0x1a, 0xff, 0xff, 0x06, 0x1a, 0xff, 0xff, 0x06, 0x1a, 0xff, 0xff, 0x06, 0x1a, 0xff, 0xff,
0x06, 0x1a, 0xff, 0xff, 0x06, 0x1a, 0xff, 0xff, 0x06, 0x1a, 0xff, 0xff, 0x06, 0x1a, 0xff,
0xff, 0x06, 0x1a, 0xff, 0xff, 0x06, 0x1a, 0xff, 0xff, 0x06, 0x1a, 0xff, 0xff, 0x06, 0x19,
0xfd, 0x60, 0x06, 0x18, 0xfc, 0x00, 0x06, 0x18, 0xfc, 0x00, 0x06, 0x18, 0xfc, 0x00, 0x06,
0x18, 0xfc, 0x00, 0x06, 0x18, 0xfc, 0x00, 0xff, 0xff, 0xff, 0x00, 0xff, 0xff, 0xff, 0x00,
0xff, 0xff, 0xff, 0x00, 0xff, 0xff, 0xff, 0x00, 0xff, 0xff, 0xff, 0x00, 0xff, 0xff, 0xff,
0x00, 0xff, 0xff, 0xff, 0x00, 0xff, 0xff, 0xff, 0x00, 0xff, 0xff, 0xff, 0x00, 0xff, 0xff,
0xff, 0x00, 0xff, 0xff, 0xff, 0x00, 0xff, 0xff, 0xff, 0x00, 0xff, 0xff, 0xff, 0x00, 0xff,
0xff, 0xff, 0x00, 0xff, 0xff, 0xff, 0x00, 0x01, 0x13, 0xed, 0x00, 0x01, 0x13, 0xed, 0x00,
0x01, 0x13, 0xed, 0x00, 0x01, 0x13, 0xec, 0x00, 0x01, 0x16, 0xec, 0x12, 0x06, 0x1d, 0xfe,
0xe0, 0x06, 0x1c, 0xff, 0xff, 0x06, 0x1c, 0xff, 0xff, 0x06, 0x1c, 0xff, 0xff, 0x06, 0x1c,
0xff, 0xff, 0x06, 0x1c, 0xff, 0xff, 0x06, 0x1c, 0xff, 0xff, 0x06, 0x1c, 0xff, 0xff, 0x06,
0x1c, 0xff, 0xff, 0x06, 0x1c, 0xff, 0xff, 0x06, 0x1c, 0xff, 0xff, 0x06, 0x1c, 0xff, 0xff,
0x06, 0x1c, 0xff, 0xff, 0x06, 0x1c, 0xff, 0xff, 0x06, 0x1c, 0xff, 0xff, 0x06, 0x1c, 0xff,
0xff, 0x06, 0x1c, 0xff, 0xff, 0x06, 0x1c, 0xff, 0xff, 0x06, 0x1c, 0xff, 0xff, 0x06, 0x1c,
0xff, 0xff, 0x06, 0x1c, 0xff, 0xff, 0x06, 0x1c, 0xff, 0xff, 0x00, 0x12, 0xff, 0xff, 0x45,
0x55, 0xff, 0xff, 0xfd, 0xfe, 0xff, 0xff, 0xff, 0xff, 0xff, 0xff, 0xff, 0xff, 0xff, 0xff,
0xff, 0xff, 0xff, 0xff, 0xff, 0xff, 0xff, 0xff, 0xff, 0xff, 0xff, 0xff, 0xff, 0xff, 0xff,
0xff, 0xff, 0xff, 0xff, 0xff, 0xff, 0xff, 0xff, 0xff, 0xff, 0xff, 0xff, 0xff, 0xff, 0xff,
0xff, 0xff, 0xff, 0xff, 0xff, 0xff, 0xff, 0xff, 0xff, 0xff, 0xff, 0xff, 0xff, 0xff, 0xff,
0xff, 0xff, 0xff, 0xff, 0xff, 0xff, 0xff, 0xff, 0xff, 0xff, 0xff, 0xff, 0xff, 0xff, 0xff,
0xff, 0xff, 0xff, 0xff, 0xff, 0xff, 0xff, 0xff, 0xff, 0xff, 0xff, 0xff, 0xff, 0xff, 0xff,
0xff, 0xff, 0xff, 0xff, 0xff, 0xff, 0xff, 0xff, 0xff, 0xff, 0xff, 0xff, 0xff, 0xff, 0xff,
0xff, 0xff, 0xff, 0xff, 0xff, 0xff, 0xff, 0xff, 0xff, 0xff, 0xff, 0xff, 0xff, 0xff, 0xff,
0xff, 0xff, 0xff, 0xff, 0xff, 0xff, 0xff, 0xff, 0xff, 0xff, 0xff, 0xff, 0xff, 0xff, 0xff,
0xff, 0xff, 0xff, 0xff, 0xff, 0xff, 0xff, 0xff, 0xff, 0xff, 0xff, 0xff, 0xff, 0xff, 0xff,
0xff, 0xff, 0xff, 0xff, 0xff, 0xff, 0xff, 0xff, 0xff, 0xff, 0xff, 0xff, 0xff, 0xff, 0xff,
0xff, 0xff, 0xff, 0xff, 0xff, 0xff, 0xff, 0xff, 0xff, 0xff, 0xff, 0xff, 0xff, 0xff, 0xff,
0xff, 0xff, 0xff, 0xff, 0xff, 0xff, 0xff, 0xff, 0xff, 0xff, 0xff, 0xff, 0xff, 0xff, 0xff,
0xff, 0xff, 0xff, 0xff, 0xff, 0xff, 0xff, 0xff, 0xff, 0xff, 0xff, 0xff, 0xff, 0xff, 0xff,
0xff, 0xff, 0xff, 0xff, 0xff, 0xff, 0xff, 0xff, 0xff, 0xff, 0xff, 0xff, 0xff, 0x63, 0x70,
0xff, 0xff, 0x00, 0x0f, 0xff, 0xff, 0x06, 0x1b, 0xff, 0xff, 0x06, 0x1b, 0xff, 0xff, 0x06,
0x1b, 0xff, 0xff, 0x06, 0x1b, 0xff, 0xff, 0x06, 0x1b, 0xff, 0xff, 0x06, 0x1b, 0xff, 0xff,
0x06, 0x1b, 0xff, 0xff, 0x06, 0x1b, 0xff, 0xff, 0x06, 0x1b, 0xff, 0xff, 0x06, 0x1b, 0xff,
0xff, 0x06, 0x1b, 0xff, 0xff, 0x06, 0x1b, 0xff, 0xff, 0x06, 0x1b, 0xff, 0xff, 0x06, 0x1b,
0xff, 0xff, 0x06, 0x1b, 0xff, 0xff, 0x06, 0x1b, 0xff, 0xff, 0x06, 0x1b, 0xff, 0xff, 0x06,
0x1b, 0xff, 0xff, 0x06, 0x1b, 0xff, 0xff, 0x06, 0x1b, 0xff, 0xff, 0x06, 0x1b, 0xff, 0xff,
0x06, 0x1b, 0xfe, 0xc8, 0x04, 0x1a, 0xfb, 0x02, 0x04, 0x1a, 0xfc, 0x00, 0x04, 0x1a, 0xfc,
0x00, 0x04, 0x1a, 0xfc, 0x00, 0x04, 0x1a, 0xfc, 0x00, 0xff, 0xff, 0xff, 0x00, 0xff, 0xff,
0xff, 0x00, 0xff, 0xff, 0xff, 0x00, 0xff, 0xff, 0xff, 0x00, 0xff, 0xff, 0xff, 0x00, 0xff,
0xff, 0xff, 0x00, 0xff, 0xff, 0xff, 0x00, 0xff, 0xff, 0xff, 0x00, 0xff, 0xff, 0xff, 0x00,
0xff, 0xff, 0xff, 0x00, 0xff, 0xff, 0xff, 0x00, 0xff, 0xff, 0xff, 0x00, 0xff, 0xff, 0xff,
0x00, 0xff, 0xff, 0xff, 0x00, 0xff, 0xff, 0xff, 0x00, 0x02, 0x02, 0x75, 0x00, 0x02, 0x02,
0x75, 0x00, 0x02, 0x02, 0x75, 0x00, 0x02, 0x01, 0x73, 0x00, 0x04, 0x10, 0xc6, 0x7b, 0x06,
0x1f, 0xff, 0xff, 0x06, 0x1d, 0xff, 0xff, 0x06, 0x1d, 0xff, 0xff, 0x06, 0x1d, 0xff, 0xff,
0x06, 0x1d, 0xff, 0xff, 0x06, 0x1d, 0xff, 0xff, 0x06, 0x1d, 0xff, 0xff, 0x06, 0x1d, 0xff,
0xff, 0x06, 0x1d, 0xff, 0xff, 0x06, 0x1d, 0xff, 0xff, 0x06, 0x1d, 0xff, 0xff, 0x06, 0x1d,
0xff, 0xff, 0x06, 0x1d, 0xff, 0xff, 0x06, 0x1d, 0xff, 0xff, 0x06, 0x1d, 0xff, 0xff, 0x06,
0x1d, 0xff, 0xff, 0x06, 0x1d, 0xff, 0xff, 0x06, 0x1d, 0xff, 0xff, 0x06, 0x1d, 0xff, 0xff,
0x06, 0x1d, 0xff, 0xff, 0x06, 0x1d, 0xff, 0xff, 0x06, 0x1d, 0xff, 0xff, 0x06, 0x1c, 0xff,
0xff, 0x09, 0x1e, 0xff, 0xff, 0x34, 0x45, 0xff, 0xff, 0x8d, 0x97, 0xff, 0xff, 0xdd, 0xe0,
0xff, 0xff, 0xff, 0xff, 0xff, 0xff, 0xff, 0xff, 0xff, 0xff, 0xff, 0xff, 0xff, 0xff, 0xff,
0xff, 0xff, 0xff, 0xff, 0xff, 0xff, 0xff, 0xff, 0xff, 0xff, 0xff, 0xff, 0xff, 0xff, 0xff,
0xff, 0xff, 0xff, 0xff, 0xff, 0xff, 0xff, 0xff, 0xff, 0xff, 0xff, 0xff, 0xff, 0xff, 0xff,
0xff, 0xff, 0xff, 0xff, 0xff, 0xff, 0xff, 0xff, 0xff, 0xff, 0xff, 0xff, 0xff, 0xff, 0xff,
0xff, 0xff, 0xff, 0xff, 0xff, 0xff, 0xff, 0xff, 0xff, 0xff, 0xff, 0xff, 0xff, 0xff, 0xff,
0xff, 0xff, 0xff, 0xff, 0xff, 0xff, 0xff, 0xff, 0xff, 0xff, 0xff, 0xff, 0xff, 0xff, 0xff,
0xff, 0xff, 0xff, 0xff, 0xff, 0xff, 0xff, 0xff, 0xff, 0xff, 0xff, 0xff, 0xff, 0xff, 0xff,
0xff, 0xff, 0xff, 0xff, 0xff, 0xff, 0xff, 0xff, 0xff, 0xff, 0xff, 0xff, 0xff, 0xff, 0xff,
0xff, 0xff, 0xff, 0xff, 0xff, 0xff, 0xff, 0xff, 0xff, 0xff, 0xff, 0xff, 0xff, 0xff, 0xff,
0xff, 0xff, 0xff, 0xff, 0xff, 0xff, 0xff, 0xff, 0xff, 0xff, 0xff, 0xff, 0xff, 0xff, 0xff,
0xff, 0xff, 0xff, 0xff, 0xff, 0xff, 0xff, 0xff, 0xff, 0xff, 0xff, 0xff, 0xff, 0xff, 0xff,
0xff, 0xff, 0xff, 0xff, 0xff, 0xff, 0xff, 0xff, 0xff, 0xff, 0xff, 0xff, 0xff, 0xff, 0xff,
0xff, 0xff, 0xff, 0xff, 0xff, 0xff, 0xff, 0xff, 0xff, 0xff, 0xff, 0xff, 0xff, 0xff, 0xff,
0xff, 0xff, 0xff, 0xe9, 0xeb, 0xff, 0xff, 0xa3, 0xab, 0xff, 0xff, 0x45, 0x54, 0xff, 0xff,
0x0c, 0x21, 0xff, 0xff, 0x05, 0x1b, 0xff, 0xff, 0x06, 0x1c, 0xff, 0xff, 0x06, 0x1c, 0xff,
0xff, 0x06, 0x1c, 0xff, 0xff, 0x06, 0x1c, 0xff, 0xff, 0x06, 0x1c, 0xff, 0xff, 0x06, 0x1c,
0xff, 0xff, 0x06, 0x1c, 0xff, 0xff, 0x06, 0x1c, 0xff, 0xff, 0x06, 0x1c, 0xff, 0xff, 0x06,
0x1c, 0xff, 0xff, 0x06, 0x1c, 0xff, 0xff, 0x06, 0x1c, 0xff, 0xff, 0x06, 0x1c, 0xff, 0xff,
0x06, 0x1c, 0xff, 0xff, 0x06, 0x1c, 0xff, 0xff, 0x06, 0x1c, 0xff, 0xff, 0x06, 0x1c, 0xff,
0xff, 0x06, 0x1c, 0xff, 0xff, 0x06, 0x1c, 0xff, 0xff, 0x06, 0x1c, 0xff, 0xff, 0x06, 0x1c,
0xff, 0xff, 0x06, 0x1c, 0xff, 0xff, 0x03, 0x16, 0xf5, 0x53, 0x01, 0x11, 0xea, 0x00, 0x01,
0x12, 0xeb, 0x00, 0x01, 0x12, 0xeb, 0x00, 0x01, 0x12, 0xeb, 0x00, 0xff, 0xff, 0xff, 0x00,
0xff, 0xff, 0xff, 0x00, 0xff, 0xff, 0xff, 0x00, 0xff, 0xff, 0xff, 0x00, 0xff, 0xff, 0xff,
0x00, 0xff, 0xff, 0xff, 0x00, 0xff, 0xff, 0xff, 0x00, 0xff, 0xff, 0xff, 0x00, 0xff, 0xff,
0xff, 0x00, 0xff, 0xff, 0xff, 0x00, 0xff, 0xff, 0xff, 0x00, 0xff, 0xff, 0xff, 0x00, 0xff,
0xff, 0xff, 0x00, 0xff, 0xff, 0xff, 0x00, 0xff, 0xff, 0xff, 0x00, 0x03, 0x16, 0xd3, 0x00,
0x03, 0x16, 0xd3, 0x00, 0x03, 0x16, 0xd3, 0x00, 0x04, 0x16, 0xd5, 0x05, 0x06, 0x1c, 0xf3,
0xd2, 0x07, 0x1d, 0xff, 0xff, 0x07, 0x1d, 0xff, 0xff, 0x07, 0x1d, 0xff, 0xff, 0x07, 0x1d,
0xff, 0xff, 0x07, 0x1d, 0xff, 0xff, 0x07, 0x1d, 0xff, 0xff, 0x07, 0x1d, 0xff, 0xff, 0x07,
0x1d, 0xff, 0xff, 0x07, 0x1d, 0xff, 0xff, 0x07, 0x1d, 0xff, 0xff, 0x07, 0x1d, 0xff, 0xff,
0x07, 0x1d, 0xff, 0xff, 0x07, 0x1d, 0xff, 0xff, 0x07, 0x1d, 0xff, 0xff, 0x07, 0x1d, 0xff,
0xff, 0x07, 0x1d, 0xff, 0xff, 0x07, 0x1d, 0xff, 0xff, 0x07, 0x1d, 0xff, 0xff, 0x07, 0x1d,
0xff, 0xff, 0x07, 0x1d, 0xff, 0xff, 0x07, 0x1d, 0xff, 0xff, 0x07, 0x1d, 0xff, 0xff, 0x06,
0x1d, 0xff, 0xff, 0x05, 0x1c, 0xff, 0xff, 0x00, 0x15, 0xff, 0xff, 0x00, 0x10, 0xff, 0xff,
0x0f, 0x25, 0xff, 0xff, 0x35, 0x48, 0xff, 0xff, 0x7a, 0x86, 0xff, 0xff, 0xd2, 0xd6, 0xff,
0xff, 0xfc, 0xfc, 0xff, 0xff, 0xff, 0xff, 0xff, 0xff, 0xff, 0xff, 0xff, 0xff, 0xff, 0xff,
0xff, 0xff, 0xff, 0xff, 0xff, 0xff, 0xff, 0xff, 0xff, 0xff, 0xff, 0xff, 0xff, 0xff, 0xff,
0xff, 0xff, 0xff, 0xff, 0xff, 0xff, 0xff, 0xff, 0xff, 0xff, 0xff, 0xff, 0xff, 0xff, 0xff,
0xff, 0xff, 0xff, 0xff, 0xff, 0xff, 0xff, 0xff, 0xff, 0xff, 0xff, 0xff, 0xff, 0xff, 0xff,
0xff, 0xff, 0xff, 0xff, 0xff, 0xff, 0xff, 0xff, 0xff, 0xff, 0xff, 0xff, 0xff, 0xff, 0xff,
0xff, 0xff, 0xff, 0xff, 0xff, 0xff, 0xff, 0xff, 0xff, 0xff, 0xff, 0xff, 0xff, 0xff, 0xff,
0xff, 0xff, 0xff, 0xff, 0xff, 0xff, 0xff, 0xff, 0xff, 0xff, 0xff, 0xff, 0xff, 0xff, 0xff,
0xff, 0xff, 0xff, 0xff, 0xff, 0xff, 0xff, 0xff, 0xff, 0xff, 0xff, 0xff, 0xff, 0xff, 0xff,
0xff, 0xff, 0xff, 0xff, 0xff, 0xff, 0xff, 0xff, 0xff, 0xff, 0xff, 0xff, 0xff, 0xff, 0xff,
0xff, 0xff, 0xff, 0xff, 0xff, 0xff, 0xff, 0xff, 0xff, 0xff, 0xff, 0xff, 0xff, 0xff, 0xff,
0xff, 0xff, 0xff, 0xff, 0xff, 0xff, 0xff, 0xff, 0xff, 0xff, 0xff, 0xff, 0xff, 0xff, 0xff,
0xff, 0xff, 0xff, 0xff, 0xff, 0xff, 0xff, 0xff, 0xe0, 0xe3, 0xff, 0xff, 0x8f, 0x9a, 0xff,
0xff, 0x41, 0x51, 0xff, 0xff, 0x17, 0x2c, 0xff, 0xff, 0x00, 0x12, 0xff, 0xff, 0x00, 0x12,
0xff, 0xff, 0x04, 0x1b, 0xff, 0xff, 0x06, 0x1d, 0xff, 0xff, 0x06, 0x1d, 0xff, 0xff, 0x06,
0x1d, 0xff, 0xff, 0x06, 0x1d, 0xff, 0xff, 0x06, 0x1d, 0xff, 0xff, 0x06, 0x1d, 0xff, 0xff,
0x06, 0x1d, 0xff, 0xff, 0x06, 0x1d, 0xff, 0xff, 0x06, 0x1d, 0xff, 0xff, 0x06, 0x1d, 0xff,
0xff, 0x06, 0x1d, 0xff, 0xff, 0x06, 0x1d, 0xff, 0xff, 0x06, 0x1d, 0xff, 0xff, 0x06, 0x1d,
0xff, 0xff, 0x06, 0x1d, 0xff, 0xff, 0x06, 0x1d, 0xff, 0xff, 0x06, 0x1d, 0xff, 0xff, 0x06,
0x1d, 0xff, 0xff, 0x06, 0x1d, 0xff, 0xff, 0x06, 0x1d, 0xff, 0xff, 0x06, 0x1d, 0xff, 0xff,
0x06, 0x1d, 0xff, 0xff, 0x06, 0x1d, 0xff, 0xff, 0x05, 0x19, 0xf8, 0xb2, 0x02, 0x13, 0xe8,
0x00, 0x02, 0x13, 0xe9, 0x00, 0x02, 0x13, 0xe9, 0x00, 0x02, 0x13, 0xe9, 0x00, 0xff, 0xff,
0xff, 0x00, 0xff, 0xff, 0xff, 0x00, 0xff, 0xff, 0xff, 0x00, 0xff, 0xff, 0xff, 0x00, 0xff,
0xff, 0xff, 0x00, 0xff, 0xff, 0xff, 0x00, 0xff, 0xff, 0xff, 0x00, 0xff, 0xff, 0xff, 0x00,
0xff, 0xff, 0xff, 0x00, 0xff, 0xff, 0xff, 0x00, 0xff, 0xff, 0xff, 0x00, 0xff, 0xff, 0xff,
0x00, 0xff, 0xff, 0xff, 0x00, 0xff, 0xff, 0xff, 0x00, 0xff, 0xff, 0xff, 0x00, 0x02, 0x15,
0xf3, 0x00, 0x02, 0x15, 0xf3, 0x00, 0x02, 0x15, 0xf2, 0x00, 0x04, 0x18, 0xf7, 0x5d, 0x07,
0x1f, 0xff, 0xff, 0x07, 0x1e, 0xff, 0xff, 0x07, 0x1e, 0xff, 0xff, 0x07, 0x1e, 0xff, 0xff,
0x07, 0x1e, 0xff, 0xff, 0x07, 0x1e, 0xff, 0xff, 0x07, 0x1e, 0xff, 0xff, 0x07, 0x1e, 0xff,
0xff, 0x07, 0x1e, 0xff, 0xff, 0x07, 0x1e, 0xff, 0xff, 0x07, 0x1e, 0xff, 0xff, 0x07, 0x1e,
0xff, 0xff, 0x07, 0x1e, 0xff, 0xff, 0x07, 0x1e, 0xff, 0xff, 0x07, 0x1e, 0xff, 0xff, 0x07,
0x1e, 0xff, 0xff, 0x07, 0x1e, 0xff, 0xff, 0x07, 0x1e, 0xff, 0xff, 0x07, 0x1e, 0xff, 0xff,
0x07, 0x1e, 0xff, 0xff, 0x07, 0x1e, 0xff, 0xff, 0x07, 0x1e, 0xff, 0xff, 0x07, 0x1e, 0xff,
0xff, 0x07, 0x1e, 0xff, 0xff, 0x07, 0x1e, 0xff, 0xff, 0x07, 0x1e, 0xff, 0xff, 0x07, 0x1e,
0xff, 0xff, 0x04, 0x1b, 0xff, 0xff, 0x00, 0x15, 0xff, 0xff, 0x00, 0x10, 0xff, 0xff, 0x0a,
0x20, 0xff, 0xff, 0x2f, 0x42, 0xff, 0xff, 0x71, 0x7e, 0xff, 0xff, 0xc9, 0xce, 0xff, 0xff,
0xfa, 0xfa, 0xff, 0xff, 0xff, 0xff, 0xff, 0xff, 0xff, 0xff, 0xff, 0xff, 0xff, 0xff, 0xff,
0xff, 0xff, 0xff, 0xff, 0xff, 0xff, 0xff, 0xff, 0xff, 0xff, 0xff, 0xff, 0xff, 0xff, 0xff,
0xff, 0xff, 0xff, 0xff, 0xff, 0xff, 0xff, 0xff, 0xff, 0xff, 0xff, 0xff, 0xff, 0xff, 0xff,
0xff, 0xff, 0xff, 0xff, 0xff, 0xff, 0xff, 0xff, 0xff, 0xff, 0xff, 0xff, 0xff, 0xff, 0xff,
0xff, 0xff, 0xff, 0xff, 0xff, 0xff, 0xff, 0xff, 0xff, 0xff, 0xff, 0xff, 0xff, 0xff, 0xff,
0xff, 0xff, 0xff, 0xff, 0xff, 0xff, 0xff, 0xff, 0xff, 0xff, 0xff, 0xff, 0xff, 0xff, 0xff,
0xff, 0xff, 0xff, 0xff, 0xff, 0xff, 0xff, 0xff, 0xff, 0xff, 0xff, 0xff, 0xff, 0xff, 0xff,
0xff, 0xff, 0xff, 0xff, 0xff, 0xff, 0xff, 0xff, 0xff, 0xff, 0xff, 0xff, 0xff, 0xff, 0xff,
0xff, 0xff, 0xff, 0xff, 0xff, 0xff, 0xff, 0xff, 0xff, 0xff, 0xff, 0xff, 0xff, 0xff, 0xff,
0xff, 0xff, 0xff, 0xff, 0xff, 0xff, 0xff, 0xff, 0xff, 0xff, 0xff, 0xff, 0xff, 0xdb, 0xde,
0xff, 0xff, 0x87, 0x91, 0xff, 0xff, 0x39, 0x4a, 0xff, 0xff, 0x12, 0x27, 0xff, 0xff, 0x00,
0x10, 0xff, 0xff, 0x00, 0x13, 0xff, 0xff, 0x02, 0x19, 0xff, 0xff, 0x06, 0x1d, 0xff, 0xff,
0x07, 0x1d, 0xff, 0xff, 0x06, 0x1d, 0xff, 0xff, 0x07, 0x1d, 0xff, 0xff, 0x07, 0x1d, 0xff,
0xff, 0x07, 0x1d, 0xff, 0xff, 0x06, 0x1d, 0xff, 0xff, 0x06, 0x1d, 0xff, 0xff, 0x06, 0x1d,
0xff, 0xff, 0x06, 0x1d, 0xff, 0xff, 0x06, 0x1d, 0xff, 0xff, 0x06, 0x1d, 0xff, 0xff, 0x06,
0x1d, 0xff, 0xff, 0x06, 0x1d, 0xff, 0xff, 0x06, 0x1d, 0xff, 0xff, 0x06, 0x1d, 0xff, 0xff,
0x06, 0x1d, 0xff, 0xff, 0x06, 0x1d, 0xff, 0xff, 0x06, 0x1d, 0xff, 0xff, 0x06, 0x1d, 0xff,
0xff, 0x06, 0x1d, 0xff, 0xff, 0x06, 0x1d, 0xff, 0xff, 0x06, 0x1d, 0xff, 0xff, 0x06, 0x1d,
0xff, 0xff, 0x06, 0x1d, 0xff, 0xff, 0x06, 0x1d, 0xff, 0xff, 0x06, 0x1d, 0xff, 0xf7, 0x05,
0x1b, 0xfc, 0x2e, 0x04, 0x1b, 0xfb, 0x00, 0x04, 0x1b, 0xfb, 0x00, 0x04, 0x1b, 0xfb, 0x00,
0xff, 0xff, 0xff, 0x00, 0xff, 0xff, 0xff, 0x00, 0xff, 0xff, 0xff, 0x00, 0xff, 0xff, 0xff,
0x00, 0xff, 0xff, 0xff, 0x00, 0xff, 0xff, 0xff, 0x00, 0xff, 0xff, 0xff, 0x00, 0xff, 0xff,
0xff, 0x00, 0xff, 0xff, 0xff, 0x00, 0xff, 0xff, 0xff, 0x00, 0xff, 0xff, 0xff, 0x00, 0xff,
0xff, 0xff, 0x00, 0xff, 0xff, 0xff, 0x00, 0xff, 0xff, 0xff, 0x00, 0xff, 0xff, 0xff, 0x00,
0x02, 0x13, 0xe9, 0x00, 0x02, 0x13, 0xe9, 0x00, 0x02, 0x13, 0xe9, 0x00, 0x06, 0x1c, 0xfc,
0xb1, 0x07, 0x1f, 0xff, 0xff, 0x07, 0x1f, 0xff, 0xff, 0x07, 0x1f, 0xff, 0xff, 0x07, 0x1f,
0xff, 0xff, 0x07, 0x1f, 0xff, 0xff, 0x07, 0x1f, 0xff, 0xff, 0x07, 0x1f, 0xff, 0xff, 0x07,
0x1f, 0xff, 0xff, 0x07, 0x1f, 0xff, 0xff, 0x07, 0x1f, 0xff, 0xff, 0x07, 0x1f, 0xff, 0xff,
0x07, 0x1f, 0xff, 0xff, 0x07, 0x1f, 0xff, 0xff, 0x07, 0x1f, 0xff, 0xff, 0x07, 0x1f, 0xff,
0xff, 0x07, 0x1f, 0xff, 0xff, 0x07, 0x1f, 0xff, 0xff, 0x07, 0x1f, 0xff, 0xff, 0x07, 0x1f,
0xff, 0xff, 0x07, 0x1f, 0xff, 0xff, 0x07, 0x1f, 0xff, 0xff, 0x07, 0x1f, 0xff, 0xff, 0x07,
0x1f, 0xff, 0xff, 0x07, 0x1f, 0xff, 0xff, 0x03, 0x1b, 0xff, 0xff, 0x00, 0x13, 0xff, 0xff,
0x02, 0x1a, 0xff, 0xff, 0x07, 0x1e, 0xff, 0xff, 0x07, 0x1e, 0xff, 0xff, 0x07, 0x1f, 0xff,
0xff, 0x04, 0x1c, 0xff, 0xff, 0x00, 0x17, 0xff, 0xff, 0x00, 0x11, 0xff, 0xff, 0x07, 0x1e,
0xff, 0xff, 0x2c, 0x3f, 0xff, 0xff, 0x6a, 0x77, 0xff, 0xff, 0xc3, 0xc9, 0xff, 0xff, 0xff,
0xff, 0xff, 0xff, 0xff, 0xff, 0xff, 0xff, 0xff, 0xff, 0xff, 0xff, 0xff, 0xff, 0xff, 0xff,
0xff, 0xff, 0xff, 0xff, 0xff, 0xff, 0xff, 0xff, 0xff, 0xff, 0xff, 0xff, 0xff, 0xff, 0xff,
0xff, 0xff, 0xff, 0xff, 0xff, 0xff, 0xff, 0xff, 0xff, 0xff, 0xff, 0xff, 0xff, 0xff, 0xff,
0xff, 0xff, 0xff, 0xff, 0xff, 0xff, 0xff, 0xff, 0xff, 0xff, 0xff, 0xff, 0xff, 0xff, 0xff,
0xff, 0xff, 0xff, 0xff, 0xff, 0xff, 0xff, 0xff, 0xff, 0xff, 0xff, 0xff, 0xff, 0xff, 0xff,
0xff, 0xff, 0xff, 0xff, 0xff, 0xff, 0xff, 0xff, 0xff, 0xff, 0xff, 0xff, 0xff, 0xff, 0xff,
0xff, 0xff, 0xff, 0xff, 0xff, 0xff, 0xff, 0xff, 0xff, 0xff, 0xff, 0xff, 0xff, 0xff, 0xff,
0xff, 0xff, 0xff, 0xff, 0xff, 0xff, 0xff, 0xff, 0xff, 0xff, 0xff, 0xff, 0xff, 0xff, 0xff,
0xff, 0xff, 0xff, 0xd7, 0xda, 0xff, 0xff, 0x7f, 0x8a, 0xff, 0xff, 0x34, 0x46, 0xff, 0xff,
0x0f, 0x25, 0xff, 0xff, 0x00, 0x10, 0xff, 0xff, 0x00, 0x15, 0xff, 0xff, 0x03, 0x1b, 0xff,
0xff, 0x07, 0x1e, 0xff, 0xff, 0x07, 0x1e, 0xff, 0xff, 0x07, 0x1e, 0xff, 0xff, 0x03, 0x1a,
0xff, 0xff, 0x00, 0x12, 0xff, 0xff, 0x02, 0x19, 0xff, 0xff, 0x08, 0x1f, 0xff, 0xff, 0x07,
0x1e, 0xff, 0xff, 0x07, 0x1e, 0xff, 0xff, 0x07, 0x1e, 0xff, 0xff, 0x07, 0x1e, 0xff, 0xff,
0x07, 0x1e, 0xff, 0xff, 0x07, 0x1e, 0xff, 0xff, 0x07, 0x1e, 0xff, 0xff, 0x07, 0x1e, 0xff,
0xff, 0x07, 0x1e, 0xff, 0xff, 0x07, 0x1e, 0xff, 0xff, 0x07, 0x1e, 0xff, 0xff, 0x07, 0x1e,
0xff, 0xff, 0x07, 0x1e, 0xff, 0xff, 0x07, 0x1e, 0xff, 0xff, 0x07, 0x1e, 0xff, 0xff, 0x07,
0x1e, 0xff, 0xff, 0x07, 0x1e, 0xff, 0xff, 0x07, 0x1e, 0xff, 0xff, 0x07, 0x1e, 0xff, 0xff,
0x07, 0x1e, 0xff, 0xff, 0x07, 0x1e, 0xff, 0xff, 0x07, 0x1e, 0xff, 0xff, 0x07, 0x1e, 0xff,
0xff, 0x06, 0x1c, 0xfa, 0x8d, 0x03, 0x18, 0xf0, 0x00, 0x03, 0x19, 0xf1, 0x00, 0x03, 0x19,
0xf1, 0x00, 0xff, 0xff, 0xff, 0x00, 0xff, 0xff, 0xff, 0x00, 0xff, 0xff, 0xff, 0x00, 0xff,
0xff, 0xff, 0x00, 0xff, 0xff, 0xff, 0x00, 0xff, 0xff, 0xff, 0x00, 0xff, 0xff, 0xff, 0x00,
0xff, 0xff, 0xff, 0x00, 0xff, 0xff, 0xff, 0x00, 0xff, 0xff, 0xff, 0x00, 0xff, 0xff, 0xff,
0x00, 0xff, 0xff, 0xff, 0x00, 0xff, 0xff, 0xff, 0x00, 0xff, 0xff, 0xff, 0x00, 0xff, 0xff,
0xff, 0x00, 0x02, 0x15, 0xcc, 0x00, 0x02, 0x15, 0xca, 0x00, 0x02, 0x16, 0xd1, 0x20, 0x07,
0x1f, 0xfc, 0xf1, 0x07, 0x20, 0xff, 0xff, 0x07, 0x20, 0xff, 0xff, 0x07, 0x20, 0xff, 0xff,
0x07, 0x20, 0xff, 0xff, 0x07, 0x20, 0xff, 0xff, 0x07, 0x20, 0xff, 0xff, 0x07, 0x20, 0xff,
0xff, 0x07, 0x20, 0xff, 0xff, 0x07, 0x20, 0xff, 0xff, 0x07, 0x1f, 0xff, 0xff, 0x07, 0x1f,
0xff, 0xff, 0x07, 0x1f, 0xff, 0xff, 0x07, 0x1f, 0xff, 0xff, 0x07, 0x1f, 0xff, 0xff, 0x07,
0x1f, 0xff, 0xff, 0x07, 0x20, 0xff, 0xff, 0x07, 0x20, 0xff, 0xff, 0x07, 0x20, 0xff, 0xff,
0x07, 0x20, 0xff, 0xff, 0x07, 0x20, 0xff, 0xff, 0x07, 0x20, 0xff, 0xff, 0x07, 0x1f, 0xff,
0xff, 0x07, 0x1f, 0xff, 0xff, 0x03, 0x1a, 0xff, 0xff, 0x2e, 0x42, 0xff, 0xff, 0x64, 0x73,
0xff, 0xff, 0x1a, 0x2f, 0xff, 0xff, 0x00, 0x15, 0xff, 0xff, 0x00, 0x12, 0xff, 0xff, 0x00,
0x17, 0xff, 0xff, 0x05, 0x1e, 0xff, 0xff, 0x07, 0x1f, 0xff, 0xff, 0x07, 0x1f, 0xff, 0xff,
0x05, 0x1d, 0xff, 0xff, 0x00, 0x18, 0xff, 0xff, 0x00, 0x11, 0xff, 0xff, 0x03, 0x1c, 0xff,
0xff, 0x3a, 0x4d, 0xff, 0xff, 0x71, 0x7e, 0xff, 0xff, 0xbe, 0xc4, 0xff, 0xff, 0xfd, 0xfd,
0xff, 0xff, 0xff, 0xff, 0xff, 0xff, 0xff, 0xff, 0xff, 0xff, 0xff, 0xff, 0xff, 0xff, 0xff,
0xff, 0xff, 0xff, 0xff, 0xff, 0xff, 0xff, 0xff, 0xff, 0xff, 0xff, 0xff, 0xff, 0xff, 0xff,
0xff, 0xff, 0xff, 0xff, 0xff, 0xff, 0xff, 0xff, 0xff, 0xff, 0xff, 0xff, 0xff, 0xff, 0xff,
0xff, 0xff, 0xff, 0xff, 0xff, 0xff, 0xff, 0xff, 0xff, 0xff, 0xff, 0xff, 0xff, 0xff, 0xff,
0xff, 0xff, 0xff, 0xff, 0xff, 0xff, 0xff, 0xff, 0xff, 0xff, 0xff, 0xff, 0xff, 0xff, 0xff,
0xff, 0xff, 0xff, 0xff, 0xff, 0xff, 0xff, 0xff, 0xff, 0xff, 0xff, 0xff, 0xff, 0xff, 0xff,
0xff, 0xff, 0xff, 0xff, 0xff, 0xff, 0xff, 0xff, 0xd0, 0xd5, 0xff, 0xff, 0x7f, 0x8a, 0xff,
0xff, 0x48, 0x5a, 0xff, 0xff, 0x0d, 0x24, 0xff, 0xff, 0x00, 0x11, 0xff, 0xff, 0x00, 0x16,
0xff, 0xff, 0x04, 0x1c, 0xff, 0xff, 0x07, 0x1f, 0xff, 0xff, 0x07, 0x1f, 0xff, 0xff, 0x06,
0x1d, 0xff, 0xff, 0x00, 0x17, 0xff, 0xff, 0x00, 0x11, 0xff, 0xff, 0x00, 0x14, 0xff, 0xff,
0x16, 0x2b, 0xff, 0xff, 0x5f, 0x6f, 0xff, 0xff, 0x32, 0x45, 0xff, 0xff, 0x04, 0x19, 0xff,
0xff, 0x07, 0x1f, 0xff, 0xff, 0x07, 0x1f, 0xff, 0xff, 0x07, 0x1f, 0xff, 0xff, 0x07, 0x1f,
0xff, 0xff, 0x07, 0x1f, 0xff, 0xff, 0x07, 0x1f, 0xff, 0xff, 0x07, 0x1e, 0xff, 0xff, 0x07,
0x1e, 0xff, 0xff, 0x07, 0x1e, 0xff, 0xff, 0x07, 0x1e, 0xff, 0xff, 0x07, 0x1e, 0xff, 0xff,
0x07, 0x1e, 0xff, 0xff, 0x07, 0x1e, 0xff, 0xff, 0x07, 0x1f, 0xff, 0xff, 0x07, 0x1f, 0xff,
0xff, 0x07, 0x1f, 0xff, 0xff, 0x07, 0x1f, 0xff, 0xff, 0x07, 0x1f, 0xff, 0xff, 0x07, 0x1f,
0xff, 0xff, 0x07, 0x1e, 0xff, 0xff, 0x07, 0x1e, 0xff, 0xff, 0x07, 0x1e, 0xff, 0xff, 0x07,
0x1f, 0xff, 0xff, 0x06, 0x1b, 0xf7, 0xd0, 0x02, 0x09, 0xd5, 0x04, 0x02, 0x08, 0xd5, 0x00,
0x02, 0x08, 0xd6, 0x00, 0xff, 0xff, 0xff, 0x00, 0xff, 0xff, 0xff, 0x00, 0xff, 0xff, 0xff,
0x00, 0xff, 0xff, 0xff, 0x00, 0xff, 0xff, 0xff, 0x00, 0xff, 0xff, 0xff, 0x00, 0xff, 0xff,
0xff, 0x00, 0xff, 0xff, 0xff, 0x00, 0xff, 0xff, 0xff, 0x00, 0xff, 0xff, 0xff, 0x00, 0xff,
0xff, 0xff, 0x00, 0xff, 0xff, 0xff, 0x00, 0xff, 0xff, 0xff, 0x00, 0xff, 0xff, 0xff, 0x00,
0xff, 0xff, 0xff, 0x00, 0x04, 0x1f, 0xfb, 0x00, 0x04, 0x1f, 0xfa, 0x00, 0x05, 0x20, 0xfd,
0x85, 0x07, 0x21, 0xff, 0xff, 0x07, 0x21, 0xff, 0xff, 0x07, 0x21, 0xff, 0xff, 0x07, 0x21,
0xff, 0xff, 0x07, 0x20, 0xff, 0xff, 0x07, 0x20, 0xff, 0xff, 0x07, 0x20, 0xff, 0xff, 0x07,
0x20, 0xff, 0xff, 0x07, 0x20, 0xff, 0xff, 0x07, 0x20, 0xff, 0xff, 0x07, 0x20, 0xff, 0xff,
0x07, 0x20, 0xff, 0xff, 0x07, 0x20, 0xff, 0xff, 0x07, 0x20, 0xff, 0xff, 0x07, 0x20, 0xff,
0xff, 0x07, 0x20, 0xff, 0xff, 0x07, 0x20, 0xff, 0xff, 0x07, 0x20, 0xff, 0xff, 0x07, 0x20,
0xff, 0xff, 0x07, 0x20, 0xff, 0xff, 0x07, 0x20, 0xff, 0xff, 0x07, 0x20, 0xff, 0xff, 0x07,
0x20, 0xff, 0xff, 0x07, 0x20, 0xff, 0xff, 0x00, 0x14, 0xff, 0xff, 0x50, 0x62, 0xff, 0xff,
0xff, 0xff, 0xff, 0xff, 0xe8, 0xea, 0xff, 0xff, 0xb2, 0xba, 0xff, 0xff, 0x82, 0x8f, 0xff,
0xff, 0x3a, 0x4d, 0xff, 0xff, 0x06, 0x1f, 0xff, 0xff, 0x00, 0x13, 0xff, 0xff, 0x00, 0x14,
0xff, 0xff, 0x02, 0x1c, 0xff, 0xff, 0x07, 0x20, 0xff, 0xff, 0x07, 0x20, 0xff, 0xff, 0x05,
0x1e, 0xff, 0xff, 0x00, 0x17, 0xff, 0xff, 0x00, 0x12, 0xff, 0xff, 0x01, 0x1b, 0xff, 0xff,
0x36, 0x4a, 0xff, 0xff, 0x6a, 0x79, 0xff, 0xff, 0xb2, 0xba, 0xff, 0xff, 0xf5, 0xf6, 0xff,
0xff, 0xff, 0xff, 0xff, 0xff, 0xff, 0xff, 0xff, 0xff, 0xff, 0xff, 0xff, 0xff, 0xff, 0xff,
0xff, 0xff, 0xff, 0xff, 0xff, 0xff, 0xff, 0xff, 0xff, 0xff, 0xff, 0xff, 0xff, 0xff, 0xff,
0xff, 0xff, 0xff, 0xff, 0xff, 0xff, 0xff, 0xff, 0xff, 0xff, 0xff, 0xff, 0xff, 0xff, 0xff,
0xff, 0xff, 0xff, 0xff, 0xff, 0xff, 0xff, 0xff, 0xff, 0xff, 0xff, 0xff, 0xff, 0xff, 0xff,
0xff, 0xff, 0xff, 0xff, 0xff, 0xff, 0xff, 0xff, 0xff, 0xff, 0xff, 0xff, 0xff, 0xc4, 0xca,
0xff, 0xff, 0x77, 0x85, 0xff, 0xff, 0x43, 0x56, 0xff, 0xff, 0x09, 0x22, 0xff, 0xff, 0x00,
0x11, 0xff, 0xff, 0x00, 0x15, 0xff, 0xff, 0x04, 0x1d, 0xff, 0xff, 0x07, 0x20, 0xff, 0xff,
0x07, 0x20, 0xff, 0xff, 0x03, 0x1c, 0xff, 0xff, 0x00, 0x15, 0xff, 0xff, 0x00, 0x12, 0xff,
0xff, 0x03, 0x1c, 0xff, 0xff, 0x35, 0x48, 0xff, 0xff, 0x7e, 0x8a, 0xff, 0xff, 0xaf, 0xb6,
0xff, 0xff, 0xe4, 0xe7, 0xff, 0xff, 0xff, 0xff, 0xff, 0xff, 0x5b, 0x6b, 0xff, 0xff, 0x00,
0x14, 0xff, 0xff, 0x07, 0x1f, 0xff, 0xff, 0x07, 0x1f, 0xff, 0xff, 0x07, 0x1f, 0xff, 0xff,
0x07, 0x1f, 0xff, 0xff, 0x07, 0x1f, 0xff, 0xff, 0x07, 0x1f, 0xff, 0xff, 0x07, 0x1f, 0xff,
0xff, 0x07, 0x1f, 0xff, 0xff, 0x07, 0x1f, 0xff, 0xff, 0x07, 0x1f, 0xff, 0xff, 0x07, 0x1f,
0xff, 0xff, 0x07, 0x1f, 0xff, 0xff, 0x07, 0x1f, 0xff, 0xff, 0x07, 0x1f, 0xff, 0xff, 0x07,
0x1f, 0xff, 0xff, 0x07, 0x1f, 0xff, 0xff, 0x07, 0x1f, 0xff, 0xff, 0x07, 0x1f, 0xff, 0xff,
0x07, 0x1f, 0xff, 0xff, 0x07, 0x1f, 0xff, 0xff, 0x07, 0x1f, 0xff, 0xff, 0x07, 0x1f, 0xff,
0xff, 0x07, 0x1f, 0xff, 0xff, 0x07, 0x1f, 0xff, 0xff, 0x04, 0x1b, 0xf5, 0x45, 0x03, 0x19,
0xee, 0x00, 0x03, 0x1a, 0xef, 0x00, 0xff, 0xff, 0xff, 0x00, 0xff, 0xff, 0xff, 0x00, 0xff,
0xff, 0xff, 0x00, 0xff, 0xff, 0xff, 0x00, 0xff, 0xff, 0xff, 0x00, 0xff, 0xff, 0xff, 0x00,
0xff, 0xff, 0xff, 0x00, 0xff, 0xff, 0xff, 0x00, 0xff, 0xff, 0xff, 0x00, 0xff, 0xff, 0xff,
0x00, 0xff, 0xff, 0xff, 0x00, 0xff, 0xff, 0xff, 0x00, 0xff, 0xff, 0xff, 0x00, 0xff, 0xff,
0xff, 0x00, 0xff, 0xff, 0xff, 0x00, 0x02, 0x1b, 0xcf, 0x00, 0x02, 0x1c, 0xd1, 0x01, 0x06,
0x21, 0xfa, 0xd1, 0x07, 0x21, 0xff, 0xff, 0x07, 0x21, 0xff, 0xff, 0x07, 0x21, 0xff, 0xff,
0x07, 0x21, 0xff, 0xff, 0x07, 0x21, 0xff, 0xff, 0x07, 0x21, 0xff, 0xff, 0x07, 0x21, 0xff,
0xff, 0x07, 0x21, 0xff, 0xff, 0x07, 0x21, 0xff, 0xff, 0x07, 0x21, 0xff, 0xff, 0x07, 0x21,
0xff, 0xff, 0x07, 0x21, 0xff, 0xff, 0x07, 0x21, 0xff, 0xff, 0x07, 0x21, 0xff, 0xff, 0x07,
0x21, 0xff, 0xff, 0x07, 0x21, 0xff, 0xff, 0x07, 0x21, 0xff, 0xff, 0x07, 0x21, 0xff, 0xff,
0x07, 0x21, 0xff, 0xff, 0x07, 0x21, 0xff, 0xff, 0x07, 0x21, 0xff, 0xff, 0x07, 0x21, 0xff,
0xff, 0x07, 0x21, 0xff, 0xff, 0x07, 0x21, 0xff, 0xff, 0x00, 0x16, 0xff, 0xff, 0x4c, 0x5e,
0xff, 0xff, 0xff, 0xff, 0xff, 0xff, 0xff, 0xff, 0xff, 0xff, 0xff, 0xff, 0xff, 0xff, 0xff,
0xff, 0xff, 0xff, 0xff, 0xff, 0xff, 0xff, 0xcd, 0xd2, 0xff, 0xff, 0x9a, 0xa4, 0xff, 0xff,
0x59, 0x6a, 0xff, 0xff, 0x16, 0x2d, 0xff, 0xff, 0x00, 0x14, 0xff, 0xff, 0x00, 0x14, 0xff,
0xff, 0x00, 0x1b, 0xff, 0xff, 0x06, 0x20, 0xff, 0xff, 0x07, 0x21, 0xff, 0xff, 0x06, 0x20,
0xff, 0xff, 0x00, 0x19, 0xff, 0xff, 0x00, 0x13, 0xff, 0xff, 0x00, 0x18, 0xff, 0xff, 0x29,
0x3f, 0xff, 0xff, 0x5d, 0x6d, 0xff, 0xff, 0x93, 0x9e, 0xff, 0xff, 0xd8, 0xdd, 0xff, 0xff,
0xff, 0xff, 0xff, 0xff, 0xff, 0xff, 0xff, 0xff, 0xff, 0xff, 0xff, 0xff, 0xff, 0xff, 0xff,
0xff, 0xff, 0xff, 0xff, 0xff, 0xff, 0xff, 0xff, 0xff, 0xff, 0xff, 0xff, 0xff, 0xff, 0xff,
0xff, 0xff, 0xff, 0xff, 0xff, 0xff, 0xff, 0xff, 0xff, 0xff, 0xff, 0xff, 0xff, 0xff, 0xe3,
0xe6, 0xff, 0xff, 0xa2, 0xac, 0xff, 0xff, 0x67, 0x75, 0xff, 0xff, 0x37, 0x4c, 0xff, 0xff,
0x03, 0x1d, 0xff, 0xff, 0x00, 0x12, 0xff, 0xff, 0x00, 0x17, 0xff, 0xff, 0x05, 0x1e, 0xff,
0xff, 0x07, 0x21, 0xff, 0xff, 0x07, 0x20, 0xff, 0xff, 0x01, 0x1b, 0xff, 0xff, 0x00, 0x14,
0xff, 0xff, 0x00, 0x13, 0xff, 0xff, 0x11, 0x29, 0xff, 0xff, 0x51, 0x63, 0xff, 0xff, 0x96,
0xa0, 0xff, 0xff, 0xc8, 0xcd, 0xff, 0xff, 0xfd, 0xfd, 0xff, 0xff, 0xff, 0xff, 0xff, 0xff,
0xff, 0xff, 0xff, 0xff, 0xff, 0xff, 0xff, 0xff, 0xff, 0xff, 0xff, 0xff, 0x56, 0x67, 0xff,
0xff, 0x00, 0x15, 0xff, 0xff, 0x07, 0x20, 0xff, 0xff, 0x07, 0x20, 0xff, 0xff, 0x07, 0x20,
0xff, 0xff, 0x07, 0x20, 0xff, 0xff, 0x07, 0x20, 0xff, 0xff, 0x07, 0x20, 0xff, 0xff, 0x07,
0x20, 0xff, 0xff, 0x07, 0x20, 0xff, 0xff, 0x07, 0x20, 0xff, 0xff, 0x07, 0x20, 0xff, 0xff,
0x07, 0x20, 0xff, 0xff, 0x07, 0x20, 0xff, 0xff, 0x07, 0x20, 0xff, 0xff, 0x07, 0x20, 0xff,
0xff, 0x07, 0x20, 0xff, 0xff, 0x07, 0x20, 0xff, 0xff, 0x07, 0x20, 0xff, 0xff, 0x07, 0x20,
0xff, 0xff, 0x07, 0x20, 0xff, 0xff, 0x07, 0x20, 0xff, 0xff, 0x07, 0x20, 0xff, 0xff, 0x07,
0x20, 0xff, 0xff, 0x07, 0x20, 0xff, 0xff, 0x07, 0x20, 0xff, 0xff, 0x05, 0x1d, 0xf7, 0xa8,
0x03, 0x14, 0xe4, 0x00, 0x03, 0x15, 0xe6, 0x00, 0xff, 0xff, 0xff, 0x00, 0xff, 0xff, 0xff,
0x00, 0xff, 0xff, 0xff, 0x00, 0xff, 0xff, 0xff, 0x00, 0xff, 0xff, 0xff, 0x00, 0xff, 0xff,
0xff, 0x00, 0xff, 0xff, 0xff, 0x00, 0xff, 0xff, 0xff, 0x00, 0xff, 0xff, 0xff, 0x00, 0xff,
0xff, 0xff, 0x00, 0xff, 0xff, 0xff, 0x00, 0xff, 0xff, 0xff, 0x00, 0xff, 0xff, 0xff, 0x00,
0xff, 0xff, 0xff, 0x00, 0xff, 0xff, 0xff, 0x00, 0x03, 0x12, 0x8c, 0x00, 0x03, 0x13, 0x96,
0x1c, 0x07, 0x21, 0xf7, 0xf2, 0x07, 0x22, 0xff, 0xff, 0x07, 0x21, 0xff, 0xff, 0x07, 0x21,
0xff, 0xff, 0x07, 0x21, 0xff, 0xff, 0x07, 0x21, 0xff, 0xff, 0x07, 0x21, 0xff, 0xff, 0x07,
0x21, 0xff, 0xff, 0x07, 0x21, 0xff, 0xff, 0x07, 0x21, 0xff, 0xff, 0x07, 0x21, 0xff, 0xff,
0x07, 0x21, 0xff, 0xff, 0x07, 0x21, 0xff, 0xff, 0x07, 0x21, 0xff, 0xff, 0x07, 0x21, 0xff,
0xff, 0x07, 0x21, 0xff, 0xff, 0x07, 0x21, 0xff, 0xff, 0x07, 0x22, 0xff, 0xff, 0x07, 0x22,
0xff, 0xff, 0x07, 0x22, 0xff, 0xff, 0x07, 0x22, 0xff, 0xff, 0x07, 0x21, 0xff, 0xff, 0x07,
0x21, 0xff, 0xff, 0x07, 0x21, 0xff, 0xff, 0x07, 0x21, 0xff, 0xff, 0x00, 0x16, 0xff, 0xff,
0x4c, 0x5f, 0xff, 0xff, 0xff, 0xff, 0xff, 0xff, 0xff, 0xff, 0xff, 0xff, 0xff, 0xff, 0xff,
0xff, 0xff, 0xff, 0xff, 0xff, 0xff, 0xff, 0xff, 0xff, 0xff, 0xff, 0xff, 0xff, 0xff, 0xff,
0xff, 0xff, 0xff, 0xff, 0xff, 0xff, 0xe3, 0xe6, 0xff, 0xff, 0x97, 0xa2, 0xff, 0xff, 0x5c,
0x6c, 0xff, 0xff, 0x27, 0x3e, 0xff, 0xff, 0x00, 0x17, 0xff, 0xff, 0x00, 0x14, 0xff, 0xff,
0x00, 0x19, 0xff, 0xff, 0x06, 0x20, 0xff, 0xff, 0x07, 0x21, 0xff, 0xff, 0x06, 0x21, 0xff,
0xff, 0x00, 0x1b, 0xff, 0xff, 0x00, 0x15, 0xff, 0xff, 0x00, 0x14, 0xff, 0xff, 0x0c, 0x25,
0xff, 0xff, 0x39, 0x4e, 0xff, 0xff, 0x75, 0x83, 0xff, 0xff, 0x97, 0xa2, 0xff, 0xff, 0xab,
0xb4, 0xff, 0xff, 0xb9, 0xc0, 0xff, 0xff, 0xbe, 0xc5, 0xff, 0xff, 0xbb, 0xc2, 0xff, 0xff,
0xae, 0xb7, 0xff, 0xff, 0x9c, 0xa6, 0xff, 0xff, 0x7f, 0x8d, 0xff, 0xff, 0x46, 0x5a, 0xff,
0xff, 0x14, 0x2c, 0xff, 0xff, 0x00, 0x15, 0xff, 0xff, 0x00, 0x14, 0xff, 0xff, 0x00, 0x19,
0xff, 0xff, 0x05, 0x20, 0xff, 0xff, 0x07, 0x21, 0xff, 0xff, 0x06, 0x20, 0xff, 0xff, 0x00,
0x1a, 0xff, 0xff, 0x00, 0x14, 0xff, 0xff, 0x00, 0x15, 0xff, 0xff, 0x21, 0x38, 0xff, 0xff,
0x58, 0x69, 0xff, 0xff, 0x90, 0x9b, 0xff, 0xff, 0xde, 0xe1, 0xff, 0xff, 0xff, 0xff, 0xff,
0xff, 0xff, 0xff, 0xff, 0xff, 0xff, 0xff, 0xff, 0xff, 0xff, 0xff, 0xff, 0xff, 0xff, 0xff,
0xff, 0xff, 0xff, 0xff, 0xff, 0xff, 0xff, 0xff, 0xff, 0xff, 0xff, 0xff, 0xff, 0xff, 0x57,
0x68, 0xff, 0xff, 0x00, 0x16, 0xff, 0xff, 0x07, 0x21, 0xff, 0xff, 0x07, 0x21, 0xff, 0xff,
0x07, 0x21, 0xff, 0xff, 0x07, 0x21, 0xff, 0xff, 0x07, 0x21, 0xff, 0xff, 0x07, 0x21, 0xff,
0xff, 0x07, 0x21, 0xff, 0xff, 0x07, 0x21, 0xff, 0xff, 0x07, 0x21, 0xff, 0xff, 0x07, 0x21,
0xff, 0xff, 0x07, 0x21, 0xff, 0xff, 0x07, 0x21, 0xff, 0xff, 0x07, 0x21, 0xff, 0xff, 0x07,
0x21, 0xff, 0xff, 0x07, 0x21, 0xff, 0xff, 0x07, 0x21, 0xff, 0xff, 0x07, 0x21, 0xff, 0xff,
0x07, 0x21, 0xff, 0xff, 0x07, 0x21, 0xff, 0xff, 0x07, 0x21, 0xff, 0xff, 0x07, 0x21, 0xff,
0xff, 0x07, 0x21, 0xff, 0xff, 0x07, 0x21, 0xff, 0xff, 0x07, 0x21, 0xff, 0xff, 0x07, 0x20,
0xff, 0xdb, 0x03, 0x1c, 0xf7, 0x04, 0x03, 0x1b, 0xf6, 0x00, 0xff, 0xff, 0xff, 0x00, 0xff,
0xff, 0xff, 0x00, 0xff, 0xff, 0xff, 0x00, 0xff, 0xff, 0xff, 0x00, 0xff, 0xff, 0xff, 0x00,
0xff, 0xff, 0xff, 0x00, 0xff, 0xff, 0xff, 0x00, 0xff, 0xff, 0xff, 0x00, 0xff, 0xff, 0xff,
0x00, 0xff, 0xff, 0xff, 0x00, 0xff, 0xff, 0xff, 0x00, 0xff, 0xff, 0xff, 0x00, 0xff, 0xff,
0xff, 0x00, 0xff, 0xff, 0xff, 0x00, 0xff, 0xff, 0xff, 0x00, 0x04, 0x22, 0xff, 0x00, 0x06,
0x23, 0xff, 0x65, 0x08, 0x23, 0xff, 0xff, 0x08, 0x23, 0xff, 0xff, 0x08, 0x23, 0xff, 0xff,
0x08, 0x22, 0xff, 0xff, 0x08, 0x22, 0xff, 0xff, 0x08, 0x22, 0xff, 0xff, 0x08, 0x22, 0xff,
0xff, 0x08, 0x22, 0xff, 0xff, 0x08, 0x22, 0xff, 0xff, 0x08, 0x22, 0xff, 0xff, 0x08, 0x22,
0xff, 0xff, 0x08, 0x22, 0xff, 0xff, 0x08, 0x22, 0xff, 0xff, 0x08, 0x22, 0xff, 0xff, 0x08,
0x22, 0xff, 0xff, 0x08, 0x22, 0xff, 0xff, 0x08, 0x22, 0xff, 0xff, 0x08, 0x22, 0xff, 0xff,
0x08, 0x22, 0xff, 0xff, 0x08, 0x22, 0xff, 0xff, 0x08, 0x22, 0xff, 0xff, 0x08, 0x22, 0xff,
0xff, 0x08, 0x22, 0xff, 0xff, 0x08, 0x22, 0xff, 0xff, 0x08, 0x22, 0xff, 0xff, 0x00, 0x17,
0xff, 0xff, 0x4d, 0x60, 0xff, 0xff, 0xff, 0xff, 0xff, 0xff, 0xff, 0xff, 0xff, 0xff, 0xff,
0xff, 0xff, 0xff, 0xff, 0xff, 0xff, 0xff, 0xff, 0xff, 0xff, 0xff, 0xff, 0xff, 0xff, 0xff,
0xff, 0xff, 0xff, 0xff, 0xff, 0xff, 0xff, 0xff, 0xff, 0xff, 0xff, 0xff, 0xff, 0xff, 0xff,
0xff, 0xff, 0xff, 0xff, 0xff, 0xf3, 0xf4, 0xff, 0xff, 0xad, 0xb5, 0xff, 0xff, 0x69, 0x79,
0xff, 0xff, 0x36, 0x4b, 0xff, 0xff, 0x02, 0x1d, 0xff, 0xff, 0x00, 0x15, 0xff, 0xff, 0x00,
0x1b, 0xff, 0xff, 0x05, 0x20, 0xff, 0xff, 0x08, 0x22, 0xff, 0xff, 0x07, 0x22, 0xff, 0xff,
0x05, 0x1f, 0xff, 0xff, 0x00, 0x19, 0xff, 0xff, 0x00, 0x15, 0xff, 0xff, 0x00, 0x15, 0xff,
0xff, 0x00, 0x18, 0xff, 0xff, 0x00, 0x19, 0xff, 0xff, 0x00, 0x1a, 0xff, 0xff, 0x00, 0x19,
0xff, 0xff, 0x00, 0x18, 0xff, 0xff, 0x00, 0x16, 0xff, 0xff, 0x00, 0x14, 0xff, 0xff, 0x00,
0x18, 0xff, 0xff, 0x03, 0x1e, 0xff, 0xff, 0x07, 0x21, 0xff, 0xff, 0x07, 0x22, 0xff, 0xff,
0x06, 0x20, 0xff, 0xff, 0x00, 0x1b, 0xff, 0xff, 0x00, 0x15, 0xff, 0xff, 0x00, 0x19, 0xff,
0xff, 0x2e, 0x44, 0xff, 0xff, 0x64, 0x73, 0xff, 0xff, 0xa4, 0xad, 0xff, 0xff, 0xed, 0xef,
0xff, 0xff, 0xff, 0xff, 0xff, 0xff, 0xff, 0xff, 0xff, 0xff, 0xff, 0xff, 0xff, 0xff, 0xff,
0xff, 0xff, 0xff, 0xff, 0xff, 0xff, 0xff, 0xff, 0xff, 0xff, 0xff, 0xff, 0xff, 0xff, 0xff,
0xff, 0xff, 0xff, 0xff, 0xff, 0xff, 0xff, 0xff, 0xff, 0xff, 0xff, 0xff, 0xff, 0xff, 0xff,
0xff, 0x57, 0x6a, 0xff, 0xff, 0x00, 0x16, 0xff, 0xff, 0x07, 0x21, 0xff, 0xff, 0x07, 0x21,
0xff, 0xff, 0x07, 0x21, 0xff, 0xff, 0x07, 0x21, 0xff, 0xff, 0x07, 0x21, 0xff, 0xff, 0x07,
0x21, 0xff, 0xff, 0x07, 0x21, 0xff, 0xff, 0x07, 0x21, 0xff, 0xff, 0x07, 0x21, 0xff, 0xff,
0x07, 0x21, 0xff, 0xff, 0x07, 0x21, 0xff, 0xff, 0x07, 0x21, 0xff, 0xff, 0x07, 0x21, 0xff,
0xff, 0x07, 0x21, 0xff, 0xff, 0x07, 0x21, 0xff, 0xff, 0x07, 0x21, 0xff, 0xff, 0x07, 0x21,
0xff, 0xff, 0x07, 0x21, 0xff, 0xff, 0x07, 0x21, 0xff, 0xff, 0x07, 0x21, 0xff, 0xff, 0x07,
0x21, 0xff, 0xff, 0x07, 0x21, 0xff, 0xff, 0x07, 0x21, 0xff, 0xff, 0x07, 0x21, 0xff, 0xff,
0x07, 0x21, 0xff, 0xf9, 0x04, 0x1e, 0xf6, 0x2b, 0x03, 0x1e, 0xf5, 0x00, 0xff, 0xff, 0xff,
0x00, 0xff, 0xff, 0xff, 0x00, 0xff, 0xff, 0xff, 0x00, 0xff, 0xff, 0xff, 0x00, 0xff, 0xff,
0xff, 0x00, 0xff, 0xff, 0xff, 0x00, 0xff, 0xff, 0xff, 0x00, 0xff, 0xff, 0xff, 0x00, 0xff,
0xff, 0xff, 0x00, 0xff, 0xff, 0xff, 0x00, 0xff, 0xff, 0xff, 0x00, 0xff, 0xff, 0xff, 0x00,
0xff, 0xff, 0xff, 0x00, 0xff, 0xff, 0xff, 0x00, 0xff, 0xff, 0xff, 0x00, 0x05, 0x22, 0xfb,
0x00, 0x07, 0x23, 0xfe, 0xaf, 0x08, 0x23, 0xff, 0xff, 0x08, 0x23, 0xff, 0xff, 0x08, 0x23,
0xff, 0xff, 0x08, 0x23, 0xff, 0xff, 0x08, 0x23, 0xff, 0xff, 0x08, 0x23, 0xff, 0xff, 0x08,
0x23, 0xff, 0xff, 0x08, 0x23, 0xff, 0xff, 0x08, 0x23, 0xff, 0xff, 0x08, 0x23, 0xff, 0xff,
0x08, 0x23, 0xff, 0xff, 0x08, 0x23, 0xff, 0xff, 0x08, 0x23, 0xff, 0xff, 0x08, 0x23, 0xff,
0xff, 0x08, 0x23, 0xff, 0xff, 0x08, 0x23, 0xff, 0xff, 0x08, 0x23, 0xff, 0xff, 0x08, 0x23,
0xff, 0xff, 0x08, 0x23, 0xff, 0xff, 0x08, 0x23, 0xff, 0xff, 0x08, 0x23, 0xff, 0xff, 0x08,
0x23, 0xff, 0xff, 0x08, 0x23, 0xff, 0xff, 0x08, 0x23, 0xff, 0xff, 0x08, 0x23, 0xff, 0xff,
0x00, 0x18, 0xff, 0xff, 0x4d, 0x61, 0xff, 0xff, 0xff, 0xff, 0xff, 0xff, 0xff, 0xff, 0xff,
0xff, 0xff, 0xff, 0xff, 0xff, 0xff, 0xff, 0xff, 0xff, 0xff, 0xff, 0xff, 0xff, 0xff, 0xff,
0xff, 0xff, 0xff, 0xff, 0xff, 0xff, 0xff, 0xff, 0xff, 0xff, 0xff, 0xff, 0xff, 0xff, 0xff,
0xff, 0xff, 0xff, 0xff, 0xff, 0xff, 0xff, 0xff, 0xff, 0xff, 0xff, 0xff, 0xff, 0xff, 0xff,
0xff, 0xff, 0xff, 0xff, 0xfd, 0xfd, 0xff, 0xff, 0xbf, 0xc6, 0xff, 0xff, 0x66, 0x76, 0xff,
0xff, 0x2e, 0x44, 0xff, 0xff, 0x0a, 0x24, 0xff, 0xff, 0x00, 0x15, 0xff, 0xff, 0x00, 0x1a,
0xff, 0xff, 0x04, 0x1f, 0xff, 0xff, 0x08, 0x22, 0xff, 0xff, 0x08, 0x23, 0xff, 0xff, 0x08,
0x22, 0xff, 0xff, 0x08, 0x22, 0xff, 0xff, 0x07, 0x22, 0xff, 0xff, 0x07, 0x22, 0xff, 0xff,
0x07, 0x22, 0xff, 0xff, 0x08, 0x22, 0xff, 0xff, 0x08, 0x22, 0xff, 0xff, 0x08, 0x22, 0xff,
0xff, 0x08, 0x22, 0xff, 0xff, 0x05, 0x1f, 0xff, 0xff, 0x00, 0x1a, 0xff, 0xff, 0x00, 0x15,
0xff, 0xff, 0x05, 0x20, 0xff, 0xff, 0x29, 0x3f, 0xff, 0xff, 0x5b, 0x6c, 0xff, 0xff, 0xb5,
0xbd, 0xff, 0xff, 0xf8, 0xf9, 0xff, 0xff, 0xff, 0xff, 0xff, 0xff, 0xff, 0xff, 0xff, 0xff,
0xff, 0xff, 0xff, 0xff, 0xff, 0xff, 0xff, 0xff, 0xff, 0xff, 0xff, 0xff, 0xff, 0xff, 0xff,
0xff, 0xff, 0xff, 0xff, 0xff, 0xff, 0xff, 0xff, 0xff, 0xff, 0xff, 0xff, 0xff, 0xff, 0xff,
0xff, 0xff, 0xff, 0xff, 0xff, 0xff, 0xff, 0xff, 0xff, 0xff, 0xff, 0xff, 0xff, 0xff, 0xff,
0xff, 0xff, 0xff, 0x59, 0x6b, 0xff, 0xff, 0x00, 0x17, 0xff, 0xff, 0x08, 0x22, 0xff, 0xff,
0x08, 0x22, 0xff, 0xff, 0x08, 0x22, 0xff, 0xff, 0x08, 0x22, 0xff, 0xff, 0x08, 0x22, 0xff,
0xff, 0x08, 0x22, 0xff, 0xff, 0x08, 0x22, 0xff, 0xff, 0x08, 0x22, 0xff, 0xff, 0x08, 0x22,
0xff, 0xff, 0x08, 0x22, 0xff, 0xff, 0x08, 0x22, 0xff, 0xff, 0x08, 0x22, 0xff, 0xff, 0x08,
0x22, 0xff, 0xff, 0x08, 0x22, 0xff, 0xff, 0x08, 0x22, 0xff, 0xff, 0x08, 0x22, 0xff, 0xff,
0x08, 0x22, 0xff, 0xff, 0x08, 0x22, 0xff, 0xff, 0x08, 0x22, 0xff, 0xff, 0x08, 0x22, 0xff,
0xff, 0x08, 0x22, 0xff, 0xff, 0x07, 0x22, 0xff, 0xff, 0x07, 0x22, 0xff, 0xff, 0x07, 0x22,
0xff, 0xff, 0x07, 0x22, 0xff, 0xff, 0x06, 0x22, 0xfe, 0x73, 0x04, 0x22, 0xff, 0x00, 0xff,
0xff, 0xff, 0x00, 0xff, 0xff, 0xff, 0x00, 0xff, 0xff, 0xff, 0x00, 0xff, 0xff, 0xff, 0x00,
0xff, 0xff, 0xff, 0x00, 0xff, 0xff, 0xff, 0x00, 0xff, 0xff, 0xff, 0x00, 0xff, 0xff, 0xff,
0x00, 0xff, 0xff, 0xff, 0x00, 0xff, 0xff, 0xff, 0x00, 0xff, 0xff, 0xff, 0x00, 0xff, 0xff,
0xff, 0x00, 0xff, 0xff, 0xff, 0x00, 0xff, 0xff, 0xff, 0x00, 0xff, 0xff, 0xff, 0x00, 0x04,
0x1e, 0xf3, 0x03, 0x07, 0x23, 0xfd, 0xd6, 0x08, 0x24, 0xff, 0xff, 0x08, 0x24, 0xff, 0xff,
0x08, 0x24, 0xff, 0xff, 0x08, 0x24, 0xff, 0xff, 0x08, 0x24, 0xff, 0xff, 0x08, 0x24, 0xff,
0xff, 0x08, 0x24, 0xff, 0xff, 0x08, 0x24, 0xff, 0xff, 0x08, 0x24, 0xff, 0xff, 0x08, 0x24,
0xff, 0xff, 0x08, 0x24, 0xff, 0xff, 0x08, 0x24, 0xff, 0xff, 0x08, 0x24, 0xff, 0xff, 0x08,
0x24, 0xff, 0xff, 0x08, 0x24, 0xff, 0xff, 0x08, 0x24, 0xff, 0xff, 0x08, 0x24, 0xff, 0xff,
0x08, 0x24, 0xff, 0xff, 0x08, 0x24, 0xff, 0xff, 0x08, 0x24, 0xff, 0xff, 0x08, 0x24, 0xff,
0xff, 0x08, 0x24, 0xff, 0xff, 0x08, 0x23, 0xff, 0xff, 0x08, 0x23, 0xff, 0xff, 0x08, 0x23,
0xff, 0xff, 0x00, 0x18, 0xff, 0xff, 0x4e, 0x61, 0xff, 0xff, 0xff, 0xff, 0xff, 0xff, 0xff,
0xff, 0xff, 0xff, 0xff, 0xff, 0xff, 0xff, 0xff, 0xff, 0xff, 0xff, 0xff, 0xff, 0xff, 0xff,
0xff, 0xff, 0xff, 0xff, 0xff, 0xff, 0xff, 0xff, 0xff, 0xff, 0xff, 0xff, 0xff, 0xff, 0xff,
0xff, 0xff, 0xff, 0xff, 0xff, 0xff, 0xff, 0xff, 0xff, 0xff, 0xff, 0xff, 0xff, 0xff, 0xff,
0xff, 0xff, 0xff, 0xff, 0xff, 0xff, 0xff, 0xff, 0xff, 0xff, 0xff, 0xff, 0xff, 0xff, 0xff,
0xff, 0xff, 0xff, 0xfa, 0xfb, 0xff, 0xff, 0xd1, 0xd6, 0xff, 0xff, 0x7d, 0x8b, 0xff, 0xff,
0x38, 0x4e, 0xff, 0xff, 0x17, 0x30, 0xff, 0xff, 0x00, 0x19, 0xff, 0xff, 0x00, 0x17, 0xff,
0xff, 0x00, 0x1b, 0xff, 0xff, 0x01, 0x1e, 0xff, 0xff, 0x03, 0x1f, 0xff, 0xff, 0x04, 0x20,
0xff, 0xff, 0x04, 0x1f, 0xff, 0xff, 0x02, 0x1e, 0xff, 0xff, 0x00, 0x1b, 0xff, 0xff, 0x00,
0x17, 0xff, 0xff, 0x00, 0x17, 0xff, 0xff, 0x11, 0x2b, 0xff, 0xff, 0x32, 0x48, 0xff, 0xff,
0x71, 0x80, 0xff, 0xff, 0xc6, 0xcc, 0xff, 0xff, 0xf8, 0xf8, 0xff, 0xff, 0xff, 0xff, 0xff,
0xff, 0xff, 0xff, 0xff, 0xff, 0xff, 0xff, 0xff, 0xff, 0xff, 0xff, 0xff, 0xff, 0xff, 0xff,
0xff, 0xff, 0xff, 0xff, 0xff, 0xff, 0xff, 0xff, 0xff, 0xff, 0xff, 0xff, 0xff, 0xff, 0xff,
0xff, 0xff, 0xff, 0xff, 0xff, 0xff, 0xff, 0xff, 0xff, 0xff, 0xff, 0xff, 0xff, 0xff, 0xff,
0xff, 0xff, 0xff, 0xff, 0xff, 0xff, 0xff, 0xff, 0xff, 0xff, 0xff, 0xff, 0xff, 0xff, 0xff,
0xff, 0xff, 0xff, 0xff, 0xff, 0x5a, 0x6c, 0xff, 0xff, 0x00, 0x18, 0xff, 0xff, 0x08, 0x23,
0xff, 0xff, 0x08, 0x23, 0xff, 0xff, 0x08, 0x23, 0xff, 0xff, 0x08, 0x23, 0xff, 0xff, 0x08,
0x23, 0xff, 0xff, 0x08, 0x23, 0xff, 0xff, 0x08, 0x23, 0xff, 0xff, 0x08, 0x23, 0xff, 0xff,
0x08, 0x23, 0xff, 0xff, 0x08, 0x23, 0xff, 0xff, 0x08, 0x23, 0xff, 0xff, 0x08, 0x23, 0xff,
0xff, 0x08, 0x23, 0xff, 0xff, 0x08, 0x23, 0xff, 0xff, 0x08, 0x23, 0xff, 0xff, 0x08, 0x23,
0xff, 0xff, 0x08, 0x23, 0xff, 0xff, 0x08, 0x22, 0xff, 0xff, 0x08, 0x22, 0xff, 0xff, 0x08,
0x22, 0xff, 0xff, 0x08, 0x22, 0xff, 0xff, 0x08, 0x22, 0xff, 0xff, 0x08, 0x22, 0xff, 0xff,
0x08, 0x23, 0xff, 0xff, 0x08, 0x23, 0xff, 0xff, 0x07, 0x21, 0xf7, 0xb8, 0x03, 0x1c, 0xd7,
0x00, 0xff, 0xff, 0xff, 0x00, 0xff, 0xff, 0xff, 0x00, 0xff, 0xff, 0xff, 0x00, 0xff, 0xff,
0xff, 0x00, 0xff, 0xff, 0xff, 0x00, 0xff, 0xff, 0xff, 0x00, 0xff, 0xff, 0xff, 0x00, 0xff,
0xff, 0xff, 0x00, 0xff, 0xff, 0xff, 0x00, 0xff, 0xff, 0xff, 0x00, 0xff, 0xff, 0xff, 0x00,
0xff, 0xff, 0xff, 0x00, 0xff, 0xff, 0xff, 0x00, 0xff, 0xff, 0xff, 0x00, 0xff, 0xff, 0xff,
0x00, 0x04, 0x1c, 0xf4, 0x15, 0x08, 0x24, 0xfe, 0xee, 0x08, 0x25, 0xff, 0xff, 0x08, 0x25,
0xff, 0xff, 0x08, 0x25, 0xff, 0xff, 0x08, 0x25, 0xff, 0xff, 0x08, 0x25, 0xff, 0xff, 0x08,
0x25, 0xff, 0xff, 0x08, 0x25, 0xff, 0xff, 0x08, 0x25, 0xff, 0xff, 0x08, 0x25, 0xff, 0xff,
0x08, 0x25, 0xff, 0xff, 0x08, 0x25, 0xff, 0xff, 0x08, 0x25, 0xff, 0xff, 0x08, 0x25, 0xff,
0xff, 0x08, 0x25, 0xff, 0xff, 0x08, 0x25, 0xff, 0xff, 0x08, 0x25, 0xff, 0xff, 0x08, 0x24,
0xff, 0xff, 0x08, 0x24, 0xff, 0xff, 0x08, 0x24, 0xff, 0xff, 0x08, 0x24, 0xff, 0xff, 0x08,
0x24, 0xff, 0xff, 0x08, 0x24, 0xff, 0xff, 0x08, 0x24, 0xff, 0xff, 0x08, 0x24, 0xff, 0xff,
0x08, 0x24, 0xff, 0xff, 0x00, 0x19, 0xff, 0xff, 0x4e, 0x62, 0xff, 0xff, 0xff, 0xff, 0xff,
0xff, 0xff, 0xff, 0xff, 0xff, 0xff, 0xff, 0xff, 0xff, 0xff, 0xff, 0xff, 0xff, 0xff, 0xff,
0xff, 0xff, 0xff, 0xff, 0xff, 0xff, 0xff, 0xff, 0xff, 0xff, 0xff, 0xff, 0xff, 0xff, 0xff,
0xff, 0xff, 0xff, 0xff, 0xff, 0xff, 0xff, 0xff, 0xff, 0xff, 0xff, 0xff, 0xff, 0xff, 0xff,
0xff, 0xff, 0xff, 0xff, 0xff, 0xff, 0xff, 0xff, 0xff, 0xff, 0xff, 0xff, 0xff, 0xff, 0xff,
0xff, 0xff, 0xff, 0xff, 0xff, 0xff, 0xff, 0xff, 0xff, 0xff, 0xff, 0xff, 0xff, 0xff, 0xff,
0xff, 0xff, 0xff, 0xff, 0xff, 0xff, 0xe5, 0xe8, 0xff, 0xff, 0xa9, 0xb3, 0xff, 0xff, 0x60,
0x72, 0xff, 0xff, 0x38, 0x4e, 0xff, 0xff, 0x26, 0x3f, 0xff, 0xff, 0x19, 0x33, 0xff, 0xff,
0x13, 0x2e, 0xff, 0xff, 0x17, 0x32, 0xff, 0xff, 0x23, 0x3c, 0xff, 0xff, 0x35, 0x4b, 0xff,
0xff, 0x58, 0x6a, 0xff, 0xff, 0x9f, 0xaa, 0xff, 0xff, 0xde, 0xe1, 0xff, 0xff, 0xfd, 0xfd,
0xff, 0xff, 0xff, 0xff, 0xff, 0xff, 0xff, 0xff, 0xff, 0xff, 0xff, 0xff, 0xff, 0xff, 0xff,
0xff, 0xff, 0xff, 0xff, 0xff, 0xff, 0xff, 0xff, 0xff, 0xff, 0xff, 0xff, 0xff, 0xff, 0xff,
0xff, 0xff, 0xff, 0xff, 0xff, 0xff, 0xff, 0xff, 0xff, 0xff, 0xff, 0xff, 0xff, 0xff, 0xff,
0xff, 0xff, 0xff, 0xff, 0xff, 0xff, 0xff, 0xff, 0xff, 0xff, 0xff, 0xff, 0xff, 0xff, 0xff,
0xff, 0xff, 0xff, 0xff, 0xff, 0xff, 0xff, 0xff, 0xff, 0xff, 0xff, 0xff, 0xff, 0xff, 0xff,
0xff, 0xff, 0xff, 0xff, 0xff, 0xff, 0xff, 0x5b, 0x6d, 0xff, 0xff, 0x00, 0x18, 0xff, 0xff,
0x08, 0x23, 0xff, 0xff, 0x08, 0x23, 0xff, 0xff, 0x08, 0x23, 0xff, 0xff, 0x08, 0x23, 0xff,
0xff, 0x08, 0x23, 0xff, 0xff, 0x08, 0x24, 0xff, 0xff, 0x08, 0x24, 0xff, 0xff, 0x08, 0x24,
0xff, 0xff, 0x08, 0x24, 0xff, 0xff, 0x08, 0x24, 0xff, 0xff, 0x08, 0x24, 0xff, 0xff, 0x08,
0x23, 0xff, 0xff, 0x08, 0x23, 0xff, 0xff, 0x08, 0x23, 0xff, 0xff, 0x08, 0x23, 0xff, 0xff,
0x08, 0x23, 0xff, 0xff, 0x08, 0x23, 0xff, 0xff, 0x08, 0x23, 0xff, 0xff, 0x08, 0x23, 0xff,
0xff, 0x08, 0x23, 0xff, 0xff, 0x08, 0x23, 0xff, 0xff, 0x08, 0x23, 0xff, 0xff, 0x08, 0x23,
0xff, 0xff, 0x08, 0x23, 0xff, 0xff, 0x08, 0x24, 0xff, 0xff, 0x08, 0x20, 0xec, 0xd9, 0x04,
0x10, 0x87, 0x05, 0xff, 0xff, 0xff, 0x00, 0xff, 0xff, 0xff, 0x00, 0xff, 0xff, 0xff, 0x00,
0xff, 0xff, 0xff, 0x00, 0xff, 0xff, 0xff, 0x00, 0xff, 0xff, 0xff, 0x00, 0xff, 0xff, 0xff,
0x00, 0xff, 0xff, 0xff, 0x00, 0xff, 0xff, 0xff, 0x00, 0xff, 0xff, 0xff, 0x00, 0xff, 0xff,
0xff, 0x00, 0xff, 0xff, 0xff, 0x00, 0xff, 0xff, 0xff, 0x00, 0xff, 0xff, 0xff, 0x00, 0xff,
0xff, 0xff, 0x00, 0x05, 0x18, 0xa3, 0x3b, 0x08, 0x26, 0xff, 0xff, 0x08, 0x25, 0xff, 0xff,
0x08, 0x25, 0xff, 0xff, 0x08, 0x25, 0xff, 0xff, 0x08, 0x25, 0xff, 0xff, 0x08, 0x25, 0xff,
0xff, 0x08, 0x25, 0xff, 0xff, 0x08, 0x25, 0xff, 0xff, 0x08, 0x25, 0xff, 0xff, 0x08, 0x25,
0xff, 0xff, 0x08, 0x25, 0xff, 0xff, 0x08, 0x25, 0xff, 0xff, 0x08, 0x25, 0xff, 0xff, 0x08,
0x25, 0xff, 0xff, 0x08, 0x25, 0xff, 0xff, 0x08, 0x25, 0xff, 0xff, 0x08, 0x25, 0xff, 0xff,
0x08, 0x25, 0xff, 0xff, 0x08, 0x25, 0xff, 0xff, 0x08, 0x25, 0xff, 0xff, 0x08, 0x25, 0xff,
0xff, 0x08, 0x25, 0xff, 0xff, 0x08, 0x25, 0xff, 0xff, 0x08, 0x25, 0xff, 0xff, 0x08, 0x25,
0xff, 0xff, 0x08, 0x25, 0xff, 0xff, 0x00, 0x1a, 0xff, 0xff, 0x4e, 0x63, 0xff, 0xff, 0xff,
0xff, 0xff, 0xff, 0xff, 0xff, 0xff, 0xff, 0xff, 0xff, 0xff, 0xff, 0xff, 0xff, 0xff, 0xff,
0xff, 0xff, 0xff, 0xff, 0xff, 0xff, 0xff, 0xff, 0xff, 0xff, 0xff, 0xff, 0xff, 0xff, 0xff,
0xff, 0xff, 0xff, 0xff, 0xff, 0xff, 0xff, 0xff, 0xff, 0xff, 0xff, 0xff, 0xff, 0xff, 0xff,
0xff, 0xff, 0xff, 0xff, 0xff, 0xff, 0xff, 0xff, 0xff, 0xff, 0xff, 0xff, 0xff, 0xff, 0xff,
0xff, 0xff, 0xff, 0xff, 0xff, 0xff, 0xff, 0xff, 0xff, 0xff, 0xff, 0xff, 0xff, 0xff, 0xff,
0xff, 0xff, 0xff, 0xff, 0xff, 0xff, 0xff, 0xff, 0xff, 0xff, 0xff, 0xff, 0xff, 0xff, 0xff,
0xff, 0xff, 0xff, 0xff, 0xff, 0xff, 0xff, 0xff, 0xff, 0xf5, 0xf6, 0xff, 0xff, 0xec, 0xee,
0xff, 0xff, 0xe3, 0xe6, 0xff, 0xff, 0xea, 0xec, 0xff, 0xff, 0xf3, 0xf4, 0xff, 0xff, 0xfe,
0xfe, 0xff, 0xff, 0xff, 0xff, 0xff, 0xff, 0xff, 0xff, 0xff, 0xff, 0xff, 0xff, 0xff, 0xff,
0xff, 0xff, 0xff, 0xff, 0xff, 0xff, 0xff, 0xff, 0xff, 0xff, 0xff, 0xff, 0xff, 0xff, 0xff,
0xff, 0xff, 0xff, 0xff, 0xff, 0xff, 0xff, 0xff, 0xff, 0xff, 0xff, 0xff, 0xff, 0xff, 0xff,
0xff, 0xff, 0xff, 0xff, 0xff, 0xff, 0xff, 0xff, 0xff, 0xff, 0xff, 0xff, 0xff, 0xff, 0xff,
0xff, 0xff, 0xff, 0xff, 0xff, 0xff, 0xff, 0xff, 0xff, 0xff, 0xff, 0xff, 0xff, 0xff, 0xff,
0xff, 0xff, 0xff, 0xff, 0xff, 0xff, 0xff, 0xff, 0xff, 0xff, 0xff, 0xff, 0xff, 0xff, 0xff,
0xff, 0xff, 0xff, 0xff, 0xff, 0xff, 0xff, 0xff, 0xff, 0x5c, 0x6f, 0xff, 0xff, 0x00, 0x19,
0xff, 0xff, 0x08, 0x24, 0xff, 0xff, 0x08, 0x24, 0xff, 0xff, 0x08, 0x24, 0xff, 0xff, 0x08,
0x24, 0xff, 0xff, 0x08, 0x24, 0xff, 0xff, 0x08, 0x24, 0xff, 0xff, 0x08, 0x24, 0xff, 0xff,
0x08, 0x24, 0xff, 0xff, 0x08, 0x24, 0xff, 0xff, 0x08, 0x24, 0xff, 0xff, 0x08, 0x24, 0xff,
0xff, 0x08, 0x24, 0xff, 0xff, 0x08, 0x24, 0xff, 0xff, 0x08, 0x24, 0xff, 0xff, 0x08, 0x24,
0xff, 0xff, 0x08, 0x24, 0xff, 0xff, 0x08, 0x24, 0xff, 0xff, 0x08, 0x24, 0xff, 0xff, 0x08,
0x24, 0xff, 0xff, 0x08, 0x24, 0xff, 0xff, 0x08, 0x24, 0xff, 0xff, 0x08, 0x24, 0xff, 0xff,
0x08, 0x24, 0xff, 0xff, 0x08, 0x24, 0xff, 0xff, 0x08, 0x24, 0xff, 0xff, 0x08, 0x24, 0xfe,
0xf0, 0x05, 0x17, 0xe6, 0x16, 0xff, 0xff, 0xff, 0x00, 0xff, 0xff, 0xff, 0x00, 0xff, 0xff,
0xff, 0x00, 0xff, 0xff, 0xff, 0x00, 0xff, 0xff, 0xff, 0x00, 0xff, 0xff, 0xff, 0x00, 0xff,
0xff, 0xff, 0x00, 0xff, 0xff, 0xff, 0x00, 0xff, 0xff, 0xff, 0x00, 0xff, 0xff, 0xff, 0x00,
0xff, 0xff, 0xff, 0x00, 0xff, 0xff, 0xff, 0x00, 0xff, 0xff, 0xff, 0x00, 0xff, 0xff, 0xff,
0x00, 0xff, 0xff, 0xff, 0x00, 0x06, 0x21, 0xf1, 0x68, 0x08, 0x26, 0xff, 0xff, 0x08, 0x26,
0xff, 0xff, 0x08, 0x26, 0xff, 0xff, 0x08, 0x26, 0xff, 0xff, 0x08, 0x26, 0xff, 0xff, 0x08,
0x26, 0xff, 0xff, 0x08, 0x26, 0xff, 0xff, 0x08, 0x26, 0xff, 0xff, 0x08, 0x26, 0xff, 0xff,
0x08, 0x26, 0xff, 0xff, 0x08, 0x26, 0xff, 0xff, 0x08, 0x26, 0xff, 0xff, 0x08, 0x26, 0xff,
0xff, 0x08, 0x26, 0xff, 0xff, 0x08, 0x26, 0xff, 0xff, 0x08, 0x26, 0xff, 0xff, 0x08, 0x26,
0xff, 0xff, 0x08, 0x26, 0xff, 0xff, 0x08, 0x26, 0xff, 0xff, 0x08, 0x26, 0xff, 0xff, 0x08,
0x26, 0xff, 0xff, 0x08, 0x25, 0xff, 0xff, 0x08, 0x25, 0xff, 0xff, 0x08, 0x25, 0xff, 0xff,
0x08, 0x25, 0xff, 0xff, 0x08, 0x25, 0xff, 0xff, 0x00, 0x1a, 0xff, 0xff, 0x4e, 0x63, 0xff,
0xff, 0xff, 0xff, 0xff, 0xff, 0xff, 0xff, 0xff, 0xff, 0xff, 0xff, 0xff, 0xff, 0xff, 0xff,
0xff, 0xff, 0xff, 0xff, 0xff, 0xff, 0xff, 0xff, 0xff, 0xff, 0xff, 0xff, 0xff, 0xff, 0xff,
0xff, 0xff, 0xff, 0xff, 0xff, 0xff, 0xff, 0xff, 0xff, 0xff, 0xff, 0xff, 0xff, 0xff, 0xff,
0xff, 0xff, 0xff, 0xff, 0xff, 0xff, 0xff, 0xff, 0xff, 0xff, 0xff, 0xff, 0xff, 0xff, 0xff,
0xff, 0xff, 0xff, 0xff, 0xff, 0xff, 0xff, 0xff, 0xff, 0xff, 0xff, 0xff, 0xff, 0xff, 0xff,
0xff, 0xff, 0xff, 0xff, 0xff, 0xff, 0xff, 0xff, 0xff, 0xff, 0xff, 0xff, 0xff, 0xff, 0xff,
0xff, 0xff, 0xff, 0xff, 0xff, 0xff, 0xff, 0xff, 0xff, 0xff, 0xff, 0xff, 0xff, 0xff, 0xff,
0xff, 0xff, 0xff, 0xff, 0xff, 0xff, 0xff, 0xff, 0xff, 0xff, 0xff, 0xff, 0xff, 0xff, 0xff,
0xff, 0xff, 0xff, 0xff, 0xff, 0xff, 0xff, 0xff, 0xff, 0xff, 0xff, 0xff, 0xff, 0xff, 0xff,
0xff, 0xff, 0xff, 0xff, 0xff, 0xff, 0xff, 0xff, 0xff, 0xff, 0xff, 0xff, 0xff, 0xff, 0xff,
0xff, 0xff, 0xff, 0xff, 0xff, 0xff, 0xff, 0xff, 0xff, 0xff, 0xff, 0xff, 0xff, 0xff, 0xff,
0xff, 0xff, 0xff, 0xff, 0xff, 0xff, 0xff, 0xff, 0xff, 0xff, 0xff, 0xff, 0xff, 0xff, 0xff,
0xff, 0xff, 0xff, 0xff, 0xff, 0xff, 0xff, 0xff, 0xff, 0xff, 0xff, 0xff, 0xff, 0xff, 0xff,
0xff, 0xff, 0xff, 0xff, 0xff, 0xff, 0xff, 0xff, 0xff, 0xff, 0xff, 0xff, 0xff, 0xff, 0xff,
0xff, 0xff, 0xff, 0xff, 0xff, 0xff, 0xff, 0xff, 0xff, 0xff, 0xff, 0x5d, 0x70, 0xff, 0xff,
0x00, 0x19, 0xff, 0xff, 0x08, 0x25, 0xff, 0xff, 0x08, 0x25, 0xff, 0xff, 0x08, 0x25, 0xff,
0xff, 0x08, 0x25, 0xff, 0xff, 0x08, 0x25, 0xff, 0xff, 0x08, 0x25, 0xff, 0xff, 0x08, 0x25,
0xff, 0xff, 0x08, 0x25, 0xff, 0xff, 0x08, 0x25, 0xff, 0xff, 0x08, 0x25, 0xff, 0xff, 0x08,
0x25, 0xff, 0xff, 0x08, 0x25, 0xff, 0xff, 0x08, 0x25, 0xff, 0xff, 0x08, 0x25, 0xff, 0xff,
0x08, 0x25, 0xff, 0xff, 0x08, 0x25, 0xff, 0xff, 0x08, 0x25, 0xff, 0xff, 0x08, 0x25, 0xff,
0xff, 0x08, 0x25, 0xff, 0xff, 0x08, 0x25, 0xff, 0xff, 0x08, 0x25, 0xff, 0xff, 0x08, 0x25,
0xff, 0xff, 0x08, 0x25, 0xff, 0xff, 0x08, 0x25, 0xff, 0xff, 0x08, 0x25, 0xff, 0xff, 0x08,
0x25, 0xff, 0xff, 0x06, 0x20, 0xfd, 0x3f, 0xff, 0xff, 0xff, 0x00, 0xff, 0xff, 0xff, 0x00,
0xff, 0xff, 0xff, 0x00, 0xff, 0xff, 0xff, 0x00, 0xff, 0xff, 0xff, 0x00, 0xff, 0xff, 0xff,
0x00, 0xff, 0xff, 0xff, 0x00, 0xff, 0xff, 0xff, 0x00, 0xff, 0xff, 0xff, 0x00, 0xff, 0xff,
0xff, 0x00, 0xff, 0xff, 0xff, 0x00, 0xff, 0xff, 0xff, 0x00, 0xff, 0xff, 0xff, 0x00, 0xff,
0xff, 0xff, 0x00, 0xff, 0xff, 0xff, 0x00, 0x08, 0x23, 0xf6, 0x91, 0x09, 0x27, 0xff, 0xff,
0x09, 0x27, 0xff, 0xff, 0x09, 0x26, 0xff, 0xff, 0x09, 0x26, 0xff, 0xff, 0x09, 0x26, 0xff,
0xff, 0x09, 0x26, 0xff, 0xff, 0x09, 0x26, 0xff, 0xff, 0x09, 0x26, 0xff, 0xff, 0x09, 0x27,
0xff, 0xff, 0x09, 0x27, 0xff, 0xff, 0x09, 0x27, 0xff, 0xff, 0x09, 0x27, 0xff, 0xff, 0x09,
0x27, 0xff, 0xff, 0x09, 0x27, 0xff, 0xff, 0x09, 0x27, 0xff, 0xff, 0x09, 0x26, 0xff, 0xff,
0x09, 0x26, 0xff, 0xff, 0x09, 0x26, 0xff, 0xff, 0x09, 0x26, 0xff, 0xff, 0x09, 0x26, 0xff,
0xff, 0x09, 0x26, 0xff, 0xff, 0x09, 0x26, 0xff, 0xff, 0x09, 0x26, 0xff, 0xff, 0x09, 0x26,
0xff, 0xff, 0x09, 0x26, 0xff, 0xff, 0x09, 0x26, 0xff, 0xff, 0x00, 0x1b, 0xff, 0xff, 0x50,
0x64, 0xff, 0xff, 0xff, 0xff, 0xff, 0xff, 0xff, 0xff, 0xff, 0xff, 0xff, 0xff, 0xff, 0xff,
0xff, 0xff, 0xff, 0xff, 0xff, 0xff, 0xff, 0xff, 0xff, 0xff, 0xff, 0xff, 0xff, 0xff, 0xff,
0xff, 0xff, 0xff, 0xff, 0xff, 0xff, 0xff, 0xff, 0xff, 0xff, 0xff, 0xff, 0xff, 0xff, 0xff,
0xff, 0xff, 0xff, 0xff, 0xff, 0xff, 0xff, 0xff, 0xff, 0xff, 0xff, 0xff, 0xff, 0xff, 0xff,
0xff, 0xff, 0xff, 0xff, 0xff, 0xff, 0xff, 0xff, 0xff, 0xff, 0xff, 0xff, 0xff, 0xff, 0xff,
0xff, 0xff, 0xff, 0xff, 0xff, 0xff, 0xff, 0xff, 0xff, 0xff, 0xff, 0xff, 0xff, 0xff, 0xff,
0xff, 0xff, 0xff, 0xff, 0xff, 0xff, 0xff, 0xff, 0xff, 0xff, 0xff, 0xff, 0xff, 0xff, 0xff,
0xff, 0xff, 0xff, 0xff, 0xff, 0xff, 0xff, 0xff, 0xff, 0xff, 0xff, 0xff, 0xff, 0xff, 0xff,
0xff, 0xff, 0xff, 0xff, 0xff, 0xff, 0xff, 0xff, 0xff, 0xff, 0xff, 0xff, 0xff, 0xff, 0xff,
0xff, 0xff, 0xff, 0xff, 0xff, 0xff, 0xff, 0xff, 0xff, 0xff, 0xff, 0xff, 0xff, 0xff, 0xff,
0xff, 0xff, 0xff, 0xff, 0xff, 0xff, 0xff, 0xff, 0xff, 0xff, 0xff, 0xff, 0xff, 0xff, 0xff,
0xff, 0xff, 0xff, 0xff, 0xff, 0xff, 0xff, 0xff, 0xff, 0xff, 0xff, 0xff, 0xff, 0xff, 0xff,
0xff, 0xff, 0xff, 0xff, 0xff, 0xff, 0xff, 0xff, 0xff, 0xff, 0xff, 0xff, 0xff, 0xff, 0xff,
0xff, 0xff, 0xff, 0xff, 0xff, 0xff, 0xff, 0xff, 0xff, 0xff, 0xff, 0xff, 0xff, 0xff, 0xff,
0xff, 0xff, 0xff, 0xff, 0xff, 0xff, 0xff, 0xff, 0xff, 0xff, 0xff, 0xff, 0xff, 0x5e, 0x71,
0xff, 0xff, 0x00, 0x19, 0xff, 0xff, 0x08, 0x25, 0xff, 0xff, 0x08, 0x25, 0xff, 0xff, 0x08,
0x25, 0xff, 0xff, 0x08, 0x25, 0xff, 0xff, 0x08, 0x25, 0xff, 0xff, 0x08, 0x26, 0xff, 0xff,
0x08, 0x26, 0xff, 0xff, 0x08, 0x26, 0xff, 0xff, 0x08, 0x26, 0xff, 0xff, 0x08, 0x25, 0xff,
0xff, 0x08, 0x25, 0xff, 0xff, 0x08, 0x25, 0xff, 0xff, 0x08, 0x25, 0xff, 0xff, 0x08, 0x25,
0xff, 0xff, 0x08, 0x25, 0xff, 0xff, 0x08, 0x25, 0xff, 0xff, 0x08, 0x25, 0xff, 0xff, 0x08,
0x25, 0xff, 0xff, 0x08, 0x25, 0xff, 0xff, 0x08, 0x25, 0xff, 0xff, 0x08, 0x25, 0xff, 0xff,
0x08, 0x25, 0xff, 0xff, 0x08, 0x25, 0xff, 0xff, 0x08, 0x25, 0xff, 0xff, 0x08, 0x25, 0xff,
0xff, 0x08, 0x26, 0xff, 0xff, 0x06, 0x1d, 0xe2, 0x6e, 0xff, 0xff, 0xff, 0x00, 0xff, 0xff,
0xff, 0x00, 0xff, 0xff, 0xff, 0x00, 0xff, 0xff, 0xff, 0x00, 0xff, 0xff, 0xff, 0x00, 0xff,
0xff, 0xff, 0x00, 0xff, 0xff, 0xff, 0x00, 0xff, 0xff, 0xff, 0x00, 0xff, 0xff, 0xff, 0x00,
0xff, 0xff, 0xff, 0x00, 0xff, 0xff, 0xff, 0x00, 0xff, 0xff, 0xff, 0x00, 0xff, 0xff, 0xff,
0x00, 0xff, 0xff, 0xff, 0x00, 0xff, 0xff, 0xff, 0x00, 0x09, 0x27, 0xfe, 0xb1, 0x09, 0x28,
0xff, 0xff, 0x09, 0x27, 0xff, 0xff, 0x09, 0x27, 0xff, 0xff, 0x09, 0x27, 0xff, 0xff, 0x09,
0x27, 0xff, 0xff, 0x09, 0x27, 0xff, 0xff, 0x09, 0x27, 0xff, 0xff, 0x09, 0x27, 0xff, 0xff,
0x09, 0x27, 0xff, 0xff, 0x09, 0x27, 0xff, 0xff, 0x09, 0x27, 0xff, 0xff, 0x09, 0x27, 0xff,
0xff, 0x09, 0x27, 0xff, 0xff, 0x09, 0x27, 0xff, 0xff, 0x09, 0x27, 0xff, 0xff, 0x09, 0x27,
0xff, 0xff, 0x09, 0x27, 0xff, 0xff, 0x09, 0x27, 0xff, 0xff, 0x09, 0x27, 0xff, 0xff, 0x09,
0x27, 0xff, 0xff, 0x09, 0x27, 0xff, 0xff, 0x09, 0x27, 0xff, 0xff, 0x09, 0x27, 0xff, 0xff,
0x09, 0x27, 0xff, 0xff, 0x09, 0x27, 0xff, 0xff, 0x09, 0x27, 0xff, 0xff, 0x00, 0x1c, 0xff,
0xff, 0x50, 0x65, 0xff, 0xff, 0xff, 0xff, 0xff, 0xff, 0xff, 0xff, 0xff, 0xff, 0xff, 0xff,
0xff, 0xff, 0xff, 0xff, 0xff, 0xff, 0xff, 0xff, 0xff, 0xff, 0xff, 0xff, 0xff, 0xff, 0xff,
0xff, 0xff, 0xff, 0xff, 0xff, 0xff, 0xff, 0xff, 0xff, 0xff, 0xff, 0xff, 0xff, 0xff, 0xff,
0xff, 0xff, 0xff, 0xff, 0xff, 0xff, 0xff, 0xff, 0xff, 0xff, 0xff, 0xff, 0xff, 0xff, 0xff,
0xff, 0xff, 0xff, 0xff, 0xff, 0xff, 0xff, 0xff, 0xff, 0xff, 0xff, 0xff, 0xff, 0xff, 0xff,
0xff, 0xff, 0xff, 0xff, 0xff, 0xff, 0xff, 0xff, 0xff, 0xff, 0xff, 0xff, 0xff, 0xff, 0xff,
0xff, 0xff, 0xff, 0xff, 0xff, 0xff, 0xff, 0xff, 0xff, 0xff, 0xff, 0xff, 0xff, 0xff, 0xff,
0xff, 0xff, 0xff, 0xff, 0xff, 0xff, 0xff, 0xff, 0xff, 0xff, 0xff, 0xff, 0xff, 0xff, 0xff,
0xff, 0xff, 0xff, 0xff, 0xff, 0xff, 0xff, 0xff, 0xff, 0xff, 0xff, 0xff, 0xff, 0xff, 0xff,
0xff, 0xff, 0xff, 0xff, 0xff, 0xff, 0xff, 0xff, 0xff, 0xff, 0xff, 0xff, 0xff, 0xff, 0xff,
0xff, 0xff, 0xff, 0xff, 0xff, 0xff, 0xff, 0xff, 0xff, 0xff, 0xff, 0xff, 0xff, 0xff, 0xff,
0xff, 0xff, 0xff, 0xff, 0xff, 0xff, 0xff, 0xff, 0xff, 0xff, 0xff, 0xff, 0xff, 0xff, 0xff,
0xff, 0xff, 0xff, 0xff, 0xff, 0xff, 0xff, 0xff, 0xff, 0xff, 0xff, 0xff, 0xff, 0xff, 0xff,
0xff, 0xff, 0xff, 0xff, 0xff, 0xff, 0xff, 0xff, 0xff, 0xff, 0xff, 0xff, 0xff, 0xff, 0xff,
0xff, 0xff, 0xff, 0xff, 0xff, 0xff, 0xff, 0xff, 0xff, 0xff, 0xff, 0xff, 0xff, 0xff, 0xff,
0x5f, 0x72, 0xff, 0xff, 0x00, 0x1a, 0xff, 0xff, 0x09, 0x26, 0xff, 0xff, 0x09, 0x26, 0xff,
0xff, 0x09, 0x26, 0xff, 0xff, 0x09, 0x26, 0xff, 0xff, 0x09, 0x26, 0xff, 0xff, 0x09, 0x26,
0xff, 0xff, 0x09, 0x26, 0xff, 0xff, 0x09, 0x26, 0xff, 0xff, 0x09, 0x26, 0xff, 0xff, 0x09,
0x26, 0xff, 0xff, 0x09, 0x26, 0xff, 0xff, 0x09, 0x26, 0xff, 0xff, 0x09, 0x26, 0xff, 0xff,
0x09, 0x26, 0xff, 0xff, 0x09, 0x26, 0xff, 0xff, 0x09, 0x26, 0xff, 0xff, 0x09, 0x26, 0xff,
0xff, 0x08, 0x26, 0xff, 0xff, 0x08, 0x26, 0xff, 0xff, 0x08, 0x26, 0xff, 0xff, 0x08, 0x26,
0xff, 0xff, 0x08, 0x26, 0xff, 0xff, 0x08, 0x26, 0xff, 0xff, 0x08, 0x26, 0xff, 0xff, 0x08,
0x26, 0xff, 0xff, 0x08, 0x26, 0xff, 0xff, 0x07, 0x23, 0xf5, 0x99, 0xff, 0xff, 0xff, 0x00,
0xff, 0xff, 0xff, 0x00, 0xff, 0xff, 0xff, 0x00, 0xff, 0xff, 0xff, 0x00, 0xff, 0xff, 0xff,
0x00, 0xff, 0xff, 0xff, 0x00, 0xff, 0xff, 0xff, 0x00, 0xff, 0xff, 0xff, 0x00, 0xff, 0xff,
0xff, 0x00, 0xff, 0xff, 0xff, 0x00, 0xff, 0xff, 0xff, 0x00, 0xff, 0xff, 0xff, 0x00, 0xff,
0xff, 0xff, 0x00, 0xff, 0xff, 0xff, 0x00, 0xff, 0xff, 0xff, 0x00, 0x08, 0x27, 0xfc, 0xc7,
0x09, 0x28, 0xff, 0xff, 0x09, 0x28, 0xff, 0xff, 0x09, 0x28, 0xff, 0xff, 0x09, 0x28, 0xff,
0xff, 0x09, 0x28, 0xff, 0xff, 0x09, 0x28, 0xff, 0xff, 0x09, 0x28, 0xff, 0xff, 0x09, 0x28,
0xff, 0xff, 0x09, 0x28, 0xff, 0xff, 0x09, 0x28, 0xff, 0xff, 0x09, 0x28, 0xff, 0xff, 0x09,
0x28, 0xff, 0xff, 0x09, 0x28, 0xff, 0xff, 0x09, 0x28, 0xff, 0xff, 0x09, 0x28, 0xff, 0xff,
0x09, 0x28, 0xff, 0xff, 0x09, 0x28, 0xff, 0xff, 0x09, 0x28, 0xff, 0xff, 0x09, 0x28, 0xff,
0xff, 0x09, 0x28, 0xff, 0xff, 0x09, 0x28, 0xff, 0xff, 0x09, 0x28, 0xff, 0xff, 0x09, 0x28,
0xff, 0xff, 0x09, 0x28, 0xff, 0xff, 0x09, 0x28, 0xff, 0xff, 0x09, 0x28, 0xff, 0xff, 0x00,
0x1d, 0xff, 0xff, 0x50, 0x66, 0xff, 0xff, 0xff, 0xff, 0xff, 0xff, 0xff, 0xff, 0xff, 0xff,
0xff, 0xff, 0xff, 0xff, 0xff, 0xff, 0xff, 0xff, 0xff, 0xff, 0xff, 0xff, 0xff, 0xff, 0xff,
0xff, 0xff, 0xff, 0xff, 0xff, 0xff, 0xff, 0xff, 0xff, 0xff, 0xff, 0xff, 0xff, 0xff, 0xff,
0xff, 0xff, 0xff, 0xff, 0xff, 0xff, 0xff, 0xff, 0xff, 0xff, 0xff, 0xff, 0xff, 0xff, 0xff,
0xff, 0xff, 0xff, 0xff, 0xff, 0xff, 0xff, 0xff, 0xff, 0xff, 0xff, 0xff, 0xff, 0xff, 0xff,
0xff, 0xff, 0xff, 0xff, 0xff, 0xff, 0xff, 0xff, 0xff, 0xff, 0xff, 0xff, 0xff, 0xff, 0xff,
0xff, 0xff, 0xff, 0xff, 0xff, 0xff, 0xff, 0xff, 0xff, 0xff, 0xff, 0xff, 0xff, 0xff, 0xff,
0xff, 0xff, 0xff, 0xff, 0xff, 0xff, 0xff, 0xff, 0xff, 0xff, 0xff, 0xff, 0xff, 0xff, 0xff,
0xff, 0xff, 0xff, 0xff, 0xff, 0xff, 0xff, 0xff, 0xff, 0xff, 0xff, 0xff, 0xff, 0xff, 0xff,
0xff, 0xff, 0xff, 0xff, 0xff, 0xff, 0xff, 0xff, 0xff, 0xff, 0xff, 0xff, 0xff, 0xff, 0xff,
0xff, 0xff, 0xff, 0xff, 0xff, 0xff, 0xff, 0xff, 0xff, 0xff, 0xff, 0xff, 0xff, 0xff, 0xff,
0xff, 0xff, 0xff, 0xff, 0xff, 0xff, 0xff, 0xff, 0xff, 0xff, 0xff, 0xff, 0xff, 0xff, 0xff,
0xff, 0xff, 0xff, 0xff, 0xff, 0xff, 0xff, 0xff, 0xff, 0xff, 0xff, 0xff, 0xff, 0xff, 0xff,
0xff, 0xff, 0xff, 0xff, 0xff, 0xff, 0xff, 0xff, 0xff, 0xff, 0xff, 0xff, 0xff, 0xff, 0xff,
0xff, 0xff, 0xff, 0xff, 0xff, 0xff, 0xff, 0xff, 0xff, 0xff, 0xff, 0xff, 0xff, 0xff, 0xff,
0xff, 0xff, 0x60, 0x74, 0xff, 0xff, 0x00, 0x1b, 0xff, 0xff, 0x09, 0x27, 0xff, 0xff, 0x09,
0x27, 0xff, 0xff, 0x09, 0x27, 0xff, 0xff, 0x09, 0x27, 0xff, 0xff, 0x09, 0x27, 0xff, 0xff,
0x09, 0x27, 0xff, 0xff, 0x09, 0x27, 0xff, 0xff, 0x09, 0x27, 0xff, 0xff, 0x09, 0x27, 0xff,
0xff, 0x09, 0x27, 0xff, 0xff, 0x09, 0x27, 0xff, 0xff, 0x09, 0x27, 0xff, 0xff, 0x09, 0x27,
0xff, 0xff, 0x09, 0x27, 0xff, 0xff, 0x09, 0x27, 0xff, 0xff, 0x09, 0x27, 0xff, 0xff, 0x09,
0x27, 0xff, 0xff, 0x09, 0x27, 0xff, 0xff, 0x09, 0x27, 0xff, 0xff, 0x09, 0x27, 0xff, 0xff,
0x09, 0x27, 0xff, 0xff, 0x09, 0x27, 0xff, 0xff, 0x09, 0x27, 0xff, 0xff, 0x09, 0x27, 0xff,
0xff, 0x09, 0x27, 0xff, 0xff, 0x09, 0x27, 0xff, 0xff, 0x08, 0x24, 0xfc, 0xbb, 0xff, 0xff,
0xff, 0x00, 0xff, 0xff, 0xff, 0x00, 0xff, 0xff, 0xff, 0x00, 0xff, 0xff, 0xff, 0x00, 0xff,
0xff, 0xff, 0x00, 0xff, 0xff, 0xff, 0x00, 0xff, 0xff, 0xff, 0x00, 0xff, 0xff, 0xff, 0x00,
0xff, 0xff, 0xff, 0x00, 0xff, 0xff, 0xff, 0x00, 0xff, 0xff, 0xff, 0x00, 0xff, 0xff, 0xff,
0x00, 0xff, 0xff, 0xff, 0x00, 0xff, 0xff, 0xff, 0x00, 0xff, 0xff, 0xff, 0x00, 0x09, 0x29,
0xff, 0xd4, 0x09, 0x29, 0xff, 0xff, 0x09, 0x29, 0xff, 0xff, 0x09, 0x29, 0xff, 0xff, 0x09,
0x29, 0xff, 0xff, 0x09, 0x29, 0xff, 0xff, 0x09, 0x29, 0xff, 0xff, 0x09, 0x29, 0xff, 0xff,
0x09, 0x29, 0xff, 0xff, 0x09, 0x29, 0xff, 0xff, 0x09, 0x29, 0xff, 0xff, 0x09, 0x29, 0xff,
0xff, 0x09, 0x29, 0xff, 0xff, 0x09, 0x29, 0xff, 0xff, 0x09, 0x29, 0xff, 0xff, 0x09, 0x29,
0xff, 0xff, 0x09, 0x29, 0xff, 0xff, 0x09, 0x29, 0xff, 0xff, 0x09, 0x29, 0xff, 0xff, 0x09,
0x29, 0xff, 0xff, 0x09, 0x29, 0xff, 0xff, 0x09, 0x29, 0xff, 0xff, 0x09, 0x29, 0xff, 0xff,
0x09, 0x29, 0xff, 0xff, 0x09, 0x29, 0xff, 0xff, 0x09, 0x29, 0xff, 0xff, 0x09, 0x29, 0xff,
0xff, 0x00, 0x1e, 0xff, 0xff, 0x50, 0x67, 0xff, 0xff, 0xff, 0xff, 0xff, 0xff, 0xff, 0xff,
0xff, 0xff, 0xff, 0xff, 0xff, 0xff, 0xff, 0xff, 0xff, 0xff, 0xff, 0xff, 0xff, 0xff, 0xff,
0xff, 0xff, 0xff, 0xff, 0xff, 0xff, 0xff, 0xff, 0xff, 0xff, 0xff, 0xff, 0xff, 0xff, 0xff,
0xff, 0xff, 0xff, 0xff, 0xff, 0xff, 0xff, 0xff, 0xff, 0xff, 0xff, 0xff, 0xff, 0xff, 0xff,
0xff, 0xff, 0xff, 0xff, 0xff, 0xff, 0xff, 0xff, 0xff, 0xff, 0xff, 0xff, 0xff, 0xff, 0xff,
0xff, 0xff, 0xff, 0xff, 0xff, 0xff, 0xff, 0xff, 0xff, 0xff, 0xff, 0xff, 0xff, 0xff, 0xff,
0xff, 0xff, 0xff, 0xff, 0xff, 0xff, 0xff, 0xff, 0xff, 0xff, 0xff, 0xff, 0xff, 0xff, 0xff,
0xff, 0xff, 0xff, 0xff, 0xff, 0xff, 0xff, 0xff, 0xff, 0xff, 0xff, 0xff, 0xff, 0xff, 0xff,
0xff, 0xff, 0xff, 0xff, 0xff, 0xff, 0xff, 0xff, 0xff, 0xff, 0xff, 0xff, 0xff, 0xff, 0xff,
0xff, 0xff, 0xff, 0xff, 0xff, 0xff, 0xff, 0xff, 0xff, 0xff, 0xff, 0xff, 0xff, 0xff, 0xff,
0xff, 0xff, 0xff, 0xff, 0xff, 0xff, 0xff, 0xff, 0xff, 0xff, 0xff, 0xff, 0xff, 0xff, 0xff,
0xff, 0xff, 0xff, 0xff, 0xfe, 0xfe, 0xff, 0xff, 0xff, 0xff, 0xff, 0xff, 0xff, 0xff, 0xff,
0xff, 0xff, 0xff, 0xff, 0xff, 0xff, 0xff, 0xff, 0xff, 0xff, 0xff, 0xff, 0xff, 0xff, 0xff,
0xff, 0xff, 0xff, 0xff, 0xff, 0xff, 0xff, 0xff, 0xff, 0xff, 0xff, 0xff, 0xff, 0xff, 0xff,
0xff, 0xff, 0xff, 0xff, 0xff, 0xff, 0xff, 0xff, 0xff, 0xff, 0xff, 0xff, 0xff, 0xff, 0xff,
0xff, 0xff, 0xff, 0xff, 0x61, 0x75, 0xff, 0xff, 0x00, 0x1c, 0xff, 0xff, 0x09, 0x28, 0xff,
0xff, 0x09, 0x28, 0xff, 0xff, 0x09, 0x28, 0xff, 0xff, 0x09, 0x28, 0xff, 0xff, 0x09, 0x28,
0xff, 0xff, 0x09, 0x28, 0xff, 0xff, 0x09, 0x28, 0xff, 0xff, 0x09, 0x28, 0xff, 0xff, 0x09,
0x28, 0xff, 0xff, 0x09, 0x28, 0xff, 0xff, 0x09, 0x28, 0xff, 0xff, 0x09, 0x28, 0xff, 0xff,
0x09, 0x28, 0xff, 0xff, 0x09, 0x28, 0xff, 0xff, 0x09, 0x28, 0xff, 0xff, 0x09, 0x28, 0xff,
0xff, 0x09, 0x28, 0xff, 0xff, 0x09, 0x28, 0xff, 0xff, 0x09, 0x28, 0xff, 0xff, 0x09, 0x28,
0xff, 0xff, 0x09, 0x28, 0xff, 0xff, 0x09, 0x28, 0xff, 0xff, 0x09, 0x28, 0xff, 0xff, 0x09,
0x28, 0xff, 0xff, 0x09, 0x28, 0xff, 0xff, 0x09, 0x27, 0xff, 0xff, 0x09, 0x27, 0xff, 0xca,
0xff, 0xff, 0xff, 0x00, 0xff, 0xff, 0xff, 0x00, 0xff, 0xff, 0xff, 0x00, 0xff, 0xff, 0xff,
0x00, 0xff, 0xff, 0xff, 0x00, 0xff, 0xff, 0xff, 0x00, 0xff, 0xff, 0xff, 0x00, 0xff, 0xff,
0xff, 0x00, 0xff, 0xff, 0xff, 0x00, 0xff, 0xff, 0xff, 0x00, 0xff, 0xff, 0xff, 0x00, 0xff,
0xff, 0xff, 0x00, 0xff, 0xff, 0xff, 0x00, 0xff, 0xff, 0xff, 0x00, 0xff, 0xff, 0xff, 0x00,
0x09, 0x29, 0xff, 0xdb, 0x09, 0x29, 0xff, 0xff, 0x09, 0x29, 0xff, 0xff, 0x09, 0x29, 0xff,
0xff, 0x09, 0x29, 0xff, 0xff, 0x09, 0x29, 0xff, 0xff, 0x09, 0x29, 0xff, 0xff, 0x09, 0x29,
0xff, 0xff, 0x09, 0x29, 0xff, 0xff, 0x09, 0x29, 0xff, 0xff, 0x09, 0x29, 0xff, 0xff, 0x09,
0x29, 0xff, 0xff, 0x09, 0x29, 0xff, 0xff, 0x09, 0x29, 0xff, 0xff, 0x09, 0x29, 0xff, 0xff,
0x09, 0x29, 0xff, 0xff, 0x09, 0x29, 0xff, 0xff, 0x09, 0x29, 0xff, 0xff, 0x09, 0x29, 0xff,
0xff, 0x09, 0x29, 0xff, 0xff, 0x09, 0x29, 0xff, 0xff, 0x09, 0x29, 0xff, 0xff, 0x09, 0x29,
0xff, 0xff, 0x09, 0x29, 0xff, 0xff, 0x09, 0x29, 0xff, 0xff, 0x09, 0x29, 0xff, 0xff, 0x09,
0x29, 0xff, 0xff, 0x00, 0x1f, 0xff, 0xff, 0x50, 0x67, 0xff, 0xff, 0xff, 0xff, 0xff, 0xff,
0xff, 0xff, 0xff, 0xff, 0xff, 0xff, 0xff, 0xff, 0xff, 0xff, 0xff, 0xff, 0xff, 0xff, 0xff,
0xff, 0xff, 0xff, 0xff, 0xff, 0xff, 0xff, 0xff, 0xff, 0xff, 0xff, 0xff, 0xff, 0xff, 0xff,
0xff, 0xff, 0xff, 0xff, 0xff, 0xff, 0xff, 0xff, 0xff, 0xff, 0xff, 0xff, 0xff, 0xff, 0xff,
0xff, 0xff, 0xff, 0xff, 0xff, 0xff, 0xff, 0xfe, 0xfe, 0xff, 0xff, 0x87, 0x96, 0xff, 0xff,
0x40, 0x56, 0xff, 0xff, 0x48, 0x60, 0xff, 0xff, 0x48, 0x60, 0xff, 0xff, 0x45, 0x5d, 0xff,
0xff, 0x55, 0x6b, 0xff, 0xff, 0xed, 0xef, 0xff, 0xff, 0xff, 0xff, 0xff, 0xff, 0xff, 0xff,
0xff, 0xff, 0xff, 0xff, 0xff, 0xff, 0xff, 0xff, 0xff, 0xff, 0xff, 0xff, 0xff, 0xff, 0xff,
0xff, 0xff, 0xff, 0xff, 0xff, 0xff, 0xff, 0xff, 0xff, 0xff, 0xff, 0xff, 0xff, 0xff, 0xff,
0xff, 0xff, 0xff, 0xff, 0xff, 0xff, 0xff, 0xff, 0xff, 0xff, 0xff, 0xff, 0x96, 0xa4, 0xff,
0xff, 0x41, 0x57, 0xff, 0xff, 0x48, 0x60, 0xff, 0xff, 0x48, 0x60, 0xff, 0xff, 0x42, 0x59,
0xff, 0xff, 0x62, 0x77, 0xff, 0xff, 0xf6, 0xf7, 0xff, 0xff, 0xff, 0xff, 0xff, 0xff, 0xff,
0xff, 0xff, 0xff, 0xff, 0xff, 0xff, 0xff, 0xff, 0xff, 0xff, 0xff, 0xff, 0xff, 0xff, 0xff,
0xff, 0xff, 0xff, 0xff, 0xff, 0xff, 0xff, 0xff, 0xff, 0xff, 0xff, 0xff, 0xff, 0xff, 0xff,
0xff, 0xff, 0xff, 0xff, 0xff, 0xff, 0xff, 0xff, 0xff, 0xff, 0xff, 0xff, 0xff, 0xff, 0xff,
0xff, 0xff, 0xff, 0xff, 0xff, 0xff, 0x62, 0x77, 0xff, 0xff, 0x00, 0x1d, 0xff, 0xff, 0x09,
0x29, 0xff, 0xff, 0x09, 0x29, 0xff, 0xff, 0x09, 0x29, 0xff, 0xff, 0x09, 0x29, 0xff, 0xff,
0x09, 0x29, 0xff, 0xff, 0x09, 0x29, 0xff, 0xff, 0x09, 0x29, 0xff, 0xff, 0x09, 0x29, 0xff,
0xff, 0x09, 0x29, 0xff, 0xff, 0x09, 0x29, 0xff, 0xff, 0x09, 0x29, 0xff, 0xff, 0x09, 0x29,
0xff, 0xff, 0x09, 0x29, 0xff, 0xff, 0x09, 0x29, 0xff, 0xff, 0x09, 0x29, 0xff, 0xff, 0x09,
0x28, 0xff, 0xff, 0x09, 0x28, 0xff, 0xff, 0x09, 0x28, 0xff, 0xff, 0x09, 0x28, 0xff, 0xff,
0x09, 0x28, 0xff, 0xff, 0x09, 0x28, 0xff, 0xff, 0x09, 0x28, 0xff, 0xff, 0x09, 0x28, 0xff,
0xff, 0x09, 0x28, 0xff, 0xff, 0x09, 0x28, 0xff, 0xff, 0x09, 0x29, 0xff, 0xff, 0x08, 0x27,
0xf7, 0xd3, 0xff, 0xff, 0xff, 0x00, 0xff, 0xff, 0xff, 0x00, 0xff, 0xff, 0xff, 0x00, 0xff,
0xff, 0xff, 0x00, 0xff, 0xff, 0xff, 0x00, 0xff, 0xff, 0xff, 0x00, 0xff, 0xff, 0xff, 0x00,
0xff, 0xff, 0xff, 0x00, 0xff, 0xff, 0xff, 0x00, 0xff, 0xff, 0xff, 0x00, 0xff, 0xff, 0xff,
0x00, 0xff, 0xff, 0xff, 0x00, 0xff, 0xff, 0xff, 0x00, 0xff, 0xff, 0xff, 0x00, 0xff, 0xff,
0xff, 0x00, 0x09, 0x2a, 0xff, 0xdc, 0x09, 0x2a, 0xff, 0xff, 0x09, 0x2a, 0xff, 0xff, 0x09,
0x2a, 0xff, 0xff, 0x09, 0x2a, 0xff, 0xff, 0x09, 0x2a, 0xff, 0xff, 0x09, 0x2a, 0xff, 0xff,
0x09, 0x2a, 0xff, 0xff, 0x09, 0x2a, 0xff, 0xff, 0x09, 0x2a, 0xff, 0xff, 0x09, 0x2a, 0xff,
0xff, 0x09, 0x2a, 0xff, 0xff, 0x09, 0x2a, 0xff, 0xff, 0x09, 0x2a, 0xff, 0xff, 0x09, 0x2a,
0xff, 0xff, 0x09, 0x2a, 0xff, 0xff, 0x09, 0x2a, 0xff, 0xff, 0x09, 0x2a, 0xff, 0xff, 0x09,
0x2a, 0xff, 0xff, 0x09, 0x2a, 0xff, 0xff, 0x09, 0x2a, 0xff, 0xff, 0x09, 0x2a, 0xff, 0xff,
0x09, 0x2a, 0xff, 0xff, 0x09, 0x2a, 0xff, 0xff, 0x09, 0x2a, 0xff, 0xff, 0x09, 0x2a, 0xff,
0xff, 0x09, 0x2a, 0xff, 0xff, 0x00, 0x20, 0xff, 0xff, 0x51, 0x68, 0xff, 0xff, 0xff, 0xff,
0xff, 0xff, 0xff, 0xff, 0xff, 0xff, 0xff, 0xff, 0xff, 0xff, 0xff, 0xff, 0xff, 0xff, 0xff,
0xff, 0xff, 0xff, 0xff, 0xff, 0xff, 0xff, 0xff, 0xff, 0xff, 0xff, 0xff, 0xff, 0xff, 0xff,
0xff, 0xff, 0xff, 0xff, 0xff, 0xff, 0xff, 0xff, 0xff, 0xff, 0xff, 0xff, 0xff, 0xff, 0xff,
0xff, 0xff, 0xff, 0xff, 0xff, 0xff, 0xff, 0xff, 0xff, 0xff, 0xff, 0xff, 0xff, 0xc9, 0xd0,
0xff, 0xff, 0x00, 0x1d, 0xff, 0xff, 0x00, 0x1d, 0xff, 0xff, 0x00, 0x20, 0xff, 0xff, 0x00,
0x20, 0xff, 0xff, 0x00, 0x14, 0xff, 0xff, 0x99, 0xa6, 0xff, 0xff, 0xff, 0xff, 0xff, 0xff,
0xff, 0xff, 0xff, 0xff, 0xff, 0xff, 0xff, 0xff, 0xff, 0xff, 0xff, 0xff, 0xff, 0xff, 0xff,
0xff, 0xff, 0xff, 0xff, 0xff, 0xff, 0xff, 0xff, 0xff, 0xff, 0xff, 0xff, 0xff, 0xff, 0xff,
0xff, 0xff, 0xff, 0xff, 0xff, 0xff, 0xff, 0xff, 0xff, 0xff, 0xdf, 0xe3, 0xff, 0xff, 0x11,
0x30, 0xff, 0xff, 0x00, 0x1b, 0xff, 0xff, 0x00, 0x1f, 0xff, 0xff, 0x00, 0x1f, 0xff, 0xff,
0x00, 0x14, 0xff, 0xff, 0x9e, 0xaa, 0xff, 0xff, 0xff, 0xff, 0xff, 0xff, 0xff, 0xff, 0xff,
0xff, 0xff, 0xff, 0xff, 0xff, 0xff, 0xff, 0xff, 0xff, 0xff, 0xff, 0xff, 0xff, 0xff, 0xff,
0xff, 0xff, 0xff, 0xff, 0xff, 0xff, 0xff, 0xff, 0xff, 0xff, 0xff, 0xff, 0xff, 0xff, 0xff,
0xff, 0xff, 0xff, 0xff, 0xff, 0xff, 0xff, 0xff, 0xff, 0xff, 0xff, 0xff, 0xff, 0xff, 0xff,
0xff, 0xff, 0xff, 0xff, 0xff, 0xff, 0xff, 0xff, 0x63, 0x77, 0xff, 0xff, 0x00, 0x1d, 0xff,
0xff, 0x09, 0x29, 0xff, 0xff, 0x09, 0x29, 0xff, 0xff, 0x09, 0x29, 0xff, 0xff, 0x09, 0x29,
0xff, 0xff, 0x09, 0x29, 0xff, 0xff, 0x09, 0x29, 0xff, 0xff, 0x09, 0x29, 0xff, 0xff, 0x09,
0x29, 0xff, 0xff, 0x09, 0x29, 0xff, 0xff, 0x09, 0x29, 0xff, 0xff, 0x09, 0x29, 0xff, 0xff,
0x09, 0x29, 0xff, 0xff, 0x09, 0x29, 0xff, 0xff, 0x09, 0x29, 0xff, 0xff, 0x09, 0x29, 0xff,
0xff, 0x09, 0x29, 0xff, 0xff, 0x09, 0x29, 0xff, 0xff, 0x09, 0x29, 0xff, 0xff, 0x09, 0x29,
0xff, 0xff, 0x09, 0x29, 0xff, 0xff, 0x09, 0x29, 0xff, 0xff, 0x09, 0x29, 0xff, 0xff, 0x09,
0x29, 0xff, 0xff, 0x09, 0x29, 0xff, 0xff, 0x09, 0x29, 0xff, 0xff, 0x09, 0x29, 0xff, 0xff,
0x09, 0x29, 0xfd, 0xdb, 0xff, 0xff, 0xff, 0x00, 0xff, 0xff, 0xff, 0x00, 0xff, 0xff, 0xff,
0x00, 0xff, 0xff, 0xff, 0x00, 0xff, 0xff, 0xff, 0x00, 0xff, 0xff, 0xff, 0x00, 0xff, 0xff,
0xff, 0x00, 0xff, 0xff, 0xff, 0x00, 0xff, 0xff, 0xff, 0x00, 0xff, 0xff, 0xff, 0x00, 0xff,
0xff, 0xff, 0x00, 0xff, 0xff, 0xff, 0x00, 0xff, 0xff, 0xff, 0x00, 0xff, 0xff, 0xff, 0x00,
0xff, 0xff, 0xff, 0x00, 0x09, 0x2a, 0xff, 0xdc, 0x09, 0x2a, 0xff, 0xff, 0x09, 0x2a, 0xff,
0xff, 0x09, 0x2a, 0xff, 0xff, 0x09, 0x2a, 0xff, 0xff, 0x09, 0x2a, 0xff, 0xff, 0x09, 0x2a,
0xff, 0xff, 0x09, 0x2a, 0xff, 0xff, 0x09, 0x2a, 0xff, 0xff, 0x09, 0x2a, 0xff, 0xff, 0x09,
0x2a, 0xff, 0xff, 0x09, 0x2a, 0xff, 0xff, 0x09, 0x2a, 0xff, 0xff, 0x09, 0x2a, 0xff, 0xff,
0x09, 0x2a, 0xff, 0xff, 0x09, 0x2a, 0xff, 0xff, 0x09, 0x2a, 0xff, 0xff, 0x09, 0x2a, 0xff,
0xff, 0x09, 0x2a, 0xff, 0xff, 0x09, 0x2a, 0xff, 0xff, 0x09, 0x2a, 0xff, 0xff, 0x09, 0x2a,
0xff, 0xff, 0x09, 0x2a, 0xff, 0xff, 0x09, 0x2a, 0xff, 0xff, 0x09, 0x2a, 0xff, 0xff, 0x09,
0x2a, 0xff, 0xff, 0x09, 0x2a, 0xff, 0xff, 0x00, 0x20, 0xff, 0xff, 0x51, 0x68, 0xff, 0xff,
0xff, 0xff, 0xff, 0xff, 0xff, 0xff, 0xff, 0xff, 0xff, 0xff, 0xff, 0xff, 0xff, 0xff, 0xff,
0xff, 0xff, 0xff, 0xff, 0xff, 0xff, 0xff, 0xff, 0xff, 0xff, 0xff, 0xff, 0xff, 0xff, 0xff,
0xff, 0xff, 0xff, 0xff, 0xff, 0xff, 0xff, 0xff, 0xff, 0xff, 0xff, 0xff, 0xff, 0xff, 0xff,
0xff, 0xff, 0xff, 0xff, 0xff, 0xff, 0xff, 0xff, 0xff, 0xff, 0xff, 0xff, 0xff, 0xff, 0xff,
0xff, 0xff, 0xff, 0xff, 0x66, 0x7b, 0xff, 0xff, 0x00, 0x1f, 0xff, 0xff, 0x09, 0x2a, 0xff,
0xff, 0x09, 0x2a, 0xff, 0xff, 0x02, 0x23, 0xff, 0xff, 0x30, 0x4c, 0xff, 0xff, 0xf4, 0xf6,
0xff, 0xff, 0xff, 0xff, 0xff, 0xff, 0xff, 0xff, 0xff, 0xff, 0xff, 0xff, 0xff, 0xff, 0xff,
0xff, 0xff, 0xff, 0xff, 0xff, 0xff, 0xff, 0xff, 0xff, 0xff, 0xff, 0xff, 0xff, 0xff, 0xff,
0xff, 0xff, 0xff, 0xff, 0xff, 0xff, 0xff, 0xff, 0xff, 0xff, 0xff, 0xff, 0x86, 0x96, 0xff,
0xff, 0x00, 0x1c, 0xff, 0xff, 0x09, 0x2a, 0xff, 0xff, 0x09, 0x2a, 0xff, 0xff, 0x00, 0x21,
0xff, 0xff, 0x36, 0x51, 0xff, 0xff, 0xfa, 0xfa, 0xff, 0xff, 0xff, 0xff, 0xff, 0xff, 0xff,
0xff, 0xff, 0xff, 0xff, 0xff, 0xff, 0xff, 0xff, 0xff, 0xff, 0xff, 0xff, 0xff, 0xff, 0xff,
0xff, 0xff, 0xff, 0xff, 0xff, 0xff, 0xff, 0xff, 0xff, 0xff, 0xff, 0xff, 0xff, 0xff, 0xff,
0xff, 0xff, 0xff, 0xff, 0xff, 0xff, 0xff, 0xff, 0xff, 0xff, 0xff, 0xff, 0xff, 0xff, 0xff,
0xff, 0xff, 0xff, 0xff, 0xff, 0xff, 0xff, 0xff, 0xff, 0xff, 0x64, 0x78, 0xff, 0xff, 0x00,
0x1e, 0xff, 0xff, 0x09, 0x2a, 0xff, 0xff, 0x09, 0x2a, 0xff, 0xff, 0x09, 0x2a, 0xff, 0xff,
0x09, 0x2a, 0xff, 0xff, 0x09, 0x2a, 0xff, 0xff, 0x09, 0x2a, 0xff, 0xff, 0x09, 0x2a, 0xff,
0xff, 0x09, 0x2a, 0xff, 0xff, 0x09, 0x29, 0xff, 0xff, 0x09, 0x29, 0xff, 0xff, 0x09, 0x29,
0xff, 0xff, 0x09, 0x29, 0xff, 0xff, 0x09, 0x29, 0xff, 0xff, 0x09, 0x29, 0xff, 0xff, 0x09,
0x29, 0xff, 0xff, 0x09, 0x2a, 0xff, 0xff, 0x09, 0x2a, 0xff, 0xff, 0x09, 0x2a, 0xff, 0xff,
0x09, 0x2a, 0xff, 0xff, 0x09, 0x2a, 0xff, 0xff, 0x09, 0x29, 0xff, 0xff, 0x09, 0x29, 0xff,
0xff, 0x09, 0x29, 0xff, 0xff, 0x09, 0x29, 0xff, 0xff, 0x09, 0x29, 0xff, 0xff, 0x09, 0x29,
0xff, 0xff, 0x09, 0x29, 0xff, 0xe0, 0xff, 0xff, 0xff, 0x00, 0xff, 0xff, 0xff, 0x00, 0xff,
0xff, 0xff, 0x00, 0xff, 0xff, 0xff, 0x00, 0xff, 0xff, 0xff, 0x00, 0xff, 0xff, 0xff, 0x00,
0xff, 0xff, 0xff, 0x00, 0xff, 0xff, 0xff, 0x00, 0xff, 0xff, 0xff, 0x00, 0xff, 0xff, 0xff,
0x00, 0xff, 0xff, 0xff, 0x00, 0xff, 0xff, 0xff, 0x00, 0xff, 0xff, 0xff, 0x00, 0xff, 0xff,
0xff, 0x00, 0xff, 0xff, 0xff, 0x00, 0x0a, 0x2b, 0xff, 0xdc, 0x0a, 0x2b, 0xff, 0xff, 0x0a,
0x2b, 0xff, 0xff, 0x0a, 0x2b, 0xff, 0xff, 0x0a, 0x2b, 0xff, 0xff, 0x0a, 0x2b, 0xff, 0xff,
0x0a, 0x2b, 0xff, 0xff, 0x0a, 0x2b, 0xff, 0xff, 0x0a, 0x2b, 0xff, 0xff, 0x0a, 0x2b, 0xff,
0xff, 0x0a, 0x2b, 0xff, 0xff, 0x0a, 0x2b, 0xff, 0xff, 0x0a, 0x2b, 0xff, 0xff, 0x0a, 0x2b,
0xff, 0xff, 0x0a, 0x2b, 0xff, 0xff, 0x0a, 0x2b, 0xff, 0xff, 0x0a, 0x2b, 0xff, 0xff, 0x0a,
0x2b, 0xff, 0xff, 0x0a, 0x2b, 0xff, 0xff, 0x0a, 0x2b, 0xff, 0xff, 0x0a, 0x2b, 0xff, 0xff,
0x0a, 0x2b, 0xff, 0xff, 0x0a, 0x2b, 0xff, 0xff, 0x0a, 0x2b, 0xff, 0xff, 0x0a, 0x2b, 0xff,
0xff, 0x0a, 0x2b, 0xff, 0xff, 0x0a, 0x2b, 0xff, 0xff, 0x00, 0x21, 0xff, 0xff, 0x51, 0x69,
0xff, 0xff, 0xff, 0xff, 0xff, 0xff, 0xff, 0xff, 0xff, 0xff, 0xff, 0xff, 0xff, 0xff, 0xff,
0xff, 0xff, 0xff, 0xff, 0xff, 0xff, 0xff, 0xff, 0xff, 0xff, 0xff, 0xff, 0xff, 0xff, 0xff,
0xff, 0xff, 0xff, 0xff, 0xff, 0xff, 0xff, 0xff, 0xff, 0xff, 0xff, 0xff, 0xff, 0xff, 0xff,
0xff, 0xff, 0xff, 0xff, 0xff, 0xff, 0xff, 0xff, 0xff, 0xff, 0xff, 0xff, 0xff, 0xff, 0xff,
0xff, 0xff, 0xff, 0xff, 0xff, 0xff, 0xed, 0xf0, 0xff, 0xff, 0x1b, 0x3a, 0xff, 0xff, 0x03,
0x25, 0xff, 0xff, 0x09, 0x2b, 0xff, 0xff, 0x09, 0x2b, 0xff, 0xff, 0x00, 0x1c, 0xff, 0xff,
0x91, 0xa0, 0xff, 0xff, 0xff, 0xff, 0xff, 0xff, 0xff, 0xff, 0xff, 0xff, 0xff, 0xff, 0xff,
0xff, 0xff, 0xff, 0xff, 0xff, 0xff, 0xff, 0xff, 0xff, 0xff, 0xff, 0xff, 0xff, 0xff, 0xff,
0xff, 0xff, 0xff, 0xff, 0xff, 0xff, 0xff, 0xff, 0xff, 0xff, 0xe3, 0xe7, 0xff, 0xff, 0x1c,
0x3a, 0xff, 0xff, 0x05, 0x26, 0xff, 0xff, 0x09, 0x2a, 0xff, 0xff, 0x06, 0x28, 0xff, 0xff,
0x08, 0x29, 0xff, 0xff, 0xca, 0xd2, 0xff, 0xff, 0xff, 0xff, 0xff, 0xff, 0xff, 0xff, 0xff,
0xff, 0xff, 0xff, 0xff, 0xff, 0xff, 0xff, 0xff, 0xff, 0xff, 0xff, 0xff, 0xff, 0xff, 0xff,
0xff, 0xff, 0xff, 0xff, 0xff, 0xff, 0xff, 0xff, 0xff, 0xff, 0xff, 0xff, 0xff, 0xff, 0xff,
0xff, 0xff, 0xff, 0xff, 0xff, 0xff, 0xff, 0xff, 0xff, 0xff, 0xff, 0xff, 0xff, 0xff, 0xff,
0xff, 0xff, 0xff, 0xff, 0xff, 0xff, 0xff, 0xff, 0xff, 0xff, 0xff, 0xff, 0x65, 0x7a, 0xff,
0xff, 0x00, 0x1e, 0xff, 0xff, 0x09, 0x2a, 0xff, 0xff, 0x09, 0x2a, 0xff, 0xff, 0x09, 0x2a,
0xff, 0xff, 0x09, 0x2a, 0xff, 0xff, 0x09, 0x2a, 0xff, 0xff, 0x09, 0x2a, 0xff, 0xff, 0x09,
0x2a, 0xff, 0xff, 0x09, 0x2a, 0xff, 0xff, 0x09, 0x2a, 0xff, 0xff, 0x09, 0x2a, 0xff, 0xff,
0x09, 0x2a, 0xff, 0xff, 0x09, 0x2a, 0xff, 0xff, 0x09, 0x2a, 0xff, 0xff, 0x09, 0x2a, 0xff,
0xff, 0x09, 0x2a, 0xff, 0xff, 0x09, 0x2a, 0xff, 0xff, 0x09, 0x2a, 0xff, 0xff, 0x09, 0x2a,
0xff, 0xff, 0x09, 0x2a, 0xff, 0xff, 0x09, 0x2a, 0xff, 0xff, 0x09, 0x2a, 0xff, 0xff, 0x09,
0x2a, 0xff, 0xff, 0x09, 0x2a, 0xff, 0xff, 0x09, 0x2a, 0xff, 0xff, 0x09, 0x2a, 0xff, 0xff,
0x09, 0x2a, 0xff, 0xff, 0x09, 0x2a, 0xff, 0xe3, 0xff, 0xff, 0xff, 0x00, 0xff, 0xff, 0xff,
0x00, 0xff, 0xff, 0xff, 0x00, 0xff, 0xff, 0xff, 0x00, 0xff, 0xff, 0xff, 0x00, 0xff, 0xff,
0xff, 0x00, 0xff, 0xff, 0xff, 0x00, 0xff, 0xff, 0xff, 0x00, 0xff, 0xff, 0xff, 0x00, 0xff,
0xff, 0xff, 0x00, 0xff, 0xff, 0xff, 0x00, 0xff, 0xff, 0xff, 0x00, 0xff, 0xff, 0xff, 0x00,
0xff, 0xff, 0xff, 0x00, 0xff, 0xff, 0xff, 0x00, 0x0a, 0x2c, 0xff, 0xdc, 0x0a, 0x2c, 0xff,
0xff, 0x0a, 0x2c, 0xff, 0xff, 0x0a, 0x2c, 0xff, 0xff, 0x0a, 0x2b, 0xff, 0xff, 0x0a, 0x2b,
0xff, 0xff, 0x0a, 0x2b, 0xff, 0xff, 0x0a, 0x2b, 0xff, 0xff, 0x0a, 0x2c, 0xff, 0xff, 0x0a,
0x2c, 0xff, 0xff, 0x0a, 0x2c, 0xff, 0xff, 0x0a, 0x2c, 0xff, 0xff, 0x0a, 0x2c, 0xff, 0xff,
0x0a, 0x2c, 0xff, 0xff, 0x0a, 0x2c, 0xff, 0xff, 0x0a, 0x2c, 0xff, 0xff, 0x0a, 0x2b, 0xff,
0xff, 0x0a, 0x2b, 0xff, 0xff, 0x0a, 0x2b, 0xff, 0xff, 0x0a, 0x2b, 0xff, 0xff, 0x0a, 0x2b,
0xff, 0xff, 0x0a, 0x2b, 0xff, 0xff, 0x0a, 0x2b, 0xff, 0xff, 0x0a, 0x2b, 0xff, 0xff, 0x0a,
0x2b, 0xff, 0xff, 0x0a, 0x2b, 0xff, 0xff, 0x0a, 0x2b, 0xff, 0xff, 0x00, 0x21, 0xff, 0xff,
0x52, 0x6a, 0xff, 0xff, 0xff, 0xff, 0xff, 0xff, 0xff, 0xff, 0xff, 0xff, 0xff, 0xff, 0xff,
0xff, 0xff, 0xff, 0xff, 0xff, 0xff, 0xff, 0xff, 0xff, 0xff, 0xff, 0xff, 0xff, 0xff, 0xff,
0xff, 0xff, 0xff, 0xff, 0xff, 0xff, 0xff, 0xff, 0xff, 0xff, 0xff, 0xff, 0xff, 0xff, 0xff,
0xff, 0xff, 0xff, 0xff, 0xff, 0xff, 0xff, 0xff, 0xff, 0xff, 0xff, 0xff, 0xff, 0xff, 0xff,
0xff, 0xff, 0xff, 0xff, 0xff, 0xff, 0xff, 0xff, 0xff, 0xff, 0xff, 0xff, 0x8c, 0x9c, 0xff,
0xff, 0x00, 0x20, 0xff, 0xff, 0x0a, 0x2b, 0xff, 0xff, 0x0a, 0x2b, 0xff, 0xff, 0x02, 0x23,
0xff, 0xff, 0x34, 0x4f, 0xff, 0xff, 0xf7, 0xf8, 0xff, 0xff, 0xff, 0xff, 0xff, 0xff, 0xff,
0xff, 0xff, 0xff, 0xff, 0xff, 0xff, 0xff, 0xff, 0xff, 0xff, 0xff, 0xff, 0xff, 0xff, 0xff,
0xff, 0xff, 0xff, 0xff, 0xff, 0xff, 0xff, 0xff, 0xff, 0xff, 0xff, 0xff, 0x76, 0x89, 0xff,
0xff, 0x00, 0x1c, 0xff, 0xff, 0x0a, 0x2b, 0xff, 0xff, 0x0a, 0x2b, 0xff, 0xff, 0x00, 0x1f,
0xff, 0xff, 0x5d, 0x73, 0xff, 0xff, 0xff, 0xff, 0xff, 0xff, 0xff, 0xff, 0xff, 0xff, 0xff,
0xff, 0xff, 0xff, 0xff, 0xff, 0xff, 0xff, 0xff, 0xff, 0xff, 0xff, 0xff, 0xff, 0xff, 0xff,
0xff, 0xff, 0xff, 0xff, 0xff, 0xff, 0xff, 0xff, 0xff, 0xff, 0xff, 0xff, 0xff, 0xff, 0xff,
0xff, 0xff, 0xff, 0xff, 0xff, 0xff, 0xff, 0xff, 0xff, 0xff, 0xff, 0xff, 0xff, 0xff, 0xff,
0xff, 0xff, 0xff, 0xff, 0xff, 0xff, 0xff, 0xff, 0xff, 0xff, 0xff, 0xff, 0xff, 0xff, 0x66,
0x7b, 0xff, 0xff, 0x00, 0x1f, 0xff, 0xff, 0x0a, 0x2b, 0xff, 0xff, 0x0a, 0x2b, 0xff, 0xff,
0x0a, 0x2b, 0xff, 0xff, 0x0a, 0x2b, 0xff, 0xff, 0x0a, 0x2b, 0xff, 0xff, 0x0a, 0x2b, 0xff,
0xff, 0x0a, 0x2b, 0xff, 0xff, 0x0a, 0x2b, 0xff, 0xff, 0x0a, 0x2b, 0xff, 0xff, 0x0a, 0x2b,
0xff, 0xff, 0x09, 0x2b, 0xff, 0xff, 0x09, 0x2b, 0xff, 0xff, 0x09, 0x2b, 0xff, 0xff, 0x09,
0x2b, 0xff, 0xff, 0x09, 0x2b, 0xff, 0xff, 0x09, 0x2b, 0xff, 0xff, 0x09, 0x2b, 0xff, 0xff,
0x09, 0x2b, 0xff, 0xff, 0x09, 0x2b, 0xff, 0xff, 0x09, 0x2b, 0xff, 0xff, 0x09, 0x2b, 0xff,
0xff, 0x09, 0x2b, 0xff, 0xff, 0x09, 0x2b, 0xff, 0xff, 0x09, 0x2b, 0xff, 0xff, 0x09, 0x2a,
0xff, 0xff, 0x09, 0x2a, 0xff, 0xff, 0x09, 0x2a, 0xff, 0xe5, 0xff, 0xff, 0xff, 0x00, 0xff,
0xff, 0xff, 0x00, 0xff, 0xff, 0xff, 0x00, 0xff, 0xff, 0xff, 0x00, 0xff, 0xff, 0xff, 0x00,
0xff, 0xff, 0xff, 0x00, 0xff, 0xff, 0xff, 0x00, 0xff, 0xff, 0xff, 0x00, 0xff, 0xff, 0xff,
0x00, 0xff, 0xff, 0xff, 0x00, 0xff, 0xff, 0xff, 0x00, 0xff, 0xff, 0xff, 0x00, 0xff, 0xff,
0xff, 0x00, 0xff, 0xff, 0xff, 0x00, 0xff, 0xff, 0xff, 0x00, 0x0a, 0x2c, 0xff, 0xdb, 0x0a,
0x2c, 0xff, 0xff, 0x0a, 0x2c, 0xff, 0xff, 0x0a, 0x2c, 0xff, 0xff, 0x0a, 0x2c, 0xff, 0xff,
0x0a, 0x2c, 0xff, 0xff, 0x0a, 0x2c, 0xff, 0xff, 0x0a, 0x2c, 0xff, 0xff, 0x0a, 0x2c, 0xff,
0xff, 0x0a, 0x2c, 0xff, 0xff, 0x0a, 0x2c, 0xff, 0xff, 0x0a, 0x2c, 0xff, 0xff, 0x0a, 0x2c,
0xff, 0xff, 0x0a, 0x2c, 0xff, 0xff, 0x0a, 0x2c, 0xff, 0xff, 0x0a, 0x2c, 0xff, 0xff, 0x0a,
0x2c, 0xff, 0xff, 0x0a, 0x2c, 0xff, 0xff, 0x0a, 0x2c, 0xff, 0xff, 0x0a, 0x2c, 0xff, 0xff,
0x0a, 0x2c, 0xff, 0xff, 0x0a, 0x2c, 0xff, 0xff, 0x0a, 0x2c, 0xff, 0xff, 0x0a, 0x2c, 0xff,
0xff, 0x0a, 0x2c, 0xff, 0xff, 0x0a, 0x2c, 0xff, 0xff, 0x0a, 0x2c, 0xff, 0xff, 0x00, 0x22,
0xff, 0xff, 0x53, 0x6b, 0xff, 0xff, 0xff, 0xff, 0xff, 0xff, 0xff, 0xff, 0xff, 0xff, 0xff,
0xff, 0xff, 0xff, 0xff, 0xff, 0xff, 0xff, 0xff, 0xff, 0xff, 0xff, 0xff, 0xff, 0xff, 0xff,
0xff, 0xff, 0xff, 0xff, 0xff, 0xff, 0xff, 0xff, 0xff, 0xff, 0xff, 0xff, 0xff, 0xff, 0xff,
0xff, 0xff, 0xff, 0xff, 0xff, 0xff, 0xff, 0xff, 0xff, 0xff, 0xff, 0xff, 0xff, 0xff, 0xff,
0xff, 0xff, 0xff, 0xff, 0xff, 0xff, 0xff, 0xff, 0xff, 0xff, 0xff, 0xff, 0xff, 0xff, 0xfa,
0xfb, 0xff, 0xff, 0x2a, 0x48, 0xff, 0xff, 0x01, 0x24, 0xff, 0xff, 0x0a, 0x2c, 0xff, 0xff,
0x0a, 0x2c, 0xff, 0xff, 0x00, 0x1f, 0xff, 0xff, 0x9c, 0xa9, 0xff, 0xff, 0xff, 0xff, 0xff,
0xff, 0xff, 0xff, 0xff, 0xff, 0xff, 0xff, 0xff, 0xff, 0xff, 0xff, 0xff, 0xff, 0xff, 0xff,
0xff, 0xff, 0xff, 0xff, 0xff, 0xff, 0xff, 0xff, 0xff, 0xff, 0xea, 0xed, 0xff, 0xff, 0x1f,
0x3e, 0xff, 0xff, 0x04, 0x27, 0xff, 0xff, 0x0a, 0x2c, 0xff, 0xff, 0x06, 0x28, 0xff, 0xff,
0x14, 0x34, 0xff, 0xff, 0xe4, 0xe8, 0xff, 0xff, 0xff, 0xff, 0xff, 0xff, 0xff, 0xff, 0xff,
0xff, 0xff, 0xff, 0xff, 0xff, 0xff, 0xff, 0xff, 0xff, 0xff, 0xff, 0xff, 0xff, 0xff, 0xff,
0xff, 0xff, 0xff, 0xff, 0xff, 0xff, 0xff, 0xff, 0xff, 0xff, 0xff, 0xff, 0xff, 0xff, 0xff,
0xff, 0xff, 0xff, 0xff, 0xff, 0xff, 0xff, 0xff, 0xff, 0xff, 0xff, 0xff, 0xff, 0xff, 0xff,
0xff, 0xff, 0xff, 0xff, 0xff, 0xff, 0xff, 0xff, 0xff, 0xff, 0xff, 0xff, 0xff, 0xff, 0xff,
0xff, 0x67, 0x7c, 0xff, 0xff, 0x00, 0x1f, 0xff, 0xff, 0x0a, 0x2b, 0xff, 0xff, 0x0a, 0x2b,
0xff, 0xff, 0x0a, 0x2b, 0xff, 0xff, 0x0a, 0x2b, 0xff, 0xff, 0x0a, 0x2b, 0xff, 0xff, 0x0a,
0x2b, 0xff, 0xff, 0x0a, 0x2b, 0xff, 0xff, 0x0a, 0x2b, 0xff, 0xff, 0x0a, 0x2b, 0xff, 0xff,
0x0a, 0x2b, 0xff, 0xff, 0x0a, 0x2b, 0xff, 0xff, 0x0a, 0x2b, 0xff, 0xff, 0x0a, 0x2b, 0xff,
0xff, 0x0a, 0x2b, 0xff, 0xff, 0x0a, 0x2b, 0xff, 0xff, 0x0a, 0x2b, 0xff, 0xff, 0x0a, 0x2b,
0xff, 0xff, 0x0a, 0x2b, 0xff, 0xff, 0x0a, 0x2b, 0xff, 0xff, 0x0a, 0x2b, 0xff, 0xff, 0x0a,
0x2b, 0xff, 0xff, 0x0a, 0x2b, 0xff, 0xff, 0x0a, 0x2b, 0xff, 0xff, 0x0a, 0x2b, 0xff, 0xff,
0x0a, 0x2b, 0xff, 0xff, 0x0a, 0x2b, 0xff, 0xff, 0x0a, 0x2b, 0xff, 0xe3, 0xff, 0xff, 0xff,
0x00, 0xff, 0xff, 0xff, 0x00, 0xff, 0xff, 0xff, 0x00, 0xff, 0xff, 0xff, 0x00, 0xff, 0xff,
0xff, 0x00, 0xff, 0xff, 0xff, 0x00, 0xff, 0xff, 0xff, 0x00, 0xff, 0xff, 0xff, 0x00, 0xff,
0xff, 0xff, 0x00, 0xff, 0xff, 0xff, 0x00, 0xff, 0xff, 0xff, 0x00, 0xff, 0xff, 0xff, 0x00,
0xff, 0xff, 0xff, 0x00, 0xff, 0xff, 0xff, 0x00, 0xff, 0xff, 0xff, 0x00, 0x0a, 0x2d, 0xff,
0xd9, 0x0a, 0x2d, 0xff, 0xff, 0x0a, 0x2d, 0xff, 0xff, 0x0a, 0x2d, 0xff, 0xff, 0x0a, 0x2d,
0xff, 0xff, 0x0a, 0x2d, 0xff, 0xff, 0x0a, 0x2d, 0xff, 0xff, 0x0a, 0x2d, 0xff, 0xff, 0x0a,
0x2d, 0xff, 0xff, 0x0a, 0x2d, 0xff, 0xff, 0x0a, 0x2d, 0xff, 0xff, 0x0a, 0x2d, 0xff, 0xff,
0x0a, 0x2d, 0xff, 0xff, 0x0a, 0x2d, 0xff, 0xff, 0x0a, 0x2d, 0xff, 0xff, 0x0a, 0x2d, 0xff,
0xff, 0x0a, 0x2d, 0xff, 0xff, 0x0a, 0x2d, 0xff, 0xff, 0x0a, 0x2d, 0xff, 0xff, 0x0a, 0x2d,
0xff, 0xff, 0x0a, 0x2c, 0xff, 0xff, 0x0a, 0x2c, 0xff, 0xff, 0x0a, 0x2c, 0xff, 0xff, 0x0a,
0x2c, 0xff, 0xff, 0x0a, 0x2c, 0xff, 0xff, 0x0a, 0x2d, 0xff, 0xff, 0x0a, 0x2d, 0xff, 0xff,
0x00, 0x23, 0xff, 0xff, 0x53, 0x6c, 0xff, 0xff, 0xff, 0xff, 0xff, 0xff, 0xff, 0xff, 0xff,
0xff, 0xff, 0xff, 0xff, 0xff, 0xff, 0xff, 0xff, 0xff, 0xff, 0xff, 0xff, 0xff, 0xff, 0xff,
0xff, 0xff, 0xff, 0xff, 0xff, 0xff, 0xff, 0xff, 0xff, 0xff, 0xff, 0xff, 0xff, 0xff, 0xff,
0xff, 0xff, 0xff, 0xff, 0xff, 0xff, 0xff, 0xff, 0xff, 0xff, 0xff, 0xff, 0xff, 0xff, 0xff,
0xff, 0xff, 0xff, 0xff, 0xff, 0xff, 0xff, 0xff, 0xff, 0xff, 0xff, 0xff, 0xff, 0xff, 0xff,
0xff, 0xff, 0xff, 0xff, 0xff, 0xa7, 0xb4, 0xff, 0xff, 0x02, 0x24, 0xff, 0xff, 0x09, 0x2b,
0xff, 0xff, 0x0a, 0x2c, 0xff, 0xff, 0x01, 0x23, 0xff, 0xff, 0x3e, 0x59, 0xff, 0xff, 0xfe,
0xfe, 0xff, 0xff, 0xff, 0xff, 0xff, 0xff, 0xff, 0xff, 0xff, 0xff, 0xff, 0xff, 0xff, 0xff,
0xff, 0xff, 0xff, 0xff, 0xff, 0xff, 0xff, 0xff, 0xff, 0xff, 0xff, 0xff, 0x81, 0x92, 0xff,
0xff, 0x00, 0x1e, 0xff, 0xff, 0x0a, 0x2c, 0xff, 0xff, 0x0a, 0x2c, 0xff, 0xff, 0x00, 0x1e,
0xff, 0xff, 0x78, 0x8b, 0xff, 0xff, 0xff, 0xff, 0xff, 0xff, 0xff, 0xff, 0xff, 0xff, 0xff,
0xff, 0xff, 0xff, 0xff, 0xff, 0xff, 0xff, 0xff, 0xff, 0xff, 0xff, 0xff, 0xff, 0xff, 0xff,
0xff, 0xff, 0xff, 0xff, 0xff, 0xff, 0xff, 0xff, 0xff, 0xff, 0xff, 0xff, 0xff, 0xff, 0xff,
0xff, 0xff, 0xff, 0xff, 0xff, 0xff, 0xff, 0xff, 0xff, 0xff, 0xff, 0xff, 0xff, 0xff, 0xff,
0xff, 0xff, 0xff, 0xff, 0xff, 0xff, 0xff, 0xff, 0xff, 0xff, 0xff, 0xff, 0xff, 0xff, 0xff,
0xff, 0xff, 0xff, 0x68, 0x7d, 0xff, 0xff, 0x00, 0x20, 0xff, 0xff, 0x0a, 0x2c, 0xff, 0xff,
0x0a, 0x2c, 0xff, 0xff, 0x0a, 0x2c, 0xff, 0xff, 0x0a, 0x2c, 0xff, 0xff, 0x0a, 0x2c, 0xff,
0xff, 0x0a, 0x2c, 0xff, 0xff, 0x0a, 0x2c, 0xff, 0xff, 0x0a, 0x2c, 0xff, 0xff, 0x0a, 0x2c,
0xff, 0xff, 0x0a, 0x2c, 0xff, 0xff, 0x0a, 0x2c, 0xff, 0xff, 0x0a, 0x2c, 0xff, 0xff, 0x0a,
0x2c, 0xff, 0xff, 0x0a, 0x2c, 0xff, 0xff, 0x0a, 0x2c, 0xff, 0xff, 0x0a, 0x2c, 0xff, 0xff,
0x0a, 0x2c, 0xff, 0xff, 0x0a, 0x2c, 0xff, 0xff, 0x0a, 0x2c, 0xff, 0xff, 0x0a, 0x2c, 0xff,
0xff, 0x0a, 0x2c, 0xff, 0xff, 0x0a, 0x2c, 0xff, 0xff, 0x0a, 0x2c, 0xff, 0xff, 0x0a, 0x2c,
0xff, 0xff, 0x0a, 0x2c, 0xff, 0xff, 0x0a, 0x2c, 0xff, 0xff, 0x0a, 0x2c, 0xff, 0xe1, 0xff,
0xff, 0xff, 0x00, 0xff, 0xff, 0xff, 0x00, 0xff, 0xff, 0xff, 0x00, 0xff, 0xff, 0xff, 0x00,
0xff, 0xff, 0xff, 0x00, 0xff, 0xff, 0xff, 0x00, 0xff, 0xff, 0xff, 0x00, 0xff, 0xff, 0xff,
0x00, 0xff, 0xff, 0xff, 0x00, 0xff, 0xff, 0xff, 0x00, 0xff, 0xff, 0xff, 0x00, 0xff, 0xff,
0xff, 0x00, 0xff, 0xff, 0xff, 0x00, 0xff, 0xff, 0xff, 0x00, 0xff, 0xff, 0xff, 0x00, 0x0a,
0x2d, 0xff, 0xd7, 0x0a, 0x2d, 0xff, 0xff, 0x0a, 0x2d, 0xff, 0xff, 0x0a, 0x2d, 0xff, 0xff,
0x0a, 0x2d, 0xff, 0xff, 0x0a, 0x2d, 0xff, 0xff, 0x0a, 0x2d, 0xff, 0xff, 0x0a, 0x2d, 0xff,
0xff, 0x0a, 0x2d, 0xff, 0xff, 0x0a, 0x2d, 0xff, 0xff, 0x0a, 0x2d, 0xff, 0xff, 0x0a, 0x2d,
0xff, 0xff, 0x0a, 0x2d, 0xff, 0xff, 0x0a, 0x2d, 0xff, 0xff, 0x0a, 0x2d, 0xff, 0xff, 0x0a,
0x2d, 0xff, 0xff, 0x0a, 0x2d, 0xff, 0xff, 0x0a, 0x2d, 0xff, 0xff, 0x0a, 0x2d, 0xff, 0xff,
0x0a, 0x2d, 0xff, 0xff, 0x0a, 0x2d, 0xff, 0xff, 0x0a, 0x2d, 0xff, 0xff, 0x0a, 0x2d, 0xff,
0xff, 0x0a, 0x2d, 0xff, 0xff, 0x0a, 0x2d, 0xff, 0xff, 0x0a, 0x2d, 0xff, 0xff, 0x0a, 0x2d,
0xff, 0xff, 0x00, 0x23, 0xff, 0xff, 0x53, 0x6c, 0xff, 0xff, 0xff, 0xff, 0xff, 0xff, 0xff,
0xff, 0xff, 0xff, 0xff, 0xff, 0xff, 0xff, 0xff, 0xff, 0xff, 0xff, 0xff, 0xff, 0xff, 0xff,
0xff, 0xff, 0xff, 0xff, 0xff, 0xff, 0xff, 0xff, 0xff, 0xff, 0xff, 0xff, 0xff, 0xff, 0xff,
0xff, 0xff, 0xff, 0xff, 0xff, 0xff, 0xff, 0xff, 0xff, 0xff, 0xff, 0xff, 0xff, 0xff, 0xff,
0xff, 0xff, 0xff, 0xff, 0xff, 0xff, 0xff, 0xff, 0xff, 0xff, 0xff, 0xff, 0xff, 0xff, 0xff,
0xff, 0xff, 0xff, 0xff, 0xff, 0xff, 0xff, 0xff, 0xff, 0xff, 0xff, 0x4f, 0x69, 0xff, 0xff,
0x00, 0x21, 0xff, 0xff, 0x0a, 0x2d, 0xff, 0xff, 0x09, 0x2c, 0xff, 0xff, 0x01, 0x23, 0xff,
0xff, 0xa2, 0xaf, 0xff, 0xff, 0xff, 0xff, 0xff, 0xff, 0xff, 0xff, 0xff, 0xff, 0xff, 0xff,
0xff, 0xff, 0xff, 0xff, 0xff, 0xff, 0xff, 0xff, 0xff, 0xff, 0xef, 0xf1, 0xff, 0xff, 0x24,
0x43, 0xff, 0xff, 0x04, 0x27, 0xff, 0xff, 0x0a, 0x2d, 0xff, 0xff, 0x02, 0x25, 0xff, 0xff,
0x30, 0x4d, 0xff, 0xff, 0xf4, 0xf6, 0xff, 0xff, 0xff, 0xff, 0xff, 0xff, 0xff, 0xff, 0xff,
0xff, 0xff, 0xff, 0xff, 0xff, 0xff, 0xff, 0xff, 0xff, 0xff, 0xff, 0xff, 0xff, 0xff, 0xff,
0xff, 0xff, 0xff, 0xff, 0xff, 0xff, 0xff, 0xff, 0xff, 0xff, 0xff, 0xff, 0xff, 0xff, 0xff,
0xff, 0xff, 0xff, 0xff, 0xff, 0xff, 0xff, 0xff, 0xff, 0xff, 0xff, 0xff, 0xff, 0xff, 0xff,
0xff, 0xff, 0xff, 0xff, 0xff, 0xff, 0xff, 0xff, 0xff, 0xff, 0xff, 0xff, 0xff, 0xff, 0xff,
0xff, 0xff, 0xff, 0xff, 0xff, 0x69, 0x7e, 0xff, 0xff, 0x00, 0x21, 0xff, 0xff, 0x0a, 0x2d,
0xff, 0xff, 0x0a, 0x2d, 0xff, 0xff, 0x0a, 0x2d, 0xff, 0xff, 0x0a, 0x2d, 0xff, 0xff, 0x0a,
0x2d, 0xff, 0xff, 0x0a, 0x2d, 0xff, 0xff, 0x0a, 0x2d, 0xff, 0xff, 0x0a, 0x2d, 0xff, 0xff,
0x0a, 0x2c, 0xff, 0xff, 0x0a, 0x2c, 0xff, 0xff, 0x0a, 0x2c, 0xff, 0xff, 0x0a, 0x2c, 0xff,
0xff, 0x0a, 0x2c, 0xff, 0xff, 0x0a, 0x2c, 0xff, 0xff, 0x0a, 0x2c, 0xff, 0xff, 0x0a, 0x2c,
0xff, 0xff, 0x0a, 0x2c, 0xff, 0xff, 0x0a, 0x2c, 0xff, 0xff, 0x0a, 0x2c, 0xff, 0xff, 0x0a,
0x2c, 0xff, 0xff, 0x0a, 0x2c, 0xff, 0xff, 0x0a, 0x2c, 0xff, 0xff, 0x0a, 0x2c, 0xff, 0xff,
0x0a, 0x2c, 0xff, 0xff, 0x0a, 0x2c, 0xff, 0xff, 0x0a, 0x2c, 0xff, 0xff, 0x0a, 0x2c, 0xff,
0xdd, 0xff, 0xff, 0xff, 0x00, 0xff, 0xff, 0xff, 0x00, 0xff, 0xff, 0xff, 0x00, 0xff, 0xff,
0xff, 0x00, 0xff, 0xff, 0xff, 0x00, 0xff, 0xff, 0xff, 0x00, 0xff, 0xff, 0xff, 0x00, 0xff,
0xff, 0xff, 0x00, 0xff, 0xff, 0xff, 0x00, 0xff, 0xff, 0xff, 0x00, 0xff, 0xff, 0xff, 0x00,
0xff, 0xff, 0xff, 0x00, 0xff, 0xff, 0xff, 0x00, 0xff, 0xff, 0xff, 0x00, 0xff, 0xff, 0xff,
0x00, 0x0a, 0x2e, 0xfe, 0xd2, 0x0a, 0x2e, 0xff, 0xff, 0x0a, 0x2e, 0xff, 0xff, 0x0a, 0x2e,
0xff, 0xff, 0x0a, 0x2e, 0xff, 0xff, 0x0a, 0x2e, 0xff, 0xff, 0x0a, 0x2e, 0xff, 0xff, 0x0a,
0x2e, 0xff, 0xff, 0x0a, 0x2e, 0xff, 0xff, 0x0a, 0x2e, 0xff, 0xff, 0x0a, 0x2e, 0xff, 0xff,
0x0a, 0x2e, 0xff, 0xff, 0x0a, 0x2e, 0xff, 0xff, 0x0a, 0x2e, 0xff, 0xff, 0x0a, 0x2e, 0xff,
0xff, 0x0a, 0x2e, 0xff, 0xff, 0x0a, 0x2e, 0xff, 0xff, 0x0a, 0x2e, 0xff, 0xff, 0x0a, 0x2e,
0xff, 0xff, 0x0a, 0x2e, 0xff, 0xff, 0x0a, 0x2e, 0xff, 0xff, 0x0a, 0x2e, 0xff, 0xff, 0x0a,
0x2e, 0xff, 0xff, 0x0a, 0x2e, 0xff, 0xff, 0x0a, 0x2e, 0xff, 0xff, 0x0a, 0x2e, 0xff, 0xff,
0x0a, 0x2e, 0xff, 0xff, 0x00, 0x24, 0xff, 0xff, 0x54, 0x6d, 0xff, 0xff, 0xff, 0xff, 0xff,
0xff, 0xff, 0xff, 0xff, 0xff, 0xff, 0xff, 0xff, 0xff, 0xff, 0xff, 0xff, 0xff, 0xff, 0xff,
0xff, 0xff, 0xff, 0xff, 0xff, 0xff, 0xff, 0xff, 0xff, 0xff, 0xff, 0xff, 0xff, 0xff, 0xff,
0xff, 0xff, 0xff, 0xff, 0xff, 0xff, 0xff, 0xff, 0xff, 0xff, 0xff, 0xff, 0xff, 0xff, 0xff,
0xff, 0xff, 0xff, 0xff, 0xff, 0xff, 0xff, 0xff, 0xff, 0xff, 0xff, 0xff, 0xff, 0xff, 0xff,
0xff, 0xff, 0xff, 0xff, 0xff, 0xff, 0xff, 0xff, 0xff, 0xff, 0xff, 0xff, 0xff, 0xca, 0xd1,
0xff, 0xff, 0x0b, 0x2d, 0xff, 0xff, 0x07, 0x2b, 0xff, 0xff, 0x0a, 0x2d, 0xff, 0xff, 0x01,
0x25, 0xff, 0xff, 0x34, 0x51, 0xff, 0xff, 0xff, 0xff, 0xff, 0xff, 0xff, 0xff, 0xff, 0xff,
0xff, 0xff, 0xff, 0xff, 0xff, 0xff, 0xff, 0xff, 0xff, 0xff, 0xff, 0xff, 0x79, 0x8c, 0xff,
0xff, 0x00, 0x20, 0xff, 0xff, 0x0a, 0x2d, 0xff, 0xff, 0x0a, 0x2d, 0xff, 0xff, 0x00, 0x21,
0xff, 0xff, 0xa2, 0xaf, 0xff, 0xff, 0xff, 0xff, 0xff, 0xff, 0xff, 0xff, 0xff, 0xff, 0xff,
0xff, 0xff, 0xff, 0xff, 0xff, 0xff, 0xff, 0xff, 0xff, 0xff, 0xff, 0xff, 0xff, 0xff, 0xff,
0xff, 0xff, 0xff, 0xff, 0xff, 0xff, 0xff, 0xff, 0xff, 0xff, 0xff, 0xff, 0xff, 0xff, 0xff,
0xff, 0xff, 0xff, 0xff, 0xff, 0xff, 0xff, 0xff, 0xff, 0xff, 0xff, 0xff, 0xff, 0xff, 0xff,
0xff, 0xff, 0xff, 0xff, 0xff, 0xff, 0xff, 0xff, 0xff, 0xff, 0xff, 0xff, 0xff, 0xff, 0xff,
0xff, 0xff, 0xff, 0xff, 0xff, 0xff, 0xff, 0x6a, 0x7f, 0xff, 0xff, 0x00, 0x21, 0xff, 0xff,
0x0a, 0x2d, 0xff, 0xff, 0x0a, 0x2d, 0xff, 0xff, 0x0a, 0x2d, 0xff, 0xff, 0x0a, 0x2d, 0xff,
0xff, 0x0a, 0x2d, 0xff, 0xff, 0x0a, 0x2d, 0xff, 0xff, 0x0a, 0x2d, 0xff, 0xff, 0x0a, 0x2d,
0xff, 0xff, 0x0a, 0x2d, 0xff, 0xff, 0x0a, 0x2d, 0xff, 0xff, 0x0a, 0x2d, 0xff, 0xff, 0x0a,
0x2d, 0xff, 0xff, 0x0a, 0x2d, 0xff, 0xff, 0x0a, 0x2d, 0xff, 0xff, 0x0a, 0x2d, 0xff, 0xff,
0x0a, 0x2d, 0xff, 0xff, 0x0a, 0x2d, 0xff, 0xff, 0x0a, 0x2d, 0xff, 0xff, 0x0a, 0x2d, 0xff,
0xff, 0x0a, 0x2d, 0xff, 0xff, 0x0a, 0x2d, 0xff, 0xff, 0x0a, 0x2d, 0xff, 0xff, 0x0a, 0x2d,
0xff, 0xff, 0x0a, 0x2d, 0xff, 0xff, 0x0a, 0x2d, 0xff, 0xff, 0x0a, 0x2d, 0xff, 0xff, 0x0a,
0x2b, 0xfd, 0xd6, 0xff, 0xff, 0xff, 0x00, 0xff, 0xff, 0xff, 0x00, 0xff, 0xff, 0xff, 0x00,
0xff, 0xff, 0xff, 0x00, 0xff, 0xff, 0xff, 0x00, 0xff, 0xff, 0xff, 0x00, 0xff, 0xff, 0xff,
0x00, 0xff, 0xff, 0xff, 0x00, 0xff, 0xff, 0xff, 0x00, 0xff, 0xff, 0xff, 0x00, 0xff, 0xff,
0xff, 0x00, 0xff, 0xff, 0xff, 0x00, 0xff, 0xff, 0xff, 0x00, 0xff, 0xff, 0xff, 0x00, 0xff,
0xff, 0xff, 0x00, 0x0a, 0x2e, 0xfe, 0xcb, 0x0a, 0x2f, 0xff, 0xff, 0x0a, 0x2f, 0xff, 0xff,
0x0a, 0x2f, 0xff, 0xff, 0x0a, 0x2e, 0xff, 0xff, 0x0a, 0x2e, 0xff, 0xff, 0x0a, 0x2e, 0xff,
0xff, 0x0a, 0x2e, 0xff, 0xff, 0x0a, 0x2e, 0xff, 0xff, 0x0a, 0x2e, 0xff, 0xff, 0x0a, 0x2e,
0xff, 0xff, 0x0a, 0x2e, 0xff, 0xff, 0x0a, 0x2e, 0xff, 0xff, 0x0a, 0x2e, 0xff, 0xff, 0x0a,
0x2e, 0xff, 0xff, 0x0a, 0x2e, 0xff, 0xff, 0x0a, 0x2e, 0xff, 0xff, 0x0a, 0x2e, 0xff, 0xff,
0x0a, 0x2e, 0xff, 0xff, 0x0a, 0x2e, 0xff, 0xff, 0x0a, 0x2e, 0xff, 0xff, 0x0a, 0x2e, 0xff,
0xff, 0x0a, 0x2e, 0xff, 0xff, 0x0a, 0x2e, 0xff, 0xff, 0x0a, 0x2e, 0xff, 0xff, 0x0a, 0x2e,
0xff, 0xff, 0x0a, 0x2e, 0xff, 0xff, 0x00, 0x24, 0xff, 0xff, 0x54, 0x6d, 0xff, 0xff, 0xff,
0xff, 0xff, 0xff, 0xff, 0xff, 0xff, 0xff, 0xff, 0xff, 0xff, 0xff, 0xff, 0xff, 0xff, 0xff,
0xff, 0xff, 0xff, 0xff, 0xff, 0xff, 0xff, 0xff, 0xff, 0xff, 0xff, 0xff, 0xff, 0xff, 0xff,
0xff, 0xff, 0xff, 0xff, 0xff, 0xff, 0xff, 0xff, 0xff, 0xff, 0xff, 0xff, 0xff, 0xff, 0xff,
0xff, 0xff, 0xff, 0xff, 0xff, 0xff, 0xff, 0xff, 0xff, 0xff, 0xff, 0xff, 0xff, 0xff, 0xff,
0xff, 0xff, 0xff, 0xff, 0xff, 0xff, 0xff, 0xff, 0xff, 0xff, 0xff, 0xff, 0xff, 0xff, 0xff,
0xff, 0xff, 0xff, 0xff, 0x61, 0x79, 0xff, 0xff, 0x00, 0x20, 0xff, 0xff, 0x0b, 0x2e, 0xff,
0xff, 0x09, 0x2d, 0xff, 0xff, 0x06, 0x29, 0xff, 0xff, 0xb8, 0xc2, 0xff, 0xff, 0xff, 0xff,
0xff, 0xff, 0xff, 0xff, 0xff, 0xff, 0xff, 0xff, 0xff, 0xff, 0xf3, 0xf5, 0xff, 0xff, 0x20,
0x41, 0xff, 0xff, 0x04, 0x29, 0xff, 0xff, 0x0a, 0x2e, 0xff, 0xff, 0x00, 0x23, 0xff, 0xff,
0x41, 0x5d, 0xff, 0xff, 0xfb, 0xfc, 0xff, 0xff, 0xff, 0xff, 0xff, 0xff, 0xff, 0xff, 0xff,
0xff, 0xff, 0xff, 0xff, 0xff, 0xff, 0xff, 0xff, 0xff, 0xff, 0xff, 0xff, 0xff, 0xff, 0xff,
0xff, 0xff, 0xff, 0xff, 0xff, 0xff, 0xff, 0xff, 0xff, 0xff, 0xff, 0xff, 0xff, 0xff, 0xff,
0xff, 0xff, 0xff, 0xff, 0xff, 0xff, 0xff, 0xff, 0xff, 0xff, 0xff, 0xff, 0xff, 0xff, 0xff,
0xff, 0xff, 0xff, 0xff, 0xff, 0xff, 0xff, 0xff, 0xff, 0xff, 0xff, 0xff, 0xff, 0xff, 0xff,
0xff, 0xff, 0xff, 0xff, 0xff, 0xff, 0xff, 0xff, 0xff, 0x6b, 0x81, 0xff, 0xff, 0x00, 0x22,
0xff, 0xff, 0x0a, 0x2e, 0xff, 0xff, 0x0a, 0x2e, 0xff, 0xff, 0x0a, 0x2e, 0xff, 0xff, 0x0a,
0x2e, 0xff, 0xff, 0x0a, 0x2e, 0xff, 0xff, 0x0a, 0x2e, 0xff, 0xff, 0x0a, 0x2e, 0xff, 0xff,
0x0a, 0x2e, 0xff, 0xff, 0x0a, 0x2e, 0xff, 0xff, 0x0a, 0x2e, 0xff, 0xff, 0x0a, 0x2e, 0xff,
0xff, 0x0a, 0x2e, 0xff, 0xff, 0x0a, 0x2e, 0xff, 0xff, 0x0a, 0x2e, 0xff, 0xff, 0x0a, 0x2e,
0xff, 0xff, 0x0a, 0x2e, 0xff, 0xff, 0x0a, 0x2e, 0xff, 0xff, 0x0a, 0x2e, 0xff, 0xff, 0x0a,
0x2e, 0xff, 0xff, 0x0a, 0x2e, 0xff, 0xff, 0x0a, 0x2e, 0xff, 0xff, 0x0a, 0x2e, 0xff, 0xff,
0x0a, 0x2e, 0xff, 0xff, 0x0a, 0x2e, 0xff, 0xff, 0x0a, 0x2d, 0xff, 0xff, 0x0a, 0x2d, 0xff,
0xff, 0x0a, 0x2e, 0xff, 0xce, 0xff, 0xff, 0xff, 0x00, 0xff, 0xff, 0xff, 0x00, 0xff, 0xff,
0xff, 0x00, 0xff, 0xff, 0xff, 0x00, 0xff, 0xff, 0xff, 0x00, 0xff, 0xff, 0xff, 0x00, 0xff,
0xff, 0xff, 0x00, 0xff, 0xff, 0xff, 0x00, 0xff, 0xff, 0xff, 0x00, 0xff, 0xff, 0xff, 0x00,
0xff, 0xff, 0xff, 0x00, 0xff, 0xff, 0xff, 0x00, 0xff, 0xff, 0xff, 0x00, 0xff, 0xff, 0xff,
0x00, 0xff, 0xff, 0xff, 0x00, 0x08, 0x2e, 0xfa, 0xc2, 0x0a, 0x2f, 0xff, 0xff, 0x0a, 0x2f,
0xff, 0xff, 0x0a, 0x2f, 0xff, 0xff, 0x0a, 0x2f, 0xff, 0xff, 0x0a, 0x2f, 0xff, 0xff, 0x0a,
0x2f, 0xff, 0xff, 0x0a, 0x2f, 0xff, 0xff, 0x0a, 0x2f, 0xff, 0xff, 0x0a, 0x2f, 0xff, 0xff,
0x0a, 0x2f, 0xff, 0xff, 0x0a, 0x2f, 0xff, 0xff, 0x0a, 0x2f, 0xff, 0xff, 0x0a, 0x2f, 0xff,
0xff, 0x0a, 0x2f, 0xff, 0xff, 0x0a, 0x2f, 0xff, 0xff, 0x0a, 0x2f, 0xff, 0xff, 0x0a, 0x2f,
0xff, 0xff, 0x0a, 0x2f, 0xff, 0xff, 0x0a, 0x2f, 0xff, 0xff, 0x0a, 0x2f, 0xff, 0xff, 0x0a,
0x2f, 0xff, 0xff, 0x0a, 0x2f, 0xff, 0xff, 0x0a, 0x2f, 0xff, 0xff, 0x0a, 0x2f, 0xff, 0xff,
0x0a, 0x2f, 0xff, 0xff, 0x0a, 0x2f, 0xff, 0xff, 0x00, 0x25, 0xff, 0xff, 0x54, 0x6e, 0xff,
0xff, 0xff, 0xff, 0xff, 0xff, 0xff, 0xff, 0xff, 0xff, 0xff, 0xff, 0xff, 0xff, 0xff, 0xff,
0xff, 0xff, 0xff, 0xff, 0xff, 0xff, 0xff, 0xff, 0xff, 0xff, 0xff, 0xff, 0xff, 0xff, 0xff,
0xff, 0xff, 0xff, 0xff, 0xff, 0xff, 0xff, 0xff, 0xff, 0xff, 0xff, 0xff, 0xff, 0xff, 0xff,
0xff, 0xff, 0xff, 0xff, 0xff, 0xff, 0xff, 0xff, 0xff, 0xff, 0xff, 0xff, 0xff, 0xff, 0xff,
0xff, 0xff, 0xff, 0xff, 0xff, 0xff, 0xff, 0xff, 0xff, 0xff, 0xff, 0xff, 0xff, 0xff, 0xff,
0xff, 0xff, 0xff, 0xff, 0xff, 0xff, 0xdc, 0xe1, 0xff, 0xff, 0x19, 0x3b, 0xff, 0xff, 0x05,
0x2a, 0xff, 0xff, 0x0a, 0x2f, 0xff, 0xff, 0x00, 0x24, 0xff, 0xff, 0x44, 0x60, 0xff, 0xff,
0xff, 0xff, 0xff, 0xff, 0xff, 0xff, 0xff, 0xff, 0xff, 0xff, 0xff, 0xff, 0x89, 0x9b, 0xff,
0xff, 0x00, 0x23, 0xff, 0xff, 0x0a, 0x2f, 0xff, 0xff, 0x08, 0x2d, 0xff, 0xff, 0x07, 0x2a,
0xff, 0xff, 0xbc, 0xc6, 0xff, 0xff, 0xff, 0xff, 0xff, 0xff, 0xff, 0xff, 0xff, 0xff, 0xff,
0xff, 0xff, 0xff, 0xff, 0xff, 0xff, 0xff, 0xff, 0xff, 0xff, 0xff, 0xff, 0xff, 0xff, 0xff,
0xff, 0xff, 0xff, 0xff, 0xff, 0xff, 0xff, 0xff, 0xff, 0xff, 0xff, 0xff, 0xff, 0xff, 0xff,
0xff, 0xff, 0xff, 0xff, 0xff, 0xff, 0xff, 0xff, 0xff, 0xff, 0xff, 0xff, 0xff, 0xff, 0xff,
0xff, 0xff, 0xff, 0xff, 0xff, 0xff, 0xff, 0xff, 0xff, 0xff, 0xff, 0xff, 0xff, 0xff, 0xff,
0xff, 0xff, 0xff, 0xff, 0xff, 0xff, 0xff, 0xff, 0xff, 0xff, 0xff, 0x6c, 0x81, 0xff, 0xff,
0x00, 0x22, 0xff, 0xff, 0x0a, 0x2e, 0xff, 0xff, 0x0a, 0x2e, 0xff, 0xff, 0x0a, 0x2e, 0xff,
0xff, 0x0a, 0x2e, 0xff, 0xff, 0x0a, 0x2e, 0xff, 0xff, 0x0a, 0x2e, 0xff, 0xff, 0x0a, 0x2e,
0xff, 0xff, 0x0a, 0x2e, 0xff, 0xff, 0x0a, 0x2e, 0xff, 0xff, 0x0a, 0x2e, 0xff, 0xff, 0x0a,
0x2e, 0xff, 0xff, 0x0a, 0x2e, 0xff, 0xff, 0x0a, 0x2e, 0xff, 0xff, 0x0a, 0x2e, 0xff, 0xff,
0x0a, 0x2e, 0xff, 0xff, 0x0a, 0x2e, 0xff, 0xff, 0x0a, 0x2e, 0xff, 0xff, 0x0a, 0x2e, 0xff,
0xff, 0x0a, 0x2e, 0xff, 0xff, 0x0a, 0x2e, 0xff, 0xff, 0x0a, 0x2e, 0xff, 0xff, 0x0a, 0x2e,
0xff, 0xff, 0x0a, 0x2e, 0xff, 0xff, 0x0a, 0x2e, 0xff, 0xff, 0x0a, 0x2e, 0xff, 0xff, 0x0a,
0x2e, 0xff, 0xff, 0x09, 0x2c, 0xfc, 0xc5, 0xff, 0xff, 0xff, 0x00, 0xff, 0xff, 0xff, 0x00,
0xff, 0xff, 0xff, 0x00, 0xff, 0xff, 0xff, 0x00, 0xff, 0xff, 0xff, 0x00, 0xff, 0xff, 0xff,
0x00, 0xff, 0xff, 0xff, 0x00, 0xff, 0xff, 0xff, 0x00, 0xff, 0xff, 0xff, 0x00, 0xff, 0xff,
0xff, 0x00, 0xff, 0xff, 0xff, 0x00, 0xff, 0xff, 0xff, 0x00, 0xff, 0xff, 0xff, 0x00, 0xff,
0xff, 0xff, 0x00, 0xff, 0xff, 0xff, 0x00, 0x0a, 0x2f, 0xfc, 0xb5, 0x0b, 0x2f, 0xff, 0xff,
0x0b, 0x2f, 0xff, 0xff, 0x0b, 0x2f, 0xff, 0xff, 0x0b, 0x30, 0xff, 0xff, 0x0b, 0x30, 0xff,
0xff, 0x0b, 0x30, 0xff, 0xff, 0x0b, 0x30, 0xff, 0xff, 0x0b, 0x30, 0xff, 0xff, 0x0b, 0x30,
0xff, 0xff, 0x0b, 0x30, 0xff, 0xff, 0x0b, 0x30, 0xff, 0xff, 0x0b, 0x30, 0xff, 0xff, 0x0b,
0x30, 0xff, 0xff, 0x0b, 0x30, 0xff, 0xff, 0x0b, 0x30, 0xff, 0xff, 0x0b, 0x30, 0xff, 0xff,
0x0b, 0x30, 0xff, 0xff, 0x0b, 0x30, 0xff, 0xff, 0x0b, 0x30, 0xff, 0xff, 0x0b, 0x30, 0xff,
0xff, 0x0b, 0x2f, 0xff, 0xff, 0x0b, 0x2f, 0xff, 0xff, 0x0b, 0x2f, 0xff, 0xff, 0x0b, 0x2f,
0xff, 0xff, 0x0b, 0x2f, 0xff, 0xff, 0x0b, 0x2f, 0xff, 0xff, 0x00, 0x25, 0xff, 0xff, 0x54,
0x6e, 0xff, 0xff, 0xff, 0xff, 0xff, 0xff, 0xff, 0xff, 0xff, 0xff, 0xff, 0xff, 0xff, 0xff,
0xff, 0xff, 0xff, 0xff, 0xff, 0xff, 0xff, 0xff, 0xff, 0xff, 0xff, 0xff, 0xff, 0xff, 0xff,
0xff, 0xff, 0xff, 0xff, 0xff, 0xff, 0xff, 0xff, 0xff, 0xff, 0xff, 0xff, 0xff, 0xff, 0xff,
0xff, 0xff, 0xff, 0xff, 0xff, 0xff, 0xff, 0xff, 0xff, 0xff, 0xff, 0xff, 0xff, 0xff, 0xff,
0xff, 0xff, 0xff, 0xff, 0xff, 0xff, 0xff, 0xff, 0xff, 0xff, 0xff, 0xff, 0xff, 0xff, 0xff,
0xff, 0xff, 0xff, 0xff, 0xff, 0xff, 0xff, 0xff, 0xff, 0xff, 0xff, 0xff, 0x7a, 0x8e, 0xff,
0xff, 0x00, 0x20, 0xff, 0xff, 0x0b, 0x2f, 0xff, 0xff, 0x08, 0x2d, 0xff, 0xff, 0x0c, 0x30,
0xff, 0xff, 0xd0, 0xd7, 0xff, 0xff, 0xff, 0xff, 0xff, 0xff, 0xfa, 0xfa, 0xff, 0xff, 0x29,
0x49, 0xff, 0xff, 0x02, 0x28, 0xff, 0xff, 0x0b, 0x30, 0xff, 0xff, 0x00, 0x22, 0xff, 0xff,
0x56, 0x70, 0xff, 0xff, 0xff, 0xff, 0xff, 0xff, 0xff, 0xff, 0xff, 0xff, 0xff, 0xff, 0xff,
0xff, 0xff, 0xff, 0xff, 0xff, 0xff, 0xff, 0xff, 0xff, 0xff, 0xff, 0xff, 0xff, 0xff, 0xff,
0xff, 0xff, 0xff, 0xff, 0xff, 0xff, 0xff, 0xff, 0xff, 0xff, 0xff, 0xff, 0xff, 0xff, 0xff,
0xff, 0xff, 0xff, 0xff, 0xff, 0xff, 0xff, 0xff, 0xff, 0xff, 0xff, 0xff, 0xff, 0xff, 0xff,
0xff, 0xff, 0xff, 0xff, 0xff, 0xff, 0xff, 0xff, 0xff, 0xff, 0xff, 0xff, 0xff, 0xff, 0xff,
0xff, 0xff, 0xff, 0xff, 0xff, 0xff, 0xff, 0xff, 0xff, 0xff, 0xff, 0xff, 0xff, 0x6c, 0x82,
0xff, 0xff, 0x00, 0x23, 0xff, 0xff, 0x0a, 0x2f, 0xff, 0xff, 0x0a, 0x2f, 0xff, 0xff, 0x0a,
0x2f, 0xff, 0xff, 0x0a, 0x2f, 0xff, 0xff, 0x0a, 0x2f, 0xff, 0xff, 0x0a, 0x2f, 0xff, 0xff,
0x0a, 0x2f, 0xff, 0xff, 0x0a, 0x2f, 0xff, 0xff, 0x0a, 0x2f, 0xff, 0xff, 0x0a, 0x2f, 0xff,
0xff, 0x0a, 0x2f, 0xff, 0xff, 0x0a, 0x2f, 0xff, 0xff, 0x0a, 0x2f, 0xff, 0xff, 0x0a, 0x2f,
0xff, 0xff, 0x0a, 0x2f, 0xff, 0xff, 0x0a, 0x2f, 0xff, 0xff, 0x0a, 0x2e, 0xff, 0xff, 0x0a,
0x2e, 0xff, 0xff, 0x0a, 0x2e, 0xff, 0xff, 0x0a, 0x2e, 0xff, 0xff, 0x0a, 0x2e, 0xff, 0xff,
0x0a, 0x2e, 0xff, 0xff, 0x0a, 0x2e, 0xff, 0xff, 0x0a, 0x2e, 0xff, 0xff, 0x0a, 0x2f, 0xff,
0xff, 0x0a, 0x2f, 0xff, 0xff, 0x09, 0x29, 0xf9, 0xb2, 0xff, 0xff, 0xff, 0x00, 0xff, 0xff,
0xff, 0x00, 0xff, 0xff, 0xff, 0x00, 0xff, 0xff, 0xff, 0x00, 0xff, 0xff, 0xff, 0x00, 0xff,
0xff, 0xff, 0x00, 0xff, 0xff, 0xff, 0x00, 0xff, 0xff, 0xff, 0x00, 0xff, 0xff, 0xff, 0x00,
0xff, 0xff, 0xff, 0x00, 0xff, 0xff, 0xff, 0x00, 0xff, 0xff, 0xff, 0x00, 0xff, 0xff, 0xff,
0x00, 0xff, 0xff, 0xff, 0x00, 0xff, 0xff, 0xff, 0x00, 0x0b, 0x31, 0xff, 0xa0, 0x0b, 0x30,
0xff, 0xff, 0x0b, 0x30, 0xff, 0xff, 0x0b, 0x30, 0xff, 0xff, 0x0b, 0x30, 0xff, 0xff, 0x0b,
0x30, 0xff, 0xff, 0x0b, 0x30, 0xff, 0xff, 0x0b, 0x30, 0xff, 0xff, 0x0b, 0x30, 0xff, 0xff,
0x0b, 0x30, 0xff, 0xff, 0x0b, 0x30, 0xff, 0xff, 0x0b, 0x30, 0xff, 0xff, 0x0b, 0x30, 0xff,
0xff, 0x0b, 0x30, 0xff, 0xff, 0x0b, 0x30, 0xff, 0xff, 0x0b, 0x30, 0xff, 0xff, 0x0b, 0x30,
0xff, 0xff, 0x0b, 0x30, 0xff, 0xff, 0x0b, 0x30, 0xff, 0xff, 0x0b, 0x30, 0xff, 0xff, 0x0b,
0x30, 0xff, 0xff, 0x0b, 0x30, 0xff, 0xff, 0x0b, 0x30, 0xff, 0xff, 0x0b, 0x30, 0xff, 0xff,
0x0b, 0x30, 0xff, 0xff, 0x0b, 0x30, 0xff, 0xff, 0x0b, 0x30, 0xff, 0xff, 0x00, 0x26, 0xff,
0xff, 0x56, 0x6f, 0xff, 0xff, 0xff, 0xff, 0xff, 0xff, 0xff, 0xff, 0xff, 0xff, 0xff, 0xff,
0xff, 0xff, 0xff, 0xff, 0xff, 0xff, 0xff, 0xff, 0xff, 0xff, 0xff, 0xff, 0xff, 0xff, 0xff,
0xff, 0xff, 0xff, 0xff, 0xff, 0xff, 0xff, 0xff, 0xff, 0xff, 0xff, 0xff, 0xff, 0xff, 0xff,
0xff, 0xff, 0xff, 0xff, 0xff, 0xff, 0xff, 0xff, 0xff, 0xff, 0xff, 0xff, 0xff, 0xff, 0xff,
0xff, 0xff, 0xff, 0xff, 0xff, 0xff, 0xff, 0xff, 0xff, 0xff, 0xff, 0xff, 0xff, 0xff, 0xff,
0xff, 0xff, 0xff, 0xff, 0xff, 0xff, 0xff, 0xff, 0xff, 0xff, 0xff, 0xff, 0xff, 0xff, 0xeb,
0xee, 0xff, 0xff, 0x2c, 0x4c, 0xff, 0xff, 0x04, 0x29, 0xff, 0xff, 0x0c, 0x30, 0xff, 0xff,
0x00, 0x24, 0xff, 0xff, 0x59, 0x72, 0xff, 0xff, 0xff, 0xff, 0xff, 0xff, 0x9f, 0xae, 0xff,
0xff, 0x01, 0x26, 0xff, 0xff, 0x0a, 0x2f, 0xff, 0xff, 0x07, 0x2c, 0xff, 0xff, 0x12, 0x35,
0xff, 0xff, 0xd0, 0xd7, 0xff, 0xff, 0xff, 0xff, 0xff, 0xff, 0xff, 0xff, 0xff, 0xff, 0xff,
0xff, 0xff, 0xff, 0xff, 0xff, 0xff, 0xff, 0xff, 0xff, 0xff, 0xff, 0xff, 0xff, 0xff, 0xff,
0xff, 0xff, 0xff, 0xff, 0xff, 0xff, 0xff, 0xff, 0xff, 0xff, 0xff, 0xff, 0xff, 0xff, 0xff,
0xff, 0xff, 0xff, 0xff, 0xff, 0xff, 0xff, 0xff, 0xff, 0xff, 0xff, 0xff, 0xff, 0xff, 0xff,
0xff, 0xff, 0xff, 0xff, 0xff, 0xff, 0xff, 0xff, 0xff, 0xff, 0xff, 0xff, 0xff, 0xff, 0xff,
0xff, 0xff, 0xff, 0xff, 0xff, 0xff, 0xff, 0xff, 0xff, 0xff, 0xff, 0xff, 0xff, 0xff, 0xff,
0x6e, 0x83, 0xff, 0xff, 0x00, 0x23, 0xff, 0xff, 0x0b, 0x2f, 0xff, 0xff, 0x0b, 0x2f, 0xff,
0xff, 0x0b, 0x2f, 0xff, 0xff, 0x0b, 0x2f, 0xff, 0xff, 0x0b, 0x2f, 0xff, 0xff, 0x0b, 0x2f,
0xff, 0xff, 0x0b, 0x2f, 0xff, 0xff, 0x0b, 0x2f, 0xff, 0xff, 0x0b, 0x2f, 0xff, 0xff, 0x0b,
0x2f, 0xff, 0xff, 0x0b, 0x2f, 0xff, 0xff, 0x0b, 0x2f, 0xff, 0xff, 0x0b, 0x2f, 0xff, 0xff,
0x0b, 0x2f, 0xff, 0xff, 0x0b, 0x2f, 0xff, 0xff, 0x0b, 0x2f, 0xff, 0xff, 0x0b, 0x2f, 0xff,
0xff, 0x0b, 0x2f, 0xff, 0xff, 0x0b, 0x2f, 0xff, 0xff, 0x0b, 0x2f, 0xff, 0xff, 0x0b, 0x2f,
0xff, 0xff, 0x0b, 0x2f, 0xff, 0xff, 0x0a, 0x2f, 0xff, 0xff, 0x0a, 0x2f, 0xff, 0xff, 0x0a,
0x2f, 0xff, 0xff, 0x0b, 0x2f, 0xff, 0xff, 0x09, 0x2f, 0xfe, 0x8e, 0xff, 0xff, 0xff, 0x00,
0xff, 0xff, 0xff, 0x00, 0xff, 0xff, 0xff, 0x00, 0xff, 0xff, 0xff, 0x00, 0xff, 0xff, 0xff,
0x00, 0xff, 0xff, 0xff, 0x00, 0xff, 0xff, 0xff, 0x00, 0xff, 0xff, 0xff, 0x00, 0xff, 0xff,
0xff, 0x00, 0xff, 0xff, 0xff, 0x00, 0xff, 0xff, 0xff, 0x00, 0xff, 0xff, 0xff, 0x00, 0xff,
0xff, 0xff, 0x00, 0xff, 0xff, 0xff, 0x00, 0xff, 0xff, 0xff, 0x00, 0x08, 0x29, 0xd6, 0x85,
0x0b, 0x32, 0xff, 0xff, 0x0b, 0x31, 0xff, 0xff, 0x0b, 0x31, 0xff, 0xff, 0x0b, 0x31, 0xff,
0xff, 0x0b, 0x31, 0xff, 0xff, 0x0b, 0x31, 0xff, 0xff, 0x0b, 0x31, 0xff, 0xff, 0x0b, 0x31,
0xff, 0xff, 0x0b, 0x31, 0xff, 0xff, 0x0b, 0x31, 0xff, 0xff, 0x0b, 0x31, 0xff, 0xff, 0x0b,
0x31, 0xff, 0xff, 0x0b, 0x30, 0xff, 0xff, 0x0b, 0x30, 0xff, 0xff, 0x0b, 0x30, 0xff, 0xff,
0x0b, 0x30, 0xff, 0xff, 0x0b, 0x30, 0xff, 0xff, 0x0b, 0x30, 0xff, 0xff, 0x0b, 0x30, 0xff,
0xff, 0x0b, 0x30, 0xff, 0xff, 0x0b, 0x31, 0xff, 0xff, 0x0b, 0x31, 0xff, 0xff, 0x0b, 0x31,
0xff, 0xff, 0x0b, 0x31, 0xff, 0xff, 0x0b, 0x31, 0xff, 0xff, 0x0b, 0x31, 0xff, 0xff, 0x00,
0x27, 0xff, 0xff, 0x56, 0x6f, 0xff, 0xff, 0xff, 0xff, 0xff, 0xff, 0xff, 0xff, 0xff, 0xff,
0xff, 0xff, 0xff, 0xff, 0xff, 0xff, 0xff, 0xff, 0xff, 0xff, 0xff, 0xff, 0xff, 0xff, 0xff,
0xff, 0xff, 0xff, 0xff, 0xff, 0xff, 0xff, 0xff, 0xff, 0xff, 0xff, 0xff, 0xff, 0xff, 0xff,
0xff, 0xff, 0xff, 0xff, 0xff, 0xff, 0xff, 0xff, 0xff, 0xff, 0xff, 0xff, 0xff, 0xff, 0xff,
0xff, 0xff, 0xff, 0xff, 0xff, 0xff, 0xff, 0xff, 0xff, 0xff, 0xff, 0xff, 0xff, 0xff, 0xff,
0xff, 0xff, 0xff, 0xff, 0xff, 0xff, 0xff, 0xff, 0xff, 0xff, 0xff, 0xff, 0xff, 0xff, 0xff,
0xff, 0xff, 0xff, 0xff, 0xff, 0xaa, 0xb7, 0xff, 0xff, 0x00, 0x24, 0xff, 0xff, 0x0b, 0x30,
0xff, 0xff, 0x08, 0x2d, 0xff, 0xff, 0x15, 0x39, 0xff, 0xff, 0xd7, 0xdd, 0xff, 0xff, 0x37,
0x56, 0xff, 0xff, 0x02, 0x28, 0xff, 0xff, 0x0b, 0x31, 0xff, 0xff, 0x00, 0x23, 0xff, 0xff,
0x87, 0x99, 0xff, 0xff, 0xff, 0xff, 0xff, 0xff, 0xff, 0xff, 0xff, 0xff, 0xff, 0xff, 0xff,
0xff, 0xff, 0xff, 0xff, 0xff, 0xff, 0xff, 0xff, 0xff, 0xff, 0xff, 0xff, 0xff, 0xff, 0xff,
0xff, 0xff, 0xff, 0xff, 0xff, 0xff, 0xff, 0xff, 0xff, 0xff, 0xff, 0xff, 0xff, 0xff, 0xff,
0xff, 0xff, 0xff, 0xff, 0xff, 0xff, 0xff, 0xff, 0xff, 0xff, 0xff, 0xff, 0xff, 0xff, 0xff,
0xff, 0xff, 0xff, 0xff, 0xff, 0xff, 0xff, 0xff, 0xff, 0xff, 0xff, 0xff, 0xff, 0xff, 0xff,
0xff, 0xff, 0xff, 0xff, 0xff, 0xff, 0xff, 0xff, 0xff, 0xff, 0xff, 0xff, 0xff, 0xff, 0xff,
0xff, 0xff, 0x6f, 0x85, 0xff, 0xff, 0x00, 0x24, 0xff, 0xff, 0x0b, 0x30, 0xff, 0xff, 0x0b,
0x30, 0xff, 0xff, 0x0b, 0x30, 0xff, 0xff, 0x0b, 0x30, 0xff, 0xff, 0x0b, 0x30, 0xff, 0xff,
0x0b, 0x30, 0xff, 0xff, 0x0b, 0x30, 0xff, 0xff, 0x0b, 0x30, 0xff, 0xff, 0x0b, 0x30, 0xff,
0xff, 0x0b, 0x30, 0xff, 0xff, 0x0b, 0x30, 0xff, 0xff, 0x0b, 0x30, 0xff, 0xff, 0x0b, 0x30,
0xff, 0xff, 0x0b, 0x30, 0xff, 0xff, 0x0b, 0x30, 0xff, 0xff, 0x0b, 0x30, 0xff, 0xff, 0x0b,
0x30, 0xff, 0xff, 0x0b, 0x30, 0xff, 0xff, 0x0b, 0x30, 0xff, 0xff, 0x0b, 0x30, 0xff, 0xff,
0x0b, 0x30, 0xff, 0xff, 0x0b, 0x30, 0xff, 0xff, 0x0b, 0x30, 0xff, 0xff, 0x0b, 0x30, 0xff,
0xff, 0x0b, 0x30, 0xff, 0xff, 0x0b, 0x30, 0xff, 0xff, 0x0a, 0x2f, 0xfb, 0x64, 0xff, 0xff,
0xff, 0x00, 0xff, 0xff, 0xff, 0x00, 0xff, 0xff, 0xff, 0x00, 0xff, 0xff, 0xff, 0x00, 0xff,
0xff, 0xff, 0x00, 0xff, 0xff, 0xff, 0x00, 0xff, 0xff, 0xff, 0x00, 0xff, 0xff, 0xff, 0x00,
0xff, 0xff, 0xff, 0x00, 0xff, 0xff, 0xff, 0x00, 0xff, 0xff, 0xff, 0x00, 0xff, 0xff, 0xff,
0x00, 0xff, 0xff, 0xff, 0x00, 0xff, 0xff, 0xff, 0x00, 0xff, 0xff, 0xff, 0x00, 0x09, 0x2d,
0xee, 0x67, 0x0b, 0x32, 0xff, 0xff, 0x0b, 0x31, 0xff, 0xff, 0x0b, 0x31, 0xff, 0xff, 0x0b,
0x31, 0xff, 0xff, 0x0b, 0x31, 0xff, 0xff, 0x0b, 0x31, 0xff, 0xff, 0x0b, 0x31, 0xff, 0xff,
0x0b, 0x31, 0xff, 0xff, 0x0b, 0x31, 0xff, 0xff, 0x0b, 0x31, 0xff, 0xff, 0x0b, 0x31, 0xff,
0xff, 0x0b, 0x31, 0xff, 0xff, 0x0b, 0x31, 0xff, 0xff, 0x0b, 0x31, 0xff, 0xff, 0x0b, 0x31,
0xff, 0xff, 0x0b, 0x31, 0xff, 0xff, 0x0b, 0x31, 0xff, 0xff, 0x0b, 0x31, 0xff, 0xff, 0x0b,
0x31, 0xff, 0xff, 0x0b, 0x31, 0xff, 0xff, 0x0b, 0x31, 0xff, 0xff, 0x0b, 0x31, 0xff, 0xff,
0x0b, 0x31, 0xff, 0xff, 0x0b, 0x31, 0xff, 0xff, 0x0b, 0x31, 0xff, 0xff, 0x0b, 0x31, 0xff,
0xff, 0x00, 0x27, 0xff, 0xff, 0x56, 0x70, 0xff, 0xff, 0xff, 0xff, 0xff, 0xff, 0xff, 0xff,
0xff, 0xff, 0xff, 0xff, 0xff, 0xff, 0xff, 0xff, 0xff, 0xff, 0xff, 0xff, 0xff, 0xff, 0xff,
0xff, 0xff, 0xff, 0xff, 0xff, 0xff, 0xff, 0xff, 0xff, 0xff, 0xff, 0xff, 0xff, 0xff, 0xff,
0xff, 0xff, 0xff, 0xff, 0xff, 0xff, 0xff, 0xff, 0xff, 0xff, 0xff, 0xff, 0xff, 0xff, 0xff,
0xff, 0xff, 0xff, 0xff, 0xff, 0xff, 0xff, 0xff, 0xff, 0xff, 0xff, 0xff, 0xff, 0xfd, 0xfd,
0xff, 0xff, 0xfc, 0xfd, 0xff, 0xff, 0xfc, 0xfd, 0xff, 0xff, 0xfc, 0xfd, 0xff, 0xff, 0xfc,
0xfd, 0xff, 0xff, 0xfc, 0xfd, 0xff, 0xff, 0xf7, 0xf8, 0xff, 0xff, 0x41, 0x5f, 0xff, 0xff,
0x03, 0x2a, 0xff, 0xff, 0x0b, 0x31, 0xff, 0xff, 0x07, 0x2e, 0xff, 0xff, 0x26, 0x47, 0xff,
0xff, 0x0f, 0x34, 0xff, 0xff, 0x0a, 0x31, 0xff, 0xff, 0x06, 0x2c, 0xff, 0xff, 0x24, 0x46,
0xff, 0xff, 0xe6, 0xea, 0xff, 0xff, 0xfc, 0xfd, 0xff, 0xff, 0xfc, 0xfd, 0xff, 0xff, 0xfc,
0xfd, 0xff, 0xff, 0xfc, 0xfd, 0xff, 0xff, 0xfc, 0xfd, 0xff, 0xff, 0xfd, 0xfd, 0xff, 0xff,
0xff, 0xff, 0xff, 0xff, 0xff, 0xff, 0xff, 0xff, 0xff, 0xff, 0xff, 0xff, 0xff, 0xff, 0xff,
0xff, 0xff, 0xff, 0xff, 0xff, 0xff, 0xff, 0xff, 0xff, 0xff, 0xff, 0xff, 0xff, 0xff, 0xff,
0xff, 0xff, 0xff, 0xff, 0xff, 0xff, 0xff, 0xff, 0xff, 0xff, 0xff, 0xff, 0xff, 0xff, 0xff,
0xff, 0xff, 0xff, 0xff, 0xff, 0xff, 0xff, 0xff, 0xff, 0xff, 0xff, 0xff, 0xff, 0xff, 0xff,
0xff, 0xff, 0xff, 0xff, 0x70, 0x86, 0xff, 0xff, 0x00, 0x25, 0xff, 0xff, 0x0b, 0x30, 0xff,
0xff, 0x0b, 0x30, 0xff, 0xff, 0x0b, 0x30, 0xff, 0xff, 0x0b, 0x30, 0xff, 0xff, 0x0b, 0x30,
0xff, 0xff, 0x0b, 0x30, 0xff, 0xff, 0x0b, 0x30, 0xff, 0xff, 0x0b, 0x30, 0xff, 0xff, 0x0b,
0x30, 0xff, 0xff, 0x0b, 0x30, 0xff, 0xff, 0x0b, 0x30, 0xff, 0xff, 0x0b, 0x30, 0xff, 0xff,
0x0b, 0x30, 0xff, 0xff, 0x0b, 0x30, 0xff, 0xff, 0x0b, 0x30, 0xff, 0xff, 0x0b, 0x30, 0xff,
0xff, 0x0b, 0x30, 0xff, 0xff, 0x0b, 0x30, 0xff, 0xff, 0x0b, 0x30, 0xff, 0xff, 0x0b, 0x30,
0xff, 0xff, 0x0b, 0x30, 0xff, 0xff, 0x0b, 0x30, 0xff, 0xff, 0x0b, 0x30, 0xff, 0xff, 0x0b,
0x30, 0xff, 0xff, 0x0b, 0x30, 0xff, 0xff, 0x0b, 0x31, 0xff, 0xff, 0x07, 0x20, 0xa4, 0x3a,
0xff, 0xff, 0xff, 0x00, 0xff, 0xff, 0xff, 0x00, 0xff, 0xff, 0xff, 0x00, 0xff, 0xff, 0xff,
0x00, 0xff, 0xff, 0xff, 0x00, 0xff, 0xff, 0xff, 0x00, 0xff, 0xff, 0xff, 0x00, 0xff, 0xff,
0xff, 0x00, 0xff, 0xff, 0xff, 0x00, 0xff, 0xff, 0xff, 0x00, 0xff, 0xff, 0xff, 0x00, 0xff,
0xff, 0xff, 0x00, 0xff, 0xff, 0xff, 0x00, 0xff, 0xff, 0xff, 0x00, 0xff, 0xff, 0xff, 0x00,
0x07, 0x31, 0xf8, 0x40, 0x0b, 0x32, 0xff, 0xff, 0x0b, 0x32, 0xff, 0xff, 0x0b, 0x32, 0xff,
0xff, 0x0b, 0x32, 0xff, 0xff, 0x0b, 0x32, 0xff, 0xff, 0x0b, 0x32, 0xff, 0xff, 0x0b, 0x32,
0xff, 0xff, 0x0b, 0x32, 0xff, 0xff, 0x0b, 0x32, 0xff, 0xff, 0x0b, 0x32, 0xff, 0xff, 0x0b,
0x32, 0xff, 0xff, 0x0b, 0x32, 0xff, 0xff, 0x0b, 0x32, 0xff, 0xff, 0x0b, 0x32, 0xff, 0xff,
0x0b, 0x32, 0xff, 0xff, 0x0b, 0x32, 0xff, 0xff, 0x0b, 0x32, 0xff, 0xff, 0x0b, 0x32, 0xff,
0xff, 0x0b, 0x32, 0xff, 0xff, 0x0b, 0x32, 0xff, 0xff, 0x0b, 0x32, 0xff, 0xff, 0x0b, 0x32,
0xff, 0xff, 0x0b, 0x32, 0xff, 0xff, 0x0b, 0x32, 0xff, 0xff, 0x0b, 0x32, 0xff, 0xff, 0x0b,
0x32, 0xff, 0xff, 0x00, 0x28, 0xff, 0xff, 0x56, 0x71, 0xff, 0xff, 0xff, 0xff, 0xff, 0xff,
0xff, 0xff, 0xff, 0xff, 0xff, 0xff, 0xff, 0xff, 0xff, 0xff, 0xff, 0xff, 0xff, 0xff, 0xff,
0xff, 0xff, 0xff, 0xff, 0xff, 0xff, 0xff, 0xff, 0xff, 0xff, 0xff, 0xff, 0xff, 0xff, 0xff,
0xff, 0xff, 0xff, 0xff, 0xff, 0xff, 0xff, 0xff, 0xff, 0xff, 0xff, 0xff, 0xff, 0xff, 0xff,
0xff, 0xff, 0xff, 0xff, 0xff, 0xff, 0xff, 0xff, 0xff, 0xff, 0xff, 0xff, 0xff, 0xff, 0xff,
0x75, 0x8b, 0xff, 0xff, 0x2d, 0x4d, 0xff, 0xff, 0x36, 0x56, 0xff, 0xff, 0x36, 0x56, 0xff,
0xff, 0x36, 0x56, 0xff, 0xff, 0x36, 0x56, 0xff, 0xff, 0x39, 0x59, 0xff, 0xff, 0x26, 0x48,
0xff, 0xff, 0x08, 0x2f, 0xff, 0xff, 0x0b, 0x31, 0xff, 0xff, 0x0b, 0x31, 0xff, 0xff, 0x05,
0x2c, 0xff, 0xff, 0x0a, 0x30, 0xff, 0xff, 0x0b, 0x31, 0xff, 0xff, 0x08, 0x2f, 0xff, 0xff,
0x1e, 0x42, 0xff, 0xff, 0x3b, 0x5a, 0xff, 0xff, 0x36, 0x56, 0xff, 0xff, 0x36, 0x56, 0xff,
0xff, 0x36, 0x56, 0xff, 0xff, 0x36, 0x56, 0xff, 0xff, 0x31, 0x51, 0xff, 0xff, 0x4d, 0x69,
0xff, 0xff, 0xf6, 0xf8, 0xff, 0xff, 0xff, 0xff, 0xff, 0xff, 0xff, 0xff, 0xff, 0xff, 0xff,
0xff, 0xff, 0xff, 0xff, 0xff, 0xff, 0xff, 0xff, 0xff, 0xff, 0xff, 0xff, 0xff, 0xff, 0xff,
0xff, 0xff, 0xff, 0xff, 0xff, 0xff, 0xff, 0xff, 0xff, 0xff, 0xff, 0xff, 0xff, 0xff, 0xff,
0xff, 0xff, 0xff, 0xff, 0xff, 0xff, 0xff, 0xff, 0xff, 0xff, 0xff, 0xff, 0xff, 0xff, 0xff,
0xff, 0xff, 0xff, 0xff, 0xff, 0xff, 0x70, 0x87, 0xff, 0xff, 0x00, 0x25, 0xff, 0xff, 0x0b,
0x31, 0xff, 0xff, 0x0b, 0x31, 0xff, 0xff, 0x0b, 0x31, 0xff, 0xff, 0x0b, 0x31, 0xff, 0xff,
0x0b, 0x31, 0xff, 0xff, 0x0b, 0x31, 0xff, 0xff, 0x0b, 0x31, 0xff, 0xff, 0x0b, 0x31, 0xff,
0xff, 0x0b, 0x31, 0xff, 0xff, 0x0b, 0x31, 0xff, 0xff, 0x0b, 0x31, 0xff, 0xff, 0x0b, 0x31,
0xff, 0xff, 0x0b, 0x31, 0xff, 0xff, 0x0b, 0x31, 0xff, 0xff, 0x0b, 0x31, 0xff, 0xff, 0x0b,
0x31, 0xff, 0xff, 0x0b, 0x31, 0xff, 0xff, 0x0b, 0x31, 0xff, 0xff, 0x0b, 0x31, 0xff, 0xff,
0x0b, 0x31, 0xff, 0xff, 0x0b, 0x31, 0xff, 0xff, 0x0b, 0x31, 0xff, 0xff, 0x0b, 0x31, 0xff,
0xff, 0x0b, 0x31, 0xff, 0xff, 0x0b, 0x31, 0xff, 0xff, 0x0b, 0x30, 0xfd, 0xef, 0x08, 0x21,
0xe1, 0x16, 0xff, 0xff, 0xff, 0x00, 0xff, 0xff, 0xff, 0x00, 0xff, 0xff, 0xff, 0x00, 0xff,
0xff, 0xff, 0x00, 0xff, 0xff, 0xff, 0x00, 0xff, 0xff, 0xff, 0x00, 0xff, 0xff, 0xff, 0x00,
0xff, 0xff, 0xff, 0x00, 0xff, 0xff, 0xff, 0x00, 0xff, 0xff, 0xff, 0x00, 0xff, 0xff, 0xff,
0x00, 0xff, 0xff, 0xff, 0x00, 0xff, 0xff, 0xff, 0x00, 0xff, 0xff, 0xff, 0x00, 0xff, 0xff,
0xff, 0x00, 0x0b, 0x32, 0xfc, 0x1b, 0x0b, 0x33, 0xff, 0xf3, 0x0b, 0x32, 0xff, 0xff, 0x0b,
0x32, 0xff, 0xff, 0x0b, 0x32, 0xff, 0xff, 0x0b, 0x32, 0xff, 0xff, 0x0b, 0x32, 0xff, 0xff,
0x0b, 0x32, 0xff, 0xff, 0x0b, 0x32, 0xff, 0xff, 0x0b, 0x32, 0xff, 0xff, 0x0b, 0x32, 0xff,
0xff, 0x0b, 0x32, 0xff, 0xff, 0x0b, 0x32, 0xff, 0xff, 0x0b, 0x32, 0xff, 0xff, 0x0b, 0x32,
0xff, 0xff, 0x0b, 0x32, 0xff, 0xff, 0x0b, 0x32, 0xff, 0xff, 0x0b, 0x32, 0xff, 0xff, 0x0b,
0x32, 0xff, 0xff, 0x0b, 0x32, 0xff, 0xff, 0x0b, 0x32, 0xff, 0xff, 0x0b, 0x32, 0xff, 0xff,
0x0b, 0x32, 0xff, 0xff, 0x0b, 0x32, 0xff, 0xff, 0x0b, 0x32, 0xff, 0xff, 0x0b, 0x32, 0xff,
0xff, 0x0b, 0x32, 0xff, 0xff, 0x00, 0x28, 0xff, 0xff, 0x57, 0x72, 0xff, 0xff, 0xff, 0xff,
0xff, 0xff, 0xff, 0xff, 0xff, 0xff, 0xff, 0xff, 0xff, 0xff, 0xff, 0xff, 0xff, 0xff, 0xff,
0xff, 0xff, 0xff, 0xff, 0xff, 0xff, 0xff, 0xff, 0xff, 0xff, 0xff, 0xff, 0xff, 0xff, 0xff,
0xff, 0xff, 0xff, 0xff, 0xff, 0xff, 0xff, 0xff, 0xff, 0xff, 0xff, 0xff, 0xff, 0xff, 0xff,
0xff, 0xff, 0xff, 0xff, 0xff, 0xff, 0xff, 0xff, 0xff, 0xff, 0xff, 0xff, 0xff, 0xff, 0xff,
0xff, 0xff, 0x4c, 0x68, 0xff, 0xff, 0x00, 0x19, 0xff, 0xff, 0x00, 0x23, 0xff, 0xff, 0x00,
0x23, 0xff, 0xff, 0x00, 0x23, 0xff, 0xff, 0x00, 0x23, 0xff, 0xff, 0x00, 0x23, 0xff, 0xff,
0x00, 0x27, 0xff, 0xff, 0x04, 0x2c, 0xff, 0xff, 0x0b, 0x32, 0xff, 0xff, 0x0b, 0x32, 0xff,
0xff, 0x0b, 0x32, 0xff, 0xff, 0x0b, 0x32, 0xff, 0xff, 0x0b, 0x32, 0xff, 0xff, 0x05, 0x2d,
0xff, 0xff, 0x00, 0x28, 0xff, 0xff, 0x00, 0x23, 0xff, 0xff, 0x00, 0x24, 0xff, 0xff, 0x00,
0x24, 0xff, 0xff, 0x00, 0x24, 0xff, 0xff, 0x00, 0x24, 0xff, 0xff, 0x00, 0x1e, 0xff, 0xff,
0x18, 0x3d, 0xff, 0xff, 0xf3, 0xf5, 0xff, 0xff, 0xff, 0xff, 0xff, 0xff, 0xff, 0xff, 0xff,
0xff, 0xff, 0xff, 0xff, 0xff, 0xff, 0xff, 0xff, 0xff, 0xff, 0xff, 0xff, 0xff, 0xff, 0xff,
0xff, 0xff, 0xff, 0xff, 0xff, 0xff, 0xff, 0xff, 0xff, 0xff, 0xff, 0xff, 0xff, 0xff, 0xff,
0xff, 0xff, 0xff, 0xff, 0xff, 0xff, 0xff, 0xff, 0xff, 0xff, 0xff, 0xff, 0xff, 0xff, 0xff,
0xff, 0xff, 0xff, 0xff, 0xff, 0xff, 0xff, 0xff, 0x72, 0x88, 0xff, 0xff, 0x00, 0x26, 0xff,
0xff, 0x0b, 0x32, 0xff, 0xff, 0x0b, 0x32, 0xff, 0xff, 0x0b, 0x32, 0xff, 0xff, 0x0b, 0x32,
0xff, 0xff, 0x0b, 0x31, 0xff, 0xff, 0x0b, 0x31, 0xff, 0xff, 0x0b, 0x31, 0xff, 0xff, 0x0b,
0x31, 0xff, 0xff, 0x0b, 0x31, 0xff, 0xff, 0x0b, 0x32, 0xff, 0xff, 0x0b, 0x32, 0xff, 0xff,
0x0b, 0x32, 0xff, 0xff, 0x0b, 0x32, 0xff, 0xff, 0x0b, 0x32, 0xff, 0xff, 0x0b, 0x32, 0xff,
0xff, 0x0b, 0x32, 0xff, 0xff, 0x0b, 0x31, 0xff, 0xff, 0x0b, 0x31, 0xff, 0xff, 0x0b, 0x31,
0xff, 0xff, 0x0b, 0x31, 0xff, 0xff, 0x0b, 0x31, 0xff, 0xff, 0x0b, 0x31, 0xff, 0xff, 0x0b,
0x31, 0xff, 0xff, 0x0b, 0x31, 0xff, 0xff, 0x0b, 0x32, 0xff, 0xff, 0x0a, 0x30, 0xfd, 0xd9,
0x06, 0x25, 0xef, 0x05, 0xff, 0xff, 0xff, 0x00, 0xff, 0xff, 0xff, 0x00, 0xff, 0xff, 0xff,
0x00, 0xff, 0xff, 0xff, 0x00, 0xff, 0xff, 0xff, 0x00, 0xff, 0xff, 0xff, 0x00, 0xff, 0xff,
0xff, 0x00, 0xff, 0xff, 0xff, 0x00, 0xff, 0xff, 0xff, 0x00, 0xff, 0xff, 0xff, 0x00, 0xff,
0xff, 0xff, 0x00, 0xff, 0xff, 0xff, 0x00, 0xff, 0xff, 0xff, 0x00, 0xff, 0xff, 0xff, 0x00,
0xff, 0xff, 0xff, 0x00, 0x07, 0x27, 0xee, 0x07, 0x0a, 0x31, 0xfc, 0xdd, 0x0b, 0x33, 0xff,
0xff, 0x0b, 0x33, 0xff, 0xff, 0x0b, 0x33, 0xff, 0xff, 0x0b, 0x33, 0xff, 0xff, 0x0b, 0x33,
0xff, 0xff, 0x0b, 0x33, 0xff, 0xff, 0x0b, 0x33, 0xff, 0xff, 0x0b, 0x33, 0xff, 0xff, 0x0b,
0x33, 0xff, 0xff, 0x0b, 0x33, 0xff, 0xff, 0x0b, 0x33, 0xff, 0xff, 0x0b, 0x33, 0xff, 0xff,
0x0b, 0x33, 0xff, 0xff, 0x0b, 0x33, 0xff, 0xff, 0x0b, 0x33, 0xff, 0xff, 0x0b, 0x33, 0xff,
0xff, 0x0b, 0x33, 0xff, 0xff, 0x0b, 0x33, 0xff, 0xff, 0x0b, 0x33, 0xff, 0xff, 0x0b, 0x33,
0xff, 0xff, 0x0b, 0x33, 0xff, 0xff, 0x0b, 0x33, 0xff, 0xff, 0x0b, 0x33, 0xff, 0xff, 0x0b,
0x33, 0xff, 0xff, 0x0b, 0x33, 0xff, 0xff, 0x00, 0x29, 0xff, 0xff, 0x57, 0x73, 0xff, 0xff,
0xff, 0xff, 0xff, 0xff, 0xff, 0xff, 0xff, 0xff, 0xff, 0xff, 0xff, 0xff, 0xff, 0xff, 0xff,
0xff, 0xff, 0xff, 0xff, 0xff, 0xff, 0xff, 0xff, 0xff, 0xff, 0xff, 0xff, 0xff, 0xff, 0xff,
0xff, 0xff, 0xff, 0xff, 0xff, 0xff, 0xff, 0xff, 0xff, 0xff, 0xff, 0xff, 0xff, 0xff, 0xff,
0xff, 0xff, 0xff, 0xff, 0xff, 0xff, 0xff, 0xff, 0xff, 0xff, 0xff, 0xff, 0xff, 0xff, 0xff,
0xff, 0xff, 0xff, 0xff, 0x77, 0x8d, 0xff, 0xff, 0x30, 0x51, 0xff, 0xff, 0x39, 0x59, 0xff,
0xff, 0x39, 0x59, 0xff, 0xff, 0x39, 0x59, 0xff, 0xff, 0x39, 0x59, 0xff, 0xff, 0x39, 0x59,
0xff, 0xff, 0x3a, 0x59, 0xff, 0xff, 0x31, 0x52, 0xff, 0xff, 0x0c, 0x33, 0xff, 0xff, 0x0a,
0x32, 0xff, 0xff, 0x0b, 0x33, 0xff, 0xff, 0x0b, 0x32, 0xff, 0xff, 0x0a, 0x31, 0xff, 0xff,
0x2e, 0x4f, 0xff, 0xff, 0x3a, 0x5a, 0xff, 0xff, 0x39, 0x59, 0xff, 0xff, 0x39, 0x59, 0xff,
0xff, 0x39, 0x59, 0xff, 0xff, 0x39, 0x59, 0xff, 0xff, 0x39, 0x59, 0xff, 0xff, 0x34, 0x54,
0xff, 0xff, 0x50, 0x6c, 0xff, 0xff, 0xf6, 0xf8, 0xff, 0xff, 0xff, 0xff, 0xff, 0xff, 0xff,
0xff, 0xff, 0xff, 0xff, 0xff, 0xff, 0xff, 0xff, 0xff, 0xff, 0xff, 0xff, 0xff, 0xff, 0xff,
0xff, 0xff, 0xff, 0xff, 0xff, 0xff, 0xff, 0xff, 0xff, 0xff, 0xff, 0xff, 0xff, 0xff, 0xff,
0xff, 0xff, 0xff, 0xff, 0xff, 0xff, 0xff, 0xff, 0xff, 0xff, 0xff, 0xff, 0xff, 0xff, 0xff,
0xff, 0xff, 0xff, 0xff, 0xff, 0xff, 0xff, 0xff, 0xff, 0xff, 0x73, 0x89, 0xff, 0xff, 0x00,
0x26, 0xff, 0xff, 0x0b, 0x32, 0xff, 0xff, 0x0b, 0x32, 0xff, 0xff, 0x0b, 0x32, 0xff, 0xff,
0x0b, 0x32, 0xff, 0xff, 0x0b, 0x32, 0xff, 0xff, 0x0b, 0x32, 0xff, 0xff, 0x0b, 0x32, 0xff,
0xff, 0x0b, 0x32, 0xff, 0xff, 0x0b, 0x32, 0xff, 0xff, 0x0b, 0x32, 0xff, 0xff, 0x0b, 0x32,
0xff, 0xff, 0x0b, 0x32, 0xff, 0xff, 0x0b, 0x32, 0xff, 0xff, 0x0b, 0x32, 0xff, 0xff, 0x0b,
0x32, 0xff, 0xff, 0x0b, 0x32, 0xff, 0xff, 0x0b, 0x32, 0xff, 0xff, 0x0b, 0x32, 0xff, 0xff,
0x0b, 0x32, 0xff, 0xff, 0x0b, 0x32, 0xff, 0xff, 0x0b, 0x32, 0xff, 0xff, 0x0b, 0x32, 0xff,
0xff, 0x0b, 0x32, 0xff, 0xff, 0x0b, 0x32, 0xff, 0xff, 0x0b, 0x32, 0xff, 0xff, 0x0a, 0x31,
0xff, 0xc0, 0x06, 0x29, 0xf9, 0x00, 0xff, 0xff, 0xff, 0x00, 0xff, 0xff, 0xff, 0x00, 0xff,
0xff, 0xff, 0x00, 0xff, 0xff, 0xff, 0x00, 0xff, 0xff, 0xff, 0x00, 0xff, 0xff, 0xff, 0x00,
0xff, 0xff, 0xff, 0x00, 0xff, 0xff, 0xff, 0x00, 0xff, 0xff, 0xff, 0x00, 0xff, 0xff, 0xff,
0x00, 0xff, 0xff, 0xff, 0x00, 0xff, 0xff, 0xff, 0x00, 0xff, 0xff, 0xff, 0x00, 0xff, 0xff,
0xff, 0x00, 0xff, 0xff, 0xff, 0x00, 0x09, 0x27, 0xee, 0x00, 0x0b, 0x31, 0xfc, 0xc3, 0x0c,
0x34, 0xff, 0xff, 0x0c, 0x34, 0xff, 0xff, 0x0c, 0x34, 0xff, 0xff, 0x0c, 0x34, 0xff, 0xff,
0x0c, 0x34, 0xff, 0xff, 0x0c, 0x34, 0xff, 0xff, 0x0c, 0x34, 0xff, 0xff, 0x0c, 0x34, 0xff,
0xff, 0x0c, 0x34, 0xff, 0xff, 0x0c, 0x34, 0xff, 0xff, 0x0c, 0x34, 0xff, 0xff, 0x0b, 0x33,
0xff, 0xff, 0x0b, 0x33, 0xff, 0xff, 0x0b, 0x33, 0xff, 0xff, 0x0b, 0x33, 0xff, 0xff, 0x0b,
0x33, 0xff, 0xff, 0x0b, 0x33, 0xff, 0xff, 0x0b, 0x33, 0xff, 0xff, 0x0b, 0x33, 0xff, 0xff,
0x0b, 0x33, 0xff, 0xff, 0x0b, 0x33, 0xff, 0xff, 0x0b, 0x33, 0xff, 0xff, 0x0b, 0x33, 0xff,
0xff, 0x0b, 0x33, 0xff, 0xff, 0x0b, 0x33, 0xff, 0xff, 0x00, 0x29, 0xff, 0xff, 0x57, 0x73,
0xff, 0xff, 0xff, 0xff, 0xff, 0xff, 0xff, 0xff, 0xff, 0xff, 0xff, 0xff, 0xff, 0xff, 0xff,
0xff, 0xff, 0xff, 0xff, 0xff, 0xff, 0xff, 0xff, 0xff, 0xff, 0xff, 0xff, 0xff, 0xff, 0xff,
0xff, 0xff, 0xff, 0xff, 0xff, 0xff, 0xff, 0xff, 0xff, 0xff, 0xff, 0xff, 0xff, 0xff, 0xff,
0xff, 0xff, 0xff, 0xff, 0xff, 0xff, 0xff, 0xff, 0xff, 0xff, 0xff, 0xff, 0xff, 0xff, 0xff,
0xff, 0xff, 0xff, 0xff, 0xff, 0xff, 0xfe, 0xfe, 0xff, 0xff, 0xfe, 0xfe, 0xff, 0xff, 0xfe,
0xfe, 0xff, 0xff, 0xfe, 0xfe, 0xff, 0xff, 0xfe, 0xfe, 0xff, 0xff, 0xfe, 0xfe, 0xff, 0xff,
0xfe, 0xfe, 0xff, 0xff, 0xfe, 0xff, 0xff, 0xff, 0xd5, 0xdc, 0xff, 0xff, 0x0f, 0x36, 0xff,
0xff, 0x08, 0x31, 0xff, 0xff, 0x0b, 0x33, 0xff, 0xff, 0x0a, 0x32, 0xff, 0xff, 0x05, 0x2e,
0xff, 0xff, 0xc4, 0xcd, 0xff, 0xff, 0xff, 0xff, 0xff, 0xff, 0xfe, 0xfe, 0xff, 0xff, 0xfe,
0xfe, 0xff, 0xff, 0xfe, 0xfe, 0xff, 0xff, 0xfe, 0xfe, 0xff, 0xff, 0xfe, 0xfe, 0xff, 0xff,
0xfe, 0xfe, 0xff, 0xff, 0xfe, 0xfe, 0xff, 0xff, 0xff, 0xff, 0xff, 0xff, 0xff, 0xff, 0xff,
0xff, 0xff, 0xff, 0xff, 0xff, 0xff, 0xff, 0xff, 0xff, 0xff, 0xff, 0xff, 0xff, 0xff, 0xff,
0xff, 0xff, 0xff, 0xff, 0xff, 0xff, 0xff, 0xff, 0xff, 0xff, 0xff, 0xff, 0xff, 0xff, 0xff,
0xff, 0xff, 0xff, 0xff, 0xff, 0xff, 0xff, 0xff, 0xff, 0xff, 0xff, 0xff, 0xff, 0xff, 0xff,
0xff, 0xff, 0xff, 0xff, 0xff, 0xff, 0xff, 0xff, 0xff, 0xff, 0xff, 0xff, 0x73, 0x8a, 0xff,
0xff, 0x00, 0x27, 0xff, 0xff, 0x0b, 0x33, 0xff, 0xff, 0x0b, 0x33, 0xff, 0xff, 0x0b, 0x33,
0xff, 0xff, 0x0b, 0x33, 0xff, 0xff, 0x0b, 0x33, 0xff, 0xff, 0x0b, 0x33, 0xff, 0xff, 0x0b,
0x33, 0xff, 0xff, 0x0b, 0x33, 0xff, 0xff, 0x0b, 0x33, 0xff, 0xff, 0x0b, 0x33, 0xff, 0xff,
0x0b, 0x33, 0xff, 0xff, 0x0b, 0x33, 0xff, 0xff, 0x0b, 0x33, 0xff, 0xff, 0x0b, 0x33, 0xff,
0xff, 0x0b, 0x33, 0xff, 0xff, 0x0b, 0x33, 0xff, 0xff, 0x0b, 0x33, 0xff, 0xff, 0x0b, 0x33,
0xff, 0xff, 0x0b, 0x33, 0xff, 0xff, 0x0b, 0x33, 0xff, 0xff, 0x0b, 0x33, 0xff, 0xff, 0x0b,
0x33, 0xff, 0xff, 0x0b, 0x33, 0xff, 0xff, 0x0b, 0x32, 0xff, 0xff, 0x0b, 0x34, 0xff, 0xff,
0x08, 0x27, 0xc6, 0x84, 0x04, 0x1a, 0x8b, 0x00, 0xff, 0xff, 0xff, 0x00, 0xff, 0xff, 0xff,
0x00, 0xff, 0xff, 0xff, 0x00, 0xff, 0xff, 0xff, 0x00, 0xff, 0xff, 0xff, 0x00, 0xff, 0xff,
0xff, 0x00, 0xff, 0xff, 0xff, 0x00, 0xff, 0xff, 0xff, 0x00, 0xff, 0xff, 0xff, 0x00, 0xff,
0xff, 0xff, 0x00, 0xff, 0xff, 0xff, 0x00, 0xff, 0xff, 0xff, 0x00, 0xff, 0xff, 0xff, 0x00,
0xff, 0xff, 0xff, 0x00, 0xff, 0xff, 0xff, 0x00, 0x0a, 0x35, 0xfe, 0x00, 0x0b, 0x35, 0xff,
0x84, 0x0c, 0x34, 0xff, 0xff, 0x0c, 0x34, 0xff, 0xff, 0x0c, 0x34, 0xff, 0xff, 0x0c, 0x34,
0xff, 0xff, 0x0c, 0x34, 0xff, 0xff, 0x0c, 0x34, 0xff, 0xff, 0x0c, 0x34, 0xff, 0xff, 0x0c,
0x34, 0xff, 0xff, 0x0c, 0x34, 0xff, 0xff, 0x0c, 0x34, 0xff, 0xff, 0x0c, 0x34, 0xff, 0xff,
0x0c, 0x34, 0xff, 0xff, 0x0c, 0x34, 0xff, 0xff, 0x0c, 0x34, 0xff, 0xff, 0x0c, 0x34, 0xff,
0xff, 0x0c, 0x34, 0xff, 0xff, 0x0c, 0x34, 0xff, 0xff, 0x0c, 0x34, 0xff, 0xff, 0x0c, 0x34,
0xff, 0xff, 0x0c, 0x34, 0xff, 0xff, 0x0c, 0x34, 0xff, 0xff, 0x0c, 0x34, 0xff, 0xff, 0x0c,
0x34, 0xff, 0xff, 0x0c, 0x34, 0xff, 0xff, 0x0c, 0x34, 0xff, 0xff, 0x00, 0x2a, 0xff, 0xff,
0x58, 0x74, 0xff, 0xff, 0xff, 0xff, 0xff, 0xff, 0xff, 0xff, 0xff, 0xff, 0xff, 0xff, 0xff,
0xff, 0xff, 0xff, 0xff, 0xff, 0xff, 0xff, 0xff, 0xff, 0xff, 0xff, 0xff, 0xff, 0xff, 0xff,
0xff, 0xff, 0xff, 0xff, 0xff, 0xff, 0xff, 0xff, 0xff, 0xff, 0xff, 0xff, 0xff, 0xff, 0xff,
0xff, 0xff, 0xff, 0xff, 0xff, 0xff, 0xff, 0xff, 0xff, 0xff, 0xff, 0xff, 0xff, 0xff, 0xff,
0xff, 0xff, 0xff, 0xff, 0xff, 0xff, 0xff, 0xff, 0xff, 0xff, 0xff, 0xff, 0xff, 0xff, 0xff,
0xff, 0xff, 0xff, 0xff, 0xff, 0xff, 0xff, 0xff, 0xff, 0xff, 0xff, 0xff, 0xff, 0xff, 0xff,
0xff, 0xff, 0xff, 0xff, 0xff, 0xff, 0xff, 0xff, 0xff, 0xff, 0xe1, 0xe6, 0xff, 0xff, 0x10,
0x37, 0xff, 0xff, 0x09, 0x32, 0xff, 0xff, 0x0c, 0x34, 0xff, 0xff, 0x0b, 0x33, 0xff, 0xff,
0x05, 0x2e, 0xff, 0xff, 0xcf, 0xd7, 0xff, 0xff, 0xff, 0xff, 0xff, 0xff, 0xff, 0xff, 0xff,
0xff, 0xff, 0xff, 0xff, 0xff, 0xff, 0xff, 0xff, 0xff, 0xff, 0xff, 0xff, 0xff, 0xff, 0xff,
0xff, 0xff, 0xff, 0xff, 0xff, 0xff, 0xff, 0xff, 0xff, 0xff, 0xff, 0xff, 0xff, 0xff, 0xff,
0xff, 0xff, 0xff, 0xff, 0xff, 0xff, 0xff, 0xff, 0xff, 0xff, 0xff, 0xff, 0xff, 0xff, 0xff,
0xff, 0xff, 0xff, 0xff, 0xff, 0xff, 0xff, 0xff, 0xff, 0xff, 0xff, 0xff, 0xff, 0xff, 0xff,
0xff, 0xff, 0xff, 0xff, 0xff, 0xff, 0xff, 0xff, 0xff, 0xff, 0xff, 0xff, 0xff, 0xff, 0xff,
0xff, 0xff, 0xff, 0xff, 0xff, 0xff, 0xff, 0xff, 0xff, 0xff, 0xff, 0xff, 0xff, 0xff, 0x74,
0x8b, 0xff, 0xff, 0x00, 0x27, 0xff, 0xff, 0x0b, 0x33, 0xff, 0xff, 0x0b, 0x33, 0xff, 0xff,
0x0b, 0x33, 0xff, 0xff, 0x0b, 0x33, 0xff, 0xff, 0x0b, 0x33, 0xff, 0xff, 0x0b, 0x33, 0xff,
0xff, 0x0b, 0x33, 0xff, 0xff, 0x0b, 0x33, 0xff, 0xff, 0x0b, 0x33, 0xff, 0xff, 0x0b, 0x33,
0xff, 0xff, 0x0b, 0x33, 0xff, 0xff, 0x0b, 0x33, 0xff, 0xff, 0x0b, 0x33, 0xff, 0xff, 0x0b,
0x33, 0xff, 0xff, 0x0b, 0x33, 0xff, 0xff, 0x0b, 0x33, 0xff, 0xff, 0x0b, 0x33, 0xff, 0xff,
0x0b, 0x33, 0xff, 0xff, 0x0b, 0x33, 0xff, 0xff, 0x0b, 0x33, 0xff, 0xff, 0x0b, 0x33, 0xff,
0xff, 0x0b, 0x33, 0xff, 0xff, 0x0b, 0x33, 0xff, 0xff, 0x0b, 0x33, 0xff, 0xff, 0x0b, 0x34,
0xff, 0xff, 0x06, 0x1c, 0xbc, 0x3b, 0x04, 0x12, 0x98, 0x00, 0xff, 0xff, 0xff, 0x00, 0xff,
0xff, 0xff, 0x00, 0xff, 0xff, 0xff, 0x00, 0xff, 0xff, 0xff, 0x00, 0xff, 0xff, 0xff, 0x00,
0xff, 0xff, 0xff, 0x00, 0xff, 0xff, 0xff, 0x00, 0xff, 0xff, 0xff, 0x00, 0xff, 0xff, 0xff,
0x00, 0xff, 0xff, 0xff, 0x00, 0xff, 0xff, 0xff, 0x00, 0xff, 0xff, 0xff, 0x00, 0xff, 0xff,
0xff, 0x00, 0xff, 0xff, 0xff, 0x00, 0xff, 0xff, 0xff, 0x00, 0x07, 0x2c, 0xed, 0x00, 0x08,
0x2d, 0xef, 0x36, 0x0c, 0x34, 0xfe, 0xfc, 0x0c, 0x35, 0xff, 0xff, 0x0c, 0x35, 0xff, 0xff,
0x0c, 0x35, 0xff, 0xff, 0x0c, 0x35, 0xff, 0xff, 0x0c, 0x35, 0xff, 0xff, 0x0c, 0x35, 0xff,
0xff, 0x0c, 0x35, 0xff, 0xff, 0x0c, 0x35, 0xff, 0xff, 0x0c, 0x35, 0xff, 0xff, 0x0c, 0x35,
0xff, 0xff, 0x0c, 0x35, 0xff, 0xff, 0x0c, 0x35, 0xff, 0xff, 0x0c, 0x35, 0xff, 0xff, 0x0c,
0x35, 0xff, 0xff, 0x0c, 0x35, 0xff, 0xff, 0x0c, 0x35, 0xff, 0xff, 0x0c, 0x35, 0xff, 0xff,
0x0c, 0x35, 0xff, 0xff, 0x0c, 0x35, 0xff, 0xff, 0x0c, 0x35, 0xff, 0xff, 0x0c, 0x35, 0xff,
0xff, 0x0c, 0x35, 0xff, 0xff, 0x0c, 0x35, 0xff, 0xff, 0x0c, 0x35, 0xff, 0xff, 0x00, 0x2b,
0xff, 0xff, 0x58, 0x74, 0xff, 0xff, 0xff, 0xff, 0xff, 0xff, 0xff, 0xff, 0xff, 0xff, 0xff,
0xff, 0xff, 0xff, 0xff, 0xff, 0xff, 0xff, 0xff, 0xff, 0xff, 0xff, 0xff, 0xff, 0xff, 0xff,
0xff, 0xff, 0xff, 0xff, 0xff, 0xff, 0xff, 0xff, 0xff, 0xff, 0xff, 0xff, 0xff, 0xff, 0xff,
0xff, 0xff, 0xff, 0xff, 0xff, 0xff, 0xff, 0xff, 0xff, 0xff, 0xff, 0xff, 0xff, 0xff, 0xff,
0xff, 0xff, 0xff, 0xff, 0xff, 0xff, 0xff, 0xff, 0xff, 0xff, 0xd7, 0xde, 0xff, 0xff, 0xc2,
0xcc, 0xff, 0xff, 0xc5, 0xce, 0xff, 0xff, 0xc5, 0xce, 0xff, 0xff, 0xc5, 0xce, 0xff, 0xff,
0xc5, 0xce, 0xff, 0xff, 0xc5, 0xce, 0xff, 0xff, 0xc5, 0xce, 0xff, 0xff, 0xa6, 0xb4, 0xff,
0xff, 0x0f, 0x36, 0xff, 0xff, 0x0a, 0x33, 0xff, 0xff, 0x0c, 0x34, 0xff, 0xff, 0x0b, 0x33,
0xff, 0xff, 0x07, 0x30, 0xff, 0xff, 0x98, 0xaa, 0xff, 0xff, 0xc5, 0xce, 0xff, 0xff, 0xc5,
0xce, 0xff, 0xff, 0xc5, 0xce, 0xff, 0xff, 0xc5, 0xce, 0xff, 0xff, 0xc5, 0xce, 0xff, 0xff,
0xc5, 0xce, 0xff, 0xff, 0xc3, 0xcd, 0xff, 0xff, 0xcb, 0xd4, 0xff, 0xff, 0xfc, 0xfd, 0xff,
0xff, 0xff, 0xff, 0xff, 0xff, 0xff, 0xff, 0xff, 0xff, 0xff, 0xff, 0xff, 0xff, 0xff, 0xff,
0xff, 0xff, 0xff, 0xff, 0xff, 0xff, 0xff, 0xff, 0xff, 0xff, 0xff, 0xff, 0xff, 0xff, 0xff,
0xff, 0xff, 0xff, 0xff, 0xff, 0xff, 0xff, 0xff, 0xff, 0xff, 0xff, 0xff, 0xff, 0xff, 0xff,
0xff, 0xff, 0xff, 0xff, 0xff, 0xff, 0xff, 0xff, 0xff, 0xff, 0xff, 0xff, 0xff, 0xff, 0xff,
0xff, 0x76, 0x8c, 0xff, 0xff, 0x00, 0x28, 0xff, 0xff, 0x0c, 0x34, 0xff, 0xff, 0x0c, 0x34,
0xff, 0xff, 0x0c, 0x34, 0xff, 0xff, 0x0c, 0x34, 0xff, 0xff, 0x0c, 0x34, 0xff, 0xff, 0x0c,
0x34, 0xff, 0xff, 0x0c, 0x34, 0xff, 0xff, 0x0c, 0x34, 0xff, 0xff, 0x0c, 0x34, 0xff, 0xff,
0x0c, 0x34, 0xff, 0xff, 0x0c, 0x34, 0xff, 0xff, 0x0c, 0x34, 0xff, 0xff, 0x0c, 0x34, 0xff,
0xff, 0x0c, 0x34, 0xff, 0xff, 0x0c, 0x34, 0xff, 0xff, 0x0c, 0x34, 0xff, 0xff, 0x0c, 0x34,
0xff, 0xff, 0x0c, 0x34, 0xff, 0xff, 0x0c, 0x34, 0xff, 0xff, 0x0c, 0x34, 0xff, 0xff, 0x0c,
0x34, 0xff, 0xff, 0x0c, 0x34, 0xff, 0xff, 0x0c, 0x34, 0xff, 0xff, 0x0c, 0x34, 0xff, 0xff,
0x0c, 0x32, 0xfd, 0xe7, 0x09, 0x27, 0xe2, 0x0d, 0x09, 0x26, 0xe1, 0x00, 0xff, 0xff, 0xff,
0x00, 0xff, 0xff, 0xff, 0x00, 0xff, 0xff, 0xff, 0x00, 0xff, 0xff, 0xff, 0x00, 0xff, 0xff,
0xff, 0x00, 0xff, 0xff, 0xff, 0x00, 0xff, 0xff, 0xff, 0x00, 0xff, 0xff, 0xff, 0x00, 0xff,
0xff, 0xff, 0x00, 0xff, 0xff, 0xff, 0x00, 0xff, 0xff, 0xff, 0x00, 0xff, 0xff, 0xff, 0x00,
0xff, 0xff, 0xff, 0x00, 0xff, 0xff, 0xff, 0x00, 0xff, 0xff, 0xff, 0x00, 0x04, 0x25, 0xcd,
0x00, 0x04, 0x26, 0xd0, 0x06, 0x0b, 0x34, 0xfb, 0xdf, 0x0c, 0x35, 0xff, 0xff, 0x0c, 0x35,
0xff, 0xff, 0x0c, 0x35, 0xff, 0xff, 0x0c, 0x35, 0xff, 0xff, 0x0c, 0x35, 0xff, 0xff, 0x0c,
0x35, 0xff, 0xff, 0x0c, 0x35, 0xff, 0xff, 0x0c, 0x35, 0xff, 0xff, 0x0c, 0x35, 0xff, 0xff,
0x0c, 0x35, 0xff, 0xff, 0x0c, 0x35, 0xff, 0xff, 0x0c, 0x35, 0xff, 0xff, 0x0c, 0x35, 0xff,
0xff, 0x0c, 0x35, 0xff, 0xff, 0x0c, 0x35, 0xff, 0xff, 0x0c, 0x35, 0xff, 0xff, 0x0c, 0x35,
0xff, 0xff, 0x0c, 0x35, 0xff, 0xff, 0x0c, 0x35, 0xff, 0xff, 0x0c, 0x35, 0xff, 0xff, 0x0c,
0x35, 0xff, 0xff, 0x0c, 0x35, 0xff, 0xff, 0x0c, 0x35, 0xff, 0xff, 0x0c, 0x35, 0xff, 0xff,
0x00, 0x2b, 0xff, 0xff, 0x57, 0x73, 0xff, 0xff, 0xff, 0xff, 0xff, 0xff, 0xff, 0xff, 0xff,
0xff, 0xff, 0xff, 0xff, 0xff, 0xff, 0xff, 0xff, 0xff, 0xff, 0xff, 0xff, 0xff, 0xff, 0xff,
0xff, 0xff, 0xff, 0xff, 0xff, 0xff, 0xff, 0xff, 0xff, 0xff, 0xff, 0xff, 0xff, 0xff, 0xff,
0xff, 0xff, 0xff, 0xff, 0xff, 0xff, 0xff, 0xff, 0xff, 0xff, 0xff, 0xff, 0xff, 0xff, 0xff,
0xff, 0xff, 0xff, 0xff, 0xff, 0xff, 0xff, 0xff, 0xff, 0xff, 0xff, 0xff, 0x54, 0x71, 0xff,
0xff, 0x00, 0x25, 0xff, 0xff, 0x06, 0x30, 0xff, 0xff, 0x06, 0x30, 0xff, 0xff, 0x06, 0x30,
0xff, 0xff, 0x06, 0x30, 0xff, 0xff, 0x06, 0x30, 0xff, 0xff, 0x06, 0x30, 0xff, 0xff, 0x07,
0x31, 0xff, 0xff, 0x0c, 0x35, 0xff, 0xff, 0x0c, 0x35, 0xff, 0xff, 0x0c, 0x35, 0xff, 0xff,
0x0c, 0x35, 0xff, 0xff, 0x0c, 0x35, 0xff, 0xff, 0x07, 0x31, 0xff, 0xff, 0x06, 0x30, 0xff,
0xff, 0x06, 0x2f, 0xff, 0xff, 0x06, 0x2f, 0xff, 0xff, 0x06, 0x2f, 0xff, 0xff, 0x06, 0x2f,
0xff, 0xff, 0x06, 0x2f, 0xff, 0xff, 0x00, 0x2a, 0xff, 0xff, 0x22, 0x47, 0xff, 0xff, 0xf4,
0xf6, 0xff, 0xff, 0xff, 0xff, 0xff, 0xff, 0xff, 0xff, 0xff, 0xff, 0xff, 0xff, 0xff, 0xff,
0xff, 0xff, 0xff, 0xff, 0xff, 0xff, 0xff, 0xff, 0xff, 0xff, 0xff, 0xff, 0xff, 0xff, 0xff,
0xff, 0xff, 0xff, 0xff, 0xff, 0xff, 0xff, 0xff, 0xff, 0xff, 0xff, 0xff, 0xff, 0xff, 0xff,
0xff, 0xff, 0xff, 0xff, 0xff, 0xff, 0xff, 0xff, 0xff, 0xff, 0xff, 0xff, 0xff, 0xff, 0xff,
0xff, 0xff, 0xff, 0x74, 0x8b, 0xff, 0xff, 0x00, 0x29, 0xff, 0xff, 0x0c, 0x35, 0xff, 0xff,
0x0c, 0x35, 0xff, 0xff, 0x0c, 0x35, 0xff, 0xff, 0x0c, 0x35, 0xff, 0xff, 0x0c, 0x35, 0xff,
0xff, 0x0c, 0x34, 0xff, 0xff, 0x0c, 0x34, 0xff, 0xff, 0x0c, 0x34, 0xff, 0xff, 0x0c, 0x34,
0xff, 0xff, 0x0c, 0x34, 0xff, 0xff, 0x0c, 0x34, 0xff, 0xff, 0x0c, 0x34, 0xff, 0xff, 0x0c,
0x34, 0xff, 0xff, 0x0c, 0x34, 0xff, 0xff, 0x0c, 0x34, 0xff, 0xff, 0x0c, 0x34, 0xff, 0xff,
0x0c, 0x34, 0xff, 0xff, 0x0c, 0x34, 0xff, 0xff, 0x0c, 0x34, 0xff, 0xff, 0x0c, 0x34, 0xff,
0xff, 0x0c, 0x34, 0xff, 0xff, 0x0c, 0x34, 0xff, 0xff, 0x0c, 0x34, 0xff, 0xff, 0x0c, 0x34,
0xff, 0xff, 0x0b, 0x34, 0xff, 0xc2, 0x07, 0x33, 0xf9, 0x00, 0x07, 0x33, 0xfa, 0x00, 0xff,
0xff, 0xff, 0x00, 0xff, 0xff, 0xff, 0x00, 0xff, 0xff, 0xff, 0x00, 0xff, 0xff, 0xff, 0x00,
0xff, 0xff, 0xff, 0x00, 0xff, 0xff, 0xff, 0x00, 0xff, 0xff, 0xff, 0x00, 0xff, 0xff, 0xff,
0x00, 0xff, 0xff, 0xff, 0x00, 0xff, 0xff, 0xff, 0x00, 0xff, 0xff, 0xff, 0x00, 0xff, 0xff,
0xff, 0x00, 0xff, 0xff, 0xff, 0x00, 0xff, 0xff, 0xff, 0x00, 0xff, 0xff, 0xff, 0x00, 0x04,
0x2e, 0xf2, 0x00, 0x03, 0x2d, 0xf0, 0x00, 0x09, 0x32, 0xfa, 0xa9, 0x0d, 0x36, 0xff, 0xff,
0x0c, 0x36, 0xff, 0xff, 0x0c, 0x36, 0xff, 0xff, 0x0c, 0x36, 0xff, 0xff, 0x0c, 0x36, 0xff,
0xff, 0x0c, 0x36, 0xff, 0xff, 0x0c, 0x36, 0xff, 0xff, 0x0c, 0x36, 0xff, 0xff, 0x0c, 0x36,
0xff, 0xff, 0x0c, 0x36, 0xff, 0xff, 0x0c, 0x36, 0xff, 0xff, 0x0c, 0x36, 0xff, 0xff, 0x0c,
0x36, 0xff, 0xff, 0x0c, 0x36, 0xff, 0xff, 0x0c, 0x36, 0xff, 0xff, 0x0c, 0x36, 0xff, 0xff,
0x0c, 0x36, 0xff, 0xff, 0x0c, 0x36, 0xff, 0xff, 0x0c, 0x35, 0xff, 0xff, 0x0c, 0x35, 0xff,
0xff, 0x0c, 0x35, 0xff, 0xff, 0x0c, 0x35, 0xff, 0xff, 0x0c, 0x35, 0xff, 0xff, 0x0c, 0x35,
0xff, 0xff, 0x00, 0x2b, 0xff, 0xff, 0x54, 0x72, 0xff, 0xff, 0xff, 0xff, 0xff, 0xff, 0xff,
0xff, 0xff, 0xff, 0xff, 0xff, 0xff, 0xff, 0xff, 0xff, 0xff, 0xff, 0xff, 0xff, 0xff, 0xff,
0xff, 0xff, 0xff, 0xff, 0xff, 0xff, 0xff, 0xff, 0xff, 0xff, 0xff, 0xff, 0xff, 0xff, 0xff,
0xff, 0xff, 0xff, 0xff, 0xff, 0xff, 0xff, 0xff, 0xff, 0xff, 0xff, 0xff, 0xff, 0xff, 0xff,
0xff, 0xff, 0xff, 0xff, 0xff, 0xff, 0xff, 0xff, 0xff, 0xff, 0xff, 0xff, 0xff, 0xff, 0x4d,
0x6c, 0xff, 0xff, 0x00, 0x1d, 0xff, 0xff, 0x00, 0x28, 0xff, 0xff, 0x00, 0x28, 0xff, 0xff,
0x00, 0x28, 0xff, 0xff, 0x00, 0x28, 0xff, 0xff, 0x00, 0x28, 0xff, 0xff, 0x00, 0x28, 0xff,
0xff, 0x00, 0x2a, 0xff, 0xff, 0x0c, 0x35, 0xff, 0xff, 0x0c, 0x35, 0xff, 0xff, 0x0c, 0x35,
0xff, 0xff, 0x0c, 0x35, 0xff, 0xff, 0x0c, 0x35, 0xff, 0xff, 0x00, 0x2b, 0xff, 0xff, 0x00,
0x28, 0xff, 0xff, 0x00, 0x28, 0xff, 0xff, 0x00, 0x28, 0xff, 0xff, 0x00, 0x28, 0xff, 0xff,
0x00, 0x28, 0xff, 0xff, 0x00, 0x28, 0xff, 0xff, 0x00, 0x22, 0xff, 0xff, 0x1a, 0x40, 0xff,
0xff, 0xf3, 0xf5, 0xff, 0xff, 0xff, 0xff, 0xff, 0xff, 0xff, 0xff, 0xff, 0xff, 0xff, 0xff,
0xff, 0xff, 0xff, 0xff, 0xff, 0xff, 0xff, 0xff, 0xff, 0xff, 0xff, 0xff, 0xff, 0xff, 0xff,
0xff, 0xff, 0xff, 0xff, 0xff, 0xff, 0xff, 0xff, 0xff, 0xff, 0xff, 0xff, 0xff, 0xff, 0xff,
0xff, 0xff, 0xff, 0xff, 0xff, 0xff, 0xff, 0xff, 0xff, 0xff, 0xff, 0xff, 0xff, 0xff, 0xff,
0xff, 0xff, 0xff, 0xff, 0xff, 0x72, 0x8a, 0xff, 0xff, 0x00, 0x29, 0xff, 0xff, 0x0c, 0x35,
0xff, 0xff, 0x0c, 0x35, 0xff, 0xff, 0x0c, 0x35, 0xff, 0xff, 0x0c, 0x35, 0xff, 0xff, 0x0c,
0x35, 0xff, 0xff, 0x0c, 0x35, 0xff, 0xff, 0x0c, 0x35, 0xff, 0xff, 0x0c, 0x35, 0xff, 0xff,
0x0c, 0x35, 0xff, 0xff, 0x0c, 0x35, 0xff, 0xff, 0x0c, 0x35, 0xff, 0xff, 0x0c, 0x35, 0xff,
0xff, 0x0c, 0x35, 0xff, 0xff, 0x0c, 0x35, 0xff, 0xff, 0x0c, 0x35, 0xff, 0xff, 0x0c, 0x35,
0xff, 0xff, 0x0c, 0x35, 0xff, 0xff, 0x0c, 0x35, 0xff, 0xff, 0x0c, 0x35, 0xff, 0xff, 0x0c,
0x35, 0xff, 0xff, 0x0c, 0x35, 0xff, 0xff, 0x0c, 0x35, 0xff, 0xff, 0x0c, 0x35, 0xff, 0xff,
0x0c, 0x35, 0xff, 0xff, 0x0a, 0x30, 0xe7, 0x78, 0x08, 0x2e, 0xda, 0x00, 0x09, 0x2e, 0xdb,
0x00, 0xff, 0xff, 0xff, 0x00, 0xff, 0xff, 0xff, 0x00, 0xff, 0xff, 0xff, 0x00, 0xff, 0xff,
0xff, 0x00, 0xff, 0xff, 0xff, 0x00, 0xff, 0xff, 0xff, 0x00, 0xff, 0xff, 0xff, 0x00, 0xff,
0xff, 0xff, 0x00, 0xff, 0xff, 0xff, 0x00, 0xff, 0xff, 0xff, 0x00, 0xff, 0xff, 0xff, 0x00,
0xff, 0xff, 0xff, 0x00, 0xff, 0xff, 0xff, 0x00, 0xff, 0xff, 0xff, 0x00, 0xff, 0xff, 0xff,
0x00, 0x05, 0x21, 0xe1, 0x00, 0x05, 0x20, 0xe0, 0x00, 0x07, 0x28, 0xea, 0x40, 0x0c, 0x37,
0xff, 0xfe, 0x0c, 0x36, 0xff, 0xff, 0x0c, 0x36, 0xff, 0xff, 0x0c, 0x36, 0xff, 0xff, 0x0c,
0x36, 0xff, 0xff, 0x0c, 0x36, 0xff, 0xff, 0x0c, 0x36, 0xff, 0xff, 0x0c, 0x36, 0xff, 0xff,
0x0c, 0x36, 0xff, 0xff, 0x0c, 0x36, 0xff, 0xff, 0x0c, 0x36, 0xff, 0xff, 0x0c, 0x36, 0xff,
0xff, 0x0c, 0x36, 0xff, 0xff, 0x0c, 0x36, 0xff, 0xff, 0x0c, 0x36, 0xff, 0xff, 0x0c, 0x36,
0xff, 0xff, 0x0c, 0x36, 0xff, 0xff, 0x0c, 0x36, 0xff, 0xff, 0x0c, 0x36, 0xff, 0xff, 0x0c,
0x36, 0xff, 0xff, 0x0c, 0x36, 0xff, 0xff, 0x0c, 0x36, 0xff, 0xff, 0x0c, 0x36, 0xff, 0xff,
0x0c, 0x36, 0xff, 0xff, 0x00, 0x2c, 0xff, 0xff, 0x51, 0x6f, 0xff, 0xff, 0xff, 0xff, 0xff,
0xff, 0xff, 0xff, 0xff, 0xff, 0xff, 0xff, 0xff, 0xff, 0xff, 0xff, 0xff, 0xff, 0xff, 0xff,
0xff, 0xff, 0xff, 0xff, 0xff, 0xff, 0xff, 0xff, 0xff, 0xff, 0xff, 0xff, 0xff, 0xff, 0xff,
0xff, 0xff, 0xff, 0xff, 0xff, 0xff, 0xff, 0xff, 0xff, 0xff, 0xff, 0xff, 0xff, 0xff, 0xff,
0xff, 0xff, 0xff, 0xff, 0xff, 0xff, 0xff, 0xff, 0xff, 0xff, 0xff, 0xff, 0xff, 0xff, 0xff,
0xff, 0xaf, 0xbd, 0xff, 0xff, 0x84, 0x9a, 0xff, 0xff, 0x8a, 0x9e, 0xff, 0xff, 0x8a, 0x9e,
0xff, 0xff, 0x8a, 0x9e, 0xff, 0xff, 0x8a, 0x9e, 0xff, 0xff, 0x8a, 0x9e, 0xff, 0xff, 0x8a,
0x9f, 0xff, 0xff, 0x75, 0x8d, 0xff, 0xff, 0x0e, 0x37, 0xff, 0xff, 0x0b, 0x35, 0xff, 0xff,
0x0c, 0x36, 0xff, 0xff, 0x0c, 0x35, 0xff, 0xff, 0x09, 0x33, 0xff, 0xff, 0x6c, 0x85, 0xff,
0xff, 0x8a, 0x9f, 0xff, 0xff, 0x8a, 0x9e, 0xff, 0xff, 0x8a, 0x9e, 0xff, 0xff, 0x8a, 0x9e,
0xff, 0xff, 0x8a, 0x9e, 0xff, 0xff, 0x8a, 0x9e, 0xff, 0xff, 0x87, 0x9c, 0xff, 0xff, 0x98,
0xa9, 0xff, 0xff, 0xfa, 0xfb, 0xff, 0xff, 0xff, 0xff, 0xff, 0xff, 0xff, 0xff, 0xff, 0xff,
0xff, 0xff, 0xff, 0xff, 0xff, 0xff, 0xff, 0xff, 0xff, 0xff, 0xff, 0xff, 0xff, 0xff, 0xff,
0xff, 0xff, 0xff, 0xff, 0xff, 0xff, 0xff, 0xff, 0xff, 0xff, 0xff, 0xff, 0xff, 0xff, 0xff,
0xff, 0xff, 0xff, 0xff, 0xff, 0xff, 0xff, 0xff, 0xff, 0xff, 0xff, 0xff, 0xff, 0xff, 0xff,
0xff, 0xff, 0xff, 0xff, 0xff, 0xff, 0xff, 0x6f, 0x88, 0xff, 0xff, 0x00, 0x2a, 0xff, 0xff,
0x0c, 0x35, 0xff, 0xff, 0x0c, 0x35, 0xff, 0xff, 0x0c, 0x35, 0xff, 0xff, 0x0c, 0x35, 0xff,
0xff, 0x0c, 0x35, 0xff, 0xff, 0x0c, 0x36, 0xff, 0xff, 0x0c, 0x36, 0xff, 0xff, 0x0c, 0x36,
0xff, 0xff, 0x0c, 0x36, 0xff, 0xff, 0x0c, 0x36, 0xff, 0xff, 0x0c, 0x36, 0xff, 0xff, 0x0c,
0x36, 0xff, 0xff, 0x0c, 0x36, 0xff, 0xff, 0x0c, 0x36, 0xff, 0xff, 0x0c, 0x36, 0xff, 0xff,
0x0c, 0x36, 0xff, 0xff, 0x0c, 0x36, 0xff, 0xff, 0x0c, 0x36, 0xff, 0xff, 0x0c, 0x36, 0xff,
0xff, 0x0c, 0x36, 0xff, 0xff, 0x0c, 0x36, 0xff, 0xff, 0x0c, 0x35, 0xff, 0xff, 0x0c, 0x36,
0xff, 0xff, 0x0c, 0x35, 0xfc, 0xf2, 0x05, 0x14, 0x87, 0x1f, 0x03, 0x0c, 0x68, 0x00, 0x03,
0x0d, 0x69, 0x00, 0xff, 0xff, 0xff, 0x00, 0xff, 0xff, 0xff, 0x00, 0xff, 0xff, 0xff, 0x00,
0xff, 0xff, 0xff, 0x00, 0xff, 0xff, 0xff, 0x00, 0xff, 0xff, 0xff, 0x00, 0xff, 0xff, 0xff,
0x00, 0xff, 0xff, 0xff, 0x00, 0xff, 0xff, 0xff, 0x00, 0xff, 0xff, 0xff, 0x00, 0xff, 0xff,
0xff, 0x00, 0xff, 0xff, 0xff, 0x00, 0xff, 0xff, 0xff, 0x00, 0xff, 0xff, 0xff, 0x00, 0xff,
0xff, 0xff, 0x00, 0x08, 0x35, 0xf8, 0x00, 0x08, 0x35, 0xf8, 0x00, 0x07, 0x34, 0xf7, 0x00,
0x0b, 0x37, 0xfd, 0xc8, 0x0c, 0x37, 0xff, 0xff, 0x0c, 0x37, 0xff, 0xff, 0x0c, 0x37, 0xff,
0xff, 0x0c, 0x37, 0xff, 0xff, 0x0c, 0x37, 0xff, 0xff, 0x0c, 0x37, 0xff, 0xff, 0x0c, 0x37,
0xff, 0xff, 0x0c, 0x37, 0xff, 0xff, 0x0c, 0x37, 0xff, 0xff, 0x0c, 0x37, 0xff, 0xff, 0x0c,
0x37, 0xff, 0xff, 0x0c, 0x37, 0xff, 0xff, 0x0c, 0x37, 0xff, 0xff, 0x0c, 0x37, 0xff, 0xff,
0x0c, 0x37, 0xff, 0xff, 0x0c, 0x37, 0xff, 0xff, 0x0c, 0x37, 0xff, 0xff, 0x0c, 0x37, 0xff,
0xff, 0x0c, 0x37, 0xff, 0xff, 0x0c, 0x37, 0xff, 0xff, 0x0c, 0x37, 0xff, 0xff, 0x0c, 0x37,
0xff, 0xff, 0x0c, 0x37, 0xff, 0xff, 0x00, 0x2d, 0xff, 0xff, 0x4d, 0x6c, 0xff, 0xff, 0xff,
0xff, 0xff, 0xff, 0xff, 0xff, 0xff, 0xff, 0xff, 0xff, 0xff, 0xff, 0xff, 0xff, 0xff, 0xff,
0xff, 0xff, 0xff, 0xff, 0xff, 0xff, 0xff, 0xff, 0xff, 0xff, 0xff, 0xff, 0xff, 0xff, 0xff,
0xff, 0xff, 0xff, 0xff, 0xff, 0xff, 0xff, 0xff, 0xff, 0xff, 0xff, 0xff, 0xff, 0xff, 0xff,
0xff, 0xff, 0xff, 0xff, 0xff, 0xff, 0xff, 0xff, 0xff, 0xff, 0xff, 0xff, 0xff, 0xff, 0xff,
0xff, 0xff, 0xff, 0xff, 0xff, 0xff, 0xff, 0xff, 0xff, 0xff, 0xff, 0xff, 0xff, 0xff, 0xff,
0xff, 0xff, 0xff, 0xff, 0xff, 0xff, 0xff, 0xff, 0xff, 0xff, 0xff, 0xff, 0xff, 0xff, 0xff,
0xff, 0xff, 0xff, 0xff, 0xff, 0xe4, 0xe8, 0xff, 0xff, 0x10, 0x3a, 0xff, 0xff, 0x09, 0x34,
0xff, 0xff, 0x0c, 0x37, 0xff, 0xff, 0x0b, 0x35, 0xff, 0xff, 0x06, 0x31, 0xff, 0xff, 0xd1,
0xd9, 0xff, 0xff, 0xff, 0xff, 0xff, 0xff, 0xff, 0xff, 0xff, 0xff, 0xff, 0xff, 0xff, 0xff,
0xff, 0xff, 0xff, 0xff, 0xff, 0xff, 0xff, 0xff, 0xff, 0xff, 0xff, 0xff, 0xff, 0xff, 0xff,
0xff, 0xff, 0xff, 0xff, 0xff, 0xff, 0xff, 0xff, 0xff, 0xff, 0xff, 0xff, 0xff, 0xff, 0xff,
0xff, 0xff, 0xff, 0xff, 0xff, 0xff, 0xff, 0xff, 0xff, 0xff, 0xff, 0xff, 0xff, 0xff, 0xff,
0xff, 0xff, 0xff, 0xff, 0xff, 0xff, 0xff, 0xff, 0xff, 0xff, 0xff, 0xff, 0xff, 0xff, 0xff,
0xff, 0xff, 0xff, 0xff, 0xff, 0xff, 0xff, 0xff, 0xff, 0xff, 0xff, 0xff, 0xff, 0xff, 0xff,
0xff, 0xff, 0xff, 0xff, 0xff, 0xff, 0xff, 0xff, 0xff, 0x6b, 0x85, 0xff, 0xff, 0x00, 0x2b,
0xff, 0xff, 0x0c, 0x36, 0xff, 0xff, 0x0c, 0x36, 0xff, 0xff, 0x0c, 0x36, 0xff, 0xff, 0x0c,
0x36, 0xff, 0xff, 0x0c, 0x36, 0xff, 0xff, 0x0c, 0x36, 0xff, 0xff, 0x0c, 0x36, 0xff, 0xff,
0x0c, 0x36, 0xff, 0xff, 0x0c, 0x36, 0xff, 0xff, 0x0c, 0x36, 0xff, 0xff, 0x0c, 0x36, 0xff,
0xff, 0x0c, 0x36, 0xff, 0xff, 0x0c, 0x36, 0xff, 0xff, 0x0c, 0x36, 0xff, 0xff, 0x0c, 0x36,
0xff, 0xff, 0x0c, 0x36, 0xff, 0xff, 0x0c, 0x36, 0xff, 0xff, 0x0c, 0x36, 0xff, 0xff, 0x0c,
0x36, 0xff, 0xff, 0x0c, 0x36, 0xff, 0xff, 0x0c, 0x36, 0xff, 0xff, 0x0c, 0x36, 0xff, 0xff,
0x0c, 0x37, 0xff, 0xff, 0x0b, 0x30, 0xf5, 0xb5, 0x07, 0x1c, 0xd8, 0x00, 0x07, 0x1d, 0xdb,
0x00, 0x07, 0x1d, 0xdb, 0x00, 0xff, 0xff, 0xff, 0x00, 0xff, 0xff, 0xff, 0x00, 0xff, 0xff,
0xff, 0x00, 0xff, 0xff, 0xff, 0x00, 0xff, 0xff, 0xff, 0x00, 0xff, 0xff, 0xff, 0x00, 0xff,
0xff, 0xff, 0x00, 0xff, 0xff, 0xff, 0x00, 0xff, 0xff, 0xff, 0x00, 0xff, 0xff, 0xff, 0x00,
0xff, 0xff, 0xff, 0x00, 0xff, 0xff, 0xff, 0x00, 0xff, 0xff, 0xff, 0x00, 0xff, 0xff, 0xff,
0x00, 0xff, 0xff, 0xff, 0x00, 0x08, 0x35, 0xf9, 0x00, 0x08, 0x35, 0xf9, 0x00, 0x08, 0x35,
0xf9, 0x00, 0x0a, 0x36, 0xfd, 0x7d, 0x0d, 0x38, 0xff, 0xff, 0x0c, 0x37, 0xff, 0xff, 0x0c,
0x37, 0xff, 0xff, 0x0c, 0x37, 0xff, 0xff, 0x0c, 0x37, 0xff, 0xff, 0x0c, 0x37, 0xff, 0xff,
0x0c, 0x37, 0xff, 0xff, 0x0c, 0x37, 0xff, 0xff, 0x0c, 0x37, 0xff, 0xff, 0x0c, 0x37, 0xff,
0xff, 0x0c, 0x37, 0xff, 0xff, 0x0c, 0x37, 0xff, 0xff, 0x0c, 0x37, 0xff, 0xff, 0x0c, 0x37,
0xff, 0xff, 0x0c, 0x37, 0xff, 0xff, 0x0c, 0x37, 0xff, 0xff, 0x0c, 0x37, 0xff, 0xff, 0x0c,
0x37, 0xff, 0xff, 0x0c, 0x37, 0xff, 0xff, 0x0c, 0x37, 0xff, 0xff, 0x0c, 0x37, 0xff, 0xff,
0x0c, 0x37, 0xff, 0xff, 0x0c, 0x37, 0xff, 0xff, 0x01, 0x2e, 0xff, 0xff, 0x47, 0x67, 0xff,
0xff, 0xff, 0xff, 0xff, 0xff, 0xff, 0xff, 0xff, 0xff, 0xff, 0xff, 0xff, 0xff, 0xff, 0xff,
0xff, 0xff, 0xff, 0xff, 0xff, 0xff, 0xff, 0xff, 0xff, 0xff, 0xff, 0xff, 0xff, 0xff, 0xff,
0xff, 0xff, 0xff, 0xff, 0xff, 0xff, 0xff, 0xff, 0xff, 0xff, 0xff, 0xff, 0xff, 0xff, 0xff,
0xff, 0xff, 0xff, 0xff, 0xff, 0xff, 0xff, 0xff, 0xff, 0xff, 0xff, 0xff, 0xff, 0xff, 0xff,
0xff, 0xff, 0xff, 0xff, 0xff, 0xff, 0xff, 0xff, 0xff, 0xff, 0xff, 0xff, 0xff, 0xff, 0xff,
0xff, 0xff, 0xff, 0xff, 0xff, 0xff, 0xff, 0xff, 0xff, 0xff, 0xff, 0xff, 0xff, 0xff, 0xff,
0xff, 0xff, 0xff, 0xff, 0xff, 0xff, 0xff, 0xd7, 0xde, 0xff, 0xff, 0x10, 0x3a, 0xff, 0xff,
0x09, 0x35, 0xff, 0xff, 0x0c, 0x37, 0xff, 0xff, 0x0b, 0x36, 0xff, 0xff, 0x06, 0x32, 0xff,
0xff, 0xc5, 0xcf, 0xff, 0xff, 0xff, 0xff, 0xff, 0xff, 0xff, 0xff, 0xff, 0xff, 0xff, 0xff,
0xff, 0xff, 0xff, 0xff, 0xff, 0xff, 0xff, 0xff, 0xff, 0xff, 0xff, 0xff, 0xff, 0xff, 0xff,
0xff, 0xff, 0xff, 0xff, 0xff, 0xff, 0xff, 0xff, 0xff, 0xff, 0xff, 0xff, 0xff, 0xff, 0xff,
0xff, 0xff, 0xff, 0xff, 0xff, 0xff, 0xff, 0xff, 0xff, 0xff, 0xff, 0xff, 0xff, 0xff, 0xff,
0xff, 0xff, 0xff, 0xff, 0xff, 0xff, 0xff, 0xff, 0xff, 0xff, 0xff, 0xff, 0xff, 0xff, 0xff,
0xff, 0xff, 0xff, 0xff, 0xff, 0xff, 0xff, 0xff, 0xff, 0xff, 0xff, 0xff, 0xff, 0xff, 0xff,
0xff, 0xff, 0xff, 0xff, 0xff, 0xff, 0xff, 0xff, 0xff, 0xff, 0xff, 0x66, 0x81, 0xff, 0xff,
0x00, 0x2c, 0xff, 0xff, 0x0c, 0x37, 0xff, 0xff, 0x0c, 0x37, 0xff, 0xff, 0x0c, 0x37, 0xff,
0xff, 0x0c, 0x37, 0xff, 0xff, 0x0c, 0x37, 0xff, 0xff, 0x0c, 0x37, 0xff, 0xff, 0x0c, 0x37,
0xff, 0xff, 0x0c, 0x37, 0xff, 0xff, 0x0c, 0x37, 0xff, 0xff, 0x0c, 0x37, 0xff, 0xff, 0x0c,
0x37, 0xff, 0xff, 0x0c, 0x37, 0xff, 0xff, 0x0c, 0x37, 0xff, 0xff, 0x0c, 0x36, 0xff, 0xff,
0x0c, 0x36, 0xff, 0xff, 0x0c, 0x36, 0xff, 0xff, 0x0c, 0x36, 0xff, 0xff, 0x0c, 0x36, 0xff,
0xff, 0x0c, 0x36, 0xff, 0xff, 0x0c, 0x36, 0xff, 0xff, 0x0c, 0x36, 0xff, 0xff, 0x0c, 0x36,
0xff, 0xff, 0x0c, 0x37, 0xff, 0xff, 0x0a, 0x36, 0xff, 0x73, 0x08, 0x35, 0xff, 0x00, 0x08,
0x35, 0xff, 0x00, 0x08, 0x35, 0xff, 0x00, 0xff, 0xff, 0xff, 0x00, 0xff, 0xff, 0xff, 0x00,
0xff, 0xff, 0xff, 0x00, 0xff, 0xff, 0xff, 0x00, 0xff, 0xff, 0xff, 0x00, 0xff, 0xff, 0xff,
0x00, 0xff, 0xff, 0xff, 0x00, 0xff, 0xff, 0xff, 0x00, 0xff, 0xff, 0xff, 0x00, 0xff, 0xff,
0xff, 0x00, 0xff, 0xff, 0xff, 0x00, 0xff, 0xff, 0xff, 0x00, 0xff, 0xff, 0xff, 0x00, 0xff,
0xff, 0xff, 0x00, 0xff, 0xff, 0xff, 0x00, 0x05, 0x33, 0xe9, 0x00, 0x05, 0x33, 0xe9, 0x00,
0x05, 0x33, 0xe9, 0x00, 0x06, 0x34, 0xeb, 0x1a, 0x0c, 0x38, 0xfd, 0xeb, 0x0d, 0x38, 0xff,
0xff, 0x0d, 0x38, 0xff, 0xff, 0x0d, 0x38, 0xff, 0xff, 0x0d, 0x38, 0xff, 0xff, 0x0d, 0x38,
0xff, 0xff, 0x0d, 0x38, 0xff, 0xff, 0x0d, 0x38, 0xff, 0xff, 0x0d, 0x38, 0xff, 0xff, 0x0c,
0x38, 0xff, 0xff, 0x0c, 0x38, 0xff, 0xff, 0x0c, 0x38, 0xff, 0xff, 0x0c, 0x38, 0xff, 0xff,
0x0c, 0x38, 0xff, 0xff, 0x0c, 0x38, 0xff, 0xff, 0x0c, 0x38, 0xff, 0xff, 0x0c, 0x38, 0xff,
0xff, 0x0c, 0x38, 0xff, 0xff, 0x0c, 0x38, 0xff, 0xff, 0x0c, 0x38, 0xff, 0xff, 0x0c, 0x38,
0xff, 0xff, 0x0c, 0x38, 0xff, 0xff, 0x0c, 0x38, 0xff, 0xff, 0x03, 0x30, 0xff, 0xff, 0x3c,
0x5f, 0xff, 0xff, 0xfe, 0xff, 0xff, 0xff, 0xff, 0xff, 0xff, 0xff, 0xff, 0xff, 0xff, 0xff,
0xff, 0xff, 0xff, 0xff, 0xff, 0xff, 0xff, 0xff, 0xff, 0xff, 0xff, 0xff, 0xff, 0xff, 0xff,
0xff, 0xff, 0xff, 0xff, 0xff, 0xff, 0xff, 0xff, 0xff, 0xff, 0xff, 0xff, 0xff, 0xff, 0xff,
0xff, 0xff, 0xff, 0xff, 0xff, 0xff, 0xff, 0xff, 0xff, 0xff, 0xff, 0xff, 0xff, 0xff, 0xff,
0xff, 0xff, 0xff, 0xff, 0xff, 0xff, 0xff, 0xff, 0xff, 0xff, 0xff, 0xff, 0xff, 0xff, 0xff,
0xff, 0xff, 0xff, 0xff, 0xff, 0xff, 0xff, 0xff, 0xff, 0xff, 0xff, 0xff, 0xff, 0xff, 0xff,
0xff, 0xff, 0xff, 0xff, 0xff, 0xff, 0xff, 0xff, 0xff, 0xd7, 0xde, 0xff, 0xff, 0x10, 0x3a,
0xff, 0xff, 0x09, 0x35, 0xff, 0xff, 0x0c, 0x37, 0xff, 0xff, 0x0b, 0x36, 0xff, 0xff, 0x06,
0x32, 0xff, 0xff, 0xc5, 0xd0, 0xff, 0xff, 0xff, 0xff, 0xff, 0xff, 0xff, 0xff, 0xff, 0xff,
0xff, 0xff, 0xff, 0xff, 0xff, 0xff, 0xff, 0xff, 0xff, 0xff, 0xff, 0xff, 0xff, 0xff, 0xff,
0xff, 0xff, 0xff, 0xff, 0xff, 0xff, 0xff, 0xff, 0xff, 0xff, 0xff, 0xff, 0xff, 0xff, 0xff,
0xff, 0xff, 0xff, 0xff, 0xff, 0xff, 0xff, 0xff, 0xff, 0xff, 0xff, 0xff, 0xff, 0xff, 0xff,
0xff, 0xff, 0xff, 0xff, 0xff, 0xff, 0xff, 0xff, 0xff, 0xff, 0xff, 0xff, 0xff, 0xff, 0xff,
0xff, 0xff, 0xff, 0xff, 0xff, 0xff, 0xff, 0xff, 0xff, 0xff, 0xff, 0xff, 0xff, 0xff, 0xff,
0xff, 0xff, 0xff, 0xff, 0xff, 0xff, 0xff, 0xff, 0xff, 0xff, 0xff, 0xff, 0xff, 0x60, 0x7c,
0xff, 0xff, 0x00, 0x2d, 0xff, 0xff, 0x0c, 0x37, 0xff, 0xff, 0x0c, 0x37, 0xff, 0xff, 0x0c,
0x37, 0xff, 0xff, 0x0c, 0x37, 0xff, 0xff, 0x0c, 0x37, 0xff, 0xff, 0x0c, 0x37, 0xff, 0xff,
0x0c, 0x37, 0xff, 0xff, 0x0c, 0x37, 0xff, 0xff, 0x0c, 0x37, 0xff, 0xff, 0x0c, 0x37, 0xff,
0xff, 0x0c, 0x37, 0xff, 0xff, 0x0c, 0x37, 0xff, 0xff, 0x0c, 0x37, 0xff, 0xff, 0x0c, 0x37,
0xff, 0xff, 0x0c, 0x37, 0xff, 0xff, 0x0c, 0x37, 0xff, 0xff, 0x0c, 0x37, 0xff, 0xff, 0x0c,
0x37, 0xff, 0xff, 0x0c, 0x37, 0xff, 0xff, 0x0c, 0x37, 0xff, 0xff, 0x0c, 0x37, 0xff, 0xff,
0x0c, 0x37, 0xff, 0xff, 0x0c, 0x36, 0xfc, 0xea, 0x07, 0x26, 0xb3, 0x17, 0x05, 0x24, 0xab,
0x00, 0x05, 0x24, 0xac, 0x00, 0x05, 0x24, 0xac, 0x00, 0xff, 0xff, 0xff, 0x00, 0xff, 0xff,
0xff, 0x00, 0xff, 0xff, 0xff, 0x00, 0xff, 0xff, 0xff, 0x00, 0xff, 0xff, 0xff, 0x00, 0xff,
0xff, 0xff, 0x00, 0xff, 0xff, 0xff, 0x00, 0xff, 0xff, 0xff, 0x00, 0xff, 0xff, 0xff, 0x00,
0xff, 0xff, 0xff, 0x00, 0xff, 0xff, 0xff, 0x00, 0xff, 0xff, 0xff, 0x00, 0xff, 0xff, 0xff,
0x00, 0xff, 0xff, 0xff, 0x00, 0xff, 0xff, 0xff, 0x00, 0x07, 0x33, 0xf4, 0x00, 0x07, 0x33,
0xf4, 0x00, 0x07, 0x33, 0xf4, 0x00, 0x07, 0x33, 0xf4, 0x00, 0x0b, 0x38, 0xfc, 0x99, 0x0d,
0x39, 0xff, 0xff, 0x0d, 0x39, 0xff, 0xff, 0x0d, 0x39, 0xff, 0xff, 0x0d, 0x39, 0xff, 0xff,
0x0d, 0x39, 0xff, 0xff, 0x0d, 0x39, 0xff, 0xff, 0x0d, 0x39, 0xff, 0xff, 0x0d, 0x39, 0xff,
0xff, 0x0d, 0x39, 0xff, 0xff, 0x0d, 0x39, 0xff, 0xff, 0x0d, 0x39, 0xff, 0xff, 0x0d, 0x39,
0xff, 0xff, 0x0d, 0x39, 0xff, 0xff, 0x0d, 0x39, 0xff, 0xff, 0x0d, 0x39, 0xff, 0xff, 0x0d,
0x39, 0xff, 0xff, 0x0d, 0x39, 0xff, 0xff, 0x0d, 0x39, 0xff, 0xff, 0x0d, 0x39, 0xff, 0xff,
0x0d, 0x39, 0xff, 0xff, 0x0d, 0x39, 0xff, 0xff, 0x0d, 0x39, 0xff, 0xff, 0x06, 0x33, 0xff,
0xff, 0x2e, 0x54, 0xff, 0xff, 0xf8, 0xf9, 0xff, 0xff, 0xff, 0xff, 0xff, 0xff, 0xff, 0xff,
0xff, 0xff, 0xff, 0xff, 0xff, 0xff, 0xff, 0xff, 0xff, 0xff, 0xff, 0xff, 0xff, 0xff, 0xff,
0xff, 0xff, 0xff, 0xff, 0xff, 0xff, 0xff, 0xff, 0xff, 0xff, 0xff, 0xff, 0xff, 0xff, 0xff,
0xff, 0xff, 0xff, 0xff, 0xff, 0xff, 0xff, 0xff, 0xff, 0xff, 0xff, 0xff, 0xff, 0xff, 0xff,
0xff, 0xff, 0xff, 0xff, 0xff, 0xff, 0xff, 0xff, 0xff, 0xff, 0xff, 0xff, 0xff, 0xff, 0xff,
0xff, 0xff, 0xff, 0xff, 0xff, 0xff, 0xff, 0xff, 0xff, 0xff, 0xff, 0xff, 0xff, 0xff, 0xff,
0xff, 0xff, 0xff, 0xff, 0xff, 0xff, 0xff, 0xff, 0xff, 0xff, 0xff, 0xd7, 0xde, 0xff, 0xff,
0x11, 0x3b, 0xff, 0xff, 0x0a, 0x36, 0xff, 0xff, 0x0d, 0x38, 0xff, 0xff, 0x0c, 0x37, 0xff,
0xff, 0x07, 0x33, 0xff, 0xff, 0xc5, 0xd0, 0xff, 0xff, 0xff, 0xff, 0xff, 0xff, 0xff, 0xff,
0xff, 0xff, 0xff, 0xff, 0xff, 0xff, 0xff, 0xff, 0xff, 0xff, 0xff, 0xff, 0xff, 0xff, 0xff,
0xff, 0xff, 0xff, 0xff, 0xff, 0xff, 0xff, 0xff, 0xff, 0xff, 0xff, 0xff, 0xff, 0xff, 0xff,
0xff, 0xff, 0xff, 0xff, 0xff, 0xff, 0xff, 0xff, 0xff, 0xff, 0xff, 0xff, 0xff, 0xff, 0xff,
0xff, 0xff, 0xff, 0xff, 0xff, 0xff, 0xff, 0xff, 0xff, 0xff, 0xff, 0xff, 0xff, 0xff, 0xff,
0xff, 0xff, 0xff, 0xff, 0xff, 0xff, 0xff, 0xff, 0xff, 0xff, 0xff, 0xff, 0xff, 0xff, 0xff,
0xff, 0xff, 0xff, 0xff, 0xff, 0xff, 0xff, 0xff, 0xff, 0xff, 0xff, 0xff, 0xff, 0xff, 0xff,
0x57, 0x76, 0xff, 0xff, 0x00, 0x2e, 0xff, 0xff, 0x0c, 0x38, 0xff, 0xff, 0x0c, 0x38, 0xff,
0xff, 0x0c, 0x38, 0xff, 0xff, 0x0c, 0x38, 0xff, 0xff, 0x0c, 0x38, 0xff, 0xff, 0x0c, 0x38,
0xff, 0xff, 0x0c, 0x38, 0xff, 0xff, 0x0c, 0x38, 0xff, 0xff, 0x0c, 0x38, 0xff, 0xff, 0x0c,
0x38, 0xff, 0xff, 0x0c, 0x38, 0xff, 0xff, 0x0c, 0x38, 0xff, 0xff, 0x0c, 0x38, 0xff, 0xff,
0x0c, 0x38, 0xff, 0xff, 0x0c, 0x38, 0xff, 0xff, 0x0c, 0x38, 0xff, 0xff, 0x0c, 0x38, 0xff,
0xff, 0x0c, 0x38, 0xff, 0xff, 0x0c, 0x38, 0xff, 0xff, 0x0c, 0x38, 0xff, 0xff, 0x0c, 0x38,
0xff, 0xff, 0x0d, 0x39, 0xff, 0xff, 0x0a, 0x2f, 0xdf, 0xa0, 0x04, 0x1d, 0x95, 0x00, 0x05,
0x1e, 0x94, 0x00, 0x05, 0x1e, 0x94, 0x00, 0x05, 0x1e, 0x94, 0x00, 0xff, 0xff, 0xff, 0x00,
0xff, 0xff, 0xff, 0x00, 0xff, 0xff, 0xff, 0x00, 0xff, 0xff, 0xff, 0x00, 0xff, 0xff, 0xff,
0x00, 0xff, 0xff, 0xff, 0x00, 0xff, 0xff, 0xff, 0x00, 0xff, 0xff, 0xff, 0x00, 0xff, 0xff,
0xff, 0x00, 0xff, 0xff, 0xff, 0x00, 0xff, 0xff, 0xff, 0x00, 0xff, 0xff, 0xff, 0x00, 0xff,
0xff, 0xff, 0x00, 0xff, 0xff, 0xff, 0x00, 0xff, 0xff, 0xff, 0x00, 0x04, 0x17, 0xce, 0x00,
0x04, 0x17, 0xce, 0x00, 0x04, 0x17, 0xce, 0x00, 0x03, 0x17, 0xcc, 0x00, 0x05, 0x1e, 0xd8,
0x31, 0x0d, 0x39, 0xfe, 0xf9, 0x0d, 0x39, 0xff, 0xff, 0x0d, 0x39, 0xff, 0xff, 0x0d, 0x39,
0xff, 0xff, 0x0d, 0x39, 0xff, 0xff, 0x0d, 0x39, 0xff, 0xff, 0x0d, 0x39, 0xff, 0xff, 0x0d,
0x39, 0xff, 0xff, 0x0d, 0x39, 0xff, 0xff, 0x0d, 0x39, 0xff, 0xff, 0x0d, 0x39, 0xff, 0xff,
0x0d, 0x39, 0xff, 0xff, 0x0d, 0x39, 0xff, 0xff, 0x0d, 0x39, 0xff, 0xff, 0x0d, 0x39, 0xff,
0xff, 0x0d, 0x39, 0xff, 0xff, 0x0d, 0x39, 0xff, 0xff, 0x0d, 0x39, 0xff, 0xff, 0x0d, 0x39,
0xff, 0xff, 0x0d, 0x39, 0xff, 0xff, 0x0d, 0x39, 0xff, 0xff, 0x0d, 0x39, 0xff, 0xff, 0x09,
0x35, 0xff, 0xff, 0x1e, 0x47, 0xff, 0xff, 0xed, 0xf0, 0xff, 0xff, 0xff, 0xff, 0xff, 0xff,
0xff, 0xff, 0xff, 0xff, 0xff, 0xff, 0xff, 0xff, 0xff, 0xff, 0xff, 0xff, 0xff, 0xff, 0xff,
0xff, 0xff, 0xff, 0xff, 0xff, 0xff, 0xff, 0xff, 0xff, 0xff, 0xff, 0xff, 0xff, 0xff, 0xff,
0xff, 0xff, 0xff, 0xff, 0xff, 0xff, 0xff, 0xff, 0xff, 0xff, 0xff, 0xff, 0xff, 0xff, 0xff,
0xff, 0xff, 0xff, 0xff, 0xff, 0xff, 0xff, 0xff, 0xff, 0xff, 0xff, 0xff, 0xff, 0xff, 0xff,
0xff, 0xff, 0xff, 0xff, 0xff, 0xff, 0xff, 0xff, 0xff, 0xff, 0xff, 0xff, 0xff, 0xff, 0xff,
0xff, 0xff, 0xff, 0xff, 0xff, 0xff, 0xff, 0xff, 0xff, 0xff, 0xff, 0xff, 0xff, 0xd7, 0xde,
0xff, 0xff, 0x11, 0x3c, 0xff, 0xff, 0x0a, 0x37, 0xff, 0xff, 0x0d, 0x39, 0xff, 0xff, 0x0c,
0x38, 0xff, 0xff, 0x07, 0x34, 0xff, 0xff, 0xc5, 0xd0, 0xff, 0xff, 0xff, 0xff, 0xff, 0xff,
0xff, 0xff, 0xff, 0xff, 0xff, 0xff, 0xff, 0xff, 0xff, 0xff, 0xff, 0xff, 0xff, 0xff, 0xff,
0xff, 0xff, 0xff, 0xff, 0xff, 0xff, 0xff, 0xff, 0xff, 0xff, 0xff, 0xff, 0xff, 0xff, 0xff,
0xff, 0xff, 0xff, 0xff, 0xff, 0xff, 0xff, 0xff, 0xff, 0xff, 0xff, 0xff, 0xff, 0xff, 0xff,
0xff, 0xff, 0xff, 0xff, 0xff, 0xff, 0xff, 0xff, 0xff, 0xff, 0xff, 0xff, 0xff, 0xff, 0xff,
0xff, 0xff, 0xff, 0xff, 0xff, 0xff, 0xff, 0xff, 0xff, 0xff, 0xff, 0xff, 0xff, 0xff, 0xff,
0xff, 0xff, 0xff, 0xff, 0xff, 0xff, 0xff, 0xff, 0xff, 0xff, 0xff, 0xff, 0xff, 0xff, 0xff,
0xff, 0xff, 0x4d, 0x6d, 0xff, 0xff, 0x02, 0x2f, 0xff, 0xff, 0x0d, 0x39, 0xff, 0xff, 0x0d,
0x39, 0xff, 0xff, 0x0d, 0x39, 0xff, 0xff, 0x0d, 0x39, 0xff, 0xff, 0x0d, 0x39, 0xff, 0xff,
0x0d, 0x39, 0xff, 0xff, 0x0d, 0x39, 0xff, 0xff, 0x0d, 0x39, 0xff, 0xff, 0x0d, 0x39, 0xff,
0xff, 0x0d, 0x39, 0xff, 0xff, 0x0d, 0x39, 0xff, 0xff, 0x0d, 0x39, 0xff, 0xff, 0x0d, 0x39,
0xff, 0xff, 0x0d, 0x39, 0xff, 0xff, 0x0d, 0x39, 0xff, 0xff, 0x0d, 0x39, 0xff, 0xff, 0x0d,
0x39, 0xff, 0xff, 0x0d, 0x39, 0xff, 0xff, 0x0d, 0x39, 0xff, 0xff, 0x0d, 0x39, 0xff, 0xff,
0x0d, 0x39, 0xff, 0xff, 0x0d, 0x39, 0xfd, 0xfe, 0x0a, 0x2f, 0xda, 0x41, 0x08, 0x2a, 0xcc,
0x00, 0x08, 0x2a, 0xcc, 0x00, 0x08, 0x2a, 0xcc, 0x00, 0x08, 0x2a, 0xcc, 0x00, 0xff, 0xff,
0xff, 0x00, 0xff, 0xff, 0xff, 0x00, 0xff, 0xff, 0xff, 0x00, 0xff, 0xff, 0xff, 0x00, 0xff,
0xff, 0xff, 0x00, 0xff, 0xff, 0xff, 0x00, 0xff, 0xff, 0xff, 0x00, 0xff, 0xff, 0xff, 0x00,
0xff, 0xff, 0xff, 0x00, 0xff, 0xff, 0xff, 0x00, 0xff, 0xff, 0xff, 0x00, 0xff, 0xff, 0xff,
0x00, 0xff, 0xff, 0xff, 0x00, 0xff, 0xff, 0xff, 0x00, 0xff, 0xff, 0xff, 0x00, 0x01, 0x2e,
0xeb, 0x00, 0x01, 0x2e, 0xeb, 0x00, 0x01, 0x2e, 0xeb, 0x00, 0x01, 0x2e, 0xeb, 0x00, 0x01,
0x2f, 0xeb, 0x00, 0x0a, 0x38, 0xfa, 0xad, 0x0e, 0x3a, 0xff, 0xff, 0x0d, 0x3a, 0xff, 0xff,
0x0d, 0x3a, 0xff, 0xff, 0x0d, 0x3a, 0xff, 0xff, 0x0d, 0x3a, 0xff, 0xff, 0x0d, 0x3a, 0xff,
0xff, 0x0d, 0x3a, 0xff, 0xff, 0x0d, 0x3a, 0xff, 0xff, 0x0d, 0x3a, 0xff, 0xff, 0x0d, 0x3a,
0xff, 0xff, 0x0d, 0x3a, 0xff, 0xff, 0x0d, 0x3a, 0xff, 0xff, 0x0d, 0x3a, 0xff, 0xff, 0x0d,
0x3a, 0xff, 0xff, 0x0d, 0x3a, 0xff, 0xff, 0x0d, 0x3a, 0xff, 0xff, 0x0d, 0x3a, 0xff, 0xff,
0x0d, 0x3a, 0xff, 0xff, 0x0d, 0x3a, 0xff, 0xff, 0x0d, 0x3a, 0xff, 0xff, 0x0d, 0x3a, 0xff,
0xff, 0x0b, 0x38, 0xff, 0xff, 0x10, 0x3d, 0xff, 0xff, 0xd7, 0xdf, 0xff, 0xff, 0xff, 0xff,
0xff, 0xff, 0xff, 0xff, 0xff, 0xff, 0xff, 0xff, 0xff, 0xff, 0xff, 0xff, 0xff, 0xff, 0xff,
0xff, 0xff, 0xff, 0xff, 0xff, 0xff, 0xff, 0xff, 0xff, 0xff, 0xff, 0xff, 0xff, 0xff, 0xff,
0xff, 0xff, 0xff, 0xff, 0xff, 0xff, 0xff, 0xff, 0xff, 0xff, 0xff, 0xff, 0xff, 0xff, 0xff,
0xff, 0xff, 0xff, 0xff, 0xff, 0xff, 0xff, 0xff, 0xff, 0xff, 0xff, 0xff, 0xff, 0xff, 0xff,
0xff, 0xff, 0xff, 0xff, 0xff, 0xff, 0xff, 0xff, 0xff, 0xff, 0xff, 0xff, 0xff, 0xff, 0xff,
0xff, 0xff, 0xff, 0xff, 0xff, 0xff, 0xff, 0xff, 0xff, 0xff, 0xff, 0xff, 0xff, 0xff, 0xff,
0xd6, 0xdd, 0xff, 0xff, 0x09, 0x36, 0xff, 0xff, 0x02, 0x31, 0xff, 0xff, 0x05, 0x33, 0xff,
0xff, 0x04, 0x32, 0xff, 0xff, 0x00, 0x2e, 0xff, 0xff, 0xc3, 0xce, 0xff, 0xff, 0xff, 0xff,
0xff, 0xff, 0xff, 0xff, 0xff, 0xff, 0xff, 0xff, 0xff, 0xff, 0xff, 0xff, 0xff, 0xff, 0xff,
0xff, 0xff, 0xff, 0xff, 0xff, 0xff, 0xff, 0xff, 0xff, 0xff, 0xff, 0xff, 0xff, 0xff, 0xff,
0xff, 0xff, 0xff, 0xff, 0xff, 0xff, 0xff, 0xff, 0xff, 0xff, 0xff, 0xff, 0xff, 0xff, 0xff,
0xff, 0xff, 0xff, 0xff, 0xff, 0xff, 0xff, 0xff, 0xff, 0xff, 0xff, 0xff, 0xff, 0xff, 0xff,
0xff, 0xff, 0xff, 0xff, 0xff, 0xff, 0xff, 0xff, 0xff, 0xff, 0xff, 0xff, 0xff, 0xff, 0xff,
0xff, 0xff, 0xff, 0xff, 0xff, 0xff, 0xff, 0xff, 0xff, 0xff, 0xff, 0xff, 0xff, 0xff, 0xff,
0xfc, 0xfd, 0xff, 0xff, 0x37, 0x5c, 0xff, 0xff, 0x05, 0x32, 0xff, 0xff, 0x0d, 0x39, 0xff,
0xff, 0x0d, 0x39, 0xff, 0xff, 0x0d, 0x39, 0xff, 0xff, 0x0d, 0x39, 0xff, 0xff, 0x0d, 0x39,
0xff, 0xff, 0x0d, 0x39, 0xff, 0xff, 0x0d, 0x39, 0xff, 0xff, 0x0d, 0x39, 0xff, 0xff, 0x0d,
0x39, 0xff, 0xff, 0x0d, 0x39, 0xff, 0xff, 0x0d, 0x39, 0xff, 0xff, 0x0d, 0x39, 0xff, 0xff,
0x0d, 0x39, 0xff, 0xff, 0x0d, 0x39, 0xff, 0xff, 0x0d, 0x39, 0xff, 0xff, 0x0d, 0x39, 0xff,
0xff, 0x0d, 0x39, 0xff, 0xff, 0x0d, 0x39, 0xff, 0xff, 0x0d, 0x39, 0xff, 0xff, 0x0d, 0x39,
0xff, 0xff, 0x0e, 0x3a, 0xff, 0xff, 0x0a, 0x36, 0xf7, 0xbe, 0x02, 0x29, 0xc3, 0x00, 0x03,
0x29, 0xc2, 0x00, 0x03, 0x29, 0xc3, 0x00, 0x03, 0x29, 0xc3, 0x00, 0x03, 0x29, 0xc3, 0x00,
0xff, 0xff, 0xff, 0x00, 0xff, 0xff, 0xff, 0x00, 0xff, 0xff, 0xff, 0x00, 0xff, 0xff, 0xff,
0x00, 0xff, 0xff, 0xff, 0x00, 0xff, 0xff, 0xff, 0x00, 0xff, 0xff, 0xff, 0x00, 0xff, 0xff,
0xff, 0x00, 0xff, 0xff, 0xff, 0x00, 0xff, 0xff, 0xff, 0x00, 0xff, 0xff, 0xff, 0x00, 0xff,
0xff, 0xff, 0x00, 0xff, 0xff, 0xff, 0x00, 0xff, 0xff, 0xff, 0x00, 0xff, 0xff, 0xff, 0x00,
0x09, 0x39, 0xf8, 0x00, 0x09, 0x39, 0xf8, 0x00, 0x09, 0x39, 0xf8, 0x00, 0x09, 0x39, 0xf8,
0x00, 0x09, 0x39, 0xf7, 0x00, 0x0a, 0x39, 0xf9, 0x3f, 0x0d, 0x3b, 0xff, 0xff, 0x0d, 0x3b,
0xff, 0xff, 0x0d, 0x3b, 0xff, 0xff, 0x0d, 0x3b, 0xff, 0xff, 0x0d, 0x3b, 0xff, 0xff, 0x0d,
0x3b, 0xff, 0xff, 0x0d, 0x3b, 0xff, 0xff, 0x0d, 0x3b, 0xff, 0xff, 0x0d, 0x3b, 0xff, 0xff,
0x0d, 0x3b, 0xff, 0xff, 0x0d, 0x3b, 0xff, 0xff, 0x0d, 0x3b, 0xff, 0xff, 0x0d, 0x3b, 0xff,
0xff, 0x0d, 0x3b, 0xff, 0xff, 0x0d, 0x3a, 0xff, 0xff, 0x0d, 0x3a, 0xff, 0xff, 0x0d, 0x3a,
0xff, 0xff, 0x0d, 0x3a, 0xff, 0xff, 0x0d, 0x3a, 0xff, 0xff, 0x0d, 0x3a, 0xff, 0xff, 0x0d,
0x3a, 0xff, 0xff, 0x0d, 0x3a, 0xff, 0xff, 0x03, 0x32, 0xff, 0xff, 0xb6, 0xc4, 0xff, 0xff,
0xff, 0xff, 0xff, 0xff, 0xff, 0xff, 0xff, 0xff, 0xff, 0xff, 0xff, 0xff, 0xff, 0xff, 0xff,
0xff, 0xff, 0xff, 0xff, 0xff, 0xff, 0xff, 0xff, 0xff, 0xff, 0xff, 0xff, 0xff, 0xff, 0xff,
0xff, 0xff, 0xff, 0xff, 0xff, 0xff, 0xff, 0xff, 0xff, 0xff, 0xff, 0xff, 0xff, 0xff, 0xff,
0xff, 0xff, 0xff, 0xff, 0xff, 0xff, 0xff, 0xff, 0xff, 0xff, 0xff, 0xff, 0xff, 0xff, 0xff,
0xff, 0xff, 0xff, 0xff, 0xff, 0xff, 0xff, 0xff, 0xff, 0xff, 0xff, 0xff, 0xff, 0xff, 0xff,
0xff, 0xff, 0xff, 0xff, 0xff, 0xff, 0xff, 0xff, 0xff, 0xff, 0xff, 0xff, 0xff, 0xff, 0xff,
0xff, 0xff, 0xde, 0xe4, 0xff, 0xff, 0x38, 0x5d, 0xff, 0xff, 0x33, 0x59, 0xff, 0xff, 0x35,
0x5b, 0xff, 0xff, 0x34, 0x5a, 0xff, 0xff, 0x30, 0x56, 0xff, 0xff, 0xcf, 0xd8, 0xff, 0xff,
0xff, 0xff, 0xff, 0xff, 0xff, 0xff, 0xff, 0xff, 0xff, 0xff, 0xff, 0xff, 0xff, 0xff, 0xff,
0xff, 0xff, 0xff, 0xff, 0xff, 0xff, 0xff, 0xff, 0xff, 0xff, 0xff, 0xff, 0xff, 0xff, 0xff,
0xff, 0xff, 0xff, 0xff, 0xff, 0xff, 0xff, 0xff, 0xff, 0xff, 0xff, 0xff, 0xff, 0xff, 0xff,
0xff, 0xff, 0xff, 0xff, 0xff, 0xff, 0xff, 0xff, 0xff, 0xff, 0xff, 0xff, 0xff, 0xff, 0xff,
0xff, 0xff, 0xff, 0xff, 0xff, 0xff, 0xff, 0xff, 0xff, 0xff, 0xff, 0xff, 0xff, 0xff, 0xff,
0xff, 0xff, 0xff, 0xff, 0xff, 0xff, 0xff, 0xff, 0xff, 0xff, 0xff, 0xff, 0xff, 0xff, 0xff,
0xff, 0xff, 0xea, 0xee, 0xff, 0xff, 0x1c, 0x47, 0xff, 0xff, 0x09, 0x36, 0xff, 0xff, 0x0d,
0x3a, 0xff, 0xff, 0x0d, 0x3a, 0xff, 0xff, 0x0d, 0x3a, 0xff, 0xff, 0x0d, 0x3a, 0xff, 0xff,
0x0d, 0x3a, 0xff, 0xff, 0x0d, 0x3a, 0xff, 0xff, 0x0d, 0x3a, 0xff, 0xff, 0x0d, 0x3a, 0xff,
0xff, 0x0d, 0x3a, 0xff, 0xff, 0x0d, 0x3a, 0xff, 0xff, 0x0d, 0x3a, 0xff, 0xff, 0x0d, 0x3a,
0xff, 0xff, 0x0d, 0x3a, 0xff, 0xff, 0x0d, 0x3a, 0xff, 0xff, 0x0d, 0x3a, 0xff, 0xff, 0x0d,
0x3a, 0xff, 0xff, 0x0d, 0x3a, 0xff, 0xff, 0x0d, 0x3a, 0xff, 0xff, 0x0d, 0x3a, 0xff, 0xff,
0x0d, 0x3a, 0xff, 0xff, 0x0d, 0x3a, 0xff, 0xff, 0x0a, 0x38, 0xfa, 0x58, 0x08, 0x36, 0xfc,
0x00, 0x08, 0x36, 0xfd, 0x00, 0x08, 0x36, 0xfd, 0x00, 0x08, 0x36, 0xfd, 0x00, 0x08, 0x36,
0xfd, 0x00, 0xff, 0xff, 0xff, 0x00, 0xff, 0xff, 0xff, 0x00, 0xff, 0xff, 0xff, 0x00, 0xff,
0xff, 0xff, 0x00, 0xff, 0xff, 0xff, 0x00, 0xff, 0xff, 0xff, 0x00, 0xff, 0xff, 0xff, 0x00,
0xff, 0xff, 0xff, 0x00, 0xff, 0xff, 0xff, 0x00, 0xff, 0xff, 0xff, 0x00, 0xff, 0xff, 0xff,
0x00, 0xff, 0xff, 0xff, 0x00, 0xff, 0xff, 0xff, 0x00, 0xff, 0xff, 0xff, 0x00, 0xff, 0xff,
0xff, 0x00, 0x0a, 0x39, 0xf8, 0x00, 0x0a, 0x39, 0xf8, 0x00, 0x0a, 0x39, 0xf8, 0x00, 0x0a,
0x39, 0xf8, 0x00, 0x0a, 0x39, 0xf9, 0x00, 0x09, 0x39, 0xf8, 0x00, 0x0c, 0x3b, 0xfd, 0xa6,
0x0d, 0x3b, 0xff, 0xff, 0x0d, 0x3b, 0xff, 0xff, 0x0d, 0x3b, 0xff, 0xff, 0x0d, 0x3b, 0xff,
0xff, 0x0d, 0x3b, 0xff, 0xff, 0x0d, 0x3b, 0xff, 0xff, 0x0d, 0x3b, 0xff, 0xff, 0x0d, 0x3b,
0xff, 0xff, 0x0d, 0x3b, 0xff, 0xff, 0x0d, 0x3b, 0xff, 0xff, 0x0d, 0x3b, 0xff, 0xff, 0x0d,
0x3b, 0xff, 0xff, 0x0d, 0x3b, 0xff, 0xff, 0x0d, 0x3b, 0xff, 0xff, 0x0d, 0x3b, 0xff, 0xff,
0x0d, 0x3b, 0xff, 0xff, 0x0d, 0x3b, 0xff, 0xff, 0x0d, 0x3b, 0xff, 0xff, 0x0d, 0x3b, 0xff,
0xff, 0x0d, 0x3b, 0xff, 0xff, 0x0d, 0x3b, 0xff, 0xff, 0x00, 0x2f, 0xff, 0xff, 0x89, 0x9f,
0xff, 0xff, 0xff, 0xff, 0xff, 0xff, 0xff, 0xff, 0xff, 0xff, 0xff, 0xff, 0xff, 0xff, 0xff,
0xff, 0xff, 0xff, 0xff, 0xff, 0xff, 0xff, 0xff, 0xff, 0xff, 0xff, 0xff, 0xff, 0xff, 0xff,
0xff, 0xff, 0xff, 0xff, 0xff, 0xff, 0xff, 0xff, 0xff, 0xff, 0xff, 0xff, 0xff, 0xff, 0xff,
0xff, 0xff, 0xff, 0xff, 0xff, 0xff, 0xff, 0xff, 0xff, 0xff, 0xff, 0xff, 0xff, 0xff, 0xff,
0xff, 0xff, 0xff, 0xff, 0xff, 0xff, 0xff, 0xff, 0xff, 0xff, 0xff, 0xff, 0xff, 0xff, 0xff,
0xff, 0xff, 0xff, 0xff, 0xff, 0xff, 0xff, 0xff, 0xff, 0xff, 0xff, 0xff, 0xff, 0xff, 0xff,
0xff, 0xff, 0xff, 0xff, 0xfe, 0xfe, 0xff, 0xff, 0xfb, 0xfc, 0xff, 0xff, 0xfb, 0xfc, 0xff,
0xff, 0xfb, 0xfc, 0xff, 0xff, 0xfb, 0xfc, 0xff, 0xff, 0xfb, 0xfc, 0xff, 0xff, 0xfe, 0xfe,
0xff, 0xff, 0xff, 0xff, 0xff, 0xff, 0xff, 0xff, 0xff, 0xff, 0xff, 0xff, 0xff, 0xff, 0xff,
0xff, 0xff, 0xff, 0xff, 0xff, 0xff, 0xff, 0xff, 0xff, 0xff, 0xff, 0xff, 0xff, 0xff, 0xff,
0xff, 0xff, 0xff, 0xff, 0xff, 0xff, 0xff, 0xff, 0xff, 0xff, 0xff, 0xff, 0xff, 0xff, 0xff,
0xff, 0xff, 0xff, 0xff, 0xff, 0xff, 0xff, 0xff, 0xff, 0xff, 0xff, 0xff, 0xff, 0xff, 0xff,
0xff, 0xff, 0xff, 0xff, 0xff, 0xff, 0xff, 0xff, 0xff, 0xff, 0xff, 0xff, 0xff, 0xff, 0xff,
0xff, 0xff, 0xff, 0xff, 0xff, 0xff, 0xff, 0xff, 0xff, 0xff, 0xff, 0xff, 0xff, 0xff, 0xff,
0xff, 0xff, 0xff, 0xff, 0xc3, 0xce, 0xff, 0xff, 0x08, 0x36, 0xff, 0xff, 0x0c, 0x3a, 0xff,
0xff, 0x0d, 0x3a, 0xff, 0xff, 0x0d, 0x3a, 0xff, 0xff, 0x0d, 0x3a, 0xff, 0xff, 0x0d, 0x3a,
0xff, 0xff, 0x0d, 0x3a, 0xff, 0xff, 0x0d, 0x3a, 0xff, 0xff, 0x0d, 0x3a, 0xff, 0xff, 0x0d,
0x3a, 0xff, 0xff, 0x0d, 0x3a, 0xff, 0xff, 0x0d, 0x3a, 0xff, 0xff, 0x0d, 0x3a, 0xff, 0xff,
0x0d, 0x3a, 0xff, 0xff, 0x0d, 0x3a, 0xff, 0xff, 0x0d, 0x3a, 0xff, 0xff, 0x0d, 0x3a, 0xff,
0xff, 0x0d, 0x3a, 0xff, 0xff, 0x0d, 0x3a, 0xff, 0xff, 0x0d, 0x3a, 0xff, 0xff, 0x0d, 0x3a,
0xff, 0xff, 0x0d, 0x3a, 0xff, 0xff, 0x0d, 0x39, 0xff, 0xbf, 0x0a, 0x38, 0xf9, 0x04, 0x0a,
0x38, 0xfa, 0x00, 0x0a, 0x38, 0xfa, 0x00, 0x0a, 0x38, 0xfa, 0x00, 0x0a, 0x38, 0xfa, 0x00,
0x0a, 0x38, 0xfa, 0x00, 0xff, 0xff, 0xff, 0x00, 0xff, 0xff, 0xff, 0x00, 0xff, 0xff, 0xff,
0x00, 0xff, 0xff, 0xff, 0x00, 0xff, 0xff, 0xff, 0x00, 0xff, 0xff, 0xff, 0x00, 0xff, 0xff,
0xff, 0x00, 0xff, 0xff, 0xff, 0x00, 0xff, 0xff, 0xff, 0x00, 0xff, 0xff, 0xff, 0x00, 0xff,
0xff, 0xff, 0x00, 0xff, 0xff, 0xff, 0x00, 0xff, 0xff, 0xff, 0x00, 0xff, 0xff, 0xff, 0x00,
0xff, 0xff, 0xff, 0x00, 0x09, 0x39, 0xf7, 0x00, 0x09, 0x39, 0xf7, 0x00, 0x09, 0x39, 0xf7,
0x00, 0x09, 0x39, 0xf7, 0x00, 0x09, 0x39, 0xf7, 0x00, 0x09, 0x39, 0xf7, 0x00, 0x09, 0x3a,
0xfa, 0x36, 0x0d, 0x3d, 0xff, 0xfd, 0x0d, 0x3c, 0xff, 0xff, 0x0d, 0x3c, 0xff, 0xff, 0x0d,
0x3c, 0xff, 0xff, 0x0d, 0x3c, 0xff, 0xff, 0x0d, 0x3c, 0xff, 0xff, 0x0d, 0x3c, 0xff, 0xff,
0x0d, 0x3c, 0xff, 0xff, 0x0d, 0x3c, 0xff, 0xff, 0x0d, 0x3c, 0xff, 0xff, 0x0d, 0x3c, 0xff,
0xff, 0x0d, 0x3c, 0xff, 0xff, 0x0d, 0x3c, 0xff, 0xff, 0x0d, 0x3c, 0xff, 0xff, 0x0d, 0x3c,
0xff, 0xff, 0x0d, 0x3c, 0xff, 0xff, 0x0d, 0x3c, 0xff, 0xff, 0x0d, 0x3c, 0xff, 0xff, 0x0d,
0x3c, 0xff, 0xff, 0x0d, 0x3c, 0xff, 0xff, 0x0d, 0x3c, 0xff, 0xff, 0x00, 0x31, 0xff, 0xff,
0x63, 0x81, 0xff, 0xff, 0xff, 0xff, 0xff, 0xff, 0xff, 0xff, 0xff, 0xff, 0xff, 0xff, 0xff,
0xff, 0xff, 0xff, 0xff, 0xff, 0xff, 0xff, 0xff, 0xff, 0xff, 0xff, 0xff, 0xff, 0xff, 0xff,
0xff, 0xff, 0xff, 0xff, 0xff, 0xff, 0xff, 0xff, 0xff, 0xff, 0xff, 0xff, 0xff, 0xff, 0xff,
0xff, 0xff, 0xff, 0xff, 0xff, 0xff, 0xff, 0xff, 0xff, 0xff, 0xff, 0xff, 0xff, 0xff, 0xff,
0xff, 0xff, 0xff, 0xff, 0xff, 0xff, 0xff, 0xff, 0xff, 0xff, 0xff, 0xff, 0xff, 0xff, 0xff,
0xff, 0xff, 0xff, 0xff, 0xff, 0xff, 0xff, 0xff, 0xff, 0xff, 0xff, 0xff, 0xff, 0xff, 0xff,
0xff, 0xff, 0xff, 0xff, 0xff, 0xff, 0xff, 0xff, 0xff, 0xff, 0xff, 0xff, 0xff, 0xff, 0xff,
0xff, 0xff, 0xff, 0xff, 0xff, 0xff, 0xff, 0xff, 0xff, 0xff, 0xff, 0xff, 0xff, 0xff, 0xff,
0xff, 0xff, 0xff, 0xff, 0xff, 0xff, 0xff, 0xff, 0xff, 0xff, 0xff, 0xff, 0xff, 0xff, 0xff,
0xff, 0xff, 0xff, 0xff, 0xff, 0xff, 0xff, 0xff, 0xff, 0xff, 0xff, 0xff, 0xff, 0xff, 0xff,
0xff, 0xff, 0xff, 0xff, 0xff, 0xff, 0xff, 0xff, 0xff, 0xff, 0xff, 0xff, 0xff, 0xff, 0xff,
0xff, 0xff, 0xff, 0xff, 0xff, 0xff, 0xff, 0xff, 0xff, 0xff, 0xff, 0xff, 0xff, 0xff, 0xff,
0xff, 0xff, 0xff, 0xff, 0xff, 0xff, 0xff, 0xff, 0xff, 0xff, 0xff, 0xff, 0xff, 0xff, 0xff,
0xff, 0xff, 0xff, 0xff, 0xff, 0xff, 0xff, 0xff, 0xff, 0xff, 0xff, 0xff, 0xff, 0xff, 0xff,
0xff, 0xff, 0xff, 0xff, 0xff, 0xff, 0x88, 0x9f, 0xff, 0xff, 0x00, 0x2f, 0xff, 0xff, 0x0d,
0x3b, 0xff, 0xff, 0x0d, 0x3b, 0xff, 0xff, 0x0d, 0x3b, 0xff, 0xff, 0x0d, 0x3b, 0xff, 0xff,
0x0d, 0x3b, 0xff, 0xff, 0x0d, 0x3b, 0xff, 0xff, 0x0d, 0x3b, 0xff, 0xff, 0x0d, 0x3b, 0xff,
0xff, 0x0d, 0x3b, 0xff, 0xff, 0x0d, 0x3b, 0xff, 0xff, 0x0d, 0x3b, 0xff, 0xff, 0x0d, 0x3b,
0xff, 0xff, 0x0d, 0x3b, 0xff, 0xff, 0x0d, 0x3b, 0xff, 0xff, 0x0d, 0x3b, 0xff, 0xff, 0x0d,
0x3b, 0xff, 0xff, 0x0d, 0x3b, 0xff, 0xff, 0x0d, 0x3b, 0xff, 0xff, 0x0d, 0x3b, 0xff, 0xff,
0x0d, 0x3b, 0xff, 0xff, 0x0d, 0x3b, 0xff, 0xff, 0x08, 0x38, 0xfb, 0x48, 0x05, 0x37, 0xf6,
0x00, 0x06, 0x37, 0xf7, 0x00, 0x06, 0x37, 0xf7, 0x00, 0x06, 0x37, 0xf7, 0x00, 0x06, 0x37,
0xf7, 0x00, 0x06, 0x37, 0xf7, 0x00, 0xff, 0xff, 0xff, 0x00, 0xff, 0xff, 0xff, 0x00, 0xff,
0xff, 0xff, 0x00, 0xff, 0xff, 0xff, 0x00, 0xff, 0xff, 0xff, 0x00, 0xff, 0xff, 0xff, 0x00,
0xff, 0xff, 0xff, 0x00, 0xff, 0xff, 0xff, 0x00, 0xff, 0xff, 0xff, 0x00, 0xff, 0xff, 0xff,
0x00, 0xff, 0xff, 0xff, 0x00, 0xff, 0xff, 0xff, 0x00, 0xff, 0xff, 0xff, 0x00, 0xff, 0xff,
0xff, 0x00, 0xff, 0xff, 0xff, 0x00, 0x01, 0x16, 0xd5, 0x00, 0x01, 0x16, 0xd5, 0x00, 0x01,
0x16, 0xd5, 0x00, 0x01, 0x16, 0xd5, 0x00, 0x01, 0x16, 0xd5, 0x00, 0x01, 0x16, 0xd5, 0x00,
0x00, 0x15, 0xd2, 0x00, 0x09, 0x2c, 0xed, 0x9d, 0x0e, 0x3f, 0xff, 0xff, 0x0d, 0x3c, 0xff,
0xff, 0x0d, 0x3c, 0xff, 0xff, 0x0d, 0x3c, 0xff, 0xff, 0x0d, 0x3c, 0xff, 0xff, 0x0d, 0x3c,
0xff, 0xff, 0x0d, 0x3c, 0xff, 0xff, 0x0d, 0x3c, 0xff, 0xff, 0x0d, 0x3c, 0xff, 0xff, 0x0d,
0x3c, 0xff, 0xff, 0x0d, 0x3c, 0xff, 0xff, 0x0d, 0x3c, 0xff, 0xff, 0x0d, 0x3c, 0xff, 0xff,
0x0d, 0x3c, 0xff, 0xff, 0x0d, 0x3c, 0xff, 0xff, 0x0d, 0x3c, 0xff, 0xff, 0x0d, 0x3c, 0xff,
0xff, 0x0d, 0x3c, 0xff, 0xff, 0x0d, 0x3c, 0xff, 0xff, 0x0d, 0x3c, 0xff, 0xff, 0x07, 0x37,
0xff, 0xff, 0x26, 0x50, 0xff, 0xff, 0xef, 0xf2, 0xff, 0xff, 0xff, 0xff, 0xff, 0xff, 0xff,
0xff, 0xff, 0xff, 0xff, 0xff, 0xff, 0xff, 0xff, 0xff, 0xff, 0xff, 0xff, 0xff, 0xff, 0xff,
0xff, 0xff, 0xff, 0xff, 0xff, 0xff, 0xff, 0xff, 0xff, 0xff, 0xff, 0xff, 0xff, 0xff, 0xff,
0xff, 0xff, 0xff, 0xff, 0xff, 0xff, 0xff, 0xff, 0xff, 0xff, 0xff, 0xff, 0xff, 0xff, 0xff,
0xff, 0xff, 0xff, 0xff, 0xff, 0xff, 0xff, 0xff, 0xff, 0xff, 0xff, 0xff, 0xff, 0xff, 0xff,
0xff, 0xff, 0xff, 0xff, 0xff, 0xff, 0xff, 0xff, 0xff, 0xff, 0xff, 0xff, 0xff, 0xff, 0xff,
0xff, 0xff, 0xff, 0xff, 0xff, 0xff, 0xff, 0xff, 0xff, 0xff, 0xff, 0xff, 0xff, 0xff, 0xff,
0xff, 0xff, 0xff, 0xff, 0xff, 0xff, 0xff, 0xff, 0xff, 0xff, 0xff, 0xff, 0xff, 0xff, 0xff,
0xff, 0xff, 0xff, 0xff, 0xff, 0xff, 0xff, 0xff, 0xff, 0xff, 0xff, 0xff, 0xff, 0xff, 0xff,
0xff, 0xff, 0xff, 0xff, 0xff, 0xff, 0xff, 0xff, 0xff, 0xff, 0xff, 0xff, 0xff, 0xff, 0xff,
0xff, 0xff, 0xff, 0xff, 0xff, 0xff, 0xff, 0xff, 0xff, 0xff, 0xff, 0xff, 0xff, 0xff, 0xff,
0xff, 0xff, 0xff, 0xff, 0xff, 0xff, 0xff, 0xff, 0xff, 0xff, 0xff, 0xff, 0xff, 0xff, 0xff,
0xff, 0xff, 0xff, 0xff, 0xff, 0xff, 0xff, 0xff, 0xff, 0xff, 0xff, 0xff, 0xff, 0xff, 0xff,
0xff, 0xff, 0xff, 0xff, 0xff, 0xff, 0xff, 0xff, 0xff, 0xff, 0xff, 0xff, 0xff, 0xff, 0xff,
0xff, 0xff, 0xff, 0xff, 0xff, 0xff, 0xff, 0xff, 0x4f, 0x71, 0xff, 0xff, 0x02, 0x32, 0xff,
0xff, 0x0d, 0x3c, 0xff, 0xff, 0x0d, 0x3c, 0xff, 0xff, 0x0d, 0x3c, 0xff, 0xff, 0x0d, 0x3c,
0xff, 0xff, 0x0d, 0x3c, 0xff, 0xff, 0x0d, 0x3c, 0xff, 0xff, 0x0d, 0x3c, 0xff, 0xff, 0x0d,
0x3c, 0xff, 0xff, 0x0d, 0x3c, 0xff, 0xff, 0x0d, 0x3c, 0xff, 0xff, 0x0d, 0x3c, 0xff, 0xff,
0x0d, 0x3c, 0xff, 0xff, 0x0d, 0x3b, 0xff, 0xff, 0x0d, 0x3b, 0xff, 0xff, 0x0d, 0x3b, 0xff,
0xff, 0x0d, 0x3b, 0xff, 0xff, 0x0d, 0x3b, 0xff, 0xff, 0x0d, 0x3b, 0xff, 0xff, 0x0d, 0x3b,
0xff, 0xff, 0x0e, 0x3d, 0xff, 0xff, 0x0b, 0x32, 0xda, 0xaf, 0x02, 0x14, 0x67, 0x02, 0x01,
0x14, 0x65, 0x00, 0x02, 0x14, 0x66, 0x00, 0x02, 0x14, 0x66, 0x00, 0x02, 0x14, 0x66, 0x00,
0x02, 0x14, 0x66, 0x00, 0x02, 0x14, 0x66, 0x00, 0xff, 0xff, 0xff, 0x00, 0xff, 0xff, 0xff,
0x00, 0xff, 0xff, 0xff, 0x00, 0xff, 0xff, 0xff, 0x00, 0xff, 0xff, 0xff, 0x00, 0xff, 0xff,
0xff, 0x00, 0xff, 0xff, 0xff, 0x00, 0xff, 0xff, 0xff, 0x00, 0xff, 0xff, 0xff, 0x00, 0xff,
0xff, 0xff, 0x00, 0xff, 0xff, 0xff, 0x00, 0xff, 0xff, 0xff, 0x00, 0xff, 0xff, 0xff, 0x00,
0xff, 0xff, 0xff, 0x00, 0xff, 0xff, 0xff, 0x00, 0x07, 0x29, 0xe5, 0x00, 0x07, 0x29, 0xe5,
0x00, 0x07, 0x29, 0xe5, 0x00, 0x07, 0x29, 0xe5, 0x00, 0x07, 0x29, 0xe5, 0x00, 0x07, 0x29,
0xe5, 0x00, 0x07, 0x28, 0xe4, 0x00, 0x09, 0x32, 0xee, 0x2d, 0x0e, 0x3f, 0xff, 0xf7, 0x0e,
0x3d, 0xff, 0xff, 0x0e, 0x3d, 0xff, 0xff, 0x0e, 0x3d, 0xff, 0xff, 0x0e, 0x3d, 0xff, 0xff,
0x0e, 0x3d, 0xff, 0xff, 0x0e, 0x3d, 0xff, 0xff, 0x0e, 0x3d, 0xff, 0xff, 0x0e, 0x3d, 0xff,
0xff, 0x0e, 0x3d, 0xff, 0xff, 0x0e, 0x3d, 0xff, 0xff, 0x0e, 0x3d, 0xff, 0xff, 0x0e, 0x3d,
0xff, 0xff, 0x0e, 0x3d, 0xff, 0xff, 0x0e, 0x3d, 0xff, 0xff, 0x0e, 0x3d, 0xff, 0xff, 0x0e,
0x3d, 0xff, 0xff, 0x0e, 0x3d, 0xff, 0xff, 0x0e, 0x3d, 0xff, 0xff, 0x0e, 0x3d, 0xff, 0xff,
0x0e, 0x3d, 0xff, 0xff, 0x00, 0x31, 0xff, 0xff, 0x90, 0xa5, 0xff, 0xff, 0xff, 0xff, 0xff,
0xff, 0xff, 0xff, 0xff, 0xff, 0xff, 0xff, 0xff, 0xff, 0xff, 0xff, 0xff, 0xff, 0xff, 0xff,
0xff, 0xff, 0xff, 0xff, 0xff, 0xff, 0xff, 0xff, 0xff, 0xff, 0xff, 0xff, 0xff, 0xff, 0xff,
0xff, 0xff, 0xff, 0xff, 0xff, 0xff, 0xff, 0xff, 0xff, 0xff, 0xff, 0xff, 0xff, 0xff, 0xff,
0xff, 0xff, 0xff, 0xff, 0xff, 0xff, 0xff, 0xff, 0xff, 0xff, 0xff, 0xff, 0xff, 0xff, 0xff,
0xff, 0xff, 0xff, 0xff, 0xff, 0xff, 0xff, 0xff, 0xff, 0xff, 0xff, 0xff, 0xff, 0xff, 0xff,
0xff, 0xff, 0xff, 0xff, 0xff, 0xff, 0xff, 0xff, 0xff, 0xff, 0xff, 0xff, 0xff, 0xff, 0xff,
0xff, 0xff, 0xff, 0xff, 0xff, 0xff, 0xff, 0xff, 0xff, 0xff, 0xff, 0xff, 0xff, 0xff, 0xff,
0xff, 0xff, 0xff, 0xff, 0xff, 0xff, 0xff, 0xff, 0xff, 0xff, 0xff, 0xff, 0xff, 0xff, 0xff,
0xff, 0xff, 0xff, 0xff, 0xff, 0xff, 0xff, 0xff, 0xff, 0xff, 0xff, 0xff, 0xff, 0xff, 0xff,
0xff, 0xff, 0xff, 0xff, 0xff, 0xff, 0xff, 0xff, 0xff, 0xff, 0xff, 0xff, 0xff, 0xff, 0xff,
0xff, 0xff, 0xff, 0xff, 0xff, 0xff, 0xff, 0xff, 0xff, 0xff, 0xff, 0xff, 0xff, 0xff, 0xff,
0xff, 0xff, 0xff, 0xff, 0xff, 0xff, 0xff, 0xff, 0xff, 0xff, 0xff, 0xff, 0xff, 0xff, 0xff,
0xff, 0xff, 0xff, 0xff, 0xff, 0xff, 0xff, 0xff, 0xff, 0xff, 0xff, 0xff, 0xff, 0xff, 0xff,
0xff, 0xff, 0xff, 0xff, 0xff, 0xff, 0xc4, 0xcf, 0xff, 0xff, 0x0c, 0x3b, 0xff, 0xff, 0x0b,
0x3b, 0xff, 0xff, 0x0d, 0x3c, 0xff, 0xff, 0x0d, 0x3c, 0xff, 0xff, 0x0d, 0x3c, 0xff, 0xff,
0x0d, 0x3c, 0xff, 0xff, 0x0d, 0x3c, 0xff, 0xff, 0x0d, 0x3c, 0xff, 0xff, 0x0d, 0x3c, 0xff,
0xff, 0x0d, 0x3c, 0xff, 0xff, 0x0d, 0x3c, 0xff, 0xff, 0x0d, 0x3c, 0xff, 0xff, 0x0d, 0x3c,
0xff, 0xff, 0x0d, 0x3c, 0xff, 0xff, 0x0d, 0x3c, 0xff, 0xff, 0x0d, 0x3c, 0xff, 0xff, 0x0d,
0x3c, 0xff, 0xff, 0x0d, 0x3c, 0xff, 0xff, 0x0d, 0x3c, 0xff, 0xff, 0x0d, 0x3c, 0xff, 0xff,
0x0d, 0x3c, 0xff, 0xff, 0x0d, 0x3d, 0xff, 0xfb, 0x09, 0x39, 0xec, 0x35, 0x06, 0x33, 0xd1,
0x00, 0x06, 0x33, 0xd2, 0x00, 0x06, 0x33, 0xd2, 0x00, 0x06, 0x33, 0xd2, 0x00, 0x06, 0x33,
0xd2, 0x00, 0x06, 0x33, 0xd2, 0x00, 0x06, 0x33, 0xd2, 0x00, 0xff, 0xff, 0xff, 0x00, 0xff,
0xff, 0xff, 0x00, 0xff, 0xff, 0xff, 0x00, 0xff, 0xff, 0xff, 0x00, 0xff, 0xff, 0xff, 0x00,
0xff, 0xff, 0xff, 0x00, 0xff, 0xff, 0xff, 0x00, 0xff, 0xff, 0xff, 0x00, 0xff, 0xff, 0xff,
0x00, 0xff, 0xff, 0xff, 0x00, 0xff, 0xff, 0xff, 0x00, 0xff, 0xff, 0xff, 0x00, 0xff, 0xff,
0xff, 0x00, 0xff, 0xff, 0xff, 0x00, 0xff, 0xff, 0xff, 0x00, 0x04, 0x39, 0xed, 0x00, 0x04,
0x39, 0xed, 0x00, 0x04, 0x39, 0xed, 0x00, 0x04, 0x39, 0xed, 0x00, 0x04, 0x39, 0xed, 0x00,
0x04, 0x39, 0xed, 0x00, 0x04, 0x39, 0xed, 0x00, 0x04, 0x37, 0xeb, 0x00, 0x0b, 0x39, 0xf7,
0x79, 0x0f, 0x3d, 0xff, 0xff, 0x0e, 0x3d, 0xff, 0xff, 0x0e, 0x3d, 0xff, 0xff, 0x0e, 0x3d,
0xff, 0xff, 0x0e, 0x3d, 0xff, 0xff, 0x0e, 0x3d, 0xff, 0xff, 0x0e, 0x3d, 0xff, 0xff, 0x0e,
0x3d, 0xff, 0xff, 0x0e, 0x3d, 0xff, 0xff, 0x0e, 0x3d, 0xff, 0xff, 0x0e, 0x3d, 0xff, 0xff,
0x0e, 0x3d, 0xff, 0xff, 0x0e, 0x3d, 0xff, 0xff, 0x0e, 0x3d, 0xff, 0xff, 0x0e, 0x3d, 0xff,
0xff, 0x0e, 0x3d, 0xff, 0xff, 0x0e, 0x3d, 0xff, 0xff, 0x0e, 0x3d, 0xff, 0xff, 0x0e, 0x3d,
0xff, 0xff, 0x0e, 0x3d, 0xff, 0xff, 0x09, 0x39, 0xff, 0xff, 0x1d, 0x49, 0xff, 0xff, 0xc6,
0xd2, 0xff, 0xff, 0xff, 0xff, 0xff, 0xff, 0xff, 0xff, 0xff, 0xff, 0xff, 0xff, 0xff, 0xff,
0xff, 0xff, 0xff, 0xff, 0xff, 0xff, 0xff, 0xff, 0xff, 0xff, 0xff, 0xff, 0xff, 0xff, 0xff,
0xff, 0xff, 0xff, 0xff, 0xff, 0xff, 0xff, 0xff, 0xff, 0xff, 0xff, 0xff, 0xff, 0xff, 0xff,
0xff, 0xff, 0xff, 0xff, 0xff, 0xff, 0xff, 0xff, 0xff, 0xff, 0xff, 0xff, 0xff, 0xff, 0xff,
0xff, 0xff, 0xff, 0xff, 0xff, 0xff, 0xff, 0xff, 0xff, 0xff, 0xff, 0xff, 0xff, 0xff, 0xff,
0xff, 0xff, 0xff, 0xff, 0xff, 0xff, 0xff, 0xff, 0xff, 0xff, 0xff, 0xff, 0xff, 0xff, 0xff,
0xff, 0xff, 0xff, 0xff, 0xff, 0xff, 0xff, 0xff, 0xff, 0xff, 0xff, 0xff, 0xff, 0xff, 0xff,
0xff, 0xff, 0xff, 0xff, 0xff, 0xff, 0xff, 0xff, 0xff, 0xff, 0xff, 0xff, 0xff, 0xff, 0xff,
0xff, 0xff, 0xff, 0xff, 0xff, 0xff, 0xff, 0xff, 0xff, 0xff, 0xff, 0xff, 0xff, 0xff, 0xff,
0xff, 0xff, 0xff, 0xff, 0xff, 0xff, 0xff, 0xff, 0xff, 0xff, 0xff, 0xff, 0xff, 0xff, 0xff,
0xff, 0xff, 0xff, 0xff, 0xff, 0xff, 0xff, 0xff, 0xff, 0xff, 0xff, 0xff, 0xff, 0xff, 0xff,
0xff, 0xff, 0xff, 0xff, 0xff, 0xff, 0xff, 0xff, 0xff, 0xff, 0xff, 0xff, 0xff, 0xff, 0xff,
0xff, 0xff, 0xff, 0xff, 0xff, 0xff, 0xff, 0xff, 0xff, 0xff, 0xff, 0xff, 0xff, 0xff, 0xff,
0xff, 0xff, 0xff, 0xff, 0xe6, 0xeb, 0xff, 0xff, 0x37, 0x5e, 0xff, 0xff, 0x04, 0x34, 0xff,
0xff, 0x0e, 0x3d, 0xff, 0xff, 0x0e, 0x3d, 0xff, 0xff, 0x0e, 0x3d, 0xff, 0xff, 0x0e, 0x3d,
0xff, 0xff, 0x0e, 0x3d, 0xff, 0xff, 0x0e, 0x3c, 0xff, 0xff, 0x0e, 0x3c, 0xff, 0xff, 0x0e,
0x3c, 0xff, 0xff, 0x0e, 0x3c, 0xff, 0xff, 0x0e, 0x3c, 0xff, 0xff, 0x0e, 0x3c, 0xff, 0xff,
0x0e, 0x3c, 0xff, 0xff, 0x0e, 0x3c, 0xff, 0xff, 0x0e, 0x3d, 0xff, 0xff, 0x0e, 0x3d, 0xff,
0xff, 0x0e, 0x3d, 0xff, 0xff, 0x0e, 0x3d, 0xff, 0xff, 0x0e, 0x3d, 0xff, 0xff, 0x0e, 0x3d,
0xff, 0xff, 0x0e, 0x3d, 0xff, 0xff, 0x09, 0x37, 0xf5, 0x81, 0x03, 0x30, 0xe9, 0x00, 0x03,
0x32, 0xed, 0x00, 0x04, 0x32, 0xed, 0x00, 0x04, 0x32, 0xed, 0x00, 0x04, 0x32, 0xed, 0x00,
0x04, 0x32, 0xed, 0x00, 0x04, 0x32, 0xed, 0x00, 0x04, 0x32, 0xed, 0x00, 0xff, 0xff, 0xff,
0x00, 0xff, 0xff, 0xff, 0x00, 0xff, 0xff, 0xff, 0x00, 0xff, 0xff, 0xff, 0x00, 0xff, 0xff,
0xff, 0x00, 0xff, 0xff, 0xff, 0x00, 0xff, 0xff, 0xff, 0x00, 0xff, 0xff, 0xff, 0x00, 0xff,
0xff, 0xff, 0x00, 0xff, 0xff, 0xff, 0x00, 0xff, 0xff, 0xff, 0x00, 0xff, 0xff, 0xff, 0x00,
0xff, 0xff, 0xff, 0x00, 0xff, 0xff, 0xff, 0x00, 0xff, 0xff, 0xff, 0x00, 0x02, 0x2b, 0xe7,
0x00, 0x02, 0x2b, 0xe7, 0x00, 0x02, 0x2b, 0xe7, 0x00, 0x02, 0x2b, 0xe7, 0x00, 0x02, 0x2b,
0xe7, 0x00, 0x02, 0x2b, 0xe7, 0x00, 0x02, 0x2b, 0xe7, 0x00, 0x02, 0x2a, 0xe7, 0x00, 0x03,
0x2e, 0xea, 0x0c, 0x0e, 0x3e, 0xfe, 0xdb, 0x0e, 0x3e, 0xff, 0xff, 0x0e, 0x3e, 0xff, 0xff,
0x0e, 0x3e, 0xff, 0xff, 0x0e, 0x3e, 0xff, 0xff, 0x0e, 0x3e, 0xff, 0xff, 0x0e, 0x3e, 0xff,
0xff, 0x0e, 0x3e, 0xff, 0xff, 0x0e, 0x3e, 0xff, 0xff, 0x0e, 0x3e, 0xff, 0xff, 0x0e, 0x3e,
0xff, 0xff, 0x0e, 0x3e, 0xff, 0xff, 0x0e, 0x3e, 0xff, 0xff, 0x0e, 0x3e, 0xff, 0xff, 0x0e,
0x3e, 0xff, 0xff, 0x0e, 0x3e, 0xff, 0xff, 0x0e, 0x3e, 0xff, 0xff, 0x0e, 0x3e, 0xff, 0xff,
0x0e, 0x3e, 0xff, 0xff, 0x0e, 0x3e, 0xff, 0xff, 0x0f, 0x3e, 0xff, 0xff, 0x05, 0x37, 0xff,
0xff, 0x18, 0x46, 0xff, 0xff, 0xb1, 0xc0, 0xff, 0xff, 0xf9, 0xfa, 0xff, 0xff, 0xff, 0xff,
0xff, 0xff, 0xff, 0xff, 0xff, 0xff, 0xff, 0xff, 0xff, 0xff, 0xff, 0xff, 0xff, 0xff, 0xff,
0xff, 0xff, 0xff, 0xff, 0xff, 0xff, 0xff, 0xff, 0xff, 0xff, 0xff, 0xff, 0xff, 0xff, 0xff,
0xff, 0xff, 0xff, 0xff, 0xff, 0xff, 0xff, 0xff, 0xff, 0xff, 0xff, 0xff, 0xff, 0xff, 0xff,
0xff, 0xff, 0xff, 0xff, 0xff, 0xff, 0xff, 0xff, 0xff, 0xff, 0xff, 0xff, 0xff, 0xff, 0xff,
0xff, 0xff, 0xff, 0xff, 0xff, 0xff, 0xff, 0xff, 0xff, 0xff, 0xff, 0xff, 0xff, 0xff, 0xff,
0xff, 0xff, 0xff, 0xff, 0xff, 0xff, 0xff, 0xff, 0xff, 0xff, 0xff, 0xff, 0xff, 0xff, 0xff,
0xff, 0xff, 0xff, 0xff, 0xff, 0xff, 0xff, 0xff, 0xff, 0xff, 0xff, 0xff, 0xff, 0xff, 0xff,
0xff, 0xff, 0xff, 0xff, 0xff, 0xff, 0xff, 0xff, 0xff, 0xff, 0xff, 0xff, 0xff, 0xff, 0xff,
0xff, 0xff, 0xff, 0xff, 0xff, 0xff, 0xff, 0xff, 0xff, 0xff, 0xff, 0xff, 0xff, 0xff, 0xff,
0xff, 0xff, 0xff, 0xff, 0xff, 0xff, 0xff, 0xff, 0xff, 0xff, 0xff, 0xff, 0xff, 0xff, 0xff,
0xff, 0xff, 0xff, 0xff, 0xff, 0xff, 0xff, 0xff, 0xff, 0xff, 0xff, 0xff, 0xff, 0xff, 0xff,
0xff, 0xff, 0xff, 0xff, 0xff, 0xff, 0xff, 0xff, 0xff, 0xff, 0xff, 0xff, 0xff, 0xff, 0xff,
0xff, 0xff, 0xca, 0xd4, 0xff, 0xff, 0x33, 0x5b, 0xff, 0xff, 0x02, 0x33, 0xff, 0xff, 0x0f,
0x3e, 0xff, 0xff, 0x0e, 0x3d, 0xff, 0xff, 0x0e, 0x3d, 0xff, 0xff, 0x0e, 0x3d, 0xff, 0xff,
0x0e, 0x3d, 0xff, 0xff, 0x0e, 0x3d, 0xff, 0xff, 0x0e, 0x3d, 0xff, 0xff, 0x0e, 0x3d, 0xff,
0xff, 0x0e, 0x3d, 0xff, 0xff, 0x0e, 0x3d, 0xff, 0xff, 0x0e, 0x3d, 0xff, 0xff, 0x0e, 0x3d,
0xff, 0xff, 0x0e, 0x3d, 0xff, 0xff, 0x0e, 0x3d, 0xff, 0xff, 0x0e, 0x3d, 0xff, 0xff, 0x0e,
0x3d, 0xff, 0xff, 0x0e, 0x3d, 0xff, 0xff, 0x0e, 0x3d, 0xff, 0xff, 0x0e, 0x3d, 0xff, 0xff,
0x0e, 0x3d, 0xff, 0xff, 0x0e, 0x3d, 0xfe, 0xdd, 0x05, 0x3a, 0xf2, 0x0d, 0x03, 0x39, 0xef,
0x00, 0x03, 0x39, 0xef, 0x00, 0x03, 0x39, 0xef, 0x00, 0x03, 0x39, 0xef, 0x00, 0x03, 0x39,
0xef, 0x00, 0x03, 0x39, 0xef, 0x00, 0x03, 0x39, 0xef, 0x00, 0x03, 0x39, 0xef, 0x00, 0xff,
0xff, 0xff, 0x00, 0xff, 0xff, 0xff, 0x00, 0xff, 0xff, 0xff, 0x00, 0xff, 0xff, 0xff, 0x00,
0xff, 0xff, 0xff, 0x00, 0xff, 0xff, 0xff, 0x00, 0xff, 0xff, 0xff, 0x00, 0xff, 0xff, 0xff,
0x00, 0xff, 0xff, 0xff, 0x00, 0xff, 0xff, 0xff, 0x00, 0xff, 0xff, 0xff, 0x00, 0xff, 0xff,
0xff, 0x00, 0xff, 0xff, 0xff, 0x00, 0xff, 0xff, 0xff, 0x00, 0xff, 0xff, 0xff, 0x00, 0x01,
0x35, 0xef, 0x00, 0x01, 0x35, 0xef, 0x00, 0x01, 0x35, 0xef, 0x00, 0x01, 0x35, 0xef, 0x00,
0x01, 0x35, 0xef, 0x00, 0x01, 0x35, 0xef, 0x00, 0x01, 0x35, 0xef, 0x00, 0x01, 0x35, 0xef,
0x00, 0x00, 0x35, 0xed, 0x00, 0x05, 0x36, 0xf3, 0x3c, 0x0f, 0x3e, 0xff, 0xff, 0x0e, 0x3f,
0xff, 0xff, 0x0e, 0x3e, 0xff, 0xff, 0x0e, 0x3e, 0xff, 0xff, 0x0e, 0x3e, 0xff, 0xff, 0x0e,
0x3e, 0xff, 0xff, 0x0e, 0x3e, 0xff, 0xff, 0x0e, 0x3e, 0xff, 0xff, 0x0e, 0x3e, 0xff, 0xff,
0x0e, 0x3e, 0xff, 0xff, 0x0e, 0x3e, 0xff, 0xff, 0x0e, 0x3e, 0xff, 0xff, 0x0e, 0x3e, 0xff,
0xff, 0x0e, 0x3e, 0xff, 0xff, 0x0e, 0x3e, 0xff, 0xff, 0x0e, 0x3e, 0xff, 0xff, 0x0e, 0x3e,
0xff, 0xff, 0x0e, 0x3e, 0xff, 0xff, 0x0e, 0x3e, 0xff, 0xff, 0x0e, 0x3e, 0xff, 0xff, 0x0f,
0x3f, 0xff, 0xff, 0x09, 0x3a, 0xff, 0xff, 0x05, 0x37, 0xff, 0xff, 0x33, 0x5c, 0xff, 0xff,
0x8b, 0xa2, 0xff, 0xff, 0xc6, 0xd1, 0xff, 0xff, 0xd9, 0xe1, 0xff, 0xff, 0xe5, 0xea, 0xff,
0xff, 0xee, 0xf2, 0xff, 0xff, 0xf5, 0xf7, 0xff, 0xff, 0xf9, 0xfa, 0xff, 0xff, 0xfb, 0xfc,
0xff, 0xff, 0xfc, 0xfc, 0xff, 0xff, 0xfc, 0xfd, 0xff, 0xff, 0xfc, 0xfd, 0xff, 0xff, 0xfb,
0xfc, 0xff, 0xff, 0xfa, 0xfb, 0xff, 0xff, 0xf8, 0xfa, 0xff, 0xff, 0xf7, 0xf9, 0xff, 0xff,
0xf5, 0xf7, 0xff, 0xff, 0xf4, 0xf6, 0xff, 0xff, 0xf2, 0xf5, 0xff, 0xff, 0xf2, 0xf4, 0xff,
0xff, 0xf1, 0xf4, 0xff, 0xff, 0xf0, 0xf3, 0xff, 0xff, 0xef, 0xf2, 0xff, 0xff, 0xef, 0xf2,
0xff, 0xff, 0xf0, 0xf3, 0xff, 0xff, 0xf1, 0xf4, 0xff, 0xff, 0xf2, 0xf4, 0xff, 0xff, 0xf2,
0xf5, 0xff, 0xff, 0xf3, 0xf6, 0xff, 0xff, 0xf5, 0xf7, 0xff, 0xff, 0xf7, 0xf8, 0xff, 0xff,
0xf8, 0xf9, 0xff, 0xff, 0xfa, 0xfb, 0xff, 0xff, 0xfb, 0xfc, 0xff, 0xff, 0xfc, 0xfd, 0xff,
0xff, 0xfe, 0xfe, 0xff, 0xff, 0xfe, 0xfe, 0xff, 0xff, 0xfd, 0xfe, 0xff, 0xff, 0xfd, 0xfd,
0xff, 0xff, 0xfb, 0xfc, 0xff, 0xff, 0xf7, 0xf8, 0xff, 0xff, 0xf0, 0xf3, 0xff, 0xff, 0xe7,
0xec, 0xff, 0xff, 0xdc, 0xe3, 0xff, 0xff, 0xcb, 0xd5, 0xff, 0xff, 0x9b, 0xaf, 0xff, 0xff,
0x45, 0x6a, 0xff, 0xff, 0x0c, 0x3c, 0xff, 0xff, 0x06, 0x38, 0xff, 0xff, 0x0f, 0x3e, 0xff,
0xff, 0x0e, 0x3e, 0xff, 0xff, 0x0e, 0x3e, 0xff, 0xff, 0x0e, 0x3e, 0xff, 0xff, 0x0e, 0x3e,
0xff, 0xff, 0x0e, 0x3e, 0xff, 0xff, 0x0e, 0x3e, 0xff, 0xff, 0x0e, 0x3e, 0xff, 0xff, 0x0e,
0x3e, 0xff, 0xff, 0x0e, 0x3e, 0xff, 0xff, 0x0e, 0x3e, 0xff, 0xff, 0x0e, 0x3e, 0xff, 0xff,
0x0e, 0x3e, 0xff, 0xff, 0x0e, 0x3e, 0xff, 0xff, 0x0e, 0x3e, 0xff, 0xff, 0x0e, 0x3e, 0xff,
0xff, 0x0e, 0x3e, 0xff, 0xff, 0x0e, 0x3e, 0xff, 0xff, 0x0e, 0x3e, 0xff, 0xff, 0x0e, 0x3e,
0xff, 0xff, 0x0e, 0x3e, 0xff, 0xff, 0x0e, 0x3d, 0xfa, 0x3f, 0x0d, 0x3c, 0xf7, 0x00, 0x0d,
0x3c, 0xf7, 0x00, 0x0d, 0x3c, 0xf7, 0x00, 0x0d, 0x3c, 0xf7, 0x00, 0x0d, 0x3c, 0xf7, 0x00,
0x0d, 0x3c, 0xf7, 0x00, 0x0d, 0x3c, 0xf7, 0x00, 0x0d, 0x3c, 0xf7, 0x00, 0x0d, 0x3c, 0xf7,
0x00, 0xff, 0xff, 0xff, 0x00, 0xff, 0xff, 0xff, 0x00, 0xff, 0xff, 0xff, 0x00, 0xff, 0xff,
0xff, 0x00, 0xff, 0xff, 0xff, 0x00, 0xff, 0xff, 0xff, 0x00, 0xff, 0xff, 0xff, 0x00, 0xff,
0xff, 0xff, 0x00, 0xff, 0xff, 0xff, 0x00, 0xff, 0xff, 0xff, 0x00, 0xff, 0xff, 0xff, 0x00,
0xff, 0xff, 0xff, 0x00, 0xff, 0xff, 0xff, 0x00, 0xff, 0xff, 0xff, 0x00, 0xff, 0xff, 0xff,
0x00, 0x01, 0x28, 0xf1, 0x00, 0x01, 0x28, 0xf1, 0x00, 0x01, 0x28, 0xf1, 0x00, 0x01, 0x28,
0xf1, 0x00, 0x01, 0x28, 0xf1, 0x00, 0x01, 0x28, 0xf1, 0x00, 0x01, 0x28, 0xf1, 0x00, 0x01,
0x28, 0xf1, 0x00, 0x01, 0x28, 0xf1, 0x00, 0x01, 0x29, 0xf2, 0x00, 0x0b, 0x3d, 0xff, 0x80,
0x0e, 0x41, 0xff, 0xff, 0x0e, 0x3f, 0xff, 0xff, 0x0e, 0x3f, 0xff, 0xff, 0x0e, 0x3f, 0xff,
0xff, 0x0e, 0x3f, 0xff, 0xff, 0x0e, 0x3f, 0xff, 0xff, 0x0e, 0x3f, 0xff, 0xff, 0x0e, 0x3f,
0xff, 0xff, 0x0e, 0x3f, 0xff, 0xff, 0x0e, 0x3f, 0xff, 0xff, 0x0e, 0x3f, 0xff, 0xff, 0x0e,
0x3f, 0xff, 0xff, 0x0e, 0x3f, 0xff, 0xff, 0x0e, 0x3f, 0xff, 0xff, 0x0e, 0x3f, 0xff, 0xff,
0x0e, 0x3f, 0xff, 0xff, 0x0e, 0x3f, 0xff, 0xff, 0x0e, 0x3f, 0xff, 0xff, 0x0e, 0x3f, 0xff,
0xff, 0x0e, 0x3f, 0xff, 0xff, 0x0e, 0x3f, 0xff, 0xff, 0x0d, 0x3e, 0xff, 0xff, 0x06, 0x39,
0xff, 0xff, 0x00, 0x34, 0xff, 0xff, 0x09, 0x3b, 0xff, 0xff, 0x13, 0x43, 0xff, 0xff, 0x1a,
0x48, 0xff, 0xff, 0x21, 0x4e, 0xff, 0xff, 0x2b, 0x56, 0xff, 0xff, 0x33, 0x5c, 0xff, 0xff,
0x36, 0x5f, 0xff, 0xff, 0x37, 0x60, 0xff, 0xff, 0x39, 0x61, 0xff, 0xff, 0x38, 0x61, 0xff,
0xff, 0x36, 0x5f, 0xff, 0xff, 0x34, 0x5d, 0xff, 0xff, 0x31, 0x5b, 0xff, 0xff, 0x2f, 0x59,
0xff, 0xff, 0x2c, 0x57, 0xff, 0xff, 0x29, 0x55, 0xff, 0xff, 0x27, 0x53, 0xff, 0xff, 0x26,
0x52, 0xff, 0xff, 0x24, 0x51, 0xff, 0xff, 0x23, 0x50, 0xff, 0xff, 0x22, 0x4e, 0xff, 0xff,
0x22, 0x4e, 0xff, 0xff, 0x23, 0x50, 0xff, 0xff, 0x24, 0x51, 0xff, 0xff, 0x25, 0x51, 0xff,
0xff, 0x27, 0x52, 0xff, 0xff, 0x29, 0x54, 0xff, 0xff, 0x2c, 0x56, 0xff, 0xff, 0x2e, 0x58,
0xff, 0xff, 0x31, 0x5b, 0xff, 0xff, 0x34, 0x5d, 0xff, 0xff, 0x36, 0x5f, 0xff, 0xff, 0x39,
0x61, 0xff, 0xff, 0x3b, 0x62, 0xff, 0xff, 0x3b, 0x62, 0xff, 0xff, 0x3a, 0x62, 0xff, 0xff,
0x39, 0x61, 0xff, 0xff, 0x36, 0x5e, 0xff, 0xff, 0x2e, 0x58, 0xff, 0xff, 0x23, 0x4f, 0xff,
0xff, 0x1b, 0x49, 0xff, 0xff, 0x15, 0x44, 0xff, 0xff, 0x0b, 0x3c, 0xff, 0xff, 0x01, 0x34,
0xff, 0xff, 0x04, 0x36, 0xff, 0xff, 0x0c, 0x3d, 0xff, 0xff, 0x0e, 0x3e, 0xff, 0xff, 0x0e,
0x3e, 0xff, 0xff, 0x0e, 0x3e, 0xff, 0xff, 0x0e, 0x3e, 0xff, 0xff, 0x0e, 0x3e, 0xff, 0xff,
0x0e, 0x3e, 0xff, 0xff, 0x0e, 0x3e, 0xff, 0xff, 0x0e, 0x3e, 0xff, 0xff, 0x0e, 0x3e, 0xff,
0xff, 0x0e, 0x3e, 0xff, 0xff, 0x0e, 0x3e, 0xff, 0xff, 0x0e, 0x3e, 0xff, 0xff, 0x0e, 0x3e,
0xff, 0xff, 0x0e, 0x3e, 0xff, 0xff, 0x0e, 0x3e, 0xff, 0xff, 0x0e, 0x3e, 0xff, 0xff, 0x0e,
0x3e, 0xff, 0xff, 0x0e, 0x3e, 0xff, 0xff, 0x0e, 0x3e, 0xff, 0xff, 0x0e, 0x3e, 0xff, 0xff,
0x0f, 0x3f, 0xff, 0xff, 0x0b, 0x38, 0xf5, 0x8a, 0x07, 0x2c, 0xe6, 0x00, 0x08, 0x2d, 0xe6,
0x00, 0x08, 0x2d, 0xe6, 0x00, 0x08, 0x2d, 0xe6, 0x00, 0x08, 0x2d, 0xe6, 0x00, 0x08, 0x2d,
0xe6, 0x00, 0x08, 0x2d, 0xe6, 0x00, 0x08, 0x2d, 0xe6, 0x00, 0x08, 0x2d, 0xe6, 0x00, 0x08,
0x2d, 0xe6, 0x00, 0xff, 0xff, 0xff, 0x00, 0xff, 0xff, 0xff, 0x00, 0xff, 0xff, 0xff, 0x00,
0xff, 0xff, 0xff, 0x00, 0xff, 0xff, 0xff, 0x00, 0xff, 0xff, 0xff, 0x00, 0xff, 0xff, 0xff,
0x00, 0xff, 0xff, 0xff, 0x00, 0xff, 0xff, 0xff, 0x00, 0xff, 0xff, 0xff, 0x00, 0xff, 0xff,
0xff, 0x00, 0xff, 0xff, 0xff, 0x00, 0xff, 0xff, 0xff, 0x00, 0xff, 0xff, 0xff, 0x00, 0xff,
0xff, 0xff, 0x00, 0x01, 0x19, 0x75, 0x00, 0x01, 0x19, 0x75, 0x00, 0x01, 0x19, 0x75, 0x00,
0x01, 0x19, 0x75, 0x00, 0x01, 0x19, 0x75, 0x00, 0x01, 0x19, 0x75, 0x00, 0x01, 0x19, 0x75,
0x00, 0x01, 0x19, 0x75, 0x00, 0x01, 0x19, 0x75, 0x00, 0x00, 0x18, 0x73, 0x00, 0x02, 0x1a,
0x76, 0x02, 0x0c, 0x39, 0xe0, 0xb7, 0x0f, 0x42, 0xff, 0xff, 0x0e, 0x40, 0xff, 0xff, 0x0e,
0x40, 0xff, 0xff, 0x0e, 0x40, 0xff, 0xff, 0x0e, 0x3f, 0xff, 0xff, 0x0e, 0x3f, 0xff, 0xff,
0x0e, 0x3f, 0xff, 0xff, 0x0e, 0x3f, 0xff, 0xff, 0x0e, 0x3f, 0xff, 0xff, 0x0e, 0x40, 0xff,
0xff, 0x0e, 0x40, 0xff, 0xff, 0x0e, 0x40, 0xff, 0xff, 0x0e, 0x40, 0xff, 0xff, 0x0e, 0x40,
0xff, 0xff, 0x0e, 0x40, 0xff, 0xff, 0x0e, 0x40, 0xff, 0xff, 0x0e, 0x40, 0xff, 0xff, 0x0e,
0x3f, 0xff, 0xff, 0x0e, 0x3f, 0xff, 0xff, 0x0e, 0x3f, 0xff, 0xff, 0x0e, 0x3f, 0xff, 0xff,
0x0e, 0x3f, 0xff, 0xff, 0x0e, 0x3f, 0xff, 0xff, 0x0d, 0x3e, 0xff, 0xff, 0x0b, 0x3d, 0xff,
0xff, 0x0a, 0x3c, 0xff, 0xff, 0x09, 0x3b, 0xff, 0xff, 0x08, 0x3a, 0xff, 0xff, 0x07, 0x39,
0xff, 0xff, 0x06, 0x39, 0xff, 0xff, 0x06, 0x39, 0xff, 0xff, 0x06, 0x38, 0xff, 0xff, 0x06,
0x38, 0xff, 0xff, 0x06, 0x39, 0xff, 0xff, 0x06, 0x39, 0xff, 0xff, 0x07, 0x39, 0xff, 0xff,
0x07, 0x3a, 0xff, 0xff, 0x07, 0x3a, 0xff, 0xff, 0x08, 0x3a, 0xff, 0xff, 0x08, 0x3b, 0xff,
0xff, 0x08, 0x3b, 0xff, 0xff, 0x09, 0x3b, 0xff, 0xff, 0x09, 0x3b, 0xff, 0xff, 0x09, 0x3b,
0xff, 0xff, 0x09, 0x3b, 0xff, 0xff, 0x09, 0x3b, 0xff, 0xff, 0x09, 0x3b, 0xff, 0xff, 0x08,
0x3b, 0xff, 0xff, 0x08, 0x3b, 0xff, 0xff, 0x08, 0x3a, 0xff, 0xff, 0x08, 0x3a, 0xff, 0xff,
0x07, 0x3a, 0xff, 0xff, 0x07, 0x39, 0xff, 0xff, 0x06, 0x39, 0xff, 0xff, 0x06, 0x39, 0xff,
0xff, 0x06, 0x38, 0xff, 0xff, 0x05, 0x38, 0xff, 0xff, 0x05, 0x38, 0xff, 0xff, 0x05, 0x38,
0xff, 0xff, 0x06, 0x38, 0xff, 0xff, 0x06, 0x39, 0xff, 0xff, 0x07, 0x3a, 0xff, 0xff, 0x09,
0x3b, 0xff, 0xff, 0x0a, 0x3c, 0xff, 0xff, 0x0b, 0x3d, 0xff, 0xff, 0x0d, 0x3e, 0xff, 0xff,
0x0e, 0x3f, 0xff, 0xff, 0x0e, 0x3f, 0xff, 0xff, 0x0e, 0x3f, 0xff, 0xff, 0x0e, 0x3f, 0xff,
0xff, 0x0e, 0x3f, 0xff, 0xff, 0x0e, 0x3f, 0xff, 0xff, 0x0e, 0x3f, 0xff, 0xff, 0x0e, 0x3f,
0xff, 0xff, 0x0e, 0x3f, 0xff, 0xff, 0x0e, 0x3f, 0xff, 0xff, 0x0e, 0x3f, 0xff, 0xff, 0x0e,
0x3f, 0xff, 0xff, 0x0e, 0x3f, 0xff, 0xff, 0x0e, 0x3f, 0xff, 0xff, 0x0e, 0x3f, 0xff, 0xff,
0x0e, 0x3f, 0xff, 0xff, 0x0e, 0x3f, 0xff, 0xff, 0x0e, 0x3f, 0xff, 0xff, 0x0e, 0x3f, 0xff,
0xff, 0x0e, 0x3f, 0xff, 0xff, 0x0e, 0x3f, 0xff, 0xff, 0x0e, 0x3f, 0xff, 0xff, 0x0e, 0x3f,
0xff, 0xff, 0x0e, 0x40, 0xff, 0xcd, 0x03, 0x36, 0xee, 0x07, 0x00, 0x32, 0xe8, 0x00, 0x00,
0x33, 0xe9, 0x00, 0x00, 0x33, 0xe9, 0x00, 0x00, 0x33, 0xe9, 0x00, 0x00, 0x33, 0xe9, 0x00,
0x00, 0x33, 0xe9, 0x00, 0x00, 0x33, 0xe9, 0x00, 0x00, 0x33, 0xe9, 0x00, 0x00, 0x33, 0xe9,
0x00, 0x00, 0x33, 0xe9, 0x00, 0xff, 0xff, 0xff, 0x00, 0xff, 0xff, 0xff, 0x00, 0xff, 0xff,
0xff, 0x00, 0xff, 0xff, 0xff, 0x00, 0xff, 0xff, 0xff, 0x00, 0xff, 0xff, 0xff, 0x00, 0xff,
0xff, 0xff, 0x00, 0xff, 0xff, 0xff, 0x00, 0xff, 0xff, 0xff, 0x00, 0xff, 0xff, 0xff, 0x00,
0xff, 0xff, 0xff, 0x00, 0xff, 0xff, 0xff, 0x00, 0xff, 0xff, 0xff, 0x00, 0xff, 0xff, 0xff,
0x00, 0xff, 0xff, 0xff, 0x00, 0x01, 0x00, 0x00, 0x00, 0x01, 0x00, 0x00, 0x00, 0x01, 0x00,
0x00, 0x00, 0x01, 0x00, 0x00, 0x00, 0x01, 0x00, 0x00, 0x00, 0x01, 0x00, 0x00, 0x00, 0x01,
0x00, 0x00, 0x00, 0x01, 0x00, 0x00, 0x00, 0x01, 0x00, 0x00, 0x00, 0x01, 0x00, 0x00, 0x00,
0x00, 0x00, 0x00, 0x00, 0x06, 0x2a, 0xa5, 0x0d, 0x0e, 0x40, 0xf6, 0xcd, 0x0e, 0x41, 0xff,
0xff, 0x0e, 0x40, 0xff, 0xff, 0x0e, 0x40, 0xff, 0xff, 0x0e, 0x40, 0xff, 0xff, 0x0e, 0x40,
0xff, 0xff, 0x0e, 0x40, 0xff, 0xff, 0x0e, 0x40, 0xff, 0xff, 0x0e, 0x40, 0xff, 0xff, 0x0e,
0x40, 0xff, 0xff, 0x0e, 0x40, 0xff, 0xff, 0x0e, 0x40, 0xff, 0xff, 0x0e, 0x40, 0xff, 0xff,
0x0e, 0x40, 0xff, 0xff, 0x0e, 0x40, 0xff, 0xff, 0x0e, 0x40, 0xff, 0xff, 0x0e, 0x40, 0xff,
0xff, 0x0e, 0x40, 0xff, 0xff, 0x0e, 0x40, 0xff, 0xff, 0x0e, 0x40, 0xff, 0xff, 0x0e, 0x40,
0xff, 0xff, 0x0e, 0x40, 0xff, 0xff, 0x0e, 0x40, 0xff, 0xff, 0x0e, 0x40, 0xff, 0xff, 0x0e,
0x40, 0xff, 0xff, 0x0e, 0x40, 0xff, 0xff, 0x0e, 0x40, 0xff, 0xff, 0x0e, 0x40, 0xff, 0xff,
0x0e, 0x40, 0xff, 0xff, 0x0e, 0x40, 0xff, 0xff, 0x0e, 0x40, 0xff, 0xff, 0x0e, 0x40, 0xff,
0xff, 0x0e, 0x40, 0xff, 0xff, 0x0e, 0x40, 0xff, 0xff, 0x0e, 0x40, 0xff, 0xff, 0x0e, 0x40,
0xff, 0xff, 0x0e, 0x40, 0xff, 0xff, 0x0e, 0x40, 0xff, 0xff, 0x0e, 0x40, 0xff, 0xff, 0x0e,
0x40, 0xff, 0xff, 0x0e, 0x40, 0xff, 0xff, 0x0e, 0x40, 0xff, 0xff, 0x0e, 0x40, 0xff, 0xff,
0x0e, 0x40, 0xff, 0xff, 0x0e, 0x40, 0xff, 0xff, 0x0e, 0x40, 0xff, 0xff, 0x0e, 0x40, 0xff,
0xff, 0x0e, 0x40, 0xff, 0xff, 0x0e, 0x40, 0xff, 0xff, 0x0e, 0x40, 0xff, 0xff, 0x0e, 0x40,
0xff, 0xff, 0x0e, 0x40, 0xff, 0xff, 0x0e, 0x40, 0xff, 0xff, 0x0e, 0x40, 0xff, 0xff, 0x0e,
0x40, 0xff, 0xff, 0x0e, 0x40, 0xff, 0xff, 0x0e, 0x40, 0xff, 0xff, 0x0e, 0x40, 0xff, 0xff,
0x0e, 0x40, 0xff, 0xff, 0x0e, 0x40, 0xff, 0xff, 0x0e, 0x40, 0xff, 0xff, 0x0e, 0x40, 0xff,
0xff, 0x0e, 0x40, 0xff, 0xff, 0x0e, 0x40, 0xff, 0xff, 0x0e, 0x40, 0xff, 0xff, 0x0e, 0x40,
0xff, 0xff, 0x0e, 0x40, 0xff, 0xff, 0x0e, 0x40, 0xff, 0xff, 0x0e, 0x40, 0xff, 0xff, 0x0e,
0x40, 0xff, 0xff, 0x0e, 0x40, 0xff, 0xff, 0x0e, 0x40, 0xff, 0xff, 0x0e, 0x40, 0xff, 0xff,
0x0e, 0x40, 0xff, 0xff, 0x0e, 0x40, 0xff, 0xff, 0x0e, 0x40, 0xff, 0xff, 0x0e, 0x40, 0xff,
0xff, 0x0e, 0x40, 0xff, 0xff, 0x0e, 0x3f, 0xff, 0xff, 0x0e, 0x3f, 0xff, 0xff, 0x0e, 0x3f,
0xff, 0xff, 0x0e, 0x3f, 0xff, 0xff, 0x0e, 0x3f, 0xff, 0xff, 0x0e, 0x3f, 0xff, 0xff, 0x0e,
0x3f, 0xff, 0xff, 0x0e, 0x3f, 0xff, 0xff, 0x0e, 0x3f, 0xff, 0xff, 0x0e, 0x40, 0xff, 0xff,
0x0e, 0x3f, 0xfd, 0xe7, 0x05, 0x2f, 0xe8, 0x1d, 0x01, 0x2b, 0xe2, 0x00, 0x01, 0x2c, 0xe4,
0x00, 0x01, 0x2c, 0xe4, 0x00, 0x01, 0x2c, 0xe4, 0x00, 0x01, 0x2c, 0xe4, 0x00, 0x01, 0x2c,
0xe4, 0x00, 0x01, 0x2c, 0xe4, 0x00, 0x01, 0x2c, 0xe4, 0x00, 0x01, 0x2c, 0xe4, 0x00, 0x01,
0x2c, 0xe4, 0x00, 0x01, 0x2c, 0xe4, 0x00, 0xff, 0xff, 0xff, 0x00, 0xff, 0xff, 0xff, 0x00,
0xff, 0xff, 0xff, 0x00, 0xff, 0xff, 0xff, 0x00, 0xff, 0xff, 0xff, 0x00, 0xff, 0xff, 0xff,
0x00, 0xff, 0xff, 0xff, 0x00, 0xff, 0xff, 0xff, 0x00, 0xff, 0xff, 0xff, 0x00, 0xff, 0xff,
0xff, 0x00, 0xff, 0xff, 0xff, 0x00, 0xff, 0xff, 0xff, 0x00, 0xff, 0xff, 0xff, 0x00, 0xff,
0xff, 0xff, 0x00, 0xff, 0xff, 0xff, 0x00, 0x01, 0x01, 0x01, 0x00, 0x01, 0x01, 0x01, 0x00,
0x01, 0x01, 0x01, 0x00, 0x01, 0x01, 0x01, 0x00, 0x01, 0x01, 0x01, 0x00, 0x01, 0x01, 0x01,
0x00, 0x01, 0x01, 0x01, 0x00, 0x01, 0x01, 0x01, 0x00, 0x01, 0x01, 0x01, 0x00, 0x01, 0x01,
0x01, 0x00, 0x01, 0x01, 0x01, 0x00, 0x01, 0x03, 0x0d, 0x00, 0x03, 0x1f, 0x7b, 0x1b, 0x0d,
0x43, 0xff, 0xde, 0x0e, 0x41, 0xff, 0xff, 0x0e, 0x41, 0xff, 0xff, 0x0e, 0x41, 0xff, 0xff,
0x0e, 0x41, 0xff, 0xff, 0x0e, 0x41, 0xff, 0xff, 0x0e, 0x41, 0xff, 0xff, 0x0e, 0x41, 0xff,
0xff, 0x0e, 0x41, 0xff, 0xff, 0x0e, 0x41, 0xff, 0xff, 0x0e, 0x41, 0xff, 0xff, 0x0e, 0x41,
0xff, 0xff, 0x0e, 0x41, 0xff, 0xff, 0x0e, 0x41, 0xff, 0xff, 0x0e, 0x41, 0xff, 0xff, 0x0e,
0x41, 0xff, 0xff, 0x0e, 0x41, 0xff, 0xff, 0x0e, 0x41, 0xff, 0xff, 0x0e, 0x41, 0xff, 0xff,
0x0e, 0x41, 0xff, 0xff, 0x0e, 0x41, 0xff, 0xff, 0x0e, 0x41, 0xff, 0xff, 0x0e, 0x41, 0xff,
0xff, 0x0e, 0x41, 0xff, 0xff, 0x0e, 0x41, 0xff, 0xff, 0x0e, 0x41, 0xff, 0xff, 0x0e, 0x41,
0xff, 0xff, 0x0e, 0x41, 0xff, 0xff, 0x0e, 0x41, 0xff, 0xff, 0x0e, 0x41, 0xff, 0xff, 0x0e,
0x41, 0xff, 0xff, 0x0e, 0x41, 0xff, 0xff, 0x0e, 0x40, 0xff, 0xff, 0x0e, 0x40, 0xff, 0xff,
0x0e, 0x40, 0xff, 0xff, 0x0e, 0x40, 0xff, 0xff, 0x0e, 0x40, 0xff, 0xff, 0x0e, 0x40, 0xff,
0xff, 0x0e, 0x40, 0xff, 0xff, 0x0e, 0x40, 0xff, 0xff, 0x0e, 0x40, 0xff, 0xff, 0x0e, 0x40,
0xff, 0xff, 0x0e, 0x40, 0xff, 0xff, 0x0e, 0x40, 0xff, 0xff, 0x0e, 0x40, 0xff, 0xff, 0x0e,
0x40, 0xff, 0xff, 0x0e, 0x40, 0xff, 0xff, 0x0e, 0x40, 0xff, 0xff, 0x0e, 0x40, 0xff, 0xff,
0x0e, 0x40, 0xff, 0xff, 0x0e, 0x40, 0xff, 0xff, 0x0e, 0x40, 0xff, 0xff, 0x0e, 0x40, 0xff,
0xff, 0x0e, 0x40, 0xff, 0xff, 0x0e, 0x40, 0xff, 0xff, 0x0e, 0x40, 0xff, 0xff, 0x0e, 0x40,
0xff, 0xff, 0x0e, 0x40, 0xff, 0xff, 0x0e, 0x40, 0xff, 0xff, 0x0e, 0x40, 0xff, 0xff, 0x0e,
0x40, 0xff, 0xff, 0x0e, 0x40, 0xff, 0xff, 0x0e, 0x40, 0xff, 0xff, 0x0e, 0x40, 0xff, 0xff,
0x0e, 0x40, 0xff, 0xff, 0x0e, 0x40, 0xff, 0xff, 0x0e, 0x40, 0xff, 0xff, 0x0e, 0x40, 0xff,
0xff, 0x0e, 0x40, 0xff, 0xff, 0x0e, 0x40, 0xff, 0xff, 0x0e, 0x40, 0xff, 0xff, 0x0e, 0x40,
0xff, 0xff, 0x0e, 0x40, 0xff, 0xff, 0x0e, 0x40, 0xff, 0xff, 0x0e, 0x40, 0xff, 0xff, 0x0e,
0x40, 0xff, 0xff, 0x0e, 0x40, 0xff, 0xff, 0x0e, 0x40, 0xff, 0xff, 0x0e, 0x40, 0xff, 0xff,
0x0e, 0x40, 0xff, 0xff, 0x0e, 0x40, 0xff, 0xff, 0x0e, 0x40, 0xff, 0xff, 0x0e, 0x40, 0xff,
0xff, 0x0e, 0x40, 0xff, 0xff, 0x0e, 0x40, 0xff, 0xff, 0x0e, 0x40, 0xff, 0xff, 0x0f, 0x44,
0xff, 0xfc, 0x07, 0x2f, 0xdd, 0x41, 0x00, 0x03, 0x81, 0x00, 0x01, 0x04, 0x86, 0x00, 0x01,
0x04, 0x86, 0x00, 0x01, 0x04, 0x86, 0x00, 0x01, 0x04, 0x86, 0x00, 0x01, 0x04, 0x86, 0x00,
0x01, 0x04, 0x86, 0x00, 0x01, 0x04, 0x86, 0x00, 0x01, 0x04, 0x86, 0x00, 0x01, 0x04, 0x86,
0x00, 0x01, 0x04, 0x86, 0x00, 0x01, 0x04, 0x86, 0x00, 0xff, 0xff, 0xff, 0x00, 0xff, 0xff,
0xff, 0x00, 0xff, 0xff, 0xff, 0x00, 0xff, 0xff, 0xff, 0x00, 0xff, 0xff, 0xff, 0x00, 0xff,
0xff, 0xff, 0x00, 0xff, 0xff, 0xff, 0x00, 0xff, 0xff, 0xff, 0x00, 0xff, 0xff, 0xff, 0x00,
0xff, 0xff, 0xff, 0x00, 0xff, 0xff, 0xff, 0x00, 0xff, 0xff, 0xff, 0x00, 0xff, 0xff, 0xff,
0x00, 0xff, 0xff, 0xff, 0x00, 0xff, 0xff, 0xff, 0x00, 0x01, 0x01, 0x01, 0x00, 0x01, 0x01,
0x01, 0x00, 0x01, 0x01, 0x01, 0x00, 0x01, 0x01, 0x01, 0x00, 0x01, 0x01, 0x01, 0x00, 0x01,
0x01, 0x01, 0x00, 0x01, 0x01, 0x01, 0x00, 0x01, 0x01, 0x01, 0x00, 0x01, 0x01, 0x01, 0x00,
0x01, 0x01, 0x01, 0x00, 0x01, 0x01, 0x01, 0x00, 0x01, 0x00, 0x00, 0x00, 0x01, 0x1a, 0x6b,
0x00, 0x0b, 0x41, 0xff, 0x2d, 0x0f, 0x41, 0xff, 0xdb, 0x0f, 0x41, 0xff, 0xff, 0x0f, 0x41,
0xff, 0xff, 0x0f, 0x41, 0xff, 0xff, 0x0f, 0x41, 0xff, 0xff, 0x0f, 0x41, 0xff, 0xff, 0x0f,
0x41, 0xff, 0xff, 0x0f, 0x41, 0xff, 0xff, 0x0f, 0x41, 0xff, 0xff, 0x0f, 0x41, 0xff, 0xff,
0x0f, 0x41, 0xff, 0xff, 0x0f, 0x41, 0xff, 0xff, 0x0f, 0x41, 0xff, 0xff, 0x0f, 0x41, 0xff,
0xff, 0x0f, 0x41, 0xff, 0xff, 0x0f, 0x41, 0xff, 0xff, 0x0f, 0x41, 0xff, 0xff, 0x0f, 0x41,
0xff, 0xff, 0x0f, 0x41, 0xff, 0xff, 0x0f, 0x41, 0xff, 0xff, 0x0f, 0x41, 0xff, 0xff, 0x0f,
0x41, 0xff, 0xff, 0x0f, 0x41, 0xff, 0xff, 0x0f, 0x41, 0xff, 0xff, 0x0f, 0x41, 0xff, 0xff,
0x0f, 0x41, 0xff, 0xff, 0x0f, 0x41, 0xff, 0xff, 0x0f, 0x41, 0xff, 0xff, 0x0f, 0x41, 0xff,
0xff, 0x0f, 0x41, 0xff, 0xff, 0x0f, 0x41, 0xff, 0xff, 0x0f, 0x41, 0xff, 0xff, 0x0f, 0x41,
0xff, 0xff, 0x0f, 0x41, 0xff, 0xff, 0x0f, 0x41, 0xff, 0xff, 0x0f, 0x41, 0xff, 0xff, 0x0f,
0x41, 0xff, 0xff, 0x0f, 0x41, 0xff, 0xff, 0x0f, 0x41, 0xff, 0xff, 0x0e, 0x41, 0xff, 0xff,
0x0e, 0x41, 0xff, 0xff, 0x0e, 0x41, 0xff, 0xff, 0x0e, 0x41, 0xff, 0xff, 0x0e, 0x41, 0xff,
0xff, 0x0e, 0x41, 0xff, 0xff, 0x0e, 0x41, 0xff, 0xff, 0x0e, 0x41, 0xff, 0xff, 0x0e, 0x41,
0xff, 0xff, 0x0e, 0x41, 0xff, 0xff, 0x0e, 0x41, 0xff, 0xff, 0x0e, 0x41, 0xff, 0xff, 0x0e,
0x41, 0xff, 0xff, 0x0e, 0x41, 0xff, 0xff, 0x0e, 0x41, 0xff, 0xff, 0x0e, 0x41, 0xff, 0xff,
0x0e, 0x41, 0xff, 0xff, 0x0e, 0x41, 0xff, 0xff, 0x0e, 0x41, 0xff, 0xff, 0x0e, 0x41, 0xff,
0xff, 0x0e, 0x41, 0xff, 0xff, 0x0e, 0x41, 0xff, 0xff, 0x0e, 0x41, 0xff, 0xff, 0x0e, 0x41,
0xff, 0xff, 0x0e, 0x41, 0xff, 0xff, 0x0e, 0x41, 0xff, 0xff, 0x0e, 0x41, 0xff, 0xff, 0x0e,
0x41, 0xff, 0xff, 0x0e, 0x41, 0xff, 0xff, 0x0e, 0x41, 0xff, 0xff, 0x0e, 0x41, 0xff, 0xff,
0x0e, 0x41, 0xff, 0xff, 0x0e, 0x41, 0xff, 0xff, 0x0e, 0x41, 0xff, 0xff, 0x0e, 0x41, 0xff,
0xff, 0x0e, 0x41, 0xff, 0xff, 0x0e, 0x41, 0xff, 0xff, 0x0e, 0x41, 0xff, 0xff, 0x0e, 0x41,
0xff, 0xff, 0x0e, 0x41, 0xff, 0xff, 0x0e, 0x41, 0xff, 0xff, 0x0e, 0x41, 0xff, 0xff, 0x0e,
0x41, 0xff, 0xff, 0x0e, 0x40, 0xff, 0xff, 0x0e, 0x41, 0xff, 0xff, 0x0f, 0x44, 0xff, 0xff,
0x0a, 0x32, 0xec, 0x6c, 0x02, 0x0b, 0xb4, 0x00, 0x01, 0x00, 0x9d, 0x00, 0x01, 0x00, 0x9f,
0x00, 0x01, 0x00, 0x9f, 0x00, 0x01, 0x00, 0x9f, 0x00, 0x01, 0x00, 0x9f, 0x00, 0x01, 0x00,
0x9f, 0x00, 0x01, 0x00, 0x9f, 0x00, 0x01, 0x00, 0x9f, 0x00, 0x01, 0x00, 0x9f, 0x00, 0x01,
0x00, 0x9f, 0x00, 0x01, 0x00, 0x9f, 0x00, 0x01, 0x00, 0x9f, 0x00, 0xff, 0xff, 0xff, 0x00,
0xff, 0xff, 0xff, 0x00, 0xff, 0xff, 0xff, 0x00, 0xff, 0xff, 0xff, 0x00, 0xff, 0xff, 0xff,
0x00, 0xff, 0xff, 0xff, 0x00, 0xff, 0xff, 0xff, 0x00, 0xff, 0xff, 0xff, 0x00, 0xff, 0xff,
0xff, 0x00, 0xff, 0xff, 0xff, 0x00, 0xff, 0xff, 0xff, 0x00, 0xff, 0xff, 0xff, 0x00, 0xff,
0xff, 0xff, 0x00, 0xff, 0xff, 0xff, 0x00, 0xff, 0xff, 0xff, 0x00, 0x01, 0x01, 0x01, 0x00,
0x01, 0x01, 0x01, 0x00, 0x01, 0x01, 0x01, 0x00, 0x01, 0x01, 0x01, 0x00, 0x01, 0x01, 0x01,
0x00, 0x01, 0x01, 0x01, 0x00, 0x01, 0x01, 0x01, 0x00, 0x01, 0x01, 0x01, 0x00, 0x01, 0x01,
0x01, 0x00, 0x01, 0x01, 0x01, 0x00, 0x01, 0x01, 0x01, 0x00, 0x01, 0x00, 0x00, 0x00, 0x01,
0x1b, 0x6e, 0x00, 0x0b, 0x40, 0xff, 0x00, 0x0e, 0x40, 0xfc, 0x2d, 0x0f, 0x42, 0xfe, 0xde,
0x0f, 0x42, 0xff, 0xff, 0x0f, 0x42, 0xff, 0xff, 0x0f, 0x42, 0xff, 0xff, 0x0f, 0x42, 0xff,
0xff, 0x0f, 0x42, 0xff, 0xff, 0x0f, 0x42, 0xff, 0xff, 0x0f, 0x42, 0xff, 0xff, 0x0f, 0x42,
0xff, 0xff, 0x0f, 0x42, 0xff, 0xff, 0x0f, 0x42, 0xff, 0xff, 0x0f, 0x42, 0xff, 0xff, 0x0f,
0x42, 0xff, 0xff, 0x0f, 0x42, 0xff, 0xff, 0x0f, 0x42, 0xff, 0xff, 0x0f, 0x42, 0xff, 0xff,
0x0f, 0x42, 0xff, 0xff, 0x0f, 0x42, 0xff, 0xff, 0x0f, 0x42, 0xff, 0xff, 0x0f, 0x42, 0xff,
0xff, 0x0f, 0x42, 0xff, 0xff, 0x0f, 0x42, 0xff, 0xff, 0x0f, 0x42, 0xff, 0xff, 0x0f, 0x42,
0xff, 0xff, 0x0f, 0x42, 0xff, 0xff, 0x0f, 0x42, 0xff, 0xff, 0x0f, 0x42, 0xff, 0xff, 0x0f,
0x42, 0xff, 0xff, 0x0f, 0x42, 0xff, 0xff, 0x0f, 0x42, 0xff, 0xff, 0x0f, 0x42, 0xff, 0xff,
0x0f, 0x42, 0xff, 0xff, 0x0f, 0x42, 0xff, 0xff, 0x0f, 0x42, 0xff, 0xff, 0x0f, 0x42, 0xff,
0xff, 0x0f, 0x42, 0xff, 0xff, 0x0f, 0x42, 0xff, 0xff, 0x0f, 0x42, 0xff, 0xff, 0x0f, 0x42,
0xff, 0xff, 0x0f, 0x42, 0xff, 0xff, 0x0f, 0x42, 0xff, 0xff, 0x0f, 0x42, 0xff, 0xff, 0x0f,
0x42, 0xff, 0xff, 0x0f, 0x42, 0xff, 0xff, 0x0f, 0x42, 0xff, 0xff, 0x0f, 0x42, 0xff, 0xff,
0x0f, 0x41, 0xff, 0xff, 0x0f, 0x41, 0xff, 0xff, 0x0f, 0x41, 0xff, 0xff, 0x0f, 0x41, 0xff,
0xff, 0x0f, 0x41, 0xff, 0xff, 0x0f, 0x41, 0xff, 0xff, 0x0f, 0x41, 0xff, 0xff, 0x0f, 0x41,
0xff, 0xff, 0x0f, 0x41, 0xff, 0xff, 0x0f, 0x41, 0xff, 0xff, 0x0f, 0x41, 0xff, 0xff, 0x0f,
0x41, 0xff, 0xff, 0x0f, 0x41, 0xff, 0xff, 0x0f, 0x41, 0xff, 0xff, 0x0f, 0x41, 0xff, 0xff,
0x0f, 0x41, 0xff, 0xff, 0x0f, 0x41, 0xff, 0xff, 0x0f, 0x41, 0xff, 0xff, 0x0f, 0x41, 0xff,
0xff, 0x0f, 0x41, 0xff, 0xff, 0x0f, 0x41, 0xff, 0xff, 0x0f, 0x41, 0xff, 0xff, 0x0f, 0x41,
0xff, 0xff, 0x0f, 0x41, 0xff, 0xff, 0x0f, 0x41, 0xff, 0xff, 0x0f, 0x41, 0xff, 0xff, 0x0f,
0x41, 0xff, 0xff, 0x0f, 0x41, 0xff, 0xff, 0x0f, 0x41, 0xff, 0xff, 0x0f, 0x41, 0xff, 0xff,
0x0f, 0x41, 0xff, 0xff, 0x0f, 0x41, 0xff, 0xff, 0x0f, 0x41, 0xff, 0xff, 0x0f, 0x41, 0xff,
0xff, 0x0f, 0x41, 0xff, 0xff, 0x0f, 0x41, 0xff, 0xff, 0x0f, 0x41, 0xff, 0xff, 0x0e, 0x3f,
0xf7, 0x7c, 0x06, 0x26, 0xd7, 0x00, 0x00, 0x00, 0xa3, 0x00, 0x01, 0x01, 0xaa, 0x00, 0x01,
0x01, 0xaa, 0x00, 0x01, 0x01, 0xaa, 0x00, 0x01, 0x01, 0xaa, 0x00, 0x01, 0x01, 0xaa, 0x00,
0x01, 0x01, 0xaa, 0x00, 0x01, 0x01, 0xaa, 0x00, 0x01, 0x01, 0xaa, 0x00, 0x01, 0x01, 0xaa,
0x00, 0x01, 0x01, 0xaa, 0x00, 0x01, 0x01, 0xaa, 0x00, 0x01, 0x01, 0xaa, 0x00, 0xff, 0xff,
0xff, 0x00, 0xff, 0xff, 0xff, 0x00, 0xff, 0xff, 0xff, 0x00, 0xff, 0xff, 0xff, 0x00, 0xff,
0xff, 0xff, 0x00, 0xff, 0xff, 0xff, 0x00, 0xff, 0xff, 0xff, 0x00, 0xff, 0xff, 0xff, 0x00,
0xff, 0xff, 0xff, 0x00, 0xff, 0xff, 0xff, 0x00, 0xff, 0xff, 0xff, 0x00, 0xff, 0xff, 0xff,
0x00, 0xff, 0xff, 0xff, 0x00, 0xff, 0xff, 0xff, 0x00, 0xff, 0xff, 0xff, 0x00, 0x01, 0x01,
0x01, 0x00, 0x01, 0x01, 0x01, 0x00, 0x01, 0x01, 0x01, 0x00, 0x01, 0x01, 0x01, 0x00, 0x01,
0x01, 0x01, 0x00, 0x01, 0x01, 0x01, 0x00, 0x01, 0x01, 0x01, 0x00, 0x01, 0x01, 0x01, 0x00,
0x01, 0x01, 0x01, 0x00, 0x01, 0x01, 0x01, 0x00, 0x01, 0x01, 0x01, 0x00, 0x01, 0x00, 0x00,
0x00, 0x01, 0x1b, 0x6e, 0x00, 0x0b, 0x40, 0xff, 0x00, 0x0e, 0x40, 0xfc, 0x00, 0x0e, 0x42,
0xfd, 0x2f, 0x0f, 0x42, 0xff, 0xe0, 0x0f, 0x42, 0xff, 0xff, 0x0f, 0x42, 0xff, 0xff, 0x0f,
0x42, 0xff, 0xff, 0x0f, 0x42, 0xff, 0xff, 0x0f, 0x42, 0xff, 0xff, 0x0f, 0x42, 0xff, 0xff,
0x0f, 0x42, 0xff, 0xff, 0x0f, 0x42, 0xff, 0xff, 0x0f, 0x42, 0xff, 0xff, 0x0f, 0x42, 0xff,
0xff, 0x0f, 0x42, 0xff, 0xff, 0x0f, 0x42, 0xff, 0xff, 0x0f, 0x42, 0xff, 0xff, 0x0f, 0x42,
0xff, 0xff, 0x0f, 0x42, 0xff, 0xff, 0x0f, 0x42, 0xff, 0xff, 0x0f, 0x42, 0xff, 0xff, 0x0f,
0x42, 0xff, 0xff, 0x0f, 0x42, 0xff, 0xff, 0x0f, 0x42, 0xff, 0xff, 0x0f, 0x42, 0xff, 0xff,
0x0f, 0x42, 0xff, 0xff, 0x0f, 0x42, 0xff, 0xff, 0x0f, 0x42, 0xff, 0xff, 0x0f, 0x42, 0xff,
0xff, 0x0f, 0x42, 0xff, 0xff, 0x0f, 0x42, 0xff, 0xff, 0x0f, 0x42, 0xff, 0xff, 0x0f, 0x42,
0xff, 0xff, 0x0f, 0x42, 0xff, 0xff, 0x0f, 0x42, 0xff, 0xff, 0x0f, 0x42, 0xff, 0xff, 0x0f,
0x42, 0xff, 0xff, 0x0f, 0x42, 0xff, 0xff, 0x0f, 0x42, 0xff, 0xff, 0x0f, 0x42, 0xff, 0xff,
0x0f, 0x42, 0xff, 0xff, 0x0f, 0x42, 0xff, 0xff, 0x0f, 0x42, 0xff, 0xff, 0x0f, 0x42, 0xff,
0xff, 0x0f, 0x42, 0xff, 0xff, 0x0f, 0x42, 0xff, 0xff, 0x0f, 0x42, 0xff, 0xff, 0x0f, 0x42,
0xff, 0xff, 0x0f, 0x42, 0xff, 0xff, 0x0f, 0x42, 0xff, 0xff, 0x0f, 0x42, 0xff, 0xff, 0x0f,
0x42, 0xff, 0xff, 0x0f, 0x42, 0xff, 0xff, 0x0f, 0x42, 0xff, 0xff, 0x0f, 0x42, 0xff, 0xff,
0x0f, 0x42, 0xff, 0xff, 0x0f, 0x42, 0xff, 0xff, 0x0f, 0x42, 0xff, 0xff, 0x0f, 0x42, 0xff,
0xff, 0x0f, 0x42, 0xff, 0xff, 0x0f, 0x42, 0xff, 0xff, 0x0f, 0x42, 0xff, 0xff, 0x0f, 0x42,
0xff, 0xff, 0x0f, 0x42, 0xff, 0xff, 0x0f, 0x42, 0xff, 0xff, 0x0f, 0x42, 0xff, 0xff, 0x0f,
0x42, 0xff, 0xff, 0x0f, 0x42, 0xff, 0xff, 0x0f, 0x42, 0xff, 0xff, 0x0f, 0x42, 0xff, 0xff,
0x0f, 0x42, 0xff, 0xff, 0x0f, 0x42, 0xff, 0xff, 0x0f, 0x42, 0xff, 0xff, 0x0f, 0x42, 0xff,
0xff, 0x0f, 0x42, 0xff, 0xff, 0x0f, 0x42, 0xff, 0xff, 0x0f, 0x42, 0xff, 0xff, 0x0f, 0x42,
0xff, 0xff, 0x0f, 0x42, 0xff, 0xff, 0x0f, 0x42, 0xff, 0xff, 0x0f, 0x42, 0xff, 0xff, 0x0f,
0x42, 0xff, 0xff, 0x0f, 0x42, 0xff, 0xff, 0x10, 0x43, 0xff, 0xff, 0x09, 0x3a, 0xe7, 0x8a,
0x02, 0x0a, 0x8c, 0x00, 0x01, 0x03, 0x86, 0x00, 0x01, 0x01, 0x83, 0x00, 0x01, 0x01, 0x83,
0x00, 0x01, 0x01, 0x83, 0x00, 0x01, 0x01, 0x83, 0x00, 0x01, 0x01, 0x83, 0x00, 0x01, 0x01,
0x83, 0x00, 0x01, 0x01, 0x83, 0x00, 0x01, 0x01, 0x83, 0x00, 0x01, 0x01, 0x83, 0x00, 0x01,
0x01, 0x83, 0x00, 0x01, 0x01, 0x83, 0x00, 0x01, 0x01, 0x83, 0x00, 0x01, 0x01, 0x83, 0x00,
0xff, 0xff, 0xff, 0x00, 0xff, 0xff, 0xff, 0x00, 0xff, 0xff, 0xff, 0x00, 0xff, 0xff, 0xff,
0x00, 0xff, 0xff, 0xff, 0x00, 0xff, 0xff, 0xff, 0x00, 0xff, 0xff, 0xff, 0x00, 0xff, 0xff,
0xff, 0x00, 0xff, 0xff, 0xff, 0x00, 0xff, 0xff, 0xff, 0x00, 0xff, 0xff, 0xff, 0x00, 0xff,
0xff, 0xff, 0x00, 0xff, 0xff, 0xff, 0x00, 0xff, 0xff, 0xff, 0x00, 0xff, 0xff, 0xff, 0x00,
0x01, 0x01, 0x01, 0x00, 0x01, 0x01, 0x01, 0x00, 0x01, 0x01, 0x01, 0x00, 0x01, 0x01, 0x01,
0x00, 0x01, 0x01, 0x01, 0x00, 0x01, 0x01, 0x01, 0x00, 0x01, 0x01, 0x01, 0x00, 0x01, 0x01,
0x01, 0x00, 0x01, 0x01, 0x01, 0x00, 0x01, 0x01, 0x01, 0x00, 0x01, 0x01, 0x01, 0x00, 0x01,
0x00, 0x00, 0x00, 0x01, 0x1b, 0x6e, 0x00, 0x0b, 0x40, 0xff, 0x00, 0x0e, 0x40, 0xfc, 0x00,
0x0e, 0x42, 0xfc, 0x00, 0x0e, 0x43, 0xfd, 0x3b, 0x0f, 0x43, 0xff, 0xe0, 0x0f, 0x43, 0xff,
0xff, 0x0f, 0x43, 0xff, 0xff, 0x0f, 0x43, 0xff, 0xff, 0x0f, 0x43, 0xff, 0xff, 0x0f, 0x43,
0xff, 0xff, 0x0f, 0x43, 0xff, 0xff, 0x0f, 0x43, 0xff, 0xff, 0x0f, 0x43, 0xff, 0xff, 0x0f,
0x43, 0xff, 0xff, 0x0f, 0x43, 0xff, 0xff, 0x0f, 0x43, 0xff, 0xff, 0x0f, 0x43, 0xff, 0xff,
0x0f, 0x43, 0xff, 0xff, 0x0f, 0x43, 0xff, 0xff, 0x0f, 0x43, 0xff, 0xff, 0x0f, 0x43, 0xff,
0xff, 0x0f, 0x43, 0xff, 0xff, 0x0f, 0x43, 0xff, 0xff, 0x0f, 0x43, 0xff, 0xff, 0x0f, 0x43,
0xff, 0xff, 0x0f, 0x43, 0xff, 0xff, 0x0f, 0x43, 0xff, 0xff, 0x0f, 0x43, 0xff, 0xff, 0x0f,
0x43, 0xff, 0xff, 0x0f, 0x43, 0xff, 0xff, 0x0f, 0x43, 0xff, 0xff, 0x0f, 0x43, 0xff, 0xff,
0x0f, 0x43, 0xff, 0xff, 0x0f, 0x43, 0xff, 0xff, 0x0f, 0x43, 0xff, 0xff, 0x0f, 0x43, 0xff,
0xff, 0x0f, 0x43, 0xff, 0xff, 0x0f, 0x43, 0xff, 0xff, 0x0f, 0x43, 0xff, 0xff, 0x0f, 0x43,
0xff, 0xff, 0x0f, 0x42, 0xff, 0xff, 0x0f, 0x42, 0xff, 0xff, 0x0f, 0x42, 0xff, 0xff, 0x0f,
0x42, 0xff, 0xff, 0x0f, 0x42, 0xff, 0xff, 0x0f, 0x42, 0xff, 0xff, 0x0f, 0x42, 0xff, 0xff,
0x0f, 0x42, 0xff, 0xff, 0x0f, 0x43, 0xff, 0xff, 0x0f, 0x43, 0xff, 0xff, 0x0f, 0x43, 0xff,
0xff, 0x0f, 0x43, 0xff, 0xff, 0x0f, 0x43, 0xff, 0xff, 0x0f, 0x43, 0xff, 0xff, 0x0f, 0x43,
0xff, 0xff, 0x0f, 0x43, 0xff, 0xff, 0x0f, 0x43, 0xff, 0xff, 0x0f, 0x43, 0xff, 0xff, 0x0f,
0x43, 0xff, 0xff, 0x0f, 0x43, 0xff, 0xff, 0x0f, 0x43, 0xff, 0xff, 0x0f, 0x43, 0xff, 0xff,
0x0f, 0x43, 0xff, 0xff, 0x0f, 0x43, 0xff, 0xff, 0x0f, 0x43, 0xff, 0xff, 0x0f, 0x42, 0xff,
0xff, 0x0f, 0x42, 0xff, 0xff, 0x0f, 0x42, 0xff, 0xff, 0x0f, 0x42, 0xff, 0xff, 0x0f, 0x42,
0xff, 0xff, 0x0f, 0x42, 0xff, 0xff, 0x0f, 0x42, 0xff, 0xff, 0x0f, 0x42, 0xff, 0xff, 0x0f,
0x42, 0xff, 0xff, 0x0f, 0x42, 0xff, 0xff, 0x0f, 0x42, 0xff, 0xff, 0x0f, 0x42, 0xff, 0xff,
0x0f, 0x42, 0xff, 0xff, 0x0f, 0x42, 0xff, 0xff, 0x0f, 0x42, 0xff, 0xff, 0x0f, 0x42, 0xff,
0xff, 0x0f, 0x42, 0xff, 0xff, 0x10, 0x44, 0xff, 0xff, 0x0a, 0x40, 0xfa, 0x96, 0x00, 0x33,
0xd6, 0x00, 0x01, 0x05, 0x80, 0x00, 0x01, 0x00, 0x7d, 0x00, 0x01, 0x01, 0x7f, 0x00, 0x01,
0x01, 0x7f, 0x00, 0x01, 0x01, 0x7f, 0x00, 0x01, 0x01, 0x7f, 0x00, 0x01, 0x01, 0x7f, 0x00,
0x01, 0x01, 0x7f, 0x00, 0x01, 0x01, 0x7f, 0x00, 0x01, 0x01, 0x7f, 0x00, 0x01, 0x01, 0x7f,
0x00, 0x01, 0x01, 0x7f, 0x00, 0x01, 0x01, 0x7f, 0x00, 0x01, 0x01, 0x7f, 0x00, 0x01, 0x01,
0x7f, 0x00, 0xff, 0xff, 0xff, 0x00, 0xff, 0xff, 0xff, 0x00, 0xff, 0xff, 0xff, 0x00, 0xff,
0xff, 0xff, 0x00, 0xff, 0xff, 0xff, 0x00, 0xff, 0xff, 0xff, 0x00, 0xff, 0xff, 0xff, 0x00,
0xff, 0xff, 0xff, 0x00, 0xff, 0xff, 0xff, 0x00, 0xff, 0xff, 0xff, 0x00, 0xff, 0xff, 0xff,
0x00, 0xff, 0xff, 0xff, 0x00, 0xff, 0xff, 0xff, 0x00, 0xff, 0xff, 0xff, 0x00, 0xff, 0xff,
0xff, 0x00, 0x01, 0x01, 0x01, 0x00, 0x01, 0x01, 0x01, 0x00, 0x01, 0x01, 0x01, 0x00, 0x01,
0x01, 0x01, 0x00, 0x01, 0x01, 0x01, 0x00, 0x01, 0x01, 0x01, 0x00, 0x01, 0x01, 0x01, 0x00,
0x01, 0x01, 0x01, 0x00, 0x01, 0x01, 0x01, 0x00, 0x01, 0x01, 0x01, 0x00, 0x01, 0x01, 0x01,
0x00, 0x01, 0x00, 0x00, 0x00, 0x01, 0x1b, 0x6e, 0x00, 0x0b, 0x40, 0xff, 0x00, 0x0e, 0x40,
0xfc, 0x00, 0x0e, 0x42, 0xfc, 0x00, 0x0e, 0x42, 0xfd, 0x00, 0x0f, 0x42, 0xfd, 0x31, 0x0f,
0x43, 0xff, 0xde, 0x0f, 0x44, 0xff, 0xff, 0x0f, 0x44, 0xff, 0xff, 0x0f, 0x44, 0xff, 0xff,
0x0f, 0x44, 0xff, 0xff, 0x0f, 0x44, 0xff, 0xff, 0x0f, 0x44, 0xff, 0xff, 0x0f, 0x44, 0xff,
0xff, 0x0f, 0x44, 0xff, 0xff, 0x0f, 0x44, 0xff, 0xff, 0x0f, 0x44, 0xff, 0xff, 0x0f, 0x44,
0xff, 0xff, 0x0f, 0x44, 0xff, 0xff, 0x0f, 0x44, 0xff, 0xff, 0x0f, 0x44, 0xff, 0xff, 0x0f,
0x43, 0xff, 0xff, 0x0f, 0x43, 0xff, 0xff, 0x0f, 0x43, 0xff, 0xff, 0x0f, 0x43, 0xff, 0xff,
0x0f, 0x43, 0xff, 0xff, 0x0f, 0x43, 0xff, 0xff, 0x0f, 0x43, 0xff, 0xff, 0x0f, 0x43, 0xff,
0xff, 0x0f, 0x43, 0xff, 0xff, 0x0f, 0x43, 0xff, 0xff, 0x0f, 0x43, 0xff, 0xff, 0x0f, 0x43,
0xff, 0xff, 0x0f, 0x43, 0xff, 0xff, 0x0f, 0x43, 0xff, 0xff, 0x0f, 0x43, 0xff, 0xff, 0x0f,
0x43, 0xff, 0xff, 0x0f, 0x43, 0xff, 0xff, 0x0f, 0x43, 0xff, 0xff, 0x0f, 0x43, 0xff, 0xff,
0x0f, 0x43, 0xff, 0xff, 0x0f, 0x43, 0xff, 0xff, 0x0f, 0x43, 0xff, 0xff, 0x0f, 0x43, 0xff,
0xff, 0x0f, 0x43, 0xff, 0xff, 0x0f, 0x43, 0xff, 0xff, 0x0f, 0x43, 0xff, 0xff, 0x0f, 0x43,
0xff, 0xff, 0x0f, 0x43, 0xff, 0xff, 0x0f, 0x43, 0xff, 0xff, 0x0f, 0x43, 0xff, 0xff, 0x0f,
0x43, 0xff, 0xff, 0x0f, 0x43, 0xff, 0xff, 0x0f, 0x43, 0xff, 0xff, 0x0f, 0x43, 0xff, 0xff,
0x0f, 0x43, 0xff, 0xff, 0x0f, 0x43, 0xff, 0xff, 0x0f, 0x43, 0xff, 0xff, 0x0f, 0x43, 0xff,
0xff, 0x0f, 0x43, 0xff, 0xff, 0x0f, 0x43, 0xff, 0xff, 0x0f, 0x43, 0xff, 0xff, 0x0f, 0x43,
0xff, 0xff, 0x0f, 0x43, 0xff, 0xff, 0x0f, 0x43, 0xff, 0xff, 0x0f, 0x43, 0xff, 0xff, 0x0f,
0x43, 0xff, 0xff, 0x0f, 0x43, 0xff, 0xff, 0x0f, 0x43, 0xff, 0xff, 0x0f, 0x43, 0xff, 0xff,
0x0f, 0x43, 0xff, 0xff, 0x0f, 0x43, 0xff, 0xff, 0x0f, 0x43, 0xff, 0xff, 0x0f, 0x43, 0xff,
0xff, 0x0f, 0x43, 0xff, 0xff, 0x0f, 0x43, 0xff, 0xff, 0x0f, 0x43, 0xff, 0xff, 0x0f, 0x43,
0xff, 0xff, 0x0f, 0x43, 0xff, 0xff, 0x0f, 0x43, 0xff, 0xff, 0x0f, 0x43, 0xff, 0xff, 0x0f,
0x43, 0xff, 0xff, 0x10, 0x44, 0xff, 0xff, 0x0a, 0x33, 0xe7, 0x86, 0x00, 0x36, 0xeb, 0x00,
0x01, 0x34, 0xd8, 0x00, 0x01, 0x06, 0x83, 0x00, 0x01, 0x00, 0x7f, 0x00, 0x01, 0x01, 0x80,
0x00, 0x01, 0x01, 0x80, 0x00, 0x01, 0x01, 0x80, 0x00, 0x01, 0x01, 0x80, 0x00, 0x01, 0x01,
0x80, 0x00, 0x01, 0x01, 0x80, 0x00, 0x01, 0x01, 0x80, 0x00, 0x01, 0x01, 0x80, 0x00, 0x01,
0x01, 0x80, 0x00, 0x01, 0x01, 0x80, 0x00, 0x01, 0x01, 0x80, 0x00, 0x01, 0x01, 0x80, 0x00,
0x01, 0x01, 0x80, 0x00, 0xff, 0xff, 0xff, 0x00, 0xff, 0xff, 0xff, 0x00, 0xff, 0xff, 0xff,
0x00, 0xff, 0xff, 0xff, 0x00, 0xff, 0xff, 0xff, 0x00, 0xff, 0xff, 0xff, 0x00, 0xff, 0xff,
0xff, 0x00, 0xff, 0xff, 0xff, 0x00, 0xff, 0xff, 0xff, 0x00, 0xff, 0xff, 0xff, 0x00, 0xff,
0xff, 0xff, 0x00, 0xff, 0xff, 0xff, 0x00, 0xff, 0xff, 0xff, 0x00, 0xff, 0xff, 0xff, 0x00,
0xff, 0xff, 0xff, 0x00, 0x01, 0x01, 0x01, 0x00, 0x01, 0x01, 0x01, 0x00, 0x01, 0x01, 0x01,
0x00, 0x01, 0x01, 0x01, 0x00, 0x01, 0x01, 0x01, 0x00, 0x01, 0x01, 0x01, 0x00, 0x01, 0x01,
0x01, 0x00, 0x01, 0x01, 0x01, 0x00, 0x01, 0x01, 0x01, 0x00, 0x01, 0x01, 0x01, 0x00, 0x01,
0x01, 0x01, 0x00, 0x01, 0x00, 0x00, 0x00, 0x01, 0x1b, 0x6e, 0x00, 0x0b, 0x40, 0xff, 0x00,
0x0e, 0x40, 0xfc, 0x00, 0x0e, 0x42, 0xfc, 0x00, 0x0e, 0x42, 0xfd, 0x00, 0x0e, 0x42, 0xfd,
0x00, 0x0d, 0x42, 0xfc, 0x2d, 0x0f, 0x44, 0xff, 0xd7, 0x0f, 0x44, 0xff, 0xff, 0x0f, 0x44,
0xff, 0xff, 0x0f, 0x44, 0xff, 0xff, 0x0f, 0x44, 0xff, 0xff, 0x0f, 0x44, 0xff, 0xff, 0x0f,
0x44, 0xff, 0xff, 0x0f, 0x44, 0xff, 0xff, 0x0f, 0x44, 0xff, 0xff, 0x0f, 0x44, 0xff, 0xff,
0x0f, 0x44, 0xff, 0xff, 0x0f, 0x44, 0xff, 0xff, 0x0f, 0x44, 0xff, 0xff, 0x0f, 0x44, 0xff,
0xff, 0x0f, 0x44, 0xff, 0xff, 0x0f, 0x44, 0xff, 0xff, 0x0f, 0x44, 0xff, 0xff, 0x0f, 0x44,
0xff, 0xff, 0x0f, 0x44, 0xff, 0xff, 0x0f, 0x44, 0xff, 0xff, 0x0f, 0x44, 0xff, 0xff, 0x0f,
0x44, 0xff, 0xff, 0x0f, 0x44, 0xff, 0xff, 0x0f, 0x44, 0xff, 0xff, 0x0f, 0x44, 0xff, 0xff,
0x0f, 0x44, 0xff, 0xff, 0x0f, 0x44, 0xff, 0xff, 0x0f, 0x44, 0xff, 0xff, 0x0f, 0x44, 0xff,
0xff, 0x0f, 0x44, 0xff, 0xff, 0x0f, 0x44, 0xff, 0xff, 0x0f, 0x44, 0xff, 0xff, 0x0f, 0x44,
0xff, 0xff, 0x0f, 0x44, 0xff, 0xff, 0x0f, 0x44, 0xff, 0xff, 0x0f, 0x44, 0xff, 0xff, 0x0f,
0x44, 0xff, 0xff, 0x0f, 0x44, 0xff, 0xff, 0x0f, 0x44, 0xff, 0xff, 0x0f, 0x44, 0xff, 0xff,
0x0f, 0x44, 0xff, 0xff, 0x0f, 0x44, 0xff, 0xff, 0x0f, 0x44, 0xff, 0xff, 0x0f, 0x44, 0xff,
0xff, 0x0f, 0x44, 0xff, 0xff, 0x0f, 0x44, 0xff, 0xff, 0x0f, 0x44, 0xff, 0xff, 0x0f, 0x44,
0xff, 0xff, 0x0f, 0x44, 0xff, 0xff, 0x0f, 0x44, 0xff, 0xff, 0x0f, 0x44, 0xff, 0xff, 0x0f,
0x43, 0xff, 0xff, 0x0f, 0x43, 0xff, 0xff, 0x0f, 0x43, 0xff, 0xff, 0x0f, 0x43, 0xff, 0xff,
0x0f, 0x43, 0xff, 0xff, 0x0f, 0x43, 0xff, 0xff, 0x0f, 0x43, 0xff, 0xff, 0x0f, 0x43, 0xff,
0xff, 0x0f, 0x44, 0xff, 0xff, 0x0f, 0x44, 0xff, 0xff, 0x0f, 0x44, 0xff, 0xff, 0x0f, 0x44,
0xff, 0xff, 0x0f, 0x44, 0xff, 0xff, 0x0f, 0x44, 0xff, 0xff, 0x0f, 0x44, 0xff, 0xff, 0x0f,
0x44, 0xff, 0xff, 0x0f, 0x44, 0xff, 0xff, 0x0f, 0x44, 0xff, 0xff, 0x0f, 0x44, 0xff, 0xff,
0x0f, 0x44, 0xff, 0xff, 0x0f, 0x44, 0xff, 0xff, 0x0f, 0x44, 0xff, 0xff, 0x0f, 0x44, 0xff,
0xff, 0x0f, 0x43, 0xff, 0xfd, 0x0f, 0x43, 0xfe, 0x74, 0x06, 0x23, 0xce, 0x00, 0x00, 0x35,
0xe9, 0x00, 0x01, 0x34, 0xd8, 0x00, 0x01, 0x06, 0x83, 0x00, 0x01, 0x00, 0x7f, 0x00, 0x01,
0x01, 0x80, 0x00, 0x01, 0x01, 0x80, 0x00, 0x01, 0x01, 0x80, 0x00, 0x01, 0x01, 0x80, 0x00,
0x01, 0x01, 0x80, 0x00, 0x01, 0x01, 0x80, 0x00, 0x01, 0x01, 0x80, 0x00, 0x01, 0x01, 0x80,
0x00, 0x01, 0x01, 0x80, 0x00, 0x01, 0x01, 0x80, 0x00, 0x01, 0x01, 0x80, 0x00, 0x01, 0x01,
0x80, 0x00, 0x01, 0x01, 0x80, 0x00, 0xff, 0xff, 0xff, 0x00, 0xff, 0xff, 0xff, 0x00, 0xff,
0xff, 0xff, 0x00, 0xff, 0xff, 0xff, 0x00, 0xff, 0xff, 0xff, 0x00, 0xff, 0xff, 0xff, 0x00,
0xff, 0xff, 0xff, 0x00, 0xff, 0xff, 0xff, 0x00, 0xff, 0xff, 0xff, 0x00, 0xff, 0xff, 0xff,
0x00, 0xff, 0xff, 0xff, 0x00, 0xff, 0xff, 0xff, 0x00, 0xff, 0xff, 0xff, 0x00, 0xff, 0xff,
0xff, 0x00, 0xff, 0xff, 0xff, 0x00, 0x01, 0x01, 0x01, 0x00, 0x01, 0x01, 0x01, 0x00, 0x01,
0x01, 0x01, 0x00, 0x01, 0x01, 0x01, 0x00, 0x01, 0x01, 0x01, 0x00, 0x01, 0x01, 0x01, 0x00,
0x01, 0x01, 0x01, 0x00, 0x01, 0x01, 0x01, 0x00, 0x01, 0x01, 0x01, 0x00, 0x01, 0x01, 0x01,
0x00, 0x01, 0x01, 0x01, 0x00, 0x01, 0x00, 0x00, 0x00, 0x01, 0x1b, 0x6e, 0x00, 0x0b, 0x40,
0xff, 0x00, 0x0e, 0x40, 0xfc, 0x00, 0x0e, 0x42, 0xfc, 0x00, 0x0e, 0x42, 0xfd, 0x00, 0x0e,
0x42, 0xfd, 0x00, 0x0d, 0x43, 0xfd, 0x00, 0x0a, 0x3a, 0xef, 0x23, 0x0e, 0x41, 0xfa, 0xd0,
0x0f, 0x45, 0xff, 0xff, 0x0f, 0x45, 0xff, 0xff, 0x0f, 0x45, 0xff, 0xff, 0x0f, 0x45, 0xff,
0xff, 0x0f, 0x44, 0xff, 0xff, 0x0f, 0x44, 0xff, 0xff, 0x0f, 0x44, 0xff, 0xff, 0x0f, 0x44,
0xff, 0xff, 0x0f, 0x44, 0xff, 0xff, 0x0f, 0x44, 0xff, 0xff, 0x0f, 0x44, 0xff, 0xff, 0x0f,
0x44, 0xff, 0xff, 0x0f, 0x45, 0xff, 0xff, 0x0f, 0x45, 0xff, 0xff, 0x0f, 0x45, 0xff, 0xff,
0x0f, 0x45, 0xff, 0xff, 0x0f, 0x44, 0xff, 0xff, 0x0f, 0x44, 0xff, 0xff, 0x0f, 0x44, 0xff,
0xff, 0x0f, 0x44, 0xff, 0xff, 0x0f, 0x44, 0xff, 0xff, 0x0f, 0x44, 0xff, 0xff, 0x0f, 0x44,
0xff, 0xff, 0x0f, 0x44, 0xff, 0xff, 0x0f, 0x44, 0xff, 0xff, 0x0f, 0x44, 0xff, 0xff, 0x0f,
0x44, 0xff, 0xff, 0x0f, 0x44, 0xff, 0xff, 0x0f, 0x44, 0xff, 0xff, 0x0f, 0x44, 0xff, 0xff,
0x0f, 0x44, 0xff, 0xff, 0x0f, 0x44, 0xff, 0xff, 0x0f, 0x44, 0xff, 0xff, 0x0f, 0x44, 0xff,
0xff, 0x0f, 0x44, 0xff, 0xff, 0x0f, 0x44, 0xff, 0xff, 0x0f, 0x44, 0xff, 0xff, 0x0f, 0x44,
0xff, 0xff, 0x0f, 0x44, 0xff, 0xff, 0x0f, 0x44, 0xff, 0xff, 0x0f, 0x44, 0xff, 0xff, 0x0f,
0x44, 0xff, 0xff, 0x0f, 0x44, 0xff, 0xff, 0x0f, 0x44, 0xff, 0xff, 0x0f, 0x44, 0xff, 0xff,
0x0f, 0x44, 0xff, 0xff, 0x0f, 0x44, 0xff, 0xff, 0x0f, 0x44, 0xff, 0xff, 0x0f, 0x44, 0xff,
0xff, 0x0f, 0x44, 0xff, 0xff, 0x0f, 0x44, 0xff, 0xff, 0x0f, 0x44, 0xff, 0xff, 0x0f, 0x44,
0xff, 0xff, 0x0f, 0x44, 0xff, 0xff, 0x0f, 0x44, 0xff, 0xff, 0x0f, 0x44, 0xff, 0xff, 0x0f,
0x44, 0xff, 0xff, 0x0f, 0x44, 0xff, 0xff, 0x0f, 0x44, 0xff, 0xff, 0x0f, 0x44, 0xff, 0xff,
0x0f, 0x44, 0xff, 0xff, 0x0f, 0x44, 0xff, 0xff, 0x0f, 0x44, 0xff, 0xff, 0x0f, 0x44, 0xff,
0xff, 0x0f, 0x44, 0xff, 0xff, 0x0f, 0x44, 0xff, 0xff, 0x0f, 0x44, 0xff, 0xff, 0x0f, 0x44,
0xff, 0xff, 0x0f, 0x44, 0xff, 0xff, 0x0f, 0x44, 0xff, 0xff, 0x0f, 0x44, 0xff, 0xff, 0x10,
0x44, 0xff, 0xf3, 0x09, 0x41, 0xef, 0x62, 0x0c, 0x41, 0xfa, 0x00, 0x07, 0x25, 0xd2, 0x00,
0x00, 0x35, 0xe9, 0x00, 0x01, 0x34, 0xd8, 0x00, 0x01, 0x06, 0x83, 0x00, 0x01, 0x00, 0x7f,
0x00, 0x01, 0x01, 0x80, 0x00, 0x01, 0x01, 0x80, 0x00, 0x01, 0x01, 0x80, 0x00, 0x01, 0x01,
0x80, 0x00, 0x01, 0x01, 0x80, 0x00, 0x01, 0x01, 0x80, 0x00, 0x01, 0x01, 0x80, 0x00, 0x01,
0x01, 0x80, 0x00, 0x01, 0x01, 0x80, 0x00, 0x01, 0x01, 0x80, 0x00, 0x01, 0x01, 0x80, 0x00,
0x01, 0x01, 0x80, 0x00, 0x01, 0x01, 0x80, 0x00, 0xff, 0xff, 0xff, 0x00, 0xff, 0xff, 0xff,
0x00, 0xff, 0xff, 0xff, 0x00, 0xff, 0xff, 0xff, 0x00, 0xff, 0xff, 0xff, 0x00, 0xff, 0xff,
0xff, 0x00, 0xff, 0xff, 0xff, 0x00, 0xff, 0xff, 0xff, 0x00, 0xff, 0xff, 0xff, 0x00, 0xff,
0xff, 0xff, 0x00, 0xff, 0xff, 0xff, 0x00, 0xff, 0xff, 0xff, 0x00, 0xff, 0xff, 0xff, 0x00,
0xff, 0xff, 0xff, 0x00, 0xff, 0xff, 0xff, 0x00, 0x01, 0x01, 0x01, 0x00, 0x01, 0x01, 0x01,
0x00, 0x01, 0x01, 0x01, 0x00, 0x01, 0x01, 0x01, 0x00, 0x01, 0x01, 0x01, 0x00, 0x01, 0x01,
0x01, 0x00, 0x01, 0x01, 0x01, 0x00, 0x01, 0x01, 0x01, 0x00, 0x01, 0x01, 0x01, 0x00, 0x01,
0x01, 0x01, 0x00, 0x01, 0x01, 0x01, 0x00, 0x01, 0x00, 0x00, 0x00, 0x01, 0x1b, 0x6e, 0x00,
0x0b, 0x40, 0xff, 0x00, 0x0e, 0x40, 0xfc, 0x00, 0x0e, 0x42, 0xfc, 0x00, 0x0e, 0x42, 0xfd,
0x00, 0x0e, 0x42, 0xfd, 0x00, 0x0e, 0x44, 0xfe, 0x00, 0x08, 0x32, 0xe6, 0x00, 0x0b, 0x3c,
0xf2, 0x0f, 0x0d, 0x46, 0xfa, 0xb4, 0x10, 0x46, 0xff, 0xff, 0x0f, 0x45, 0xff, 0xff, 0x0f,
0x45, 0xff, 0xff, 0x0f, 0x45, 0xff, 0xff, 0x0f, 0x45, 0xff, 0xff, 0x0f, 0x45, 0xff, 0xff,
0x0f, 0x45, 0xff, 0xff, 0x0f, 0x45, 0xff, 0xff, 0x0f, 0x45, 0xff, 0xff, 0x0f, 0x45, 0xff,
0xff, 0x0f, 0x45, 0xff, 0xff, 0x0f, 0x45, 0xff, 0xff, 0x0f, 0x45, 0xff, 0xff, 0x0f, 0x45,
0xff, 0xff, 0x0f, 0x45, 0xff, 0xff, 0x0f, 0x45, 0xff, 0xff, 0x0f, 0x45, 0xff, 0xff, 0x0f,
0x45, 0xff, 0xff, 0x0f, 0x45, 0xff, 0xff, 0x0f, 0x45, 0xff, 0xff, 0x0f, 0x45, 0xff, 0xff,
0x0f, 0x45, 0xff, 0xff, 0x0f, 0x45, 0xff, 0xff, 0x0f, 0x45, 0xff, 0xff, 0x0f, 0x45, 0xff,
0xff, 0x0f, 0x45, 0xff, 0xff, 0x0f, 0x45, 0xff, 0xff, 0x0f, 0x45, 0xff, 0xff, 0x0f, 0x45,
0xff, 0xff, 0x0f, 0x45, 0xff, 0xff, 0x0f, 0x45, 0xff, 0xff, 0x0f, 0x45, 0xff, 0xff, 0x0f,
0x45, 0xff, 0xff, 0x0f, 0x45, 0xff, 0xff, 0x0f, 0x45, 0xff, 0xff, 0x0f, 0x45, 0xff, 0xff,
0x0f, 0x45, 0xff, 0xff, 0x0f, 0x45, 0xff, 0xff, 0x0f, 0x45, 0xff, 0xff, 0x0f, 0x45, 0xff,
0xff, 0x0f, 0x45, 0xff, 0xff, 0x0f, 0x45, 0xff, 0xff, 0x0f, 0x45, 0xff, 0xff, 0x0f, 0x45,
0xff, 0xff, 0x0f, 0x45, 0xff, 0xff, 0x0f, 0x45, 0xff, 0xff, 0x0f, 0x45, 0xff, 0xff, 0x0f,
0x45, 0xff, 0xff, 0x0f, 0x45, 0xff, 0xff, 0x0f, 0x45, 0xff, 0xff, 0x0f, 0x45, 0xff, 0xff,
0x0f, 0x45, 0xff, 0xff, 0x0f, 0x45, 0xff, 0xff, 0x0f, 0x45, 0xff, 0xff, 0x0f, 0x45, 0xff,
0xff, 0x0f, 0x45, 0xff, 0xff, 0x0f, 0x45, 0xff, 0xff, 0x0f, 0x45, 0xff, 0xff, 0x0f, 0x45,
0xff, 0xff, 0x0f, 0x45, 0xff, 0xff, 0x0f, 0x45, 0xff, 0xff, 0x0f, 0x45, 0xff, 0xff, 0x0f,
0x45, 0xff, 0xff, 0x0f, 0x45, 0xff, 0xff, 0x0f, 0x44, 0xff, 0xff, 0x0f, 0x44, 0xff, 0xff,
0x0f, 0x44, 0xff, 0xff, 0x0f, 0x44, 0xff, 0xff, 0x0f, 0x45, 0xff, 0xff, 0x0e, 0x42, 0xf9,
0xdc, 0x0a, 0x36, 0xed, 0x37, 0x08, 0x41, 0xea, 0x00, 0x0c, 0x41, 0xf9, 0x00, 0x07, 0x25,
0xd2, 0x00, 0x00, 0x35, 0xe9, 0x00, 0x01, 0x34, 0xd8, 0x00, 0x01, 0x06, 0x83, 0x00, 0x01,
0x00, 0x7f, 0x00, 0x01, 0x01, 0x80, 0x00, 0x01, 0x01, 0x80, 0x00, 0x01, 0x01, 0x80, 0x00,
0x01, 0x01, 0x80, 0x00, 0x01, 0x01, 0x80, 0x00, 0x01, 0x01, 0x80, 0x00, 0x01, 0x01, 0x80,
0x00, 0x01, 0x01, 0x80, 0x00, 0x01, 0x01, 0x80, 0x00, 0x01, 0x01, 0x80, 0x00, 0x01, 0x01,
0x80, 0x00, 0x01, 0x01, 0x80, 0x00, 0x01, 0x01, 0x80, 0x00, 0xff, 0xff, 0xff, 0x00, 0xff,
0xff, 0xff, 0x00, 0xff, 0xff, 0xff, 0x00, 0xff, 0xff, 0xff, 0x00, 0xff, 0xff, 0xff, 0x00,
0xff, 0xff, 0xff, 0x00, 0xff, 0xff, 0xff, 0x00, 0xff, 0xff, 0xff, 0x00, 0xff, 0xff, 0xff,
0x00, 0xff, 0xff, 0xff, 0x00, 0xff, 0xff, 0xff, 0x00, 0xff, 0xff, 0xff, 0x00, 0xff, 0xff,
0xff, 0x00, 0xff, 0xff, 0xff, 0x00, 0xff, 0xff, 0xff, 0x00, 0x01, 0x01, 0x01, 0x00, 0x01,
0x01, 0x01, 0x00, 0x01, 0x01, 0x01, 0x00, 0x01, 0x01, 0x01, 0x00, 0x01, 0x01, 0x01, 0x00,
0x01, 0x01, 0x01, 0x00, 0x01, 0x01, 0x01, 0x00, 0x01, 0x01, 0x01, 0x00, 0x01, 0x01, 0x01,
0x00, 0x01, 0x01, 0x01, 0x00, 0x01, 0x01, 0x01, 0x00, 0x01, 0x00, 0x00, 0x00, 0x01, 0x1b,
0x6e, 0x00, 0x0b, 0x40, 0xff, 0x00, 0x0e, 0x40, 0xfc, 0x00, 0x0e, 0x42, 0xfc, 0x00, 0x0e,
0x42, 0xfd, 0x00, 0x0e, 0x42, 0xfd, 0x00, 0x0e, 0x44, 0xfe, 0x00, 0x08, 0x33, 0xe7, 0x00,
0x0a, 0x3d, 0xf1, 0x00, 0x09, 0x43, 0xeb, 0x01, 0x0f, 0x42, 0xf8, 0x88, 0x10, 0x46, 0xff,
0xff, 0x10, 0x46, 0xff, 0xff, 0x10, 0x46, 0xff, 0xff, 0x10, 0x46, 0xff, 0xff, 0x10, 0x46,
0xff, 0xff, 0x10, 0x46, 0xff, 0xff, 0x10, 0x46, 0xff, 0xff, 0x10, 0x46, 0xff, 0xff, 0x10,
0x46, 0xff, 0xff, 0x10, 0x46, 0xff, 0xff, 0x10, 0x46, 0xff, 0xff, 0x10, 0x46, 0xff, 0xff,
0x10, 0x46, 0xff, 0xff, 0x10, 0x46, 0xff, 0xff, 0x10, 0x46, 0xff, 0xff, 0x10, 0x46, 0xff,
0xff, 0x10, 0x46, 0xff, 0xff, 0x10, 0x46, 0xff, 0xff, 0x10, 0x45, 0xff, 0xff, 0x10, 0x45,
0xff, 0xff, 0x10, 0x45, 0xff, 0xff, 0x10, 0x45, 0xff, 0xff, 0x10, 0x45, 0xff, 0xff, 0x10,
0x46, 0xff, 0xff, 0x10, 0x46, 0xff, 0xff, 0x10, 0x46, 0xff, 0xff, 0x10, 0x46, 0xff, 0xff,
0x10, 0x46, 0xff, 0xff, 0x10, 0x46, 0xff, 0xff, 0x10, 0x46, 0xff, 0xff, 0x10, 0x46, 0xff,
0xff, 0x10, 0x45, 0xff, 0xff, 0x10, 0x45, 0xff, 0xff, 0x10, 0x45, 0xff, 0xff, 0x10, 0x45,
0xff, 0xff, 0x10, 0x45, 0xff, 0xff, 0x10, 0x45, 0xff, 0xff, 0x10, 0x45, 0xff, 0xff, 0x10,
0x45, 0xff, 0xff, 0x10, 0x45, 0xff, 0xff, 0x10, 0x45, 0xff, 0xff, 0x10, 0x45, 0xff, 0xff,
0x10, 0x45, 0xff, 0xff, 0x10, 0x45, 0xff, 0xff, 0x10, 0x45, 0xff, 0xff, 0x10, 0x45, 0xff,
0xff, 0x10, 0x45, 0xff, 0xff, 0x10, 0x45, 0xff, 0xff, 0x10, 0x45, 0xff, 0xff, 0x10, 0x45,
0xff, 0xff, 0x10, 0x45, 0xff, 0xff, 0x10, 0x45, 0xff, 0xff, 0x10, 0x45, 0xff, 0xff, 0x10,
0x45, 0xff, 0xff, 0x10, 0x45, 0xff, 0xff, 0x10, 0x45, 0xff, 0xff, 0x10, 0x45, 0xff, 0xff,
0x0f, 0x45, 0xff, 0xff, 0x0f, 0x45, 0xff, 0xff, 0x0f, 0x45, 0xff, 0xff, 0x0f, 0x45, 0xff,
0xff, 0x0f, 0x45, 0xff, 0xff, 0x0f, 0x45, 0xff, 0xff, 0x0f, 0x45, 0xff, 0xff, 0x0f, 0x45,
0xff, 0xff, 0x0f, 0x46, 0xff, 0xff, 0x0f, 0x46, 0xff, 0xff, 0x0e, 0x3e, 0xef, 0xb8, 0x08,
0x32, 0xbd, 0x16, 0x08, 0x32, 0xea, 0x00, 0x08, 0x41, 0xeb, 0x00, 0x0c, 0x41, 0xf9, 0x00,
0x07, 0x25, 0xd2, 0x00, 0x00, 0x35, 0xe9, 0x00, 0x01, 0x34, 0xd8, 0x00, 0x01, 0x06, 0x83,
0x00, 0x01, 0x00, 0x7f, 0x00, 0x01, 0x01, 0x80, 0x00, 0x01, 0x01, 0x80, 0x00, 0x01, 0x01,
0x80, 0x00, 0x01, 0x01, 0x80, 0x00, 0x01, 0x01, 0x80, 0x00, 0x01, 0x01, 0x80, 0x00, 0x01,
0x01, 0x80, 0x00, 0x01, 0x01, 0x80, 0x00, 0x01, 0x01, 0x80, 0x00, 0x01, 0x01, 0x80, 0x00,
0x01, 0x01, 0x80, 0x00, 0x01, 0x01, 0x80, 0x00, 0x01, 0x01, 0x80, 0x00, 0xff, 0xff, 0xff,
0x00, 0xff, 0xff, 0xff, 0x00, 0xff, 0xff, 0xff, 0x00, 0xff, 0xff, 0xff, 0x00, 0xff, 0xff,
0xff, 0x00, 0xff, 0xff, 0xff, 0x00, 0xff, 0xff, 0xff, 0x00, 0xff, 0xff, 0xff, 0x00, 0xff,
0xff, 0xff, 0x00, 0xff, 0xff, 0xff, 0x00, 0xff, 0xff, 0xff, 0x00, 0xff, 0xff, 0xff, 0x00,
0xff, 0xff, 0xff, 0x00, 0xff, 0xff, 0xff, 0x00, 0xff, 0xff, 0xff, 0x00, 0x01, 0x01, 0x01,
0x00, 0x01, 0x01, 0x01, 0x00, 0x01, 0x01, 0x01, 0x00, 0x01, 0x01, 0x01, 0x00, 0x01, 0x01,
0x01, 0x00, 0x01, 0x01, 0x01, 0x00, 0x01, 0x01, 0x01, 0x00, 0x01, 0x01, 0x01, 0x00, 0x01,
0x01, 0x01, 0x00, 0x01, 0x01, 0x01, 0x00, 0x01, 0x01, 0x01, 0x00, 0x01, 0x00, 0x00, 0x00,
0x01, 0x1b, 0x6e, 0x00, 0x0b, 0x40, 0xff, 0x00, 0x0e, 0x40, 0xfc, 0x00, 0x0e, 0x42, 0xfc,
0x00, 0x0e, 0x42, 0xfd, 0x00, 0x0e, 0x42, 0xfd, 0x00, 0x0e, 0x44, 0xfe, 0x00, 0x08, 0x33,
0xe7, 0x00, 0x0a, 0x3d, 0xf1, 0x00, 0x09, 0x43, 0xeb, 0x00, 0x0c, 0x3e, 0xf0, 0x00, 0x0e,
0x44, 0xfc, 0x50, 0x10, 0x47, 0xff, 0xea, 0x10, 0x46, 0xff, 0xff, 0x10, 0x46, 0xff, 0xff,
0x10, 0x46, 0xff, 0xff, 0x10, 0x46, 0xff, 0xff, 0x10, 0x46, 0xff, 0xff, 0x10, 0x46, 0xff,
0xff, 0x10, 0x46, 0xff, 0xff, 0x10, 0x46, 0xff, 0xff, 0x10, 0x46, 0xff, 0xff, 0x10, 0x46,
0xff, 0xff, 0x10, 0x46, 0xff, 0xff, 0x10, 0x46, 0xff, 0xff, 0x10, 0x46, 0xff, 0xff, 0x10,
0x46, 0xff, 0xff, 0x10, 0x46, 0xff, 0xff, 0x10, 0x46, 0xff, 0xff, 0x10, 0x46, 0xff, 0xff,
0x10, 0x46, 0xff, 0xff, 0x10, 0x46, 0xff, 0xff, 0x10, 0x46, 0xff, 0xff, 0x10, 0x46, 0xff,
0xff, 0x10, 0x46, 0xff, 0xff, 0x10, 0x46, 0xff, 0xff, 0x10, 0x46, 0xff, 0xff, 0x10, 0x46,
0xff, 0xff, 0x10, 0x46, 0xff, 0xff, 0x10, 0x46, 0xff, 0xff, 0x10, 0x46, 0xff, 0xff, 0x10,
0x46, 0xff, 0xff, 0x10, 0x46, 0xff, 0xff, 0x10, 0x46, 0xff, 0xff, 0x10, 0x46, 0xff, 0xff,
0x10, 0x46, 0xff, 0xff, 0x10, 0x46, 0xff, 0xff, 0x10, 0x46, 0xff, 0xff, 0x10, 0x46, 0xff,
0xff, 0x10, 0x46, 0xff, 0xff, 0x10, 0x46, 0xff, 0xff, 0x10, 0x46, 0xff, 0xff, 0x10, 0x46,
0xff, 0xff, 0x10, 0x46, 0xff, 0xff, 0x10, 0x46, 0xff, 0xff, 0x10, 0x46, 0xff, 0xff, 0x10,
0x46, 0xff, 0xff, 0x10, 0x46, 0xff, 0xff, 0x10, 0x46, 0xff, 0xff, 0x10, 0x46, 0xff, 0xff,
0x10, 0x46, 0xff, 0xff, 0x10, 0x46, 0xff, 0xff, 0x10, 0x46, 0xff, 0xff, 0x10, 0x46, 0xff,
0xff, 0x10, 0x46, 0xff, 0xff, 0x10, 0x46, 0xff, 0xff, 0x10, 0x46, 0xff, 0xff, 0x10, 0x46,
0xff, 0xff, 0x10, 0x46, 0xff, 0xff, 0x10, 0x46, 0xff, 0xff, 0x10, 0x46, 0xff, 0xff, 0x10,
0x46, 0xff, 0xff, 0x10, 0x46, 0xff, 0xff, 0x10, 0x46, 0xff, 0xff, 0x10, 0x46, 0xff, 0xff,
0x10, 0x47, 0xff, 0xff, 0x10, 0x44, 0xfd, 0xf7, 0x0e, 0x43, 0xfa, 0x71, 0x0b, 0x30, 0xd5,
0x02, 0x07, 0x2f, 0xb4, 0x00, 0x08, 0x33, 0xec, 0x00, 0x08, 0x41, 0xeb, 0x00, 0x0c, 0x41,
0xf9, 0x00, 0x07, 0x25, 0xd2, 0x00, 0x00, 0x35, 0xe9, 0x00, 0x01, 0x34, 0xd8, 0x00, 0x01,
0x06, 0x83, 0x00, 0x01, 0x00, 0x7f, 0x00, 0x01, 0x01, 0x80, 0x00, 0x01, 0x01, 0x80, 0x00,
0x01, 0x01, 0x80, 0x00, 0x01, 0x01, 0x80, 0x00, 0x01, 0x01, 0x80, 0x00, 0x01, 0x01, 0x80,
0x00, 0x01, 0x01, 0x80, 0x00, 0x01, 0x01, 0x80, 0x00, 0x01, 0x01, 0x80, 0x00, 0x01, 0x01,
0x80, 0x00, 0x01, 0x01, 0x80, 0x00, 0x01, 0x01, 0x80, 0x00, 0x01, 0x01, 0x80, 0x00, 0xff,
0xff, 0xff, 0x00, 0xff, 0xff, 0xff, 0x00, 0xff, 0xff, 0xff, 0x00, 0xff, 0xff, 0xff, 0x00,
0xff, 0xff, 0xff, 0x00, 0xff, 0xff, 0xff, 0x00, 0xff, 0xff, 0xff, 0x00, 0xff, 0xff, 0xff,
0x00, 0xff, 0xff, 0xff, 0x00, 0xff, 0xff, 0xff, 0x00, 0xff, 0xff, 0xff, 0x00, 0xff, 0xff,
0xff, 0x00, 0xff, 0xff, 0xff, 0x00, 0xff, 0xff, 0xff, 0x00, 0xff, 0xff, 0xff, 0x00, 0x01,
0x01, 0x01, 0x00, 0x01, 0x01, 0x01, 0x00, 0x01, 0x01, 0x01, 0x00, 0x01, 0x01, 0x01, 0x00,
0x01, 0x01, 0x01, 0x00, 0x01, 0x01, 0x01, 0x00, 0x01, 0x01, 0x01, 0x00, 0x01, 0x01, 0x01,
0x00, 0x01, 0x01, 0x01, 0x00, 0x01, 0x01, 0x01, 0x00, 0x01, 0x01, 0x01, 0x00, 0x01, 0x00,
0x00, 0x00, 0x01, 0x1b, 0x6e, 0x00, 0x0b, 0x40, 0xff, 0x00, 0x0e, 0x40, 0xfc, 0x00, 0x0e,
0x42, 0xfc, 0x00, 0x0e, 0x42, 0xfd, 0x00, 0x0e, 0x42, 0xfd, 0x00, 0x0e, 0x44, 0xfe, 0x00,
0x08, 0x33, 0xe7, 0x00, 0x0a, 0x3d, 0xf1, 0x00, 0x09, 0x43, 0xeb, 0x00, 0x0c, 0x3e, 0xf0,
0x00, 0x0e, 0x45, 0xfe, 0x00, 0x0b, 0x3c, 0xd5, 0x21, 0x0e, 0x41, 0xe6, 0xb6, 0x10, 0x49,
0xff, 0xff, 0x10, 0x47, 0xff, 0xff, 0x10, 0x47, 0xff, 0xff, 0x10, 0x47, 0xff, 0xff, 0x10,
0x47, 0xff, 0xff, 0x10, 0x47, 0xff, 0xff, 0x10, 0x47, 0xff, 0xff, 0x10, 0x47, 0xff, 0xff,
0x10, 0x47, 0xff, 0xff, 0x10, 0x47, 0xff, 0xff, 0x10, 0x47, 0xff, 0xff, 0x10, 0x47, 0xff,
0xff, 0x10, 0x47, 0xff, 0xff, 0x10, 0x47, 0xff, 0xff, 0x10, 0x47, 0xff, 0xff, 0x10, 0x47,
0xff, 0xff, 0x10, 0x47, 0xff, 0xff, 0x10, 0x47, 0xff, 0xff, 0x10, 0x47, 0xff, 0xff, 0x10,
0x47, 0xff, 0xff, 0x10, 0x47, 0xff, 0xff, 0x10, 0x47, 0xff, 0xff, 0x10, 0x47, 0xff, 0xff,
0x10, 0x47, 0xff, 0xff, 0x10, 0x47, 0xff, 0xff, 0x10, 0x47, 0xff, 0xff, 0x10, 0x47, 0xff,
0xff, 0x10, 0x47, 0xff, 0xff, 0x10, 0x47, 0xff, 0xff, 0x10, 0x47, 0xff, 0xff, 0x10, 0x47,
0xff, 0xff, 0x10, 0x47, 0xff, 0xff, 0x10, 0x47, 0xff, 0xff, 0x10, 0x47, 0xff, 0xff, 0x10,
0x47, 0xff, 0xff, 0x10, 0x47, 0xff, 0xff, 0x10, 0x47, 0xff, 0xff, 0x10, 0x47, 0xff, 0xff,
0x10, 0x47, 0xff, 0xff, 0x10, 0x47, 0xff, 0xff, 0x10, 0x47, 0xff, 0xff, 0x10, 0x47, 0xff,
0xff, 0x10, 0x47, 0xff, 0xff, 0x10, 0x47, 0xff, 0xff, 0x10, 0x46, 0xff, 0xff, 0x10, 0x46,
0xff, 0xff, 0x10, 0x46, 0xff, 0xff, 0x10, 0x46, 0xff, 0xff, 0x10, 0x46, 0xff, 0xff, 0x10,
0x46, 0xff, 0xff, 0x10, 0x46, 0xff, 0xff, 0x10, 0x46, 0xff, 0xff, 0x10, 0x46, 0xff, 0xff,
0x10, 0x46, 0xff, 0xff, 0x10, 0x46, 0xff, 0xff, 0x10, 0x46, 0xff, 0xff, 0x10, 0x46, 0xff,
0xff, 0x10, 0x46, 0xff, 0xff, 0x10, 0x46, 0xff, 0xff, 0x10, 0x46, 0xff, 0xff, 0x10, 0x46,
0xff, 0xff, 0x0f, 0x45, 0xfb, 0xc6, 0x09, 0x39, 0xeb, 0x2f, 0x0b, 0x37, 0xed, 0x00, 0x0b,
0x32, 0xd8, 0x00, 0x07, 0x2f, 0xb6, 0x00, 0x08, 0x33, 0xec, 0x00, 0x08, 0x41, 0xeb, 0x00,
0x0c, 0x41, 0xf9, 0x00, 0x07, 0x25, 0xd2, 0x00, 0x00, 0x35, 0xe9, 0x00, 0x01, 0x34, 0xd8,
0x00, 0x01, 0x06, 0x83, 0x00, 0x01, 0x00, 0x7f, 0x00, 0x01, 0x01, 0x80, 0x00, 0x01, 0x01,
0x80, 0x00, 0x01, 0x01, 0x80, 0x00, 0x01, 0x01, 0x80, 0x00, 0x01, 0x01, 0x80, 0x00, 0x01,
0x01, 0x80, 0x00, 0x01, 0x01, 0x80, 0x00, 0x01, 0x01, 0x80, 0x00, 0x01, 0x01, 0x80, 0x00,
0x01, 0x01, 0x80, 0x00, 0x01, 0x01, 0x80, 0x00, 0x01, 0x01, 0x80, 0x00, 0x01, 0x01, 0x80,
0x00, 0xff, 0xff, 0xff, 0x00, 0xff, 0xff, 0xff, 0x00, 0xff, 0xff, 0xff, 0x00, 0xff, 0xff,
0xff, 0x00, 0xff, 0xff, 0xff, 0x00, 0xff, 0xff, 0xff, 0x00, 0xff, 0xff, 0xff, 0x00, 0xff,
0xff, 0xff, 0x00, 0xff, 0xff, 0xff, 0x00, 0xff, 0xff, 0xff, 0x00, 0xff, 0xff, 0xff, 0x00,
0xff, 0xff, 0xff, 0x00, 0xff, 0xff, 0xff, 0x00, 0xff, 0xff, 0xff, 0x00, 0xff, 0xff, 0xff,
0x00, 0x01, 0x01, 0x01, 0x00, 0x01, 0x01, 0x01, 0x00, 0x01, 0x01, 0x01, 0x00, 0x01, 0x01,
0x01, 0x00, 0x01, 0x01, 0x01, 0x00, 0x01, 0x01, 0x01, 0x00, 0x01, 0x01, 0x01, 0x00, 0x01,
0x01, 0x01, 0x00, 0x01, 0x01, 0x01, 0x00, 0x01, 0x01, 0x01, 0x00, 0x01, 0x01, 0x01, 0x00,
0x01, 0x00, 0x00, 0x00, 0x01, 0x1b, 0x6e, 0x00, 0x0b, 0x40, 0xff, 0x00, 0x0e, 0x40, 0xfc,
0x00, 0x0e, 0x42, 0xfc, 0x00, 0x0e, 0x42, 0xfd, 0x00, 0x0e, 0x42, 0xfd, 0x00, 0x0e, 0x44,
0xfe, 0x00, 0x08, 0x33, 0xe7, 0x00, 0x0a, 0x3d, 0xf1, 0x00, 0x09, 0x43, 0xeb, 0x00, 0x0c,
0x3e, 0xf0, 0x00, 0x0e, 0x46, 0xff, 0x00, 0x0a, 0x38, 0xc6, 0x00, 0x09, 0x3d, 0xcc, 0x02,
0x0c, 0x3f, 0xee, 0x5e, 0x10, 0x46, 0xfe, 0xec, 0x10, 0x47, 0xff, 0xff, 0x10, 0x47, 0xff,
0xff, 0x10, 0x47, 0xff, 0xff, 0x10, 0x47, 0xff, 0xff, 0x10, 0x47, 0xff, 0xff, 0x10, 0x47,
0xff, 0xff, 0x10, 0x47, 0xff, 0xff, 0x10, 0x47, 0xff, 0xff, 0x10, 0x47, 0xff, 0xff, 0x10,
0x47, 0xff, 0xff, 0x10, 0x47, 0xff, 0xff, 0x10, 0x47, 0xff, 0xff, 0x10, 0x47, 0xff, 0xff,
0x10, 0x47, 0xff, 0xff, 0x10, 0x47, 0xff, 0xff, 0x10, 0x47, 0xff, 0xff, 0x10, 0x47, 0xff,
0xff, 0x10, 0x47, 0xff, 0xff, 0x10, 0x47, 0xff, 0xff, 0x10, 0x47, 0xff, 0xff, 0x10, 0x47,
0xff, 0xff, 0x10, 0x47, 0xff, 0xff, 0x10, 0x47, 0xff, 0xff, 0x10, 0x47, 0xff, 0xff, 0x10,
0x47, 0xff, 0xff, 0x10, 0x47, 0xff, 0xff, 0x10, 0x47, 0xff, 0xff, 0x10, 0x47, 0xff, 0xff,
0x10, 0x47, 0xff, 0xff, 0x10, 0x47, 0xff, 0xff, 0x10, 0x47, 0xff, 0xff, 0x10, 0x47, 0xff,
0xff, 0x10, 0x47, 0xff, 0xff, 0x10, 0x47, 0xff, 0xff, 0x10, 0x47, 0xff, 0xff, 0x10, 0x47,
0xff, 0xff, 0x10, 0x47, 0xff, 0xff, 0x10, 0x47, 0xff, 0xff, 0x10, 0x47, 0xff, 0xff, 0x10,
0x47, 0xff, 0xff, 0x10, 0x47, 0xff, 0xff, 0x10, 0x47, 0xff, 0xff, 0x10, 0x47, 0xff, 0xff,
0x10, 0x47, 0xff, 0xff, 0x10, 0x47, 0xff, 0xff, 0x10, 0x47, 0xff, 0xff, 0x10, 0x47, 0xff,
0xff, 0x10, 0x47, 0xff, 0xff, 0x10, 0x47, 0xff, 0xff, 0x10, 0x47, 0xff, 0xff, 0x10, 0x47,
0xff, 0xff, 0x10, 0x47, 0xff, 0xff, 0x10, 0x47, 0xff, 0xff, 0x10, 0x47, 0xff, 0xff, 0x10,
0x47, 0xff, 0xff, 0x10, 0x47, 0xff, 0xff, 0x10, 0x47, 0xff, 0xff, 0x10, 0x47, 0xff, 0xee,
0x0d, 0x44, 0xf8, 0x65, 0x0a, 0x35, 0xde, 0x07, 0x09, 0x38, 0xe9, 0x00, 0x0b, 0x38, 0xee,
0x00, 0x0b, 0x32, 0xd8, 0x00, 0x07, 0x2f, 0xb6, 0x00, 0x08, 0x33, 0xec, 0x00, 0x08, 0x41,
0xeb, 0x00, 0x0c, 0x41, 0xf9, 0x00, 0x07, 0x25, 0xd2, 0x00, 0x00, 0x35, 0xe9, 0x00, 0x01,
0x34, 0xd8, 0x00, 0x01, 0x06, 0x83, 0x00, 0x01, 0x00, 0x7f, 0x00, 0x01, 0x01, 0x80, 0x00,
0x01, 0x01, 0x80, 0x00, 0x01, 0x01, 0x80, 0x00, 0x01, 0x01, 0x80, 0x00, 0x01, 0x01, 0x80,
0x00, 0x01, 0x01, 0x80, 0x00, 0x01, 0x01, 0x80, 0x00, 0x01, 0x01, 0x80, 0x00, 0x01, 0x01,
0x80, 0x00, 0x01, 0x01, 0x80, 0x00, 0x01, 0x01, 0x80, 0x00, 0x01, 0x01, 0x80, 0x00, 0x01,
0x01, 0x80, 0x00, 0xff, 0xff, 0xff, 0x00, 0xff, 0xff, 0xff, 0x00, 0xff, 0xff, 0xff, 0x00,
0xff, 0xff, 0xff, 0x00, 0xff, 0xff, 0xff, 0x00, 0xff, 0xff, 0xff, 0x00, 0xff, 0xff, 0xff,
0x00, 0xff, 0xff, 0xff, 0x00, 0xff, 0xff, 0xff, 0x00, 0xff, 0xff, 0xff, 0x00, 0xff, 0xff,
0xff, 0x00, 0xff, 0xff, 0xff, 0x00, 0xff, 0xff, 0xff, 0x00, 0xff, 0xff, 0xff, 0x00, 0xff,
0xff, 0xff, 0x00, 0x01, 0x01, 0x01, 0x00, 0x01, 0x01, 0x01, 0x00, 0x01, 0x01, 0x01, 0x00,
0x01, 0x01, 0x01, 0x00, 0x01, 0x01, 0x01, 0x00, 0x01, 0x01, 0x01, 0x00, 0x01, 0x01, 0x01,
0x00, 0x01, 0x01, 0x01, 0x00, 0x01, 0x01, 0x01, 0x00, 0x01, 0x01, 0x01, 0x00, 0x01, 0x01,
0x01, 0x00, 0x01, 0x00, 0x00, 0x00, 0x01, 0x1b, 0x6e, 0x00, 0x0b, 0x40, 0xff, 0x00, 0x0e,
0x40, 0xfc, 0x00, 0x0e, 0x42, 0xfc, 0x00, 0x0e, 0x42, 0xfd, 0x00, 0x0e, 0x42, 0xfd, 0x00,
0x0e, 0x44, 0xfe, 0x00, 0x08, 0x33, 0xe7, 0x00, 0x0a, 0x3d, 0xf1, 0x00, 0x09, 0x43, 0xeb,
0x00, 0x0c, 0x3e, 0xf0, 0x00, 0x0e, 0x46, 0xff, 0x00, 0x0a, 0x39, 0xc8, 0x00, 0x09, 0x3e,
0xce, 0x00, 0x09, 0x34, 0xe0, 0x00, 0x0c, 0x44, 0xf8, 0x28, 0x0f, 0x47, 0xfd, 0x96, 0x10,
0x48, 0xff, 0xff, 0x10, 0x49, 0xff, 0xff, 0x10, 0x48, 0xff, 0xff, 0x10, 0x48, 0xff, 0xff,
0x10, 0x48, 0xff, 0xff, 0x10, 0x48, 0xff, 0xff, 0x10, 0x48, 0xff, 0xff, 0x10, 0x48, 0xff,
0xff, 0x10, 0x48, 0xff, 0xff, 0x10, 0x48, 0xff, 0xff, 0x10, 0x48, 0xff, 0xff, 0x10, 0x48,
0xff, 0xff, 0x10, 0x48, 0xff, 0xff, 0x10, 0x48, 0xff, 0xff, 0x10, 0x48, 0xff, 0xff, 0x10,
0x48, 0xff, 0xff, 0x10, 0x48, 0xff, 0xff, 0x10, 0x48, 0xff, 0xff, 0x10, 0x48, 0xff, 0xff,
0x10, 0x48, 0xff, 0xff, 0x10, 0x48, 0xff, 0xff, 0x10, 0x48, 0xff, 0xff, 0x10, 0x48, 0xff,
0xff, 0x10, 0x48, 0xff, 0xff, 0x10, 0x48, 0xff, 0xff, 0x10, 0x48, 0xff, 0xff, 0x10, 0x48,
0xff, 0xff, 0x10, 0x48, 0xff, 0xff, 0x10, 0x48, 0xff, 0xff, 0x10, 0x48, 0xff, 0xff, 0x10,
0x48, 0xff, 0xff, 0x10, 0x48, 0xff, 0xff, 0x10, 0x48, 0xff, 0xff, 0x10, 0x48, 0xff, 0xff,
0x10, 0x48, 0xff, 0xff, 0x10, 0x48, 0xff, 0xff, 0x10, 0x48, 0xff, 0xff, 0x10, 0x48, 0xff,
0xff, 0x10, 0x48, 0xff, 0xff, 0x10, 0x48, 0xff, 0xff, 0x10, 0x48, 0xff, 0xff, 0x10, 0x48,
0xff, 0xff, 0x10, 0x48, 0xff, 0xff, 0x10, 0x48, 0xff, 0xff, 0x10, 0x48, 0xff, 0xff, 0x10,
0x48, 0xff, 0xff, 0x10, 0x48, 0xff, 0xff, 0x10, 0x48, 0xff, 0xff, 0x10, 0x48, 0xff, 0xff,
0x10, 0x48, 0xff, 0xff, 0x10, 0x48, 0xff, 0xff, 0x10, 0x48, 0xff, 0xff, 0x10, 0x48, 0xff,
0xff, 0x10, 0x48, 0xff, 0xff, 0x10, 0x47, 0xfd, 0xfb, 0x0f, 0x43, 0xf4, 0x92, 0x0c, 0x44,
0xf8, 0x29, 0x0b, 0x43, 0xf4, 0x00, 0x0a, 0x34, 0xdb, 0x00, 0x09, 0x38, 0xea, 0x00, 0x0b,
0x38, 0xee, 0x00, 0x0b, 0x32, 0xd8, 0x00, 0x07, 0x2f, 0xb6, 0x00, 0x08, 0x33, 0xec, 0x00,
0x08, 0x41, 0xeb, 0x00, 0x0c, 0x41, 0xf9, 0x00, 0x07, 0x25, 0xd2, 0x00, 0x00, 0x35, 0xe9,
0x00, 0x01, 0x34, 0xd8, 0x00, 0x01, 0x06, 0x83, 0x00, 0x01, 0x00, 0x7f, 0x00, 0x01, 0x01,
0x80, 0x00, 0x01, 0x01, 0x80, 0x00, 0x01, 0x01, 0x80, 0x00, 0x01, 0x01, 0x80, 0x00, 0x01,
0x01, 0x80, 0x00, 0x01, 0x01, 0x80, 0x00, 0x01, 0x01, 0x80, 0x00, 0x01, 0x01, 0x80, 0x00,
0x01, 0x01, 0x80, 0x00, 0x01, 0x01, 0x80, 0x00, 0x01, 0x01, 0x80, 0x00, 0x01, 0x01, 0x80,
0x00, 0x01, 0x01, 0x80, 0x00, 0xff, 0xff, 0xff, 0x00, 0xff, 0xff, 0xff, 0x00, 0xff, 0xff,
0xff, 0x00, 0xff, 0xff, 0xff, 0x00, 0xff, 0xff, 0xff, 0x00, 0xff, 0xff, 0xff, 0x00, 0xff,
0xff, 0xff, 0x00, 0xff, 0xff, 0xff, 0x00, 0xff, 0xff, 0xff, 0x00, 0xff, 0xff, 0xff, 0x00,
0xff, 0xff, 0xff, 0x00, 0xff, 0xff, 0xff, 0x00, 0xff, 0xff, 0xff, 0x00, 0xff, 0xff, 0xff,
0x00, 0xff, 0xff, 0xff, 0x00, 0x01, 0x01, 0x01, 0x00, 0x01, 0x01, 0x01, 0x00, 0x01, 0x01,
0x01, 0x00, 0x01, 0x01, 0x01, 0x00, 0x01, 0x01, 0x01, 0x00, 0x01, 0x01, 0x01, 0x00, 0x01,
0x01, 0x01, 0x00, 0x01, 0x01, 0x01, 0x00, 0x01, 0x01, 0x01, 0x00, 0x01, 0x01, 0x01, 0x00,
0x01, 0x01, 0x01, 0x00, 0x01, 0x00, 0x00, 0x00, 0x01, 0x1b, 0x6e, 0x00, 0x0b, 0x40, 0xff,
0x00, 0x0e, 0x40, 0xfc, 0x00, 0x0e, 0x42, 0xfc, 0x00, 0x0e, 0x42, 0xfd, 0x00, 0x0e, 0x42,
0xfd, 0x00, 0x0e, 0x44, 0xfe, 0x00, 0x08, 0x33, 0xe7, 0x00, 0x0a, 0x3d, 0xf1, 0x00, 0x09,
0x43, 0xeb, 0x00, 0x0c, 0x3e, 0xf0, 0x00, 0x0e, 0x46, 0xff, 0x00, 0x0a, 0x39, 0xc8, 0x00,
0x09, 0x3e, 0xce, 0x00, 0x09, 0x35, 0xe2, 0x00, 0x0c, 0x45, 0xf6, 0x00, 0x0d, 0x45, 0xf9,
0x00, 0x0e, 0x43, 0xf8, 0x40, 0x0e, 0x41, 0xf5, 0xb0, 0x10, 0x4a, 0xff, 0xff, 0x10, 0x49,
0xff, 0xff, 0x10, 0x49, 0xff, 0xff, 0x10, 0x48, 0xff, 0xff, 0x10, 0x49, 0xff, 0xff, 0x10,
0x49, 0xff, 0xff, 0x10, 0x49, 0xff, 0xff, 0x10, 0x49, 0xff, 0xff, 0x10, 0x49, 0xff, 0xff,
0x10, 0x49, 0xff, 0xff, 0x10, 0x49, 0xff, 0xff, 0x10, 0x48, 0xff, 0xff, 0x10, 0x48, 0xff,
0xff, 0x10, 0x48, 0xff, 0xff, 0x10, 0x48, 0xff, 0xff, 0x10, 0x48, 0xff, 0xff, 0x10, 0x48,
0xff, 0xff, 0x10, 0x48, 0xff, 0xff, 0x10, 0x48, 0xff, 0xff, 0x10, 0x48, 0xff, 0xff, 0x10,
0x48, 0xff, 0xff, 0x10, 0x48, 0xff, 0xff, 0x10, 0x48, 0xff, 0xff, 0x10, 0x48, 0xff, 0xff,
0x10, 0x48, 0xff, 0xff, 0x10, 0x48, 0xff, 0xff, 0x10, 0x48, 0xff, 0xff, 0x10, 0x48, 0xff,
0xff, 0x10, 0x48, 0xff, 0xff, 0x10, 0x48, 0xff, 0xff, 0x10, 0x48, 0xff, 0xff, 0x10, 0x48,
0xff, 0xff, 0x10, 0x48, 0xff, 0xff, 0x10, 0x48, 0xff, 0xff, 0x10, 0x48, 0xff, 0xff, 0x10,
0x48, 0xff, 0xff, 0x10, 0x48, 0xff, 0xff, 0x10, 0x48, 0xff, 0xff, 0x10, 0x48, 0xff, 0xff,
0x10, 0x48, 0xff, 0xff, 0x10, 0x48, 0xff, 0xff, 0x10, 0x48, 0xff, 0xff, 0x10, 0x48, 0xff,
0xff, 0x10, 0x48, 0xff, 0xff, 0x10, 0x48, 0xff, 0xff, 0x10, 0x48, 0xff, 0xff, 0x10, 0x48,
0xff, 0xff, 0x10, 0x48, 0xff, 0xff, 0x10, 0x48, 0xff, 0xff, 0x10, 0x49, 0xff, 0xff, 0x10,
0x48, 0xff, 0xff, 0x0f, 0x47, 0xfd, 0xa1, 0x0b, 0x41, 0xef, 0x38, 0x0b, 0x3b, 0xd7, 0x00,
0x0c, 0x44, 0xf9, 0x00, 0x0b, 0x43, 0xf5, 0x00, 0x0a, 0x34, 0xdc, 0x00, 0x09, 0x38, 0xea,
0x00, 0x0b, 0x38, 0xee, 0x00, 0x0b, 0x32, 0xd8, 0x00, 0x07, 0x2f, 0xb6, 0x00, 0x08, 0x33,
0xec, 0x00, 0x08, 0x41, 0xeb, 0x00, 0x0c, 0x41, 0xf9, 0x00, 0x07, 0x25, 0xd2, 0x00, 0x00,
0x35, 0xe9, 0x00, 0x01, 0x34, 0xd8, 0x00, 0x01, 0x06, 0x83, 0x00, 0x01, 0x00, 0x7f, 0x00,
0x01, 0x01, 0x80, 0x00, 0x01, 0x01, 0x80, 0x00, 0x01, 0x01, 0x80, 0x00, 0x01, 0x01, 0x80,
0x00, 0x01, 0x01, 0x80, 0x00, 0x01, 0x01, 0x80, 0x00, 0x01, 0x01, 0x80, 0x00, 0x01, 0x01,
0x80, 0x00, 0x01, 0x01, 0x80, 0x00, 0x01, 0x01, 0x80, 0x00, 0x01, 0x01, 0x80, 0x00, 0x01,
0x01, 0x80, 0x00, 0x01, 0x01, 0x80, 0x00, 0xff, 0xff, 0xff, 0x00, 0xff, 0xff, 0xff, 0x00,
0xff, 0xff, 0xff, 0x00, 0xff, 0xff, 0xff, 0x00, 0xff, 0xff, 0xff, 0x00, 0xff, 0xff, 0xff,
0x00, 0xff, 0xff, 0xff, 0x00, 0xff, 0xff, 0xff, 0x00, 0xff, 0xff, 0xff, 0x00, 0xff, 0xff,
0xff, 0x00, 0xff, 0xff, 0xff, 0x00, 0xff, 0xff, 0xff, 0x00, 0xff, 0xff, 0xff, 0x00, 0xff,
0xff, 0xff, 0x00, 0xff, 0xff, 0xff, 0x00, 0x01, 0x01, 0x01, 0x00, 0x01, 0x01, 0x01, 0x00,
0x01, 0x01, 0x01, 0x00, 0x01, 0x01, 0x01, 0x00, 0x01, 0x01, 0x01, 0x00, 0x01, 0x01, 0x01,
0x00, 0x01, 0x01, 0x01, 0x00, 0x01, 0x01, 0x01, 0x00, 0x01, 0x01, 0x01, 0x00, 0x01, 0x01,
0x01, 0x00, 0x01, 0x01, 0x01, 0x00, 0x01, 0x00, 0x00, 0x00, 0x01, 0x1b, 0x6e, 0x00, 0x0b,
0x40, 0xff, 0x00, 0x0e, 0x40, 0xfc, 0x00, 0x0e, 0x42, 0xfc, 0x00, 0x0e, 0x42, 0xfd, 0x00,
0x0e, 0x42, 0xfd, 0x00, 0x0e, 0x44, 0xfe, 0x00, 0x08, 0x33, 0xe7, 0x00, 0x0a, 0x3d, 0xf1,
0x00, 0x09, 0x43, 0xeb, 0x00, 0x0c, 0x3e, 0xf0, 0x00, 0x0e, 0x46, 0xff, 0x00, 0x0a, 0x39,
0xc8, 0x00, 0x09, 0x3e, 0xce, 0x00, 0x09, 0x35, 0xe2, 0x00, 0x0c, 0x45, 0xf6, 0x00, 0x0d,
0x46, 0xfa, 0x00, 0x0d, 0x3f, 0xf2, 0x00, 0x08, 0x35, 0xe5, 0x00, 0x0b, 0x47, 0xfa, 0x55,
0x0e, 0x47, 0xfb, 0xb9, 0x10, 0x4a, 0xff, 0xff, 0x10, 0x4a, 0xff, 0xff, 0x10, 0x49, 0xff,
0xff, 0x10, 0x49, 0xff, 0xff, 0x10, 0x49, 0xff, 0xff, 0x10, 0x49, 0xff, 0xff, 0x10, 0x49,
0xff, 0xff, 0x10, 0x49, 0xff, 0xff, 0x10, 0x49, 0xff, 0xff, 0x10, 0x49, 0xff, 0xff, 0x10,
0x49, 0xff, 0xff, 0x10, 0x49, 0xff, 0xff, 0x10, 0x49, 0xff, 0xff, 0x10, 0x49, 0xff, 0xff,
0x10, 0x49, 0xff, 0xff, 0x10, 0x49, 0xff, 0xff, 0x10, 0x49, 0xff, 0xff, 0x10, 0x49, 0xff,
0xff, 0x10, 0x49, 0xff, 0xff, 0x10, 0x49, 0xff, 0xff, 0x10, 0x49, 0xff, 0xff, 0x10, 0x49,
0xff, 0xff, 0x10, 0x49, 0xff, 0xff, 0x10, 0x49, 0xff, 0xff, 0x10, 0x49, 0xff, 0xff, 0x10,
0x49, 0xff, 0xff, 0x10, 0x49, 0xff, 0xff, 0x10, 0x49, 0xff, 0xff, 0x10, 0x49, 0xff, 0xff,
0x10, 0x49, 0xff, 0xff, 0x10, 0x49, 0xff, 0xff, 0x10, 0x49, 0xff, 0xff, 0x10, 0x49, 0xff,
0xff, 0x10, 0x49, 0xff, 0xff, 0x10, 0x49, 0xff, 0xff, 0x10, 0x49, 0xff, 0xff, 0x10, 0x49,
0xff, 0xff, 0x10, 0x49, 0xff, 0xff, 0x10, 0x49, 0xff, 0xff, 0x10, 0x49, 0xff, 0xff, 0x10,
0x49, 0xff, 0xff, 0x10, 0x49, 0xff, 0xff, 0x10, 0x49, 0xff, 0xff, 0x10, 0x49, 0xff, 0xff,
0x10, 0x49, 0xff, 0xff, 0x10, 0x4a, 0xff, 0xff, 0x10, 0x48, 0xfe, 0xf6, 0x0e, 0x45, 0xfa,
0xa8, 0x0e, 0x46, 0xfb, 0x40, 0x0e, 0x45, 0xfb, 0x00, 0x0b, 0x40, 0xed, 0x00, 0x0b, 0x3b,
0xd8, 0x00, 0x0c, 0x44, 0xf9, 0x00, 0x0b, 0x43, 0xf5, 0x00, 0x0a, 0x34, 0xdc, 0x00, 0x09,
0x38, 0xea, 0x00, 0x0b, 0x38, 0xee, 0x00, 0x0b, 0x32, 0xd8, 0x00, 0x07, 0x2f, 0xb6, 0x00,
0x08, 0x33, 0xec, 0x00, 0x08, 0x41, 0xeb, 0x00, 0x0c, 0x41, 0xf9, 0x00, 0x07, 0x25, 0xd2,
0x00, 0x00, 0x35, 0xe9, 0x00, 0x01, 0x34, 0xd8, 0x00, 0x01, 0x06, 0x83, 0x00, 0x01, 0x00,
0x7f, 0x00, 0x01, 0x01, 0x80, 0x00, 0x01, 0x01, 0x80, 0x00, 0x01, 0x01, 0x80, 0x00, 0x01,
0x01, 0x80, 0x00, 0x01, 0x01, 0x80, 0x00, 0x01, 0x01, 0x80, 0x00, 0x01, 0x01, 0x80, 0x00,
0x01, 0x01, 0x80, 0x00, 0x01, 0x01, 0x80, 0x00, 0x01, 0x01, 0x80, 0x00, 0x01, 0x01, 0x80,
0x00, 0x01, 0x01, 0x80, 0x00, 0x01, 0x01, 0x80, 0x00, 0xff, 0xff, 0xff, 0x00, 0xff, 0xff,
0xff, 0x00, 0xff, 0xff, 0xff, 0x00, 0xff, 0xff, 0xff, 0x00, 0xff, 0xff, 0xff, 0x00, 0xff,
0xff, 0xff, 0x00, 0xff, 0xff, 0xff, 0x00, 0xff, 0xff, 0xff, 0x00, 0xff, 0xff, 0xff, 0x00,
0xff, 0xff, 0xff, 0x00, 0xff, 0xff, 0xff, 0x00, 0xff, 0xff, 0xff, 0x00, 0xff, 0xff, 0xff,
0x00, 0xff, 0xff, 0xff, 0x00, 0xff, 0xff, 0xff, 0x00, 0x01, 0x01, 0x01, 0x00, 0x01, 0x01,
0x01, 0x00, 0x01, 0x01, 0x01, 0x00, 0x01, 0x01, 0x01, 0x00, 0x01, 0x01, 0x01, 0x00, 0x01,
0x01, 0x01, 0x00, 0x01, 0x01, 0x01, 0x00, 0x01, 0x01, 0x01, 0x00, 0x01, 0x01, 0x01, 0x00,
0x01, 0x01, 0x01, 0x00, 0x01, 0x01, 0x01, 0x00, 0x01, 0x00, 0x00, 0x00, 0x01, 0x1b, 0x6e,
0x00, 0x0b, 0x40, 0xff, 0x00, 0x0e, 0x40, 0xfc, 0x00, 0x0e, 0x42, 0xfc, 0x00, 0x0e, 0x42,
0xfd, 0x00, 0x0e, 0x42, 0xfd, 0x00, 0x0e, 0x44, 0xfe, 0x00, 0x08, 0x33, 0xe7, 0x00, 0x0a,
0x3d, 0xf1, 0x00, 0x09, 0x43, 0xeb, 0x00, 0x0c, 0x3e, 0xf0, 0x00, 0x0e, 0x46, 0xff, 0x00,
0x0a, 0x39, 0xc8, 0x00, 0x09, 0x3e, 0xce, 0x00, 0x09, 0x35, 0xe2, 0x00, 0x0c, 0x45, 0xf6,
0x00, 0x0d, 0x46, 0xfa, 0x00, 0x0d, 0x40, 0xf3, 0x00, 0x08, 0x36, 0xe6, 0x00, 0x09, 0x45,
0xf8, 0x00, 0x08, 0x3b, 0xe6, 0x00, 0x0d, 0x39, 0xcc, 0x47, 0x0f, 0x47, 0xfb, 0xa5, 0x10,
0x47, 0xfc, 0xf0, 0x11, 0x4b, 0xff, 0xff, 0x11, 0x4a, 0xff, 0xff, 0x10, 0x49, 0xff, 0xff,
0x10, 0x49, 0xff, 0xff, 0x10, 0x49, 0xff, 0xff, 0x10, 0x49, 0xff, 0xff, 0x10, 0x4a, 0xff,
0xff, 0x10, 0x4a, 0xff, 0xff, 0x10, 0x4a, 0xff, 0xff, 0x10, 0x4a, 0xff, 0xff, 0x10, 0x4a,
0xff, 0xff, 0x10, 0x4a, 0xff, 0xff, 0x10, 0x4a, 0xff, 0xff, 0x10, 0x4a, 0xff, 0xff, 0x10,
0x4a, 0xff, 0xff, 0x10, 0x4a, 0xff, 0xff, 0x10, 0x4a, 0xff, 0xff, 0x10, 0x4a, 0xff, 0xff,
0x10, 0x4a, 0xff, 0xff, 0x10, 0x4a, 0xff, 0xff, 0x10, 0x4a, 0xff, 0xff, 0x10, 0x4a, 0xff,
0xff, 0x10, 0x49, 0xff, 0xff, 0x10, 0x49, 0xff, 0xff, 0x10, 0x49, 0xff, 0xff, 0x10, 0x49,
0xff, 0xff, 0x10, 0x49, 0xff, 0xff, 0x10, 0x49, 0xff, 0xff, 0x10, 0x49, 0xff, 0xff, 0x10,
0x49, 0xff, 0xff, 0x10, 0x49, 0xff, 0xff, 0x10, 0x49, 0xff, 0xff, 0x10, 0x49, 0xff, 0xff,
0x10, 0x49, 0xff, 0xff, 0x10, 0x49, 0xff, 0xff, 0x10, 0x49, 0xff, 0xff, 0x10, 0x49, 0xff,
0xff, 0x10, 0x49, 0xff, 0xff, 0x10, 0x49, 0xff, 0xff, 0x10, 0x4a, 0xff, 0xff, 0x10, 0x49,
0xff, 0xff, 0x0f, 0x47, 0xf8, 0xd9, 0x0d, 0x43, 0xe6, 0x8e, 0x0e, 0x46, 0xfa, 0x2b, 0x0b,
0x3d, 0xef, 0x00, 0x0e, 0x46, 0xfa, 0x00, 0x0e, 0x45, 0xfb, 0x00, 0x0b, 0x40, 0xed, 0x00,
0x0b, 0x3b, 0xd8, 0x00, 0x0c, 0x44, 0xf9, 0x00, 0x0b, 0x43, 0xf5, 0x00, 0x0a, 0x34, 0xdc,
0x00, 0x09, 0x38, 0xea, 0x00, 0x0b, 0x38, 0xee, 0x00, 0x0b, 0x32, 0xd8, 0x00, 0x07, 0x2f,
0xb6, 0x00, 0x08, 0x33, 0xec, 0x00, 0x08, 0x41, 0xeb, 0x00, 0x0c, 0x41, 0xf9, 0x00, 0x07,
0x25, 0xd2, 0x00, 0x00, 0x35, 0xe9, 0x00, 0x01, 0x34, 0xd8, 0x00, 0x01, 0x06, 0x83, 0x00,
0x01, 0x00, 0x7f, 0x00, 0x01, 0x01, 0x80, 0x00, 0x01, 0x01, 0x80, 0x00, 0x01, 0x01, 0x80,
0x00, 0x01, 0x01, 0x80, 0x00, 0x01, 0x01, 0x80, 0x00, 0x01, 0x01, 0x80, 0x00, 0x01, 0x01,
0x80, 0x00, 0x01, 0x01, 0x80, 0x00, 0x01, 0x01, 0x80, 0x00, 0x01, 0x01, 0x80, 0x00, 0x01,
0x01, 0x80, 0x00, 0x01, 0x01, 0x80, 0x00, 0x01, 0x01, 0x80, 0x00, 0xff, 0xff, 0xff, 0x00,
0xff, 0xff, 0xff, 0x00, 0xff, 0xff, 0xff, 0x00, 0xff, 0xff, 0xff, 0x00, 0xff, 0xff, 0xff,
0x00, 0xff, 0xff, 0xff, 0x00, 0xff, 0xff, 0xff, 0x00, 0xff, 0xff, 0xff, 0x00, 0xff, 0xff,
0xff, 0x00, 0xff, 0xff, 0xff, 0x00, 0xff, 0xff, 0xff, 0x00, 0xff, 0xff, 0xff, 0x00, 0xff,
0xff, 0xff, 0x00, 0xff, 0xff, 0xff, 0x00, 0xff, 0xff, 0xff, 0x00, 0x01, 0x01, 0x01, 0x00,
0x01, 0x01, 0x01, 0x00, 0x01, 0x01, 0x01, 0x00, 0x01, 0x01, 0x01, 0x00, 0x01, 0x01, 0x01,
0x00, 0x01, 0x01, 0x01, 0x00, 0x01, 0x01, 0x01, 0x00, 0x01, 0x01, 0x01, 0x00, 0x01, 0x01,
0x01, 0x00, 0x01, 0x01, 0x01, 0x00, 0x01, 0x01, 0x01, 0x00, 0x01, 0x00, 0x00, 0x00, 0x01,
0x1b, 0x6e, 0x00, 0x0b, 0x40, 0xff, 0x00, 0x0e, 0x40, 0xfc, 0x00, 0x0e, 0x42, 0xfc, 0x00,
0x0e, 0x42, 0xfd, 0x00, 0x0e, 0x42, 0xfd, 0x00, 0x0e, 0x44, 0xfe, 0x00, 0x08, 0x33, 0xe7,
0x00, 0x0a, 0x3d, 0xf1, 0x00, 0x09, 0x43, 0xeb, 0x00, 0x0c, 0x3e, 0xf0, 0x00, 0x0e, 0x46,
0xff, 0x00, 0x0a, 0x39, 0xc8, 0x00, 0x09, 0x3e, 0xce, 0x00, 0x09, 0x35, 0xe2, 0x00, 0x0c,
0x45, 0xf6, 0x00, 0x0d, 0x46, 0xfa, 0x00, 0x0d, 0x40, 0xf3, 0x00, 0x08, 0x36, 0xe6, 0x00,
0x09, 0x45, 0xf9, 0x00, 0x08, 0x3a, 0xe3, 0x00, 0x0c, 0x35, 0xba, 0x00, 0x0e, 0x3d, 0xf0,
0x00, 0x0d, 0x3d, 0xf1, 0x22, 0x0e, 0x43, 0xe9, 0x81, 0x10, 0x46, 0xf3, 0xc2, 0x11, 0x4a,
0xff, 0xff, 0x11, 0x4a, 0xff, 0xff, 0x11, 0x4a, 0xff, 0xff, 0x11, 0x4a, 0xff, 0xff, 0x11,
0x4a, 0xff, 0xff, 0x11, 0x4a, 0xff, 0xff, 0x11, 0x4a, 0xff, 0xff, 0x11, 0x4a, 0xff, 0xff,
0x11, 0x4a, 0xff, 0xff, 0x11, 0x4a, 0xff, 0xff, 0x11, 0x4a, 0xff, 0xff, 0x11, 0x4a, 0xff,
0xff, 0x11, 0x4a, 0xff, 0xff, 0x11, 0x4a, 0xff, 0xff, 0x11, 0x4a, 0xff, 0xff, 0x11, 0x4a,
0xff, 0xff, 0x11, 0x4a, 0xff, 0xff, 0x11, 0x4a, 0xff, 0xff, 0x11, 0x4a, 0xff, 0xff, 0x11,
0x4a, 0xff, 0xff, 0x11, 0x4a, 0xff, 0xff, 0x11, 0x4a, 0xff, 0xff, 0x11, 0x4a, 0xff, 0xff,
0x11, 0x4a, 0xff, 0xff, 0x11, 0x4a, 0xff, 0xff, 0x11, 0x4a, 0xff, 0xff, 0x11, 0x4a, 0xff,
0xff, 0x11, 0x4a, 0xff, 0xff, 0x11, 0x4a, 0xff, 0xff, 0x11, 0x4a, 0xff, 0xff, 0x11, 0x4a,
0xff, 0xff, 0x11, 0x4a, 0xff, 0xff, 0x11, 0x4a, 0xff, 0xff, 0x11, 0x4a, 0xff, 0xff, 0x11,
0x4a, 0xff, 0xff, 0x11, 0x4b, 0xff, 0xff, 0x10, 0x4a, 0xfd, 0xe8, 0x0f, 0x46, 0xf0, 0xa6,
0x0e, 0x47, 0xf5, 0x60, 0x0b, 0x36, 0xbb, 0x0b, 0x0a, 0x38, 0xbe, 0x00, 0x0d, 0x46, 0xfc,
0x00, 0x0b, 0x3d, 0xf0, 0x00, 0x0e, 0x46, 0xfa, 0x00, 0x0e, 0x45, 0xfb, 0x00, 0x0b, 0x40,
0xed, 0x00, 0x0b, 0x3b, 0xd8, 0x00, 0x0c, 0x44, 0xf9, 0x00, 0x0b, 0x43, 0xf5, 0x00, 0x0a,
0x34, 0xdc, 0x00, 0x09, 0x38, 0xea, 0x00, 0x0b, 0x38, 0xee, 0x00, 0x0b, 0x32, 0xd8, 0x00,
0x07, 0x2f, 0xb6, 0x00, 0x08, 0x33, 0xec, 0x00, 0x08, 0x41, 0xeb, 0x00, 0x0c, 0x41, 0xf9,
0x00, 0x07, 0x25, 0xd2, 0x00, 0x00, 0x35, 0xe9, 0x00, 0x01, 0x34, 0xd8, 0x00, 0x01, 0x06,
0x83, 0x00, 0x01, 0x00, 0x7f, 0x00, 0x01, 0x01, 0x80, 0x00, 0x01, 0x01, 0x80, 0x00, 0x01,
0x01, 0x80, 0x00, 0x01, 0x01, 0x80, 0x00, 0x01, 0x01, 0x80, 0x00, 0x01, 0x01, 0x80, 0x00,
0x01, 0x01, 0x80, 0x00, 0x01, 0x01, 0x80, 0x00, 0x01, 0x01, 0x80, 0x00, 0x01, 0x01, 0x80,
0x00, 0x01, 0x01, 0x80, 0x00, 0x01, 0x01, 0x80, 0x00, 0x01, 0x01, 0x80, 0x00, 0xff, 0xff,
0xff, 0x00, 0xff, 0xff, 0xff, 0x00, 0xff, 0xff, 0xff, 0x00, 0xff, 0xff, 0xff, 0x00, 0xff,
0xff, 0xff, 0x00, 0xff, 0xff, 0xff, 0x00, 0xff, 0xff, 0xff, 0x00, 0xff, 0xff, 0xff, 0x00,
0xff, 0xff, 0xff, 0x00, 0xff, 0xff, 0xff, 0x00, 0xff, 0xff, 0xff, 0x00, 0xff, 0xff, 0xff,
0x00, 0xff, 0xff, 0xff, 0x00, 0xff, 0xff, 0xff, 0x00, 0xff, 0xff, 0xff, 0x00, 0x01, 0x01,
0x01, 0x00, 0x01, 0x01, 0x01, 0x00, 0x01, 0x01, 0x01, 0x00, 0x01, 0x01, 0x01, 0x00, 0x01,
0x01, 0x01, 0x00, 0x01, 0x01, 0x01, 0x00, 0x01, 0x01, 0x01, 0x00, 0x01, 0x01, 0x01, 0x00,
0x01, 0x01, 0x01, 0x00, 0x01, 0x01, 0x01, 0x00, 0x01, 0x01, 0x01, 0x00, 0x01, 0x00, 0x00,
0x00, 0x01, 0x1b, 0x6e, 0x00, 0x0b, 0x40, 0xff, 0x00, 0x0e, 0x40, 0xfc, 0x00, 0x0e, 0x42,
0xfc, 0x00, 0x0e, 0x42, 0xfd, 0x00, 0x0e, 0x42, 0xfd, 0x00, 0x0e, 0x44, 0xfe, 0x00, 0x08,
0x33, 0xe7, 0x00, 0x0a, 0x3d, 0xf1, 0x00, 0x09, 0x43, 0xeb, 0x00, 0x0c, 0x3e, 0xf0, 0x00,
0x0e, 0x46, 0xff, 0x00, 0x0a, 0x39, 0xc8, 0x00, 0x09, 0x3e, 0xce, 0x00, 0x09, 0x35, 0xe2,
0x00, 0x0c, 0x45, 0xf6, 0x00, 0x0d, 0x46, 0xfa, 0x00, 0x0d, 0x40, 0xf3, 0x00, 0x08, 0x36,
0xe6, 0x00, 0x09, 0x45, 0xf9, 0x00, 0x08, 0x3a, 0xe4, 0x00, 0x0c, 0x36, 0xbd, 0x00, 0x0e,
0x3e, 0xf1, 0x00, 0x0d, 0x3d, 0xf3, 0x00, 0x0b, 0x38, 0xc6, 0x00, 0x0b, 0x3d, 0xdb, 0x00,
0x0b, 0x49, 0xfc, 0x37, 0x0f, 0x49, 0xfb, 0x96, 0x11, 0x4a, 0xfd, 0xd1, 0x11, 0x4a, 0xff,
0xf4, 0x11, 0x4b, 0xff, 0xff, 0x11, 0x4b, 0xff, 0xff, 0x11, 0x4b, 0xff, 0xff, 0x11, 0x4b,
0xff, 0xff, 0x11, 0x4b, 0xff, 0xff, 0x11, 0x4b, 0xff, 0xff, 0x11, 0x4b, 0xff, 0xff, 0x11,
0x4b, 0xff, 0xff, 0x11, 0x4a, 0xff, 0xff, 0x11, 0x4a, 0xff, 0xff, 0x11, 0x4a, 0xff, 0xff,
0x11, 0x4a, 0xff, 0xff, 0x11, 0x4a, 0xff, 0xff, 0x11, 0x4a, 0xff, 0xff, 0x11, 0x4a, 0xff,
0xff, 0x11, 0x4a, 0xff, 0xff, 0x11, 0x4b, 0xff, 0xff, 0x11, 0x4b, 0xff, 0xff, 0x11, 0x4b,
0xff, 0xff, 0x11, 0x4b, 0xff, 0xff, 0x11, 0x4a, 0xff, 0xff, 0x11, 0x4a, 0xff, 0xff, 0x11,
0x4a, 0xff, 0xff, 0x11, 0x4a, 0xff, 0xff, 0x11, 0x4a, 0xff, 0xff, 0x11, 0x4a, 0xff, 0xff,
0x11, 0x4a, 0xff, 0xff, 0x11, 0x4a, 0xff, 0xff, 0x11, 0x4a, 0xff, 0xff, 0x11, 0x49, 0xfe,
0xe1, 0x10, 0x49, 0xfb, 0xb8, 0x0d, 0x3e, 0xda, 0x68, 0x0b, 0x45, 0xf3, 0x17, 0x0c, 0x3f,
0xd2, 0x00, 0x0e, 0x46, 0xf2, 0x00, 0x0b, 0x35, 0xb6, 0x00, 0x0b, 0x39, 0xc2, 0x00, 0x0d,
0x46, 0xfc, 0x00, 0x0b, 0x3d, 0xf0, 0x00, 0x0e, 0x46, 0xfa, 0x00, 0x0e, 0x45, 0xfb, 0x00,
0x0b, 0x40, 0xed, 0x00, 0x0b, 0x3b, 0xd8, 0x00, 0x0c, 0x44, 0xf9, 0x00, 0x0b, 0x43, 0xf5,
0x00, 0x0a, 0x34, 0xdc, 0x00, 0x09, 0x38, 0xea, 0x00, 0x0b, 0x38, 0xee, 0x00, 0x0b, 0x32,
0xd8, 0x00, 0x07, 0x2f, 0xb6, 0x00, 0x08, 0x33, 0xec, 0x00, 0x08, 0x41, 0xeb, 0x00, 0x0c,
0x41, 0xf9, 0x00, 0x07, 0x25, 0xd2, 0x00, 0x00, 0x35, 0xe9, 0x00, 0x01, 0x34, 0xd8, 0x00,
0x01, 0x06, 0x83, 0x00, 0x01, 0x00, 0x7f, 0x00, 0x01, 0x01, 0x80, 0x00, 0x01, 0x01, 0x80,
0x00, 0x01, 0x01, 0x80, 0x00, 0x01, 0x01, 0x80, 0x00, 0x01, 0x01, 0x80, 0x00, 0x01, 0x01,
0x80, 0x00, 0x01, 0x01, 0x80, 0x00, 0x01, 0x01, 0x80, 0x00, 0x01, 0x01, 0x80, 0x00, 0x01,
0x01, 0x80, 0x00, 0x01, 0x01, 0x80, 0x00, 0x01, 0x01, 0x80, 0x00, 0x01, 0x01, 0x80, 0x00,
0xff, 0xff, 0xff, 0x00, 0xff, 0xff, 0xff, 0x00, 0xff, 0xff, 0xff, 0x00, 0xff, 0xff, 0xff,
0x00, 0xff, 0xff, 0xff, 0x00, 0xff, 0xff, 0xff, 0x00, 0xff, 0xff, 0xff, 0x00, 0xff, 0xff,
0xff, 0x00, 0xff, 0xff, 0xff, 0x00, 0xff, 0xff, 0xff, 0x00, 0xff, 0xff, 0xff, 0x00, 0xff,
0xff, 0xff, 0x00, 0xff, 0xff, 0xff, 0x00, 0xff, 0xff, 0xff, 0x00, 0xff, 0xff, 0xff, 0x00,
0x01, 0x01, 0x01, 0x00, 0x01, 0x01, 0x01, 0x00, 0x01, 0x01, 0x01, 0x00, 0x01, 0x01, 0x01,
0x00, 0x01, 0x01, 0x01, 0x00, 0x01, 0x01, 0x01, 0x00, 0x01, 0x01, 0x01, 0x00, 0x01, 0x01,
0x01, 0x00, 0x01, 0x01, 0x01, 0x00, 0x01, 0x01, 0x01, 0x00, 0x01, 0x01, 0x01, 0x00, 0x01,
0x00, 0x00, 0x00, 0x01, 0x1b, 0x6e, 0x00, 0x0b, 0x40, 0xff, 0x00, 0x0e, 0x40, 0xfc, 0x00,
0x0e, 0x42, 0xfc, 0x00, 0x0e, 0x42, 0xfd, 0x00, 0x0e, 0x42, 0xfd, 0x00, 0x0e, 0x44, 0xfe,
0x00, 0x08, 0x33, 0xe7, 0x00, 0x0a, 0x3d, 0xf1, 0x00, 0x09, 0x43, 0xeb, 0x00, 0x0c, 0x3e,
0xf0, 0x00, 0x0e, 0x46, 0xff, 0x00, 0x0a, 0x39, 0xc8, 0x00, 0x09, 0x3e, 0xce, 0x00, 0x09,
0x35, 0xe2, 0x00, 0x0c, 0x45, 0xf6, 0x00, 0x0d, 0x46, 0xfa, 0x00, 0x0d, 0x40, 0xf3, 0x00,
0x08, 0x36, 0xe6, 0x00, 0x09, 0x45, 0xf9, 0x00, 0x08, 0x3a, 0xe4, 0x00, 0x0c, 0x36, 0xbd,
0x00, 0x0e, 0x3e, 0xf1, 0x00, 0x0d, 0x3d, 0xf3, 0x00, 0x0b, 0x39, 0xc9, 0x00, 0x0b, 0x3d,
0xdc, 0x00, 0x0a, 0x49, 0xfc, 0x00, 0x0c, 0x45, 0xf1, 0x00, 0x0f, 0x47, 0xf7, 0x02, 0x0d,
0x47, 0xf8, 0x21, 0x11, 0x4a, 0xfc, 0x5f, 0x10, 0x4a, 0xfe, 0xa9, 0x11, 0x4b, 0xfe, 0xd0,
0x11, 0x4b, 0xff, 0xe8, 0x11, 0x4b, 0xff, 0xff, 0x11, 0x4b, 0xff, 0xff, 0x11, 0x4b, 0xff,
0xff, 0x11, 0x4c, 0xff, 0xff, 0x11, 0x4b, 0xff, 0xff, 0x11, 0x4b, 0xff, 0xff, 0x11, 0x4b,
0xff, 0xff, 0x11, 0x4b, 0xff, 0xff, 0x11, 0x4b, 0xff, 0xff, 0x11, 0x4b, 0xff, 0xff, 0x11,
0x4b, 0xff, 0xff, 0x11, 0x4b, 0xff, 0xff, 0x11, 0x4b, 0xff, 0xff, 0x11, 0x4b, 0xff, 0xff,
0x11, 0x4b, 0xff, 0xff, 0x11, 0x4b, 0xff, 0xff, 0x11, 0x4b, 0xff, 0xff, 0x11, 0x4b, 0xff,
0xff, 0x11, 0x4b, 0xff, 0xff, 0x11, 0x4b, 0xff, 0xff, 0x11, 0x4b, 0xff, 0xf1, 0x11, 0x4b,
0xfe, 0xda, 0x10, 0x4b, 0xfd, 0xbf, 0x10, 0x4b, 0xfd, 0x80, 0x10, 0x4b, 0xfd, 0x37, 0x0d,
0x45, 0xf5, 0x0c, 0x0e, 0x44, 0xf3, 0x00, 0x0b, 0x33, 0xb5, 0x00, 0x0b, 0x45, 0xf3, 0x00,
0x0c, 0x3f, 0xd4, 0x00, 0x0e, 0x46, 0xf2, 0x00, 0x0b, 0x35, 0xb7, 0x00, 0x0b, 0x39, 0xc2,
0x00, 0x0d, 0x46, 0xfc, 0x00, 0x0b, 0x3d, 0xf0, 0x00, 0x0e, 0x46, 0xfa, 0x00, 0x0e, 0x45,
0xfb, 0x00, 0x0b, 0x40, 0xed, 0x00, 0x0b, 0x3b, 0xd8, 0x00, 0x0c, 0x44, 0xf9, 0x00, 0x0b,
0x43, 0xf5, 0x00, 0x0a, 0x34, 0xdc, 0x00, 0x09, 0x38, 0xea, 0x00, 0x0b, 0x38, 0xee, 0x00,
0x0b, 0x32, 0xd8, 0x00, 0x07, 0x2f, 0xb6, 0x00, 0x08, 0x33, 0xec, 0x00, 0x08, 0x41, 0xeb,
0x00, 0x0c, 0x41, 0xf9, 0x00, 0x07, 0x25, 0xd2, 0x00, 0x00, 0x35, 0xe9, 0x00, 0x01, 0x34,
0xd8, 0x00, 0x01, 0x06, 0x83, 0x00, 0x01, 0x00, 0x7f, 0x00, 0x01, 0x01, 0x80, 0x00, 0x01,
0x01, 0x80, 0x00, 0x01, 0x01, 0x80, 0x00, 0x01, 0x01, 0x80, 0x00, 0x01, 0x01, 0x80, 0x00,
0x01, 0x01, 0x80, 0x00, 0x01, 0x01, 0x80, 0x00, 0x01, 0x01, 0x80, 0x00, 0x01, 0x01, 0x80,
0x00, 0x01, 0x01, 0x80, 0x00, 0x01, 0x01, 0x80, 0x00, 0x01, 0x01, 0x80, 0x00, 0x01, 0x01,
0x80, 0x00, 0xff, 0xff, 0xff, 0x00, 0xff, 0xff, 0xff, 0x00, 0xff, 0xff, 0xff, 0x00, 0xff,
0xff, 0xff, 0x00, 0xff, 0xff, 0xff, 0x00, 0xff, 0xff, 0xff, 0x00, 0xff, 0xff, 0xff, 0x00,
0xff, 0xff, 0xff, 0x00, 0xff, 0xff, 0xff, 0x00, 0xff, 0xff, 0xff, 0x00, 0xff, 0xff, 0xff,
0x00, 0xff, 0xff, 0xff, 0x00, 0xff, 0xff, 0xff, 0x00, 0xff, 0xff, 0xff, 0x00, 0xff, 0xff,
0xff, 0x00, 0x01, 0x01, 0x01, 0x00, 0x01, 0x01, 0x01, 0x00, 0x01, 0x01, 0x01, 0x00, 0x01,
0x01, 0x01, 0x00, 0x01, 0x01, 0x01, 0x00, 0x01, 0x01, 0x01, 0x00, 0x01, 0x01, 0x01, 0x00,
0x01, 0x01, 0x01, 0x00, 0x01, 0x01, 0x01, 0x00, 0x01, 0x01, 0x01, 0x00, 0x01, 0x01, 0x01,
0x00, 0x01, 0x00, 0x00, 0x00, 0x01, 0x1b, 0x6e, 0x00, 0x0b, 0x40, 0xff, 0x00, 0x0e, 0x40,
0xfc, 0x00, 0x0e, 0x42, 0xfc, 0x00, 0x0e, 0x42, 0xfd, 0x00, 0x0e, 0x42, 0xfd, 0x00, 0x0e,
0x44, 0xfe, 0x00, 0x08, 0x33, 0xe7, 0x00, 0x0a, 0x3d, 0xf1, 0x00, 0x09, 0x43, 0xeb, 0x00,
0x0c, 0x3e, 0xf0, 0x00, 0x0e, 0x46, 0xff, 0x00, 0x0a, 0x39, 0xc8, 0x00, 0x09, 0x3e, 0xce,
0x00, 0x09, 0x35, 0xe2, 0x00, 0x0c, 0x45, 0xf6, 0x00, 0x0d, 0x46, 0xfa, 0x00, 0x0d, 0x40,
0xf3, 0x00, 0x08, 0x36, 0xe6, 0x00, 0x09, 0x45, 0xf9, 0x00, 0x08, 0x3a, 0xe4, 0x00, 0x0c,
0x36, 0xbd, 0x00, 0x0e, 0x3e, 0xf1, 0x00, 0x0d, 0x3d, 0xf3, 0x00, 0x0b, 0x39, 0xc9, 0x00,
0x0b, 0x3d, 0xdc, 0x00, 0x0a, 0x49, 0xfc, 0x00, 0x0c, 0x45, 0xf2, 0x00, 0x0f, 0x47, 0xf7,
0x00, 0x0d, 0x47, 0xf7, 0x00, 0x10, 0x4a, 0xfb, 0x00, 0x0f, 0x49, 0xfb, 0x00, 0x10, 0x4a,
0xfc, 0x02, 0x10, 0x4a, 0xfd, 0x10, 0x0e, 0x4b, 0xf8, 0x33, 0x10, 0x4b, 0xfb, 0x63, 0x11,
0x4c, 0xff, 0x8e, 0x10, 0x47, 0xee, 0xb5, 0x11, 0x4b, 0xfd, 0xc7, 0x10, 0x4c, 0xfe, 0xd2,
0x10, 0x4b, 0xfe, 0xda, 0x11, 0x4c, 0xff, 0xe1, 0x11, 0x4c, 0xff, 0xe4, 0x11, 0x4c, 0xff,
0xe4, 0x11, 0x4c, 0xff, 0xe4, 0x11, 0x4c, 0xff, 0xe5, 0x11, 0x4c, 0xff, 0xe2, 0x11, 0x4b,
0xfe, 0xdc, 0x11, 0x4b, 0xfe, 0xd4, 0x11, 0x4c, 0xff, 0xca, 0x10, 0x4b, 0xfd, 0xbc, 0x10,
0x4a, 0xfb, 0x9a, 0x0f, 0x49, 0xf9, 0x6f, 0x10, 0x4b, 0xfd, 0x42, 0x0c, 0x4a, 0xf9, 0x1a,
0x10, 0x4a, 0xfb, 0x07, 0x0d, 0x49, 0xf8, 0x00, 0x0f, 0x4a, 0xfb, 0x00, 0x10, 0x4b, 0xfd,
0x00, 0x0d, 0x45, 0xf5, 0x00, 0x0e, 0x44, 0xf3, 0x00, 0x0b, 0x34, 0xb9, 0x00, 0x0b, 0x45,
0xf3, 0x00, 0x0c, 0x3f, 0xd4, 0x00, 0x0e, 0x46, 0xf2, 0x00, 0x0b, 0x35, 0xb7, 0x00, 0x0b,
0x39, 0xc2, 0x00, 0x0d, 0x46, 0xfc, 0x00, 0x0b, 0x3d, 0xf0, 0x00, 0x0e, 0x46, 0xfa, 0x00,
0x0e, 0x45, 0xfb, 0x00, 0x0b, 0x40, 0xed, 0x00, 0x0b, 0x3b, 0xd8, 0x00, 0x0c, 0x44, 0xf9,
0x00, 0x0b, 0x43, 0xf5, 0x00, 0x0a, 0x34, 0xdc, 0x00, 0x09, 0x38, 0xea, 0x00, 0x0b, 0x38,
0xee, 0x00, 0x0b, 0x32, 0xd8, 0x00, 0x07, 0x2f, 0xb6, 0x00, 0x08, 0x33, 0xec, 0x00, 0x08,
0x41, 0xeb, 0x00, 0x0c, 0x41, 0xf9, 0x00, 0x07, 0x25, 0xd2, 0x00, 0x00, 0x35, 0xe9, 0x00,
0x01, 0x34, 0xd8, 0x00, 0x01, 0x06, 0x83, 0x00, 0x01, 0x00, 0x7f, 0x00, 0x01, 0x01, 0x80,
0x00, 0x01, 0x01, 0x80, 0x00, 0x01, 0x01, 0x80, 0x00, 0x01, 0x01, 0x80, 0x00, 0x01, 0x01,
0x80, 0x00, 0x01, 0x01, 0x80, 0x00, 0x01, 0x01, 0x80, 0x00, 0x01, 0x01, 0x80, 0x00, 0x01,
0x01, 0x80, 0x00, 0x01, 0x01, 0x80, 0x00, 0x01, 0x01, 0x80, 0x00, 0x01, 0x01, 0x80, 0x00,
0x01, 0x01, 0x80, 0x00, 0xff, 0xff, 0xff, 0x00, 0xff, 0xff, 0xff, 0x00, 0xff, 0xff, 0xff,
0x00, 0xff, 0xff, 0xff, 0x00, 0xff, 0xff, 0xff, 0x00, 0xff, 0xff, 0xff, 0x00, 0xff, 0xff,
0xff, 0x00, 0xff, 0xff, 0xff, 0x00, 0xff, 0xff, 0xff, 0x00, 0xff, 0xff, 0xff, 0x00, 0xff,
0xff, 0xff, 0x00, 0xff, 0xff, 0xff, 0x00, 0xff, 0xff, 0xff, 0x00, 0xff, 0xff, 0xff, 0x00,
0xff, 0xff, 0xff, 0x00, 0xff, 0xff, 0xff, 0x00, 0xff, 0xff, 0xff, 0x00, 0xff, 0xff, 0xff,
0x00, 0xff, 0xff, 0xff, 0x00, 0xff, 0xff, 0xff, 0x00, 0xff, 0xff, 0xff, 0x00, 0xff, 0xff,
0xff, 0x00, 0xff, 0xff, 0xff, 0x00, 0xff, 0xff, 0xff, 0x00, 0xff, 0xff, 0xff, 0x00, 0xff,
0xff, 0xff, 0x00, 0xff, 0xff, 0xff, 0x00, 0xff, 0xff, 0xff, 0x00, 0xff, 0xff, 0xff, 0x00,
0xff, 0xff, 0xff, 0x00, 0xff, 0xff, 0xff, 0x00, 0xff, 0xff, 0xff, 0x00, 0xff, 0xff, 0xff,
0x00, 0xff, 0xff, 0xff, 0x00, 0xff, 0xff, 0xff, 0x00, 0xff, 0xff, 0xff, 0x00, 0xff, 0xff,
0xff, 0x00, 0xff, 0xff, 0xff, 0x00, 0xff, 0xff, 0xff, 0x00, 0xff, 0xff, 0xff, 0x00, 0xff,
0xff, 0xff, 0x00, 0xff, 0xff, 0xff, 0x00, 0xff, 0xff, 0xff, 0x00, 0xff, 0xff, 0xff, 0x00,
0xff, 0xff, 0xff, 0x00, 0xff, 0xff, 0xff, 0x00, 0xff, 0xff, 0xff, 0x00, 0xff, 0xff, 0xff,
0x00, 0xff, 0xff, 0xff, 0x00, 0xff, 0xff, 0xff, 0x00, 0xff, 0xff, 0xff, 0x00, 0xff, 0xff,
0xff, 0x00, 0xff, 0xff, 0xff, 0x00, 0xff, 0xff, 0xff, 0x00, 0xff, 0xff, 0xff, 0x00, 0xff,
0xff, 0xff, 0x00, 0xff, 0xff, 0xff, 0x00, 0xff, 0xff, 0xff, 0x00, 0xff, 0xff, 0xff, 0x00,
0xff, 0xff, 0xff, 0x00, 0xff, 0xff, 0xff, 0x00, 0xff, 0xff, 0xff, 0x00, 0xff, 0xff, 0xff,
0x00, 0xff, 0xff, 0xff, 0x00, 0xff, 0xff, 0xff, 0x00, 0xff, 0xff, 0xff, 0x00, 0xff, 0xff,
0xff, 0x00, 0xff, 0xff, 0xff, 0x00, 0xff, 0xff, 0xff, 0x00, 0xff, 0xff, 0xff, 0x00, 0xff,
0xff, 0xff, 0x00, 0xff, 0xff, 0xff, 0x00, 0xff, 0xff, 0xff, 0x00, 0xff, 0xff, 0xff, 0x00,
0xff, 0xff, 0xff, 0x00, 0xff, 0xff, 0xff, 0x00, 0xff, 0xff, 0xff, 0x00, 0xff, 0xff, 0xff,
0x00, 0xff, 0xff, 0xff, 0x00, 0xff, 0xff, 0xff, 0x00, 0xff, 0xff, 0xff, 0x00, 0xff, 0xff,
0xff, 0x00, 0xff, 0xff, 0xff, 0x00, 0xff, 0xff, 0xff, 0x00, 0xff, 0xff, 0xff, 0x00, 0xff,
0xff, 0xff, 0x00, 0xff, 0xff, 0xff, 0x00, 0xff, 0xff, 0xff, 0x00, 0xff, 0xff, 0xff, 0x00,
0xff, 0xff, 0xff, 0x00, 0xff, 0xff, 0xff, 0x00, 0xff, 0xff, 0xff, 0x00, 0xff, 0xff, 0xff,
0x00, 0xff, 0xff, 0xff, 0x00, 0xff, 0xff, 0xff, 0x00, 0xff, 0xff, 0xff, 0x00, 0xff, 0xff,
0xff, 0x00, 0xff, 0xff, 0xff, 0x00, 0xff, 0xff, 0xff, 0x00, 0xff, 0xff, 0xff, 0x00, 0xff,
0xff, 0xff, 0x00, 0xff, 0xff, 0xff, 0x00, 0xff, 0xff, 0xff, 0x00, 0xff, 0xff, 0xff, 0x00,
0xff, 0xff, 0xff, 0x00, 0xff, 0xff, 0xff, 0x00, 0xff, 0xff, 0xff, 0x00, 0xff, 0xff, 0xff,
0x00, 0xff, 0xff, 0xff, 0x00, 0xff, 0xff, 0xff, 0x00, 0xff, 0xff, 0xff, 0x00, 0xff, 0xff,
0xff, 0x00, 0xff, 0xff, 0xff, 0x00, 0xff, 0xff, 0xff, 0x00, 0xff, 0xff, 0xff, 0x00, 0xff,
0xff, 0xff, 0x00, 0xff, 0xff, 0xff, 0x00, 0xff, 0xff, 0xff, 0x00, 0xff, 0xff, 0xff, 0x00,
0xff, 0xff, 0xff, 0x00, 0xff, 0xff, 0xff, 0x00, 0xff, 0xff, 0xff, 0x00, 0xff, 0xff, 0xff,
0x00, 0xff, 0xff, 0xff, 0x00, 0xff, 0xff, 0xff, 0x00, 0xff, 0xff, 0xff, 0x00, 0xff, 0xff,
0xff, 0x00, 0xff, 0xff, 0xff, 0x00, 0xff, 0xff, 0xff, 0x00, 0xff, 0xff, 0xff, 0x00, 0xff,
0xff, 0xff, 0x00, 0xff, 0xff, 0xff, 0x00, 0xff, 0xff, 0xff, 0x00, 0xff, 0xff, 0xff, 0x00,
0xff, 0xff, 0xff, 0x00, 0xff, 0xff, 0xff, 0x00, 0xff, 0xff, 0xff, 0x00, 0xff, 0xff, 0xff,
0x00, 0xff, 0xff, 0xff, 0x00, 0xff, 0xff, 0xff, 0x00, 0xff, 0xff, 0xff, 0x00, 0xff, 0xff,
0xff, 0x00, 0xff, 0xff, 0xff, 0x00, 0xff, 0xff, 0xff, 0x00, 0xff, 0xff, 0xff, 0x00, 0xff,
0xff, 0xff, 0x00, 0xff, 0xff, 0xff, 0x00, 0xff, 0xff, 0xff, 0x00, 0xff, 0xff, 0xff, 0x00,
0xff, 0xff, 0xff, 0x00, 0xff, 0xff, 0xff, 0x00, 0xff, 0xff, 0xff, 0x00, 0xff, 0xff, 0xff,
0x00, 0xff, 0xff, 0xff, 0x00, 0xff, 0xff, 0xff, 0x00, 0xff, 0xff, 0xff, 0x00, 0xff, 0xff,
0xff, 0x00, 0xff, 0xff, 0xff, 0x00, 0xff, 0xff, 0xff, 0x00, 0xff, 0xff, 0xff, 0x00, 0xff,
0xff, 0xff, 0x00, 0xff, 0xff, 0xff, 0x00, 0xff, 0xff, 0xff, 0x00, 0xff, 0xff, 0xff, 0x00,
0xff, 0xff, 0xff, 0x00, 0xff, 0xff, 0xff, 0x00, 0xff, 0xff, 0xff, 0x00, 0xff, 0xff, 0xff,
0x00, 0xff, 0xff, 0xff, 0x00, 0xff, 0xff, 0xff, 0x00, 0xff, 0xff, 0xff, 0x00, 0xff, 0xff,
0xff, 0x00, 0xff, 0xff, 0xff, 0x00, 0xff, 0xff, 0xff, 0x00, 0xff, 0xff, 0xff, 0x00, 0xff,
0xff, 0xff, 0x00, 0xff, 0xff, 0xff, 0x00, 0xff, 0xff, 0xff, 0x00, 0xff, 0xff, 0xff, 0x00,
0xff, 0xff, 0xff, 0x00, 0xff, 0xff, 0xff, 0x00, 0xff, 0xff, 0xff, 0x00, 0xff, 0xff, 0xff,
0x00, 0xff, 0xff, 0xff, 0x00, 0xff, 0xff, 0xff, 0x00, 0xff, 0xff, 0xff, 0x00, 0xff, 0xff,
0xff, 0x00, 0xff, 0xff, 0xff, 0x00, 0xff, 0xff, 0xff, 0x00, 0xff, 0xff, 0xff, 0x00, 0xff,
0xff, 0xff, 0x00, 0xff, 0xff, 0xff, 0x00, 0xff, 0xff, 0xff, 0x00, 0xff, 0xff, 0xff, 0x00,
0xff, 0xff, 0xff, 0x00, 0xff, 0xff, 0xff, 0x00, 0xff, 0xff, 0xff, 0x00, 0xff, 0xff, 0xff,
0x00, 0xff, 0xff, 0xff, 0x00, 0xff, 0xff, 0xff, 0x00, 0xff, 0xff, 0xff, 0x00, 0xff, 0xff,
0xff, 0x00, 0xff, 0xff, 0xff, 0x00, 0xff, 0xff, 0xff, 0x00, 0xff, 0xff, 0xff, 0x00, 0xff,
0xff, 0xff, 0x00, 0xff, 0xff, 0xff, 0x00, 0xff, 0xff, 0xff, 0x00, 0xff, 0xff, 0xff, 0x00,
0xff, 0xff, 0xff, 0x00, 0xff, 0xff, 0xff, 0x00, 0xff, 0xff, 0xff, 0x00, 0xff, 0xff, 0xff,
0x00, 0xff, 0xff, 0xff, 0x00, 0xff, 0xff, 0xff, 0x00, 0xff, 0xff, 0xff, 0x00, 0xff, 0xff,
0xff, 0x00, 0xff, 0xff, 0xff, 0x00, 0xff, 0xff, 0xff, 0x00, 0xff, 0xff, 0xff, 0x00, 0xff,
0xff, 0xff, 0x00, 0xff, 0xff, 0xff, 0x00, 0xff, 0xff, 0xff, 0x00, 0xff, 0xff, 0xff, 0x00,
0xff, 0xff, 0xff, 0x00, 0xff, 0xff, 0xff, 0x00, 0xff, 0xff, 0xff, 0x00, 0xff, 0xff, 0xff,
0x00, 0xff, 0xff, 0xff, 0x00, 0xff, 0xff, 0xff, 0x00, 0xff, 0xff, 0xff, 0x00, 0xff, 0xff,
0xff, 0x00, 0xff, 0xff, 0xff, 0x00, 0xff, 0xff, 0xff, 0x00, 0xff, 0xff, 0xff, 0x00, 0xff,
0xff, 0xff, 0x00, 0xff, 0xff, 0xff, 0x00, 0xff, 0xff, 0xff, 0x00, 0xff, 0xff, 0xff, 0x00,
0xff, 0xff, 0xff, 0x00, 0xff, 0xff, 0xff, 0x00, 0xff, 0xff, 0xff, 0x00, 0xff, 0xff, 0xff,
0x00, 0xff, 0xff, 0xff, 0x00, 0xff, 0xff, 0xff, 0x00, 0xff, 0xff, 0xff, 0x00, 0xff, 0xff,
0xff, 0x00, 0xff, 0xff, 0xff, 0x00, 0xff, 0xff, 0xff, 0x00, 0xff, 0xff, 0xff, 0x00, 0xff,
0xff, 0xff, 0x00, 0xff, 0xff, 0xff, 0x00, 0xff, 0xff, 0xff, 0x00, 0xff, 0xff, 0xff, 0x00,
0xff, 0xff, 0xff, 0x00, 0xff, 0xff, 0xff, 0x00, 0xff, 0xff, 0xff, 0x00, 0xff, 0xff, 0xff,
0x00, 0xff, 0xff, 0xff, 0x00, 0xff, 0xff, 0xff, 0x00, 0xff, 0xff, 0xff, 0x00, 0xff, 0xff,
0xff, 0x00, 0xff, 0xff, 0xff, 0x00, 0xff, 0xff, 0xff, 0x00, 0xff, 0xff, 0xff, 0x00, 0xff,
0xff, 0xff, 0x00, 0xff, 0xff, 0xff, 0x00, 0xff, 0xff, 0xff, 0x00, 0xff, 0xff, 0xff, 0x00,
0xff, 0xff, 0xff, 0x00, 0xff, 0xff, 0xff, 0x00, 0xff, 0xff, 0xff, 0x00, 0xff, 0xff, 0xff,
0x00, 0xff, 0xff, 0xff, 0x00, 0xff, 0xff, 0xff, 0x00, 0xff, 0xff, 0xff, 0x00, 0xff, 0xff,
0xff, 0x00, 0xff, 0xff, 0xff, 0x00, 0xff, 0xff, 0xff, 0x00, 0xff, 0xff, 0xff, 0x00, 0xff,
0xff, 0xff, 0x00, 0xff, 0xff, 0xff, 0x00, 0xff, 0xff, 0xff, 0x00, 0xff, 0xff, 0xff, 0x00,
0xff, 0xff, 0xff, 0x00, 0xff, 0xff, 0xff, 0x00, 0xff, 0xff, 0xff, 0x00, 0xff, 0xff, 0xff,
0x00, 0xff, 0xff, 0xff, 0x00, 0xff, 0xff, 0xff, 0x00, 0xff, 0xff, 0xff, 0x00, 0xff, 0xff,
0xff, 0x00, 0xff, 0xff, 0xff, 0x00, 0xff, 0xff, 0xff, 0x00, 0xff, 0xff, 0xff, 0x00, 0xff,
0xff, 0xff, 0x00, 0xff, 0xff, 0xff, 0x00, 0xff, 0xff, 0xff, 0x00, 0xff, 0xff, 0xff, 0x00,
0xff, 0xff, 0xff, 0x00, 0xff, 0xff, 0xff, 0x00, 0xff, 0xff, 0xff, 0x00, 0xff, 0xff, 0xff,
0x00, 0xff, 0xff, 0xff, 0x00, 0xff, 0xff, 0xff, 0x00, 0xff, 0xff, 0xff, 0x00, 0xff, 0xff,
0xff, 0x00, 0xff, 0xff, 0xff, 0x00, 0xff, 0xff, 0xff, 0x00, 0xff, 0xff, 0xff, 0x00, 0xff,
0xff, 0xff, 0x00, 0xff, 0xff, 0xff, 0x00, 0xff, 0xff, 0xff, 0x00, 0xff, 0xff, 0xff, 0x00,
0xff, 0xff, 0xff, 0x00, 0xff, 0xff, 0xff, 0x00, 0xff, 0xff, 0xff, 0x00, 0xff, 0xff, 0xff,
0x00, 0xff, 0xff, 0xff, 0x00, 0xff, 0xff, 0xff, 0x00, 0xff, 0xff, 0xff, 0x00, 0xff, 0xff,
0xff, 0x00, 0xff, 0xff, 0xff, 0x00, 0xff, 0xff, 0xff, 0x00, 0xff, 0xff, 0xff, 0x00, 0xff,
0xff, 0xff, 0x00, 0xff, 0xff, 0xff, 0x00, 0xff, 0xff, 0xff, 0x00, 0xff, 0xff, 0xff, 0x00,
0xff, 0xff, 0xff, 0x00, 0xff, 0xff, 0xff, 0x00, 0xff, 0xff, 0xff, 0x00, 0xff, 0xff, 0xff,
0x00, 0xff, 0xff, 0xff, 0x00, 0xff, 0xff, 0xff, 0x00, 0xff, 0xff, 0xff, 0x00, 0xff, 0xff,
0xff, 0x00, 0xff, 0xff, 0xff, 0x00, 0xff, 0xff, 0xff, 0x00, 0xff, 0xff, 0xff, 0x00, 0xff,
0xff, 0xff, 0x00, 0xff, 0xff, 0xff, 0x00, 0xff, 0xff, 0xff, 0x00, 0xff, 0xff, 0xff, 0x00,
0xff, 0xff, 0xff, 0x00, 0xff, 0xff, 0xff, 0x00, 0xff, 0xff, 0xff, 0x00, 0xff, 0xff, 0xff,
0x00, 0xff, 0xff, 0xff, 0x00, 0xff, 0xff, 0xff, 0x00, 0xff, 0xff, 0xff, 0x00, 0xff, 0xff,
0xff, 0x00, 0xff, 0xff, 0xff, 0x00, 0xff, 0xff, 0xff, 0x00, 0xff, 0xff, 0xff, 0x00, 0xff,
0xff, 0xff, 0x00, 0xff, 0xff, 0xff, 0x00, 0xff, 0xff, 0xff, 0x00, 0xff, 0xff, 0xff, 0x00,
0xff, 0xff, 0xff, 0x00, 0xff, 0xff, 0xff, 0x00, 0xff, 0xff, 0xff, 0x00, 0xff, 0xff, 0xff,
0x00, 0xff, 0xff, 0xff, 0x00, 0xff, 0xff, 0xff, 0x00, 0xff, 0xff, 0xff, 0x00, 0xff, 0xff,
0xff, 0x00, 0xff, 0xff, 0xff, 0x00, 0xff, 0xff, 0xff, 0x00, 0xff, 0xff, 0xff, 0x00, 0xff,
0xff, 0xff, 0x00, 0xff, 0xff, 0xff, 0x00, 0xff, 0xff, 0xff, 0x00, 0xff, 0xff, 0xff, 0x00,
0xff, 0xff, 0xff, 0x00, 0xff, 0xff, 0xff, 0x00, 0xff, 0xff, 0xff, 0x00, 0xff, 0xff, 0xff,
0x00, 0xff, 0xff, 0xff, 0x00, 0xff, 0xff, 0xff, 0x00, 0xff, 0xff, 0xff, 0x00, 0xff, 0xff,
0xff, 0x00, 0xff, 0xff, 0xff, 0x00, 0xff, 0xff, 0xff, 0x00, 0xff, 0xff, 0xff, 0x00, 0xff,
0xff, 0xff, 0x00, 0xff, 0xff, 0xff, 0x00, 0xff, 0xff, 0xff, 0x00, 0xff, 0xff, 0xff, 0x00,
0xff, 0xff, 0xff, 0x00, 0xff, 0xff, 0xff, 0x00, 0xff, 0xff, 0xff, 0x00, 0xff, 0xff, 0xff,
0x00, 0xff, 0xff, 0xff, 0x00, 0xff, 0xff, 0xff, 0x00, 0xff, 0xff, 0xff, 0x00, 0xff, 0xff,
0xff, 0x00, 0xff, 0xff, 0xff, 0x00, 0xff, 0xff, 0xff, 0x00, 0xff, 0xff, 0xff, 0x00, 0xff,
0xff, 0xff, 0x00, 0xff, 0xff, 0xff, 0x00, 0xff, 0xff, 0xff, 0x00, 0xff, 0xff, 0xff, 0x00,
0xff, 0xff, 0xff, 0x00, 0xff, 0xff, 0xff, 0x00, 0xff, 0xff, 0xff, 0x00, 0xff, 0xff, 0xff,
0x00, 0xff, 0xff, 0xff, 0x00, 0xff, 0xff, 0xff, 0x00, 0xff, 0xff, 0xff, 0x00, 0xff, 0xff,
0xff, 0x00, 0xff, 0xff, 0xff, 0x00, 0xff, 0xff, 0xff, 0x00, 0xff, 0xff, 0xff, 0x00, 0xff,
0xff, 0xff, 0x00, 0xff, 0xff, 0xff, 0x00, 0xff, 0xff, 0xff, 0x00, 0xff, 0xff, 0xff, 0x00,
0xff, 0xff, 0xff, 0x00, 0xff, 0xff, 0xff, 0x00, 0xff, 0xff, 0xff, 0x00, 0xff, 0xff, 0xff,
0x00, 0xff, 0xff, 0xff, 0x00, 0xff, 0xff, 0xff, 0x00, 0xff, 0xff, 0xff, 0x00, 0xff, 0xff,
0xff, 0x00, 0xff, 0xff, 0xff, 0x00, 0xff, 0xff, 0xff, 0x00, 0xff, 0xff, 0xff, 0x00, 0xff,
0xff, 0xff, 0x00, 0xff, 0xff, 0xff, 0x00, 0xff, 0xff, 0xff, 0x00, 0xff, 0xff, 0xff, 0x00,
0xff, 0xff, 0xff, 0x00, 0xff, 0xff, 0xff, 0x00, 0xff, 0xff, 0xff, 0x00, 0xff, 0xff, 0xff,
0x00, 0xff, 0xff, 0xff, 0x00, 0xff, 0xff, 0xff, 0x00, 0xff, 0xff, 0xff, 0x00, 0xff, 0xff,
0xff, 0x00, 0xff, 0xff, 0xff, 0x00, 0xff, 0xff, 0xff, 0x00, 0xff, 0xff, 0xff, 0x00, 0xff,
0xff, 0xff, 0x00, 0xff, 0xff, 0xff, 0x00, 0xff, 0xff, 0xff, 0x00, 0xff, 0xff, 0xff, 0x00,
0xff, 0xff, 0xff, 0x00, 0xff, 0xff, 0xff, 0x00, 0xff, 0xff, 0xff, 0x00, 0xff, 0xff, 0xff,
0x00, 0xff, 0xff, 0xff, 0x00, 0xff, 0xff, 0xff, 0x00, 0xff, 0xff, 0xff, 0x00, 0xff, 0xff,
0xff, 0x00, 0xff, 0xff, 0xff, 0x00, 0xff, 0xff, 0xff, 0x00, 0xff, 0xff, 0xff, 0x00, 0xff,
0xff, 0xff, 0x00, 0xff, 0xff, 0xff, 0x00, 0xff, 0xff, 0xff, 0x00, 0xff, 0xff, 0xff, 0x00,
0xff, 0xff, 0xff, 0x00, 0xff, 0xff, 0xff, 0x00, 0xff, 0xff, 0xff, 0x00, 0xff, 0xff, 0xff,
0x00, 0xff, 0xff, 0xff, 0x00, 0xff, 0xff, 0xff, 0x00, 0xff, 0xff, 0xff, 0x00, 0xff, 0xff,
0xff, 0x00, 0xff, 0xff, 0xff, 0x00, 0xff, 0xff, 0xff, 0x00, 0xff, 0xff, 0xff, 0x00, 0xff,
0xff, 0xff, 0x00, 0xff, 0xff, 0xff, 0x00, 0xff, 0xff, 0xff, 0x00, 0xff, 0xff, 0xff, 0x00,
0xff, 0xff, 0xff, 0x00, 0xff, 0xff, 0xff, 0x00, 0xff, 0xff, 0xff, 0x00, 0xff, 0xff, 0xff,
0x00, 0xff, 0xff, 0xff, 0x00, 0xff, 0xff, 0xff, 0x00, 0xff, 0xff, 0xff, 0x00, 0xff, 0xff,
0xff, 0x00, 0xff, 0xff, 0xff, 0x00, 0xff, 0xff, 0xff, 0x00, 0xff, 0xff, 0xff, 0x00, 0xff,
0xff, 0xff, 0x00, 0xff, 0xff, 0xff, 0x00, 0xff, 0xff, 0xff, 0x00, 0xff, 0xff, 0xff, 0x00,
0xff, 0xff, 0xff, 0x00, 0xff, 0xff, 0xff, 0x00, 0xff, 0xff, 0xff, 0x00, 0xff, 0xff, 0xff,
0x00, 0xff, 0xff, 0xff, 0x00, 0xff, 0xff, 0xff, 0x00, 0xff, 0xff, 0xff, 0x00, 0xff, 0xff,
0xff, 0x00, 0xff, 0xff, 0xff, 0x00, 0xff, 0xff, 0xff, 0x00, 0xff, 0xff, 0xff, 0x00, 0xff,
0xff, 0xff, 0x00, 0xff, 0xff, 0xff, 0x00, 0xff, 0xff, 0xff, 0x00, 0xff, 0xff, 0xff, 0x00,
0xff, 0xff, 0xff, 0x00, 0xff, 0xff, 0xff, 0x00, 0xff, 0xff, 0xff, 0x00, 0xff, 0xff, 0xff,
0x00, 0xff, 0xff, 0xff, 0x00, 0xff, 0xff, 0xff, 0x00, 0xff, 0xff, 0xff, 0x00, 0xff, 0xff,
0xff, 0x00, 0xff, 0xff, 0xff, 0x00, 0xff, 0xff, 0xff, 0x00, 0xff, 0xff, 0xff, 0x00, 0xff,
0xff, 0xff, 0x00, 0xff, 0xff, 0xff, 0x00, 0xff, 0xff, 0xff, 0x00, 0xff, 0xff, 0xff, 0x00,
0xff, 0xff, 0xff, 0x00, 0xff, 0xff, 0xff, 0x00, 0xff, 0xff, 0xff, 0x00, 0xff, 0xff, 0xff,
0x00, 0xff, 0xff, 0xff, 0x00, 0xff, 0xff, 0xff, 0x00, 0xff, 0xff, 0xff, 0x00, 0xff, 0xff,
0xff, 0x00, 0xff, 0xff, 0xff, 0x00, 0xff, 0xff, 0xff, 0x00, 0xff, 0xff, 0xff, 0x00, 0xff,
0xff, 0xff, 0x00, 0xff, 0xff, 0xff, 0x00, 0xff, 0xff, 0xff, 0x00, 0xff, 0xff, 0xff, 0x00,
0xff, 0xff, 0xff, 0x00, 0xff, 0xff, 0xff, 0x00, 0xff, 0xff, 0xff, 0x00, 0xff, 0xff, 0xff,
0x00, 0xff, 0xff, 0xff, 0x00, 0xff, 0xff, 0xff, 0x00, 0xff, 0xff, 0xff, 0x00, 0xff, 0xff,
0xff, 0x00, 0xff, 0xff, 0xff, 0x00, 0xff, 0xff, 0xff, 0x00, 0xff, 0xff, 0xff, 0x00, 0xff,
0xff, 0xff, 0x00, 0xff, 0xff, 0xff, 0x00, 0xff, 0xff, 0xff, 0x00, 0xff, 0xff, 0xff, 0x00,
0xff, 0xff, 0xff, 0x00, 0xff, 0xff, 0xff, 0x00, 0xff, 0xff, 0xff, 0x00, 0xff, 0xff, 0xff,
0x00, 0xff, 0xff, 0xff, 0x00, 0xff, 0xff, 0xff, 0x00, 0xff, 0xff, 0xff, 0x00, 0xff, 0xff,
0xff, 0x00, 0xff, 0xff, 0xff, 0x00, 0xff, 0xff, 0xff, 0x00, 0xff, 0xff, 0xff, 0x00, 0xff,
0xff, 0xff, 0x00, 0xff, 0xff, 0xff, 0x00, 0xff, 0xff, 0xff, 0x00, 0xff, 0xff, 0xff, 0x00,
0xff, 0xff, 0xff, 0x00, 0xff, 0xff, 0xff, 0x00, 0xff, 0xff, 0xff, 0x00, 0xff, 0xff, 0xff,
0x00, 0xff, 0xff, 0xff, 0x00, 0xff, 0xff, 0xff, 0x00, 0xff, 0xff, 0xff, 0x00, 0xff, 0xff,
0xff, 0x00, 0xff, 0xff, 0xff, 0x00, 0xff, 0xff, 0xff, 0x00, 0xff, 0xff, 0xff, 0x00, 0xff,
0xff, 0xff, 0x00, 0xff, 0xff, 0xff, 0x00, 0xff, 0xff, 0xff, 0x00, 0xff, 0xff, 0xff, 0x00,
0xff, 0xff, 0xff, 0x00, 0xff, 0xff, 0xff, 0x00, 0xff, 0xff, 0xff, 0x00, 0xff, 0xff, 0xff,
0x00, 0xff, 0xff, 0xff, 0x00, 0xff, 0xff, 0xff, 0x00, 0xff, 0xff, 0xff, 0x00, 0xff, 0xff,
0xff, 0x00, 0xff, 0xff, 0xff, 0x00, 0xff, 0xff, 0xff, 0x00, 0xff, 0xff, 0xff, 0x00, 0xff,
0xff, 0xff, 0x00, 0xff, 0xff, 0xff, 0x00, 0xff, 0xff, 0xff, 0x00, 0xff, 0xff, 0xff, 0x00,
0xff, 0xff, 0xff, 0x00, 0xff, 0xff, 0xff, 0x00, 0xff, 0xff, 0xff, 0x00, 0xff, 0xff, 0xff,
0x00, 0xff, 0xff, 0xff, 0x00, 0xff, 0xff, 0xff, 0x00, 0xff, 0xff, 0xff, 0x00, 0xff, 0xff,
0xff, 0x00, 0xff, 0xff, 0xff, 0x00, 0xff, 0xff, 0xff, 0x00, 0xff, 0xff, 0xff, 0x00, 0xff,
0xff, 0xff, 0x00, 0xff, 0xff, 0xff, 0x00, 0xff, 0xff, 0xff, 0x00, 0xff, 0xff, 0xff, 0x00,
0xff, 0xff, 0xff, 0x00, 0xff, 0xff, 0xff, 0x00, 0xff, 0xff, 0xff, 0x00, 0xff, 0xff, 0xff,
0x00, 0xff, 0xff, 0xff, 0x00, 0xff, 0xff, 0xff, 0x00, 0xff, 0xff, 0xff, 0x00, 0xff, 0xff,
0xff, 0x00, 0xff, 0xff, 0xff, 0x00, 0xff, 0xff, 0xff, 0x00, 0xff, 0xff, 0xff, 0x00, 0xff,
0xff, 0xff, 0x00, 0xff, 0xff, 0xff, 0x00, 0xff, 0xff, 0xff, 0x00, 0xff, 0xff, 0xff, 0x00,
0xff, 0xff, 0xff, 0x00, 0xff, 0xff, 0xff, 0x00, 0xff, 0xff, 0xff, 0x00, 0xff, 0xff, 0xff,
0x00, 0xff, 0xff, 0xff, 0x00, 0xff, 0xff, 0xff, 0x00, 0xff, 0xff, 0xff, 0x00, 0xff, 0xff,
0xff, 0x00, 0xff, 0xff, 0xff, 0x00, 0xff, 0xff, 0xff, 0x00, 0xff, 0xff, 0xff, 0x00, 0xff,
0xff, 0xff, 0x00, 0xff, 0xff, 0xff, 0x00, 0xff, 0xff, 0xff, 0x00, 0xff, 0xff, 0xff, 0x00,
0xff, 0xff, 0xff, 0x00, 0xff, 0xff, 0xff, 0x00, 0xff, 0xff, 0xff, 0x00, 0xff, 0xff, 0xff,
0x00, 0xff, 0xff, 0xff, 0x00, 0xff, 0xff, 0xff, 0x00, 0xff, 0xff, 0xff, 0x00, 0xff, 0xff,
0xff, 0x00, 0xff, 0xff, 0xff, 0x00, 0xff, 0xff, 0xff, 0x00, 0xff, 0xff, 0xff, 0x00, 0xff,
0xff, 0xff, 0x00, 0xff, 0xff, 0xff, 0x00, 0xff, 0xff, 0xff, 0x00, 0xff, 0xff, 0xff, 0x00,
0xff, 0xff, 0xff, 0x00, 0xff, 0xff, 0xff, 0x00, 0xff, 0xff, 0xff, 0x00, 0xff, 0xff, 0xff,
0x00, 0xff, 0xff, 0xff, 0x00, 0xff, 0xff, 0xff, 0x00, 0xff, 0xff, 0xff, 0x00, 0xff, 0xff,
0xff, 0x00, 0xff, 0xff, 0xff, 0x00, 0xff, 0xff, 0xff, 0x00, 0xff, 0xff, 0xff, 0x00, 0xff,
0xff, 0xff, 0x00, 0xff, 0xff, 0xff, 0x00, 0xff, 0xff, 0xff, 0x00, 0xff, 0xff, 0xff, 0x00,
0xff, 0xff, 0xff, 0x00, 0xff, 0xff, 0xff, 0x00, 0xff, 0xff, 0xff, 0x00, 0xff, 0xff, 0xff,
0x00, 0xff, 0xff, 0xff, 0x00, 0xff, 0xff, 0xff, 0x00, 0xff, 0xff, 0xff, 0x00, 0xff, 0xff,
0xff, 0x00, 0xff, 0xff, 0xff, 0x00, 0xff, 0xff, 0xff, 0x00, 0xff, 0xff, 0xff, 0x00, 0xff,
0xff, 0xff, 0x00, 0xff, 0xff, 0xff, 0x00, 0xff, 0xff, 0xff, 0x00, 0xff, 0xff, 0xff, 0x00,
0xff, 0xff, 0xff, 0x00, 0xff, 0xff, 0xff, 0x00, 0xff, 0xff, 0xff, 0x00, 0xff, 0xff, 0xff,
0x00, 0xff, 0xff, 0xff, 0x00, 0xff, 0xff, 0xff, 0x00, 0xff, 0xff, 0xff, 0x00, 0xff, 0xff,
0xff, 0x00, 0xff, 0xff, 0xff, 0x00, 0xff, 0xff, 0xff, 0x00, 0xff, 0xff, 0xff, 0x00, 0xff,
0xff, 0xff, 0x00, 0xff, 0xff, 0xff, 0x00, 0xff, 0xff, 0xff, 0x00, 0xff, 0xff, 0xff, 0x00,
0xff, 0xff, 0xff, 0x00, 0xff, 0xff, 0xff, 0x00, 0xff, 0xff, 0xff, 0x00, 0xff, 0xff, 0xff,
0x00, 0xff, 0xff, 0xff, 0x00, 0xff, 0xff, 0xff, 0x00, 0xff, 0xff, 0xff, 0x00, 0xff, 0xff,
0xff, 0x00, 0xff, 0xff, 0xff, 0x00, 0xff, 0xff, 0xff, 0x00, 0xff, 0xff, 0xff, 0x00, 0xff,
0xff, 0xff, 0x00, 0xff, 0xff, 0xff, 0x00, 0xff, 0xff, 0xff, 0x00, 0xff, 0xff, 0xff, 0x00,
0xff, 0xff, 0xff, 0x00, 0xff, 0xff, 0xff, 0x00, 0xff, 0xff, 0xff, 0x00, 0xff, 0xff, 0xff,
0x00, 0xff, 0xff, 0xff, 0x00, 0xff, 0xff, 0xff, 0x00, 0xff, 0xff, 0xff, 0x00, 0xff, 0xff,
0xff, 0x00, 0xff, 0xff, 0xff, 0x00, 0xff, 0xff, 0xff, 0x00, 0xff, 0xff, 0xff, 0x00, 0xff,
0xff, 0xff, 0x00, 0xff, 0xff, 0xff, 0x00, 0xff, 0xff, 0xff, 0x00, 0xff, 0xff, 0xff, 0x00,
0xff, 0xff, 0xff, 0x00, 0xff, 0xff, 0xff, 0x00, 0xff, 0xff, 0xff, 0x00, 0xff, 0xff, 0xff,
0x00, 0xff, 0xff, 0xff, 0x00, 0xff, 0xff, 0xff, 0x00, 0xff, 0xff, 0xff, 0x00, 0xff, 0xff,
0xff, 0x00, 0xff, 0xff, 0xff, 0x00, 0xff, 0xff, 0xff, 0x00, 0xff, 0xff, 0xff, 0x00, 0xff,
0xff, 0xff, 0x00, 0xff, 0xff, 0xff, 0x00, 0xff, 0xff, 0xff, 0x00, 0xff, 0xff, 0xff, 0x00,
0xff, 0xff, 0xff, 0x00, 0xff, 0xff, 0xff, 0x00, 0xff, 0xff, 0xff, 0x00, 0xff, 0xff, 0xff,
0x00, 0xff, 0xff, 0xff, 0x00, 0xff, 0xff, 0xff, 0x00, 0xff, 0xff, 0xff, 0x00, 0xff, 0xff,
0xff, 0x00, 0xff, 0xff, 0xff, 0x00, 0xff, 0xff, 0xff, 0x00, 0xff, 0xff, 0xff, 0x00, 0xff,
0xff, 0xff, 0x00, 0xff, 0xff, 0xff, 0x00, 0xff, 0xff, 0xff, 0x00, 0xff, 0xff, 0xff, 0x00,
0xff, 0xff, 0xff, 0x00, 0xff, 0xff, 0xff, 0x00, 0xff, 0xff, 0xff, 0x00, 0xff, 0xff, 0xff,
0x00, 0xff, 0xff, 0xff, 0x00, 0xff, 0xff, 0xff, 0x00, 0xff, 0xff, 0xff, 0x00, 0xff, 0xff,
0xff, 0x00, 0xff, 0xff, 0xff, 0x00, 0xff, 0xff, 0xff, 0x00, 0xff, 0xff, 0xff, 0x00, 0xff,
0xff, 0xff, 0x00, 0xff, 0xff, 0xff, 0x00, 0xff, 0xff, 0xff, 0x00, 0xff, 0xff, 0xff, 0x00,
0xff, 0xff, 0xff, 0x00, 0xff, 0xff, 0xff, 0x00, 0xff, 0xff, 0xff, 0x00, 0xff, 0xff, 0xff,
0x00, 0xff, 0xff, 0xff, 0x00, 0xff, 0xff, 0xff, 0x00, 0xff, 0xff, 0xff, 0x00, 0xff, 0xff,
0xff, 0x00, 0xff, 0xff, 0xff, 0x00, 0xff, 0xff, 0xff, 0x00, 0xff, 0xff, 0xff, 0x00, 0xff,
0xff, 0xff, 0x00, 0xff, 0xff, 0xff, 0x00, 0xff, 0xff, 0xff, 0x00, 0xff, 0xff, 0xff, 0x00,
0xff, 0xff, 0xff, 0x00, 0xff, 0xff, 0xff, 0x00, 0xff, 0xff, 0xff, 0x00, 0xff, 0xff, 0xff,
0x00, 0xff, 0xff, 0xff, 0x00, 0xff, 0xff, 0xff, 0x00, 0xff, 0xff, 0xff, 0x00, 0xff, 0xff,
0xff, 0x00, 0xff, 0xff, 0xff, 0x00, 0xff, 0xff, 0xff, 0x00, 0xff, 0xff, 0xff, 0x00, 0xff,
0xff, 0xff, 0x00, 0xff, 0xff, 0xff, 0x00, 0xff, 0xff, 0xff, 0x00, 0xff, 0xff, 0xff, 0x00,
0xff, 0xff, 0xff, 0x00, 0xff, 0xff, 0xff, 0x00, 0xff, 0xff, 0xff, 0x00, 0xff, 0xff, 0xff,
0x00, 0xff, 0xff, 0xff, 0x00, 0xff, 0xff, 0xff, 0x00, 0xff, 0xff, 0xff, 0x00, 0xff, 0xff,
0xff, 0x00, 0xff, 0xff, 0xff, 0x00, 0xff, 0xff, 0xff, 0x00, 0xff, 0xff, 0xff, 0x00, 0xff,
0xff, 0xff, 0x00, 0xff, 0xff, 0xff, 0x00, 0xff, 0xff, 0xff, 0x00, 0xff, 0xff, 0xff, 0x00,
0xff, 0xff, 0xff, 0x00, 0xff, 0xff, 0xff, 0x00, 0xff, 0xff, 0xff, 0x00, 0xff, 0xff, 0xff,
0x00, 0xff, 0xff, 0xff, 0x00, 0xff, 0xff, 0xff, 0x00, 0xff, 0xff, 0xff, 0x00, 0xff, 0xff,
0xff, 0x00, 0xff, 0xff, 0xff, 0x00, 0xff, 0xff, 0xff, 0x00, 0xff, 0xff, 0xff, 0x00, 0xff,
0xff, 0xff, 0x00, 0xff, 0xff, 0xff, 0x00, 0xff, 0xff, 0xff, 0x00, 0xff, 0xff, 0xff, 0x00,
0xff, 0xff, 0xff, 0x00, 0xff, 0xff, 0xff, 0x00, 0xff, 0xff, 0xff, 0x00, 0xff, 0xff, 0xff,
0x00, 0xff, 0xff, 0xff, 0x00, 0xff, 0xff, 0xff, 0x00, 0xff, 0xff, 0xff, 0x00, 0xff, 0xff,
0xff, 0x00, 0xff, 0xff, 0xff, 0x00, 0xff, 0xff, 0xff, 0x00, 0xff, 0xff, 0xff, 0x00, 0xff,
0xff, 0xff, 0x00, 0xff, 0xff, 0xff, 0x00, 0xff, 0xff, 0xff, 0x00, 0xff, 0xff, 0xff, 0x00,
0xff, 0xff, 0xff, 0x00, 0xff, 0xff, 0xff, 0x00, 0xff, 0xff, 0xff, 0x00, 0xff, 0xff, 0xff,
0x00, 0xff, 0xff, 0xff, 0x00, 0xff, 0xff, 0xff, 0x00, 0xff, 0xff, 0xff, 0x00, 0xff, 0xff,
0xff, 0x00, 0xff, 0xff, 0xff, 0x00, 0xff, 0xff, 0xff, 0x00, 0xff, 0xff, 0xff, 0x00, 0xff,
0xff, 0xff, 0x00, 0xff, 0xff, 0xff, 0x00, 0xff, 0xff, 0xff, 0x00, 0xff, 0xff, 0xff, 0x00,
0xff, 0xff, 0xff, 0x00, 0xff, 0xff, 0xff, 0x00, 0xff, 0xff, 0xff, 0x00, 0xff, 0xff, 0xff,
0x00, 0xff, 0xff, 0xff, 0x00, 0xff, 0xff, 0xff, 0x00, 0xff, 0xff, 0xff, 0x00, 0xff, 0xff,
0xff, 0x00, 0xff, 0xff, 0xff, 0x00, 0xff, 0xff, 0xff, 0x00, 0xff, 0xff, 0xff, 0x00, 0xff,
0xff, 0xff, 0x00, 0xff, 0xff, 0xff, 0x00, 0xff, 0xff, 0xff, 0x00, 0xff, 0xff, 0xff, 0x00,
0xff, 0xff, 0xff, 0x00, 0xff, 0xff, 0xff, 0x00, 0xff, 0xff, 0xff, 0x00, 0xff, 0xff, 0xff,
0x00, 0xff, 0xff, 0xff, 0x00, 0xff, 0xff, 0xff, 0x00, 0xff, 0xff, 0xff, 0x00, 0xff, 0xff,
0xff, 0x00, 0xff, 0xff, 0xff, 0x00, 0xff, 0xff, 0xff, 0x00, 0xff, 0xff, 0xff, 0x00, 0xff,
0xff, 0xff, 0x00, 0xff, 0xff, 0xff, 0x00, 0xff, 0xff, 0xff, 0x00, 0xff, 0xff, 0xff, 0x00,
0xff, 0xff, 0xff, 0x00, 0xff, 0xff, 0xff, 0x00, 0xff, 0xff, 0xff, 0x00, 0xff, 0xff, 0xff,
0x00
};

const int b_16_argb8888_length = 65536;

#endif    // B_16_ARGB8888__
