//*****************************************************************************
//
//! @file b_18_argb8888.h
//
//*****************************************************************************

//*****************************************************************************
//
// ${copyright}
//
// This is part of revision ${version} of the AmbiqSuite Development Package.
//
//*****************************************************************************

#ifndef B_18_ARGB8888__
#define B_18_ARGB8888__


const unsigned char b_18_argb8888[] = {
0xff, 0xff, 0xff, 0x00, 0xff, 0xff, 0xff, 0x00, 0xff, 0xff, 0xff, 0x00, 0xff, 0xff, 0xff,
0x00, 0xff, 0xff, 0xff, 0x00, 0xff, 0xff, 0xff, 0x00, 0xff, 0xff, 0xff, 0x00, 0xff, 0xff,
0xff, 0x00, 0xff, 0xff, 0xff, 0x00, 0xff, 0xff, 0xff, 0x00, 0xff, 0xff, 0xff, 0x00, 0xff,
0xff, 0xff, 0x00, 0xff, 0xff, 0xff, 0x00, 0xff, 0xff, 0xff, 0x00, 0xff, 0xff, 0xff, 0x00,
0xff, 0xff, 0xff, 0x00, 0xff, 0xff, 0xff, 0x00, 0xff, 0xff, 0xff, 0x00, 0xff, 0xff, 0xff,
0x00, 0xff, 0xff, 0xff, 0x00, 0xff, 0xff, 0xff, 0x00, 0xff, 0xff, 0xff, 0x00, 0xff, 0xff,
0xff, 0x00, 0xff, 0xff, 0xff, 0x00, 0xff, 0xff, 0xff, 0x00, 0xff, 0xff, 0xff, 0x00, 0xff,
0xff, 0xff, 0x00, 0xff, 0xff, 0xff, 0x00, 0xff, 0xff, 0xff, 0x00, 0xff, 0xff, 0xff, 0x00,
0xff, 0xff, 0xff, 0x00, 0xff, 0xff, 0xff, 0x00, 0xff, 0xff, 0xff, 0x00, 0xff, 0xff, 0xff,
0x00, 0xff, 0xff, 0xff, 0x00, 0xff, 0xff, 0xff, 0x00, 0xff, 0xff, 0xff, 0x00, 0xff, 0xff,
0xff, 0x00, 0xff, 0xff, 0xff, 0x00, 0xff, 0xff, 0xff, 0x00, 0xff, 0xff, 0xff, 0x00, 0xff,
0xff, 0xff, 0x00, 0xff, 0xff, 0xff, 0x00, 0xff, 0xff, 0xff, 0x00, 0xff, 0xff, 0xff, 0x00,
0xff, 0xff, 0xff, 0x00, 0xff, 0xff, 0xff, 0x00, 0xff, 0xff, 0xff, 0x00, 0xff, 0xff, 0xff,
0x00, 0xff, 0xff, 0xff, 0x00, 0xff, 0xff, 0xff, 0x00, 0xff, 0xff, 0xff, 0x00, 0xff, 0xff,
0xff, 0x00, 0xff, 0xff, 0xff, 0x00, 0xff, 0xff, 0xff, 0x00, 0xff, 0xff, 0xff, 0x00, 0xff,
0xff, 0xff, 0x00, 0xff, 0xff, 0xff, 0x00, 0xff, 0xff, 0xff, 0x00, 0xff, 0xff, 0xff, 0x00,
0xff, 0xff, 0xff, 0x00, 0xff, 0xff, 0xff, 0x00, 0xff, 0xff, 0xff, 0x00, 0xff, 0xff, 0xff,
0x00, 0xff, 0xff, 0xff, 0x00, 0xff, 0xff, 0xff, 0x00, 0xff, 0xff, 0xff, 0x00, 0xff, 0xff,
0xff, 0x00, 0xff, 0xff, 0xff, 0x00, 0xff, 0xff, 0xff, 0x00, 0xff, 0xff, 0xff, 0x00, 0xff,
0xff, 0xff, 0x00, 0xff, 0xff, 0xff, 0x00, 0xff, 0xff, 0xff, 0x00, 0xff, 0xff, 0xff, 0x00,
0xff, 0xff, 0xff, 0x00, 0xff, 0xff, 0xff, 0x00, 0xff, 0xff, 0xff, 0x00, 0xff, 0xff, 0xff,
0x00, 0xff, 0xff, 0xff, 0x00, 0xff, 0xff, 0xff, 0x00, 0xff, 0xff, 0xff, 0x00, 0xff, 0xff,
0xff, 0x00, 0xff, 0xff, 0xff, 0x00, 0xff, 0xff, 0xff, 0x00, 0xff, 0xff, 0xff, 0x00, 0xff,
0xff, 0xff, 0x00, 0xff, 0xff, 0xff, 0x00, 0xff, 0xff, 0xff, 0x00, 0xff, 0xff, 0xff, 0x00,
0xff, 0xff, 0xff, 0x00, 0xff, 0xff, 0xff, 0x00, 0xff, 0xff, 0xff, 0x00, 0xff, 0xff, 0xff,
0x00, 0xff, 0xff, 0xff, 0x00, 0xff, 0xff, 0xff, 0x00, 0xff, 0xff, 0xff, 0x00, 0xff, 0xff,
0xff, 0x00, 0xff, 0xff, 0xff, 0x00, 0xff, 0xff, 0xff, 0x00, 0xff, 0xff, 0xff, 0x00, 0xff,
0xff, 0xff, 0x00, 0xff, 0xff, 0xff, 0x00, 0xff, 0xff, 0xff, 0x00, 0xff, 0xff, 0xff, 0x00,
0xff, 0xff, 0xff, 0x00, 0xff, 0xff, 0xff, 0x00, 0xff, 0xff, 0xff, 0x00, 0xff, 0xff, 0xff,
0x00, 0xff, 0xff, 0xff, 0x00, 0xff, 0xff, 0xff, 0x00, 0xff, 0xff, 0xff, 0x00, 0xff, 0xff,
0xff, 0x00, 0xff, 0xff, 0xff, 0x00, 0xff, 0xff, 0xff, 0x00, 0xff, 0xff, 0xff, 0x00, 0xff,
0xff, 0xff, 0x00, 0xff, 0xff, 0xff, 0x00, 0xff, 0xff, 0xff, 0x00, 0xff, 0xff, 0xff, 0x00,
0xff, 0xff, 0xff, 0x00, 0xff, 0xff, 0xff, 0x00, 0xff, 0xff, 0xff, 0x00, 0xff, 0xff, 0xff,
0x00, 0xff, 0xff, 0xff, 0x00, 0xff, 0xff, 0xff, 0x00, 0xff, 0xff, 0xff, 0x00, 0xff, 0xff,
0xff, 0x00, 0xff, 0xff, 0xff, 0x00, 0xff, 0xff, 0xff, 0x00, 0xff, 0xff, 0xff, 0x00, 0xff,
0xff, 0xff, 0x00, 0xff, 0xff, 0xff, 0x00, 0xff, 0xff, 0xff, 0x00, 0xff, 0xff, 0xff, 0x00,
0xff, 0xff, 0xff, 0x00, 0xff, 0xff, 0xff, 0x00, 0xff, 0xff, 0xff, 0x00, 0xff, 0xff, 0xff,
0x00, 0xff, 0xff, 0xff, 0x00, 0xff, 0xff, 0xff, 0x00, 0xff, 0xff, 0xff, 0x00, 0xff, 0xff,
0xff, 0x00, 0xff, 0xff, 0xff, 0x00, 0xff, 0xff, 0xff, 0x00, 0xff, 0xff, 0xff, 0x00, 0xff,
0xff, 0xff, 0x00, 0xff, 0xff, 0xff, 0x00, 0xff, 0xff, 0xff, 0x00, 0xff, 0xff, 0xff, 0x00,
0xff, 0xff, 0xff, 0x00, 0xff, 0xff, 0xff, 0x00, 0xff, 0xff, 0xff, 0x00, 0xff, 0xff, 0xff,
0x00, 0xff, 0xff, 0xff, 0x00, 0xff, 0xff, 0xff, 0x00, 0xff, 0xff, 0xff, 0x00, 0xff, 0xff,
0xff, 0x00, 0xff, 0xff, 0xff, 0x00, 0xff, 0xff, 0xff, 0x00, 0xff, 0xff, 0xff, 0x00, 0xff,
0xff, 0xff, 0x00, 0xff, 0xff, 0xff, 0x00, 0xff, 0xff, 0xff, 0x00, 0xff, 0xff, 0xff, 0x00,
0xff, 0xff, 0xff, 0x00, 0xff, 0xff, 0xff, 0x00, 0xff, 0xff, 0xff, 0x00, 0xff, 0xff, 0xff,
0x00, 0xff, 0xff, 0xff, 0x00, 0xff, 0xff, 0xff, 0x00, 0xff, 0xff, 0xff, 0x00, 0xff, 0xff,
0xff, 0x00, 0xff, 0xff, 0xff, 0x00, 0xff, 0xff, 0xff, 0x00, 0xff, 0xff, 0xff, 0x00, 0xff,
0xff, 0xff, 0x00, 0xff, 0xff, 0xff, 0x00, 0xff, 0xff, 0xff, 0x00, 0xff, 0xff, 0xff, 0x00,
0xff, 0xff, 0xff, 0x00, 0xff, 0xff, 0xff, 0x00, 0xff, 0xff, 0xff, 0x00, 0xff, 0xff, 0xff,
0x00, 0xff, 0xff, 0xff, 0x00, 0xff, 0xff, 0xff, 0x00, 0xff, 0xff, 0xff, 0x00, 0xff, 0xff,
0xff, 0x00, 0xff, 0xff, 0xff, 0x00, 0xff, 0xff, 0xff, 0x00, 0xff, 0xff, 0xff, 0x00, 0xff,
0xff, 0xff, 0x00, 0xff, 0xff, 0xff, 0x00, 0xff, 0xff, 0xff, 0x00, 0xff, 0xff, 0xff, 0x00,
0xff, 0xff, 0xff, 0x00, 0xff, 0xff, 0xff, 0x00, 0xff, 0xff, 0xff, 0x00, 0xff, 0xff, 0xff,
0x00, 0xff, 0xff, 0xff, 0x00, 0xff, 0xff, 0xff, 0x00, 0xff, 0xff, 0xff, 0x00, 0xff, 0xff,
0xff, 0x00, 0xff, 0xff, 0xff, 0x00, 0xff, 0xff, 0xff, 0x00, 0xff, 0xff, 0xff, 0x00, 0xff,
0xff, 0xff, 0x00, 0xff, 0xff, 0xff, 0x00, 0xff, 0xff, 0xff, 0x00, 0xff, 0xff, 0xff, 0x00,
0xff, 0xff, 0xff, 0x00, 0xff, 0xff, 0xff, 0x00, 0xff, 0xff, 0xff, 0x00, 0xff, 0xff, 0xff,
0x00, 0xff, 0xff, 0xff, 0x00, 0xff, 0xff, 0xff, 0x00, 0xff, 0xff, 0xff, 0x00, 0xff, 0xff,
0xff, 0x00, 0xff, 0xff, 0xff, 0x00, 0xff, 0xff, 0xff, 0x00, 0xff, 0xff, 0xff, 0x00, 0xff,
0xff, 0xff, 0x00, 0xff, 0xff, 0xff, 0x00, 0xff, 0xff, 0xff, 0x00, 0xff, 0xff, 0xff, 0x00,
0xff, 0xff, 0xff, 0x00, 0xff, 0xff, 0xff, 0x00, 0xff, 0xff, 0xff, 0x00, 0xff, 0xff, 0xff,
0x00, 0xff, 0xff, 0xff, 0x00, 0xff, 0xff, 0xff, 0x00, 0xff, 0xff, 0xff, 0x00, 0xff, 0xff,
0xff, 0x00, 0xff, 0xff, 0xff, 0x00, 0xff, 0xff, 0xff, 0x00, 0xff, 0xff, 0xff, 0x00, 0xff,
0xff, 0xff, 0x00, 0xff, 0xff, 0xff, 0x00, 0xff, 0xff, 0xff, 0x00, 0xff, 0xff, 0xff, 0x00,
0xff, 0xff, 0xff, 0x00, 0xff, 0xff, 0xff, 0x00, 0xff, 0xff, 0xff, 0x00, 0xff, 0xff, 0xff,
0x00, 0xff, 0xff, 0xff, 0x00, 0xff, 0xff, 0xff, 0x00, 0xff, 0xff, 0xff, 0x00, 0xff, 0xff,
0xff, 0x00, 0xff, 0xff, 0xff, 0x00, 0xff, 0xff, 0xff, 0x00, 0xff, 0xff, 0xff, 0x00, 0xff,
0xff, 0xff, 0x00, 0xff, 0xff, 0xff, 0x00, 0xff, 0xff, 0xff, 0x00, 0xff, 0xff, 0xff, 0x00,
0xff, 0xff, 0xff, 0x00, 0xff, 0xff, 0xff, 0x00, 0xff, 0xff, 0xff, 0x00, 0xff, 0xff, 0xff,
0x00, 0xff, 0xff, 0xff, 0x00, 0xff, 0xff, 0xff, 0x00, 0xff, 0xff, 0xff, 0x00, 0xff, 0xff,
0xff, 0x00, 0xff, 0xff, 0xff, 0x00, 0xff, 0xff, 0xff, 0x00, 0xff, 0xff, 0xff, 0x00, 0xff,
0xff, 0xff, 0x00, 0xff, 0xff, 0xff, 0x00, 0xff, 0xff, 0xff, 0x00, 0xff, 0xff, 0xff, 0x00,
0xff, 0xff, 0xff, 0x00, 0xff, 0xff, 0xff, 0x00, 0xff, 0xff, 0xff, 0x00, 0xff, 0xff, 0xff,
0x00, 0xff, 0xff, 0xff, 0x00, 0xff, 0xff, 0xff, 0x00, 0xff, 0xff, 0xff, 0x00, 0xff, 0xff,
0xff, 0x00, 0xff, 0xff, 0xff, 0x00, 0xff, 0xff, 0xff, 0x00, 0xff, 0xff, 0xff, 0x00, 0xff,
0xff, 0xff, 0x00, 0xff, 0xff, 0xff, 0x00, 0xff, 0xff, 0xff, 0x00, 0xff, 0xff, 0xff, 0x00,
0xff, 0xff, 0xff, 0x00, 0xff, 0xff, 0xff, 0x00, 0xff, 0xff, 0xff, 0x00, 0xff, 0xff, 0xff,
0x00, 0xff, 0xff, 0xff, 0x00, 0xff, 0xff, 0xff, 0x00, 0xff, 0xff, 0xff, 0x00, 0xff, 0xff,
0xff, 0x00, 0xff, 0xff, 0xff, 0x00, 0xff, 0xff, 0xff, 0x00, 0xff, 0xff, 0xff, 0x00, 0xff,
0xff, 0xff, 0x00, 0xff, 0xff, 0xff, 0x00, 0xff, 0xff, 0xff, 0x00, 0xff, 0xff, 0xff, 0x00,
0xff, 0xff, 0xff, 0x00, 0xff, 0xff, 0xff, 0x00, 0xff, 0xff, 0xff, 0x00, 0xff, 0xff, 0xff,
0x00, 0xff, 0xff, 0xff, 0x00, 0xff, 0xff, 0xff, 0x00, 0xff, 0xff, 0xff, 0x00, 0xff, 0xff,
0xff, 0x00, 0xff, 0xff, 0xff, 0x00, 0xff, 0xff, 0xff, 0x00, 0xff, 0xff, 0xff, 0x00, 0xff,
0xff, 0xff, 0x00, 0xff, 0xff, 0xff, 0x00, 0xff, 0xff, 0xff, 0x00, 0xff, 0xff, 0xff, 0x00,
0xff, 0xff, 0xff, 0x00, 0xff, 0xff, 0xff, 0x00, 0xff, 0xff, 0xff, 0x00, 0xff, 0xff, 0xff,
0x00, 0xff, 0xff, 0xff, 0x00, 0xff, 0xff, 0xff, 0x00, 0xff, 0xff, 0xff, 0x00, 0xff, 0xff,
0xff, 0x00, 0xff, 0xff, 0xff, 0x00, 0xff, 0xff, 0xff, 0x00, 0xff, 0xff, 0xff, 0x00, 0xff,
0xff, 0xff, 0x00, 0xff, 0xff, 0xff, 0x00, 0xff, 0xff, 0xff, 0x00, 0xff, 0xff, 0xff, 0x00,
0xff, 0xff, 0xff, 0x00, 0xff, 0xff, 0xff, 0x00, 0xff, 0xff, 0xff, 0x00, 0xff, 0xff, 0xff,
0x00, 0xff, 0xff, 0xff, 0x00, 0xff, 0xff, 0xff, 0x00, 0xff, 0xff, 0xff, 0x00, 0xff, 0xff,
0xff, 0x00, 0xff, 0xff, 0xff, 0x00, 0xff, 0xff, 0xff, 0x00, 0xff, 0xff, 0xff, 0x00, 0xff,
0xff, 0xff, 0x00, 0xff, 0xff, 0xff, 0x00, 0xff, 0xff, 0xff, 0x00, 0xff, 0xff, 0xff, 0x00,
0xff, 0xff, 0xff, 0x00, 0xff, 0xff, 0xff, 0x00, 0xff, 0xff, 0xff, 0x00, 0xff, 0xff, 0xff,
0x00, 0xff, 0xff, 0xff, 0x00, 0xff, 0xff, 0xff, 0x00, 0xff, 0xff, 0xff, 0x00, 0xff, 0xff,
0xff, 0x00, 0xff, 0xff, 0xff, 0x00, 0xff, 0xff, 0xff, 0x00, 0xff, 0xff, 0xff, 0x00, 0xff,
0xff, 0xff, 0x00, 0xff, 0xff, 0xff, 0x00, 0xff, 0xff, 0xff, 0x00, 0xff, 0xff, 0xff, 0x00,
0xff, 0xff, 0xff, 0x00, 0xff, 0xff, 0xff, 0x00, 0xff, 0xff, 0xff, 0x00, 0xff, 0xff, 0xff,
0x00, 0xff, 0xff, 0xff, 0x00, 0xff, 0xff, 0xff, 0x00, 0xff, 0xff, 0xff, 0x00, 0xff, 0xff,
0xff, 0x00, 0xff, 0xff, 0xff, 0x00, 0xff, 0xff, 0xff, 0x00, 0xff, 0xff, 0xff, 0x00, 0xff,
0xff, 0xff, 0x00, 0xff, 0xff, 0xff, 0x00, 0xff, 0xff, 0xff, 0x00, 0xff, 0xff, 0xff, 0x00,
0xff, 0xff, 0xff, 0x00, 0xff, 0xff, 0xff, 0x00, 0xff, 0xff, 0xff, 0x00, 0xff, 0xff, 0xff,
0x00, 0xff, 0xff, 0xff, 0x00, 0xff, 0xff, 0xff, 0x00, 0xff, 0xff, 0xff, 0x00, 0xff, 0xff,
0xff, 0x00, 0xff, 0xff, 0xff, 0x00, 0xff, 0xff, 0xff, 0x00, 0xff, 0xff, 0xff, 0x00, 0xff,
0xff, 0xff, 0x00, 0xff, 0xff, 0xff, 0x00, 0xff, 0xff, 0xff, 0x00, 0xff, 0xff, 0xff, 0x00,
0xff, 0xff, 0xff, 0x00, 0xff, 0xff, 0xff, 0x00, 0xff, 0xff, 0xff, 0x00, 0xff, 0xff, 0xff,
0x00, 0xff, 0xff, 0xff, 0x00, 0xff, 0xff, 0xff, 0x00, 0xff, 0xff, 0xff, 0x00, 0xff, 0xff,
0xff, 0x00, 0xff, 0xff, 0xff, 0x00, 0xff, 0xff, 0xff, 0x00, 0xff, 0xff, 0xff, 0x00, 0xff,
0xff, 0xff, 0x00, 0xff, 0xff, 0xff, 0x00, 0xff, 0xff, 0xff, 0x00, 0xff, 0xff, 0xff, 0x00,
0xff, 0xff, 0xff, 0x00, 0xff, 0xff, 0xff, 0x00, 0xff, 0xff, 0xff, 0x00, 0xff, 0xff, 0xff,
0x00, 0xff, 0xff, 0xff, 0x00, 0xff, 0xff, 0xff, 0x00, 0xff, 0xff, 0xff, 0x00, 0xff, 0xff,
0xff, 0x00, 0xff, 0xff, 0xff, 0x00, 0xff, 0xff, 0xff, 0x00, 0xff, 0xff, 0xff, 0x00, 0xff,
0xff, 0xff, 0x00, 0xff, 0xff, 0xff, 0x00, 0xff, 0xff, 0xff, 0x00, 0xff, 0xff, 0xff, 0x00,
0xff, 0xff, 0xff, 0x00, 0xff, 0xff, 0xff, 0x00, 0xff, 0xff, 0xff, 0x00, 0xff, 0xff, 0xff,
0x00, 0xff, 0xff, 0xff, 0x00, 0xff, 0xff, 0xff, 0x00, 0xff, 0xff, 0xff, 0x00, 0xff, 0xff,
0xff, 0x00, 0xff, 0xff, 0xff, 0x00, 0xff, 0xff, 0xff, 0x00, 0xff, 0xff, 0xff, 0x00, 0xff,
0xff, 0xff, 0x00, 0xff, 0xff, 0xff, 0x00, 0xff, 0xff, 0xff, 0x00, 0xff, 0xff, 0xff, 0x00,
0xff, 0xff, 0xff, 0x00, 0xff, 0xff, 0xff, 0x00, 0xff, 0xff, 0xff, 0x00, 0xff, 0xff, 0xff,
0x00, 0xff, 0xff, 0xff, 0x00, 0xff, 0xff, 0xff, 0x00, 0xff, 0xff, 0xff, 0x00, 0xff, 0xff,
0xff, 0x00, 0xff, 0xff, 0xff, 0x00, 0xff, 0xff, 0xff, 0x00, 0xff, 0xff, 0xff, 0x00, 0xff,
0xff, 0xff, 0x00, 0xff, 0xff, 0xff, 0x00, 0xff, 0xff, 0xff, 0x00, 0xff, 0xff, 0xff, 0x00,
0xff, 0xff, 0xff, 0x00, 0xff, 0xff, 0xff, 0x00, 0xff, 0xff, 0xff, 0x00, 0xff, 0xff, 0xff,
0x00, 0xff, 0xff, 0xff, 0x00, 0xff, 0xff, 0xff, 0x00, 0xff, 0xff, 0xff, 0x00, 0xff, 0xff,
0xff, 0x00, 0xff, 0xff, 0xff, 0x00, 0xff, 0xff, 0xff, 0x00, 0xff, 0xff, 0xff, 0x00, 0xff,
0xff, 0xff, 0x00, 0xff, 0xff, 0xff, 0x00, 0xff, 0xff, 0xff, 0x00, 0xff, 0xff, 0xff, 0x00,
0xff, 0xff, 0xff, 0x00, 0xff, 0xff, 0xff, 0x00, 0xff, 0xff, 0xff, 0x00, 0xff, 0xff, 0xff,
0x00, 0xff, 0xff, 0xff, 0x00, 0xff, 0xff, 0xff, 0x00, 0xff, 0xff, 0xff, 0x00, 0xff, 0xff,
0xff, 0x00, 0xff, 0xff, 0xff, 0x00, 0xff, 0xff, 0xff, 0x00, 0xff, 0xff, 0xff, 0x00, 0xff,
0xff, 0xff, 0x00, 0xff, 0xff, 0xff, 0x00, 0xff, 0xff, 0xff, 0x00, 0xff, 0xff, 0xff, 0x00,
0xff, 0xff, 0xff, 0x00, 0xff, 0xff, 0xff, 0x00, 0xff, 0xff, 0xff, 0x00, 0xff, 0xff, 0xff,
0x00, 0xff, 0xff, 0xff, 0x00, 0xff, 0xff, 0xff, 0x00, 0xff, 0xff, 0xff, 0x00, 0xff, 0xff,
0xff, 0x00, 0xff, 0xff, 0xff, 0x00, 0xff, 0xff, 0xff, 0x00, 0xff, 0xff, 0xff, 0x00, 0xff,
0xff, 0xff, 0x00, 0xff, 0xff, 0xff, 0x00, 0xff, 0xff, 0xff, 0x00, 0xff, 0xff, 0xff, 0x00,
0xff, 0xff, 0xff, 0x00, 0xff, 0xff, 0xff, 0x00, 0xff, 0xff, 0xff, 0x00, 0xff, 0xff, 0xff,
0x00, 0xff, 0xff, 0xff, 0x00, 0xff, 0xff, 0xff, 0x00, 0xff, 0xff, 0xff, 0x00, 0xff, 0xff,
0xff, 0x00, 0xff, 0xff, 0xff, 0x00, 0xff, 0xff, 0xff, 0x00, 0xff, 0xff, 0xff, 0x00, 0xff,
0xff, 0xff, 0x00, 0xff, 0xff, 0xff, 0x00, 0xff, 0xff, 0xff, 0x00, 0xff, 0xff, 0xff, 0x00,
0xff, 0xff, 0xff, 0x00, 0xff, 0xff, 0xff, 0x00, 0xff, 0xff, 0xff, 0x00, 0xff, 0xff, 0xff,
0x00, 0xff, 0xff, 0xff, 0x00, 0xff, 0xff, 0xff, 0x00, 0xff, 0xff, 0xff, 0x00, 0xff, 0xff,
0xff, 0x00, 0xff, 0xff, 0xff, 0x00, 0xff, 0xff, 0xff, 0x00, 0xff, 0xff, 0xff, 0x00, 0xff,
0xff, 0xff, 0x00, 0xff, 0xff, 0xff, 0x00, 0xff, 0xff, 0xff, 0x00, 0xff, 0xff, 0xff, 0x00,
0xff, 0xff, 0xff, 0x00, 0xff, 0xff, 0xff, 0x00, 0xff, 0xff, 0xff, 0x00, 0xff, 0xff, 0xff,
0x00, 0xff, 0xff, 0xff, 0x00, 0xff, 0xff, 0xff, 0x00, 0xff, 0xff, 0xff, 0x00, 0xff, 0xff,
0xff, 0x00, 0xff, 0xff, 0xff, 0x00, 0xff, 0xff, 0xff, 0x00, 0xff, 0xff, 0xff, 0x00, 0xff,
0xff, 0xff, 0x00, 0xff, 0xff, 0xff, 0x00, 0xff, 0xff, 0xff, 0x00, 0xff, 0xff, 0xff, 0x00,
0xff, 0xff, 0xff, 0x00, 0xff, 0xff, 0xff, 0x00, 0xff, 0xff, 0xff, 0x00, 0xff, 0xff, 0xff,
0x00, 0xff, 0xff, 0xff, 0x00, 0xff, 0xff, 0xff, 0x00, 0xff, 0xff, 0xff, 0x00, 0xff, 0xff,
0xff, 0x00, 0xff, 0xff, 0xff, 0x00, 0xff, 0xff, 0xff, 0x00, 0xff, 0xff, 0xff, 0x00, 0xff,
0xff, 0xff, 0x00, 0xff, 0xff, 0xff, 0x00, 0xff, 0xff, 0xff, 0x00, 0xff, 0xff, 0xff, 0x00,
0xff, 0xff, 0xff, 0x00, 0xff, 0xff, 0xff, 0x00, 0xff, 0xff, 0xff, 0x00, 0xff, 0xff, 0xff,
0x00, 0xff, 0xff, 0xff, 0x00, 0xff, 0xff, 0xff, 0x00, 0xff, 0xff, 0xff, 0x00, 0xff, 0xff,
0xff, 0x00, 0xff, 0xff, 0xff, 0x00, 0xff, 0xff, 0xff, 0x00, 0xff, 0xff, 0xff, 0x00, 0xff,
0xff, 0xff, 0x00, 0xff, 0xff, 0xff, 0x00, 0xff, 0xff, 0xff, 0x00, 0xff, 0xff, 0xff, 0x00,
0xff, 0xff, 0xff, 0x00, 0xff, 0xff, 0xff, 0x00, 0xff, 0xff, 0xff, 0x00, 0xff, 0xff, 0xff,
0x00, 0xff, 0xff, 0xff, 0x00, 0xff, 0xff, 0xff, 0x00, 0xff, 0xff, 0xff, 0x00, 0xff, 0xff,
0xff, 0x00, 0xff, 0xff, 0xff, 0x00, 0xff, 0xff, 0xff, 0x00, 0xff, 0xff, 0xff, 0x00, 0xff,
0xff, 0xff, 0x00, 0xff, 0xff, 0xff, 0x00, 0xff, 0xff, 0xff, 0x00, 0xff, 0xff, 0xff, 0x00,
0xff, 0xff, 0xff, 0x00, 0xff, 0xff, 0xff, 0x00, 0xff, 0xff, 0xff, 0x00, 0xff, 0xff, 0xff,
0x00, 0xff, 0xff, 0xff, 0x00, 0xff, 0xff, 0xff, 0x00, 0xff, 0xff, 0xff, 0x00, 0xff, 0xff,
0xff, 0x00, 0xff, 0xff, 0xff, 0x00, 0xff, 0xff, 0xff, 0x00, 0xff, 0xff, 0xff, 0x00, 0xff,
0xff, 0xff, 0x00, 0xff, 0xff, 0xff, 0x00, 0xff, 0xff, 0xff, 0x00, 0xff, 0xff, 0xff, 0x00,
0xff, 0xff, 0xff, 0x00, 0xff, 0xff, 0xff, 0x00, 0xff, 0xff, 0xff, 0x00, 0xff, 0xff, 0xff,
0x00, 0xff, 0xff, 0xff, 0x00, 0xff, 0xff, 0xff, 0x00, 0xff, 0xff, 0xff, 0x00, 0xff, 0xff,
0xff, 0x00, 0xff, 0xff, 0xff, 0x00, 0xff, 0xff, 0xff, 0x00, 0xff, 0xff, 0xff, 0x00, 0xff,
0xff, 0xff, 0x00, 0xff, 0xff, 0xff, 0x00, 0xff, 0xff, 0xff, 0x00, 0xff, 0xff, 0xff, 0x00,
0xff, 0xff, 0xff, 0x00, 0xff, 0xff, 0xff, 0x00, 0xff, 0xff, 0xff, 0x00, 0xff, 0xff, 0xff,
0x00, 0xff, 0xff, 0xff, 0x00, 0xff, 0xff, 0xff, 0x00, 0xff, 0xff, 0xff, 0x00, 0xff, 0xff,
0xff, 0x00, 0xff, 0xff, 0xff, 0x00, 0xff, 0xff, 0xff, 0x00, 0xff, 0xff, 0xff, 0x00, 0xff,
0xff, 0xff, 0x00, 0xff, 0xff, 0xff, 0x00, 0xff, 0xff, 0xff, 0x00, 0xff, 0xff, 0xff, 0x00,
0xff, 0xff, 0xff, 0x00, 0xff, 0xff, 0xff, 0x00, 0xff, 0xff, 0xff, 0x00, 0xff, 0xff, 0xff,
0x00, 0xff, 0xff, 0xff, 0x00, 0xff, 0xff, 0xff, 0x00, 0xff, 0xff, 0xff, 0x00, 0xff, 0xff,
0xff, 0x00, 0xff, 0xff, 0xff, 0x00, 0xff, 0xff, 0xff, 0x00, 0xff, 0xff, 0xff, 0x00, 0xff,
0xff, 0xff, 0x00, 0xff, 0xff, 0xff, 0x00, 0xff, 0xff, 0xff, 0x00, 0xff, 0xff, 0xff, 0x00,
0xff, 0xff, 0xff, 0x00, 0xff, 0xff, 0xff, 0x00, 0xff, 0xff, 0xff, 0x00, 0xff, 0xff, 0xff,
0x00, 0xff, 0xff, 0xff, 0x00, 0xff, 0xff, 0xff, 0x00, 0xff, 0xff, 0xff, 0x00, 0xff, 0xff,
0xff, 0x00, 0xff, 0xff, 0xff, 0x00, 0xff, 0xff, 0xff, 0x00, 0xff, 0xff, 0xff, 0x00, 0xff,
0xff, 0xff, 0x00, 0xff, 0xff, 0xff, 0x00, 0xff, 0xff, 0xff, 0x00, 0xff, 0xff, 0xff, 0x00,
0xff, 0xff, 0xff, 0x00, 0xff, 0xff, 0xff, 0x00, 0xff, 0xff, 0xff, 0x00, 0xff, 0xff, 0xff,
0x00, 0xff, 0xff, 0xff, 0x00, 0xff, 0xff, 0xff, 0x00, 0xff, 0xff, 0xff, 0x00, 0xff, 0xff,
0xff, 0x00, 0xff, 0xff, 0xff, 0x00, 0xff, 0xff, 0xff, 0x00, 0xff, 0xff, 0xff, 0x00, 0xff,
0xff, 0xff, 0x00, 0xff, 0xff, 0xff, 0x00, 0xff, 0xff, 0xff, 0x00, 0xff, 0xff, 0xff, 0x00,
0xff, 0xff, 0xff, 0x00, 0xff, 0xff, 0xff, 0x00, 0xff, 0xff, 0xff, 0x00, 0xff, 0xff, 0xff,
0x00, 0xff, 0xff, 0xff, 0x00, 0xff, 0xff, 0xff, 0x00, 0xff, 0xff, 0xff, 0x00, 0xff, 0xff,
0xff, 0x00, 0xff, 0xff, 0xff, 0x00, 0xff, 0xff, 0xff, 0x00, 0xff, 0xff, 0xff, 0x00, 0xff,
0xff, 0xff, 0x00, 0xff, 0xff, 0xff, 0x00, 0xff, 0xff, 0xff, 0x00, 0xff, 0xff, 0xff, 0x00,
0xff, 0xff, 0xff, 0x00, 0xff, 0xff, 0xff, 0x00, 0xff, 0xff, 0xff, 0x00, 0xff, 0xff, 0xff,
0x00, 0xff, 0xff, 0xff, 0x00, 0xff, 0xff, 0xff, 0x00, 0xff, 0xff, 0xff, 0x00, 0xff, 0xff,
0xff, 0x00, 0xff, 0xff, 0xff, 0x00, 0xff, 0xff, 0xff, 0x00, 0xff, 0xff, 0xff, 0x00, 0xff,
0xff, 0xff, 0x00, 0xff, 0xff, 0xff, 0x00, 0xff, 0xff, 0xff, 0x00, 0xff, 0xff, 0xff, 0x00,
0xff, 0xff, 0xff, 0x00, 0xff, 0xff, 0xff, 0x00, 0xff, 0xff, 0xff, 0x00, 0xff, 0xff, 0xff,
0x00, 0xff, 0xff, 0xff, 0x00, 0xff, 0xff, 0xff, 0x00, 0xff, 0xff, 0xff, 0x00, 0xff, 0xff,
0xff, 0x00, 0xff, 0xff, 0xff, 0x00, 0xff, 0xff, 0xff, 0x00, 0xff, 0xff, 0xff, 0x00, 0xff,
0xff, 0xff, 0x00, 0xff, 0xff, 0xff, 0x00, 0xff, 0xff, 0xff, 0x00, 0xff, 0xff, 0xff, 0x00,
0xff, 0xff, 0xff, 0x00, 0xff, 0xff, 0xff, 0x00, 0xff, 0xff, 0xff, 0x00, 0xff, 0xff, 0xff,
0x00, 0xff, 0xff, 0xff, 0x00, 0xff, 0xff, 0xff, 0x00, 0xff, 0xff, 0xff, 0x00, 0xff, 0xff,
0xff, 0x00, 0xff, 0xff, 0xff, 0x00, 0xff, 0xff, 0xff, 0x00, 0xff, 0xff, 0xff, 0x00, 0xff,
0xff, 0xff, 0x00, 0xff, 0xff, 0xff, 0x00, 0xff, 0xff, 0xff, 0x00, 0xff, 0xff, 0xff, 0x00,
0xff, 0xff, 0xff, 0x00, 0xff, 0xff, 0xff, 0x00, 0xff, 0xff, 0xff, 0x00, 0xff, 0xff, 0xff,
0x00, 0xff, 0xff, 0xff, 0x00, 0xff, 0xff, 0xff, 0x00, 0xff, 0xff, 0xff, 0x00, 0xff, 0xff,
0xff, 0x00, 0xff, 0xff, 0xff, 0x00, 0xff, 0xff, 0xff, 0x00, 0xff, 0xff, 0xff, 0x00, 0xff,
0xff, 0xff, 0x00, 0xff, 0xff, 0xff, 0x00, 0xff, 0xff, 0xff, 0x00, 0xff, 0xff, 0xff, 0x00,
0xff, 0xff, 0xff, 0x00, 0xff, 0xff, 0xff, 0x00, 0xff, 0xff, 0xff, 0x00, 0xff, 0xff, 0xff,
0x00, 0xff, 0xff, 0xff, 0x00, 0xff, 0xff, 0xff, 0x00, 0xff, 0xff, 0xff, 0x00, 0xff, 0xff,
0xff, 0x00, 0xff, 0xff, 0xff, 0x00, 0xff, 0xff, 0xff, 0x00, 0xff, 0xff, 0xff, 0x00, 0xff,
0xff, 0xff, 0x00, 0xff, 0xff, 0xff, 0x00, 0xff, 0xff, 0xff, 0x00, 0xff, 0xff, 0xff, 0x00,
0xff, 0xff, 0xff, 0x00, 0xff, 0xff, 0xff, 0x00, 0xff, 0xff, 0xff, 0x00, 0xff, 0xff, 0xff,
0x00, 0xff, 0xff, 0xff, 0x00, 0xff, 0xff, 0xff, 0x00, 0xff, 0xff, 0xff, 0x00, 0xff, 0xff,
0xff, 0x00, 0xff, 0xff, 0xff, 0x00, 0xff, 0xff, 0xff, 0x00, 0xff, 0xff, 0xff, 0x00, 0xff,
0xff, 0xff, 0x00, 0xff, 0xff, 0xff, 0x00, 0xff, 0xff, 0xff, 0x00, 0xff, 0xff, 0xff, 0x00,
0xff, 0xff, 0xff, 0x00, 0xff, 0xff, 0xff, 0x00, 0xff, 0xff, 0xff, 0x00, 0xff, 0xff, 0xff,
0x00, 0xff, 0xff, 0xff, 0x00, 0xff, 0xff, 0xff, 0x00, 0xff, 0xff, 0xff, 0x00, 0xff, 0xff,
0xff, 0x00, 0xff, 0xff, 0xff, 0x00, 0xff, 0xff, 0xff, 0x00, 0xff, 0xff, 0xff, 0x00, 0xff,
0xff, 0xff, 0x00, 0xff, 0xff, 0xff, 0x00, 0xff, 0xff, 0xff, 0x00, 0xff, 0xff, 0xff, 0x00,
0xff, 0xff, 0xff, 0x00, 0xff, 0xff, 0xff, 0x00, 0xff, 0xff, 0xff, 0x00, 0xff, 0xff, 0xff,
0x00, 0xff, 0xff, 0xff, 0x00, 0xff, 0xff, 0xff, 0x00, 0xff, 0xff, 0xff, 0x00, 0xff, 0xff,
0xff, 0x00, 0xff, 0xff, 0xff, 0x00, 0xff, 0xff, 0xff, 0x00, 0xff, 0xff, 0xff, 0x00, 0xff,
0xff, 0xff, 0x00, 0xff, 0xff, 0xff, 0x00, 0xff, 0xff, 0xff, 0x00, 0xff, 0xff, 0xff, 0x00,
0xff, 0xff, 0xff, 0x00, 0xff, 0xff, 0xff, 0x00, 0xff, 0xff, 0xff, 0x00, 0xff, 0xff, 0xff,
0x00, 0xff, 0xff, 0xff, 0x00, 0xff, 0xff, 0xff, 0x00, 0xff, 0xff, 0xff, 0x00, 0xff, 0xff,
0xff, 0x00, 0xff, 0xff, 0xff, 0x00, 0xff, 0xff, 0xff, 0x00, 0xff, 0xff, 0xff, 0x00, 0xff,
0xff, 0xff, 0x00, 0xff, 0xff, 0xff, 0x00, 0xff, 0xff, 0xff, 0x00, 0xff, 0xff, 0xff, 0x00,
0xff, 0xff, 0xff, 0x00, 0xff, 0xff, 0xff, 0x00, 0xff, 0xff, 0xff, 0x00, 0xff, 0xff, 0xff,
0x00, 0xff, 0xff, 0xff, 0x00, 0xff, 0xff, 0xff, 0x00, 0xff, 0xff, 0xff, 0x00, 0xff, 0xff,
0xff, 0x00, 0xff, 0xff, 0xff, 0x00, 0xff, 0xff, 0xff, 0x00, 0xff, 0xff, 0xff, 0x00, 0xff,
0xff, 0xff, 0x00, 0xff, 0xff, 0xff, 0x00, 0xff, 0xff, 0xff, 0x00, 0xff, 0xff, 0xff, 0x00,
0xff, 0xff, 0xff, 0x00, 0xff, 0xff, 0xff, 0x00, 0xff, 0xff, 0xff, 0x00, 0xff, 0xff, 0xff,
0x00, 0xff, 0xff, 0xff, 0x00, 0xff, 0xff, 0xff, 0x00, 0xff, 0xff, 0xff, 0x00, 0xff, 0xff,
0xff, 0x00, 0xff, 0xff, 0xff, 0x00, 0xff, 0xff, 0xff, 0x00, 0xff, 0xff, 0xff, 0x00, 0xff,
0xff, 0xff, 0x00, 0xff, 0xff, 0xff, 0x00, 0xff, 0xff, 0xff, 0x00, 0xff, 0xff, 0xff, 0x00,
0xff, 0xff, 0xff, 0x00, 0xff, 0xff, 0xff, 0x00, 0xff, 0xff, 0xff, 0x00, 0xff, 0xff, 0xff,
0x00, 0xff, 0xff, 0xff, 0x00, 0xff, 0xff, 0xff, 0x00, 0xff, 0xff, 0xff, 0x00, 0xff, 0xff,
0xff, 0x00, 0xff, 0xff, 0xff, 0x00, 0xff, 0xff, 0xff, 0x00, 0xff, 0xff, 0xff, 0x00, 0xff,
0xff, 0xff, 0x00, 0xff, 0xff, 0xff, 0x00, 0xff, 0xff, 0xff, 0x00, 0xff, 0xff, 0xff, 0x00,
0xff, 0xff, 0xff, 0x00, 0xff, 0xff, 0xff, 0x00, 0xff, 0xff, 0xff, 0x00, 0xff, 0xff, 0xff,
0x00, 0xff, 0xff, 0xff, 0x00, 0xff, 0xff, 0xff, 0x00, 0xff, 0xff, 0xff, 0x00, 0xff, 0xff,
0xff, 0x00, 0xff, 0xff, 0xff, 0x00, 0xff, 0xff, 0xff, 0x00, 0xff, 0xff, 0xff, 0x00, 0xff,
0xff, 0xff, 0x00, 0xff, 0xff, 0xff, 0x00, 0xff, 0xff, 0xff, 0x00, 0xff, 0xff, 0xff, 0x00,
0xff, 0xff, 0xff, 0x00, 0xff, 0xff, 0xff, 0x00, 0xff, 0xff, 0xff, 0x00, 0xff, 0xff, 0xff,
0x00, 0xff, 0xff, 0xff, 0x00, 0xff, 0xff, 0xff, 0x00, 0xff, 0xff, 0xff, 0x00, 0xff, 0xff,
0xff, 0x00, 0xff, 0xff, 0xff, 0x00, 0xff, 0xff, 0xff, 0x00, 0xff, 0xff, 0xff, 0x00, 0xff,
0xff, 0xff, 0x00, 0xff, 0xff, 0xff, 0x00, 0xff, 0xff, 0xff, 0x00, 0xff, 0xff, 0xff, 0x00,
0xff, 0xff, 0xff, 0x00, 0xff, 0xff, 0xff, 0x00, 0xff, 0xff, 0xff, 0x00, 0xff, 0xff, 0xff,
0x00, 0xff, 0xff, 0xff, 0x00, 0xff, 0xff, 0xff, 0x00, 0xff, 0xff, 0xff, 0x00, 0xff, 0xff,
0xff, 0x00, 0xff, 0xff, 0xff, 0x00, 0xff, 0xff, 0xff, 0x00, 0xff, 0xff, 0xff, 0x00, 0xff,
0xff, 0xff, 0x00, 0xff, 0xff, 0xff, 0x00, 0xff, 0xff, 0xff, 0x00, 0xff, 0xff, 0xff, 0x00,
0xff, 0xff, 0xff, 0x00, 0xff, 0xff, 0xff, 0x00, 0xff, 0xff, 0xff, 0x00, 0xff, 0xff, 0xff,
0x00, 0xff, 0xff, 0xff, 0x00, 0xff, 0xff, 0xff, 0x00, 0xff, 0xff, 0xff, 0x00, 0xff, 0xff,
0xff, 0x00, 0xff, 0xff, 0xff, 0x00, 0xff, 0xff, 0xff, 0x00, 0xff, 0xff, 0xff, 0x00, 0xff,
0xff, 0xff, 0x00, 0xff, 0xff, 0xff, 0x00, 0xff, 0xff, 0xff, 0x00, 0xff, 0xff, 0xff, 0x00,
0xff, 0xff, 0xff, 0x00, 0xff, 0xff, 0xff, 0x00, 0xff, 0xff, 0xff, 0x00, 0xff, 0xff, 0xff,
0x00, 0xff, 0xff, 0xff, 0x00, 0xff, 0xff, 0xff, 0x00, 0xff, 0xff, 0xff, 0x00, 0xff, 0xff,
0xff, 0x00, 0xff, 0xff, 0xff, 0x00, 0xff, 0xff, 0xff, 0x00, 0xff, 0xff, 0xff, 0x00, 0xff,
0xff, 0xff, 0x00, 0xff, 0xff, 0xff, 0x00, 0xff, 0xff, 0xff, 0x00, 0xff, 0xff, 0xff, 0x00,
0xff, 0xff, 0xff, 0x00, 0xff, 0xff, 0xff, 0x00, 0xff, 0xff, 0xff, 0x00, 0xff, 0xff, 0xff,
0x00, 0xff, 0xff, 0xff, 0x00, 0xff, 0xff, 0xff, 0x00, 0xff, 0xff, 0xff, 0x00, 0xff, 0xff,
0xff, 0x00, 0xff, 0xff, 0xff, 0x00, 0xff, 0xff, 0xff, 0x00, 0xff, 0xff, 0xff, 0x00, 0xff,
0xff, 0xff, 0x00, 0xff, 0xff, 0xff, 0x00, 0xff, 0xff, 0xff, 0x00, 0xff, 0xff, 0xff, 0x00,
0xff, 0xff, 0xff, 0x00, 0xff, 0xff, 0xff, 0x00, 0xff, 0xff, 0xff, 0x00, 0xff, 0xff, 0xff,
0x00, 0xff, 0xff, 0xff, 0x00, 0xff, 0xff, 0xff, 0x00, 0xff, 0xff, 0xff, 0x00, 0xff, 0xff,
0xff, 0x00, 0xff, 0xff, 0xff, 0x00, 0xff, 0xff, 0xff, 0x00, 0xff, 0xff, 0xff, 0x00, 0xff,
0xff, 0xff, 0x00, 0xff, 0xff, 0xff, 0x00, 0xff, 0xff, 0xff, 0x00, 0xff, 0xff, 0xff, 0x00,
0xff, 0xff, 0xff, 0x00, 0xff, 0xff, 0xff, 0x00, 0xff, 0xff, 0xff, 0x00, 0xff, 0xff, 0xff,
0x00, 0xff, 0xff, 0xff, 0x00, 0xff, 0xff, 0xff, 0x00, 0xff, 0xff, 0xff, 0x00, 0xff, 0xff,
0xff, 0x00, 0xff, 0xff, 0xff, 0x00, 0xff, 0xff, 0xff, 0x00, 0xff, 0xff, 0xff, 0x00, 0xff,
0xff, 0xff, 0x00, 0xff, 0xff, 0xff, 0x00, 0xff, 0xff, 0xff, 0x00, 0xff, 0xff, 0xff, 0x00,
0xff, 0xff, 0xff, 0x00, 0xff, 0xff, 0xff, 0x00, 0xff, 0xff, 0xff, 0x00, 0xff, 0xff, 0xff,
0x00, 0xff, 0xff, 0xff, 0x00, 0xff, 0xff, 0xff, 0x00, 0xff, 0xff, 0xff, 0x00, 0xff, 0xff,
0xff, 0x00, 0xff, 0xff, 0xff, 0x00, 0xff, 0xff, 0xff, 0x00, 0xff, 0xff, 0xff, 0x00, 0xff,
0xff, 0xff, 0x00, 0xff, 0xff, 0xff, 0x00, 0xff, 0xff, 0xff, 0x00, 0xff, 0xff, 0xff, 0x00,
0xff, 0xff, 0xff, 0x00, 0xff, 0xff, 0xff, 0x00, 0xff, 0xff, 0xff, 0x00, 0xff, 0xff, 0xff,
0x00, 0xff, 0xff, 0xff, 0x00, 0xff, 0xff, 0xff, 0x00, 0xff, 0xff, 0xff, 0x00, 0xff, 0xff,
0xff, 0x00, 0xff, 0xff, 0xff, 0x00, 0xff, 0xff, 0xff, 0x00, 0xff, 0xff, 0xff, 0x00, 0xff,
0xff, 0xff, 0x00, 0xff, 0xff, 0xff, 0x00, 0xff, 0xff, 0xff, 0x00, 0xff, 0xff, 0xff, 0x00,
0xff, 0xff, 0xff, 0x00, 0xff, 0xff, 0xff, 0x00, 0xff, 0xff, 0xff, 0x00, 0xff, 0xff, 0xff,
0x00, 0xff, 0xff, 0xff, 0x00, 0xff, 0xff, 0xff, 0x00, 0xff, 0xff, 0xff, 0x00, 0xff, 0xff,
0xff, 0x00, 0xff, 0xff, 0xff, 0x00, 0xff, 0xff, 0xff, 0x00, 0xff, 0xff, 0xff, 0x00, 0xff,
0xff, 0xff, 0x00, 0xff, 0xff, 0xff, 0x00, 0xff, 0xff, 0xff, 0x00, 0xff, 0xff, 0xff, 0x00,
0xff, 0xff, 0xff, 0x00, 0xff, 0xff, 0xff, 0x00, 0xff, 0xff, 0xff, 0x00, 0xff, 0xff, 0xff,
0x00, 0xff, 0xff, 0xff, 0x00, 0xff, 0xff, 0xff, 0x00, 0xff, 0xff, 0xff, 0x00, 0xff, 0xff,
0xff, 0x00, 0xff, 0xff, 0xff, 0x00, 0xff, 0xff, 0xff, 0x00, 0xff, 0xff, 0xff, 0x00, 0xff,
0xff, 0xff, 0x00, 0xff, 0xff, 0xff, 0x00, 0xff, 0xff, 0xff, 0x00, 0xff, 0xff, 0xff, 0x00,
0xff, 0xff, 0xff, 0x00, 0xff, 0xff, 0xff, 0x00, 0xff, 0xff, 0xff, 0x00, 0xff, 0xff, 0xff,
0x00, 0xff, 0xff, 0xff, 0x00, 0xff, 0xff, 0xff, 0x00, 0xff, 0xff, 0xff, 0x00, 0xff, 0xff,
0xff, 0x00, 0xff, 0xff, 0xff, 0x00, 0xff, 0xff, 0xff, 0x00, 0xff, 0xff, 0xff, 0x00, 0xff,
0xff, 0xff, 0x00, 0xff, 0xff, 0xff, 0x00, 0xff, 0xff, 0xff, 0x00, 0xff, 0xff, 0xff, 0x00,
0xff, 0xff, 0xff, 0x00, 0xff, 0xff, 0xff, 0x00, 0xff, 0xff, 0xff, 0x00, 0xff, 0xff, 0xff,
0x00, 0xff, 0xff, 0xff, 0x00, 0xff, 0xff, 0xff, 0x00, 0xff, 0xff, 0xff, 0x00, 0xff, 0xff,
0xff, 0x00, 0xff, 0xff, 0xff, 0x00, 0xff, 0xff, 0xff, 0x00, 0xff, 0xff, 0xff, 0x00, 0xff,
0xff, 0xff, 0x00, 0xff, 0xff, 0xff, 0x00, 0xff, 0xff, 0xff, 0x00, 0xff, 0xff, 0xff, 0x00,
0xff, 0xff, 0xff, 0x00, 0xff, 0xff, 0xff, 0x00, 0xff, 0xff, 0xff, 0x00, 0xff, 0xff, 0xff,
0x00, 0xff, 0xff, 0xff, 0x00, 0xff, 0xff, 0xff, 0x00, 0xff, 0xff, 0xff, 0x00, 0xff, 0xff,
0xff, 0x00, 0xff, 0xff, 0xff, 0x00, 0xff, 0xff, 0xff, 0x00, 0xff, 0xff, 0xff, 0x00, 0xff,
0xff, 0xff, 0x00, 0xff, 0xff, 0xff, 0x00, 0xff, 0xff, 0xff, 0x00, 0xff, 0xff, 0xff, 0x00,
0xff, 0xff, 0xff, 0x00, 0xff, 0xff, 0xff, 0x00, 0xff, 0xff, 0xff, 0x00, 0xff, 0xff, 0xff,
0x00, 0xff, 0xff, 0xff, 0x00, 0xff, 0xff, 0xff, 0x00, 0xff, 0xff, 0xff, 0x00, 0xff, 0xff,
0xff, 0x00, 0xff, 0xff, 0xff, 0x00, 0xff, 0xff, 0xff, 0x00, 0xff, 0xff, 0xff, 0x00, 0xff,
0xff, 0xff, 0x00, 0xff, 0xff, 0xff, 0x00, 0xff, 0xff, 0xff, 0x00, 0xff, 0xff, 0xff, 0x00,
0xff, 0xff, 0xff, 0x00, 0xff, 0xff, 0xff, 0x00, 0xff, 0xff, 0xff, 0x00, 0xff, 0xff, 0xff,
0x00, 0xff, 0xff, 0xff, 0x00, 0xff, 0xff, 0xff, 0x00, 0xff, 0xff, 0xff, 0x00, 0xff, 0xff,
0xff, 0x00, 0xff, 0xff, 0xff, 0x00, 0xff, 0xff, 0xff, 0x00, 0xff, 0xff, 0xff, 0x00, 0xff,
0xff, 0xff, 0x00, 0xff, 0xff, 0xff, 0x00, 0xff, 0xff, 0xff, 0x00, 0xff, 0xff, 0xff, 0x00,
0xff, 0xff, 0xff, 0x00, 0xff, 0xff, 0xff, 0x00, 0xff, 0xff, 0xff, 0x00, 0xff, 0xff, 0xff,
0x00, 0xff, 0xff, 0xff, 0x00, 0xff, 0xff, 0xff, 0x00, 0xff, 0xff, 0xff, 0x00, 0xff, 0xff,
0xff, 0x00, 0xff, 0xff, 0xff, 0x00, 0xff, 0xff, 0xff, 0x00, 0xff, 0xff, 0xff, 0x00, 0xff,
0xff, 0xff, 0x00, 0xff, 0xff, 0xff, 0x00, 0xff, 0xff, 0xff, 0x00, 0xff, 0xff, 0xff, 0x00,
0xff, 0xff, 0xff, 0x00, 0xff, 0xff, 0xff, 0x00, 0xff, 0xff, 0xff, 0x00, 0xff, 0xff, 0xff,
0x00, 0xff, 0xff, 0xff, 0x00, 0xff, 0xff, 0xff, 0x00, 0xff, 0xff, 0xff, 0x00, 0xff, 0xff,
0xff, 0x00, 0xff, 0xff, 0xff, 0x00, 0xff, 0xff, 0xff, 0x00, 0xff, 0xff, 0xff, 0x00, 0xff,
0xff, 0xff, 0x00, 0xff, 0xff, 0xff, 0x00, 0xff, 0xff, 0xff, 0x00, 0xff, 0xff, 0xff, 0x00,
0xff, 0xff, 0xff, 0x00, 0xff, 0xff, 0xff, 0x00, 0xff, 0xff, 0xff, 0x00, 0xff, 0xff, 0xff,
0x00, 0xff, 0xff, 0xff, 0x00, 0xff, 0xff, 0xff, 0x00, 0x00, 0x56, 0xab, 0x00, 0x00, 0x56,
0xab, 0x00, 0x00, 0x56, 0xab, 0x00, 0x00, 0x56, 0xab, 0x00, 0x00, 0x56, 0xab, 0x00, 0x00,
0x56, 0xab, 0x00, 0x00, 0x56, 0xab, 0x00, 0x00, 0x56, 0xab, 0x00, 0x00, 0x56, 0xab, 0x00,
0x00, 0x56, 0xab, 0x00, 0x00, 0x56, 0xab, 0x00, 0x00, 0x56, 0xab, 0x00, 0x00, 0x56, 0xa8,
0x00, 0x00, 0x57, 0xba, 0x00, 0x00, 0x66, 0xf9, 0x00, 0x00, 0x6a, 0xfd, 0x00, 0x00, 0x69,
0xfd, 0x00, 0x00, 0x62, 0xf2, 0x00, 0x00, 0x5d, 0xd7, 0x00, 0x00, 0x54, 0xe4, 0x00, 0x00,
0x57, 0xea, 0x00, 0x00, 0x62, 0xea, 0x00, 0x00, 0x62, 0xed, 0x00, 0x00, 0x64, 0xf4, 0x00,
0x00, 0x61, 0xee, 0x00, 0x00, 0x60, 0xec, 0x00, 0x00, 0x65, 0xf8, 0x00, 0x00, 0x50, 0xc0,
0x00, 0x00, 0x5b, 0xe8, 0x00, 0x00, 0x61, 0xef, 0x00, 0x00, 0x68, 0xfb, 0x00, 0x00, 0x68,
0xfc, 0x00, 0x00, 0x65, 0xee, 0x00, 0x00, 0x67, 0xf7, 0x00, 0x00, 0x65, 0xf3, 0x00, 0x00,
0x66, 0xf7, 0x00, 0x00, 0x5f, 0xee, 0x00, 0x00, 0x69, 0xfc, 0x00, 0x00, 0x68, 0xfc, 0x00,
0x00, 0x67, 0xfa, 0x00, 0x00, 0x67, 0xf8, 0x00, 0x00, 0x67, 0xfa, 0x00, 0x00, 0x68, 0xfd,
0x00, 0x00, 0x5f, 0xee, 0x00, 0x00, 0x63, 0xf4, 0x06, 0x00, 0x66, 0xf7, 0x2e, 0x00, 0x67,
0xf9, 0x52, 0x00, 0x68, 0xfc, 0x6b, 0x00, 0x6a, 0xfe, 0x85, 0x00, 0x69, 0xfe, 0xab, 0x00,
0x68, 0xfd, 0xc7, 0x00, 0x6a, 0xff, 0xda, 0x00, 0x6a, 0xff, 0xdc, 0x00, 0x6a, 0xff, 0xdc,
0x00, 0x6a, 0xff, 0xdc, 0x00, 0x6a, 0xff, 0xdc, 0x00, 0x6a, 0xff, 0xdc, 0x00, 0x6a, 0xff,
0xdc, 0x00, 0x6a, 0xff, 0xdc, 0x00, 0x6a, 0xff, 0xdc, 0x00, 0x6a, 0xff, 0xd6, 0x00, 0x69,
0xfb, 0xc2, 0x00, 0x6a, 0xfd, 0xa0, 0x00, 0x69, 0xfd, 0x7d, 0x00, 0x6a, 0xf8, 0x65, 0x00,
0x66, 0xf2, 0x4c, 0x00, 0x6a, 0xf8, 0x24, 0x00, 0x54, 0xca, 0x03, 0x00, 0x5c, 0xe0, 0x00,
0x00, 0x6c, 0xff, 0x00, 0x00, 0x59, 0xe8, 0x00, 0x00, 0x56, 0xe4, 0x00, 0x00, 0x6d, 0xff,
0x00, 0x00, 0x5d, 0xea, 0x00, 0x00, 0x4b, 0xb9, 0x00, 0x00, 0x67, 0xfe, 0x00, 0x00, 0x67,
0xfa, 0x00, 0x00, 0x69, 0xfb, 0x00, 0x00, 0x66, 0xf8, 0x00, 0x00, 0x5c, 0xeb, 0x00, 0x00,
0x67, 0xfa, 0x00, 0x00, 0x69, 0xfc, 0x00, 0x00, 0x65, 0xf8, 0x00, 0x00, 0x61, 0xef, 0x00,
0x00, 0x57, 0xe4, 0x00, 0x00, 0x5c, 0xec, 0x00, 0x00, 0x69, 0xfc, 0x00, 0x00, 0x5f, 0xf0,
0x00, 0x00, 0x64, 0xeb, 0x00, 0x00, 0x5d, 0xdc, 0x00, 0x00, 0x61, 0xee, 0x00, 0x00, 0x66,
0xf7, 0x00, 0x00, 0x63, 0xe3, 0x00, 0x00, 0x67, 0xfa, 0x00, 0x00, 0x69, 0xfc, 0x00, 0x00,
0x6a, 0xfd, 0x00, 0x00, 0x69, 0xfd, 0x00, 0x00, 0x6c, 0xff, 0x00, 0x00, 0x55, 0xe1, 0x00,
0x00, 0x03, 0x81, 0x00, 0x00, 0x00, 0x7f, 0x00, 0x00, 0x01, 0x80, 0x00, 0x00, 0x01, 0x80,
0x00, 0x00, 0x01, 0x80, 0x00, 0x00, 0x01, 0x80, 0x00, 0x00, 0x01, 0x80, 0x00, 0x00, 0x01,
0x80, 0x00, 0x00, 0x01, 0x80, 0x00, 0x00, 0x01, 0x80, 0x00, 0x00, 0x01, 0x80, 0x00, 0x00,
0x01, 0x80, 0x00, 0xff, 0xff, 0xff, 0x00, 0xff, 0xff, 0xff, 0x00, 0xff, 0xff, 0xff, 0x00,
0xff, 0xff, 0xff, 0x00, 0xff, 0xff, 0xff, 0x00, 0xff, 0xff, 0xff, 0x00, 0xff, 0xff, 0xff,
0x00, 0xff, 0xff, 0xff, 0x00, 0xff, 0xff, 0xff, 0x00, 0xff, 0xff, 0xff, 0x00, 0xff, 0xff,
0xff, 0x00, 0xff, 0xff, 0xff, 0x00, 0xff, 0xff, 0xff, 0x00, 0xff, 0xff, 0xff, 0x00, 0xff,
0xff, 0xff, 0x00, 0xff, 0xff, 0xff, 0x00, 0xff, 0xff, 0xff, 0x00, 0x00, 0x56, 0xab, 0x00,
0x00, 0x56, 0xab, 0x00, 0x00, 0x56, 0xab, 0x00, 0x00, 0x56, 0xab, 0x00, 0x00, 0x56, 0xab,
0x00, 0x00, 0x56, 0xab, 0x00, 0x00, 0x56, 0xab, 0x00, 0x00, 0x56, 0xab, 0x00, 0x00, 0x56,
0xab, 0x00, 0x00, 0x56, 0xab, 0x00, 0x00, 0x56, 0xab, 0x00, 0x00, 0x56, 0xab, 0x00, 0x00,
0x56, 0xa8, 0x00, 0x00, 0x57, 0xba, 0x00, 0x00, 0x66, 0xf9, 0x00, 0x00, 0x6a, 0xfd, 0x00,
0x00, 0x69, 0xfd, 0x00, 0x00, 0x62, 0xf2, 0x00, 0x00, 0x5d, 0xd7, 0x00, 0x00, 0x54, 0xe4,
0x00, 0x00, 0x57, 0xea, 0x00, 0x00, 0x62, 0xea, 0x00, 0x00, 0x62, 0xed, 0x00, 0x00, 0x64,
0xf4, 0x00, 0x00, 0x61, 0xee, 0x00, 0x00, 0x60, 0xec, 0x00, 0x00, 0x65, 0xf8, 0x00, 0x00,
0x50, 0xc0, 0x00, 0x00, 0x5b, 0xe8, 0x00, 0x00, 0x61, 0xef, 0x00, 0x00, 0x68, 0xfb, 0x00,
0x00, 0x68, 0xfc, 0x00, 0x00, 0x65, 0xee, 0x00, 0x00, 0x67, 0xf7, 0x00, 0x00, 0x65, 0xf3,
0x00, 0x00, 0x66, 0xf7, 0x00, 0x00, 0x5f, 0xee, 0x00, 0x00, 0x69, 0xfc, 0x00, 0x00, 0x68,
0xfc, 0x00, 0x00, 0x67, 0xfa, 0x00, 0x00, 0x67, 0xf8, 0x09, 0x00, 0x68, 0xfb, 0x40, 0x00,
0x69, 0xfd, 0x6c, 0x00, 0x66, 0xfa, 0xa1, 0x00, 0x68, 0xfd, 0xd8, 0x00, 0x6a, 0xff, 0xfd,
0x00, 0x6a, 0xff, 0xff, 0x00, 0x6a, 0xff, 0xff, 0x00, 0x6a, 0xff, 0xff, 0x00, 0x6a, 0xff,
0xff, 0x00, 0x6a, 0xff, 0xff, 0x00, 0x6a, 0xff, 0xff, 0x00, 0x6a, 0xff, 0xff, 0x00, 0x6a,
0xff, 0xff, 0x00, 0x6a, 0xff, 0xff, 0x00, 0x6a, 0xff, 0xff, 0x00, 0x6a, 0xff, 0xff, 0x00,
0x6a, 0xff, 0xff, 0x00, 0x6a, 0xff, 0xff, 0x00, 0x6a, 0xff, 0xff, 0x00, 0x6a, 0xff, 0xff,
0x00, 0x6a, 0xff, 0xff, 0x00, 0x6a, 0xff, 0xff, 0x00, 0x6a, 0xff, 0xff, 0x00, 0x6a, 0xff,
0xff, 0x00, 0x6a, 0xff, 0xff, 0x00, 0x6b, 0xff, 0xf7, 0x00, 0x65, 0xf2, 0xd2, 0x00, 0x66,
0xf6, 0x94, 0x00, 0x6b, 0xfe, 0x63, 0x00, 0x5b, 0xec, 0x35, 0x00, 0x57, 0xe6, 0x02, 0x00,
0x6d, 0xff, 0x00, 0x00, 0x5c, 0xe9, 0x00, 0x00, 0x4a, 0xb7, 0x00, 0x00, 0x67, 0xfe, 0x00,
0x00, 0x67, 0xfa, 0x00, 0x00, 0x69, 0xfb, 0x00, 0x00, 0x66, 0xf8, 0x00, 0x00, 0x5c, 0xeb,
0x00, 0x00, 0x67, 0xfa, 0x00, 0x00, 0x69, 0xfc, 0x00, 0x00, 0x65, 0xf8, 0x00, 0x00, 0x61,
0xef, 0x00, 0x00, 0x57, 0xe4, 0x00, 0x00, 0x5c, 0xec, 0x00, 0x00, 0x69, 0xfc, 0x00, 0x00,
0x5f, 0xf0, 0x00, 0x00, 0x64, 0xeb, 0x00, 0x00, 0x5d, 0xdc, 0x00, 0x00, 0x61, 0xee, 0x00,
0x00, 0x66, 0xf7, 0x00, 0x00, 0x63, 0xe3, 0x00, 0x00, 0x67, 0xfa, 0x00, 0x00, 0x69, 0xfc,
0x00, 0x00, 0x6a, 0xfd, 0x00, 0x00, 0x69, 0xfd, 0x00, 0x00, 0x6c, 0xff, 0x00, 0x00, 0x55,
0xe1, 0x00, 0x00, 0x03, 0x81, 0x00, 0x00, 0x00, 0x7f, 0x00, 0x00, 0x01, 0x80, 0x00, 0x00,
0x01, 0x80, 0x00, 0x00, 0x01, 0x80, 0x00, 0x00, 0x01, 0x80, 0x00, 0x00, 0x01, 0x80, 0x00,
0x00, 0x01, 0x80, 0x00, 0x00, 0x01, 0x80, 0x00, 0x00, 0x01, 0x80, 0x00, 0x00, 0x01, 0x80,
0x00, 0x00, 0x01, 0x80, 0x00, 0xff, 0xff, 0xff, 0x00, 0xff, 0xff, 0xff, 0x00, 0xff, 0xff,
0xff, 0x00, 0xff, 0xff, 0xff, 0x00, 0xff, 0xff, 0xff, 0x00, 0xff, 0xff, 0xff, 0x00, 0xff,
0xff, 0xff, 0x00, 0xff, 0xff, 0xff, 0x00, 0xff, 0xff, 0xff, 0x00, 0xff, 0xff, 0xff, 0x00,
0xff, 0xff, 0xff, 0x00, 0xff, 0xff, 0xff, 0x00, 0xff, 0xff, 0xff, 0x00, 0xff, 0xff, 0xff,
0x00, 0xff, 0xff, 0xff, 0x00, 0xff, 0xff, 0xff, 0x00, 0xff, 0xff, 0xff, 0x00, 0x00, 0x56,
0xab, 0x00, 0x00, 0x56, 0xab, 0x00, 0x00, 0x56, 0xab, 0x00, 0x00, 0x56, 0xab, 0x00, 0x00,
0x56, 0xab, 0x00, 0x00, 0x56, 0xab, 0x00, 0x00, 0x56, 0xab, 0x00, 0x00, 0x56, 0xab, 0x00,
0x00, 0x56, 0xab, 0x00, 0x00, 0x56, 0xab, 0x00, 0x00, 0x56, 0xab, 0x00, 0x00, 0x56, 0xab,
0x00, 0x00, 0x56, 0xa8, 0x00, 0x00, 0x57, 0xba, 0x00, 0x00, 0x66, 0xf9, 0x00, 0x00, 0x6a,
0xfd, 0x00, 0x00, 0x69, 0xfd, 0x00, 0x00, 0x62, 0xf2, 0x00, 0x00, 0x5d, 0xd7, 0x00, 0x00,
0x54, 0xe4, 0x00, 0x00, 0x57, 0xea, 0x00, 0x00, 0x62, 0xea, 0x00, 0x00, 0x62, 0xed, 0x00,
0x00, 0x64, 0xf4, 0x00, 0x00, 0x61, 0xee, 0x00, 0x00, 0x60, 0xec, 0x00, 0x00, 0x65, 0xf8,
0x00, 0x00, 0x50, 0xc0, 0x00, 0x00, 0x5b, 0xe8, 0x00, 0x00, 0x61, 0xef, 0x00, 0x00, 0x68,
0xfb, 0x00, 0x00, 0x68, 0xfc, 0x00, 0x00, 0x65, 0xee, 0x00, 0x00, 0x67, 0xf7, 0x00, 0x00,
0x65, 0xf3, 0x00, 0x00, 0x66, 0xf7, 0x00, 0x00, 0x5e, 0xed, 0x00, 0x00, 0x69, 0xfc, 0x13,
0x00, 0x69, 0xfd, 0x53, 0x00, 0x69, 0xfd, 0x8d, 0x00, 0x69, 0xfe, 0xda, 0x00, 0x6a, 0xff,
0xff, 0x00, 0x6a, 0xff, 0xff, 0x00, 0x6b, 0xff, 0xff, 0x00, 0x6a, 0xff, 0xff, 0x00, 0x6a,
0xff, 0xff, 0x00, 0x6a, 0xff, 0xff, 0x00, 0x6a, 0xff, 0xff, 0x00, 0x6a, 0xff, 0xff, 0x00,
0x6a, 0xff, 0xff, 0x00, 0x6a, 0xff, 0xff, 0x00, 0x6a, 0xff, 0xff, 0x00, 0x6a, 0xff, 0xff,
0x00, 0x6a, 0xff, 0xff, 0x00, 0x6a, 0xff, 0xff, 0x00, 0x6a, 0xff, 0xff, 0x00, 0x6a, 0xff,
0xff, 0x00, 0x6a, 0xff, 0xff, 0x00, 0x6a, 0xff, 0xff, 0x00, 0x6a, 0xff, 0xff, 0x00, 0x6a,
0xff, 0xff, 0x00, 0x6a, 0xff, 0xff, 0x00, 0x6a, 0xff, 0xff, 0x00, 0x6a, 0xff, 0xff, 0x00,
0x6a, 0xff, 0xff, 0x00, 0x6a, 0xff, 0xff, 0x00, 0x6a, 0xff, 0xff, 0x00, 0x6b, 0xff, 0xff,
0x00, 0x6b, 0xff, 0xff, 0x00, 0x6a, 0xff, 0xff, 0x00, 0x69, 0xfe, 0xff, 0x00, 0x68, 0xfd,
0xce, 0x00, 0x6b, 0xff, 0x83, 0x00, 0x60, 0xee, 0x4a, 0x00, 0x4e, 0xbf, 0x0b, 0x00, 0x66,
0xfd, 0x00, 0x00, 0x67, 0xfa, 0x00, 0x00, 0x69, 0xfb, 0x00, 0x00, 0x66, 0xf8, 0x00, 0x00,
0x5c, 0xeb, 0x00, 0x00, 0x67, 0xfa, 0x00, 0x00, 0x69, 0xfc, 0x00, 0x00, 0x65, 0xf8, 0x00,
0x00, 0x61, 0xef, 0x00, 0x00, 0x57, 0xe4, 0x00, 0x00, 0x5c, 0xec, 0x00, 0x00, 0x69, 0xfc,
0x00, 0x00, 0x5f, 0xf0, 0x00, 0x00, 0x64, 0xeb, 0x00, 0x00, 0x5d, 0xdc, 0x00, 0x00, 0x61,
0xee, 0x00, 0x00, 0x66, 0xf7, 0x00, 0x00, 0x63, 0xe3, 0x00, 0x00, 0x67, 0xfa, 0x00, 0x00,
0x69, 0xfc, 0x00, 0x00, 0x6a, 0xfd, 0x00, 0x00, 0x69, 0xfd, 0x00, 0x00, 0x6c, 0xff, 0x00,
0x00, 0x55, 0xe1, 0x00, 0x00, 0x03, 0x81, 0x00, 0x00, 0x00, 0x7f, 0x00, 0x00, 0x01, 0x80,
0x00, 0x00, 0x01, 0x80, 0x00, 0x00, 0x01, 0x80, 0x00, 0x00, 0x01, 0x80, 0x00, 0x00, 0x01,
0x80, 0x00, 0x00, 0x01, 0x80, 0x00, 0x00, 0x01, 0x80, 0x00, 0x00, 0x01, 0x80, 0x00, 0x00,
0x01, 0x80, 0x00, 0x00, 0x01, 0x80, 0x00, 0xff, 0xff, 0xff, 0x00, 0xff, 0xff, 0xff, 0x00,
0xff, 0xff, 0xff, 0x00, 0xff, 0xff, 0xff, 0x00, 0xff, 0xff, 0xff, 0x00, 0xff, 0xff, 0xff,
0x00, 0xff, 0xff, 0xff, 0x00, 0xff, 0xff, 0xff, 0x00, 0xff, 0xff, 0xff, 0x00, 0xff, 0xff,
0xff, 0x00, 0xff, 0xff, 0xff, 0x00, 0xff, 0xff, 0xff, 0x00, 0xff, 0xff, 0xff, 0x00, 0xff,
0xff, 0xff, 0x00, 0xff, 0xff, 0xff, 0x00, 0xff, 0xff, 0xff, 0x00, 0xff, 0xff, 0xff, 0x00,
0x00, 0x56, 0xab, 0x00, 0x00, 0x56, 0xab, 0x00, 0x00, 0x56, 0xab, 0x00, 0x00, 0x56, 0xab,
0x00, 0x00, 0x56, 0xab, 0x00, 0x00, 0x56, 0xab, 0x00, 0x00, 0x56, 0xab, 0x00, 0x00, 0x56,
0xab, 0x00, 0x00, 0x56, 0xab, 0x00, 0x00, 0x56, 0xab, 0x00, 0x00, 0x56, 0xab, 0x00, 0x00,
0x56, 0xab, 0x00, 0x00, 0x56, 0xa8, 0x00, 0x00, 0x57, 0xba, 0x00, 0x00, 0x66, 0xf9, 0x00,
0x00, 0x6a, 0xfd, 0x00, 0x00, 0x69, 0xfd, 0x00, 0x00, 0x62, 0xf2, 0x00, 0x00, 0x5d, 0xd7,
0x00, 0x00, 0x54, 0xe4, 0x00, 0x00, 0x57, 0xea, 0x00, 0x00, 0x62, 0xea, 0x00, 0x00, 0x62,
0xed, 0x00, 0x00, 0x64, 0xf4, 0x00, 0x00, 0x61, 0xee, 0x00, 0x00, 0x60, 0xec, 0x00, 0x00,
0x65, 0xf8, 0x00, 0x00, 0x50, 0xc0, 0x00, 0x00, 0x5b, 0xe8, 0x00, 0x00, 0x61, 0xef, 0x00,
0x00, 0x68, 0xfb, 0x00, 0x00, 0x68, 0xfc, 0x00, 0x00, 0x65, 0xee, 0x00, 0x00, 0x67, 0xf7,
0x00, 0x00, 0x65, 0xf3, 0x00, 0x00, 0x67, 0xfa, 0x42, 0x00, 0x65, 0xf7, 0x8a, 0x00, 0x6a,
0xff, 0xe5, 0x00, 0x6a, 0xff, 0xff, 0x00, 0x6a, 0xff, 0xff, 0x00, 0x6a, 0xff, 0xff, 0x00,
0x6a, 0xff, 0xff, 0x00, 0x6a, 0xff, 0xff, 0x00, 0x6a, 0xff, 0xff, 0x00, 0x6a, 0xff, 0xff,
0x00, 0x6a, 0xff, 0xff, 0x00, 0x6a, 0xff, 0xff, 0x00, 0x6a, 0xff, 0xff, 0x00, 0x6a, 0xff,
0xff, 0x00, 0x6a, 0xff, 0xff, 0x00, 0x6a, 0xff, 0xff, 0x00, 0x6a, 0xff, 0xff, 0x00, 0x6a,
0xff, 0xff, 0x00, 0x6a, 0xff, 0xff, 0x00, 0x6a, 0xff, 0xff, 0x00, 0x6a, 0xff, 0xff, 0x00,
0x6a, 0xff, 0xff, 0x00, 0x6a, 0xff, 0xff, 0x00, 0x6a, 0xff, 0xff, 0x00, 0x6a, 0xff, 0xff,
0x00, 0x6a, 0xff, 0xff, 0x00, 0x6a, 0xff, 0xff, 0x00, 0x6a, 0xff, 0xff, 0x00, 0x6a, 0xff,
0xff, 0x00, 0x6a, 0xff, 0xff, 0x00, 0x6a, 0xff, 0xff, 0x00, 0x6a, 0xff, 0xff, 0x00, 0x6a,
0xff, 0xff, 0x00, 0x6a, 0xff, 0xff, 0x00, 0x6a, 0xff, 0xff, 0x00, 0x6a, 0xff, 0xff, 0x00,
0x6a, 0xff, 0xff, 0x00, 0x6a, 0xff, 0xff, 0x00, 0x6a, 0xff, 0xff, 0x00, 0x68, 0xfb, 0xda,
0x00, 0x67, 0xfc, 0x80, 0x00, 0x68, 0xfb, 0x3c, 0x00, 0x69, 0xfb, 0x00, 0x00, 0x66, 0xf8,
0x00, 0x00, 0x5c, 0xeb, 0x00, 0x00, 0x67, 0xfa, 0x00, 0x00, 0x69, 0xfc, 0x00, 0x00, 0x65,
0xf8, 0x00, 0x00, 0x61, 0xef, 0x00, 0x00, 0x57, 0xe4, 0x00, 0x00, 0x5c, 0xec, 0x00, 0x00,
0x69, 0xfc, 0x00, 0x00, 0x5f, 0xf0, 0x00, 0x00, 0x64, 0xeb, 0x00, 0x00, 0x5d, 0xdc, 0x00,
0x00, 0x61, 0xee, 0x00, 0x00, 0x66, 0xf7, 0x00, 0x00, 0x63, 0xe3, 0x00, 0x00, 0x67, 0xfa,
0x00, 0x00, 0x69, 0xfc, 0x00, 0x00, 0x6a, 0xfd, 0x00, 0x00, 0x69, 0xfd, 0x00, 0x00, 0x6c,
0xff, 0x00, 0x00, 0x55, 0xe1, 0x00, 0x00, 0x03, 0x81, 0x00, 0x00, 0x00, 0x7f, 0x00, 0x00,
0x01, 0x80, 0x00, 0x00, 0x01, 0x80, 0x00, 0x00, 0x01, 0x80, 0x00, 0x00, 0x01, 0x80, 0x00,
0x00, 0x01, 0x80, 0x00, 0x00, 0x01, 0x80, 0x00, 0x00, 0x01, 0x80, 0x00, 0x00, 0x01, 0x80,
0x00, 0x00, 0x01, 0x80, 0x00, 0x00, 0x01, 0x80, 0x00, 0xff, 0xff, 0xff, 0x00, 0xff, 0xff,
0xff, 0x00, 0xff, 0xff, 0xff, 0x00, 0xff, 0xff, 0xff, 0x00, 0xff, 0xff, 0xff, 0x00, 0xff,
0xff, 0xff, 0x00, 0xff, 0xff, 0xff, 0x00, 0xff, 0xff, 0xff, 0x00, 0xff, 0xff, 0xff, 0x00,
0xff, 0xff, 0xff, 0x00, 0xff, 0xff, 0xff, 0x00, 0xff, 0xff, 0xff, 0x00, 0xff, 0xff, 0xff,
0x00, 0xff, 0xff, 0xff, 0x00, 0xff, 0xff, 0xff, 0x00, 0xff, 0xff, 0xff, 0x00, 0xff, 0xff,
0xff, 0x00, 0x00, 0x56, 0xab, 0x00, 0x00, 0x56, 0xab, 0x00, 0x00, 0x56, 0xab, 0x00, 0x00,
0x56, 0xab, 0x00, 0x00, 0x56, 0xab, 0x00, 0x00, 0x56, 0xab, 0x00, 0x00, 0x56, 0xab, 0x00,
0x00, 0x56, 0xab, 0x00, 0x00, 0x56, 0xab, 0x00, 0x00, 0x56, 0xab, 0x00, 0x00, 0x56, 0xab,
0x00, 0x00, 0x56, 0xab, 0x00, 0x00, 0x56, 0xa8, 0x00, 0x00, 0x57, 0xba, 0x00, 0x00, 0x66,
0xf9, 0x00, 0x00, 0x6a, 0xfd, 0x00, 0x00, 0x69, 0xfd, 0x00, 0x00, 0x62, 0xf2, 0x00, 0x00,
0x5d, 0xd7, 0x00, 0x00, 0x54, 0xe4, 0x00, 0x00, 0x57, 0xea, 0x00, 0x00, 0x62, 0xea, 0x00,
0x00, 0x62, 0xed, 0x00, 0x00, 0x64, 0xf4, 0x00, 0x00, 0x61, 0xee, 0x00, 0x00, 0x60, 0xec,
0x00, 0x00, 0x65, 0xf8, 0x00, 0x00, 0x50, 0xc0, 0x00, 0x00, 0x5b, 0xe8, 0x00, 0x00, 0x61,
0xef, 0x00, 0x00, 0x68, 0xfb, 0x00, 0x00, 0x68, 0xfb, 0x00, 0x00, 0x66, 0xf0, 0x11, 0x00,
0x68, 0xfa, 0x61, 0x00, 0x69, 0xfc, 0xbe, 0x00, 0x6a, 0xff, 0xff, 0x00, 0x6b, 0xff, 0xff,
0x00, 0x6a, 0xff, 0xff, 0x00, 0x6a, 0xff, 0xff, 0x00, 0x6a, 0xff, 0xff, 0x00, 0x6a, 0xff,
0xff, 0x00, 0x6a, 0xff, 0xff, 0x00, 0x6a, 0xff, 0xff, 0x00, 0x6a, 0xff, 0xff, 0x00, 0x6a,
0xff, 0xff, 0x00, 0x6a, 0xff, 0xff, 0x00, 0x6a, 0xff, 0xff, 0x00, 0x6a, 0xff, 0xff, 0x00,
0x6a, 0xff, 0xff, 0x00, 0x6a, 0xff, 0xff, 0x00, 0x6a, 0xff, 0xff, 0x00, 0x6a, 0xff, 0xff,
0x00, 0x6a, 0xff, 0xff, 0x00, 0x6a, 0xff, 0xff, 0x00, 0x6a, 0xff, 0xff, 0x00, 0x6a, 0xff,
0xff, 0x00, 0x6a, 0xff, 0xff, 0x00, 0x6a, 0xff, 0xff, 0x00, 0x6a, 0xff, 0xff, 0x00, 0x6a,
0xff, 0xff, 0x00, 0x6a, 0xff, 0xff, 0x00, 0x6a, 0xff, 0xff, 0x00, 0x6a, 0xff, 0xff, 0x00,
0x6a, 0xff, 0xff, 0x00, 0x6a, 0xff, 0xff, 0x00, 0x6a, 0xff, 0xff, 0x00, 0x6a, 0xff, 0xff,
0x00, 0x6a, 0xff, 0xff, 0x00, 0x6a, 0xff, 0xff, 0x00, 0x6a, 0xff, 0xff, 0x00, 0x6a, 0xff,
0xff, 0x00, 0x6a, 0xff, 0xff, 0x00, 0x6a, 0xff, 0xff, 0x00, 0x6a, 0xff, 0xff, 0x00, 0x6a,
0xff, 0xff, 0x00, 0x6a, 0xff, 0xff, 0x00, 0x6a, 0xff, 0xff, 0x00, 0x69, 0xfe, 0xba, 0x00,
0x67, 0xfb, 0x5e, 0x00, 0x5d, 0xec, 0x0f, 0x00, 0x67, 0xfa, 0x00, 0x00, 0x69, 0xfc, 0x00,
0x00, 0x65, 0xf8, 0x00, 0x00, 0x61, 0xef, 0x00, 0x00, 0x57, 0xe4, 0x00, 0x00, 0x5c, 0xec,
0x00, 0x00, 0x69, 0xfc, 0x00, 0x00, 0x5f, 0xf0, 0x00, 0x00, 0x64, 0xeb, 0x00, 0x00, 0x5d,
0xdc, 0x00, 0x00, 0x61, 0xee, 0x00, 0x00, 0x66, 0xf7, 0x00, 0x00, 0x63, 0xe3, 0x00, 0x00,
0x67, 0xfa, 0x00, 0x00, 0x69, 0xfc, 0x00, 0x00, 0x6a, 0xfd, 0x00, 0x00, 0x69, 0xfd, 0x00,
0x00, 0x6c, 0xff, 0x00, 0x00, 0x55, 0xe1, 0x00, 0x00, 0x03, 0x81, 0x00, 0x00, 0x00, 0x7f,
0x00, 0x00, 0x01, 0x80, 0x00, 0x00, 0x01, 0x80, 0x00, 0x00, 0x01, 0x80, 0x00, 0x00, 0x01,
0x80, 0x00, 0x00, 0x01, 0x80, 0x00, 0x00, 0x01, 0x80, 0x00, 0x00, 0x01, 0x80, 0x00, 0x00,
0x01, 0x80, 0x00, 0x00, 0x01, 0x80, 0x00, 0x00, 0x01, 0x80, 0x00, 0xff, 0xff, 0xff, 0x00,
0xff, 0xff, 0xff, 0x00, 0xff, 0xff, 0xff, 0x00, 0xff, 0xff, 0xff, 0x00, 0xff, 0xff, 0xff,
0x00, 0xff, 0xff, 0xff, 0x00, 0xff, 0xff, 0xff, 0x00, 0xff, 0xff, 0xff, 0x00, 0xff, 0xff,
0xff, 0x00, 0xff, 0xff, 0xff, 0x00, 0xff, 0xff, 0xff, 0x00, 0xff, 0xff, 0xff, 0x00, 0xff,
0xff, 0xff, 0x00, 0xff, 0xff, 0xff, 0x00, 0xff, 0xff, 0xff, 0x00, 0xff, 0xff, 0xff, 0x00,
0xff, 0xff, 0xff, 0x00, 0x00, 0x56, 0xab, 0x00, 0x00, 0x56, 0xab, 0x00, 0x00, 0x56, 0xab,
0x00, 0x00, 0x56, 0xab, 0x00, 0x00, 0x56, 0xab, 0x00, 0x00, 0x56, 0xab, 0x00, 0x00, 0x56,
0xab, 0x00, 0x00, 0x56, 0xab, 0x00, 0x00, 0x56, 0xab, 0x00, 0x00, 0x56, 0xab, 0x00, 0x00,
0x56, 0xab, 0x00, 0x00, 0x56, 0xab, 0x00, 0x00, 0x56, 0xa8, 0x00, 0x00, 0x57, 0xba, 0x00,
0x00, 0x66, 0xf9, 0x00, 0x00, 0x6a, 0xfd, 0x00, 0x00, 0x69, 0xfd, 0x00, 0x00, 0x62, 0xf2,
0x00, 0x00, 0x5d, 0xd7, 0x00, 0x00, 0x54, 0xe4, 0x00, 0x00, 0x57, 0xea, 0x00, 0x00, 0x62,
0xea, 0x00, 0x00, 0x62, 0xed, 0x00, 0x00, 0x64, 0xf4, 0x00, 0x00, 0x61, 0xee, 0x00, 0x00,
0x60, 0xec, 0x00, 0x00, 0x65, 0xf8, 0x00, 0x00, 0x50, 0xc0, 0x00, 0x00, 0x5b, 0xe8, 0x00,
0x00, 0x61, 0xee, 0x00, 0x00, 0x68, 0xfb, 0x0f, 0x00, 0x68, 0xfc, 0x60, 0x00, 0x6a, 0xfe,
0xdd, 0x00, 0x6a, 0xff, 0xff, 0x00, 0x6a, 0xff, 0xff, 0x00, 0x6a, 0xff, 0xff, 0x00, 0x6a,
0xff, 0xff, 0x00, 0x6a, 0xff, 0xff, 0x00, 0x6a, 0xff, 0xff, 0x00, 0x6a, 0xff, 0xff, 0x00,
0x6a, 0xff, 0xff, 0x00, 0x6a, 0xff, 0xff, 0x00, 0x6a, 0xff, 0xff, 0x00, 0x6a, 0xff, 0xff,
0x00, 0x6a, 0xff, 0xff, 0x00, 0x6a, 0xff, 0xff, 0x00, 0x6a, 0xff, 0xff, 0x00, 0x6a, 0xff,
0xff, 0x00, 0x6a, 0xff, 0xff, 0x00, 0x6a, 0xff, 0xff, 0x00, 0x6a, 0xff, 0xff, 0x00, 0x6a,
0xff, 0xff, 0x00, 0x6a, 0xff, 0xff, 0x00, 0x6a, 0xff, 0xff, 0x00, 0x6a, 0xff, 0xff, 0x00,
0x6a, 0xff, 0xff, 0x00, 0x6a, 0xff, 0xff, 0x00, 0x6a, 0xff, 0xff, 0x00, 0x6a, 0xff, 0xff,
0x00, 0x6a, 0xff, 0xff, 0x00, 0x6a, 0xff, 0xff, 0x00, 0x6a, 0xff, 0xff, 0x00, 0x6a, 0xff,
0xff, 0x00, 0x6a, 0xff, 0xff, 0x00, 0x6a, 0xff, 0xff, 0x00, 0x6a, 0xff, 0xff, 0x00, 0x6a,
0xff, 0xff, 0x00, 0x6a, 0xff, 0xff, 0x00, 0x6a, 0xff, 0xff, 0x00, 0x6a, 0xff, 0xff, 0x00,
0x6a, 0xff, 0xff, 0x00, 0x6a, 0xff, 0xff, 0x00, 0x6a, 0xff, 0xff, 0x00, 0x6a, 0xff, 0xff,
0x00, 0x6a, 0xff, 0xff, 0x00, 0x6a, 0xff, 0xff, 0x00, 0x6a, 0xff, 0xff, 0x00, 0x6a, 0xff,
0xff, 0x00, 0x6a, 0xff, 0xff, 0x00, 0x68, 0xfc, 0xdb, 0x00, 0x68, 0xfc, 0x60, 0x00, 0x69,
0xfc, 0x10, 0x00, 0x65, 0xf8, 0x00, 0x00, 0x61, 0xef, 0x00, 0x00, 0x57, 0xe4, 0x00, 0x00,
0x5c, 0xec, 0x00, 0x00, 0x69, 0xfc, 0x00, 0x00, 0x5f, 0xf0, 0x00, 0x00, 0x64, 0xeb, 0x00,
0x00, 0x5d, 0xdc, 0x00, 0x00, 0x61, 0xee, 0x00, 0x00, 0x66, 0xf7, 0x00, 0x00, 0x63, 0xe3,
0x00, 0x00, 0x67, 0xfa, 0x00, 0x00, 0x69, 0xfc, 0x00, 0x00, 0x6a, 0xfd, 0x00, 0x00, 0x69,
0xfd, 0x00, 0x00, 0x6c, 0xff, 0x00, 0x00, 0x55, 0xe1, 0x00, 0x00, 0x03, 0x81, 0x00, 0x00,
0x00, 0x7f, 0x00, 0x00, 0x01, 0x80, 0x00, 0x00, 0x01, 0x80, 0x00, 0x00, 0x01, 0x80, 0x00,
0x00, 0x01, 0x80, 0x00, 0x00, 0x01, 0x80, 0x00, 0x00, 0x01, 0x80, 0x00, 0x00, 0x01, 0x80,
0x00, 0x00, 0x01, 0x80, 0x00, 0x00, 0x01, 0x80, 0x00, 0x00, 0x01, 0x80, 0x00, 0xff, 0xff,
0xff, 0x00, 0xff, 0xff, 0xff, 0x00, 0xff, 0xff, 0xff, 0x00, 0xff, 0xff, 0xff, 0x00, 0xff,
0xff, 0xff, 0x00, 0xff, 0xff, 0xff, 0x00, 0xff, 0xff, 0xff, 0x00, 0xff, 0xff, 0xff, 0x00,
0xff, 0xff, 0xff, 0x00, 0xff, 0xff, 0xff, 0x00, 0xff, 0xff, 0xff, 0x00, 0xff, 0xff, 0xff,
0x00, 0xff, 0xff, 0xff, 0x00, 0xff, 0xff, 0xff, 0x00, 0xff, 0xff, 0xff, 0x00, 0xff, 0xff,
0xff, 0x00, 0xff, 0xff, 0xff, 0x00, 0x00, 0x56, 0xab, 0x00, 0x00, 0x56, 0xab, 0x00, 0x00,
0x56, 0xab, 0x00, 0x00, 0x56, 0xab, 0x00, 0x00, 0x56, 0xab, 0x00, 0x00, 0x56, 0xab, 0x00,
0x00, 0x56, 0xab, 0x00, 0x00, 0x56, 0xab, 0x00, 0x00, 0x56, 0xab, 0x00, 0x00, 0x56, 0xab,
0x00, 0x00, 0x56, 0xab, 0x00, 0x00, 0x56, 0xab, 0x00, 0x00, 0x56, 0xa8, 0x00, 0x00, 0x57,
0xba, 0x00, 0x00, 0x66, 0xf9, 0x00, 0x00, 0x6a, 0xfd, 0x00, 0x00, 0x69, 0xfd, 0x00, 0x00,
0x62, 0xf2, 0x00, 0x00, 0x5d, 0xd7, 0x00, 0x00, 0x54, 0xe4, 0x00, 0x00, 0x57, 0xea, 0x00,
0x00, 0x62, 0xea, 0x00, 0x00, 0x62, 0xed, 0x00, 0x00, 0x64, 0xf4, 0x00, 0x00, 0x61, 0xee,
0x00, 0x00, 0x60, 0xec, 0x00, 0x00, 0x65, 0xf8, 0x00, 0x00, 0x4e, 0xbd, 0x00, 0x00, 0x5c,
0xea, 0x06, 0x00, 0x63, 0xf3, 0x5b, 0x00, 0x6a, 0xff, 0xdd, 0x00, 0x6a, 0xff, 0xff, 0x00,
0x6a, 0xff, 0xff, 0x00, 0x6a, 0xff, 0xff, 0x00, 0x6a, 0xff, 0xff, 0x00, 0x6a, 0xff, 0xff,
0x00, 0x6a, 0xff, 0xff, 0x00, 0x6a, 0xff, 0xff, 0x00, 0x6a, 0xff, 0xff, 0x00, 0x6a, 0xff,
0xff, 0x00, 0x6a, 0xff, 0xff, 0x00, 0x6a, 0xff, 0xff, 0x00, 0x6a, 0xff, 0xff, 0x00, 0x6a,
0xff, 0xff, 0x00, 0x6a, 0xff, 0xff, 0x00, 0x6a, 0xff, 0xff, 0x00, 0x6a, 0xff, 0xff, 0x00,
0x6a, 0xff, 0xff, 0x00, 0x6a, 0xff, 0xff, 0x00, 0x6a, 0xff, 0xff, 0x00, 0x6a, 0xff, 0xff,
0x00, 0x6a, 0xff, 0xff, 0x00, 0x6a, 0xff, 0xff, 0x00, 0x6a, 0xff, 0xff, 0x00, 0x6a, 0xff,
0xff, 0x00, 0x6a, 0xff, 0xff, 0x00, 0x6a, 0xff, 0xff, 0x00, 0x6a, 0xff, 0xff, 0x00, 0x6a,
0xff, 0xff, 0x00, 0x6a, 0xff, 0xff, 0x00, 0x6a, 0xff, 0xff, 0x00, 0x6a, 0xff, 0xff, 0x00,
0x6a, 0xff, 0xff, 0x00, 0x6a, 0xff, 0xff, 0x00, 0x6a, 0xff, 0xff, 0x00, 0x6a, 0xff, 0xff,
0x00, 0x6a, 0xff, 0xff, 0x00, 0x6a, 0xff, 0xff, 0x00, 0x6a, 0xff, 0xff, 0x00, 0x6a, 0xff,
0xff, 0x00, 0x6a, 0xff, 0xff, 0x00, 0x6a, 0xff, 0xff, 0x00, 0x6a, 0xff, 0xff, 0x00, 0x6a,
0xff, 0xff, 0x00, 0x6a, 0xff, 0xff, 0x00, 0x6a, 0xff, 0xff, 0x00, 0x6a, 0xff, 0xff, 0x00,
0x6a, 0xff, 0xff, 0x00, 0x6a, 0xff, 0xff, 0x00, 0x6a, 0xff, 0xff, 0x00, 0x6a, 0xff, 0xff,
0x00, 0x6a, 0xfe, 0xdf, 0x00, 0x66, 0xfa, 0x60, 0x00, 0x62, 0xf0, 0x0a, 0x00, 0x56, 0xe3,
0x00, 0x00, 0x5c, 0xec, 0x00, 0x00, 0x69, 0xfc, 0x00, 0x00, 0x5f, 0xf0, 0x00, 0x00, 0x64,
0xeb, 0x00, 0x00, 0x5d, 0xdc, 0x00, 0x00, 0x61, 0xee, 0x00, 0x00, 0x66, 0xf7, 0x00, 0x00,
0x63, 0xe3, 0x00, 0x00, 0x67, 0xfa, 0x00, 0x00, 0x69, 0xfc, 0x00, 0x00, 0x6a, 0xfd, 0x00,
0x00, 0x69, 0xfd, 0x00, 0x00, 0x6c, 0xff, 0x00, 0x00, 0x55, 0xe1, 0x00, 0x00, 0x03, 0x81,
0x00, 0x00, 0x00, 0x7f, 0x00, 0x00, 0x01, 0x80, 0x00, 0x00, 0x01, 0x80, 0x00, 0x00, 0x01,
0x80, 0x00, 0x00, 0x01, 0x80, 0x00, 0x00, 0x01, 0x80, 0x00, 0x00, 0x01, 0x80, 0x00, 0x00,
0x01, 0x80, 0x00, 0x00, 0x01, 0x80, 0x00, 0x00, 0x01, 0x80, 0x00, 0x00, 0x01, 0x80, 0x00,
0xff, 0xff, 0xff, 0x00, 0xff, 0xff, 0xff, 0x00, 0xff, 0xff, 0xff, 0x00, 0xff, 0xff, 0xff,
0x00, 0xff, 0xff, 0xff, 0x00, 0xff, 0xff, 0xff, 0x00, 0xff, 0xff, 0xff, 0x00, 0xff, 0xff,
0xff, 0x00, 0xff, 0xff, 0xff, 0x00, 0xff, 0xff, 0xff, 0x00, 0xff, 0xff, 0xff, 0x00, 0xff,
0xff, 0xff, 0x00, 0xff, 0xff, 0xff, 0x00, 0xff, 0xff, 0xff, 0x00, 0xff, 0xff, 0xff, 0x00,
0xff, 0xff, 0xff, 0x00, 0xff, 0xff, 0xff, 0x00, 0x00, 0x56, 0xab, 0x00, 0x00, 0x56, 0xab,
0x00, 0x00, 0x56, 0xab, 0x00, 0x00, 0x56, 0xab, 0x00, 0x00, 0x56, 0xab, 0x00, 0x00, 0x56,
0xab, 0x00, 0x00, 0x56, 0xab, 0x00, 0x00, 0x56, 0xab, 0x00, 0x00, 0x56, 0xab, 0x00, 0x00,
0x56, 0xab, 0x00, 0x00, 0x56, 0xab, 0x00, 0x00, 0x56, 0xab, 0x00, 0x00, 0x56, 0xa8, 0x00,
0x00, 0x57, 0xba, 0x00, 0x00, 0x66, 0xf9, 0x00, 0x00, 0x6a, 0xfd, 0x00, 0x00, 0x69, 0xfd,
0x00, 0x00, 0x62, 0xf2, 0x00, 0x00, 0x5d, 0xd7, 0x00, 0x00, 0x54, 0xe4, 0x00, 0x00, 0x57,
0xea, 0x00, 0x00, 0x62, 0xea, 0x00, 0x00, 0x62, 0xed, 0x00, 0x00, 0x64, 0xf4, 0x00, 0x00,
0x61, 0xee, 0x00, 0x00, 0x60, 0xeb, 0x00, 0x00, 0x64, 0xf7, 0x00, 0x00, 0x56, 0xcf, 0x40,
0x00, 0x67, 0xf9, 0xcb, 0x00, 0x6a, 0xff, 0xff, 0x00, 0x6a, 0xff, 0xff, 0x00, 0x6a, 0xff,
0xff, 0x00, 0x6a, 0xff, 0xff, 0x00, 0x6a, 0xff, 0xff, 0x00, 0x6a, 0xff, 0xff, 0x00, 0x6a,
0xff, 0xff, 0x00, 0x6a, 0xff, 0xff, 0x00, 0x6a, 0xff, 0xff, 0x00, 0x6a, 0xff, 0xff, 0x00,
0x6a, 0xff, 0xff, 0x00, 0x6a, 0xff, 0xff, 0x00, 0x6a, 0xff, 0xff, 0x00, 0x6a, 0xff, 0xff,
0x00, 0x6a, 0xff, 0xff, 0x00, 0x6a, 0xff, 0xff, 0x00, 0x6a, 0xff, 0xff, 0x00, 0x6a, 0xff,
0xff, 0x00, 0x6a, 0xff, 0xff, 0x00, 0x6a, 0xff, 0xff, 0x00, 0x6a, 0xff, 0xff, 0x00, 0x6a,
0xff, 0xff, 0x00, 0x6a, 0xff, 0xff, 0x00, 0x6a, 0xff, 0xff, 0x00, 0x6a, 0xff, 0xff, 0x00,
0x6a, 0xff, 0xff, 0x00, 0x6a, 0xff, 0xff, 0x00, 0x6a, 0xff, 0xff, 0x00, 0x6a, 0xff, 0xff,
0x00, 0x6a, 0xff, 0xff, 0x00, 0x6a, 0xff, 0xff, 0x00, 0x6a, 0xff, 0xff, 0x00, 0x6a, 0xff,
0xff, 0x00, 0x6a, 0xff, 0xff, 0x00, 0x6a, 0xff, 0xff, 0x00, 0x6a, 0xff, 0xff, 0x00, 0x6a,
0xff, 0xff, 0x00, 0x6a, 0xff, 0xff, 0x00, 0x6a, 0xff, 0xff, 0x00, 0x6a, 0xff, 0xff, 0x00,
0x6a, 0xff, 0xff, 0x00, 0x6a, 0xff, 0xff, 0x00, 0x6a, 0xff, 0xff, 0x00, 0x6a, 0xff, 0xff,
0x00, 0x6a, 0xff, 0xff, 0x00, 0x6a, 0xff, 0xff, 0x00, 0x6a, 0xff, 0xff, 0x00, 0x6a, 0xff,
0xff, 0x00, 0x6a, 0xff, 0xff, 0x00, 0x6a, 0xff, 0xff, 0x00, 0x6a, 0xff, 0xff, 0x00, 0x6a,
0xff, 0xff, 0x00, 0x6a, 0xff, 0xff, 0x00, 0x6a, 0xff, 0xff, 0x00, 0x6c, 0xfe, 0xd3, 0x00,
0x59, 0xe8, 0x4e, 0x00, 0x5e, 0xee, 0x00, 0x00, 0x69, 0xfb, 0x00, 0x00, 0x5f, 0xf0, 0x00,
0x00, 0x64, 0xeb, 0x00, 0x00, 0x5d, 0xdc, 0x00, 0x00, 0x61, 0xee, 0x00, 0x00, 0x66, 0xf7,
0x00, 0x00, 0x63, 0xe3, 0x00, 0x00, 0x67, 0xfa, 0x00, 0x00, 0x69, 0xfc, 0x00, 0x00, 0x6a,
0xfd, 0x00, 0x00, 0x69, 0xfd, 0x00, 0x00, 0x6c, 0xff, 0x00, 0x00, 0x55, 0xe1, 0x00, 0x00,
0x03, 0x81, 0x00, 0x00, 0x00, 0x7f, 0x00, 0x00, 0x01, 0x80, 0x00, 0x00, 0x01, 0x80, 0x00,
0x00, 0x01, 0x80, 0x00, 0x00, 0x01, 0x80, 0x00, 0x00, 0x01, 0x80, 0x00, 0x00, 0x01, 0x80,
0x00, 0x00, 0x01, 0x80, 0x00, 0x00, 0x01, 0x80, 0x00, 0x00, 0x01, 0x80, 0x00, 0x00, 0x01,
0x80, 0x00, 0xff, 0xff, 0xff, 0x00, 0xff, 0xff, 0xff, 0x00, 0xff, 0xff, 0xff, 0x00, 0xff,
0xff, 0xff, 0x00, 0xff, 0xff, 0xff, 0x00, 0xff, 0xff, 0xff, 0x00, 0xff, 0xff, 0xff, 0x00,
0xff, 0xff, 0xff, 0x00, 0xff, 0xff, 0xff, 0x00, 0xff, 0xff, 0xff, 0x00, 0xff, 0xff, 0xff,
0x00, 0xff, 0xff, 0xff, 0x00, 0xff, 0xff, 0xff, 0x00, 0xff, 0xff, 0xff, 0x00, 0xff, 0xff,
0xff, 0x00, 0xff, 0xff, 0xff, 0x00, 0xff, 0xff, 0xff, 0x00, 0x00, 0x56, 0xab, 0x00, 0x00,
0x56, 0xab, 0x00, 0x00, 0x56, 0xab, 0x00, 0x00, 0x56, 0xab, 0x00, 0x00, 0x56, 0xab, 0x00,
0x00, 0x56, 0xab, 0x00, 0x00, 0x56, 0xab, 0x00, 0x00, 0x56, 0xab, 0x00, 0x00, 0x56, 0xab,
0x00, 0x00, 0x56, 0xab, 0x00, 0x00, 0x56, 0xab, 0x00, 0x00, 0x56, 0xab, 0x00, 0x00, 0x56,
0xa8, 0x00, 0x00, 0x57, 0xba, 0x00, 0x00, 0x66, 0xf9, 0x00, 0x00, 0x6a, 0xfd, 0x00, 0x00,
0x69, 0xfd, 0x00, 0x00, 0x62, 0xf2, 0x00, 0x00, 0x5d, 0xd7, 0x00, 0x00, 0x54, 0xe4, 0x00,
0x00, 0x57, 0xea, 0x00, 0x00, 0x62, 0xea, 0x00, 0x00, 0x62, 0xed, 0x00, 0x00, 0x64, 0xf4,
0x00, 0x00, 0x60, 0xed, 0x00, 0x00, 0x62, 0xef, 0x1d, 0x00, 0x66, 0xf9, 0xa1, 0x00, 0x6c,
0xff, 0xff, 0x00, 0x6a, 0xff, 0xff, 0x00, 0x6a, 0xff, 0xff, 0x00, 0x6a, 0xff, 0xff, 0x00,
0x6a, 0xff, 0xff, 0x00, 0x6a, 0xff, 0xff, 0x00, 0x6a, 0xff, 0xff, 0x00, 0x6a, 0xff, 0xff,
0x00, 0x6a, 0xff, 0xff, 0x00, 0x6a, 0xff, 0xff, 0x00, 0x6a, 0xff, 0xff, 0x00, 0x6a, 0xff,
0xff, 0x00, 0x6a, 0xff, 0xff, 0x00, 0x6a, 0xff, 0xff, 0x00, 0x6a, 0xff, 0xff, 0x00, 0x6a,
0xff, 0xff, 0x00, 0x6a, 0xff, 0xff, 0x00, 0x6a, 0xff, 0xff, 0x00, 0x6a, 0xff, 0xff, 0x00,
0x6a, 0xff, 0xff, 0x00, 0x6a, 0xff, 0xff, 0x00, 0x6a, 0xff, 0xff, 0x00, 0x6a, 0xff, 0xff,
0x00, 0x6a, 0xff, 0xff, 0x00, 0x6a, 0xff, 0xff, 0x00, 0x6a, 0xff, 0xff, 0x00, 0x6a, 0xff,
0xff, 0x00, 0x6a, 0xff, 0xff, 0x00, 0x6a, 0xff, 0xff, 0x00, 0x6a, 0xff, 0xff, 0x00, 0x6a,
0xff, 0xff, 0x00, 0x6a, 0xff, 0xff, 0x00, 0x6a, 0xff, 0xff, 0x00, 0x6a, 0xff, 0xff, 0x00,
0x6a, 0xff, 0xff, 0x00, 0x6a, 0xff, 0xff, 0x00, 0x6a, 0xff, 0xff, 0x00, 0x6a, 0xff, 0xff,
0x00, 0x6a, 0xff, 0xff, 0x00, 0x6a, 0xff, 0xff, 0x00, 0x6a, 0xff, 0xff, 0x00, 0x6a, 0xff,
0xff, 0x00, 0x6a, 0xff, 0xff, 0x00, 0x6a, 0xff, 0xff, 0x00, 0x6a, 0xff, 0xff, 0x00, 0x6a,
0xff, 0xff, 0x00, 0x6a, 0xff, 0xff, 0x00, 0x6a, 0xff, 0xff, 0x00, 0x6a, 0xff, 0xff, 0x00,
0x6a, 0xff, 0xff, 0x00, 0x6a, 0xff, 0xff, 0x00, 0x6a, 0xff, 0xff, 0x00, 0x6a, 0xff, 0xff,
0x00, 0x6a, 0xff, 0xff, 0x00, 0x6a, 0xff, 0xff, 0x00, 0x6a, 0xff, 0xff, 0x00, 0x6a, 0xff,
0xff, 0x00, 0x6a, 0xff, 0xff, 0x00, 0x69, 0xfd, 0xaa, 0x00, 0x69, 0xfb, 0x21, 0x00, 0x5f,
0xef, 0x00, 0x00, 0x64, 0xeb, 0x00, 0x00, 0x5d, 0xdc, 0x00, 0x00, 0x61, 0xee, 0x00, 0x00,
0x66, 0xf7, 0x00, 0x00, 0x63, 0xe3, 0x00, 0x00, 0x67, 0xfa, 0x00, 0x00, 0x69, 0xfc, 0x00,
0x00, 0x6a, 0xfd, 0x00, 0x00, 0x69, 0xfd, 0x00, 0x00, 0x6c, 0xff, 0x00, 0x00, 0x55, 0xe1,
0x00, 0x00, 0x03, 0x81, 0x00, 0x00, 0x00, 0x7f, 0x00, 0x00, 0x01, 0x80, 0x00, 0x00, 0x01,
0x80, 0x00, 0x00, 0x01, 0x80, 0x00, 0x00, 0x01, 0x80, 0x00, 0x00, 0x01, 0x80, 0x00, 0x00,
0x01, 0x80, 0x00, 0x00, 0x01, 0x80, 0x00, 0x00, 0x01, 0x80, 0x00, 0x00, 0x01, 0x80, 0x00,
0x00, 0x01, 0x80, 0x00, 0xff, 0xff, 0xff, 0x00, 0xff, 0xff, 0xff, 0x00, 0xff, 0xff, 0xff,
0x00, 0xff, 0xff, 0xff, 0x00, 0xff, 0xff, 0xff, 0x00, 0xff, 0xff, 0xff, 0x00, 0xff, 0xff,
0xff, 0x00, 0xff, 0xff, 0xff, 0x00, 0xff, 0xff, 0xff, 0x00, 0xff, 0xff, 0xff, 0x00, 0xff,
0xff, 0xff, 0x00, 0xff, 0xff, 0xff, 0x00, 0xff, 0xff, 0xff, 0x00, 0xff, 0xff, 0xff, 0x00,
0xff, 0xff, 0xff, 0x00, 0xff, 0xff, 0xff, 0x00, 0xff, 0xff, 0xff, 0x00, 0x00, 0x56, 0xab,
0x00, 0x00, 0x56, 0xab, 0x00, 0x00, 0x56, 0xab, 0x00, 0x00, 0x56, 0xab, 0x00, 0x00, 0x56,
0xab, 0x00, 0x00, 0x56, 0xab, 0x00, 0x00, 0x56, 0xab, 0x00, 0x00, 0x56, 0xab, 0x00, 0x00,
0x56, 0xab, 0x00, 0x00, 0x56, 0xab, 0x00, 0x00, 0x56, 0xab, 0x00, 0x00, 0x56, 0xab, 0x00,
0x00, 0x56, 0xa8, 0x00, 0x00, 0x57, 0xba, 0x00, 0x00, 0x66, 0xf9, 0x00, 0x00, 0x6a, 0xfd,
0x00, 0x00, 0x69, 0xfd, 0x00, 0x00, 0x62, 0xf2, 0x00, 0x00, 0x5d, 0xd7, 0x00, 0x00, 0x54,
0xe4, 0x00, 0x00, 0x57, 0xea, 0x00, 0x00, 0x62, 0xea, 0x00, 0x00, 0x62, 0xed, 0x00, 0x00,
0x65, 0xf5, 0x00, 0x00, 0x63, 0xf2, 0x59, 0x00, 0x6b, 0xff, 0xe9, 0x00, 0x6a, 0xff, 0xff,
0x00, 0x6a, 0xff, 0xff, 0x00, 0x6a, 0xff, 0xff, 0x00, 0x6a, 0xff, 0xff, 0x00, 0x6a, 0xff,
0xff, 0x00, 0x6a, 0xff, 0xff, 0x00, 0x6a, 0xff, 0xff, 0x00, 0x6a, 0xff, 0xff, 0x00, 0x6a,
0xff, 0xff, 0x00, 0x6a, 0xff, 0xff, 0x00, 0x6a, 0xff, 0xff, 0x00, 0x6a, 0xff, 0xff, 0x00,
0x6a, 0xff, 0xff, 0x00, 0x6a, 0xff, 0xff, 0x00, 0x6a, 0xff, 0xff, 0x00, 0x6a, 0xff, 0xff,
0x00, 0x6a, 0xff, 0xff, 0x00, 0x6a, 0xff, 0xff, 0x00, 0x6a, 0xff, 0xff, 0x00, 0x6a, 0xff,
0xff, 0x00, 0x6a, 0xff, 0xff, 0x00, 0x6a, 0xff, 0xff, 0x00, 0x6a, 0xff, 0xff, 0x00, 0x6a,
0xff, 0xff, 0x00, 0x6a, 0xff, 0xff, 0x00, 0x6a, 0xff, 0xff, 0x00, 0x6a, 0xff, 0xff, 0x00,
0x6a, 0xff, 0xff, 0x00, 0x6a, 0xff, 0xff, 0x00, 0x6a, 0xff, 0xff, 0x00, 0x6a, 0xff, 0xff,
0x00, 0x6a, 0xff, 0xff, 0x00, 0x6a, 0xff, 0xff, 0x00, 0x6a, 0xff, 0xff, 0x00, 0x6a, 0xff,
0xff, 0x00, 0x6a, 0xff, 0xff, 0x00, 0x6a, 0xff, 0xff, 0x00, 0x6a, 0xff, 0xff, 0x00, 0x6a,
0xff, 0xff, 0x00, 0x6a, 0xff, 0xff, 0x00, 0x6a, 0xff, 0xff, 0x00, 0x6a, 0xff, 0xff, 0x00,
0x6a, 0xff, 0xff, 0x00, 0x6a, 0xff, 0xff, 0x00, 0x6a, 0xff, 0xff, 0x00, 0x6a, 0xff, 0xff,
0x00, 0x6a, 0xff, 0xff, 0x00, 0x6a, 0xff, 0xff, 0x00, 0x6a, 0xff, 0xff, 0x00, 0x6a, 0xff,
0xff, 0x00, 0x6a, 0xff, 0xff, 0x00, 0x6a, 0xff, 0xff, 0x00, 0x6a, 0xff, 0xff, 0x00, 0x6a,
0xff, 0xff, 0x00, 0x6a, 0xff, 0xff, 0x00, 0x6a, 0xff, 0xff, 0x00, 0x6a, 0xff, 0xff, 0x00,
0x6a, 0xff, 0xff, 0x00, 0x6a, 0xff, 0xff, 0x00, 0x6a, 0xff, 0xff, 0x00, 0x6b, 0xff, 0xed,
0x00, 0x62, 0xf3, 0x5a, 0x00, 0x65, 0xeb, 0x00, 0x00, 0x5d, 0xdb, 0x00, 0x00, 0x61, 0xee,
0x00, 0x00, 0x66, 0xf7, 0x00, 0x00, 0x63, 0xe3, 0x00, 0x00, 0x67, 0xfa, 0x00, 0x00, 0x69,
0xfc, 0x00, 0x00, 0x6a, 0xfd, 0x00, 0x00, 0x69, 0xfd, 0x00, 0x00, 0x6c, 0xff, 0x00, 0x00,
0x55, 0xe1, 0x00, 0x00, 0x03, 0x81, 0x00, 0x00, 0x00, 0x7f, 0x00, 0x00, 0x01, 0x80, 0x00,
0x00, 0x01, 0x80, 0x00, 0x00, 0x01, 0x80, 0x00, 0x00, 0x01, 0x80, 0x00, 0x00, 0x01, 0x80,
0x00, 0x00, 0x01, 0x80, 0x00, 0x00, 0x01, 0x80, 0x00, 0x00, 0x01, 0x80, 0x00, 0x00, 0x01,
0x80, 0x00, 0x00, 0x01, 0x80, 0x00, 0xff, 0xff, 0xff, 0x00, 0xff, 0xff, 0xff, 0x00, 0xff,
0xff, 0xff, 0x00, 0xff, 0xff, 0xff, 0x00, 0xff, 0xff, 0xff, 0x00, 0xff, 0xff, 0xff, 0x00,
0xff, 0xff, 0xff, 0x00, 0xff, 0xff, 0xff, 0x00, 0xff, 0xff, 0xff, 0x00, 0xff, 0xff, 0xff,
0x00, 0xff, 0xff, 0xff, 0x00, 0xff, 0xff, 0xff, 0x00, 0xff, 0xff, 0xff, 0x00, 0xff, 0xff,
0xff, 0x00, 0xff, 0xff, 0xff, 0x00, 0xff, 0xff, 0xff, 0x00, 0xff, 0xff, 0xff, 0x00, 0x00,
0x56, 0xab, 0x00, 0x00, 0x56, 0xab, 0x00, 0x00, 0x56, 0xab, 0x00, 0x00, 0x56, 0xab, 0x00,
0x00, 0x56, 0xab, 0x00, 0x00, 0x56, 0xab, 0x00, 0x00, 0x56, 0xab, 0x00, 0x00, 0x56, 0xab,
0x00, 0x00, 0x56, 0xab, 0x00, 0x00, 0x56, 0xab, 0x00, 0x00, 0x56, 0xab, 0x00, 0x00, 0x56,
0xab, 0x00, 0x00, 0x56, 0xa8, 0x00, 0x00, 0x57, 0xba, 0x00, 0x00, 0x66, 0xf9, 0x00, 0x00,
0x6a, 0xfd, 0x00, 0x00, 0x69, 0xfd, 0x00, 0x00, 0x62, 0xf2, 0x00, 0x00, 0x5d, 0xd7, 0x00,
0x00, 0x54, 0xe4, 0x00, 0x00, 0x57, 0xea, 0x00, 0x00, 0x62, 0xe9, 0x00, 0x00, 0x62, 0xec,
0x0a, 0x00, 0x69, 0xfd, 0x9d, 0x00, 0x6a, 0xff, 0xff, 0x00, 0x6a, 0xff, 0xff, 0x00, 0x6a,
0xff, 0xff, 0x00, 0x6a, 0xff, 0xff, 0x00, 0x6a, 0xff, 0xff, 0x00, 0x6a, 0xff, 0xff, 0x00,
0x6a, 0xff, 0xff, 0x00, 0x6a, 0xff, 0xff, 0x00, 0x6a, 0xff, 0xff, 0x00, 0x6a, 0xff, 0xff,
0x00, 0x6a, 0xff, 0xff, 0x00, 0x6a, 0xff, 0xff, 0x00, 0x6a, 0xff, 0xff, 0x00, 0x6a, 0xff,
0xff, 0x00, 0x6a, 0xff, 0xff, 0x00, 0x6a, 0xff, 0xff, 0x00, 0x6a, 0xff, 0xff, 0x00, 0x6a,
0xff, 0xff, 0x00, 0x6a, 0xff, 0xff, 0x00, 0x6a, 0xff, 0xff, 0x00, 0x6a, 0xff, 0xff, 0x00,
0x6a, 0xff, 0xff, 0x00, 0x6a, 0xff, 0xff, 0x00, 0x6a, 0xff, 0xff, 0x00, 0x6a, 0xff, 0xff,
0x00, 0x6a, 0xff, 0xff, 0x00, 0x6a, 0xff, 0xff, 0x00, 0x6a, 0xff, 0xff, 0x00, 0x6a, 0xff,
0xff, 0x00, 0x6a, 0xff, 0xff, 0x00, 0x6a, 0xff, 0xff, 0x00, 0x6a, 0xff, 0xff, 0x00, 0x6a,
0xff, 0xff, 0x00, 0x6a, 0xff, 0xff, 0x00, 0x6a, 0xff, 0xff, 0x00, 0x6a, 0xff, 0xff, 0x00,
0x6a, 0xff, 0xff, 0x00, 0x6a, 0xff, 0xff, 0x00, 0x6a, 0xff, 0xff, 0x00, 0x6a, 0xff, 0xff,
0x00, 0x6a, 0xff, 0xff, 0x00, 0x6a, 0xff, 0xff, 0x00, 0x6a, 0xff, 0xff, 0x00, 0x6a, 0xff,
0xff, 0x00, 0x6a, 0xff, 0xff, 0x00, 0x6a, 0xff, 0xff, 0x00, 0x6a, 0xff, 0xff, 0x00, 0x6a,
0xff, 0xff, 0x00, 0x6a, 0xff, 0xff, 0x00, 0x6a, 0xff, 0xff, 0x00, 0x6a, 0xff, 0xff, 0x00,
0x6a, 0xff, 0xff, 0x00, 0x6a, 0xff, 0xff, 0x00, 0x6a, 0xff, 0xff, 0x00, 0x6a, 0xff, 0xff,
0x00, 0x6a, 0xff, 0xff, 0x00, 0x6a, 0xff, 0xff, 0x00, 0x6a, 0xff, 0xff, 0x00, 0x6a, 0xff,
0xff, 0x00, 0x6a, 0xff, 0xff, 0x00, 0x6a, 0xff, 0xff, 0x00, 0x6a, 0xff, 0xff, 0x00, 0x6a,
0xff, 0xff, 0x00, 0x6a, 0xff, 0xff, 0x00, 0x6a, 0xf9, 0x95, 0x00, 0x5c, 0xdc, 0x08, 0x00,
0x61, 0xee, 0x00, 0x00, 0x66, 0xf7, 0x00, 0x00, 0x63, 0xe3, 0x00, 0x00, 0x67, 0xfa, 0x00,
0x00, 0x69, 0xfc, 0x00, 0x00, 0x6a, 0xfd, 0x00, 0x00, 0x69, 0xfd, 0x00, 0x00, 0x6c, 0xff,
0x00, 0x00, 0x55, 0xe1, 0x00, 0x00, 0x03, 0x81, 0x00, 0x00, 0x00, 0x7f, 0x00, 0x00, 0x01,
0x80, 0x00, 0x00, 0x01, 0x80, 0x00, 0x00, 0x01, 0x80, 0x00, 0x00, 0x01, 0x80, 0x00, 0x00,
0x01, 0x80, 0x00, 0x00, 0x01, 0x80, 0x00, 0x00, 0x01, 0x80, 0x00, 0x00, 0x01, 0x80, 0x00,
0x00, 0x01, 0x80, 0x00, 0x00, 0x01, 0x80, 0x00, 0xff, 0xff, 0xff, 0x00, 0xff, 0xff, 0xff,
0x00, 0xff, 0xff, 0xff, 0x00, 0xff, 0xff, 0xff, 0x00, 0xff, 0xff, 0xff, 0x00, 0xff, 0xff,
0xff, 0x00, 0xff, 0xff, 0xff, 0x00, 0xff, 0xff, 0xff, 0x00, 0xff, 0xff, 0xff, 0x00, 0xff,
0xff, 0xff, 0x00, 0xff, 0xff, 0xff, 0x00, 0xff, 0xff, 0xff, 0x00, 0xff, 0xff, 0xff, 0x00,
0xff, 0xff, 0xff, 0x00, 0xff, 0xff, 0xff, 0x00, 0xff, 0xff, 0xff, 0x00, 0xff, 0xff, 0xff,
0x00, 0x00, 0x56, 0xab, 0x00, 0x00, 0x56, 0xab, 0x00, 0x00, 0x56, 0xab, 0x00, 0x00, 0x56,
0xab, 0x00, 0x00, 0x56, 0xab, 0x00, 0x00, 0x56, 0xab, 0x00, 0x00, 0x56, 0xab, 0x00, 0x00,
0x56, 0xab, 0x00, 0x00, 0x56, 0xab, 0x00, 0x00, 0x56, 0xab, 0x00, 0x00, 0x56, 0xab, 0x00,
0x00, 0x56, 0xab, 0x00, 0x00, 0x56, 0xa8, 0x00, 0x00, 0x57, 0xba, 0x00, 0x00, 0x66, 0xf9,
0x00, 0x00, 0x6a, 0xfd, 0x00, 0x00, 0x69, 0xfd, 0x00, 0x00, 0x62, 0xf2, 0x00, 0x00, 0x5d,
0xd7, 0x00, 0x00, 0x54, 0xe4, 0x00, 0x00, 0x56, 0xe8, 0x00, 0x00, 0x64, 0xf2, 0x33, 0x00,
0x69, 0xfa, 0xce, 0x00, 0x6a, 0xff, 0xff, 0x00, 0x6a, 0xff, 0xff, 0x00, 0x6a, 0xff, 0xff,
0x00, 0x6a, 0xff, 0xff, 0x00, 0x6a, 0xff, 0xff, 0x00, 0x6a, 0xff, 0xff, 0x00, 0x6a, 0xff,
0xff, 0x00, 0x6a, 0xff, 0xff, 0x00, 0x6a, 0xff, 0xff, 0x00, 0x6a, 0xff, 0xff, 0x00, 0x6a,
0xff, 0xff, 0x00, 0x6a, 0xff, 0xff, 0x00, 0x6a, 0xff, 0xff, 0x00, 0x6a, 0xff, 0xff, 0x00,
0x6a, 0xff, 0xff, 0x00, 0x6a, 0xff, 0xff, 0x00, 0x6a, 0xff, 0xff, 0x00, 0x6a, 0xff, 0xff,
0x00, 0x6a, 0xff, 0xff, 0x00, 0x6a, 0xff, 0xff, 0x00, 0x6a, 0xff, 0xff, 0x00, 0x6a, 0xff,
0xff, 0x00, 0x6a, 0xff, 0xff, 0x00, 0x6a, 0xff, 0xff, 0x00, 0x6a, 0xff, 0xff, 0x00, 0x6a,
0xff, 0xff, 0x00, 0x6a, 0xff, 0xff, 0x00, 0x6a, 0xff, 0xff, 0x00, 0x6a, 0xff, 0xff, 0x00,
0x6a, 0xff, 0xff, 0x00, 0x6a, 0xff, 0xff, 0x00, 0x6a, 0xff, 0xff, 0x00, 0x6a, 0xff, 0xff,
0x00, 0x6a, 0xff, 0xff, 0x00, 0x6a, 0xff, 0xff, 0x00, 0x6a, 0xff, 0xff, 0x00, 0x6a, 0xff,
0xff, 0x00, 0x6a, 0xff, 0xff, 0x00, 0x6a, 0xff, 0xff, 0x00, 0x6a, 0xff, 0xff, 0x00, 0x6a,
0xff, 0xff, 0x00, 0x6a, 0xff, 0xff, 0x00, 0x6a, 0xff, 0xff, 0x00, 0x6a, 0xff, 0xff, 0x00,
0x6a, 0xff, 0xff, 0x00, 0x6a, 0xff, 0xff, 0x00, 0x6a, 0xff, 0xff, 0x00, 0x6a, 0xff, 0xff,
0x00, 0x6a, 0xff, 0xff, 0x00, 0x6a, 0xff, 0xff, 0x00, 0x6a, 0xff, 0xff, 0x00, 0x6a, 0xff,
0xff, 0x00, 0x6a, 0xff, 0xff, 0x00, 0x6a, 0xff, 0xff, 0x00, 0x6a, 0xff, 0xff, 0x00, 0x6a,
0xff, 0xff, 0x00, 0x6a, 0xff, 0xff, 0x00, 0x6a, 0xff, 0xff, 0x00, 0x6a, 0xff, 0xff, 0x00,
0x6a, 0xff, 0xff, 0x00, 0x6a, 0xff, 0xff, 0x00, 0x6a, 0xff, 0xff, 0x00, 0x6a, 0xff, 0xff,
0x00, 0x6a, 0xff, 0xff, 0x00, 0x6a, 0xff, 0xff, 0x00, 0x6a, 0xff, 0xff, 0x00, 0x69, 0xf9,
0xc4, 0x00, 0x62, 0xf1, 0x20, 0x00, 0x66, 0xf7, 0x00, 0x00, 0x63, 0xe3, 0x00, 0x00, 0x67,
0xfa, 0x00, 0x00, 0x69, 0xfc, 0x00, 0x00, 0x6a, 0xfd, 0x00, 0x00, 0x69, 0xfd, 0x00, 0x00,
0x6c, 0xff, 0x00, 0x00, 0x55, 0xe1, 0x00, 0x00, 0x03, 0x81, 0x00, 0x00, 0x00, 0x7f, 0x00,
0x00, 0x01, 0x80, 0x00, 0x00, 0x01, 0x80, 0x00, 0x00, 0x01, 0x80, 0x00, 0x00, 0x01, 0x80,
0x00, 0x00, 0x01, 0x80, 0x00, 0x00, 0x01, 0x80, 0x00, 0x00, 0x01, 0x80, 0x00, 0x00, 0x01,
0x80, 0x00, 0x00, 0x01, 0x80, 0x00, 0x00, 0x01, 0x80, 0x00, 0xff, 0xff, 0xff, 0x00, 0xff,
0xff, 0xff, 0x00, 0xff, 0xff, 0xff, 0x00, 0xff, 0xff, 0xff, 0x00, 0xff, 0xff, 0xff, 0x00,
0xff, 0xff, 0xff, 0x00, 0xff, 0xff, 0xff, 0x00, 0xff, 0xff, 0xff, 0x00, 0xff, 0xff, 0xff,
0x00, 0xff, 0xff, 0xff, 0x00, 0xff, 0xff, 0xff, 0x00, 0xff, 0xff, 0xff, 0x00, 0xff, 0xff,
0xff, 0x00, 0xff, 0xff, 0xff, 0x00, 0xff, 0xff, 0xff, 0x00, 0xff, 0xff, 0xff, 0x00, 0xff,
0xff, 0xff, 0x00, 0x00, 0x56, 0xab, 0x00, 0x00, 0x56, 0xab, 0x00, 0x00, 0x56, 0xab, 0x00,
0x00, 0x56, 0xab, 0x00, 0x00, 0x56, 0xab, 0x00, 0x00, 0x56, 0xab, 0x00, 0x00, 0x56, 0xab,
0x00, 0x00, 0x56, 0xab, 0x00, 0x00, 0x56, 0xab, 0x00, 0x00, 0x56, 0xab, 0x00, 0x00, 0x56,
0xab, 0x00, 0x00, 0x56, 0xab, 0x00, 0x00, 0x56, 0xa8, 0x00, 0x00, 0x57, 0xba, 0x00, 0x00,
0x66, 0xf9, 0x00, 0x00, 0x6a, 0xfd, 0x00, 0x00, 0x69, 0xfd, 0x00, 0x00, 0x62, 0xf2, 0x00,
0x00, 0x5d, 0xd7, 0x00, 0x00, 0x53, 0xe4, 0x00, 0x00, 0x5c, 0xee, 0x5e, 0x00, 0x6b, 0xff,
0xf1, 0x00, 0x6b, 0xff, 0xff, 0x00, 0x6a, 0xff, 0xff, 0x00, 0x6a, 0xff, 0xff, 0x00, 0x6a,
0xff, 0xff, 0x00, 0x6a, 0xff, 0xff, 0x00, 0x6a, 0xff, 0xff, 0x00, 0x6a, 0xff, 0xff, 0x00,
0x6a, 0xff, 0xff, 0x00, 0x6a, 0xff, 0xff, 0x00, 0x6a, 0xff, 0xff, 0x00, 0x6a, 0xff, 0xff,
0x00, 0x6a, 0xff, 0xff, 0x00, 0x6a, 0xff, 0xff, 0x00, 0x6a, 0xff, 0xff, 0x00, 0x6a, 0xff,
0xff, 0x00, 0x6a, 0xff, 0xff, 0x00, 0x6a, 0xff, 0xff, 0x00, 0x6a, 0xff, 0xff, 0x00, 0x6a,
0xff, 0xff, 0x00, 0x6a, 0xff, 0xff, 0x00, 0x6a, 0xff, 0xff, 0x00, 0x6a, 0xff, 0xff, 0x00,
0x6a, 0xff, 0xff, 0x00, 0x6a, 0xff, 0xff, 0x00, 0x6a, 0xff, 0xff, 0x00, 0x6a, 0xff, 0xff,
0x00, 0x6a, 0xff, 0xff, 0x00, 0x6a, 0xff, 0xff, 0x00, 0x6a, 0xff, 0xff, 0x00, 0x6a, 0xff,
0xff, 0x00, 0x6a, 0xff, 0xff, 0x00, 0x6a, 0xff, 0xff, 0x00, 0x6a, 0xff, 0xff, 0x00, 0x6a,
0xff, 0xff, 0x00, 0x6a, 0xff, 0xff, 0x00, 0x6a, 0xff, 0xff, 0x00, 0x6a, 0xff, 0xff, 0x00,
0x6a, 0xff, 0xff, 0x00, 0x6a, 0xff, 0xff, 0x00, 0x6a, 0xff, 0xff, 0x00, 0x6a, 0xff, 0xff,
0x00, 0x6a, 0xff, 0xff, 0x00, 0x6a, 0xff, 0xff, 0x00, 0x6a, 0xff, 0xff, 0x00, 0x6a, 0xff,
0xff, 0x00, 0x6a, 0xff, 0xff, 0x00, 0x6a, 0xff, 0xff, 0x00, 0x6a, 0xff, 0xff, 0x00, 0x6a,
0xff, 0xff, 0x00, 0x6a, 0xff, 0xff, 0x00, 0x6a, 0xff, 0xff, 0x00, 0x6a, 0xff, 0xff, 0x00,
0x6a, 0xff, 0xff, 0x00, 0x6a, 0xff, 0xff, 0x00, 0x6a, 0xff, 0xff, 0x00, 0x6a, 0xff, 0xff,
0x00, 0x6a, 0xff, 0xff, 0x00, 0x6a, 0xff, 0xff, 0x00, 0x6a, 0xff, 0xff, 0x00, 0x6a, 0xff,
0xff, 0x00, 0x6a, 0xff, 0xff, 0x00, 0x6a, 0xff, 0xff, 0x00, 0x6a, 0xff, 0xff, 0x00, 0x6a,
0xff, 0xff, 0x00, 0x6a, 0xff, 0xff, 0x00, 0x6a, 0xff, 0xff, 0x00, 0x6a, 0xff, 0xff, 0x00,
0x6b, 0xff, 0xff, 0x00, 0x69, 0xfd, 0xe1, 0x00, 0x68, 0xfa, 0x3a, 0x00, 0x62, 0xe1, 0x00,
0x00, 0x67, 0xfa, 0x00, 0x00, 0x69, 0xfc, 0x00, 0x00, 0x6a, 0xfd, 0x00, 0x00, 0x69, 0xfd,
0x00, 0x00, 0x6c, 0xff, 0x00, 0x00, 0x55, 0xe1, 0x00, 0x00, 0x03, 0x81, 0x00, 0x00, 0x00,
0x7f, 0x00, 0x00, 0x01, 0x80, 0x00, 0x00, 0x01, 0x80, 0x00, 0x00, 0x01, 0x80, 0x00, 0x00,
0x01, 0x80, 0x00, 0x00, 0x01, 0x80, 0x00, 0x00, 0x01, 0x80, 0x00, 0x00, 0x01, 0x80, 0x00,
0x00, 0x01, 0x80, 0x00, 0x00, 0x01, 0x80, 0x00, 0x00, 0x01, 0x80, 0x00, 0xff, 0xff, 0xff,
0x00, 0xff, 0xff, 0xff, 0x00, 0xff, 0xff, 0xff, 0x00, 0xff, 0xff, 0xff, 0x00, 0xff, 0xff,
0xff, 0x00, 0xff, 0xff, 0xff, 0x00, 0xff, 0xff, 0xff, 0x00, 0xff, 0xff, 0xff, 0x00, 0xff,
0xff, 0xff, 0x00, 0xff, 0xff, 0xff, 0x00, 0xff, 0xff, 0xff, 0x00, 0xff, 0xff, 0xff, 0x00,
0xff, 0xff, 0xff, 0x00, 0xff, 0xff, 0xff, 0x00, 0xff, 0xff, 0xff, 0x00, 0xff, 0xff, 0xff,
0x00, 0xff, 0xff, 0xff, 0x00, 0x00, 0x56, 0xab, 0x00, 0x00, 0x56, 0xab, 0x00, 0x00, 0x56,
0xab, 0x00, 0x00, 0x56, 0xab, 0x00, 0x00, 0x56, 0xab, 0x00, 0x00, 0x56, 0xab, 0x00, 0x00,
0x56, 0xab, 0x00, 0x00, 0x56, 0xab, 0x00, 0x00, 0x56, 0xab, 0x00, 0x00, 0x56, 0xab, 0x00,
0x00, 0x56, 0xab, 0x00, 0x00, 0x56, 0xab, 0x00, 0x00, 0x56, 0xa8, 0x00, 0x00, 0x57, 0xba,
0x00, 0x00, 0x66, 0xf9, 0x00, 0x00, 0x6a, 0xfd, 0x00, 0x00, 0x69, 0xfd, 0x00, 0x00, 0x62,
0xf2, 0x00, 0x00, 0x59, 0xd3, 0x00, 0x00, 0x67, 0xfa, 0x81, 0x00, 0x68, 0xfd, 0xfe, 0x00,
0x6b, 0xff, 0xff, 0x00, 0x6a, 0xff, 0xff, 0x00, 0x6a, 0xff, 0xff, 0x00, 0x6a, 0xff, 0xff,
0x00, 0x6a, 0xff, 0xff, 0x00, 0x6a, 0xff, 0xff, 0x00, 0x6a, 0xff, 0xff, 0x00, 0x6a, 0xff,
0xff, 0x00, 0x6a, 0xff, 0xff, 0x00, 0x6a, 0xff, 0xff, 0x00, 0x6a, 0xff, 0xff, 0x00, 0x6a,
0xff, 0xff, 0x00, 0x6a, 0xff, 0xff, 0x00, 0x6a, 0xff, 0xff, 0x00, 0x6a, 0xff, 0xff, 0x00,
0x6a, 0xff, 0xff, 0x00, 0x6a, 0xff, 0xff, 0x00, 0x6a, 0xff, 0xff, 0x00, 0x6a, 0xff, 0xff,
0x00, 0x6a, 0xff, 0xff, 0x00, 0x6a, 0xff, 0xff, 0x00, 0x6a, 0xff, 0xff, 0x00, 0x6a, 0xff,
0xff, 0x00, 0x6a, 0xff, 0xff, 0x00, 0x6a, 0xff, 0xff, 0x00, 0x6a, 0xff, 0xff, 0x00, 0x6a,
0xff, 0xff, 0x00, 0x6a, 0xff, 0xff, 0x00, 0x6a, 0xff, 0xff, 0x00, 0x6a, 0xff, 0xff, 0x00,
0x6a, 0xff, 0xff, 0x00, 0x6a, 0xff, 0xff, 0x00, 0x6a, 0xff, 0xff, 0x00, 0x6a, 0xff, 0xff,
0x00, 0x6a, 0xff, 0xff, 0x00, 0x6a, 0xff, 0xff, 0x00, 0x6a, 0xff, 0xff, 0x00, 0x6a, 0xff,
0xff, 0x00, 0x6a, 0xff, 0xff, 0x00, 0x6a, 0xff, 0xff, 0x00, 0x6a, 0xff, 0xff, 0x00, 0x6a,
0xff, 0xff, 0x00, 0x6a, 0xff, 0xff, 0x00, 0x6a, 0xff, 0xff, 0x00, 0x6a, 0xff, 0xff, 0x00,
0x6a, 0xff, 0xff, 0x00, 0x6a, 0xff, 0xff, 0x00, 0x6a, 0xff, 0xff, 0x00, 0x6a, 0xff, 0xff,
0x00, 0x6a, 0xff, 0xff, 0x00, 0x6a, 0xff, 0xff, 0x00, 0x6a, 0xff, 0xff, 0x00, 0x6a, 0xff,
0xff, 0x00, 0x6a, 0xff, 0xff, 0x00, 0x6a, 0xff, 0xff, 0x00, 0x6a, 0xff, 0xff, 0x00, 0x6a,
0xff, 0xff, 0x00, 0x6a, 0xff, 0xff, 0x00, 0x6a, 0xff, 0xff, 0x00, 0x6a, 0xff, 0xff, 0x00,
0x6a, 0xff, 0xff, 0x00, 0x6a, 0xff, 0xff, 0x00, 0x6a, 0xff, 0xff, 0x00, 0x6a, 0xff, 0xff,
0x00, 0x6a, 0xff, 0xff, 0x00, 0x6a, 0xff, 0xff, 0x00, 0x6a, 0xff, 0xff, 0x00, 0x6a, 0xff,
0xff, 0x00, 0x6a, 0xff, 0xff, 0x00, 0x6a, 0xff, 0xff, 0x00, 0x6a, 0xfe, 0xf1, 0x00, 0x65,
0xed, 0x50, 0x00, 0x67, 0xf9, 0x00, 0x00, 0x69, 0xfc, 0x00, 0x00, 0x6a, 0xfd, 0x00, 0x00,
0x69, 0xfd, 0x00, 0x00, 0x6c, 0xff, 0x00, 0x00, 0x55, 0xe1, 0x00, 0x00, 0x03, 0x81, 0x00,
0x00, 0x00, 0x7f, 0x00, 0x00, 0x01, 0x80, 0x00, 0x00, 0x01, 0x80, 0x00, 0x00, 0x01, 0x80,
0x00, 0x00, 0x01, 0x80, 0x00, 0x00, 0x01, 0x80, 0x00, 0x00, 0x01, 0x80, 0x00, 0x00, 0x01,
0x80, 0x00, 0x00, 0x01, 0x80, 0x00, 0x00, 0x01, 0x80, 0x00, 0x00, 0x01, 0x80, 0x00, 0xff,
0xff, 0xff, 0x00, 0xff, 0xff, 0xff, 0x00, 0xff, 0xff, 0xff, 0x00, 0xff, 0xff, 0xff, 0x00,
0xff, 0xff, 0xff, 0x00, 0xff, 0xff, 0xff, 0x00, 0xff, 0xff, 0xff, 0x00, 0xff, 0xff, 0xff,
0x00, 0xff, 0xff, 0xff, 0x00, 0xff, 0xff, 0xff, 0x00, 0xff, 0xff, 0xff, 0x00, 0xff, 0xff,
0xff, 0x00, 0xff, 0xff, 0xff, 0x00, 0xff, 0xff, 0xff, 0x00, 0xff, 0xff, 0xff, 0x00, 0xff,
0xff, 0xff, 0x00, 0xff, 0xff, 0xff, 0x00, 0x00, 0x56, 0xab, 0x00, 0x00, 0x56, 0xab, 0x00,
0x00, 0x56, 0xab, 0x00, 0x00, 0x56, 0xab, 0x00, 0x00, 0x56, 0xab, 0x00, 0x00, 0x56, 0xab,
0x00, 0x00, 0x56, 0xab, 0x00, 0x00, 0x56, 0xab, 0x00, 0x00, 0x56, 0xab, 0x00, 0x00, 0x56,
0xab, 0x00, 0x00, 0x56, 0xab, 0x00, 0x00, 0x56, 0xab, 0x00, 0x00, 0x56, 0xa8, 0x00, 0x00,
0x57, 0xba, 0x00, 0x00, 0x66, 0xf9, 0x00, 0x00, 0x6a, 0xfd, 0x00, 0x00, 0x69, 0xfd, 0x00,
0x00, 0x64, 0xf5, 0x03, 0x00, 0x63, 0xef, 0x9a, 0x00, 0x6c, 0xff, 0xff, 0x00, 0x6a, 0xff,
0xff, 0x00, 0x6a, 0xff, 0xff, 0x00, 0x6a, 0xff, 0xff, 0x00, 0x6a, 0xff, 0xff, 0x00, 0x6a,
0xff, 0xff, 0x00, 0x6a, 0xff, 0xff, 0x00, 0x6a, 0xff, 0xff, 0x00, 0x6a, 0xff, 0xff, 0x00,
0x6a, 0xff, 0xff, 0x00, 0x6a, 0xff, 0xff, 0x00, 0x6a, 0xff, 0xff, 0x00, 0x6a, 0xff, 0xff,
0x00, 0x6a, 0xff, 0xff, 0x00, 0x6a, 0xff, 0xff, 0x00, 0x6a, 0xff, 0xff, 0x00, 0x6a, 0xff,
0xff, 0x00, 0x6a, 0xff, 0xff, 0x00, 0x6a, 0xff, 0xff, 0x00, 0x6a, 0xff, 0xff, 0x00, 0x6a,
0xff, 0xff, 0x00, 0x6a, 0xff, 0xff, 0x00, 0x6a, 0xff, 0xff, 0x00, 0x6a, 0xff, 0xff, 0x00,
0x6a, 0xff, 0xff, 0x00, 0x6a, 0xff, 0xff, 0x00, 0x6a, 0xff, 0xff, 0x00, 0x6a, 0xff, 0xff,
0x00, 0x6a, 0xff, 0xff, 0x00, 0x6a, 0xff, 0xff, 0x00, 0x6a, 0xff, 0xff, 0x00, 0x6a, 0xff,
0xff, 0x00, 0x6a, 0xff, 0xff, 0x00, 0x6a, 0xff, 0xff, 0x00, 0x6a, 0xff, 0xff, 0x00, 0x6a,
0xff, 0xff, 0x00, 0x6a, 0xff, 0xff, 0x00, 0x6a, 0xff, 0xff, 0x00, 0x6a, 0xff, 0xff, 0x00,
0x6a, 0xff, 0xff, 0x00, 0x6a, 0xff, 0xff, 0x00, 0x6a, 0xff, 0xff, 0x00, 0x6a, 0xff, 0xff,
0x00, 0x6a, 0xff, 0xff, 0x00, 0x6a, 0xff, 0xff, 0x00, 0x6a, 0xff, 0xff, 0x00, 0x6a, 0xff,
0xff, 0x00, 0x6a, 0xff, 0xff, 0x00, 0x6a, 0xff, 0xff, 0x00, 0x6a, 0xff, 0xff, 0x00, 0x6a,
0xff, 0xff, 0x00, 0x6a, 0xff, 0xff, 0x00, 0x6a, 0xff, 0xff, 0x00, 0x6a, 0xff, 0xff, 0x00,
0x6a, 0xff, 0xff, 0x00, 0x6a, 0xff, 0xff, 0x00, 0x6a, 0xff, 0xff, 0x00, 0x6a, 0xff, 0xff,
0x00, 0x6a, 0xff, 0xff, 0x00, 0x6a, 0xff, 0xff, 0x00, 0x6a, 0xff, 0xff, 0x00, 0x6a, 0xff,
0xff, 0x00, 0x6a, 0xff, 0xff, 0x00, 0x6a, 0xff, 0xff, 0x00, 0x6a, 0xff, 0xff, 0x00, 0x6a,
0xff, 0xff, 0x00, 0x6a, 0xff, 0xff, 0x00, 0x6a, 0xff, 0xff, 0x00, 0x6a, 0xff, 0xff, 0x00,
0x6a, 0xff, 0xff, 0x00, 0x6a, 0xff, 0xff, 0x00, 0x6a, 0xff, 0xff, 0x00, 0x6a, 0xff, 0xff,
0x00, 0x6a, 0xff, 0xf7, 0x00, 0x69, 0xfc, 0x5e, 0x00, 0x69, 0xfc, 0x00, 0x00, 0x6a, 0xfd,
0x00, 0x00, 0x69, 0xfd, 0x00, 0x00, 0x6c, 0xff, 0x00, 0x00, 0x55, 0xe1, 0x00, 0x00, 0x03,
0x81, 0x00, 0x00, 0x00, 0x7f, 0x00, 0x00, 0x01, 0x80, 0x00, 0x00, 0x01, 0x80, 0x00, 0x00,
0x01, 0x80, 0x00, 0x00, 0x01, 0x80, 0x00, 0x00, 0x01, 0x80, 0x00, 0x00, 0x01, 0x80, 0x00,
0x00, 0x01, 0x80, 0x00, 0x00, 0x01, 0x80, 0x00, 0x00, 0x01, 0x80, 0x00, 0x00, 0x01, 0x80,
0x00, 0xff, 0xff, 0xff, 0x00, 0xff, 0xff, 0xff, 0x00, 0xff, 0xff, 0xff, 0x00, 0xff, 0xff,
0xff, 0x00, 0xff, 0xff, 0xff, 0x00, 0xff, 0xff, 0xff, 0x00, 0xff, 0xff, 0xff, 0x00, 0xff,
0xff, 0xff, 0x00, 0xff, 0xff, 0xff, 0x00, 0xff, 0xff, 0xff, 0x00, 0xff, 0xff, 0xff, 0x00,
0xff, 0xff, 0xff, 0x00, 0xff, 0xff, 0xff, 0x00, 0xff, 0xff, 0xff, 0x00, 0xff, 0xff, 0xff,
0x00, 0xff, 0xff, 0xff, 0x00, 0xff, 0xff, 0xff, 0x00, 0x00, 0x56, 0xab, 0x00, 0x00, 0x56,
0xab, 0x00, 0x00, 0x56, 0xab, 0x00, 0x00, 0x56, 0xab, 0x00, 0x00, 0x56, 0xab, 0x00, 0x00,
0x56, 0xab, 0x00, 0x00, 0x56, 0xab, 0x00, 0x00, 0x56, 0xab, 0x00, 0x00, 0x56, 0xab, 0x00,
0x00, 0x56, 0xab, 0x00, 0x00, 0x56, 0xab, 0x00, 0x00, 0x56, 0xab, 0x00, 0x00, 0x56, 0xa8,
0x00, 0x00, 0x57, 0xba, 0x00, 0x00, 0x66, 0xf9, 0x00, 0x00, 0x6a, 0xfd, 0x00, 0x00, 0x68,
0xfc, 0x08, 0x00, 0x69, 0xfd, 0xaa, 0x00, 0x6b, 0xff, 0xff, 0x00, 0x6a, 0xff, 0xff, 0x00,
0x6a, 0xff, 0xff, 0x00, 0x6a, 0xff, 0xff, 0x00, 0x6a, 0xff, 0xff, 0x00, 0x6a, 0xff, 0xff,
0x00, 0x6a, 0xff, 0xff, 0x00, 0x6a, 0xff, 0xff, 0x00, 0x6a, 0xff, 0xff, 0x00, 0x6a, 0xff,
0xff, 0x00, 0x6a, 0xff, 0xff, 0x00, 0x6a, 0xff, 0xff, 0x00, 0x6a, 0xff, 0xff, 0x00, 0x6a,
0xff, 0xff, 0x00, 0x6a, 0xff, 0xff, 0x00, 0x6a, 0xff, 0xff, 0x00, 0x6a, 0xff, 0xff, 0x00,
0x6a, 0xff, 0xff, 0x00, 0x6a, 0xff, 0xff, 0x00, 0x6a, 0xff, 0xff, 0x00, 0x6a, 0xff, 0xff,
0x00, 0x6a, 0xff, 0xff, 0x00, 0x6a, 0xff, 0xff, 0x00, 0x6a, 0xff, 0xff, 0x00, 0x6a, 0xff,
0xff, 0x00, 0x6a, 0xff, 0xff, 0x00, 0x6a, 0xff, 0xff, 0x00, 0x6a, 0xff, 0xff, 0x00, 0x6a,
0xff, 0xff, 0x00, 0x6a, 0xff, 0xff, 0x00, 0x6a, 0xff, 0xff, 0x00, 0x6a, 0xff, 0xff, 0x00,
0x6a, 0xff, 0xff, 0x00, 0x6a, 0xff, 0xff, 0x00, 0x6a, 0xff, 0xff, 0x00, 0x6a, 0xff, 0xff,
0x00, 0x6a, 0xff, 0xff, 0x00, 0x6a, 0xff, 0xff, 0x00, 0x6a, 0xff, 0xff, 0x00, 0x6a, 0xff,
0xff, 0x00, 0x6a, 0xff, 0xff, 0x00, 0x6a, 0xff, 0xff, 0x00, 0x6a, 0xff, 0xff, 0x00, 0x6a,
0xff, 0xff, 0x00, 0x6a, 0xff, 0xff, 0x00, 0x6a, 0xff, 0xff, 0x00, 0x6a, 0xff, 0xff, 0x00,
0x6a, 0xff, 0xff, 0x00, 0x6a, 0xff, 0xff, 0x00, 0x6a, 0xff, 0xff, 0x00, 0x6a, 0xff, 0xff,
0x00, 0x6a, 0xff, 0xff, 0x00, 0x6a, 0xff, 0xff, 0x00, 0x6a, 0xff, 0xff, 0x00, 0x6a, 0xff,
0xff, 0x00, 0x6a, 0xff, 0xff, 0x00, 0x6a, 0xff, 0xff, 0x00, 0x6a, 0xff, 0xff, 0x00, 0x6a,
0xff, 0xff, 0x00, 0x6a, 0xff, 0xff, 0x00, 0x6a, 0xff, 0xff, 0x00, 0x6a, 0xff, 0xff, 0x00,
0x6a, 0xff, 0xff, 0x00, 0x6a, 0xff, 0xff, 0x00, 0x6a, 0xff, 0xff, 0x00, 0x6a, 0xff, 0xff,
0x00, 0x6a, 0xff, 0xff, 0x00, 0x6a, 0xff, 0xff, 0x00, 0x6a, 0xff, 0xff, 0x00, 0x6a, 0xff,
0xff, 0x00, 0x6a, 0xff, 0xff, 0x00, 0x6a, 0xff, 0xff, 0x00, 0x6a, 0xff, 0xff, 0x00, 0x6a,
0xff, 0xff, 0x00, 0x6a, 0xff, 0xff, 0x00, 0x6a, 0xff, 0xfa, 0x00, 0x69, 0xfd, 0x6f, 0x00,
0x6a, 0xfd, 0x00, 0x00, 0x69, 0xfd, 0x00, 0x00, 0x6c, 0xff, 0x00, 0x00, 0x55, 0xe1, 0x00,
0x00, 0x03, 0x81, 0x00, 0x00, 0x00, 0x7f, 0x00, 0x00, 0x01, 0x80, 0x00, 0x00, 0x01, 0x80,
0x00, 0x00, 0x01, 0x80, 0x00, 0x00, 0x01, 0x80, 0x00, 0x00, 0x01, 0x80, 0x00, 0x00, 0x01,
0x80, 0x00, 0x00, 0x01, 0x80, 0x00, 0x00, 0x01, 0x80, 0x00, 0x00, 0x01, 0x80, 0x00, 0x00,
0x01, 0x80, 0x00, 0xff, 0xff, 0xff, 0x00, 0xff, 0xff, 0xff, 0x00, 0xff, 0xff, 0xff, 0x00,
0xff, 0xff, 0xff, 0x00, 0xff, 0xff, 0xff, 0x00, 0xff, 0xff, 0xff, 0x00, 0xff, 0xff, 0xff,
0x00, 0xff, 0xff, 0xff, 0x00, 0xff, 0xff, 0xff, 0x00, 0xff, 0xff, 0xff, 0x00, 0xff, 0xff,
0xff, 0x00, 0xff, 0xff, 0xff, 0x00, 0xff, 0xff, 0xff, 0x00, 0xff, 0xff, 0xff, 0x00, 0xff,
0xff, 0xff, 0x00, 0xff, 0xff, 0xff, 0x00, 0xff, 0xff, 0xff, 0x00, 0x00, 0x56, 0xab, 0x00,
0x00, 0x56, 0xab, 0x00, 0x00, 0x56, 0xab, 0x00, 0x00, 0x56, 0xab, 0x00, 0x00, 0x56, 0xab,
0x00, 0x00, 0x56, 0xab, 0x00, 0x00, 0x56, 0xab, 0x00, 0x00, 0x56, 0xab, 0x00, 0x00, 0x56,
0xab, 0x00, 0x00, 0x56, 0xab, 0x00, 0x00, 0x56, 0xab, 0x00, 0x00, 0x56, 0xab, 0x00, 0x00,
0x56, 0xa8, 0x00, 0x00, 0x57, 0xba, 0x00, 0x00, 0x66, 0xf9, 0x00, 0x00, 0x6a, 0xfd, 0x06,
0x00, 0x6a, 0xfe, 0xbd, 0x00, 0x6a, 0xff, 0xff, 0x00, 0x6a, 0xff, 0xff, 0x00, 0x6a, 0xff,
0xff, 0x00, 0x6a, 0xff, 0xff, 0x00, 0x6a, 0xff, 0xff, 0x00, 0x6a, 0xff, 0xff, 0x00, 0x6a,
0xff, 0xff, 0x00, 0x6a, 0xff, 0xff, 0x00, 0x6a, 0xff, 0xff, 0x00, 0x6a, 0xff, 0xff, 0x00,
0x6a, 0xff, 0xff, 0x00, 0x6a, 0xff, 0xff, 0x00, 0x6a, 0xff, 0xff, 0x00, 0x6a, 0xff, 0xff,
0x00, 0x6a, 0xff, 0xff, 0x00, 0x6a, 0xff, 0xff, 0x00, 0x6a, 0xff, 0xff, 0x00, 0x6a, 0xff,
0xff, 0x00, 0x6a, 0xff, 0xff, 0x00, 0x6a, 0xff, 0xff, 0x00, 0x6a, 0xff, 0xff, 0x00, 0x6a,
0xff, 0xff, 0x00, 0x6a, 0xff, 0xff, 0x00, 0x6a, 0xff, 0xff, 0x00, 0x6a, 0xff, 0xff, 0x00,
0x6a, 0xff, 0xff, 0x00, 0x6a, 0xff, 0xff, 0x00, 0x6a, 0xff, 0xff, 0x00, 0x6a, 0xff, 0xff,
0x00, 0x6a, 0xff, 0xff, 0x00, 0x6a, 0xff, 0xff, 0x00, 0x6a, 0xff, 0xff, 0x00, 0x6a, 0xff,
0xff, 0x00, 0x6a, 0xff, 0xff, 0x00, 0x6a, 0xff, 0xff, 0x00, 0x6a, 0xff, 0xff, 0x00, 0x6a,
0xff, 0xff, 0x00, 0x6a, 0xff, 0xff, 0x00, 0x6a, 0xff, 0xff, 0x00, 0x6a, 0xff, 0xff, 0x00,
0x6a, 0xff, 0xff, 0x00, 0x6a, 0xff, 0xff, 0x00, 0x6a, 0xff, 0xff, 0x00, 0x6a, 0xff, 0xff,
0x00, 0x6a, 0xff, 0xff, 0x00, 0x6a, 0xff, 0xff, 0x00, 0x6a, 0xff, 0xff, 0x00, 0x6a, 0xff,
0xff, 0x00, 0x6a, 0xff, 0xff, 0x00, 0x6a, 0xff, 0xff, 0x00, 0x6a, 0xff, 0xff, 0x00, 0x6a,
0xff, 0xff, 0x00, 0x6a, 0xff, 0xff, 0x00, 0x6a, 0xff, 0xff, 0x00, 0x6a, 0xff, 0xff, 0x00,
0x6a, 0xff, 0xff, 0x00, 0x6a, 0xff, 0xff, 0x00, 0x6a, 0xff, 0xff, 0x00, 0x6a, 0xff, 0xff,
0x00, 0x6a, 0xff, 0xff, 0x00, 0x6a, 0xff, 0xff, 0x00, 0x6a, 0xff, 0xff, 0x00, 0x6a, 0xff,
0xff, 0x00, 0x6a, 0xff, 0xff, 0x00, 0x6a, 0xff, 0xff, 0x00, 0x6a, 0xff, 0xff, 0x00, 0x6a,
0xff, 0xff, 0x00, 0x6a, 0xff, 0xff, 0x00, 0x6a, 0xff, 0xff, 0x00, 0x6a, 0xff, 0xff, 0x00,
0x6a, 0xff, 0xff, 0x00, 0x6a, 0xff, 0xff, 0x00, 0x6a, 0xff, 0xff, 0x00, 0x6a, 0xff, 0xff,
0x00, 0x6a, 0xff, 0xff, 0x00, 0x6a, 0xff, 0xff, 0x00, 0x6a, 0xff, 0xff, 0x00, 0x6a, 0xff,
0xff, 0x00, 0x6a, 0xfe, 0x73, 0x00, 0x69, 0xfd, 0x00, 0x00, 0x6c, 0xff, 0x00, 0x00, 0x55,
0xe1, 0x00, 0x00, 0x03, 0x81, 0x00, 0x00, 0x00, 0x7f, 0x00, 0x00, 0x01, 0x80, 0x00, 0x00,
0x01, 0x80, 0x00, 0x00, 0x01, 0x80, 0x00, 0x00, 0x01, 0x80, 0x00, 0x00, 0x01, 0x80, 0x00,
0x00, 0x01, 0x80, 0x00, 0x00, 0x01, 0x80, 0x00, 0x00, 0x01, 0x80, 0x00, 0x00, 0x01, 0x80,
0x00, 0x00, 0x01, 0x80, 0x00, 0xff, 0xff, 0xff, 0x00, 0xff, 0xff, 0xff, 0x00, 0xff, 0xff,
0xff, 0x00, 0xff, 0xff, 0xff, 0x00, 0xff, 0xff, 0xff, 0x00, 0xff, 0xff, 0xff, 0x00, 0xff,
0xff, 0xff, 0x00, 0xff, 0xff, 0xff, 0x00, 0xff, 0xff, 0xff, 0x00, 0xff, 0xff, 0xff, 0x00,
0xff, 0xff, 0xff, 0x00, 0xff, 0xff, 0xff, 0x00, 0xff, 0xff, 0xff, 0x00, 0xff, 0xff, 0xff,
0x00, 0xff, 0xff, 0xff, 0x00, 0xff, 0xff, 0xff, 0x00, 0xff, 0xff, 0xff, 0x00, 0x00, 0x56,
0xab, 0x00, 0x00, 0x56, 0xab, 0x00, 0x00, 0x56, 0xab, 0x00, 0x00, 0x56, 0xab, 0x00, 0x00,
0x56, 0xab, 0x00, 0x00, 0x56, 0xab, 0x00, 0x00, 0x56, 0xab, 0x00, 0x00, 0x56, 0xab, 0x00,
0x00, 0x56, 0xab, 0x00, 0x00, 0x56, 0xab, 0x00, 0x00, 0x56, 0xab, 0x00, 0x00, 0x56, 0xab,
0x00, 0x00, 0x56, 0xa8, 0x00, 0x00, 0x57, 0xba, 0x00, 0x00, 0x66, 0xf9, 0x04, 0x00, 0x6a,
0xfe, 0xb0, 0x00, 0x6a, 0xff, 0xff, 0x00, 0x6a, 0xff, 0xff, 0x00, 0x6a, 0xff, 0xff, 0x00,
0x6a, 0xff, 0xff, 0x00, 0x6a, 0xff, 0xff, 0x00, 0x6a, 0xff, 0xff, 0x00, 0x6a, 0xff, 0xff,
0x00, 0x6a, 0xff, 0xff, 0x00, 0x6a, 0xff, 0xff, 0x00, 0x6a, 0xff, 0xff, 0x00, 0x6a, 0xff,
0xff, 0x00, 0x6a, 0xff, 0xff, 0x00, 0x6a, 0xff, 0xff, 0x00, 0x6a, 0xff, 0xff, 0x00, 0x6a,
0xff, 0xff, 0x00, 0x6a, 0xff, 0xff, 0x00, 0x6a, 0xff, 0xff, 0x00, 0x6a, 0xff, 0xff, 0x00,
0x6a, 0xff, 0xff, 0x00, 0x6a, 0xff, 0xff, 0x00, 0x6a, 0xff, 0xff, 0x00, 0x6a, 0xff, 0xff,
0x00, 0x6a, 0xff, 0xff, 0x00, 0x6a, 0xff, 0xff, 0x00, 0x6a, 0xff, 0xff, 0x00, 0x6a, 0xff,
0xff, 0x00, 0x6a, 0xff, 0xff, 0x00, 0x6a, 0xff, 0xff, 0x00, 0x6a, 0xff, 0xff, 0x00, 0x6a,
0xff, 0xff, 0x00, 0x6a, 0xff, 0xff, 0x00, 0x6a, 0xff, 0xff, 0x00, 0x6a, 0xff, 0xff, 0x00,
0x6a, 0xff, 0xff, 0x00, 0x6a, 0xff, 0xff, 0x00, 0x6a, 0xff, 0xff, 0x00, 0x6a, 0xff, 0xff,
0x00, 0x6a, 0xff, 0xff, 0x00, 0x6a, 0xff, 0xff, 0x00, 0x6a, 0xff, 0xff, 0x00, 0x6a, 0xff,
0xff, 0x00, 0x6a, 0xff, 0xff, 0x00, 0x6a, 0xff, 0xff, 0x00, 0x6a, 0xff, 0xff, 0x00, 0x6a,
0xff, 0xff, 0x00, 0x6a, 0xff, 0xff, 0x00, 0x6a, 0xff, 0xff, 0x00, 0x6a, 0xff, 0xff, 0x00,
0x6a, 0xff, 0xff, 0x00, 0x6a, 0xff, 0xff, 0x00, 0x6a, 0xff, 0xff, 0x00, 0x6a, 0xff, 0xff,
0x00, 0x6a, 0xff, 0xff, 0x00, 0x6a, 0xff, 0xff, 0x00, 0x6a, 0xff, 0xff, 0x00, 0x6a, 0xff,
0xff, 0x00, 0x6a, 0xff, 0xff, 0x00, 0x6a, 0xff, 0xff, 0x00, 0x6a, 0xff, 0xff, 0x00, 0x6a,
0xff, 0xff, 0x00, 0x6a, 0xff, 0xff, 0x00, 0x6a, 0xff, 0xff, 0x00, 0x6a, 0xff, 0xff, 0x00,
0x6a, 0xff, 0xff, 0x00, 0x6a, 0xff, 0xff, 0x00, 0x6a, 0xff, 0xff, 0x00, 0x6a, 0xff, 0xff,
0x00, 0x6a, 0xff, 0xff, 0x00, 0x6a, 0xff, 0xff, 0x00, 0x6a, 0xff, 0xff, 0x00, 0x6a, 0xff,
0xff, 0x00, 0x6a, 0xff, 0xff, 0x00, 0x6a, 0xff, 0xff, 0x00, 0x6a, 0xff, 0xff, 0x00, 0x6a,
0xff, 0xff, 0x00, 0x6a, 0xff, 0xff, 0x00, 0x6a, 0xff, 0xff, 0x00, 0x6a, 0xff, 0xff, 0x00,
0x6a, 0xff, 0xff, 0x00, 0x6a, 0xff, 0xfe, 0x00, 0x69, 0xfe, 0x6b, 0x00, 0x6c, 0xff, 0x00,
0x00, 0x55, 0xe1, 0x00, 0x00, 0x03, 0x81, 0x00, 0x00, 0x00, 0x7f, 0x00, 0x00, 0x01, 0x80,
0x00, 0x00, 0x01, 0x80, 0x00, 0x00, 0x01, 0x80, 0x00, 0x00, 0x01, 0x80, 0x00, 0x00, 0x01,
0x80, 0x00, 0x00, 0x01, 0x80, 0x00, 0x00, 0x01, 0x80, 0x00, 0x00, 0x01, 0x80, 0x00, 0x00,
0x01, 0x80, 0x00, 0x00, 0x01, 0x80, 0x00, 0xff, 0xff, 0xff, 0x00, 0xff, 0xff, 0xff, 0x00,
0xff, 0xff, 0xff, 0x00, 0xff, 0xff, 0xff, 0x00, 0xff, 0xff, 0xff, 0x00, 0xff, 0xff, 0xff,
0x00, 0xff, 0xff, 0xff, 0x00, 0xff, 0xff, 0xff, 0x00, 0xff, 0xff, 0xff, 0x00, 0xff, 0xff,
0xff, 0x00, 0xff, 0xff, 0xff, 0x00, 0xff, 0xff, 0xff, 0x00, 0xff, 0xff, 0xff, 0x00, 0xff,
0xff, 0xff, 0x00, 0xff, 0xff, 0xff, 0x00, 0xff, 0xff, 0xff, 0x00, 0xff, 0xff, 0xff, 0x00,
0x00, 0x56, 0xa9, 0x00, 0x00, 0x56, 0xa9, 0x00, 0x00, 0x56, 0xa9, 0x00, 0x00, 0x56, 0xa9,
0x00, 0x00, 0x56, 0xa9, 0x00, 0x00, 0x56, 0xa9, 0x00, 0x00, 0x56, 0xa9, 0x00, 0x00, 0x56,
0xa9, 0x00, 0x00, 0x56, 0xa9, 0x00, 0x00, 0x56, 0xa9, 0x00, 0x00, 0x56, 0xa9, 0x00, 0x00,
0x56, 0xa9, 0x00, 0x00, 0x55, 0xa5, 0x00, 0x00, 0x57, 0xb9, 0x00, 0x00, 0x68, 0xfc, 0xa7,
0x00, 0x6a, 0xff, 0xff, 0x00, 0x6a, 0xff, 0xff, 0x00, 0x6a, 0xff, 0xff, 0x00, 0x6a, 0xff,
0xff, 0x00, 0x6a, 0xff, 0xff, 0x00, 0x6a, 0xff, 0xff, 0x00, 0x6a, 0xff, 0xff, 0x00, 0x6a,
0xff, 0xff, 0x00, 0x67, 0xff, 0xff, 0x00, 0x63, 0xff, 0xff, 0x00, 0x63, 0xff, 0xff, 0x00,
0x63, 0xff, 0xff, 0x00, 0x63, 0xff, 0xff, 0x00, 0x63, 0xff, 0xff, 0x00, 0x63, 0xff, 0xff,
0x00, 0x63, 0xff, 0xff, 0x00, 0x63, 0xff, 0xff, 0x00, 0x63, 0xff, 0xff, 0x00, 0x63, 0xff,
0xff, 0x00, 0x63, 0xff, 0xff, 0x00, 0x63, 0xff, 0xff, 0x00, 0x63, 0xff, 0xff, 0x00, 0x63,
0xff, 0xff, 0x00, 0x63, 0xff, 0xff, 0x00, 0x63, 0xff, 0xff, 0x00, 0x63, 0xff, 0xff, 0x00,
0x63, 0xff, 0xff, 0x00, 0x63, 0xff, 0xff, 0x00, 0x63, 0xff, 0xff, 0x00, 0x63, 0xff, 0xff,
0x00, 0x63, 0xff, 0xff, 0x00, 0x63, 0xff, 0xff, 0x00, 0x65, 0xff, 0xff, 0x00, 0x6a, 0xff,
0xff, 0x00, 0x6a, 0xff, 0xff, 0x00, 0x6a, 0xff, 0xff, 0x00, 0x6a, 0xff, 0xff, 0x00, 0x6a,
0xff, 0xff, 0x00, 0x6a, 0xff, 0xff, 0x00, 0x6a, 0xff, 0xff, 0x00, 0x6a, 0xff, 0xff, 0x00,
0x6a, 0xff, 0xff, 0x00, 0x6a, 0xff, 0xff, 0x00, 0x6a, 0xff, 0xff, 0x00, 0x6a, 0xff, 0xff,
0x00, 0x6a, 0xff, 0xff, 0x00, 0x6a, 0xff, 0xff, 0x00, 0x6a, 0xff, 0xff, 0x00, 0x6a, 0xff,
0xff, 0x00, 0x65, 0xff, 0xff, 0x00, 0x63, 0xff, 0xff, 0x00, 0x63, 0xff, 0xff, 0x00, 0x63,
0xff, 0xff, 0x00, 0x63, 0xff, 0xff, 0x00, 0x63, 0xff, 0xff, 0x00, 0x63, 0xff, 0xff, 0x00,
0x63, 0xff, 0xff, 0x00, 0x63, 0xff, 0xff, 0x00, 0x63, 0xff, 0xff, 0x00, 0x63, 0xff, 0xff,
0x00, 0x63, 0xff, 0xff, 0x00, 0x63, 0xff, 0xff, 0x00, 0x63, 0xff, 0xff, 0x00, 0x63, 0xff,
0xff, 0x00, 0x63, 0xff, 0xff, 0x00, 0x63, 0xff, 0xff, 0x00, 0x63, 0xff, 0xff, 0x00, 0x63,
0xff, 0xff, 0x00, 0x63, 0xff, 0xff, 0x00, 0x63, 0xff, 0xff, 0x00, 0x63, 0xff, 0xff, 0x00,
0x63, 0xff, 0xff, 0x00, 0x63, 0xff, 0xff, 0x00, 0x67, 0xff, 0xff, 0x00, 0x6a, 0xff, 0xff,
0x00, 0x6a, 0xff, 0xff, 0x00, 0x6a, 0xff, 0xff, 0x00, 0x6a, 0xff, 0xff, 0x00, 0x6a, 0xff,
0xff, 0x00, 0x6a, 0xff, 0xff, 0x00, 0x6a, 0xff, 0xff, 0x00, 0x6a, 0xff, 0xfe, 0x00, 0x6c,
0xff, 0x67, 0x00, 0x55, 0xe1, 0x00, 0x00, 0x03, 0x81, 0x00, 0x00, 0x00, 0x7f, 0x00, 0x00,
0x01, 0x80, 0x00, 0x00, 0x01, 0x80, 0x00, 0x00, 0x01, 0x80, 0x00, 0x00, 0x01, 0x80, 0x00,
0x00, 0x01, 0x80, 0x00, 0x00, 0x01, 0x80, 0x00, 0x00, 0x01, 0x80, 0x00, 0x00, 0x01, 0x80,
0x00, 0x00, 0x01, 0x80, 0x00, 0x00, 0x01, 0x80, 0x00, 0xff, 0xff, 0xff, 0x00, 0xff, 0xff,
0xff, 0x00, 0xff, 0xff, 0xff, 0x00, 0xff, 0xff, 0xff, 0x00, 0xff, 0xff, 0xff, 0x00, 0xff,
0xff, 0xff, 0x00, 0xff, 0xff, 0xff, 0x00, 0xff, 0xff, 0xff, 0x00, 0xff, 0xff, 0xff, 0x00,
0xff, 0xff, 0xff, 0x00, 0xff, 0xff, 0xff, 0x00, 0xff, 0xff, 0xff, 0x00, 0xff, 0xff, 0xff,
0x00, 0xff, 0xff, 0xff, 0x00, 0xff, 0xff, 0xff, 0x00, 0xff, 0xff, 0xff, 0x00, 0xff, 0xff,
0xff, 0x00, 0x00, 0x60, 0xd4, 0x00, 0x00, 0x60, 0xd4, 0x00, 0x00, 0x60, 0xd4, 0x00, 0x00,
0x60, 0xd4, 0x00, 0x00, 0x60, 0xd4, 0x00, 0x00, 0x60, 0xd4, 0x00, 0x00, 0x60, 0xd4, 0x00,
0x00, 0x60, 0xd4, 0x00, 0x00, 0x60, 0xd4, 0x00, 0x00, 0x60, 0xd4, 0x00, 0x00, 0x60, 0xd5,
0x00, 0x00, 0x5f, 0xd1, 0x00, 0x00, 0x5f, 0xd8, 0x00, 0x00, 0x66, 0xee, 0x94, 0x00, 0x6a,
0xff, 0xff, 0x00, 0x6a, 0xff, 0xff, 0x00, 0x6a, 0xff, 0xff, 0x00, 0x6a, 0xff, 0xff, 0x00,
0x6a, 0xff, 0xff, 0x00, 0x6a, 0xff, 0xff, 0x00, 0x6a, 0xff, 0xff, 0x00, 0x6a, 0xff, 0xff,
0x00, 0x64, 0xff, 0xff, 0x4e, 0x98, 0xff, 0xff, 0xa2, 0xc9, 0xfe, 0xff, 0xa0, 0xc7, 0xff,
0xff, 0xa0, 0xc7, 0xff, 0xff, 0xa0, 0xc7, 0xff, 0xff, 0xa0, 0xc7, 0xff, 0xff, 0xa0, 0xc7,
0xff, 0xff, 0xa0, 0xc7, 0xff, 0xff, 0xa0, 0xc7, 0xff, 0xff, 0xa0, 0xc7, 0xff, 0xff, 0xa0,
0xc7, 0xff, 0xff, 0xa0, 0xc7, 0xff, 0xff, 0xa0, 0xc7, 0xff, 0xff, 0xa0, 0xc7, 0xff, 0xff,
0xa0, 0xc7, 0xff, 0xff, 0xa0, 0xc7, 0xff, 0xff, 0xa0, 0xc7, 0xff, 0xff, 0xa0, 0xc7, 0xff,
0xff, 0xa0, 0xc7, 0xff, 0xff, 0xa0, 0xc7, 0xff, 0xff, 0xa0, 0xc7, 0xff, 0xff, 0xa0, 0xc7,
0xff, 0xff, 0xa0, 0xc7, 0xff, 0xff, 0xa1, 0xc8, 0xff, 0xff, 0x59, 0x9e, 0xff, 0xff, 0x00,
0x64, 0xff, 0xff, 0x00, 0x6a, 0xff, 0xff, 0x00, 0x6a, 0xff, 0xff, 0x00, 0x6a, 0xff, 0xff,
0x00, 0x6a, 0xff, 0xff, 0x00, 0x6a, 0xff, 0xff, 0x00, 0x6a, 0xff, 0xff, 0x00, 0x6a, 0xff,
0xff, 0x00, 0x6a, 0xff, 0xff, 0x00, 0x6a, 0xff, 0xff, 0x00, 0x6a, 0xff, 0xff, 0x00, 0x6a,
0xff, 0xff, 0x00, 0x6a, 0xff, 0xff, 0x00, 0x6a, 0xff, 0xff, 0x00, 0x6a, 0xff, 0xff, 0x00,
0x64, 0xff, 0xff, 0x59, 0x9e, 0xff, 0xff, 0xa1, 0xc8, 0xff, 0xff, 0xa0, 0xc7, 0xff, 0xff,
0xa0, 0xc7, 0xff, 0xff, 0xa0, 0xc7, 0xff, 0xff, 0xa0, 0xc7, 0xff, 0xff, 0xa0, 0xc7, 0xff,
0xff, 0xa0, 0xc7, 0xff, 0xff, 0xa0, 0xc7, 0xff, 0xff, 0xa0, 0xc7, 0xff, 0xff, 0xa0, 0xc7,
0xff, 0xff, 0xa0, 0xc7, 0xff, 0xff, 0xa0, 0xc7, 0xff, 0xff, 0xa0, 0xc7, 0xff, 0xff, 0xa0,
0xc7, 0xff, 0xff, 0xa0, 0xc7, 0xff, 0xff, 0xa0, 0xc7, 0xff, 0xff, 0xa0, 0xc7, 0xff, 0xff,
0xa0, 0xc7, 0xff, 0xff, 0xa0, 0xc7, 0xff, 0xff, 0xa0, 0xc7, 0xff, 0xff, 0xa0, 0xc7, 0xff,
0xff, 0xa0, 0xc7, 0xff, 0xff, 0xa2, 0xc9, 0xfe, 0xff, 0x4e, 0x98, 0xff, 0xff, 0x00, 0x64,
0xff, 0xff, 0x00, 0x6a, 0xff, 0xff, 0x00, 0x6a, 0xff, 0xff, 0x00, 0x6a, 0xff, 0xff, 0x00,
0x6a, 0xff, 0xff, 0x00, 0x6a, 0xff, 0xff, 0x00, 0x6a, 0xff, 0xff, 0x00, 0x6a, 0xff, 0xff,
0x00, 0x6e, 0xff, 0xfc, 0x00, 0x56, 0xe3, 0x57, 0x00, 0x00, 0x7c, 0x00, 0x00, 0x00, 0x7c,
0x00, 0x00, 0x00, 0x7d, 0x00, 0x00, 0x00, 0x7d, 0x00, 0x00, 0x00, 0x7d, 0x00, 0x00, 0x00,
0x7d, 0x00, 0x00, 0x00, 0x7d, 0x00, 0x00, 0x00, 0x7d, 0x00, 0x00, 0x00, 0x7d, 0x00, 0x00,
0x00, 0x7d, 0x00, 0x00, 0x00, 0x7d, 0x00, 0x00, 0x00, 0x7d, 0x00, 0xff, 0xff, 0xff, 0x00,
0xff, 0xff, 0xff, 0x00, 0xff, 0xff, 0xff, 0x00, 0xff, 0xff, 0xff, 0x00, 0xff, 0xff, 0xff,
0x00, 0xff, 0xff, 0xff, 0x00, 0xff, 0xff, 0xff, 0x00, 0xff, 0xff, 0xff, 0x00, 0xff, 0xff,
0xff, 0x00, 0xff, 0xff, 0xff, 0x00, 0xff, 0xff, 0xff, 0x00, 0xff, 0xff, 0xff, 0x00, 0xff,
0xff, 0xff, 0x00, 0xff, 0xff, 0xff, 0x00, 0xff, 0xff, 0xff, 0x00, 0xff, 0xff, 0xff, 0x00,
0xff, 0xff, 0xff, 0x00, 0x00, 0x50, 0xd0, 0x00, 0x00, 0x50, 0xd0, 0x00, 0x00, 0x50, 0xd0,
0x00, 0x00, 0x50, 0xd0, 0x00, 0x00, 0x50, 0xd0, 0x00, 0x00, 0x50, 0xd0, 0x00, 0x00, 0x50,
0xd0, 0x00, 0x00, 0x50, 0xd0, 0x00, 0x00, 0x50, 0xd0, 0x00, 0x00, 0x50, 0xd0, 0x00, 0x00,
0x4f, 0xce, 0x00, 0x00, 0x59, 0xdd, 0x00, 0x00, 0x69, 0xf9, 0x78, 0x00, 0x6b, 0xff, 0xff,
0x00, 0x6a, 0xff, 0xff, 0x00, 0x6a, 0xff, 0xff, 0x00, 0x6a, 0xff, 0xff, 0x00, 0x6a, 0xff,
0xff, 0x00, 0x6a, 0xff, 0xff, 0x00, 0x6a, 0xff, 0xff, 0x00, 0x6a, 0xff, 0xff, 0x00, 0x6a,
0xff, 0xff, 0x00, 0x64, 0xff, 0xff, 0x3f, 0x8f, 0xff, 0xff, 0xff, 0xff, 0xfe, 0xff, 0xff,
0xff, 0xfe, 0xff, 0xff, 0xff, 0xfe, 0xff, 0xff, 0xff, 0xfe, 0xff, 0xff, 0xff, 0xfe, 0xff,
0xff, 0xff, 0xfe, 0xff, 0xff, 0xff, 0xfe, 0xff, 0xff, 0xff, 0xfe, 0xff, 0xff, 0xff, 0xfe,
0xff, 0xff, 0xff, 0xfe, 0xff, 0xff, 0xff, 0xfe, 0xff, 0xff, 0xff, 0xfe, 0xff, 0xff, 0xff,
0xfe, 0xff, 0xff, 0xff, 0xfe, 0xff, 0xff, 0xff, 0xfe, 0xff, 0xff, 0xff, 0xfe, 0xff, 0xff,
0xff, 0xfe, 0xff, 0xff, 0xff, 0xfe, 0xff, 0xff, 0xff, 0xfe, 0xff, 0xff, 0xff, 0xfe, 0xff,
0xff, 0xff, 0xfe, 0xff, 0xff, 0xff, 0xfe, 0xff, 0xff, 0xff, 0xfe, 0xff, 0xd8, 0xe8, 0xff,
0xff, 0x07, 0x6b, 0xff, 0xff, 0x00, 0x68, 0xff, 0xff, 0x00, 0x6a, 0xff, 0xff, 0x00, 0x6a,
0xff, 0xff, 0x00, 0x6a, 0xff, 0xff, 0x00, 0x6a, 0xff, 0xff, 0x00, 0x6a, 0xff, 0xff, 0x00,
0x6a, 0xff, 0xff, 0x00, 0x6a, 0xff, 0xff, 0x00, 0x6a, 0xff, 0xff, 0x00, 0x6a, 0xff, 0xff,
0x00, 0x6a, 0xff, 0xff, 0x00, 0x6a, 0xff, 0xff, 0x00, 0x6a, 0xff, 0xff, 0x00, 0x68, 0xff,
0xff, 0x07, 0x6b, 0xff, 0xff, 0xd8, 0xe8, 0xff, 0xff, 0xff, 0xff, 0xfe, 0xff, 0xff, 0xff,
0xfe, 0xff, 0xff, 0xff, 0xfe, 0xff, 0xff, 0xff, 0xfe, 0xff, 0xff, 0xff, 0xfe, 0xff, 0xff,
0xff, 0xfe, 0xff, 0xff, 0xff, 0xfe, 0xff, 0xff, 0xff, 0xfe, 0xff, 0xff, 0xff, 0xfe, 0xff,
0xff, 0xff, 0xfe, 0xff, 0xff, 0xff, 0xfe, 0xff, 0xff, 0xff, 0xfe, 0xff, 0xff, 0xff, 0xfe,
0xff, 0xff, 0xff, 0xfe, 0xff, 0xff, 0xff, 0xfe, 0xff, 0xff, 0xff, 0xfe, 0xff, 0xff, 0xff,
0xfe, 0xff, 0xff, 0xff, 0xfe, 0xff, 0xff, 0xff, 0xfe, 0xff, 0xff, 0xff, 0xfe, 0xff, 0xff,
0xff, 0xfe, 0xff, 0xff, 0xff, 0xfe, 0xff, 0xff, 0xff, 0xfe, 0xff, 0x3f, 0x8f, 0xff, 0xff,
0x00, 0x64, 0xff, 0xff, 0x00, 0x6a, 0xff, 0xff, 0x00, 0x6a, 0xff, 0xff, 0x00, 0x6a, 0xff,
0xff, 0x00, 0x6a, 0xff, 0xff, 0x00, 0x6a, 0xff, 0xff, 0x00, 0x6a, 0xff, 0xff, 0x00, 0x6a,
0xff, 0xff, 0x00, 0x6b, 0xff, 0xff, 0x00, 0x67, 0xfa, 0xf4, 0x00, 0x4c, 0xd7, 0x3d, 0x00,
0x3f, 0xbd, 0x00, 0x00, 0x40, 0xbf, 0x00, 0x00, 0x40, 0xbf, 0x00, 0x00, 0x40, 0xbf, 0x00,
0x00, 0x40, 0xbf, 0x00, 0x00, 0x40, 0xbf, 0x00, 0x00, 0x40, 0xbf, 0x00, 0x00, 0x40, 0xbf,
0x00, 0x00, 0x40, 0xbf, 0x00, 0x00, 0x40, 0xbf, 0x00, 0x00, 0x40, 0xbf, 0x00, 0xff, 0xff,
0xff, 0x00, 0xff, 0xff, 0xff, 0x00, 0xff, 0xff, 0xff, 0x00, 0xff, 0xff, 0xff, 0x00, 0xff,
0xff, 0xff, 0x00, 0xff, 0xff, 0xff, 0x00, 0xff, 0xff, 0xff, 0x00, 0xff, 0xff, 0xff, 0x00,
0xff, 0xff, 0xff, 0x00, 0xff, 0xff, 0xff, 0x00, 0xff, 0xff, 0xff, 0x00, 0xff, 0xff, 0xff,
0x00, 0xff, 0xff, 0xff, 0x00, 0xff, 0xff, 0xff, 0x00, 0xff, 0xff, 0xff, 0x00, 0xff, 0xff,
0xff, 0x00, 0xff, 0xff, 0xff, 0x00, 0x00, 0x4d, 0xd6, 0x00, 0x00, 0x4d, 0xd6, 0x00, 0x00,
0x4d, 0xd6, 0x00, 0x00, 0x4d, 0xd6, 0x00, 0x00, 0x4d, 0xd6, 0x00, 0x00, 0x4d, 0xd6, 0x00,
0x00, 0x4d, 0xd6, 0x00, 0x00, 0x4d, 0xd6, 0x00, 0x00, 0x4d, 0xd6, 0x00, 0x00, 0x4d, 0xd5,
0x00, 0x00, 0x46, 0xc7, 0x00, 0x00, 0x59, 0xe5, 0x51, 0x00, 0x6c, 0xff, 0xfc, 0x00, 0x6a,
0xff, 0xff, 0x00, 0x6a, 0xff, 0xff, 0x00, 0x6a, 0xff, 0xff, 0x00, 0x6a, 0xff, 0xff, 0x00,
0x6a, 0xff, 0xff, 0x00, 0x6a, 0xff, 0xff, 0x00, 0x6a, 0xff, 0xff, 0x00, 0x6a, 0xff, 0xff,
0x00, 0x6a, 0xff, 0xff, 0x00, 0x6a, 0xff, 0xff, 0x00, 0x64, 0xff, 0xff, 0xa9, 0xcd, 0xff,
0xff, 0xff, 0xff, 0xfe, 0xff, 0xfe, 0xfe, 0xfe, 0xff, 0xfe, 0xfe, 0xfe, 0xff, 0xfe, 0xfe,
0xfe, 0xff, 0xfe, 0xfe, 0xfe, 0xff, 0xfe, 0xfe, 0xfe, 0xff, 0xfe, 0xfe, 0xfe, 0xff, 0xfe,
0xfe, 0xfe, 0xff, 0xfe, 0xfe, 0xfe, 0xff, 0xfe, 0xfe, 0xfe, 0xff, 0xfe, 0xfe, 0xfe, 0xff,
0xfe, 0xfe, 0xfe, 0xff, 0xfe, 0xfe, 0xfe, 0xff, 0xfe, 0xfe, 0xfe, 0xff, 0xfe, 0xfe, 0xfe,
0xff, 0xfe, 0xfe, 0xfe, 0xff, 0xfe, 0xfe, 0xfe, 0xff, 0xfe, 0xfe, 0xfe, 0xff, 0xfe, 0xfe,
0xfe, 0xff, 0xfe, 0xfe, 0xfe, 0xff, 0xfe, 0xfe, 0xfe, 0xff, 0xff, 0xfe, 0xfe, 0xff, 0xff,
0xff, 0xfe, 0xff, 0x62, 0xa4, 0xff, 0xff, 0x00, 0x61, 0xff, 0xff, 0x00, 0x6a, 0xff, 0xff,
0x00, 0x6a, 0xff, 0xff, 0x00, 0x6a, 0xff, 0xff, 0x00, 0x6a, 0xff, 0xff, 0x00, 0x6a, 0xff,
0xff, 0x00, 0x6a, 0xff, 0xff, 0x00, 0x6a, 0xff, 0xff, 0x00, 0x6a, 0xff, 0xff, 0x00, 0x6a,
0xff, 0xff, 0x00, 0x6a, 0xff, 0xff, 0x00, 0x6a, 0xff, 0xff, 0x00, 0x6a, 0xff, 0xff, 0x00,
0x61, 0xff, 0xff, 0x62, 0xa4, 0xff, 0xff, 0xff, 0xff, 0xfe, 0xff, 0xff, 0xfe, 0xfe, 0xff,
0xfe, 0xfe, 0xfe, 0xff, 0xfe, 0xfe, 0xfe, 0xff, 0xfe, 0xfe, 0xfe, 0xff, 0xfe, 0xfe, 0xfe,
0xff, 0xfe, 0xfe, 0xfe, 0xff, 0xfe, 0xfe, 0xfe, 0xff, 0xfe, 0xfe, 0xfe, 0xff, 0xfe, 0xfe,
0xfe, 0xff, 0xfe, 0xfe, 0xfe, 0xff, 0xfe, 0xfe, 0xfe, 0xff, 0xfe, 0xfe, 0xfe, 0xff, 0xfe,
0xfe, 0xfe, 0xff, 0xfe, 0xfe, 0xfe, 0xff, 0xfe, 0xfe, 0xfe, 0xff, 0xfe, 0xfe, 0xfe, 0xff,
0xfe, 0xfe, 0xfe, 0xff, 0xfe, 0xfe, 0xfe, 0xff, 0xfe, 0xfe, 0xfe, 0xff, 0xfe, 0xfe, 0xfe,
0xff, 0xfe, 0xfe, 0xfe, 0xff, 0xff, 0xff, 0xfe, 0xff, 0xa9, 0xcd, 0xff, 0xff, 0x00, 0x64,
0xff, 0xff, 0x00, 0x6a, 0xff, 0xff, 0x00, 0x6a, 0xff, 0xff, 0x00, 0x6a, 0xff, 0xff, 0x00,
0x6a, 0xff, 0xff, 0x00, 0x6a, 0xff, 0xff, 0x00, 0x6a, 0xff, 0xff, 0x00, 0x6a, 0xff, 0xff,
0x00, 0x6a, 0xff, 0xff, 0x00, 0x6a, 0xff, 0xff, 0x00, 0x6b, 0xff, 0xff, 0x00, 0x6e, 0xff,
0xe5, 0x00, 0x62, 0xea, 0x1d, 0x00, 0x59, 0xd6, 0x00, 0x00, 0x5a, 0xd8, 0x00, 0x00, 0x5a,
0xd8, 0x00, 0x00, 0x5a, 0xd8, 0x00, 0x00, 0x5a, 0xd8, 0x00, 0x00, 0x5a, 0xd8, 0x00, 0x00,
0x5a, 0xd8, 0x00, 0x00, 0x5a, 0xd8, 0x00, 0x00, 0x5a, 0xd8, 0x00, 0x00, 0x5a, 0xd8, 0x00,
0xff, 0xff, 0xff, 0x00, 0xff, 0xff, 0xff, 0x00, 0xff, 0xff, 0xff, 0x00, 0xff, 0xff, 0xff,
0x00, 0xff, 0xff, 0xff, 0x00, 0xff, 0xff, 0xff, 0x00, 0xff, 0xff, 0xff, 0x00, 0xff, 0xff,
0xff, 0x00, 0xff, 0xff, 0xff, 0x00, 0xff, 0xff, 0xff, 0x00, 0xff, 0xff, 0xff, 0x00, 0xff,
0xff, 0xff, 0x00, 0xff, 0xff, 0xff, 0x00, 0xff, 0xff, 0xff, 0x00, 0xff, 0xff, 0xff, 0x00,
0xff, 0xff, 0xff, 0x00, 0xff, 0xff, 0xff, 0x00, 0x00, 0x3a, 0x88, 0x00, 0x00, 0x3a, 0x88,
0x00, 0x00, 0x3a, 0x88, 0x00, 0x00, 0x3a, 0x88, 0x00, 0x00, 0x3a, 0x88, 0x00, 0x00, 0x3a,
0x88, 0x00, 0x00, 0x3a, 0x88, 0x00, 0x00, 0x3a, 0x88, 0x00, 0x00, 0x3a, 0x88, 0x00, 0x00,
0x3d, 0x8e, 0x00, 0x00, 0x64, 0xec, 0x1f, 0x00, 0x6b, 0xff, 0xea, 0x00, 0x6a, 0xff, 0xff,
0x00, 0x6a, 0xff, 0xff, 0x00, 0x6a, 0xff, 0xff, 0x00, 0x6a, 0xff, 0xff, 0x00, 0x6a, 0xff,
0xff, 0x00, 0x6a, 0xff, 0xff, 0x00, 0x6a, 0xff, 0xff, 0x00, 0x6a, 0xff, 0xff, 0x00, 0x6a,
0xff, 0xff, 0x00, 0x6a, 0xff, 0xff, 0x00, 0x6a, 0xff, 0xff, 0x00, 0x62, 0xff, 0xff, 0x4a,
0x95, 0xff, 0xff, 0xff, 0xff, 0xfe, 0xff, 0xff, 0xff, 0xfe, 0xff, 0xfe, 0xfe, 0xfe, 0xff,
0xfe, 0xfe, 0xfe, 0xff, 0xfe, 0xfe, 0xfe, 0xff, 0xfe, 0xfe, 0xfe, 0xff, 0xfe, 0xfe, 0xfe,
0xff, 0xfe, 0xfe, 0xfe, 0xff, 0xfe, 0xfe, 0xfe, 0xff, 0xfe, 0xfe, 0xfe, 0xff, 0xfe, 0xfe,
0xfe, 0xff, 0xfe, 0xfe, 0xfe, 0xff, 0xfe, 0xfe, 0xfe, 0xff, 0xfe, 0xfe, 0xfe, 0xff, 0xfe,
0xfe, 0xfe, 0xff, 0xfe, 0xfe, 0xfe, 0xff, 0xfe, 0xfe, 0xfe, 0xff, 0xfe, 0xfe, 0xfe, 0xff,
0xfe, 0xfe, 0xfe, 0xff, 0xfe, 0xfe, 0xfe, 0xff, 0xfe, 0xfe, 0xfe, 0xff, 0xfe, 0xfe, 0xfe,
0xff, 0xff, 0xff, 0xfe, 0xff, 0xbf, 0xd9, 0xff, 0xff, 0x00, 0x64, 0xff, 0xff, 0x00, 0x6a,
0xff, 0xff, 0x00, 0x6a, 0xff, 0xff, 0x00, 0x6a, 0xff, 0xff, 0x00, 0x6a, 0xff, 0xff, 0x00,
0x6a, 0xff, 0xff, 0x00, 0x6a, 0xff, 0xff, 0x00, 0x6a, 0xff, 0xff, 0x00, 0x6a, 0xff, 0xff,
0x00, 0x6a, 0xff, 0xff, 0x00, 0x6a, 0xff, 0xff, 0x00, 0x6a, 0xff, 0xff, 0x00, 0x6a, 0xff,
0xff, 0x00, 0x64, 0xff, 0xff, 0xbf, 0xd9, 0xff, 0xff, 0xff, 0xff, 0xfe, 0xff, 0xfe, 0xfe,
0xfe, 0xff, 0xfe, 0xfe, 0xfe, 0xff, 0xfe, 0xfe, 0xfe, 0xff, 0xfe, 0xfe, 0xfe, 0xff, 0xfe,
0xfe, 0xfe, 0xff, 0xfe, 0xfe, 0xfe, 0xff, 0xfe, 0xfe, 0xfe, 0xff, 0xfe, 0xfe, 0xfe, 0xff,
0xfe, 0xfe, 0xfe, 0xff, 0xfe, 0xfe, 0xfe, 0xff, 0xfe, 0xfe, 0xfe, 0xff, 0xfe, 0xfe, 0xfe,
0xff, 0xfe, 0xfe, 0xfe, 0xff, 0xfe, 0xfe, 0xfe, 0xff, 0xfe, 0xfe, 0xfe, 0xff, 0xfe, 0xfe,
0xfe, 0xff, 0xfe, 0xfe, 0xfe, 0xff, 0xfe, 0xfe, 0xfe, 0xff, 0xfe, 0xfe, 0xfe, 0xff, 0xfe,
0xfe, 0xfe, 0xff, 0xff, 0xff, 0xfe, 0xff, 0xff, 0xff, 0xfe, 0xff, 0x4a, 0x95, 0xff, 0xff,
0x00, 0x62, 0xff, 0xff, 0x00, 0x6a, 0xff, 0xff, 0x00, 0x6a, 0xff, 0xff, 0x00, 0x6a, 0xff,
0xff, 0x00, 0x6a, 0xff, 0xff, 0x00, 0x6a, 0xff, 0xff, 0x00, 0x6a, 0xff, 0xff, 0x00, 0x6a,
0xff, 0xff, 0x00, 0x6a, 0xff, 0xff, 0x00, 0x6a, 0xff, 0xff, 0x00, 0x6a, 0xff, 0xff, 0x00,
0x6b, 0xff, 0xff, 0x00, 0x68, 0xfa, 0xc6, 0x00, 0x57, 0xe0, 0x08, 0x00, 0x55, 0xdf, 0x00,
0x00, 0x56, 0xe0, 0x00, 0x00, 0x56, 0xdf, 0x00, 0x00, 0x56, 0xdf, 0x00, 0x00, 0x56, 0xdf,
0x00, 0x00, 0x56, 0xdf, 0x00, 0x00, 0x56, 0xdf, 0x00, 0x00, 0x56, 0xdf, 0x00, 0x00, 0x56,
0xdf, 0x00, 0xff, 0xff, 0xff, 0x00, 0xff, 0xff, 0xff, 0x00, 0xff, 0xff, 0xff, 0x00, 0xff,
0xff, 0xff, 0x00, 0xff, 0xff, 0xff, 0x00, 0xff, 0xff, 0xff, 0x00, 0xff, 0xff, 0xff, 0x00,
0xff, 0xff, 0xff, 0x00, 0xff, 0xff, 0xff, 0x00, 0xff, 0xff, 0xff, 0x00, 0xff, 0xff, 0xff,
0x00, 0xff, 0xff, 0xff, 0x00, 0xff, 0xff, 0xff, 0x00, 0xff, 0xff, 0xff, 0x00, 0xff, 0xff,
0xff, 0x00, 0xff, 0xff, 0xff, 0x00, 0xff, 0xff, 0xff, 0x00, 0x00, 0x23, 0x53, 0x00, 0x00,
0x23, 0x53, 0x00, 0x00, 0x23, 0x53, 0x00, 0x00, 0x23, 0x53, 0x00, 0x00, 0x23, 0x53, 0x00,
0x00, 0x23, 0x53, 0x00, 0x00, 0x23, 0x53, 0x00, 0x00, 0x23, 0x53, 0x00, 0x00, 0x21, 0x51,
0x00, 0x00, 0x25, 0x5a, 0x09, 0x00, 0x66, 0xf2, 0xcb, 0x00, 0x6b, 0xff, 0xff, 0x00, 0x6a,
0xff, 0xff, 0x00, 0x6a, 0xff, 0xff, 0x00, 0x6a, 0xff, 0xff, 0x00, 0x6a, 0xff, 0xff, 0x00,
0x6a, 0xff, 0xff, 0x00, 0x6a, 0xff, 0xff, 0x00, 0x6a, 0xff, 0xff, 0x00, 0x6a, 0xff, 0xff,
0x00, 0x6a, 0xff, 0xff, 0x00, 0x6a, 0xff, 0xff, 0x00, 0x6a, 0xff, 0xff, 0x00, 0x69, 0xff,
0xff, 0x06, 0x6a, 0xff, 0xff, 0xc7, 0xde, 0xff, 0xff, 0xff, 0xff, 0xfe, 0xff, 0xfe, 0xfe,
0xfe, 0xff, 0xfe, 0xfe, 0xfe, 0xff, 0xfe, 0xfe, 0xfe, 0xff, 0xfe, 0xfe, 0xfe, 0xff, 0xfe,
0xfe, 0xfe, 0xff, 0xfe, 0xfe, 0xfe, 0xff, 0xfe, 0xfe, 0xfe, 0xff, 0xfe, 0xfe, 0xfe, 0xff,
0xfe, 0xfe, 0xfe, 0xff, 0xfe, 0xfe, 0xfe, 0xff, 0xfe, 0xfe, 0xfe, 0xff, 0xfe, 0xfe, 0xfe,
0xff, 0xfe, 0xfe, 0xfe, 0xff, 0xfe, 0xfe, 0xfe, 0xff, 0xfe, 0xfe, 0xfe, 0xff, 0xfe, 0xfe,
0xfe, 0xff, 0xfe, 0xfe, 0xfe, 0xff, 0xfe, 0xfe, 0xfe, 0xff, 0xfe, 0xfe, 0xfe, 0xff, 0xfe,
0xfe, 0xfe, 0xff, 0xff, 0xff, 0xfe, 0xff, 0xfd, 0xfe, 0xfe, 0xff, 0x45, 0x92, 0xff, 0xff,
0x00, 0x63, 0xff, 0xff, 0x00, 0x6a, 0xff, 0xff, 0x00, 0x6a, 0xff, 0xff, 0x00, 0x6a, 0xff,
0xff, 0x00, 0x6a, 0xff, 0xff, 0x00, 0x6a, 0xff, 0xff, 0x00, 0x6a, 0xff, 0xff, 0x00, 0x6a,
0xff, 0xff, 0x00, 0x6a, 0xff, 0xff, 0x00, 0x6a, 0xff, 0xff, 0x00, 0x6a, 0xff, 0xff, 0x00,
0x63, 0xff, 0xff, 0x45, 0x92, 0xff, 0xff, 0xfd, 0xfe, 0xfe, 0xff, 0xff, 0xff, 0xfe, 0xff,
0xfe, 0xfe, 0xfe, 0xff, 0xfe, 0xfe, 0xfe, 0xff, 0xfe, 0xfe, 0xfe, 0xff, 0xfe, 0xfe, 0xfe,
0xff, 0xfe, 0xfe, 0xfe, 0xff, 0xfe, 0xfe, 0xfe, 0xff, 0xfe, 0xfe, 0xfe, 0xff, 0xfe, 0xfe,
0xfe, 0xff, 0xfe, 0xfe, 0xfe, 0xff, 0xfe, 0xfe, 0xfe, 0xff, 0xfe, 0xfe, 0xfe, 0xff, 0xfe,
0xfe, 0xfe, 0xff, 0xfe, 0xfe, 0xfe, 0xff, 0xfe, 0xfe, 0xfe, 0xff, 0xfe, 0xfe, 0xfe, 0xff,
0xfe, 0xfe, 0xfe, 0xff, 0xfe, 0xfe, 0xfe, 0xff, 0xfe, 0xfe, 0xfe, 0xff, 0xfe, 0xfe, 0xfe,
0xff, 0xfe, 0xfe, 0xfe, 0xff, 0xff, 0xff, 0xfe, 0xff, 0xc7, 0xde, 0xff, 0xff, 0x06, 0x6a,
0xff, 0xff, 0x00, 0x69, 0xff, 0xff, 0x00, 0x6a, 0xff, 0xff, 0x00, 0x6a, 0xff, 0xff, 0x00,
0x6a, 0xff, 0xff, 0x00, 0x6a, 0xff, 0xff, 0x00, 0x6a, 0xff, 0xff, 0x00, 0x6a, 0xff, 0xff,
0x00, 0x6a, 0xff, 0xff, 0x00, 0x6a, 0xff, 0xff, 0x00, 0x6a, 0xff, 0xff, 0x00, 0x6a, 0xff,
0xff, 0x00, 0x6a, 0xff, 0xff, 0x00, 0x6b, 0xff, 0xff, 0x00, 0x65, 0xfb, 0x91, 0x00, 0x5e,
0xe7, 0x00, 0x00, 0x63, 0xf1, 0x00, 0x00, 0x64, 0xf3, 0x00, 0x00, 0x64, 0xf3, 0x00, 0x00,
0x64, 0xf3, 0x00, 0x00, 0x64, 0xf3, 0x00, 0x00, 0x64, 0xf3, 0x00, 0x00, 0x64, 0xf3, 0x00,
0x00, 0x64, 0xf3, 0x00, 0xff, 0xff, 0xff, 0x00, 0xff, 0xff, 0xff, 0x00, 0xff, 0xff, 0xff,
0x00, 0xff, 0xff, 0xff, 0x00, 0xff, 0xff, 0xff, 0x00, 0xff, 0xff, 0xff, 0x00, 0xff, 0xff,
0xff, 0x00, 0xff, 0xff, 0xff, 0x00, 0xff, 0xff, 0xff, 0x00, 0xff, 0xff, 0xff, 0x00, 0xff,
0xff, 0xff, 0x00, 0xff, 0xff, 0xff, 0x00, 0xff, 0xff, 0xff, 0x00, 0xff, 0xff, 0xff, 0x00,
0xff, 0xff, 0xff, 0x00, 0xff, 0xff, 0xff, 0x00, 0xff, 0xff, 0xff, 0x00, 0x00, 0x1d, 0x51,
0x00, 0x00, 0x1d, 0x51, 0x00, 0x00, 0x1d, 0x51, 0x00, 0x00, 0x1d, 0x51, 0x00, 0x00, 0x1d,
0x51, 0x00, 0x00, 0x1d, 0x51, 0x00, 0x00, 0x1d, 0x51, 0x00, 0x00, 0x1d, 0x4f, 0x00, 0x00,
0x21, 0x5b, 0x00, 0x00, 0x66, 0xf8, 0x8e, 0x00, 0x6c, 0xff, 0xff, 0x00, 0x6a, 0xff, 0xff,
0x00, 0x6a, 0xff, 0xff, 0x00, 0x6a, 0xff, 0xff, 0x00, 0x6a, 0xff, 0xff, 0x00, 0x6a, 0xff,
0xff, 0x00, 0x6a, 0xff, 0xff, 0x00, 0x6a, 0xff, 0xff, 0x00, 0x6a, 0xff, 0xff, 0x00, 0x6a,
0xff, 0xff, 0x00, 0x6a, 0xff, 0xff, 0x00, 0x6a, 0xff, 0xff, 0x00, 0x6a, 0xff, 0xff, 0x00,
0x6a, 0xff, 0xff, 0x00, 0x60, 0xff, 0xff, 0x5d, 0xa1, 0xff, 0xff, 0xff, 0xff, 0xfe, 0xff,
0xfe, 0xfe, 0xfe, 0xff, 0xfe, 0xfe, 0xfe, 0xff, 0xfe, 0xfe, 0xfe, 0xff, 0xfe, 0xfe, 0xfe,
0xff, 0xfe, 0xfe, 0xfe, 0xff, 0xfe, 0xfe, 0xfe, 0xff, 0xfe, 0xfe, 0xfe, 0xff, 0xfe, 0xfe,
0xfe, 0xff, 0xfe, 0xfe, 0xfe, 0xff, 0xfe, 0xfe, 0xfe, 0xff, 0xfe, 0xfe, 0xfe, 0xff, 0xfe,
0xfe, 0xfe, 0xff, 0xfe, 0xfe, 0xfe, 0xff, 0xfe, 0xfe, 0xfe, 0xff, 0xfe, 0xfe, 0xfe, 0xff,
0xfe, 0xfe, 0xfe, 0xff, 0xfe, 0xfe, 0xfe, 0xff, 0xfe, 0xfe, 0xfe, 0xff, 0xfe, 0xfe, 0xfe,
0xff, 0xfe, 0xfe, 0xfe, 0xff, 0xfe, 0xfe, 0xfe, 0xff, 0xff, 0xff, 0xfe, 0xff, 0xac, 0xce,
0xff, 0xff, 0x00, 0x61, 0xff, 0xff, 0x00, 0x6a, 0xff, 0xff, 0x00, 0x6a, 0xff, 0xff, 0x00,
0x6a, 0xff, 0xff, 0x00, 0x6a, 0xff, 0xff, 0x00, 0x6a, 0xff, 0xff, 0x00, 0x6a, 0xff, 0xff,
0x00, 0x6a, 0xff, 0xff, 0x00, 0x6a, 0xff, 0xff, 0x00, 0x6a, 0xff, 0xff, 0x00, 0x6a, 0xff,
0xff, 0x00, 0x61, 0xff, 0xff, 0xac, 0xce, 0xff, 0xff, 0xff, 0xff, 0xfe, 0xff, 0xfe, 0xfe,
0xfe, 0xff, 0xfe, 0xfe, 0xfe, 0xff, 0xfe, 0xfe, 0xfe, 0xff, 0xfe, 0xfe, 0xfe, 0xff, 0xfe,
0xfe, 0xfe, 0xff, 0xfe, 0xfe, 0xfe, 0xff, 0xfe, 0xfe, 0xfe, 0xff, 0xfe, 0xfe, 0xfe, 0xff,
0xfe, 0xfe, 0xfe, 0xff, 0xfe, 0xfe, 0xfe, 0xff, 0xfe, 0xfe, 0xfe, 0xff, 0xfe, 0xfe, 0xfe,
0xff, 0xfe, 0xfe, 0xfe, 0xff, 0xfe, 0xfe, 0xfe, 0xff, 0xfe, 0xfe, 0xfe, 0xff, 0xfe, 0xfe,
0xfe, 0xff, 0xfe, 0xfe, 0xfe, 0xff, 0xfe, 0xfe, 0xfe, 0xff, 0xfe, 0xfe, 0xfe, 0xff, 0xfe,
0xfe, 0xfe, 0xff, 0xfe, 0xfe, 0xfe, 0xff, 0xff, 0xff, 0xfe, 0xff, 0x5d, 0xa1, 0xff, 0xff,
0x00, 0x60, 0xff, 0xff, 0x00, 0x6a, 0xff, 0xff, 0x00, 0x6a, 0xff, 0xff, 0x00, 0x6a, 0xff,
0xff, 0x00, 0x6a, 0xff, 0xff, 0x00, 0x6a, 0xff, 0xff, 0x00, 0x6a, 0xff, 0xff, 0x00, 0x6a,
0xff, 0xff, 0x00, 0x6a, 0xff, 0xff, 0x00, 0x6a, 0xff, 0xff, 0x00, 0x6a, 0xff, 0xff, 0x00,
0x6a, 0xff, 0xff, 0x00, 0x6a, 0xff, 0xff, 0x00, 0x6a, 0xff, 0xff, 0x00, 0x6b, 0xff, 0xff,
0x00, 0x63, 0xef, 0x50, 0x00, 0x3e, 0x95, 0x00, 0x00, 0x3b, 0x91, 0x00, 0x00, 0x3c, 0x91,
0x00, 0x00, 0x3c, 0x91, 0x00, 0x00, 0x3c, 0x91, 0x00, 0x00, 0x3c, 0x91, 0x00, 0x00, 0x3c,
0x91, 0x00, 0x00, 0x3c, 0x91, 0x00, 0xff, 0xff, 0xff, 0x00, 0xff, 0xff, 0xff, 0x00, 0xff,
0xff, 0xff, 0x00, 0xff, 0xff, 0xff, 0x00, 0xff, 0xff, 0xff, 0x00, 0xff, 0xff, 0xff, 0x00,
0xff, 0xff, 0xff, 0x00, 0xff, 0xff, 0xff, 0x00, 0xff, 0xff, 0xff, 0x00, 0xff, 0xff, 0xff,
0x00, 0xff, 0xff, 0xff, 0x00, 0xff, 0xff, 0xff, 0x00, 0xff, 0xff, 0xff, 0x00, 0xff, 0xff,
0xff, 0x00, 0xff, 0xff, 0xff, 0x00, 0xff, 0xff, 0xff, 0x00, 0xff, 0xff, 0xff, 0x00, 0x00,
0x00, 0x69, 0x00, 0x00, 0x00, 0x69, 0x00, 0x00, 0x00, 0x69, 0x00, 0x00, 0x00, 0x69, 0x00,
0x00, 0x00, 0x69, 0x00, 0x00, 0x00, 0x69, 0x00, 0x00, 0x00, 0x69, 0x00, 0x00, 0x00, 0x63,
0x00, 0x00, 0x29, 0xa2, 0x45, 0x00, 0x6e, 0xfe, 0xff, 0x00, 0x6a, 0xff, 0xff, 0x00, 0x6a,
0xff, 0xff, 0x00, 0x6a, 0xff, 0xff, 0x00, 0x6a, 0xff, 0xff, 0x00, 0x6a, 0xff, 0xff, 0x00,
0x6a, 0xff, 0xff, 0x00, 0x6a, 0xff, 0xff, 0x00, 0x6a, 0xff, 0xff, 0x00, 0x6a, 0xff, 0xff,
0x00, 0x6a, 0xff, 0xff, 0x00, 0x6a, 0xff, 0xff, 0x00, 0x6a, 0xff, 0xff, 0x00, 0x6a, 0xff,
0xff, 0x00, 0x6a, 0xff, 0xff, 0x00, 0x68, 0xff, 0xff, 0x11, 0x72, 0xff, 0xff, 0xdc, 0xea,
0xfe, 0xff, 0xff, 0xff, 0xfe, 0xff, 0xfe, 0xfe, 0xfe, 0xff, 0xfe, 0xfe, 0xfe, 0xff, 0xfe,
0xfe, 0xfe, 0xff, 0xfe, 0xfe, 0xfe, 0xff, 0xfe, 0xfe, 0xfe, 0xff, 0xfe, 0xfe, 0xfe, 0xff,
0xfe, 0xfe, 0xfe, 0xff, 0xfe, 0xfe, 0xfe, 0xff, 0xfe, 0xfe, 0xfe, 0xff, 0xfe, 0xfe, 0xfe,
0xff, 0xfe, 0xfe, 0xfe, 0xff, 0xfe, 0xfe, 0xfe, 0xff, 0xfe, 0xfe, 0xfe, 0xff, 0xfe, 0xfe,
0xfe, 0xff, 0xfe, 0xfe, 0xfe, 0xff, 0xfe, 0xfe, 0xfe, 0xff, 0xfe, 0xfe, 0xfe, 0xff, 0xfe,
0xfe, 0xfe, 0xff, 0xfe, 0xfe, 0xfe, 0xff, 0xfe, 0xfe, 0xfe, 0xff, 0xff, 0xff, 0xfe, 0xff,
0xf4, 0xf9, 0xfe, 0xff, 0x2d, 0x85, 0xff, 0xff, 0x00, 0x64, 0xff, 0xff, 0x00, 0x6a, 0xff,
0xff, 0x00, 0x6a, 0xff, 0xff, 0x00, 0x6a, 0xff, 0xff, 0x00, 0x6a, 0xff, 0xff, 0x00, 0x6a,
0xff, 0xff, 0x00, 0x6a, 0xff, 0xff, 0x00, 0x6a, 0xff, 0xff, 0x00, 0x6a, 0xff, 0xff, 0x00,
0x65, 0xff, 0xff, 0x2e, 0x85, 0xff, 0xff, 0xf4, 0xf9, 0xfe, 0xff, 0xff, 0xff, 0xfe, 0xff,
0xfe, 0xfe, 0xfe, 0xff, 0xfe, 0xfe, 0xfe, 0xff, 0xfe, 0xfe, 0xfe, 0xff, 0xfe, 0xfe, 0xfe,
0xff, 0xfe, 0xfe, 0xfe, 0xff, 0xfe, 0xfe, 0xfe, 0xff, 0xfe, 0xfe, 0xfe, 0xff, 0xfe, 0xfe,
0xfe, 0xff, 0xfe, 0xfe, 0xfe, 0xff, 0xfe, 0xfe, 0xfe, 0xff, 0xfe, 0xfe, 0xfe, 0xff, 0xfe,
0xfe, 0xfe, 0xff, 0xfe, 0xfe, 0xfe, 0xff, 0xfe, 0xfe, 0xfe, 0xff, 0xfe, 0xfe, 0xfe, 0xff,
0xfe, 0xfe, 0xfe, 0xff, 0xfe, 0xfe, 0xfe, 0xff, 0xfe, 0xfe, 0xfe, 0xff, 0xfe, 0xfe, 0xfe,
0xff, 0xfe, 0xfe, 0xfe, 0xff, 0xff, 0xff, 0xfe, 0xff, 0xdc, 0xea, 0xfe, 0xff, 0x11, 0x72,
0xff, 0xff, 0x00, 0x68, 0xff, 0xff, 0x00, 0x6a, 0xff, 0xff, 0x00, 0x6a, 0xff, 0xff, 0x00,
0x6a, 0xff, 0xff, 0x00, 0x6a, 0xff, 0xff, 0x00, 0x6a, 0xff, 0xff, 0x00, 0x6a, 0xff, 0xff,
0x00, 0x6a, 0xff, 0xff, 0x00, 0x6a, 0xff, 0xff, 0x00, 0x6a, 0xff, 0xff, 0x00, 0x6a, 0xff,
0xff, 0x00, 0x6a, 0xff, 0xff, 0x00, 0x6a, 0xff, 0xff, 0x00, 0x6a, 0xff, 0xff, 0x00, 0x6b,
0xff, 0xff, 0x00, 0x68, 0xf5, 0xe9, 0x00, 0x13, 0x2c, 0x15, 0x00, 0x03, 0x08, 0x00, 0x00,
0x05, 0x09, 0x00, 0x00, 0x05, 0x09, 0x00, 0x00, 0x05, 0x09, 0x00, 0x00, 0x05, 0x09, 0x00,
0x00, 0x05, 0x09, 0x00, 0x00, 0x05, 0x09, 0x00, 0xff, 0xff, 0xff, 0x00, 0xff, 0xff, 0xff,
0x00, 0xff, 0xff, 0xff, 0x00, 0xff, 0xff, 0xff, 0x00, 0xff, 0xff, 0xff, 0x00, 0xff, 0xff,
0xff, 0x00, 0xff, 0xff, 0xff, 0x00, 0xff, 0xff, 0xff, 0x00, 0xff, 0xff, 0xff, 0x00, 0xff,
0xff, 0xff, 0x00, 0xff, 0xff, 0xff, 0x00, 0xff, 0xff, 0xff, 0x00, 0xff, 0xff, 0xff, 0x00,
0xff, 0xff, 0xff, 0x00, 0xff, 0xff, 0xff, 0x00, 0xff, 0xff, 0xff, 0x00, 0xff, 0xff, 0xff,
0x00, 0x00, 0x49, 0xd9, 0x00, 0x00, 0x49, 0xd9, 0x00, 0x00, 0x49, 0xd9, 0x00, 0x00, 0x49,
0xd9, 0x00, 0x00, 0x49, 0xd9, 0x00, 0x00, 0x49, 0xd9, 0x00, 0x00, 0x48, 0xd8, 0x00, 0x00,
0x49, 0xd8, 0x0e, 0x00, 0x65, 0xfc, 0xde, 0x00, 0x6c, 0xff, 0xff, 0x00, 0x6a, 0xff, 0xff,
0x00, 0x6a, 0xff, 0xff, 0x00, 0x6a, 0xff, 0xff, 0x00, 0x6a, 0xff, 0xff, 0x00, 0x6a, 0xff,
0xff, 0x00, 0x6a, 0xff, 0xff, 0x00, 0x6a, 0xff, 0xff, 0x00, 0x6a, 0xff, 0xff, 0x00, 0x6a,
0xff, 0xff, 0x00, 0x6a, 0xff, 0xff, 0x00, 0x6a, 0xff, 0xff, 0x00, 0x6a, 0xff, 0xff, 0x00,
0x6a, 0xff, 0xff, 0x00, 0x6a, 0xff, 0xff, 0x00, 0x6a, 0xff, 0xff, 0x00, 0x60, 0xff, 0xff,
0x71, 0xac, 0xff, 0xff, 0xff, 0xff, 0xfe, 0xff, 0xfe, 0xfe, 0xfe, 0xff, 0xfe, 0xfe, 0xfe,
0xff, 0xfe, 0xfe, 0xfe, 0xff, 0xfe, 0xfe, 0xfe, 0xff, 0xfe, 0xfe, 0xfe, 0xff, 0xfe, 0xfe,
0xfe, 0xff, 0xfe, 0xfe, 0xfe, 0xff, 0xfe, 0xfe, 0xfe, 0xff, 0xfe, 0xfe, 0xfe, 0xff, 0xfe,
0xfe, 0xfe, 0xff, 0xfe, 0xfe, 0xfe, 0xff, 0xfe, 0xfe, 0xfe, 0xff, 0xfe, 0xfe, 0xfe, 0xff,
0xfe, 0xfe, 0xfe, 0xff, 0xfe, 0xfe, 0xfe, 0xff, 0xfe, 0xfe, 0xfe, 0xff, 0xfe, 0xfe, 0xfe,
0xff, 0xfe, 0xfe, 0xfe, 0xff, 0xfe, 0xfe, 0xfe, 0xff, 0xfe, 0xfe, 0xfe, 0xff, 0xfe, 0xfe,
0xfe, 0xff, 0xff, 0xff, 0xfe, 0xff, 0xaa, 0xcd, 0xff, 0xff, 0x00, 0x63, 0xff, 0xff, 0x00,
0x6a, 0xff, 0xff, 0x00, 0x6a, 0xff, 0xff, 0x00, 0x6a, 0xff, 0xff, 0x00, 0x6a, 0xff, 0xff,
0x00, 0x6a, 0xff, 0xff, 0x00, 0x6a, 0xff, 0xff, 0x00, 0x6a, 0xff, 0xff, 0x00, 0x6a, 0xff,
0xff, 0x00, 0x60, 0xff, 0xff, 0x99, 0xc3, 0xff, 0xff, 0xff, 0xff, 0xfe, 0xff, 0xfe, 0xfe,
0xfe, 0xff, 0xfe, 0xfe, 0xfe, 0xff, 0xfe, 0xfe, 0xfe, 0xff, 0xfe, 0xfe, 0xfe, 0xff, 0xfe,
0xfe, 0xfe, 0xff, 0xfe, 0xfe, 0xfe, 0xff, 0xfe, 0xfe, 0xfe, 0xff, 0xfe, 0xfe, 0xfe, 0xff,
0xfe, 0xfe, 0xfe, 0xff, 0xfe, 0xfe, 0xfe, 0xff, 0xfe, 0xfe, 0xfe, 0xff, 0xfe, 0xfe, 0xfe,
0xff, 0xfe, 0xfe, 0xfe, 0xff, 0xfe, 0xfe, 0xfe, 0xff, 0xfe, 0xfe, 0xfe, 0xff, 0xfe, 0xfe,
0xfe, 0xff, 0xfe, 0xfe, 0xfe, 0xff, 0xfe, 0xfe, 0xfe, 0xff, 0xfe, 0xfe, 0xfe, 0xff, 0xfe,
0xfe, 0xfe, 0xff, 0xfe, 0xfe, 0xfe, 0xff, 0xff, 0xff, 0xfe, 0xff, 0x71, 0xac, 0xff, 0xff,
0x00, 0x60, 0xff, 0xff, 0x00, 0x6a, 0xff, 0xff, 0x00, 0x6a, 0xff, 0xff, 0x00, 0x6a, 0xff,
0xff, 0x00, 0x6a, 0xff, 0xff, 0x00, 0x6a, 0xff, 0xff, 0x00, 0x6a, 0xff, 0xff, 0x00, 0x6a,
0xff, 0xff, 0x00, 0x6a, 0xff, 0xff, 0x00, 0x6a, 0xff, 0xff, 0x00, 0x6a, 0xff, 0xff, 0x00,
0x6a, 0xff, 0xff, 0x00, 0x6a, 0xff, 0xff, 0x00, 0x6a, 0xff, 0xff, 0x00, 0x6a, 0xff, 0xff,
0x00, 0x6a, 0xff, 0xff, 0x00, 0x6b, 0xff, 0xff, 0x00, 0x65, 0xf2, 0xa2, 0x00, 0x53, 0xd6,
0x00, 0x00, 0x50, 0xd2, 0x00, 0x00, 0x50, 0xd2, 0x00, 0x00, 0x50, 0xd2, 0x00, 0x00, 0x50,
0xd2, 0x00, 0x00, 0x50, 0xd2, 0x00, 0x00, 0x50, 0xd2, 0x00, 0xff, 0xff, 0xff, 0x00, 0xff,
0xff, 0xff, 0x00, 0xff, 0xff, 0xff, 0x00, 0xff, 0xff, 0xff, 0x00, 0xff, 0xff, 0xff, 0x00,
0xff, 0xff, 0xff, 0x00, 0xff, 0xff, 0xff, 0x00, 0xff, 0xff, 0xff, 0x00, 0xff, 0xff, 0xff,
0x00, 0xff, 0xff, 0xff, 0x00, 0xff, 0xff, 0xff, 0x00, 0xff, 0xff, 0xff, 0x00, 0xff, 0xff,
0xff, 0x00, 0xff, 0xff, 0xff, 0x00, 0xff, 0xff, 0xff, 0x00, 0xff, 0xff, 0xff, 0x00, 0xff,
0xff, 0xff, 0x00, 0x00, 0x69, 0xe3, 0x00, 0x00, 0x69, 0xe3, 0x00, 0x00, 0x69, 0xe3, 0x00,
0x00, 0x69, 0xe3, 0x00, 0x00, 0x69, 0xe3, 0x00, 0x00, 0x69, 0xe3, 0x00, 0x00, 0x69, 0xe1,
0x00, 0x00, 0x6c, 0xfa, 0x83, 0x00, 0x6b, 0xff, 0xff, 0x00, 0x6a, 0xff, 0xff, 0x00, 0x6a,
0xff, 0xff, 0x00, 0x6a, 0xff, 0xff, 0x00, 0x6a, 0xff, 0xff, 0x00, 0x6a, 0xff, 0xff, 0x00,
0x6a, 0xff, 0xff, 0x00, 0x6a, 0xff, 0xff, 0x00, 0x6a, 0xff, 0xff, 0x00, 0x6a, 0xff, 0xff,
0x00, 0x6a, 0xff, 0xff, 0x00, 0x6a, 0xff, 0xff, 0x00, 0x6a, 0xff, 0xff, 0x00, 0x6a, 0xff,
0xff, 0x00, 0x6a, 0xff, 0xff, 0x00, 0x6a, 0xff, 0xff, 0x00, 0x6a, 0xff, 0xff, 0x00, 0x66,
0xff, 0xff, 0x20, 0x7c, 0xff, 0xff, 0xf2, 0xf7, 0xfe, 0xff, 0xff, 0xff, 0xfe, 0xff, 0xfe,
0xfe, 0xfe, 0xff, 0xfe, 0xfe, 0xfe, 0xff, 0xfe, 0xfe, 0xfe, 0xff, 0xfe, 0xfe, 0xfe, 0xff,
0xfe, 0xfe, 0xfe, 0xff, 0xfe, 0xfe, 0xfe, 0xff, 0xfe, 0xfe, 0xfe, 0xff, 0xfe, 0xfe, 0xfe,
0xff, 0xfe, 0xfe, 0xfe, 0xff, 0xfe, 0xfe, 0xfe, 0xff, 0xfe, 0xfe, 0xfe, 0xff, 0xfe, 0xfe,
0xfe, 0xff, 0xfe, 0xfe, 0xfe, 0xff, 0xfe, 0xfe, 0xfe, 0xff, 0xfe, 0xfe, 0xfe, 0xff, 0xfe,
0xfe, 0xfe, 0xff, 0xfe, 0xfe, 0xfe, 0xff, 0xfe, 0xfe, 0xfe, 0xff, 0xfe, 0xfe, 0xfe, 0xff,
0xfe, 0xfe, 0xfe, 0xff, 0xff, 0xff, 0xfe, 0xff, 0xef, 0xf6, 0xfe, 0xff, 0x18, 0x79, 0xff,
0xff, 0x00, 0x66, 0xff, 0xff, 0x00, 0x6a, 0xff, 0xff, 0x00, 0x6a, 0xff, 0xff, 0x00, 0x6a,
0xff, 0xff, 0x00, 0x6a, 0xff, 0xff, 0x00, 0x6a, 0xff, 0xff, 0x00, 0x6a, 0xff, 0xff, 0x00,
0x67, 0xff, 0xff, 0x15, 0x76, 0xff, 0xff, 0xe7, 0xf1, 0xfe, 0xff, 0xff, 0xff, 0xfe, 0xff,
0xfe, 0xfe, 0xfe, 0xff, 0xfe, 0xfe, 0xfe, 0xff, 0xfe, 0xfe, 0xfe, 0xff, 0xfe, 0xfe, 0xfe,
0xff, 0xfe, 0xfe, 0xfe, 0xff, 0xfe, 0xfe, 0xfe, 0xff, 0xfe, 0xfe, 0xfe, 0xff, 0xfe, 0xfe,
0xfe, 0xff, 0xfe, 0xfe, 0xfe, 0xff, 0xfe, 0xfe, 0xfe, 0xff, 0xfe, 0xfe, 0xfe, 0xff, 0xfe,
0xfe, 0xfe, 0xff, 0xfe, 0xfe, 0xfe, 0xff, 0xfe, 0xfe, 0xfe, 0xff, 0xfe, 0xfe, 0xfe, 0xff,
0xfe, 0xfe, 0xfe, 0xff, 0xfe, 0xfe, 0xfe, 0xff, 0xfe, 0xfe, 0xfe, 0xff, 0xfe, 0xfe, 0xfe,
0xff, 0xfe, 0xfe, 0xfe, 0xff, 0xff, 0xff, 0xfe, 0xff, 0xf0, 0xf6, 0xfe, 0xff, 0x20, 0x7c,
0xff, 0xff, 0x00, 0x66, 0xff, 0xff, 0x00, 0x6a, 0xff, 0xff, 0x00, 0x6a, 0xff, 0xff, 0x00,
0x6a, 0xff, 0xff, 0x00, 0x6a, 0xff, 0xff, 0x00, 0x6a, 0xff, 0xff, 0x00, 0x6a, 0xff, 0xff,
0x00, 0x6a, 0xff, 0xff, 0x00, 0x6a, 0xff, 0xff, 0x00, 0x6a, 0xff, 0xff, 0x00, 0x6a, 0xff,
0xff, 0x00, 0x6a, 0xff, 0xff, 0x00, 0x6a, 0xff, 0xff, 0x00, 0x6a, 0xff, 0xff, 0x00, 0x6a,
0xff, 0xff, 0x00, 0x6a, 0xff, 0xff, 0x00, 0x6a, 0xff, 0xff, 0x00, 0x6e, 0xff, 0xff, 0x00,
0x36, 0xc1, 0x3d, 0x00, 0x24, 0xa7, 0x00, 0x00, 0x25, 0xab, 0x00, 0x00, 0x25, 0xab, 0x00,
0x00, 0x25, 0xab, 0x00, 0x00, 0x25, 0xab, 0x00, 0x00, 0x25, 0xab, 0x00, 0xff, 0xff, 0xff,
0x00, 0xff, 0xff, 0xff, 0x00, 0xff, 0xff, 0xff, 0x00, 0xff, 0xff, 0xff, 0x00, 0xff, 0xff,
0xff, 0x00, 0xff, 0xff, 0xff, 0x00, 0xff, 0xff, 0xff, 0x00, 0xff, 0xff, 0xff, 0x00, 0xff,
0xff, 0xff, 0x00, 0xff, 0xff, 0xff, 0x00, 0xff, 0xff, 0xff, 0x00, 0xff, 0xff, 0xff, 0x00,
0xff, 0xff, 0xff, 0x00, 0xff, 0xff, 0xff, 0x00, 0xff, 0xff, 0xff, 0x00, 0xff, 0xff, 0xff,
0x00, 0xff, 0xff, 0xff, 0x00, 0x00, 0x56, 0xde, 0x00, 0x00, 0x56, 0xde, 0x00, 0x00, 0x56,
0xde, 0x00, 0x00, 0x56, 0xde, 0x00, 0x00, 0x56, 0xdf, 0x00, 0x00, 0x54, 0xdb, 0x00, 0x00,
0x58, 0xde, 0x2a, 0x00, 0x6b, 0xfe, 0xfb, 0x00, 0x6a, 0xff, 0xff, 0x00, 0x6a, 0xff, 0xff,
0x00, 0x6a, 0xff, 0xff, 0x00, 0x6a, 0xff, 0xff, 0x00, 0x6a, 0xff, 0xff, 0x00, 0x6a, 0xff,
0xff, 0x00, 0x6a, 0xff, 0xff, 0x00, 0x6a, 0xff, 0xff, 0x00, 0x6a, 0xff, 0xff, 0x00, 0x6a,
0xff, 0xff, 0x00, 0x6a, 0xff, 0xff, 0x00, 0x6a, 0xff, 0xff, 0x00, 0x6a, 0xff, 0xff, 0x00,
0x6a, 0xff, 0xff, 0x00, 0x6a, 0xff, 0xff, 0x00, 0x6a, 0xff, 0xff, 0x00, 0x6a, 0xff, 0xff,
0x00, 0x6a, 0xff, 0xff, 0x00, 0x61, 0xff, 0xff, 0x83, 0xb7, 0xff, 0xff, 0xff, 0xff, 0xfe,
0xff, 0xfe, 0xfe, 0xfe, 0xff, 0xfe, 0xfe, 0xfe, 0xff, 0xfe, 0xfe, 0xfe, 0xff, 0xfe, 0xfe,
0xfe, 0xff, 0xfe, 0xfe, 0xfe, 0xff, 0xfe, 0xfe, 0xfe, 0xff, 0xfe, 0xfe, 0xfe, 0xff, 0xfe,
0xfe, 0xfe, 0xff, 0xfe, 0xfe, 0xfe, 0xff, 0xfe, 0xfe, 0xfe, 0xff, 0xfe, 0xfe, 0xfe, 0xff,
0xfe, 0xfe, 0xfe, 0xff, 0xfe, 0xfe, 0xfe, 0xff, 0xfe, 0xfe, 0xfe, 0xff, 0xfe, 0xfe, 0xfe,
0xff, 0xfe, 0xfe, 0xfe, 0xff, 0xfe, 0xfe, 0xfe, 0xff, 0xfe, 0xfe, 0xfe, 0xff, 0xfe, 0xfe,
0xfe, 0xff, 0xfe, 0xfe, 0xfe, 0xff, 0xfe, 0xfe, 0xfe, 0xff, 0xff, 0xff, 0xfe, 0xff, 0x8a,
0xbb, 0xff, 0xff, 0x00, 0x62, 0xff, 0xff, 0x00, 0x6a, 0xff, 0xff, 0x00, 0x6a, 0xff, 0xff,
0x00, 0x6a, 0xff, 0xff, 0x00, 0x6a, 0xff, 0xff, 0x00, 0x6a, 0xff, 0xff, 0x00, 0x6a, 0xff,
0xff, 0x00, 0x62, 0xff, 0xff, 0x8b, 0xbb, 0xff, 0xff, 0xff, 0xff, 0xfe, 0xff, 0xfe, 0xfe,
0xfe, 0xff, 0xfe, 0xfe, 0xfe, 0xff, 0xfe, 0xfe, 0xfe, 0xff, 0xfe, 0xfe, 0xfe, 0xff, 0xfe,
0xfe, 0xfe, 0xff, 0xfe, 0xfe, 0xfe, 0xff, 0xfe, 0xfe, 0xfe, 0xff, 0xfe, 0xfe, 0xfe, 0xff,
0xfe, 0xfe, 0xfe, 0xff, 0xfe, 0xfe, 0xfe, 0xff, 0xfe, 0xfe, 0xfe, 0xff, 0xfe, 0xfe, 0xfe,
0xff, 0xfe, 0xfe, 0xfe, 0xff, 0xfe, 0xfe, 0xfe, 0xff, 0xfe, 0xfe, 0xfe, 0xff, 0xfe, 0xfe,
0xfe, 0xff, 0xfe, 0xfe, 0xfe, 0xff, 0xfe, 0xfe, 0xfe, 0xff, 0xfe, 0xfe, 0xfe, 0xff, 0xfe,
0xfe, 0xfe, 0xff, 0xfe, 0xfe, 0xfe, 0xff, 0xff, 0xff, 0xfe, 0xff, 0x8c, 0xbc, 0xff, 0xff,
0x00, 0x61, 0xff, 0xff, 0x00, 0x6a, 0xff, 0xff, 0x00, 0x6a, 0xff, 0xff, 0x00, 0x6a, 0xff,
0xff, 0x00, 0x6a, 0xff, 0xff, 0x00, 0x6a, 0xff, 0xff, 0x00, 0x6a, 0xff, 0xff, 0x00, 0x6a,
0xff, 0xff, 0x00, 0x6a, 0xff, 0xff, 0x00, 0x6a, 0xff, 0xff, 0x00, 0x6a, 0xff, 0xff, 0x00,
0x6a, 0xff, 0xff, 0x00, 0x6a, 0xff, 0xff, 0x00, 0x6a, 0xff, 0xff, 0x00, 0x6a, 0xff, 0xff,
0x00, 0x6a, 0xff, 0xff, 0x00, 0x6a, 0xff, 0xff, 0x00, 0x6a, 0xff, 0xff, 0x00, 0x6a, 0xff,
0xff, 0x00, 0x6a, 0xff, 0xd0, 0x00, 0x5e, 0xf0, 0x07, 0x00, 0x5b, 0xec, 0x00, 0x00, 0x5b,
0xed, 0x00, 0x00, 0x5b, 0xed, 0x00, 0x00, 0x5b, 0xed, 0x00, 0x00, 0x5b, 0xed, 0x00, 0xff,
0xff, 0xff, 0x00, 0xff, 0xff, 0xff, 0x00, 0xff, 0xff, 0xff, 0x00, 0xff, 0xff, 0xff, 0x00,
0xff, 0xff, 0xff, 0x00, 0xff, 0xff, 0xff, 0x00, 0xff, 0xff, 0xff, 0x00, 0xff, 0xff, 0xff,
0x00, 0xff, 0xff, 0xff, 0x00, 0xff, 0xff, 0xff, 0x00, 0xff, 0xff, 0xff, 0x00, 0xff, 0xff,
0xff, 0x00, 0xff, 0xff, 0xff, 0x00, 0xff, 0xff, 0xff, 0x00, 0xff, 0xff, 0xff, 0x00, 0xff,
0xff, 0xff, 0x00, 0xff, 0xff, 0xff, 0x00, 0x00, 0x49, 0xac, 0x00, 0x00, 0x49, 0xac, 0x00,
0x00, 0x49, 0xac, 0x00, 0x00, 0x49, 0xac, 0x00, 0x00, 0x49, 0xab, 0x00, 0x00, 0x4d, 0xb7,
0x01, 0x00, 0x68, 0xf9, 0xb3, 0x00, 0x6a, 0xff, 0xff, 0x00, 0x6a, 0xff, 0xff, 0x00, 0x6a,
0xff, 0xff, 0x00, 0x6a, 0xff, 0xff, 0x00, 0x6a, 0xff, 0xff, 0x00, 0x6a, 0xff, 0xff, 0x00,
0x6a, 0xff, 0xff, 0x00, 0x6a, 0xff, 0xff, 0x00, 0x6a, 0xff, 0xff, 0x00, 0x6a, 0xff, 0xff,
0x00, 0x6a, 0xff, 0xff, 0x00, 0x6a, 0xff, 0xff, 0x00, 0x6a, 0xff, 0xff, 0x00, 0x6a, 0xff,
0xff, 0x00, 0x6a, 0xff, 0xff, 0x00, 0x6a, 0xff, 0xff, 0x00, 0x6a, 0xff, 0xff, 0x00, 0x6a,
0xff, 0xff, 0x00, 0x6a, 0xff, 0xff, 0x00, 0x65, 0xff, 0xff, 0x20, 0x7d, 0xff, 0xff, 0xf8,
0xfb, 0xfe, 0xff, 0xff, 0xff, 0xfe, 0xff, 0xfe, 0xfe, 0xfe, 0xff, 0xfe, 0xfe, 0xfe, 0xff,
0xfe, 0xfe, 0xfe, 0xff, 0xfe, 0xfe, 0xfe, 0xff, 0xfe, 0xfe, 0xfe, 0xff, 0xfe, 0xfe, 0xfe,
0xff, 0xfe, 0xfe, 0xfe, 0xff, 0xfe, 0xfe, 0xfe, 0xff, 0xfe, 0xfe, 0xfe, 0xff, 0xfe, 0xfe,
0xfe, 0xff, 0xfe, 0xfe, 0xfe, 0xff, 0xfe, 0xfe, 0xfe, 0xff, 0xfe, 0xfe, 0xfe, 0xff, 0xfe,
0xfe, 0xfe, 0xff, 0xfe, 0xfe, 0xfe, 0xff, 0xfe, 0xfe, 0xfe, 0xff, 0xfe, 0xfe, 0xfe, 0xff,
0xfe, 0xfe, 0xfe, 0xff, 0xfe, 0xfe, 0xfe, 0xff, 0xfe, 0xfe, 0xfe, 0xff, 0xff, 0xff, 0xfe,
0xff, 0xe5, 0xef, 0xfe, 0xff, 0x0b, 0x70, 0xff, 0xff, 0x00, 0x68, 0xff, 0xff, 0x00, 0x6a,
0xff, 0xff, 0x00, 0x6a, 0xff, 0xff, 0x00, 0x6a, 0xff, 0xff, 0x00, 0x6a, 0xff, 0xff, 0x00,
0x68, 0xff, 0xff, 0x0b, 0x71, 0xff, 0xff, 0xe5, 0xf0, 0xfe, 0xff, 0xff, 0xff, 0xfe, 0xff,
0xfe, 0xfe, 0xfe, 0xff, 0xfe, 0xfe, 0xfe, 0xff, 0xfe, 0xfe, 0xfe, 0xff, 0xfe, 0xfe, 0xfe,
0xff, 0xfe, 0xfe, 0xfe, 0xff, 0xfe, 0xfe, 0xfe, 0xff, 0xfe, 0xfe, 0xfe, 0xff, 0xfe, 0xfe,
0xfe, 0xff, 0xfe, 0xfe, 0xfe, 0xff, 0xfe, 0xfe, 0xfe, 0xff, 0xfe, 0xfe, 0xfe, 0xff, 0xfe,
0xfe, 0xfe, 0xff, 0xfe, 0xfe, 0xfe, 0xff, 0xfe, 0xfe, 0xfe, 0xff, 0xfe, 0xfe, 0xfe, 0xff,
0xfe, 0xfe, 0xfe, 0xff, 0xfe, 0xfe, 0xfe, 0xff, 0xfe, 0xfe, 0xfe, 0xff, 0xfe, 0xfe, 0xfe,
0xff, 0xfe, 0xfe, 0xfe, 0xff, 0xff, 0xff, 0xfe, 0xff, 0xfc, 0xfd, 0xfe, 0xff, 0x31, 0x87,
0xff, 0xff, 0x00, 0x64, 0xff, 0xff, 0x00, 0x6a, 0xff, 0xff, 0x00, 0x6a, 0xff, 0xff, 0x00,
0x6a, 0xff, 0xff, 0x00, 0x6a, 0xff, 0xff, 0x00, 0x6a, 0xff, 0xff, 0x00, 0x6a, 0xff, 0xff,
0x00, 0x6a, 0xff, 0xff, 0x00, 0x6a, 0xff, 0xff, 0x00, 0x6a, 0xff, 0xff, 0x00, 0x6a, 0xff,
0xff, 0x00, 0x6a, 0xff, 0xff, 0x00, 0x6a, 0xff, 0xff, 0x00, 0x6a, 0xff, 0xff, 0x00, 0x6a,
0xff, 0xff, 0x00, 0x6a, 0xff, 0xff, 0x00, 0x6a, 0xff, 0xff, 0x00, 0x6a, 0xff, 0xff, 0x00,
0x6a, 0xff, 0xff, 0x00, 0x6a, 0xff, 0xff, 0x00, 0x65, 0xf6, 0x5e, 0x00, 0x63, 0xf1, 0x00,
0x00, 0x63, 0xf2, 0x00, 0x00, 0x63, 0xf2, 0x00, 0x00, 0x63, 0xf2, 0x00, 0x00, 0x63, 0xf2,
0x00, 0xff, 0xff, 0xff, 0x00, 0xff, 0xff, 0xff, 0x00, 0xff, 0xff, 0xff, 0x00, 0xff, 0xff,
0xff, 0x00, 0xff, 0xff, 0xff, 0x00, 0xff, 0xff, 0xff, 0x00, 0xff, 0xff, 0xff, 0x00, 0xff,
0xff, 0xff, 0x00, 0xff, 0xff, 0xff, 0x00, 0xff, 0xff, 0xff, 0x00, 0xff, 0xff, 0xff, 0x00,
0xff, 0xff, 0xff, 0x00, 0xff, 0xff, 0xff, 0x00, 0xff, 0xff, 0xff, 0x00, 0xff, 0xff, 0xff,
0x00, 0xff, 0xff, 0xff, 0x00, 0xff, 0xff, 0xff, 0x00, 0x00, 0x35, 0x8f, 0x00, 0x00, 0x35,
0x8f, 0x00, 0x00, 0x35, 0x8f, 0x00, 0x00, 0x35, 0x90, 0x00, 0x00, 0x34, 0x8d, 0x00, 0x00,
0x41, 0xa7, 0x3e, 0x00, 0x6b, 0xfe, 0xff, 0x00, 0x6a, 0xff, 0xff, 0x00, 0x6a, 0xff, 0xff,
0x00, 0x6a, 0xff, 0xff, 0x00, 0x6a, 0xff, 0xff, 0x00, 0x6a, 0xff, 0xff, 0x00, 0x6a, 0xff,
0xff, 0x00, 0x6a, 0xff, 0xff, 0x00, 0x6a, 0xff, 0xff, 0x00, 0x6a, 0xff, 0xff, 0x00, 0x6a,
0xff, 0xff, 0x00, 0x6a, 0xff, 0xff, 0x00, 0x6a, 0xff, 0xff, 0x00, 0x6a, 0xff, 0xff, 0x00,
0x6a, 0xff, 0xff, 0x00, 0x6a, 0xff, 0xff, 0x00, 0x6a, 0xff, 0xff, 0x00, 0x6a, 0xff, 0xff,
0x00, 0x6a, 0xff, 0xff, 0x00, 0x6a, 0xff, 0xff, 0x00, 0x6a, 0xff, 0xff, 0x00, 0x64, 0xff,
0xff, 0x9f, 0xc7, 0xff, 0xff, 0xff, 0xff, 0xfe, 0xff, 0xfe, 0xfe, 0xfe, 0xff, 0xfe, 0xfe,
0xfe, 0xff, 0xfe, 0xfe, 0xfe, 0xff, 0xfe, 0xfe, 0xfe, 0xff, 0xfe, 0xfe, 0xfe, 0xff, 0xfe,
0xfe, 0xfe, 0xff, 0xfe, 0xfe, 0xfe, 0xff, 0xfe, 0xfe, 0xfe, 0xff, 0xfe, 0xfe, 0xfe, 0xff,
0xfe, 0xfe, 0xfe, 0xff, 0xfe, 0xfe, 0xfe, 0xff, 0xfe, 0xfe, 0xfe, 0xff, 0xfe, 0xfe, 0xfe,
0xff, 0xfe, 0xfe, 0xfe, 0xff, 0xfe, 0xfe, 0xfe, 0xff, 0xfe, 0xfe, 0xfe, 0xff, 0xfe, 0xfe,
0xfe, 0xff, 0xff, 0xff, 0xfe, 0xff, 0xff, 0xff, 0xfe, 0xff, 0xff, 0xff, 0xfe, 0xff, 0xff,
0xff, 0xfe, 0xff, 0xff, 0xff, 0xfe, 0xff, 0x7b, 0xb2, 0xff, 0xff, 0x00, 0x62, 0xff, 0xff,
0x00, 0x6a, 0xff, 0xff, 0x00, 0x6a, 0xff, 0xff, 0x00, 0x6a, 0xff, 0xff, 0x00, 0x6a, 0xff,
0xff, 0x00, 0x62, 0xff, 0xff, 0x7c, 0xb3, 0xff, 0xff, 0xff, 0xff, 0xfe, 0xff, 0xff, 0xff,
0xfe, 0xff, 0xff, 0xff, 0xfe, 0xff, 0xff, 0xff, 0xfe, 0xff, 0xff, 0xfe, 0xfe, 0xff, 0xfe,
0xfe, 0xfe, 0xff, 0xfe, 0xfe, 0xfe, 0xff, 0xfe, 0xfe, 0xfe, 0xff, 0xfe, 0xfe, 0xfe, 0xff,
0xfe, 0xfe, 0xfe, 0xff, 0xfe, 0xfe, 0xfe, 0xff, 0xfe, 0xfe, 0xfe, 0xff, 0xfe, 0xfe, 0xfe,
0xff, 0xfe, 0xfe, 0xfe, 0xff, 0xfe, 0xfe, 0xfe, 0xff, 0xfe, 0xfe, 0xfe, 0xff, 0xfe, 0xfe,
0xfe, 0xff, 0xfe, 0xfe, 0xfe, 0xff, 0xfe, 0xfe, 0xfe, 0xff, 0xfe, 0xfe, 0xfe, 0xff, 0xfe,
0xfe, 0xfe, 0xff, 0xfe, 0xfe, 0xfe, 0xff, 0xff, 0xff, 0xfe, 0xff, 0x9f, 0xc7, 0xff, 0xff,
0x00, 0x63, 0xff, 0xff, 0x00, 0x6a, 0xff, 0xff, 0x00, 0x6a, 0xff, 0xff, 0x00, 0x6a, 0xff,
0xff, 0x00, 0x6a, 0xff, 0xff, 0x00, 0x6a, 0xff, 0xff, 0x00, 0x6a, 0xff, 0xff, 0x00, 0x6a,
0xff, 0xff, 0x00, 0x6a, 0xff, 0xff, 0x00, 0x6a, 0xff, 0xff, 0x00, 0x6a, 0xff, 0xff, 0x00,
0x6a, 0xff, 0xff, 0x00, 0x6a, 0xff, 0xff, 0x00, 0x6a, 0xff, 0xff, 0x00, 0x6a, 0xff, 0xff,
0x00, 0x6a, 0xff, 0xff, 0x00, 0x6a, 0xff, 0xff, 0x00, 0x6a, 0xff, 0xff, 0x00, 0x6a, 0xff,
0xff, 0x00, 0x6a, 0xff, 0xff, 0x00, 0x6a, 0xff, 0xff, 0x00, 0x6b, 0xff, 0xe7, 0x00, 0x69,
0xfc, 0x18, 0x00, 0x69, 0xfc, 0x00, 0x00, 0x69, 0xfc, 0x00, 0x00, 0x69, 0xfc, 0x00, 0x00,
0x69, 0xfc, 0x00, 0xff, 0xff, 0xff, 0x00, 0xff, 0xff, 0xff, 0x00, 0xff, 0xff, 0xff, 0x00,
0xff, 0xff, 0xff, 0x00, 0xff, 0xff, 0xff, 0x00, 0xff, 0xff, 0xff, 0x00, 0xff, 0xff, 0xff,
0x00, 0xff, 0xff, 0xff, 0x00, 0xff, 0xff, 0xff, 0x00, 0xff, 0xff, 0xff, 0x00, 0xff, 0xff,
0xff, 0x00, 0xff, 0xff, 0xff, 0x00, 0xff, 0xff, 0xff, 0x00, 0xff, 0xff, 0xff, 0x00, 0xff,
0xff, 0xff, 0x00, 0xff, 0xff, 0xff, 0x00, 0xff, 0xff, 0xff, 0x00, 0x00, 0x62, 0xf7, 0x00,
0x00, 0x62, 0xf7, 0x00, 0x00, 0x62, 0xf7, 0x00, 0x00, 0x62, 0xf7, 0x00, 0x00, 0x61, 0xf4,
0x07, 0x00, 0x6b, 0xff, 0xc7, 0x00, 0x6b, 0xff, 0xff, 0x00, 0x6a, 0xff, 0xff, 0x00, 0x6a,
0xff, 0xff, 0x00, 0x6a, 0xff, 0xff, 0x00, 0x6a, 0xff, 0xff, 0x00, 0x6a, 0xff, 0xff, 0x00,
0x6a, 0xff, 0xff, 0x00, 0x6a, 0xff, 0xff, 0x00, 0x6a, 0xff, 0xff, 0x00, 0x6a, 0xff, 0xff,
0x00, 0x6a, 0xff, 0xff, 0x00, 0x6a, 0xff, 0xff, 0x00, 0x6a, 0xff, 0xff, 0x00, 0x6a, 0xff,
0xff, 0x00, 0x6a, 0xff, 0xff, 0x00, 0x6a, 0xff, 0xff, 0x00, 0x6a, 0xff, 0xff, 0x00, 0x6a,
0xff, 0xff, 0x00, 0x6a, 0xff, 0xff, 0x00, 0x6a, 0xff, 0xff, 0x00, 0x6a, 0xff, 0xff, 0x00,
0x64, 0xff, 0xff, 0x2e, 0x85, 0xff, 0xff, 0xff, 0xfe, 0xfe, 0xff, 0xff, 0xff, 0xfe, 0xff,
0xfe, 0xfe, 0xfe, 0xff, 0xfe, 0xfe, 0xfe, 0xff, 0xfe, 0xfe, 0xfe, 0xff, 0xfe, 0xfe, 0xfe,
0xff, 0xfe, 0xfe, 0xfe, 0xff, 0xfe, 0xfe, 0xfe, 0xff, 0xfe, 0xfe, 0xfe, 0xff, 0xfe, 0xfe,
0xfe, 0xff, 0xfe, 0xfe, 0xfe, 0xff, 0xfe, 0xfe, 0xfe, 0xff, 0xfe, 0xfe, 0xfe, 0xff, 0xfe,
0xfe, 0xfe, 0xff, 0xfe, 0xfe, 0xfe, 0xff, 0xff, 0xff, 0xfe, 0xff, 0xff, 0xff, 0xfe, 0xff,
0xff, 0xff, 0xfe, 0xff, 0xff, 0xff, 0xfe, 0xff, 0xe3, 0xee, 0xfe, 0xff, 0xcb, 0xe0, 0xfe,
0xff, 0xad, 0xcf, 0xff, 0xff, 0x81, 0xb5, 0xff, 0xff, 0x4e, 0x97, 0xff, 0xff, 0x00, 0x68,
0xff, 0xff, 0x00, 0x6a, 0xff, 0xff, 0x00, 0x6a, 0xff, 0xff, 0x00, 0x6a, 0xff, 0xff, 0x00,
0x6a, 0xff, 0xff, 0x00, 0x68, 0xff, 0xff, 0x55, 0x9b, 0xff, 0xff, 0x8d, 0xbc, 0xff, 0xff,
0xb6, 0xd4, 0xff, 0xff, 0xd1, 0xe4, 0xfe, 0xff, 0xeb, 0xf3, 0xfe, 0xff, 0xff, 0xff, 0xfe,
0xff, 0xff, 0xff, 0xfe, 0xff, 0xff, 0xff, 0xfe, 0xff, 0xff, 0xff, 0xfe, 0xff, 0xfe, 0xfe,
0xfe, 0xff, 0xfe, 0xfe, 0xfe, 0xff, 0xfe, 0xfe, 0xfe, 0xff, 0xfe, 0xfe, 0xfe, 0xff, 0xfe,
0xfe, 0xfe, 0xff, 0xfe, 0xfe, 0xfe, 0xff, 0xfe, 0xfe, 0xfe, 0xff, 0xfe, 0xfe, 0xfe, 0xff,
0xfe, 0xfe, 0xfe, 0xff, 0xfe, 0xfe, 0xfe, 0xff, 0xfe, 0xfe, 0xfe, 0xff, 0xfe, 0xfe, 0xfe,
0xff, 0xfe, 0xfe, 0xfe, 0xff, 0xff, 0xff, 0xfe, 0xff, 0xff, 0xfe, 0xfe, 0xff, 0x2e, 0x85,
0xff, 0xff, 0x00, 0x64, 0xff, 0xff, 0x00, 0x6a, 0xff, 0xff, 0x00, 0x6a, 0xff, 0xff, 0x00,
0x6a, 0xff, 0xff, 0x00, 0x6a, 0xff, 0xff, 0x00, 0x6a, 0xff, 0xff, 0x00, 0x6a, 0xff, 0xff,
0x00, 0x6a, 0xff, 0xff, 0x00, 0x6a, 0xff, 0xff, 0x00, 0x6a, 0xff, 0xff, 0x00, 0x6a, 0xff,
0xff, 0x00, 0x6a, 0xff, 0xff, 0x00, 0x6a, 0xff, 0xff, 0x00, 0x6a, 0xff, 0xff, 0x00, 0x6a,
0xff, 0xff, 0x00, 0x6a, 0xff, 0xff, 0x00, 0x6a, 0xff, 0xff, 0x00, 0x6a, 0xff, 0xff, 0x00,
0x6a, 0xff, 0xff, 0x00, 0x6a, 0xff, 0xff, 0x00, 0x6a, 0xff, 0xff, 0x00, 0x6a, 0xff, 0xff,
0x00, 0x6a, 0xfe, 0x78, 0x00, 0x6a, 0xfc, 0x00, 0x00, 0x6a, 0xfc, 0x00, 0x00, 0x6a, 0xfc,
0x00, 0x00, 0x6a, 0xfc, 0x00, 0xff, 0xff, 0xff, 0x00, 0xff, 0xff, 0xff, 0x00, 0xff, 0xff,
0xff, 0x00, 0xff, 0xff, 0xff, 0x00, 0xff, 0xff, 0xff, 0x00, 0xff, 0xff, 0xff, 0x00, 0xff,
0xff, 0xff, 0x00, 0xff, 0xff, 0xff, 0x00, 0xff, 0xff, 0xff, 0x00, 0xff, 0xff, 0xff, 0x00,
0xff, 0xff, 0xff, 0x00, 0xff, 0xff, 0xff, 0x00, 0xff, 0xff, 0xff, 0x00, 0xff, 0xff, 0xff,
0x00, 0xff, 0xff, 0xff, 0x00, 0xff, 0xff, 0xff, 0x00, 0xff, 0xff, 0xff, 0x00, 0x00, 0x4c,
0xbd, 0x00, 0x00, 0x4c, 0xbd, 0x00, 0x00, 0x4c, 0xbd, 0x00, 0x00, 0x4b, 0xbb, 0x00, 0x00,
0x5d, 0xe3, 0x56, 0x00, 0x6b, 0xff, 0xff, 0x00, 0x6a, 0xff, 0xff, 0x00, 0x6a, 0xff, 0xff,
0x00, 0x6a, 0xff, 0xff, 0x00, 0x6a, 0xff, 0xff, 0x00, 0x6a, 0xff, 0xff, 0x00, 0x6a, 0xff,
0xff, 0x00, 0x6a, 0xff, 0xff, 0x00, 0x6a, 0xff, 0xff, 0x00, 0x6a, 0xff, 0xff, 0x00, 0x6a,
0xff, 0xff, 0x00, 0x6a, 0xff, 0xff, 0x00, 0x6a, 0xff, 0xff, 0x00, 0x6a, 0xff, 0xff, 0x00,
0x6a, 0xff, 0xff, 0x00, 0x6a, 0xff, 0xff, 0x00, 0x6a, 0xff, 0xff, 0x00, 0x6a, 0xff, 0xff,
0x00, 0x6a, 0xff, 0xff, 0x00, 0x6a, 0xff, 0xff, 0x00, 0x6a, 0xff, 0xff, 0x00, 0x6a, 0xff,
0xff, 0x00, 0x69, 0xff, 0xff, 0x01, 0x67, 0xff, 0xff, 0xb9, 0xd6, 0xff, 0xff, 0xff, 0xff,
0xfe, 0xff, 0xfe, 0xfe, 0xfe, 0xff, 0xfe, 0xfe, 0xfe, 0xff, 0xfe, 0xfe, 0xfe, 0xff, 0xfe,
0xfe, 0xfe, 0xff, 0xfe, 0xfe, 0xfe, 0xff, 0xfe, 0xfe, 0xfe, 0xff, 0xfe, 0xfe, 0xfe, 0xff,
0xfe, 0xfe, 0xfe, 0xff, 0xfe, 0xfe, 0xfe, 0xff, 0xfe, 0xfe, 0xfe, 0xff, 0xfe, 0xfe, 0xfe,
0xff, 0xff, 0xff, 0xfe, 0xff, 0xff, 0xff, 0xfe, 0xff, 0xf9, 0xfc, 0xfe, 0xff, 0xd0, 0xe2,
0xfe, 0xff, 0x8e, 0xbc, 0xff, 0xff, 0x3c, 0x8c, 0xff, 0xff, 0x0d, 0x71, 0xff, 0xff, 0x00,
0x69, 0xff, 0xff, 0x00, 0x64, 0xff, 0xff, 0x00, 0x61, 0xff, 0xff, 0x00, 0x64, 0xff, 0xff,
0x00, 0x6a, 0xff, 0xff, 0x00, 0x6a, 0xff, 0xff, 0x00, 0x6a, 0xff, 0xff, 0x00, 0x6a, 0xff,
0xff, 0x00, 0x6a, 0xff, 0xff, 0x00, 0x6a, 0xff, 0xff, 0x00, 0x64, 0xff, 0xff, 0x00, 0x61,
0xff, 0xff, 0x00, 0x65, 0xff, 0xff, 0x02, 0x6b, 0xff, 0xff, 0x16, 0x76, 0xff, 0xff, 0x51,
0x97, 0xff, 0xff, 0xa5, 0xca, 0xff, 0xff, 0xda, 0xe9, 0xfe, 0xff, 0xff, 0xff, 0xfe, 0xff,
0xff, 0xff, 0xfe, 0xff, 0xff, 0xff, 0xfe, 0xff, 0xfe, 0xfe, 0xfe, 0xff, 0xfe, 0xfe, 0xfe,
0xff, 0xfe, 0xfe, 0xfe, 0xff, 0xfe, 0xfe, 0xfe, 0xff, 0xfe, 0xfe, 0xfe, 0xff, 0xfe, 0xfe,
0xfe, 0xff, 0xfe, 0xfe, 0xfe, 0xff, 0xfe, 0xfe, 0xfe, 0xff, 0xfe, 0xfe, 0xfe, 0xff, 0xfe,
0xfe, 0xfe, 0xff, 0xfe, 0xfe, 0xfe, 0xff, 0xff, 0xff, 0xfe, 0xff, 0xb9, 0xd6, 0xff, 0xff,
0x01, 0x67, 0xff, 0xff, 0x00, 0x69, 0xff, 0xff, 0x00, 0x6a, 0xff, 0xff, 0x00, 0x6a, 0xff,
0xff, 0x00, 0x6a, 0xff, 0xff, 0x00, 0x6a, 0xff, 0xff, 0x00, 0x6a, 0xff, 0xff, 0x00, 0x6a,
0xff, 0xff, 0x00, 0x6a, 0xff, 0xff, 0x00, 0x6a, 0xff, 0xff, 0x00, 0x6a, 0xff, 0xff, 0x00,
0x6a, 0xff, 0xff, 0x00, 0x6a, 0xff, 0xff, 0x00, 0x6a, 0xff, 0xff, 0x00, 0x6a, 0xff, 0xff,
0x00, 0x6a, 0xff, 0xff, 0x00, 0x6a, 0xff, 0xff, 0x00, 0x6a, 0xff, 0xff, 0x00, 0x6a, 0xff,
0xff, 0x00, 0x6a, 0xff, 0xff, 0x00, 0x6a, 0xff, 0xff, 0x00, 0x6a, 0xff, 0xff, 0x00, 0x6a,
0xff, 0xff, 0x00, 0x6a, 0xfe, 0xe6, 0x00, 0x68, 0xfa, 0x17, 0x00, 0x68, 0xfb, 0x00, 0x00,
0x68, 0xfb, 0x00, 0x00, 0x68, 0xfb, 0x00, 0xff, 0xff, 0xff, 0x00, 0xff, 0xff, 0xff, 0x00,
0xff, 0xff, 0xff, 0x00, 0xff, 0xff, 0xff, 0x00, 0xff, 0xff, 0xff, 0x00, 0xff, 0xff, 0xff,
0x00, 0xff, 0xff, 0xff, 0x00, 0xff, 0xff, 0xff, 0x00, 0xff, 0xff, 0xff, 0x00, 0xff, 0xff,
0xff, 0x00, 0xff, 0xff, 0xff, 0x00, 0xff, 0xff, 0xff, 0x00, 0xff, 0xff, 0xff, 0x00, 0xff,
0xff, 0xff, 0x00, 0xff, 0xff, 0xff, 0x00, 0xff, 0xff, 0xff, 0x00, 0xff, 0xff, 0xff, 0x00,
0x00, 0x39, 0x8c, 0x00, 0x00, 0x39, 0x8c, 0x00, 0x00, 0x39, 0x8c, 0x00, 0x00, 0x37, 0x8a,
0x01, 0x00, 0x5c, 0xe0, 0xbf, 0x00, 0x6c, 0xff, 0xff, 0x00, 0x6a, 0xff, 0xff, 0x00, 0x6a,
0xff, 0xff, 0x00, 0x6a, 0xff, 0xff, 0x00, 0x6a, 0xff, 0xff, 0x00, 0x6a, 0xff, 0xff, 0x00,
0x6a, 0xff, 0xff, 0x00, 0x6a, 0xff, 0xff, 0x00, 0x6a, 0xff, 0xff, 0x00, 0x6a, 0xff, 0xff,
0x00, 0x6a, 0xff, 0xff, 0x00, 0x6a, 0xff, 0xff, 0x00, 0x6a, 0xff, 0xff, 0x00, 0x6a, 0xff,
0xff, 0x00, 0x6a, 0xff, 0xff, 0x00, 0x6a, 0xff, 0xff, 0x00, 0x6a, 0xff, 0xff, 0x00, 0x6a,
0xff, 0xff, 0x00, 0x6a, 0xff, 0xff, 0x00, 0x6a, 0xff, 0xff, 0x00, 0x6a, 0xff, 0xff, 0x00,
0x6a, 0xff, 0xff, 0x00, 0x6a, 0xff, 0xff, 0x00, 0x63, 0xff, 0xff, 0x41, 0x90, 0xff, 0xff,
0xff, 0xff, 0xfe, 0xff, 0xff, 0xff, 0xfe, 0xff, 0xfe, 0xfe, 0xfe, 0xff, 0xfe, 0xfe, 0xfe,
0xff, 0xfe, 0xfe, 0xfe, 0xff, 0xfe, 0xfe, 0xfe, 0xff, 0xfe, 0xfe, 0xfe, 0xff, 0xfe, 0xfe,
0xfe, 0xff, 0xfe, 0xfe, 0xfe, 0xff, 0xfe, 0xfe, 0xfe, 0xff, 0xff, 0xff, 0xfe, 0xff, 0xff,
0xff, 0xfe, 0xff, 0xee, 0xf5, 0xfe, 0xff, 0x92, 0xbf, 0xff, 0xff, 0x2e, 0x82, 0xff, 0xff,
0x02, 0x69, 0xff, 0xff, 0x00, 0x62, 0xff, 0xff, 0x00, 0x64, 0xff, 0xff, 0x00, 0x68, 0xff,
0xff, 0x00, 0x69, 0xff, 0xff, 0x00, 0x6a, 0xff, 0xff, 0x00, 0x6a, 0xff, 0xff, 0x00, 0x6a,
0xff, 0xff, 0x00, 0x6a, 0xff, 0xff, 0x00, 0x6a, 0xff, 0xff, 0x00, 0x6a, 0xff, 0xff, 0x00,
0x6a, 0xff, 0xff, 0x00, 0x6a, 0xff, 0xff, 0x00, 0x6a, 0xff, 0xff, 0x00, 0x6a, 0xff, 0xff,
0x00, 0x6a, 0xff, 0xff, 0x00, 0x6a, 0xff, 0xff, 0x00, 0x69, 0xff, 0xff, 0x00, 0x67, 0xff,
0xff, 0x00, 0x62, 0xff, 0xff, 0x00, 0x63, 0xff, 0xff, 0x07, 0x6c, 0xff, 0xff, 0x41, 0x8d,
0xff, 0xff, 0xb2, 0xd1, 0xff, 0xff, 0xfa, 0xfc, 0xfe, 0xff, 0xff, 0xff, 0xfe, 0xff, 0xff,
0xff, 0xfe, 0xff, 0xfe, 0xfe, 0xfe, 0xff, 0xfe, 0xfe, 0xfe, 0xff, 0xfe, 0xfe, 0xfe, 0xff,
0xfe, 0xfe, 0xfe, 0xff, 0xfe, 0xfe, 0xfe, 0xff, 0xfe, 0xfe, 0xfe, 0xff, 0xfe, 0xfe, 0xfe,
0xff, 0xfe, 0xfe, 0xfe, 0xff, 0xff, 0xff, 0xfe, 0xff, 0xff, 0xff, 0xfe, 0xff, 0x41, 0x90,
0xff, 0xff, 0x00, 0x63, 0xff, 0xff, 0x00, 0x6a, 0xff, 0xff, 0x00, 0x6a, 0xff, 0xff, 0x00,
0x6a, 0xff, 0xff, 0x00, 0x6a, 0xff, 0xff, 0x00, 0x6a, 0xff, 0xff, 0x00, 0x6a, 0xff, 0xff,
0x00, 0x6a, 0xff, 0xff, 0x00, 0x6a, 0xff, 0xff, 0x00, 0x6a, 0xff, 0xff, 0x00, 0x6a, 0xff,
0xff, 0x00, 0x6a, 0xff, 0xff, 0x00, 0x6a, 0xff, 0xff, 0x00, 0x6a, 0xff, 0xff, 0x00, 0x6a,
0xff, 0xff, 0x00, 0x6a, 0xff, 0xff, 0x00, 0x6a, 0xff, 0xff, 0x00, 0x6a, 0xff, 0xff, 0x00,
0x6a, 0xff, 0xff, 0x00, 0x6a, 0xff, 0xff, 0x00, 0x6a, 0xff, 0xff, 0x00, 0x6a, 0xff, 0xff,
0x00, 0x6a, 0xff, 0xff, 0x00, 0x6a, 0xff, 0xff, 0x00, 0x64, 0xe8, 0x67, 0x00, 0x5f, 0xd1,
0x00, 0x00, 0x60, 0xd4, 0x00, 0x00, 0x60, 0xd4, 0x00, 0xff, 0xff, 0xff, 0x00, 0xff, 0xff,
0xff, 0x00, 0xff, 0xff, 0xff, 0x00, 0xff, 0xff, 0xff, 0x00, 0xff, 0xff, 0xff, 0x00, 0xff,
0xff, 0xff, 0x00, 0xff, 0xff, 0xff, 0x00, 0xff, 0xff, 0xff, 0x00, 0xff, 0xff, 0xff, 0x00,
0xff, 0xff, 0xff, 0x00, 0xff, 0xff, 0xff, 0x00, 0xff, 0xff, 0xff, 0x00, 0xff, 0xff, 0xff,
0x00, 0xff, 0xff, 0xff, 0x00, 0xff, 0xff, 0xff, 0x00, 0xff, 0xff, 0xff, 0x00, 0xff, 0xff,
0xff, 0x00, 0x00, 0x5b, 0xec, 0x00, 0x00, 0x5b, 0xec, 0x00, 0x00, 0x5a, 0xeb, 0x00, 0x00,
0x62, 0xf7, 0x41, 0x00, 0x6c, 0xff, 0xff, 0x00, 0x6a, 0xff, 0xff, 0x00, 0x6a, 0xff, 0xff,
0x00, 0x6a, 0xff, 0xff, 0x00, 0x6a, 0xff, 0xff, 0x00, 0x6a, 0xff, 0xff, 0x00, 0x6a, 0xff,
0xff, 0x00, 0x6a, 0xff, 0xff, 0x00, 0x6a, 0xff, 0xff, 0x00, 0x6a, 0xff, 0xff, 0x00, 0x6a,
0xff, 0xff, 0x00, 0x6a, 0xff, 0xff, 0x00, 0x6a, 0xff, 0xff, 0x00, 0x6a, 0xff, 0xff, 0x00,
0x6a, 0xff, 0xff, 0x00, 0x6a, 0xff, 0xff, 0x00, 0x6a, 0xff, 0xff, 0x00, 0x6a, 0xff, 0xff,
0x00, 0x6a, 0xff, 0xff, 0x00, 0x6a, 0xff, 0xff, 0x00, 0x6a, 0xff, 0xff, 0x00, 0x6a, 0xff,
0xff, 0x00, 0x6a, 0xff, 0xff, 0x00, 0x6a, 0xff, 0xff, 0x00, 0x69, 0xff, 0xff, 0x08, 0x6d,
0xff, 0xff, 0xd6, 0xe7, 0xfe, 0xff, 0xff, 0xff, 0xfe, 0xff, 0xfe, 0xfe, 0xfe, 0xff, 0xfe,
0xfe, 0xfe, 0xff, 0xfe, 0xfe, 0xfe, 0xff, 0xfe, 0xfe, 0xfe, 0xff, 0xfe, 0xfe, 0xfe, 0xff,
0xfe, 0xfe, 0xfe, 0xff, 0xff, 0xff, 0xfe, 0xff, 0xff, 0xff, 0xfe, 0xff, 0xe6, 0xf0, 0xfe,
0xff, 0x70, 0xaa, 0xff, 0xff, 0x1c, 0x77, 0xff, 0xff, 0x00, 0x62, 0xff, 0xff, 0x00, 0x64,
0xff, 0xff, 0x00, 0x69, 0xff, 0xff, 0x00, 0x6a, 0xff, 0xff, 0x00, 0x6a, 0xff, 0xff, 0x00,
0x6a, 0xff, 0xff, 0x00, 0x6a, 0xff, 0xff, 0x00, 0x6a, 0xff, 0xff, 0x00, 0x6a, 0xff, 0xff,
0x00, 0x6a, 0xff, 0xff, 0x00, 0x6a, 0xff, 0xff, 0x00, 0x6a, 0xff, 0xff, 0x00, 0x6a, 0xff,
0xff, 0x00, 0x6a, 0xff, 0xff, 0x00, 0x6a, 0xff, 0xff, 0x00, 0x6a, 0xff, 0xff, 0x00, 0x6a,
0xff, 0xff, 0x00, 0x6a, 0xff, 0xff, 0x00, 0x6a, 0xff, 0xff, 0x00, 0x6a, 0xff, 0xff, 0x00,
0x6a, 0xff, 0xff, 0x00, 0x6a, 0xff, 0xff, 0x00, 0x6a, 0xff, 0xff, 0x00, 0x68, 0xff, 0xff,
0x00, 0x63, 0xff, 0xff, 0x00, 0x66, 0xff, 0xff, 0x2a, 0x80, 0xff, 0xff, 0x93, 0xbf, 0xff,
0xff, 0xf7, 0xfa, 0xfe, 0xff, 0xff, 0xff, 0xfe, 0xff, 0xff, 0xff, 0xfe, 0xff, 0xfe, 0xfe,
0xfe, 0xff, 0xfe, 0xfe, 0xfe, 0xff, 0xfe, 0xfe, 0xfe, 0xff, 0xfe, 0xfe, 0xfe, 0xff, 0xfe,
0xfe, 0xfe, 0xff, 0xfe, 0xfe, 0xfe, 0xff, 0xff, 0xff, 0xfe, 0xff, 0xd6, 0xe7, 0xfe, 0xff,
0x08, 0x6d, 0xff, 0xff, 0x00, 0x69, 0xff, 0xff, 0x00, 0x6a, 0xff, 0xff, 0x00, 0x6a, 0xff,
0xff, 0x00, 0x6a, 0xff, 0xff, 0x00, 0x6a, 0xff, 0xff, 0x00, 0x6a, 0xff, 0xff, 0x00, 0x6a,
0xff, 0xff, 0x00, 0x6a, 0xff, 0xff, 0x00, 0x6a, 0xff, 0xff, 0x00, 0x6a, 0xff, 0xff, 0x00,
0x6a, 0xff, 0xff, 0x00, 0x6a, 0xff, 0xff, 0x00, 0x6a, 0xff, 0xff, 0x00, 0x6a, 0xff, 0xff,
0x00, 0x6a, 0xff, 0xff, 0x00, 0x6a, 0xff, 0xff, 0x00, 0x6a, 0xff, 0xff, 0x00, 0x6a, 0xff,
0xff, 0x00, 0x6a, 0xff, 0xff, 0x00, 0x6a, 0xff, 0xff, 0x00, 0x6a, 0xff, 0xff, 0x00, 0x6a,
0xff, 0xff, 0x00, 0x6a, 0xff, 0xff, 0x00, 0x6a, 0xff, 0xff, 0x00, 0x68, 0xf9, 0xcc, 0x00,
0x61, 0xeb, 0x06, 0x00, 0x61, 0xeb, 0x00, 0x00, 0x61, 0xeb, 0x00, 0xff, 0xff, 0xff, 0x00,
0xff, 0xff, 0xff, 0x00, 0xff, 0xff, 0xff, 0x00, 0xff, 0xff, 0xff, 0x00, 0xff, 0xff, 0xff,
0x00, 0xff, 0xff, 0xff, 0x00, 0xff, 0xff, 0xff, 0x00, 0xff, 0xff, 0xff, 0x00, 0xff, 0xff,
0xff, 0x00, 0xff, 0xff, 0xff, 0x00, 0xff, 0xff, 0xff, 0x00, 0xff, 0xff, 0xff, 0x00, 0xff,
0xff, 0xff, 0x00, 0xff, 0xff, 0xff, 0x00, 0xff, 0xff, 0xff, 0x00, 0xff, 0xff, 0xff, 0x00,
0xff, 0xff, 0xff, 0x00, 0x00, 0x65, 0xed, 0x00, 0x00, 0x66, 0xed, 0x00, 0x00, 0x64, 0xeb,
0x00, 0x00, 0x66, 0xf5, 0x98, 0x00, 0x6a, 0xff, 0xff, 0x00, 0x6a, 0xff, 0xff, 0x00, 0x6a,
0xff, 0xff, 0x00, 0x6a, 0xff, 0xff, 0x00, 0x6a, 0xff, 0xff, 0x00, 0x6a, 0xff, 0xff, 0x00,
0x6a, 0xff, 0xff, 0x00, 0x6a, 0xff, 0xff, 0x00, 0x6a, 0xff, 0xff, 0x00, 0x6a, 0xff, 0xff,
0x00, 0x6a, 0xff, 0xff, 0x00, 0x6a, 0xff, 0xff, 0x00, 0x6a, 0xff, 0xff, 0x00, 0x6a, 0xff,
0xff, 0x00, 0x6a, 0xff, 0xff, 0x00, 0x6a, 0xff, 0xff, 0x00, 0x6a, 0xff, 0xff, 0x00, 0x6a,
0xff, 0xff, 0x00, 0x6a, 0xff, 0xff, 0x00, 0x6a, 0xff, 0xff, 0x00, 0x6a, 0xff, 0xff, 0x00,
0x6a, 0xff, 0xff, 0x00, 0x6a, 0xff, 0xff, 0x00, 0x6a, 0xff, 0xff, 0x00, 0x6a, 0xff, 0xff,
0x00, 0x62, 0xff, 0xff, 0x5b, 0x9f, 0xff, 0xff, 0xff, 0xff, 0xfe, 0xff, 0xff, 0xfe, 0xfe,
0xff, 0xfe, 0xfe, 0xfe, 0xff, 0xfe, 0xfe, 0xfe, 0xff, 0xfe, 0xfe, 0xfe, 0xff, 0xff, 0xff,
0xfe, 0xff, 0xff, 0xff, 0xfe, 0xff, 0xf2, 0xf8, 0xfe, 0xff, 0x7c, 0xb2, 0xff, 0xff, 0x16,
0x73, 0xff, 0xff, 0x00, 0x61, 0xff, 0xff, 0x00, 0x66, 0xff, 0xff, 0x00, 0x6a, 0xff, 0xff,
0x00, 0x6a, 0xff, 0xff, 0x00, 0x6a, 0xff, 0xff, 0x00, 0x6a, 0xff, 0xff, 0x00, 0x6a, 0xff,
0xff, 0x00, 0x6a, 0xff, 0xff, 0x00, 0x6a, 0xff, 0xff, 0x00, 0x6a, 0xff, 0xff, 0x00, 0x6a,
0xff, 0xff, 0x00, 0x6a, 0xff, 0xff, 0x00, 0x6a, 0xff, 0xff, 0x00, 0x6a, 0xff, 0xff, 0x00,
0x6a, 0xff, 0xff, 0x00, 0x6a, 0xff, 0xff, 0x00, 0x6a, 0xff, 0xff, 0x00, 0x6a, 0xff, 0xff,
0x00, 0x6a, 0xff, 0xff, 0x00, 0x6a, 0xff, 0xff, 0x00, 0x6a, 0xff, 0xff, 0x00, 0x6a, 0xff,
0xff, 0x00, 0x6a, 0xff, 0xff, 0x00, 0x6a, 0xff, 0xff, 0x00, 0x6a, 0xff, 0xff, 0x00, 0x6a,
0xff, 0xff, 0x00, 0x6a, 0xff, 0xff, 0x00, 0x69, 0xff, 0xff, 0x00, 0x64, 0xff, 0xff, 0x00,
0x63, 0xff, 0xff, 0x29, 0x7f, 0xff, 0xff, 0x9d, 0xc5, 0xff, 0xff, 0xff, 0xff, 0xfe, 0xff,
0xff, 0xff, 0xfe, 0xff, 0xfe, 0xfe, 0xfe, 0xff, 0xfe, 0xfe, 0xfe, 0xff, 0xfe, 0xfe, 0xfe,
0xff, 0xfe, 0xfe, 0xfe, 0xff, 0xff, 0xfe, 0xfe, 0xff, 0xff, 0xff, 0xfe, 0xff, 0x5b, 0xa0,
0xff, 0xff, 0x00, 0x62, 0xff, 0xff, 0x00, 0x6a, 0xff, 0xff, 0x00, 0x6a, 0xff, 0xff, 0x00,
0x6a, 0xff, 0xff, 0x00, 0x6a, 0xff, 0xff, 0x00, 0x6a, 0xff, 0xff, 0x00, 0x6a, 0xff, 0xff,
0x00, 0x6a, 0xff, 0xff, 0x00, 0x6a, 0xff, 0xff, 0x00, 0x6a, 0xff, 0xff, 0x00, 0x6a, 0xff,
0xff, 0x00, 0x6a, 0xff, 0xff, 0x00, 0x6a, 0xff, 0xff, 0x00, 0x6a, 0xff, 0xff, 0x00, 0x6a,
0xff, 0xff, 0x00, 0x6a, 0xff, 0xff, 0x00, 0x6a, 0xff, 0xff, 0x00, 0x6a, 0xff, 0xff, 0x00,
0x6a, 0xff, 0xff, 0x00, 0x6a, 0xff, 0xff, 0x00, 0x6a, 0xff, 0xff, 0x00, 0x6a, 0xff, 0xff,
0x00, 0x6a, 0xff, 0xff, 0x00, 0x6a, 0xff, 0xff, 0x00, 0x6a, 0xff, 0xff, 0x00, 0x6a, 0xff,
0xff, 0x00, 0x68, 0xfa, 0x48, 0x00, 0x69, 0xf9, 0x00, 0x00, 0x69, 0xfa, 0x00, 0xff, 0xff,
0xff, 0x00, 0xff, 0xff, 0xff, 0x00, 0xff, 0xff, 0xff, 0x00, 0xff, 0xff, 0xff, 0x00, 0xff,
0xff, 0xff, 0x00, 0xff, 0xff, 0xff, 0x00, 0xff, 0xff, 0xff, 0x00, 0xff, 0xff, 0xff, 0x00,
0xff, 0xff, 0xff, 0x00, 0xff, 0xff, 0xff, 0x00, 0xff, 0xff, 0xff, 0x00, 0xff, 0xff, 0xff,
0x00, 0xff, 0xff, 0xff, 0x00, 0xff, 0xff, 0xff, 0x00, 0xff, 0xff, 0xff, 0x00, 0xff, 0xff,
0xff, 0x00, 0xff, 0xff, 0xff, 0x00, 0x00, 0x3a, 0xc2, 0x00, 0x00, 0x3a, 0xbf, 0x00, 0x00,
0x46, 0xd0, 0x20, 0x00, 0x6c, 0xfe, 0xf2, 0x00, 0x6a, 0xff, 0xff, 0x00, 0x6a, 0xff, 0xff,
0x00, 0x6a, 0xff, 0xff, 0x00, 0x6a, 0xff, 0xff, 0x00, 0x6a, 0xff, 0xff, 0x00, 0x6a, 0xff,
0xff, 0x00, 0x6a, 0xff, 0xff, 0x00, 0x6a, 0xff, 0xff, 0x00, 0x6a, 0xff, 0xff, 0x00, 0x6a,
0xff, 0xff, 0x00, 0x6a, 0xff, 0xff, 0x00, 0x6a, 0xff, 0xff, 0x00, 0x6a, 0xff, 0xff, 0x00,
0x6a, 0xff, 0xff, 0x00, 0x6a, 0xff, 0xff, 0x00, 0x6a, 0xff, 0xff, 0x00, 0x6a, 0xff, 0xff,
0x00, 0x6a, 0xff, 0xff, 0x00, 0x6a, 0xff, 0xff, 0x00, 0x6a, 0xff, 0xff, 0x00, 0x6a, 0xff,
0xff, 0x00, 0x6a, 0xff, 0xff, 0x00, 0x6a, 0xff, 0xff, 0x00, 0x6a, 0xff, 0xff, 0x00, 0x6a,
0xff, 0xff, 0x00, 0x67, 0xff, 0xff, 0x0f, 0x72, 0xff, 0xff, 0xe8, 0xf2, 0xfe, 0xff, 0xff,
0xff, 0xfe, 0xff, 0xfe, 0xfe, 0xfe, 0xff, 0xfe, 0xfe, 0xfe, 0xff, 0xff, 0xff, 0xfe, 0xff,
0xff, 0xff, 0xfe, 0xff, 0xad, 0xcf, 0xff, 0xff, 0x25, 0x7d, 0xff, 0xff, 0x00, 0x62, 0xff,
0xff, 0x00, 0x66, 0xff, 0xff, 0x00, 0x6a, 0xff, 0xff, 0x00, 0x6a, 0xff, 0xff, 0x00, 0x6a,
0xff, 0xff, 0x00, 0x6a, 0xff, 0xff, 0x00, 0x6a, 0xff, 0xff, 0x00, 0x6a, 0xff, 0xff, 0x00,
0x6a, 0xff, 0xff, 0x00, 0x6a, 0xff, 0xff, 0x00, 0x6a, 0xff, 0xff, 0x00, 0x6a, 0xff, 0xff,
0x00, 0x6a, 0xff, 0xff, 0x00, 0x6a, 0xff, 0xff, 0x00, 0x6a, 0xff, 0xff, 0x00, 0x6a, 0xff,
0xff, 0x00, 0x6a, 0xff, 0xff, 0x00, 0x6a, 0xff, 0xff, 0x00, 0x6a, 0xff, 0xff, 0x00, 0x6a,
0xff, 0xff, 0x00, 0x6a, 0xff, 0xff, 0x00, 0x6a, 0xff, 0xff, 0x00, 0x6a, 0xff, 0xff, 0x00,
0x6a, 0xff, 0xff, 0x00, 0x6a, 0xff, 0xff, 0x00, 0x6a, 0xff, 0xff, 0x00, 0x6a, 0xff, 0xff,
0x00, 0x6a, 0xff, 0xff, 0x00, 0x6a, 0xff, 0xff, 0x00, 0x6a, 0xff, 0xff, 0x00, 0x6a, 0xff,
0xff, 0x00, 0x6a, 0xff, 0xff, 0x00, 0x64, 0xff, 0xff, 0x00, 0x63, 0xff, 0xff, 0x3f, 0x8d,
0xff, 0xff, 0xd4, 0xe6, 0xfe, 0xff, 0xff, 0xff, 0xfe, 0xff, 0xff, 0xff, 0xfe, 0xff, 0xfe,
0xfe, 0xfe, 0xff, 0xfe, 0xfe, 0xfe, 0xff, 0xff, 0xff, 0xfe, 0xff, 0xe8, 0xf2, 0xfe, 0xff,
0x0f, 0x72, 0xff, 0xff, 0x00, 0x67, 0xff, 0xff, 0x00, 0x6a, 0xff, 0xff, 0x00, 0x6a, 0xff,
0xff, 0x00, 0x6a, 0xff, 0xff, 0x00, 0x6a, 0xff, 0xff, 0x00, 0x6a, 0xff, 0xff, 0x00, 0x6a,
0xff, 0xff, 0x00, 0x6a, 0xff, 0xff, 0x00, 0x6a, 0xff, 0xff, 0x00, 0x6a, 0xff, 0xff, 0x00,
0x6a, 0xff, 0xff, 0x00, 0x6a, 0xff, 0xff, 0x00, 0x6a, 0xff, 0xff, 0x00, 0x6a, 0xff, 0xff,
0x00, 0x6a, 0xff, 0xff, 0x00, 0x6a, 0xff, 0xff, 0x00, 0x6a, 0xff, 0xff, 0x00, 0x6a, 0xff,
0xff, 0x00, 0x6a, 0xff, 0xff, 0x00, 0x6a, 0xff, 0xff, 0x00, 0x6a, 0xff, 0xff, 0x00, 0x6a,
0xff, 0xff, 0x00, 0x6a, 0xff, 0xff, 0x00, 0x6a, 0xff, 0xff, 0x00, 0x6a, 0xff, 0xff, 0x00,
0x6b, 0xff, 0xff, 0x00, 0x68, 0xf3, 0x97, 0x00, 0x5f, 0xd3, 0x00, 0x00, 0x5f, 0xd5, 0x00,
0xff, 0xff, 0xff, 0x00, 0xff, 0xff, 0xff, 0x00, 0xff, 0xff, 0xff, 0x00, 0xff, 0xff, 0xff,
0x00, 0xff, 0xff, 0xff, 0x00, 0xff, 0xff, 0xff, 0x00, 0xff, 0xff, 0xff, 0x00, 0xff, 0xff,
0xff, 0x00, 0xff, 0xff, 0xff, 0x00, 0xff, 0xff, 0xff, 0x00, 0xff, 0xff, 0xff, 0x00, 0xff,
0xff, 0xff, 0x00, 0xff, 0xff, 0xff, 0x00, 0xff, 0xff, 0xff, 0x00, 0xff, 0xff, 0xff, 0x00,
0xff, 0xff, 0xff, 0x00, 0xff, 0xff, 0xff, 0x00, 0x00, 0x52, 0xe1, 0x00, 0x00, 0x51, 0xdf,
0x00, 0x00, 0x5a, 0xeb, 0x64, 0x00, 0x6b, 0xff, 0xff, 0x00, 0x6a, 0xff, 0xff, 0x00, 0x6a,
0xff, 0xff, 0x00, 0x6a, 0xff, 0xff, 0x00, 0x6a, 0xff, 0xff, 0x00, 0x6a, 0xff, 0xff, 0x00,
0x6a, 0xff, 0xff, 0x00, 0x6a, 0xff, 0xff, 0x00, 0x6a, 0xff, 0xff, 0x00, 0x6a, 0xff, 0xff,
0x00, 0x6a, 0xff, 0xff, 0x00, 0x6a, 0xff, 0xff, 0x00, 0x6a, 0xff, 0xff, 0x00, 0x6a, 0xff,
0xff, 0x00, 0x6a, 0xff, 0xff, 0x00, 0x6a, 0xff, 0xff, 0x00, 0x6a, 0xff, 0xff, 0x00, 0x6a,
0xff, 0xff, 0x00, 0x6a, 0xff, 0xff, 0x00, 0x6a, 0xff, 0xff, 0x00, 0x6a, 0xff, 0xff, 0x00,
0x6a, 0xff, 0xff, 0x00, 0x6a, 0xff, 0xff, 0x00, 0x6a, 0xff, 0xff, 0x00, 0x6a, 0xff, 0xff,
0x00, 0x6a, 0xff, 0xff, 0x00, 0x6a, 0xff, 0xff, 0x00, 0x61, 0xff, 0xff, 0x75, 0xae, 0xff,
0xff, 0xff, 0xff, 0xfe, 0xff, 0xfe, 0xfe, 0xfe, 0xff, 0xff, 0xff, 0xfe, 0xff, 0xf5, 0xf9,
0xfe, 0xff, 0x61, 0xa2, 0xff, 0xff, 0x00, 0x65, 0xff, 0xff, 0x00, 0x64, 0xff, 0xff, 0x00,
0x6a, 0xff, 0xff, 0x00, 0x6a, 0xff, 0xff, 0x00, 0x6a, 0xff, 0xff, 0x00, 0x6a, 0xff, 0xff,
0x00, 0x6a, 0xff, 0xff, 0x00, 0x6a, 0xff, 0xff, 0x00, 0x6a, 0xff, 0xff, 0x00, 0x6a, 0xff,
0xff, 0x00, 0x6a, 0xff, 0xff, 0x00, 0x6a, 0xff, 0xff, 0x00, 0x6a, 0xff, 0xff, 0x00, 0x69,
0xff, 0xff, 0x00, 0x67, 0xff, 0xff, 0x00, 0x65, 0xff, 0xff, 0x00, 0x63, 0xff, 0xff, 0x00,
0x62, 0xff, 0xff, 0x00, 0x62, 0xff, 0xff, 0x00, 0x62, 0xff, 0xff, 0x00, 0x62, 0xff, 0xff,
0x00, 0x63, 0xff, 0xff, 0x00, 0x65, 0xff, 0xff, 0x00, 0x67, 0xff, 0xff, 0x00, 0x69, 0xff,
0xff, 0x00, 0x6a, 0xff, 0xff, 0x00, 0x6a, 0xff, 0xff, 0x00, 0x6a, 0xff, 0xff, 0x00, 0x6a,
0xff, 0xff, 0x00, 0x6a, 0xff, 0xff, 0x00, 0x6a, 0xff, 0xff, 0x00, 0x6a, 0xff, 0xff, 0x00,
0x6a, 0xff, 0xff, 0x00, 0x6a, 0xff, 0xff, 0x00, 0x6a, 0xff, 0xff, 0x00, 0x69, 0xff, 0xff,
0x00, 0x62, 0xff, 0xff, 0x0e, 0x6e, 0xff, 0xff, 0x8e, 0xbc, 0xff, 0xff, 0xff, 0xff, 0xfe,
0xff, 0xff, 0xff, 0xfe, 0xff, 0xfe, 0xfe, 0xfe, 0xff, 0xff, 0xff, 0xfe, 0xff, 0x75, 0xae,
0xff, 0xff, 0x00, 0x61, 0xff, 0xff, 0x00, 0x6a, 0xff, 0xff, 0x00, 0x6a, 0xff, 0xff, 0x00,
0x6a, 0xff, 0xff, 0x00, 0x6a, 0xff, 0xff, 0x00, 0x6a, 0xff, 0xff, 0x00, 0x6a, 0xff, 0xff,
0x00, 0x6a, 0xff, 0xff, 0x00, 0x6a, 0xff, 0xff, 0x00, 0x6a, 0xff, 0xff, 0x00, 0x6a, 0xff,
0xff, 0x00, 0x6a, 0xff, 0xff, 0x00, 0x6a, 0xff, 0xff, 0x00, 0x6a, 0xff, 0xff, 0x00, 0x6a,
0xff, 0xff, 0x00, 0x6a, 0xff, 0xff, 0x00, 0x6a, 0xff, 0xff, 0x00, 0x6a, 0xff, 0xff, 0x00,
0x6a, 0xff, 0xff, 0x00, 0x6a, 0xff, 0xff, 0x00, 0x6a, 0xff, 0xff, 0x00, 0x6a, 0xff, 0xff,
0x00, 0x6a, 0xff, 0xff, 0x00, 0x6a, 0xff, 0xff, 0x00, 0x6a, 0xff, 0xff, 0x00, 0x6a, 0xff,
0xff, 0x00, 0x6b, 0xff, 0xff, 0x00, 0x69, 0xfb, 0xee, 0x00, 0x59, 0xe4, 0x1a, 0x00, 0x57,
0xe2, 0x00, 0xff, 0xff, 0xff, 0x00, 0xff, 0xff, 0xff, 0x00, 0xff, 0xff, 0xff, 0x00, 0xff,
0xff, 0xff, 0x00, 0xff, 0xff, 0xff, 0x00, 0xff, 0xff, 0xff, 0x00, 0xff, 0xff, 0xff, 0x00,
0xff, 0xff, 0xff, 0x00, 0xff, 0xff, 0xff, 0x00, 0xff, 0xff, 0xff, 0x00, 0xff, 0xff, 0xff,
0x00, 0xff, 0xff, 0xff, 0x00, 0xff, 0xff, 0xff, 0x00, 0xff, 0xff, 0xff, 0x00, 0xff, 0xff,
0xff, 0x00, 0xff, 0xff, 0xff, 0x00, 0xff, 0xff, 0xff, 0x00, 0x00, 0x68, 0xff, 0x00, 0x00,
0x66, 0xfc, 0x00, 0x00, 0x69, 0xfd, 0xb1, 0x00, 0x6a, 0xff, 0xff, 0x00, 0x6a, 0xff, 0xff,
0x00, 0x6a, 0xff, 0xff, 0x00, 0x6a, 0xff, 0xff, 0x00, 0x6a, 0xff, 0xff, 0x00, 0x6a, 0xff,
0xff, 0x00, 0x6a, 0xff, 0xff, 0x00, 0x6a, 0xff, 0xff, 0x00, 0x6a, 0xff, 0xff, 0x00, 0x6a,
0xff, 0xff, 0x00, 0x6a, 0xff, 0xff, 0x00, 0x6a, 0xff, 0xff, 0x00, 0x6a, 0xff, 0xff, 0x00,
0x6a, 0xff, 0xff, 0x00, 0x6a, 0xff, 0xff, 0x00, 0x6a, 0xff, 0xff, 0x00, 0x6a, 0xff, 0xff,
0x00, 0x6a, 0xff, 0xff, 0x00, 0x6a, 0xff, 0xff, 0x00, 0x6a, 0xff, 0xff, 0x00, 0x6a, 0xff,
0xff, 0x00, 0x6a, 0xff, 0xff, 0x00, 0x6a, 0xff, 0xff, 0x00, 0x6a, 0xff, 0xff, 0x00, 0x6a,
0xff, 0xff, 0x00, 0x6a, 0xff, 0xff, 0x00, 0x6a, 0xff, 0xff, 0x00, 0x66, 0xff, 0xff, 0x1a,
0x7a, 0xff, 0xff, 0xf6, 0xf9, 0xfe, 0xff, 0xff, 0xff, 0xfe, 0xff, 0xdc, 0xeb, 0xfe, 0xff,
0x33, 0x85, 0xff, 0xff, 0x00, 0x61, 0xff, 0xff, 0x00, 0x69, 0xff, 0xff, 0x00, 0x6a, 0xff,
0xff, 0x00, 0x6a, 0xff, 0xff, 0x00, 0x6a, 0xff, 0xff, 0x00, 0x6a, 0xff, 0xff, 0x00, 0x6a,
0xff, 0xff, 0x00, 0x6a, 0xff, 0xff, 0x00, 0x6a, 0xff, 0xff, 0x00, 0x6a, 0xff, 0xff, 0x00,
0x69, 0xff, 0xff, 0x00, 0x64, 0xff, 0xff, 0x00, 0x61, 0xff, 0xff, 0x00, 0x62, 0xff, 0xff,
0x00, 0x67, 0xff, 0xff, 0x0e, 0x73, 0xff, 0xff, 0x2a, 0x82, 0xff, 0xff, 0x41, 0x90, 0xff,
0xff, 0x53, 0x9b, 0xff, 0xff, 0x5d, 0xa0, 0xff, 0xff, 0x5d, 0xa0, 0xff, 0xff, 0x53, 0x9b,
0xff, 0xff, 0x41, 0x90, 0xff, 0xff, 0x2a, 0x82, 0xff, 0xff, 0x0f, 0x73, 0xff, 0xff, 0x00,
0x67, 0xff, 0xff, 0x00, 0x62, 0xff, 0xff, 0x00, 0x61, 0xff, 0xff, 0x00, 0x64, 0xff, 0xff,
0x00, 0x69, 0xff, 0xff, 0x00, 0x6a, 0xff, 0xff, 0x00, 0x6a, 0xff, 0xff, 0x00, 0x6a, 0xff,
0xff, 0x00, 0x6a, 0xff, 0xff, 0x00, 0x6a, 0xff, 0xff, 0x00, 0x6a, 0xff, 0xff, 0x00, 0x6a,
0xff, 0xff, 0x00, 0x6a, 0xff, 0xff, 0x00, 0x67, 0xff, 0xff, 0x00, 0x63, 0xff, 0xff, 0x58,
0x9d, 0xff, 0xff, 0xfa, 0xfc, 0xfe, 0xff, 0xff, 0xff, 0xfe, 0xff, 0xf6, 0xf9, 0xfe, 0xff,
0x1a, 0x7a, 0xff, 0xff, 0x00, 0x66, 0xff, 0xff, 0x00, 0x6a, 0xff, 0xff, 0x00, 0x6a, 0xff,
0xff, 0x00, 0x6a, 0xff, 0xff, 0x00, 0x6a, 0xff, 0xff, 0x00, 0x6a, 0xff, 0xff, 0x00, 0x6a,
0xff, 0xff, 0x00, 0x6a, 0xff, 0xff, 0x00, 0x6a, 0xff, 0xff, 0x00, 0x6a, 0xff, 0xff, 0x00,
0x6a, 0xff, 0xff, 0x00, 0x6a, 0xff, 0xff, 0x00, 0x6a, 0xff, 0xff, 0x00, 0x6a, 0xff, 0xff,
0x00, 0x6a, 0xff, 0xff, 0x00, 0x6a, 0xff, 0xff, 0x00, 0x6a, 0xff, 0xff, 0x00, 0x6a, 0xff,
0xff, 0x00, 0x6a, 0xff, 0xff, 0x00, 0x6a, 0xff, 0xff, 0x00, 0x6a, 0xff, 0xff, 0x00, 0x6a,
0xff, 0xff, 0x00, 0x6a, 0xff, 0xff, 0x00, 0x6a, 0xff, 0xff, 0x00, 0x6a, 0xff, 0xff, 0x00,
0x6a, 0xff, 0xff, 0x00, 0x6a, 0xff, 0xff, 0x00, 0x6b, 0xff, 0xff, 0x00, 0x62, 0xf3, 0x58,
0x00, 0x5c, 0xe8, 0x00, 0xff, 0xff, 0xff, 0x00, 0xff, 0xff, 0xff, 0x00, 0xff, 0xff, 0xff,
0x00, 0xff, 0xff, 0xff, 0x00, 0xff, 0xff, 0xff, 0x00, 0xff, 0xff, 0xff, 0x00, 0xff, 0xff,
0xff, 0x00, 0xff, 0xff, 0xff, 0x00, 0xff, 0xff, 0xff, 0x00, 0xff, 0xff, 0xff, 0x00, 0xff,
0xff, 0xff, 0x00, 0xff, 0xff, 0xff, 0x00, 0xff, 0xff, 0xff, 0x00, 0xff, 0xff, 0xff, 0x00,
0xff, 0xff, 0xff, 0x00, 0xff, 0xff, 0xff, 0x00, 0xff, 0xff, 0xff, 0x00, 0x00, 0x36, 0x88,
0x00, 0x00, 0x43, 0xa6, 0x22, 0x00, 0x6c, 0xff, 0xf5, 0x00, 0x6a, 0xff, 0xff, 0x00, 0x6a,
0xff, 0xff, 0x00, 0x6a, 0xff, 0xff, 0x00, 0x6a, 0xff, 0xff, 0x00, 0x6a, 0xff, 0xff, 0x00,
0x6a, 0xff, 0xff, 0x00, 0x6a, 0xff, 0xff, 0x00, 0x6a, 0xff, 0xff, 0x00, 0x6a, 0xff, 0xff,
0x00, 0x6a, 0xff, 0xff, 0x00, 0x6a, 0xff, 0xff, 0x00, 0x6a, 0xff, 0xff, 0x00, 0x6a, 0xff,
0xff, 0x00, 0x6a, 0xff, 0xff, 0x00, 0x6a, 0xff, 0xff, 0x00, 0x6a, 0xff, 0xff, 0x00, 0x6a,
0xff, 0xff, 0x00, 0x6a, 0xff, 0xff, 0x00, 0x6a, 0xff, 0xff, 0x00, 0x6a, 0xff, 0xff, 0x00,
0x6a, 0xff, 0xff, 0x00, 0x6a, 0xff, 0xff, 0x00, 0x6a, 0xff, 0xff, 0x00, 0x6a, 0xff, 0xff,
0x00, 0x6a, 0xff, 0xff, 0x00, 0x6a, 0xff, 0xff, 0x00, 0x6a, 0xff, 0xff, 0x00, 0x6a, 0xff,
0xff, 0x00, 0x64, 0xff, 0xff, 0x9f, 0xc7, 0xff, 0xff, 0xcc, 0xe1, 0xfe, 0xff, 0x1f, 0x79,
0xff, 0xff, 0x00, 0x62, 0xff, 0xff, 0x00, 0x6a, 0xff, 0xff, 0x00, 0x6a, 0xff, 0xff, 0x00,
0x6a, 0xff, 0xff, 0x00, 0x6a, 0xff, 0xff, 0x00, 0x6a, 0xff, 0xff, 0x00, 0x6a, 0xff, 0xff,
0x00, 0x6a, 0xff, 0xff, 0x00, 0x6a, 0xff, 0xff, 0x00, 0x64, 0xff, 0xff, 0x00, 0x61, 0xff,
0xff, 0x00, 0x68, 0xff, 0xff, 0x34, 0x88, 0xff, 0xff, 0x7a, 0xb1, 0xff, 0xff, 0xa3, 0xc8,
0xff, 0xff, 0xc1, 0xdb, 0xff, 0xff, 0xe5, 0xf0, 0xfe, 0xff, 0xfa, 0xfb, 0xfe, 0xff, 0xff,
0xff, 0xfe, 0xff, 0xff, 0xff, 0xfe, 0xff, 0xff, 0xff, 0xfe, 0xff, 0xff, 0xff, 0xfe, 0xff,
0xff, 0xff, 0xfe, 0xff, 0xff, 0xff, 0xfe, 0xff, 0xfa, 0xfb, 0xfe, 0xff, 0xe5, 0xf0, 0xfe,
0xff, 0xc3, 0xdc, 0xff, 0xff, 0xa3, 0xc8, 0xff, 0xff, 0x7a, 0xb1, 0xff, 0xff, 0x34, 0x88,
0xff, 0xff, 0x00, 0x68, 0xff, 0xff, 0x00, 0x61, 0xff, 0xff, 0x00, 0x64, 0xff, 0xff, 0x00,
0x6a, 0xff, 0xff, 0x00, 0x6a, 0xff, 0xff, 0x00, 0x6a, 0xff, 0xff, 0x00, 0x6a, 0xff, 0xff,
0x00, 0x6a, 0xff, 0xff, 0x00, 0x6a, 0xff, 0xff, 0x00, 0x6a, 0xff, 0xff, 0x00, 0x69, 0xff,
0xff, 0x00, 0x61, 0xff, 0xff, 0x40, 0x8d, 0xff, 0xff, 0xed, 0xf5, 0xfe, 0xff, 0x9f, 0xc7,
0xff, 0xff, 0x00, 0x63, 0xff, 0xff, 0x00, 0x6a, 0xff, 0xff, 0x00, 0x6a, 0xff, 0xff, 0x00,
0x6a, 0xff, 0xff, 0x00, 0x6a, 0xff, 0xff, 0x00, 0x6a, 0xff, 0xff, 0x00, 0x6a, 0xff, 0xff,
0x00, 0x6a, 0xff, 0xff, 0x00, 0x6a, 0xff, 0xff, 0x00, 0x6a, 0xff, 0xff, 0x00, 0x6a, 0xff,
0xff, 0x00, 0x6a, 0xff, 0xff, 0x00, 0x6a, 0xff, 0xff, 0x00, 0x6a, 0xff, 0xff, 0x00, 0x6a,
0xff, 0xff, 0x00, 0x6a, 0xff, 0xff, 0x00, 0x6a, 0xff, 0xff, 0x00, 0x6a, 0xff, 0xff, 0x00,
0x6a, 0xff, 0xff, 0x00, 0x6a, 0xff, 0xff, 0x00, 0x6a, 0xff, 0xff, 0x00, 0x6a, 0xff, 0xff,
0x00, 0x6a, 0xff, 0xff, 0x00, 0x6a, 0xff, 0xff, 0x00, 0x6a, 0xff, 0xff, 0x00, 0x6a, 0xff,
0xff, 0x00, 0x6a, 0xff, 0xff, 0x00, 0x6a, 0xff, 0xff, 0x00, 0x6a, 0xff, 0xff, 0x00, 0x6a,
0xf7, 0x95, 0x00, 0x68, 0xed, 0x00, 0xff, 0xff, 0xff, 0x00, 0xff, 0xff, 0xff, 0x00, 0xff,
0xff, 0xff, 0x00, 0xff, 0xff, 0xff, 0x00, 0xff, 0xff, 0xff, 0x00, 0xff, 0xff, 0xff, 0x00,
0xff, 0xff, 0xff, 0x00, 0xff, 0xff, 0xff, 0x00, 0xff, 0xff, 0xff, 0x00, 0xff, 0xff, 0xff,
0x00, 0xff, 0xff, 0xff, 0x00, 0xff, 0xff, 0xff, 0x00, 0xff, 0xff, 0xff, 0x00, 0xff, 0xff,
0xff, 0x00, 0xff, 0xff, 0xff, 0x00, 0xff, 0xff, 0xff, 0x00, 0xff, 0xff, 0xff, 0x00, 0x00,
0x5c, 0xd7, 0x00, 0x00, 0x60, 0xe2, 0x5a, 0x00, 0x6b, 0xff, 0xff, 0x00, 0x6a, 0xff, 0xff,
0x00, 0x6a, 0xff, 0xff, 0x00, 0x6a, 0xff, 0xff, 0x00, 0x6a, 0xff, 0xff, 0x00, 0x6a, 0xff,
0xff, 0x00, 0x6a, 0xff, 0xff, 0x00, 0x6a, 0xff, 0xff, 0x00, 0x6a, 0xff, 0xff, 0x00, 0x6a,
0xff, 0xff, 0x00, 0x6a, 0xff, 0xff, 0x00, 0x6a, 0xff, 0xff, 0x00, 0x6a, 0xff, 0xff, 0x00,
0x6a, 0xff, 0xff, 0x00, 0x6a, 0xff, 0xff, 0x00, 0x6a, 0xff, 0xff, 0x00, 0x6a, 0xff, 0xff,
0x00, 0x6a, 0xff, 0xff, 0x00, 0x6a, 0xff, 0xff, 0x00, 0x6a, 0xff, 0xff, 0x00, 0x6a, 0xff,
0xff, 0x00, 0x6a, 0xff, 0xff, 0x00, 0x6a, 0xff, 0xff, 0x00, 0x6a, 0xff, 0xff, 0x00, 0x6a,
0xff, 0xff, 0x00, 0x6a, 0xff, 0xff, 0x00, 0x6a, 0xff, 0xff, 0x00, 0x6a, 0xff, 0xff, 0x00,
0x6a, 0xff, 0xff, 0x00, 0x67, 0xff, 0xff, 0x14, 0x76, 0xff, 0xff, 0x10, 0x74, 0xff, 0xff,
0x00, 0x64, 0xff, 0xff, 0x00, 0x6a, 0xff, 0xff, 0x00, 0x6a, 0xff, 0xff, 0x00, 0x6a, 0xff,
0xff, 0x00, 0x6a, 0xff, 0xff, 0x00, 0x6a, 0xff, 0xff, 0x00, 0x6a, 0xff, 0xff, 0x00, 0x69,
0xff, 0xff, 0x00, 0x62, 0xff, 0xff, 0x00, 0x64, 0xff, 0xff, 0x35, 0x88, 0xff, 0xff, 0x8f,
0xbc, 0xff, 0xff, 0xc9, 0xdf, 0xff, 0xff, 0xfe, 0xfe, 0xfe, 0xff, 0xff, 0xff, 0xfe, 0xff,
0xff, 0xff, 0xfe, 0xff, 0xff, 0xff, 0xfe, 0xff, 0xff, 0xff, 0xfe, 0xff, 0xff, 0xff, 0xfe,
0xff, 0xff, 0xfe, 0xfe, 0xff, 0xfe, 0xfe, 0xfe, 0xff, 0xfe, 0xfe, 0xfe, 0xff, 0xfe, 0xfe,
0xfe, 0xff, 0xfe, 0xfe, 0xfe, 0xff, 0xff, 0xfe, 0xfe, 0xff, 0xff, 0xff, 0xfe, 0xff, 0xff,
0xff, 0xfe, 0xff, 0xff, 0xff, 0xfe, 0xff, 0xff, 0xff, 0xfe, 0xff, 0xff, 0xff, 0xfe, 0xff,
0xfe, 0xfe, 0xfe, 0xff, 0xc9, 0xdf, 0xff, 0xff, 0x8e, 0xbc, 0xff, 0xff, 0x39, 0x8a, 0xff,
0xff, 0x00, 0x64, 0xff, 0xff, 0x00, 0x62, 0xff, 0xff, 0x00, 0x69, 0xff, 0xff, 0x00, 0x6a,
0xff, 0xff, 0x00, 0x6a, 0xff, 0xff, 0x00, 0x6a, 0xff, 0xff, 0x00, 0x6a, 0xff, 0xff, 0x00,
0x6a, 0xff, 0xff, 0x00, 0x6a, 0xff, 0xff, 0x00, 0x62, 0xff, 0xff, 0x2f, 0x86, 0xff, 0xff,
0x1d, 0x7b, 0xff, 0xff, 0x00, 0x67, 0xff, 0xff, 0x00, 0x6a, 0xff, 0xff, 0x00, 0x6a, 0xff,
0xff, 0x00, 0x6a, 0xff, 0xff, 0x00, 0x6a, 0xff, 0xff, 0x00, 0x6a, 0xff, 0xff, 0x00, 0x6a,
0xff, 0xff, 0x00, 0x6a, 0xff, 0xff, 0x00, 0x6a, 0xff, 0xff, 0x00, 0x6a, 0xff, 0xff, 0x00,
0x6a, 0xff, 0xff, 0x00, 0x6a, 0xff, 0xff, 0x00, 0x6a, 0xff, 0xff, 0x00, 0x6a, 0xff, 0xff,
0x00, 0x6a, 0xff, 0xff, 0x00, 0x6a, 0xff, 0xff, 0x00, 0x6a, 0xff, 0xff, 0x00, 0x6a, 0xff,
0xff, 0x00, 0x6a, 0xff, 0xff, 0x00, 0x6a, 0xff, 0xff, 0x00, 0x6a, 0xff, 0xff, 0x00, 0x6a,
0xff, 0xff, 0x00, 0x6a, 0xff, 0xff, 0x00, 0x6a, 0xff, 0xff, 0x00, 0x6a, 0xff, 0xff, 0x00,
0x6a, 0xff, 0xff, 0x00, 0x6a, 0xff, 0xff, 0x00, 0x6a, 0xff, 0xff, 0x00, 0x6a, 0xff, 0xff,
0x00, 0x69, 0xff, 0xe2, 0x00, 0x62, 0xf7, 0x0e, 0xff, 0xff, 0xff, 0x00, 0xff, 0xff, 0xff,
0x00, 0xff, 0xff, 0xff, 0x00, 0xff, 0xff, 0xff, 0x00, 0xff, 0xff, 0xff, 0x00, 0xff, 0xff,
0xff, 0x00, 0xff, 0xff, 0xff, 0x00, 0xff, 0xff, 0xff, 0x00, 0xff, 0xff, 0xff, 0x00, 0xff,
0xff, 0xff, 0x00, 0xff, 0xff, 0xff, 0x00, 0xff, 0xff, 0xff, 0x00, 0xff, 0xff, 0xff, 0x00,
0xff, 0xff, 0xff, 0x00, 0xff, 0xff, 0xff, 0x00, 0xff, 0xff, 0xff, 0x00, 0xff, 0xff, 0xff,
0x00, 0x00, 0x6b, 0xff, 0x00, 0x00, 0x6b, 0xff, 0x8d, 0x00, 0x6a, 0xff, 0xff, 0x00, 0x6a,
0xff, 0xff, 0x00, 0x6a, 0xff, 0xff, 0x00, 0x6a, 0xff, 0xff, 0x00, 0x6a, 0xff, 0xff, 0x00,
0x6a, 0xff, 0xff, 0x00, 0x6a, 0xff, 0xff, 0x00, 0x6a, 0xff, 0xff, 0x00, 0x6a, 0xff, 0xff,
0x00, 0x6a, 0xff, 0xff, 0x00, 0x6a, 0xff, 0xff, 0x00, 0x6a, 0xff, 0xff, 0x00, 0x6a, 0xff,
0xff, 0x00, 0x6a, 0xff, 0xff, 0x00, 0x6a, 0xff, 0xff, 0x00, 0x6a, 0xff, 0xff, 0x00, 0x6a,
0xff, 0xff, 0x00, 0x6a, 0xff, 0xff, 0x00, 0x6a, 0xff, 0xff, 0x00, 0x6a, 0xff, 0xff, 0x00,
0x6a, 0xff, 0xff, 0x00, 0x6a, 0xff, 0xff, 0x00, 0x6a, 0xff, 0xff, 0x00, 0x6a, 0xff, 0xff,
0x00, 0x6a, 0xff, 0xff, 0x00, 0x6a, 0xff, 0xff, 0x00, 0x6a, 0xff, 0xff, 0x00, 0x6a, 0xff,
0xff, 0x00, 0x6a, 0xff, 0xff, 0x00, 0x6a, 0xff, 0xff, 0x00, 0x67, 0xff, 0xff, 0x00, 0x67,
0xff, 0xff, 0x00, 0x6a, 0xff, 0xff, 0x00, 0x6a, 0xff, 0xff, 0x00, 0x6a, 0xff, 0xff, 0x00,
0x6a, 0xff, 0xff, 0x00, 0x6a, 0xff, 0xff, 0x00, 0x6a, 0xff, 0xff, 0x00, 0x62, 0xff, 0xff,
0x00, 0x67, 0xff, 0xff, 0x5b, 0x9d, 0xff, 0xff, 0xb7, 0xd4, 0xff, 0xff, 0xfb, 0xfc, 0xfe,
0xff, 0xff, 0xff, 0xfe, 0xff, 0xff, 0xff, 0xfe, 0xff, 0xff, 0xff, 0xfe, 0xff, 0xfe, 0xfe,
0xfe, 0xff, 0xfe, 0xfe, 0xfe, 0xff, 0xfe, 0xfe, 0xfe, 0xff, 0xfe, 0xfe, 0xfe, 0xff, 0xfe,
0xfe, 0xfe, 0xff, 0xfe, 0xfe, 0xfe, 0xff, 0xfe, 0xfe, 0xfe, 0xff, 0xfe, 0xfe, 0xfe, 0xff,
0xfe, 0xfe, 0xfe, 0xff, 0xfe, 0xfe, 0xfe, 0xff, 0xfe, 0xfe, 0xfe, 0xff, 0xfe, 0xfe, 0xfe,
0xff, 0xfe, 0xfe, 0xfe, 0xff, 0xfe, 0xfe, 0xfe, 0xff, 0xfe, 0xfe, 0xfe, 0xff, 0xfe, 0xfe,
0xfe, 0xff, 0xff, 0xff, 0xfe, 0xff, 0xff, 0xff, 0xfe, 0xff, 0xff, 0xff, 0xfe, 0xff, 0xfd,
0xfe, 0xfe, 0xff, 0xb7, 0xd4, 0xff, 0xff, 0x5b, 0x9d, 0xff, 0xff, 0x00, 0x67, 0xff, 0xff,
0x00, 0x62, 0xff, 0xff, 0x00, 0x6a, 0xff, 0xff, 0x00, 0x6a, 0xff, 0xff, 0x00, 0x6a, 0xff,
0xff, 0x00, 0x6a, 0xff, 0xff, 0x00, 0x6a, 0xff, 0xff, 0x00, 0x6a, 0xff, 0xff, 0x00, 0x65,
0xff, 0xff, 0x00, 0x67, 0xff, 0xff, 0x00, 0x6a, 0xff, 0xff, 0x00, 0x6a, 0xff, 0xff, 0x00,
0x6a, 0xff, 0xff, 0x00, 0x6a, 0xff, 0xff, 0x00, 0x6a, 0xff, 0xff, 0x00, 0x6a, 0xff, 0xff,
0x00, 0x6a, 0xff, 0xff, 0x00, 0x6a, 0xff, 0xff, 0x00, 0x6a, 0xff, 0xff, 0x00, 0x6a, 0xff,
0xff, 0x00, 0x6a, 0xff, 0xff, 0x00, 0x6a, 0xff, 0xff, 0x00, 0x6a, 0xff, 0xff, 0x00, 0x6a,
0xff, 0xff, 0x00, 0x6a, 0xff, 0xff, 0x00, 0x6a, 0xff, 0xff, 0x00, 0x6a, 0xff, 0xff, 0x00,
0x6a, 0xff, 0xff, 0x00, 0x6a, 0xff, 0xff, 0x00, 0x6a, 0xff, 0xff, 0x00, 0x6a, 0xff, 0xff,
0x00, 0x6a, 0xff, 0xff, 0x00, 0x6a, 0xff, 0xff, 0x00, 0x6a, 0xff, 0xff, 0x00, 0x6a, 0xff,
0xff, 0x00, 0x6a, 0xff, 0xff, 0x00, 0x6a, 0xff, 0xff, 0x00, 0x6a, 0xff, 0xff, 0x00, 0x6a,
0xff, 0xff, 0x00, 0x6a, 0xff, 0xff, 0x00, 0x69, 0xfc, 0x43, 0xff, 0xff, 0xff, 0x00, 0xff,
0xff, 0xff, 0x00, 0xff, 0xff, 0xff, 0x00, 0xff, 0xff, 0xff, 0x00, 0xff, 0xff, 0xff, 0x00,
0xff, 0xff, 0xff, 0x00, 0xff, 0xff, 0xff, 0x00, 0xff, 0xff, 0xff, 0x00, 0xff, 0xff, 0xff,
0x00, 0xff, 0xff, 0xff, 0x00, 0xff, 0xff, 0xff, 0x00, 0xff, 0xff, 0xff, 0x00, 0xff, 0xff,
0xff, 0x00, 0xff, 0xff, 0xff, 0x00, 0xff, 0xff, 0xff, 0x00, 0xff, 0xff, 0xff, 0x00, 0xff,
0xff, 0xff, 0x00, 0x00, 0x66, 0xf7, 0x03, 0x00, 0x69, 0xfe, 0xd0, 0x00, 0x6a, 0xff, 0xff,
0x00, 0x6a, 0xff, 0xff, 0x00, 0x6a, 0xff, 0xff, 0x00, 0x6a, 0xff, 0xff, 0x00, 0x6a, 0xff,
0xff, 0x00, 0x6a, 0xff, 0xff, 0x00, 0x6a, 0xff, 0xff, 0x00, 0x6a, 0xff, 0xff, 0x00, 0x6a,
0xff, 0xff, 0x00, 0x6a, 0xff, 0xff, 0x00, 0x6a, 0xff, 0xff, 0x00, 0x6a, 0xff, 0xff, 0x00,
0x6a, 0xff, 0xff, 0x00, 0x6a, 0xff, 0xff, 0x00, 0x6a, 0xff, 0xff, 0x00, 0x6a, 0xff, 0xff,
0x00, 0x6a, 0xff, 0xff, 0x00, 0x6a, 0xff, 0xff, 0x00, 0x6a, 0xff, 0xff, 0x00, 0x6a, 0xff,
0xff, 0x00, 0x6a, 0xff, 0xff, 0x00, 0x6a, 0xff, 0xff, 0x00, 0x6a, 0xff, 0xff, 0x00, 0x6a,
0xff, 0xff, 0x00, 0x6a, 0xff, 0xff, 0x00, 0x6a, 0xff, 0xff, 0x00, 0x6a, 0xff, 0xff, 0x00,
0x6a, 0xff, 0xff, 0x00, 0x6a, 0xff, 0xff, 0x00, 0x6a, 0xff, 0xff, 0x00, 0x6a, 0xff, 0xff,
0x00, 0x6a, 0xff, 0xff, 0x00, 0x6a, 0xff, 0xff, 0x00, 0x6a, 0xff, 0xff, 0x00, 0x6a, 0xff,
0xff, 0x00, 0x6a, 0xff, 0xff, 0x00, 0x65, 0xff, 0xff, 0x00, 0x62, 0xff, 0xff, 0x51, 0x98,
0xff, 0xff, 0xc0, 0xda, 0xff, 0xff, 0xff, 0xff, 0xfe, 0xff, 0xff, 0xff, 0xfe, 0xff, 0xff,
0xff, 0xfe, 0xff, 0xfe, 0xfe, 0xfe, 0xff, 0xfe, 0xfe, 0xfe, 0xff, 0xfe, 0xfe, 0xfe, 0xff,
0xfe, 0xfe, 0xfe, 0xff, 0xfe, 0xfe, 0xfe, 0xff, 0xfe, 0xfe, 0xfe, 0xff, 0xfe, 0xfe, 0xfe,
0xff, 0xfe, 0xfe, 0xfe, 0xff, 0xfe, 0xfe, 0xfe, 0xff, 0xfe, 0xfe, 0xfe, 0xff, 0xfe, 0xfe,
0xfe, 0xff, 0xfe, 0xfe, 0xfe, 0xff, 0xfe, 0xfe, 0xfe, 0xff, 0xfe, 0xfe, 0xfe, 0xff, 0xfe,
0xfe, 0xfe, 0xff, 0xfe, 0xfe, 0xfe, 0xff, 0xfe, 0xfe, 0xfe, 0xff, 0xfe, 0xfe, 0xfe, 0xff,
0xfe, 0xfe, 0xfe, 0xff, 0xfe, 0xfe, 0xfe, 0xff, 0xfe, 0xfe, 0xfe, 0xff, 0xfe, 0xfe, 0xfe,
0xff, 0xff, 0xff, 0xfe, 0xff, 0xff, 0xff, 0xfe, 0xff, 0xff, 0xff, 0xfe, 0xff, 0xc0, 0xda,
0xff, 0xff, 0x51, 0x97, 0xff, 0xff, 0x00, 0x62, 0xff, 0xff, 0x00, 0x65, 0xff, 0xff, 0x00,
0x6a, 0xff, 0xff, 0x00, 0x6a, 0xff, 0xff, 0x00, 0x6a, 0xff, 0xff, 0x00, 0x6a, 0xff, 0xff,
0x00, 0x6a, 0xff, 0xff, 0x00, 0x6a, 0xff, 0xff, 0x00, 0x6a, 0xff, 0xff, 0x00, 0x6a, 0xff,
0xff, 0x00, 0x6a, 0xff, 0xff, 0x00, 0x6a, 0xff, 0xff, 0x00, 0x6a, 0xff, 0xff, 0x00, 0x6a,
0xff, 0xff, 0x00, 0x6a, 0xff, 0xff, 0x00, 0x6a, 0xff, 0xff, 0x00, 0x6a, 0xff, 0xff, 0x00,
0x6a, 0xff, 0xff, 0x00, 0x6a, 0xff, 0xff, 0x00, 0x6a, 0xff, 0xff, 0x00, 0x6a, 0xff, 0xff,
0x00, 0x6a, 0xff, 0xff, 0x00, 0x6a, 0xff, 0xff, 0x00, 0x6a, 0xff, 0xff, 0x00, 0x6a, 0xff,
0xff, 0x00, 0x6a, 0xff, 0xff, 0x00, 0x6a, 0xff, 0xff, 0x00, 0x6a, 0xff, 0xff, 0x00, 0x6a,
0xff, 0xff, 0x00, 0x6a, 0xff, 0xff, 0x00, 0x6a, 0xff, 0xff, 0x00, 0x6a, 0xff, 0xff, 0x00,
0x6a, 0xff, 0xff, 0x00, 0x6a, 0xff, 0xff, 0x00, 0x6a, 0xff, 0xff, 0x00, 0x6a, 0xff, 0xff,
0x00, 0x6a, 0xff, 0xff, 0x00, 0x6a, 0xff, 0xff, 0x00, 0x6a, 0xff, 0x6c, 0xff, 0xff, 0xff,
0x00, 0xff, 0xff, 0xff, 0x00, 0xff, 0xff, 0xff, 0x00, 0xff, 0xff, 0xff, 0x00, 0xff, 0xff,
0xff, 0x00, 0xff, 0xff, 0xff, 0x00, 0xff, 0xff, 0xff, 0x00, 0xff, 0xff, 0xff, 0x00, 0xff,
0xff, 0xff, 0x00, 0xff, 0xff, 0xff, 0x00, 0xff, 0xff, 0xff, 0x00, 0xff, 0xff, 0xff, 0x00,
0xff, 0xff, 0xff, 0x00, 0xff, 0xff, 0xff, 0x00, 0xff, 0xff, 0xff, 0x00, 0xff, 0xff, 0xff,
0x00, 0xff, 0xff, 0xff, 0x00, 0x00, 0x67, 0xfb, 0x28, 0x00, 0x6a, 0xfe, 0xfa, 0x00, 0x6a,
0xff, 0xff, 0x00, 0x6a, 0xff, 0xff, 0x00, 0x6a, 0xff, 0xff, 0x00, 0x6a, 0xff, 0xff, 0x00,
0x6a, 0xff, 0xff, 0x00, 0x6a, 0xff, 0xff, 0x00, 0x6a, 0xff, 0xff, 0x00, 0x6a, 0xff, 0xff,
0x00, 0x6a, 0xff, 0xff, 0x00, 0x6a, 0xff, 0xff, 0x00, 0x6a, 0xff, 0xff, 0x00, 0x6a, 0xff,
0xff, 0x00, 0x6a, 0xff, 0xff, 0x00, 0x6a, 0xff, 0xff, 0x00, 0x6a, 0xff, 0xff, 0x00, 0x6a,
0xff, 0xff, 0x00, 0x6a, 0xff, 0xff, 0x00, 0x6a, 0xff, 0xff, 0x00, 0x6a, 0xff, 0xff, 0x00,
0x6a, 0xff, 0xff, 0x00, 0x6a, 0xff, 0xff, 0x00, 0x6a, 0xff, 0xff, 0x00, 0x6a, 0xff, 0xff,
0x00, 0x6a, 0xff, 0xff, 0x00, 0x6a, 0xff, 0xff, 0x00, 0x6a, 0xff, 0xff, 0x00, 0x6a, 0xff,
0xff, 0x00, 0x6a, 0xff, 0xff, 0x00, 0x6a, 0xff, 0xff, 0x00, 0x6a, 0xff, 0xff, 0x00, 0x6a,
0xff, 0xff, 0x00, 0x6a, 0xff, 0xff, 0x00, 0x6a, 0xff, 0xff, 0x00, 0x6a, 0xff, 0xff, 0x00,
0x6a, 0xff, 0xff, 0x00, 0x60, 0xff, 0xff, 0x25, 0x7d, 0xff, 0xff, 0xa6, 0xca, 0xff, 0xff,
0xff, 0xff, 0xfe, 0xff, 0xff, 0xff, 0xfe, 0xff, 0xff, 0xff, 0xfe, 0xff, 0xfe, 0xfe, 0xfe,
0xff, 0xfe, 0xfe, 0xfe, 0xff, 0xfe, 0xfe, 0xfe, 0xff, 0xfe, 0xfe, 0xfe, 0xff, 0xfe, 0xfe,
0xfe, 0xff, 0xfe, 0xfe, 0xfe, 0xff, 0xfe, 0xfe, 0xfe, 0xff, 0xfe, 0xfe, 0xfe, 0xff, 0xfe,
0xfe, 0xfe, 0xff, 0xfe, 0xfe, 0xfe, 0xff, 0xfe, 0xfe, 0xfe, 0xff, 0xfe, 0xfe, 0xfe, 0xff,
0xfe, 0xfe, 0xfe, 0xff, 0xfe, 0xfe, 0xfe, 0xff, 0xfe, 0xfe, 0xfe, 0xff, 0xfe, 0xfe, 0xfe,
0xff, 0xfe, 0xfe, 0xfe, 0xff, 0xfe, 0xfe, 0xfe, 0xff, 0xfe, 0xfe, 0xfe, 0xff, 0xfe, 0xfe,
0xfe, 0xff, 0xfe, 0xfe, 0xfe, 0xff, 0xfe, 0xfe, 0xfe, 0xff, 0xfe, 0xfe, 0xfe, 0xff, 0xfe,
0xfe, 0xfe, 0xff, 0xfe, 0xfe, 0xfe, 0xff, 0xfe, 0xfe, 0xfe, 0xff, 0xff, 0xff, 0xfe, 0xff,
0xff, 0xff, 0xfe, 0xff, 0xff, 0xff, 0xfe, 0xff, 0xab, 0xcd, 0xff, 0xff, 0x26, 0x7e, 0xff,
0xff, 0x00, 0x60, 0xff, 0xff, 0x00, 0x6a, 0xff, 0xff, 0x00, 0x6a, 0xff, 0xff, 0x00, 0x6a,
0xff, 0xff, 0x00, 0x6a, 0xff, 0xff, 0x00, 0x6a, 0xff, 0xff, 0x00, 0x6a, 0xff, 0xff, 0x00,
0x6a, 0xff, 0xff, 0x00, 0x6a, 0xff, 0xff, 0x00, 0x6a, 0xff, 0xff, 0x00, 0x6a, 0xff, 0xff,
0x00, 0x6a, 0xff, 0xff, 0x00, 0x6a, 0xff, 0xff, 0x00, 0x6a, 0xff, 0xff, 0x00, 0x6a, 0xff,
0xff, 0x00, 0x6a, 0xff, 0xff, 0x00, 0x6a, 0xff, 0xff, 0x00, 0x6a, 0xff, 0xff, 0x00, 0x6a,
0xff, 0xff, 0x00, 0x6a, 0xff, 0xff, 0x00, 0x6a, 0xff, 0xff, 0x00, 0x6a, 0xff, 0xff, 0x00,
0x6a, 0xff, 0xff, 0x00, 0x6a, 0xff, 0xff, 0x00, 0x6a, 0xff, 0xff, 0x00, 0x6a, 0xff, 0xff,
0x00, 0x6a, 0xff, 0xff, 0x00, 0x6a, 0xff, 0xff, 0x00, 0x6a, 0xff, 0xff, 0x00, 0x6a, 0xff,
0xff, 0x00, 0x6a, 0xff, 0xff, 0x00, 0x6a, 0xff, 0xff, 0x00, 0x6a, 0xff, 0xff, 0x00, 0x6a,
0xff, 0xff, 0x00, 0x6a, 0xff, 0xff, 0x00, 0x6c, 0xff, 0xff, 0x00, 0x5e, 0xe1, 0xa1, 0xff,
0xff, 0xff, 0x00, 0xff, 0xff, 0xff, 0x00, 0xff, 0xff, 0xff, 0x00, 0xff, 0xff, 0xff, 0x00,
0xff, 0xff, 0xff, 0x00, 0xff, 0xff, 0xff, 0x00, 0xff, 0xff, 0xff, 0x00, 0xff, 0xff, 0xff,
0x00, 0xff, 0xff, 0xff, 0x00, 0xff, 0xff, 0xff, 0x00, 0xff, 0xff, 0xff, 0x00, 0xff, 0xff,
0xff, 0x00, 0xff, 0xff, 0xff, 0x00, 0xff, 0xff, 0xff, 0x00, 0xff, 0xff, 0xff, 0x00, 0xff,
0xff, 0xff, 0x00, 0xff, 0xff, 0xff, 0x00, 0x00, 0x54, 0xcc, 0x4f, 0x00, 0x6c, 0xff, 0xff,
0x00, 0x6a, 0xff, 0xff, 0x00, 0x6a, 0xff, 0xff, 0x00, 0x6a, 0xff, 0xff, 0x00, 0x6a, 0xff,
0xff, 0x00, 0x6a, 0xff, 0xff, 0x00, 0x6a, 0xff, 0xff, 0x00, 0x6a, 0xff, 0xff, 0x00, 0x6a,
0xff, 0xff, 0x00, 0x6a, 0xff, 0xff, 0x00, 0x6a, 0xff, 0xff, 0x00, 0x6a, 0xff, 0xff, 0x00,
0x6a, 0xff, 0xff, 0x00, 0x6a, 0xff, 0xff, 0x00, 0x6a, 0xff, 0xff, 0x00, 0x6a, 0xff, 0xff,
0x00, 0x6a, 0xff, 0xff, 0x00, 0x6a, 0xff, 0xff, 0x00, 0x6a, 0xff, 0xff, 0x00, 0x6a, 0xff,
0xff, 0x00, 0x6a, 0xff, 0xff, 0x00, 0x6a, 0xff, 0xff, 0x00, 0x6a, 0xff, 0xff, 0x00, 0x6a,
0xff, 0xff, 0x00, 0x6a, 0xff, 0xff, 0x00, 0x6a, 0xff, 0xff, 0x00, 0x6a, 0xff, 0xff, 0x00,
0x6a, 0xff, 0xff, 0x00, 0x6a, 0xff, 0xff, 0x00, 0x6a, 0xff, 0xff, 0x00, 0x6a, 0xff, 0xff,
0x00, 0x6a, 0xff, 0xff, 0x00, 0x6a, 0xff, 0xff, 0x00, 0x6a, 0xff, 0xff, 0x00, 0x68, 0xff,
0xff, 0x00, 0x62, 0xff, 0xff, 0x56, 0x9a, 0xff, 0xff, 0xe6, 0xf1, 0xfe, 0xff, 0xff, 0xff,
0xfe, 0xff, 0xff, 0xff, 0xfe, 0xff, 0xfe, 0xfe, 0xfe, 0xff, 0xfe, 0xfe, 0xfe, 0xff, 0xfe,
0xfe, 0xfe, 0xff, 0xfe, 0xfe, 0xfe, 0xff, 0xfe, 0xfe, 0xfe, 0xff, 0xfe, 0xfe, 0xfe, 0xff,
0xfe, 0xfe, 0xfe, 0xff, 0xfe, 0xfe, 0xfe, 0xff, 0xfe, 0xfe, 0xfe, 0xff, 0xfe, 0xfe, 0xfe,
0xff, 0xfe, 0xfe, 0xfe, 0xff, 0xfe, 0xfe, 0xfe, 0xff, 0xfe, 0xfe, 0xfe, 0xff, 0xfe, 0xfe,
0xfe, 0xff, 0xfe, 0xfe, 0xfe, 0xff, 0xfe, 0xfe, 0xfe, 0xff, 0xfe, 0xfe, 0xfe, 0xff, 0xfe,
0xfe, 0xfe, 0xff, 0xfe, 0xfe, 0xfe, 0xff, 0xfe, 0xfe, 0xfe, 0xff, 0xfe, 0xfe, 0xfe, 0xff,
0xfe, 0xfe, 0xfe, 0xff, 0xfe, 0xfe, 0xfe, 0xff, 0xfe, 0xfe, 0xfe, 0xff, 0xfe, 0xfe, 0xfe,
0xff, 0xfe, 0xfe, 0xfe, 0xff, 0xfe, 0xfe, 0xfe, 0xff, 0xfe, 0xfe, 0xfe, 0xff, 0xfe, 0xfe,
0xfe, 0xff, 0xfe, 0xfe, 0xfe, 0xff, 0xff, 0xff, 0xfe, 0xff, 0xff, 0xff, 0xfe, 0xff, 0xe6,
0xf1, 0xfe, 0xff, 0x55, 0x9a, 0xff, 0xff, 0x00, 0x62, 0xff, 0xff, 0x00, 0x68, 0xff, 0xff,
0x00, 0x6a, 0xff, 0xff, 0x00, 0x6a, 0xff, 0xff, 0x00, 0x6a, 0xff, 0xff, 0x00, 0x6a, 0xff,
0xff, 0x00, 0x6a, 0xff, 0xff, 0x00, 0x6a, 0xff, 0xff, 0x00, 0x6a, 0xff, 0xff, 0x00, 0x6a,
0xff, 0xff, 0x00, 0x6a, 0xff, 0xff, 0x00, 0x6a, 0xff, 0xff, 0x00, 0x6a, 0xff, 0xff, 0x00,
0x6a, 0xff, 0xff, 0x00, 0x6a, 0xff, 0xff, 0x00, 0x6a, 0xff, 0xff, 0x00, 0x6a, 0xff, 0xff,
0x00, 0x6a, 0xff, 0xff, 0x00, 0x6a, 0xff, 0xff, 0x00, 0x6a, 0xff, 0xff, 0x00, 0x6a, 0xff,
0xff, 0x00, 0x6a, 0xff, 0xff, 0x00, 0x6a, 0xff, 0xff, 0x00, 0x6a, 0xff, 0xff, 0x00, 0x6a,
0xff, 0xff, 0x00, 0x6a, 0xff, 0xff, 0x00, 0x6a, 0xff, 0xff, 0x00, 0x6a, 0xff, 0xff, 0x00,
0x6a, 0xff, 0xff, 0x00, 0x6a, 0xff, 0xff, 0x00, 0x6a, 0xff, 0xff, 0x00, 0x6a, 0xff, 0xff,
0x00, 0x6a, 0xff, 0xff, 0x00, 0x6a, 0xff, 0xff, 0x00, 0x6b, 0xff, 0xff, 0x00, 0x66, 0xf6,
0xd9, 0xff, 0xff, 0xff, 0x00, 0xff, 0xff, 0xff, 0x00, 0xff, 0xff, 0xff, 0x00, 0xff, 0xff,
0xff, 0x00, 0xff, 0xff, 0xff, 0x00, 0xff, 0xff, 0xff, 0x00, 0xff, 0xff, 0xff, 0x00, 0xff,
0xff, 0xff, 0x00, 0xff, 0xff, 0xff, 0x00, 0xff, 0xff, 0xff, 0x00, 0xff, 0xff, 0xff, 0x00,
0xff, 0xff, 0xff, 0x00, 0xff, 0xff, 0xff, 0x00, 0xff, 0xff, 0xff, 0x00, 0xff, 0xff, 0xff,
0x00, 0xff, 0xff, 0xff, 0x00, 0xff, 0xff, 0xff, 0x00, 0x00, 0x56, 0xcf, 0x68, 0x00, 0x6b,
0xff, 0xff, 0x00, 0x6a, 0xff, 0xff, 0x00, 0x6a, 0xff, 0xff, 0x00, 0x6a, 0xff, 0xff, 0x00,
0x6a, 0xff, 0xff, 0x00, 0x6a, 0xff, 0xff, 0x00, 0x6a, 0xff, 0xff, 0x00, 0x6a, 0xff, 0xff,
0x00, 0x6a, 0xff, 0xff, 0x00, 0x6a, 0xff, 0xff, 0x00, 0x6a, 0xff, 0xff, 0x00, 0x6a, 0xff,
0xff, 0x00, 0x6a, 0xff, 0xff, 0x00, 0x6a, 0xff, 0xff, 0x00, 0x6a, 0xff, 0xff, 0x00, 0x6a,
0xff, 0xff, 0x00, 0x6a, 0xff, 0xff, 0x00, 0x6a, 0xff, 0xff, 0x00, 0x6a, 0xff, 0xff, 0x00,
0x6a, 0xff, 0xff, 0x00, 0x6a, 0xff, 0xff, 0x00, 0x6a, 0xff, 0xff, 0x00, 0x6a, 0xff, 0xff,
0x00, 0x6a, 0xff, 0xff, 0x00, 0x6a, 0xff, 0xff, 0x00, 0x6a, 0xff, 0xff, 0x00, 0x6a, 0xff,
0xff, 0x00, 0x6a, 0xff, 0xff, 0x00, 0x6a, 0xff, 0xff, 0x00, 0x6a, 0xff, 0xff, 0x00, 0x6a,
0xff, 0xff, 0x00, 0x6a, 0xff, 0xff, 0x00, 0x6a, 0xff, 0xff, 0x00, 0x66, 0xff, 0xff, 0x03,
0x68, 0xff, 0xff, 0x87, 0xb9, 0xff, 0xff, 0xff, 0xff, 0xfe, 0xff, 0xff, 0xff, 0xfe, 0xff,
0xfe, 0xfe, 0xfe, 0xff, 0xfe, 0xfe, 0xfe, 0xff, 0xfe, 0xfe, 0xfe, 0xff, 0xfe, 0xfe, 0xfe,
0xff, 0xfe, 0xfe, 0xfe, 0xff, 0xfe, 0xfe, 0xfe, 0xff, 0xfe, 0xfe, 0xfe, 0xff, 0xfe, 0xfe,
0xfe, 0xff, 0xfe, 0xfe, 0xfe, 0xff, 0xfe, 0xfe, 0xfe, 0xff, 0xfe, 0xfe, 0xfe, 0xff, 0xfe,
0xfe, 0xfe, 0xff, 0xfe, 0xfe, 0xfe, 0xff, 0xfe, 0xfe, 0xfe, 0xff, 0xfe, 0xfe, 0xfe, 0xff,
0xfe, 0xfe, 0xfe, 0xff, 0xfe, 0xfe, 0xfe, 0xff, 0xfe, 0xfe, 0xfe, 0xff, 0xfe, 0xfe, 0xfe,
0xff, 0xfe, 0xfe, 0xfe, 0xff, 0xfe, 0xfe, 0xfe, 0xff, 0xfe, 0xfe, 0xfe, 0xff, 0xfe, 0xfe,
0xfe, 0xff, 0xfe, 0xfe, 0xfe, 0xff, 0xfe, 0xfe, 0xfe, 0xff, 0xfe, 0xfe, 0xfe, 0xff, 0xfe,
0xfe, 0xfe, 0xff, 0xfe, 0xfe, 0xfe, 0xff, 0xfe, 0xfe, 0xfe, 0xff, 0xfe, 0xfe, 0xfe, 0xff,
0xfe, 0xfe, 0xfe, 0xff, 0xfe, 0xfe, 0xfe, 0xff, 0xfe, 0xfe, 0xfe, 0xff, 0xfe, 0xfe, 0xfe,
0xff, 0xff, 0xff, 0xfe, 0xff, 0xff, 0xff, 0xfe, 0xff, 0x87, 0xb9, 0xff, 0xff, 0x03, 0x68,
0xff, 0xff, 0x00, 0x66, 0xff, 0xff, 0x00, 0x6a, 0xff, 0xff, 0x00, 0x6a, 0xff, 0xff, 0x00,
0x6a, 0xff, 0xff, 0x00, 0x6a, 0xff, 0xff, 0x00, 0x6a, 0xff, 0xff, 0x00, 0x6a, 0xff, 0xff,
0x00, 0x6a, 0xff, 0xff, 0x00, 0x6a, 0xff, 0xff, 0x00, 0x6a, 0xff, 0xff, 0x00, 0x6a, 0xff,
0xff, 0x00, 0x6a, 0xff, 0xff, 0x00, 0x6a, 0xff, 0xff, 0x00, 0x6a, 0xff, 0xff, 0x00, 0x6a,
0xff, 0xff, 0x00, 0x6a, 0xff, 0xff, 0x00, 0x6a, 0xff, 0xff, 0x00, 0x6a, 0xff, 0xff, 0x00,
0x6a, 0xff, 0xff, 0x00, 0x6a, 0xff, 0xff, 0x00, 0x6a, 0xff, 0xff, 0x00, 0x6a, 0xff, 0xff,
0x00, 0x6a, 0xff, 0xff, 0x00, 0x6a, 0xff, 0xff, 0x00, 0x6a, 0xff, 0xff, 0x00, 0x6a, 0xff,
0xff, 0x00, 0x6a, 0xff, 0xff, 0x00, 0x6a, 0xff, 0xff, 0x00, 0x6a, 0xff, 0xff, 0x00, 0x6a,
0xff, 0xff, 0x00, 0x6a, 0xff, 0xff, 0x00, 0x6a, 0xff, 0xff, 0x00, 0x6a, 0xff, 0xff, 0x00,
0x6b, 0xff, 0xef, 0xff, 0xff, 0xff, 0x00, 0xff, 0xff, 0xff, 0x00, 0xff, 0xff, 0xff, 0x00,
0xff, 0xff, 0xff, 0x00, 0xff, 0xff, 0xff, 0x00, 0xff, 0xff, 0xff, 0x00, 0xff, 0xff, 0xff,
0x00, 0xff, 0xff, 0xff, 0x00, 0xff, 0xff, 0xff, 0x00, 0xff, 0xff, 0xff, 0x00, 0xff, 0xff,
0xff, 0x00, 0xff, 0xff, 0xff, 0x00, 0xff, 0xff, 0xff, 0x00, 0xff, 0xff, 0xff, 0x00, 0xff,
0xff, 0xff, 0x00, 0xff, 0xff, 0xff, 0x00, 0xff, 0xff, 0xff, 0x00, 0x00, 0x69, 0xf6, 0x81,
0x00, 0x6a, 0xff, 0xff, 0x00, 0x6a, 0xff, 0xff, 0x00, 0x6a, 0xff, 0xff, 0x00, 0x6a, 0xff,
0xff, 0x00, 0x6a, 0xff, 0xff, 0x00, 0x6a, 0xff, 0xff, 0x00, 0x6a, 0xff, 0xff, 0x00, 0x6a,
0xff, 0xff, 0x00, 0x6a, 0xff, 0xff, 0x00, 0x6a, 0xff, 0xff, 0x00, 0x6a, 0xff, 0xff, 0x00,
0x6a, 0xff, 0xff, 0x00, 0x6a, 0xff, 0xff, 0x00, 0x6a, 0xff, 0xff, 0x00, 0x6a, 0xff, 0xff,
0x00, 0x6a, 0xff, 0xff, 0x00, 0x6a, 0xff, 0xff, 0x00, 0x6a, 0xff, 0xff, 0x00, 0x6a, 0xff,
0xff, 0x00, 0x6a, 0xff, 0xff, 0x00, 0x6a, 0xff, 0xff, 0x00, 0x6a, 0xff, 0xff, 0x00, 0x6a,
0xff, 0xff, 0x00, 0x6a, 0xff, 0xff, 0x00, 0x6a, 0xff, 0xff, 0x00, 0x6a, 0xff, 0xff, 0x00,
0x6a, 0xff, 0xff, 0x00, 0x6a, 0xff, 0xff, 0x00, 0x6a, 0xff, 0xff, 0x00, 0x6a, 0xff, 0xff,
0x00, 0x6a, 0xff, 0xff, 0x00, 0x6a, 0xff, 0xff, 0x00, 0x64, 0xff, 0xff, 0x0f, 0x6f, 0xff,
0xff, 0xaf, 0xd0, 0xff, 0xff, 0xff, 0xff, 0xfe, 0xff, 0xff, 0xff, 0xfe, 0xff, 0xfe, 0xfe,
0xfe, 0xff, 0xfe, 0xfe, 0xfe, 0xff, 0xfe, 0xfe, 0xfe, 0xff, 0xfe, 0xfe, 0xfe, 0xff, 0xfe,
0xfe, 0xfe, 0xff, 0xfe, 0xfe, 0xfe, 0xff, 0xfe, 0xfe, 0xfe, 0xff, 0xfe, 0xfe, 0xfe, 0xff,
0xfe, 0xfe, 0xfe, 0xff, 0xfe, 0xfe, 0xfe, 0xff, 0xfe, 0xfe, 0xfe, 0xff, 0xfe, 0xfe, 0xfe,
0xff, 0xfe, 0xfe, 0xfe, 0xff, 0xfe, 0xfe, 0xfe, 0xff, 0xfe, 0xfe, 0xfe, 0xff, 0xfe, 0xfe,
0xfe, 0xff, 0xfe, 0xfe, 0xfe, 0xff, 0xfe, 0xfe, 0xfe, 0xff, 0xff, 0xfe, 0xfe, 0xff, 0xff,
0xff, 0xfe, 0xff, 0xff, 0xff, 0xfe, 0xff, 0xff, 0xff, 0xfe, 0xff, 0xfe, 0xfe, 0xfe, 0xff,
0xfe, 0xfe, 0xfe, 0xff, 0xfe, 0xfe, 0xfe, 0xff, 0xfe, 0xfe, 0xfe, 0xff, 0xfe, 0xfe, 0xfe,
0xff, 0xfe, 0xfe, 0xfe, 0xff, 0xfe, 0xfe, 0xfe, 0xff, 0xfe, 0xfe, 0xfe, 0xff, 0xfe, 0xfe,
0xfe, 0xff, 0xfe, 0xfe, 0xfe, 0xff, 0xfe, 0xfe, 0xfe, 0xff, 0xfe, 0xfe, 0xfe, 0xff, 0xfe,
0xfe, 0xfe, 0xff, 0xfe, 0xfe, 0xfe, 0xff, 0xff, 0xff, 0xfe, 0xff, 0xff, 0xff, 0xfe, 0xff,
0xaf, 0xd0, 0xff, 0xff, 0x0f, 0x6f, 0xff, 0xff, 0x00, 0x64, 0xff, 0xff, 0x00, 0x6a, 0xff,
0xff, 0x00, 0x6a, 0xff, 0xff, 0x00, 0x6a, 0xff, 0xff, 0x00, 0x6a, 0xff, 0xff, 0x00, 0x6a,
0xff, 0xff, 0x00, 0x6a, 0xff, 0xff, 0x00, 0x6a, 0xff, 0xff, 0x00, 0x6a, 0xff, 0xff, 0x00,
0x6a, 0xff, 0xff, 0x00, 0x6a, 0xff, 0xff, 0x00, 0x6a, 0xff, 0xff, 0x00, 0x6a, 0xff, 0xff,
0x00, 0x6a, 0xff, 0xff, 0x00, 0x6a, 0xff, 0xff, 0x00, 0x6a, 0xff, 0xff, 0x00, 0x6a, 0xff,
0xff, 0x00, 0x6a, 0xff, 0xff, 0x00, 0x6a, 0xff, 0xff, 0x00, 0x6a, 0xff, 0xff, 0x00, 0x6a,
0xff, 0xff, 0x00, 0x6a, 0xff, 0xff, 0x00, 0x6a, 0xff, 0xff, 0x00, 0x6a, 0xff, 0xff, 0x00,
0x6a, 0xff, 0xff, 0x00, 0x6a, 0xff, 0xff, 0x00, 0x6a, 0xff, 0xff, 0x00, 0x6a, 0xff, 0xff,
0x00, 0x6a, 0xff, 0xff, 0x00, 0x6a, 0xff, 0xff, 0x00, 0x6a, 0xff, 0xff, 0x00, 0x6a, 0xff,
0xff, 0x00, 0x6a, 0xff, 0xed, 0xff, 0xff, 0xff, 0x00, 0xff, 0xff, 0xff, 0x00, 0xff, 0xff,
0xff, 0x00, 0xff, 0xff, 0xff, 0x00, 0xff, 0xff, 0xff, 0x00, 0xff, 0xff, 0xff, 0x00, 0xff,
0xff, 0xff, 0x00, 0xff, 0xff, 0xff, 0x00, 0xff, 0xff, 0xff, 0x00, 0xff, 0xff, 0xff, 0x00,
0xff, 0xff, 0xff, 0x00, 0xff, 0xff, 0xff, 0x00, 0xff, 0xff, 0xff, 0x00, 0xff, 0xff, 0xff,
0x00, 0xff, 0xff, 0xff, 0x00, 0xff, 0xff, 0xff, 0x00, 0xff, 0xff, 0xff, 0x00, 0x00, 0x6a,
0xfe, 0xa3, 0x00, 0x6a, 0xff, 0xff, 0x00, 0x6a, 0xff, 0xff, 0x00, 0x6a, 0xff, 0xff, 0x00,
0x6a, 0xff, 0xff, 0x00, 0x6a, 0xff, 0xff, 0x00, 0x6a, 0xff, 0xff, 0x00, 0x6a, 0xff, 0xff,
0x00, 0x6a, 0xff, 0xff, 0x00, 0x6a, 0xff, 0xff, 0x00, 0x6a, 0xff, 0xff, 0x00, 0x6a, 0xff,
0xff, 0x00, 0x6a, 0xff, 0xff, 0x00, 0x6a, 0xff, 0xff, 0x00, 0x6a, 0xff, 0xff, 0x00, 0x6a,
0xff, 0xff, 0x00, 0x6a, 0xff, 0xff, 0x00, 0x6a, 0xff, 0xff, 0x00, 0x6a, 0xff, 0xff, 0x00,
0x6a, 0xff, 0xff, 0x00, 0x6a, 0xff, 0xff, 0x00, 0x6a, 0xff, 0xff, 0x00, 0x6a, 0xff, 0xff,
0x00, 0x6a, 0xff, 0xff, 0x00, 0x6a, 0xff, 0xff, 0x00, 0x6a, 0xff, 0xff, 0x00, 0x6a, 0xff,
0xff, 0x00, 0x6a, 0xff, 0xff, 0x00, 0x6a, 0xff, 0xff, 0x00, 0x6a, 0xff, 0xff, 0x00, 0x6a,
0xff, 0xff, 0x00, 0x6a, 0xff, 0xff, 0x00, 0x65, 0xff, 0xff, 0x14, 0x72, 0xff, 0xff, 0xc2,
0xdc, 0xff, 0xff, 0xff, 0xff, 0xfe, 0xff, 0xfe, 0xfe, 0xfe, 0xff, 0xfe, 0xfe, 0xfe, 0xff,
0xfe, 0xfe, 0xfe, 0xff, 0xfe, 0xfe, 0xfe, 0xff, 0xfe, 0xfe, 0xfe, 0xff, 0xfe, 0xfe, 0xfe,
0xff, 0xfe, 0xfe, 0xfe, 0xff, 0xfe, 0xfe, 0xfe, 0xff, 0xfe, 0xfe, 0xfe, 0xff, 0xfe, 0xfe,
0xfe, 0xff, 0xfe, 0xfe, 0xfe, 0xff, 0xfe, 0xfe, 0xfe, 0xff, 0xfe, 0xfe, 0xfe, 0xff, 0xfe,
0xfe, 0xfe, 0xff, 0xfe, 0xfe, 0xfe, 0xff, 0xfe, 0xfe, 0xfe, 0xff, 0xfe, 0xfe, 0xfe, 0xff,
0xfe, 0xfe, 0xfe, 0xff, 0xfe, 0xfe, 0xfe, 0xff, 0xfe, 0xfe, 0xfe, 0xff, 0xff, 0xff, 0xfe,
0xff, 0xf9, 0xfc, 0xfe, 0xff, 0xf9, 0xfb, 0xfe, 0xff, 0xf9, 0xfb, 0xfe, 0xff, 0xfd, 0xfe,
0xfe, 0xff, 0xfe, 0xfe, 0xfe, 0xff, 0xfe, 0xfe, 0xfe, 0xff, 0xfe, 0xfe, 0xfe, 0xff, 0xfe,
0xfe, 0xfe, 0xff, 0xfe, 0xfe, 0xfe, 0xff, 0xfe, 0xfe, 0xfe, 0xff, 0xfe, 0xfe, 0xfe, 0xff,
0xfe, 0xfe, 0xfe, 0xff, 0xfe, 0xfe, 0xfe, 0xff, 0xfe, 0xfe, 0xfe, 0xff, 0xfe, 0xfe, 0xfe,
0xff, 0xfe, 0xfe, 0xfe, 0xff, 0xfe, 0xfe, 0xfe, 0xff, 0xfe, 0xfe, 0xfe, 0xff, 0xff, 0xfe,
0xfe, 0xff, 0xff, 0xff, 0xfe, 0xff, 0xc6, 0xde, 0xff, 0xff, 0x18, 0x75, 0xff, 0xff, 0x00,
0x64, 0xff, 0xff, 0x00, 0x6a, 0xff, 0xff, 0x00, 0x6a, 0xff, 0xff, 0x00, 0x6a, 0xff, 0xff,
0x00, 0x6a, 0xff, 0xff, 0x00, 0x6a, 0xff, 0xff, 0x00, 0x6a, 0xff, 0xff, 0x00, 0x6a, 0xff,
0xff, 0x00, 0x6a, 0xff, 0xff, 0x00, 0x6a, 0xff, 0xff, 0x00, 0x6a, 0xff, 0xff, 0x00, 0x6a,
0xff, 0xff, 0x00, 0x6a, 0xff, 0xff, 0x00, 0x6a, 0xff, 0xff, 0x00, 0x6a, 0xff, 0xff, 0x00,
0x6a, 0xff, 0xff, 0x00, 0x6a, 0xff, 0xff, 0x00, 0x6a, 0xff, 0xff, 0x00, 0x6a, 0xff, 0xff,
0x00, 0x6a, 0xff, 0xff, 0x00, 0x6a, 0xff, 0xff, 0x00, 0x6a, 0xff, 0xff, 0x00, 0x6a, 0xff,
0xff, 0x00, 0x6a, 0xff, 0xff, 0x00, 0x6a, 0xff, 0xff, 0x00, 0x6a, 0xff, 0xff, 0x00, 0x6a,
0xff, 0xff, 0x00, 0x6a, 0xff, 0xff, 0x00, 0x6a, 0xff, 0xff, 0x00, 0x6a, 0xff, 0xff, 0x00,
0x6a, 0xff, 0xff, 0x00, 0x6a, 0xff, 0xed, 0xff, 0xff, 0xff, 0x00, 0xff, 0xff, 0xff, 0x00,
0xff, 0xff, 0xff, 0x00, 0xff, 0xff, 0xff, 0x00, 0xff, 0xff, 0xff, 0x00, 0xff, 0xff, 0xff,
0x00, 0xff, 0xff, 0xff, 0x00, 0xff, 0xff, 0xff, 0x00, 0xff, 0xff, 0xff, 0x00, 0xff, 0xff,
0xff, 0x00, 0xff, 0xff, 0xff, 0x00, 0xff, 0xff, 0xff, 0x00, 0xff, 0xff, 0xff, 0x00, 0xff,
0xff, 0xff, 0x00, 0xff, 0xff, 0xff, 0x00, 0xff, 0xff, 0xff, 0x00, 0xff, 0xff, 0xff, 0x00,
0x00, 0x69, 0xfc, 0xbf, 0x00, 0x6a, 0xff, 0xff, 0x00, 0x6a, 0xff, 0xff, 0x00, 0x6a, 0xff,
0xff, 0x00, 0x6a, 0xff, 0xff, 0x00, 0x6a, 0xff, 0xff, 0x00, 0x6a, 0xff, 0xff, 0x00, 0x6a,
0xff, 0xff, 0x00, 0x6a, 0xff, 0xff, 0x00, 0x6a, 0xff, 0xff, 0x00, 0x6a, 0xff, 0xff, 0x00,
0x6a, 0xff, 0xff, 0x00, 0x6a, 0xff, 0xff, 0x00, 0x6a, 0xff, 0xff, 0x00, 0x6a, 0xff, 0xff,
0x00, 0x6a, 0xff, 0xff, 0x00, 0x6a, 0xff, 0xff, 0x00, 0x6a, 0xff, 0xff, 0x00, 0x6a, 0xff,
0xff, 0x00, 0x6a, 0xff, 0xff, 0x00, 0x6a, 0xff, 0xff, 0x00, 0x6a, 0xff, 0xff, 0x00, 0x6a,
0xff, 0xff, 0x00, 0x6a, 0xff, 0xff, 0x00, 0x6a, 0xff, 0xff, 0x00, 0x6a, 0xff, 0xff, 0x00,
0x6a, 0xff, 0xff, 0x00, 0x6a, 0xff, 0xff, 0x00, 0x6a, 0xff, 0xff, 0x00, 0x6a, 0xff, 0xff,
0x00, 0x6a, 0xff, 0xff, 0x00, 0x65, 0xff, 0xff, 0x13, 0x72, 0xff, 0xff, 0xc9, 0xe0, 0xff,
0xff, 0xff, 0xff, 0xfe, 0xff, 0xfe, 0xfe, 0xfe, 0xff, 0xfe, 0xfe, 0xfe, 0xff, 0xfe, 0xfe,
0xfe, 0xff, 0xfe, 0xfe, 0xfe, 0xff, 0xfe, 0xfe, 0xfe, 0xff, 0xfe, 0xfe, 0xfe, 0xff, 0xfe,
0xfe, 0xfe, 0xff, 0xfe, 0xfe, 0xfe, 0xff, 0xfe, 0xfe, 0xfe, 0xff, 0xfe, 0xfe, 0xfe, 0xff,
0xfe, 0xfe, 0xfe, 0xff, 0xfe, 0xfe, 0xfe, 0xff, 0xfe, 0xfe, 0xfe, 0xff, 0xfe, 0xfe, 0xfe,
0xff, 0xfe, 0xfe, 0xfe, 0xff, 0xfe, 0xfe, 0xfe, 0xff, 0xfe, 0xfe, 0xfe, 0xff, 0xfe, 0xfe,
0xfe, 0xff, 0xfe, 0xfe, 0xfe, 0xff, 0xfe, 0xfe, 0xfe, 0xff, 0xff, 0xff, 0xfe, 0xff, 0x96,
0xc2, 0xff, 0xff, 0x29, 0x7d, 0xff, 0xff, 0x29, 0x81, 0xff, 0xff, 0x2c, 0x84, 0xff, 0xff,
0xd8, 0xe8, 0xfe, 0xff, 0xff, 0xff, 0xfe, 0xff, 0xfe, 0xfe, 0xfe, 0xff, 0xfe, 0xfe, 0xfe,
0xff, 0xfe, 0xfe, 0xfe, 0xff, 0xfe, 0xfe, 0xfe, 0xff, 0xfe, 0xfe, 0xfe, 0xff, 0xfe, 0xfe,
0xfe, 0xff, 0xfe, 0xfe, 0xfe, 0xff, 0xfe, 0xfe, 0xfe, 0xff, 0xfe, 0xfe, 0xfe, 0xff, 0xfe,
0xfe, 0xfe, 0xff, 0xfe, 0xfe, 0xfe, 0xff, 0xfe, 0xfe, 0xfe, 0xff, 0xfe, 0xfe, 0xfe, 0xff,
0xfe, 0xfe, 0xfe, 0xff, 0xfe, 0xfe, 0xfe, 0xff, 0xff, 0xff, 0xfe, 0xff, 0xca, 0xe0, 0xff,
0xff, 0x13, 0x72, 0xff, 0xff, 0x00, 0x65, 0xff, 0xff, 0x00, 0x6a, 0xff, 0xff, 0x00, 0x6a,
0xff, 0xff, 0x00, 0x6a, 0xff, 0xff, 0x00, 0x6a, 0xff, 0xff, 0x00, 0x6a, 0xff, 0xff, 0x00,
0x6a, 0xff, 0xff, 0x00, 0x6a, 0xff, 0xff, 0x00, 0x6a, 0xff, 0xff, 0x00, 0x6a, 0xff, 0xff,
0x00, 0x6a, 0xff, 0xff, 0x00, 0x6a, 0xff, 0xff, 0x00, 0x6a, 0xff, 0xff, 0x00, 0x6a, 0xff,
0xff, 0x00, 0x6a, 0xff, 0xff, 0x00, 0x6a, 0xff, 0xff, 0x00, 0x6a, 0xff, 0xff, 0x00, 0x6a,
0xff, 0xff, 0x00, 0x6a, 0xff, 0xff, 0x00, 0x6a, 0xff, 0xff, 0x00, 0x6a, 0xff, 0xff, 0x00,
0x6a, 0xff, 0xff, 0x00, 0x6a, 0xff, 0xff, 0x00, 0x6a, 0xff, 0xff, 0x00, 0x6a, 0xff, 0xff,
0x00, 0x6a, 0xff, 0xff, 0x00, 0x6a, 0xff, 0xff, 0x00, 0x6a, 0xff, 0xff, 0x00, 0x6a, 0xff,
0xff, 0x00, 0x6a, 0xff, 0xff, 0x00, 0x6a, 0xff, 0xed, 0xff, 0xff, 0xff, 0x00, 0xff, 0xff,
0xff, 0x00, 0xff, 0xff, 0xff, 0x00, 0xff, 0xff, 0xff, 0x00, 0xff, 0xff, 0xff, 0x00, 0xff,
0xff, 0xff, 0x00, 0xff, 0xff, 0xff, 0x00, 0xff, 0xff, 0xff, 0x00, 0xff, 0xff, 0xff, 0x00,
0xff, 0xff, 0xff, 0x00, 0xff, 0xff, 0xff, 0x00, 0xff, 0xff, 0xff, 0x00, 0xff, 0xff, 0xff,
0x00, 0xff, 0xff, 0xff, 0x00, 0xff, 0xff, 0xff, 0x00, 0xff, 0xff, 0xff, 0x00, 0xff, 0xff,
0xff, 0x00, 0x00, 0x6a, 0xfe, 0xcf, 0x00, 0x6a, 0xff, 0xff, 0x00, 0x6a, 0xff, 0xff, 0x00,
0x6a, 0xff, 0xff, 0x00, 0x6a, 0xff, 0xff, 0x00, 0x6a, 0xff, 0xff, 0x00, 0x6a, 0xff, 0xff,
0x00, 0x6a, 0xff, 0xff, 0x00, 0x6a, 0xff, 0xff, 0x00, 0x6a, 0xff, 0xff, 0x00, 0x6a, 0xff,
0xff, 0x00, 0x6a, 0xff, 0xff, 0x00, 0x6a, 0xff, 0xff, 0x00, 0x6a, 0xff, 0xff, 0x00, 0x6a,
0xff, 0xff, 0x00, 0x6a, 0xff, 0xff, 0x00, 0x6a, 0xff, 0xff, 0x00, 0x6a, 0xff, 0xff, 0x00,
0x6a, 0xff, 0xff, 0x00, 0x6a, 0xff, 0xff, 0x00, 0x6a, 0xff, 0xff, 0x00, 0x6a, 0xff, 0xff,
0x00, 0x6a, 0xff, 0xff, 0x00, 0x6a, 0xff, 0xff, 0x00, 0x6a, 0xff, 0xff, 0x00, 0x6a, 0xff,
0xff, 0x00, 0x6a, 0xff, 0xff, 0x00, 0x6a, 0xff, 0xff, 0x00, 0x6a, 0xff, 0xff, 0x00, 0x6a,
0xff, 0xff, 0x00, 0x67, 0xff, 0xff, 0x09, 0x6b, 0xff, 0xff, 0xbc, 0xd8, 0xff, 0xff, 0xff,
0xff, 0xfe, 0xff, 0xfe, 0xfe, 0xfe, 0xff, 0xfe, 0xfe, 0xfe, 0xff, 0xfe, 0xfe, 0xfe, 0xff,
0xfe, 0xfe, 0xfe, 0xff, 0xfe, 0xfe, 0xfe, 0xff, 0xfe, 0xfe, 0xfe, 0xff, 0xfe, 0xfe, 0xfe,
0xff, 0xfe, 0xfe, 0xfe, 0xff, 0xfe, 0xfe, 0xfe, 0xff, 0xfe, 0xfe, 0xfe, 0xff, 0xfe, 0xfe,
0xfe, 0xff, 0xfe, 0xfe, 0xfe, 0xff, 0xfe, 0xfe, 0xfe, 0xff, 0xfe, 0xfe, 0xfe, 0xff, 0xfe,
0xfe, 0xfe, 0xff, 0xfe, 0xfe, 0xfe, 0xff, 0xfe, 0xfe, 0xfe, 0xff, 0xfe, 0xfe, 0xfe, 0xff,
0xfe, 0xfe, 0xfe, 0xff, 0xfe, 0xfe, 0xfe, 0xff, 0xff, 0xff, 0xfe, 0xff, 0xe5, 0xf0, 0xfe,
0xff, 0x13, 0x73, 0xff, 0xff, 0x00, 0x61, 0xff, 0xff, 0x00, 0x64, 0xff, 0xff, 0x00, 0x67,
0xff, 0xff, 0xd0, 0xe3, 0xfe, 0xff, 0xff, 0xff, 0xfe, 0xff, 0xfe, 0xfe, 0xfe, 0xff, 0xfe,
0xfe, 0xfe, 0xff, 0xfe, 0xfe, 0xfe, 0xff, 0xfe, 0xfe, 0xfe, 0xff, 0xfe, 0xfe, 0xfe, 0xff,
0xfe, 0xfe, 0xfe, 0xff, 0xfe, 0xfe, 0xfe, 0xff, 0xfe, 0xfe, 0xfe, 0xff, 0xfe, 0xfe, 0xfe,
0xff, 0xfe, 0xfe, 0xfe, 0xff, 0xfe, 0xfe, 0xfe, 0xff, 0xfe, 0xfe, 0xfe, 0xff, 0xfe, 0xfe,
0xfe, 0xff, 0xfe, 0xfe, 0xfe, 0xff, 0xfe, 0xfe, 0xfe, 0xff, 0xfe, 0xfe, 0xfe, 0xff, 0xff,
0xff, 0xfe, 0xff, 0xbb, 0xd8, 0xff, 0xff, 0x09, 0x6b, 0xff, 0xff, 0x00, 0x67, 0xff, 0xff,
0x00, 0x6a, 0xff, 0xff, 0x00, 0x6a, 0xff, 0xff, 0x00, 0x6a, 0xff, 0xff, 0x00, 0x6a, 0xff,
0xff, 0x00, 0x6a, 0xff, 0xff, 0x00, 0x6a, 0xff, 0xff, 0x00, 0x6a, 0xff, 0xff, 0x00, 0x6a,
0xff, 0xff, 0x00, 0x6a, 0xff, 0xff, 0x00, 0x6a, 0xff, 0xff, 0x00, 0x6a, 0xff, 0xff, 0x00,
0x6a, 0xff, 0xff, 0x00, 0x6a, 0xff, 0xff, 0x00, 0x6a, 0xff, 0xff, 0x00, 0x6a, 0xff, 0xff,
0x00, 0x6a, 0xff, 0xff, 0x00, 0x6a, 0xff, 0xff, 0x00, 0x6a, 0xff, 0xff, 0x00, 0x6a, 0xff,
0xff, 0x00, 0x6a, 0xff, 0xff, 0x00, 0x6a, 0xff, 0xff, 0x00, 0x6a, 0xff, 0xff, 0x00, 0x6a,
0xff, 0xff, 0x00, 0x6a, 0xff, 0xff, 0x00, 0x6a, 0xff, 0xff, 0x00, 0x6a, 0xff, 0xff, 0x00,
0x6a, 0xff, 0xff, 0x00, 0x6a, 0xff, 0xff, 0x00, 0x6a, 0xff, 0xed, 0xff, 0xff, 0xff, 0x00,
0xff, 0xff, 0xff, 0x00, 0xff, 0xff, 0xff, 0x00, 0xff, 0xff, 0xff, 0x00, 0xff, 0xff, 0xff,
0x00, 0xff, 0xff, 0xff, 0x00, 0xff, 0xff, 0xff, 0x00, 0xff, 0xff, 0xff, 0x00, 0xff, 0xff,
0xff, 0x00, 0xff, 0xff, 0xff, 0x00, 0xff, 0xff, 0xff, 0x00, 0xff, 0xff, 0xff, 0x00, 0xff,
0xff, 0xff, 0x00, 0xff, 0xff, 0xff, 0x00, 0xff, 0xff, 0xff, 0x00, 0xff, 0xff, 0xff, 0x00,
0xff, 0xff, 0xff, 0x00, 0x00, 0x6a, 0xff, 0xd9, 0x00, 0x6a, 0xff, 0xff, 0x00, 0x6a, 0xff,
0xff, 0x00, 0x6a, 0xff, 0xff, 0x00, 0x6a, 0xff, 0xff, 0x00, 0x6a, 0xff, 0xff, 0x00, 0x6a,
0xff, 0xff, 0x00, 0x6a, 0xff, 0xff, 0x00, 0x6a, 0xff, 0xff, 0x00, 0x6a, 0xff, 0xff, 0x00,
0x6a, 0xff, 0xff, 0x00, 0x6a, 0xff, 0xff, 0x00, 0x6a, 0xff, 0xff, 0x00, 0x6a, 0xff, 0xff,
0x00, 0x6a, 0xff, 0xff, 0x00, 0x6a, 0xff, 0xff, 0x00, 0x6a, 0xff, 0xff, 0x00, 0x6a, 0xff,
0xff, 0x00, 0x6a, 0xff, 0xff, 0x00, 0x6a, 0xff, 0xff, 0x00, 0x6a, 0xff, 0xff, 0x00, 0x6a,
0xff, 0xff, 0x00, 0x6a, 0xff, 0xff, 0x00, 0x6a, 0xff, 0xff, 0x00, 0x6a, 0xff, 0xff, 0x00,
0x6a, 0xff, 0xff, 0x00, 0x6a, 0xff, 0xff, 0x00, 0x6a, 0xff, 0xff, 0x00, 0x6a, 0xff, 0xff,
0x00, 0x69, 0xff, 0xff, 0x00, 0x63, 0xff, 0xff, 0x92, 0xc0, 0xff, 0xff, 0xff, 0xff, 0xfe,
0xff, 0xfe, 0xfe, 0xfe, 0xff, 0xfe, 0xfe, 0xfe, 0xff, 0xfe, 0xfe, 0xfe, 0xff, 0xfe, 0xfe,
0xfe, 0xff, 0xfe, 0xfe, 0xfe, 0xff, 0xfe, 0xfe, 0xfe, 0xff, 0xfe, 0xfe, 0xfe, 0xff, 0xfe,
0xfe, 0xfe, 0xff, 0xfe, 0xfe, 0xfe, 0xff, 0xfe, 0xfe, 0xfe, 0xff, 0xfe, 0xfe, 0xfe, 0xff,
0xfe, 0xfe, 0xfe, 0xff, 0xfe, 0xfe, 0xfe, 0xff, 0xfe, 0xfe, 0xfe, 0xff, 0xfe, 0xfe, 0xfe,
0xff, 0xfe, 0xfe, 0xfe, 0xff, 0xfe, 0xfe, 0xfe, 0xff, 0xfe, 0xfe, 0xfe, 0xff, 0xfe, 0xfe,
0xfe, 0xff, 0xfe, 0xfe, 0xfe, 0xff, 0xff, 0xff, 0xfe, 0xff, 0xfd, 0xfe, 0xfe, 0xff, 0x43,
0x91, 0xff, 0xff, 0x00, 0x62, 0xff, 0xff, 0x00, 0x6a, 0xff, 0xff, 0x00, 0x69, 0xff, 0xff,
0x03, 0x6c, 0xff, 0xff, 0xd1, 0xe4, 0xfe, 0xff, 0xff, 0xff, 0xfe, 0xff, 0xfe, 0xfe, 0xfe,
0xff, 0xfe, 0xfe, 0xfe, 0xff, 0xfe, 0xfe, 0xfe, 0xff, 0xfe, 0xfe, 0xfe, 0xff, 0xfe, 0xfe,
0xfe, 0xff, 0xfe, 0xfe, 0xfe, 0xff, 0xfe, 0xfe, 0xfe, 0xff, 0xfe, 0xfe, 0xfe, 0xff, 0xfe,
0xfe, 0xfe, 0xff, 0xfe, 0xfe, 0xfe, 0xff, 0xfe, 0xfe, 0xfe, 0xff, 0xfe, 0xfe, 0xfe, 0xff,
0xfe, 0xfe, 0xfe, 0xff, 0xfe, 0xfe, 0xfe, 0xff, 0xfe, 0xfe, 0xfe, 0xff, 0xfe, 0xfe, 0xfe,
0xff, 0xfe, 0xfe, 0xfe, 0xff, 0xff, 0xff, 0xfe, 0xff, 0x92, 0xbf, 0xff, 0xff, 0x00, 0x63,
0xff, 0xff, 0x00, 0x69, 0xff, 0xff, 0x00, 0x6a, 0xff, 0xff, 0x00, 0x6a, 0xff, 0xff, 0x00,
0x6a, 0xff, 0xff, 0x00, 0x6a, 0xff, 0xff, 0x00, 0x6a, 0xff, 0xff, 0x00, 0x6a, 0xff, 0xff,
0x00, 0x6a, 0xff, 0xff, 0x00, 0x6a, 0xff, 0xff, 0x00, 0x6a, 0xff, 0xff, 0x00, 0x6a, 0xff,
0xff, 0x00, 0x6a, 0xff, 0xff, 0x00, 0x6a, 0xff, 0xff, 0x00, 0x6a, 0xff, 0xff, 0x00, 0x6a,
0xff, 0xff, 0x00, 0x6a, 0xff, 0xff, 0x00, 0x6a, 0xff, 0xff, 0x00, 0x6a, 0xff, 0xff, 0x00,
0x6a, 0xff, 0xff, 0x00, 0x6a, 0xff, 0xff, 0x00, 0x6a, 0xff, 0xff, 0x00, 0x6a, 0xff, 0xff,
0x00, 0x6a, 0xff, 0xff, 0x00, 0x6a, 0xff, 0xff, 0x00, 0x6a, 0xff, 0xff, 0x00, 0x6a, 0xff,
0xff, 0x00, 0x6a, 0xff, 0xff, 0x00, 0x6a, 0xff, 0xff, 0x00, 0x6a, 0xff, 0xed, 0xff, 0xff,
0xff, 0x00, 0xff, 0xff, 0xff, 0x00, 0xff, 0xff, 0xff, 0x00, 0xff, 0xff, 0xff, 0x00, 0xff,
0xff, 0xff, 0x00, 0xff, 0xff, 0xff, 0x00, 0xff, 0xff, 0xff, 0x00, 0xff, 0xff, 0xff, 0x00,
0xff, 0xff, 0xff, 0x00, 0xff, 0xff, 0xff, 0x00, 0xff, 0xff, 0xff, 0x00, 0xff, 0xff, 0xff,
0x00, 0xff, 0xff, 0xff, 0x00, 0xff, 0xff, 0xff, 0x00, 0xff, 0xff, 0xff, 0x00, 0xff, 0xff,
0xff, 0x00, 0xff, 0xff, 0xff, 0x00, 0x00, 0x6a, 0xff, 0xdc, 0x00, 0x6a, 0xff, 0xff, 0x00,
0x6a, 0xff, 0xff, 0x00, 0x6a, 0xff, 0xff, 0x00, 0x6a, 0xff, 0xff, 0x00, 0x6a, 0xff, 0xff,
0x00, 0x6a, 0xff, 0xff, 0x00, 0x6a, 0xff, 0xff, 0x00, 0x6a, 0xff, 0xff, 0x00, 0x6a, 0xff,
0xff, 0x00, 0x6a, 0xff, 0xff, 0x00, 0x6a, 0xff, 0xff, 0x00, 0x6a, 0xff, 0xff, 0x00, 0x6a,
0xff, 0xff, 0x00, 0x6a, 0xff, 0xff, 0x00, 0x6a, 0xff, 0xff, 0x00, 0x6a, 0xff, 0xff, 0x00,
0x6a, 0xff, 0xff, 0x00, 0x6a, 0xff, 0xff, 0x00, 0x6a, 0xff, 0xff, 0x00, 0x6a, 0xff, 0xff,
0x00, 0x6a, 0xff, 0xff, 0x00, 0x6a, 0xff, 0xff, 0x00, 0x6a, 0xff, 0xff, 0x00, 0x6a, 0xff,
0xff, 0x00, 0x6a, 0xff, 0xff, 0x00, 0x6a, 0xff, 0xff, 0x00, 0x6a, 0xff, 0xff, 0x00, 0x6a,
0xff, 0xff, 0x00, 0x62, 0xff, 0xff, 0x59, 0x9e, 0xff, 0xff, 0xff, 0xff, 0xfe, 0xff, 0xff,
0xff, 0xfe, 0xff, 0xfe, 0xfe, 0xfe, 0xff, 0xfe, 0xfe, 0xfe, 0xff, 0xfe, 0xfe, 0xfe, 0xff,
0xfe, 0xfe, 0xfe, 0xff, 0xfe, 0xfe, 0xfe, 0xff, 0xfe, 0xfe, 0xfe, 0xff, 0xfe, 0xfe, 0xfe,
0xff, 0xfe, 0xfe, 0xfe, 0xff, 0xfe, 0xfe, 0xfe, 0xff, 0xfe, 0xfe, 0xfe, 0xff, 0xfe, 0xfe,
0xfe, 0xff, 0xfe, 0xfe, 0xfe, 0xff, 0xfe, 0xfe, 0xfe, 0xff, 0xfe, 0xfe, 0xfe, 0xff, 0xfe,
0xfe, 0xfe, 0xff, 0xfe, 0xfe, 0xfe, 0xff, 0xfe, 0xfe, 0xfe, 0xff, 0xfe, 0xfe, 0xfe, 0xff,
0xfe, 0xfe, 0xfe, 0xff, 0xff, 0xff, 0xfe, 0xff, 0xff, 0xff, 0xfe, 0xff, 0x72, 0xad, 0xff,
0xff, 0x00, 0x61, 0xff, 0xff, 0x00, 0x6a, 0xff, 0xff, 0x00, 0x6a, 0xff, 0xff, 0x00, 0x69,
0xff, 0xff, 0x03, 0x6c, 0xff, 0xff, 0xd1, 0xe4, 0xfe, 0xff, 0xff, 0xff, 0xfe, 0xff, 0xfe,
0xfe, 0xfe, 0xff, 0xfe, 0xfe, 0xfe, 0xff, 0xfe, 0xfe, 0xfe, 0xff, 0xfe, 0xfe, 0xfe, 0xff,
0xfe, 0xfe, 0xfe, 0xff, 0xfe, 0xfe, 0xfe, 0xff, 0xfe, 0xfe, 0xfe, 0xff, 0xfe, 0xfe, 0xfe,
0xff, 0xfe, 0xfe, 0xfe, 0xff, 0xfe, 0xfe, 0xfe, 0xff, 0xfe, 0xfe, 0xfe, 0xff, 0xfe, 0xfe,
0xfe, 0xff, 0xfe, 0xfe, 0xfe, 0xff, 0xfe, 0xfe, 0xfe, 0xff, 0xfe, 0xfe, 0xfe, 0xff, 0xfe,
0xfe, 0xfe, 0xff, 0xfe, 0xfe, 0xfe, 0xff, 0xff, 0xff, 0xfe, 0xff, 0xff, 0xff, 0xfe, 0xff,
0x58, 0x9e, 0xff, 0xff, 0x00, 0x62, 0xff, 0xff, 0x00, 0x6a, 0xff, 0xff, 0x00, 0x6a, 0xff,
0xff, 0x00, 0x6a, 0xff, 0xff, 0x00, 0x6a, 0xff, 0xff, 0x00, 0x6a, 0xff, 0xff, 0x00, 0x6a,
0xff, 0xff, 0x00, 0x6a, 0xff, 0xff, 0x00, 0x6a, 0xff, 0xff, 0x00, 0x6a, 0xff, 0xff, 0x00,
0x6a, 0xff, 0xff, 0x00, 0x6a, 0xff, 0xff, 0x00, 0x6a, 0xff, 0xff, 0x00, 0x6a, 0xff, 0xff,
0x00, 0x6a, 0xff, 0xff, 0x00, 0x6a, 0xff, 0xff, 0x00, 0x6a, 0xff, 0xff, 0x00, 0x6a, 0xff,
0xff, 0x00, 0x6a, 0xff, 0xff, 0x00, 0x6a, 0xff, 0xff, 0x00, 0x6a, 0xff, 0xff, 0x00, 0x6a,
0xff, 0xff, 0x00, 0x6a, 0xff, 0xff, 0x00, 0x6a, 0xff, 0xff, 0x00, 0x6a, 0xff, 0xff, 0x00,
0x6a, 0xff, 0xff, 0x00, 0x6a, 0xff, 0xff, 0x00, 0x6a, 0xff, 0xff, 0x00, 0x6a, 0xff, 0xed,
0xff, 0xff, 0xff, 0x00, 0xff, 0xff, 0xff, 0x00, 0xff, 0xff, 0xff, 0x00, 0xff, 0xff, 0xff,
0x00, 0xff, 0xff, 0xff, 0x00, 0xff, 0xff, 0xff, 0x00, 0xff, 0xff, 0xff, 0x00, 0xff, 0xff,
0xff, 0x00, 0xff, 0xff, 0xff, 0x00, 0xff, 0xff, 0xff, 0x00, 0xff, 0xff, 0xff, 0x00, 0xff,
0xff, 0xff, 0x00, 0xff, 0xff, 0xff, 0x00, 0xff, 0xff, 0xff, 0x00, 0xff, 0xff, 0xff, 0x00,
0xff, 0xff, 0xff, 0x00, 0xff, 0xff, 0xff, 0x00, 0x00, 0x6a, 0xff, 0xdc, 0x00, 0x6a, 0xff,
0xff, 0x00, 0x6a, 0xff, 0xff, 0x00, 0x6a, 0xff, 0xff, 0x00, 0x6a, 0xff, 0xff, 0x00, 0x6a,
0xff, 0xff, 0x00, 0x6a, 0xff, 0xff, 0x00, 0x6a, 0xff, 0xff, 0x00, 0x6a, 0xff, 0xff, 0x00,
0x6a, 0xff, 0xff, 0x00, 0x6a, 0xff, 0xff, 0x00, 0x6a, 0xff, 0xff, 0x00, 0x6a, 0xff, 0xff,
0x00, 0x6a, 0xff, 0xff, 0x00, 0x6a, 0xff, 0xff, 0x00, 0x6a, 0xff, 0xff, 0x00, 0x6a, 0xff,
0xff, 0x00, 0x6a, 0xff, 0xff, 0x00, 0x6a, 0xff, 0xff, 0x00, 0x6a, 0xff, 0xff, 0x00, 0x6a,
0xff, 0xff, 0x00, 0x6a, 0xff, 0xff, 0x00, 0x6a, 0xff, 0xff, 0x00, 0x6a, 0xff, 0xff, 0x00,
0x6a, 0xff, 0xff, 0x00, 0x6a, 0xff, 0xff, 0x00, 0x6a, 0xff, 0xff, 0x00, 0x6a, 0xff, 0xff,
0x00, 0x64, 0xff, 0xff, 0x21, 0x7d, 0xff, 0xff, 0xf2, 0xf7, 0xfe, 0xff, 0xff, 0xff, 0xfe,
0xff, 0xfe, 0xfe, 0xfe, 0xff, 0xfe, 0xfe, 0xfe, 0xff, 0xfe, 0xfe, 0xfe, 0xff, 0xfe, 0xfe,
0xfe, 0xff, 0xfe, 0xfe, 0xfe, 0xff, 0xfe, 0xfe, 0xfe, 0xff, 0xfe, 0xfe, 0xfe, 0xff, 0xfe,
0xfe, 0xfe, 0xff, 0xfe, 0xfe, 0xfe, 0xff, 0xfe, 0xfe, 0xfe, 0xff, 0xfe, 0xfe, 0xfe, 0xff,
0xfe, 0xfe, 0xfe, 0xff, 0xfe, 0xfe, 0xfe, 0xff, 0xfe, 0xfe, 0xfe, 0xff, 0xfe, 0xfe, 0xfe,
0xff, 0xfe, 0xfe, 0xfe, 0xff, 0xfe, 0xfe, 0xfe, 0xff, 0xfe, 0xfe, 0xfe, 0xff, 0xfe, 0xfe,
0xfe, 0xff, 0xff, 0xff, 0xfe, 0xff, 0xff, 0xff, 0xfe, 0xff, 0x85, 0xb8, 0xff, 0xff, 0x00,
0x62, 0xff, 0xff, 0x00, 0x69, 0xff, 0xff, 0x00, 0x6a, 0xff, 0xff, 0x00, 0x6a, 0xff, 0xff,
0x00, 0x69, 0xff, 0xff, 0x03, 0x6c, 0xff, 0xff, 0xd1, 0xe4, 0xfe, 0xff, 0xff, 0xff, 0xfe,
0xff, 0xfe, 0xfe, 0xfe, 0xff, 0xfe, 0xfe, 0xfe, 0xff, 0xfe, 0xfe, 0xfe, 0xff, 0xfe, 0xfe,
0xfe, 0xff, 0xfe, 0xfe, 0xfe, 0xff, 0xfe, 0xfe, 0xfe, 0xff, 0xfe, 0xfe, 0xfe, 0xff, 0xfe,
0xfe, 0xfe, 0xff, 0xfe, 0xfe, 0xfe, 0xff, 0xfe, 0xfe, 0xfe, 0xff, 0xfe, 0xfe, 0xfe, 0xff,
0xfe, 0xfe, 0xfe, 0xff, 0xfe, 0xfe, 0xfe, 0xff, 0xfe, 0xfe, 0xfe, 0xff, 0xfe, 0xfe, 0xfe,
0xff, 0xfe, 0xfe, 0xfe, 0xff, 0xfe, 0xfe, 0xfe, 0xff, 0xfe, 0xfe, 0xfe, 0xff, 0xff, 0xff,
0xfe, 0xff, 0xf2, 0xf7, 0xfe, 0xff, 0x20, 0x7d, 0xff, 0xff, 0x00, 0x64, 0xff, 0xff, 0x00,
0x6a, 0xff, 0xff, 0x00, 0x6a, 0xff, 0xff, 0x00, 0x6a, 0xff, 0xff, 0x00, 0x6a, 0xff, 0xff,
0x00, 0x6a, 0xff, 0xff, 0x00, 0x6a, 0xff, 0xff, 0x00, 0x6a, 0xff, 0xff, 0x00, 0x6a, 0xff,
0xff, 0x00, 0x6a, 0xff, 0xff, 0x00, 0x6a, 0xff, 0xff, 0x00, 0x6a, 0xff, 0xff, 0x00, 0x6a,
0xff, 0xff, 0x00, 0x6a, 0xff, 0xff, 0x00, 0x6a, 0xff, 0xff, 0x00, 0x6a, 0xff, 0xff, 0x00,
0x6a, 0xff, 0xff, 0x00, 0x6a, 0xff, 0xff, 0x00, 0x6a, 0xff, 0xff, 0x00, 0x6a, 0xff, 0xff,
0x00, 0x6a, 0xff, 0xff, 0x00, 0x6a, 0xff, 0xff, 0x00, 0x6a, 0xff, 0xff, 0x00, 0x6a, 0xff,
0xff, 0x00, 0x6a, 0xff, 0xff, 0x00, 0x6a, 0xff, 0xff, 0x00, 0x6a, 0xff, 0xff, 0x00, 0x6a,
0xff, 0xed, 0xff, 0xff, 0xff, 0x00, 0xff, 0xff, 0xff, 0x00, 0xff, 0xff, 0xff, 0x00, 0xff,
0xff, 0xff, 0x00, 0xff, 0xff, 0xff, 0x00, 0xff, 0xff, 0xff, 0x00, 0xff, 0xff, 0xff, 0x00,
0xff, 0xff, 0xff, 0x00, 0xff, 0xff, 0xff, 0x00, 0xff, 0xff, 0xff, 0x00, 0xff, 0xff, 0xff,
0x00, 0xff, 0xff, 0xff, 0x00, 0xff, 0xff, 0xff, 0x00, 0xff, 0xff, 0xff, 0x00, 0xff, 0xff,
0xff, 0x00, 0xff, 0xff, 0xff, 0x00, 0xff, 0xff, 0xff, 0x00, 0x00, 0x6a, 0xff, 0xdc, 0x00,
0x6a, 0xff, 0xff, 0x00, 0x6a, 0xff, 0xff, 0x00, 0x6a, 0xff, 0xff, 0x00, 0x6a, 0xff, 0xff,
0x00, 0x6a, 0xff, 0xff, 0x00, 0x6a, 0xff, 0xff, 0x00, 0x6a, 0xff, 0xff, 0x00, 0x6a, 0xff,
0xff, 0x00, 0x6a, 0xff, 0xff, 0x00, 0x6a, 0xff, 0xff, 0x00, 0x6a, 0xff, 0xff, 0x00, 0x6a,
0xff, 0xff, 0x00, 0x6a, 0xff, 0xff, 0x00, 0x6a, 0xff, 0xff, 0x00, 0x6a, 0xff, 0xff, 0x00,
0x6a, 0xff, 0xff, 0x00, 0x6a, 0xff, 0xff, 0x00, 0x6a, 0xff, 0xff, 0x00, 0x6a, 0xff, 0xff,
0x00, 0x6a, 0xff, 0xff, 0x00, 0x6a, 0xff, 0xff, 0x00, 0x6a, 0xff, 0xff, 0x00, 0x6a, 0xff,
0xff, 0x00, 0x6a, 0xff, 0xff, 0x00, 0x6a, 0xff, 0xff, 0x00, 0x6a, 0xff, 0xff, 0x00, 0x69,
0xff, 0xff, 0x02, 0x66, 0xff, 0xff, 0xb2, 0xd2, 0xff, 0xff, 0xff, 0xff, 0xfe, 0xff, 0xfe,
0xfe, 0xfe, 0xff, 0xfe, 0xfe, 0xfe, 0xff, 0xfe, 0xfe, 0xfe, 0xff, 0xfe, 0xfe, 0xfe, 0xff,
0xfe, 0xfe, 0xfe, 0xff, 0xfe, 0xfe, 0xfe, 0xff, 0xfe, 0xfe, 0xfe, 0xff, 0xfe, 0xfe, 0xfe,
0xff, 0xfe, 0xfe, 0xfe, 0xff, 0xfe, 0xfe, 0xfe, 0xff, 0xfe, 0xfe, 0xfe, 0xff, 0xfe, 0xfe,
0xfe, 0xff, 0xfe, 0xfe, 0xfe, 0xff, 0xfe, 0xfe, 0xfe, 0xff, 0xfe, 0xfe, 0xfe, 0xff, 0xfe,
0xfe, 0xfe, 0xff, 0xfe, 0xfe, 0xfe, 0xff, 0xfe, 0xfe, 0xfe, 0xff, 0xfe, 0xfe, 0xfe, 0xff,
0xff, 0xff, 0xfe, 0xff, 0xff, 0xff, 0xfe, 0xff, 0x7e, 0xb3, 0xff, 0xff, 0x00, 0x62, 0xff,
0xff, 0x00, 0x69, 0xff, 0xff, 0x00, 0x6a, 0xff, 0xff, 0x00, 0x6a, 0xff, 0xff, 0x00, 0x6a,
0xff, 0xff, 0x00, 0x69, 0xff, 0xff, 0x03, 0x6c, 0xff, 0xff, 0xd1, 0xe4, 0xfe, 0xff, 0xff,
0xff, 0xfe, 0xff, 0xfe, 0xfe, 0xfe, 0xff, 0xfe, 0xfe, 0xfe, 0xff, 0xfe, 0xfe, 0xfe, 0xff,
0xfe, 0xfe, 0xfe, 0xff, 0xfe, 0xfe, 0xfe, 0xff, 0xfe, 0xfe, 0xfe, 0xff, 0xfe, 0xfe, 0xfe,
0xff, 0xfe, 0xfe, 0xfe, 0xff, 0xfe, 0xfe, 0xfe, 0xff, 0xfe, 0xfe, 0xfe, 0xff, 0xfe, 0xfe,
0xfe, 0xff, 0xfe, 0xfe, 0xfe, 0xff, 0xfe, 0xfe, 0xfe, 0xff, 0xfe, 0xfe, 0xfe, 0xff, 0xfe,
0xfe, 0xfe, 0xff, 0xfe, 0xfe, 0xfe, 0xff, 0xfe, 0xfe, 0xfe, 0xff, 0xfe, 0xfe, 0xfe, 0xff,
0xfe, 0xfe, 0xfe, 0xff, 0xff, 0xff, 0xfe, 0xff, 0xb2, 0xd2, 0xff, 0xff, 0x01, 0x66, 0xff,
0xff, 0x00, 0x69, 0xff, 0xff, 0x00, 0x6a, 0xff, 0xff, 0x00, 0x6a, 0xff, 0xff, 0x00, 0x6a,
0xff, 0xff, 0x00, 0x6a, 0xff, 0xff, 0x00, 0x6a, 0xff, 0xff, 0x00, 0x6a, 0xff, 0xff, 0x00,
0x6a, 0xff, 0xff, 0x00, 0x6a, 0xff, 0xff, 0x00, 0x6a, 0xff, 0xff, 0x00, 0x6a, 0xff, 0xff,
0x00, 0x6a, 0xff, 0xff, 0x00, 0x6a, 0xff, 0xff, 0x00, 0x6a, 0xff, 0xff, 0x00, 0x6a, 0xff,
0xff, 0x00, 0x6a, 0xff, 0xff, 0x00, 0x6a, 0xff, 0xff, 0x00, 0x6a, 0xff, 0xff, 0x00, 0x6a,
0xff, 0xff, 0x00, 0x6a, 0xff, 0xff, 0x00, 0x6a, 0xff, 0xff, 0x00, 0x6a, 0xff, 0xff, 0x00,
0x6a, 0xff, 0xff, 0x00, 0x6a, 0xff, 0xff, 0x00, 0x6a, 0xff, 0xff, 0x00, 0x6a, 0xff, 0xff,
0x00, 0x6a, 0xff, 0xed, 0xff, 0xff, 0xff, 0x00, 0xff, 0xff, 0xff, 0x00, 0xff, 0xff, 0xff,
0x00, 0xff, 0xff, 0xff, 0x00, 0xff, 0xff, 0xff, 0x00, 0xff, 0xff, 0xff, 0x00, 0xff, 0xff,
0xff, 0x00, 0xff, 0xff, 0xff, 0x00, 0xff, 0xff, 0xff, 0x00, 0xff, 0xff, 0xff, 0x00, 0xff,
0xff, 0xff, 0x00, 0xff, 0xff, 0xff, 0x00, 0xff, 0xff, 0xff, 0x00, 0xff, 0xff, 0xff, 0x00,
0xff, 0xff, 0xff, 0x00, 0xff, 0xff, 0xff, 0x00, 0xff, 0xff, 0xff, 0x00, 0x00, 0x6a, 0xff,
0xdc, 0x00, 0x6a, 0xff, 0xff, 0x00, 0x6a, 0xff, 0xff, 0x00, 0x6a, 0xff, 0xff, 0x00, 0x6a,
0xff, 0xff, 0x00, 0x6a, 0xff, 0xff, 0x00, 0x6a, 0xff, 0xff, 0x00, 0x6a, 0xff, 0xff, 0x00,
0x6a, 0xff, 0xff, 0x00, 0x6a, 0xff, 0xff, 0x00, 0x6a, 0xff, 0xff, 0x00, 0x6a, 0xff, 0xff,
0x00, 0x6a, 0xff, 0xff, 0x00, 0x6a, 0xff, 0xff, 0x00, 0x6a, 0xff, 0xff, 0x00, 0x6a, 0xff,
0xff, 0x00, 0x6a, 0xff, 0xff, 0x00, 0x6a, 0xff, 0xff, 0x00, 0x6a, 0xff, 0xff, 0x00, 0x6a,
0xff, 0xff, 0x00, 0x6a, 0xff, 0xff, 0x00, 0x6a, 0xff, 0xff, 0x00, 0x6a, 0xff, 0xff, 0x00,
0x6a, 0xff, 0xff, 0x00, 0x6a, 0xff, 0xff, 0x00, 0x6a, 0xff, 0xff, 0x00, 0x6a, 0xff, 0xff,
0x00, 0x62, 0xff, 0xff, 0x4a, 0x96, 0xff, 0xff, 0xff, 0xff, 0xfe, 0xff, 0xff, 0xff, 0xfe,
0xff, 0xfe, 0xfe, 0xfe, 0xff, 0xfe, 0xfe, 0xfe, 0xff, 0xfe, 0xfe, 0xfe, 0xff, 0xfe, 0xfe,
0xfe, 0xff, 0xfe, 0xfe, 0xfe, 0xff, 0xfe, 0xfe, 0xfe, 0xff, 0xfe, 0xfe, 0xfe, 0xff, 0xfe,
0xfe, 0xfe, 0xff, 0xfe, 0xfe, 0xfe, 0xff, 0xfe, 0xfe, 0xfe, 0xff, 0xfe, 0xfe, 0xfe, 0xff,
0xfe, 0xfe, 0xfe, 0xff, 0xfe, 0xfe, 0xfe, 0xff, 0xfe, 0xfe, 0xfe, 0xff, 0xfe, 0xfe, 0xfe,
0xff, 0xfe, 0xfe, 0xfe, 0xff, 0xfe, 0xfe, 0xfe, 0xff, 0xfe, 0xfe, 0xfe, 0xff, 0xff, 0xff,
0xfe, 0xff, 0xf6, 0xfa, 0xfe, 0xff, 0x62, 0xa2, 0xff, 0xff, 0x00, 0x61, 0xff, 0xff, 0x00,
0x69, 0xff, 0xff, 0x00, 0x6a, 0xff, 0xff, 0x00, 0x6a, 0xff, 0xff, 0x00, 0x6a, 0xff, 0xff,
0x00, 0x6a, 0xff, 0xff, 0x00, 0x69, 0xff, 0xff, 0x03, 0x6c, 0xff, 0xff, 0xd1, 0xe4, 0xfe,
0xff, 0xff, 0xff, 0xfe, 0xff, 0xfe, 0xfe, 0xfe, 0xff, 0xfe, 0xfe, 0xfe, 0xff, 0xfe, 0xfe,
0xfe, 0xff, 0xfe, 0xfe, 0xfe, 0xff, 0xfe, 0xfe, 0xfe, 0xff, 0xfe, 0xfe, 0xfe, 0xff, 0xfe,
0xfe, 0xfe, 0xff, 0xfe, 0xfe, 0xfe, 0xff, 0xfe, 0xfe, 0xfe, 0xff, 0xfe, 0xfe, 0xfe, 0xff,
0xfe, 0xfe, 0xfe, 0xff, 0xfe, 0xfe, 0xfe, 0xff, 0xfe, 0xfe, 0xfe, 0xff, 0xfe, 0xfe, 0xfe,
0xff, 0xfe, 0xfe, 0xfe, 0xff, 0xfe, 0xfe, 0xfe, 0xff, 0xfe, 0xfe, 0xfe, 0xff, 0xfe, 0xfe,
0xfe, 0xff, 0xfe, 0xfe, 0xfe, 0xff, 0xff, 0xff, 0xfe, 0xff, 0xff, 0xff, 0xfe, 0xff, 0x4a,
0x96, 0xff, 0xff, 0x00, 0x62, 0xff, 0xff, 0x00, 0x6a, 0xff, 0xff, 0x00, 0x6a, 0xff, 0xff,
0x00, 0x6a, 0xff, 0xff, 0x00, 0x6a, 0xff, 0xff, 0x00, 0x6a, 0xff, 0xff, 0x00, 0x6a, 0xff,
0xff, 0x00, 0x6a, 0xff, 0xff, 0x00, 0x6a, 0xff, 0xff, 0x00, 0x6a, 0xff, 0xff, 0x00, 0x6a,
0xff, 0xff, 0x00, 0x6a, 0xff, 0xff, 0x00, 0x6a, 0xff, 0xff, 0x00, 0x6a, 0xff, 0xff, 0x00,
0x6a, 0xff, 0xff, 0x00, 0x6a, 0xff, 0xff, 0x00, 0x6a, 0xff, 0xff, 0x00, 0x6a, 0xff, 0xff,
0x00, 0x6a, 0xff, 0xff, 0x00, 0x6a, 0xff, 0xff, 0x00, 0x6a, 0xff, 0xff, 0x00, 0x6a, 0xff,
0xff, 0x00, 0x6a, 0xff, 0xff, 0x00, 0x6a, 0xff, 0xff, 0x00, 0x6a, 0xff, 0xff, 0x00, 0x6a,
0xff, 0xff, 0x00, 0x6a, 0xff, 0xed, 0xff, 0xff, 0xff, 0x00, 0xff, 0xff, 0xff, 0x00, 0xff,
0xff, 0xff, 0x00, 0xff, 0xff, 0xff, 0x00, 0xff, 0xff, 0xff, 0x00, 0xff, 0xff, 0xff, 0x00,
0xff, 0xff, 0xff, 0x00, 0xff, 0xff, 0xff, 0x00, 0xff, 0xff, 0xff, 0x00, 0xff, 0xff, 0xff,
0x00, 0xff, 0xff, 0xff, 0x00, 0xff, 0xff, 0xff, 0x00, 0xff, 0xff, 0xff, 0x00, 0xff, 0xff,
0xff, 0x00, 0xff, 0xff, 0xff, 0x00, 0xff, 0xff, 0xff, 0x00, 0xff, 0xff, 0xff, 0x00, 0x00,
0x6a, 0xff, 0xdb, 0x00, 0x6a, 0xff, 0xff, 0x00, 0x6a, 0xff, 0xff, 0x00, 0x6a, 0xff, 0xff,
0x00, 0x6a, 0xff, 0xff, 0x00, 0x6a, 0xff, 0xff, 0x00, 0x6a, 0xff, 0xff, 0x00, 0x6a, 0xff,
0xff, 0x00, 0x6a, 0xff, 0xff, 0x00, 0x6a, 0xff, 0xff, 0x00, 0x6a, 0xff, 0xff, 0x00, 0x6a,
0xff, 0xff, 0x00, 0x6a, 0xff, 0xff, 0x00, 0x6a, 0xff, 0xff, 0x00, 0x6a, 0xff, 0xff, 0x00,
0x6a, 0xff, 0xff, 0x00, 0x6a, 0xff, 0xff, 0x00, 0x6a, 0xff, 0xff, 0x00, 0x6a, 0xff, 0xff,
0x00, 0x6a, 0xff, 0xff, 0x00, 0x6a, 0xff, 0xff, 0x00, 0x6a, 0xff, 0xff, 0x00, 0x6a, 0xff,
0xff, 0x00, 0x6a, 0xff, 0xff, 0x00, 0x6a, 0xff, 0xff, 0x00, 0x6a, 0xff, 0xff, 0x00, 0x68,
0xff, 0xff, 0x07, 0x6c, 0xff, 0xff, 0xd6, 0xe7, 0xfe, 0xff, 0xff, 0xff, 0xfe, 0xff, 0xfe,
0xfe, 0xfe, 0xff, 0xfe, 0xfe, 0xfe, 0xff, 0xfe, 0xfe, 0xfe, 0xff, 0xfe, 0xfe, 0xfe, 0xff,
0xfe, 0xfe, 0xfe, 0xff, 0xfe, 0xfe, 0xfe, 0xff, 0xfe, 0xfe, 0xfe, 0xff, 0xfe, 0xfe, 0xfe,
0xff, 0xfe, 0xfe, 0xfe, 0xff, 0xfe, 0xfe, 0xfe, 0xff, 0xfe, 0xfe, 0xfe, 0xff, 0xfe, 0xfe,
0xfe, 0xff, 0xfe, 0xfe, 0xfe, 0xff, 0xfe, 0xfe, 0xfe, 0xff, 0xfe, 0xfe, 0xfe, 0xff, 0xfe,
0xfe, 0xfe, 0xff, 0xfe, 0xfe, 0xfe, 0xff, 0xff, 0xff, 0xfe, 0xff, 0xff, 0xff, 0xfe, 0xff,
0xd7, 0xe8, 0xff, 0xff, 0x38, 0x89, 0xff, 0xff, 0x00, 0x61, 0xff, 0xff, 0x00, 0x6a, 0xff,
0xff, 0x00, 0x6a, 0xff, 0xff, 0x00, 0x6a, 0xff, 0xff, 0x00, 0x6a, 0xff, 0xff, 0x00, 0x6a,
0xff, 0xff, 0x00, 0x6a, 0xff, 0xff, 0x00, 0x69, 0xff, 0xff, 0x03, 0x6c, 0xff, 0xff, 0xd1,
0xe4, 0xfe, 0xff, 0xff, 0xff, 0xfe, 0xff, 0xfe, 0xfe, 0xfe, 0xff, 0xfe, 0xfe, 0xfe, 0xff,
0xfe, 0xfe, 0xfe, 0xff, 0xfe, 0xfe, 0xfe, 0xff, 0xfe, 0xfe, 0xfe, 0xff, 0xfe, 0xfe, 0xfe,
0xff, 0xfe, 0xfe, 0xfe, 0xff, 0xfe, 0xfe, 0xfe, 0xff, 0xfe, 0xfe, 0xfe, 0xff, 0xfe, 0xfe,
0xfe, 0xff, 0xfe, 0xfe, 0xfe, 0xff, 0xfe, 0xfe, 0xfe, 0xff, 0xfe, 0xfe, 0xfe, 0xff, 0xfe,
0xfe, 0xfe, 0xff, 0xfe, 0xfe, 0xfe, 0xff, 0xfe, 0xfe, 0xfe, 0xff, 0xfe, 0xfe, 0xfe, 0xff,
0xfe, 0xfe, 0xfe, 0xff, 0xfe, 0xfe, 0xfe, 0xff, 0xfe, 0xfe, 0xfe, 0xff, 0xff, 0xff, 0xfe,
0xff, 0xd7, 0xe8, 0xfe, 0xff, 0x0c, 0x6f, 0xff, 0xff, 0x00, 0x68, 0xff, 0xff, 0x00, 0x6a,
0xff, 0xff, 0x00, 0x6a, 0xff, 0xff, 0x00, 0x6a, 0xff, 0xff, 0x00, 0x6a, 0xff, 0xff, 0x00,
0x6a, 0xff, 0xff, 0x00, 0x6a, 0xff, 0xff, 0x00, 0x6a, 0xff, 0xff, 0x00, 0x6a, 0xff, 0xff,
0x00, 0x6a, 0xff, 0xff, 0x00, 0x6a, 0xff, 0xff, 0x00, 0x6a, 0xff, 0xff, 0x00, 0x6a, 0xff,
0xff, 0x00, 0x6a, 0xff, 0xff, 0x00, 0x6a, 0xff, 0xff, 0x00, 0x6a, 0xff, 0xff, 0x00, 0x6a,
0xff, 0xff, 0x00, 0x6a, 0xff, 0xff, 0x00, 0x6a, 0xff, 0xff, 0x00, 0x6a, 0xff, 0xff, 0x00,
0x6a, 0xff, 0xff, 0x00, 0x6a, 0xff, 0xff, 0x00, 0x6a, 0xff, 0xff, 0x00, 0x6a, 0xff, 0xff,
0x00, 0x6a, 0xff, 0xff, 0x00, 0x6a, 0xff, 0xed, 0xff, 0xff, 0xff, 0x00, 0xff, 0xff, 0xff,
0x00, 0xff, 0xff, 0xff, 0x00, 0xff, 0xff, 0xff, 0x00, 0xff, 0xff, 0xff, 0x00, 0xff, 0xff,
0xff, 0x00, 0xff, 0xff, 0xff, 0x00, 0xff, 0xff, 0xff, 0x00, 0xff, 0xff, 0xff, 0x00, 0xff,
0xff, 0xff, 0x00, 0xff, 0xff, 0xff, 0x00, 0xff, 0xff, 0xff, 0x00, 0xff, 0xff, 0xff, 0x00,
0xff, 0xff, 0xff, 0x00, 0xff, 0xff, 0xff, 0x00, 0xff, 0xff, 0xff, 0x00, 0xff, 0xff, 0xff,
0x00, 0x00, 0x6a, 0xff, 0xda, 0x00, 0x6a, 0xff, 0xff, 0x00, 0x6a, 0xff, 0xff, 0x00, 0x6a,
0xff, 0xff, 0x00, 0x6a, 0xff, 0xff, 0x00, 0x6a, 0xff, 0xff, 0x00, 0x6a, 0xff, 0xff, 0x00,
0x6a, 0xff, 0xff, 0x00, 0x6a, 0xff, 0xff, 0x00, 0x6a, 0xff, 0xff, 0x00, 0x6a, 0xff, 0xff,
0x00, 0x6a, 0xff, 0xff, 0x00, 0x6a, 0xff, 0xff, 0x00, 0x6a, 0xff, 0xff, 0x00, 0x6a, 0xff,
0xff, 0x00, 0x6a, 0xff, 0xff, 0x00, 0x6a, 0xff, 0xff, 0x00, 0x6a, 0xff, 0xff, 0x00, 0x6a,
0xff, 0xff, 0x00, 0x6a, 0xff, 0xff, 0x00, 0x6a, 0xff, 0xff, 0x00, 0x6a, 0xff, 0xff, 0x00,
0x6a, 0xff, 0xff, 0x00, 0x6a, 0xff, 0xff, 0x00, 0x6a, 0xff, 0xff, 0x00, 0x6a, 0xff, 0xff,
0x00, 0x61, 0xff, 0xff, 0x4e, 0x98, 0xff, 0xff, 0xff, 0xff, 0xfe, 0xff, 0xff, 0xff, 0xfe,
0xff, 0xfe, 0xfe, 0xfe, 0xff, 0xfe, 0xfe, 0xfe, 0xff, 0xfe, 0xfe, 0xfe, 0xff, 0xfe, 0xfe,
0xfe, 0xff, 0xfe, 0xfe, 0xfe, 0xff, 0xfe, 0xfe, 0xfe, 0xff, 0xfe, 0xfe, 0xfe, 0xff, 0xfe,
0xfe, 0xfe, 0xff, 0xfe, 0xfe, 0xfe, 0xff, 0xfe, 0xfe, 0xfe, 0xff, 0xfe, 0xfe, 0xfe, 0xff,
0xfe, 0xfe, 0xfe, 0xff, 0xfe, 0xfe, 0xfe, 0xff, 0xfe, 0xfe, 0xfe, 0xff, 0xfe, 0xfe, 0xfe,
0xff, 0xff, 0xff, 0xfe, 0xff, 0xff, 0xff, 0xfe, 0xff, 0xff, 0xff, 0xfe, 0xff, 0x96, 0xc1,
0xff, 0xff, 0x13, 0x71, 0xff, 0xff, 0x00, 0x63, 0xff, 0xff, 0x00, 0x6a, 0xff, 0xff, 0x00,
0x6a, 0xff, 0xff, 0x00, 0x6a, 0xff, 0xff, 0x00, 0x68, 0xff, 0xff, 0x00, 0x6a, 0xff, 0xff,
0x00, 0x6a, 0xff, 0xff, 0x00, 0x6a, 0xff, 0xff, 0x00, 0x69, 0xff, 0xff, 0x03, 0x6c, 0xff,
0xff, 0xd1, 0xe4, 0xfe, 0xff, 0xff, 0xff, 0xfe, 0xff, 0xfe, 0xfe, 0xfe, 0xff, 0xfe, 0xfe,
0xfe, 0xff, 0xfe, 0xfe, 0xfe, 0xff, 0xfe, 0xfe, 0xfe, 0xff, 0xfe, 0xfe, 0xfe, 0xff, 0xfe,
0xfe, 0xfe, 0xff, 0xfe, 0xfe, 0xfe, 0xff, 0xfe, 0xfe, 0xfe, 0xff, 0xfe, 0xfe, 0xfe, 0xff,
0xfe, 0xfe, 0xfe, 0xff, 0xfe, 0xfe, 0xfe, 0xff, 0xfe, 0xfe, 0xfe, 0xff, 0xfe, 0xfe, 0xfe,
0xff, 0xfe, 0xfe, 0xfe, 0xff, 0xfe, 0xfe, 0xfe, 0xff, 0xfe, 0xfe, 0xfe, 0xff, 0xfe, 0xfe,
0xfe, 0xff, 0xfe, 0xfe, 0xfe, 0xff, 0xfe, 0xfe, 0xfe, 0xff, 0xfe, 0xfe, 0xfe, 0xff, 0xfe,
0xfe, 0xfe, 0xff, 0xff, 0xff, 0xfe, 0xff, 0x60, 0xa2, 0xff, 0xff, 0x00, 0x61, 0xff, 0xff,
0x00, 0x6a, 0xff, 0xff, 0x00, 0x6a, 0xff, 0xff, 0x00, 0x6a, 0xff, 0xff, 0x00, 0x6a, 0xff,
0xff, 0x00, 0x6a, 0xff, 0xff, 0x00, 0x6a, 0xff, 0xff, 0x00, 0x6a, 0xff, 0xff, 0x00, 0x6a,
0xff, 0xff, 0x00, 0x6a, 0xff, 0xff, 0x00, 0x6a, 0xff, 0xff, 0x00, 0x6a, 0xff, 0xff, 0x00,
0x6a, 0xff, 0xff, 0x00, 0x6a, 0xff, 0xff, 0x00, 0x6a, 0xff, 0xff, 0x00, 0x6a, 0xff, 0xff,
0x00, 0x6a, 0xff, 0xff, 0x00, 0x6a, 0xff, 0xff, 0x00, 0x6a, 0xff, 0xff, 0x00, 0x6a, 0xff,
0xff, 0x00, 0x6a, 0xff, 0xff, 0x00, 0x6a, 0xff, 0xff, 0x00, 0x6a, 0xff, 0xff, 0x00, 0x6a,
0xff, 0xff, 0x00, 0x6a, 0xff, 0xff, 0x00, 0x6a, 0xff, 0xed, 0xff, 0xff, 0xff, 0x00, 0xff,
0xff, 0xff, 0x00, 0xff, 0xff, 0xff, 0x00, 0xff, 0xff, 0xff, 0x00, 0xff, 0xff, 0xff, 0x00,
0xff, 0xff, 0xff, 0x00, 0xff, 0xff, 0xff, 0x00, 0xff, 0xff, 0xff, 0x00, 0xff, 0xff, 0xff,
0x00, 0xff, 0xff, 0xff, 0x00, 0xff, 0xff, 0xff, 0x00, 0xff, 0xff, 0xff, 0x00, 0xff, 0xff,
0xff, 0x00, 0xff, 0xff, 0xff, 0x00, 0xff, 0xff, 0xff, 0x00, 0xff, 0xff, 0xff, 0x00, 0xff,
0xff, 0xff, 0x00, 0x00, 0x6a, 0xff, 0xd8, 0x00, 0x6a, 0xff, 0xff, 0x00, 0x6a, 0xff, 0xff,
0x00, 0x6a, 0xff, 0xff, 0x00, 0x6a, 0xff, 0xff, 0x00, 0x6a, 0xff, 0xff, 0x00, 0x6a, 0xff,
0xff, 0x00, 0x6a, 0xff, 0xff, 0x00, 0x6a, 0xff, 0xff, 0x00, 0x6a, 0xff, 0xff, 0x00, 0x6a,
0xff, 0xff, 0x00, 0x6a, 0xff, 0xff, 0x00, 0x6a, 0xff, 0xff, 0x00, 0x6a, 0xff, 0xff, 0x00,
0x6a, 0xff, 0xff, 0x00, 0x6a, 0xff, 0xff, 0x00, 0x6a, 0xff, 0xff, 0x00, 0x6a, 0xff, 0xff,
0x00, 0x6a, 0xff, 0xff, 0x00, 0x6a, 0xff, 0xff, 0x00, 0x6a, 0xff, 0xff, 0x00, 0x6a, 0xff,
0xff, 0x00, 0x6a, 0xff, 0xff, 0x00, 0x6a, 0xff, 0xff, 0x00, 0x6a, 0xff, 0xff, 0x00, 0x69,
0xff, 0xff, 0x07, 0x6c, 0xff, 0xff, 0xcd, 0xe1, 0xfe, 0xff, 0xff, 0xff, 0xfe, 0xff, 0xfe,
0xfe, 0xfe, 0xff, 0xfe, 0xfe, 0xfe, 0xff, 0xfe, 0xfe, 0xfe, 0xff, 0xfe, 0xfe, 0xfe, 0xff,
0xfe, 0xfe, 0xfe, 0xff, 0xfe, 0xfe, 0xfe, 0xff, 0xfe, 0xfe, 0xfe, 0xff, 0xfe, 0xfe, 0xfe,
0xff, 0xfe, 0xfe, 0xfe, 0xff, 0xfe, 0xfe, 0xfe, 0xff, 0xfe, 0xfe, 0xfe, 0xff, 0xfe, 0xfe,
0xfe, 0xff, 0xfe, 0xfe, 0xfe, 0xff, 0xfe, 0xfe, 0xfe, 0xff, 0xfe, 0xfe, 0xfe, 0xff, 0xff,
0xff, 0xfe, 0xff, 0xff, 0xff, 0xfe, 0xff, 0xc6, 0xdd, 0xff, 0xff, 0x3b, 0x8a, 0xff, 0xff,
0x00, 0x64, 0xff, 0xff, 0x00, 0x66, 0xff, 0xff, 0x00, 0x6a, 0xff, 0xff, 0x00, 0x6a, 0xff,
0xff, 0x00, 0x6a, 0xff, 0xff, 0x00, 0x65, 0xff, 0xff, 0x0c, 0x71, 0xff, 0xff, 0x05, 0x6d,
0xff, 0xff, 0x00, 0x6a, 0xff, 0xff, 0x00, 0x6a, 0xff, 0xff, 0x00, 0x69, 0xff, 0xff, 0x03,
0x6c, 0xff, 0xff, 0xd1, 0xe4, 0xfe, 0xff, 0xff, 0xff, 0xfe, 0xff, 0xfe, 0xfe, 0xfe, 0xff,
0xfe, 0xfe, 0xfe, 0xff, 0xfe, 0xfe, 0xfe, 0xff, 0xfe, 0xfe, 0xfe, 0xff, 0xfe, 0xfe, 0xfe,
0xff, 0xfe, 0xfe, 0xfe, 0xff, 0xfe, 0xfe, 0xfe, 0xff, 0xfe, 0xfe, 0xfe, 0xff, 0xfe, 0xfe,
0xfe, 0xff, 0xfe, 0xfe, 0xfe, 0xff, 0xfe, 0xfe, 0xfe, 0xff, 0xfe, 0xfe, 0xfe, 0xff, 0xfe,
0xfe, 0xfe, 0xff, 0xfe, 0xfe, 0xfe, 0xff, 0xfe, 0xfe, 0xfe, 0xff, 0xfe, 0xfe, 0xfe, 0xff,
0xfe, 0xfe, 0xfe, 0xff, 0xfe, 0xfe, 0xfe, 0xff, 0xfe, 0xfe, 0xfe, 0xff, 0xfe, 0xfe, 0xfe,
0xff, 0xfe, 0xfe, 0xfe, 0xff, 0xff, 0xff, 0xfe, 0xff, 0xcc, 0xe1, 0xfe, 0xff, 0x07, 0x6c,
0xff, 0xff, 0x00, 0x69, 0xff, 0xff, 0x00, 0x6a, 0xff, 0xff, 0x00, 0x6a, 0xff, 0xff, 0x00,
0x6a, 0xff, 0xff, 0x00, 0x6a, 0xff, 0xff, 0x00, 0x6a, 0xff, 0xff, 0x00, 0x6a, 0xff, 0xff,
0x00, 0x6a, 0xff, 0xff, 0x00, 0x6a, 0xff, 0xff, 0x00, 0x6a, 0xff, 0xff, 0x00, 0x6a, 0xff,
0xff, 0x00, 0x6a, 0xff, 0xff, 0x00, 0x6a, 0xff, 0xff, 0x00, 0x6a, 0xff, 0xff, 0x00, 0x6a,
0xff, 0xff, 0x00, 0x6a, 0xff, 0xff, 0x00, 0x6a, 0xff, 0xff, 0x00, 0x6a, 0xff, 0xff, 0x00,
0x6a, 0xff, 0xff, 0x00, 0x6a, 0xff, 0xff, 0x00, 0x6a, 0xff, 0xff, 0x00, 0x6a, 0xff, 0xff,
0x00, 0x6a, 0xff, 0xff, 0x00, 0x6a, 0xff, 0xff, 0x00, 0x6a, 0xff, 0xed, 0xff, 0xff, 0xff,
0x00, 0xff, 0xff, 0xff, 0x00, 0xff, 0xff, 0xff, 0x00, 0xff, 0xff, 0xff, 0x00, 0xff, 0xff,
0xff, 0x00, 0xff, 0xff, 0xff, 0x00, 0xff, 0xff, 0xff, 0x00, 0xff, 0xff, 0xff, 0x00, 0xff,
0xff, 0xff, 0x00, 0xff, 0xff, 0xff, 0x00, 0xff, 0xff, 0xff, 0x00, 0xff, 0xff, 0xff, 0x00,
0xff, 0xff, 0xff, 0x00, 0xff, 0xff, 0xff, 0x00, 0xff, 0xff, 0xff, 0x00, 0xff, 0xff, 0xff,
0x00, 0xff, 0xff, 0xff, 0x00, 0x00, 0x6a, 0xfe, 0xd4, 0x00, 0x6a, 0xff, 0xff, 0x00, 0x6a,
0xff, 0xff, 0x00, 0x6a, 0xff, 0xff, 0x00, 0x6a, 0xff, 0xff, 0x00, 0x6a, 0xff, 0xff, 0x00,
0x6a, 0xff, 0xff, 0x00, 0x6a, 0xff, 0xff, 0x00, 0x6a, 0xff, 0xff, 0x00, 0x6a, 0xff, 0xff,
0x00, 0x6a, 0xff, 0xff, 0x00, 0x6a, 0xff, 0xff, 0x00, 0x6a, 0xff, 0xff, 0x00, 0x6a, 0xff,
0xff, 0x00, 0x6a, 0xff, 0xff, 0x00, 0x6a, 0xff, 0xff, 0x00, 0x6a, 0xff, 0xff, 0x00, 0x6a,
0xff, 0xff, 0x00, 0x6a, 0xff, 0xff, 0x00, 0x6a, 0xff, 0xff, 0x00, 0x6a, 0xff, 0xff, 0x00,
0x6a, 0xff, 0xff, 0x00, 0x6a, 0xff, 0xff, 0x00, 0x6a, 0xff, 0xff, 0x00, 0x6a, 0xff, 0xff,
0x00, 0x63, 0xff, 0xff, 0x4a, 0x96, 0xff, 0xff, 0xff, 0xff, 0xfe, 0xff, 0xff, 0xfe, 0xfe,
0xff, 0xfe, 0xfe, 0xfe, 0xff, 0xfe, 0xfe, 0xfe, 0xff, 0xfe, 0xfe, 0xfe, 0xff, 0xfe, 0xfe,
0xfe, 0xff, 0xfe, 0xfe, 0xfe, 0xff, 0xfe, 0xfe, 0xfe, 0xff, 0xfe, 0xfe, 0xfe, 0xff, 0xfe,
0xfe, 0xfe, 0xff, 0xfe, 0xfe, 0xfe, 0xff, 0xfe, 0xfe, 0xfe, 0xff, 0xfe, 0xfe, 0xfe, 0xff,
0xfe, 0xfe, 0xfe, 0xff, 0xfe, 0xfe, 0xfe, 0xff, 0xfe, 0xfe, 0xfe, 0xff, 0xff, 0xff, 0xfe,
0xff, 0xd6, 0xe7, 0xff, 0xff, 0x4f, 0x96, 0xff, 0xff, 0x06, 0x6a, 0xff, 0xff, 0x00, 0x63,
0xff, 0xff, 0x00, 0x6a, 0xff, 0xff, 0x00, 0x6a, 0xff, 0xff, 0x00, 0x6a, 0xff, 0xff, 0x00,
0x69, 0xff, 0xff, 0x00, 0x60, 0xff, 0xff, 0x42, 0x90, 0xff, 0xff, 0xbb, 0xd7, 0xfe, 0xff,
0x09, 0x6f, 0xff, 0xff, 0x00, 0x68, 0xff, 0xff, 0x00, 0x6a, 0xff, 0xff, 0x00, 0x69, 0xff,
0xff, 0x03, 0x6c, 0xff, 0xff, 0xd1, 0xe4, 0xfe, 0xff, 0xff, 0xff, 0xfe, 0xff, 0xfe, 0xfe,
0xfe, 0xff, 0xfe, 0xfe, 0xfe, 0xff, 0xfe, 0xfe, 0xfe, 0xff, 0xfe, 0xfe, 0xfe, 0xff, 0xfe,
0xfe, 0xfe, 0xff, 0xfe, 0xfe, 0xfe, 0xff, 0xfe, 0xfe, 0xfe, 0xff, 0xfe, 0xfe, 0xfe, 0xff,
0xfe, 0xfe, 0xfe, 0xff, 0xfe, 0xfe, 0xfe, 0xff, 0xfe, 0xfe, 0xfe, 0xff, 0xfe, 0xfe, 0xfe,
0xff, 0xfe, 0xfe, 0xfe, 0xff, 0xfe, 0xfe, 0xfe, 0xff, 0xfe, 0xfe, 0xfe, 0xff, 0xfe, 0xfe,
0xfe, 0xff, 0xfe, 0xfe, 0xfe, 0xff, 0xfe, 0xfe, 0xfe, 0xff, 0xfe, 0xfe, 0xfe, 0xff, 0xfe,
0xfe, 0xfe, 0xff, 0xfe, 0xfe, 0xfe, 0xff, 0xff, 0xfe, 0xfe, 0xff, 0xff, 0xff, 0xfe, 0xff,
0x4a, 0x96, 0xff, 0xff, 0x00, 0x63, 0xff, 0xff, 0x00, 0x6a, 0xff, 0xff, 0x00, 0x6a, 0xff,
0xff, 0x00, 0x6a, 0xff, 0xff, 0x00, 0x6a, 0xff, 0xff, 0x00, 0x6a, 0xff, 0xff, 0x00, 0x6a,
0xff, 0xff, 0x00, 0x6a, 0xff, 0xff, 0x00, 0x6a, 0xff, 0xff, 0x00, 0x6a, 0xff, 0xff, 0x00,
0x6a, 0xff, 0xff, 0x00, 0x6a, 0xff, 0xff, 0x00, 0x6a, 0xff, 0xff, 0x00, 0x6a, 0xff, 0xff,
0x00, 0x6a, 0xff, 0xff, 0x00, 0x6a, 0xff, 0xff, 0x00, 0x6a, 0xff, 0xff, 0x00, 0x6a, 0xff,
0xff, 0x00, 0x6a, 0xff, 0xff, 0x00, 0x6a, 0xff, 0xff, 0x00, 0x6a, 0xff, 0xff, 0x00, 0x6a,
0xff, 0xff, 0x00, 0x6a, 0xff, 0xff, 0x00, 0x6a, 0xff, 0xff, 0x00, 0x6a, 0xff, 0xed, 0xff,
0xff, 0xff, 0x00, 0xff, 0xff, 0xff, 0x00, 0xff, 0xff, 0xff, 0x00, 0xff, 0xff, 0xff, 0x00,
0xff, 0xff, 0xff, 0x00, 0xff, 0xff, 0xff, 0x00, 0xff, 0xff, 0xff, 0x00, 0xff, 0xff, 0xff,
0x00, 0xff, 0xff, 0xff, 0x00, 0xff, 0xff, 0xff, 0x00, 0xff, 0xff, 0xff, 0x00, 0xff, 0xff,
0xff, 0x00, 0xff, 0xff, 0xff, 0x00, 0xff, 0xff, 0xff, 0x00, 0xff, 0xff, 0xff, 0x00, 0xff,
0xff, 0xff, 0x00, 0xff, 0xff, 0xff, 0x00, 0x00, 0x6a, 0xfe, 0xce, 0x00, 0x6a, 0xff, 0xff,
0x00, 0x6a, 0xff, 0xff, 0x00, 0x6a, 0xff, 0xff, 0x00, 0x6a, 0xff, 0xff, 0x00, 0x6a, 0xff,
0xff, 0x00, 0x6a, 0xff, 0xff, 0x00, 0x6a, 0xff, 0xff, 0x00, 0x6a, 0xff, 0xff, 0x00, 0x6a,
0xff, 0xff, 0x00, 0x6a, 0xff, 0xff, 0x00, 0x6a, 0xff, 0xff, 0x00, 0x6a, 0xff, 0xff, 0x00,
0x6a, 0xff, 0xff, 0x00, 0x6a, 0xff, 0xff, 0x00, 0x6a, 0xff, 0xff, 0x00, 0x6a, 0xff, 0xff,
0x00, 0x6a, 0xff, 0xff, 0x00, 0x6a, 0xff, 0xff, 0x00, 0x6a, 0xff, 0xff, 0x00, 0x6a, 0xff,
0xff, 0x00, 0x6a, 0xff, 0xff, 0x00, 0x6a, 0xff, 0xff, 0x00, 0x6a, 0xff, 0xff, 0x00, 0x6a,
0xff, 0xff, 0x00, 0x62, 0xff, 0xff, 0x98, 0xc2, 0xff, 0xff, 0xff, 0xff, 0xfe, 0xff, 0xfe,
0xfe, 0xfe, 0xff, 0xfe, 0xfe, 0xfe, 0xff, 0xfe, 0xfe, 0xfe, 0xff, 0xfe, 0xfe, 0xfe, 0xff,
0xfe, 0xfe, 0xfe, 0xff, 0xfe, 0xfe, 0xfe, 0xff, 0xfe, 0xfe, 0xfe, 0xff, 0xfe, 0xfe, 0xfe,
0xff, 0xfe, 0xfe, 0xfe, 0xff, 0xfe, 0xfe, 0xfe, 0xff, 0xfe, 0xfe, 0xfe, 0xff, 0xfe, 0xfe,
0xfe, 0xff, 0xfe, 0xfe, 0xfe, 0xff, 0xfe, 0xfe, 0xfe, 0xff, 0xfe, 0xfe, 0xfe, 0xff, 0xff,
0xff, 0xfe, 0xff, 0x7b, 0xb2, 0xff, 0xff, 0x00, 0x59, 0xff, 0xff, 0x00, 0x68, 0xff, 0xff,
0x00, 0x6a, 0xff, 0xff, 0x00, 0x6a, 0xff, 0xff, 0x00, 0x6a, 0xff, 0xff, 0x00, 0x65, 0xff,
0xff, 0x00, 0x66, 0xff, 0xff, 0x71, 0xab, 0xff, 0xff, 0xf7, 0xfb, 0xfe, 0xff, 0xdd, 0xeb,
0xfe, 0xff, 0x04, 0x6d, 0xff, 0xff, 0x00, 0x68, 0xff, 0xff, 0x00, 0x6a, 0xff, 0xff, 0x00,
0x69, 0xff, 0xff, 0x03, 0x6c, 0xff, 0xff, 0xd1, 0xe4, 0xfe, 0xff, 0xff, 0xff, 0xfe, 0xff,
0xfe, 0xfe, 0xfe, 0xff, 0xfe, 0xfe, 0xfe, 0xff, 0xfe, 0xfe, 0xfe, 0xff, 0xfe, 0xfe, 0xfe,
0xff, 0xfe, 0xfe, 0xfe, 0xff, 0xfe, 0xfe, 0xfe, 0xff, 0xfe, 0xfe, 0xfe, 0xff, 0xfe, 0xfe,
0xfe, 0xff, 0xfe, 0xfe, 0xfe, 0xff, 0xfe, 0xfe, 0xfe, 0xff, 0xfe, 0xfe, 0xfe, 0xff, 0xfe,
0xfe, 0xfe, 0xff, 0xfe, 0xfe, 0xfe, 0xff, 0xfe, 0xfe, 0xfe, 0xff, 0xfe, 0xfe, 0xfe, 0xff,
0xfe, 0xfe, 0xfe, 0xff, 0xfe, 0xfe, 0xfe, 0xff, 0xfe, 0xfe, 0xfe, 0xff, 0xfe, 0xfe, 0xfe,
0xff, 0xfe, 0xfe, 0xfe, 0xff, 0xfe, 0xfe, 0xfe, 0xff, 0xfe, 0xfe, 0xfe, 0xff, 0xff, 0xff,
0xfe, 0xff, 0x98, 0xc2, 0xff, 0xff, 0x00, 0x62, 0xff, 0xff, 0x00, 0x6a, 0xff, 0xff, 0x00,
0x6a, 0xff, 0xff, 0x00, 0x6a, 0xff, 0xff, 0x00, 0x6a, 0xff, 0xff, 0x00, 0x6a, 0xff, 0xff,
0x00, 0x6a, 0xff, 0xff, 0x00, 0x6a, 0xff, 0xff, 0x00, 0x6a, 0xff, 0xff, 0x00, 0x6a, 0xff,
0xff, 0x00, 0x6a, 0xff, 0xff, 0x00, 0x6a, 0xff, 0xff, 0x00, 0x6a, 0xff, 0xff, 0x00, 0x6a,
0xff, 0xff, 0x00, 0x6a, 0xff, 0xff, 0x00, 0x6a, 0xff, 0xff, 0x00, 0x6a, 0xff, 0xff, 0x00,
0x6a, 0xff, 0xff, 0x00, 0x6a, 0xff, 0xff, 0x00, 0x6a, 0xff, 0xff, 0x00, 0x6a, 0xff, 0xff,
0x00, 0x6a, 0xff, 0xff, 0x00, 0x6a, 0xff, 0xff, 0x00, 0x6a, 0xff, 0xff, 0x00, 0x6a, 0xff,
0xed, 0xff, 0xff, 0xff, 0x00, 0xff, 0xff, 0xff, 0x00, 0xff, 0xff, 0xff, 0x00, 0xff, 0xff,
0xff, 0x00, 0xff, 0xff, 0xff, 0x00, 0xff, 0xff, 0xff, 0x00, 0xff, 0xff, 0xff, 0x00, 0xff,
0xff, 0xff, 0x00, 0xff, 0xff, 0xff, 0x00, 0xff, 0xff, 0xff, 0x00, 0xff, 0xff, 0xff, 0x00,
0xff, 0xff, 0xff, 0x00, 0xff, 0xff, 0xff, 0x00, 0xff, 0xff, 0xff, 0x00, 0xff, 0xff, 0xff,
0x00, 0xff, 0xff, 0xff, 0x00, 0xff, 0xff, 0xff, 0x00, 0x00, 0x69, 0xfd, 0xc6, 0x00, 0x6a,
0xff, 0xff, 0x00, 0x6a, 0xff, 0xff, 0x00, 0x6a, 0xff, 0xff, 0x00, 0x6a, 0xff, 0xff, 0x00,
0x6a, 0xff, 0xff, 0x00, 0x6a, 0xff, 0xff, 0x00, 0x6a, 0xff, 0xff, 0x00, 0x6a, 0xff, 0xff,
0x00, 0x6a, 0xff, 0xff, 0x00, 0x6a, 0xff, 0xff, 0x00, 0x6a, 0xff, 0xff, 0x00, 0x6a, 0xff,
0xff, 0x00, 0x6a, 0xff, 0xff, 0x00, 0x6a, 0xff, 0xff, 0x00, 0x6a, 0xff, 0xff, 0x00, 0x6a,
0xff, 0xff, 0x00, 0x6a, 0xff, 0xff, 0x00, 0x6a, 0xff, 0xff, 0x00, 0x6a, 0xff, 0xff, 0x00,
0x6a, 0xff, 0xff, 0x00, 0x6a, 0xff, 0xff, 0x00, 0x6a, 0xff, 0xff, 0x00, 0x6a, 0xff, 0xff,
0x00, 0x67, 0xff, 0xff, 0x16, 0x77, 0xff, 0xff, 0xec, 0xf3, 0xfe, 0xff, 0xff, 0xff, 0xfe,
0xff, 0xfe, 0xfe, 0xfe, 0xff, 0xfe, 0xfe, 0xfe, 0xff, 0xfe, 0xfe, 0xfe, 0xff, 0xfe, 0xfe,
0xfe, 0xff, 0xfe, 0xfe, 0xfe, 0xff, 0xfe, 0xfe, 0xfe, 0xff, 0xfe, 0xfe, 0xfe, 0xff, 0xfe,
0xfe, 0xfe, 0xff, 0xfe, 0xfe, 0xfe, 0xff, 0xfe, 0xfe, 0xfe, 0xff, 0xfe, 0xfe, 0xfe, 0xff,
0xfe, 0xfe, 0xfe, 0xff, 0xfe, 0xfe, 0xfe, 0xff, 0xfe, 0xfe, 0xfe, 0xff, 0xfe, 0xfe, 0xfe,
0xff, 0xff, 0xff, 0xfe, 0xff, 0x7f, 0xb4, 0xff, 0xff, 0x00, 0x60, 0xff, 0xff, 0x00, 0x6a,
0xff, 0xff, 0x00, 0x6a, 0xff, 0xff, 0x00, 0x67, 0xff, 0xff, 0x00, 0x5f, 0xff, 0xff, 0x26,
0x7f, 0xff, 0xff, 0xbc, 0xd8, 0xff, 0xff, 0xff, 0xff, 0xfe, 0xff, 0xff, 0xff, 0xfe, 0xff,
0xd4, 0xe6, 0xfe, 0xff, 0x04, 0x6d, 0xff, 0xff, 0x00, 0x68, 0xff, 0xff, 0x00, 0x6a, 0xff,
0xff, 0x00, 0x69, 0xff, 0xff, 0x03, 0x6c, 0xff, 0xff, 0xd1, 0xe4, 0xfe, 0xff, 0xff, 0xff,
0xfe, 0xff, 0xfe, 0xfe, 0xfe, 0xff, 0xfe, 0xfe, 0xfe, 0xff, 0xfe, 0xfe, 0xfe, 0xff, 0xfe,
0xfe, 0xfe, 0xff, 0xfe, 0xfe, 0xfe, 0xff, 0xfe, 0xfe, 0xfe, 0xff, 0xfe, 0xfe, 0xfe, 0xff,
0xfe, 0xfe, 0xfe, 0xff, 0xfe, 0xfe, 0xfe, 0xff, 0xfe, 0xfe, 0xfe, 0xff, 0xfe, 0xfe, 0xfe,
0xff, 0xfe, 0xfe, 0xfe, 0xff, 0xfe, 0xfe, 0xfe, 0xff, 0xfe, 0xfe, 0xfe, 0xff, 0xfe, 0xfe,
0xfe, 0xff, 0xfe, 0xfe, 0xfe, 0xff, 0xfe, 0xfe, 0xfe, 0xff, 0xfe, 0xfe, 0xfe, 0xff, 0xfe,
0xfe, 0xfe, 0xff, 0xfe, 0xfe, 0xfe, 0xff, 0xfe, 0xfe, 0xfe, 0xff, 0xfe, 0xfe, 0xfe, 0xff,
0xff, 0xff, 0xfe, 0xff, 0xeb, 0xf3, 0xfe, 0xff, 0x16, 0x77, 0xff, 0xff, 0x00, 0x67, 0xff,
0xff, 0x00, 0x6a, 0xff, 0xff, 0x00, 0x6a, 0xff, 0xff, 0x00, 0x6a, 0xff, 0xff, 0x00, 0x6a,
0xff, 0xff, 0x00, 0x6a, 0xff, 0xff, 0x00, 0x6a, 0xff, 0xff, 0x00, 0x6a, 0xff, 0xff, 0x00,
0x6a, 0xff, 0xff, 0x00, 0x6a, 0xff, 0xff, 0x00, 0x6a, 0xff, 0xff, 0x00, 0x6a, 0xff, 0xff,
0x00, 0x6a, 0xff, 0xff, 0x00, 0x6a, 0xff, 0xff, 0x00, 0x6a, 0xff, 0xff, 0x00, 0x6a, 0xff,
0xff, 0x00, 0x6a, 0xff, 0xff, 0x00, 0x6a, 0xff, 0xff, 0x00, 0x6a, 0xff, 0xff, 0x00, 0x6a,
0xff, 0xff, 0x00, 0x6a, 0xff, 0xff, 0x00, 0x6a, 0xff, 0xff, 0x00, 0x6a, 0xff, 0xff, 0x00,
0x6a, 0xff, 0xed, 0xff, 0xff, 0xff, 0x00, 0xff, 0xff, 0xff, 0x00, 0xff, 0xff, 0xff, 0x00,
0xff, 0xff, 0xff, 0x00, 0xff, 0xff, 0xff, 0x00, 0xff, 0xff, 0xff, 0x00, 0xff, 0xff, 0xff,
0x00, 0xff, 0xff, 0xff, 0x00, 0xff, 0xff, 0xff, 0x00, 0xff, 0xff, 0xff, 0x00, 0xff, 0xff,
0xff, 0x00, 0xff, 0xff, 0xff, 0x00, 0xff, 0xff, 0xff, 0x00, 0xff, 0xff, 0xff, 0x00, 0xff,
0xff, 0xff, 0x00, 0xff, 0xff, 0xff, 0x00, 0xff, 0xff, 0xff, 0x00, 0x00, 0x69, 0xfb, 0xbb,
0x00, 0x6a, 0xff, 0xff, 0x00, 0x6a, 0xff, 0xff, 0x00, 0x6a, 0xff, 0xff, 0x00, 0x6a, 0xff,
0xff, 0x00, 0x6a, 0xff, 0xff, 0x00, 0x6a, 0xff, 0xff, 0x00, 0x6a, 0xff, 0xff, 0x00, 0x6a,
0xff, 0xff, 0x00, 0x6a, 0xff, 0xff, 0x00, 0x6a, 0xff, 0xff, 0x00, 0x6a, 0xff, 0xff, 0x00,
0x6a, 0xff, 0xff, 0x00, 0x6a, 0xff, 0xff, 0x00, 0x6a, 0xff, 0xff, 0x00, 0x6a, 0xff, 0xff,
0x00, 0x6a, 0xff, 0xff, 0x00, 0x6a, 0xff, 0xff, 0x00, 0x6a, 0xff, 0xff, 0x00, 0x6a, 0xff,
0xff, 0x00, 0x6a, 0xff, 0xff, 0x00, 0x6a, 0xff, 0xff, 0x00, 0x6a, 0xff, 0xff, 0x00, 0x6a,
0xff, 0xff, 0x00, 0x62, 0xff, 0xff, 0x4f, 0x98, 0xff, 0xff, 0xff, 0xff, 0xfe, 0xff, 0xff,
0xfe, 0xfe, 0xff, 0xfe, 0xfe, 0xfe, 0xff, 0xfe, 0xfe, 0xfe, 0xff, 0xfe, 0xfe, 0xfe, 0xff,
0xfe, 0xfe, 0xfe, 0xff, 0xfe, 0xfe, 0xfe, 0xff, 0xfe, 0xfe, 0xfe, 0xff, 0xfe, 0xfe, 0xfe,
0xff, 0xfe, 0xfe, 0xfe, 0xff, 0xfe, 0xfe, 0xfe, 0xff, 0xfe, 0xfe, 0xfe, 0xff, 0xfe, 0xfe,
0xfe, 0xff, 0xfe, 0xfe, 0xfe, 0xff, 0xfe, 0xfe, 0xfe, 0xff, 0xfe, 0xfe, 0xfe, 0xff, 0xfe,
0xfe, 0xfe, 0xff, 0xff, 0xff, 0xfe, 0xff, 0x7f, 0xb4, 0xff, 0xff, 0x00, 0x60, 0xff, 0xff,
0x00, 0x68, 0xff, 0xff, 0x00, 0x60, 0xff, 0xff, 0x0f, 0x71, 0xff, 0xff, 0x86, 0xb7, 0xff,
0xff, 0xec, 0xf4, 0xfe, 0xff, 0xff, 0xff, 0xfe, 0xff, 0xff, 0xff, 0xfe, 0xff, 0xff, 0xff,
0xfe, 0xff, 0xd4, 0xe6, 0xfe, 0xff, 0x04, 0x6d, 0xff, 0xff, 0x00, 0x68, 0xff, 0xff, 0x00,
0x6a, 0xff, 0xff, 0x00, 0x69, 0xff, 0xff, 0x03, 0x6c, 0xff, 0xff, 0xd1, 0xe4, 0xfe, 0xff,
0xff, 0xff, 0xfe, 0xff, 0xfe, 0xfe, 0xfe, 0xff, 0xfe, 0xfe, 0xfe, 0xff, 0xfe, 0xfe, 0xfe,
0xff, 0xfe, 0xfe, 0xfe, 0xff, 0xfe, 0xfe, 0xfe, 0xff, 0xfe, 0xfe, 0xfe, 0xff, 0xfe, 0xfe,
0xfe, 0xff, 0xfe, 0xfe, 0xfe, 0xff, 0xfe, 0xfe, 0xfe, 0xff, 0xfe, 0xfe, 0xfe, 0xff, 0xfe,
0xfe, 0xfe, 0xff, 0xfe, 0xfe, 0xfe, 0xff, 0xfe, 0xfe, 0xfe, 0xff, 0xfe, 0xfe, 0xfe, 0xff,
0xfe, 0xfe, 0xfe, 0xff, 0xfe, 0xfe, 0xfe, 0xff, 0xfe, 0xfe, 0xfe, 0xff, 0xfe, 0xfe, 0xfe,
0xff, 0xfe, 0xfe, 0xfe, 0xff, 0xfe, 0xfe, 0xfe, 0xff, 0xfe, 0xfe, 0xfe, 0xff, 0xfe, 0xfe,
0xfe, 0xff, 0xff, 0xfe, 0xfe, 0xff, 0xff, 0xff, 0xfe, 0xff, 0x4f, 0x98, 0xff, 0xff, 0x00,
0x62, 0xff, 0xff, 0x00, 0x6a, 0xff, 0xff, 0x00, 0x6a, 0xff, 0xff, 0x00, 0x6a, 0xff, 0xff,
0x00, 0x6a, 0xff, 0xff, 0x00, 0x6a, 0xff, 0xff, 0x00, 0x6a, 0xff, 0xff, 0x00, 0x6a, 0xff,
0xff, 0x00, 0x6a, 0xff, 0xff, 0x00, 0x6a, 0xff, 0xff, 0x00, 0x6a, 0xff, 0xff, 0x00, 0x6a,
0xff, 0xff, 0x00, 0x6a, 0xff, 0xff, 0x00, 0x6a, 0xff, 0xff, 0x00, 0x6a, 0xff, 0xff, 0x00,
0x6a, 0xff, 0xff, 0x00, 0x6a, 0xff, 0xff, 0x00, 0x6a, 0xff, 0xff, 0x00, 0x6a, 0xff, 0xff,
0x00, 0x6a, 0xff, 0xff, 0x00, 0x6a, 0xff, 0xff, 0x00, 0x6a, 0xff, 0xff, 0x00, 0x6a, 0xff,
0xff, 0x00, 0x6a, 0xff, 0xed, 0xff, 0xff, 0xff, 0x00, 0xff, 0xff, 0xff, 0x00, 0xff, 0xff,
0xff, 0x00, 0xff, 0xff, 0xff, 0x00, 0xff, 0xff, 0xff, 0x00, 0xff, 0xff, 0xff, 0x00, 0xff,
0xff, 0xff, 0x00, 0xff, 0xff, 0xff, 0x00, 0xff, 0xff, 0xff, 0x00, 0xff, 0xff, 0xff, 0x00,
0xff, 0xff, 0xff, 0x00, 0xff, 0xff, 0xff, 0x00, 0xff, 0xff, 0xff, 0x00, 0xff, 0xff, 0xff,
0x00, 0xff, 0xff, 0xff, 0x00, 0xff, 0xff, 0xff, 0x00, 0xff, 0xff, 0xff, 0x00, 0x00, 0x6b,
0xff, 0xa8, 0x00, 0x6a, 0xff, 0xff, 0x00, 0x6a, 0xff, 0xff, 0x00, 0x6a, 0xff, 0xff, 0x00,
0x6a, 0xff, 0xff, 0x00, 0x6a, 0xff, 0xff, 0x00, 0x6a, 0xff, 0xff, 0x00, 0x6a, 0xff, 0xff,
0x00, 0x6a, 0xff, 0xff, 0x00, 0x6a, 0xff, 0xff, 0x00, 0x6a, 0xff, 0xff, 0x00, 0x6a, 0xff,
0xff, 0x00, 0x6a, 0xff, 0xff, 0x00, 0x6a, 0xff, 0xff, 0x00, 0x6a, 0xff, 0xff, 0x00, 0x6a,
0xff, 0xff, 0x00, 0x6a, 0xff, 0xff, 0x00, 0x6a, 0xff, 0xff, 0x00, 0x6a, 0xff, 0xff, 0x00,
0x6a, 0xff, 0xff, 0x00, 0x6a, 0xff, 0xff, 0x00, 0x6a, 0xff, 0xff, 0x00, 0x6a, 0xff, 0xff,
0x00, 0x6a, 0xff, 0xff, 0x00, 0x61, 0xff, 0xff, 0x7c, 0xb2, 0xff, 0xff, 0xff, 0xff, 0xfe,
0xff, 0xfe, 0xfe, 0xfe, 0xff, 0xfe, 0xfe, 0xfe, 0xff, 0xfe, 0xfe, 0xfe, 0xff, 0xfe, 0xfe,
0xfe, 0xff, 0xfe, 0xfe, 0xfe, 0xff, 0xfe, 0xfe, 0xfe, 0xff, 0xfe, 0xfe, 0xfe, 0xff, 0xfe,
0xfe, 0xfe, 0xff, 0xfe, 0xfe, 0xfe, 0xff, 0xfe, 0xfe, 0xfe, 0xff, 0xfe, 0xfe, 0xfe, 0xff,
0xfe, 0xfe, 0xfe, 0xff, 0xfe, 0xfe, 0xfe, 0xff, 0xfe, 0xfe, 0xfe, 0xff, 0xfe, 0xfe, 0xfe,
0xff, 0xfe, 0xfe, 0xfe, 0xff, 0xff, 0xff, 0xfe, 0xff, 0x7a, 0xb1, 0xff, 0xff, 0x00, 0x56,
0xff, 0xff, 0x0b, 0x6e, 0xff, 0xff, 0x72, 0xaa, 0xff, 0xff, 0xd6, 0xe7, 0xff, 0xff, 0xff,
0xff, 0xfe, 0xff, 0xff, 0xff, 0xfe, 0xff, 0xfe, 0xfe, 0xfe, 0xff, 0xfe, 0xfe, 0xfe, 0xff,
0xff, 0xff, 0xfe, 0xff, 0xd4, 0xe6, 0xfe, 0xff, 0x04, 0x6d, 0xff, 0xff, 0x00, 0x68, 0xff,
0xff, 0x00, 0x6a, 0xff, 0xff, 0x00, 0x69, 0xff, 0xff, 0x03, 0x6c, 0xff, 0xff, 0xd1, 0xe4,
0xfe, 0xff, 0xff, 0xff, 0xfe, 0xff, 0xfe, 0xfe, 0xfe, 0xff, 0xfe, 0xfe, 0xfe, 0xff, 0xfe,
0xfe, 0xfe, 0xff, 0xfe, 0xfe, 0xfe, 0xff, 0xfe, 0xfe, 0xfe, 0xff, 0xfe, 0xfe, 0xfe, 0xff,
0xfe, 0xfe, 0xfe, 0xff, 0xfe, 0xfe, 0xfe, 0xff, 0xfe, 0xfe, 0xfe, 0xff, 0xfe, 0xfe, 0xfe,
0xff, 0xfe, 0xfe, 0xfe, 0xff, 0xfe, 0xfe, 0xfe, 0xff, 0xfe, 0xfe, 0xfe, 0xff, 0xfe, 0xfe,
0xfe, 0xff, 0xfe, 0xfe, 0xfe, 0xff, 0xfe, 0xfe, 0xfe, 0xff, 0xfe, 0xfe, 0xfe, 0xff, 0xfe,
0xfe, 0xfe, 0xff, 0xfe, 0xfe, 0xfe, 0xff, 0xfe, 0xfe, 0xfe, 0xff, 0xfe, 0xfe, 0xfe, 0xff,
0xfe, 0xfe, 0xfe, 0xff, 0xfe, 0xfe, 0xfe, 0xff, 0xff, 0xff, 0xfe, 0xff, 0x7b, 0xb2, 0xff,
0xff, 0x00, 0x61, 0xff, 0xff, 0x00, 0x6a, 0xff, 0xff, 0x00, 0x6a, 0xff, 0xff, 0x00, 0x6a,
0xff, 0xff, 0x00, 0x6a, 0xff, 0xff, 0x00, 0x6a, 0xff, 0xff, 0x00, 0x6a, 0xff, 0xff, 0x00,
0x6a, 0xff, 0xff, 0x00, 0x6a, 0xff, 0xff, 0x00, 0x6a, 0xff, 0xff, 0x00, 0x6a, 0xff, 0xff,
0x00, 0x6a, 0xff, 0xff, 0x00, 0x6a, 0xff, 0xff, 0x00, 0x6a, 0xff, 0xff, 0x00, 0x6a, 0xff,
0xff, 0x00, 0x6a, 0xff, 0xff, 0x00, 0x6a, 0xff, 0xff, 0x00, 0x6a, 0xff, 0xff, 0x00, 0x6a,
0xff, 0xff, 0x00, 0x6a, 0xff, 0xff, 0x00, 0x6a, 0xff, 0xff, 0x00, 0x6a, 0xff, 0xff, 0x00,
0x6a, 0xff, 0xff, 0x00, 0x6a, 0xff, 0xed, 0xff, 0xff, 0xff, 0x00, 0xff, 0xff, 0xff, 0x00,
0xff, 0xff, 0xff, 0x00, 0xff, 0xff, 0xff, 0x00, 0xff, 0xff, 0xff, 0x00, 0xff, 0xff, 0xff,
0x00, 0xff, 0xff, 0xff, 0x00, 0xff, 0xff, 0xff, 0x00, 0xff, 0xff, 0xff, 0x00, 0xff, 0xff,
0xff, 0x00, 0xff, 0xff, 0xff, 0x00, 0xff, 0xff, 0xff, 0x00, 0xff, 0xff, 0xff, 0x00, 0xff,
0xff, 0xff, 0x00, 0xff, 0xff, 0xff, 0x00, 0xff, 0xff, 0xff, 0x00, 0xff, 0xff, 0xff, 0x00,
0x00, 0x62, 0xee, 0x8f, 0x00, 0x6b, 0xff, 0xff, 0x00, 0x6a, 0xff, 0xff, 0x00, 0x6a, 0xff,
0xff, 0x00, 0x6a, 0xff, 0xff, 0x00, 0x6a, 0xff, 0xff, 0x00, 0x6a, 0xff, 0xff, 0x00, 0x6a,
0xff, 0xff, 0x00, 0x6a, 0xff, 0xff, 0x00, 0x6a, 0xff, 0xff, 0x00, 0x6a, 0xff, 0xff, 0x00,
0x6a, 0xff, 0xff, 0x00, 0x6a, 0xff, 0xff, 0x00, 0x6a, 0xff, 0xff, 0x00, 0x6a, 0xff, 0xff,
0x00, 0x6a, 0xff, 0xff, 0x00, 0x6a, 0xff, 0xff, 0x00, 0x6a, 0xff, 0xff, 0x00, 0x6a, 0xff,
0xff, 0x00, 0x6a, 0xff, 0xff, 0x00, 0x6a, 0xff, 0xff, 0x00, 0x6a, 0xff, 0xff, 0x00, 0x6a,
0xff, 0xff, 0x00, 0x6a, 0xff, 0xff, 0x00, 0x66, 0xff, 0xff, 0xb9, 0xd6, 0xff, 0xff, 0xff,
0xff, 0xfe, 0xff, 0xfe, 0xfe, 0xfe, 0xff, 0xfe, 0xfe, 0xfe, 0xff, 0xfe, 0xfe, 0xfe, 0xff,
0xfe, 0xfe, 0xfe, 0xff, 0xfe, 0xfe, 0xfe, 0xff, 0xfe, 0xfe, 0xfe, 0xff, 0xfe, 0xfe, 0xfe,
0xff, 0xfe, 0xfe, 0xfe, 0xff, 0xfe, 0xfe, 0xfe, 0xff, 0xfe, 0xfe, 0xfe, 0xff, 0xfe, 0xfe,
0xfe, 0xff, 0xfe, 0xfe, 0xfe, 0xff, 0xfe, 0xfe, 0xfe, 0xff, 0xfe, 0xfe, 0xfe, 0xff, 0xfe,
0xfe, 0xfe, 0xff, 0xfe, 0xfe, 0xfe, 0xff, 0xff, 0xff, 0xfe, 0xff, 0x99, 0xc3, 0xff, 0xff,
0x78, 0xac, 0xff, 0xff, 0xd3, 0xe5, 0xfe, 0xff, 0xff, 0xff, 0xfe, 0xff, 0xff, 0xff, 0xfe,
0xff, 0xfe, 0xfe, 0xfe, 0xff, 0xfe, 0xfe, 0xfe, 0xff, 0xfe, 0xfe, 0xfe, 0xff, 0xfe, 0xfe,
0xfe, 0xff, 0xff, 0xff, 0xfe, 0xff, 0xd4, 0xe6, 0xfe, 0xff, 0x04, 0x6d, 0xff, 0xff, 0x00,
0x68, 0xff, 0xff, 0x00, 0x6a, 0xff, 0xff, 0x00, 0x69, 0xff, 0xff, 0x03, 0x6c, 0xff, 0xff,
0xd1, 0xe4, 0xfe, 0xff, 0xff, 0xff, 0xfe, 0xff, 0xfe, 0xfe, 0xfe, 0xff, 0xfe, 0xfe, 0xfe,
0xff, 0xfe, 0xfe, 0xfe, 0xff, 0xfe, 0xfe, 0xfe, 0xff, 0xfe, 0xfe, 0xfe, 0xff, 0xfe, 0xfe,
0xfe, 0xff, 0xfe, 0xfe, 0xfe, 0xff, 0xfe, 0xfe, 0xfe, 0xff, 0xfe, 0xfe, 0xfe, 0xff, 0xfe,
0xfe, 0xfe, 0xff, 0xfe, 0xfe, 0xfe, 0xff, 0xfe, 0xfe, 0xfe, 0xff, 0xfe, 0xfe, 0xfe, 0xff,
0xfe, 0xfe, 0xfe, 0xff, 0xfe, 0xfe, 0xfe, 0xff, 0xfe, 0xfe, 0xfe, 0xff, 0xfe, 0xfe, 0xfe,
0xff, 0xfe, 0xfe, 0xfe, 0xff, 0xfe, 0xfe, 0xfe, 0xff, 0xfe, 0xfe, 0xfe, 0xff, 0xfe, 0xfe,
0xfe, 0xff, 0xfe, 0xfe, 0xfe, 0xff, 0xfe, 0xfe, 0xfe, 0xff, 0xff, 0xff, 0xfe, 0xff, 0xb8,
0xd6, 0xff, 0xff, 0x00, 0x65, 0xff, 0xff, 0x00, 0x6a, 0xff, 0xff, 0x00, 0x6a, 0xff, 0xff,
0x00, 0x6a, 0xff, 0xff, 0x00, 0x6a, 0xff, 0xff, 0x00, 0x6a, 0xff, 0xff, 0x00, 0x6a, 0xff,
0xff, 0x00, 0x6a, 0xff, 0xff, 0x00, 0x6a, 0xff, 0xff, 0x00, 0x6a, 0xff, 0xff, 0x00, 0x6a,
0xff, 0xff, 0x00, 0x6a, 0xff, 0xff, 0x00, 0x6a, 0xff, 0xff, 0x00, 0x6a, 0xff, 0xff, 0x00,
0x6a, 0xff, 0xff, 0x00, 0x6a, 0xff, 0xff, 0x00, 0x6a, 0xff, 0xff, 0x00, 0x6a, 0xff, 0xff,
0x00, 0x6a, 0xff, 0xff, 0x00, 0x6a, 0xff, 0xff, 0x00, 0x6a, 0xff, 0xff, 0x00, 0x6a, 0xff,
0xff, 0x00, 0x6a, 0xff, 0xff, 0x00, 0x6a, 0xff, 0xed, 0xff, 0xff, 0xff, 0x00, 0xff, 0xff,
0xff, 0x00, 0xff, 0xff, 0xff, 0x00, 0xff, 0xff, 0xff, 0x00, 0xff, 0xff, 0xff, 0x00, 0xff,
0xff, 0xff, 0x00, 0xff, 0xff, 0xff, 0x00, 0xff, 0xff, 0xff, 0x00, 0xff, 0xff, 0xff, 0x00,
0xff, 0xff, 0xff, 0x00, 0xff, 0xff, 0xff, 0x00, 0xff, 0xff, 0xff, 0x00, 0xff, 0xff, 0xff,
0x00, 0xff, 0xff, 0xff, 0x00, 0xff, 0xff, 0xff, 0x00, 0xff, 0xff, 0xff, 0x00, 0xff, 0xff,
0xff, 0x00, 0x00, 0x5a, 0xd8, 0x78, 0x00, 0x6c, 0xff, 0xff, 0x00, 0x6a, 0xff, 0xff, 0x00,
0x6a, 0xff, 0xff, 0x00, 0x6a, 0xff, 0xff, 0x00, 0x6a, 0xff, 0xff, 0x00, 0x6a, 0xff, 0xff,
0x00, 0x6a, 0xff, 0xff, 0x00, 0x6a, 0xff, 0xff, 0x00, 0x6a, 0xff, 0xff, 0x00, 0x6a, 0xff,
0xff, 0x00, 0x6a, 0xff, 0xff, 0x00, 0x6a, 0xff, 0xff, 0x00, 0x6a, 0xff, 0xff, 0x00, 0x6a,
0xff, 0xff, 0x00, 0x6a, 0xff, 0xff, 0x00, 0x6a, 0xff, 0xff, 0x00, 0x6a, 0xff, 0xff, 0x00,
0x6a, 0xff, 0xff, 0x00, 0x6a, 0xff, 0xff, 0x00, 0x6a, 0xff, 0xff, 0x00, 0x6a, 0xff, 0xff,
0x00, 0x6a, 0xff, 0xff, 0x00, 0x67, 0xff, 0xff, 0x11, 0x75, 0xff, 0xff, 0xea, 0xf2, 0xfe,
0xff, 0xff, 0xff, 0xfe, 0xff, 0xfe, 0xfe, 0xfe, 0xff, 0xfe, 0xfe, 0xfe, 0xff, 0xfe, 0xfe,
0xfe, 0xff, 0xfe, 0xfe, 0xfe, 0xff, 0xfe, 0xfe, 0xfe, 0xff, 0xfe, 0xfe, 0xfe, 0xff, 0xfe,
0xfe, 0xfe, 0xff, 0xfe, 0xfe, 0xfe, 0xff, 0xfe, 0xfe, 0xfe, 0xff, 0xfe, 0xfe, 0xfe, 0xff,
0xfe, 0xfe, 0xfe, 0xff, 0xfe, 0xfe, 0xfe, 0xff, 0xfe, 0xfe, 0xfe, 0xff, 0xfe, 0xfe, 0xfe,
0xff, 0xfe, 0xfe, 0xfe, 0xff, 0xfe, 0xfe, 0xfe, 0xff, 0xfe, 0xfe, 0xfe, 0xff, 0xff, 0xff,
0xfe, 0xff, 0xff, 0xff, 0xfe, 0xff, 0xff, 0xff, 0xfe, 0xff, 0xfe, 0xfe, 0xfe, 0xff, 0xfe,
0xfe, 0xfe, 0xff, 0xfe, 0xfe, 0xfe, 0xff, 0xfe, 0xfe, 0xfe, 0xff, 0xfe, 0xfe, 0xfe, 0xff,
0xfe, 0xfe, 0xfe, 0xff, 0xff, 0xff, 0xfe, 0xff, 0xd4, 0xe6, 0xfe, 0xff, 0x04, 0x6d, 0xff,
0xff, 0x00, 0x68, 0xff, 0xff, 0x00, 0x6a, 0xff, 0xff, 0x00, 0x69, 0xff, 0xff, 0x03, 0x6c,
0xff, 0xff, 0xd1, 0xe4, 0xfe, 0xff, 0xff, 0xff, 0xfe, 0xff, 0xfe, 0xfe, 0xfe, 0xff, 0xfe,
0xfe, 0xfe, 0xff, 0xfe, 0xfe, 0xfe, 0xff, 0xfe, 0xfe, 0xfe, 0xff, 0xfe, 0xfe, 0xfe, 0xff,
0xfe, 0xfe, 0xfe, 0xff, 0xfe, 0xfe, 0xfe, 0xff, 0xfe, 0xfe, 0xfe, 0xff, 0xfe, 0xfe, 0xfe,
0xff, 0xfe, 0xfe, 0xfe, 0xff, 0xfe, 0xfe, 0xfe, 0xff, 0xfe, 0xfe, 0xfe, 0xff, 0xfe, 0xfe,
0xfe, 0xff, 0xfe, 0xfe, 0xfe, 0xff, 0xfe, 0xfe, 0xfe, 0xff, 0xfe, 0xfe, 0xfe, 0xff, 0xfe,
0xfe, 0xfe, 0xff, 0xfe, 0xfe, 0xfe, 0xff, 0xfe, 0xfe, 0xfe, 0xff, 0xfe, 0xfe, 0xfe, 0xff,
0xfe, 0xfe, 0xfe, 0xff, 0xfe, 0xfe, 0xfe, 0xff, 0xfe, 0xfe, 0xfe, 0xff, 0xff, 0xff, 0xfe,
0xff, 0xea, 0xf2, 0xfe, 0xff, 0x11, 0x74, 0xff, 0xff, 0x00, 0x67, 0xff, 0xff, 0x00, 0x6a,
0xff, 0xff, 0x00, 0x6a, 0xff, 0xff, 0x00, 0x6a, 0xff, 0xff, 0x00, 0x6a, 0xff, 0xff, 0x00,
0x6a, 0xff, 0xff, 0x00, 0x6a, 0xff, 0xff, 0x00, 0x6a, 0xff, 0xff, 0x00, 0x6a, 0xff, 0xff,
0x00, 0x6a, 0xff, 0xff, 0x00, 0x6a, 0xff, 0xff, 0x00, 0x6a, 0xff, 0xff, 0x00, 0x6a, 0xff,
0xff, 0x00, 0x6a, 0xff, 0xff, 0x00, 0x6a, 0xff, 0xff, 0x00, 0x6a, 0xff, 0xff, 0x00, 0x6a,
0xff, 0xff, 0x00, 0x6a, 0xff, 0xff, 0x00, 0x6a, 0xff, 0xff, 0x00, 0x6a, 0xff, 0xff, 0x00,
0x6a, 0xff, 0xff, 0x00, 0x6a, 0xff, 0xff, 0x00, 0x6a, 0xff, 0xed, 0xff, 0xff, 0xff, 0x00,
0xff, 0xff, 0xff, 0x00, 0xff, 0xff, 0xff, 0x00, 0xff, 0xff, 0xff, 0x00, 0xff, 0xff, 0xff,
0x00, 0xff, 0xff, 0xff, 0x00, 0xff, 0xff, 0xff, 0x00, 0xff, 0xff, 0xff, 0x00, 0xff, 0xff,
0xff, 0x00, 0xff, 0xff, 0xff, 0x00, 0xff, 0xff, 0xff, 0x00, 0xff, 0xff, 0xff, 0x00, 0xff,
0xff, 0xff, 0x00, 0xff, 0xff, 0xff, 0x00, 0xff, 0xff, 0xff, 0x00, 0xff, 0xff, 0xff, 0x00,
0xff, 0xff, 0xff, 0x00, 0x00, 0x69, 0xfd, 0x66, 0x00, 0x6a, 0xff, 0xff, 0x00, 0x6a, 0xff,
0xff, 0x00, 0x6a, 0xff, 0xff, 0x00, 0x6a, 0xff, 0xff, 0x00, 0x6a, 0xff, 0xff, 0x00, 0x6a,
0xff, 0xff, 0x00, 0x6a, 0xff, 0xff, 0x00, 0x6a, 0xff, 0xff, 0x00, 0x6a, 0xff, 0xff, 0x00,
0x6a, 0xff, 0xff, 0x00, 0x6a, 0xff, 0xff, 0x00, 0x6a, 0xff, 0xff, 0x00, 0x6a, 0xff, 0xff,
0x00, 0x6a, 0xff, 0xff, 0x00, 0x6a, 0xff, 0xff, 0x00, 0x6a, 0xff, 0xff, 0x00, 0x6a, 0xff,
0xff, 0x00, 0x6a, 0xff, 0xff, 0x00, 0x6a, 0xff, 0xff, 0x00, 0x6a, 0xff, 0xff, 0x00, 0x6a,
0xff, 0xff, 0x00, 0x6a, 0xff, 0xff, 0x00, 0x64, 0xff, 0xff, 0x37, 0x8a, 0xff, 0xff, 0xfe,
0xfe, 0xfe, 0xff, 0xff, 0xff, 0xfe, 0xff, 0xfe, 0xfe, 0xfe, 0xff, 0xfe, 0xfe, 0xfe, 0xff,
0xfe, 0xfe, 0xfe, 0xff, 0xfe, 0xfe, 0xfe, 0xff, 0xfe, 0xfe, 0xfe, 0xff, 0xfe, 0xfe, 0xfe,
0xff, 0xfe, 0xfe, 0xfe, 0xff, 0xfe, 0xfe, 0xfe, 0xff, 0xfe, 0xfe, 0xfe, 0xff, 0xfe, 0xfe,
0xfe, 0xff, 0xfe, 0xfe, 0xfe, 0xff, 0xfe, 0xfe, 0xfe, 0xff, 0xfe, 0xfe, 0xfe, 0xff, 0xfe,
0xfe, 0xfe, 0xff, 0xfe, 0xfe, 0xfe, 0xff, 0xfe, 0xfe, 0xfe, 0xff, 0xfe, 0xfe, 0xfe, 0xff,
0xff, 0xfe, 0xfe, 0xff, 0xfe, 0xfe, 0xfe, 0xff, 0xfe, 0xfe, 0xfe, 0xff, 0xfe, 0xfe, 0xfe,
0xff, 0xfe, 0xfe, 0xfe, 0xff, 0xfe, 0xfe, 0xfe, 0xff, 0xfe, 0xfe, 0xfe, 0xff, 0xfe, 0xfe,
0xfe, 0xff, 0xfe, 0xfe, 0xfe, 0xff, 0xff, 0xff, 0xfe, 0xff, 0xd4, 0xe6, 0xfe, 0xff, 0x04,
0x6d, 0xff, 0xff, 0x00, 0x68, 0xff, 0xff, 0x00, 0x6a, 0xff, 0xff, 0x00, 0x69, 0xff, 0xff,
0x03, 0x6c, 0xff, 0xff, 0xd1, 0xe4, 0xfe, 0xff, 0xff, 0xff, 0xfe, 0xff, 0xfe, 0xfe, 0xfe,
0xff, 0xfe, 0xfe, 0xfe, 0xff, 0xfe, 0xfe, 0xfe, 0xff, 0xfe, 0xfe, 0xfe, 0xff, 0xfe, 0xfe,
0xfe, 0xff, 0xfe, 0xfe, 0xfe, 0xff, 0xfe, 0xfe, 0xfe, 0xff, 0xfe, 0xfe, 0xfe, 0xff, 0xfe,
0xfe, 0xfe, 0xff, 0xfe, 0xfe, 0xfe, 0xff, 0xfe, 0xfe, 0xfe, 0xff, 0xfe, 0xfe, 0xfe, 0xff,
0xfe, 0xfe, 0xfe, 0xff, 0xfe, 0xfe, 0xfe, 0xff, 0xfe, 0xfe, 0xfe, 0xff, 0xfe, 0xfe, 0xfe,
0xff, 0xfe, 0xfe, 0xfe, 0xff, 0xfe, 0xfe, 0xfe, 0xff, 0xfe, 0xfe, 0xfe, 0xff, 0xfe, 0xfe,
0xfe, 0xff, 0xfe, 0xfe, 0xfe, 0xff, 0xfe, 0xfe, 0xfe, 0xff, 0xfe, 0xfe, 0xfe, 0xff, 0xff,
0xff, 0xfe, 0xff, 0xfe, 0xfe, 0xfe, 0xff, 0x37, 0x8a, 0xff, 0xff, 0x00, 0x64, 0xff, 0xff,
0x00, 0x6a, 0xff, 0xff, 0x00, 0x6a, 0xff, 0xff, 0x00, 0x6a, 0xff, 0xff, 0x00, 0x6a, 0xff,
0xff, 0x00, 0x6a, 0xff, 0xff, 0x00, 0x6a, 0xff, 0xff, 0x00, 0x6a, 0xff, 0xff, 0x00, 0x6a,
0xff, 0xff, 0x00, 0x6a, 0xff, 0xff, 0x00, 0x6a, 0xff, 0xff, 0x00, 0x6a, 0xff, 0xff, 0x00,
0x6a, 0xff, 0xff, 0x00, 0x6a, 0xff, 0xff, 0x00, 0x6a, 0xff, 0xff, 0x00, 0x6a, 0xff, 0xff,
0x00, 0x6a, 0xff, 0xff, 0x00, 0x6a, 0xff, 0xff, 0x00, 0x6a, 0xff, 0xff, 0x00, 0x6a, 0xff,
0xff, 0x00, 0x6a, 0xff, 0xff, 0x00, 0x6a, 0xff, 0xff, 0x00, 0x6a, 0xff, 0xee, 0xff, 0xff,
0xff, 0x00, 0xff, 0xff, 0xff, 0x00, 0xff, 0xff, 0xff, 0x00, 0xff, 0xff, 0xff, 0x00, 0xff,
0xff, 0xff, 0x00, 0xff, 0xff, 0xff, 0x00, 0xff, 0xff, 0xff, 0x00, 0xff, 0xff, 0xff, 0x00,
0xff, 0xff, 0xff, 0x00, 0xff, 0xff, 0xff, 0x00, 0xff, 0xff, 0xff, 0x00, 0xff, 0xff, 0xff,
0x00, 0xff, 0xff, 0xff, 0x00, 0xff, 0xff, 0xff, 0x00, 0xff, 0xff, 0xff, 0x00, 0xff, 0xff,
0xff, 0x00, 0xff, 0xff, 0xff, 0x00, 0x00, 0x68, 0xfb, 0x50, 0x00, 0x6a, 0xff, 0xff, 0x00,
0x6a, 0xff, 0xff, 0x00, 0x6a, 0xff, 0xff, 0x00, 0x6a, 0xff, 0xff, 0x00, 0x6a, 0xff, 0xff,
0x00, 0x6a, 0xff, 0xff, 0x00, 0x6a, 0xff, 0xff, 0x00, 0x6a, 0xff, 0xff, 0x00, 0x6a, 0xff,
0xff, 0x00, 0x6a, 0xff, 0xff, 0x00, 0x6a, 0xff, 0xff, 0x00, 0x6a, 0xff, 0xff, 0x00, 0x6a,
0xff, 0xff, 0x00, 0x6a, 0xff, 0xff, 0x00, 0x6a, 0xff, 0xff, 0x00, 0x6a, 0xff, 0xff, 0x00,
0x6a, 0xff, 0xff, 0x00, 0x6a, 0xff, 0xff, 0x00, 0x6a, 0xff, 0xff, 0x00, 0x6a, 0xff, 0xff,
0x00, 0x6a, 0xff, 0xff, 0x00, 0x6a, 0xff, 0xff, 0x00, 0x62, 0xff, 0xff, 0x50, 0x98, 0xff,
0xff, 0xff, 0xff, 0xfe, 0xff, 0xff, 0xfe, 0xfe, 0xff, 0xfe, 0xfe, 0xfe, 0xff, 0xfe, 0xfe,
0xfe, 0xff, 0xfe, 0xfe, 0xfe, 0xff, 0xfe, 0xfe, 0xfe, 0xff, 0xfe, 0xfe, 0xfe, 0xff, 0xfe,
0xfe, 0xfe, 0xff, 0xfe, 0xfe, 0xfe, 0xff, 0xfe, 0xfe, 0xfe, 0xff, 0xfe, 0xfe, 0xfe, 0xff,
0xfe, 0xfe, 0xfe, 0xff, 0xfe, 0xfe, 0xfe, 0xff, 0xfe, 0xfe, 0xfe, 0xff, 0xfe, 0xfe, 0xfe,
0xff, 0xfe, 0xfe, 0xfe, 0xff, 0xfe, 0xfe, 0xfe, 0xff, 0xfe, 0xfe, 0xfe, 0xff, 0xfe, 0xfe,
0xfe, 0xff, 0xfe, 0xfe, 0xfe, 0xff, 0xfe, 0xfe, 0xfe, 0xff, 0xfe, 0xfe, 0xfe, 0xff, 0xfe,
0xfe, 0xfe, 0xff, 0xfe, 0xfe, 0xfe, 0xff, 0xfe, 0xfe, 0xfe, 0xff, 0xfe, 0xfe, 0xfe, 0xff,
0xfe, 0xfe, 0xfe, 0xff, 0xfe, 0xfe, 0xfe, 0xff, 0xff, 0xff, 0xfe, 0xff, 0xd4, 0xe6, 0xfe,
0xff, 0x04, 0x6d, 0xff, 0xff, 0x00, 0x68, 0xff, 0xff, 0x00, 0x6a, 0xff, 0xff, 0x00, 0x69,
0xff, 0xff, 0x03, 0x6c, 0xff, 0xff, 0xd1, 0xe4, 0xfe, 0xff, 0xff, 0xff, 0xfe, 0xff, 0xfe,
0xfe, 0xfe, 0xff, 0xfe, 0xfe, 0xfe, 0xff, 0xfe, 0xfe, 0xfe, 0xff, 0xfe, 0xfe, 0xfe, 0xff,
0xfe, 0xfe, 0xfe, 0xff, 0xfe, 0xfe, 0xfe, 0xff, 0xfe, 0xfe, 0xfe, 0xff, 0xfe, 0xfe, 0xfe,
0xff, 0xfe, 0xfe, 0xfe, 0xff, 0xfe, 0xfe, 0xfe, 0xff, 0xfe, 0xfe, 0xfe, 0xff, 0xfe, 0xfe,
0xfe, 0xff, 0xfe, 0xfe, 0xfe, 0xff, 0xfe, 0xfe, 0xfe, 0xff, 0xfe, 0xfe, 0xfe, 0xff, 0xfe,
0xfe, 0xfe, 0xff, 0xfe, 0xfe, 0xfe, 0xff, 0xfe, 0xfe, 0xfe, 0xff, 0xfe, 0xfe, 0xfe, 0xff,
0xfe, 0xfe, 0xfe, 0xff, 0xfe, 0xfe, 0xfe, 0xff, 0xfe, 0xfe, 0xfe, 0xff, 0xfe, 0xfe, 0xfe,
0xff, 0xff, 0xfe, 0xfe, 0xff, 0xff, 0xff, 0xfe, 0xff, 0x50, 0x99, 0xff, 0xff, 0x00, 0x62,
0xff, 0xff, 0x00, 0x6a, 0xff, 0xff, 0x00, 0x6a, 0xff, 0xff, 0x00, 0x6a, 0xff, 0xff, 0x00,
0x6a, 0xff, 0xff, 0x00, 0x6a, 0xff, 0xff, 0x00, 0x6a, 0xff, 0xff, 0x00, 0x6a, 0xff, 0xff,
0x00, 0x6a, 0xff, 0xff, 0x00, 0x6a, 0xff, 0xff, 0x00, 0x6a, 0xff, 0xff, 0x00, 0x6a, 0xff,
0xff, 0x00, 0x6a, 0xff, 0xff, 0x00, 0x6a, 0xff, 0xff, 0x00, 0x6a, 0xff, 0xff, 0x00, 0x6a,
0xff, 0xff, 0x00, 0x6a, 0xff, 0xff, 0x00, 0x6a, 0xff, 0xff, 0x00, 0x6a, 0xff, 0xff, 0x00,
0x6a, 0xff, 0xff, 0x00, 0x6a, 0xff, 0xff, 0x00, 0x6a, 0xff, 0xff, 0x00, 0x6a, 0xfd, 0xd2,
0xff, 0xff, 0xff, 0x00, 0xff, 0xff, 0xff, 0x00, 0xff, 0xff, 0xff, 0x00, 0xff, 0xff, 0xff,
0x00, 0xff, 0xff, 0xff, 0x00, 0xff, 0xff, 0xff, 0x00, 0xff, 0xff, 0xff, 0x00, 0xff, 0xff,
0xff, 0x00, 0xff, 0xff, 0xff, 0x00, 0xff, 0xff, 0xff, 0x00, 0xff, 0xff, 0xff, 0x00, 0xff,
0xff, 0xff, 0x00, 0xff, 0xff, 0xff, 0x00, 0xff, 0xff, 0xff, 0x00, 0xff, 0xff, 0xff, 0x00,
0xff, 0xff, 0xff, 0x00, 0xff, 0xff, 0xff, 0x00, 0x00, 0x64, 0xf4, 0x2e, 0x00, 0x6a, 0xfe,
0xfc, 0x00, 0x6a, 0xff, 0xff, 0x00, 0x6a, 0xff, 0xff, 0x00, 0x6a, 0xff, 0xff, 0x00, 0x6a,
0xff, 0xff, 0x00, 0x6a, 0xff, 0xff, 0x00, 0x6a, 0xff, 0xff, 0x00, 0x6a, 0xff, 0xff, 0x00,
0x6a, 0xff, 0xff, 0x00, 0x6a, 0xff, 0xff, 0x00, 0x6a, 0xff, 0xff, 0x00, 0x6a, 0xff, 0xff,
0x00, 0x6a, 0xff, 0xff, 0x00, 0x6a, 0xff, 0xff, 0x00, 0x6a, 0xff, 0xff, 0x00, 0x6a, 0xff,
0xff, 0x00, 0x6a, 0xff, 0xff, 0x00, 0x6a, 0xff, 0xff, 0x00, 0x6a, 0xff, 0xff, 0x00, 0x6a,
0xff, 0xff, 0x00, 0x6a, 0xff, 0xff, 0x00, 0x6a, 0xff, 0xff, 0x00, 0x62, 0xff, 0xff, 0x5d,
0xa1, 0xff, 0xff, 0xff, 0xff, 0xfe, 0xff, 0xfe, 0xfe, 0xfe, 0xff, 0xfe, 0xfe, 0xfe, 0xff,
0xfe, 0xfe, 0xfe, 0xff, 0xfe, 0xfe, 0xfe, 0xff, 0xfe, 0xfe, 0xfe, 0xff, 0xfe, 0xfe, 0xfe,
0xff, 0xfe, 0xfe, 0xfe, 0xff, 0xfe, 0xfe, 0xfe, 0xff, 0xfe, 0xfe, 0xfe, 0xff, 0xfe, 0xfe,
0xfe, 0xff, 0xfe, 0xfe, 0xfe, 0xff, 0xfe, 0xfe, 0xfe, 0xff, 0xfe, 0xfe, 0xfe, 0xff, 0xfe,
0xfe, 0xfe, 0xff, 0xfe, 0xfe, 0xfe, 0xff, 0xfe, 0xfe, 0xfe, 0xff, 0xfe, 0xfe, 0xfe, 0xff,
0xfe, 0xfe, 0xfe, 0xff, 0xfe, 0xfe, 0xfe, 0xff, 0xfe, 0xfe, 0xfe, 0xff, 0xfe, 0xfe, 0xfe,
0xff, 0xfe, 0xfe, 0xfe, 0xff, 0xfe, 0xfe, 0xfe, 0xff, 0xfe, 0xfe, 0xfe, 0xff, 0xfe, 0xfe,
0xfe, 0xff, 0xfe, 0xfe, 0xfe, 0xff, 0xfe, 0xfe, 0xfe, 0xff, 0xff, 0xff, 0xfe, 0xff, 0xd4,
0xe6, 0xfe, 0xff, 0x04, 0x6d, 0xff, 0xff, 0x00, 0x68, 0xff, 0xff, 0x00, 0x6a, 0xff, 0xff,
0x00, 0x69, 0xff, 0xff, 0x03, 0x6c, 0xff, 0xff, 0xd1, 0xe4, 0xfe, 0xff, 0xff, 0xff, 0xfe,
0xff, 0xfe, 0xfe, 0xfe, 0xff, 0xfe, 0xfe, 0xfe, 0xff, 0xfe, 0xfe, 0xfe, 0xff, 0xfe, 0xfe,
0xfe, 0xff, 0xfe, 0xfe, 0xfe, 0xff, 0xfe, 0xfe, 0xfe, 0xff, 0xfe, 0xfe, 0xfe, 0xff, 0xfe,
0xfe, 0xfe, 0xff, 0xfe, 0xfe, 0xfe, 0xff, 0xfe, 0xfe, 0xfe, 0xff, 0xfe, 0xfe, 0xfe, 0xff,
0xfe, 0xfe, 0xfe, 0xff, 0xfe, 0xfe, 0xfe, 0xff, 0xfe, 0xfe, 0xfe, 0xff, 0xfe, 0xfe, 0xfe,
0xff, 0xfe, 0xfe, 0xfe, 0xff, 0xfe, 0xfe, 0xfe, 0xff, 0xfe, 0xfe, 0xfe, 0xff, 0xfe, 0xfe,
0xfe, 0xff, 0xfe, 0xfe, 0xfe, 0xff, 0xfe, 0xfe, 0xfe, 0xff, 0xfe, 0xfe, 0xfe, 0xff, 0xfe,
0xfe, 0xfe, 0xff, 0xfe, 0xfe, 0xfe, 0xff, 0xff, 0xff, 0xfe, 0xff, 0x5d, 0xa0, 0xff, 0xff,
0x00, 0x62, 0xff, 0xff, 0x00, 0x6a, 0xff, 0xff, 0x00, 0x6a, 0xff, 0xff, 0x00, 0x6a, 0xff,
0xff, 0x00, 0x6a, 0xff, 0xff, 0x00, 0x6a, 0xff, 0xff, 0x00, 0x6a, 0xff, 0xff, 0x00, 0x6a,
0xff, 0xff, 0x00, 0x6a, 0xff, 0xff, 0x00, 0x6a, 0xff, 0xff, 0x00, 0x6a, 0xff, 0xff, 0x00,
0x6a, 0xff, 0xff, 0x00, 0x6a, 0xff, 0xff, 0x00, 0x6a, 0xff, 0xff, 0x00, 0x6a, 0xff, 0xff,
0x00, 0x6a, 0xff, 0xff, 0x00, 0x6a, 0xff, 0xff, 0x00, 0x6a, 0xff, 0xff, 0x00, 0x6a, 0xff,
0xff, 0x00, 0x6a, 0xff, 0xff, 0x00, 0x6a, 0xff, 0xff, 0x00, 0x6a, 0xff, 0xff, 0x00, 0x6b,
0xff, 0x9b, 0xff, 0xff, 0xff, 0x00, 0xff, 0xff, 0xff, 0x00, 0xff, 0xff, 0xff, 0x00, 0xff,
0xff, 0xff, 0x00, 0xff, 0xff, 0xff, 0x00, 0xff, 0xff, 0xff, 0x00, 0xff, 0xff, 0xff, 0x00,
0xff, 0xff, 0xff, 0x00, 0xff, 0xff, 0xff, 0x00, 0xff, 0xff, 0xff, 0x00, 0xff, 0xff, 0xff,
0x00, 0xff, 0xff, 0xff, 0x00, 0xff, 0xff, 0xff, 0x00, 0xff, 0xff, 0xff, 0x00, 0xff, 0xff,
0xff, 0x00, 0xff, 0xff, 0xff, 0x00, 0xff, 0xff, 0xff, 0x00, 0x00, 0x59, 0xe3, 0x07, 0x00,
0x69, 0xfc, 0xdb, 0x00, 0x6a, 0xff, 0xff, 0x00, 0x6a, 0xff, 0xff, 0x00, 0x6a, 0xff, 0xff,
0x00, 0x6a, 0xff, 0xff, 0x00, 0x6a, 0xff, 0xff, 0x00, 0x6a, 0xff, 0xff, 0x00, 0x6a, 0xff,
0xff, 0x00, 0x6a, 0xff, 0xff, 0x00, 0x6a, 0xff, 0xff, 0x00, 0x6a, 0xff, 0xff, 0x00, 0x6a,
0xff, 0xff, 0x00, 0x6a, 0xff, 0xff, 0x00, 0x6a, 0xff, 0xff, 0x00, 0x6a, 0xff, 0xff, 0x00,
0x6a, 0xff, 0xff, 0x00, 0x6a, 0xff, 0xff, 0x00, 0x6a, 0xff, 0xff, 0x00, 0x6a, 0xff, 0xff,
0x00, 0x6a, 0xff, 0xff, 0x00, 0x6a, 0xff, 0xff, 0x00, 0x6a, 0xff, 0xff, 0x00, 0x62, 0xff,
0xff, 0x68, 0xa6, 0xff, 0xff, 0xff, 0xff, 0xfe, 0xff, 0xfe, 0xfe, 0xfe, 0xff, 0xfe, 0xfe,
0xfe, 0xff, 0xfe, 0xfe, 0xfe, 0xff, 0xfe, 0xfe, 0xfe, 0xff, 0xfe, 0xfe, 0xfe, 0xff, 0xfe,
0xfe, 0xfe, 0xff, 0xfe, 0xfe, 0xfe, 0xff, 0xfe, 0xfe, 0xfe, 0xff, 0xfe, 0xfe, 0xfe, 0xff,
0xfe, 0xfe, 0xfe, 0xff, 0xfe, 0xfe, 0xfe, 0xff, 0xfe, 0xfe, 0xfe, 0xff, 0xfe, 0xfe, 0xfe,
0xff, 0xfe, 0xfe, 0xfe, 0xff, 0xfe, 0xfe, 0xfe, 0xff, 0xfe, 0xfe, 0xfe, 0xff, 0xfe, 0xfe,
0xfe, 0xff, 0xfe, 0xfe, 0xfe, 0xff, 0xfe, 0xfe, 0xfe, 0xff, 0xfe, 0xfe, 0xfe, 0xff, 0xfe,
0xfe, 0xfe, 0xff, 0xfe, 0xfe, 0xfe, 0xff, 0xfe, 0xfe, 0xfe, 0xff, 0xfe, 0xfe, 0xfe, 0xff,
0xfe, 0xfe, 0xfe, 0xff, 0xfe, 0xfe, 0xfe, 0xff, 0xfe, 0xfe, 0xfe, 0xff, 0xff, 0xff, 0xfe,
0xff, 0xd4, 0xe6, 0xfe, 0xff, 0x04, 0x6d, 0xff, 0xff, 0x00, 0x68, 0xff, 0xff, 0x00, 0x6a,
0xff, 0xff, 0x00, 0x69, 0xff, 0xff, 0x03, 0x6c, 0xff, 0xff, 0xd1, 0xe4, 0xfe, 0xff, 0xff,
0xff, 0xfe, 0xff, 0xfe, 0xfe, 0xfe, 0xff, 0xfe, 0xfe, 0xfe, 0xff, 0xfe, 0xfe, 0xfe, 0xff,
0xfe, 0xfe, 0xfe, 0xff, 0xfe, 0xfe, 0xfe, 0xff, 0xfe, 0xfe, 0xfe, 0xff, 0xfe, 0xfe, 0xfe,
0xff, 0xfe, 0xfe, 0xfe, 0xff, 0xfe, 0xfe, 0xfe, 0xff, 0xfe, 0xfe, 0xfe, 0xff, 0xfe, 0xfe,
0xfe, 0xff, 0xfe, 0xfe, 0xfe, 0xff, 0xfe, 0xfe, 0xfe, 0xff, 0xfe, 0xfe, 0xfe, 0xff, 0xfe,
0xfe, 0xfe, 0xff, 0xfe, 0xfe, 0xfe, 0xff, 0xfe, 0xfe, 0xfe, 0xff, 0xfe, 0xfe, 0xfe, 0xff,
0xfe, 0xfe, 0xfe, 0xff, 0xfe, 0xfe, 0xfe, 0xff, 0xfe, 0xfe, 0xfe, 0xff, 0xfe, 0xfe, 0xfe,
0xff, 0xfe, 0xfe, 0xfe, 0xff, 0xfe, 0xfe, 0xfe, 0xff, 0xff, 0xff, 0xfe, 0xff, 0x68, 0xa6,
0xff, 0xff, 0x00, 0x62, 0xff, 0xff, 0x00, 0x6a, 0xff, 0xff, 0x00, 0x6a, 0xff, 0xff, 0x00,
0x6a, 0xff, 0xff, 0x00, 0x6a, 0xff, 0xff, 0x00, 0x6a, 0xff, 0xff, 0x00, 0x6a, 0xff, 0xff,
0x00, 0x6a, 0xff, 0xff, 0x00, 0x6a, 0xff, 0xff, 0x00, 0x6a, 0xff, 0xff, 0x00, 0x6a, 0xff,
0xff, 0x00, 0x6a, 0xff, 0xff, 0x00, 0x6a, 0xff, 0xff, 0x00, 0x6a, 0xff, 0xff, 0x00, 0x6a,
0xff, 0xff, 0x00, 0x6a, 0xff, 0xff, 0x00, 0x6a, 0xff, 0xff, 0x00, 0x6a, 0xff, 0xff, 0x00,
0x6a, 0xff, 0xff, 0x00, 0x6a, 0xff, 0xff, 0x00, 0x6a, 0xff, 0xff, 0x00, 0x6c, 0xff, 0xff,
0x00, 0x58, 0xcf, 0x6c, 0xff, 0xff, 0xff, 0x00, 0xff, 0xff, 0xff, 0x00, 0xff, 0xff, 0xff,
0x00, 0xff, 0xff, 0xff, 0x00, 0xff, 0xff, 0xff, 0x00, 0xff, 0xff, 0xff, 0x00, 0xff, 0xff,
0xff, 0x00, 0xff, 0xff, 0xff, 0x00, 0xff, 0xff, 0xff, 0x00, 0xff, 0xff, 0xff, 0x00, 0xff,
0xff, 0xff, 0x00, 0xff, 0xff, 0xff, 0x00, 0xff, 0xff, 0xff, 0x00, 0xff, 0xff, 0xff, 0x00,
0xff, 0xff, 0xff, 0x00, 0xff, 0xff, 0xff, 0x00, 0xff, 0xff, 0xff, 0x00, 0x00, 0x69, 0xfd,
0x00, 0x00, 0x69, 0xfe, 0x9a, 0x00, 0x6a, 0xff, 0xff, 0x00, 0x6a, 0xff, 0xff, 0x00, 0x6a,
0xff, 0xff, 0x00, 0x6a, 0xff, 0xff, 0x00, 0x6a, 0xff, 0xff, 0x00, 0x6a, 0xff, 0xff, 0x00,
0x6a, 0xff, 0xff, 0x00, 0x6a, 0xff, 0xff, 0x00, 0x6a, 0xff, 0xff, 0x00, 0x6a, 0xff, 0xff,
0x00, 0x6a, 0xff, 0xff, 0x00, 0x6a, 0xff, 0xff, 0x00, 0x6a, 0xff, 0xff, 0x00, 0x6a, 0xff,
0xff, 0x00, 0x6a, 0xff, 0xff, 0x00, 0x6a, 0xff, 0xff, 0x00, 0x6a, 0xff, 0xff, 0x00, 0x6a,
0xff, 0xff, 0x00, 0x6a, 0xff, 0xff, 0x00, 0x6a, 0xff, 0xff, 0x00, 0x6a, 0xff, 0xff, 0x00,
0x61, 0xff, 0xff, 0x6d, 0xaa, 0xff, 0xff, 0xff, 0xff, 0xfe, 0xff, 0xfe, 0xfe, 0xfe, 0xff,
0xfe, 0xfe, 0xfe, 0xff, 0xfe, 0xfe, 0xfe, 0xff, 0xfe, 0xfe, 0xfe, 0xff, 0xfe, 0xfe, 0xfe,
0xff, 0xfe, 0xfe, 0xfe, 0xff, 0xfe, 0xfe, 0xfe, 0xff, 0xfe, 0xfe, 0xfe, 0xff, 0xfe, 0xfe,
0xfe, 0xff, 0xfe, 0xfe, 0xfe, 0xff, 0xfe, 0xfe, 0xfe, 0xff, 0xfe, 0xfe, 0xfe, 0xff, 0xfe,
0xfe, 0xfe, 0xff, 0xfe, 0xfe, 0xfe, 0xff, 0xfe, 0xfe, 0xfe, 0xff, 0xfe, 0xfe, 0xfe, 0xff,
0xfe, 0xfe, 0xfe, 0xff, 0xfe, 0xfe, 0xfe, 0xff, 0xfe, 0xfe, 0xfe, 0xff, 0xfe, 0xfe, 0xfe,
0xff, 0xfe, 0xfe, 0xfe, 0xff, 0xfe, 0xfe, 0xfe, 0xff, 0xfe, 0xfe, 0xfe, 0xff, 0xfe, 0xfe,
0xfe, 0xff, 0xfe, 0xfe, 0xfe, 0xff, 0xfe, 0xfe, 0xfe, 0xff, 0xfe, 0xfe, 0xfe, 0xff, 0xff,
0xff, 0xfe, 0xff, 0xd4, 0xe6, 0xfe, 0xff, 0x04, 0x6d, 0xff, 0xff, 0x00, 0x68, 0xff, 0xff,
0x00, 0x6a, 0xff, 0xff, 0x00, 0x69, 0xff, 0xff, 0x03, 0x6c, 0xff, 0xff, 0xd1, 0xe4, 0xfe,
0xff, 0xff, 0xff, 0xfe, 0xff, 0xfe, 0xfe, 0xfe, 0xff, 0xfe, 0xfe, 0xfe, 0xff, 0xfe, 0xfe,
0xfe, 0xff, 0xfe, 0xfe, 0xfe, 0xff, 0xfe, 0xfe, 0xfe, 0xff, 0xfe, 0xfe, 0xfe, 0xff, 0xfe,
0xfe, 0xfe, 0xff, 0xfe, 0xfe, 0xfe, 0xff, 0xfe, 0xfe, 0xfe, 0xff, 0xfe, 0xfe, 0xfe, 0xff,
0xfe, 0xfe, 0xfe, 0xff, 0xfe, 0xfe, 0xfe, 0xff, 0xfe, 0xfe, 0xfe, 0xff, 0xfe, 0xfe, 0xfe,
0xff, 0xfe, 0xfe, 0xfe, 0xff, 0xfe, 0xfe, 0xfe, 0xff, 0xfe, 0xfe, 0xfe, 0xff, 0xfe, 0xfe,
0xfe, 0xff, 0xfe, 0xfe, 0xfe, 0xff, 0xfe, 0xfe, 0xfe, 0xff, 0xfe, 0xfe, 0xfe, 0xff, 0xfe,
0xfe, 0xfe, 0xff, 0xfe, 0xfe, 0xfe, 0xff, 0xfe, 0xfe, 0xfe, 0xff, 0xff, 0xff, 0xfe, 0xff,
0x6d, 0xaa, 0xff, 0xff, 0x00, 0x61, 0xff, 0xff, 0x00, 0x6a, 0xff, 0xff, 0x00, 0x6a, 0xff,
0xff, 0x00, 0x6a, 0xff, 0xff, 0x00, 0x6a, 0xff, 0xff, 0x00, 0x6a, 0xff, 0xff, 0x00, 0x6a,
0xff, 0xff, 0x00, 0x6a, 0xff, 0xff, 0x00, 0x6a, 0xff, 0xff, 0x00, 0x6a, 0xff, 0xff, 0x00,
0x6a, 0xff, 0xff, 0x00, 0x6a, 0xff, 0xff, 0x00, 0x6a, 0xff, 0xff, 0x00, 0x6a, 0xff, 0xff,
0x00, 0x6a, 0xff, 0xff, 0x00, 0x6a, 0xff, 0xff, 0x00, 0x6a, 0xff, 0xff, 0x00, 0x6a, 0xff,
0xff, 0x00, 0x6a, 0xff, 0xff, 0x00, 0x6a, 0xff, 0xff, 0x00, 0x6a, 0xff, 0xff, 0x00, 0x6d,
0xff, 0xff, 0x00, 0x40, 0xb5, 0x48, 0xff, 0xff, 0xff, 0x00, 0xff, 0xff, 0xff, 0x00, 0xff,
0xff, 0xff, 0x00, 0xff, 0xff, 0xff, 0x00, 0xff, 0xff, 0xff, 0x00, 0xff, 0xff, 0xff, 0x00,
0xff, 0xff, 0xff, 0x00, 0xff, 0xff, 0xff, 0x00, 0xff, 0xff, 0xff, 0x00, 0xff, 0xff, 0xff,
0x00, 0xff, 0xff, 0xff, 0x00, 0xff, 0xff, 0xff, 0x00, 0xff, 0xff, 0xff, 0x00, 0xff, 0xff,
0xff, 0x00, 0xff, 0xff, 0xff, 0x00, 0xff, 0xff, 0xff, 0x00, 0xff, 0xff, 0xff, 0x00, 0x00,
0x67, 0xf9, 0x00, 0x00, 0x68, 0xfb, 0x64, 0x00, 0x6a, 0xff, 0xff, 0x00, 0x6a, 0xff, 0xff,
0x00, 0x6a, 0xff, 0xff, 0x00, 0x6a, 0xff, 0xff, 0x00, 0x6a, 0xff, 0xff, 0x00, 0x6a, 0xff,
0xff, 0x00, 0x6a, 0xff, 0xff, 0x00, 0x6a, 0xff, 0xff, 0x00, 0x6a, 0xff, 0xff, 0x00, 0x6a,
0xff, 0xff, 0x00, 0x6a, 0xff, 0xff, 0x00, 0x6a, 0xff, 0xff, 0x00, 0x6a, 0xff, 0xff, 0x00,
0x6a, 0xff, 0xff, 0x00, 0x6a, 0xff, 0xff, 0x00, 0x6a, 0xff, 0xff, 0x00, 0x6a, 0xff, 0xff,
0x00, 0x6a, 0xff, 0xff, 0x00, 0x6a, 0xff, 0xff, 0x00, 0x6a, 0xff, 0xff, 0x00, 0x6a, 0xff,
0xff, 0x00, 0x61, 0xff, 0xff, 0x6e, 0xaa, 0xff, 0xff, 0xff, 0xff, 0xfe, 0xff, 0xfe, 0xfe,
0xfe, 0xff, 0xfe, 0xfe, 0xfe, 0xff, 0xfe, 0xfe, 0xfe, 0xff, 0xfe, 0xfe, 0xfe, 0xff, 0xfe,
0xfe, 0xfe, 0xff, 0xfe, 0xfe, 0xfe, 0xff, 0xfe, 0xfe, 0xfe, 0xff, 0xfe, 0xfe, 0xfe, 0xff,
0xfe, 0xfe, 0xfe, 0xff, 0xfe, 0xfe, 0xfe, 0xff, 0xfe, 0xfe, 0xfe, 0xff, 0xfe, 0xfe, 0xfe,
0xff, 0xfe, 0xfe, 0xfe, 0xff, 0xfe, 0xfe, 0xfe, 0xff, 0xfe, 0xfe, 0xfe, 0xff, 0xfe, 0xfe,
0xfe, 0xff, 0xfe, 0xfe, 0xfe, 0xff, 0xfe, 0xfe, 0xfe, 0xff, 0xfe, 0xfe, 0xfe, 0xff, 0xfe,
0xfe, 0xfe, 0xff, 0xfe, 0xfe, 0xfe, 0xff, 0xfe, 0xfe, 0xfe, 0xff, 0xfe, 0xfe, 0xfe, 0xff,
0xfe, 0xfe, 0xfe, 0xff, 0xfe, 0xfe, 0xfe, 0xff, 0xfe, 0xfe, 0xfe, 0xff, 0xfe, 0xfe, 0xfe,
0xff, 0xff, 0xff, 0xfe, 0xff, 0xd4, 0xe6, 0xfe, 0xff, 0x04, 0x6d, 0xff, 0xff, 0x00, 0x68,
0xff, 0xff, 0x00, 0x6a, 0xff, 0xff, 0x00, 0x69, 0xff, 0xff, 0x03, 0x6c, 0xff, 0xff, 0xd1,
0xe4, 0xfe, 0xff, 0xff, 0xff, 0xfe, 0xff, 0xfe, 0xfe, 0xfe, 0xff, 0xfe, 0xfe, 0xfe, 0xff,
0xfe, 0xfe, 0xfe, 0xff, 0xfe, 0xfe, 0xfe, 0xff, 0xfe, 0xfe, 0xfe, 0xff, 0xfe, 0xfe, 0xfe,
0xff, 0xfe, 0xfe, 0xfe, 0xff, 0xfe, 0xfe, 0xfe, 0xff, 0xfe, 0xfe, 0xfe, 0xff, 0xfe, 0xfe,
0xfe, 0xff, 0xfe, 0xfe, 0xfe, 0xff, 0xfe, 0xfe, 0xfe, 0xff, 0xfe, 0xfe, 0xfe, 0xff, 0xfe,
0xfe, 0xfe, 0xff, 0xfe, 0xfe, 0xfe, 0xff, 0xfe, 0xfe, 0xfe, 0xff, 0xfe, 0xfe, 0xfe, 0xff,
0xfe, 0xfe, 0xfe, 0xff, 0xfe, 0xfe, 0xfe, 0xff, 0xfe, 0xfe, 0xfe, 0xff, 0xfe, 0xfe, 0xfe,
0xff, 0xfe, 0xfe, 0xfe, 0xff, 0xfe, 0xfe, 0xfe, 0xff, 0xfe, 0xfe, 0xfe, 0xff, 0xff, 0xff,
0xfe, 0xff, 0x6d, 0xaa, 0xff, 0xff, 0x00, 0x61, 0xff, 0xff, 0x00, 0x6a, 0xff, 0xff, 0x00,
0x6a, 0xff, 0xff, 0x00, 0x6a, 0xff, 0xff, 0x00, 0x6a, 0xff, 0xff, 0x00, 0x6a, 0xff, 0xff,
0x00, 0x6a, 0xff, 0xff, 0x00, 0x6a, 0xff, 0xff, 0x00, 0x6a, 0xff, 0xff, 0x00, 0x6a, 0xff,
0xff, 0x00, 0x6a, 0xff, 0xff, 0x00, 0x6a, 0xff, 0xff, 0x00, 0x6a, 0xff, 0xff, 0x00, 0x6a,
0xff, 0xff, 0x00, 0x6a, 0xff, 0xff, 0x00, 0x6a, 0xff, 0xff, 0x00, 0x6a, 0xff, 0xff, 0x00,
0x6a, 0xff, 0xff, 0x00, 0x6a, 0xff, 0xff, 0x00, 0x6a, 0xff, 0xff, 0x00, 0x6a, 0xff, 0xff,
0x00, 0x69, 0xfd, 0xeb, 0x00, 0x4b, 0xdc, 0x14, 0xff, 0xff, 0xff, 0x00, 0xff, 0xff, 0xff,
0x00, 0xff, 0xff, 0xff, 0x00, 0xff, 0xff, 0xff, 0x00, 0xff, 0xff, 0xff, 0x00, 0xff, 0xff,
0xff, 0x00, 0xff, 0xff, 0xff, 0x00, 0xff, 0xff, 0xff, 0x00, 0xff, 0xff, 0xff, 0x00, 0xff,
0xff, 0xff, 0x00, 0xff, 0xff, 0xff, 0x00, 0xff, 0xff, 0xff, 0x00, 0xff, 0xff, 0xff, 0x00,
0xff, 0xff, 0xff, 0x00, 0xff, 0xff, 0xff, 0x00, 0xff, 0xff, 0xff, 0x00, 0xff, 0xff, 0xff,
0x00, 0x00, 0x43, 0xc7, 0x00, 0x00, 0x4e, 0xd6, 0x2f, 0x00, 0x6c, 0xff, 0xfb, 0x00, 0x6a,
0xff, 0xff, 0x00, 0x6a, 0xff, 0xff, 0x00, 0x6a, 0xff, 0xff, 0x00, 0x6a, 0xff, 0xff, 0x00,
0x6a, 0xff, 0xff, 0x00, 0x6a, 0xff, 0xff, 0x00, 0x6a, 0xff, 0xff, 0x00, 0x6a, 0xff, 0xff,
0x00, 0x6a, 0xff, 0xff, 0x00, 0x6a, 0xff, 0xff, 0x00, 0x6a, 0xff, 0xff, 0x00, 0x6a, 0xff,
0xff, 0x00, 0x6a, 0xff, 0xff, 0x00, 0x6a, 0xff, 0xff, 0x00, 0x6a, 0xff, 0xff, 0x00, 0x6a,
0xff, 0xff, 0x00, 0x6a, 0xff, 0xff, 0x00, 0x6a, 0xff, 0xff, 0x00, 0x6a, 0xff, 0xff, 0x00,
0x6a, 0xff, 0xff, 0x00, 0x61, 0xff, 0xff, 0x69, 0xa7, 0xff, 0xff, 0xff, 0xff, 0xfe, 0xff,
0xfe, 0xfe, 0xfe, 0xff, 0xfe, 0xfe, 0xfe, 0xff, 0xfe, 0xfe, 0xfe, 0xff, 0xfe, 0xfe, 0xfe,
0xff, 0xfe, 0xfe, 0xfe, 0xff, 0xfe, 0xfe, 0xfe, 0xff, 0xfe, 0xfe, 0xfe, 0xff, 0xfe, 0xfe,
0xfe, 0xff, 0xfe, 0xfe, 0xfe, 0xff, 0xfe, 0xfe, 0xfe, 0xff, 0xfe, 0xfe, 0xfe, 0xff, 0xfe,
0xfe, 0xfe, 0xff, 0xfe, 0xfe, 0xfe, 0xff, 0xfe, 0xfe, 0xfe, 0xff, 0xfe, 0xfe, 0xfe, 0xff,
0xfe, 0xfe, 0xfe, 0xff, 0xfe, 0xfe, 0xfe, 0xff, 0xfe, 0xfe, 0xfe, 0xff, 0xfe, 0xfe, 0xfe,
0xff, 0xfe, 0xfe, 0xfe, 0xff, 0xfe, 0xfe, 0xfe, 0xff, 0xfe, 0xfe, 0xfe, 0xff, 0xfe, 0xfe,
0xfe, 0xff, 0xfe, 0xfe, 0xfe, 0xff, 0xfe, 0xfe, 0xfe, 0xff, 0xfe, 0xfe, 0xfe, 0xff, 0xfe,
0xfe, 0xfe, 0xff, 0xff, 0xff, 0xfe, 0xff, 0xd4, 0xe6, 0xfe, 0xff, 0x04, 0x6d, 0xff, 0xff,
0x00, 0x68, 0xff, 0xff, 0x00, 0x6a, 0xff, 0xff, 0x00, 0x69, 0xff, 0xff, 0x03, 0x6c, 0xff,
0xff, 0xd1, 0xe4, 0xfe, 0xff, 0xff, 0xff, 0xfe, 0xff, 0xfe, 0xfe, 0xfe, 0xff, 0xfe, 0xfe,
0xfe, 0xff, 0xfe, 0xfe, 0xfe, 0xff, 0xfe, 0xfe, 0xfe, 0xff, 0xfe, 0xfe, 0xfe, 0xff, 0xfe,
0xfe, 0xfe, 0xff, 0xfe, 0xfe, 0xfe, 0xff, 0xfe, 0xfe, 0xfe, 0xff, 0xfe, 0xfe, 0xfe, 0xff,
0xfe, 0xfe, 0xfe, 0xff, 0xfe, 0xfe, 0xfe, 0xff, 0xfe, 0xfe, 0xfe, 0xff, 0xfe, 0xfe, 0xfe,
0xff, 0xfe, 0xfe, 0xfe, 0xff, 0xfe, 0xfe, 0xfe, 0xff, 0xfe, 0xfe, 0xfe, 0xff, 0xfe, 0xfe,
0xfe, 0xff, 0xfe, 0xfe, 0xfe, 0xff, 0xfe, 0xfe, 0xfe, 0xff, 0xfe, 0xfe, 0xfe, 0xff, 0xfe,
0xfe, 0xfe, 0xff, 0xfe, 0xfe, 0xfe, 0xff, 0xfe, 0xfe, 0xfe, 0xff, 0xfe, 0xfe, 0xfe, 0xff,
0xff, 0xff, 0xfe, 0xff, 0x69, 0xa7, 0xff, 0xff, 0x00, 0x61, 0xff, 0xff, 0x00, 0x6a, 0xff,
0xff, 0x00, 0x6a, 0xff, 0xff, 0x00, 0x6a, 0xff, 0xff, 0x00, 0x6a, 0xff, 0xff, 0x00, 0x6a,
0xff, 0xff, 0x00, 0x6a, 0xff, 0xff, 0x00, 0x6a, 0xff, 0xff, 0x00, 0x6a, 0xff, 0xff, 0x00,
0x6a, 0xff, 0xff, 0x00, 0x6a, 0xff, 0xff, 0x00, 0x6a, 0xff, 0xff, 0x00, 0x6a, 0xff, 0xff,
0x00, 0x6a, 0xff, 0xff, 0x00, 0x6a, 0xff, 0xff, 0x00, 0x6a, 0xff, 0xff, 0x00, 0x6a, 0xff,
0xff, 0x00, 0x6a, 0xff, 0xff, 0x00, 0x6a, 0xff, 0xff, 0x00, 0x6a, 0xff, 0xff, 0x00, 0x6a,
0xff, 0xff, 0x00, 0x68, 0xfb, 0xa5, 0x00, 0x64, 0xf4, 0x00, 0xff, 0xff, 0xff, 0x00, 0xff,
0xff, 0xff, 0x00, 0xff, 0xff, 0xff, 0x00, 0xff, 0xff, 0xff, 0x00, 0xff, 0xff, 0xff, 0x00,
0xff, 0xff, 0xff, 0x00, 0xff, 0xff, 0xff, 0x00, 0xff, 0xff, 0xff, 0x00, 0xff, 0xff, 0xff,
0x00, 0xff, 0xff, 0xff, 0x00, 0xff, 0xff, 0xff, 0x00, 0xff, 0xff, 0xff, 0x00, 0xff, 0xff,
0xff, 0x00, 0xff, 0xff, 0xff, 0x00, 0xff, 0xff, 0xff, 0x00, 0xff, 0xff, 0xff, 0x00, 0xff,
0xff, 0xff, 0x00, 0x00, 0x60, 0xef, 0x00, 0x00, 0x60, 0xef, 0x00, 0x00, 0x67, 0xfc, 0xc2,
0x00, 0x6b, 0xff, 0xff, 0x00, 0x6a, 0xff, 0xff, 0x00, 0x6a, 0xff, 0xff, 0x00, 0x6a, 0xff,
0xff, 0x00, 0x6a, 0xff, 0xff, 0x00, 0x6a, 0xff, 0xff, 0x00, 0x6a, 0xff, 0xff, 0x00, 0x6a,
0xff, 0xff, 0x00, 0x6a, 0xff, 0xff, 0x00, 0x6a, 0xff, 0xff, 0x00, 0x6a, 0xff, 0xff, 0x00,
0x6a, 0xff, 0xff, 0x00, 0x6a, 0xff, 0xff, 0x00, 0x6a, 0xff, 0xff, 0x00, 0x6a, 0xff, 0xff,
0x00, 0x6a, 0xff, 0xff, 0x00, 0x6a, 0xff, 0xff, 0x00, 0x6a, 0xff, 0xff, 0x00, 0x6a, 0xff,
0xff, 0x00, 0x6a, 0xff, 0xff, 0x00, 0x62, 0xff, 0xff, 0x61, 0xa2, 0xff, 0xff, 0xff, 0xff,
0xfe, 0xff, 0xfe, 0xfe, 0xfe, 0xff, 0xfe, 0xfe, 0xfe, 0xff, 0xfe, 0xfe, 0xfe, 0xff, 0xfe,
0xfe, 0xfe, 0xff, 0xfe, 0xfe, 0xfe, 0xff, 0xfe, 0xfe, 0xfe, 0xff, 0xfe, 0xfe, 0xfe, 0xff,
0xfe, 0xfe, 0xfe, 0xff, 0xfe, 0xfe, 0xfe, 0xff, 0xfe, 0xfe, 0xfe, 0xff, 0xfe, 0xfe, 0xfe,
0xff, 0xfe, 0xfe, 0xfe, 0xff, 0xfe, 0xfe, 0xfe, 0xff, 0xfe, 0xfe, 0xfe, 0xff, 0xfe, 0xfe,
0xfe, 0xff, 0xfe, 0xfe, 0xfe, 0xff, 0xfe, 0xfe, 0xfe, 0xff, 0xfe, 0xfe, 0xfe, 0xff, 0xfe,
0xfe, 0xfe, 0xff, 0xfe, 0xfe, 0xfe, 0xff, 0xfe, 0xfe, 0xfe, 0xff, 0xfe, 0xfe, 0xfe, 0xff,
0xfe, 0xfe, 0xfe, 0xff, 0xfe, 0xfe, 0xfe, 0xff, 0xfe, 0xfe, 0xfe, 0xff, 0xfe, 0xfe, 0xfe,
0xff, 0xfe, 0xfe, 0xfe, 0xff, 0xff, 0xff, 0xfe, 0xff, 0xd4, 0xe6, 0xfe, 0xff, 0x04, 0x6d,
0xff, 0xff, 0x00, 0x68, 0xff, 0xff, 0x00, 0x6a, 0xff, 0xff, 0x00, 0x69, 0xff, 0xff, 0x03,
0x6c, 0xff, 0xff, 0xd1, 0xe4, 0xfe, 0xff, 0xff, 0xff, 0xfe, 0xff, 0xfe, 0xfe, 0xfe, 0xff,
0xfe, 0xfe, 0xfe, 0xff, 0xfe, 0xfe, 0xfe, 0xff, 0xfe, 0xfe, 0xfe, 0xff, 0xfe, 0xfe, 0xfe,
0xff, 0xfe, 0xfe, 0xfe, 0xff, 0xfe, 0xfe, 0xfe, 0xff, 0xfe, 0xfe, 0xfe, 0xff, 0xfe, 0xfe,
0xfe, 0xff, 0xfe, 0xfe, 0xfe, 0xff, 0xfe, 0xfe, 0xfe, 0xff, 0xfe, 0xfe, 0xfe, 0xff, 0xfe,
0xfe, 0xfe, 0xff, 0xfe, 0xfe, 0xfe, 0xff, 0xfe, 0xfe, 0xfe, 0xff, 0xfe, 0xfe, 0xfe, 0xff,
0xfe, 0xfe, 0xfe, 0xff, 0xfe, 0xfe, 0xfe, 0xff, 0xfe, 0xfe, 0xfe, 0xff, 0xfe, 0xfe, 0xfe,
0xff, 0xfe, 0xfe, 0xfe, 0xff, 0xfe, 0xfe, 0xfe, 0xff, 0xfe, 0xfe, 0xfe, 0xff, 0xfe, 0xfe,
0xfe, 0xff, 0xff, 0xff, 0xfe, 0xff, 0x61, 0xa2, 0xff, 0xff, 0x00, 0x62, 0xff, 0xff, 0x00,
0x6a, 0xff, 0xff, 0x00, 0x6a, 0xff, 0xff, 0x00, 0x6a, 0xff, 0xff, 0x00, 0x6a, 0xff, 0xff,
0x00, 0x6a, 0xff, 0xff, 0x00, 0x6a, 0xff, 0xff, 0x00, 0x6a, 0xff, 0xff, 0x00, 0x6a, 0xff,
0xff, 0x00, 0x6a, 0xff, 0xff, 0x00, 0x6a, 0xff, 0xff, 0x00, 0x6a, 0xff, 0xff, 0x00, 0x6a,
0xff, 0xff, 0x00, 0x6a, 0xff, 0xff, 0x00, 0x6a, 0xff, 0xff, 0x00, 0x6a, 0xff, 0xff, 0x00,
0x6a, 0xff, 0xff, 0x00, 0x6a, 0xff, 0xff, 0x00, 0x6a, 0xff, 0xff, 0x00, 0x6a, 0xff, 0xff,
0x00, 0x6b, 0xff, 0xff, 0x00, 0x69, 0xfb, 0x67, 0x00, 0x66, 0xf6, 0x00, 0xff, 0xff, 0xff,
0x00, 0xff, 0xff, 0xff, 0x00, 0xff, 0xff, 0xff, 0x00, 0xff, 0xff, 0xff, 0x00, 0xff, 0xff,
0xff, 0x00, 0xff, 0xff, 0xff, 0x00, 0xff, 0xff, 0xff, 0x00, 0xff, 0xff, 0xff, 0x00, 0xff,
0xff, 0xff, 0x00, 0xff, 0xff, 0xff, 0x00, 0xff, 0xff, 0xff, 0x00, 0xff, 0xff, 0xff, 0x00,
0xff, 0xff, 0xff, 0x00, 0xff, 0xff, 0xff, 0x00, 0xff, 0xff, 0xff, 0x00, 0xff, 0xff, 0xff,
0x00, 0xff, 0xff, 0xff, 0x00, 0x00, 0x5c, 0xe2, 0x00, 0x00, 0x5b, 0xe0, 0x00, 0x00, 0x63,
0xee, 0x6e, 0x00, 0x6b, 0xff, 0xff, 0x00, 0x6a, 0xff, 0xff, 0x00, 0x6a, 0xff, 0xff, 0x00,
0x6a, 0xff, 0xff, 0x00, 0x6a, 0xff, 0xff, 0x00, 0x6a, 0xff, 0xff, 0x00, 0x6a, 0xff, 0xff,
0x00, 0x6a, 0xff, 0xff, 0x00, 0x6a, 0xff, 0xff, 0x00, 0x6a, 0xff, 0xff, 0x00, 0x6a, 0xff,
0xff, 0x00, 0x6a, 0xff, 0xff, 0x00, 0x6a, 0xff, 0xff, 0x00, 0x6a, 0xff, 0xff, 0x00, 0x6a,
0xff, 0xff, 0x00, 0x6a, 0xff, 0xff, 0x00, 0x6a, 0xff, 0xff, 0x00, 0x6a, 0xff, 0xff, 0x00,
0x6a, 0xff, 0xff, 0x00, 0x6a, 0xff, 0xff, 0x00, 0x62, 0xff, 0xff, 0x54, 0x9b, 0xff, 0xff,
0xff, 0xff, 0xfe, 0xff, 0xfe, 0xfe, 0xfe, 0xff, 0xfe, 0xfe, 0xfe, 0xff, 0xfe, 0xfe, 0xfe,
0xff, 0xfe, 0xfe, 0xfe, 0xff, 0xfe, 0xfe, 0xfe, 0xff, 0xfe, 0xfe, 0xfe, 0xff, 0xfe, 0xfe,
0xfe, 0xff, 0xfe, 0xfe, 0xfe, 0xff, 0xfe, 0xfe, 0xfe, 0xff, 0xfe, 0xfe, 0xfe, 0xff, 0xfe,
0xfe, 0xfe, 0xff, 0xfe, 0xfe, 0xfe, 0xff, 0xfe, 0xfe, 0xfe, 0xff, 0xfe, 0xfe, 0xfe, 0xff,
0xfe, 0xfe, 0xfe, 0xff, 0xfe, 0xfe, 0xfe, 0xff, 0xfe, 0xfe, 0xfe, 0xff, 0xfe, 0xfe, 0xfe,
0xff, 0xfe, 0xfe, 0xfe, 0xff, 0xfe, 0xfe, 0xfe, 0xff, 0xfe, 0xfe, 0xfe, 0xff, 0xfe, 0xfe,
0xfe, 0xff, 0xfe, 0xfe, 0xfe, 0xff, 0xfe, 0xfe, 0xfe, 0xff, 0xfe, 0xfe, 0xfe, 0xff, 0xfe,
0xfe, 0xfe, 0xff, 0xfe, 0xfe, 0xfe, 0xff, 0xff, 0xff, 0xfe, 0xff, 0xd4, 0xe6, 0xfe, 0xff,
0x04, 0x6d, 0xff, 0xff, 0x00, 0x68, 0xff, 0xff, 0x00, 0x6a, 0xff, 0xff, 0x00, 0x69, 0xff,
0xff, 0x03, 0x6c, 0xff, 0xff, 0xd1, 0xe4, 0xfe, 0xff, 0xff, 0xff, 0xfe, 0xff, 0xfe, 0xfe,
0xfe, 0xff, 0xfe, 0xfe, 0xfe, 0xff, 0xfe, 0xfe, 0xfe, 0xff, 0xfe, 0xfe, 0xfe, 0xff, 0xfe,
0xfe, 0xfe, 0xff, 0xfe, 0xfe, 0xfe, 0xff, 0xfe, 0xfe, 0xfe, 0xff, 0xfe, 0xfe, 0xfe, 0xff,
0xfe, 0xfe, 0xfe, 0xff, 0xfe, 0xfe, 0xfe, 0xff, 0xfe, 0xfe, 0xfe, 0xff, 0xfe, 0xfe, 0xfe,
0xff, 0xfe, 0xfe, 0xfe, 0xff, 0xfe, 0xfe, 0xfe, 0xff, 0xfe, 0xfe, 0xfe, 0xff, 0xfe, 0xfe,
0xfe, 0xff, 0xfe, 0xfe, 0xfe, 0xff, 0xfe, 0xfe, 0xfe, 0xff, 0xfe, 0xfe, 0xfe, 0xff, 0xfe,
0xfe, 0xfe, 0xff, 0xfe, 0xfe, 0xfe, 0xff, 0xfe, 0xfe, 0xfe, 0xff, 0xfe, 0xfe, 0xfe, 0xff,
0xfe, 0xfe, 0xfe, 0xff, 0xff, 0xff, 0xfe, 0xff, 0x53, 0x9b, 0xff, 0xff, 0x00, 0x62, 0xff,
0xff, 0x00, 0x6a, 0xff, 0xff, 0x00, 0x6a, 0xff, 0xff, 0x00, 0x6a, 0xff, 0xff, 0x00, 0x6a,
0xff, 0xff, 0x00, 0x6a, 0xff, 0xff, 0x00, 0x6a, 0xff, 0xff, 0x00, 0x6a, 0xff, 0xff, 0x00,
0x6a, 0xff, 0xff, 0x00, 0x6a, 0xff, 0xff, 0x00, 0x6a, 0xff, 0xff, 0x00, 0x6a, 0xff, 0xff,
0x00, 0x6a, 0xff, 0xff, 0x00, 0x6a, 0xff, 0xff, 0x00, 0x6a, 0xff, 0xff, 0x00, 0x6a, 0xff,
0xff, 0x00, 0x6a, 0xff, 0xff, 0x00, 0x6a, 0xff, 0xff, 0x00, 0x6a, 0xff, 0xff, 0x00, 0x6a,
0xff, 0xff, 0x00, 0x6b, 0xfe, 0xfc, 0x00, 0x31, 0x8e, 0x30, 0x00, 0x21, 0x6c, 0x00, 0xff,
0xff, 0xff, 0x00, 0xff, 0xff, 0xff, 0x00, 0xff, 0xff, 0xff, 0x00, 0xff, 0xff, 0xff, 0x00,
0xff, 0xff, 0xff, 0x00, 0xff, 0xff, 0xff, 0x00, 0xff, 0xff, 0xff, 0x00, 0xff, 0xff, 0xff,
0x00, 0xff, 0xff, 0xff, 0x00, 0xff, 0xff, 0xff, 0x00, 0xff, 0xff, 0xff, 0x00, 0xff, 0xff,
0xff, 0x00, 0xff, 0xff, 0xff, 0x00, 0xff, 0xff, 0xff, 0x00, 0xff, 0xff, 0xff, 0x00, 0xff,
0xff, 0xff, 0x00, 0xff, 0xff, 0xff, 0x00, 0x00, 0x66, 0xf2, 0x00, 0x00, 0x66, 0xf2, 0x00,
0x00, 0x67, 0xf5, 0x2a, 0x00, 0x6a, 0xff, 0xf9, 0x00, 0x6a, 0xff, 0xff, 0x00, 0x6a, 0xff,
0xff, 0x00, 0x6a, 0xff, 0xff, 0x00, 0x6a, 0xff, 0xff, 0x00, 0x6a, 0xff, 0xff, 0x00, 0x6a,
0xff, 0xff, 0x00, 0x6a, 0xff, 0xff, 0x00, 0x6a, 0xff, 0xff, 0x00, 0x6a, 0xff, 0xff, 0x00,
0x6a, 0xff, 0xff, 0x00, 0x6a, 0xff, 0xff, 0x00, 0x6a, 0xff, 0xff, 0x00, 0x6a, 0xff, 0xff,
0x00, 0x6a, 0xff, 0xff, 0x00, 0x6a, 0xff, 0xff, 0x00, 0x6a, 0xff, 0xff, 0x00, 0x6a, 0xff,
0xff, 0x00, 0x6a, 0xff, 0xff, 0x00, 0x6a, 0xff, 0xff, 0x00, 0x64, 0xff, 0xff, 0x3e, 0x8e,
0xff, 0xff, 0xff, 0xff, 0xfe, 0xff, 0xff, 0xff, 0xfe, 0xff, 0xfe, 0xfe, 0xfe, 0xff, 0xfe,
0xfe, 0xfe, 0xff, 0xfe, 0xfe, 0xfe, 0xff, 0xfe, 0xfe, 0xfe, 0xff, 0xfe, 0xfe, 0xfe, 0xff,
0xfe, 0xfe, 0xfe, 0xff, 0xfe, 0xfe, 0xfe, 0xff, 0xfe, 0xfe, 0xfe, 0xff, 0xfe, 0xfe, 0xfe,
0xff, 0xfe, 0xfe, 0xfe, 0xff, 0xfe, 0xfe, 0xfe, 0xff, 0xfe, 0xfe, 0xfe, 0xff, 0xfe, 0xfe,
0xfe, 0xff, 0xfe, 0xfe, 0xfe, 0xff, 0xfe, 0xfe, 0xfe, 0xff, 0xfe, 0xfe, 0xfe, 0xff, 0xfe,
0xfe, 0xfe, 0xff, 0xfe, 0xfe, 0xfe, 0xff, 0xfe, 0xfe, 0xfe, 0xff, 0xfe, 0xfe, 0xfe, 0xff,
0xfe, 0xfe, 0xfe, 0xff, 0xfe, 0xfe, 0xfe, 0xff, 0xfe, 0xfe, 0xfe, 0xff, 0xfe, 0xfe, 0xfe,
0xff, 0xfe, 0xfe, 0xfe, 0xff, 0xfe, 0xfe, 0xfe, 0xff, 0xff, 0xff, 0xfe, 0xff, 0xd4, 0xe6,
0xfe, 0xff, 0x04, 0x6d, 0xff, 0xff, 0x00, 0x68, 0xff, 0xff, 0x00, 0x6a, 0xff, 0xff, 0x00,
0x69, 0xff, 0xff, 0x03, 0x6c, 0xff, 0xff, 0xd1, 0xe4, 0xfe, 0xff, 0xff, 0xff, 0xfe, 0xff,
0xfe, 0xfe, 0xfe, 0xff, 0xfe, 0xfe, 0xfe, 0xff, 0xfe, 0xfe, 0xfe, 0xff, 0xfe, 0xfe, 0xfe,
0xff, 0xfe, 0xfe, 0xfe, 0xff, 0xfe, 0xfe, 0xfe, 0xff, 0xfe, 0xfe, 0xfe, 0xff, 0xfe, 0xfe,
0xfe, 0xff, 0xfe, 0xfe, 0xfe, 0xff, 0xfe, 0xfe, 0xfe, 0xff, 0xfe, 0xfe, 0xfe, 0xff, 0xfe,
0xfe, 0xfe, 0xff, 0xfe, 0xfe, 0xfe, 0xff, 0xfe, 0xfe, 0xfe, 0xff, 0xfe, 0xfe, 0xfe, 0xff,
0xfe, 0xfe, 0xfe, 0xff, 0xfe, 0xfe, 0xfe, 0xff, 0xfe, 0xfe, 0xfe, 0xff, 0xfe, 0xfe, 0xfe,
0xff, 0xfe, 0xfe, 0xfe, 0xff, 0xfe, 0xfe, 0xfe, 0xff, 0xfe, 0xfe, 0xfe, 0xff, 0xfe, 0xfe,
0xfe, 0xff, 0xff, 0xff, 0xfe, 0xff, 0xff, 0xff, 0xfe, 0xff, 0x3e, 0x8e, 0xff, 0xff, 0x00,
0x64, 0xff, 0xff, 0x00, 0x6a, 0xff, 0xff, 0x00, 0x6a, 0xff, 0xff, 0x00, 0x6a, 0xff, 0xff,
0x00, 0x6a, 0xff, 0xff, 0x00, 0x6a, 0xff, 0xff, 0x00, 0x6a, 0xff, 0xff, 0x00, 0x6a, 0xff,
0xff, 0x00, 0x6a, 0xff, 0xff, 0x00, 0x6a, 0xff, 0xff, 0x00, 0x6a, 0xff, 0xff, 0x00, 0x6a,
0xff, 0xff, 0x00, 0x6a, 0xff, 0xff, 0x00, 0x6a, 0xff, 0xff, 0x00, 0x6a, 0xff, 0xff, 0x00,
0x6a, 0xff, 0xff, 0x00, 0x6a, 0xff, 0xff, 0x00, 0x6a, 0xff, 0xff, 0x00, 0x6a, 0xff, 0xff,
0x00, 0x6b, 0xff, 0xff, 0x00, 0x66, 0xf5, 0xbd, 0x00, 0x4a, 0xc2, 0x00, 0x00, 0x48, 0xc0,
0x00, 0xff, 0xff, 0xff, 0x00, 0xff, 0xff, 0xff, 0x00, 0xff, 0xff, 0xff, 0x00, 0xff, 0xff,
0xff, 0x00, 0xff, 0xff, 0xff, 0x00, 0xff, 0xff, 0xff, 0x00, 0xff, 0xff, 0xff, 0x00, 0xff,
0xff, 0xff, 0x00, 0xff, 0xff, 0xff, 0x00, 0xff, 0xff, 0xff, 0x00, 0xff, 0xff, 0xff, 0x00,
0xff, 0xff, 0xff, 0x00, 0xff, 0xff, 0xff, 0x00, 0xff, 0xff, 0xff, 0x00, 0xff, 0xff, 0xff,
0x00, 0xff, 0xff, 0xff, 0x00, 0xff, 0xff, 0xff, 0x00, 0x00, 0x67, 0xfb, 0x00, 0x00, 0x67,
0xfb, 0x00, 0x00, 0x67, 0xfa, 0x00, 0x00, 0x69, 0xfe, 0xa7, 0x00, 0x6a, 0xff, 0xff, 0x00,
0x6a, 0xff, 0xff, 0x00, 0x6a, 0xff, 0xff, 0x00, 0x6a, 0xff, 0xff, 0x00, 0x6a, 0xff, 0xff,
0x00, 0x6a, 0xff, 0xff, 0x00, 0x6a, 0xff, 0xff, 0x00, 0x6a, 0xff, 0xff, 0x00, 0x6a, 0xff,
0xff, 0x00, 0x6a, 0xff, 0xff, 0x00, 0x6a, 0xff, 0xff, 0x00, 0x6a, 0xff, 0xff, 0x00, 0x6a,
0xff, 0xff, 0x00, 0x6a, 0xff, 0xff, 0x00, 0x6a, 0xff, 0xff, 0x00, 0x6a, 0xff, 0xff, 0x00,
0x6a, 0xff, 0xff, 0x00, 0x6a, 0xff, 0xff, 0x00, 0x6a, 0xff, 0xff, 0x00, 0x67, 0xff, 0xff,
0x1a, 0x79, 0xff, 0xff, 0xf1, 0xf6, 0xfe, 0xff, 0xff, 0xff, 0xfe, 0xff, 0xfe, 0xfe, 0xfe,
0xff, 0xfe, 0xfe, 0xfe, 0xff, 0xfe, 0xfe, 0xfe, 0xff, 0xfe, 0xfe, 0xfe, 0xff, 0xfe, 0xfe,
0xfe, 0xff, 0xfe, 0xfe, 0xfe, 0xff, 0xfe, 0xfe, 0xfe, 0xff, 0xfe, 0xfe, 0xfe, 0xff, 0xfe,
0xfe, 0xfe, 0xff, 0xfe, 0xfe, 0xfe, 0xff, 0xfe, 0xfe, 0xfe, 0xff, 0xfe, 0xfe, 0xfe, 0xff,
0xfe, 0xfe, 0xfe, 0xff, 0xfe, 0xfe, 0xfe, 0xff, 0xfe, 0xfe, 0xfe, 0xff, 0xfe, 0xfe, 0xfe,
0xff, 0xfe, 0xfe, 0xfe, 0xff, 0xfe, 0xfe, 0xfe, 0xff, 0xfe, 0xfe, 0xfe, 0xff, 0xfe, 0xfe,
0xfe, 0xff, 0xfe, 0xfe, 0xfe, 0xff, 0xfe, 0xfe, 0xfe, 0xff, 0xfe, 0xfe, 0xfe, 0xff, 0xfe,
0xfe, 0xfe, 0xff, 0xfe, 0xfe, 0xfe, 0xff, 0xfe, 0xfe, 0xfe, 0xff, 0xff, 0xff, 0xfe, 0xff,
0xd4, 0xe6, 0xfe, 0xff, 0x04, 0x6d, 0xff, 0xff, 0x00, 0x68, 0xff, 0xff, 0x00, 0x6a, 0xff,
0xff, 0x00, 0x69, 0xff, 0xff, 0x03, 0x6c, 0xff, 0xff, 0xd1, 0xe4, 0xfe, 0xff, 0xff, 0xff,
0xfe, 0xff, 0xfe, 0xfe, 0xfe, 0xff, 0xfe, 0xfe, 0xfe, 0xff, 0xfe, 0xfe, 0xfe, 0xff, 0xfe,
0xfe, 0xfe, 0xff, 0xfe, 0xfe, 0xfe, 0xff, 0xfe, 0xfe, 0xfe, 0xff, 0xfe, 0xfe, 0xfe, 0xff,
0xfe, 0xfe, 0xfe, 0xff, 0xfe, 0xfe, 0xfe, 0xff, 0xfe, 0xfe, 0xfe, 0xff, 0xfe, 0xfe, 0xfe,
0xff, 0xfe, 0xfe, 0xfe, 0xff, 0xfe, 0xfe, 0xfe, 0xff, 0xfe, 0xfe, 0xfe, 0xff, 0xfe, 0xfe,
0xfe, 0xff, 0xfe, 0xfe, 0xfe, 0xff, 0xfe, 0xfe, 0xfe, 0xff, 0xfe, 0xfe, 0xfe, 0xff, 0xfe,
0xfe, 0xfe, 0xff, 0xfe, 0xfe, 0xfe, 0xff, 0xfe, 0xfe, 0xfe, 0xff, 0xfe, 0xfe, 0xfe, 0xff,
0xfe, 0xfe, 0xfe, 0xff, 0xff, 0xff, 0xfe, 0xff, 0xf1, 0xf6, 0xfe, 0xff, 0x1a, 0x79, 0xff,
0xff, 0x00, 0x67, 0xff, 0xff, 0x00, 0x6a, 0xff, 0xff, 0x00, 0x6a, 0xff, 0xff, 0x00, 0x6a,
0xff, 0xff, 0x00, 0x6a, 0xff, 0xff, 0x00, 0x6a, 0xff, 0xff, 0x00, 0x6a, 0xff, 0xff, 0x00,
0x6a, 0xff, 0xff, 0x00, 0x6a, 0xff, 0xff, 0x00, 0x6a, 0xff, 0xff, 0x00, 0x6a, 0xff, 0xff,
0x00, 0x6a, 0xff, 0xff, 0x00, 0x6a, 0xff, 0xff, 0x00, 0x6a, 0xff, 0xff, 0x00, 0x6a, 0xff,
0xff, 0x00, 0x6a, 0xff, 0xff, 0x00, 0x6a, 0xff, 0xff, 0x00, 0x6a, 0xff, 0xff, 0x00, 0x6a,
0xff, 0xff, 0x00, 0x6a, 0xff, 0xff, 0x00, 0x6b, 0xff, 0x69, 0x00, 0x6d, 0xfe, 0x00, 0x00,
0x6d, 0xff, 0x00, 0xff, 0xff, 0xff, 0x00, 0xff, 0xff, 0xff, 0x00, 0xff, 0xff, 0xff, 0x00,
0xff, 0xff, 0xff, 0x00, 0xff, 0xff, 0xff, 0x00, 0xff, 0xff, 0xff, 0x00, 0xff, 0xff, 0xff,
0x00, 0xff, 0xff, 0xff, 0x00, 0xff, 0xff, 0xff, 0x00, 0xff, 0xff, 0xff, 0x00, 0xff, 0xff,
0xff, 0x00, 0xff, 0xff, 0xff, 0x00, 0xff, 0xff, 0xff, 0x00, 0xff, 0xff, 0xff, 0x00, 0xff,
0xff, 0xff, 0x00, 0xff, 0xff, 0xff, 0x00, 0xff, 0xff, 0xff, 0x00, 0x00, 0x68, 0xf0, 0x00,
0x00, 0x68, 0xf0, 0x00, 0x00, 0x67, 0xf0, 0x00, 0x00, 0x69, 0xf4, 0x4c, 0x00, 0x6a, 0xff,
0xff, 0x00, 0x6a, 0xff, 0xff, 0x00, 0x6a, 0xff, 0xff, 0x00, 0x6a, 0xff, 0xff, 0x00, 0x6a,
0xff, 0xff, 0x00, 0x6a, 0xff, 0xff, 0x00, 0x6a, 0xff, 0xff, 0x00, 0x6a, 0xff, 0xff, 0x00,
0x6a, 0xff, 0xff, 0x00, 0x6a, 0xff, 0xff, 0x00, 0x6a, 0xff, 0xff, 0x00, 0x6a, 0xff, 0xff,
0x00, 0x6a, 0xff, 0xff, 0x00, 0x6a, 0xff, 0xff, 0x00, 0x6a, 0xff, 0xff, 0x00, 0x6a, 0xff,
0xff, 0x00, 0x6a, 0xff, 0xff, 0x00, 0x6a, 0xff, 0xff, 0x00, 0x6a, 0xff, 0xff, 0x00, 0x69,
0xff, 0xff, 0x01, 0x68, 0xff, 0xff, 0xc7, 0xde, 0xfe, 0xff, 0xff, 0xff, 0xfe, 0xff, 0xfe,
0xfe, 0xfe, 0xff, 0xfe, 0xfe, 0xfe, 0xff, 0xfe, 0xfe, 0xfe, 0xff, 0xfe, 0xfe, 0xfe, 0xff,
0xfe, 0xfe, 0xfe, 0xff, 0xfe, 0xfe, 0xfe, 0xff, 0xfe, 0xfe, 0xfe, 0xff, 0xfe, 0xfe, 0xfe,
0xff, 0xfe, 0xfe, 0xfe, 0xff, 0xfe, 0xfe, 0xfe, 0xff, 0xfe, 0xfe, 0xfe, 0xff, 0xfe, 0xfe,
0xfe, 0xff, 0xfe, 0xfe, 0xfe, 0xff, 0xfe, 0xfe, 0xfe, 0xff, 0xfe, 0xfe, 0xfe, 0xff, 0xfe,
0xfe, 0xfe, 0xff, 0xfe, 0xfe, 0xfe, 0xff, 0xfe, 0xfe, 0xfe, 0xff, 0xfe, 0xfe, 0xfe, 0xff,
0xfe, 0xfe, 0xfe, 0xff, 0xfe, 0xfe, 0xfe, 0xff, 0xfe, 0xfe, 0xfe, 0xff, 0xfe, 0xfe, 0xfe,
0xff, 0xfe, 0xfe, 0xfe, 0xff, 0xfe, 0xfe, 0xfe, 0xff, 0xfe, 0xfe, 0xfe, 0xff, 0xff, 0xff,
0xfe, 0xff, 0xd4, 0xe6, 0xfe, 0xff, 0x04, 0x6d, 0xff, 0xff, 0x00, 0x68, 0xff, 0xff, 0x00,
0x6a, 0xff, 0xff, 0x00, 0x69, 0xff, 0xff, 0x03, 0x6c, 0xff, 0xff, 0xd1, 0xe4, 0xfe, 0xff,
0xff, 0xff, 0xfe, 0xff, 0xfe, 0xfe, 0xfe, 0xff, 0xfe, 0xfe, 0xfe, 0xff, 0xfe, 0xfe, 0xfe,
0xff, 0xfe, 0xfe, 0xfe, 0xff, 0xfe, 0xfe, 0xfe, 0xff, 0xfe, 0xfe, 0xfe, 0xff, 0xfe, 0xfe,
0xfe, 0xff, 0xfe, 0xfe, 0xfe, 0xff, 0xfe, 0xfe, 0xfe, 0xff, 0xfe, 0xfe, 0xfe, 0xff, 0xfe,
0xfe, 0xfe, 0xff, 0xfe, 0xfe, 0xfe, 0xff, 0xfe, 0xfe, 0xfe, 0xff, 0xfe, 0xfe, 0xfe, 0xff,
0xfe, 0xfe, 0xfe, 0xff, 0xfe, 0xfe, 0xfe, 0xff, 0xfe, 0xfe, 0xfe, 0xff, 0xfe, 0xfe, 0xfe,
0xff, 0xfe, 0xfe, 0xfe, 0xff, 0xfe, 0xfe, 0xfe, 0xff, 0xfe, 0xfe, 0xfe, 0xff, 0xfe, 0xfe,
0xfe, 0xff, 0xfe, 0xfe, 0xfe, 0xff, 0xff, 0xff, 0xfe, 0xff, 0xc7, 0xde, 0xfe, 0xff, 0x01,
0x68, 0xff, 0xff, 0x00, 0x69, 0xff, 0xff, 0x00, 0x6a, 0xff, 0xff, 0x00, 0x6a, 0xff, 0xff,
0x00, 0x6a, 0xff, 0xff, 0x00, 0x6a, 0xff, 0xff, 0x00, 0x6a, 0xff, 0xff, 0x00, 0x6a, 0xff,
0xff, 0x00, 0x6a, 0xff, 0xff, 0x00, 0x6a, 0xff, 0xff, 0x00, 0x6a, 0xff, 0xff, 0x00, 0x6a,
0xff, 0xff, 0x00, 0x6a, 0xff, 0xff, 0x00, 0x6a, 0xff, 0xff, 0x00, 0x6a, 0xff, 0xff, 0x00,
0x6a, 0xff, 0xff, 0x00, 0x6a, 0xff, 0xff, 0x00, 0x6a, 0xff, 0xff, 0x00, 0x6a, 0xff, 0xff,
0x00, 0x6a, 0xff, 0xff, 0x00, 0x6b, 0xff, 0xf5, 0x00, 0x5a, 0xd5, 0x25, 0x00, 0x58, 0xd0,
0x00, 0x00, 0x58, 0xd0, 0x00, 0xff, 0xff, 0xff, 0x00, 0xff, 0xff, 0xff, 0x00, 0xff, 0xff,
0xff, 0x00, 0xff, 0xff, 0xff, 0x00, 0xff, 0xff, 0xff, 0x00, 0xff, 0xff, 0xff, 0x00, 0xff,
0xff, 0xff, 0x00, 0xff, 0xff, 0xff, 0x00, 0xff, 0xff, 0xff, 0x00, 0xff, 0xff, 0xff, 0x00,
0xff, 0xff, 0xff, 0x00, 0xff, 0xff, 0xff, 0x00, 0xff, 0xff, 0xff, 0x00, 0xff, 0xff, 0xff,
0x00, 0xff, 0xff, 0xff, 0x00, 0xff, 0xff, 0xff, 0x00, 0xff, 0xff, 0xff, 0x00, 0x00, 0x66,
0xf5, 0x00, 0x00, 0x66, 0xf5, 0x00, 0x00, 0x66, 0xf5, 0x00, 0x00, 0x66, 0xf7, 0x06, 0x00,
0x6a, 0xff, 0xce, 0x00, 0x6a, 0xff, 0xff, 0x00, 0x6a, 0xff, 0xff, 0x00, 0x6a, 0xff, 0xff,
0x00, 0x6a, 0xff, 0xff, 0x00, 0x6a, 0xff, 0xff, 0x00, 0x6a, 0xff, 0xff, 0x00, 0x6a, 0xff,
0xff, 0x00, 0x6a, 0xff, 0xff, 0x00, 0x6a, 0xff, 0xff, 0x00, 0x6a, 0xff, 0xff, 0x00, 0x6a,
0xff, 0xff, 0x00, 0x6a, 0xff, 0xff, 0x00, 0x6a, 0xff, 0xff, 0x00, 0x6a, 0xff, 0xff, 0x00,
0x6a, 0xff, 0xff, 0x00, 0x6a, 0xff, 0xff, 0x00, 0x6a, 0xff, 0xff, 0x00, 0x6a, 0xff, 0xff,
0x00, 0x6a, 0xff, 0xff, 0x00, 0x61, 0xff, 0xff, 0x89, 0xba, 0xff, 0xff, 0xff, 0xff, 0xfe,
0xff, 0xfe, 0xfe, 0xfe, 0xff, 0xfe, 0xfe, 0xfe, 0xff, 0xfe, 0xfe, 0xfe, 0xff, 0xfe, 0xfe,
0xfe, 0xff, 0xfe, 0xfe, 0xfe, 0xff, 0xfe, 0xfe, 0xfe, 0xff, 0xfe, 0xfe, 0xfe, 0xff, 0xfe,
0xfe, 0xfe, 0xff, 0xfe, 0xfe, 0xfe, 0xff, 0xfe, 0xfe, 0xfe, 0xff, 0xfe, 0xfe, 0xfe, 0xff,
0xfe, 0xfe, 0xfe, 0xff, 0xfe, 0xfe, 0xfe, 0xff, 0xfe, 0xfe, 0xfe, 0xff, 0xfe, 0xfe, 0xfe,
0xff, 0xfe, 0xfe, 0xfe, 0xff, 0xfe, 0xfe, 0xfe, 0xff, 0xfe, 0xfe, 0xfe, 0xff, 0xfe, 0xfe,
0xfe, 0xff, 0xfe, 0xfe, 0xfe, 0xff, 0xfe, 0xfe, 0xfe, 0xff, 0xfe, 0xfe, 0xfe, 0xff, 0xfe,
0xfe, 0xfe, 0xff, 0xfe, 0xfe, 0xfe, 0xff, 0xfe, 0xfe, 0xfe, 0xff, 0xfe, 0xfe, 0xfe, 0xff,
0xff, 0xff, 0xfe, 0xff, 0xd4, 0xe6, 0xfe, 0xff, 0x04, 0x6d, 0xff, 0xff, 0x00, 0x68, 0xff,
0xff, 0x00, 0x6a, 0xff, 0xff, 0x00, 0x69, 0xff, 0xff, 0x03, 0x6c, 0xff, 0xff, 0xd1, 0xe4,
0xfe, 0xff, 0xff, 0xff, 0xfe, 0xff, 0xfe, 0xfe, 0xfe, 0xff, 0xfe, 0xfe, 0xfe, 0xff, 0xfe,
0xfe, 0xfe, 0xff, 0xfe, 0xfe, 0xfe, 0xff, 0xfe, 0xfe, 0xfe, 0xff, 0xfe, 0xfe, 0xfe, 0xff,
0xfe, 0xfe, 0xfe, 0xff, 0xfe, 0xfe, 0xfe, 0xff, 0xfe, 0xfe, 0xfe, 0xff, 0xfe, 0xfe, 0xfe,
0xff, 0xfe, 0xfe, 0xfe, 0xff, 0xfe, 0xfe, 0xfe, 0xff, 0xfe, 0xfe, 0xfe, 0xff, 0xfe, 0xfe,
0xfe, 0xff, 0xfe, 0xfe, 0xfe, 0xff, 0xfe, 0xfe, 0xfe, 0xff, 0xfe, 0xfe, 0xfe, 0xff, 0xfe,
0xfe, 0xfe, 0xff, 0xfe, 0xfe, 0xfe, 0xff, 0xfe, 0xfe, 0xfe, 0xff, 0xfe, 0xfe, 0xfe, 0xff,
0xfe, 0xfe, 0xfe, 0xff, 0xfe, 0xfe, 0xfe, 0xff, 0xff, 0xff, 0xfe, 0xff, 0x89, 0xba, 0xff,
0xff, 0x00, 0x61, 0xff, 0xff, 0x00, 0x6a, 0xff, 0xff, 0x00, 0x6a, 0xff, 0xff, 0x00, 0x6a,
0xff, 0xff, 0x00, 0x6a, 0xff, 0xff, 0x00, 0x6a, 0xff, 0xff, 0x00, 0x6a, 0xff, 0xff, 0x00,
0x6a, 0xff, 0xff, 0x00, 0x6a, 0xff, 0xff, 0x00, 0x6a, 0xff, 0xff, 0x00, 0x6a, 0xff, 0xff,
0x00, 0x6a, 0xff, 0xff, 0x00, 0x6a, 0xff, 0xff, 0x00, 0x6a, 0xff, 0xff, 0x00, 0x6a, 0xff,
0xff, 0x00, 0x6a, 0xff, 0xff, 0x00, 0x6a, 0xff, 0xff, 0x00, 0x6a, 0xff, 0xff, 0x00, 0x6a,
0xff, 0xff, 0x00, 0x6c, 0xff, 0xff, 0x00, 0x5e, 0xdf, 0xa0, 0x00, 0x46, 0xa6, 0x00, 0x00,
0x46, 0xa5, 0x00, 0x00, 0x46, 0xa5, 0x00, 0xff, 0xff, 0xff, 0x00, 0xff, 0xff, 0xff, 0x00,
0xff, 0xff, 0xff, 0x00, 0xff, 0xff, 0xff, 0x00, 0xff, 0xff, 0xff, 0x00, 0xff, 0xff, 0xff,
0x00, 0xff, 0xff, 0xff, 0x00, 0xff, 0xff, 0xff, 0x00, 0xff, 0xff, 0xff, 0x00, 0xff, 0xff,
0xff, 0x00, 0xff, 0xff, 0xff, 0x00, 0xff, 0xff, 0xff, 0x00, 0xff, 0xff, 0xff, 0x00, 0xff,
0xff, 0xff, 0x00, 0xff, 0xff, 0xff, 0x00, 0xff, 0xff, 0xff, 0x00, 0xff, 0xff, 0xff, 0x00,
0x00, 0x60, 0xd7, 0x00, 0x00, 0x60, 0xd7, 0x00, 0x00, 0x60, 0xd7, 0x00, 0x00, 0x5f, 0xd5,
0x00, 0x00, 0x64, 0xe6, 0x66, 0x00, 0x6b, 0xff, 0xff, 0x00, 0x6a, 0xff, 0xff, 0x00, 0x6a,
0xff, 0xff, 0x00, 0x6a, 0xff, 0xff, 0x00, 0x6a, 0xff, 0xff, 0x00, 0x6a, 0xff, 0xff, 0x00,
0x6a, 0xff, 0xff, 0x00, 0x6a, 0xff, 0xff, 0x00, 0x6a, 0xff, 0xff, 0x00, 0x6a, 0xff, 0xff,
0x00, 0x6a, 0xff, 0xff, 0x00, 0x6a, 0xff, 0xff, 0x00, 0x6a, 0xff, 0xff, 0x00, 0x6a, 0xff,
0xff, 0x00, 0x6a, 0xff, 0xff, 0x00, 0x6a, 0xff, 0xff, 0x00, 0x6a, 0xff, 0xff, 0x00, 0x6a,
0xff, 0xff, 0x00, 0x6a, 0xff, 0xff, 0x00, 0x62, 0xff, 0xff, 0x5d, 0xa0, 0xff, 0xff, 0xff,
0xff, 0xfe, 0xff, 0xfe, 0xfe, 0xfe, 0xff, 0xfe, 0xfe, 0xfe, 0xff, 0xfe, 0xfe, 0xfe, 0xff,
0xfe, 0xfe, 0xfe, 0xff, 0xfe, 0xfe, 0xfe, 0xff, 0xfe, 0xfe, 0xfe, 0xff, 0xfe, 0xfe, 0xfe,
0xff, 0xfe, 0xfe, 0xfe, 0xff, 0xfe, 0xfe, 0xfe, 0xff, 0xfe, 0xfe, 0xfe, 0xff, 0xfe, 0xfe,
0xfe, 0xff, 0xfe, 0xfe, 0xfe, 0xff, 0xfe, 0xfe, 0xfe, 0xff, 0xfe, 0xfe, 0xfe, 0xff, 0xfe,
0xfe, 0xfe, 0xff, 0xfe, 0xfe, 0xfe, 0xff, 0xfe, 0xfe, 0xfe, 0xff, 0xfe, 0xfe, 0xfe, 0xff,
0xfe, 0xfe, 0xfe, 0xff, 0xfe, 0xfe, 0xfe, 0xff, 0xfe, 0xfe, 0xfe, 0xff, 0xfe, 0xfe, 0xfe,
0xff, 0xfe, 0xfe, 0xfe, 0xff, 0xfe, 0xfe, 0xfe, 0xff, 0xfe, 0xfe, 0xfe, 0xff, 0xfe, 0xfe,
0xfe, 0xff, 0xff, 0xff, 0xfe, 0xff, 0xd4, 0xe6, 0xfe, 0xff, 0x04, 0x6d, 0xff, 0xff, 0x00,
0x68, 0xff, 0xff, 0x00, 0x6a, 0xff, 0xff, 0x00, 0x69, 0xff, 0xff, 0x03, 0x6c, 0xff, 0xff,
0xd1, 0xe4, 0xfe, 0xff, 0xff, 0xff, 0xfe, 0xff, 0xfe, 0xfe, 0xfe, 0xff, 0xfe, 0xfe, 0xfe,
0xff, 0xfe, 0xfe, 0xfe, 0xff, 0xfe, 0xfe, 0xfe, 0xff, 0xfe, 0xfe, 0xfe, 0xff, 0xfe, 0xfe,
0xfe, 0xff, 0xfe, 0xfe, 0xfe, 0xff, 0xfe, 0xfe, 0xfe, 0xff, 0xfe, 0xfe, 0xfe, 0xff, 0xfe,
0xfe, 0xfe, 0xff, 0xfe, 0xfe, 0xfe, 0xff, 0xfe, 0xfe, 0xfe, 0xff, 0xfe, 0xfe, 0xfe, 0xff,
0xfe, 0xfe, 0xfe, 0xff, 0xfe, 0xfe, 0xfe, 0xff, 0xfe, 0xfe, 0xfe, 0xff, 0xfe, 0xfe, 0xfe,
0xff, 0xfe, 0xfe, 0xfe, 0xff, 0xfe, 0xfe, 0xfe, 0xff, 0xfe, 0xfe, 0xfe, 0xff, 0xfe, 0xfe,
0xfe, 0xff, 0xfe, 0xfe, 0xfe, 0xff, 0xfe, 0xfe, 0xfe, 0xff, 0xff, 0xff, 0xfe, 0xff, 0x5d,
0xa0, 0xff, 0xff, 0x00, 0x62, 0xff, 0xff, 0x00, 0x6a, 0xff, 0xff, 0x00, 0x6a, 0xff, 0xff,
0x00, 0x6a, 0xff, 0xff, 0x00, 0x6a, 0xff, 0xff, 0x00, 0x6a, 0xff, 0xff, 0x00, 0x6a, 0xff,
0xff, 0x00, 0x6a, 0xff, 0xff, 0x00, 0x6a, 0xff, 0xff, 0x00, 0x6a, 0xff, 0xff, 0x00, 0x6a,
0xff, 0xff, 0x00, 0x6a, 0xff, 0xff, 0x00, 0x6a, 0xff, 0xff, 0x00, 0x6a, 0xff, 0xff, 0x00,
0x6a, 0xff, 0xff, 0x00, 0x6a, 0xff, 0xff, 0x00, 0x6a, 0xff, 0xff, 0x00, 0x6a, 0xff, 0xff,
0x00, 0x6a, 0xff, 0xff, 0x00, 0x6b, 0xfe, 0xff, 0x00, 0x56, 0xcf, 0x4a, 0x00, 0x4b, 0xb5,
0x00, 0x00, 0x4b, 0xb6, 0x00, 0x00, 0x4b, 0xb6, 0x00, 0xff, 0xff, 0xff, 0x00, 0xff, 0xff,
0xff, 0x00, 0xff, 0xff, 0xff, 0x00, 0xff, 0xff, 0xff, 0x00, 0xff, 0xff, 0xff, 0x00, 0xff,
0xff, 0xff, 0x00, 0xff, 0xff, 0xff, 0x00, 0xff, 0xff, 0xff, 0x00, 0xff, 0xff, 0xff, 0x00,
0xff, 0xff, 0xff, 0x00, 0xff, 0xff, 0xff, 0x00, 0xff, 0xff, 0xff, 0x00, 0xff, 0xff, 0xff,
0x00, 0xff, 0xff, 0xff, 0x00, 0xff, 0xff, 0xff, 0x00, 0xff, 0xff, 0xff, 0x00, 0xff, 0xff,
0xff, 0x00, 0x00, 0x60, 0xe1, 0x00, 0x00, 0x60, 0xe1, 0x00, 0x00, 0x60, 0xe1, 0x00, 0x00,
0x60, 0xe0, 0x00, 0x00, 0x62, 0xe7, 0x11, 0x00, 0x69, 0xfd, 0xe0, 0x00, 0x6a, 0xff, 0xff,
0x00, 0x6a, 0xff, 0xff, 0x00, 0x6a, 0xff, 0xff, 0x00, 0x6a, 0xff, 0xff, 0x00, 0x6a, 0xff,
0xff, 0x00, 0x6a, 0xff, 0xff, 0x00, 0x6a, 0xff, 0xff, 0x00, 0x6a, 0xff, 0xff, 0x00, 0x6a,
0xff, 0xff, 0x00, 0x6a, 0xff, 0xff, 0x00, 0x6a, 0xff, 0xff, 0x00, 0x6a, 0xff, 0xff, 0x00,
0x6a, 0xff, 0xff, 0x00, 0x6a, 0xff, 0xff, 0x00, 0x6a, 0xff, 0xff, 0x00, 0x6a, 0xff, 0xff,
0x00, 0x6a, 0xff, 0xff, 0x00, 0x6a, 0xff, 0xff, 0x00, 0x66, 0xff, 0xff, 0x24, 0x80, 0xff,
0xff, 0xf7, 0xfa, 0xfe, 0xff, 0xff, 0xff, 0xfe, 0xff, 0xfe, 0xfe, 0xfe, 0xff, 0xfe, 0xfe,
0xfe, 0xff, 0xfe, 0xfe, 0xfe, 0xff, 0xfe, 0xfe, 0xfe, 0xff, 0xfe, 0xfe, 0xfe, 0xff, 0xfe,
0xfe, 0xfe, 0xff, 0xfe, 0xfe, 0xfe, 0xff, 0xfe, 0xfe, 0xfe, 0xff, 0xfe, 0xfe, 0xfe, 0xff,
0xfe, 0xfe, 0xfe, 0xff, 0xfe, 0xfe, 0xfe, 0xff, 0xfe, 0xfe, 0xfe, 0xff, 0xfe, 0xfe, 0xfe,
0xff, 0xfe, 0xfe, 0xfe, 0xff, 0xfe, 0xfe, 0xfe, 0xff, 0xfe, 0xfe, 0xfe, 0xff, 0xfe, 0xfe,
0xfe, 0xff, 0xfe, 0xfe, 0xfe, 0xff, 0xfe, 0xfe, 0xfe, 0xff, 0xfe, 0xfe, 0xfe, 0xff, 0xfe,
0xfe, 0xfe, 0xff, 0xfe, 0xfe, 0xfe, 0xff, 0xfe, 0xfe, 0xfe, 0xff, 0xfe, 0xfe, 0xfe, 0xff,
0xfe, 0xfe, 0xfe, 0xff, 0xff, 0xff, 0xfe, 0xff, 0xd4, 0xe6, 0xfe, 0xff, 0x04, 0x6d, 0xff,
0xff, 0x00, 0x68, 0xff, 0xff, 0x00, 0x6a, 0xff, 0xff, 0x00, 0x69, 0xff, 0xff, 0x03, 0x6c,
0xff, 0xff, 0xd1, 0xe4, 0xfe, 0xff, 0xff, 0xff, 0xfe, 0xff, 0xfe, 0xfe, 0xfe, 0xff, 0xfe,
0xfe, 0xfe, 0xff, 0xfe, 0xfe, 0xfe, 0xff, 0xfe, 0xfe, 0xfe, 0xff, 0xfe, 0xfe, 0xfe, 0xff,
0xfe, 0xfe, 0xfe, 0xff, 0xfe, 0xfe, 0xfe, 0xff, 0xfe, 0xfe, 0xfe, 0xff, 0xfe, 0xfe, 0xfe,
0xff, 0xfe, 0xfe, 0xfe, 0xff, 0xfe, 0xfe, 0xfe, 0xff, 0xfe, 0xfe, 0xfe, 0xff, 0xfe, 0xfe,
0xfe, 0xff, 0xfe, 0xfe, 0xfe, 0xff, 0xfe, 0xfe, 0xfe, 0xff, 0xfe, 0xfe, 0xfe, 0xff, 0xfe,
0xfe, 0xfe, 0xff, 0xfe, 0xfe, 0xfe, 0xff, 0xfe, 0xfe, 0xfe, 0xff, 0xfe, 0xfe, 0xfe, 0xff,
0xfe, 0xfe, 0xfe, 0xff, 0xfe, 0xfe, 0xfe, 0xff, 0xff, 0xff, 0xfe, 0xff, 0xf7, 0xfa, 0xfe,
0xff, 0x24, 0x80, 0xff, 0xff, 0x00, 0x66, 0xff, 0xff, 0x00, 0x6a, 0xff, 0xff, 0x00, 0x6a,
0xff, 0xff, 0x00, 0x6a, 0xff, 0xff, 0x00, 0x6a, 0xff, 0xff, 0x00, 0x6a, 0xff, 0xff, 0x00,
0x6a, 0xff, 0xff, 0x00, 0x6a, 0xff, 0xff, 0x00, 0x6a, 0xff, 0xff, 0x00, 0x6a, 0xff, 0xff,
0x00, 0x6a, 0xff, 0xff, 0x00, 0x6a, 0xff, 0xff, 0x00, 0x6a, 0xff, 0xff, 0x00, 0x6a, 0xff,
0xff, 0x00, 0x6a, 0xff, 0xff, 0x00, 0x6a, 0xff, 0xff, 0x00, 0x6a, 0xff, 0xff, 0x00, 0x6a,
0xff, 0xff, 0x00, 0x6b, 0xff, 0xff, 0x00, 0x67, 0xf5, 0xc7, 0x00, 0x49, 0xa7, 0x06, 0x00,
0x48, 0xa5, 0x00, 0x00, 0x48, 0xa5, 0x00, 0x00, 0x48, 0xa5, 0x00, 0xff, 0xff, 0xff, 0x00,
0xff, 0xff, 0xff, 0x00, 0xff, 0xff, 0xff, 0x00, 0xff, 0xff, 0xff, 0x00, 0xff, 0xff, 0xff,
0x00, 0xff, 0xff, 0xff, 0x00, 0xff, 0xff, 0xff, 0x00, 0xff, 0xff, 0xff, 0x00, 0xff, 0xff,
0xff, 0x00, 0xff, 0xff, 0xff, 0x00, 0xff, 0xff, 0xff, 0x00, 0xff, 0xff, 0xff, 0x00, 0xff,
0xff, 0xff, 0x00, 0xff, 0xff, 0xff, 0x00, 0xff, 0xff, 0xff, 0x00, 0xff, 0xff, 0xff, 0x00,
0xff, 0xff, 0xff, 0x00, 0x00, 0x66, 0xf8, 0x00, 0x00, 0x66, 0xf8, 0x00, 0x00, 0x66, 0xf8,
0x00, 0x00, 0x66, 0xf8, 0x00, 0x00, 0x65, 0xf6, 0x00, 0x00, 0x67, 0xfa, 0x5f, 0x00, 0x6a,
0xff, 0xff, 0x00, 0x6a, 0xff, 0xff, 0x00, 0x6a, 0xff, 0xff, 0x00, 0x6a, 0xff, 0xff, 0x00,
0x6a, 0xff, 0xff, 0x00, 0x6a, 0xff, 0xff, 0x00, 0x6a, 0xff, 0xff, 0x00, 0x6a, 0xff, 0xff,
0x00, 0x6a, 0xff, 0xff, 0x00, 0x6a, 0xff, 0xff, 0x00, 0x6a, 0xff, 0xff, 0x00, 0x6a, 0xff,
0xff, 0x00, 0x6a, 0xff, 0xff, 0x00, 0x6a, 0xff, 0xff, 0x00, 0x6a, 0xff, 0xff, 0x00, 0x6a,
0xff, 0xff, 0x00, 0x6a, 0xff, 0xff, 0x00, 0x6a, 0xff, 0xff, 0x00, 0x6a, 0xff, 0xff, 0x00,
0x64, 0xff, 0xff, 0xae, 0xd0, 0xff, 0xff, 0xff, 0xff, 0xfe, 0xff, 0xfe, 0xfe, 0xfe, 0xff,
0xfe, 0xfe, 0xfe, 0xff, 0xfe, 0xfe, 0xfe, 0xff, 0xfe, 0xfe, 0xfe, 0xff, 0xfe, 0xfe, 0xfe,
0xff, 0xfe, 0xfe, 0xfe, 0xff, 0xfe, 0xfe, 0xfe, 0xff, 0xfe, 0xfe, 0xfe, 0xff, 0xfe, 0xfe,
0xfe, 0xff, 0xfe, 0xfe, 0xfe, 0xff, 0xfe, 0xfe, 0xfe, 0xff, 0xfe, 0xfe, 0xfe, 0xff, 0xfe,
0xfe, 0xfe, 0xff, 0xfe, 0xfe, 0xfe, 0xff, 0xfe, 0xfe, 0xfe, 0xff, 0xfe, 0xfe, 0xfe, 0xff,
0xfe, 0xfe, 0xfe, 0xff, 0xfe, 0xfe, 0xfe, 0xff, 0xfe, 0xfe, 0xfe, 0xff, 0xfe, 0xfe, 0xfe,
0xff, 0xfe, 0xfe, 0xfe, 0xff, 0xfe, 0xfe, 0xfe, 0xff, 0xfe, 0xfe, 0xfe, 0xff, 0xfe, 0xfe,
0xfe, 0xff, 0xfe, 0xfe, 0xfe, 0xff, 0xff, 0xff, 0xfe, 0xff, 0xd4, 0xe6, 0xfe, 0xff, 0x04,
0x6d, 0xff, 0xff, 0x00, 0x68, 0xff, 0xff, 0x00, 0x6a, 0xff, 0xff, 0x00, 0x69, 0xff, 0xff,
0x03, 0x6c, 0xff, 0xff, 0xd1, 0xe4, 0xfe, 0xff, 0xff, 0xff, 0xfe, 0xff, 0xfe, 0xfe, 0xfe,
0xff, 0xfe, 0xfe, 0xfe, 0xff, 0xfe, 0xfe, 0xfe, 0xff, 0xfe, 0xfe, 0xfe, 0xff, 0xfe, 0xfe,
0xfe, 0xff, 0xfe, 0xfe, 0xfe, 0xff, 0xfe, 0xfe, 0xfe, 0xff, 0xfe, 0xfe, 0xfe, 0xff, 0xfe,
0xfe, 0xfe, 0xff, 0xfe, 0xfe, 0xfe, 0xff, 0xfe, 0xfe, 0xfe, 0xff, 0xfe, 0xfe, 0xfe, 0xff,
0xfe, 0xfe, 0xfe, 0xff, 0xfe, 0xfe, 0xfe, 0xff, 0xfe, 0xfe, 0xfe, 0xff, 0xfe, 0xfe, 0xfe,
0xff, 0xfe, 0xfe, 0xfe, 0xff, 0xfe, 0xfe, 0xfe, 0xff, 0xfe, 0xfe, 0xfe, 0xff, 0xfe, 0xfe,
0xfe, 0xff, 0xfe, 0xfe, 0xfe, 0xff, 0xfe, 0xfe, 0xfe, 0xff, 0xff, 0xff, 0xfe, 0xff, 0xad,
0xcf, 0xff, 0xff, 0x00, 0x64, 0xff, 0xff, 0x00, 0x6a, 0xff, 0xff, 0x00, 0x6a, 0xff, 0xff,
0x00, 0x6a, 0xff, 0xff, 0x00, 0x6a, 0xff, 0xff, 0x00, 0x6a, 0xff, 0xff, 0x00, 0x6a, 0xff,
0xff, 0x00, 0x6a, 0xff, 0xff, 0x00, 0x6a, 0xff, 0xff, 0x00, 0x6a, 0xff, 0xff, 0x00, 0x6a,
0xff, 0xff, 0x00, 0x6a, 0xff, 0xff, 0x00, 0x6a, 0xff, 0xff, 0x00, 0x6a, 0xff, 0xff, 0x00,
0x6a, 0xff, 0xff, 0x00, 0x6a, 0xff, 0xff, 0x00, 0x6a, 0xff, 0xff, 0x00, 0x6a, 0xff, 0xff,
0x00, 0x6a, 0xff, 0xff, 0x00, 0x6a, 0xff, 0xff, 0x00, 0x66, 0xf9, 0x5b, 0x00, 0x67, 0xfa,
0x00, 0x00, 0x67, 0xfb, 0x00, 0x00, 0x67, 0xfb, 0x00, 0x00, 0x67, 0xfb, 0x00, 0xff, 0xff,
0xff, 0x00, 0xff, 0xff, 0xff, 0x00, 0xff, 0xff, 0xff, 0x00, 0xff, 0xff, 0xff, 0x00, 0xff,
0xff, 0xff, 0x00, 0xff, 0xff, 0xff, 0x00, 0xff, 0xff, 0xff, 0x00, 0xff, 0xff, 0xff, 0x00,
0xff, 0xff, 0xff, 0x00, 0xff, 0xff, 0xff, 0x00, 0xff, 0xff, 0xff, 0x00, 0xff, 0xff, 0xff,
0x00, 0xff, 0xff, 0xff, 0x00, 0xff, 0xff, 0xff, 0x00, 0xff, 0xff, 0xff, 0x00, 0xff, 0xff,
0xff, 0x00, 0xff, 0xff, 0xff, 0x00, 0x00, 0x68, 0xf9, 0x00, 0x00, 0x68, 0xf9, 0x00, 0x00,
0x68, 0xf9, 0x00, 0x00, 0x68, 0xf9, 0x00, 0x00, 0x68, 0xf9, 0x00, 0x00, 0x68, 0xf9, 0x0d,
0x00, 0x6a, 0xfe, 0xe3, 0x00, 0x6a, 0xff, 0xff, 0x00, 0x6a, 0xff, 0xff, 0x00, 0x6a, 0xff,
0xff, 0x00, 0x6a, 0xff, 0xff, 0x00, 0x6a, 0xff, 0xff, 0x00, 0x6a, 0xff, 0xff, 0x00, 0x6a,
0xff, 0xff, 0x00, 0x6a, 0xff, 0xff, 0x00, 0x6a, 0xff, 0xff, 0x00, 0x6a, 0xff, 0xff, 0x00,
0x6a, 0xff, 0xff, 0x00, 0x6a, 0xff, 0xff, 0x00, 0x6a, 0xff, 0xff, 0x00, 0x6a, 0xff, 0xff,
0x00, 0x6a, 0xff, 0xff, 0x00, 0x6a, 0xff, 0xff, 0x00, 0x6a, 0xff, 0xff, 0x00, 0x6a, 0xff,
0xff, 0x00, 0x61, 0xff, 0xff, 0x5c, 0xa0, 0xff, 0xff, 0xff, 0xff, 0xfe, 0xff, 0xfe, 0xfe,
0xfe, 0xff, 0xfe, 0xfe, 0xfe, 0xff, 0xfe, 0xfe, 0xfe, 0xff, 0xfe, 0xfe, 0xfe, 0xff, 0xfe,
0xfe, 0xfe, 0xff, 0xfe, 0xfe, 0xfe, 0xff, 0xfe, 0xfe, 0xfe, 0xff, 0xfe, 0xfe, 0xfe, 0xff,
0xfe, 0xfe, 0xfe, 0xff, 0xfe, 0xfe, 0xfe, 0xff, 0xfe, 0xfe, 0xfe, 0xff, 0xfe, 0xfe, 0xfe,
0xff, 0xfe, 0xfe, 0xfe, 0xff, 0xfe, 0xfe, 0xfe, 0xff, 0xfe, 0xfe, 0xfe, 0xff, 0xfe, 0xfe,
0xfe, 0xff, 0xfe, 0xfe, 0xfe, 0xff, 0xfe, 0xfe, 0xfe, 0xff, 0xfe, 0xfe, 0xfe, 0xff, 0xfe,
0xfe, 0xfe, 0xff, 0xfe, 0xfe, 0xfe, 0xff, 0xfe, 0xfe, 0xfe, 0xff, 0xfe, 0xfe, 0xfe, 0xff,
0xfe, 0xfe, 0xfe, 0xff, 0xfe, 0xfe, 0xfe, 0xff, 0xff, 0xff, 0xfe, 0xff, 0xd4, 0xe6, 0xfe,
0xff, 0x04, 0x6d, 0xff, 0xff, 0x00, 0x68, 0xff, 0xff, 0x00, 0x6a, 0xff, 0xff, 0x00, 0x69,
0xff, 0xff, 0x03, 0x6c, 0xff, 0xff, 0xd1, 0xe4, 0xfe, 0xff, 0xff, 0xff, 0xfe, 0xff, 0xfe,
0xfe, 0xfe, 0xff, 0xfe, 0xfe, 0xfe, 0xff, 0xfe, 0xfe, 0xfe, 0xff, 0xfe, 0xfe, 0xfe, 0xff,
0xfe, 0xfe, 0xfe, 0xff, 0xfe, 0xfe, 0xfe, 0xff, 0xfe, 0xfe, 0xfe, 0xff, 0xfe, 0xfe, 0xfe,
0xff, 0xfe, 0xfe, 0xfe, 0xff, 0xfe, 0xfe, 0xfe, 0xff, 0xfe, 0xfe, 0xfe, 0xff, 0xfe, 0xfe,
0xfe, 0xff, 0xfe, 0xfe, 0xfe, 0xff, 0xfe, 0xfe, 0xfe, 0xff, 0xfe, 0xfe, 0xfe, 0xff, 0xfe,
0xfe, 0xfe, 0xff, 0xfe, 0xfe, 0xfe, 0xff, 0xfe, 0xfe, 0xfe, 0xff, 0xfe, 0xfe, 0xfe, 0xff,
0xfe, 0xfe, 0xfe, 0xff, 0xfe, 0xfe, 0xfe, 0xff, 0xfe, 0xfe, 0xfe, 0xff, 0xff, 0xff, 0xfe,
0xff, 0x5c, 0xa0, 0xff, 0xff, 0x00, 0x61, 0xff, 0xff, 0x00, 0x6a, 0xff, 0xff, 0x00, 0x6a,
0xff, 0xff, 0x00, 0x6a, 0xff, 0xff, 0x00, 0x6a, 0xff, 0xff, 0x00, 0x6a, 0xff, 0xff, 0x00,
0x6a, 0xff, 0xff, 0x00, 0x6a, 0xff, 0xff, 0x00, 0x6a, 0xff, 0xff, 0x00, 0x6a, 0xff, 0xff,
0x00, 0x6a, 0xff, 0xff, 0x00, 0x6a, 0xff, 0xff, 0x00, 0x6a, 0xff, 0xff, 0x00, 0x6a, 0xff,
0xff, 0x00, 0x6a, 0xff, 0xff, 0x00, 0x6a, 0xff, 0xff, 0x00, 0x6a, 0xff, 0xff, 0x00, 0x6a,
0xff, 0xff, 0x00, 0x6a, 0xff, 0xff, 0x00, 0x6a, 0xfe, 0xd0, 0x00, 0x66, 0xf9, 0x0a, 0x00,
0x66, 0xf9, 0x00, 0x00, 0x66, 0xf9, 0x00, 0x00, 0x66, 0xf9, 0x00, 0x00, 0x66, 0xf9, 0x00,
0xff, 0xff, 0xff, 0x00, 0xff, 0xff, 0xff, 0x00, 0xff, 0xff, 0xff, 0x00, 0xff, 0xff, 0xff,
0x00, 0xff, 0xff, 0xff, 0x00, 0xff, 0xff, 0xff, 0x00, 0xff, 0xff, 0xff, 0x00, 0xff, 0xff,
0xff, 0x00, 0xff, 0xff, 0xff, 0x00, 0xff, 0xff, 0xff, 0x00, 0xff, 0xff, 0xff, 0x00, 0xff,
0xff, 0xff, 0x00, 0xff, 0xff, 0xff, 0x00, 0xff, 0xff, 0xff, 0x00, 0xff, 0xff, 0xff, 0x00,
0xff, 0xff, 0xff, 0x00, 0xff, 0xff, 0xff, 0x00, 0x00, 0x69, 0xf8, 0x00, 0x00, 0x69, 0xf8,
0x00, 0x00, 0x69, 0xf8, 0x00, 0x00, 0x69, 0xf8, 0x00, 0x00, 0x69, 0xf8, 0x00, 0x00, 0x68,
0xf7, 0x00, 0x00, 0x6a, 0xfb, 0x5f, 0x00, 0x6b, 0xff, 0xff, 0x00, 0x6a, 0xff, 0xff, 0x00,
0x6a, 0xff, 0xff, 0x00, 0x6a, 0xff, 0xff, 0x00, 0x6a, 0xff, 0xff, 0x00, 0x6a, 0xff, 0xff,
0x00, 0x6a, 0xff, 0xff, 0x00, 0x6a, 0xff, 0xff, 0x00, 0x6a, 0xff, 0xff, 0x00, 0x6a, 0xff,
0xff, 0x00, 0x6a, 0xff, 0xff, 0x00, 0x6a, 0xff, 0xff, 0x00, 0x6a, 0xff, 0xff, 0x00, 0x6a,
0xff, 0xff, 0x00, 0x6a, 0xff, 0xff, 0x00, 0x6a, 0xff, 0xff, 0x00, 0x6a, 0xff, 0xff, 0x00,
0x6a, 0xff, 0xff, 0x00, 0x67, 0xff, 0xff, 0x13, 0x74, 0xff, 0xff, 0xe4, 0xef, 0xfe, 0xff,
0xff, 0xff, 0xfe, 0xff, 0xfe, 0xfe, 0xfe, 0xff, 0xfe, 0xfe, 0xfe, 0xff, 0xfe, 0xfe, 0xfe,
0xff, 0xfe, 0xfe, 0xfe, 0xff, 0xfe, 0xfe, 0xfe, 0xff, 0xfe, 0xfe, 0xfe, 0xff, 0xfe, 0xfe,
0xfe, 0xff, 0xfe, 0xfe, 0xfe, 0xff, 0xfe, 0xfe, 0xfe, 0xff, 0xfe, 0xfe, 0xfe, 0xff, 0xfe,
0xfe, 0xfe, 0xff, 0xfe, 0xfe, 0xfe, 0xff, 0xfe, 0xfe, 0xfe, 0xff, 0xfe, 0xfe, 0xfe, 0xff,
0xfe, 0xfe, 0xfe, 0xff, 0xfe, 0xfe, 0xfe, 0xff, 0xfe, 0xfe, 0xfe, 0xff, 0xfe, 0xfe, 0xfe,
0xff, 0xfe, 0xfe, 0xfe, 0xff, 0xfe, 0xfe, 0xfe, 0xff, 0xfe, 0xfe, 0xfe, 0xff, 0xfe, 0xfe,
0xfe, 0xff, 0xfe, 0xfe, 0xfe, 0xff, 0xfe, 0xfe, 0xfe, 0xff, 0xff, 0xff, 0xfe, 0xff, 0xd4,
0xe6, 0xfe, 0xff, 0x04, 0x6d, 0xff, 0xff, 0x00, 0x68, 0xff, 0xff, 0x00, 0x6a, 0xff, 0xff,
0x00, 0x69, 0xff, 0xff, 0x03, 0x6c, 0xff, 0xff, 0xd1, 0xe4, 0xfe, 0xff, 0xff, 0xff, 0xfe,
0xff, 0xfe, 0xfe, 0xfe, 0xff, 0xfe, 0xfe, 0xfe, 0xff, 0xfe, 0xfe, 0xfe, 0xff, 0xfe, 0xfe,
0xfe, 0xff, 0xfe, 0xfe, 0xfe, 0xff, 0xfe, 0xfe, 0xfe, 0xff, 0xfe, 0xfe, 0xfe, 0xff, 0xfe,
0xfe, 0xfe, 0xff, 0xfe, 0xfe, 0xfe, 0xff, 0xfe, 0xfe, 0xfe, 0xff, 0xfe, 0xfe, 0xfe, 0xff,
0xfe, 0xfe, 0xfe, 0xff, 0xfe, 0xfe, 0xfe, 0xff, 0xfe, 0xfe, 0xfe, 0xff, 0xfe, 0xfe, 0xfe,
0xff, 0xfe, 0xfe, 0xfe, 0xff, 0xfe, 0xfe, 0xfe, 0xff, 0xfe, 0xfe, 0xfe, 0xff, 0xfe, 0xfe,
0xfe, 0xff, 0xfe, 0xfe, 0xfe, 0xff, 0xfe, 0xfe, 0xfe, 0xff, 0xff, 0xff, 0xfe, 0xff, 0xe2,
0xee, 0xfe, 0xff, 0x13, 0x74, 0xff, 0xff, 0x00, 0x67, 0xff, 0xff, 0x00, 0x6a, 0xff, 0xff,
0x00, 0x6a, 0xff, 0xff, 0x00, 0x6a, 0xff, 0xff, 0x00, 0x6a, 0xff, 0xff, 0x00, 0x6a, 0xff,
0xff, 0x00, 0x6a, 0xff, 0xff, 0x00, 0x6a, 0xff, 0xff, 0x00, 0x6a, 0xff, 0xff, 0x00, 0x6a,
0xff, 0xff, 0x00, 0x6a, 0xff, 0xff, 0x00, 0x6a, 0xff, 0xff, 0x00, 0x6a, 0xff, 0xff, 0x00,
0x6a, 0xff, 0xff, 0x00, 0x6a, 0xff, 0xff, 0x00, 0x6a, 0xff, 0xff, 0x00, 0x6a, 0xff, 0xff,
0x00, 0x6a, 0xff, 0xff, 0x00, 0x6c, 0xff, 0xff, 0x00, 0x67, 0xff, 0x46, 0x00, 0x65, 0xff,
0x00, 0x00, 0x65, 0xff, 0x00, 0x00, 0x65, 0xff, 0x00, 0x00, 0x65, 0xff, 0x00, 0x00, 0x65,
0xff, 0x00, 0xff, 0xff, 0xff, 0x00, 0xff, 0xff, 0xff, 0x00, 0xff, 0xff, 0xff, 0x00, 0xff,
0xff, 0xff, 0x00, 0xff, 0xff, 0xff, 0x00, 0xff, 0xff, 0xff, 0x00, 0xff, 0xff, 0xff, 0x00,
0xff, 0xff, 0xff, 0x00, 0xff, 0xff, 0xff, 0x00, 0xff, 0xff, 0xff, 0x00, 0xff, 0xff, 0xff,
0x00, 0xff, 0xff, 0xff, 0x00, 0xff, 0xff, 0xff, 0x00, 0xff, 0xff, 0xff, 0x00, 0xff, 0xff,
0xff, 0x00, 0xff, 0xff, 0xff, 0x00, 0xff, 0xff, 0xff, 0x00, 0x00, 0x58, 0xdd, 0x00, 0x00,
0x58, 0xdd, 0x00, 0x00, 0x58, 0xdd, 0x00, 0x00, 0x58, 0xdd, 0x00, 0x00, 0x58, 0xdd, 0x00,
0x00, 0x58, 0xdd, 0x00, 0x00, 0x58, 0xde, 0x0a, 0x00, 0x66, 0xf9, 0xdc, 0x00, 0x6b, 0xff,
0xff, 0x00, 0x6a, 0xff, 0xff, 0x00, 0x6a, 0xff, 0xff, 0x00, 0x6a, 0xff, 0xff, 0x00, 0x6a,
0xff, 0xff, 0x00, 0x6a, 0xff, 0xff, 0x00, 0x6a, 0xff, 0xff, 0x00, 0x6a, 0xff, 0xff, 0x00,
0x6a, 0xff, 0xff, 0x00, 0x6a, 0xff, 0xff, 0x00, 0x6a, 0xff, 0xff, 0x00, 0x6a, 0xff, 0xff,
0x00, 0x6a, 0xff, 0xff, 0x00, 0x6a, 0xff, 0xff, 0x00, 0x6a, 0xff, 0xff, 0x00, 0x6a, 0xff,
0xff, 0x00, 0x6a, 0xff, 0xff, 0x00, 0x6a, 0xff, 0xff, 0x00, 0x61, 0xff, 0xff, 0x6b, 0xa9,
0xff, 0xff, 0xff, 0xff, 0xfe, 0xff, 0xfe, 0xfe, 0xfe, 0xff, 0xfe, 0xfe, 0xfe, 0xff, 0xfe,
0xfe, 0xfe, 0xff, 0xfe, 0xfe, 0xfe, 0xff, 0xfe, 0xfe, 0xfe, 0xff, 0xfe, 0xfe, 0xfe, 0xff,
0xfe, 0xfe, 0xfe, 0xff, 0xfe, 0xfe, 0xfe, 0xff, 0xfe, 0xfe, 0xfe, 0xff, 0xfe, 0xfe, 0xfe,
0xff, 0xfe, 0xfe, 0xfe, 0xff, 0xfe, 0xfe, 0xfe, 0xff, 0xfe, 0xfe, 0xfe, 0xff, 0xfe, 0xfe,
0xfe, 0xff, 0xfe, 0xfe, 0xfe, 0xff, 0xfe, 0xfe, 0xfe, 0xff, 0xfe, 0xfe, 0xfe, 0xff, 0xfe,
0xfe, 0xfe, 0xff, 0xfe, 0xfe, 0xfe, 0xff, 0xfe, 0xfe, 0xfe, 0xff, 0xfe, 0xfe, 0xfe, 0xff,
0xfe, 0xfe, 0xfe, 0xff, 0xfe, 0xfe, 0xfe, 0xff, 0xfe, 0xfe, 0xfe, 0xff, 0xff, 0xff, 0xfe,
0xff, 0xd4, 0xe6, 0xfe, 0xff, 0x04, 0x6d, 0xff, 0xff, 0x00, 0x68, 0xff, 0xff, 0x00, 0x6a,
0xff, 0xff, 0x00, 0x69, 0xff, 0xff, 0x03, 0x6c, 0xff, 0xff, 0xd1, 0xe4, 0xfe, 0xff, 0xff,
0xff, 0xfe, 0xff, 0xfe, 0xfe, 0xfe, 0xff, 0xfe, 0xfe, 0xfe, 0xff, 0xfe, 0xfe, 0xfe, 0xff,
0xfe, 0xfe, 0xfe, 0xff, 0xfe, 0xfe, 0xfe, 0xff, 0xfe, 0xfe, 0xfe, 0xff, 0xfe, 0xfe, 0xfe,
0xff, 0xfe, 0xfe, 0xfe, 0xff, 0xfe, 0xfe, 0xfe, 0xff, 0xfe, 0xfe, 0xfe, 0xff, 0xfe, 0xfe,
0xfe, 0xff, 0xfe, 0xfe, 0xfe, 0xff, 0xfe, 0xfe, 0xfe, 0xff, 0xfe, 0xfe, 0xfe, 0xff, 0xfe,
0xfe, 0xfe, 0xff, 0xfe, 0xfe, 0xfe, 0xff, 0xfe, 0xfe, 0xfe, 0xff, 0xfe, 0xfe, 0xfe, 0xff,
0xfe, 0xfe, 0xfe, 0xff, 0xfe, 0xfe, 0xfe, 0xff, 0xfe, 0xfe, 0xfe, 0xff, 0xff, 0xff, 0xfe,
0xff, 0x7a, 0xb2, 0xff, 0xff, 0x00, 0x60, 0xff, 0xff, 0x00, 0x6a, 0xff, 0xff, 0x00, 0x6a,
0xff, 0xff, 0x00, 0x6a, 0xff, 0xff, 0x00, 0x6a, 0xff, 0xff, 0x00, 0x6a, 0xff, 0xff, 0x00,
0x6a, 0xff, 0xff, 0x00, 0x6a, 0xff, 0xff, 0x00, 0x6a, 0xff, 0xff, 0x00, 0x6a, 0xff, 0xff,
0x00, 0x6a, 0xff, 0xff, 0x00, 0x6a, 0xff, 0xff, 0x00, 0x6a, 0xff, 0xff, 0x00, 0x6a, 0xff,
0xff, 0x00, 0x6a, 0xff, 0xff, 0x00, 0x6a, 0xff, 0xff, 0x00, 0x6a, 0xff, 0xff, 0x00, 0x6a,
0xff, 0xff, 0x00, 0x6d, 0xff, 0xff, 0x00, 0x5c, 0xdc, 0xc0, 0x00, 0x26, 0x6a, 0x02, 0x00,
0x25, 0x68, 0x00, 0x00, 0x25, 0x69, 0x00, 0x00, 0x25, 0x69, 0x00, 0x00, 0x25, 0x69, 0x00,
0x00, 0x25, 0x69, 0x00, 0xff, 0xff, 0xff, 0x00, 0xff, 0xff, 0xff, 0x00, 0xff, 0xff, 0xff,
0x00, 0xff, 0xff, 0xff, 0x00, 0xff, 0xff, 0xff, 0x00, 0xff, 0xff, 0xff, 0x00, 0xff, 0xff,
0xff, 0x00, 0xff, 0xff, 0xff, 0x00, 0xff, 0xff, 0xff, 0x00, 0xff, 0xff, 0xff, 0x00, 0xff,
0xff, 0xff, 0x00, 0xff, 0xff, 0xff, 0x00, 0xff, 0xff, 0xff, 0x00, 0xff, 0xff, 0xff, 0x00,
0xff, 0xff, 0xff, 0x00, 0xff, 0xff, 0xff, 0x00, 0xff, 0xff, 0xff, 0x00, 0x00, 0x57, 0xe1,
0x00, 0x00, 0x57, 0xe1, 0x00, 0x00, 0x57, 0xe1, 0x00, 0x00, 0x57, 0xe1, 0x00, 0x00, 0x57,
0xe1, 0x00, 0x00, 0x57, 0xe1, 0x00, 0x00, 0x57, 0xe0, 0x00, 0x00, 0x64, 0xf5, 0x55, 0x00,
0x6b, 0xff, 0xff, 0x00, 0x6a, 0xff, 0xff, 0x00, 0x6a, 0xff, 0xff, 0x00, 0x6a, 0xff, 0xff,
0x00, 0x6a, 0xff, 0xff, 0x00, 0x6a, 0xff, 0xff, 0x00, 0x6a, 0xff, 0xff, 0x00, 0x6a, 0xff,
0xff, 0x00, 0x6a, 0xff, 0xff, 0x00, 0x6a, 0xff, 0xff, 0x00, 0x6a, 0xff, 0xff, 0x00, 0x6a,
0xff, 0xff, 0x00, 0x6a, 0xff, 0xff, 0x00, 0x6a, 0xff, 0xff, 0x00, 0x6a, 0xff, 0xff, 0x00,
0x6a, 0xff, 0xff, 0x00, 0x6a, 0xff, 0xff, 0x00, 0x6a, 0xff, 0xff, 0x00, 0x67, 0xff, 0xff,
0x14, 0x75, 0xff, 0xff, 0xed, 0xf4, 0xfe, 0xff, 0xff, 0xff, 0xfe, 0xff, 0xfe, 0xfe, 0xfe,
0xff, 0xfe, 0xfe, 0xfe, 0xff, 0xfe, 0xfe, 0xfe, 0xff, 0xfe, 0xfe, 0xfe, 0xff, 0xfe, 0xfe,
0xfe, 0xff, 0xfe, 0xfe, 0xfe, 0xff, 0xfe, 0xfe, 0xfe, 0xff, 0xfe, 0xfe, 0xfe, 0xff, 0xfe,
0xfe, 0xfe, 0xff, 0xfe, 0xfe, 0xfe, 0xff, 0xfe, 0xfe, 0xfe, 0xff, 0xfe, 0xfe, 0xfe, 0xff,
0xfe, 0xfe, 0xfe, 0xff, 0xfe, 0xfe, 0xfe, 0xff, 0xfe, 0xfe, 0xfe, 0xff, 0xfe, 0xfe, 0xfe,
0xff, 0xfe, 0xfe, 0xfe, 0xff, 0xfe, 0xfe, 0xfe, 0xff, 0xfe, 0xfe, 0xfe, 0xff, 0xfe, 0xfe,
0xfe, 0xff, 0xfe, 0xfe, 0xfe, 0xff, 0xfe, 0xfe, 0xfe, 0xff, 0xfe, 0xfe, 0xfe, 0xff, 0xff,
0xff, 0xfe, 0xff, 0xd4, 0xe6, 0xfe, 0xff, 0x04, 0x6d, 0xff, 0xff, 0x00, 0x68, 0xff, 0xff,
0x00, 0x6a, 0xff, 0xff, 0x00, 0x69, 0xff, 0xff, 0x03, 0x6c, 0xff, 0xff, 0xd1, 0xe4, 0xfe,
0xff, 0xff, 0xff, 0xfe, 0xff, 0xfe, 0xfe, 0xfe, 0xff, 0xfe, 0xfe, 0xfe, 0xff, 0xfe, 0xfe,
0xfe, 0xff, 0xfe, 0xfe, 0xfe, 0xff, 0xfe, 0xfe, 0xfe, 0xff, 0xfe, 0xfe, 0xfe, 0xff, 0xfe,
0xfe, 0xfe, 0xff, 0xfe, 0xfe, 0xfe, 0xff, 0xfe, 0xfe, 0xfe, 0xff, 0xfe, 0xfe, 0xfe, 0xff,
0xfe, 0xfe, 0xfe, 0xff, 0xfe, 0xfe, 0xfe, 0xff, 0xfe, 0xfe, 0xfe, 0xff, 0xfe, 0xfe, 0xfe,
0xff, 0xfe, 0xfe, 0xfe, 0xff, 0xfe, 0xfe, 0xfe, 0xff, 0xfe, 0xfe, 0xfe, 0xff, 0xfe, 0xfe,
0xfe, 0xff, 0xfe, 0xfe, 0xfe, 0xff, 0xfe, 0xfe, 0xfe, 0xff, 0xff, 0xff, 0xfe, 0xff, 0xee,
0xf5, 0xfe, 0xff, 0x1f, 0x7c, 0xff, 0xff, 0x00, 0x66, 0xff, 0xff, 0x00, 0x6a, 0xff, 0xff,
0x00, 0x6a, 0xff, 0xff, 0x00, 0x6a, 0xff, 0xff, 0x00, 0x6a, 0xff, 0xff, 0x00, 0x6a, 0xff,
0xff, 0x00, 0x6a, 0xff, 0xff, 0x00, 0x6a, 0xff, 0xff, 0x00, 0x6a, 0xff, 0xff, 0x00, 0x6a,
0xff, 0xff, 0x00, 0x6a, 0xff, 0xff, 0x00, 0x6a, 0xff, 0xff, 0x00, 0x6a, 0xff, 0xff, 0x00,
0x6a, 0xff, 0xff, 0x00, 0x6a, 0xff, 0xff, 0x00, 0x6a, 0xff, 0xff, 0x00, 0x6a, 0xff, 0xff,
0x00, 0x6a, 0xff, 0xff, 0x00, 0x6d, 0xff, 0xff, 0x00, 0x59, 0xdd, 0x37, 0x00, 0x3f, 0x9f,
0x00, 0x00, 0x40, 0x9f, 0x00, 0x00, 0x40, 0xa0, 0x00, 0x00, 0x40, 0xa0, 0x00, 0x00, 0x40,
0xa0, 0x00, 0x00, 0x40, 0xa0, 0x00, 0xff, 0xff, 0xff, 0x00, 0xff, 0xff, 0xff, 0x00, 0xff,
0xff, 0xff, 0x00, 0xff, 0xff, 0xff, 0x00, 0xff, 0xff, 0xff, 0x00, 0xff, 0xff, 0xff, 0x00,
0xff, 0xff, 0xff, 0x00, 0xff, 0xff, 0xff, 0x00, 0xff, 0xff, 0xff, 0x00, 0xff, 0xff, 0xff,
0x00, 0xff, 0xff, 0xff, 0x00, 0xff, 0xff, 0xff, 0x00, 0xff, 0xff, 0xff, 0x00, 0xff, 0xff,
0xff, 0x00, 0xff, 0xff, 0xff, 0x00, 0xff, 0xff, 0xff, 0x00, 0xff, 0xff, 0xff, 0x00, 0x00,
0x62, 0xf1, 0x00, 0x00, 0x62, 0xf1, 0x00, 0x00, 0x62, 0xf1, 0x00, 0x00, 0x62, 0xf1, 0x00,
0x00, 0x62, 0xf1, 0x00, 0x00, 0x62, 0xf1, 0x00, 0x00, 0x62, 0xf1, 0x00, 0x00, 0x60, 0xef,
0x05, 0x00, 0x69, 0xfd, 0xc2, 0x00, 0x6a, 0xff, 0xff, 0x00, 0x6a, 0xff, 0xff, 0x00, 0x6a,
0xff, 0xff, 0x00, 0x6a, 0xff, 0xff, 0x00, 0x6a, 0xff, 0xff, 0x00, 0x6a, 0xff, 0xff, 0x00,
0x6a, 0xff, 0xff, 0x00, 0x6a, 0xff, 0xff, 0x00, 0x6a, 0xff, 0xff, 0x00, 0x6a, 0xff, 0xff,
0x00, 0x6a, 0xff, 0xff, 0x00, 0x6a, 0xff, 0xff, 0x00, 0x6a, 0xff, 0xff, 0x00, 0x6a, 0xff,
0xff, 0x00, 0x6a, 0xff, 0xff, 0x00, 0x6a, 0xff, 0xff, 0x00, 0x6a, 0xff, 0xff, 0x00, 0x6a,
0xff, 0xff, 0x00, 0x62, 0xff, 0xff, 0x6c, 0xaa, 0xff, 0xff, 0xff, 0xff, 0xfe, 0xff, 0xff,
0xfe, 0xfe, 0xff, 0xfe, 0xfe, 0xfe, 0xff, 0xfe, 0xfe, 0xfe, 0xff, 0xfe, 0xfe, 0xfe, 0xff,
0xfe, 0xfe, 0xfe, 0xff, 0xfe, 0xfe, 0xfe, 0xff, 0xfe, 0xfe, 0xfe, 0xff, 0xfe, 0xfe, 0xfe,
0xff, 0xfe, 0xfe, 0xfe, 0xff, 0xfe, 0xfe, 0xfe, 0xff, 0xfe, 0xfe, 0xfe, 0xff, 0xfe, 0xfe,
0xfe, 0xff, 0xfe, 0xfe, 0xfe, 0xff, 0xfe, 0xfe, 0xfe, 0xff, 0xfe, 0xfe, 0xfe, 0xff, 0xfe,
0xfe, 0xfe, 0xff, 0xfe, 0xfe, 0xfe, 0xff, 0xfe, 0xfe, 0xfe, 0xff, 0xfe, 0xfe, 0xfe, 0xff,
0xfe, 0xfe, 0xfe, 0xff, 0xfe, 0xfe, 0xfe, 0xff, 0xfe, 0xfe, 0xfe, 0xff, 0xfe, 0xfe, 0xfe,
0xff, 0xff, 0xff, 0xfe, 0xff, 0xd4, 0xe6, 0xfe, 0xff, 0x04, 0x6d, 0xff, 0xff, 0x00, 0x68,
0xff, 0xff, 0x00, 0x6a, 0xff, 0xff, 0x00, 0x69, 0xff, 0xff, 0x03, 0x6c, 0xff, 0xff, 0xd1,
0xe4, 0xfe, 0xff, 0xff, 0xff, 0xfe, 0xff, 0xfe, 0xfe, 0xfe, 0xff, 0xfe, 0xfe, 0xfe, 0xff,
0xfe, 0xfe, 0xfe, 0xff, 0xfe, 0xfe, 0xfe, 0xff, 0xfe, 0xfe, 0xfe, 0xff, 0xfe, 0xfe, 0xfe,
0xff, 0xfe, 0xfe, 0xfe, 0xff, 0xfe, 0xfe, 0xfe, 0xff, 0xfe, 0xfe, 0xfe, 0xff, 0xfe, 0xfe,
0xfe, 0xff, 0xfe, 0xfe, 0xfe, 0xff, 0xfe, 0xfe, 0xfe, 0xff, 0xfe, 0xfe, 0xfe, 0xff, 0xfe,
0xfe, 0xfe, 0xff, 0xfe, 0xfe, 0xfe, 0xff, 0xfe, 0xfe, 0xfe, 0xff, 0xfe, 0xfe, 0xfe, 0xff,
0xfe, 0xfe, 0xfe, 0xff, 0xfe, 0xfe, 0xfe, 0xff, 0xff, 0xfe, 0xfe, 0xff, 0xff, 0xff, 0xfe,
0xff, 0x6c, 0xa9, 0xff, 0xff, 0x00, 0x61, 0xff, 0xff, 0x00, 0x6a, 0xff, 0xff, 0x00, 0x6a,
0xff, 0xff, 0x00, 0x6a, 0xff, 0xff, 0x00, 0x6a, 0xff, 0xff, 0x00, 0x6a, 0xff, 0xff, 0x00,
0x6a, 0xff, 0xff, 0x00, 0x6a, 0xff, 0xff, 0x00, 0x6a, 0xff, 0xff, 0x00, 0x6a, 0xff, 0xff,
0x00, 0x6a, 0xff, 0xff, 0x00, 0x6a, 0xff, 0xff, 0x00, 0x6a, 0xff, 0xff, 0x00, 0x6a, 0xff,
0xff, 0x00, 0x6a, 0xff, 0xff, 0x00, 0x6a, 0xff, 0xff, 0x00, 0x6a, 0xff, 0xff, 0x00, 0x6a,
0xff, 0xff, 0x00, 0x6b, 0xff, 0xff, 0x00, 0x61, 0xf5, 0x98, 0x00, 0x53, 0xe5, 0x00, 0x00,
0x56, 0xed, 0x00, 0x00, 0x57, 0xed, 0x00, 0x00, 0x57, 0xed, 0x00, 0x00, 0x57, 0xed, 0x00,
0x00, 0x57, 0xed, 0x00, 0x00, 0x57, 0xed, 0x00, 0xff, 0xff, 0xff, 0x00, 0xff, 0xff, 0xff,
0x00, 0xff, 0xff, 0xff, 0x00, 0xff, 0xff, 0xff, 0x00, 0xff, 0xff, 0xff, 0x00, 0xff, 0xff,
0xff, 0x00, 0xff, 0xff, 0xff, 0x00, 0xff, 0xff, 0xff, 0x00, 0xff, 0xff, 0xff, 0x00, 0xff,
0xff, 0xff, 0x00, 0xff, 0xff, 0xff, 0x00, 0xff, 0xff, 0xff, 0x00, 0xff, 0xff, 0xff, 0x00,
0xff, 0xff, 0xff, 0x00, 0xff, 0xff, 0xff, 0x00, 0xff, 0xff, 0xff, 0x00, 0xff, 0xff, 0xff,
0x00, 0x00, 0x65, 0xeb, 0x00, 0x00, 0x65, 0xeb, 0x00, 0x00, 0x65, 0xeb, 0x00, 0x00, 0x65,
0xeb, 0x00, 0x00, 0x65, 0xeb, 0x00, 0x00, 0x65, 0xeb, 0x00, 0x00, 0x65, 0xeb, 0x00, 0x00,
0x65, 0xeb, 0x00, 0x00, 0x67, 0xf0, 0x2f, 0x00, 0x6a, 0xff, 0xfd, 0x00, 0x6a, 0xff, 0xff,
0x00, 0x6a, 0xff, 0xff, 0x00, 0x6a, 0xff, 0xff, 0x00, 0x6a, 0xff, 0xff, 0x00, 0x6a, 0xff,
0xff, 0x00, 0x6a, 0xff, 0xff, 0x00, 0x6a, 0xff, 0xff, 0x00, 0x6a, 0xff, 0xff, 0x00, 0x6a,
0xff, 0xff, 0x00, 0x6a, 0xff, 0xff, 0x00, 0x6a, 0xff, 0xff, 0x00, 0x6a, 0xff, 0xff, 0x00,
0x6a, 0xff, 0xff, 0x00, 0x6a, 0xff, 0xff, 0x00, 0x6a, 0xff, 0xff, 0x00, 0x6a, 0xff, 0xff,
0x00, 0x6a, 0xff, 0xff, 0x00, 0x68, 0xff, 0xff, 0x09, 0x6d, 0xff, 0xff, 0xd3, 0xe5, 0xff,
0xff, 0xff, 0xff, 0xfe, 0xff, 0xfe, 0xfe, 0xfe, 0xff, 0xfe, 0xfe, 0xfe, 0xff, 0xfe, 0xfe,
0xfe, 0xff, 0xfe, 0xfe, 0xfe, 0xff, 0xfe, 0xfe, 0xfe, 0xff, 0xfe, 0xfe, 0xfe, 0xff, 0xfe,
0xfe, 0xfe, 0xff, 0xfe, 0xfe, 0xfe, 0xff, 0xfe, 0xfe, 0xfe, 0xff, 0xfe, 0xfe, 0xfe, 0xff,
0xfe, 0xfe, 0xfe, 0xff, 0xfe, 0xfe, 0xfe, 0xff, 0xfe, 0xfe, 0xfe, 0xff, 0xfe, 0xfe, 0xfe,
0xff, 0xfe, 0xfe, 0xfe, 0xff, 0xfe, 0xfe, 0xfe, 0xff, 0xfe, 0xfe, 0xfe, 0xff, 0xfe, 0xfe,
0xfe, 0xff, 0xfe, 0xfe, 0xfe, 0xff, 0xfe, 0xfe, 0xfe, 0xff, 0xfe, 0xfe, 0xfe, 0xff, 0xfe,
0xfe, 0xfe, 0xff, 0xff, 0xff, 0xfe, 0xff, 0xd4, 0xe6, 0xfe, 0xff, 0x04, 0x6d, 0xff, 0xff,
0x00, 0x68, 0xff, 0xff, 0x00, 0x6a, 0xff, 0xff, 0x00, 0x69, 0xff, 0xff, 0x03, 0x6c, 0xff,
0xff, 0xd1, 0xe4, 0xfe, 0xff, 0xff, 0xff, 0xfe, 0xff, 0xfe, 0xfe, 0xfe, 0xff, 0xfe, 0xfe,
0xfe, 0xff, 0xfe, 0xfe, 0xfe, 0xff, 0xfe, 0xfe, 0xfe, 0xff, 0xfe, 0xfe, 0xfe, 0xff, 0xfe,
0xfe, 0xfe, 0xff, 0xfe, 0xfe, 0xfe, 0xff, 0xfe, 0xfe, 0xfe, 0xff, 0xfe, 0xfe, 0xfe, 0xff,
0xfe, 0xfe, 0xfe, 0xff, 0xfe, 0xfe, 0xfe, 0xff, 0xfe, 0xfe, 0xfe, 0xff, 0xfe, 0xfe, 0xfe,
0xff, 0xfe, 0xfe, 0xfe, 0xff, 0xfe, 0xfe, 0xfe, 0xff, 0xfe, 0xfe, 0xfe, 0xff, 0xfe, 0xfe,
0xfe, 0xff, 0xfe, 0xfe, 0xfe, 0xff, 0xfe, 0xfe, 0xfe, 0xff, 0xff, 0xff, 0xfe, 0xff, 0xd3,
0xe5, 0xff, 0xff, 0x09, 0x6d, 0xff, 0xff, 0x00, 0x68, 0xff, 0xff, 0x00, 0x6a, 0xff, 0xff,
0x00, 0x6a, 0xff, 0xff, 0x00, 0x6a, 0xff, 0xff, 0x00, 0x6a, 0xff, 0xff, 0x00, 0x6a, 0xff,
0xff, 0x00, 0x6a, 0xff, 0xff, 0x00, 0x6a, 0xff, 0xff, 0x00, 0x6a, 0xff, 0xff, 0x00, 0x6a,
0xff, 0xff, 0x00, 0x6a, 0xff, 0xff, 0x00, 0x6a, 0xff, 0xff, 0x00, 0x6a, 0xff, 0xff, 0x00,
0x6a, 0xff, 0xff, 0x00, 0x6a, 0xff, 0xff, 0x00, 0x6a, 0xff, 0xff, 0x00, 0x6a, 0xff, 0xff,
0x00, 0x6a, 0xff, 0xff, 0x00, 0x6a, 0xfe, 0xe7, 0x00, 0x63, 0xf1, 0x14, 0x00, 0x5f, 0xeb,
0x00, 0x00, 0x5f, 0xec, 0x00, 0x00, 0x5f, 0xec, 0x00, 0x00, 0x5f, 0xec, 0x00, 0x00, 0x5f,
0xec, 0x00, 0x00, 0x5f, 0xec, 0x00, 0x00, 0x5f, 0xec, 0x00, 0xff, 0xff, 0xff, 0x00, 0xff,
0xff, 0xff, 0x00, 0xff, 0xff, 0xff, 0x00, 0xff, 0xff, 0xff, 0x00, 0xff, 0xff, 0xff, 0x00,
0xff, 0xff, 0xff, 0x00, 0xff, 0xff, 0xff, 0x00, 0xff, 0xff, 0xff, 0x00, 0xff, 0xff, 0xff,
0x00, 0xff, 0xff, 0xff, 0x00, 0xff, 0xff, 0xff, 0x00, 0xff, 0xff, 0xff, 0x00, 0xff, 0xff,
0xff, 0x00, 0xff, 0xff, 0xff, 0x00, 0xff, 0xff, 0xff, 0x00, 0xff, 0xff, 0xff, 0x00, 0xff,
0xff, 0xff, 0x00, 0x00, 0x64, 0xf0, 0x00, 0x00, 0x64, 0xf0, 0x00, 0x00, 0x64, 0xf0, 0x00,
0x00, 0x64, 0xf0, 0x00, 0x00, 0x64, 0xf0, 0x00, 0x00, 0x64, 0xf0, 0x00, 0x00, 0x64, 0xf0,
0x00, 0x00, 0x64, 0xf0, 0x00, 0x00, 0x63, 0xef, 0x00, 0x00, 0x67, 0xf9, 0x7c, 0x00, 0x6b,
0xff, 0xff, 0x00, 0x6a, 0xff, 0xff, 0x00, 0x6a, 0xff, 0xff, 0x00, 0x6a, 0xff, 0xff, 0x00,
0x6a, 0xff, 0xff, 0x00, 0x6a, 0xff, 0xff, 0x00, 0x6a, 0xff, 0xff, 0x00, 0x6a, 0xff, 0xff,
0x00, 0x6a, 0xff, 0xff, 0x00, 0x6a, 0xff, 0xff, 0x00, 0x6a, 0xff, 0xff, 0x00, 0x6a, 0xff,
0xff, 0x00, 0x6a, 0xff, 0xff, 0x00, 0x6a, 0xff, 0xff, 0x00, 0x6a, 0xff, 0xff, 0x00, 0x6a,
0xff, 0xff, 0x00, 0x6a, 0xff, 0xff, 0x00, 0x6a, 0xff, 0xff, 0x00, 0x62, 0xff, 0xff, 0x3c,
0x8d, 0xff, 0xff, 0xff, 0xff, 0xfe, 0xff, 0xff, 0xff, 0xfe, 0xff, 0xfe, 0xfe, 0xfe, 0xff,
0xfe, 0xfe, 0xfe, 0xff, 0xfe, 0xfe, 0xfe, 0xff, 0xfe, 0xfe, 0xfe, 0xff, 0xfe, 0xfe, 0xfe,
0xff, 0xfe, 0xfe, 0xfe, 0xff, 0xfe, 0xfe, 0xfe, 0xff, 0xfe, 0xfe, 0xfe, 0xff, 0xfe, 0xfe,
0xfe, 0xff, 0xfe, 0xfe, 0xfe, 0xff, 0xfe, 0xfe, 0xfe, 0xff, 0xfe, 0xfe, 0xfe, 0xff, 0xfe,
0xfe, 0xfe, 0xff, 0xfe, 0xfe, 0xfe, 0xff, 0xfe, 0xfe, 0xfe, 0xff, 0xfe, 0xfe, 0xfe, 0xff,
0xfe, 0xfe, 0xfe, 0xff, 0xfe, 0xfe, 0xfe, 0xff, 0xfe, 0xfe, 0xfe, 0xff, 0xfe, 0xfe, 0xfe,
0xff, 0xfe, 0xfe, 0xfe, 0xff, 0xff, 0xff, 0xfe, 0xff, 0xd4, 0xe6, 0xfe, 0xff, 0x04, 0x6d,
0xff, 0xff, 0x00, 0x68, 0xff, 0xff, 0x00, 0x6a, 0xff, 0xff, 0x00, 0x69, 0xff, 0xff, 0x03,
0x6c, 0xff, 0xff, 0xd1, 0xe4, 0xfe, 0xff, 0xff, 0xff, 0xfe, 0xff, 0xfe, 0xfe, 0xfe, 0xff,
0xfe, 0xfe, 0xfe, 0xff, 0xfe, 0xfe, 0xfe, 0xff, 0xfe, 0xfe, 0xfe, 0xff, 0xfe, 0xfe, 0xfe,
0xff, 0xfe, 0xfe, 0xfe, 0xff, 0xfe, 0xfe, 0xfe, 0xff, 0xfe, 0xfe, 0xfe, 0xff, 0xfe, 0xfe,
0xfe, 0xff, 0xfe, 0xfe, 0xfe, 0xff, 0xfe, 0xfe, 0xfe, 0xff, 0xfe, 0xfe, 0xfe, 0xff, 0xfe,
0xfe, 0xfe, 0xff, 0xfe, 0xfe, 0xfe, 0xff, 0xfe, 0xfe, 0xfe, 0xff, 0xfe, 0xfe, 0xfe, 0xff,
0xfe, 0xfe, 0xfe, 0xff, 0xfe, 0xfe, 0xfe, 0xff, 0xff, 0xff, 0xfe, 0xff, 0xff, 0xff, 0xfe,
0xff, 0x3c, 0x8d, 0xff, 0xff, 0x00, 0x62, 0xff, 0xff, 0x00, 0x6a, 0xff, 0xff, 0x00, 0x6a,
0xff, 0xff, 0x00, 0x6a, 0xff, 0xff, 0x00, 0x6a, 0xff, 0xff, 0x00, 0x6a, 0xff, 0xff, 0x00,
0x6a, 0xff, 0xff, 0x00, 0x6a, 0xff, 0xff, 0x00, 0x6a, 0xff, 0xff, 0x00, 0x6a, 0xff, 0xff,
0x00, 0x6a, 0xff, 0xff, 0x00, 0x6a, 0xff, 0xff, 0x00, 0x6a, 0xff, 0xff, 0x00, 0x6a, 0xff,
0xff, 0x00, 0x6a, 0xff, 0xff, 0x00, 0x6a, 0xff, 0xff, 0x00, 0x6a, 0xff, 0xff, 0x00, 0x6a,
0xff, 0xff, 0x00, 0x6b, 0xff, 0xff, 0x00, 0x6a, 0xfa, 0x51, 0x00, 0x69, 0xf7, 0x00, 0x00,
0x6a, 0xf8, 0x00, 0x00, 0x69, 0xf8, 0x00, 0x00, 0x69, 0xf8, 0x00, 0x00, 0x69, 0xf8, 0x00,
0x00, 0x69, 0xf8, 0x00, 0x00, 0x69, 0xf8, 0x00, 0x00, 0x69, 0xf8, 0x00, 0xff, 0xff, 0xff,
0x00, 0xff, 0xff, 0xff, 0x00, 0xff, 0xff, 0xff, 0x00, 0xff, 0xff, 0xff, 0x00, 0xff, 0xff,
0xff, 0x00, 0xff, 0xff, 0xff, 0x00, 0xff, 0xff, 0xff, 0x00, 0xff, 0xff, 0xff, 0x00, 0xff,
0xff, 0xff, 0x00, 0xff, 0xff, 0xff, 0x00, 0xff, 0xff, 0xff, 0x00, 0xff, 0xff, 0xff, 0x00,
0xff, 0xff, 0xff, 0x00, 0xff, 0xff, 0xff, 0x00, 0xff, 0xff, 0xff, 0x00, 0xff, 0xff, 0xff,
0x00, 0xff, 0xff, 0xff, 0x00, 0x00, 0x65, 0xf0, 0x00, 0x00, 0x65, 0xf0, 0x00, 0x00, 0x65,
0xf0, 0x00, 0x00, 0x65, 0xf0, 0x00, 0x00, 0x65, 0xf0, 0x00, 0x00, 0x65, 0xf0, 0x00, 0x00,
0x65, 0xf0, 0x00, 0x00, 0x65, 0xf0, 0x00, 0x00, 0x65, 0xef, 0x00, 0x00, 0x66, 0xf3, 0x06,
0x00, 0x6e, 0xff, 0xbe, 0x00, 0x6b, 0xff, 0xff, 0x00, 0x6a, 0xff, 0xff, 0x00, 0x6a, 0xff,
0xff, 0x00, 0x6a, 0xff, 0xff, 0x00, 0x6a, 0xff, 0xff, 0x00, 0x6a, 0xff, 0xff, 0x00, 0x6a,
0xff, 0xff, 0x00, 0x6a, 0xff, 0xff, 0x00, 0x6a, 0xff, 0xff, 0x00, 0x6a, 0xff, 0xff, 0x00,
0x6a, 0xff, 0xff, 0x00, 0x6a, 0xff, 0xff, 0x00, 0x6a, 0xff, 0xff, 0x00, 0x6a, 0xff, 0xff,
0x00, 0x6a, 0xff, 0xff, 0x00, 0x6a, 0xff, 0xff, 0x00, 0x6a, 0xff, 0xff, 0x00, 0x6a, 0xff,
0xff, 0x00, 0x63, 0xff, 0xff, 0x83, 0xb7, 0xff, 0xff, 0xff, 0xff, 0xfe, 0xff, 0xfe, 0xfe,
0xfe, 0xff, 0xfe, 0xfe, 0xfe, 0xff, 0xfe, 0xfe, 0xfe, 0xff, 0xfe, 0xfe, 0xfe, 0xff, 0xfe,
0xfe, 0xfe, 0xff, 0xfe, 0xfe, 0xfe, 0xff, 0xfe, 0xfe, 0xfe, 0xff, 0xfe, 0xfe, 0xfe, 0xff,
0xfe, 0xfe, 0xfe, 0xff, 0xfe, 0xfe, 0xfe, 0xff, 0xfe, 0xfe, 0xfe, 0xff, 0xfe, 0xfe, 0xfe,
0xff, 0xfe, 0xfe, 0xfe, 0xff, 0xfe, 0xfe, 0xfe, 0xff, 0xfe, 0xfe, 0xfe, 0xff, 0xfe, 0xfe,
0xfe, 0xff, 0xfe, 0xfe, 0xfe, 0xff, 0xfe, 0xfe, 0xfe, 0xff, 0xfe, 0xfe, 0xfe, 0xff, 0xfe,
0xfe, 0xfe, 0xff, 0xfe, 0xfe, 0xfe, 0xff, 0xff, 0xff, 0xfe, 0xff, 0xd4, 0xe6, 0xfe, 0xff,
0x04, 0x6d, 0xff, 0xff, 0x00, 0x68, 0xff, 0xff, 0x00, 0x6a, 0xff, 0xff, 0x00, 0x69, 0xff,
0xff, 0x03, 0x6c, 0xff, 0xff, 0xd1, 0xe4, 0xfe, 0xff, 0xff, 0xff, 0xfe, 0xff, 0xfe, 0xfe,
0xfe, 0xff, 0xfe, 0xfe, 0xfe, 0xff, 0xfe, 0xfe, 0xfe, 0xff, 0xfe, 0xfe, 0xfe, 0xff, 0xfe,
0xfe, 0xfe, 0xff, 0xfe, 0xfe, 0xfe, 0xff, 0xfe, 0xfe, 0xfe, 0xff, 0xfe, 0xfe, 0xfe, 0xff,
0xfe, 0xfe, 0xfe, 0xff, 0xfe, 0xfe, 0xfe, 0xff, 0xfe, 0xfe, 0xfe, 0xff, 0xfe, 0xfe, 0xfe,
0xff, 0xfe, 0xfe, 0xfe, 0xff, 0xfe, 0xfe, 0xfe, 0xff, 0xfe, 0xfe, 0xfe, 0xff, 0xfe, 0xfe,
0xfe, 0xff, 0xfe, 0xfe, 0xfe, 0xff, 0xfe, 0xfe, 0xfe, 0xff, 0xff, 0xff, 0xfe, 0xff, 0x83,
0xb7, 0xff, 0xff, 0x00, 0x63, 0xff, 0xff, 0x00, 0x6a, 0xff, 0xff, 0x00, 0x6a, 0xff, 0xff,
0x00, 0x6a, 0xff, 0xff, 0x00, 0x6a, 0xff, 0xff, 0x00, 0x6a, 0xff, 0xff, 0x00, 0x6a, 0xff,
0xff, 0x00, 0x6a, 0xff, 0xff, 0x00, 0x6a, 0xff, 0xff, 0x00, 0x6a, 0xff, 0xff, 0x00, 0x6a,
0xff, 0xff, 0x00, 0x6a, 0xff, 0xff, 0x00, 0x6a, 0xff, 0xff, 0x00, 0x6a, 0xff, 0xff, 0x00,
0x6a, 0xff, 0xff, 0x00, 0x6a, 0xff, 0xff, 0x00, 0x6a, 0xff, 0xff, 0x00, 0x6a, 0xff, 0xff,
0x00, 0x6b, 0xff, 0xff, 0x00, 0x61, 0xf5, 0x9a, 0x00, 0x56, 0xe5, 0x00, 0x00, 0x57, 0xe6,
0x00, 0x00, 0x57, 0xe6, 0x00, 0x00, 0x57, 0xe6, 0x00, 0x00, 0x57, 0xe6, 0x00, 0x00, 0x57,
0xe6, 0x00, 0x00, 0x57, 0xe6, 0x00, 0x00, 0x57, 0xe6, 0x00, 0x00, 0x57, 0xe6, 0x00, 0xff,
0xff, 0xff, 0x00, 0xff, 0xff, 0xff, 0x00, 0xff, 0xff, 0xff, 0x00, 0xff, 0xff, 0xff, 0x00,
0xff, 0xff, 0xff, 0x00, 0xff, 0xff, 0xff, 0x00, 0xff, 0xff, 0xff, 0x00, 0xff, 0xff, 0xff,
0x00, 0xff, 0xff, 0xff, 0x00, 0xff, 0xff, 0xff, 0x00, 0xff, 0xff, 0xff, 0x00, 0xff, 0xff,
0xff, 0x00, 0xff, 0xff, 0xff, 0x00, 0xff, 0xff, 0xff, 0x00, 0xff, 0xff, 0xff, 0x00, 0xff,
0xff, 0xff, 0x00, 0xff, 0xff, 0xff, 0x00, 0x00, 0x3b, 0x90, 0x00, 0x00, 0x3b, 0x90, 0x00,
0x00, 0x3b, 0x90, 0x00, 0x00, 0x3b, 0x90, 0x00, 0x00, 0x3b, 0x90, 0x00, 0x00, 0x3b, 0x90,
0x00, 0x00, 0x3b, 0x90, 0x00, 0x00, 0x3b, 0x90, 0x00, 0x00, 0x3b, 0x91, 0x00, 0x00, 0x3a,
0x8f, 0x00, 0x00, 0x3e, 0x97, 0x19, 0x00, 0x65, 0xf2, 0xe2, 0x00, 0x6c, 0xff, 0xff, 0x00,
0x6a, 0xff, 0xff, 0x00, 0x6a, 0xff, 0xff, 0x00, 0x6a, 0xff, 0xff, 0x00, 0x6a, 0xff, 0xff,
0x00, 0x6a, 0xff, 0xff, 0x00, 0x6a, 0xff, 0xff, 0x00, 0x6a, 0xff, 0xff, 0x00, 0x6a, 0xff,
0xff, 0x00, 0x6a, 0xff, 0xff, 0x00, 0x6a, 0xff, 0xff, 0x00, 0x6a, 0xff, 0xff, 0x00, 0x6a,
0xff, 0xff, 0x00, 0x6a, 0xff, 0xff, 0x00, 0x6a, 0xff, 0xff, 0x00, 0x6a, 0xff, 0xff, 0x00,
0x6a, 0xff, 0xff, 0x00, 0x67, 0xff, 0xff, 0x08, 0x6c, 0xff, 0xff, 0xc4, 0xdd, 0xff, 0xff,
0xff, 0xff, 0xfe, 0xff, 0xfe, 0xfe, 0xfe, 0xff, 0xfe, 0xfe, 0xfe, 0xff, 0xfe, 0xfe, 0xfe,
0xff, 0xfe, 0xfe, 0xfe, 0xff, 0xfe, 0xfe, 0xfe, 0xff, 0xfe, 0xfe, 0xfe, 0xff, 0xfe, 0xfe,
0xfe, 0xff, 0xfe, 0xfe, 0xfe, 0xff, 0xfe, 0xfe, 0xfe, 0xff, 0xfe, 0xfe, 0xfe, 0xff, 0xfe,
0xfe, 0xfe, 0xff, 0xfe, 0xfe, 0xfe, 0xff, 0xfe, 0xfe, 0xfe, 0xff, 0xfe, 0xfe, 0xfe, 0xff,
0xfe, 0xfe, 0xfe, 0xff, 0xfe, 0xfe, 0xfe, 0xff, 0xfe, 0xfe, 0xfe, 0xff, 0xfe, 0xfe, 0xfe,
0xff, 0xfe, 0xfe, 0xfe, 0xff, 0xfe, 0xfe, 0xfe, 0xff, 0xff, 0xff, 0xfe, 0xff, 0xd4, 0xe6,
0xfe, 0xff, 0x01, 0x6b, 0xff, 0xff, 0x00, 0x66, 0xff, 0xff, 0x00, 0x68, 0xff, 0xff, 0x00,
0x67, 0xff, 0xff, 0x00, 0x6a, 0xff, 0xff, 0xd1, 0xe4, 0xfe, 0xff, 0xff, 0xff, 0xfe, 0xff,
0xfe, 0xfe, 0xfe, 0xff, 0xfe, 0xfe, 0xfe, 0xff, 0xfe, 0xfe, 0xfe, 0xff, 0xfe, 0xfe, 0xfe,
0xff, 0xfe, 0xfe, 0xfe, 0xff, 0xfe, 0xfe, 0xfe, 0xff, 0xfe, 0xfe, 0xfe, 0xff, 0xfe, 0xfe,
0xfe, 0xff, 0xfe, 0xfe, 0xfe, 0xff, 0xfe, 0xfe, 0xfe, 0xff, 0xfe, 0xfe, 0xfe, 0xff, 0xfe,
0xfe, 0xfe, 0xff, 0xfe, 0xfe, 0xfe, 0xff, 0xfe, 0xfe, 0xfe, 0xff, 0xfe, 0xfe, 0xfe, 0xff,
0xfe, 0xfe, 0xfe, 0xff, 0xfe, 0xfe, 0xfe, 0xff, 0xff, 0xff, 0xfe, 0xff, 0xc4, 0xdd, 0xff,
0xff, 0x08, 0x6c, 0xff, 0xff, 0x00, 0x67, 0xff, 0xff, 0x00, 0x6a, 0xff, 0xff, 0x00, 0x6a,
0xff, 0xff, 0x00, 0x6a, 0xff, 0xff, 0x00, 0x6a, 0xff, 0xff, 0x00, 0x6a, 0xff, 0xff, 0x00,
0x6a, 0xff, 0xff, 0x00, 0x6a, 0xff, 0xff, 0x00, 0x6a, 0xff, 0xff, 0x00, 0x6a, 0xff, 0xff,
0x00, 0x6a, 0xff, 0xff, 0x00, 0x6a, 0xff, 0xff, 0x00, 0x6a, 0xff, 0xff, 0x00, 0x6a, 0xff,
0xff, 0x00, 0x6a, 0xff, 0xff, 0x00, 0x6a, 0xff, 0xff, 0x00, 0x6a, 0xff, 0xff, 0x00, 0x6b,
0xff, 0xff, 0x00, 0x6d, 0xff, 0xda, 0x00, 0x5c, 0xee, 0x11, 0x00, 0x52, 0xe3, 0x00, 0x00,
0x53, 0xe5, 0x00, 0x00, 0x53, 0xe5, 0x00, 0x00, 0x53, 0xe5, 0x00, 0x00, 0x53, 0xe5, 0x00,
0x00, 0x53, 0xe5, 0x00, 0x00, 0x53, 0xe5, 0x00, 0x00, 0x53, 0xe5, 0x00, 0x00, 0x53, 0xe5,
0x00, 0xff, 0xff, 0xff, 0x00, 0xff, 0xff, 0xff, 0x00, 0xff, 0xff, 0xff, 0x00, 0xff, 0xff,
0xff, 0x00, 0xff, 0xff, 0xff, 0x00, 0xff, 0xff, 0xff, 0x00, 0xff, 0xff, 0xff, 0x00, 0xff,
0xff, 0xff, 0x00, 0xff, 0xff, 0xff, 0x00, 0xff, 0xff, 0xff, 0x00, 0xff, 0xff, 0xff, 0x00,
0xff, 0xff, 0xff, 0x00, 0xff, 0xff, 0xff, 0x00, 0xff, 0xff, 0xff, 0x00, 0xff, 0xff, 0xff,
0x00, 0xff, 0xff, 0xff, 0x00, 0xff, 0xff, 0xff, 0x00, 0x00, 0x00, 0x00, 0x00, 0x00, 0x00,
0x00, 0x00, 0x00, 0x00, 0x00, 0x00, 0x00, 0x00, 0x00, 0x00, 0x00, 0x00, 0x00, 0x00, 0x00,
0x00, 0x00, 0x00, 0x00, 0x00, 0x00, 0x00, 0x00, 0x00, 0x00, 0x00, 0x00, 0x00, 0x00, 0x00,
0x00, 0x00, 0x00, 0x00, 0x00, 0x00, 0x00, 0x00, 0x00, 0x4f, 0xbf, 0x39, 0x00, 0x6c, 0xfb,
0xf2, 0x00, 0x6a, 0xff, 0xff, 0x00, 0x6a, 0xff, 0xff, 0x00, 0x6a, 0xff, 0xff, 0x00, 0x6a,
0xff, 0xff, 0x00, 0x6a, 0xff, 0xff, 0x00, 0x6a, 0xff, 0xff, 0x00, 0x6a, 0xff, 0xff, 0x00,
0x6a, 0xff, 0xff, 0x00, 0x6a, 0xff, 0xff, 0x00, 0x6a, 0xff, 0xff, 0x00, 0x6a, 0xff, 0xff,
0x00, 0x6a, 0xff, 0xff, 0x00, 0x6a, 0xff, 0xff, 0x00, 0x6a, 0xff, 0xff, 0x00, 0x6a, 0xff,
0xff, 0x00, 0x6a, 0xff, 0xff, 0x00, 0x6a, 0xff, 0xff, 0x00, 0x64, 0xff, 0xff, 0x1c, 0x78,
0xff, 0xff, 0xe0, 0xed, 0xfe, 0xff, 0xff, 0xff, 0xfe, 0xff, 0xfe, 0xfe, 0xfe, 0xff, 0xfe,
0xfe, 0xfe, 0xff, 0xfe, 0xfe, 0xfe, 0xff, 0xfe, 0xfe, 0xfe, 0xff, 0xfe, 0xfe, 0xfe, 0xff,
0xfe, 0xfe, 0xfe, 0xff, 0xfe, 0xfe, 0xfe, 0xff, 0xfe, 0xfe, 0xfe, 0xff, 0xfe, 0xfe, 0xfe,
0xff, 0xfe, 0xfe, 0xfe, 0xff, 0xfe, 0xfe, 0xfe, 0xff, 0xfe, 0xfe, 0xfe, 0xff, 0xfe, 0xfe,
0xfe, 0xff, 0xfe, 0xfe, 0xfe, 0xff, 0xfe, 0xfe, 0xfe, 0xff, 0xfe, 0xfe, 0xfe, 0xff, 0xfe,
0xfe, 0xfe, 0xff, 0xfe, 0xfe, 0xfe, 0xff, 0xfe, 0xfe, 0xfe, 0xff, 0xff, 0xff, 0xfe, 0xff,
0xd5, 0xe6, 0xfe, 0xff, 0x08, 0x6f, 0xff, 0xff, 0x04, 0x6b, 0xff, 0xff, 0x04, 0x6d, 0xff,
0xff, 0x04, 0x6c, 0xff, 0xff, 0x07, 0x6f, 0xff, 0xff, 0xd2, 0xe4, 0xfe, 0xff, 0xff, 0xff,
0xfe, 0xff, 0xfe, 0xfe, 0xfe, 0xff, 0xfe, 0xfe, 0xfe, 0xff, 0xfe, 0xfe, 0xfe, 0xff, 0xfe,
0xfe, 0xfe, 0xff, 0xfe, 0xfe, 0xfe, 0xff, 0xfe, 0xfe, 0xfe, 0xff, 0xfe, 0xfe, 0xfe, 0xff,
0xfe, 0xfe, 0xfe, 0xff, 0xfe, 0xfe, 0xfe, 0xff, 0xfe, 0xfe, 0xfe, 0xff, 0xfe, 0xfe, 0xfe,
0xff, 0xfe, 0xfe, 0xfe, 0xff, 0xfe, 0xfe, 0xfe, 0xff, 0xfe, 0xfe, 0xfe, 0xff, 0xfe, 0xfe,
0xfe, 0xff, 0xfe, 0xfe, 0xfe, 0xff, 0xff, 0xff, 0xfe, 0xff, 0xe0, 0xed, 0xfe, 0xff, 0x1c,
0x78, 0xff, 0xff, 0x00, 0x64, 0xff, 0xff, 0x00, 0x6a, 0xff, 0xff, 0x00, 0x6a, 0xff, 0xff,
0x00, 0x6a, 0xff, 0xff, 0x00, 0x6a, 0xff, 0xff, 0x00, 0x6a, 0xff, 0xff, 0x00, 0x6a, 0xff,
0xff, 0x00, 0x6a, 0xff, 0xff, 0x00, 0x6a, 0xff, 0xff, 0x00, 0x6a, 0xff, 0xff, 0x00, 0x6a,
0xff, 0xff, 0x00, 0x6a, 0xff, 0xff, 0x00, 0x6a, 0xff, 0xff, 0x00, 0x6a, 0xff, 0xff, 0x00,
0x6a, 0xff, 0xff, 0x00, 0x6a, 0xff, 0xff, 0x00, 0x6a, 0xff, 0xff, 0x00, 0x6a, 0xff, 0xff,
0x00, 0x68, 0xfd, 0xf1, 0x00, 0x57, 0xe9, 0x2c, 0x00, 0x51, 0xe3, 0x00, 0x00, 0x53, 0xe4,
0x00, 0x00, 0x52, 0xe4, 0x00, 0x00, 0x52, 0xe4, 0x00, 0x00, 0x52, 0xe4, 0x00, 0x00, 0x52,
0xe4, 0x00, 0x00, 0x52, 0xe4, 0x00, 0x00, 0x52, 0xe4, 0x00, 0x00, 0x52, 0xe4, 0x00, 0x00,
0x52, 0xe4, 0x00, 0xff, 0xff, 0xff, 0x00, 0xff, 0xff, 0xff, 0x00, 0xff, 0xff, 0xff, 0x00,
0xff, 0xff, 0xff, 0x00, 0xff, 0xff, 0xff, 0x00, 0xff, 0xff, 0xff, 0x00, 0xff, 0xff, 0xff,
0x00, 0xff, 0xff, 0xff, 0x00, 0xff, 0xff, 0xff, 0x00, 0xff, 0xff, 0xff, 0x00, 0xff, 0xff,
0xff, 0x00, 0xff, 0xff, 0xff, 0x00, 0xff, 0xff, 0xff, 0x00, 0xff, 0xff, 0xff, 0x00, 0xff,
0xff, 0xff, 0x00, 0xff, 0xff, 0xff, 0x00, 0xff, 0xff, 0xff, 0x00, 0x00, 0x01, 0x01, 0x00,
0x00, 0x01, 0x01, 0x00, 0x00, 0x01, 0x01, 0x00, 0x00, 0x01, 0x01, 0x00, 0x00, 0x01, 0x01,
0x00, 0x00, 0x01, 0x01, 0x00, 0x00, 0x01, 0x01, 0x00, 0x00, 0x01, 0x01, 0x00, 0x00, 0x01,
0x01, 0x00, 0x00, 0x01, 0x01, 0x00, 0x00, 0x01, 0x00, 0x00, 0x00, 0x06, 0x0f, 0x00, 0x00,
0x50, 0xb5, 0x50, 0x00, 0x6e, 0xff, 0xf9, 0x00, 0x6a, 0xff, 0xff, 0x00, 0x6a, 0xff, 0xff,
0x00, 0x6a, 0xff, 0xff, 0x00, 0x6a, 0xff, 0xff, 0x00, 0x6a, 0xff, 0xff, 0x00, 0x6a, 0xff,
0xff, 0x00, 0x6a, 0xff, 0xff, 0x00, 0x6a, 0xff, 0xff, 0x00, 0x6a, 0xff, 0xff, 0x00, 0x6a,
0xff, 0xff, 0x00, 0x6a, 0xff, 0xff, 0x00, 0x6a, 0xff, 0xff, 0x00, 0x6a, 0xff, 0xff, 0x00,
0x6a, 0xff, 0xff, 0x00, 0x6a, 0xff, 0xff, 0x00, 0x6a, 0xff, 0xff, 0x00, 0x6a, 0xff, 0xff,
0x00, 0x62, 0xff, 0xff, 0x30, 0x85, 0xff, 0xff, 0xeb, 0xf4, 0xfe, 0xff, 0xff, 0xff, 0xfe,
0xff, 0xfe, 0xfe, 0xfe, 0xff, 0xfe, 0xfe, 0xfe, 0xff, 0xfe, 0xfe, 0xfe, 0xff, 0xfe, 0xfe,
0xfe, 0xff, 0xfe, 0xfe, 0xfe, 0xff, 0xfe, 0xfe, 0xfe, 0xff, 0xfe, 0xfe, 0xfe, 0xff, 0xfe,
0xfe, 0xfe, 0xff, 0xfe, 0xfe, 0xfe, 0xff, 0xfe, 0xfe, 0xfe, 0xff, 0xfe, 0xfe, 0xfe, 0xff,
0xfe, 0xfe, 0xfe, 0xff, 0xfe, 0xfe, 0xfe, 0xff, 0xfe, 0xfe, 0xfe, 0xff, 0xfe, 0xfe, 0xfe,
0xff, 0xfe, 0xfe, 0xfe, 0xff, 0xfe, 0xfe, 0xfe, 0xff, 0xfe, 0xfe, 0xfe, 0xff, 0xfe, 0xfe,
0xfe, 0xff, 0xf7, 0xfa, 0xfe, 0xff, 0xd5, 0xe6, 0xfe, 0xff, 0xd4, 0xe5, 0xfe, 0xff, 0xd4,
0xe6, 0xfe, 0xff, 0xd4, 0xe5, 0xfe, 0xff, 0xd4, 0xe6, 0xfe, 0xff, 0xf7, 0xfa, 0xfe, 0xff,
0xfe, 0xfe, 0xfe, 0xff, 0xfe, 0xfe, 0xfe, 0xff, 0xfe, 0xfe, 0xfe, 0xff, 0xfe, 0xfe, 0xfe,
0xff, 0xfe, 0xfe, 0xfe, 0xff, 0xfe, 0xfe, 0xfe, 0xff, 0xfe, 0xfe, 0xfe, 0xff, 0xfe, 0xfe,
0xfe, 0xff, 0xfe, 0xfe, 0xfe, 0xff, 0xfe, 0xfe, 0xfe, 0xff, 0xfe, 0xfe, 0xfe, 0xff, 0xfe,
0xfe, 0xfe, 0xff, 0xfe, 0xfe, 0xfe, 0xff, 0xfe, 0xfe, 0xfe, 0xff, 0xfe, 0xfe, 0xfe, 0xff,
0xfe, 0xfe, 0xfe, 0xff, 0xff, 0xff, 0xfe, 0xff, 0xea, 0xf3, 0xfe, 0xff, 0x30, 0x85, 0xff,
0xff, 0x00, 0x62, 0xff, 0xff, 0x00, 0x6a, 0xff, 0xff, 0x00, 0x6a, 0xff, 0xff, 0x00, 0x6a,
0xff, 0xff, 0x00, 0x6a, 0xff, 0xff, 0x00, 0x6a, 0xff, 0xff, 0x00, 0x6a, 0xff, 0xff, 0x00,
0x6a, 0xff, 0xff, 0x00, 0x6a, 0xff, 0xff, 0x00, 0x6a, 0xff, 0xff, 0x00, 0x6a, 0xff, 0xff,
0x00, 0x6a, 0xff, 0xff, 0x00, 0x6a, 0xff, 0xff, 0x00, 0x6a, 0xff, 0xff, 0x00, 0x6a, 0xff,
0xff, 0x00, 0x6a, 0xff, 0xff, 0x00, 0x6a, 0xff, 0xff, 0x00, 0x6a, 0xff, 0xff, 0x00, 0x6f,
0xff, 0xfe, 0x00, 0x4f, 0xde, 0x57, 0x00, 0x03, 0x81, 0x00, 0x00, 0x04, 0x86, 0x00, 0x00,
0x04, 0x86, 0x00, 0x00, 0x04, 0x86, 0x00, 0x00, 0x04, 0x86, 0x00, 0x00, 0x04, 0x86, 0x00,
0x00, 0x04, 0x86, 0x00, 0x00, 0x04, 0x86, 0x00, 0x00, 0x04, 0x86, 0x00, 0x00, 0x04, 0x86,
0x00, 0x00, 0x04, 0x86, 0x00, 0xff, 0xff, 0xff, 0x00, 0xff, 0xff, 0xff, 0x00, 0xff, 0xff,
0xff, 0x00, 0xff, 0xff, 0xff, 0x00, 0xff, 0xff, 0xff, 0x00, 0xff, 0xff, 0xff, 0x00, 0xff,
0xff, 0xff, 0x00, 0xff, 0xff, 0xff, 0x00, 0xff, 0xff, 0xff, 0x00, 0xff, 0xff, 0xff, 0x00,
0xff, 0xff, 0xff, 0x00, 0xff, 0xff, 0xff, 0x00, 0xff, 0xff, 0xff, 0x00, 0xff, 0xff, 0xff,
0x00, 0xff, 0xff, 0xff, 0x00, 0xff, 0xff, 0xff, 0x00, 0xff, 0xff, 0xff, 0x00, 0x00, 0x01,
0x01, 0x00, 0x00, 0x01, 0x01, 0x00, 0x00, 0x01, 0x01, 0x00, 0x00, 0x01, 0x01, 0x00, 0x00,
0x01, 0x01, 0x00, 0x00, 0x01, 0x01, 0x00, 0x00, 0x01, 0x01, 0x00, 0x00, 0x01, 0x01, 0x00,
0x00, 0x01, 0x01, 0x00, 0x00, 0x01, 0x01, 0x00, 0x00, 0x01, 0x00, 0x00, 0x00, 0x00, 0x00,
0x00, 0x00, 0x4a, 0xa5, 0x00, 0x00, 0x6d, 0xff, 0x5c, 0x00, 0x6a, 0xff, 0xfb, 0x00, 0x6a,
0xff, 0xff, 0x00, 0x6a, 0xff, 0xff, 0x00, 0x6a, 0xff, 0xff, 0x00, 0x6a, 0xff, 0xff, 0x00,
0x6a, 0xff, 0xff, 0x00, 0x6a, 0xff, 0xff, 0x00, 0x6a, 0xff, 0xff, 0x00, 0x6a, 0xff, 0xff,
0x00, 0x6a, 0xff, 0xff, 0x00, 0x6a, 0xff, 0xff, 0x00, 0x6a, 0xff, 0xff, 0x00, 0x6a, 0xff,
0xff, 0x00, 0x6a, 0xff, 0xff, 0x00, 0x6a, 0xff, 0xff, 0x00, 0x6a, 0xff, 0xff, 0x00, 0x6a,
0xff, 0xff, 0x00, 0x6a, 0xff, 0xff, 0x00, 0x62, 0xff, 0xff, 0x35, 0x87, 0xff, 0xff, 0xe6,
0xf1, 0xfe, 0xff, 0xff, 0xff, 0xfe, 0xff, 0xfe, 0xfe, 0xfe, 0xff, 0xfe, 0xfe, 0xfe, 0xff,
0xfe, 0xfe, 0xfe, 0xff, 0xfe, 0xfe, 0xfe, 0xff, 0xfe, 0xfe, 0xfe, 0xff, 0xfe, 0xfe, 0xfe,
0xff, 0xfe, 0xfe, 0xfe, 0xff, 0xfe, 0xfe, 0xfe, 0xff, 0xfe, 0xfe, 0xfe, 0xff, 0xfe, 0xfe,
0xfe, 0xff, 0xfe, 0xfe, 0xfe, 0xff, 0xfe, 0xfe, 0xfe, 0xff, 0xfe, 0xfe, 0xfe, 0xff, 0xfe,
0xfe, 0xfe, 0xff, 0xfe, 0xfe, 0xfe, 0xff, 0xfe, 0xfe, 0xfe, 0xff, 0xfe, 0xfe, 0xfe, 0xff,
0xfe, 0xfe, 0xfe, 0xff, 0xff, 0xff, 0xfe, 0xff, 0xff, 0xff, 0xfe, 0xff, 0xff, 0xff, 0xfe,
0xff, 0xff, 0xff, 0xfe, 0xff, 0xff, 0xff, 0xfe, 0xff, 0xff, 0xff, 0xfe, 0xff, 0xff, 0xff,
0xfe, 0xff, 0xfe, 0xfe, 0xfe, 0xff, 0xfe, 0xfe, 0xfe, 0xff, 0xfe, 0xfe, 0xfe, 0xff, 0xfe,
0xfe, 0xfe, 0xff, 0xfe, 0xfe, 0xfe, 0xff, 0xfe, 0xfe, 0xfe, 0xff, 0xfe, 0xfe, 0xfe, 0xff,
0xfe, 0xfe, 0xfe, 0xff, 0xfe, 0xfe, 0xfe, 0xff, 0xfe, 0xfe, 0xfe, 0xff, 0xfe, 0xfe, 0xfe,
0xff, 0xfe, 0xfe, 0xfe, 0xff, 0xfe, 0xfe, 0xfe, 0xff, 0xfe, 0xfe, 0xfe, 0xff, 0xfe, 0xfe,
0xfe, 0xff, 0xff, 0xff, 0xfe, 0xff, 0xea, 0xf3, 0xfe, 0xff, 0x39, 0x8a, 0xff, 0xff, 0x00,
0x61, 0xff, 0xff, 0x00, 0x6a, 0xff, 0xff, 0x00, 0x6a, 0xff, 0xff, 0x00, 0x6a, 0xff, 0xff,
0x00, 0x6a, 0xff, 0xff, 0x00, 0x6a, 0xff, 0xff, 0x00, 0x6a, 0xff, 0xff, 0x00, 0x6a, 0xff,
0xff, 0x00, 0x6a, 0xff, 0xff, 0x00, 0x6a, 0xff, 0xff, 0x00, 0x6a, 0xff, 0xff, 0x00, 0x6a,
0xff, 0xff, 0x00, 0x6a, 0xff, 0xff, 0x00, 0x6a, 0xff, 0xff, 0x00, 0x6a, 0xff, 0xff, 0x00,
0x6a, 0xff, 0xff, 0x00, 0x6a, 0xff, 0xff, 0x00, 0x6a, 0xff, 0xff, 0x00, 0x6c, 0xff, 0xff,
0x00, 0x67, 0xed, 0x7a, 0x00, 0x54, 0xb4, 0x00, 0x00, 0x40, 0x9d, 0x00, 0x00, 0x40, 0x9f,
0x00, 0x00, 0x40, 0x9f, 0x00, 0x00, 0x40, 0x9f, 0x00, 0x00, 0x40, 0x9f, 0x00, 0x00, 0x40,
0x9f, 0x00, 0x00, 0x40, 0x9f, 0x00, 0x00, 0x40, 0x9f, 0x00, 0x00, 0x40, 0x9f, 0x00, 0x00,
0x40, 0x9f, 0x00, 0x00, 0x40, 0x9f, 0x00, 0xff, 0xff, 0xff, 0x00, 0xff, 0xff, 0xff, 0x00,
0xff, 0xff, 0xff, 0x00, 0xff, 0xff, 0xff, 0x00, 0xff, 0xff, 0xff, 0x00, 0xff, 0xff, 0xff,
0x00, 0xff, 0xff, 0xff, 0x00, 0xff, 0xff, 0xff, 0x00, 0xff, 0xff, 0xff, 0x00, 0xff, 0xff,
0xff, 0x00, 0xff, 0xff, 0xff, 0x00, 0xff, 0xff, 0xff, 0x00, 0xff, 0xff, 0xff, 0x00, 0xff,
0xff, 0xff, 0x00, 0xff, 0xff, 0xff, 0x00, 0xff, 0xff, 0xff, 0x00, 0xff, 0xff, 0xff, 0x00,
0x00, 0x01, 0x01, 0x00, 0x00, 0x01, 0x01, 0x00, 0x00, 0x01, 0x01, 0x00, 0x00, 0x01, 0x01,
0x00, 0x00, 0x01, 0x01, 0x00, 0x00, 0x01, 0x01, 0x00, 0x00, 0x01, 0x01, 0x00, 0x00, 0x01,
0x01, 0x00, 0x00, 0x01, 0x01, 0x00, 0x00, 0x01, 0x01, 0x00, 0x00, 0x01, 0x00, 0x00, 0x00,
0x00, 0x00, 0x00, 0x00, 0x4b, 0xa8, 0x00, 0x00, 0x6c, 0xff, 0x00, 0x00, 0x6a, 0xfd, 0x62,
0x00, 0x6a, 0xff, 0xfc, 0x00, 0x6a, 0xff, 0xff, 0x00, 0x6a, 0xff, 0xff, 0x00, 0x6a, 0xff,
0xff, 0x00, 0x6a, 0xff, 0xff, 0x00, 0x6a, 0xff, 0xff, 0x00, 0x6a, 0xff, 0xff, 0x00, 0x6a,
0xff, 0xff, 0x00, 0x6a, 0xff, 0xff, 0x00, 0x6a, 0xff, 0xff, 0x00, 0x6a, 0xff, 0xff, 0x00,
0x6a, 0xff, 0xff, 0x00, 0x6a, 0xff, 0xff, 0x00, 0x6a, 0xff, 0xff, 0x00, 0x6a, 0xff, 0xff,
0x00, 0x6a, 0xff, 0xff, 0x00, 0x6a, 0xff, 0xff, 0x00, 0x6a, 0xff, 0xff, 0x00, 0x61, 0xff,
0xff, 0x2f, 0x83, 0xff, 0xff, 0xda, 0xe9, 0xfe, 0xff, 0xff, 0xff, 0xfe, 0xff, 0xfe, 0xfe,
0xfe, 0xff, 0xfe, 0xfe, 0xfe, 0xff, 0xfe, 0xfe, 0xfe, 0xff, 0xfe, 0xfe, 0xfe, 0xff, 0xfe,
0xfe, 0xfe, 0xff, 0xfe, 0xfe, 0xfe, 0xff, 0xfe, 0xfe, 0xfe, 0xff, 0xfe, 0xfe, 0xfe, 0xff,
0xfe, 0xfe, 0xfe, 0xff, 0xfe, 0xfe, 0xfe, 0xff, 0xfe, 0xfe, 0xfe, 0xff, 0xfe, 0xfe, 0xfe,
0xff, 0xfe, 0xfe, 0xfe, 0xff, 0xfe, 0xfe, 0xfe, 0xff, 0xfe, 0xfe, 0xfe, 0xff, 0xfe, 0xfe,
0xfe, 0xff, 0xfe, 0xfe, 0xfe, 0xff, 0xfe, 0xfe, 0xfe, 0xff, 0xfe, 0xfe, 0xfe, 0xff, 0xfe,
0xfe, 0xfe, 0xff, 0xfe, 0xfe, 0xfe, 0xff, 0xfe, 0xfe, 0xfe, 0xff, 0xfe, 0xfe, 0xfe, 0xff,
0xfe, 0xfe, 0xfe, 0xff, 0xfe, 0xfe, 0xfe, 0xff, 0xfe, 0xfe, 0xfe, 0xff, 0xfe, 0xfe, 0xfe,
0xff, 0xfe, 0xfe, 0xfe, 0xff, 0xfe, 0xfe, 0xfe, 0xff, 0xfe, 0xfe, 0xfe, 0xff, 0xfe, 0xfe,
0xfe, 0xff, 0xfe, 0xfe, 0xfe, 0xff, 0xfe, 0xfe, 0xfe, 0xff, 0xfe, 0xfe, 0xfe, 0xff, 0xfe,
0xfe, 0xfe, 0xff, 0xfe, 0xfe, 0xfe, 0xff, 0xfe, 0xfe, 0xfe, 0xff, 0xfe, 0xfe, 0xfe, 0xff,
0xff, 0xff, 0xfe, 0xff, 0xda, 0xe9, 0xfe, 0xff, 0x2f, 0x83, 0xff, 0xff, 0x00, 0x62, 0xff,
0xff, 0x00, 0x6a, 0xff, 0xff, 0x00, 0x6a, 0xff, 0xff, 0x00, 0x6a, 0xff, 0xff, 0x00, 0x6a,
0xff, 0xff, 0x00, 0x6a, 0xff, 0xff, 0x00, 0x6a, 0xff, 0xff, 0x00, 0x6a, 0xff, 0xff, 0x00,
0x6a, 0xff, 0xff, 0x00, 0x6a, 0xff, 0xff, 0x00, 0x6a, 0xff, 0xff, 0x00, 0x6a, 0xff, 0xff,
0x00, 0x6a, 0xff, 0xff, 0x00, 0x6a, 0xff, 0xff, 0x00, 0x6a, 0xff, 0xff, 0x00, 0x6a, 0xff,
0xff, 0x00, 0x6a, 0xff, 0xff, 0x00, 0x6a, 0xff, 0xff, 0x00, 0x6a, 0xff, 0xff, 0x00, 0x63,
0xf7, 0x91, 0x00, 0x58, 0xd7, 0x00, 0x00, 0x4f, 0xa3, 0x00, 0x00, 0x54, 0xaa, 0x00, 0x00,
0x54, 0xaa, 0x00, 0x00, 0x54, 0xaa, 0x00, 0x00, 0x54, 0xaa, 0x00, 0x00, 0x54, 0xaa, 0x00,
0x00, 0x54, 0xaa, 0x00, 0x00, 0x54, 0xaa, 0x00, 0x00, 0x54, 0xaa, 0x00, 0x00, 0x54, 0xaa,
0x00, 0x00, 0x54, 0xaa, 0x00, 0x00, 0x54, 0xaa, 0x00, 0xff, 0xff, 0xff, 0x00, 0xff, 0xff,
0xff, 0x00, 0xff, 0xff, 0xff, 0x00, 0xff, 0xff, 0xff, 0x00, 0xff, 0xff, 0xff, 0x00, 0xff,
0xff, 0xff, 0x00, 0xff, 0xff, 0xff, 0x00, 0xff, 0xff, 0xff, 0x00, 0xff, 0xff, 0xff, 0x00,
0xff, 0xff, 0xff, 0x00, 0xff, 0xff, 0xff, 0x00, 0xff, 0xff, 0xff, 0x00, 0xff, 0xff, 0xff,
0x00, 0xff, 0xff, 0xff, 0x00, 0xff, 0xff, 0xff, 0x00, 0xff, 0xff, 0xff, 0x00, 0xff, 0xff,
0xff, 0x00, 0x00, 0x01, 0x01, 0x00, 0x00, 0x01, 0x01, 0x00, 0x00, 0x01, 0x01, 0x00, 0x00,
0x01, 0x01, 0x00, 0x00, 0x01, 0x01, 0x00, 0x00, 0x01, 0x01, 0x00, 0x00, 0x01, 0x01, 0x00,
0x00, 0x01, 0x01, 0x00, 0x00, 0x01, 0x01, 0x00, 0x00, 0x01, 0x01, 0x00, 0x00, 0x01, 0x00,
0x00, 0x00, 0x00, 0x00, 0x00, 0x00, 0x4b, 0xa8, 0x00, 0x00, 0x6c, 0xff, 0x00, 0x00, 0x69,
0xfc, 0x00, 0x00, 0x6a, 0xfd, 0x6f, 0x00, 0x6a, 0xff, 0xff, 0x00, 0x6a, 0xff, 0xff, 0x00,
0x6a, 0xff, 0xff, 0x00, 0x6a, 0xff, 0xff, 0x00, 0x6a, 0xff, 0xff, 0x00, 0x6a, 0xff, 0xff,
0x00, 0x6a, 0xff, 0xff, 0x00, 0x6a, 0xff, 0xff, 0x00, 0x6a, 0xff, 0xff, 0x00, 0x6a, 0xff,
0xff, 0x00, 0x6a, 0xff, 0xff, 0x00, 0x6a, 0xff, 0xff, 0x00, 0x6a, 0xff, 0xff, 0x00, 0x6a,
0xff, 0xff, 0x00, 0x6a, 0xff, 0xff, 0x00, 0x6a, 0xff, 0xff, 0x00, 0x6a, 0xff, 0xff, 0x00,
0x6a, 0xff, 0xff, 0x00, 0x62, 0xff, 0xff, 0x1c, 0x79, 0xff, 0xff, 0xc8, 0xdf, 0xfe, 0xff,
0xff, 0xff, 0xfe, 0xff, 0xff, 0xff, 0xfe, 0xff, 0xfe, 0xfe, 0xfe, 0xff, 0xfe, 0xfe, 0xfe,
0xff, 0xfe, 0xfe, 0xfe, 0xff, 0xfe, 0xfe, 0xfe, 0xff, 0xfe, 0xfe, 0xfe, 0xff, 0xfe, 0xfe,
0xfe, 0xff, 0xfe, 0xfe, 0xfe, 0xff, 0xfe, 0xfe, 0xfe, 0xff, 0xfe, 0xfe, 0xfe, 0xff, 0xfe,
0xfe, 0xfe, 0xff, 0xfe, 0xfe, 0xfe, 0xff, 0xfe, 0xfe, 0xfe, 0xff, 0xfe, 0xfe, 0xfe, 0xff,
0xfe, 0xfe, 0xfe, 0xff, 0xfe, 0xfe, 0xfe, 0xff, 0xfe, 0xfe, 0xfe, 0xff, 0xfe, 0xfe, 0xfe,
0xff, 0xfe, 0xfe, 0xfe, 0xff, 0xfe, 0xfe, 0xfe, 0xff, 0xfe, 0xfe, 0xfe, 0xff, 0xfe, 0xfe,
0xfe, 0xff, 0xfe, 0xfe, 0xfe, 0xff, 0xfe, 0xfe, 0xfe, 0xff, 0xfe, 0xfe, 0xfe, 0xff, 0xfe,
0xfe, 0xfe, 0xff, 0xfe, 0xfe, 0xfe, 0xff, 0xfe, 0xfe, 0xfe, 0xff, 0xfe, 0xfe, 0xfe, 0xff,
0xfe, 0xfe, 0xfe, 0xff, 0xfe, 0xfe, 0xfe, 0xff, 0xfe, 0xfe, 0xfe, 0xff, 0xfe, 0xfe, 0xfe,
0xff, 0xfe, 0xfe, 0xfe, 0xff, 0xfe, 0xfe, 0xfe, 0xff, 0xff, 0xff, 0xfe, 0xff, 0xff, 0xff,
0xfe, 0xff, 0xc8, 0xdf, 0xfe, 0xff, 0x1c, 0x78, 0xff, 0xff, 0x00, 0x62, 0xff, 0xff, 0x00,
0x6a, 0xff, 0xff, 0x00, 0x6a, 0xff, 0xff, 0x00, 0x6a, 0xff, 0xff, 0x00, 0x6a, 0xff, 0xff,
0x00, 0x6a, 0xff, 0xff, 0x00, 0x6a, 0xff, 0xff, 0x00, 0x6a, 0xff, 0xff, 0x00, 0x6a, 0xff,
0xff, 0x00, 0x6a, 0xff, 0xff, 0x00, 0x6a, 0xff, 0xff, 0x00, 0x6a, 0xff, 0xff, 0x00, 0x6a,
0xff, 0xff, 0x00, 0x6a, 0xff, 0xff, 0x00, 0x6a, 0xff, 0xff, 0x00, 0x6a, 0xff, 0xff, 0x00,
0x6a, 0xff, 0xff, 0x00, 0x6a, 0xff, 0xff, 0x00, 0x6d, 0xff, 0xff, 0x00, 0x5e, 0xed, 0xaa,
0x00, 0x0d, 0x8e, 0x00, 0x00, 0x07, 0x85, 0x00, 0x00, 0x07, 0x83, 0x00, 0x00, 0x07, 0x83,
0x00, 0x00, 0x07, 0x83, 0x00, 0x00, 0x07, 0x83, 0x00, 0x00, 0x07, 0x83, 0x00, 0x00, 0x07,
0x83, 0x00, 0x00, 0x07, 0x83, 0x00, 0x00, 0x07, 0x83, 0x00, 0x00, 0x07, 0x83, 0x00, 0x00,
0x07, 0x83, 0x00, 0x00, 0x07, 0x83, 0x00, 0x00, 0x07, 0x83, 0x00, 0xff, 0xff, 0xff, 0x00,
0xff, 0xff, 0xff, 0x00, 0xff, 0xff, 0xff, 0x00, 0xff, 0xff, 0xff, 0x00, 0xff, 0xff, 0xff,
0x00, 0xff, 0xff, 0xff, 0x00, 0xff, 0xff, 0xff, 0x00, 0xff, 0xff, 0xff, 0x00, 0xff, 0xff,
0xff, 0x00, 0xff, 0xff, 0xff, 0x00, 0xff, 0xff, 0xff, 0x00, 0xff, 0xff, 0xff, 0x00, 0xff,
0xff, 0xff, 0x00, 0xff, 0xff, 0xff, 0x00, 0xff, 0xff, 0xff, 0x00, 0xff, 0xff, 0xff, 0x00,
0xff, 0xff, 0xff, 0x00, 0x00, 0x01, 0x01, 0x00, 0x00, 0x01, 0x01, 0x00, 0x00, 0x01, 0x01,
0x00, 0x00, 0x01, 0x01, 0x00, 0x00, 0x01, 0x01, 0x00, 0x00, 0x01, 0x01, 0x00, 0x00, 0x01,
0x01, 0x00, 0x00, 0x01, 0x01, 0x00, 0x00, 0x01, 0x01, 0x00, 0x00, 0x01, 0x01, 0x00, 0x00,
0x01, 0x00, 0x00, 0x00, 0x00, 0x00, 0x00, 0x00, 0x4b, 0xa8, 0x00, 0x00, 0x6c, 0xff, 0x00,
0x00, 0x69, 0xfc, 0x00, 0x00, 0x69, 0xfc, 0x00, 0x00, 0x69, 0xfe, 0x72, 0x00, 0x6a, 0xff,
0xfc, 0x00, 0x6a, 0xff, 0xff, 0x00, 0x6a, 0xff, 0xff, 0x00, 0x6a, 0xff, 0xff, 0x00, 0x6a,
0xff, 0xff, 0x00, 0x6a, 0xff, 0xff, 0x00, 0x6a, 0xff, 0xff, 0x00, 0x6a, 0xff, 0xff, 0x00,
0x6a, 0xff, 0xff, 0x00, 0x6a, 0xff, 0xff, 0x00, 0x6a, 0xff, 0xff, 0x00, 0x6a, 0xff, 0xff,
0x00, 0x6a, 0xff, 0xff, 0x00, 0x6a, 0xff, 0xff, 0x00, 0x6a, 0xff, 0xff, 0x00, 0x6a, 0xff,
0xff, 0x00, 0x6a, 0xff, 0xff, 0x00, 0x6a, 0xff, 0xff, 0x00, 0x65, 0xff, 0xff, 0x08, 0x6c,
0xff, 0xff, 0x9b, 0xc4, 0xff, 0xff, 0xff, 0xff, 0xfe, 0xff, 0xff, 0xff, 0xfe, 0xff, 0xfe,
0xfe, 0xfe, 0xff, 0xfe, 0xfe, 0xfe, 0xff, 0xfe, 0xfe, 0xfe, 0xff, 0xfe, 0xfe, 0xfe, 0xff,
0xfe, 0xfe, 0xfe, 0xff, 0xfe, 0xfe, 0xfe, 0xff, 0xfe, 0xfe, 0xfe, 0xff, 0xfe, 0xfe, 0xfe,
0xff, 0xfe, 0xfe, 0xfe, 0xff, 0xfe, 0xfe, 0xfe, 0xff, 0xfe, 0xfe, 0xfe, 0xff, 0xfe, 0xfe,
0xfe, 0xff, 0xfe, 0xfe, 0xfe, 0xff, 0xfe, 0xfe, 0xfe, 0xff, 0xfe, 0xfe, 0xfe, 0xff, 0xfe,
0xfe, 0xfe, 0xff, 0xfe, 0xfe, 0xfe, 0xff, 0xfe, 0xfe, 0xfe, 0xff, 0xfe, 0xfe, 0xfe, 0xff,
0xfe, 0xfe, 0xfe, 0xff, 0xfe, 0xfe, 0xfe, 0xff, 0xfe, 0xfe, 0xfe, 0xff, 0xfe, 0xfe, 0xfe,
0xff, 0xfe, 0xfe, 0xfe, 0xff, 0xfe, 0xfe, 0xfe, 0xff, 0xfe, 0xfe, 0xfe, 0xff, 0xfe, 0xfe,
0xfe, 0xff, 0xfe, 0xfe, 0xfe, 0xff, 0xfe, 0xfe, 0xfe, 0xff, 0xfe, 0xfe, 0xfe, 0xff, 0xfe,
0xfe, 0xfe, 0xff, 0xfe, 0xfe, 0xfe, 0xff, 0xff, 0xff, 0xfe, 0xff, 0xff, 0xff, 0xfe, 0xff,
0x9b, 0xc4, 0xff, 0xff, 0x08, 0x6c, 0xff, 0xff, 0x00, 0x65, 0xff, 0xff, 0x00, 0x6a, 0xff,
0xff, 0x00, 0x6a, 0xff, 0xff, 0x00, 0x6a, 0xff, 0xff, 0x00, 0x6a, 0xff, 0xff, 0x00, 0x6a,
0xff, 0xff, 0x00, 0x6a, 0xff, 0xff, 0x00, 0x6a, 0xff, 0xff, 0x00, 0x6a, 0xff, 0xff, 0x00,
0x6a, 0xff, 0xff, 0x00, 0x6a, 0xff, 0xff, 0x00, 0x6a, 0xff, 0xff, 0x00, 0x6a, 0xff, 0xff,
0x00, 0x6a, 0xff, 0xff, 0x00, 0x6a, 0xff, 0xff, 0x00, 0x6a, 0xff, 0xff, 0x00, 0x6a, 0xff,
0xff, 0x00, 0x6a, 0xff, 0xff, 0x00, 0x6c, 0xff, 0xff, 0x00, 0x69, 0xfc, 0xad, 0x00, 0x53,
0xda, 0x03, 0x00, 0x03, 0x81, 0x00, 0x00, 0x00, 0x7d, 0x00, 0x00, 0x00, 0x7f, 0x00, 0x00,
0x00, 0x7f, 0x00, 0x00, 0x00, 0x7f, 0x00, 0x00, 0x00, 0x7f, 0x00, 0x00, 0x00, 0x7f, 0x00,
0x00, 0x00, 0x7f, 0x00, 0x00, 0x00, 0x7f, 0x00, 0x00, 0x00, 0x7f, 0x00, 0x00, 0x00, 0x7f,
0x00, 0x00, 0x00, 0x7f, 0x00, 0x00, 0x00, 0x7f, 0x00, 0x00, 0x00, 0x7f, 0x00, 0xff, 0xff,
0xff, 0x00, 0xff, 0xff, 0xff, 0x00, 0xff, 0xff, 0xff, 0x00, 0xff, 0xff, 0xff, 0x00, 0xff,
0xff, 0xff, 0x00, 0xff, 0xff, 0xff, 0x00, 0xff, 0xff, 0xff, 0x00, 0xff, 0xff, 0xff, 0x00,
0xff, 0xff, 0xff, 0x00, 0xff, 0xff, 0xff, 0x00, 0xff, 0xff, 0xff, 0x00, 0xff, 0xff, 0xff,
0x00, 0xff, 0xff, 0xff, 0x00, 0xff, 0xff, 0xff, 0x00, 0xff, 0xff, 0xff, 0x00, 0xff, 0xff,
0xff, 0x00, 0xff, 0xff, 0xff, 0x00, 0x00, 0x01, 0x01, 0x00, 0x00, 0x01, 0x01, 0x00, 0x00,
0x01, 0x01, 0x00, 0x00, 0x01, 0x01, 0x00, 0x00, 0x01, 0x01, 0x00, 0x00, 0x01, 0x01, 0x00,
0x00, 0x01, 0x01, 0x00, 0x00, 0x01, 0x01, 0x00, 0x00, 0x01, 0x01, 0x00, 0x00, 0x01, 0x01,
0x00, 0x00, 0x01, 0x00, 0x00, 0x00, 0x00, 0x00, 0x00, 0x00, 0x4b, 0xa8, 0x00, 0x00, 0x6c,
0xff, 0x00, 0x00, 0x69, 0xfc, 0x00, 0x00, 0x69, 0xfc, 0x00, 0x00, 0x69, 0xfd, 0x00, 0x00,
0x6a, 0xfe, 0x69, 0x00, 0x6a, 0xff, 0xfb, 0x00, 0x6a, 0xff, 0xff, 0x00, 0x6a, 0xff, 0xff,
0x00, 0x6a, 0xff, 0xff, 0x00, 0x6a, 0xff, 0xff, 0x00, 0x6a, 0xff, 0xff, 0x00, 0x6a, 0xff,
0xff, 0x00, 0x6a, 0xff, 0xff, 0x00, 0x6a, 0xff, 0xff, 0x00, 0x6a, 0xff, 0xff, 0x00, 0x6a,
0xff, 0xff, 0x00, 0x6a, 0xff, 0xff, 0x00, 0x6a, 0xff, 0xff, 0x00, 0x6a, 0xff, 0xff, 0x00,
0x6a, 0xff, 0xff, 0x00, 0x6a, 0xff, 0xff, 0x00, 0x6a, 0xff, 0xff, 0x00, 0x6a, 0xff, 0xff,
0x00, 0x67, 0xff, 0xff, 0x00, 0x63, 0xff, 0xff, 0x52, 0x98, 0xff, 0xff, 0xd7, 0xe8, 0xfe,
0xff, 0xff, 0xff, 0xfe, 0xff, 0xff, 0xff, 0xfe, 0xff, 0xfe, 0xfe, 0xfe, 0xff, 0xfe, 0xfe,
0xfe, 0xff, 0xfe, 0xfe, 0xfe, 0xff, 0xfe, 0xfe, 0xfe, 0xff, 0xfe, 0xfe, 0xfe, 0xff, 0xfe,
0xfe, 0xfe, 0xff, 0xfe, 0xfe, 0xfe, 0xff, 0xfe, 0xfe, 0xfe, 0xff, 0xfe, 0xfe, 0xfe, 0xff,
0xfe, 0xfe, 0xfe, 0xff, 0xfe, 0xfe, 0xfe, 0xff, 0xfe, 0xfe, 0xfe, 0xff, 0xfe, 0xfe, 0xfe,
0xff, 0xfe, 0xfe, 0xfe, 0xff, 0xfe, 0xfe, 0xfe, 0xff, 0xfe, 0xfe, 0xfe, 0xff, 0xfe, 0xfe,
0xfe, 0xff, 0xfe, 0xfe, 0xfe, 0xff, 0xfe, 0xfe, 0xfe, 0xff, 0xfe, 0xfe, 0xfe, 0xff, 0xfe,
0xfe, 0xfe, 0xff, 0xfe, 0xfe, 0xfe, 0xff, 0xfe, 0xfe, 0xfe, 0xff, 0xfe, 0xfe, 0xfe, 0xff,
0xfe, 0xfe, 0xfe, 0xff, 0xfe, 0xfe, 0xfe, 0xff, 0xfe, 0xfe, 0xfe, 0xff, 0xfe, 0xfe, 0xfe,
0xff, 0xff, 0xff, 0xfe, 0xff, 0xff, 0xff, 0xfe, 0xff, 0xda, 0xea, 0xfe, 0xff, 0x52, 0x99,
0xff, 0xff, 0x00, 0x62, 0xff, 0xff, 0x00, 0x67, 0xff, 0xff, 0x00, 0x6a, 0xff, 0xff, 0x00,
0x6a, 0xff, 0xff, 0x00, 0x6a, 0xff, 0xff, 0x00, 0x6a, 0xff, 0xff, 0x00, 0x6a, 0xff, 0xff,
0x00, 0x6a, 0xff, 0xff, 0x00, 0x6a, 0xff, 0xff, 0x00, 0x6a, 0xff, 0xff, 0x00, 0x6a, 0xff,
0xff, 0x00, 0x6a, 0xff, 0xff, 0x00, 0x6a, 0xff, 0xff, 0x00, 0x6a, 0xff, 0xff, 0x00, 0x6a,
0xff, 0xff, 0x00, 0x6a, 0xff, 0xff, 0x00, 0x6a, 0xff, 0xff, 0x00, 0x6a, 0xff, 0xff, 0x00,
0x6a, 0xff, 0xff, 0x00, 0x6b, 0xff, 0xff, 0x00, 0x61, 0xee, 0xa5, 0x00, 0x60, 0xe9, 0x02,
0x00, 0x53, 0xdb, 0x00, 0x00, 0x05, 0x84, 0x00, 0x00, 0x00, 0x7f, 0x00, 0x00, 0x01, 0x80,
0x00, 0x00, 0x01, 0x80, 0x00, 0x00, 0x01, 0x80, 0x00, 0x00, 0x01, 0x80, 0x00, 0x00, 0x01,
0x80, 0x00, 0x00, 0x01, 0x80, 0x00, 0x00, 0x01, 0x80, 0x00, 0x00, 0x01, 0x80, 0x00, 0x00,
0x01, 0x80, 0x00, 0x00, 0x01, 0x80, 0x00, 0x00, 0x01, 0x80, 0x00, 0x00, 0x01, 0x80, 0x00,
0xff, 0xff, 0xff, 0x00, 0xff, 0xff, 0xff, 0x00, 0xff, 0xff, 0xff, 0x00, 0xff, 0xff, 0xff,
0x00, 0xff, 0xff, 0xff, 0x00, 0xff, 0xff, 0xff, 0x00, 0xff, 0xff, 0xff, 0x00, 0xff, 0xff,
0xff, 0x00, 0xff, 0xff, 0xff, 0x00, 0xff, 0xff, 0xff, 0x00, 0xff, 0xff, 0xff, 0x00, 0xff,
0xff, 0xff, 0x00, 0xff, 0xff, 0xff, 0x00, 0xff, 0xff, 0xff, 0x00, 0xff, 0xff, 0xff, 0x00,
0xff, 0xff, 0xff, 0x00, 0xff, 0xff, 0xff, 0x00, 0x00, 0x01, 0x01, 0x00, 0x00, 0x01, 0x01,
0x00, 0x00, 0x01, 0x01, 0x00, 0x00, 0x01, 0x01, 0x00, 0x00, 0x01, 0x01, 0x00, 0x00, 0x01,
0x01, 0x00, 0x00, 0x01, 0x01, 0x00, 0x00, 0x01, 0x01, 0x00, 0x00, 0x01, 0x01, 0x00, 0x00,
0x01, 0x01, 0x00, 0x00, 0x01, 0x00, 0x00, 0x00, 0x00, 0x00, 0x00, 0x00, 0x4b, 0xa8, 0x00,
0x00, 0x6c, 0xff, 0x00, 0x00, 0x69, 0xfc, 0x00, 0x00, 0x69, 0xfc, 0x00, 0x00, 0x69, 0xfd,
0x00, 0x00, 0x69, 0xfd, 0x00, 0x00, 0x69, 0xfc, 0x61, 0x00, 0x6a, 0xff, 0xf8, 0x00, 0x6a,
0xff, 0xff, 0x00, 0x6a, 0xff, 0xff, 0x00, 0x6a, 0xff, 0xff, 0x00, 0x6a, 0xff, 0xff, 0x00,
0x6a, 0xff, 0xff, 0x00, 0x6a, 0xff, 0xff, 0x00, 0x6a, 0xff, 0xff, 0x00, 0x6a, 0xff, 0xff,
0x00, 0x6a, 0xff, 0xff, 0x00, 0x6a, 0xff, 0xff, 0x00, 0x6a, 0xff, 0xff, 0x00, 0x6a, 0xff,
0xff, 0x00, 0x6a, 0xff, 0xff, 0x00, 0x6a, 0xff, 0xff, 0x00, 0x6a, 0xff, 0xff, 0x00, 0x6a,
0xff, 0xff, 0x00, 0x6a, 0xff, 0xff, 0x00, 0x6a, 0xff, 0xff, 0x00, 0x62, 0xff, 0xff, 0x0c,
0x6d, 0xff, 0xff, 0x86, 0xb7, 0xff, 0xff, 0xea, 0xf3, 0xfe, 0xff, 0xff, 0xff, 0xfe, 0xff,
0xff, 0xff, 0xfe, 0xff, 0xfe, 0xfe, 0xfe, 0xff, 0xfe, 0xfe, 0xfe, 0xff, 0xfe, 0xfe, 0xfe,
0xff, 0xfe, 0xfe, 0xfe, 0xff, 0xfe, 0xfe, 0xfe, 0xff, 0xfe, 0xfe, 0xfe, 0xff, 0xfe, 0xfe,
0xfe, 0xff, 0xfe, 0xfe, 0xfe, 0xff, 0xfe, 0xfe, 0xfe, 0xff, 0xfe, 0xfe, 0xfe, 0xff, 0xfe,
0xfe, 0xfe, 0xff, 0xfe, 0xfe, 0xfe, 0xff, 0xfe, 0xfe, 0xfe, 0xff, 0xfe, 0xfe, 0xfe, 0xff,
0xfe, 0xfe, 0xfe, 0xff, 0xfe, 0xfe, 0xfe, 0xff, 0xfe, 0xfe, 0xfe, 0xff, 0xfe, 0xfe, 0xfe,
0xff, 0xfe, 0xfe, 0xfe, 0xff, 0xfe, 0xfe, 0xfe, 0xff, 0xfe, 0xfe, 0xfe, 0xff, 0xfe, 0xfe,
0xfe, 0xff, 0xfe, 0xfe, 0xfe, 0xff, 0xfe, 0xfe, 0xfe, 0xff, 0xff, 0xff, 0xfe, 0xff, 0xff,
0xff, 0xfe, 0xff, 0xea, 0xf3, 0xfe, 0xff, 0x86, 0xb7, 0xff, 0xff, 0x0d, 0x6e, 0xff, 0xff,
0x00, 0x63, 0xff, 0xff, 0x00, 0x6a, 0xff, 0xff, 0x00, 0x6a, 0xff, 0xff, 0x00, 0x6a, 0xff,
0xff, 0x00, 0x6a, 0xff, 0xff, 0x00, 0x6a, 0xff, 0xff, 0x00, 0x6a, 0xff, 0xff, 0x00, 0x6a,
0xff, 0xff, 0x00, 0x6a, 0xff, 0xff, 0x00, 0x6a, 0xff, 0xff, 0x00, 0x6a, 0xff, 0xff, 0x00,
0x6a, 0xff, 0xff, 0x00, 0x6a, 0xff, 0xff, 0x00, 0x6a, 0xff, 0xff, 0x00, 0x6a, 0xff, 0xff,
0x00, 0x6a, 0xff, 0xff, 0x00, 0x6a, 0xff, 0xff, 0x00, 0x6a, 0xff, 0xff, 0x00, 0x6a, 0xff,
0xff, 0x00, 0x6a, 0xff, 0xff, 0x00, 0x6c, 0xff, 0x8a, 0x00, 0x4c, 0xd0, 0x00, 0x00, 0x5d,
0xe3, 0x00, 0x00, 0x53, 0xdc, 0x00, 0x00, 0x05, 0x84, 0x00, 0x00, 0x00, 0x7f, 0x00, 0x00,
0x01, 0x80, 0x00, 0x00, 0x01, 0x80, 0x00, 0x00, 0x01, 0x80, 0x00, 0x00, 0x01, 0x80, 0x00,
0x00, 0x01, 0x80, 0x00, 0x00, 0x01, 0x80, 0x00, 0x00, 0x01, 0x80, 0x00, 0x00, 0x01, 0x80,
0x00, 0x00, 0x01, 0x80, 0x00, 0x00, 0x01, 0x80, 0x00, 0x00, 0x01, 0x80, 0x00, 0x00, 0x01,
0x80, 0x00, 0xff, 0xff, 0xff, 0x00, 0xff, 0xff, 0xff, 0x00, 0xff, 0xff, 0xff, 0x00, 0xff,
0xff, 0xff, 0x00, 0xff, 0xff, 0xff, 0x00, 0xff, 0xff, 0xff, 0x00, 0xff, 0xff, 0xff, 0x00,
0xff, 0xff, 0xff, 0x00, 0xff, 0xff, 0xff, 0x00, 0xff, 0xff, 0xff, 0x00, 0xff, 0xff, 0xff,
0x00, 0xff, 0xff, 0xff, 0x00, 0xff, 0xff, 0xff, 0x00, 0xff, 0xff, 0xff, 0x00, 0xff, 0xff,
0xff, 0x00, 0xff, 0xff, 0xff, 0x00, 0xff, 0xff, 0xff, 0x00, 0x00, 0x01, 0x01, 0x00, 0x00,
0x01, 0x01, 0x00, 0x00, 0x01, 0x01, 0x00, 0x00, 0x01, 0x01, 0x00, 0x00, 0x01, 0x01, 0x00,
0x00, 0x01, 0x01, 0x00, 0x00, 0x01, 0x01, 0x00, 0x00, 0x01, 0x01, 0x00, 0x00, 0x01, 0x01,
0x00, 0x00, 0x01, 0x01, 0x00, 0x00, 0x01, 0x00, 0x00, 0x00, 0x00, 0x00, 0x00, 0x00, 0x4b,
0xa8, 0x00, 0x00, 0x6c, 0xff, 0x00, 0x00, 0x69, 0xfc, 0x00, 0x00, 0x69, 0xfc, 0x00, 0x00,
0x69, 0xfd, 0x00, 0x00, 0x6a, 0xfd, 0x00, 0x00, 0x68, 0xfa, 0x00, 0x00, 0x64, 0xee, 0x50,
0x00, 0x6a, 0xfe, 0xf0, 0x00, 0x6a, 0xff, 0xff, 0x00, 0x6a, 0xff, 0xff, 0x00, 0x6a, 0xff,
0xff, 0x00, 0x6a, 0xff, 0xff, 0x00, 0x6a, 0xff, 0xff, 0x00, 0x6a, 0xff, 0xff, 0x00, 0x6a,
0xff, 0xff, 0x00, 0x6a, 0xff, 0xff, 0x00, 0x6a, 0xff, 0xff, 0x00, 0x6a, 0xff, 0xff, 0x00,
0x6a, 0xff, 0xff, 0x00, 0x6a, 0xff, 0xff, 0x00, 0x6a, 0xff, 0xff, 0x00, 0x6a, 0xff, 0xff,
0x00, 0x6a, 0xff, 0xff, 0x00, 0x6a, 0xff, 0xff, 0x00, 0x6a, 0xff, 0xff, 0x00, 0x6a, 0xff,
0xff, 0x00, 0x67, 0xff, 0xff, 0x00, 0x62, 0xff, 0xff, 0x1b, 0x78, 0xff, 0xff, 0x92, 0xbe,
0xff, 0xff, 0xe5, 0xef, 0xfe, 0xff, 0xff, 0xff, 0xfe, 0xff, 0xff, 0xff, 0xfe, 0xff, 0xff,
0xff, 0xfe, 0xff, 0xfe, 0xfe, 0xfe, 0xff, 0xfe, 0xfe, 0xfe, 0xff, 0xfe, 0xfe, 0xfe, 0xff,
0xfe, 0xfe, 0xfe, 0xff, 0xfe, 0xfe, 0xfe, 0xff, 0xfe, 0xfe, 0xfe, 0xff, 0xfe, 0xfe, 0xfe,
0xff, 0xfe, 0xfe, 0xfe, 0xff, 0xfe, 0xfe, 0xfe, 0xff, 0xfe, 0xfe, 0xfe, 0xff, 0xfe, 0xfe,
0xfe, 0xff, 0xfe, 0xfe, 0xfe, 0xff, 0xfe, 0xfe, 0xfe, 0xff, 0xfe, 0xfe, 0xfe, 0xff, 0xfe,
0xfe, 0xfe, 0xff, 0xfe, 0xfe, 0xfe, 0xff, 0xfe, 0xfe, 0xfe, 0xff, 0xfe, 0xfe, 0xfe, 0xff,
0xff, 0xff, 0xfe, 0xff, 0xff, 0xff, 0xfe, 0xff, 0xff, 0xff, 0xfe, 0xff, 0xe4, 0xef, 0xfe,
0xff, 0x92, 0xbe, 0xff, 0xff, 0x1b, 0x78, 0xff, 0xff, 0x00, 0x62, 0xff, 0xff, 0x00, 0x67,
0xff, 0xff, 0x00, 0x6a, 0xff, 0xff, 0x00, 0x6a, 0xff, 0xff, 0x00, 0x6a, 0xff, 0xff, 0x00,
0x6a, 0xff, 0xff, 0x00, 0x6a, 0xff, 0xff, 0x00, 0x6a, 0xff, 0xff, 0x00, 0x6a, 0xff, 0xff,
0x00, 0x6a, 0xff, 0xff, 0x00, 0x6a, 0xff, 0xff, 0x00, 0x6a, 0xff, 0xff, 0x00, 0x6a, 0xff,
0xff, 0x00, 0x6a, 0xff, 0xff, 0x00, 0x6a, 0xff, 0xff, 0x00, 0x6a, 0xff, 0xff, 0x00, 0x6a,
0xff, 0xff, 0x00, 0x6a, 0xff, 0xff, 0x00, 0x6a, 0xff, 0xff, 0x00, 0x6a, 0xff, 0xff, 0x00,
0x6b, 0xff, 0xf8, 0x00, 0x64, 0xf5, 0x70, 0x00, 0x6a, 0xfd, 0x00, 0x00, 0x4d, 0xd2, 0x00,
0x00, 0x5d, 0xe4, 0x00, 0x00, 0x53, 0xdc, 0x00, 0x00, 0x05, 0x84, 0x00, 0x00, 0x00, 0x7f,
0x00, 0x00, 0x01, 0x80, 0x00, 0x00, 0x01, 0x80, 0x00, 0x00, 0x01, 0x80, 0x00, 0x00, 0x01,
0x80, 0x00, 0x00, 0x01, 0x80, 0x00, 0x00, 0x01, 0x80, 0x00, 0x00, 0x01, 0x80, 0x00, 0x00,
0x01, 0x80, 0x00, 0x00, 0x01, 0x80, 0x00, 0x00, 0x01, 0x80, 0x00, 0x00, 0x01, 0x80, 0x00,
0x00, 0x01, 0x80, 0x00, 0xff, 0xff, 0xff, 0x00, 0xff, 0xff, 0xff, 0x00, 0xff, 0xff, 0xff,
0x00, 0xff, 0xff, 0xff, 0x00, 0xff, 0xff, 0xff, 0x00, 0xff, 0xff, 0xff, 0x00, 0xff, 0xff,
0xff, 0x00, 0xff, 0xff, 0xff, 0x00, 0xff, 0xff, 0xff, 0x00, 0xff, 0xff, 0xff, 0x00, 0xff,
0xff, 0xff, 0x00, 0xff, 0xff, 0xff, 0x00, 0xff, 0xff, 0xff, 0x00, 0xff, 0xff, 0xff, 0x00,
0xff, 0xff, 0xff, 0x00, 0xff, 0xff, 0xff, 0x00, 0xff, 0xff, 0xff, 0x00, 0x00, 0x01, 0x01,
0x00, 0x00, 0x01, 0x01, 0x00, 0x00, 0x01, 0x01, 0x00, 0x00, 0x01, 0x01, 0x00, 0x00, 0x01,
0x01, 0x00, 0x00, 0x01, 0x01, 0x00, 0x00, 0x01, 0x01, 0x00, 0x00, 0x01, 0x01, 0x00, 0x00,
0x01, 0x01, 0x00, 0x00, 0x01, 0x01, 0x00, 0x00, 0x01, 0x00, 0x00, 0x00, 0x00, 0x00, 0x00,
0x00, 0x4b, 0xa8, 0x00, 0x00, 0x6c, 0xff, 0x00, 0x00, 0x69, 0xfc, 0x00, 0x00, 0x69, 0xfc,
0x00, 0x00, 0x69, 0xfd, 0x00, 0x00, 0x6a, 0xfd, 0x00, 0x00, 0x68, 0xfb, 0x00, 0x00, 0x61,
0xe2, 0x00, 0x00, 0x68, 0xf7, 0x36, 0x00, 0x68, 0xfb, 0xdb, 0x00, 0x6a, 0xff, 0xff, 0x00,
0x6a, 0xff, 0xff, 0x00, 0x6a, 0xff, 0xff, 0x00, 0x6a, 0xff, 0xff, 0x00, 0x6a, 0xff, 0xff,
0x00, 0x6a, 0xff, 0xff, 0x00, 0x6a, 0xff, 0xff, 0x00, 0x6a, 0xff, 0xff, 0x00, 0x6a, 0xff,
0xff, 0x00, 0x6a, 0xff, 0xff, 0x00, 0x6a, 0xff, 0xff, 0x00, 0x6a, 0xff, 0xff, 0x00, 0x6a,
0xff, 0xff, 0x00, 0x6a, 0xff, 0xff, 0x00, 0x6a, 0xff, 0xff, 0x00, 0x6a, 0xff, 0xff, 0x00,
0x6a, 0xff, 0xff, 0x00, 0x6a, 0xff, 0xff, 0x00, 0x6a, 0xff, 0xff, 0x00, 0x66, 0xff, 0xff,
0x00, 0x63, 0xff, 0xff, 0x12, 0x72, 0xff, 0xff, 0x68, 0xa6, 0xff, 0xff, 0xc6, 0xdd, 0xfe,
0xff, 0xf1, 0xf6, 0xfe, 0xff, 0xff, 0xff, 0xfe, 0xff, 0xff, 0xff, 0xfe, 0xff, 0xff, 0xff,
0xfe, 0xff, 0xff, 0xff, 0xfe, 0xff, 0xff, 0xff, 0xfe, 0xff, 0xfe, 0xfe, 0xfe, 0xff, 0xfe,
0xfe, 0xfe, 0xff, 0xfe, 0xfe, 0xfe, 0xff, 0xfe, 0xfe, 0xfe, 0xff, 0xfe, 0xfe, 0xfe, 0xff,
0xfe, 0xfe, 0xfe, 0xff, 0xfe, 0xfe, 0xfe, 0xff, 0xfe, 0xfe, 0xfe, 0xff, 0xff, 0xff, 0xfe,
0xff, 0xff, 0xff, 0xfe, 0xff, 0xff, 0xff, 0xfe, 0xff, 0xff, 0xff, 0xfe, 0xff, 0xff, 0xff,
0xfe, 0xff, 0xf1, 0xf6, 0xfe, 0xff, 0xc6, 0xdd, 0xfe, 0xff, 0x6d, 0xa9, 0xff, 0xff, 0x12,
0x72, 0xff, 0xff, 0x00, 0x63, 0xff, 0xff, 0x00, 0x66, 0xff, 0xff, 0x00, 0x6a, 0xff, 0xff,
0x00, 0x6a, 0xff, 0xff, 0x00, 0x6a, 0xff, 0xff, 0x00, 0x6a, 0xff, 0xff, 0x00, 0x6a, 0xff,
0xff, 0x00, 0x6a, 0xff, 0xff, 0x00, 0x6a, 0xff, 0xff, 0x00, 0x6a, 0xff, 0xff, 0x00, 0x6a,
0xff, 0xff, 0x00, 0x6a, 0xff, 0xff, 0x00, 0x6a, 0xff, 0xff, 0x00, 0x6a, 0xff, 0xff, 0x00,
0x6a, 0xff, 0xff, 0x00, 0x6a, 0xff, 0xff, 0x00, 0x6a, 0xff, 0xff, 0x00, 0x6a, 0xff, 0xff,
0x00, 0x6a, 0xff, 0xff, 0x00, 0x6a, 0xff, 0xff, 0x00, 0x6b, 0xff, 0xff, 0x00, 0x69, 0xfd,
0xe6, 0x00, 0x67, 0xf5, 0x4b, 0x00, 0x62, 0xf0, 0x00, 0x00, 0x6a, 0xfd, 0x00, 0x00, 0x4d,
0xd2, 0x00, 0x00, 0x5d, 0xe4, 0x00, 0x00, 0x53, 0xdc, 0x00, 0x00, 0x05, 0x84, 0x00, 0x00,
0x00, 0x7f, 0x00, 0x00, 0x01, 0x80, 0x00, 0x00, 0x01, 0x80, 0x00, 0x00, 0x01, 0x80, 0x00,
0x00, 0x01, 0x80, 0x00, 0x00, 0x01, 0x80, 0x00, 0x00, 0x01, 0x80, 0x00, 0x00, 0x01, 0x80,
0x00, 0x00, 0x01, 0x80, 0x00, 0x00, 0x01, 0x80, 0x00, 0x00, 0x01, 0x80, 0x00, 0x00, 0x01,
0x80, 0x00, 0x00, 0x01, 0x80, 0x00, 0xff, 0xff, 0xff, 0x00, 0xff, 0xff, 0xff, 0x00, 0xff,
0xff, 0xff, 0x00, 0xff, 0xff, 0xff, 0x00, 0xff, 0xff, 0xff, 0x00, 0xff, 0xff, 0xff, 0x00,
0xff, 0xff, 0xff, 0x00, 0xff, 0xff, 0xff, 0x00, 0xff, 0xff, 0xff, 0x00, 0xff, 0xff, 0xff,
0x00, 0xff, 0xff, 0xff, 0x00, 0xff, 0xff, 0xff, 0x00, 0xff, 0xff, 0xff, 0x00, 0xff, 0xff,
0xff, 0x00, 0xff, 0xff, 0xff, 0x00, 0xff, 0xff, 0xff, 0x00, 0xff, 0xff, 0xff, 0x00, 0x00,
0x01, 0x01, 0x00, 0x00, 0x01, 0x01, 0x00, 0x00, 0x01, 0x01, 0x00, 0x00, 0x01, 0x01, 0x00,
0x00, 0x01, 0x01, 0x00, 0x00, 0x01, 0x01, 0x00, 0x00, 0x01, 0x01, 0x00, 0x00, 0x01, 0x01,
0x00, 0x00, 0x01, 0x01, 0x00, 0x00, 0x01, 0x01, 0x00, 0x00, 0x01, 0x00, 0x00, 0x00, 0x00,
0x00, 0x00, 0x00, 0x4b, 0xa8, 0x00, 0x00, 0x6c, 0xff, 0x00, 0x00, 0x69, 0xfc, 0x00, 0x00,
0x69, 0xfc, 0x00, 0x00, 0x69, 0xfd, 0x00, 0x00, 0x6a, 0xfd, 0x00, 0x00, 0x68, 0xfb, 0x00,
0x00, 0x62, 0xe5, 0x00, 0x00, 0x64, 0xf1, 0x00, 0x00, 0x61, 0xec, 0x18, 0x00, 0x6b, 0xfa,
0xb8, 0x00, 0x6a, 0xff, 0xff, 0x00, 0x6a, 0xff, 0xff, 0x00, 0x6a, 0xff, 0xff, 0x00, 0x6a,
0xff, 0xff, 0x00, 0x6a, 0xff, 0xff, 0x00, 0x6a, 0xff, 0xff, 0x00, 0x6a, 0xff, 0xff, 0x00,
0x6a, 0xff, 0xff, 0x00, 0x6a, 0xff, 0xff, 0x00, 0x6a, 0xff, 0xff, 0x00, 0x6a, 0xff, 0xff,
0x00, 0x6a, 0xff, 0xff, 0x00, 0x6a, 0xff, 0xff, 0x00, 0x6a, 0xff, 0xff, 0x00, 0x6a, 0xff,
0xff, 0x00, 0x6a, 0xff, 0xff, 0x00, 0x6a, 0xff, 0xff, 0x00, 0x6a, 0xff, 0xff, 0x00, 0x6a,
0xff, 0xff, 0x00, 0x6a, 0xff, 0xff, 0x00, 0x67, 0xff, 0xff, 0x00, 0x62, 0xff, 0xff, 0x00,
0x67, 0xff, 0xff, 0x1f, 0x7a, 0xff, 0xff, 0x68, 0xa6, 0xff, 0xff, 0xb7, 0xd5, 0xff, 0xff,
0xea, 0xf3, 0xfe, 0xff, 0xfa, 0xfc, 0xfe, 0xff, 0xff, 0xff, 0xfe, 0xff, 0xff, 0xff, 0xfe,
0xff, 0xff, 0xff, 0xfe, 0xff, 0xff, 0xff, 0xfe, 0xff, 0xff, 0xff, 0xfe, 0xff, 0xff, 0xff,
0xfe, 0xff, 0xff, 0xff, 0xfe, 0xff, 0xff, 0xff, 0xfe, 0xff, 0xff, 0xff, 0xfe, 0xff, 0xff,
0xff, 0xfe, 0xff, 0xfa, 0xfc, 0xfe, 0xff, 0xea, 0xf2, 0xfe, 0xff, 0xb7, 0xd5, 0xff, 0xff,
0x68, 0xa6, 0xff, 0xff, 0x1f, 0x7a, 0xff, 0xff, 0x00, 0x67, 0xff, 0xff, 0x00, 0x62, 0xff,
0xff, 0x00, 0x67, 0xff, 0xff, 0x00, 0x6a, 0xff, 0xff, 0x00, 0x6a, 0xff, 0xff, 0x00, 0x6a,
0xff, 0xff, 0x00, 0x6a, 0xff, 0xff, 0x00, 0x6a, 0xff, 0xff, 0x00, 0x6a, 0xff, 0xff, 0x00,
0x6a, 0xff, 0xff, 0x00, 0x6a, 0xff, 0xff, 0x00, 0x6a, 0xff, 0xff, 0x00, 0x6a, 0xff, 0xff,
0x00, 0x6a, 0xff, 0xff, 0x00, 0x6a, 0xff, 0xff, 0x00, 0x6a, 0xff, 0xff, 0x00, 0x6a, 0xff,
0xff, 0x00, 0x6a, 0xff, 0xff, 0x00, 0x6a, 0xff, 0xff, 0x00, 0x6a, 0xff, 0xff, 0x00, 0x6a,
0xff, 0xff, 0x00, 0x6a, 0xff, 0xff, 0x00, 0x6a, 0xff, 0xff, 0x00, 0x67, 0xfb, 0xc7, 0x00,
0x5d, 0xdf, 0x21, 0x00, 0x65, 0xee, 0x00, 0x00, 0x62, 0xf0, 0x00, 0x00, 0x6a, 0xfd, 0x00,
0x00, 0x4d, 0xd2, 0x00, 0x00, 0x5d, 0xe4, 0x00, 0x00, 0x53, 0xdc, 0x00, 0x00, 0x05, 0x84,
0x00, 0x00, 0x00, 0x7f, 0x00, 0x00, 0x01, 0x80, 0x00, 0x00, 0x01, 0x80, 0x00, 0x00, 0x01,
0x80, 0x00, 0x00, 0x01, 0x80, 0x00, 0x00, 0x01, 0x80, 0x00, 0x00, 0x01, 0x80, 0x00, 0x00,
0x01, 0x80, 0x00, 0x00, 0x01, 0x80, 0x00, 0x00, 0x01, 0x80, 0x00, 0x00, 0x01, 0x80, 0x00,
0x00, 0x01, 0x80, 0x00, 0x00, 0x01, 0x80, 0x00, 0xff, 0xff, 0xff, 0x00, 0xff, 0xff, 0xff,
0x00, 0xff, 0xff, 0xff, 0x00, 0xff, 0xff, 0xff, 0x00, 0xff, 0xff, 0xff, 0x00, 0xff, 0xff,
0xff, 0x00, 0xff, 0xff, 0xff, 0x00, 0xff, 0xff, 0xff, 0x00, 0xff, 0xff, 0xff, 0x00, 0xff,
0xff, 0xff, 0x00, 0xff, 0xff, 0xff, 0x00, 0xff, 0xff, 0xff, 0x00, 0xff, 0xff, 0xff, 0x00,
0xff, 0xff, 0xff, 0x00, 0xff, 0xff, 0xff, 0x00, 0xff, 0xff, 0xff, 0x00, 0xff, 0xff, 0xff,
0x00, 0x00, 0x01, 0x01, 0x00, 0x00, 0x01, 0x01, 0x00, 0x00, 0x01, 0x01, 0x00, 0x00, 0x01,
0x01, 0x00, 0x00, 0x01, 0x01, 0x00, 0x00, 0x01, 0x01, 0x00, 0x00, 0x01, 0x01, 0x00, 0x00,
0x01, 0x01, 0x00, 0x00, 0x01, 0x01, 0x00, 0x00, 0x01, 0x01, 0x00, 0x00, 0x01, 0x00, 0x00,
0x00, 0x00, 0x00, 0x00, 0x00, 0x4b, 0xa8, 0x00, 0x00, 0x6c, 0xff, 0x00, 0x00, 0x69, 0xfc,
0x00, 0x00, 0x69, 0xfc, 0x00, 0x00, 0x69, 0xfd, 0x00, 0x00, 0x6a, 0xfd, 0x00, 0x00, 0x68,
0xfb, 0x00, 0x00, 0x62, 0xe5, 0x00, 0x00, 0x64, 0xf2, 0x00, 0x00, 0x61, 0xe9, 0x00, 0x00,
0x68, 0xf1, 0x07, 0x00, 0x68, 0xfc, 0x83, 0x00, 0x6b, 0xff, 0xff, 0x00, 0x6a, 0xff, 0xff,
0x00, 0x6a, 0xff, 0xff, 0x00, 0x6a, 0xff, 0xff, 0x00, 0x6a, 0xff, 0xff, 0x00, 0x6a, 0xff,
0xff, 0x00, 0x6a, 0xff, 0xff, 0x00, 0x6a, 0xff, 0xff, 0x00, 0x6a, 0xff, 0xff, 0x00, 0x6a,
0xff, 0xff, 0x00, 0x6a, 0xff, 0xff, 0x00, 0x6a, 0xff, 0xff, 0x00, 0x6a, 0xff, 0xff, 0x00,
0x6a, 0xff, 0xff, 0x00, 0x6a, 0xff, 0xff, 0x00, 0x6a, 0xff, 0xff, 0x00, 0x6a, 0xff, 0xff,
0x00, 0x6a, 0xff, 0xff, 0x00, 0x6a, 0xff, 0xff, 0x00, 0x6a, 0xff, 0xff, 0x00, 0x6a, 0xff,
0xff, 0x00, 0x69, 0xff, 0xff, 0x00, 0x66, 0xff, 0xff, 0x00, 0x61, 0xff, 0xff, 0x00, 0x66,
0xff, 0xff, 0x14, 0x75, 0xff, 0xff, 0x2a, 0x83, 0xff, 0xff, 0x3d, 0x8e, 0xff, 0xff, 0x5c,
0xa0, 0xff, 0xff, 0x7b, 0xb2, 0xff, 0xff, 0x8d, 0xbc, 0xff, 0xff, 0x97, 0xc2, 0xff, 0xff,
0x97, 0xc3, 0xff, 0xff, 0x8d, 0xbc, 0xff, 0xff, 0x7b, 0xb2, 0xff, 0xff, 0x5c, 0xa0, 0xff,
0xff, 0x3d, 0x8e, 0xff, 0xff, 0x2b, 0x83, 0xff, 0xff, 0x14, 0x75, 0xff, 0xff, 0x00, 0x66,
0xff, 0xff, 0x00, 0x61, 0xff, 0xff, 0x00, 0x66, 0xff, 0xff, 0x00, 0x69, 0xff, 0xff, 0x00,
0x6a, 0xff, 0xff, 0x00, 0x6a, 0xff, 0xff, 0x00, 0x6a, 0xff, 0xff, 0x00, 0x6a, 0xff, 0xff,
0x00, 0x6a, 0xff, 0xff, 0x00, 0x6a, 0xff, 0xff, 0x00, 0x6a, 0xff, 0xff, 0x00, 0x6a, 0xff,
0xff, 0x00, 0x6a, 0xff, 0xff, 0x00, 0x6a, 0xff, 0xff, 0x00, 0x6a, 0xff, 0xff, 0x00, 0x6a,
0xff, 0xff, 0x00, 0x6a, 0xff, 0xff, 0x00, 0x6a, 0xff, 0xff, 0x00, 0x6a, 0xff, 0xff, 0x00,
0x6a, 0xff, 0xff, 0x00, 0x6a, 0xff, 0xff, 0x00, 0x6a, 0xff, 0xff, 0x00, 0x6a, 0xff, 0xff,
0x00, 0x6a, 0xff, 0xff, 0x00, 0x6a, 0xff, 0xfe, 0x00, 0x6a, 0xfb, 0x81, 0x00, 0x5d, 0xec,
0x0c, 0x00, 0x5b, 0xda, 0x00, 0x00, 0x66, 0xee, 0x00, 0x00, 0x62, 0xf0, 0x00, 0x00, 0x6a,
0xfd, 0x00, 0x00, 0x4d, 0xd2, 0x00, 0x00, 0x5d, 0xe4, 0x00, 0x00, 0x53, 0xdc, 0x00, 0x00,
0x05, 0x84, 0x00, 0x00, 0x00, 0x7f, 0x00, 0x00, 0x01, 0x80, 0x00, 0x00, 0x01, 0x80, 0x00,
0x00, 0x01, 0x80, 0x00, 0x00, 0x01, 0x80, 0x00, 0x00, 0x01, 0x80, 0x00, 0x00, 0x01, 0x80,
0x00, 0x00, 0x01, 0x80, 0x00, 0x00, 0x01, 0x80, 0x00, 0x00, 0x01, 0x80, 0x00, 0x00, 0x01,
0x80, 0x00, 0x00, 0x01, 0x80, 0x00, 0x00, 0x01, 0x80, 0x00, 0xff, 0xff, 0xff, 0x00, 0xff,
0xff, 0xff, 0x00, 0xff, 0xff, 0xff, 0x00, 0xff, 0xff, 0xff, 0x00, 0xff, 0xff, 0xff, 0x00,
0xff, 0xff, 0xff, 0x00, 0xff, 0xff, 0xff, 0x00, 0xff, 0xff, 0xff, 0x00, 0xff, 0xff, 0xff,
0x00, 0xff, 0xff, 0xff, 0x00, 0xff, 0xff, 0xff, 0x00, 0xff, 0xff, 0xff, 0x00, 0xff, 0xff,
0xff, 0x00, 0xff, 0xff, 0xff, 0x00, 0xff, 0xff, 0xff, 0x00, 0xff, 0xff, 0xff, 0x00, 0xff,
0xff, 0xff, 0x00, 0x00, 0x01, 0x01, 0x00, 0x00, 0x01, 0x01, 0x00, 0x00, 0x01, 0x01, 0x00,
0x00, 0x01, 0x01, 0x00, 0x00, 0x01, 0x01, 0x00, 0x00, 0x01, 0x01, 0x00, 0x00, 0x01, 0x01,
0x00, 0x00, 0x01, 0x01, 0x00, 0x00, 0x01, 0x01, 0x00, 0x00, 0x01, 0x01, 0x00, 0x00, 0x01,
0x00, 0x00, 0x00, 0x00, 0x00, 0x00, 0x00, 0x4b, 0xa8, 0x00, 0x00, 0x6c, 0xff, 0x00, 0x00,
0x69, 0xfc, 0x00, 0x00, 0x69, 0xfc, 0x00, 0x00, 0x69, 0xfd, 0x00, 0x00, 0x6a, 0xfd, 0x00,
0x00, 0x68, 0xfb, 0x00, 0x00, 0x62, 0xe5, 0x00, 0x00, 0x64, 0xf2, 0x00, 0x00, 0x61, 0xea,
0x00, 0x00, 0x68, 0xf1, 0x00, 0x00, 0x67, 0xfa, 0x00, 0x00, 0x5d, 0xe3, 0x47, 0x00, 0x67,
0xf9, 0xdc, 0x00, 0x6b, 0xff, 0xff, 0x00, 0x6a, 0xff, 0xff, 0x00, 0x6a, 0xff, 0xff, 0x00,
0x6a, 0xff, 0xff, 0x00, 0x6a, 0xff, 0xff, 0x00, 0x6a, 0xff, 0xff, 0x00, 0x6a, 0xff, 0xff,
0x00, 0x6a, 0xff, 0xff, 0x00, 0x6a, 0xff, 0xff, 0x00, 0x6a, 0xff, 0xff, 0x00, 0x6a, 0xff,
0xff, 0x00, 0x6a, 0xff, 0xff, 0x00, 0x6a, 0xff, 0xff, 0x00, 0x6a, 0xff, 0xff, 0x00, 0x6a,
0xff, 0xff, 0x00, 0x6a, 0xff, 0xff, 0x00, 0x6a, 0xff, 0xff, 0x00, 0x6a, 0xff, 0xff, 0x00,
0x6a, 0xff, 0xff, 0x00, 0x6a, 0xff, 0xff, 0x00, 0x6a, 0xff, 0xff, 0x00, 0x6a, 0xff, 0xff,
0x00, 0x69, 0xff, 0xff, 0x00, 0x67, 0xff, 0xff, 0x00, 0x65, 0xff, 0xff, 0x00, 0x64, 0xff,
0xff, 0x00, 0x62, 0xff, 0xff, 0x00, 0x61, 0xff, 0xff, 0x00, 0x61, 0xff, 0xff, 0x00, 0x62,
0xff, 0xff, 0x00, 0x62, 0xff, 0xff, 0x00, 0x61, 0xff, 0xff, 0x00, 0x61, 0xff, 0xff, 0x00,
0x62, 0xff, 0xff, 0x00, 0x63, 0xff, 0xff, 0x00, 0x65, 0xff, 0xff, 0x00, 0x67, 0xff, 0xff,
0x00, 0x69, 0xff, 0xff, 0x00, 0x6a, 0xff, 0xff, 0x00, 0x6a, 0xff, 0xff, 0x00, 0x6a, 0xff,
0xff, 0x00, 0x6a, 0xff, 0xff, 0x00, 0x6a, 0xff, 0xff, 0x00, 0x6a, 0xff, 0xff, 0x00, 0x6a,
0xff, 0xff, 0x00, 0x6a, 0xff, 0xff, 0x00, 0x6a, 0xff, 0xff, 0x00, 0x6a, 0xff, 0xff, 0x00,
0x6a, 0xff, 0xff, 0x00, 0x6a, 0xff, 0xff, 0x00, 0x6a, 0xff, 0xff, 0x00, 0x6a, 0xff, 0xff,
0x00, 0x6a, 0xff, 0xff, 0x00, 0x6a, 0xff, 0xff, 0x00, 0x6a, 0xff, 0xff, 0x00, 0x6a, 0xff,
0xff, 0x00, 0x6a, 0xff, 0xff, 0x00, 0x6a, 0xff, 0xff, 0x00, 0x6a, 0xff, 0xff, 0x00, 0x6a,
0xff, 0xff, 0x00, 0x68, 0xfc, 0xd1, 0x00, 0x63, 0xf0, 0x3e, 0x00, 0x68, 0xf1, 0x00, 0x00,
0x5e, 0xed, 0x00, 0x00, 0x5b, 0xdb, 0x00, 0x00, 0x66, 0xee, 0x00, 0x00, 0x62, 0xf0, 0x00,
0x00, 0x6a, 0xfd, 0x00, 0x00, 0x4d, 0xd2, 0x00, 0x00, 0x5d, 0xe4, 0x00, 0x00, 0x53, 0xdc,
0x00, 0x00, 0x05, 0x84, 0x00, 0x00, 0x00, 0x7f, 0x00, 0x00, 0x01, 0x80, 0x00, 0x00, 0x01,
0x80, 0x00, 0x00, 0x01, 0x80, 0x00, 0x00, 0x01, 0x80, 0x00, 0x00, 0x01, 0x80, 0x00, 0x00,
0x01, 0x80, 0x00, 0x00, 0x01, 0x80, 0x00, 0x00, 0x01, 0x80, 0x00, 0x00, 0x01, 0x80, 0x00,
0x00, 0x01, 0x80, 0x00, 0x00, 0x01, 0x80, 0x00, 0x00, 0x01, 0x80, 0x00, 0xff, 0xff, 0xff,
0x00, 0xff, 0xff, 0xff, 0x00, 0xff, 0xff, 0xff, 0x00, 0xff, 0xff, 0xff, 0x00, 0xff, 0xff,
0xff, 0x00, 0xff, 0xff, 0xff, 0x00, 0xff, 0xff, 0xff, 0x00, 0xff, 0xff, 0xff, 0x00, 0xff,
0xff, 0xff, 0x00, 0xff, 0xff, 0xff, 0x00, 0xff, 0xff, 0xff, 0x00, 0xff, 0xff, 0xff, 0x00,
0xff, 0xff, 0xff, 0x00, 0xff, 0xff, 0xff, 0x00, 0xff, 0xff, 0xff, 0x00, 0xff, 0xff, 0xff,
0x00, 0xff, 0xff, 0xff, 0x00, 0x00, 0x01, 0x01, 0x00, 0x00, 0x01, 0x01, 0x00, 0x00, 0x01,
0x01, 0x00, 0x00, 0x01, 0x01, 0x00, 0x00, 0x01, 0x01, 0x00, 0x00, 0x01, 0x01, 0x00, 0x00,
0x01, 0x01, 0x00, 0x00, 0x01, 0x01, 0x00, 0x00, 0x01, 0x01, 0x00, 0x00, 0x01, 0x01, 0x00,
0x00, 0x01, 0x00, 0x00, 0x00, 0x00, 0x00, 0x00, 0x00, 0x4b, 0xa8, 0x00, 0x00, 0x6c, 0xff,
0x00, 0x00, 0x69, 0xfc, 0x00, 0x00, 0x69, 0xfc, 0x00, 0x00, 0x69, 0xfd, 0x00, 0x00, 0x6a,
0xfd, 0x00, 0x00, 0x68, 0xfb, 0x00, 0x00, 0x62, 0xe5, 0x00, 0x00, 0x64, 0xf2, 0x00, 0x00,
0x61, 0xea, 0x00, 0x00, 0x68, 0xf1, 0x00, 0x00, 0x68, 0xfc, 0x00, 0x00, 0x55, 0xd4, 0x00,
0x00, 0x5b, 0xe5, 0x14, 0x00, 0x68, 0xf4, 0x92, 0x00, 0x6a, 0xff, 0xfe, 0x00, 0x6a, 0xff,
0xff, 0x00, 0x6a, 0xff, 0xff, 0x00, 0x6a, 0xff, 0xff, 0x00, 0x6a, 0xff, 0xff, 0x00, 0x6a,
0xff, 0xff, 0x00, 0x6a, 0xff, 0xff, 0x00, 0x6a, 0xff, 0xff, 0x00, 0x6a, 0xff, 0xff, 0x00,
0x6a, 0xff, 0xff, 0x00, 0x6a, 0xff, 0xff, 0x00, 0x6a, 0xff, 0xff, 0x00, 0x6a, 0xff, 0xff,
0x00, 0x6a, 0xff, 0xff, 0x00, 0x6a, 0xff, 0xff, 0x00, 0x6a, 0xff, 0xff, 0x00, 0x6a, 0xff,
0xff, 0x00, 0x6a, 0xff, 0xff, 0x00, 0x6a, 0xff, 0xff, 0x00, 0x6a, 0xff, 0xff, 0x00, 0x6a,
0xff, 0xff, 0x00, 0x6a, 0xff, 0xff, 0x00, 0x6a, 0xff, 0xff, 0x00, 0x6a, 0xff, 0xff, 0x00,
0x6a, 0xff, 0xff, 0x00, 0x6a, 0xff, 0xff, 0x00, 0x6a, 0xff, 0xff, 0x00, 0x6a, 0xff, 0xff,
0x00, 0x6a, 0xff, 0xff, 0x00, 0x6a, 0xff, 0xff, 0x00, 0x6a, 0xff, 0xff, 0x00, 0x6a, 0xff,
0xff, 0x00, 0x6a, 0xff, 0xff, 0x00, 0x6a, 0xff, 0xff, 0x00, 0x6a, 0xff, 0xff, 0x00, 0x6a,
0xff, 0xff, 0x00, 0x6a, 0xff, 0xff, 0x00, 0x6a, 0xff, 0xff, 0x00, 0x6a, 0xff, 0xff, 0x00,
0x6a, 0xff, 0xff, 0x00, 0x6a, 0xff, 0xff, 0x00, 0x6a, 0xff, 0xff, 0x00, 0x6a, 0xff, 0xff,
0x00, 0x6a, 0xff, 0xff, 0x00, 0x6a, 0xff, 0xff, 0x00, 0x6a, 0xff, 0xff, 0x00, 0x6a, 0xff,
0xff, 0x00, 0x6a, 0xff, 0xff, 0x00, 0x6a, 0xff, 0xff, 0x00, 0x6a, 0xff, 0xff, 0x00, 0x6a,
0xff, 0xff, 0x00, 0x6a, 0xff, 0xff, 0x00, 0x6a, 0xff, 0xff, 0x00, 0x6a, 0xff, 0xff, 0x00,
0x6a, 0xff, 0xff, 0x00, 0x6a, 0xff, 0xff, 0x00, 0x6b, 0xff, 0xff, 0x00, 0x6a, 0xfe, 0xf4,
0x00, 0x67, 0xfb, 0x7a, 0x00, 0x5c, 0xea, 0x0d, 0x00, 0x60, 0xea, 0x00, 0x00, 0x68, 0xf2,
0x00, 0x00, 0x5e, 0xed, 0x00, 0x00, 0x5b, 0xdb, 0x00, 0x00, 0x66, 0xee, 0x00, 0x00, 0x62,
0xf0, 0x00, 0x00, 0x6a, 0xfd, 0x00, 0x00, 0x4d, 0xd2, 0x00, 0x00, 0x5d, 0xe4, 0x00, 0x00,
0x53, 0xdc, 0x00, 0x00, 0x05, 0x84, 0x00, 0x00, 0x00, 0x7f, 0x00, 0x00, 0x01, 0x80, 0x00,
0x00, 0x01, 0x80, 0x00, 0x00, 0x01, 0x80, 0x00, 0x00, 0x01, 0x80, 0x00, 0x00, 0x01, 0x80,
0x00, 0x00, 0x01, 0x80, 0x00, 0x00, 0x01, 0x80, 0x00, 0x00, 0x01, 0x80, 0x00, 0x00, 0x01,
0x80, 0x00, 0x00, 0x01, 0x80, 0x00, 0x00, 0x01, 0x80, 0x00, 0x00, 0x01, 0x80, 0x00, 0xff,
0xff, 0xff, 0x00, 0xff, 0xff, 0xff, 0x00, 0xff, 0xff, 0xff, 0x00, 0xff, 0xff, 0xff, 0x00,
0xff, 0xff, 0xff, 0x00, 0xff, 0xff, 0xff, 0x00, 0xff, 0xff, 0xff, 0x00, 0xff, 0xff, 0xff,
0x00, 0xff, 0xff, 0xff, 0x00, 0xff, 0xff, 0xff, 0x00, 0xff, 0xff, 0xff, 0x00, 0xff, 0xff,
0xff, 0x00, 0xff, 0xff, 0xff, 0x00, 0xff, 0xff, 0xff, 0x00, 0xff, 0xff, 0xff, 0x00, 0xff,
0xff, 0xff, 0x00, 0xff, 0xff, 0xff, 0x00, 0x00, 0x01, 0x01, 0x00, 0x00, 0x01, 0x01, 0x00,
0x00, 0x01, 0x01, 0x00, 0x00, 0x01, 0x01, 0x00, 0x00, 0x01, 0x01, 0x00, 0x00, 0x01, 0x01,
0x00, 0x00, 0x01, 0x01, 0x00, 0x00, 0x01, 0x01, 0x00, 0x00, 0x01, 0x01, 0x00, 0x00, 0x01,
0x01, 0x00, 0x00, 0x01, 0x00, 0x00, 0x00, 0x00, 0x00, 0x00, 0x00, 0x4b, 0xa8, 0x00, 0x00,
0x6c, 0xff, 0x00, 0x00, 0x69, 0xfc, 0x00, 0x00, 0x69, 0xfc, 0x00, 0x00, 0x69, 0xfd, 0x00,
0x00, 0x6a, 0xfd, 0x00, 0x00, 0x68, 0xfb, 0x00, 0x00, 0x62, 0xe5, 0x00, 0x00, 0x64, 0xf2,
0x00, 0x00, 0x61, 0xea, 0x00, 0x00, 0x68, 0xf1, 0x00, 0x00, 0x68, 0xfc, 0x00, 0x00, 0x56,
0xd6, 0x00, 0x00, 0x5a, 0xe3, 0x00, 0x00, 0x64, 0xe7, 0x00, 0x00, 0x67, 0xfa, 0x37, 0x00,
0x69, 0xfd, 0xc2, 0x00, 0x6a, 0xff, 0xff, 0x00, 0x6a, 0xff, 0xff, 0x00, 0x6a, 0xff, 0xff,
0x00, 0x6a, 0xff, 0xff, 0x00, 0x6a, 0xff, 0xff, 0x00, 0x6a, 0xff, 0xff, 0x00, 0x6a, 0xff,
0xff, 0x00, 0x6a, 0xff, 0xff, 0x00, 0x6a, 0xff, 0xff, 0x00, 0x6a, 0xff, 0xff, 0x00, 0x6a,
0xff, 0xff, 0x00, 0x6a, 0xff, 0xff, 0x00, 0x6a, 0xff, 0xff, 0x00, 0x6a, 0xff, 0xff, 0x00,
0x6a, 0xff, 0xff, 0x00, 0x6a, 0xff, 0xff, 0x00, 0x6a, 0xff, 0xff, 0x00, 0x6a, 0xff, 0xff,
0x00, 0x6a, 0xff, 0xff, 0x00, 0x6a, 0xff, 0xff, 0x00, 0x6a, 0xff, 0xff, 0x00, 0x6a, 0xff,
0xff, 0x00, 0x6a, 0xff, 0xff, 0x00, 0x6a, 0xff, 0xff, 0x00, 0x6a, 0xff, 0xff, 0x00, 0x6a,
0xff, 0xff, 0x00, 0x6a, 0xff, 0xff, 0x00, 0x6a, 0xff, 0xff, 0x00, 0x6a, 0xff, 0xff, 0x00,
0x6a, 0xff, 0xff, 0x00, 0x6a, 0xff, 0xff, 0x00, 0x6a, 0xff, 0xff, 0x00, 0x6a, 0xff, 0xff,
0x00, 0x6a, 0xff, 0xff, 0x00, 0x6a, 0xff, 0xff, 0x00, 0x6a, 0xff, 0xff, 0x00, 0x6a, 0xff,
0xff, 0x00, 0x6a, 0xff, 0xff, 0x00, 0x6a, 0xff, 0xff, 0x00, 0x6a, 0xff, 0xff, 0x00, 0x6a,
0xff, 0xff, 0x00, 0x6a, 0xff, 0xff, 0x00, 0x6a, 0xff, 0xff, 0x00, 0x6a, 0xff, 0xff, 0x00,
0x6a, 0xff, 0xff, 0x00, 0x6a, 0xff, 0xff, 0x00, 0x6a, 0xff, 0xff, 0x00, 0x6a, 0xff, 0xff,
0x00, 0x6a, 0xff, 0xff, 0x00, 0x6a, 0xff, 0xff, 0x00, 0x6a, 0xff, 0xff, 0x00, 0x6a, 0xff,
0xff, 0x00, 0x6a, 0xff, 0xff, 0x00, 0x69, 0xfd, 0xfe, 0x00, 0x63, 0xed, 0x9f, 0x00, 0x67,
0xfb, 0x28, 0x00, 0x65, 0xf9, 0x00, 0x00, 0x5b, 0xe9, 0x00, 0x00, 0x61, 0xeb, 0x00, 0x00,
0x68, 0xf2, 0x00, 0x00, 0x5e, 0xed, 0x00, 0x00, 0x5b, 0xdb, 0x00, 0x00, 0x66, 0xee, 0x00,
0x00, 0x62, 0xf0, 0x00, 0x00, 0x6a, 0xfd, 0x00, 0x00, 0x4d, 0xd2, 0x00, 0x00, 0x5d, 0xe4,
0x00, 0x00, 0x53, 0xdc, 0x00, 0x00, 0x05, 0x84, 0x00, 0x00, 0x00, 0x7f, 0x00, 0x00, 0x01,
0x80, 0x00, 0x00, 0x01, 0x80, 0x00, 0x00, 0x01, 0x80, 0x00, 0x00, 0x01, 0x80, 0x00, 0x00,
0x01, 0x80, 0x00, 0x00, 0x01, 0x80, 0x00, 0x00, 0x01, 0x80, 0x00, 0x00, 0x01, 0x80, 0x00,
0x00, 0x01, 0x80, 0x00, 0x00, 0x01, 0x80, 0x00, 0x00, 0x01, 0x80, 0x00, 0x00, 0x01, 0x80,
0x00, 0xff, 0xff, 0xff, 0x00, 0xff, 0xff, 0xff, 0x00, 0xff, 0xff, 0xff, 0x00, 0xff, 0xff,
0xff, 0x00, 0xff, 0xff, 0xff, 0x00, 0xff, 0xff, 0xff, 0x00, 0xff, 0xff, 0xff, 0x00, 0xff,
0xff, 0xff, 0x00, 0xff, 0xff, 0xff, 0x00, 0xff, 0xff, 0xff, 0x00, 0xff, 0xff, 0xff, 0x00,
0xff, 0xff, 0xff, 0x00, 0xff, 0xff, 0xff, 0x00, 0xff, 0xff, 0xff, 0x00, 0xff, 0xff, 0xff,
0x00, 0xff, 0xff, 0xff, 0x00, 0xff, 0xff, 0xff, 0x00, 0x00, 0x01, 0x01, 0x00, 0x00, 0x01,
0x01, 0x00, 0x00, 0x01, 0x01, 0x00, 0x00, 0x01, 0x01, 0x00, 0x00, 0x01, 0x01, 0x00, 0x00,
0x01, 0x01, 0x00, 0x00, 0x01, 0x01, 0x00, 0x00, 0x01, 0x01, 0x00, 0x00, 0x01, 0x01, 0x00,
0x00, 0x01, 0x01, 0x00, 0x00, 0x01, 0x00, 0x00, 0x00, 0x00, 0x00, 0x00, 0x00, 0x4b, 0xa8,
0x00, 0x00, 0x6c, 0xff, 0x00, 0x00, 0x69, 0xfc, 0x00, 0x00, 0x69, 0xfc, 0x00, 0x00, 0x69,
0xfd, 0x00, 0x00, 0x6a, 0xfd, 0x00, 0x00, 0x68, 0xfb, 0x00, 0x00, 0x62, 0xe5, 0x00, 0x00,
0x64, 0xf2, 0x00, 0x00, 0x61, 0xea, 0x00, 0x00, 0x68, 0xf1, 0x00, 0x00, 0x68, 0xfc, 0x00,
0x00, 0x56, 0xd6, 0x00, 0x00, 0x5a, 0xe3, 0x00, 0x00, 0x64, 0xe8, 0x00, 0x00, 0x67, 0xf9,
0x00, 0x00, 0x65, 0xf7, 0x03, 0x00, 0x67, 0xf9, 0x53, 0x00, 0x68, 0xfa, 0xdb, 0x00, 0x6b,
0xff, 0xff, 0x00, 0x6a, 0xff, 0xff, 0x00, 0x6a, 0xff, 0xff, 0x00, 0x6a, 0xff, 0xff, 0x00,
0x6a, 0xff, 0xff, 0x00, 0x6a, 0xff, 0xff, 0x00, 0x6a, 0xff, 0xff, 0x00, 0x6a, 0xff, 0xff,
0x00, 0x6a, 0xff, 0xff, 0x00, 0x6a, 0xff, 0xff, 0x00, 0x6a, 0xff, 0xff, 0x00, 0x6a, 0xff,
0xff, 0x00, 0x6a, 0xff, 0xff, 0x00, 0x6a, 0xff, 0xff, 0x00, 0x6a, 0xff, 0xff, 0x00, 0x6a,
0xff, 0xff, 0x00, 0x6a, 0xff, 0xff, 0x00, 0x6a, 0xff, 0xff, 0x00, 0x6a, 0xff, 0xff, 0x00,
0x6a, 0xff, 0xff, 0x00, 0x6a, 0xff, 0xff, 0x00, 0x6a, 0xff, 0xff, 0x00, 0x6a, 0xff, 0xff,
0x00, 0x6a, 0xff, 0xff, 0x00, 0x6a, 0xff, 0xff, 0x00, 0x6a, 0xff, 0xff, 0x00, 0x6a, 0xff,
0xff, 0x00, 0x6a, 0xff, 0xff, 0x00, 0x6a, 0xff, 0xff, 0x00, 0x6a, 0xff, 0xff, 0x00, 0x6a,
0xff, 0xff, 0x00, 0x6a, 0xff, 0xff, 0x00, 0x6a, 0xff, 0xff, 0x00, 0x6a, 0xff, 0xff, 0x00,
0x6a, 0xff, 0xff, 0x00, 0x6a, 0xff, 0xff, 0x00, 0x6a, 0xff, 0xff, 0x00, 0x6a, 0xff, 0xff,
0x00, 0x6a, 0xff, 0xff, 0x00, 0x6a, 0xff, 0xff, 0x00, 0x6a, 0xff, 0xff, 0x00, 0x6a, 0xff,
0xff, 0x00, 0x6a, 0xff, 0xff, 0x00, 0x6a, 0xff, 0xff, 0x00, 0x6a, 0xff, 0xff, 0x00, 0x6a,
0xff, 0xff, 0x00, 0x6a, 0xff, 0xff, 0x00, 0x6a, 0xff, 0xff, 0x00, 0x6a, 0xff, 0xff, 0x00,
0x6a, 0xff, 0xff, 0x00, 0x68, 0xfe, 0xb1, 0x00, 0x64, 0xf0, 0x36, 0x00, 0x4e, 0xb8, 0x00,
0x00, 0x68, 0xfe, 0x00, 0x00, 0x65, 0xf9, 0x00, 0x00, 0x5b, 0xe9, 0x00, 0x00, 0x61, 0xeb,
0x00, 0x00, 0x68, 0xf2, 0x00, 0x00, 0x5e, 0xed, 0x00, 0x00, 0x5b, 0xdb, 0x00, 0x00, 0x66,
0xee, 0x00, 0x00, 0x62, 0xf0, 0x00, 0x00, 0x6a, 0xfd, 0x00, 0x00, 0x4d, 0xd2, 0x00, 0x00,
0x5d, 0xe4, 0x00, 0x00, 0x53, 0xdc, 0x00, 0x00, 0x05, 0x84, 0x00, 0x00, 0x00, 0x7f, 0x00,
0x00, 0x01, 0x80, 0x00, 0x00, 0x01, 0x80, 0x00, 0x00, 0x01, 0x80, 0x00, 0x00, 0x01, 0x80,
0x00, 0x00, 0x01, 0x80, 0x00, 0x00, 0x01, 0x80, 0x00, 0x00, 0x01, 0x80, 0x00, 0x00, 0x01,
0x80, 0x00, 0x00, 0x01, 0x80, 0x00, 0x00, 0x01, 0x80, 0x00, 0x00, 0x01, 0x80, 0x00, 0x00,
0x01, 0x80, 0x00, 0xff, 0xff, 0xff, 0x00, 0xff, 0xff, 0xff, 0x00, 0xff, 0xff, 0xff, 0x00,
0xff, 0xff, 0xff, 0x00, 0xff, 0xff, 0xff, 0x00, 0xff, 0xff, 0xff, 0x00, 0xff, 0xff, 0xff,
0x00, 0xff, 0xff, 0xff, 0x00, 0xff, 0xff, 0xff, 0x00, 0xff, 0xff, 0xff, 0x00, 0xff, 0xff,
0xff, 0x00, 0xff, 0xff, 0xff, 0x00, 0xff, 0xff, 0xff, 0x00, 0xff, 0xff, 0xff, 0x00, 0xff,
0xff, 0xff, 0x00, 0xff, 0xff, 0xff, 0x00, 0xff, 0xff, 0xff, 0x00, 0x00, 0x01, 0x01, 0x00,
0x00, 0x01, 0x01, 0x00, 0x00, 0x01, 0x01, 0x00, 0x00, 0x01, 0x01, 0x00, 0x00, 0x01, 0x01,
0x00, 0x00, 0x01, 0x01, 0x00, 0x00, 0x01, 0x01, 0x00, 0x00, 0x01, 0x01, 0x00, 0x00, 0x01,
0x01, 0x00, 0x00, 0x01, 0x01, 0x00, 0x00, 0x01, 0x00, 0x00, 0x00, 0x00, 0x00, 0x00, 0x00,
0x4b, 0xa8, 0x00, 0x00, 0x6c, 0xff, 0x00, 0x00, 0x69, 0xfc, 0x00, 0x00, 0x69, 0xfc, 0x00,
0x00, 0x69, 0xfd, 0x00, 0x00, 0x6a, 0xfd, 0x00, 0x00, 0x68, 0xfb, 0x00, 0x00, 0x62, 0xe5,
0x00, 0x00, 0x64, 0xf2, 0x00, 0x00, 0x61, 0xea, 0x00, 0x00, 0x68, 0xf1, 0x00, 0x00, 0x68,
0xfc, 0x00, 0x00, 0x56, 0xd6, 0x00, 0x00, 0x5a, 0xe3, 0x00, 0x00, 0x64, 0xe8, 0x00, 0x00,
0x67, 0xf9, 0x00, 0x00, 0x65, 0xf8, 0x00, 0x00, 0x64, 0xf1, 0x00, 0x00, 0x5d, 0xed, 0x11,
0x00, 0x67, 0xfa, 0x6e, 0x00, 0x69, 0xfc, 0xda, 0x00, 0x6a, 0xff, 0xff, 0x00, 0x6a, 0xff,
0xff, 0x00, 0x6a, 0xff, 0xff, 0x00, 0x6a, 0xff, 0xff, 0x00, 0x6a, 0xff, 0xff, 0x00, 0x6a,
0xff, 0xff, 0x00, 0x6a, 0xff, 0xff, 0x00, 0x6a, 0xff, 0xff, 0x00, 0x6a, 0xff, 0xff, 0x00,
0x6a, 0xff, 0xff, 0x00, 0x6a, 0xff, 0xff, 0x00, 0x6a, 0xff, 0xff, 0x00, 0x6a, 0xff, 0xff,
0x00, 0x6a, 0xff, 0xff, 0x00, 0x6a, 0xff, 0xff, 0x00, 0x6a, 0xff, 0xff, 0x00, 0x6a, 0xff,
0xff, 0x00, 0x6a, 0xff, 0xff, 0x00, 0x6a, 0xff, 0xff, 0x00, 0x6a, 0xff, 0xff, 0x00, 0x6a,
0xff, 0xff, 0x00, 0x6a, 0xff, 0xff, 0x00, 0x6a, 0xff, 0xff, 0x00, 0x6a, 0xff, 0xff, 0x00,
0x6a, 0xff, 0xff, 0x00, 0x6a, 0xff, 0xff, 0x00, 0x6a, 0xff, 0xff, 0x00, 0x6a, 0xff, 0xff,
0x00, 0x6a, 0xff, 0xff, 0x00, 0x6a, 0xff, 0xff, 0x00, 0x6a, 0xff, 0xff, 0x00, 0x6a, 0xff,
0xff, 0x00, 0x6a, 0xff, 0xff, 0x00, 0x6a, 0xff, 0xff, 0x00, 0x6a, 0xff, 0xff, 0x00, 0x6a,
0xff, 0xff, 0x00, 0x6a, 0xff, 0xff, 0x00, 0x6a, 0xff, 0xff, 0x00, 0x6a, 0xff, 0xff, 0x00,
0x6a, 0xff, 0xff, 0x00, 0x6a, 0xff, 0xff, 0x00, 0x6a, 0xff, 0xff, 0x00, 0x6a, 0xff, 0xff,
0x00, 0x6a, 0xff, 0xff, 0x00, 0x6c, 0xff, 0xff, 0x00, 0x6a, 0xff, 0xff, 0x00, 0x68, 0xf7,
0xaa, 0x00, 0x68, 0xfb, 0x4b, 0x00, 0x66, 0xfb, 0x00, 0x00, 0x64, 0xee, 0x00, 0x00, 0x4f,
0xba, 0x00, 0x00, 0x68, 0xfe, 0x00, 0x00, 0x65, 0xf9, 0x00, 0x00, 0x5b, 0xe9, 0x00, 0x00,
0x61, 0xeb, 0x00, 0x00, 0x68, 0xf2, 0x00, 0x00, 0x5e, 0xed, 0x00, 0x00, 0x5b, 0xdb, 0x00,
0x00, 0x66, 0xee, 0x00, 0x00, 0x62, 0xf0, 0x00, 0x00, 0x6a, 0xfd, 0x00, 0x00, 0x4d, 0xd2,
0x00, 0x00, 0x5d, 0xe4, 0x00, 0x00, 0x53, 0xdc, 0x00, 0x00, 0x05, 0x84, 0x00, 0x00, 0x00,
0x7f, 0x00, 0x00, 0x01, 0x80, 0x00, 0x00, 0x01, 0x80, 0x00, 0x00, 0x01, 0x80, 0x00, 0x00,
0x01, 0x80, 0x00, 0x00, 0x01, 0x80, 0x00, 0x00, 0x01, 0x80, 0x00, 0x00, 0x01, 0x80, 0x00,
0x00, 0x01, 0x80, 0x00, 0x00, 0x01, 0x80, 0x00, 0x00, 0x01, 0x80, 0x00, 0x00, 0x01, 0x80,
0x00, 0x00, 0x01, 0x80, 0x00, 0xff, 0xff, 0xff, 0x00, 0xff, 0xff, 0xff, 0x00, 0xff, 0xff,
0xff, 0x00, 0xff, 0xff, 0xff, 0x00, 0xff, 0xff, 0xff, 0x00, 0xff, 0xff, 0xff, 0x00, 0xff,
0xff, 0xff, 0x00, 0xff, 0xff, 0xff, 0x00, 0xff, 0xff, 0xff, 0x00, 0xff, 0xff, 0xff, 0x00,
0xff, 0xff, 0xff, 0x00, 0xff, 0xff, 0xff, 0x00, 0xff, 0xff, 0xff, 0x00, 0xff, 0xff, 0xff,
0x00, 0xff, 0xff, 0xff, 0x00, 0xff, 0xff, 0xff, 0x00, 0xff, 0xff, 0xff, 0x00, 0x00, 0x01,
0x01, 0x00, 0x00, 0x01, 0x01, 0x00, 0x00, 0x01, 0x01, 0x00, 0x00, 0x01, 0x01, 0x00, 0x00,
0x01, 0x01, 0x00, 0x00, 0x01, 0x01, 0x00, 0x00, 0x01, 0x01, 0x00, 0x00, 0x01, 0x01, 0x00,
0x00, 0x01, 0x01, 0x00, 0x00, 0x01, 0x01, 0x00, 0x00, 0x01, 0x00, 0x00, 0x00, 0x00, 0x00,
0x00, 0x00, 0x4b, 0xa8, 0x00, 0x00, 0x6c, 0xff, 0x00, 0x00, 0x69, 0xfc, 0x00, 0x00, 0x69,
0xfc, 0x00, 0x00, 0x69, 0xfd, 0x00, 0x00, 0x6a, 0xfd, 0x00, 0x00, 0x68, 0xfb, 0x00, 0x00,
0x62, 0xe5, 0x00, 0x00, 0x64, 0xf2, 0x00, 0x00, 0x61, 0xea, 0x00, 0x00, 0x68, 0xf1, 0x00,
0x00, 0x68, 0xfc, 0x00, 0x00, 0x56, 0xd6, 0x00, 0x00, 0x5a, 0xe3, 0x00, 0x00, 0x64, 0xe8,
0x00, 0x00, 0x67, 0xf9, 0x00, 0x00, 0x65, 0xf8, 0x00, 0x00, 0x64, 0xf2, 0x00, 0x00, 0x5d,
0xed, 0x00, 0x00, 0x65, 0xf8, 0x00, 0x00, 0x5b, 0xd3, 0x0f, 0x00, 0x65, 0xf1, 0x5e, 0x00,
0x69, 0xfa, 0xbc, 0x00, 0x6a, 0xff, 0xff, 0x00, 0x6c, 0xff, 0xff, 0x00, 0x6a, 0xff, 0xff,
0x00, 0x6a, 0xff, 0xff, 0x00, 0x6a, 0xff, 0xff, 0x00, 0x6a, 0xff, 0xff, 0x00, 0x6a, 0xff,
0xff, 0x00, 0x6a, 0xff, 0xff, 0x00, 0x6a, 0xff, 0xff, 0x00, 0x6a, 0xff, 0xff, 0x00, 0x6a,
0xff, 0xff, 0x00, 0x6a, 0xff, 0xff, 0x00, 0x6a, 0xff, 0xff, 0x00, 0x6a, 0xff, 0xff, 0x00,
0x6a, 0xff, 0xff, 0x00, 0x6a, 0xff, 0xff, 0x00, 0x6a, 0xff, 0xff, 0x00, 0x6a, 0xff, 0xff,
0x00, 0x6a, 0xff, 0xff, 0x00, 0x6a, 0xff, 0xff, 0x00, 0x6a, 0xff, 0xff, 0x00, 0x6a, 0xff,
0xff, 0x00, 0x6a, 0xff, 0xff, 0x00, 0x6a, 0xff, 0xff, 0x00, 0x6a, 0xff, 0xff, 0x00, 0x6a,
0xff, 0xff, 0x00, 0x6a, 0xff, 0xff, 0x00, 0x6a, 0xff, 0xff, 0x00, 0x6a, 0xff, 0xff, 0x00,
0x6a, 0xff, 0xff, 0x00, 0x6a, 0xff, 0xff, 0x00, 0x6a, 0xff, 0xff, 0x00, 0x6a, 0xff, 0xff,
0x00, 0x6a, 0xff, 0xff, 0x00, 0x6a, 0xff, 0xff, 0x00, 0x6a, 0xff, 0xff, 0x00, 0x6a, 0xff,
0xff, 0x00, 0x6a, 0xff, 0xff, 0x00, 0x6a, 0xff, 0xff, 0x00, 0x6b, 0xff, 0xff, 0x00, 0x6b,
0xff, 0xff, 0x00, 0x69, 0xfb, 0xe8, 0x00, 0x5c, 0xde, 0x88, 0x00, 0x67, 0xf6, 0x3b, 0x00,
0x64, 0xe4, 0x00, 0x00, 0x68, 0xf9, 0x00, 0x00, 0x66, 0xfb, 0x00, 0x00, 0x64, 0xee, 0x00,
0x00, 0x4f, 0xba, 0x00, 0x00, 0x68, 0xfe, 0x00, 0x00, 0x65, 0xf9, 0x00, 0x00, 0x5b, 0xe9,
0x00, 0x00, 0x61, 0xeb, 0x00, 0x00, 0x68, 0xf2, 0x00, 0x00, 0x5e, 0xed, 0x00, 0x00, 0x5b,
0xdb, 0x00, 0x00, 0x66, 0xee, 0x00, 0x00, 0x62, 0xf0, 0x00, 0x00, 0x6a, 0xfd, 0x00, 0x00,
0x4d, 0xd2, 0x00, 0x00, 0x5d, 0xe4, 0x00, 0x00, 0x53, 0xdc, 0x00, 0x00, 0x05, 0x84, 0x00,
0x00, 0x00, 0x7f, 0x00, 0x00, 0x01, 0x80, 0x00, 0x00, 0x01, 0x80, 0x00, 0x00, 0x01, 0x80,
0x00, 0x00, 0x01, 0x80, 0x00, 0x00, 0x01, 0x80, 0x00, 0x00, 0x01, 0x80, 0x00, 0x00, 0x01,
0x80, 0x00, 0x00, 0x01, 0x80, 0x00, 0x00, 0x01, 0x80, 0x00, 0x00, 0x01, 0x80, 0x00, 0x00,
0x01, 0x80, 0x00, 0x00, 0x01, 0x80, 0x00, 0xff, 0xff, 0xff, 0x00, 0xff, 0xff, 0xff, 0x00,
0xff, 0xff, 0xff, 0x00, 0xff, 0xff, 0xff, 0x00, 0xff, 0xff, 0xff, 0x00, 0xff, 0xff, 0xff,
0x00, 0xff, 0xff, 0xff, 0x00, 0xff, 0xff, 0xff, 0x00, 0xff, 0xff, 0xff, 0x00, 0xff, 0xff,
0xff, 0x00, 0xff, 0xff, 0xff, 0x00, 0xff, 0xff, 0xff, 0x00, 0xff, 0xff, 0xff, 0x00, 0xff,
0xff, 0xff, 0x00, 0xff, 0xff, 0xff, 0x00, 0xff, 0xff, 0xff, 0x00, 0xff, 0xff, 0xff, 0x00,
0x00, 0x01, 0x01, 0x00, 0x00, 0x01, 0x01, 0x00, 0x00, 0x01, 0x01, 0x00, 0x00, 0x01, 0x01,
0x00, 0x00, 0x01, 0x01, 0x00, 0x00, 0x01, 0x01, 0x00, 0x00, 0x01, 0x01, 0x00, 0x00, 0x01,
0x01, 0x00, 0x00, 0x01, 0x01, 0x00, 0x00, 0x01, 0x01, 0x00, 0x00, 0x01, 0x00, 0x00, 0x00,
0x00, 0x00, 0x00, 0x00, 0x4b, 0xa8, 0x00, 0x00, 0x6c, 0xff, 0x00, 0x00, 0x69, 0xfc, 0x00,
0x00, 0x69, 0xfc, 0x00, 0x00, 0x69, 0xfd, 0x00, 0x00, 0x6a, 0xfd, 0x00, 0x00, 0x68, 0xfb,
0x00, 0x00, 0x62, 0xe5, 0x00, 0x00, 0x64, 0xf2, 0x00, 0x00, 0x61, 0xea, 0x00, 0x00, 0x68,
0xf1, 0x00, 0x00, 0x68, 0xfc, 0x00, 0x00, 0x56, 0xd6, 0x00, 0x00, 0x5a, 0xe3, 0x00, 0x00,
0x64, 0xe8, 0x00, 0x00, 0x67, 0xf9, 0x00, 0x00, 0x65, 0xf8, 0x00, 0x00, 0x64, 0xf2, 0x00,
0x00, 0x5d, 0xed, 0x00, 0x00, 0x66, 0xfa, 0x00, 0x00, 0x58, 0xca, 0x00, 0x00, 0x62, 0xea,
0x00, 0x00, 0x65, 0xe9, 0x00, 0x00, 0x64, 0xf4, 0x40, 0x00, 0x5c, 0xdf, 0x87, 0x00, 0x6a,
0xff, 0xe1, 0x00, 0x6a, 0xff, 0xff, 0x00, 0x6a, 0xff, 0xff, 0x00, 0x6a, 0xff, 0xff, 0x00,
0x6a, 0xff, 0xff, 0x00, 0x6a, 0xff, 0xff, 0x00, 0x6a, 0xff, 0xff, 0x00, 0x6a, 0xff, 0xff,
0x00, 0x6a, 0xff, 0xff, 0x00, 0x6a, 0xff, 0xff, 0x00, 0x6a, 0xff, 0xff, 0x00, 0x6a, 0xff,
0xff, 0x00, 0x6a, 0xff, 0xff, 0x00, 0x6a, 0xff, 0xff, 0x00, 0x6a, 0xff, 0xff, 0x00, 0x6a,
0xff, 0xff, 0x00, 0x6a, 0xff, 0xff, 0x00, 0x6a, 0xff, 0xff, 0x00, 0x6a, 0xff, 0xff, 0x00,
0x6a, 0xff, 0xff, 0x00, 0x6a, 0xff, 0xff, 0x00, 0x6a, 0xff, 0xff, 0x00, 0x6a, 0xff, 0xff,
0x00, 0x6a, 0xff, 0xff, 0x00, 0x6a, 0xff, 0xff, 0x00, 0x6a, 0xff, 0xff, 0x00, 0x6a, 0xff,
0xff, 0x00, 0x6a, 0xff, 0xff, 0x00, 0x6a, 0xff, 0xff, 0x00, 0x6a, 0xff, 0xff, 0x00, 0x6a,
0xff, 0xff, 0x00, 0x6a, 0xff, 0xff, 0x00, 0x6a, 0xff, 0xff, 0x00, 0x6a, 0xff, 0xff, 0x00,
0x6a, 0xff, 0xff, 0x00, 0x6b, 0xff, 0xff, 0x00, 0x6b, 0xff, 0xf6, 0x00, 0x62, 0xee, 0xab,
0x00, 0x66, 0xf9, 0x5e, 0x00, 0x53, 0xc8, 0x17, 0x00, 0x4a, 0xb3, 0x00, 0x00, 0x65, 0xf1,
0x00, 0x00, 0x65, 0xe6, 0x00, 0x00, 0x68, 0xf9, 0x00, 0x00, 0x66, 0xfb, 0x00, 0x00, 0x64,
0xee, 0x00, 0x00, 0x4f, 0xba, 0x00, 0x00, 0x68, 0xfe, 0x00, 0x00, 0x65, 0xf9, 0x00, 0x00,
0x5b, 0xe9, 0x00, 0x00, 0x61, 0xeb, 0x00, 0x00, 0x68, 0xf2, 0x00, 0x00, 0x5e, 0xed, 0x00,
0x00, 0x5b, 0xdb, 0x00, 0x00, 0x66, 0xee, 0x00, 0x00, 0x62, 0xf0, 0x00, 0x00, 0x6a, 0xfd,
0x00, 0x00, 0x4d, 0xd2, 0x00, 0x00, 0x5d, 0xe4, 0x00, 0x00, 0x53, 0xdc, 0x00, 0x00, 0x05,
0x84, 0x00, 0x00, 0x00, 0x7f, 0x00, 0x00, 0x01, 0x80, 0x00, 0x00, 0x01, 0x80, 0x00, 0x00,
0x01, 0x80, 0x00, 0x00, 0x01, 0x80, 0x00, 0x00, 0x01, 0x80, 0x00, 0x00, 0x01, 0x80, 0x00,
0x00, 0x01, 0x80, 0x00, 0x00, 0x01, 0x80, 0x00, 0x00, 0x01, 0x80, 0x00, 0x00, 0x01, 0x80,
0x00, 0x00, 0x01, 0x80, 0x00, 0x00, 0x01, 0x80, 0x00, 0xff, 0xff, 0xff, 0x00, 0xff, 0xff,
0xff, 0x00, 0xff, 0xff, 0xff, 0x00, 0xff, 0xff, 0xff, 0x00, 0xff, 0xff, 0xff, 0x00, 0xff,
0xff, 0xff, 0x00, 0xff, 0xff, 0xff, 0x00, 0xff, 0xff, 0xff, 0x00, 0xff, 0xff, 0xff, 0x00,
0xff, 0xff, 0xff, 0x00, 0xff, 0xff, 0xff, 0x00, 0xff, 0xff, 0xff, 0x00, 0xff, 0xff, 0xff,
0x00, 0xff, 0xff, 0xff, 0x00, 0xff, 0xff, 0xff, 0x00, 0xff, 0xff, 0xff, 0x00, 0xff, 0xff,
0xff, 0x00, 0x00, 0x01, 0x01, 0x00, 0x00, 0x01, 0x01, 0x00, 0x00, 0x01, 0x01, 0x00, 0x00,
0x01, 0x01, 0x00, 0x00, 0x01, 0x01, 0x00, 0x00, 0x01, 0x01, 0x00, 0x00, 0x01, 0x01, 0x00,
0x00, 0x01, 0x01, 0x00, 0x00, 0x01, 0x01, 0x00, 0x00, 0x01, 0x01, 0x00, 0x00, 0x01, 0x00,
0x00, 0x00, 0x00, 0x00, 0x00, 0x00, 0x4b, 0xa8, 0x00, 0x00, 0x6c, 0xff, 0x00, 0x00, 0x69,
0xfc, 0x00, 0x00, 0x69, 0xfc, 0x00, 0x00, 0x69, 0xfd, 0x00, 0x00, 0x6a, 0xfd, 0x00, 0x00,
0x68, 0xfb, 0x00, 0x00, 0x62, 0xe5, 0x00, 0x00, 0x64, 0xf2, 0x00, 0x00, 0x61, 0xea, 0x00,
0x00, 0x68, 0xf1, 0x00, 0x00, 0x68, 0xfc, 0x00, 0x00, 0x56, 0xd6, 0x00, 0x00, 0x5a, 0xe3,
0x00, 0x00, 0x64, 0xe8, 0x00, 0x00, 0x67, 0xf9, 0x00, 0x00, 0x65, 0xf8, 0x00, 0x00, 0x64,
0xf2, 0x00, 0x00, 0x5d, 0xed, 0x00, 0x00, 0x66, 0xfa, 0x00, 0x00, 0x59, 0xcc, 0x00, 0x00,
0x62, 0xeb, 0x00, 0x00, 0x65, 0xea, 0x00, 0x00, 0x61, 0xec, 0x00, 0x00, 0x4d, 0xba, 0x00,
0x00, 0x67, 0xfa, 0x10, 0x00, 0x68, 0xfb, 0x4f, 0x00, 0x6a, 0xfa, 0x86, 0x00, 0x6a, 0xfe,
0xd3, 0x00, 0x6a, 0xff, 0xff, 0x00, 0x6a, 0xff, 0xff, 0x00, 0x6a, 0xff, 0xff, 0x00, 0x6a,
0xff, 0xff, 0x00, 0x6a, 0xff, 0xff, 0x00, 0x6a, 0xff, 0xff, 0x00, 0x6a, 0xff, 0xff, 0x00,
0x6a, 0xff, 0xff, 0x00, 0x6a, 0xff, 0xff, 0x00, 0x6a, 0xff, 0xff, 0x00, 0x6a, 0xff, 0xff,
0x00, 0x6a, 0xff, 0xff, 0x00, 0x6a, 0xff, 0xff, 0x00, 0x6a, 0xff, 0xff, 0x00, 0x6a, 0xff,
0xff, 0x00, 0x6a, 0xff, 0xff, 0x00, 0x6a, 0xff, 0xff, 0x00, 0x6a, 0xff, 0xff, 0x00, 0x6a,
0xff, 0xff, 0x00, 0x6a, 0xff, 0xff, 0x00, 0x6a, 0xff, 0xff, 0x00, 0x6a, 0xff, 0xff, 0x00,
0x6a, 0xff, 0xff, 0x00, 0x6a, 0xff, 0xff, 0x00, 0x6a, 0xff, 0xff, 0x00, 0x6a, 0xff, 0xff,
0x00, 0x6a, 0xff, 0xff, 0x00, 0x6a, 0xff, 0xff, 0x00, 0x6a, 0xff, 0xff, 0x00, 0x69, 0xfd,
0xe2, 0x00, 0x6a, 0xfe, 0x9c, 0x00, 0x5a, 0xd5, 0x61, 0x00, 0x66, 0xf0, 0x27, 0x00, 0x54,
0xd4, 0x00, 0x00, 0x62, 0xf2, 0x00, 0x00, 0x51, 0xc4, 0x00, 0x00, 0x4c, 0xb7, 0x00, 0x00,
0x65, 0xf2, 0x00, 0x00, 0x65, 0xe6, 0x00, 0x00, 0x68, 0xf9, 0x00, 0x00, 0x66, 0xfb, 0x00,
0x00, 0x64, 0xee, 0x00, 0x00, 0x4f, 0xba, 0x00, 0x00, 0x68, 0xfe, 0x00, 0x00, 0x65, 0xf9,
0x00, 0x00, 0x5b, 0xe9, 0x00, 0x00, 0x61, 0xeb, 0x00, 0x00, 0x68, 0xf2, 0x00, 0x00, 0x5e,
0xed, 0x00, 0x00, 0x5b, 0xdb, 0x00, 0x00, 0x66, 0xee, 0x00, 0x00, 0x62, 0xf0, 0x00, 0x00,
0x6a, 0xfd, 0x00, 0x00, 0x4d, 0xd2, 0x00, 0x00, 0x5d, 0xe4, 0x00, 0x00, 0x53, 0xdc, 0x00,
0x00, 0x05, 0x84, 0x00, 0x00, 0x00, 0x7f, 0x00, 0x00, 0x01, 0x80, 0x00, 0x00, 0x01, 0x80,
0x00, 0x00, 0x01, 0x80, 0x00, 0x00, 0x01, 0x80, 0x00, 0x00, 0x01, 0x80, 0x00, 0x00, 0x01,
0x80, 0x00, 0x00, 0x01, 0x80, 0x00, 0x00, 0x01, 0x80, 0x00, 0x00, 0x01, 0x80, 0x00, 0x00,
0x01, 0x80, 0x00, 0x00, 0x01, 0x80, 0x00, 0x00, 0x01, 0x80, 0x00, 0xff, 0xff, 0xff, 0x00,
0xff, 0xff, 0xff, 0x00, 0xff, 0xff, 0xff, 0x00, 0xff, 0xff, 0xff, 0x00, 0xff, 0xff, 0xff,
0x00, 0xff, 0xff, 0xff, 0x00, 0xff, 0xff, 0xff, 0x00, 0xff, 0xff, 0xff, 0x00, 0xff, 0xff,
0xff, 0x00, 0xff, 0xff, 0xff, 0x00, 0xff, 0xff, 0xff, 0x00, 0xff, 0xff, 0xff, 0x00, 0xff,
0xff, 0xff, 0x00, 0xff, 0xff, 0xff, 0x00, 0xff, 0xff, 0xff, 0x00, 0xff, 0xff, 0xff, 0x00,
0xff, 0xff, 0xff, 0x00, 0x00, 0x01, 0x01, 0x00, 0x00, 0x01, 0x01, 0x00, 0x00, 0x01, 0x01,
0x00, 0x00, 0x01, 0x01, 0x00, 0x00, 0x01, 0x01, 0x00, 0x00, 0x01, 0x01, 0x00, 0x00, 0x01,
0x01, 0x00, 0x00, 0x01, 0x01, 0x00, 0x00, 0x01, 0x01, 0x00, 0x00, 0x01, 0x01, 0x00, 0x00,
0x01, 0x00, 0x00, 0x00, 0x00, 0x00, 0x00, 0x00, 0x4b, 0xa8, 0x00, 0x00, 0x6c, 0xff, 0x00,
0x00, 0x69, 0xfc, 0x00, 0x00, 0x69, 0xfc, 0x00, 0x00, 0x69, 0xfd, 0x00, 0x00, 0x6a, 0xfd,
0x00, 0x00, 0x68, 0xfb, 0x00, 0x00, 0x62, 0xe5, 0x00, 0x00, 0x64, 0xf2, 0x00, 0x00, 0x61,
0xea, 0x00, 0x00, 0x68, 0xf1, 0x00, 0x00, 0x68, 0xfc, 0x00, 0x00, 0x56, 0xd6, 0x00, 0x00,
0x5a, 0xe3, 0x00, 0x00, 0x64, 0xe8, 0x00, 0x00, 0x67, 0xf9, 0x00, 0x00, 0x65, 0xf8, 0x00,
0x00, 0x64, 0xf2, 0x00, 0x00, 0x5d, 0xed, 0x00, 0x00, 0x66, 0xfa, 0x00, 0x00, 0x59, 0xcc,
0x00, 0x00, 0x62, 0xeb, 0x00, 0x00, 0x65, 0xea, 0x00, 0x00, 0x61, 0xed, 0x00, 0x00, 0x4f,
0xbe, 0x00, 0x00, 0x67, 0xfa, 0x00, 0x00, 0x67, 0xf8, 0x00, 0x00, 0x69, 0xf6, 0x00, 0x00,
0x66, 0xf9, 0x04, 0x00, 0x66, 0xf9, 0x38, 0x00, 0x6a, 0xfd, 0x64, 0x00, 0x6a, 0xfd, 0x93,
0x00, 0x6a, 0xfe, 0xcd, 0x00, 0x6a, 0xff, 0xed, 0x00, 0x6a, 0xff, 0xed, 0x00, 0x6a, 0xff,
0xed, 0x00, 0x6a, 0xff, 0xed, 0x00, 0x6a, 0xff, 0xed, 0x00, 0x6a, 0xff, 0xed, 0x00, 0x6a,
0xff, 0xed, 0x00, 0x6a, 0xff, 0xed, 0x00, 0x6a, 0xff, 0xed, 0x00, 0x6a, 0xff, 0xed, 0x00,
0x6a, 0xff, 0xed, 0x00, 0x6a, 0xff, 0xed, 0x00, 0x6a, 0xff, 0xed, 0x00, 0x6a, 0xff, 0xed,
0x00, 0x6a, 0xff, 0xed, 0x00, 0x6a, 0xff, 0xed, 0x00, 0x6a, 0xff, 0xed, 0x00, 0x6a, 0xff,
0xed, 0x00, 0x6a, 0xff, 0xed, 0x00, 0x6a, 0xff, 0xed, 0x00, 0x6a, 0xff, 0xed, 0x00, 0x69,
0xfe, 0xd3, 0x00, 0x68, 0xfc, 0x9e, 0x00, 0x69, 0xfd, 0x6d, 0x00, 0x69, 0xfe, 0x45, 0x00,
0x67, 0xf7, 0x10, 0x00, 0x68, 0xfb, 0x00, 0x00, 0x4f, 0xb9, 0x00, 0x00, 0x64, 0xea, 0x00,
0x00, 0x55, 0xd7, 0x00, 0x00, 0x63, 0xf3, 0x00, 0x00, 0x51, 0xc5, 0x00, 0x00, 0x4c, 0xb7,
0x00, 0x00, 0x65, 0xf2, 0x00, 0x00, 0x65, 0xe6, 0x00, 0x00, 0x68, 0xf9, 0x00, 0x00, 0x66,
0xfb, 0x00, 0x00, 0x64, 0xee, 0x00, 0x00, 0x4f, 0xba, 0x00, 0x00, 0x68, 0xfe, 0x00, 0x00,
0x65, 0xf9, 0x00, 0x00, 0x5b, 0xe9, 0x00, 0x00, 0x61, 0xeb, 0x00, 0x00, 0x68, 0xf2, 0x00,
0x00, 0x5e, 0xed, 0x00, 0x00, 0x5b, 0xdb, 0x00, 0x00, 0x66, 0xee, 0x00, 0x00, 0x62, 0xf0,
0x00, 0x00, 0x6a, 0xfd, 0x00, 0x00, 0x4d, 0xd2, 0x00, 0x00, 0x5d, 0xe4, 0x00, 0x00, 0x53,
0xdc, 0x00, 0x00, 0x05, 0x84, 0x00, 0x00, 0x00, 0x7f, 0x00, 0x00, 0x01, 0x80, 0x00, 0x00,
0x01, 0x80, 0x00, 0x00, 0x01, 0x80, 0x00, 0x00, 0x01, 0x80, 0x00, 0x00, 0x01, 0x80, 0x00,
0x00, 0x01, 0x80, 0x00, 0x00, 0x01, 0x80, 0x00, 0x00, 0x01, 0x80, 0x00, 0x00, 0x01, 0x80,
0x00, 0x00, 0x01, 0x80, 0x00, 0x00, 0x01, 0x80, 0x00, 0x00, 0x01, 0x80, 0x00, 0xff, 0xff,
0xff, 0x00, 0xff, 0xff, 0xff, 0x00, 0xff, 0xff, 0xff, 0x00, 0xff, 0xff, 0xff, 0x00, 0xff,
0xff, 0xff, 0x00, 0xff, 0xff, 0xff, 0x00, 0xff, 0xff, 0xff, 0x00, 0xff, 0xff, 0xff, 0x00,
0xff, 0xff, 0xff, 0x00, 0xff, 0xff, 0xff, 0x00, 0xff, 0xff, 0xff, 0x00, 0xff, 0xff, 0xff,
0x00, 0xff, 0xff, 0xff, 0x00, 0xff, 0xff, 0xff, 0x00, 0xff, 0xff, 0xff, 0x00, 0xff, 0xff,
0xff, 0x00, 0xff, 0xff, 0xff, 0x00, 0xff, 0xff, 0xff, 0x00, 0xff, 0xff, 0xff, 0x00, 0xff,
0xff, 0xff, 0x00, 0xff, 0xff, 0xff, 0x00, 0xff, 0xff, 0xff, 0x00, 0xff, 0xff, 0xff, 0x00,
0xff, 0xff, 0xff, 0x00, 0xff, 0xff, 0xff, 0x00, 0xff, 0xff, 0xff, 0x00, 0xff, 0xff, 0xff,
0x00, 0xff, 0xff, 0xff, 0x00, 0xff, 0xff, 0xff, 0x00, 0xff, 0xff, 0xff, 0x00, 0xff, 0xff,
0xff, 0x00, 0xff, 0xff, 0xff, 0x00, 0xff, 0xff, 0xff, 0x00, 0xff, 0xff, 0xff, 0x00, 0xff,
0xff, 0xff, 0x00, 0xff, 0xff, 0xff, 0x00, 0xff, 0xff, 0xff, 0x00, 0xff, 0xff, 0xff, 0x00,
0xff, 0xff, 0xff, 0x00, 0xff, 0xff, 0xff, 0x00, 0xff, 0xff, 0xff, 0x00, 0xff, 0xff, 0xff,
0x00, 0xff, 0xff, 0xff, 0x00, 0xff, 0xff, 0xff, 0x00, 0xff, 0xff, 0xff, 0x00, 0xff, 0xff,
0xff, 0x00, 0xff, 0xff, 0xff, 0x00, 0xff, 0xff, 0xff, 0x00, 0xff, 0xff, 0xff, 0x00, 0xff,
0xff, 0xff, 0x00, 0xff, 0xff, 0xff, 0x00, 0xff, 0xff, 0xff, 0x00, 0xff, 0xff, 0xff, 0x00,
0xff, 0xff, 0xff, 0x00, 0xff, 0xff, 0xff, 0x00, 0xff, 0xff, 0xff, 0x00, 0xff, 0xff, 0xff,
0x00, 0xff, 0xff, 0xff, 0x00, 0xff, 0xff, 0xff, 0x00, 0xff, 0xff, 0xff, 0x00, 0xff, 0xff,
0xff, 0x00, 0xff, 0xff, 0xff, 0x00, 0xff, 0xff, 0xff, 0x00, 0xff, 0xff, 0xff, 0x00, 0xff,
0xff, 0xff, 0x00, 0xff, 0xff, 0xff, 0x00, 0xff, 0xff, 0xff, 0x00, 0xff, 0xff, 0xff, 0x00,
0xff, 0xff, 0xff, 0x00, 0xff, 0xff, 0xff, 0x00, 0xff, 0xff, 0xff, 0x00, 0xff, 0xff, 0xff,
0x00, 0xff, 0xff, 0xff, 0x00, 0xff, 0xff, 0xff, 0x00, 0xff, 0xff, 0xff, 0x00, 0xff, 0xff,
0xff, 0x00, 0xff, 0xff, 0xff, 0x00, 0xff, 0xff, 0xff, 0x00, 0xff, 0xff, 0xff, 0x00, 0xff,
0xff, 0xff, 0x00, 0xff, 0xff, 0xff, 0x00, 0xff, 0xff, 0xff, 0x00, 0xff, 0xff, 0xff, 0x00,
0xff, 0xff, 0xff, 0x00, 0xff, 0xff, 0xff, 0x00, 0xff, 0xff, 0xff, 0x00, 0xff, 0xff, 0xff,
0x00, 0xff, 0xff, 0xff, 0x00, 0xff, 0xff, 0xff, 0x00, 0xff, 0xff, 0xff, 0x00, 0xff, 0xff,
0xff, 0x00, 0xff, 0xff, 0xff, 0x00, 0xff, 0xff, 0xff, 0x00, 0xff, 0xff, 0xff, 0x00, 0xff,
0xff, 0xff, 0x00, 0xff, 0xff, 0xff, 0x00, 0xff, 0xff, 0xff, 0x00, 0xff, 0xff, 0xff, 0x00,
0xff, 0xff, 0xff, 0x00, 0xff, 0xff, 0xff, 0x00, 0xff, 0xff, 0xff, 0x00, 0xff, 0xff, 0xff,
0x00, 0xff, 0xff, 0xff, 0x00, 0xff, 0xff, 0xff, 0x00, 0xff, 0xff, 0xff, 0x00, 0xff, 0xff,
0xff, 0x00, 0xff, 0xff, 0xff, 0x00, 0xff, 0xff, 0xff, 0x00, 0xff, 0xff, 0xff, 0x00, 0xff,
0xff, 0xff, 0x00, 0xff, 0xff, 0xff, 0x00, 0xff, 0xff, 0xff, 0x00, 0xff, 0xff, 0xff, 0x00,
0xff, 0xff, 0xff, 0x00, 0xff, 0xff, 0xff, 0x00, 0xff, 0xff, 0xff, 0x00, 0xff, 0xff, 0xff,
0x00, 0xff, 0xff, 0xff, 0x00, 0xff, 0xff, 0xff, 0x00, 0xff, 0xff, 0xff, 0x00, 0xff, 0xff,
0xff, 0x00, 0xff, 0xff, 0xff, 0x00, 0xff, 0xff, 0xff, 0x00, 0xff, 0xff, 0xff, 0x00, 0xff,
0xff, 0xff, 0x00, 0xff, 0xff, 0xff, 0x00, 0xff, 0xff, 0xff, 0x00, 0xff, 0xff, 0xff, 0x00,
0xff, 0xff, 0xff, 0x00, 0xff, 0xff, 0xff, 0x00, 0xff, 0xff, 0xff, 0x00, 0xff, 0xff, 0xff,
0x00, 0xff, 0xff, 0xff, 0x00, 0xff, 0xff, 0xff, 0x00, 0xff, 0xff, 0xff, 0x00, 0xff, 0xff,
0xff, 0x00, 0xff, 0xff, 0xff, 0x00, 0xff, 0xff, 0xff, 0x00, 0xff, 0xff, 0xff, 0x00, 0xff,
0xff, 0xff, 0x00, 0xff, 0xff, 0xff, 0x00, 0xff, 0xff, 0xff, 0x00, 0xff, 0xff, 0xff, 0x00,
0xff, 0xff, 0xff, 0x00, 0xff, 0xff, 0xff, 0x00, 0xff, 0xff, 0xff, 0x00, 0xff, 0xff, 0xff,
0x00, 0xff, 0xff, 0xff, 0x00, 0xff, 0xff, 0xff, 0x00, 0xff, 0xff, 0xff, 0x00, 0xff, 0xff,
0xff, 0x00, 0xff, 0xff, 0xff, 0x00, 0xff, 0xff, 0xff, 0x00, 0xff, 0xff, 0xff, 0x00, 0xff,
0xff, 0xff, 0x00, 0xff, 0xff, 0xff, 0x00, 0xff, 0xff, 0xff, 0x00, 0xff, 0xff, 0xff, 0x00,
0xff, 0xff, 0xff, 0x00, 0xff, 0xff, 0xff, 0x00, 0xff, 0xff, 0xff, 0x00, 0xff, 0xff, 0xff,
0x00, 0xff, 0xff, 0xff, 0x00, 0xff, 0xff, 0xff, 0x00, 0xff, 0xff, 0xff, 0x00, 0xff, 0xff,
0xff, 0x00, 0xff, 0xff, 0xff, 0x00, 0xff, 0xff, 0xff, 0x00, 0xff, 0xff, 0xff, 0x00, 0xff,
0xff, 0xff, 0x00, 0xff, 0xff, 0xff, 0x00, 0xff, 0xff, 0xff, 0x00, 0xff, 0xff, 0xff, 0x00,
0xff, 0xff, 0xff, 0x00, 0xff, 0xff, 0xff, 0x00, 0xff, 0xff, 0xff, 0x00, 0xff, 0xff, 0xff,
0x00, 0xff, 0xff, 0xff, 0x00, 0xff, 0xff, 0xff, 0x00, 0xff, 0xff, 0xff, 0x00, 0xff, 0xff,
0xff, 0x00, 0xff, 0xff, 0xff, 0x00, 0xff, 0xff, 0xff, 0x00, 0xff, 0xff, 0xff, 0x00, 0xff,
0xff, 0xff, 0x00, 0xff, 0xff, 0xff, 0x00, 0xff, 0xff, 0xff, 0x00, 0xff, 0xff, 0xff, 0x00,
0xff, 0xff, 0xff, 0x00, 0xff, 0xff, 0xff, 0x00, 0xff, 0xff, 0xff, 0x00, 0xff, 0xff, 0xff,
0x00, 0xff, 0xff, 0xff, 0x00, 0xff, 0xff, 0xff, 0x00, 0xff, 0xff, 0xff, 0x00, 0xff, 0xff,
0xff, 0x00, 0xff, 0xff, 0xff, 0x00, 0xff, 0xff, 0xff, 0x00, 0xff, 0xff, 0xff, 0x00, 0xff,
0xff, 0xff, 0x00, 0xff, 0xff, 0xff, 0x00, 0xff, 0xff, 0xff, 0x00, 0xff, 0xff, 0xff, 0x00,
0xff, 0xff, 0xff, 0x00, 0xff, 0xff, 0xff, 0x00, 0xff, 0xff, 0xff, 0x00, 0xff, 0xff, 0xff,
0x00, 0xff, 0xff, 0xff, 0x00, 0xff, 0xff, 0xff, 0x00, 0xff, 0xff, 0xff, 0x00, 0xff, 0xff,
0xff, 0x00, 0xff, 0xff, 0xff, 0x00, 0xff, 0xff, 0xff, 0x00, 0xff, 0xff, 0xff, 0x00, 0xff,
0xff, 0xff, 0x00, 0xff, 0xff, 0xff, 0x00, 0xff, 0xff, 0xff, 0x00, 0xff, 0xff, 0xff, 0x00,
0xff, 0xff, 0xff, 0x00, 0xff, 0xff, 0xff, 0x00, 0xff, 0xff, 0xff, 0x00, 0xff, 0xff, 0xff,
0x00, 0xff, 0xff, 0xff, 0x00, 0xff, 0xff, 0xff, 0x00, 0xff, 0xff, 0xff, 0x00, 0xff, 0xff,
0xff, 0x00, 0xff, 0xff, 0xff, 0x00, 0xff, 0xff, 0xff, 0x00, 0xff, 0xff, 0xff, 0x00, 0xff,
0xff, 0xff, 0x00, 0xff, 0xff, 0xff, 0x00, 0xff, 0xff, 0xff, 0x00, 0xff, 0xff, 0xff, 0x00,
0xff, 0xff, 0xff, 0x00, 0xff, 0xff, 0xff, 0x00, 0xff, 0xff, 0xff, 0x00, 0xff, 0xff, 0xff,
0x00, 0xff, 0xff, 0xff, 0x00, 0xff, 0xff, 0xff, 0x00, 0xff, 0xff, 0xff, 0x00, 0xff, 0xff,
0xff, 0x00, 0xff, 0xff, 0xff, 0x00, 0xff, 0xff, 0xff, 0x00, 0xff, 0xff, 0xff, 0x00, 0xff,
0xff, 0xff, 0x00, 0xff, 0xff, 0xff, 0x00, 0xff, 0xff, 0xff, 0x00, 0xff, 0xff, 0xff, 0x00,
0xff, 0xff, 0xff, 0x00, 0xff, 0xff, 0xff, 0x00, 0xff, 0xff, 0xff, 0x00, 0xff, 0xff, 0xff,
0x00, 0xff, 0xff, 0xff, 0x00, 0xff, 0xff, 0xff, 0x00, 0xff, 0xff, 0xff, 0x00, 0xff, 0xff,
0xff, 0x00, 0xff, 0xff, 0xff, 0x00, 0xff, 0xff, 0xff, 0x00, 0xff, 0xff, 0xff, 0x00, 0xff,
0xff, 0xff, 0x00, 0xff, 0xff, 0xff, 0x00, 0xff, 0xff, 0xff, 0x00, 0xff, 0xff, 0xff, 0x00,
0xff, 0xff, 0xff, 0x00, 0xff, 0xff, 0xff, 0x00, 0xff, 0xff, 0xff, 0x00, 0xff, 0xff, 0xff,
0x00, 0xff, 0xff, 0xff, 0x00, 0xff, 0xff, 0xff, 0x00, 0xff, 0xff, 0xff, 0x00, 0xff, 0xff,
0xff, 0x00, 0xff, 0xff, 0xff, 0x00, 0xff, 0xff, 0xff, 0x00, 0xff, 0xff, 0xff, 0x00, 0xff,
0xff, 0xff, 0x00, 0xff, 0xff, 0xff, 0x00, 0xff, 0xff, 0xff, 0x00, 0xff, 0xff, 0xff, 0x00,
0xff, 0xff, 0xff, 0x00, 0xff, 0xff, 0xff, 0x00, 0xff, 0xff, 0xff, 0x00, 0xff, 0xff, 0xff,
0x00, 0xff, 0xff, 0xff, 0x00, 0xff, 0xff, 0xff, 0x00, 0xff, 0xff, 0xff, 0x00, 0xff, 0xff,
0xff, 0x00, 0xff, 0xff, 0xff, 0x00, 0xff, 0xff, 0xff, 0x00, 0xff, 0xff, 0xff, 0x00, 0xff,
0xff, 0xff, 0x00, 0xff, 0xff, 0xff, 0x00, 0xff, 0xff, 0xff, 0x00, 0xff, 0xff, 0xff, 0x00,
0xff, 0xff, 0xff, 0x00, 0xff, 0xff, 0xff, 0x00, 0xff, 0xff, 0xff, 0x00, 0xff, 0xff, 0xff,
0x00, 0xff, 0xff, 0xff, 0x00, 0xff, 0xff, 0xff, 0x00, 0xff, 0xff, 0xff, 0x00, 0xff, 0xff,
0xff, 0x00, 0xff, 0xff, 0xff, 0x00, 0xff, 0xff, 0xff, 0x00, 0xff, 0xff, 0xff, 0x00, 0xff,
0xff, 0xff, 0x00, 0xff, 0xff, 0xff, 0x00, 0xff, 0xff, 0xff, 0x00, 0xff, 0xff, 0xff, 0x00,
0xff, 0xff, 0xff, 0x00, 0xff, 0xff, 0xff, 0x00, 0xff, 0xff, 0xff, 0x00, 0xff, 0xff, 0xff,
0x00, 0xff, 0xff, 0xff, 0x00, 0xff, 0xff, 0xff, 0x00, 0xff, 0xff, 0xff, 0x00, 0xff, 0xff,
0xff, 0x00, 0xff, 0xff, 0xff, 0x00, 0xff, 0xff, 0xff, 0x00, 0xff, 0xff, 0xff, 0x00, 0xff,
0xff, 0xff, 0x00, 0xff, 0xff, 0xff, 0x00, 0xff, 0xff, 0xff, 0x00, 0xff, 0xff, 0xff, 0x00,
0xff, 0xff, 0xff, 0x00, 0xff, 0xff, 0xff, 0x00, 0xff, 0xff, 0xff, 0x00, 0xff, 0xff, 0xff,
0x00, 0xff, 0xff, 0xff, 0x00, 0xff, 0xff, 0xff, 0x00, 0xff, 0xff, 0xff, 0x00, 0xff, 0xff,
0xff, 0x00, 0xff, 0xff, 0xff, 0x00, 0xff, 0xff, 0xff, 0x00, 0xff, 0xff, 0xff, 0x00, 0xff,
0xff, 0xff, 0x00, 0xff, 0xff, 0xff, 0x00, 0xff, 0xff, 0xff, 0x00, 0xff, 0xff, 0xff, 0x00,
0xff, 0xff, 0xff, 0x00, 0xff, 0xff, 0xff, 0x00, 0xff, 0xff, 0xff, 0x00, 0xff, 0xff, 0xff,
0x00, 0xff, 0xff, 0xff, 0x00, 0xff, 0xff, 0xff, 0x00, 0xff, 0xff, 0xff, 0x00, 0xff, 0xff,
0xff, 0x00, 0xff, 0xff, 0xff, 0x00, 0xff, 0xff, 0xff, 0x00, 0xff, 0xff, 0xff, 0x00, 0xff,
0xff, 0xff, 0x00, 0xff, 0xff, 0xff, 0x00, 0xff, 0xff, 0xff, 0x00, 0xff, 0xff, 0xff, 0x00,
0xff, 0xff, 0xff, 0x00, 0xff, 0xff, 0xff, 0x00, 0xff, 0xff, 0xff, 0x00, 0xff, 0xff, 0xff,
0x00, 0xff, 0xff, 0xff, 0x00, 0xff, 0xff, 0xff, 0x00, 0xff, 0xff, 0xff, 0x00, 0xff, 0xff,
0xff, 0x00, 0xff, 0xff, 0xff, 0x00, 0xff, 0xff, 0xff, 0x00, 0xff, 0xff, 0xff, 0x00, 0xff,
0xff, 0xff, 0x00, 0xff, 0xff, 0xff, 0x00, 0xff, 0xff, 0xff, 0x00, 0xff, 0xff, 0xff, 0x00,
0xff, 0xff, 0xff, 0x00, 0xff, 0xff, 0xff, 0x00, 0xff, 0xff, 0xff, 0x00, 0xff, 0xff, 0xff,
0x00, 0xff, 0xff, 0xff, 0x00, 0xff, 0xff, 0xff, 0x00, 0xff, 0xff, 0xff, 0x00, 0xff, 0xff,
0xff, 0x00, 0xff, 0xff, 0xff, 0x00, 0xff, 0xff, 0xff, 0x00, 0xff, 0xff, 0xff, 0x00, 0xff,
0xff, 0xff, 0x00, 0xff, 0xff, 0xff, 0x00, 0xff, 0xff, 0xff, 0x00, 0xff, 0xff, 0xff, 0x00,
0xff, 0xff, 0xff, 0x00, 0xff, 0xff, 0xff, 0x00, 0xff, 0xff, 0xff, 0x00, 0xff, 0xff, 0xff,
0x00, 0xff, 0xff, 0xff, 0x00, 0xff, 0xff, 0xff, 0x00, 0xff, 0xff, 0xff, 0x00, 0xff, 0xff,
0xff, 0x00, 0xff, 0xff, 0xff, 0x00, 0xff, 0xff, 0xff, 0x00, 0xff, 0xff, 0xff, 0x00, 0xff,
0xff, 0xff, 0x00, 0xff, 0xff, 0xff, 0x00, 0xff, 0xff, 0xff, 0x00, 0xff, 0xff, 0xff, 0x00,
0xff, 0xff, 0xff, 0x00, 0xff, 0xff, 0xff, 0x00, 0xff, 0xff, 0xff, 0x00, 0xff, 0xff, 0xff,
0x00, 0xff, 0xff, 0xff, 0x00, 0xff, 0xff, 0xff, 0x00, 0xff, 0xff, 0xff, 0x00, 0xff, 0xff,
0xff, 0x00, 0xff, 0xff, 0xff, 0x00, 0xff, 0xff, 0xff, 0x00, 0xff, 0xff, 0xff, 0x00, 0xff,
0xff, 0xff, 0x00, 0xff, 0xff, 0xff, 0x00, 0xff, 0xff, 0xff, 0x00, 0xff, 0xff, 0xff, 0x00,
0xff, 0xff, 0xff, 0x00, 0xff, 0xff, 0xff, 0x00, 0xff, 0xff, 0xff, 0x00, 0xff, 0xff, 0xff,
0x00, 0xff, 0xff, 0xff, 0x00, 0xff, 0xff, 0xff, 0x00, 0xff, 0xff, 0xff, 0x00, 0xff, 0xff,
0xff, 0x00, 0xff, 0xff, 0xff, 0x00, 0xff, 0xff, 0xff, 0x00, 0xff, 0xff, 0xff, 0x00, 0xff,
0xff, 0xff, 0x00, 0xff, 0xff, 0xff, 0x00, 0xff, 0xff, 0xff, 0x00, 0xff, 0xff, 0xff, 0x00,
0xff, 0xff, 0xff, 0x00, 0xff, 0xff, 0xff, 0x00, 0xff, 0xff, 0xff, 0x00, 0xff, 0xff, 0xff,
0x00, 0xff, 0xff, 0xff, 0x00, 0xff, 0xff, 0xff, 0x00, 0xff, 0xff, 0xff, 0x00, 0xff, 0xff,
0xff, 0x00, 0xff, 0xff, 0xff, 0x00, 0xff, 0xff, 0xff, 0x00, 0xff, 0xff, 0xff, 0x00, 0xff,
0xff, 0xff, 0x00, 0xff, 0xff, 0xff, 0x00, 0xff, 0xff, 0xff, 0x00, 0xff, 0xff, 0xff, 0x00,
0xff, 0xff, 0xff, 0x00, 0xff, 0xff, 0xff, 0x00, 0xff, 0xff, 0xff, 0x00, 0xff, 0xff, 0xff,
0x00, 0xff, 0xff, 0xff, 0x00, 0xff, 0xff, 0xff, 0x00, 0xff, 0xff, 0xff, 0x00, 0xff, 0xff,
0xff, 0x00, 0xff, 0xff, 0xff, 0x00, 0xff, 0xff, 0xff, 0x00, 0xff, 0xff, 0xff, 0x00, 0xff,
0xff, 0xff, 0x00, 0xff, 0xff, 0xff, 0x00, 0xff, 0xff, 0xff, 0x00, 0xff, 0xff, 0xff, 0x00,
0xff, 0xff, 0xff, 0x00, 0xff, 0xff, 0xff, 0x00, 0xff, 0xff, 0xff, 0x00, 0xff, 0xff, 0xff,
0x00, 0xff, 0xff, 0xff, 0x00, 0xff, 0xff, 0xff, 0x00, 0xff, 0xff, 0xff, 0x00, 0xff, 0xff,
0xff, 0x00, 0xff, 0xff, 0xff, 0x00, 0xff, 0xff, 0xff, 0x00, 0xff, 0xff, 0xff, 0x00, 0xff,
0xff, 0xff, 0x00, 0xff, 0xff, 0xff, 0x00, 0xff, 0xff, 0xff, 0x00, 0xff, 0xff, 0xff, 0x00,
0xff, 0xff, 0xff, 0x00, 0xff, 0xff, 0xff, 0x00, 0xff, 0xff, 0xff, 0x00, 0xff, 0xff, 0xff,
0x00, 0xff, 0xff, 0xff, 0x00, 0xff, 0xff, 0xff, 0x00, 0xff, 0xff, 0xff, 0x00, 0xff, 0xff,
0xff, 0x00, 0xff, 0xff, 0xff, 0x00, 0xff, 0xff, 0xff, 0x00, 0xff, 0xff, 0xff, 0x00, 0xff,
0xff, 0xff, 0x00, 0xff, 0xff, 0xff, 0x00, 0xff, 0xff, 0xff, 0x00, 0xff, 0xff, 0xff, 0x00,
0xff, 0xff, 0xff, 0x00, 0xff, 0xff, 0xff, 0x00, 0xff, 0xff, 0xff, 0x00, 0xff, 0xff, 0xff,
0x00, 0xff, 0xff, 0xff, 0x00, 0xff, 0xff, 0xff, 0x00, 0xff, 0xff, 0xff, 0x00, 0xff, 0xff,
0xff, 0x00, 0xff, 0xff, 0xff, 0x00, 0xff, 0xff, 0xff, 0x00, 0xff, 0xff, 0xff, 0x00, 0xff,
0xff, 0xff, 0x00, 0xff, 0xff, 0xff, 0x00, 0xff, 0xff, 0xff, 0x00, 0xff, 0xff, 0xff, 0x00,
0xff, 0xff, 0xff, 0x00, 0xff, 0xff, 0xff, 0x00, 0xff, 0xff, 0xff, 0x00, 0xff, 0xff, 0xff,
0x00, 0xff, 0xff, 0xff, 0x00, 0xff, 0xff, 0xff, 0x00, 0xff, 0xff, 0xff, 0x00, 0xff, 0xff,
0xff, 0x00, 0xff, 0xff, 0xff, 0x00, 0xff, 0xff, 0xff, 0x00, 0xff, 0xff, 0xff, 0x00, 0xff,
0xff, 0xff, 0x00, 0xff, 0xff, 0xff, 0x00, 0xff, 0xff, 0xff, 0x00, 0xff, 0xff, 0xff, 0x00,
0xff, 0xff, 0xff, 0x00, 0xff, 0xff, 0xff, 0x00, 0xff, 0xff, 0xff, 0x00, 0xff, 0xff, 0xff,
0x00, 0xff, 0xff, 0xff, 0x00, 0xff, 0xff, 0xff, 0x00, 0xff, 0xff, 0xff, 0x00, 0xff, 0xff,
0xff, 0x00, 0xff, 0xff, 0xff, 0x00, 0xff, 0xff, 0xff, 0x00, 0xff, 0xff, 0xff, 0x00, 0xff,
0xff, 0xff, 0x00, 0xff, 0xff, 0xff, 0x00, 0xff, 0xff, 0xff, 0x00, 0xff, 0xff, 0xff, 0x00,
0xff, 0xff, 0xff, 0x00, 0xff, 0xff, 0xff, 0x00, 0xff, 0xff, 0xff, 0x00, 0xff, 0xff, 0xff,
0x00, 0xff, 0xff, 0xff, 0x00, 0xff, 0xff, 0xff, 0x00, 0xff, 0xff, 0xff, 0x00, 0xff, 0xff,
0xff, 0x00, 0xff, 0xff, 0xff, 0x00, 0xff, 0xff, 0xff, 0x00, 0xff, 0xff, 0xff, 0x00, 0xff,
0xff, 0xff, 0x00, 0xff, 0xff, 0xff, 0x00, 0xff, 0xff, 0xff, 0x00, 0xff, 0xff, 0xff, 0x00,
0xff, 0xff, 0xff, 0x00, 0xff, 0xff, 0xff, 0x00, 0xff, 0xff, 0xff, 0x00, 0xff, 0xff, 0xff,
0x00, 0xff, 0xff, 0xff, 0x00, 0xff, 0xff, 0xff, 0x00, 0xff, 0xff, 0xff, 0x00, 0xff, 0xff,
0xff, 0x00, 0xff, 0xff, 0xff, 0x00, 0xff, 0xff, 0xff, 0x00, 0xff, 0xff, 0xff, 0x00, 0xff,
0xff, 0xff, 0x00, 0xff, 0xff, 0xff, 0x00, 0xff, 0xff, 0xff, 0x00, 0xff, 0xff, 0xff, 0x00,
0xff, 0xff, 0xff, 0x00, 0xff, 0xff, 0xff, 0x00, 0xff, 0xff, 0xff, 0x00, 0xff, 0xff, 0xff,
0x00, 0xff, 0xff, 0xff, 0x00, 0xff, 0xff, 0xff, 0x00, 0xff, 0xff, 0xff, 0x00, 0xff, 0xff,
0xff, 0x00, 0xff, 0xff, 0xff, 0x00, 0xff, 0xff, 0xff, 0x00, 0xff, 0xff, 0xff, 0x00, 0xff,
0xff, 0xff, 0x00, 0xff, 0xff, 0xff, 0x00, 0xff, 0xff, 0xff, 0x00, 0xff, 0xff, 0xff, 0x00,
0xff, 0xff, 0xff, 0x00, 0xff, 0xff, 0xff, 0x00, 0xff, 0xff, 0xff, 0x00, 0xff, 0xff, 0xff,
0x00, 0xff, 0xff, 0xff, 0x00, 0xff, 0xff, 0xff, 0x00, 0xff, 0xff, 0xff, 0x00, 0xff, 0xff,
0xff, 0x00, 0xff, 0xff, 0xff, 0x00, 0xff, 0xff, 0xff, 0x00, 0xff, 0xff, 0xff, 0x00, 0xff,
0xff, 0xff, 0x00, 0xff, 0xff, 0xff, 0x00, 0xff, 0xff, 0xff, 0x00, 0xff, 0xff, 0xff, 0x00,
0xff, 0xff, 0xff, 0x00, 0xff, 0xff, 0xff, 0x00, 0xff, 0xff, 0xff, 0x00, 0xff, 0xff, 0xff,
0x00, 0xff, 0xff, 0xff, 0x00, 0xff, 0xff, 0xff, 0x00, 0xff, 0xff, 0xff, 0x00, 0xff, 0xff,
0xff, 0x00, 0xff, 0xff, 0xff, 0x00, 0xff, 0xff, 0xff, 0x00, 0xff, 0xff, 0xff, 0x00, 0xff,
0xff, 0xff, 0x00, 0xff, 0xff, 0xff, 0x00, 0xff, 0xff, 0xff, 0x00, 0xff, 0xff, 0xff, 0x00,
0xff, 0xff, 0xff, 0x00, 0xff, 0xff, 0xff, 0x00, 0xff, 0xff, 0xff, 0x00, 0xff, 0xff, 0xff,
0x00, 0xff, 0xff, 0xff, 0x00, 0xff, 0xff, 0xff, 0x00, 0xff, 0xff, 0xff, 0x00, 0xff, 0xff,
0xff, 0x00, 0xff, 0xff, 0xff, 0x00, 0xff, 0xff, 0xff, 0x00, 0xff, 0xff, 0xff, 0x00, 0xff,
0xff, 0xff, 0x00, 0xff, 0xff, 0xff, 0x00, 0xff, 0xff, 0xff, 0x00, 0xff, 0xff, 0xff, 0x00,
0xff, 0xff, 0xff, 0x00, 0xff, 0xff, 0xff, 0x00, 0xff, 0xff, 0xff, 0x00, 0xff, 0xff, 0xff,
0x00, 0xff, 0xff, 0xff, 0x00, 0xff, 0xff, 0xff, 0x00, 0xff, 0xff, 0xff, 0x00, 0xff, 0xff,
0xff, 0x00, 0xff, 0xff, 0xff, 0x00, 0xff, 0xff, 0xff, 0x00, 0xff, 0xff, 0xff, 0x00, 0xff,
0xff, 0xff, 0x00, 0xff, 0xff, 0xff, 0x00, 0xff, 0xff, 0xff, 0x00, 0xff, 0xff, 0xff, 0x00,
0xff, 0xff, 0xff, 0x00, 0xff, 0xff, 0xff, 0x00, 0xff, 0xff, 0xff, 0x00, 0xff, 0xff, 0xff,
0x00, 0xff, 0xff, 0xff, 0x00, 0xff, 0xff, 0xff, 0x00, 0xff, 0xff, 0xff, 0x00, 0xff, 0xff,
0xff, 0x00, 0xff, 0xff, 0xff, 0x00, 0xff, 0xff, 0xff, 0x00, 0xff, 0xff, 0xff, 0x00, 0xff,
0xff, 0xff, 0x00, 0xff, 0xff, 0xff, 0x00, 0xff, 0xff, 0xff, 0x00, 0xff, 0xff, 0xff, 0x00,
0xff, 0xff, 0xff, 0x00, 0xff, 0xff, 0xff, 0x00, 0xff, 0xff, 0xff, 0x00, 0xff, 0xff, 0xff,
0x00, 0xff, 0xff, 0xff, 0x00, 0xff, 0xff, 0xff, 0x00, 0xff, 0xff, 0xff, 0x00, 0xff, 0xff,
0xff, 0x00, 0xff, 0xff, 0xff, 0x00, 0xff, 0xff, 0xff, 0x00, 0xff, 0xff, 0xff, 0x00, 0xff,
0xff, 0xff, 0x00, 0xff, 0xff, 0xff, 0x00, 0xff, 0xff, 0xff, 0x00, 0xff, 0xff, 0xff, 0x00,
0xff, 0xff, 0xff, 0x00, 0xff, 0xff, 0xff, 0x00, 0xff, 0xff, 0xff, 0x00, 0xff, 0xff, 0xff,
0x00, 0xff, 0xff, 0xff, 0x00, 0xff, 0xff, 0xff, 0x00, 0xff, 0xff, 0xff, 0x00, 0xff, 0xff,
0xff, 0x00, 0xff, 0xff, 0xff, 0x00, 0xff, 0xff, 0xff, 0x00, 0xff, 0xff, 0xff, 0x00, 0xff,
0xff, 0xff, 0x00, 0xff, 0xff, 0xff, 0x00, 0xff, 0xff, 0xff, 0x00, 0xff, 0xff, 0xff, 0x00,
0xff, 0xff, 0xff, 0x00, 0xff, 0xff, 0xff, 0x00, 0xff, 0xff, 0xff, 0x00, 0xff, 0xff, 0xff,
0x00, 0xff, 0xff, 0xff, 0x00, 0xff, 0xff, 0xff, 0x00, 0xff, 0xff, 0xff, 0x00, 0xff, 0xff,
0xff, 0x00, 0xff, 0xff, 0xff, 0x00, 0xff, 0xff, 0xff, 0x00, 0xff, 0xff, 0xff, 0x00, 0xff,
0xff, 0xff, 0x00, 0xff, 0xff, 0xff, 0x00, 0xff, 0xff, 0xff, 0x00, 0xff, 0xff, 0xff, 0x00,
0xff, 0xff, 0xff, 0x00, 0xff, 0xff, 0xff, 0x00, 0xff, 0xff, 0xff, 0x00, 0xff, 0xff, 0xff,
0x00, 0xff, 0xff, 0xff, 0x00, 0xff, 0xff, 0xff, 0x00, 0xff, 0xff, 0xff, 0x00, 0xff, 0xff,
0xff, 0x00, 0xff, 0xff, 0xff, 0x00, 0xff, 0xff, 0xff, 0x00, 0xff, 0xff, 0xff, 0x00, 0xff,
0xff, 0xff, 0x00, 0xff, 0xff, 0xff, 0x00, 0xff, 0xff, 0xff, 0x00, 0xff, 0xff, 0xff, 0x00,
0xff, 0xff, 0xff, 0x00, 0xff, 0xff, 0xff, 0x00, 0xff, 0xff, 0xff, 0x00, 0xff, 0xff, 0xff,
0x00, 0xff, 0xff, 0xff, 0x00, 0xff, 0xff, 0xff, 0x00, 0xff, 0xff, 0xff, 0x00, 0xff, 0xff,
0xff, 0x00, 0xff, 0xff, 0xff, 0x00, 0xff, 0xff, 0xff, 0x00, 0xff, 0xff, 0xff, 0x00, 0xff,
0xff, 0xff, 0x00, 0xff, 0xff, 0xff, 0x00, 0xff, 0xff, 0xff, 0x00, 0xff, 0xff, 0xff, 0x00,
0xff, 0xff, 0xff, 0x00, 0xff, 0xff, 0xff, 0x00, 0xff, 0xff, 0xff, 0x00, 0xff, 0xff, 0xff,
0x00, 0xff, 0xff, 0xff, 0x00, 0xff, 0xff, 0xff, 0x00, 0xff, 0xff, 0xff, 0x00, 0xff, 0xff,
0xff, 0x00, 0xff, 0xff, 0xff, 0x00, 0xff, 0xff, 0xff, 0x00, 0xff, 0xff, 0xff, 0x00, 0xff,
0xff, 0xff, 0x00, 0xff, 0xff, 0xff, 0x00, 0xff, 0xff, 0xff, 0x00, 0xff, 0xff, 0xff, 0x00,
0xff, 0xff, 0xff, 0x00, 0xff, 0xff, 0xff, 0x00, 0xff, 0xff, 0xff, 0x00, 0xff, 0xff, 0xff,
0x00, 0xff, 0xff, 0xff, 0x00, 0xff, 0xff, 0xff, 0x00, 0xff, 0xff, 0xff, 0x00, 0xff, 0xff,
0xff, 0x00, 0xff, 0xff, 0xff, 0x00, 0xff, 0xff, 0xff, 0x00, 0xff, 0xff, 0xff, 0x00, 0xff,
0xff, 0xff, 0x00, 0xff, 0xff, 0xff, 0x00, 0xff, 0xff, 0xff, 0x00, 0xff, 0xff, 0xff, 0x00,
0xff, 0xff, 0xff, 0x00, 0xff, 0xff, 0xff, 0x00, 0xff, 0xff, 0xff, 0x00, 0xff, 0xff, 0xff,
0x00, 0xff, 0xff, 0xff, 0x00, 0xff, 0xff, 0xff, 0x00, 0xff, 0xff, 0xff, 0x00, 0xff, 0xff,
0xff, 0x00, 0xff, 0xff, 0xff, 0x00, 0xff, 0xff, 0xff, 0x00, 0xff, 0xff, 0xff, 0x00, 0xff,
0xff, 0xff, 0x00, 0xff, 0xff, 0xff, 0x00, 0xff, 0xff, 0xff, 0x00, 0xff, 0xff, 0xff, 0x00,
0xff, 0xff, 0xff, 0x00, 0xff, 0xff, 0xff, 0x00, 0xff, 0xff, 0xff, 0x00, 0xff, 0xff, 0xff,
0x00, 0xff, 0xff, 0xff, 0x00, 0xff, 0xff, 0xff, 0x00, 0xff, 0xff, 0xff, 0x00, 0xff, 0xff,
0xff, 0x00, 0xff, 0xff, 0xff, 0x00, 0xff, 0xff, 0xff, 0x00, 0xff, 0xff, 0xff, 0x00, 0xff,
0xff, 0xff, 0x00, 0xff, 0xff, 0xff, 0x00, 0xff, 0xff, 0xff, 0x00, 0xff, 0xff, 0xff, 0x00,
0xff, 0xff, 0xff, 0x00, 0xff, 0xff, 0xff, 0x00, 0xff, 0xff, 0xff, 0x00, 0xff, 0xff, 0xff,
0x00, 0xff, 0xff, 0xff, 0x00, 0xff, 0xff, 0xff, 0x00, 0xff, 0xff, 0xff, 0x00, 0xff, 0xff,
0xff, 0x00, 0xff, 0xff, 0xff, 0x00, 0xff, 0xff, 0xff, 0x00, 0xff, 0xff, 0xff, 0x00, 0xff,
0xff, 0xff, 0x00, 0xff, 0xff, 0xff, 0x00, 0xff, 0xff, 0xff, 0x00, 0xff, 0xff, 0xff, 0x00,
0xff, 0xff, 0xff, 0x00, 0xff, 0xff, 0xff, 0x00, 0xff, 0xff, 0xff, 0x00, 0xff, 0xff, 0xff,
0x00, 0xff, 0xff, 0xff, 0x00, 0xff, 0xff, 0xff, 0x00, 0xff, 0xff, 0xff, 0x00, 0xff, 0xff,
0xff, 0x00, 0xff, 0xff, 0xff, 0x00, 0xff, 0xff, 0xff, 0x00, 0xff, 0xff, 0xff, 0x00, 0xff,
0xff, 0xff, 0x00, 0xff, 0xff, 0xff, 0x00, 0xff, 0xff, 0xff, 0x00, 0xff, 0xff, 0xff, 0x00,
0xff, 0xff, 0xff, 0x00, 0xff, 0xff, 0xff, 0x00, 0xff, 0xff, 0xff, 0x00, 0xff, 0xff, 0xff,
0x00, 0xff, 0xff, 0xff, 0x00, 0xff, 0xff, 0xff, 0x00, 0xff, 0xff, 0xff, 0x00, 0xff, 0xff,
0xff, 0x00, 0xff, 0xff, 0xff, 0x00, 0xff, 0xff, 0xff, 0x00, 0xff, 0xff, 0xff, 0x00, 0xff,
0xff, 0xff, 0x00, 0xff, 0xff, 0xff, 0x00, 0xff, 0xff, 0xff, 0x00, 0xff, 0xff, 0xff, 0x00,
0xff, 0xff, 0xff, 0x00, 0xff, 0xff, 0xff, 0x00, 0xff, 0xff, 0xff, 0x00, 0xff, 0xff, 0xff,
0x00, 0xff, 0xff, 0xff, 0x00, 0xff, 0xff, 0xff, 0x00, 0xff, 0xff, 0xff, 0x00, 0xff, 0xff,
0xff, 0x00, 0xff, 0xff, 0xff, 0x00, 0xff, 0xff, 0xff, 0x00, 0xff, 0xff, 0xff, 0x00, 0xff,
0xff, 0xff, 0x00, 0xff, 0xff, 0xff, 0x00, 0xff, 0xff, 0xff, 0x00, 0xff, 0xff, 0xff, 0x00,
0xff, 0xff, 0xff, 0x00, 0xff, 0xff, 0xff, 0x00, 0xff, 0xff, 0xff, 0x00, 0xff, 0xff, 0xff,
0x00, 0xff, 0xff, 0xff, 0x00, 0xff, 0xff, 0xff, 0x00, 0xff, 0xff, 0xff, 0x00, 0xff, 0xff,
0xff, 0x00, 0xff, 0xff, 0xff, 0x00, 0xff, 0xff, 0xff, 0x00, 0xff, 0xff, 0xff, 0x00, 0xff,
0xff, 0xff, 0x00, 0xff, 0xff, 0xff, 0x00, 0xff, 0xff, 0xff, 0x00, 0xff, 0xff, 0xff, 0x00,
0xff, 0xff, 0xff, 0x00, 0xff, 0xff, 0xff, 0x00, 0xff, 0xff, 0xff, 0x00, 0xff, 0xff, 0xff,
0x00, 0xff, 0xff, 0xff, 0x00, 0xff, 0xff, 0xff, 0x00, 0xff, 0xff, 0xff, 0x00, 0xff, 0xff,
0xff, 0x00, 0xff, 0xff, 0xff, 0x00, 0xff, 0xff, 0xff, 0x00, 0xff, 0xff, 0xff, 0x00, 0xff,
0xff, 0xff, 0x00, 0xff, 0xff, 0xff, 0x00, 0xff, 0xff, 0xff, 0x00, 0xff, 0xff, 0xff, 0x00,
0xff, 0xff, 0xff, 0x00, 0xff, 0xff, 0xff, 0x00, 0xff, 0xff, 0xff, 0x00, 0xff, 0xff, 0xff,
0x00, 0xff, 0xff, 0xff, 0x00, 0xff, 0xff, 0xff, 0x00, 0xff, 0xff, 0xff, 0x00, 0xff, 0xff,
0xff, 0x00, 0xff, 0xff, 0xff, 0x00, 0xff, 0xff, 0xff, 0x00, 0xff, 0xff, 0xff, 0x00, 0xff,
0xff, 0xff, 0x00, 0xff, 0xff, 0xff, 0x00, 0xff, 0xff, 0xff, 0x00, 0xff, 0xff, 0xff, 0x00,
0xff, 0xff, 0xff, 0x00, 0xff, 0xff, 0xff, 0x00, 0xff, 0xff, 0xff, 0x00, 0xff, 0xff, 0xff,
0x00, 0xff, 0xff, 0xff, 0x00, 0xff, 0xff, 0xff, 0x00, 0xff, 0xff, 0xff, 0x00, 0xff, 0xff,
0xff, 0x00, 0xff, 0xff, 0xff, 0x00, 0xff, 0xff, 0xff, 0x00, 0xff, 0xff, 0xff, 0x00, 0xff,
0xff, 0xff, 0x00, 0xff, 0xff, 0xff, 0x00, 0xff, 0xff, 0xff, 0x00, 0xff, 0xff, 0xff, 0x00,
0xff, 0xff, 0xff, 0x00, 0xff, 0xff, 0xff, 0x00, 0xff, 0xff, 0xff, 0x00, 0xff, 0xff, 0xff,
0x00, 0xff, 0xff, 0xff, 0x00, 0xff, 0xff, 0xff, 0x00, 0xff, 0xff, 0xff, 0x00, 0xff, 0xff,
0xff, 0x00, 0xff, 0xff, 0xff, 0x00, 0xff, 0xff, 0xff, 0x00, 0xff, 0xff, 0xff, 0x00, 0xff,
0xff, 0xff, 0x00, 0xff, 0xff, 0xff, 0x00, 0xff, 0xff, 0xff, 0x00, 0xff, 0xff, 0xff, 0x00,
0xff, 0xff, 0xff, 0x00, 0xff, 0xff, 0xff, 0x00, 0xff, 0xff, 0xff, 0x00, 0xff, 0xff, 0xff,
0x00, 0xff, 0xff, 0xff, 0x00, 0xff, 0xff, 0xff, 0x00, 0xff, 0xff, 0xff, 0x00, 0xff, 0xff,
0xff, 0x00, 0xff, 0xff, 0xff, 0x00, 0xff, 0xff, 0xff, 0x00, 0xff, 0xff, 0xff, 0x00, 0xff,
0xff, 0xff, 0x00, 0xff, 0xff, 0xff, 0x00, 0xff, 0xff, 0xff, 0x00, 0xff, 0xff, 0xff, 0x00,
0xff, 0xff, 0xff, 0x00, 0xff, 0xff, 0xff, 0x00, 0xff, 0xff, 0xff, 0x00, 0xff, 0xff, 0xff,
0x00, 0xff, 0xff, 0xff, 0x00, 0xff, 0xff, 0xff, 0x00, 0xff, 0xff, 0xff, 0x00, 0xff, 0xff,
0xff, 0x00, 0xff, 0xff, 0xff, 0x00, 0xff, 0xff, 0xff, 0x00, 0xff, 0xff, 0xff, 0x00, 0xff,
0xff, 0xff, 0x00, 0xff, 0xff, 0xff, 0x00, 0xff, 0xff, 0xff, 0x00, 0xff, 0xff, 0xff, 0x00,
0xff, 0xff, 0xff, 0x00, 0xff, 0xff, 0xff, 0x00, 0xff, 0xff, 0xff, 0x00, 0xff, 0xff, 0xff,
0x00, 0xff, 0xff, 0xff, 0x00, 0xff, 0xff, 0xff, 0x00, 0xff, 0xff, 0xff, 0x00, 0xff, 0xff,
0xff, 0x00, 0xff, 0xff, 0xff, 0x00, 0xff, 0xff, 0xff, 0x00, 0xff, 0xff, 0xff, 0x00, 0xff,
0xff, 0xff, 0x00, 0xff, 0xff, 0xff, 0x00, 0xff, 0xff, 0xff, 0x00, 0xff, 0xff, 0xff, 0x00,
0xff, 0xff, 0xff, 0x00, 0xff, 0xff, 0xff, 0x00, 0xff, 0xff, 0xff, 0x00, 0xff, 0xff, 0xff,
0x00, 0xff, 0xff, 0xff, 0x00, 0xff, 0xff, 0xff, 0x00, 0xff, 0xff, 0xff, 0x00, 0xff, 0xff,
0xff, 0x00, 0xff, 0xff, 0xff, 0x00, 0xff, 0xff, 0xff, 0x00, 0xff, 0xff, 0xff, 0x00, 0xff,
0xff, 0xff, 0x00, 0xff, 0xff, 0xff, 0x00, 0xff, 0xff, 0xff, 0x00, 0xff, 0xff, 0xff, 0x00,
0xff, 0xff, 0xff, 0x00, 0xff, 0xff, 0xff, 0x00, 0xff, 0xff, 0xff, 0x00, 0xff, 0xff, 0xff,
0x00, 0xff, 0xff, 0xff, 0x00, 0xff, 0xff, 0xff, 0x00, 0xff, 0xff, 0xff, 0x00, 0xff, 0xff,
0xff, 0x00, 0xff, 0xff, 0xff, 0x00, 0xff, 0xff, 0xff, 0x00, 0xff, 0xff, 0xff, 0x00, 0xff,
0xff, 0xff, 0x00, 0xff, 0xff, 0xff, 0x00, 0xff, 0xff, 0xff, 0x00, 0xff, 0xff, 0xff, 0x00,
0xff, 0xff, 0xff, 0x00, 0xff, 0xff, 0xff, 0x00, 0xff, 0xff, 0xff, 0x00, 0xff, 0xff, 0xff,
0x00, 0xff, 0xff, 0xff, 0x00, 0xff, 0xff, 0xff, 0x00, 0xff, 0xff, 0xff, 0x00, 0xff, 0xff,
0xff, 0x00, 0xff, 0xff, 0xff, 0x00, 0xff, 0xff, 0xff, 0x00, 0xff, 0xff, 0xff, 0x00, 0xff,
0xff, 0xff, 0x00, 0xff, 0xff, 0xff, 0x00, 0xff, 0xff, 0xff, 0x00, 0xff, 0xff, 0xff, 0x00,
0xff, 0xff, 0xff, 0x00, 0xff, 0xff, 0xff, 0x00, 0xff, 0xff, 0xff, 0x00, 0xff, 0xff, 0xff,
0x00, 0xff, 0xff, 0xff, 0x00, 0xff, 0xff, 0xff, 0x00, 0xff, 0xff, 0xff, 0x00, 0xff, 0xff,
0xff, 0x00, 0xff, 0xff, 0xff, 0x00, 0xff, 0xff, 0xff, 0x00, 0xff, 0xff, 0xff, 0x00, 0xff,
0xff, 0xff, 0x00, 0xff, 0xff, 0xff, 0x00, 0xff, 0xff, 0xff, 0x00, 0xff, 0xff, 0xff, 0x00,
0xff, 0xff, 0xff, 0x00, 0xff, 0xff, 0xff, 0x00, 0xff, 0xff, 0xff, 0x00, 0xff, 0xff, 0xff,
0x00
};

const int b_18_argb8888_length = 65536;

#endif    // B_18_ARGB8888__
