//*****************************************************************************
//
//! @file buttom_argb8888.h
//
//*****************************************************************************

//*****************************************************************************
//
// ${copyright}
//
// This is part of revision ${version} of the AmbiqSuite Development Package.
//
//*****************************************************************************

#ifndef BUTTOM_ARGB8888__
#define BUTTOM_ARGB8888__


const unsigned char buttom_argb8888[] = {
0xff, 0xff, 0xff, 0x00, 0xff, 0xff, 0xff, 0x00, 0xff, 0xff, 0xff, 0x00, 0xff, 0xff, 0xff,
0x00, 0xff, 0xff, 0xff, 0x00, 0xff, 0xff, 0xff, 0x00, 0xff, 0xff, 0xff, 0x00, 0xff, 0xff,
0xff, 0x00, 0xff, 0xff, 0xff, 0x00, 0xff, 0xff, 0xff, 0x00, 0xff, 0xff, 0xff, 0x00, 0xff,
0xff, 0xff, 0x00, 0xff, 0xff, 0xff, 0x00, 0xff, 0xff, 0xff, 0x00, 0xff, 0xff, 0xff, 0x00,
0xff, 0xff, 0xff, 0x00, 0xff, 0xff, 0xff, 0x00, 0xff, 0xff, 0xff, 0x00, 0xff, 0xff, 0xff,
0x00, 0xff, 0xff, 0xff, 0x00, 0xff, 0xff, 0xff, 0x00, 0xff, 0xff, 0xff, 0x00, 0xff, 0xff,
0xff, 0x00, 0xff, 0xff, 0xff, 0x00, 0xff, 0xff, 0xff, 0x00, 0xff, 0xff, 0xff, 0x00, 0xff,
0xff, 0xff, 0x00, 0xff, 0xff, 0xff, 0x00, 0xff, 0xff, 0xff, 0x00, 0xff, 0xff, 0xff, 0x00,
0xff, 0xff, 0xff, 0x00, 0xff, 0xff, 0xff, 0x00, 0xff, 0xff, 0xff, 0x00, 0xff, 0xff, 0xff,
0x00, 0xff, 0xff, 0xff, 0x00, 0xff, 0xff, 0xff, 0x00, 0xff, 0xff, 0xff, 0x00, 0xff, 0xff,
0xff, 0x00, 0xff, 0xff, 0xff, 0x00, 0xff, 0xff, 0xff, 0x00, 0xff, 0xff, 0xff, 0x00, 0xff,
0xff, 0xff, 0x00, 0xff, 0xff, 0xff, 0x00, 0xff, 0xff, 0xff, 0x00, 0xff, 0xff, 0xff, 0x00,
0xff, 0xff, 0xff, 0x00, 0xff, 0xff, 0xff, 0x00, 0xff, 0xff, 0xff, 0x00, 0xff, 0xff, 0xff,
0x00, 0xff, 0xff, 0xff, 0x00, 0xff, 0xff, 0xff, 0x00, 0xff, 0xff, 0xff, 0x00, 0xff, 0xff,
0xff, 0x00, 0xff, 0xff, 0xff, 0x00, 0xff, 0xff, 0xff, 0x00, 0xff, 0xff, 0xff, 0x00, 0xff,
0xff, 0xff, 0x00, 0xff, 0xff, 0xff, 0x00, 0xff, 0xff, 0xff, 0x00, 0xff, 0xff, 0xff, 0x00,
0xff, 0xff, 0xff, 0x00, 0xff, 0xff, 0xff, 0x00, 0xff, 0xff, 0xff, 0x00, 0xff, 0xff, 0xff,
0x00, 0xff, 0xff, 0xff, 0x00, 0xff, 0xff, 0xff, 0x00, 0xff, 0xff, 0xff, 0x00, 0xff, 0xff,
0xff, 0x00, 0xff, 0xff, 0xff, 0x00, 0xff, 0xff, 0xff, 0x00, 0xff, 0xff, 0xff, 0x00, 0xff,
0xff, 0xff, 0x00, 0xff, 0xff, 0xff, 0x00, 0xff, 0xff, 0xff, 0x00, 0xff, 0xff, 0xff, 0x00,
0xff, 0xff, 0xff, 0x00, 0xff, 0xff, 0xff, 0x00, 0xff, 0xff, 0xff, 0x00, 0xff, 0xff, 0xff,
0x00, 0xff, 0xff, 0xff, 0x00, 0xff, 0xff, 0xff, 0x00, 0xff, 0xff, 0xff, 0x00, 0xff, 0xff,
0xff, 0x00, 0xff, 0xff, 0xff, 0x00, 0xff, 0xff, 0xff, 0x00, 0xff, 0xff, 0xff, 0x00, 0xff,
0xff, 0xff, 0x00, 0xff, 0xff, 0xff, 0x00, 0xff, 0xff, 0xff, 0x00, 0xff, 0xff, 0xff, 0x00,
0xff, 0xff, 0xff, 0x00, 0xff, 0xff, 0xff, 0x00, 0xff, 0xff, 0xff, 0x00, 0xff, 0xff, 0xff,
0x00, 0xff, 0xff, 0xff, 0x00, 0xff, 0xff, 0xff, 0x00, 0xff, 0xff, 0xff, 0x00, 0xff, 0xff,
0xff, 0x00, 0xff, 0xff, 0xff, 0x00, 0xff, 0xff, 0xff, 0x00, 0xff, 0xff, 0xff, 0x00, 0xff,
0xff, 0xff, 0x00, 0xff, 0xff, 0xff, 0x00, 0xff, 0xff, 0xff, 0x00, 0xff, 0xff, 0xff, 0x00,
0xff, 0xff, 0xff, 0x00, 0xff, 0xff, 0xff, 0x00, 0xff, 0xff, 0xff, 0x00, 0xff, 0xff, 0xff,
0x00, 0xff, 0xff, 0xff, 0x00, 0xff, 0xff, 0xff, 0x00, 0xff, 0xff, 0xff, 0x00, 0xff, 0xff,
0xff, 0x00, 0xff, 0xff, 0xff, 0x00, 0xff, 0xff, 0xff, 0x00, 0xff, 0xff, 0xff, 0x00, 0xff,
0xff, 0xff, 0x00, 0xff, 0xff, 0xff, 0x00, 0xff, 0xff, 0xff, 0x00, 0xff, 0xff, 0xff, 0x00,
0xff, 0xff, 0xff, 0x00, 0xff, 0xff, 0xff, 0x00, 0xff, 0xff, 0xff, 0x00, 0xff, 0xff, 0xff,
0x00, 0xff, 0xff, 0xff, 0x00, 0xff, 0xff, 0xff, 0x00, 0xff, 0xff, 0xff, 0x00, 0xff, 0xff,
0xff, 0x00, 0xff, 0xff, 0xff, 0x00, 0xff, 0xff, 0xff, 0x00, 0xff, 0xff, 0xff, 0x00, 0xff,
0xff, 0xff, 0x00, 0xff, 0xff, 0xff, 0x00, 0xff, 0xff, 0xff, 0x00, 0xff, 0xff, 0xff, 0x00,
0xff, 0xff, 0xff, 0x00, 0xff, 0xff, 0xff, 0x00, 0xff, 0xff, 0xff, 0x00, 0xff, 0xff, 0xff,
0x00, 0xff, 0xff, 0xff, 0x00, 0xff, 0xff, 0xff, 0x00, 0xff, 0xff, 0xff, 0x00, 0xff, 0xff,
0xff, 0x00, 0xff, 0xff, 0xff, 0x00, 0xff, 0xff, 0xff, 0x00, 0xff, 0xff, 0xff, 0x00, 0xff,
0xff, 0xff, 0x00, 0xff, 0xff, 0xff, 0x00, 0xff, 0xff, 0xff, 0x00, 0xff, 0xff, 0xff, 0x00,
0xff, 0xff, 0xff, 0x00, 0xff, 0xff, 0xff, 0x00, 0xff, 0xff, 0xff, 0x00, 0xff, 0xff, 0xff,
0x00, 0xff, 0xff, 0xff, 0x00, 0xff, 0xff, 0xff, 0x00, 0xff, 0xff, 0xff, 0x00, 0xff, 0xff,
0xff, 0x00, 0xff, 0xff, 0xff, 0x00, 0xff, 0xff, 0xff, 0x00, 0xff, 0xff, 0xff, 0x00, 0xff,
0xff, 0xff, 0x00, 0xff, 0xff, 0xff, 0x00, 0xff, 0xff, 0xff, 0x00, 0xff, 0xff, 0xff, 0x00,
0xff, 0xff, 0xff, 0x00, 0xff, 0xff, 0xff, 0x00, 0xff, 0xff, 0xff, 0x00, 0xff, 0xff, 0xff,
0x00, 0xff, 0xff, 0xff, 0x00, 0xff, 0xff, 0xff, 0x00, 0xff, 0xff, 0xff, 0x00, 0xff, 0xff,
0xff, 0x00, 0xff, 0xff, 0xff, 0x00, 0xff, 0xff, 0xff, 0x00, 0xff, 0xff, 0xff, 0x00, 0xff,
0xff, 0xff, 0x00, 0xff, 0xff, 0xff, 0x00, 0xff, 0xff, 0xff, 0x00, 0xff, 0xff, 0xff, 0x00,
0xff, 0xff, 0xff, 0x00, 0xff, 0xff, 0xff, 0x00, 0xff, 0xff, 0xff, 0x00, 0xff, 0xff, 0xff,
0x00, 0xff, 0xff, 0xff, 0x00, 0xff, 0xff, 0xff, 0x00, 0xff, 0xff, 0xff, 0x00, 0xff, 0xff,
0xff, 0x00, 0xff, 0xff, 0xff, 0x00, 0xff, 0xff, 0xff, 0x00, 0xff, 0xff, 0xff, 0x00, 0xff,
0xff, 0xff, 0x00, 0xff, 0xff, 0xff, 0x00, 0xff, 0xff, 0xff, 0x00, 0xff, 0xff, 0xff, 0x00,
0xff, 0xff, 0xff, 0x00, 0xff, 0xff, 0xff, 0x00, 0xff, 0xff, 0xff, 0x00, 0xff, 0xff, 0xff,
0x00, 0xff, 0xff, 0xff, 0x00, 0xff, 0xff, 0xff, 0x00, 0xff, 0xff, 0xff, 0x00, 0xff, 0xff,
0xff, 0x00, 0xff, 0xff, 0xff, 0x00, 0xff, 0xff, 0xff, 0x00, 0xff, 0xff, 0xff, 0x00, 0xff,
0xff, 0xff, 0x00, 0xff, 0xff, 0xff, 0x00, 0xff, 0xff, 0xff, 0x00, 0xff, 0xff, 0xff, 0x00,
0xff, 0xff, 0xff, 0x00, 0xff, 0xff, 0xff, 0x00, 0xff, 0xff, 0xff, 0x00, 0xff, 0xff, 0xff,
0x00, 0xff, 0xff, 0xff, 0x00, 0xff, 0xff, 0xff, 0x00, 0xff, 0xff, 0xff, 0x00, 0xff, 0xff,
0xff, 0x00, 0xff, 0xff, 0xff, 0x00, 0xff, 0xff, 0xff, 0x00, 0xff, 0xff, 0xff, 0x00, 0xff,
0xff, 0xff, 0x00, 0xff, 0xff, 0xff, 0x00, 0xff, 0xff, 0xff, 0x00, 0xff, 0xff, 0xff, 0x00,
0xff, 0xff, 0xff, 0x00, 0xff, 0xff, 0xff, 0x00, 0xff, 0xff, 0xff, 0x00, 0xff, 0xff, 0xff,
0x00, 0xff, 0xff, 0xff, 0x00, 0xff, 0xff, 0xff, 0x00, 0xff, 0xff, 0xff, 0x00, 0xff, 0xff,
0xff, 0x00, 0xff, 0xff, 0xff, 0x00, 0xff, 0xff, 0xff, 0x00, 0xff, 0xff, 0xff, 0x00, 0xff,
0xff, 0xff, 0x00, 0xff, 0xff, 0xff, 0x00, 0xff, 0xff, 0xff, 0x00, 0xff, 0xff, 0xff, 0x00,
0xff, 0xff, 0xff, 0x00, 0xff, 0xff, 0xff, 0x00, 0xff, 0xff, 0xff, 0x00, 0xff, 0xff, 0xff,
0x00, 0xff, 0xff, 0xff, 0x00, 0xff, 0xff, 0xff, 0x00, 0xff, 0xff, 0xff, 0x00, 0xff, 0xff,
0xff, 0x00, 0xff, 0xff, 0xff, 0x00, 0xff, 0xff, 0xff, 0x00, 0xff, 0xff, 0xff, 0x00, 0xff,
0xff, 0xff, 0x00, 0xff, 0xff, 0xff, 0x00, 0xff, 0xff, 0xff, 0x00, 0xff, 0xff, 0xff, 0x00,
0xff, 0xff, 0xff, 0x00, 0xff, 0xff, 0xff, 0x00, 0xff, 0xff, 0xff, 0x00, 0xff, 0xff, 0xff,
0x00, 0xff, 0xff, 0xff, 0x00, 0xff, 0xff, 0xff, 0x00, 0xff, 0xff, 0xff, 0x00, 0xff, 0xff,
0xff, 0x00, 0xff, 0xff, 0xff, 0x00, 0xff, 0xff, 0xff, 0x00, 0xff, 0xff, 0xff, 0x00, 0xff,
0xff, 0xff, 0x00, 0xff, 0xff, 0xff, 0x00, 0xff, 0xff, 0xff, 0x00, 0xff, 0xff, 0xff, 0x00,
0xff, 0xff, 0xff, 0x00, 0xff, 0xff, 0xff, 0x00, 0xff, 0xff, 0xff, 0x00, 0xff, 0xff, 0xff,
0x00, 0xff, 0xff, 0xff, 0x00, 0xff, 0xff, 0xff, 0x00, 0xff, 0xff, 0xff, 0x00, 0xff, 0xff,
0xff, 0x00, 0xff, 0xff, 0xff, 0x00, 0xff, 0xff, 0xff, 0x00, 0xff, 0xff, 0xff, 0x00, 0xff,
0xff, 0xff, 0x00, 0xff, 0xff, 0xff, 0x00, 0xff, 0xff, 0xff, 0x00, 0xff, 0xff, 0xff, 0x00,
0xff, 0xff, 0xff, 0x00, 0xff, 0xff, 0xff, 0x00, 0xff, 0xff, 0xff, 0x00, 0xff, 0xff, 0xff,
0x00, 0xff, 0xff, 0xff, 0x00, 0xff, 0xff, 0xff, 0x00, 0xff, 0xff, 0xff, 0x00, 0xff, 0xff,
0xff, 0x00, 0xff, 0xff, 0xff, 0x00, 0xff, 0xff, 0xff, 0x00, 0xff, 0xff, 0xff, 0x00, 0xff,
0xff, 0xff, 0x00, 0xff, 0xff, 0xff, 0x00, 0xff, 0xff, 0xff, 0x00, 0xff, 0xff, 0xff, 0x00,
0xff, 0xff, 0xff, 0x00, 0xff, 0xff, 0xff, 0x00, 0xff, 0xff, 0xff, 0x00, 0xff, 0xff, 0xff,
0x00, 0xff, 0xff, 0xff, 0x00, 0xff, 0xff, 0xff, 0x00, 0xff, 0xff, 0xff, 0x00, 0xff, 0xff,
0xff, 0x00, 0xff, 0xff, 0xff, 0x00, 0xff, 0xff, 0xff, 0x00, 0xff, 0xff, 0xff, 0x00, 0xff,
0xff, 0xff, 0x00, 0xff, 0xff, 0xff, 0x00, 0xff, 0xff, 0xff, 0x00, 0xff, 0xff, 0xff, 0x00,
0xff, 0xff, 0xff, 0x00, 0xff, 0xff, 0xff, 0x00, 0xff, 0xff, 0xff, 0x00, 0xff, 0xff, 0xff,
0x00, 0xff, 0xff, 0xff, 0x00, 0xff, 0xff, 0xff, 0x00, 0xff, 0xff, 0xff, 0x00, 0xff, 0xff,
0xff, 0x00, 0xff, 0xff, 0xff, 0x00, 0xff, 0xff, 0xff, 0x00, 0xff, 0xff, 0xff, 0x00, 0xff,
0xff, 0xff, 0x00, 0xff, 0xff, 0xff, 0x00, 0xff, 0xff, 0xff, 0x00, 0xff, 0xff, 0xff, 0x00,
0xff, 0xff, 0xff, 0x00, 0xff, 0xff, 0xff, 0x00, 0xff, 0xff, 0xff, 0x00, 0xff, 0xff, 0xff,
0x00, 0xff, 0xff, 0xff, 0x00, 0xff, 0xff, 0xff, 0x00, 0xff, 0xff, 0xff, 0x00, 0xff, 0xff,
0xff, 0x00, 0xff, 0xff, 0xff, 0x00, 0xff, 0xff, 0xff, 0x00, 0xff, 0xff, 0xff, 0x00, 0xff,
0xff, 0xff, 0x00, 0xff, 0xff, 0xff, 0x00, 0xff, 0xff, 0xff, 0x00, 0xff, 0xff, 0xff, 0x00,
0xff, 0xff, 0xff, 0x00, 0xff, 0xff, 0xff, 0x00, 0xff, 0xff, 0xff, 0x00, 0xff, 0xff, 0xff,
0x00, 0xff, 0xff, 0xff, 0x00, 0xff, 0xff, 0xff, 0x00, 0xff, 0xff, 0xff, 0x00, 0xff, 0xff,
0xff, 0x00, 0xff, 0xff, 0xff, 0x00, 0xff, 0xff, 0xff, 0x00, 0xff, 0xff, 0xff, 0x00, 0xff,
0xff, 0xff, 0x00, 0xff, 0xff, 0xff, 0x00, 0xff, 0xff, 0xff, 0x00, 0xff, 0xff, 0xff, 0x00,
0xff, 0xff, 0xff, 0x00, 0xff, 0xff, 0xff, 0x00, 0xff, 0xff, 0xff, 0x00, 0xff, 0xff, 0xff,
0x00, 0xff, 0xff, 0xff, 0x00, 0xff, 0xff, 0xff, 0x00, 0xff, 0xff, 0xff, 0x00, 0xff, 0xff,
0xff, 0x00, 0xff, 0xff, 0xff, 0x00, 0xff, 0xff, 0xff, 0x00, 0xff, 0xff, 0xff, 0x00, 0xff,
0xff, 0xff, 0x00, 0xff, 0xff, 0xff, 0x00, 0xff, 0xff, 0xff, 0x00, 0xff, 0xff, 0xff, 0x00,
0xff, 0xff, 0xff, 0x00, 0xff, 0xff, 0xff, 0x00, 0xff, 0xff, 0xff, 0x00, 0xff, 0xff, 0xff,
0x00, 0xff, 0xff, 0xff, 0x00, 0xff, 0xff, 0xff, 0x00, 0xff, 0xff, 0xff, 0x00, 0xff, 0xff,
0xff, 0x00, 0xff, 0xff, 0xff, 0x00, 0xff, 0xff, 0xff, 0x00, 0xff, 0xff, 0xff, 0x00, 0xff,
0xff, 0xff, 0x00, 0xff, 0xff, 0xff, 0x00, 0xff, 0xff, 0xff, 0x00, 0xff, 0xff, 0xff, 0x00,
0xff, 0xff, 0xff, 0x00, 0xff, 0xff, 0xff, 0x00, 0xff, 0xff, 0xff, 0x00, 0xff, 0xff, 0xff,
0x00, 0xff, 0xff, 0xff, 0x00, 0xff, 0xff, 0xff, 0x00, 0xff, 0xff, 0xff, 0x00, 0xff, 0xff,
0xff, 0x00, 0xff, 0xff, 0xff, 0x00, 0xff, 0xff, 0xff, 0x00, 0xff, 0xff, 0xff, 0x00, 0xff,
0xff, 0xff, 0x00, 0xff, 0xff, 0xff, 0x00, 0xff, 0xff, 0xff, 0x00, 0xff, 0xff, 0xff, 0x00,
0xff, 0xff, 0xff, 0x00, 0xff, 0xff, 0xff, 0x00, 0xff, 0xff, 0xff, 0x00, 0xff, 0xff, 0xff,
0x00, 0xff, 0xff, 0xff, 0x00, 0xff, 0xff, 0xff, 0x00, 0xff, 0xff, 0xff, 0x00, 0xff, 0xff,
0xff, 0x00, 0xff, 0xff, 0xff, 0x00, 0xff, 0xff, 0xff, 0x00, 0xff, 0xff, 0xff, 0x00, 0xff,
0xff, 0xff, 0x00, 0xff, 0xff, 0xff, 0x00, 0xff, 0xff, 0xff, 0x00, 0xff, 0xff, 0xff, 0x00,
0xff, 0xff, 0xff, 0x00, 0xff, 0xff, 0xff, 0x00, 0xff, 0xff, 0xff, 0x00, 0xff, 0xff, 0xff,
0x00, 0xff, 0xff, 0xff, 0x00, 0xff, 0xff, 0xff, 0x00, 0xff, 0xff, 0xff, 0x00, 0xff, 0xff,
0xff, 0x00, 0xff, 0xff, 0xff, 0x00, 0xff, 0xff, 0xff, 0x00, 0xff, 0xff, 0xff, 0x00, 0xff,
0xff, 0xff, 0x00, 0xff, 0xff, 0xff, 0x00, 0xff, 0xff, 0xff, 0x00, 0xff, 0xff, 0xff, 0x00,
0xff, 0xff, 0xff, 0x00, 0xff, 0xff, 0xff, 0x00, 0xff, 0xff, 0xff, 0x00, 0xff, 0xff, 0xff,
0x00, 0xff, 0xff, 0xff, 0x00, 0xff, 0xff, 0xff, 0x00, 0xff, 0xff, 0xff, 0x00, 0xff, 0xff,
0xff, 0x00, 0xff, 0xff, 0xff, 0x00, 0xff, 0xff, 0xff, 0x00, 0xff, 0xff, 0xff, 0x00, 0xff,
0xff, 0xff, 0x00, 0xff, 0xff, 0xff, 0x00, 0xff, 0xff, 0xff, 0x00, 0xff, 0xff, 0xff, 0x00,
0xff, 0xff, 0xff, 0x00, 0xff, 0xff, 0xff, 0x00, 0xff, 0xff, 0xff, 0x00, 0xff, 0xff, 0xff,
0x00, 0xff, 0xff, 0xff, 0x00, 0xff, 0xff, 0xff, 0x00, 0xff, 0xff, 0xff, 0x00, 0xff, 0xff,
0xff, 0x00, 0xff, 0xff, 0xff, 0x00, 0xff, 0xff, 0xff, 0x00, 0xff, 0xff, 0xff, 0x00, 0xff,
0xff, 0xff, 0x00, 0xff, 0xff, 0xff, 0x00, 0xff, 0xff, 0xff, 0x00, 0xff, 0xff, 0xff, 0x00,
0xff, 0xff, 0xff, 0x00, 0xff, 0xff, 0xff, 0x00, 0xff, 0xff, 0xff, 0x00, 0xff, 0xff, 0xff,
0x00, 0xff, 0xff, 0xff, 0x00, 0xff, 0xff, 0xff, 0x00, 0xff, 0xff, 0xff, 0x00, 0xff, 0xff,
0xff, 0x00, 0xff, 0xff, 0xff, 0x00, 0xff, 0xff, 0xff, 0x00, 0xff, 0xff, 0xff, 0x00, 0xff,
0xff, 0xff, 0x00, 0xff, 0xff, 0xff, 0x00, 0xff, 0xff, 0xff, 0x00, 0xff, 0xff, 0xff, 0x00,
0xff, 0xff, 0xff, 0x00, 0xff, 0xff, 0xff, 0x00, 0xff, 0xff, 0xff, 0x00, 0xff, 0xff, 0xff,
0x00, 0xff, 0xff, 0xff, 0x00, 0xff, 0xff, 0xff, 0x00, 0xff, 0xff, 0xff, 0x00, 0xff, 0xff,
0xff, 0x00, 0xff, 0xff, 0xff, 0x00, 0xff, 0xff, 0xff, 0x00, 0xff, 0xff, 0xff, 0x00, 0xff,
0xff, 0xff, 0x00, 0xff, 0xff, 0xff, 0x00, 0xff, 0xff, 0xff, 0x00, 0xff, 0xff, 0xff, 0x00,
0xff, 0xff, 0xff, 0x00, 0xff, 0xff, 0xff, 0x00, 0xff, 0xff, 0xff, 0x00, 0xff, 0xff, 0xff,
0x00, 0xff, 0xff, 0xff, 0x00, 0xff, 0xff, 0xff, 0x00, 0xff, 0xff, 0xff, 0x00, 0xff, 0xff,
0xff, 0x00, 0xff, 0xff, 0xff, 0x00, 0xff, 0xff, 0xff, 0x00, 0xff, 0xff, 0xff, 0x00, 0xff,
0xff, 0xff, 0x00, 0xff, 0xff, 0xff, 0x00, 0xff, 0xff, 0xff, 0x00, 0xff, 0xff, 0xff, 0x00,
0xff, 0xff, 0xff, 0x00, 0xff, 0xff, 0xff, 0x00, 0xff, 0xff, 0xff, 0x00, 0xff, 0xff, 0xff,
0x00, 0xff, 0xff, 0xff, 0x00, 0xff, 0xff, 0xff, 0x00, 0xff, 0xff, 0xff, 0x00, 0xff, 0xff,
0xff, 0x00, 0xff, 0xff, 0xff, 0x00, 0xff, 0xff, 0xff, 0x00, 0xff, 0xff, 0xff, 0x00, 0xff,
0xff, 0xff, 0x00, 0xff, 0xff, 0xff, 0x00, 0xff, 0xff, 0xff, 0x00, 0xff, 0xff, 0xff, 0x00,
0xff, 0xff, 0xff, 0x00, 0xff, 0xff, 0xff, 0x00, 0xff, 0xff, 0xff, 0x00, 0xff, 0xff, 0xff,
0x00, 0xff, 0xff, 0xff, 0x00, 0xff, 0xff, 0xff, 0x00, 0xff, 0xff, 0xff, 0x00, 0xff, 0xff,
0xff, 0x00, 0xff, 0xff, 0xff, 0x00, 0xff, 0xff, 0xff, 0x00, 0xff, 0xff, 0xff, 0x00, 0xff,
0xff, 0xff, 0x00, 0xff, 0xff, 0xff, 0x00, 0xff, 0xff, 0xff, 0x00, 0xff, 0xff, 0xff, 0x00,
0xff, 0xff, 0xff, 0x00, 0xff, 0xff, 0xff, 0x00, 0xff, 0xff, 0xff, 0x00, 0xff, 0xff, 0xff,
0x00, 0xff, 0xff, 0xff, 0x00, 0xff, 0xff, 0xff, 0x00, 0xff, 0xff, 0xff, 0x00, 0xff, 0xff,
0xff, 0x00, 0xff, 0xff, 0xff, 0x00, 0xff, 0xff, 0xff, 0x00, 0xff, 0xff, 0xff, 0x00, 0xff,
0xff, 0xff, 0x00, 0xff, 0xff, 0xff, 0x00, 0xff, 0xff, 0xff, 0x00, 0xff, 0xff, 0xff, 0x00,
0xff, 0xff, 0xff, 0x00, 0xff, 0xff, 0xff, 0x00, 0xff, 0xff, 0xff, 0x00, 0xff, 0xff, 0xff,
0x00, 0xff, 0xff, 0xff, 0x00, 0xff, 0xff, 0xff, 0x00, 0xff, 0xff, 0xff, 0x00, 0xff, 0xff,
0xff, 0x00, 0xff, 0xff, 0xff, 0x00, 0xff, 0xff, 0xff, 0x00, 0xff, 0xff, 0xff, 0x00, 0xff,
0xff, 0xff, 0x00, 0xff, 0xff, 0xff, 0x00, 0xff, 0xff, 0xff, 0x00, 0xff, 0xff, 0xff, 0x00,
0xff, 0xff, 0xff, 0x00, 0xff, 0xff, 0xff, 0x00, 0xff, 0xff, 0xff, 0x00, 0xff, 0xff, 0xff,
0x00, 0xff, 0xff, 0xff, 0x00, 0xff, 0xff, 0xff, 0x00, 0xff, 0xff, 0xff, 0x00, 0xff, 0xff,
0xff, 0x00, 0xff, 0xff, 0xff, 0x00, 0xff, 0xff, 0xff, 0x00, 0xff, 0xff, 0xff, 0x00, 0xff,
0xff, 0xff, 0x00, 0xff, 0xff, 0xff, 0x00, 0xff, 0xff, 0xff, 0x00, 0xff, 0xff, 0xff, 0x00,
0xff, 0xff, 0xff, 0x00, 0xff, 0xff, 0xff, 0x00, 0xff, 0xff, 0xff, 0x00, 0xff, 0xff, 0xff,
0x00, 0xff, 0xff, 0xff, 0x00, 0xff, 0xff, 0xff, 0x00, 0xff, 0xff, 0xff, 0x00, 0xff, 0xff,
0xff, 0x00, 0xff, 0xff, 0xff, 0x00, 0xff, 0xff, 0xff, 0x00, 0xff, 0xff, 0xff, 0x00, 0xff,
0xff, 0xff, 0x00, 0xff, 0xff, 0xff, 0x00, 0xff, 0xff, 0xff, 0x00, 0xff, 0xff, 0xff, 0x00,
0xff, 0xff, 0xff, 0x00, 0xff, 0xff, 0xff, 0x00, 0xff, 0xff, 0xff, 0x00, 0xff, 0xff, 0xff,
0x00, 0xff, 0xff, 0xff, 0x00, 0xff, 0xff, 0xff, 0x00, 0xff, 0xff, 0xff, 0x00, 0xff, 0xff,
0xff, 0x00, 0xff, 0xff, 0xff, 0x00, 0xff, 0xff, 0xff, 0x00, 0xff, 0xff, 0xff, 0x00, 0xff,
0xff, 0xff, 0x00, 0xff, 0xff, 0xff, 0x00, 0xff, 0xff, 0xff, 0x00, 0xff, 0xff, 0xff, 0x00,
0xff, 0xff, 0xff, 0x00, 0xff, 0xff, 0xff, 0x00, 0xff, 0xff, 0xff, 0x00, 0xff, 0xff, 0xff,
0x00, 0xff, 0xff, 0xff, 0x00, 0xff, 0xff, 0xff, 0x00, 0xff, 0xff, 0xff, 0x00, 0xff, 0xff,
0xff, 0x00, 0xff, 0xff, 0xff, 0x00, 0xff, 0xff, 0xff, 0x00, 0xff, 0xff, 0xff, 0x00, 0xff,
0xff, 0xff, 0x00, 0xff, 0xff, 0xff, 0x00, 0xff, 0xff, 0xff, 0x00, 0xff, 0xff, 0xff, 0x00,
0xff, 0xff, 0xff, 0x00, 0xff, 0xff, 0xff, 0x00, 0xff, 0xff, 0xff, 0x00, 0xff, 0xff, 0xff,
0x00, 0xff, 0xff, 0xff, 0x00, 0xff, 0xff, 0xff, 0x00, 0xff, 0xff, 0xff, 0x00, 0xff, 0xff,
0xff, 0x00, 0xff, 0xff, 0xff, 0x00, 0xff, 0xff, 0xff, 0x00, 0xff, 0xff, 0xff, 0x00, 0xff,
0xff, 0xff, 0x00, 0xff, 0xff, 0xff, 0x00, 0xff, 0xff, 0xff, 0x00, 0xff, 0xff, 0xff, 0x00,
0xff, 0xff, 0xff, 0x00, 0xff, 0xff, 0xff, 0x00, 0xff, 0xff, 0xff, 0x00, 0xff, 0xff, 0xff,
0x00, 0xff, 0xff, 0xff, 0x00, 0xff, 0xff, 0xff, 0x00, 0xff, 0xff, 0xff, 0x00, 0xff, 0xff,
0xff, 0x00, 0xff, 0xff, 0xff, 0x00, 0xff, 0xff, 0xff, 0x00, 0xff, 0xff, 0xff, 0x00, 0xff,
0xff, 0xff, 0x00, 0xff, 0xff, 0xff, 0x00, 0xff, 0xff, 0xff, 0x00, 0xff, 0xff, 0xff, 0x00,
0xff, 0xff, 0xff, 0x00, 0xff, 0xff, 0xff, 0x00, 0xff, 0xff, 0xff, 0x00, 0xff, 0xff, 0xff,
0x00, 0xff, 0xff, 0xff, 0x00, 0xff, 0xff, 0xff, 0x00, 0xff, 0xff, 0xff, 0x00, 0xff, 0xff,
0xff, 0x00, 0xff, 0xff, 0xff, 0x00, 0xff, 0xff, 0xff, 0x00, 0xff, 0xff, 0xff, 0x00, 0xff,
0xff, 0xff, 0x00, 0xff, 0xff, 0xff, 0x00, 0xff, 0xff, 0xff, 0x00, 0xff, 0xff, 0xff, 0x00,
0xff, 0xff, 0xff, 0x00, 0xff, 0xff, 0xff, 0x00, 0xff, 0xff, 0xff, 0x00, 0xff, 0xff, 0xff,
0x00, 0xff, 0xff, 0xff, 0x00, 0xff, 0xff, 0xff, 0x00, 0xff, 0xff, 0xff, 0x00, 0xff, 0xff,
0xff, 0x00, 0xff, 0xff, 0xff, 0x00, 0xff, 0xff, 0xff, 0x00, 0xff, 0xff, 0xff, 0x00, 0xff,
0xff, 0xff, 0x00, 0xff, 0xff, 0xff, 0x00, 0xff, 0xff, 0xff, 0x00, 0xff, 0xff, 0xff, 0x00,
0xff, 0xff, 0xff, 0x00, 0xff, 0xff, 0xff, 0x00, 0xff, 0xff, 0xff, 0x00, 0xff, 0xff, 0xff,
0x00, 0xff, 0xff, 0xff, 0x00, 0xff, 0xff, 0xff, 0x00, 0xff, 0xff, 0xff, 0x00, 0xff, 0xff,
0xff, 0x00, 0xff, 0xff, 0xff, 0x00, 0xff, 0xff, 0xff, 0x00, 0xff, 0xff, 0xff, 0x00, 0xff,
0xff, 0xff, 0x00, 0xff, 0xff, 0xff, 0x00, 0xff, 0xff, 0xff, 0x00, 0xff, 0xff, 0xff, 0x00,
0xff, 0xff, 0xff, 0x00, 0xff, 0xff, 0xff, 0x00, 0xff, 0xff, 0xff, 0x00, 0xff, 0xff, 0xff,
0x00, 0xff, 0xff, 0xff, 0x00, 0xff, 0xff, 0xff, 0x00, 0xff, 0xff, 0xff, 0x00, 0xff, 0xff,
0xff, 0x00, 0xff, 0xff, 0xff, 0x00, 0xff, 0xff, 0xff, 0x00, 0xff, 0xff, 0xff, 0x00, 0xff,
0xff, 0xff, 0x00, 0xff, 0xff, 0xff, 0x00, 0xff, 0xff, 0xff, 0x00, 0xff, 0xff, 0xff, 0x00,
0xff, 0xff, 0xff, 0x00, 0xff, 0xff, 0xff, 0x00, 0xff, 0xff, 0xff, 0x00, 0xff, 0xff, 0xff,
0x00, 0xff, 0xff, 0xff, 0x00, 0xff, 0xff, 0xff, 0x00, 0xff, 0xff, 0xff, 0x00, 0xff, 0xff,
0xff, 0x00, 0xff, 0xff, 0xff, 0x00, 0xff, 0xff, 0xff, 0x00, 0xff, 0xff, 0xff, 0x00, 0xff,
0xff, 0xff, 0x00, 0xff, 0xff, 0xff, 0x00, 0xff, 0xff, 0xff, 0x00, 0xff, 0xff, 0xff, 0x00,
0xff, 0xff, 0xff, 0x00, 0xff, 0xff, 0xff, 0x00, 0xff, 0xff, 0xff, 0x00, 0xff, 0xff, 0xff,
0x00, 0xff, 0xff, 0xff, 0x00, 0xff, 0xff, 0xff, 0x00, 0xff, 0xff, 0xff, 0x00, 0xff, 0xff,
0xff, 0x00, 0xff, 0xff, 0xff, 0x00, 0xff, 0xff, 0xff, 0x00, 0xff, 0xff, 0xff, 0x00, 0xff,
0xff, 0xff, 0x00, 0xff, 0xff, 0xff, 0x00, 0xff, 0xff, 0xff, 0x00, 0xff, 0xff, 0xff, 0x00,
0xff, 0xff, 0xff, 0x00, 0xff, 0xff, 0xff, 0x00, 0xff, 0xff, 0xff, 0x00, 0xff, 0xff, 0xff,
0x00, 0xff, 0xff, 0xff, 0x00, 0xff, 0xff, 0xff, 0x00, 0xff, 0xff, 0xff, 0x00, 0xff, 0xff,
0xff, 0x00, 0xff, 0xff, 0xff, 0x00, 0xff, 0xff, 0xff, 0x00, 0xff, 0xff, 0xff, 0x00, 0xff,
0xff, 0xff, 0x00, 0xff, 0xff, 0xff, 0x00, 0xff, 0xff, 0xff, 0x00, 0xff, 0xff, 0xff, 0x00,
0xff, 0xff, 0xff, 0x00, 0xff, 0xff, 0xff, 0x00, 0xff, 0xff, 0xff, 0x00, 0xff, 0xff, 0xff,
0x00, 0xff, 0xff, 0xff, 0x00, 0xff, 0xff, 0xff, 0x00, 0xff, 0xff, 0xff, 0x00, 0xff, 0xff,
0xff, 0x00, 0xff, 0xff, 0xff, 0x00, 0xff, 0xff, 0xff, 0x00, 0xff, 0xff, 0xff, 0x00, 0xff,
0xff, 0xff, 0x00, 0xff, 0xff, 0xff, 0x00, 0xff, 0xff, 0xff, 0x00, 0xff, 0xff, 0xff, 0x00,
0xff, 0xff, 0xff, 0x00, 0xff, 0xff, 0xff, 0x00, 0xff, 0xff, 0xff, 0x00, 0xff, 0xff, 0xff,
0x00, 0xff, 0xff, 0xff, 0x00, 0xff, 0xff, 0xff, 0x00, 0xff, 0xff, 0xff, 0x00, 0xff, 0xff,
0xff, 0x00, 0xff, 0xff, 0xff, 0x00, 0xff, 0xff, 0xff, 0x00, 0xff, 0xff, 0xff, 0x00, 0xff,
0xff, 0xff, 0x00, 0xff, 0xff, 0xff, 0x00, 0xff, 0xff, 0xff, 0x00, 0xff, 0xff, 0xff, 0x00,
0xff, 0xff, 0xff, 0x00, 0xff, 0xff, 0xff, 0x00, 0xff, 0xff, 0xff, 0x00, 0xff, 0xff, 0xff,
0x00, 0xff, 0xff, 0xff, 0x00, 0xff, 0xff, 0xff, 0x00, 0xff, 0xff, 0xff, 0x00, 0xff, 0xff,
0xff, 0x00, 0xff, 0xff, 0xff, 0x00, 0xff, 0xff, 0xff, 0x00, 0xff, 0xff, 0xff, 0x00, 0xff,
0xff, 0xff, 0x00, 0xff, 0xff, 0xff, 0x00, 0xff, 0xff, 0xff, 0x00, 0xff, 0xff, 0xff, 0x00,
0xff, 0xff, 0xff, 0x00, 0xff, 0xff, 0xff, 0x00, 0xff, 0xff, 0xff, 0x00, 0xff, 0xff, 0xff,
0x00, 0xff, 0xff, 0xff, 0x00, 0xff, 0xff, 0xff, 0x00, 0xff, 0xff, 0xff, 0x00, 0xff, 0xff,
0xff, 0x00, 0xff, 0xff, 0xff, 0x00, 0xff, 0xff, 0xff, 0x00, 0xff, 0xff, 0xff, 0x00, 0xff,
0xff, 0xff, 0x00, 0xff, 0xff, 0xff, 0x00, 0xff, 0xff, 0xff, 0x00, 0xff, 0xff, 0xff, 0x00,
0xff, 0xff, 0xff, 0x00, 0xff, 0xff, 0xff, 0x00, 0xff, 0xff, 0xff, 0x00, 0xff, 0xff, 0xff,
0x00, 0xff, 0xff, 0xff, 0x00, 0xff, 0xff, 0xff, 0x00, 0xff, 0xff, 0xff, 0x00, 0xff, 0xff,
0xff, 0x00, 0xff, 0xff, 0xff, 0x00, 0xff, 0xff, 0xff, 0x00, 0xff, 0xff, 0xff, 0x00, 0xff,
0xff, 0xff, 0x00, 0xff, 0xff, 0xff, 0x00, 0xff, 0xff, 0xff, 0x00, 0xff, 0xff, 0xff, 0x00,
0xff, 0xff, 0xff, 0x00, 0xff, 0xff, 0xff, 0x00, 0xff, 0xff, 0xff, 0x00, 0xff, 0xff, 0xff,
0x00, 0xff, 0xff, 0xff, 0x00, 0xff, 0xff, 0xff, 0x00, 0xff, 0xff, 0xff, 0x00, 0xff, 0xff,
0xff, 0x00, 0xff, 0xff, 0xff, 0x00, 0xff, 0xff, 0xff, 0x00, 0xff, 0xff, 0xff, 0x00, 0xff,
0xff, 0xff, 0x00, 0xff, 0xff, 0xff, 0x00, 0xff, 0xff, 0xff, 0x00, 0xff, 0xff, 0xff, 0x00,
0xff, 0xff, 0xff, 0x00, 0xff, 0xff, 0xff, 0x00, 0xff, 0xff, 0xff, 0x00, 0xff, 0xff, 0xff,
0x00, 0xff, 0xff, 0xff, 0x00, 0xff, 0xff, 0xff, 0x00, 0xff, 0xff, 0xff, 0x00, 0xff, 0xff,
0xff, 0x00, 0xff, 0xff, 0xff, 0x00, 0xff, 0xff, 0xff, 0x00, 0xff, 0xff, 0xff, 0x00, 0xff,
0xff, 0xff, 0x00, 0xff, 0xff, 0xff, 0x00, 0xff, 0xff, 0xff, 0x00, 0xff, 0xff, 0xff, 0x00,
0xff, 0xff, 0xff, 0x00, 0xff, 0xff, 0xff, 0x00, 0xff, 0xff, 0xff, 0x00, 0xff, 0xff, 0xff,
0x00, 0xff, 0xff, 0xff, 0x00, 0xff, 0xff, 0xff, 0x00, 0xff, 0xff, 0xff, 0x00, 0xff, 0xff,
0xff, 0x00, 0xff, 0xff, 0xff, 0x00, 0xff, 0xff, 0xff, 0x00, 0xff, 0xff, 0xff, 0x00, 0xff,
0xff, 0xff, 0x00, 0xff, 0xff, 0xff, 0x00, 0xff, 0xff, 0xff, 0x00, 0xff, 0xff, 0xff, 0x00,
0xff, 0xff, 0xff, 0x00, 0xff, 0xff, 0xff, 0x00, 0xff, 0xff, 0xff, 0x00, 0xff, 0xff, 0xff,
0x00, 0xff, 0xff, 0xff, 0x00, 0xff, 0xff, 0xff, 0x00, 0xff, 0xff, 0xff, 0x00, 0xff, 0xff,
0xff, 0x00, 0xff, 0xff, 0xff, 0x00, 0xff, 0xff, 0xff, 0x00, 0xff, 0xff, 0xff, 0x00, 0xff,
0xff, 0xff, 0x00, 0xff, 0xff, 0xff, 0x00, 0xff, 0xff, 0xff, 0x00, 0xff, 0xff, 0xff, 0x00,
0xff, 0xff, 0xff, 0x00, 0xff, 0xff, 0xff, 0x00, 0xff, 0xff, 0xff, 0x00, 0xff, 0xff, 0xff,
0x00, 0xff, 0xff, 0xff, 0x00, 0xff, 0xff, 0xff, 0x00, 0xff, 0xff, 0xff, 0x00, 0xff, 0xff,
0xff, 0x00, 0xff, 0xff, 0xff, 0x00, 0xff, 0xff, 0xff, 0x00, 0xff, 0xff, 0xff, 0x00, 0xff,
0xff, 0xff, 0x00, 0xff, 0xff, 0xff, 0x00, 0xff, 0xff, 0xff, 0x00, 0xff, 0xff, 0xff, 0x00,
0xff, 0xff, 0xff, 0x00, 0xff, 0xff, 0xff, 0x00, 0xff, 0xff, 0xff, 0x00, 0xff, 0xff, 0xff,
0x00, 0xff, 0xff, 0xff, 0x00, 0xff, 0xff, 0xff, 0x00, 0xff, 0xff, 0xff, 0x00, 0xff, 0xff,
0xff, 0x00, 0xff, 0xff, 0xff, 0x00, 0xff, 0xff, 0xff, 0x00, 0xff, 0xff, 0xff, 0x00, 0xff,
0xff, 0xff, 0x00, 0xff, 0xff, 0xff, 0x00, 0xff, 0xff, 0xff, 0x00, 0xff, 0xff, 0xff, 0x00,
0xff, 0xff, 0xff, 0x00, 0xff, 0xff, 0xff, 0x00, 0xff, 0xff, 0xff, 0x00, 0xff, 0xff, 0xff,
0x00, 0xff, 0xff, 0xff, 0x00, 0xff, 0xff, 0xff, 0x00, 0xff, 0xff, 0xff, 0x00, 0xff, 0xff,
0xff, 0x00, 0xff, 0xff, 0xff, 0x00, 0xff, 0xff, 0xff, 0x00, 0xff, 0xff, 0xff, 0x00, 0xff,
0xff, 0xff, 0x00, 0xff, 0xff, 0xff, 0x00, 0xff, 0xff, 0xff, 0x00, 0xff, 0xff, 0xff, 0x00,
0xff, 0xff, 0xff, 0x00, 0xff, 0xff, 0xff, 0x00, 0xff, 0xff, 0xff, 0x00, 0xff, 0xff, 0xff,
0x00, 0xff, 0xff, 0xff, 0x00, 0xff, 0xff, 0xff, 0x00, 0xff, 0xff, 0xff, 0x00, 0xff, 0xff,
0xff, 0x00, 0xff, 0xff, 0xff, 0x00, 0xff, 0xff, 0xff, 0x00, 0xff, 0xff, 0xff, 0x00, 0xff,
0xff, 0xff, 0x00, 0xff, 0xff, 0xff, 0x00, 0xff, 0xff, 0xff, 0x00, 0xff, 0xff, 0xff, 0x00,
0xff, 0xff, 0xff, 0x00, 0xff, 0xff, 0xff, 0x00, 0xff, 0xff, 0xff, 0x00, 0xff, 0xff, 0xff,
0x00, 0xff, 0xff, 0xff, 0x00, 0xff, 0xff, 0xff, 0x00, 0xff, 0xff, 0xff, 0x00, 0xff, 0xff,
0xff, 0x00, 0xff, 0xff, 0xff, 0x00, 0xff, 0xff, 0xff, 0x00, 0xff, 0xff, 0xff, 0x00, 0xff,
0xff, 0xff, 0x00, 0xff, 0xff, 0xff, 0x00, 0xff, 0xff, 0xff, 0x00, 0xff, 0xff, 0xff, 0x00,
0xff, 0xff, 0xff, 0x00, 0xff, 0xff, 0xff, 0x00, 0xff, 0xff, 0xff, 0x00, 0xff, 0xff, 0xff,
0x00, 0xff, 0xff, 0xff, 0x00, 0xff, 0xff, 0xff, 0x00, 0xff, 0xff, 0xff, 0x00, 0xff, 0xff,
0xff, 0x00, 0xff, 0xff, 0xff, 0x00, 0xff, 0xff, 0xff, 0x00, 0xff, 0xff, 0xff, 0x00, 0xff,
0xff, 0xff, 0x00, 0xff, 0xff, 0xff, 0x00, 0xff, 0xff, 0xff, 0x00, 0xff, 0xff, 0xff, 0x00,
0xff, 0xff, 0xff, 0x00, 0xff, 0xff, 0xff, 0x00, 0xff, 0xff, 0xff, 0x00, 0xff, 0xff, 0xff,
0x00, 0xff, 0xff, 0xff, 0x00, 0xff, 0xff, 0xff, 0x00, 0xff, 0xff, 0xff, 0x00, 0xff, 0xff,
0xff, 0x00, 0xff, 0xff, 0xff, 0x00, 0xff, 0xff, 0xff, 0x00, 0xff, 0xff, 0xff, 0x00, 0xff,
0xff, 0xff, 0x00, 0xff, 0xff, 0xff, 0x00, 0xff, 0xff, 0xff, 0x00, 0xff, 0xff, 0xff, 0x00,
0xff, 0xff, 0xff, 0x00, 0xff, 0xff, 0xff, 0x00, 0xff, 0xff, 0xff, 0x00, 0xff, 0xff, 0xff,
0x00, 0xff, 0xff, 0xff, 0x00, 0xff, 0xff, 0xff, 0x00, 0xff, 0xff, 0xff, 0x00, 0xff, 0xff,
0xff, 0x00, 0xff, 0xff, 0xff, 0x00, 0xff, 0xff, 0xff, 0x00, 0xff, 0xff, 0xff, 0x00, 0xff,
0xff, 0xff, 0x00, 0xff, 0xff, 0xff, 0x00, 0xff, 0xff, 0xff, 0x00, 0xff, 0xff, 0xff, 0x00,
0xff, 0xff, 0xff, 0x00, 0xff, 0xff, 0xff, 0x00, 0xff, 0xff, 0xff, 0x00, 0xff, 0xff, 0xff,
0x00, 0xff, 0xff, 0xff, 0x00, 0xff, 0xff, 0xff, 0x00, 0xff, 0xff, 0xff, 0x00, 0xff, 0xff,
0xff, 0x00, 0xff, 0xff, 0xff, 0x00, 0xff, 0xff, 0xff, 0x00, 0xff, 0xff, 0xff, 0x00, 0xff,
0xff, 0xff, 0x00, 0xff, 0xff, 0xff, 0x00, 0xff, 0xff, 0xff, 0x00, 0xff, 0xff, 0xff, 0x00,
0xff, 0xff, 0xff, 0x00, 0xff, 0xff, 0xff, 0x00, 0xff, 0xff, 0xff, 0x00, 0xff, 0xff, 0xff,
0x00, 0xff, 0xff, 0xff, 0x00, 0xff, 0xff, 0xff, 0x00, 0xff, 0xff, 0xff, 0x00, 0xff, 0xff,
0xff, 0x00, 0xff, 0xff, 0xff, 0x00, 0xff, 0xff, 0xff, 0x00, 0xff, 0xff, 0xff, 0x00, 0xff,
0xff, 0xff, 0x00, 0xff, 0xff, 0xff, 0x00, 0xff, 0xff, 0xff, 0x00, 0xff, 0xff, 0xff, 0x00,
0xff, 0xff, 0xff, 0x00, 0xff, 0xff, 0xff, 0x00, 0xff, 0xff, 0xff, 0x00, 0xff, 0xff, 0xff,
0x00, 0xff, 0xff, 0xff, 0x00, 0xff, 0xff, 0xff, 0x00, 0xff, 0xff, 0xff, 0x00, 0xff, 0xff,
0xff, 0x00, 0xff, 0xff, 0xff, 0x00, 0xff, 0xff, 0xff, 0x00, 0xff, 0xff, 0xff, 0x00, 0xff,
0xff, 0xff, 0x00, 0xff, 0xff, 0xff, 0x00, 0xff, 0xff, 0xff, 0x00, 0xff, 0xff, 0xff, 0x00,
0xff, 0xff, 0xff, 0x00, 0xff, 0xff, 0xff, 0x00, 0xff, 0xff, 0xff, 0x00, 0xff, 0xff, 0xff,
0x00, 0xff, 0xff, 0xff, 0x00, 0xff, 0xff, 0xff, 0x00, 0xff, 0xff, 0xff, 0x00, 0xff, 0xff,
0xff, 0x00, 0xff, 0xff, 0xff, 0x00, 0xff, 0xff, 0xff, 0x00, 0xff, 0xff, 0xff, 0x00, 0xff,
0xff, 0xff, 0x00, 0xff, 0xff, 0xff, 0x00, 0xff, 0xff, 0xff, 0x00, 0xff, 0xff, 0xff, 0x00,
0xff, 0xff, 0xff, 0x00, 0xff, 0xff, 0xff, 0x00, 0xff, 0xff, 0xff, 0x00, 0xff, 0xff, 0xff,
0x00, 0xff, 0xff, 0xff, 0x00, 0xff, 0xff, 0xff, 0x00, 0xff, 0xff, 0xff, 0x00, 0xff, 0xff,
0xff, 0x00, 0xff, 0xff, 0xff, 0x00, 0xff, 0xff, 0xff, 0x00, 0xff, 0xff, 0xff, 0x00, 0xff,
0xff, 0xff, 0x00, 0xff, 0xff, 0xff, 0x00, 0xff, 0xff, 0xff, 0x00, 0xff, 0xff, 0xff, 0x00,
0xff, 0xff, 0xff, 0x00, 0xff, 0xff, 0xff, 0x00, 0xff, 0xff, 0xff, 0x00, 0xff, 0xff, 0xff,
0x00, 0xff, 0xff, 0xff, 0x00, 0xff, 0xff, 0xff, 0x00, 0xff, 0xff, 0xff, 0x00, 0xff, 0xff,
0xff, 0x00, 0xff, 0xff, 0xff, 0x00, 0xff, 0xff, 0xff, 0x00, 0xff, 0xff, 0xff, 0x00, 0xff,
0xff, 0xff, 0x00, 0xff, 0xff, 0xff, 0x00, 0xff, 0xff, 0xff, 0x00, 0xff, 0xff, 0xff, 0x00,
0xff, 0xff, 0xff, 0x00, 0xff, 0xff, 0xff, 0x00, 0xff, 0xff, 0xff, 0x00, 0xff, 0xff, 0xff,
0x00, 0xff, 0xff, 0xff, 0x00, 0xff, 0xff, 0xff, 0x00, 0xff, 0xff, 0xff, 0x00, 0xff, 0xff,
0xff, 0x00, 0xff, 0xff, 0xff, 0x00, 0xff, 0xff, 0xff, 0x00, 0xff, 0xff, 0xff, 0x00, 0xff,
0xff, 0xff, 0x00, 0xff, 0xff, 0xff, 0x00, 0xff, 0xff, 0xff, 0x00, 0xff, 0xff, 0xff, 0x00,
0xff, 0xff, 0xff, 0x00, 0xff, 0xff, 0xff, 0x00, 0xff, 0xff, 0xff, 0x00, 0xff, 0xff, 0xff,
0x00, 0xff, 0xff, 0xff, 0x00, 0xff, 0xff, 0xff, 0x00, 0xff, 0xff, 0xff, 0x00, 0xff, 0xff,
0xff, 0x00, 0xff, 0xff, 0xff, 0x00, 0xff, 0xff, 0xff, 0x00, 0xff, 0xff, 0xff, 0x00, 0xff,
0xff, 0xff, 0x00, 0xff, 0xff, 0xff, 0x00, 0xff, 0xff, 0xff, 0x00, 0xff, 0xff, 0xff, 0x00,
0xff, 0xff, 0xff, 0x00, 0xff, 0xff, 0xff, 0x00, 0xff, 0xff, 0xff, 0x00, 0xff, 0xff, 0xff,
0x00, 0xff, 0xff, 0xff, 0x00, 0xff, 0xff, 0xff, 0x00, 0xff, 0xff, 0xff, 0x00, 0xff, 0xff,
0xff, 0x00, 0xff, 0xff, 0xff, 0x00, 0xff, 0xff, 0xff, 0x00, 0xff, 0xff, 0xff, 0x00, 0xff,
0xff, 0xff, 0x00, 0xff, 0xff, 0xff, 0x00, 0xff, 0xff, 0xff, 0x00, 0xff, 0xff, 0xff, 0x00,
0xff, 0xff, 0xff, 0x00, 0xff, 0xff, 0xff, 0x00, 0xff, 0xff, 0xff, 0x00, 0xff, 0xff, 0xff,
0x00, 0xff, 0xff, 0xff, 0x00, 0xff, 0xff, 0xff, 0x00, 0xff, 0xff, 0xff, 0x00, 0xff, 0xff,
0xff, 0x00, 0xff, 0xff, 0xff, 0x00, 0xff, 0xff, 0xff, 0x00, 0xff, 0xff, 0xff, 0x00, 0xff,
0xff, 0xff, 0x00, 0xff, 0xff, 0xff, 0x00, 0xff, 0xff, 0xff, 0x00, 0xff, 0xff, 0xff, 0x00,
0xff, 0xff, 0xff, 0x00, 0xff, 0xff, 0xff, 0x00, 0xff, 0xff, 0xff, 0x00, 0xff, 0xff, 0xff,
0x00, 0xff, 0xff, 0xff, 0x00, 0xff, 0xff, 0xff, 0x00, 0xff, 0xff, 0xff, 0x00, 0xff, 0xff,
0xff, 0x00, 0xff, 0xff, 0xff, 0x00, 0xff, 0xff, 0xff, 0x00, 0xff, 0xff, 0xff, 0x00, 0xff,
0xff, 0xff, 0x00, 0xff, 0xff, 0xff, 0x00, 0xff, 0xff, 0xff, 0x00, 0xff, 0xff, 0xff, 0x00,
0xff, 0xff, 0xff, 0x00, 0xff, 0xff, 0xff, 0x00, 0xff, 0xff, 0xff, 0x00, 0xff, 0xff, 0xff,
0x00, 0xff, 0xff, 0xff, 0x00, 0xff, 0xff, 0xff, 0x00, 0xff, 0xff, 0xff, 0x00, 0xff, 0xff,
0xff, 0x00, 0xff, 0xff, 0xff, 0x00, 0xff, 0xff, 0xff, 0x00, 0xff, 0xff, 0xff, 0x00, 0xff,
0xff, 0xff, 0x00, 0xff, 0xff, 0xff, 0x00, 0xff, 0xff, 0xff, 0x00, 0xff, 0xff, 0xff, 0x00,
0xff, 0xff, 0xff, 0x00, 0xff, 0xff, 0xff, 0x00, 0xff, 0xff, 0xff, 0x00, 0xff, 0xff, 0xff,
0x00, 0x01, 0x80, 0x80, 0x02, 0x01, 0xc3, 0xf9, 0x2a, 0x01, 0xc8, 0xfa, 0x5b, 0x03, 0xc8,
0xfa, 0x81, 0x03, 0xc7, 0xfb, 0xa7, 0x03, 0xc8, 0xfa, 0xc9, 0x03, 0xc8, 0xfb, 0xe3, 0x03,
0xc8, 0xfb, 0xfb, 0x03, 0xc8, 0xfb, 0xff, 0x03, 0xc8, 0xfb, 0xff, 0x03, 0xc8, 0xfb, 0xff,
0x03, 0xc8, 0xfb, 0xff, 0x03, 0xc8, 0xfb, 0xff, 0x03, 0xc8, 0xfb, 0xff, 0x03, 0xc8, 0xfb,
0xff, 0x03, 0xc8, 0xfb, 0xff, 0x03, 0xc8, 0xfb, 0xf7, 0x03, 0xc8, 0xfb, 0xdd, 0x03, 0xc8,
0xfa, 0xc1, 0x03, 0xc8, 0xfb, 0x9f, 0x01, 0xc8, 0xfb, 0x78, 0x01, 0xc8, 0xf9, 0x4e, 0x01,
0xc0, 0xf6, 0x1c, 0xff, 0xff, 0xff, 0x00, 0xff, 0xff, 0xff, 0x00, 0xff, 0xff, 0xff, 0x00,
0xff, 0xff, 0xff, 0x00, 0xff, 0xff, 0xff, 0x00, 0xff, 0xff, 0xff, 0x00, 0xff, 0xff, 0xff,
0x00, 0xff, 0xff, 0xff, 0x00, 0xff, 0xff, 0xff, 0x00, 0xff, 0xff, 0xff, 0x00, 0xff, 0xff,
0xff, 0x00, 0xff, 0xff, 0xff, 0x00, 0xff, 0xff, 0xff, 0x00, 0xff, 0xff, 0xff, 0x00, 0xff,
0xff, 0xff, 0x00, 0xff, 0xff, 0xff, 0x00, 0xff, 0xff, 0xff, 0x00, 0xff, 0xff, 0xff, 0x00,
0xff, 0xff, 0xff, 0x00, 0xff, 0xff, 0xff, 0x00, 0xff, 0xff, 0xff, 0x00, 0xff, 0xff, 0xff,
0x00, 0xff, 0xff, 0xff, 0x00, 0xff, 0xff, 0xff, 0x00, 0xff, 0xff, 0xff, 0x00, 0xff, 0xff,
0xff, 0x00, 0xff, 0xff, 0xff, 0x00, 0xff, 0xff, 0xff, 0x00, 0xff, 0xff, 0xff, 0x00, 0xff,
0xff, 0xff, 0x00, 0xff, 0xff, 0xff, 0x00, 0xff, 0xff, 0xff, 0x00, 0xff, 0xff, 0xff, 0x00,
0xff, 0xff, 0xff, 0x00, 0xff, 0xff, 0xff, 0x00, 0xff, 0xff, 0xff, 0x00, 0xff, 0xff, 0xff,
0x00, 0xff, 0xff, 0xff, 0x00, 0xff, 0xff, 0xff, 0x00, 0xff, 0xff, 0xff, 0x00, 0xff, 0xff,
0xff, 0x00, 0xff, 0xff, 0xff, 0x00, 0xff, 0xff, 0xff, 0x00, 0xff, 0xff, 0xff, 0x00, 0xff,
0xff, 0xff, 0x00, 0xff, 0xff, 0xff, 0x00, 0xff, 0xff, 0xff, 0x00, 0xff, 0xff, 0xff, 0x00,
0xff, 0xff, 0xff, 0x00, 0xff, 0xff, 0xff, 0x00, 0xff, 0xff, 0xff, 0x00, 0xff, 0xff, 0xff,
0x00, 0xff, 0xff, 0xff, 0x00, 0xff, 0xff, 0xff, 0x00, 0xff, 0xff, 0xff, 0x00, 0xff, 0xff,
0xff, 0x00, 0xff, 0xff, 0xff, 0x00, 0xff, 0xff, 0xff, 0x00, 0xff, 0xff, 0xff, 0x00, 0xff,
0xff, 0xff, 0x00, 0xff, 0xff, 0xff, 0x00, 0xff, 0xff, 0xff, 0x00, 0xff, 0xff, 0xff, 0x00,
0xff, 0xff, 0xff, 0x00, 0xff, 0xff, 0xff, 0x00, 0xff, 0xff, 0xff, 0x00, 0xff, 0xff, 0xff,
0x00, 0xff, 0xff, 0xff, 0x00, 0xff, 0xff, 0xff, 0x00, 0xff, 0xff, 0xff, 0x00, 0xff, 0xff,
0xff, 0x00, 0xff, 0xff, 0xff, 0x00, 0xff, 0xff, 0xff, 0x00, 0xff, 0xff, 0xff, 0x00, 0xff,
0xff, 0xff, 0x00, 0xff, 0xff, 0xff, 0x00, 0xff, 0xff, 0xff, 0x00, 0xff, 0xff, 0xff, 0x00,
0xff, 0xff, 0xff, 0x00, 0xff, 0xff, 0xff, 0x00, 0xff, 0xff, 0xff, 0x00, 0xff, 0xff, 0xff,
0x00, 0xff, 0xff, 0xff, 0x00, 0xff, 0xff, 0xff, 0x00, 0xff, 0xff, 0xff, 0x00, 0xff, 0xff,
0xff, 0x00, 0xff, 0xff, 0xff, 0x00, 0xff, 0xff, 0xff, 0x00, 0xff, 0xff, 0xff, 0x00, 0xff,
0xff, 0xff, 0x00, 0xff, 0xff, 0xff, 0x00, 0xff, 0xff, 0xff, 0x00, 0xff, 0xff, 0xff, 0x00,
0xff, 0xff, 0xff, 0x00, 0xff, 0xff, 0xff, 0x00, 0xff, 0xff, 0xff, 0x00, 0xff, 0xff, 0xff,
0x00, 0xff, 0xff, 0xff, 0x00, 0xff, 0xff, 0xff, 0x00, 0xff, 0xff, 0xff, 0x00, 0xff, 0xff,
0xff, 0x00, 0x01, 0xab, 0xab, 0x03, 0x01, 0xc7, 0xfb, 0x3a, 0x01, 0xc8, 0xfb, 0x7c, 0x03,
0xc8, 0xfb, 0xbc, 0x03, 0xc8, 0xfb, 0xf3, 0x03, 0xc8, 0xfb, 0xff, 0x03, 0xc8, 0xfb, 0xff,
0x03, 0xc8, 0xfb, 0xff, 0x03, 0xc8, 0xfb, 0xff, 0x03, 0xc8, 0xfb, 0xff, 0x03, 0xc8, 0xfb,
0xff, 0x03, 0xc8, 0xfb, 0xff, 0x03, 0xc8, 0xfb, 0xff, 0x03, 0xc8, 0xfb, 0xff, 0x03, 0xc8,
0xfb, 0xff, 0x03, 0xc8, 0xfb, 0xff, 0x03, 0xc8, 0xfb, 0xff, 0x03, 0xc8, 0xfb, 0xff, 0x03,
0xc8, 0xfb, 0xff, 0x03, 0xc8, 0xfb, 0xff, 0x03, 0xc8, 0xfb, 0xff, 0x03, 0xc8, 0xfb, 0xff,
0x03, 0xc8, 0xfb, 0xff, 0x03, 0xc8, 0xfb, 0xff, 0x03, 0xc8, 0xfb, 0xff, 0x03, 0xc8, 0xfb,
0xff, 0x03, 0xc8, 0xfb, 0xff, 0x03, 0xc8, 0xfb, 0xe8, 0x03, 0xc8, 0xfb, 0xaf, 0x01, 0xc8,
0xfb, 0x6e, 0x01, 0xc4, 0xfa, 0x2b, 0xff, 0xff, 0xff, 0x00, 0xff, 0xff, 0xff, 0x00, 0xff,
0xff, 0xff, 0x00, 0xff, 0xff, 0xff, 0x00, 0xff, 0xff, 0xff, 0x00, 0xff, 0xff, 0xff, 0x00,
0xff, 0xff, 0xff, 0x00, 0xff, 0xff, 0xff, 0x00, 0xff, 0xff, 0xff, 0x00, 0xff, 0xff, 0xff,
0x00, 0xff, 0xff, 0xff, 0x00, 0xff, 0xff, 0xff, 0x00, 0xff, 0xff, 0xff, 0x00, 0xff, 0xff,
0xff, 0x00, 0xff, 0xff, 0xff, 0x00, 0xff, 0xff, 0xff, 0x00, 0xff, 0xff, 0xff, 0x00, 0xff,
0xff, 0xff, 0x00, 0xff, 0xff, 0xff, 0x00, 0xff, 0xff, 0xff, 0x00, 0xff, 0xff, 0xff, 0x00,
0xff, 0xff, 0xff, 0x00, 0xff, 0xff, 0xff, 0x00, 0xff, 0xff, 0xff, 0x00, 0xff, 0xff, 0xff,
0x00, 0xff, 0xff, 0xff, 0x00, 0xff, 0xff, 0xff, 0x00, 0xff, 0xff, 0xff, 0x00, 0xff, 0xff,
0xff, 0x00, 0xff, 0xff, 0xff, 0x00, 0xff, 0xff, 0xff, 0x00, 0xff, 0xff, 0xff, 0x00, 0xff,
0xff, 0xff, 0x00, 0xff, 0xff, 0xff, 0x00, 0xff, 0xff, 0xff, 0x00, 0xff, 0xff, 0xff, 0x00,
0xff, 0xff, 0xff, 0x00, 0xff, 0xff, 0xff, 0x00, 0xff, 0xff, 0xff, 0x00, 0xff, 0xff, 0xff,
0x00, 0xff, 0xff, 0xff, 0x00, 0xff, 0xff, 0xff, 0x00, 0xff, 0xff, 0xff, 0x00, 0xff, 0xff,
0xff, 0x00, 0xff, 0xff, 0xff, 0x00, 0xff, 0xff, 0xff, 0x00, 0xff, 0xff, 0xff, 0x00, 0xff,
0xff, 0xff, 0x00, 0xff, 0xff, 0xff, 0x00, 0xff, 0xff, 0xff, 0x00, 0xff, 0xff, 0xff, 0x00,
0xff, 0xff, 0xff, 0x00, 0xff, 0xff, 0xff, 0x00, 0xff, 0xff, 0xff, 0x00, 0xff, 0xff, 0xff,
0x00, 0xff, 0xff, 0xff, 0x00, 0xff, 0xff, 0xff, 0x00, 0xff, 0xff, 0xff, 0x00, 0xff, 0xff,
0xff, 0x00, 0xff, 0xff, 0xff, 0x00, 0xff, 0xff, 0xff, 0x00, 0xff, 0xff, 0xff, 0x00, 0xff,
0xff, 0xff, 0x00, 0xff, 0xff, 0xff, 0x00, 0xff, 0xff, 0xff, 0x00, 0xff, 0xff, 0xff, 0x00,
0xff, 0xff, 0xff, 0x00, 0xff, 0xff, 0xff, 0x00, 0xff, 0xff, 0xff, 0x00, 0xff, 0xff, 0xff,
0x00, 0xff, 0xff, 0xff, 0x00, 0xff, 0xff, 0xff, 0x00, 0xff, 0xff, 0xff, 0x00, 0xff, 0xff,
0xff, 0x00, 0xff, 0xff, 0xff, 0x00, 0xff, 0xff, 0xff, 0x00, 0xff, 0xff, 0xff, 0x00, 0xff,
0xff, 0xff, 0x00, 0xff, 0xff, 0xff, 0x00, 0xff, 0xff, 0xff, 0x00, 0xff, 0xff, 0xff, 0x00,
0xff, 0xff, 0xff, 0x00, 0xff, 0xff, 0xff, 0x00, 0xff, 0xff, 0xff, 0x00, 0xff, 0xff, 0xff,
0x00, 0xff, 0xff, 0xff, 0x00, 0xff, 0xff, 0xff, 0x00, 0xff, 0xff, 0xff, 0x00, 0xff, 0xff,
0xff, 0x00, 0xff, 0xff, 0xff, 0x00, 0xff, 0xff, 0xff, 0x00, 0xff, 0xff, 0xff, 0x00, 0xff,
0xff, 0xff, 0x00, 0xff, 0xff, 0xff, 0x00, 0x01, 0xab, 0xd5, 0x06, 0x01, 0xc7, 0xf9, 0x4c,
0x03, 0xc8, 0xfb, 0xa0, 0x03, 0xc8, 0xfb, 0xeb, 0x03, 0xc8, 0xfb, 0xff, 0x03, 0xc8, 0xfb,
0xff, 0x03, 0xc8, 0xfb, 0xff, 0x03, 0xc8, 0xfb, 0xff, 0x03, 0xc8, 0xfb, 0xff, 0x03, 0xc8,
0xfb, 0xff, 0x03, 0xc8, 0xfb, 0xff, 0x03, 0xc8, 0xfb, 0xff, 0x03, 0xc8, 0xfb, 0xff, 0x03,
0xc8, 0xfb, 0xff, 0x03, 0xc8, 0xfb, 0xff, 0x03, 0xc8, 0xfb, 0xff, 0x03, 0xc8, 0xfb, 0xff,
0x03, 0xc8, 0xfb, 0xff, 0x03, 0xc8, 0xfb, 0xff, 0x03, 0xc8, 0xfb, 0xff, 0x03, 0xc8, 0xfb,
0xff, 0x03, 0xc8, 0xfb, 0xff, 0x03, 0xc8, 0xfb, 0xff, 0x03, 0xc8, 0xfb, 0xff, 0x03, 0xc8,
0xfb, 0xff, 0x03, 0xc8, 0xfb, 0xff, 0x03, 0xc8, 0xfb, 0xff, 0x03, 0xc8, 0xfb, 0xff, 0x03,
0xc8, 0xfb, 0xff, 0x03, 0xc8, 0xfb, 0xff, 0x03, 0xc8, 0xfb, 0xff, 0x03, 0xc8, 0xfb, 0xff,
0x03, 0xc8, 0xfb, 0xff, 0x03, 0xc8, 0xfb, 0xff, 0x03, 0xc8, 0xfb, 0xdf, 0x03, 0xc7, 0xfa,
0x91, 0x01, 0xc5, 0xf8, 0x41, 0x01, 0x80, 0x80, 0x02, 0xff, 0xff, 0xff, 0x00, 0xff, 0xff,
0xff, 0x00, 0xff, 0xff, 0xff, 0x00, 0xff, 0xff, 0xff, 0x00, 0xff, 0xff, 0xff, 0x00, 0xff,
0xff, 0xff, 0x00, 0xff, 0xff, 0xff, 0x00, 0xff, 0xff, 0xff, 0x00, 0xff, 0xff, 0xff, 0x00,
0xff, 0xff, 0xff, 0x00, 0xff, 0xff, 0xff, 0x00, 0xff, 0xff, 0xff, 0x00, 0xff, 0xff, 0xff,
0x00, 0xff, 0xff, 0xff, 0x00, 0xff, 0xff, 0xff, 0x00, 0xff, 0xff, 0xff, 0x00, 0xff, 0xff,
0xff, 0x00, 0xff, 0xff, 0xff, 0x00, 0xff, 0xff, 0xff, 0x00, 0xff, 0xff, 0xff, 0x00, 0xff,
0xff, 0xff, 0x00, 0xff, 0xff, 0xff, 0x00, 0xff, 0xff, 0xff, 0x00, 0xff, 0xff, 0xff, 0x00,
0xff, 0xff, 0xff, 0x00, 0xff, 0xff, 0xff, 0x00, 0xff, 0xff, 0xff, 0x00, 0xff, 0xff, 0xff,
0x00, 0xff, 0xff, 0xff, 0x00, 0xff, 0xff, 0xff, 0x00, 0xff, 0xff, 0xff, 0x00, 0xff, 0xff,
0xff, 0x00, 0xff, 0xff, 0xff, 0x00, 0xff, 0xff, 0xff, 0x00, 0xff, 0xff, 0xff, 0x00, 0xff,
0xff, 0xff, 0x00, 0xff, 0xff, 0xff, 0x00, 0xff, 0xff, 0xff, 0x00, 0xff, 0xff, 0xff, 0x00,
0xff, 0xff, 0xff, 0x00, 0xff, 0xff, 0xff, 0x00, 0xff, 0xff, 0xff, 0x00, 0xff, 0xff, 0xff,
0x00, 0xff, 0xff, 0xff, 0x00, 0xff, 0xff, 0xff, 0x00, 0xff, 0xff, 0xff, 0x00, 0xff, 0xff,
0xff, 0x00, 0xff, 0xff, 0xff, 0x00, 0xff, 0xff, 0xff, 0x00, 0xff, 0xff, 0xff, 0x00, 0xff,
0xff, 0xff, 0x00, 0xff, 0xff, 0xff, 0x00, 0xff, 0xff, 0xff, 0x00, 0xff, 0xff, 0xff, 0x00,
0xff, 0xff, 0xff, 0x00, 0xff, 0xff, 0xff, 0x00, 0xff, 0xff, 0xff, 0x00, 0xff, 0xff, 0xff,
0x00, 0xff, 0xff, 0xff, 0x00, 0xff, 0xff, 0xff, 0x00, 0xff, 0xff, 0xff, 0x00, 0xff, 0xff,
0xff, 0x00, 0xff, 0xff, 0xff, 0x00, 0xff, 0xff, 0xff, 0x00, 0xff, 0xff, 0xff, 0x00, 0xff,
0xff, 0xff, 0x00, 0xff, 0xff, 0xff, 0x00, 0xff, 0xff, 0xff, 0x00, 0xff, 0xff, 0xff, 0x00,
0xff, 0xff, 0xff, 0x00, 0xff, 0xff, 0xff, 0x00, 0xff, 0xff, 0xff, 0x00, 0xff, 0xff, 0xff,
0x00, 0xff, 0xff, 0xff, 0x00, 0xff, 0xff, 0xff, 0x00, 0xff, 0xff, 0xff, 0x00, 0xff, 0xff,
0xff, 0x00, 0xff, 0xff, 0xff, 0x00, 0xff, 0xff, 0xff, 0x00, 0xff, 0xff, 0xff, 0x00, 0xff,
0xff, 0xff, 0x00, 0xff, 0xff, 0xff, 0x00, 0xff, 0xff, 0xff, 0x00, 0xff, 0xff, 0xff, 0x00,
0xff, 0xff, 0xff, 0x00, 0xff, 0xff, 0xff, 0x00, 0xff, 0xff, 0xff, 0x00, 0xff, 0xff, 0xff,
0x00, 0x01, 0xc4, 0xfa, 0x2f, 0x03, 0xc7, 0xfa, 0x95, 0x03, 0xc8, 0xfb, 0xec, 0x03, 0xc8,
0xfb, 0xff, 0x03, 0xc8, 0xfb, 0xff, 0x03, 0xc8, 0xfb, 0xff, 0x03, 0xc8, 0xfb, 0xff, 0x03,
0xc8, 0xfb, 0xff, 0x03, 0xc8, 0xfb, 0xff, 0x03, 0xc8, 0xfb, 0xff, 0x03, 0xc8, 0xfb, 0xff,
0x03, 0xc8, 0xfb, 0xff, 0x03, 0xc8, 0xfb, 0xff, 0x03, 0xc8, 0xfb, 0xff, 0x03, 0xc8, 0xfb,
0xff, 0x03, 0xc8, 0xfb, 0xff, 0x03, 0xc8, 0xfb, 0xff, 0x03, 0xc8, 0xfb, 0xff, 0x03, 0xc8,
0xfb, 0xff, 0x03, 0xc8, 0xfb, 0xff, 0x03, 0xc8, 0xfb, 0xff, 0x03, 0xc8, 0xfb, 0xff, 0x03,
0xc8, 0xfb, 0xff, 0x03, 0xc8, 0xfb, 0xff, 0x03, 0xc8, 0xfb, 0xff, 0x03, 0xc8, 0xfb, 0xff,
0x03, 0xc8, 0xfb, 0xff, 0x03, 0xc8, 0xfb, 0xff, 0x03, 0xc8, 0xfb, 0xff, 0x03, 0xc8, 0xfb,
0xff, 0x03, 0xc8, 0xfb, 0xff, 0x03, 0xc8, 0xfb, 0xff, 0x03, 0xc8, 0xfb, 0xff, 0x03, 0xc8,
0xfb, 0xff, 0x03, 0xc8, 0xfb, 0xff, 0x03, 0xc8, 0xfb, 0xff, 0x03, 0xc8, 0xfb, 0xff, 0x03,
0xc8, 0xfb, 0xff, 0x03, 0xc8, 0xfb, 0xff, 0x03, 0xc8, 0xfb, 0xe3, 0x03, 0xc8, 0xfa, 0x89,
0x01, 0xc5, 0xf9, 0x27, 0xff, 0xff, 0xff, 0x00, 0xff, 0xff, 0xff, 0x00, 0xff, 0xff, 0xff,
0x00, 0xff, 0xff, 0xff, 0x00, 0xff, 0xff, 0xff, 0x00, 0xff, 0xff, 0xff, 0x00, 0xff, 0xff,
0xff, 0x00, 0xff, 0xff, 0xff, 0x00, 0xff, 0xff, 0xff, 0x00, 0xff, 0xff, 0xff, 0x00, 0xff,
0xff, 0xff, 0x00, 0xff, 0xff, 0xff, 0x00, 0xff, 0xff, 0xff, 0x00, 0xff, 0xff, 0xff, 0x00,
0xff, 0xff, 0xff, 0x00, 0xff, 0xff, 0xff, 0x00, 0xff, 0xff, 0xff, 0x00, 0xff, 0xff, 0xff,
0x00, 0xff, 0xff, 0xff, 0x00, 0xff, 0xff, 0xff, 0x00, 0xff, 0xff, 0xff, 0x00, 0xff, 0xff,
0xff, 0x00, 0xff, 0xff, 0xff, 0x00, 0xff, 0xff, 0xff, 0x00, 0xff, 0xff, 0xff, 0x00, 0xff,
0xff, 0xff, 0x00, 0xff, 0xff, 0xff, 0x00, 0xff, 0xff, 0xff, 0x00, 0xff, 0xff, 0xff, 0x00,
0xff, 0xff, 0xff, 0x00, 0xff, 0xff, 0xff, 0x00, 0xff, 0xff, 0xff, 0x00, 0xff, 0xff, 0xff,
0x00, 0xff, 0xff, 0xff, 0x00, 0xff, 0xff, 0xff, 0x00, 0xff, 0xff, 0xff, 0x00, 0xff, 0xff,
0xff, 0x00, 0xff, 0xff, 0xff, 0x00, 0xff, 0xff, 0xff, 0x00, 0xff, 0xff, 0xff, 0x00, 0xff,
0xff, 0xff, 0x00, 0xff, 0xff, 0xff, 0x00, 0xff, 0xff, 0xff, 0x00, 0xff, 0xff, 0xff, 0x00,
0xff, 0xff, 0xff, 0x00, 0xff, 0xff, 0xff, 0x00, 0xff, 0xff, 0xff, 0x00, 0xff, 0xff, 0xff,
0x00, 0xff, 0xff, 0xff, 0x00, 0xff, 0xff, 0xff, 0x00, 0xff, 0xff, 0xff, 0x00, 0xff, 0xff,
0xff, 0x00, 0xff, 0xff, 0xff, 0x00, 0xff, 0xff, 0xff, 0x00, 0xff, 0xff, 0xff, 0x00, 0xff,
0xff, 0xff, 0x00, 0xff, 0xff, 0xff, 0x00, 0xff, 0xff, 0xff, 0x00, 0xff, 0xff, 0xff, 0x00,
0xff, 0xff, 0xff, 0x00, 0xff, 0xff, 0xff, 0x00, 0xff, 0xff, 0xff, 0x00, 0xff, 0xff, 0xff,
0x00, 0xff, 0xff, 0xff, 0x00, 0xff, 0xff, 0xff, 0x00, 0xff, 0xff, 0xff, 0x00, 0xff, 0xff,
0xff, 0x00, 0xff, 0xff, 0xff, 0x00, 0xff, 0xff, 0xff, 0x00, 0xff, 0xff, 0xff, 0x00, 0xff,
0xff, 0xff, 0x00, 0xff, 0xff, 0xff, 0x00, 0xff, 0xff, 0xff, 0x00, 0xff, 0xff, 0xff, 0x00,
0xff, 0xff, 0xff, 0x00, 0xff, 0xff, 0xff, 0x00, 0xff, 0xff, 0xff, 0x00, 0xff, 0xff, 0xff,
0x00, 0xff, 0xff, 0xff, 0x00, 0xff, 0xff, 0xff, 0x00, 0xff, 0xff, 0xff, 0x00, 0xff, 0xff,
0xff, 0x00, 0xff, 0xff, 0xff, 0x00, 0x01, 0xab, 0xab, 0x03, 0x01, 0xc6, 0xf9, 0x54, 0x03,
0xc8, 0xfa, 0xc6, 0x03, 0xc8, 0xfb, 0xff, 0x03, 0xc8, 0xfb, 0xff, 0x03, 0xc8, 0xfb, 0xff,
0x03, 0xc8, 0xfb, 0xff, 0x03, 0xc8, 0xfb, 0xff, 0x03, 0xc8, 0xfb, 0xff, 0x03, 0xc8, 0xfb,
0xff, 0x03, 0xc8, 0xfb, 0xff, 0x03, 0xc8, 0xfb, 0xff, 0x03, 0xc8, 0xfb, 0xff, 0x03, 0xc8,
0xfb, 0xff, 0x03, 0xc8, 0xfb, 0xff, 0x03, 0xc8, 0xfb, 0xff, 0x03, 0xc8, 0xfb, 0xff, 0x03,
0xc8, 0xfb, 0xff, 0x03, 0xc8, 0xfb, 0xff, 0x03, 0xc8, 0xfb, 0xff, 0x03, 0xc8, 0xfb, 0xff,
0x03, 0xc8, 0xfb, 0xff, 0x03, 0xc8, 0xfb, 0xff, 0x03, 0xc8, 0xfb, 0xff, 0x03, 0xc8, 0xfb,
0xff, 0x03, 0xc8, 0xfb, 0xff, 0x03, 0xc8, 0xfb, 0xff, 0x03, 0xc8, 0xfb, 0xff, 0x03, 0xc8,
0xfb, 0xff, 0x03, 0xc8, 0xfb, 0xff, 0x03, 0xc8, 0xfb, 0xff, 0x03, 0xc8, 0xfb, 0xff, 0x03,
0xc8, 0xfb, 0xff, 0x03, 0xc8, 0xfb, 0xff, 0x03, 0xc8, 0xfb, 0xff, 0x03, 0xc8, 0xfb, 0xff,
0x03, 0xc8, 0xfb, 0xff, 0x03, 0xc8, 0xfb, 0xff, 0x03, 0xc8, 0xfb, 0xff, 0x03, 0xc8, 0xfb,
0xff, 0x03, 0xc8, 0xfb, 0xff, 0x03, 0xc8, 0xfb, 0xff, 0x03, 0xc8, 0xfb, 0xff, 0x03, 0xc8,
0xfb, 0xff, 0x03, 0xc8, 0xfb, 0xfe, 0x03, 0xc8, 0xfb, 0xbb, 0x01, 0xc7, 0xf9, 0x51, 0x01,
0x80, 0x80, 0x02, 0xff, 0xff, 0xff, 0x00, 0xff, 0xff, 0xff, 0x00, 0xff, 0xff, 0xff, 0x00,
0xff, 0xff, 0xff, 0x00, 0xff, 0xff, 0xff, 0x00, 0xff, 0xff, 0xff, 0x00, 0xff, 0xff, 0xff,
0x00, 0xff, 0xff, 0xff, 0x00, 0xff, 0xff, 0xff, 0x00, 0xff, 0xff, 0xff, 0x00, 0xff, 0xff,
0xff, 0x00, 0xff, 0xff, 0xff, 0x00, 0xff, 0xff, 0xff, 0x00, 0xff, 0xff, 0xff, 0x00, 0xff,
0xff, 0xff, 0x00, 0xff, 0xff, 0xff, 0x00, 0xff, 0xff, 0xff, 0x00, 0xff, 0xff, 0xff, 0x00,
0xff, 0xff, 0xff, 0x00, 0xff, 0xff, 0xff, 0x00, 0xff, 0xff, 0xff, 0x00, 0xff, 0xff, 0xff,
0x00, 0xff, 0xff, 0xff, 0x00, 0xff, 0xff, 0xff, 0x00, 0xff, 0xff, 0xff, 0x00, 0xff, 0xff,
0xff, 0x00, 0xff, 0xff, 0xff, 0x00, 0xff, 0xff, 0xff, 0x00, 0xff, 0xff, 0xff, 0x00, 0xff,
0xff, 0xff, 0x00, 0xff, 0xff, 0xff, 0x00, 0xff, 0xff, 0xff, 0x00, 0xff, 0xff, 0xff, 0x00,
0xff, 0xff, 0xff, 0x00, 0xff, 0xff, 0xff, 0x00, 0xff, 0xff, 0xff, 0x00, 0xff, 0xff, 0xff,
0x00, 0xff, 0xff, 0xff, 0x00, 0xff, 0xff, 0xff, 0x00, 0xff, 0xff, 0xff, 0x00, 0xff, 0xff,
0xff, 0x00, 0xff, 0xff, 0xff, 0x00, 0xff, 0xff, 0xff, 0x00, 0xff, 0xff, 0xff, 0x00, 0xff,
0xff, 0xff, 0x00, 0xff, 0xff, 0xff, 0x00, 0xff, 0xff, 0xff, 0x00, 0xff, 0xff, 0xff, 0x00,
0xff, 0xff, 0xff, 0x00, 0xff, 0xff, 0xff, 0x00, 0xff, 0xff, 0xff, 0x00, 0xff, 0xff, 0xff,
0x00, 0xff, 0xff, 0xff, 0x00, 0xff, 0xff, 0xff, 0x00, 0xff, 0xff, 0xff, 0x00, 0xff, 0xff,
0xff, 0x00, 0xff, 0xff, 0xff, 0x00, 0xff, 0xff, 0xff, 0x00, 0xff, 0xff, 0xff, 0x00, 0xff,
0xff, 0xff, 0x00, 0xff, 0xff, 0xff, 0x00, 0xff, 0xff, 0xff, 0x00, 0xff, 0xff, 0xff, 0x00,
0xff, 0xff, 0xff, 0x00, 0xff, 0xff, 0xff, 0x00, 0xff, 0xff, 0xff, 0x00, 0xff, 0xff, 0xff,
0x00, 0xff, 0xff, 0xff, 0x00, 0xff, 0xff, 0xff, 0x00, 0xff, 0xff, 0xff, 0x00, 0xff, 0xff,
0xff, 0x00, 0xff, 0xff, 0xff, 0x00, 0xff, 0xff, 0xff, 0x00, 0xff, 0xff, 0xff, 0x00, 0xff,
0xff, 0xff, 0x00, 0xff, 0xff, 0xff, 0x00, 0xff, 0xff, 0xff, 0x00, 0xff, 0xff, 0xff, 0x00,
0x01, 0xc0, 0xc0, 0x04, 0x01, 0xc7, 0xfa, 0x63, 0x03, 0xc8, 0xfb, 0xdb, 0x03, 0xc8, 0xfb,
0xff, 0x03, 0xc8, 0xfb, 0xff, 0x03, 0xc8, 0xfb, 0xff, 0x03, 0xc8, 0xfb, 0xff, 0x03, 0xc8,
0xfb, 0xff, 0x03, 0xc8, 0xfb, 0xff, 0x03, 0xc8, 0xfb, 0xff, 0x03, 0xc8, 0xfb, 0xff, 0x03,
0xc8, 0xfb, 0xff, 0x03, 0xc8, 0xfb, 0xff, 0x03, 0xc8, 0xfb, 0xff, 0x03, 0xc8, 0xfb, 0xff,
0x03, 0xc8, 0xfb, 0xff, 0x03, 0xc8, 0xfb, 0xff, 0x03, 0xc8, 0xfb, 0xff, 0x03, 0xc8, 0xfb,
0xff, 0x03, 0xc8, 0xfb, 0xff, 0x03, 0xc8, 0xfb, 0xff, 0x03, 0xc8, 0xfb, 0xff, 0x03, 0xc8,
0xfb, 0xff, 0x03, 0xc8, 0xfb, 0xff, 0x03, 0xc8, 0xfb, 0xff, 0x03, 0xc8, 0xfb, 0xff, 0x03,
0xc8, 0xfb, 0xff, 0x03, 0xc8, 0xfb, 0xff, 0x03, 0xc8, 0xfb, 0xff, 0x03, 0xc8, 0xfb, 0xff,
0x03, 0xc8, 0xfb, 0xff, 0x03, 0xc8, 0xfb, 0xff, 0x03, 0xc8, 0xfb, 0xff, 0x03, 0xc8, 0xfb,
0xff, 0x03, 0xc8, 0xfb, 0xff, 0x03, 0xc8, 0xfb, 0xff, 0x03, 0xc8, 0xfb, 0xff, 0x03, 0xc8,
0xfb, 0xff, 0x03, 0xc8, 0xfb, 0xff, 0x03, 0xc8, 0xfb, 0xff, 0x03, 0xc8, 0xfb, 0xff, 0x03,
0xc8, 0xfb, 0xff, 0x03, 0xc8, 0xfb, 0xff, 0x03, 0xc8, 0xfb, 0xff, 0x03, 0xc8, 0xfb, 0xff,
0x03, 0xc8, 0xfb, 0xff, 0x03, 0xc8, 0xfb, 0xff, 0x03, 0xc8, 0xfb, 0xff, 0x03, 0xc8, 0xfb,
0xff, 0x03, 0xc8, 0xfb, 0xd8, 0x01, 0xc8, 0xfa, 0x64, 0x01, 0xab, 0xd5, 0x06, 0xff, 0xff,
0xff, 0x00, 0xff, 0xff, 0xff, 0x00, 0xff, 0xff, 0xff, 0x00, 0xff, 0xff, 0xff, 0x00, 0xff,
0xff, 0xff, 0x00, 0xff, 0xff, 0xff, 0x00, 0xff, 0xff, 0xff, 0x00, 0xff, 0xff, 0xff, 0x00,
0xff, 0xff, 0xff, 0x00, 0xff, 0xff, 0xff, 0x00, 0xff, 0xff, 0xff, 0x00, 0xff, 0xff, 0xff,
0x00, 0xff, 0xff, 0xff, 0x00, 0xff, 0xff, 0xff, 0x00, 0xff, 0xff, 0xff, 0x00, 0xff, 0xff,
0xff, 0x00, 0xff, 0xff, 0xff, 0x00, 0xff, 0xff, 0xff, 0x00, 0xff, 0xff, 0xff, 0x00, 0xff,
0xff, 0xff, 0x00, 0xff, 0xff, 0xff, 0x00, 0xff, 0xff, 0xff, 0x00, 0xff, 0xff, 0xff, 0x00,
0xff, 0xff, 0xff, 0x00, 0xff, 0xff, 0xff, 0x00, 0xff, 0xff, 0xff, 0x00, 0xff, 0xff, 0xff,
0x00, 0xff, 0xff, 0xff, 0x00, 0xff, 0xff, 0xff, 0x00, 0xff, 0xff, 0xff, 0x00, 0xff, 0xff,
0xff, 0x00, 0xff, 0xff, 0xff, 0x00, 0xff, 0xff, 0xff, 0x00, 0xff, 0xff, 0xff, 0x00, 0xff,
0xff, 0xff, 0x00, 0xff, 0xff, 0xff, 0x00, 0xff, 0xff, 0xff, 0x00, 0xff, 0xff, 0xff, 0x00,
0xff, 0xff, 0xff, 0x00, 0xff, 0xff, 0xff, 0x00, 0xff, 0xff, 0xff, 0x00, 0xff, 0xff, 0xff,
0x00, 0xff, 0xff, 0xff, 0x00, 0xff, 0xff, 0xff, 0x00, 0xff, 0xff, 0xff, 0x00, 0xff, 0xff,
0xff, 0x00, 0xff, 0xff, 0xff, 0x00, 0xff, 0xff, 0xff, 0x00, 0xff, 0xff, 0xff, 0x00, 0xff,
0xff, 0xff, 0x00, 0xff, 0xff, 0xff, 0x00, 0xff, 0xff, 0xff, 0x00, 0xff, 0xff, 0xff, 0x00,
0xff, 0xff, 0xff, 0x00, 0xff, 0xff, 0xff, 0x00, 0xff, 0xff, 0xff, 0x00, 0xff, 0xff, 0xff,
0x00, 0xff, 0xff, 0xff, 0x00, 0xff, 0xff, 0xff, 0x00, 0xff, 0xff, 0xff, 0x00, 0xff, 0xff,
0xff, 0x00, 0xff, 0xff, 0xff, 0x00, 0xff, 0xff, 0xff, 0x00, 0xff, 0xff, 0xff, 0x00, 0xff,
0xff, 0xff, 0x00, 0xff, 0xff, 0xff, 0x00, 0xff, 0xff, 0xff, 0x00, 0xff, 0xff, 0xff, 0x00,
0xff, 0xff, 0xff, 0x00, 0xff, 0xff, 0xff, 0x00, 0xff, 0xff, 0xff, 0x00, 0xff, 0xff, 0xff,
0x00, 0xff, 0xff, 0xff, 0x00, 0xff, 0xff, 0xff, 0x00, 0x01, 0x01, 0x01, 0x01, 0x01, 0xc6,
0xf9, 0x50, 0x03, 0xc7, 0xfb, 0xd5, 0x03, 0xc8, 0xfb, 0xff, 0x03, 0xc8, 0xfb, 0xff, 0x03,
0xc8, 0xfb, 0xff, 0x03, 0xc8, 0xfb, 0xff, 0x03, 0xc8, 0xfb, 0xff, 0x03, 0xc8, 0xfb, 0xff,
0x03, 0xc8, 0xfb, 0xff, 0x03, 0xc8, 0xfb, 0xff, 0x03, 0xc8, 0xfb, 0xff, 0x03, 0xc8, 0xfb,
0xff, 0x03, 0xc8, 0xfb, 0xff, 0x03, 0xc8, 0xfb, 0xff, 0x03, 0xc8, 0xfb, 0xff, 0x03, 0xc8,
0xfb, 0xff, 0x03, 0xc8, 0xfb, 0xff, 0x03, 0xc8, 0xfb, 0xff, 0x03, 0xc8, 0xfb, 0xff, 0x03,
0xc8, 0xfb, 0xff, 0x03, 0xc8, 0xfb, 0xff, 0x03, 0xc8, 0xfb, 0xff, 0x03, 0xc8, 0xfb, 0xff,
0x03, 0xc8, 0xfb, 0xff, 0x03, 0xc8, 0xfb, 0xff, 0x03, 0xc8, 0xfb, 0xff, 0x03, 0xc8, 0xfb,
0xff, 0x03, 0xc8, 0xfb, 0xff, 0x03, 0xc8, 0xfb, 0xff, 0x03, 0xc8, 0xfb, 0xff, 0x03, 0xc8,
0xfb, 0xff, 0x03, 0xc8, 0xfb, 0xff, 0x03, 0xc8, 0xfb, 0xff, 0x03, 0xc8, 0xfb, 0xff, 0x03,
0xc8, 0xfb, 0xff, 0x03, 0xc8, 0xfb, 0xff, 0x03, 0xc8, 0xfb, 0xff, 0x03, 0xc8, 0xfb, 0xff,
0x03, 0xc8, 0xfb, 0xff, 0x03, 0xc8, 0xfb, 0xff, 0x03, 0xc8, 0xfb, 0xff, 0x03, 0xc8, 0xfb,
0xff, 0x03, 0xc8, 0xfb, 0xff, 0x03, 0xc8, 0xfb, 0xff, 0x03, 0xc8, 0xfb, 0xff, 0x03, 0xc8,
0xfb, 0xff, 0x03, 0xc8, 0xfb, 0xff, 0x03, 0xc8, 0xfb, 0xff, 0x03, 0xc8, 0xfb, 0xff, 0x03,
0xc8, 0xfb, 0xff, 0x03, 0xc8, 0xfb, 0xff, 0x03, 0xc8, 0xfb, 0xff, 0x03, 0xc8, 0xfb, 0xdb,
0x01, 0xc6, 0xfa, 0x58, 0x01, 0x80, 0x80, 0x02, 0xff, 0xff, 0xff, 0x00, 0xff, 0xff, 0xff,
0x00, 0xff, 0xff, 0xff, 0x00, 0xff, 0xff, 0xff, 0x00, 0xff, 0xff, 0xff, 0x00, 0xff, 0xff,
0xff, 0x00, 0xff, 0xff, 0xff, 0x00, 0xff, 0xff, 0xff, 0x00, 0xff, 0xff, 0xff, 0x00, 0xff,
0xff, 0xff, 0x00, 0xff, 0xff, 0xff, 0x00, 0xff, 0xff, 0xff, 0x00, 0xff, 0xff, 0xff, 0x00,
0xff, 0xff, 0xff, 0x00, 0xff, 0xff, 0xff, 0x00, 0xff, 0xff, 0xff, 0x00, 0xff, 0xff, 0xff,
0x00, 0xff, 0xff, 0xff, 0x00, 0xff, 0xff, 0xff, 0x00, 0xff, 0xff, 0xff, 0x00, 0xff, 0xff,
0xff, 0x00, 0xff, 0xff, 0xff, 0x00, 0xff, 0xff, 0xff, 0x00, 0xff, 0xff, 0xff, 0x00, 0xff,
0xff, 0xff, 0x00, 0xff, 0xff, 0xff, 0x00, 0xff, 0xff, 0xff, 0x00, 0xff, 0xff, 0xff, 0x00,
0xff, 0xff, 0xff, 0x00, 0xff, 0xff, 0xff, 0x00, 0xff, 0xff, 0xff, 0x00, 0xff, 0xff, 0xff,
0x00, 0xff, 0xff, 0xff, 0x00, 0xff, 0xff, 0xff, 0x00, 0xff, 0xff, 0xff, 0x00, 0xff, 0xff,
0xff, 0x00, 0xff, 0xff, 0xff, 0x00, 0xff, 0xff, 0xff, 0x00, 0xff, 0xff, 0xff, 0x00, 0xff,
0xff, 0xff, 0x00, 0xff, 0xff, 0xff, 0x00, 0xff, 0xff, 0xff, 0x00, 0xff, 0xff, 0xff, 0x00,
0xff, 0xff, 0xff, 0x00, 0xff, 0xff, 0xff, 0x00, 0xff, 0xff, 0xff, 0x00, 0xff, 0xff, 0xff,
0x00, 0xff, 0xff, 0xff, 0x00, 0xff, 0xff, 0xff, 0x00, 0xff, 0xff, 0xff, 0x00, 0xff, 0xff,
0xff, 0x00, 0xff, 0xff, 0xff, 0x00, 0xff, 0xff, 0xff, 0x00, 0xff, 0xff, 0xff, 0x00, 0xff,
0xff, 0xff, 0x00, 0xff, 0xff, 0xff, 0x00, 0xff, 0xff, 0xff, 0x00, 0xff, 0xff, 0xff, 0x00,
0xff, 0xff, 0xff, 0x00, 0xff, 0xff, 0xff, 0x00, 0xff, 0xff, 0xff, 0x00, 0xff, 0xff, 0xff,
0x00, 0xff, 0xff, 0xff, 0x00, 0xff, 0xff, 0xff, 0x00, 0xff, 0xff, 0xff, 0x00, 0xff, 0xff,
0xff, 0x00, 0xff, 0xff, 0xff, 0x00, 0xff, 0xff, 0xff, 0x00, 0xff, 0xff, 0xff, 0x00, 0xff,
0xff, 0xff, 0x00, 0xff, 0xff, 0xff, 0x00, 0x01, 0xc3, 0xf9, 0x2a, 0x03, 0xc7, 0xfa, 0xc2,
0x03, 0xc8, 0xfb, 0xff, 0x03, 0xc8, 0xfb, 0xff, 0x03, 0xc8, 0xfb, 0xff, 0x03, 0xc8, 0xfb,
0xff, 0x03, 0xc8, 0xfb, 0xff, 0x03, 0xc8, 0xfb, 0xff, 0x03, 0xc8, 0xfb, 0xff, 0x03, 0xc8,
0xfb, 0xff, 0x03, 0xc8, 0xfb, 0xff, 0x03, 0xc8, 0xfb, 0xff, 0x03, 0xc8, 0xfb, 0xff, 0x03,
0xc8, 0xfb, 0xff, 0x03, 0xc8, 0xfb, 0xff, 0x03, 0xc8, 0xfb, 0xff, 0x03, 0xc8, 0xfb, 0xff,
0x03, 0xc8, 0xfb, 0xff, 0x03, 0xc8, 0xfb, 0xff, 0x03, 0xc8, 0xfb, 0xff, 0x03, 0xc8, 0xfb,
0xff, 0x03, 0xc8, 0xfb, 0xff, 0x03, 0xc8, 0xfb, 0xff, 0x03, 0xc8, 0xfb, 0xff, 0x03, 0xc8,
0xfb, 0xff, 0x03, 0xc8, 0xfb, 0xff, 0x03, 0xc8, 0xfb, 0xff, 0x03, 0xc8, 0xfb, 0xff, 0x03,
0xc8, 0xfb, 0xff, 0x03, 0xc8, 0xfb, 0xff, 0x03, 0xc8, 0xfb, 0xff, 0x03, 0xc8, 0xfb, 0xff,
0x03, 0xc8, 0xfb, 0xff, 0x03, 0xc8, 0xfb, 0xff, 0x03, 0xc8, 0xfb, 0xff, 0x03, 0xc8, 0xfb,
0xff, 0x03, 0xc8, 0xfb, 0xff, 0x03, 0xc8, 0xfb, 0xff, 0x03, 0xc8, 0xfb, 0xff, 0x03, 0xc8,
0xfb, 0xff, 0x03, 0xc8, 0xfb, 0xff, 0x03, 0xc8, 0xfb, 0xff, 0x03, 0xc8, 0xfb, 0xff, 0x03,
0xc8, 0xfb, 0xff, 0x03, 0xc8, 0xfb, 0xff, 0x03, 0xc8, 0xfb, 0xff, 0x03, 0xc8, 0xfb, 0xff,
0x03, 0xc8, 0xfb, 0xff, 0x03, 0xc8, 0xfb, 0xff, 0x03, 0xc8, 0xfb, 0xff, 0x03, 0xc8, 0xfb,
0xff, 0x03, 0xc8, 0xfb, 0xff, 0x03, 0xc8, 0xfb, 0xff, 0x03, 0xc8, 0xfb, 0xff, 0x03, 0xc8,
0xfb, 0xff, 0x03, 0xc8, 0xfb, 0xff, 0x03, 0xc8, 0xfa, 0xc9, 0x01, 0xc5, 0xfb, 0x34, 0xff,
0xff, 0xff, 0x00, 0xff, 0xff, 0xff, 0x00, 0xff, 0xff, 0xff, 0x00, 0xff, 0xff, 0xff, 0x00,
0xff, 0xff, 0xff, 0x00, 0xff, 0xff, 0xff, 0x00, 0xff, 0xff, 0xff, 0x00, 0xff, 0xff, 0xff,
0x00, 0xff, 0xff, 0xff, 0x00, 0xff, 0xff, 0xff, 0x00, 0xff, 0xff, 0xff, 0x00, 0xff, 0xff,
0xff, 0x00, 0xff, 0xff, 0xff, 0x00, 0xff, 0xff, 0xff, 0x00, 0xff, 0xff, 0xff, 0x00, 0xff,
0xff, 0xff, 0x00, 0xff, 0xff, 0xff, 0x00, 0xff, 0xff, 0xff, 0x00, 0xff, 0xff, 0xff, 0x00,
0xff, 0xff, 0xff, 0x00, 0xff, 0xff, 0xff, 0x00, 0xff, 0xff, 0xff, 0x00, 0xff, 0xff, 0xff,
0x00, 0xff, 0xff, 0xff, 0x00, 0xff, 0xff, 0xff, 0x00, 0xff, 0xff, 0xff, 0x00, 0xff, 0xff,
0xff, 0x00, 0xff, 0xff, 0xff, 0x00, 0xff, 0xff, 0xff, 0x00, 0xff, 0xff, 0xff, 0x00, 0xff,
0xff, 0xff, 0x00, 0xff, 0xff, 0xff, 0x00, 0xff, 0xff, 0xff, 0x00, 0xff, 0xff, 0xff, 0x00,
0xff, 0xff, 0xff, 0x00, 0xff, 0xff, 0xff, 0x00, 0xff, 0xff, 0xff, 0x00, 0xff, 0xff, 0xff,
0x00, 0xff, 0xff, 0xff, 0x00, 0xff, 0xff, 0xff, 0x00, 0xff, 0xff, 0xff, 0x00, 0xff, 0xff,
0xff, 0x00, 0xff, 0xff, 0xff, 0x00, 0xff, 0xff, 0xff, 0x00, 0xff, 0xff, 0xff, 0x00, 0xff,
0xff, 0xff, 0x00, 0xff, 0xff, 0xff, 0x00, 0xff, 0xff, 0xff, 0x00, 0xff, 0xff, 0xff, 0x00,
0xff, 0xff, 0xff, 0x00, 0xff, 0xff, 0xff, 0x00, 0xff, 0xff, 0xff, 0x00, 0xff, 0xff, 0xff,
0x00, 0xff, 0xff, 0xff, 0x00, 0xff, 0xff, 0xff, 0x00, 0xff, 0xff, 0xff, 0x00, 0xff, 0xff,
0xff, 0x00, 0xff, 0xff, 0xff, 0x00, 0xff, 0xff, 0xff, 0x00, 0xff, 0xff, 0xff, 0x00, 0xff,
0xff, 0xff, 0x00, 0xff, 0xff, 0xff, 0x00, 0xff, 0xff, 0xff, 0x00, 0xff, 0xff, 0xff, 0x00,
0xff, 0xff, 0xff, 0x00, 0xff, 0xff, 0xff, 0x00, 0xff, 0xff, 0xff, 0x00, 0xff, 0xff, 0xff,
0x00, 0x01, 0xc0, 0xe0, 0x08, 0x03, 0xc7, 0xfa, 0x83, 0x03, 0xc8, 0xfb, 0xf9, 0x03, 0xc8,
0xfb, 0xff, 0x03, 0xc8, 0xfb, 0xff, 0x03, 0xc8, 0xfb, 0xff, 0x03, 0xc8, 0xfb, 0xff, 0x03,
0xc8, 0xfb, 0xff, 0x03, 0xc8, 0xfb, 0xff, 0x03, 0xc8, 0xfb, 0xff, 0x03, 0xc8, 0xfb, 0xff,
0x03, 0xc8, 0xfb, 0xff, 0x03, 0xc8, 0xfb, 0xff, 0x03, 0xc8, 0xfb, 0xff, 0x03, 0xc8, 0xfb,
0xff, 0x03, 0xc8, 0xfb, 0xff, 0x03, 0xc8, 0xfb, 0xff, 0x03, 0xc8, 0xfb, 0xff, 0x03, 0xc8,
0xfb, 0xff, 0x03, 0xc8, 0xfb, 0xff, 0x03, 0xc8, 0xfb, 0xff, 0x03, 0xc8, 0xfb, 0xff, 0x03,
0xc8, 0xfb, 0xff, 0x03, 0xc8, 0xfb, 0xff, 0x03, 0xc8, 0xfb, 0xff, 0x03, 0xc8, 0xfb, 0xff,
0x03, 0xc8, 0xfb, 0xff, 0x03, 0xc8, 0xfb, 0xff, 0x03, 0xc8, 0xfb, 0xff, 0x03, 0xc8, 0xfb,
0xff, 0x03, 0xc8, 0xfb, 0xff, 0x03, 0xc8, 0xfb, 0xff, 0x03, 0xc8, 0xfb, 0xff, 0x03, 0xc8,
0xfb, 0xff, 0x03, 0xc8, 0xfb, 0xff, 0x03, 0xc8, 0xfb, 0xff, 0x03, 0xc8, 0xfb, 0xff, 0x03,
0xc8, 0xfb, 0xff, 0x03, 0xc8, 0xfb, 0xff, 0x03, 0xc8, 0xfb, 0xff, 0x03, 0xc8, 0xfb, 0xff,
0x03, 0xc8, 0xfb, 0xff, 0x03, 0xc8, 0xfb, 0xff, 0x03, 0xc8, 0xfb, 0xff, 0x03, 0xc8, 0xfb,
0xff, 0x03, 0xc8, 0xfb, 0xff, 0x03, 0xc8, 0xfb, 0xff, 0x03, 0xc8, 0xfb, 0xff, 0x03, 0xc8,
0xfb, 0xff, 0x03, 0xc8, 0xfb, 0xff, 0x03, 0xc8, 0xfb, 0xff, 0x03, 0xc8, 0xfb, 0xff, 0x03,
0xc8, 0xfb, 0xff, 0x03, 0xc8, 0xfb, 0xff, 0x03, 0xc8, 0xfb, 0xff, 0x03, 0xc8, 0xfb, 0xff,
0x03, 0xc8, 0xfb, 0xff, 0x03, 0xc8, 0xfb, 0xff, 0x03, 0xc8, 0xfb, 0xff, 0x02, 0xc8, 0xfb,
0xfd, 0x03, 0xc8, 0xfa, 0x92, 0x01, 0xb3, 0xe6, 0x0a, 0xff, 0xff, 0xff, 0x00, 0xff, 0xff,
0xff, 0x00, 0xff, 0xff, 0xff, 0x00, 0xff, 0xff, 0xff, 0x00, 0xff, 0xff, 0xff, 0x00, 0xff,
0xff, 0xff, 0x00, 0xff, 0xff, 0xff, 0x00, 0xff, 0xff, 0xff, 0x00, 0xff, 0xff, 0xff, 0x00,
0xff, 0xff, 0xff, 0x00, 0xff, 0xff, 0xff, 0x00, 0xff, 0xff, 0xff, 0x00, 0xff, 0xff, 0xff,
0x00, 0xff, 0xff, 0xff, 0x00, 0xff, 0xff, 0xff, 0x00, 0xff, 0xff, 0xff, 0x00, 0xff, 0xff,
0xff, 0x00, 0xff, 0xff, 0xff, 0x00, 0xff, 0xff, 0xff, 0x00, 0xff, 0xff, 0xff, 0x00, 0xff,
0xff, 0xff, 0x00, 0xff, 0xff, 0xff, 0x00, 0xff, 0xff, 0xff, 0x00, 0xff, 0xff, 0xff, 0x00,
0xff, 0xff, 0xff, 0x00, 0xff, 0xff, 0xff, 0x00, 0xff, 0xff, 0xff, 0x00, 0xff, 0xff, 0xff,
0x00, 0xff, 0xff, 0xff, 0x00, 0xff, 0xff, 0xff, 0x00, 0xff, 0xff, 0xff, 0x00, 0xff, 0xff,
0xff, 0x00, 0xff, 0xff, 0xff, 0x00, 0xff, 0xff, 0xff, 0x00, 0xff, 0xff, 0xff, 0x00, 0xff,
0xff, 0xff, 0x00, 0xff, 0xff, 0xff, 0x00, 0xff, 0xff, 0xff, 0x00, 0xff, 0xff, 0xff, 0x00,
0xff, 0xff, 0xff, 0x00, 0xff, 0xff, 0xff, 0x00, 0xff, 0xff, 0xff, 0x00, 0xff, 0xff, 0xff,
0x00, 0xff, 0xff, 0xff, 0x00, 0xff, 0xff, 0xff, 0x00, 0xff, 0xff, 0xff, 0x00, 0xff, 0xff,
0xff, 0x00, 0xff, 0xff, 0xff, 0x00, 0xff, 0xff, 0xff, 0x00, 0xff, 0xff, 0xff, 0x00, 0xff,
0xff, 0xff, 0x00, 0xff, 0xff, 0xff, 0x00, 0xff, 0xff, 0xff, 0x00, 0xff, 0xff, 0xff, 0x00,
0xff, 0xff, 0xff, 0x00, 0xff, 0xff, 0xff, 0x00, 0xff, 0xff, 0xff, 0x00, 0xff, 0xff, 0xff,
0x00, 0xff, 0xff, 0xff, 0x00, 0xff, 0xff, 0xff, 0x00, 0xff, 0xff, 0xff, 0x00, 0xff, 0xff,
0xff, 0x00, 0xff, 0xff, 0xff, 0x00, 0xff, 0xff, 0xff, 0x00, 0xff, 0xff, 0xff, 0x00, 0x01,
0xc8, 0xfa, 0x32, 0x03, 0xc8, 0xfb, 0xd8, 0x03, 0xc8, 0xfb, 0xff, 0x03, 0xc8, 0xfb, 0xff,
0x03, 0xc8, 0xfb, 0xff, 0x03, 0xc8, 0xfb, 0xff, 0x03, 0xc8, 0xfb, 0xff, 0x03, 0xc8, 0xfb,
0xff, 0x03, 0xc8, 0xfb, 0xff, 0x03, 0xc8, 0xfb, 0xff, 0x03, 0xc8, 0xfb, 0xff, 0x03, 0xc8,
0xfb, 0xff, 0x03, 0xc8, 0xfb, 0xff, 0x03, 0xc8, 0xfb, 0xff, 0x03, 0xc8, 0xfb, 0xff, 0x03,
0xc8, 0xfb, 0xff, 0x03, 0xc8, 0xfb, 0xff, 0x03, 0xc8, 0xfb, 0xff, 0x03, 0xc8, 0xfb, 0xff,
0x03, 0xc8, 0xfb, 0xff, 0x03, 0xc8, 0xfb, 0xff, 0x03, 0xc8, 0xfb, 0xff, 0x03, 0xc8, 0xfb,
0xff, 0x03, 0xc8, 0xfb, 0xff, 0x03, 0xc8, 0xfb, 0xff, 0x03, 0xc8, 0xfb, 0xff, 0x03, 0xc8,
0xfb, 0xff, 0x03, 0xc8, 0xfb, 0xff, 0x03, 0xc8, 0xfb, 0xff, 0x03, 0xc8, 0xfb, 0xff, 0x03,
0xc8, 0xfb, 0xff, 0x03, 0xc8, 0xfb, 0xff, 0x03, 0xc8, 0xfb, 0xff, 0x03, 0xc8, 0xfb, 0xff,
0x03, 0xc8, 0xfb, 0xff, 0x03, 0xc8, 0xfb, 0xff, 0x03, 0xc8, 0xfb, 0xff, 0x03, 0xc8, 0xfb,
0xff, 0x03, 0xc8, 0xfb, 0xff, 0x03, 0xc8, 0xfb, 0xff, 0x03, 0xc8, 0xfb, 0xff, 0x03, 0xc8,
0xfb, 0xff, 0x03, 0xc8, 0xfb, 0xff, 0x03, 0xc8, 0xfb, 0xff, 0x03, 0xc8, 0xfb, 0xff, 0x03,
0xc8, 0xfb, 0xff, 0x03, 0xc8, 0xfb, 0xff, 0x03, 0xc8, 0xfb, 0xff, 0x03, 0xc8, 0xfb, 0xff,
0x03, 0xc8, 0xfb, 0xff, 0x03, 0xc8, 0xfb, 0xff, 0x03, 0xc8, 0xfb, 0xff, 0x03, 0xc8, 0xfb,
0xff, 0x03, 0xc8, 0xfb, 0xff, 0x03, 0xc8, 0xfb, 0xff, 0x03, 0xc8, 0xfb, 0xff, 0x03, 0xc8,
0xfb, 0xff, 0x03, 0xc8, 0xfb, 0xff, 0x03, 0xc8, 0xfb, 0xff, 0x03, 0xc8, 0xfb, 0xff, 0x03,
0xc8, 0xfb, 0xff, 0x03, 0xc8, 0xfb, 0xff, 0x03, 0xc8, 0xfb, 0xd9, 0x01, 0xc7, 0xfb, 0x36,
0xff, 0xff, 0xff, 0x00, 0xff, 0xff, 0xff, 0x00, 0xff, 0xff, 0xff, 0x00, 0xff, 0xff, 0xff,
0x00, 0xff, 0xff, 0xff, 0x00, 0xff, 0xff, 0xff, 0x00, 0xff, 0xff, 0xff, 0x00, 0xff, 0xff,
0xff, 0x00, 0xff, 0xff, 0xff, 0x00, 0xff, 0xff, 0xff, 0x00, 0xff, 0xff, 0xff, 0x00, 0xff,
0xff, 0xff, 0x00, 0xff, 0xff, 0xff, 0x00, 0xff, 0xff, 0xff, 0x00, 0xff, 0xff, 0xff, 0x00,
0xff, 0xff, 0xff, 0x00, 0xff, 0xff, 0xff, 0x00, 0xff, 0xff, 0xff, 0x00, 0xff, 0xff, 0xff,
0x00, 0xff, 0xff, 0xff, 0x00, 0xff, 0xff, 0xff, 0x00, 0xff, 0xff, 0xff, 0x00, 0xff, 0xff,
0xff, 0x00, 0xff, 0xff, 0xff, 0x00, 0xff, 0xff, 0xff, 0x00, 0xff, 0xff, 0xff, 0x00, 0xff,
0xff, 0xff, 0x00, 0xff, 0xff, 0xff, 0x00, 0xff, 0xff, 0xff, 0x00, 0xff, 0xff, 0xff, 0x00,
0xff, 0xff, 0xff, 0x00, 0xff, 0xff, 0xff, 0x00, 0xff, 0xff, 0xff, 0x00, 0xff, 0xff, 0xff,
0x00, 0xff, 0xff, 0xff, 0x00, 0xff, 0xff, 0xff, 0x00, 0xff, 0xff, 0xff, 0x00, 0xff, 0xff,
0xff, 0x00, 0xff, 0xff, 0xff, 0x00, 0xff, 0xff, 0xff, 0x00, 0xff, 0xff, 0xff, 0x00, 0xff,
0xff, 0xff, 0x00, 0xff, 0xff, 0xff, 0x00, 0xff, 0xff, 0xff, 0x00, 0xff, 0xff, 0xff, 0x00,
0xff, 0xff, 0xff, 0x00, 0xff, 0xff, 0xff, 0x00, 0xff, 0xff, 0xff, 0x00, 0xff, 0xff, 0xff,
0x00, 0xff, 0xff, 0xff, 0x00, 0xff, 0xff, 0xff, 0x00, 0xff, 0xff, 0xff, 0x00, 0xff, 0xff,
0xff, 0x00, 0xff, 0xff, 0xff, 0x00, 0xff, 0xff, 0xff, 0x00, 0xff, 0xff, 0xff, 0x00, 0xff,
0xff, 0xff, 0x00, 0xff, 0xff, 0xff, 0x00, 0xff, 0xff, 0xff, 0x00, 0xff, 0xff, 0xff, 0x00,
0xff, 0xff, 0xff, 0x00, 0xff, 0xff, 0xff, 0x00, 0x01, 0x80, 0x80, 0x02, 0x01, 0xc7, 0xfb,
0x74, 0x03, 0xc8, 0xfb, 0xf9, 0x03, 0xc8, 0xfb, 0xff, 0x03, 0xc8, 0xfb, 0xff, 0x03, 0xc8,
0xfb, 0xff, 0x03, 0xc8, 0xfb, 0xff, 0x03, 0xc8, 0xfb, 0xff, 0x03, 0xc8, 0xfb, 0xff, 0x03,
0xc8, 0xfb, 0xff, 0x03, 0xc8, 0xfb, 0xff, 0x03, 0xc8, 0xfb, 0xff, 0x03, 0xc8, 0xfb, 0xff,
0x03, 0xc8, 0xfb, 0xff, 0x03, 0xc8, 0xfb, 0xff, 0x03, 0xc8, 0xfb, 0xff, 0x03, 0xc8, 0xfb,
0xff, 0x03, 0xc8, 0xfb, 0xff, 0x03, 0xc8, 0xfb, 0xff, 0x03, 0xc8, 0xfb, 0xff, 0x03, 0xc8,
0xfb, 0xff, 0x03, 0xc8, 0xfb, 0xff, 0x03, 0xc8, 0xfb, 0xff, 0x03, 0xc8, 0xfb, 0xff, 0x03,
0xc8, 0xfb, 0xff, 0x03, 0xc8, 0xfb, 0xff, 0x03, 0xc8, 0xfb, 0xff, 0x03, 0xc8, 0xfb, 0xff,
0x03, 0xc8, 0xfb, 0xff, 0x03, 0xc8, 0xfb, 0xff, 0x03, 0xc8, 0xfb, 0xff, 0x03, 0xc8, 0xfb,
0xff, 0x03, 0xc8, 0xfb, 0xff, 0x03, 0xc8, 0xfb, 0xff, 0x03, 0xc8, 0xfb, 0xff, 0x03, 0xc8,
0xfb, 0xff, 0x03, 0xc8, 0xfb, 0xff, 0x03, 0xc8, 0xfb, 0xff, 0x03, 0xc8, 0xfb, 0xff, 0x03,
0xc8, 0xfb, 0xff, 0x03, 0xc8, 0xfb, 0xff, 0x03, 0xc8, 0xfb, 0xff, 0x03, 0xc8, 0xfb, 0xff,
0x03, 0xc8, 0xfb, 0xff, 0x03, 0xc8, 0xfb, 0xff, 0x03, 0xc8, 0xfb, 0xff, 0x03, 0xc8, 0xfb,
0xff, 0x03, 0xc8, 0xfb, 0xff, 0x03, 0xc8, 0xfb, 0xff, 0x03, 0xc8, 0xfb, 0xff, 0x03, 0xc8,
0xfb, 0xff, 0x03, 0xc8, 0xfb, 0xff, 0x03, 0xc8, 0xfb, 0xff, 0x03, 0xc8, 0xfb, 0xff, 0x03,
0xc8, 0xfb, 0xff, 0x03, 0xc8, 0xfb, 0xff, 0x03, 0xc8, 0xfb, 0xff, 0x03, 0xc8, 0xfb, 0xff,
0x03, 0xc8, 0xfb, 0xff, 0x03, 0xc8, 0xfb, 0xff, 0x03, 0xc8, 0xfb, 0xff, 0x03, 0xc8, 0xfb,
0xff, 0x03, 0xc8, 0xfb, 0xff, 0x03, 0xc8, 0xfb, 0xff, 0x03, 0xc8, 0xfb, 0xff, 0x03, 0xc8,
0xfb, 0xf9, 0x01, 0xc8, 0xfb, 0x6e, 0xff, 0xff, 0xff, 0x00, 0xff, 0xff, 0xff, 0x00, 0xff,
0xff, 0xff, 0x00, 0xff, 0xff, 0xff, 0x00, 0xff, 0xff, 0xff, 0x00, 0xff, 0xff, 0xff, 0x00,
0xff, 0xff, 0xff, 0x00, 0xff, 0xff, 0xff, 0x00, 0xff, 0xff, 0xff, 0x00, 0xff, 0xff, 0xff,
0x00, 0xff, 0xff, 0xff, 0x00, 0xff, 0xff, 0xff, 0x00, 0xff, 0xff, 0xff, 0x00, 0xff, 0xff,
0xff, 0x00, 0xff, 0xff, 0xff, 0x00, 0xff, 0xff, 0xff, 0x00, 0xff, 0xff, 0xff, 0x00, 0xff,
0xff, 0xff, 0x00, 0xff, 0xff, 0xff, 0x00, 0xff, 0xff, 0xff, 0x00, 0xff, 0xff, 0xff, 0x00,
0xff, 0xff, 0xff, 0x00, 0xff, 0xff, 0xff, 0x00, 0xff, 0xff, 0xff, 0x00, 0xff, 0xff, 0xff,
0x00, 0xff, 0xff, 0xff, 0x00, 0xff, 0xff, 0xff, 0x00, 0xff, 0xff, 0xff, 0x00, 0xff, 0xff,
0xff, 0x00, 0xff, 0xff, 0xff, 0x00, 0xff, 0xff, 0xff, 0x00, 0xff, 0xff, 0xff, 0x00, 0xff,
0xff, 0xff, 0x00, 0xff, 0xff, 0xff, 0x00, 0xff, 0xff, 0xff, 0x00, 0xff, 0xff, 0xff, 0x00,
0xff, 0xff, 0xff, 0x00, 0xff, 0xff, 0xff, 0x00, 0xff, 0xff, 0xff, 0x00, 0xff, 0xff, 0xff,
0x00, 0xff, 0xff, 0xff, 0x00, 0xff, 0xff, 0xff, 0x00, 0xff, 0xff, 0xff, 0x00, 0xff, 0xff,
0xff, 0x00, 0xff, 0xff, 0xff, 0x00, 0xff, 0xff, 0xff, 0x00, 0xff, 0xff, 0xff, 0x00, 0xff,
0xff, 0xff, 0x00, 0xff, 0xff, 0xff, 0x00, 0xff, 0xff, 0xff, 0x00, 0xff, 0xff, 0xff, 0x00,
0xff, 0xff, 0xff, 0x00, 0xff, 0xff, 0xff, 0x00, 0xff, 0xff, 0xff, 0x00, 0xff, 0xff, 0xff,
0x00, 0xff, 0xff, 0xff, 0x00, 0xff, 0xff, 0xff, 0x00, 0xff, 0xff, 0xff, 0x00, 0xff, 0xff,
0xff, 0x00, 0xff, 0xff, 0xff, 0x00, 0x01, 0xc4, 0xf1, 0x11, 0x03, 0xc8, 0xfb, 0xb8, 0x03,
0xc8, 0xfb, 0xff, 0x03, 0xc8, 0xfb, 0xff, 0x03, 0xc8, 0xfb, 0xff, 0x03, 0xc8, 0xfb, 0xff,
0x03, 0xc8, 0xfb, 0xff, 0x03, 0xc8, 0xfb, 0xff, 0x03, 0xc8, 0xfb, 0xff, 0x03, 0xc8, 0xfb,
0xff, 0x03, 0xc8, 0xfb, 0xff, 0x03, 0xc8, 0xfb, 0xff, 0x03, 0xc8, 0xfb, 0xff, 0x03, 0xc8,
0xfb, 0xff, 0x03, 0xc8, 0xfb, 0xff, 0x03, 0xc8, 0xfb, 0xff, 0x03, 0xc8, 0xfb, 0xff, 0x03,
0xc8, 0xfb, 0xff, 0x03, 0xc8, 0xfb, 0xff, 0x03, 0xc8, 0xfb, 0xff, 0x03, 0xc8, 0xfb, 0xff,
0x03, 0xc8, 0xfb, 0xff, 0x03, 0xc8, 0xfb, 0xff, 0x03, 0xc8, 0xfb, 0xff, 0x03, 0xc8, 0xfb,
0xff, 0x03, 0xc8, 0xfb, 0xff, 0x03, 0xc8, 0xfb, 0xff, 0x03, 0xc8, 0xfb, 0xff, 0x03, 0xc8,
0xfb, 0xff, 0x03, 0xc8, 0xfb, 0xff, 0x03, 0xc8, 0xfb, 0xff, 0x03, 0xc8, 0xfb, 0xff, 0x03,
0xc8, 0xfb, 0xff, 0x03, 0xc8, 0xfb, 0xff, 0x03, 0xc8, 0xfb, 0xff, 0x03, 0xc8, 0xfb, 0xff,
0x03, 0xc8, 0xfb, 0xff, 0x03, 0xc8, 0xfb, 0xff, 0x03, 0xc8, 0xfb, 0xff, 0x03, 0xc8, 0xfb,
0xff, 0x03, 0xc8, 0xfb, 0xff, 0x03, 0xc8, 0xfb, 0xff, 0x03, 0xc8, 0xfb, 0xff, 0x03, 0xc8,
0xfb, 0xff, 0x03, 0xc8, 0xfb, 0xff, 0x03, 0xc8, 0xfb, 0xff, 0x03, 0xc8, 0xfb, 0xff, 0x03,
0xc8, 0xfb, 0xff, 0x03, 0xc8, 0xfb, 0xff, 0x03, 0xc8, 0xfb, 0xff, 0x03, 0xc8, 0xfb, 0xff,
0x03, 0xc8, 0xfb, 0xff, 0x03, 0xc8, 0xfb, 0xff, 0x03, 0xc8, 0xfb, 0xff, 0x03, 0xc8, 0xfb,
0xff, 0x03, 0xc8, 0xfb, 0xff, 0x03, 0xc8, 0xfb, 0xff, 0x03, 0xc8, 0xfb, 0xff, 0x03, 0xc8,
0xfb, 0xff, 0x03, 0xc8, 0xfb, 0xff, 0x03, 0xc8, 0xfb, 0xff, 0x03, 0xc8, 0xfb, 0xff, 0x03,
0xc8, 0xfb, 0xff, 0x03, 0xc8, 0xfb, 0xff, 0x03, 0xc8, 0xfb, 0xff, 0x03, 0xc8, 0xfb, 0xff,
0x03, 0xc8, 0xfb, 0xff, 0x03, 0xc8, 0xfb, 0xff, 0x03, 0xc8, 0xfb, 0x9f, 0x01, 0xab, 0xd5,
0x06, 0xff, 0xff, 0xff, 0x00, 0xff, 0xff, 0xff, 0x00, 0xff, 0xff, 0xff, 0x00, 0xff, 0xff,
0xff, 0x00, 0xff, 0xff, 0xff, 0x00, 0xff, 0xff, 0xff, 0x00, 0xff, 0xff, 0xff, 0x00, 0xff,
0xff, 0xff, 0x00, 0xff, 0xff, 0xff, 0x00, 0xff, 0xff, 0xff, 0x00, 0xff, 0xff, 0xff, 0x00,
0xff, 0xff, 0xff, 0x00, 0xff, 0xff, 0xff, 0x00, 0xff, 0xff, 0xff, 0x00, 0xff, 0xff, 0xff,
0x00, 0xff, 0xff, 0xff, 0x00, 0xff, 0xff, 0xff, 0x00, 0xff, 0xff, 0xff, 0x00, 0xff, 0xff,
0xff, 0x00, 0xff, 0xff, 0xff, 0x00, 0xff, 0xff, 0xff, 0x00, 0xff, 0xff, 0xff, 0x00, 0xff,
0xff, 0xff, 0x00, 0xff, 0xff, 0xff, 0x00, 0xff, 0xff, 0xff, 0x00, 0xff, 0xff, 0xff, 0x00,
0xff, 0xff, 0xff, 0x00, 0xff, 0xff, 0xff, 0x00, 0xff, 0xff, 0xff, 0x00, 0xff, 0xff, 0xff,
0x00, 0xff, 0xff, 0xff, 0x00, 0xff, 0xff, 0xff, 0x00, 0xff, 0xff, 0xff, 0x00, 0xff, 0xff,
0xff, 0x00, 0xff, 0xff, 0xff, 0x00, 0xff, 0xff, 0xff, 0x00, 0xff, 0xff, 0xff, 0x00, 0xff,
0xff, 0xff, 0x00, 0xff, 0xff, 0xff, 0x00, 0xff, 0xff, 0xff, 0x00, 0xff, 0xff, 0xff, 0x00,
0xff, 0xff, 0xff, 0x00, 0xff, 0xff, 0xff, 0x00, 0xff, 0xff, 0xff, 0x00, 0xff, 0xff, 0xff,
0x00, 0xff, 0xff, 0xff, 0x00, 0xff, 0xff, 0xff, 0x00, 0xff, 0xff, 0xff, 0x00, 0xff, 0xff,
0xff, 0x00, 0xff, 0xff, 0xff, 0x00, 0xff, 0xff, 0xff, 0x00, 0xff, 0xff, 0xff, 0x00, 0xff,
0xff, 0xff, 0x00, 0xff, 0xff, 0xff, 0x00, 0xff, 0xff, 0xff, 0x00, 0xff, 0xff, 0xff, 0x00,
0xff, 0xff, 0xff, 0x00, 0x01, 0xc8, 0xf9, 0x29, 0x03, 0xc8, 0xfb, 0xda, 0x03, 0xc8, 0xfb,
0xff, 0x03, 0xc8, 0xfb, 0xff, 0x03, 0xc8, 0xfb, 0xff, 0x03, 0xc8, 0xfb, 0xff, 0x03, 0xc8,
0xfb, 0xff, 0x03, 0xc8, 0xfb, 0xff, 0x03, 0xc8, 0xfb, 0xff, 0x03, 0xc8, 0xfb, 0xff, 0x03,
0xc8, 0xfb, 0xff, 0x03, 0xc8, 0xfb, 0xff, 0x03, 0xc8, 0xfb, 0xff, 0x03, 0xc8, 0xfb, 0xff,
0x03, 0xc8, 0xfb, 0xff, 0x03, 0xc8, 0xfb, 0xff, 0x03, 0xc8, 0xfb, 0xff, 0x03, 0xc8, 0xfb,
0xff, 0x03, 0xc8, 0xfb, 0xff, 0x03, 0xc8, 0xfb, 0xff, 0x03, 0xc8, 0xfb, 0xff, 0x03, 0xc8,
0xfb, 0xff, 0x03, 0xc8, 0xfb, 0xff, 0x03, 0xc8, 0xfb, 0xff, 0x03, 0xc8, 0xfb, 0xff, 0x03,
0xc8, 0xfb, 0xff, 0x03, 0xc8, 0xfb, 0xff, 0x03, 0xc8, 0xfb, 0xff, 0x03, 0xc8, 0xfb, 0xff,
0x03, 0xc8, 0xfb, 0xff, 0x03, 0xc8, 0xfb, 0xff, 0x03, 0xc8, 0xfb, 0xff, 0x03, 0xc8, 0xfb,
0xff, 0x03, 0xc8, 0xfb, 0xff, 0x03, 0xc8, 0xfb, 0xff, 0x03, 0xc8, 0xfb, 0xff, 0x03, 0xc8,
0xfb, 0xff, 0x03, 0xc8, 0xfb, 0xff, 0x03, 0xc8, 0xfb, 0xff, 0x03, 0xc8, 0xfb, 0xff, 0x03,
0xc8, 0xfb, 0xff, 0x03, 0xc8, 0xfb, 0xff, 0x03, 0xc8, 0xfb, 0xff, 0x03, 0xc8, 0xfb, 0xff,
0x03, 0xc8, 0xfb, 0xff, 0x03, 0xc8, 0xfb, 0xff, 0x03, 0xc8, 0xfb, 0xff, 0x03, 0xc8, 0xfb,
0xff, 0x03, 0xc8, 0xfb, 0xff, 0x03, 0xc8, 0xfb, 0xff, 0x03, 0xc8, 0xfb, 0xff, 0x03, 0xc8,
0xfb, 0xff, 0x03, 0xc8, 0xfb, 0xff, 0x03, 0xc8, 0xfb, 0xff, 0x03, 0xc8, 0xfb, 0xff, 0x03,
0xc8, 0xfb, 0xff, 0x03, 0xc8, 0xfb, 0xff, 0x03, 0xc8, 0xfb, 0xff, 0x03, 0xc8, 0xfb, 0xff,
0x03, 0xc8, 0xfb, 0xff, 0x03, 0xc8, 0xfb, 0xff, 0x03, 0xc8, 0xfb, 0xff, 0x03, 0xc8, 0xfb,
0xff, 0x03, 0xc8, 0xfb, 0xff, 0x03, 0xc8, 0xfb, 0xff, 0x03, 0xc8, 0xfb, 0xff, 0x03, 0xc8,
0xfb, 0xff, 0x03, 0xc8, 0xfb, 0xff, 0x03, 0xc8, 0xfb, 0xff, 0x03, 0xc8, 0xfb, 0xff, 0x03,
0xc7, 0xfa, 0xc2, 0x01, 0xc7, 0xf1, 0x12, 0xff, 0xff, 0xff, 0x00, 0xff, 0xff, 0xff, 0x00,
0xff, 0xff, 0xff, 0x00, 0xff, 0xff, 0xff, 0x00, 0xff, 0xff, 0xff, 0x00, 0xff, 0xff, 0xff,
0x00, 0xff, 0xff, 0xff, 0x00, 0xff, 0xff, 0xff, 0x00, 0xff, 0xff, 0xff, 0x00, 0xff, 0xff,
0xff, 0x00, 0xff, 0xff, 0xff, 0x00, 0xff, 0xff, 0xff, 0x00, 0xff, 0xff, 0xff, 0x00, 0xff,
0xff, 0xff, 0x00, 0xff, 0xff, 0xff, 0x00, 0xff, 0xff, 0xff, 0x00, 0xff, 0xff, 0xff, 0x00,
0xff, 0xff, 0xff, 0x00, 0xff, 0xff, 0xff, 0x00, 0xff, 0xff, 0xff, 0x00, 0xff, 0xff, 0xff,
0x00, 0xff, 0xff, 0xff, 0x00, 0xff, 0xff, 0xff, 0x00, 0xff, 0xff, 0xff, 0x00, 0xff, 0xff,
0xff, 0x00, 0xff, 0xff, 0xff, 0x00, 0xff, 0xff, 0xff, 0x00, 0xff, 0xff, 0xff, 0x00, 0xff,
0xff, 0xff, 0x00, 0xff, 0xff, 0xff, 0x00, 0xff, 0xff, 0xff, 0x00, 0xff, 0xff, 0xff, 0x00,
0xff, 0xff, 0xff, 0x00, 0xff, 0xff, 0xff, 0x00, 0xff, 0xff, 0xff, 0x00, 0xff, 0xff, 0xff,
0x00, 0xff, 0xff, 0xff, 0x00, 0xff, 0xff, 0xff, 0x00, 0xff, 0xff, 0xff, 0x00, 0xff, 0xff,
0xff, 0x00, 0xff, 0xff, 0xff, 0x00, 0xff, 0xff, 0xff, 0x00, 0xff, 0xff, 0xff, 0x00, 0xff,
0xff, 0xff, 0x00, 0xff, 0xff, 0xff, 0x00, 0xff, 0xff, 0xff, 0x00, 0xff, 0xff, 0xff, 0x00,
0xff, 0xff, 0xff, 0x00, 0xff, 0xff, 0xff, 0x00, 0xff, 0xff, 0xff, 0x00, 0xff, 0xff, 0xff,
0x00, 0xff, 0xff, 0xff, 0x00, 0xff, 0xff, 0xff, 0x00, 0xff, 0xff, 0xff, 0x00, 0xff, 0xff,
0xff, 0x00, 0x01, 0xc5, 0xf8, 0x46, 0x03, 0xc8, 0xfb, 0xf0, 0x03, 0xc8, 0xfb, 0xff, 0x03,
0xc8, 0xfb, 0xff, 0x03, 0xc8, 0xfb, 0xff, 0x03, 0xc8, 0xfb, 0xff, 0x03, 0xc8, 0xfb, 0xff,
0x03, 0xc8, 0xfb, 0xff, 0x03, 0xc8, 0xfb, 0xff, 0x03, 0xc8, 0xfb, 0xff, 0x03, 0xc8, 0xfb,
0xff, 0x03, 0xc8, 0xfb, 0xff, 0x03, 0xc8, 0xfb, 0xff, 0x03, 0xc8, 0xfb, 0xff, 0x03, 0xc8,
0xfb, 0xff, 0x03, 0xc8, 0xfb, 0xff, 0x03, 0xc8, 0xfb, 0xff, 0x03, 0xc8, 0xfb, 0xff, 0x03,
0xc8, 0xfb, 0xff, 0x03, 0xc8, 0xfb, 0xff, 0x03, 0xc8, 0xfb, 0xff, 0x03, 0xc8, 0xfb, 0xff,
0x03, 0xc8, 0xfb, 0xff, 0x03, 0xc8, 0xfb, 0xff, 0x03, 0xc8, 0xfb, 0xff, 0x03, 0xc8, 0xfb,
0xff, 0x03, 0xc8, 0xfb, 0xff, 0x03, 0xc8, 0xfb, 0xff, 0x03, 0xc8, 0xfb, 0xff, 0x03, 0xc8,
0xfb, 0xff, 0x03, 0xc8, 0xfb, 0xff, 0x03, 0xc8, 0xfb, 0xff, 0x03, 0xc8, 0xfb, 0xff, 0x03,
0xc8, 0xfb, 0xff, 0x03, 0xc8, 0xfb, 0xff, 0x03, 0xc8, 0xfb, 0xff, 0x03, 0xc8, 0xfb, 0xff,
0x03, 0xc8, 0xfb, 0xff, 0x03, 0xc8, 0xfb, 0xff, 0x03, 0xc8, 0xfb, 0xff, 0x03, 0xc8, 0xfb,
0xff, 0x03, 0xc8, 0xfb, 0xff, 0x03, 0xc8, 0xfb, 0xff, 0x03, 0xc8, 0xfb, 0xff, 0x03, 0xc8,
0xfb, 0xff, 0x03, 0xc8, 0xfb, 0xff, 0x03, 0xc8, 0xfb, 0xff, 0x03, 0xc8, 0xfb, 0xff, 0x03,
0xc8, 0xfb, 0xff, 0x03, 0xc8, 0xfb, 0xff, 0x03, 0xc8, 0xfb, 0xff, 0x03, 0xc8, 0xfb, 0xff,
0x03, 0xc8, 0xfb, 0xff, 0x03, 0xc8, 0xfb, 0xff, 0x03, 0xc8, 0xfb, 0xff, 0x03, 0xc8, 0xfb,
0xff, 0x03, 0xc8, 0xfb, 0xff, 0x03, 0xc8, 0xfb, 0xff, 0x03, 0xc8, 0xfb, 0xff, 0x03, 0xc8,
0xfb, 0xff, 0x03, 0xc8, 0xfb, 0xff, 0x03, 0xc8, 0xfb, 0xff, 0x03, 0xc8, 0xfb, 0xff, 0x03,
0xc8, 0xfb, 0xff, 0x03, 0xc8, 0xfb, 0xff, 0x03, 0xc8, 0xfb, 0xff, 0x03, 0xc8, 0xfb, 0xff,
0x03, 0xc8, 0xfb, 0xff, 0x03, 0xc8, 0xfb, 0xff, 0x03, 0xc8, 0xfb, 0xff, 0x03, 0xc8, 0xfb,
0xff, 0x03, 0xc8, 0xfb, 0xff, 0x03, 0xc8, 0xfb, 0xd4, 0x01, 0xc2, 0xf7, 0x1d, 0xff, 0xff,
0xff, 0x00, 0xff, 0xff, 0xff, 0x00, 0xff, 0xff, 0xff, 0x00, 0xff, 0xff, 0xff, 0x00, 0xff,
0xff, 0xff, 0x00, 0xff, 0xff, 0xff, 0x00, 0xff, 0xff, 0xff, 0x00, 0xff, 0xff, 0xff, 0x00,
0xff, 0xff, 0xff, 0x00, 0xff, 0xff, 0xff, 0x00, 0xff, 0xff, 0xff, 0x00, 0xff, 0xff, 0xff,
0x00, 0xff, 0xff, 0xff, 0x00, 0xff, 0xff, 0xff, 0x00, 0xff, 0xff, 0xff, 0x00, 0xff, 0xff,
0xff, 0x00, 0xff, 0xff, 0xff, 0x00, 0xff, 0xff, 0xff, 0x00, 0xff, 0xff, 0xff, 0x00, 0xff,
0xff, 0xff, 0x00, 0xff, 0xff, 0xff, 0x00, 0xff, 0xff, 0xff, 0x00, 0xff, 0xff, 0xff, 0x00,
0xff, 0xff, 0xff, 0x00, 0xff, 0xff, 0xff, 0x00, 0xff, 0xff, 0xff, 0x00, 0xff, 0xff, 0xff,
0x00, 0xff, 0xff, 0xff, 0x00, 0xff, 0xff, 0xff, 0x00, 0xff, 0xff, 0xff, 0x00, 0xff, 0xff,
0xff, 0x00, 0xff, 0xff, 0xff, 0x00, 0xff, 0xff, 0xff, 0x00, 0xff, 0xff, 0xff, 0x00, 0xff,
0xff, 0xff, 0x00, 0xff, 0xff, 0xff, 0x00, 0xff, 0xff, 0xff, 0x00, 0xff, 0xff, 0xff, 0x00,
0xff, 0xff, 0xff, 0x00, 0xff, 0xff, 0xff, 0x00, 0xff, 0xff, 0xff, 0x00, 0xff, 0xff, 0xff,
0x00, 0xff, 0xff, 0xff, 0x00, 0xff, 0xff, 0xff, 0x00, 0xff, 0xff, 0xff, 0x00, 0xff, 0xff,
0xff, 0x00, 0xff, 0xff, 0xff, 0x00, 0xff, 0xff, 0xff, 0x00, 0xff, 0xff, 0xff, 0x00, 0xff,
0xff, 0xff, 0x00, 0xff, 0xff, 0xff, 0x00, 0xff, 0xff, 0xff, 0x00, 0xff, 0xff, 0xff, 0x00,
0x01, 0xc6, 0xfa, 0x58, 0x03, 0xc8, 0xfb, 0xf9, 0x03, 0xc8, 0xfb, 0xff, 0x03, 0xc8, 0xfb,
0xff, 0x03, 0xc8, 0xfb, 0xff, 0x03, 0xc8, 0xfb, 0xff, 0x03, 0xc8, 0xfb, 0xff, 0x03, 0xc8,
0xfb, 0xff, 0x03, 0xc8, 0xfb, 0xff, 0x03, 0xc8, 0xfb, 0xff, 0x03, 0xc8, 0xfb, 0xff, 0x03,
0xc8, 0xfb, 0xff, 0x03, 0xc8, 0xfb, 0xff, 0x03, 0xc8, 0xfb, 0xff, 0x03, 0xc8, 0xfb, 0xff,
0x03, 0xc8, 0xfb, 0xff, 0x03, 0xc8, 0xfb, 0xff, 0x03, 0xc8, 0xfb, 0xff, 0x03, 0xc8, 0xfb,
0xff, 0x03, 0xc8, 0xfb, 0xff, 0x03, 0xc8, 0xfb, 0xff, 0x03, 0xc8, 0xfb, 0xff, 0x03, 0xc8,
0xfb, 0xff, 0x03, 0xc8, 0xfb, 0xff, 0x03, 0xc8, 0xfb, 0xff, 0x03, 0xc8, 0xfb, 0xff, 0x03,
0xc8, 0xfb, 0xff, 0x03, 0xc8, 0xfb, 0xff, 0x03, 0xc8, 0xfb, 0xff, 0x03, 0xc8, 0xfb, 0xff,
0x03, 0xc8, 0xfb, 0xff, 0x03, 0xc8, 0xfb, 0xff, 0x03, 0xc8, 0xfb, 0xff, 0x03, 0xc8, 0xfb,
0xff, 0x03, 0xc8, 0xfb, 0xff, 0x03, 0xc8, 0xfb, 0xff, 0x03, 0xc8, 0xfb, 0xff, 0x03, 0xc8,
0xfb, 0xff, 0x03, 0xc8, 0xfb, 0xff, 0x03, 0xc8, 0xfb, 0xff, 0x03, 0xc8, 0xfb, 0xff, 0x03,
0xc8, 0xfb, 0xff, 0x03, 0xc8, 0xfb, 0xff, 0x03, 0xc8, 0xfb, 0xff, 0x03, 0xc8, 0xfb, 0xff,
0x03, 0xc8, 0xfb, 0xff, 0x03, 0xc8, 0xfb, 0xff, 0x03, 0xc8, 0xfb, 0xff, 0x03, 0xc8, 0xfb,
0xff, 0x03, 0xc8, 0xfb, 0xff, 0x03, 0xc8, 0xfb, 0xff, 0x03, 0xc8, 0xfb, 0xff, 0x03, 0xc8,
0xfb, 0xff, 0x03, 0xc8, 0xfb, 0xff, 0x03, 0xc8, 0xfb, 0xff, 0x03, 0xc8, 0xfb, 0xff, 0x03,
0xc8, 0xfb, 0xff, 0x03, 0xc8, 0xfb, 0xff, 0x03, 0xc8, 0xfb, 0xff, 0x03, 0xc8, 0xfb, 0xff,
0x03, 0xc8, 0xfb, 0xff, 0x03, 0xc8, 0xfb, 0xff, 0x03, 0xc8, 0xfb, 0xff, 0x03, 0xc8, 0xfb,
0xff, 0x03, 0xc8, 0xfb, 0xff, 0x03, 0xc8, 0xfb, 0xff, 0x03, 0xc8, 0xfb, 0xff, 0x03, 0xc8,
0xfb, 0xff, 0x03, 0xc8, 0xfb, 0xff, 0x03, 0xc8, 0xfb, 0xff, 0x03, 0xc8, 0xfb, 0xff, 0x03,
0xc8, 0xfb, 0xff, 0x03, 0xc8, 0xfb, 0xff, 0x03, 0xc8, 0xfb, 0xff, 0x03, 0xc8, 0xfb, 0xe0,
0x01, 0xc5, 0xf8, 0x23, 0xff, 0xff, 0xff, 0x00, 0xff, 0xff, 0xff, 0x00, 0xff, 0xff, 0xff,
0x00, 0xff, 0xff, 0xff, 0x00, 0xff, 0xff, 0xff, 0x00, 0xff, 0xff, 0xff, 0x00, 0xff, 0xff,
0xff, 0x00, 0xff, 0xff, 0xff, 0x00, 0xff, 0xff, 0xff, 0x00, 0xff, 0xff, 0xff, 0x00, 0xff,
0xff, 0xff, 0x00, 0xff, 0xff, 0xff, 0x00, 0xff, 0xff, 0xff, 0x00, 0xff, 0xff, 0xff, 0x00,
0xff, 0xff, 0xff, 0x00, 0xff, 0xff, 0xff, 0x00, 0xff, 0xff, 0xff, 0x00, 0xff, 0xff, 0xff,
0x00, 0xff, 0xff, 0xff, 0x00, 0xff, 0xff, 0xff, 0x00, 0xff, 0xff, 0xff, 0x00, 0xff, 0xff,
0xff, 0x00, 0xff, 0xff, 0xff, 0x00, 0xff, 0xff, 0xff, 0x00, 0xff, 0xff, 0xff, 0x00, 0xff,
0xff, 0xff, 0x00, 0xff, 0xff, 0xff, 0x00, 0xff, 0xff, 0xff, 0x00, 0xff, 0xff, 0xff, 0x00,
0xff, 0xff, 0xff, 0x00, 0xff, 0xff, 0xff, 0x00, 0xff, 0xff, 0xff, 0x00, 0xff, 0xff, 0xff,
0x00, 0xff, 0xff, 0xff, 0x00, 0xff, 0xff, 0xff, 0x00, 0xff, 0xff, 0xff, 0x00, 0xff, 0xff,
0xff, 0x00, 0xff, 0xff, 0xff, 0x00, 0xff, 0xff, 0xff, 0x00, 0xff, 0xff, 0xff, 0x00, 0xff,
0xff, 0xff, 0x00, 0xff, 0xff, 0xff, 0x00, 0xff, 0xff, 0xff, 0x00, 0xff, 0xff, 0xff, 0x00,
0xff, 0xff, 0xff, 0x00, 0xff, 0xff, 0xff, 0x00, 0xff, 0xff, 0xff, 0x00, 0xff, 0xff, 0xff,
0x00, 0xff, 0xff, 0xff, 0x00, 0xff, 0xff, 0xff, 0x00, 0xff, 0xff, 0xff, 0x00, 0x01, 0xc8,
0xfb, 0x6a, 0x02, 0xc8, 0xfb, 0xfd, 0x03, 0xc8, 0xfb, 0xff, 0x03, 0xc8, 0xfb, 0xff, 0x03,
0xc8, 0xfb, 0xff, 0x03, 0xc8, 0xfb, 0xff, 0x03, 0xc8, 0xfb, 0xff, 0x03, 0xc8, 0xfb, 0xff,
0x03, 0xc8, 0xfb, 0xff, 0x03, 0xc8, 0xfb, 0xff, 0x03, 0xc8, 0xfb, 0xff, 0x03, 0xc8, 0xfb,
0xff, 0x03, 0xc8, 0xfb, 0xff, 0x03, 0xc8, 0xfb, 0xff, 0x03, 0xc8, 0xfb, 0xff, 0x03, 0xc8,
0xfb, 0xff, 0x03, 0xc8, 0xfb, 0xff, 0x03, 0xc8, 0xfb, 0xff, 0x03, 0xc8, 0xfb, 0xff, 0x03,
0xc8, 0xfb, 0xff, 0x03, 0xc8, 0xfb, 0xff, 0x03, 0xc8, 0xfb, 0xff, 0x03, 0xc8, 0xfb, 0xff,
0x03, 0xc8, 0xfb, 0xff, 0x03, 0xc8, 0xfb, 0xff, 0x03, 0xc8, 0xfb, 0xff, 0x03, 0xc8, 0xfb,
0xff, 0x03, 0xc8, 0xfb, 0xff, 0x03, 0xc8, 0xfb, 0xff, 0x03, 0xc8, 0xfb, 0xff, 0x03, 0xc8,
0xfb, 0xff, 0x03, 0xc8, 0xfb, 0xff, 0x03, 0xc8, 0xfb, 0xff, 0x03, 0xc8, 0xfb, 0xff, 0x03,
0xc8, 0xfb, 0xff, 0x03, 0xc8, 0xfb, 0xff, 0x03, 0xc8, 0xfb, 0xff, 0x03, 0xc8, 0xfb, 0xff,
0x03, 0xc8, 0xfb, 0xff, 0x03, 0xc8, 0xfb, 0xff, 0x03, 0xc8, 0xfb, 0xff, 0x03, 0xc8, 0xfb,
0xff, 0x03, 0xc8, 0xfb, 0xff, 0x03, 0xc8, 0xfb, 0xff, 0x03, 0xc8, 0xfb, 0xff, 0x03, 0xc8,
0xfb, 0xff, 0x03, 0xc8, 0xfb, 0xff, 0x03, 0xc8, 0xfb, 0xff, 0x03, 0xc8, 0xfb, 0xff, 0x03,
0xc8, 0xfb, 0xff, 0x03, 0xc8, 0xfb, 0xff, 0x03, 0xc8, 0xfb, 0xff, 0x03, 0xc8, 0xfb, 0xff,
0x03, 0xc8, 0xfb, 0xff, 0x03, 0xc8, 0xfb, 0xff, 0x03, 0xc8, 0xfb, 0xff, 0x03, 0xc8, 0xfb,
0xff, 0x03, 0xc8, 0xfb, 0xff, 0x03, 0xc8, 0xfb, 0xff, 0x03, 0xc8, 0xfb, 0xff, 0x03, 0xc8,
0xfb, 0xff, 0x03, 0xc8, 0xfb, 0xff, 0x03, 0xc8, 0xfb, 0xff, 0x03, 0xc8, 0xfb, 0xff, 0x03,
0xc8, 0xfb, 0xff, 0x03, 0xc8, 0xfb, 0xff, 0x03, 0xc8, 0xfb, 0xff, 0x03, 0xc8, 0xfb, 0xff,
0x03, 0xc8, 0xfb, 0xff, 0x03, 0xc8, 0xfb, 0xff, 0x03, 0xc8, 0xfb, 0xff, 0x03, 0xc8, 0xfb,
0xff, 0x03, 0xc8, 0xfb, 0xff, 0x03, 0xc8, 0xfb, 0xff, 0x03, 0xc8, 0xfb, 0xff, 0x03, 0xc8,
0xfb, 0xff, 0x03, 0xc8, 0xfb, 0xe4, 0x01, 0xc6, 0xf9, 0x28, 0xff, 0xff, 0xff, 0x00, 0xff,
0xff, 0xff, 0x00, 0xff, 0xff, 0xff, 0x00, 0xff, 0xff, 0xff, 0x00, 0xff, 0xff, 0xff, 0x00,
0xff, 0xff, 0xff, 0x00, 0xff, 0xff, 0xff, 0x00, 0xff, 0xff, 0xff, 0x00, 0xff, 0xff, 0xff,
0x00, 0xff, 0xff, 0xff, 0x00, 0xff, 0xff, 0xff, 0x00, 0xff, 0xff, 0xff, 0x00, 0xff, 0xff,
0xff, 0x00, 0xff, 0xff, 0xff, 0x00, 0xff, 0xff, 0xff, 0x00, 0xff, 0xff, 0xff, 0x00, 0xff,
0xff, 0xff, 0x00, 0xff, 0xff, 0xff, 0x00, 0xff, 0xff, 0xff, 0x00, 0xff, 0xff, 0xff, 0x00,
0xff, 0xff, 0xff, 0x00, 0xff, 0xff, 0xff, 0x00, 0xff, 0xff, 0xff, 0x00, 0xff, 0xff, 0xff,
0x00, 0xff, 0xff, 0xff, 0x00, 0xff, 0xff, 0xff, 0x00, 0xff, 0xff, 0xff, 0x00, 0xff, 0xff,
0xff, 0x00, 0xff, 0xff, 0xff, 0x00, 0xff, 0xff, 0xff, 0x00, 0xff, 0xff, 0xff, 0x00, 0xff,
0xff, 0xff, 0x00, 0xff, 0xff, 0xff, 0x00, 0xff, 0xff, 0xff, 0x00, 0xff, 0xff, 0xff, 0x00,
0xff, 0xff, 0xff, 0x00, 0xff, 0xff, 0xff, 0x00, 0xff, 0xff, 0xff, 0x00, 0xff, 0xff, 0xff,
0x00, 0xff, 0xff, 0xff, 0x00, 0xff, 0xff, 0xff, 0x00, 0xff, 0xff, 0xff, 0x00, 0xff, 0xff,
0xff, 0x00, 0xff, 0xff, 0xff, 0x00, 0xff, 0xff, 0xff, 0x00, 0xff, 0xff, 0xff, 0x00, 0xff,
0xff, 0xff, 0x00, 0xff, 0xff, 0xff, 0x00, 0xff, 0xff, 0xff, 0x00, 0x01, 0xc6, 0xfb, 0x6f,
0x03, 0xc8, 0xfb, 0xff, 0x03, 0xc8, 0xfb, 0xff, 0x03, 0xc8, 0xfb, 0xff, 0x03, 0xc8, 0xfb,
0xff, 0x03, 0xc8, 0xfb, 0xff, 0x03, 0xc8, 0xfb, 0xff, 0x03, 0xc8, 0xfb, 0xff, 0x03, 0xc8,
0xfb, 0xff, 0x03, 0xc8, 0xfb, 0xff, 0x03, 0xc8, 0xfb, 0xff, 0x03, 0xc8, 0xfb, 0xff, 0x03,
0xc8, 0xfb, 0xff, 0x03, 0xc8, 0xfb, 0xff, 0x03, 0xc8, 0xfb, 0xff, 0x03, 0xc8, 0xfb, 0xff,
0x03, 0xc8, 0xfb, 0xff, 0x03, 0xc8, 0xfb, 0xff, 0x03, 0xc8, 0xfb, 0xff, 0x03, 0xc8, 0xfb,
0xff, 0x03, 0xc8, 0xfb, 0xff, 0x03, 0xc8, 0xfb, 0xff, 0x03, 0xc8, 0xfb, 0xff, 0x03, 0xc8,
0xfb, 0xff, 0x03, 0xc8, 0xfb, 0xff, 0x03, 0xc8, 0xfb, 0xff, 0x03, 0xc8, 0xfb, 0xff, 0x03,
0xc8, 0xfb, 0xff, 0x03, 0xc8, 0xfb, 0xff, 0x03, 0xc8, 0xfb, 0xff, 0x03, 0xc8, 0xfb, 0xff,
0x03, 0xc8, 0xfb, 0xff, 0x03, 0xc8, 0xfb, 0xff, 0x03, 0xc8, 0xfb, 0xff, 0x03, 0xc8, 0xfb,
0xff, 0x03, 0xc8, 0xfb, 0xff, 0x03, 0xc8, 0xfb, 0xff, 0x03, 0xc8, 0xfb, 0xff, 0x03, 0xc8,
0xfb, 0xff, 0x03, 0xc8, 0xfb, 0xff, 0x03, 0xc8, 0xfb, 0xff, 0x03, 0xc8, 0xfb, 0xff, 0x03,
0xc8, 0xfb, 0xff, 0x03, 0xc8, 0xfb, 0xff, 0x03, 0xc8, 0xfb, 0xff, 0x03, 0xc8, 0xfb, 0xff,
0x03, 0xc8, 0xfb, 0xff, 0x03, 0xc8, 0xfb, 0xff, 0x03, 0xc8, 0xfb, 0xff, 0x03, 0xc8, 0xfb,
0xff, 0x03, 0xc8, 0xfb, 0xff, 0x03, 0xc8, 0xfb, 0xff, 0x03, 0xc8, 0xfb, 0xff, 0x03, 0xc8,
0xfb, 0xff, 0x03, 0xc8, 0xfb, 0xff, 0x03, 0xc8, 0xfb, 0xff, 0x03, 0xc8, 0xfb, 0xff, 0x03,
0xc8, 0xfb, 0xff, 0x03, 0xc8, 0xfb, 0xff, 0x03, 0xc8, 0xfb, 0xff, 0x03, 0xc8, 0xfb, 0xff,
0x03, 0xc8, 0xfb, 0xff, 0x03, 0xc8, 0xfb, 0xff, 0x03, 0xc8, 0xfb, 0xff, 0x03, 0xc8, 0xfb,
0xff, 0x03, 0xc8, 0xfb, 0xff, 0x03, 0xc8, 0xfb, 0xff, 0x03, 0xc8, 0xfb, 0xff, 0x03, 0xc8,
0xfb, 0xff, 0x03, 0xc8, 0xfb, 0xff, 0x03, 0xc8, 0xfb, 0xff, 0x03, 0xc8, 0xfb, 0xff, 0x03,
0xc8, 0xfb, 0xff, 0x03, 0xc8, 0xfb, 0xff, 0x03, 0xc8, 0xfb, 0xff, 0x03, 0xc8, 0xfb, 0xff,
0x03, 0xc8, 0xfb, 0xff, 0x03, 0xc8, 0xfb, 0xff, 0x03, 0xc7, 0xfb, 0xe7, 0x01, 0xc8, 0xf9,
0x29, 0xff, 0xff, 0xff, 0x00, 0xff, 0xff, 0xff, 0x00, 0xff, 0xff, 0xff, 0x00, 0xff, 0xff,
0xff, 0x00, 0xff, 0xff, 0xff, 0x00, 0xff, 0xff, 0xff, 0x00, 0xff, 0xff, 0xff, 0x00, 0xff,
0xff, 0xff, 0x00, 0xff, 0xff, 0xff, 0x00, 0xff, 0xff, 0xff, 0x00, 0xff, 0xff, 0xff, 0x00,
0xff, 0xff, 0xff, 0x00, 0xff, 0xff, 0xff, 0x00, 0xff, 0xff, 0xff, 0x00, 0xff, 0xff, 0xff,
0x00, 0xff, 0xff, 0xff, 0x00, 0xff, 0xff, 0xff, 0x00, 0xff, 0xff, 0xff, 0x00, 0xff, 0xff,
0xff, 0x00, 0xff, 0xff, 0xff, 0x00, 0xff, 0xff, 0xff, 0x00, 0xff, 0xff, 0xff, 0x00, 0xff,
0xff, 0xff, 0x00, 0xff, 0xff, 0xff, 0x00, 0xff, 0xff, 0xff, 0x00, 0xff, 0xff, 0xff, 0x00,
0xff, 0xff, 0xff, 0x00, 0xff, 0xff, 0xff, 0x00, 0xff, 0xff, 0xff, 0x00, 0xff, 0xff, 0xff,
0x00, 0xff, 0xff, 0xff, 0x00, 0xff, 0xff, 0xff, 0x00, 0xff, 0xff, 0xff, 0x00, 0xff, 0xff,
0xff, 0x00, 0xff, 0xff, 0xff, 0x00, 0xff, 0xff, 0xff, 0x00, 0xff, 0xff, 0xff, 0x00, 0xff,
0xff, 0xff, 0x00, 0xff, 0xff, 0xff, 0x00, 0xff, 0xff, 0xff, 0x00, 0xff, 0xff, 0xff, 0x00,
0xff, 0xff, 0xff, 0x00, 0xff, 0xff, 0xff, 0x00, 0xff, 0xff, 0xff, 0x00, 0xff, 0xff, 0xff,
0x00, 0xff, 0xff, 0xff, 0x00, 0xff, 0xff, 0xff, 0x00, 0x01, 0xc8, 0xfa, 0x64, 0x03, 0xc8,
0xfb, 0xfe, 0x03, 0xc8, 0xfb, 0xff, 0x03, 0xc8, 0xfb, 0xff, 0x03, 0xc8, 0xfb, 0xff, 0x03,
0xc8, 0xfb, 0xff, 0x03, 0xc8, 0xfb, 0xff, 0x03, 0xc8, 0xfb, 0xff, 0x03, 0xc8, 0xfb, 0xff,
0x03, 0xc8, 0xfb, 0xff, 0x03, 0xc8, 0xfb, 0xff, 0x03, 0xc8, 0xfb, 0xff, 0x03, 0xc8, 0xfb,
0xff, 0x03, 0xc8, 0xfb, 0xff, 0x03, 0xc8, 0xfb, 0xff, 0x03, 0xc8, 0xfb, 0xff, 0x03, 0xc8,
0xfb, 0xff, 0x03, 0xc8, 0xfb, 0xff, 0x03, 0xc8, 0xfb, 0xff, 0x03, 0xc8, 0xfb, 0xff, 0x03,
0xc8, 0xfb, 0xff, 0x03, 0xc8, 0xfb, 0xff, 0x03, 0xc8, 0xfb, 0xff, 0x03, 0xc8, 0xfb, 0xff,
0x03, 0xc8, 0xfb, 0xff, 0x03, 0xc8, 0xfb, 0xff, 0x03, 0xc8, 0xfb, 0xff, 0x03, 0xc8, 0xfb,
0xff, 0x03, 0xc8, 0xfb, 0xff, 0x03, 0xc8, 0xfb, 0xff, 0x03, 0xc8, 0xfb, 0xff, 0x03, 0xc8,
0xfb, 0xff, 0x03, 0xc8, 0xfb, 0xff, 0x03, 0xc8, 0xfb, 0xff, 0x03, 0xc8, 0xfb, 0xff, 0x03,
0xc8, 0xfb, 0xff, 0x03, 0xc8, 0xfb, 0xff, 0x03, 0xc8, 0xfb, 0xff, 0x03, 0xc8, 0xfb, 0xff,
0x03, 0xc8, 0xfb, 0xff, 0x03, 0xc8, 0xfb, 0xff, 0x03, 0xc8, 0xfb, 0xff, 0x03, 0xc8, 0xfb,
0xff, 0x03, 0xc8, 0xfb, 0xff, 0x03, 0xc8, 0xfb, 0xff, 0x03, 0xc8, 0xfb, 0xff, 0x03, 0xc8,
0xfb, 0xff, 0x03, 0xc8, 0xfb, 0xff, 0x03, 0xc8, 0xfb, 0xff, 0x03, 0xc8, 0xfb, 0xff, 0x03,
0xc8, 0xfb, 0xff, 0x03, 0xc8, 0xfb, 0xff, 0x03, 0xc8, 0xfb, 0xff, 0x03, 0xc8, 0xfb, 0xff,
0x03, 0xc8, 0xfb, 0xff, 0x03, 0xc8, 0xfb, 0xff, 0x03, 0xc8, 0xfb, 0xff, 0x03, 0xc8, 0xfb,
0xff, 0x03, 0xc8, 0xfb, 0xff, 0x03, 0xc8, 0xfb, 0xff, 0x03, 0xc8, 0xfb, 0xff, 0x03, 0xc8,
0xfb, 0xff, 0x03, 0xc8, 0xfb, 0xff, 0x03, 0xc8, 0xfb, 0xff, 0x03, 0xc8, 0xfb, 0xff, 0x03,
0xc8, 0xfb, 0xff, 0x03, 0xc8, 0xfb, 0xff, 0x03, 0xc8, 0xfb, 0xff, 0x03, 0xc8, 0xfb, 0xff,
0x03, 0xc8, 0xfb, 0xff, 0x03, 0xc8, 0xfb, 0xff, 0x03, 0xc8, 0xfb, 0xff, 0x03, 0xc8, 0xfb,
0xff, 0x03, 0xc8, 0xfb, 0xff, 0x03, 0xc8, 0xfb, 0xff, 0x03, 0xc8, 0xfb, 0xff, 0x03, 0xc8,
0xfb, 0xff, 0x03, 0xc8, 0xfb, 0xff, 0x03, 0xc8, 0xfb, 0xff, 0x03, 0xc8, 0xfb, 0xff, 0x03,
0xc8, 0xfb, 0xe8, 0x01, 0xc6, 0xf9, 0x28, 0xff, 0xff, 0xff, 0x00, 0xff, 0xff, 0xff, 0x00,
0xff, 0xff, 0xff, 0x00, 0xff, 0xff, 0xff, 0x00, 0xff, 0xff, 0xff, 0x00, 0xff, 0xff, 0xff,
0x00, 0xff, 0xff, 0xff, 0x00, 0xff, 0xff, 0xff, 0x00, 0xff, 0xff, 0xff, 0x00, 0xff, 0xff,
0xff, 0x00, 0xff, 0xff, 0xff, 0x00, 0xff, 0xff, 0xff, 0x00, 0xff, 0xff, 0xff, 0x00, 0xff,
0xff, 0xff, 0x00, 0xff, 0xff, 0xff, 0x00, 0xff, 0xff, 0xff, 0x00, 0xff, 0xff, 0xff, 0x00,
0xff, 0xff, 0xff, 0x00, 0xff, 0xff, 0xff, 0x00, 0xff, 0xff, 0xff, 0x00, 0xff, 0xff, 0xff,
0x00, 0xff, 0xff, 0xff, 0x00, 0xff, 0xff, 0xff, 0x00, 0xff, 0xff, 0xff, 0x00, 0xff, 0xff,
0xff, 0x00, 0xff, 0xff, 0xff, 0x00, 0xff, 0xff, 0xff, 0x00, 0xff, 0xff, 0xff, 0x00, 0xff,
0xff, 0xff, 0x00, 0xff, 0xff, 0xff, 0x00, 0xff, 0xff, 0xff, 0x00, 0xff, 0xff, 0xff, 0x00,
0xff, 0xff, 0xff, 0x00, 0xff, 0xff, 0xff, 0x00, 0xff, 0xff, 0xff, 0x00, 0xff, 0xff, 0xff,
0x00, 0xff, 0xff, 0xff, 0x00, 0xff, 0xff, 0xff, 0x00, 0xff, 0xff, 0xff, 0x00, 0xff, 0xff,
0xff, 0x00, 0xff, 0xff, 0xff, 0x00, 0xff, 0xff, 0xff, 0x00, 0xff, 0xff, 0xff, 0x00, 0xff,
0xff, 0xff, 0x00, 0xff, 0xff, 0xff, 0x00, 0x01, 0xc6, 0xfa, 0x59, 0x02, 0xc8, 0xfb, 0xfd,
0x03, 0xc8, 0xfb, 0xff, 0x03, 0xc8, 0xfb, 0xff, 0x03, 0xc8, 0xfb, 0xff, 0x03, 0xc8, 0xfb,
0xff, 0x03, 0xc8, 0xfb, 0xff, 0x03, 0xc8, 0xfb, 0xff, 0x03, 0xc8, 0xfb, 0xff, 0x03, 0xc8,
0xfb, 0xff, 0x03, 0xc8, 0xfb, 0xff, 0x03, 0xc8, 0xfb, 0xff, 0x03, 0xc8, 0xfb, 0xff, 0x03,
0xc8, 0xfb, 0xff, 0x03, 0xc8, 0xfb, 0xff, 0x03, 0xc8, 0xfb, 0xff, 0x03, 0xc8, 0xfb, 0xff,
0x03, 0xc8, 0xfb, 0xff, 0x03, 0xc8, 0xfb, 0xff, 0x03, 0xc8, 0xfb, 0xff, 0x03, 0xc8, 0xfb,
0xff, 0x03, 0xc8, 0xfb, 0xff, 0x03, 0xc8, 0xfb, 0xff, 0x03, 0xc8, 0xfb, 0xff, 0x03, 0xc8,
0xfb, 0xff, 0x03, 0xc8, 0xfb, 0xff, 0x03, 0xc8, 0xfb, 0xff, 0x03, 0xc8, 0xfb, 0xff, 0x03,
0xc8, 0xfb, 0xff, 0x03, 0xc8, 0xfb, 0xff, 0x03, 0xc8, 0xfb, 0xff, 0x03, 0xc8, 0xfb, 0xff,
0x03, 0xc8, 0xfb, 0xff, 0x03, 0xc8, 0xfb, 0xff, 0x03, 0xc8, 0xfb, 0xff, 0x03, 0xc8, 0xfb,
0xff, 0x03, 0xc8, 0xfb, 0xff, 0x03, 0xc8, 0xfb, 0xff, 0x03, 0xc8, 0xfb, 0xff, 0x03, 0xc8,
0xfb, 0xff, 0x03, 0xc8, 0xfb, 0xff, 0x03, 0xc8, 0xfb, 0xff, 0x03, 0xc8, 0xfb, 0xff, 0x03,
0xc8, 0xfb, 0xff, 0x03, 0xc8, 0xfb, 0xff, 0x03, 0xc8, 0xfb, 0xff, 0x03, 0xc8, 0xfb, 0xff,
0x03, 0xc8, 0xfb, 0xff, 0x03, 0xc8, 0xfb, 0xff, 0x03, 0xc8, 0xfb, 0xff, 0x03, 0xc8, 0xfb,
0xff, 0x03, 0xc8, 0xfb, 0xff, 0x03, 0xc8, 0xfb, 0xff, 0x03, 0xc8, 0xfb, 0xff, 0x03, 0xc8,
0xfb, 0xff, 0x03, 0xc8, 0xfb, 0xff, 0x03, 0xc8, 0xfb, 0xff, 0x03, 0xc8, 0xfb, 0xff, 0x03,
0xc8, 0xfb, 0xff, 0x03, 0xc8, 0xfb, 0xff, 0x03, 0xc8, 0xfb, 0xff, 0x03, 0xc8, 0xfb, 0xff,
0x03, 0xc8, 0xfb, 0xff, 0x03, 0xc8, 0xfb, 0xff, 0x03, 0xc8, 0xfb, 0xff, 0x03, 0xc8, 0xfb,
0xff, 0x03, 0xc8, 0xfb, 0xff, 0x03, 0xc8, 0xfb, 0xff, 0x03, 0xc8, 0xfb, 0xff, 0x03, 0xc8,
0xfb, 0xff, 0x03, 0xc8, 0xfb, 0xff, 0x03, 0xc8, 0xfb, 0xff, 0x03, 0xc8, 0xfb, 0xff, 0x03,
0xc8, 0xfb, 0xff, 0x03, 0xc8, 0xfb, 0xff, 0x03, 0xc8, 0xfb, 0xff, 0x03, 0xc8, 0xfb, 0xff,
0x03, 0xc8, 0xfb, 0xff, 0x03, 0xc8, 0xfb, 0xff, 0x03, 0xc8, 0xfb, 0xff, 0x03, 0xc8, 0xfb,
0xff, 0x03, 0xc8, 0xfb, 0xff, 0x03, 0xc8, 0xfb, 0xe4, 0x01, 0xc4, 0xf8, 0x22, 0xff, 0xff,
0xff, 0x00, 0xff, 0xff, 0xff, 0x00, 0xff, 0xff, 0xff, 0x00, 0xff, 0xff, 0xff, 0x00, 0xff,
0xff, 0xff, 0x00, 0xff, 0xff, 0xff, 0x00, 0xff, 0xff, 0xff, 0x00, 0xff, 0xff, 0xff, 0x00,
0xff, 0xff, 0xff, 0x00, 0xff, 0xff, 0xff, 0x00, 0xff, 0xff, 0xff, 0x00, 0xff, 0xff, 0xff,
0x00, 0xff, 0xff, 0xff, 0x00, 0xff, 0xff, 0xff, 0x00, 0xff, 0xff, 0xff, 0x00, 0xff, 0xff,
0xff, 0x00, 0xff, 0xff, 0xff, 0x00, 0xff, 0xff, 0xff, 0x00, 0xff, 0xff, 0xff, 0x00, 0xff,
0xff, 0xff, 0x00, 0xff, 0xff, 0xff, 0x00, 0xff, 0xff, 0xff, 0x00, 0xff, 0xff, 0xff, 0x00,
0xff, 0xff, 0xff, 0x00, 0xff, 0xff, 0xff, 0x00, 0xff, 0xff, 0xff, 0x00, 0xff, 0xff, 0xff,
0x00, 0xff, 0xff, 0xff, 0x00, 0xff, 0xff, 0xff, 0x00, 0xff, 0xff, 0xff, 0x00, 0xff, 0xff,
0xff, 0x00, 0xff, 0xff, 0xff, 0x00, 0xff, 0xff, 0xff, 0x00, 0xff, 0xff, 0xff, 0x00, 0xff,
0xff, 0xff, 0x00, 0xff, 0xff, 0xff, 0x00, 0xff, 0xff, 0xff, 0x00, 0xff, 0xff, 0xff, 0x00,
0xff, 0xff, 0xff, 0x00, 0xff, 0xff, 0xff, 0x00, 0xff, 0xff, 0xff, 0x00, 0xff, 0xff, 0xff,
0x00, 0xff, 0xff, 0xff, 0x00, 0x01, 0xc5, 0xfb, 0x3d, 0x03, 0xc8, 0xfb, 0xf8, 0x03, 0xc8,
0xfb, 0xff, 0x03, 0xc8, 0xfb, 0xff, 0x03, 0xc8, 0xfb, 0xff, 0x03, 0xc8, 0xfb, 0xff, 0x03,
0xc8, 0xfb, 0xff, 0x03, 0xc8, 0xfb, 0xff, 0x03, 0xc8, 0xfb, 0xff, 0x03, 0xc8, 0xfb, 0xff,
0x03, 0xc8, 0xfb, 0xff, 0x03, 0xc8, 0xfb, 0xff, 0x03, 0xc8, 0xfb, 0xff, 0x03, 0xc8, 0xfb,
0xff, 0x03, 0xc8, 0xfb, 0xff, 0x03, 0xc8, 0xfb, 0xff, 0x03, 0xc8, 0xfb, 0xff, 0x03, 0xc8,
0xfb, 0xff, 0x03, 0xc8, 0xfb, 0xff, 0x03, 0xc8, 0xfb, 0xff, 0x03, 0xc8, 0xfb, 0xff, 0x03,
0xc8, 0xfb, 0xff, 0x03, 0xc8, 0xfb, 0xff, 0x03, 0xc8, 0xfb, 0xff, 0x03, 0xc8, 0xfb, 0xff,
0x03, 0xc8, 0xfb, 0xff, 0x03, 0xc8, 0xfb, 0xff, 0x03, 0xc8, 0xfb, 0xff, 0x03, 0xc8, 0xfb,
0xff, 0x03, 0xc8, 0xfb, 0xff, 0x03, 0xc8, 0xfb, 0xff, 0x03, 0xc8, 0xfb, 0xff, 0x03, 0xc8,
0xfb, 0xff, 0x03, 0xc8, 0xfb, 0xff, 0x03, 0xc8, 0xfb, 0xff, 0x03, 0xc8, 0xfb, 0xff, 0x03,
0xc8, 0xfb, 0xff, 0x03, 0xc8, 0xfb, 0xff, 0x03, 0xc8, 0xfb, 0xff, 0x03, 0xc8, 0xfb, 0xff,
0x03, 0xc8, 0xfb, 0xff, 0x03, 0xc8, 0xfb, 0xff, 0x03, 0xc9, 0xfc, 0xff, 0x08, 0xca, 0xfc,
0xff, 0x0c, 0xca, 0xfc, 0xff, 0x06, 0xc9, 0xfc, 0xff, 0x03, 0xc8, 0xfb, 0xff, 0x03, 0xc8,
0xfb, 0xff, 0x03, 0xc8, 0xfb, 0xff, 0x03, 0xc8, 0xfb, 0xff, 0x03, 0xc8, 0xfb, 0xff, 0x03,
0xc8, 0xfb, 0xff, 0x03, 0xc8, 0xfb, 0xff, 0x03, 0xc8, 0xfb, 0xff, 0x03, 0xc8, 0xfb, 0xff,
0x03, 0xc8, 0xfb, 0xff, 0x03, 0xc8, 0xfb, 0xff, 0x03, 0xc8, 0xfb, 0xff, 0x03, 0xc8, 0xfb,
0xff, 0x03, 0xc8, 0xfb, 0xff, 0x03, 0xc8, 0xfb, 0xff, 0x03, 0xc8, 0xfb, 0xff, 0x03, 0xc8,
0xfb, 0xff, 0x03, 0xc8, 0xfb, 0xff, 0x03, 0xc8, 0xfb, 0xff, 0x03, 0xc8, 0xfb, 0xff, 0x03,
0xc8, 0xfb, 0xff, 0x03, 0xc8, 0xfb, 0xff, 0x03, 0xc8, 0xfb, 0xff, 0x03, 0xc8, 0xfb, 0xff,
0x03, 0xc8, 0xfb, 0xff, 0x03, 0xc8, 0xfb, 0xff, 0x03, 0xc8, 0xfb, 0xff, 0x03, 0xc8, 0xfb,
0xff, 0x03, 0xc8, 0xfb, 0xff, 0x03, 0xc8, 0xfb, 0xff, 0x03, 0xc8, 0xfb, 0xff, 0x03, 0xc8,
0xfb, 0xff, 0x03, 0xc8, 0xfb, 0xff, 0x03, 0xc8, 0xfb, 0xff, 0x03, 0xc8, 0xfb, 0xff, 0x03,
0xc8, 0xfb, 0xff, 0x03, 0xc8, 0xfb, 0xff, 0x03, 0xc8, 0xfb, 0xff, 0x03, 0xc8, 0xfb, 0xda,
0x01, 0xc0, 0xf3, 0x14, 0xff, 0xff, 0xff, 0x00, 0xff, 0xff, 0xff, 0x00, 0xff, 0xff, 0xff,
0x00, 0xff, 0xff, 0xff, 0x00, 0xff, 0xff, 0xff, 0x00, 0xff, 0xff, 0xff, 0x00, 0xff, 0xff,
0xff, 0x00, 0xff, 0xff, 0xff, 0x00, 0xff, 0xff, 0xff, 0x00, 0xff, 0xff, 0xff, 0x00, 0xff,
0xff, 0xff, 0x00, 0xff, 0xff, 0xff, 0x00, 0xff, 0xff, 0xff, 0x00, 0xff, 0xff, 0xff, 0x00,
0xff, 0xff, 0xff, 0x00, 0xff, 0xff, 0xff, 0x00, 0xff, 0xff, 0xff, 0x00, 0xff, 0xff, 0xff,
0x00, 0xff, 0xff, 0xff, 0x00, 0xff, 0xff, 0xff, 0x00, 0xff, 0xff, 0xff, 0x00, 0xff, 0xff,
0xff, 0x00, 0xff, 0xff, 0xff, 0x00, 0xff, 0xff, 0xff, 0x00, 0xff, 0xff, 0xff, 0x00, 0xff,
0xff, 0xff, 0x00, 0xff, 0xff, 0xff, 0x00, 0xff, 0xff, 0xff, 0x00, 0xff, 0xff, 0xff, 0x00,
0xff, 0xff, 0xff, 0x00, 0xff, 0xff, 0xff, 0x00, 0xff, 0xff, 0xff, 0x00, 0xff, 0xff, 0xff,
0x00, 0xff, 0xff, 0xff, 0x00, 0xff, 0xff, 0xff, 0x00, 0xff, 0xff, 0xff, 0x00, 0xff, 0xff,
0xff, 0x00, 0xff, 0xff, 0xff, 0x00, 0xff, 0xff, 0xff, 0x00, 0xff, 0xff, 0xff, 0x00, 0xff,
0xff, 0xff, 0x00, 0x01, 0xc4, 0xf8, 0x22, 0x03, 0xc8, 0xfb, 0xeb, 0x03, 0xc8, 0xfb, 0xff,
0x03, 0xc8, 0xfb, 0xff, 0x03, 0xc8, 0xfb, 0xff, 0x03, 0xc8, 0xfb, 0xff, 0x03, 0xc8, 0xfb,
0xff, 0x03, 0xc8, 0xfb, 0xff, 0x03, 0xc8, 0xfb, 0xff, 0x03, 0xc8, 0xfb, 0xff, 0x03, 0xc8,
0xfb, 0xff, 0x03, 0xc8, 0xfb, 0xff, 0x03, 0xc8, 0xfb, 0xff, 0x03, 0xc8, 0xfb, 0xff, 0x03,
0xc8, 0xfb, 0xff, 0x03, 0xc8, 0xfb, 0xff, 0x03, 0xc8, 0xfb, 0xff, 0x03, 0xc8, 0xfb, 0xff,
0x03, 0xc8, 0xfb, 0xff, 0x03, 0xc8, 0xfb, 0xff, 0x03, 0xc8, 0xfb, 0xff, 0x03, 0xc8, 0xfb,
0xff, 0x03, 0xc8, 0xfb, 0xff, 0x03, 0xc8, 0xfb, 0xff, 0x03, 0xc8, 0xfb, 0xff, 0x03, 0xc8,
0xfb, 0xff, 0x03, 0xc8, 0xfb, 0xff, 0x03, 0xc8, 0xfb, 0xff, 0x03, 0xc8, 0xfb, 0xff, 0x03,
0xc8, 0xfb, 0xff, 0x03, 0xc8, 0xfb, 0xff, 0x03, 0xc8, 0xfb, 0xff, 0x03, 0xc8, 0xfb, 0xff,
0x03, 0xc8, 0xfb, 0xff, 0x03, 0xc8, 0xfb, 0xff, 0x03, 0xc8, 0xfb, 0xff, 0x14, 0xcc, 0xfc,
0xff, 0x47, 0xd7, 0xfd, 0xff, 0x73, 0xe1, 0xfd, 0xff, 0x9b, 0xea, 0xfe, 0xff, 0xbb, 0xf1,
0xfe, 0xff, 0xd8, 0xf7, 0xff, 0xff, 0xeb, 0xfb, 0xff, 0xff, 0xfb, 0xff, 0xff, 0xff, 0xfe,
0xff, 0xff, 0xff, 0xfe, 0xff, 0xff, 0xff, 0xfe, 0xff, 0xff, 0xff, 0xf9, 0xfe, 0xff, 0xff,
0xe3, 0xf9, 0xff, 0xff, 0xcb, 0xf4, 0xff, 0xff, 0xaa, 0xed, 0xfe, 0xff, 0x82, 0xe4, 0xfe,
0xff, 0x50, 0xd9, 0xfd, 0xff, 0x18, 0xcd, 0xfc, 0xff, 0x03, 0xc8, 0xfb, 0xff, 0x03, 0xc8,
0xfb, 0xff, 0x03, 0xc8, 0xfb, 0xff, 0x03, 0xc8, 0xfb, 0xff, 0x03, 0xc8, 0xfb, 0xff, 0x03,
0xc8, 0xfb, 0xff, 0x03, 0xc8, 0xfb, 0xff, 0x03, 0xc8, 0xfb, 0xff, 0x03, 0xc8, 0xfb, 0xff,
0x03, 0xc8, 0xfb, 0xff, 0x03, 0xc8, 0xfb, 0xff, 0x03, 0xc8, 0xfb, 0xff, 0x03, 0xc8, 0xfb,
0xff, 0x03, 0xc8, 0xfb, 0xff, 0x03, 0xc8, 0xfb, 0xff, 0x03, 0xc8, 0xfb, 0xff, 0x03, 0xc8,
0xfb, 0xff, 0x03, 0xc8, 0xfb, 0xff, 0x03, 0xc8, 0xfb, 0xff, 0x03, 0xc8, 0xfb, 0xff, 0x03,
0xc8, 0xfb, 0xff, 0x03, 0xc8, 0xfb, 0xff, 0x03, 0xc8, 0xfb, 0xff, 0x03, 0xc8, 0xfb, 0xff,
0x03, 0xc8, 0xfb, 0xff, 0x03, 0xc8, 0xfb, 0xff, 0x03, 0xc8, 0xfb, 0xff, 0x03, 0xc8, 0xfb,
0xff, 0x03, 0xc8, 0xfb, 0xff, 0x03, 0xc8, 0xfb, 0xff, 0x03, 0xc8, 0xfb, 0xff, 0x03, 0xc8,
0xfb, 0xff, 0x03, 0xc7, 0xfa, 0xc7, 0x01, 0xc0, 0xe0, 0x08, 0xff, 0xff, 0xff, 0x00, 0xff,
0xff, 0xff, 0x00, 0xff, 0xff, 0xff, 0x00, 0xff, 0xff, 0xff, 0x00, 0xff, 0xff, 0xff, 0x00,
0xff, 0xff, 0xff, 0x00, 0xff, 0xff, 0xff, 0x00, 0xff, 0xff, 0xff, 0x00, 0xff, 0xff, 0xff,
0x00, 0xff, 0xff, 0xff, 0x00, 0xff, 0xff, 0xff, 0x00, 0xff, 0xff, 0xff, 0x00, 0xff, 0xff,
0xff, 0x00, 0xff, 0xff, 0xff, 0x00, 0xff, 0xff, 0xff, 0x00, 0xff, 0xff, 0xff, 0x00, 0xff,
0xff, 0xff, 0x00, 0xff, 0xff, 0xff, 0x00, 0xff, 0xff, 0xff, 0x00, 0xff, 0xff, 0xff, 0x00,
0xff, 0xff, 0xff, 0x00, 0xff, 0xff, 0xff, 0x00, 0xff, 0xff, 0xff, 0x00, 0xff, 0xff, 0xff,
0x00, 0xff, 0xff, 0xff, 0x00, 0xff, 0xff, 0xff, 0x00, 0xff, 0xff, 0xff, 0x00, 0xff, 0xff,
0xff, 0x00, 0xff, 0xff, 0xff, 0x00, 0xff, 0xff, 0xff, 0x00, 0xff, 0xff, 0xff, 0x00, 0xff,
0xff, 0xff, 0x00, 0xff, 0xff, 0xff, 0x00, 0xff, 0xff, 0xff, 0x00, 0xff, 0xff, 0xff, 0x00,
0xff, 0xff, 0xff, 0x00, 0xff, 0xff, 0xff, 0x00, 0xff, 0xff, 0xff, 0x00, 0xff, 0xff, 0xff,
0x00, 0x01, 0xc0, 0xea, 0x0c, 0x03, 0xc8, 0xfb, 0xd6, 0x03, 0xc8, 0xfb, 0xff, 0x03, 0xc8,
0xfb, 0xff, 0x03, 0xc8, 0xfb, 0xff, 0x03, 0xc8, 0xfb, 0xff, 0x03, 0xc8, 0xfb, 0xff, 0x03,
0xc8, 0xfb, 0xff, 0x03, 0xc8, 0xfb, 0xff, 0x03, 0xc8, 0xfb, 0xff, 0x03, 0xc8, 0xfb, 0xff,
0x03, 0xc8, 0xfb, 0xff, 0x03, 0xc8, 0xfb, 0xff, 0x03, 0xc8, 0xfb, 0xff, 0x03, 0xc8, 0xfb,
0xff, 0x03, 0xc8, 0xfb, 0xff, 0x03, 0xc8, 0xfb, 0xff, 0x03, 0xc8, 0xfb, 0xff, 0x03, 0xc8,
0xfb, 0xff, 0x03, 0xc8, 0xfb, 0xff, 0x03, 0xc8, 0xfb, 0xff, 0x03, 0xc8, 0xfb, 0xff, 0x03,
0xc8, 0xfb, 0xff, 0x03, 0xc8, 0xfb, 0xff, 0x03, 0xc8, 0xfb, 0xff, 0x03, 0xc8, 0xfb, 0xff,
0x03, 0xc8, 0xfb, 0xff, 0x03, 0xc8, 0xfb, 0xff, 0x03, 0xc8, 0xfb, 0xff, 0x03, 0xc8, 0xfb,
0xff, 0x03, 0xc8, 0xfb, 0xff, 0x03, 0xc8, 0xfb, 0xff, 0x03, 0xc8, 0xfb, 0xff, 0x0e, 0xcb,
0xfc, 0xff, 0x53, 0xda, 0xfd, 0xff, 0x98, 0xe9, 0xfe, 0xff, 0xdb, 0xf8, 0xff, 0xff, 0xfe,
0xff, 0xff, 0xff, 0xfe, 0xff, 0xff, 0xff, 0xfe, 0xff, 0xff, 0xff, 0xfe, 0xff, 0xff, 0xff,
0xfe, 0xff, 0xff, 0xff, 0xfe, 0xff, 0xff, 0xff, 0xfe, 0xff, 0xff, 0xff, 0xfe, 0xff, 0xff,
0xff, 0xfe, 0xff, 0xff, 0xff, 0xfe, 0xff, 0xff, 0xff, 0xfe, 0xff, 0xff, 0xff, 0xfe, 0xff,
0xff, 0xff, 0xfe, 0xff, 0xff, 0xff, 0xfe, 0xff, 0xff, 0xff, 0xfe, 0xff, 0xff, 0xff, 0xfe,
0xff, 0xff, 0xff, 0xfe, 0xff, 0xff, 0xff, 0xfe, 0xff, 0xff, 0xff, 0xd2, 0xf6, 0xff, 0xff,
0x88, 0xe6, 0xfe, 0xff, 0x36, 0xd4, 0xfc, 0xff, 0x03, 0xc8, 0xfb, 0xff, 0x03, 0xc8, 0xfb,
0xff, 0x03, 0xc8, 0xfb, 0xff, 0x03, 0xc8, 0xfb, 0xff, 0x03, 0xc8, 0xfb, 0xff, 0x03, 0xc8,
0xfb, 0xff, 0x03, 0xc8, 0xfb, 0xff, 0x03, 0xc8, 0xfb, 0xff, 0x03, 0xc8, 0xfb, 0xff, 0x03,
0xc8, 0xfb, 0xff, 0x03, 0xc8, 0xfb, 0xff, 0x03, 0xc8, 0xfb, 0xff, 0x03, 0xc8, 0xfb, 0xff,
0x03, 0xc8, 0xfb, 0xff, 0x03, 0xc8, 0xfb, 0xff, 0x03, 0xc8, 0xfb, 0xff, 0x03, 0xc8, 0xfb,
0xff, 0x03, 0xc8, 0xfb, 0xff, 0x03, 0xc8, 0xfb, 0xff, 0x03, 0xc8, 0xfb, 0xff, 0x03, 0xc8,
0xfb, 0xff, 0x03, 0xc8, 0xfb, 0xff, 0x03, 0xc8, 0xfb, 0xff, 0x03, 0xc8, 0xfb, 0xff, 0x03,
0xc8, 0xfb, 0xff, 0x03, 0xc8, 0xfb, 0xff, 0x03, 0xc8, 0xfb, 0xff, 0x03, 0xc8, 0xfb, 0xff,
0x03, 0xc8, 0xfb, 0xff, 0x03, 0xc8, 0xfb, 0xff, 0x03, 0xc8, 0xfb, 0x9f, 0xff, 0xff, 0xff,
0x00, 0xff, 0xff, 0xff, 0x00, 0xff, 0xff, 0xff, 0x00, 0xff, 0xff, 0xff, 0x00, 0xff, 0xff,
0xff, 0x00, 0xff, 0xff, 0xff, 0x00, 0xff, 0xff, 0xff, 0x00, 0xff, 0xff, 0xff, 0x00, 0xff,
0xff, 0xff, 0x00, 0xff, 0xff, 0xff, 0x00, 0xff, 0xff, 0xff, 0x00, 0xff, 0xff, 0xff, 0x00,
0xff, 0xff, 0xff, 0x00, 0xff, 0xff, 0xff, 0x00, 0xff, 0xff, 0xff, 0x00, 0xff, 0xff, 0xff,
0x00, 0xff, 0xff, 0xff, 0x00, 0xff, 0xff, 0xff, 0x00, 0xff, 0xff, 0xff, 0x00, 0xff, 0xff,
0xff, 0x00, 0xff, 0xff, 0xff, 0x00, 0xff, 0xff, 0xff, 0x00, 0xff, 0xff, 0xff, 0x00, 0xff,
0xff, 0xff, 0x00, 0xff, 0xff, 0xff, 0x00, 0xff, 0xff, 0xff, 0x00, 0xff, 0xff, 0xff, 0x00,
0xff, 0xff, 0xff, 0x00, 0xff, 0xff, 0xff, 0x00, 0xff, 0xff, 0xff, 0x00, 0xff, 0xff, 0xff,
0x00, 0xff, 0xff, 0xff, 0x00, 0xff, 0xff, 0xff, 0x00, 0xff, 0xff, 0xff, 0x00, 0xff, 0xff,
0xff, 0x00, 0xff, 0xff, 0xff, 0x00, 0xff, 0xff, 0xff, 0x00, 0xff, 0xff, 0xff, 0x00, 0xff,
0xff, 0xff, 0x00, 0x03, 0xc8, 0xfb, 0xa4, 0x03, 0xc8, 0xfb, 0xff, 0x03, 0xc8, 0xfb, 0xff,
0x03, 0xc8, 0xfb, 0xff, 0x03, 0xc8, 0xfb, 0xff, 0x03, 0xc8, 0xfb, 0xff, 0x03, 0xc8, 0xfb,
0xff, 0x03, 0xc8, 0xfb, 0xff, 0x03, 0xc8, 0xfb, 0xff, 0x03, 0xc8, 0xfb, 0xff, 0x03, 0xc8,
0xfb, 0xff, 0x03, 0xc8, 0xfb, 0xff, 0x03, 0xc8, 0xfb, 0xff, 0x03, 0xc8, 0xfb, 0xff, 0x03,
0xc8, 0xfb, 0xff, 0x03, 0xc8, 0xfb, 0xff, 0x03, 0xc8, 0xfb, 0xff, 0x03, 0xc8, 0xfb, 0xff,
0x03, 0xc8, 0xfb, 0xff, 0x03, 0xc8, 0xfb, 0xff, 0x03, 0xc8, 0xfb, 0xff, 0x03, 0xc8, 0xfb,
0xff, 0x03, 0xc8, 0xfb, 0xff, 0x03, 0xc8, 0xfb, 0xff, 0x03, 0xc8, 0xfb, 0xff, 0x03, 0xc8,
0xfb, 0xff, 0x03, 0xc8, 0xfb, 0xff, 0x03, 0xc8, 0xfb, 0xff, 0x03, 0xc8, 0xfb, 0xff, 0x03,
0xc8, 0xfb, 0xff, 0x08, 0xca, 0xfc, 0xff, 0x54, 0xda, 0xfd, 0xff, 0xb0, 0xee, 0xfe, 0xff,
0xf7, 0xfe, 0xff, 0xff, 0xfe, 0xff, 0xff, 0xff, 0xfe, 0xff, 0xff, 0xff, 0xfe, 0xff, 0xff,
0xff, 0xfe, 0xff, 0xff, 0xff, 0xfe, 0xff, 0xff, 0xff, 0xfe, 0xff, 0xff, 0xff, 0xfe, 0xff,
0xff, 0xff, 0xfe, 0xff, 0xff, 0xff, 0xfe, 0xff, 0xff, 0xff, 0xfe, 0xff, 0xff, 0xff, 0xfe,
0xff, 0xff, 0xff, 0xfe, 0xff, 0xff, 0xff, 0xfe, 0xff, 0xff, 0xff, 0xfe, 0xff, 0xff, 0xff,
0xfe, 0xff, 0xff, 0xff, 0xfe, 0xff, 0xff, 0xff, 0xfe, 0xff, 0xff, 0xff, 0xfe, 0xff, 0xff,
0xff, 0xfe, 0xff, 0xff, 0xff, 0xfe, 0xff, 0xff, 0xff, 0xfe, 0xff, 0xff, 0xff, 0xfe, 0xff,
0xff, 0xff, 0xfe, 0xff, 0xff, 0xff, 0xfe, 0xff, 0xff, 0xff, 0xd4, 0xf6, 0xff, 0xff, 0x6d,
0xe0, 0xfd, 0xff, 0x0e, 0xcb, 0xfc, 0xff, 0x03, 0xc8, 0xfb, 0xff, 0x03, 0xc8, 0xfb, 0xff,
0x03, 0xc8, 0xfb, 0xff, 0x03, 0xc8, 0xfb, 0xff, 0x03, 0xc8, 0xfb, 0xff, 0x03, 0xc8, 0xfb,
0xff, 0x03, 0xc8, 0xfb, 0xff, 0x03, 0xc8, 0xfb, 0xff, 0x03, 0xc8, 0xfb, 0xff, 0x03, 0xc8,
0xfb, 0xff, 0x03, 0xc8, 0xfb, 0xff, 0x03, 0xc8, 0xfb, 0xff, 0x03, 0xc8, 0xfb, 0xff, 0x03,
0xc8, 0xfb, 0xff, 0x03, 0xc8, 0xfb, 0xff, 0x03, 0xc8, 0xfb, 0xff, 0x03, 0xc8, 0xfb, 0xff,
0x03, 0xc8, 0xfb, 0xff, 0x03, 0xc8, 0xfb, 0xff, 0x03, 0xc8, 0xfb, 0xff, 0x03, 0xc8, 0xfb,
0xff, 0x03, 0xc8, 0xfb, 0xff, 0x03, 0xc8, 0xfb, 0xff, 0x03, 0xc8, 0xfb, 0xff, 0x03, 0xc8,
0xfb, 0xff, 0x03, 0xc8, 0xfb, 0xff, 0x03, 0xc8, 0xfb, 0xff, 0x03, 0xc8, 0xfb, 0xff, 0x01,
0xc8, 0xfb, 0x69, 0xff, 0xff, 0xff, 0x00, 0xff, 0xff, 0xff, 0x00, 0xff, 0xff, 0xff, 0x00,
0xff, 0xff, 0xff, 0x00, 0xff, 0xff, 0xff, 0x00, 0xff, 0xff, 0xff, 0x00, 0xff, 0xff, 0xff,
0x00, 0xff, 0xff, 0xff, 0x00, 0xff, 0xff, 0xff, 0x00, 0xff, 0xff, 0xff, 0x00, 0xff, 0xff,
0xff, 0x00, 0xff, 0xff, 0xff, 0x00, 0xff, 0xff, 0xff, 0x00, 0xff, 0xff, 0xff, 0x00, 0xff,
0xff, 0xff, 0x00, 0xff, 0xff, 0xff, 0x00, 0xff, 0xff, 0xff, 0x00, 0xff, 0xff, 0xff, 0x00,
0xff, 0xff, 0xff, 0x00, 0xff, 0xff, 0xff, 0x00, 0xff, 0xff, 0xff, 0x00, 0xff, 0xff, 0xff,
0x00, 0xff, 0xff, 0xff, 0x00, 0xff, 0xff, 0xff, 0x00, 0xff, 0xff, 0xff, 0x00, 0xff, 0xff,
0xff, 0x00, 0xff, 0xff, 0xff, 0x00, 0xff, 0xff, 0xff, 0x00, 0xff, 0xff, 0xff, 0x00, 0xff,
0xff, 0xff, 0x00, 0xff, 0xff, 0xff, 0x00, 0xff, 0xff, 0xff, 0x00, 0xff, 0xff, 0xff, 0x00,
0xff, 0xff, 0xff, 0x00, 0xff, 0xff, 0xff, 0x00, 0xff, 0xff, 0xff, 0x00, 0xff, 0xff, 0xff,
0x00, 0x01, 0xc7, 0xfa, 0x63, 0x03, 0xc8, 0xfb, 0xff, 0x03, 0xc8, 0xfb, 0xff, 0x03, 0xc8,
0xfb, 0xff, 0x03, 0xc8, 0xfb, 0xff, 0x03, 0xc8, 0xfb, 0xff, 0x03, 0xc8, 0xfb, 0xff, 0x03,
0xc8, 0xfb, 0xff, 0x03, 0xc8, 0xfb, 0xff, 0x03, 0xc8, 0xfb, 0xff, 0x03, 0xc8, 0xfb, 0xff,
0x03, 0xc8, 0xfb, 0xff, 0x03, 0xc8, 0xfb, 0xff, 0x03, 0xc8, 0xfb, 0xff, 0x03, 0xc8, 0xfb,
0xff, 0x03, 0xc8, 0xfb, 0xff, 0x03, 0xc8, 0xfb, 0xff, 0x03, 0xc8, 0xfb, 0xff, 0x03, 0xc8,
0xfb, 0xff, 0x03, 0xc8, 0xfb, 0xff, 0x03, 0xc8, 0xfb, 0xff, 0x03, 0xc8, 0xfb, 0xff, 0x03,
0xc8, 0xfb, 0xff, 0x03, 0xc8, 0xfb, 0xff, 0x03, 0xc8, 0xfb, 0xff, 0x03, 0xc8, 0xfb, 0xff,
0x03, 0xc8, 0xfb, 0xff, 0x03, 0xc8, 0xfb, 0xff, 0x03, 0xc8, 0xfb, 0xff, 0x15, 0xcc, 0xfc,
0xff, 0x7f, 0xe4, 0xfd, 0xff, 0xe8, 0xfb, 0xff, 0xff, 0xfe, 0xff, 0xff, 0xff, 0xfe, 0xff,
0xff, 0xff, 0xfe, 0xff, 0xff, 0xff, 0xfe, 0xff, 0xff, 0xff, 0xfe, 0xff, 0xff, 0xff, 0xfe,
0xff, 0xff, 0xff, 0xfe, 0xff, 0xff, 0xff, 0xfe, 0xff, 0xff, 0xff, 0xfe, 0xff, 0xff, 0xff,
0xfe, 0xff, 0xff, 0xff, 0xfe, 0xff, 0xff, 0xff, 0xf1, 0xfc, 0xff, 0xff, 0xd6, 0xf7, 0xff,
0xff, 0xc3, 0xf3, 0xff, 0xff, 0xb8, 0xf0, 0xfe, 0xff, 0xb7, 0xf0, 0xfe, 0xff, 0xbd, 0xf1,
0xfe, 0xff, 0xcc, 0xf4, 0xff, 0xff, 0xe5, 0xfa, 0xff, 0xff, 0xfc, 0xff, 0xff, 0xff, 0xfe,
0xff, 0xff, 0xff, 0xfe, 0xff, 0xff, 0xff, 0xfe, 0xff, 0xff, 0xff, 0xfe, 0xff, 0xff, 0xff,
0xfe, 0xff, 0xff, 0xff, 0xfe, 0xff, 0xff, 0xff, 0xfe, 0xff, 0xff, 0xff, 0xfe, 0xff, 0xff,
0xff, 0xfe, 0xff, 0xff, 0xff, 0xed, 0xfc, 0xff, 0xff, 0x7b, 0xe3, 0xfd, 0xff, 0x0d, 0xcb,
0xfc, 0xff, 0x03, 0xc8, 0xfb, 0xff, 0x03, 0xc8, 0xfb, 0xff, 0x03, 0xc8, 0xfb, 0xff, 0x03,
0xc8, 0xfb, 0xff, 0x03, 0xc8, 0xfb, 0xff, 0x03, 0xc8, 0xfb, 0xff, 0x03, 0xc8, 0xfb, 0xff,
0x03, 0xc8, 0xfb, 0xff, 0x03, 0xc8, 0xfb, 0xff, 0x03, 0xc8, 0xfb, 0xff, 0x03, 0xc8, 0xfb,
0xff, 0x03, 0xc8, 0xfb, 0xff, 0x03, 0xc8, 0xfb, 0xff, 0x03, 0xc8, 0xfb, 0xff, 0x03, 0xc8,
0xfb, 0xff, 0x03, 0xc8, 0xfb, 0xff, 0x03, 0xc8, 0xfb, 0xff, 0x03, 0xc8, 0xfb, 0xff, 0x03,
0xc8, 0xfb, 0xff, 0x03, 0xc8, 0xfb, 0xff, 0x03, 0xc8, 0xfb, 0xff, 0x03, 0xc8, 0xfb, 0xff,
0x03, 0xc8, 0xfb, 0xff, 0x03, 0xc8, 0xfb, 0xff, 0x03, 0xc8, 0xfb, 0xff, 0x03, 0xc8, 0xfb,
0xff, 0x03, 0xc8, 0xfb, 0xf7, 0x01, 0xc8, 0xfa, 0x2e, 0xff, 0xff, 0xff, 0x00, 0xff, 0xff,
0xff, 0x00, 0xff, 0xff, 0xff, 0x00, 0xff, 0xff, 0xff, 0x00, 0xff, 0xff, 0xff, 0x00, 0xff,
0xff, 0xff, 0x00, 0xff, 0xff, 0xff, 0x00, 0xff, 0xff, 0xff, 0x00, 0xff, 0xff, 0xff, 0x00,
0xff, 0xff, 0xff, 0x00, 0xff, 0xff, 0xff, 0x00, 0xff, 0xff, 0xff, 0x00, 0xff, 0xff, 0xff,
0x00, 0xff, 0xff, 0xff, 0x00, 0xff, 0xff, 0xff, 0x00, 0xff, 0xff, 0xff, 0x00, 0xff, 0xff,
0xff, 0x00, 0xff, 0xff, 0xff, 0x00, 0xff, 0xff, 0xff, 0x00, 0xff, 0xff, 0xff, 0x00, 0xff,
0xff, 0xff, 0x00, 0xff, 0xff, 0xff, 0x00, 0xff, 0xff, 0xff, 0x00, 0xff, 0xff, 0xff, 0x00,
0xff, 0xff, 0xff, 0x00, 0xff, 0xff, 0xff, 0x00, 0xff, 0xff, 0xff, 0x00, 0xff, 0xff, 0xff,
0x00, 0xff, 0xff, 0xff, 0x00, 0xff, 0xff, 0xff, 0x00, 0xff, 0xff, 0xff, 0x00, 0xff, 0xff,
0xff, 0x00, 0xff, 0xff, 0xff, 0x00, 0xff, 0xff, 0xff, 0x00, 0xff, 0xff, 0xff, 0x00, 0x01,
0xc6, 0xf9, 0x28, 0x03, 0xc8, 0xfb, 0xf6, 0x03, 0xc8, 0xfb, 0xff, 0x03, 0xc8, 0xfb, 0xff,
0x03, 0xc8, 0xfb, 0xff, 0x03, 0xc8, 0xfb, 0xff, 0x03, 0xc8, 0xfb, 0xff, 0x03, 0xc8, 0xfb,
0xff, 0x03, 0xc8, 0xfb, 0xff, 0x03, 0xc8, 0xfb, 0xff, 0x03, 0xc8, 0xfb, 0xff, 0x03, 0xc8,
0xfb, 0xff, 0x03, 0xc8, 0xfb, 0xff, 0x03, 0xc8, 0xfb, 0xff, 0x03, 0xc8, 0xfb, 0xff, 0x03,
0xc8, 0xfb, 0xff, 0x03, 0xc8, 0xfb, 0xff, 0x03, 0xc8, 0xfb, 0xff, 0x03, 0xc8, 0xfb, 0xff,
0x03, 0xc8, 0xfb, 0xff, 0x03, 0xc8, 0xfb, 0xff, 0x03, 0xc8, 0xfb, 0xff, 0x03, 0xc8, 0xfb,
0xff, 0x03, 0xc8, 0xfb, 0xff, 0x03, 0xc8, 0xfb, 0xff, 0x03, 0xc8, 0xfb, 0xff, 0x03, 0xc8,
0xfb, 0xff, 0x03, 0xc8, 0xfb, 0xff, 0x10, 0xcb, 0xfc, 0xff, 0x85, 0xe5, 0xfe, 0xff, 0xf1,
0xfc, 0xff, 0xff, 0xfe, 0xff, 0xff, 0xff, 0xfe, 0xff, 0xff, 0xff, 0xfe, 0xff, 0xff, 0xff,
0xfe, 0xff, 0xff, 0xff, 0xfe, 0xff, 0xff, 0xff, 0xfe, 0xff, 0xff, 0xff, 0xfe, 0xff, 0xff,
0xff, 0xfe, 0xff, 0xff, 0xff, 0xd3, 0xf6, 0xff, 0xff, 0x98, 0xe9, 0xfe, 0xff, 0x63, 0xde,
0xfd, 0xff, 0x38, 0xd4, 0xfc, 0xff, 0x12, 0xcc, 0xfc, 0xff, 0x03, 0xc8, 0xfb, 0xff, 0x03,
0xc8, 0xfb, 0xff, 0x03, 0xc8, 0xfb, 0xff, 0x03, 0xc8, 0xfb, 0xff, 0x03, 0xc8, 0xfb, 0xff,
0x03, 0xc8, 0xfb, 0xff, 0x03, 0xc8, 0xfb, 0xff, 0x03, 0xc8, 0xfb, 0xff, 0x09, 0xca, 0xfc,
0xff, 0x2d, 0xd2, 0xfc, 0xff, 0x5d, 0xdc, 0xfd, 0xff, 0x98, 0xe9, 0xfe, 0xff, 0xdb, 0xf8,
0xff, 0xff, 0xfe, 0xff, 0xff, 0xff, 0xfe, 0xff, 0xff, 0xff, 0xfe, 0xff, 0xff, 0xff, 0xfe,
0xff, 0xff, 0xff, 0xfe, 0xff, 0xff, 0xff, 0xfe, 0xff, 0xff, 0xff, 0xfe, 0xff, 0xff, 0xff,
0xe3, 0xf9, 0xff, 0xff, 0x59, 0xdb, 0xfd, 0xff, 0x03, 0xc8, 0xfb, 0xff, 0x03, 0xc8, 0xfb,
0xff, 0x03, 0xc8, 0xfb, 0xff, 0x03, 0xc8, 0xfb, 0xff, 0x03, 0xc8, 0xfb, 0xff, 0x03, 0xc8,
0xfb, 0xff, 0x03, 0xc8, 0xfb, 0xff, 0x03, 0xc8, 0xfb, 0xff, 0x03, 0xc8, 0xfb, 0xff, 0x03,
0xc8, 0xfb, 0xff, 0x03, 0xc8, 0xfb, 0xff, 0x03, 0xc8, 0xfb, 0xff, 0x03, 0xc8, 0xfb, 0xff,
0x03, 0xc8, 0xfb, 0xff, 0x03, 0xc8, 0xfb, 0xff, 0x03, 0xc8, 0xfb, 0xff, 0x03, 0xc8, 0xfb,
0xff, 0x03, 0xc8, 0xfb, 0xff, 0x03, 0xc8, 0xfb, 0xff, 0x03, 0xc8, 0xfb, 0xff, 0x03, 0xc8,
0xfb, 0xff, 0x03, 0xc8, 0xfb, 0xff, 0x03, 0xc8, 0xfb, 0xff, 0x03, 0xc8, 0xfb, 0xff, 0x03,
0xc8, 0xfb, 0xff, 0x03, 0xc8, 0xfb, 0xff, 0x03, 0xc8, 0xfb, 0xd3, 0x01, 0xb7, 0xdb, 0x07,
0xff, 0xff, 0xff, 0x00, 0xff, 0xff, 0xff, 0x00, 0xff, 0xff, 0xff, 0x00, 0xff, 0xff, 0xff,
0x00, 0xff, 0xff, 0xff, 0x00, 0xff, 0xff, 0xff, 0x00, 0xff, 0xff, 0xff, 0x00, 0xff, 0xff,
0xff, 0x00, 0xff, 0xff, 0xff, 0x00, 0xff, 0xff, 0xff, 0x00, 0xff, 0xff, 0xff, 0x00, 0xff,
0xff, 0xff, 0x00, 0xff, 0xff, 0xff, 0x00, 0xff, 0xff, 0xff, 0x00, 0xff, 0xff, 0xff, 0x00,
0xff, 0xff, 0xff, 0x00, 0xff, 0xff, 0xff, 0x00, 0xff, 0xff, 0xff, 0x00, 0xff, 0xff, 0xff,
0x00, 0xff, 0xff, 0xff, 0x00, 0xff, 0xff, 0xff, 0x00, 0xff, 0xff, 0xff, 0x00, 0xff, 0xff,
0xff, 0x00, 0xff, 0xff, 0xff, 0x00, 0xff, 0xff, 0xff, 0x00, 0xff, 0xff, 0xff, 0x00, 0xff,
0xff, 0xff, 0x00, 0xff, 0xff, 0xff, 0x00, 0xff, 0xff, 0xff, 0x00, 0xff, 0xff, 0xff, 0x00,
0xff, 0xff, 0xff, 0x00, 0xff, 0xff, 0xff, 0x00, 0xff, 0xff, 0xff, 0x00, 0x01, 0x80, 0x80,
0x02, 0x03, 0xc8, 0xfa, 0xc4, 0x03, 0xc8, 0xfb, 0xff, 0x03, 0xc8, 0xfb, 0xff, 0x03, 0xc8,
0xfb, 0xff, 0x03, 0xc8, 0xfb, 0xff, 0x03, 0xc8, 0xfb, 0xff, 0x03, 0xc8, 0xfb, 0xff, 0x03,
0xc8, 0xfb, 0xff, 0x03, 0xc8, 0xfb, 0xff, 0x03, 0xc8, 0xfb, 0xff, 0x03, 0xc8, 0xfb, 0xff,
0x03, 0xc8, 0xfb, 0xff, 0x03, 0xc8, 0xfb, 0xff, 0x03, 0xc8, 0xfb, 0xff, 0x03, 0xc8, 0xfb,
0xff, 0x03, 0xc8, 0xfb, 0xff, 0x03, 0xc8, 0xfb, 0xff, 0x03, 0xc8, 0xfb, 0xff, 0x03, 0xc8,
0xfb, 0xff, 0x03, 0xc8, 0xfb, 0xff, 0x03, 0xc8, 0xfb, 0xff, 0x03, 0xc8, 0xfb, 0xff, 0x03,
0xc8, 0xfb, 0xff, 0x03, 0xc8, 0xfb, 0xff, 0x03, 0xc8, 0xfb, 0xff, 0x03, 0xc8, 0xfb, 0xff,
0x03, 0xc8, 0xfb, 0xff, 0x5f, 0xdd, 0xfd, 0xff, 0xe8, 0xfb, 0xff, 0xff, 0xfe, 0xff, 0xff,
0xff, 0xfe, 0xff, 0xff, 0xff, 0xfe, 0xff, 0xff, 0xff, 0xfe, 0xff, 0xff, 0xff, 0xfe, 0xff,
0xff, 0xff, 0xfe, 0xff, 0xff, 0xff, 0xfd, 0xff, 0xff, 0xff, 0xbf, 0xf2, 0xfe, 0xff, 0x69,
0xdf, 0xfd, 0xff, 0x1c, 0xce, 0xfc, 0xff, 0x03, 0xc8, 0xfb, 0xff, 0x03, 0xc8, 0xfb, 0xff,
0x03, 0xc8, 0xfb, 0xff, 0x03, 0xc8, 0xfb, 0xff, 0x03, 0xc8, 0xfb, 0xff, 0x03, 0xc8, 0xfb,
0xff, 0x03, 0xc8, 0xfb, 0xff, 0x03, 0xc8, 0xfb, 0xff, 0x03, 0xc8, 0xfb, 0xff, 0x03, 0xc8,
0xfb, 0xff, 0x03, 0xc8, 0xfb, 0xff, 0x03, 0xc8, 0xfb, 0xff, 0x03, 0xc8, 0xfb, 0xff, 0x03,
0xc8, 0xfb, 0xff, 0x03, 0xc8, 0xfb, 0xff, 0x03, 0xc8, 0xfb, 0xff, 0x03, 0xc8, 0xfb, 0xff,
0x03, 0xc8, 0xfb, 0xff, 0x2c, 0xd1, 0xfc, 0xff, 0x85, 0xe5, 0xfe, 0xff, 0xe5, 0xfa, 0xff,
0xff, 0xfe, 0xff, 0xff, 0xff, 0xfe, 0xff, 0xff, 0xff, 0xfe, 0xff, 0xff, 0xff, 0xfe, 0xff,
0xff, 0xff, 0xfe, 0xff, 0xff, 0xff, 0xfe, 0xff, 0xff, 0xff, 0xb1, 0xef, 0xfe, 0xff, 0x18,
0xcd, 0xfc, 0xff, 0x03, 0xc8, 0xfb, 0xff, 0x03, 0xc8, 0xfb, 0xff, 0x03, 0xc8, 0xfb, 0xff,
0x03, 0xc8, 0xfb, 0xff, 0x03, 0xc8, 0xfb, 0xff, 0x03, 0xc8, 0xfb, 0xff, 0x03, 0xc8, 0xfb,
0xff, 0x03, 0xc8, 0xfb, 0xff, 0x03, 0xc8, 0xfb, 0xff, 0x03, 0xc8, 0xfb, 0xff, 0x03, 0xc8,
0xfb, 0xff, 0x03, 0xc8, 0xfb, 0xff, 0x03, 0xc8, 0xfb, 0xff, 0x03, 0xc8, 0xfb, 0xff, 0x03,
0xc8, 0xfb, 0xff, 0x03, 0xc8, 0xfb, 0xff, 0x03, 0xc8, 0xfb, 0xff, 0x03, 0xc8, 0xfb, 0xff,
0x03, 0xc8, 0xfb, 0xff, 0x03, 0xc8, 0xfb, 0xff, 0x03, 0xc8, 0xfb, 0xff, 0x03, 0xc8, 0xfb,
0xff, 0x03, 0xc8, 0xfb, 0xff, 0x03, 0xc8, 0xfb, 0xff, 0x03, 0xc8, 0xfb, 0xff, 0x03, 0xc8,
0xfa, 0x84, 0xff, 0xff, 0xff, 0x00, 0xff, 0xff, 0xff, 0x00, 0xff, 0xff, 0xff, 0x00, 0xff,
0xff, 0xff, 0x00, 0xff, 0xff, 0xff, 0x00, 0xff, 0xff, 0xff, 0x00, 0xff, 0xff, 0xff, 0x00,
0xff, 0xff, 0xff, 0x00, 0xff, 0xff, 0xff, 0x00, 0xff, 0xff, 0xff, 0x00, 0xff, 0xff, 0xff,
0x00, 0xff, 0xff, 0xff, 0x00, 0xff, 0xff, 0xff, 0x00, 0xff, 0xff, 0xff, 0x00, 0xff, 0xff,
0xff, 0x00, 0xff, 0xff, 0xff, 0x00, 0xff, 0xff, 0xff, 0x00, 0xff, 0xff, 0xff, 0x00, 0xff,
0xff, 0xff, 0x00, 0xff, 0xff, 0xff, 0x00, 0xff, 0xff, 0xff, 0x00, 0xff, 0xff, 0xff, 0x00,
0xff, 0xff, 0xff, 0x00, 0xff, 0xff, 0xff, 0x00, 0xff, 0xff, 0xff, 0x00, 0xff, 0xff, 0xff,
0x00, 0xff, 0xff, 0xff, 0x00, 0xff, 0xff, 0xff, 0x00, 0xff, 0xff, 0xff, 0x00, 0xff, 0xff,
0xff, 0x00, 0xff, 0xff, 0xff, 0x00, 0xff, 0xff, 0xff, 0x00, 0xff, 0xff, 0xff, 0x00, 0x01,
0xc7, 0xfb, 0x6c, 0x03, 0xc8, 0xfb, 0xff, 0x03, 0xc8, 0xfb, 0xff, 0x03, 0xc8, 0xfb, 0xff,
0x03, 0xc8, 0xfb, 0xff, 0x03, 0xc8, 0xfb, 0xff, 0x03, 0xc8, 0xfb, 0xff, 0x03, 0xc8, 0xfb,
0xff, 0x03, 0xc8, 0xfb, 0xff, 0x03, 0xc8, 0xfb, 0xff, 0x03, 0xc8, 0xfb, 0xff, 0x03, 0xc8,
0xfb, 0xff, 0x03, 0xc8, 0xfb, 0xff, 0x03, 0xc8, 0xfb, 0xff, 0x03, 0xc8, 0xfb, 0xff, 0x03,
0xc8, 0xfb, 0xff, 0x03, 0xc8, 0xfb, 0xff, 0x03, 0xc8, 0xfb, 0xff, 0x03, 0xc8, 0xfb, 0xff,
0x03, 0xc8, 0xfb, 0xff, 0x03, 0xc8, 0xfb, 0xff, 0x03, 0xc8, 0xfb, 0xff, 0x03, 0xc8, 0xfb,
0xff, 0x03, 0xc8, 0xfb, 0xff, 0x03, 0xc8, 0xfb, 0xff, 0x03, 0xc8, 0xfb, 0xff, 0x1c, 0xce,
0xfc, 0xff, 0xb8, 0xf0, 0xfe, 0xff, 0xfe, 0xff, 0xff, 0xff, 0xfe, 0xff, 0xff, 0xff, 0xfe,
0xff, 0xff, 0xff, 0xfe, 0xff, 0xff, 0xff, 0xfe, 0xff, 0xff, 0xff, 0xfe, 0xff, 0xff, 0xff,
0xf2, 0xfd, 0xff, 0xff, 0x8d, 0xe7, 0xfe, 0xff, 0x23, 0xcf, 0xfc, 0xff, 0x03, 0xc8, 0xfb,
0xff, 0x03, 0xc8, 0xfb, 0xff, 0x03, 0xc8, 0xfb, 0xff, 0x03, 0xc8, 0xfb, 0xff, 0x03, 0xc8,
0xfb, 0xff, 0x03, 0xc8, 0xfb, 0xff, 0x03, 0xc8, 0xfb, 0xff, 0x03, 0xc8, 0xfb, 0xff, 0x03,
0xc8, 0xfb, 0xff, 0x03, 0xc8, 0xfb, 0xff, 0x03, 0xc8, 0xfb, 0xff, 0x03, 0xc8, 0xfb, 0xff,
0x03, 0xc8, 0xfb, 0xff, 0x03, 0xc8, 0xfb, 0xff, 0x03, 0xc8, 0xfb, 0xff, 0x03, 0xc8, 0xfb,
0xff, 0x03, 0xc8, 0xfb, 0xff, 0x03, 0xc8, 0xfb, 0xff, 0x03, 0xc8, 0xfb, 0xff, 0x03, 0xc8,
0xfb, 0xff, 0x03, 0xc8, 0xfb, 0xff, 0x03, 0xc8, 0xfb, 0xff, 0x03, 0xc8, 0xfb, 0xff, 0x06,
0xc9, 0xfc, 0xff, 0x5f, 0xdd, 0xfd, 0xff, 0xd8, 0xf7, 0xff, 0xff, 0xfe, 0xff, 0xff, 0xff,
0xfe, 0xff, 0xff, 0xff, 0xfe, 0xff, 0xff, 0xff, 0xfe, 0xff, 0xff, 0xff, 0xfe, 0xff, 0xff,
0xff, 0xe7, 0xfa, 0xff, 0xff, 0x41, 0xd6, 0xfc, 0xff, 0x03, 0xc8, 0xfb, 0xff, 0x03, 0xc8,
0xfb, 0xff, 0x03, 0xc8, 0xfb, 0xff, 0x03, 0xc8, 0xfb, 0xff, 0x03, 0xc8, 0xfb, 0xff, 0x03,
0xc8, 0xfb, 0xff, 0x03, 0xc8, 0xfb, 0xff, 0x03, 0xc8, 0xfb, 0xff, 0x03, 0xc8, 0xfb, 0xff,
0x03, 0xc8, 0xfb, 0xff, 0x03, 0xc8, 0xfb, 0xff, 0x03, 0xc8, 0xfb, 0xff, 0x03, 0xc8, 0xfb,
0xff, 0x03, 0xc8, 0xfb, 0xff, 0x03, 0xc8, 0xfb, 0xff, 0x03, 0xc8, 0xfb, 0xff, 0x03, 0xc8,
0xfb, 0xff, 0x03, 0xc8, 0xfb, 0xff, 0x03, 0xc8, 0xfb, 0xff, 0x03, 0xc8, 0xfb, 0xff, 0x03,
0xc8, 0xfb, 0xff, 0x03, 0xc8, 0xfb, 0xff, 0x03, 0xc8, 0xfb, 0xff, 0x03, 0xc8, 0xfb, 0xff,
0x03, 0xc8, 0xfb, 0xfb, 0x01, 0xc8, 0xfa, 0x2e, 0xff, 0xff, 0xff, 0x00, 0xff, 0xff, 0xff,
0x00, 0xff, 0xff, 0xff, 0x00, 0xff, 0xff, 0xff, 0x00, 0xff, 0xff, 0xff, 0x00, 0xff, 0xff,
0xff, 0x00, 0xff, 0xff, 0xff, 0x00, 0xff, 0xff, 0xff, 0x00, 0xff, 0xff, 0xff, 0x00, 0xff,
0xff, 0xff, 0x00, 0xff, 0xff, 0xff, 0x00, 0xff, 0xff, 0xff, 0x00, 0xff, 0xff, 0xff, 0x00,
0xff, 0xff, 0xff, 0x00, 0xff, 0xff, 0xff, 0x00, 0xff, 0xff, 0xff, 0x00, 0xff, 0xff, 0xff,
0x00, 0xff, 0xff, 0xff, 0x00, 0xff, 0xff, 0xff, 0x00, 0xff, 0xff, 0xff, 0x00, 0xff, 0xff,
0xff, 0x00, 0xff, 0xff, 0xff, 0x00, 0xff, 0xff, 0xff, 0x00, 0xff, 0xff, 0xff, 0x00, 0xff,
0xff, 0xff, 0x00, 0xff, 0xff, 0xff, 0x00, 0xff, 0xff, 0xff, 0x00, 0xff, 0xff, 0xff, 0x00,
0xff, 0xff, 0xff, 0x00, 0xff, 0xff, 0xff, 0x00, 0xff, 0xff, 0xff, 0x00, 0x01, 0xc7, 0xf6,
0x1b, 0x03, 0xc8, 0xfb, 0xf2, 0x03, 0xc8, 0xfb, 0xff, 0x03, 0xc8, 0xfb, 0xff, 0x03, 0xc8,
0xfb, 0xff, 0x03, 0xc8, 0xfb, 0xff, 0x03, 0xc8, 0xfb, 0xff, 0x03, 0xc8, 0xfb, 0xff, 0x03,
0xc8, 0xfb, 0xff, 0x03, 0xc8, 0xfb, 0xff, 0x03, 0xc8, 0xfb, 0xff, 0x03, 0xc8, 0xfb, 0xff,
0x03, 0xc8, 0xfb, 0xff, 0x03, 0xc8, 0xfb, 0xff, 0x03, 0xc8, 0xfb, 0xff, 0x03, 0xc8, 0xfb,
0xff, 0x03, 0xc8, 0xfb, 0xff, 0x03, 0xc8, 0xfb, 0xff, 0x03, 0xc8, 0xfb, 0xff, 0x03, 0xc8,
0xfb, 0xff, 0x03, 0xc8, 0xfb, 0xff, 0x03, 0xc8, 0xfb, 0xff, 0x03, 0xc8, 0xfb, 0xff, 0x03,
0xc8, 0xfb, 0xff, 0x03, 0xc8, 0xfb, 0xff, 0x03, 0xc8, 0xfb, 0xff, 0x48, 0xd7, 0xfd, 0xff,
0xea, 0xfb, 0xff, 0xff, 0xfe, 0xff, 0xff, 0xff, 0xfe, 0xff, 0xff, 0xff, 0xfe, 0xff, 0xff,
0xff, 0xfe, 0xff, 0xff, 0xff, 0xfe, 0xff, 0xff, 0xff, 0xf3, 0xfd, 0xff, 0xff, 0x84, 0xe5,
0xfe, 0xff, 0x13, 0xcc, 0xfc, 0xff, 0x03, 0xc8, 0xfb, 0xff, 0x03, 0xc8, 0xfb, 0xff, 0x03,
0xc8, 0xfb, 0xff, 0x1f, 0xcf, 0xfc, 0xff, 0x4a, 0xd8, 0xfd, 0xff, 0x40, 0xd6, 0xfc, 0xff,
0x03, 0xc8, 0xfb, 0xff, 0x03, 0xc8, 0xfb, 0xff, 0x03, 0xc8, 0xfb, 0xff, 0x03, 0xc8, 0xfb,
0xff, 0x03, 0xc8, 0xfb, 0xff, 0x03, 0xc8, 0xfb, 0xff, 0x03, 0xc8, 0xfb, 0xff, 0x03, 0xc8,
0xfb, 0xff, 0x03, 0xc8, 0xfb, 0xff, 0x03, 0xc8, 0xfb, 0xff, 0x03, 0xc8, 0xfb, 0xff, 0x03,
0xc8, 0xfb, 0xff, 0x03, 0xc8, 0xfb, 0xff, 0x03, 0xc8, 0xfb, 0xff, 0x25, 0xd0, 0xfc, 0xff,
0x4a, 0xd8, 0xfd, 0xff, 0x20, 0xcf, 0xfc, 0xff, 0x03, 0xc8, 0xfb, 0xff, 0x03, 0xc8, 0xfb,
0xff, 0x03, 0xc8, 0xfb, 0xff, 0x03, 0xc8, 0xfb, 0xff, 0x06, 0xc9, 0xfc, 0xff, 0x67, 0xde,
0xfd, 0xff, 0xec, 0xfb, 0xff, 0xff, 0xfe, 0xff, 0xff, 0xff, 0xfe, 0xff, 0xff, 0xff, 0xfe,
0xff, 0xff, 0xff, 0xfe, 0xff, 0xff, 0xff, 0xfa, 0xfe, 0xff, 0xff, 0x65, 0xde, 0xfd, 0xff,
0x03, 0xc8, 0xfb, 0xff, 0x03, 0xc8, 0xfb, 0xff, 0x03, 0xc8, 0xfb, 0xff, 0x03, 0xc8, 0xfb,
0xff, 0x03, 0xc8, 0xfb, 0xff, 0x03, 0xc8, 0xfb, 0xff, 0x03, 0xc8, 0xfb, 0xff, 0x03, 0xc8,
0xfb, 0xff, 0x03, 0xc8, 0xfb, 0xff, 0x03, 0xc8, 0xfb, 0xff, 0x03, 0xc8, 0xfb, 0xff, 0x03,
0xc8, 0xfb, 0xff, 0x03, 0xc8, 0xfb, 0xff, 0x03, 0xc8, 0xfb, 0xff, 0x03, 0xc8, 0xfb, 0xff,
0x03, 0xc8, 0xfb, 0xff, 0x03, 0xc8, 0xfb, 0xff, 0x03, 0xc8, 0xfb, 0xff, 0x03, 0xc8, 0xfb,
0xff, 0x03, 0xc8, 0xfb, 0xff, 0x03, 0xc8, 0xfb, 0xff, 0x03, 0xc8, 0xfb, 0xff, 0x03, 0xc8,
0xfb, 0xff, 0x03, 0xc8, 0xfb, 0xff, 0x03, 0xc7, 0xfa, 0xc2, 0x01, 0x01, 0x01, 0x01, 0xff,
0xff, 0xff, 0x00, 0xff, 0xff, 0xff, 0x00, 0xff, 0xff, 0xff, 0x00, 0xff, 0xff, 0xff, 0x00,
0xff, 0xff, 0xff, 0x00, 0xff, 0xff, 0xff, 0x00, 0xff, 0xff, 0xff, 0x00, 0xff, 0xff, 0xff,
0x00, 0xff, 0xff, 0xff, 0x00, 0xff, 0xff, 0xff, 0x00, 0xff, 0xff, 0xff, 0x00, 0xff, 0xff,
0xff, 0x00, 0xff, 0xff, 0xff, 0x00, 0xff, 0xff, 0xff, 0x00, 0xff, 0xff, 0xff, 0x00, 0xff,
0xff, 0xff, 0x00, 0xff, 0xff, 0xff, 0x00, 0xff, 0xff, 0xff, 0x00, 0xff, 0xff, 0xff, 0x00,
0xff, 0xff, 0xff, 0x00, 0xff, 0xff, 0xff, 0x00, 0xff, 0xff, 0xff, 0x00, 0xff, 0xff, 0xff,
0x00, 0xff, 0xff, 0xff, 0x00, 0xff, 0xff, 0xff, 0x00, 0xff, 0xff, 0xff, 0x00, 0xff, 0xff,
0xff, 0x00, 0xff, 0xff, 0xff, 0x00, 0xff, 0xff, 0xff, 0x00, 0xff, 0xff, 0xff, 0x00, 0x03,
0xc8, 0xfb, 0xa0, 0x03, 0xc8, 0xfb, 0xff, 0x03, 0xc8, 0xfb, 0xff, 0x03, 0xc8, 0xfb, 0xff,
0x03, 0xc8, 0xfb, 0xff, 0x03, 0xc8, 0xfb, 0xff, 0x03, 0xc8, 0xfb, 0xff, 0x03, 0xc8, 0xfb,
0xff, 0x03, 0xc8, 0xfb, 0xff, 0x03, 0xc8, 0xfb, 0xff, 0x03, 0xc8, 0xfb, 0xff, 0x03, 0xc8,
0xfb, 0xff, 0x03, 0xc8, 0xfb, 0xff, 0x03, 0xc8, 0xfb, 0xff, 0x03, 0xc8, 0xfb, 0xff, 0x03,
0xc8, 0xfb, 0xff, 0x03, 0xc8, 0xfb, 0xff, 0x03, 0xc8, 0xfb, 0xff, 0x03, 0xc8, 0xfb, 0xff,
0x03, 0xc8, 0xfb, 0xff, 0x03, 0xc8, 0xfb, 0xff, 0x03, 0xc8, 0xfb, 0xff, 0x03, 0xc8, 0xfb,
0xff, 0x03, 0xc8, 0xfb, 0xff, 0x03, 0xc8, 0xfb, 0xff, 0x72, 0xe1, 0xfd, 0xff, 0xfc, 0xff,
0xff, 0xff, 0xfe, 0xff, 0xff, 0xff, 0xfe, 0xff, 0xff, 0xff, 0xfe, 0xff, 0xff, 0xff, 0xfe,
0xff, 0xff, 0xff, 0xfe, 0xff, 0xff, 0xff, 0xa8, 0xec, 0xfe, 0xff, 0x1c, 0xce, 0xfc, 0xff,
0x03, 0xc8, 0xfb, 0xff, 0x03, 0xc8, 0xfb, 0xff, 0x32, 0xd3, 0xfc, 0xff, 0x92, 0xe8, 0xfe,
0xff, 0xdb, 0xf8, 0xff, 0xff, 0xfe, 0xff, 0xff, 0xff, 0xfe, 0xff, 0xff, 0xff, 0xc6, 0xf3,
0xff, 0xff, 0x03, 0xc8, 0xfb, 0xff, 0x03, 0xc8, 0xfb, 0xff, 0x03, 0xc8, 0xfb, 0xff, 0x03,
0xc8, 0xfb, 0xff, 0x03, 0xc8, 0xfb, 0xff, 0x03, 0xc8, 0xfb, 0xff, 0x03, 0xc8, 0xfb, 0xff,
0x03, 0xc8, 0xfb, 0xff, 0x03, 0xc8, 0xfb, 0xff, 0x03, 0xc8, 0xfb, 0xff, 0x03, 0xc8, 0xfb,
0xff, 0x03, 0xc8, 0xfb, 0xff, 0x03, 0xc8, 0xfb, 0xff, 0x03, 0xc8, 0xfb, 0xff, 0x90, 0xe7,
0xfe, 0xff, 0xfe, 0xff, 0xff, 0xff, 0xfe, 0xff, 0xff, 0xff, 0xdf, 0xf9, 0xff, 0xff, 0x97,
0xe9, 0xfe, 0xff, 0x3a, 0xd4, 0xfc, 0xff, 0x03, 0xc8, 0xfb, 0xff, 0x03, 0xc8, 0xfb, 0xff,
0x03, 0xc8, 0xfb, 0xff, 0x16, 0xcd, 0xfc, 0xff, 0xab, 0xed, 0xfe, 0xff, 0xfe, 0xff, 0xff,
0xff, 0xfe, 0xff, 0xff, 0xff, 0xfe, 0xff, 0xff, 0xff, 0xfe, 0xff, 0xff, 0xff, 0xfe, 0xff,
0xff, 0xff, 0x7c, 0xe3, 0xfd, 0xff, 0x03, 0xc8, 0xfb, 0xff, 0x03, 0xc8, 0xfb, 0xff, 0x03,
0xc8, 0xfb, 0xff, 0x03, 0xc8, 0xfb, 0xff, 0x03, 0xc8, 0xfb, 0xff, 0x03, 0xc8, 0xfb, 0xff,
0x03, 0xc8, 0xfb, 0xff, 0x03, 0xc8, 0xfb, 0xff, 0x03, 0xc8, 0xfb, 0xff, 0x03, 0xc8, 0xfb,
0xff, 0x03, 0xc8, 0xfb, 0xff, 0x03, 0xc8, 0xfb, 0xff, 0x03, 0xc8, 0xfb, 0xff, 0x03, 0xc8,
0xfb, 0xff, 0x03, 0xc8, 0xfb, 0xff, 0x03, 0xc8, 0xfb, 0xff, 0x03, 0xc8, 0xfb, 0xff, 0x03,
0xc8, 0xfb, 0xff, 0x03, 0xc8, 0xfb, 0xff, 0x03, 0xc8, 0xfb, 0xff, 0x03, 0xc8, 0xfb, 0xff,
0x03, 0xc8, 0xfb, 0xff, 0x03, 0xc8, 0xfb, 0xff, 0x03, 0xc8, 0xfb, 0xff, 0x01, 0xc6, 0xfa,
0x59, 0xff, 0xff, 0xff, 0x00, 0xff, 0xff, 0xff, 0x00, 0xff, 0xff, 0xff, 0x00, 0xff, 0xff,
0xff, 0x00, 0xff, 0xff, 0xff, 0x00, 0xff, 0xff, 0xff, 0x00, 0xff, 0xff, 0xff, 0x00, 0xff,
0xff, 0xff, 0x00, 0xff, 0xff, 0xff, 0x00, 0xff, 0xff, 0xff, 0x00, 0xff, 0xff, 0xff, 0x00,
0xff, 0xff, 0xff, 0x00, 0xff, 0xff, 0xff, 0x00, 0xff, 0xff, 0xff, 0x00, 0xff, 0xff, 0xff,
0x00, 0xff, 0xff, 0xff, 0x00, 0xff, 0xff, 0xff, 0x00, 0xff, 0xff, 0xff, 0x00, 0xff, 0xff,
0xff, 0x00, 0xff, 0xff, 0xff, 0x00, 0xff, 0xff, 0xff, 0x00, 0xff, 0xff, 0xff, 0x00, 0xff,
0xff, 0xff, 0x00, 0xff, 0xff, 0xff, 0x00, 0xff, 0xff, 0xff, 0x00, 0xff, 0xff, 0xff, 0x00,
0xff, 0xff, 0xff, 0x00, 0xff, 0xff, 0xff, 0x00, 0xff, 0xff, 0xff, 0x00, 0x01, 0xc6, 0xfa,
0x31, 0x02, 0xc8, 0xfb, 0xfd, 0x03, 0xc8, 0xfb, 0xff, 0x03, 0xc8, 0xfb, 0xff, 0x03, 0xc8,
0xfb, 0xff, 0x03, 0xc8, 0xfb, 0xff, 0x03, 0xc8, 0xfb, 0xff, 0x03, 0xc8, 0xfb, 0xff, 0x03,
0xc8, 0xfb, 0xff, 0x03, 0xc8, 0xfb, 0xff, 0x03, 0xc8, 0xfb, 0xff, 0x03, 0xc8, 0xfb, 0xff,
0x03, 0xc8, 0xfb, 0xff, 0x03, 0xc8, 0xfb, 0xff, 0x03, 0xc8, 0xfb, 0xff, 0x03, 0xc8, 0xfb,
0xff, 0x03, 0xc8, 0xfb, 0xff, 0x03, 0xc8, 0xfb, 0xff, 0x03, 0xc8, 0xfb, 0xff, 0x03, 0xc8,
0xfb, 0xff, 0x03, 0xc8, 0xfb, 0xff, 0x03, 0xc8, 0xfb, 0xff, 0x03, 0xc8, 0xfb, 0xff, 0x03,
0xc8, 0xfb, 0xff, 0x03, 0xc9, 0xfc, 0xff, 0x8c, 0xe6, 0xfe, 0xff, 0xfe, 0xff, 0xff, 0xff,
0xfe, 0xff, 0xff, 0xff, 0xfe, 0xff, 0xff, 0xff, 0xfe, 0xff, 0xff, 0xff, 0xfe, 0xff, 0xff,
0xff, 0xe9, 0xfb, 0xff, 0xff, 0x51, 0xd9, 0xfd, 0xff, 0x03, 0xc8, 0xfb, 0xff, 0x03, 0xc8,
0xfb, 0xff, 0x3a, 0xd4, 0xfc, 0xff, 0xc2, 0xf2, 0xff, 0xff, 0xfe, 0xff, 0xff, 0xff, 0xfe,
0xff, 0xff, 0xff, 0xfe, 0xff, 0xff, 0xff, 0xfe, 0xff, 0xff, 0xff, 0xfe, 0xff, 0xff, 0xff,
0xfb, 0xff, 0xff, 0xff, 0x0f, 0xcb, 0xfc, 0xff, 0x03, 0xc8, 0xfb, 0xff, 0x03, 0xc8, 0xfb,
0xff, 0x03, 0xc8, 0xfb, 0xff, 0x03, 0xc8, 0xfb, 0xff, 0x03, 0xc8, 0xfb, 0xff, 0x03, 0xc8,
0xfb, 0xff, 0x03, 0xc8, 0xfb, 0xff, 0x03, 0xc8, 0xfb, 0xff, 0x03, 0xc8, 0xfb, 0xff, 0x03,
0xc8, 0xfb, 0xff, 0x03, 0xc8, 0xfb, 0xff, 0x03, 0xc8, 0xfb, 0xff, 0x03, 0xc8, 0xfb, 0xff,
0xd9, 0xf7, 0xff, 0xff, 0xfe, 0xff, 0xff, 0xff, 0xfe, 0xff, 0xff, 0xff, 0xfe, 0xff, 0xff,
0xff, 0xfe, 0xff, 0xff, 0xff, 0xfe, 0xff, 0xff, 0xff, 0xca, 0xf4, 0xff, 0xff, 0x45, 0xd7,
0xfd, 0xff, 0x03, 0xc8, 0xfb, 0xff, 0x03, 0xc8, 0xfb, 0xff, 0x03, 0xc8, 0xfb, 0xff, 0x67,
0xde, 0xfd, 0xff, 0xf7, 0xfe, 0xff, 0xff, 0xfe, 0xff, 0xff, 0xff, 0xfe, 0xff, 0xff, 0xff,
0xfe, 0xff, 0xff, 0xff, 0xfe, 0xff, 0xff, 0xff, 0x7f, 0xe4, 0xfd, 0xff, 0x03, 0xc8, 0xfb,
0xff, 0x03, 0xc8, 0xfb, 0xff, 0x03, 0xc8, 0xfb, 0xff, 0x03, 0xc8, 0xfb, 0xff, 0x03, 0xc8,
0xfb, 0xff, 0x03, 0xc8, 0xfb, 0xff, 0x03, 0xc8, 0xfb, 0xff, 0x03, 0xc8, 0xfb, 0xff, 0x03,
0xc8, 0xfb, 0xff, 0x03, 0xc8, 0xfb, 0xff, 0x03, 0xc8, 0xfb, 0xff, 0x03, 0xc8, 0xfb, 0xff,
0x03, 0xc8, 0xfb, 0xff, 0x03, 0xc8, 0xfb, 0xff, 0x03, 0xc8, 0xfb, 0xff, 0x03, 0xc8, 0xfb,
0xff, 0x03, 0xc8, 0xfb, 0xff, 0x03, 0xc8, 0xfb, 0xff, 0x03, 0xc8, 0xfb, 0xff, 0x03, 0xc8,
0xfb, 0xff, 0x03, 0xc8, 0xfb, 0xff, 0x03, 0xc8, 0xfb, 0xff, 0x03, 0xc8, 0xfb, 0xff, 0x03,
0xc8, 0xfb, 0xdd, 0x01, 0xab, 0xd5, 0x06, 0xff, 0xff, 0xff, 0x00, 0xff, 0xff, 0xff, 0x00,
0xff, 0xff, 0xff, 0x00, 0xff, 0xff, 0xff, 0x00, 0xff, 0xff, 0xff, 0x00, 0xff, 0xff, 0xff,
0x00, 0xff, 0xff, 0xff, 0x00, 0xff, 0xff, 0xff, 0x00, 0xff, 0xff, 0xff, 0x00, 0xff, 0xff,
0xff, 0x00, 0xff, 0xff, 0xff, 0x00, 0xff, 0xff, 0xff, 0x00, 0xff, 0xff, 0xff, 0x00, 0xff,
0xff, 0xff, 0x00, 0xff, 0xff, 0xff, 0x00, 0xff, 0xff, 0xff, 0x00, 0xff, 0xff, 0xff, 0x00,
0xff, 0xff, 0xff, 0x00, 0xff, 0xff, 0xff, 0x00, 0xff, 0xff, 0xff, 0x00, 0xff, 0xff, 0xff,
0x00, 0xff, 0xff, 0xff, 0x00, 0xff, 0xff, 0xff, 0x00, 0xff, 0xff, 0xff, 0x00, 0xff, 0xff,
0xff, 0x00, 0xff, 0xff, 0xff, 0x00, 0xff, 0xff, 0xff, 0x00, 0xff, 0xff, 0xff, 0x00, 0x03,
0xc8, 0xfb, 0xbd, 0x03, 0xc8, 0xfb, 0xff, 0x03, 0xc8, 0xfb, 0xff, 0x03, 0xc8, 0xfb, 0xff,
0x03, 0xc8, 0xfb, 0xff, 0x03, 0xc8, 0xfb, 0xff, 0x03, 0xc8, 0xfb, 0xff, 0x03, 0xc8, 0xfb,
0xff, 0x03, 0xc8, 0xfb, 0xff, 0x03, 0xc8, 0xfb, 0xff, 0x03, 0xc8, 0xfb, 0xff, 0x03, 0xc8,
0xfb, 0xff, 0x03, 0xc8, 0xfb, 0xff, 0x03, 0xc8, 0xfb, 0xff, 0x03, 0xc8, 0xfb, 0xff, 0x03,
0xc8, 0xfb, 0xff, 0x03, 0xc8, 0xfb, 0xff, 0x03, 0xc8, 0xfb, 0xff, 0x03, 0xc8, 0xfb, 0xff,
0x03, 0xc8, 0xfb, 0xff, 0x03, 0xc8, 0xfb, 0xff, 0x03, 0xc8, 0xfb, 0xff, 0x03, 0xc8, 0xfb,
0xff, 0x03, 0xc8, 0xfb, 0xff, 0x91, 0xe7, 0xfe, 0xff, 0xfe, 0xff, 0xff, 0xff, 0xfe, 0xff,
0xff, 0xff, 0xfe, 0xff, 0xff, 0xff, 0xfe, 0xff, 0xff, 0xff, 0xfe, 0xff, 0xff, 0xff, 0xc0,
0xf2, 0xff, 0xff, 0x1a, 0xcd, 0xfc, 0xff, 0x03, 0xc8, 0xfb, 0xff, 0x0b, 0xca, 0xfc, 0xff,
0x9a, 0xe9, 0xfe, 0xff, 0xfe, 0xff, 0xff, 0xff, 0xfe, 0xff, 0xff, 0xff, 0xfe, 0xff, 0xff,
0xff, 0xfe, 0xff, 0xff, 0xff, 0xfe, 0xff, 0xff, 0xff, 0xfe, 0xff, 0xff, 0xff, 0xfe, 0xff,
0xff, 0xff, 0xfe, 0xff, 0xff, 0xff, 0x4d, 0xd9, 0xfd, 0xff, 0x03, 0xc8, 0xfb, 0xff, 0x03,
0xc8, 0xfb, 0xff, 0x03, 0xc8, 0xfb, 0xff, 0x03, 0xc8, 0xfb, 0xff, 0x03, 0xc8, 0xfb, 0xff,
0x03, 0xc8, 0xfb, 0xff, 0x03, 0xc8, 0xfb, 0xff, 0x03, 0xc8, 0xfb, 0xff, 0x03, 0xc8, 0xfb,
0xff, 0x03, 0xc8, 0xfb, 0xff, 0x03, 0xc8, 0xfb, 0xff, 0x03, 0xc8, 0xfb, 0xff, 0x26, 0xd0,
0xfc, 0xff, 0xfe, 0xff, 0xff, 0xff, 0xfe, 0xff, 0xff, 0xff, 0xfe, 0xff, 0xff, 0xff, 0xfe,
0xff, 0xff, 0xff, 0xfe, 0xff, 0xff, 0xff, 0xfe, 0xff, 0xff, 0xff, 0xfe, 0xff, 0xff, 0xff,
0xfe, 0xff, 0xff, 0xff, 0xa4, 0xec, 0xfe, 0xff, 0x0e, 0xcb, 0xfc, 0xff, 0x03, 0xc8, 0xfb,
0xff, 0x03, 0xc8, 0xfb, 0xff, 0x3c, 0xd5, 0xfc, 0xff, 0xea, 0xfb, 0xff, 0xff, 0xfe, 0xff,
0xff, 0xff, 0xfe, 0xff, 0xff, 0xff, 0xfe, 0xff, 0xff, 0xff, 0xfe, 0xff, 0xff, 0xff, 0x6d,
0xe0, 0xfd, 0xff, 0x03, 0xc8, 0xfb, 0xff, 0x03, 0xc8, 0xfb, 0xff, 0x03, 0xc8, 0xfb, 0xff,
0x03, 0xc8, 0xfb, 0xff, 0x03, 0xc8, 0xfb, 0xff, 0x03, 0xc8, 0xfb, 0xff, 0x03, 0xc8, 0xfb,
0xff, 0x03, 0xc8, 0xfb, 0xff, 0x03, 0xc8, 0xfb, 0xff, 0x03, 0xc8, 0xfb, 0xff, 0x03, 0xc8,
0xfb, 0xff, 0x03, 0xc8, 0xfb, 0xff, 0x03, 0xc8, 0xfb, 0xff, 0x03, 0xc8, 0xfb, 0xff, 0x03,
0xc8, 0xfb, 0xff, 0x03, 0xc8, 0xfb, 0xff, 0x03, 0xc8, 0xfb, 0xff, 0x03, 0xc8, 0xfb, 0xff,
0x03, 0xc8, 0xfb, 0xff, 0x03, 0xc8, 0xfb, 0xff, 0x03, 0xc8, 0xfb, 0xff, 0x03, 0xc8, 0xfb,
0xff, 0x03, 0xc8, 0xfb, 0xff, 0x01, 0xc7, 0xfb, 0x6b, 0xff, 0xff, 0xff, 0x00, 0xff, 0xff,
0xff, 0x00, 0xff, 0xff, 0xff, 0x00, 0xff, 0xff, 0xff, 0x00, 0xff, 0xff, 0xff, 0x00, 0xff,
0xff, 0xff, 0x00, 0xff, 0xff, 0xff, 0x00, 0xff, 0xff, 0xff, 0x00, 0xff, 0xff, 0xff, 0x00,
0xff, 0xff, 0xff, 0x00, 0xff, 0xff, 0xff, 0x00, 0xff, 0xff, 0xff, 0x00, 0xff, 0xff, 0xff,
0x00, 0xff, 0xff, 0xff, 0x00, 0xff, 0xff, 0xff, 0x00, 0xff, 0xff, 0xff, 0x00, 0xff, 0xff,
0xff, 0x00, 0xff, 0xff, 0xff, 0x00, 0xff, 0xff, 0xff, 0x00, 0xff, 0xff, 0xff, 0x00, 0xff,
0xff, 0xff, 0x00, 0xff, 0xff, 0xff, 0x00, 0xff, 0xff, 0xff, 0x00, 0xff, 0xff, 0xff, 0x00,
0xff, 0xff, 0xff, 0x00, 0xff, 0xff, 0xff, 0x00, 0xff, 0xff, 0xff, 0x00, 0x01, 0xc8, 0xf8,
0x40, 0x03, 0xc8, 0xfb, 0xff, 0x03, 0xc8, 0xfb, 0xff, 0x03, 0xc8, 0xfb, 0xff, 0x03, 0xc8,
0xfb, 0xff, 0x03, 0xc8, 0xfb, 0xff, 0x03, 0xc8, 0xfb, 0xff, 0x03, 0xc8, 0xfb, 0xff, 0x03,
0xc8, 0xfb, 0xff, 0x03, 0xc8, 0xfb, 0xff, 0x03, 0xc8, 0xfb, 0xff, 0x03, 0xc8, 0xfb, 0xff,
0x03, 0xc8, 0xfb, 0xff, 0x03, 0xc8, 0xfb, 0xff, 0x03, 0xc8, 0xfb, 0xff, 0x03, 0xc8, 0xfb,
0xff, 0x03, 0xc8, 0xfb, 0xff, 0x03, 0xc8, 0xfb, 0xff, 0x03, 0xc8, 0xfb, 0xff, 0x03, 0xc8,
0xfb, 0xff, 0x03, 0xc8, 0xfb, 0xff, 0x03, 0xc8, 0xfb, 0xff, 0x03, 0xc8, 0xfb, 0xff, 0x03,
0xc8, 0xfb, 0xff, 0x7f, 0xe4, 0xfd, 0xff, 0xfe, 0xff, 0xff, 0xff, 0xfe, 0xff, 0xff, 0xff,
0xfe, 0xff, 0xff, 0xff, 0xfe, 0xff, 0xff, 0xff, 0xfe, 0xff, 0xff, 0xff, 0x9a, 0xe9, 0xfe,
0xff, 0x07, 0xc9, 0xfc, 0xff, 0x03, 0xc8, 0xfb, 0xff, 0x19, 0xcd, 0xfc, 0xff, 0xcf, 0xf5,
0xff, 0xff, 0xfe, 0xff, 0xff, 0xff, 0xfe, 0xff, 0xff, 0xff, 0xfe, 0xff, 0xff, 0xff, 0xfe,
0xff, 0xff, 0xff, 0xfe, 0xff, 0xff, 0xff, 0xfe, 0xff, 0xff, 0xff, 0xfe, 0xff, 0xff, 0xff,
0xfe, 0xff, 0xff, 0xff, 0xfe, 0xff, 0xff, 0xff, 0x8e, 0xe7, 0xfe, 0xff, 0x03, 0xc8, 0xfb,
0xff, 0x03, 0xc8, 0xfb, 0xff, 0x03, 0xc8, 0xfb, 0xff, 0x03, 0xc8, 0xfb, 0xff, 0x03, 0xc8,
0xfb, 0xff, 0x03, 0xc8, 0xfb, 0xff, 0x03, 0xc8, 0xfb, 0xff, 0x03, 0xc8, 0xfb, 0xff, 0x03,
0xc8, 0xfb, 0xff, 0x03, 0xc8, 0xfb, 0xff, 0x03, 0xc8, 0xfb, 0xff, 0x03, 0xc8, 0xfb, 0xff,
0x6f, 0xe0, 0xfd, 0xff, 0xfe, 0xff, 0xff, 0xff, 0xfe, 0xff, 0xff, 0xff, 0xfe, 0xff, 0xff,
0xff, 0xfe, 0xff, 0xff, 0xff, 0xfe, 0xff, 0xff, 0xff, 0xfe, 0xff, 0xff, 0xff, 0xfe, 0xff,
0xff, 0xff, 0xfe, 0xff, 0xff, 0xff, 0xfe, 0xff, 0xff, 0xff, 0xd6, 0xf7, 0xff, 0xff, 0x1e,
0xce, 0xfc, 0xff, 0x03, 0xc8, 0xfb, 0xff, 0x03, 0xc8, 0xfb, 0xff, 0x2b, 0xd1, 0xfc, 0xff,
0xe4, 0xfa, 0xff, 0xff, 0xfe, 0xff, 0xff, 0xff, 0xfe, 0xff, 0xff, 0xff, 0xfe, 0xff, 0xff,
0xff, 0xfd, 0xff, 0xff, 0xff, 0x4f, 0xd9, 0xfd, 0xff, 0x03, 0xc8, 0xfb, 0xff, 0x03, 0xc8,
0xfb, 0xff, 0x03, 0xc8, 0xfb, 0xff, 0x03, 0xc8, 0xfb, 0xff, 0x03, 0xc8, 0xfb, 0xff, 0x03,
0xc8, 0xfb, 0xff, 0x03, 0xc8, 0xfb, 0xff, 0x03, 0xc8, 0xfb, 0xff, 0x03, 0xc8, 0xfb, 0xff,
0x03, 0xc8, 0xfb, 0xff, 0x03, 0xc8, 0xfb, 0xff, 0x03, 0xc8, 0xfb, 0xff, 0x03, 0xc8, 0xfb,
0xff, 0x03, 0xc8, 0xfb, 0xff, 0x03, 0xc8, 0xfb, 0xff, 0x03, 0xc8, 0xfb, 0xff, 0x03, 0xc8,
0xfb, 0xff, 0x03, 0xc8, 0xfb, 0xff, 0x03, 0xc8, 0xfb, 0xff, 0x03, 0xc8, 0xfb, 0xff, 0x03,
0xc8, 0xfb, 0xff, 0x03, 0xc8, 0xfb, 0xff, 0x03, 0xc8, 0xfb, 0xe1, 0x01, 0x9a, 0xcd, 0x05,
0xff, 0xff, 0xff, 0x00, 0xff, 0xff, 0xff, 0x00, 0xff, 0xff, 0xff, 0x00, 0xff, 0xff, 0xff,
0x00, 0xff, 0xff, 0xff, 0x00, 0xff, 0xff, 0xff, 0x00, 0xff, 0xff, 0xff, 0x00, 0xff, 0xff,
0xff, 0x00, 0xff, 0xff, 0xff, 0x00, 0xff, 0xff, 0xff, 0x00, 0xff, 0xff, 0xff, 0x00, 0xff,
0xff, 0xff, 0x00, 0xff, 0xff, 0xff, 0x00, 0xff, 0xff, 0xff, 0x00, 0xff, 0xff, 0xff, 0x00,
0xff, 0xff, 0xff, 0x00, 0xff, 0xff, 0xff, 0x00, 0xff, 0xff, 0xff, 0x00, 0xff, 0xff, 0xff,
0x00, 0xff, 0xff, 0xff, 0x00, 0xff, 0xff, 0xff, 0x00, 0xff, 0xff, 0xff, 0x00, 0xff, 0xff,
0xff, 0x00, 0xff, 0xff, 0xff, 0x00, 0xff, 0xff, 0xff, 0x00, 0xff, 0xff, 0xff, 0x00, 0x03,
0xc8, 0xfb, 0xbb, 0x03, 0xc8, 0xfb, 0xff, 0x03, 0xc8, 0xfb, 0xff, 0x03, 0xc8, 0xfb, 0xff,
0x03, 0xc8, 0xfb, 0xff, 0x03, 0xc8, 0xfb, 0xff, 0x03, 0xc8, 0xfb, 0xff, 0x03, 0xc8, 0xfb,
0xff, 0x03, 0xc8, 0xfb, 0xff, 0x03, 0xc8, 0xfb, 0xff, 0x03, 0xc8, 0xfb, 0xff, 0x03, 0xc8,
0xfb, 0xff, 0x03, 0xc8, 0xfb, 0xff, 0x03, 0xc8, 0xfb, 0xff, 0x03, 0xc8, 0xfb, 0xff, 0x03,
0xc8, 0xfb, 0xff, 0x03, 0xc8, 0xfb, 0xff, 0x03, 0xc8, 0xfb, 0xff, 0x03, 0xc8, 0xfb, 0xff,
0x03, 0xc8, 0xfb, 0xff, 0x03, 0xc8, 0xfb, 0xff, 0x03, 0xc8, 0xfb, 0xff, 0x03, 0xc8, 0xfb,
0xff, 0x59, 0xdb, 0xfd, 0xff, 0xfe, 0xff, 0xff, 0xff, 0xfe, 0xff, 0xff, 0xff, 0xfe, 0xff,
0xff, 0xff, 0xfe, 0xff, 0xff, 0xff, 0xfe, 0xff, 0xff, 0xff, 0x7f, 0xe4, 0xfd, 0xff, 0x03,
0xc8, 0xfb, 0xff, 0x03, 0xc8, 0xfb, 0xff, 0x16, 0xcd, 0xfc, 0xff, 0xd6, 0xf7, 0xff, 0xff,
0xfe, 0xff, 0xff, 0xff, 0xfe, 0xff, 0xff, 0xff, 0xfe, 0xff, 0xff, 0xff, 0xfe, 0xff, 0xff,
0xff, 0xfe, 0xff, 0xff, 0xff, 0xfe, 0xff, 0xff, 0xff, 0xfe, 0xff, 0xff, 0xff, 0xfe, 0xff,
0xff, 0xff, 0xfe, 0xff, 0xff, 0xff, 0xfe, 0xff, 0xff, 0xff, 0xcf, 0xf5, 0xff, 0xff, 0x03,
0xc8, 0xfb, 0xff, 0x03, 0xc8, 0xfb, 0xff, 0x03, 0xc8, 0xfb, 0xff, 0x03, 0xc8, 0xfb, 0xff,
0x03, 0xc8, 0xfb, 0xff, 0x03, 0xc8, 0xfb, 0xff, 0x03, 0xc8, 0xfb, 0xff, 0x03, 0xc8, 0xfb,
0xff, 0x03, 0xc8, 0xfb, 0xff, 0x03, 0xc8, 0xfb, 0xff, 0x03, 0xc8, 0xfb, 0xff, 0x03, 0xc8,
0xfb, 0xff, 0xb8, 0xf0, 0xfe, 0xff, 0xfe, 0xff, 0xff, 0xff, 0xfe, 0xff, 0xff, 0xff, 0xfe,
0xff, 0xff, 0xff, 0xfe, 0xff, 0xff, 0xff, 0xfe, 0xff, 0xff, 0xff, 0xfe, 0xff, 0xff, 0xff,
0xfe, 0xff, 0xff, 0xff, 0xfe, 0xff, 0xff, 0xff, 0xfe, 0xff, 0xff, 0xff, 0xfe, 0xff, 0xff,
0xff, 0xdb, 0xf8, 0xff, 0xff, 0x1a, 0xcd, 0xfc, 0xff, 0x03, 0xc8, 0xfb, 0xff, 0x03, 0xc8,
0xfb, 0xff, 0x29, 0xd1, 0xfc, 0xff, 0xe8, 0xfb, 0xff, 0xff, 0xfe, 0xff, 0xff, 0xff, 0xfe,
0xff, 0xff, 0xff, 0xfe, 0xff, 0xff, 0xff, 0xf1, 0xfc, 0xff, 0xff, 0x26, 0xd0, 0xfc, 0xff,
0x03, 0xc8, 0xfb, 0xff, 0x03, 0xc8, 0xfb, 0xff, 0x03, 0xc8, 0xfb, 0xff, 0x03, 0xc8, 0xfb,
0xff, 0x03, 0xc8, 0xfb, 0xff, 0x03, 0xc8, 0xfb, 0xff, 0x03, 0xc8, 0xfb, 0xff, 0x03, 0xc8,
0xfb, 0xff, 0x03, 0xc8, 0xfb, 0xff, 0x03, 0xc8, 0xfb, 0xff, 0x03, 0xc8, 0xfb, 0xff, 0x03,
0xc8, 0xfb, 0xff, 0x03, 0xc8, 0xfb, 0xff, 0x03, 0xc8, 0xfb, 0xff, 0x03, 0xc8, 0xfb, 0xff,
0x03, 0xc8, 0xfb, 0xff, 0x03, 0xc8, 0xfb, 0xff, 0x03, 0xc8, 0xfb, 0xff, 0x03, 0xc8, 0xfb,
0xff, 0x03, 0xc8, 0xfb, 0xff, 0x03, 0xc8, 0xfb, 0xff, 0x03, 0xc8, 0xfb, 0xff, 0x01, 0xc8,
0xfa, 0x60, 0xff, 0xff, 0xff, 0x00, 0xff, 0xff, 0xff, 0x00, 0xff, 0xff, 0xff, 0x00, 0xff,
0xff, 0xff, 0x00, 0xff, 0xff, 0xff, 0x00, 0xff, 0xff, 0xff, 0x00, 0xff, 0xff, 0xff, 0x00,
0xff, 0xff, 0xff, 0x00, 0xff, 0xff, 0xff, 0x00, 0xff, 0xff, 0xff, 0x00, 0xff, 0xff, 0xff,
0x00, 0xff, 0xff, 0xff, 0x00, 0xff, 0xff, 0xff, 0x00, 0xff, 0xff, 0xff, 0x00, 0xff, 0xff,
0xff, 0x00, 0xff, 0xff, 0xff, 0x00, 0xff, 0xff, 0xff, 0x00, 0xff, 0xff, 0xff, 0x00, 0xff,
0xff, 0xff, 0x00, 0xff, 0xff, 0xff, 0x00, 0xff, 0xff, 0xff, 0x00, 0xff, 0xff, 0xff, 0x00,
0xff, 0xff, 0xff, 0x00, 0xff, 0xff, 0xff, 0x00, 0xff, 0xff, 0xff, 0x00, 0x01, 0xc4, 0xfa,
0x2f, 0x03, 0xc8, 0xfb, 0xff, 0x03, 0xc8, 0xfb, 0xff, 0x03, 0xc8, 0xfb, 0xff, 0x03, 0xc8,
0xfb, 0xff, 0x03, 0xc8, 0xfb, 0xff, 0x03, 0xc8, 0xfb, 0xff, 0x03, 0xc8, 0xfb, 0xff, 0x03,
0xc8, 0xfb, 0xff, 0x03, 0xc8, 0xfb, 0xff, 0x03, 0xc8, 0xfb, 0xff, 0x03, 0xc8, 0xfb, 0xff,
0x03, 0xc8, 0xfb, 0xff, 0x03, 0xc8, 0xfb, 0xff, 0x03, 0xc8, 0xfb, 0xff, 0x03, 0xc8, 0xfb,
0xff, 0x03, 0xc8, 0xfb, 0xff, 0x03, 0xc8, 0xfb, 0xff, 0x03, 0xc8, 0xfb, 0xff, 0x03, 0xc8,
0xfb, 0xff, 0x03, 0xc8, 0xfb, 0xff, 0x03, 0xc8, 0xfb, 0xff, 0x03, 0xc8, 0xfb, 0xff, 0x2c,
0xd1, 0xfc, 0xff, 0xf3, 0xfd, 0xff, 0xff, 0xfe, 0xff, 0xff, 0xff, 0xfe, 0xff, 0xff, 0xff,
0xfe, 0xff, 0xff, 0xff, 0xfe, 0xff, 0xff, 0xff, 0x79, 0xe2, 0xfd, 0xff, 0x03, 0xc8, 0xfb,
0xff, 0x03, 0xc8, 0xfb, 0xff, 0x05, 0xc9, 0xfc, 0xff, 0xbb, 0xf1, 0xfe, 0xff, 0xfe, 0xff,
0xff, 0xff, 0xfe, 0xff, 0xff, 0xff, 0xfe, 0xff, 0xff, 0xff, 0xfe, 0xff, 0xff, 0xff, 0xfe,
0xff, 0xff, 0xff, 0xfe, 0xff, 0xff, 0xff, 0xfe, 0xff, 0xff, 0xff, 0xfe, 0xff, 0xff, 0xff,
0xfe, 0xff, 0xff, 0xff, 0xfe, 0xff, 0xff, 0xff, 0xfe, 0xff, 0xff, 0xff, 0xfd, 0xff, 0xff,
0xff, 0x15, 0xcc, 0xfc, 0xff, 0x03, 0xc8, 0xfb, 0xff, 0x03, 0xc8, 0xfb, 0xff, 0x03, 0xc8,
0xfb, 0xff, 0x03, 0xc8, 0xfb, 0xff, 0x03, 0xc8, 0xfb, 0xff, 0x03, 0xc8, 0xfb, 0xff, 0x03,
0xc8, 0xfb, 0xff, 0x03, 0xc8, 0xfb, 0xff, 0x03, 0xc8, 0xfb, 0xff, 0x03, 0xc8, 0xfb, 0xff,
0x0d, 0xcb, 0xfc, 0xff, 0xf7, 0xfe, 0xff, 0xff, 0xfe, 0xff, 0xff, 0xff, 0xfe, 0xff, 0xff,
0xff, 0xfe, 0xff, 0xff, 0xff, 0xfe, 0xff, 0xff, 0xff, 0xfe, 0xff, 0xff, 0xff, 0xfe, 0xff,
0xff, 0xff, 0xfe, 0xff, 0xff, 0xff, 0xfe, 0xff, 0xff, 0xff, 0xfe, 0xff, 0xff, 0xff, 0xfe,
0xff, 0xff, 0xff, 0xfe, 0xff, 0xff, 0xff, 0xc1, 0xf2, 0xff, 0xff, 0x06, 0xc9, 0xfc, 0xff,
0x03, 0xc8, 0xfb, 0xff, 0x03, 0xc8, 0xfb, 0xff, 0x36, 0xd4, 0xfc, 0xff, 0xf4, 0xfd, 0xff,
0xff, 0xfe, 0xff, 0xff, 0xff, 0xfe, 0xff, 0xff, 0xff, 0xfe, 0xff, 0xff, 0xff, 0xcc, 0xf4,
0xff, 0xff, 0x07, 0xc9, 0xfc, 0xff, 0x03, 0xc8, 0xfb, 0xff, 0x03, 0xc8, 0xfb, 0xff, 0x03,
0xc8, 0xfb, 0xff, 0x03, 0xc8, 0xfb, 0xff, 0x03, 0xc8, 0xfb, 0xff, 0x03, 0xc8, 0xfb, 0xff,
0x03, 0xc8, 0xfb, 0xff, 0x03, 0xc8, 0xfb, 0xff, 0x03, 0xc8, 0xfb, 0xff, 0x03, 0xc8, 0xfb,
0xff, 0x03, 0xc8, 0xfb, 0xff, 0x03, 0xc8, 0xfb, 0xff, 0x03, 0xc8, 0xfb, 0xff, 0x03, 0xc8,
0xfb, 0xff, 0x03, 0xc8, 0xfb, 0xff, 0x03, 0xc8, 0xfb, 0xff, 0x03, 0xc8, 0xfb, 0xff, 0x03,
0xc8, 0xfb, 0xff, 0x03, 0xc8, 0xfb, 0xff, 0x03, 0xc8, 0xfb, 0xff, 0x03, 0xc8, 0xfb, 0xff,
0x03, 0xc8, 0xfb, 0xcf, 0xff, 0xff, 0xff, 0x00, 0xff, 0xff, 0xff, 0x00, 0xff, 0xff, 0xff,
0x00, 0xff, 0xff, 0xff, 0x00, 0xff, 0xff, 0xff, 0x00, 0xff, 0xff, 0xff, 0x00, 0xff, 0xff,
0xff, 0x00, 0xff, 0xff, 0xff, 0x00, 0xff, 0xff, 0xff, 0x00, 0xff, 0xff, 0xff, 0x00, 0xff,
0xff, 0xff, 0x00, 0xff, 0xff, 0xff, 0x00, 0xff, 0xff, 0xff, 0x00, 0xff, 0xff, 0xff, 0x00,
0xff, 0xff, 0xff, 0x00, 0xff, 0xff, 0xff, 0x00, 0xff, 0xff, 0xff, 0x00, 0xff, 0xff, 0xff,
0x00, 0xff, 0xff, 0xff, 0x00, 0xff, 0xff, 0xff, 0x00, 0xff, 0xff, 0xff, 0x00, 0xff, 0xff,
0xff, 0x00, 0xff, 0xff, 0xff, 0x00, 0xff, 0xff, 0xff, 0x00, 0xff, 0xff, 0xff, 0x00, 0x03,
0xc8, 0xfb, 0x9c, 0x03, 0xc8, 0xfb, 0xff, 0x03, 0xc8, 0xfb, 0xff, 0x03, 0xc8, 0xfb, 0xff,
0x03, 0xc8, 0xfb, 0xff, 0x03, 0xc8, 0xfb, 0xff, 0x03, 0xc8, 0xfb, 0xff, 0x03, 0xc8, 0xfb,
0xff, 0x03, 0xc8, 0xfb, 0xff, 0x03, 0xc8, 0xfb, 0xff, 0x03, 0xc8, 0xfb, 0xff, 0x03, 0xc8,
0xfb, 0xff, 0x03, 0xc8, 0xfb, 0xff, 0x03, 0xc8, 0xfb, 0xff, 0x03, 0xc8, 0xfb, 0xff, 0x03,
0xc8, 0xfb, 0xff, 0x03, 0xc8, 0xfb, 0xff, 0x03, 0xc8, 0xfb, 0xff, 0x03, 0xc8, 0xfb, 0xff,
0x03, 0xc8, 0xfb, 0xff, 0x03, 0xc8, 0xfb, 0xff, 0x03, 0xc8, 0xfb, 0xff, 0x09, 0xca, 0xfc,
0xff, 0xd0, 0xf5, 0xff, 0xff, 0xfe, 0xff, 0xff, 0xff, 0xfe, 0xff, 0xff, 0xff, 0xfe, 0xff,
0xff, 0xff, 0xfe, 0xff, 0xff, 0xff, 0x8a, 0xe6, 0xfe, 0xff, 0x03, 0xc8, 0xfb, 0xff, 0x03,
0xc8, 0xfb, 0xff, 0x03, 0xc8, 0xfb, 0xff, 0x76, 0xe2, 0xfd, 0xff, 0xfe, 0xff, 0xff, 0xff,
0xfe, 0xff, 0xff, 0xff, 0xfe, 0xff, 0xff, 0xff, 0xfe, 0xff, 0xff, 0xff, 0xfe, 0xff, 0xff,
0xff, 0xfe, 0xff, 0xff, 0xff, 0xfe, 0xff, 0xff, 0xff, 0xfe, 0xff, 0xff, 0xff, 0xfe, 0xff,
0xff, 0xff, 0xfe, 0xff, 0xff, 0xff, 0xfe, 0xff, 0xff, 0xff, 0xfe, 0xff, 0xff, 0xff, 0xfe,
0xff, 0xff, 0xff, 0x55, 0xda, 0xfd, 0xff, 0x03, 0xc8, 0xfb, 0xff, 0x03, 0xc8, 0xfb, 0xff,
0x03, 0xc8, 0xfb, 0xff, 0x03, 0xc8, 0xfb, 0xff, 0x03, 0xc8, 0xfb, 0xff, 0x03, 0xc8, 0xfb,
0xff, 0x03, 0xc8, 0xfb, 0xff, 0x03, 0xc8, 0xfb, 0xff, 0x03, 0xc8, 0xfb, 0xff, 0x03, 0xc8,
0xfb, 0xff, 0x4f, 0xd9, 0xfd, 0xff, 0xfe, 0xff, 0xff, 0xff, 0xfe, 0xff, 0xff, 0xff, 0xfe,
0xff, 0xff, 0xff, 0xfe, 0xff, 0xff, 0xff, 0xfe, 0xff, 0xff, 0xff, 0xfe, 0xff, 0xff, 0xff,
0xfe, 0xff, 0xff, 0xff, 0xfe, 0xff, 0xff, 0xff, 0xfe, 0xff, 0xff, 0xff, 0xfe, 0xff, 0xff,
0xff, 0xfe, 0xff, 0xff, 0xff, 0xfe, 0xff, 0xff, 0xff, 0xfe, 0xff, 0xff, 0xff, 0x7a, 0xe2,
0xfd, 0xff, 0x03, 0xc8, 0xfb, 0xff, 0x03, 0xc8, 0xfb, 0xff, 0x03, 0xc8, 0xfb, 0xff, 0x56,
0xda, 0xfd, 0xff, 0xfe, 0xff, 0xff, 0xff, 0xfe, 0xff, 0xff, 0xff, 0xfe, 0xff, 0xff, 0xff,
0xfe, 0xff, 0xff, 0xff, 0x81, 0xe4, 0xfe, 0xff, 0x03, 0xc8, 0xfb, 0xff, 0x03, 0xc8, 0xfb,
0xff, 0x03, 0xc8, 0xfb, 0xff, 0x03, 0xc8, 0xfb, 0xff, 0x03, 0xc8, 0xfb, 0xff, 0x03, 0xc8,
0xfb, 0xff, 0x03, 0xc8, 0xfb, 0xff, 0x03, 0xc8, 0xfb, 0xff, 0x03, 0xc8, 0xfb, 0xff, 0x03,
0xc8, 0xfb, 0xff, 0x03, 0xc8, 0xfb, 0xff, 0x03, 0xc8, 0xfb, 0xff, 0x03, 0xc8, 0xfb, 0xff,
0x03, 0xc8, 0xfb, 0xff, 0x03, 0xc8, 0xfb, 0xff, 0x03, 0xc8, 0xfb, 0xff, 0x03, 0xc8, 0xfb,
0xff, 0x03, 0xc8, 0xfb, 0xff, 0x03, 0xc8, 0xfb, 0xff, 0x03, 0xc8, 0xfb, 0xff, 0x03, 0xc8,
0xfb, 0xff, 0x03, 0xc8, 0xfb, 0xff, 0x01, 0xc8, 0xfb, 0x3b, 0xff, 0xff, 0xff, 0x00, 0xff,
0xff, 0xff, 0x00, 0xff, 0xff, 0xff, 0x00, 0xff, 0xff, 0xff, 0x00, 0xff, 0xff, 0xff, 0x00,
0xff, 0xff, 0xff, 0x00, 0xff, 0xff, 0xff, 0x00, 0xff, 0xff, 0xff, 0x00, 0xff, 0xff, 0xff,
0x00, 0xff, 0xff, 0xff, 0x00, 0xff, 0xff, 0xff, 0x00, 0xff, 0xff, 0xff, 0x00, 0xff, 0xff,
0xff, 0x00, 0xff, 0xff, 0xff, 0x00, 0xff, 0xff, 0xff, 0x00, 0xff, 0xff, 0xff, 0x00, 0xff,
0xff, 0xff, 0x00, 0xff, 0xff, 0xff, 0x00, 0xff, 0xff, 0xff, 0x00, 0xff, 0xff, 0xff, 0x00,
0xff, 0xff, 0xff, 0x00, 0xff, 0xff, 0xff, 0x00, 0xff, 0xff, 0xff, 0x00, 0x01, 0xbc, 0xef,
0x0f, 0x03, 0xc8, 0xfb, 0xf5, 0x03, 0xc8, 0xfb, 0xff, 0x03, 0xc8, 0xfb, 0xff, 0x03, 0xc8,
0xfb, 0xff, 0x03, 0xc8, 0xfb, 0xff, 0x03, 0xc8, 0xfb, 0xff, 0x03, 0xc8, 0xfb, 0xff, 0x03,
0xc8, 0xfb, 0xff, 0x03, 0xc8, 0xfb, 0xff, 0x03, 0xc8, 0xfb, 0xff, 0x03, 0xc8, 0xfb, 0xff,
0x03, 0xc8, 0xfb, 0xff, 0x03, 0xc8, 0xfb, 0xff, 0x03, 0xc8, 0xfb, 0xff, 0x03, 0xc8, 0xfb,
0xff, 0x03, 0xc8, 0xfb, 0xff, 0x03, 0xc8, 0xfb, 0xff, 0x03, 0xc8, 0xfb, 0xff, 0x03, 0xc8,
0xfb, 0xff, 0x03, 0xc8, 0xfb, 0xff, 0x03, 0xc8, 0xfb, 0xff, 0x03, 0xc8, 0xfb, 0xff, 0x81,
0xe4, 0xfe, 0xff, 0xfe, 0xff, 0xff, 0xff, 0xfe, 0xff, 0xff, 0xff, 0xfe, 0xff, 0xff, 0xff,
0xfe, 0xff, 0xff, 0xff, 0xad, 0xee, 0xfe, 0xff, 0x03, 0xc9, 0xfc, 0xff, 0x03, 0xc8, 0xfb,
0xff, 0x03, 0xc8, 0xfb, 0xff, 0x10, 0xcb, 0xfc, 0xff, 0xf2, 0xfd, 0xff, 0xff, 0xfe, 0xff,
0xff, 0xff, 0xfe, 0xff, 0xff, 0xff, 0xfe, 0xff, 0xff, 0xff, 0xfe, 0xff, 0xff, 0xff, 0xfe,
0xff, 0xff, 0xff, 0xfe, 0xff, 0xff, 0xff, 0xfe, 0xff, 0xff, 0xff, 0xfe, 0xff, 0xff, 0xff,
0xfe, 0xff, 0xff, 0xff, 0xfe, 0xff, 0xff, 0xff, 0xfe, 0xff, 0xff, 0xff, 0xfe, 0xff, 0xff,
0xff, 0xfe, 0xff, 0xff, 0xff, 0x96, 0xe9, 0xfe, 0xff, 0x03, 0xc8, 0xfb, 0xff, 0x03, 0xc8,
0xfb, 0xff, 0x03, 0xc8, 0xfb, 0xff, 0x03, 0xc8, 0xfb, 0xff, 0x03, 0xc8, 0xfb, 0xff, 0x03,
0xc8, 0xfb, 0xff, 0x03, 0xc8, 0xfb, 0xff, 0x03, 0xc8, 0xfb, 0xff, 0x03, 0xc8, 0xfb, 0xff,
0x03, 0xc8, 0xfb, 0xff, 0x97, 0xe9, 0xfe, 0xff, 0xfe, 0xff, 0xff, 0xff, 0xfe, 0xff, 0xff,
0xff, 0xfe, 0xff, 0xff, 0xff, 0xfe, 0xff, 0xff, 0xff, 0xfe, 0xff, 0xff, 0xff, 0xfe, 0xff,
0xff, 0xff, 0xfe, 0xff, 0xff, 0xff, 0xfe, 0xff, 0xff, 0xff, 0xfe, 0xff, 0xff, 0xff, 0xfe,
0xff, 0xff, 0xff, 0xfe, 0xff, 0xff, 0xff, 0xfe, 0xff, 0xff, 0xff, 0xfe, 0xff, 0xff, 0xff,
0xf3, 0xfd, 0xff, 0xff, 0x10, 0xcb, 0xfc, 0xff, 0x03, 0xc8, 0xfb, 0xff, 0x03, 0xc8, 0xfb,
0xff, 0x03, 0xc8, 0xfb, 0xff, 0x92, 0xe8, 0xfe, 0xff, 0xfe, 0xff, 0xff, 0xff, 0xfe, 0xff,
0xff, 0xff, 0xfe, 0xff, 0xff, 0xff, 0xf9, 0xfe, 0xff, 0xff, 0x2a, 0xd1, 0xfc, 0xff, 0x03,
0xc8, 0xfb, 0xff, 0x03, 0xc8, 0xfb, 0xff, 0x03, 0xc8, 0xfb, 0xff, 0x03, 0xc8, 0xfb, 0xff,
0x03, 0xc8, 0xfb, 0xff, 0x03, 0xc8, 0xfb, 0xff, 0x03, 0xc8, 0xfb, 0xff, 0x03, 0xc8, 0xfb,
0xff, 0x03, 0xc8, 0xfb, 0xff, 0x03, 0xc8, 0xfb, 0xff, 0x03, 0xc8, 0xfb, 0xff, 0x03, 0xc8,
0xfb, 0xff, 0x03, 0xc8, 0xfb, 0xff, 0x03, 0xc8, 0xfb, 0xff, 0x03, 0xc8, 0xfb, 0xff, 0x03,
0xc8, 0xfb, 0xff, 0x03, 0xc8, 0xfb, 0xff, 0x03, 0xc8, 0xfb, 0xff, 0x03, 0xc8, 0xfb, 0xff,
0x03, 0xc8, 0xfb, 0xff, 0x03, 0xc8, 0xfb, 0xff, 0x03, 0xc8, 0xfb, 0xa0, 0xff, 0xff, 0xff,
0x00, 0xff, 0xff, 0xff, 0x00, 0xff, 0xff, 0xff, 0x00, 0xff, 0xff, 0xff, 0x00, 0xff, 0xff,
0xff, 0x00, 0xff, 0xff, 0xff, 0x00, 0xff, 0xff, 0xff, 0x00, 0xff, 0xff, 0xff, 0x00, 0xff,
0xff, 0xff, 0x00, 0xff, 0xff, 0xff, 0x00, 0xff, 0xff, 0xff, 0x00, 0xff, 0xff, 0xff, 0x00,
0xff, 0xff, 0xff, 0x00, 0xff, 0xff, 0xff, 0x00, 0xff, 0xff, 0xff, 0x00, 0xff, 0xff, 0xff,
0x00, 0xff, 0xff, 0xff, 0x00, 0xff, 0xff, 0xff, 0x00, 0xff, 0xff, 0xff, 0x00, 0xff, 0xff,
0xff, 0x00, 0xff, 0xff, 0xff, 0x00, 0xff, 0xff, 0xff, 0x00, 0xff, 0xff, 0xff, 0x00, 0x01,
0xc8, 0xfa, 0x64, 0x03, 0xc8, 0xfb, 0xff, 0x03, 0xc8, 0xfb, 0xff, 0x03, 0xc8, 0xfb, 0xff,
0x03, 0xc8, 0xfb, 0xff, 0x03, 0xc8, 0xfb, 0xff, 0x03, 0xc8, 0xfb, 0xff, 0x03, 0xc8, 0xfb,
0xff, 0x03, 0xc8, 0xfb, 0xff, 0x03, 0xc8, 0xfb, 0xff, 0x03, 0xc8, 0xfb, 0xff, 0x03, 0xc8,
0xfb, 0xff, 0x03, 0xc8, 0xfb, 0xff, 0x03, 0xc8, 0xfb, 0xff, 0x03, 0xc8, 0xfb, 0xff, 0x03,
0xc8, 0xfb, 0xff, 0x03, 0xc8, 0xfb, 0xff, 0x03, 0xc8, 0xfb, 0xff, 0x03, 0xc8, 0xfb, 0xff,
0x03, 0xc8, 0xfb, 0xff, 0x03, 0xc8, 0xfb, 0xff, 0x03, 0xc8, 0xfb, 0xff, 0x27, 0xd0, 0xfc,
0xff, 0xf8, 0xfe, 0xff, 0xff, 0xfe, 0xff, 0xff, 0xff, 0xfe, 0xff, 0xff, 0xff, 0xfe, 0xff,
0xff, 0xff, 0xd7, 0xf7, 0xff, 0xff, 0x0e, 0xcb, 0xfc, 0xff, 0x03, 0xc8, 0xfb, 0xff, 0x03,
0xc8, 0xfb, 0xff, 0x03, 0xc8, 0xfb, 0xff, 0x03, 0xc8, 0xfb, 0xff, 0x6e, 0xe0, 0xfd, 0xff,
0xfe, 0xff, 0xff, 0xff, 0xfe, 0xff, 0xff, 0xff, 0xfe, 0xff, 0xff, 0xff, 0xfe, 0xff, 0xff,
0xff, 0xfe, 0xff, 0xff, 0xff, 0xfe, 0xff, 0xff, 0xff, 0xfe, 0xff, 0xff, 0xff, 0xfe, 0xff,
0xff, 0xff, 0xfe, 0xff, 0xff, 0xff, 0xfe, 0xff, 0xff, 0xff, 0xfe, 0xff, 0xff, 0xff, 0xfe,
0xff, 0xff, 0xff, 0xfe, 0xff, 0xff, 0xff, 0xd7, 0xf7, 0xff, 0xff, 0x03, 0xc8, 0xfb, 0xff,
0x03, 0xc8, 0xfb, 0xff, 0x03, 0xc8, 0xfb, 0xff, 0x03, 0xc8, 0xfb, 0xff, 0x03, 0xc8, 0xfb,
0xff, 0x03, 0xc8, 0xfb, 0xff, 0x03, 0xc8, 0xfb, 0xff, 0x03, 0xc8, 0xfb, 0xff, 0x03, 0xc8,
0xfb, 0xff, 0x03, 0xc8, 0xfb, 0xff, 0xe0, 0xf9, 0xff, 0xff, 0xfe, 0xff, 0xff, 0xff, 0xfe,
0xff, 0xff, 0xff, 0xfe, 0xff, 0xff, 0xff, 0xfe, 0xff, 0xff, 0xff, 0xfe, 0xff, 0xff, 0xff,
0xfe, 0xff, 0xff, 0xff, 0xfe, 0xff, 0xff, 0xff, 0xfe, 0xff, 0xff, 0xff, 0xfe, 0xff, 0xff,
0xff, 0xfe, 0xff, 0xff, 0xff, 0xfe, 0xff, 0xff, 0xff, 0xfe, 0xff, 0xff, 0xff, 0xf4, 0xfd,
0xff, 0xff, 0x57, 0xdb, 0xfd, 0xff, 0x03, 0xc8, 0xfb, 0xff, 0x03, 0xc8, 0xfb, 0xff, 0x03,
0xc8, 0xfb, 0xff, 0x03, 0xc8, 0xfb, 0xff, 0x0a, 0xca, 0xfc, 0xff, 0xd6, 0xf7, 0xff, 0xff,
0xfe, 0xff, 0xff, 0xff, 0xfe, 0xff, 0xff, 0xff, 0xfe, 0xff, 0xff, 0xff, 0xb9, 0xf0, 0xfe,
0xff, 0x03, 0xc8, 0xfb, 0xff, 0x03, 0xc8, 0xfb, 0xff, 0x03, 0xc8, 0xfb, 0xff, 0x03, 0xc8,
0xfb, 0xff, 0x03, 0xc8, 0xfb, 0xff, 0x03, 0xc8, 0xfb, 0xff, 0x03, 0xc8, 0xfb, 0xff, 0x03,
0xc8, 0xfb, 0xff, 0x03, 0xc8, 0xfb, 0xff, 0x03, 0xc8, 0xfb, 0xff, 0x03, 0xc8, 0xfb, 0xff,
0x03, 0xc8, 0xfb, 0xff, 0x03, 0xc8, 0xfb, 0xff, 0x03, 0xc8, 0xfb, 0xff, 0x03, 0xc8, 0xfb,
0xff, 0x03, 0xc8, 0xfb, 0xff, 0x03, 0xc8, 0xfb, 0xff, 0x03, 0xc8, 0xfb, 0xff, 0x03, 0xc8,
0xfb, 0xff, 0x03, 0xc8, 0xfb, 0xff, 0x03, 0xc8, 0xfb, 0xff, 0x03, 0xc8, 0xfb, 0xf2, 0x01,
0xb3, 0xe6, 0x0a, 0xff, 0xff, 0xff, 0x00, 0xff, 0xff, 0xff, 0x00, 0xff, 0xff, 0xff, 0x00,
0xff, 0xff, 0xff, 0x00, 0xff, 0xff, 0xff, 0x00, 0xff, 0xff, 0xff, 0x00, 0xff, 0xff, 0xff,
0x00, 0xff, 0xff, 0xff, 0x00, 0xff, 0xff, 0xff, 0x00, 0xff, 0xff, 0xff, 0x00, 0xff, 0xff,
0xff, 0x00, 0xff, 0xff, 0xff, 0x00, 0xff, 0xff, 0xff, 0x00, 0xff, 0xff, 0xff, 0x00, 0xff,
0xff, 0xff, 0x00, 0xff, 0xff, 0xff, 0x00, 0xff, 0xff, 0xff, 0x00, 0xff, 0xff, 0xff, 0x00,
0xff, 0xff, 0xff, 0x00, 0xff, 0xff, 0xff, 0x00, 0xff, 0xff, 0xff, 0x00, 0xff, 0xff, 0xff,
0x00, 0x03, 0xc7, 0xfb, 0xbe, 0x03, 0xc8, 0xfb, 0xff, 0x03, 0xc8, 0xfb, 0xff, 0x03, 0xc8,
0xfb, 0xff, 0x03, 0xc8, 0xfb, 0xff, 0x03, 0xc8, 0xfb, 0xff, 0x03, 0xc8, 0xfb, 0xff, 0x03,
0xc8, 0xfb, 0xff, 0x03, 0xc8, 0xfb, 0xff, 0x03, 0xc8, 0xfb, 0xff, 0x03, 0xc8, 0xfb, 0xff,
0x03, 0xc8, 0xfb, 0xff, 0x03, 0xc8, 0xfb, 0xff, 0x03, 0xc8, 0xfb, 0xff, 0x03, 0xc8, 0xfb,
0xff, 0x03, 0xc8, 0xfb, 0xff, 0x03, 0xc8, 0xfb, 0xff, 0x03, 0xc8, 0xfb, 0xff, 0x03, 0xc8,
0xfb, 0xff, 0x03, 0xc8, 0xfb, 0xff, 0x03, 0xc8, 0xfb, 0xff, 0x03, 0xc8, 0xfb, 0xff, 0xad,
0xee, 0xfe, 0xff, 0xfe, 0xff, 0xff, 0xff, 0xfe, 0xff, 0xff, 0xff, 0xfe, 0xff, 0xff, 0xff,
0xfa, 0xfe, 0xff, 0xff, 0x34, 0xd3, 0xfc, 0xff, 0x03, 0xc8, 0xfb, 0xff, 0x03, 0xc8, 0xfb,
0xff, 0x03, 0xc8, 0xfb, 0xff, 0x03, 0xc8, 0xfb, 0xff, 0x03, 0xc8, 0xfb, 0xff, 0x03, 0xc8,
0xfb, 0xff, 0x64, 0xde, 0xfd, 0xff, 0xfc, 0xff, 0xff, 0xff, 0xfe, 0xff, 0xff, 0xff, 0xfe,
0xff, 0xff, 0xff, 0xfe, 0xff, 0xff, 0xff, 0xfe, 0xff, 0xff, 0xff, 0xfe, 0xff, 0xff, 0xff,
0xfe, 0xff, 0xff, 0xff, 0xfe, 0xff, 0xff, 0xff, 0xfe, 0xff, 0xff, 0xff, 0xfe, 0xff, 0xff,
0xff, 0xfe, 0xff, 0xff, 0xff, 0xfe, 0xff, 0xff, 0xff, 0xfe, 0xff, 0xff, 0xff, 0x1c, 0xce,
0xfc, 0xff, 0x03, 0xc8, 0xfb, 0xff, 0x03, 0xc8, 0xfb, 0xff, 0x03, 0xc8, 0xfb, 0xff, 0x03,
0xc8, 0xfb, 0xff, 0x03, 0xc8, 0xfb, 0xff, 0x03, 0xc8, 0xfb, 0xff, 0x03, 0xc8, 0xfb, 0xff,
0x03, 0xc8, 0xfb, 0xff, 0x2d, 0xd2, 0xfc, 0xff, 0xfe, 0xff, 0xff, 0xff, 0xfe, 0xff, 0xff,
0xff, 0xfe, 0xff, 0xff, 0xff, 0xfe, 0xff, 0xff, 0xff, 0xfe, 0xff, 0xff, 0xff, 0xfe, 0xff,
0xff, 0xff, 0xfe, 0xff, 0xff, 0xff, 0xfe, 0xff, 0xff, 0xff, 0xfe, 0xff, 0xff, 0xff, 0xfe,
0xff, 0xff, 0xff, 0xfe, 0xff, 0xff, 0xff, 0xfe, 0xff, 0xff, 0xff, 0xf0, 0xfc, 0xff, 0xff,
0x3c, 0xd5, 0xfc, 0xff, 0x03, 0xc8, 0xfb, 0xff, 0x03, 0xc8, 0xfb, 0xff, 0x03, 0xc8, 0xfb,
0xff, 0x03, 0xc8, 0xfb, 0xff, 0x03, 0xc8, 0xfb, 0xff, 0x03, 0xc8, 0xfb, 0xff, 0x3d, 0xd5,
0xfc, 0xff, 0xfe, 0xff, 0xff, 0xff, 0xfe, 0xff, 0xff, 0xff, 0xfe, 0xff, 0xff, 0xff, 0xfe,
0xff, 0xff, 0xff, 0x48, 0xd7, 0xfd, 0xff, 0x03, 0xc8, 0xfb, 0xff, 0x03, 0xc8, 0xfb, 0xff,
0x03, 0xc8, 0xfb, 0xff, 0x03, 0xc8, 0xfb, 0xff, 0x03, 0xc8, 0xfb, 0xff, 0x03, 0xc8, 0xfb,
0xff, 0x03, 0xc8, 0xfb, 0xff, 0x03, 0xc8, 0xfb, 0xff, 0x03, 0xc8, 0xfb, 0xff, 0x03, 0xc8,
0xfb, 0xff, 0x03, 0xc8, 0xfb, 0xff, 0x03, 0xc8, 0xfb, 0xff, 0x03, 0xc8, 0xfb, 0xff, 0x03,
0xc8, 0xfb, 0xff, 0x03, 0xc8, 0xfb, 0xff, 0x03, 0xc8, 0xfb, 0xff, 0x03, 0xc8, 0xfb, 0xff,
0x03, 0xc8, 0xfb, 0xff, 0x03, 0xc8, 0xfb, 0xff, 0x03, 0xc8, 0xfb, 0xff, 0x03, 0xc8, 0xfb,
0xff, 0x01, 0xc6, 0xfa, 0x58, 0xff, 0xff, 0xff, 0x00, 0xff, 0xff, 0xff, 0x00, 0xff, 0xff,
0xff, 0x00, 0xff, 0xff, 0xff, 0x00, 0xff, 0xff, 0xff, 0x00, 0xff, 0xff, 0xff, 0x00, 0xff,
0xff, 0xff, 0x00, 0xff, 0xff, 0xff, 0x00, 0xff, 0xff, 0xff, 0x00, 0xff, 0xff, 0xff, 0x00,
0xff, 0xff, 0xff, 0x00, 0xff, 0xff, 0xff, 0x00, 0xff, 0xff, 0xff, 0x00, 0xff, 0xff, 0xff,
0x00, 0xff, 0xff, 0xff, 0x00, 0xff, 0xff, 0xff, 0x00, 0xff, 0xff, 0xff, 0x00, 0xff, 0xff,
0xff, 0x00, 0xff, 0xff, 0xff, 0x00, 0xff, 0xff, 0xff, 0x00, 0xff, 0xff, 0xff, 0x00, 0x01,
0xc3, 0xf3, 0x15, 0x03, 0xc8, 0xfb, 0xfc, 0x03, 0xc8, 0xfb, 0xff, 0x03, 0xc8, 0xfb, 0xff,
0x03, 0xc8, 0xfb, 0xff, 0x03, 0xc8, 0xfb, 0xff, 0x03, 0xc8, 0xfb, 0xff, 0x03, 0xc8, 0xfb,
0xff, 0x03, 0xc8, 0xfb, 0xff, 0x03, 0xc8, 0xfb, 0xff, 0x03, 0xc8, 0xfb, 0xff, 0x03, 0xc8,
0xfb, 0xff, 0x03, 0xc8, 0xfb, 0xff, 0x03, 0xc8, 0xfb, 0xff, 0x03, 0xc8, 0xfb, 0xff, 0x03,
0xc8, 0xfb, 0xff, 0x03, 0xc8, 0xfb, 0xff, 0x03, 0xc8, 0xfb, 0xff, 0x03, 0xc8, 0xfb, 0xff,
0x03, 0xc8, 0xfb, 0xff, 0x03, 0xc8, 0xfb, 0xff, 0x03, 0xc8, 0xfb, 0xff, 0x34, 0xd3, 0xfc,
0xff, 0xfe, 0xff, 0xff, 0xff, 0xfe, 0xff, 0xff, 0xff, 0xfe, 0xff, 0xff, 0xff, 0xfe, 0xff,
0xff, 0xff, 0x82, 0xe4, 0xfe, 0xff, 0x03, 0xc8, 0xfb, 0xff, 0x03, 0xc8, 0xfb, 0xff, 0x03,
0xc8, 0xfb, 0xff, 0x03, 0xc8, 0xfb, 0xff, 0x03, 0xc8, 0xfb, 0xff, 0x03, 0xc8, 0xfb, 0xff,
0x03, 0xc8, 0xfb, 0xff, 0x03, 0xc8, 0xfb, 0xff, 0x5c, 0xdc, 0xfd, 0xff, 0xfb, 0xff, 0xff,
0xff, 0xfe, 0xff, 0xff, 0xff, 0xfe, 0xff, 0xff, 0xff, 0xfe, 0xff, 0xff, 0xff, 0xfe, 0xff,
0xff, 0xff, 0xfe, 0xff, 0xff, 0xff, 0xfe, 0xff, 0xff, 0xff, 0xfe, 0xff, 0xff, 0xff, 0xfe,
0xff, 0xff, 0xff, 0xfe, 0xff, 0xff, 0xff, 0xfe, 0xff, 0xff, 0xff, 0xfe, 0xff, 0xff, 0xff,
0x5d, 0xdc, 0xfd, 0xff, 0x03, 0xc8, 0xfb, 0xff, 0x03, 0xc8, 0xfb, 0xff, 0x03, 0xc8, 0xfb,
0xff, 0x03, 0xc8, 0xfb, 0xff, 0x03, 0xc8, 0xfb, 0xff, 0x03, 0xc8, 0xfb, 0xff, 0x03, 0xc8,
0xfb, 0xff, 0x03, 0xc8, 0xfb, 0xff, 0x76, 0xe2, 0xfd, 0xff, 0xfe, 0xff, 0xff, 0xff, 0xfe,
0xff, 0xff, 0xff, 0xfe, 0xff, 0xff, 0xff, 0xfe, 0xff, 0xff, 0xff, 0xfe, 0xff, 0xff, 0xff,
0xfe, 0xff, 0xff, 0xff, 0xfe, 0xff, 0xff, 0xff, 0xfe, 0xff, 0xff, 0xff, 0xfe, 0xff, 0xff,
0xff, 0xfe, 0xff, 0xff, 0xff, 0xfe, 0xff, 0xff, 0xff, 0xf0, 0xfc, 0xff, 0xff, 0x38, 0xd4,
0xfc, 0xff, 0x03, 0xc8, 0xfb, 0xff, 0x03, 0xc8, 0xfb, 0xff, 0x03, 0xc8, 0xfb, 0xff, 0x03,
0xc8, 0xfb, 0xff, 0x03, 0xc8, 0xfb, 0xff, 0x03, 0xc8, 0xfb, 0xff, 0x03, 0xc8, 0xfb, 0xff,
0x03, 0xc8, 0xfb, 0xff, 0xa1, 0xeb, 0xfe, 0xff, 0xfe, 0xff, 0xff, 0xff, 0xfe, 0xff, 0xff,
0xff, 0xfe, 0xff, 0xff, 0xff, 0xc6, 0xf3, 0xff, 0xff, 0x03, 0xc8, 0xfb, 0xff, 0x03, 0xc8,
0xfb, 0xff, 0x03, 0xc8, 0xfb, 0xff, 0x03, 0xc8, 0xfb, 0xff, 0x03, 0xc8, 0xfb, 0xff, 0x03,
0xc8, 0xfb, 0xff, 0x03, 0xc8, 0xfb, 0xff, 0x03, 0xc8, 0xfb, 0xff, 0x03, 0xc8, 0xfb, 0xff,
0x03, 0xc8, 0xfb, 0xff, 0x03, 0xc8, 0xfb, 0xff, 0x03, 0xc8, 0xfb, 0xff, 0x03, 0xc8, 0xfb,
0xff, 0x03, 0xc8, 0xfb, 0xff, 0x03, 0xc8, 0xfb, 0xff, 0x03, 0xc8, 0xfb, 0xff, 0x03, 0xc8,
0xfb, 0xff, 0x03, 0xc8, 0xfb, 0xff, 0x03, 0xc8, 0xfb, 0xff, 0x03, 0xc8, 0xfb, 0xff, 0x03,
0xc8, 0xfb, 0xff, 0x03, 0xc7, 0xfb, 0xa7, 0xff, 0xff, 0xff, 0x00, 0xff, 0xff, 0xff, 0x00,
0xff, 0xff, 0xff, 0x00, 0xff, 0xff, 0xff, 0x00, 0xff, 0xff, 0xff, 0x00, 0xff, 0xff, 0xff,
0x00, 0xff, 0xff, 0xff, 0x00, 0xff, 0xff, 0xff, 0x00, 0xff, 0xff, 0xff, 0x00, 0xff, 0xff,
0xff, 0x00, 0xff, 0xff, 0xff, 0x00, 0xff, 0xff, 0xff, 0x00, 0xff, 0xff, 0xff, 0x00, 0xff,
0xff, 0xff, 0x00, 0xff, 0xff, 0xff, 0x00, 0xff, 0xff, 0xff, 0x00, 0xff, 0xff, 0xff, 0x00,
0xff, 0xff, 0xff, 0x00, 0xff, 0xff, 0xff, 0x00, 0xff, 0xff, 0xff, 0x00, 0xff, 0xff, 0xff,
0x00, 0x01, 0xc7, 0xfa, 0x5e, 0x03, 0xc8, 0xfb, 0xff, 0x03, 0xc8, 0xfb, 0xff, 0x03, 0xc8,
0xfb, 0xff, 0x03, 0xc8, 0xfb, 0xff, 0x03, 0xc8, 0xfb, 0xff, 0x03, 0xc8, 0xfb, 0xff, 0x03,
0xc8, 0xfb, 0xff, 0x03, 0xc8, 0xfb, 0xff, 0x03, 0xc8, 0xfb, 0xff, 0x03, 0xc8, 0xfb, 0xff,
0x03, 0xc8, 0xfb, 0xff, 0x03, 0xc8, 0xfb, 0xff, 0x03, 0xc8, 0xfb, 0xff, 0x03, 0xc8, 0xfb,
0xff, 0x03, 0xc8, 0xfb, 0xff, 0x03, 0xc8, 0xfb, 0xff, 0x03, 0xc8, 0xfb, 0xff, 0x03, 0xc8,
0xfb, 0xff, 0x03, 0xc8, 0xfb, 0xff, 0x03, 0xc8, 0xfb, 0xff, 0x03, 0xc8, 0xfb, 0xff, 0xab,
0xed, 0xfe, 0xff, 0xfe, 0xff, 0xff, 0xff, 0xfe, 0xff, 0xff, 0xff, 0xfe, 0xff, 0xff, 0xff,
0xde, 0xf8, 0xff, 0xff, 0x0a, 0xca, 0xfc, 0xff, 0x03, 0xc8, 0xfb, 0xff, 0x03, 0xc8, 0xfb,
0xff, 0x03, 0xc8, 0xfb, 0xff, 0x03, 0xc8, 0xfb, 0xff, 0x03, 0xc8, 0xfb, 0xff, 0x03, 0xc8,
0xfb, 0xff, 0x03, 0xc8, 0xfb, 0xff, 0x03, 0xc8, 0xfb, 0xff, 0x03, 0xc8, 0xfb, 0xff, 0x53,
0xda, 0xfd, 0xff, 0xf9, 0xfe, 0xff, 0xff, 0xfe, 0xff, 0xff, 0xff, 0xfe, 0xff, 0xff, 0xff,
0xfe, 0xff, 0xff, 0xff, 0xfe, 0xff, 0xff, 0xff, 0xfe, 0xff, 0xff, 0xff, 0xfe, 0xff, 0xff,
0xff, 0xfe, 0xff, 0xff, 0xff, 0xfe, 0xff, 0xff, 0xff, 0xfe, 0xff, 0xff, 0xff, 0xfe, 0xff,
0xff, 0xff, 0x9f, 0xea, 0xfe, 0xff, 0x03, 0xc8, 0xfb, 0xff, 0x03, 0xc8, 0xfb, 0xff, 0x03,
0xc8, 0xfb, 0xff, 0x03, 0xc8, 0xfb, 0xff, 0x03, 0xc8, 0xfb, 0xff, 0x03, 0xc8, 0xfb, 0xff,
0x03, 0xc8, 0xfb, 0xff, 0x03, 0xc8, 0xfb, 0xff, 0xbf, 0xf2, 0xfe, 0xff, 0xfe, 0xff, 0xff,
0xff, 0xfe, 0xff, 0xff, 0xff, 0xfe, 0xff, 0xff, 0xff, 0xfe, 0xff, 0xff, 0xff, 0xfe, 0xff,
0xff, 0xff, 0xfe, 0xff, 0xff, 0xff, 0xfe, 0xff, 0xff, 0xff, 0xfe, 0xff, 0xff, 0xff, 0xfe,
0xff, 0xff, 0xff, 0xfe, 0xff, 0xff, 0xff, 0xf3, 0xfd, 0xff, 0xff, 0x3c, 0xd5, 0xfc, 0xff,
0x03, 0xc8, 0xfb, 0xff, 0x03, 0xc8, 0xfb, 0xff, 0x03, 0xc8, 0xfb, 0xff, 0x03, 0xc8, 0xfb,
0xff, 0x03, 0xc8, 0xfb, 0xff, 0x03, 0xc8, 0xfb, 0xff, 0x03, 0xc8, 0xfb, 0xff, 0x03, 0xc8,
0xfb, 0xff, 0x03, 0xc8, 0xfb, 0xff, 0x1e, 0xce, 0xfc, 0xff, 0xf6, 0xfe, 0xff, 0xff, 0xfe,
0xff, 0xff, 0xff, 0xfe, 0xff, 0xff, 0xff, 0xfe, 0xff, 0xff, 0xff, 0x41, 0xd6, 0xfc, 0xff,
0x03, 0xc8, 0xfb, 0xff, 0x03, 0xc8, 0xfb, 0xff, 0x03, 0xc8, 0xfb, 0xff, 0x03, 0xc8, 0xfb,
0xff, 0x03, 0xc8, 0xfb, 0xff, 0x03, 0xc8, 0xfb, 0xff, 0x03, 0xc8, 0xfb, 0xff, 0x03, 0xc8,
0xfb, 0xff, 0x03, 0xc8, 0xfb, 0xff, 0x03, 0xc8, 0xfb, 0xff, 0x03, 0xc8, 0xfb, 0xff, 0x03,
0xc8, 0xfb, 0xff, 0x03, 0xc8, 0xfb, 0xff, 0x03, 0xc8, 0xfb, 0xff, 0x03, 0xc8, 0xfb, 0xff,
0x03, 0xc8, 0xfb, 0xff, 0x03, 0xc8, 0xfb, 0xff, 0x03, 0xc8, 0xfb, 0xff, 0x03, 0xc8, 0xfb,
0xff, 0x03, 0xc8, 0xfb, 0xff, 0x03, 0xc8, 0xfb, 0xf0, 0x01, 0x9a, 0xcd, 0x05, 0xff, 0xff,
0xff, 0x00, 0xff, 0xff, 0xff, 0x00, 0xff, 0xff, 0xff, 0x00, 0xff, 0xff, 0xff, 0x00, 0xff,
0xff, 0xff, 0x00, 0xff, 0xff, 0xff, 0x00, 0xff, 0xff, 0xff, 0x00, 0xff, 0xff, 0xff, 0x00,
0xff, 0xff, 0xff, 0x00, 0xff, 0xff, 0xff, 0x00, 0xff, 0xff, 0xff, 0x00, 0xff, 0xff, 0xff,
0x00, 0xff, 0xff, 0xff, 0x00, 0xff, 0xff, 0xff, 0x00, 0xff, 0xff, 0xff, 0x00, 0xff, 0xff,
0xff, 0x00, 0xff, 0xff, 0xff, 0x00, 0xff, 0xff, 0xff, 0x00, 0xff, 0xff, 0xff, 0x00, 0xff,
0xff, 0xff, 0x00, 0x03, 0xc8, 0xfb, 0xa5, 0x03, 0xc8, 0xfb, 0xff, 0x03, 0xc8, 0xfb, 0xff,
0x03, 0xc8, 0xfb, 0xff, 0x03, 0xc8, 0xfb, 0xff, 0x03, 0xc8, 0xfb, 0xff, 0x03, 0xc8, 0xfb,
0xff, 0x03, 0xc8, 0xfb, 0xff, 0x03, 0xc8, 0xfb, 0xff, 0x03, 0xc8, 0xfb, 0xff, 0x03, 0xc8,
0xfb, 0xff, 0x03, 0xc8, 0xfb, 0xff, 0x03, 0xc8, 0xfb, 0xff, 0x03, 0xc8, 0xfb, 0xff, 0x03,
0xc8, 0xfb, 0xff, 0x03, 0xc8, 0xfb, 0xff, 0x03, 0xc8, 0xfb, 0xff, 0x03, 0xc8, 0xfb, 0xff,
0x03, 0xc8, 0xfb, 0xff, 0x03, 0xc8, 0xfb, 0xff, 0x03, 0xc8, 0xfb, 0xff, 0x1f, 0xcf, 0xfc,
0xff, 0xfb, 0xff, 0xff, 0xff, 0xfe, 0xff, 0xff, 0xff, 0xfe, 0xff, 0xff, 0xff, 0xfe, 0xff,
0xff, 0xff, 0x59, 0xdb, 0xfd, 0xff, 0x03, 0xc8, 0xfb, 0xff, 0x03, 0xc8, 0xfb, 0xff, 0x03,
0xc8, 0xfb, 0xff, 0x03, 0xc8, 0xfb, 0xff, 0x03, 0xc8, 0xfb, 0xff, 0x03, 0xc8, 0xfb, 0xff,
0x03, 0xc8, 0xfb, 0xff, 0x03, 0xc8, 0xfb, 0xff, 0x03, 0xc8, 0xfb, 0xff, 0x03, 0xc8, 0xfb,
0xff, 0x03, 0xc8, 0xfb, 0xff, 0x4c, 0xd8, 0xfd, 0xff, 0xf6, 0xfe, 0xff, 0xff, 0xfe, 0xff,
0xff, 0xff, 0xfe, 0xff, 0xff, 0xff, 0xfe, 0xff, 0xff, 0xff, 0xfe, 0xff, 0xff, 0xff, 0xfe,
0xff, 0xff, 0xff, 0xfe, 0xff, 0xff, 0xff, 0xfe, 0xff, 0xff, 0xff, 0xfe, 0xff, 0xff, 0xff,
0xfe, 0xff, 0xff, 0xff, 0xe0, 0xf9, 0xff, 0xff, 0x03, 0xc8, 0xfb, 0xff, 0x03, 0xc8, 0xfb,
0xff, 0x03, 0xc8, 0xfb, 0xff, 0x32, 0xd3, 0xfc, 0xff, 0x30, 0xd2, 0xfc, 0xff, 0x03, 0xc8,
0xfb, 0xff, 0x03, 0xc8, 0xfb, 0xff, 0x11, 0xcc, 0xfc, 0xff, 0xfa, 0xfe, 0xff, 0xff, 0xfe,
0xff, 0xff, 0xff, 0xfe, 0xff, 0xff, 0xff, 0xfe, 0xff, 0xff, 0xff, 0xfe, 0xff, 0xff, 0xff,
0xfe, 0xff, 0xff, 0xff, 0xfe, 0xff, 0xff, 0xff, 0xfe, 0xff, 0xff, 0xff, 0xfe, 0xff, 0xff,
0xff, 0xfe, 0xff, 0xff, 0xff, 0xf4, 0xfd, 0xff, 0xff, 0x42, 0xd6, 0xfc, 0xff, 0x03, 0xc8,
0xfb, 0xff, 0x03, 0xc8, 0xfb, 0xff, 0x03, 0xc8, 0xfb, 0xff, 0x03, 0xc8, 0xfb, 0xff, 0x03,
0xc8, 0xfb, 0xff, 0x03, 0xc8, 0xfb, 0xff, 0x03, 0xc8, 0xfb, 0xff, 0x03, 0xc8, 0xfb, 0xff,
0x03, 0xc8, 0xfb, 0xff, 0x03, 0xc8, 0xfb, 0xff, 0x03, 0xc8, 0xfb, 0xff, 0x94, 0xe8, 0xfe,
0xff, 0xfe, 0xff, 0xff, 0xff, 0xfe, 0xff, 0xff, 0xff, 0xfe, 0xff, 0xff, 0xff, 0xae, 0xee,
0xfe, 0xff, 0x03, 0xc8, 0xfb, 0xff, 0x03, 0xc8, 0xfb, 0xff, 0x03, 0xc8, 0xfb, 0xff, 0x03,
0xc8, 0xfb, 0xff, 0x03, 0xc8, 0xfb, 0xff, 0x03, 0xc8, 0xfb, 0xff, 0x03, 0xc8, 0xfb, 0xff,
0x03, 0xc8, 0xfb, 0xff, 0x03, 0xc8, 0xfb, 0xff, 0x03, 0xc8, 0xfb, 0xff, 0x03, 0xc8, 0xfb,
0xff, 0x03, 0xc8, 0xfb, 0xff, 0x03, 0xc8, 0xfb, 0xff, 0x03, 0xc8, 0xfb, 0xff, 0x03, 0xc8,
0xfb, 0xff, 0x03, 0xc8, 0xfb, 0xff, 0x03, 0xc8, 0xfb, 0xff, 0x03, 0xc8, 0xfb, 0xff, 0x03,
0xc8, 0xfb, 0xff, 0x03, 0xc8, 0xfb, 0xff, 0x03, 0xc8, 0xfb, 0xff, 0x01, 0xc5, 0xfb, 0x3d,
0xff, 0xff, 0xff, 0x00, 0xff, 0xff, 0xff, 0x00, 0xff, 0xff, 0xff, 0x00, 0xff, 0xff, 0xff,
0x00, 0xff, 0xff, 0xff, 0x00, 0xff, 0xff, 0xff, 0x00, 0xff, 0xff, 0xff, 0x00, 0xff, 0xff,
0xff, 0x00, 0xff, 0xff, 0xff, 0x00, 0xff, 0xff, 0xff, 0x00, 0xff, 0xff, 0xff, 0x00, 0xff,
0xff, 0xff, 0x00, 0xff, 0xff, 0xff, 0x00, 0xff, 0xff, 0xff, 0x00, 0xff, 0xff, 0xff, 0x00,
0xff, 0xff, 0xff, 0x00, 0xff, 0xff, 0xff, 0x00, 0xff, 0xff, 0xff, 0x00, 0xff, 0xff, 0xff,
0x00, 0xff, 0xff, 0xff, 0x00, 0x03, 0xc8, 0xfb, 0xe4, 0x03, 0xc8, 0xfb, 0xff, 0x03, 0xc8,
0xfb, 0xff, 0x03, 0xc8, 0xfb, 0xff, 0x03, 0xc8, 0xfb, 0xff, 0x03, 0xc8, 0xfb, 0xff, 0x03,
0xc8, 0xfb, 0xff, 0x03, 0xc8, 0xfb, 0xff, 0x03, 0xc8, 0xfb, 0xff, 0x03, 0xc8, 0xfb, 0xff,
0x03, 0xc8, 0xfb, 0xff, 0x03, 0xc8, 0xfb, 0xff, 0x03, 0xc8, 0xfb, 0xff, 0x03, 0xc8, 0xfb,
0xff, 0x03, 0xc8, 0xfb, 0xff, 0x03, 0xc8, 0xfb, 0xff, 0x03, 0xc8, 0xfb, 0xff, 0x03, 0xc8,
0xfb, 0xff, 0x03, 0xc8, 0xfb, 0xff, 0x03, 0xc8, 0xfb, 0xff, 0x03, 0xc8, 0xfb, 0xff, 0x7e,
0xe3, 0xfd, 0xff, 0xfe, 0xff, 0xff, 0xff, 0xfe, 0xff, 0xff, 0xff, 0xfe, 0xff, 0xff, 0xff,
0xd3, 0xf6, 0xff, 0xff, 0x04, 0xc9, 0xfc, 0xff, 0x03, 0xc8, 0xfb, 0xff, 0x03, 0xc8, 0xfb,
0xff, 0x03, 0xc8, 0xfb, 0xff, 0x03, 0xc8, 0xfb, 0xff, 0x03, 0xc8, 0xfb, 0xff, 0x03, 0xc8,
0xfb, 0xff, 0x03, 0xc8, 0xfb, 0xff, 0x03, 0xc8, 0xfb, 0xff, 0x03, 0xc8, 0xfb, 0xff, 0x03,
0xc8, 0xfb, 0xff, 0x03, 0xc8, 0xfb, 0xff, 0x03, 0xc8, 0xfb, 0xff, 0x44, 0xd7, 0xfd, 0xff,
0xf3, 0xfd, 0xff, 0xff, 0xfe, 0xff, 0xff, 0xff, 0xfe, 0xff, 0xff, 0xff, 0xfe, 0xff, 0xff,
0xff, 0xfe, 0xff, 0xff, 0xff, 0xfe, 0xff, 0xff, 0xff, 0xfe, 0xff, 0xff, 0xff, 0xfe, 0xff,
0xff, 0xff, 0xfe, 0xff, 0xff, 0xff, 0xfe, 0xff, 0xff, 0xff, 0x25, 0xd0, 0xfc, 0xff, 0x03,
0xc8, 0xfb, 0xff, 0x03, 0xc8, 0xfb, 0xff, 0xa7, 0xec, 0xfe, 0xff, 0x9f, 0xea, 0xfe, 0xff,
0x03, 0xc8, 0xfb, 0xff, 0x03, 0xc8, 0xfb, 0xff, 0x45, 0xd7, 0xfd, 0xff, 0xfe, 0xff, 0xff,
0xff, 0xfe, 0xff, 0xff, 0xff, 0xfe, 0xff, 0xff, 0xff, 0xfe, 0xff, 0xff, 0xff, 0xfe, 0xff,
0xff, 0xff, 0xfe, 0xff, 0xff, 0xff, 0xfe, 0xff, 0xff, 0xff, 0xfe, 0xff, 0xff, 0xff, 0xfe,
0xff, 0xff, 0xff, 0xf0, 0xfc, 0xff, 0xff, 0x3e, 0xd5, 0xfc, 0xff, 0x03, 0xc8, 0xfb, 0xff,
0x03, 0xc8, 0xfb, 0xff, 0x03, 0xc8, 0xfb, 0xff, 0x03, 0xc8, 0xfb, 0xff, 0x03, 0xc8, 0xfb,
0xff, 0x03, 0xc8, 0xfb, 0xff, 0x03, 0xc8, 0xfb, 0xff, 0x03, 0xc8, 0xfb, 0xff, 0x03, 0xc8,
0xfb, 0xff, 0x03, 0xc8, 0xfb, 0xff, 0x03, 0xc8, 0xfb, 0xff, 0x03, 0xc8, 0xfb, 0xff, 0x21,
0xcf, 0xfc, 0xff, 0xfc, 0xff, 0xff, 0xff, 0xfe, 0xff, 0xff, 0xff, 0xfe, 0xff, 0xff, 0xff,
0xfb, 0xff, 0xff, 0xff, 0x1b, 0xce, 0xfc, 0xff, 0x03, 0xc8, 0xfb, 0xff, 0x03, 0xc8, 0xfb,
0xff, 0x03, 0xc8, 0xfb, 0xff, 0x03, 0xc8, 0xfb, 0xff, 0x03, 0xc8, 0xfb, 0xff, 0x03, 0xc8,
0xfb, 0xff, 0x03, 0xc8, 0xfb, 0xff, 0x03, 0xc8, 0xfb, 0xff, 0x03, 0xc8, 0xfb, 0xff, 0x03,
0xc8, 0xfb, 0xff, 0x03, 0xc8, 0xfb, 0xff, 0x03, 0xc8, 0xfb, 0xff, 0x03, 0xc8, 0xfb, 0xff,
0x03, 0xc8, 0xfb, 0xff, 0x03, 0xc8, 0xfb, 0xff, 0x03, 0xc8, 0xfb, 0xff, 0x03, 0xc8, 0xfb,
0xff, 0x03, 0xc8, 0xfb, 0xff, 0x03, 0xc8, 0xfb, 0xff, 0x03, 0xc8, 0xfb, 0xff, 0x01, 0xc7,
0xfb, 0x7d, 0xff, 0xff, 0xff, 0x00, 0xff, 0xff, 0xff, 0x00, 0xff, 0xff, 0xff, 0x00, 0xff,
0xff, 0xff, 0x00, 0xff, 0xff, 0xff, 0x00, 0xff, 0xff, 0xff, 0x00, 0xff, 0xff, 0xff, 0x00,
0xff, 0xff, 0xff, 0x00, 0xff, 0xff, 0xff, 0x00, 0xff, 0xff, 0xff, 0x00, 0xff, 0xff, 0xff,
0x00, 0xff, 0xff, 0xff, 0x00, 0xff, 0xff, 0xff, 0x00, 0xff, 0xff, 0xff, 0x00, 0xff, 0xff,
0xff, 0x00, 0xff, 0xff, 0xff, 0x00, 0xff, 0xff, 0xff, 0x00, 0xff, 0xff, 0xff, 0x00, 0xff,
0xff, 0xff, 0x00, 0x01, 0xc6, 0xf7, 0x1f, 0x03, 0xc8, 0xfb, 0xff, 0x03, 0xc8, 0xfb, 0xff,
0x03, 0xc8, 0xfb, 0xff, 0x03, 0xc8, 0xfb, 0xff, 0x03, 0xc8, 0xfb, 0xff, 0x03, 0xc8, 0xfb,
0xff, 0x03, 0xc8, 0xfb, 0xff, 0x03, 0xc8, 0xfb, 0xff, 0x03, 0xc8, 0xfb, 0xff, 0x03, 0xc8,
0xfb, 0xff, 0x03, 0xc8, 0xfb, 0xff, 0x03, 0xc8, 0xfb, 0xff, 0x03, 0xc8, 0xfb, 0xff, 0x03,
0xc8, 0xfb, 0xff, 0x03, 0xc8, 0xfb, 0xff, 0x03, 0xc8, 0xfb, 0xff, 0x03, 0xc8, 0xfb, 0xff,
0x03, 0xc8, 0xfb, 0xff, 0x03, 0xc8, 0xfb, 0xff, 0x03, 0xc8, 0xfb, 0xff, 0x03, 0xc8, 0xfb,
0xff, 0xd9, 0xf7, 0xff, 0xff, 0xfe, 0xff, 0xff, 0xff, 0xfe, 0xff, 0xff, 0xff, 0xfe, 0xff,
0xff, 0xff, 0x5f, 0xdd, 0xfd, 0xff, 0x03, 0xc8, 0xfb, 0xff, 0x03, 0xc8, 0xfb, 0xff, 0x03,
0xc8, 0xfb, 0xff, 0x03, 0xc8, 0xfb, 0xff, 0x03, 0xc8, 0xfb, 0xff, 0x03, 0xc8, 0xfb, 0xff,
0x03, 0xc8, 0xfb, 0xff, 0x03, 0xc8, 0xfb, 0xff, 0x03, 0xc8, 0xfb, 0xff, 0x03, 0xc8, 0xfb,
0xff, 0x03, 0xc8, 0xfb, 0xff, 0x03, 0xc8, 0xfb, 0xff, 0x03, 0xc8, 0xfb, 0xff, 0x03, 0xc8,
0xfb, 0xff, 0x3c, 0xd5, 0xfc, 0xff, 0xf0, 0xfc, 0xff, 0xff, 0xfe, 0xff, 0xff, 0xff, 0xfe,
0xff, 0xff, 0xff, 0xfe, 0xff, 0xff, 0xff, 0xfe, 0xff, 0xff, 0xff, 0xfe, 0xff, 0xff, 0xff,
0xfe, 0xff, 0xff, 0xff, 0xee, 0xfc, 0xff, 0xff, 0x84, 0xe5, 0xfe, 0xff, 0x12, 0xcc, 0xfc,
0xff, 0x03, 0xc8, 0xfb, 0xff, 0x14, 0xcc, 0xfc, 0xff, 0xf9, 0xfe, 0xff, 0xff, 0xf8, 0xfe,
0xff, 0xff, 0x1e, 0xce, 0xfc, 0xff, 0x03, 0xc8, 0xfb, 0xff, 0x03, 0xc8, 0xfb, 0xff, 0x4b,
0xd8, 0xfd, 0xff, 0xdc, 0xf8, 0xff, 0xff, 0xfe, 0xff, 0xff, 0xff, 0xfe, 0xff, 0xff, 0xff,
0xfe, 0xff, 0xff, 0xff, 0xfe, 0xff, 0xff, 0xff, 0xfe, 0xff, 0xff, 0xff, 0xfe, 0xff, 0xff,
0xff, 0xd7, 0xf7, 0xff, 0xff, 0x2a, 0xd1, 0xfc, 0xff, 0x03, 0xc8, 0xfb, 0xff, 0x03, 0xc8,
0xfb, 0xff, 0x03, 0xc8, 0xfb, 0xff, 0x03, 0xc8, 0xfb, 0xff, 0x03, 0xc8, 0xfb, 0xff, 0x03,
0xc8, 0xfb, 0xff, 0x03, 0xc8, 0xfb, 0xff, 0x03, 0xc8, 0xfb, 0xff, 0x03, 0xc8, 0xfb, 0xff,
0x03, 0xc8, 0xfb, 0xff, 0x03, 0xc8, 0xfb, 0xff, 0x03, 0xc8, 0xfb, 0xff, 0x03, 0xc8, 0xfb,
0xff, 0x03, 0xc8, 0xfb, 0xff, 0xaf, 0xee, 0xfe, 0xff, 0xfe, 0xff, 0xff, 0xff, 0xfe, 0xff,
0xff, 0xff, 0xfe, 0xff, 0xff, 0xff, 0x75, 0xe1, 0xfd, 0xff, 0x03, 0xc8, 0xfb, 0xff, 0x03,
0xc8, 0xfb, 0xff, 0x03, 0xc8, 0xfb, 0xff, 0x03, 0xc8, 0xfb, 0xff, 0x03, 0xc8, 0xfb, 0xff,
0x03, 0xc8, 0xfb, 0xff, 0x03, 0xc8, 0xfb, 0xff, 0x03, 0xc8, 0xfb, 0xff, 0x03, 0xc8, 0xfb,
0xff, 0x03, 0xc8, 0xfb, 0xff, 0x03, 0xc8, 0xfb, 0xff, 0x03, 0xc8, 0xfb, 0xff, 0x03, 0xc8,
0xfb, 0xff, 0x03, 0xc8, 0xfb, 0xff, 0x03, 0xc8, 0xfb, 0xff, 0x03, 0xc8, 0xfb, 0xff, 0x03,
0xc8, 0xfb, 0xff, 0x03, 0xc8, 0xfb, 0xff, 0x03, 0xc8, 0xfb, 0xff, 0x03, 0xc8, 0xfb, 0xff,
0x03, 0xc8, 0xfb, 0xbc, 0xff, 0xff, 0xff, 0x00, 0xff, 0xff, 0xff, 0x00, 0xff, 0xff, 0xff,
0x00, 0xff, 0xff, 0xff, 0x00, 0xff, 0xff, 0xff, 0x00, 0xff, 0xff, 0xff, 0x00, 0xff, 0xff,
0xff, 0x00, 0xff, 0xff, 0xff, 0x00, 0xff, 0xff, 0xff, 0x00, 0xff, 0xff, 0xff, 0x00, 0xff,
0xff, 0xff, 0x00, 0xff, 0xff, 0xff, 0x00, 0xff, 0xff, 0xff, 0x00, 0xff, 0xff, 0xff, 0x00,
0xff, 0xff, 0xff, 0x00, 0xff, 0xff, 0xff, 0x00, 0xff, 0xff, 0xff, 0x00, 0xff, 0xff, 0xff,
0x00, 0xff, 0xff, 0xff, 0x00, 0x01, 0xc8, 0xf9, 0x52, 0x03, 0xc8, 0xfb, 0xff, 0x03, 0xc8,
0xfb, 0xff, 0x03, 0xc8, 0xfb, 0xff, 0x03, 0xc8, 0xfb, 0xff, 0x03, 0xc8, 0xfb, 0xff, 0x03,
0xc8, 0xfb, 0xff, 0x03, 0xc8, 0xfb, 0xff, 0x03, 0xc8, 0xfb, 0xff, 0x03, 0xc8, 0xfb, 0xff,
0x03, 0xc8, 0xfb, 0xff, 0x03, 0xc8, 0xfb, 0xff, 0x03, 0xc8, 0xfb, 0xff, 0x03, 0xc8, 0xfb,
0xff, 0x03, 0xc8, 0xfb, 0xff, 0x03, 0xc8, 0xfb, 0xff, 0x03, 0xc8, 0xfb, 0xff, 0x03, 0xc8,
0xfb, 0xff, 0x03, 0xc8, 0xfb, 0xff, 0x03, 0xc8, 0xfb, 0xff, 0x03, 0xc8, 0xfb, 0xff, 0x2f,
0xd2, 0xfc, 0xff, 0xfe, 0xff, 0xff, 0xff, 0xfe, 0xff, 0xff, 0xff, 0xfe, 0xff, 0xff, 0xff,
0xeb, 0xfb, 0xff, 0xff, 0x09, 0xca, 0xfc, 0xff, 0x03, 0xc8, 0xfb, 0xff, 0x03, 0xc8, 0xfb,
0xff, 0x03, 0xc8, 0xfb, 0xff, 0x03, 0xc8, 0xfb, 0xff, 0x03, 0xc8, 0xfb, 0xff, 0x03, 0xc8,
0xfb, 0xff, 0x03, 0xc8, 0xfb, 0xff, 0x03, 0xc8, 0xfb, 0xff, 0x03, 0xc8, 0xfb, 0xff, 0x03,
0xc8, 0xfb, 0xff, 0x03, 0xc8, 0xfb, 0xff, 0x03, 0xc8, 0xfb, 0xff, 0x03, 0xc8, 0xfb, 0xff,
0x03, 0xc8, 0xfb, 0xff, 0x03, 0xc8, 0xfb, 0xff, 0x36, 0xd4, 0xfc, 0xff, 0xec, 0xfb, 0xff,
0xff, 0xfe, 0xff, 0xff, 0xff, 0xfe, 0xff, 0xff, 0xff, 0xfe, 0xff, 0xff, 0xff, 0xe7, 0xfa,
0xff, 0xff, 0x77, 0xe2, 0xfd, 0xff, 0x0f, 0xcb, 0xfc, 0xff, 0x03, 0xc8, 0xfb, 0xff, 0x03,
0xc8, 0xfb, 0xff, 0x03, 0xc8, 0xfb, 0xff, 0x5a, 0xdc, 0xfd, 0xff, 0xfe, 0xff, 0xff, 0xff,
0xfe, 0xff, 0xff, 0xff, 0xa7, 0xec, 0xfe, 0xff, 0x03, 0xc8, 0xfb, 0xff, 0x03, 0xc8, 0xfb,
0xff, 0x03, 0xc8, 0xfb, 0xff, 0x0b, 0xca, 0xfc, 0xff, 0x82, 0xe4, 0xfe, 0xff, 0xf8, 0xfe,
0xff, 0xff, 0xfe, 0xff, 0xff, 0xff, 0xfe, 0xff, 0xff, 0xff, 0xfd, 0xff, 0xff, 0xff, 0x99,
0xe9, 0xfe, 0xff, 0x0f, 0xcb, 0xfc, 0xff, 0x03, 0xc8, 0xfb, 0xff, 0x03, 0xc8, 0xfb, 0xff,
0x03, 0xc8, 0xfb, 0xff, 0x03, 0xc8, 0xfb, 0xff, 0x03, 0xc8, 0xfb, 0xff, 0x03, 0xc8, 0xfb,
0xff, 0x03, 0xc8, 0xfb, 0xff, 0x03, 0xc8, 0xfb, 0xff, 0x03, 0xc8, 0xfb, 0xff, 0x03, 0xc8,
0xfb, 0xff, 0x03, 0xc8, 0xfb, 0xff, 0x03, 0xc8, 0xfb, 0xff, 0x03, 0xc8, 0xfb, 0xff, 0x03,
0xc8, 0xfb, 0xff, 0x03, 0xc8, 0xfb, 0xff, 0x54, 0xda, 0xfd, 0xff, 0xfe, 0xff, 0xff, 0xff,
0xfe, 0xff, 0xff, 0xff, 0xfe, 0xff, 0xff, 0xff, 0xcb, 0xf4, 0xff, 0xff, 0x03, 0xc8, 0xfb,
0xff, 0x03, 0xc8, 0xfb, 0xff, 0x03, 0xc8, 0xfb, 0xff, 0x03, 0xc8, 0xfb, 0xff, 0x03, 0xc8,
0xfb, 0xff, 0x03, 0xc8, 0xfb, 0xff, 0x03, 0xc8, 0xfb, 0xff, 0x03, 0xc8, 0xfb, 0xff, 0x03,
0xc8, 0xfb, 0xff, 0x03, 0xc8, 0xfb, 0xff, 0x03, 0xc8, 0xfb, 0xff, 0x03, 0xc8, 0xfb, 0xff,
0x03, 0xc8, 0xfb, 0xff, 0x03, 0xc8, 0xfb, 0xff, 0x03, 0xc8, 0xfb, 0xff, 0x03, 0xc8, 0xfb,
0xff, 0x03, 0xc8, 0xfb, 0xff, 0x03, 0xc8, 0xfb, 0xff, 0x03, 0xc8, 0xfb, 0xff, 0x03, 0xc8,
0xfb, 0xff, 0x03, 0xc8, 0xfb, 0xef, 0x01, 0x01, 0x01, 0x01, 0xff, 0xff, 0xff, 0x00, 0xff,
0xff, 0xff, 0x00, 0xff, 0xff, 0xff, 0x00, 0xff, 0xff, 0xff, 0x00, 0xff, 0xff, 0xff, 0x00,
0xff, 0xff, 0xff, 0x00, 0xff, 0xff, 0xff, 0x00, 0xff, 0xff, 0xff, 0x00, 0xff, 0xff, 0xff,
0x00, 0xff, 0xff, 0xff, 0x00, 0xff, 0xff, 0xff, 0x00, 0xff, 0xff, 0xff, 0x00, 0xff, 0xff,
0xff, 0x00, 0xff, 0xff, 0xff, 0x00, 0xff, 0xff, 0xff, 0x00, 0xff, 0xff, 0xff, 0x00, 0xff,
0xff, 0xff, 0x00, 0xff, 0xff, 0xff, 0x00, 0x01, 0xc7, 0xfb, 0x7e, 0x03, 0xc8, 0xfb, 0xff,
0x03, 0xc8, 0xfb, 0xff, 0x03, 0xc8, 0xfb, 0xff, 0x03, 0xc8, 0xfb, 0xff, 0x03, 0xc8, 0xfb,
0xff, 0x03, 0xc8, 0xfb, 0xff, 0x03, 0xc8, 0xfb, 0xff, 0x03, 0xc8, 0xfb, 0xff, 0x03, 0xc8,
0xfb, 0xff, 0x03, 0xc8, 0xfb, 0xff, 0x03, 0xc8, 0xfb, 0xff, 0x03, 0xc8, 0xfb, 0xff, 0x03,
0xc8, 0xfb, 0xff, 0x03, 0xc8, 0xfb, 0xff, 0x03, 0xc8, 0xfb, 0xff, 0x03, 0xc8, 0xfb, 0xff,
0x03, 0xc8, 0xfb, 0xff, 0x03, 0xc8, 0xfb, 0xff, 0x03, 0xc8, 0xfb, 0xff, 0x03, 0xc8, 0xfb,
0xff, 0x77, 0xe2, 0xfd, 0xff, 0xfe, 0xff, 0xff, 0xff, 0xfe, 0xff, 0xff, 0xff, 0xfe, 0xff,
0xff, 0xff, 0x91, 0xe7, 0xfe, 0xff, 0x03, 0xc8, 0xfb, 0xff, 0x03, 0xc8, 0xfb, 0xff, 0x03,
0xc8, 0xfb, 0xff, 0x03, 0xc8, 0xfb, 0xff, 0x03, 0xc8, 0xfb, 0xff, 0x03, 0xc8, 0xfb, 0xff,
0x03, 0xc8, 0xfb, 0xff, 0x03, 0xc8, 0xfb, 0xff, 0x03, 0xc8, 0xfb, 0xff, 0x03, 0xc8, 0xfb,
0xff, 0x03, 0xc8, 0xfb, 0xff, 0x03, 0xc8, 0xfb, 0xff, 0x03, 0xc8, 0xfb, 0xff, 0x03, 0xc8,
0xfb, 0xff, 0x03, 0xc8, 0xfb, 0xff, 0x03, 0xc8, 0xfb, 0xff, 0x03, 0xc8, 0xfb, 0xff, 0x2f,
0xd2, 0xfc, 0xff, 0xe7, 0xfa, 0xff, 0xff, 0xdc, 0xf8, 0xff, 0xff, 0x69, 0xdf, 0xfd, 0xff,
0x0a, 0xca, 0xfc, 0xff, 0x03, 0xc8, 0xfb, 0xff, 0x03, 0xc8, 0xfb, 0xff, 0x03, 0xc8, 0xfb,
0xff, 0x03, 0xc8, 0xfb, 0xff, 0x07, 0xc9, 0xfc, 0xff, 0xb4, 0xef, 0xfe, 0xff, 0xfe, 0xff,
0xff, 0xff, 0xfe, 0xff, 0xff, 0xff, 0xfe, 0xff, 0xff, 0xff, 0x56, 0xda, 0xfd, 0xff, 0x03,
0xc8, 0xfb, 0xff, 0x03, 0xc8, 0xfb, 0xff, 0x03, 0xc8, 0xfb, 0xff, 0x03, 0xc8, 0xfb, 0xff,
0x27, 0xd0, 0xfc, 0xff, 0xb8, 0xf0, 0xfe, 0xff, 0xab, 0xed, 0xfe, 0xff, 0x32, 0xd3, 0xfc,
0xff, 0x03, 0xc8, 0xfb, 0xff, 0x03, 0xc8, 0xfb, 0xff, 0x03, 0xc8, 0xfb, 0xff, 0x03, 0xc8,
0xfb, 0xff, 0x03, 0xc8, 0xfb, 0xff, 0x03, 0xc8, 0xfb, 0xff, 0x03, 0xc8, 0xfb, 0xff, 0x03,
0xc8, 0xfb, 0xff, 0x03, 0xc8, 0xfb, 0xff, 0x03, 0xc8, 0xfb, 0xff, 0x03, 0xc8, 0xfb, 0xff,
0x03, 0xc8, 0xfb, 0xff, 0x03, 0xc8, 0xfb, 0xff, 0x03, 0xc8, 0xfb, 0xff, 0x03, 0xc8, 0xfb,
0xff, 0x03, 0xc8, 0xfb, 0xff, 0x03, 0xc8, 0xfb, 0xff, 0x09, 0xca, 0xfc, 0xff, 0xee, 0xfc,
0xff, 0xff, 0xfe, 0xff, 0xff, 0xff, 0xfe, 0xff, 0xff, 0xff, 0xfe, 0xff, 0xff, 0xff, 0x1d,
0xce, 0xfc, 0xff, 0x03, 0xc8, 0xfb, 0xff, 0x03, 0xc8, 0xfb, 0xff, 0x03, 0xc8, 0xfb, 0xff,
0x03, 0xc8, 0xfb, 0xff, 0x03, 0xc8, 0xfb, 0xff, 0x03, 0xc8, 0xfb, 0xff, 0x03, 0xc8, 0xfb,
0xff, 0x03, 0xc8, 0xfb, 0xff, 0x03, 0xc8, 0xfb, 0xff, 0x03, 0xc8, 0xfb, 0xff, 0x03, 0xc8,
0xfb, 0xff, 0x03, 0xc8, 0xfb, 0xff, 0x03, 0xc8, 0xfb, 0xff, 0x03, 0xc8, 0xfb, 0xff, 0x03,
0xc8, 0xfb, 0xff, 0x03, 0xc8, 0xfb, 0xff, 0x03, 0xc8, 0xfb, 0xff, 0x03, 0xc8, 0xfb, 0xff,
0x03, 0xc8, 0xfb, 0xff, 0x03, 0xc8, 0xfb, 0xff, 0x01, 0xc5, 0xf8, 0x23, 0xff, 0xff, 0xff,
0x00, 0xff, 0xff, 0xff, 0x00, 0xff, 0xff, 0xff, 0x00, 0xff, 0xff, 0xff, 0x00, 0xff, 0xff,
0xff, 0x00, 0xff, 0xff, 0xff, 0x00, 0xff, 0xff, 0xff, 0x00, 0xff, 0xff, 0xff, 0x00, 0xff,
0xff, 0xff, 0x00, 0xff, 0xff, 0xff, 0x00, 0xff, 0xff, 0xff, 0x00, 0xff, 0xff, 0xff, 0x00,
0xff, 0xff, 0xff, 0x00, 0xff, 0xff, 0xff, 0x00, 0xff, 0xff, 0xff, 0x00, 0xff, 0xff, 0xff,
0x00, 0xff, 0xff, 0xff, 0x00, 0xff, 0xff, 0xff, 0x00, 0x03, 0xc8, 0xfb, 0xa5, 0x03, 0xc8,
0xfb, 0xff, 0x03, 0xc8, 0xfb, 0xff, 0x03, 0xc8, 0xfb, 0xff, 0x03, 0xc8, 0xfb, 0xff, 0x03,
0xc8, 0xfb, 0xff, 0x03, 0xc8, 0xfb, 0xff, 0x03, 0xc8, 0xfb, 0xff, 0x03, 0xc8, 0xfb, 0xff,
0x03, 0xc8, 0xfb, 0xff, 0x03, 0xc8, 0xfb, 0xff, 0x03, 0xc8, 0xfb, 0xff, 0x03, 0xc8, 0xfb,
0xff, 0x03, 0xc8, 0xfb, 0xff, 0x03, 0xc8, 0xfb, 0xff, 0x03, 0xc8, 0xfb, 0xff, 0x03, 0xc8,
0xfb, 0xff, 0x03, 0xc8, 0xfb, 0xff, 0x03, 0xc8, 0xfb, 0xff, 0x03, 0xc8, 0xfb, 0xff, 0x03,
0xc8, 0xfb, 0xff, 0xb9, 0xf0, 0xfe, 0xff, 0xfe, 0xff, 0xff, 0xff, 0xfe, 0xff, 0xff, 0xff,
0xfe, 0xff, 0xff, 0xff, 0x3d, 0xd5, 0xfc, 0xff, 0x03, 0xc8, 0xfb, 0xff, 0x03, 0xc8, 0xfb,
0xff, 0x03, 0xc8, 0xfb, 0xff, 0x03, 0xc8, 0xfb, 0xff, 0x03, 0xc8, 0xfb, 0xff, 0x03, 0xc8,
0xfb, 0xff, 0x03, 0xc8, 0xfb, 0xff, 0x03, 0xc8, 0xfb, 0xff, 0x03, 0xc8, 0xfb, 0xff, 0x03,
0xc8, 0xfb, 0xff, 0x03, 0xc8, 0xfb, 0xff, 0x03, 0xc8, 0xfb, 0xff, 0x03, 0xc8, 0xfb, 0xff,
0x03, 0xc8, 0xfb, 0xff, 0x03, 0xc8, 0xfb, 0xff, 0x03, 0xc8, 0xfb, 0xff, 0x03, 0xc8, 0xfb,
0xff, 0x03, 0xc8, 0xfb, 0xff, 0x18, 0xcd, 0xfc, 0xff, 0x05, 0xc9, 0xfc, 0xff, 0x03, 0xc8,
0xfb, 0xff, 0x03, 0xc8, 0xfb, 0xff, 0x03, 0xc8, 0xfb, 0xff, 0x03, 0xc8, 0xfb, 0xff, 0x03,
0xc8, 0xfb, 0xff, 0x1d, 0xce, 0xfc, 0xff, 0xc3, 0xf3, 0xff, 0xff, 0xfe, 0xff, 0xff, 0xff,
0xfe, 0xff, 0xff, 0xff, 0xfe, 0xff, 0xff, 0xff, 0xfe, 0xff, 0xff, 0xff, 0xf3, 0xfd, 0xff,
0xff, 0x3a, 0xd4, 0xfc, 0xff, 0x03, 0xc8, 0xfb, 0xff, 0x03, 0xc8, 0xfb, 0xff, 0x03, 0xc8,
0xfb, 0xff, 0x03, 0xc8, 0xfb, 0xff, 0x03, 0xc8, 0xfb, 0xff, 0x03, 0xc8, 0xfb, 0xff, 0x03,
0xc8, 0xfb, 0xff, 0x03, 0xc8, 0xfb, 0xff, 0x03, 0xc8, 0xfb, 0xff, 0x03, 0xc8, 0xfb, 0xff,
0x03, 0xc8, 0xfb, 0xff, 0x03, 0xc8, 0xfb, 0xff, 0x03, 0xc8, 0xfb, 0xff, 0x03, 0xc8, 0xfb,
0xff, 0x03, 0xc8, 0xfb, 0xff, 0x03, 0xc8, 0xfb, 0xff, 0x03, 0xc8, 0xfb, 0xff, 0x03, 0xc8,
0xfb, 0xff, 0x03, 0xc8, 0xfb, 0xff, 0x03, 0xc8, 0xfb, 0xff, 0x03, 0xc8, 0xfb, 0xff, 0x03,
0xc8, 0xfb, 0xff, 0x03, 0xc8, 0xfb, 0xff, 0x03, 0xc8, 0xfb, 0xff, 0x03, 0xc8, 0xfb, 0xff,
0xa1, 0xeb, 0xfe, 0xff, 0xfe, 0xff, 0xff, 0xff, 0xfe, 0xff, 0xff, 0xff, 0xfe, 0xff, 0xff,
0xff, 0x63, 0xde, 0xfd, 0xff, 0x03, 0xc8, 0xfb, 0xff, 0x03, 0xc8, 0xfb, 0xff, 0x03, 0xc8,
0xfb, 0xff, 0x03, 0xc8, 0xfb, 0xff, 0x03, 0xc8, 0xfb, 0xff, 0x03, 0xc8, 0xfb, 0xff, 0x03,
0xc8, 0xfb, 0xff, 0x03, 0xc8, 0xfb, 0xff, 0x03, 0xc8, 0xfb, 0xff, 0x03, 0xc8, 0xfb, 0xff,
0x03, 0xc8, 0xfb, 0xff, 0x03, 0xc8, 0xfb, 0xff, 0x03, 0xc8, 0xfb, 0xff, 0x03, 0xc8, 0xfb,
0xff, 0x03, 0xc8, 0xfb, 0xff, 0x03, 0xc8, 0xfb, 0xff, 0x03, 0xc8, 0xfb, 0xff, 0x03, 0xc8,
0xfb, 0xff, 0x03, 0xc8, 0xfb, 0xff, 0x03, 0xc8, 0xfb, 0xff, 0x01, 0xc7, 0xf9, 0x51, 0xff,
0xff, 0xff, 0x00, 0xff, 0xff, 0xff, 0x00, 0xff, 0xff, 0xff, 0x00, 0xff, 0xff, 0xff, 0x00,
0xff, 0xff, 0xff, 0x00, 0xff, 0xff, 0xff, 0x00, 0xff, 0xff, 0xff, 0x00, 0xff, 0xff, 0xff,
0x00, 0xff, 0xff, 0xff, 0x00, 0xff, 0xff, 0xff, 0x00, 0xff, 0xff, 0xff, 0x00, 0xff, 0xff,
0xff, 0x00, 0xff, 0xff, 0xff, 0x00, 0xff, 0xff, 0xff, 0x00, 0xff, 0xff, 0xff, 0x00, 0xff,
0xff, 0xff, 0x00, 0xff, 0xff, 0xff, 0x00, 0xff, 0xff, 0xff, 0x00, 0x03, 0xc7, 0xfa, 0xc3,
0x03, 0xc8, 0xfb, 0xff, 0x03, 0xc8, 0xfb, 0xff, 0x03, 0xc8, 0xfb, 0xff, 0x03, 0xc8, 0xfb,
0xff, 0x03, 0xc8, 0xfb, 0xff, 0x03, 0xc8, 0xfb, 0xff, 0x03, 0xc8, 0xfb, 0xff, 0x03, 0xc8,
0xfb, 0xff, 0x03, 0xc8, 0xfb, 0xff, 0x03, 0xc8, 0xfb, 0xff, 0x03, 0xc8, 0xfb, 0xff, 0x03,
0xc8, 0xfb, 0xff, 0x03, 0xc8, 0xfb, 0xff, 0x03, 0xc8, 0xfb, 0xff, 0x03, 0xc8, 0xfb, 0xff,
0x03, 0xc8, 0xfb, 0xff, 0x03, 0xc8, 0xfb, 0xff, 0x03, 0xc8, 0xfb, 0xff, 0x03, 0xc8, 0xfb,
0xff, 0x05, 0xc9, 0xfc, 0xff, 0xf1, 0xfc, 0xff, 0xff, 0xfe, 0xff, 0xff, 0xff, 0xfe, 0xff,
0xff, 0xff, 0xec, 0xfb, 0xff, 0xff, 0x04, 0xc9, 0xfc, 0xff, 0x03, 0xc8, 0xfb, 0xff, 0x03,
0xc8, 0xfb, 0xff, 0x03, 0xc8, 0xfb, 0xff, 0x03, 0xc8, 0xfb, 0xff, 0x03, 0xc8, 0xfb, 0xff,
0x03, 0xc8, 0xfb, 0xff, 0x03, 0xc8, 0xfb, 0xff, 0x03, 0xc8, 0xfb, 0xff, 0x03, 0xc8, 0xfb,
0xff, 0x03, 0xc8, 0xfb, 0xff, 0x03, 0xc8, 0xfb, 0xff, 0x03, 0xc8, 0xfb, 0xff, 0x03, 0xc8,
0xfb, 0xff, 0x03, 0xc8, 0xfb, 0xff, 0x03, 0xc8, 0xfb, 0xff, 0x03, 0xc8, 0xfb, 0xff, 0x03,
0xc8, 0xfb, 0xff, 0x03, 0xc8, 0xfb, 0xff, 0x03, 0xc8, 0xfb, 0xff, 0x03, 0xc8, 0xfb, 0xff,
0x03, 0xc8, 0xfb, 0xff, 0x03, 0xc8, 0xfb, 0xff, 0x03, 0xc8, 0xfb, 0xff, 0x03, 0xc8, 0xfb,
0xff, 0x4b, 0xd8, 0xfd, 0xff, 0xeb, 0xfb, 0xff, 0xff, 0xfe, 0xff, 0xff, 0xff, 0xfe, 0xff,
0xff, 0xff, 0xfe, 0xff, 0xff, 0xff, 0xfe, 0xff, 0xff, 0xff, 0xfe, 0xff, 0xff, 0xff, 0xfe,
0xff, 0xff, 0xff, 0xf3, 0xfd, 0xff, 0xff, 0x51, 0xd9, 0xfd, 0xff, 0x03, 0xc8, 0xfb, 0xff,
0x03, 0xc8, 0xfb, 0xff, 0x03, 0xc8, 0xfb, 0xff, 0x03, 0xc8, 0xfb, 0xff, 0x03, 0xc8, 0xfb,
0xff, 0x03, 0xc8, 0xfb, 0xff, 0x03, 0xc8, 0xfb, 0xff, 0x03, 0xc8, 0xfb, 0xff, 0x03, 0xc8,
0xfb, 0xff, 0x03, 0xc8, 0xfb, 0xff, 0x03, 0xc8, 0xfb, 0xff, 0x03, 0xc8, 0xfb, 0xff, 0x03,
0xc8, 0xfb, 0xff, 0x03, 0xc8, 0xfb, 0xff, 0x03, 0xc8, 0xfb, 0xff, 0x03, 0xc8, 0xfb, 0xff,
0x03, 0xc8, 0xfb, 0xff, 0x03, 0xc8, 0xfb, 0xff, 0x03, 0xc8, 0xfb, 0xff, 0x03, 0xc8, 0xfb,
0xff, 0x03, 0xc8, 0xfb, 0xff, 0x03, 0xc8, 0xfb, 0xff, 0x03, 0xc8, 0xfb, 0xff, 0x03, 0xc8,
0xfb, 0xff, 0x5c, 0xdc, 0xfd, 0xff, 0xfe, 0xff, 0xff, 0xff, 0xfe, 0xff, 0xff, 0xff, 0xfe,
0xff, 0xff, 0xff, 0xa3, 0xeb, 0xfe, 0xff, 0x03, 0xc8, 0xfb, 0xff, 0x03, 0xc8, 0xfb, 0xff,
0x03, 0xc8, 0xfb, 0xff, 0x03, 0xc8, 0xfb, 0xff, 0x03, 0xc8, 0xfb, 0xff, 0x03, 0xc8, 0xfb,
0xff, 0x03, 0xc8, 0xfb, 0xff, 0x03, 0xc8, 0xfb, 0xff, 0x03, 0xc8, 0xfb, 0xff, 0x03, 0xc8,
0xfb, 0xff, 0x03, 0xc8, 0xfb, 0xff, 0x03, 0xc8, 0xfb, 0xff, 0x03, 0xc8, 0xfb, 0xff, 0x03,
0xc8, 0xfb, 0xff, 0x03, 0xc8, 0xfb, 0xff, 0x03, 0xc8, 0xfb, 0xff, 0x03, 0xc8, 0xfb, 0xff,
0x03, 0xc8, 0xfb, 0xff, 0x03, 0xc8, 0xfb, 0xff, 0x03, 0xc8, 0xfb, 0xff, 0x01, 0xc7, 0xfb,
0x75, 0xff, 0xff, 0xff, 0x00, 0xff, 0xff, 0xff, 0x00, 0xff, 0xff, 0xff, 0x00, 0xff, 0xff,
0xff, 0x00, 0xff, 0xff, 0xff, 0x00, 0xff, 0xff, 0xff, 0x00, 0xff, 0xff, 0xff, 0x00, 0xff,
0xff, 0xff, 0x00, 0xff, 0xff, 0xff, 0x00, 0xff, 0xff, 0xff, 0x00, 0xff, 0xff, 0xff, 0x00,
0xff, 0xff, 0xff, 0x00, 0xff, 0xff, 0xff, 0x00, 0xff, 0xff, 0xff, 0x00, 0xff, 0xff, 0xff,
0x00, 0xff, 0xff, 0xff, 0x00, 0xff, 0xff, 0xff, 0x00, 0xff, 0xff, 0xff, 0x00, 0x03, 0xc8,
0xfb, 0xdc, 0x03, 0xc8, 0xfb, 0xff, 0x03, 0xc8, 0xfb, 0xff, 0x03, 0xc8, 0xfb, 0xff, 0x03,
0xc8, 0xfb, 0xff, 0x03, 0xc8, 0xfb, 0xff, 0x03, 0xc8, 0xfb, 0xff, 0x03, 0xc8, 0xfb, 0xff,
0x03, 0xc8, 0xfb, 0xff, 0x03, 0xc8, 0xfb, 0xff, 0x03, 0xc8, 0xfb, 0xff, 0x03, 0xc8, 0xfb,
0xff, 0x03, 0xc8, 0xfb, 0xff, 0x03, 0xc8, 0xfb, 0xff, 0x03, 0xc8, 0xfb, 0xff, 0x03, 0xc8,
0xfb, 0xff, 0x03, 0xc8, 0xfb, 0xff, 0x03, 0xc8, 0xfb, 0xff, 0x03, 0xc8, 0xfb, 0xff, 0x03,
0xc8, 0xfb, 0xff, 0x29, 0xd1, 0xfc, 0xff, 0xfe, 0xff, 0xff, 0xff, 0xfe, 0xff, 0xff, 0xff,
0xfe, 0xff, 0xff, 0xff, 0xab, 0xed, 0xfe, 0xff, 0x03, 0xc8, 0xfb, 0xff, 0x1d, 0xce, 0xfc,
0xff, 0x3e, 0xd5, 0xfc, 0xff, 0x06, 0xc9, 0xfc, 0xff, 0x03, 0xc8, 0xfb, 0xff, 0x03, 0xc8,
0xfb, 0xff, 0x03, 0xc8, 0xfb, 0xff, 0x03, 0xc8, 0xfb, 0xff, 0x03, 0xc8, 0xfb, 0xff, 0x03,
0xc8, 0xfb, 0xff, 0x03, 0xc8, 0xfb, 0xff, 0x03, 0xc8, 0xfb, 0xff, 0x03, 0xc8, 0xfb, 0xff,
0x03, 0xc8, 0xfb, 0xff, 0x03, 0xc8, 0xfb, 0xff, 0x03, 0xc8, 0xfb, 0xff, 0x03, 0xc8, 0xfb,
0xff, 0x03, 0xc8, 0xfb, 0xff, 0x03, 0xc8, 0xfb, 0xff, 0x03, 0xc8, 0xfb, 0xff, 0x03, 0xc8,
0xfb, 0xff, 0x03, 0xc8, 0xfb, 0xff, 0x03, 0xc8, 0xfb, 0xff, 0x03, 0xc8, 0xfb, 0xff, 0x7a,
0xe2, 0xfd, 0xff, 0xfd, 0xff, 0xff, 0xff, 0xfe, 0xff, 0xff, 0xff, 0xfe, 0xff, 0xff, 0xff,
0xfe, 0xff, 0xff, 0xff, 0xfe, 0xff, 0xff, 0xff, 0xfe, 0xff, 0xff, 0xff, 0xfe, 0xff, 0xff,
0xff, 0xfe, 0xff, 0xff, 0xff, 0xfe, 0xff, 0xff, 0xff, 0xfd, 0xff, 0xff, 0xff, 0x8a, 0xe6,
0xfe, 0xff, 0x06, 0xc9, 0xfc, 0xff, 0x03, 0xc8, 0xfb, 0xff, 0x03, 0xc8, 0xfb, 0xff, 0x03,
0xc8, 0xfb, 0xff, 0x03, 0xc8, 0xfb, 0xff, 0x03, 0xc8, 0xfb, 0xff, 0x03, 0xc8, 0xfb, 0xff,
0x03, 0xc8, 0xfb, 0xff, 0x03, 0xc8, 0xfb, 0xff, 0x03, 0xc8, 0xfb, 0xff, 0x03, 0xc8, 0xfb,
0xff, 0x03, 0xc8, 0xfb, 0xff, 0x03, 0xc8, 0xfb, 0xff, 0x03, 0xc8, 0xfb, 0xff, 0x03, 0xc8,
0xfb, 0xff, 0x03, 0xc8, 0xfb, 0xff, 0x03, 0xc8, 0xfb, 0xff, 0x03, 0xc8, 0xfb, 0xff, 0x03,
0xc8, 0xfb, 0xff, 0x03, 0xc8, 0xfb, 0xff, 0x03, 0xc8, 0xfb, 0xff, 0x03, 0xc8, 0xfb, 0xff,
0x03, 0xc8, 0xfb, 0xff, 0x1a, 0xcd, 0xfc, 0xff, 0xfe, 0xff, 0xff, 0xff, 0xfe, 0xff, 0xff,
0xff, 0xfe, 0xff, 0xff, 0xff, 0xdb, 0xf8, 0xff, 0xff, 0x03, 0xc8, 0xfb, 0xff, 0x03, 0xc8,
0xfb, 0xff, 0x03, 0xc8, 0xfb, 0xff, 0x03, 0xc8, 0xfb, 0xff, 0x03, 0xc8, 0xfb, 0xff, 0x03,
0xc8, 0xfb, 0xff, 0x03, 0xc8, 0xfb, 0xff, 0x03, 0xc8, 0xfb, 0xff, 0x03, 0xc8, 0xfb, 0xff,
0x03, 0xc8, 0xfb, 0xff, 0x03, 0xc8, 0xfb, 0xff, 0x03, 0xc8, 0xfb, 0xff, 0x03, 0xc8, 0xfb,
0xff, 0x03, 0xc8, 0xfb, 0xff, 0x03, 0xc8, 0xfb, 0xff, 0x03, 0xc8, 0xfb, 0xff, 0x03, 0xc8,
0xfb, 0xff, 0x03, 0xc8, 0xfb, 0xff, 0x03, 0xc8, 0xfb, 0xff, 0x03, 0xc8, 0xfb, 0xff, 0x03,
0xc8, 0xfa, 0x98, 0xff, 0xff, 0xff, 0x00, 0xff, 0xff, 0xff, 0x00, 0xff, 0xff, 0xff, 0x00,
0xff, 0xff, 0xff, 0x00, 0xff, 0xff, 0xff, 0x00, 0xff, 0xff, 0xff, 0x00, 0xff, 0xff, 0xff,
0x00, 0xff, 0xff, 0xff, 0x00, 0xff, 0xff, 0xff, 0x00, 0xff, 0xff, 0xff, 0x00, 0xff, 0xff,
0xff, 0x00, 0xff, 0xff, 0xff, 0x00, 0xff, 0xff, 0xff, 0x00, 0xff, 0xff, 0xff, 0x00, 0xff,
0xff, 0xff, 0x00, 0xff, 0xff, 0xff, 0x00, 0xff, 0xff, 0xff, 0x00, 0xff, 0xff, 0xff, 0x00,
0x03, 0xc8, 0xfb, 0xee, 0x03, 0xc8, 0xfb, 0xff, 0x03, 0xc8, 0xfb, 0xff, 0x03, 0xc8, 0xfb,
0xff, 0x03, 0xc8, 0xfb, 0xff, 0x03, 0xc8, 0xfb, 0xff, 0x03, 0xc8, 0xfb, 0xff, 0x03, 0xc8,
0xfb, 0xff, 0x03, 0xc8, 0xfb, 0xff, 0x03, 0xc8, 0xfb, 0xff, 0x03, 0xc8, 0xfb, 0xff, 0x03,
0xc8, 0xfb, 0xff, 0x03, 0xc8, 0xfb, 0xff, 0x03, 0xc8, 0xfb, 0xff, 0x03, 0xc8, 0xfb, 0xff,
0x03, 0xc8, 0xfb, 0xff, 0x03, 0xc8, 0xfb, 0xff, 0x03, 0xc8, 0xfb, 0xff, 0x03, 0xc8, 0xfb,
0xff, 0x03, 0xc8, 0xfb, 0xff, 0x55, 0xda, 0xfd, 0xff, 0xfe, 0xff, 0xff, 0xff, 0xfe, 0xff,
0xff, 0xff, 0xfe, 0xff, 0xff, 0xff, 0x73, 0xe1, 0xfd, 0xff, 0x03, 0xc8, 0xfb, 0xff, 0x4a,
0xd8, 0xfd, 0xff, 0xfe, 0xff, 0xff, 0xff, 0xf1, 0xfc, 0xff, 0xff, 0xaf, 0xee, 0xfe, 0xff,
0x69, 0xdf, 0xfd, 0xff, 0x24, 0xd0, 0xfc, 0xff, 0x03, 0xc8, 0xfb, 0xff, 0x03, 0xc8, 0xfb,
0xff, 0x03, 0xc8, 0xfb, 0xff, 0x03, 0xc8, 0xfb, 0xff, 0x03, 0xc8, 0xfb, 0xff, 0x03, 0xc8,
0xfb, 0xff, 0x03, 0xc8, 0xfb, 0xff, 0x03, 0xc8, 0xfb, 0xff, 0x03, 0xc8, 0xfb, 0xff, 0x03,
0xc8, 0xfb, 0xff, 0x03, 0xc8, 0xfb, 0xff, 0x03, 0xc8, 0xfb, 0xff, 0x03, 0xc8, 0xfb, 0xff,
0x03, 0xc8, 0xfb, 0xff, 0x03, 0xc8, 0xfb, 0xff, 0x03, 0xc8, 0xfb, 0xff, 0x8f, 0xe7, 0xfe,
0xff, 0xfe, 0xff, 0xff, 0xff, 0xfe, 0xff, 0xff, 0xff, 0xfe, 0xff, 0xff, 0xff, 0xfe, 0xff,
0xff, 0xff, 0xfe, 0xff, 0xff, 0xff, 0xfe, 0xff, 0xff, 0xff, 0xfe, 0xff, 0xff, 0xff, 0xfe,
0xff, 0xff, 0xff, 0xfe, 0xff, 0xff, 0xff, 0xfe, 0xff, 0xff, 0xff, 0xfe, 0xff, 0xff, 0xff,
0xfe, 0xff, 0xff, 0xff, 0xbe, 0xf1, 0xfe, 0xff, 0x13, 0xcc, 0xfc, 0xff, 0x03, 0xc8, 0xfb,
0xff, 0x03, 0xc8, 0xfb, 0xff, 0x03, 0xc8, 0xfb, 0xff, 0x03, 0xc8, 0xfb, 0xff, 0x03, 0xc8,
0xfb, 0xff, 0x03, 0xc8, 0xfb, 0xff, 0x03, 0xc8, 0xfb, 0xff, 0x03, 0xc8, 0xfb, 0xff, 0x03,
0xc8, 0xfb, 0xff, 0x03, 0xc8, 0xfb, 0xff, 0x03, 0xc8, 0xfb, 0xff, 0x03, 0xc8, 0xfb, 0xff,
0x03, 0xc8, 0xfb, 0xff, 0x03, 0xc8, 0xfb, 0xff, 0x03, 0xc8, 0xfb, 0xff, 0x03, 0xc8, 0xfb,
0xff, 0x0b, 0xca, 0xfc, 0xff, 0x3c, 0xd5, 0xfc, 0xff, 0x71, 0xe1, 0xfd, 0xff, 0xa8, 0xec,
0xfe, 0xff, 0xa3, 0xeb, 0xfe, 0xff, 0x03, 0xc8, 0xfb, 0xff, 0xda, 0xf7, 0xff, 0xff, 0xfe,
0xff, 0xff, 0xff, 0xfe, 0xff, 0xff, 0xff, 0xfe, 0xff, 0xff, 0xff, 0x12, 0xcc, 0xfc, 0xff,
0x03, 0xc8, 0xfb, 0xff, 0x03, 0xc8, 0xfb, 0xff, 0x03, 0xc8, 0xfb, 0xff, 0x03, 0xc8, 0xfb,
0xff, 0x03, 0xc8, 0xfb, 0xff, 0x03, 0xc8, 0xfb, 0xff, 0x03, 0xc8, 0xfb, 0xff, 0x03, 0xc8,
0xfb, 0xff, 0x03, 0xc8, 0xfb, 0xff, 0x03, 0xc8, 0xfb, 0xff, 0x03, 0xc8, 0xfb, 0xff, 0x03,
0xc8, 0xfb, 0xff, 0x03, 0xc8, 0xfb, 0xff, 0x03, 0xc8, 0xfb, 0xff, 0x03, 0xc8, 0xfb, 0xff,
0x03, 0xc8, 0xfb, 0xff, 0x03, 0xc8, 0xfb, 0xff, 0x03, 0xc8, 0xfb, 0xff, 0x03, 0xc8, 0xfb,
0xff, 0x03, 0xc8, 0xfb, 0xb6, 0xff, 0xff, 0xff, 0x00, 0xff, 0xff, 0xff, 0x00, 0xff, 0xff,
0xff, 0x00, 0xff, 0xff, 0xff, 0x00, 0xff, 0xff, 0xff, 0x00, 0xff, 0xff, 0xff, 0x00, 0xff,
0xff, 0xff, 0x00, 0xff, 0xff, 0xff, 0x00, 0xff, 0xff, 0xff, 0x00, 0xff, 0xff, 0xff, 0x00,
0xff, 0xff, 0xff, 0x00, 0xff, 0xff, 0xff, 0x00, 0xff, 0xff, 0xff, 0x00, 0xff, 0xff, 0xff,
0x00, 0xff, 0xff, 0xff, 0x00, 0xff, 0xff, 0xff, 0x00, 0xff, 0xff, 0xff, 0x00, 0xff, 0xff,
0xff, 0x00, 0x03, 0xc8, 0xfb, 0xf8, 0x03, 0xc8, 0xfb, 0xff, 0x03, 0xc8, 0xfb, 0xff, 0x03,
0xc8, 0xfb, 0xff, 0x03, 0xc8, 0xfb, 0xff, 0x03, 0xc8, 0xfb, 0xff, 0x03, 0xc8, 0xfb, 0xff,
0x03, 0xc8, 0xfb, 0xff, 0x03, 0xc8, 0xfb, 0xff, 0x03, 0xc8, 0xfb, 0xff, 0x03, 0xc8, 0xfb,
0xff, 0x03, 0xc8, 0xfb, 0xff, 0x03, 0xc8, 0xfb, 0xff, 0x03, 0xc8, 0xfb, 0xff, 0x03, 0xc8,
0xfb, 0xff, 0x03, 0xc8, 0xfb, 0xff, 0x03, 0xc8, 0xfb, 0xff, 0x03, 0xc8, 0xfb, 0xff, 0x03,
0xc8, 0xfb, 0xff, 0x03, 0xc8, 0xfb, 0xff, 0x77, 0xe2, 0xfd, 0xff, 0xfe, 0xff, 0xff, 0xff,
0xfe, 0xff, 0xff, 0xff, 0xfe, 0xff, 0xff, 0xff, 0x44, 0xd7, 0xfd, 0xff, 0x03, 0xc8, 0xfb,
0xff, 0x53, 0xda, 0xfd, 0xff, 0xfe, 0xff, 0xff, 0xff, 0xfe, 0xff, 0xff, 0xff, 0xfe, 0xff,
0xff, 0xff, 0xfe, 0xff, 0xff, 0xff, 0xfe, 0xff, 0xff, 0xff, 0xdb, 0xf8, 0xff, 0xff, 0x96,
0xe9, 0xfe, 0xff, 0x52, 0xda, 0xfd, 0xff, 0x10, 0xcb, 0xfc, 0xff, 0x03, 0xc8, 0xfb, 0xff,
0x03, 0xc8, 0xfb, 0xff, 0x03, 0xc8, 0xfb, 0xff, 0x03, 0xc8, 0xfb, 0xff, 0x03, 0xc8, 0xfb,
0xff, 0x03, 0xc8, 0xfb, 0xff, 0x03, 0xc8, 0xfb, 0xff, 0x03, 0xc8, 0xfb, 0xff, 0x03, 0xc8,
0xfb, 0xff, 0x03, 0xc8, 0xfb, 0xff, 0x03, 0xc8, 0xfb, 0xff, 0x77, 0xe2, 0xfd, 0xff, 0xfe,
0xff, 0xff, 0xff, 0xfe, 0xff, 0xff, 0xff, 0xfe, 0xff, 0xff, 0xff, 0xfe, 0xff, 0xff, 0xff,
0xfe, 0xff, 0xff, 0xff, 0xfe, 0xff, 0xff, 0xff, 0xfe, 0xff, 0xff, 0xff, 0xfe, 0xff, 0xff,
0xff, 0xfe, 0xff, 0xff, 0xff, 0xfe, 0xff, 0xff, 0xff, 0xfe, 0xff, 0xff, 0xff, 0xfe, 0xff,
0xff, 0xff, 0xfe, 0xff, 0xff, 0xff, 0xfe, 0xff, 0xff, 0xff, 0xc2, 0xf2, 0xff, 0xff, 0x08,
0xca, 0xfc, 0xff, 0x03, 0xc8, 0xfb, 0xff, 0x03, 0xc8, 0xfb, 0xff, 0x03, 0xc8, 0xfb, 0xff,
0x03, 0xc8, 0xfb, 0xff, 0x03, 0xc8, 0xfb, 0xff, 0x03, 0xc8, 0xfb, 0xff, 0x03, 0xc8, 0xfb,
0xff, 0x03, 0xc8, 0xfb, 0xff, 0x03, 0xc8, 0xfb, 0xff, 0x03, 0xc8, 0xfb, 0xff, 0x03, 0xc9,
0xfc, 0xff, 0x2a, 0xd1, 0xfc, 0xff, 0x61, 0xdd, 0xfd, 0xff, 0x96, 0xe9, 0xfe, 0xff, 0xcb,
0xf4, 0xff, 0xff, 0xfa, 0xfe, 0xff, 0xff, 0xfe, 0xff, 0xff, 0xff, 0xfe, 0xff, 0xff, 0xff,
0xfe, 0xff, 0xff, 0xff, 0xb8, 0xf0, 0xfe, 0xff, 0x03, 0xc8, 0xfb, 0xff, 0xac, 0xee, 0xfe,
0xff, 0xfe, 0xff, 0xff, 0xff, 0xfe, 0xff, 0xff, 0xff, 0xfe, 0xff, 0xff, 0xff, 0x3c, 0xd5,
0xfc, 0xff, 0x03, 0xc8, 0xfb, 0xff, 0x03, 0xc8, 0xfb, 0xff, 0x03, 0xc8, 0xfb, 0xff, 0x03,
0xc8, 0xfb, 0xff, 0x03, 0xc8, 0xfb, 0xff, 0x03, 0xc8, 0xfb, 0xff, 0x03, 0xc8, 0xfb, 0xff,
0x03, 0xc8, 0xfb, 0xff, 0x03, 0xc8, 0xfb, 0xff, 0x03, 0xc8, 0xfb, 0xff, 0x03, 0xc8, 0xfb,
0xff, 0x03, 0xc8, 0xfb, 0xff, 0x03, 0xc8, 0xfb, 0xff, 0x03, 0xc8, 0xfb, 0xff, 0x03, 0xc8,
0xfb, 0xff, 0x03, 0xc8, 0xfb, 0xff, 0x03, 0xc8, 0xfb, 0xff, 0x03, 0xc8, 0xfb, 0xff, 0x03,
0xc8, 0xfb, 0xff, 0x03, 0xc8, 0xfa, 0xcb, 0xff, 0xff, 0xff, 0x00, 0xff, 0xff, 0xff, 0x00,
0xff, 0xff, 0xff, 0x00, 0xff, 0xff, 0xff, 0x00, 0xff, 0xff, 0xff, 0x00, 0xff, 0xff, 0xff,
0x00, 0xff, 0xff, 0xff, 0x00, 0xff, 0xff, 0xff, 0x00, 0xff, 0xff, 0xff, 0x00, 0xff, 0xff,
0xff, 0x00, 0xff, 0xff, 0xff, 0x00, 0xff, 0xff, 0xff, 0x00, 0xff, 0xff, 0xff, 0x00, 0xff,
0xff, 0xff, 0x00, 0xff, 0xff, 0xff, 0x00, 0xff, 0xff, 0xff, 0x00, 0xff, 0xff, 0xff, 0x00,
0xff, 0xff, 0xff, 0x00, 0x03, 0xc8, 0xfb, 0xfe, 0x03, 0xc8, 0xfb, 0xff, 0x03, 0xc8, 0xfb,
0xff, 0x03, 0xc8, 0xfb, 0xff, 0x03, 0xc8, 0xfb, 0xff, 0x03, 0xc8, 0xfb, 0xff, 0x03, 0xc8,
0xfb, 0xff, 0x03, 0xc8, 0xfb, 0xff, 0x03, 0xc8, 0xfb, 0xff, 0x03, 0xc8, 0xfb, 0xff, 0x03,
0xc8, 0xfb, 0xff, 0x03, 0xc8, 0xfb, 0xff, 0x03, 0xc8, 0xfb, 0xff, 0x03, 0xc8, 0xfb, 0xff,
0x03, 0xc8, 0xfb, 0xff, 0x03, 0xc8, 0xfb, 0xff, 0x03, 0xc8, 0xfb, 0xff, 0x03, 0xc8, 0xfb,
0xff, 0x03, 0xc8, 0xfb, 0xff, 0x03, 0xc8, 0xfb, 0xff, 0x95, 0xe8, 0xfe, 0xff, 0xfe, 0xff,
0xff, 0xff, 0xfe, 0xff, 0xff, 0xff, 0xfe, 0xff, 0xff, 0xff, 0x1c, 0xce, 0xfc, 0xff, 0x03,
0xc8, 0xfb, 0xff, 0x5a, 0xdc, 0xfd, 0xff, 0xfe, 0xff, 0xff, 0xff, 0xfe, 0xff, 0xff, 0xff,
0xfe, 0xff, 0xff, 0xff, 0xfe, 0xff, 0xff, 0xff, 0xfe, 0xff, 0xff, 0xff, 0xfe, 0xff, 0xff,
0xff, 0xfe, 0xff, 0xff, 0xff, 0xfe, 0xff, 0xff, 0xff, 0xfb, 0xff, 0xff, 0xff, 0xc3, 0xf3,
0xff, 0xff, 0x7f, 0xe4, 0xfd, 0xff, 0x3a, 0xd4, 0xfc, 0xff, 0x05, 0xc9, 0xfc, 0xff, 0x03,
0xc8, 0xfb, 0xff, 0x03, 0xc8, 0xfb, 0xff, 0x03, 0xc8, 0xfb, 0xff, 0x03, 0xc8, 0xfb, 0xff,
0x03, 0xc8, 0xfb, 0xff, 0x03, 0xc8, 0xfb, 0xff, 0x36, 0xd4, 0xfc, 0xff, 0xfb, 0xff, 0xff,
0xff, 0xfe, 0xff, 0xff, 0xff, 0xfe, 0xff, 0xff, 0xff, 0xfe, 0xff, 0xff, 0xff, 0xfe, 0xff,
0xff, 0xff, 0xfe, 0xff, 0xff, 0xff, 0xfe, 0xff, 0xff, 0xff, 0xfe, 0xff, 0xff, 0xff, 0xfe,
0xff, 0xff, 0xff, 0xfe, 0xff, 0xff, 0xff, 0xfe, 0xff, 0xff, 0xff, 0xfe, 0xff, 0xff, 0xff,
0xfe, 0xff, 0xff, 0xff, 0xfe, 0xff, 0xff, 0xff, 0xfe, 0xff, 0xff, 0xff, 0xfe, 0xff, 0xff,
0xff, 0x75, 0xe1, 0xfd, 0xff, 0x03, 0xc8, 0xfb, 0xff, 0x03, 0xc8, 0xfb, 0xff, 0x03, 0xc8,
0xfb, 0xff, 0x03, 0xc8, 0xfb, 0xff, 0x03, 0xc8, 0xfb, 0xff, 0x03, 0xc8, 0xfb, 0xff, 0x1a,
0xcd, 0xfc, 0xff, 0x50, 0xd9, 0xfd, 0xff, 0x84, 0xe5, 0xfe, 0xff, 0xbb, 0xf1, 0xfe, 0xff,
0xf0, 0xfc, 0xff, 0xff, 0xfe, 0xff, 0xff, 0xff, 0xfe, 0xff, 0xff, 0xff, 0xfe, 0xff, 0xff,
0xff, 0xfe, 0xff, 0xff, 0xff, 0xfe, 0xff, 0xff, 0xff, 0xfe, 0xff, 0xff, 0xff, 0xfe, 0xff,
0xff, 0xff, 0xfe, 0xff, 0xff, 0xff, 0xaf, 0xee, 0xfe, 0xff, 0x03, 0xc8, 0xfb, 0xff, 0x7f,
0xe4, 0xfd, 0xff, 0xfe, 0xff, 0xff, 0xff, 0xfe, 0xff, 0xff, 0xff, 0xfe, 0xff, 0xff, 0xff,
0x61, 0xdd, 0xfd, 0xff, 0x03, 0xc8, 0xfb, 0xff, 0x03, 0xc8, 0xfb, 0xff, 0x03, 0xc8, 0xfb,
0xff, 0x03, 0xc8, 0xfb, 0xff, 0x03, 0xc8, 0xfb, 0xff, 0x03, 0xc8, 0xfb, 0xff, 0x03, 0xc8,
0xfb, 0xff, 0x03, 0xc8, 0xfb, 0xff, 0x03, 0xc8, 0xfb, 0xff, 0x03, 0xc8, 0xfb, 0xff, 0x03,
0xc8, 0xfb, 0xff, 0x03, 0xc8, 0xfb, 0xff, 0x03, 0xc8, 0xfb, 0xff, 0x03, 0xc8, 0xfb, 0xff,
0x03, 0xc8, 0xfb, 0xff, 0x03, 0xc8, 0xfb, 0xff, 0x03, 0xc8, 0xfb, 0xff, 0x03, 0xc8, 0xfb,
0xff, 0x03, 0xc8, 0xfb, 0xff, 0x03, 0xc8, 0xfb, 0xe0, 0xff, 0xff, 0xff, 0x00, 0xff, 0xff,
0xff, 0x00, 0xff, 0xff, 0xff, 0x00, 0xff, 0xff, 0xff, 0x00, 0xff, 0xff, 0xff, 0x00, 0xff,
0xff, 0xff, 0x00, 0xff, 0xff, 0xff, 0x00, 0xff, 0xff, 0xff, 0x00, 0xff, 0xff, 0xff, 0x00,
0xff, 0xff, 0xff, 0x00, 0xff, 0xff, 0xff, 0x00, 0xff, 0xff, 0xff, 0x00, 0xff, 0xff, 0xff,
0x00, 0xff, 0xff, 0xff, 0x00, 0xff, 0xff, 0xff, 0x00, 0xff, 0xff, 0xff, 0x00, 0xff, 0xff,
0xff, 0x00, 0xff, 0xff, 0xff, 0x00, 0x03, 0xc8, 0xfb, 0xff, 0x03, 0xc8, 0xfb, 0xff, 0x03,
0xc8, 0xfb, 0xff, 0x03, 0xc8, 0xfb, 0xff, 0x03, 0xc8, 0xfb, 0xff, 0x03, 0xc8, 0xfb, 0xff,
0x03, 0xc8, 0xfb, 0xff, 0x03, 0xc8, 0xfb, 0xff, 0x03, 0xc8, 0xfb, 0xff, 0x03, 0xc8, 0xfb,
0xff, 0x03, 0xc8, 0xfb, 0xff, 0x03, 0xc8, 0xfb, 0xff, 0x03, 0xc8, 0xfb, 0xff, 0x03, 0xc8,
0xfb, 0xff, 0x03, 0xc8, 0xfb, 0xff, 0x03, 0xc8, 0xfb, 0xff, 0x03, 0xc8, 0xfb, 0xff, 0x03,
0xc8, 0xfb, 0xff, 0x03, 0xc8, 0xfb, 0xff, 0x03, 0xc8, 0xfb, 0xff, 0xab, 0xed, 0xfe, 0xff,
0xfe, 0xff, 0xff, 0xff, 0xfe, 0xff, 0xff, 0xff, 0xf9, 0xfe, 0xff, 0xff, 0x04, 0xc9, 0xfc,
0xff, 0x03, 0xc8, 0xfb, 0xff, 0x63, 0xde, 0xfd, 0xff, 0xfe, 0xff, 0xff, 0xff, 0xfe, 0xff,
0xff, 0xff, 0xfe, 0xff, 0xff, 0xff, 0xfe, 0xff, 0xff, 0xff, 0xfe, 0xff, 0xff, 0xff, 0xfe,
0xff, 0xff, 0xff, 0xfe, 0xff, 0xff, 0xff, 0xfe, 0xff, 0xff, 0xff, 0xfe, 0xff, 0xff, 0xff,
0xfe, 0xff, 0xff, 0xff, 0xfe, 0xff, 0xff, 0xff, 0xfe, 0xff, 0xff, 0xff, 0xee, 0xfc, 0xff,
0xff, 0xab, 0xed, 0xfe, 0xff, 0x5b, 0xdc, 0xfd, 0xff, 0x03, 0xc8, 0xfb, 0xff, 0x03, 0xc8,
0xfb, 0xff, 0x03, 0xc8, 0xfb, 0xff, 0x03, 0xc8, 0xfb, 0xff, 0xc2, 0xf2, 0xff, 0xff, 0xfe,
0xff, 0xff, 0xff, 0xfe, 0xff, 0xff, 0xff, 0xfe, 0xff, 0xff, 0xff, 0xfe, 0xff, 0xff, 0xff,
0xfe, 0xff, 0xff, 0xff, 0xfe, 0xff, 0xff, 0xff, 0xfe, 0xff, 0xff, 0xff, 0xfe, 0xff, 0xff,
0xff, 0xfe, 0xff, 0xff, 0xff, 0xfe, 0xff, 0xff, 0xff, 0xfe, 0xff, 0xff, 0xff, 0xfe, 0xff,
0xff, 0xff, 0xfe, 0xff, 0xff, 0xff, 0xfe, 0xff, 0xff, 0xff, 0xfe, 0xff, 0xff, 0xff, 0xfe,
0xff, 0xff, 0xff, 0xe4, 0xfa, 0xff, 0xff, 0x04, 0xc9, 0xfc, 0xff, 0x03, 0xc8, 0xfb, 0xff,
0x03, 0xc8, 0xfb, 0xff, 0x03, 0xc8, 0xfb, 0xff, 0x88, 0xe6, 0xfe, 0xff, 0xdf, 0xf9, 0xff,
0xff, 0xfe, 0xff, 0xff, 0xff, 0xfe, 0xff, 0xff, 0xff, 0xfe, 0xff, 0xff, 0xff, 0xfe, 0xff,
0xff, 0xff, 0xfe, 0xff, 0xff, 0xff, 0xfe, 0xff, 0xff, 0xff, 0xfe, 0xff, 0xff, 0xff, 0xfe,
0xff, 0xff, 0xff, 0xfe, 0xff, 0xff, 0xff, 0xfe, 0xff, 0xff, 0xff, 0xfe, 0xff, 0xff, 0xff,
0xfe, 0xff, 0xff, 0xff, 0xfe, 0xff, 0xff, 0xff, 0xa8, 0xec, 0xfe, 0xff, 0x03, 0xc8, 0xfb,
0xff, 0x5c, 0xdc, 0xfd, 0xff, 0xfe, 0xff, 0xff, 0xff, 0xfe, 0xff, 0xff, 0xff, 0xfe, 0xff,
0xff, 0xff, 0x80, 0xe4, 0xfd, 0xff, 0x03, 0xc8, 0xfb, 0xff, 0x03, 0xc8, 0xfb, 0xff, 0x03,
0xc8, 0xfb, 0xff, 0x03, 0xc8, 0xfb, 0xff, 0x03, 0xc8, 0xfb, 0xff, 0x03, 0xc8, 0xfb, 0xff,
0x03, 0xc8, 0xfb, 0xff, 0x03, 0xc8, 0xfb, 0xff, 0x03, 0xc8, 0xfb, 0xff, 0x03, 0xc8, 0xfb,
0xff, 0x03, 0xc8, 0xfb, 0xff, 0x03, 0xc8, 0xfb, 0xff, 0x03, 0xc8, 0xfb, 0xff, 0x03, 0xc8,
0xfb, 0xff, 0x03, 0xc8, 0xfb, 0xff, 0x03, 0xc8, 0xfb, 0xff, 0x03, 0xc8, 0xfb, 0xff, 0x03,
0xc8, 0xfb, 0xff, 0x03, 0xc8, 0xfb, 0xff, 0x03, 0xc8, 0xfb, 0xee, 0xff, 0xff, 0xff, 0x00,
0xff, 0xff, 0xff, 0x00, 0xff, 0xff, 0xff, 0x00, 0xff, 0xff, 0xff, 0x00, 0xff, 0xff, 0xff,
0x00, 0xff, 0xff, 0xff, 0x00, 0xff, 0xff, 0xff, 0x00, 0xff, 0xff, 0xff, 0x00, 0xff, 0xff,
0xff, 0x00, 0xff, 0xff, 0xff, 0x00, 0xff, 0xff, 0xff, 0x00, 0xff, 0xff, 0xff, 0x00, 0xff,
0xff, 0xff, 0x00, 0xff, 0xff, 0xff, 0x00, 0xff, 0xff, 0xff, 0x00, 0xff, 0xff, 0xff, 0x00,
0xff, 0xff, 0xff, 0x00, 0xff, 0xff, 0xff, 0x00, 0x03, 0xc8, 0xfb, 0xff, 0x03, 0xc8, 0xfb,
0xff, 0x03, 0xc8, 0xfb, 0xff, 0x03, 0xc8, 0xfb, 0xff, 0x03, 0xc8, 0xfb, 0xff, 0x03, 0xc8,
0xfb, 0xff, 0x03, 0xc8, 0xfb, 0xff, 0x03, 0xc8, 0xfb, 0xff, 0x03, 0xc8, 0xfb, 0xff, 0x03,
0xc8, 0xfb, 0xff, 0x03, 0xc8, 0xfb, 0xff, 0x03, 0xc8, 0xfb, 0xff, 0x03, 0xc8, 0xfb, 0xff,
0x03, 0xc8, 0xfb, 0xff, 0x03, 0xc8, 0xfb, 0xff, 0x03, 0xc8, 0xfb, 0xff, 0x03, 0xc8, 0xfb,
0xff, 0x03, 0xc8, 0xfb, 0xff, 0x03, 0xc8, 0xfb, 0xff, 0x03, 0xc8, 0xfb, 0xff, 0xb9, 0xf0,
0xfe, 0xff, 0xfe, 0xff, 0xff, 0xff, 0xfe, 0xff, 0xff, 0xff, 0xe4, 0xfa, 0xff, 0xff, 0x03,
0xc8, 0xfb, 0xff, 0x03, 0xc8, 0xfb, 0xff, 0x6c, 0xdf, 0xfd, 0xff, 0xfe, 0xff, 0xff, 0xff,
0xfe, 0xff, 0xff, 0xff, 0xfe, 0xff, 0xff, 0xff, 0xfe, 0xff, 0xff, 0xff, 0xfe, 0xff, 0xff,
0xff, 0xfe, 0xff, 0xff, 0xff, 0xfe, 0xff, 0xff, 0xff, 0xfe, 0xff, 0xff, 0xff, 0xfe, 0xff,
0xff, 0xff, 0xfe, 0xff, 0xff, 0xff, 0xfe, 0xff, 0xff, 0xff, 0xfe, 0xff, 0xff, 0xff, 0xfe,
0xff, 0xff, 0xff, 0xfe, 0xff, 0xff, 0xff, 0xd7, 0xf7, 0xff, 0xff, 0x03, 0xc8, 0xfb, 0xff,
0x03, 0xc8, 0xfb, 0xff, 0x03, 0xc8, 0xfb, 0xff, 0x31, 0xd2, 0xfc, 0xff, 0xfe, 0xff, 0xff,
0xff, 0xfe, 0xff, 0xff, 0xff, 0xfe, 0xff, 0xff, 0xff, 0xfe, 0xff, 0xff, 0xff, 0xfe, 0xff,
0xff, 0xff, 0xfe, 0xff, 0xff, 0xff, 0xfe, 0xff, 0xff, 0xff, 0xfe, 0xff, 0xff, 0xff, 0xfe,
0xff, 0xff, 0xff, 0xfe, 0xff, 0xff, 0xff, 0xfe, 0xff, 0xff, 0xff, 0xfe, 0xff, 0xff, 0xff,
0xfe, 0xff, 0xff, 0xff, 0xfe, 0xff, 0xff, 0xff, 0xfe, 0xff, 0xff, 0xff, 0xfe, 0xff, 0xff,
0xff, 0xfe, 0xff, 0xff, 0xff, 0xfe, 0xff, 0xff, 0xff, 0x36, 0xd4, 0xfc, 0xff, 0x03, 0xc8,
0xfb, 0xff, 0x03, 0xc8, 0xfb, 0xff, 0x03, 0xc8, 0xfb, 0xff, 0xc7, 0xf3, 0xff, 0xff, 0xfe,
0xff, 0xff, 0xff, 0xfe, 0xff, 0xff, 0xff, 0xfe, 0xff, 0xff, 0xff, 0xfe, 0xff, 0xff, 0xff,
0xfe, 0xff, 0xff, 0xff, 0xfe, 0xff, 0xff, 0xff, 0xfe, 0xff, 0xff, 0xff, 0xfe, 0xff, 0xff,
0xff, 0xfe, 0xff, 0xff, 0xff, 0xfe, 0xff, 0xff, 0xff, 0xfe, 0xff, 0xff, 0xff, 0xfe, 0xff,
0xff, 0xff, 0xfe, 0xff, 0xff, 0xff, 0xfe, 0xff, 0xff, 0xff, 0xa0, 0xeb, 0xfe, 0xff, 0x03,
0xc8, 0xfb, 0xff, 0x45, 0xd7, 0xfd, 0xff, 0xfe, 0xff, 0xff, 0xff, 0xfe, 0xff, 0xff, 0xff,
0xfe, 0xff, 0xff, 0xff, 0x97, 0xe9, 0xfe, 0xff, 0x03, 0xc8, 0xfb, 0xff, 0x03, 0xc8, 0xfb,
0xff, 0x03, 0xc8, 0xfb, 0xff, 0x03, 0xc8, 0xfb, 0xff, 0x03, 0xc8, 0xfb, 0xff, 0x03, 0xc8,
0xfb, 0xff, 0x03, 0xc8, 0xfb, 0xff, 0x03, 0xc8, 0xfb, 0xff, 0x03, 0xc8, 0xfb, 0xff, 0x03,
0xc8, 0xfb, 0xff, 0x03, 0xc8, 0xfb, 0xff, 0x03, 0xc8, 0xfb, 0xff, 0x03, 0xc8, 0xfb, 0xff,
0x03, 0xc8, 0xfb, 0xff, 0x03, 0xc8, 0xfb, 0xff, 0x03, 0xc8, 0xfb, 0xff, 0x03, 0xc8, 0xfb,
0xff, 0x03, 0xc8, 0xfb, 0xff, 0x03, 0xc8, 0xfb, 0xff, 0x03, 0xc8, 0xfb, 0xf5, 0xff, 0xff,
0xff, 0x00, 0xff, 0xff, 0xff, 0x00, 0xff, 0xff, 0xff, 0x00, 0xff, 0xff, 0xff, 0x00, 0xff,
0xff, 0xff, 0x00, 0xff, 0xff, 0xff, 0x00, 0xff, 0xff, 0xff, 0x00, 0xff, 0xff, 0xff, 0x00,
0xff, 0xff, 0xff, 0x00, 0xff, 0xff, 0xff, 0x00, 0xff, 0xff, 0xff, 0x00, 0xff, 0xff, 0xff,
0x00, 0xff, 0xff, 0xff, 0x00, 0xff, 0xff, 0xff, 0x00, 0xff, 0xff, 0xff, 0x00, 0xff, 0xff,
0xff, 0x00, 0xff, 0xff, 0xff, 0x00, 0xff, 0xff, 0xff, 0x00, 0x03, 0xc8, 0xfb, 0xff, 0x03,
0xc8, 0xfb, 0xff, 0x03, 0xc8, 0xfb, 0xff, 0x03, 0xc8, 0xfb, 0xff, 0x03, 0xc8, 0xfb, 0xff,
0x03, 0xc8, 0xfb, 0xff, 0x03, 0xc8, 0xfb, 0xff, 0x03, 0xc8, 0xfb, 0xff, 0x03, 0xc8, 0xfb,
0xff, 0x03, 0xc8, 0xfb, 0xff, 0x03, 0xc8, 0xfb, 0xff, 0x03, 0xc8, 0xfb, 0xff, 0x03, 0xc8,
0xfb, 0xff, 0x03, 0xc8, 0xfb, 0xff, 0x03, 0xc8, 0xfb, 0xff, 0x03, 0xc8, 0xfb, 0xff, 0x03,
0xc8, 0xfb, 0xff, 0x03, 0xc8, 0xfb, 0xff, 0x03, 0xc8, 0xfb, 0xff, 0x03, 0xc8, 0xfb, 0xff,
0xc2, 0xf2, 0xff, 0xff, 0xfe, 0xff, 0xff, 0xff, 0xfe, 0xff, 0xff, 0xff, 0xd6, 0xf7, 0xff,
0xff, 0x03, 0xc8, 0xfb, 0xff, 0x03, 0xc8, 0xfb, 0xff, 0x75, 0xe1, 0xfd, 0xff, 0xfe, 0xff,
0xff, 0xff, 0xfe, 0xff, 0xff, 0xff, 0xfe, 0xff, 0xff, 0xff, 0xfe, 0xff, 0xff, 0xff, 0xfe,
0xff, 0xff, 0xff, 0xfe, 0xff, 0xff, 0xff, 0xfe, 0xff, 0xff, 0xff, 0xfe, 0xff, 0xff, 0xff,
0xfe, 0xff, 0xff, 0xff, 0xfe, 0xff, 0xff, 0xff, 0xfe, 0xff, 0xff, 0xff, 0xfe, 0xff, 0xff,
0xff, 0xfe, 0xff, 0xff, 0xff, 0xfe, 0xff, 0xff, 0xff, 0xd3, 0xf6, 0xff, 0xff, 0x03, 0xc8,
0xfb, 0xff, 0x03, 0xc8, 0xfb, 0xff, 0x03, 0xc8, 0xfb, 0xff, 0x78, 0xe2, 0xfd, 0xff, 0xfe,
0xff, 0xff, 0xff, 0xfe, 0xff, 0xff, 0xff, 0xfe, 0xff, 0xff, 0xff, 0xfe, 0xff, 0xff, 0xff,
0xfe, 0xff, 0xff, 0xff, 0xfe, 0xff, 0xff, 0xff, 0xfe, 0xff, 0xff, 0xff, 0xfe, 0xff, 0xff,
0xff, 0xfe, 0xff, 0xff, 0xff, 0xfe, 0xff, 0xff, 0xff, 0xfe, 0xff, 0xff, 0xff, 0xfe, 0xff,
0xff, 0xff, 0xfe, 0xff, 0xff, 0xff, 0xfe, 0xff, 0xff, 0xff, 0xfe, 0xff, 0xff, 0xff, 0xfe,
0xff, 0xff, 0xff, 0xfe, 0xff, 0xff, 0xff, 0xfe, 0xff, 0xff, 0xff, 0x6a, 0xdf, 0xfd, 0xff,
0x03, 0xc8, 0xfb, 0xff, 0x03, 0xc8, 0xfb, 0xff, 0x03, 0xc8, 0xfb, 0xff, 0xca, 0xf4, 0xff,
0xff, 0xfe, 0xff, 0xff, 0xff, 0xfe, 0xff, 0xff, 0xff, 0xfe, 0xff, 0xff, 0xff, 0xfe, 0xff,
0xff, 0xff, 0xfe, 0xff, 0xff, 0xff, 0xfe, 0xff, 0xff, 0xff, 0xfe, 0xff, 0xff, 0xff, 0xfe,
0xff, 0xff, 0xff, 0xfe, 0xff, 0xff, 0xff, 0xfe, 0xff, 0xff, 0xff, 0xfe, 0xff, 0xff, 0xff,
0xfe, 0xff, 0xff, 0xff, 0xfe, 0xff, 0xff, 0xff, 0xfe, 0xff, 0xff, 0xff, 0x97, 0xe9, 0xfe,
0xff, 0x03, 0xc8, 0xfb, 0xff, 0x2c, 0xd1, 0xfc, 0xff, 0xfe, 0xff, 0xff, 0xff, 0xfe, 0xff,
0xff, 0xff, 0xfe, 0xff, 0xff, 0xff, 0xaa, 0xed, 0xfe, 0xff, 0x03, 0xc8, 0xfb, 0xff, 0x03,
0xc8, 0xfb, 0xff, 0x03, 0xc8, 0xfb, 0xff, 0x03, 0xc8, 0xfb, 0xff, 0x03, 0xc8, 0xfb, 0xff,
0x03, 0xc8, 0xfb, 0xff, 0x03, 0xc8, 0xfb, 0xff, 0x03, 0xc8, 0xfb, 0xff, 0x03, 0xc8, 0xfb,
0xff, 0x03, 0xc8, 0xfb, 0xff, 0x03, 0xc8, 0xfb, 0xff, 0x03, 0xc8, 0xfb, 0xff, 0x03, 0xc8,
0xfb, 0xff, 0x03, 0xc8, 0xfb, 0xff, 0x03, 0xc8, 0xfb, 0xff, 0x03, 0xc8, 0xfb, 0xff, 0x03,
0xc8, 0xfb, 0xff, 0x03, 0xc8, 0xfb, 0xff, 0x03, 0xc8, 0xfb, 0xff, 0x03, 0xc8, 0xfb, 0xfc,
0xff, 0xff, 0xff, 0x00, 0xff, 0xff, 0xff, 0x00, 0xff, 0xff, 0xff, 0x00, 0xff, 0xff, 0xff,
0x00, 0xff, 0xff, 0xff, 0x00, 0xff, 0xff, 0xff, 0x00, 0xff, 0xff, 0xff, 0x00, 0xff, 0xff,
0xff, 0x00, 0xff, 0xff, 0xff, 0x00, 0xff, 0xff, 0xff, 0x00, 0xff, 0xff, 0xff, 0x00, 0xff,
0xff, 0xff, 0x00, 0xff, 0xff, 0xff, 0x00, 0xff, 0xff, 0xff, 0x00, 0xff, 0xff, 0xff, 0x00,
0xff, 0xff, 0xff, 0x00, 0xff, 0xff, 0xff, 0x00, 0xff, 0xff, 0xff, 0x00, 0x02, 0xc8, 0xfb,
0xfd, 0x03, 0xc8, 0xfb, 0xff, 0x03, 0xc8, 0xfb, 0xff, 0x03, 0xc8, 0xfb, 0xff, 0x03, 0xc8,
0xfb, 0xff, 0x03, 0xc8, 0xfb, 0xff, 0x03, 0xc8, 0xfb, 0xff, 0x03, 0xc8, 0xfb, 0xff, 0x03,
0xc8, 0xfb, 0xff, 0x03, 0xc8, 0xfb, 0xff, 0x03, 0xc8, 0xfb, 0xff, 0x03, 0xc8, 0xfb, 0xff,
0x03, 0xc8, 0xfb, 0xff, 0x03, 0xc8, 0xfb, 0xff, 0x03, 0xc8, 0xfb, 0xff, 0x03, 0xc8, 0xfb,
0xff, 0x03, 0xc8, 0xfb, 0xff, 0x03, 0xc8, 0xfb, 0xff, 0x03, 0xc8, 0xfb, 0xff, 0x03, 0xc8,
0xfb, 0xff, 0xc3, 0xf3, 0xff, 0xff, 0xfe, 0xff, 0xff, 0xff, 0xfe, 0xff, 0xff, 0xff, 0xd2,
0xf6, 0xff, 0xff, 0x03, 0xc8, 0xfb, 0xff, 0x03, 0xc8, 0xfb, 0xff, 0x7e, 0xe3, 0xfd, 0xff,
0xfe, 0xff, 0xff, 0xff, 0xfe, 0xff, 0xff, 0xff, 0xfe, 0xff, 0xff, 0xff, 0xfe, 0xff, 0xff,
0xff, 0xfe, 0xff, 0xff, 0xff, 0xfe, 0xff, 0xff, 0xff, 0xfe, 0xff, 0xff, 0xff, 0xfe, 0xff,
0xff, 0xff, 0xfe, 0xff, 0xff, 0xff, 0xfe, 0xff, 0xff, 0xff, 0xfe, 0xff, 0xff, 0xff, 0xfe,
0xff, 0xff, 0xff, 0xfe, 0xff, 0xff, 0xff, 0xfe, 0xff, 0xff, 0xff, 0xd0, 0xf5, 0xff, 0xff,
0x03, 0xc8, 0xfb, 0xff, 0x03, 0xc8, 0xfb, 0xff, 0x03, 0xc8, 0xfb, 0xff, 0x9f, 0xea, 0xfe,
0xff, 0xfe, 0xff, 0xff, 0xff, 0xfe, 0xff, 0xff, 0xff, 0xfe, 0xff, 0xff, 0xff, 0xfe, 0xff,
0xff, 0xff, 0xfe, 0xff, 0xff, 0xff, 0xfe, 0xff, 0xff, 0xff, 0xfe, 0xff, 0xff, 0xff, 0xfe,
0xff, 0xff, 0xff, 0xfe, 0xff, 0xff, 0xff, 0xfe, 0xff, 0xff, 0xff, 0xfe, 0xff, 0xff, 0xff,
0xfe, 0xff, 0xff, 0xff, 0xfe, 0xff, 0xff, 0xff, 0xfe, 0xff, 0xff, 0xff, 0xfe, 0xff, 0xff,
0xff, 0xfe, 0xff, 0xff, 0xff, 0xfe, 0xff, 0xff, 0xff, 0xfe, 0xff, 0xff, 0xff, 0x86, 0xe5,
0xfe, 0xff, 0x03, 0xc8, 0xfb, 0xff, 0x03, 0xc8, 0xfb, 0xff, 0x03, 0xc8, 0xfb, 0xff, 0xce,
0xf5, 0xff, 0xff, 0xfe, 0xff, 0xff, 0xff, 0xfe, 0xff, 0xff, 0xff, 0xfe, 0xff, 0xff, 0xff,
0xfe, 0xff, 0xff, 0xff, 0xfe, 0xff, 0xff, 0xff, 0xfe, 0xff, 0xff, 0xff, 0xfe, 0xff, 0xff,
0xff, 0xfe, 0xff, 0xff, 0xff, 0xfe, 0xff, 0xff, 0xff, 0xfe, 0xff, 0xff, 0xff, 0xfe, 0xff,
0xff, 0xff, 0xfe, 0xff, 0xff, 0xff, 0xfe, 0xff, 0xff, 0xff, 0xfe, 0xff, 0xff, 0xff, 0x8f,
0xe7, 0xfe, 0xff, 0x03, 0xc8, 0xfb, 0xff, 0x20, 0xcf, 0xfc, 0xff, 0xfe, 0xff, 0xff, 0xff,
0xfe, 0xff, 0xff, 0xff, 0xfe, 0xff, 0xff, 0xff, 0xb3, 0xef, 0xfe, 0xff, 0x03, 0xc8, 0xfb,
0xff, 0x03, 0xc8, 0xfb, 0xff, 0x03, 0xc8, 0xfb, 0xff, 0x03, 0xc8, 0xfb, 0xff, 0x03, 0xc8,
0xfb, 0xff, 0x03, 0xc8, 0xfb, 0xff, 0x03, 0xc8, 0xfb, 0xff, 0x03, 0xc8, 0xfb, 0xff, 0x03,
0xc8, 0xfb, 0xff, 0x03, 0xc8, 0xfb, 0xff, 0x03, 0xc8, 0xfb, 0xff, 0x03, 0xc8, 0xfb, 0xff,
0x03, 0xc8, 0xfb, 0xff, 0x03, 0xc8, 0xfb, 0xff, 0x03, 0xc8, 0xfb, 0xff, 0x03, 0xc8, 0xfb,
0xff, 0x03, 0xc8, 0xfb, 0xff, 0x03, 0xc8, 0xfb, 0xff, 0x03, 0xc8, 0xfb, 0xff, 0x03, 0xc8,
0xfb, 0xfb, 0xff, 0xff, 0xff, 0x00, 0xff, 0xff, 0xff, 0x00, 0xff, 0xff, 0xff, 0x00, 0xff,
0xff, 0xff, 0x00, 0xff, 0xff, 0xff, 0x00, 0xff, 0xff, 0xff, 0x00, 0xff, 0xff, 0xff, 0x00,
0xff, 0xff, 0xff, 0x00, 0xff, 0xff, 0xff, 0x00, 0xff, 0xff, 0xff, 0x00, 0xff, 0xff, 0xff,
0x00, 0xff, 0xff, 0xff, 0x00, 0xff, 0xff, 0xff, 0x00, 0xff, 0xff, 0xff, 0x00, 0xff, 0xff,
0xff, 0x00, 0xff, 0xff, 0xff, 0x00, 0xff, 0xff, 0xff, 0x00, 0xff, 0xff, 0xff, 0x00, 0x03,
0xc8, 0xfb, 0xfb, 0x03, 0xc8, 0xfb, 0xff, 0x03, 0xc8, 0xfb, 0xff, 0x03, 0xc8, 0xfb, 0xff,
0x03, 0xc8, 0xfb, 0xff, 0x03, 0xc8, 0xfb, 0xff, 0x03, 0xc8, 0xfb, 0xff, 0x03, 0xc8, 0xfb,
0xff, 0x03, 0xc8, 0xfb, 0xff, 0x03, 0xc8, 0xfb, 0xff, 0x03, 0xc8, 0xfb, 0xff, 0x03, 0xc8,
0xfb, 0xff, 0x03, 0xc8, 0xfb, 0xff, 0x03, 0xc8, 0xfb, 0xff, 0x03, 0xc8, 0xfb, 0xff, 0x03,
0xc8, 0xfb, 0xff, 0x03, 0xc8, 0xfb, 0xff, 0x03, 0xc8, 0xfb, 0xff, 0x03, 0xc8, 0xfb, 0xff,
0x03, 0xc8, 0xfb, 0xff, 0xbf, 0xf2, 0xfe, 0xff, 0xfe, 0xff, 0xff, 0xff, 0xfe, 0xff, 0xff,
0xff, 0xd3, 0xf6, 0xff, 0xff, 0x03, 0xc8, 0xfb, 0xff, 0x03, 0xc8, 0xfb, 0xff, 0x87, 0xe5,
0xfe, 0xff, 0xfe, 0xff, 0xff, 0xff, 0xfe, 0xff, 0xff, 0xff, 0xfe, 0xff, 0xff, 0xff, 0xfe,
0xff, 0xff, 0xff, 0xfe, 0xff, 0xff, 0xff, 0xfe, 0xff, 0xff, 0xff, 0xfe, 0xff, 0xff, 0xff,
0xfe, 0xff, 0xff, 0xff, 0xfe, 0xff, 0xff, 0xff, 0xfe, 0xff, 0xff, 0xff, 0xfe, 0xff, 0xff,
0xff, 0xfe, 0xff, 0xff, 0xff, 0xfe, 0xff, 0xff, 0xff, 0xfe, 0xff, 0xff, 0xff, 0xcc, 0xf4,
0xff, 0xff, 0x03, 0xc8, 0xfb, 0xff, 0x03, 0xc8, 0xfb, 0xff, 0x03, 0xc8, 0xfb, 0xff, 0xa5,
0xec, 0xfe, 0xff, 0xfe, 0xff, 0xff, 0xff, 0xfe, 0xff, 0xff, 0xff, 0xfe, 0xff, 0xff, 0xff,
0xfe, 0xff, 0xff, 0xff, 0xfe, 0xff, 0xff, 0xff, 0xfe, 0xff, 0xff, 0xff, 0xfe, 0xff, 0xff,
0xff, 0xfe, 0xff, 0xff, 0xff, 0xfe, 0xff, 0xff, 0xff, 0xfe, 0xff, 0xff, 0xff, 0xfe, 0xff,
0xff, 0xff, 0xfe, 0xff, 0xff, 0xff, 0xfe, 0xff, 0xff, 0xff, 0xfe, 0xff, 0xff, 0xff, 0xfe,
0xff, 0xff, 0xff, 0xfe, 0xff, 0xff, 0xff, 0xfe, 0xff, 0xff, 0xff, 0xfe, 0xff, 0xff, 0xff,
0x87, 0xe5, 0xfe, 0xff, 0x03, 0xc8, 0xfb, 0xff, 0x03, 0xc8, 0xfb, 0xff, 0x03, 0xc8, 0xfb,
0xff, 0xd2, 0xf6, 0xff, 0xff, 0xfe, 0xff, 0xff, 0xff, 0xfe, 0xff, 0xff, 0xff, 0xfe, 0xff,
0xff, 0xff, 0xfe, 0xff, 0xff, 0xff, 0xfe, 0xff, 0xff, 0xff, 0xfe, 0xff, 0xff, 0xff, 0xfe,
0xff, 0xff, 0xff, 0xfe, 0xff, 0xff, 0xff, 0xfe, 0xff, 0xff, 0xff, 0xfe, 0xff, 0xff, 0xff,
0xfe, 0xff, 0xff, 0xff, 0xfe, 0xff, 0xff, 0xff, 0xfe, 0xff, 0xff, 0xff, 0xfe, 0xff, 0xff,
0xff, 0x86, 0xe5, 0xfe, 0xff, 0x03, 0xc8, 0xfb, 0xff, 0x1d, 0xce, 0xfc, 0xff, 0xfe, 0xff,
0xff, 0xff, 0xfe, 0xff, 0xff, 0xff, 0xfe, 0xff, 0xff, 0xff, 0xb8, 0xf0, 0xfe, 0xff, 0x03,
0xc8, 0xfb, 0xff, 0x03, 0xc8, 0xfb, 0xff, 0x03, 0xc8, 0xfb, 0xff, 0x03, 0xc8, 0xfb, 0xff,
0x03, 0xc8, 0xfb, 0xff, 0x03, 0xc8, 0xfb, 0xff, 0x03, 0xc8, 0xfb, 0xff, 0x03, 0xc8, 0xfb,
0xff, 0x03, 0xc8, 0xfb, 0xff, 0x03, 0xc8, 0xfb, 0xff, 0x03, 0xc8, 0xfb, 0xff, 0x03, 0xc8,
0xfb, 0xff, 0x03, 0xc8, 0xfb, 0xff, 0x03, 0xc8, 0xfb, 0xff, 0x03, 0xc8, 0xfb, 0xff, 0x03,
0xc8, 0xfb, 0xff, 0x03, 0xc8, 0xfb, 0xff, 0x03, 0xc8, 0xfb, 0xff, 0x03, 0xc8, 0xfb, 0xff,
0x03, 0xc8, 0xfb, 0xf5, 0xff, 0xff, 0xff, 0x00, 0xff, 0xff, 0xff, 0x00, 0xff, 0xff, 0xff,
0x00, 0xff, 0xff, 0xff, 0x00, 0xff, 0xff, 0xff, 0x00, 0xff, 0xff, 0xff, 0x00, 0xff, 0xff,
0xff, 0x00, 0xff, 0xff, 0xff, 0x00, 0xff, 0xff, 0xff, 0x00, 0xff, 0xff, 0xff, 0x00, 0xff,
0xff, 0xff, 0x00, 0xff, 0xff, 0xff, 0x00, 0xff, 0xff, 0xff, 0x00, 0xff, 0xff, 0xff, 0x00,
0xff, 0xff, 0xff, 0x00, 0xff, 0xff, 0xff, 0x00, 0xff, 0xff, 0xff, 0x00, 0xff, 0xff, 0xff,
0x00, 0x03, 0xc8, 0xfb, 0xf9, 0x03, 0xc8, 0xfb, 0xff, 0x03, 0xc8, 0xfb, 0xff, 0x03, 0xc8,
0xfb, 0xff, 0x03, 0xc8, 0xfb, 0xff, 0x03, 0xc8, 0xfb, 0xff, 0x03, 0xc8, 0xfb, 0xff, 0x03,
0xc8, 0xfb, 0xff, 0x03, 0xc8, 0xfb, 0xff, 0x03, 0xc8, 0xfb, 0xff, 0x03, 0xc8, 0xfb, 0xff,
0x03, 0xc8, 0xfb, 0xff, 0x03, 0xc8, 0xfb, 0xff, 0x03, 0xc8, 0xfb, 0xff, 0x03, 0xc8, 0xfb,
0xff, 0x03, 0xc8, 0xfb, 0xff, 0x03, 0xc8, 0xfb, 0xff, 0x03, 0xc8, 0xfb, 0xff, 0x03, 0xc8,
0xfb, 0xff, 0x03, 0xc8, 0xfb, 0xff, 0xb4, 0xef, 0xfe, 0xff, 0xfe, 0xff, 0xff, 0xff, 0xfe,
0xff, 0xff, 0xff, 0xdf, 0xf9, 0xff, 0xff, 0x03, 0xc8, 0xfb, 0xff, 0x03, 0xc8, 0xfb, 0xff,
0x90, 0xe7, 0xfe, 0xff, 0xfe, 0xff, 0xff, 0xff, 0xfe, 0xff, 0xff, 0xff, 0xfe, 0xff, 0xff,
0xff, 0xfe, 0xff, 0xff, 0xff, 0xfe, 0xff, 0xff, 0xff, 0xfe, 0xff, 0xff, 0xff, 0xfe, 0xff,
0xff, 0xff, 0xfe, 0xff, 0xff, 0xff, 0xfe, 0xff, 0xff, 0xff, 0xfe, 0xff, 0xff, 0xff, 0xfe,
0xff, 0xff, 0xff, 0xfe, 0xff, 0xff, 0xff, 0xfe, 0xff, 0xff, 0xff, 0xfe, 0xff, 0xff, 0xff,
0xc8, 0xf4, 0xff, 0xff, 0x03, 0xc8, 0xfb, 0xff, 0x03, 0xc8, 0xfb, 0xff, 0x03, 0xc8, 0xfb,
0xff, 0x84, 0xe5, 0xfe, 0xff, 0xfe, 0xff, 0xff, 0xff, 0xfe, 0xff, 0xff, 0xff, 0xfe, 0xff,
0xff, 0xff, 0xfe, 0xff, 0xff, 0xff, 0xfe, 0xff, 0xff, 0xff, 0xfe, 0xff, 0xff, 0xff, 0xfe,
0xff, 0xff, 0xff, 0xfe, 0xff, 0xff, 0xff, 0xfe, 0xff, 0xff, 0xff, 0xfe, 0xff, 0xff, 0xff,
0xfe, 0xff, 0xff, 0xff, 0xfe, 0xff, 0xff, 0xff, 0xfe, 0xff, 0xff, 0xff, 0xfe, 0xff, 0xff,
0xff, 0xfe, 0xff, 0xff, 0xff, 0xfe, 0xff, 0xff, 0xff, 0xfe, 0xff, 0xff, 0xff, 0xfe, 0xff,
0xff, 0xff, 0x6b, 0xdf, 0xfd, 0xff, 0x03, 0xc8, 0xfb, 0xff, 0x03, 0xc8, 0xfb, 0xff, 0x03,
0xc8, 0xfb, 0xff, 0xd6, 0xf7, 0xff, 0xff, 0xfe, 0xff, 0xff, 0xff, 0xfe, 0xff, 0xff, 0xff,
0xfe, 0xff, 0xff, 0xff, 0xfe, 0xff, 0xff, 0xff, 0xfe, 0xff, 0xff, 0xff, 0xfe, 0xff, 0xff,
0xff, 0xfe, 0xff, 0xff, 0xff, 0xfe, 0xff, 0xff, 0xff, 0xfe, 0xff, 0xff, 0xff, 0xfe, 0xff,
0xff, 0xff, 0xfe, 0xff, 0xff, 0xff, 0xfe, 0xff, 0xff, 0xff, 0xfe, 0xff, 0xff, 0xff, 0xfe,
0xff, 0xff, 0xff, 0x7e, 0xe3, 0xfd, 0xff, 0x03, 0xc8, 0xfb, 0xff, 0x1b, 0xce, 0xfc, 0xff,
0xfe, 0xff, 0xff, 0xff, 0xfe, 0xff, 0xff, 0xff, 0xfe, 0xff, 0xff, 0xff, 0xb7, 0xf0, 0xfe,
0xff, 0x03, 0xc8, 0xfb, 0xff, 0x03, 0xc8, 0xfb, 0xff, 0x03, 0xc8, 0xfb, 0xff, 0x03, 0xc8,
0xfb, 0xff, 0x03, 0xc8, 0xfb, 0xff, 0x03, 0xc8, 0xfb, 0xff, 0x03, 0xc8, 0xfb, 0xff, 0x03,
0xc8, 0xfb, 0xff, 0x03, 0xc8, 0xfb, 0xff, 0x03, 0xc8, 0xfb, 0xff, 0x03, 0xc8, 0xfb, 0xff,
0x03, 0xc8, 0xfb, 0xff, 0x03, 0xc8, 0xfb, 0xff, 0x03, 0xc8, 0xfb, 0xff, 0x03, 0xc8, 0xfb,
0xff, 0x03, 0xc8, 0xfb, 0xff, 0x03, 0xc8, 0xfb, 0xff, 0x03, 0xc8, 0xfb, 0xff, 0x03, 0xc8,
0xfb, 0xff, 0x03, 0xc8, 0xfb, 0xef, 0xff, 0xff, 0xff, 0x00, 0xff, 0xff, 0xff, 0x00, 0xff,
0xff, 0xff, 0x00, 0xff, 0xff, 0xff, 0x00, 0xff, 0xff, 0xff, 0x00, 0xff, 0xff, 0xff, 0x00,
0xff, 0xff, 0xff, 0x00, 0xff, 0xff, 0xff, 0x00, 0xff, 0xff, 0xff, 0x00, 0xff, 0xff, 0xff,
0x00, 0xff, 0xff, 0xff, 0x00, 0xff, 0xff, 0xff, 0x00, 0xff, 0xff, 0xff, 0x00, 0xff, 0xff,
0xff, 0x00, 0xff, 0xff, 0xff, 0x00, 0xff, 0xff, 0xff, 0x00, 0xff, 0xff, 0xff, 0x00, 0xff,
0xff, 0xff, 0x00, 0x03, 0xc8, 0xfb, 0xf5, 0x03, 0xc8, 0xfb, 0xff, 0x03, 0xc8, 0xfb, 0xff,
0x03, 0xc8, 0xfb, 0xff, 0x03, 0xc8, 0xfb, 0xff, 0x03, 0xc8, 0xfb, 0xff, 0x03, 0xc8, 0xfb,
0xff, 0x03, 0xc8, 0xfb, 0xff, 0x03, 0xc8, 0xfb, 0xff, 0x03, 0xc8, 0xfb, 0xff, 0x03, 0xc8,
0xfb, 0xff, 0x03, 0xc8, 0xfb, 0xff, 0x03, 0xc8, 0xfb, 0xff, 0x03, 0xc8, 0xfb, 0xff, 0x03,
0xc8, 0xfb, 0xff, 0x03, 0xc8, 0xfb, 0xff, 0x03, 0xc8, 0xfb, 0xff, 0x03, 0xc8, 0xfb, 0xff,
0x03, 0xc8, 0xfb, 0xff, 0x03, 0xc8, 0xfb, 0xff, 0xa2, 0xeb, 0xfe, 0xff, 0xfe, 0xff, 0xff,
0xff, 0xfe, 0xff, 0xff, 0xff, 0xf1, 0xfc, 0xff, 0xff, 0x03, 0xc8, 0xfb, 0xff, 0x03, 0xc8,
0xfb, 0xff, 0x99, 0xe9, 0xfe, 0xff, 0xfe, 0xff, 0xff, 0xff, 0xfe, 0xff, 0xff, 0xff, 0xfe,
0xff, 0xff, 0xff, 0xfe, 0xff, 0xff, 0xff, 0xfe, 0xff, 0xff, 0xff, 0xfe, 0xff, 0xff, 0xff,
0xfe, 0xff, 0xff, 0xff, 0xfe, 0xff, 0xff, 0xff, 0xfe, 0xff, 0xff, 0xff, 0xfe, 0xff, 0xff,
0xff, 0xfe, 0xff, 0xff, 0xff, 0xfe, 0xff, 0xff, 0xff, 0xfe, 0xff, 0xff, 0xff, 0xfe, 0xff,
0xff, 0xff, 0xc5, 0xf3, 0xff, 0xff, 0x03, 0xc8, 0xfb, 0xff, 0x03, 0xc8, 0xfb, 0xff, 0x03,
0xc8, 0xfb, 0xff, 0x4a, 0xd8, 0xfd, 0xff, 0xfe, 0xff, 0xff, 0xff, 0xfe, 0xff, 0xff, 0xff,
0xfe, 0xff, 0xff, 0xff, 0xfe, 0xff, 0xff, 0xff, 0xfe, 0xff, 0xff, 0xff, 0xfe, 0xff, 0xff,
0xff, 0xfe, 0xff, 0xff, 0xff, 0xfe, 0xff, 0xff, 0xff, 0xfe, 0xff, 0xff, 0xff, 0xfe, 0xff,
0xff, 0xff, 0xfe, 0xff, 0xff, 0xff, 0xfe, 0xff, 0xff, 0xff, 0xfe, 0xff, 0xff, 0xff, 0xfe,
0xff, 0xff, 0xff, 0xfe, 0xff, 0xff, 0xff, 0xfe, 0xff, 0xff, 0xff, 0xfe, 0xff, 0xff, 0xff,
0xfe, 0xff, 0xff, 0xff, 0x33, 0xd3, 0xfc, 0xff, 0x03, 0xc8, 0xfb, 0xff, 0x03, 0xc8, 0xfb,
0xff, 0x03, 0xc8, 0xfb, 0xff, 0xd9, 0xf7, 0xff, 0xff, 0xfe, 0xff, 0xff, 0xff, 0xfe, 0xff,
0xff, 0xff, 0xfe, 0xff, 0xff, 0xff, 0xfe, 0xff, 0xff, 0xff, 0xfe, 0xff, 0xff, 0xff, 0xfe,
0xff, 0xff, 0xff, 0xfe, 0xff, 0xff, 0xff, 0xfe, 0xff, 0xff, 0xff, 0xfe, 0xff, 0xff, 0xff,
0xfe, 0xff, 0xff, 0xff, 0xfe, 0xff, 0xff, 0xff, 0xfe, 0xff, 0xff, 0xff, 0xfe, 0xff, 0xff,
0xff, 0xfe, 0xff, 0xff, 0xff, 0x76, 0xe2, 0xfd, 0xff, 0x03, 0xc8, 0xfb, 0xff, 0x26, 0xd0,
0xfc, 0xff, 0xfe, 0xff, 0xff, 0xff, 0xfe, 0xff, 0xff, 0xff, 0xfe, 0xff, 0xff, 0xff, 0xae,
0xee, 0xfe, 0xff, 0x03, 0xc8, 0xfb, 0xff, 0x03, 0xc8, 0xfb, 0xff, 0x03, 0xc8, 0xfb, 0xff,
0x03, 0xc8, 0xfb, 0xff, 0x03, 0xc8, 0xfb, 0xff, 0x03, 0xc8, 0xfb, 0xff, 0x03, 0xc8, 0xfb,
0xff, 0x03, 0xc8, 0xfb, 0xff, 0x03, 0xc8, 0xfb, 0xff, 0x03, 0xc8, 0xfb, 0xff, 0x03, 0xc8,
0xfb, 0xff, 0x03, 0xc8, 0xfb, 0xff, 0x03, 0xc8, 0xfb, 0xff, 0x03, 0xc8, 0xfb, 0xff, 0x03,
0xc8, 0xfb, 0xff, 0x03, 0xc8, 0xfb, 0xff, 0x03, 0xc8, 0xfb, 0xff, 0x03, 0xc8, 0xfb, 0xff,
0x03, 0xc8, 0xfb, 0xff, 0x03, 0xc8, 0xfb, 0xe3, 0xff, 0xff, 0xff, 0x00, 0xff, 0xff, 0xff,
0x00, 0xff, 0xff, 0xff, 0x00, 0xff, 0xff, 0xff, 0x00, 0xff, 0xff, 0xff, 0x00, 0xff, 0xff,
0xff, 0x00, 0xff, 0xff, 0xff, 0x00, 0xff, 0xff, 0xff, 0x00, 0xff, 0xff, 0xff, 0x00, 0xff,
0xff, 0xff, 0x00, 0xff, 0xff, 0xff, 0x00, 0xff, 0xff, 0xff, 0x00, 0xff, 0xff, 0xff, 0x00,
0xff, 0xff, 0xff, 0x00, 0xff, 0xff, 0xff, 0x00, 0xff, 0xff, 0xff, 0x00, 0xff, 0xff, 0xff,
0x00, 0xff, 0xff, 0xff, 0x00, 0x03, 0xc8, 0xfb, 0xec, 0x03, 0xc8, 0xfb, 0xff, 0x03, 0xc8,
0xfb, 0xff, 0x03, 0xc8, 0xfb, 0xff, 0x03, 0xc8, 0xfb, 0xff, 0x03, 0xc8, 0xfb, 0xff, 0x03,
0xc8, 0xfb, 0xff, 0x03, 0xc8, 0xfb, 0xff, 0x03, 0xc8, 0xfb, 0xff, 0x03, 0xc8, 0xfb, 0xff,
0x03, 0xc8, 0xfb, 0xff, 0x03, 0xc8, 0xfb, 0xff, 0x03, 0xc8, 0xfb, 0xff, 0x03, 0xc8, 0xfb,
0xff, 0x03, 0xc8, 0xfb, 0xff, 0x03, 0xc8, 0xfb, 0xff, 0x03, 0xc8, 0xfb, 0xff, 0x03, 0xc8,
0xfb, 0xff, 0x03, 0xc8, 0xfb, 0xff, 0x03, 0xc8, 0xfb, 0xff, 0x8a, 0xe6, 0xfe, 0xff, 0xfe,
0xff, 0xff, 0xff, 0xfe, 0xff, 0xff, 0xff, 0xfe, 0xff, 0xff, 0xff, 0x0e, 0xcb, 0xfc, 0xff,
0x03, 0xc8, 0xfb, 0xff, 0xa2, 0xeb, 0xfe, 0xff, 0xfe, 0xff, 0xff, 0xff, 0xfe, 0xff, 0xff,
0xff, 0xfe, 0xff, 0xff, 0xff, 0xfe, 0xff, 0xff, 0xff, 0xfe, 0xff, 0xff, 0xff, 0xfe, 0xff,
0xff, 0xff, 0xfe, 0xff, 0xff, 0xff, 0xfe, 0xff, 0xff, 0xff, 0xfe, 0xff, 0xff, 0xff, 0xfe,
0xff, 0xff, 0xff, 0xfe, 0xff, 0xff, 0xff, 0xfe, 0xff, 0xff, 0xff, 0xfe, 0xff, 0xff, 0xff,
0xdf, 0xf9, 0xff, 0xff, 0x86, 0xe5, 0xfe, 0xff, 0x03, 0xc8, 0xfb, 0xff, 0x03, 0xc8, 0xfb,
0xff, 0x03, 0xc8, 0xfb, 0xff, 0x06, 0xc9, 0xfc, 0xff, 0xe3, 0xf9, 0xff, 0xff, 0xfe, 0xff,
0xff, 0xff, 0xfe, 0xff, 0xff, 0xff, 0xfe, 0xff, 0xff, 0xff, 0xfe, 0xff, 0xff, 0xff, 0xfe,
0xff, 0xff, 0xff, 0xfe, 0xff, 0xff, 0xff, 0xfe, 0xff, 0xff, 0xff, 0xfe, 0xff, 0xff, 0xff,
0xfe, 0xff, 0xff, 0xff, 0xfe, 0xff, 0xff, 0xff, 0xfe, 0xff, 0xff, 0xff, 0xfe, 0xff, 0xff,
0xff, 0xfe, 0xff, 0xff, 0xff, 0xfe, 0xff, 0xff, 0xff, 0xfe, 0xff, 0xff, 0xff, 0xfe, 0xff,
0xff, 0xff, 0xd8, 0xf7, 0xff, 0xff, 0x03, 0xc9, 0xfc, 0xff, 0x03, 0xc8, 0xfb, 0xff, 0x03,
0xc8, 0xfb, 0xff, 0x03, 0xc8, 0xfb, 0xff, 0x5c, 0xdc, 0xfd, 0xff, 0xab, 0xed, 0xfe, 0xff,
0xee, 0xfc, 0xff, 0xff, 0xfe, 0xff, 0xff, 0xff, 0xfe, 0xff, 0xff, 0xff, 0xfe, 0xff, 0xff,
0xff, 0xfe, 0xff, 0xff, 0xff, 0xfe, 0xff, 0xff, 0xff, 0xfe, 0xff, 0xff, 0xff, 0xfe, 0xff,
0xff, 0xff, 0xfe, 0xff, 0xff, 0xff, 0xfe, 0xff, 0xff, 0xff, 0xfe, 0xff, 0xff, 0xff, 0xfe,
0xff, 0xff, 0xff, 0xfe, 0xff, 0xff, 0xff, 0x6d, 0xe0, 0xfd, 0xff, 0x03, 0xc8, 0xfb, 0xff,
0x38, 0xd4, 0xfc, 0xff, 0xfe, 0xff, 0xff, 0xff, 0xfe, 0xff, 0xff, 0xff, 0xfe, 0xff, 0xff,
0xff, 0xa1, 0xeb, 0xfe, 0xff, 0x03, 0xc8, 0xfb, 0xff, 0x03, 0xc8, 0xfb, 0xff, 0x03, 0xc8,
0xfb, 0xff, 0x03, 0xc8, 0xfb, 0xff, 0x03, 0xc8, 0xfb, 0xff, 0x03, 0xc8, 0xfb, 0xff, 0x03,
0xc8, 0xfb, 0xff, 0x03, 0xc8, 0xfb, 0xff, 0x03, 0xc8, 0xfb, 0xff, 0x03, 0xc8, 0xfb, 0xff,
0x03, 0xc8, 0xfb, 0xff, 0x03, 0xc8, 0xfb, 0xff, 0x03, 0xc8, 0xfb, 0xff, 0x03, 0xc8, 0xfb,
0xff, 0x03, 0xc8, 0xfb, 0xff, 0x03, 0xc8, 0xfb, 0xff, 0x03, 0xc8, 0xfb, 0xff, 0x03, 0xc8,
0xfb, 0xff, 0x03, 0xc8, 0xfb, 0xff, 0x03, 0xc8, 0xfb, 0xd1, 0xff, 0xff, 0xff, 0x00, 0xff,
0xff, 0xff, 0x00, 0xff, 0xff, 0xff, 0x00, 0xff, 0xff, 0xff, 0x00, 0xff, 0xff, 0xff, 0x00,
0xff, 0xff, 0xff, 0x00, 0xff, 0xff, 0xff, 0x00, 0xff, 0xff, 0xff, 0x00, 0xff, 0xff, 0xff,
0x00, 0xff, 0xff, 0xff, 0x00, 0xff, 0xff, 0xff, 0x00, 0xff, 0xff, 0xff, 0x00, 0xff, 0xff,
0xff, 0x00, 0xff, 0xff, 0xff, 0x00, 0xff, 0xff, 0xff, 0x00, 0xff, 0xff, 0xff, 0x00, 0xff,
0xff, 0xff, 0x00, 0xff, 0xff, 0xff, 0x00, 0x03, 0xc8, 0xfb, 0xe4, 0x03, 0xc8, 0xfb, 0xff,
0x03, 0xc8, 0xfb, 0xff, 0x03, 0xc8, 0xfb, 0xff, 0x03, 0xc8, 0xfb, 0xff, 0x03, 0xc8, 0xfb,
0xff, 0x03, 0xc8, 0xfb, 0xff, 0x03, 0xc8, 0xfb, 0xff, 0x03, 0xc8, 0xfb, 0xff, 0x03, 0xc8,
0xfb, 0xff, 0x03, 0xc8, 0xfb, 0xff, 0x03, 0xc8, 0xfb, 0xff, 0x03, 0xc8, 0xfb, 0xff, 0x03,
0xc8, 0xfb, 0xff, 0x03, 0xc8, 0xfb, 0xff, 0x03, 0xc8, 0xfb, 0xff, 0x03, 0xc8, 0xfb, 0xff,
0x03, 0xc8, 0xfb, 0xff, 0x03, 0xc8, 0xfb, 0xff, 0x03, 0xc8, 0xfb, 0xff, 0x6b, 0xdf, 0xfd,
0xff, 0xfe, 0xff, 0xff, 0xff, 0xfe, 0xff, 0xff, 0xff, 0xfe, 0xff, 0xff, 0xff, 0x31, 0xd2,
0xfc, 0xff, 0x03, 0xc8, 0xfb, 0xff, 0xab, 0xed, 0xfe, 0xff, 0xfe, 0xff, 0xff, 0xff, 0xfe,
0xff, 0xff, 0xff, 0xfe, 0xff, 0xff, 0xff, 0xfe, 0xff, 0xff, 0xff, 0xfe, 0xff, 0xff, 0xff,
0xfe, 0xff, 0xff, 0xff, 0xfe, 0xff, 0xff, 0xff, 0xfe, 0xff, 0xff, 0xff, 0xf0, 0xfc, 0xff,
0xff, 0xbb, 0xf1, 0xfe, 0xff, 0x84, 0xe5, 0xfe, 0xff, 0x50, 0xd9, 0xfd, 0xff, 0x1a, 0xcd,
0xfc, 0xff, 0x03, 0xc8, 0xfb, 0xff, 0x03, 0xc8, 0xfb, 0xff, 0x03, 0xc8, 0xfb, 0xff, 0x03,
0xc8, 0xfb, 0xff, 0x03, 0xc8, 0xfb, 0xff, 0x03, 0xc8, 0xfb, 0xff, 0x62, 0xdd, 0xfd, 0xff,
0xfe, 0xff, 0xff, 0xff, 0xfe, 0xff, 0xff, 0xff, 0xfe, 0xff, 0xff, 0xff, 0xfe, 0xff, 0xff,
0xff, 0xfe, 0xff, 0xff, 0xff, 0xfe, 0xff, 0xff, 0xff, 0xfe, 0xff, 0xff, 0xff, 0xfe, 0xff,
0xff, 0xff, 0xfe, 0xff, 0xff, 0xff, 0xfe, 0xff, 0xff, 0xff, 0xfe, 0xff, 0xff, 0xff, 0xfe,
0xff, 0xff, 0xff, 0xfe, 0xff, 0xff, 0xff, 0xfe, 0xff, 0xff, 0xff, 0xfe, 0xff, 0xff, 0xff,
0xfe, 0xff, 0xff, 0xff, 0x60, 0xdd, 0xfd, 0xff, 0x03, 0xc8, 0xfb, 0xff, 0x03, 0xc8, 0xfb,
0xff, 0x03, 0xc8, 0xfb, 0xff, 0x03, 0xc8, 0xfb, 0xff, 0x03, 0xc8, 0xfb, 0xff, 0x03, 0xc8,
0xfb, 0xff, 0x05, 0xc9, 0xfc, 0xff, 0x3a, 0xd4, 0xfc, 0xff, 0x7f, 0xe4, 0xfd, 0xff, 0xc3,
0xf3, 0xff, 0xff, 0xfb, 0xff, 0xff, 0xff, 0xfe, 0xff, 0xff, 0xff, 0xfe, 0xff, 0xff, 0xff,
0xfe, 0xff, 0xff, 0xff, 0xfe, 0xff, 0xff, 0xff, 0xfe, 0xff, 0xff, 0xff, 0xfe, 0xff, 0xff,
0xff, 0xfe, 0xff, 0xff, 0xff, 0xfe, 0xff, 0xff, 0xff, 0x65, 0xde, 0xfd, 0xff, 0x03, 0xc8,
0xfb, 0xff, 0x4c, 0xd8, 0xfd, 0xff, 0xfe, 0xff, 0xff, 0xff, 0xfe, 0xff, 0xff, 0xff, 0xfe,
0xff, 0xff, 0xff, 0x8b, 0xe6, 0xfe, 0xff, 0x03, 0xc8, 0xfb, 0xff, 0x03, 0xc8, 0xfb, 0xff,
0x03, 0xc8, 0xfb, 0xff, 0x03, 0xc8, 0xfb, 0xff, 0x03, 0xc8, 0xfb, 0xff, 0x03, 0xc8, 0xfb,
0xff, 0x03, 0xc8, 0xfb, 0xff, 0x03, 0xc8, 0xfb, 0xff, 0x03, 0xc8, 0xfb, 0xff, 0x03, 0xc8,
0xfb, 0xff, 0x03, 0xc8, 0xfb, 0xff, 0x03, 0xc8, 0xfb, 0xff, 0x03, 0xc8, 0xfb, 0xff, 0x03,
0xc8, 0xfb, 0xff, 0x03, 0xc8, 0xfb, 0xff, 0x03, 0xc8, 0xfb, 0xff, 0x03, 0xc8, 0xfb, 0xff,
0x03, 0xc8, 0xfb, 0xff, 0x03, 0xc8, 0xfb, 0xff, 0x03, 0xc7, 0xfb, 0xbe, 0xff, 0xff, 0xff,
0x00, 0xff, 0xff, 0xff, 0x00, 0xff, 0xff, 0xff, 0x00, 0xff, 0xff, 0xff, 0x00, 0xff, 0xff,
0xff, 0x00, 0xff, 0xff, 0xff, 0x00, 0xff, 0xff, 0xff, 0x00, 0xff, 0xff, 0xff, 0x00, 0xff,
0xff, 0xff, 0x00, 0xff, 0xff, 0xff, 0x00, 0xff, 0xff, 0xff, 0x00, 0xff, 0xff, 0xff, 0x00,
0xff, 0xff, 0xff, 0x00, 0xff, 0xff, 0xff, 0x00, 0xff, 0xff, 0xff, 0x00, 0xff, 0xff, 0xff,
0x00, 0xff, 0xff, 0xff, 0x00, 0xff, 0xff, 0xff, 0x00, 0x03, 0xc8, 0xfb, 0xd9, 0x03, 0xc8,
0xfb, 0xff, 0x03, 0xc8, 0xfb, 0xff, 0x03, 0xc8, 0xfb, 0xff, 0x03, 0xc8, 0xfb, 0xff, 0x03,
0xc8, 0xfb, 0xff, 0x03, 0xc8, 0xfb, 0xff, 0x03, 0xc8, 0xfb, 0xff, 0x03, 0xc8, 0xfb, 0xff,
0x03, 0xc8, 0xfb, 0xff, 0x03, 0xc8, 0xfb, 0xff, 0x03, 0xc8, 0xfb, 0xff, 0x03, 0xc8, 0xfb,
0xff, 0x03, 0xc8, 0xfb, 0xff, 0x03, 0xc8, 0xfb, 0xff, 0x03, 0xc8, 0xfb, 0xff, 0x03, 0xc8,
0xfb, 0xff, 0x03, 0xc8, 0xfb, 0xff, 0x03, 0xc8, 0xfb, 0xff, 0x03, 0xc8, 0xfb, 0xff, 0x46,
0xd7, 0xfd, 0xff, 0xfe, 0xff, 0xff, 0xff, 0xfe, 0xff, 0xff, 0xff, 0xfe, 0xff, 0xff, 0xff,
0x59, 0xdb, 0xfd, 0xff, 0x03, 0xc8, 0xfb, 0xff, 0xb3, 0xef, 0xfe, 0xff, 0xfe, 0xff, 0xff,
0xff, 0xfe, 0xff, 0xff, 0xff, 0xfe, 0xff, 0xff, 0xff, 0xfa, 0xfe, 0xff, 0xff, 0xcb, 0xf4,
0xff, 0xff, 0x96, 0xe9, 0xfe, 0xff, 0x61, 0xdd, 0xfd, 0xff, 0x2a, 0xd1, 0xfc, 0xff, 0x03,
0xc9, 0xfc, 0xff, 0x03, 0xc8, 0xfb, 0xff, 0x03, 0xc8, 0xfb, 0xff, 0x03, 0xc8, 0xfb, 0xff,
0x03, 0xc8, 0xfb, 0xff, 0x03, 0xc8, 0xfb, 0xff, 0x03, 0xc8, 0xfb, 0xff, 0x03, 0xc8, 0xfb,
0xff, 0x03, 0xc8, 0xfb, 0xff, 0x03, 0xc8, 0xfb, 0xff, 0x03, 0xc8, 0xfb, 0xff, 0x03, 0xc9,
0xfc, 0xff, 0xae, 0xee, 0xfe, 0xff, 0xfe, 0xff, 0xff, 0xff, 0xfe, 0xff, 0xff, 0xff, 0xfe,
0xff, 0xff, 0xff, 0xfe, 0xff, 0xff, 0xff, 0xfe, 0xff, 0xff, 0xff, 0xfe, 0xff, 0xff, 0xff,
0xfe, 0xff, 0xff, 0xff, 0xfe, 0xff, 0xff, 0xff, 0xfe, 0xff, 0xff, 0xff, 0xfe, 0xff, 0xff,
0xff, 0xfe, 0xff, 0xff, 0xff, 0xfe, 0xff, 0xff, 0xff, 0xfe, 0xff, 0xff, 0xff, 0xfe, 0xff,
0xff, 0xff, 0xba, 0xf1, 0xfe, 0xff, 0x03, 0xc9, 0xfc, 0xff, 0x03, 0xc8, 0xfb, 0xff, 0x03,
0xc8, 0xfb, 0xff, 0x03, 0xc8, 0xfb, 0xff, 0x03, 0xc8, 0xfb, 0xff, 0x03, 0xc8, 0xfb, 0xff,
0x03, 0xc8, 0xfb, 0xff, 0x03, 0xc8, 0xfb, 0xff, 0x03, 0xc8, 0xfb, 0xff, 0x03, 0xc8, 0xfb,
0xff, 0x03, 0xc8, 0xfb, 0xff, 0x10, 0xcb, 0xfc, 0xff, 0x50, 0xd9, 0xfd, 0xff, 0x94, 0xe8,
0xfe, 0xff, 0xd9, 0xf7, 0xff, 0xff, 0xfe, 0xff, 0xff, 0xff, 0xfe, 0xff, 0xff, 0xff, 0xfe,
0xff, 0xff, 0xff, 0xfe, 0xff, 0xff, 0xff, 0xfe, 0xff, 0xff, 0xff, 0x5c, 0xdc, 0xfd, 0xff,
0x03, 0xc8, 0xfb, 0xff, 0x6a, 0xdf, 0xfd, 0xff, 0xfe, 0xff, 0xff, 0xff, 0xfe, 0xff, 0xff,
0xff, 0xfe, 0xff, 0xff, 0xff, 0x6e, 0xe0, 0xfd, 0xff, 0x03, 0xc8, 0xfb, 0xff, 0x03, 0xc8,
0xfb, 0xff, 0x03, 0xc8, 0xfb, 0xff, 0x03, 0xc8, 0xfb, 0xff, 0x03, 0xc8, 0xfb, 0xff, 0x03,
0xc8, 0xfb, 0xff, 0x03, 0xc8, 0xfb, 0xff, 0x03, 0xc8, 0xfb, 0xff, 0x03, 0xc8, 0xfb, 0xff,
0x03, 0xc8, 0xfb, 0xff, 0x03, 0xc8, 0xfb, 0xff, 0x03, 0xc8, 0xfb, 0xff, 0x03, 0xc8, 0xfb,
0xff, 0x03, 0xc8, 0xfb, 0xff, 0x03, 0xc8, 0xfb, 0xff, 0x03, 0xc8, 0xfb, 0xff, 0x03, 0xc8,
0xfb, 0xff, 0x03, 0xc8, 0xfb, 0xff, 0x03, 0xc8, 0xfb, 0xff, 0x03, 0xc7, 0xfb, 0xa7, 0xff,
0xff, 0xff, 0x00, 0xff, 0xff, 0xff, 0x00, 0xff, 0xff, 0xff, 0x00, 0xff, 0xff, 0xff, 0x00,
0xff, 0xff, 0xff, 0x00, 0xff, 0xff, 0xff, 0x00, 0xff, 0xff, 0xff, 0x00, 0xff, 0xff, 0xff,
0x00, 0xff, 0xff, 0xff, 0x00, 0xff, 0xff, 0xff, 0x00, 0xff, 0xff, 0xff, 0x00, 0xff, 0xff,
0xff, 0x00, 0xff, 0xff, 0xff, 0x00, 0xff, 0xff, 0xff, 0x00, 0xff, 0xff, 0xff, 0x00, 0xff,
0xff, 0xff, 0x00, 0xff, 0xff, 0xff, 0x00, 0xff, 0xff, 0xff, 0x00, 0x03, 0xc8, 0xfa, 0xc6,
0x03, 0xc8, 0xfb, 0xff, 0x03, 0xc8, 0xfb, 0xff, 0x03, 0xc8, 0xfb, 0xff, 0x03, 0xc8, 0xfb,
0xff, 0x03, 0xc8, 0xfb, 0xff, 0x03, 0xc8, 0xfb, 0xff, 0x03, 0xc8, 0xfb, 0xff, 0x03, 0xc8,
0xfb, 0xff, 0x03, 0xc8, 0xfb, 0xff, 0x03, 0xc8, 0xfb, 0xff, 0x03, 0xc8, 0xfb, 0xff, 0x03,
0xc8, 0xfb, 0xff, 0x03, 0xc8, 0xfb, 0xff, 0x03, 0xc8, 0xfb, 0xff, 0x03, 0xc8, 0xfb, 0xff,
0x03, 0xc8, 0xfb, 0xff, 0x03, 0xc8, 0xfb, 0xff, 0x03, 0xc8, 0xfb, 0xff, 0x03, 0xc8, 0xfb,
0xff, 0x1a, 0xcd, 0xfc, 0xff, 0xfe, 0xff, 0xff, 0xff, 0xfe, 0xff, 0xff, 0xff, 0xfe, 0xff,
0xff, 0xff, 0x8c, 0xe6, 0xfe, 0xff, 0x03, 0xc8, 0xfb, 0xff, 0x9f, 0xea, 0xfe, 0xff, 0xa8,
0xec, 0xfe, 0xff, 0x71, 0xe1, 0xfd, 0xff, 0x3c, 0xd5, 0xfc, 0xff, 0x0b, 0xca, 0xfc, 0xff,
0x03, 0xc8, 0xfb, 0xff, 0x03, 0xc8, 0xfb, 0xff, 0x03, 0xc8, 0xfb, 0xff, 0x03, 0xc8, 0xfb,
0xff, 0x03, 0xc8, 0xfb, 0xff, 0x03, 0xc8, 0xfb, 0xff, 0x03, 0xc8, 0xfb, 0xff, 0x03, 0xc8,
0xfb, 0xff, 0x03, 0xc8, 0xfb, 0xff, 0x03, 0xc8, 0xfb, 0xff, 0x03, 0xc8, 0xfb, 0xff, 0x03,
0xc8, 0xfb, 0xff, 0x03, 0xc8, 0xfb, 0xff, 0x03, 0xc8, 0xfb, 0xff, 0x03, 0xc8, 0xfb, 0xff,
0x03, 0xc8, 0xfb, 0xff, 0x0e, 0xcb, 0xfc, 0xff, 0xbf, 0xf2, 0xfe, 0xff, 0xfe, 0xff, 0xff,
0xff, 0xfe, 0xff, 0xff, 0xff, 0xfe, 0xff, 0xff, 0xff, 0xfe, 0xff, 0xff, 0xff, 0xfe, 0xff,
0xff, 0xff, 0xfe, 0xff, 0xff, 0xff, 0xfe, 0xff, 0xff, 0xff, 0xfe, 0xff, 0xff, 0xff, 0xfe,
0xff, 0xff, 0xff, 0xfe, 0xff, 0xff, 0xff, 0xfe, 0xff, 0xff, 0xff, 0xfe, 0xff, 0xff, 0xff,
0xd1, 0xf6, 0xff, 0xff, 0x14, 0xcc, 0xfc, 0xff, 0x03, 0xc8, 0xfb, 0xff, 0x03, 0xc8, 0xfb,
0xff, 0x03, 0xc8, 0xfb, 0xff, 0x03, 0xc8, 0xfb, 0xff, 0x03, 0xc8, 0xfb, 0xff, 0x03, 0xc8,
0xfb, 0xff, 0x03, 0xc8, 0xfb, 0xff, 0x03, 0xc8, 0xfb, 0xff, 0x03, 0xc8, 0xfb, 0xff, 0x03,
0xc8, 0xfb, 0xff, 0x03, 0xc8, 0xfb, 0xff, 0x03, 0xc8, 0xfb, 0xff, 0x03, 0xc8, 0xfb, 0xff,
0x03, 0xc8, 0xfb, 0xff, 0x03, 0xc8, 0xfb, 0xff, 0x23, 0xcf, 0xfc, 0xff, 0x67, 0xde, 0xfd,
0xff, 0xab, 0xed, 0xfe, 0xff, 0xee, 0xfc, 0xff, 0xff, 0xfe, 0xff, 0xff, 0xff, 0x55, 0xda,
0xfd, 0xff, 0x03, 0xc8, 0xfb, 0xff, 0x91, 0xe7, 0xfe, 0xff, 0xfe, 0xff, 0xff, 0xff, 0xfe,
0xff, 0xff, 0xff, 0xfe, 0xff, 0xff, 0xff, 0x4d, 0xd9, 0xfd, 0xff, 0x03, 0xc8, 0xfb, 0xff,
0x03, 0xc8, 0xfb, 0xff, 0x03, 0xc8, 0xfb, 0xff, 0x03, 0xc8, 0xfb, 0xff, 0x03, 0xc8, 0xfb,
0xff, 0x03, 0xc8, 0xfb, 0xff, 0x03, 0xc8, 0xfb, 0xff, 0x03, 0xc8, 0xfb, 0xff, 0x03, 0xc8,
0xfb, 0xff, 0x03, 0xc8, 0xfb, 0xff, 0x03, 0xc8, 0xfb, 0xff, 0x03, 0xc8, 0xfb, 0xff, 0x03,
0xc8, 0xfb, 0xff, 0x03, 0xc8, 0xfb, 0xff, 0x03, 0xc8, 0xfb, 0xff, 0x03, 0xc8, 0xfb, 0xff,
0x03, 0xc8, 0xfb, 0xff, 0x03, 0xc8, 0xfb, 0xff, 0x03, 0xc8, 0xfb, 0xff, 0x03, 0xc7, 0xfa,
0x87, 0xff, 0xff, 0xff, 0x00, 0xff, 0xff, 0xff, 0x00, 0xff, 0xff, 0xff, 0x00, 0xff, 0xff,
0xff, 0x00, 0xff, 0xff, 0xff, 0x00, 0xff, 0xff, 0xff, 0x00, 0xff, 0xff, 0xff, 0x00, 0xff,
0xff, 0xff, 0x00, 0xff, 0xff, 0xff, 0x00, 0xff, 0xff, 0xff, 0x00, 0xff, 0xff, 0xff, 0x00,
0xff, 0xff, 0xff, 0x00, 0xff, 0xff, 0xff, 0x00, 0xff, 0xff, 0xff, 0x00, 0xff, 0xff, 0xff,
0x00, 0xff, 0xff, 0xff, 0x00, 0xff, 0xff, 0xff, 0x00, 0xff, 0xff, 0xff, 0x00, 0x03, 0xc8,
0xfb, 0xb2, 0x03, 0xc8, 0xfb, 0xff, 0x03, 0xc8, 0xfb, 0xff, 0x03, 0xc8, 0xfb, 0xff, 0x03,
0xc8, 0xfb, 0xff, 0x03, 0xc8, 0xfb, 0xff, 0x03, 0xc8, 0xfb, 0xff, 0x03, 0xc8, 0xfb, 0xff,
0x03, 0xc8, 0xfb, 0xff, 0x03, 0xc8, 0xfb, 0xff, 0x03, 0xc8, 0xfb, 0xff, 0x03, 0xc8, 0xfb,
0xff, 0x03, 0xc8, 0xfb, 0xff, 0x03, 0xc8, 0xfb, 0xff, 0x03, 0xc8, 0xfb, 0xff, 0x03, 0xc8,
0xfb, 0xff, 0x03, 0xc8, 0xfb, 0xff, 0x03, 0xc8, 0xfb, 0xff, 0x03, 0xc8, 0xfb, 0xff, 0x03,
0xc8, 0xfb, 0xff, 0x03, 0xc8, 0xfb, 0xff, 0xe3, 0xf9, 0xff, 0xff, 0xfe, 0xff, 0xff, 0xff,
0xfe, 0xff, 0xff, 0xff, 0xc3, 0xf3, 0xff, 0xff, 0x03, 0xc8, 0xfb, 0xff, 0x03, 0xc8, 0xfb,
0xff, 0x03, 0xc8, 0xfb, 0xff, 0x03, 0xc8, 0xfb, 0xff, 0x03, 0xc8, 0xfb, 0xff, 0x03, 0xc8,
0xfb, 0xff, 0x03, 0xc8, 0xfb, 0xff, 0x03, 0xc8, 0xfb, 0xff, 0x03, 0xc8, 0xfb, 0xff, 0x03,
0xc8, 0xfb, 0xff, 0x03, 0xc8, 0xfb, 0xff, 0x03, 0xc8, 0xfb, 0xff, 0x03, 0xc8, 0xfb, 0xff,
0x03, 0xc8, 0xfb, 0xff, 0x03, 0xc8, 0xfb, 0xff, 0x03, 0xc8, 0xfb, 0xff, 0x03, 0xc8, 0xfb,
0xff, 0x03, 0xc8, 0xfb, 0xff, 0x03, 0xc8, 0xfb, 0xff, 0x03, 0xc8, 0xfb, 0xff, 0x03, 0xc8,
0xfb, 0xff, 0x03, 0xc8, 0xfb, 0xff, 0x03, 0xc8, 0xfb, 0xff, 0x0b, 0xca, 0xfc, 0xff, 0x9c,
0xea, 0xfe, 0xff, 0xfe, 0xff, 0xff, 0xff, 0xfe, 0xff, 0xff, 0xff, 0xfe, 0xff, 0xff, 0xff,
0xfe, 0xff, 0xff, 0xff, 0xfe, 0xff, 0xff, 0xff, 0xfe, 0xff, 0xff, 0xff, 0xfe, 0xff, 0xff,
0xff, 0xfe, 0xff, 0xff, 0xff, 0xfe, 0xff, 0xff, 0xff, 0xfe, 0xff, 0xff, 0xff, 0xb7, 0xf0,
0xfe, 0xff, 0x13, 0xcc, 0xfc, 0xff, 0x03, 0xc8, 0xfb, 0xff, 0x03, 0xc8, 0xfb, 0xff, 0x03,
0xc8, 0xfb, 0xff, 0x03, 0xc8, 0xfb, 0xff, 0x03, 0xc8, 0xfb, 0xff, 0x03, 0xc8, 0xfb, 0xff,
0x03, 0xc8, 0xfb, 0xff, 0x03, 0xc8, 0xfb, 0xff, 0x03, 0xc8, 0xfb, 0xff, 0x03, 0xc8, 0xfb,
0xff, 0x03, 0xc8, 0xfb, 0xff, 0x03, 0xc8, 0xfb, 0xff, 0x03, 0xc8, 0xfb, 0xff, 0x03, 0xc8,
0xfb, 0xff, 0x03, 0xc8, 0xfb, 0xff, 0x03, 0xc8, 0xfb, 0xff, 0x03, 0xc8, 0xfb, 0xff, 0x03,
0xc8, 0xfb, 0xff, 0x03, 0xc8, 0xfb, 0xff, 0x05, 0xc9, 0xfc, 0xff, 0x3a, 0xd4, 0xfc, 0xff,
0x21, 0xcf, 0xfc, 0xff, 0x03, 0xc8, 0xfb, 0xff, 0xc0, 0xf2, 0xff, 0xff, 0xfe, 0xff, 0xff,
0xff, 0xfe, 0xff, 0xff, 0xff, 0xfe, 0xff, 0xff, 0xff, 0x21, 0xcf, 0xfc, 0xff, 0x03, 0xc8,
0xfb, 0xff, 0x03, 0xc8, 0xfb, 0xff, 0x03, 0xc8, 0xfb, 0xff, 0x03, 0xc8, 0xfb, 0xff, 0x03,
0xc8, 0xfb, 0xff, 0x03, 0xc8, 0xfb, 0xff, 0x03, 0xc8, 0xfb, 0xff, 0x03, 0xc8, 0xfb, 0xff,
0x03, 0xc8, 0xfb, 0xff, 0x03, 0xc8, 0xfb, 0xff, 0x03, 0xc8, 0xfb, 0xff, 0x03, 0xc8, 0xfb,
0xff, 0x03, 0xc8, 0xfb, 0xff, 0x03, 0xc8, 0xfb, 0xff, 0x03, 0xc8, 0xfb, 0xff, 0x03, 0xc8,
0xfb, 0xff, 0x03, 0xc8, 0xfb, 0xff, 0x03, 0xc8, 0xfb, 0xff, 0x03, 0xc8, 0xfb, 0xff, 0x01,
0xc7, 0xfb, 0x68, 0xff, 0xff, 0xff, 0x00, 0xff, 0xff, 0xff, 0x00, 0xff, 0xff, 0xff, 0x00,
0xff, 0xff, 0xff, 0x00, 0xff, 0xff, 0xff, 0x00, 0xff, 0xff, 0xff, 0x00, 0xff, 0xff, 0xff,
0x00, 0xff, 0xff, 0xff, 0x00, 0xff, 0xff, 0xff, 0x00, 0xff, 0xff, 0xff, 0x00, 0xff, 0xff,
0xff, 0x00, 0xff, 0xff, 0xff, 0x00, 0xff, 0xff, 0xff, 0x00, 0xff, 0xff, 0xff, 0x00, 0xff,
0xff, 0xff, 0x00, 0xff, 0xff, 0xff, 0x00, 0xff, 0xff, 0xff, 0x00, 0xff, 0xff, 0xff, 0x00,
0x03, 0xc7, 0xfb, 0x9a, 0x03, 0xc8, 0xfb, 0xff, 0x03, 0xc8, 0xfb, 0xff, 0x03, 0xc8, 0xfb,
0xff, 0x03, 0xc8, 0xfb, 0xff, 0x03, 0xc8, 0xfb, 0xff, 0x03, 0xc8, 0xfb, 0xff, 0x03, 0xc8,
0xfb, 0xff, 0x03, 0xc8, 0xfb, 0xff, 0x03, 0xc8, 0xfb, 0xff, 0x03, 0xc8, 0xfb, 0xff, 0x03,
0xc8, 0xfb, 0xff, 0x03, 0xc8, 0xfb, 0xff, 0x03, 0xc8, 0xfb, 0xff, 0x03, 0xc8, 0xfb, 0xff,
0x03, 0xc8, 0xfb, 0xff, 0x03, 0xc8, 0xfb, 0xff, 0x03, 0xc8, 0xfb, 0xff, 0x03, 0xc8, 0xfb,
0xff, 0x03, 0xc8, 0xfb, 0xff, 0x03, 0xc8, 0xfb, 0xff, 0xaa, 0xed, 0xfe, 0xff, 0xfe, 0xff,
0xff, 0xff, 0xfe, 0xff, 0xff, 0xff, 0xf9, 0xfe, 0xff, 0xff, 0x0e, 0xcb, 0xfc, 0xff, 0x03,
0xc8, 0xfb, 0xff, 0x03, 0xc8, 0xfb, 0xff, 0x03, 0xc8, 0xfb, 0xff, 0x03, 0xc8, 0xfb, 0xff,
0x03, 0xc8, 0xfb, 0xff, 0x03, 0xc8, 0xfb, 0xff, 0x03, 0xc8, 0xfb, 0xff, 0x03, 0xc8, 0xfb,
0xff, 0x03, 0xc8, 0xfb, 0xff, 0x03, 0xc8, 0xfb, 0xff, 0x03, 0xc8, 0xfb, 0xff, 0x03, 0xc8,
0xfb, 0xff, 0x03, 0xc8, 0xfb, 0xff, 0x03, 0xc8, 0xfb, 0xff, 0x03, 0xc8, 0xfb, 0xff, 0x03,
0xc8, 0xfb, 0xff, 0x03, 0xc8, 0xfb, 0xff, 0x03, 0xc8, 0xfb, 0xff, 0x03, 0xc8, 0xfb, 0xff,
0x03, 0xc8, 0xfb, 0xff, 0x03, 0xc8, 0xfb, 0xff, 0x03, 0xc8, 0xfb, 0xff, 0x03, 0xc8, 0xfb,
0xff, 0x03, 0xc8, 0xfb, 0xff, 0x42, 0xd6, 0xfc, 0xff, 0xbf, 0xf2, 0xfe, 0xff, 0xfe, 0xff,
0xff, 0xff, 0xfe, 0xff, 0xff, 0xff, 0xfe, 0xff, 0xff, 0xff, 0xfe, 0xff, 0xff, 0xff, 0xfe,
0xff, 0xff, 0xff, 0xfe, 0xff, 0xff, 0xff, 0xd4, 0xf6, 0xff, 0xff, 0x5a, 0xdc, 0xfd, 0xff,
0x03, 0xc9, 0xfc, 0xff, 0x03, 0xc8, 0xfb, 0xff, 0x03, 0xc8, 0xfb, 0xff, 0x03, 0xc8, 0xfb,
0xff, 0x03, 0xc8, 0xfb, 0xff, 0x03, 0xc8, 0xfb, 0xff, 0x03, 0xc8, 0xfb, 0xff, 0x03, 0xc8,
0xfb, 0xff, 0x03, 0xc8, 0xfb, 0xff, 0x03, 0xc8, 0xfb, 0xff, 0x03, 0xc8, 0xfb, 0xff, 0x03,
0xc8, 0xfb, 0xff, 0x03, 0xc8, 0xfb, 0xff, 0x03, 0xc8, 0xfb, 0xff, 0x03, 0xc8, 0xfb, 0xff,
0x03, 0xc8, 0xfb, 0xff, 0x03, 0xc8, 0xfb, 0xff, 0x03, 0xc8, 0xfb, 0xff, 0x03, 0xc8, 0xfb,
0xff, 0x03, 0xc8, 0xfb, 0xff, 0x03, 0xc8, 0xfb, 0xff, 0x03, 0xc8, 0xfb, 0xff, 0x03, 0xc8,
0xfb, 0xff, 0x03, 0xc8, 0xfb, 0xff, 0x07, 0xc9, 0xfc, 0xff, 0xf5, 0xfd, 0xff, 0xff, 0xfe,
0xff, 0xff, 0xff, 0xfe, 0xff, 0xff, 0xff, 0xec, 0xfb, 0xff, 0xff, 0x03, 0xc9, 0xfc, 0xff,
0x03, 0xc8, 0xfb, 0xff, 0x03, 0xc8, 0xfb, 0xff, 0x03, 0xc8, 0xfb, 0xff, 0x03, 0xc8, 0xfb,
0xff, 0x03, 0xc8, 0xfb, 0xff, 0x03, 0xc8, 0xfb, 0xff, 0x03, 0xc8, 0xfb, 0xff, 0x03, 0xc8,
0xfb, 0xff, 0x03, 0xc8, 0xfb, 0xff, 0x03, 0xc8, 0xfb, 0xff, 0x03, 0xc8, 0xfb, 0xff, 0x03,
0xc8, 0xfb, 0xff, 0x03, 0xc8, 0xfb, 0xff, 0x03, 0xc8, 0xfb, 0xff, 0x03, 0xc8, 0xfb, 0xff,
0x03, 0xc8, 0xfb, 0xff, 0x03, 0xc8, 0xfb, 0xff, 0x03, 0xc8, 0xfb, 0xff, 0x03, 0xc8, 0xfb,
0xff, 0x01, 0xc7, 0xf8, 0x44, 0xff, 0xff, 0xff, 0x00, 0xff, 0xff, 0xff, 0x00, 0xff, 0xff,
0xff, 0x00, 0xff, 0xff, 0xff, 0x00, 0xff, 0xff, 0xff, 0x00, 0xff, 0xff, 0xff, 0x00, 0xff,
0xff, 0xff, 0x00, 0xff, 0xff, 0xff, 0x00, 0xff, 0xff, 0xff, 0x00, 0xff, 0xff, 0xff, 0x00,
0xff, 0xff, 0xff, 0x00, 0xff, 0xff, 0xff, 0x00, 0xff, 0xff, 0xff, 0x00, 0xff, 0xff, 0xff,
0x00, 0xff, 0xff, 0xff, 0x00, 0xff, 0xff, 0xff, 0x00, 0xff, 0xff, 0xff, 0x00, 0xff, 0xff,
0xff, 0x00, 0x01, 0xc8, 0xfb, 0x76, 0x03, 0xc8, 0xfb, 0xff, 0x03, 0xc8, 0xfb, 0xff, 0x03,
0xc8, 0xfb, 0xff, 0x03, 0xc8, 0xfb, 0xff, 0x03, 0xc8, 0xfb, 0xff, 0x03, 0xc8, 0xfb, 0xff,
0x03, 0xc8, 0xfb, 0xff, 0x03, 0xc8, 0xfb, 0xff, 0x03, 0xc8, 0xfb, 0xff, 0x03, 0xc8, 0xfb,
0xff, 0x03, 0xc8, 0xfb, 0xff, 0x03, 0xc8, 0xfb, 0xff, 0x03, 0xc8, 0xfb, 0xff, 0x03, 0xc8,
0xfb, 0xff, 0x03, 0xc8, 0xfb, 0xff, 0x03, 0xc8, 0xfb, 0xff, 0x03, 0xc8, 0xfb, 0xff, 0x03,
0xc8, 0xfb, 0xff, 0x03, 0xc8, 0xfb, 0xff, 0x03, 0xc8, 0xfb, 0xff, 0x69, 0xdf, 0xfd, 0xff,
0xfe, 0xff, 0xff, 0xff, 0xfe, 0xff, 0xff, 0xff, 0xfe, 0xff, 0xff, 0xff, 0x55, 0xda, 0xfd,
0xff, 0x03, 0xc8, 0xfb, 0xff, 0x03, 0xc8, 0xfb, 0xff, 0x03, 0xc8, 0xfb, 0xff, 0x03, 0xc8,
0xfb, 0xff, 0x03, 0xc8, 0xfb, 0xff, 0x03, 0xc8, 0xfb, 0xff, 0x03, 0xc8, 0xfb, 0xff, 0x03,
0xc8, 0xfb, 0xff, 0x03, 0xc8, 0xfb, 0xff, 0x03, 0xc8, 0xfb, 0xff, 0x03, 0xc8, 0xfb, 0xff,
0x03, 0xc8, 0xfb, 0xff, 0x03, 0xc8, 0xfb, 0xff, 0x03, 0xc8, 0xfb, 0xff, 0x03, 0xc8, 0xfb,
0xff, 0x03, 0xc8, 0xfb, 0xff, 0x03, 0xc8, 0xfb, 0xff, 0x03, 0xc8, 0xfb, 0xff, 0x03, 0xc8,
0xfb, 0xff, 0x03, 0xc8, 0xfb, 0xff, 0x03, 0xc8, 0xfb, 0xff, 0x03, 0xc8, 0xfb, 0xff, 0x03,
0xc8, 0xfb, 0xff, 0x03, 0xc8, 0xfb, 0xff, 0x03, 0xc8, 0xfb, 0xff, 0x03, 0xc8, 0xfb, 0xff,
0x23, 0xcf, 0xfc, 0xff, 0x63, 0xde, 0xfd, 0xff, 0x83, 0xe4, 0xfe, 0xff, 0x84, 0xe5, 0xfe,
0xff, 0x67, 0xde, 0xfd, 0xff, 0x2f, 0xd2, 0xfc, 0xff, 0x03, 0xc8, 0xfb, 0xff, 0x03, 0xc8,
0xfb, 0xff, 0x03, 0xc8, 0xfb, 0xff, 0x03, 0xc8, 0xfb, 0xff, 0x03, 0xc8, 0xfb, 0xff, 0x16,
0xcd, 0xfc, 0xff, 0x1d, 0xce, 0xfc, 0xff, 0x03, 0xc8, 0xfb, 0xff, 0x03, 0xc8, 0xfb, 0xff,
0x03, 0xc8, 0xfb, 0xff, 0x03, 0xc8, 0xfb, 0xff, 0x03, 0xc8, 0xfb, 0xff, 0x03, 0xc8, 0xfb,
0xff, 0x03, 0xc8, 0xfb, 0xff, 0x03, 0xc8, 0xfb, 0xff, 0x03, 0xc8, 0xfb, 0xff, 0x03, 0xc8,
0xfb, 0xff, 0x03, 0xc8, 0xfb, 0xff, 0x03, 0xc8, 0xfb, 0xff, 0x03, 0xc8, 0xfb, 0xff, 0x03,
0xc8, 0xfb, 0xff, 0x03, 0xc8, 0xfb, 0xff, 0x03, 0xc8, 0xfb, 0xff, 0x03, 0xc8, 0xfb, 0xff,
0x03, 0xc8, 0xfb, 0xff, 0x03, 0xc8, 0xfb, 0xff, 0x3e, 0xd5, 0xfc, 0xff, 0xfe, 0xff, 0xff,
0xff, 0xfe, 0xff, 0xff, 0xff, 0xfe, 0xff, 0xff, 0xff, 0xb4, 0xef, 0xfe, 0xff, 0x03, 0xc8,
0xfb, 0xff, 0x03, 0xc8, 0xfb, 0xff, 0x03, 0xc8, 0xfb, 0xff, 0x03, 0xc8, 0xfb, 0xff, 0x03,
0xc8, 0xfb, 0xff, 0x03, 0xc8, 0xfb, 0xff, 0x03, 0xc8, 0xfb, 0xff, 0x03, 0xc8, 0xfb, 0xff,
0x03, 0xc8, 0xfb, 0xff, 0x03, 0xc8, 0xfb, 0xff, 0x03, 0xc8, 0xfb, 0xff, 0x03, 0xc8, 0xfb,
0xff, 0x03, 0xc8, 0xfb, 0xff, 0x03, 0xc8, 0xfb, 0xff, 0x03, 0xc8, 0xfb, 0xff, 0x03, 0xc8,
0xfb, 0xff, 0x03, 0xc8, 0xfb, 0xff, 0x03, 0xc8, 0xfb, 0xff, 0x03, 0xc8, 0xfb, 0xff, 0x03,
0xc8, 0xfb, 0xff, 0x01, 0xc8, 0xf4, 0x17, 0xff, 0xff, 0xff, 0x00, 0xff, 0xff, 0xff, 0x00,
0xff, 0xff, 0xff, 0x00, 0xff, 0xff, 0xff, 0x00, 0xff, 0xff, 0xff, 0x00, 0xff, 0xff, 0xff,
0x00, 0xff, 0xff, 0xff, 0x00, 0xff, 0xff, 0xff, 0x00, 0xff, 0xff, 0xff, 0x00, 0xff, 0xff,
0xff, 0x00, 0xff, 0xff, 0xff, 0x00, 0xff, 0xff, 0xff, 0x00, 0xff, 0xff, 0xff, 0x00, 0xff,
0xff, 0xff, 0x00, 0xff, 0xff, 0xff, 0x00, 0xff, 0xff, 0xff, 0x00, 0xff, 0xff, 0xff, 0x00,
0xff, 0xff, 0xff, 0x00, 0x01, 0xc6, 0xf9, 0x50, 0x03, 0xc8, 0xfb, 0xff, 0x03, 0xc8, 0xfb,
0xff, 0x03, 0xc8, 0xfb, 0xff, 0x03, 0xc8, 0xfb, 0xff, 0x03, 0xc8, 0xfb, 0xff, 0x03, 0xc8,
0xfb, 0xff, 0x03, 0xc8, 0xfb, 0xff, 0x03, 0xc8, 0xfb, 0xff, 0x03, 0xc8, 0xfb, 0xff, 0x03,
0xc8, 0xfb, 0xff, 0x03, 0xc8, 0xfb, 0xff, 0x03, 0xc8, 0xfb, 0xff, 0x03, 0xc8, 0xfb, 0xff,
0x03, 0xc8, 0xfb, 0xff, 0x03, 0xc8, 0xfb, 0xff, 0x03, 0xc8, 0xfb, 0xff, 0x03, 0xc8, 0xfb,
0xff, 0x03, 0xc8, 0xfb, 0xff, 0x03, 0xc8, 0xfb, 0xff, 0x03, 0xc8, 0xfb, 0xff, 0x21, 0xcf,
0xfc, 0xff, 0xfe, 0xff, 0xff, 0xff, 0xfe, 0xff, 0xff, 0xff, 0xfe, 0xff, 0xff, 0xff, 0xaa,
0xed, 0xfe, 0xff, 0x03, 0xc8, 0xfb, 0xff, 0x03, 0xc8, 0xfb, 0xff, 0x03, 0xc8, 0xfb, 0xff,
0x03, 0xc8, 0xfb, 0xff, 0x03, 0xc8, 0xfb, 0xff, 0x03, 0xc8, 0xfb, 0xff, 0x03, 0xc8, 0xfb,
0xff, 0x03, 0xc8, 0xfb, 0xff, 0x03, 0xc8, 0xfb, 0xff, 0x03, 0xc8, 0xfb, 0xff, 0x03, 0xc8,
0xfb, 0xff, 0x03, 0xc8, 0xfb, 0xff, 0x03, 0xc8, 0xfb, 0xff, 0x03, 0xc8, 0xfb, 0xff, 0x03,
0xc8, 0xfb, 0xff, 0x03, 0xc8, 0xfb, 0xff, 0x03, 0xc8, 0xfb, 0xff, 0x03, 0xc8, 0xfb, 0xff,
0x32, 0xd3, 0xfc, 0xff, 0xab, 0xed, 0xfe, 0xff, 0xb8, 0xf0, 0xfe, 0xff, 0x27, 0xd0, 0xfc,
0xff, 0x03, 0xc8, 0xfb, 0xff, 0x03, 0xc8, 0xfb, 0xff, 0x03, 0xc8, 0xfb, 0xff, 0x03, 0xc8,
0xfb, 0xff, 0x03, 0xc8, 0xfb, 0xff, 0x03, 0xc8, 0xfb, 0xff, 0x03, 0xc8, 0xfb, 0xff, 0x03,
0xc8, 0xfb, 0xff, 0x03, 0xc8, 0xfb, 0xff, 0x03, 0xc8, 0xfb, 0xff, 0x03, 0xc8, 0xfb, 0xff,
0x03, 0xc8, 0xfb, 0xff, 0x03, 0xc8, 0xfb, 0xff, 0x04, 0xc9, 0xfc, 0xff, 0x67, 0xde, 0xfd,
0xff, 0xec, 0xfb, 0xff, 0xff, 0xd9, 0xf7, 0xff, 0xff, 0x1a, 0xcd, 0xfc, 0xff, 0x03, 0xc8,
0xfb, 0xff, 0x03, 0xc8, 0xfb, 0xff, 0x03, 0xc8, 0xfb, 0xff, 0x03, 0xc8, 0xfb, 0xff, 0x03,
0xc8, 0xfb, 0xff, 0x03, 0xc8, 0xfb, 0xff, 0x03, 0xc8, 0xfb, 0xff, 0x03, 0xc8, 0xfb, 0xff,
0x03, 0xc8, 0xfb, 0xff, 0x03, 0xc8, 0xfb, 0xff, 0x03, 0xc8, 0xfb, 0xff, 0x03, 0xc8, 0xfb,
0xff, 0x03, 0xc8, 0xfb, 0xff, 0x03, 0xc8, 0xfb, 0xff, 0x03, 0xc8, 0xfb, 0xff, 0x03, 0xc8,
0xfb, 0xff, 0x03, 0xc8, 0xfb, 0xff, 0x03, 0xc8, 0xfb, 0xff, 0x87, 0xe5, 0xfe, 0xff, 0xfe,
0xff, 0xff, 0xff, 0xfe, 0xff, 0xff, 0xff, 0xfe, 0xff, 0xff, 0xff, 0x74, 0xe1, 0xfd, 0xff,
0x03, 0xc8, 0xfb, 0xff, 0x03, 0xc8, 0xfb, 0xff, 0x03, 0xc8, 0xfb, 0xff, 0x03, 0xc8, 0xfb,
0xff, 0x03, 0xc8, 0xfb, 0xff, 0x03, 0xc8, 0xfb, 0xff, 0x03, 0xc8, 0xfb, 0xff, 0x03, 0xc8,
0xfb, 0xff, 0x03, 0xc8, 0xfb, 0xff, 0x03, 0xc8, 0xfb, 0xff, 0x03, 0xc8, 0xfb, 0xff, 0x03,
0xc8, 0xfb, 0xff, 0x03, 0xc8, 0xfb, 0xff, 0x03, 0xc8, 0xfb, 0xff, 0x03, 0xc8, 0xfb, 0xff,
0x03, 0xc8, 0xfb, 0xff, 0x03, 0xc8, 0xfb, 0xff, 0x03, 0xc8, 0xfb, 0xff, 0x03, 0xc8, 0xfb,
0xff, 0x03, 0xc8, 0xfb, 0xea, 0xff, 0xff, 0xff, 0x00, 0xff, 0xff, 0xff, 0x00, 0xff, 0xff,
0xff, 0x00, 0xff, 0xff, 0xff, 0x00, 0xff, 0xff, 0xff, 0x00, 0xff, 0xff, 0xff, 0x00, 0xff,
0xff, 0xff, 0x00, 0xff, 0xff, 0xff, 0x00, 0xff, 0xff, 0xff, 0x00, 0xff, 0xff, 0xff, 0x00,
0xff, 0xff, 0xff, 0x00, 0xff, 0xff, 0xff, 0x00, 0xff, 0xff, 0xff, 0x00, 0xff, 0xff, 0xff,
0x00, 0xff, 0xff, 0xff, 0x00, 0xff, 0xff, 0xff, 0x00, 0xff, 0xff, 0xff, 0x00, 0xff, 0xff,
0xff, 0x00, 0xff, 0xff, 0xff, 0x00, 0x01, 0xc3, 0xf9, 0x26, 0x03, 0xc8, 0xfb, 0xff, 0x03,
0xc8, 0xfb, 0xff, 0x03, 0xc8, 0xfb, 0xff, 0x03, 0xc8, 0xfb, 0xff, 0x03, 0xc8, 0xfb, 0xff,
0x03, 0xc8, 0xfb, 0xff, 0x03, 0xc8, 0xfb, 0xff, 0x03, 0xc8, 0xfb, 0xff, 0x03, 0xc8, 0xfb,
0xff, 0x03, 0xc8, 0xfb, 0xff, 0x03, 0xc8, 0xfb, 0xff, 0x03, 0xc8, 0xfb, 0xff, 0x03, 0xc8,
0xfb, 0xff, 0x03, 0xc8, 0xfb, 0xff, 0x03, 0xc8, 0xfb, 0xff, 0x03, 0xc8, 0xfb, 0xff, 0x03,
0xc8, 0xfb, 0xff, 0x03, 0xc8, 0xfb, 0xff, 0x03, 0xc8, 0xfb, 0xff, 0x03, 0xc8, 0xfb, 0xff,
0x03, 0xc8, 0xfb, 0xff, 0xce, 0xf5, 0xff, 0xff, 0xfe, 0xff, 0xff, 0xff, 0xfe, 0xff, 0xff,
0xff, 0xf6, 0xfe, 0xff, 0xff, 0x14, 0xcc, 0xfc, 0xff, 0x03, 0xc8, 0xfb, 0xff, 0x03, 0xc8,
0xfb, 0xff, 0x03, 0xc8, 0xfb, 0xff, 0x03, 0xc8, 0xfb, 0xff, 0x03, 0xc8, 0xfb, 0xff, 0x03,
0xc8, 0xfb, 0xff, 0x03, 0xc8, 0xfb, 0xff, 0x03, 0xc8, 0xfb, 0xff, 0x03, 0xc8, 0xfb, 0xff,
0x03, 0xc8, 0xfb, 0xff, 0x03, 0xc8, 0xfb, 0xff, 0x03, 0xc8, 0xfb, 0xff, 0x03, 0xc8, 0xfb,
0xff, 0x03, 0xc8, 0xfb, 0xff, 0x03, 0xc8, 0xfb, 0xff, 0x0f, 0xcb, 0xfc, 0xff, 0x99, 0xe9,
0xfe, 0xff, 0xfd, 0xff, 0xff, 0xff, 0xfe, 0xff, 0xff, 0xff, 0xfe, 0xff, 0xff, 0xff, 0xf8,
0xfe, 0xff, 0xff, 0x82, 0xe4, 0xfe, 0xff, 0x0a, 0xca, 0xfc, 0xff, 0x03, 0xc8, 0xfb, 0xff,
0x03, 0xc8, 0xfb, 0xff, 0x03, 0xc8, 0xfb, 0xff, 0x03, 0xc8, 0xfb, 0xff, 0x03, 0xc8, 0xfb,
0xff, 0x03, 0xc8, 0xfb, 0xff, 0x03, 0xc8, 0xfb, 0xff, 0x03, 0xc8, 0xfb, 0xff, 0x03, 0xc8,
0xfb, 0xff, 0x03, 0xc8, 0xfb, 0xff, 0x32, 0xd3, 0xfc, 0xff, 0xc7, 0xf3, 0xff, 0xff, 0xfe,
0xff, 0xff, 0xff, 0xfe, 0xff, 0xff, 0xff, 0xfe, 0xff, 0xff, 0xff, 0xd4, 0xf6, 0xff, 0xff,
0x16, 0xcd, 0xfc, 0xff, 0x03, 0xc8, 0xfb, 0xff, 0x03, 0xc8, 0xfb, 0xff, 0x03, 0xc8, 0xfb,
0xff, 0x03, 0xc8, 0xfb, 0xff, 0x03, 0xc8, 0xfb, 0xff, 0x03, 0xc8, 0xfb, 0xff, 0x03, 0xc8,
0xfb, 0xff, 0x03, 0xc8, 0xfb, 0xff, 0x03, 0xc8, 0xfb, 0xff, 0x03, 0xc8, 0xfb, 0xff, 0x03,
0xc8, 0xfb, 0xff, 0x03, 0xc8, 0xfb, 0xff, 0x03, 0xc8, 0xfb, 0xff, 0x03, 0xc8, 0xfb, 0xff,
0x03, 0xc8, 0xfb, 0xff, 0x03, 0xc8, 0xfb, 0xff, 0x03, 0xc8, 0xfb, 0xff, 0xda, 0xf7, 0xff,
0xff, 0xfe, 0xff, 0xff, 0xff, 0xfe, 0xff, 0xff, 0xff, 0xfe, 0xff, 0xff, 0xff, 0x2e, 0xd2,
0xfc, 0xff, 0x03, 0xc8, 0xfb, 0xff, 0x03, 0xc8, 0xfb, 0xff, 0x03, 0xc8, 0xfb, 0xff, 0x03,
0xc8, 0xfb, 0xff, 0x03, 0xc8, 0xfb, 0xff, 0x03, 0xc8, 0xfb, 0xff, 0x03, 0xc8, 0xfb, 0xff,
0x03, 0xc8, 0xfb, 0xff, 0x03, 0xc8, 0xfb, 0xff, 0x03, 0xc8, 0xfb, 0xff, 0x03, 0xc8, 0xfb,
0xff, 0x03, 0xc8, 0xfb, 0xff, 0x03, 0xc8, 0xfb, 0xff, 0x03, 0xc8, 0xfb, 0xff, 0x03, 0xc8,
0xfb, 0xff, 0x03, 0xc8, 0xfb, 0xff, 0x03, 0xc8, 0xfb, 0xff, 0x03, 0xc8, 0xfb, 0xff, 0x03,
0xc8, 0xfb, 0xff, 0x03, 0xc8, 0xfb, 0xb8, 0xff, 0xff, 0xff, 0x00, 0xff, 0xff, 0xff, 0x00,
0xff, 0xff, 0xff, 0x00, 0xff, 0xff, 0xff, 0x00, 0xff, 0xff, 0xff, 0x00, 0xff, 0xff, 0xff,
0x00, 0xff, 0xff, 0xff, 0x00, 0xff, 0xff, 0xff, 0x00, 0xff, 0xff, 0xff, 0x00, 0xff, 0xff,
0xff, 0x00, 0xff, 0xff, 0xff, 0x00, 0xff, 0xff, 0xff, 0x00, 0xff, 0xff, 0xff, 0x00, 0xff,
0xff, 0xff, 0x00, 0xff, 0xff, 0xff, 0x00, 0xff, 0xff, 0xff, 0x00, 0xff, 0xff, 0xff, 0x00,
0xff, 0xff, 0xff, 0x00, 0xff, 0xff, 0xff, 0x00, 0x01, 0x01, 0x01, 0x01, 0x03, 0xc8, 0xfb,
0xee, 0x03, 0xc8, 0xfb, 0xff, 0x03, 0xc8, 0xfb, 0xff, 0x03, 0xc8, 0xfb, 0xff, 0x03, 0xc8,
0xfb, 0xff, 0x03, 0xc8, 0xfb, 0xff, 0x03, 0xc8, 0xfb, 0xff, 0x03, 0xc8, 0xfb, 0xff, 0x03,
0xc8, 0xfb, 0xff, 0x03, 0xc8, 0xfb, 0xff, 0x03, 0xc8, 0xfb, 0xff, 0x03, 0xc8, 0xfb, 0xff,
0x03, 0xc8, 0xfb, 0xff, 0x03, 0xc8, 0xfb, 0xff, 0x03, 0xc8, 0xfb, 0xff, 0x03, 0xc8, 0xfb,
0xff, 0x03, 0xc8, 0xfb, 0xff, 0x03, 0xc8, 0xfb, 0xff, 0x03, 0xc8, 0xfb, 0xff, 0x03, 0xc8,
0xfb, 0xff, 0x03, 0xc8, 0xfb, 0xff, 0x77, 0xe2, 0xfd, 0xff, 0xfe, 0xff, 0xff, 0xff, 0xfe,
0xff, 0xff, 0xff, 0xfe, 0xff, 0xff, 0xff, 0x75, 0xe1, 0xfd, 0xff, 0x03, 0xc8, 0xfb, 0xff,
0x03, 0xc8, 0xfb, 0xff, 0x03, 0xc8, 0xfb, 0xff, 0x03, 0xc8, 0xfb, 0xff, 0x03, 0xc8, 0xfb,
0xff, 0x03, 0xc8, 0xfb, 0xff, 0x03, 0xc8, 0xfb, 0xff, 0x03, 0xc8, 0xfb, 0xff, 0x03, 0xc8,
0xfb, 0xff, 0x03, 0xc8, 0xfb, 0xff, 0x03, 0xc8, 0xfb, 0xff, 0x03, 0xc8, 0xfb, 0xff, 0x03,
0xc8, 0xfb, 0xff, 0x03, 0xc8, 0xfb, 0xff, 0x29, 0xd1, 0xfc, 0xff, 0xd8, 0xf7, 0xff, 0xff,
0xfe, 0xff, 0xff, 0xff, 0xfe, 0xff, 0xff, 0xff, 0xfe, 0xff, 0xff, 0xff, 0xfe, 0xff, 0xff,
0xff, 0xfe, 0xff, 0xff, 0xff, 0xfe, 0xff, 0xff, 0xff, 0xdc, 0xf8, 0xff, 0xff, 0x4b, 0xd8,
0xfd, 0xff, 0x03, 0xc8, 0xfb, 0xff, 0x03, 0xc8, 0xfb, 0xff, 0x03, 0xc8, 0xfb, 0xff, 0x03,
0xc8, 0xfb, 0xff, 0x03, 0xc8, 0xfb, 0xff, 0x03, 0xc8, 0xfb, 0xff, 0x03, 0xc8, 0xfb, 0xff,
0x0e, 0xcb, 0xfc, 0xff, 0x8e, 0xe7, 0xfe, 0xff, 0xfb, 0xff, 0xff, 0xff, 0xfe, 0xff, 0xff,
0xff, 0xfe, 0xff, 0xff, 0xff, 0xfe, 0xff, 0xff, 0xff, 0xfe, 0xff, 0xff, 0xff, 0xfe, 0xff,
0xff, 0xff, 0xcd, 0xf5, 0xff, 0xff, 0x12, 0xcc, 0xfc, 0xff, 0x03, 0xc8, 0xfb, 0xff, 0x03,
0xc8, 0xfb, 0xff, 0x03, 0xc8, 0xfb, 0xff, 0x03, 0xc8, 0xfb, 0xff, 0x03, 0xc8, 0xfb, 0xff,
0x03, 0xc8, 0xfb, 0xff, 0x03, 0xc8, 0xfb, 0xff, 0x03, 0xc8, 0xfb, 0xff, 0x03, 0xc8, 0xfb,
0xff, 0x03, 0xc8, 0xfb, 0xff, 0x03, 0xc8, 0xfb, 0xff, 0x03, 0xc8, 0xfb, 0xff, 0x03, 0xc8,
0xfb, 0xff, 0x03, 0xc8, 0xfb, 0xff, 0x03, 0xc8, 0xfb, 0xff, 0x3c, 0xd5, 0xfc, 0xff, 0xfe,
0xff, 0xff, 0xff, 0xfe, 0xff, 0xff, 0xff, 0xfe, 0xff, 0xff, 0xff, 0xda, 0xf7, 0xff, 0xff,
0x03, 0xc8, 0xfb, 0xff, 0x03, 0xc8, 0xfb, 0xff, 0x03, 0xc8, 0xfb, 0xff, 0x03, 0xc8, 0xfb,
0xff, 0x03, 0xc8, 0xfb, 0xff, 0x03, 0xc8, 0xfb, 0xff, 0x03, 0xc8, 0xfb, 0xff, 0x03, 0xc8,
0xfb, 0xff, 0x03, 0xc8, 0xfb, 0xff, 0x03, 0xc8, 0xfb, 0xff, 0x03, 0xc8, 0xfb, 0xff, 0x03,
0xc8, 0xfb, 0xff, 0x03, 0xc8, 0xfb, 0xff, 0x03, 0xc8, 0xfb, 0xff, 0x03, 0xc8, 0xfb, 0xff,
0x03, 0xc8, 0xfb, 0xff, 0x03, 0xc8, 0xfb, 0xff, 0x03, 0xc8, 0xfb, 0xff, 0x03, 0xc8, 0xfb,
0xff, 0x03, 0xc8, 0xfb, 0xff, 0x01, 0xc7, 0xfb, 0x7e, 0xff, 0xff, 0xff, 0x00, 0xff, 0xff,
0xff, 0x00, 0xff, 0xff, 0xff, 0x00, 0xff, 0xff, 0xff, 0x00, 0xff, 0xff, 0xff, 0x00, 0xff,
0xff, 0xff, 0x00, 0xff, 0xff, 0xff, 0x00, 0xff, 0xff, 0xff, 0x00, 0xff, 0xff, 0xff, 0x00,
0xff, 0xff, 0xff, 0x00, 0xff, 0xff, 0xff, 0x00, 0xff, 0xff, 0xff, 0x00, 0xff, 0xff, 0xff,
0x00, 0xff, 0xff, 0xff, 0x00, 0xff, 0xff, 0xff, 0x00, 0xff, 0xff, 0xff, 0x00, 0xff, 0xff,
0xff, 0x00, 0xff, 0xff, 0xff, 0x00, 0xff, 0xff, 0xff, 0x00, 0xff, 0xff, 0xff, 0x00, 0x03,
0xc8, 0xfb, 0xb2, 0x03, 0xc8, 0xfb, 0xff, 0x03, 0xc8, 0xfb, 0xff, 0x03, 0xc8, 0xfb, 0xff,
0x03, 0xc8, 0xfb, 0xff, 0x03, 0xc8, 0xfb, 0xff, 0x03, 0xc8, 0xfb, 0xff, 0x03, 0xc8, 0xfb,
0xff, 0x03, 0xc8, 0xfb, 0xff, 0x03, 0xc8, 0xfb, 0xff, 0x03, 0xc8, 0xfb, 0xff, 0x03, 0xc8,
0xfb, 0xff, 0x03, 0xc8, 0xfb, 0xff, 0x03, 0xc8, 0xfb, 0xff, 0x03, 0xc8, 0xfb, 0xff, 0x03,
0xc8, 0xfb, 0xff, 0x03, 0xc8, 0xfb, 0xff, 0x03, 0xc8, 0xfb, 0xff, 0x03, 0xc8, 0xfb, 0xff,
0x03, 0xc8, 0xfb, 0xff, 0x03, 0xc8, 0xfb, 0xff, 0x1c, 0xce, 0xfc, 0xff, 0xfb, 0xff, 0xff,
0xff, 0xfe, 0xff, 0xff, 0xff, 0xfe, 0xff, 0xff, 0xff, 0xe4, 0xfa, 0xff, 0xff, 0x09, 0xca,
0xfc, 0xff, 0x03, 0xc8, 0xfb, 0xff, 0x03, 0xc8, 0xfb, 0xff, 0x03, 0xc8, 0xfb, 0xff, 0x03,
0xc8, 0xfb, 0xff, 0x03, 0xc8, 0xfb, 0xff, 0x03, 0xc8, 0xfb, 0xff, 0x03, 0xc8, 0xfb, 0xff,
0x03, 0xc8, 0xfb, 0xff, 0x03, 0xc8, 0xfb, 0xff, 0x03, 0xc8, 0xfb, 0xff, 0x03, 0xc8, 0xfb,
0xff, 0x03, 0xc8, 0xfb, 0xff, 0x3c, 0xd5, 0xfc, 0xff, 0xef, 0xfc, 0xff, 0xff, 0xfe, 0xff,
0xff, 0xff, 0xfe, 0xff, 0xff, 0xff, 0xfe, 0xff, 0xff, 0xff, 0xfe, 0xff, 0xff, 0xff, 0xfe,
0xff, 0xff, 0xff, 0xfe, 0xff, 0xff, 0xff, 0xfe, 0xff, 0xff, 0xff, 0xfe, 0xff, 0xff, 0xff,
0xfe, 0xff, 0xff, 0xff, 0x43, 0xd6, 0xfd, 0xff, 0x03, 0xc8, 0xfb, 0xff, 0x03, 0xc8, 0xfb,
0xff, 0x03, 0xc8, 0xfb, 0xff, 0x03, 0xc8, 0xfb, 0xff, 0x03, 0xc8, 0xfb, 0xff, 0x03, 0xc8,
0xfb, 0xff, 0x26, 0xd0, 0xfc, 0xff, 0xfe, 0xff, 0xff, 0xff, 0xfe, 0xff, 0xff, 0xff, 0xfe,
0xff, 0xff, 0xff, 0xfe, 0xff, 0xff, 0xff, 0xfe, 0xff, 0xff, 0xff, 0xfe, 0xff, 0xff, 0xff,
0xfe, 0xff, 0xff, 0xff, 0xfe, 0xff, 0xff, 0xff, 0xc5, 0xf3, 0xff, 0xff, 0x0e, 0xcb, 0xfc,
0xff, 0x03, 0xc8, 0xfb, 0xff, 0x03, 0xc8, 0xfb, 0xff, 0x03, 0xc8, 0xfb, 0xff, 0x03, 0xc8,
0xfb, 0xff, 0x03, 0xc8, 0xfb, 0xff, 0x03, 0xc8, 0xfb, 0xff, 0x03, 0xc8, 0xfb, 0xff, 0x03,
0xc8, 0xfb, 0xff, 0x03, 0xc8, 0xfb, 0xff, 0x03, 0xc8, 0xfb, 0xff, 0x03, 0xc8, 0xfb, 0xff,
0x03, 0xc8, 0xfb, 0xff, 0x03, 0xc8, 0xfb, 0xff, 0x03, 0xc8, 0xfb, 0xff, 0xa3, 0xeb, 0xfe,
0xff, 0xfe, 0xff, 0xff, 0xff, 0xfe, 0xff, 0xff, 0xff, 0xfe, 0xff, 0xff, 0xff, 0x81, 0xe4,
0xfe, 0xff, 0x03, 0xc8, 0xfb, 0xff, 0x03, 0xc8, 0xfb, 0xff, 0x03, 0xc8, 0xfb, 0xff, 0x03,
0xc8, 0xfb, 0xff, 0x03, 0xc8, 0xfb, 0xff, 0x03, 0xc8, 0xfb, 0xff, 0x03, 0xc8, 0xfb, 0xff,
0x03, 0xc8, 0xfb, 0xff, 0x03, 0xc8, 0xfb, 0xff, 0x03, 0xc8, 0xfb, 0xff, 0x03, 0xc8, 0xfb,
0xff, 0x03, 0xc8, 0xfb, 0xff, 0x03, 0xc8, 0xfb, 0xff, 0x03, 0xc8, 0xfb, 0xff, 0x03, 0xc8,
0xfb, 0xff, 0x03, 0xc8, 0xfb, 0xff, 0x03, 0xc8, 0xfb, 0xff, 0x03, 0xc8, 0xfb, 0xff, 0x03,
0xc8, 0xfb, 0xff, 0x03, 0xc8, 0xfb, 0xff, 0x01, 0xc7, 0xf8, 0x44, 0xff, 0xff, 0xff, 0x00,
0xff, 0xff, 0xff, 0x00, 0xff, 0xff, 0xff, 0x00, 0xff, 0xff, 0xff, 0x00, 0xff, 0xff, 0xff,
0x00, 0xff, 0xff, 0xff, 0x00, 0xff, 0xff, 0xff, 0x00, 0xff, 0xff, 0xff, 0x00, 0xff, 0xff,
0xff, 0x00, 0xff, 0xff, 0xff, 0x00, 0xff, 0xff, 0xff, 0x00, 0xff, 0xff, 0xff, 0x00, 0xff,
0xff, 0xff, 0x00, 0xff, 0xff, 0xff, 0x00, 0xff, 0xff, 0xff, 0x00, 0xff, 0xff, 0xff, 0x00,
0xff, 0xff, 0xff, 0x00, 0xff, 0xff, 0xff, 0x00, 0xff, 0xff, 0xff, 0x00, 0xff, 0xff, 0xff,
0x00, 0x01, 0xc8, 0xfb, 0x6e, 0x03, 0xc8, 0xfb, 0xff, 0x03, 0xc8, 0xfb, 0xff, 0x03, 0xc8,
0xfb, 0xff, 0x03, 0xc8, 0xfb, 0xff, 0x03, 0xc8, 0xfb, 0xff, 0x03, 0xc8, 0xfb, 0xff, 0x03,
0xc8, 0xfb, 0xff, 0x03, 0xc8, 0xfb, 0xff, 0x03, 0xc8, 0xfb, 0xff, 0x03, 0xc8, 0xfb, 0xff,
0x03, 0xc8, 0xfb, 0xff, 0x03, 0xc8, 0xfb, 0xff, 0x03, 0xc8, 0xfb, 0xff, 0x03, 0xc8, 0xfb,
0xff, 0x03, 0xc8, 0xfb, 0xff, 0x03, 0xc8, 0xfb, 0xff, 0x03, 0xc8, 0xfb, 0xff, 0x03, 0xc8,
0xfb, 0xff, 0x03, 0xc8, 0xfb, 0xff, 0x03, 0xc8, 0xfb, 0xff, 0x03, 0xc8, 0xfb, 0xff, 0xad,
0xee, 0xfe, 0xff, 0xfe, 0xff, 0xff, 0xff, 0xfe, 0xff, 0xff, 0xff, 0xfe, 0xff, 0xff, 0xff,
0x6f, 0xe0, 0xfd, 0xff, 0x03, 0xc8, 0xfb, 0xff, 0x03, 0xc8, 0xfb, 0xff, 0x03, 0xc8, 0xfb,
0xff, 0x03, 0xc8, 0xfb, 0xff, 0x03, 0xc8, 0xfb, 0xff, 0x03, 0xc8, 0xfb, 0xff, 0x03, 0xc8,
0xfb, 0xff, 0x03, 0xc8, 0xfb, 0xff, 0x03, 0xc8, 0xfb, 0xff, 0x03, 0xc8, 0xfb, 0xff, 0x03,
0xc8, 0xfb, 0xff, 0x40, 0xd6, 0xfc, 0xff, 0xf3, 0xfd, 0xff, 0xff, 0xfe, 0xff, 0xff, 0xff,
0xfe, 0xff, 0xff, 0xff, 0xfe, 0xff, 0xff, 0xff, 0xfe, 0xff, 0xff, 0xff, 0xfe, 0xff, 0xff,
0xff, 0xfe, 0xff, 0xff, 0xff, 0xfe, 0xff, 0xff, 0xff, 0xfe, 0xff, 0xff, 0xff, 0xfe, 0xff,
0xff, 0xff, 0xfa, 0xfe, 0xff, 0xff, 0x10, 0xcb, 0xfc, 0xff, 0x03, 0xc8, 0xfb, 0xff, 0x03,
0xc8, 0xfb, 0xff, 0x03, 0xc8, 0xfb, 0xff, 0x03, 0xc8, 0xfb, 0xff, 0x03, 0xc8, 0xfb, 0xff,
0x03, 0xc8, 0xfb, 0xff, 0x03, 0xc8, 0xfb, 0xff, 0xe2, 0xf9, 0xff, 0xff, 0xfe, 0xff, 0xff,
0xff, 0xfe, 0xff, 0xff, 0xff, 0xfe, 0xff, 0xff, 0xff, 0xfe, 0xff, 0xff, 0xff, 0xfe, 0xff,
0xff, 0xff, 0xfe, 0xff, 0xff, 0xff, 0xfe, 0xff, 0xff, 0xff, 0xfe, 0xff, 0xff, 0xff, 0xbe,
0xf1, 0xfe, 0xff, 0x0b, 0xca, 0xfc, 0xff, 0x03, 0xc8, 0xfb, 0xff, 0x03, 0xc8, 0xfb, 0xff,
0x03, 0xc8, 0xfb, 0xff, 0x03, 0xc8, 0xfb, 0xff, 0x03, 0xc8, 0xfb, 0xff, 0x03, 0xc8, 0xfb,
0xff, 0x03, 0xc8, 0xfb, 0xff, 0x03, 0xc8, 0xfb, 0xff, 0x03, 0xc8, 0xfb, 0xff, 0x03, 0xc8,
0xfb, 0xff, 0x03, 0xc8, 0xfb, 0xff, 0x03, 0xc8, 0xfb, 0xff, 0x1e, 0xce, 0xfc, 0xff, 0xf9,
0xfe, 0xff, 0xff, 0xfe, 0xff, 0xff, 0xff, 0xfe, 0xff, 0xff, 0xff, 0xfc, 0xff, 0xff, 0xff,
0x22, 0xcf, 0xfc, 0xff, 0x03, 0xc8, 0xfb, 0xff, 0x03, 0xc8, 0xfb, 0xff, 0x03, 0xc8, 0xfb,
0xff, 0x03, 0xc8, 0xfb, 0xff, 0x03, 0xc8, 0xfb, 0xff, 0x03, 0xc8, 0xfb, 0xff, 0x03, 0xc8,
0xfb, 0xff, 0x03, 0xc8, 0xfb, 0xff, 0x03, 0xc8, 0xfb, 0xff, 0x03, 0xc8, 0xfb, 0xff, 0x03,
0xc8, 0xfb, 0xff, 0x03, 0xc8, 0xfb, 0xff, 0x03, 0xc8, 0xfb, 0xff, 0x03, 0xc8, 0xfb, 0xff,
0x03, 0xc8, 0xfb, 0xff, 0x03, 0xc8, 0xfb, 0xff, 0x03, 0xc8, 0xfb, 0xff, 0x03, 0xc8, 0xfb,
0xff, 0x03, 0xc8, 0xfb, 0xff, 0x03, 0xc8, 0xfb, 0xf7, 0x01, 0xb3, 0xe6, 0x0a, 0xff, 0xff,
0xff, 0x00, 0xff, 0xff, 0xff, 0x00, 0xff, 0xff, 0xff, 0x00, 0xff, 0xff, 0xff, 0x00, 0xff,
0xff, 0xff, 0x00, 0xff, 0xff, 0xff, 0x00, 0xff, 0xff, 0xff, 0x00, 0xff, 0xff, 0xff, 0x00,
0xff, 0xff, 0xff, 0x00, 0xff, 0xff, 0xff, 0x00, 0xff, 0xff, 0xff, 0x00, 0xff, 0xff, 0xff,
0x00, 0xff, 0xff, 0xff, 0x00, 0xff, 0xff, 0xff, 0x00, 0xff, 0xff, 0xff, 0x00, 0xff, 0xff,
0xff, 0x00, 0xff, 0xff, 0xff, 0x00, 0xff, 0xff, 0xff, 0x00, 0xff, 0xff, 0xff, 0x00, 0xff,
0xff, 0xff, 0x00, 0x01, 0xc5, 0xf8, 0x23, 0x03, 0xc8, 0xfb, 0xff, 0x03, 0xc8, 0xfb, 0xff,
0x03, 0xc8, 0xfb, 0xff, 0x03, 0xc8, 0xfb, 0xff, 0x03, 0xc8, 0xfb, 0xff, 0x03, 0xc8, 0xfb,
0xff, 0x03, 0xc8, 0xfb, 0xff, 0x03, 0xc8, 0xfb, 0xff, 0x03, 0xc8, 0xfb, 0xff, 0x03, 0xc8,
0xfb, 0xff, 0x03, 0xc8, 0xfb, 0xff, 0x03, 0xc8, 0xfb, 0xff, 0x03, 0xc8, 0xfb, 0xff, 0x03,
0xc8, 0xfb, 0xff, 0x03, 0xc8, 0xfb, 0xff, 0x03, 0xc8, 0xfb, 0xff, 0x03, 0xc8, 0xfb, 0xff,
0x03, 0xc8, 0xfb, 0xff, 0x03, 0xc8, 0xfb, 0xff, 0x03, 0xc8, 0xfb, 0xff, 0x03, 0xc8, 0xfb,
0xff, 0x3e, 0xd5, 0xfc, 0xff, 0xfe, 0xff, 0xff, 0xff, 0xfe, 0xff, 0xff, 0xff, 0xfe, 0xff,
0xff, 0xff, 0xea, 0xfb, 0xff, 0xff, 0x12, 0xcc, 0xfc, 0xff, 0x03, 0xc8, 0xfb, 0xff, 0x03,
0xc8, 0xfb, 0xff, 0x03, 0xc8, 0xfb, 0xff, 0x03, 0xc8, 0xfb, 0xff, 0x03, 0xc8, 0xfb, 0xff,
0x03, 0xc8, 0xfb, 0xff, 0x03, 0xc8, 0xfb, 0xff, 0x03, 0xc8, 0xfb, 0xff, 0x03, 0xc8, 0xfb,
0xff, 0x3c, 0xd5, 0xfc, 0xff, 0xf3, 0xfd, 0xff, 0xff, 0xfe, 0xff, 0xff, 0xff, 0xfe, 0xff,
0xff, 0xff, 0xfe, 0xff, 0xff, 0xff, 0xfe, 0xff, 0xff, 0xff, 0xfe, 0xff, 0xff, 0xff, 0xfe,
0xff, 0xff, 0xff, 0xfe, 0xff, 0xff, 0xff, 0xfe, 0xff, 0xff, 0xff, 0xfe, 0xff, 0xff, 0xff,
0xfe, 0xff, 0xff, 0xff, 0xbe, 0xf1, 0xfe, 0xff, 0x03, 0xc8, 0xfb, 0xff, 0x03, 0xc8, 0xfb,
0xff, 0x03, 0xc8, 0xfb, 0xff, 0x03, 0xc8, 0xfb, 0xff, 0x03, 0xc8, 0xfb, 0xff, 0x03, 0xc8,
0xfb, 0xff, 0x03, 0xc8, 0xfb, 0xff, 0x03, 0xc8, 0xfb, 0xff, 0xa2, 0xeb, 0xfe, 0xff, 0xfe,
0xff, 0xff, 0xff, 0xfe, 0xff, 0xff, 0xff, 0xfe, 0xff, 0xff, 0xff, 0xfe, 0xff, 0xff, 0xff,
0xfe, 0xff, 0xff, 0xff, 0xfe, 0xff, 0xff, 0xff, 0xfe, 0xff, 0xff, 0xff, 0xfe, 0xff, 0xff,
0xff, 0xfe, 0xff, 0xff, 0xff, 0xb7, 0xf0, 0xfe, 0xff, 0x09, 0xca, 0xfc, 0xff, 0x03, 0xc8,
0xfb, 0xff, 0x03, 0xc8, 0xfb, 0xff, 0x03, 0xc8, 0xfb, 0xff, 0x03, 0xc8, 0xfb, 0xff, 0x03,
0xc8, 0xfb, 0xff, 0x03, 0xc8, 0xfb, 0xff, 0x03, 0xc8, 0xfb, 0xff, 0x03, 0xc8, 0xfb, 0xff,
0x03, 0xc8, 0xfb, 0xff, 0x03, 0xc8, 0xfb, 0xff, 0x03, 0xc8, 0xfb, 0xff, 0x97, 0xe9, 0xfe,
0xff, 0xfe, 0xff, 0xff, 0xff, 0xfe, 0xff, 0xff, 0xff, 0xfe, 0xff, 0xff, 0xff, 0xb1, 0xef,
0xfe, 0xff, 0x03, 0xc8, 0xfb, 0xff, 0x03, 0xc8, 0xfb, 0xff, 0x03, 0xc8, 0xfb, 0xff, 0x03,
0xc8, 0xfb, 0xff, 0x03, 0xc8, 0xfb, 0xff, 0x03, 0xc8, 0xfb, 0xff, 0x03, 0xc8, 0xfb, 0xff,
0x03, 0xc8, 0xfb, 0xff, 0x03, 0xc8, 0xfb, 0xff, 0x03, 0xc8, 0xfb, 0xff, 0x03, 0xc8, 0xfb,
0xff, 0x03, 0xc8, 0xfb, 0xff, 0x03, 0xc8, 0xfb, 0xff, 0x03, 0xc8, 0xfb, 0xff, 0x03, 0xc8,
0xfb, 0xff, 0x03, 0xc8, 0xfb, 0xff, 0x03, 0xc8, 0xfb, 0xff, 0x03, 0xc8, 0xfb, 0xff, 0x03,
0xc8, 0xfb, 0xff, 0x03, 0xc8, 0xfb, 0xff, 0x03, 0xc7, 0xfb, 0xb9, 0xff, 0xff, 0xff, 0x00,
0xff, 0xff, 0xff, 0x00, 0xff, 0xff, 0xff, 0x00, 0xff, 0xff, 0xff, 0x00, 0xff, 0xff, 0xff,
0x00, 0xff, 0xff, 0xff, 0x00, 0xff, 0xff, 0xff, 0x00, 0xff, 0xff, 0xff, 0x00, 0xff, 0xff,
0xff, 0x00, 0xff, 0xff, 0xff, 0x00, 0xff, 0xff, 0xff, 0x00, 0xff, 0xff, 0xff, 0x00, 0xff,
0xff, 0xff, 0x00, 0xff, 0xff, 0xff, 0x00, 0xff, 0xff, 0xff, 0x00, 0xff, 0xff, 0xff, 0x00,
0xff, 0xff, 0xff, 0x00, 0xff, 0xff, 0xff, 0x00, 0xff, 0xff, 0xff, 0x00, 0xff, 0xff, 0xff,
0x00, 0xff, 0xff, 0xff, 0x00, 0xff, 0xff, 0xff, 0x00, 0x03, 0xc8, 0xfb, 0xce, 0x03, 0xc8,
0xfb, 0xff, 0x03, 0xc8, 0xfb, 0xff, 0x03, 0xc8, 0xfb, 0xff, 0x03, 0xc8, 0xfb, 0xff, 0x03,
0xc8, 0xfb, 0xff, 0x03, 0xc8, 0xfb, 0xff, 0x03, 0xc8, 0xfb, 0xff, 0x03, 0xc8, 0xfb, 0xff,
0x03, 0xc8, 0xfb, 0xff, 0x03, 0xc8, 0xfb, 0xff, 0x03, 0xc8, 0xfb, 0xff, 0x03, 0xc8, 0xfb,
0xff, 0x03, 0xc8, 0xfb, 0xff, 0x03, 0xc8, 0xfb, 0xff, 0x03, 0xc8, 0xfb, 0xff, 0x03, 0xc8,
0xfb, 0xff, 0x03, 0xc8, 0xfb, 0xff, 0x03, 0xc8, 0xfb, 0xff, 0x03, 0xc8, 0xfb, 0xff, 0x03,
0xc8, 0xfb, 0xff, 0x03, 0xc8, 0xfb, 0xff, 0xc1, 0xf2, 0xff, 0xff, 0xfe, 0xff, 0xff, 0xff,
0xfe, 0xff, 0xff, 0xff, 0xfe, 0xff, 0xff, 0xff, 0x95, 0xe8, 0xfe, 0xff, 0x03, 0xc8, 0xfb,
0xff, 0x03, 0xc8, 0xfb, 0xff, 0x03, 0xc8, 0xfb, 0xff, 0x03, 0xc8, 0xfb, 0xff, 0x03, 0xc8,
0xfb, 0xff, 0x03, 0xc8, 0xfb, 0xff, 0x03, 0xc8, 0xfb, 0xff, 0x03, 0xc8, 0xfb, 0xff, 0x38,
0xd4, 0xfc, 0xff, 0xf0, 0xfc, 0xff, 0xff, 0xfe, 0xff, 0xff, 0xff, 0xfe, 0xff, 0xff, 0xff,
0xfe, 0xff, 0xff, 0xff, 0xfe, 0xff, 0xff, 0xff, 0xfe, 0xff, 0xff, 0xff, 0xfe, 0xff, 0xff,
0xff, 0xfe, 0xff, 0xff, 0xff, 0xfe, 0xff, 0xff, 0xff, 0xfe, 0xff, 0xff, 0xff, 0xfe, 0xff,
0xff, 0xff, 0xfe, 0xff, 0xff, 0xff, 0x76, 0xe2, 0xfd, 0xff, 0x03, 0xc8, 0xfb, 0xff, 0x03,
0xc8, 0xfb, 0xff, 0x03, 0xc8, 0xfb, 0xff, 0x03, 0xc8, 0xfb, 0xff, 0x03, 0xc8, 0xfb, 0xff,
0x03, 0xc8, 0xfb, 0xff, 0x03, 0xc8, 0xfb, 0xff, 0x03, 0xc8, 0xfb, 0xff, 0x61, 0xdd, 0xfd,
0xff, 0xfe, 0xff, 0xff, 0xff, 0xfe, 0xff, 0xff, 0xff, 0xfe, 0xff, 0xff, 0xff, 0xfe, 0xff,
0xff, 0xff, 0xfe, 0xff, 0xff, 0xff, 0xfe, 0xff, 0xff, 0xff, 0xfe, 0xff, 0xff, 0xff, 0xfe,
0xff, 0xff, 0xff, 0xfe, 0xff, 0xff, 0xff, 0xfe, 0xff, 0xff, 0xff, 0xae, 0xee, 0xfe, 0xff,
0x06, 0xc9, 0xfc, 0xff, 0x03, 0xc8, 0xfb, 0xff, 0x03, 0xc8, 0xfb, 0xff, 0x03, 0xc8, 0xfb,
0xff, 0x03, 0xc8, 0xfb, 0xff, 0x03, 0xc8, 0xfb, 0xff, 0x03, 0xc8, 0xfb, 0xff, 0x03, 0xc8,
0xfb, 0xff, 0x03, 0xc8, 0xfb, 0xff, 0x03, 0xc8, 0xfb, 0xff, 0x2b, 0xd1, 0xfc, 0xff, 0xfa,
0xfe, 0xff, 0xff, 0xfe, 0xff, 0xff, 0xff, 0xfe, 0xff, 0xff, 0xff, 0xfe, 0xff, 0xff, 0xff,
0x3d, 0xd5, 0xfc, 0xff, 0x03, 0xc8, 0xfb, 0xff, 0x03, 0xc8, 0xfb, 0xff, 0x03, 0xc8, 0xfb,
0xff, 0x03, 0xc8, 0xfb, 0xff, 0x03, 0xc8, 0xfb, 0xff, 0x03, 0xc8, 0xfb, 0xff, 0x03, 0xc8,
0xfb, 0xff, 0x03, 0xc8, 0xfb, 0xff, 0x03, 0xc8, 0xfb, 0xff, 0x03, 0xc8, 0xfb, 0xff, 0x03,
0xc8, 0xfb, 0xff, 0x03, 0xc8, 0xfb, 0xff, 0x03, 0xc8, 0xfb, 0xff, 0x03, 0xc8, 0xfb, 0xff,
0x03, 0xc8, 0xfb, 0xff, 0x03, 0xc8, 0xfb, 0xff, 0x03, 0xc8, 0xfb, 0xff, 0x03, 0xc8, 0xfb,
0xff, 0x03, 0xc8, 0xfb, 0xff, 0x03, 0xc8, 0xfb, 0xff, 0x01, 0xc7, 0xfb, 0x71, 0xff, 0xff,
0xff, 0x00, 0xff, 0xff, 0xff, 0x00, 0xff, 0xff, 0xff, 0x00, 0xff, 0xff, 0xff, 0x00, 0xff,
0xff, 0xff, 0x00, 0xff, 0xff, 0xff, 0x00, 0xff, 0xff, 0xff, 0x00, 0xff, 0xff, 0xff, 0x00,
0xff, 0xff, 0xff, 0x00, 0xff, 0xff, 0xff, 0x00, 0xff, 0xff, 0xff, 0x00, 0xff, 0xff, 0xff,
0x00, 0xff, 0xff, 0xff, 0x00, 0xff, 0xff, 0xff, 0x00, 0xff, 0xff, 0xff, 0x00, 0xff, 0xff,
0xff, 0x00, 0xff, 0xff, 0xff, 0x00, 0xff, 0xff, 0xff, 0x00, 0xff, 0xff, 0xff, 0x00, 0xff,
0xff, 0xff, 0x00, 0xff, 0xff, 0xff, 0x00, 0xff, 0xff, 0xff, 0x00, 0x01, 0xc8, 0xfb, 0x72,
0x03, 0xc8, 0xfb, 0xff, 0x03, 0xc8, 0xfb, 0xff, 0x03, 0xc8, 0xfb, 0xff, 0x03, 0xc8, 0xfb,
0xff, 0x03, 0xc8, 0xfb, 0xff, 0x03, 0xc8, 0xfb, 0xff, 0x03, 0xc8, 0xfb, 0xff, 0x03, 0xc8,
0xfb, 0xff, 0x03, 0xc8, 0xfb, 0xff, 0x03, 0xc8, 0xfb, 0xff, 0x03, 0xc8, 0xfb, 0xff, 0x03,
0xc8, 0xfb, 0xff, 0x03, 0xc8, 0xfb, 0xff, 0x03, 0xc8, 0xfb, 0xff, 0x03, 0xc8, 0xfb, 0xff,
0x03, 0xc8, 0xfb, 0xff, 0x03, 0xc8, 0xfb, 0xff, 0x03, 0xc8, 0xfb, 0xff, 0x03, 0xc8, 0xfb,
0xff, 0x03, 0xc8, 0xfb, 0xff, 0x03, 0xc8, 0xfb, 0xff, 0x41, 0xd6, 0xfc, 0xff, 0xfe, 0xff,
0xff, 0xff, 0xfe, 0xff, 0xff, 0xff, 0xfe, 0xff, 0xff, 0xff, 0xfd, 0xff, 0xff, 0xff, 0x3f,
0xd5, 0xfc, 0xff, 0x03, 0xc8, 0xfb, 0xff, 0x03, 0xc8, 0xfb, 0xff, 0x03, 0xc8, 0xfb, 0xff,
0x03, 0xc8, 0xfb, 0xff, 0x03, 0xc8, 0xfb, 0xff, 0x03, 0xc8, 0xfb, 0xff, 0x3c, 0xd5, 0xfc,
0xff, 0xf0, 0xfc, 0xff, 0xff, 0xfe, 0xff, 0xff, 0xff, 0xfe, 0xff, 0xff, 0xff, 0xfe, 0xff,
0xff, 0xff, 0xfe, 0xff, 0xff, 0xff, 0xfe, 0xff, 0xff, 0xff, 0xfe, 0xff, 0xff, 0xff, 0xfe,
0xff, 0xff, 0xff, 0xfe, 0xff, 0xff, 0xff, 0xfe, 0xff, 0xff, 0xff, 0xfe, 0xff, 0xff, 0xff,
0xfe, 0xff, 0xff, 0xff, 0xfe, 0xff, 0xff, 0xff, 0x2d, 0xd2, 0xfc, 0xff, 0x03, 0xc8, 0xfb,
0xff, 0x03, 0xc8, 0xfb, 0xff, 0x03, 0xc8, 0xfb, 0xff, 0x03, 0xc8, 0xfb, 0xff, 0x03, 0xc8,
0xfb, 0xff, 0x03, 0xc8, 0xfb, 0xff, 0x03, 0xc8, 0xfb, 0xff, 0x03, 0xc8, 0xfb, 0xff, 0x21,
0xcf, 0xfc, 0xff, 0xfe, 0xff, 0xff, 0xff, 0xfe, 0xff, 0xff, 0xff, 0xfe, 0xff, 0xff, 0xff,
0xfe, 0xff, 0xff, 0xff, 0xfe, 0xff, 0xff, 0xff, 0xfe, 0xff, 0xff, 0xff, 0xfe, 0xff, 0xff,
0xff, 0xfe, 0xff, 0xff, 0xff, 0xfe, 0xff, 0xff, 0xff, 0xfe, 0xff, 0xff, 0xff, 0xfe, 0xff,
0xff, 0xff, 0xa6, 0xec, 0xfe, 0xff, 0x04, 0xc9, 0xfc, 0xff, 0x03, 0xc8, 0xfb, 0xff, 0x03,
0xc8, 0xfb, 0xff, 0x03, 0xc8, 0xfb, 0xff, 0x03, 0xc8, 0xfb, 0xff, 0x03, 0xc8, 0xfb, 0xff,
0x03, 0xc8, 0xfb, 0xff, 0x03, 0xc8, 0xfb, 0xff, 0x03, 0xc9, 0xfc, 0xff, 0xbf, 0xf2, 0xfe,
0xff, 0xfe, 0xff, 0xff, 0xff, 0xfe, 0xff, 0xff, 0xff, 0xfe, 0xff, 0xff, 0xff, 0xb9, 0xf0,
0xfe, 0xff, 0x03, 0xc8, 0xfb, 0xff, 0x03, 0xc8, 0xfb, 0xff, 0x03, 0xc8, 0xfb, 0xff, 0x03,
0xc8, 0xfb, 0xff, 0x03, 0xc8, 0xfb, 0xff, 0x03, 0xc8, 0xfb, 0xff, 0x03, 0xc8, 0xfb, 0xff,
0x03, 0xc8, 0xfb, 0xff, 0x03, 0xc8, 0xfb, 0xff, 0x03, 0xc8, 0xfb, 0xff, 0x03, 0xc8, 0xfb,
0xff, 0x03, 0xc8, 0xfb, 0xff, 0x03, 0xc8, 0xfb, 0xff, 0x03, 0xc8, 0xfb, 0xff, 0x03, 0xc8,
0xfb, 0xff, 0x03, 0xc8, 0xfb, 0xff, 0x03, 0xc8, 0xfb, 0xff, 0x03, 0xc8, 0xfb, 0xff, 0x03,
0xc8, 0xfb, 0xff, 0x03, 0xc8, 0xfb, 0xff, 0x03, 0xc8, 0xfb, 0xfe, 0x01, 0xc6, 0xf7, 0x1f,
0xff, 0xff, 0xff, 0x00, 0xff, 0xff, 0xff, 0x00, 0xff, 0xff, 0xff, 0x00, 0xff, 0xff, 0xff,
0x00, 0xff, 0xff, 0xff, 0x00, 0xff, 0xff, 0xff, 0x00, 0xff, 0xff, 0xff, 0x00, 0xff, 0xff,
0xff, 0x00, 0xff, 0xff, 0xff, 0x00, 0xff, 0xff, 0xff, 0x00, 0xff, 0xff, 0xff, 0x00, 0xff,
0xff, 0xff, 0x00, 0xff, 0xff, 0xff, 0x00, 0xff, 0xff, 0xff, 0x00, 0xff, 0xff, 0xff, 0x00,
0xff, 0xff, 0xff, 0x00, 0xff, 0xff, 0xff, 0x00, 0xff, 0xff, 0xff, 0x00, 0xff, 0xff, 0xff,
0x00, 0xff, 0xff, 0xff, 0x00, 0xff, 0xff, 0xff, 0x00, 0xff, 0xff, 0xff, 0x00, 0x01, 0xc0,
0xf3, 0x14, 0x03, 0xc8, 0xfb, 0xf8, 0x03, 0xc8, 0xfb, 0xff, 0x03, 0xc8, 0xfb, 0xff, 0x03,
0xc8, 0xfb, 0xff, 0x03, 0xc8, 0xfb, 0xff, 0x03, 0xc8, 0xfb, 0xff, 0x03, 0xc8, 0xfb, 0xff,
0x03, 0xc8, 0xfb, 0xff, 0x03, 0xc8, 0xfb, 0xff, 0x03, 0xc8, 0xfb, 0xff, 0x03, 0xc8, 0xfb,
0xff, 0x03, 0xc8, 0xfb, 0xff, 0x03, 0xc8, 0xfb, 0xff, 0x03, 0xc8, 0xfb, 0xff, 0x03, 0xc8,
0xfb, 0xff, 0x03, 0xc8, 0xfb, 0xff, 0x03, 0xc8, 0xfb, 0xff, 0x03, 0xc8, 0xfb, 0xff, 0x03,
0xc8, 0xfb, 0xff, 0x03, 0xc8, 0xfb, 0xff, 0x03, 0xc8, 0xfb, 0xff, 0x03, 0xc8, 0xfb, 0xff,
0xb0, 0xee, 0xfe, 0xff, 0xfe, 0xff, 0xff, 0xff, 0xfe, 0xff, 0xff, 0xff, 0xfe, 0xff, 0xff,
0xff, 0xe0, 0xf9, 0xff, 0xff, 0x13, 0xcc, 0xfc, 0xff, 0x03, 0xc8, 0xfb, 0xff, 0x03, 0xc8,
0xfb, 0xff, 0x03, 0xc8, 0xfb, 0xff, 0x03, 0xc8, 0xfb, 0xff, 0x57, 0xdb, 0xfd, 0xff, 0xf4,
0xfd, 0xff, 0xff, 0xfe, 0xff, 0xff, 0xff, 0xfe, 0xff, 0xff, 0xff, 0xfe, 0xff, 0xff, 0xff,
0xfe, 0xff, 0xff, 0xff, 0xfe, 0xff, 0xff, 0xff, 0xfe, 0xff, 0xff, 0xff, 0xfe, 0xff, 0xff,
0xff, 0xfe, 0xff, 0xff, 0xff, 0xfe, 0xff, 0xff, 0xff, 0xfe, 0xff, 0xff, 0xff, 0xfe, 0xff,
0xff, 0xff, 0xfe, 0xff, 0xff, 0xff, 0xe0, 0xf9, 0xff, 0xff, 0x03, 0xc8, 0xfb, 0xff, 0x03,
0xc8, 0xfb, 0xff, 0x03, 0xc8, 0xfb, 0xff, 0x03, 0xc8, 0xfb, 0xff, 0x03, 0xc8, 0xfb, 0xff,
0x03, 0xc8, 0xfb, 0xff, 0x03, 0xc8, 0xfb, 0xff, 0x03, 0xc8, 0xfb, 0xff, 0x03, 0xc8, 0xfb,
0xff, 0x03, 0xc8, 0xfb, 0xff, 0xdd, 0xf8, 0xff, 0xff, 0xfe, 0xff, 0xff, 0xff, 0xfe, 0xff,
0xff, 0xff, 0xfe, 0xff, 0xff, 0xff, 0xfe, 0xff, 0xff, 0xff, 0xfe, 0xff, 0xff, 0xff, 0xfe,
0xff, 0xff, 0xff, 0xfe, 0xff, 0xff, 0xff, 0xfe, 0xff, 0xff, 0xff, 0xfe, 0xff, 0xff, 0xff,
0xfe, 0xff, 0xff, 0xff, 0xfe, 0xff, 0xff, 0xff, 0x9c, 0xea, 0xfe, 0xff, 0x03, 0xc9, 0xfc,
0xff, 0x03, 0xc8, 0xfb, 0xff, 0x03, 0xc8, 0xfb, 0xff, 0x03, 0xc8, 0xfb, 0xff, 0x03, 0xc8,
0xfb, 0xff, 0x03, 0xc8, 0xfb, 0xff, 0x03, 0xc8, 0xfb, 0xff, 0x6c, 0xdf, 0xfd, 0xff, 0xfe,
0xff, 0xff, 0xff, 0xfe, 0xff, 0xff, 0xff, 0xfe, 0xff, 0xff, 0xff, 0xfd, 0xff, 0xff, 0xff,
0x32, 0xd3, 0xfc, 0xff, 0x03, 0xc8, 0xfb, 0xff, 0x03, 0xc8, 0xfb, 0xff, 0x03, 0xc8, 0xfb,
0xff, 0x03, 0xc8, 0xfb, 0xff, 0x03, 0xc8, 0xfb, 0xff, 0x03, 0xc8, 0xfb, 0xff, 0x03, 0xc8,
0xfb, 0xff, 0x03, 0xc8, 0xfb, 0xff, 0x03, 0xc8, 0xfb, 0xff, 0x03, 0xc8, 0xfb, 0xff, 0x03,
0xc8, 0xfb, 0xff, 0x03, 0xc8, 0xfb, 0xff, 0x03, 0xc8, 0xfb, 0xff, 0x03, 0xc8, 0xfb, 0xff,
0x03, 0xc8, 0xfb, 0xff, 0x03, 0xc8, 0xfb, 0xff, 0x03, 0xc8, 0xfb, 0xff, 0x03, 0xc8, 0xfb,
0xff, 0x03, 0xc8, 0xfb, 0xff, 0x03, 0xc8, 0xfb, 0xff, 0x03, 0xc7, 0xfa, 0xc7, 0xff, 0xff,
0xff, 0x00, 0xff, 0xff, 0xff, 0x00, 0xff, 0xff, 0xff, 0x00, 0xff, 0xff, 0xff, 0x00, 0xff,
0xff, 0xff, 0x00, 0xff, 0xff, 0xff, 0x00, 0xff, 0xff, 0xff, 0x00, 0xff, 0xff, 0xff, 0x00,
0xff, 0xff, 0xff, 0x00, 0xff, 0xff, 0xff, 0x00, 0xff, 0xff, 0xff, 0x00, 0xff, 0xff, 0xff,
0x00, 0xff, 0xff, 0xff, 0x00, 0xff, 0xff, 0xff, 0x00, 0xff, 0xff, 0xff, 0x00, 0xff, 0xff,
0xff, 0x00, 0xff, 0xff, 0xff, 0x00, 0xff, 0xff, 0xff, 0x00, 0xff, 0xff, 0xff, 0x00, 0xff,
0xff, 0xff, 0x00, 0xff, 0xff, 0xff, 0x00, 0xff, 0xff, 0xff, 0x00, 0xff, 0xff, 0xff, 0x00,
0xff, 0xff, 0xff, 0x00, 0x03, 0xc7, 0xfb, 0xa7, 0x03, 0xc8, 0xfb, 0xff, 0x03, 0xc8, 0xfb,
0xff, 0x03, 0xc8, 0xfb, 0xff, 0x03, 0xc8, 0xfb, 0xff, 0x03, 0xc8, 0xfb, 0xff, 0x03, 0xc8,
0xfb, 0xff, 0x03, 0xc8, 0xfb, 0xff, 0x03, 0xc8, 0xfb, 0xff, 0x03, 0xc8, 0xfb, 0xff, 0x03,
0xc8, 0xfb, 0xff, 0x03, 0xc8, 0xfb, 0xff, 0x03, 0xc8, 0xfb, 0xff, 0x03, 0xc8, 0xfb, 0xff,
0x03, 0xc8, 0xfb, 0xff, 0x03, 0xc8, 0xfb, 0xff, 0x03, 0xc8, 0xfb, 0xff, 0x03, 0xc8, 0xfb,
0xff, 0x03, 0xc8, 0xfb, 0xff, 0x03, 0xc8, 0xfb, 0xff, 0x03, 0xc8, 0xfb, 0xff, 0x03, 0xc8,
0xfb, 0xff, 0x23, 0xcf, 0xfc, 0xff, 0xf5, 0xfd, 0xff, 0xff, 0xfe, 0xff, 0xff, 0xff, 0xfe,
0xff, 0xff, 0xff, 0xfe, 0xff, 0xff, 0xff, 0xb6, 0xf0, 0xfe, 0xff, 0x04, 0xc9, 0xfc, 0xff,
0x03, 0xc8, 0xfb, 0xff, 0x03, 0xc8, 0xfb, 0xff, 0x11, 0xcc, 0xfc, 0xff, 0xf4, 0xfd, 0xff,
0xff, 0xfe, 0xff, 0xff, 0xff, 0xfe, 0xff, 0xff, 0xff, 0xfe, 0xff, 0xff, 0xff, 0xfe, 0xff,
0xff, 0xff, 0xfe, 0xff, 0xff, 0xff, 0xfe, 0xff, 0xff, 0xff, 0xfe, 0xff, 0xff, 0xff, 0xfe,
0xff, 0xff, 0xff, 0xfe, 0xff, 0xff, 0xff, 0xfe, 0xff, 0xff, 0xff, 0xfe, 0xff, 0xff, 0xff,
0xfe, 0xff, 0xff, 0xff, 0xfe, 0xff, 0xff, 0xff, 0x98, 0xe9, 0xfe, 0xff, 0x03, 0xc8, 0xfb,
0xff, 0x03, 0xc8, 0xfb, 0xff, 0x03, 0xc8, 0xfb, 0xff, 0x03, 0xc8, 0xfb, 0xff, 0x03, 0xc8,
0xfb, 0xff, 0x03, 0xc8, 0xfb, 0xff, 0x03, 0xc8, 0xfb, 0xff, 0x03, 0xc8, 0xfb, 0xff, 0x03,
0xc8, 0xfb, 0xff, 0x03, 0xc8, 0xfb, 0xff, 0x9c, 0xea, 0xfe, 0xff, 0xfe, 0xff, 0xff, 0xff,
0xfe, 0xff, 0xff, 0xff, 0xfe, 0xff, 0xff, 0xff, 0xfe, 0xff, 0xff, 0xff, 0xfe, 0xff, 0xff,
0xff, 0xfe, 0xff, 0xff, 0xff, 0xfe, 0xff, 0xff, 0xff, 0xfe, 0xff, 0xff, 0xff, 0xfe, 0xff,
0xff, 0xff, 0xfe, 0xff, 0xff, 0xff, 0xfe, 0xff, 0xff, 0xff, 0xfe, 0xff, 0xff, 0xff, 0x94,
0xe8, 0xfe, 0xff, 0x03, 0xc8, 0xfb, 0xff, 0x03, 0xc8, 0xfb, 0xff, 0x03, 0xc8, 0xfb, 0xff,
0x03, 0xc8, 0xfb, 0xff, 0x03, 0xc8, 0xfb, 0xff, 0x31, 0xd2, 0xfc, 0xff, 0xf6, 0xfe, 0xff,
0xff, 0xfe, 0xff, 0xff, 0xff, 0xfe, 0xff, 0xff, 0xff, 0xfe, 0xff, 0xff, 0xff, 0x96, 0xe9,
0xfe, 0xff, 0x03, 0xc8, 0xfb, 0xff, 0x03, 0xc8, 0xfb, 0xff, 0x03, 0xc8, 0xfb, 0xff, 0x03,
0xc8, 0xfb, 0xff, 0x03, 0xc8, 0xfb, 0xff, 0x03, 0xc8, 0xfb, 0xff, 0x03, 0xc8, 0xfb, 0xff,
0x03, 0xc8, 0xfb, 0xff, 0x03, 0xc8, 0xfb, 0xff, 0x03, 0xc8, 0xfb, 0xff, 0x03, 0xc8, 0xfb,
0xff, 0x03, 0xc8, 0xfb, 0xff, 0x03, 0xc8, 0xfb, 0xff, 0x03, 0xc8, 0xfb, 0xff, 0x03, 0xc8,
0xfb, 0xff, 0x03, 0xc8, 0xfb, 0xff, 0x03, 0xc8, 0xfb, 0xff, 0x03, 0xc8, 0xfb, 0xff, 0x03,
0xc8, 0xfb, 0xff, 0x03, 0xc8, 0xfb, 0xff, 0x03, 0xc8, 0xfb, 0xff, 0x01, 0xc8, 0xfb, 0x6e,
0xff, 0xff, 0xff, 0x00, 0xff, 0xff, 0xff, 0x00, 0xff, 0xff, 0xff, 0x00, 0xff, 0xff, 0xff,
0x00, 0xff, 0xff, 0xff, 0x00, 0xff, 0xff, 0xff, 0x00, 0xff, 0xff, 0xff, 0x00, 0xff, 0xff,
0xff, 0x00, 0xff, 0xff, 0xff, 0x00, 0xff, 0xff, 0xff, 0x00, 0xff, 0xff, 0xff, 0x00, 0xff,
0xff, 0xff, 0x00, 0xff, 0xff, 0xff, 0x00, 0xff, 0xff, 0xff, 0x00, 0xff, 0xff, 0xff, 0x00,
0xff, 0xff, 0xff, 0x00, 0xff, 0xff, 0xff, 0x00, 0xff, 0xff, 0xff, 0x00, 0xff, 0xff, 0xff,
0x00, 0xff, 0xff, 0xff, 0x00, 0xff, 0xff, 0xff, 0x00, 0xff, 0xff, 0xff, 0x00, 0xff, 0xff,
0xff, 0x00, 0xff, 0xff, 0xff, 0x00, 0x01, 0xc7, 0xfb, 0x3f, 0x03, 0xc8, 0xfb, 0xff, 0x03,
0xc8, 0xfb, 0xff, 0x03, 0xc8, 0xfb, 0xff, 0x03, 0xc8, 0xfb, 0xff, 0x03, 0xc8, 0xfb, 0xff,
0x03, 0xc8, 0xfb, 0xff, 0x03, 0xc8, 0xfb, 0xff, 0x03, 0xc8, 0xfb, 0xff, 0x03, 0xc8, 0xfb,
0xff, 0x03, 0xc8, 0xfb, 0xff, 0x03, 0xc8, 0xfb, 0xff, 0x03, 0xc8, 0xfb, 0xff, 0x03, 0xc8,
0xfb, 0xff, 0x03, 0xc8, 0xfb, 0xff, 0x03, 0xc8, 0xfb, 0xff, 0x03, 0xc8, 0xfb, 0xff, 0x03,
0xc8, 0xfb, 0xff, 0x03, 0xc8, 0xfb, 0xff, 0x03, 0xc8, 0xfb, 0xff, 0x03, 0xc8, 0xfb, 0xff,
0x03, 0xc8, 0xfb, 0xff, 0x03, 0xc8, 0xfb, 0xff, 0x72, 0xe1, 0xfd, 0xff, 0xfe, 0xff, 0xff,
0xff, 0xfe, 0xff, 0xff, 0xff, 0xfe, 0xff, 0xff, 0xff, 0xfe, 0xff, 0xff, 0xff, 0x8f, 0xe7,
0xfe, 0xff, 0x03, 0xc8, 0xfb, 0xff, 0x03, 0xc8, 0xfb, 0xff, 0x03, 0xc8, 0xfb, 0xff, 0x7e,
0xe3, 0xfd, 0xff, 0xfe, 0xff, 0xff, 0xff, 0xfe, 0xff, 0xff, 0xff, 0xfe, 0xff, 0xff, 0xff,
0xfe, 0xff, 0xff, 0xff, 0xfe, 0xff, 0xff, 0xff, 0xfe, 0xff, 0xff, 0xff, 0xfe, 0xff, 0xff,
0xff, 0xfe, 0xff, 0xff, 0xff, 0xfe, 0xff, 0xff, 0xff, 0xfe, 0xff, 0xff, 0xff, 0xfe, 0xff,
0xff, 0xff, 0xfe, 0xff, 0xff, 0xff, 0xfe, 0xff, 0xff, 0xff, 0x4f, 0xd9, 0xfd, 0xff, 0x03,
0xc8, 0xfb, 0xff, 0x03, 0xc8, 0xfb, 0xff, 0x03, 0xc8, 0xfb, 0xff, 0x03, 0xc8, 0xfb, 0xff,
0x03, 0xc8, 0xfb, 0xff, 0x03, 0xc8, 0xfb, 0xff, 0x03, 0xc8, 0xfb, 0xff, 0x03, 0xc8, 0xfb,
0xff, 0x03, 0xc8, 0xfb, 0xff, 0x03, 0xc8, 0xfb, 0xff, 0x5b, 0xdc, 0xfd, 0xff, 0xfe, 0xff,
0xff, 0xff, 0xfe, 0xff, 0xff, 0xff, 0xfe, 0xff, 0xff, 0xff, 0xfe, 0xff, 0xff, 0xff, 0xfe,
0xff, 0xff, 0xff, 0xfe, 0xff, 0xff, 0xff, 0xfe, 0xff, 0xff, 0xff, 0xfe, 0xff, 0xff, 0xff,
0xfe, 0xff, 0xff, 0xff, 0xfe, 0xff, 0xff, 0xff, 0xfe, 0xff, 0xff, 0xff, 0xfe, 0xff, 0xff,
0xff, 0xfe, 0xff, 0xff, 0xff, 0x87, 0xe5, 0xfe, 0xff, 0x03, 0xc8, 0xfb, 0xff, 0x03, 0xc8,
0xfb, 0xff, 0x03, 0xc8, 0xfb, 0xff, 0x18, 0xcd, 0xfc, 0xff, 0xdf, 0xf9, 0xff, 0xff, 0xfe,
0xff, 0xff, 0xff, 0xfe, 0xff, 0xff, 0xff, 0xfe, 0xff, 0xff, 0xff, 0xe1, 0xf9, 0xff, 0xff,
0x11, 0xcc, 0xfc, 0xff, 0x03, 0xc8, 0xfb, 0xff, 0x03, 0xc8, 0xfb, 0xff, 0x03, 0xc8, 0xfb,
0xff, 0x03, 0xc8, 0xfb, 0xff, 0x03, 0xc8, 0xfb, 0xff, 0x03, 0xc8, 0xfb, 0xff, 0x03, 0xc8,
0xfb, 0xff, 0x03, 0xc8, 0xfb, 0xff, 0x03, 0xc8, 0xfb, 0xff, 0x03, 0xc8, 0xfb, 0xff, 0x03,
0xc8, 0xfb, 0xff, 0x03, 0xc8, 0xfb, 0xff, 0x03, 0xc8, 0xfb, 0xff, 0x03, 0xc8, 0xfb, 0xff,
0x03, 0xc8, 0xfb, 0xff, 0x03, 0xc8, 0xfb, 0xff, 0x03, 0xc8, 0xfb, 0xff, 0x03, 0xc8, 0xfb,
0xff, 0x03, 0xc8, 0xfb, 0xff, 0x03, 0xc8, 0xfb, 0xff, 0x03, 0xc8, 0xfb, 0xf7, 0x01, 0xc7,
0xf1, 0x12, 0xff, 0xff, 0xff, 0x00, 0xff, 0xff, 0xff, 0x00, 0xff, 0xff, 0xff, 0x00, 0xff,
0xff, 0xff, 0x00, 0xff, 0xff, 0xff, 0x00, 0xff, 0xff, 0xff, 0x00, 0xff, 0xff, 0xff, 0x00,
0xff, 0xff, 0xff, 0x00, 0xff, 0xff, 0xff, 0x00, 0xff, 0xff, 0xff, 0x00, 0xff, 0xff, 0xff,
0x00, 0xff, 0xff, 0xff, 0x00, 0xff, 0xff, 0xff, 0x00, 0xff, 0xff, 0xff, 0x00, 0xff, 0xff,
0xff, 0x00, 0xff, 0xff, 0xff, 0x00, 0xff, 0xff, 0xff, 0x00, 0xff, 0xff, 0xff, 0x00, 0xff,
0xff, 0xff, 0x00, 0xff, 0xff, 0xff, 0x00, 0xff, 0xff, 0xff, 0x00, 0xff, 0xff, 0xff, 0x00,
0xff, 0xff, 0xff, 0x00, 0xff, 0xff, 0xff, 0x00, 0xff, 0xff, 0xff, 0x00, 0x03, 0xc8, 0xfa,
0xcb, 0x03, 0xc8, 0xfb, 0xff, 0x03, 0xc8, 0xfb, 0xff, 0x03, 0xc8, 0xfb, 0xff, 0x03, 0xc8,
0xfb, 0xff, 0x03, 0xc8, 0xfb, 0xff, 0x03, 0xc8, 0xfb, 0xff, 0x03, 0xc8, 0xfb, 0xff, 0x03,
0xc8, 0xfb, 0xff, 0x03, 0xc8, 0xfb, 0xff, 0x03, 0xc8, 0xfb, 0xff, 0x03, 0xc8, 0xfb, 0xff,
0x03, 0xc8, 0xfb, 0xff, 0x03, 0xc8, 0xfb, 0xff, 0x03, 0xc8, 0xfb, 0xff, 0x03, 0xc8, 0xfb,
0xff, 0x03, 0xc8, 0xfb, 0xff, 0x03, 0xc8, 0xfb, 0xff, 0x03, 0xc8, 0xfb, 0xff, 0x03, 0xc8,
0xfb, 0xff, 0x03, 0xc8, 0xfb, 0xff, 0x03, 0xc8, 0xfb, 0xff, 0x04, 0xc9, 0xfc, 0xff, 0xc0,
0xf2, 0xff, 0xff, 0xfe, 0xff, 0xff, 0xff, 0xfe, 0xff, 0xff, 0xff, 0xfe, 0xff, 0xff, 0xff,
0xfe, 0xff, 0xff, 0xff, 0x78, 0xe2, 0xfd, 0xff, 0x03, 0xc8, 0xfb, 0xff, 0x03, 0xc8, 0xfb,
0xff, 0x07, 0xc9, 0xfc, 0xff, 0xc5, 0xf3, 0xff, 0xff, 0xfe, 0xff, 0xff, 0xff, 0xfe, 0xff,
0xff, 0xff, 0xfe, 0xff, 0xff, 0xff, 0xfe, 0xff, 0xff, 0xff, 0xfe, 0xff, 0xff, 0xff, 0xfe,
0xff, 0xff, 0xff, 0xfe, 0xff, 0xff, 0xff, 0xfe, 0xff, 0xff, 0xff, 0xfe, 0xff, 0xff, 0xff,
0xfe, 0xff, 0xff, 0xff, 0xfe, 0xff, 0xff, 0xff, 0xf7, 0xfe, 0xff, 0xff, 0x0d, 0xcb, 0xfc,
0xff, 0x03, 0xc8, 0xfb, 0xff, 0x03, 0xc8, 0xfb, 0xff, 0x03, 0xc8, 0xfb, 0xff, 0x03, 0xc8,
0xfb, 0xff, 0x03, 0xc8, 0xfb, 0xff, 0x03, 0xc8, 0xfb, 0xff, 0x03, 0xc8, 0xfb, 0xff, 0x03,
0xc8, 0xfb, 0xff, 0x03, 0xc8, 0xfb, 0xff, 0x03, 0xc8, 0xfb, 0xff, 0x1c, 0xce, 0xfc, 0xff,
0xfe, 0xff, 0xff, 0xff, 0xfe, 0xff, 0xff, 0xff, 0xfe, 0xff, 0xff, 0xff, 0xfe, 0xff, 0xff,
0xff, 0xfe, 0xff, 0xff, 0xff, 0xfe, 0xff, 0xff, 0xff, 0xfe, 0xff, 0xff, 0xff, 0xfe, 0xff,
0xff, 0xff, 0xfe, 0xff, 0xff, 0xff, 0xfe, 0xff, 0xff, 0xff, 0xfe, 0xff, 0xff, 0xff, 0xfe,
0xff, 0xff, 0xff, 0xf3, 0xfd, 0xff, 0xff, 0x4d, 0xd9, 0xfd, 0xff, 0x03, 0xc8, 0xfb, 0xff,
0x03, 0xc8, 0xfb, 0xff, 0x0f, 0xcb, 0xfc, 0xff, 0xca, 0xf4, 0xff, 0xff, 0xfe, 0xff, 0xff,
0xff, 0xfe, 0xff, 0xff, 0xff, 0xfe, 0xff, 0xff, 0xff, 0xfc, 0xff, 0xff, 0xff, 0x42, 0xd6,
0xfc, 0xff, 0x03, 0xc8, 0xfb, 0xff, 0x03, 0xc8, 0xfb, 0xff, 0x03, 0xc8, 0xfb, 0xff, 0x03,
0xc8, 0xfb, 0xff, 0x03, 0xc8, 0xfb, 0xff, 0x03, 0xc8, 0xfb, 0xff, 0x03, 0xc8, 0xfb, 0xff,
0x03, 0xc8, 0xfb, 0xff, 0x03, 0xc8, 0xfb, 0xff, 0x03, 0xc8, 0xfb, 0xff, 0x03, 0xc8, 0xfb,
0xff, 0x03, 0xc8, 0xfb, 0xff, 0x03, 0xc8, 0xfb, 0xff, 0x03, 0xc8, 0xfb, 0xff, 0x03, 0xc8,
0xfb, 0xff, 0x03, 0xc8, 0xfb, 0xff, 0x03, 0xc8, 0xfb, 0xff, 0x03, 0xc8, 0xfb, 0xff, 0x03,
0xc8, 0xfb, 0xff, 0x03, 0xc8, 0xfb, 0xff, 0x03, 0xc8, 0xfb, 0xff, 0x03, 0xc8, 0xfb, 0xa4,
0xff, 0xff, 0xff, 0x00, 0xff, 0xff, 0xff, 0x00, 0xff, 0xff, 0xff, 0x00, 0xff, 0xff, 0xff,
0x00, 0xff, 0xff, 0xff, 0x00, 0xff, 0xff, 0xff, 0x00, 0xff, 0xff, 0xff, 0x00, 0xff, 0xff,
0xff, 0x00, 0xff, 0xff, 0xff, 0x00, 0xff, 0xff, 0xff, 0x00, 0xff, 0xff, 0xff, 0x00, 0xff,
0xff, 0xff, 0x00, 0xff, 0xff, 0xff, 0x00, 0xff, 0xff, 0xff, 0x00, 0xff, 0xff, 0xff, 0x00,
0xff, 0xff, 0xff, 0x00, 0xff, 0xff, 0xff, 0x00, 0xff, 0xff, 0xff, 0x00, 0xff, 0xff, 0xff,
0x00, 0xff, 0xff, 0xff, 0x00, 0xff, 0xff, 0xff, 0x00, 0xff, 0xff, 0xff, 0x00, 0xff, 0xff,
0xff, 0x00, 0xff, 0xff, 0xff, 0x00, 0xff, 0xff, 0xff, 0x00, 0xff, 0xff, 0xff, 0x00, 0x01,
0xc6, 0xf9, 0x54, 0x03, 0xc8, 0xfb, 0xff, 0x03, 0xc8, 0xfb, 0xff, 0x03, 0xc8, 0xfb, 0xff,
0x03, 0xc8, 0xfb, 0xff, 0x03, 0xc8, 0xfb, 0xff, 0x03, 0xc8, 0xfb, 0xff, 0x03, 0xc8, 0xfb,
0xff, 0x03, 0xc8, 0xfb, 0xff, 0x03, 0xc8, 0xfb, 0xff, 0x03, 0xc8, 0xfb, 0xff, 0x03, 0xc8,
0xfb, 0xff, 0x03, 0xc8, 0xfb, 0xff, 0x03, 0xc8, 0xfb, 0xff, 0x03, 0xc8, 0xfb, 0xff, 0x03,
0xc8, 0xfb, 0xff, 0x03, 0xc8, 0xfb, 0xff, 0x03, 0xc8, 0xfb, 0xff, 0x03, 0xc8, 0xfb, 0xff,
0x03, 0xc8, 0xfb, 0xff, 0x03, 0xc8, 0xfb, 0xff, 0x03, 0xc8, 0xfb, 0xff, 0x03, 0xc8, 0xfb,
0xff, 0x1c, 0xce, 0xfc, 0xff, 0xe8, 0xfb, 0xff, 0xff, 0xfe, 0xff, 0xff, 0xff, 0xfe, 0xff,
0xff, 0xff, 0xfe, 0xff, 0xff, 0xff, 0xfe, 0xff, 0xff, 0xff, 0x79, 0xe2, 0xfd, 0xff, 0x03,
0xc8, 0xfb, 0xff, 0x03, 0xc8, 0xfb, 0xff, 0x1d, 0xce, 0xfc, 0xff, 0xe2, 0xf9, 0xff, 0xff,
0xfe, 0xff, 0xff, 0xff, 0xfe, 0xff, 0xff, 0xff, 0xfe, 0xff, 0xff, 0xff, 0xfe, 0xff, 0xff,
0xff, 0xfe, 0xff, 0xff, 0xff, 0xfe, 0xff, 0xff, 0xff, 0xfe, 0xff, 0xff, 0xff, 0xfe, 0xff,
0xff, 0xff, 0xfe, 0xff, 0xff, 0xff, 0xfe, 0xff, 0xff, 0xff, 0xb8, 0xf0, 0xfe, 0xff, 0x03,
0xc8, 0xfb, 0xff, 0x03, 0xc8, 0xfb, 0xff, 0x03, 0xc8, 0xfb, 0xff, 0x03, 0xc8, 0xfb, 0xff,
0x03, 0xc8, 0xfb, 0xff, 0x03, 0xc8, 0xfb, 0xff, 0x03, 0xc8, 0xfb, 0xff, 0x03, 0xc8, 0xfb,
0xff, 0x03, 0xc8, 0xfb, 0xff, 0x03, 0xc8, 0xfb, 0xff, 0x03, 0xc8, 0xfb, 0xff, 0x03, 0xc8,
0xfb, 0xff, 0xd7, 0xf7, 0xff, 0xff, 0xfe, 0xff, 0xff, 0xff, 0xfe, 0xff, 0xff, 0xff, 0xfe,
0xff, 0xff, 0xff, 0xfe, 0xff, 0xff, 0xff, 0xfe, 0xff, 0xff, 0xff, 0xfe, 0xff, 0xff, 0xff,
0xfe, 0xff, 0xff, 0xff, 0xfe, 0xff, 0xff, 0xff, 0xfe, 0xff, 0xff, 0xff, 0xfe, 0xff, 0xff,
0xff, 0xe4, 0xfa, 0xff, 0xff, 0x33, 0xd3, 0xfc, 0xff, 0x03, 0xc8, 0xfb, 0xff, 0x03, 0xc8,
0xfb, 0xff, 0x10, 0xcb, 0xfc, 0xff, 0xc4, 0xf3, 0xff, 0xff, 0xfe, 0xff, 0xff, 0xff, 0xfe,
0xff, 0xff, 0xff, 0xfe, 0xff, 0xff, 0xff, 0xfe, 0xff, 0xff, 0xff, 0x7b, 0xe3, 0xfd, 0xff,
0x03, 0xc8, 0xfb, 0xff, 0x03, 0xc8, 0xfb, 0xff, 0x03, 0xc8, 0xfb, 0xff, 0x03, 0xc8, 0xfb,
0xff, 0x03, 0xc8, 0xfb, 0xff, 0x03, 0xc8, 0xfb, 0xff, 0x03, 0xc8, 0xfb, 0xff, 0x03, 0xc8,
0xfb, 0xff, 0x03, 0xc8, 0xfb, 0xff, 0x03, 0xc8, 0xfb, 0xff, 0x03, 0xc8, 0xfb, 0xff, 0x03,
0xc8, 0xfb, 0xff, 0x03, 0xc8, 0xfb, 0xff, 0x03, 0xc8, 0xfb, 0xff, 0x03, 0xc8, 0xfb, 0xff,
0x03, 0xc8, 0xfb, 0xff, 0x03, 0xc8, 0xfb, 0xff, 0x03, 0xc8, 0xfb, 0xff, 0x03, 0xc8, 0xfb,
0xff, 0x03, 0xc8, 0xfb, 0xff, 0x03, 0xc8, 0xfb, 0xff, 0x03, 0xc8, 0xfb, 0xff, 0x01, 0xc8,
0xfb, 0x37, 0xff, 0xff, 0xff, 0x00, 0xff, 0xff, 0xff, 0x00, 0xff, 0xff, 0xff, 0x00, 0xff,
0xff, 0xff, 0x00, 0xff, 0xff, 0xff, 0x00, 0xff, 0xff, 0xff, 0x00, 0xff, 0xff, 0xff, 0x00,
0xff, 0xff, 0xff, 0x00, 0xff, 0xff, 0xff, 0x00, 0xff, 0xff, 0xff, 0x00, 0xff, 0xff, 0xff,
0x00, 0xff, 0xff, 0xff, 0x00, 0xff, 0xff, 0xff, 0x00, 0xff, 0xff, 0xff, 0x00, 0xff, 0xff,
0xff, 0x00, 0xff, 0xff, 0xff, 0x00, 0xff, 0xff, 0xff, 0x00, 0xff, 0xff, 0xff, 0x00, 0xff,
0xff, 0xff, 0x00, 0xff, 0xff, 0xff, 0x00, 0xff, 0xff, 0xff, 0x00, 0xff, 0xff, 0xff, 0x00,
0xff, 0xff, 0xff, 0x00, 0xff, 0xff, 0xff, 0x00, 0xff, 0xff, 0xff, 0x00, 0xff, 0xff, 0xff,
0x00, 0x01, 0xab, 0xab, 0x03, 0x03, 0xc8, 0xfb, 0xdb, 0x03, 0xc8, 0xfb, 0xff, 0x03, 0xc8,
0xfb, 0xff, 0x03, 0xc8, 0xfb, 0xff, 0x03, 0xc8, 0xfb, 0xff, 0x03, 0xc8, 0xfb, 0xff, 0x03,
0xc8, 0xfb, 0xff, 0x03, 0xc8, 0xfb, 0xff, 0x03, 0xc8, 0xfb, 0xff, 0x03, 0xc8, 0xfb, 0xff,
0x03, 0xc8, 0xfb, 0xff, 0x03, 0xc8, 0xfb, 0xff, 0x03, 0xc8, 0xfb, 0xff, 0x03, 0xc8, 0xfb,
0xff, 0x03, 0xc8, 0xfb, 0xff, 0x03, 0xc8, 0xfb, 0xff, 0x03, 0xc8, 0xfb, 0xff, 0x03, 0xc8,
0xfb, 0xff, 0x03, 0xc8, 0xfb, 0xff, 0x03, 0xc8, 0xfb, 0xff, 0x03, 0xc8, 0xfb, 0xff, 0x03,
0xc8, 0xfb, 0xff, 0x03, 0xc8, 0xfb, 0xff, 0x3d, 0xd5, 0xfc, 0xff, 0xf8, 0xfe, 0xff, 0xff,
0xfe, 0xff, 0xff, 0xff, 0xfe, 0xff, 0xff, 0xff, 0xfe, 0xff, 0xff, 0xff, 0xfe, 0xff, 0xff,
0xff, 0x8c, 0xe6, 0xfe, 0xff, 0x04, 0xc9, 0xfc, 0xff, 0x03, 0xc8, 0xfb, 0xff, 0x25, 0xd0,
0xfc, 0xff, 0xdb, 0xf8, 0xff, 0xff, 0xfe, 0xff, 0xff, 0xff, 0xfe, 0xff, 0xff, 0xff, 0xfe,
0xff, 0xff, 0xff, 0xfe, 0xff, 0xff, 0xff, 0xfe, 0xff, 0xff, 0xff, 0xfe, 0xff, 0xff, 0xff,
0xfe, 0xff, 0xff, 0xff, 0xfe, 0xff, 0xff, 0xff, 0xfe, 0xff, 0xff, 0xff, 0x70, 0xe0, 0xfd,
0xff, 0x03, 0xc8, 0xfb, 0xff, 0x03, 0xc8, 0xfb, 0xff, 0x03, 0xc8, 0xfb, 0xff, 0x03, 0xc8,
0xfb, 0xff, 0x03, 0xc8, 0xfb, 0xff, 0x03, 0xc8, 0xfb, 0xff, 0x03, 0xc8, 0xfb, 0xff, 0x03,
0xc8, 0xfb, 0xff, 0x03, 0xc8, 0xfb, 0xff, 0x03, 0xc8, 0xfb, 0xff, 0x03, 0xc8, 0xfb, 0xff,
0x03, 0xc8, 0xfb, 0xff, 0x97, 0xe9, 0xfe, 0xff, 0xfe, 0xff, 0xff, 0xff, 0xfe, 0xff, 0xff,
0xff, 0xfe, 0xff, 0xff, 0xff, 0xfe, 0xff, 0xff, 0xff, 0xfe, 0xff, 0xff, 0xff, 0xfe, 0xff,
0xff, 0xff, 0xfe, 0xff, 0xff, 0xff, 0xfe, 0xff, 0xff, 0xff, 0xfe, 0xff, 0xff, 0xff, 0xc8,
0xf4, 0xff, 0xff, 0x1d, 0xce, 0xfc, 0xff, 0x03, 0xc8, 0xfb, 0xff, 0x03, 0xc8, 0xfb, 0xff,
0x1c, 0xce, 0xfc, 0xff, 0xcf, 0xf5, 0xff, 0xff, 0xfe, 0xff, 0xff, 0xff, 0xfe, 0xff, 0xff,
0xff, 0xfe, 0xff, 0xff, 0xff, 0xfe, 0xff, 0xff, 0xff, 0xa5, 0xec, 0xfe, 0xff, 0x03, 0xc9,
0xfc, 0xff, 0x03, 0xc8, 0xfb, 0xff, 0x03, 0xc8, 0xfb, 0xff, 0x03, 0xc8, 0xfb, 0xff, 0x03,
0xc8, 0xfb, 0xff, 0x03, 0xc8, 0xfb, 0xff, 0x03, 0xc8, 0xfb, 0xff, 0x03, 0xc8, 0xfb, 0xff,
0x03, 0xc8, 0xfb, 0xff, 0x03, 0xc8, 0xfb, 0xff, 0x03, 0xc8, 0xfb, 0xff, 0x03, 0xc8, 0xfb,
0xff, 0x03, 0xc8, 0xfb, 0xff, 0x03, 0xc8, 0xfb, 0xff, 0x03, 0xc8, 0xfb, 0xff, 0x03, 0xc8,
0xfb, 0xff, 0x03, 0xc8, 0xfb, 0xff, 0x03, 0xc8, 0xfb, 0xff, 0x03, 0xc8, 0xfb, 0xff, 0x03,
0xc8, 0xfb, 0xff, 0x03, 0xc8, 0xfb, 0xff, 0x03, 0xc8, 0xfb, 0xff, 0x03, 0xc8, 0xfa, 0xc1,
0xff, 0xff, 0xff, 0x00, 0xff, 0xff, 0xff, 0x00, 0xff, 0xff, 0xff, 0x00, 0xff, 0xff, 0xff,
0x00, 0xff, 0xff, 0xff, 0x00, 0xff, 0xff, 0xff, 0x00, 0xff, 0xff, 0xff, 0x00, 0xff, 0xff,
0xff, 0x00, 0xff, 0xff, 0xff, 0x00, 0xff, 0xff, 0xff, 0x00, 0xff, 0xff, 0xff, 0x00, 0xff,
0xff, 0xff, 0x00, 0xff, 0xff, 0xff, 0x00, 0xff, 0xff, 0xff, 0x00, 0xff, 0xff, 0xff, 0x00,
0xff, 0xff, 0xff, 0x00, 0xff, 0xff, 0xff, 0x00, 0xff, 0xff, 0xff, 0x00, 0xff, 0xff, 0xff,
0x00, 0xff, 0xff, 0xff, 0x00, 0xff, 0xff, 0xff, 0x00, 0xff, 0xff, 0xff, 0x00, 0xff, 0xff,
0xff, 0x00, 0xff, 0xff, 0xff, 0x00, 0xff, 0xff, 0xff, 0x00, 0xff, 0xff, 0xff, 0x00, 0xff,
0xff, 0xff, 0x00, 0xff, 0xff, 0xff, 0x00, 0x01, 0xc7, 0xfa, 0x63, 0x03, 0xc8, 0xfb, 0xff,
0x03, 0xc8, 0xfb, 0xff, 0x03, 0xc8, 0xfb, 0xff, 0x03, 0xc8, 0xfb, 0xff, 0x03, 0xc8, 0xfb,
0xff, 0x03, 0xc8, 0xfb, 0xff, 0x03, 0xc8, 0xfb, 0xff, 0x03, 0xc8, 0xfb, 0xff, 0x03, 0xc8,
0xfb, 0xff, 0x03, 0xc8, 0xfb, 0xff, 0x03, 0xc8, 0xfb, 0xff, 0x03, 0xc8, 0xfb, 0xff, 0x03,
0xc8, 0xfb, 0xff, 0x03, 0xc8, 0xfb, 0xff, 0x03, 0xc8, 0xfb, 0xff, 0x03, 0xc8, 0xfb, 0xff,
0x03, 0xc8, 0xfb, 0xff, 0x03, 0xc8, 0xfb, 0xff, 0x03, 0xc8, 0xfb, 0xff, 0x03, 0xc8, 0xfb,
0xff, 0x03, 0xc8, 0xfb, 0xff, 0x03, 0xc8, 0xfb, 0xff, 0x03, 0xc8, 0xfb, 0xff, 0x58, 0xdb,
0xfd, 0xff, 0xfd, 0xff, 0xff, 0xff, 0xfe, 0xff, 0xff, 0xff, 0xfe, 0xff, 0xff, 0xff, 0xfe,
0xff, 0xff, 0xff, 0xfe, 0xff, 0xff, 0xff, 0xb1, 0xef, 0xfe, 0xff, 0x12, 0xcc, 0xfc, 0xff,
0x03, 0xc8, 0xfb, 0xff, 0x14, 0xcc, 0xfc, 0xff, 0xad, 0xee, 0xfe, 0xff, 0xfe, 0xff, 0xff,
0xff, 0xfe, 0xff, 0xff, 0xff, 0xfe, 0xff, 0xff, 0xff, 0xfe, 0xff, 0xff, 0xff, 0xfe, 0xff,
0xff, 0xff, 0xfe, 0xff, 0xff, 0xff, 0xfe, 0xff, 0xff, 0xff, 0xfe, 0xff, 0xff, 0xff, 0x27,
0xd0, 0xfc, 0xff, 0x03, 0xc8, 0xfb, 0xff, 0x03, 0xc8, 0xfb, 0xff, 0x03, 0xc8, 0xfb, 0xff,
0x03, 0xc8, 0xfb, 0xff, 0x03, 0xc8, 0xfb, 0xff, 0x03, 0xc8, 0xfb, 0xff, 0x03, 0xc8, 0xfb,
0xff, 0x03, 0xc8, 0xfb, 0xff, 0x03, 0xc8, 0xfb, 0xff, 0x03, 0xc8, 0xfb, 0xff, 0x03, 0xc8,
0xfb, 0xff, 0x03, 0xc8, 0xfb, 0xff, 0x57, 0xdb, 0xfd, 0xff, 0xfe, 0xff, 0xff, 0xff, 0xfe,
0xff, 0xff, 0xff, 0xfe, 0xff, 0xff, 0xff, 0xfe, 0xff, 0xff, 0xff, 0xfe, 0xff, 0xff, 0xff,
0xfe, 0xff, 0xff, 0xff, 0xfe, 0xff, 0xff, 0xff, 0xfd, 0xff, 0xff, 0xff, 0x8e, 0xe7, 0xfe,
0xff, 0x09, 0xca, 0xfc, 0xff, 0x03, 0xc8, 0xfb, 0xff, 0x03, 0xc8, 0xfb, 0xff, 0x3c, 0xd5,
0xfc, 0xff, 0xe5, 0xfa, 0xff, 0xff, 0xfe, 0xff, 0xff, 0xff, 0xfe, 0xff, 0xff, 0xff, 0xfe,
0xff, 0xff, 0xff, 0xfe, 0xff, 0xff, 0xff, 0xb6, 0xf0, 0xfe, 0xff, 0x08, 0xca, 0xfc, 0xff,
0x03, 0xc8, 0xfb, 0xff, 0x03, 0xc8, 0xfb, 0xff, 0x03, 0xc8, 0xfb, 0xff, 0x03, 0xc8, 0xfb,
0xff, 0x03, 0xc8, 0xfb, 0xff, 0x03, 0xc8, 0xfb, 0xff, 0x03, 0xc8, 0xfb, 0xff, 0x03, 0xc8,
0xfb, 0xff, 0x03, 0xc8, 0xfb, 0xff, 0x03, 0xc8, 0xfb, 0xff, 0x03, 0xc8, 0xfb, 0xff, 0x03,
0xc8, 0xfb, 0xff, 0x03, 0xc8, 0xfb, 0xff, 0x03, 0xc8, 0xfb, 0xff, 0x03, 0xc8, 0xfb, 0xff,
0x03, 0xc8, 0xfb, 0xff, 0x03, 0xc8, 0xfb, 0xff, 0x03, 0xc8, 0xfb, 0xff, 0x03, 0xc8, 0xfb,
0xff, 0x03, 0xc8, 0xfb, 0xff, 0x03, 0xc8, 0xfb, 0xff, 0x03, 0xc8, 0xfb, 0xff, 0x01, 0xc5,
0xf9, 0x4a, 0xff, 0xff, 0xff, 0x00, 0xff, 0xff, 0xff, 0x00, 0xff, 0xff, 0xff, 0x00, 0xff,
0xff, 0xff, 0x00, 0xff, 0xff, 0xff, 0x00, 0xff, 0xff, 0xff, 0x00, 0xff, 0xff, 0xff, 0x00,
0xff, 0xff, 0xff, 0x00, 0xff, 0xff, 0xff, 0x00, 0xff, 0xff, 0xff, 0x00, 0xff, 0xff, 0xff,
0x00, 0xff, 0xff, 0xff, 0x00, 0xff, 0xff, 0xff, 0x00, 0xff, 0xff, 0xff, 0x00, 0xff, 0xff,
0xff, 0x00, 0xff, 0xff, 0xff, 0x00, 0xff, 0xff, 0xff, 0x00, 0xff, 0xff, 0xff, 0x00, 0xff,
0xff, 0xff, 0x00, 0xff, 0xff, 0xff, 0x00, 0xff, 0xff, 0xff, 0x00, 0xff, 0xff, 0xff, 0x00,
0xff, 0xff, 0xff, 0x00, 0xff, 0xff, 0xff, 0x00, 0xff, 0xff, 0xff, 0x00, 0xff, 0xff, 0xff,
0x00, 0xff, 0xff, 0xff, 0x00, 0xff, 0xff, 0xff, 0x00, 0x01, 0x9a, 0xcd, 0x05, 0x03, 0xc8,
0xfb, 0xdc, 0x03, 0xc8, 0xfb, 0xff, 0x03, 0xc8, 0xfb, 0xff, 0x03, 0xc8, 0xfb, 0xff, 0x03,
0xc8, 0xfb, 0xff, 0x03, 0xc8, 0xfb, 0xff, 0x03, 0xc8, 0xfb, 0xff, 0x03, 0xc8, 0xfb, 0xff,
0x03, 0xc8, 0xfb, 0xff, 0x03, 0xc8, 0xfb, 0xff, 0x03, 0xc8, 0xfb, 0xff, 0x03, 0xc8, 0xfb,
0xff, 0x03, 0xc8, 0xfb, 0xff, 0x03, 0xc8, 0xfb, 0xff, 0x03, 0xc8, 0xfb, 0xff, 0x03, 0xc8,
0xfb, 0xff, 0x03, 0xc8, 0xfb, 0xff, 0x03, 0xc8, 0xfb, 0xff, 0x03, 0xc8, 0xfb, 0xff, 0x03,
0xc8, 0xfb, 0xff, 0x03, 0xc8, 0xfb, 0xff, 0x03, 0xc8, 0xfb, 0xff, 0x03, 0xc8, 0xfb, 0xff,
0x03, 0xc8, 0xfb, 0xff, 0x66, 0xde, 0xfd, 0xff, 0xfe, 0xff, 0xff, 0xff, 0xfe, 0xff, 0xff,
0xff, 0xfe, 0xff, 0xff, 0xff, 0xfe, 0xff, 0xff, 0xff, 0xfe, 0xff, 0xff, 0xff, 0xdd, 0xf8,
0xff, 0xff, 0x3c, 0xd5, 0xfc, 0xff, 0x03, 0xc8, 0xfb, 0xff, 0x03, 0xc8, 0xfb, 0xff, 0x4a,
0xd8, 0xfd, 0xff, 0xcf, 0xf5, 0xff, 0xff, 0xfe, 0xff, 0xff, 0xff, 0xfe, 0xff, 0xff, 0xff,
0xfe, 0xff, 0xff, 0xff, 0xfe, 0xff, 0xff, 0xff, 0xfe, 0xff, 0xff, 0xff, 0xda, 0xf7, 0xff,
0xff, 0x03, 0xc8, 0xfb, 0xff, 0x03, 0xc8, 0xfb, 0xff, 0x03, 0xc8, 0xfb, 0xff, 0x03, 0xc8,
0xfb, 0xff, 0x03, 0xc8, 0xfb, 0xff, 0x03, 0xc8, 0xfb, 0xff, 0x03, 0xc8, 0xfb, 0xff, 0x03,
0xc8, 0xfb, 0xff, 0x03, 0xc8, 0xfb, 0xff, 0x03, 0xc8, 0xfb, 0xff, 0x03, 0xc8, 0xfb, 0xff,
0x03, 0xc8, 0xfb, 0xff, 0x03, 0xc8, 0xfb, 0xff, 0x17, 0xcd, 0xfc, 0xff, 0xfe, 0xff, 0xff,
0xff, 0xfe, 0xff, 0xff, 0xff, 0xfe, 0xff, 0xff, 0xff, 0xfe, 0xff, 0xff, 0xff, 0xfe, 0xff,
0xff, 0xff, 0xfe, 0xff, 0xff, 0xff, 0xc3, 0xf3, 0xff, 0xff, 0x38, 0xd4, 0xfc, 0xff, 0x03,
0xc8, 0xfb, 0xff, 0x03, 0xc8, 0xfb, 0xff, 0x08, 0xca, 0xfc, 0xff, 0x82, 0xe4, 0xfe, 0xff,
0xfb, 0xff, 0xff, 0xff, 0xfe, 0xff, 0xff, 0xff, 0xfe, 0xff, 0xff, 0xff, 0xfe, 0xff, 0xff,
0xff, 0xfe, 0xff, 0xff, 0xff, 0xb6, 0xf0, 0xfe, 0xff, 0x0b, 0xca, 0xfc, 0xff, 0x03, 0xc8,
0xfb, 0xff, 0x03, 0xc8, 0xfb, 0xff, 0x03, 0xc8, 0xfb, 0xff, 0x03, 0xc8, 0xfb, 0xff, 0x03,
0xc8, 0xfb, 0xff, 0x03, 0xc8, 0xfb, 0xff, 0x03, 0xc8, 0xfb, 0xff, 0x03, 0xc8, 0xfb, 0xff,
0x03, 0xc8, 0xfb, 0xff, 0x03, 0xc8, 0xfb, 0xff, 0x03, 0xc8, 0xfb, 0xff, 0x03, 0xc8, 0xfb,
0xff, 0x03, 0xc8, 0xfb, 0xff, 0x03, 0xc8, 0xfb, 0xff, 0x03, 0xc8, 0xfb, 0xff, 0x03, 0xc8,
0xfb, 0xff, 0x03, 0xc8, 0xfb, 0xff, 0x03, 0xc8, 0xfb, 0xff, 0x03, 0xc8, 0xfb, 0xff, 0x03,
0xc8, 0xfb, 0xff, 0x03, 0xc8, 0xfb, 0xff, 0x03, 0xc8, 0xfb, 0xff, 0x03, 0xc8, 0xfa, 0xc5,
0xff, 0xff, 0xff, 0x00, 0xff, 0xff, 0xff, 0x00, 0xff, 0xff, 0xff, 0x00, 0xff, 0xff, 0xff,
0x00, 0xff, 0xff, 0xff, 0x00, 0xff, 0xff, 0xff, 0x00, 0xff, 0xff, 0xff, 0x00, 0xff, 0xff,
0xff, 0x00, 0xff, 0xff, 0xff, 0x00, 0xff, 0xff, 0xff, 0x00, 0xff, 0xff, 0xff, 0x00, 0xff,
0xff, 0xff, 0x00, 0xff, 0xff, 0xff, 0x00, 0xff, 0xff, 0xff, 0x00, 0xff, 0xff, 0xff, 0x00,
0xff, 0xff, 0xff, 0x00, 0xff, 0xff, 0xff, 0x00, 0xff, 0xff, 0xff, 0x00, 0xff, 0xff, 0xff,
0x00, 0xff, 0xff, 0xff, 0x00, 0xff, 0xff, 0xff, 0x00, 0xff, 0xff, 0xff, 0x00, 0xff, 0xff,
0xff, 0x00, 0xff, 0xff, 0xff, 0x00, 0xff, 0xff, 0xff, 0x00, 0xff, 0xff, 0xff, 0x00, 0xff,
0xff, 0xff, 0x00, 0xff, 0xff, 0xff, 0x00, 0xff, 0xff, 0xff, 0x00, 0xff, 0xff, 0xff, 0x00,
0x01, 0xc6, 0xfa, 0x5d, 0x03, 0xc8, 0xfb, 0xff, 0x03, 0xc8, 0xfb, 0xff, 0x03, 0xc8, 0xfb,
0xff, 0x03, 0xc8, 0xfb, 0xff, 0x03, 0xc8, 0xfb, 0xff, 0x03, 0xc8, 0xfb, 0xff, 0x03, 0xc8,
0xfb, 0xff, 0x03, 0xc8, 0xfb, 0xff, 0x03, 0xc8, 0xfb, 0xff, 0x03, 0xc8, 0xfb, 0xff, 0x03,
0xc8, 0xfb, 0xff, 0x03, 0xc8, 0xfb, 0xff, 0x03, 0xc8, 0xfb, 0xff, 0x03, 0xc8, 0xfb, 0xff,
0x03, 0xc8, 0xfb, 0xff, 0x03, 0xc8, 0xfb, 0xff, 0x03, 0xc8, 0xfb, 0xff, 0x03, 0xc8, 0xfb,
0xff, 0x03, 0xc8, 0xfb, 0xff, 0x03, 0xc8, 0xfb, 0xff, 0x03, 0xc8, 0xfb, 0xff, 0x03, 0xc8,
0xfb, 0xff, 0x03, 0xc8, 0xfb, 0xff, 0x03, 0xc8, 0xfb, 0xff, 0x63, 0xde, 0xfd, 0xff, 0xfb,
0xff, 0xff, 0xff, 0xfe, 0xff, 0xff, 0xff, 0xfe, 0xff, 0xff, 0xff, 0xfe, 0xff, 0xff, 0xff,
0xfe, 0xff, 0xff, 0xff, 0xfc, 0xff, 0xff, 0xff, 0x90, 0xe7, 0xfe, 0xff, 0x10, 0xcb, 0xfc,
0xff, 0x03, 0xc8, 0xfb, 0xff, 0x03, 0xc8, 0xfb, 0xff, 0x40, 0xd6, 0xfc, 0xff, 0x9d, 0xea,
0xfe, 0xff, 0xe3, 0xf9, 0xff, 0xff, 0xfe, 0xff, 0xff, 0xff, 0xfe, 0xff, 0xff, 0xff, 0x91,
0xe7, 0xfe, 0xff, 0x03, 0xc8, 0xfb, 0xff, 0x03, 0xc8, 0xfb, 0xff, 0x03, 0xc8, 0xfb, 0xff,
0x03, 0xc8, 0xfb, 0xff, 0x03, 0xc8, 0xfb, 0xff, 0x03, 0xc8, 0xfb, 0xff, 0x03, 0xc8, 0xfb,
0xff, 0x03, 0xc8, 0xfb, 0xff, 0x03, 0xc8, 0xfb, 0xff, 0x03, 0xc8, 0xfb, 0xff, 0x03, 0xc8,
0xfb, 0xff, 0x03, 0xc8, 0xfb, 0xff, 0x03, 0xc8, 0xfb, 0xff, 0x03, 0xc8, 0xfb, 0xff, 0xd1,
0xf6, 0xff, 0xff, 0xfe, 0xff, 0xff, 0xff, 0xfe, 0xff, 0xff, 0xff, 0xe5, 0xfa, 0xff, 0xff,
0x9c, 0xea, 0xfe, 0xff, 0x3a, 0xd4, 0xfc, 0xff, 0x03, 0xc8, 0xfb, 0xff, 0x03, 0xc8, 0xfb,
0xff, 0x03, 0xc8, 0xfb, 0xff, 0x42, 0xd6, 0xfc, 0xff, 0xd3, 0xf6, 0xff, 0xff, 0xfe, 0xff,
0xff, 0xff, 0xfe, 0xff, 0xff, 0xff, 0xfe, 0xff, 0xff, 0xff, 0xfe, 0xff, 0xff, 0xff, 0xfe,
0xff, 0xff, 0xff, 0xa4, 0xec, 0xfe, 0xff, 0x08, 0xca, 0xfc, 0xff, 0x03, 0xc8, 0xfb, 0xff,
0x03, 0xc8, 0xfb, 0xff, 0x03, 0xc8, 0xfb, 0xff, 0x03, 0xc8, 0xfb, 0xff, 0x03, 0xc8, 0xfb,
0xff, 0x03, 0xc8, 0xfb, 0xff, 0x03, 0xc8, 0xfb, 0xff, 0x03, 0xc8, 0xfb, 0xff, 0x03, 0xc8,
0xfb, 0xff, 0x03, 0xc8, 0xfb, 0xff, 0x03, 0xc8, 0xfb, 0xff, 0x03, 0xc8, 0xfb, 0xff, 0x03,
0xc8, 0xfb, 0xff, 0x03, 0xc8, 0xfb, 0xff, 0x03, 0xc8, 0xfb, 0xff, 0x03, 0xc8, 0xfb, 0xff,
0x03, 0xc8, 0xfb, 0xff, 0x03, 0xc8, 0xfb, 0xff, 0x03, 0xc8, 0xfb, 0xff, 0x03, 0xc8, 0xfb,
0xff, 0x03, 0xc8, 0xfb, 0xff, 0x03, 0xc8, 0xfb, 0xff, 0x03, 0xc8, 0xfb, 0xff, 0x01, 0xc8,
0xf8, 0x40, 0xff, 0xff, 0xff, 0x00, 0xff, 0xff, 0xff, 0x00, 0xff, 0xff, 0xff, 0x00, 0xff,
0xff, 0xff, 0x00, 0xff, 0xff, 0xff, 0x00, 0xff, 0xff, 0xff, 0x00, 0xff, 0xff, 0xff, 0x00,
0xff, 0xff, 0xff, 0x00, 0xff, 0xff, 0xff, 0x00, 0xff, 0xff, 0xff, 0x00, 0xff, 0xff, 0xff,
0x00, 0xff, 0xff, 0xff, 0x00, 0xff, 0xff, 0xff, 0x00, 0xff, 0xff, 0xff, 0x00, 0xff, 0xff,
0xff, 0x00, 0xff, 0xff, 0xff, 0x00, 0xff, 0xff, 0xff, 0x00, 0xff, 0xff, 0xff, 0x00, 0xff,
0xff, 0xff, 0x00, 0xff, 0xff, 0xff, 0x00, 0xff, 0xff, 0xff, 0x00, 0xff, 0xff, 0xff, 0x00,
0xff, 0xff, 0xff, 0x00, 0xff, 0xff, 0xff, 0x00, 0xff, 0xff, 0xff, 0x00, 0xff, 0xff, 0xff,
0x00, 0xff, 0xff, 0xff, 0x00, 0xff, 0xff, 0xff, 0x00, 0xff, 0xff, 0xff, 0x00, 0xff, 0xff,
0xff, 0x00, 0x01, 0x80, 0x80, 0x02, 0x03, 0xc7, 0xfb, 0xd0, 0x03, 0xc8, 0xfb, 0xff, 0x03,
0xc8, 0xfb, 0xff, 0x03, 0xc8, 0xfb, 0xff, 0x03, 0xc8, 0xfb, 0xff, 0x03, 0xc8, 0xfb, 0xff,
0x03, 0xc8, 0xfb, 0xff, 0x03, 0xc8, 0xfb, 0xff, 0x03, 0xc8, 0xfb, 0xff, 0x03, 0xc8, 0xfb,
0xff, 0x03, 0xc8, 0xfb, 0xff, 0x03, 0xc8, 0xfb, 0xff, 0x03, 0xc8, 0xfb, 0xff, 0x03, 0xc8,
0xfb, 0xff, 0x03, 0xc8, 0xfb, 0xff, 0x03, 0xc8, 0xfb, 0xff, 0x03, 0xc8, 0xfb, 0xff, 0x03,
0xc8, 0xfb, 0xff, 0x03, 0xc8, 0xfb, 0xff, 0x03, 0xc8, 0xfb, 0xff, 0x03, 0xc8, 0xfb, 0xff,
0x03, 0xc8, 0xfb, 0xff, 0x03, 0xc8, 0xfb, 0xff, 0x03, 0xc8, 0xfb, 0xff, 0x03, 0xc8, 0xfb,
0xff, 0x4c, 0xd8, 0xfd, 0xff, 0xf1, 0xfc, 0xff, 0xff, 0xfe, 0xff, 0xff, 0xff, 0xfe, 0xff,
0xff, 0xff, 0xfe, 0xff, 0xff, 0xff, 0xfe, 0xff, 0xff, 0xff, 0xfe, 0xff, 0xff, 0xff, 0xe7,
0xfa, 0xff, 0xff, 0x68, 0xdf, 0xfd, 0xff, 0x08, 0xca, 0xfc, 0xff, 0x03, 0xc8, 0xfb, 0xff,
0x03, 0xc8, 0xfb, 0xff, 0x03, 0xc8, 0xfb, 0xff, 0x24, 0xd0, 0xfc, 0xff, 0x4e, 0xd9, 0xfd,
0xff, 0x27, 0xd0, 0xfc, 0xff, 0x03, 0xc8, 0xfb, 0xff, 0x03, 0xc8, 0xfb, 0xff, 0x03, 0xc8,
0xfb, 0xff, 0x03, 0xc8, 0xfb, 0xff, 0x03, 0xc8, 0xfb, 0xff, 0x03, 0xc8, 0xfb, 0xff, 0x03,
0xc8, 0xfb, 0xff, 0x03, 0xc8, 0xfb, 0xff, 0x03, 0xc8, 0xfb, 0xff, 0x03, 0xc8, 0xfb, 0xff,
0x03, 0xc8, 0xfb, 0xff, 0x03, 0xc8, 0xfb, 0xff, 0x03, 0xc8, 0xfb, 0xff, 0x03, 0xc8, 0xfb,
0xff, 0x4c, 0xd8, 0xfd, 0xff, 0x56, 0xda, 0xfd, 0xff, 0x2a, 0xd1, 0xfc, 0xff, 0x03, 0xc9,
0xfc, 0xff, 0x03, 0xc8, 0xfb, 0xff, 0x03, 0xc8, 0xfb, 0xff, 0x03, 0xc8, 0xfb, 0xff, 0x38,
0xd4, 0xfc, 0xff, 0xb5, 0xef, 0xfe, 0xff, 0xfe, 0xff, 0xff, 0xff, 0xfe, 0xff, 0xff, 0xff,
0xfe, 0xff, 0xff, 0xff, 0xfe, 0xff, 0xff, 0xff, 0xfe, 0xff, 0xff, 0xff, 0xfc, 0xff, 0xff,
0xff, 0x79, 0xe2, 0xfd, 0xff, 0x03, 0xc9, 0xfc, 0xff, 0x03, 0xc8, 0xfb, 0xff, 0x03, 0xc8,
0xfb, 0xff, 0x03, 0xc8, 0xfb, 0xff, 0x03, 0xc8, 0xfb, 0xff, 0x03, 0xc8, 0xfb, 0xff, 0x03,
0xc8, 0xfb, 0xff, 0x03, 0xc8, 0xfb, 0xff, 0x03, 0xc8, 0xfb, 0xff, 0x03, 0xc8, 0xfb, 0xff,
0x03, 0xc8, 0xfb, 0xff, 0x03, 0xc8, 0xfb, 0xff, 0x03, 0xc8, 0xfb, 0xff, 0x03, 0xc8, 0xfb,
0xff, 0x03, 0xc8, 0xfb, 0xff, 0x03, 0xc8, 0xfb, 0xff, 0x03, 0xc8, 0xfb, 0xff, 0x03, 0xc8,
0xfb, 0xff, 0x03, 0xc8, 0xfb, 0xff, 0x03, 0xc8, 0xfb, 0xff, 0x03, 0xc8, 0xfb, 0xff, 0x03,
0xc8, 0xfb, 0xff, 0x03, 0xc8, 0xfb, 0xff, 0x03, 0xc8, 0xfb, 0xff, 0x03, 0xc7, 0xfb, 0xb0,
0xff, 0xff, 0xff, 0x00, 0xff, 0xff, 0xff, 0x00, 0xff, 0xff, 0xff, 0x00, 0xff, 0xff, 0xff,
0x00, 0xff, 0xff, 0xff, 0x00, 0xff, 0xff, 0xff, 0x00, 0xff, 0xff, 0xff, 0x00, 0xff, 0xff,
0xff, 0x00, 0xff, 0xff, 0xff, 0x00, 0xff, 0xff, 0xff, 0x00, 0xff, 0xff, 0xff, 0x00, 0xff,
0xff, 0xff, 0x00, 0xff, 0xff, 0xff, 0x00, 0xff, 0xff, 0xff, 0x00, 0xff, 0xff, 0xff, 0x00,
0xff, 0xff, 0xff, 0x00, 0xff, 0xff, 0xff, 0x00, 0xff, 0xff, 0xff, 0x00, 0xff, 0xff, 0xff,
0x00, 0xff, 0xff, 0xff, 0x00, 0xff, 0xff, 0xff, 0x00, 0xff, 0xff, 0xff, 0x00, 0xff, 0xff,
0xff, 0x00, 0xff, 0xff, 0xff, 0x00, 0xff, 0xff, 0xff, 0x00, 0xff, 0xff, 0xff, 0x00, 0xff,
0xff, 0xff, 0x00, 0xff, 0xff, 0xff, 0x00, 0xff, 0xff, 0xff, 0x00, 0xff, 0xff, 0xff, 0x00,
0xff, 0xff, 0xff, 0x00, 0xff, 0xff, 0xff, 0x00, 0x01, 0xc7, 0xf8, 0x43, 0x03, 0xc8, 0xfb,
0xff, 0x03, 0xc8, 0xfb, 0xff, 0x03, 0xc8, 0xfb, 0xff, 0x03, 0xc8, 0xfb, 0xff, 0x03, 0xc8,
0xfb, 0xff, 0x03, 0xc8, 0xfb, 0xff, 0x03, 0xc8, 0xfb, 0xff, 0x03, 0xc8, 0xfb, 0xff, 0x03,
0xc8, 0xfb, 0xff, 0x03, 0xc8, 0xfb, 0xff, 0x03, 0xc8, 0xfb, 0xff, 0x03, 0xc8, 0xfb, 0xff,
0x03, 0xc8, 0xfb, 0xff, 0x03, 0xc8, 0xfb, 0xff, 0x03, 0xc8, 0xfb, 0xff, 0x03, 0xc8, 0xfb,
0xff, 0x03, 0xc8, 0xfb, 0xff, 0x03, 0xc8, 0xfb, 0xff, 0x03, 0xc8, 0xfb, 0xff, 0x03, 0xc8,
0xfb, 0xff, 0x03, 0xc8, 0xfb, 0xff, 0x03, 0xc8, 0xfb, 0xff, 0x03, 0xc8, 0xfb, 0xff, 0x03,
0xc8, 0xfb, 0xff, 0x03, 0xc8, 0xfb, 0xff, 0x2a, 0xd1, 0xfc, 0xff, 0xd4, 0xf6, 0xff, 0xff,
0xfe, 0xff, 0xff, 0xff, 0xfe, 0xff, 0xff, 0xff, 0xfe, 0xff, 0xff, 0xff, 0xfe, 0xff, 0xff,
0xff, 0xfe, 0xff, 0xff, 0xff, 0xfe, 0xff, 0xff, 0xff, 0xe1, 0xf9, 0xff, 0xff, 0x73, 0xe1,
0xfd, 0xff, 0x11, 0xcc, 0xfc, 0xff, 0x03, 0xc8, 0xfb, 0xff, 0x03, 0xc8, 0xfb, 0xff, 0x03,
0xc8, 0xfb, 0xff, 0x03, 0xc8, 0xfb, 0xff, 0x03, 0xc8, 0xfb, 0xff, 0x03, 0xc8, 0xfb, 0xff,
0x03, 0xc8, 0xfb, 0xff, 0x03, 0xc8, 0xfb, 0xff, 0x03, 0xc8, 0xfb, 0xff, 0x03, 0xc8, 0xfb,
0xff, 0x03, 0xc8, 0xfb, 0xff, 0x03, 0xc8, 0xfb, 0xff, 0x03, 0xc8, 0xfb, 0xff, 0x03, 0xc8,
0xfb, 0xff, 0x03, 0xc8, 0xfb, 0xff, 0x03, 0xc8, 0xfb, 0xff, 0x03, 0xc8, 0xfb, 0xff, 0x03,
0xc8, 0xfb, 0xff, 0x03, 0xc8, 0xfb, 0xff, 0x03, 0xc8, 0xfb, 0xff, 0x03, 0xc8, 0xfb, 0xff,
0x03, 0xc8, 0xfb, 0xff, 0x09, 0xca, 0xfc, 0xff, 0x57, 0xdb, 0xfd, 0xff, 0xc1, 0xf2, 0xff,
0xff, 0xfe, 0xff, 0xff, 0xff, 0xfe, 0xff, 0xff, 0xff, 0xfe, 0xff, 0xff, 0xff, 0xfe, 0xff,
0xff, 0xff, 0xfe, 0xff, 0xff, 0xff, 0xfe, 0xff, 0xff, 0xff, 0xdf, 0xf9, 0xff, 0xff, 0x40,
0xd6, 0xfc, 0xff, 0x03, 0xc8, 0xfb, 0xff, 0x03, 0xc8, 0xfb, 0xff, 0x03, 0xc8, 0xfb, 0xff,
0x03, 0xc8, 0xfb, 0xff, 0x03, 0xc8, 0xfb, 0xff, 0x03, 0xc8, 0xfb, 0xff, 0x03, 0xc8, 0xfb,
0xff, 0x03, 0xc8, 0xfb, 0xff, 0x03, 0xc8, 0xfb, 0xff, 0x03, 0xc8, 0xfb, 0xff, 0x03, 0xc8,
0xfb, 0xff, 0x03, 0xc8, 0xfb, 0xff, 0x03, 0xc8, 0xfb, 0xff, 0x03, 0xc8, 0xfb, 0xff, 0x03,
0xc8, 0xfb, 0xff, 0x03, 0xc8, 0xfb, 0xff, 0x03, 0xc8, 0xfb, 0xff, 0x03, 0xc8, 0xfb, 0xff,
0x03, 0xc8, 0xfb, 0xff, 0x03, 0xc8, 0xfb, 0xff, 0x03, 0xc8, 0xfb, 0xff, 0x03, 0xc8, 0xfb,
0xff, 0x03, 0xc8, 0xfb, 0xff, 0x03, 0xc8, 0xfb, 0xff, 0x03, 0xc8, 0xfb, 0xf7, 0x01, 0xc4,
0xf8, 0x22, 0xff, 0xff, 0xff, 0x00, 0xff, 0xff, 0xff, 0x00, 0xff, 0xff, 0xff, 0x00, 0xff,
0xff, 0xff, 0x00, 0xff, 0xff, 0xff, 0x00, 0xff, 0xff, 0xff, 0x00, 0xff, 0xff, 0xff, 0x00,
0xff, 0xff, 0xff, 0x00, 0xff, 0xff, 0xff, 0x00, 0xff, 0xff, 0xff, 0x00, 0xff, 0xff, 0xff,
0x00, 0xff, 0xff, 0xff, 0x00, 0xff, 0xff, 0xff, 0x00, 0xff, 0xff, 0xff, 0x00, 0xff, 0xff,
0xff, 0x00, 0xff, 0xff, 0xff, 0x00, 0xff, 0xff, 0xff, 0x00, 0xff, 0xff, 0xff, 0x00, 0xff,
0xff, 0xff, 0x00, 0xff, 0xff, 0xff, 0x00, 0xff, 0xff, 0xff, 0x00, 0xff, 0xff, 0xff, 0x00,
0xff, 0xff, 0xff, 0x00, 0xff, 0xff, 0xff, 0x00, 0xff, 0xff, 0xff, 0x00, 0xff, 0xff, 0xff,
0x00, 0xff, 0xff, 0xff, 0x00, 0xff, 0xff, 0xff, 0x00, 0xff, 0xff, 0xff, 0x00, 0xff, 0xff,
0xff, 0x00, 0xff, 0xff, 0xff, 0x00, 0xff, 0xff, 0xff, 0x00, 0xff, 0xff, 0xff, 0x00, 0x03,
0xc7, 0xfb, 0xab, 0x03, 0xc8, 0xfb, 0xff, 0x03, 0xc8, 0xfb, 0xff, 0x03, 0xc8, 0xfb, 0xff,
0x03, 0xc8, 0xfb, 0xff, 0x03, 0xc8, 0xfb, 0xff, 0x03, 0xc8, 0xfb, 0xff, 0x03, 0xc8, 0xfb,
0xff, 0x03, 0xc8, 0xfb, 0xff, 0x03, 0xc8, 0xfb, 0xff, 0x03, 0xc8, 0xfb, 0xff, 0x03, 0xc8,
0xfb, 0xff, 0x03, 0xc8, 0xfb, 0xff, 0x03, 0xc8, 0xfb, 0xff, 0x03, 0xc8, 0xfb, 0xff, 0x03,
0xc8, 0xfb, 0xff, 0x03, 0xc8, 0xfb, 0xff, 0x03, 0xc8, 0xfb, 0xff, 0x03, 0xc8, 0xfb, 0xff,
0x03, 0xc8, 0xfb, 0xff, 0x03, 0xc8, 0xfb, 0xff, 0x03, 0xc8, 0xfb, 0xff, 0x03, 0xc8, 0xfb,
0xff, 0x03, 0xc8, 0xfb, 0xff, 0x03, 0xc8, 0xfb, 0xff, 0x03, 0xc8, 0xfb, 0xff, 0x0b, 0xca,
0xfc, 0xff, 0x94, 0xe8, 0xfe, 0xff, 0xfd, 0xff, 0xff, 0xff, 0xfe, 0xff, 0xff, 0xff, 0xfe,
0xff, 0xff, 0xff, 0xfe, 0xff, 0xff, 0xff, 0xfe, 0xff, 0xff, 0xff, 0xfe, 0xff, 0xff, 0xff,
0xfe, 0xff, 0xff, 0xff, 0xf5, 0xfd, 0xff, 0xff, 0xa5, 0xec, 0xfe, 0xff, 0x50, 0xd9, 0xfd,
0xff, 0x0d, 0xcb, 0xfc, 0xff, 0x03, 0xc8, 0xfb, 0xff, 0x03, 0xc8, 0xfb, 0xff, 0x03, 0xc8,
0xfb, 0xff, 0x03, 0xc8, 0xfb, 0xff, 0x03, 0xc8, 0xfb, 0xff, 0x03, 0xc8, 0xfb, 0xff, 0x03,
0xc8, 0xfb, 0xff, 0x03, 0xc8, 0xfb, 0xff, 0x03, 0xc8, 0xfb, 0xff, 0x03, 0xc8, 0xfb, 0xff,
0x03, 0xc8, 0xfb, 0xff, 0x03, 0xc8, 0xfb, 0xff, 0x03, 0xc8, 0xfb, 0xff, 0x03, 0xc8, 0xfb,
0xff, 0x03, 0xc8, 0xfb, 0xff, 0x03, 0xc8, 0xfb, 0xff, 0x0e, 0xcb, 0xfc, 0xff, 0x51, 0xd9,
0xfd, 0xff, 0x9f, 0xea, 0xfe, 0xff, 0xee, 0xfc, 0xff, 0xff, 0xfe, 0xff, 0xff, 0xff, 0xfe,
0xff, 0xff, 0xff, 0xfe, 0xff, 0xff, 0xff, 0xfe, 0xff, 0xff, 0xff, 0xfe, 0xff, 0xff, 0xff,
0xfe, 0xff, 0xff, 0xff, 0xfc, 0xff, 0xff, 0xff, 0x93, 0xe8, 0xfe, 0xff, 0x0e, 0xcb, 0xfc,
0xff, 0x03, 0xc8, 0xfb, 0xff, 0x03, 0xc8, 0xfb, 0xff, 0x03, 0xc8, 0xfb, 0xff, 0x03, 0xc8,
0xfb, 0xff, 0x03, 0xc8, 0xfb, 0xff, 0x03, 0xc8, 0xfb, 0xff, 0x03, 0xc8, 0xfb, 0xff, 0x03,
0xc8, 0xfb, 0xff, 0x03, 0xc8, 0xfb, 0xff, 0x03, 0xc8, 0xfb, 0xff, 0x03, 0xc8, 0xfb, 0xff,
0x03, 0xc8, 0xfb, 0xff, 0x03, 0xc8, 0xfb, 0xff, 0x03, 0xc8, 0xfb, 0xff, 0x03, 0xc8, 0xfb,
0xff, 0x03, 0xc8, 0xfb, 0xff, 0x03, 0xc8, 0xfb, 0xff, 0x03, 0xc8, 0xfb, 0xff, 0x03, 0xc8,
0xfb, 0xff, 0x03, 0xc8, 0xfb, 0xff, 0x03, 0xc8, 0xfb, 0xff, 0x03, 0xc8, 0xfb, 0xff, 0x03,
0xc8, 0xfb, 0xff, 0x03, 0xc8, 0xfb, 0xff, 0x03, 0xc8, 0xfb, 0xff, 0x01, 0xc7, 0xfb, 0x7e,
0xff, 0xff, 0xff, 0x00, 0xff, 0xff, 0xff, 0x00, 0xff, 0xff, 0xff, 0x00, 0xff, 0xff, 0xff,
0x00, 0xff, 0xff, 0xff, 0x00, 0xff, 0xff, 0xff, 0x00, 0xff, 0xff, 0xff, 0x00, 0xff, 0xff,
0xff, 0x00, 0xff, 0xff, 0xff, 0x00, 0xff, 0xff, 0xff, 0x00, 0xff, 0xff, 0xff, 0x00, 0xff,
0xff, 0xff, 0x00, 0xff, 0xff, 0xff, 0x00, 0xff, 0xff, 0xff, 0x00, 0xff, 0xff, 0xff, 0x00,
0xff, 0xff, 0xff, 0x00, 0xff, 0xff, 0xff, 0x00, 0xff, 0xff, 0xff, 0x00, 0xff, 0xff, 0xff,
0x00, 0xff, 0xff, 0xff, 0x00, 0xff, 0xff, 0xff, 0x00, 0xff, 0xff, 0xff, 0x00, 0xff, 0xff,
0xff, 0x00, 0xff, 0xff, 0xff, 0x00, 0xff, 0xff, 0xff, 0x00, 0xff, 0xff, 0xff, 0x00, 0xff,
0xff, 0xff, 0x00, 0xff, 0xff, 0xff, 0x00, 0xff, 0xff, 0xff, 0x00, 0xff, 0xff, 0xff, 0x00,
0xff, 0xff, 0xff, 0x00, 0xff, 0xff, 0xff, 0x00, 0xff, 0xff, 0xff, 0x00, 0xff, 0xff, 0xff,
0x00, 0x01, 0xc3, 0xf5, 0x19, 0x03, 0xc8, 0xfb, 0xef, 0x03, 0xc8, 0xfb, 0xff, 0x03, 0xc8,
0xfb, 0xff, 0x03, 0xc8, 0xfb, 0xff, 0x03, 0xc8, 0xfb, 0xff, 0x03, 0xc8, 0xfb, 0xff, 0x03,
0xc8, 0xfb, 0xff, 0x03, 0xc8, 0xfb, 0xff, 0x03, 0xc8, 0xfb, 0xff, 0x03, 0xc8, 0xfb, 0xff,
0x03, 0xc8, 0xfb, 0xff, 0x03, 0xc8, 0xfb, 0xff, 0x03, 0xc8, 0xfb, 0xff, 0x03, 0xc8, 0xfb,
0xff, 0x03, 0xc8, 0xfb, 0xff, 0x03, 0xc8, 0xfb, 0xff, 0x03, 0xc8, 0xfb, 0xff, 0x03, 0xc8,
0xfb, 0xff, 0x03, 0xc8, 0xfb, 0xff, 0x03, 0xc8, 0xfb, 0xff, 0x03, 0xc8, 0xfb, 0xff, 0x03,
0xc8, 0xfb, 0xff, 0x03, 0xc8, 0xfb, 0xff, 0x03, 0xc8, 0xfb, 0xff, 0x03, 0xc8, 0xfb, 0xff,
0x03, 0xc8, 0xfb, 0xff, 0x03, 0xc8, 0xfb, 0xff, 0x3d, 0xd5, 0xfc, 0xff, 0xcf, 0xf5, 0xff,
0xff, 0xfe, 0xff, 0xff, 0xff, 0xfe, 0xff, 0xff, 0xff, 0xfe, 0xff, 0xff, 0xff, 0xfe, 0xff,
0xff, 0xff, 0xfe, 0xff, 0xff, 0xff, 0xfe, 0xff, 0xff, 0xff, 0xfe, 0xff, 0xff, 0xff, 0xfe,
0xff, 0xff, 0xff, 0xf8, 0xfe, 0xff, 0xff, 0xc0, 0xf2, 0xff, 0xff, 0x87, 0xe5, 0xfe, 0xff,
0x54, 0xda, 0xfd, 0xff, 0x2c, 0xd1, 0xfc, 0xff, 0x0f, 0xcb, 0xfc, 0xff, 0x03, 0xc8, 0xfb,
0xff, 0x03, 0xc8, 0xfb, 0xff, 0x03, 0xc8, 0xfb, 0xff, 0x03, 0xc8, 0xfb, 0xff, 0x03, 0xc8,
0xfb, 0xff, 0x03, 0xc9, 0xfc, 0xff, 0x16, 0xcd, 0xfc, 0xff, 0x38, 0xd4, 0xfc, 0xff, 0x60,
0xdd, 0xfd, 0xff, 0x90, 0xe7, 0xfe, 0xff, 0xc7, 0xf3, 0xff, 0xff, 0xfa, 0xfe, 0xff, 0xff,
0xfe, 0xff, 0xff, 0xff, 0xfe, 0xff, 0xff, 0xff, 0xfe, 0xff, 0xff, 0xff, 0xfe, 0xff, 0xff,
0xff, 0xfe, 0xff, 0xff, 0xff, 0xfe, 0xff, 0xff, 0xff, 0xfe, 0xff, 0xff, 0xff, 0xfe, 0xff,
0xff, 0xff, 0xb7, 0xf0, 0xfe, 0xff, 0x30, 0xd2, 0xfc, 0xff, 0x03, 0xc8, 0xfb, 0xff, 0x03,
0xc8, 0xfb, 0xff, 0x03, 0xc8, 0xfb, 0xff, 0x03, 0xc8, 0xfb, 0xff, 0x03, 0xc8, 0xfb, 0xff,
0x03, 0xc8, 0xfb, 0xff, 0x03, 0xc8, 0xfb, 0xff, 0x03, 0xc8, 0xfb, 0xff, 0x03, 0xc8, 0xfb,
0xff, 0x03, 0xc8, 0xfb, 0xff, 0x03, 0xc8, 0xfb, 0xff, 0x03, 0xc8, 0xfb, 0xff, 0x03, 0xc8,
0xfb, 0xff, 0x03, 0xc8, 0xfb, 0xff, 0x03, 0xc8, 0xfb, 0xff, 0x03, 0xc8, 0xfb, 0xff, 0x03,
0xc8, 0xfb, 0xff, 0x03, 0xc8, 0xfb, 0xff, 0x03, 0xc8, 0xfb, 0xff, 0x03, 0xc8, 0xfb, 0xff,
0x03, 0xc8, 0xfb, 0xff, 0x03, 0xc8, 0xfb, 0xff, 0x03, 0xc8, 0xfb, 0xff, 0x03, 0xc8, 0xfb,
0xff, 0x03, 0xc8, 0xfb, 0xff, 0x03, 0xc8, 0xfb, 0xff, 0x03, 0xc7, 0xfb, 0xd0, 0x01, 0x9a,
0xcd, 0x05, 0xff, 0xff, 0xff, 0x00, 0xff, 0xff, 0xff, 0x00, 0xff, 0xff, 0xff, 0x00, 0xff,
0xff, 0xff, 0x00, 0xff, 0xff, 0xff, 0x00, 0xff, 0xff, 0xff, 0x00, 0xff, 0xff, 0xff, 0x00,
0xff, 0xff, 0xff, 0x00, 0xff, 0xff, 0xff, 0x00, 0xff, 0xff, 0xff, 0x00, 0xff, 0xff, 0xff,
0x00, 0xff, 0xff, 0xff, 0x00, 0xff, 0xff, 0xff, 0x00, 0xff, 0xff, 0xff, 0x00, 0xff, 0xff,
0xff, 0x00, 0xff, 0xff, 0xff, 0x00, 0xff, 0xff, 0xff, 0x00, 0xff, 0xff, 0xff, 0x00, 0xff,
0xff, 0xff, 0x00, 0xff, 0xff, 0xff, 0x00, 0xff, 0xff, 0xff, 0x00, 0xff, 0xff, 0xff, 0x00,
0xff, 0xff, 0xff, 0x00, 0xff, 0xff, 0xff, 0x00, 0xff, 0xff, 0xff, 0x00, 0xff, 0xff, 0xff,
0x00, 0xff, 0xff, 0xff, 0x00, 0xff, 0xff, 0xff, 0x00, 0xff, 0xff, 0xff, 0x00, 0xff, 0xff,
0xff, 0x00, 0xff, 0xff, 0xff, 0x00, 0xff, 0xff, 0xff, 0x00, 0xff, 0xff, 0xff, 0x00, 0xff,
0xff, 0xff, 0x00, 0xff, 0xff, 0xff, 0x00, 0x01, 0xc8, 0xfa, 0x57, 0x03, 0xc8, 0xfb, 0xff,
0x03, 0xc8, 0xfb, 0xff, 0x03, 0xc8, 0xfb, 0xff, 0x03, 0xc8, 0xfb, 0xff, 0x03, 0xc8, 0xfb,
0xff, 0x03, 0xc8, 0xfb, 0xff, 0x03, 0xc8, 0xfb, 0xff, 0x03, 0xc8, 0xfb, 0xff, 0x03, 0xc8,
0xfb, 0xff, 0x03, 0xc8, 0xfb, 0xff, 0x03, 0xc8, 0xfb, 0xff, 0x03, 0xc8, 0xfb, 0xff, 0x03,
0xc8, 0xfb, 0xff, 0x03, 0xc8, 0xfb, 0xff, 0x03, 0xc8, 0xfb, 0xff, 0x03, 0xc8, 0xfb, 0xff,
0x03, 0xc8, 0xfb, 0xff, 0x03, 0xc8, 0xfb, 0xff, 0x03, 0xc8, 0xfb, 0xff, 0x03, 0xc8, 0xfb,
0xff, 0x03, 0xc8, 0xfb, 0xff, 0x03, 0xc8, 0xfb, 0xff, 0x03, 0xc8, 0xfb, 0xff, 0x03, 0xc8,
0xfb, 0xff, 0x03, 0xc8, 0xfb, 0xff, 0x03, 0xc8, 0xfb, 0xff, 0x03, 0xc8, 0xfb, 0xff, 0x05,
0xc9, 0xfc, 0xff, 0x61, 0xdd, 0xfd, 0xff, 0xdb, 0xf8, 0xff, 0xff, 0xfe, 0xff, 0xff, 0xff,
0xfe, 0xff, 0xff, 0xff, 0xfe, 0xff, 0xff, 0xff, 0xfe, 0xff, 0xff, 0xff, 0xfe, 0xff, 0xff,
0xff, 0xfe, 0xff, 0xff, 0xff, 0xfe, 0xff, 0xff, 0xff, 0xfe, 0xff, 0xff, 0xff, 0xfe, 0xff,
0xff, 0xff, 0xfe, 0xff, 0xff, 0xff, 0xfe, 0xff, 0xff, 0xff, 0xfe, 0xff, 0xff, 0xff, 0xf4,
0xfd, 0xff, 0xff, 0xe3, 0xf9, 0xff, 0xff, 0xdd, 0xf8, 0xff, 0xff, 0xde, 0xf8, 0xff, 0xff,
0xe9, 0xfb, 0xff, 0xff, 0xf9, 0xfe, 0xff, 0xff, 0xfe, 0xff, 0xff, 0xff, 0xfe, 0xff, 0xff,
0xff, 0xfe, 0xff, 0xff, 0xff, 0xfe, 0xff, 0xff, 0xff, 0xfe, 0xff, 0xff, 0xff, 0xfe, 0xff,
0xff, 0xff, 0xfe, 0xff, 0xff, 0xff, 0xfe, 0xff, 0xff, 0xff, 0xfe, 0xff, 0xff, 0xff, 0xfe,
0xff, 0xff, 0xff, 0xfe, 0xff, 0xff, 0xff, 0xfc, 0xff, 0xff, 0xff, 0xaf, 0xee, 0xfe, 0xff,
0x3d, 0xd5, 0xfc, 0xff, 0x03, 0xc8, 0xfb, 0xff, 0x03, 0xc8, 0xfb, 0xff, 0x03, 0xc8, 0xfb,
0xff, 0x03, 0xc8, 0xfb, 0xff, 0x03, 0xc8, 0xfb, 0xff, 0x03, 0xc8, 0xfb, 0xff, 0x03, 0xc8,
0xfb, 0xff, 0x03, 0xc8, 0xfb, 0xff, 0x03, 0xc8, 0xfb, 0xff, 0x03, 0xc8, 0xfb, 0xff, 0x03,
0xc8, 0xfb, 0xff, 0x03, 0xc8, 0xfb, 0xff, 0x03, 0xc8, 0xfb, 0xff, 0x03, 0xc8, 0xfb, 0xff,
0x03, 0xc8, 0xfb, 0xff, 0x03, 0xc8, 0xfb, 0xff, 0x03, 0xc8, 0xfb, 0xff, 0x03, 0xc8, 0xfb,
0xff, 0x03, 0xc8, 0xfb, 0xff, 0x03, 0xc8, 0xfb, 0xff, 0x03, 0xc8, 0xfb, 0xff, 0x03, 0xc8,
0xfb, 0xff, 0x03, 0xc8, 0xfb, 0xff, 0x03, 0xc8, 0xfb, 0xff, 0x03, 0xc8, 0xfb, 0xff, 0x03,
0xc8, 0xfb, 0xff, 0x03, 0xc8, 0xfb, 0xff, 0x03, 0xc8, 0xfb, 0xf9, 0x01, 0xc8, 0xfa, 0x32,
0xff, 0xff, 0xff, 0x00, 0xff, 0xff, 0xff, 0x00, 0xff, 0xff, 0xff, 0x00, 0xff, 0xff, 0xff,
0x00, 0xff, 0xff, 0xff, 0x00, 0xff, 0xff, 0xff, 0x00, 0xff, 0xff, 0xff, 0x00, 0xff, 0xff,
0xff, 0x00, 0xff, 0xff, 0xff, 0x00, 0xff, 0xff, 0xff, 0x00, 0xff, 0xff, 0xff, 0x00, 0xff,
0xff, 0xff, 0x00, 0xff, 0xff, 0xff, 0x00, 0xff, 0xff, 0xff, 0x00, 0xff, 0xff, 0xff, 0x00,
0xff, 0xff, 0xff, 0x00, 0xff, 0xff, 0xff, 0x00, 0xff, 0xff, 0xff, 0x00, 0xff, 0xff, 0xff,
0x00, 0xff, 0xff, 0xff, 0x00, 0xff, 0xff, 0xff, 0x00, 0xff, 0xff, 0xff, 0x00, 0xff, 0xff,
0xff, 0x00, 0xff, 0xff, 0xff, 0x00, 0xff, 0xff, 0xff, 0x00, 0xff, 0xff, 0xff, 0x00, 0xff,
0xff, 0xff, 0x00, 0xff, 0xff, 0xff, 0x00, 0xff, 0xff, 0xff, 0x00, 0xff, 0xff, 0xff, 0x00,
0xff, 0xff, 0xff, 0x00, 0xff, 0xff, 0xff, 0x00, 0xff, 0xff, 0xff, 0x00, 0xff, 0xff, 0xff,
0x00, 0xff, 0xff, 0xff, 0x00, 0xff, 0xff, 0xff, 0x00, 0xff, 0xff, 0xff, 0x00, 0x03, 0xc7,
0xfb, 0x99, 0x03, 0xc8, 0xfb, 0xff, 0x03, 0xc8, 0xfb, 0xff, 0x03, 0xc8, 0xfb, 0xff, 0x03,
0xc8, 0xfb, 0xff, 0x03, 0xc8, 0xfb, 0xff, 0x03, 0xc8, 0xfb, 0xff, 0x03, 0xc8, 0xfb, 0xff,
0x03, 0xc8, 0xfb, 0xff, 0x03, 0xc8, 0xfb, 0xff, 0x03, 0xc8, 0xfb, 0xff, 0x03, 0xc8, 0xfb,
0xff, 0x03, 0xc8, 0xfb, 0xff, 0x03, 0xc8, 0xfb, 0xff, 0x03, 0xc8, 0xfb, 0xff, 0x03, 0xc8,
0xfb, 0xff, 0x03, 0xc8, 0xfb, 0xff, 0x03, 0xc8, 0xfb, 0xff, 0x03, 0xc8, 0xfb, 0xff, 0x03,
0xc8, 0xfb, 0xff, 0x03, 0xc8, 0xfb, 0xff, 0x03, 0xc8, 0xfb, 0xff, 0x03, 0xc8, 0xfb, 0xff,
0x03, 0xc8, 0xfb, 0xff, 0x03, 0xc8, 0xfb, 0xff, 0x03, 0xc8, 0xfb, 0xff, 0x03, 0xc8, 0xfb,
0xff, 0x03, 0xc8, 0xfb, 0xff, 0x03, 0xc8, 0xfb, 0xff, 0x05, 0xc9, 0xfc, 0xff, 0x56, 0xda,
0xfd, 0xff, 0xbf, 0xf2, 0xfe, 0xff, 0xfe, 0xff, 0xff, 0xff, 0xfe, 0xff, 0xff, 0xff, 0xfe,
0xff, 0xff, 0xff, 0xfe, 0xff, 0xff, 0xff, 0xfe, 0xff, 0xff, 0xff, 0xfe, 0xff, 0xff, 0xff,
0xfe, 0xff, 0xff, 0xff, 0xfe, 0xff, 0xff, 0xff, 0xfe, 0xff, 0xff, 0xff, 0xfe, 0xff, 0xff,
0xff, 0xfe, 0xff, 0xff, 0xff, 0xfe, 0xff, 0xff, 0xff, 0xfe, 0xff, 0xff, 0xff, 0xfe, 0xff,
0xff, 0xff, 0xfe, 0xff, 0xff, 0xff, 0xfe, 0xff, 0xff, 0xff, 0xfe, 0xff, 0xff, 0xff, 0xfe,
0xff, 0xff, 0xff, 0xfe, 0xff, 0xff, 0xff, 0xfe, 0xff, 0xff, 0xff, 0xfe, 0xff, 0xff, 0xff,
0xfe, 0xff, 0xff, 0xff, 0xfe, 0xff, 0xff, 0xff, 0xfe, 0xff, 0xff, 0xff, 0xfe, 0xff, 0xff,
0xff, 0xdc, 0xf8, 0xff, 0xff, 0x81, 0xe4, 0xfe, 0xff, 0x22, 0xcf, 0xfc, 0xff, 0x03, 0xc8,
0xfb, 0xff, 0x03, 0xc8, 0xfb, 0xff, 0x03, 0xc8, 0xfb, 0xff, 0x03, 0xc8, 0xfb, 0xff, 0x03,
0xc8, 0xfb, 0xff, 0x03, 0xc8, 0xfb, 0xff, 0x03, 0xc8, 0xfb, 0xff, 0x03, 0xc8, 0xfb, 0xff,
0x03, 0xc8, 0xfb, 0xff, 0x03, 0xc8, 0xfb, 0xff, 0x03, 0xc8, 0xfb, 0xff, 0x03, 0xc8, 0xfb,
0xff, 0x03, 0xc8, 0xfb, 0xff, 0x03, 0xc8, 0xfb, 0xff, 0x03, 0xc8, 0xfb, 0xff, 0x03, 0xc8,
0xfb, 0xff, 0x03, 0xc8, 0xfb, 0xff, 0x03, 0xc8, 0xfb, 0xff, 0x03, 0xc8, 0xfb, 0xff, 0x03,
0xc8, 0xfb, 0xff, 0x03, 0xc8, 0xfb, 0xff, 0x03, 0xc8, 0xfb, 0xff, 0x03, 0xc8, 0xfb, 0xff,
0x03, 0xc8, 0xfb, 0xff, 0x03, 0xc8, 0xfb, 0xff, 0x03, 0xc8, 0xfb, 0xff, 0x03, 0xc8, 0xfb,
0xff, 0x03, 0xc8, 0xfb, 0xff, 0x03, 0xc8, 0xfb, 0xff, 0x01, 0xc8, 0xfb, 0x72, 0xff, 0xff,
0xff, 0x00, 0xff, 0xff, 0xff, 0x00, 0xff, 0xff, 0xff, 0x00, 0xff, 0xff, 0xff, 0x00, 0xff,
0xff, 0xff, 0x00, 0xff, 0xff, 0xff, 0x00, 0xff, 0xff, 0xff, 0x00, 0xff, 0xff, 0xff, 0x00,
0xff, 0xff, 0xff, 0x00, 0xff, 0xff, 0xff, 0x00, 0xff, 0xff, 0xff, 0x00, 0xff, 0xff, 0xff,
0x00, 0xff, 0xff, 0xff, 0x00, 0xff, 0xff, 0xff, 0x00, 0xff, 0xff, 0xff, 0x00, 0xff, 0xff,
0xff, 0x00, 0xff, 0xff, 0xff, 0x00, 0xff, 0xff, 0xff, 0x00, 0xff, 0xff, 0xff, 0x00, 0xff,
0xff, 0xff, 0x00, 0xff, 0xff, 0xff, 0x00, 0xff, 0xff, 0xff, 0x00, 0xff, 0xff, 0xff, 0x00,
0xff, 0xff, 0xff, 0x00, 0xff, 0xff, 0xff, 0x00, 0xff, 0xff, 0xff, 0x00, 0xff, 0xff, 0xff,
0x00, 0xff, 0xff, 0xff, 0x00, 0xff, 0xff, 0xff, 0x00, 0xff, 0xff, 0xff, 0x00, 0xff, 0xff,
0xff, 0x00, 0xff, 0xff, 0xff, 0x00, 0xff, 0xff, 0xff, 0x00, 0xff, 0xff, 0xff, 0x00, 0xff,
0xff, 0xff, 0x00, 0xff, 0xff, 0xff, 0x00, 0xff, 0xff, 0xff, 0x00, 0xff, 0xff, 0xff, 0x00,
0x01, 0xab, 0xd5, 0x06, 0x03, 0xc7, 0xfa, 0xc2, 0x03, 0xc8, 0xfb, 0xff, 0x03, 0xc8, 0xfb,
0xff, 0x03, 0xc8, 0xfb, 0xff, 0x03, 0xc8, 0xfb, 0xff, 0x03, 0xc8, 0xfb, 0xff, 0x03, 0xc8,
0xfb, 0xff, 0x03, 0xc8, 0xfb, 0xff, 0x03, 0xc8, 0xfb, 0xff, 0x03, 0xc8, 0xfb, 0xff, 0x03,
0xc8, 0xfb, 0xff, 0x03, 0xc8, 0xfb, 0xff, 0x03, 0xc8, 0xfb, 0xff, 0x03, 0xc8, 0xfb, 0xff,
0x03, 0xc8, 0xfb, 0xff, 0x03, 0xc8, 0xfb, 0xff, 0x03, 0xc8, 0xfb, 0xff, 0x03, 0xc8, 0xfb,
0xff, 0x03, 0xc8, 0xfb, 0xff, 0x03, 0xc8, 0xfb, 0xff, 0x03, 0xc8, 0xfb, 0xff, 0x03, 0xc8,
0xfb, 0xff, 0x03, 0xc8, 0xfb, 0xff, 0x03, 0xc8, 0xfb, 0xff, 0x03, 0xc8, 0xfb, 0xff, 0x03,
0xc8, 0xfb, 0xff, 0x03, 0xc8, 0xfb, 0xff, 0x03, 0xc8, 0xfb, 0xff, 0x03, 0xc8, 0xfb, 0xff,
0x03, 0xc8, 0xfb, 0xff, 0x03, 0xc8, 0xfb, 0xff, 0x24, 0xd0, 0xfc, 0xff, 0x77, 0xe2, 0xfd,
0xff, 0xc3, 0xf3, 0xff, 0xff, 0xfa, 0xfe, 0xff, 0xff, 0xfe, 0xff, 0xff, 0xff, 0xfe, 0xff,
0xff, 0xff, 0xfe, 0xff, 0xff, 0xff, 0xfe, 0xff, 0xff, 0xff, 0xfe, 0xff, 0xff, 0xff, 0xfe,
0xff, 0xff, 0xff, 0xfe, 0xff, 0xff, 0xff, 0xfe, 0xff, 0xff, 0xff, 0xfe, 0xff, 0xff, 0xff,
0xfe, 0xff, 0xff, 0xff, 0xfe, 0xff, 0xff, 0xff, 0xfe, 0xff, 0xff, 0xff, 0xfe, 0xff, 0xff,
0xff, 0xfe, 0xff, 0xff, 0xff, 0xfe, 0xff, 0xff, 0xff, 0xfe, 0xff, 0xff, 0xff, 0xfe, 0xff,
0xff, 0xff, 0xf8, 0xfe, 0xff, 0xff, 0xc2, 0xf2, 0xff, 0xff, 0x7f, 0xe4, 0xfd, 0xff, 0x33,
0xd3, 0xfc, 0xff, 0x03, 0xc8, 0xfb, 0xff, 0x03, 0xc8, 0xfb, 0xff, 0x03, 0xc8, 0xfb, 0xff,
0x03, 0xc8, 0xfb, 0xff, 0x03, 0xc8, 0xfb, 0xff, 0x03, 0xc8, 0xfb, 0xff, 0x03, 0xc8, 0xfb,
0xff, 0x03, 0xc8, 0xfb, 0xff, 0x03, 0xc8, 0xfb, 0xff, 0x03, 0xc8, 0xfb, 0xff, 0x03, 0xc8,
0xfb, 0xff, 0x03, 0xc8, 0xfb, 0xff, 0x03, 0xc8, 0xfb, 0xff, 0x03, 0xc8, 0xfb, 0xff, 0x03,
0xc8, 0xfb, 0xff, 0x03, 0xc8, 0xfb, 0xff, 0x03, 0xc8, 0xfb, 0xff, 0x03, 0xc8, 0xfb, 0xff,
0x03, 0xc8, 0xfb, 0xff, 0x03, 0xc8, 0xfb, 0xff, 0x03, 0xc8, 0xfb, 0xff, 0x03, 0xc8, 0xfb,
0xff, 0x03, 0xc8, 0xfb, 0xff, 0x03, 0xc8, 0xfb, 0xff, 0x03, 0xc8, 0xfb, 0xff, 0x03, 0xc8,
0xfb, 0xff, 0x03, 0xc8, 0xfb, 0xff, 0x03, 0xc8, 0xfb, 0xff, 0x03, 0xc8, 0xfb, 0xff, 0x03,
0xc8, 0xfb, 0xff, 0x03, 0xc8, 0xfb, 0xff, 0x03, 0xc8, 0xfb, 0xb3, 0x01, 0x01, 0x01, 0x01,
0xff, 0xff, 0xff, 0x00, 0xff, 0xff, 0xff, 0x00, 0xff, 0xff, 0xff, 0x00, 0xff, 0xff, 0xff,
0x00, 0xff, 0xff, 0xff, 0x00, 0xff, 0xff, 0xff, 0x00, 0xff, 0xff, 0xff, 0x00, 0xff, 0xff,
0xff, 0x00, 0xff, 0xff, 0xff, 0x00, 0xff, 0xff, 0xff, 0x00, 0xff, 0xff, 0xff, 0x00, 0xff,
0xff, 0xff, 0x00, 0xff, 0xff, 0xff, 0x00, 0xff, 0xff, 0xff, 0x00, 0xff, 0xff, 0xff, 0x00,
0xff, 0xff, 0xff, 0x00, 0xff, 0xff, 0xff, 0x00, 0xff, 0xff, 0xff, 0x00, 0xff, 0xff, 0xff,
0x00, 0xff, 0xff, 0xff, 0x00, 0xff, 0xff, 0xff, 0x00, 0xff, 0xff, 0xff, 0x00, 0xff, 0xff,
0xff, 0x00, 0xff, 0xff, 0xff, 0x00, 0xff, 0xff, 0xff, 0x00, 0xff, 0xff, 0xff, 0x00, 0xff,
0xff, 0xff, 0x00, 0xff, 0xff, 0xff, 0x00, 0xff, 0xff, 0xff, 0x00, 0xff, 0xff, 0xff, 0x00,
0xff, 0xff, 0xff, 0x00, 0xff, 0xff, 0xff, 0x00, 0xff, 0xff, 0xff, 0x00, 0xff, 0xff, 0xff,
0x00, 0xff, 0xff, 0xff, 0x00, 0xff, 0xff, 0xff, 0x00, 0xff, 0xff, 0xff, 0x00, 0xff, 0xff,
0xff, 0x00, 0xff, 0xff, 0xff, 0x00, 0x01, 0xbd, 0xf2, 0x13, 0x03, 0xc7, 0xfb, 0xd5, 0x03,
0xc8, 0xfb, 0xff, 0x03, 0xc8, 0xfb, 0xff, 0x03, 0xc8, 0xfb, 0xff, 0x03, 0xc8, 0xfb, 0xff,
0x03, 0xc8, 0xfb, 0xff, 0x03, 0xc8, 0xfb, 0xff, 0x03, 0xc8, 0xfb, 0xff, 0x03, 0xc8, 0xfb,
0xff, 0x03, 0xc8, 0xfb, 0xff, 0x03, 0xc8, 0xfb, 0xff, 0x03, 0xc8, 0xfb, 0xff, 0x03, 0xc8,
0xfb, 0xff, 0x03, 0xc8, 0xfb, 0xff, 0x03, 0xc8, 0xfb, 0xff, 0x03, 0xc8, 0xfb, 0xff, 0x03,
0xc8, 0xfb, 0xff, 0x03, 0xc8, 0xfb, 0xff, 0x03, 0xc8, 0xfb, 0xff, 0x03, 0xc8, 0xfb, 0xff,
0x03, 0xc8, 0xfb, 0xff, 0x03, 0xc8, 0xfb, 0xff, 0x03, 0xc8, 0xfb, 0xff, 0x03, 0xc8, 0xfb,
0xff, 0x03, 0xc8, 0xfb, 0xff, 0x03, 0xc8, 0xfb, 0xff, 0x03, 0xc8, 0xfb, 0xff, 0x03, 0xc8,
0xfb, 0xff, 0x03, 0xc8, 0xfb, 0xff, 0x03, 0xc8, 0xfb, 0xff, 0x03, 0xc8, 0xfb, 0xff, 0x03,
0xc8, 0xfb, 0xff, 0x03, 0xc8, 0xfb, 0xff, 0x0e, 0xcb, 0xfc, 0xff, 0x47, 0xd7, 0xfd, 0xff,
0x7b, 0xe3, 0xfd, 0xff, 0xa6, 0xec, 0xfe, 0xff, 0xc8, 0xf4, 0xff, 0xff, 0xe3, 0xf9, 0xff,
0xff, 0xfa, 0xfe, 0xff, 0xff, 0xfe, 0xff, 0xff, 0xff, 0xfe, 0xff, 0xff, 0xff, 0xfe, 0xff,
0xff, 0xff, 0xfe, 0xff, 0xff, 0xff, 0xfd, 0xff, 0xff, 0xff, 0xee, 0xfc, 0xff, 0xff, 0xd3,
0xf6, 0xff, 0xff, 0xb5, 0xef, 0xfe, 0xff, 0x90, 0xe7, 0xfe, 0xff, 0x69, 0xdf, 0xfd, 0xff,
0x39, 0xd4, 0xfc, 0xff, 0x09, 0xca, 0xfc, 0xff, 0x03, 0xc8, 0xfb, 0xff, 0x03, 0xc8, 0xfb,
0xff, 0x03, 0xc8, 0xfb, 0xff, 0x03, 0xc8, 0xfb, 0xff, 0x03, 0xc8, 0xfb, 0xff, 0x03, 0xc8,
0xfb, 0xff, 0x03, 0xc8, 0xfb, 0xff, 0x03, 0xc8, 0xfb, 0xff, 0x03, 0xc8, 0xfb, 0xff, 0x03,
0xc8, 0xfb, 0xff, 0x03, 0xc8, 0xfb, 0xff, 0x03, 0xc8, 0xfb, 0xff, 0x03, 0xc8, 0xfb, 0xff,
0x03, 0xc8, 0xfb, 0xff, 0x03, 0xc8, 0xfb, 0xff, 0x03, 0xc8, 0xfb, 0xff, 0x03, 0xc8, 0xfb,
0xff, 0x03, 0xc8, 0xfb, 0xff, 0x03, 0xc8, 0xfb, 0xff, 0x03, 0xc8, 0xfb, 0xff, 0x03, 0xc8,
0xfb, 0xff, 0x03, 0xc8, 0xfb, 0xff, 0x03, 0xc8, 0xfb, 0xff, 0x03, 0xc8, 0xfb, 0xff, 0x03,
0xc8, 0xfb, 0xff, 0x03, 0xc8, 0xfb, 0xff, 0x03, 0xc8, 0xfb, 0xff, 0x03, 0xc8, 0xfb, 0xff,
0x03, 0xc8, 0xfb, 0xff, 0x03, 0xc8, 0xfb, 0xff, 0x03, 0xc8, 0xfb, 0xff, 0x03, 0xc8, 0xfb,
0xff, 0x03, 0xc8, 0xfb, 0xff, 0x03, 0xc8, 0xfb, 0xd8, 0x01, 0xc0, 0xf0, 0x10, 0xff, 0xff,
0xff, 0x00, 0xff, 0xff, 0xff, 0x00, 0xff, 0xff, 0xff, 0x00, 0xff, 0xff, 0xff, 0x00, 0xff,
0xff, 0xff, 0x00, 0xff, 0xff, 0xff, 0x00, 0xff, 0xff, 0xff, 0x00, 0xff, 0xff, 0xff, 0x00,
0xff, 0xff, 0xff, 0x00, 0xff, 0xff, 0xff, 0x00, 0xff, 0xff, 0xff, 0x00, 0xff, 0xff, 0xff,
0x00, 0xff, 0xff, 0xff, 0x00, 0xff, 0xff, 0xff, 0x00, 0xff, 0xff, 0xff, 0x00, 0xff, 0xff,
0xff, 0x00, 0xff, 0xff, 0xff, 0x00, 0xff, 0xff, 0xff, 0x00, 0xff, 0xff, 0xff, 0x00, 0xff,
0xff, 0xff, 0x00, 0xff, 0xff, 0xff, 0x00, 0xff, 0xff, 0xff, 0x00, 0xff, 0xff, 0xff, 0x00,
0xff, 0xff, 0xff, 0x00, 0xff, 0xff, 0xff, 0x00, 0xff, 0xff, 0xff, 0x00, 0xff, 0xff, 0xff,
0x00, 0xff, 0xff, 0xff, 0x00, 0xff, 0xff, 0xff, 0x00, 0xff, 0xff, 0xff, 0x00, 0xff, 0xff,
0xff, 0x00, 0xff, 0xff, 0xff, 0x00, 0xff, 0xff, 0xff, 0x00, 0xff, 0xff, 0xff, 0x00, 0xff,
0xff, 0xff, 0x00, 0xff, 0xff, 0xff, 0x00, 0xff, 0xff, 0xff, 0x00, 0xff, 0xff, 0xff, 0x00,
0xff, 0xff, 0xff, 0x00, 0xff, 0xff, 0xff, 0x00, 0xff, 0xff, 0xff, 0x00, 0x01, 0xc0, 0xf6,
0x1c, 0x03, 0xc8, 0xfb, 0xdf, 0x03, 0xc8, 0xfb, 0xff, 0x03, 0xc8, 0xfb, 0xff, 0x03, 0xc8,
0xfb, 0xff, 0x03, 0xc8, 0xfb, 0xff, 0x03, 0xc8, 0xfb, 0xff, 0x03, 0xc8, 0xfb, 0xff, 0x03,
0xc8, 0xfb, 0xff, 0x03, 0xc8, 0xfb, 0xff, 0x03, 0xc8, 0xfb, 0xff, 0x03, 0xc8, 0xfb, 0xff,
0x03, 0xc8, 0xfb, 0xff, 0x03, 0xc8, 0xfb, 0xff, 0x03, 0xc8, 0xfb, 0xff, 0x03, 0xc8, 0xfb,
0xff, 0x03, 0xc8, 0xfb, 0xff, 0x03, 0xc8, 0xfb, 0xff, 0x03, 0xc8, 0xfb, 0xff, 0x03, 0xc8,
0xfb, 0xff, 0x03, 0xc8, 0xfb, 0xff, 0x03, 0xc8, 0xfb, 0xff, 0x03, 0xc8, 0xfb, 0xff, 0x03,
0xc8, 0xfb, 0xff, 0x03, 0xc8, 0xfb, 0xff, 0x03, 0xc8, 0xfb, 0xff, 0x03, 0xc8, 0xfb, 0xff,
0x03, 0xc8, 0xfb, 0xff, 0x03, 0xc8, 0xfb, 0xff, 0x03, 0xc8, 0xfb, 0xff, 0x03, 0xc8, 0xfb,
0xff, 0x03, 0xc8, 0xfb, 0xff, 0x03, 0xc8, 0xfb, 0xff, 0x03, 0xc8, 0xfb, 0xff, 0x03, 0xc8,
0xfb, 0xff, 0x03, 0xc8, 0xfb, 0xff, 0x03, 0xc8, 0xfb, 0xff, 0x03, 0xc8, 0xfb, 0xff, 0x03,
0xc8, 0xfb, 0xff, 0x03, 0xc9, 0xfc, 0xff, 0x0a, 0xca, 0xfc, 0xff, 0x13, 0xcc, 0xfc, 0xff,
0x14, 0xcc, 0xfc, 0xff, 0x0f, 0xcb, 0xfc, 0xff, 0x04, 0xc9, 0xfc, 0xff, 0x03, 0xc8, 0xfb,
0xff, 0x03, 0xc8, 0xfb, 0xff, 0x03, 0xc8, 0xfb, 0xff, 0x03, 0xc8, 0xfb, 0xff, 0x03, 0xc8,
0xfb, 0xff, 0x03, 0xc8, 0xfb, 0xff, 0x03, 0xc8, 0xfb, 0xff, 0x03, 0xc8, 0xfb, 0xff, 0x03,
0xc8, 0xfb, 0xff, 0x03, 0xc8, 0xfb, 0xff, 0x03, 0xc8, 0xfb, 0xff, 0x03, 0xc8, 0xfb, 0xff,
0x03, 0xc8, 0xfb, 0xff, 0x03, 0xc8, 0xfb, 0xff, 0x03, 0xc8, 0xfb, 0xff, 0x03, 0xc8, 0xfb,
0xff, 0x03, 0xc8, 0xfb, 0xff, 0x03, 0xc8, 0xfb, 0xff, 0x03, 0xc8, 0xfb, 0xff, 0x03, 0xc8,
0xfb, 0xff, 0x03, 0xc8, 0xfb, 0xff, 0x03, 0xc8, 0xfb, 0xff, 0x03, 0xc8, 0xfb, 0xff, 0x03,
0xc8, 0xfb, 0xff, 0x03, 0xc8, 0xfb, 0xff, 0x03, 0xc8, 0xfb, 0xff, 0x03, 0xc8, 0xfb, 0xff,
0x03, 0xc8, 0xfb, 0xff, 0x03, 0xc8, 0xfb, 0xff, 0x03, 0xc8, 0xfb, 0xff, 0x03, 0xc8, 0xfb,
0xff, 0x03, 0xc8, 0xfb, 0xff, 0x03, 0xc8, 0xfb, 0xff, 0x03, 0xc8, 0xfb, 0xff, 0x03, 0xc8,
0xfb, 0xff, 0x03, 0xc8, 0xfb, 0xff, 0x03, 0xc8, 0xfb, 0xff, 0x03, 0xc8, 0xfb, 0xff, 0x03,
0xc8, 0xfb, 0xff, 0x03, 0xc8, 0xfb, 0xef, 0x01, 0xc6, 0xf9, 0x28, 0xff, 0xff, 0xff, 0x00,
0xff, 0xff, 0xff, 0x00, 0xff, 0xff, 0xff, 0x00, 0xff, 0xff, 0xff, 0x00, 0xff, 0xff, 0xff,
0x00, 0xff, 0xff, 0xff, 0x00, 0xff, 0xff, 0xff, 0x00, 0xff, 0xff, 0xff, 0x00, 0xff, 0xff,
0xff, 0x00, 0xff, 0xff, 0xff, 0x00, 0xff, 0xff, 0xff, 0x00, 0xff, 0xff, 0xff, 0x00, 0xff,
0xff, 0xff, 0x00, 0xff, 0xff, 0xff, 0x00, 0xff, 0xff, 0xff, 0x00, 0xff, 0xff, 0xff, 0x00,
0xff, 0xff, 0xff, 0x00, 0xff, 0xff, 0xff, 0x00, 0xff, 0xff, 0xff, 0x00, 0xff, 0xff, 0xff,
0x00, 0xff, 0xff, 0xff, 0x00, 0xff, 0xff, 0xff, 0x00, 0xff, 0xff, 0xff, 0x00, 0xff, 0xff,
0xff, 0x00, 0xff, 0xff, 0xff, 0x00, 0xff, 0xff, 0xff, 0x00, 0xff, 0xff, 0xff, 0x00, 0xff,
0xff, 0xff, 0x00, 0xff, 0xff, 0xff, 0x00, 0xff, 0xff, 0xff, 0x00, 0xff, 0xff, 0xff, 0x00,
0xff, 0xff, 0xff, 0x00, 0xff, 0xff, 0xff, 0x00, 0xff, 0xff, 0xff, 0x00, 0xff, 0xff, 0xff,
0x00, 0xff, 0xff, 0xff, 0x00, 0xff, 0xff, 0xff, 0x00, 0xff, 0xff, 0xff, 0x00, 0xff, 0xff,
0xff, 0x00, 0xff, 0xff, 0xff, 0x00, 0xff, 0xff, 0xff, 0x00, 0xff, 0xff, 0xff, 0x00, 0xff,
0xff, 0xff, 0x00, 0x01, 0xc4, 0xf8, 0x22, 0x03, 0xc8, 0xfb, 0xe3, 0x03, 0xc8, 0xfb, 0xff,
0x03, 0xc8, 0xfb, 0xff, 0x03, 0xc8, 0xfb, 0xff, 0x03, 0xc8, 0xfb, 0xff, 0x03, 0xc8, 0xfb,
0xff, 0x03, 0xc8, 0xfb, 0xff, 0x03, 0xc8, 0xfb, 0xff, 0x03, 0xc8, 0xfb, 0xff, 0x03, 0xc8,
0xfb, 0xff, 0x03, 0xc8, 0xfb, 0xff, 0x03, 0xc8, 0xfb, 0xff, 0x03, 0xc8, 0xfb, 0xff, 0x03,
0xc8, 0xfb, 0xff, 0x03, 0xc8, 0xfb, 0xff, 0x03, 0xc8, 0xfb, 0xff, 0x03, 0xc8, 0xfb, 0xff,
0x03, 0xc8, 0xfb, 0xff, 0x03, 0xc8, 0xfb, 0xff, 0x03, 0xc8, 0xfb, 0xff, 0x03, 0xc8, 0xfb,
0xff, 0x03, 0xc8, 0xfb, 0xff, 0x03, 0xc8, 0xfb, 0xff, 0x03, 0xc8, 0xfb, 0xff, 0x03, 0xc8,
0xfb, 0xff, 0x03, 0xc8, 0xfb, 0xff, 0x03, 0xc8, 0xfb, 0xff, 0x03, 0xc8, 0xfb, 0xff, 0x03,
0xc8, 0xfb, 0xff, 0x03, 0xc8, 0xfb, 0xff, 0x03, 0xc8, 0xfb, 0xff, 0x03, 0xc8, 0xfb, 0xff,
0x03, 0xc8, 0xfb, 0xff, 0x03, 0xc8, 0xfb, 0xff, 0x03, 0xc8, 0xfb, 0xff, 0x03, 0xc8, 0xfb,
0xff, 0x03, 0xc8, 0xfb, 0xff, 0x03, 0xc8, 0xfb, 0xff, 0x03, 0xc8, 0xfb, 0xff, 0x03, 0xc8,
0xfb, 0xff, 0x03, 0xc8, 0xfb, 0xff, 0x03, 0xc8, 0xfb, 0xff, 0x03, 0xc8, 0xfb, 0xff, 0x03,
0xc8, 0xfb, 0xff, 0x03, 0xc8, 0xfb, 0xff, 0x03, 0xc8, 0xfb, 0xff, 0x03, 0xc8, 0xfb, 0xff,
0x03, 0xc8, 0xfb, 0xff, 0x03, 0xc8, 0xfb, 0xff, 0x03, 0xc8, 0xfb, 0xff, 0x03, 0xc8, 0xfb,
0xff, 0x03, 0xc8, 0xfb, 0xff, 0x03, 0xc8, 0xfb, 0xff, 0x03, 0xc8, 0xfb, 0xff, 0x03, 0xc8,
0xfb, 0xff, 0x03, 0xc8, 0xfb, 0xff, 0x03, 0xc8, 0xfb, 0xff, 0x03, 0xc8, 0xfb, 0xff, 0x03,
0xc8, 0xfb, 0xff, 0x03, 0xc8, 0xfb, 0xff, 0x03, 0xc8, 0xfb, 0xff, 0x03, 0xc8, 0xfb, 0xff,
0x03, 0xc8, 0xfb, 0xff, 0x03, 0xc8, 0xfb, 0xff, 0x03, 0xc8, 0xfb, 0xff, 0x03, 0xc8, 0xfb,
0xff, 0x03, 0xc8, 0xfb, 0xff, 0x03, 0xc8, 0xfb, 0xff, 0x03, 0xc8, 0xfb, 0xff, 0x03, 0xc8,
0xfb, 0xff, 0x03, 0xc8, 0xfb, 0xff, 0x03, 0xc8, 0xfb, 0xff, 0x03, 0xc8, 0xfb, 0xff, 0x03,
0xc8, 0xfb, 0xff, 0x03, 0xc8, 0xfb, 0xff, 0x03, 0xc8, 0xfb, 0xff, 0x03, 0xc8, 0xfb, 0xff,
0x03, 0xc8, 0xfb, 0xff, 0x03, 0xc8, 0xfb, 0xff, 0x03, 0xc8, 0xfb, 0xff, 0x03, 0xc8, 0xfb,
0xff, 0x03, 0xc8, 0xfb, 0xf7, 0x01, 0xc6, 0xfb, 0x3e, 0xff, 0xff, 0xff, 0x00, 0xff, 0xff,
0xff, 0x00, 0xff, 0xff, 0xff, 0x00, 0xff, 0xff, 0xff, 0x00, 0xff, 0xff, 0xff, 0x00, 0xff,
0xff, 0xff, 0x00, 0xff, 0xff, 0xff, 0x00, 0xff, 0xff, 0xff, 0x00, 0xff, 0xff, 0xff, 0x00,
0xff, 0xff, 0xff, 0x00, 0xff, 0xff, 0xff, 0x00, 0xff, 0xff, 0xff, 0x00, 0xff, 0xff, 0xff,
0x00, 0xff, 0xff, 0xff, 0x00, 0xff, 0xff, 0xff, 0x00, 0xff, 0xff, 0xff, 0x00, 0xff, 0xff,
0xff, 0x00, 0xff, 0xff, 0xff, 0x00, 0xff, 0xff, 0xff, 0x00, 0xff, 0xff, 0xff, 0x00, 0xff,
0xff, 0xff, 0x00, 0xff, 0xff, 0xff, 0x00, 0xff, 0xff, 0xff, 0x00, 0xff, 0xff, 0xff, 0x00,
0xff, 0xff, 0xff, 0x00, 0xff, 0xff, 0xff, 0x00, 0xff, 0xff, 0xff, 0x00, 0xff, 0xff, 0xff,
0x00, 0xff, 0xff, 0xff, 0x00, 0xff, 0xff, 0xff, 0x00, 0xff, 0xff, 0xff, 0x00, 0xff, 0xff,
0xff, 0x00, 0xff, 0xff, 0xff, 0x00, 0xff, 0xff, 0xff, 0x00, 0xff, 0xff, 0xff, 0x00, 0xff,
0xff, 0xff, 0x00, 0xff, 0xff, 0xff, 0x00, 0xff, 0xff, 0xff, 0x00, 0xff, 0xff, 0xff, 0x00,
0xff, 0xff, 0xff, 0x00, 0xff, 0xff, 0xff, 0x00, 0xff, 0xff, 0xff, 0x00, 0xff, 0xff, 0xff,
0x00, 0xff, 0xff, 0xff, 0x00, 0xff, 0xff, 0xff, 0x00, 0x01, 0xc3, 0xf9, 0x26, 0x03, 0xc8,
0xfb, 0xe5, 0x03, 0xc8, 0xfb, 0xff, 0x03, 0xc8, 0xfb, 0xff, 0x03, 0xc8, 0xfb, 0xff, 0x03,
0xc8, 0xfb, 0xff, 0x03, 0xc8, 0xfb, 0xff, 0x03, 0xc8, 0xfb, 0xff, 0x03, 0xc8, 0xfb, 0xff,
0x03, 0xc8, 0xfb, 0xff, 0x03, 0xc8, 0xfb, 0xff, 0x03, 0xc8, 0xfb, 0xff, 0x03, 0xc8, 0xfb,
0xff, 0x03, 0xc8, 0xfb, 0xff, 0x03, 0xc8, 0xfb, 0xff, 0x03, 0xc8, 0xfb, 0xff, 0x03, 0xc8,
0xfb, 0xff, 0x03, 0xc8, 0xfb, 0xff, 0x03, 0xc8, 0xfb, 0xff, 0x03, 0xc8, 0xfb, 0xff, 0x03,
0xc8, 0xfb, 0xff, 0x03, 0xc8, 0xfb, 0xff, 0x03, 0xc8, 0xfb, 0xff, 0x03, 0xc8, 0xfb, 0xff,
0x03, 0xc8, 0xfb, 0xff, 0x03, 0xc8, 0xfb, 0xff, 0x03, 0xc8, 0xfb, 0xff, 0x03, 0xc8, 0xfb,
0xff, 0x03, 0xc8, 0xfb, 0xff, 0x03, 0xc8, 0xfb, 0xff, 0x03, 0xc8, 0xfb, 0xff, 0x03, 0xc8,
0xfb, 0xff, 0x03, 0xc8, 0xfb, 0xff, 0x03, 0xc8, 0xfb, 0xff, 0x03, 0xc8, 0xfb, 0xff, 0x03,
0xc8, 0xfb, 0xff, 0x03, 0xc8, 0xfb, 0xff, 0x03, 0xc8, 0xfb, 0xff, 0x03, 0xc8, 0xfb, 0xff,
0x03, 0xc8, 0xfb, 0xff, 0x03, 0xc8, 0xfb, 0xff, 0x03, 0xc8, 0xfb, 0xff, 0x03, 0xc8, 0xfb,
0xff, 0x03, 0xc8, 0xfb, 0xff, 0x03, 0xc8, 0xfb, 0xff, 0x03, 0xc8, 0xfb, 0xff, 0x03, 0xc8,
0xfb, 0xff, 0x03, 0xc8, 0xfb, 0xff, 0x03, 0xc8, 0xfb, 0xff, 0x03, 0xc8, 0xfb, 0xff, 0x03,
0xc8, 0xfb, 0xff, 0x03, 0xc8, 0xfb, 0xff, 0x03, 0xc8, 0xfb, 0xff, 0x03, 0xc8, 0xfb, 0xff,
0x03, 0xc8, 0xfb, 0xff, 0x03, 0xc8, 0xfb, 0xff, 0x03, 0xc8, 0xfb, 0xff, 0x03, 0xc8, 0xfb,
0xff, 0x03, 0xc8, 0xfb, 0xff, 0x03, 0xc8, 0xfb, 0xff, 0x03, 0xc8, 0xfb, 0xff, 0x03, 0xc8,
0xfb, 0xff, 0x03, 0xc8, 0xfb, 0xff, 0x03, 0xc8, 0xfb, 0xff, 0x03, 0xc8, 0xfb, 0xff, 0x03,
0xc8, 0xfb, 0xff, 0x03, 0xc8, 0xfb, 0xff, 0x03, 0xc8, 0xfb, 0xff, 0x03, 0xc8, 0xfb, 0xff,
0x03, 0xc8, 0xfb, 0xff, 0x03, 0xc8, 0xfb, 0xff, 0x03, 0xc8, 0xfb, 0xff, 0x03, 0xc8, 0xfb,
0xff, 0x03, 0xc8, 0xfb, 0xff, 0x03, 0xc8, 0xfb, 0xff, 0x03, 0xc8, 0xfb, 0xff, 0x03, 0xc8,
0xfb, 0xff, 0x03, 0xc8, 0xfb, 0xff, 0x03, 0xc8, 0xfb, 0xff, 0x03, 0xc8, 0xfb, 0xff, 0x03,
0xc8, 0xfb, 0xfb, 0x01, 0xc8, 0xf9, 0x52, 0xff, 0xff, 0xff, 0x00, 0xff, 0xff, 0xff, 0x00,
0xff, 0xff, 0xff, 0x00, 0xff, 0xff, 0xff, 0x00, 0xff, 0xff, 0xff, 0x00, 0xff, 0xff, 0xff,
0x00, 0xff, 0xff, 0xff, 0x00, 0xff, 0xff, 0xff, 0x00, 0xff, 0xff, 0xff, 0x00, 0xff, 0xff,
0xff, 0x00, 0xff, 0xff, 0xff, 0x00, 0xff, 0xff, 0xff, 0x00, 0xff, 0xff, 0xff, 0x00, 0xff,
0xff, 0xff, 0x00, 0xff, 0xff, 0xff, 0x00, 0xff, 0xff, 0xff, 0x00, 0xff, 0xff, 0xff, 0x00,
0xff, 0xff, 0xff, 0x00, 0xff, 0xff, 0xff, 0x00, 0xff, 0xff, 0xff, 0x00, 0xff, 0xff, 0xff,
0x00, 0xff, 0xff, 0xff, 0x00, 0xff, 0xff, 0xff, 0x00, 0xff, 0xff, 0xff, 0x00, 0xff, 0xff,
0xff, 0x00, 0xff, 0xff, 0xff, 0x00, 0xff, 0xff, 0xff, 0x00, 0xff, 0xff, 0xff, 0x00, 0xff,
0xff, 0xff, 0x00, 0xff, 0xff, 0xff, 0x00, 0xff, 0xff, 0xff, 0x00, 0xff, 0xff, 0xff, 0x00,
0xff, 0xff, 0xff, 0x00, 0xff, 0xff, 0xff, 0x00, 0xff, 0xff, 0xff, 0x00, 0xff, 0xff, 0xff,
0x00, 0xff, 0xff, 0xff, 0x00, 0xff, 0xff, 0xff, 0x00, 0xff, 0xff, 0xff, 0x00, 0xff, 0xff,
0xff, 0x00, 0xff, 0xff, 0xff, 0x00, 0xff, 0xff, 0xff, 0x00, 0xff, 0xff, 0xff, 0x00, 0xff,
0xff, 0xff, 0x00, 0xff, 0xff, 0xff, 0x00, 0xff, 0xff, 0xff, 0x00, 0xff, 0xff, 0xff, 0x00,
0x01, 0xc6, 0xf9, 0x28, 0x03, 0xc7, 0xfb, 0xe7, 0x03, 0xc8, 0xfb, 0xff, 0x03, 0xc8, 0xfb,
0xff, 0x03, 0xc8, 0xfb, 0xff, 0x03, 0xc8, 0xfb, 0xff, 0x03, 0xc8, 0xfb, 0xff, 0x03, 0xc8,
0xfb, 0xff, 0x03, 0xc8, 0xfb, 0xff, 0x03, 0xc8, 0xfb, 0xff, 0x03, 0xc8, 0xfb, 0xff, 0x03,
0xc8, 0xfb, 0xff, 0x03, 0xc8, 0xfb, 0xff, 0x03, 0xc8, 0xfb, 0xff, 0x03, 0xc8, 0xfb, 0xff,
0x03, 0xc8, 0xfb, 0xff, 0x03, 0xc8, 0xfb, 0xff, 0x03, 0xc8, 0xfb, 0xff, 0x03, 0xc8, 0xfb,
0xff, 0x03, 0xc8, 0xfb, 0xff, 0x03, 0xc8, 0xfb, 0xff, 0x03, 0xc8, 0xfb, 0xff, 0x03, 0xc8,
0xfb, 0xff, 0x03, 0xc8, 0xfb, 0xff, 0x03, 0xc8, 0xfb, 0xff, 0x03, 0xc8, 0xfb, 0xff, 0x03,
0xc8, 0xfb, 0xff, 0x03, 0xc8, 0xfb, 0xff, 0x03, 0xc8, 0xfb, 0xff, 0x03, 0xc8, 0xfb, 0xff,
0x03, 0xc8, 0xfb, 0xff, 0x03, 0xc8, 0xfb, 0xff, 0x03, 0xc8, 0xfb, 0xff, 0x03, 0xc8, 0xfb,
0xff, 0x03, 0xc8, 0xfb, 0xff, 0x03, 0xc8, 0xfb, 0xff, 0x03, 0xc8, 0xfb, 0xff, 0x03, 0xc8,
0xfb, 0xff, 0x03, 0xc8, 0xfb, 0xff, 0x03, 0xc8, 0xfb, 0xff, 0x03, 0xc8, 0xfb, 0xff, 0x03,
0xc8, 0xfb, 0xff, 0x03, 0xc8, 0xfb, 0xff, 0x03, 0xc8, 0xfb, 0xff, 0x03, 0xc8, 0xfb, 0xff,
0x03, 0xc8, 0xfb, 0xff, 0x03, 0xc8, 0xfb, 0xff, 0x03, 0xc8, 0xfb, 0xff, 0x03, 0xc8, 0xfb,
0xff, 0x03, 0xc8, 0xfb, 0xff, 0x03, 0xc8, 0xfb, 0xff, 0x03, 0xc8, 0xfb, 0xff, 0x03, 0xc8,
0xfb, 0xff, 0x03, 0xc8, 0xfb, 0xff, 0x03, 0xc8, 0xfb, 0xff, 0x03, 0xc8, 0xfb, 0xff, 0x03,
0xc8, 0xfb, 0xff, 0x03, 0xc8, 0xfb, 0xff, 0x03, 0xc8, 0xfb, 0xff, 0x03, 0xc8, 0xfb, 0xff,
0x03, 0xc8, 0xfb, 0xff, 0x03, 0xc8, 0xfb, 0xff, 0x03, 0xc8, 0xfb, 0xff, 0x03, 0xc8, 0xfb,
0xff, 0x03, 0xc8, 0xfb, 0xff, 0x03, 0xc8, 0xfb, 0xff, 0x03, 0xc8, 0xfb, 0xff, 0x03, 0xc8,
0xfb, 0xff, 0x03, 0xc8, 0xfb, 0xff, 0x03, 0xc8, 0xfb, 0xff, 0x03, 0xc8, 0xfb, 0xff, 0x03,
0xc8, 0xfb, 0xff, 0x03, 0xc8, 0xfb, 0xff, 0x03, 0xc8, 0xfb, 0xff, 0x03, 0xc8, 0xfb, 0xff,
0x03, 0xc8, 0xfb, 0xff, 0x03, 0xc8, 0xfb, 0xff, 0x03, 0xc8, 0xfb, 0xff, 0x03, 0xc8, 0xfb,
0xfc, 0x01, 0xc6, 0xfa, 0x59, 0xff, 0xff, 0xff, 0x00, 0xff, 0xff, 0xff, 0x00, 0xff, 0xff,
0xff, 0x00, 0xff, 0xff, 0xff, 0x00, 0xff, 0xff, 0xff, 0x00, 0xff, 0xff, 0xff, 0x00, 0xff,
0xff, 0xff, 0x00, 0xff, 0xff, 0xff, 0x00, 0xff, 0xff, 0xff, 0x00, 0xff, 0xff, 0xff, 0x00,
0xff, 0xff, 0xff, 0x00, 0xff, 0xff, 0xff, 0x00, 0xff, 0xff, 0xff, 0x00, 0xff, 0xff, 0xff,
0x00, 0xff, 0xff, 0xff, 0x00, 0xff, 0xff, 0xff, 0x00, 0xff, 0xff, 0xff, 0x00, 0xff, 0xff,
0xff, 0x00, 0xff, 0xff, 0xff, 0x00, 0xff, 0xff, 0xff, 0x00, 0xff, 0xff, 0xff, 0x00, 0xff,
0xff, 0xff, 0x00, 0xff, 0xff, 0xff, 0x00, 0xff, 0xff, 0xff, 0x00, 0xff, 0xff, 0xff, 0x00,
0xff, 0xff, 0xff, 0x00, 0xff, 0xff, 0xff, 0x00, 0xff, 0xff, 0xff, 0x00, 0xff, 0xff, 0xff,
0x00, 0xff, 0xff, 0xff, 0x00, 0xff, 0xff, 0xff, 0x00, 0xff, 0xff, 0xff, 0x00, 0xff, 0xff,
0xff, 0x00, 0xff, 0xff, 0xff, 0x00, 0xff, 0xff, 0xff, 0x00, 0xff, 0xff, 0xff, 0x00, 0xff,
0xff, 0xff, 0x00, 0xff, 0xff, 0xff, 0x00, 0xff, 0xff, 0xff, 0x00, 0xff, 0xff, 0xff, 0x00,
0xff, 0xff, 0xff, 0x00, 0xff, 0xff, 0xff, 0x00, 0xff, 0xff, 0xff, 0x00, 0xff, 0xff, 0xff,
0x00, 0xff, 0xff, 0xff, 0x00, 0xff, 0xff, 0xff, 0x00, 0xff, 0xff, 0xff, 0x00, 0xff, 0xff,
0xff, 0x00, 0xff, 0xff, 0xff, 0x00, 0x01, 0xc6, 0xf9, 0x28, 0x03, 0xc8, 0xfb, 0xe4, 0x03,
0xc8, 0xfb, 0xff, 0x03, 0xc8, 0xfb, 0xff, 0x03, 0xc8, 0xfb, 0xff, 0x03, 0xc8, 0xfb, 0xff,
0x03, 0xc8, 0xfb, 0xff, 0x03, 0xc8, 0xfb, 0xff, 0x03, 0xc8, 0xfb, 0xff, 0x03, 0xc8, 0xfb,
0xff, 0x03, 0xc8, 0xfb, 0xff, 0x03, 0xc8, 0xfb, 0xff, 0x03, 0xc8, 0xfb, 0xff, 0x03, 0xc8,
0xfb, 0xff, 0x03, 0xc8, 0xfb, 0xff, 0x03, 0xc8, 0xfb, 0xff, 0x03, 0xc8, 0xfb, 0xff, 0x03,
0xc8, 0xfb, 0xff, 0x03, 0xc8, 0xfb, 0xff, 0x03, 0xc8, 0xfb, 0xff, 0x03, 0xc8, 0xfb, 0xff,
0x03, 0xc8, 0xfb, 0xff, 0x03, 0xc8, 0xfb, 0xff, 0x03, 0xc8, 0xfb, 0xff, 0x03, 0xc8, 0xfb,
0xff, 0x03, 0xc8, 0xfb, 0xff, 0x03, 0xc8, 0xfb, 0xff, 0x03, 0xc8, 0xfb, 0xff, 0x03, 0xc8,
0xfb, 0xff, 0x03, 0xc8, 0xfb, 0xff, 0x03, 0xc8, 0xfb, 0xff, 0x03, 0xc8, 0xfb, 0xff, 0x03,
0xc8, 0xfb, 0xff, 0x03, 0xc8, 0xfb, 0xff, 0x03, 0xc8, 0xfb, 0xff, 0x03, 0xc8, 0xfb, 0xff,
0x03, 0xc8, 0xfb, 0xff, 0x03, 0xc8, 0xfb, 0xff, 0x03, 0xc8, 0xfb, 0xff, 0x03, 0xc8, 0xfb,
0xff, 0x03, 0xc8, 0xfb, 0xff, 0x03, 0xc8, 0xfb, 0xff, 0x03, 0xc8, 0xfb, 0xff, 0x03, 0xc8,
0xfb, 0xff, 0x03, 0xc8, 0xfb, 0xff, 0x03, 0xc8, 0xfb, 0xff, 0x03, 0xc8, 0xfb, 0xff, 0x03,
0xc8, 0xfb, 0xff, 0x03, 0xc8, 0xfb, 0xff, 0x03, 0xc8, 0xfb, 0xff, 0x03, 0xc8, 0xfb, 0xff,
0x03, 0xc8, 0xfb, 0xff, 0x03, 0xc8, 0xfb, 0xff, 0x03, 0xc8, 0xfb, 0xff, 0x03, 0xc8, 0xfb,
0xff, 0x03, 0xc8, 0xfb, 0xff, 0x03, 0xc8, 0xfb, 0xff, 0x03, 0xc8, 0xfb, 0xff, 0x03, 0xc8,
0xfb, 0xff, 0x03, 0xc8, 0xfb, 0xff, 0x03, 0xc8, 0xfb, 0xff, 0x03, 0xc8, 0xfb, 0xff, 0x03,
0xc8, 0xfb, 0xff, 0x03, 0xc8, 0xfb, 0xff, 0x03, 0xc8, 0xfb, 0xff, 0x03, 0xc8, 0xfb, 0xff,
0x03, 0xc8, 0xfb, 0xff, 0x03, 0xc8, 0xfb, 0xff, 0x03, 0xc8, 0xfb, 0xff, 0x03, 0xc8, 0xfb,
0xff, 0x03, 0xc8, 0xfb, 0xff, 0x03, 0xc8, 0xfb, 0xff, 0x03, 0xc8, 0xfb, 0xff, 0x03, 0xc8,
0xfb, 0xff, 0x03, 0xc8, 0xfb, 0xff, 0x03, 0xc8, 0xfb, 0xff, 0x03, 0xc8, 0xfb, 0xfa, 0x01,
0xc7, 0xfa, 0x5a, 0xff, 0xff, 0xff, 0x00, 0xff, 0xff, 0xff, 0x00, 0xff, 0xff, 0xff, 0x00,
0xff, 0xff, 0xff, 0x00, 0xff, 0xff, 0xff, 0x00, 0xff, 0xff, 0xff, 0x00, 0xff, 0xff, 0xff,
0x00, 0xff, 0xff, 0xff, 0x00, 0xff, 0xff, 0xff, 0x00, 0xff, 0xff, 0xff, 0x00, 0xff, 0xff,
0xff, 0x00, 0xff, 0xff, 0xff, 0x00, 0xff, 0xff, 0xff, 0x00, 0xff, 0xff, 0xff, 0x00, 0xff,
0xff, 0xff, 0x00, 0xff, 0xff, 0xff, 0x00, 0xff, 0xff, 0xff, 0x00, 0xff, 0xff, 0xff, 0x00,
0xff, 0xff, 0xff, 0x00, 0xff, 0xff, 0xff, 0x00, 0xff, 0xff, 0xff, 0x00, 0xff, 0xff, 0xff,
0x00, 0xff, 0xff, 0xff, 0x00, 0xff, 0xff, 0xff, 0x00, 0xff, 0xff, 0xff, 0x00, 0xff, 0xff,
0xff, 0x00, 0xff, 0xff, 0xff, 0x00, 0xff, 0xff, 0xff, 0x00, 0xff, 0xff, 0xff, 0x00, 0xff,
0xff, 0xff, 0x00, 0xff, 0xff, 0xff, 0x00, 0xff, 0xff, 0xff, 0x00, 0xff, 0xff, 0xff, 0x00,
0xff, 0xff, 0xff, 0x00, 0xff, 0xff, 0xff, 0x00, 0xff, 0xff, 0xff, 0x00, 0xff, 0xff, 0xff,
0x00, 0xff, 0xff, 0xff, 0x00, 0xff, 0xff, 0xff, 0x00, 0xff, 0xff, 0xff, 0x00, 0xff, 0xff,
0xff, 0x00, 0xff, 0xff, 0xff, 0x00, 0xff, 0xff, 0xff, 0x00, 0xff, 0xff, 0xff, 0x00, 0xff,
0xff, 0xff, 0x00, 0xff, 0xff, 0xff, 0x00, 0xff, 0xff, 0xff, 0x00, 0xff, 0xff, 0xff, 0x00,
0xff, 0xff, 0xff, 0x00, 0xff, 0xff, 0xff, 0x00, 0xff, 0xff, 0xff, 0x00, 0x01, 0xc5, 0xf8,
0x23, 0x03, 0xc8, 0xfb, 0xe0, 0x03, 0xc8, 0xfb, 0xff, 0x03, 0xc8, 0xfb, 0xff, 0x03, 0xc8,
0xfb, 0xff, 0x03, 0xc8, 0xfb, 0xff, 0x03, 0xc8, 0xfb, 0xff, 0x03, 0xc8, 0xfb, 0xff, 0x03,
0xc8, 0xfb, 0xff, 0x03, 0xc8, 0xfb, 0xff, 0x03, 0xc8, 0xfb, 0xff, 0x03, 0xc8, 0xfb, 0xff,
0x03, 0xc8, 0xfb, 0xff, 0x03, 0xc8, 0xfb, 0xff, 0x03, 0xc8, 0xfb, 0xff, 0x03, 0xc8, 0xfb,
0xff, 0x03, 0xc8, 0xfb, 0xff, 0x03, 0xc8, 0xfb, 0xff, 0x03, 0xc8, 0xfb, 0xff, 0x03, 0xc8,
0xfb, 0xff, 0x03, 0xc8, 0xfb, 0xff, 0x03, 0xc8, 0xfb, 0xff, 0x03, 0xc8, 0xfb, 0xff, 0x03,
0xc8, 0xfb, 0xff, 0x03, 0xc8, 0xfb, 0xff, 0x03, 0xc8, 0xfb, 0xff, 0x03, 0xc8, 0xfb, 0xff,
0x03, 0xc8, 0xfb, 0xff, 0x03, 0xc8, 0xfb, 0xff, 0x03, 0xc8, 0xfb, 0xff, 0x03, 0xc8, 0xfb,
0xff, 0x03, 0xc8, 0xfb, 0xff, 0x03, 0xc8, 0xfb, 0xff, 0x03, 0xc8, 0xfb, 0xff, 0x03, 0xc8,
0xfb, 0xff, 0x03, 0xc8, 0xfb, 0xff, 0x03, 0xc8, 0xfb, 0xff, 0x03, 0xc8, 0xfb, 0xff, 0x03,
0xc8, 0xfb, 0xff, 0x03, 0xc8, 0xfb, 0xff, 0x03, 0xc8, 0xfb, 0xff, 0x03, 0xc8, 0xfb, 0xff,
0x03, 0xc8, 0xfb, 0xff, 0x03, 0xc8, 0xfb, 0xff, 0x03, 0xc8, 0xfb, 0xff, 0x03, 0xc8, 0xfb,
0xff, 0x03, 0xc8, 0xfb, 0xff, 0x03, 0xc8, 0xfb, 0xff, 0x03, 0xc8, 0xfb, 0xff, 0x03, 0xc8,
0xfb, 0xff, 0x03, 0xc8, 0xfb, 0xff, 0x03, 0xc8, 0xfb, 0xff, 0x03, 0xc8, 0xfb, 0xff, 0x03,
0xc8, 0xfb, 0xff, 0x03, 0xc8, 0xfb, 0xff, 0x03, 0xc8, 0xfb, 0xff, 0x03, 0xc8, 0xfb, 0xff,
0x03, 0xc8, 0xfb, 0xff, 0x03, 0xc8, 0xfb, 0xff, 0x03, 0xc8, 0xfb, 0xff, 0x03, 0xc8, 0xfb,
0xff, 0x03, 0xc8, 0xfb, 0xff, 0x03, 0xc8, 0xfb, 0xff, 0x03, 0xc8, 0xfb, 0xff, 0x03, 0xc8,
0xfb, 0xff, 0x03, 0xc8, 0xfb, 0xff, 0x03, 0xc8, 0xfb, 0xff, 0x03, 0xc8, 0xfb, 0xff, 0x03,
0xc8, 0xfb, 0xff, 0x03, 0xc8, 0xfb, 0xff, 0x03, 0xc8, 0xfb, 0xff, 0x03, 0xc8, 0xfb, 0xff,
0x03, 0xc8, 0xfb, 0xff, 0x03, 0xc8, 0xfb, 0xff, 0x03, 0xc8, 0xfb, 0xf5, 0x01, 0xc6, 0xf9,
0x4b, 0xff, 0xff, 0xff, 0x00, 0xff, 0xff, 0xff, 0x00, 0xff, 0xff, 0xff, 0x00, 0xff, 0xff,
0xff, 0x00, 0xff, 0xff, 0xff, 0x00, 0xff, 0xff, 0xff, 0x00, 0xff, 0xff, 0xff, 0x00, 0xff,
0xff, 0xff, 0x00, 0xff, 0xff, 0xff, 0x00, 0xff, 0xff, 0xff, 0x00, 0xff, 0xff, 0xff, 0x00,
0xff, 0xff, 0xff, 0x00, 0xff, 0xff, 0xff, 0x00, 0xff, 0xff, 0xff, 0x00, 0xff, 0xff, 0xff,
0x00, 0xff, 0xff, 0xff, 0x00, 0xff, 0xff, 0xff, 0x00, 0xff, 0xff, 0xff, 0x00, 0xff, 0xff,
0xff, 0x00, 0xff, 0xff, 0xff, 0x00, 0xff, 0xff, 0xff, 0x00, 0xff, 0xff, 0xff, 0x00, 0xff,
0xff, 0xff, 0x00, 0xff, 0xff, 0xff, 0x00, 0xff, 0xff, 0xff, 0x00, 0xff, 0xff, 0xff, 0x00,
0xff, 0xff, 0xff, 0x00, 0xff, 0xff, 0xff, 0x00, 0xff, 0xff, 0xff, 0x00, 0xff, 0xff, 0xff,
0x00, 0xff, 0xff, 0xff, 0x00, 0xff, 0xff, 0xff, 0x00, 0xff, 0xff, 0xff, 0x00, 0xff, 0xff,
0xff, 0x00, 0xff, 0xff, 0xff, 0x00, 0xff, 0xff, 0xff, 0x00, 0xff, 0xff, 0xff, 0x00, 0xff,
0xff, 0xff, 0x00, 0xff, 0xff, 0xff, 0x00, 0xff, 0xff, 0xff, 0x00, 0xff, 0xff, 0xff, 0x00,
0xff, 0xff, 0xff, 0x00, 0xff, 0xff, 0xff, 0x00, 0xff, 0xff, 0xff, 0x00, 0xff, 0xff, 0xff,
0x00, 0xff, 0xff, 0xff, 0x00, 0xff, 0xff, 0xff, 0x00, 0xff, 0xff, 0xff, 0x00, 0xff, 0xff,
0xff, 0x00, 0xff, 0xff, 0xff, 0x00, 0xff, 0xff, 0xff, 0x00, 0xff, 0xff, 0xff, 0x00, 0xff,
0xff, 0xff, 0x00, 0x01, 0xc2, 0xf7, 0x1d, 0x03, 0xc8, 0xfb, 0xd3, 0x03, 0xc8, 0xfb, 0xff,
0x03, 0xc8, 0xfb, 0xff, 0x03, 0xc8, 0xfb, 0xff, 0x03, 0xc8, 0xfb, 0xff, 0x03, 0xc8, 0xfb,
0xff, 0x03, 0xc8, 0xfb, 0xff, 0x03, 0xc8, 0xfb, 0xff, 0x03, 0xc8, 0xfb, 0xff, 0x03, 0xc8,
0xfb, 0xff, 0x03, 0xc8, 0xfb, 0xff, 0x03, 0xc8, 0xfb, 0xff, 0x03, 0xc8, 0xfb, 0xff, 0x03,
0xc8, 0xfb, 0xff, 0x03, 0xc8, 0xfb, 0xff, 0x03, 0xc8, 0xfb, 0xff, 0x03, 0xc8, 0xfb, 0xff,
0x03, 0xc8, 0xfb, 0xff, 0x03, 0xc8, 0xfb, 0xff, 0x03, 0xc8, 0xfb, 0xff, 0x03, 0xc8, 0xfb,
0xff, 0x03, 0xc8, 0xfb, 0xff, 0x03, 0xc8, 0xfb, 0xff, 0x03, 0xc8, 0xfb, 0xff, 0x03, 0xc8,
0xfb, 0xff, 0x03, 0xc8, 0xfb, 0xff, 0x03, 0xc8, 0xfb, 0xff, 0x03, 0xc8, 0xfb, 0xff, 0x03,
0xc8, 0xfb, 0xff, 0x03, 0xc8, 0xfb, 0xff, 0x03, 0xc8, 0xfb, 0xff, 0x03, 0xc8, 0xfb, 0xff,
0x03, 0xc8, 0xfb, 0xff, 0x03, 0xc8, 0xfb, 0xff, 0x03, 0xc8, 0xfb, 0xff, 0x03, 0xc8, 0xfb,
0xff, 0x03, 0xc8, 0xfb, 0xff, 0x03, 0xc8, 0xfb, 0xff, 0x03, 0xc8, 0xfb, 0xff, 0x03, 0xc8,
0xfb, 0xff, 0x03, 0xc8, 0xfb, 0xff, 0x03, 0xc8, 0xfb, 0xff, 0x03, 0xc8, 0xfb, 0xff, 0x03,
0xc8, 0xfb, 0xff, 0x03, 0xc8, 0xfb, 0xff, 0x03, 0xc8, 0xfb, 0xff, 0x03, 0xc8, 0xfb, 0xff,
0x03, 0xc8, 0xfb, 0xff, 0x03, 0xc8, 0xfb, 0xff, 0x03, 0xc8, 0xfb, 0xff, 0x03, 0xc8, 0xfb,
0xff, 0x03, 0xc8, 0xfb, 0xff, 0x03, 0xc8, 0xfb, 0xff, 0x03, 0xc8, 0xfb, 0xff, 0x03, 0xc8,
0xfb, 0xff, 0x03, 0xc8, 0xfb, 0xff, 0x03, 0xc8, 0xfb, 0xff, 0x03, 0xc8, 0xfb, 0xff, 0x03,
0xc8, 0xfb, 0xff, 0x03, 0xc8, 0xfb, 0xff, 0x03, 0xc8, 0xfb, 0xff, 0x03, 0xc8, 0xfb, 0xff,
0x03, 0xc8, 0xfb, 0xff, 0x03, 0xc8, 0xfb, 0xff, 0x03, 0xc8, 0xfb, 0xff, 0x03, 0xc8, 0xfb,
0xff, 0x03, 0xc8, 0xfb, 0xff, 0x03, 0xc8, 0xfb, 0xff, 0x03, 0xc8, 0xfb, 0xff, 0x03, 0xc8,
0xfb, 0xff, 0x03, 0xc8, 0xfb, 0xff, 0x03, 0xc8, 0xfb, 0xe9, 0x01, 0xc7, 0xfb, 0x3a, 0xff,
0xff, 0xff, 0x00, 0xff, 0xff, 0xff, 0x00, 0xff, 0xff, 0xff, 0x00, 0xff, 0xff, 0xff, 0x00,
0xff, 0xff, 0xff, 0x00, 0xff, 0xff, 0xff, 0x00, 0xff, 0xff, 0xff, 0x00, 0xff, 0xff, 0xff,
0x00, 0xff, 0xff, 0xff, 0x00, 0xff, 0xff, 0xff, 0x00, 0xff, 0xff, 0xff, 0x00, 0xff, 0xff,
0xff, 0x00, 0xff, 0xff, 0xff, 0x00, 0xff, 0xff, 0xff, 0x00, 0xff, 0xff, 0xff, 0x00, 0xff,
0xff, 0xff, 0x00, 0xff, 0xff, 0xff, 0x00, 0xff, 0xff, 0xff, 0x00, 0xff, 0xff, 0xff, 0x00,
0xff, 0xff, 0xff, 0x00, 0xff, 0xff, 0xff, 0x00, 0xff, 0xff, 0xff, 0x00, 0xff, 0xff, 0xff,
0x00, 0xff, 0xff, 0xff, 0x00, 0xff, 0xff, 0xff, 0x00, 0xff, 0xff, 0xff, 0x00, 0xff, 0xff,
0xff, 0x00, 0xff, 0xff, 0xff, 0x00, 0xff, 0xff, 0xff, 0x00, 0xff, 0xff, 0xff, 0x00, 0xff,
0xff, 0xff, 0x00, 0xff, 0xff, 0xff, 0x00, 0xff, 0xff, 0xff, 0x00, 0xff, 0xff, 0xff, 0x00,
0xff, 0xff, 0xff, 0x00, 0xff, 0xff, 0xff, 0x00, 0xff, 0xff, 0xff, 0x00, 0xff, 0xff, 0xff,
0x00, 0xff, 0xff, 0xff, 0x00, 0xff, 0xff, 0xff, 0x00, 0xff, 0xff, 0xff, 0x00, 0xff, 0xff,
0xff, 0x00, 0xff, 0xff, 0xff, 0x00, 0xff, 0xff, 0xff, 0x00, 0xff, 0xff, 0xff, 0x00, 0xff,
0xff, 0xff, 0x00, 0xff, 0xff, 0xff, 0x00, 0xff, 0xff, 0xff, 0x00, 0xff, 0xff, 0xff, 0x00,
0xff, 0xff, 0xff, 0x00, 0xff, 0xff, 0xff, 0x00, 0xff, 0xff, 0xff, 0x00, 0xff, 0xff, 0xff,
0x00, 0xff, 0xff, 0xff, 0x00, 0xff, 0xff, 0xff, 0x00, 0x01, 0xc0, 0xf0, 0x10, 0x03, 0xc7,
0xfb, 0xbe, 0x03, 0xc8, 0xfb, 0xff, 0x03, 0xc8, 0xfb, 0xff, 0x03, 0xc8, 0xfb, 0xff, 0x03,
0xc8, 0xfb, 0xff, 0x03, 0xc8, 0xfb, 0xff, 0x03, 0xc8, 0xfb, 0xff, 0x03, 0xc8, 0xfb, 0xff,
0x03, 0xc8, 0xfb, 0xff, 0x03, 0xc8, 0xfb, 0xff, 0x03, 0xc8, 0xfb, 0xff, 0x03, 0xc8, 0xfb,
0xff, 0x03, 0xc8, 0xfb, 0xff, 0x03, 0xc8, 0xfb, 0xff, 0x03, 0xc8, 0xfb, 0xff, 0x03, 0xc8,
0xfb, 0xff, 0x03, 0xc8, 0xfb, 0xff, 0x03, 0xc8, 0xfb, 0xff, 0x03, 0xc8, 0xfb, 0xff, 0x03,
0xc8, 0xfb, 0xff, 0x03, 0xc8, 0xfb, 0xff, 0x03, 0xc8, 0xfb, 0xff, 0x03, 0xc8, 0xfb, 0xff,
0x03, 0xc8, 0xfb, 0xff, 0x03, 0xc8, 0xfb, 0xff, 0x03, 0xc8, 0xfb, 0xff, 0x03, 0xc8, 0xfb,
0xff, 0x03, 0xc8, 0xfb, 0xff, 0x03, 0xc8, 0xfb, 0xff, 0x03, 0xc8, 0xfb, 0xff, 0x03, 0xc8,
0xfb, 0xff, 0x03, 0xc8, 0xfb, 0xff, 0x03, 0xc8, 0xfb, 0xff, 0x03, 0xc8, 0xfb, 0xff, 0x03,
0xc8, 0xfb, 0xff, 0x03, 0xc8, 0xfb, 0xff, 0x03, 0xc8, 0xfb, 0xff, 0x03, 0xc8, 0xfb, 0xff,
0x03, 0xc8, 0xfb, 0xff, 0x03, 0xc8, 0xfb, 0xff, 0x03, 0xc8, 0xfb, 0xff, 0x03, 0xc8, 0xfb,
0xff, 0x03, 0xc8, 0xfb, 0xff, 0x03, 0xc8, 0xfb, 0xff, 0x03, 0xc8, 0xfb, 0xff, 0x03, 0xc8,
0xfb, 0xff, 0x03, 0xc8, 0xfb, 0xff, 0x03, 0xc8, 0xfb, 0xff, 0x03, 0xc8, 0xfb, 0xff, 0x03,
0xc8, 0xfb, 0xff, 0x03, 0xc8, 0xfb, 0xff, 0x03, 0xc8, 0xfb, 0xff, 0x03, 0xc8, 0xfb, 0xff,
0x03, 0xc8, 0xfb, 0xff, 0x03, 0xc8, 0xfb, 0xff, 0x03, 0xc8, 0xfb, 0xff, 0x03, 0xc8, 0xfb,
0xff, 0x03, 0xc8, 0xfb, 0xff, 0x03, 0xc8, 0xfb, 0xff, 0x03, 0xc8, 0xfb, 0xff, 0x03, 0xc8,
0xfb, 0xff, 0x03, 0xc8, 0xfb, 0xff, 0x03, 0xc8, 0xfb, 0xff, 0x03, 0xc8, 0xfb, 0xff, 0x03,
0xc8, 0xfb, 0xff, 0x03, 0xc8, 0xfb, 0xff, 0x03, 0xc8, 0xfb, 0xff, 0x03, 0xc8, 0xfb, 0xff,
0x03, 0xc8, 0xfb, 0xff, 0x03, 0xc8, 0xfb, 0xd1, 0x01, 0xc6, 0xf7, 0x1f, 0xff, 0xff, 0xff,
0x00, 0xff, 0xff, 0xff, 0x00, 0xff, 0xff, 0xff, 0x00, 0xff, 0xff, 0xff, 0x00, 0xff, 0xff,
0xff, 0x00, 0xff, 0xff, 0xff, 0x00, 0xff, 0xff, 0xff, 0x00, 0xff, 0xff, 0xff, 0x00, 0xff,
0xff, 0xff, 0x00, 0xff, 0xff, 0xff, 0x00, 0xff, 0xff, 0xff, 0x00, 0xff, 0xff, 0xff, 0x00,
0xff, 0xff, 0xff, 0x00, 0xff, 0xff, 0xff, 0x00, 0xff, 0xff, 0xff, 0x00, 0xff, 0xff, 0xff,
0x00, 0xff, 0xff, 0xff, 0x00, 0xff, 0xff, 0xff, 0x00, 0xff, 0xff, 0xff, 0x00, 0xff, 0xff,
0xff, 0x00, 0xff, 0xff, 0xff, 0x00, 0xff, 0xff, 0xff, 0x00, 0xff, 0xff, 0xff, 0x00, 0xff,
0xff, 0xff, 0x00, 0xff, 0xff, 0xff, 0x00, 0xff, 0xff, 0xff, 0x00, 0xff, 0xff, 0xff, 0x00,
0xff, 0xff, 0xff, 0x00, 0xff, 0xff, 0xff, 0x00, 0xff, 0xff, 0xff, 0x00, 0xff, 0xff, 0xff,
0x00, 0xff, 0xff, 0xff, 0x00, 0xff, 0xff, 0xff, 0x00, 0xff, 0xff, 0xff, 0x00, 0xff, 0xff,
0xff, 0x00, 0xff, 0xff, 0xff, 0x00, 0xff, 0xff, 0xff, 0x00, 0xff, 0xff, 0xff, 0x00, 0xff,
0xff, 0xff, 0x00, 0xff, 0xff, 0xff, 0x00, 0xff, 0xff, 0xff, 0x00, 0xff, 0xff, 0xff, 0x00,
0xff, 0xff, 0xff, 0x00, 0xff, 0xff, 0xff, 0x00, 0xff, 0xff, 0xff, 0x00, 0xff, 0xff, 0xff,
0x00, 0xff, 0xff, 0xff, 0x00, 0xff, 0xff, 0xff, 0x00, 0xff, 0xff, 0xff, 0x00, 0xff, 0xff,
0xff, 0x00, 0xff, 0xff, 0xff, 0x00, 0xff, 0xff, 0xff, 0x00, 0xff, 0xff, 0xff, 0x00, 0xff,
0xff, 0xff, 0x00, 0xff, 0xff, 0xff, 0x00, 0xff, 0xff, 0xff, 0x00, 0xff, 0xff, 0xff, 0x00,
0x01, 0x9a, 0xcd, 0x05, 0x03, 0xc7, 0xfa, 0x91, 0x03, 0xc8, 0xfb, 0xff, 0x03, 0xc8, 0xfb,
0xff, 0x03, 0xc8, 0xfb, 0xff, 0x03, 0xc8, 0xfb, 0xff, 0x03, 0xc8, 0xfb, 0xff, 0x03, 0xc8,
0xfb, 0xff, 0x03, 0xc8, 0xfb, 0xff, 0x03, 0xc8, 0xfb, 0xff, 0x03, 0xc8, 0xfb, 0xff, 0x03,
0xc8, 0xfb, 0xff, 0x03, 0xc8, 0xfb, 0xff, 0x03, 0xc8, 0xfb, 0xff, 0x03, 0xc8, 0xfb, 0xff,
0x03, 0xc8, 0xfb, 0xff, 0x03, 0xc8, 0xfb, 0xff, 0x03, 0xc8, 0xfb, 0xff, 0x03, 0xc8, 0xfb,
0xff, 0x03, 0xc8, 0xfb, 0xff, 0x03, 0xc8, 0xfb, 0xff, 0x03, 0xc8, 0xfb, 0xff, 0x03, 0xc8,
0xfb, 0xff, 0x03, 0xc8, 0xfb, 0xff, 0x03, 0xc8, 0xfb, 0xff, 0x03, 0xc8, 0xfb, 0xff, 0x03,
0xc8, 0xfb, 0xff, 0x03, 0xc8, 0xfb, 0xff, 0x03, 0xc8, 0xfb, 0xff, 0x03, 0xc8, 0xfb, 0xff,
0x03, 0xc8, 0xfb, 0xff, 0x03, 0xc8, 0xfb, 0xff, 0x03, 0xc8, 0xfb, 0xff, 0x03, 0xc8, 0xfb,
0xff, 0x03, 0xc8, 0xfb, 0xff, 0x03, 0xc8, 0xfb, 0xff, 0x03, 0xc8, 0xfb, 0xff, 0x03, 0xc8,
0xfb, 0xff, 0x03, 0xc8, 0xfb, 0xff, 0x03, 0xc8, 0xfb, 0xff, 0x03, 0xc8, 0xfb, 0xff, 0x03,
0xc8, 0xfb, 0xff, 0x03, 0xc8, 0xfb, 0xff, 0x03, 0xc8, 0xfb, 0xff, 0x03, 0xc8, 0xfb, 0xff,
0x03, 0xc8, 0xfb, 0xff, 0x03, 0xc8, 0xfb, 0xff, 0x03, 0xc8, 0xfb, 0xff, 0x03, 0xc8, 0xfb,
0xff, 0x03, 0xc8, 0xfb, 0xff, 0x03, 0xc8, 0xfb, 0xff, 0x03, 0xc8, 0xfb, 0xff, 0x03, 0xc8,
0xfb, 0xff, 0x03, 0xc8, 0xfb, 0xff, 0x03, 0xc8, 0xfb, 0xff, 0x03, 0xc8, 0xfb, 0xff, 0x03,
0xc8, 0xfb, 0xff, 0x03, 0xc8, 0xfb, 0xff, 0x03, 0xc8, 0xfb, 0xff, 0x03, 0xc8, 0xfb, 0xff,
0x03, 0xc8, 0xfb, 0xff, 0x03, 0xc8, 0xfb, 0xff, 0x03, 0xc8, 0xfb, 0xff, 0x03, 0xc8, 0xfb,
0xff, 0x03, 0xc8, 0xfb, 0xff, 0x03, 0xc8, 0xfb, 0xff, 0x03, 0xc8, 0xfb, 0xff, 0x03, 0xc8,
0xfb, 0xff, 0x03, 0xc8, 0xfb, 0xa0, 0x01, 0xb3, 0xe6, 0x0a, 0xff, 0xff, 0xff, 0x00, 0xff,
0xff, 0xff, 0x00, 0xff, 0xff, 0xff, 0x00, 0xff, 0xff, 0xff, 0x00, 0xff, 0xff, 0xff, 0x00,
0xff, 0xff, 0xff, 0x00, 0xff, 0xff, 0xff, 0x00, 0xff, 0xff, 0xff, 0x00, 0xff, 0xff, 0xff,
0x00, 0xff, 0xff, 0xff, 0x00, 0xff, 0xff, 0xff, 0x00, 0xff, 0xff, 0xff, 0x00, 0xff, 0xff,
0xff, 0x00, 0xff, 0xff, 0xff, 0x00, 0xff, 0xff, 0xff, 0x00, 0xff, 0xff, 0xff, 0x00, 0xff,
0xff, 0xff, 0x00, 0xff, 0xff, 0xff, 0x00, 0xff, 0xff, 0xff, 0x00, 0xff, 0xff, 0xff, 0x00,
0xff, 0xff, 0xff, 0x00, 0xff, 0xff, 0xff, 0x00, 0xff, 0xff, 0xff, 0x00, 0xff, 0xff, 0xff,
0x00, 0xff, 0xff, 0xff, 0x00, 0xff, 0xff, 0xff, 0x00, 0xff, 0xff, 0xff, 0x00, 0xff, 0xff,
0xff, 0x00, 0xff, 0xff, 0xff, 0x00, 0xff, 0xff, 0xff, 0x00, 0xff, 0xff, 0xff, 0x00, 0xff,
0xff, 0xff, 0x00, 0xff, 0xff, 0xff, 0x00, 0xff, 0xff, 0xff, 0x00, 0xff, 0xff, 0xff, 0x00,
0xff, 0xff, 0xff, 0x00, 0xff, 0xff, 0xff, 0x00, 0xff, 0xff, 0xff, 0x00, 0xff, 0xff, 0xff,
0x00, 0xff, 0xff, 0xff, 0x00, 0xff, 0xff, 0xff, 0x00, 0xff, 0xff, 0xff, 0x00, 0xff, 0xff,
0xff, 0x00, 0xff, 0xff, 0xff, 0x00, 0xff, 0xff, 0xff, 0x00, 0xff, 0xff, 0xff, 0x00, 0xff,
0xff, 0xff, 0x00, 0xff, 0xff, 0xff, 0x00, 0xff, 0xff, 0xff, 0x00, 0xff, 0xff, 0xff, 0x00,
0xff, 0xff, 0xff, 0x00, 0xff, 0xff, 0xff, 0x00, 0xff, 0xff, 0xff, 0x00, 0xff, 0xff, 0xff,
0x00, 0xff, 0xff, 0xff, 0x00, 0xff, 0xff, 0xff, 0x00, 0xff, 0xff, 0xff, 0x00, 0xff, 0xff,
0xff, 0x00, 0xff, 0xff, 0xff, 0x00, 0xff, 0xff, 0xff, 0x00, 0x01, 0xc8, 0xfa, 0x5b, 0x03,
0xc8, 0xfb, 0xf2, 0x03, 0xc8, 0xfb, 0xff, 0x03, 0xc8, 0xfb, 0xff, 0x03, 0xc8, 0xfb, 0xff,
0x03, 0xc8, 0xfb, 0xff, 0x03, 0xc8, 0xfb, 0xff, 0x03, 0xc8, 0xfb, 0xff, 0x03, 0xc8, 0xfb,
0xff, 0x03, 0xc8, 0xfb, 0xff, 0x03, 0xc8, 0xfb, 0xff, 0x03, 0xc8, 0xfb, 0xff, 0x03, 0xc8,
0xfb, 0xff, 0x03, 0xc8, 0xfb, 0xff, 0x03, 0xc8, 0xfb, 0xff, 0x03, 0xc8, 0xfb, 0xff, 0x03,
0xc8, 0xfb, 0xff, 0x03, 0xc8, 0xfb, 0xff, 0x03, 0xc8, 0xfb, 0xff, 0x03, 0xc8, 0xfb, 0xff,
0x03, 0xc8, 0xfb, 0xff, 0x03, 0xc8, 0xfb, 0xff, 0x03, 0xc8, 0xfb, 0xff, 0x03, 0xc8, 0xfb,
0xff, 0x03, 0xc8, 0xfb, 0xff, 0x03, 0xc8, 0xfb, 0xff, 0x03, 0xc8, 0xfb, 0xff, 0x03, 0xc8,
0xfb, 0xff, 0x03, 0xc8, 0xfb, 0xff, 0x03, 0xc8, 0xfb, 0xff, 0x03, 0xc8, 0xfb, 0xff, 0x03,
0xc8, 0xfb, 0xff, 0x03, 0xc8, 0xfb, 0xff, 0x03, 0xc8, 0xfb, 0xff, 0x03, 0xc8, 0xfb, 0xff,
0x03, 0xc8, 0xfb, 0xff, 0x03, 0xc8, 0xfb, 0xff, 0x03, 0xc8, 0xfb, 0xff, 0x03, 0xc8, 0xfb,
0xff, 0x03, 0xc8, 0xfb, 0xff, 0x03, 0xc8, 0xfb, 0xff, 0x03, 0xc8, 0xfb, 0xff, 0x03, 0xc8,
0xfb, 0xff, 0x03, 0xc8, 0xfb, 0xff, 0x03, 0xc8, 0xfb, 0xff, 0x03, 0xc8, 0xfb, 0xff, 0x03,
0xc8, 0xfb, 0xff, 0x03, 0xc8, 0xfb, 0xff, 0x03, 0xc8, 0xfb, 0xff, 0x03, 0xc8, 0xfb, 0xff,
0x03, 0xc8, 0xfb, 0xff, 0x03, 0xc8, 0xfb, 0xff, 0x03, 0xc8, 0xfb, 0xff, 0x03, 0xc8, 0xfb,
0xff, 0x03, 0xc8, 0xfb, 0xff, 0x03, 0xc8, 0xfb, 0xff, 0x03, 0xc8, 0xfb, 0xff, 0x03, 0xc8,
0xfb, 0xff, 0x03, 0xc8, 0xfb, 0xff, 0x03, 0xc8, 0xfb, 0xff, 0x03, 0xc8, 0xfb, 0xff, 0x03,
0xc8, 0xfb, 0xff, 0x03, 0xc8, 0xfb, 0xff, 0x03, 0xc8, 0xfb, 0xff, 0x03, 0xc8, 0xfb, 0xf2,
0x01, 0xc8, 0xfa, 0x60, 0xff, 0xff, 0xff, 0x00, 0xff, 0xff, 0xff, 0x00, 0xff, 0xff, 0xff,
0x00, 0xff, 0xff, 0xff, 0x00, 0xff, 0xff, 0xff, 0x00, 0xff, 0xff, 0xff, 0x00, 0xff, 0xff,
0xff, 0x00, 0xff, 0xff, 0xff, 0x00, 0xff, 0xff, 0xff, 0x00, 0xff, 0xff, 0xff, 0x00, 0xff,
0xff, 0xff, 0x00, 0xff, 0xff, 0xff, 0x00, 0xff, 0xff, 0xff, 0x00, 0xff, 0xff, 0xff, 0x00,
0xff, 0xff, 0xff, 0x00, 0xff, 0xff, 0xff, 0x00, 0xff, 0xff, 0xff, 0x00, 0xff, 0xff, 0xff,
0x00, 0xff, 0xff, 0xff, 0x00, 0xff, 0xff, 0xff, 0x00, 0xff, 0xff, 0xff, 0x00, 0xff, 0xff,
0xff, 0x00, 0xff, 0xff, 0xff, 0x00, 0xff, 0xff, 0xff, 0x00, 0xff, 0xff, 0xff, 0x00, 0xff,
0xff, 0xff, 0x00, 0xff, 0xff, 0xff, 0x00, 0xff, 0xff, 0xff, 0x00, 0xff, 0xff, 0xff, 0x00,
0xff, 0xff, 0xff, 0x00, 0xff, 0xff, 0xff, 0x00, 0xff, 0xff, 0xff, 0x00, 0xff, 0xff, 0xff,
0x00, 0xff, 0xff, 0xff, 0x00, 0xff, 0xff, 0xff, 0x00, 0xff, 0xff, 0xff, 0x00, 0xff, 0xff,
0xff, 0x00, 0xff, 0xff, 0xff, 0x00, 0xff, 0xff, 0xff, 0x00, 0xff, 0xff, 0xff, 0x00, 0xff,
0xff, 0xff, 0x00, 0xff, 0xff, 0xff, 0x00, 0xff, 0xff, 0xff, 0x00, 0xff, 0xff, 0xff, 0x00,
0xff, 0xff, 0xff, 0x00, 0xff, 0xff, 0xff, 0x00, 0xff, 0xff, 0xff, 0x00, 0xff, 0xff, 0xff,
0x00, 0xff, 0xff, 0xff, 0x00, 0xff, 0xff, 0xff, 0x00, 0xff, 0xff, 0xff, 0x00, 0xff, 0xff,
0xff, 0x00, 0xff, 0xff, 0xff, 0x00, 0xff, 0xff, 0xff, 0x00, 0xff, 0xff, 0xff, 0x00, 0xff,
0xff, 0xff, 0x00, 0xff, 0xff, 0xff, 0x00, 0xff, 0xff, 0xff, 0x00, 0xff, 0xff, 0xff, 0x00,
0xff, 0xff, 0xff, 0x00, 0xff, 0xff, 0xff, 0x00, 0xff, 0xff, 0xff, 0x00, 0xff, 0xff, 0xff,
0x00, 0x01, 0xc7, 0xf8, 0x24, 0x03, 0xc8, 0xfa, 0xc9, 0x03, 0xc8, 0xfb, 0xff, 0x03, 0xc8,
0xfb, 0xff, 0x03, 0xc8, 0xfb, 0xff, 0x03, 0xc8, 0xfb, 0xff, 0x03, 0xc8, 0xfb, 0xff, 0x03,
0xc8, 0xfb, 0xff, 0x03, 0xc8, 0xfb, 0xff, 0x03, 0xc8, 0xfb, 0xff, 0x03, 0xc8, 0xfb, 0xff,
0x03, 0xc8, 0xfb, 0xff, 0x03, 0xc8, 0xfb, 0xff, 0x03, 0xc8, 0xfb, 0xff, 0x03, 0xc8, 0xfb,
0xff, 0x03, 0xc8, 0xfb, 0xff, 0x03, 0xc8, 0xfb, 0xff, 0x03, 0xc8, 0xfb, 0xff, 0x03, 0xc8,
0xfb, 0xff, 0x03, 0xc8, 0xfb, 0xff, 0x03, 0xc8, 0xfb, 0xff, 0x03, 0xc8, 0xfb, 0xff, 0x03,
0xc8, 0xfb, 0xff, 0x03, 0xc8, 0xfb, 0xff, 0x03, 0xc8, 0xfb, 0xff, 0x03, 0xc8, 0xfb, 0xff,
0x03, 0xc8, 0xfb, 0xff, 0x03, 0xc8, 0xfb, 0xff, 0x03, 0xc8, 0xfb, 0xff, 0x03, 0xc8, 0xfb,
0xff, 0x03, 0xc8, 0xfb, 0xff, 0x03, 0xc8, 0xfb, 0xff, 0x03, 0xc8, 0xfb, 0xff, 0x03, 0xc8,
0xfb, 0xff, 0x03, 0xc8, 0xfb, 0xff, 0x03, 0xc8, 0xfb, 0xff, 0x03, 0xc8, 0xfb, 0xff, 0x03,
0xc8, 0xfb, 0xff, 0x03, 0xc8, 0xfb, 0xff, 0x03, 0xc8, 0xfb, 0xff, 0x03, 0xc8, 0xfb, 0xff,
0x03, 0xc8, 0xfb, 0xff, 0x03, 0xc8, 0xfb, 0xff, 0x03, 0xc8, 0xfb, 0xff, 0x03, 0xc8, 0xfb,
0xff, 0x03, 0xc8, 0xfb, 0xff, 0x03, 0xc8, 0xfb, 0xff, 0x03, 0xc8, 0xfb, 0xff, 0x03, 0xc8,
0xfb, 0xff, 0x03, 0xc8, 0xfb, 0xff, 0x03, 0xc8, 0xfb, 0xff, 0x03, 0xc8, 0xfb, 0xff, 0x03,
0xc8, 0xfb, 0xff, 0x03, 0xc8, 0xfb, 0xff, 0x03, 0xc8, 0xfb, 0xff, 0x03, 0xc8, 0xfb, 0xff,
0x03, 0xc8, 0xfb, 0xff, 0x03, 0xc8, 0xfb, 0xff, 0x03, 0xc8, 0xfb, 0xff, 0x03, 0xc8, 0xfb,
0xff, 0x03, 0xc8, 0xfb, 0xff, 0x03, 0xc8, 0xfb, 0xff, 0x03, 0xc7, 0xfb, 0xbe, 0x01, 0xc6,
0xf7, 0x1f, 0xff, 0xff, 0xff, 0x00, 0xff, 0xff, 0xff, 0x00, 0xff, 0xff, 0xff, 0x00, 0xff,
0xff, 0xff, 0x00, 0xff, 0xff, 0xff, 0x00, 0xff, 0xff, 0xff, 0x00, 0xff, 0xff, 0xff, 0x00,
0xff, 0xff, 0xff, 0x00, 0xff, 0xff, 0xff, 0x00, 0xff, 0xff, 0xff, 0x00, 0xff, 0xff, 0xff,
0x00, 0xff, 0xff, 0xff, 0x00, 0xff, 0xff, 0xff, 0x00, 0xff, 0xff, 0xff, 0x00, 0xff, 0xff,
0xff, 0x00, 0xff, 0xff, 0xff, 0x00, 0xff, 0xff, 0xff, 0x00, 0xff, 0xff, 0xff, 0x00, 0xff,
0xff, 0xff, 0x00, 0xff, 0xff, 0xff, 0x00, 0xff, 0xff, 0xff, 0x00, 0xff, 0xff, 0xff, 0x00,
0xff, 0xff, 0xff, 0x00, 0xff, 0xff, 0xff, 0x00, 0xff, 0xff, 0xff, 0x00, 0xff, 0xff, 0xff,
0x00, 0xff, 0xff, 0xff, 0x00, 0xff, 0xff, 0xff, 0x00, 0xff, 0xff, 0xff, 0x00, 0xff, 0xff,
0xff, 0x00, 0xff, 0xff, 0xff, 0x00, 0xff, 0xff, 0xff, 0x00, 0xff, 0xff, 0xff, 0x00, 0xff,
0xff, 0xff, 0x00, 0xff, 0xff, 0xff, 0x00, 0xff, 0xff, 0xff, 0x00, 0xff, 0xff, 0xff, 0x00,
0xff, 0xff, 0xff, 0x00, 0xff, 0xff, 0xff, 0x00, 0xff, 0xff, 0xff, 0x00, 0xff, 0xff, 0xff,
0x00, 0xff, 0xff, 0xff, 0x00, 0xff, 0xff, 0xff, 0x00, 0xff, 0xff, 0xff, 0x00, 0xff, 0xff,
0xff, 0x00, 0xff, 0xff, 0xff, 0x00, 0xff, 0xff, 0xff, 0x00, 0xff, 0xff, 0xff, 0x00, 0xff,
0xff, 0xff, 0x00, 0xff, 0xff, 0xff, 0x00, 0xff, 0xff, 0xff, 0x00, 0xff, 0xff, 0xff, 0x00,
0xff, 0xff, 0xff, 0x00, 0xff, 0xff, 0xff, 0x00, 0xff, 0xff, 0xff, 0x00, 0xff, 0xff, 0xff,
0x00, 0xff, 0xff, 0xff, 0x00, 0xff, 0xff, 0xff, 0x00, 0xff, 0xff, 0xff, 0x00, 0xff, 0xff,
0xff, 0x00, 0xff, 0xff, 0xff, 0x00, 0xff, 0xff, 0xff, 0x00, 0xff, 0xff, 0xff, 0x00, 0xff,
0xff, 0xff, 0x00, 0xff, 0xff, 0xff, 0x00, 0x01, 0xc0, 0xc0, 0x04, 0x01, 0xc8, 0xfb, 0x76,
0x03, 0xc8, 0xfb, 0xf6, 0x03, 0xc8, 0xfb, 0xff, 0x03, 0xc8, 0xfb, 0xff, 0x03, 0xc8, 0xfb,
0xff, 0x03, 0xc8, 0xfb, 0xff, 0x03, 0xc8, 0xfb, 0xff, 0x03, 0xc8, 0xfb, 0xff, 0x03, 0xc8,
0xfb, 0xff, 0x03, 0xc8, 0xfb, 0xff, 0x03, 0xc8, 0xfb, 0xff, 0x03, 0xc8, 0xfb, 0xff, 0x03,
0xc8, 0xfb, 0xff, 0x03, 0xc8, 0xfb, 0xff, 0x03, 0xc8, 0xfb, 0xff, 0x03, 0xc8, 0xfb, 0xff,
0x03, 0xc8, 0xfb, 0xff, 0x03, 0xc8, 0xfb, 0xff, 0x03, 0xc8, 0xfb, 0xff, 0x03, 0xc8, 0xfb,
0xff, 0x03, 0xc8, 0xfb, 0xff, 0x03, 0xc8, 0xfb, 0xff, 0x03, 0xc8, 0xfb, 0xff, 0x03, 0xc8,
0xfb, 0xff, 0x03, 0xc8, 0xfb, 0xff, 0x03, 0xc8, 0xfb, 0xff, 0x03, 0xc8, 0xfb, 0xff, 0x03,
0xc8, 0xfb, 0xff, 0x03, 0xc8, 0xfb, 0xff, 0x03, 0xc8, 0xfb, 0xff, 0x03, 0xc8, 0xfb, 0xff,
0x03, 0xc8, 0xfb, 0xff, 0x03, 0xc8, 0xfb, 0xff, 0x03, 0xc8, 0xfb, 0xff, 0x03, 0xc8, 0xfb,
0xff, 0x03, 0xc8, 0xfb, 0xff, 0x03, 0xc8, 0xfb, 0xff, 0x03, 0xc8, 0xfb, 0xff, 0x03, 0xc8,
0xfb, 0xff, 0x03, 0xc8, 0xfb, 0xff, 0x03, 0xc8, 0xfb, 0xff, 0x03, 0xc8, 0xfb, 0xff, 0x03,
0xc8, 0xfb, 0xff, 0x03, 0xc8, 0xfb, 0xff, 0x03, 0xc8, 0xfb, 0xff, 0x03, 0xc8, 0xfb, 0xff,
0x03, 0xc8, 0xfb, 0xff, 0x03, 0xc8, 0xfb, 0xff, 0x03, 0xc8, 0xfb, 0xff, 0x03, 0xc8, 0xfb,
0xff, 0x03, 0xc8, 0xfb, 0xff, 0x03, 0xc8, 0xfb, 0xff, 0x03, 0xc8, 0xfb, 0xff, 0x03, 0xc8,
0xfb, 0xff, 0x03, 0xc8, 0xfb, 0xff, 0x03, 0xc8, 0xfb, 0xff, 0x03, 0xc8, 0xfb, 0xff, 0x03,
0xc8, 0xfb, 0xff, 0x03, 0xc8, 0xfb, 0xec, 0x01, 0xc8, 0xfa, 0x64, 0x01, 0x01, 0x01, 0x01,
0xff, 0xff, 0xff, 0x00, 0xff, 0xff, 0xff, 0x00, 0xff, 0xff, 0xff, 0x00, 0xff, 0xff, 0xff,
0x00, 0xff, 0xff, 0xff, 0x00, 0xff, 0xff, 0xff, 0x00, 0xff, 0xff, 0xff, 0x00, 0xff, 0xff,
0xff, 0x00, 0xff, 0xff, 0xff, 0x00, 0xff, 0xff, 0xff, 0x00, 0xff, 0xff, 0xff, 0x00, 0xff,
0xff, 0xff, 0x00, 0xff, 0xff, 0xff, 0x00, 0xff, 0xff, 0xff, 0x00, 0xff, 0xff, 0xff, 0x00,
0xff, 0xff, 0xff, 0x00, 0xff, 0xff, 0xff, 0x00, 0xff, 0xff, 0xff, 0x00, 0xff, 0xff, 0xff,
0x00, 0xff, 0xff, 0xff, 0x00, 0xff, 0xff, 0xff, 0x00, 0xff, 0xff, 0xff, 0x00, 0xff, 0xff,
0xff, 0x00, 0xff, 0xff, 0xff, 0x00, 0xff, 0xff, 0xff, 0x00, 0xff, 0xff, 0xff, 0x00, 0xff,
0xff, 0xff, 0x00, 0xff, 0xff, 0xff, 0x00, 0xff, 0xff, 0xff, 0x00, 0xff, 0xff, 0xff, 0x00,
0xff, 0xff, 0xff, 0x00, 0xff, 0xff, 0xff, 0x00, 0xff, 0xff, 0xff, 0x00, 0xff, 0xff, 0xff,
0x00, 0xff, 0xff, 0xff, 0x00, 0xff, 0xff, 0xff, 0x00, 0xff, 0xff, 0xff, 0x00, 0xff, 0xff,
0xff, 0x00, 0xff, 0xff, 0xff, 0x00, 0xff, 0xff, 0xff, 0x00, 0xff, 0xff, 0xff, 0x00, 0xff,
0xff, 0xff, 0x00, 0xff, 0xff, 0xff, 0x00, 0xff, 0xff, 0xff, 0x00, 0xff, 0xff, 0xff, 0x00,
0xff, 0xff, 0xff, 0x00, 0xff, 0xff, 0xff, 0x00, 0xff, 0xff, 0xff, 0x00, 0xff, 0xff, 0xff,
0x00, 0xff, 0xff, 0xff, 0x00, 0xff, 0xff, 0xff, 0x00, 0xff, 0xff, 0xff, 0x00, 0xff, 0xff,
0xff, 0x00, 0xff, 0xff, 0xff, 0x00, 0xff, 0xff, 0xff, 0x00, 0xff, 0xff, 0xff, 0x00, 0xff,
0xff, 0xff, 0x00, 0xff, 0xff, 0xff, 0x00, 0xff, 0xff, 0xff, 0x00, 0xff, 0xff, 0xff, 0x00,
0xff, 0xff, 0xff, 0x00, 0xff, 0xff, 0xff, 0x00, 0xff, 0xff, 0xff, 0x00, 0xff, 0xff, 0xff,
0x00, 0xff, 0xff, 0xff, 0x00, 0xff, 0xff, 0xff, 0x00, 0xff, 0xff, 0xff, 0x00, 0xff, 0xff,
0xff, 0x00, 0x01, 0xc2, 0xf9, 0x25, 0x03, 0xc8, 0xfb, 0xb6, 0x03, 0xc8, 0xfb, 0xff, 0x03,
0xc8, 0xfb, 0xff, 0x03, 0xc8, 0xfb, 0xff, 0x03, 0xc8, 0xfb, 0xff, 0x03, 0xc8, 0xfb, 0xff,
0x03, 0xc8, 0xfb, 0xff, 0x03, 0xc8, 0xfb, 0xff, 0x03, 0xc8, 0xfb, 0xff, 0x03, 0xc8, 0xfb,
0xff, 0x03, 0xc8, 0xfb, 0xff, 0x03, 0xc8, 0xfb, 0xff, 0x03, 0xc8, 0xfb, 0xff, 0x03, 0xc8,
0xfb, 0xff, 0x03, 0xc8, 0xfb, 0xff, 0x03, 0xc8, 0xfb, 0xff, 0x03, 0xc8, 0xfb, 0xff, 0x03,
0xc8, 0xfb, 0xff, 0x03, 0xc8, 0xfb, 0xff, 0x03, 0xc8, 0xfb, 0xff, 0x03, 0xc8, 0xfb, 0xff,
0x03, 0xc8, 0xfb, 0xff, 0x03, 0xc8, 0xfb, 0xff, 0x03, 0xc8, 0xfb, 0xff, 0x03, 0xc8, 0xfb,
0xff, 0x03, 0xc8, 0xfb, 0xff, 0x03, 0xc8, 0xfb, 0xff, 0x03, 0xc8, 0xfb, 0xff, 0x03, 0xc8,
0xfb, 0xff, 0x03, 0xc8, 0xfb, 0xff, 0x03, 0xc8, 0xfb, 0xff, 0x03, 0xc8, 0xfb, 0xff, 0x03,
0xc8, 0xfb, 0xff, 0x03, 0xc8, 0xfb, 0xff, 0x03, 0xc8, 0xfb, 0xff, 0x03, 0xc8, 0xfb, 0xff,
0x03, 0xc8, 0xfb, 0xff, 0x03, 0xc8, 0xfb, 0xff, 0x03, 0xc8, 0xfb, 0xff, 0x03, 0xc8, 0xfb,
0xff, 0x03, 0xc8, 0xfb, 0xff, 0x03, 0xc8, 0xfb, 0xff, 0x03, 0xc8, 0xfb, 0xff, 0x03, 0xc8,
0xfb, 0xff, 0x03, 0xc8, 0xfb, 0xff, 0x03, 0xc8, 0xfb, 0xff, 0x03, 0xc8, 0xfb, 0xff, 0x03,
0xc8, 0xfb, 0xff, 0x03, 0xc8, 0xfb, 0xff, 0x03, 0xc8, 0xfb, 0xff, 0x03, 0xc8, 0xfb, 0xff,
0x03, 0xc8, 0xfb, 0xff, 0x03, 0xc8, 0xfb, 0xff, 0x03, 0xc8, 0xfb, 0xff, 0x03, 0xc8, 0xfb,
0xfb, 0x03, 0xc7, 0xfa, 0x95, 0x01, 0xc3, 0xf3, 0x15, 0xff, 0xff, 0xff, 0x00, 0xff, 0xff,
0xff, 0x00, 0xff, 0xff, 0xff, 0x00, 0xff, 0xff, 0xff, 0x00, 0xff, 0xff, 0xff, 0x00, 0xff,
0xff, 0xff, 0x00, 0xff, 0xff, 0xff, 0x00, 0xff, 0xff, 0xff, 0x00, 0xff, 0xff, 0xff, 0x00,
0xff, 0xff, 0xff, 0x00, 0xff, 0xff, 0xff, 0x00, 0xff, 0xff, 0xff, 0x00, 0xff, 0xff, 0xff,
0x00, 0xff, 0xff, 0xff, 0x00, 0xff, 0xff, 0xff, 0x00, 0xff, 0xff, 0xff, 0x00, 0xff, 0xff,
0xff, 0x00, 0xff, 0xff, 0xff, 0x00, 0xff, 0xff, 0xff, 0x00, 0xff, 0xff, 0xff, 0x00, 0xff,
0xff, 0xff, 0x00, 0xff, 0xff, 0xff, 0x00, 0xff, 0xff, 0xff, 0x00, 0xff, 0xff, 0xff, 0x00,
0xff, 0xff, 0xff, 0x00, 0xff, 0xff, 0xff, 0x00, 0xff, 0xff, 0xff, 0x00, 0xff, 0xff, 0xff,
0x00, 0xff, 0xff, 0xff, 0x00, 0xff, 0xff, 0xff, 0x00, 0xff, 0xff, 0xff, 0x00, 0xff, 0xff,
0xff, 0x00, 0xff, 0xff, 0xff, 0x00, 0xff, 0xff, 0xff, 0x00, 0xff, 0xff, 0xff, 0x00, 0xff,
0xff, 0xff, 0x00, 0xff, 0xff, 0xff, 0x00, 0xff, 0xff, 0xff, 0x00, 0xff, 0xff, 0xff, 0x00,
0xff, 0xff, 0xff, 0x00, 0xff, 0xff, 0xff, 0x00, 0xff, 0xff, 0xff, 0x00, 0xff, 0xff, 0xff,
0x00, 0xff, 0xff, 0xff, 0x00, 0xff, 0xff, 0xff, 0x00, 0xff, 0xff, 0xff, 0x00, 0xff, 0xff,
0xff, 0x00, 0xff, 0xff, 0xff, 0x00, 0xff, 0xff, 0xff, 0x00, 0xff, 0xff, 0xff, 0x00, 0xff,
0xff, 0xff, 0x00, 0xff, 0xff, 0xff, 0x00, 0xff, 0xff, 0xff, 0x00, 0xff, 0xff, 0xff, 0x00,
0xff, 0xff, 0xff, 0x00, 0xff, 0xff, 0xff, 0x00, 0xff, 0xff, 0xff, 0x00, 0xff, 0xff, 0xff,
0x00, 0xff, 0xff, 0xff, 0x00, 0xff, 0xff, 0xff, 0x00, 0xff, 0xff, 0xff, 0x00, 0xff, 0xff,
0xff, 0x00, 0xff, 0xff, 0xff, 0x00, 0xff, 0xff, 0xff, 0x00, 0xff, 0xff, 0xff, 0x00, 0xff,
0xff, 0xff, 0x00, 0xff, 0xff, 0xff, 0x00, 0xff, 0xff, 0xff, 0x00, 0xff, 0xff, 0xff, 0x00,
0xff, 0xff, 0xff, 0x00, 0xff, 0xff, 0xff, 0x00, 0xff, 0xff, 0xff, 0x00, 0x01, 0xc5, 0xf9,
0x4a, 0x03, 0xc8, 0xfb, 0xd6, 0x03, 0xc8, 0xfb, 0xff, 0x03, 0xc8, 0xfb, 0xff, 0x03, 0xc8,
0xfb, 0xff, 0x03, 0xc8, 0xfb, 0xff, 0x03, 0xc8, 0xfb, 0xff, 0x03, 0xc8, 0xfb, 0xff, 0x03,
0xc8, 0xfb, 0xff, 0x03, 0xc8, 0xfb, 0xff, 0x03, 0xc8, 0xfb, 0xff, 0x03, 0xc8, 0xfb, 0xff,
0x03, 0xc8, 0xfb, 0xff, 0x03, 0xc8, 0xfb, 0xff, 0x03, 0xc8, 0xfb, 0xff, 0x03, 0xc8, 0xfb,
0xff, 0x03, 0xc8, 0xfb, 0xff, 0x03, 0xc8, 0xfb, 0xff, 0x03, 0xc8, 0xfb, 0xff, 0x03, 0xc8,
0xfb, 0xff, 0x03, 0xc8, 0xfb, 0xff, 0x03, 0xc8, 0xfb, 0xff, 0x03, 0xc8, 0xfb, 0xff, 0x03,
0xc8, 0xfb, 0xff, 0x03, 0xc8, 0xfb, 0xff, 0x03, 0xc8, 0xfb, 0xff, 0x03, 0xc8, 0xfb, 0xff,
0x03, 0xc8, 0xfb, 0xff, 0x03, 0xc8, 0xfb, 0xff, 0x03, 0xc8, 0xfb, 0xff, 0x03, 0xc8, 0xfb,
0xff, 0x03, 0xc8, 0xfb, 0xff, 0x03, 0xc8, 0xfb, 0xff, 0x03, 0xc8, 0xfb, 0xff, 0x03, 0xc8,
0xfb, 0xff, 0x03, 0xc8, 0xfb, 0xff, 0x03, 0xc8, 0xfb, 0xff, 0x03, 0xc8, 0xfb, 0xff, 0x03,
0xc8, 0xfb, 0xff, 0x03, 0xc8, 0xfb, 0xff, 0x03, 0xc8, 0xfb, 0xff, 0x03, 0xc8, 0xfb, 0xff,
0x03, 0xc8, 0xfb, 0xff, 0x03, 0xc8, 0xfb, 0xff, 0x03, 0xc8, 0xfb, 0xff, 0x03, 0xc8, 0xfb,
0xff, 0x03, 0xc8, 0xfb, 0xff, 0x03, 0xc8, 0xfb, 0xff, 0x03, 0xc8, 0xfb, 0xff, 0x03, 0xc8,
0xfb, 0xff, 0x03, 0xc8, 0xfb, 0xff, 0x03, 0xc8, 0xfb, 0xfe, 0x03, 0xc7, 0xfb, 0xac, 0x01,
0xc8, 0xf9, 0x29, 0xff, 0xff, 0xff, 0x00, 0xff, 0xff, 0xff, 0x00, 0xff, 0xff, 0xff, 0x00,
0xff, 0xff, 0xff, 0x00, 0xff, 0xff, 0xff, 0x00, 0xff, 0xff, 0xff, 0x00, 0xff, 0xff, 0xff,
0x00, 0xff, 0xff, 0xff, 0x00, 0xff, 0xff, 0xff, 0x00, 0xff, 0xff, 0xff, 0x00, 0xff, 0xff,
0xff, 0x00, 0xff, 0xff, 0xff, 0x00, 0xff, 0xff, 0xff, 0x00, 0xff, 0xff, 0xff, 0x00, 0xff,
0xff, 0xff, 0x00, 0xff, 0xff, 0xff, 0x00, 0xff, 0xff, 0xff, 0x00, 0xff, 0xff, 0xff, 0x00,
0xff, 0xff, 0xff, 0x00, 0xff, 0xff, 0xff, 0x00, 0xff, 0xff, 0xff, 0x00, 0xff, 0xff, 0xff,
0x00, 0xff, 0xff, 0xff, 0x00, 0xff, 0xff, 0xff, 0x00, 0xff, 0xff, 0xff, 0x00, 0xff, 0xff,
0xff, 0x00, 0xff, 0xff, 0xff, 0x00, 0xff, 0xff, 0xff, 0x00, 0xff, 0xff, 0xff, 0x00, 0xff,
0xff, 0xff, 0x00, 0xff, 0xff, 0xff, 0x00, 0xff, 0xff, 0xff, 0x00, 0xff, 0xff, 0xff, 0x00,
0xff, 0xff, 0xff, 0x00, 0xff, 0xff, 0xff, 0x00, 0xff, 0xff, 0xff, 0x00, 0xff, 0xff, 0xff,
0x00, 0xff, 0xff, 0xff, 0x00, 0xff, 0xff, 0xff, 0x00, 0xff, 0xff, 0xff, 0x00, 0xff, 0xff,
0xff, 0x00, 0xff, 0xff, 0xff, 0x00, 0xff, 0xff, 0xff, 0x00, 0xff, 0xff, 0xff, 0x00, 0xff,
0xff, 0xff, 0x00, 0xff, 0xff, 0xff, 0x00, 0xff, 0xff, 0xff, 0x00, 0xff, 0xff, 0xff, 0x00,
0xff, 0xff, 0xff, 0x00, 0xff, 0xff, 0xff, 0x00, 0xff, 0xff, 0xff, 0x00, 0xff, 0xff, 0xff,
0x00, 0xff, 0xff, 0xff, 0x00, 0xff, 0xff, 0xff, 0x00, 0xff, 0xff, 0xff, 0x00, 0xff, 0xff,
0xff, 0x00, 0xff, 0xff, 0xff, 0x00, 0xff, 0xff, 0xff, 0x00, 0xff, 0xff, 0xff, 0x00, 0xff,
0xff, 0xff, 0x00, 0xff, 0xff, 0xff, 0x00, 0xff, 0xff, 0xff, 0x00, 0xff, 0xff, 0xff, 0x00,
0xff, 0xff, 0xff, 0x00, 0xff, 0xff, 0xff, 0x00, 0xff, 0xff, 0xff, 0x00, 0xff, 0xff, 0xff,
0x00, 0xff, 0xff, 0xff, 0x00, 0xff, 0xff, 0xff, 0x00, 0xff, 0xff, 0xff, 0x00, 0xff, 0xff,
0xff, 0x00, 0xff, 0xff, 0xff, 0x00, 0xff, 0xff, 0xff, 0x00, 0xff, 0xff, 0xff, 0x00, 0xff,
0xff, 0xff, 0x00, 0x01, 0xab, 0xab, 0x03, 0x01, 0xc8, 0xfa, 0x5c, 0x03, 0xc8, 0xfb, 0xd9,
0x03, 0xc8, 0xfb, 0xff, 0x03, 0xc8, 0xfb, 0xff, 0x03, 0xc8, 0xfb, 0xff, 0x03, 0xc8, 0xfb,
0xff, 0x03, 0xc8, 0xfb, 0xff, 0x03, 0xc8, 0xfb, 0xff, 0x03, 0xc8, 0xfb, 0xff, 0x03, 0xc8,
0xfb, 0xff, 0x03, 0xc8, 0xfb, 0xff, 0x03, 0xc8, 0xfb, 0xff, 0x03, 0xc8, 0xfb, 0xff, 0x03,
0xc8, 0xfb, 0xff, 0x03, 0xc8, 0xfb, 0xff, 0x03, 0xc8, 0xfb, 0xff, 0x03, 0xc8, 0xfb, 0xff,
0x03, 0xc8, 0xfb, 0xff, 0x03, 0xc8, 0xfb, 0xff, 0x03, 0xc8, 0xfb, 0xff, 0x03, 0xc8, 0xfb,
0xff, 0x03, 0xc8, 0xfb, 0xff, 0x03, 0xc8, 0xfb, 0xff, 0x03, 0xc8, 0xfb, 0xff, 0x03, 0xc8,
0xfb, 0xff, 0x03, 0xc8, 0xfb, 0xff, 0x03, 0xc8, 0xfb, 0xff, 0x03, 0xc8, 0xfb, 0xff, 0x03,
0xc8, 0xfb, 0xff, 0x03, 0xc8, 0xfb, 0xff, 0x03, 0xc8, 0xfb, 0xff, 0x03, 0xc8, 0xfb, 0xff,
0x03, 0xc8, 0xfb, 0xff, 0x03, 0xc8, 0xfb, 0xff, 0x03, 0xc8, 0xfb, 0xff, 0x03, 0xc8, 0xfb,
0xff, 0x03, 0xc8, 0xfb, 0xff, 0x03, 0xc8, 0xfb, 0xff, 0x03, 0xc8, 0xfb, 0xff, 0x03, 0xc8,
0xfb, 0xff, 0x03, 0xc8, 0xfb, 0xff, 0x03, 0xc8, 0xfb, 0xff, 0x03, 0xc8, 0xfb, 0xff, 0x03,
0xc8, 0xfb, 0xff, 0x03, 0xc8, 0xfb, 0xff, 0x03, 0xc8, 0xfb, 0xff, 0x03, 0xc8, 0xfb, 0xff,
0x03, 0xc8, 0xfb, 0xfc, 0x03, 0xc8, 0xfb, 0xa9, 0x01, 0xc8, 0xfa, 0x2e, 0xff, 0xff, 0xff,
0x00, 0xff, 0xff, 0xff, 0x00, 0xff, 0xff, 0xff, 0x00, 0xff, 0xff, 0xff, 0x00, 0xff, 0xff,
0xff, 0x00, 0xff, 0xff, 0xff, 0x00, 0xff, 0xff, 0xff, 0x00, 0xff, 0xff, 0xff, 0x00, 0xff,
0xff, 0xff, 0x00, 0xff, 0xff, 0xff, 0x00, 0xff, 0xff, 0xff, 0x00, 0xff, 0xff, 0xff, 0x00,
0xff, 0xff, 0xff, 0x00, 0xff, 0xff, 0xff, 0x00, 0xff, 0xff, 0xff, 0x00, 0xff, 0xff, 0xff,
0x00, 0xff, 0xff, 0xff, 0x00, 0xff, 0xff, 0xff, 0x00, 0xff, 0xff, 0xff, 0x00, 0xff, 0xff,
0xff, 0x00, 0xff, 0xff, 0xff, 0x00, 0xff, 0xff, 0xff, 0x00, 0xff, 0xff, 0xff, 0x00, 0xff,
0xff, 0xff, 0x00, 0xff, 0xff, 0xff, 0x00, 0xff, 0xff, 0xff, 0x00, 0xff, 0xff, 0xff, 0x00,
0xff, 0xff, 0xff, 0x00, 0xff, 0xff, 0xff, 0x00, 0xff, 0xff, 0xff, 0x00, 0xff, 0xff, 0xff,
0x00, 0xff, 0xff, 0xff, 0x00, 0xff, 0xff, 0xff, 0x00, 0xff, 0xff, 0xff, 0x00, 0xff, 0xff,
0xff, 0x00, 0xff, 0xff, 0xff, 0x00, 0xff, 0xff, 0xff, 0x00, 0xff, 0xff, 0xff, 0x00, 0xff,
0xff, 0xff, 0x00, 0xff, 0xff, 0xff, 0x00, 0xff, 0xff, 0xff, 0x00, 0xff, 0xff, 0xff, 0x00,
0xff, 0xff, 0xff, 0x00, 0xff, 0xff, 0xff, 0x00, 0xff, 0xff, 0xff, 0x00, 0xff, 0xff, 0xff,
0x00, 0xff, 0xff, 0xff, 0x00, 0xff, 0xff, 0xff, 0x00, 0xff, 0xff, 0xff, 0x00, 0xff, 0xff,
0xff, 0x00, 0xff, 0xff, 0xff, 0x00, 0xff, 0xff, 0xff, 0x00, 0xff, 0xff, 0xff, 0x00, 0xff,
0xff, 0xff, 0x00, 0xff, 0xff, 0xff, 0x00, 0xff, 0xff, 0xff, 0x00, 0xff, 0xff, 0xff, 0x00,
0xff, 0xff, 0xff, 0x00, 0xff, 0xff, 0xff, 0x00, 0xff, 0xff, 0xff, 0x00, 0xff, 0xff, 0xff,
0x00, 0xff, 0xff, 0xff, 0x00, 0xff, 0xff, 0xff, 0x00, 0xff, 0xff, 0xff, 0x00, 0xff, 0xff,
0xff, 0x00, 0xff, 0xff, 0xff, 0x00, 0xff, 0xff, 0xff, 0x00, 0xff, 0xff, 0xff, 0x00, 0xff,
0xff, 0xff, 0x00, 0xff, 0xff, 0xff, 0x00, 0xff, 0xff, 0xff, 0x00, 0xff, 0xff, 0xff, 0x00,
0xff, 0xff, 0xff, 0x00, 0xff, 0xff, 0xff, 0x00, 0xff, 0xff, 0xff, 0x00, 0xff, 0xff, 0xff,
0x00, 0xff, 0xff, 0xff, 0x00, 0xff, 0xff, 0xff, 0x00, 0xff, 0xff, 0xff, 0x00, 0x01, 0x80,
0x80, 0x02, 0x01, 0xc6, 0xf9, 0x50, 0x03, 0xc8, 0xfa, 0xc1, 0x03, 0xc8, 0xfb, 0xff, 0x03,
0xc8, 0xfb, 0xff, 0x03, 0xc8, 0xfb, 0xff, 0x03, 0xc8, 0xfb, 0xff, 0x03, 0xc8, 0xfb, 0xff,
0x03, 0xc8, 0xfb, 0xff, 0x03, 0xc8, 0xfb, 0xff, 0x03, 0xc8, 0xfb, 0xff, 0x03, 0xc8, 0xfb,
0xff, 0x03, 0xc8, 0xfb, 0xff, 0x03, 0xc8, 0xfb, 0xff, 0x03, 0xc8, 0xfb, 0xff, 0x03, 0xc8,
0xfb, 0xff, 0x03, 0xc8, 0xfb, 0xff, 0x03, 0xc8, 0xfb, 0xff, 0x03, 0xc8, 0xfb, 0xff, 0x03,
0xc8, 0xfb, 0xff, 0x03, 0xc8, 0xfb, 0xff, 0x03, 0xc8, 0xfb, 0xff, 0x03, 0xc8, 0xfb, 0xff,
0x03, 0xc8, 0xfb, 0xff, 0x03, 0xc8, 0xfb, 0xff, 0x03, 0xc8, 0xfb, 0xff, 0x03, 0xc8, 0xfb,
0xff, 0x03, 0xc8, 0xfb, 0xff, 0x03, 0xc8, 0xfb, 0xff, 0x03, 0xc8, 0xfb, 0xff, 0x03, 0xc8,
0xfb, 0xff, 0x03, 0xc8, 0xfb, 0xff, 0x03, 0xc8, 0xfb, 0xff, 0x03, 0xc8, 0xfb, 0xff, 0x03,
0xc8, 0xfb, 0xff, 0x03, 0xc8, 0xfb, 0xff, 0x03, 0xc8, 0xfb, 0xff, 0x03, 0xc8, 0xfb, 0xff,
0x03, 0xc8, 0xfb, 0xff, 0x03, 0xc8, 0xfb, 0xff, 0x03, 0xc8, 0xfb, 0xff, 0x03, 0xc8, 0xfb,
0xff, 0x03, 0xc8, 0xfb, 0xff, 0x03, 0xc8, 0xfb, 0xff, 0x03, 0xc8, 0xfb, 0xed, 0x03, 0xc8,
0xfa, 0x8d, 0x01, 0xc6, 0xf7, 0x1f, 0xff, 0xff, 0xff, 0x00, 0xff, 0xff, 0xff, 0x00, 0xff,
0xff, 0xff, 0x00, 0xff, 0xff, 0xff, 0x00, 0xff, 0xff, 0xff, 0x00, 0xff, 0xff, 0xff, 0x00,
0xff, 0xff, 0xff, 0x00, 0xff, 0xff, 0xff, 0x00, 0xff, 0xff, 0xff, 0x00, 0xff, 0xff, 0xff,
0x00, 0xff, 0xff, 0xff, 0x00, 0xff, 0xff, 0xff, 0x00, 0xff, 0xff, 0xff, 0x00, 0xff, 0xff,
0xff, 0x00, 0xff, 0xff, 0xff, 0x00, 0xff, 0xff, 0xff, 0x00, 0xff, 0xff, 0xff, 0x00, 0xff,
0xff, 0xff, 0x00, 0xff, 0xff, 0xff, 0x00, 0xff, 0xff, 0xff, 0x00, 0xff, 0xff, 0xff, 0x00,
0xff, 0xff, 0xff, 0x00, 0xff, 0xff, 0xff, 0x00, 0xff, 0xff, 0xff, 0x00, 0xff, 0xff, 0xff,
0x00, 0xff, 0xff, 0xff, 0x00, 0xff, 0xff, 0xff, 0x00, 0xff, 0xff, 0xff, 0x00, 0xff, 0xff,
0xff, 0x00, 0xff, 0xff, 0xff, 0x00, 0xff, 0xff, 0xff, 0x00, 0xff, 0xff, 0xff, 0x00, 0xff,
0xff, 0xff, 0x00, 0xff, 0xff, 0xff, 0x00, 0xff, 0xff, 0xff, 0x00, 0xff, 0xff, 0xff, 0x00,
0xff, 0xff, 0xff, 0x00, 0xff, 0xff, 0xff, 0x00, 0xff, 0xff, 0xff, 0x00, 0xff, 0xff, 0xff,
0x00, 0xff, 0xff, 0xff, 0x00, 0xff, 0xff, 0xff, 0x00, 0xff, 0xff, 0xff, 0x00, 0xff, 0xff,
0xff, 0x00, 0xff, 0xff, 0xff, 0x00, 0xff, 0xff, 0xff, 0x00, 0xff, 0xff, 0xff, 0x00, 0xff,
0xff, 0xff, 0x00, 0xff, 0xff, 0xff, 0x00, 0xff, 0xff, 0xff, 0x00, 0xff, 0xff, 0xff, 0x00,
0xff, 0xff, 0xff, 0x00, 0xff, 0xff, 0xff, 0x00, 0xff, 0xff, 0xff, 0x00, 0xff, 0xff, 0xff,
0x00, 0xff, 0xff, 0xff, 0x00, 0xff, 0xff, 0xff, 0x00, 0xff, 0xff, 0xff, 0x00, 0xff, 0xff,
0xff, 0x00, 0xff, 0xff, 0xff, 0x00, 0xff, 0xff, 0xff, 0x00, 0xff, 0xff, 0xff, 0x00, 0xff,
0xff, 0xff, 0x00, 0xff, 0xff, 0xff, 0x00, 0xff, 0xff, 0xff, 0x00, 0xff, 0xff, 0xff, 0x00,
0xff, 0xff, 0xff, 0x00, 0xff, 0xff, 0xff, 0x00, 0xff, 0xff, 0xff, 0x00, 0xff, 0xff, 0xff,
0x00, 0xff, 0xff, 0xff, 0x00, 0xff, 0xff, 0xff, 0x00, 0xff, 0xff, 0xff, 0x00, 0xff, 0xff,
0xff, 0x00, 0xff, 0xff, 0xff, 0x00, 0xff, 0xff, 0xff, 0x00, 0xff, 0xff, 0xff, 0x00, 0xff,
0xff, 0xff, 0x00, 0xff, 0xff, 0xff, 0x00, 0xff, 0xff, 0xff, 0x00, 0xff, 0xff, 0xff, 0x00,
0xff, 0xff, 0xff, 0x00, 0xff, 0xff, 0xff, 0x00, 0xff, 0xff, 0xff, 0x00, 0x01, 0xc3, 0xf9,
0x2a, 0x03, 0xc8, 0xfa, 0x8e, 0x03, 0xc8, 0xfb, 0xe8, 0x03, 0xc8, 0xfb, 0xff, 0x03, 0xc8,
0xfb, 0xff, 0x03, 0xc8, 0xfb, 0xff, 0x03, 0xc8, 0xfb, 0xff, 0x03, 0xc8, 0xfb, 0xff, 0x03,
0xc8, 0xfb, 0xff, 0x03, 0xc8, 0xfb, 0xff, 0x03, 0xc8, 0xfb, 0xff, 0x03, 0xc8, 0xfb, 0xff,
0x03, 0xc8, 0xfb, 0xff, 0x03, 0xc8, 0xfb, 0xff, 0x03, 0xc8, 0xfb, 0xff, 0x03, 0xc8, 0xfb,
0xff, 0x03, 0xc8, 0xfb, 0xff, 0x03, 0xc8, 0xfb, 0xff, 0x03, 0xc8, 0xfb, 0xff, 0x03, 0xc8,
0xfb, 0xff, 0x03, 0xc8, 0xfb, 0xff, 0x03, 0xc8, 0xfb, 0xff, 0x03, 0xc8, 0xfb, 0xff, 0x03,
0xc8, 0xfb, 0xff, 0x03, 0xc8, 0xfb, 0xff, 0x03, 0xc8, 0xfb, 0xff, 0x03, 0xc8, 0xfb, 0xff,
0x03, 0xc8, 0xfb, 0xff, 0x03, 0xc8, 0xfb, 0xff, 0x03, 0xc8, 0xfb, 0xff, 0x03, 0xc8, 0xfb,
0xff, 0x03, 0xc8, 0xfb, 0xff, 0x03, 0xc8, 0xfb, 0xff, 0x03, 0xc8, 0xfb, 0xff, 0x03, 0xc8,
0xfb, 0xff, 0x03, 0xc8, 0xfb, 0xff, 0x03, 0xc8, 0xfb, 0xff, 0x03, 0xc8, 0xfb, 0xff, 0x03,
0xc8, 0xfb, 0xfa, 0x03, 0xc8, 0xfb, 0xb7, 0x01, 0xc7, 0xfa, 0x5a, 0x01, 0xc0, 0xe0, 0x08,
0xff, 0xff, 0xff, 0x00, 0xff, 0xff, 0xff, 0x00, 0xff, 0xff, 0xff, 0x00, 0xff, 0xff, 0xff,
0x00, 0xff, 0xff, 0xff, 0x00, 0xff, 0xff, 0xff, 0x00, 0xff, 0xff, 0xff, 0x00, 0xff, 0xff,
0xff, 0x00, 0xff, 0xff, 0xff, 0x00, 0xff, 0xff, 0xff, 0x00, 0xff, 0xff, 0xff, 0x00, 0xff,
0xff, 0xff, 0x00, 0xff, 0xff, 0xff, 0x00, 0xff, 0xff, 0xff, 0x00, 0xff, 0xff, 0xff, 0x00,
0xff, 0xff, 0xff, 0x00, 0xff, 0xff, 0xff, 0x00, 0xff, 0xff, 0xff, 0x00, 0xff, 0xff, 0xff,
0x00, 0xff, 0xff, 0xff, 0x00, 0xff, 0xff, 0xff, 0x00, 0xff, 0xff, 0xff, 0x00, 0xff, 0xff,
0xff, 0x00, 0xff, 0xff, 0xff, 0x00, 0xff, 0xff, 0xff, 0x00, 0xff, 0xff, 0xff, 0x00, 0xff,
0xff, 0xff, 0x00, 0xff, 0xff, 0xff, 0x00, 0xff, 0xff, 0xff, 0x00, 0xff, 0xff, 0xff, 0x00,
0xff, 0xff, 0xff, 0x00, 0xff, 0xff, 0xff, 0x00, 0xff, 0xff, 0xff, 0x00, 0xff, 0xff, 0xff,
0x00, 0xff, 0xff, 0xff, 0x00, 0xff, 0xff, 0xff, 0x00, 0xff, 0xff, 0xff, 0x00, 0xff, 0xff,
0xff, 0x00, 0xff, 0xff, 0xff, 0x00, 0xff, 0xff, 0xff, 0x00, 0xff, 0xff, 0xff, 0x00, 0xff,
0xff, 0xff, 0x00, 0xff, 0xff, 0xff, 0x00, 0xff, 0xff, 0xff, 0x00, 0xff, 0xff, 0xff, 0x00,
0xff, 0xff, 0xff, 0x00, 0xff, 0xff, 0xff, 0x00, 0xff, 0xff, 0xff, 0x00, 0xff, 0xff, 0xff,
0x00, 0xff, 0xff, 0xff, 0x00, 0xff, 0xff, 0xff, 0x00, 0xff, 0xff, 0xff, 0x00, 0xff, 0xff,
0xff, 0x00, 0xff, 0xff, 0xff, 0x00, 0xff, 0xff, 0xff, 0x00, 0xff, 0xff, 0xff, 0x00, 0xff,
0xff, 0xff, 0x00, 0xff, 0xff, 0xff, 0x00, 0xff, 0xff, 0xff, 0x00, 0xff, 0xff, 0xff, 0x00,
0xff, 0xff, 0xff, 0x00, 0xff, 0xff, 0xff, 0x00, 0xff, 0xff, 0xff, 0x00, 0xff, 0xff, 0xff,
0x00, 0xff, 0xff, 0xff, 0x00, 0xff, 0xff, 0xff, 0x00, 0xff, 0xff, 0xff, 0x00, 0xff, 0xff,
0xff, 0x00, 0xff, 0xff, 0xff, 0x00, 0xff, 0xff, 0xff, 0x00, 0xff, 0xff, 0xff, 0x00, 0xff,
0xff, 0xff, 0x00, 0xff, 0xff, 0xff, 0x00, 0xff, 0xff, 0xff, 0x00, 0xff, 0xff, 0xff, 0x00,
0xff, 0xff, 0xff, 0x00, 0xff, 0xff, 0xff, 0x00, 0xff, 0xff, 0xff, 0x00, 0xff, 0xff, 0xff,
0x00, 0xff, 0xff, 0xff, 0x00, 0xff, 0xff, 0xff, 0x00, 0xff, 0xff, 0xff, 0x00, 0xff, 0xff,
0xff, 0x00, 0xff, 0xff, 0xff, 0x00, 0xff, 0xff, 0xff, 0x00, 0xff, 0xff, 0xff, 0x00, 0xff,
0xff, 0xff, 0x00, 0xff, 0xff, 0xff, 0x00, 0x01, 0xab, 0xab, 0x03, 0x01, 0xc7, 0xf8, 0x44,
0x03, 0xc7, 0xfb, 0x99, 0x03, 0xc8, 0xfb, 0xe4, 0x03, 0xc8, 0xfb, 0xff, 0x03, 0xc8, 0xfb,
0xff, 0x03, 0xc8, 0xfb, 0xff, 0x03, 0xc8, 0xfb, 0xff, 0x03, 0xc8, 0xfb, 0xff, 0x03, 0xc8,
0xfb, 0xff, 0x03, 0xc8, 0xfb, 0xff, 0x03, 0xc8, 0xfb, 0xff, 0x03, 0xc8, 0xfb, 0xff, 0x03,
0xc8, 0xfb, 0xff, 0x03, 0xc8, 0xfb, 0xff, 0x03, 0xc8, 0xfb, 0xff, 0x03, 0xc8, 0xfb, 0xff,
0x03, 0xc8, 0xfb, 0xff, 0x03, 0xc8, 0xfb, 0xff, 0x03, 0xc8, 0xfb, 0xff, 0x03, 0xc8, 0xfb,
0xff, 0x03, 0xc8, 0xfb, 0xff, 0x03, 0xc8, 0xfb, 0xff, 0x03, 0xc8, 0xfb, 0xff, 0x03, 0xc8,
0xfb, 0xff, 0x03, 0xc8, 0xfb, 0xff, 0x03, 0xc8, 0xfb, 0xff, 0x03, 0xc8, 0xfb, 0xff, 0x03,
0xc8, 0xfb, 0xff, 0x03, 0xc8, 0xfb, 0xff, 0x03, 0xc8, 0xfb, 0xff, 0x03, 0xc8, 0xfb, 0xff,
0x03, 0xc8, 0xfb, 0xff, 0x03, 0xc8, 0xfb, 0xf4, 0x03, 0xc8, 0xfb, 0xb1, 0x01, 0xc8, 0xfa,
0x65, 0x01, 0xc0, 0xf3, 0x14, 0xff, 0xff, 0xff, 0x00, 0xff, 0xff, 0xff, 0x00, 0xff, 0xff,
0xff, 0x00, 0xff, 0xff, 0xff, 0x00, 0xff, 0xff, 0xff, 0x00, 0xff, 0xff, 0xff, 0x00, 0xff,
0xff, 0xff, 0x00, 0xff, 0xff, 0xff, 0x00, 0xff, 0xff, 0xff, 0x00, 0xff, 0xff, 0xff, 0x00,
0xff, 0xff, 0xff, 0x00, 0xff, 0xff, 0xff, 0x00, 0xff, 0xff, 0xff, 0x00, 0xff, 0xff, 0xff,
0x00, 0xff, 0xff, 0xff, 0x00, 0xff, 0xff, 0xff, 0x00, 0xff, 0xff, 0xff, 0x00, 0xff, 0xff,
0xff, 0x00, 0xff, 0xff, 0xff, 0x00, 0xff, 0xff, 0xff, 0x00, 0xff, 0xff, 0xff, 0x00, 0xff,
0xff, 0xff, 0x00, 0xff, 0xff, 0xff, 0x00, 0xff, 0xff, 0xff, 0x00, 0xff, 0xff, 0xff, 0x00,
0xff, 0xff, 0xff, 0x00, 0xff, 0xff, 0xff, 0x00, 0xff, 0xff, 0xff, 0x00, 0xff, 0xff, 0xff,
0x00, 0xff, 0xff, 0xff, 0x00, 0xff, 0xff, 0xff, 0x00, 0xff, 0xff, 0xff, 0x00, 0xff, 0xff,
0xff, 0x00, 0xff, 0xff, 0xff, 0x00, 0xff, 0xff, 0xff, 0x00, 0xff, 0xff, 0xff, 0x00, 0xff,
0xff, 0xff, 0x00, 0xff, 0xff, 0xff, 0x00, 0xff, 0xff, 0xff, 0x00, 0xff, 0xff, 0xff, 0x00,
0xff, 0xff, 0xff, 0x00, 0xff, 0xff, 0xff, 0x00, 0xff, 0xff, 0xff, 0x00, 0xff, 0xff, 0xff,
0x00, 0xff, 0xff, 0xff, 0x00, 0xff, 0xff, 0xff, 0x00, 0xff, 0xff, 0xff, 0x00, 0xff, 0xff,
0xff, 0x00, 0xff, 0xff, 0xff, 0x00, 0xff, 0xff, 0xff, 0x00, 0xff, 0xff, 0xff, 0x00, 0xff,
0xff, 0xff, 0x00, 0xff, 0xff, 0xff, 0x00, 0xff, 0xff, 0xff, 0x00, 0xff, 0xff, 0xff, 0x00,
0xff, 0xff, 0xff, 0x00, 0xff, 0xff, 0xff, 0x00, 0xff, 0xff, 0xff, 0x00, 0xff, 0xff, 0xff,
0x00, 0xff, 0xff, 0xff, 0x00, 0xff, 0xff, 0xff, 0x00, 0xff, 0xff, 0xff, 0x00, 0xff, 0xff,
0xff, 0x00, 0xff, 0xff, 0xff, 0x00, 0xff, 0xff, 0xff, 0x00, 0xff, 0xff, 0xff, 0x00, 0xff,
0xff, 0xff, 0x00, 0xff, 0xff, 0xff, 0x00, 0xff, 0xff, 0xff, 0x00, 0xff, 0xff, 0xff, 0x00,
0xff, 0xff, 0xff, 0x00, 0xff, 0xff, 0xff, 0x00, 0xff, 0xff, 0xff, 0x00, 0xff, 0xff, 0xff,
0x00, 0xff, 0xff, 0xff, 0x00, 0xff, 0xff, 0xff, 0x00, 0xff, 0xff, 0xff, 0x00, 0xff, 0xff,
0xff, 0x00, 0xff, 0xff, 0xff, 0x00, 0xff, 0xff, 0xff, 0x00, 0xff, 0xff, 0xff, 0x00, 0xff,
0xff, 0xff, 0x00, 0xff, 0xff, 0xff, 0x00, 0xff, 0xff, 0xff, 0x00, 0xff, 0xff, 0xff, 0x00,
0xff, 0xff, 0xff, 0x00, 0xff, 0xff, 0xff, 0x00, 0xff, 0xff, 0xff, 0x00, 0xff, 0xff, 0xff,
0x00, 0xff, 0xff, 0xff, 0x00, 0xff, 0xff, 0xff, 0x00, 0xff, 0xff, 0xff, 0x00, 0xff, 0xff,
0xff, 0x00, 0xff, 0xff, 0xff, 0x00, 0x01, 0x01, 0x01, 0x01, 0x01, 0xc4, 0xfa, 0x2f, 0x01,
0xc7, 0xfb, 0x70, 0x03, 0xc8, 0xfb, 0xad, 0x03, 0xc8, 0xfb, 0xe6, 0x03, 0xc8, 0xfb, 0xff,
0x03, 0xc8, 0xfb, 0xff, 0x03, 0xc8, 0xfb, 0xff, 0x03, 0xc8, 0xfb, 0xff, 0x03, 0xc8, 0xfb,
0xff, 0x03, 0xc8, 0xfb, 0xff, 0x03, 0xc8, 0xfb, 0xff, 0x03, 0xc8, 0xfb, 0xff, 0x03, 0xc8,
0xfb, 0xff, 0x03, 0xc8, 0xfb, 0xff, 0x03, 0xc8, 0xfb, 0xff, 0x03, 0xc8, 0xfb, 0xff, 0x03,
0xc8, 0xfb, 0xff, 0x03, 0xc8, 0xfb, 0xff, 0x03, 0xc8, 0xfb, 0xff, 0x03, 0xc8, 0xfb, 0xff,
0x03, 0xc8, 0xfb, 0xff, 0x03, 0xc8, 0xfb, 0xff, 0x03, 0xc8, 0xfb, 0xff, 0x03, 0xc8, 0xfb,
0xff, 0x03, 0xc8, 0xfb, 0xff, 0x03, 0xc8, 0xfb, 0xec, 0x03, 0xc7, 0xfb, 0xb9, 0x01, 0xc7,
0xfb, 0x7e, 0x01, 0xc5, 0xf8, 0x41, 0x01, 0xc0, 0xe0, 0x08, 0xff, 0xff, 0xff, 0x00, 0xff,
0xff, 0xff, 0x00, 0xff, 0xff, 0xff, 0x00, 0xff, 0xff, 0xff, 0x00, 0xff, 0xff, 0xff, 0x00,
0xff, 0xff, 0xff, 0x00, 0xff, 0xff, 0xff, 0x00, 0xff, 0xff, 0xff, 0x00, 0xff, 0xff, 0xff,
0x00, 0xff, 0xff, 0xff, 0x00, 0xff, 0xff, 0xff, 0x00, 0xff, 0xff, 0xff, 0x00, 0xff, 0xff,
0xff, 0x00, 0xff, 0xff, 0xff, 0x00, 0xff, 0xff, 0xff, 0x00, 0xff, 0xff, 0xff, 0x00, 0xff,
0xff, 0xff, 0x00, 0xff, 0xff, 0xff, 0x00, 0xff, 0xff, 0xff, 0x00, 0xff, 0xff, 0xff, 0x00,
0xff, 0xff, 0xff, 0x00, 0xff, 0xff, 0xff, 0x00, 0xff, 0xff, 0xff, 0x00, 0xff, 0xff, 0xff,
0x00, 0xff, 0xff, 0xff, 0x00, 0xff, 0xff, 0xff, 0x00, 0xff, 0xff, 0xff, 0x00, 0xff, 0xff,
0xff, 0x00, 0xff, 0xff, 0xff, 0x00, 0xff, 0xff, 0xff, 0x00, 0xff, 0xff, 0xff, 0x00, 0xff,
0xff, 0xff, 0x00, 0xff, 0xff, 0xff, 0x00, 0xff, 0xff, 0xff, 0x00, 0xff, 0xff, 0xff, 0x00,
0xff, 0xff, 0xff, 0x00, 0xff, 0xff, 0xff, 0x00, 0xff, 0xff, 0xff, 0x00, 0xff, 0xff, 0xff,
0x00, 0xff, 0xff, 0xff, 0x00, 0xff, 0xff, 0xff, 0x00, 0xff, 0xff, 0xff, 0x00, 0xff, 0xff,
0xff, 0x00, 0xff, 0xff, 0xff, 0x00, 0xff, 0xff, 0xff, 0x00, 0xff, 0xff, 0xff, 0x00, 0xff,
0xff, 0xff, 0x00, 0xff, 0xff, 0xff, 0x00, 0xff, 0xff, 0xff, 0x00, 0xff, 0xff, 0xff, 0x00,
0xff, 0xff, 0xff, 0x00, 0xff, 0xff, 0xff, 0x00, 0xff, 0xff, 0xff, 0x00, 0xff, 0xff, 0xff,
0x00, 0xff, 0xff, 0xff, 0x00, 0xff, 0xff, 0xff, 0x00, 0xff, 0xff, 0xff, 0x00, 0xff, 0xff,
0xff, 0x00, 0xff, 0xff, 0xff, 0x00, 0xff, 0xff, 0xff, 0x00, 0xff, 0xff, 0xff, 0x00, 0xff,
0xff, 0xff, 0x00, 0xff, 0xff, 0xff, 0x00, 0xff, 0xff, 0xff, 0x00, 0xff, 0xff, 0xff, 0x00,
0xff, 0xff, 0xff, 0x00, 0xff, 0xff, 0xff, 0x00, 0xff, 0xff, 0xff, 0x00, 0xff, 0xff, 0xff,
0x00, 0xff, 0xff, 0xff, 0x00, 0xff, 0xff, 0xff, 0x00, 0xff, 0xff, 0xff, 0x00, 0xff, 0xff,
0xff, 0x00, 0xff, 0xff, 0xff, 0x00, 0xff, 0xff, 0xff, 0x00, 0xff, 0xff, 0xff, 0x00, 0xff,
0xff, 0xff, 0x00, 0xff, 0xff, 0xff, 0x00, 0xff, 0xff, 0xff, 0x00, 0xff, 0xff, 0xff, 0x00,
0xff, 0xff, 0xff, 0x00, 0xff, 0xff, 0xff, 0x00, 0xff, 0xff, 0xff, 0x00, 0xff, 0xff, 0xff,
0x00, 0xff, 0xff, 0xff, 0x00, 0xff, 0xff, 0xff, 0x00, 0xff, 0xff, 0xff, 0x00, 0xff, 0xff,
0xff, 0x00, 0xff, 0xff, 0xff, 0x00, 0xff, 0xff, 0xff, 0x00, 0xff, 0xff, 0xff, 0x00, 0xff,
0xff, 0xff, 0x00, 0xff, 0xff, 0xff, 0x00, 0xff, 0xff, 0xff, 0x00, 0xff, 0xff, 0xff, 0x00,
0xff, 0xff, 0xff, 0x00, 0xff, 0xff, 0xff, 0x00, 0xff, 0xff, 0xff, 0x00, 0xff, 0xff, 0xff,
0x00, 0xff, 0xff, 0xff, 0x00, 0xff, 0xff, 0xff, 0x00, 0xff, 0xff, 0xff, 0x00, 0x01, 0xc8,
0xf4, 0x17, 0x01, 0xc5, 0xf8, 0x46, 0x01, 0xc8, 0xfb, 0x6e, 0x03, 0xc8, 0xfa, 0x93, 0x03,
0xc8, 0xfb, 0xaf, 0x03, 0xc8, 0xfa, 0xc9, 0x03, 0xc8, 0xfb, 0xdf, 0x03, 0xc8, 0xfb, 0xef,
0x03, 0xc8, 0xfb, 0xfc, 0x03, 0xc8, 0xfb, 0xff, 0x03, 0xc8, 0xfb, 0xff, 0x03, 0xc8, 0xfb,
0xff, 0x03, 0xc8, 0xfb, 0xfc, 0x03, 0xc8, 0xfb, 0xef, 0x03, 0xc8, 0xfb, 0xe0, 0x03, 0xc8,
0xfa, 0xcb, 0x03, 0xc8, 0xfb, 0xb1, 0x03, 0xc7, 0xfa, 0x95, 0x01, 0xc7, 0xfb, 0x70, 0x01,
0xc8, 0xf9, 0x49, 0x01, 0xc4, 0xf7, 0x1e, 0xff, 0xff, 0xff, 0x00, 0xff, 0xff, 0xff, 0x00,
0xff, 0xff, 0xff, 0x00, 0xff, 0xff, 0xff, 0x00, 0xff, 0xff, 0xff, 0x00, 0xff, 0xff, 0xff,
0x00, 0xff, 0xff, 0xff, 0x00, 0xff, 0xff, 0xff, 0x00, 0xff, 0xff, 0xff, 0x00, 0xff, 0xff,
0xff, 0x00, 0xff, 0xff, 0xff, 0x00, 0xff, 0xff, 0xff, 0x00, 0xff, 0xff, 0xff, 0x00, 0xff,
0xff, 0xff, 0x00, 0xff, 0xff, 0xff, 0x00, 0xff, 0xff, 0xff, 0x00, 0xff, 0xff, 0xff, 0x00,
0xff, 0xff, 0xff, 0x00, 0xff, 0xff, 0xff, 0x00, 0xff, 0xff, 0xff, 0x00, 0xff, 0xff, 0xff,
0x00, 0xff, 0xff, 0xff, 0x00, 0xff, 0xff, 0xff, 0x00, 0xff, 0xff, 0xff, 0x00, 0xff, 0xff,
0xff, 0x00, 0xff, 0xff, 0xff, 0x00, 0xff, 0xff, 0xff, 0x00, 0xff, 0xff, 0xff, 0x00, 0xff,
0xff, 0xff, 0x00, 0xff, 0xff, 0xff, 0x00, 0xff, 0xff, 0xff, 0x00, 0xff, 0xff, 0xff, 0x00,
0xff, 0xff, 0xff, 0x00, 0xff, 0xff, 0xff, 0x00, 0xff, 0xff, 0xff, 0x00, 0xff, 0xff, 0xff,
0x00, 0xff, 0xff, 0xff, 0x00, 0xff, 0xff, 0xff, 0x00, 0xff, 0xff, 0xff, 0x00, 0xff, 0xff,
0xff, 0x00, 0xff, 0xff, 0xff, 0x00, 0xff, 0xff, 0xff, 0x00, 0xff, 0xff, 0xff, 0x00, 0xff,
0xff, 0xff, 0x00, 0xff, 0xff, 0xff, 0x00, 0xff, 0xff, 0xff, 0x00, 0xff, 0xff, 0xff, 0x00,
0xff, 0xff, 0xff, 0x00, 0xff, 0xff, 0xff, 0x00, 0xff, 0xff, 0xff, 0x00, 0xff, 0xff, 0xff,
0x00, 0xff, 0xff, 0xff, 0x00, 0xff, 0xff, 0xff, 0x00, 0xff, 0xff, 0xff, 0x00, 0xff, 0xff,
0xff, 0x00, 0xff, 0xff, 0xff, 0x00, 0xff, 0xff, 0xff, 0x00, 0xff, 0xff, 0xff, 0x00, 0xff,
0xff, 0xff, 0x00, 0xff, 0xff, 0xff, 0x00, 0xff, 0xff, 0xff, 0x00, 0xff, 0xff, 0xff, 0x00,
0xff, 0xff, 0xff, 0x00, 0xff, 0xff, 0xff, 0x00, 0xff, 0xff, 0xff, 0x00, 0xff, 0xff, 0xff,
0x00, 0xff, 0xff, 0xff, 0x00, 0xff, 0xff, 0xff, 0x00, 0xff, 0xff, 0xff, 0x00, 0xff, 0xff,
0xff, 0x00, 0xff, 0xff, 0xff, 0x00, 0xff, 0xff, 0xff, 0x00, 0xff, 0xff, 0xff, 0x00, 0xff,
0xff, 0xff, 0x00, 0xff, 0xff, 0xff, 0x00, 0xff, 0xff, 0xff, 0x00, 0xff, 0xff, 0xff, 0x00,
0xff, 0xff, 0xff, 0x00, 0xff, 0xff, 0xff, 0x00, 0xff, 0xff, 0xff, 0x00, 0xff, 0xff, 0xff,
0x00, 0xff, 0xff, 0xff, 0x00, 0xff, 0xff, 0xff, 0x00, 0xff, 0xff, 0xff, 0x00, 0xff, 0xff,
0xff, 0x00, 0xff, 0xff, 0xff, 0x00, 0xff, 0xff, 0xff, 0x00, 0xff, 0xff, 0xff, 0x00, 0xff,
0xff, 0xff, 0x00, 0xff, 0xff, 0xff, 0x00, 0xff, 0xff, 0xff, 0x00, 0xff, 0xff, 0xff, 0x00,
0xff, 0xff, 0xff, 0x00, 0xff, 0xff, 0xff, 0x00, 0xff, 0xff, 0xff, 0x00, 0xff, 0xff, 0xff,
0x00, 0xff, 0xff, 0xff, 0x00, 0xff, 0xff, 0xff, 0x00, 0xff, 0xff, 0xff, 0x00, 0xff, 0xff,
0xff, 0x00, 0xff, 0xff, 0xff, 0x00, 0xff, 0xff, 0xff, 0x00, 0xff, 0xff, 0xff, 0x00, 0xff,
0xff, 0xff, 0x00, 0xff, 0xff, 0xff, 0x00, 0xff, 0xff, 0xff, 0x00, 0xff, 0xff, 0xff, 0x00,
0xff, 0xff, 0xff, 0x00, 0xff, 0xff, 0xff, 0x00, 0xff, 0xff, 0xff, 0x00, 0xff, 0xff, 0xff,
0x00, 0xff, 0xff, 0xff, 0x00, 0xff, 0xff, 0xff, 0x00, 0xff, 0xff, 0xff, 0x00, 0xff, 0xff,
0xff, 0x00, 0xff, 0xff, 0xff, 0x00, 0xff, 0xff, 0xff, 0x00, 0xff, 0xff, 0xff, 0x00, 0xff,
0xff, 0xff, 0x00, 0xff, 0xff, 0xff, 0x00, 0xff, 0xff, 0xff, 0x00, 0xff, 0xff, 0xff, 0x00,
0xff, 0xff, 0xff, 0x00, 0xff, 0xff, 0xff, 0x00, 0xff, 0xff, 0xff, 0x00, 0xff, 0xff, 0xff,
0x00, 0xff, 0xff, 0xff, 0x00, 0xff, 0xff, 0xff, 0x00, 0xff, 0xff, 0xff, 0x00, 0xff, 0xff,
0xff, 0x00, 0xff, 0xff, 0xff, 0x00, 0xff, 0xff, 0xff, 0x00, 0xff, 0xff, 0xff, 0x00, 0xff,
0xff, 0xff, 0x00, 0xff, 0xff, 0xff, 0x00, 0xff, 0xff, 0xff, 0x00, 0xff, 0xff, 0xff, 0x00,
0xff, 0xff, 0xff, 0x00, 0xff, 0xff, 0xff, 0x00, 0xff, 0xff, 0xff, 0x00, 0xff, 0xff, 0xff,
0x00, 0xff, 0xff, 0xff, 0x00, 0xff, 0xff, 0xff, 0x00, 0xff, 0xff, 0xff, 0x00, 0xff, 0xff,
0xff, 0x00, 0xff, 0xff, 0xff, 0x00, 0xff, 0xff, 0xff, 0x00, 0xff, 0xff, 0xff, 0x00, 0xff,
0xff, 0xff, 0x00, 0xff, 0xff, 0xff, 0x00, 0xff, 0xff, 0xff, 0x00, 0xff, 0xff, 0xff, 0x00,
0xff, 0xff, 0xff, 0x00, 0xff, 0xff, 0xff, 0x00, 0xff, 0xff, 0xff, 0x00, 0xff, 0xff, 0xff,
0x00, 0xff, 0xff, 0xff, 0x00, 0xff, 0xff, 0xff, 0x00, 0xff, 0xff, 0xff, 0x00, 0xff, 0xff,
0xff, 0x00, 0xff, 0xff, 0xff, 0x00, 0xff, 0xff, 0xff, 0x00, 0xff, 0xff, 0xff, 0x00, 0xff,
0xff, 0xff, 0x00, 0xff, 0xff, 0xff, 0x00, 0xff, 0xff, 0xff, 0x00, 0xff, 0xff, 0xff, 0x00,
0xff, 0xff, 0xff, 0x00, 0xff, 0xff, 0xff, 0x00, 0xff, 0xff, 0xff, 0x00, 0xff, 0xff, 0xff,
0x00, 0xff, 0xff, 0xff, 0x00, 0xff, 0xff, 0xff, 0x00, 0xff, 0xff, 0xff, 0x00, 0xff, 0xff,
0xff, 0x00, 0xff, 0xff, 0xff, 0x00, 0xff, 0xff, 0xff, 0x00, 0xff, 0xff, 0xff, 0x00, 0xff,
0xff, 0xff, 0x00, 0xff, 0xff, 0xff, 0x00, 0xff, 0xff, 0xff, 0x00, 0xff, 0xff, 0xff, 0x00,
0xff, 0xff, 0xff, 0x00, 0xff, 0xff, 0xff, 0x00, 0xff, 0xff, 0xff, 0x00, 0xff, 0xff, 0xff,
0x00, 0xff, 0xff, 0xff, 0x00, 0xff, 0xff, 0xff, 0x00, 0xff, 0xff, 0xff, 0x00, 0xff, 0xff,
0xff, 0x00, 0xff, 0xff, 0xff, 0x00, 0xff, 0xff, 0xff, 0x00, 0xff, 0xff, 0xff, 0x00, 0xff,
0xff, 0xff, 0x00, 0xff, 0xff, 0xff, 0x00, 0xff, 0xff, 0xff, 0x00, 0xff, 0xff, 0xff, 0x00,
0xff, 0xff, 0xff, 0x00, 0xff, 0xff, 0xff, 0x00, 0xff, 0xff, 0xff, 0x00, 0xff, 0xff, 0xff,
0x00, 0xff, 0xff, 0xff, 0x00, 0xff, 0xff, 0xff, 0x00, 0xff, 0xff, 0xff, 0x00, 0xff, 0xff,
0xff, 0x00, 0xff, 0xff, 0xff, 0x00, 0xff, 0xff, 0xff, 0x00, 0xff, 0xff, 0xff, 0x00, 0xff,
0xff, 0xff, 0x00, 0xff, 0xff, 0xff, 0x00, 0xff, 0xff, 0xff, 0x00, 0xff, 0xff, 0xff, 0x00,
0xff, 0xff, 0xff, 0x00, 0xff, 0xff, 0xff, 0x00, 0xff, 0xff, 0xff, 0x00, 0xff, 0xff, 0xff,
0x00, 0xff, 0xff, 0xff, 0x00, 0xff, 0xff, 0xff, 0x00, 0xff, 0xff, 0xff, 0x00, 0xff, 0xff,
0xff, 0x00, 0xff, 0xff, 0xff, 0x00, 0xff, 0xff, 0xff, 0x00, 0xff, 0xff, 0xff, 0x00, 0xff,
0xff, 0xff, 0x00, 0xff, 0xff, 0xff, 0x00, 0xff, 0xff, 0xff, 0x00, 0xff, 0xff, 0xff, 0x00,
0xff, 0xff, 0xff, 0x00, 0xff, 0xff, 0xff, 0x00, 0xff, 0xff, 0xff, 0x00, 0xff, 0xff, 0xff,
0x00, 0xff, 0xff, 0xff, 0x00, 0xff, 0xff, 0xff, 0x00, 0xff, 0xff, 0xff, 0x00, 0xff, 0xff,
0xff, 0x00, 0xff, 0xff, 0xff, 0x00, 0xff, 0xff, 0xff, 0x00, 0xff, 0xff, 0xff, 0x00, 0xff,
0xff, 0xff, 0x00, 0xff, 0xff, 0xff, 0x00, 0xff, 0xff, 0xff, 0x00, 0xff, 0xff, 0xff, 0x00,
0xff, 0xff, 0xff, 0x00, 0xff, 0xff, 0xff, 0x00, 0xff, 0xff, 0xff, 0x00, 0xff, 0xff, 0xff,
0x00, 0xff, 0xff, 0xff, 0x00, 0xff, 0xff, 0xff, 0x00, 0xff, 0xff, 0xff, 0x00, 0xff, 0xff,
0xff, 0x00, 0xff, 0xff, 0xff, 0x00, 0xff, 0xff, 0xff, 0x00, 0xff, 0xff, 0xff, 0x00, 0xff,
0xff, 0xff, 0x00, 0xff, 0xff, 0xff, 0x00, 0xff, 0xff, 0xff, 0x00, 0xff, 0xff, 0xff, 0x00,
0xff, 0xff, 0xff, 0x00, 0xff, 0xff, 0xff, 0x00, 0xff, 0xff, 0xff, 0x00, 0xff, 0xff, 0xff,
0x00, 0xff, 0xff, 0xff, 0x00, 0xff, 0xff, 0xff, 0x00, 0xff, 0xff, 0xff, 0x00, 0xff, 0xff,
0xff, 0x00, 0xff, 0xff, 0xff, 0x00, 0xff, 0xff, 0xff, 0x00, 0xff, 0xff, 0xff, 0x00, 0xff,
0xff, 0xff, 0x00, 0xff, 0xff, 0xff, 0x00, 0xff, 0xff, 0xff, 0x00, 0xff, 0xff, 0xff, 0x00,
0xff, 0xff, 0xff, 0x00, 0xff, 0xff, 0xff, 0x00, 0xff, 0xff, 0xff, 0x00, 0xff, 0xff, 0xff,
0x00, 0xff, 0xff, 0xff, 0x00, 0xff, 0xff, 0xff, 0x00, 0xff, 0xff, 0xff, 0x00, 0xff, 0xff,
0xff, 0x00, 0xff, 0xff, 0xff, 0x00, 0xff, 0xff, 0xff, 0x00, 0xff, 0xff, 0xff, 0x00, 0xff,
0xff, 0xff, 0x00, 0xff, 0xff, 0xff, 0x00, 0xff, 0xff, 0xff, 0x00, 0xff, 0xff, 0xff, 0x00,
0xff, 0xff, 0xff, 0x00, 0xff, 0xff, 0xff, 0x00, 0xff, 0xff, 0xff, 0x00, 0xff, 0xff, 0xff,
0x00, 0xff, 0xff, 0xff, 0x00, 0xff, 0xff, 0xff, 0x00, 0xff, 0xff, 0xff, 0x00, 0xff, 0xff,
0xff, 0x00, 0xff, 0xff, 0xff, 0x00, 0xff, 0xff, 0xff, 0x00, 0xff, 0xff, 0xff, 0x00, 0xff,
0xff, 0xff, 0x00, 0xff, 0xff, 0xff, 0x00, 0xff, 0xff, 0xff, 0x00, 0xff, 0xff, 0xff, 0x00,
0xff, 0xff, 0xff, 0x00, 0xff, 0xff, 0xff, 0x00, 0xff, 0xff, 0xff, 0x00, 0xff, 0xff, 0xff,
0x00, 0xff, 0xff, 0xff, 0x00, 0xff, 0xff, 0xff, 0x00, 0xff, 0xff, 0xff, 0x00, 0xff, 0xff,
0xff, 0x00, 0xff, 0xff, 0xff, 0x00, 0xff, 0xff, 0xff, 0x00, 0xff, 0xff, 0xff, 0x00, 0xff,
0xff, 0xff, 0x00, 0xff, 0xff, 0xff, 0x00, 0xff, 0xff, 0xff, 0x00, 0xff, 0xff, 0xff, 0x00,
0xff, 0xff, 0xff, 0x00, 0xff, 0xff, 0xff, 0x00, 0xff, 0xff, 0xff, 0x00, 0xff, 0xff, 0xff,
0x00, 0xff, 0xff, 0xff, 0x00, 0xff, 0xff, 0xff, 0x00, 0xff, 0xff, 0xff, 0x00, 0xff, 0xff,
0xff, 0x00, 0xff, 0xff, 0xff, 0x00, 0xff, 0xff, 0xff, 0x00, 0xff, 0xff, 0xff, 0x00, 0xff,
0xff, 0xff, 0x00, 0xff, 0xff, 0xff, 0x00, 0xff, 0xff, 0xff, 0x00, 0xff, 0xff, 0xff, 0x00,
0xff, 0xff, 0xff, 0x00, 0xff, 0xff, 0xff, 0x00, 0xff, 0xff, 0xff, 0x00, 0xff, 0xff, 0xff,
0x00, 0xff, 0xff, 0xff, 0x00, 0xff, 0xff, 0xff, 0x00, 0xff, 0xff, 0xff, 0x00, 0xff, 0xff,
0xff, 0x00, 0xff, 0xff, 0xff, 0x00, 0xff, 0xff, 0xff, 0x00, 0xff, 0xff, 0xff, 0x00, 0xff,
0xff, 0xff, 0x00, 0xff, 0xff, 0xff, 0x00, 0xff, 0xff, 0xff, 0x00, 0xff, 0xff, 0xff, 0x00,
0xff, 0xff, 0xff, 0x00, 0xff, 0xff, 0xff, 0x00, 0xff, 0xff, 0xff, 0x00, 0xff, 0xff, 0xff,
0x00, 0xff, 0xff, 0xff, 0x00, 0xff, 0xff, 0xff, 0x00, 0xff, 0xff, 0xff, 0x00, 0xff, 0xff,
0xff, 0x00, 0xff, 0xff, 0xff, 0x00, 0xff, 0xff, 0xff, 0x00, 0xff, 0xff, 0xff, 0x00, 0xff,
0xff, 0xff, 0x00, 0xff, 0xff, 0xff, 0x00, 0xff, 0xff, 0xff, 0x00, 0xff, 0xff, 0xff, 0x00,
0xff, 0xff, 0xff, 0x00, 0xff, 0xff, 0xff, 0x00, 0xff, 0xff, 0xff, 0x00, 0xff, 0xff, 0xff,
0x00, 0xff, 0xff, 0xff, 0x00, 0xff, 0xff, 0xff, 0x00, 0xff, 0xff, 0xff, 0x00, 0xff, 0xff,
0xff, 0x00, 0xff, 0xff, 0xff, 0x00, 0xff, 0xff, 0xff, 0x00, 0xff, 0xff, 0xff, 0x00, 0xff,
0xff, 0xff, 0x00, 0xff, 0xff, 0xff, 0x00, 0xff, 0xff, 0xff, 0x00, 0xff, 0xff, 0xff, 0x00,
0xff, 0xff, 0xff, 0x00, 0xff, 0xff, 0xff, 0x00, 0xff, 0xff, 0xff, 0x00, 0xff, 0xff, 0xff,
0x00, 0xff, 0xff, 0xff, 0x00, 0xff, 0xff, 0xff, 0x00, 0xff, 0xff, 0xff, 0x00, 0xff, 0xff,
0xff, 0x00, 0xff, 0xff, 0xff, 0x00, 0xff, 0xff, 0xff, 0x00, 0xff, 0xff, 0xff, 0x00, 0xff,
0xff, 0xff, 0x00, 0xff, 0xff, 0xff, 0x00, 0xff, 0xff, 0xff, 0x00, 0xff, 0xff, 0xff, 0x00,
0xff, 0xff, 0xff, 0x00, 0xff, 0xff, 0xff, 0x00, 0xff, 0xff, 0xff, 0x00, 0xff, 0xff, 0xff,
0x00, 0xff, 0xff, 0xff, 0x00, 0xff, 0xff, 0xff, 0x00, 0xff, 0xff, 0xff, 0x00, 0xff, 0xff,
0xff, 0x00, 0xff, 0xff, 0xff, 0x00, 0xff, 0xff, 0xff, 0x00, 0xff, 0xff, 0xff, 0x00, 0xff,
0xff, 0xff, 0x00, 0xff, 0xff, 0xff, 0x00, 0xff, 0xff, 0xff, 0x00, 0xff, 0xff, 0xff, 0x00,
0xff, 0xff, 0xff, 0x00, 0xff, 0xff, 0xff, 0x00, 0xff, 0xff, 0xff, 0x00, 0xff, 0xff, 0xff,
0x00, 0xff, 0xff, 0xff, 0x00, 0xff, 0xff, 0xff, 0x00, 0xff, 0xff, 0xff, 0x00, 0xff, 0xff,
0xff, 0x00, 0xff, 0xff, 0xff, 0x00, 0xff, 0xff, 0xff, 0x00, 0xff, 0xff, 0xff, 0x00, 0xff,
0xff, 0xff, 0x00, 0xff, 0xff, 0xff, 0x00, 0xff, 0xff, 0xff, 0x00, 0xff, 0xff, 0xff, 0x00,
0xff, 0xff, 0xff, 0x00, 0xff, 0xff, 0xff, 0x00, 0xff, 0xff, 0xff, 0x00, 0xff, 0xff, 0xff,
0x00, 0xff, 0xff, 0xff, 0x00, 0xff, 0xff, 0xff, 0x00, 0xff, 0xff, 0xff, 0x00, 0xff, 0xff,
0xff, 0x00, 0xff, 0xff, 0xff, 0x00, 0xff, 0xff, 0xff, 0x00, 0xff, 0xff, 0xff, 0x00, 0xff,
0xff, 0xff, 0x00, 0xff, 0xff, 0xff, 0x00, 0xff, 0xff, 0xff, 0x00, 0xff, 0xff, 0xff, 0x00,
0xff, 0xff, 0xff, 0x00, 0xff, 0xff, 0xff, 0x00, 0xff, 0xff, 0xff, 0x00, 0xff, 0xff, 0xff,
0x00, 0xff, 0xff, 0xff, 0x00, 0xff, 0xff, 0xff, 0x00, 0xff, 0xff, 0xff, 0x00, 0xff, 0xff,
0xff, 0x00, 0xff, 0xff, 0xff, 0x00, 0xff, 0xff, 0xff, 0x00, 0xff, 0xff, 0xff, 0x00, 0xff,
0xff, 0xff, 0x00, 0xff, 0xff, 0xff, 0x00, 0xff, 0xff, 0xff, 0x00, 0xff, 0xff, 0xff, 0x00,
0xff, 0xff, 0xff, 0x00, 0xff, 0xff, 0xff, 0x00, 0xff, 0xff, 0xff, 0x00, 0xff, 0xff, 0xff,
0x00, 0xff, 0xff, 0xff, 0x00, 0xff, 0xff, 0xff, 0x00, 0xff, 0xff, 0xff, 0x00, 0xff, 0xff,
0xff, 0x00, 0xff, 0xff, 0xff, 0x00, 0xff, 0xff, 0xff, 0x00, 0xff, 0xff, 0xff, 0x00, 0xff,
0xff, 0xff, 0x00, 0xff, 0xff, 0xff, 0x00, 0xff, 0xff, 0xff, 0x00, 0xff, 0xff, 0xff, 0x00,
0xff, 0xff, 0xff, 0x00, 0xff, 0xff, 0xff, 0x00, 0xff, 0xff, 0xff, 0x00, 0xff, 0xff, 0xff,
0x00, 0xff, 0xff, 0xff, 0x00, 0xff, 0xff, 0xff, 0x00, 0xff, 0xff, 0xff, 0x00, 0xff, 0xff,
0xff, 0x00, 0xff, 0xff, 0xff, 0x00, 0xff, 0xff, 0xff, 0x00, 0xff, 0xff, 0xff, 0x00, 0xff,
0xff, 0xff, 0x00, 0xff, 0xff, 0xff, 0x00, 0xff, 0xff, 0xff, 0x00, 0xff, 0xff, 0xff, 0x00,
0xff, 0xff, 0xff, 0x00, 0xff, 0xff, 0xff, 0x00, 0xff, 0xff, 0xff, 0x00, 0xff, 0xff, 0xff,
0x00, 0xff, 0xff, 0xff, 0x00, 0xff, 0xff, 0xff, 0x00, 0xff, 0xff, 0xff, 0x00, 0xff, 0xff,
0xff, 0x00, 0xff, 0xff, 0xff, 0x00, 0xff, 0xff, 0xff, 0x00, 0xff, 0xff, 0xff, 0x00, 0xff,
0xff, 0xff, 0x00, 0xff, 0xff, 0xff, 0x00, 0xff, 0xff, 0xff, 0x00, 0xff, 0xff, 0xff, 0x00,
0xff, 0xff, 0xff, 0x00, 0xff, 0xff, 0xff, 0x00, 0xff, 0xff, 0xff, 0x00, 0xff, 0xff, 0xff,
0x00, 0xff, 0xff, 0xff, 0x00, 0xff, 0xff, 0xff, 0x00, 0xff, 0xff, 0xff, 0x00, 0xff, 0xff,
0xff, 0x00, 0xff, 0xff, 0xff, 0x00, 0xff, 0xff, 0xff, 0x00, 0xff, 0xff, 0xff, 0x00, 0xff,
0xff, 0xff, 0x00, 0xff, 0xff, 0xff, 0x00, 0xff, 0xff, 0xff, 0x00, 0xff, 0xff, 0xff, 0x00,
0xff, 0xff, 0xff, 0x00, 0xff, 0xff, 0xff, 0x00, 0xff, 0xff, 0xff, 0x00, 0xff, 0xff, 0xff,
0x00, 0xff, 0xff, 0xff, 0x00, 0xff, 0xff, 0xff, 0x00, 0xff, 0xff, 0xff, 0x00, 0xff, 0xff,
0xff, 0x00, 0xff, 0xff, 0xff, 0x00, 0xff, 0xff, 0xff, 0x00, 0xff, 0xff, 0xff, 0x00, 0xff,
0xff, 0xff, 0x00, 0xff, 0xff, 0xff, 0x00, 0xff, 0xff, 0xff, 0x00, 0xff, 0xff, 0xff, 0x00,
0xff, 0xff, 0xff, 0x00, 0xff, 0xff, 0xff, 0x00, 0xff, 0xff, 0xff, 0x00, 0xff, 0xff, 0xff,
0x00, 0xff, 0xff, 0xff, 0x00, 0xff, 0xff, 0xff, 0x00, 0xff, 0xff, 0xff, 0x00, 0xff, 0xff,
0xff, 0x00, 0xff, 0xff, 0xff, 0x00, 0xff, 0xff, 0xff, 0x00, 0xff, 0xff, 0xff, 0x00, 0xff,
0xff, 0xff, 0x00, 0xff, 0xff, 0xff, 0x00, 0xff, 0xff, 0xff, 0x00, 0xff, 0xff, 0xff, 0x00,
0xff, 0xff, 0xff, 0x00, 0xff, 0xff, 0xff, 0x00, 0xff, 0xff, 0xff, 0x00, 0xff, 0xff, 0xff,
0x00, 0xff, 0xff, 0xff, 0x00, 0xff, 0xff, 0xff, 0x00, 0xff, 0xff, 0xff, 0x00, 0xff, 0xff,
0xff, 0x00, 0xff, 0xff, 0xff, 0x00, 0xff, 0xff, 0xff, 0x00, 0xff, 0xff, 0xff, 0x00, 0xff,
0xff, 0xff, 0x00, 0xff, 0xff, 0xff, 0x00, 0xff, 0xff, 0xff, 0x00, 0xff, 0xff, 0xff, 0x00,
0xff, 0xff, 0xff, 0x00, 0xff, 0xff, 0xff, 0x00, 0xff, 0xff, 0xff, 0x00, 0xff, 0xff, 0xff,
0x00, 0xff, 0xff, 0xff, 0x00, 0xff, 0xff, 0xff, 0x00, 0xff, 0xff, 0xff, 0x00, 0xff, 0xff,
0xff, 0x00, 0xff, 0xff, 0xff, 0x00, 0xff, 0xff, 0xff, 0x00, 0xff, 0xff, 0xff, 0x00, 0xff,
0xff, 0xff, 0x00, 0xff, 0xff, 0xff, 0x00, 0xff, 0xff, 0xff, 0x00, 0xff, 0xff, 0xff, 0x00,
0xff, 0xff, 0xff, 0x00, 0xff, 0xff, 0xff, 0x00, 0xff, 0xff, 0xff, 0x00, 0xff, 0xff, 0xff,
0x00, 0xff, 0xff, 0xff, 0x00, 0xff, 0xff, 0xff, 0x00, 0xff, 0xff, 0xff, 0x00, 0xff, 0xff,
0xff, 0x00, 0xff, 0xff, 0xff, 0x00, 0xff, 0xff, 0xff, 0x00, 0xff, 0xff, 0xff, 0x00, 0xff,
0xff, 0xff, 0x00, 0xff, 0xff, 0xff, 0x00, 0xff, 0xff, 0xff, 0x00, 0xff, 0xff, 0xff, 0x00,
0xff, 0xff, 0xff, 0x00, 0xff, 0xff, 0xff, 0x00, 0xff, 0xff, 0xff, 0x00, 0xff, 0xff, 0xff,
0x00, 0xff, 0xff, 0xff, 0x00, 0xff, 0xff, 0xff, 0x00, 0xff, 0xff, 0xff, 0x00, 0xff, 0xff,
0xff, 0x00, 0xff, 0xff, 0xff, 0x00, 0xff, 0xff, 0xff, 0x00, 0xff, 0xff, 0xff, 0x00, 0xff,
0xff, 0xff, 0x00, 0xff, 0xff, 0xff, 0x00, 0xff, 0xff, 0xff, 0x00, 0xff, 0xff, 0xff, 0x00,
0xff, 0xff, 0xff, 0x00, 0xff, 0xff, 0xff, 0x00, 0xff, 0xff, 0xff, 0x00, 0xff, 0xff, 0xff,
0x00, 0xff, 0xff, 0xff, 0x00, 0xff, 0xff, 0xff, 0x00, 0xff, 0xff, 0xff, 0x00, 0xff, 0xff,
0xff, 0x00, 0xff, 0xff, 0xff, 0x00, 0xff, 0xff, 0xff, 0x00, 0xff, 0xff, 0xff, 0x00, 0xff,
0xff, 0xff, 0x00, 0xff, 0xff, 0xff, 0x00, 0xff, 0xff, 0xff, 0x00, 0xff, 0xff, 0xff, 0x00,
0xff, 0xff, 0xff, 0x00, 0xff, 0xff, 0xff, 0x00, 0xff, 0xff, 0xff, 0x00, 0xff, 0xff, 0xff,
0x00, 0xff, 0xff, 0xff, 0x00, 0xff, 0xff, 0xff, 0x00, 0xff, 0xff, 0xff, 0x00, 0xff, 0xff,
0xff, 0x00, 0xff, 0xff, 0xff, 0x00, 0xff, 0xff, 0xff, 0x00, 0xff, 0xff, 0xff, 0x00, 0xff,
0xff, 0xff, 0x00, 0xff, 0xff, 0xff, 0x00, 0xff, 0xff, 0xff, 0x00, 0xff, 0xff, 0xff, 0x00,
0xff, 0xff, 0xff, 0x00, 0xff, 0xff, 0xff, 0x00, 0xff, 0xff, 0xff, 0x00, 0xff, 0xff, 0xff,
0x00, 0xff, 0xff, 0xff, 0x00, 0xff, 0xff, 0xff, 0x00, 0xff, 0xff, 0xff, 0x00, 0xff, 0xff,
0xff, 0x00, 0xff, 0xff, 0xff, 0x00, 0xff, 0xff, 0xff, 0x00, 0xff, 0xff, 0xff, 0x00, 0xff,
0xff, 0xff, 0x00, 0xff, 0xff, 0xff, 0x00, 0xff, 0xff, 0xff, 0x00, 0xff, 0xff, 0xff, 0x00,
0xff, 0xff, 0xff, 0x00, 0xff, 0xff, 0xff, 0x00, 0xff, 0xff, 0xff, 0x00, 0xff, 0xff, 0xff,
0x00, 0xff, 0xff, 0xff, 0x00, 0xff, 0xff, 0xff, 0x00, 0xff, 0xff, 0xff, 0x00, 0xff, 0xff,
0xff, 0x00, 0xff, 0xff, 0xff, 0x00, 0xff, 0xff, 0xff, 0x00, 0xff, 0xff, 0xff, 0x00, 0xff,
0xff, 0xff, 0x00, 0xff, 0xff, 0xff, 0x00, 0xff, 0xff, 0xff, 0x00, 0xff, 0xff, 0xff, 0x00,
0xff, 0xff, 0xff, 0x00, 0xff, 0xff, 0xff, 0x00, 0xff, 0xff, 0xff, 0x00, 0xff, 0xff, 0xff,
0x00, 0xff, 0xff, 0xff, 0x00, 0xff, 0xff, 0xff, 0x00, 0xff, 0xff, 0xff, 0x00, 0xff, 0xff,
0xff, 0x00, 0xff, 0xff, 0xff, 0x00, 0xff, 0xff, 0xff, 0x00, 0xff, 0xff, 0xff, 0x00, 0xff,
0xff, 0xff, 0x00, 0xff, 0xff, 0xff, 0x00, 0xff, 0xff, 0xff, 0x00, 0xff, 0xff, 0xff, 0x00,
0xff, 0xff, 0xff, 0x00, 0xff, 0xff, 0xff, 0x00, 0xff, 0xff, 0xff, 0x00, 0xff, 0xff, 0xff,
0x00, 0xff, 0xff, 0xff, 0x00, 0xff, 0xff, 0xff, 0x00, 0xff, 0xff, 0xff, 0x00, 0xff, 0xff,
0xff, 0x00, 0xff, 0xff, 0xff, 0x00, 0xff, 0xff, 0xff, 0x00, 0xff, 0xff, 0xff, 0x00, 0xff,
0xff, 0xff, 0x00, 0xff, 0xff, 0xff, 0x00, 0xff, 0xff, 0xff, 0x00, 0xff, 0xff, 0xff, 0x00,
0xff, 0xff, 0xff, 0x00, 0xff, 0xff, 0xff, 0x00, 0xff, 0xff, 0xff, 0x00, 0xff, 0xff, 0xff,
0x00, 0xff, 0xff, 0xff, 0x00, 0xff, 0xff, 0xff, 0x00, 0xff, 0xff, 0xff, 0x00, 0xff, 0xff,
0xff, 0x00, 0xff, 0xff, 0xff, 0x00, 0xff, 0xff, 0xff, 0x00, 0xff, 0xff, 0xff, 0x00, 0xff,
0xff, 0xff, 0x00, 0xff, 0xff, 0xff, 0x00, 0xff, 0xff, 0xff, 0x00, 0xff, 0xff, 0xff, 0x00,
0xff, 0xff, 0xff, 0x00, 0xff, 0xff, 0xff, 0x00, 0xff, 0xff, 0xff, 0x00, 0xff, 0xff, 0xff,
0x00, 0xff, 0xff, 0xff, 0x00, 0xff, 0xff, 0xff, 0x00, 0xff, 0xff, 0xff, 0x00, 0xff, 0xff,
0xff, 0x00, 0xff, 0xff, 0xff, 0x00, 0xff, 0xff, 0xff, 0x00, 0xff, 0xff, 0xff, 0x00, 0xff,
0xff, 0xff, 0x00, 0xff, 0xff, 0xff, 0x00, 0xff, 0xff, 0xff, 0x00, 0xff, 0xff, 0xff, 0x00,
0xff, 0xff, 0xff, 0x00, 0xff, 0xff, 0xff, 0x00, 0xff, 0xff, 0xff, 0x00, 0xff, 0xff, 0xff,
0x00, 0xff, 0xff, 0xff, 0x00, 0xff, 0xff, 0xff, 0x00, 0xff, 0xff, 0xff, 0x00, 0xff, 0xff,
0xff, 0x00, 0xff, 0xff, 0xff, 0x00, 0xff, 0xff, 0xff, 0x00, 0xff, 0xff, 0xff, 0x00, 0xff,
0xff, 0xff, 0x00, 0xff, 0xff, 0xff, 0x00, 0xff, 0xff, 0xff, 0x00, 0xff, 0xff, 0xff, 0x00,
0xff, 0xff, 0xff, 0x00, 0xff, 0xff, 0xff, 0x00, 0xff, 0xff, 0xff, 0x00, 0xff, 0xff, 0xff,
0x00, 0xff, 0xff, 0xff, 0x00, 0xff, 0xff, 0xff, 0x00, 0xff, 0xff, 0xff, 0x00, 0xff, 0xff,
0xff, 0x00, 0xff, 0xff, 0xff, 0x00, 0xff, 0xff, 0xff, 0x00, 0xff, 0xff, 0xff, 0x00, 0xff,
0xff, 0xff, 0x00, 0xff, 0xff, 0xff, 0x00, 0xff, 0xff, 0xff, 0x00, 0xff, 0xff, 0xff, 0x00,
0xff, 0xff, 0xff, 0x00, 0xff, 0xff, 0xff, 0x00, 0xff, 0xff, 0xff, 0x00, 0xff, 0xff, 0xff,
0x00, 0xff, 0xff, 0xff, 0x00, 0xff, 0xff, 0xff, 0x00, 0xff, 0xff, 0xff, 0x00, 0xff, 0xff,
0xff, 0x00, 0xff, 0xff, 0xff, 0x00, 0xff, 0xff, 0xff, 0x00, 0xff, 0xff, 0xff, 0x00, 0xff,
0xff, 0xff, 0x00, 0xff, 0xff, 0xff, 0x00, 0xff, 0xff, 0xff, 0x00, 0xff, 0xff, 0xff, 0x00,
0xff, 0xff, 0xff, 0x00, 0xff, 0xff, 0xff, 0x00, 0xff, 0xff, 0xff, 0x00, 0xff, 0xff, 0xff,
0x00, 0xff, 0xff, 0xff, 0x00, 0xff, 0xff, 0xff, 0x00, 0xff, 0xff, 0xff, 0x00, 0xff, 0xff,
0xff, 0x00, 0xff, 0xff, 0xff, 0x00, 0xff, 0xff, 0xff, 0x00, 0xff, 0xff, 0xff, 0x00, 0xff,
0xff, 0xff, 0x00, 0xff, 0xff, 0xff, 0x00, 0xff, 0xff, 0xff, 0x00, 0xff, 0xff, 0xff, 0x00,
0xff, 0xff, 0xff, 0x00, 0xff, 0xff, 0xff, 0x00, 0xff, 0xff, 0xff, 0x00, 0xff, 0xff, 0xff,
0x00, 0xff, 0xff, 0xff, 0x00, 0xff, 0xff, 0xff, 0x00, 0xff, 0xff, 0xff, 0x00, 0xff, 0xff,
0xff, 0x00, 0xff, 0xff, 0xff, 0x00, 0xff, 0xff, 0xff, 0x00, 0xff, 0xff, 0xff, 0x00, 0xff,
0xff, 0xff, 0x00, 0xff, 0xff, 0xff, 0x00, 0xff, 0xff, 0xff, 0x00, 0xff, 0xff, 0xff, 0x00,
0xff, 0xff, 0xff, 0x00, 0xff, 0xff, 0xff, 0x00, 0xff, 0xff, 0xff, 0x00, 0xff, 0xff, 0xff,
0x00, 0xff, 0xff, 0xff, 0x00, 0xff, 0xff, 0xff, 0x00, 0xff, 0xff, 0xff, 0x00, 0xff, 0xff,
0xff, 0x00, 0xff, 0xff, 0xff, 0x00, 0xff, 0xff, 0xff, 0x00, 0xff, 0xff, 0xff, 0x00, 0xff,
0xff, 0xff, 0x00, 0xff, 0xff, 0xff, 0x00, 0xff, 0xff, 0xff, 0x00, 0xff, 0xff, 0xff, 0x00,
0xff, 0xff, 0xff, 0x00, 0xff, 0xff, 0xff, 0x00, 0xff, 0xff, 0xff, 0x00, 0xff, 0xff, 0xff,
0x00, 0xff, 0xff, 0xff, 0x00, 0xff, 0xff, 0xff, 0x00, 0xff, 0xff, 0xff, 0x00, 0xff, 0xff,
0xff, 0x00, 0xff, 0xff, 0xff, 0x00, 0xff, 0xff, 0xff, 0x00, 0xff, 0xff, 0xff, 0x00, 0xff,
0xff, 0xff, 0x00, 0xff, 0xff, 0xff, 0x00, 0xff, 0xff, 0xff, 0x00, 0xff, 0xff, 0xff, 0x00,
0xff, 0xff, 0xff, 0x00, 0xff, 0xff, 0xff, 0x00, 0xff, 0xff, 0xff, 0x00, 0xff, 0xff, 0xff,
0x00, 0xff, 0xff, 0xff, 0x00, 0xff, 0xff, 0xff, 0x00, 0xff, 0xff, 0xff, 0x00, 0xff, 0xff,
0xff, 0x00, 0xff, 0xff, 0xff, 0x00, 0xff, 0xff, 0xff, 0x00, 0xff, 0xff, 0xff, 0x00, 0xff,
0xff, 0xff, 0x00, 0xff, 0xff, 0xff, 0x00, 0xff, 0xff, 0xff, 0x00, 0xff, 0xff, 0xff, 0x00,
0xff, 0xff, 0xff, 0x00, 0xff, 0xff, 0xff, 0x00, 0xff, 0xff, 0xff, 0x00, 0xff, 0xff, 0xff,
0x00, 0xff, 0xff, 0xff, 0x00, 0xff, 0xff, 0xff, 0x00, 0xff, 0xff, 0xff, 0x00, 0xff, 0xff,
0xff, 0x00, 0xff, 0xff, 0xff, 0x00, 0xff, 0xff, 0xff, 0x00, 0xff, 0xff, 0xff, 0x00, 0xff,
0xff, 0xff, 0x00, 0xff, 0xff, 0xff, 0x00, 0xff, 0xff, 0xff, 0x00, 0xff, 0xff, 0xff, 0x00,
0xff, 0xff, 0xff, 0x00, 0xff, 0xff, 0xff, 0x00, 0xff, 0xff, 0xff, 0x00, 0xff, 0xff, 0xff,
0x00, 0xff, 0xff, 0xff, 0x00, 0xff, 0xff, 0xff, 0x00, 0xff, 0xff, 0xff, 0x00, 0xff, 0xff,
0xff, 0x00, 0xff, 0xff, 0xff, 0x00, 0xff, 0xff, 0xff, 0x00, 0xff, 0xff, 0xff, 0x00, 0xff,
0xff, 0xff, 0x00, 0xff, 0xff, 0xff, 0x00, 0xff, 0xff, 0xff, 0x00, 0xff, 0xff, 0xff, 0x00,
0xff, 0xff, 0xff, 0x00, 0xff, 0xff, 0xff, 0x00, 0xff, 0xff, 0xff, 0x00, 0xff, 0xff, 0xff,
0x00, 0xff, 0xff, 0xff, 0x00, 0xff, 0xff, 0xff, 0x00, 0xff, 0xff, 0xff, 0x00, 0xff, 0xff,
0xff, 0x00, 0xff, 0xff, 0xff, 0x00, 0xff, 0xff, 0xff, 0x00, 0xff, 0xff, 0xff, 0x00, 0xff,
0xff, 0xff, 0x00, 0xff, 0xff, 0xff, 0x00, 0xff, 0xff, 0xff, 0x00, 0xff, 0xff, 0xff, 0x00,
0xff, 0xff, 0xff, 0x00, 0xff, 0xff, 0xff, 0x00, 0xff, 0xff, 0xff, 0x00, 0xff, 0xff, 0xff,
0x00, 0xff, 0xff, 0xff, 0x00, 0xff, 0xff, 0xff, 0x00, 0xff, 0xff, 0xff, 0x00, 0xff, 0xff,
0xff, 0x00, 0xff, 0xff, 0xff, 0x00, 0xff, 0xff, 0xff, 0x00, 0xff, 0xff, 0xff, 0x00, 0xff,
0xff, 0xff, 0x00, 0xff, 0xff, 0xff, 0x00, 0xff, 0xff, 0xff, 0x00, 0xff, 0xff, 0xff, 0x00,
0xff, 0xff, 0xff, 0x00, 0xff, 0xff, 0xff, 0x00, 0xff, 0xff, 0xff, 0x00, 0xff, 0xff, 0xff,
0x00, 0xff, 0xff, 0xff, 0x00, 0xff, 0xff, 0xff, 0x00, 0xff, 0xff, 0xff, 0x00, 0xff, 0xff,
0xff, 0x00, 0xff, 0xff, 0xff, 0x00, 0xff, 0xff, 0xff, 0x00, 0xff, 0xff, 0xff, 0x00, 0xff,
0xff, 0xff, 0x00, 0xff, 0xff, 0xff, 0x00, 0xff, 0xff, 0xff, 0x00, 0xff, 0xff, 0xff, 0x00,
0xff, 0xff, 0xff, 0x00, 0xff, 0xff, 0xff, 0x00, 0xff, 0xff, 0xff, 0x00, 0xff, 0xff, 0xff,
0x00, 0xff, 0xff, 0xff, 0x00, 0xff, 0xff, 0xff, 0x00, 0xff, 0xff, 0xff, 0x00, 0xff, 0xff,
0xff, 0x00, 0xff, 0xff, 0xff, 0x00, 0xff, 0xff, 0xff, 0x00, 0xff, 0xff, 0xff, 0x00, 0xff,
0xff, 0xff, 0x00, 0xff, 0xff, 0xff, 0x00, 0xff, 0xff, 0xff, 0x00, 0xff, 0xff, 0xff, 0x00,
0xff, 0xff, 0xff, 0x00, 0xff, 0xff, 0xff, 0x00, 0xff, 0xff, 0xff, 0x00, 0xff, 0xff, 0xff,
0x00, 0xff, 0xff, 0xff, 0x00, 0xff, 0xff, 0xff, 0x00, 0xff, 0xff, 0xff, 0x00, 0xff, 0xff,
0xff, 0x00, 0xff, 0xff, 0xff, 0x00, 0xff, 0xff, 0xff, 0x00, 0xff, 0xff, 0xff, 0x00, 0xff,
0xff, 0xff, 0x00, 0xff, 0xff, 0xff, 0x00, 0xff, 0xff, 0xff, 0x00, 0xff, 0xff, 0xff, 0x00,
0xff, 0xff, 0xff, 0x00, 0xff, 0xff, 0xff, 0x00, 0xff, 0xff, 0xff, 0x00, 0xff, 0xff, 0xff,
0x00, 0xff, 0xff, 0xff, 0x00, 0xff, 0xff, 0xff, 0x00, 0xff, 0xff, 0xff, 0x00, 0xff, 0xff,
0xff, 0x00, 0xff, 0xff, 0xff, 0x00, 0xff, 0xff, 0xff, 0x00, 0xff, 0xff, 0xff, 0x00, 0xff,
0xff, 0xff, 0x00, 0xff, 0xff, 0xff, 0x00, 0xff, 0xff, 0xff, 0x00, 0xff, 0xff, 0xff, 0x00,
0xff, 0xff, 0xff, 0x00, 0xff, 0xff, 0xff, 0x00, 0xff, 0xff, 0xff, 0x00, 0xff, 0xff, 0xff,
0x00, 0xff, 0xff, 0xff, 0x00, 0xff, 0xff, 0xff, 0x00, 0xff, 0xff, 0xff, 0x00, 0xff, 0xff,
0xff, 0x00, 0xff, 0xff, 0xff, 0x00, 0xff, 0xff, 0xff, 0x00, 0xff, 0xff, 0xff, 0x00, 0xff,
0xff, 0xff, 0x00, 0xff, 0xff, 0xff, 0x00, 0xff, 0xff, 0xff, 0x00, 0xff, 0xff, 0xff, 0x00,
0xff, 0xff, 0xff, 0x00, 0xff, 0xff, 0xff, 0x00, 0xff, 0xff, 0xff, 0x00, 0xff, 0xff, 0xff,
0x00, 0xff, 0xff, 0xff, 0x00, 0xff, 0xff, 0xff, 0x00, 0xff, 0xff, 0xff, 0x00, 0xff, 0xff,
0xff, 0x00, 0xff, 0xff, 0xff, 0x00, 0xff, 0xff, 0xff, 0x00, 0xff, 0xff, 0xff, 0x00, 0xff,
0xff, 0xff, 0x00, 0xff, 0xff, 0xff, 0x00, 0xff, 0xff, 0xff, 0x00, 0xff, 0xff, 0xff, 0x00,
0xff, 0xff, 0xff, 0x00, 0xff, 0xff, 0xff, 0x00, 0xff, 0xff, 0xff, 0x00, 0xff, 0xff, 0xff,
0x00, 0xff, 0xff, 0xff, 0x00, 0xff, 0xff, 0xff, 0x00, 0xff, 0xff, 0xff, 0x00, 0xff, 0xff,
0xff, 0x00, 0xff, 0xff, 0xff, 0x00, 0xff, 0xff, 0xff, 0x00, 0xff, 0xff, 0xff, 0x00, 0xff,
0xff, 0xff, 0x00, 0xff, 0xff, 0xff, 0x00, 0xff, 0xff, 0xff, 0x00, 0xff, 0xff, 0xff, 0x00,
0xff, 0xff, 0xff, 0x00, 0xff, 0xff, 0xff, 0x00, 0xff, 0xff, 0xff, 0x00, 0xff, 0xff, 0xff,
0x00, 0xff, 0xff, 0xff, 0x00, 0xff, 0xff, 0xff, 0x00, 0xff, 0xff, 0xff, 0x00, 0xff, 0xff,
0xff, 0x00, 0xff, 0xff, 0xff, 0x00, 0xff, 0xff, 0xff, 0x00, 0xff, 0xff, 0xff, 0x00, 0xff,
0xff, 0xff, 0x00, 0xff, 0xff, 0xff, 0x00, 0xff, 0xff, 0xff, 0x00, 0xff, 0xff, 0xff, 0x00,
0xff, 0xff, 0xff, 0x00, 0xff, 0xff, 0xff, 0x00, 0xff, 0xff, 0xff, 0x00, 0xff, 0xff, 0xff,
0x00, 0xff, 0xff, 0xff, 0x00, 0xff, 0xff, 0xff, 0x00, 0xff, 0xff, 0xff, 0x00, 0xff, 0xff,
0xff, 0x00, 0xff, 0xff, 0xff, 0x00, 0xff, 0xff, 0xff, 0x00, 0xff, 0xff, 0xff, 0x00, 0xff,
0xff, 0xff, 0x00, 0xff, 0xff, 0xff, 0x00, 0xff, 0xff, 0xff, 0x00, 0xff, 0xff, 0xff, 0x00,
0xff, 0xff, 0xff, 0x00, 0xff, 0xff, 0xff, 0x00, 0xff, 0xff, 0xff, 0x00, 0xff, 0xff, 0xff,
0x00, 0xff, 0xff, 0xff, 0x00, 0xff, 0xff, 0xff, 0x00, 0xff, 0xff, 0xff, 0x00, 0xff, 0xff,
0xff, 0x00, 0xff, 0xff, 0xff, 0x00, 0xff, 0xff, 0xff, 0x00, 0xff, 0xff, 0xff, 0x00, 0xff,
0xff, 0xff, 0x00, 0xff, 0xff, 0xff, 0x00, 0xff, 0xff, 0xff, 0x00, 0xff, 0xff, 0xff, 0x00,
0xff, 0xff, 0xff, 0x00, 0xff, 0xff, 0xff, 0x00, 0xff, 0xff, 0xff, 0x00, 0xff, 0xff, 0xff,
0x00, 0xff, 0xff, 0xff, 0x00, 0xff, 0xff, 0xff, 0x00, 0xff, 0xff, 0xff, 0x00, 0xff, 0xff,
0xff, 0x00, 0xff, 0xff, 0xff, 0x00, 0xff, 0xff, 0xff, 0x00, 0xff, 0xff, 0xff, 0x00, 0xff,
0xff, 0xff, 0x00, 0xff, 0xff, 0xff, 0x00, 0xff, 0xff, 0xff, 0x00, 0xff, 0xff, 0xff, 0x00,
0xff, 0xff, 0xff, 0x00, 0xff, 0xff, 0xff, 0x00, 0xff, 0xff, 0xff, 0x00, 0xff, 0xff, 0xff,
0x00, 0xff, 0xff, 0xff, 0x00, 0xff, 0xff, 0xff, 0x00, 0xff, 0xff, 0xff, 0x00, 0xff, 0xff,
0xff, 0x00, 0xff, 0xff, 0xff, 0x00, 0xff, 0xff, 0xff, 0x00, 0xff, 0xff, 0xff, 0x00, 0xff,
0xff, 0xff, 0x00, 0xff, 0xff, 0xff, 0x00, 0xff, 0xff, 0xff, 0x00, 0xff, 0xff, 0xff, 0x00,
0xff, 0xff, 0xff, 0x00, 0xff, 0xff, 0xff, 0x00, 0xff, 0xff, 0xff, 0x00, 0xff, 0xff, 0xff,
0x00, 0xff, 0xff, 0xff, 0x00, 0xff, 0xff, 0xff, 0x00, 0xff, 0xff, 0xff, 0x00, 0xff, 0xff,
0xff, 0x00, 0xff, 0xff, 0xff, 0x00, 0xff, 0xff, 0xff, 0x00, 0xff, 0xff, 0xff, 0x00, 0xff,
0xff, 0xff, 0x00, 0xff, 0xff, 0xff, 0x00, 0xff, 0xff, 0xff, 0x00, 0xff, 0xff, 0xff, 0x00,
0xff, 0xff, 0xff, 0x00, 0xff, 0xff, 0xff, 0x00, 0xff, 0xff, 0xff, 0x00, 0xff, 0xff, 0xff,
0x00, 0xff, 0xff, 0xff, 0x00, 0xff, 0xff, 0xff, 0x00, 0xff, 0xff, 0xff, 0x00, 0xff, 0xff,
0xff, 0x00, 0xff, 0xff, 0xff, 0x00, 0xff, 0xff, 0xff, 0x00, 0xff, 0xff, 0xff, 0x00, 0xff,
0xff, 0xff, 0x00, 0xff, 0xff, 0xff, 0x00, 0xff, 0xff, 0xff, 0x00, 0xff, 0xff, 0xff, 0x00,
0xff, 0xff, 0xff, 0x00, 0xff, 0xff, 0xff, 0x00, 0xff, 0xff, 0xff, 0x00, 0xff, 0xff, 0xff,
0x00, 0xff, 0xff, 0xff, 0x00, 0xff, 0xff, 0xff, 0x00, 0xff, 0xff, 0xff, 0x00, 0xff, 0xff,
0xff, 0x00, 0xff, 0xff, 0xff, 0x00, 0xff, 0xff, 0xff, 0x00, 0xff, 0xff, 0xff, 0x00, 0xff,
0xff, 0xff, 0x00, 0xff, 0xff, 0xff, 0x00, 0xff, 0xff, 0xff, 0x00, 0xff, 0xff, 0xff, 0x00,
0xff, 0xff, 0xff, 0x00, 0xff, 0xff, 0xff, 0x00, 0xff, 0xff, 0xff, 0x00, 0xff, 0xff, 0xff,
0x00, 0xff, 0xff, 0xff, 0x00, 0xff, 0xff, 0xff, 0x00, 0xff, 0xff, 0xff, 0x00, 0xff, 0xff,
0xff, 0x00, 0xff, 0xff, 0xff, 0x00, 0xff, 0xff, 0xff, 0x00, 0xff, 0xff, 0xff, 0x00, 0xff,
0xff, 0xff, 0x00, 0xff, 0xff, 0xff, 0x00, 0xff, 0xff, 0xff, 0x00, 0xff, 0xff, 0xff, 0x00,
0xff, 0xff, 0xff, 0x00, 0xff, 0xff, 0xff, 0x00, 0xff, 0xff, 0xff, 0x00, 0xff, 0xff, 0xff,
0x00, 0xff, 0xff, 0xff, 0x00, 0xff, 0xff, 0xff, 0x00, 0xff, 0xff, 0xff, 0x00, 0xff, 0xff,
0xff, 0x00, 0xff, 0xff, 0xff, 0x00, 0xff, 0xff, 0xff, 0x00, 0xff, 0xff, 0xff, 0x00, 0xff,
0xff, 0xff, 0x00, 0xff, 0xff, 0xff, 0x00, 0xff, 0xff, 0xff, 0x00, 0xff, 0xff, 0xff, 0x00,
0xff, 0xff, 0xff, 0x00, 0xff, 0xff, 0xff, 0x00, 0xff, 0xff, 0xff, 0x00, 0xff, 0xff, 0xff,
0x00, 0xff, 0xff, 0xff, 0x00, 0xff, 0xff, 0xff, 0x00, 0xff, 0xff, 0xff, 0x00, 0xff, 0xff,
0xff, 0x00, 0xff, 0xff, 0xff, 0x00, 0xff, 0xff, 0xff, 0x00, 0xff, 0xff, 0xff, 0x00, 0xff,
0xff, 0xff, 0x00, 0xff, 0xff, 0xff, 0x00, 0xff, 0xff, 0xff, 0x00, 0xff, 0xff, 0xff, 0x00,
0xff, 0xff, 0xff, 0x00, 0xff, 0xff, 0xff, 0x00, 0xff, 0xff, 0xff, 0x00, 0xff, 0xff, 0xff,
0x00, 0xff, 0xff, 0xff, 0x00, 0xff, 0xff, 0xff, 0x00, 0xff, 0xff, 0xff, 0x00, 0xff, 0xff,
0xff, 0x00, 0xff, 0xff, 0xff, 0x00, 0xff, 0xff, 0xff, 0x00, 0xff, 0xff, 0xff, 0x00, 0xff,
0xff, 0xff, 0x00, 0xff, 0xff, 0xff, 0x00, 0xff, 0xff, 0xff, 0x00, 0xff, 0xff, 0xff, 0x00,
0xff, 0xff, 0xff, 0x00, 0xff, 0xff, 0xff, 0x00, 0xff, 0xff, 0xff, 0x00, 0xff, 0xff, 0xff,
0x00, 0xff, 0xff, 0xff, 0x00, 0xff, 0xff, 0xff, 0x00, 0xff, 0xff, 0xff, 0x00, 0xff, 0xff,
0xff, 0x00, 0xff, 0xff, 0xff, 0x00, 0xff, 0xff, 0xff, 0x00, 0xff, 0xff, 0xff, 0x00, 0xff,
0xff, 0xff, 0x00, 0xff, 0xff, 0xff, 0x00, 0xff, 0xff, 0xff, 0x00, 0xff, 0xff, 0xff, 0x00,
0xff, 0xff, 0xff, 0x00, 0xff, 0xff, 0xff, 0x00, 0xff, 0xff, 0xff, 0x00, 0xff, 0xff, 0xff,
0x00
};

const int buttom_argb8888_length = 65536;

#endif    // BUTTOM_ARGB8888__
